fecha,aporte_energia_kwh
2001-12-16,6791400.0
2001-12-17,5795400.0
2001-12-18,4412000.0
2001-12-19,3585700.0
2001-12-20,5281500.0
2001-12-21,7446300.0
2001-12-22,4396600.0
2001-12-23,4346900.0
2001-12-24,4042600.0
2001-12-25,3530600.0
2001-12-26,3414300.0
2001-12-27,3011000.0
2001-12-28,2930200.0
2001-12-29,2528500.0
2001-12-30,2298600.0
2001-12-31,2235500.0
2002-01-01,2189900.0
2002-01-02,1945600.0
2002-01-03,1759100.0
2002-01-04,1687700.0
2002-01-05,1620200.0
2002-01-06,1505400.0
2002-01-07,1366600.0
2002-01-08,1681200.0
2002-01-09,1974300.0
2002-01-10,1872000.0
2002-01-11,1453200.0
2002-01-12,1363400.0
2002-01-13,1295900.0
2002-01-14,2084200.0
2002-01-15,1742200.0
2002-01-16,1492800.0
2002-01-17,1599100.0
2002-01-18,1224100.0
2002-01-19,1502800.0
2002-01-20,884400.0
2002-01-21,1100300.0
2002-01-22,1103000.0
2002-01-23,1503200.0
2002-01-24,1071600.0
2002-01-25,993100.0
2002-01-26,1098000.0
2002-01-27,1112300.0
2002-01-28,905400.0
2002-01-29,992300.0
2002-01-30,918800.0
2002-01-31,798100.0
2002-02-01,1005600.0
2002-02-02,884100.0
2002-02-03,1006400.0
2002-02-04,1393200.0
2002-02-05,1282400.0
2002-02-06,1199500.0
2002-02-07,1589900.0
2002-02-08,1260500.0
2002-02-09,1271800.0
2002-02-10,1269000.0
2002-02-11,1191500.0
2002-02-12,1032900.0
2002-02-13,913800.0
2002-02-14,882500.0
2002-02-15,785200.0
2002-02-16,935100.0
2002-02-17,629900.0
2002-02-18,539700.0
2002-02-19,806800.0
2002-02-20,646200.0
2002-02-21,634300.0
2002-02-22,704100.0
2002-02-23,726400.0
2002-02-24,579000.0
2002-02-25,632000.0
2002-02-26,561400.0
2002-02-27,685800.0
2002-02-28,613500.0
2002-03-01,660600.0
2002-03-02,545600.0
2002-03-03,633400.0
2002-03-04,541900.0
2002-03-05,593500.0
2002-03-06,530000.0
2002-03-07,542400.0
2002-03-08,514400.0
2002-03-09,521000.0
2002-03-10,519000.0
2002-03-11,531100.0
2002-03-12,598200.0
2002-03-13,536200.0
2002-03-14,595800.0
2002-03-15,537800.0
2002-03-16,563700.0
2002-03-17,599400.0
2002-03-18,802900.0
2002-03-19,623500.0
2002-03-20,766800.0
2002-03-21,1123300.0
2002-03-22,1653500.0
2002-03-23,1967100.0
2002-03-24,1290700.0
2002-03-25,966500.0
2002-03-26,850400.0
2002-03-27,941900.0
2002-03-28,947600.0
2002-03-29,3470800.0
2002-03-30,2321300.0
2002-03-31,1625700.0
2002-04-01,1431400.0
2002-04-02,1928200.0
2002-04-03,1836300.0
2002-04-04,1407900.0
2002-04-05,2816600.0
2002-04-06,4272100.0
2002-04-07,7309200.0
2002-04-08,7224900.0
2002-04-09,4910700.0
2002-04-10,3950800.0
2002-04-11,3703700.0
2002-04-12,3145600.0
2002-04-13,2921800.0
2002-04-14,2769800.0
2002-04-15,2246000.0
2002-04-16,2107200.0
2002-04-17,1805400.0
2002-04-18,5419500.0
2002-04-19,3283200.0
2002-04-20,3690900.0
2002-04-21,6966400.0
2002-04-22,4290200.0
2002-04-23,10069900.0
2002-04-24,5599500.0
2002-04-25,7465300.0
2002-04-26,7050700.0
2002-04-27,6122400.0
2002-04-28,4914900.0
2002-04-29,3974300.0
2002-04-30,3761800.0
2002-05-01,3767700.0
2002-05-02,3054100.0
2002-05-03,4994800.0
2002-05-04,5409800.0
2002-05-05,3509800.0
2002-05-06,2371600.0
2002-05-07,2439600.0
2002-05-08,3023100.0
2002-05-09,3700100.0
2002-05-10,8065900.0
2002-05-11,5861400.0
2002-05-12,4122400.0
2002-05-13,3168100.0
2002-05-14,3760700.0
2002-05-15,3160600.0
2002-05-16,3701400.0
2002-05-17,2840800.0
2002-05-18,3901700.0
2002-05-19,4827800.0
2002-05-20,4408400.0
2002-05-21,6175700.0
2002-05-22,5826700.0
2002-05-23,5078900.0
2002-05-24,10929900.0
2002-05-25,7396200.0
2002-05-26,5522300.0
2002-05-27,4381600.0
2002-05-28,3797600.0
2002-05-29,3282300.0
2002-05-30,3536500.0
2002-05-31,2942300.0
2002-06-01,4475800.0
2002-06-02,6980000.0
2002-06-03,4664000.0
2002-06-04,3440800.0
2002-06-05,4041800.0
2002-06-06,5099100.0
2002-06-07,6425300.0
2002-06-08,6300900.0
2002-06-09,10570500.0
2002-06-10,5800000.0
2002-06-11,4921400.0
2002-06-12,4972100.0
2002-06-13,5441600.0
2002-06-14,5751600.0
2002-06-15,5311600.0
2002-06-16,4514400.0
2002-06-17,7499300.0
2002-06-18,6471600.0
2002-06-19,4498000.0
2002-06-20,4855000.0
2002-06-21,4957500.0
2002-06-22,4679100.0
2002-06-23,5674400.0
2002-06-24,6380100.0
2002-06-25,7713800.0
2002-06-26,6880700.0
2002-06-27,7615200.0
2002-06-28,6733400.0
2002-06-29,5518500.0
2002-06-30,4984800.0
2002-07-01,4603000.0
2002-07-02,4325500.0
2002-07-03,9104000.0
2002-07-04,5155100.0
2002-07-05,5102600.0
2002-07-06,4846500.0
2002-07-07,4021200.0
2002-07-08,3190700.0
2002-07-09,3279900.0
2002-07-10,6692600.0
2002-07-11,5202400.0
2002-07-12,5142600.0
2002-07-13,4309100.0
2002-07-14,8255200.0
2002-07-15,6695300.0
2002-07-16,5803100.0
2002-07-17,5877300.0
2002-07-18,7169200.0
2002-07-19,5173700.0
2002-07-20,6224400.0
2002-07-21,5740200.0
2002-07-22,5306700.0
2002-07-23,4176000.0
2002-07-24,4079000.0
2002-07-25,4151900.0
2002-07-26,5049900.0
2002-07-27,4433300.0
2002-07-28,3915100.0
2002-07-29,3636400.0
2002-07-30,4348600.0
2002-07-31,7046000.0
2002-08-01,4123200.0
2002-08-02,3689300.0
2002-08-03,4404400.0
2002-08-04,5849400.0
2002-08-05,6093600.0
2002-08-06,4237600.0
2002-08-07,4225700.0
2002-08-08,3391500.0
2002-08-09,5811700.0
2002-08-10,3697800.0
2002-08-11,3782800.0
2002-08-12,4058400.0
2002-08-13,3890300.0
2002-08-14,4398400.0
2002-08-15,4187900.0
2002-08-16,4053600.0
2002-08-17,3405700.0
2002-08-18,3418800.0
2002-08-19,3293300.0
2002-08-20,2844400.0
2002-08-21,2795700.0
2002-08-22,3115200.0
2002-08-23,2837200.0
2002-08-24,2967400.0
2002-08-25,2458900.0
2002-08-26,2385600.0
2002-08-27,2469500.0
2002-08-28,2528300.0
2002-08-29,5293400.0
2002-08-30,3830000.0
2002-08-31,4061200.0
2002-09-01,3232100.0
2002-09-02,3247300.0
2002-09-03,2975700.0
2002-09-04,3586900.0
2002-09-05,3112300.0
2002-09-06,3553000.0
2002-09-07,3066400.0
2002-09-08,3283800.0
2002-09-09,3034300.0
2002-09-10,4381500.0
2002-09-11,2600800.0
2002-09-12,3060200.0
2002-09-13,2260000.0
2002-09-14,2482900.0
2002-09-15,3288400.0
2002-09-16,3432500.0
2002-09-17,5137000.0
2002-09-18,5523300.0
2002-09-19,4641200.0
2002-09-20,4908200.0
2002-09-21,9812100.0
2002-09-22,5732400.0
2002-09-23,5382100.0
2002-09-24,4892200.0
2002-09-25,3803900.0
2002-09-26,4123400.0
2002-09-27,3831700.0
2002-09-28,5680000.0
2002-09-29,3687700.0
2002-09-30,3575300.0
2002-10-01,4122800.0
2002-10-02,3503400.0
2002-10-03,3596000.0
2002-10-04,2996400.0
2002-10-05,2665800.0
2002-10-06,4097800.0
2002-10-07,4734500.0
2002-10-08,3969700.0
2002-10-09,3140900.0
2002-10-10,4331200.0
2002-10-11,8786700.0
2002-10-12,4982800.0
2002-10-13,5509200.0
2002-10-14,4589500.0
2002-10-15,3922800.0
2002-10-16,4390700.0
2002-10-17,4278300.0
2002-10-18,4041400.0
2002-10-19,3160400.0
2002-10-20,3308600.0
2002-10-21,2475700.0
2002-10-22,3681200.0
2002-10-23,3388500.0
2002-10-24,3396900.0
2002-10-25,3875800.0
2002-10-26,4337700.0
2002-10-27,4543000.0
2002-10-28,4683000.0
2002-10-29,3548600.0
2002-10-30,3945400.0
2002-10-31,3317100.0
2002-11-01,3512500.0
2002-11-02,3505500.0
2002-11-03,4463600.0
2002-11-04,6433800.0
2002-11-05,4365300.0
2002-11-06,3681500.0
2002-11-07,3556700.0
2002-11-08,4446900.0
2002-11-09,3688900.0
2002-11-10,2989400.0
2002-11-11,3067500.0
2002-11-12,3091700.0
2002-11-13,2997400.0
2002-11-14,3010400.0
2002-11-15,5485300.0
2002-11-16,3627800.0
2002-11-17,3720500.0
2002-11-18,3129300.0
2002-11-19,4558300.0
2002-11-20,3189500.0
2002-11-21,3204000.0
2002-11-22,4017200.0
2002-11-23,4192400.0
2002-11-24,3543900.0
2002-11-25,2951400.0
2002-11-26,2665100.0
2002-11-27,2444100.0
2002-11-28,2109900.0
2002-11-29,2546200.0
2002-11-30,2338500.0
2002-12-01,2456400.0
2002-12-02,2135700.0
2002-12-03,1874900.0
2002-12-04,2083500.0
2002-12-05,2480500.0
2002-12-06,2309700.0
2002-12-07,2229000.0
2002-12-08,1946900.0
2002-12-09,2035600.0
2002-12-10,1989700.0
2002-12-11,2230200.0
2002-12-12,1776000.0
2002-12-13,1635800.0
2002-12-14,2050500.0
2002-12-15,2995200.0
2002-12-16,3499300.0
2002-12-17,4554600.0
2002-12-18,4011000.0
2002-12-19,2986600.0
2002-12-20,2677500.0
2002-12-21,2697900.0
2002-12-22,2298300.0
2002-12-23,2047600.0
2002-12-24,1853600.0
2002-12-25,1860000.0
2002-12-26,1787900.0
2002-12-27,1725100.0
2002-12-28,1594200.0
2002-12-29,1669600.0
2002-12-30,1620600.0
2002-12-31,1417600.0
2003-01-01,2393000.0
2003-01-02,1859900.0
2003-01-03,1551200.0
2003-01-04,1394500.0
2003-01-05,1299900.0
2003-01-06,1357500.0
2003-01-07,1330300.0
2003-01-08,1351700.0
2003-01-09,1619900.0
2003-01-10,1366000.0
2003-01-11,1528200.0
2003-01-12,1261800.0
2003-01-13,1186800.0
2003-01-14,1034800.0
2003-01-15,976400.0
2003-01-16,922700.0
2003-01-17,925500.0
2003-01-18,978500.0
2003-01-19,875000.0
2003-01-20,764900.0
2003-01-21,964500.0
2003-01-22,878700.0
2003-01-23,898700.0
2003-01-24,765400.0
2003-01-25,827500.0
2003-01-26,750700.0
2003-01-27,793000.0
2003-01-28,807300.0
2003-01-29,680000.0
2003-01-30,686900.0
2003-01-31,719500.0
2003-02-01,683200.0
2003-02-02,685400.0
2003-02-03,614500.0
2003-02-04,508000.0
2003-02-05,560800.0
2003-02-06,619600.0
2003-02-07,473800.0
2003-02-08,992000.0
2003-02-09,662900.0
2003-02-10,741700.0
2003-02-11,1027300.0
2003-02-12,1298600.0
2003-02-13,842000.0
2003-02-14,764300.0
2003-02-15,756600.0
2003-02-16,767100.0
2003-02-17,699300.0
2003-02-18,697800.0
2003-02-19,624800.0
2003-02-20,602200.0
2003-02-21,600600.0
2003-02-22,539000.0
2003-02-23,609300.0
2003-02-24,462400.0
2003-02-25,607500.0
2003-02-26,535800.0
2003-02-27,512400.0
2003-02-28,524500.0
2003-03-01,503000.0
2003-03-02,415600.0
2003-03-03,425800.0
2003-03-04,422800.0
2003-03-05,429800.0
2003-03-06,359200.0
2003-03-07,490000.0
2003-03-08,464900.0
2003-03-09,459700.0
2003-03-10,432000.0
2003-03-11,836000.0
2003-03-12,345800.0
2003-03-13,427300.0
2003-03-14,468100.0
2003-03-15,1108700.0
2003-03-16,927000.0
2003-03-17,792400.0
2003-03-18,389100.0
2003-03-19,586900.0
2003-03-20,1047200.0
2003-03-21,408000.0
2003-03-22,488800.0
2003-03-23,617000.0
2003-03-24,465200.0
2003-03-25,417400.0
2003-03-26,467900.0
2003-03-27,419900.0
2003-03-28,413100.0
2003-03-29,425000.0
2003-03-30,453700.0
2003-03-31,1020600.0
2003-04-01,644400.0
2003-04-02,569900.0
2003-04-03,409000.0
2003-04-04,1007400.0
2003-04-05,633300.0
2003-04-06,515400.0
2003-04-07,460700.0
2003-04-08,736200.0
2003-04-09,541400.0
2003-04-10,833500.0
2003-04-11,1300500.0
2003-04-12,1091100.0
2003-04-13,2004000.0
2003-04-14,1555200.0
2003-04-15,2326400.0
2003-04-16,2213000.0
2003-04-17,1447300.0
2003-04-18,1546500.0
2003-04-19,3978600.0
2003-04-20,2624300.0
2003-04-21,7210200.0
2003-04-22,3483900.0
2003-04-23,3935200.0
2003-04-24,3422900.0
2003-04-25,3734200.0
2003-04-26,4184600.0
2003-04-27,4814000.0
2003-04-28,6417300.0
2003-04-29,4649000.0
2003-04-30,4361800.0
2003-05-01,4510200.0
2003-05-02,3386900.0
2003-05-03,4204700.0
2003-05-04,5181000.0
2003-05-05,3976300.0
2003-05-06,4645200.0
2003-05-07,4749800.0
2003-05-08,6174500.0
2003-05-09,5305500.0
2003-05-10,7353000.0
2003-05-11,8866400.0
2003-05-12,7099100.0
2003-05-13,5735800.0
2003-05-14,4574200.0
2003-05-15,4943800.0
2003-05-16,5048300.0
2003-05-17,4600000.0
2003-05-18,5519200.0
2003-05-19,5114300.0
2003-05-20,4506100.0
2003-05-21,4292600.0
2003-05-22,8582300.0
2003-05-23,4917700.0
2003-05-24,3796200.0
2003-05-25,7257500.0
2003-05-26,5011800.0
2003-05-27,5186800.0
2003-05-28,4423100.0
2003-05-29,4216300.0
2003-05-30,4505100.0
2003-05-31,4964100.0
2003-06-01,4676700.0
2003-06-02,4279800.0
2003-06-03,5412300.0
2003-06-04,4581400.0
2003-06-05,3872600.0
2003-06-06,3857600.0
2003-06-07,4410700.0
2003-06-08,3543500.0
2003-06-09,5414300.0
2003-06-10,3838700.0
2003-06-11,4789400.0
2003-06-12,4001800.0
2003-06-13,4068900.0
2003-06-14,4485400.0
2003-06-15,7119000.0
2003-06-16,6094900.0
2003-06-17,6245700.0
2003-06-18,5885000.0
2003-06-19,4380700.0
2003-06-20,3868200.0
2003-06-21,3618800.0
2003-06-22,5268900.0
2003-06-23,6403100.0
2003-06-24,5336600.0
2003-06-25,5499400.0
2003-06-26,6080500.0
2003-06-27,5253000.0
2003-06-28,4979600.0
2003-06-29,5022400.0
2003-06-30,4261500.0
2003-07-01,5373500.0
2003-07-02,4714500.0
2003-07-03,6177600.0
2003-07-04,3828500.0
2003-07-05,3543600.0
2003-07-06,3396800.0
2003-07-07,3837000.0
2003-07-08,4589300.0
2003-07-09,4953300.0
2003-07-10,6389000.0
2003-07-11,6336600.0
2003-07-12,7049800.0
2003-07-13,6867000.0
2003-07-14,6065900.0
2003-07-15,6691300.0
2003-07-16,5867600.0
2003-07-17,10678500.0
2003-07-18,5750800.0
2003-07-19,6744200.0
2003-07-20,5662800.0
2003-07-21,4881400.0
2003-07-22,5324900.0
2003-07-23,5227700.0
2003-07-24,5835900.0
2003-07-25,5896200.0
2003-07-26,5594500.0
2003-07-27,19401600.0
2003-07-28,8751300.0
2003-07-29,6224800.0
2003-07-30,6305900.0
2003-07-31,7806200.0
2003-08-01,6125500.0
2003-08-02,5189500.0
2003-08-03,4882600.0
2003-08-04,4159400.0
2003-08-05,4034400.0
2003-08-06,4990900.0
2003-08-07,3695200.0
2003-08-08,3981800.0
2003-08-09,3869700.0
2003-08-10,3427100.0
2003-08-11,3199000.0
2003-08-12,2756200.0
2003-08-13,3029000.0
2003-08-14,3347600.0
2003-08-15,2809900.0
2003-08-16,2676700.0
2003-08-17,3672300.0
2003-08-18,3391500.0
2003-08-19,2977400.0
2003-08-20,4230200.0
2003-08-21,3436600.0
2003-08-22,5636300.0
2003-08-23,4533700.0
2003-08-24,4726300.0
2003-08-25,4171000.0
2003-08-26,4619400.0
2003-08-27,4719800.0
2003-08-28,4314700.0
2003-08-29,4729400.0
2003-08-30,3851500.0
2003-08-31,4177000.0
2003-09-01,3549900.0
2003-09-02,3297800.0
2003-09-03,3779200.0
2003-09-04,4026700.0
2003-09-05,3944600.0
2003-09-06,3913800.0
2003-09-07,3205200.0
2003-09-08,3142400.0
2003-09-09,3598500.0
2003-09-10,4933100.0
2003-09-11,5329400.0
2003-09-12,4057400.0
2003-09-13,4054800.0
2003-09-14,6569900.0
2003-09-15,5535000.0
2003-09-16,11943300.0
2003-09-17,7193400.0
2003-09-18,8159600.0
2003-09-19,6694100.0
2003-09-20,6852000.0
2003-09-21,5967600.0
2003-09-22,6254500.0
2003-09-23,10976000.0
2003-09-24,8768700.0
2003-09-25,6571900.0
2003-09-26,5954000.0
2003-09-27,5163100.0
2003-09-28,5516600.0
2003-09-29,4331600.0
2003-09-30,4864900.0
2003-10-01,5744300.0
2003-10-02,8305300.0
2003-10-03,9061700.0
2003-10-04,7895100.0
2003-10-05,6473400.0
2003-10-06,6128200.0
2003-10-07,5498300.0
2003-10-08,4759400.0
2003-10-09,5265500.0
2003-10-10,3888000.0
2003-10-11,3625700.0
2003-10-12,5334000.0
2003-10-13,3941200.0
2003-10-14,3980300.0
2003-10-15,4706100.0
2003-10-16,3973700.0
2003-10-17,3697500.0
2003-10-18,4998100.0
2003-10-19,3772800.0
2003-10-20,4096100.0
2003-10-21,5176200.0
2003-10-22,4024000.0
2003-10-23,3547100.0
2003-10-24,5581000.0
2003-10-25,5801800.0
2003-10-26,4834500.0
2003-10-27,4593700.0
2003-10-28,4200100.0
2003-10-29,3870100.0
2003-10-30,3543700.0
2003-10-31,4785400.0
2003-11-01,4388700.0
2003-11-02,3792400.0
2003-11-03,3885500.0
2003-11-04,2960400.0
2003-11-05,2844500.0
2003-11-06,4787700.0
2003-11-07,3686900.0
2003-11-08,3601900.0
2003-11-09,5053900.0
2003-11-10,5062600.0
2003-11-11,4360200.0
2003-11-12,4101200.0
2003-11-13,4270800.0
2003-11-14,8689100.0
2003-11-15,6210500.0
2003-11-16,7229000.0
2003-11-17,5890800.0
2003-11-18,6158600.0
2003-11-19,5161400.0
2003-11-20,5343000.0
2003-11-21,4429500.0
2003-11-22,5803700.0
2003-11-23,5974200.0
2003-11-24,6332100.0
2003-11-25,5826500.0
2003-11-26,4585500.0
2003-11-27,3977000.0
2003-11-28,3621600.0
2003-11-29,3787000.0
2003-11-30,3649800.0
2003-12-01,7165400.0
2003-12-02,7189800.0
2003-12-03,10636900.0
2003-12-04,7339400.0
2003-12-05,5075400.0
2003-12-06,4310300.0
2003-12-07,4711500.0
2003-12-08,4474600.0
2003-12-09,3774700.0
2003-12-10,3251200.0
2003-12-11,3219100.0
2003-12-12,2952400.0
2003-12-13,2928500.0
2003-12-14,3699600.0
2003-12-15,4735600.0
2003-12-16,3387000.0
2003-12-17,2984800.0
2003-12-18,3111400.0
2003-12-19,3456300.0
2003-12-20,5026800.0
2003-12-21,3994600.0
2003-12-22,3689400.0
2003-12-23,2953900.0
2003-12-24,2704900.0
2003-12-25,2447300.0
2003-12-26,2617300.0
2003-12-27,2326900.0
2003-12-28,2185300.0
2003-12-29,2136700.0
2003-12-30,2122900.0
2003-12-31,1905600.0
2004-01-01,1694100.0
2004-01-02,1466200.0
2004-01-03,1467400.0
2004-01-04,1552600.0
2004-01-05,1273600.0
2004-01-06,1376000.0
2004-01-07,1384600.0
2004-01-08,1898000.0
2004-01-09,1811300.0
2004-01-10,1637300.0
2004-01-11,1732200.0
2004-01-12,1895200.0
2004-01-13,1547700.0
2004-01-14,1458400.0
2004-01-15,1518300.0
2004-01-16,1426400.0
2004-01-17,1262100.0
2004-01-18,1175500.0
2004-01-19,1195900.0
2004-01-20,1205500.0
2004-01-21,1116900.0
2004-01-22,1057200.0
2004-01-23,1202600.0
2004-01-24,1290700.0
2004-01-25,1205800.0
2004-01-26,938700.0
2004-01-27,1038800.0
2004-01-28,760400.0
2004-01-29,408100.0
2004-01-30,515500.0
2004-01-31,777900.0
2004-02-01,779600.0
2004-02-02,778800.0
2004-02-03,681600.0
2004-02-04,359200.0
2004-02-05,363500.0
2004-02-06,689100.0
2004-02-07,588900.0
2004-02-08,515000.0
2004-02-09,630300.0
2004-02-10,575200.0
2004-02-11,597500.0
2004-02-12,580000.0
2004-02-13,645000.0
2004-02-14,535200.0
2004-02-15,559700.0
2004-02-16,550300.0
2004-02-17,638300.0
2004-02-18,462000.0
2004-02-19,544200.0
2004-02-20,556600.0
2004-02-21,553200.0
2004-02-22,629400.0
2004-02-23,1542800.0
2004-02-24,1037300.0
2004-02-25,643400.0
2004-02-26,632700.0
2004-02-27,516600.0
2004-02-28,509600.0
2004-02-29,698900.0
2004-03-01,828800.0
2004-03-02,1901200.0
2004-03-03,955700.0
2004-03-04,518000.0
2004-03-05,1770900.0
2004-03-06,1588900.0
2004-03-07,1061800.0
2004-03-08,845300.0
2004-03-09,781600.0
2004-03-10,653100.0
2004-03-11,896000.0
2004-03-12,1010200.0
2004-03-13,757800.0
2004-03-14,709100.0
2004-03-15,817100.0
2004-03-16,953600.0
2004-03-17,659900.0
2004-03-18,1030400.0
2004-03-19,983000.0
2004-03-20,812600.0
2004-03-21,651700.0
2004-03-22,718100.0
2004-03-23,601400.0
2004-03-24,635700.0
2004-03-25,698900.0
2004-03-26,827900.0
2004-03-27,706600.0
2004-03-28,646400.0
2004-03-29,589200.0
2004-03-30,586000.0
2004-03-31,480300.0
2004-04-01,568300.0
2004-04-02,751100.0
2004-04-03,928400.0
2004-04-04,2442000.0
2004-04-05,1305500.0
2004-04-06,1095500.0
2004-04-07,957700.0
2004-04-08,1046400.0
2004-04-09,897500.0
2004-04-10,2434400.0
2004-04-11,1432700.0
2004-04-12,1249800.0
2004-04-13,1193800.0
2004-04-14,2050800.0
2004-04-15,1733300.0
2004-04-16,1436500.0
2004-04-17,1738900.0
2004-04-18,2129500.0
2004-04-19,1848900.0
2004-04-20,8767600.0
2004-04-21,3742700.0
2004-04-22,3410600.0
2004-04-23,3785900.0
2004-04-24,2794900.0
2004-04-25,3843000.0
2004-04-26,4213100.0
2004-04-27,4193300.0
2004-04-28,4513500.0
2004-04-29,3373400.0
2004-04-30,3704900.0
2004-05-01,2934700.0
2004-05-02,2994800.0
2004-05-03,4121400.0
2004-05-04,2564300.0
2004-05-05,2319700.0
2004-05-06,2443700.0
2004-05-07,2647000.0
2004-05-08,2130200.0
2004-05-09,3744400.0
2004-05-10,2898300.0
2004-05-11,3613100.0
2004-05-12,3096000.0
2004-05-13,3270600.0
2004-05-14,2634600.0
2004-05-15,6985900.0
2004-05-16,4080000.0
2004-05-17,3293300.0
2004-05-18,5361900.0
2004-05-19,3777000.0
2004-05-20,3555700.0
2004-05-21,4353300.0
2004-05-22,4811900.0
2004-05-23,3872300.0
2004-05-24,2534500.0
2004-05-25,4082400.0
2004-05-26,8048300.0
2004-05-27,4319000.0
2004-05-28,4640500.0
2004-05-29,4467700.0
2004-05-30,4440800.0
2004-05-31,3750500.0
2004-06-01,6125100.0
2004-06-02,6928600.0
2004-06-03,4564700.0
2004-06-04,5390600.0
2004-06-05,7982400.0
2004-06-06,5362300.0
2004-06-07,4250200.0
2004-06-08,4483900.0
2004-06-09,5227800.0
2004-06-10,4863300.0
2004-06-11,3644600.0
2004-06-12,5840400.0
2004-06-13,4535700.0
2004-06-14,6139400.0
2004-06-15,5273200.0
2004-06-16,6559900.0
2004-06-17,8194100.0
2004-06-18,7159000.0
2004-06-19,6875500.0
2004-06-20,6797700.0
2004-06-21,6020000.0
2004-06-22,4618200.0
2004-06-23,3848600.0
2004-06-24,6617000.0
2004-06-25,5517800.0
2004-06-26,6483900.0
2004-06-27,5093400.0
2004-06-28,6301000.0
2004-06-29,6761300.0
2004-06-30,5734800.0
2004-07-01,4615900.0
2004-07-02,4109100.0
2004-07-03,3207700.0
2004-07-04,3269100.0
2004-07-05,3001300.0
2004-07-06,4105900.0
2004-07-07,3604300.0
2004-07-08,3601400.0
2004-07-09,4258500.0
2004-07-10,4673500.0
2004-07-11,6044200.0
2004-07-12,8432800.0
2004-07-13,4953400.0
2004-07-14,4729200.0
2004-07-15,4273800.0
2004-07-16,3543400.0
2004-07-17,3053900.0
2004-07-18,2786100.0
2004-07-19,3265600.0
2004-07-20,3282400.0
2004-07-21,3574000.0
2004-07-22,6174000.0
2004-07-23,3902300.0
2004-07-24,3949800.0
2004-07-25,3258300.0
2004-07-26,4000900.0
2004-07-27,5929500.0
2004-07-28,4886100.0
2004-07-29,4228600.0
2004-07-30,4320800.0
2004-07-31,3454400.0
2004-08-01,3307100.0
2004-08-02,3347700.0
2004-08-03,3462900.0
2004-08-04,3670700.0
2004-08-05,4497100.0
2004-08-06,6466100.0
2004-08-07,4362400.0
2004-08-08,3858000.0
2004-08-09,4788800.0
2004-08-10,4025200.0
2004-08-11,4668100.0
2004-08-12,5649100.0
2004-08-13,4067600.0
2004-08-14,5306800.0
2004-08-15,5587300.0
2004-08-16,4784800.0
2004-08-17,4045700.0
2004-08-18,4540300.0
2004-08-19,3878200.0
2004-08-20,4421000.0
2004-08-21,4267800.0
2004-08-22,6799500.0
2004-08-23,4401300.0
2004-08-24,3994800.0
2004-08-25,4979200.0
2004-08-26,4667100.0
2004-08-27,4552900.0
2004-08-28,5599700.0
2004-08-29,4516100.0
2004-08-30,4179600.0
2004-08-31,6660300.0
2004-09-01,5210400.0
2004-09-02,3699900.0
2004-09-03,3409100.0
2004-09-04,3667100.0
2004-09-05,4085300.0
2004-09-06,3810500.0
2004-09-07,5075400.0
2004-09-08,5468600.0
2004-09-09,4723800.0
2004-09-10,4628700.0
2004-09-11,4669800.0
2004-09-12,3520300.0
2004-09-13,4538300.0
2004-09-14,4185200.0
2004-09-15,3846000.0
2004-09-16,4059700.0
2004-09-17,3280700.0
2004-09-18,3104500.0
2004-09-19,3224700.0
2004-09-20,3750600.0
2004-09-21,3675300.0
2004-09-22,3539500.0
2004-09-23,3013500.0
2004-09-24,3412600.0
2004-09-25,2934900.0
2004-09-26,3334000.0
2004-09-27,3530500.0
2004-09-28,3198400.0
2004-09-29,5402900.0
2004-09-30,4033900.0
2004-10-01,3608800.0
2004-10-02,3004200.0
2004-10-03,2781900.0
2004-10-04,3056600.0
2004-10-05,2777100.0
2004-10-06,3393400.0
2004-10-07,3044800.0
2004-10-08,2805900.0
2004-10-09,3182100.0
2004-10-10,3978500.0
2004-10-11,3447100.0
2004-10-12,3946400.0
2004-10-13,2963600.0
2004-10-14,2873900.0
2004-10-15,2505300.0
2004-10-16,3358300.0
2004-10-17,3847400.0
2004-10-18,3103500.0
2004-10-19,3419900.0
2004-10-20,3531400.0
2004-10-21,5997300.0
2004-10-22,3804900.0
2004-10-23,3205900.0
2004-10-24,2145900.0
2004-10-25,3114300.0
2004-10-26,3511600.0
2004-10-27,3696800.0
2004-10-28,3261700.0
2004-10-29,3734200.0
2004-10-30,4065600.0
2004-10-31,5632500.0
2004-11-01,4961000.0
2004-11-02,5617000.0
2004-11-03,4295600.0
2004-11-04,4231900.0
2004-11-05,8710800.0
2004-11-06,7842700.0
2004-11-07,6314700.0
2004-11-08,6521900.0
2004-11-09,6178700.0
2004-11-10,4820400.0
2004-11-11,4461200.0
2004-11-12,3935600.0
2004-11-13,3299000.0
2004-11-14,3127500.0
2004-11-15,2783000.0
2004-11-16,3227600.0
2004-11-17,3475200.0
2004-11-18,4604800.0
2004-11-19,5247600.0
2004-11-20,4221600.0
2004-11-21,4227200.0
2004-11-22,3212200.0
2004-11-23,3449400.0
2004-11-24,3098900.0
2004-11-25,2931000.0
2004-11-26,2973500.0
2004-11-27,2794300.0
2004-11-28,2364300.0
2004-11-29,2511800.0
2004-11-30,1992400.0
2004-12-01,3400200.0
2004-12-02,2657300.0
2004-12-03,2590300.0
2004-12-04,2316600.0
2004-12-05,2087600.0
2004-12-06,1957100.0
2004-12-07,2079900.0
2004-12-08,3476600.0
2004-12-09,2737100.0
2004-12-10,2575400.0
2004-12-11,5619000.0
2004-12-12,4476800.0
2004-12-13,3986400.0
2004-12-14,3383800.0
2004-12-15,3214900.0
2004-12-16,3660200.0
2004-12-17,2813900.0
2004-12-18,2832300.0
2004-12-19,2524600.0
2004-12-20,2324700.0
2004-12-21,2184900.0
2004-12-22,2013700.0
2004-12-23,1836100.0
2004-12-24,1837600.0
2004-12-25,2268100.0
2004-12-26,1917500.0
2004-12-27,2191000.0
2004-12-28,1945800.0
2004-12-29,1842900.0
2004-12-30,1811700.0
2004-12-31,1813900.0
2005-01-01,1647900.0
2005-01-02,1497900.0
2005-01-03,1496500.0
2005-01-04,1232900.0
2005-01-05,1493600.0
2005-01-06,1385600.0
2005-01-07,1294400.0
2005-01-08,1297200.0
2005-01-09,1205400.0
2005-01-10,1471500.0
2005-01-11,1993400.0
2005-01-12,1732400.0
2005-01-13,1668200.0
2005-01-14,1842200.0
2005-01-15,2015200.0
2005-01-16,1662500.0
2005-01-17,3318600.0
2005-01-18,2201000.0
2005-01-19,2080700.0
2005-01-20,2476800.0
2005-01-21,2124000.0
2005-01-22,1647400.0
2005-01-23,1188800.0
2005-01-24,2633500.0
2005-01-25,3162900.0
2005-01-26,4671600.0
2005-01-27,2504100.0
2005-01-28,1961400.0
2005-01-29,1871800.0
2005-01-30,1678200.0
2005-01-31,1493000.0
2005-02-01,1393400.0
2005-02-02,1396200.0
2005-02-03,1308100.0
2005-02-04,1397200.0
2005-02-05,1835000.0
2005-02-06,2078300.0
2005-02-07,2431800.0
2005-02-08,3044200.0
2005-02-09,3146800.0
2005-02-10,2543400.0
2005-02-11,2983900.0
2005-02-12,4104900.0
2005-02-13,3601100.0
2005-02-14,2215600.0
2005-02-15,1872700.0
2005-02-16,2230300.0
2005-02-17,1320000.0
2005-02-18,1607100.0
2005-02-19,748500.0
2005-02-20,1521800.0
2005-02-21,1201900.0
2005-02-22,1344600.0
2005-02-23,871400.0
2005-02-24,911100.0
2005-02-25,815400.0
2005-02-26,944100.0
2005-02-27,787400.0
2005-02-28,589600.0
2005-03-01,813700.0
2005-03-02,1287100.0
2005-03-03,1218500.0
2005-03-04,999200.0
2005-03-05,1321600.0
2005-03-06,1190700.0
2005-03-07,1326100.0
2005-03-08,1191500.0
2005-03-09,1367500.0
2005-03-10,1616800.0
2005-03-11,1389600.0
2005-03-12,1257700.0
2005-03-13,1075200.0
2005-03-14,912800.0
2005-03-15,768600.0
2005-03-16,560500.0
2005-03-17,929800.0
2005-03-18,666300.0
2005-03-19,1258400.0
2005-03-20,1036400.0
2005-03-21,823000.0
2005-03-22,1069400.0
2005-03-23,412100.0
2005-03-24,914500.0
2005-03-25,1219200.0
2005-03-26,1795400.0
2005-03-27,1675600.0
2005-03-28,1413200.0
2005-03-29,1657600.0
2005-03-30,1584900.0
2005-03-31,1221700.0
2005-04-01,1298100.0
2005-04-02,1914500.0
2005-04-03,3412700.0
2005-04-04,1868300.0
2005-04-05,1957400.0
2005-04-06,3656800.0
2005-04-07,2927100.0
2005-04-08,3631600.0
2005-04-09,2787500.0
2005-04-10,2396900.0
2005-04-11,4923200.0
2005-04-12,3081000.0
2005-04-13,2379700.0
2005-04-14,1665600.0
2005-04-15,3003700.0
2005-04-16,2083500.0
2005-04-17,4178200.0
2005-04-18,2966100.0
2005-04-19,4333800.0
2005-04-20,3858800.0
2005-04-21,3266500.0
2005-04-22,4097800.0
2005-04-23,3690000.0
2005-04-24,2998400.0
2005-04-25,2731600.0
2005-04-26,2250700.0
2005-04-27,2155400.0
2005-04-28,2754800.0
2005-04-29,2078200.0
2005-04-30,2003100.0
2005-05-01,1912300.0
2005-05-02,2419700.0
2005-05-03,2645500.0
2005-05-04,2203200.0
2005-05-05,2739700.0
2005-05-06,6738100.0
2005-05-07,4334000.0
2005-05-08,5261100.0
2005-05-09,3507200.0
2005-05-10,3673400.0
2005-05-11,2947300.0
2005-05-12,3212000.0
2005-05-13,7464300.0
2005-05-14,10461000.0
2005-05-15,5989700.0
2005-05-16,6081100.0
2005-05-17,9522200.0
2005-05-18,6925900.0
2005-05-19,5188800.0
2005-05-20,4009600.0
2005-05-21,3615600.0
2005-05-22,3136300.0
2005-05-23,3404600.0
2005-05-24,2956000.0
2005-05-25,3609700.0
2005-05-26,3817000.0
2005-05-27,4159800.0
2005-05-28,4929400.0
2005-05-29,3128700.0
2005-05-30,3632600.0
2005-05-31,3417700.0
2005-06-01,3325400.0
2005-06-02,7109800.0
2005-06-03,5891700.0
2005-06-04,7961300.0
2005-06-05,6691000.0
2005-06-06,6711300.0
2005-06-07,6426200.0
2005-06-08,5463300.0
2005-06-09,6154300.0
2005-06-10,7263000.0
2005-06-11,5379200.0
2005-06-12,4559100.0
2005-06-13,6105800.0
2005-06-14,5728300.0
2005-06-15,5593000.0
2005-06-16,5127100.0
2005-06-17,5418200.0
2005-06-18,4889700.0
2005-06-19,5197700.0
2005-06-20,4998500.0
2005-06-21,4436200.0
2005-06-22,4165400.0
2005-06-23,4658200.0
2005-06-24,5592800.0
2005-06-25,6734300.0
2005-06-26,5905900.0
2005-06-27,6279200.0
2005-06-28,5730300.0
2005-06-29,5018800.0
2005-06-30,6737300.0
2005-07-01,5172700.0
2005-07-02,4269100.0
2005-07-03,4173900.0
2005-07-04,3328500.0
2005-07-05,3850000.0
2005-07-06,3500000.0
2005-07-07,2879100.0
2005-07-08,3124000.0
2005-07-09,4020500.0
2005-07-10,3421700.0
2005-07-11,4111600.0
2005-07-12,4290400.0
2005-07-13,4288300.0
2005-07-14,3803500.0
2005-07-15,4517700.0
2005-07-16,3993400.0
2005-07-17,3905400.0
2005-07-18,4611800.0
2005-07-19,5468600.0
2005-07-20,5950200.0
2005-07-21,5170300.0
2005-07-22,6711600.0
2005-07-23,10630000.0
2005-07-24,8347100.0
2005-07-25,6712300.0
2005-07-26,4952800.0
2005-07-27,4637000.0
2005-07-28,4179400.0
2005-07-29,3556900.0
2005-07-30,3354500.0
2005-07-31,3297600.0
2005-08-01,3281200.0
2005-08-02,3186000.0
2005-08-03,2604900.0
2005-08-04,3855100.0
2005-08-05,3845400.0
2005-08-06,3126900.0
2005-08-07,2791700.0
2005-08-08,3719800.0
2005-08-09,3112100.0
2005-08-10,2887400.0
2005-08-11,4192300.0
2005-08-12,4016100.0
2005-08-13,4908000.0
2005-08-14,4743100.0
2005-08-15,5515300.0
2005-08-16,6140300.0
2005-08-17,7022100.0
2005-08-18,7439400.0
2005-08-19,5263800.0
2005-08-20,5704500.0
2005-08-21,5126800.0
2005-08-22,4176400.0
2005-08-23,3610500.0
2005-08-24,3755600.0
2005-08-25,3694300.0
2005-08-26,3968400.0
2005-08-27,5662100.0
2005-08-28,7124600.0
2005-08-29,4358900.0
2005-08-30,4681000.0
2005-08-31,5145300.0
2005-09-01,3900400.0
2005-09-02,3387400.0
2005-09-03,3339500.0
2005-09-04,2854900.0
2005-09-05,3191400.0
2005-09-06,2837300.0
2005-09-07,3292200.0
2005-09-08,4903200.0
2005-09-09,4588800.0
2005-09-10,4681200.0
2005-09-11,4628800.0
2005-09-12,5828700.0
2005-09-13,5287000.0
2005-09-14,5633100.0
2005-09-15,6824700.0
2005-09-16,5211300.0
2005-09-17,4903200.0
2005-09-18,4641800.0
2005-09-19,6602100.0
2005-09-20,5106200.0
2005-09-21,5062600.0
2005-09-22,4460300.0
2005-09-23,4505700.0
2005-09-24,5900600.0
2005-09-25,4471600.0
2005-09-26,6496400.0
2005-09-27,4681100.0
2005-09-28,4509400.0
2005-09-29,5709200.0
2005-09-30,5306000.0
2005-10-01,18885600.0
2005-10-02,10882400.0
2005-10-03,10808900.0
2005-10-04,7109500.0
2005-10-05,6095500.0
2005-10-06,6983200.0
2005-10-07,5546600.0
2005-10-08,5233700.0
2005-10-09,4987600.0
2005-10-10,4765800.0
2005-10-11,3847200.0
2005-10-12,3179300.0
2005-10-13,2569800.0
2005-10-14,3758000.0
2005-10-15,4445200.0
2005-10-16,3555400.0
2005-10-17,4142100.0
2005-10-18,4812200.0
2005-10-19,5128200.0
2005-10-20,5709900.0
2005-10-21,4119200.0
2005-10-22,3476200.0
2005-10-23,3373100.0
2005-10-24,3521900.0
2005-10-25,6855700.0
2005-10-26,5611000.0
2005-10-27,4233300.0
2005-10-28,4075000.0
2005-10-29,4470600.0
2005-10-30,4237200.0
2005-10-31,4679500.0
2005-11-01,10309000.0
2005-11-02,6781300.0
2005-11-03,5509700.0
2005-11-04,5364600.0
2005-11-05,5418500.0
2005-11-06,4442400.0
2005-11-07,4241200.0
2005-11-08,4479800.0
2005-11-09,3925600.0
2005-11-10,5391900.0
2005-11-11,8233400.0
2005-11-12,6865200.0
2005-11-13,5381200.0
2005-11-14,5767300.0
2005-11-15,4630100.0
2005-11-16,6314300.0
2005-11-17,5007500.0
2005-11-18,4574900.0
2005-11-19,4097700.0
2005-11-20,3741100.0
2005-11-21,3179800.0
2005-11-22,2829100.0
2005-11-23,2787100.0
2005-11-24,2897600.0
2005-11-25,3544100.0
2005-11-26,3234000.0
2005-11-27,2831900.0
2005-11-28,2284400.0
2005-11-29,2293200.0
2005-11-30,2523000.0
2005-12-01,4051300.0
2005-12-02,3989700.0
2005-12-03,3107200.0
2005-12-04,2697500.0
2005-12-05,2478700.0
2005-12-06,2419300.0
2005-12-07,2623100.0
2005-12-08,2227400.0
2005-12-09,2163900.0
2005-12-10,1610000.0
2005-12-11,1670300.0
2005-12-12,5127400.0
2005-12-13,4378500.0
2005-12-14,4273100.0
2005-12-15,3564000.0
2005-12-16,3018100.0
2005-12-17,2814600.0
2005-12-18,2340300.0
2005-12-19,2292300.0
2005-12-20,2275300.0
2005-12-21,2135800.0
2005-12-22,2111100.0
2005-12-23,1727400.0
2005-12-24,1812800.0
2005-12-25,2693200.0
2005-12-26,2726700.0
2005-12-27,2003200.0
2005-12-28,1823000.0
2005-12-29,1649600.0
2005-12-30,1561300.0
2005-12-31,1476100.0
2006-01-01,1391700.0
2006-01-02,1304800.0
2006-01-03,1311000.0
2006-01-04,1657900.0
2006-01-05,2870300.0
2006-01-06,1909200.0
2006-01-07,1754300.0
2006-01-08,1670100.0
2006-01-09,1492500.0
2006-01-10,1503600.0
2006-01-11,1507000.0
2006-01-12,1301800.0
2006-01-13,1223900.0
2006-01-14,1061700.0
2006-01-15,1294900.0
2006-01-16,1217400.0
2006-01-17,1224100.0
2006-01-18,1205500.0
2006-01-19,1114500.0
2006-01-20,826300.0
2006-01-21,1021200.0
2006-01-22,806600.0
2006-01-23,565000.0
2006-01-24,801300.0
2006-01-25,514400.0
2006-01-26,800700.0
2006-01-27,3654400.0
2006-01-28,2209400.0
2006-01-29,1636300.0
2006-01-30,2018100.0
2006-01-31,1069100.0
2006-02-01,1927900.0
2006-02-02,2306300.0
2006-02-03,2595200.0
2006-02-04,2839000.0
2006-02-05,2754600.0
2006-02-06,1572300.0
2006-02-07,1549000.0
2006-02-08,2774000.0
2006-02-09,2222200.0
2006-02-10,1378900.0
2006-02-11,1145500.0
2006-02-12,1647300.0
2006-02-13,1444500.0
2006-02-14,1244700.0
2006-02-15,1390800.0
2006-02-16,1222400.0
2006-02-17,895600.0
2006-02-18,918900.0
2006-02-19,1122600.0
2006-02-20,758600.0
2006-02-21,764200.0
2006-02-22,994900.0
2006-02-23,961400.0
2006-02-24,830500.0
2006-02-25,919600.0
2006-02-26,869000.0
2006-02-27,1379100.0
2006-02-28,1360300.0
2006-03-01,1354900.0
2006-03-02,926100.0
2006-03-03,599300.0
2006-03-04,783000.0
2006-03-05,861300.0
2006-03-06,1122300.0
2006-03-07,1924500.0
2006-03-08,2370700.0
2006-03-09,2388000.0
2006-03-10,1835500.0
2006-03-11,1454400.0
2006-03-12,1598700.0
2006-03-13,1073300.0
2006-03-14,1085800.0
2006-03-15,1252200.0
2006-03-16,1101500.0
2006-03-17,1465200.0
2006-03-18,2561400.0
2006-03-19,1389000.0
2006-03-20,1301600.0
2006-03-21,1125000.0
2006-03-22,1519100.0
2006-03-23,1679800.0
2006-03-24,4794300.0
2006-03-25,5427200.0
2006-03-26,4517900.0
2006-03-27,4294200.0
2006-03-28,10384100.0
2006-03-29,4352000.0
2006-03-30,3834500.0
2006-03-31,2771500.0
2006-04-01,2832400.0
2006-04-02,2347100.0
2006-04-03,2305200.0
2006-04-04,2231300.0
2006-04-05,2183500.0
2006-04-06,2425600.0
2006-04-07,3201000.0
2006-04-08,3335500.0
2006-04-09,3539100.0
2006-04-10,2206500.0
2006-04-11,2629200.0
2006-04-12,7260500.0
2006-04-13,4404900.0
2006-04-14,3457200.0
2006-04-15,3186700.0
2006-04-16,2890200.0
2006-04-17,2732200.0
2006-04-18,2935000.0
2006-04-19,3014200.0
2006-04-20,3300500.0
2006-04-21,3940700.0
2006-04-22,2829800.0
2006-04-23,4146500.0
2006-04-24,3273500.0
2006-04-25,2827200.0
2006-04-26,2567600.0
2006-04-27,2854000.0
2006-04-28,5116900.0
2006-04-29,4932000.0
2006-04-30,6020200.0
2006-05-01,5998700.0
2006-05-02,10634800.0
2006-05-03,5274000.0
2006-05-04,5577000.0
2006-05-05,5674700.0
2006-05-06,6399600.0
2006-05-07,5549400.0
2006-05-08,5244800.0
2006-05-09,6980300.0
2006-05-10,6014200.0
2006-05-11,5515500.0
2006-05-12,5815100.0
2006-05-13,5569600.0
2006-05-14,5601500.0
2006-05-15,5450400.0
2006-05-16,4477100.0
2006-05-17,4806500.0
2006-05-18,5192000.0
2006-05-19,16447100.0
2006-05-20,8027500.0
2006-05-21,6316500.0
2006-05-22,4657600.0
2006-05-23,4105600.0
2006-05-24,6049700.0
2006-05-25,6296000.0
2006-05-26,5503600.0
2006-05-27,6287000.0
2006-05-28,5472700.0
2006-05-29,6575200.0
2006-05-30,4961000.0
2006-05-31,6489500.0
2006-06-01,5786900.0
2006-06-02,4701200.0
2006-06-03,4170600.0
2006-06-04,5436800.0
2006-06-05,4848800.0
2006-06-06,4069000.0
2006-06-07,4019900.0
2006-06-08,3674200.0
2006-06-09,3126300.0
2006-06-10,4554200.0
2006-06-11,3694200.0
2006-06-12,4293300.0
2006-06-13,6490900.0
2006-06-14,6012100.0
2006-06-15,5186000.0
2006-06-16,5077100.0
2006-06-17,4642000.0
2006-06-18,5894900.0
2006-06-19,4623800.0
2006-06-20,5184500.0
2006-06-21,6237500.0
2006-06-22,4662800.0
2006-06-23,5128500.0
2006-06-24,3781900.0
2006-06-25,3391000.0
2006-06-26,6242700.0
2006-06-27,6132500.0
2006-06-28,6404600.0
2006-06-29,4332600.0
2006-06-30,3730900.0
2006-07-01,3110100.0
2006-07-02,2948800.0
2006-07-03,3796800.0
2006-07-04,4170800.0
2006-07-05,4068200.0
2006-07-06,3660600.0
2006-07-07,3804500.0
2006-07-08,4469900.0
2006-07-09,5503400.0
2006-07-10,5053700.0
2006-07-11,4597600.0
2006-07-12,5013500.0
2006-07-13,6654300.0
2006-07-14,5425800.0
2006-07-15,5374200.0
2006-07-16,5229800.0
2006-07-17,5617500.0
2006-07-18,5564700.0
2006-07-19,7059600.0
2006-07-20,5753500.0
2006-07-21,6613800.0
2006-07-22,7121900.0
2006-07-23,7077600.0
2006-07-24,6876700.0
2006-07-25,6093600.0
2006-07-26,5753900.0
2006-07-27,6183400.0
2006-07-28,5276100.0
2006-07-29,5009300.0
2006-07-30,5497800.0
2006-07-31,3961400.0
2006-08-01,3456200.0
2006-08-02,5249100.0
2006-08-03,3715100.0
2006-08-04,3558600.0
2006-08-05,4219900.0
2006-08-06,3346200.0
2006-08-07,4309300.0
2006-08-08,3061900.0
2006-08-09,3178700.0
2006-08-10,4303800.0
2006-08-11,3225300.0
2006-08-12,2750700.0
2006-08-13,2431600.0
2006-08-14,2951500.0
2006-08-15,2742600.0
2006-08-16,2490700.0
2006-08-17,2675700.0
2006-08-18,2468000.0
2006-08-19,2752600.0
2006-08-20,8009300.0
2006-08-21,8134600.0
2006-08-22,6622200.0
2006-08-23,6411300.0
2006-08-24,4983000.0
2006-08-25,5890700.0
2006-08-26,5728900.0
2006-08-27,4126500.0
2006-08-28,3598900.0
2006-08-29,3319800.0
2006-08-30,5289500.0
2006-08-31,3629400.0
2006-09-01,4113200.0
2006-09-02,3788000.0
2006-09-03,3573300.0
2006-09-04,3078100.0
2006-09-05,2763400.0
2006-09-06,3623200.0
2006-09-07,3515700.0
2006-09-08,6277600.0
2006-09-09,5301800.0
2006-09-10,4440600.0
2006-09-11,4305200.0
2006-09-12,4168500.0
2006-09-13,4359900.0
2006-09-14,4833900.0
2006-09-15,4354900.0
2006-09-16,5721800.0
2006-09-17,6475700.0
2006-09-18,6691100.0
2006-09-19,9159000.0
2006-09-20,6353100.0
2006-09-21,5563500.0
2006-09-22,5348500.0
2006-09-23,4236600.0
2006-09-24,4722100.0
2006-09-25,3478200.0
2006-09-26,3703100.0
2006-09-27,3054700.0
2006-09-28,3964700.0
2006-09-29,4350900.0
2006-09-30,3694900.0
2006-10-01,3377800.0
2006-10-02,3713600.0
2006-10-03,5137900.0
2006-10-04,4463600.0
2006-10-05,8909300.0
2006-10-06,4663800.0
2006-10-07,4259500.0
2006-10-08,4083900.0
2006-10-09,4451600.0
2006-10-10,3277300.0
2006-10-11,4629900.0
2006-10-12,5024200.0
2006-10-13,3308100.0
2006-10-14,3585400.0
2006-10-15,3097300.0
2006-10-16,3059700.0
2006-10-17,2930700.0
2006-10-18,2687200.0
2006-10-19,2604000.0
2006-10-20,2496500.0
2006-10-21,2035000.0
2006-10-22,2435700.0
2006-10-23,1663000.0
2006-10-24,1564900.0
2006-10-25,1276400.0
2006-10-26,2213100.0
2006-10-27,2212100.0
2006-10-28,2328000.0
2006-10-29,2327200.0
2006-10-30,3265100.0
2006-10-31,2795800.0
2006-11-01,2555800.0
2006-11-02,2394900.0
2006-11-03,2581500.0
2006-11-04,2213900.0
2006-11-05,3070300.0
2006-11-06,2347600.0
2006-11-07,2177200.0
2006-11-08,3209400.0
2006-11-09,3243400.0
2006-11-10,3254400.0
2006-11-11,3437600.0
2006-11-12,3935300.0
2006-11-13,4516100.0
2006-11-14,3957800.0
2006-11-15,4562300.0
2006-11-16,3637500.0
2006-11-17,4127800.0
2006-11-18,5097800.0
2006-11-19,3604600.0
2006-11-20,5078200.0
2006-11-21,4262700.0
2006-11-22,4431900.0
2006-11-23,6550800.0
2006-11-24,4413900.0
2006-11-25,4375900.0
2006-11-26,4160600.0
2006-11-27,4284800.0
2006-11-28,4183500.0
2006-11-29,5080300.0
2006-11-30,3952900.0
2006-12-01,3463300.0
2006-12-02,4228300.0
2006-12-03,4360100.0
2006-12-04,3599900.0
2006-12-05,3833600.0
2006-12-06,3452600.0
2006-12-07,4510700.0
2006-12-08,3386700.0
2006-12-09,4262100.0
2006-12-10,4182700.0
2006-12-11,3600900.0
2006-12-12,5280900.0
2006-12-13,3569200.0
2006-12-14,3384300.0
2006-12-15,4521700.0
2006-12-16,3446900.0
2006-12-17,2859200.0
2006-12-18,2785200.0
2006-12-19,2776000.0
2006-12-20,3859900.0
2006-12-21,2784200.0
2006-12-22,2517100.0
2006-12-23,2855100.0
2006-12-24,3364700.0
2006-12-25,2938300.0
2006-12-26,3039200.0
2006-12-27,4228400.0
2006-12-28,4822300.0
2006-12-29,3840300.0
2006-12-30,3070800.0
2006-12-31,2866800.0
2007-01-01,2271900.0
2007-01-02,2777600.0
2007-01-03,2623600.0
2007-01-04,2237700.0
2007-01-05,2176500.0
2007-01-06,1910800.0
2007-01-07,1598900.0
2007-01-08,1697800.0
2007-01-09,1906200.0
2007-01-10,1734700.0
2007-01-11,1908900.0
2007-01-12,1736400.0
2007-01-13,1903300.0
2007-01-14,1820300.0
2007-01-15,1643900.0
2007-01-16,1470000.0
2007-01-17,1554800.0
2007-01-18,1470800.0
2007-01-19,1386400.0
2007-01-20,1298100.0
2007-01-21,1298700.0
2007-01-22,1208300.0
2007-01-23,1198400.0
2007-01-24,1371000.0
2007-01-25,1164800.0
2007-01-26,1125500.0
2007-01-27,1210900.0
2007-01-28,1126900.0
2007-01-29,1043400.0
2007-01-30,958400.0
2007-01-31,1055600.0
2007-02-01,626000.0
2007-02-02,637100.0
2007-02-03,1005800.0
2007-02-04,801100.0
2007-02-05,718000.0
2007-02-06,536000.0
2007-02-07,750000.0
2007-02-08,670500.0
2007-02-09,592900.0
2007-02-10,685100.0
2007-02-11,684200.0
2007-02-12,577300.0
2007-02-13,895100.0
2007-02-14,595900.0
2007-02-15,735400.0
2007-02-16,577500.0
2007-02-17,1224700.0
2007-02-18,630700.0
2007-02-19,1099000.0
2007-02-20,664200.0
2007-02-21,585200.0
2007-02-22,581400.0
2007-02-23,484800.0
2007-02-24,348000.0
2007-02-25,378400.0
2007-02-26,498700.0
2007-02-27,543100.0
2007-02-28,578200.0
2007-03-01,527300.0
2007-03-02,688900.0
2007-03-03,612100.0
2007-03-04,610600.0
2007-03-05,848000.0
2007-03-06,963100.0
2007-03-07,654900.0
2007-03-08,962500.0
2007-03-09,2223400.0
2007-03-10,1500500.0
2007-03-11,1519400.0
2007-03-12,855900.0
2007-03-13,1073800.0
2007-03-14,688900.0
2007-03-15,411400.0
2007-03-16,648000.0
2007-03-17,1220500.0
2007-03-18,1876100.0
2007-03-19,1177700.0
2007-03-20,1119800.0
2007-03-21,1186500.0
2007-03-22,1543300.0
2007-03-23,1108300.0
2007-03-24,1495900.0
2007-03-25,2543200.0
2007-03-26,2208500.0
2007-03-27,2410300.0
2007-03-28,2704400.0
2007-03-29,2075800.0
2007-03-30,1612100.0
2007-03-31,4414400.0
2007-04-01,5480500.0
2007-04-02,3217600.0
2007-04-03,3031900.0
2007-04-04,2751300.0
2007-04-05,2644100.0
2007-04-06,2205400.0
2007-04-07,3301100.0
2007-04-08,7949700.0
2007-04-09,5787800.0
2007-04-10,3991200.0
2007-04-11,3334100.0
2007-04-12,2976900.0
2007-04-13,2423100.0
2007-04-14,3239500.0
2007-04-15,2689100.0
2007-04-16,3673600.0
2007-04-17,3120700.0
2007-04-18,2913900.0
2007-04-19,3249200.0
2007-04-20,8607600.0
2007-04-21,8114200.0
2007-04-22,10092100.0
2007-04-23,6262300.0
2007-04-24,9030500.0
2007-04-25,7063700.0
2007-04-26,6980300.0
2007-04-27,6161300.0
2007-04-28,5068300.0
2007-04-29,4995200.0
2007-04-30,3742900.0
2007-05-01,5815500.0
2007-05-02,4016700.0
2007-05-03,5528900.0
2007-05-04,7558800.0
2007-05-05,5727800.0
2007-05-06,6494500.0
2007-05-07,6707000.0
2007-05-08,5965000.0
2007-05-09,4643400.0
2007-05-10,7077200.0
2007-05-11,4618300.0
2007-05-12,4647400.0
2007-05-13,3526900.0
2007-05-14,2921500.0
2007-05-15,3315400.0
2007-05-16,4219400.0
2007-05-17,3694300.0
2007-05-18,4397100.0
2007-05-19,9645300.0
2007-05-20,13372600.0
2007-05-21,11617900.0
2007-05-22,9207800.0
2007-05-23,8007000.0
2007-05-24,7704600.0
2007-05-25,6752300.0
2007-05-26,5799200.0
2007-05-27,6082300.0
2007-05-28,10243000.0
2007-05-29,8096500.0
2007-05-30,5957700.0
2007-05-31,5593200.0
2007-06-01,7114500.0
2007-06-02,5594600.0
2007-06-03,4469500.0
2007-06-04,4281000.0
2007-06-05,4736600.0
2007-06-06,3998200.0
2007-06-07,6010600.0
2007-06-08,5324900.0
2007-06-09,6588000.0
2007-06-10,4944100.0
2007-06-11,7336100.0
2007-06-12,4751800.0
2007-06-13,5255600.0
2007-06-14,4424200.0
2007-06-15,13627500.0
2007-06-16,9755300.0
2007-06-17,9506300.0
2007-06-18,7878300.0
2007-06-19,6851000.0
2007-06-20,6957000.0
2007-06-21,6985400.0
2007-06-22,8321000.0
2007-06-23,8939400.0
2007-06-24,7970000.0
2007-06-25,8917500.0
2007-06-26,10416500.0
2007-06-27,8211400.0
2007-06-28,8928200.0
2007-06-29,9005400.0
2007-06-30,8294100.0
2007-07-01,6814900.0
2007-07-02,7224700.0
2007-07-03,6018000.0
2007-07-04,5292300.0
2007-07-05,6638200.0
2007-07-06,6905100.0
2007-07-07,6841200.0
2007-07-08,8235900.0
2007-07-09,9979900.0
2007-07-10,10264300.0
2007-07-11,11687100.0
2007-07-12,9858000.0
2007-07-13,8763400.0
2007-07-14,7098600.0
2007-07-15,6324300.0
2007-07-16,7387900.0
2007-07-17,8735200.0
2007-07-18,7358400.0
2007-07-19,5501600.0
2007-07-20,5860600.0
2007-07-21,4967600.0
2007-07-22,7031200.0
2007-07-23,5243500.0
2007-07-24,6763700.0
2007-07-25,4861600.0
2007-07-26,4353900.0
2007-07-27,3124900.0
2007-07-28,3819900.0
2007-07-29,3269300.0
2007-07-30,3887600.0
2007-07-31,3839600.0
2007-08-01,4021900.0
2007-08-02,4949000.0
2007-08-03,6595100.0
2007-08-04,7443400.0
2007-08-05,6637700.0
2007-08-06,4866600.0
2007-08-07,4627600.0
2007-08-08,5565500.0
2007-08-09,4431500.0
2007-08-10,4595100.0
2007-08-11,5713600.0
2007-08-12,5808900.0
2007-08-13,8306100.0
2007-08-14,6785600.0
2007-08-15,5172500.0
2007-08-16,3846700.0
2007-08-17,6412200.0
2007-08-18,4308600.0
2007-08-19,3457000.0
2007-08-20,5812900.0
2007-08-21,7208100.0
2007-08-22,11171200.0
2007-08-23,6774300.0
2007-08-24,7326800.0
2007-08-25,6099800.0
2007-08-26,4114600.0
2007-08-27,3550200.0
2007-08-28,3814500.0
2007-08-29,6639000.0
2007-08-30,4273900.0
2007-08-31,6720100.0
2007-09-01,4431000.0
2007-09-02,5580700.0
2007-09-03,5978400.0
2007-09-04,7557300.0
2007-09-05,7882100.0
2007-09-06,6302300.0
2007-09-07,5458400.0
2007-09-08,5235300.0
2007-09-09,4501200.0
2007-09-10,3547300.0
2007-09-11,3264000.0
2007-09-12,4783100.0
2007-09-13,4735200.0
2007-09-14,6117000.0
2007-09-15,10451800.0
2007-09-16,5827500.0
2007-09-17,4949100.0
2007-09-18,4753400.0
2007-09-19,7055800.0
2007-09-20,5409200.0
2007-09-21,5960300.0
2007-09-22,4273300.0
2007-09-23,4550500.0
2007-09-24,3307700.0
2007-09-25,2900000.0
2007-09-26,3684600.0
2007-09-27,4089000.0
2007-09-28,3632100.0
2007-09-29,2742600.0
2007-09-30,4049100.0
2007-10-01,6009400.0
2007-10-02,3337800.0
2007-10-03,2558500.0
2007-10-04,3687700.0
2007-10-05,4746700.0
2007-10-06,4083600.0
2007-10-07,4715700.0
2007-10-08,3962900.0
2007-10-09,3474600.0
2007-10-10,4243500.0
2007-10-11,4888600.0
2007-10-12,5140000.0
2007-10-13,4374000.0
2007-10-14,4388800.0
2007-10-15,5461300.0
2007-10-16,9424200.0
2007-10-17,7962600.0
2007-10-18,8678000.0
2007-10-19,6201400.0
2007-10-20,5062900.0
2007-10-21,4698600.0
2007-10-22,4786600.0
2007-10-23,5572000.0
2007-10-24,4484700.0
2007-10-25,3717200.0
2007-10-26,3843000.0
2007-10-27,3441900.0
2007-10-28,2728600.0
2007-10-29,3306700.0
2007-10-30,2389100.0
2007-10-31,2559500.0
2007-11-01,3693400.0
2007-11-02,3420000.0
2007-11-03,3014200.0
2007-11-04,3531400.0
2007-11-05,5329100.0
2007-11-06,3591200.0
2007-11-07,4059000.0
2007-11-08,4107000.0
2007-11-09,16285000.0
2007-11-10,7251300.0
2007-11-11,6004300.0
2007-11-12,5695200.0
2007-11-13,5956000.0
2007-11-14,5377200.0
2007-11-15,4416000.0
2007-11-16,3855300.0
2007-11-17,5199800.0
2007-11-18,4042600.0
2007-11-19,3817100.0
2007-11-20,3611000.0
2007-11-21,2664700.0
2007-11-22,3079600.0
2007-11-23,4533200.0
2007-11-24,3698900.0
2007-11-25,2491800.0
2007-11-26,2576300.0
2007-11-27,3969100.0
2007-11-28,3088500.0
2007-11-29,3108800.0
2007-11-30,2816200.0
2007-12-01,2407100.0
2007-12-02,2100300.0
2007-12-03,1122500.0
2007-12-04,1800100.0
2007-12-05,1962900.0
2007-12-06,988200.0
2007-12-07,1097400.0
2007-12-08,2267300.0
2007-12-09,2238900.0
2007-12-10,1712700.0
2007-12-11,2763900.0
2007-12-12,2650900.0
2007-12-13,2160000.0
2007-12-14,2696400.0
2007-12-15,2368500.0
2007-12-16,2369600.0
2007-12-17,2579100.0
2007-12-18,2905600.0
2007-12-19,2152300.0
2007-12-20,1613100.0
2007-12-21,1138800.0
2007-12-22,1833000.0
2007-12-23,2053900.0
2007-12-24,3117500.0
2007-12-25,3261000.0
2007-12-26,3041000.0
2007-12-27,3140800.0
2007-12-28,3342600.0
2007-12-29,3452700.0
2007-12-30,2383900.0
2007-12-31,2288300.0
2008-01-01,1964200.0
2008-01-02,1759600.0
2008-01-03,1631800.0
2008-01-04,1735700.0
2008-01-05,1408900.0
2008-01-06,1175500.0
2008-01-07,947800.0
2008-01-08,1046100.0
2008-01-09,1379800.0
2008-01-10,1340500.0
2008-01-11,926800.0
2008-01-12,935900.0
2008-01-13,913000.0
2008-01-14,1223100.0
2008-01-15,1015000.0
2008-01-16,1098300.0
2008-01-17,1148700.0
2008-01-18,1035900.0
2008-01-19,1010600.0
2008-01-20,1282800.0
2008-01-21,1532300.0
2008-01-22,926100.0
2008-01-23,988700.0
2008-01-24,574100.0
2008-01-25,1001400.0
2008-01-26,1286400.0
2008-01-27,886800.0
2008-01-28,694200.0
2008-01-29,618000.0
2008-01-30,964800.0
2008-01-31,653200.0
2008-02-01,857400.0
2008-02-02,756500.0
2008-02-03,861000.0
2008-02-04,570000.0
2008-02-05,549400.0
2008-02-06,671100.0
2008-02-07,861700.0
2008-02-08,765900.0
2008-02-09,584300.0
2008-02-10,966600.0
2008-02-11,1677200.0
2008-02-12,984400.0
2008-02-13,857600.0
2008-02-14,1106300.0
2008-02-15,571300.0
2008-02-16,1898200.0
2008-02-17,1292300.0
2008-02-18,1397900.0
2008-02-19,1912900.0
2008-02-20,1880900.0
2008-02-21,2104400.0
2008-02-22,2224000.0
2008-02-23,1859100.0
2008-02-24,1373900.0
2008-02-25,670300.0
2008-02-26,740200.0
2008-02-27,582700.0
2008-02-28,1009400.0
2008-02-29,913700.0
2008-03-01,1061900.0
2008-03-02,782100.0
2008-03-03,660500.0
2008-03-04,406900.0
2008-03-05,516900.0
2008-03-06,848400.0
2008-03-07,868600.0
2008-03-08,544900.0
2008-03-09,484100.0
2008-03-10,1016300.0
2008-03-11,900300.0
2008-03-12,1149500.0
2008-03-13,832000.0
2008-03-14,659300.0
2008-03-15,774500.0
2008-03-16,461000.0
2008-03-17,715700.0
2008-03-18,2213000.0
2008-03-19,914100.0
2008-03-20,918300.0
2008-03-21,756500.0
2008-03-22,685000.0
2008-03-23,1700600.0
2008-03-24,1417700.0
2008-03-25,2058600.0
2008-03-26,1791900.0
2008-03-27,1337800.0
2008-03-28,1385900.0
2008-03-29,1353600.0
2008-03-30,1172200.0
2008-03-31,1505400.0
2008-04-01,1496800.0
2008-04-02,1420300.0
2008-04-03,1107500.0
2008-04-04,1141100.0
2008-04-05,1251800.0
2008-04-06,1297900.0
2008-04-07,1163200.0
2008-04-08,964800.0
2008-04-09,1015900.0
2008-04-10,1042100.0
2008-04-11,1181500.0
2008-04-12,1137200.0
2008-04-13,1412900.0
2008-04-14,2026900.0
2008-04-15,1903900.0
2008-04-16,1832100.0
2008-04-17,1596400.0
2008-04-18,1571700.0
2008-04-19,1645100.0
2008-04-20,1653800.0
2008-04-21,1348400.0
2008-04-22,1221600.0
2008-04-23,7094300.0
2008-04-24,4154000.0
2008-04-25,8089100.0
2008-04-26,6527600.0
2008-04-27,6850300.0
2008-04-28,5631500.0
2008-04-29,5046900.0
2008-04-30,4927800.0
2008-05-01,5247800.0
2008-05-02,4968000.0
2008-05-03,5418600.0
2008-05-04,4585400.0
2008-05-05,6358400.0
2008-05-06,6192200.0
2008-05-07,4867400.0
2008-05-08,7323900.0
2008-05-09,6445300.0
2008-05-10,4427300.0
2008-05-11,5344300.0
2008-05-12,5191300.0
2008-05-13,4477900.0
2008-05-14,4084400.0
2008-05-15,3735100.0
2008-05-16,4538300.0
2008-05-17,6235400.0
2008-05-18,4423300.0
2008-05-19,7959300.0
2008-05-20,6792400.0
2008-05-21,6138100.0
2008-05-22,7547300.0
2008-05-23,7648000.0
2008-05-24,6002300.0
2008-05-25,5468200.0
2008-05-26,5024400.0
2008-05-27,5709800.0
2008-05-28,7124800.0
2008-05-29,5315500.0
2008-05-30,4252700.0
2008-05-31,4105800.0
2008-06-01,3331100.0
2008-06-02,3428700.0
2008-06-03,4585600.0
2008-06-04,3806000.0
2008-06-05,4236400.0
2008-06-06,3725700.0
2008-06-07,4866000.0
2008-06-08,6023400.0
2008-06-09,5484500.0
2008-06-10,5775400.0
2008-06-11,6249600.0
2008-06-12,5288200.0
2008-06-13,6647800.0
2008-06-14,5534100.0
2008-06-15,4793000.0
2008-06-16,5114400.0
2008-06-17,4324500.0
2008-06-18,4345700.0
2008-06-19,5166100.0
2008-06-20,4532800.0
2008-06-21,5439400.0
2008-06-22,4852200.0
2008-06-23,5966600.0
2008-06-24,7813700.0
2008-06-25,14341400.0
2008-06-26,8043000.0
2008-06-27,6765500.0
2008-06-28,11696400.0
2008-06-29,8217800.0
2008-06-30,8177300.0
2008-07-01,6568000.0
2008-07-02,6775200.0
2008-07-03,7058300.0
2008-07-04,13911600.0
2008-07-05,11289600.0
2008-07-06,9081300.0
2008-07-07,6739900.0
2008-07-08,7404300.0
2008-07-09,6565300.0
2008-07-10,6821200.0
2008-07-11,6705400.0
2008-07-12,9377900.0
2008-07-13,8042500.0
2008-07-14,6606200.0
2008-07-15,7420300.0
2008-07-16,7967200.0
2008-07-17,5918900.0
2008-07-18,4494700.0
2008-07-19,4230800.0
2008-07-20,5467300.0
2008-07-21,3839200.0
2008-07-22,3642200.0
2008-07-23,2985800.0
2008-07-24,3817600.0
2008-07-25,5574400.0
2008-07-26,6492300.0
2008-07-27,3873200.0
2008-07-28,4739000.0
2008-07-29,4224400.0
2008-07-30,3126700.0
2008-07-31,2534200.0
2008-08-01,2502500.0
2008-08-02,2537700.0
2008-08-03,2857900.0
2008-08-04,3739000.0
2008-08-05,3173400.0
2008-08-06,3060400.0
2008-08-07,3247500.0
2008-08-08,2674700.0
2008-08-09,2969300.0
2008-08-10,4113600.0
2008-08-11,4481000.0
2008-08-12,3314800.0
2008-08-13,3758200.0
2008-08-14,3123500.0
2008-08-15,3223300.0
2008-08-16,5877600.0
2008-08-17,4130700.0
2008-08-18,4406200.0
2008-08-19,3966100.0
2008-08-20,4144800.0
2008-08-21,3907200.0
2008-08-22,6849300.0
2008-08-23,6369200.0
2008-08-24,6331400.0
2008-08-25,6920800.0
2008-08-26,7089200.0
2008-08-27,6389000.0
2008-08-28,5368600.0
2008-08-29,4998800.0
2008-08-30,4325900.0
2008-08-31,3948500.0
2008-09-01,3284100.0
2008-09-02,3346300.0
2008-09-03,3356700.0
2008-09-04,2841600.0
2008-09-05,2656000.0
2008-09-06,2369800.0
2008-09-07,2679400.0
2008-09-08,3216800.0
2008-09-09,2723100.0
2008-09-10,3762000.0
2008-09-11,3065900.0
2008-09-12,4293200.0
2008-09-13,2654800.0
2008-09-14,2778700.0
2008-09-15,3686600.0
2008-09-16,6244900.0
2008-09-17,4777400.0
2008-09-18,3799900.0
2008-09-19,5430100.0
2008-09-20,6372600.0
2008-09-21,10458400.0
2008-09-22,6666600.0
2008-09-23,8310700.0
2008-09-24,6509300.0
2008-09-25,5807400.0
2008-09-26,9800900.0
2008-09-27,5843900.0
2008-09-28,5434000.0
2008-09-29,5743200.0
2008-09-30,7693300.0
2008-10-01,7657300.0
2008-10-02,5827900.0
2008-10-03,5287400.0
2008-10-04,4080500.0
2008-10-05,4166400.0
2008-10-06,5014800.0
2008-10-07,11012100.0
2008-10-08,10825100.0
2008-10-09,8689700.0
2008-10-10,15794200.0
2008-10-11,9425900.0
2008-10-12,8307000.0
2008-10-13,7150200.0
2008-10-14,5619100.0
2008-10-15,3904000.0
2008-10-16,3882300.0
2008-10-17,4590800.0
2008-10-18,4859200.0
2008-10-19,8371800.0
2008-10-20,6053800.0
2008-10-21,5939100.0
2008-10-22,4951100.0
2008-10-23,4729500.0
2008-10-24,5571700.0
2008-10-25,4902700.0
2008-10-26,3402100.0
2008-10-27,3331700.0
2008-10-28,4063800.0
2008-10-29,3430400.0
2008-10-30,2578900.0
2008-10-31,3292100.0
2008-11-01,3628800.0
2008-11-02,3197000.0
2008-11-03,2608600.0
2008-11-04,4652300.0
2008-11-05,4060800.0
2008-11-06,4265400.0
2008-11-07,4079500.0
2008-11-08,3505000.0
2008-11-09,3595400.0
2008-11-10,2456100.0
2008-11-11,3039400.0
2008-11-12,3912000.0
2008-11-13,3336600.0
2008-11-14,2975700.0
2008-11-15,2864700.0
2008-11-16,2711700.0
2008-11-17,2811100.0
2008-11-18,3098200.0
2008-11-19,4617400.0
2008-11-20,4386900.0
2008-11-21,4211600.0
2008-11-22,4710600.0
2008-11-23,4251600.0
2008-11-24,6534000.0
2008-11-25,4721000.0
2008-11-26,4437800.0
2008-11-27,3760000.0
2008-11-28,3335000.0
2008-11-29,4286500.0
2008-11-30,5462800.0
2008-12-01,6814700.0
2008-12-02,5258500.0
2008-12-03,4371600.0
2008-12-04,3440200.0
2008-12-05,4354600.0
2008-12-06,3235500.0
2008-12-07,3637100.0
2008-12-08,3048800.0
2008-12-09,2329900.0
2008-12-10,2432900.0
2008-12-11,2328800.0
2008-12-12,2353000.0
2008-12-13,2855400.0
2008-12-14,2241100.0
2008-12-15,2115100.0
2008-12-16,1953200.0
2008-12-17,1647600.0
2008-12-18,1186000.0
2008-12-19,1751300.0
2008-12-20,1545000.0
2008-12-21,1188600.0
2008-12-22,1101500.0
2008-12-23,1235800.0
2008-12-24,1055900.0
2008-12-25,943400.0
2008-12-26,1326200.0
2008-12-27,1377100.0
2008-12-28,1377200.0
2008-12-29,1172000.0
2008-12-30,1378100.0
2008-12-31,1893700.0
2009-01-01,2305100.0
2009-01-02,1890500.0
2009-01-03,1394600.0
2009-01-04,1395000.0
2009-01-05,1288900.0
2009-01-06,1300400.0
2009-01-07,1292300.0
2009-01-08,1790800.0
2009-01-09,1474800.0
2009-01-10,1374000.0
2009-01-11,1481500.0
2009-01-12,1560700.0
2009-01-13,1980200.0
2009-01-14,2295500.0
2009-01-15,1982600.0
2009-01-16,3109300.0
2009-01-17,2079400.0
2009-01-18,1768400.0
2009-01-19,2065300.0
2009-01-20,1861100.0
2009-01-21,3467600.0
2009-01-22,9884500.0
2009-01-23,9152200.0
2009-01-24,4876400.0
2009-01-25,3535100.0
2009-01-26,2311800.0
2009-01-27,2310400.0
2009-01-28,1958100.0
2009-01-29,1466500.0
2009-01-30,961300.0
2009-01-31,1162000.0
2009-02-01,2106100.0
2009-02-02,2113800.0
2009-02-03,2456600.0
2009-02-04,3795000.0
2009-02-05,3006800.0
2009-02-06,2402600.0
2009-02-07,1662100.0
2009-02-08,1906600.0
2009-02-09,1019000.0
2009-02-10,1131600.0
2009-02-11,1077500.0
2009-02-12,1081800.0
2009-02-13,1049400.0
2009-02-14,1641400.0
2009-02-15,1334900.0
2009-02-16,1724100.0
2009-02-17,1205600.0
2009-02-18,1154300.0
2009-02-19,1187600.0
2009-02-20,1122900.0
2009-02-21,908800.0
2009-02-22,944800.0
2009-02-23,1229300.0
2009-02-24,1287000.0
2009-02-25,1407000.0
2009-02-26,1201000.0
2009-02-27,1175500.0
2009-02-28,1046700.0
2009-03-01,1207600.0
2009-03-02,2704500.0
2009-03-03,2297000.0
2009-03-04,2166700.0
2009-03-05,1605400.0
2009-03-06,1328400.0
2009-03-07,1762500.0
2009-03-08,1464400.0
2009-03-09,1871700.0
2009-03-10,1706400.0
2009-03-11,685500.0
2009-03-12,1219200.0
2009-03-13,810600.0
2009-03-14,1088500.0
2009-03-15,1021200.0
2009-03-16,954700.0
2009-03-17,1618600.0
2009-03-18,2345100.0
2009-03-19,2235500.0
2009-03-20,2849700.0
2009-03-21,4239800.0
2009-03-22,13040700.0
2009-03-23,12685800.0
2009-03-24,8292100.0
2009-03-25,7067800.0
2009-03-26,5495900.0
2009-03-27,4109100.0
2009-03-28,3604700.0
2009-03-29,3238200.0
2009-03-30,2147200.0
2009-03-31,2007500.0
2009-04-01,1844900.0
2009-04-02,2520600.0
2009-04-03,1692200.0
2009-04-04,1891100.0
2009-04-05,1471500.0
2009-04-06,1304700.0
2009-04-07,1316900.0
2009-04-08,2677400.0
2009-04-09,1874800.0
2009-04-10,1768700.0
2009-04-11,1862000.0
2009-04-12,2104600.0
2009-04-13,2031300.0
2009-04-14,1767000.0
2009-04-15,1938300.0
2009-04-16,1570400.0
2009-04-17,1804400.0
2009-04-18,2160600.0
2009-04-19,4381800.0
2009-04-20,4024800.0
2009-04-21,6503400.0
2009-04-22,4596300.0
2009-04-23,8373300.0
2009-04-24,8179500.0
2009-04-25,5465300.0
2009-04-26,6534500.0
2009-04-27,4570600.0
2009-04-28,4040900.0
2009-04-29,3360700.0
2009-04-30,4129500.0
2009-05-01,3849600.0
2009-05-02,3938000.0
2009-05-03,3402000.0
2009-05-04,3822200.0
2009-05-05,3415200.0
2009-05-06,4270800.0
2009-05-07,3401200.0
2009-05-08,4618500.0
2009-05-09,3869100.0
2009-05-10,3239500.0
2009-05-11,6412500.0
2009-05-12,4536100.0
2009-05-13,6016300.0
2009-05-14,4839400.0
2009-05-15,6379500.0
2009-05-16,4043300.0
2009-05-17,4109400.0
2009-05-18,3655100.0
2009-05-19,5286800.0
2009-05-20,4373500.0
2009-05-21,5865400.0
2009-05-22,4900900.0
2009-05-23,4546000.0
2009-05-24,5712500.0
2009-05-25,5568200.0
2009-05-26,7912200.0
2009-05-27,6913100.0
2009-05-28,6834700.0
2009-05-29,6492200.0
2009-05-30,6655400.0
2009-05-31,5446400.0
2009-06-01,5548100.0
2009-06-02,4198900.0
2009-06-03,4194300.0
2009-06-04,3437500.0
2009-06-05,5787200.0
2009-06-06,4344800.0
2009-06-07,5208800.0
2009-06-08,4935400.0
2009-06-09,5433800.0
2009-06-10,6483500.0
2009-06-11,5601100.0
2009-06-12,5259200.0
2009-06-13,7768700.0
2009-06-14,5432900.0
2009-06-15,4999300.0
2009-06-16,4586400.0
2009-06-17,5056100.0
2009-06-18,3976100.0
2009-06-19,5072800.0
2009-06-20,4684500.0
2009-06-21,4979200.0
2009-06-22,4266100.0
2009-06-23,5354700.0
2009-06-24,4651400.0
2009-06-25,5270200.0
2009-06-26,3746400.0
2009-06-27,7072300.0
2009-06-28,6482700.0
2009-06-29,4528700.0
2009-06-30,5627400.0
2009-07-01,3819700.0
2009-07-02,6452800.0
2009-07-03,10299600.0
2009-07-04,9026300.0
2009-07-05,7184300.0
2009-07-06,6933100.0
2009-07-07,5897100.0
2009-07-08,6115500.0
2009-07-09,7674600.0
2009-07-10,6764600.0
2009-07-11,5924400.0
2009-07-12,9147300.0
2009-07-13,5314000.0
2009-07-14,5073400.0
2009-07-15,4834800.0
2009-07-16,3874700.0
2009-07-17,5587300.0
2009-07-18,4771800.0
2009-07-19,3792100.0
2009-07-20,6504900.0
2009-07-21,3793600.0
2009-07-22,4730800.0
2009-07-23,3782200.0
2009-07-24,4678800.0
2009-07-25,6096500.0
2009-07-26,3950700.0
2009-07-27,3834500.0
2009-07-28,4059600.0
2009-07-29,3680800.0
2009-07-30,4927700.0
2009-07-31,7866700.0
2009-08-01,6504600.0
2009-08-02,4641900.0
2009-08-03,4352500.0
2009-08-04,5042900.0
2009-08-05,3716900.0
2009-08-06,3487700.0
2009-08-07,8701700.0
2009-08-08,5671500.0
2009-08-09,4192700.0
2009-08-10,4556300.0
2009-08-11,4862700.0
2009-08-12,4290000.0
2009-08-13,3599900.0
2009-08-14,3389700.0
2009-08-15,3103600.0
2009-08-16,2867700.0
2009-08-17,2865900.0
2009-08-18,3746900.0
2009-08-19,4151500.0
2009-08-20,4308400.0
2009-08-21,5018200.0
2009-08-22,4227800.0
2009-08-23,3510200.0
2009-08-24,3753200.0
2009-08-25,3601200.0
2009-08-26,2849800.0
2009-08-27,3349800.0
2009-08-28,3349500.0
2009-08-29,3786700.0
2009-08-30,4220700.0
2009-08-31,3760300.0
2009-09-01,5509700.0
2009-09-02,3523700.0
2009-09-03,3230200.0
2009-09-04,4452400.0
2009-09-05,3243700.0
2009-09-06,2983700.0
2009-09-07,2985600.0
2009-09-08,2619500.0
2009-09-09,2392100.0
2009-09-10,2389500.0
2009-09-11,1961100.0
2009-09-12,2889700.0
2009-09-13,3608100.0
2009-09-14,2577700.0
2009-09-15,4353600.0
2009-09-16,2890000.0
2009-09-17,3091700.0
2009-09-18,3165600.0
2009-09-19,2595200.0
2009-09-20,2467400.0
2009-09-21,2552200.0
2009-09-22,2963100.0
2009-09-23,2460700.0
2009-09-24,1960900.0
2009-09-25,1927200.0
2009-09-26,1848300.0
2009-09-27,1943700.0
2009-09-28,1885500.0
2009-09-29,2019000.0
2009-09-30,1883100.0
2009-10-01,2588900.0
2009-10-02,2007500.0
2009-10-03,4928800.0
2009-10-04,2949000.0
2009-10-05,2932300.0
2009-10-06,2659100.0
2009-10-07,2504600.0
2009-10-08,2448900.0
2009-10-09,2084900.0
2009-10-10,1953800.0
2009-10-11,3015000.0
2009-10-12,3499400.0
2009-10-13,2513700.0
2009-10-14,2900600.0
2009-10-15,2676100.0
2009-10-16,2468500.0
2009-10-17,2142900.0
2009-10-18,2533600.0
2009-10-19,2814800.0
2009-10-20,3022400.0
2009-10-21,2548200.0
2009-10-22,2452200.0
2009-10-23,1878000.0
2009-10-24,4155200.0
2009-10-25,3298700.0
2009-10-26,2636100.0
2009-10-27,3925300.0
2009-10-28,5270100.0
2009-10-29,5517800.0
2009-10-30,5671500.0
2009-10-31,4322700.0
2009-11-01,4141000.0
2009-11-02,4303200.0
2009-11-03,3928200.0
2009-11-04,4081900.0
2009-11-05,3991400.0
2009-11-06,3544700.0
2009-11-07,3025500.0
2009-11-08,5474800.0
2009-11-09,4696900.0
2009-11-10,7899800.0
2009-11-11,4157200.0
2009-11-12,5404200.0
2009-11-13,9601300.0
2009-11-14,5977500.0
2009-11-15,5607500.0
2009-11-16,6887600.0
2009-11-17,5750000.0
2009-11-18,6946800.0
2009-11-19,5487900.0
2009-11-20,6188000.0
2009-11-21,4058200.0
2009-11-22,3958100.0
2009-11-23,3910500.0
2009-11-24,3059000.0
2009-11-25,4073700.0
2009-11-26,5515600.0
2009-11-27,4693000.0
2009-11-28,7818800.0
2009-11-29,5661700.0
2009-11-30,4640000.0
2009-12-01,3159800.0
2009-12-02,3298300.0
2009-12-03,3755900.0
2009-12-04,3142100.0
2009-12-05,2327100.0
2009-12-06,2068600.0
2009-12-07,2162200.0
2009-12-08,2156300.0
2009-12-09,2821800.0
2009-12-10,2166000.0
2009-12-11,1628800.0
2009-12-12,1484300.0
2009-12-13,2250300.0
2009-12-14,1825300.0
2009-12-15,1719700.0
2009-12-16,1609800.0
2009-12-17,1607600.0
2009-12-18,1501400.0
2009-12-19,1713400.0
2009-12-20,2261500.0
2009-12-21,2478400.0
2009-12-22,2042100.0
2009-12-23,1510300.0
2009-12-24,2618700.0
2009-12-25,2521400.0
2009-12-26,4451600.0
2009-12-27,4710500.0
2009-12-28,1748200.0
2009-12-29,2368300.0
2009-12-30,2183000.0
2009-12-31,1540900.0
2010-01-01,1819700.0
2010-01-02,1730000.0
2010-01-03,1290400.0
2010-01-04,1378600.0
2010-01-05,1211200.0
2010-01-06,1110300.0
2010-01-07,879200.0
2010-01-08,944600.0
2010-01-09,926600.0
2010-01-10,767500.0
2010-01-11,924400.0
2010-01-12,680100.0
2010-01-13,935000.0
2010-01-14,522300.0
2010-01-15,815800.0
2010-01-16,581300.0
2010-01-17,804800.0
2010-01-18,679700.0
2010-01-19,673500.0
2010-01-20,567700.0
2010-01-21,785000.0
2010-01-22,462200.0
2010-01-23,541500.0
2010-01-24,656200.0
2010-01-25,402900.0
2010-01-26,702800.0
2010-01-27,570100.0
2010-01-28,574000.0
2010-01-29,476500.0
2010-01-30,503600.0
2010-01-31,585200.0
2010-02-01,590000.0
2010-02-02,485300.0
2010-02-03,381000.0
2010-02-04,385200.0
2010-02-05,389600.0
2010-02-06,495500.0
2010-02-07,395500.0
2010-02-08,480700.0
2010-02-09,379600.0
2010-02-10,484000.0
2010-02-11,491900.0
2010-02-12,288100.0
2010-02-13,271000.0
2010-02-14,987400.0
2010-02-15,479800.0
2010-02-16,469700.0
2010-02-17,376500.0
2010-02-18,486600.0
2010-02-19,572500.0
2010-02-20,573000.0
2010-02-21,381600.0
2010-02-22,394100.0
2010-02-23,302200.0
2010-02-24,412100.0
2010-02-25,683600.0
2010-02-26,712200.0
2010-02-27,921200.0
2010-02-28,2311800.0
2010-03-01,1609700.0
2010-03-02,776800.0
2010-03-03,1299800.0
2010-03-04,657200.0
2010-03-05,1207200.0
2010-03-06,2585900.0
2010-03-07,3338300.0
2010-03-08,5893500.0
2010-03-09,8790600.0
2010-03-10,5378500.0
2010-03-11,4134800.0
2010-03-12,3012300.0
2010-03-13,2282300.0
2010-03-14,2803300.0
2010-03-15,1716800.0
2010-03-16,1528900.0
2010-03-17,1620200.0
2010-03-18,2648500.0
2010-03-19,1868800.0
2010-03-20,777000.0
2010-03-21,785400.0
2010-03-22,592300.0
2010-03-23,360200.0
2010-03-24,524100.0
2010-03-25,597700.0
2010-03-26,1278900.0
2010-03-27,504400.0
2010-03-28,672000.0
2010-03-29,1183800.0
2010-03-30,2104900.0
2010-03-31,1153800.0
2010-04-01,2774500.0
2010-04-02,2160700.0
2010-04-03,5252400.0
2010-04-04,5351900.0
2010-04-05,3708600.0
2010-04-06,5888100.0
2010-04-07,3552500.0
2010-04-08,3585600.0
2010-04-09,2917100.0
2010-04-10,2970700.0
2010-04-11,2175000.0
2010-04-12,1567400.0
2010-04-13,2142700.0
2010-04-14,2892500.0
2010-04-15,2483000.0
2010-04-16,2614000.0
2010-04-17,1278500.0
2010-04-18,2061700.0
2010-04-19,501800.0
2010-04-20,561400.0
2010-04-21,3547000.0
2010-04-22,2213600.0
2010-04-23,3019200.0
2010-04-24,2258900.0
2010-04-25,2914800.0
2010-04-26,3553200.0
2010-04-27,3792000.0
2010-04-28,7638700.0
2010-04-29,9390800.0
2010-04-30,6256300.0
2010-05-01,4539200.0
2010-05-02,3661800.0
2010-05-03,2881500.0
2010-05-04,4181500.0
2010-05-05,3115000.0
2010-05-06,3514800.0
2010-05-07,3498700.0
2010-05-08,2253000.0
2010-05-09,3754500.0
2010-05-10,2799900.0
2010-05-11,3378100.0
2010-05-12,2978900.0
2010-05-13,5807600.0
2010-05-14,6275000.0
2010-05-15,4521900.0
2010-05-16,8559200.0
2010-05-17,4111700.0
2010-05-18,3371800.0
2010-05-19,4181100.0
2010-05-20,3170300.0
2010-05-21,4763500.0
2010-05-22,4695700.0
2010-05-23,5409400.0
2010-05-24,5323100.0
2010-05-25,4966500.0
2010-05-26,5941500.0
2010-05-27,4424100.0
2010-05-28,3544000.0
2010-05-29,2723700.0
2010-05-30,4057800.0
2010-05-31,5867100.0
2010-06-01,4152900.0
2010-06-02,4731600.0
2010-06-03,4806100.0
2010-06-04,6406800.0
2010-06-05,5441500.0
2010-06-06,4441000.0
2010-06-07,5175400.0
2010-06-08,4158700.0
2010-06-09,6079400.0
2010-06-10,3742900.0
2010-06-11,3533400.0
2010-06-12,2884600.0
2010-06-13,4473400.0
2010-06-14,4883500.0
2010-06-15,6738700.0
2010-06-16,7946900.0
2010-06-17,6734600.0
2010-06-18,7830000.0
2010-06-19,5745400.0
2010-06-20,4783800.0
2010-06-21,4058600.0
2010-06-22,4306500.0
2010-06-23,5317000.0
2010-06-24,4777300.0
2010-06-25,5277000.0
2010-06-26,4964700.0
2010-06-27,8151900.0
2010-06-28,5343500.0
2010-06-29,4297800.0
2010-06-30,4810500.0
2010-07-01,5419600.0
2010-07-02,6954400.0
2010-07-03,4481700.0
2010-07-04,5429500.0
2010-07-05,4478100.0
2010-07-06,4211900.0
2010-07-07,3642000.0
2010-07-08,3647600.0
2010-07-09,3745600.0
2010-07-10,5277700.0
2010-07-11,4314400.0
2010-07-12,3477400.0
2010-07-13,4464100.0
2010-07-14,4369900.0
2010-07-15,4371900.0
2010-07-16,3693000.0
2010-07-17,4288000.0
2010-07-18,4773100.0
2010-07-19,3623600.0
2010-07-20,4240500.0
2010-07-21,4442300.0
2010-07-22,3525800.0
2010-07-23,4519800.0
2010-07-24,3808100.0
2010-07-25,5127800.0
2010-07-26,5839900.0
2010-07-27,4006900.0
2010-07-28,4224900.0
2010-07-29,3929600.0
2010-07-30,6578800.0
2010-07-31,6031200.0
2010-08-01,5373000.0
2010-08-02,5501500.0
2010-08-03,4855600.0
2010-08-04,2892300.0
2010-08-05,6377300.0
2010-08-06,7323200.0
2010-08-07,5437800.0
2010-08-08,5384500.0
2010-08-09,6016700.0
2010-08-10,5200300.0
2010-08-11,5817700.0
2010-08-12,7715100.0
2010-08-13,6039000.0
2010-08-14,4970300.0
2010-08-15,8501700.0
2010-08-16,7248500.0
2010-08-17,7996200.0
2010-08-18,7642200.0
2010-08-19,10492100.0
2010-08-20,7854600.0
2010-08-21,6375100.0
2010-08-22,4872900.0
2010-08-23,5021600.0
2010-08-24,12313600.0
2010-08-25,7127700.0
2010-08-26,7052500.0
2010-08-27,6435300.0
2010-08-28,5557800.0
2010-08-29,5897100.0
2010-08-30,4898700.0
2010-08-31,5404000.0
2010-09-01,5172800.0
2010-09-02,6436800.0
2010-09-03,5221100.0
2010-09-04,5578800.0
2010-09-05,5682500.0
2010-09-06,8067800.0
2010-09-07,6152600.0
2010-09-08,5563700.0
2010-09-09,4246100.0
2010-09-10,6945300.0
2010-09-11,8075000.0
2010-09-12,9215300.0
2010-09-13,7018300.0
2010-09-14,5076100.0
2010-09-15,8452100.0
2010-09-16,6776800.0
2010-09-17,5225200.0
2010-09-18,5206300.0
2010-09-19,5220200.0
2010-09-20,5647700.0
2010-09-21,6206000.0
2010-09-22,6016100.0
2010-09-23,5998400.0
2010-09-24,5627400.0
2010-09-25,5507800.0
2010-09-26,4715500.0
2010-09-27,9194600.0
2010-09-28,6209200.0
2010-09-29,4511400.0
2010-09-30,6648600.0
2010-10-01,3392600.0
2010-10-02,2911100.0
2010-10-03,3168000.0
2010-10-04,4207500.0
2010-10-05,2978300.0
2010-10-06,3352700.0
2010-10-07,2950500.0
2010-10-08,3378800.0
2010-10-09,3073700.0
2010-10-10,4697300.0
2010-10-11,5029900.0
2010-10-12,4933500.0
2010-10-13,3869000.0
2010-10-14,3602600.0
2010-10-15,3432100.0
2010-10-16,3817300.0
2010-10-17,4771800.0
2010-10-18,4634100.0
2010-10-19,3643400.0
2010-10-20,3513000.0
2010-10-21,3628100.0
2010-10-22,5472000.0
2010-10-23,6432400.0
2010-10-24,4987600.0
2010-10-25,4194100.0
2010-10-26,3367800.0
2010-10-27,5487700.0
2010-10-28,5500700.0
2010-10-29,4298100.0
2010-10-30,3843500.0
2010-10-31,4052200.0
2010-11-01,4490200.0
2010-11-02,5781000.0
2010-11-03,7192800.0
2010-11-04,5749300.0
2010-11-05,4939300.0
2010-11-06,4240600.0
2010-11-07,3819200.0
2010-11-08,4821700.0
2010-11-09,4254900.0
2010-11-10,3493500.0
2010-11-11,4560700.0
2010-11-12,11399300.0
2010-11-13,7447900.0
2010-11-14,6132200.0
2010-11-15,5274200.0
2010-11-16,4710000.0
2010-11-17,3575500.0
2010-11-18,2675100.0
2010-11-19,3970100.0
2010-11-20,4361000.0
2010-11-21,3963100.0
2010-11-22,3740300.0
2010-11-23,3866800.0
2010-11-24,4525700.0
2010-11-25,3972100.0
2010-11-26,3414900.0
2010-11-27,3855500.0
2010-11-28,4523200.0
2010-11-29,4519400.0
2010-11-30,5953100.0
2010-12-01,5901800.0
2010-12-02,4933200.0
2010-12-03,4624400.0
2010-12-04,4812900.0
2010-12-05,4549400.0
2010-12-06,5979000.0
2010-12-07,4930500.0
2010-12-08,5591200.0
2010-12-09,6745900.0
2010-12-10,5262200.0
2010-12-11,4816000.0
2010-12-12,3901800.0
2010-12-13,7744700.0
2010-12-14,6888600.0
2010-12-15,28602400.0
2010-12-16,18003500.0
2010-12-17,12291400.0
2010-12-18,13353600.0
2010-12-19,8423100.0
2010-12-20,7365500.0
2010-12-21,5534600.0
2010-12-22,4932800.0
2010-12-23,4050800.0
2010-12-24,3337700.0
2010-12-25,2827700.0
2010-12-26,3325800.0
2010-12-27,5020000.0
2010-12-28,3071200.0
2010-12-29,2802400.0
2010-12-30,3207500.0
2010-12-31,2959200.0
2011-01-01,2745100.0
2011-01-02,2735400.0
2011-01-03,3730300.0
2011-01-04,4256000.0
2011-01-05,4815500.0
2011-01-06,2644000.0
2011-01-07,3114400.0
2011-01-08,2703700.0
2011-01-09,4462900.0
2011-01-10,3717600.0
2011-01-11,3828800.0
2011-01-12,4052800.0
2011-01-13,3270600.0
2011-01-14,3072000.0
2011-01-15,2649800.0
2011-01-16,3973800.0
2011-01-17,2762000.0
2011-01-18,2957400.0
2011-01-19,2500900.0
2011-01-20,1965000.0
2011-01-21,1865000.0
2011-01-22,1678000.0
2011-01-23,1472600.0
2011-01-24,1045000.0
2011-01-25,2806100.0
2011-01-26,4390200.0
2011-01-27,3432000.0
2011-01-28,2448500.0
2011-01-29,1486200.0
2011-01-30,1478300.0
2011-01-31,1480500.0
2011-02-01,1402200.0
2011-02-02,1563800.0
2011-02-03,1451200.0
2011-02-04,1358600.0
2011-02-05,1248600.0
2011-02-06,1249000.0
2011-02-07,1140400.0
2011-02-08,1256400.0
2011-02-09,1259500.0
2011-02-10,832600.0
2011-02-11,829500.0
2011-02-12,954100.0
2011-02-13,953700.0
2011-02-14,726800.0
2011-02-15,1261900.0
2011-02-16,1466800.0
2011-02-17,1865200.0
2011-02-18,1654500.0
2011-02-19,1232500.0
2011-02-20,1120500.0
2011-02-21,1117500.0
2011-02-22,915200.0
2011-02-23,1126100.0
2011-02-24,821400.0
2011-02-25,714200.0
2011-02-26,715100.0
2011-02-27,738300.0
2011-02-28,1271800.0
2011-03-01,2419300.0
2011-03-02,1677800.0
2011-03-03,1510700.0
2011-03-04,1557100.0
2011-03-05,1127900.0
2011-03-06,872300.0
2011-03-07,985800.0
2011-03-08,783100.0
2011-03-09,622300.0
2011-03-10,1424000.0
2011-03-11,715900.0
2011-03-12,896400.0
2011-03-13,526100.0
2011-03-14,394000.0
2011-03-15,696100.0
2011-03-16,612000.0
2011-03-17,499900.0
2011-03-18,362000.0
2011-03-19,1699100.0
2011-03-20,3806700.0
2011-03-21,6520600.0
2011-03-22,5680800.0
2011-03-23,3726100.0
2011-03-24,2664200.0
2011-03-25,3729900.0
2011-03-26,2866300.0
2011-03-27,2123300.0
2011-03-28,2419900.0
2011-03-29,1464900.0
2011-03-30,2860600.0
2011-03-31,2398500.0
2011-04-01,1523900.0
2011-04-02,1723400.0
2011-04-03,2199900.0
2011-04-04,2921900.0
2011-04-05,2139800.0
2011-04-06,2019700.0
2011-04-07,5476600.0
2011-04-08,6639500.0
2011-04-09,8327400.0
2011-04-10,7568100.0
2011-04-11,6058700.0
2011-04-12,7317900.0
2011-04-13,6695400.0
2011-04-14,7397700.0
2011-04-15,7175200.0
2011-04-16,7813400.0
2011-04-17,5152200.0
2011-04-18,6729600.0
2011-04-19,5651200.0
2011-04-20,6010400.0
2011-04-21,5389700.0
2011-04-22,4650700.0
2011-04-23,3769100.0
2011-04-24,5859000.0
2011-04-25,3570800.0
2011-04-26,3702100.0
2011-04-27,4114400.0
2011-04-28,4558600.0
2011-04-29,3543000.0
2011-04-30,5032200.0
2011-05-01,3488200.0
2011-05-02,3465500.0
2011-05-03,3650200.0
2011-05-04,2593600.0
2011-05-05,2432600.0
2011-05-06,2937500.0
2011-05-07,9040400.0
2011-05-08,5468600.0
2011-05-09,5662000.0
2011-05-10,5898300.0
2011-05-11,7229800.0
2011-05-12,4691400.0
2011-05-13,4409800.0
2011-05-14,3803800.0
2011-05-15,2732000.0
2011-05-16,2660200.0
2011-05-17,3436800.0
2011-05-18,3327800.0
2011-05-19,2962400.0
2011-05-20,2402000.0
2011-05-21,2894000.0
2011-05-22,4493400.0
2011-05-23,3979700.0
2011-05-24,3327900.0
2011-05-25,2934700.0
2011-05-26,3077800.0
2011-05-27,7908600.0
2011-05-28,5433700.0
2011-05-29,8683900.0
2011-05-30,8232300.0
2011-05-31,6902300.0
2011-06-01,5802100.0
2011-06-02,4952600.0
2011-06-03,3811000.0
2011-06-04,3489100.0
2011-06-05,4518800.0
2011-06-06,3722200.0
2011-06-07,3317000.0
2011-06-08,5117400.0
2011-06-09,3707500.0
2011-06-10,4655800.0
2011-06-11,4161700.0
2011-06-12,3381300.0
2011-06-13,2940200.0
2011-06-14,4124700.0
2011-06-15,3592500.0
2011-06-16,3869200.0
2011-06-17,3964800.0
2011-06-18,3811100.0
2011-06-19,6115700.0
2011-06-20,4519100.0
2011-06-21,3882400.0
2011-06-22,3835500.0
2011-06-23,5212800.0
2011-06-24,6113700.0
2011-06-25,13373800.0
2011-06-26,8807700.0
2011-06-27,6796800.0
2011-06-28,4358200.0
2011-06-29,3723000.0
2011-06-30,4016400.0
2011-07-01,4241900.0
2011-07-02,3592600.0
2011-07-03,3527900.0
2011-07-04,3948000.0
2011-07-05,3251100.0
2011-07-06,9342300.0
2011-07-07,5520300.0
2011-07-08,4005700.0
2011-07-09,5775700.0
2011-07-10,5422500.0
2011-07-11,4039900.0
2011-07-12,4198300.0
2011-07-13,6038300.0
2011-07-14,5271300.0
2011-07-15,4328200.0
2011-07-16,3537800.0
2011-07-17,4324900.0
2011-07-18,2921700.0
2011-07-19,4951000.0
2011-07-20,3914500.0
2011-07-21,3919800.0
2011-07-22,3077900.0
2011-07-23,3949900.0
2011-07-24,5230000.0
2011-07-25,5634700.0
2011-07-26,7752200.0
2011-07-27,5656500.0
2011-07-28,8780600.0
2011-07-29,6763200.0
2011-07-30,5556300.0
2011-07-31,4177800.0
2011-08-01,3348500.0
2011-08-02,3238400.0
2011-08-03,3944700.0
2011-08-04,3655500.0
2011-08-05,3672300.0
2011-08-06,3380600.0
2011-08-07,5478800.0
2011-08-08,3596300.0
2011-08-09,5467600.0
2011-08-10,5959200.0
2011-08-11,6145600.0
2011-08-12,4613700.0
2011-08-13,4009700.0
2011-08-14,4078700.0
2011-08-15,4181400.0
2011-08-16,6575400.0
2011-08-17,5173000.0
2011-08-18,5024400.0
2011-08-19,3930300.0
2011-08-20,3343600.0
2011-08-21,2747100.0
2011-08-22,3251400.0
2011-08-23,3032500.0
2011-08-24,4457600.0
2011-08-25,3236000.0
2011-08-26,3654900.0
2011-08-27,6689100.0
2011-08-28,7117700.0
2011-08-29,5681000.0
2011-08-30,4332500.0
2011-08-31,3895900.0
2011-09-01,4618500.0
2011-09-02,3273600.0
2011-09-03,3243700.0
2011-09-04,2406800.0
2011-09-05,2271100.0
2011-09-06,2076300.0
2011-09-07,4103200.0
2011-09-08,4303700.0
2011-09-09,3322500.0
2011-09-10,4084300.0
2011-09-11,4676900.0
2011-09-12,4271600.0
2011-09-13,9273100.0
2011-09-14,6656900.0
2011-09-15,7218800.0
2011-09-16,3966100.0
2011-09-17,4099500.0
2011-09-18,6971000.0
2011-09-19,4627300.0
2011-09-20,9511800.0
2011-09-21,4592500.0
2011-09-22,3996300.0
2011-09-23,6265800.0
2011-09-24,3820300.0
2011-09-25,4965900.0
2011-09-26,6601600.0
2011-09-27,4836600.0
2011-09-28,3483300.0
2011-09-29,7332500.0
2011-09-30,4130700.0
2011-10-01,4174500.0
2011-10-02,3161800.0
2011-10-03,3605500.0
2011-10-04,4389700.0
2011-10-05,3806200.0
2011-10-06,8978200.0
2011-10-07,10184700.0
2011-10-08,6516800.0
2011-10-09,4620000.0
2011-10-10,4954000.0
2011-10-11,4805300.0
2011-10-12,5304000.0
2011-10-13,5720400.0
2011-10-14,4117500.0
2011-10-15,4410900.0
2011-10-16,3341700.0
2011-10-17,4116600.0
2011-10-18,2549700.0
2011-10-19,2759300.0
2011-10-20,992400.0
2011-10-21,2113200.0
2011-10-22,1540700.0
2011-10-23,1760300.0
2011-10-24,1626400.0
2011-10-25,2197400.0
2011-10-26,1915800.0
2011-10-27,2458100.0
2011-10-28,3228200.0
2011-10-29,2487000.0
2011-10-30,3185800.0
2011-10-31,2923500.0
2011-11-01,3490900.0
2011-11-02,2338600.0
2011-11-03,2580800.0
2011-11-04,1948400.0
2011-11-05,3479800.0
2011-11-06,4091200.0
2011-11-07,5394500.0
2011-11-08,4212900.0
2011-11-09,4266700.0
2011-11-10,3681600.0
2011-11-11,3673800.0
2011-11-12,3081300.0
2011-11-13,3367700.0
2011-11-14,6741500.0
2011-11-15,4638800.0
2011-11-16,6077600.0
2011-11-17,4996200.0
2011-11-18,5741600.0
2011-11-19,5848200.0
2011-11-20,4924900.0
2011-11-21,3871300.0
2011-11-22,3725700.0
2011-11-23,3119600.0
2011-11-24,6467600.0
2011-11-25,5061700.0
2011-11-26,6133900.0
2011-11-27,5480500.0
2011-11-28,4463500.0
2011-11-29,3874400.0
2011-11-30,4353100.0
2011-12-01,4181800.0
2011-12-02,4116400.0
2011-12-03,4052600.0
2011-12-04,3321700.0
2011-12-05,3224200.0
2011-12-06,3156800.0
2011-12-07,5865600.0
2011-12-08,7618600.0
2011-12-09,4884500.0
2011-12-10,4716600.0
2011-12-11,3640400.0
2011-12-12,3594900.0
2011-12-13,6104500.0
2011-12-14,5281500.0
2011-12-15,5929400.0
2011-12-16,6125700.0
2011-12-17,5658900.0
2011-12-18,6167000.0
2011-12-19,4791000.0
2011-12-20,5086000.0
2011-12-21,4215800.0
2011-12-22,3725600.0
2011-12-23,3637200.0
2011-12-24,4091600.0
2011-12-25,3551100.0
2011-12-26,3342500.0
2011-12-27,3261800.0
2011-12-28,4457700.0
2011-12-29,3756000.0
2011-12-30,3620300.0
2011-12-31,3037300.0
2012-01-01,2638900.0
2012-01-02,2887200.0
2012-01-03,4110500.0
2012-01-04,3217800.0
2012-01-05,3014700.0
2012-01-06,3247600.0
2012-01-07,3363100.0
2012-01-08,3209300.0
2012-01-09,2549800.0
2012-01-10,1698800.0
2012-01-11,1853500.0
2012-01-12,1496300.0
2012-01-13,1865000.0
2012-01-14,1410400.0
2012-01-15,1479100.0
2012-01-16,1449500.0
2012-01-17,1617400.0
2012-01-18,1327900.0
2012-01-19,1401300.0
2012-01-20,1343000.0
2012-01-21,1134300.0
2012-01-22,1712100.0
2012-01-23,940700.0
2012-01-24,1150500.0
2012-01-25,1194100.0
2012-01-26,1054800.0
2012-01-27,2685700.0
2012-01-28,1701600.0
2012-01-29,2355400.0
2012-01-30,3289700.0
2012-01-31,2488500.0
2012-02-01,2043500.0
2012-02-02,1574100.0
2012-02-03,1337200.0
2012-02-04,1265600.0
2012-02-05,1237800.0
2012-02-06,1116600.0
2012-02-07,1042600.0
2012-02-08,1056600.0
2012-02-09,1709900.0
2012-02-10,1368400.0
2012-02-11,935400.0
2012-02-12,1500300.0
2012-02-13,852600.0
2012-02-14,990000.0
2012-02-15,509300.0
2012-02-16,737800.0
2012-02-17,511400.0
2012-02-18,707200.0
2012-02-19,594400.0
2012-02-20,610200.0
2012-02-21,395400.0
2012-02-22,648900.0
2012-02-23,433200.0
2012-02-24,502900.0
2012-02-25,439800.0
2012-02-26,646600.0
2012-02-27,303800.0
2012-02-28,642400.0
2012-02-29,612500.0
2012-03-01,503700.0
2012-03-02,513200.0
2012-03-03,507400.0
2012-03-04,521200.0
2012-03-05,1347400.0
2012-03-06,835900.0
2012-03-07,1248500.0
2012-03-08,1216100.0
2012-03-09,668600.0
2012-03-10,657800.0
2012-03-11,656000.0
2012-03-12,300400.0
2012-03-13,1357600.0
2012-03-14,1333100.0
2012-03-15,1246200.0
2012-03-16,1167500.0
2012-03-17,1446700.0
2012-03-18,1086000.0
2012-03-19,1607900.0
2012-03-20,3377800.0
2012-03-21,1998600.0
2012-03-22,2699200.0
2012-03-23,1812100.0
2012-03-24,1832100.0
2012-03-25,2079000.0
2012-03-26,3106300.0
2012-03-27,1596900.0
2012-03-28,1534500.0
2012-03-29,1127100.0
2012-03-30,3728800.0
2012-03-31,2472100.0
2012-04-01,3470100.0
2012-04-02,2723100.0
2012-04-03,3405100.0
2012-04-04,3068800.0
2012-04-05,2387200.0
2012-04-06,2475300.0
2012-04-07,4424000.0
2012-04-08,9581100.0
2012-04-09,7927700.0
2012-04-10,4811400.0
2012-04-11,3078600.0
2012-04-12,2376700.0
2012-04-13,1805600.0
2012-04-14,3415100.0
2012-04-15,2776300.0
2012-04-16,2448100.0
2012-04-17,2602300.0
2012-04-18,2337900.0
2012-04-19,2755600.0
2012-04-20,3464900.0
2012-04-21,4788500.0
2012-04-22,4462500.0
2012-04-23,4225000.0
2012-04-24,10649700.0
2012-04-25,6480600.0
2012-04-26,11284600.0
2012-04-27,8178400.0
2012-04-28,18347400.0
2012-04-29,9610800.0
2012-04-30,8237500.0
2012-05-01,8951500.0
2012-05-02,6860200.0
2012-05-03,9350800.0
2012-05-04,6141800.0
2012-05-05,4991000.0
2012-05-06,5484400.0
2012-05-07,7277900.0
2012-05-08,6602900.0
2012-05-09,5430700.0
2012-05-10,4209200.0
2012-05-11,7380100.0
2012-05-12,6381200.0
2012-05-13,9054000.0
2012-05-14,6829100.0
2012-05-15,4956500.0
2012-05-16,4534200.0
2012-05-17,4424100.0
2012-05-18,5651100.0
2012-05-19,4130300.0
2012-05-20,4414900.0
2012-05-21,3593900.0
2012-05-22,4480800.0
2012-05-23,3861500.0
2012-05-24,2903300.0
2012-05-25,3524800.0
2012-05-26,2854900.0
2012-05-27,3895900.0
2012-05-28,5679600.0
2012-05-29,3756200.0
2012-05-30,2850000.0
2012-05-31,3655500.0
2012-06-01,7180900.0
2012-06-02,4437400.0
2012-06-03,8109300.0
2012-06-04,5704600.0
2012-06-05,7103300.0
2012-06-06,4704300.0
2012-06-07,3626100.0
2012-06-08,4981000.0
2012-06-09,4560800.0
2012-06-10,4024200.0
2012-06-11,4144800.0
2012-06-12,6535300.0
2012-06-13,4700100.0
2012-06-14,3981200.0
2012-06-15,3502700.0
2012-06-16,3797100.0
2012-06-17,3096400.0
2012-06-18,2629100.0
2012-06-19,2539900.0
2012-06-20,2063700.0
2012-06-21,3909700.0
2012-06-22,3028100.0
2012-06-23,2714100.0
2012-06-24,4795300.0
2012-06-25,4088700.0
2012-06-26,3674900.0
2012-06-27,3055900.0
2012-06-28,2682700.0
2012-06-29,3324800.0
2012-06-30,3022900.0
2012-07-01,2984900.0
2012-07-02,2460700.0
2012-07-03,2612700.0
2012-07-04,3781000.0
2012-07-05,3474600.0
2012-07-06,3831100.0
2012-07-07,4175200.0
2012-07-08,5945000.0
2012-07-09,3861900.0
2012-07-10,4726500.0
2012-07-11,3855200.0
2012-07-12,3616100.0
2012-07-13,3598700.0
2012-07-14,4099100.0
2012-07-15,3571900.0
2012-07-16,3275300.0
2012-07-17,3904800.0
2012-07-18,4494600.0
2012-07-19,4207600.0
2012-07-20,7106300.0
2012-07-21,4476500.0
2012-07-22,5417700.0
2012-07-23,9119400.0
2012-07-24,7744500.0
2012-07-25,6364100.0
2012-07-26,4895400.0
2012-07-27,6511000.0
2012-07-28,5941300.0
2012-07-29,5298400.0
2012-07-30,4653600.0
2012-07-31,3584800.0
2012-08-01,2788000.0
2012-08-02,3194300.0
2012-08-03,3247000.0
2012-08-04,2637600.0
2012-08-05,3990000.0
2012-08-06,3722700.0
2012-08-07,3505000.0
2012-08-08,3279500.0
2012-08-09,3277500.0
2012-08-10,4217700.0
2012-08-11,5502500.0
2012-08-12,6044100.0
2012-08-13,6477800.0
2012-08-14,6636500.0
2012-08-15,5827200.0
2012-08-16,4791300.0
2012-08-17,4856800.0
2012-08-18,5445100.0
2012-08-19,4917000.0
2012-08-20,5986100.0
2012-08-21,4296200.0
2012-08-22,3064600.0
2012-08-23,4088600.0
2012-08-24,4740700.0
2012-08-25,4192300.0
2012-08-26,2608500.0
2012-08-27,2627700.0
2012-08-28,3097600.0
2012-08-29,3434600.0
2012-08-30,4024900.0
2012-08-31,3004900.0
2012-09-01,2813600.0
2012-09-02,3544800.0
2012-09-03,4721100.0
2012-09-04,6270400.0
2012-09-05,5972500.0
2012-09-06,11294800.0
2012-09-07,5378700.0
2012-09-08,4015000.0
2012-09-09,4366900.0
2012-09-10,3086200.0
2012-09-11,3378000.0
2012-09-12,3025900.0
2012-09-13,3346200.0
2012-09-14,3368200.0
2012-09-15,2756600.0
2012-09-16,3895600.0
2012-09-17,4237500.0
2012-09-18,3118600.0
2012-09-19,3236500.0
2012-09-20,5857400.0
2012-09-21,3768300.0
2012-09-22,3549100.0
2012-09-23,4276600.0
2012-09-24,6137800.0
2012-09-25,4042700.0
2012-09-26,3629500.0
2012-09-27,4389900.0
2012-09-28,3708700.0
2012-09-29,2814600.0
2012-09-30,5028800.0
2012-10-01,3123300.0
2012-10-02,3013100.0
2012-10-03,1957600.0
2012-10-04,2483900.0
2012-10-05,2395700.0
2012-10-06,2901800.0
2012-10-07,3418200.0
2012-10-08,9017800.0
2012-10-09,4861700.0
2012-10-10,4572900.0
2012-10-11,3484800.0
2012-10-12,3105500.0
2012-10-13,3859200.0
2012-10-14,6862500.0
2012-10-15,4619300.0
2012-10-16,3548100.0
2012-10-17,3055700.0
2012-10-18,3803500.0
2012-10-19,3323300.0
2012-10-20,2659600.0
2012-10-21,7034800.0
2012-10-22,7237100.0
2012-10-23,4387400.0
2012-10-24,3450700.0
2012-10-25,2921000.0
2012-10-26,2424600.0
2012-10-27,2806100.0
2012-10-28,2664900.0
2012-10-29,8410500.0
2012-10-30,10445400.0
2012-10-31,6622500.0
2012-11-01,5624100.0
2012-11-02,5992600.0
2012-11-03,4852000.0
2012-11-04,3510100.0
2012-11-05,3566700.0
2012-11-06,4215500.0
2012-11-07,3722800.0
2012-11-08,2899900.0
2012-11-09,3245200.0
2012-11-10,4272700.0
2012-11-11,3375800.0
2012-11-12,3140400.0
2012-11-13,3023200.0
2012-11-14,2686200.0
2012-11-15,3344000.0
2012-11-16,2985500.0
2012-11-17,3020000.0
2012-11-18,5138600.0
2012-11-19,3461500.0
2012-11-20,3459500.0
2012-11-21,2930600.0
2012-11-22,3440200.0
2012-11-23,3226600.0
2012-11-24,3665500.0
2012-11-25,3394800.0
2012-11-26,3498200.0
2012-11-27,3660500.0
2012-11-28,2674400.0
2012-11-29,1692000.0
2012-11-30,1982400.0
2012-12-01,2786900.0
2012-12-02,5232100.0
2012-12-03,3597600.0
2012-12-04,3088800.0
2012-12-05,2526200.0
2012-12-06,2547600.0
2012-12-07,2714700.0
2012-12-08,2355600.0
2012-12-09,2128700.0
2012-12-10,1766000.0
2012-12-11,1819200.0
2012-12-12,2021700.0
2012-12-13,2233700.0
2012-12-14,1790700.0
2012-12-15,2122700.0
2012-12-16,2567100.0
2012-12-17,2001000.0
2012-12-18,1877900.0
2012-12-19,1193300.0
2012-12-20,1198300.0
2012-12-21,1557600.0
2012-12-22,2566800.0
2012-12-23,2779700.0
2012-12-24,2495300.0
2012-12-25,2449100.0
2012-12-26,1478100.0
2012-12-27,1242900.0
2012-12-28,1281400.0
2012-12-29,1768700.0
2012-12-30,1585500.0
2012-12-31,1349100.0
2013-01-01,1225600.0
2013-01-02,1376600.0
2013-01-03,1815900.0
2013-01-04,1327000.0
2013-01-05,1472400.0
2013-01-06,1144300.0
2013-01-07,1036700.0
2013-01-08,741500.0
2013-01-09,617600.0
2013-01-10,831700.0
2013-01-11,881600.0
2013-01-12,949600.0
2013-01-13,775400.0
2013-01-14,778600.0
2013-01-15,772200.0
2013-01-16,665500.0
2013-01-17,778000.0
2013-01-18,668000.0
2013-01-19,777200.0
2013-01-20,564300.0
2013-01-21,672800.0
2013-01-22,546700.0
2013-01-23,285000.0
2013-01-24,138400.0
2013-01-25,591800.0
2013-01-26,646800.0
2013-01-27,400400.0
2013-01-28,316300.0
2013-01-29,353500.0
2013-01-30,504800.0
2013-01-31,397800.0
2013-02-01,466600.0
2013-02-02,673000.0
2013-02-03,568300.0
2013-02-04,1499800.0
2013-02-05,879500.0
2013-02-06,731900.0
2013-02-07,342800.0
2013-02-08,621500.0
2013-02-09,778900.0
2013-02-10,1083700.0
2013-02-11,1149000.0
2013-02-12,729300.0
2013-02-13,646400.0
2013-02-14,506100.0
2013-02-15,425500.0
2013-02-16,650600.0
2013-02-17,847800.0
2013-02-18,614900.0
2013-02-19,440100.0
2013-02-20,463600.0
2013-02-21,584400.0
2013-02-22,432500.0
2013-02-23,858000.0
2013-02-24,678000.0
2013-02-25,368400.0
2013-02-26,258700.0
2013-02-27,472300.0
2013-02-28,261600.0
2013-03-01,633100.0
2013-03-02,408100.0
2013-03-03,9600700.0
2013-03-04,3316200.0
2013-03-05,2091800.0
2013-03-06,2122300.0
2013-03-07,1794100.0
2013-03-08,1326800.0
2013-03-09,1463600.0
2013-03-10,2972000.0
2013-03-11,1785900.0
2013-03-12,2216100.0
2013-03-13,2151900.0
2013-03-14,9020900.0
2013-03-15,13452300.0
2013-03-16,12043300.0
2013-03-17,8474000.0
2013-03-18,6428400.0
2013-03-19,4686500.0
2013-03-20,4716400.0
2013-03-21,8791700.0
2013-03-22,5862500.0
2013-03-23,3561100.0
2013-03-24,1894200.0
2013-03-25,2232400.0
2013-03-26,2034200.0
2013-03-27,4628500.0
2013-03-28,6626400.0
2013-03-29,9106600.0
2013-03-30,10524000.0
2013-03-31,6544400.0
2013-04-01,4400600.0
2013-04-02,4070800.0
2013-04-03,2891200.0
2013-04-04,2148900.0
2013-04-05,1489500.0
2013-04-06,2010700.0
2013-04-07,929300.0
2013-04-08,1566700.0
2013-04-09,2383500.0
2013-04-10,2355700.0
2013-04-11,2757500.0
2013-04-12,2493500.0
2013-04-13,3235800.0
2013-04-14,2492400.0
2013-04-15,2994300.0
2013-04-16,2378200.0
2013-04-17,3120300.0
2013-04-18,2372600.0
2013-04-19,2666000.0
2013-04-20,2224700.0
2013-04-21,2243100.0
2013-04-22,3088300.0
2013-04-23,7888000.0
2013-04-24,4482500.0
2013-04-25,4400500.0
2013-04-26,9293300.0
2013-04-27,6059800.0
2013-04-28,4363500.0
2013-04-29,4902600.0
2013-04-30,3736500.0
2013-05-01,3461500.0
2013-05-02,4398100.0
2013-05-03,4348600.0
2013-05-04,4347600.0
2013-05-05,3802200.0
2013-05-06,3393000.0
2013-05-07,4281200.0
2013-05-08,3610200.0
2013-05-09,6541000.0
2013-05-10,4452000.0
2013-05-11,3380600.0
2013-05-12,2886300.0
2013-05-13,3201600.0
2013-05-14,4253600.0
2013-05-15,13500600.0
2013-05-16,6144800.0
2013-05-17,4764300.0
2013-05-18,4476800.0
2013-05-19,4475000.0
2013-05-20,4182900.0
2013-05-21,4610500.0
2013-05-22,7251100.0
2013-05-23,8913900.0
2013-05-24,5709400.0
2013-05-25,4568100.0
2013-05-26,5014000.0
2013-05-27,5303100.0
2013-05-28,3953700.0
2013-05-29,3498500.0
2013-05-30,3760900.0
2013-05-31,4044200.0
2013-06-01,3315600.0
2013-06-02,3071200.0
2013-06-03,5386900.0
2013-06-04,5663700.0
2013-06-05,4150400.0
2013-06-06,3885900.0
2013-06-07,3500900.0
2013-06-08,4808700.0
2013-06-09,4797600.0
2013-06-10,6309000.0
2013-06-11,6957100.0
2013-06-12,6176600.0
2013-06-13,6612500.0
2013-06-14,6050700.0
2013-06-15,5249000.0
2013-06-16,3759200.0
2013-06-17,3425400.0
2013-06-18,3848400.0
2013-06-19,4619100.0
2013-06-20,3771600.0
2013-06-21,3843300.0
2013-06-22,3395900.0
2013-06-23,3843200.0
2013-06-24,3747400.0
2013-06-25,3742200.0
2013-06-26,3180300.0
2013-06-27,2792200.0
2013-06-28,4847100.0
2013-06-29,3438900.0
2013-06-30,4504700.0
2013-07-01,3405100.0
2013-07-02,3651200.0
2013-07-03,3101100.0
2013-07-04,2525600.0
2013-07-05,2349700.0
2013-07-06,2522000.0
2013-07-07,3403100.0
2013-07-08,4683600.0
2013-07-09,4320300.0
2013-07-10,7093000.0
2013-07-11,4665400.0
2013-07-12,3644800.0
2013-07-13,3436200.0
2013-07-14,3353500.0
2013-07-15,3910100.0
2013-07-16,2926400.0
2013-07-17,3738000.0
2013-07-18,2752700.0
2013-07-19,2810400.0
2013-07-20,3098900.0
2013-07-21,4097300.0
2013-07-22,4040500.0
2013-07-23,2809900.0
2013-07-24,2561700.0
2013-07-25,2860700.0
2013-07-26,4047300.0
2013-07-27,4427700.0
2013-07-28,6426100.0
2013-07-29,9178200.0
2013-07-30,6668800.0
2013-07-31,8044800.0
2013-08-01,7031600.0
2013-08-02,5315800.0
2013-08-03,4063600.0
2013-08-04,6809100.0
2013-08-05,4838000.0
2013-08-06,3832000.0
2013-08-07,5232500.0
2013-08-08,6029700.0
2013-08-09,4985300.0
2013-08-10,4600300.0
2013-08-11,5881100.0
2013-08-12,5109900.0
2013-08-13,5451900.0
2013-08-14,4290400.0
2013-08-15,3931300.0
2013-08-16,6249200.0
2013-08-17,5094800.0
2013-08-18,4390300.0
2013-08-19,5310700.0
2013-08-20,5804400.0
2013-08-21,6822700.0
2013-08-22,9957700.0
2013-08-23,8143600.0
2013-08-24,9091900.0
2013-08-25,6442000.0
2013-08-26,5170100.0
2013-08-27,4795300.0
2013-08-28,4969000.0
2013-08-29,5587400.0
2013-08-30,6270300.0
2013-08-31,8895900.0
2013-09-01,13785800.0
2013-09-02,8874600.0
2013-09-03,9356600.0
2013-09-04,6736600.0
2013-09-05,10084300.0
2013-09-06,11671700.0
2013-09-07,7211300.0
2013-09-08,5077700.0
2013-09-09,5391600.0
2013-09-10,4755700.0
2013-09-11,4171100.0
2013-09-12,5971500.0
2013-09-13,6447500.0
2013-09-14,5707600.0
2013-09-15,4569800.0
2013-09-16,7575300.0
2013-09-17,7700700.0
2013-09-18,6488100.0
2013-09-19,5398200.0
2013-09-20,3984200.0
2013-09-21,4258000.0
2013-09-22,5334400.0
2013-09-23,3361900.0
2013-09-24,3291400.0
2013-09-25,3178700.0
2013-09-26,3605300.0
2013-09-27,4047700.0
2013-09-28,6367600.0
2013-09-29,5872400.0
2013-09-30,6839900.0
2013-10-01,5534300.0
2013-10-02,4807400.0
2013-10-03,7545800.0
2013-10-04,6391200.0
2013-10-05,4668800.0
2013-10-06,3621400.0
2013-10-07,3773200.0
2013-10-08,7547000.0
2013-10-09,5076300.0
2013-10-10,4414500.0
2013-10-11,4844600.0
2013-10-12,4554300.0
2013-10-13,3834700.0
2013-10-14,4191900.0
2013-10-15,3646300.0
2013-10-16,4983800.0
2013-10-17,4321800.0
2013-10-18,5440800.0
2013-10-19,5411000.0
2013-10-20,4300100.0
2013-10-21,4127700.0
2013-10-22,3844500.0
2013-10-23,3279000.0
2013-10-24,4323300.0
2013-10-25,4306700.0
2013-10-26,4114100.0
2013-10-27,4267200.0
2013-10-28,3720500.0
2013-10-29,4410800.0
2013-10-30,3093700.0
2013-10-31,2840800.0
2013-11-01,2606000.0
2013-11-02,2574700.0
2013-11-03,2339000.0
2013-11-04,3161400.0
2013-11-05,4192500.0
2013-11-06,3589200.0
2013-11-07,5339500.0
2013-11-08,4871600.0
2013-11-09,4844100.0
2013-11-10,4728500.0
2013-11-11,3629900.0
2013-11-12,4655500.0
2013-11-13,3956000.0
2013-11-14,4766000.0
2013-11-15,4464400.0
2013-11-16,3999100.0
2013-11-17,3350900.0
2013-11-18,3180600.0
2013-11-19,3161100.0
2013-11-20,3214000.0
2013-11-21,3036400.0
2013-11-22,3392700.0
2013-11-23,3120700.0
2013-11-24,3329000.0
2013-11-25,3599600.0
2013-11-26,4027100.0
2013-11-27,3072600.0
2013-11-28,3810600.0
2013-11-29,2915400.0
2013-11-30,3902400.0
2013-12-01,3179400.0
2013-12-02,4427100.0
2013-12-03,3966300.0
2013-12-04,5002700.0
2013-12-05,3621100.0
2013-12-06,3653100.0
2013-12-07,3950300.0
2013-12-08,4316700.0
2013-12-09,5894000.0
2013-12-10,4036900.0
2013-12-11,3555600.0
2013-12-12,2850600.0
2013-12-13,3126000.0
2013-12-14,2925500.0
2013-12-15,3422100.0
2013-12-16,2728200.0
2013-12-17,3480600.0
2013-12-18,3832400.0
2013-12-19,3275500.0
2013-12-20,2577800.0
2013-12-21,2252000.0
2013-12-22,2117000.0
2013-12-23,2073700.0
2013-12-24,1902400.0
2013-12-25,1947800.0
2013-12-26,1787400.0
2013-12-27,1677400.0
2013-12-28,1650200.0
2013-12-29,1292800.0
2013-12-30,1379200.0
2013-12-31,1240600.0
2014-01-01,2531900.0
2014-01-02,1903900.0
2014-01-03,3507300.0
2014-01-04,1995300.0
2014-01-05,1761600.0
2014-01-06,1821800.0
2014-01-07,1639700.0
2014-01-08,1404200.0
2014-01-09,1229300.0
2014-01-10,1557800.0
2014-01-11,1386800.0
2014-01-12,1180700.0
2014-01-13,944100.0
2014-01-14,936600.0
2014-01-15,924000.0
2014-01-16,1032600.0
2014-01-17,976400.0
2014-01-18,917400.0
2014-01-19,925700.0
2014-01-20,1043400.0
2014-01-21,1114300.0
2014-01-22,2793600.0
2014-01-23,2179700.0
2014-01-24,1920600.0
2014-01-25,1482500.0
2014-01-26,1318100.0
2014-01-27,1007100.0
2014-01-28,831600.0
2014-01-29,1220200.0
2014-01-30,934200.0
2014-01-31,907300.0
2014-02-01,1009100.0
2014-02-02,845100.0
2014-02-03,859400.0
2014-02-04,733800.0
2014-02-05,669600.0
2014-02-06,694900.0
2014-02-07,935800.0
2014-02-08,678100.0
2014-02-09,940200.0
2014-02-10,925800.0
2014-02-11,837800.0
2014-02-12,707500.0
2014-02-13,592000.0
2014-02-14,821600.0
2014-02-15,1034200.0
2014-02-16,799800.0
2014-02-17,732800.0
2014-02-18,684000.0
2014-02-19,600200.0
2014-02-20,661300.0
2014-02-21,416900.0
2014-02-22,503100.0
2014-02-23,495300.0
2014-02-24,505500.0
2014-02-25,437100.0
2014-02-26,555200.0
2014-02-27,640000.0
2014-02-28,735700.0
2014-03-01,1568300.0
2014-03-02,1264200.0
2014-03-03,764700.0
2014-03-04,509900.0
2014-03-05,519400.0
2014-03-06,437400.0
2014-03-07,456300.0
2014-03-08,607400.0
2014-03-09,1198200.0
2014-03-10,775500.0
2014-03-11,633300.0
2014-03-12,459100.0
2014-03-13,782500.0
2014-03-14,768400.0
2014-03-15,627900.0
2014-03-16,592300.0
2014-03-17,558400.0
2014-03-18,2715500.0
2014-03-19,2395100.0
2014-03-20,1623800.0
2014-03-21,1853300.0
2014-03-22,1912000.0
2014-03-23,1119000.0
2014-03-24,906000.0
2014-03-25,966000.0
2014-03-26,2112800.0
2014-03-27,1341500.0
2014-03-28,970500.0
2014-03-29,871300.0
2014-03-30,558000.0
2014-03-31,664400.0
2014-04-01,660600.0
2014-04-02,588400.0
2014-04-03,1150100.0
2014-04-04,883400.0
2014-04-05,869400.0
2014-04-06,1069500.0
2014-04-07,856600.0
2014-04-08,738100.0
2014-04-09,806600.0
2014-04-10,785700.0
2014-04-11,829600.0
2014-04-12,1210700.0
2014-04-13,1626600.0
2014-04-14,884100.0
2014-04-15,955300.0
2014-04-16,1179800.0
2014-04-17,1177100.0
2014-04-18,1120600.0
2014-04-19,1749100.0
2014-04-20,2777100.0
2014-04-21,1546300.0
2014-04-22,2299000.0
2014-04-23,3441400.0
2014-04-24,2888000.0
2014-04-25,2861000.0
2014-04-26,3592100.0
2014-04-27,2697400.0
2014-04-28,2449800.0
2014-04-29,1882500.0
2014-04-30,2045400.0
2014-05-01,2725600.0
2014-05-02,3512500.0
2014-05-03,3696700.0
2014-05-04,3259400.0
2014-05-05,3866200.0
2014-05-06,4373700.0
2014-05-07,4171500.0
2014-05-08,3884500.0
2014-05-09,3979200.0
2014-05-10,3026000.0
2014-05-11,2896300.0
2014-05-12,3215100.0
2014-05-13,2441600.0
2014-05-14,4209000.0
2014-05-15,2918200.0
2014-05-16,2408500.0
2014-05-17,2717800.0
2014-05-18,2730400.0
2014-05-19,3148300.0
2014-05-20,3095000.0
2014-05-21,2573500.0
2014-05-22,2852900.0
2014-05-23,3282700.0
2014-05-24,3479300.0
2014-05-25,2591200.0
2014-05-26,2695100.0
2014-05-27,3456500.0
2014-05-28,5000200.0
2014-05-29,8303300.0
2014-05-30,4692700.0
2014-05-31,4252400.0
2014-06-01,3691700.0
2014-06-02,5340700.0
2014-06-03,4150800.0
2014-06-04,3555500.0
2014-06-05,3585700.0
2014-06-06,2988400.0
2014-06-07,3723600.0
2014-06-08,3405800.0
2014-06-09,2766300.0
2014-06-10,5363300.0
2014-06-11,3552100.0
2014-06-12,3092800.0
2014-06-13,2884800.0
2014-06-14,5764400.0
2014-06-15,5888700.0
2014-06-16,5224200.0
2014-06-17,5282400.0
2014-06-18,6210800.0
2014-06-19,5905600.0
2014-06-20,9068900.0
2014-06-21,7382600.0
2014-06-22,4770800.0
2014-06-23,4679200.0
2014-06-24,9215300.0
2014-06-25,8102300.0
2014-06-26,6848500.0
2014-06-27,5783900.0
2014-06-28,4101300.0
2014-06-29,3264000.0
2014-06-30,4096100.0
2014-07-01,4704300.0
2014-07-02,4003100.0
2014-07-03,4107200.0
2014-07-04,4494800.0
2014-07-05,3290600.0
2014-07-06,3728600.0
2014-07-07,4268600.0
2014-07-08,3730500.0
2014-07-09,3658100.0
2014-07-10,3818100.0
2014-07-11,6272100.0
2014-07-12,3938000.0
2014-07-13,3522800.0
2014-07-14,4160100.0
2014-07-15,4092000.0
2014-07-16,3482500.0
2014-07-17,3088600.0
2014-07-18,3404100.0
2014-07-19,2912500.0
2014-07-20,3038500.0
2014-07-21,2756300.0
2014-07-22,2827700.0
2014-07-23,2718300.0
2014-07-24,2680900.0
2014-07-25,2205400.0
2014-07-26,2037900.0
2014-07-27,2129700.0
2014-07-28,2048800.0
2014-07-29,2547100.0
2014-07-30,3338600.0
2014-07-31,3898400.0
2014-08-01,2454800.0
2014-08-02,4168000.0
2014-08-03,2879000.0
2014-08-04,3080300.0
2014-08-05,2376500.0
2014-08-06,2510200.0
2014-08-07,3710600.0
2014-08-08,3087600.0
2014-08-09,2791300.0
2014-08-10,2978700.0
2014-08-11,2470000.0
2014-08-12,2806200.0
2014-08-13,3445000.0
2014-08-14,3039900.0
2014-08-15,2580800.0
2014-08-16,2596600.0
2014-08-17,2546100.0
2014-08-18,3081200.0
2014-08-19,3631000.0
2014-08-20,4014000.0
2014-08-21,3886600.0
2014-08-22,4228400.0
2014-08-23,3600600.0
2014-08-24,3001100.0
2014-08-25,4102400.0
2014-08-26,3717100.0
2014-08-27,9217600.0
2014-08-28,10740000.0
2014-08-29,7623000.0
2014-08-30,6142200.0
2014-08-31,4444500.0
2014-09-01,3685200.0
2014-09-02,3524500.0
2014-09-03,3469100.0
2014-09-04,5190900.0
2014-09-05,5836100.0
2014-09-06,5084900.0
2014-09-07,4271300.0
2014-09-08,5224400.0
2014-09-09,4362100.0
2014-09-10,5296500.0
2014-09-11,5886800.0
2014-09-12,5819500.0
2014-09-13,5523500.0
2014-09-14,5865200.0
2014-09-15,5062600.0
2014-09-16,5024000.0
2014-09-17,5773900.0
2014-09-18,5417400.0
2014-09-19,5197500.0
2014-09-20,5032700.0
2014-09-21,4302200.0
2014-09-22,4254500.0
2014-09-23,3832400.0
2014-09-24,4334300.0
2014-09-25,5164900.0
2014-09-26,5378100.0
2014-09-27,4450300.0
2014-09-28,4094900.0
2014-09-29,3577200.0
2014-09-30,3418200.0
2014-10-01,3761200.0
2014-10-02,3210900.0
2014-10-03,3338900.0
2014-10-04,3639900.0
2014-10-05,3510300.0
2014-10-06,3659900.0
2014-10-07,5510200.0
2014-10-08,3912000.0
2014-10-09,3888300.0
2014-10-10,3466200.0
2014-10-11,3580000.0
2014-10-12,5581600.0
2014-10-13,4509300.0
2014-10-14,4101400.0
2014-10-15,3924500.0
2014-10-16,3387900.0
2014-10-17,4634600.0
2014-10-18,3508700.0
2014-10-19,7277400.0
2014-10-20,6161600.0
2014-10-21,5649500.0
2014-10-22,4779200.0
2014-10-23,4532200.0
2014-10-24,5041400.0
2014-10-25,4032700.0
2014-10-26,3829800.0
2014-10-27,3388800.0
2014-10-28,3241500.0
2014-10-29,3515300.0
2014-10-30,5126500.0
2014-10-31,4721800.0
2014-11-01,3528600.0
2014-11-02,4039700.0
2014-11-03,3132200.0
2014-11-04,4112900.0
2014-11-05,3634100.0
2014-11-06,4410100.0
2014-11-07,4453100.0
2014-11-08,5066800.0
2014-11-09,5856100.0
2014-11-10,6756500.0
2014-11-11,7393600.0
2014-11-12,5870500.0
2014-11-13,5226500.0
2014-11-14,4555800.0
2014-11-15,4427500.0
2014-11-16,3980600.0
2014-11-17,3817800.0
2014-11-18,3845400.0
2014-11-19,3332100.0
2014-11-20,2967700.0
2014-11-21,2741400.0
2014-11-22,2686300.0
2014-11-23,2308800.0
2014-11-24,2465900.0
2014-11-25,2694700.0
2014-11-26,2463100.0
2014-11-27,2629900.0
2014-11-28,2372400.0
2014-11-29,2161600.0
2014-11-30,3569400.0
2014-12-01,2974000.0
2014-12-02,2377900.0
2014-12-03,2366800.0
2014-12-04,2065900.0
2014-12-05,2257100.0
2014-12-06,2103000.0
2014-12-07,2705900.0
2014-12-08,4127900.0
2014-12-09,4889700.0
2014-12-10,3869100.0
2014-12-11,3885000.0
2014-12-12,3670500.0
2014-12-13,4684900.0
2014-12-14,3779400.0
2014-12-15,4441400.0
2014-12-16,3864800.0
2014-12-17,3776700.0
2014-12-18,3399700.0
2014-12-19,2994100.0
2014-12-20,2827000.0
2014-12-21,2476400.0
2014-12-22,2301800.0
2014-12-23,2094700.0
2014-12-24,2008900.0
2014-12-25,1655700.0
2014-12-26,1531600.0
2014-12-27,1525900.0
2014-12-28,1396300.0
2014-12-29,1358700.0
2014-12-30,1291900.0
2014-12-31,1306100.0
2015-01-01,1209100.0
2015-01-02,1149500.0
2015-01-03,1119500.0
2015-01-04,1072000.0
2015-01-05,1071300.0
2015-01-06,995500.0
2015-01-07,988400.0
2015-01-08,950100.0
2015-01-09,942200.0
2015-01-10,934100.0
2015-01-11,921100.0
2015-01-12,881300.0
2015-01-13,910400.0
2015-01-14,1436900.0
2015-01-15,1015400.0
2015-01-16,967100.0
2015-01-17,953800.0
2015-01-18,1079300.0
2015-01-19,2448100.0
2015-01-20,1316500.0
2015-01-21,2170600.0
2015-01-22,1464000.0
2015-01-23,1446300.0
2015-01-24,1248700.0
2015-01-25,1360100.0
2015-01-26,1294200.0
2015-01-27,1353700.0
2015-01-28,1312000.0
2015-01-29,1233500.0
2015-01-30,1161400.0
2015-01-31,1008100.0
2015-02-01,1005300.0
2015-02-02,1062600.0
2015-02-03,1028900.0
2015-02-04,1048100.0
2015-02-05,1042300.0
2015-02-06,1379200.0
2015-02-07,1804300.0
2015-02-08,2976600.0
2015-02-09,2363800.0
2015-02-10,2368400.0
2015-02-11,2266300.0
2015-02-12,1870800.0
2015-02-13,1720900.0
2015-02-14,1783400.0
2015-02-15,2233000.0
2015-02-16,1981700.0
2015-02-17,1708200.0
2015-02-18,1477500.0
2015-02-19,1451300.0
2015-02-20,1341100.0
2015-02-21,1260700.0
2015-02-22,1215200.0
2015-02-23,1105100.0
2015-02-24,1218300.0
2015-02-25,1098600.0
2015-02-26,1046500.0
2015-02-27,1012900.0
2015-02-28,1162800.0
2015-03-01,1051400.0
2015-03-02,1199500.0
2015-03-03,1001600.0
2015-03-04,899700.0
2015-03-05,873400.0
2015-03-06,881100.0
2015-03-07,997000.0
2015-03-08,870100.0
2015-03-09,832300.0
2015-03-10,803900.0
2015-03-11,725500.0
2015-03-12,716200.0
2015-03-13,701900.0
2015-03-14,678600.0
2015-03-15,620900.0
2015-03-16,648200.0
2015-03-17,643100.0
2015-03-18,636800.0
2015-03-19,686500.0
2015-03-20,672800.0
2015-03-21,736400.0
2015-03-22,599900.0
2015-03-23,627700.0
2015-03-24,583900.0
2015-03-25,530400.0
2015-03-26,539100.0
2015-03-27,500000.0
2015-03-28,541300.0
2015-03-29,877900.0
2015-03-30,816200.0
2015-03-31,1074800.0
2015-04-01,1061200.0
2015-04-02,794000.0
2015-04-03,1100900.0
2015-04-04,970800.0
2015-04-05,1822700.0
2015-04-06,1492100.0
2015-04-07,1459600.0
2015-04-08,2912800.0
2015-04-09,1470800.0
2015-04-10,2280300.0
2015-04-11,2568400.0
2015-04-12,1543100.0
2015-04-13,1237500.0
2015-04-14,1427400.0
2015-04-15,1447600.0
2015-04-16,1414400.0
2015-04-17,2201900.0
2015-04-18,2396100.0
2015-04-19,2165700.0
2015-04-20,2772300.0
2015-04-21,2915100.0
2015-04-22,2858000.0
2015-04-23,2100500.0
2015-04-24,1873200.0
2015-04-25,5680500.0
2015-04-26,3695000.0
2015-04-27,2850700.0
2015-04-28,2541100.0
2015-04-29,2507200.0
2015-04-30,2480900.0
2015-05-01,1817700.0
2015-05-02,1822400.0
2015-05-03,1860100.0
2015-05-04,1552400.0
2015-05-05,1664700.0
2015-05-06,1491800.0
2015-05-07,2169500.0
2015-05-08,2103500.0
2015-05-09,1801700.0
2015-05-10,2016800.0
2015-05-11,1721200.0
2015-05-12,1439900.0
2015-05-13,1318000.0
2015-05-14,1943800.0
2015-05-15,1826300.0
2015-05-16,2152100.0
2015-05-17,9022200.0
2015-05-18,5501800.0
2015-05-19,6795700.0
2015-05-20,4546600.0
2015-05-21,5181800.0
2015-05-22,3915800.0
2015-05-23,3437700.0
2015-05-24,3733000.0
2015-05-25,4939300.0
2015-05-26,4683600.0
2015-05-27,4317700.0
2015-05-28,7164500.0
2015-05-29,7235400.0
2015-05-30,6235600.0
2015-05-31,5117900.0
2015-06-01,5667200.0
2015-06-02,4849600.0
2015-06-03,7053900.0
2015-06-04,5714600.0
2015-06-05,7604800.0
2015-06-06,5647900.0
2015-06-07,6532700.0
2015-06-08,7488500.0
2015-06-09,6779100.0
2015-06-10,6612000.0
2015-06-11,6385300.0
2015-06-12,4784400.0
2015-06-13,4244400.0
2015-06-14,4529500.0
2015-06-15,5573800.0
2015-06-16,4163600.0
2015-06-17,4264000.0
2015-06-18,3406200.0
2015-06-19,3102100.0
2015-06-20,3580900.0
2015-06-21,3227500.0
2015-06-22,3975800.0
2015-06-23,3056400.0
2015-06-24,4508500.0
2015-06-25,3024400.0
2015-06-26,3376400.0
2015-06-27,2830200.0
2015-06-28,2456100.0
2015-06-29,2945700.0
2015-06-30,3384000.0
2015-07-01,2383500.0
2015-07-02,2061400.0
2015-07-03,1950700.0
2015-07-04,2008500.0
2015-07-05,1857200.0
2015-07-06,1941600.0
2015-07-07,2447500.0
2015-07-08,2804900.0
2015-07-09,2932400.0
2015-07-10,2951500.0
2015-07-11,3778400.0
2015-07-12,4730000.0
2015-07-13,4386100.0
2015-07-14,3470900.0
2015-07-15,6934800.0
2015-07-16,4314700.0
2015-07-17,4191600.0
2015-07-18,3422900.0
2015-07-19,3543300.0
2015-07-20,5791200.0
2015-07-21,6578900.0
2015-07-22,6285000.0
2015-07-23,8046000.0
2015-07-24,5948600.0
2015-07-25,4626300.0
2015-07-26,3563000.0
2015-07-27,3964900.0
2015-07-28,3290200.0
2015-07-29,3168200.0
2015-07-30,2901300.0
2015-07-31,2713600.0
2015-08-01,4373600.0
2015-08-02,3028800.0
2015-08-03,2850600.0
2015-08-04,2635000.0
2015-08-05,2605700.0
2015-08-06,2495300.0
2015-08-07,2230500.0
2015-08-08,2024800.0
2015-08-09,2156400.0
2015-08-10,1953800.0
2015-08-11,2064100.0
2015-08-12,1798800.0
2015-08-13,1603600.0
2015-08-14,2288800.0
2015-08-15,2804000.0
2015-08-16,4823500.0
2015-08-17,4267600.0
2015-08-18,7657300.0
2015-08-19,4120800.0
2015-08-20,3508400.0
2015-08-21,3562800.0
2015-08-22,3035500.0
2015-08-23,3386800.0
2015-08-24,4479700.0
2015-08-25,7773000.0
2015-08-26,8827800.0
2015-08-27,5599300.0
2015-08-28,4742300.0
2015-08-29,4591300.0
2015-08-30,3707000.0
2015-08-31,3203500.0
2015-09-01,3234000.0
2015-09-02,2857300.0
2015-09-03,3125400.0
2015-09-04,2992200.0
2015-09-05,3466900.0
2015-09-06,3316600.0
2015-09-07,3712600.0
2015-09-08,3231700.0
2015-09-09,2858900.0
2015-09-10,3515400.0
2015-09-11,4026900.0
2015-09-12,3533600.0
2015-09-13,3019200.0
2015-09-14,2687400.0
2015-09-15,3118100.0
2015-09-16,2938800.0
2015-09-17,2843900.0
2015-09-18,2792800.0
2015-09-19,3579200.0
2015-09-20,3337500.0
2015-09-21,2998600.0
2015-09-22,2814600.0
2015-09-23,3047300.0
2015-09-24,4673700.0
2015-09-25,4304800.0
2015-09-26,3445600.0
2015-09-27,3161100.0
2015-09-28,3743000.0
2015-09-29,3379700.0
2015-09-30,4370200.0
2015-10-01,4172600.0
2015-10-02,4108000.0
2015-10-03,3642700.0
2015-10-04,3379100.0
2015-10-05,3023700.0
2015-10-06,3265200.0
2015-10-07,2472400.0
2015-10-08,2737100.0
2015-10-09,3033900.0
2015-10-10,2892900.0
2015-10-11,2998100.0
2015-10-12,2868000.0
2015-10-13,5839100.0
2015-10-14,4562400.0
2015-10-15,4679900.0
2015-10-16,7072300.0
2015-10-17,5351800.0
2015-10-18,7547400.0
2015-10-19,5477800.0
2015-10-20,5197500.0
2015-10-21,5901700.0
2015-10-22,4726900.0
2015-10-23,5232600.0
2015-10-24,4145400.0
2015-10-25,4069600.0
2015-10-26,3624500.0
2015-10-27,5941400.0
2015-10-28,4238400.0
2015-10-29,4257400.0
2015-10-30,4787200.0
2015-10-31,3573700.0
2015-11-01,3441700.0
2015-11-02,3120900.0
2015-11-03,3635600.0
2015-11-04,3898500.0
2015-11-05,4095100.0
2015-11-06,4881200.0
2015-11-07,4186500.0
2015-11-08,5294600.0
2015-11-09,4934800.0
2015-11-10,5112300.0
2015-11-11,4777400.0
2015-11-12,4222500.0
2015-11-13,4121800.0
2015-11-14,4096700.0
2015-11-15,6129200.0
2015-11-16,7800000.0
2015-11-17,8312100.0
2015-11-18,6393800.0
2015-11-19,5102600.0
2015-11-20,4676700.0
2015-11-21,4531600.0
2015-11-22,3914400.0
2015-11-23,3459300.0
2015-11-24,3271400.0
2015-11-25,3031000.0
2015-11-26,3047300.0
2015-11-27,3302700.0
2015-11-28,3059500.0
2015-11-29,2690800.0
2015-11-30,2471300.0
2015-12-01,2481100.0
2015-12-02,2350300.0
2015-12-03,2375400.0
2015-12-04,4871100.0
2015-12-05,3133700.0
2015-12-06,2811800.0
2015-12-07,3453200.0
2015-12-08,3234900.0
2015-12-09,2794500.0
2015-12-10,2579500.0
2015-12-11,2382000.0
2015-12-12,2302200.0
2015-12-13,2169100.0
2015-12-14,2015200.0
2015-12-15,2010300.0
2015-12-16,3632300.0
2015-12-17,5214300.0
2015-12-18,6365500.0
2015-12-19,5356500.0
2015-12-20,4141300.0
2015-12-21,3483800.0
2015-12-22,3145700.0
2015-12-23,2539700.0
2015-12-24,2238100.0
2015-12-25,2108800.0
2015-12-26,1946200.0
2015-12-27,1859900.0
2015-12-28,1766900.0
2015-12-29,1676600.0
2015-12-30,1618200.0
2015-12-31,1598400.0
2016-01-01,1801100.0
2016-01-02,2113200.0
2016-01-03,1682600.0
2016-01-04,1735100.0
2016-01-05,1620700.0
2016-01-06,1903000.0
2016-01-07,1696200.0
2016-01-08,1609200.0
2016-01-09,1447500.0
2016-01-10,1321000.0
2016-01-11,1355900.0
2016-01-12,1267400.0
2016-01-13,1441500.0
2016-01-14,1273400.0
2016-01-15,1188000.0
2016-01-16,1136000.0
2016-01-17,1085800.0
2016-01-18,1085700.0
2016-01-19,1068800.0
2016-01-20,1012300.0
2016-01-21,997800.0
2016-01-22,977100.0
2016-01-23,934800.0
2016-01-24,994800.0
2016-01-25,973100.0
2016-01-26,905000.0
2016-01-27,898100.0
2016-01-28,876900.0
2016-01-29,884800.0
2016-01-30,836600.0
2016-01-31,796200.0
2016-02-01,798600.0
2016-02-02,764200.0
2016-02-03,780700.0
2016-02-04,737000.0
2016-02-05,893500.0
2016-02-06,779400.0
2016-02-07,764000.0
2016-02-08,911100.0
2016-02-09,1186700.0
2016-02-10,1134600.0
2016-02-11,1258600.0
2016-02-12,1136300.0
2016-02-13,939500.0
2016-02-14,880300.0
2016-02-15,882300.0
2016-02-16,818000.0
2016-02-17,811400.0
2016-02-18,780700.0
2016-02-19,766400.0
2016-02-20,762800.0
2016-02-21,769000.0
2016-02-22,703100.0
2016-02-23,755200.0
2016-02-24,703000.0
2016-02-25,727300.0
2016-02-26,932400.0
2016-02-27,697100.0
2016-02-28,762100.0
2016-02-29,782600.0
2016-03-01,749300.0
2016-03-02,709900.0
2016-03-03,652000.0
2016-03-04,662700.0
2016-03-05,675000.0
2016-03-06,653400.0
2016-03-07,597300.0
2016-03-08,639500.0
2016-03-09,542400.0
2016-03-10,640500.0
2016-03-11,447700.0
2016-03-12,488700.0
2016-03-13,492700.0
2016-03-14,481500.0
2016-03-15,493200.0
2016-03-16,413700.0
2016-03-17,474900.0
2016-03-18,465800.0
2016-03-19,478900.0
2016-03-20,520900.0
2016-03-21,435700.0
2016-03-22,717000.0
2016-03-23,873700.0
2016-03-24,583700.0
2016-03-25,515900.0
2016-03-26,497300.0
2016-03-27,395400.0
2016-03-28,420800.0
2016-03-29,452600.0
2016-03-30,424400.0
2016-03-31,434300.0
2016-04-01,452200.0
2016-04-02,481400.0
2016-04-03,677200.0
2016-04-04,566000.0
2016-04-05,539100.0
2016-04-06,477500.0
2016-04-07,616300.0
2016-04-08,720600.0
2016-04-09,926100.0
2016-04-10,3613500.0
2016-04-11,2854400.0
2016-04-12,3876200.0
2016-04-13,3343800.0
2016-04-14,2090500.0
2016-04-15,1597700.0
2016-04-16,1331900.0
2016-04-17,1327600.0
2016-04-18,1181600.0
2016-04-19,3352200.0
2016-04-20,2705100.0
2016-04-21,2673300.0
2016-04-22,2011200.0
2016-04-23,3127100.0
2016-04-24,3128600.0
2016-04-25,2390000.0
2016-04-26,1961300.0
2016-04-27,2559400.0
2016-04-28,3627900.0
2016-04-29,2669600.0
2016-04-30,2105100.0
2016-05-01,2546200.0
2016-05-02,4159900.0
2016-05-03,2950400.0
2016-05-04,3880100.0
2016-05-05,2626000.0
2016-05-06,4660200.0
2016-05-07,4618700.0
2016-05-08,5815800.0
2016-05-09,5984900.0
2016-05-10,12760700.0
2016-05-11,6957700.0
2016-05-12,4928800.0
2016-05-13,4036100.0
2016-05-14,4083400.0
2016-05-15,3372200.0
2016-05-16,3182900.0
2016-05-17,3418600.0
2016-05-18,2997300.0
2016-05-19,2557600.0
2016-05-20,2413000.0
2016-05-21,3468100.0
2016-05-22,4814600.0
2016-05-23,4027900.0
2016-05-24,6775500.0
2016-05-25,4737600.0
2016-05-26,5572100.0
2016-05-27,4149600.0
2016-05-28,3918400.0
2016-05-29,9285300.0
2016-05-30,5001700.0
2016-05-31,9066300.0
2016-06-01,6890500.0
2016-06-02,7046200.0
2016-06-03,7395400.0
2016-06-04,5828800.0
2016-06-05,4724200.0
2016-06-06,4607800.0
2016-06-07,4236200.0
2016-06-08,3746500.0
2016-06-09,5119200.0
2016-06-10,6144700.0
2016-06-11,8093900.0
2016-06-12,6708800.0
2016-06-13,5146800.0
2016-06-14,5357700.0
2016-06-15,6133500.0
2016-06-16,4675800.0
2016-06-17,4695600.0
2016-06-18,4599000.0
2016-06-19,6179100.0
2016-06-20,5607300.0
2016-06-21,5988000.0
2016-06-22,6820000.0
2016-06-23,8176800.0
2016-06-24,6580800.0
2016-06-25,5940100.0
2016-06-26,10895300.0
2016-06-27,6170400.0
2016-06-28,5461700.0
2016-06-29,5197800.0
2016-06-30,4410400.0
2016-07-01,4627600.0
2016-07-02,5492800.0
2016-07-03,6162800.0
2016-07-04,6651100.0
2016-07-05,7026900.0
2016-07-06,10516900.0
2016-07-07,7498700.0
2016-07-08,6554100.0
2016-07-09,5295600.0
2016-07-10,5186300.0
2016-07-11,4476900.0
2016-07-12,5888700.0
2016-07-13,6090900.0
2016-07-14,5697300.0
2016-07-15,6277200.0
2016-07-16,5627100.0
2016-07-17,5623700.0
2016-07-18,6662200.0
2016-07-19,5052300.0
2016-07-20,4672800.0
2016-07-21,4991900.0
2016-07-22,5337800.0
2016-07-23,6153000.0
2016-07-24,7529700.0
2016-07-25,7277500.0
2016-07-26,5622700.0
2016-07-27,5237800.0
2016-07-28,4852600.0
2016-07-29,5560400.0
2016-07-30,7048700.0
2016-07-31,5787000.0
2016-08-01,6442400.0
2016-08-02,5513400.0
2016-08-03,5959400.0
2016-08-04,6926800.0
2016-08-05,5391300.0
2016-08-06,5277400.0
2016-08-07,5546400.0
2016-08-08,4168100.0
2016-08-09,3759600.0
2016-08-10,4494700.0
2016-08-11,3478400.0
2016-08-12,3568100.0
2016-08-13,3863100.0
2016-08-14,3379600.0
2016-08-15,3541700.0
2016-08-16,5039000.0
2016-08-17,3508300.0
2016-08-18,4734600.0
2016-08-19,3546000.0
2016-08-20,4701900.0
2016-08-21,4097900.0
2016-08-22,3680700.0
2016-08-23,4053000.0
2016-08-24,4469800.0
2016-08-25,3499700.0
2016-08-26,3470600.0
2016-08-27,3382100.0
2016-08-28,3880600.0
2016-08-29,5295900.0
2016-08-30,3714000.0
2016-08-31,3593700.0
2016-09-01,3608300.0
2016-09-02,3528600.0
2016-09-03,3086400.0
2016-09-04,3232900.0
2016-09-05,3830800.0
2016-09-06,3566100.0
2016-09-07,3449300.0
2016-09-08,2933900.0
2016-09-09,3554500.0
2016-09-10,2596900.0
2016-09-11,5327900.0
2016-09-12,5119200.0
2016-09-13,3918100.0
2016-09-14,3633600.0
2016-09-15,3671100.0
2016-09-16,3011600.0
2016-09-17,2923000.0
2016-09-18,2899300.0
2016-09-19,2695300.0
2016-09-20,3495300.0
2016-09-21,3071100.0
2016-09-22,2755000.0
2016-09-23,3461300.0
2016-09-24,3007000.0
2016-09-25,3233600.0
2016-09-26,2965700.0
2016-09-27,3646500.0
2016-09-28,3849100.0
2016-09-29,3062000.0
2016-09-30,2658900.0
2016-10-01,2574900.0
2016-10-02,2273200.0
2016-10-03,2307700.0
2016-10-04,2499000.0
2016-10-05,2377500.0
2016-10-06,2678600.0
2016-10-07,2532500.0
2016-10-08,2846100.0
2016-10-09,5004100.0
2016-10-10,4383600.0
2016-10-11,3323700.0
2016-10-12,8025400.0
2016-10-13,5498900.0
2016-10-14,4421100.0
2016-10-15,4471600.0
2016-10-16,4695600.0
2016-10-17,4214900.0
2016-10-18,6245300.0
2016-10-19,4620600.0
2016-10-20,4090100.0
2016-10-21,5918400.0
2016-10-22,4898200.0
2016-10-23,4851300.0
2016-10-24,4233000.0
2016-10-25,3729800.0
2016-10-26,3565900.0
2016-10-27,3065400.0
2016-10-28,3103700.0
2016-10-29,7170500.0
2016-10-30,5097000.0
2016-10-31,4607200.0
2016-11-01,4408100.0
2016-11-02,4135100.0
2016-11-03,4279300.0
2016-11-04,4480500.0
2016-11-05,6342500.0
2016-11-06,7844600.0
2016-11-07,6640800.0
2016-11-08,7334200.0
2016-11-09,6441000.0
2016-11-10,7157900.0
2016-11-11,6892500.0
2016-11-12,7617800.0
2016-11-13,8320300.0
2016-11-14,6685100.0
2016-11-15,5602500.0
2016-11-16,5138900.0
2016-11-17,4964900.0
2016-11-18,5028600.0
2016-11-19,6511500.0
2016-11-20,5521700.0
2016-11-21,4410800.0
2016-11-22,3689500.0
2016-11-23,3249600.0
2016-11-24,4172900.0
2016-11-25,4151000.0
2016-11-26,5293100.0
2016-11-27,4604500.0
2016-11-28,3987400.0
2016-11-29,3820200.0
2016-11-30,4004700.0
2016-12-01,4694100.0
2016-12-02,4800600.0
2016-12-03,5435200.0
2016-12-04,5646100.0
2016-12-05,5701100.0
2016-12-06,5156400.0
2016-12-07,7539900.0
2016-12-08,6286000.0
2016-12-09,6122700.0
2016-12-10,7764000.0
2016-12-11,7514500.0
2016-12-12,7783900.0
2016-12-13,5663000.0
2016-12-14,5633300.0
2016-12-15,4754700.0
2016-12-16,5356900.0
2016-12-17,4251200.0
2016-12-18,3738100.0
2016-12-19,3355900.0
2016-12-20,2873700.0
2016-12-21,3062200.0
2016-12-22,3354200.0
2016-12-23,3405900.0
2016-12-24,3041000.0
2016-12-25,3780400.0
2016-12-26,3993400.0
2016-12-27,3371800.0
2016-12-28,3170700.0
2016-12-29,2662000.0
2016-12-30,5020400.0
2016-12-31,3333900.0
2017-01-01,2991100.0
2017-01-02,2846400.0
2017-01-03,2538200.0
2017-01-04,2348100.0
2017-01-05,2219100.0
2017-01-06,2131600.0
2017-01-07,2032300.0
2017-01-08,2730700.0
2017-01-09,2893800.0
2017-01-10,2495400.0
2017-01-11,2304700.0
2017-01-12,2249600.0
2017-01-13,2055100.0
2017-01-14,1879900.0
2017-01-15,1790600.0
2017-01-16,1693000.0
2017-01-17,1577300.0
2017-01-18,1582900.0
2017-01-19,1440400.0
2017-01-20,1413200.0
2017-01-21,1351900.0
2017-01-22,1277200.0
2017-01-23,1255400.0
2017-01-24,1308400.0
2017-01-25,1251500.0
2017-01-26,1211500.0
2017-01-27,1157700.0
2017-01-28,1197200.0
2017-01-29,1123600.0
2017-01-30,1456200.0
2017-01-31,1199000.0
2017-02-01,1184900.0
2017-02-02,1155500.0
2017-02-03,1111000.0
2017-02-04,1073900.0
2017-02-05,1032900.0
2017-02-06,1067800.0
2017-02-07,1024500.0
2017-02-08,980000.0
2017-02-09,936000.0
2017-02-10,899500.0
2017-02-11,944000.0
2017-02-12,855600.0
2017-02-13,813700.0
2017-02-14,819000.0
2017-02-15,799800.0
2017-02-16,762900.0
2017-02-17,809600.0
2017-02-18,814500.0
2017-02-19,798600.0
2017-02-20,754500.0
2017-02-21,748600.0
2017-02-22,754300.0
2017-02-23,737100.0
2017-02-24,732800.0
2017-02-25,700000.0
2017-02-26,641300.0
2017-02-27,741800.0
2017-02-28,770000.0
2017-03-01,724600.0
2017-03-02,952900.0
2017-03-03,1008200.0
2017-03-04,986800.0
2017-03-05,1011200.0
2017-03-06,1822300.0
2017-03-07,2213900.0
2017-03-08,1901400.0
2017-03-09,1525500.0
2017-03-10,2014700.0
2017-03-11,1549000.0
2017-03-12,2616500.0
2017-03-13,2215800.0
2017-03-14,1777800.0
2017-03-15,2041900.0
2017-03-16,1787100.0
2017-03-17,1513800.0
2017-03-18,1359200.0
2017-03-19,1305900.0
2017-03-20,1164100.0
2017-03-21,1074800.0
2017-03-22,1041800.0
2017-03-23,3328000.0
2017-03-24,3089400.0
2017-03-25,2254700.0
2017-03-26,3791300.0
2017-03-27,3088300.0
2017-03-28,2920000.0
2017-03-29,2400000.0
2017-03-30,2427600.0
2017-03-31,2503300.0
2017-04-01,2533400.0
2017-04-02,2076500.0
2017-04-03,2563300.0
2017-04-04,2031800.0
2017-04-05,2436200.0
2017-04-06,1912900.0
2017-04-07,1635400.0
2017-04-08,1696600.0
2017-04-09,2014200.0
2017-04-10,1802300.0
2017-04-11,2222800.0
2017-04-12,1943800.0
2017-04-13,1860200.0
2017-04-14,3502800.0
2017-04-15,2501400.0
2017-04-16,2438600.0
2017-04-17,3400100.0
2017-04-18,2557800.0
2017-04-19,2205400.0
2017-04-20,1991700.0
2017-04-21,1825400.0
2017-04-22,1732700.0
2017-04-23,1808600.0
2017-04-24,2593200.0
2017-04-25,2482400.0
2017-04-26,3856400.0
2017-04-27,2512800.0
2017-04-28,2068500.0
2017-04-29,2279500.0
2017-04-30,2544200.0
2017-05-01,2173500.0
2017-05-02,2387800.0
2017-05-03,2538700.0
2017-05-04,2619100.0
2017-05-05,3983100.0
2017-05-06,5352200.0
2017-05-07,7496700.0
2017-05-08,10115700.0
2017-05-09,6915700.0
2017-05-10,6201600.0
2017-05-11,5322600.0
2017-05-12,4356600.0
2017-05-13,3750600.0
2017-05-14,3901300.0
2017-05-15,5585700.0
2017-05-16,8350300.0
2017-05-17,6079700.0
2017-05-18,5579400.0
2017-05-19,4661600.0
2017-05-20,5181900.0
2017-05-21,4194400.0
2017-05-22,3812900.0
2017-05-23,3750800.0
2017-05-24,3345100.0
2017-05-25,5393400.0
2017-05-26,3586000.0
2017-05-27,4300300.0
2017-05-28,4311800.0
2017-05-29,8090700.0
2017-05-30,5417800.0
2017-05-31,6314700.0
2017-06-01,6249200.0
2017-06-02,6204400.0
2017-06-03,4736800.0
2017-06-04,8493100.0
2017-06-05,6810800.0
2017-06-06,5218600.0
2017-06-07,6354300.0
2017-06-08,5814300.0
2017-06-09,5672300.0
2017-06-10,4502500.0
2017-06-11,5021300.0
2017-06-12,5100100.0
2017-06-13,4848400.0
2017-06-14,6514300.0
2017-06-15,6479100.0
2017-06-16,6308100.0
2017-06-17,7971800.0
2017-06-18,8620000.0
2017-06-19,7690800.0
2017-06-20,6676600.0
2017-06-21,7965000.0
2017-06-22,13962800.0
2017-06-23,8629300.0
2017-06-24,7012100.0
2017-06-25,7514300.0
2017-06-26,6263900.0
2017-06-27,6132900.0
2017-06-28,6634700.0
2017-06-29,6693800.0
2017-06-30,7283000.0
2017-07-01,6049900.0
2017-07-02,7810100.0
2017-07-03,9304800.0
2017-07-04,7376200.0
2017-07-05,6265700.0
2017-07-06,6450100.0
2017-07-07,6538200.0
2017-07-08,5534200.0
2017-07-09,4602400.0
2017-07-10,4742100.0
2017-07-11,7756200.0
2017-07-12,8983400.0
2017-07-13,6680700.0
2017-07-14,6904500.0
2017-07-15,6957500.0
2017-07-16,6876100.0
2017-07-17,7751800.0
2017-07-18,7178200.0
2017-07-19,8723600.0
2017-07-20,6870900.0
2017-07-21,5551700.0
2017-07-22,4834600.0
2017-07-23,5087600.0
2017-07-24,5277500.0
2017-07-25,6861200.0
2017-07-26,7444700.0
2017-07-27,6676900.0
2017-07-28,5789600.0
2017-07-29,5314600.0
2017-07-30,6078800.0
2017-07-31,8615000.0
2017-08-01,7512000.0
2017-08-02,6893100.0
2017-08-03,5867200.0
2017-08-04,7031000.0
2017-08-05,6048000.0
2017-08-06,7440600.0
2017-08-07,6495000.0
2017-08-08,7387900.0
2017-08-09,5721600.0
2017-08-10,5289100.0
2017-08-11,7275300.0
2017-08-12,5172900.0
2017-08-13,4469900.0
2017-08-14,3937300.0
2017-08-15,3544100.0
2017-08-16,5390600.0
2017-08-17,4127500.0
2017-08-18,3426900.0
2017-08-19,3914600.0
2017-08-20,4526100.0
2017-08-21,3938600.0
2017-08-22,3422600.0
2017-08-23,4256700.0
2017-08-24,3702800.0
2017-08-25,4438000.0
2017-08-26,3630300.0
2017-08-27,3953000.0
2017-08-28,3501800.0
2017-08-29,3516700.0
2017-08-30,4060100.0
2017-08-31,4620800.0
2017-09-01,4252500.0
2017-09-02,4048800.0
2017-09-03,3330100.0
2017-09-04,3359500.0
2017-09-05,3747300.0
2017-09-06,3896800.0
2017-09-07,4519700.0
2017-09-08,6156500.0
2017-09-09,8637700.0
2017-09-10,8137900.0
2017-09-11,6016600.0
2017-09-12,6355200.0
2017-09-13,5417000.0
2017-09-14,5665500.0
2017-09-15,5202800.0
2017-09-16,4740400.0
2017-09-17,4825100.0
2017-09-18,4138600.0
2017-09-19,4618500.0
2017-09-20,7612100.0
2017-09-21,5481800.0
2017-09-22,5352500.0
2017-09-23,6090600.0
2017-09-24,7527100.0
2017-09-25,11573900.0
2017-09-26,6931700.0
2017-09-27,8065400.0
2017-09-28,12084200.0
2017-09-29,9002900.0
2017-09-30,7324000.0
2017-10-01,7241800.0
2017-10-02,8312500.0
2017-10-03,7731600.0
2017-10-04,7452500.0
2017-10-05,7007000.0
2017-10-06,5913300.0
2017-10-07,5045000.0
2017-10-08,4510200.0
2017-10-09,5798300.0
2017-10-10,3924600.0
2017-10-11,3728700.0
2017-10-12,3396100.0
2017-10-13,3306400.0
2017-10-14,3289700.0
2017-10-15,4846300.0
2017-10-16,3778300.0
2017-10-17,4104900.0
2017-10-18,5108700.0
2017-10-19,5338500.0
2017-10-20,4774900.0
2017-10-21,5548000.0
2017-10-22,7842100.0
2017-10-23,7027300.0
2017-10-24,7229800.0
2017-10-25,5996600.0
2017-10-26,4955800.0
2017-10-27,4170200.0
2017-10-28,3892500.0
2017-10-29,3611200.0
2017-10-30,3343500.0
2017-10-31,3084800.0
2017-11-01,2912800.0
2017-11-02,2593500.0
2017-11-03,2648100.0
2017-11-04,2759400.0
2017-11-05,2775000.0
2017-11-06,2857300.0
2017-11-07,2944000.0
2017-11-08,2866600.0
2017-11-09,2547600.0
2017-11-10,2643500.0
2017-11-11,3294500.0
2017-11-12,3743700.0
2017-11-13,5138300.0
2017-11-14,3525500.0
2017-11-15,4983100.0
2017-11-16,3653600.0
2017-11-17,3500700.0
2017-11-18,4052800.0
2017-11-19,3573500.0
2017-11-20,3135200.0
2017-11-21,3196700.0
2017-11-22,3523300.0
2017-11-23,3997200.0
2017-11-24,4481500.0
2017-11-25,4318100.0
2017-11-26,4754100.0
2017-11-27,4377700.0
2017-11-28,3957200.0
2017-11-29,5403500.0
2017-11-30,5611500.0
2017-12-01,4787000.0
2017-12-02,4660900.0
2017-12-03,4370900.0
2017-12-04,4114700.0
2017-12-05,4910800.0
2017-12-06,4838300.0
2017-12-07,4115900.0
2017-12-08,4704200.0
2017-12-09,4582700.0
2017-12-10,5224400.0
2017-12-11,4787700.0
2017-12-12,4975200.0
2017-12-13,5472500.0
2017-12-14,4316900.0
2017-12-15,3606100.0
2017-12-16,3214400.0
2017-12-17,2973000.0
2017-12-18,2478900.0
2017-12-19,2444400.0
2017-12-20,2151000.0
2017-12-21,2026100.0
2017-12-22,1961700.0
2017-12-23,1962100.0
2017-12-24,1742400.0
2017-12-25,1927200.0
2017-12-26,2022600.0
2017-12-27,1740500.0
2017-12-28,1561700.0
2017-12-29,1857300.0
2017-12-30,1820400.0
2017-12-31,1846000.0
2018-01-01,1698000.0
2018-01-02,2216200.0
2018-01-03,3172600.0
2018-01-04,3141000.0
2018-01-05,4257500.0
2018-01-06,3142200.0
2018-01-07,2645600.0
2018-01-08,2447300.0
2018-01-09,2771900.0
2018-01-10,2283800.0
2018-01-11,2027400.0
2018-01-12,2390500.0
2018-01-13,3533700.0
2018-01-14,3076600.0
2018-01-15,2559600.0
2018-01-16,2756500.0
2018-01-17,2878800.0
2018-01-18,3717900.0
2018-01-19,5706300.0
2018-01-20,3431800.0
2018-01-21,3172300.0
2018-01-22,2984300.0
2018-01-23,2676500.0
2018-01-24,2550700.0
2018-01-25,2404600.0
2018-01-26,2755100.0
2018-01-27,2276500.0
2018-01-28,2024700.0
2018-01-29,1913200.0
2018-01-30,1861400.0
2018-01-31,1729900.0
2018-02-01,1661500.0
2018-02-02,1523000.0
2018-02-03,1499200.0
2018-02-04,1447500.0
2018-02-05,1352700.0
2018-02-06,1328600.0
2018-02-07,1305000.0
2018-02-08,1255800.0
2018-02-09,1164000.0
2018-02-10,1172000.0
2018-02-11,1100400.0
2018-02-12,1048000.0
2018-02-13,1243500.0
2018-02-14,1129700.0
2018-02-15,1024000.0
2018-02-16,1003300.0
2018-02-17,985400.0
2018-02-18,919200.0
2018-02-19,860500.0
2018-02-20,981900.0
2018-02-21,872600.0
2018-02-22,812200.0
2018-02-23,812500.0
2018-02-24,789600.0
2018-02-25,811100.0
2018-02-26,736800.0
2018-02-27,734100.0
2018-02-28,721600.0
2018-03-01,717500.0
2018-03-02,666800.0
2018-03-03,723200.0
2018-03-04,714200.0
2018-03-05,686000.0
2018-03-06,694100.0
2018-03-07,642100.0
2018-03-08,698500.0
2018-03-09,793800.0
2018-03-10,827400.0
2018-03-11,622900.0
2018-03-12,643000.0
2018-03-13,716000.0
2018-03-14,720700.0
2018-03-15,849000.0
2018-03-16,790100.0
2018-03-17,755600.0
2018-03-18,901500.0
2018-03-19,887600.0
2018-03-20,1142100.0
2018-03-21,1464800.0
2018-03-22,1086300.0
2018-03-23,1679600.0
2018-03-24,2315600.0
2018-03-25,2161100.0
2018-03-26,1838500.0
2018-03-27,1388900.0
2018-03-28,1196300.0
2018-03-29,1351100.0
2018-03-30,1183500.0
2018-03-31,1540400.0
2018-04-01,1479600.0
2018-04-02,1705300.0
2018-04-03,2119300.0
2018-04-04,2235200.0
2018-04-05,1813700.0
2018-04-06,1703200.0
2018-04-07,1374300.0
2018-04-08,1265500.0
2018-04-09,1224400.0
2018-04-10,1439200.0
2018-04-11,1560900.0
2018-04-12,1757800.0
2018-04-13,1536100.0
2018-04-14,1623300.0
2018-04-15,2730200.0
2018-04-16,2964900.0
2018-04-17,2755000.0
2018-04-18,4383700.0
2018-04-19,3072500.0
2018-04-20,2719300.0
2018-04-21,2099000.0
2018-04-22,1889700.0
2018-04-23,1693100.0
2018-04-24,2694100.0
2018-04-25,2094800.0
2018-04-26,2648900.0
2018-04-27,5588700.0
2018-04-28,3282300.0
2018-04-29,2577200.0
2018-04-30,2571700.0
2018-05-01,3730300.0
2018-05-02,2651200.0
2018-05-03,3535500.0
2018-05-04,3093900.0
2018-05-05,3609200.0
2018-05-06,4389800.0
2018-05-07,4296900.0
2018-05-08,5536500.0
2018-05-09,4912800.0
2018-05-10,4757600.0
2018-05-11,4869700.0
2018-05-12,3802100.0
2018-05-13,5117000.0
2018-05-14,4609900.0
2018-05-15,4450500.0
2018-05-16,3586100.0
2018-05-17,3904400.0
2018-05-18,5126200.0
2018-05-19,6828900.0
2018-05-20,10703900.0
2018-05-21,7320200.0
2018-05-22,6589800.0
2018-05-23,7837100.0
2018-05-24,6685100.0
2018-05-25,7976800.0
2018-05-26,6720600.0
2018-05-27,7292800.0
2018-05-28,6395700.0
2018-05-29,6038500.0
2018-05-30,6428200.0
2018-05-31,6969200.0
2018-06-01,5692800.0
2018-06-02,4392000.0
2018-06-03,3680800.0
2018-06-04,3922000.0
2018-06-05,3798600.0
2018-06-06,3915800.0
2018-06-07,4165800.0
2018-06-08,5247800.0
2018-06-09,4385100.0
2018-06-10,4305600.0
2018-06-11,5280800.0
2018-06-12,6685100.0
2018-06-13,6194800.0
2018-06-14,7575900.0
2018-06-15,10025300.0
2018-06-16,7203300.0
2018-06-17,5799900.0
2018-06-18,5830500.0
2018-06-19,6882000.0
2018-06-20,9656400.0
2018-06-21,6758700.0
2018-06-22,7163300.0
2018-06-23,5535400.0
2018-06-24,5567100.0
2018-06-25,7054900.0
2018-06-26,6325000.0
2018-06-27,7293100.0
2018-06-28,10907300.0
2018-06-29,10249800.0
2018-06-30,9777100.0
2018-07-01,9003800.0
2018-07-02,10034100.0
2018-07-03,7409800.0
2018-07-04,5862400.0
2018-07-05,7232500.0
2018-07-06,8045200.0
2018-07-07,7376800.0
2018-07-08,5646300.0
2018-07-09,5333900.0
2018-07-10,5353600.0
2018-07-11,8473200.0
2018-07-12,6735900.0
2018-07-13,7023900.0
2018-07-14,7263000.0
2018-07-15,6823600.0
2018-07-16,6719200.0
2018-07-17,5739100.0
2018-07-18,4419700.0
2018-07-19,4444600.0
2018-07-20,4747900.0
2018-07-21,4217300.0
2018-07-22,5495900.0
2018-07-23,4173400.0
2018-07-24,4387300.0
2018-07-25,4214900.0
2018-07-26,3816000.0
2018-07-27,4290400.0
2018-07-28,6227600.0
2018-07-29,8720300.0
2018-07-30,6557600.0
2018-07-31,6300500.0
2018-08-01,6513300.0
2018-08-02,8722500.0
2018-08-03,6396600.0
2018-08-04,6690100.0
2018-08-05,8868600.0
2018-08-06,6740800.0
2018-08-07,5667000.0
2018-08-08,4979900.0
2018-08-09,5115800.0
2018-08-10,5146300.0
2018-08-11,4003900.0
2018-08-12,4290600.0
2018-08-13,4861700.0
2018-08-14,4942700.0
2018-08-15,5505900.0
2018-08-16,4379900.0
2018-08-17,4438800.0
2018-08-18,5371900.0
2018-08-19,5333500.0
2018-08-20,4258000.0
2018-08-21,4001400.0
2018-08-22,5404900.0
2018-08-23,3880000.0
2018-08-24,3516200.0
2018-08-25,3180800.0
2018-08-26,3586200.0
2018-08-27,3011100.0
2018-08-28,3200800.0
2018-08-29,4854000.0
2018-08-30,4044900.0
2018-08-31,5564900.0
2018-09-01,4334000.0
2018-09-02,3664300.0
2018-09-03,3203000.0
2018-09-04,3559300.0
2018-09-05,4722600.0
2018-09-06,5912000.0
2018-09-07,5411900.0
2018-09-08,6250800.0
2018-09-09,6142500.0
2018-09-10,5267700.0
2018-09-11,5361200.0
2018-09-12,5794800.0
2018-09-13,5089600.0
2018-09-14,6056500.0
2018-09-15,5333700.0
2018-09-16,4966400.0
2018-09-17,4312000.0
2018-09-18,4033000.0
2018-09-19,5226200.0
2018-09-20,4092300.0
2018-09-21,3442800.0
2018-09-22,3111100.0
2018-09-23,2761000.0
2018-09-24,4781900.0
2018-09-25,3617800.0
2018-09-26,4705900.0
2018-09-27,3918700.0
2018-09-28,4376500.0
2018-09-29,3874900.0
2018-09-30,4600700.0
2018-10-01,6825600.0
2018-10-02,4311000.0
2018-10-03,5662200.0
2018-10-04,5300200.0
2018-10-05,5211700.0
2018-10-06,4470800.0
2018-10-07,4029900.0
2018-10-08,4553700.0
2018-10-09,4032300.0
2018-10-10,4282400.0
2018-10-11,5121200.0
2018-10-12,3918000.0
2018-10-13,3155800.0
2018-10-14,2770800.0
2018-10-15,2855900.0
2018-10-16,3492400.0
2018-10-17,3312100.0
2018-10-18,3355100.0
2018-10-19,3528500.0
2018-10-20,4196600.0
2018-10-21,3506100.0
2018-10-22,3160100.0
2018-10-23,3326700.0
2018-10-24,3476500.0
2018-10-25,3290000.0
2018-10-26,3268200.0
2018-10-27,3574500.0
2018-10-28,3457000.0
2018-10-29,4306400.0
2018-10-30,5228600.0
2018-10-31,4147200.0
2018-11-01,5296500.0
2018-11-02,6228500.0
2018-11-03,5049200.0
2018-11-04,5672200.0
2018-11-05,5882900.0
2018-11-06,5864100.0
2018-11-07,5688500.0
2018-11-08,5401200.0
2018-11-09,5623000.0
2018-11-10,4787100.0
2018-11-11,5258200.0
2018-11-12,4384200.0
2018-11-13,4343200.0
2018-11-14,5212900.0
2018-11-15,4770400.0
2018-11-16,4971900.0
2018-11-17,4594600.0
2018-11-18,4741400.0
2018-11-19,5552700.0
2018-11-20,6601700.0
2018-11-21,9113800.0
2018-11-22,6458500.0
2018-11-23,6183000.0
2018-11-24,6183800.0
2018-11-25,5149200.0
2018-11-26,4511700.0
2018-11-27,6329100.0
2018-11-28,6243800.0
2018-11-29,5100500.0
2018-11-30,4685800.0
2018-12-01,4146700.0
2018-12-02,3846000.0
2018-12-03,3254300.0
2018-12-04,2952400.0
2018-12-05,3171600.0
2018-12-06,2805000.0
2018-12-07,2506500.0
2018-12-08,2554000.0
2018-12-09,2607000.0
2018-12-10,2275000.0
2018-12-11,2130900.0
2018-12-12,2406300.0
2018-12-13,2322200.0
2018-12-14,2148500.0
2018-12-15,2011400.0
2018-12-16,2036000.0
2018-12-17,1950600.0
2018-12-18,2044000.0
2018-12-19,1675100.0
2018-12-20,1761600.0
2018-12-21,2241800.0
2018-12-22,2060300.0
2018-12-23,1819100.0
2018-12-24,1656000.0
2018-12-25,1524400.0
2018-12-26,1492200.0
2018-12-27,1374500.0
2018-12-28,1304600.0
2018-12-29,1231100.0
2018-12-30,1223400.0
2018-12-31,1204600.0
2019-01-01,1186500.0
2019-01-02,1104200.0
2019-01-03,1047600.0
2019-01-04,1027500.0
2019-01-05,982900.0
2019-01-06,1001200.0
2019-01-07,975500.0
2019-01-08,960100.0
2019-01-09,997200.0
2019-01-10,985800.0
2019-01-11,879800.0
2019-01-12,905900.0
2019-01-13,883000.0
2019-01-14,862300.0
2019-01-15,853600.0
2019-01-16,853700.0
2019-01-17,907300.0
2019-01-18,931100.0
2019-01-19,910200.0
2019-01-20,860500.0
2019-01-21,925000.0
2019-01-22,893900.0
2019-01-23,859600.0
2019-01-24,812900.0
2019-01-25,807300.0
2019-01-26,798100.0
2019-01-27,774000.0
2019-01-28,771800.0
2019-01-29,752300.0
2019-01-30,734500.0
2019-01-31,778600.0
2019-02-01,701700.0
2019-02-02,722800.0
2019-02-03,684900.0
2019-02-04,665800.0
2019-02-05,654800.0
2019-02-06,653500.0
2019-02-07,606300.0
2019-02-08,631400.0
2019-02-09,583500.0
2019-02-10,621400.0
2019-02-11,580700.0
2019-02-12,595600.0
2019-02-13,529800.0
2019-02-14,548600.0
2019-02-15,563000.0
2019-02-16,553000.0
2019-02-17,583500.0
2019-02-18,519600.0
2019-02-19,531000.0
2019-02-20,547200.0
2019-02-21,536000.0
2019-02-22,615100.0
2019-02-23,582600.0
2019-02-24,546900.0
2019-02-25,494300.0
2019-02-26,477000.0
2019-02-27,559800.0
2019-02-28,490200.0
2019-03-01,476900.0
2019-03-02,547800.0
2019-03-03,501200.0
2019-03-04,526200.0
2019-03-05,563000.0
2019-03-06,514100.0
2019-03-07,595100.0
2019-03-08,550800.0
2019-03-09,639400.0
2019-03-10,847600.0
2019-03-11,804700.0
2019-03-12,656600.0
2019-03-13,627400.0
2019-03-14,611300.0
2019-03-15,561600.0
2019-03-16,543800.0
2019-03-17,527700.0
2019-03-18,537000.0
2019-03-19,1456600.0
2019-03-20,1062500.0
2019-03-21,829700.0
2019-03-22,1289500.0
2019-03-23,1225000.0
2019-03-24,1056700.0
2019-03-25,968700.0
2019-03-26,917900.0
2019-03-27,912200.0
2019-03-28,916300.0
2019-03-29,1849500.0
2019-03-30,1854800.0
2019-03-31,1470200.0
2019-04-01,2085100.0
2019-04-02,3323000.0
2019-04-03,2599700.0
2019-04-04,2624200.0
2019-04-05,2066800.0
2019-04-06,2487000.0
2019-04-07,1989400.0
2019-04-08,1698200.0
2019-04-09,1426100.0
2019-04-10,1636700.0
2019-04-11,1892100.0
2019-04-12,1775600.0
2019-04-13,1453300.0
2019-04-14,1315500.0
2019-04-15,1405000.0
2019-04-16,1658300.0
2019-04-17,2149400.0
2019-04-18,2961500.0
2019-04-19,2750000.0
2019-04-20,2934500.0
2019-04-21,2448100.0
2019-04-22,3719800.0
2019-04-23,2958000.0
2019-04-24,3593500.0
2019-04-25,2464600.0
2019-04-26,2085600.0
2019-04-27,2026800.0
2019-04-28,2032400.0
2019-04-29,3518400.0
2019-04-30,3608300.0
2019-05-01,2437000.0
2019-05-02,2030000.0
2019-05-03,1708400.0
2019-05-04,2701600.0
2019-05-05,2005100.0
2019-05-06,1942800.0
2019-05-07,2179700.0
2019-05-08,2209200.0
2019-05-09,3046600.0
2019-05-10,8266800.0
2019-05-11,5383800.0
2019-05-12,5619200.0
2019-05-13,5053700.0
2019-05-14,4110900.0
2019-05-15,6128700.0
2019-05-16,4187400.0
2019-05-17,4664600.0
2019-05-18,4605500.0
2019-05-19,6490300.0
2019-05-20,6977000.0
2019-05-21,9280200.0
2019-05-22,7490000.0
2019-05-23,12466400.0
2019-05-24,7089900.0
2019-05-25,14656100.0
2019-05-26,8303900.0
2019-05-27,8867700.0
2019-05-28,9659500.0
2019-05-29,7776100.0
2019-05-30,9834700.0
2019-05-31,7664500.0
2019-06-01,7369900.0
2019-06-02,6615200.0
2019-06-03,6262800.0
2019-06-04,5693300.0
2019-06-05,6511600.0
2019-06-06,6332000.0
2019-06-07,6423000.0
2019-06-08,5018700.0
2019-06-09,4545200.0
2019-06-10,5729200.0
2019-06-11,7368500.0
2019-06-12,13688200.0
2019-06-13,9917500.0
2019-06-14,7619100.0
2019-06-15,6283300.0
2019-06-16,5545000.0
2019-06-17,4578600.0
2019-06-18,4256800.0
2019-06-19,7196800.0
2019-06-20,4867100.0
2019-06-21,6936000.0
2019-06-22,8929300.0
2019-06-23,5872000.0
2019-06-24,5483900.0
2019-06-25,6649400.0
2019-06-26,4909500.0
2019-06-27,4146100.0
2019-06-28,4625900.0
2019-06-29,3827800.0
2019-06-30,4813000.0
2019-07-01,3667900.0
2019-07-02,4472100.0
2019-07-03,4904700.0
2019-07-04,4053600.0
2019-07-05,5054900.0
2019-07-06,5612100.0
2019-07-07,4506300.0
2019-07-08,5184700.0
2019-07-09,6409700.0
2019-07-10,6869400.0
2019-07-11,8353400.0
2019-07-12,6288900.0
2019-07-13,6144200.0
2019-07-14,6171100.0
2019-07-15,5176800.0
2019-07-16,4963500.0
2019-07-17,4875100.0
2019-07-18,6154200.0
2019-07-19,4862500.0
2019-07-20,4466700.0
2019-07-21,5330700.0
2019-07-22,3957400.0
2019-07-23,4079700.0
2019-07-24,4643600.0
2019-07-25,4100400.0
2019-07-26,4289600.0
2019-07-27,3620400.0
2019-07-28,3341100.0
2019-07-29,3882800.0
2019-07-30,3788400.0
2019-07-31,4459400.0
2019-08-01,4716100.0
2019-08-02,4138500.0
2019-08-03,4830300.0
2019-08-04,5338900.0
2019-08-05,5971800.0
2019-08-06,7094600.0
2019-08-07,5053300.0
2019-08-08,4690200.0
2019-08-09,4861300.0
2019-08-10,3989900.0
2019-08-11,6579700.0
2019-08-12,4832000.0
2019-08-13,6669400.0
2019-08-14,6604100.0
2019-08-15,8056900.0
2019-08-16,6464200.0
2019-08-17,9802900.0
2019-08-18,7308600.0
2019-08-19,5746200.0
2019-08-20,5706400.0
2019-08-21,5815300.0
2019-08-22,4562300.0
2019-08-23,4193900.0
2019-08-24,3680300.0
2019-08-25,3907200.0
2019-08-26,3455900.0
2019-08-27,3082200.0
2019-08-28,3915800.0
2019-08-29,2875500.0
2019-08-30,2848200.0
2019-08-31,3230200.0
2019-09-01,2611000.0
2019-09-02,4601600.0
2019-09-03,3149300.0
2019-09-04,3544700.0
2019-09-05,4361900.0
2019-09-06,4858100.0
2019-09-07,4114700.0
2019-09-08,4890700.0
2019-09-09,3581100.0
2019-09-10,3205300.0
2019-09-11,2788400.0
2019-09-12,3123600.0
2019-09-13,3368500.0
2019-09-14,2982900.0
2019-09-15,3601200.0
2019-09-16,2738600.0
2019-09-17,2797200.0
2019-09-18,3356100.0
2019-09-19,3692600.0
2019-09-20,3626600.0
2019-09-21,6486000.0
2019-09-22,5028100.0
2019-09-23,5316400.0
2019-09-24,4242000.0
2019-09-25,3916800.0
2019-09-26,3744500.0
2019-09-27,3190300.0
2019-09-28,3091600.0
2019-09-29,3577300.0
2019-09-30,3193200.0
2019-10-01,2937800.0
2019-10-02,4075200.0
2019-10-03,3342700.0
2019-10-04,3380400.0
2019-10-05,7323100.0
2019-10-06,4589800.0
2019-10-07,3847100.0
2019-10-08,4015900.0
2019-10-09,4746100.0
2019-10-10,6556100.0
2019-10-11,6268700.0
2019-10-12,5671600.0
2019-10-13,6476400.0
2019-10-14,4787300.0
2019-10-15,4340300.0
2019-10-16,4334600.0
2019-10-17,6002700.0
2019-10-18,6100400.0
2019-10-19,5581200.0
2019-10-20,4681400.0
2019-10-21,4568500.0
2019-10-22,4739000.0
2019-10-23,5345300.0
2019-10-24,6573200.0
2019-10-25,6782400.0
2019-10-26,8310800.0
2019-10-27,8435300.0
2019-10-28,7481600.0
2019-10-29,9398600.0
2019-10-30,5780000.0
2019-10-31,5353600.0
2019-11-01,6627100.0
2019-11-02,6131100.0
2019-11-03,5735800.0
2019-11-04,6687600.0
2019-11-05,5744300.0
2019-11-06,4795000.0
2019-11-07,5187600.0
2019-11-08,5913700.0
2019-11-09,6356800.0
2019-11-10,4825300.0
2019-11-11,4721300.0
2019-11-12,5891700.0
2019-11-13,5243900.0
2019-11-14,4378000.0
2019-11-15,4358400.0
2019-11-16,3446300.0
2019-11-17,3942500.0
2019-11-18,3476400.0
2019-11-19,3895100.0
2019-11-20,4303100.0
2019-11-21,4014500.0
2019-11-22,4197000.0
2019-11-23,3732800.0
2019-11-24,3628400.0
2019-11-25,3148300.0
2019-11-26,3116100.0
2019-11-27,2645600.0
2019-11-28,3814700.0
2019-11-29,3426300.0
2019-11-30,3321300.0
2019-12-01,2732600.0
2019-12-02,2836100.0
2019-12-03,5213000.0
2019-12-04,3134600.0
2019-12-05,3147600.0
2019-12-06,2892600.0
2019-12-07,2538400.0
2019-12-08,2467100.0
2019-12-09,2390300.0
2019-12-10,2293100.0
2019-12-11,2282900.0
2019-12-12,2283100.0
2019-12-13,2016300.0
2019-12-14,2054200.0
2019-12-15,2198000.0
2019-12-16,1968700.0
2019-12-17,2506400.0
2019-12-18,2166900.0
2019-12-19,2186000.0
2019-12-20,3419300.0
2019-12-21,2584500.0
2019-12-22,3150900.0
2019-12-23,2303700.0
2019-12-24,2185700.0
2019-12-25,3103900.0
2019-12-26,2581600.0
2019-12-27,2847500.0
2019-12-28,2622600.0
2019-12-29,2870500.0
2019-12-30,3453400.0
2019-12-31,2883800.0
2020-01-01,2904800.0
2020-01-02,3090000.0
2020-01-03,2688700.0
2020-01-04,2317200.0
2020-01-05,2057800.0
2020-01-06,1886200.0
2020-01-07,1751000.0
2020-01-08,1658600.0
2020-01-09,1556500.0
2020-01-10,1498300.0
2020-01-11,1417700.0
2020-01-12,1330800.0
2020-01-13,1305100.0
2020-01-14,1254000.0
2020-01-15,1239300.0
2020-01-16,1201600.0
2020-01-17,1177100.0
2020-01-18,1120200.0
2020-01-19,1083000.0
2020-01-20,1189800.0
2020-01-21,1117000.0
2020-01-22,1954800.0
2020-01-23,1374000.0
2020-01-24,1874100.0
2020-01-25,2090400.0
2020-01-26,1922700.0
2020-01-27,1540500.0
2020-01-28,2021900.0
2020-01-29,1576600.0
2020-01-30,1350400.0
2020-01-31,1315600.0
2020-02-01,1212100.0
2020-02-02,1474000.0
2020-02-03,1351800.0
2020-02-04,1241200.0
2020-02-05,1131900.0
2020-02-06,1098000.0
2020-02-07,1050200.0
2020-02-08,1119600.0
2020-02-09,1100700.0
2020-02-10,978800.0
2020-02-11,958400.0
2020-02-12,951000.0
2020-02-13,963900.0
2020-02-14,871200.0
2020-02-15,1345400.0
2020-02-16,1027000.0
2020-02-17,1041900.0
2020-02-18,927500.0
2020-02-19,875600.0
2020-02-20,827100.0
2020-02-21,824900.0
2020-02-22,1294000.0
2020-02-23,1053300.0
2020-02-24,933600.0
2020-02-25,897900.0
2020-02-26,844600.0
2020-02-27,811400.0
2020-02-28,794500.0
2020-02-29,768400.0
2020-03-01,769600.0
2020-03-02,774900.0
2020-03-03,715500.0
2020-03-04,714700.0
2020-03-05,671000.0
2020-03-06,657200.0
2020-03-07,663300.0
2020-03-08,647600.0
2020-03-09,616200.0
2020-03-10,629600.0
2020-03-11,725000.0
2020-03-12,753600.0
2020-03-13,641400.0
2020-03-14,676900.0
2020-03-15,681700.0
2020-03-16,587900.0
2020-03-17,563100.0
2020-03-18,566700.0
2020-03-19,559900.0
2020-03-20,834000.0
2020-03-21,699600.0
2020-03-22,698900.0
2020-03-23,684400.0
2020-03-24,617500.0
2020-03-25,606300.0
2020-03-26,518900.0
2020-03-27,566600.0
2020-03-28,510400.0
2020-03-29,538200.0
2020-03-30,690100.0
2020-03-31,799600.0
2020-04-01,654300.0
2020-04-02,711800.0
2020-04-03,682000.0
2020-04-04,1499500.0
2020-04-05,976200.0
2020-04-06,1618100.0
2020-04-07,1184400.0
2020-04-08,984400.0
2020-04-09,1260000.0
2020-04-10,1672600.0
2020-04-11,2332600.0
2020-04-12,1797200.0
2020-04-13,1834100.0
2020-04-14,1452300.0
2020-04-15,1258500.0
2020-04-16,1097200.0
2020-04-17,973100.0
2020-04-18,1063000.0
2020-04-19,1428300.0
2020-04-20,1300900.0
2020-04-21,1729700.0
2020-04-22,1567500.0
2020-04-23,1298500.0
2020-04-24,1409700.0
2020-04-25,1148400.0
2020-04-26,2201300.0
2020-04-27,1438200.0
2020-04-28,2293800.0
2020-04-29,1555400.0
2020-04-30,1365600.0
2020-05-01,1968300.0
2020-05-02,1634200.0
2020-05-03,1917700.0
2020-05-04,2025600.0
2020-05-05,3439900.0
2020-05-06,3814800.0
2020-05-07,2554700.0
2020-05-08,4373700.0
2020-05-09,2834400.0
2020-05-10,2867800.0
2020-05-11,2535700.0
2020-05-12,2082100.0
2020-05-13,1979800.0
2020-05-14,1961900.0
2020-05-15,2342800.0
2020-05-16,1971300.0
2020-05-17,4605900.0
2020-05-18,3054900.0
2020-05-19,4417200.0
2020-05-20,4044600.0
2020-05-21,3273600.0
2020-05-22,3145600.0
2020-05-23,3297600.0
2020-05-24,2760400.0
2020-05-25,3056800.0
2020-05-26,3467400.0
2020-05-27,6468200.0
2020-05-28,5407100.0
2020-05-29,4633500.0
2020-05-30,6028600.0
2020-05-31,4869700.0
2020-06-01,4110500.0
2020-06-02,3799600.0
2020-06-03,3054300.0
2020-06-04,2682700.0
2020-06-05,2729300.0
2020-06-06,2380600.0
2020-06-07,2145800.0
2020-06-08,2401900.0
2020-06-09,3332900.0
2020-06-10,3290600.0
2020-06-11,2665400.0
2020-06-12,3136300.0
2020-06-13,2943600.0
2020-06-14,2835200.0
2020-06-15,3102100.0
2020-06-16,2674400.0
2020-06-17,2588600.0
2020-06-18,2413000.0
2020-06-19,3097500.0
2020-06-20,3276700.0
2020-06-21,4767400.0
2020-06-22,3698900.0
2020-06-23,3671000.0
2020-06-24,3408700.0
2020-06-25,2962800.0
2020-06-26,3131000.0
2020-06-27,5586700.0
2020-06-28,4733800.0
2020-06-29,4484400.0
2020-06-30,6896700.0
2020-07-01,5375200.0
2020-07-02,4584000.0
2020-07-03,5529300.0
2020-07-04,6896700.0
2020-07-05,5621600.0
2020-07-06,4507300.0
2020-07-07,5423300.0
2020-07-08,6498500.0
2020-07-09,5233700.0
2020-07-10,6077600.0
2020-07-11,4954500.0
2020-07-12,4645200.0
2020-07-13,4108200.0
2020-07-14,4718900.0
2020-07-15,3741200.0
2020-07-16,3765900.0
2020-07-17,3317400.0
2020-07-18,3343500.0
2020-07-19,3798400.0
2020-07-20,4987600.0
2020-07-21,3878500.0
2020-07-22,5364200.0
2020-07-23,7956300.0
2020-07-24,7680300.0
2020-07-25,7362200.0
2020-07-26,11903900.0
2020-07-27,8868000.0
2020-07-28,8801600.0
2020-07-29,8665100.0
2020-07-30,6982200.0
2020-07-31,6907400.0
2020-08-01,6194100.0
2020-08-02,6932300.0
2020-08-03,5738300.0
2020-08-04,6694800.0
2020-08-05,9453600.0
2020-08-06,7382100.0
2020-08-07,7050200.0
2020-08-08,9930900.0
2020-08-09,9612000.0
2020-08-10,8413200.0
2020-08-11,8391800.0
2020-08-12,7924200.0
2020-08-13,8199600.0
2020-08-14,7491900.0
2020-08-15,7496500.0
2020-08-16,6463400.0
2020-08-17,6708800.0
2020-08-18,5887300.0
2020-08-19,7713900.0
2020-08-20,7355000.0
2020-08-21,6341300.0
2020-08-22,6638700.0
2020-08-23,8811400.0
2020-08-24,8332400.0
2020-08-25,13923800.0
2020-08-26,9167600.0
2020-08-27,7241600.0
2020-08-28,6048500.0
2020-08-29,5171600.0
2020-08-30,4530600.0
2020-08-31,3878700.0
2020-09-01,3932000.0
2020-09-02,3958500.0
2020-09-03,4027800.0
2020-09-04,3962200.0
2020-09-05,3347600.0
2020-09-06,3473800.0
2020-09-07,3467600.0
2020-09-08,3728600.0
2020-09-09,3245100.0
2020-09-10,3676200.0
2020-09-11,3439600.0
2020-09-12,3408700.0
2020-09-13,3471600.0
2020-09-14,5368500.0
2020-09-15,4408200.0
2020-09-16,3461900.0
2020-09-17,3139200.0
2020-09-18,3318500.0
2020-09-19,3836300.0
2020-09-20,6375600.0
2020-09-21,5528200.0
2020-09-22,6151900.0
2020-09-23,5832300.0
2020-09-24,6261300.0
2020-09-25,8549100.0
2020-09-26,6857900.0
2020-09-27,6678200.0
2020-09-28,5377200.0
2020-09-29,4737400.0
2020-09-30,4666700.0
2020-10-01,5582100.0
2020-10-02,5913200.0
2020-10-03,6754300.0
2020-10-04,7112000.0
2020-10-05,6515700.0
2020-10-06,6362100.0
2020-10-07,5130300.0
2020-10-08,4694300.0
2020-10-09,4381000.0
2020-10-10,3728800.0
2020-10-11,3630100.0
2020-10-12,4218600.0
2020-10-13,4504400.0
2020-10-14,3975300.0
2020-10-15,4849500.0
2020-10-16,3799300.0
2020-10-17,5050000.0
2020-10-18,3805400.0
2020-10-19,3944800.0
2020-10-20,3168800.0
2020-10-21,3474400.0
2020-10-22,13871200.0
2020-10-23,7563700.0
2020-10-24,6394200.0
2020-10-25,6928900.0
2020-10-26,5765600.0
2020-10-27,5125800.0
2020-10-28,4124300.0
2020-10-29,3751800.0
2020-10-30,3613800.0
2020-10-31,3692800.0
2020-11-01,3363100.0
2020-11-02,2872700.0
2020-11-03,2693000.0
2020-11-04,2814700.0
2020-11-05,2952100.0
2020-11-06,2538700.0
2020-11-07,2277500.0
2020-11-08,2175900.0
2020-11-09,2058600.0
2020-11-10,2371500.0
2020-11-11,3982400.0
2020-11-12,3145500.0
2020-11-13,2696900.0
2020-11-14,3152300.0
2020-11-15,2542100.0
2020-11-16,2255900.0
2020-11-17,2878900.0
2020-11-18,3034100.0
2020-11-19,4108400.0
2020-11-20,4377300.0
2020-11-21,5326400.0
2020-11-22,4595700.0
2020-11-23,4830000.0
2020-11-24,4355000.0
2020-11-25,5950600.0
2020-11-26,6266400.0
2020-11-27,4889300.0
2020-11-28,5294600.0
2020-11-29,5762300.0
2020-11-30,4943100.0
2020-12-01,5064500.0
2020-12-02,5158500.0
2020-12-03,5682100.0
2020-12-04,5381500.0
2020-12-05,4809000.0
2020-12-06,5873700.0
2020-12-07,5196100.0
2020-12-08,6352500.0
2020-12-09,6267900.0
2020-12-10,4997200.0
2020-12-11,5247900.0
2020-12-12,4004400.0
2020-12-13,3394100.0
2020-12-14,2950400.0
2020-12-15,2775000.0
2020-12-16,2435500.0
2020-12-17,2902900.0
2020-12-18,4299300.0
2020-12-19,3819800.0
2020-12-20,3810600.0
2020-12-21,3330100.0
2020-12-22,2958100.0
2020-12-23,2659400.0
2020-12-24,2521500.0
2020-12-25,2345100.0
2020-12-26,2929400.0
2020-12-27,3193900.0
2020-12-28,2971500.0
2020-12-29,2431300.0
2020-12-30,2202400.0
2020-12-31,2482200.0
2021-01-01,1978000.0
2021-01-02,1860400.0
2021-01-03,1918100.0
2021-01-04,1774300.0
2021-01-05,1723700.0
2021-01-06,2123400.0
2021-01-07,1655300.0
2021-01-08,2131300.0
2021-01-09,1958400.0
2021-01-10,2226000.0
2021-01-11,3107300.0
2021-01-12,2505100.0
2021-01-13,2473700.0
2021-01-14,2109300.0
2021-01-15,2106000.0
2021-01-16,1852100.0
2021-01-17,1670500.0
2021-01-18,1569300.0
2021-01-19,1451900.0
2021-01-20,1387200.0
2021-01-21,1356100.0
2021-01-22,1261500.0
2021-01-23,1261400.0
2021-01-24,1226500.0
2021-01-25,1174000.0
2021-01-26,1090700.0
2021-01-27,1089400.0
2021-01-28,1125500.0
2021-01-29,1094200.0
2021-01-30,1009400.0
2021-01-31,937800.0
2021-02-01,937600.0
2021-02-02,1043800.0
2021-02-03,998800.0
2021-02-04,1006400.0
2021-02-05,999400.0
2021-02-06,994300.0
2021-02-07,936600.0
2021-02-08,897000.0
2021-02-09,882000.0
2021-02-10,841300.0
2021-02-11,824000.0
2021-02-12,803700.0
2021-02-13,810300.0
2021-02-14,819900.0
2021-02-15,822700.0
2021-02-16,770600.0
2021-02-17,774400.0
2021-02-18,840300.0
2021-02-19,787300.0
2021-02-20,870500.0
2021-02-21,931800.0
2021-02-22,771600.0
2021-02-23,1328400.0
2021-02-24,827400.0
2021-02-25,766300.0
2021-02-26,2170900.0
2021-02-27,1354300.0
2021-02-28,1111700.0
2021-03-01,927200.0
2021-03-02,845000.0
2021-03-03,791300.0
2021-03-04,818200.0
2021-03-05,810700.0
2021-03-06,742500.0
2021-03-07,882700.0
2021-03-08,4630200.0
2021-03-09,3682300.0
2021-03-10,2126700.0
2021-03-11,1807300.0
2021-03-12,2446600.0
2021-03-13,1832600.0
2021-03-14,1556700.0
2021-03-15,1340000.0
2021-03-16,1379100.0
2021-03-17,1730800.0
2021-03-18,1835700.0
2021-03-19,1585800.0
2021-03-20,1415800.0
2021-03-21,1442500.0
2021-03-22,1833500.0
2021-03-23,1566500.0
2021-03-24,1661000.0
2021-03-25,1493900.0
2021-03-26,1777800.0
2021-03-27,2912100.0
2021-03-28,1985200.0
2021-03-29,1725600.0
2021-03-30,1519100.0
2021-03-31,2374600.0
2021-04-01,2515700.0
2021-04-02,2464000.0
2021-04-03,2724700.0
2021-04-04,2890100.0
2021-04-05,4208600.0
2021-04-06,4278000.0
2021-04-07,3178500.0
2021-04-08,3780900.0
2021-04-09,4832000.0
2021-04-10,3421100.0
2021-04-11,3356200.0
2021-04-12,3061300.0
2021-04-13,2844000.0
2021-04-14,3481500.0
2021-04-15,2512100.0
2021-04-16,3014800.0
2021-04-17,3930100.0
2021-04-18,5812700.0
2021-04-19,3587600.0
2021-04-20,2952400.0
2021-04-21,3061900.0
2021-04-22,2919200.0
2021-04-23,4454600.0
2021-04-24,3300000.0
2021-04-25,2778100.0
2021-04-26,2697000.0
2021-04-27,6898300.0
2021-04-28,6031700.0
2021-04-29,4169300.0
2021-04-30,3698900.0
2021-05-01,5625900.0
2021-05-02,3741400.0
2021-05-03,4061900.0
2021-05-04,3697300.0
2021-05-05,3220900.0
2021-05-06,2891900.0
2021-05-07,3834700.0
2021-05-08,4090800.0
2021-05-09,4973200.0
2021-05-10,4821000.0
2021-05-11,4915500.0
2021-05-12,5135200.0
2021-05-13,5017700.0
2021-05-14,3529400.0
2021-05-15,3042700.0
2021-05-16,3147900.0
2021-05-17,3486600.0
2021-05-18,4214900.0
2021-05-19,3723300.0
2021-05-20,3143100.0
2021-05-21,3709000.0
2021-05-22,3428700.0
2021-05-23,3440300.0
2021-05-24,3156300.0
2021-05-25,5482900.0
2021-05-26,5271700.0
2021-05-27,6907100.0
2021-05-28,11739600.0
2021-05-29,7355800.0
2021-05-30,5450300.0
2021-05-31,5449400.0
2021-06-01,4826700.0
2021-06-02,5190000.0
2021-06-03,5203600.0
2021-06-04,4852700.0
2021-06-05,6176100.0
2021-06-06,4689200.0
2021-06-07,5315600.0
2021-06-08,5991700.0
2021-06-09,7479400.0
2021-06-10,6014100.0
2021-06-11,9655800.0
2021-06-12,7011100.0
2021-06-13,8564800.0
2021-06-14,7938300.0
2021-06-15,7253100.0
2021-06-16,6120900.0
2021-06-17,6042600.0
2021-06-18,5512800.0
2021-06-19,5105300.0
2021-06-20,5071100.0
2021-06-21,7961200.0
2021-06-22,5664500.0
2021-06-23,5059100.0
2021-06-24,4786800.0
2021-06-25,6386700.0
2021-06-26,5837300.0
2021-06-27,5540900.0
2021-06-28,5454300.0
2021-06-29,4394700.0
2021-06-30,4487600.0
2021-07-01,5157800.0
2021-07-02,4636700.0
2021-07-03,3902100.0
2021-07-04,4692300.0
2021-07-05,4464000.0
2021-07-06,4534400.0
2021-07-07,4289500.0
2021-07-08,4219700.0
2021-07-09,5350000.0
2021-07-10,5615400.0
2021-07-11,5967100.0
2021-07-12,5414600.0
2021-07-13,8951300.0
2021-07-14,6237300.0
2021-07-15,5817200.0
2021-07-16,5581100.0
2021-07-17,5191700.0
2021-07-18,5419500.0
2021-07-19,7114900.0
2021-07-20,5561100.0
2021-07-21,6304200.0
2021-07-22,6405300.0
2021-07-23,5470900.0
2021-07-24,4568300.0
2021-07-25,5223700.0
2021-07-26,4793400.0
2021-07-27,5118800.0
2021-07-28,4361000.0
2021-07-29,3869100.0
2021-07-30,4624500.0
2021-07-31,3964800.0
2021-08-01,3959900.0
2021-08-02,4329200.0
2021-08-03,10400700.0
2021-08-04,7234700.0
2021-08-05,5764400.0
2021-08-06,5729500.0
2021-08-07,4886000.0
2021-08-08,4489100.0
2021-08-09,5133100.0
2021-08-10,8687800.0
2021-08-11,5919600.0
2021-08-12,7353600.0
2021-08-13,6474500.0
2021-08-14,6539100.0
2021-08-15,6389200.0
2021-08-16,5312000.0
2021-08-17,5951800.0
2021-08-18,12282600.0
2021-08-19,8346800.0
2021-08-20,7077600.0
2021-08-21,8065200.0
2021-08-22,10192000.0
2021-08-23,7287900.0
2021-08-24,7928400.0
2021-08-25,6485400.0
2021-08-26,5375400.0
2021-08-27,6008100.0
2021-08-28,5381400.0
2021-08-29,4708100.0
2021-08-30,4841400.0
2021-08-31,4399500.0
2021-09-01,4284300.0
2021-09-02,4458100.0
2021-09-03,3635300.0
2021-09-04,5648200.0
2021-09-05,3830500.0
2021-09-06,4197000.0
2021-09-07,5138200.0
2021-09-08,5137700.0
2021-09-09,4929000.0
2021-09-10,3872100.0
2021-09-11,5960000.0
2021-09-12,4860900.0
2021-09-13,5140700.0
2021-09-14,5338300.0
2021-09-15,6653900.0
2021-09-16,5221900.0
2021-09-17,5230700.0
2021-09-18,6217700.0
2021-09-19,6378200.0
2021-09-20,5388700.0
2021-09-21,6295600.0
2021-09-22,7006100.0
2021-09-23,10575400.0
2021-09-24,8399400.0
2021-09-25,7943600.0
2021-09-26,8605000.0
2021-09-27,6205300.0
2021-09-28,6635800.0
2021-09-29,5113800.0
2021-09-30,5193600.0
2021-10-01,5278900.0
2021-10-02,5103500.0
2021-10-03,5807800.0
2021-10-04,7521200.0
2021-10-05,6022400.0
2021-10-06,6042200.0
2021-10-07,5169300.0
2021-10-08,4900100.0
2021-10-09,5603300.0
2021-10-10,5002200.0
2021-10-11,4610000.0
2021-10-12,3901000.0
2021-10-13,4797400.0
2021-10-14,5783700.0
2021-10-15,4677900.0
2021-10-16,5898400.0
2021-10-17,4809600.0
2021-10-18,4684100.0
2021-10-19,6118600.0
2021-10-20,6957000.0
2021-10-21,5112900.0
2021-10-22,4692000.0
2021-10-23,4245600.0
2021-10-24,3931600.0
2021-10-25,3407700.0
2021-10-26,3323800.0
2021-10-27,3609400.0
2021-10-28,3422100.0
2021-10-29,4432200.0
2021-10-30,3795200.0
2021-10-31,3836000.0
2021-11-01,3668100.0
2021-11-02,4069700.0
2021-11-03,5871200.0
2021-11-04,4188200.0
2021-11-05,4830100.0
2021-11-06,4002100.0
2021-11-07,3908900.0
2021-11-08,4345100.0
2021-11-09,4869800.0
2021-11-10,5190100.0
2021-11-11,3896100.0
2021-11-12,3282200.0
2021-11-13,3594200.0
2021-11-14,3597600.0
2021-11-15,3558100.0
2021-11-16,3149600.0
2021-11-17,2994700.0
2021-11-18,2698300.0
2021-11-19,2502700.0
2021-11-20,2524300.0
2021-11-21,2731000.0
2021-11-22,3813700.0
2021-11-23,4787200.0
2021-11-24,5298800.0
2021-11-25,6561500.0
2021-11-26,7472900.0
2021-11-27,6791400.0
2021-11-28,5280900.0
2021-11-29,4826100.0
2021-11-30,4758600.0
2021-12-01,3831800.0
2021-12-02,3839200.0
2021-12-03,3342200.0
2021-12-04,3446400.0
2021-12-05,3071500.0
2021-12-06,2904500.0
2021-12-07,2704600.0
2021-12-08,2568500.0
2021-12-09,2437800.0
2021-12-10,2284000.0
2021-12-11,2520400.0
2021-12-12,2170900.0
2021-12-13,2050800.0
2021-12-14,1970400.0
2021-12-15,1889700.0
2021-12-16,2329500.0
2021-12-17,2592900.0
2021-12-18,2178000.0
2021-12-19,1937200.0
2021-12-20,2074600.0
2021-12-21,1931700.0
2021-12-22,1836800.0
2021-12-23,1919900.0
2021-12-24,1979300.0
2021-12-25,1890600.0
2021-12-26,5542400.0
2021-12-27,3875000.0
2021-12-28,4296800.0
2021-12-29,3380200.0
2021-12-30,2863700.0
2021-12-31,2553900.0
2022-01-01,2440600.0
2022-01-02,2200500.0
2022-01-03,1946500.0
2022-01-04,1794700.0
2022-01-05,1688800.0
2022-01-06,1853800.0
2022-01-07,1660500.0
2022-01-08,1860100.0
2022-01-09,1783700.0
2022-01-10,1727900.0
2022-01-11,1614400.0
2022-01-12,1727700.0
2022-01-13,1597200.0
2022-01-14,1498700.0
2022-01-15,1397300.0
2022-01-16,1328100.0
2022-01-17,1395400.0
2022-01-18,1938000.0
2022-01-19,1498800.0
2022-01-20,1365500.0
2022-01-21,1552700.0
2022-01-22,1363600.0
2022-01-23,1246400.0
2022-01-24,1205700.0
2022-01-25,1410700.0
2022-01-26,1265400.0
2022-01-27,1222300.0
2022-01-28,1125300.0
2022-01-29,1056800.0
2022-01-30,1087500.0
2022-01-31,1004000.0
2022-02-01,1132800.0
2022-02-02,963400.0
2022-02-03,962400.0
2022-02-04,1271000.0
2022-02-05,1189600.0
2022-02-06,1054100.0
2022-02-07,1336400.0
2022-02-08,1221500.0
2022-02-09,4576800.0
2022-02-10,2830000.0
2022-02-11,1925500.0
2022-02-12,1567400.0
2022-02-13,1519300.0
2022-02-14,2908000.0
2022-02-15,2168600.0
2022-02-16,1890800.0
2022-02-17,1686900.0
2022-02-18,1899600.0
2022-02-19,1653400.0
2022-02-20,1454000.0
2022-02-21,1401600.0
2022-02-22,1273000.0
2022-02-23,1193800.0
2022-02-24,1111300.0
2022-02-25,1092200.0
2022-02-26,1180500.0
2022-02-27,1243200.0
2022-02-28,2654200.0
2022-03-01,2471800.0
2022-03-02,2757300.0
2022-03-03,2241400.0
2022-03-04,2826100.0
2022-03-05,3192800.0
2022-03-06,8933800.0
2022-03-07,5166800.0
2022-03-08,3497600.0
2022-03-09,2807000.0
2022-03-10,2866300.0
2022-03-11,2336400.0
2022-03-12,2033000.0
2022-03-13,1984900.0
2022-03-14,1998400.0
2022-03-15,1718300.0
2022-03-16,2248500.0
2022-03-17,2490200.0
2022-03-18,1811200.0
2022-03-19,1579400.0
2022-03-20,1604400.0
2022-03-21,1460300.0
2022-03-22,1341500.0
2022-03-23,1394900.0
2022-03-24,1917900.0
2022-03-25,1636800.0
2022-03-26,1497200.0
2022-03-27,6655900.0
2022-03-28,6138400.0
2022-03-29,4435300.0
2022-03-30,5261500.0
2022-03-31,4451500.0
2022-04-01,5463400.0
2022-04-02,4954500.0
2022-04-03,4328300.0
2022-04-04,4495300.0
2022-04-05,4417200.0
2022-04-06,3962800.0
2022-04-07,5462700.0
2022-04-08,5548800.0
2022-04-09,5947300.0
2022-04-10,6347600.0
2022-04-11,4966300.0
2022-04-12,5225200.0
2022-04-13,7502000.0
2022-04-14,5138300.0
2022-04-15,6533500.0
2022-04-16,7321100.0
2022-04-17,6371900.0
2022-04-18,7837000.0
2022-04-19,10279800.0
2022-04-20,9934000.0
2022-04-21,8786100.0
2022-04-22,9644000.0
2022-04-23,8986400.0
2022-04-24,7059000.0
2022-04-25,6744500.0
2022-04-26,7184200.0
2022-04-27,5853700.0
2022-04-28,9520600.0
2022-04-29,10587500.0
2022-04-30,9634500.0
2022-05-01,8094900.0
2022-05-02,7883400.0
2022-05-03,5907000.0
2022-05-04,6882100.0
2022-05-05,8235900.0
2022-05-06,6697600.0
2022-05-07,6042700.0
2022-05-08,5056400.0
2022-05-09,6479100.0
2022-05-10,8518500.0
2022-05-11,5368600.0
2022-05-12,4613200.0
2022-05-13,10949200.0
2022-05-14,8509800.0
2022-05-15,7313400.0
2022-05-16,7678500.0
2022-05-17,8591600.0
2022-05-18,8689900.0
2022-05-19,8828400.0
2022-05-20,8150700.0
2022-05-21,6662700.0
2022-05-22,5924900.0
2022-05-23,6229000.0
2022-05-24,5432700.0
2022-05-25,7650500.0
2022-05-26,8438300.0
2022-05-27,7261100.0
2022-05-28,7513800.0
2022-05-29,7593000.0
2022-05-30,6633700.0
2022-05-31,6906800.0
2022-06-01,5715900.0
2022-06-02,5657900.0
2022-06-03,4697400.0
2022-06-04,4074500.0
2022-06-05,6186400.0
2022-06-06,6255000.0
2022-06-07,6950500.0
2022-06-08,6414800.0
2022-06-09,5510800.0
2022-06-10,5847600.0
2022-06-11,5523100.0
2022-06-12,8039400.0
2022-06-13,10192100.0
2022-06-14,8867700.0
2022-06-15,8334800.0
2022-06-16,8641800.0
2022-06-17,10074500.0
2022-06-18,7776200.0
2022-06-19,7188300.0
2022-06-20,6511000.0
2022-06-21,5808400.0
2022-06-22,5547300.0
2022-06-23,5183000.0
2022-06-24,5828300.0
2022-06-25,5213200.0
2022-06-26,5035200.0
2022-06-27,5756200.0
2022-06-28,7708500.0
2022-06-29,7652100.0
2022-06-30,8328200.0
2022-07-01,7656900.0
2022-07-02,9917500.0
2022-07-03,7093400.0
2022-07-04,10802900.0
2022-07-05,8831000.0
2022-07-06,7438700.0
2022-07-07,6803200.0
2022-07-08,7351200.0
2022-07-09,7810500.0
2022-07-10,7575700.0
2022-07-11,6897800.0
2022-07-12,8444300.0
2022-07-13,8069900.0
2022-07-14,6963400.0
2022-07-15,6932500.0
2022-07-16,5632400.0
2022-07-17,6771900.0
2022-07-18,6407400.0
2022-07-19,5407700.0
2022-07-20,6025400.0
2022-07-21,6840100.0
2022-07-22,7827400.0
2022-07-23,9182100.0
2022-07-24,7549500.0
2022-07-25,10586600.0
2022-07-26,9154600.0
2022-07-27,10118900.0
2022-07-28,9052800.0
2022-07-29,7057400.0
2022-07-30,5846100.0
2022-07-31,5853700.0
2022-08-01,4868300.0
2022-08-02,5126000.0
2022-08-03,7565200.0
2022-08-04,10994300.0
2022-08-05,7933800.0
2022-08-06,7480800.0
2022-08-07,7556400.0
2022-08-08,7136600.0
2022-08-09,8666500.0
2022-08-10,9853200.0
2022-08-11,9531000.0
2022-08-12,7563200.0
2022-08-13,7298800.0
2022-08-14,7285100.0
2022-08-15,18526100.0
2022-08-16,10556900.0
2022-08-17,8112500.0
2022-08-18,6473200.0
2022-08-19,5370300.0
2022-08-20,4908100.0
2022-08-21,5106700.0
2022-08-22,4640200.0
2022-08-23,4136500.0
2022-08-24,5075200.0
2022-08-25,6580200.0
2022-08-26,6606600.0
2022-08-27,5414800.0
2022-08-28,5269500.0
2022-08-29,5202800.0
2022-08-30,5104200.0
2022-08-31,6516800.0
2022-09-01,4998100.0
2022-09-02,4651400.0
2022-09-03,6209700.0
2022-09-04,6420900.0
2022-09-05,6201800.0
2022-09-06,11031200.0
2022-09-07,8467400.0
2022-09-08,8945800.0
2022-09-09,7621500.0
2022-09-10,8011000.0
2022-09-11,8948800.0
2022-09-12,7938200.0
2022-09-13,8697900.0
2022-09-14,7673700.0
2022-09-15,6436200.0
2022-09-16,7021500.0
2022-09-17,6269500.0
2022-09-18,6379200.0
2022-09-19,6230600.0
2022-09-20,5056600.0
2022-09-21,4740000.0
2022-09-22,4865700.0
2022-09-23,6137000.0
2022-09-24,5693900.0
2022-09-25,5307000.0
2022-09-26,7191300.0
2022-09-27,4893700.0
2022-09-28,6167700.0
2022-09-29,5389100.0
2022-09-30,5445100.0
2022-10-01,5371800.0
2022-10-02,5340400.0
2022-10-03,4438500.0
2022-10-04,8492400.0
2022-10-05,5472100.0
2022-10-06,4478900.0
2022-10-07,6929400.0
2022-10-08,4989000.0
2022-10-09,4606000.0
2022-10-10,4359400.0
2022-10-11,3980600.0
2022-10-12,5915400.0
2022-10-13,5858900.0
2022-10-14,4673900.0
2022-10-15,5012500.0
2022-10-16,4222400.0
2022-10-17,4869600.0
2022-10-18,5068700.0
2022-10-19,4456500.0
2022-10-20,5149000.0
2022-10-21,4611700.0
2022-10-22,4347500.0
2022-10-23,4109400.0
2022-10-24,4012300.0
2022-10-25,4177500.0
2022-10-26,3734300.0
2022-10-27,4170000.0
2022-10-28,3729100.0
2022-10-29,3153600.0
2022-10-30,2787100.0
2022-10-31,2544600.0
2022-11-01,2486300.0
2022-11-02,2474200.0
2022-11-03,4130100.0
2022-11-04,3671900.0
2022-11-05,3074300.0
2022-11-06,3027900.0
2022-11-07,2851500.0
2022-11-08,2716200.0
2022-11-09,2832300.0
2022-11-10,2874900.0
2022-11-11,2987900.0
2022-11-12,3561400.0
2022-11-13,3744800.0
2022-11-14,4158900.0
2022-11-15,5043400.0
2022-11-16,5329300.0
2022-11-17,5411700.0
2022-11-18,5272500.0
2022-11-19,4735700.0
2022-11-20,7577700.0
2022-11-21,5313100.0
2022-11-22,5527600.0
2022-11-23,4621700.0
2022-11-24,4862700.0
2022-11-25,4420100.0
2022-11-26,5763900.0
2022-11-27,6084100.0
2022-11-28,9911600.0
2022-11-29,8059100.0
2022-11-30,6688200.0
2022-12-01,5699200.0
2022-12-02,5097200.0
2022-12-03,3943400.0
2022-12-04,4217300.0
2022-12-05,3300200.0
2022-12-06,4435200.0
2022-12-07,3532200.0
2022-12-08,3213700.0
2022-12-09,2854700.0
2022-12-10,2594600.0
2022-12-11,2536000.0
2022-12-12,4723400.0
2022-12-13,2938200.0
2022-12-14,2604000.0
2022-12-15,2916200.0
2022-12-16,2507300.0
2022-12-17,2417200.0
2022-12-18,2610300.0
2022-12-19,2337900.0
2022-12-20,2169800.0
2022-12-21,2757500.0
2022-12-22,2155900.0
2022-12-23,1939600.0
2022-12-24,1933600.0
2022-12-25,1839900.0
2022-12-26,2285500.0
2022-12-27,2807700.0
2022-12-28,2563500.0
2022-12-29,2539500.0
2022-12-30,2094800.0
2022-12-31,2029900.0
2023-01-01,2131100.0
2023-01-02,1889100.0
2023-01-03,2187200.0
2023-01-04,1930800.0
2023-01-05,1776600.0
2023-01-06,2211900.0
2023-01-07,2076700.0
2023-01-08,3112900.0
2023-01-09,2674900.0
2023-01-10,2816700.0
2023-01-11,2775100.0
2023-01-12,3128200.0
2023-01-13,3296900.0
2023-01-14,5098400.0
2023-01-15,6151200.0
2023-01-16,4649400.0
2023-01-17,4901600.0
2023-01-18,4897200.0
2023-01-19,4295000.0
2023-01-20,3294000.0
2023-01-21,2896800.0
2023-01-22,3835900.0
2023-01-23,2992500.0
2023-01-24,2898000.0
2023-01-25,2371600.0
2023-01-26,2293700.0
2023-01-27,2039700.0
2023-01-28,1882900.0
2023-01-29,1743500.0
2023-01-30,1310400.0
2023-01-31,1553300.0
2023-02-01,1481400.0
2023-02-02,1405500.0
2023-02-03,1348500.0
2023-02-04,1363400.0
2023-02-05,1309200.0
2023-02-06,1273800.0
2023-02-07,1264500.0
2023-02-08,1223700.0
2023-02-09,1073800.0
2023-02-10,1164500.0
2023-02-11,1124200.0
2023-02-12,1333400.0
2023-02-13,1612100.0
2023-02-14,1411000.0
2023-02-15,3970700.0
2023-02-16,2619400.0
2023-02-17,1886900.0
2023-02-18,1692700.0
2023-02-19,1481300.0
2023-02-20,1347500.0
2023-02-21,1271500.0
2023-02-22,1193200.0
2023-02-23,1168200.0
2023-02-24,1095100.0
2023-02-25,1065800.0
2023-02-26,993600.0
2023-02-27,998400.0
2023-02-28,927100.0
2023-03-01,969000.0
2023-03-02,911300.0
2023-03-03,872600.0
2023-03-04,1449400.0
2023-03-05,1395700.0
2023-03-06,1218300.0
2023-03-07,1045600.0
2023-03-08,1111100.0
2023-03-09,1021300.0
2023-03-10,928800.0
2023-03-11,954900.0
2023-03-12,1076300.0
2023-03-13,1314900.0
2023-03-14,1272200.0
2023-03-15,1130100.0
2023-03-16,1081300.0
2023-03-17,1494000.0
2023-03-18,2025400.0
2023-03-19,1584300.0
2023-03-20,1419100.0
2023-03-21,1231800.0
2023-03-22,1120800.0
2023-03-23,1994100.0
2023-03-24,1368800.0
2023-03-25,1301100.0
2023-03-26,1313800.0
2023-03-27,1459300.0
2023-03-28,1266500.0
2023-03-29,1308000.0
2023-03-30,1284800.0
2023-03-31,1551800.0
2023-04-01,1855800.0
2023-04-02,1848100.0
2023-04-03,1518500.0
2023-04-04,1482900.0
2023-04-05,1437900.0
2023-04-06,1322300.0
2023-04-07,2858100.0
2023-04-08,1997800.0
2023-04-09,1510600.0
2023-04-10,1540800.0
2023-04-11,3289000.0
2023-04-12,2692400.0
2023-04-13,2224300.0
2023-04-14,3995900.0
2023-04-15,3296900.0
2023-04-16,3860900.0
2023-04-17,3185500.0
2023-04-18,2595000.0
2023-04-19,2187900.0
2023-04-20,2119600.0
2023-04-21,3256500.0
2023-04-22,2690600.0
2023-04-23,2236400.0
2023-04-24,2169600.0
2023-04-25,1818300.0
2023-04-26,2120200.0
2023-04-27,2449800.0
2023-04-28,1976400.0
2023-04-29,2980600.0
2023-04-30,2549600.0
2023-05-01,2070200.0
2023-05-02,1848300.0
2023-05-03,1803100.0
2023-05-04,1698800.0
2023-05-05,1482600.0
2023-05-06,1800800.0
2023-05-07,3132500.0
2023-05-08,1848000.0
2023-05-09,2246000.0
2023-05-10,5543200.0
2023-05-11,3353200.0
2023-05-12,3243200.0
2023-05-13,3805100.0
2023-05-14,2873100.0
2023-05-15,4517600.0
2023-05-16,3678100.0
2023-05-17,7111400.0
2023-05-18,4099200.0
2023-05-19,3489200.0
2023-05-20,3561100.0
2023-05-21,4606600.0
2023-05-22,8536400.0
2023-05-23,5220700.0
2023-05-24,6008500.0
2023-05-25,5562600.0
2023-05-26,6426300.0
2023-05-27,6374700.0
2023-05-28,10558600.0
2023-05-29,6878500.0
2023-05-30,5639400.0
2023-05-31,5310200.0
2023-06-01,9114900.0
2023-06-02,6077000.0
2023-06-03,5072400.0
2023-06-04,5238100.0
2023-06-05,4484700.0
2023-06-06,3936300.0
2023-06-07,3762700.0
2023-06-08,4804500.0
2023-06-09,10678900.0
2023-06-10,8720400.0
2023-06-11,6554800.0
2023-06-12,4961500.0
2023-06-13,4704200.0
2023-06-14,5309800.0
2023-06-15,4662300.0
2023-06-16,7029500.0
2023-06-17,8075200.0
2023-06-18,5881500.0
2023-06-19,4735900.0
2023-06-20,4925400.0
2023-06-21,4048400.0
2023-06-22,3892800.0
2023-06-23,4964600.0
2023-06-24,4211200.0
2023-06-25,4407300.0
2023-06-26,3927200.0
2023-06-27,3813900.0
2023-06-28,4888800.0
2023-06-29,3844900.0
2023-06-30,4517200.0
2023-07-01,4035700.0
2023-07-02,4780400.0
2023-07-03,4780100.0
2023-07-04,4311800.0
2023-07-05,3717000.0
2023-07-06,3549000.0
2023-07-07,3265100.0
2023-07-08,3963400.0
2023-07-09,3244700.0
2023-07-10,3461400.0
2023-07-11,5875800.0
2023-07-12,6605500.0
2023-07-13,4852100.0
2023-07-14,4750400.0
2023-07-15,5907900.0
2023-07-16,8190400.0
2023-07-17,6518500.0
2023-07-18,6086800.0
2023-07-19,4434400.0
2023-07-20,3664100.0
2023-07-21,3336700.0
2023-07-22,3355500.0
2023-07-23,2789400.0
2023-07-24,2586900.0
2023-07-25,2580300.0
2023-07-26,3069000.0
2023-07-27,6523100.0
2023-07-28,3565300.0
2023-07-29,3282600.0
2023-07-30,3803800.0
2023-07-31,5379900.0
2023-08-01,5481800.0
2023-08-02,6779400.0
2023-08-03,5562000.0
2023-08-04,4595500.0
2023-08-05,4964500.0
2023-08-06,4496700.0
2023-08-07,3791200.0
2023-08-08,4630600.0
2023-08-09,3590000.0
2023-08-10,3799000.0
2023-08-11,4727600.0
2023-08-12,5483400.0
2023-08-13,3738300.0
2023-08-14,3347000.0
2023-08-15,4305800.0
2023-08-16,5757300.0
2023-08-17,6102300.0
2023-08-18,5138500.0
2023-08-19,4213100.0
2023-08-20,3943400.0
2023-08-21,3800900.0
2023-08-22,4907400.0
2023-08-23,4952400.0
2023-08-24,4348200.0
2023-08-25,5012100.0
2023-08-26,3798300.0
2023-08-27,4188900.0
2023-08-28,4093700.0
2023-08-29,3613000.0
2023-08-30,3319300.0
2023-08-31,3430500.0
2023-09-01,3414100.0
2023-09-02,3582400.0
2023-09-03,2851400.0
2023-09-04,2779400.0
2023-09-05,2660000.0
2023-09-06,2320600.0
2023-09-07,3959100.0
2023-09-08,2828100.0
2023-09-09,3399400.0
2023-09-10,3222400.0
2023-09-11,3242500.0
2023-09-12,2978800.0
2023-09-13,3296200.0
2023-09-14,4274400.0
2023-09-15,4981700.0
2023-09-16,3459800.0
2023-09-17,4898200.0
2023-09-18,3704500.0
2023-09-19,4376600.0
2023-09-20,3419300.0
2023-09-21,3328400.0
2023-09-22,2879200.0
2023-09-23,3356900.0
2023-09-24,2963400.0
2023-09-25,3691300.0
2023-09-26,3564600.0
2023-09-27,2866400.0
2023-09-28,2646800.0
2023-09-29,2615000.0
2023-09-30,3251600.0
2023-10-01,3271900.0
2023-10-02,3751700.0
2023-10-03,4315200.0
2023-10-04,7667200.0
2023-10-05,5215100.0
2023-10-06,4483500.0
2023-10-07,4297300.0
2023-10-08,5917400.0
2023-10-09,4462300.0
2023-10-10,5716400.0
2023-10-11,7589900.0
2023-10-12,4991800.0
2023-10-13,4664500.0
2023-10-14,4302300.0
2023-10-15,4166500.0
2023-10-16,3877600.0
2023-10-17,3584800.0
2023-10-18,3181400.0
2023-10-19,3278800.0
2023-10-20,5350900.0
2023-10-21,4019200.0
2023-10-22,3501900.0
2023-10-23,3687900.0
2023-10-24,5595900.0
2023-10-25,3970600.0
2023-10-26,3794900.0
2023-10-27,3118500.0
2023-10-28,3053400.0
2023-10-29,2681200.0
2023-10-30,2894500.0
2023-10-31,3183600.0
2023-11-01,3938900.0
2023-11-02,3221600.0
2023-11-03,4334100.0
2023-11-04,5635500.0
2023-11-05,6491000.0
2023-11-06,5872800.0
2023-11-07,6293600.0
2023-11-08,5134400.0
2023-11-09,6924700.0
2023-11-10,6360700.0
2023-11-11,4740200.0
2023-11-12,5236300.0
2023-11-13,4090700.0
2023-11-14,4940100.0
2023-11-15,5895500.0
2023-11-16,4730200.0
2023-11-17,4311900.0
2023-11-18,9234200.0
2023-11-19,6682300.0
2023-11-20,5177400.0
2023-11-21,5604700.0
2023-11-22,6024800.0
2023-11-23,5648500.0
2023-11-24,4502600.0
2023-11-25,4250200.0
2023-11-26,3573100.0
2023-11-27,3162300.0
2023-11-28,3234100.0
2023-11-29,3711600.0
2023-11-30,2907500.0
2023-12-01,2627700.0
2023-12-02,2375500.0
2023-12-03,2252700.0
2023-12-04,2090500.0
2023-12-05,1981900.0
2023-12-06,1904400.0
2023-12-07,2683000.0
2023-12-08,1869100.0
2023-12-09,1706200.0
2023-12-10,2367200.0
2023-12-11,1899500.0
2023-12-12,2097100.0
2023-12-13,1908600.0
2023-12-14,1781900.0
2023-12-15,1677700.0
2023-12-16,2071800.0
2023-12-17,1809000.0
2023-12-18,1620400.0
2023-12-19,1514900.0
2023-12-20,2281700.0
2023-12-21,1767800.0
2023-12-22,1556700.0
2023-12-23,1789400.0
2023-12-24,1562300.0
2023-12-25,1693300.0
2023-12-26,1621800.0
2023-12-27,1954600.0
2023-12-28,1925500.0
2023-12-29,2105600.0
2023-12-30,3010500.0
2023-12-31,2119400.0
2024-01-01,1888100.0
2024-01-02,1760000.0
2024-01-03,1615000.0
2024-01-04,1529000.0
2024-01-05,1340500.0
2024-01-06,1270100.0
2024-01-07,1243000.0
2024-01-08,1184100.0
2024-01-09,1131300.0
2024-01-10,1447600.0
2024-01-11,1324800.0
2024-01-12,1212200.0
2024-01-13,1150600.0
2024-01-14,1060400.0
2024-01-15,1039200.0
2024-01-16,1061200.0
2024-01-17,980900.0
2024-01-18,945500.0
2024-01-19,990000.0
2024-01-20,928600.0
2024-01-21,912100.0
2024-01-22,891900.0
2024-01-23,835500.0
2024-01-24,840100.0
2024-01-25,825300.0
2024-01-26,849600.0
2024-01-27,774900.0
2024-01-28,737300.0
2024-01-29,717900.0
2024-01-30,719000.0
2024-01-31,749200.0
2024-02-01,839300.0
2024-02-02,1025100.0
2024-02-03,997500.0
2024-02-04,982600.0
2024-02-05,891000.0
2024-02-06,1011000.0
2024-02-07,2522900.0
2024-02-08,2457000.0
2024-02-09,1605200.0
2024-02-10,1304800.0
2024-02-11,1150100.0
2024-02-12,1023200.0
2024-02-13,1015200.0
2024-02-14,801200.0
2024-02-15,893300.0
2024-02-16,1282700.0
2024-02-17,1223100.0
2024-02-18,1033000.0
2024-02-19,946000.0
2024-02-20,904500.0
2024-02-21,1050700.0
2024-02-22,947600.0
2024-02-23,1073800.0
2024-02-24,1210700.0
2024-02-25,2157000.0
2024-02-26,1718100.0
2024-02-27,1288700.0
2024-02-28,1104600.0
2024-02-29,995700.0
2024-03-01,913400.0
2024-03-02,864600.0
2024-03-03,793000.0
2024-03-04,791400.0
2024-03-05,775300.0
2024-03-06,738100.0
2024-03-07,704100.0
2024-03-08,670800.0
2024-03-09,700800.0
2024-03-10,657800.0
2024-03-11,711700.0
2024-03-12,1351900.0
2024-03-13,823200.0
2024-03-14,912700.0
2024-03-15,918100.0
2024-03-16,740900.0
2024-03-17,943700.0
2024-03-18,747100.0
2024-03-19,830300.0
2024-03-20,1594600.0
2024-03-21,1653200.0
2024-03-22,1029900.0
2024-03-23,998700.0
2024-03-24,746600.0
2024-03-25,794400.0
2024-03-26,725500.0
2024-03-27,703900.0
2024-03-28,719800.0
2024-03-29,706500.0
2024-03-30,639700.0
2024-03-31,653100.0
2024-04-01,747200.0
2024-04-02,778400.0
2024-04-03,1030700.0
2024-04-04,1433100.0
2024-04-05,1000300.0
2024-04-06,996800.0
2024-04-07,914000.0
2024-04-08,1574400.0
2024-04-09,2166100.0
2024-04-10,1296500.0
2024-04-11,1040000.0
2024-04-12,963000.0
2024-04-13,839700.0
2024-04-14,852300.0
2024-04-15,767800.0
2024-04-16,827300.0
2024-04-17,771700.0
2024-04-18,3254500.0
2024-04-19,3436600.0
2024-04-20,2463000.0
2024-04-21,6380900.0
2024-04-22,4561800.0
2024-04-23,5253000.0
2024-04-24,3837400.0
2024-04-25,3564000.0
2024-04-26,3464100.0
2024-04-27,3042100.0
2024-04-28,4753000.0
2024-04-29,3606400.0
2024-04-30,4322300.0
2024-05-01,3591300.0
2024-05-02,7085700.0
2024-05-03,6062300.0
2024-05-04,6224400.0
2024-05-05,5180700.0
2024-05-06,4328900.0
2024-05-07,6602900.0
2024-05-08,4114600.0
2024-05-09,4093000.0
2024-05-10,4845500.0
2024-05-11,5274400.0
2024-05-12,4471200.0
2024-05-13,3543300.0
2024-05-14,4121400.0
2024-05-15,5442300.0
2024-05-16,5227700.0
2024-05-17,4754900.0
2024-05-18,4251200.0
2024-05-19,3677000.0
2024-05-20,3786000.0
2024-05-21,3860900.0
2024-05-22,4070700.0
2024-05-23,12407000.0
2024-05-24,8362000.0
2024-05-25,8011800.0
2024-05-26,8177700.0
2024-05-27,12124900.0
2024-05-28,8365600.0
2024-05-29,10790300.0
2024-05-30,12708800.0
2024-05-31,14302900.0
2024-06-01,9181000.0
2024-06-02,8293200.0
2024-06-03,6776600.0
2024-06-04,9484800.0
2024-06-05,10063700.0
2024-06-06,10041200.0
2024-06-07,7546400.0
2024-06-08,6989000.0
2024-06-09,8496200.0
2024-06-10,7343700.0
2024-06-11,6736800.0
2024-06-12,6347700.0
2024-06-13,10284400.0
2024-06-14,7436600.0
2024-06-15,7538300.0
2024-06-16,7013800.0
2024-06-17,6062600.0
2024-06-18,5374800.0
2024-06-19,4678700.0
2024-06-20,4682500.0
2024-06-21,4108400.0
2024-06-22,4528200.0
2024-06-23,4150000.0
2024-06-24,3931800.0
2024-06-25,5031400.0
2024-06-26,7365100.0
2024-06-27,7221200.0
2024-06-28,8200000.0
2024-06-29,7286800.0
2024-06-30,5866200.0
2024-07-01,6264000.0
2024-07-02,5681700.0
2024-07-03,5820600.0
2024-07-04,6450200.0
2024-07-05,6167300.0
2024-07-06,4935800.0
2024-07-07,4929000.0
2024-07-08,5090200.0
2024-07-09,5458600.0
2024-07-10,4901000.0
2024-07-11,4302900.0
2024-07-12,4223500.0
2024-07-13,4117300.0
2024-07-14,6881900.0
2024-07-15,6294000.0
2024-07-16,6456900.0
2024-07-17,5841100.0
2024-07-18,7377800.0
2024-07-19,6699900.0
2024-07-20,5403800.0
2024-07-21,5939900.0
2024-07-22,6328300.0
2024-07-23,6269200.0
2024-07-24,5048700.0
2024-07-25,7925500.0
2024-07-26,7035800.0
2024-07-27,7177900.0
2024-07-28,8215200.0
2024-07-29,5938200.0
2024-07-30,6186500.0
2024-07-31,6518600.0
2024-08-01,6687900.0
2024-08-02,5190000.0
2024-08-03,7281200.0
2024-08-04,4896900.0
2024-08-05,4495400.0
2024-08-06,4842200.0
2024-08-07,4240500.0
2024-08-08,3623100.0
2024-08-09,5715200.0
2024-08-10,4498200.0
2024-08-11,4323000.0
2024-08-12,5348600.0
2024-08-13,4968800.0
2024-08-14,4415200.0
2024-08-15,4133900.0
2024-08-16,6191600.0
2024-08-17,4159500.0
2024-08-18,3482200.0
2024-08-19,3715000.0
2024-08-20,3833900.0
2024-08-21,5042900.0
2024-08-22,5398600.0
2024-08-23,4418900.0
2024-08-24,8036000.0
2024-08-25,5574400.0
2024-08-26,5278400.0
2024-08-27,5030000.0
2024-08-28,4187500.0
2024-08-29,4506900.0
2024-08-30,5707800.0
2024-08-31,5541400.0
2024-09-01,5671200.0
2024-09-02,4689200.0
2024-09-03,4542500.0
2024-09-04,5302800.0
2024-09-05,4697800.0
2024-09-06,4032400.0
2024-09-07,5272800.0
2024-09-08,4526000.0
2024-09-09,4014500.0
2024-09-10,3572400.0
2024-09-11,4361400.0
2024-09-12,4157300.0
2024-09-13,3740800.0
2024-09-14,4071700.0
2024-09-15,4063900.0
2024-09-16,3438300.0
2024-09-17,3224400.0
2024-09-18,2784600.0
2024-09-19,3020200.0
2024-09-20,2691600.0
2024-09-21,3107600.0
2024-09-22,3871000.0
2024-09-23,3472700.0
2024-09-24,3411300.0
2024-09-25,5055100.0
2024-09-26,4387700.0
2024-09-27,4447100.0
2024-09-28,7064800.0
2024-09-29,4746700.0
2024-09-30,3955200.0
2024-10-01,6115400.0
2024-10-02,4678700.0
2024-10-03,4008100.0
2024-10-04,5384700.0
2024-10-05,4905300.0
2024-10-06,4549700.0
2024-10-07,4447200.0
2024-10-08,4440500.0
2024-10-09,4809200.0
2024-10-10,7036200.0
2024-10-11,5291800.0
2024-10-12,4491800.0
2024-10-13,4730500.0
2024-10-14,4622100.0
2024-10-15,5343900.0
2024-10-16,4344000.0
2024-10-17,3989500.0
2024-10-18,3986800.0
2024-10-19,6098300.0
2024-10-20,4393600.0
2024-10-21,4686500.0
2024-10-22,4284800.0
2024-10-23,6069100.0
2024-10-24,6492400.0
2024-10-25,4591300.0
2024-10-26,3953900.0
2024-10-27,4149500.0
2024-10-28,4293000.0
2024-10-29,4417700.0
2024-10-30,5991400.0
2024-10-31,6455600.0
2024-11-01,7898500.0
2024-11-02,6006900.0
2024-11-03,4708200.0
2024-11-04,4045000.0
2024-11-05,3664400.0
2024-11-06,3395200.0
2024-11-07,3027700.0
2024-11-08,4610500.0
2024-11-09,3524600.0
2024-11-10,3024500.0
2024-11-11,3411900.0
2024-11-12,2910300.0
2024-11-13,2590400.0
2024-11-14,2541600.0
2024-11-15,2458700.0
2024-11-16,2218400.0
2024-11-17,2101400.0
2024-11-18,2067700.0
2024-11-19,2356500.0
2024-11-20,2421400.0
2024-11-21,2872500.0
2024-11-22,2517300.0
2024-11-23,2676600.0
2024-11-24,3389600.0
2024-11-25,2712100.0
2024-11-26,3305100.0
2024-11-27,3241700.0
2024-11-28,3648800.0
2024-11-29,9028600.0
2024-11-30,5722400.0
2024-12-01,4563100.0
2024-12-02,4312200.0
2024-12-03,3355100.0
2024-12-04,3255000.0
2024-12-05,2722300.0
2024-12-06,2458700.0
2024-12-07,2284200.0
2024-12-08,2069500.0
2024-12-09,1931100.0
2024-12-10,1843800.0
2024-12-11,1707200.0
2024-12-12,1711600.0
2024-12-13,1728300.0
2024-12-14,1837400.0
2024-12-15,3984900.0
2024-12-16,2174600.0
2024-12-17,1750100.0
2024-12-18,1663100.0
2024-12-19,2342300.0
2024-12-20,1744000.0
2024-12-21,1661500.0
2024-12-22,1593900.0
2024-12-23,3434900.0
2024-12-24,2129500.0
2024-12-25,1951300.0
2024-12-26,2894500.0
2024-12-27,2317600.0
2024-12-28,3006200.0
2024-12-29,3714300.0
2024-12-30,3315800.0
2024-12-31,3076200.0
2025-01-01,3980800.0
2025-01-02,3089200.0
2025-01-03,2608400.0
2025-01-04,2488300.0
2025-01-05,2778900.0
2025-01-06,5549800.0
2025-01-07,3355800.0
2025-01-08,2866300.0
2025-01-09,3147100.0
2025-01-10,3022400.0
2025-01-11,2701300.0
2025-01-12,2362200.0
2025-01-13,2117400.0
2025-01-14,1945400.0
2025-01-15,1815200.0
2025-01-16,1726500.0
2025-01-17,2053300.0
2025-01-18,1615300.0
2025-01-19,1518700.0
2025-01-20,1475200.0
2025-01-21,1372400.0
2025-01-22,1311900.0
2025-01-23,1281500.0
2025-01-24,1302700.0
2025-01-25,1291400.0
2025-01-26,1204300.0
2025-01-27,1218500.0
2025-01-28,2444100.0
2025-01-29,1553800.0
2025-01-30,1341000.0
2025-01-31,1260600.0
2025-02-01,1165700.0
2025-02-02,1610700.0
2025-02-03,1247300.0
2025-02-04,1148700.0
2025-02-05,1067900.0
2025-02-06,1127500.0
2025-02-07,988900.0
2025-02-08,1189700.0
2025-02-09,1258900.0
2025-02-10,1546600.0
2025-02-11,1081100.0
2025-02-12,994700.0
2025-02-13,1484100.0
2025-02-14,2294500.0
2025-02-15,1817600.0
2025-02-16,1695200.0
2025-02-17,1726600.0
2025-02-18,2111500.0
2025-02-19,1720000.0
2025-02-20,1954900.0
2025-02-21,1862300.0
2025-02-22,1901900.0
2025-02-23,2368400.0
2025-02-24,1730400.0
2025-02-25,3465700.0
2025-02-26,2748600.0
2025-02-27,2413900.0
2025-02-28,2951900.0
2025-03-01,2752900.0
2025-03-02,2306600.0
2025-03-03,2820200.0
2025-03-04,2520700.0
2025-03-05,2411700.0
2025-03-06,3113500.0
2025-03-07,3025500.0
2025-03-08,2337500.0
2025-03-09,2044700.0
2025-03-10,1889000.0
2025-03-11,1650300.0
2025-03-12,1911000.0
2025-03-13,1648100.0
2025-03-14,1667600.0
2025-03-15,1560700.0
2025-03-16,1389100.0
2025-03-17,1745400.0
2025-03-18,3748200.0
2025-03-19,2678800.0
2025-03-20,2149300.0
2025-03-21,3355200.0
2025-03-22,2786200.0
2025-03-23,2786400.0
2025-03-24,2895000.0
2025-03-25,3228000.0
2025-03-26,2349700.0
2025-03-27,2626500.0
2025-03-28,2542600.0
2025-03-29,2850200.0
2025-03-30,2782600.0
2025-03-31,2307700.0
2025-04-01,3320600.0
2025-04-02,3187200.0
2025-04-03,3296300.0
2025-04-04,3415500.0
2025-04-05,3106600.0
2025-04-06,3678700.0
2025-04-07,2564200.0
2025-04-08,2398800.0
2025-04-09,2377000.0
2025-04-10,7447600.0
2025-04-11,4322600.0
2025-04-12,4165800.0
2025-04-13,4226000.0
2025-04-14,4220700.0
2025-04-15,3152800.0
2025-04-16,3637400.0
2025-04-17,3408200.0
2025-04-18,2943200.0
2025-04-19,6939300.0
2025-04-20,5134100.0
2025-04-21,5155000.0
2025-04-22,4826100.0
2025-04-23,5047900.0
2025-04-24,4730700.0
2025-04-25,5016800.0
2025-04-26,14475400.0
2025-04-27,7645000.0
2025-04-28,6913600.0
2025-04-29,7688000.0
2025-04-30,6602400.0
2025-05-01,5823300.0
2025-05-02,5864600.0
2025-05-03,6074500.0
2025-05-04,6829800.0
2025-05-05,6034000.0
2025-05-06,7544700.0
2025-05-07,6268100.0
2025-05-08,6270600.0
2025-05-09,5790000.0
2025-05-10,4710800.0
2025-05-11,9491400.0
2025-05-12,5369500.0
2025-05-13,7979600.0
2025-05-14,5309400.0
2025-05-15,5004000.0
2025-05-16,8022700.0
2025-05-17,8582700.0
2025-05-18,9158600.0
2025-05-19,9194700.0
2025-05-20,6763800.0
2025-05-21,7402600.0
2025-05-22,7293500.0
2025-05-23,5845600.0
2025-05-24,6928800.0
2025-05-25,6245000.0
2025-05-26,6192400.0
2025-05-27,7331300.0
2025-05-28,9315400.0
2025-05-29,7245100.0
2025-05-30,7789900.0
2025-05-31,10315600.0
2025-06-01,11891300.0
2025-06-02,10409900.0
2025-06-03,8642400.0
2025-06-04,9379000.0
2025-06-05,7995500.0
2025-06-06,9751100.0
2025-06-07,7277000.0
2025-06-08,8645700.0
2025-06-09,7189600.0
2025-06-10,7805500.0
2025-06-11,9111200.0
2025-06-12,7531300.0
2025-06-13,6906100.0
2025-06-14,5505300.0
2025-06-15,8407000.0
2025-06-16,7629400.0
2025-06-17,6626400.0
2025-06-18,5532400.0
2025-06-19,4693900.0
2025-06-20,4132500.0
2025-06-21,5431100.0
2025-06-22,5852100.0
2025-06-23,6592800.0
2025-06-24,5617000.0
2025-06-25,5058200.0
2025-06-26,4961200.0
2025-06-27,7587300.0
2025-06-28,9250300.0
2025-06-29,7856200.0
2025-06-30,6899900.0
2025-07-01,10016200.0
2025-07-02,8976700.0
2025-07-03,9327800.0
2025-07-04,7554500.0
2025-07-05,8594100.0
2025-07-06,7236900.0
2025-07-07,6222900.0
2025-07-08,6155600.0
2025-07-09,6842600.0
2025-07-10,7828800.0
2025-07-11,7689700.0
2025-07-12,13857400.0
2025-07-13,10768500.0
2025-07-14,9837200.0
2025-07-15,7302500.0
2025-07-16,6840800.0
2025-07-17,6551000.0
2025-07-18,6923800.0
2025-07-19,6773900.0
2025-07-20,6732400.0
2025-07-21,6166500.0
2025-07-22,4867600.0
2025-07-23,4282400.0
2025-07-24,3821800.0
2025-07-25,4355400.0
2025-07-26,3911900.0
2025-07-27,5899500.0
2025-07-28,7602300.0
2025-07-29,5326800.0
2025-07-30,6337400.0
2025-07-31,4712555.76
2025-08-01,4175265.6
2025-08-02,3602670.72
2025-08-03,3867399.36
2025-08-04,4714826.16
2025-08-05,3537056.16
2025-08-06,3537056.16
2025-08-07,6241783.68
2025-08-08,4093531.2
2025-08-09,4399240.56
2025-08-10,4480407.36
2025-08-11,4356557.04
2025-08-12,4790884.56
2025-08-13,6431929.68
2025-08-14,4552265.52
2025-08-15,4190250.24
2025-08-16,4095120.48
2025-08-17,3646602.96
2025-08-18,4247464.32
2025-08-19,3698254.56
2025-08-20,3226692.48
2025-08-21,3547272.96
2025-08-22,3468036.0
2025-08-23,4619242.32
2025-08-24,4669304.64
2025-08-25,3690535.2
2025-08-26,4886354.88
2025-08-27,3693259.68
2025-08-28,5150402.4
2025-08-29,3862745.04
2025-08-30,3417860.16
2025-08-31,3290263.68
2025-09-01,4692122.16
2025-09-02,6159027.6
2025-09-03,4218176.16
2025-09-04,3509924.88
2025-09-05,5488124.4
2025-09-06,5228731.2
2025-09-07,5111351.52
2025-09-08,4551357.36
2025-09-09,3862290.96
2025-09-10,3280500.96
2025-09-11,3999536.64
2025-09-12,4218630.24
2025-09-13,3708244.32
2025-09-14,3724364.16
2025-09-15,3389366.64
2025-09-16,3712898.64
2025-09-17,3749111.52
2025-09-18,4462130.64
2025-09-19,6237129.36
2025-09-20,4750244.4
2025-09-21,9075583.44
2025-09-22,5864670.24
2025-09-23,4321365.84
2025-09-24,4026554.4
2025-09-25,3656479.2
2025-09-26,5391745.92
2025-09-27,5969676.24
2025-09-28,5043466.56
2025-09-29,5462695.92
2025-09-30,7856946.24
2025-10-01,5370404.16
2025-10-02,5411838.96
2025-10-03,4689624.72
2025-10-04,4430231.52
2025-10-05,4735146.24
2025-10-06,4771132.08
2025-10-07,3657614.4
2025-10-08,4803485.28
2025-10-09,4117483.92
2025-10-10,4825735.2
2025-10-11,3883065.12
2025-10-12,4576104.72
2025-10-13,3677139.84
2025-10-14,3528769.2
2025-10-15,4007937.12
2025-10-16,4408435.68
2025-10-17,4319208.96
2025-10-18,4662606.96
2025-10-19,5132579.76
2025-10-20,5250640.56
2025-10-21,5861605.2
2025-10-22,6077406.72
2025-10-23,6303311.52
2025-10-24,5322385.2
2025-10-25,4997150.4
2025-10-26,4116348.72
2025-10-27,4714031.52
2025-10-28,4125203.28
2025-10-29,5455657.68
2025-10-30,6924606.48
2025-10-31,6459628.56
2025-11-01,7150738.32
2025-11-02,7322494.08
2025-11-03,7099881.36
2025-11-04,6361320.24
2025-11-05,7043575.44
2025-11-06,7096362.24
2025-11-07,7667481.36
2025-11-08,6151194.72
2025-11-09,4988749.92
2025-11-10,4505154.72
2025-11-11,3993520.08
2025-11-12,3679750.8
2025-11-13,3999536.64
2025-11-14,5146769.76
2025-11-15,4402078.56
2025-11-16,5970697.92
2025-11-17,4711647.6
2025-11-18,4422625.68
2025-11-19,5133828.48
2025-11-20,5733441.12
2025-11-21,4655682.24
2025-11-22,4143480.0
2025-11-23,3672144.96
2025-11-24,3344753.28
2025-11-25,2958671.76
2025-11-26,3050055.36
2025-11-27,3220562.4
2025-11-28,6479721.6
2025-11-29,11196250.56
2025-11-30,8022344.88
2025-12-01,7461329.04
2025-12-02,6569970.0
2025-12-03,5625256.56
2025-12-04,6492549.36
2025-12-05,6478018.8
2025-12-06,5190134.4
2025-12-07,9406948.32
2025-12-08,5044828.8
2025-12-09,4902361.2
2025-12-10,5144158.8
2025-12-11,4161983.76
2025-12-12,3938349.36
2025-12-13,3490967.04
2025-12-14,3390388.32
2025-12-15,3379376.88
2025-12-16,5018719.2
2025-12-17,4031208.72
2025-12-18,3563846.88
2025-12-19,3116805.12
2025-12-20,2815409.52
2025-12-21,2899073.76
2025-12-22,2636956.08
2025-12-23,2292195.84
2025-12-24,2165507.52
2025-12-25,2070945.36
2025-12-26,1936310.64
2025-12-27,1849013.76
2025-12-28,1717444.08
2025-12-29,1700302.56
2025-12-30,1656029.76
2025-12-31,2689742.88
2026-01-01,6119749.68
2026-01-02,8558045.76
2026-01-03,6207954.72
2026-01-04,4651141.44
2026-01-05,4159713.36
2026-01-06,4385050.56
2026-01-07,3735375.6
2026-01-08,3867399.36
2026-01-09,3980805.84
2026-01-10,3507200.4
2026-01-11,3629007.36
2026-01-12,4639789.44
2026-01-13,4883970.96
2026-01-14,4322728.08
2026-01-15,4291850.64
2026-01-16,3591432.24
2026-01-17,3208756.32
2026-01-18,2880229.44
2026-01-19,5207162.4
2026-01-20,4414452.24
2026-01-21,4592451.6
2026-01-22,3731288.88
2026-01-23,3289923.12
2026-01-24,2889878.64
2026-01-25,2608803.12
2026-01-26,2450442.72
2026-01-27,2592115.68
2026-01-28,2339874.24
2026-01-29,3632867.04
2026-01-30,3414114.0
2026-01-31,3320573.52
2026-02-01,16490709.84
2026-02-02,25909237.2
2026-02-03,25412133.12
2026-02-04,20448584.64
2026-02-05,14962049.52
2026-02-06,12228714.96
2026-02-07,11019954.0
2026-02-08,13199197.44
2026-02-09,17456424.48
2026-02-10,11824356.72
2026-02-11,9287979.36
2026-02-12,6879084.96
2026-02-13,5962410.96
2026-02-14,7422164.64
2026-02-15,8703805.44
2026-02-16,6807567.36
2026-02-17,8430108.72
2026-02-18,7085123.76
2026-02-19,7464961.68
2026-02-20,6909735.36
2026-02-21,5804618.16
2026-02-22,6280153.44
2026-02-23,7231791.6
2026-02-24,11644314.0
2026-02-25,7832085.36
2026-02-26,6530124.48
2026-02-27,5363820.0
2026-02-28,4467012.0
2026-03-01,3854912.16
2026-03-02,3183214.32
2026-03-03,2876029.2
2026-03-04,2840497.44
2026-03-05,2495056.08
2026-03-06,2445107.28
2026-03-07,2220678.24
2026-03-08,2168686.08
2026-03-09,2191730.64
2026-03-10,1949138.4
2026-03-11,1935061.92
2026-03-12,1771139.04
2026-03-13,1658867.76
2026-03-14,1604151.12
2026-03-15,1536720.24
2026-03-16,1420929.84
2026-03-17,1383695.28
2026-03-18,1404355.92
2026-03-19,1459186.08
2026-03-20,1274602.56
2026-03-21,1756381.44
2026-03-22,1634460.96
2026-03-23,1334200.56
2026-03-24,1372570.32
2026-03-25,1254396.0
2026-03-26,1669765.68
2026-03-27,2302980.24
2026-03-28,1800200.16
2026-03-29,1573727.76
2026-03-30,1663522.08
2026-03-31,1602334.8
2026-04-01,1534563.36
2026-04-02,1340671.2
2026-04-03,1414005.12
2026-04-04,1374727.2
2026-04-05,2033143.2
2026-04-06,1861273.92
2026-04-07,1984443.12
2026-04-08,5658517.92
2026-04-09,3449532.24
2026-04-10,3304567.2
2026-04-11,7782023.04
2026-04-12,3463154.64
2026-04-13,5272095.84
2026-04-14,8870225.76
2026-04-15,8133253.92
2026-04-16,6012927.36
2026-04-17,4590748.8
2026-04-18,3734013.36
2026-04-19,3151201.68
2026-04-20,2698938.0
2026-04-21,2332949.52
2026-04-22,2466449.04
2026-04-23,2578379.76
2026-04-24,2491082.88
2026-04-25,2460205.44
2026-04-26,2626398.72
2026-04-27,3140190.24
2026-04-28,3519347.04
2026-04-29,4236679.92
2026-04-30,2720052.72
2026-05-01,2477119.92
2026-05-02,2511630.0
2026-05-03,2945844.0
2026-05-04,4470531.12
2026-05-05,3172770.48
2026-05-06,3631391.28
2026-05-07,2695078.32
2026-05-08,4056069.6
2026-05-09,2983078.56
2026-05-10,4067308.08
2026-05-11,5783389.92
2026-05-12,3800649.6
2026-05-13,3399242.88
2026-05-14,3220562.4
2026-05-15,2941757.28
2026-05-16,2611641.12
2026-05-17,3165618.72
2026-05-18,2322278.64
2026-05-19,2286406.32
2026-05-20,2051079.36
2026-05-21,2008509.36
2026-05-22,1738558.8
2026-05-23,1841067.36
2026-05-24,2119077.84
2026-05-25,2062771.92
2026-05-26,3351337.44
2026-05-27,8674063.2
2026-05-28,3494032.08
2026-05-29,4684970.4
2026-05-30,4455092.4
2026-05-31,4309900.32
2026-06-01,3486199.2
2026-06-02,3266083.92
2026-06-03,3829937.76
2026-06-04,2959920.48
2026-06-05,3052439.28
2026-06-06,4549881.6
2026-06-07,4801896.0
2026-06-08,4944250.08
2026-06-09,3476209.44
2026-06-10,3534899.28
2026-06-11,3260862.0
2026-06-12,2845946.4
2026-06-13,3023832.24
2026-06-14,2532404.16
2026-06-15,3186960.48
2026-06-16,3995563.44
2026-06-17,3442266.96
2026-06-18,3307632.24
2026-06-19,2862066.24
2026-06-20,2672339.33
2026-06-21,2436403.68
2026-06-22,3191580.38
2026-06-23,3745521.22
2026-06-24,2713773.6
2026-06-25,2649738.82
2026-06-26,2841614.88
2026-06-27,2455922.3
2026-06-28,2418254.78
2026-06-29,2273063.62
2026-06-30,2151500.26
2026-07-01,2781346.85
2026-07-02,3715843.78
2026-07-03,4566559.01
2026-07-04,8343241.54
2026-07-05,4413606.05
2026-07-06,3453655.01
2026-07-07,3508444.13
2026-07-08,3255272.74
2026-07-09,6001691.52
2026-07-10,4524325.73
2026-07-11,4341124.61
2026-07-12,4165000.42
2026-07-13,4230062.5
2026-07-14,2957585.18
2026-07-15,2884761.31
2026-07-16,2697565.15
2026-07-17,3708424.42
2026-07-18,3002557.92
2026-07-19,3668359.87
2026-07-20,4957502.21
2026-07-21,4700678.21
2026-07-22,3250935.26
2026-07-23,3269883.17
2026-07-24,4043551.2
2026-07-25,3564945.41
2026-07-26,4262251.1
2026-07-27,3481277.86
2026-07-28,3368617.73
2026-07-29,2629192.9
2026-07-30,2959753.92
2026-07-31,3282895.58
2026-08-01,2594378.98
2026-08-02,2369287.01
2026-08-03,2999019.46
2026-08-04,2321917.25
2026-08-05,3525679.87
2026-08-06,4036474.27
2026-08-07,3891397.25
2026-08-08,2921629.82
2026-08-09,5155770.34
2026-08-10,3029153.47
2026-08-11,2533311.94
2026-08-12,2536850.4
2026-08-13,2098651.58
2026-08-14,2623599.84
2026-08-15,2595862.85
2026-08-16,2692314.53
2026-08-17,4715973.5
2026-08-18,5051671.01
2026-08-19,3166925.28
2026-08-20,3780449.28
2026-08-21,2652706.56
2026-08-22,4554688.03
2026-08-23,3596449.15
2026-08-24,4359045.22
2026-08-25,2671654.46
2026-08-26,4809914.02
2026-08-27,6644208.1
2026-08-28,5238068.16
2026-08-29,3828161.47
2026-08-30,4699993.34
2026-08-31,7388084.54
2026-09-01,7044511.1
2026-09-02,7056382.08
2026-09-03,5025988.61
2026-09-04,5286008.64
2026-09-05,4400365.34
2026-09-06,3831129.22
2026-09-07,3668702.3
2026-09-08,4447164.38
2026-09-09,3659228.35
2026-09-10,3943446.91
2026-09-11,5133283.97
2026-09-12,3425461.44
