fecha,caudal_m3s
2001-12-16,649.62
2001-12-17,554.35
2001-12-18,422.02
2001-12-19,342.98
2001-12-20,505.19
2001-12-21,712.26
2001-12-22,420.55
2001-12-23,415.8
2001-12-24,386.69
2001-12-25,337.71
2001-12-26,326.59
2001-12-27,288.01
2001-12-28,280.28
2001-12-29,241.86
2001-12-30,219.87
2001-12-31,213.83
2002-01-01,209.47
2002-01-02,186.1
2002-01-03,168.26
2002-01-04,161.43
2002-01-05,154.98
2002-01-06,144.0
2002-01-07,130.72
2002-01-08,160.81
2002-01-09,188.85
2002-01-10,179.06
2002-01-11,139.0
2002-01-12,130.41
2002-01-13,123.96
2002-01-14,199.36
2002-01-15,166.65
2002-01-16,142.79
2002-01-17,152.96
2002-01-18,117.09
2002-01-19,143.75
2002-01-20,84.6
2002-01-21,105.25
2002-01-22,105.51
2002-01-23,143.79
2002-01-24,102.5
2002-01-25,94.99
2002-01-26,105.03
2002-01-27,106.4
2002-01-28,86.6
2002-01-29,94.92
2002-01-30,87.89
2002-01-31,76.34
2002-02-01,96.19
2002-02-02,84.57
2002-02-03,96.27
2002-02-04,133.26
2002-02-05,122.67
2002-02-06,114.74
2002-02-07,152.08
2002-02-08,120.57
2002-02-09,121.65
2002-02-10,121.38
2002-02-11,113.97
2002-02-12,98.8
2002-02-13,87.41
2002-02-14,84.41
2002-02-15,75.11
2002-02-16,89.45
2002-02-17,60.25
2002-02-18,51.62
2002-02-19,77.17
2002-02-20,61.81
2002-02-21,60.67
2002-02-22,67.35
2002-02-23,69.48
2002-02-24,55.38
2002-02-25,60.45
2002-02-26,53.7
2002-02-27,65.6
2002-02-28,58.68
2002-03-01,63.19
2002-03-02,52.19
2002-03-03,60.59
2002-03-04,51.83
2002-03-05,56.77
2002-03-06,50.7
2002-03-07,51.88
2002-03-08,49.2
2002-03-09,49.84
2002-03-10,49.64
2002-03-11,50.8
2002-03-12,57.22
2002-03-13,51.29
2002-03-14,56.99
2002-03-15,51.44
2002-03-16,53.92
2002-03-17,57.33
2002-03-18,76.8
2002-03-19,59.64
2002-03-20,73.35
2002-03-21,107.45
2002-03-22,158.16
2002-03-23,188.16
2002-03-24,123.46
2002-03-25,92.45
2002-03-26,81.34
2002-03-27,90.1
2002-03-28,90.64
2002-03-29,331.99
2002-03-30,222.04
2002-03-31,155.5
2002-04-01,136.92
2002-04-02,184.44
2002-04-03,175.65
2002-04-04,134.67
2002-04-05,269.42
2002-04-06,408.64
2002-04-07,699.15
2002-04-08,691.09
2002-04-09,469.73
2002-04-10,377.91
2002-04-11,354.27
2002-04-12,300.89
2002-04-13,279.48
2002-04-14,264.94
2002-04-15,214.84
2002-04-16,201.56
2002-04-17,172.69
2002-04-18,518.39
2002-04-19,314.05
2002-04-20,353.05
2002-04-21,666.36
2002-04-22,410.37
2002-04-23,963.22
2002-04-24,535.61
2002-04-25,714.08
2002-04-26,674.42
2002-04-27,585.63
2002-04-28,470.13
2002-04-29,380.16
2002-04-30,359.83
2002-05-01,360.39
2002-05-02,292.14
2002-05-03,477.77
2002-05-04,517.47
2002-05-05,335.72
2002-05-06,226.85
2002-05-07,233.36
2002-05-08,289.17
2002-05-09,353.93
2002-05-10,771.53
2002-05-11,560.66
2002-05-12,394.32
2002-05-13,303.04
2002-05-14,359.72
2002-05-15,302.32
2002-05-16,354.05
2002-05-17,271.73
2002-05-18,373.21
2002-05-19,461.8
2002-05-20,421.68
2002-05-21,590.73
2002-05-22,557.34
2002-05-23,485.81
2002-05-24,1045.48
2002-05-25,707.47
2002-05-26,528.23
2002-05-27,419.12
2002-05-28,363.25
2002-05-29,313.96
2002-05-30,338.28
2002-05-31,281.44
2002-06-01,428.13
2002-06-02,667.66
2002-06-03,446.13
2002-06-04,329.12
2002-06-05,386.61
2002-06-06,487.75
2002-06-07,614.6
2002-06-08,602.7
2002-06-09,1011.11
2002-06-10,554.79
2002-06-11,470.75
2002-06-12,475.6
2002-06-13,520.51
2002-06-14,550.16
2002-06-15,508.07
2002-06-16,431.82
2002-06-17,717.33
2002-06-18,619.03
2002-06-19,430.25
2002-06-20,464.4
2002-06-21,474.2
2002-06-22,447.57
2002-06-23,542.78
2002-06-24,610.28
2002-06-25,737.85
2002-06-26,658.16
2002-06-27,728.42
2002-06-28,644.07
2002-06-29,527.86
2002-06-30,476.81
2002-07-01,440.29
2002-07-02,413.75
2002-07-03,870.83
2002-07-04,493.1
2002-07-05,488.08
2002-07-06,463.58
2002-07-07,384.64
2002-07-08,305.2
2002-07-09,313.73
2002-07-10,640.17
2002-07-11,497.63
2002-07-12,491.91
2002-07-13,412.18
2002-07-14,789.64
2002-07-15,640.43
2002-07-16,555.09
2002-07-17,562.18
2002-07-18,685.76
2002-07-19,494.88
2002-07-20,595.39
2002-07-21,549.07
2002-07-22,507.6
2002-07-23,399.45
2002-07-24,390.17
2002-07-25,397.14
2002-07-26,483.04
2002-07-27,424.06
2002-07-28,374.49
2002-07-29,347.83
2002-07-30,415.96
2002-07-31,673.97
2002-08-01,394.4
2002-08-02,352.89
2002-08-03,421.3
2002-08-04,559.52
2002-08-05,582.87
2002-08-06,405.34
2002-08-07,404.2
2002-08-08,324.41
2002-08-09,555.91
2002-08-10,353.71
2002-08-11,361.84
2002-08-12,388.2
2002-08-13,372.12
2002-08-14,420.72
2002-08-15,400.59
2002-08-16,387.74
2002-08-17,325.77
2002-08-18,327.02
2002-08-19,315.02
2002-08-20,272.08
2002-08-21,267.42
2002-08-22,297.98
2002-08-23,271.39
2002-08-24,283.84
2002-08-25,235.2
2002-08-26,228.19
2002-08-27,236.22
2002-08-28,241.84
2002-08-29,506.33
2002-08-30,366.35
2002-08-31,388.47
2002-09-01,309.16
2002-09-02,310.62
2002-09-03,284.64
2002-09-04,343.1
2002-09-05,297.7
2002-09-06,339.86
2002-09-07,293.31
2002-09-08,314.11
2002-09-09,290.24
2002-09-10,419.11
2002-09-11,248.78
2002-09-12,292.72
2002-09-13,216.18
2002-09-14,237.5
2002-09-15,314.55
2002-09-16,328.33
2002-09-17,491.37
2002-09-18,528.32
2002-09-19,443.95
2002-09-20,469.49
2002-09-21,938.56
2002-09-22,548.32
2002-09-23,514.82
2002-09-24,467.96
2002-09-25,363.86
2002-09-26,394.42
2002-09-27,366.52
2002-09-28,543.31
2002-09-29,352.74
2002-09-30,341.99
2002-10-01,394.36
2002-10-02,335.11
2002-10-03,343.97
2002-10-04,286.62
2002-10-05,254.99
2002-10-06,391.97
2002-10-07,452.87
2002-10-08,379.72
2002-10-09,300.44
2002-10-10,414.29
2002-10-11,840.48
2002-10-12,476.62
2002-10-13,526.97
2002-10-14,439.0
2002-10-15,375.23
2002-10-16,419.99
2002-10-17,409.23
2002-10-18,386.57
2002-10-19,302.3
2002-10-20,316.48
2002-10-21,236.81
2002-10-22,352.12
2002-10-23,324.12
2002-10-24,324.93
2002-10-25,370.73
2002-10-26,414.92
2002-10-27,434.55
2002-10-28,447.95
2002-10-29,339.44
2002-10-30,377.39
2002-10-31,317.29
2002-11-01,335.98
2002-11-02,335.31
2002-11-03,426.96
2002-11-04,615.42
2002-11-05,417.56
2002-11-06,352.15
2002-11-07,340.21
2002-11-08,425.36
2002-11-09,352.86
2002-11-10,285.95
2002-11-11,293.42
2002-11-12,295.73
2002-11-13,286.71
2002-11-14,287.96
2002-11-15,524.69
2002-11-16,347.01
2002-11-17,355.88
2002-11-18,299.33
2002-11-19,436.02
2002-11-20,305.09
2002-11-21,306.47
2002-11-22,384.26
2002-11-23,401.02
2002-11-24,338.99
2002-11-25,282.31
2002-11-26,254.93
2002-11-27,233.79
2002-11-28,201.82
2002-11-29,243.55
2002-11-30,223.69
2002-12-01,234.96
2002-12-02,204.29
2002-12-03,179.34
2002-12-04,199.29
2002-12-05,235.81
2002-12-06,219.57
2002-12-07,211.9
2002-12-08,185.08
2002-12-09,193.51
2002-12-10,189.15
2002-12-11,212.01
2002-12-12,168.83
2002-12-13,155.51
2002-12-14,194.93
2002-12-15,284.74
2002-12-16,332.66
2002-12-17,432.98
2002-12-18,381.3
2002-12-19,283.92
2002-12-20,254.53
2002-12-21,256.47
2002-12-22,218.49
2002-12-23,194.65
2002-12-24,176.21
2002-12-25,176.82
2002-12-26,169.97
2002-12-27,164.0
2002-12-28,151.55
2002-12-29,158.72
2002-12-30,154.06
2002-12-31,134.76
2003-01-01,227.49
2003-01-02,176.81
2003-01-03,147.46
2003-01-04,132.57
2003-01-05,123.57
2003-01-06,129.05
2003-01-07,126.46
2003-01-08,128.5
2003-01-09,153.99
2003-01-10,129.86
2003-01-11,145.28
2003-01-12,119.95
2003-01-13,112.82
2003-01-14,98.37
2003-01-15,92.82
2003-01-16,87.72
2003-01-17,87.98
2003-01-18,93.02
2003-01-19,83.18
2003-01-20,72.71
2003-01-21,91.69
2003-01-22,83.53
2003-01-23,85.43
2003-01-24,72.76
2003-01-25,78.67
2003-01-26,71.36
2003-01-27,75.39
2003-01-28,76.75
2003-01-29,64.64
2003-01-30,65.3
2003-01-31,68.4
2003-02-01,64.95
2003-02-02,65.16
2003-02-03,58.42
2003-02-04,48.29
2003-02-05,53.31
2003-02-06,58.9
2003-02-07,45.04
2003-02-08,94.3
2003-02-09,63.02
2003-02-10,70.51
2003-02-11,97.66
2003-02-12,123.45
2003-02-13,80.04
2003-02-14,72.66
2003-02-15,71.93
2003-02-16,72.92
2003-02-17,66.48
2003-02-18,66.34
2003-02-19,59.4
2003-02-20,57.25
2003-02-21,57.1
2003-02-22,51.24
2003-02-23,57.92
2003-02-24,43.96
2003-02-25,57.75
2003-02-26,50.94
2003-02-27,48.71
2003-02-28,49.86
2003-03-01,47.82
2003-03-02,39.51
2003-03-03,40.48
2003-03-04,40.19
2003-03-05,40.86
2003-03-06,34.15
2003-03-07,46.58
2003-03-08,44.2
2003-03-09,43.7
2003-03-10,41.07
2003-03-11,79.47
2003-03-12,32.87
2003-03-13,40.62
2003-03-14,44.5
2003-03-15,105.4
2003-03-16,88.12
2003-03-17,75.33
2003-03-18,36.99
2003-03-19,55.79
2003-03-20,99.55
2003-03-21,38.79
2003-03-22,46.47
2003-03-23,58.65
2003-03-24,44.22
2003-03-25,39.68
2003-03-26,44.48
2003-03-27,39.92
2003-03-28,39.27
2003-03-29,40.4
2003-03-30,43.13
2003-03-31,97.02
2003-04-01,61.26
2003-04-02,54.18
2003-04-03,38.88
2003-04-04,95.77
2003-04-05,60.2
2003-04-06,49.0
2003-04-07,43.8
2003-04-08,69.99
2003-04-09,51.47
2003-04-10,79.24
2003-04-11,123.63
2003-04-12,103.72
2003-04-13,190.51
2003-04-14,147.84
2003-04-15,221.16
2003-04-16,210.38
2003-04-17,137.59
2003-04-18,147.02
2003-04-19,378.22
2003-04-20,249.48
2003-04-21,685.43
2003-04-22,331.19
2003-04-23,374.1
2003-04-24,325.4
2003-04-25,354.99
2003-04-26,397.81
2003-04-27,457.64
2003-04-28,610.06
2003-04-29,441.95
2003-04-30,414.65
2003-05-01,428.76
2003-05-02,321.97
2003-05-03,399.72
2003-05-04,492.53
2003-05-05,378.0
2003-05-06,441.59
2003-05-07,451.54
2003-05-08,586.97
2003-05-09,504.36
2003-05-10,699.01
2003-05-11,842.88
2003-05-12,674.87
2003-05-13,545.27
2003-05-14,434.84
2003-05-15,469.98
2003-05-16,479.91
2003-05-17,437.3
2003-05-18,524.68
2003-05-19,486.19
2003-05-20,428.37
2003-05-21,408.07
2003-05-22,815.87
2003-05-23,467.5
2003-05-24,360.88
2003-05-25,689.93
2003-05-26,476.44
2003-05-27,493.08
2003-05-28,420.48
2003-05-29,400.82
2003-05-30,428.27
2003-05-31,471.91
2003-06-01,444.59
2003-06-02,406.86
2003-06-03,514.52
2003-06-04,435.53
2003-06-05,368.15
2003-06-06,366.72
2003-06-07,419.3
2003-06-08,336.86
2003-06-09,514.71
2003-06-10,364.92
2003-06-11,455.3
2003-06-12,380.43
2003-06-13,386.81
2003-06-14,426.4
2003-06-15,676.76
2003-06-16,579.41
2003-06-17,593.74
2003-06-18,559.45
2003-06-19,416.45
2003-06-20,367.73
2003-06-21,344.02
2003-06-22,500.88
2003-06-23,608.71
2003-06-24,507.32
2003-06-25,522.8
2003-06-26,578.04
2003-06-27,499.37
2003-06-28,473.38
2003-06-29,477.45
2003-06-30,405.12
2003-07-01,510.83
2003-07-02,448.18
2003-07-03,587.27
2003-07-04,363.95
2003-07-05,336.87
2003-07-06,322.91
2003-07-07,364.76
2003-07-08,436.28
2003-07-09,470.88
2003-07-10,607.37
2003-07-11,602.38
2003-07-12,670.18
2003-07-13,652.81
2003-07-14,576.65
2003-07-15,636.1
2003-07-16,557.8
2003-07-17,1015.14
2003-07-18,546.7
2003-07-19,641.13
2003-07-20,538.33
2003-07-21,464.05
2003-07-22,506.21
2003-07-23,496.97
2003-07-24,554.79
2003-07-25,560.52
2003-07-26,531.84
2003-07-27,1844.4
2003-07-28,831.94
2003-07-29,591.76
2003-07-30,599.47
2003-07-31,742.09
2003-08-01,582.32
2003-08-02,493.34
2003-08-03,464.16
2003-08-04,395.41
2003-08-05,383.53
2003-08-06,474.46
2003-08-07,351.28
2003-08-08,378.53
2003-08-09,367.87
2003-08-10,325.79
2003-08-11,304.11
2003-08-12,262.02
2003-08-13,287.95
2003-08-14,318.24
2003-08-15,267.12
2003-08-16,254.46
2003-08-17,349.1
2003-08-18,322.41
2003-08-19,283.04
2003-08-20,402.14
2003-08-21,326.7
2003-08-22,535.81
2003-08-23,430.99
2003-08-24,449.3
2003-08-25,396.51
2003-08-26,439.14
2003-08-27,448.68
2003-08-28,410.17
2003-08-29,449.6
2003-08-30,366.14
2003-08-31,397.08
2003-09-01,337.47
2003-09-02,313.5
2003-09-03,359.27
2003-09-04,382.8
2003-09-05,374.99
2003-09-06,372.06
2003-09-07,304.7
2003-09-08,298.73
2003-09-09,342.09
2003-09-10,468.96
2003-09-11,506.64
2003-09-12,385.71
2003-09-13,385.47
2003-09-14,624.56
2003-09-15,526.18
2003-09-16,1135.38
2003-09-17,683.84
2003-09-18,775.69
2003-09-19,636.37
2003-09-20,651.38
2003-09-21,567.31
2003-09-22,594.58
2003-09-23,1043.43
2003-09-24,833.59
2003-09-25,624.75
2003-09-26,566.01
2003-09-27,490.83
2003-09-28,524.43
2003-09-29,411.78
2003-09-30,462.48
2003-10-01,546.08
2003-10-02,789.54
2003-10-03,861.44
2003-10-04,750.54
2003-10-05,615.39
2003-10-06,582.57
2003-10-07,522.69
2003-10-08,452.45
2003-10-09,500.56
2003-10-10,369.61
2003-10-11,344.67
2003-10-12,507.07
2003-10-13,374.67
2003-10-14,378.38
2003-10-15,447.38
2003-10-16,377.76
2003-10-17,351.5
2003-10-18,475.14
2003-10-19,358.66
2003-10-20,389.39
2003-10-21,492.07
2003-10-22,382.54
2003-10-23,337.2
2003-10-24,530.55
2003-10-25,551.54
2003-10-26,459.59
2003-10-27,436.7
2003-10-28,399.28
2003-10-29,367.91
2003-10-30,336.88
2003-10-31,454.92
2003-11-01,417.21
2003-11-02,360.52
2003-11-03,369.37
2003-11-04,281.43
2003-11-05,270.41
2003-11-06,455.14
2003-11-07,350.49
2003-11-08,342.41
2003-11-09,480.45
2003-11-10,481.27
2003-11-11,414.5
2003-11-12,389.88
2003-11-13,406.0
2003-11-14,826.02
2003-11-15,590.4
2003-11-16,687.22
2003-11-17,560.0
2003-11-18,585.46
2003-11-19,490.66
2003-11-20,507.93
2003-11-21,421.09
2003-11-22,551.72
2003-11-23,567.93
2003-11-24,601.96
2003-11-25,553.89
2003-11-26,435.92
2003-11-27,378.07
2003-11-28,344.28
2003-11-29,360.01
2003-11-30,346.97
2003-12-01,681.17
2003-12-02,683.49
2003-12-03,1011.19
2003-12-04,697.71
2003-12-05,482.49
2003-12-06,409.76
2003-12-07,447.9
2003-12-08,425.37
2003-12-09,358.84
2003-12-10,309.07
2003-12-11,306.02
2003-12-12,280.67
2003-12-13,278.4
2003-12-14,351.7
2003-12-15,450.19
2003-12-16,321.98
2003-12-17,283.75
2003-12-18,295.78
2003-12-19,310.57
2003-12-20,451.69
2003-12-21,358.94
2003-12-22,331.52
2003-12-23,265.43
2003-12-24,243.05
2003-12-25,219.91
2003-12-26,235.18
2003-12-27,209.09
2003-12-28,196.36
2003-12-29,192.0
2003-12-30,190.76
2003-12-31,171.23
2004-01-01,152.23
2004-01-02,131.75
2004-01-03,131.86
2004-01-04,139.51
2004-01-05,114.44
2004-01-06,123.64
2004-01-07,124.42
2004-01-08,170.55
2004-01-09,162.76
2004-01-10,147.12
2004-01-11,155.65
2004-01-12,170.3
2004-01-13,139.07
2004-01-14,131.05
2004-01-15,136.43
2004-01-16,128.17
2004-01-17,113.41
2004-01-18,105.63
2004-01-19,107.46
2004-01-20,108.32
2004-01-21,100.36
2004-01-22,95.0
2004-01-23,108.06
2004-01-24,115.98
2004-01-25,108.35
2004-01-26,84.35
2004-01-27,93.34
2004-01-28,68.33
2004-01-29,36.67
2004-01-30,46.32
2004-01-31,69.9
2004-02-01,70.05
2004-02-02,69.98
2004-02-03,61.25
2004-02-04,32.28
2004-02-05,32.66
2004-02-06,61.92
2004-02-07,52.92
2004-02-08,46.28
2004-02-09,56.64
2004-02-10,51.69
2004-02-11,53.69
2004-02-12,52.12
2004-02-13,57.96
2004-02-14,48.09
2004-02-15,50.29
2004-02-16,49.45
2004-02-17,57.36
2004-02-18,41.51
2004-02-19,48.9
2004-02-20,50.01
2004-02-21,49.71
2004-02-22,56.56
2004-02-23,138.63
2004-02-24,93.21
2004-02-25,57.81
2004-02-26,56.85
2004-02-27,46.42
2004-02-28,45.79
2004-02-29,62.8
2004-03-01,74.47
2004-03-02,170.84
2004-03-03,85.88
2004-03-04,46.55
2004-03-05,159.13
2004-03-06,142.77
2004-03-07,95.41
2004-03-08,75.96
2004-03-09,70.23
2004-03-10,58.69
2004-03-11,80.51
2004-03-12,90.77
2004-03-13,68.09
2004-03-14,63.72
2004-03-15,73.42
2004-03-16,85.69
2004-03-17,59.3
2004-03-18,92.59
2004-03-19,88.33
2004-03-20,73.02
2004-03-21,58.56
2004-03-22,64.53
2004-03-23,54.04
2004-03-24,57.12
2004-03-25,62.8
2004-03-26,74.39
2004-03-27,63.49
2004-03-28,58.08
2004-03-29,52.94
2004-03-30,52.66
2004-03-31,43.16
2004-04-01,51.07
2004-04-02,67.49
2004-04-03,83.42
2004-04-04,219.43
2004-04-05,117.31
2004-04-06,98.44
2004-04-07,86.06
2004-04-08,94.03
2004-04-09,80.65
2004-04-10,218.75
2004-04-11,128.74
2004-04-12,112.3
2004-04-13,107.27
2004-04-14,184.28
2004-04-15,155.75
2004-04-16,129.08
2004-04-17,156.25
2004-04-18,191.35
2004-04-19,166.14
2004-04-20,787.83
2004-04-21,336.31
2004-04-22,306.47
2004-04-23,340.19
2004-04-24,251.14
2004-04-25,345.32
2004-04-26,378.58
2004-04-27,376.8
2004-04-28,405.57
2004-04-29,303.12
2004-04-30,332.91
2004-05-01,263.7
2004-05-02,269.1
2004-05-03,370.34
2004-05-04,230.42
2004-05-05,208.44
2004-05-06,219.58
2004-05-07,237.85
2004-05-08,191.41
2004-05-09,336.46
2004-05-10,260.43
2004-05-11,324.66
2004-05-12,278.2
2004-05-13,293.89
2004-05-14,236.74
2004-05-15,627.73
2004-05-16,366.62
2004-05-17,295.93
2004-05-18,481.8
2004-05-19,339.39
2004-05-20,319.5
2004-05-21,391.17
2004-05-22,432.38
2004-05-23,347.95
2004-05-24,227.74
2004-05-25,366.83
2004-05-26,723.2
2004-05-27,388.09
2004-05-28,416.98
2004-05-29,401.45
2004-05-30,399.04
2004-05-31,337.01
2004-06-01,550.38
2004-06-02,622.58
2004-06-03,410.17
2004-06-04,484.38
2004-06-05,717.27
2004-06-06,481.84
2004-06-07,381.91
2004-06-08,402.91
2004-06-09,469.75
2004-06-10,437.0
2004-06-11,327.49
2004-06-12,524.8
2004-06-13,407.56
2004-06-14,551.67
2004-06-15,473.83
2004-06-16,589.45
2004-06-17,736.3
2004-06-18,643.29
2004-06-19,617.81
2004-06-20,610.82
2004-06-21,540.94
2004-06-22,414.98
2004-06-23,345.82
2004-06-24,594.58
2004-06-25,495.81
2004-06-26,582.62
2004-06-27,457.68
2004-06-28,566.19
2004-06-29,607.55
2004-06-30,515.31
2004-07-01,414.77
2004-07-02,369.23
2004-07-03,288.23
2004-07-04,293.75
2004-07-05,269.69
2004-07-06,368.94
2004-07-07,323.87
2004-07-08,323.61
2004-07-09,382.66
2004-07-10,419.95
2004-07-11,543.11
2004-07-12,757.75
2004-07-13,445.1
2004-07-14,424.95
2004-07-15,384.03
2004-07-16,318.4
2004-07-17,274.41
2004-07-18,250.35
2004-07-19,293.44
2004-07-20,294.95
2004-07-21,321.15
2004-07-22,554.78
2004-07-23,350.65
2004-07-24,354.92
2004-07-25,292.78
2004-07-26,359.51
2004-07-27,532.81
2004-07-28,439.05
2004-07-29,379.97
2004-07-30,388.25
2004-07-31,310.4
2004-08-01,297.17
2004-08-02,300.81
2004-08-03,311.17
2004-08-04,329.84
2004-08-05,404.1
2004-08-06,581.02
2004-08-07,391.99
2004-08-08,346.67
2004-08-09,430.31
2004-08-10,361.69
2004-08-11,419.46
2004-08-12,507.61
2004-08-13,365.5
2004-08-14,476.85
2004-08-15,502.06
2004-08-16,429.95
2004-08-17,363.53
2004-08-18,407.98
2004-08-19,348.48
2004-08-20,397.26
2004-08-21,383.49
2004-08-22,610.98
2004-08-23,395.49
2004-08-24,358.96
2004-08-25,447.42
2004-08-26,419.37
2004-08-27,409.11
2004-08-28,503.17
2004-08-29,405.8
2004-08-30,375.57
2004-08-31,598.47
2004-09-01,468.19
2004-09-02,332.46
2004-09-03,306.33
2004-09-04,329.51
2004-09-05,367.09
2004-09-06,342.4
2004-09-07,456.06
2004-09-08,491.39
2004-09-09,424.47
2004-09-10,415.92
2004-09-11,419.61
2004-09-12,316.32
2004-09-13,407.8
2004-09-14,376.07
2004-09-15,345.59
2004-09-16,364.79
2004-09-17,294.79
2004-09-18,278.96
2004-09-19,289.76
2004-09-20,337.02
2004-09-21,330.25
2004-09-22,318.05
2004-09-23,270.78
2004-09-24,306.65
2004-09-25,263.72
2004-09-26,299.58
2004-09-27,317.24
2004-09-28,287.4
2004-09-29,485.49
2004-09-30,362.47
2004-10-01,324.28
2004-10-02,269.95
2004-10-03,249.97
2004-10-04,274.66
2004-10-05,249.54
2004-10-06,304.92
2004-10-07,273.6
2004-10-08,252.13
2004-10-09,285.93
2004-10-10,357.5
2004-10-11,309.75
2004-10-12,354.61
2004-10-13,266.3
2004-10-14,258.24
2004-10-15,225.12
2004-10-16,301.77
2004-10-17,345.72
2004-10-18,278.87
2004-10-19,307.3
2004-10-20,317.32
2004-10-21,538.9
2004-10-22,341.9
2004-10-23,288.07
2004-10-24,192.82
2004-10-25,279.84
2004-10-26,315.54
2004-10-27,332.18
2004-10-28,293.09
2004-10-29,335.54
2004-10-30,365.32
2004-10-31,506.12
2004-11-01,445.78
2004-11-02,504.73
2004-11-03,385.99
2004-11-04,380.27
2004-11-05,782.73
2004-11-06,704.72
2004-11-07,567.42
2004-11-08,586.04
2004-11-09,555.2
2004-11-10,433.15
2004-11-11,400.87
2004-11-12,353.64
2004-11-13,296.44
2004-11-14,281.03
2004-11-15,250.07
2004-11-16,290.02
2004-11-17,312.27
2004-11-18,413.77
2004-11-19,471.53
2004-11-20,379.34
2004-11-21,379.84
2004-11-22,288.64
2004-11-23,309.95
2004-11-24,278.46
2004-11-25,263.37
2004-11-26,267.19
2004-11-27,251.09
2004-11-28,212.45
2004-11-29,225.7
2004-11-30,179.38
2004-12-01,306.13
2004-12-02,239.24
2004-12-03,233.21
2004-12-04,208.57
2004-12-05,187.95
2004-12-06,176.2
2004-12-07,187.26
2004-12-08,313.0
2004-12-09,246.43
2004-12-10,231.87
2004-12-11,505.89
2004-12-12,403.05
2004-12-13,358.9
2004-12-14,304.65
2004-12-15,289.44
2004-12-16,329.53
2004-12-17,253.34
2004-12-18,255.0
2004-12-19,227.29
2004-12-20,209.3
2004-12-21,196.71
2004-12-22,181.3
2004-12-23,165.31
2004-12-24,165.44
2004-12-25,204.2
2004-12-26,172.64
2004-12-27,197.26
2004-12-28,175.18
2004-12-29,165.92
2004-12-30,163.11
2004-12-31,163.31
2005-01-01,148.36
2005-01-02,134.86
2005-01-03,134.73
2005-01-04,111.0
2005-01-05,134.47
2005-01-06,124.75
2005-01-07,116.54
2005-01-08,116.79
2005-01-09,108.52
2005-01-10,132.48
2005-01-11,179.47
2005-01-12,155.97
2005-01-13,150.19
2005-01-14,165.86
2005-01-15,181.43
2005-01-16,149.68
2005-01-17,298.78
2005-01-18,198.16
2005-01-19,187.33
2005-01-20,222.99
2005-01-21,191.23
2005-01-22,148.32
2005-01-23,107.03
2005-01-24,237.1
2005-01-25,284.76
2005-01-26,420.59
2005-01-27,225.45
2005-01-28,176.59
2005-01-29,168.52
2005-01-30,151.09
2005-01-31,134.42
2005-02-01,125.45
2005-02-02,125.7
2005-02-03,117.77
2005-02-04,125.79
2005-02-05,165.21
2005-02-06,187.11
2005-02-07,218.94
2005-02-08,274.07
2005-02-09,283.31
2005-02-10,228.99
2005-02-11,268.65
2005-02-12,369.57
2005-02-13,324.21
2005-02-14,199.47
2005-02-15,168.6
2005-02-16,200.8
2005-02-17,118.84
2005-02-18,144.69
2005-02-19,67.39
2005-02-20,137.01
2005-02-21,108.21
2005-02-22,121.06
2005-02-23,78.45
2005-02-24,82.03
2005-02-25,73.41
2005-02-26,85.0
2005-02-27,70.89
2005-02-28,53.08
2005-03-01,73.26
2005-03-02,115.88
2005-03-03,109.7
2005-03-04,89.96
2005-03-05,118.99
2005-03-06,107.2
2005-03-07,119.39
2005-03-08,107.27
2005-03-09,123.12
2005-03-10,145.56
2005-03-11,125.11
2005-03-12,113.23
2005-03-13,96.8
2005-03-14,82.18
2005-03-15,69.2
2005-03-16,50.46
2005-03-17,83.71
2005-03-18,59.99
2005-03-19,113.3
2005-03-20,93.31
2005-03-21,74.1
2005-03-22,96.28
2005-03-23,37.1
2005-03-24,82.33
2005-03-25,109.77
2005-03-26,161.64
2005-03-27,150.86
2005-03-28,127.23
2005-03-29,149.24
2005-03-30,142.69
2005-03-31,109.99
2005-04-01,116.87
2005-04-02,172.37
2005-04-03,307.25
2005-04-04,168.21
2005-04-05,176.23
2005-04-06,329.23
2005-04-07,263.53
2005-04-08,326.96
2005-04-09,250.96
2005-04-10,215.8
2005-04-11,443.24
2005-04-12,277.39
2005-04-13,214.25
2005-04-14,149.96
2005-04-15,270.43
2005-04-16,187.58
2005-04-17,376.17
2005-04-18,267.04
2005-04-19,390.18
2005-04-20,347.41
2005-04-21,294.09
2005-04-22,368.93
2005-04-23,332.22
2005-04-24,269.95
2005-04-25,245.93
2005-04-26,202.63
2005-04-27,194.05
2005-04-28,248.02
2005-04-29,187.1
2005-04-30,180.34
2005-05-01,172.17
2005-05-02,217.85
2005-05-03,238.18
2005-05-04,198.36
2005-05-05,246.66
2005-05-06,606.64
2005-05-07,390.2
2005-05-08,473.67
2005-05-09,315.76
2005-05-10,330.72
2005-05-11,265.35
2005-05-12,289.18
2005-05-13,672.02
2005-05-14,941.82
2005-05-15,539.26
2005-05-16,547.49
2005-05-17,857.3
2005-05-18,623.55
2005-05-19,467.16
2005-05-20,360.99
2005-05-21,325.52
2005-05-22,282.37
2005-05-23,306.52
2005-05-24,266.13
2005-05-25,324.99
2005-05-26,343.65
2005-05-27,374.51
2005-05-28,443.8
2005-05-29,281.68
2005-05-30,327.05
2005-05-31,307.7
2005-06-01,299.39
2005-06-02,640.11
2005-06-03,530.44
2005-06-04,716.77
2005-06-05,602.4
2005-06-06,604.23
2005-06-07,578.56
2005-06-08,491.87
2005-06-09,554.08
2005-06-10,653.9
2005-06-11,484.3
2005-06-12,410.46
2005-06-13,549.72
2005-06-14,515.73
2005-06-15,503.55
2005-06-16,461.6
2005-06-17,487.81
2005-06-18,440.23
2005-06-19,467.96
2005-06-20,450.02
2005-06-21,399.4
2005-06-22,375.02
2005-06-23,419.39
2005-06-24,503.53
2005-06-25,606.3
2005-06-26,531.72
2005-06-27,565.33
2005-06-28,515.91
2005-06-29,451.85
2005-06-30,606.57
2005-07-01,465.71
2005-07-02,384.35
2005-07-03,375.78
2005-07-04,299.67
2005-07-05,346.62
2005-07-06,315.11
2005-07-07,259.21
2005-07-08,281.26
2005-07-09,361.97
2005-07-10,308.06
2005-07-11,370.17
2005-07-12,386.27
2005-07-13,386.08
2005-07-14,342.44
2005-07-15,406.74
2005-07-16,359.53
2005-07-17,351.61
2005-07-18,415.21
2005-07-19,492.35
2005-07-20,535.71
2005-07-21,465.49
2005-07-22,604.26
2005-07-23,957.04
2005-07-24,751.5
2005-07-25,604.32
2005-07-26,445.91
2005-07-27,417.48
2005-07-28,376.28
2005-07-29,320.23
2005-07-30,302.01
2005-07-31,296.89
2005-08-01,295.41
2005-08-02,286.84
2005-08-03,234.52
2005-08-04,347.08
2005-08-05,346.21
2005-08-06,281.52
2005-08-07,251.34
2005-08-08,334.9
2005-08-09,280.19
2005-08-10,259.96
2005-08-11,377.44
2005-08-12,361.58
2005-08-13,441.88
2005-08-14,427.03
2005-08-15,496.55
2005-08-16,552.82
2005-08-17,632.21
2005-08-18,669.78
2005-08-19,473.91
2005-08-20,513.59
2005-08-21,461.57
2005-08-22,376.01
2005-08-23,325.06
2005-08-24,338.12
2005-08-25,332.6
2005-08-26,357.28
2005-08-27,509.77
2005-08-28,641.44
2005-08-29,392.44
2005-08-30,421.44
2005-08-31,463.24
2005-09-01,351.16
2005-09-02,304.97
2005-09-03,300.66
2005-09-04,257.03
2005-09-05,287.33
2005-09-06,255.45
2005-09-07,296.4
2005-09-08,441.44
2005-09-09,413.14
2005-09-10,421.46
2005-09-11,416.74
2005-09-12,524.77
2005-09-13,476.0
2005-09-14,507.16
2005-09-15,614.44
2005-09-16,469.18
2005-09-17,441.44
2005-09-18,417.91
2005-09-19,594.4
2005-09-20,459.72
2005-09-21,455.79
2005-09-22,401.57
2005-09-23,405.66
2005-09-24,531.24
2005-09-25,402.59
2005-09-26,584.88
2005-09-27,421.45
2005-09-28,405.99
2005-09-29,514.01
2005-09-30,477.71
2005-10-01,1700.3
2005-10-02,979.76
2005-10-03,973.14
2005-10-04,640.08
2005-10-05,548.79
2005-10-06,628.71
2005-10-07,499.37
2005-10-08,471.2
2005-10-09,449.04
2005-10-10,429.07
2005-10-11,346.37
2005-10-12,286.24
2005-10-13,231.36
2005-10-14,338.34
2005-10-15,400.21
2005-10-16,320.1
2005-10-17,372.92
2005-10-18,433.25
2005-10-19,461.7
2005-10-20,514.07
2005-10-21,370.86
2005-10-22,312.97
2005-10-23,303.69
2005-10-24,317.08
2005-10-25,617.23
2005-10-26,505.17
2005-10-27,381.13
2005-10-28,366.88
2005-10-29,402.5
2005-10-30,381.48
2005-10-31,421.3
2005-11-01,928.14
2005-11-02,610.53
2005-11-03,496.05
2005-11-04,482.98
2005-11-05,487.84
2005-11-06,399.96
2005-11-07,381.84
2005-11-08,403.32
2005-11-09,353.43
2005-11-10,485.44
2005-11-11,741.27
2005-11-12,618.09
2005-11-13,484.48
2005-11-14,519.24
2005-11-15,416.86
2005-11-16,568.49
2005-11-17,450.83
2005-11-18,411.89
2005-11-19,368.92
2005-11-20,336.82
2005-11-21,286.28
2005-11-22,254.71
2005-11-23,250.93
2005-11-24,260.88
2005-11-25,319.08
2005-11-26,291.16
2005-11-27,254.96
2005-11-28,205.67
2005-11-29,206.46
2005-11-30,228.48
2005-12-01,366.89
2005-12-02,361.31
2005-12-03,281.39
2005-12-04,244.29
2005-12-05,224.47
2005-12-06,219.09
2005-12-07,237.55
2005-12-08,201.71
2005-12-09,195.96
2005-12-10,145.8
2005-12-11,151.26
2005-12-12,464.34
2005-12-13,396.52
2005-12-14,386.97
2005-12-15,322.76
2005-12-16,273.32
2005-12-17,254.89
2005-12-18,211.94
2005-12-19,207.59
2005-12-20,206.05
2005-12-21,193.42
2005-12-22,191.18
2005-12-23,156.43
2005-12-24,164.17
2005-12-25,243.9
2005-12-26,246.93
2005-12-27,181.41
2005-12-28,165.09
2005-12-29,149.39
2005-12-30,141.39
2005-12-31,133.68
2006-01-01,126.03
2006-01-02,118.16
2006-01-03,118.72
2006-01-04,150.14
2006-01-05,259.93
2006-01-06,172.9
2006-01-07,158.87
2006-01-08,151.24
2006-01-09,135.16
2006-01-10,136.17
2006-01-11,136.47
2006-01-12,117.89
2006-01-13,110.84
2006-01-14,96.15
2006-01-15,117.27
2006-01-16,110.25
2006-01-17,110.85
2006-01-18,109.17
2006-01-19,100.93
2006-01-20,74.83
2006-01-21,92.48
2006-01-22,73.05
2006-01-23,51.17
2006-01-24,72.57
2006-01-25,46.58
2006-01-26,72.51
2006-01-27,330.94
2006-01-28,200.08
2006-01-29,148.18
2006-01-30,182.76
2006-01-31,96.82
2006-02-01,174.59
2006-02-02,208.86
2006-02-03,235.02
2006-02-04,257.1
2006-02-05,249.46
2006-02-06,142.39
2006-02-07,140.28
2006-02-08,251.21
2006-02-09,201.24
2006-02-10,124.87
2006-02-11,103.74
2006-02-12,149.18
2006-02-13,130.81
2006-02-14,112.72
2006-02-15,125.95
2006-02-16,110.7
2006-02-17,81.11
2006-02-18,83.22
2006-02-19,101.66
2006-02-20,68.7
2006-02-21,69.21
2006-02-22,90.1
2006-02-23,87.06
2006-02-24,75.21
2006-02-25,83.28
2006-02-26,78.7
2006-02-27,124.89
2006-02-28,123.19
2006-03-01,122.7
2006-03-02,83.87
2006-03-03,54.27
2006-03-04,70.91
2006-03-05,78.0
2006-03-06,101.64
2006-03-07,174.28
2006-03-08,214.69
2006-03-09,216.26
2006-03-10,166.22
2006-03-11,131.71
2006-03-12,144.78
2006-03-13,97.2
2006-03-14,98.33
2006-03-15,113.4
2006-03-16,99.75
2006-03-17,132.69
2006-03-18,231.96
2006-03-19,125.79
2006-03-20,117.87
2006-03-21,101.88
2006-03-22,137.57
2006-03-23,152.12
2006-03-24,434.17
2006-03-25,491.49
2006-03-26,409.14
2006-03-27,388.88
2006-03-28,940.38
2006-03-29,394.12
2006-03-30,347.25
2006-03-31,250.99
2006-04-01,256.5
2006-04-02,212.55
2006-04-03,208.76
2006-04-04,202.07
2006-04-05,197.74
2006-04-06,219.66
2006-04-07,289.88
2006-04-08,302.06
2006-04-09,320.5
2006-04-10,199.82
2006-04-11,238.1
2006-04-12,657.51
2006-04-13,398.91
2006-04-14,313.08
2006-04-15,288.59
2006-04-16,261.74
2006-04-17,247.43
2006-04-18,265.79
2006-04-19,272.97
2006-04-20,298.89
2006-04-21,356.87
2006-04-22,256.27
2006-04-23,375.51
2006-04-24,296.45
2006-04-25,256.03
2006-04-26,232.52
2006-04-27,258.46
2006-04-28,463.39
2006-04-29,446.64
2006-04-30,545.19
2006-05-01,543.24
2006-05-02,963.09
2006-05-03,477.61
2006-05-04,505.05
2006-05-05,513.9
2006-05-06,579.55
2006-05-07,502.55
2006-05-08,474.97
2006-05-09,632.14
2006-05-10,544.65
2006-05-11,499.48
2006-05-12,526.62
2006-05-13,504.38
2006-05-14,507.27
2006-05-15,493.59
2006-05-16,405.45
2006-05-17,435.28
2006-05-18,470.19
2006-05-19,1489.45
2006-05-20,726.97
2006-05-21,572.02
2006-05-22,421.79
2006-05-23,371.8
2006-05-24,547.86
2006-05-25,570.17
2006-05-26,498.41
2006-05-27,569.35
2006-05-28,495.61
2006-05-29,595.45
2006-05-30,449.27
2006-05-31,587.69
2006-06-01,524.06
2006-06-02,425.74
2006-06-03,377.69
2006-06-04,492.36
2006-06-05,439.11
2006-06-06,368.49
2006-06-07,364.04
2006-06-08,332.74
2006-06-09,283.12
2006-06-10,412.43
2006-06-11,334.55
2006-06-12,388.8
2006-06-13,587.82
2006-06-14,544.46
2006-06-15,469.64
2006-06-16,459.78
2006-06-17,420.38
2006-06-18,533.84
2006-06-19,418.73
2006-06-20,469.51
2006-06-21,564.87
2006-06-22,422.26
2006-06-23,464.44
2006-06-24,342.49
2006-06-25,307.09
2006-06-26,565.34
2006-06-27,555.36
2006-06-28,580.0
2006-06-29,392.36
2006-06-30,337.87
2006-07-01,281.65
2006-07-02,267.04
2006-07-03,343.84
2006-07-04,377.71
2006-07-05,368.42
2006-07-06,331.5
2006-07-07,344.54
2006-07-08,404.79
2006-07-09,498.39
2006-07-10,457.66
2006-07-11,416.36
2006-07-12,454.02
2006-07-13,602.61
2006-07-14,491.36
2006-07-15,486.69
2006-07-16,473.61
2006-07-17,508.72
2006-07-18,503.94
2006-07-19,639.32
2006-07-20,521.04
2006-07-21,598.95
2006-07-22,644.96
2006-07-23,640.95
2006-07-24,622.75
2006-07-25,551.84
2006-07-26,521.07
2006-07-27,559.97
2006-07-28,477.8
2006-07-29,453.64
2006-07-30,497.88
2006-07-31,358.74
2006-08-01,312.99
2006-08-02,475.36
2006-08-03,336.44
2006-08-04,322.27
2006-08-05,382.15
2006-08-06,303.03
2006-08-07,390.25
2006-08-08,277.29
2006-08-09,287.86
2006-08-10,389.75
2006-08-11,292.08
2006-08-12,249.1
2006-08-13,220.21
2006-08-14,267.29
2006-08-15,248.37
2006-08-16,225.56
2006-08-17,242.31
2006-08-18,223.5
2006-08-19,249.28
2006-08-20,725.32
2006-08-21,736.67
2006-08-22,599.71
2006-08-23,580.61
2006-08-24,451.26
2006-08-25,533.46
2006-08-26,518.81
2006-08-27,373.7
2006-08-28,325.92
2006-08-29,300.64
2006-08-30,479.02
2006-08-31,328.68
2006-09-01,372.49
2006-09-02,343.04
2006-09-03,323.6
2006-09-04,278.75
2006-09-05,250.25
2006-09-06,328.12
2006-09-07,318.38
2006-09-08,568.5
2006-09-09,480.13
2006-09-10,402.14
2006-09-11,389.88
2006-09-12,377.5
2006-09-13,394.83
2006-09-14,437.76
2006-09-15,394.38
2006-09-16,518.17
2006-09-17,586.44
2006-09-18,605.95
2006-09-19,829.44
2006-09-20,575.34
2006-09-21,503.83
2006-09-22,484.36
2006-09-23,383.67
2006-09-24,427.63
2006-09-25,314.99
2006-09-26,335.35
2006-09-27,276.63
2006-09-28,359.04
2006-09-29,394.02
2006-09-30,334.61
2006-10-01,305.89
2006-10-02,336.3
2006-10-03,465.29
2006-10-04,404.22
2006-10-05,806.83
2006-10-06,422.35
2006-10-07,385.74
2006-10-08,369.84
2006-10-09,403.14
2006-10-10,296.79
2006-10-11,419.28
2006-10-12,454.99
2006-10-13,299.58
2006-10-14,324.69
2006-10-15,280.49
2006-10-16,277.09
2006-10-17,265.4
2006-10-18,243.35
2006-10-19,235.82
2006-10-20,226.08
2006-10-21,184.29
2006-10-22,220.58
2006-10-23,150.6
2006-10-24,141.72
2006-10-25,115.59
2006-10-26,200.42
2006-10-27,200.33
2006-10-28,210.82
2006-10-29,210.75
2006-10-30,295.69
2006-10-31,253.19
2006-11-01,231.45
2006-11-02,216.88
2006-11-03,233.78
2006-11-04,200.49
2006-11-05,278.05
2006-11-06,212.6
2006-11-07,197.17
2006-11-08,290.64
2006-11-09,293.72
2006-11-10,294.72
2006-11-11,311.31
2006-11-12,356.38
2006-11-13,408.98
2006-11-14,358.42
2006-11-15,413.16
2006-11-16,329.41
2006-11-17,373.81
2006-11-18,461.66
2006-11-19,326.43
2006-11-20,459.88
2006-11-21,386.03
2006-11-22,401.35
2006-11-23,593.24
2006-11-24,399.72
2006-11-25,396.28
2006-11-26,376.78
2006-11-27,388.03
2006-11-28,378.86
2006-11-29,460.07
2006-11-30,361.11
2006-12-01,316.39
2006-12-02,386.27
2006-12-03,398.31
2006-12-04,328.87
2006-12-05,350.22
2006-12-06,315.41
2006-12-07,412.07
2006-12-08,309.39
2006-12-09,389.36
2006-12-10,382.11
2006-12-11,328.96
2006-12-12,482.43
2006-12-13,326.06
2006-12-14,309.17
2006-12-15,413.08
2006-12-16,314.89
2006-12-17,261.2
2006-12-18,254.44
2006-12-19,253.6
2006-12-20,352.62
2006-12-21,254.35
2006-12-22,229.95
2006-12-23,260.83
2006-12-24,307.38
2006-12-25,268.43
2006-12-26,277.64
2006-12-27,386.28
2006-12-28,440.54
2006-12-29,350.83
2006-12-30,280.53
2006-12-31,261.89
2007-01-01,207.55
2007-01-02,253.75
2007-01-03,239.68
2007-01-04,204.42
2007-01-05,198.83
2007-01-06,174.56
2007-01-07,146.07
2007-01-08,155.1
2007-01-09,174.14
2007-01-10,158.47
2007-01-11,174.39
2007-01-12,158.63
2007-01-13,173.87
2007-01-14,166.29
2007-01-15,150.18
2007-01-16,134.29
2007-01-17,142.04
2007-01-18,134.36
2007-01-19,126.65
2007-01-20,118.59
2007-01-21,118.64
2007-01-22,110.38
2007-01-23,109.48
2007-01-24,125.25
2007-01-25,106.41
2007-01-26,102.82
2007-01-27,110.62
2007-01-28,102.95
2007-01-29,95.32
2007-01-30,87.55
2007-01-31,96.43
2007-02-01,57.19
2007-02-02,58.2
2007-02-03,91.88
2007-02-04,73.18
2007-02-05,65.59
2007-02-06,48.97
2007-02-07,68.52
2007-02-08,61.25
2007-02-09,54.16
2007-02-10,62.59
2007-02-11,62.5
2007-02-12,52.74
2007-02-13,81.77
2007-02-14,54.44
2007-02-15,67.18
2007-02-16,52.76
2007-02-17,111.88
2007-02-18,57.62
2007-02-19,100.4
2007-02-20,60.68
2007-02-21,53.46
2007-02-22,53.11
2007-02-23,44.29
2007-02-24,31.79
2007-02-25,34.57
2007-02-26,45.56
2007-02-27,49.61
2007-02-28,52.82
2007-03-01,48.17
2007-03-02,62.93
2007-03-03,55.92
2007-03-04,55.78
2007-03-05,77.47
2007-03-06,87.98
2007-03-07,59.83
2007-03-08,87.93
2007-03-09,203.12
2007-03-10,137.08
2007-03-11,138.8
2007-03-12,78.19
2007-03-13,98.1
2007-03-14,62.93
2007-03-15,37.58
2007-03-16,59.2
2007-03-17,111.5
2007-03-18,171.39
2007-03-19,107.59
2007-03-20,102.3
2007-03-21,108.39
2007-03-22,140.99
2007-03-23,101.25
2007-03-24,136.66
2007-03-25,232.33
2007-03-26,201.76
2007-03-27,220.19
2007-03-28,247.06
2007-03-29,189.63
2007-03-30,147.27
2007-03-31,403.27
2007-04-01,500.67
2007-04-02,293.94
2007-04-03,276.98
2007-04-04,251.34
2007-04-05,241.55
2007-04-06,201.47
2007-04-07,301.57
2007-04-08,726.24
2007-04-09,528.74
2007-04-10,364.61
2007-04-11,304.58
2007-04-12,271.95
2007-04-13,221.36
2007-04-14,295.94
2007-04-15,245.66
2007-04-16,335.6
2007-04-17,285.09
2007-04-18,266.2
2007-04-19,296.83
2007-04-20,786.34
2007-04-21,741.27
2007-04-22,921.96
2007-04-23,572.09
2007-04-24,824.97
2007-04-25,645.3
2007-04-26,637.68
2007-04-27,562.86
2007-04-28,463.01
2007-04-29,456.33
2007-04-30,341.93
2007-05-01,531.27
2007-05-02,366.94
2007-05-03,505.09
2007-05-04,690.53
2007-05-05,523.26
2007-05-06,593.3
2007-05-07,612.71
2007-05-08,544.93
2007-05-09,424.19
2007-05-10,646.53
2007-05-11,421.9
2007-05-12,424.56
2007-05-13,322.2
2007-05-14,266.89
2007-05-15,302.88
2007-05-16,385.46
2007-05-17,337.49
2007-05-18,401.69
2007-05-19,881.14
2007-05-20,1221.64
2007-05-21,1061.34
2007-05-22,841.17
2007-05-23,731.47
2007-05-24,703.85
2007-05-25,616.85
2007-05-26,529.78
2007-05-27,555.64
2007-05-28,935.74
2007-05-29,739.65
2007-05-30,544.26
2007-05-31,510.96
2007-06-01,649.94
2007-06-02,511.09
2007-06-03,408.31
2007-06-04,391.09
2007-06-05,432.71
2007-06-06,365.25
2007-06-07,549.09
2007-06-08,486.45
2007-06-09,601.84
2007-06-10,451.66
2007-06-11,670.18
2007-06-12,434.1
2007-06-13,480.12
2007-06-14,404.17
2007-06-15,1244.93
2007-06-16,891.19
2007-06-17,868.44
2007-06-18,719.72
2007-06-19,625.87
2007-06-20,635.55
2007-06-21,638.15
2007-06-22,760.16
2007-06-23,816.65
2007-06-24,728.09
2007-06-25,814.65
2007-06-26,951.59
2007-06-27,750.15
2007-06-28,815.63
2007-06-29,822.68
2007-06-30,757.7
2007-07-01,622.57
2007-07-02,660.01
2007-07-03,549.77
2007-07-04,483.47
2007-07-05,606.43
2007-07-06,630.81
2007-07-07,624.97
2007-07-08,752.38
2007-07-09,911.71
2007-07-10,937.69
2007-07-11,1067.67
2007-07-12,900.57
2007-07-13,800.57
2007-07-14,648.49
2007-07-15,577.75
2007-07-16,674.92
2007-07-17,798.0
2007-07-18,672.22
2007-07-19,502.59
2007-07-20,535.39
2007-07-21,453.81
2007-07-22,642.33
2007-07-23,479.02
2007-07-24,617.89
2007-07-25,444.13
2007-07-26,397.75
2007-07-27,285.47
2007-07-28,348.96
2007-07-29,298.66
2007-07-30,355.15
2007-07-31,350.76
2007-08-01,367.42
2007-08-02,452.11
2007-08-03,602.49
2007-08-04,679.99
2007-08-05,606.38
2007-08-06,444.58
2007-08-07,422.75
2007-08-08,508.43
2007-08-09,404.84
2007-08-10,419.78
2007-08-11,521.96
2007-08-12,530.67
2007-08-13,758.8
2007-08-14,619.89
2007-08-15,472.53
2007-08-16,351.41
2007-08-17,585.78
2007-08-18,393.61
2007-08-19,315.81
2007-08-20,531.03
2007-08-21,658.49
2007-08-22,1020.54
2007-08-23,618.86
2007-08-24,669.33
2007-08-25,557.24
2007-08-26,375.89
2007-08-27,324.33
2007-08-28,348.47
2007-08-29,606.5
2007-08-30,390.44
2007-08-31,613.91
2007-09-01,404.79
2007-09-02,509.82
2007-09-03,546.15
2007-09-04,690.39
2007-09-05,720.06
2007-09-06,575.74
2007-09-07,498.65
2007-09-08,478.27
2007-09-09,411.2
2007-09-10,324.06
2007-09-11,298.18
2007-09-12,436.96
2007-09-13,432.58
2007-09-14,558.81
2007-09-15,954.82
2007-09-16,532.37
2007-09-17,452.12
2007-09-18,434.24
2007-09-19,644.58
2007-09-20,494.15
2007-09-21,544.5
2007-09-22,390.38
2007-09-23,415.71
2007-09-24,302.17
2007-09-25,264.93
2007-09-26,336.6
2007-09-27,373.55
2007-09-28,331.81
2007-09-29,250.55
2007-09-30,369.9
2007-10-01,548.98
2007-10-02,304.92
2007-10-03,233.73
2007-10-04,336.89
2007-10-05,433.63
2007-10-06,373.05
2007-10-07,430.8
2007-10-08,362.03
2007-10-09,317.42
2007-10-10,387.66
2007-10-11,446.59
2007-10-12,469.56
2007-10-13,399.58
2007-10-14,400.94
2007-10-15,498.91
2007-10-16,860.94
2007-10-17,727.42
2007-10-18,792.77
2007-10-19,566.52
2007-10-20,462.52
2007-10-21,429.24
2007-10-22,437.28
2007-10-23,509.03
2007-10-24,409.7
2007-10-25,339.58
2007-10-26,351.07
2007-10-27,314.43
2007-10-28,249.27
2007-10-29,302.08
2007-10-30,218.25
2007-10-31,233.82
2007-11-01,337.41
2007-11-02,312.43
2007-11-03,275.36
2007-11-04,322.61
2007-11-05,486.84
2007-11-06,328.07
2007-11-07,370.81
2007-11-08,375.19
2007-11-09,1487.7
2007-11-10,662.44
2007-11-11,548.52
2007-11-12,520.28
2007-11-13,544.11
2007-11-14,491.23
2007-11-15,403.42
2007-11-16,352.2
2007-11-17,475.02
2007-11-18,369.31
2007-11-19,348.71
2007-11-20,329.88
2007-11-21,243.43
2007-11-22,281.33
2007-11-23,414.13
2007-11-24,337.91
2007-11-25,227.64
2007-11-26,235.36
2007-11-27,362.59
2007-11-28,282.15
2007-11-29,285.76
2007-11-30,258.86
2007-12-01,221.26
2007-12-02,193.06
2007-12-03,103.18
2007-12-04,165.46
2007-12-05,180.43
2007-12-06,90.83
2007-12-07,100.87
2007-12-08,208.41
2007-12-09,205.8
2007-12-10,157.43
2007-12-11,254.05
2007-12-12,243.67
2007-12-13,198.54
2007-12-14,247.85
2007-12-15,217.71
2007-12-16,217.81
2007-12-17,237.07
2007-12-18,267.08
2007-12-19,197.84
2007-12-20,148.27
2007-12-21,104.68
2007-12-22,168.49
2007-12-23,188.79
2007-12-24,286.56
2007-12-25,299.75
2007-12-26,279.52
2007-12-27,288.7
2007-12-28,307.25
2007-12-29,317.37
2007-12-30,219.12
2007-12-31,210.34
2008-01-01,180.55
2008-01-02,161.74
2008-01-03,149.99
2008-01-04,159.54
2008-01-05,129.5
2008-01-06,108.05
2008-01-07,87.12
2008-01-08,96.16
2008-01-09,126.83
2008-01-10,123.22
2008-01-11,85.19
2008-01-12,86.03
2008-01-13,83.92
2008-01-14,112.43
2008-01-15,93.3
2008-01-16,100.95
2008-01-17,105.59
2008-01-18,95.22
2008-01-19,92.89
2008-01-20,117.91
2008-01-21,140.85
2008-01-22,85.13
2008-01-23,90.88
2008-01-24,52.77
2008-01-25,92.05
2008-01-26,118.24
2008-01-27,81.51
2008-01-28,63.81
2008-01-29,56.81
2008-01-30,88.68
2008-01-31,60.04
2008-02-01,78.81
2008-02-02,69.54
2008-02-03,79.14
2008-02-04,52.39
2008-02-05,50.5
2008-02-06,61.69
2008-02-07,79.21
2008-02-08,70.4
2008-02-09,53.71
2008-02-10,88.85
2008-02-11,154.17
2008-02-12,90.48
2008-02-13,78.83
2008-02-14,101.69
2008-02-15,52.51
2008-02-16,174.48
2008-02-17,118.79
2008-02-18,128.49
2008-02-19,175.83
2008-02-20,172.89
2008-02-21,193.43
2008-02-22,204.43
2008-02-23,170.89
2008-02-24,126.29
2008-02-25,61.61
2008-02-26,68.04
2008-02-27,53.56
2008-02-28,92.78
2008-02-29,83.99
2008-03-01,97.61
2008-03-02,71.89
2008-03-03,60.71
2008-03-04,37.4
2008-03-05,47.51
2008-03-06,77.98
2008-03-07,79.84
2008-03-08,50.09
2008-03-09,44.5
2008-03-10,93.42
2008-03-11,82.75
2008-03-12,105.66
2008-03-13,76.48
2008-03-14,60.6
2008-03-15,71.19
2008-03-16,42.37
2008-03-17,65.79
2008-03-18,203.42
2008-03-19,84.02
2008-03-20,84.41
2008-03-21,69.54
2008-03-22,62.96
2008-03-23,156.32
2008-03-24,130.31
2008-03-25,189.22
2008-03-26,164.71
2008-03-27,122.97
2008-03-28,127.39
2008-03-29,124.42
2008-03-30,107.75
2008-03-31,138.37
2008-04-01,137.58
2008-04-02,130.55
2008-04-03,101.8
2008-04-04,104.89
2008-04-05,115.06
2008-04-06,119.3
2008-04-07,106.92
2008-04-08,88.68
2008-04-09,93.38
2008-04-10,95.79
2008-04-11,108.6
2008-04-12,104.53
2008-04-13,129.87
2008-04-14,186.31
2008-04-15,175.0
2008-04-16,168.4
2008-04-17,146.74
2008-04-18,145.72
2008-04-19,152.53
2008-04-20,153.33
2008-04-21,125.02
2008-04-22,113.26
2008-04-23,657.76
2008-04-24,385.14
2008-04-25,749.99
2008-04-26,605.21
2008-04-27,635.13
2008-04-28,522.13
2008-04-29,467.93
2008-04-30,456.89
2008-05-01,486.56
2008-05-02,460.61
2008-05-03,502.39
2008-05-04,425.14
2008-05-05,589.53
2008-05-06,574.12
2008-05-07,451.29
2008-05-08,679.04
2008-05-09,597.58
2008-05-10,410.48
2008-05-11,495.5
2008-05-12,481.32
2008-05-13,415.17
2008-05-14,378.69
2008-05-15,346.3
2008-05-16,420.77
2008-05-17,578.12
2008-05-18,410.11
2008-05-19,737.96
2008-05-20,629.77
2008-05-21,569.1
2008-05-22,699.76
2008-05-23,709.09
2008-05-24,556.51
2008-05-25,506.99
2008-05-26,465.84
2008-05-27,529.39
2008-05-28,660.58
2008-05-29,492.83
2008-05-30,394.29
2008-05-31,380.67
2008-06-01,308.85
2008-06-02,317.9
2008-06-03,425.16
2008-06-04,352.88
2008-06-05,392.78
2008-06-06,345.43
2008-06-07,451.16
2008-06-08,558.47
2008-06-09,508.5
2008-06-10,535.47
2008-06-11,579.44
2008-06-12,490.3
2008-06-13,616.36
2008-06-14,513.1
2008-06-15,444.39
2008-06-16,474.19
2008-06-17,400.95
2008-06-18,402.92
2008-06-19,478.98
2008-06-20,420.26
2008-06-21,504.32
2008-06-22,449.88
2008-06-23,553.2
2008-06-24,724.46
2008-06-25,1329.68
2008-06-26,745.72
2008-06-27,627.27
2008-06-28,1084.45
2008-06-29,761.92
2008-06-30,758.17
2008-07-01,608.96
2008-07-02,628.17
2008-07-03,654.42
2008-07-04,1289.83
2008-07-05,1046.73
2008-07-06,841.98
2008-07-07,624.9
2008-07-08,686.5
2008-07-09,608.71
2008-07-10,632.44
2008-07-11,621.7
2008-07-12,869.48
2008-07-13,745.67
2008-07-14,612.5
2008-07-15,687.98
2008-07-16,738.69
2008-07-17,548.78
2008-07-18,416.73
2008-07-19,392.26
2008-07-20,506.91
2008-07-21,355.96
2008-07-22,337.69
2008-07-23,276.83
2008-07-24,353.95
2008-07-25,516.84
2008-07-26,601.94
2008-07-27,359.11
2008-07-28,439.38
2008-07-29,391.67
2008-07-30,289.9
2008-07-31,234.96
2008-08-01,232.02
2008-08-02,235.29
2008-08-03,264.97
2008-08-04,346.67
2008-08-05,294.23
2008-08-06,283.75
2008-08-07,301.1
2008-08-08,247.99
2008-08-09,275.3
2008-08-10,381.4
2008-08-11,415.46
2008-08-12,307.34
2008-08-13,348.45
2008-08-14,289.6
2008-08-15,298.85
2008-08-16,544.95
2008-08-17,382.98
2008-08-18,408.53
2008-08-19,367.72
2008-08-20,384.29
2008-08-21,362.26
2008-08-22,635.04
2008-08-23,590.53
2008-08-24,587.02
2008-08-25,641.67
2008-08-26,657.28
2008-08-27,592.36
2008-08-28,497.76
2008-08-29,463.47
2008-08-30,401.08
2008-08-31,366.09
2008-09-01,304.49
2008-09-02,310.26
2008-09-03,311.22
2008-09-04,263.46
2008-09-05,246.25
2008-09-06,219.72
2008-09-07,248.42
2008-09-08,298.25
2008-09-09,252.48
2008-09-10,348.8
2008-09-11,284.26
2008-09-12,398.05
2008-09-13,246.14
2008-09-14,257.63
2008-09-15,341.81
2008-09-16,579.0
2008-09-17,442.94
2008-09-18,352.31
2008-09-19,503.46
2008-09-20,590.84
2008-09-21,969.66
2008-09-22,618.1
2008-09-23,770.54
2008-09-24,603.52
2008-09-25,538.44
2008-09-26,908.7
2008-09-27,541.82
2008-09-28,503.82
2008-09-29,532.49
2008-09-30,713.29
2008-10-01,709.96
2008-10-02,540.34
2008-10-03,490.23
2008-10-04,378.33
2008-10-05,386.29
2008-10-06,464.95
2008-10-07,1021.0
2008-10-08,1003.66
2008-10-09,805.68
2008-10-10,1464.38
2008-10-11,873.93
2008-10-12,770.19
2008-10-13,662.94
2008-10-14,520.98
2008-10-15,361.96
2008-10-16,359.95
2008-10-17,425.64
2008-10-18,450.53
2008-10-19,776.2
2008-10-20,561.29
2008-10-21,550.65
2008-10-22,459.05
2008-10-23,438.5
2008-10-24,516.59
2008-10-25,454.56
2008-10-26,315.43
2008-10-27,308.9
2008-10-28,376.78
2008-10-29,318.05
2008-10-30,239.11
2008-10-31,305.23
2008-11-01,336.45
2008-11-02,296.41
2008-11-03,241.86
2008-11-04,431.34
2008-11-05,376.5
2008-11-06,395.47
2008-11-07,378.24
2008-11-08,324.97
2008-11-09,333.35
2008-11-10,227.72
2008-11-11,281.8
2008-11-12,362.71
2008-11-13,309.36
2008-11-14,275.9
2008-11-15,265.6
2008-11-16,251.42
2008-11-17,260.63
2008-11-18,287.25
2008-11-19,428.11
2008-11-20,406.74
2008-11-21,390.48
2008-11-22,436.75
2008-11-23,394.19
2008-11-24,605.81
2008-11-25,437.71
2008-11-26,411.46
2008-11-27,348.61
2008-11-28,309.21
2008-11-29,397.43
2008-11-30,506.49
2008-12-01,631.83
2008-12-02,487.55
2008-12-03,405.32
2008-12-04,318.96
2008-12-05,403.74
2008-12-06,299.98
2008-12-07,337.22
2008-12-08,282.67
2008-12-09,216.02
2008-12-10,225.57
2008-12-11,215.92
2008-12-12,218.16
2008-12-13,264.74
2008-12-14,207.79
2008-12-15,196.1
2008-12-16,181.09
2008-12-17,152.76
2008-12-18,109.96
2008-12-19,162.37
2008-12-20,143.25
2008-12-21,110.2
2008-12-22,102.13
2008-12-23,114.58
2008-12-24,97.9
2008-12-25,87.47
2008-12-26,122.96
2008-12-27,127.68
2008-12-28,127.69
2008-12-29,108.66
2008-12-30,127.77
2008-12-31,175.58
2009-01-01,213.72
2009-01-02,175.28
2009-01-03,129.3
2009-01-04,129.34
2009-01-05,119.5
2009-01-06,120.57
2009-01-07,119.82
2009-01-08,166.04
2009-01-09,136.74
2009-01-10,127.39
2009-01-11,137.36
2009-01-12,144.7
2009-01-13,183.6
2009-01-14,212.83
2009-01-15,183.82
2009-01-16,288.28
2009-01-17,192.79
2009-01-18,163.96
2009-01-19,191.49
2009-01-20,172.55
2009-01-21,321.5
2009-01-22,916.45
2009-01-23,848.56
2009-01-24,452.12
2009-01-25,327.76
2009-01-26,214.34
2009-01-27,214.21
2009-01-28,181.55
2009-01-29,135.97
2009-01-30,89.13
2009-01-31,107.74
2009-02-01,195.27
2009-02-02,195.98
2009-02-03,227.77
2009-02-04,351.86
2009-02-05,278.78
2009-02-06,222.76
2009-02-07,154.1
2009-02-08,176.77
2009-02-09,94.48
2009-02-10,104.92
2009-02-11,99.9
2009-02-12,100.3
2009-02-13,97.3
2009-02-14,152.18
2009-02-15,123.77
2009-02-16,159.85
2009-02-17,111.78
2009-02-18,107.02
2009-02-19,110.11
2009-02-20,104.11
2009-02-21,84.26
2009-02-22,87.6
2009-02-23,113.98
2009-02-24,119.33
2009-02-25,130.45
2009-02-26,111.35
2009-02-27,108.99
2009-02-28,97.05
2009-03-01,111.96
2009-03-02,250.75
2009-03-03,212.97
2009-03-04,200.89
2009-03-05,148.85
2009-03-06,123.16
2009-03-07,163.41
2009-03-08,135.77
2009-03-09,173.54
2009-03-10,158.21
2009-03-11,63.56
2009-03-12,113.04
2009-03-13,75.16
2009-03-14,100.92
2009-03-15,94.68
2009-03-16,88.52
2009-03-17,150.07
2009-03-18,217.43
2009-03-19,207.27
2009-03-20,264.21
2009-03-21,393.1
2009-03-22,1209.08
2009-03-23,1176.18
2009-03-24,768.81
2009-03-25,655.3
2009-03-26,509.56
2009-03-27,380.98
2009-03-28,334.21
2009-03-29,300.23
2009-03-30,199.08
2009-03-31,186.13
2009-04-01,171.05
2009-04-02,233.7
2009-04-03,156.89
2009-04-04,175.34
2009-04-05,136.43
2009-04-06,120.97
2009-04-07,122.1
2009-04-08,248.24
2009-04-09,173.82
2009-04-10,163.99
2009-04-11,172.64
2009-04-12,195.13
2009-04-13,188.33
2009-04-14,163.83
2009-04-15,179.71
2009-04-16,145.6
2009-04-17,167.3
2009-04-18,200.32
2009-04-19,406.26
2009-04-20,373.16
2009-04-21,602.97
2009-04-22,426.15
2009-04-23,776.34
2009-04-24,758.37
2009-04-25,506.72
2009-04-26,605.85
2009-04-27,423.77
2009-04-28,374.66
2009-04-29,311.59
2009-04-30,382.87
2009-05-01,356.92
2009-05-02,365.12
2009-05-03,315.42
2009-05-04,354.38
2009-05-05,316.64
2009-05-06,395.97
2009-05-07,315.35
2009-05-08,428.21
2009-05-09,358.73
2009-05-10,300.35
2009-05-11,594.54
2009-05-12,420.57
2009-05-13,557.81
2009-05-14,448.69
2009-05-15,591.48
2009-05-16,374.88
2009-05-17,381.01
2009-05-18,338.89
2009-05-19,490.17
2009-05-20,405.49
2009-05-21,543.82
2009-05-22,454.39
2009-05-23,421.49
2009-05-24,529.64
2009-05-25,516.26
2009-05-26,733.59
2009-05-27,640.96
2009-05-28,633.69
2009-05-29,601.93
2009-05-30,617.06
2009-05-31,504.97
2009-06-01,514.4
2009-06-02,389.31
2009-06-03,388.88
2009-06-04,318.71
2009-06-05,536.57
2009-06-06,402.83
2009-06-07,482.94
2009-06-08,457.59
2009-06-09,503.8
2009-06-10,601.13
2009-06-11,519.31
2009-06-12,487.61
2009-06-13,720.28
2009-06-14,503.72
2009-06-15,463.52
2009-06-16,425.23
2009-06-17,468.78
2009-06-18,368.65
2009-06-19,470.33
2009-06-20,434.33
2009-06-21,461.65
2009-06-22,395.54
2009-06-23,496.47
2009-06-24,431.26
2009-06-25,488.63
2009-06-26,347.35
2009-06-27,655.72
2009-06-28,601.05
2009-06-29,419.88
2009-06-30,521.75
2009-07-01,354.15
2009-07-02,598.28
2009-07-03,954.94
2009-07-04,836.88
2009-07-05,666.1
2009-07-06,642.81
2009-07-07,546.76
2009-07-08,567.01
2009-07-09,711.56
2009-07-10,627.19
2009-07-11,549.29
2009-07-12,848.1
2009-07-13,492.69
2009-07-14,470.39
2009-07-15,448.26
2009-07-16,359.25
2009-07-17,518.03
2009-07-18,442.42
2009-07-19,351.59
2009-07-20,603.11
2009-07-21,351.73
2009-07-22,438.62
2009-07-23,350.67
2009-07-24,433.8
2009-07-25,565.24
2009-07-26,366.29
2009-07-27,355.52
2009-07-28,376.39
2009-07-29,341.27
2009-07-30,456.88
2009-07-31,729.37
2009-08-01,603.08
2009-08-02,430.38
2009-08-03,403.55
2009-08-04,467.56
2009-08-05,344.62
2009-08-06,323.37
2009-08-07,806.79
2009-08-08,525.84
2009-08-09,388.73
2009-08-10,422.44
2009-08-11,450.85
2009-08-12,397.75
2009-08-13,333.77
2009-08-14,314.28
2009-08-15,287.75
2009-08-16,265.88
2009-08-17,265.72
2009-08-18,347.4
2009-08-19,384.91
2009-08-20,399.46
2009-08-21,465.27
2009-08-22,391.99
2009-08-23,325.45
2009-08-24,347.98
2009-08-25,333.89
2009-08-26,264.22
2009-08-27,310.58
2009-08-28,310.55
2009-08-29,351.09
2009-08-30,391.33
2009-08-31,348.64
2009-09-01,510.84
2009-09-02,326.7
2009-09-03,299.49
2009-09-04,412.81
2009-09-05,300.74
2009-09-06,276.64
2009-09-07,276.81
2009-09-08,242.87
2009-09-09,221.79
2009-09-10,221.55
2009-09-11,181.83
2009-09-12,267.92
2009-09-13,334.53
2009-09-14,238.99
2009-09-15,403.65
2009-09-16,267.95
2009-09-17,286.65
2009-09-18,293.5
2009-09-19,240.62
2009-09-20,228.77
2009-09-21,236.63
2009-09-22,274.73
2009-09-23,228.15
2009-09-24,181.81
2009-09-25,178.68
2009-09-26,171.37
2009-09-27,180.21
2009-09-28,174.82
2009-09-29,187.19
2009-09-30,174.59
2009-10-01,240.03
2009-10-02,186.13
2009-10-03,456.98
2009-10-04,273.42
2009-10-05,271.87
2009-10-06,246.54
2009-10-07,232.22
2009-10-08,227.05
2009-10-09,193.3
2009-10-10,181.15
2009-10-11,279.54
2009-10-12,324.45
2009-10-13,233.06
2009-10-14,268.93
2009-10-15,248.12
2009-10-16,228.87
2009-10-17,198.68
2009-10-18,234.91
2009-10-19,260.98
2009-10-20,280.23
2009-10-21,236.26
2009-10-22,227.36
2009-10-23,174.12
2009-10-24,385.25
2009-10-25,305.84
2009-10-26,244.41
2009-10-27,363.94
2009-10-28,488.62
2009-10-29,511.59
2009-10-30,525.84
2009-10-31,400.78
2009-11-01,383.94
2009-11-02,398.98
2009-11-03,364.21
2009-11-04,378.46
2009-11-05,370.07
2009-11-06,328.65
2009-11-07,280.51
2009-11-08,507.6
2009-11-09,435.48
2009-11-10,732.44
2009-11-11,385.44
2009-11-12,501.06
2009-11-13,890.2
2009-11-14,554.21
2009-11-15,519.91
2009-11-16,638.59
2009-11-17,533.12
2009-11-18,644.08
2009-11-19,508.82
2009-11-20,573.73
2009-11-21,376.26
2009-11-22,366.98
2009-11-23,362.57
2009-11-24,283.62
2009-11-25,377.7
2009-11-26,511.39
2009-11-27,435.12
2009-11-28,724.93
2009-11-29,524.93
2009-11-30,430.2
2009-12-01,280.54
2009-12-02,292.84
2009-12-03,333.47
2009-12-04,278.97
2009-12-05,206.61
2009-12-06,183.66
2009-12-07,191.97
2009-12-08,191.45
2009-12-09,250.53
2009-12-10,192.31
2009-12-11,144.61
2009-12-12,131.78
2009-12-13,199.79
2009-12-14,162.06
2009-12-15,152.68
2009-12-16,142.93
2009-12-17,142.73
2009-12-18,133.3
2009-12-19,152.12
2009-12-20,200.79
2009-12-21,220.04
2009-12-22,181.31
2009-12-23,134.09
2009-12-24,232.5
2009-12-25,223.86
2009-12-26,395.23
2009-12-27,418.22
2009-12-28,155.21
2009-12-29,210.27
2009-12-30,193.82
2009-12-31,136.81
2010-01-01,161.56
2010-01-02,153.6
2010-01-03,114.57
2010-01-04,122.4
2010-01-05,107.54
2010-01-06,98.58
2010-01-07,78.06
2010-01-08,83.87
2010-01-09,82.27
2010-01-10,68.14
2010-01-11,82.07
2010-01-12,60.38
2010-01-13,83.01
2010-01-14,46.37
2010-01-15,72.43
2010-01-16,51.61
2010-01-17,71.45
2010-01-18,60.35
2010-01-19,59.8
2010-01-20,50.4
2010-01-21,69.7
2010-01-22,41.04
2010-01-23,48.08
2010-01-24,58.26
2010-01-25,35.77
2010-01-26,62.4
2010-01-27,50.62
2010-01-28,50.96
2010-01-29,42.31
2010-01-30,44.71
2010-01-31,51.96
2010-02-01,52.38
2010-02-02,43.09
2010-02-03,33.83
2010-02-04,34.2
2010-02-05,34.59
2010-02-06,43.99
2010-02-07,35.11
2010-02-08,42.68
2010-02-09,33.7
2010-02-10,42.97
2010-02-11,43.67
2010-02-12,25.58
2010-02-13,24.06
2010-02-14,87.67
2010-02-15,42.6
2010-02-16,41.7
2010-02-17,33.43
2010-02-18,43.2
2010-02-19,50.83
2010-02-20,50.87
2010-02-21,33.88
2010-02-22,34.99
2010-02-23,26.83
2010-02-24,36.59
2010-02-25,60.69
2010-02-26,63.23
2010-02-27,81.79
2010-02-28,205.25
2010-03-01,142.92
2010-03-02,68.97
2010-03-03,115.4
2010-03-04,58.35
2010-03-05,107.18
2010-03-06,229.59
2010-03-07,296.39
2010-03-08,523.25
2010-03-09,780.47
2010-03-10,477.53
2010-03-11,367.11
2010-03-12,267.45
2010-03-13,202.63
2010-03-14,248.89
2010-03-15,152.43
2010-03-16,135.74
2010-03-17,143.85
2010-03-18,235.15
2010-03-19,165.92
2010-03-20,68.99
2010-03-21,69.73
2010-03-22,52.59
2010-03-23,31.98
2010-03-24,46.53
2010-03-25,53.07
2010-03-26,113.55
2010-03-27,44.78
2010-03-28,59.66
2010-03-29,105.1
2010-03-30,186.88
2010-03-31,102.44
2010-04-01,246.33
2010-04-02,191.84
2010-04-03,466.33
2010-04-04,475.17
2010-04-05,329.27
2010-04-06,522.77
2010-04-07,315.41
2010-04-08,318.35
2010-04-09,258.99
2010-04-10,263.75
2010-04-11,193.11
2010-04-12,139.16
2010-04-13,190.24
2010-04-14,256.81
2010-04-15,220.45
2010-04-16,232.08
2010-04-17,113.51
2010-04-18,183.05
2010-04-19,44.55
2010-04-20,49.84
2010-04-21,314.92
2010-04-22,196.53
2010-04-23,268.06
2010-04-24,200.56
2010-04-25,258.79
2010-04-26,315.47
2010-04-27,336.67
2010-04-28,678.2
2010-04-29,833.76
2010-04-30,555.46
2010-05-01,403.01
2010-05-02,325.11
2010-05-03,255.83
2010-05-04,371.25
2010-05-05,276.56
2010-05-06,312.06
2010-05-07,310.63
2010-05-08,200.03
2010-05-09,333.34
2010-05-10,248.59
2010-05-11,299.92
2010-05-12,264.48
2010-05-13,515.63
2010-05-14,557.12
2010-05-15,401.48
2010-05-16,759.93
2010-05-17,365.06
2010-05-18,299.36
2010-05-19,371.22
2010-05-20,281.47
2010-05-21,422.93
2010-05-22,416.91
2010-05-23,480.27
2010-05-24,472.61
2010-05-25,440.95
2010-05-26,527.51
2010-05-27,392.79
2010-05-28,314.65
2010-05-29,241.82
2010-05-30,360.27
2010-05-31,520.91
2010-06-01,368.71
2010-06-02,420.09
2010-06-03,426.71
2010-06-04,568.83
2010-06-05,483.12
2010-06-06,394.29
2010-06-07,459.5
2010-06-08,369.23
2010-06-09,539.76
2010-06-10,332.31
2010-06-11,313.71
2010-06-12,256.11
2010-06-13,397.17
2010-06-14,433.58
2010-06-15,598.29
2010-06-16,705.56
2010-06-17,597.93
2010-06-18,695.18
2010-06-19,510.1
2010-06-20,424.73
2010-06-21,360.34
2010-06-22,382.35
2010-06-23,472.07
2010-06-24,424.15
2010-06-25,468.52
2010-06-26,440.79
2010-06-27,723.76
2010-06-28,474.42
2010-06-29,381.58
2010-06-30,427.1
2010-07-01,481.18
2010-07-02,617.44
2010-07-03,397.91
2010-07-04,482.06
2010-07-05,397.59
2010-07-06,373.95
2010-07-07,323.35
2010-07-08,323.85
2010-07-09,332.55
2010-07-10,468.58
2010-07-11,383.05
2010-07-12,308.74
2010-07-13,396.34
2010-07-14,387.98
2010-07-15,388.16
2010-07-16,327.88
2010-07-17,380.71
2010-07-18,423.78
2010-07-19,321.72
2010-07-20,376.49
2010-07-21,394.41
2010-07-22,313.04
2010-07-23,401.29
2010-07-24,338.1
2010-07-25,455.27
2010-07-26,518.49
2010-07-27,355.75
2010-07-28,375.11
2010-07-29,348.89
2010-07-30,584.1
2010-07-31,535.48
2010-08-01,477.04
2010-08-02,488.45
2010-08-03,431.1
2010-08-04,256.79
2010-08-05,566.21
2010-08-06,650.19
2010-08-07,482.79
2010-08-08,478.06
2010-08-09,534.19
2010-08-10,461.71
2010-08-11,516.52
2010-08-12,684.98
2010-08-13,536.17
2010-08-14,441.29
2010-08-15,754.82
2010-08-16,643.56
2010-08-17,709.94
2010-08-18,678.51
2010-08-19,931.54
2010-08-20,697.37
2010-08-21,566.01
2010-08-22,432.64
2010-08-23,445.84
2010-08-24,1093.26
2010-08-25,632.83
2010-08-26,626.15
2010-08-27,571.36
2010-08-28,493.45
2010-08-29,523.57
2010-08-30,434.93
2010-08-31,479.79
2010-09-01,459.27
2010-09-02,571.49
2010-09-03,463.55
2010-09-04,495.31
2010-09-05,504.52
2010-09-06,716.3
2010-09-07,546.26
2010-09-08,493.97
2010-09-09,376.99
2010-09-10,616.64
2010-09-11,716.94
2010-09-12,818.18
2010-09-13,623.12
2010-09-14,450.68
2010-09-15,750.42
2010-09-16,601.68
2010-09-17,463.92
2010-09-18,462.24
2010-09-19,463.47
2010-09-20,501.43
2010-09-21,551.0
2010-09-22,534.14
2010-09-23,532.57
2010-09-24,499.63
2010-09-25,489.01
2010-09-26,418.66
2010-09-27,816.34
2010-09-28,551.28
2010-09-29,400.54
2010-09-30,590.29
2010-10-01,301.21
2010-10-02,258.46
2010-10-03,281.27
2010-10-04,373.56
2010-10-05,264.43
2010-10-06,297.67
2010-10-07,261.96
2010-10-08,299.99
2010-10-09,272.9
2010-10-10,417.05
2010-10-11,446.58
2010-10-12,438.02
2010-10-13,343.51
2010-10-14,319.86
2010-10-15,304.72
2010-10-16,338.92
2010-10-17,423.66
2010-10-18,411.44
2010-10-19,323.48
2010-10-20,311.9
2010-10-21,322.12
2010-10-22,485.83
2010-10-23,571.1
2010-10-24,442.82
2010-10-25,372.37
2010-10-26,299.01
2010-10-27,487.22
2010-10-28,488.38
2010-10-29,381.61
2010-10-30,341.24
2010-10-31,359.77
2010-11-01,398.66
2010-11-02,513.26
2010-11-03,638.61
2010-11-04,510.45
2010-11-05,438.53
2010-11-06,376.5
2010-11-07,339.09
2010-11-08,428.09
2010-11-09,377.77
2010-11-10,310.17
2010-11-11,404.92
2010-11-12,1012.08
2010-11-13,661.26
2010-11-14,544.45
2010-11-15,468.27
2010-11-16,418.18
2010-11-17,317.45
2010-11-18,237.51
2010-11-19,352.48
2010-11-20,387.19
2010-11-21,351.86
2010-11-22,332.08
2010-11-23,343.31
2010-11-24,401.81
2010-11-25,352.66
2010-11-26,303.19
2010-11-27,342.31
2010-11-28,401.59
2010-11-29,401.25
2010-11-30,528.54
2010-12-01,523.99
2010-12-02,437.99
2010-12-03,410.58
2010-12-04,427.31
2010-12-05,403.92
2010-12-06,530.84
2010-12-07,437.75
2010-12-08,496.41
2010-12-09,598.93
2010-12-10,467.2
2010-12-11,427.59
2010-12-12,346.42
2010-12-13,687.61
2010-12-14,611.6
2010-12-15,2539.46
2010-12-16,1598.44
2010-12-17,1091.29
2010-12-18,1185.6
2010-12-19,747.84
2010-12-20,653.94
2010-12-21,491.39
2010-12-22,437.96
2010-12-23,359.65
2010-12-24,296.34
2010-12-25,251.06
2010-12-26,295.28
2010-12-27,445.7
2010-12-28,272.68
2010-12-29,248.81
2010-12-30,284.78
2010-12-31,262.73
2011-01-01,243.72
2011-01-02,242.86
2011-01-03,331.19
2011-01-04,377.87
2011-01-05,427.54
2011-01-06,234.75
2011-01-07,276.51
2011-01-08,240.05
2011-01-09,396.24
2011-01-10,330.07
2011-01-11,339.94
2011-01-12,359.83
2011-01-13,290.38
2011-01-14,272.75
2011-01-15,235.26
2011-01-16,352.81
2011-01-17,245.22
2011-01-18,262.57
2011-01-19,222.04
2011-01-20,174.46
2011-01-21,165.58
2011-01-22,148.98
2011-01-23,130.74
2011-01-24,92.78
2011-01-25,249.14
2011-01-26,389.78
2011-01-27,304.71
2011-01-28,217.39
2011-01-29,131.95
2011-01-30,131.25
2011-01-31,131.45
2011-02-01,124.49
2011-02-02,138.84
2011-02-03,128.84
2011-02-04,120.62
2011-02-05,110.86
2011-02-06,110.89
2011-02-07,101.25
2011-02-08,111.55
2011-02-09,111.82
2011-02-10,73.92
2011-02-11,73.65
2011-02-12,84.71
2011-02-13,84.67
2011-02-14,64.53
2011-02-15,112.04
2011-02-16,130.23
2011-02-17,165.6
2011-02-18,146.89
2011-02-19,109.43
2011-02-20,99.48
2011-02-21,99.22
2011-02-22,81.26
2011-02-23,99.98
2011-02-24,72.93
2011-02-25,63.41
2011-02-26,63.49
2011-02-27,65.55
2011-02-28,112.92
2011-03-01,214.8
2011-03-02,148.96
2011-03-03,134.13
2011-03-04,138.25
2011-03-05,100.14
2011-03-06,77.45
2011-03-07,87.52
2011-03-08,69.53
2011-03-09,55.25
2011-03-10,126.43
2011-03-11,63.56
2011-03-12,79.59
2011-03-13,46.71
2011-03-14,34.98
2011-03-15,61.8
2011-03-16,54.34
2011-03-17,44.38
2011-03-18,32.14
2011-03-19,150.85
2011-03-20,337.98
2011-03-21,578.93
2011-03-22,504.37
2011-03-23,330.82
2011-03-24,236.54
2011-03-25,331.16
2011-03-26,254.48
2011-03-27,188.52
2011-03-28,214.85
2011-03-29,130.06
2011-03-30,253.98
2011-03-31,212.95
2011-04-01,135.3
2011-04-02,153.01
2011-04-03,195.32
2011-04-04,259.42
2011-04-05,189.98
2011-04-06,179.32
2011-04-07,486.24
2011-04-08,589.49
2011-04-09,739.35
2011-04-10,671.93
2011-04-11,537.92
2011-04-12,649.72
2011-04-13,594.45
2011-04-14,656.8
2011-04-15,637.05
2011-04-16,693.71
2011-04-17,457.44
2011-04-18,597.49
2011-04-19,501.74
2011-04-20,533.63
2011-04-21,478.52
2011-04-22,412.91
2011-04-23,334.64
2011-04-24,520.19
2011-04-25,317.03
2011-04-26,328.69
2011-04-27,365.3
2011-04-28,404.73
2011-04-29,314.56
2011-04-30,446.78
2011-05-01,309.7
2011-05-02,307.68
2011-05-03,324.08
2011-05-04,228.52
2011-05-05,214.33
2011-05-06,258.82
2011-05-07,796.54
2011-05-08,481.83
2011-05-09,498.87
2011-05-10,519.69
2011-05-11,637.01
2011-05-12,413.35
2011-05-13,388.54
2011-05-14,335.15
2011-05-15,240.71
2011-05-16,234.39
2011-05-17,302.81
2011-05-18,293.21
2011-05-19,261.01
2011-05-20,211.64
2011-05-21,254.99
2011-05-22,395.91
2011-05-23,350.65
2011-05-24,293.22
2011-05-25,258.57
2011-05-26,271.18
2011-05-27,696.82
2011-05-28,478.76
2011-05-29,765.13
2011-05-30,725.34
2011-05-31,608.15
2011-06-01,511.22
2011-06-02,436.37
2011-06-03,335.78
2011-06-04,307.42
2011-06-05,398.15
2011-06-06,327.96
2011-06-07,292.26
2011-06-08,450.89
2011-06-09,326.66
2011-06-10,410.22
2011-06-11,366.68
2011-06-12,297.92
2011-06-13,259.06
2011-06-14,363.42
2011-06-15,316.53
2011-06-16,340.91
2011-06-17,349.33
2011-06-18,335.79
2011-06-19,538.85
2011-06-20,398.17
2011-06-21,342.07
2011-06-22,337.94
2011-06-23,459.29
2011-06-24,538.67
2011-06-25,1178.35
2011-06-26,776.04
2011-06-27,598.86
2011-06-28,384.0
2011-06-29,328.03
2011-06-30,353.88
2011-07-01,373.75
2011-07-02,316.54
2011-07-03,310.84
2011-07-04,347.85
2011-07-05,286.45
2011-07-06,823.14
2011-07-07,486.39
2011-07-08,352.94
2011-07-09,508.89
2011-07-10,477.77
2011-07-11,355.95
2011-07-12,369.91
2011-07-13,532.03
2011-07-14,464.45
2011-07-15,381.35
2011-07-16,311.71
2011-07-17,381.06
2011-07-18,257.43
2011-07-19,436.23
2011-07-20,344.9
2011-07-21,345.37
2011-07-22,271.19
2011-07-23,348.02
2011-07-24,460.81
2011-07-25,496.47
2011-07-26,683.04
2011-07-27,498.39
2011-07-28,773.65
2011-07-29,595.9
2011-07-30,489.56
2011-07-31,368.1
2011-08-01,295.03
2011-08-02,285.33
2011-08-03,347.56
2011-08-04,322.08
2011-08-05,323.56
2011-08-06,297.86
2011-08-07,482.73
2011-08-08,316.87
2011-08-09,481.74
2011-08-10,525.06
2011-08-11,541.48
2011-08-12,406.51
2011-08-13,353.29
2011-08-14,359.37
2011-08-15,368.42
2011-08-16,579.35
2011-08-17,455.79
2011-08-18,442.69
2011-08-19,346.29
2011-08-20,294.6
2011-08-21,242.04
2011-08-22,286.48
2011-08-23,267.19
2011-08-24,392.75
2011-08-25,285.12
2011-08-26,322.03
2011-08-27,589.37
2011-08-28,627.13
2011-08-29,500.55
2011-08-30,381.73
2011-08-31,343.26
2011-09-01,406.93
2011-09-02,288.43
2011-09-03,285.8
2011-09-04,212.06
2011-09-05,200.1
2011-09-06,182.94
2011-09-07,361.53
2011-09-08,379.19
2011-09-09,292.74
2011-09-10,359.86
2011-09-11,412.08
2011-09-12,376.37
2011-09-13,817.04
2011-09-14,586.53
2011-09-15,636.04
2011-09-16,349.45
2011-09-17,361.2
2011-09-18,614.21
2011-09-19,407.71
2011-09-20,838.07
2011-09-21,404.64
2011-09-22,352.11
2011-09-23,552.07
2011-09-24,336.6
2011-09-25,437.54
2011-09-26,581.66
2011-09-27,426.15
2011-09-28,306.91
2011-09-29,646.06
2011-09-30,363.95
2011-10-01,367.81
2011-10-02,278.58
2011-10-03,317.68
2011-10-04,386.77
2011-10-05,335.36
2011-10-06,791.06
2011-10-07,897.36
2011-10-08,574.19
2011-10-09,407.06
2011-10-10,436.49
2011-10-11,423.39
2011-10-12,467.33
2011-10-13,504.02
2011-10-14,362.79
2011-10-15,388.64
2011-10-16,294.43
2011-10-17,362.71
2011-10-18,224.65
2011-10-19,243.12
2011-10-20,87.44
2011-10-21,186.19
2011-10-22,135.75
2011-10-23,155.1
2011-10-24,143.3
2011-10-25,193.61
2011-10-26,168.8
2011-10-27,216.58
2011-10-28,284.43
2011-10-29,219.13
2011-10-30,280.7
2011-10-31,257.59
2011-11-01,307.58
2011-11-02,206.05
2011-11-03,227.39
2011-11-04,171.67
2011-11-05,306.6
2011-11-06,360.47
2011-11-07,475.3
2011-11-08,371.19
2011-11-09,375.93
2011-11-10,324.38
2011-11-11,323.69
2011-11-12,271.49
2011-11-13,296.72
2011-11-14,593.99
2011-11-15,408.72
2011-11-16,535.49
2011-11-17,440.21
2011-11-18,505.89
2011-11-19,515.28
2011-11-20,433.93
2011-11-21,341.1
2011-11-22,328.27
2011-11-23,274.86
2011-11-24,569.85
2011-11-25,445.98
2011-11-26,540.45
2011-11-27,482.88
2011-11-28,393.27
2011-11-29,341.37
2011-11-30,383.55
2011-12-01,368.45
2011-12-02,362.69
2011-12-03,357.07
2011-12-04,292.67
2011-12-05,284.08
2011-12-06,278.14
2011-12-07,516.81
2011-12-08,671.27
2011-12-09,430.37
2011-12-10,415.57
2011-12-11,320.75
2011-12-12,316.74
2011-12-13,537.86
2011-12-14,465.35
2011-12-15,522.43
2011-12-16,539.73
2011-12-17,498.6
2011-12-18,543.37
2011-12-19,422.13
2011-12-20,448.12
2011-12-21,371.45
2011-12-22,328.26
2011-12-23,320.47
2011-12-24,360.51
2011-12-25,312.88
2011-12-26,294.5
2011-12-27,287.39
2011-12-28,392.76
2011-12-29,330.94
2011-12-30,318.98
2011-12-31,267.61
2012-01-01,232.51
2012-01-02,254.39
2012-01-03,362.17
2012-01-04,283.52
2012-01-05,265.62
2012-01-06,286.14
2012-01-07,296.32
2012-01-08,282.77
2012-01-09,224.66
2012-01-10,149.68
2012-01-11,163.31
2012-01-12,131.84
2012-01-13,164.32
2012-01-14,124.27
2012-01-15,130.32
2012-01-16,127.71
2012-01-17,142.51
2012-01-18,117.0
2012-01-19,123.47
2012-01-20,118.33
2012-01-21,99.94
2012-01-22,150.85
2012-01-23,82.88
2012-01-24,101.37
2012-01-25,105.21
2012-01-26,92.94
2012-01-27,236.63
2012-01-28,149.93
2012-01-29,207.53
2012-01-30,289.85
2012-01-31,219.26
2012-02-01,180.05
2012-02-02,138.69
2012-02-03,117.82
2012-02-04,111.51
2012-02-05,109.06
2012-02-06,98.38
2012-02-07,91.86
2012-02-08,93.1
2012-02-09,150.66
2012-02-10,120.57
2012-02-11,82.42
2012-02-12,132.19
2012-02-13,75.12
2012-02-14,87.23
2012-02-15,44.87
2012-02-16,65.01
2012-02-17,45.06
2012-02-18,62.31
2012-02-19,52.37
2012-02-20,53.76
2012-02-21,34.84
2012-02-22,57.17
2012-02-23,38.17
2012-02-24,44.31
2012-02-25,38.75
2012-02-26,56.97
2012-02-27,26.77
2012-02-28,56.6
2012-02-29,53.97
2012-03-01,44.38
2012-03-02,45.22
2012-03-03,44.71
2012-03-04,45.92
2012-03-05,118.72
2012-03-06,73.65
2012-03-07,110.0
2012-03-08,107.15
2012-03-09,58.91
2012-03-10,57.96
2012-03-11,57.8
2012-03-12,26.47
2012-03-13,119.62
2012-03-14,117.46
2012-03-15,109.8
2012-03-16,102.87
2012-03-17,127.47
2012-03-18,95.69
2012-03-19,141.67
2012-03-20,297.61
2012-03-21,176.09
2012-03-22,237.82
2012-03-23,159.66
2012-03-24,161.42
2012-03-25,183.18
2012-03-26,273.69
2012-03-27,140.7
2012-03-28,135.2
2012-03-29,99.31
2012-03-30,328.54
2012-03-31,217.81
2012-04-01,305.75
2012-04-02,239.93
2012-04-03,300.02
2012-04-04,270.39
2012-04-05,210.33
2012-04-06,218.1
2012-04-07,389.79
2012-04-08,844.18
2012-04-09,698.5
2012-04-10,423.93
2012-04-11,271.25
2012-04-12,209.41
2012-04-13,159.09
2012-04-14,300.9
2012-04-15,244.62
2012-04-16,215.7
2012-04-17,229.29
2012-04-18,205.99
2012-04-19,242.79
2012-04-20,305.29
2012-04-21,421.91
2012-04-22,393.19
2012-04-23,372.26
2012-04-24,938.33
2012-04-25,571.0
2012-04-26,994.27
2012-04-27,720.59
2012-04-28,1616.57
2012-04-29,846.8
2012-04-30,725.8
2012-05-01,788.71
2012-05-02,604.44
2012-05-03,823.89
2012-05-04,541.15
2012-05-05,439.75
2012-05-06,483.22
2012-05-07,641.25
2012-05-08,581.77
2012-05-09,478.49
2012-05-10,370.87
2012-05-11,650.25
2012-05-12,562.24
2012-05-13,797.74
2012-05-14,601.7
2012-05-15,436.71
2012-05-16,399.5
2012-05-17,389.8
2012-05-18,497.91
2012-05-19,363.92
2012-05-20,388.99
2012-05-21,316.65
2012-05-22,394.8
2012-05-23,340.23
2012-05-24,255.81
2012-05-25,310.57
2012-05-26,251.54
2012-05-27,343.26
2012-05-28,500.42
2012-05-29,330.95
2012-05-30,251.11
2012-05-31,322.08
2012-06-01,632.7
2012-06-02,390.97
2012-06-03,714.5
2012-06-04,502.63
2012-06-05,625.86
2012-06-06,414.49
2012-06-07,319.49
2012-06-08,438.87
2012-06-09,401.85
2012-06-10,354.57
2012-06-11,365.19
2012-06-12,575.82
2012-06-13,414.12
2012-06-14,350.78
2012-06-15,308.62
2012-06-16,334.56
2012-06-17,272.82
2012-06-18,231.65
2012-06-19,223.79
2012-06-20,181.83
2012-06-21,344.48
2012-06-22,266.8
2012-06-23,239.14
2012-06-24,422.51
2012-06-25,360.25
2012-06-26,323.79
2012-06-27,269.25
2012-06-28,236.37
2012-06-29,292.94
2012-06-30,266.34
2012-07-01,263.0
2012-07-02,216.81
2012-07-03,230.2
2012-07-04,333.14
2012-07-05,306.14
2012-07-06,337.55
2012-07-07,367.87
2012-07-08,523.81
2012-07-09,340.27
2012-07-10,416.45
2012-07-11,339.68
2012-07-12,318.61
2012-07-13,317.08
2012-07-14,361.17
2012-07-15,314.72
2012-07-16,288.58
2012-07-17,344.05
2012-07-18,396.01
2012-07-19,370.73
2012-07-20,626.13
2012-07-21,394.42
2012-07-22,477.35
2012-07-23,803.5
2012-07-24,682.36
2012-07-25,560.73
2012-07-26,431.33
2012-07-27,573.68
2012-07-28,523.48
2012-07-29,466.84
2012-07-30,410.02
2012-07-31,315.85
2012-08-01,245.65
2012-08-02,281.45
2012-08-03,286.09
2012-08-04,232.4
2012-08-05,351.55
2012-08-06,328.0
2012-08-07,308.82
2012-08-08,288.95
2012-08-09,288.78
2012-08-10,371.62
2012-08-11,484.82
2012-08-12,532.54
2012-08-13,570.75
2012-08-14,584.73
2012-08-15,513.43
2012-08-16,422.16
2012-08-17,427.93
2012-08-18,479.76
2012-08-19,433.23
2012-08-20,527.43
2012-08-21,378.53
2012-08-22,270.02
2012-08-23,360.24
2012-08-24,417.7
2012-08-25,369.38
2012-08-26,229.83
2012-08-27,231.52
2012-08-28,272.93
2012-08-29,302.62
2012-08-30,354.63
2012-08-31,264.76
2012-09-01,247.9
2012-09-02,312.33
2012-09-03,415.97
2012-09-04,552.48
2012-09-05,526.23
2012-09-06,995.17
2012-09-07,473.91
2012-09-08,353.76
2012-09-09,384.76
2012-09-10,271.92
2012-09-11,297.63
2012-09-12,266.61
2012-09-13,294.83
2012-09-14,296.77
2012-09-15,242.88
2012-09-16,343.24
2012-09-17,373.36
2012-09-18,274.78
2012-09-19,285.16
2012-09-20,516.09
2012-09-21,332.02
2012-09-22,312.71
2012-09-23,376.81
2012-09-24,540.79
2012-09-25,356.2
2012-09-26,319.79
2012-09-27,386.79
2012-09-28,326.77
2012-09-29,247.99
2012-09-30,443.08
2012-10-01,275.19
2012-10-02,265.48
2012-10-03,172.48
2012-10-04,218.85
2012-10-05,211.08
2012-10-06,255.67
2012-10-07,301.17
2012-10-08,794.55
2012-10-09,428.36
2012-10-10,402.91
2012-10-11,307.04
2012-10-12,273.62
2012-10-13,340.03
2012-10-14,604.65
2012-10-15,407.0
2012-10-16,312.62
2012-10-17,269.23
2012-10-18,335.12
2012-10-19,292.81
2012-10-20,234.33
2012-10-21,619.83
2012-10-22,637.65
2012-10-23,386.57
2012-10-24,304.04
2012-10-25,257.37
2012-10-26,213.63
2012-10-27,247.24
2012-10-28,234.8
2012-10-29,741.04
2012-10-30,920.33
2012-10-31,583.5
2012-11-01,495.53
2012-11-02,528.0
2012-11-03,427.5
2012-11-04,309.27
2012-11-05,314.26
2012-11-06,371.42
2012-11-07,328.01
2012-11-08,255.51
2012-11-09,285.93
2012-11-10,376.46
2012-11-11,297.44
2012-11-12,276.7
2012-11-13,266.37
2012-11-14,236.68
2012-11-15,294.64
2012-11-16,263.05
2012-11-17,266.09
2012-11-18,452.76
2012-11-19,304.99
2012-11-20,304.81
2012-11-21,258.21
2012-11-22,303.11
2012-11-23,284.29
2012-11-24,322.96
2012-11-25,299.11
2012-11-26,308.22
2012-11-27,322.52
2012-11-28,235.64
2012-11-29,149.08
2012-11-30,174.67
2012-12-01,245.55
2012-12-02,460.99
2012-12-03,316.98
2012-12-04,272.15
2012-12-05,222.58
2012-12-06,224.47
2012-12-07,239.19
2012-12-08,207.55
2012-12-09,187.56
2012-12-10,155.6
2012-12-11,160.29
2012-12-12,178.13
2012-12-13,196.81
2012-12-14,157.78
2012-12-15,187.03
2012-12-16,226.18
2012-12-17,176.31
2012-12-18,165.46
2012-12-19,105.14
2012-12-20,105.58
2012-12-21,137.24
2012-12-22,226.16
2012-12-23,244.92
2012-12-24,219.86
2012-12-25,215.79
2012-12-26,130.23
2012-12-27,109.51
2012-12-28,112.9
2012-12-29,155.84
2012-12-30,139.7
2012-12-31,118.87
2013-01-01,107.99
2013-01-02,121.29
2013-01-03,160.0
2013-01-04,116.92
2013-01-05,129.73
2013-01-06,100.82
2013-01-07,91.34
2013-01-08,65.33
2013-01-09,54.42
2013-01-10,73.28
2013-01-11,77.68
2013-01-12,83.67
2013-01-13,68.32
2013-01-14,68.6
2013-01-15,68.04
2013-01-16,58.64
2013-01-17,68.55
2013-01-18,58.86
2013-01-19,68.48
2013-01-20,49.72
2013-01-21,59.28
2013-01-22,48.17
2013-01-23,25.11
2013-01-24,12.19
2013-01-25,52.14
2013-01-26,56.99
2013-01-27,35.28
2013-01-28,27.87
2013-01-29,31.15
2013-01-30,44.48
2013-01-31,35.05
2013-02-01,41.11
2013-02-02,59.3
2013-02-03,50.07
2013-02-04,132.15
2013-02-05,77.49
2013-02-06,64.49
2013-02-07,30.2
2013-02-08,54.76
2013-02-09,68.63
2013-02-10,95.48
2013-02-11,101.24
2013-02-12,64.26
2013-02-13,56.95
2013-02-14,44.59
2013-02-15,37.49
2013-02-16,57.32
2013-02-17,74.7
2013-02-18,54.18
2013-02-19,38.78
2013-02-20,40.85
2013-02-21,51.49
2013-02-22,38.11
2013-02-23,75.6
2013-02-24,59.74
2013-02-25,32.46
2013-02-26,22.79
2013-02-27,41.61
2013-02-28,23.05
2013-03-01,55.78
2013-03-02,35.96
2013-03-03,845.91
2013-03-04,292.19
2013-03-05,184.31
2013-03-06,186.99
2013-03-07,158.08
2013-03-08,116.9
2013-03-09,128.96
2013-03-10,261.86
2013-03-11,157.35
2013-03-12,195.26
2013-03-13,189.6
2013-03-14,794.82
2013-03-15,1185.27
2013-03-16,1061.12
2013-03-17,746.63
2013-03-18,566.4
2013-03-19,412.92
2013-03-20,415.56
2013-03-21,774.63
2013-03-22,516.54
2013-03-23,313.76
2013-03-24,166.9
2013-03-25,196.69
2013-03-26,179.23
2013-03-27,407.81
2013-03-28,583.84
2013-03-29,802.37
2013-03-30,927.26
2013-03-31,576.62
2013-04-01,387.73
2013-04-02,358.67
2013-04-03,254.74
2013-04-04,189.34
2013-04-05,131.24
2013-04-06,177.16
2013-04-07,81.88
2013-04-08,138.04
2013-04-09,210.01
2013-04-10,207.56
2013-04-11,242.96
2013-04-12,219.7
2013-04-13,285.1
2013-04-14,219.6
2013-04-15,263.82
2013-04-16,209.54
2013-04-17,274.93
2013-04-18,209.05
2013-04-19,234.9
2013-04-20,196.02
2013-04-21,197.64
2013-04-22,272.11
2013-04-23,695.0
2013-04-24,394.95
2013-04-25,387.72
2013-04-26,818.82
2013-04-27,533.92
2013-04-28,384.46
2013-04-29,431.96
2013-04-30,329.22
2013-05-01,304.99
2013-05-02,387.51
2013-05-03,383.15
2013-05-04,383.06
2013-05-05,335.01
2013-05-06,298.95
2013-05-07,377.21
2013-05-08,318.09
2013-05-09,576.32
2013-05-10,392.26
2013-05-11,297.86
2013-05-12,254.31
2013-05-13,282.09
2013-05-14,374.78
2013-05-15,1189.52
2013-05-16,541.41
2013-05-17,419.78
2013-05-18,394.45
2013-05-19,394.29
2013-05-20,368.55
2013-05-21,406.23
2013-05-22,638.89
2013-05-23,785.39
2013-05-24,503.05
2013-05-25,402.49
2013-05-26,441.78
2013-05-27,467.25
2013-05-28,348.36
2013-05-29,308.25
2013-05-30,331.37
2013-05-31,356.33
2013-06-01,292.13
2013-06-02,270.6
2013-06-03,474.63
2013-06-04,499.02
2013-06-05,365.69
2013-06-06,342.38
2013-06-07,308.46
2013-06-08,423.69
2013-06-09,422.71
2013-06-10,555.88
2013-06-11,612.98
2013-06-12,544.21
2013-06-13,582.62
2013-06-14,533.12
2013-06-15,462.48
2013-06-16,331.22
2013-06-17,301.81
2013-06-18,339.08
2013-06-19,406.98
2013-06-20,332.31
2013-06-21,338.63
2013-06-22,299.21
2013-06-23,338.62
2013-06-24,330.18
2013-06-25,329.72
2013-06-26,280.21
2013-06-27,246.02
2013-06-28,427.07
2013-06-29,303.0
2013-06-30,396.9
2013-07-01,300.02
2013-07-02,321.7
2013-07-03,273.23
2013-07-04,222.53
2013-07-05,207.03
2013-07-06,222.21
2013-07-07,299.84
2013-07-08,412.67
2013-07-09,380.66
2013-07-10,624.96
2013-07-11,411.06
2013-07-12,321.14
2013-07-13,302.76
2013-07-14,295.47
2013-07-15,344.51
2013-07-16,257.84
2013-07-17,329.35
2013-07-18,242.54
2013-07-19,247.62
2013-07-20,273.04
2013-07-21,361.01
2013-07-22,356.0
2013-07-23,247.58
2013-07-24,225.71
2013-07-25,252.05
2013-07-26,356.6
2013-07-27,390.12
2013-07-28,566.2
2013-07-29,808.68
2013-07-30,587.58
2013-07-31,708.82
2013-08-01,619.55
2013-08-02,468.37
2013-08-03,358.04
2013-08-04,599.94
2013-08-05,426.27
2013-08-06,337.63
2013-08-07,461.03
2013-08-08,531.27
2013-08-09,439.25
2013-08-10,405.33
2013-08-11,518.18
2013-08-12,450.23
2013-08-13,480.36
2013-08-14,378.02
2013-08-15,346.38
2013-08-16,550.61
2013-08-17,448.9
2013-08-18,386.82
2013-08-19,467.92
2013-08-20,511.42
2013-08-21,601.14
2013-08-22,877.36
2013-08-23,717.52
2013-08-24,801.08
2013-08-25,567.6
2013-08-26,455.53
2013-08-27,422.51
2013-08-28,437.81
2013-08-29,492.3
2013-08-30,552.47
2013-08-31,783.81
2013-09-01,1214.65
2013-09-02,781.93
2013-09-03,824.4
2013-09-04,593.55
2013-09-05,888.52
2013-09-06,1028.38
2013-09-07,635.38
2013-09-08,447.39
2013-09-09,475.05
2013-09-10,419.02
2013-09-11,367.51
2013-09-12,526.14
2013-09-13,568.08
2013-09-14,502.89
2013-09-15,402.64
2013-09-16,667.45
2013-09-17,678.5
2013-09-18,571.66
2013-09-19,475.63
2013-09-20,351.04
2013-09-21,375.17
2013-09-22,470.01
2013-09-23,296.21
2013-09-24,290.0
2013-09-25,280.07
2013-09-26,317.66
2013-09-27,356.64
2013-09-28,561.04
2013-09-29,517.41
2013-09-30,602.66
2013-10-01,487.62
2013-10-02,423.57
2013-10-03,664.85
2013-10-04,563.12
2013-10-05,411.36
2013-10-06,319.08
2013-10-07,332.45
2013-10-08,664.96
2013-10-09,447.27
2013-10-10,388.96
2013-10-11,426.85
2013-10-12,401.27
2013-10-13,337.87
2013-10-14,369.34
2013-10-15,321.27
2013-10-16,439.12
2013-10-17,380.79
2013-10-18,479.38
2013-10-19,476.76
2013-10-20,378.88
2013-10-21,363.69
2013-10-22,338.73
2013-10-23,288.91
2013-10-24,380.92
2013-10-25,379.46
2013-10-26,362.49
2013-10-27,375.98
2013-10-28,327.81
2013-10-29,388.63
2013-10-30,272.58
2013-10-31,250.3
2013-11-01,229.61
2013-11-02,226.85
2013-11-03,206.09
2013-11-04,278.55
2013-11-05,369.4
2013-11-06,316.24
2013-11-07,470.46
2013-11-08,429.23
2013-11-09,426.81
2013-11-10,416.62
2013-11-11,319.83
2013-11-12,410.19
2013-11-13,348.56
2013-11-14,419.93
2013-11-15,393.35
2013-11-16,352.36
2013-11-17,295.24
2013-11-18,280.24
2013-11-19,278.52
2013-11-20,283.18
2013-11-21,267.53
2013-11-22,298.93
2013-11-23,274.96
2013-11-24,293.31
2013-11-25,317.16
2013-11-26,354.82
2013-11-27,270.72
2013-11-28,335.75
2013-11-29,256.87
2013-11-30,343.84
2013-12-01,280.13
2013-12-02,390.07
2013-12-03,349.47
2013-12-04,440.78
2013-12-05,319.05
2013-12-06,321.87
2013-12-07,348.06
2013-12-08,380.34
2013-12-09,519.31
2013-12-10,355.69
2013-12-11,313.28
2013-12-12,251.16
2013-12-13,275.43
2013-12-14,257.76
2013-12-15,301.52
2013-12-16,240.38
2013-12-17,306.67
2013-12-18,337.67
2013-12-19,288.6
2013-12-20,227.13
2013-12-21,198.42
2013-12-22,186.53
2013-12-23,182.71
2013-12-24,167.62
2013-12-25,171.62
2013-12-26,157.49
2013-12-27,147.79
2013-12-28,145.4
2013-12-29,113.91
2013-12-30,121.52
2013-12-31,109.31
2014-01-01,223.08
2014-01-02,167.75
2014-01-03,309.02
2014-01-04,175.8
2014-01-05,155.21
2014-01-06,160.52
2014-01-07,144.47
2014-01-08,123.72
2014-01-09,108.31
2014-01-10,137.26
2014-01-11,122.19
2014-01-12,104.03
2014-01-13,83.18
2014-01-14,82.52
2014-01-15,81.41
2014-01-16,90.98
2014-01-17,86.03
2014-01-18,80.83
2014-01-19,81.56
2014-01-20,91.93
2014-01-21,98.18
2014-01-22,246.14
2014-01-23,192.05
2014-01-24,169.22
2014-01-25,130.62
2014-01-26,116.14
2014-01-27,88.73
2014-01-28,73.27
2014-01-29,107.51
2014-01-30,82.31
2014-01-31,79.94
2014-02-01,88.91
2014-02-02,74.46
2014-02-03,75.72
2014-02-04,64.65
2014-02-05,59.0
2014-02-06,61.23
2014-02-07,82.45
2014-02-08,59.75
2014-02-09,82.84
2014-02-10,81.57
2014-02-11,73.82
2014-02-12,62.34
2014-02-13,52.16
2014-02-14,72.39
2014-02-15,91.12
2014-02-16,70.47
2014-02-17,64.57
2014-02-18,60.27
2014-02-19,52.88
2014-02-20,58.27
2014-02-21,36.73
2014-02-22,44.33
2014-02-23,43.64
2014-02-24,44.54
2014-02-25,38.51
2014-02-26,48.92
2014-02-27,56.39
2014-02-28,64.82
2014-03-01,138.18
2014-03-02,111.39
2014-03-03,67.38
2014-03-04,44.93
2014-03-05,45.76
2014-03-06,38.54
2014-03-07,40.2
2014-03-08,53.52
2014-03-09,105.57
2014-03-10,68.33
2014-03-11,59.51
2014-03-12,43.14
2014-03-13,73.53
2014-03-14,72.21
2014-03-15,59.0
2014-03-16,55.66
2014-03-17,52.47
2014-03-18,255.18
2014-03-19,225.07
2014-03-20,152.59
2014-03-21,174.16
2014-03-22,179.67
2014-03-23,105.15
2014-03-24,85.14
2014-03-25,90.78
2014-03-26,198.54
2014-03-27,126.06
2014-03-28,91.2
2014-03-29,81.88
2014-03-30,52.44
2014-03-31,62.43
2014-04-01,62.08
2014-04-02,55.29
2014-04-03,108.08
2014-04-04,83.01
2014-04-05,81.7
2014-04-06,100.5
2014-04-07,80.5
2014-04-08,69.36
2014-04-09,75.8
2014-04-10,73.83
2014-04-11,77.96
2014-04-12,113.77
2014-04-13,152.85
2014-04-14,83.08
2014-04-15,89.77
2014-04-16,110.87
2014-04-17,110.61
2014-04-18,105.3
2014-04-19,164.36
2014-04-20,260.97
2014-04-21,145.31
2014-04-22,216.04
2014-04-23,323.39
2014-04-24,271.39
2014-04-25,268.85
2014-04-26,337.55
2014-04-27,253.48
2014-04-28,230.21
2014-04-29,176.9
2014-04-30,192.21
2014-05-01,256.13
2014-05-02,330.07
2014-05-03,347.38
2014-05-04,306.29
2014-05-05,363.31
2014-05-06,411.0
2014-05-07,392.0
2014-05-08,365.03
2014-05-09,373.93
2014-05-10,284.36
2014-05-11,272.17
2014-05-12,302.13
2014-05-13,229.44
2014-05-14,395.52
2014-05-15,274.23
2014-05-16,226.33
2014-05-17,255.39
2014-05-18,256.58
2014-05-19,295.85
2014-05-20,290.84
2014-05-21,241.83
2014-05-22,268.09
2014-05-23,308.48
2014-05-24,326.95
2014-05-25,243.5
2014-05-26,253.26
2014-05-27,324.81
2014-05-28,469.87
2014-05-29,780.27
2014-05-30,440.98
2014-05-31,399.6
2014-06-01,346.91
2014-06-02,501.87
2014-06-03,390.05
2014-06-04,334.11
2014-06-05,336.95
2014-06-06,280.82
2014-06-07,349.91
2014-06-08,320.05
2014-06-09,259.95
2014-06-10,503.99
2014-06-11,333.79
2014-06-12,290.63
2014-06-13,271.09
2014-06-14,541.69
2014-06-15,553.37
2014-06-16,490.92
2014-06-17,496.39
2014-06-18,583.63
2014-06-19,554.95
2014-06-20,852.21
2014-06-21,693.75
2014-06-22,448.32
2014-06-23,439.71
2014-06-24,865.97
2014-06-25,761.38
2014-06-26,643.56
2014-06-27,543.52
2014-06-28,385.4
2014-06-29,306.72
2014-06-30,384.91
2014-07-01,442.07
2014-07-02,376.17
2014-07-03,385.96
2014-07-04,422.38
2014-07-05,309.22
2014-07-06,350.38
2014-07-07,401.12
2014-07-08,350.56
2014-07-09,343.75
2014-07-10,358.79
2014-07-11,589.39
2014-07-12,370.06
2014-07-13,331.04
2014-07-14,390.93
2014-07-15,384.53
2014-07-16,327.25
2014-07-17,290.24
2014-07-18,319.89
2014-07-19,273.69
2014-07-20,285.53
2014-07-21,259.01
2014-07-22,265.72
2014-07-23,255.44
2014-07-24,251.93
2014-07-25,207.24
2014-07-26,191.5
2014-07-27,200.13
2014-07-28,192.53
2014-07-29,239.35
2014-07-30,313.73
2014-07-31,366.34
2014-08-01,230.68
2014-08-02,391.67
2014-08-03,270.54
2014-08-04,289.46
2014-08-05,223.32
2014-08-06,235.89
2014-08-07,348.69
2014-08-08,290.14
2014-08-09,262.3
2014-08-10,279.91
2014-08-11,232.11
2014-08-12,263.7
2014-08-13,323.73
2014-08-14,285.66
2014-08-15,242.52
2014-08-16,244.0
2014-08-17,239.26
2014-08-18,289.54
2014-08-19,341.21
2014-08-20,377.2
2014-08-21,365.23
2014-08-22,397.35
2014-08-23,338.35
2014-08-24,282.02
2014-08-25,385.51
2014-08-26,349.3
2014-08-27,866.19
2014-08-28,1009.25
2014-08-29,716.34
2014-08-30,577.19
2014-08-31,417.65
2014-09-01,346.3
2014-09-02,331.2
2014-09-03,325.99
2014-09-04,487.79
2014-09-05,548.42
2014-09-06,477.83
2014-09-07,401.38
2014-09-08,490.94
2014-09-09,409.91
2014-09-10,497.72
2014-09-11,553.19
2014-09-12,546.86
2014-09-13,519.05
2014-09-14,551.16
2014-09-15,475.74
2014-09-16,472.11
2014-09-17,542.58
2014-09-18,509.08
2014-09-19,488.41
2014-09-20,472.93
2014-09-21,404.28
2014-09-22,399.8
2014-09-23,360.13
2014-09-24,407.3
2014-09-25,485.35
2014-09-26,505.38
2014-09-27,418.2
2014-09-28,384.8
2014-09-29,336.15
2014-09-30,321.21
2014-10-01,353.44
2014-10-02,301.73
2014-10-03,313.76
2014-10-04,342.04
2014-10-05,329.87
2014-10-06,343.92
2014-10-07,517.8
2014-10-08,367.61
2014-10-09,365.39
2014-10-10,325.72
2014-10-11,336.42
2014-10-12,524.51
2014-10-13,423.74
2014-10-14,385.41
2014-10-15,368.79
2014-10-16,318.36
2014-10-17,435.52
2014-10-18,329.72
2014-10-19,683.86
2014-10-20,579.01
2014-10-21,530.89
2014-10-22,449.11
2014-10-23,425.89
2014-10-24,473.74
2014-10-25,378.96
2014-10-26,359.89
2014-10-27,318.45
2014-10-28,304.61
2014-10-29,330.34
2014-10-30,481.74
2014-10-31,443.71
2014-11-01,331.59
2014-11-02,379.61
2014-11-03,294.34
2014-11-04,386.49
2014-11-05,341.5
2014-11-06,414.42
2014-11-07,418.46
2014-11-08,476.13
2014-11-09,550.3
2014-11-10,634.91
2014-11-11,694.78
2014-11-12,551.66
2014-11-13,491.14
2014-11-14,428.11
2014-11-15,416.06
2014-11-16,374.06
2014-11-17,358.76
2014-11-18,361.36
2014-11-19,313.12
2014-11-20,278.88
2014-11-21,257.61
2014-11-22,252.43
2014-11-23,216.96
2014-11-24,231.72
2014-11-25,253.22
2014-11-26,231.46
2014-11-27,247.13
2014-11-28,222.94
2014-11-29,203.13
2014-11-30,335.42
2014-12-01,279.47
2014-12-02,223.45
2014-12-03,222.41
2014-12-04,194.13
2014-12-05,212.1
2014-12-06,197.62
2014-12-07,254.28
2014-12-08,387.9
2014-12-09,459.49
2014-12-10,363.58
2014-12-11,365.08
2014-12-12,344.92
2014-12-13,440.24
2014-12-14,355.15
2014-12-15,417.36
2014-12-16,363.18
2014-12-17,354.9
2014-12-18,319.47
2014-12-19,281.36
2014-12-20,265.66
2014-12-21,232.71
2014-12-22,216.3
2014-12-23,196.84
2014-12-24,188.78
2014-12-25,155.59
2014-12-26,143.93
2014-12-27,143.39
2014-12-28,131.21
2014-12-29,127.68
2014-12-30,121.4
2014-12-31,122.74
2015-01-01,113.62
2015-01-02,108.02
2015-01-03,105.2
2015-01-04,100.74
2015-01-05,100.67
2015-01-06,93.55
2015-01-07,92.88
2015-01-08,89.28
2015-01-09,88.54
2015-01-10,87.78
2015-01-11,86.56
2015-01-12,82.82
2015-01-13,85.55
2015-01-14,135.03
2015-01-15,95.42
2015-01-16,90.88
2015-01-17,89.63
2015-01-18,101.42
2015-01-19,230.05
2015-01-20,123.71
2015-01-21,203.97
2015-01-22,137.57
2015-01-23,135.91
2015-01-24,117.34
2015-01-25,127.81
2015-01-26,121.62
2015-01-27,127.21
2015-01-28,123.29
2015-01-29,115.91
2015-01-30,109.14
2015-01-31,94.73
2015-02-01,94.47
2015-02-02,99.85
2015-02-03,96.69
2015-02-04,98.49
2015-02-05,97.95
2015-02-06,129.6
2015-02-07,169.55
2015-02-08,279.71
2015-02-09,222.13
2015-02-10,222.56
2015-02-11,212.97
2015-02-12,175.8
2015-02-13,161.71
2015-02-14,167.59
2015-02-15,209.84
2015-02-16,186.22
2015-02-17,160.52
2015-02-18,138.84
2015-02-19,136.38
2015-02-20,126.02
2015-02-21,118.47
2015-02-22,114.19
2015-02-23,103.85
2015-02-24,114.48
2015-02-25,103.24
2015-02-26,98.34
2015-02-27,95.18
2015-02-28,109.27
2015-03-01,98.8
2015-03-02,112.72
2015-03-03,94.12
2015-03-04,84.55
2015-03-05,82.07
2015-03-06,82.8
2015-03-07,93.69
2015-03-08,81.76
2015-03-09,78.21
2015-03-10,75.54
2015-03-11,68.18
2015-03-12,67.3
2015-03-13,65.96
2015-03-14,63.77
2015-03-15,58.35
2015-03-16,60.91
2015-03-17,60.43
2015-03-18,59.84
2015-03-19,64.51
2015-03-20,63.22
2015-03-21,69.2
2015-03-22,56.37
2015-03-23,58.99
2015-03-24,54.87
2015-03-25,49.84
2015-03-26,50.16
2015-03-27,46.52
2015-03-28,50.37
2015-03-29,81.69
2015-03-30,75.95
2015-03-31,100.01
2015-04-01,98.74
2015-04-02,73.88
2015-04-03,102.44
2015-04-04,90.33
2015-04-05,169.6
2015-04-06,138.84
2015-04-07,135.81
2015-04-08,271.03
2015-04-09,136.85
2015-04-10,212.18
2015-04-11,238.98
2015-04-12,143.58
2015-04-13,115.15
2015-04-14,132.82
2015-04-15,134.7
2015-04-16,131.61
2015-04-17,204.88
2015-04-18,222.95
2015-04-19,201.51
2015-04-20,257.96
2015-04-21,271.24
2015-04-22,265.93
2015-04-23,195.45
2015-04-24,174.3
2015-04-25,528.56
2015-04-26,343.81
2015-04-27,265.25
2015-04-28,236.44
2015-04-29,233.29
2015-04-30,230.84
2015-05-01,169.13
2015-05-02,169.57
2015-05-03,173.08
2015-05-04,144.45
2015-05-05,154.9
2015-05-06,138.81
2015-05-07,201.87
2015-05-08,195.73
2015-05-09,167.64
2015-05-10,187.66
2015-05-11,160.15
2015-05-12,133.98
2015-05-13,122.64
2015-05-14,180.87
2015-05-15,169.93
2015-05-16,200.25
2015-05-17,839.49
2015-05-18,511.93
2015-05-19,632.32
2015-05-20,423.05
2015-05-21,482.15
2015-05-22,364.36
2015-05-23,319.87
2015-05-24,347.35
2015-05-25,459.59
2015-05-26,435.8
2015-05-27,401.75
2015-05-28,666.64
2015-05-29,673.24
2015-05-30,580.21
2015-05-31,476.21
2015-06-01,527.32
2015-06-02,451.24
2015-06-03,656.35
2015-06-04,531.73
2015-06-05,707.61
2015-06-06,525.52
2015-06-07,607.85
2015-06-08,696.79
2015-06-09,630.78
2015-06-10,615.23
2015-06-11,594.14
2015-06-12,448.89
2015-06-13,398.22
2015-06-14,424.97
2015-06-15,522.95
2015-06-16,390.64
2015-06-17,400.06
2015-06-18,319.58
2015-06-19,291.05
2015-06-20,335.97
2015-06-21,302.81
2015-06-22,373.02
2015-06-23,286.76
2015-06-24,423.0
2015-06-25,283.76
2015-06-26,316.78
2015-06-27,265.54
2015-06-28,230.44
2015-06-29,276.37
2015-06-30,317.5
2015-07-01,223.63
2015-07-02,193.41
2015-07-03,183.02
2015-07-04,188.44
2015-07-05,174.25
2015-07-06,182.17
2015-07-07,229.63
2015-07-08,263.16
2015-07-09,275.13
2015-07-10,276.92
2015-07-11,354.5
2015-07-12,443.78
2015-07-13,411.52
2015-07-14,325.65
2015-07-15,650.64
2015-07-16,404.82
2015-07-17,393.27
2015-07-18,321.15
2015-07-19,332.44
2015-07-20,543.35
2015-07-21,617.25
2015-07-22,589.68
2015-07-23,754.9
2015-07-24,558.11
2015-07-25,434.05
2015-07-26,334.29
2015-07-27,372.0
2015-07-28,308.7
2015-07-29,297.25
2015-07-30,272.21
2015-07-31,254.6
2015-08-01,410.34
2015-08-02,284.17
2015-08-03,267.45
2015-08-04,247.22
2015-08-05,244.47
2015-08-06,234.12
2015-08-07,209.27
2015-08-08,189.97
2015-08-09,202.32
2015-08-10,183.31
2015-08-11,193.66
2015-08-12,168.77
2015-08-13,150.45
2015-08-14,214.74
2015-08-15,263.08
2015-08-16,452.55
2015-08-17,400.4
2015-08-18,718.43
2015-08-19,386.62
2015-08-20,329.17
2015-08-21,334.27
2015-08-22,284.8
2015-08-23,317.76
2015-08-24,420.3
2015-08-25,729.28
2015-08-26,828.25
2015-08-27,525.34
2015-08-28,444.94
2015-08-29,430.77
2015-08-30,347.8
2015-08-31,300.56
2015-09-01,303.42
2015-09-02,268.08
2015-09-03,293.23
2015-09-04,280.74
2015-09-05,325.27
2015-09-06,311.17
2015-09-07,348.33
2015-09-08,303.21
2015-09-09,268.23
2015-09-10,329.82
2015-09-11,377.81
2015-09-12,331.53
2015-09-13,283.27
2015-09-14,252.14
2015-09-15,292.55
2015-09-16,275.73
2015-09-17,266.82
2015-09-18,262.03
2015-09-19,335.81
2015-09-20,313.13
2015-09-21,281.34
2015-09-22,264.07
2015-09-23,285.91
2015-09-24,438.5
2015-09-25,403.89
2015-09-26,323.28
2015-09-27,296.58
2015-09-28,351.18
2015-09-29,317.09
2015-09-30,410.02
2015-10-01,391.48
2015-10-02,385.42
2015-10-03,341.77
2015-10-04,317.04
2015-10-05,283.69
2015-10-06,306.35
2015-10-07,231.97
2015-10-08,256.8
2015-10-09,284.65
2015-10-10,271.42
2015-10-11,281.29
2015-10-12,269.08
2015-10-13,547.84
2015-10-14,428.06
2015-10-15,439.08
2015-10-16,663.54
2015-10-17,502.12
2015-10-18,708.12
2015-10-19,513.94
2015-10-20,487.64
2015-10-21,553.71
2015-10-22,443.49
2015-10-23,490.94
2015-10-24,388.93
2015-10-25,381.82
2015-10-26,340.06
2015-10-27,557.44
2015-10-28,397.66
2015-10-29,399.44
2015-10-30,449.15
2015-10-31,335.29
2015-11-01,322.91
2015-11-02,292.81
2015-11-03,341.1
2015-11-04,365.77
2015-11-05,384.21
2015-11-06,457.97
2015-11-07,392.79
2015-11-08,496.75
2015-11-09,463.0
2015-11-10,479.65
2015-11-11,448.23
2015-11-12,396.17
2015-11-13,386.72
2015-11-14,384.36
2015-11-15,575.06
2015-11-16,731.82
2015-11-17,779.86
2015-11-18,599.88
2015-11-19,478.74
2015-11-20,438.78
2015-11-21,425.17
2015-11-22,367.26
2015-11-23,324.56
2015-11-24,306.93
2015-11-25,284.38
2015-11-26,285.91
2015-11-27,309.87
2015-11-28,287.05
2015-11-29,252.46
2015-11-30,231.86
2015-12-01,232.78
2015-12-02,220.51
2015-12-03,222.87
2015-12-04,457.02
2015-12-05,294.01
2015-12-06,263.81
2015-12-07,321.31
2015-12-08,301.0
2015-12-09,260.02
2015-12-10,240.02
2015-12-11,221.64
2015-12-12,214.21
2015-12-13,201.83
2015-12-14,187.51
2015-12-15,187.05
2015-12-16,337.98
2015-12-17,485.18
2015-12-18,592.29
2015-12-19,498.41
2015-12-20,385.34
2015-12-21,324.16
2015-12-22,292.7
2015-12-23,236.31
2015-12-24,208.25
2015-12-25,196.22
2015-12-26,181.09
2015-12-27,173.06
2015-12-28,164.41
2015-12-29,156.0
2015-12-30,150.57
2015-12-31,148.73
2016-01-01,167.59
2016-01-02,196.63
2016-01-03,156.56
2016-01-04,161.45
2016-01-05,150.8
2016-01-06,177.07
2016-01-07,157.83
2016-01-08,149.73
2016-01-09,134.69
2016-01-10,122.92
2016-01-11,126.16
2016-01-12,117.93
2016-01-13,134.13
2016-01-14,118.49
2016-01-15,110.54
2016-01-16,105.7
2016-01-17,101.03
2016-01-18,101.02
2016-01-19,99.45
2016-01-20,94.19
2016-01-21,92.84
2016-01-22,90.92
2016-01-23,86.98
2016-01-24,92.56
2016-01-25,90.54
2016-01-26,84.21
2016-01-27,83.57
2016-01-28,81.59
2016-01-29,82.33
2016-01-30,77.84
2016-01-31,74.08
2016-02-01,74.31
2016-02-02,71.11
2016-02-03,72.64
2016-02-04,68.58
2016-02-05,83.14
2016-02-06,72.52
2016-02-07,71.09
2016-02-08,84.78
2016-02-09,110.42
2016-02-10,105.57
2016-02-11,117.11
2016-02-12,105.73
2016-02-13,87.42
2016-02-14,81.91
2016-02-15,82.1
2016-02-16,76.11
2016-02-17,75.5
2016-02-18,72.64
2016-02-19,71.31
2016-02-20,70.98
2016-02-21,71.55
2016-02-22,65.42
2016-02-23,70.27
2016-02-24,65.41
2016-02-25,67.67
2016-02-26,86.76
2016-02-27,64.86
2016-02-28,70.91
2016-02-29,72.82
2016-03-01,69.72
2016-03-02,66.05
2016-03-03,60.67
2016-03-04,61.66
2016-03-05,62.81
2016-03-06,60.8
2016-03-07,55.58
2016-03-08,59.5
2016-03-09,50.47
2016-03-10,59.6
2016-03-11,41.66
2016-03-12,45.47
2016-03-13,45.84
2016-03-14,44.8
2016-03-15,45.89
2016-03-16,38.49
2016-03-17,44.19
2016-03-18,43.34
2016-03-19,44.56
2016-03-20,48.47
2016-03-21,40.54
2016-03-22,64.32
2016-03-23,78.37
2016-03-24,52.36
2016-03-25,46.28
2016-03-26,44.61
2016-03-27,35.47
2016-03-28,37.75
2016-03-29,40.6
2016-03-30,38.07
2016-03-31,38.96
2016-04-01,40.56
2016-04-02,43.18
2016-04-03,60.75
2016-04-04,50.77
2016-04-05,48.36
2016-04-06,42.83
2016-04-07,55.28
2016-04-08,64.64
2016-04-09,83.07
2016-04-10,324.14
2016-04-11,256.05
2016-04-12,347.7
2016-04-13,299.95
2016-04-14,187.52
2016-04-15,143.32
2016-04-16,119.47
2016-04-17,119.09
2016-04-18,105.99
2016-04-19,300.7
2016-04-20,242.65
2016-04-21,239.8
2016-04-22,180.41
2016-04-23,280.51
2016-04-24,280.64
2016-04-25,214.39
2016-04-26,175.93
2016-04-27,229.58
2016-04-28,325.43
2016-04-29,239.47
2016-04-30,188.83
2016-05-01,228.4
2016-05-02,373.15
2016-05-03,264.66
2016-05-04,348.05
2016-05-05,235.56
2016-05-06,418.03
2016-05-07,414.31
2016-05-08,521.69
2016-05-09,536.86
2016-05-10,1144.66
2016-05-11,624.12
2016-05-12,442.12
2016-05-13,362.05
2016-05-14,366.29
2016-05-15,302.49
2016-05-16,285.51
2016-05-17,306.66
2016-05-18,268.86
2016-05-19,229.42
2016-05-20,216.45
2016-05-21,311.1
2016-05-22,431.88
2016-05-23,361.31
2016-05-24,607.78
2016-05-25,424.97
2016-05-26,499.83
2016-05-27,372.23
2016-05-28,351.49
2016-05-29,832.91
2016-05-30,448.66
2016-05-31,813.27
2016-06-01,618.09
2016-06-02,632.06
2016-06-03,663.38
2016-06-04,522.86
2016-06-05,423.77
2016-06-06,413.33
2016-06-07,380.0
2016-06-08,336.07
2016-06-09,459.2
2016-06-10,551.19
2016-06-11,726.04
2016-06-12,601.79
2016-06-13,461.68
2016-06-14,480.6
2016-06-15,550.19
2016-06-16,419.43
2016-06-17,421.21
2016-06-18,412.54
2016-06-19,554.28
2016-06-20,502.99
2016-06-21,537.14
2016-06-22,611.77
2016-06-23,733.48
2016-06-24,590.31
2016-06-25,532.84
2016-06-26,977.33
2016-06-27,553.5
2016-06-28,489.93
2016-06-29,466.25
2016-06-30,395.62
2016-07-01,415.11
2016-07-02,492.72
2016-07-03,552.82
2016-07-04,596.62
2016-07-05,630.33
2016-07-06,943.39
2016-07-07,672.65
2016-07-08,587.92
2016-07-09,475.03
2016-07-10,465.22
2016-07-11,401.59
2016-07-12,528.23
2016-07-13,546.37
2016-07-14,511.06
2016-07-15,563.08
2016-07-16,504.76
2016-07-17,504.46
2016-07-18,597.61
2016-07-19,453.2
2016-07-20,419.16
2016-07-21,447.78
2016-07-22,478.81
2016-07-23,551.94
2016-07-24,675.43
2016-07-25,652.81
2016-07-26,504.37
2016-07-27,469.84
2016-07-28,435.29
2016-07-29,498.78
2016-07-30,632.28
2016-07-31,519.11
2016-08-01,577.9
2016-08-02,494.56
2016-08-03,534.57
2016-08-04,621.35
2016-08-05,483.61
2016-08-06,473.39
2016-08-07,497.52
2016-08-08,373.89
2016-08-09,337.24
2016-08-10,403.18
2016-08-11,312.02
2016-08-12,320.07
2016-08-13,346.53
2016-08-14,303.16
2016-08-15,317.7
2016-08-16,452.01
2016-08-17,314.7
2016-08-18,424.7
2016-08-19,318.08
2016-08-20,421.77
2016-08-21,367.59
2016-08-22,330.17
2016-08-23,363.56
2016-08-24,400.95
2016-08-25,313.93
2016-08-26,311.32
2016-08-27,303.38
2016-08-28,348.1
2016-08-29,475.05
2016-08-30,333.15
2016-08-31,322.36
2016-09-01,323.67
2016-09-02,316.52
2016-09-03,276.86
2016-09-04,290.0
2016-09-05,343.63
2016-09-06,319.89
2016-09-07,309.41
2016-09-08,263.18
2016-09-09,318.85
2016-09-10,232.95
2016-09-11,477.92
2016-09-12,459.2
2016-09-13,351.46
2016-09-14,325.94
2016-09-15,329.31
2016-09-16,270.15
2016-09-17,262.2
2016-09-18,260.07
2016-09-19,241.77
2016-09-20,313.54
2016-09-21,275.48
2016-09-22,247.13
2016-09-23,310.49
2016-09-24,269.73
2016-09-25,290.06
2016-09-26,266.03
2016-09-27,327.1
2016-09-28,345.27
2016-09-29,274.67
2016-09-30,238.51
2016-10-01,230.97
2016-10-02,203.91
2016-10-03,207.01
2016-10-04,224.17
2016-10-05,213.27
2016-10-06,240.28
2016-10-07,227.17
2016-10-08,255.3
2016-10-09,448.88
2016-10-10,393.22
2016-10-11,298.14
2016-10-12,719.9
2016-10-13,493.26
2016-10-14,396.58
2016-10-15,401.11
2016-10-16,421.21
2016-10-17,378.09
2016-10-18,560.22
2016-10-19,414.48
2016-10-20,366.89
2016-10-21,530.89
2016-10-22,439.38
2016-10-23,435.17
2016-10-24,379.71
2016-10-25,334.57
2016-10-26,319.87
2016-10-27,274.97
2016-10-28,278.41
2016-10-29,643.21
2016-10-30,457.21
2016-10-31,413.28
2016-11-01,395.42
2016-11-02,370.93
2016-11-03,383.86
2016-11-04,401.91
2016-11-05,568.94
2016-11-06,703.68
2016-11-07,595.69
2016-11-08,657.89
2016-11-09,577.77
2016-11-10,642.08
2016-11-11,618.27
2016-11-12,683.33
2016-11-13,746.35
2016-11-14,599.67
2016-11-15,502.56
2016-11-16,460.97
2016-11-17,445.36
2016-11-18,451.08
2016-11-19,584.1
2016-11-20,495.31
2016-11-21,395.66
2016-11-22,330.96
2016-11-23,291.5
2016-11-24,374.32
2016-11-25,372.35
2016-11-26,474.8
2016-11-27,413.03
2016-11-28,357.68
2016-11-29,342.68
2016-11-30,359.23
2016-12-01,421.07
2016-12-02,430.62
2016-12-03,487.55
2016-12-04,506.47
2016-12-05,511.4
2016-12-06,462.54
2016-12-07,676.35
2016-12-08,563.87
2016-12-09,549.22
2016-12-10,696.45
2016-12-11,674.07
2016-12-12,698.23
2016-12-13,507.98
2016-12-14,505.32
2016-12-15,426.51
2016-12-16,480.53
2016-12-17,381.34
2016-12-18,335.32
2016-12-19,301.03
2016-12-20,257.78
2016-12-21,274.69
2016-12-22,300.88
2016-12-23,305.52
2016-12-24,272.78
2016-12-25,339.11
2016-12-26,358.22
2016-12-27,302.46
2016-12-28,284.42
2016-12-29,238.79
2016-12-30,450.34
2016-12-31,299.06
2017-01-01,268.31
2017-01-02,255.33
2017-01-03,227.68
2017-01-04,210.63
2017-01-05,199.06
2017-01-06,191.21
2017-01-07,182.3
2017-01-08,244.95
2017-01-09,259.58
2017-01-10,223.84
2017-01-11,206.74
2017-01-12,201.79
2017-01-13,184.35
2017-01-14,168.63
2017-01-15,160.62
2017-01-16,151.87
2017-01-17,141.49
2017-01-18,141.99
2017-01-19,129.21
2017-01-20,126.77
2017-01-21,121.27
2017-01-22,114.57
2017-01-23,112.61
2017-01-24,117.37
2017-01-25,112.26
2017-01-26,108.67
2017-01-27,103.85
2017-01-28,107.39
2017-01-29,100.79
2017-01-30,130.62
2017-01-31,107.55
2017-02-01,106.29
2017-02-02,103.65
2017-02-03,99.66
2017-02-04,96.33
2017-02-05,92.65
2017-02-06,95.78
2017-02-07,91.9
2017-02-08,87.91
2017-02-09,83.96
2017-02-10,80.69
2017-02-11,84.68
2017-02-12,76.75
2017-02-13,72.99
2017-02-14,73.47
2017-02-15,71.74
2017-02-16,68.43
2017-02-17,72.62
2017-02-18,73.06
2017-02-19,71.64
2017-02-20,67.68
2017-02-21,67.15
2017-02-22,67.66
2017-02-23,66.12
2017-02-24,65.73
2017-02-25,62.79
2017-02-26,57.53
2017-02-27,66.54
2017-02-28,69.07
2017-03-01,65.0
2017-03-02,85.48
2017-03-03,90.44
2017-03-04,88.52
2017-03-05,90.71
2017-03-06,163.46
2017-03-07,198.59
2017-03-08,170.56
2017-03-09,136.84
2017-03-10,180.72
2017-03-11,138.95
2017-03-12,234.71
2017-03-13,198.76
2017-03-14,159.47
2017-03-15,183.16
2017-03-16,160.31
2017-03-17,135.79
2017-03-18,121.92
2017-03-19,117.14
2017-03-20,104.42
2017-03-21,96.41
2017-03-22,93.45
2017-03-23,298.53
2017-03-24,277.13
2017-03-25,202.25
2017-03-26,340.09
2017-03-27,277.03
2017-03-28,261.93
2017-03-29,224.72
2017-03-30,227.3
2017-03-31,234.39
2017-04-01,237.21
2017-04-02,194.43
2017-04-03,240.01
2017-04-04,190.24
2017-04-05,228.11
2017-04-06,179.11
2017-04-07,153.13
2017-04-08,158.86
2017-04-09,188.6
2017-04-10,168.75
2017-04-11,208.13
2017-04-12,182.0
2017-04-13,174.18
2017-04-14,327.98
2017-04-15,234.21
2017-04-16,228.33
2017-04-17,318.36
2017-04-18,239.49
2017-04-19,206.5
2017-04-20,186.49
2017-04-21,170.92
2017-04-22,162.24
2017-04-23,169.34
2017-04-24,242.81
2017-04-25,232.43
2017-04-26,361.09
2017-04-27,235.28
2017-04-28,193.68
2017-04-29,213.44
2017-04-30,238.22
2017-05-01,203.51
2017-05-02,223.58
2017-05-03,237.71
2017-05-04,245.23
2017-05-05,372.95
2017-05-06,501.14
2017-05-07,701.94
2017-05-08,947.16
2017-05-09,647.54
2017-05-10,580.67
2017-05-11,498.37
2017-05-12,407.92
2017-05-13,351.18
2017-05-14,365.29
2017-05-15,523.01
2017-05-16,781.86
2017-05-17,569.26
2017-05-18,522.42
2017-05-19,436.48
2017-05-20,485.2
2017-05-21,392.73
2017-05-22,357.01
2017-05-23,351.2
2017-05-24,313.21
2017-05-25,505.0
2017-05-26,335.77
2017-05-27,402.65
2017-05-28,403.73
2017-05-29,757.56
2017-05-30,507.28
2017-05-31,591.26
2017-06-01,585.13
2017-06-02,580.94
2017-06-03,443.52
2017-06-04,795.23
2017-06-05,637.72
2017-06-06,488.63
2017-06-07,594.97
2017-06-08,544.41
2017-06-09,531.11
2017-06-10,421.58
2017-06-11,470.16
2017-06-12,477.54
2017-06-13,453.97
2017-06-14,609.95
2017-06-15,606.66
2017-06-16,590.65
2017-06-17,746.42
2017-06-18,807.12
2017-06-19,720.11
2017-06-20,625.15
2017-06-21,745.79
2017-06-22,1307.38
2017-06-23,807.99
2017-06-24,656.56
2017-06-25,703.59
2017-06-26,586.51
2017-06-27,574.24
2017-06-28,621.23
2017-06-29,626.76
2017-06-30,681.93
2017-07-01,566.47
2017-07-02,731.28
2017-07-03,871.24
2017-07-04,690.66
2017-07-05,586.68
2017-07-06,603.94
2017-07-07,612.19
2017-07-08,518.18
2017-07-09,430.94
2017-07-10,444.02
2017-07-11,726.24
2017-07-12,841.14
2017-07-13,625.53
2017-07-14,646.49
2017-07-15,651.45
2017-07-16,643.83
2017-07-17,725.82
2017-07-18,672.12
2017-07-19,816.82
2017-07-20,643.34
2017-07-21,519.82
2017-07-22,452.68
2017-07-23,476.37
2017-07-24,494.15
2017-07-25,642.43
2017-07-26,697.07
2017-07-27,625.18
2017-07-28,542.1
2017-07-29,497.62
2017-07-30,569.18
2017-07-31,806.65
2017-08-01,703.37
2017-08-02,645.42
2017-08-03,549.36
2017-08-04,658.33
2017-08-05,566.29
2017-08-06,696.69
2017-08-07,608.15
2017-08-08,691.75
2017-08-09,535.73
2017-08-10,495.23
2017-08-11,681.21
2017-08-12,484.35
2017-08-13,418.53
2017-08-14,368.66
2017-08-15,331.84
2017-08-16,504.74
2017-08-17,386.47
2017-08-18,320.87
2017-08-19,366.54
2017-08-20,423.79
2017-08-21,368.78
2017-08-22,320.47
2017-08-23,398.57
2017-08-24,346.7
2017-08-25,415.54
2017-08-26,339.92
2017-08-27,370.13
2017-08-28,327.88
2017-08-29,329.28
2017-08-30,380.16
2017-08-31,432.66
2017-09-01,398.17
2017-09-02,379.1
2017-09-03,311.81
2017-09-04,314.56
2017-09-05,350.87
2017-09-06,364.87
2017-09-07,423.19
2017-09-08,576.45
2017-09-09,808.77
2017-09-10,761.98
2017-09-11,563.35
2017-09-12,595.06
2017-09-13,507.21
2017-09-14,530.48
2017-09-15,487.15
2017-09-16,443.86
2017-09-17,451.79
2017-09-18,387.51
2017-09-19,432.44
2017-09-20,712.74
2017-09-21,513.28
2017-09-22,501.17
2017-09-23,570.28
2017-09-24,704.78
2017-09-25,1083.7
2017-09-26,649.04
2017-09-27,755.19
2017-09-28,1131.48
2017-09-29,842.97
2017-09-30,685.77
2017-10-01,678.07
2017-10-02,778.32
2017-10-03,723.93
2017-10-04,697.8
2017-10-05,656.09
2017-10-06,553.68
2017-10-07,472.38
2017-10-08,422.3
2017-10-09,542.91
2017-10-10,367.47
2017-10-11,349.13
2017-10-12,317.99
2017-10-13,309.59
2017-10-14,308.02
2017-10-15,453.77
2017-10-16,353.77
2017-10-17,384.35
2017-10-18,478.34
2017-10-19,499.86
2017-10-20,447.09
2017-10-21,519.48
2017-10-22,734.28
2017-10-23,657.99
2017-10-24,676.95
2017-10-25,561.48
2017-10-26,464.03
2017-10-27,390.47
2017-10-28,364.47
2017-10-29,338.13
2017-10-30,313.06
2017-10-31,288.84
2017-11-01,272.73
2017-11-02,242.84
2017-11-03,247.95
2017-11-04,258.37
2017-11-05,259.83
2017-11-06,267.54
2017-11-07,275.66
2017-11-08,268.41
2017-11-09,238.54
2017-11-10,247.52
2017-11-11,308.47
2017-11-12,350.53
2017-11-13,481.11
2017-11-14,330.1
2017-11-15,466.58
2017-11-16,342.1
2017-11-17,327.78
2017-11-18,379.48
2017-11-19,334.6
2017-11-20,293.56
2017-11-21,299.32
2017-11-22,329.9
2017-11-23,374.27
2017-11-24,419.62
2017-11-25,404.32
2017-11-26,445.14
2017-11-27,409.9
2017-11-28,370.52
2017-11-29,505.95
2017-11-30,525.42
2017-12-01,448.22
2017-12-02,436.41
2017-12-03,409.26
2017-12-04,385.27
2017-12-05,459.81
2017-12-06,453.02
2017-12-07,385.38
2017-12-08,440.47
2017-12-09,429.09
2017-12-10,489.18
2017-12-11,448.29
2017-12-12,465.84
2017-12-13,512.41
2017-12-14,404.2
2017-12-15,337.65
2017-12-16,300.97
2017-12-17,278.37
2017-12-18,232.11
2017-12-19,228.88
2017-12-20,201.4
2017-12-21,189.71
2017-12-22,183.68
2017-12-23,183.72
2017-12-24,163.15
2017-12-25,180.45
2017-12-26,189.38
2017-12-27,162.97
2017-12-28,146.23
2017-12-29,173.9
2017-12-30,170.45
2017-12-31,172.85
2018-01-01,158.99
2018-01-02,207.51
2018-01-03,297.06
2018-01-04,294.1
2018-01-05,398.64
2018-01-06,294.21
2018-01-07,247.72
2018-01-08,229.15
2018-01-09,259.54
2018-01-10,213.84
2018-01-11,189.83
2018-01-12,223.83
2018-01-13,330.87
2018-01-14,288.07
2018-01-15,239.66
2018-01-16,258.1
2018-01-17,269.55
2018-01-18,348.12
2018-01-19,534.3
2018-01-20,321.33
2018-01-21,297.03
2018-01-22,279.43
2018-01-23,250.61
2018-01-24,238.83
2018-01-25,225.15
2018-01-26,257.97
2018-01-27,213.16
2018-01-28,189.58
2018-01-29,179.14
2018-01-30,174.29
2018-01-31,161.98
2018-02-01,155.57
2018-02-02,142.6
2018-02-03,140.37
2018-02-04,135.53
2018-02-05,126.66
2018-02-06,124.4
2018-02-07,122.19
2018-02-08,117.58
2018-02-09,108.99
2018-02-10,109.74
2018-02-11,103.03
2018-02-12,98.13
2018-02-13,116.43
2018-02-14,105.78
2018-02-15,95.88
2018-02-16,93.94
2018-02-17,92.27
2018-02-18,86.07
2018-02-19,80.57
2018-02-20,91.94
2018-02-21,81.7
2018-02-22,76.05
2018-02-23,76.08
2018-02-24,73.93
2018-02-25,75.95
2018-02-26,68.99
2018-02-27,68.74
2018-02-28,67.57
2018-03-01,67.18
2018-03-02,62.43
2018-03-03,67.72
2018-03-04,66.87
2018-03-05,64.23
2018-03-06,64.99
2018-03-07,60.12
2018-03-08,65.4
2018-03-09,74.33
2018-03-10,77.47
2018-03-11,58.32
2018-03-12,60.21
2018-03-13,67.04
2018-03-14,67.48
2018-03-15,79.49
2018-03-16,73.98
2018-03-17,70.75
2018-03-18,84.41
2018-03-19,83.11
2018-03-20,106.94
2018-03-21,137.15
2018-03-22,101.71
2018-03-23,157.27
2018-03-24,216.82
2018-03-25,202.35
2018-03-26,172.14
2018-03-27,130.05
2018-03-28,112.01
2018-03-29,126.51
2018-03-30,110.81
2018-03-31,144.23
2018-04-01,138.54
2018-04-02,159.67
2018-04-03,198.44
2018-04-04,209.29
2018-04-05,169.82
2018-04-06,159.48
2018-04-07,128.68
2018-04-08,118.49
2018-04-09,114.64
2018-04-10,134.76
2018-04-11,146.15
2018-04-12,164.59
2018-04-13,143.83
2018-04-14,151.99
2018-04-15,255.64
2018-04-16,277.61
2018-04-17,257.96
2018-04-18,410.46
2018-04-19,287.69
2018-04-20,254.62
2018-04-21,196.54
2018-04-22,176.94
2018-04-23,158.53
2018-04-24,252.26
2018-04-25,196.14
2018-04-26,248.02
2018-04-27,523.29
2018-04-28,307.33
2018-04-29,241.31
2018-04-30,240.8
2018-05-01,349.28
2018-05-02,248.24
2018-05-03,331.04
2018-05-04,289.69
2018-05-05,337.94
2018-05-06,411.03
2018-05-07,402.33
2018-05-08,518.4
2018-05-09,460.0
2018-05-10,445.47
2018-05-11,455.96
2018-05-12,356.0
2018-05-13,479.12
2018-05-14,431.64
2018-05-15,416.71
2018-05-16,335.78
2018-05-17,365.58
2018-05-18,479.98
2018-05-19,639.41
2018-05-20,1002.24
2018-05-21,685.41
2018-05-22,617.02
2018-05-23,733.81
2018-05-24,625.95
2018-05-25,746.89
2018-05-26,629.27
2018-05-27,682.85
2018-05-28,598.85
2018-05-29,565.4
2018-05-30,601.89
2018-05-31,652.55
2018-06-01,533.03
2018-06-02,411.24
2018-06-03,344.64
2018-06-04,367.23
2018-06-05,355.67
2018-06-06,366.65
2018-06-07,390.06
2018-06-08,491.37
2018-06-09,410.59
2018-06-10,403.15
2018-06-11,494.46
2018-06-12,625.95
2018-06-13,580.04
2018-06-14,709.35
2018-06-15,938.7
2018-06-16,674.47
2018-06-17,543.06
2018-06-18,545.93
2018-06-19,644.38
2018-06-20,904.16
2018-06-21,632.84
2018-06-22,670.72
2018-06-23,518.3
2018-06-24,521.26
2018-06-25,660.57
2018-06-26,592.23
2018-06-27,682.87
2018-06-28,1021.28
2018-06-29,959.72
2018-06-30,915.46
2018-07-01,843.05
2018-07-02,939.52
2018-07-03,693.8
2018-07-04,548.91
2018-07-05,677.2
2018-07-06,753.3
2018-07-07,690.71
2018-07-08,528.68
2018-07-09,499.43
2018-07-10,501.27
2018-07-11,793.37
2018-07-12,630.7
2018-07-13,657.67
2018-07-14,680.06
2018-07-15,638.91
2018-07-16,629.14
2018-07-17,537.37
2018-07-18,413.83
2018-07-19,416.16
2018-07-20,444.56
2018-07-21,394.88
2018-07-22,514.6
2018-07-23,390.77
2018-07-24,410.8
2018-07-25,394.65
2018-07-26,357.3
2018-07-27,401.72
2018-07-28,583.11
2018-07-29,816.51
2018-07-30,614.01
2018-07-31,589.93
2018-08-01,609.86
2018-08-02,816.71
2018-08-03,598.93
2018-08-04,626.41
2018-08-05,830.39
2018-08-06,612.31
2018-08-07,514.77
2018-08-08,452.36
2018-08-09,464.7
2018-08-10,467.47
2018-08-11,363.7
2018-08-12,389.74
2018-08-13,434.98
2018-08-14,442.23
2018-08-15,492.62
2018-08-16,391.87
2018-08-17,397.14
2018-08-18,480.63
2018-08-19,477.19
2018-08-20,380.97
2018-08-21,358.01
2018-08-22,483.58
2018-08-23,347.15
2018-08-24,314.6
2018-08-25,284.59
2018-08-26,320.86
2018-08-27,269.41
2018-08-28,286.38
2018-08-29,434.29
2018-08-30,361.9
2018-08-31,497.9
2018-09-01,387.77
2018-09-02,327.85
2018-09-03,286.58
2018-09-04,318.45
2018-09-05,422.54
2018-09-06,528.95
2018-09-07,484.21
2018-09-08,559.27
2018-09-09,549.58
2018-09-10,471.31
2018-09-11,479.67
2018-09-12,518.47
2018-09-13,455.37
2018-09-14,541.88
2018-09-15,477.21
2018-09-16,444.35
2018-09-17,385.8
2018-09-18,360.84
2018-09-19,467.59
2018-09-20,366.14
2018-09-21,308.03
2018-09-22,278.35
2018-09-23,247.03
2018-09-24,427.84
2018-09-25,323.69
2018-09-26,421.04
2018-09-27,350.61
2018-09-28,391.57
2018-09-29,346.69
2018-09-30,411.63
2018-10-01,610.69
2018-10-02,385.71
2018-10-03,506.6
2018-10-04,474.21
2018-10-05,466.3
2018-10-06,400.01
2018-10-07,360.56
2018-10-08,407.42
2018-10-09,360.77
2018-10-10,383.15
2018-10-11,458.2
2018-10-12,350.55
2018-10-13,282.35
2018-10-14,247.91
2018-10-15,255.52
2018-10-16,312.47
2018-10-17,296.34
2018-10-18,300.18
2018-10-19,315.7
2018-10-20,375.47
2018-10-21,313.69
2018-10-22,282.74
2018-10-23,297.64
2018-10-24,311.05
2018-10-25,294.36
2018-10-26,292.41
2018-10-27,319.81
2018-10-28,309.3
2018-10-29,385.3
2018-10-30,467.81
2018-10-31,371.05
2018-11-01,473.88
2018-11-02,557.27
2018-11-03,451.76
2018-11-04,507.5
2018-11-05,526.35
2018-11-06,524.67
2018-11-07,508.96
2018-11-08,483.25
2018-11-09,503.1
2018-11-10,428.31
2018-11-11,470.46
2018-11-12,392.26
2018-11-13,388.59
2018-11-14,466.4
2018-11-15,426.81
2018-11-16,444.84
2018-11-17,411.08
2018-11-18,424.22
2018-11-19,496.81
2018-11-20,590.66
2018-11-21,815.42
2018-11-22,577.85
2018-11-23,553.2
2018-11-24,553.27
2018-11-25,460.7
2018-11-26,403.67
2018-11-27,566.27
2018-11-28,558.64
2018-11-29,456.35
2018-11-30,419.24
2018-12-01,371.01
2018-12-02,344.11
2018-12-03,291.17
2018-12-04,264.15
2018-12-05,283.77
2018-12-06,250.97
2018-12-07,224.26
2018-12-08,228.51
2018-12-09,233.25
2018-12-10,203.55
2018-12-11,190.65
2018-12-12,215.29
2018-12-13,207.77
2018-12-14,192.23
2018-12-15,179.96
2018-12-16,182.16
2018-12-17,174.52
2018-12-18,182.88
2018-12-19,149.87
2018-12-20,157.61
2018-12-21,200.58
2018-12-22,184.34
2018-12-23,162.76
2018-12-24,148.16
2018-12-25,136.39
2018-12-26,133.51
2018-12-27,122.98
2018-12-28,116.72
2018-12-29,110.15
2018-12-30,109.46
2018-12-31,107.78
2019-01-01,106.16
2019-01-02,98.79
2019-01-03,93.73
2019-01-04,91.93
2019-01-05,87.94
2019-01-06,89.58
2019-01-07,87.28
2019-01-08,85.9
2019-01-09,89.22
2019-01-10,88.2
2019-01-11,78.72
2019-01-12,81.05
2019-01-13,79.0
2019-01-14,77.15
2019-01-15,76.37
2019-01-16,76.38
2019-01-17,81.18
2019-01-18,83.31
2019-01-19,81.44
2019-01-20,76.99
2019-01-21,82.76
2019-01-22,79.98
2019-01-23,76.91
2019-01-24,72.73
2019-01-25,72.23
2019-01-26,71.41
2019-01-27,69.25
2019-01-28,69.05
2019-01-29,67.31
2019-01-30,65.72
2019-01-31,69.66
2019-02-01,62.78
2019-02-02,64.67
2019-02-03,61.28
2019-02-04,59.57
2019-02-05,58.59
2019-02-06,58.47
2019-02-07,54.25
2019-02-08,56.49
2019-02-09,52.21
2019-02-10,55.6
2019-02-11,51.96
2019-02-12,53.29
2019-02-13,47.4
2019-02-14,49.08
2019-02-15,50.37
2019-02-16,49.48
2019-02-17,52.21
2019-02-18,46.49
2019-02-19,47.51
2019-02-20,48.96
2019-02-21,47.96
2019-02-22,55.03
2019-02-23,52.13
2019-02-24,48.93
2019-02-25,44.23
2019-02-26,42.68
2019-02-27,50.09
2019-02-28,43.86
2019-03-01,42.67
2019-03-02,49.01
2019-03-03,44.84
2019-03-04,47.08
2019-03-05,50.37
2019-03-06,46.0
2019-03-07,53.24
2019-03-08,49.28
2019-03-09,57.21
2019-03-10,75.84
2019-03-11,72.0
2019-03-12,58.75
2019-03-13,56.13
2019-03-14,54.69
2019-03-15,50.25
2019-03-16,48.65
2019-03-17,47.21
2019-03-18,47.64
2019-03-19,129.21
2019-03-20,94.25
2019-03-21,73.6
2019-03-22,114.39
2019-03-23,108.67
2019-03-24,93.74
2019-03-25,85.93
2019-03-26,81.43
2019-03-27,80.92
2019-03-28,81.28
2019-03-29,164.07
2019-03-30,164.54
2019-03-31,130.42
2019-04-01,184.97
2019-04-02,294.78
2019-04-03,230.62
2019-04-04,232.79
2019-04-05,183.34
2019-04-06,220.62
2019-04-07,176.48
2019-04-08,150.65
2019-04-09,126.51
2019-04-10,145.19
2019-04-11,167.85
2019-04-12,157.51
2019-04-13,128.92
2019-04-14,116.7
2019-04-15,124.64
2019-04-16,147.11
2019-04-17,190.67
2019-04-18,262.71
2019-04-19,243.95
2019-04-20,260.32
2019-04-21,217.17
2019-04-22,329.98
2019-04-23,262.4
2019-04-24,318.78
2019-04-25,218.63
2019-04-26,185.01
2019-04-27,179.8
2019-04-28,180.29
2019-04-29,312.11
2019-04-30,320.09
2019-05-01,216.18
2019-05-02,180.08
2019-05-03,151.55
2019-05-04,239.66
2019-05-05,177.87
2019-05-06,172.34
2019-05-07,193.36
2019-05-08,195.98
2019-05-09,270.26
2019-05-10,733.34
2019-05-11,477.59
2019-05-12,498.47
2019-05-13,448.31
2019-05-14,364.67
2019-05-15,543.67
2019-05-16,371.46
2019-05-17,413.79
2019-05-18,408.55
2019-05-19,575.75
2019-05-20,618.92
2019-05-21,823.24
2019-05-22,664.43
2019-05-23,1105.88
2019-05-24,628.94
2019-05-25,1300.13
2019-05-26,736.63
2019-05-27,786.65
2019-05-28,856.89
2019-05-29,689.81
2019-05-30,872.43
2019-05-31,679.91
2019-06-01,653.78
2019-06-02,586.83
2019-06-03,555.57
2019-06-04,505.05
2019-06-05,577.64
2019-06-06,561.71
2019-06-07,569.78
2019-06-08,445.2
2019-06-09,403.2
2019-06-10,508.23
2019-06-11,653.65
2019-06-12,1214.27
2019-06-13,879.77
2019-06-14,675.88
2019-06-15,557.39
2019-06-16,491.89
2019-06-17,406.16
2019-06-18,377.62
2019-06-19,638.42
2019-06-20,431.76
2019-06-21,615.29
2019-06-22,792.11
2019-06-23,520.9
2019-06-24,486.47
2019-06-25,589.86
2019-06-26,435.52
2019-06-27,367.8
2019-06-28,410.36
2019-06-29,339.56
2019-06-30,426.96
2019-07-01,325.38
2019-07-02,396.72
2019-07-03,435.09
2019-07-04,359.59
2019-07-05,448.42
2019-07-06,497.84
2019-07-07,399.75
2019-07-08,459.93
2019-07-09,568.6
2019-07-10,609.38
2019-07-11,741.02
2019-07-12,557.88
2019-07-13,545.05
2019-07-14,547.43
2019-07-15,459.23
2019-07-16,440.31
2019-07-17,432.47
2019-07-18,545.93
2019-07-19,431.35
2019-07-20,396.24
2019-07-21,472.88
2019-07-22,351.06
2019-07-23,361.91
2019-07-24,411.93
2019-07-25,363.74
2019-07-26,380.53
2019-07-27,321.16
2019-07-28,296.39
2019-07-29,344.44
2019-07-30,336.07
2019-07-31,395.59
2019-08-01,418.36
2019-08-02,367.12
2019-08-03,428.49
2019-08-04,473.61
2019-08-05,529.75
2019-08-06,629.36
2019-08-07,448.27
2019-08-08,416.06
2019-08-09,431.24
2019-08-10,353.94
2019-08-11,583.68
2019-08-12,428.64
2019-08-13,591.64
2019-08-14,585.84
2019-08-15,714.72
2019-08-16,573.43
2019-08-17,869.61
2019-08-18,648.34
2019-08-19,509.74
2019-08-20,506.21
2019-08-21,515.87
2019-08-22,404.72
2019-08-23,372.04
2019-08-24,326.48
2019-08-25,346.6
2019-08-26,306.57
2019-08-27,273.42
2019-08-28,347.37
2019-08-29,255.08
2019-08-30,252.66
2019-08-31,286.55
2019-09-01,231.62
2019-09-02,408.2
2019-09-03,279.37
2019-09-04,314.45
2019-09-05,386.94
2019-09-06,430.96
2019-09-07,365.01
2019-09-08,433.85
2019-09-09,317.68
2019-09-10,284.34
2019-09-11,247.36
2019-09-12,277.09
2019-09-13,298.82
2019-09-14,264.61
2019-09-15,319.46
2019-09-16,242.94
2019-09-17,248.14
2019-09-18,297.72
2019-09-19,327.57
2019-09-20,321.71
2019-09-21,575.37
2019-09-22,446.04
2019-09-23,471.61
2019-09-24,376.3
2019-09-25,347.46
2019-09-26,332.17
2019-09-27,283.01
2019-09-28,274.25
2019-09-29,317.34
2019-09-30,283.27
2019-10-01,260.61
2019-10-02,361.51
2019-10-03,296.53
2019-10-04,299.87
2019-10-05,649.63
2019-10-06,407.16
2019-10-07,341.27
2019-10-08,356.25
2019-10-09,421.02
2019-10-10,581.59
2019-10-11,556.09
2019-10-12,503.12
2019-10-13,574.52
2019-10-14,424.68
2019-10-15,385.02
2019-10-16,384.52
2019-10-17,532.49
2019-10-18,541.16
2019-10-19,495.1
2019-10-20,415.28
2019-10-21,405.27
2019-10-22,420.39
2019-10-23,474.18
2019-10-24,583.1
2019-10-25,601.66
2019-10-26,737.24
2019-10-27,748.29
2019-10-28,663.69
2019-10-29,833.74
2019-10-30,512.74
2019-10-31,474.91
2019-11-01,587.88
2019-11-02,543.88
2019-11-03,508.82
2019-11-04,593.25
2019-11-05,509.57
2019-11-06,425.36
2019-11-07,460.19
2019-11-08,524.6
2019-11-09,563.91
2019-11-10,428.05
2019-11-11,418.82
2019-11-12,522.65
2019-11-13,465.18
2019-11-14,388.37
2019-11-15,386.63
2019-11-16,305.72
2019-11-17,349.74
2019-11-18,308.39
2019-11-19,345.53
2019-11-20,381.72
2019-11-21,356.12
2019-11-22,372.31
2019-11-23,331.13
2019-11-24,321.87
2019-11-25,279.28
2019-11-26,276.43
2019-11-27,234.69
2019-11-28,338.4
2019-11-29,303.94
2019-11-30,294.63
2019-12-01,242.41
2019-12-02,251.59
2019-12-03,462.44
2019-12-04,278.07
2019-12-05,279.22
2019-12-06,256.6
2019-12-07,225.18
2019-12-08,218.85
2019-12-09,212.04
2019-12-10,203.42
2019-12-11,202.51
2019-12-12,202.53
2019-12-13,178.86
2019-12-14,182.23
2019-12-15,194.98
2019-12-16,174.64
2019-12-17,222.34
2019-12-18,192.22
2019-12-19,193.92
2019-12-20,303.32
2019-12-21,229.27
2019-12-22,279.51
2019-12-23,204.36
2019-12-24,193.89
2019-12-25,275.34
2019-12-26,229.01
2019-12-27,252.6
2019-12-28,232.65
2019-12-29,254.64
2019-12-30,306.35
2019-12-31,255.82
2020-01-01,257.68
2020-01-02,274.11
2020-01-03,238.51
2020-01-04,205.56
2020-01-05,182.55
2020-01-06,167.32
2020-01-07,155.33
2020-01-08,147.13
2020-01-09,138.08
2020-01-10,132.91
2020-01-11,125.76
2020-01-12,118.05
2020-01-13,115.77
2020-01-14,111.24
2020-01-15,109.94
2020-01-16,106.59
2020-01-17,104.42
2020-01-18,99.37
2020-01-19,96.07
2020-01-20,105.55
2020-01-21,99.09
2020-01-22,173.41
2020-01-23,121.89
2020-01-24,166.25
2020-01-25,185.44
2020-01-26,170.56
2020-01-27,136.66
2020-01-28,179.36
2020-01-29,139.86
2020-01-30,119.79
2020-01-31,116.71
2020-02-01,107.52
2020-02-02,130.76
2020-02-03,119.92
2020-02-04,110.11
2020-02-05,100.41
2020-02-06,97.4
2020-02-07,93.16
2020-02-08,99.32
2020-02-09,97.64
2020-02-10,86.83
2020-02-11,85.02
2020-02-12,84.36
2020-02-13,85.51
2020-02-14,77.28
2020-02-15,119.35
2020-02-16,91.1
2020-02-17,92.43
2020-02-18,82.28
2020-02-19,77.67
2020-02-20,73.37
2020-02-21,73.18
2020-02-22,114.79
2020-02-23,93.44
2020-02-24,82.82
2020-02-25,79.65
2020-02-26,74.92
2020-02-27,71.98
2020-02-28,70.48
2020-02-29,68.16
2020-03-01,68.27
2020-03-02,68.74
2020-03-03,63.47
2020-03-04,63.4
2020-03-05,59.52
2020-03-06,58.3
2020-03-07,58.84
2020-03-08,57.45
2020-03-09,54.66
2020-03-10,55.85
2020-03-11,64.31
2020-03-12,66.85
2020-03-13,56.9
2020-03-14,60.05
2020-03-15,60.47
2020-03-16,52.15
2020-03-17,49.95
2020-03-18,50.27
2020-03-19,49.67
2020-03-20,73.98
2020-03-21,62.06
2020-03-22,62.0
2020-03-23,60.71
2020-03-24,54.78
2020-03-25,53.78
2020-03-26,46.03
2020-03-27,50.26
2020-03-28,45.28
2020-03-29,47.74
2020-03-30,62.4
2020-03-31,72.3
2020-04-01,59.16
2020-04-02,64.36
2020-04-03,61.67
2020-04-04,135.59
2020-04-05,88.27
2020-04-06,146.31
2020-04-07,107.1
2020-04-08,89.01
2020-04-09,113.93
2020-04-10,151.24
2020-04-11,210.92
2020-04-12,162.51
2020-04-13,165.84
2020-04-14,131.32
2020-04-15,113.8
2020-04-16,99.21
2020-04-17,87.99
2020-04-18,96.12
2020-04-19,129.15
2020-04-20,117.63
2020-04-21,156.4
2020-04-22,141.74
2020-04-23,117.41
2020-04-24,127.47
2020-04-25,103.84
2020-04-26,199.05
2020-04-27,130.05
2020-04-28,207.41
2020-04-29,140.64
2020-04-30,123.48
2020-05-01,177.98
2020-05-02,147.77
2020-05-03,173.4
2020-05-04,183.16
2020-05-05,311.04
2020-05-06,344.94
2020-05-07,231.0
2020-05-08,395.48
2020-05-09,256.29
2020-05-10,259.31
2020-05-11,229.28
2020-05-12,188.27
2020-05-13,179.02
2020-05-14,177.4
2020-05-15,211.84
2020-05-16,178.25
2020-05-17,416.48
2020-05-18,276.23
2020-05-19,399.41
2020-05-20,365.72
2020-05-21,296.01
2020-05-22,284.43
2020-05-23,298.18
2020-05-24,249.6
2020-05-25,276.4
2020-05-26,313.53
2020-05-27,584.87
2020-05-28,488.92
2020-05-29,418.97
2020-05-30,545.12
2020-05-31,440.33
2020-06-01,371.68
2020-06-02,343.57
2020-06-03,276.18
2020-06-04,242.58
2020-06-05,246.79
2020-06-06,215.26
2020-06-07,194.03
2020-06-08,217.19
2020-06-09,301.37
2020-06-10,297.54
2020-06-11,241.01
2020-06-12,283.59
2020-06-13,266.17
2020-06-14,256.37
2020-06-15,280.5
2020-06-16,241.83
2020-06-17,234.07
2020-06-18,218.19
2020-06-19,280.08
2020-06-20,296.29
2020-06-21,431.08
2020-06-22,334.46
2020-06-23,331.94
2020-06-24,308.22
2020-06-25,267.9
2020-06-26,283.11
2020-06-27,505.16
2020-06-28,428.04
2020-06-29,405.49
2020-06-30,623.62
2020-07-01,486.04
2020-07-02,414.5
2020-07-03,499.97
2020-07-04,623.62
2020-07-05,508.32
2020-07-06,407.56
2020-07-07,490.39
2020-07-08,587.61
2020-07-09,473.24
2020-07-10,549.55
2020-07-11,448.0
2020-07-12,420.03
2020-07-13,371.47
2020-07-14,426.69
2020-07-15,338.29
2020-07-16,340.52
2020-07-18,302.33
2020-07-20,450.99
2020-07-21,350.7
2020-07-22,485.04
2020-07-23,719.43
2020-07-24,694.47
2020-07-25,665.71
2020-07-26,1076.38
2020-07-27,801.87
2020-07-28,795.86
2020-07-29,783.52
2020-07-30,631.35
2020-07-31,624.58
2020-08-01,560.09
2020-08-02,626.84
2020-08-03,518.87
2020-08-04,605.36
2020-08-05,854.82
2020-08-06,667.51
2020-08-07,637.5
2020-08-08,897.98
2020-08-09,869.14
2020-08-10,760.74
2020-08-11,758.81
2020-08-12,716.53
2020-08-13,741.43
2020-08-14,677.44
2020-08-15,677.85
2020-08-16,584.44
2020-08-17,606.63
2020-08-18,532.34
2020-08-19,697.51
2020-08-20,665.06
2020-08-21,573.4
2020-08-22,600.29
2020-08-23,796.75
2020-08-24,753.44
2020-08-25,1259.02
2020-08-26,828.96
2020-08-27,654.8
2020-08-28,546.92
2020-08-29,467.63
2020-08-30,409.67
2020-08-31,350.72
2020-09-01,355.54
2020-09-02,357.94
2020-09-03,364.2
2020-09-04,358.27
2020-09-05,302.7
2020-09-06,314.11
2020-09-07,313.55
2020-09-08,337.15
2020-09-09,293.43
2020-09-10,332.41
2020-09-11,311.02
2020-09-12,308.22
2020-09-13,313.91
2020-09-14,485.43
2020-09-15,398.6
2020-09-16,313.03
2020-09-17,283.85
2020-09-18,300.07
2020-09-19,346.89
2020-09-20,576.5
2020-09-21,499.87
2020-09-22,556.27
2020-09-23,527.37
2020-09-24,566.16
2020-09-25,773.03
2020-09-26,620.11
2020-09-27,603.86
2020-09-28,486.22
2020-09-29,428.37
2020-09-30,421.97
2020-10-01,504.75
2020-10-02,534.69
2020-10-03,610.74
2020-10-04,643.08
2020-10-05,589.17
2020-10-06,575.28
2020-10-07,463.89
2020-10-08,424.47
2020-10-09,396.14
2020-10-10,337.17
2020-10-11,328.24
2020-10-12,381.46
2020-10-13,407.3
2020-10-14,359.46
2020-10-15,438.5
2020-10-16,343.54
2020-10-17,456.63
2020-10-18,344.09
2020-10-19,356.7
2020-10-20,286.53
2020-10-21,314.16
2020-10-22,1254.27
2020-10-23,683.93
2020-10-24,578.18
2020-10-25,626.53
2020-10-26,521.34
2020-10-27,463.49
2020-10-28,372.93
2020-10-29,339.25
2020-10-30,326.77
2020-10-31,333.91
2020-11-01,304.1
2020-11-02,259.76
2020-11-03,243.51
2020-11-04,254.51
2020-11-05,266.94
2020-11-06,229.56
2020-11-07,205.94
2020-11-08,196.75
2020-11-09,186.14
2020-11-10,214.44
2020-11-11,360.1
2020-11-12,284.42
2020-11-13,243.86
2020-11-14,285.04
2020-11-15,229.86
2020-11-16,203.98
2020-11-17,260.32
2020-11-18,274.35
2020-11-19,371.49
2020-11-20,395.81
2020-11-21,481.63
2020-11-22,415.55
2020-11-23,436.74
2020-11-24,393.79
2020-11-25,538.07
2020-11-26,566.62
2020-11-27,442.1
2020-11-28,478.75
2020-11-29,521.04
2020-11-30,446.97
2020-12-01,457.94
2020-12-02,466.44
2020-12-03,513.79
2020-12-04,486.61
2020-12-05,434.84
2020-12-06,531.11
2020-12-07,469.84
2020-12-08,574.41
2020-12-09,566.76
2020-12-10,451.86
2020-12-11,474.53
2020-12-12,362.09
2020-12-13,306.9
2020-12-14,266.78
2020-12-15,250.92
2020-12-16,220.22
2020-12-17,262.49
2020-12-18,388.75
2020-12-19,345.4
2020-12-20,344.56
2020-12-21,301.12
2020-12-22,267.48
2020-12-23,240.47
2020-12-24,228.0
2020-12-25,212.05
2020-12-26,264.88
2020-12-27,288.8
2020-12-28,268.69
2020-12-29,219.84
2020-12-30,199.15
2020-12-31,224.45
2021-01-01,178.86
2021-01-02,168.22
2021-01-03,173.44
2021-01-04,160.44
2021-01-05,155.86
2021-01-06,192.0
2021-01-07,149.68
2021-01-08,192.72
2021-01-09,177.08
2021-01-10,201.28
2021-01-11,280.97
2021-01-12,226.52
2021-01-13,223.68
2021-01-14,190.73
2021-01-15,190.43
2021-01-16,167.47
2021-01-17,151.05
2021-01-18,141.9
2021-01-19,131.28
2021-01-20,125.43
2021-01-21,122.62
2021-01-22,114.07
2021-01-23,114.06
2021-01-24,110.9
2021-01-25,106.16
2021-01-26,98.62
2021-01-27,98.51
2021-01-28,101.77
2021-01-29,98.94
2021-01-30,91.27
2021-01-31,84.8
2021-02-01,84.78
2021-02-02,94.38
2021-02-03,90.31
2021-02-04,91.0
2021-02-05,90.37
2021-02-06,89.91
2021-02-07,84.69
2021-02-08,81.11
2021-02-09,79.75
2021-02-10,76.07
2021-02-11,74.51
2021-02-12,72.67
2021-02-13,73.27
2021-02-14,74.14
2021-02-15,74.39
2021-02-16,69.68
2021-02-17,70.02
2021-02-18,75.98
2021-02-19,71.19
2021-02-20,78.71
2021-02-21,84.26
2021-02-22,69.77
2021-02-23,120.12
2021-02-24,74.82
2021-02-25,69.29
2021-02-26,196.3
2021-02-27,122.46
2021-02-28,100.52
2021-03-01,83.84
2021-03-02,76.41
2021-03-03,71.55
2021-03-04,73.98
2021-03-05,73.31
2021-03-06,67.14
2021-03-07,79.82
2021-03-08,418.67
2021-03-09,332.96
2021-03-10,192.3
2021-03-11,163.42
2021-03-12,221.23
2021-03-13,165.71
2021-03-14,140.76
2021-03-15,121.17
2021-03-16,124.7
2021-03-17,156.5
2021-03-18,165.99
2021-03-19,143.39
2021-03-20,128.02
2021-03-21,130.43
2021-03-22,165.79
2021-03-23,141.65
2021-03-24,150.19
2021-03-25,135.08
2021-03-26,160.75
2021-03-27,263.32
2021-03-28,179.51
2021-03-29,156.03
2021-03-30,137.36
2021-03-31,214.72
2021-04-01,227.48
2021-04-02,222.8
2021-04-03,246.37
2021-04-04,261.33
2021-04-05,380.55
2021-04-06,386.83
2021-04-07,287.41
2021-04-08,341.88
2021-04-09,436.92
2021-04-10,309.34
2021-04-11,303.48
2021-04-12,276.81
2021-04-13,257.16
2021-04-14,314.81
2021-04-15,227.15
2021-04-16,272.61
2021-04-17,355.37
2021-04-18,525.6
2021-04-19,324.4
2021-04-20,266.96
2021-04-21,276.86
2021-04-22,263.96
2021-04-23,402.8
2021-04-24,298.39
2021-04-25,251.2
2021-04-26,243.87
2021-04-27,623.76
2021-04-28,545.4
2021-04-29,377.0
2021-04-30,334.46
2021-05-01,508.71
2021-05-02,338.31
2021-05-03,367.29
2021-05-04,334.32
2021-05-05,291.24
2021-05-06,261.49
2021-05-07,346.74
2021-05-08,369.9
2021-05-09,449.69
2021-05-10,435.93
2021-05-11,444.47
2021-05-12,464.34
2021-05-13,453.71
2021-05-14,319.14
2021-05-15,275.13
2021-05-16,284.64
2021-05-17,315.27
2021-05-18,381.12
2021-05-19,336.67
2021-05-20,284.21
2021-05-21,335.38
2021-05-22,310.03
2021-05-23,311.08
2021-05-24,285.4
2021-05-25,495.78
2021-05-26,476.68
2021-05-27,624.56
2021-05-28,1061.52
2021-05-29,665.13
2021-05-30,492.83
2021-05-31,492.75
2021-06-01,436.44
2021-06-02,469.29
2021-06-03,470.52
2021-06-04,438.79
2021-06-05,558.46
2021-06-06,424.01
2021-06-07,480.65
2021-06-08,541.78
2021-06-09,676.31
2021-06-10,543.81
2021-06-11,873.1
2021-06-12,633.96
2021-06-13,774.45
2021-06-14,717.8
2021-06-15,655.84
2021-06-16,553.47
2021-06-17,546.39
2021-06-18,498.48
2021-06-19,461.63
2021-06-20,458.54
2021-06-21,719.87
2021-06-22,512.2
2021-06-23,457.46
2021-06-24,432.83
2021-06-25,577.5
2021-06-26,527.82
2021-06-27,501.02
2021-06-28,493.19
2021-06-29,397.38
2021-06-30,405.78
2021-07-01,466.38
2021-07-02,419.26
2021-07-03,352.84
2021-07-04,424.29
2021-07-05,403.65
2021-07-06,410.01
2021-07-07,387.87
2021-07-08,381.56
2021-07-09,483.76
2021-07-10,507.76
2021-07-11,539.56
2021-07-12,489.6
2021-07-13,809.4
2021-07-14,563.99
2021-07-15,526.01
2021-07-16,504.66
2021-07-17,469.45
2021-07-18,490.04
2021-07-19,643.35
2021-07-20,502.85
2021-07-21,570.04
2021-07-22,579.18
2021-07-23,494.69
2021-07-24,413.08
2021-07-25,472.34
2021-07-26,433.43
2021-07-27,462.85
2021-07-28,394.33
2021-07-29,349.85
2021-07-30,418.16
2021-07-31,358.51
2021-08-01,358.06
2021-08-02,391.46
2021-08-03,910.23
2021-08-04,633.16
2021-08-05,504.48
2021-08-06,501.43
2021-08-07,427.61
2021-08-08,392.87
2021-08-09,449.23
2021-08-10,760.33
2021-08-11,518.06
2021-08-12,643.56
2021-08-13,566.63
2021-08-14,572.28
2021-08-15,559.16
2021-08-16,464.89
2021-08-17,520.88
2021-08-18,1074.93
2021-08-19,730.48
2021-08-20,619.41
2021-08-21,705.84
2021-08-22,891.97
2021-08-23,637.81
2021-08-24,693.87
2021-08-25,567.58
2021-08-26,470.44
2021-08-27,525.81
2021-08-28,470.96
2021-08-29,412.04
2021-08-30,423.7
2021-08-31,385.03
2021-09-01,374.95
2021-09-02,390.16
2021-09-03,318.15
2021-09-04,494.31
2021-09-05,335.23
2021-09-06,367.31
2021-09-07,449.68
2021-09-08,449.63
2021-09-09,431.37
2021-09-10,338.87
2021-09-11,521.6
2021-09-12,425.41
2021-09-13,449.9
2021-09-14,467.19
2021-09-15,582.33
2021-09-16,457.0
2021-09-17,457.77
2021-09-18,544.15
2021-09-19,558.2
2021-09-20,471.6
2021-09-21,550.97
2021-09-22,613.15
2021-09-23,925.52
2021-09-24,735.09
2021-09-25,695.2
2021-09-26,753.08
2021-09-27,543.07
2021-09-28,580.74
2021-09-29,447.54
2021-09-30,454.53
2021-10-01,461.99
2021-10-02,446.64
2021-10-03,508.28
2021-10-04,658.23
2021-10-05,527.06
2021-10-06,528.79
2021-10-07,452.4
2021-10-08,428.84
2021-10-09,490.38
2021-10-10,437.78
2021-10-11,403.45
2021-10-12,341.4
2021-10-13,419.85
2021-10-14,506.17
2021-10-15,409.39
2021-10-16,516.21
2021-10-17,420.92
2021-10-18,409.94
2021-10-19,535.48
2021-10-20,608.85
2021-10-21,447.46
2021-10-22,410.63
2021-10-23,371.56
2021-10-24,344.08
2021-10-25,298.23
2021-10-26,290.89
2021-10-27,315.88
2021-10-28,299.49
2021-10-29,387.89
2021-10-30,332.14
2021-10-31,335.71
2021-11-01,321.02
2021-11-02,356.17
2021-11-03,513.83
2021-11-04,366.54
2021-11-05,422.71
2021-11-06,350.25
2021-11-07,342.09
2021-11-08,380.27
2021-11-09,426.19
2021-11-10,454.22
2021-11-11,340.97
2021-11-12,287.25
2021-11-13,314.55
2021-11-14,314.85
2021-11-15,311.39
2021-11-16,275.64
2021-11-17,262.09
2021-11-18,236.15
2021-11-19,219.03
2021-11-20,220.92
2021-11-21,239.01
2021-11-22,333.76
2021-11-23,418.96
2021-11-24,463.73
2021-11-25,574.24
2021-11-26,654.0
2021-11-27,594.36
2021-11-28,462.17
2021-11-29,422.36
2021-11-30,416.46
2021-12-01,335.35
2021-12-02,335.99
2021-12-03,292.5
2021-12-04,301.62
2021-12-05,268.81
2021-12-06,254.19
2021-12-09,213.35
2021-12-10,199.89
2021-12-11,220.58
2021-12-12,189.99
2021-12-13,179.48
2021-12-14,172.44
2021-12-15,165.38
2021-12-16,203.87
2021-12-17,226.92
2021-12-18,190.61
2021-12-19,169.54
2021-12-20,181.56
2021-12-21,169.06
2021-12-22,160.75
2021-12-23,168.02
2021-12-24,173.22
2021-12-25,165.46
2021-12-26,485.05
2021-12-28,376.04
2021-12-29,295.82
2021-12-30,250.62
2021-12-31,223.51
2022-01-01,213.59
2022-01-02,192.58
2022-01-03,170.35
2022-01-04,157.07
2022-01-05,147.8
2022-01-06,162.24
2022-01-07,145.32
2022-01-08,162.79
2022-01-09,156.1
2022-01-10,151.22
2022-01-11,141.29
2022-01-12,151.2
2022-01-13,139.78
2022-01-14,131.16
2022-01-15,122.29
2022-01-16,116.23
2022-01-17,122.12
2022-01-18,169.61
2022-01-19,131.17
2022-01-20,119.5
2022-01-21,135.89
2022-01-22,119.34
2022-01-23,109.08
2022-01-24,105.52
2022-01-25,123.46
2022-01-27,106.97
2022-01-28,98.48
2022-01-29,92.49
2022-01-30,95.17
2022-01-31,87.87
2022-02-01,99.14
2022-02-02,84.31
2022-02-03,84.23
2022-02-04,111.23
2022-02-05,104.11
2022-02-06,92.25
2022-02-07,116.96
2022-02-08,106.9
2022-02-09,400.55
2022-02-10,247.67
2022-02-11,168.51
2022-02-12,137.17
2022-02-13,132.96
2022-02-14,254.5
2022-02-15,189.79
2022-02-16,165.48
2022-02-17,147.63
2022-02-18,166.25
2022-02-19,144.7
2022-02-21,122.66
2022-02-22,111.41
2022-02-23,104.48
2022-02-24,97.26
2022-02-25,95.59
2022-02-26,103.31
2022-02-27,108.8
2022-02-28,232.29
2022-03-01,216.32
2022-03-02,241.31
2022-03-03,196.16
2022-03-04,247.33
2022-03-05,279.42
2022-03-06,781.86
2022-03-07,452.18
2022-03-08,306.1
2022-03-09,245.66
2022-03-10,250.85
2022-03-11,204.47
2022-03-12,177.92
2022-03-13,173.71
2022-03-14,174.89
2022-03-15,150.38
2022-03-16,196.78
2022-03-17,217.93
2022-03-18,158.51
2022-03-19,138.22
2022-03-20,140.41
2022-03-21,127.8
2022-03-22,117.4
2022-03-23,122.08
2022-03-24,167.85
2022-03-25,143.25
2022-03-26,131.03
2022-03-27,582.5
2022-03-28,537.21
2022-03-29,388.16
2022-03-30,460.47
2022-03-31,389.58
2022-04-01,478.14
2022-04-02,433.6
2022-04-03,378.8
2022-04-04,393.41
2022-04-05,386.58
2022-04-06,346.81
2022-04-07,478.08
2022-04-08,485.61
2022-04-09,520.49
2022-04-10,555.52
2022-04-11,434.63
2022-04-12,457.29
2022-04-13,656.55
2022-04-14,449.69
2022-04-15,571.79
2022-04-16,640.72
2022-04-17,557.65
2022-04-18,685.87
2022-04-19,899.65
2022-04-20,869.39
2022-04-21,768.93
2022-04-22,844.01
2022-04-23,786.46
2022-04-24,617.78
2022-04-25,590.26
2022-04-26,628.74
2022-04-27,512.3
2022-04-28,833.21
2022-04-29,926.58
2022-04-30,843.18
2022-05-01,708.44
2022-05-02,689.93
2022-05-03,516.96
2022-05-04,602.3
2022-05-05,720.78
2022-05-06,586.15
2022-05-07,528.84
2022-05-08,442.52
2022-05-09,567.03
2022-05-10,745.51
2022-05-11,469.84
2022-05-12,403.73
2022-05-13,958.24
2022-05-14,744.75
2022-05-15,640.04
2022-05-16,672.0
2022-05-17,751.91
2022-05-18,760.51
2022-05-19,772.63
2022-05-20,713.32
2022-05-21,583.1
2022-05-22,518.53
2022-05-23,545.14
2022-05-24,475.45
2022-05-25,669.55
2022-05-26,738.49
2022-05-27,635.47
2022-05-28,657.58
2022-05-29,664.51
2022-05-30,580.56
2022-05-31,604.46
2022-06-01,500.24
2022-06-02,495.16
2022-06-03,411.1
2022-06-04,356.59
2022-06-05,541.41
2022-06-06,547.42
2022-06-07,608.28
2022-06-08,561.4
2022-06-09,482.29
2022-06-10,511.76
2022-06-11,483.36
2022-06-12,703.58
2022-06-13,891.98
2022-06-14,776.07
2022-06-15,729.43
2022-06-16,756.3
2022-06-17,881.69
2022-06-18,680.55
2022-06-19,629.1
2022-06-20,569.82
2022-06-21,508.33
2022-06-22,485.48
2022-06-23,453.6
2022-06-24,510.07
2022-06-25,456.24
2022-06-26,440.66
2022-06-27,503.76
2022-06-28,674.62
2022-06-29,669.69
2022-06-30,728.86
2022-07-01,670.11
2022-07-02,867.95
2022-07-03,620.79
2022-07-04,945.43
2022-07-05,772.86
2022-07-06,651.01
2022-07-07,595.39
2022-07-08,643.35
2022-07-09,683.55
2022-07-10,663.0
2022-07-11,603.67
2022-07-12,739.02
2022-07-13,706.25
2022-07-14,609.41
2022-07-15,606.71
2022-07-16,492.93
2022-07-17,592.65
2022-07-18,560.75
2022-07-19,473.26
2022-07-20,527.32
2022-07-21,598.62
2022-07-22,685.03
2022-07-23,803.59
2022-07-24,660.71
2022-07-25,926.5
2022-07-26,801.18
2022-07-27,885.57
2022-07-28,792.27
2022-07-29,617.64
2022-07-30,511.63
2022-07-31,512.3
2022-08-01,426.06
2022-08-02,448.61
2022-08-03,662.08
2022-08-04,957.36
2022-08-05,690.86
2022-08-06,651.41
2022-08-07,657.99
2022-08-08,621.44
2022-08-09,754.66
2022-08-10,857.99
2022-08-11,829.94
2022-08-12,658.59
2022-08-13,635.56
2022-08-14,634.37
2022-08-15,1613.21
2022-08-16,919.27
2022-08-17,706.42
2022-08-18,563.67
2022-08-19,467.63
2022-08-20,427.39
2022-08-21,444.68
2022-08-22,404.06
2022-08-23,360.2
2022-08-24,441.94
2022-08-25,572.99
2022-08-26,575.29
2022-08-27,471.51
2022-08-28,458.86
2022-08-29,453.05
2022-08-30,444.46
2022-08-31,567.47
2022-09-01,435.22
2022-09-02,405.03
2022-09-03,540.73
2022-09-04,559.12
2022-09-05,540.04
2022-09-06,960.57
2022-09-07,737.32
2022-09-08,778.98
2022-09-09,663.66
2022-09-10,697.58
2022-09-11,779.24
2022-09-12,691.24
2022-09-13,757.39
2022-09-14,668.21
2022-09-15,560.45
2022-09-16,611.42
2022-09-17,545.93
2022-09-18,555.49
2022-09-19,542.55
2022-09-20,440.32
2022-09-21,412.75
2022-09-22,423.69
2022-09-23,534.4
2022-09-24,495.81
2022-09-25,462.12
2022-09-26,626.2
2022-09-27,426.13
2022-09-28,537.07
2022-09-29,469.27
2022-09-30,474.15
2022-10-01,467.76
2022-10-02,465.03
2022-10-03,386.49
2022-10-04,739.5
2022-10-05,476.5
2022-10-06,390.01
2022-10-07,603.4
2022-10-08,434.43
2022-10-09,401.08
2022-10-10,379.61
2022-10-11,346.62
2022-10-12,515.1
2022-10-13,510.18
2022-10-14,406.99
2022-10-15,436.48
2022-10-16,367.68
2022-10-17,424.03
2022-10-18,441.37
2022-10-19,388.06
2022-10-20,448.36
2022-10-21,401.58
2022-10-22,378.57
2022-10-23,357.84
2022-10-24,349.38
2022-10-25,363.77
2022-10-26,325.17
2022-10-27,363.11
2022-10-28,324.72
2022-10-29,274.61
2022-10-30,242.69
2022-10-31,221.58
2022-11-01,216.5
2022-11-02,215.45
2022-11-03,359.64
2022-11-04,319.74
2022-11-05,267.7
2022-11-06,263.66
2022-11-07,248.3
2022-11-08,236.52
2022-11-09,246.63
2022-11-10,250.34
2022-11-11,260.18
2022-11-12,310.12
2022-11-13,326.09
2022-11-14,362.15
2022-11-15,439.17
2022-11-16,464.06
2022-11-17,471.24
2022-11-18,459.12
2022-11-19,412.37
2022-11-20,659.85
2022-11-21,462.65
2022-11-22,481.33
2022-11-23,402.45
2022-11-24,423.43
2022-11-25,384.89
2022-11-26,501.91
2022-11-27,529.79
2022-11-28,863.08
2022-11-29,701.77
2022-11-30,582.39
2022-12-01,496.27
2022-12-02,443.85
2022-12-03,343.38
2022-12-04,367.23
2022-12-05,287.37
2022-12-06,386.21
2022-12-07,307.58
2022-12-08,279.84
2022-12-09,248.58
2022-12-10,225.93
2022-12-11,220.83
2022-12-12,411.3
2022-12-13,255.85
2022-12-14,226.75
2022-12-15,253.94
2022-12-16,218.33
2022-12-17,210.48
2022-12-18,227.3
2022-12-19,203.58
2022-12-20,188.94
2022-12-21,240.12
2022-12-22,187.73
2022-12-23,168.9
2022-12-24,168.37
2022-12-25,160.21
2022-12-26,199.02
2022-12-27,244.49
2022-12-28,223.22
2022-12-29,221.13
2022-12-30,182.41
2022-12-31,176.76
2023-01-01,185.57
2023-01-02,164.5
2023-01-03,190.46
2023-01-04,168.13
2023-01-05,154.7
2023-01-06,192.61
2023-01-07,180.83
2023-01-08,271.06
2023-01-09,232.92
2023-01-10,245.27
2023-01-11,241.65
2023-01-12,272.4
2023-01-13,287.09
2023-01-14,443.96
2023-01-15,535.63
2023-01-16,404.86
2023-01-17,426.82
2023-01-18,426.44
2023-01-19,374.0
2023-01-20,286.83
2023-01-21,252.25
2023-01-22,334.02
2023-01-23,260.58
2023-01-24,252.35
2023-01-25,206.51
2023-01-26,199.73
2023-01-27,177.61
2023-01-28,163.96
2023-01-29,151.82
2023-01-30,114.11
2023-01-31,135.26
2023-02-01,129.0
2023-02-02,122.39
2023-02-03,117.42
2023-02-04,118.72
2023-02-05,114.0
2023-02-06,110.92
2023-02-07,110.11
2023-02-08,106.56
2023-02-09,93.5
2023-02-10,101.4
2023-02-11,97.89
2023-02-12,116.11
2023-02-13,140.38
2023-02-14,122.87
2023-02-15,345.76
2023-02-16,228.09
2023-02-17,164.31
2023-02-18,147.4
2023-02-19,128.99
2023-02-20,117.34
2023-02-21,110.72
2023-02-22,103.9
2023-02-23,101.72
2023-02-24,95.36
2023-02-25,92.81
2023-02-26,86.52
2023-02-27,86.94
2023-02-28,80.73
2023-03-01,84.38
2023-03-02,79.35
2023-03-03,75.98
2023-03-04,126.21
2023-03-05,121.53
2023-03-06,106.09
2023-03-07,91.05
2023-03-08,96.75
2023-03-09,88.93
2023-03-10,80.88
2023-03-11,83.15
2023-03-12,93.72
2023-03-13,114.5
2023-03-14,110.78
2023-03-15,98.41
2023-03-16,94.16
2023-03-17,130.09
2023-03-18,176.37
2023-03-19,137.96
2023-03-20,123.57
2023-03-21,107.26
2023-03-22,97.6
2023-03-23,173.64
2023-03-24,119.19
2023-03-25,113.3
2023-03-26,114.4
2023-03-27,127.07
2023-03-28,110.28
2023-03-29,113.9
2023-03-30,111.88
2023-03-31,135.13
2023-04-01,161.6
2023-04-02,160.93
2023-04-03,132.23
2023-04-04,129.13
2023-04-05,125.21
2023-04-06,115.14
2023-04-07,248.88
2023-04-08,173.96
2023-04-09,131.54
2023-04-10,134.17
2023-04-11,286.4
2023-04-12,234.45
2023-04-13,193.69
2023-04-14,347.95
2023-04-15,287.09
2023-04-16,336.2
2023-04-17,277.39
2023-04-18,225.97
2023-04-19,190.52
2023-04-20,184.57
2023-04-21,283.57
2023-04-22,234.29
2023-04-23,194.74
2023-04-24,188.92
2023-04-25,158.33
2023-04-26,184.62
2023-04-27,213.32
2023-04-28,172.1
2023-04-29,259.54
2023-04-30,222.01
2023-05-01,180.27
2023-05-02,160.95
2023-05-03,157.01
2023-05-04,147.93
2023-05-05,129.1
2023-05-06,156.81
2023-05-07,272.77
2023-05-08,160.92
2023-05-09,195.58
2023-05-10,482.69
2023-05-11,291.99
2023-05-12,282.41
2023-05-13,331.34
2023-05-14,250.18
2023-05-15,393.38
2023-05-16,320.28
2023-05-17,619.24
2023-05-18,356.95
2023-05-19,303.83
2023-05-20,310.09
2023-05-21,401.13
2023-05-22,743.33
2023-05-23,454.61
2023-05-24,523.21
2023-05-25,484.38
2023-05-26,559.59
2023-05-27,555.09
2023-05-28,919.42
2023-05-29,595.23
2023-05-30,488.01
2023-05-31,459.52
2023-06-01,788.76
2023-06-02,525.87
2023-06-03,438.94
2023-06-04,453.28
2023-06-05,388.08
2023-06-06,340.63
2023-06-07,325.61
2023-06-08,415.76
2023-06-09,924.1
2023-06-10,754.62
2023-06-11,567.22
2023-06-12,429.34
2023-06-13,407.08
2023-06-14,459.48
2023-06-15,403.45
2023-06-16,608.3
2023-06-17,698.79
2023-06-18,508.96
2023-06-19,409.82
2023-06-20,426.22
2023-06-21,350.33
2023-06-22,336.86
2023-06-23,429.61
2023-06-24,364.42
2023-06-25,381.39
2023-06-26,339.84
2023-06-27,330.04
2023-06-28,423.05
2023-06-29,332.72
2023-06-30,390.9
2023-07-01,349.23
2023-07-02,413.67
2023-07-03,413.65
2023-07-04,373.12
2023-07-05,321.65
2023-07-06,307.11
2023-07-07,282.55
2023-07-08,342.97
2023-07-09,280.78
2023-07-10,299.53
2023-07-11,508.46
2023-07-12,571.61
2023-07-13,419.88
2023-07-14,411.08
2023-07-15,511.24
2023-07-16,708.76
2023-07-17,564.08
2023-07-18,526.72
2023-07-19,383.73
2023-07-20,317.07
2023-07-21,288.74
2023-07-22,290.37
2023-07-23,241.38
2023-07-24,223.86
2023-07-25,223.29
2023-07-26,265.58
2023-07-27,564.48
2023-07-28,308.52
2023-07-29,284.06
2023-07-30,329.16
2023-07-31,465.55
2023-08-01,474.37
2023-08-02,586.66
2023-08-03,481.31
2023-08-04,397.67
2023-08-05,429.6
2023-08-06,389.12
2023-08-07,328.07
2023-08-08,400.71
2023-08-09,310.66
2023-08-10,328.75
2023-08-11,409.1
2023-08-12,474.51
2023-08-13,323.49
2023-08-14,289.63
2023-08-15,372.6
2023-08-16,498.21
2023-08-17,528.06
2023-08-18,444.66
2023-08-19,364.58
2023-08-20,341.24
2023-08-21,328.91
2023-08-22,424.66
2023-08-23,428.56
2023-08-24,376.27
2023-08-25,433.72
2023-08-26,328.69
2023-08-27,362.49
2023-08-28,354.25
2023-08-29,312.65
2023-08-30,287.24
2023-08-31,296.86
2023-09-01,295.44
2023-09-02,310.0
2023-09-03,246.75
2023-09-04,240.52
2023-09-05,230.18
2023-09-06,200.81
2023-09-07,342.6
2023-09-08,244.73
2023-09-09,294.17
2023-09-10,278.85
2023-09-11,280.59
2023-09-12,257.77
2023-09-13,285.24
2023-09-14,369.89
2023-09-15,431.09
2023-09-16,299.39
2023-09-17,423.87
2023-09-18,320.57
2023-09-19,378.73
2023-09-20,295.89
2023-09-21,288.02
2023-09-22,249.15
2023-09-23,290.49
2023-09-24,256.44
2023-09-25,319.43
2023-09-26,308.46
2023-09-27,248.04
2023-09-28,229.04
2023-09-29,226.29
2023-09-30,281.38
2023-10-01,283.13
2023-10-02,324.65
2023-10-03,373.42
2023-10-04,663.48
2023-10-05,451.29
2023-10-06,387.98
2023-10-07,371.87
2023-10-08,512.06
2023-10-09,386.15
2023-10-10,494.67
2023-10-11,656.79
2023-10-12,431.97
2023-10-13,403.64
2023-10-14,372.3
2023-10-15,360.55
2023-10-16,335.55
2023-10-17,310.21
2023-10-18,275.3
2023-10-19,283.73
2023-10-20,463.04
2023-10-21,347.8
2023-10-22,303.04
2023-10-23,319.13
2023-10-24,484.24
2023-10-25,343.6
2023-10-26,328.39
2023-10-27,269.86
2023-10-28,264.23
2023-10-29,232.02
2023-10-30,250.48
2023-10-31,275.49
2023-11-01,340.85
2023-11-02,278.78
2023-11-03,375.05
2023-11-04,487.67
2023-11-05,561.7
2023-11-06,508.2
2023-11-07,544.62
2023-11-08,444.31
2023-11-09,599.23
2023-11-10,550.42
2023-11-11,410.19
2023-11-12,453.12
2023-11-13,353.99
2023-11-14,427.49
2023-11-15,510.17
2023-11-16,409.33
2023-11-17,373.13
2023-11-18,799.08
2023-11-19,578.25
2023-11-20,448.03
2023-11-21,485.0
2023-11-22,521.36
2023-11-23,488.79
2023-11-24,389.63
2023-11-25,367.79
2023-11-26,309.2
2023-11-27,273.65
2023-11-28,279.86
2023-11-29,321.18
2023-11-30,251.6
2023-12-01,227.39
2023-12-02,205.56
2023-12-03,194.94
2023-12-04,180.9
2023-12-05,171.5
2023-12-06,164.8
2023-12-07,232.17
2023-12-08,161.74
2023-12-09,147.65
2023-12-10,204.85
2023-12-11,164.37
2023-12-12,181.47
2023-12-13,165.16
2023-12-14,154.2
2023-12-15,145.18
2023-12-16,179.28
2023-12-17,156.54
2023-12-18,140.22
2023-12-19,131.09
2023-12-20,197.45
2023-12-21,152.98
2023-12-22,134.71
2023-12-23,154.85
2023-12-24,135.19
2023-12-25,146.53
2023-12-26,140.34
2023-12-27,169.14
2023-12-28,166.62
2023-12-29,182.21
2023-12-30,260.51
2023-12-31,183.4
2024-01-01,163.39
2024-01-02,152.3
2024-01-03,139.75
2024-01-04,132.31
2024-01-05,116.0
2024-01-06,109.91
2024-01-07,107.56
2024-01-08,102.47
2024-01-09,97.9
2024-01-10,125.27
2024-01-11,114.64
2024-01-12,104.9
2024-01-13,99.57
2024-01-14,91.76
2024-01-15,89.93
2024-01-16,91.83
2024-01-17,84.88
2024-01-18,81.82
2024-01-19,85.67
2024-01-20,80.36
2024-01-21,78.93
2024-01-22,77.18
2024-01-23,72.3
2024-01-24,72.7
2024-01-25,71.42
2024-01-26,73.52
2024-01-27,67.06
2024-01-28,63.8
2024-01-29,62.12
2024-01-30,62.22
2024-01-31,64.83
2024-02-01,72.63
2024-02-02,88.71
2024-02-03,86.32
2024-02-04,85.03
2024-02-05,77.1
2024-02-06,87.49
2024-02-07,218.32
2024-02-08,212.62
2024-02-09,138.91
2024-02-10,112.91
2024-02-11,99.52
2024-02-12,88.54
2024-02-13,87.85
2024-02-14,69.33
2024-02-15,77.3
2024-02-16,111.0
2024-02-17,105.84
2024-02-18,89.39
2024-02-19,81.86
2024-02-20,78.27
2024-02-21,90.92
2024-02-22,82.0
2024-02-23,92.92
2024-02-24,104.77
2024-02-25,186.66
2024-02-26,148.68
2024-02-27,111.52
2024-02-28,95.59
2024-02-29,86.16
2024-03-01,79.04
2024-03-02,74.82
2024-03-03,68.62
2024-03-04,68.48
2024-03-05,67.09
2024-03-06,63.87
2024-03-07,60.93
2024-03-08,58.05
2024-03-09,60.64
2024-03-10,56.92
2024-03-11,61.59
2024-03-12,116.99
2024-03-13,71.24
2024-03-14,78.98
2024-03-15,79.45
2024-03-16,64.11
2024-03-17,81.66
2024-03-18,64.65
2024-03-19,71.85
2024-03-20,137.99
2024-03-21,143.06
2024-03-22,89.12
2024-03-23,86.42
2024-03-24,64.61
2024-03-25,68.74
2024-03-26,62.78
2024-03-27,60.91
2024-03-28,62.29
2024-03-29,61.14
2024-03-30,55.36
2024-03-31,56.52
2024-04-01,64.66
2024-04-02,67.36
2024-04-03,89.19
2024-04-04,124.01
2024-04-05,86.56
2024-04-06,86.26
2024-04-07,79.09
2024-04-08,136.24
2024-04-09,187.44
2024-04-10,112.19
2024-04-11,90.0
2024-04-12,83.33
2024-04-13,72.66
2024-04-14,73.75
2024-04-15,66.44
2024-04-16,71.59
2024-04-17,66.78
2024-04-18,281.63
2024-04-19,297.39
2024-04-20,213.14
2024-04-21,552.17
2024-04-22,394.76
2024-04-23,454.57
2024-04-24,332.07
2024-04-25,308.41
2024-04-26,299.77
2024-04-27,263.25
2024-04-28,411.3
2024-04-29,312.08
2024-04-30,374.03
2024-05-01,310.77
2024-05-02,613.16
2024-05-03,524.6
2024-05-04,538.63
2024-05-05,448.31
2024-05-06,374.6
2024-05-07,571.38
2024-05-08,356.06
2024-05-09,354.19
2024-05-10,419.31
2024-05-11,456.42
2024-05-12,386.92
2024-05-13,306.62
2024-05-14,356.65
2024-05-15,470.95
2024-05-16,452.38
2024-05-17,411.47
2024-05-18,367.88
2024-05-19,318.19
2024-05-20,327.62
2024-05-21,334.1
2024-05-22,352.26
2024-05-23,1073.64
2024-05-24,723.61
2024-05-25,693.3
2024-05-26,707.66
2024-05-27,1049.23
2024-05-28,723.92
2024-05-29,933.74
2024-05-30,1099.76
2024-05-31,1237.7
2024-06-01,794.48
2024-06-02,717.65
2024-06-03,586.41
2024-06-04,820.77
2024-06-05,870.86
2024-06-06,868.92
2024-06-07,653.03
2024-06-08,604.79
2024-06-09,735.22
2024-06-10,635.49
2024-06-11,582.97
2024-06-12,549.3
2024-06-13,889.96
2024-06-14,643.53
2024-06-15,652.33
2024-06-16,606.94
2024-06-17,524.63
2024-06-18,465.11
2024-06-19,404.87
2024-06-20,405.2
2024-06-21,355.52
2024-06-22,391.85
2024-06-23,359.12
2024-06-24,340.24
2024-06-25,435.39
2024-06-26,637.34
2024-06-27,624.89
2024-06-28,709.59
2024-06-29,630.56
2024-06-30,507.63
2024-07-01,542.06
2024-07-02,491.67
2024-07-03,503.69
2024-07-04,558.17
2024-07-05,533.69
2024-07-06,427.12
2024-07-07,426.53
2024-07-08,440.48
2024-07-09,472.36
2024-07-10,424.11
2024-07-11,372.35
2024-07-12,365.48
2024-07-13,356.29
2024-07-14,595.53
2024-07-15,544.65
2024-07-16,558.75
2024-07-17,505.46
2024-07-18,638.44
2024-07-19,579.78
2024-07-20,467.62
2024-07-21,514.01
2024-07-22,547.62
2024-07-23,542.39
2024-07-24,436.8
2024-07-25,685.69
2024-07-26,608.72
2024-07-27,621.01
2024-07-28,710.76
2024-07-29,513.76
2024-07-30,535.24
2024-07-31,563.97
2024-08-01,578.62
2024-08-02,449.02
2024-08-03,629.95
2024-08-04,423.67
2024-08-05,388.93
2024-08-06,418.93
2024-08-07,366.88
2024-08-08,313.46
2024-08-09,494.46
2024-08-10,389.17
2024-08-11,374.01
2024-08-12,462.75
2024-08-13,429.89
2024-08-14,381.99
2024-08-15,357.65
2024-08-16,535.68
2024-08-17,359.87
2024-08-18,301.27
2024-08-19,321.41
2024-08-20,331.7
2024-08-21,436.3
2024-08-22,467.07
2024-08-23,382.31
2024-08-24,695.25
2024-08-25,482.28
2024-08-26,456.67
2024-08-27,435.18
2024-08-28,362.29
2024-08-29,389.92
2024-08-30,493.82
2024-08-31,479.43
2024-09-01,490.66
2024-09-02,405.7
2024-09-03,393.0
2024-09-04,458.78
2024-09-05,406.44
2024-09-06,348.87
2024-09-07,456.19
2024-09-08,391.58
2024-09-09,347.32
2024-09-10,309.07
2024-09-11,377.34
2024-09-12,359.68
2024-09-13,323.64
2024-09-14,352.27
2024-09-15,351.6
2024-09-16,297.47
2024-09-17,278.97
2024-09-18,240.92
2024-09-19,261.3
2024-09-20,232.87
2024-09-21,268.86
2024-09-22,334.91
2024-09-23,300.45
2024-09-24,295.14
2024-09-25,437.35
2024-09-26,379.61
2024-09-27,384.75
2024-09-28,611.23
2024-09-29,410.67
2024-09-30,342.19
2024-10-01,529.09
2024-10-02,404.79
2024-10-03,346.77
2024-10-04,465.87
2024-10-05,424.39
2024-10-06,393.63
2024-10-07,384.76
2024-10-08,384.18
2024-10-09,416.08
2024-10-10,608.75
2024-10-11,457.83
2024-10-12,388.62
2024-10-13,409.27
2024-10-14,399.89
2024-10-15,462.34
2024-10-16,375.83
2024-10-17,345.16
2024-10-18,344.93
2024-10-19,527.61
2024-10-20,380.12
2024-10-21,405.46
2024-10-22,370.71
2024-10-23,525.08
2024-10-24,561.7
2024-10-25,397.23
2024-10-26,342.08
2024-10-27,359.0
2024-10-28,371.42
2024-10-29,382.21
2024-10-30,518.36
2024-10-31,558.52
2024-11-01,683.36
2024-11-02,519.7
2024-11-03,407.34
2024-11-04,349.96
2024-11-05,317.03
2024-11-06,293.74
2024-11-07,261.95
2024-11-08,398.89
2024-11-09,304.94
2024-11-10,261.67
2024-11-11,295.19
2024-11-12,251.79
2024-11-13,224.11
2024-11-14,219.89
2024-11-15,212.72
2024-11-16,191.93
2024-11-17,181.81
2024-11-18,178.89
2024-11-19,203.88
2024-11-20,209.49
2024-11-21,248.52
2024-11-22,217.79
2024-11-23,231.57
2024-11-24,293.26
2024-11-25,234.64
2024-11-26,285.95
2024-11-27,280.46
2024-11-28,315.68
2024-11-29,781.13
2024-11-30,495.09
2024-12-01,394.79
2024-12-02,373.08
2024-12-03,290.27
2024-12-04,281.61
2024-12-05,235.53
2024-12-06,212.72
2024-12-07,197.62
2024-12-08,179.05
2024-12-09,167.07
2024-12-10,159.52
2024-12-11,147.7
2024-12-12,148.08
2024-12-13,149.53
2024-12-14,158.97
2024-12-15,344.76
2024-12-16,188.14
2024-12-17,151.41
2024-12-18,143.89
2024-12-19,202.65
2024-12-20,150.89
2024-12-21,143.75
2024-12-22,137.9
2024-12-23,297.18
2024-12-24,184.24
2024-12-25,168.82
2024-12-26,250.42
2024-12-27,200.51
2024-12-28,260.09
2024-12-29,321.35
2024-12-30,286.87
2024-12-31,266.14
2025-01-01,344.41
2025-01-02,267.27
2025-01-03,225.67
2025-01-04,215.28
2025-01-05,240.42
2025-01-06,480.15
2025-01-07,290.33
2025-01-08,247.98
2025-01-09,272.28
2025-01-10,261.49
2025-01-11,233.71
2025-01-12,204.37
2025-01-13,183.19
2025-01-14,168.31
2025-01-15,157.05
2025-01-16,149.37
2025-01-17,177.65
2025-01-18,139.75
2025-01-19,131.39
2025-01-20,127.63
2025-01-21,118.74
2025-01-22,113.5
2025-01-23,110.87
2025-01-24,112.71
2025-01-25,111.73
2025-01-26,104.19
2025-01-27,105.42
2025-01-28,211.46
2025-01-29,134.43
2025-01-30,116.02
2025-01-31,109.06
2025-02-01,100.85
2025-02-02,139.35
2025-02-03,107.91
2025-02-04,99.38
2025-02-05,92.39
2025-02-06,97.55
2025-02-07,85.56
2025-02-08,102.93
2025-02-09,108.92
2025-02-10,133.81
2025-02-11,93.53
2025-02-12,86.06
2025-02-13,128.4
2025-02-14,198.51
2025-02-15,157.25
2025-02-16,146.66
2025-02-17,149.38
2025-02-18,182.68
2025-02-19,148.81
2025-02-20,169.13
2025-02-21,161.12
2025-02-22,164.55
2025-02-23,204.91
2025-02-24,149.71
2025-02-25,299.84
2025-02-26,237.8
2025-02-27,208.84
2025-02-28,255.39
2025-03-01,238.17
2025-03-02,199.56
2025-03-03,244.0
2025-03-04,218.08
2025-03-05,208.65
2025-03-06,269.37
2025-03-07,261.76
2025-03-08,202.23
2025-03-09,176.9
2025-03-10,163.43
2025-03-11,145.59
2025-03-12,168.59
2025-03-13,145.4
2025-03-14,147.12
2025-03-15,137.69
2025-03-16,122.55
2025-03-17,153.98
2025-03-18,330.67
2025-03-19,236.33
2025-03-20,189.61
2025-03-21,296.0
2025-03-22,245.8
2025-03-23,245.82
2025-03-24,255.4
2025-03-25,284.78
2025-03-26,207.29
2025-03-27,231.71
2025-03-28,224.31
2025-03-29,251.45
2025-03-30,245.48
2025-03-31,203.59
2025-04-01,292.95
2025-04-02,281.18
2025-04-03,290.8
2025-04-04,301.32
2025-04-05,274.07
2025-04-06,324.54
2025-04-07,226.22
2025-04-08,211.62
2025-04-09,209.7
2025-04-10,657.03
2025-04-11,381.34
2025-04-12,367.51
2025-04-13,372.82
2025-04-14,372.35
2025-04-15,278.14
2025-04-16,320.89
2025-04-17,300.67
2025-04-18,259.65
2025-04-19,612.19
2025-04-20,452.93
2025-04-21,454.78
2025-04-22,425.76
2025-04-23,445.33
2025-04-24,417.35
2025-04-25,442.59
2025-04-26,1277.03
2025-04-27,674.45
2025-04-28,609.92
2025-04-29,678.24
2025-04-30,582.47
2025-05-01,513.74
2025-05-02,517.38
2025-05-03,535.9
2025-05-04,602.53
2025-05-05,532.32
2025-05-06,665.6
2025-05-07,552.98
2025-05-08,553.2
2025-05-09,510.8
2025-05-10,415.59
2025-05-11,837.34
2025-05-12,473.7
2025-05-13,703.97
2025-05-14,468.4
2025-05-15,441.46
2025-05-16,707.77
2025-05-17,757.17
2025-05-18,807.98
2025-05-19,811.16
2025-05-20,596.71
2025-05-21,653.06
2025-05-22,643.44
2025-05-23,515.7
2025-05-24,611.26
2025-05-25,550.94
2025-05-26,546.3
2025-05-27,646.77
2025-05-28,821.81
2025-05-29,639.17
2025-05-30,687.23
2025-05-31,910.05
2025-06-01,1049.06
2025-06-02,918.37
2025-06-03,762.44
2025-06-04,827.42
2025-06-05,705.37
2025-06-06,860.25
2025-06-07,641.98
2025-06-08,762.73
2025-06-09,634.27
2025-06-10,688.61
2025-06-11,803.8
2025-06-12,664.42
2025-06-13,609.26
2025-06-14,485.68
2025-06-15,741.67
2025-06-16,673.07
2025-06-17,584.59
2025-06-18,488.07
2025-06-19,414.1
2025-06-20,364.57
2025-06-21,479.14
2025-06-22,516.28
2025-06-23,581.62
2025-06-24,494.8
2025-06-25,445.58
2025-06-26,437.03
2025-06-27,668.37
2025-06-28,814.86
2025-06-29,692.05
2025-06-30,607.81
2025-07-01,882.33
2025-07-02,790.76
2025-07-03,821.69
2025-07-04,665.48
2025-07-05,757.06
2025-07-06,637.5
2025-07-07,548.18
2025-07-08,542.25
2025-07-09,602.77
2025-07-10,689.64
2025-07-11,677.39
2025-07-12,1220.7
2025-07-13,948.6
2025-07-14,866.56
2025-07-15,643.28
2025-07-16,602.61
2025-07-17,577.08
2025-07-18,609.92
2025-07-19,596.71
2025-07-20,593.06
2025-07-21,543.21
2025-07-22,428.79
2025-07-23,377.24
2025-07-24,336.66
2025-07-25,383.67
2025-07-26,344.6
2025-07-27,519.69
2025-07-28,669.69
2025-07-29,469.24
2025-07-30,558.26
2025-07-31,415.13
2025-08-01,367.8
2025-08-02,317.36
2025-08-03,340.68
2025-08-04,415.33
2025-08-05,371.35
2025-08-06,311.58
2025-08-07,549.84
2025-08-08,360.6
2025-08-09,387.53
2025-08-10,394.68
2025-08-11,383.77
2025-08-12,422.03
2025-08-13,566.59
2025-08-14,401.01
2025-08-15,369.12
2025-08-16,360.74
2025-08-17,321.23
2025-08-18,374.16
2025-08-19,325.78
2025-08-20,284.24
2025-08-21,312.48
2025-08-22,305.5
2025-08-23,406.91
2025-08-24,411.32
2025-08-25,325.1
2025-08-26,430.44
2025-08-27,325.34
2025-08-28,453.7
2025-08-29,340.27
2025-08-30,301.08
2025-08-31,289.84
2025-09-01,413.33
2025-09-02,542.55
2025-09-03,371.58
2025-09-04,309.19
2025-09-05,483.45
2025-09-06,460.6
2025-09-07,450.26
2025-09-08,400.93
2025-09-09,340.23
2025-09-10,288.98
2025-09-11,352.32
2025-09-12,371.62
2025-09-13,326.66
2025-09-14,328.08
2025-09-15,298.57
2025-09-16,327.07
2025-09-17,330.26
2025-09-18,393.07
2025-09-19,549.43
2025-09-20,418.45
2025-09-21,799.47
2025-09-22,516.62
2025-09-23,380.67
2025-09-24,354.7
2025-09-25,322.1
2025-09-26,474.96
2025-09-27,525.87
2025-09-28,444.28
2025-09-29,481.21
2025-09-30,692.12
2025-10-01,473.08
2025-10-02,476.73
2025-10-03,413.11
2025-10-04,390.26
2025-10-05,417.12
2025-10-06,420.29
2025-10-07,322.2
2025-10-08,423.14
2025-10-09,362.71
2025-10-10,425.1
2025-10-11,342.06
2025-10-12,403.11
2025-10-13,323.92
2025-10-14,310.85
2025-10-15,353.06
2025-10-16,388.34
2025-10-17,380.48
2025-10-18,410.73
2025-10-19,452.13
2025-10-20,462.53
2025-10-21,516.35
2025-10-22,535.36
2025-10-23,555.26
2025-10-24,468.85
2025-10-25,440.2
2025-10-26,362.61
2025-10-27,415.26
2025-10-28,363.39
2025-10-29,480.59
2025-10-30,609.99
2025-10-31,569.03
2025-11-01,629.91
2025-11-02,645.04
2025-11-03,625.43
2025-11-04,560.37
2025-11-05,620.47
2025-11-06,625.12
2025-11-07,675.43
2025-11-08,541.86
2025-11-09,439.46
2025-11-10,396.86
2025-11-11,351.79
2025-11-12,324.15
2025-11-13,352.32
2025-11-14,453.38
2025-11-15,387.78
2025-11-16,525.96
2025-11-17,415.05
2025-11-18,389.59
2025-11-19,452.24
2025-11-20,505.06
2025-11-21,410.12
2025-11-22,365.0
2025-11-23,323.48
2025-11-24,294.64
2025-11-25,260.63
2025-11-26,268.68
2025-11-27,283.7
2025-11-28,570.8
2025-11-29,986.28
2025-11-30,706.69
2025-12-01,657.27
2025-12-02,578.75
2025-12-03,495.53
2025-12-04,571.93
2025-12-05,570.65
2025-12-06,457.2
2025-12-07,828.66
2025-12-08,444.4
2025-12-09,431.85
2025-12-10,453.15
2025-12-11,366.63
2025-12-12,346.93
2025-12-13,307.52
2025-12-14,298.66
2025-12-15,297.69
2025-12-16,442.1
2025-12-17,355.11
2025-12-18,313.94
2025-12-19,274.56
2025-12-20,248.01
2025-12-21,255.38
2025-12-22,232.29
2025-12-23,201.92
2025-12-24,190.76
2025-12-25,182.43
2025-12-26,170.57
2025-12-27,162.88
2025-12-28,151.29
2025-12-29,149.78
2025-12-30,145.88
2025-12-31,236.94
2026-01-01,539.09
2026-01-02,753.88
2026-01-03,546.86
2026-01-04,409.72
2026-01-05,366.43
2026-01-06,386.28
2026-01-07,329.05
2026-01-08,340.68
2026-01-09,350.67
2026-01-10,308.95
2026-01-11,319.68
2026-01-12,408.72
2026-01-13,430.23
2026-01-14,380.79
2026-01-15,378.07
2026-01-16,316.37
2026-01-17,282.66
2026-01-18,253.72
2026-01-19,458.7
2026-01-20,388.87
2026-01-21,404.55
2026-01-22,328.69
2026-01-23,289.81
2026-01-24,254.57
2026-01-25,229.81
2026-01-26,215.86
2026-01-27,228.34
2026-01-28,206.12
2026-01-29,320.02
2026-01-30,300.75
2026-01-31,292.51
2026-02-01,1452.67
2026-02-02,2282.35
2026-02-03,2238.56
2026-02-04,1801.32
2026-02-05,1318.01
2026-02-06,1077.23
2026-02-07,970.75
2026-02-08,1162.72
2026-02-09,1537.74
2026-02-10,1041.61
2026-02-11,818.18
2026-02-12,605.98
2026-02-13,525.23
2026-02-14,653.82
2026-02-15,766.72
2026-02-16,599.68
2026-02-17,742.61
2026-02-18,624.13
2026-02-19,657.59
2026-02-20,608.68
2026-02-21,511.33
2026-02-22,553.22
2026-02-23,637.05
2026-02-24,1025.75
2026-02-25,689.93
2026-02-26,575.24
2026-02-27,472.5
2026-02-28,393.5
2026-03-01,339.58
2026-03-02,280.41
2026-03-03,253.35
2026-03-04,250.22
2026-03-05,219.79
2026-03-06,215.39
2026-03-07,195.62
2026-03-08,191.04
2026-03-09,193.07
2026-03-10,171.7
2026-03-11,170.46
2026-03-12,156.02
2026-03-13,146.13
2026-03-14,141.31
2026-03-15,135.37
2026-03-16,125.17
2026-03-17,121.89
2026-03-18,123.71
2026-03-19,128.54
2026-03-20,112.28
2026-03-21,154.72
2026-03-22,143.9
2026-03-23,117.53
2026-03-24,120.91
2026-03-25,110.5
2026-03-26,147.09
2026-03-27,202.87
2026-03-28,158.58
2026-03-29,138.63
2026-03-30,146.54
2026-03-31,141.15
2026-04-01,135.18
2026-04-02,118.1
2026-04-03,124.56
2026-04-04,121.1
2026-04-05,179.1
2026-04-06,163.96
2026-04-07,174.81
2026-04-08,498.46
2026-04-09,303.87
2026-04-10,291.1
2026-04-11,685.52
2026-04-12,305.07
2026-04-13,464.42
2026-04-14,781.38
2026-04-15,716.46
2026-04-16,529.68
2026-04-17,404.4
2026-04-18,328.93
2026-04-19,277.59
2026-04-20,237.75
2026-04-21,205.51
2026-04-22,217.27
2026-04-23,227.13
2026-04-24,219.44
2026-04-25,216.72
2026-04-26,231.36
2026-04-27,276.62
2026-04-28,310.02
2026-04-29,373.21
2026-04-30,239.61
2026-05-01,218.21
2026-05-02,221.25
2026-05-03,259.5
2026-05-04,393.81
2026-05-05,279.49
2026-05-06,319.89
2026-05-07,237.41
2026-05-08,357.3
2026-05-09,262.78
2026-05-10,358.29
2026-05-11,509.46
2026-05-12,334.8
2026-05-13,299.44
2026-05-14,283.7
2026-05-15,259.14
2026-05-16,230.06
2026-05-17,278.86
2026-05-18,204.57
2026-05-19,201.41
2026-05-20,180.68
2026-05-21,176.93
2026-05-22,153.15
2026-05-23,162.18
2026-05-24,186.67
2026-05-25,181.71
2026-05-26,295.22
2026-05-27,764.1
2026-05-28,307.79
2026-05-29,412.7
2026-05-30,392.45
2026-05-31,379.66
2026-06-01,307.1
2026-06-02,287.71
2026-06-03,337.38
2026-06-04,260.74
2026-06-05,268.89
2026-06-06,400.8
2026-06-07,423.0
2026-06-08,435.54
2026-06-09,306.22
2026-06-10,311.39
2026-06-11,287.25
2026-06-12,250.7
2026-06-13,266.37
2026-06-14,223.08
2026-06-15,280.74
2026-06-16,351.97
2026-06-17,303.23
2026-06-18,291.37
2026-06-19,252.12
2026-06-20,234.12
2026-06-21,213.45
2026-06-22,279.61
2026-06-23,328.14
2026-06-24,237.75
2026-06-25,232.14
2026-06-26,248.95
2026-06-27,215.16
2026-06-28,211.86
2026-06-29,199.14
2026-06-30,188.49
2026-07-01,243.67
2026-07-02,325.54
2026-07-03,400.07
2026-07-04,730.94
2026-07-05,386.67
2026-07-06,302.57
2026-07-07,307.37
2026-07-08,285.19
2026-07-09,525.8
2026-07-10,396.37
2026-07-11,380.32
2026-07-12,364.89
2026-07-13,370.59
2026-07-14,259.11
2026-07-15,252.73
2026-07-16,236.33
2026-07-17,324.89
2026-07-18,263.05
2026-07-19,321.38
2026-07-20,434.32
2026-07-21,411.82
2026-07-22,284.81
2026-07-23,286.47
2026-07-24,354.25
2026-07-25,312.32
2026-07-26,373.41
2026-07-27,304.99
2026-07-28,295.12
2026-07-29,230.34
2026-07-30,259.3
2026-07-31,287.61
2026-08-01,227.29
2026-08-02,207.57
2026-08-03,262.74
2026-08-04,203.42
2026-08-05,308.88
2026-08-06,353.63
2026-08-07,340.92
2026-08-08,255.96
2026-08-09,451.69
2026-08-10,265.38
2026-08-11,221.94
2026-08-12,222.25
2026-08-13,183.86
2026-08-14,229.85
2026-08-15,227.42
2026-08-16,235.87
2026-08-17,413.16
2026-08-18,442.57
2026-08-19,277.45
2026-08-20,331.2
2026-08-21,232.4
2026-08-22,399.03
2026-08-23,315.08
2026-08-24,381.89
2026-08-25,234.06
2026-08-26,421.39
2026-08-27,582.09
2026-08-28,458.9
2026-08-29,335.38
2026-08-30,411.76
2026-08-31,647.26
2026-09-01,617.16
2026-09-02,618.2
2026-09-03,440.32
2026-09-04,463.1
2026-09-05,385.51
2026-09-06,335.64
2026-09-07,321.41
2026-09-08,389.61
2026-09-09,320.58
2026-09-10,345.48
2026-09-11,449.72
2026-09-12,300.1
