fecha,volumen_util_pct
2000-02-02,0.46264
2000-02-03,0.46531
2000-02-04,0.46796
2000-02-05,0.47443
2000-02-06,0.47786
2000-02-07,0.47899
2000-02-08,0.47633
2000-02-09,0.47025
2000-02-10,0.46378
2000-02-11,0.46036
2000-02-12,0.46036
2000-02-13,0.46036
2000-02-14,0.45161
2000-02-15,0.44438
2000-02-16,0.43564
2000-02-17,0.42889
2000-02-18,0.42276
2000-02-19,0.41409
2000-02-20,0.4112
2000-02-21,0.4047
2000-02-22,0.39582
2000-02-23,0.4029
2000-02-24,0.42925
2000-02-25,0.44781
2000-02-26,0.45465
2000-02-27,0.46378
2000-02-28,0.46949
2000-02-29,0.47481
2000-03-01,0.48381
2000-03-02,0.48894
2000-03-03,0.48894
2000-03-04,0.48381
2000-03-05,0.47481
2000-03-06,0.46872
2000-03-07,0.47214
2000-03-08,0.47329
2000-03-09,0.47329
2000-03-10,0.46416
2000-03-11,0.46416
2000-03-12,0.46416
2000-03-13,0.46416
2000-03-14,0.46112
2000-03-15,0.45846
2000-03-16,0.45541
2000-03-17,0.45009
2000-03-18,0.44743
2000-03-19,0.44362
2000-03-20,0.43792
2000-03-21,0.43412
2000-03-22,0.43069
2000-03-23,0.42781
2000-03-24,0.42203
2000-03-25,0.41446
2000-03-26,0.40254
2000-03-27,0.38774
2000-03-28,0.3741
2000-03-29,0.36807
2000-03-30,0.36337
2000-03-31,0.35734
2000-04-01,0.34662
2000-04-02,0.3327
2000-04-03,0.32484
2000-04-04,0.3163
2000-04-05,0.3081
2000-04-06,0.29956
2000-04-07,0.28828
2000-04-08,0.27339
2000-04-09,0.25921
2000-04-10,0.2546
2000-04-11,0.2522
2000-04-12,0.2522
2000-04-13,0.25109
2000-04-14,0.24638
2000-04-15,0.23751
2000-04-16,0.23446
2000-04-17,0.23224
2000-04-18,0.21866
2000-04-19,0.21185
2000-04-20,0.2067
2000-04-21,0.20185
2000-04-22,0.19701
2000-04-23,0.18942
2000-04-24,0.18731
2000-04-25,0.18731
2000-04-26,0.20003
2000-04-27,0.20549
2000-04-28,0.20306
2000-04-29,0.23612
2000-04-30,0.24499
2000-05-01,0.24915
2000-05-02,0.24915
2000-05-03,0.24776
2000-05-04,0.25109
2000-05-05,0.25389
2000-05-06,0.25921
2000-05-07,0.27446
2000-05-08,0.29148
2000-05-09,0.2999
2000-05-10,0.29714
2000-05-11,0.30708
2000-05-12,0.31801
2000-05-13,0.32314
2000-05-14,0.32314
2000-05-15,0.32894
2000-05-16,0.3228
2000-05-17,0.32484
2000-05-18,0.32724
2000-05-19,0.3245
2000-05-20,0.3245
2000-05-21,0.32894
2000-05-22,0.3204
2000-05-23,0.30708
2000-05-24,0.29183
2000-05-25,0.31493
2000-05-26,0.34561
2000-05-27,0.36739
2000-05-28,0.37544
2000-05-29,0.38114
2000-05-30,0.3863
2000-05-31,0.38955
2000-06-01,0.39785
2000-06-02,0.44324
2000-06-03,0.45846
2000-06-04,0.46758
2000-06-05,0.46758
2000-06-06,0.47786
2000-06-07,0.47595
2000-06-08,0.47252
2000-06-09,0.46949
2000-06-10,0.46949
2000-06-11,0.47252
2000-06-12,0.46758
2000-06-13,0.44895
2000-06-14,0.43944
2000-06-15,0.42601
2000-06-16,0.41698
2000-06-17,0.40146
2000-06-18,0.3946
2000-06-19,0.38882
2000-06-20,0.37175
2000-06-21,0.36706
2000-06-22,0.37041
2000-06-23,0.41229
2000-06-24,0.43906
2000-06-25,0.46378
2000-06-26,0.46378
2000-06-27,0.47101
2000-06-28,0.47972
2000-06-29,0.48757
2000-06-30,0.49509
2000-07-01,0.50431
2000-07-02,0.5263
2000-07-03,0.54469
2000-07-04,0.55068
2000-07-05,0.56906
2000-07-06,0.58522
2000-07-07,0.60431
2000-07-08,0.62055
2000-07-09,0.60959
2000-07-10,0.60106
2000-07-11,0.61284
2000-07-12,0.61893
2000-07-13,0.60268
2000-07-14,0.58319
2000-07-15,0.59294
2000-07-16,0.62055
2000-07-17,0.65304
2000-07-18,0.66538
2000-07-19,0.67389
2000-07-20,0.68069
2000-07-21,0.69856
2000-07-22,0.70877
2000-07-23,0.71303
2000-07-24,0.70877
2000-07-25,0.69005
2000-07-26,0.70452
2000-07-27,0.74385
2000-07-28,0.75932
2000-07-29,0.75932
2000-07-30,0.76318
2000-07-31,0.7598
2000-08-01,0.74771
2000-08-02,0.74433
2000-08-03,0.7395
2000-08-04,0.7482
2000-08-05,0.75836
2000-08-06,0.77092
2000-08-07,0.76609
2000-08-08,0.75304
2000-08-09,0.74095
2000-08-10,0.72323
2000-08-11,0.70026
2000-08-12,0.68282
2000-08-13,0.66197
2000-08-14,0.64155
2000-08-15,0.6305
2000-08-16,0.62299
2000-08-17,0.61284
2000-08-18,0.61852
2000-08-19,0.61284
2000-08-20,0.61893
2000-08-21,0.59822
2000-08-22,0.5905
2000-08-23,0.59659
2000-08-24,0.60675
2000-08-25,0.61162
2000-08-26,0.62258
2000-08-27,0.60837
2000-08-28,0.61812
2000-08-29,0.63602
2000-08-30,0.66325
2000-08-31,0.67686
2000-09-01,0.68027
2000-09-02,0.68708
2000-09-03,0.68027
2000-09-04,0.69431
2000-09-05,0.70452
2000-09-06,0.71133
2000-09-07,0.69091
2000-09-08,0.67091
2000-09-09,0.66751
2000-09-10,0.67219
2000-09-11,0.68282
2000-09-12,0.6892
2000-09-13,0.69644
2000-09-14,0.70707
2000-09-15,0.71005
2000-09-16,0.70877
2000-09-17,0.71218
2000-09-18,0.71643
2000-09-19,0.72749
2000-09-20,0.73708
2000-09-21,0.74482
2000-09-22,0.74869
2000-09-23,0.74482
2000-09-24,0.75787
2000-09-25,0.75787
2000-09-26,0.76996
2000-09-27,0.77963
2000-09-28,0.78639
2000-09-29,0.8055
2000-09-30,0.8055
2000-10-01,0.80974
2000-10-02,0.80173
2000-10-03,0.8055
2000-10-04,0.82103
2000-10-05,0.83656
2000-10-06,0.83138
2000-10-07,0.83326
2000-10-08,0.83656
2000-10-09,0.84408
2000-10-10,0.8634
2000-10-11,0.86691
2000-10-12,0.87041
2000-10-13,0.88181
2000-10-14,0.89233
2000-10-15,0.90635
2000-10-16,0.91424
2000-10-17,0.9195
2000-10-18,0.95588
2000-10-19,0.96903
2000-10-20,0.96377
2000-10-21,0.95632
2000-10-22,0.94756
2000-10-23,0.93922
2000-10-24,0.9752
2000-10-25,0.96903
2000-10-26,0.96903
2000-10-27,0.97281
2000-10-28,0.97281
2000-10-29,0.98259
2000-10-30,0.98068
2000-10-31,0.97329
2000-11-01,0.96995
2000-11-02,0.96246
2000-11-03,0.974
2000-11-04,0.98187
2000-11-05,0.98521
2000-11-06,0.98521
2000-11-07,0.97592
2000-11-08,0.97186
2000-11-09,0.96772
2000-11-10,0.97758
2000-11-11,0.98187
2000-11-12,0.98927
2000-11-13,0.99475
2000-11-14,0.99904
2000-11-15,0.98426
2000-11-16,0.97615
2000-11-17,0.97615
2000-11-18,1.0004
2000-11-19,1.00839
2000-11-20,1.01119
2000-11-21,1.01099
2000-11-22,1.0096
2000-11-23,1.01099
2000-11-24,1.0088
2000-11-25,0.98856
2000-11-26,0.98521
2000-11-27,0.98283
2000-11-28,0.97949
2000-11-29,0.9752
2000-11-30,0.97592
2000-12-01,0.98092
2000-12-02,0.98856
2000-12-03,0.99785
2000-12-04,1.00716
2000-12-05,1.02609
2000-12-06,1.0399
2000-12-07,1.04092
2000-12-08,1.04195
2000-12-09,1.03223
2000-12-10,1.02148
2000-12-11,1.01484
2000-12-12,1.01177
2000-12-13,1.00972
2000-12-14,1.00818
2000-12-15,1.00767
2000-12-16,1.0046
2000-12-17,1.00256
2000-12-18,0.99939
2000-12-19,0.99695
2000-12-20,0.99389
2000-12-21,0.98901
2000-12-22,0.98413
2000-12-23,0.97863
2000-12-24,0.97436
2000-12-25,0.97497
2000-12-26,0.97191
2000-12-27,0.99756
2000-12-28,1.00205
2000-12-29,1.00307
2000-12-30,1.00512
2000-12-31,1.00409
2001-01-01,1.00205
2001-01-02,0.99817
2001-01-03,0.99695
2001-01-04,0.99756
2001-01-05,1.00256
2001-01-06,1.00665
2001-01-07,1.00716
2001-01-08,1.00512
2001-01-09,1.00205
2001-01-10,0.99878
2001-01-11,0.99939
2001-01-12,0.99634
2001-01-13,0.99206
2001-01-14,0.98657
2001-01-15,0.97985
2001-01-16,0.97191
2001-01-17,0.96442
2001-01-18,0.95769
2001-01-19,0.94871
2001-01-20,0.94254
2001-01-21,0.93581
2001-01-22,0.92964
2001-01-23,0.92852
2001-01-24,0.93132
2001-01-25,0.92964
2001-01-26,0.9302
2001-01-27,0.92683
2001-01-28,0.92122
2001-01-29,0.91393
2001-01-30,0.90832
2001-01-31,0.90832
2001-02-01,0.90832
2001-02-02,0.90719
2001-02-03,0.90046
2001-02-04,0.8898
2001-02-05,0.88083
2001-02-06,0.87129
2001-02-07,0.86175
2001-02-08,0.85184
2001-02-09,0.84341
2001-02-10,0.83317
2001-02-11,0.82293
2001-02-12,0.81269
2001-02-13,0.80125
2001-02-14,0.78899
2001-02-15,0.77661
2001-02-16,0.76423
2001-02-17,0.75186
2001-02-18,0.74072
2001-02-19,0.7297
2001-02-20,0.71772
2001-02-21,0.70683
2001-02-22,0.69431
2001-02-23,0.68342
2001-02-24,0.67198
2001-02-25,0.66109
2001-02-26,0.65183
2001-02-27,0.64149
2001-02-28,0.62842
2001-03-01,0.60597
2001-03-02,0.60597
2001-03-03,0.59453
2001-03-04,0.58361
2001-03-05,0.57221
2001-03-06,0.57323
2001-03-07,0.59661
2001-03-08,0.61376
2001-03-09,0.61688
2001-03-10,0.61584
2001-03-11,0.61636
2001-03-12,0.61428
2001-03-13,0.60337
2001-03-14,0.60337
2001-03-15,0.59557
2001-03-16,0.58777
2001-03-17,0.57946
2001-03-18,0.57016
2001-03-19,0.56096
2001-03-20,0.55175
2001-03-21,0.54356
2001-03-22,0.53896
2001-03-23,0.53231
2001-03-24,0.53129
2001-03-25,0.50955
2001-03-26,0.50036
2001-03-27,0.50036
2001-03-28,0.47791
2001-03-29,0.44627
2001-03-30,0.4196
2001-03-31,0.38957
2001-04-01,0.36261
2001-04-02,0.33546
2001-04-03,0.31054
2001-04-04,0.28606
2001-04-05,0.26201
2001-04-06,0.2397
2001-04-07,0.22835
2001-04-08,0.22054
2001-04-09,0.217
2001-04-10,0.21771
2001-04-11,0.21735
2001-04-12,0.217
2001-04-13,0.22019
2001-04-14,0.22587
2001-04-15,0.23757
2001-04-16,0.24183
2001-04-17,0.25141
2001-04-18,0.2507
2001-04-19,0.25565
2001-04-20,0.23651
2001-04-21,0.23615
2001-04-22,0.23367
2001-04-23,0.23083
2001-04-24,0.23119
2001-04-25,0.2319
2001-04-26,0.2319
2001-04-27,0.23509
2001-04-28,0.23367
2001-04-29,0.23828
2001-04-30,0.24573
2001-05-01,0.25248
2001-05-02,0.26246
2001-05-03,0.28106
2001-05-04,0.29196
2001-05-05,0.28742
2001-05-06,0.28515
2001-05-07,0.29241
2001-05-08,0.33415
2001-05-09,0.35703
2001-05-10,0.37376
2001-05-11,0.38495
2001-05-12,0.39696
2001-05-13,0.40343
2001-05-14,0.42145
2001-05-15,0.45406
2001-05-16,0.50386
2001-05-17,0.51785
2001-05-18,0.5196
2001-05-19,0.53129
2001-05-20,0.53026
2001-05-21,0.5497
2001-05-22,0.55277
2001-05-23,0.57375
2001-05-24,0.59037
2001-05-25,0.59765
2001-05-26,0.59713
2001-05-27,0.59661
2001-05-28,0.59921
2001-05-29,0.59661
2001-05-30,0.61896
2001-05-31,0.63114
2001-06-01,0.64257
2001-06-02,0.65401
2001-06-03,0.66
2001-06-04,0.67852
2001-06-05,0.68396
2001-06-06,0.68124
2001-06-07,0.6747
2001-06-08,0.67743
2001-06-09,0.67688
2001-06-10,0.67361
2001-06-11,0.68559
2001-06-12,0.68233
2001-06-13,0.67743
2001-06-14,0.67307
2001-06-15,0.66436
2001-06-16,0.65183
2001-06-17,0.64257
2001-06-18,0.63223
2001-06-19,0.63386
2001-06-20,0.63168
2001-06-21,0.65837
2001-06-22,0.67035
2001-06-23,0.6796
2001-06-24,0.68832
2001-06-25,0.69757
2001-06-26,0.71064
2001-06-27,0.71119
2001-06-28,0.70683
2001-06-29,0.69431
2001-06-30,0.68015
2001-07-01,0.70248
2001-07-02,0.71119
2001-07-03,0.7003
2001-07-04,0.68614
2001-07-05,0.67144
2001-07-06,0.66109
2001-07-07,0.65238
2001-07-08,0.65183
2001-07-09,0.64149
2001-07-10,0.65673
2001-07-11,0.65728
2001-07-12,0.65728
2001-07-13,0.67307
2001-07-14,0.67416
2001-07-15,0.69104
2001-07-16,0.70465
2001-07-17,0.6954
2001-07-18,0.68723
2001-07-19,0.68342
2001-07-20,0.69376
2001-07-21,0.68287
2001-07-22,0.66762
2001-07-23,0.64747
2001-07-24,0.62364
2001-07-25,0.59973
2001-07-26,0.57738
2001-07-27,0.55431
2001-07-28,0.55277
2001-07-29,0.55277
2001-07-30,0.55584
2001-07-31,0.52924
2001-08-01,0.50736
2001-08-02,0.50955
2001-08-03,0.51567
2001-08-04,0.49949
2001-08-05,0.50605
2001-08-06,0.51523
2001-08-07,0.52413
2001-08-08,0.51348
2001-08-09,0.52566
2001-08-10,0.52873
2001-08-11,0.52719
2001-08-12,0.51523
2001-08-13,0.52135
2001-08-14,0.52924
2001-08-15,0.53896
2001-08-16,0.56351
2001-08-17,0.54868
2001-08-18,0.53231
2001-08-19,0.53845
2001-08-20,0.54305
2001-08-21,0.55021
2001-08-22,0.53078
2001-08-23,0.51217
2001-08-24,0.51217
2001-08-25,0.51698
2001-08-26,0.51785
2001-08-27,0.49249
2001-08-28,0.49818
2001-08-29,0.5008
2001-08-30,0.49993
2001-08-31,0.50124
2001-09-01,0.50867
2001-09-02,0.51698
2001-09-03,0.52223
2001-09-04,0.55226
2001-09-05,0.58933
2001-09-06,0.62787
2001-09-07,0.64747
2001-09-08,0.66599
2001-09-09,0.67852
2001-09-10,0.65728
2001-09-11,0.65782
2001-09-12,0.66762
2001-09-13,0.67361
2001-09-14,0.68287
2001-09-15,0.69322
2001-09-16,0.7003
2001-09-17,0.70302
2001-09-18,0.6796
2001-09-19,0.6796
2001-09-20,0.68723
2001-09-21,0.68995
2001-09-22,0.69158
2001-09-23,0.67852
2001-09-24,0.66163
2001-09-25,0.66163
2001-09-26,0.66545
2001-09-27,0.67144
2001-09-28,0.68124
2001-09-29,0.69485
2001-09-30,0.71173
2001-10-01,0.72262
2001-10-02,0.7297
2001-10-03,0.74134
2001-10-04,0.7599
2001-10-05,0.77413
2001-10-06,0.79703
2001-10-07,0.82353
2001-10-08,0.83678
2001-10-09,0.84823
2001-10-10,0.88531
2001-10-11,0.91224
2001-10-12,0.9229
2001-10-13,0.9302
2001-10-14,0.92571
2001-10-15,0.92066
2001-10-16,0.9229
2001-10-17,0.91729
2001-10-18,0.92627
2001-10-19,0.93413
2001-10-20,0.92683
2001-10-21,0.91898
2001-10-22,0.91224
2001-10-23,0.90046
2001-10-24,0.91415
2001-10-25,0.92403
2001-10-26,0.93076
2001-10-27,0.93805
2001-10-28,0.94479
2001-10-29,0.94815
2001-10-30,0.95601
2001-10-31,0.95881
2001-11-01,0.96667
2001-11-02,0.97008
2001-11-03,0.9633
2001-11-04,0.9403
2001-11-05,0.9229
2001-11-06,0.91842
2001-11-07,0.90888
2001-11-08,0.91505
2001-11-09,0.91785
2001-11-10,0.92571
2001-11-11,0.92908
2001-11-12,0.93693
2001-11-13,0.94927
2001-11-14,0.95152
2001-11-15,0.9713
2001-11-16,0.98168
2001-11-17,0.98559
2001-11-18,0.9713
2001-11-19,0.9713
2001-11-20,0.98413
2001-11-21,1.01125
2001-11-22,1.01688
2001-11-23,1.01842
2001-11-24,1.01023
2001-11-25,0.99939
2001-11-26,0.98474
2001-11-27,0.99512
2001-11-28,0.97802
2001-11-29,0.97863
2001-11-30,0.9829
2001-12-01,0.96274
2001-12-02,0.97191
2001-12-03,0.98168
2001-12-04,0.98901
2001-12-05,0.95825
2001-12-06,0.96106
2001-12-07,0.96779
2001-12-08,0.971
2001-12-09,0.97649
2001-12-10,1.0
2001-12-11,0.99145
2001-12-12,0.96863
2001-12-13,0.95545
2001-12-14,0.96414
2001-12-15,0.97698
2002-04-30,0.78342
2002-05-01,0.79823
2002-05-02,0.78527
2002-05-03,0.78589
2002-05-04,0.81269
2002-05-05,0.82775
2002-05-06,0.79823
2002-05-07,0.76918
2002-05-08,0.74505
2002-05-09,0.75248
2002-05-10,0.763
2002-05-11,0.75804
2002-05-12,0.77723
2002-05-13,0.78899
2002-05-14,0.80366
2002-05-15,0.79146
2002-05-16,0.7828
2002-05-17,0.76856
2002-05-18,0.78094
2002-05-19,0.80185
2002-05-20,0.79823
2002-05-21,0.80727
2002-05-22,0.83738
2002-05-23,0.83738
2002-05-24,0.86736
2002-05-25,0.87185
2002-05-26,0.86736
2002-05-27,0.85304
2002-05-28,0.83257
2002-05-29,0.80908
2002-05-30,0.7896
2002-05-31,0.77166
2002-06-01,0.76671
2002-06-02,0.7797
2002-06-03,0.77661
2002-06-04,0.76423
2002-06-05,0.75619
2002-06-06,0.75557
2002-06-07,0.76361
2002-06-08,0.7698
2002-06-09,0.80787
2002-06-10,0.80968
2002-06-11,0.79703
2002-06-12,0.78527
2002-06-13,0.77723
2002-06-14,0.77104
2002-06-15,0.76238
2002-06-16,0.74814
2002-06-17,0.75495
2002-06-18,0.76238
2002-06-19,0.75928
2002-06-20,0.75866
2002-06-21,0.75866
2002-06-22,0.75681
2002-06-23,0.76176
2002-06-24,0.77166
2002-06-25,0.79084
2002-06-26,0.80185
2002-06-27,0.80908
2002-06-28,0.80968
2002-06-29,0.80185
2002-06-30,0.79084
2002-07-01,0.78218
2002-07-02,0.77104
2002-07-03,0.79641
2002-07-04,0.79394
2002-07-05,0.7828
2002-07-06,0.77042
2002-07-07,0.75186
2002-07-08,0.72807
2002-07-09,0.7052
2002-07-10,0.70683
2002-07-11,0.69812
2002-07-12,0.72535
2002-07-13,0.74629
2002-07-14,0.7896
2002-07-15,0.79084
2002-07-16,0.78527
2002-07-17,0.78218
2002-07-18,0.78651
2002-07-19,0.77723
2002-07-20,0.77537
2002-07-21,0.7698
2002-07-22,0.76114
2002-07-23,0.74443
2002-07-24,0.72752
2002-07-25,0.71064
2002-07-26,0.70084
2002-07-27,0.68614
2002-07-28,0.66817
2002-07-29,0.64856
2002-07-30,0.63604
2002-07-31,0.64094
2002-08-01,0.64257
2002-08-02,0.65946
2002-08-03,0.68178
2002-08-04,0.67797
2002-08-05,0.67743
2002-08-06,0.66218
2002-08-07,0.64639
2002-08-08,0.6252
2002-08-09,0.62156
2002-08-10,0.63822
2002-08-11,0.65619
2002-08-12,0.63985
2002-08-13,0.65782
2002-08-14,0.64911
2002-08-15,0.63441
2002-08-16,0.61844
2002-08-17,0.63277
2002-08-18,0.64748
2002-08-19,0.66163
2002-08-20,0.67307
2002-08-21,0.68287
2002-08-22,0.69485
2002-08-23,0.70465
2002-08-24,0.71663
2002-08-25,0.72535
2002-08-26,0.73297
2002-08-27,0.74072
2002-08-28,0.74876
2002-08-29,0.77599
2002-08-30,0.79332
2002-08-31,0.81269
2002-09-01,0.82654
2002-09-02,0.83979
2002-09-03,0.84823
2002-09-04,0.82715
2002-09-05,0.80305
2002-09-06,0.78218
2002-09-07,0.76609
2002-09-08,0.77599
2002-09-09,0.78713
2002-09-10,0.80847
2002-09-11,0.78094
2002-09-12,0.75681
2002-09-13,0.73025
2002-09-14,0.73824
2002-09-15,0.75062
2002-09-16,0.75804
2002-09-17,0.77908
2002-09-18,0.77228
2002-09-19,0.76114
2002-09-20,0.75062
2002-09-21,0.80546
2002-09-22,0.83437
2002-09-23,0.84786
2002-09-24,0.83558
2002-09-25,0.8157
2002-09-26,0.79823
2002-09-27,0.77908
2002-09-28,0.77351
2002-09-29,0.75371
2002-09-30,0.73351
2002-10-01,0.71663
2002-10-02,0.70356
2002-10-03,0.69431
2002-10-04,0.68069
2002-10-05,0.66708
2002-10-06,0.67851
2002-10-07,0.69213
2002-10-08,0.70356
2002-10-09,0.69703
2002-10-10,0.69322
2002-10-11,0.71609
2002-10-12,0.70629
2002-10-13,0.69921
2002-10-14,0.68614
2002-10-15,0.66817
2002-10-16,0.6649
2002-10-17,0.68342
2002-10-18,0.69812
2002-10-19,0.70411
2002-10-20,0.71228
2002-10-21,0.71446
2002-10-22,0.72317
2002-10-23,0.72262
2002-10-24,0.72371
2002-10-25,0.73515
2002-10-26,0.75
2002-10-27,0.76671
2002-10-28,0.78465
2002-10-29,0.76361
2002-10-30,0.77042
2002-10-31,0.76238
2002-11-01,0.77413
2002-11-02,0.76238
2002-11-03,0.78527
2002-11-04,0.82172
2002-11-05,0.84401
2002-11-06,0.85838
2002-11-07,0.84823
2002-11-08,0.84461
2002-11-09,0.83558
2002-11-10,0.84823
2002-11-11,0.85894
2002-11-12,0.86904
2002-11-13,0.87802
2002-11-14,0.88756
2002-11-15,0.91561
2002-11-16,0.92683
2002-11-17,0.93805
2002-11-18,0.91337
2002-11-19,0.89822
2002-11-20,0.87409
2002-11-21,0.87185
2002-11-22,0.8769
2002-11-23,0.89205
2002-11-24,0.90158
2002-11-25,0.89934
2002-11-26,0.89317
2002-11-27,0.89934
2002-11-28,0.90158
2002-11-29,0.90944
2002-11-30,0.91617
2002-12-01,0.92515
2002-12-02,0.93188
2002-12-03,0.93693
2002-12-04,0.93805
2002-12-05,0.94703
2002-12-06,0.94927
2002-12-07,0.95657
2002-12-08,0.96106
2002-12-09,0.96554
2002-12-10,0.97069
2002-12-11,0.93917
2002-12-12,0.94086
2002-12-13,0.9431
2002-12-14,0.94591
2002-12-15,0.92066
2002-12-16,0.93469
2002-12-17,0.93244
2002-12-18,0.93188
2002-12-19,0.92795
2002-12-20,0.92739
2002-12-21,0.93132
2002-12-22,0.93413
2002-12-23,0.9302
2002-12-24,0.92795
2002-12-25,0.92683
2002-12-26,0.92515
2002-12-27,0.92234
2002-12-28,0.91898
2002-12-29,0.91701
2002-12-30,0.91393
2002-12-31,0.90888
2003-01-01,0.87858
2003-01-02,0.8769
2003-01-03,0.87465
2003-01-04,0.87185
2003-01-05,0.86624
2003-01-06,0.82895
2003-01-07,0.82594
2003-01-08,0.82052
2003-01-09,0.82233
2003-01-10,0.82172
2003-01-11,0.82353
2003-01-12,0.81811
2003-01-13,0.81028
2003-01-14,0.79944
2003-01-15,0.77661
2003-01-16,0.76547
2003-01-17,0.75309
2003-01-18,0.74814
2003-01-19,0.74443
2003-01-20,0.73297
2003-01-21,0.7297
2003-01-22,0.7199
2003-01-23,0.71446
2003-01-24,0.70901
2003-01-25,0.70193
2003-01-26,0.69757
2003-01-27,0.69213
2003-01-28,0.68832
2003-01-29,0.68233
2003-01-30,0.67688
2003-01-31,0.67307
2003-02-01,0.67035
2003-02-02,0.66762
2003-02-03,0.63441
2003-02-04,0.63059
2003-02-05,0.62678
2003-02-06,0.62364
2003-02-07,0.61012
2003-02-08,0.6096
2003-02-09,0.60441
2003-02-10,0.59817
2003-02-11,0.59453
2003-02-12,0.59609
2003-02-13,0.59453
2003-02-14,0.59245
2003-02-15,0.59037
2003-02-16,0.58829
2003-02-17,0.58569
2003-02-18,0.58309
2003-02-19,0.57998
2003-02-20,0.57686
2003-02-21,0.57375
2003-02-22,0.57017
2003-02-23,0.5671
2003-02-24,0.563
2003-02-25,0.55993
2003-02-26,0.55635
2003-02-27,0.55277
2003-02-28,0.54919
2003-03-01,0.54561
2003-03-02,0.54152
2003-03-03,0.53743
2003-03-04,0.53333
2003-03-05,0.52924
2003-03-06,0.52464
2003-03-07,0.52092
2003-03-08,0.51698
2003-03-09,0.51304
2003-03-10,0.50911
2003-03-11,0.47743
2003-03-12,0.44578
2003-03-13,0.41591
2003-03-14,0.37848
2003-03-15,0.35017
2003-03-16,0.32715
2003-03-17,0.29332
2003-03-18,0.26427
2003-03-19,0.23616
2003-03-20,0.20459
2003-03-21,0.18054
2003-03-22,0.15848
2003-03-23,0.15658
2003-03-24,0.15393
2003-03-25,0.15089
2003-03-26,0.14823
2003-03-27,0.1452
2003-03-28,0.14216
2003-03-29,0.13915
2003-03-30,0.13655
2003-03-31,0.13655
2003-04-01,0.13544
2003-04-02,0.13358
2003-04-03,0.13061
2003-04-04,0.13172
2003-04-05,0.13024
2003-04-06,0.12801
2003-04-07,0.12541
2003-04-08,0.12467
2003-04-09,0.0969
2003-04-10,0.07091
2003-04-11,0.07403
2003-04-12,0.07576
2003-04-13,0.08373
2003-04-14,0.08858
2003-04-15,0.09863
2003-04-16,0.10796
2003-04-17,0.09343
2003-04-18,0.08026
2003-04-19,0.10175
2003-04-20,0.11427
2003-04-21,0.15772
2003-04-22,0.17594
2003-04-23,0.19683
2003-04-24,0.21428
2003-04-25,0.23332
2003-04-26,0.2248
2003-04-27,0.22445
2003-04-28,0.23048
2003-04-29,0.22374
2003-04-30,0.21467
2003-05-01,0.2073
2003-05-02,0.19063
2003-05-03,0.18714
2003-05-04,0.19606
2003-05-05,0.21545
2003-05-06,0.24041
2003-05-07,0.26609
2003-05-08,0.29917
2003-05-09,0.30573
2003-05-10,0.32584
2003-05-11,0.36304
2003-05-12,0.38149
2003-05-13,0.39465
2003-05-14,0.38406
2003-05-15,0.40667
2003-05-16,0.40066
2003-05-17,0.39142
2003-05-18,0.39096
2003-05-19,0.38495
2003-05-20,0.37505
2003-05-21,0.36347
2003-05-22,0.38234
2003-05-23,0.38363
2003-05-24,0.37162
2003-05-25,0.38587
2003-05-26,0.38772
2003-05-27,0.38277
2003-05-28,0.38063
2003-05-29,0.37762
2003-05-30,0.36733
2003-05-31,0.3699
2003-06-01,0.36132
2003-06-02,0.35446
2003-06-03,0.36347
2003-06-04,0.37076
2003-06-05,0.37505
2003-06-06,0.37719
2003-06-07,0.38234
2003-06-08,0.38149
2003-06-09,0.39096
2003-06-10,0.38911
2003-06-11,0.3868
2003-06-12,0.37248
2003-06-13,0.36647
2003-06-14,0.3868
2003-06-15,0.42515
2003-06-16,0.45941
2003-06-17,0.49512
2003-06-18,0.49774
2003-06-19,0.49249
2003-06-20,0.4855
2003-06-21,0.47889
2003-06-22,0.48375
2003-06-23,0.49074
2003-06-24,0.4855
2003-06-25,0.48112
2003-06-26,0.48068
2003-06-27,0.47499
2003-06-28,0.47694
2003-06-29,0.4784
2003-06-30,0.46964
2003-07-01,0.46769
2003-07-02,0.45795
2003-07-03,0.45795
2003-07-04,0.45163
2003-07-05,0.44432
2003-07-06,0.43556
2003-07-07,0.42931
2003-07-08,0.43848
2003-07-09,0.46526
2003-07-10,0.50124
2003-07-11,0.51392
2003-07-12,0.5318
2003-07-13,0.56965
2003-07-14,0.56965
2003-07-15,0.5753
2003-07-16,0.57998
2003-07-17,0.61012
2003-07-18,0.61584
2003-07-19,0.61896
2003-07-20,0.6148
2003-07-21,0.60493
2003-07-22,0.59765
2003-07-23,0.60025
2003-07-24,0.59609
2003-07-25,0.59245
2003-07-26,0.59713
2003-07-27,0.7003
2003-07-28,0.71718
2003-07-29,0.71554
2003-07-30,0.71446
2003-07-31,0.72371
2003-08-01,0.72153
2003-08-02,0.71228
2003-08-03,0.70084
2003-08-04,0.6845
2003-08-05,0.66762
2003-08-06,0.65782
2003-08-07,0.63931
2003-08-08,0.6226
2003-08-09,0.60545
2003-08-10,0.58465
2003-08-11,0.563
2003-08-12,0.57272
2003-08-13,0.58569
2003-08-14,0.60129
2003-08-15,0.60856
2003-08-16,0.61948
2003-08-17,0.63713
2003-08-18,0.64693
2003-08-19,0.62364
2003-08-20,0.60908
2003-08-21,0.58933
2003-08-22,0.58517
2003-08-23,0.57323
2003-08-24,0.56249
2003-08-25,0.54715
2003-08-26,0.53538
2003-08-27,0.53487
2003-08-28,0.52267
2003-08-29,0.52566
2003-08-30,0.52267
2003-08-31,0.52179
2003-09-01,0.51654
2003-09-02,0.50955
2003-09-03,0.50605
2003-09-04,0.5043
2003-09-05,0.50167
2003-09-06,0.49861
2003-09-07,0.50998
2003-09-08,0.52004
2003-09-09,0.53743
2003-09-10,0.56249
2003-09-11,0.59089
2003-09-12,0.58881
2003-09-13,0.58933
2003-09-14,0.60441
2003-09-15,0.61272
2003-09-16,0.66436
2003-09-17,0.68342
2003-09-18,0.70847
2003-09-19,0.71881
2003-09-20,0.72916
2003-09-21,0.73406
2003-09-22,0.74072
2003-09-23,0.78342
2003-09-24,0.81389
2003-09-25,0.82293
2003-09-26,0.85485
2003-09-27,0.84702
2003-09-28,0.83979
2003-09-29,0.83317
2003-09-30,0.83196
2003-10-01,0.83498
2003-10-02,0.86007
2003-10-03,0.89092
2003-10-04,0.90888
2003-10-05,0.91729
2003-10-06,0.91337
2003-10-07,0.91449
2003-10-08,0.91
2003-10-09,0.90888
2003-10-10,0.90327
2003-10-11,0.90046
2003-10-12,0.92908
2003-10-13,0.94815
2003-10-14,0.96442
2003-10-15,0.9504
2003-10-16,0.93132
2003-10-17,0.91056
2003-10-18,0.89878
2003-10-19,0.87914
2003-10-20,0.8696
2003-10-21,0.87297
2003-10-22,0.86848
2003-10-23,0.86063
2003-10-24,0.86848
2003-10-25,0.8769
2003-10-26,0.87858
2003-10-27,0.87802
2003-10-28,0.87465
2003-10-29,0.86904
2003-10-30,0.86119
2003-10-31,0.86231
2003-11-01,0.86175
2003-11-02,0.86287
2003-11-03,0.85782
2003-11-04,0.84642
2003-11-05,0.83979
2003-11-06,0.84883
2003-11-07,0.85003
2003-11-08,0.85064
2003-11-09,0.86119
2003-11-10,0.87185
2003-11-11,0.87746
2003-11-12,0.88195
2003-11-13,0.887
2003-11-14,0.92234
2003-11-15,0.95657
2003-11-16,0.9713
2003-11-17,0.97619
2003-11-18,0.9829
2003-11-19,0.9829
2003-11-20,0.98413
2003-11-21,0.97863
2003-11-22,0.9829
2003-11-23,0.9884
2003-11-24,0.99573
2003-11-25,0.99878
2003-11-26,0.99389
2003-11-27,0.98413
2003-11-28,0.97252
2003-11-29,0.96274
2003-11-30,0.95545
2003-12-01,0.96106
2003-12-02,0.96442
2003-12-03,0.99634
2003-12-04,1.0
2003-12-05,0.98779
2003-12-06,0.97008
2003-12-07,0.95545
2003-12-08,0.9713
2003-12-09,0.95881
2003-12-10,0.94591
2003-12-11,0.933
2003-12-12,0.91842
2003-12-13,0.91393
2003-12-14,0.91505
2003-12-15,0.93917
2003-12-16,0.95432
2003-12-17,0.96667
2003-12-18,0.95601
2003-12-19,0.94927
2003-12-20,0.93525
2003-12-21,0.91449
2003-12-22,0.92851
2003-12-23,0.93974
2003-12-24,0.94927
2003-12-25,0.95713
2003-12-26,0.96611
2003-12-27,0.97314
2003-12-28,0.97924
2003-12-29,0.95545
2003-12-30,0.93693
2003-12-31,0.91729
2004-01-01,0.9201
2004-01-02,0.92178
2004-01-03,0.92347
2004-01-04,0.92571
2004-01-05,0.92571
2004-01-06,0.92683
2004-01-07,0.92795
2004-01-08,0.93244
2004-01-09,0.93637
2004-01-10,0.93918
2004-01-11,0.94254
2004-01-12,0.94703
2004-01-13,0.94927
2004-01-14,0.95096
2004-01-15,0.92908
2004-01-16,0.90663
2004-01-17,0.88419
2004-01-18,0.88363
2004-01-19,0.88363
2004-01-20,0.88363
2004-01-21,0.88307
2004-01-22,0.88082
2004-01-23,0.88082
2004-01-24,0.88139
2004-01-25,0.88139
2004-01-26,0.8797
2004-01-27,0.87858
2004-01-28,0.85124
2004-01-29,0.82293
2004-01-30,0.79517
2004-01-31,0.7927
2004-02-01,0.79022
2004-02-02,0.78775
2004-02-03,0.78465
2004-02-04,0.75619
2004-02-05,0.75
2004-02-06,0.74691
2004-02-07,0.74319
2004-02-08,0.73639
2004-02-09,0.73297
2004-02-10,0.72916
2004-02-11,0.72535
2004-02-12,0.715
2004-02-13,0.71173
2004-02-14,0.70356
2004-02-15,0.69648
2004-02-16,0.69267
2004-02-17,0.68941
2004-02-18,0.68505
2004-02-19,0.68124
2004-02-20,0.67743
2004-02-21,0.67361
2004-02-22,0.6698
2004-02-23,0.67198
2004-02-24,0.67144
2004-02-25,0.66817
2004-02-26,0.63767
2004-02-27,0.59765
2004-02-28,0.56965
2004-02-29,0.5671
2004-03-01,0.56505
2004-03-02,0.57017
2004-03-03,0.56914
2004-03-04,0.54101
2004-03-05,0.50998
2004-03-06,0.47908
2004-03-07,0.47937
2004-03-08,0.47791
2004-03-09,0.47597
2004-03-10,0.43897
2004-03-11,0.40759
2004-03-12,0.3729
2004-03-13,0.37119
2004-03-14,0.36904
2004-03-15,0.33502
2004-03-16,0.30135
2004-03-17,0.26564
2004-03-18,0.23261
2004-03-19,0.20459
2004-03-20,0.20342
2004-03-21,0.20149
2004-03-22,0.19993
2004-03-23,0.19761
2004-03-24,0.19567
2004-03-25,0.19412
2004-03-26,0.19334
2004-03-27,0.19179
2004-03-28,0.18985
2004-03-29,0.18752
2004-03-30,0.1852
2004-03-31,0.1821
2004-04-01,0.17977
2004-04-02,0.17861
2004-04-03,0.17861
2004-04-04,0.1883
2004-04-05,0.15886
2004-04-06,0.12913
2004-04-07,0.10002
2004-04-08,0.07195
2004-04-09,0.04294
2004-04-10,0.05323
2004-04-11,0.05713
2004-04-12,0.05961
2004-04-13,0.06139
2004-04-14,0.06848
2004-04-15,0.07368
2004-04-16,0.0768
2004-04-17,0.08165
2004-04-18,0.08927
2004-04-19,0.09517
2004-04-20,0.14558
2004-04-21,0.1638
2004-04-22,0.17977
2004-04-23,0.19295
2004-04-24,0.20071
2004-04-25,0.18675
2004-04-26,0.1821
2004-04-27,0.17177
2004-04-28,0.16266
2004-04-29,0.14672
2004-04-30,0.1321
2004-05-01,0.14064
2004-05-02,0.14899
2004-05-03,0.16417
2004-05-04,0.17063
2004-05-05,0.17442
2004-05-06,0.16076
2004-05-07,0.14975
2004-05-08,0.15355
2004-05-09,0.16835
2004-05-10,0.15924
2004-05-11,0.15469
2004-05-12,0.16455
2004-05-13,0.17328
2004-05-14,0.16
2004-05-15,0.19179
2004-05-16,0.2073
2004-05-17,0.21622
2004-05-18,0.24041
2004-05-19,0.23403
2004-05-20,0.22729
2004-05-21,0.24857
2004-05-22,0.2729
2004-05-23,0.28333
2004-05-24,0.27108
2004-05-25,0.2679
2004-05-26,0.2915
2004-05-27,0.28878
2004-05-28,0.28969
2004-05-29,0.28061
2004-05-30,0.27925
2004-05-31,0.26654
2004-06-01,0.28152
2004-06-02,0.30135
2004-06-03,0.30179
2004-06-04,0.30748
2004-06-05,0.32934
2004-06-06,0.33459
2004-06-07,0.3324
2004-06-08,0.33546
2004-06-09,0.3433
2004-06-10,0.34287
2004-06-11,0.33021
2004-06-12,0.33328
2004-06-13,0.3254
2004-06-14,0.33371
2004-06-15,0.33196
2004-06-16,0.3359
2004-06-17,0.35403
2004-06-18,0.36647
2004-06-19,0.37162
2004-06-20,0.37677
2004-06-21,0.37762
2004-06-22,0.37333
2004-06-23,0.36561
2004-06-24,0.36947
2004-06-25,0.38449
2004-06-26,0.41221
2004-06-27,0.43507
2004-06-28,0.44481
2004-06-29,0.45941
2004-06-30,0.46282
2004-07-01,0.4599
2004-07-02,0.44676
2004-07-03,0.42653
2004-07-04,0.41498
2004-07-05,0.39558
2004-07-06,0.38363
2004-07-07,0.37591
2004-07-08,0.3669
2004-07-09,0.37762
2004-07-10,0.39281
2004-07-11,0.42469
2004-07-12,0.47207
2004-07-13,0.49686
2004-07-14,0.4973
2004-07-15,0.49424
2004-07-16,0.48724
2004-07-17,0.47743
2004-07-18,0.46574
2004-07-19,0.45649
2004-07-20,0.43751
2004-07-21,0.42931
2004-07-22,0.43653
2004-07-23,0.43069
2004-07-24,0.41591
2004-07-25,0.39835
2004-07-26,0.39373
2004-07-27,0.40158
2004-07-28,0.39373
2004-07-29,0.39096
2004-07-30,0.39604
2004-07-31,0.38911
2004-08-01,0.37677
2004-08-02,0.39096
2004-08-03,0.4062
2004-08-04,0.42284
2004-08-05,0.44481
2004-08-06,0.47937
2004-08-07,0.50036
2004-08-08,0.51304
2004-08-09,0.51479
2004-08-10,0.5113
2004-08-11,0.51086
2004-08-12,0.5113
2004-08-13,0.50124
2004-08-14,0.50255
2004-08-15,0.5078
2004-08-16,0.50255
2004-08-17,0.49818
2004-08-18,0.49031
2004-08-19,0.48331
2004-08-20,0.47937
2004-08-21,0.49949
2004-08-22,0.53589
2004-08-23,0.52464
2004-08-24,0.5196
2004-08-25,0.52004
2004-08-26,0.5113
2004-08-27,0.53333
2004-08-28,0.56198
2004-08-29,0.58361
2004-08-30,0.60077
2004-08-31,0.63604
2004-09-01,0.63495
2004-09-02,0.62572
2004-09-03,0.6122
2004-09-04,0.60077
2004-09-05,0.59141
2004-09-06,0.57998
2004-09-07,0.57738
2004-09-08,0.57842
2004-09-09,0.57375
2004-09-10,0.56607
2004-09-11,0.56147
2004-09-12,0.54919
2004-09-13,0.5405
2004-09-14,0.53078
2004-09-15,0.51873
2004-09-16,0.50649
2004-09-17,0.49424
2004-09-18,0.50692
2004-09-19,0.52048
2004-09-20,0.53743
2004-09-21,0.55226
2004-09-22,0.56607
2004-09-23,0.5753
2004-09-24,0.58725
2004-09-25,0.59869
2004-09-26,0.61272
2004-09-27,0.62733
2004-09-28,0.6404
2004-09-29,0.66545
2004-09-30,0.68124
2004-10-01,0.69431
2004-10-02,0.7052
2004-10-03,0.71554
2004-10-04,0.7248
2004-10-05,0.73297
2004-10-06,0.74629
2004-10-07,0.74381
2004-10-08,0.73025
2004-10-09,0.72861
2004-10-10,0.73134
2004-10-11,0.72916
2004-10-12,0.72535
2004-10-13,0.7346
2004-10-14,0.71718
2004-10-15,0.72371
2004-10-16,0.73762
2004-10-17,0.75433
2004-10-18,0.76671
2004-10-19,0.77785
2004-10-20,0.79208
2004-10-21,0.82233
2004-10-22,0.83859
2004-10-23,0.84883
2004-10-24,0.81871
2004-10-25,0.79703
2004-10-26,0.78837
2004-10-27,0.80185
2004-10-28,0.8145
2004-10-29,0.83076
2004-10-30,0.84823
2004-10-31,0.8422
2004-11-01,0.83196
2004-11-02,0.86007
2004-11-03,0.8797
2004-11-04,0.87746
2004-11-05,0.91393
2004-11-06,0.93076
2004-11-07,0.93749
2004-11-08,0.94535
2004-11-09,0.95096
2004-11-10,0.94759
2004-11-11,0.93861
2004-11-12,0.91898
2004-11-13,0.90663
2004-11-14,0.88195
2004-11-15,0.86624
2004-11-16,0.87914
2004-11-17,0.89373
2004-11-18,0.91561
2004-11-19,0.94086
2004-11-20,0.95993
2004-11-21,0.94254
2004-11-22,0.92964
2004-11-23,0.91898
2004-11-24,0.92908
2004-11-25,0.93805
2004-11-26,0.94927
2004-11-27,0.95937
2004-11-28,0.96667
2004-11-29,0.97497
2004-11-30,0.97985
2004-12-01,0.9713
2004-12-02,0.98046
2004-12-03,0.96498
2004-12-04,0.97191
2004-12-05,0.97741
2004-12-06,0.95545
2004-12-07,0.92795
2004-12-08,0.94254
2004-12-09,0.95096
2004-12-10,0.95825
2004-12-11,0.96162
2004-12-12,0.95545
2004-12-13,0.94591
2004-12-14,0.93861
2004-12-15,0.95096
2004-12-16,0.96667
2004-12-17,0.95545
2004-12-18,0.94254
2004-12-19,0.92515
2004-12-20,0.92683
2004-12-21,0.933
2004-12-22,0.93805
2004-12-23,0.94198
2004-12-24,0.94591
2004-12-25,0.95264
2004-12-26,0.95713
2004-12-27,0.9403
2004-12-28,0.92122
2004-12-29,0.92515
2004-12-30,0.92851
2004-12-31,0.89934
2005-01-01,0.90215
2005-01-02,0.90383
2005-01-03,0.90551
2005-01-04,0.90551
2005-01-05,0.90719
2005-01-06,0.90832
2005-01-07,0.90888
2005-01-08,0.90944
2005-01-09,0.90944
2005-01-10,0.91112
2005-01-11,0.91617
2005-01-12,0.91954
2005-01-13,0.92234
2005-01-14,0.92627
2005-01-15,0.93132
2005-01-16,0.93413
2005-01-17,0.94759
2005-01-18,0.933
2005-01-19,0.90215
2005-01-20,0.87353
2005-01-21,0.84257
2005-01-22,0.82112
2005-01-23,0.78527
2005-01-24,0.79455
2005-01-25,0.80727
2005-01-26,0.82955
2005-01-27,0.83799
2005-01-28,0.84281
2005-01-29,0.84702
2005-01-30,0.85003
2005-01-31,0.85184
2005-02-01,0.85304
2005-02-02,0.85425
2005-02-03,0.85485
2005-02-04,0.85606
2005-02-05,0.86007
2005-02-06,0.86568
2005-02-07,0.87353
2005-02-08,0.85244
2005-02-09,0.841
2005-02-10,0.81389
2005-02-11,0.82534
2005-02-12,0.84401
2005-02-13,0.8595
2005-02-14,0.83016
2005-02-15,0.79884
2005-02-16,0.80245
2005-02-17,0.76918
2005-02-18,0.76671
2005-02-19,0.73079
2005-02-20,0.72807
2005-02-21,0.69376
2005-02-22,0.68777
2005-02-23,0.66
2005-02-24,0.63931
2005-02-25,0.6122
2005-02-26,0.59869
2005-02-27,0.57686
2005-02-28,0.54612
2005-03-01,0.51698
2005-03-02,0.48418
2005-03-03,0.47937
2005-03-04,0.46964
2005-03-05,0.46526
2005-03-06,0.4638
2005-03-07,0.46526
2005-03-08,0.46428
2005-03-09,0.4638
2005-03-10,0.4672
2005-03-11,0.46866
2005-03-12,0.46866
2005-03-13,0.46866
2005-03-14,0.43946
2005-03-15,0.43751
2005-03-16,0.40205
2005-03-17,0.40112
2005-03-18,0.3669
2005-03-19,0.35703
2005-03-20,0.33634
2005-03-21,0.31229
2005-03-22,0.29873
2005-03-23,0.27471
2005-03-24,0.25701
2005-03-25,0.25474
2005-03-26,0.24822
2005-03-27,0.24822
2005-03-28,0.25035
2005-03-29,0.25429
2005-03-30,0.25792
2005-03-31,0.25883
2005-04-01,0.26064
2005-04-02,0.26564
2005-04-03,0.28106
2005-04-04,0.2856
2005-04-05,0.2915
2005-04-06,0.30835
2005-04-07,0.32059
2005-04-08,0.33721
2005-04-09,0.34845
2005-04-10,0.35703
2005-04-11,0.35188
2005-04-12,0.33415
2005-04-13,0.31229
2005-04-14,0.28742
2005-04-15,0.26972
2005-04-16,0.24644
2005-04-17,0.23722
2005-04-18,0.23686
2005-04-19,0.25338
2005-04-20,0.25611
2005-04-21,0.2507
2005-04-22,0.24999
2005-04-23,0.26337
2005-04-24,0.24573
2005-04-25,0.22658
2005-04-26,0.22409
2005-04-27,0.21506
2005-04-28,0.20691
2005-04-29,0.20924
2005-04-30,0.21234
2005-05-01,0.21583
2005-05-02,0.22409
2005-05-03,0.23438
2005-05-04,0.24183
2005-05-05,0.25293
2005-05-06,0.28969
2005-05-07,0.31097
2005-05-08,0.33809
2005-05-09,0.35403
2005-05-10,0.3699
2005-05-11,0.37805
2005-05-12,0.3699
2005-05-13,0.3802
2005-05-14,0.4196
2005-05-15,0.42792
2005-05-16,0.42931
2005-05-17,0.46087
2005-05-18,0.47694
2005-05-19,0.4711
2005-05-20,0.45601
2005-05-21,0.43946
2005-05-22,0.42145
2005-05-23,0.40574
2005-05-24,0.38587
2005-05-25,0.37333
2005-05-26,0.36347
2005-05-27,0.35832
2005-05-28,0.35403
2005-05-29,0.34115
2005-05-30,0.32978
2005-05-31,0.32191
2005-06-01,0.31272
2005-06-02,0.32672
2005-06-03,0.32934
2005-06-04,0.35317
2005-06-05,0.3669
2005-06-06,0.38234
2005-06-07,0.39419
2005-06-08,0.3965
2005-06-09,0.3965
2005-06-10,0.40482
2005-06-11,0.41683
2005-06-12,0.40898
2005-06-13,0.4099
2005-06-14,0.4099
2005-06-15,0.42007
2005-06-16,0.42376
2005-06-17,0.42884
2005-06-18,0.45309
2005-06-19,0.47937
2005-06-20,0.5043
2005-06-21,0.50255
2005-06-22,0.50605
2005-06-23,0.50605
2005-06-24,0.50124
2005-06-25,0.51304
2005-06-26,0.51523
2005-06-27,0.51523
2005-06-28,0.51173
2005-06-29,0.50342
2005-06-30,0.50605
2005-07-01,0.49861
2005-07-02,0.48899
2005-07-03,0.47548
2005-07-04,0.46477
2005-07-05,0.45795
2005-07-06,0.43994
2005-07-07,0.42422
2005-07-08,0.40436
2005-07-09,0.4233
2005-07-10,0.43848
2005-07-11,0.45795
2005-07-12,0.44578
2005-07-13,0.4341
2005-07-14,0.427
2005-07-15,0.41729
2005-07-16,0.41221
2005-07-17,0.40482
2005-07-18,0.39558
2005-07-19,0.39881
2005-07-20,0.39927
2005-07-21,0.39465
2005-07-22,0.39974
2005-07-23,0.46136
2005-07-24,0.50736
2005-07-25,0.51217
2005-07-26,0.51173
2005-07-27,0.50167
2005-07-28,0.49774
2005-07-29,0.48112
2005-07-30,0.46428
2005-07-31,0.45309
2005-08-01,0.43605
2005-08-02,0.42607
2005-08-03,0.40389
2005-08-04,0.39003
2005-08-05,0.37719
2005-08-06,0.36261
2005-08-07,0.34244
2005-08-08,0.32847
2005-08-09,0.31097
2005-08-10,0.29829
2005-08-11,0.31884
2005-08-12,0.33809
2005-08-13,0.36304
2005-08-14,0.3868
2005-08-15,0.41545
2005-08-16,0.42561
2005-08-17,0.43264
2005-08-18,0.44189
2005-08-19,0.43653
2005-08-20,0.46623
2005-08-21,0.49205
2005-08-22,0.48899
2005-08-23,0.47256
2005-08-24,0.45747
2005-08-25,0.44286
2005-08-26,0.42931
2005-08-27,0.45893
2005-08-28,0.47353
2005-08-29,0.46233
2005-08-30,0.46574
2005-08-31,0.4745
2005-09-01,0.47597
2005-09-02,0.4672
2005-09-03,0.45893
2005-09-04,0.44724
2005-09-05,0.42792
2005-09-06,0.40667
2005-09-07,0.42099
2005-09-08,0.4453
2005-09-09,0.4599
2005-09-10,0.4745
2005-09-11,0.48637
2005-09-12,0.50605
2005-09-13,0.51217
2005-09-14,0.51873
2005-09-15,0.53026
2005-09-16,0.52771
2005-09-17,0.52223
2005-09-18,0.51611
2005-09-19,0.51917
2005-09-20,0.53538
2005-09-21,0.54919
2005-09-22,0.55635
2005-09-23,0.56198
2005-09-24,0.5805
2005-09-25,0.59037
2005-09-26,0.60804
2005-09-27,0.60856
2005-09-28,0.60493
2005-09-29,0.607
2005-09-30,0.61064
2005-10-01,0.72099
2005-10-02,0.7828
2005-10-03,0.8404
2005-10-04,0.85184
2005-10-05,0.86175
2005-10-06,0.8769
2005-10-07,0.86792
2005-10-08,0.85838
2005-10-09,0.86007
2005-10-10,0.84642
2005-10-11,0.82654
2005-10-12,0.8163
2005-10-13,0.78899
2005-10-14,0.77042
2005-10-15,0.79146
2005-10-16,0.80667
2005-10-17,0.82534
2005-10-18,0.81329
2005-10-19,0.80968
2005-10-20,0.81269
2005-10-21,0.80546
2005-10-22,0.79579
2005-10-23,0.78403
2005-10-24,0.78465
2005-10-25,0.80787
2005-10-26,0.81149
2005-10-27,0.8151
2005-10-28,0.79763
2005-10-29,0.81871
2005-10-30,0.8157
2005-10-31,0.80366
2005-11-01,0.8595
2005-11-02,0.89149
2005-11-03,0.89878
2005-11-04,0.89036
2005-11-05,0.89317
2005-11-06,0.87746
2005-11-07,0.86063
2005-11-08,0.87858
2005-11-09,0.89429
2005-11-10,0.91393
2005-11-11,0.92234
2005-11-12,0.92178
2005-11-13,0.91393
2005-11-14,0.91224
2005-11-15,0.93188
2005-11-16,0.96386
2005-11-17,0.96218
2005-11-18,0.94647
2005-11-19,0.93917
2005-11-20,0.9302
2005-11-21,0.93749
2005-11-22,0.94254
2005-11-23,0.95152
2005-11-24,0.96106
2005-11-25,0.94983
2005-11-26,0.95208
2005-11-27,0.95825
2005-11-28,0.94983
2005-11-29,0.93693
2005-11-30,0.92234
2005-12-01,0.90439
2005-12-02,0.90776
2005-12-03,0.89878
2005-12-04,0.88531
2005-12-05,0.87914
2005-12-06,0.87353
2005-12-07,0.86904
2005-12-08,0.85124
2005-12-09,0.84974
2005-12-10,0.84642
2005-12-11,0.84401
2005-12-12,0.85838
2005-12-13,0.87858
2005-12-14,0.89149
2005-12-15,0.89822
2005-12-16,0.89149
2005-12-17,0.88812
2005-12-18,0.88026
2005-12-19,0.87409
2005-12-20,0.88083
2005-12-21,0.88587
2005-12-22,0.88868
2005-12-23,0.89205
2005-12-24,0.89597
2005-12-25,0.90495
2005-12-26,0.91449
2005-12-27,0.91954
2005-12-28,0.92347
2005-12-29,0.92627
2005-12-30,0.92851
2005-12-31,0.9302
2006-01-01,0.93132
2006-01-02,0.93188
2006-01-03,0.93244
2006-01-04,0.93525
2006-01-05,0.94591
2006-01-06,0.94927
2006-01-07,0.95264
2006-01-08,0.95545
2006-01-09,0.95713
2006-01-10,0.92178
2006-01-11,0.88644
2006-01-12,0.887
2006-01-13,0.887
2006-01-14,0.84943
2006-01-15,0.85003
2006-01-16,0.84943
2006-01-17,0.84943
2006-01-18,0.84943
2006-01-19,0.84883
2006-01-20,0.84341
2006-01-21,0.8422
2006-01-22,0.83979
2006-01-23,0.80125
2006-01-24,0.79884
2006-01-25,0.76918
2006-01-26,0.76671
2006-01-27,0.7828
2006-01-28,0.7896
2006-01-29,0.7927
2006-01-30,0.79823
2006-01-31,0.77413
2006-02-01,0.77908
2006-02-02,0.78651
2006-02-03,0.79579
2006-02-04,0.80667
2006-02-05,0.81691
2006-02-06,0.80004
2006-02-07,0.76918
2006-02-08,0.7797
2006-02-09,0.78651
2006-02-10,0.75309
2006-02-11,0.71827
2006-02-12,0.72153
2006-02-13,0.69485
2006-02-14,0.66599
2006-02-15,0.66762
2006-02-16,0.66817
2006-02-17,0.63386
2006-02-18,0.59817
2006-02-19,0.59817
2006-02-20,0.563
2006-02-21,0.52771
2006-02-22,0.52719
2006-02-23,0.52617
2006-02-24,0.52464
2006-02-25,0.52361
2006-02-26,0.52223
2006-02-27,0.52413
2006-02-28,0.5231
2006-03-01,0.49205
2006-03-02,0.46866
2006-03-03,0.43459
2006-03-04,0.42515
2006-03-05,0.42376
2006-03-06,0.40066
2006-03-07,0.4062
2006-03-08,0.41498
2006-03-09,0.42376
2006-03-10,0.42884
2006-03-11,0.427
2006-03-12,0.42007
2006-03-13,0.38865
2006-03-14,0.36561
2006-03-15,0.36647
2006-03-16,0.36132
2006-03-17,0.34027
2006-03-18,0.33328
2006-03-19,0.32059
2006-03-20,0.30704
2006-03-21,0.29241
2006-03-22,0.26881
2006-03-23,0.25565
2006-03-24,0.28016
2006-03-25,0.30879
2006-03-26,0.33153
2006-03-27,0.32759
2006-03-28,0.36389
2006-03-29,0.35746
2006-03-30,0.35231
2006-03-31,0.33546
2006-04-01,0.34716
2006-04-02,0.35574
2006-04-03,0.36389
2006-04-04,0.37162
2006-04-05,0.34845
2006-04-06,0.32628
2006-04-07,0.31797
2006-04-08,0.3101
2006-04-09,0.30092
2006-04-10,0.28152
2006-04-11,0.26745
2006-04-12,0.27789
2006-04-13,0.27698
2006-04-14,0.26881
2006-04-15,0.25177
2006-04-16,0.23438
2006-04-17,0.21506
2006-04-18,0.22764
2006-04-19,0.24006
2006-04-20,0.24148
2006-04-21,0.25611
2006-04-22,0.25384
2006-04-23,0.26064
2006-04-24,0.25928
2006-04-25,0.25177
2006-04-26,0.24538
2006-04-27,0.23899
2006-04-28,0.24893
2006-04-29,0.25429
2006-04-30,0.28016
2006-05-01,0.30485
2006-05-02,0.3596
2006-05-03,0.36904
2006-05-04,0.38495
2006-05-05,0.40482
2006-05-06,0.43653
2006-05-07,0.46526
2006-05-08,0.4711
2006-05-09,0.482
2006-05-10,0.48418
2006-05-11,0.4855
2006-05-12,0.49337
2006-05-13,0.51917
2006-05-14,0.54817
2006-05-15,0.55175
2006-05-16,0.54868
2006-05-17,0.53947
2006-05-18,0.54254
2006-05-19,0.61792
2006-05-20,0.62733
2006-05-21,0.62896
2006-05-22,0.62468
2006-05-23,0.62104
2006-05-24,0.61948
2006-05-25,0.62
2006-05-26,0.6226
2006-05-27,0.62156
2006-05-28,0.6174
2006-05-29,0.6174
2006-05-30,0.607
2006-05-31,0.607
2006-06-01,0.60389
2006-06-02,0.59349
2006-06-03,0.57894
2006-06-04,0.57221
2006-06-05,0.56249
2006-06-06,0.55686
2006-06-07,0.54868
2006-06-08,0.53691
2006-06-09,0.52515
2006-06-10,0.52617
2006-06-11,0.52135
2006-06-12,0.5196
2006-06-13,0.52924
2006-06-14,0.53794
2006-06-15,0.5405
2006-06-16,0.53998
2006-06-17,0.52873
2006-06-18,0.53691
2006-06-19,0.52873
2006-06-20,0.52924
2006-06-21,0.54663
2006-06-22,0.55175
2006-06-23,0.55328
2006-06-24,0.55431
2006-06-25,0.55226
2006-06-26,0.56045
2006-06-27,0.57272
2006-06-28,0.59297
2006-06-29,0.59505
2006-06-30,0.59245
2006-07-01,0.58205
2006-07-02,0.57323
2006-07-03,0.57375
2006-07-04,0.57582
2006-07-05,0.5779
2006-07-06,0.5753
2006-07-07,0.56812
2006-07-08,0.56505
2006-07-09,0.57634
2006-07-10,0.58205
2006-07-11,0.58673
2006-07-12,0.59349
2006-07-13,0.61064
2006-07-14,0.61636
2006-07-15,0.62896
2006-07-16,0.63495
2006-07-17,0.63767
2006-07-18,0.64421
2006-07-19,0.66762
2006-07-20,0.66272
2006-07-21,0.66272
2006-07-22,0.66653
2006-07-23,0.67035
2006-07-24,0.67851
2006-07-25,0.67525
2006-07-26,0.6698
2006-07-27,0.66762
2006-07-28,0.65946
2006-07-29,0.6502
2006-07-30,0.6453
2006-07-31,0.62896
2006-08-01,0.60908
2006-08-02,0.60129
2006-08-03,0.58413
2006-08-04,0.58881
2006-08-05,0.60804
2006-08-06,0.62208
2006-08-07,0.64257
2006-08-08,0.6551
2006-08-09,0.6355
2006-08-10,0.62208
2006-08-11,0.6355
2006-08-12,0.64584
2006-08-13,0.65401
2006-08-14,0.66545
2006-08-15,0.67525
2006-08-16,0.64856
2006-08-17,0.62312
2006-08-18,0.59973
2006-08-19,0.61012
2006-08-20,0.65455
2006-08-21,0.69975
2006-08-22,0.7003
2006-08-23,0.7052
2006-08-24,0.69594
2006-08-25,0.69104
2006-08-26,0.68505
2006-08-27,0.70302
2006-08-28,0.68287
2006-08-29,0.66109
2006-08-30,0.65292
2006-08-31,0.63386
2006-09-01,0.61844
2006-09-02,0.6355
2006-09-03,0.65129
2006-09-04,0.6295
2006-09-05,0.60493
2006-09-06,0.58621
2006-09-07,0.56914
2006-09-08,0.57946
2006-09-09,0.60649
2006-09-10,0.62787
2006-09-11,0.62416
2006-09-12,0.61896
2006-09-13,0.6148
2006-09-14,0.62156
2006-09-15,0.6174
2006-09-16,0.64639
2006-09-17,0.67906
2006-09-18,0.68995
2006-09-19,0.71446
2006-09-20,0.71282
2006-09-21,0.71554
2006-09-22,0.71663
2006-09-23,0.73639
2006-09-24,0.75928
2006-09-25,0.73886
2006-09-26,0.7248
2006-09-27,0.70139
2006-09-28,0.68396
2006-09-29,0.70465
2006-09-30,0.72099
2006-10-01,0.73515
2006-10-02,0.73243
2006-10-03,0.73577
2006-10-04,0.73188
2006-10-05,0.75681
2006-10-06,0.75371
2006-10-07,0.77351
2006-10-08,0.79208
2006-10-09,0.78651
2006-10-10,0.77537
2006-10-11,0.77475
2006-10-12,0.77599
2006-10-13,0.76547
2006-10-14,0.78094
2006-10-15,0.79332
2006-10-16,0.80546
2006-10-17,0.80486
2006-10-18,0.80185
2006-10-19,0.80787
2006-10-20,0.81088
2006-10-21,0.8163
2006-10-22,0.82172
2006-10-23,0.79703
2006-10-24,0.7729
2006-10-25,0.74319
2006-10-26,0.72371
2006-10-27,0.7297
2006-10-28,0.737
2006-10-29,0.74443
2006-10-30,0.75743
2006-10-31,0.76671
2006-11-01,0.77351
2006-11-02,0.77166
2006-11-03,0.74752
2006-11-04,0.71827
2006-11-05,0.6954
2006-11-06,0.66871
2006-11-07,0.6404
2006-11-08,0.61948
2006-11-09,0.59973
2006-11-10,0.5805
2006-11-11,0.58257
2006-11-12,0.60077
2006-11-13,0.6226
2006-11-14,0.6404
2006-11-15,0.66163
2006-11-16,0.67634
2006-11-17,0.6954
2006-11-18,0.71772
2006-11-19,0.7297
2006-11-20,0.74629
2006-11-21,0.76361
2006-11-22,0.78465
2006-11-23,0.81691
2006-11-24,0.83738
2006-11-25,0.85782
2006-11-26,0.8769
2006-11-27,0.87914
2006-11-28,0.88363
2006-11-29,0.8999
2006-11-30,0.91561
2006-12-01,0.92964
2006-12-02,0.94927
2006-12-03,0.96218
2006-12-04,0.97741
2006-12-05,0.97069
2006-12-06,0.97619
2006-12-07,0.95993
2006-12-08,0.94871
2006-12-09,0.96835
2006-12-10,0.97985
2006-12-11,0.96947
2006-12-12,0.95881
2006-12-13,0.96498
2006-12-14,0.96106
2006-12-15,0.94479
2006-12-16,0.92178
2006-12-17,0.93244
2006-12-18,0.94254
2006-12-19,0.91505
2006-12-20,0.89485
2006-12-21,0.90495
2006-12-22,0.91337
2006-12-23,0.92403
2006-12-24,0.93805
2006-12-25,0.94927
2006-12-26,0.96106
2006-12-27,0.98046
2006-12-28,0.97497
2006-12-29,0.95432
2006-12-30,0.92851
2006-12-31,0.93749
2007-01-01,0.94422
2007-01-02,0.94254
2007-01-03,0.9229
2007-01-04,0.90271
2007-01-05,0.90888
2007-01-06,0.91337
2007-01-07,0.91561
2007-01-08,0.91393
2007-01-09,0.91842
2007-01-10,0.92178
2007-01-11,0.92627
2007-01-12,0.92964
2007-01-13,0.93413
2007-01-14,0.93805
2007-01-15,0.94086
2007-01-16,0.94254
2007-01-17,0.94479
2007-01-18,0.94647
2007-01-19,0.94759
2007-01-20,0.94815
2007-01-21,0.94871
2007-01-22,0.94871
2007-01-23,0.92683
2007-01-24,0.91954
2007-01-25,0.89822
2007-01-26,0.87634
2007-01-27,0.87634
2007-01-28,0.87578
2007-01-29,0.87465
2007-01-30,0.87297
2007-01-31,0.86624
2007-02-01,0.83136
2007-02-02,0.81269
2007-02-03,0.81149
2007-02-04,0.80908
2007-02-05,0.79641
2007-02-06,0.78837
2007-02-07,0.78527
2007-02-08,0.77847
2007-02-09,0.77475
2007-02-10,0.77166
2007-02-11,0.76856
2007-02-12,0.73639
2007-02-13,0.7346
2007-02-14,0.72861
2007-02-15,0.69975
2007-02-16,0.69594
2007-02-17,0.69649
2007-02-18,0.68396
2007-02-19,0.68015
2007-02-20,0.67416
2007-02-21,0.64802
2007-02-22,0.6404
2007-02-23,0.60181
2007-02-24,0.57478
2007-02-25,0.56658
2007-02-26,0.55533
2007-02-27,0.54254
2007-02-28,0.53487
2007-03-01,0.52464
2007-03-02,0.51654
2007-03-03,0.51348
2007-03-04,0.51042
2007-03-05,0.50342
2007-03-06,0.47981
2007-03-07,0.47645
2007-03-08,0.46428
2007-03-09,0.47158
2007-03-10,0.4745
2007-03-11,0.47743
2007-03-12,0.45844
2007-03-13,0.45455
2007-03-14,0.44724
2007-03-15,0.41129
2007-03-16,0.37677
2007-03-17,0.37805
2007-03-18,0.38363
2007-03-19,0.38449
2007-03-20,0.38495
2007-03-21,0.38587
2007-03-22,0.38911
2007-03-23,0.35789
2007-03-24,0.36089
2007-03-25,0.37076
2007-03-26,0.34716
2007-03-27,0.3254
2007-03-28,0.30529
2007-03-29,0.28833
2007-03-30,0.26382
2007-03-31,0.28606
2007-04-01,0.31535
2007-04-02,0.32978
2007-04-03,0.34287
2007-04-04,0.32278
2007-04-05,0.30223
2007-04-06,0.2788
2007-04-07,0.29377
2007-04-08,0.31535
2007-04-09,0.31666
2007-04-10,0.30485
2007-04-11,0.29241
2007-04-12,0.27335
2007-04-13,0.2507
2007-04-14,0.26518
2007-04-15,0.27607
2007-04-16,0.29332
2007-04-17,0.30704
2007-04-18,0.31928
2007-04-19,0.33371
2007-04-20,0.3832
2007-04-21,0.42931
2007-04-22,0.48812
2007-04-23,0.52179
2007-04-24,0.53998
2007-04-25,0.55738
2007-04-26,0.57842
2007-04-27,0.57686
2007-04-28,0.5671
2007-04-29,0.57119
2007-04-30,0.56607
2007-05-01,0.563
2007-05-02,0.55942
2007-05-03,0.5538
2007-05-04,0.57323
2007-05-05,0.58153
2007-05-06,0.58205
2007-05-07,0.58621
2007-05-08,0.58517
2007-05-09,0.57738
2007-05-10,0.58153
2007-05-11,0.56965
2007-05-12,0.59245
2007-05-13,0.60804
2007-05-14,0.59349
2007-05-15,0.58257
2007-05-16,0.56812
2007-05-17,0.55175
2007-05-18,0.54663
2007-05-19,0.60233
2007-05-20,0.68233
2007-05-21,0.75062
2007-05-22,0.76795
2007-05-23,0.77661
2007-05-24,0.78342
2007-05-25,0.78403
2007-05-26,0.77847
2007-05-27,0.77475
2007-05-28,0.79944
2007-05-29,0.80787
2007-05-30,0.80245
2007-05-31,0.79455
2007-06-01,0.79703
2007-06-02,0.7896
2007-06-03,0.77475
2007-06-04,0.76176
2007-06-05,0.763
2007-06-06,0.7599
2007-06-07,0.76052
2007-06-08,0.76609
2007-06-09,0.78032
2007-06-10,0.78218
2007-06-11,0.79944
2007-06-12,0.78713
2007-06-13,0.7896
2007-06-14,0.7828
2007-06-15,0.8416
2007-06-16,0.86175
2007-06-17,0.8797
2007-06-18,0.88644
2007-06-19,0.89373
2007-06-20,0.90439
2007-06-21,0.91505
2007-06-22,0.93413
2007-06-23,0.95713
2007-06-24,0.97008
2007-06-25,0.98596
2007-06-26,1.00767
2007-06-27,1.01177
2007-06-28,1.02558
2007-06-29,1.04403
2007-06-30,1.05454
2007-07-01,1.05454
2007-07-02,1.05586
2007-07-03,1.0506
2007-07-04,1.04403
2007-07-05,1.04271
2007-07-06,1.04271
2007-07-07,1.04337
2007-07-08,1.04731
2007-07-09,1.0644
2007-07-10,1.08215
2007-07-11,1.10515
2007-07-12,1.11106
2007-07-13,1.10844
2007-07-14,1.10055
2007-07-15,1.09266
2007-07-16,1.09135
2007-07-17,1.09792
2007-07-18,1.09595
2007-07-19,1.08346
2007-07-20,1.07295
2007-07-21,1.05717
2007-07-22,1.05389
2007-07-23,1.04008
2007-07-24,1.03549
2007-07-25,1.02168
2007-07-26,1.00263
2007-07-27,0.97701
2007-07-28,0.95666
2007-07-29,0.93305
2007-07-30,0.91338
2007-07-31,0.89386
2007-08-01,0.88484
2007-08-02,0.89451
2007-08-03,0.91338
2007-08-04,0.93698
2007-08-05,0.95601
2007-08-06,0.95732
2007-08-07,0.95666
2007-08-08,0.95272
2007-08-09,0.93698
2007-08-10,0.9219
2007-08-11,0.91403
2007-08-12,0.90683
2007-08-13,0.91535
2007-08-14,0.91403
2007-08-15,0.90291
2007-08-16,0.88356
2007-08-17,0.88034
2007-08-18,0.86428
2007-08-19,0.84377
2007-08-20,0.83737
2007-08-21,0.83993
2007-08-22,0.86685
2007-08-23,0.87134
2007-08-24,0.89451
2007-08-25,0.90553
2007-08-26,0.88806
2007-08-27,0.86749
2007-08-28,0.85594
2007-08-29,0.86492
2007-08-30,0.86107
2007-08-31,0.87006
2007-09-01,0.86492
2007-09-02,0.86685
2007-09-03,0.87134
2007-09-04,0.88549
2007-09-05,0.9016
2007-09-06,0.90814
2007-09-07,0.90945
2007-09-08,0.90945
2007-09-09,0.90487
2007-09-10,0.89451
2007-09-11,0.88227
2007-09-12,0.8797
2007-09-13,0.87648
2007-09-14,0.88163
2007-09-15,0.91338
2007-09-16,0.91142
2007-09-17,0.89967
2007-09-18,0.88678
2007-09-19,0.88806
2007-09-20,0.8797
2007-09-21,0.87392
2007-09-22,0.85786
2007-09-23,0.84377
2007-09-24,0.82202
2007-09-25,0.79778
2007-09-26,0.77875
2007-09-27,0.76301
2007-09-28,0.74428
2007-09-29,0.72011
2007-09-30,0.70474
2007-10-01,0.70168
2007-10-02,0.68155
2007-10-03,0.65682
2007-10-04,0.63954
2007-10-05,0.66102
2007-10-06,0.67912
2007-10-07,0.70107
2007-10-08,0.71826
2007-10-09,0.69923
2007-10-10,0.71826
2007-10-11,0.74118
2007-10-12,0.76552
2007-10-13,0.78509
2007-10-14,0.80479
2007-10-15,0.83096
2007-10-16,0.85402
2007-10-17,0.87134
2007-10-18,0.88678
2007-10-19,0.88292
2007-10-20,0.87263
2007-10-21,0.85979
2007-10-22,0.84953
2007-10-23,0.84313
2007-10-24,0.82905
2007-10-25,0.81116
2007-10-26,0.79334
2007-10-27,0.77307
2007-10-28,0.75052
2007-10-29,0.74118
2007-10-30,0.72505
2007-10-31,0.71334
2007-11-01,0.72877
2007-11-02,0.74241
2007-11-03,0.75363
2007-11-04,0.76802
2007-11-05,0.79334
2007-11-06,0.78509
2007-11-07,0.79017
2007-11-08,0.78445
2007-11-09,0.87648
2007-11-10,0.88742
2007-11-11,0.90031
2007-11-12,0.91862
2007-11-13,0.93239
2007-11-14,0.93436
2007-11-15,0.92977
2007-11-16,0.92255
2007-11-17,0.92255
2007-11-18,0.93042
2007-11-19,0.92911
2007-11-20,0.92649
2007-11-21,0.91207
2007-11-22,0.89902
2007-11-23,0.91927
2007-11-24,0.93436
2007-11-25,0.91469
2007-11-26,0.89967
2007-11-27,0.916
2007-11-28,0.92715
2007-11-29,0.9383
2007-11-30,0.94747
2007-12-01,0.9547
2007-12-02,0.95995
2007-12-03,0.93042
2007-12-04,0.93107
2007-12-05,0.93567
2007-12-06,0.89967
2007-12-07,0.86428
2007-12-08,0.8707
2007-12-09,0.87713
2007-12-10,0.88034
2007-12-11,0.88999
2007-12-12,0.89902
2007-12-13,0.90487
2007-12-14,0.91403
2007-12-15,0.92125
2007-12-16,0.92845
2007-12-17,0.93698
2007-12-18,0.94747
2007-12-19,0.94026
2007-12-20,0.92911
2007-12-21,0.89967
2007-12-22,0.90356
2007-12-23,0.9088
2007-12-24,0.92059
2007-12-25,0.92255
2007-12-26,0.92321
2007-12-27,0.92452
2007-12-28,0.92715
2007-12-29,0.92715
2007-12-30,0.92387
2007-12-31,0.91993
2008-01-01,0.91403
2008-01-02,0.90683
2008-01-03,0.90945
2008-01-04,0.91273
2008-01-05,0.91403
2008-01-06,0.90487
2008-01-07,0.89579
2008-01-08,0.88871
2008-01-09,0.88613
2008-01-10,0.88356
2008-01-11,0.87456
2008-01-12,0.86557
2008-01-13,0.86043
2008-01-14,0.85722
2008-01-15,0.85274
2008-01-16,0.84504
2008-01-17,0.8412
2008-01-18,0.83225
2008-01-19,0.82905
2008-01-20,0.8284
2008-01-21,0.8284
2008-01-22,0.82457
2008-01-23,0.8201
2008-01-24,0.80288
2008-01-25,0.79906
2008-01-26,0.79144
2008-01-27,0.78129
2008-01-28,0.76992
2008-01-29,0.75801
2008-01-30,0.75363
2008-01-31,0.7474
2008-02-01,0.74241
2008-02-02,0.73682
2008-02-03,0.73187
2008-02-04,0.72505
2008-02-05,0.71826
2008-02-06,0.71211
2008-02-07,0.70719
2008-02-08,0.70168
2008-02-09,0.69495
2008-02-10,0.69068
2008-02-11,0.69373
2008-02-12,0.69251
2008-02-13,0.68946
2008-02-14,0.68885
2008-02-15,0.67973
2008-02-16,0.67912
2008-02-17,0.6767
2008-02-18,0.67549
2008-02-19,0.6767
2008-02-20,0.68094
2008-02-21,0.68338
2008-02-22,0.68642
2008-02-23,0.68703
2008-02-24,0.68459
2008-02-25,0.66764
2008-02-26,0.65143
2008-02-27,0.63421
2008-02-28,0.61953
2008-02-29,0.60441
2008-03-01,0.60036
2008-03-02,0.5946
2008-03-03,0.57805
2008-03-04,0.56452
2008-03-05,0.5484
2008-03-06,0.53797
2008-03-07,0.52818
2008-03-08,0.51527
2008-03-09,0.50305
2008-03-10,0.48943
2008-03-11,0.47856
2008-03-12,0.47088
2008-03-13,0.46124
2008-03-14,0.45022
2008-03-15,0.43539
2008-03-16,0.42273
2008-03-17,0.41075
2008-03-18,0.40884
2008-03-19,0.38679
2008-03-20,0.364
2008-03-21,0.34015
2008-03-22,0.31703
2008-03-23,0.29995
2008-03-24,0.2934
2008-03-25,0.29135
2008-03-26,0.28408
2008-03-27,0.27372
2008-03-28,0.26352
2008-03-29,0.25309
2008-03-30,0.24168
2008-03-31,0.23267
2008-04-01,0.22377
2008-04-02,0.22599
2008-04-03,0.22636
2008-04-04,0.22674
2008-04-05,0.22784
2008-04-06,0.22933
2008-04-07,0.22858
2008-04-08,0.2271
2008-04-09,0.22268
2008-04-10,0.2212
2008-04-11,0.2212
2008-04-12,0.22046
2008-04-13,0.22268
2008-04-14,0.22858
2008-04-15,0.23305
2008-04-16,0.23754
2008-04-17,0.23529
2008-04-18,0.22636
2008-04-19,0.21791
2008-04-20,0.2099
2008-04-21,0.2002
2008-04-22,0.18957
2008-04-23,0.20774
2008-04-24,0.20846
2008-04-25,0.2323
2008-04-26,0.24736
2008-04-27,0.25578
2008-04-28,0.25616
2008-04-29,0.25194
2008-04-30,0.24774
2008-05-01,0.24546
2008-05-02,0.2413
2008-05-03,0.24812
2008-05-04,0.24243
2008-05-05,0.24774
2008-05-06,0.25194
2008-05-07,0.24736
2008-05-08,0.25886
2008-05-09,0.26939
2008-05-10,0.26782
2008-05-11,0.26625
2008-05-12,0.26274
2008-05-13,0.25693
2008-05-14,0.25156
2008-05-15,0.24319
2008-05-16,0.24206
2008-05-17,0.25041
2008-05-18,0.24774
2008-05-19,0.26313
2008-05-20,0.27017
2008-05-21,0.27253
2008-05-22,0.28368
2008-05-23,0.29585
2008-05-24,0.30533
2008-05-25,0.31157
2008-05-26,0.30656
2008-05-27,0.30656
2008-05-28,0.31451
2008-05-29,0.31999
2008-05-30,0.31829
2008-05-31,0.30782
2008-06-01,0.29995
2008-06-02,0.29217
2008-06-03,0.29299
2008-06-04,0.28167
2008-06-05,0.27332
2008-06-06,0.26041
2008-06-07,0.26352
2008-06-08,0.27411
2008-06-09,0.27253
2008-06-10,0.27332
2008-06-11,0.28933
2008-06-12,0.29954
2008-06-13,0.30865
2008-06-14,0.31535
2008-06-15,0.30907
2008-06-16,0.31914
2008-06-17,0.31914
2008-06-18,0.32296
2008-06-19,0.32722
2008-06-20,0.32764
2008-06-21,0.33366
2008-06-22,0.34276
2008-06-23,0.35597
2008-06-24,0.37759
2008-06-25,0.43932
2008-06-26,0.45371
2008-06-27,0.45922
2008-06-28,0.49517
2008-06-29,0.51047
2008-06-30,0.52493
2008-07-01,0.5298
2008-07-02,0.53415
2008-07-03,0.53906
2008-07-04,0.58716
2008-07-05,0.62011
2008-07-06,0.63895
2008-07-07,0.6431
2008-07-08,0.65143
2008-07-09,0.65502
2008-07-10,0.65982
2008-07-11,0.66342
2008-07-12,0.68642
2008-07-13,0.69801
2008-07-14,0.70107
2008-07-15,0.71026
2008-07-16,0.72135
2008-07-17,0.72011
2008-07-18,0.70903
2008-07-19,0.69801
2008-07-20,0.69373
2008-07-21,0.68216
2008-07-22,0.66643
2008-07-23,0.64727
2008-07-24,0.64132
2008-07-25,0.64786
2008-07-26,0.65024
2008-07-27,0.63599
2008-07-28,0.62715
2008-07-29,0.6248
2008-07-30,0.6073
2008-07-31,0.59575
2008-08-01,0.58374
2008-08-02,0.57183
2008-08-03,0.56061
2008-08-04,0.55449
2008-08-05,0.54455
2008-08-06,0.54344
2008-08-07,0.54344
2008-08-08,0.53961
2008-08-09,0.53797
2008-08-10,0.5462
2008-08-11,0.55671
2008-08-12,0.56005
2008-08-13,0.56621
2008-08-14,0.56845
2008-08-15,0.57127
2008-08-16,0.59059
2008-08-17,0.59863
2008-08-18,0.60846
2008-08-19,0.61253
2008-08-20,0.61836
2008-08-21,0.62187
2008-08-22,0.64369
2008-08-23,0.65443
2008-08-24,0.67307
2008-08-25,0.69678
2008-08-26,0.71211
2008-08-27,0.72382
2008-08-28,0.7232
2008-08-29,0.7158
2008-08-30,0.70413
2008-08-31,0.70045
2008-09-01,0.69251
2008-09-02,0.6858
2008-09-03,0.67973
2008-09-04,0.66944
2008-09-05,0.66583
2008-09-06,0.65682
2008-09-07,0.64905
2008-09-08,0.64429
2008-09-09,0.63776
2008-09-10,0.64014
2008-09-11,0.63836
2008-09-12,0.6431
2008-09-13,0.63895
2008-09-14,0.63599
2008-09-15,0.63954
2008-09-16,0.65263
2008-09-17,0.66282
2008-09-18,0.66643
2008-09-19,0.67609
2008-09-20,0.69556
2008-09-21,0.74241
2008-09-22,0.7555
2008-09-23,0.78192
2008-09-24,0.79715
2008-09-25,0.80861
2008-09-26,0.84504
2008-09-27,0.85915
2008-09-28,0.86749
2008-09-29,0.87777
2008-09-30,0.90031
2008-10-01,0.91731
2008-10-02,0.92255
2008-10-03,0.92452
2008-10-04,0.91862
2008-10-05,0.91338
2008-10-06,0.91862
2008-10-07,0.95929
2008-10-08,0.98555
2008-10-09,0.99474
2008-10-10,1.04602
2008-10-11,1.05785
2008-10-12,1.06312
2008-10-13,1.06115
2008-10-14,1.04996
2008-10-15,1.02825
2008-10-16,1.00657
2008-10-17,0.99212
2008-10-18,0.97964
2008-10-19,0.98752
2008-10-20,0.98096
2008-10-21,0.97373
2008-10-22,0.95995
2008-10-23,0.94485
2008-10-24,0.94682
2008-10-25,0.9337
2008-10-26,0.91142
2008-10-27,0.88871
2008-10-28,0.8707
2008-10-29,0.85979
2008-10-30,0.83288
2008-10-31,0.82138
2008-11-01,0.8118
2008-11-02,0.80861
2008-11-03,0.8016
2008-11-04,0.80861
2008-11-05,0.81244
2008-11-06,0.81691
2008-11-07,0.81882
2008-11-08,0.80861
2008-11-09,0.80798
2008-11-10,0.79969
2008-11-11,0.78699
2008-11-12,0.78572
2008-11-13,0.78509
2008-11-14,0.78826
2008-11-15,0.79017
2008-11-16,0.79334
2008-11-17,0.79715
2008-11-18,0.80034
2008-11-19,0.80734
2008-11-20,0.81755
2008-11-21,0.82777
2008-11-22,0.8444
2008-11-23,0.8553
2008-11-24,0.88098
2008-11-25,0.89515
2008-11-26,0.90945
2008-11-27,0.91076
2008-11-28,0.91076
2008-11-29,0.9219
2008-11-30,0.93632
2008-12-01,0.94617
2008-12-02,0.94617
2008-12-03,0.94026
2008-12-04,0.92125
2008-12-05,0.92583
2008-12-06,0.92452
2008-12-07,0.92649
2008-12-08,0.92321
2008-12-09,0.91535
2008-12-10,0.90748
2008-12-11,0.89902
2008-12-12,0.89773
2008-12-13,0.90031
2008-12-14,0.90031
2008-12-15,0.89837
2008-12-16,0.89644
2008-12-17,0.89193
2008-12-18,0.8842
2008-12-19,0.87327
2008-12-20,0.86942
2008-12-21,0.8553
2008-12-22,0.84057
2008-12-23,0.82713
2008-12-24,0.81946
2008-12-25,0.81116
2008-12-26,0.81308
2008-12-27,0.81435
2008-12-28,0.81563
2008-12-29,0.81563
2008-12-30,0.81691
2008-12-31,0.82138
2009-01-01,0.8284
2009-01-02,0.83288
2009-01-03,0.83416
2009-01-04,0.83544
2009-01-05,0.83608
2009-01-06,0.83672
2009-01-07,0.83737
2009-01-08,0.83737
2009-01-09,0.83544
2009-01-10,0.83288
2009-01-11,0.83096
2009-01-12,0.82969
2009-01-13,0.83096
2009-01-14,0.83416
2009-01-15,0.83544
2009-01-16,0.84377
2009-01-17,0.84569
2009-01-18,0.84569
2009-01-19,0.84761
2009-01-20,0.84825
2009-01-21,0.85338
2009-01-22,0.89322
2009-01-23,0.9337
2009-01-24,0.94157
2009-01-25,0.94223
2009-01-26,0.92517
2009-01-27,0.91731
2009-01-28,0.90748
2009-01-29,0.89515
2009-01-30,0.86877
2009-01-31,0.84377
2009-02-01,0.84248
2009-02-02,0.83416
2009-02-03,0.83352
2009-02-04,0.83928
2009-02-05,0.84248
2009-02-06,0.82585
2009-02-07,0.80416
2009-02-08,0.79969
2009-02-09,0.77433
2009-02-10,0.74989
2009-02-11,0.72567
2009-02-12,0.70658
2009-02-13,0.68885
2009-02-14,0.66884
2009-02-15,0.66042
2009-02-16,0.65024
2009-02-17,0.64132
2009-02-18,0.62773
2009-02-19,0.61894
2009-02-20,0.61021
2009-02-21,0.59518
2009-02-22,0.58032
2009-02-23,0.56733
2009-02-24,0.55504
2009-02-25,0.54399
2009-02-26,0.53089
2009-02-27,0.52278
2009-02-28,0.51101
2009-03-01,0.49884
2009-03-02,0.49517
2009-03-03,0.48891
2009-03-04,0.48217
2009-03-05,0.4719
2009-03-06,0.45973
2009-03-07,0.45721
2009-03-08,0.44872
2009-03-09,0.44524
2009-03-10,0.44178
2009-03-11,0.41361
2009-03-12,0.39985
2009-03-13,0.37667
2009-03-14,0.364
2009-03-15,0.35109
2009-03-16,0.33798
2009-03-17,0.32978
2009-03-18,0.32764
2009-03-19,0.32253
2009-03-20,0.32168
2009-03-21,0.32893
2009-03-22,0.38264
2009-03-23,0.4349
2009-03-24,0.45671
2009-03-25,0.47241
2009-03-26,0.47753
2009-03-27,0.47344
2009-03-28,0.4663
2009-03-29,0.45721
2009-03-30,0.44129
2009-03-31,0.42468
2009-04-01,0.39892
2009-04-02,0.37759
2009-04-03,0.35109
2009-04-04,0.32679
2009-04-05,0.29995
2009-04-06,0.27214
2009-04-07,0.24508
2009-04-08,0.2271
2009-04-09,0.21135
2009-04-10,0.18922
2009-04-11,0.1746
2009-04-12,0.16979
2009-04-13,0.16432
2009-04-14,0.15721
2009-04-15,0.15117
2009-04-16,0.14285
2009-04-17,0.13627
2009-04-18,0.13201
2009-04-19,0.15319
2009-04-20,0.16229
2009-04-21,0.185
2009-04-22,0.18117
2009-04-23,0.20092
2009-04-24,0.21791
2009-04-25,0.21753
2009-04-26,0.22377
2009-04-27,0.21791
2009-04-28,0.20846
2009-04-29,0.19451
2009-04-30,0.18571
2009-05-01,0.17563
2009-05-02,0.16671
2009-05-03,0.15486
2009-05-04,0.14517
2009-05-05,0.1343
2009-05-06,0.13528
2009-05-07,0.13201
2009-05-08,0.13627
2009-05-09,0.13593
2009-05-10,0.13168
2009-05-11,0.14717
2009-05-12,0.15117
2009-05-13,0.15621
2009-05-14,0.15285
2009-05-15,0.15924
2009-05-16,0.15117
2009-05-17,0.14319
2009-05-18,0.13266
2009-05-19,0.13201
2009-05-20,0.12647
2009-05-21,0.13856
2009-05-22,0.13659
2009-05-23,0.14054
2009-05-24,0.15184
2009-05-25,0.15385
2009-05-26,0.17013
2009-05-27,0.17944
2009-05-28,0.18781
2009-05-29,0.19416
2009-05-30,0.20092
2009-05-31,0.19949
2009-06-01,0.19878
2009-06-02,0.18957
2009-06-03,0.18083
2009-06-04,0.16773
2009-06-05,0.16979
2009-06-06,0.16365
2009-06-07,0.16195
2009-06-08,0.15857
2009-06-09,0.15823
2009-06-10,0.16432
2009-06-11,0.165
2009-06-12,0.16365
2009-06-13,0.17804
2009-06-14,0.17736
2009-06-15,0.17391
2009-06-16,0.16773
2009-06-17,0.16534
2009-06-18,0.15621
2009-06-19,0.15352
2009-06-20,0.14917
2009-06-21,0.1465
2009-06-22,0.13922
2009-06-23,0.14584
2009-06-24,0.14088
2009-06-25,0.13955
2009-06-26,0.12875
2009-06-27,0.1465
2009-06-28,0.15385
2009-06-29,0.1485
2009-06-30,0.15721
2009-07-01,0.14684
2009-07-02,0.16059
2009-07-03,0.19168
2009-07-04,0.21352
2009-07-05,0.22268
2009-07-06,0.2297
2009-07-07,0.23081
2009-07-08,0.23379
2009-07-09,0.24584
2009-07-10,0.25194
2009-07-11,0.25194
2009-07-12,0.27214
2009-07-13,0.2686
2009-07-14,0.26352
2009-07-15,0.25578
2009-07-16,0.24243
2009-07-17,0.24017
2009-07-18,0.23305
2009-07-19,0.21937
2009-07-20,0.22268
2009-07-21,0.20882
2009-07-22,0.20092
2009-07-23,0.18781
2009-07-24,0.18048
2009-07-25,0.18536
2009-07-26,0.17391
2009-07-27,0.16127
2009-07-28,0.15789
2009-07-29,0.15184
2009-07-30,0.15352
2009-07-31,0.17391
2009-08-01,0.17909
2009-08-02,0.17184
2009-08-03,0.17116
2009-08-04,0.17356
2009-08-05,0.16773
2009-08-06,0.16979
2009-08-07,0.2045
2009-08-08,0.21171
2009-08-09,0.20198
2009-08-10,0.20127
2009-08-11,0.20234
2009-08-12,0.20918
2009-08-13,0.21135
2009-08-14,0.21244
2009-08-15,0.21171
2009-08-16,0.20954
2009-08-17,0.20737
2009-08-18,0.21062
2009-08-19,0.21644
2009-08-20,0.22562
2009-08-21,0.23905
2009-08-22,0.23867
2009-08-23,0.24243
2009-08-24,0.24774
2009-08-25,0.25194
2009-08-26,0.25003
2009-08-27,0.25232
2009-08-28,0.25462
2009-08-29,0.25964
2009-08-30,0.26742
2009-08-31,0.27253
2009-09-01,0.2873
2009-09-02,0.2873
2009-09-03,0.28569
2009-09-04,0.29095
2009-09-05,0.28327
2009-09-06,0.27928
2009-09-07,0.2753
2009-09-08,0.26939
2009-09-09,0.26158
2009-09-10,0.25424
2009-09-11,0.24433
2009-09-12,0.24546
2009-09-13,0.25117
2009-09-14,0.25003
2009-09-15,0.26041
2009-09-16,0.26118
2009-09-17,0.26196
2009-09-18,0.26313
2009-09-19,0.2608
2009-09-20,0.2577
2009-09-21,0.255
2009-09-22,0.255
2009-09-23,0.25194
2009-09-24,0.24357
2009-09-25,0.23492
2009-09-26,0.22858
2009-09-27,0.22268
2009-09-28,0.21681
2009-09-29,0.21171
2009-09-30,0.20557
2009-10-01,0.20413
2009-10-02,0.19913
2009-10-03,0.21207
2009-10-04,0.20378
2009-10-05,0.20413
2009-10-06,0.2027
2009-10-07,0.20127
2009-10-08,0.19771
2009-10-09,0.19416
2009-10-10,0.18992
2009-10-11,0.19984
2009-10-12,0.21535
2009-10-13,0.22157
2009-10-14,0.23342
2009-10-15,0.24395
2009-10-16,0.25309
2009-10-17,0.26002
2009-10-18,0.26939
2009-10-19,0.28048
2009-10-20,0.29299
2009-10-21,0.30243
2009-10-22,0.31115
2009-10-23,0.31619
2009-10-24,0.33538
2009-10-25,0.34933
2009-10-26,0.35908
2009-10-27,0.37667
2009-10-28,0.40268
2009-10-29,0.43002
2009-10-30,0.44129
2009-10-31,0.46124
2009-11-01,0.48011
2009-11-02,0.49989
2009-11-03,0.51741
2009-11-04,0.53578
2009-11-05,0.54729
2009-11-06,0.56229
2009-11-07,0.57409
2009-11-08,0.60093
2009-11-09,0.62304
2009-11-10,0.66463
2009-11-11,0.65084
2009-11-12,0.66342
2009-11-13,0.7158
2009-11-14,0.7195
2009-11-15,0.71334
2009-11-16,0.73745
2009-11-17,0.75176
2009-11-18,0.78762
2009-11-19,0.81435
2009-11-20,0.8444
2009-11-21,0.83928
2009-11-22,0.82266
2009-11-23,0.81627
2009-11-24,0.80288
2009-11-25,0.81435
2009-11-26,0.8412
2009-11-27,0.863
2009-11-28,0.90421
2009-11-29,0.91731
2009-11-30,0.90356
2009-12-01,0.8797
2009-12-02,0.87456
2009-12-03,0.88935
2009-12-04,0.90031
2009-12-05,0.89902
2009-12-06,0.88871
2009-12-07,0.89386
2009-12-08,0.89902
2009-12-09,0.90814
2009-12-10,0.91338
2009-12-11,0.89064
2009-12-12,0.86685
2009-12-13,0.87263
2009-12-14,0.87584
2009-12-15,0.87841
2009-12-16,0.88034
2009-12-17,0.88227
2009-12-18,0.88356
2009-12-19,0.88613
2009-12-20,0.89193
2009-12-21,0.89902
2009-12-22,0.90356
2009-12-23,0.89579
2009-12-24,0.90356
2009-12-25,0.91076
2009-12-26,0.92059
2009-12-27,0.93436
2009-12-28,0.90421
2009-12-29,0.89579
2009-12-30,0.88742
2009-12-31,0.87584
2010-01-01,0.87906
2010-01-02,0.88163
2010-01-03,0.88163
2010-01-04,0.88227
2010-01-05,0.87777
2010-01-06,0.87584
2010-01-07,0.87006
2010-01-08,0.86428
2010-01-09,0.85915
2010-01-10,0.85274
2010-01-11,0.84697
2010-01-12,0.84057
2010-01-13,0.83481
2010-01-14,0.83033
2010-01-15,0.82457
2010-01-16,0.82074
2010-01-17,0.81818
2010-01-18,0.81499
2010-01-19,0.8118
2010-01-20,0.80798
2010-01-21,0.80542
2010-01-22,0.79715
2010-01-23,0.78953
2010-01-24,0.78572
2010-01-25,0.77939
2010-01-26,0.77244
2010-01-27,0.76552
2010-01-28,0.76176
2010-01-29,0.75738
2010-01-30,0.75301
2010-01-31,0.74927
2010-02-01,0.74553
2010-02-02,0.74118
2010-02-03,0.7362
2010-02-04,0.73125
2010-02-05,0.72629
2010-02-06,0.72197
2010-02-07,0.71703
2010-02-08,0.71272
2010-02-09,0.70781
2010-02-10,0.70351
2010-02-11,0.69923
2010-02-12,0.69373
2010-02-13,0.68824
2010-02-14,0.68703
2010-02-15,0.68277
2010-02-16,0.67792
2010-02-17,0.67247
2010-02-18,0.66764
2010-02-19,0.66402
2010-02-20,0.66042
2010-02-21,0.65502
2010-02-22,0.64965
2010-02-23,0.64369
2010-02-24,0.63836
2010-02-25,0.63421
2010-02-26,0.63068
2010-02-27,0.62832
2010-02-28,0.63421
2010-03-01,0.63599
2010-03-02,0.63244
2010-03-03,0.63068
2010-03-04,0.62538
2010-03-05,0.62245
2010-03-06,0.62951
2010-03-07,0.64072
2010-03-08,0.66042
2010-03-09,0.70413
2010-03-10,0.72753
2010-03-11,0.73187
2010-03-12,0.73248
2010-03-13,0.7362
2010-03-14,0.74428
2010-03-15,0.73993
2010-03-16,0.73497
2010-03-17,0.72073
2010-03-18,0.72753
2010-03-19,0.73
2010-03-20,0.70413
2010-03-21,0.67792
2010-03-22,0.65084
2010-03-23,0.62245
2010-03-24,0.60499
2010-03-25,0.58773
2010-03-26,0.57409
2010-03-27,0.55504
2010-03-28,0.53742
2010-03-29,0.52224
2010-03-30,0.5142
2010-03-31,0.49884
2010-04-01,0.49412
2010-04-02,0.48579
2010-04-03,0.4957
2010-04-04,0.52063
2010-04-05,0.51794
2010-04-06,0.53089
2010-04-07,0.52818
2010-04-08,0.54235
2010-04-09,0.53851
2010-04-10,0.54896
2010-04-11,0.5418
2010-04-12,0.52493
2010-04-13,0.5298
2010-04-14,0.54016
2010-04-15,0.54785
2010-04-16,0.54675
2010-04-17,0.52063
2010-04-18,0.52602
2010-04-19,0.49151
2010-04-20,0.45671
2010-04-21,0.44475
2010-04-22,0.4271
2010-04-23,0.43588
2010-04-24,0.41265
2010-04-25,0.42322
2010-04-26,0.43784
2010-04-27,0.45371
2010-04-28,0.48943
2010-04-29,0.53797
2010-04-30,0.55893
2010-05-01,0.57578
2010-05-02,0.58487
2010-05-03,0.58374
2010-05-04,0.59059
2010-05-05,0.59633
2010-05-06,0.60441
2010-05-07,0.60441
2010-05-08,0.58658
2010-05-09,0.57918
2010-05-10,0.57692
2010-05-11,0.57976
2010-05-12,0.58887
2010-05-13,0.61427
2010-05-14,0.63776
2010-05-15,0.65024
2010-05-16,0.68703
2010-05-17,0.67066
2010-05-18,0.65682
2010-05-19,0.65084
2010-05-20,0.63895
2010-05-21,0.63658
2010-05-22,0.6431
2010-05-23,0.65383
2010-05-24,0.66402
2010-05-25,0.66342
2010-05-26,0.67186
2010-05-27,0.67066
2010-05-28,0.66463
2010-05-29,0.65084
2010-05-30,0.64727
2010-05-31,0.65502
2010-06-01,0.65204
2010-06-02,0.65263
2010-06-03,0.64132
2010-06-04,0.63954
2010-06-05,0.63244
2010-06-06,0.61953
2010-06-07,0.61079
2010-06-08,0.59575
2010-06-09,0.5923
2010-06-10,0.57578
2010-06-11,0.55782
2010-06-12,0.53524
2010-06-13,0.5418
2010-06-14,0.54951
2010-06-15,0.56845
2010-06-16,0.5946
2010-06-17,0.59921
2010-06-18,0.60557
2010-06-19,0.60036
2010-06-20,0.58887
2010-06-21,0.57976
2010-06-22,0.57409
2010-06-23,0.57352
2010-06-24,0.56284
2010-06-25,0.55504
2010-06-26,0.5451
2010-06-27,0.55727
2010-06-28,0.55006
2010-06-29,0.54455
2010-06-30,0.54125
2010-07-01,0.54951
2010-07-02,0.56733
2010-07-03,0.57014
2010-07-04,0.57239
2010-07-05,0.56901
2010-07-06,0.57409
2010-07-07,0.57578
2010-07-08,0.57748
2010-07-09,0.57976
2010-07-10,0.59116
2010-07-11,0.59691
2010-07-12,0.59748
2010-07-13,0.60383
2010-07-14,0.60962
2010-07-15,0.61544
2010-07-16,0.6172
2010-07-17,0.62245
2010-07-18,0.63068
2010-07-19,0.63186
2010-07-20,0.63658
2010-07-21,0.64251
2010-07-22,0.6431
2010-07-23,0.64965
2010-07-24,0.65204
2010-07-25,0.66222
2010-07-26,0.6767
2010-07-27,0.67852
2010-07-28,0.67852
2010-07-29,0.67186
2010-07-30,0.67066
2010-07-31,0.67731
2010-08-01,0.68094
2010-08-02,0.69007
2010-08-03,0.70045
2010-08-04,0.68094
2010-08-05,0.68703
2010-08-06,0.7029
2010-08-07,0.69495
2010-08-08,0.68703
2010-08-09,0.68399
2010-08-10,0.6858
2010-08-11,0.69251
2010-08-12,0.70842
2010-08-13,0.71088
2010-08-14,0.70045
2010-08-15,0.72073
2010-08-16,0.72382
2010-08-17,0.74118
2010-08-18,0.75738
2010-08-19,0.7908
2010-08-20,0.80542
2010-08-21,0.81116
2010-08-22,0.79906
2010-08-23,0.78762
2010-08-24,0.83096
2010-08-25,0.83225
2010-08-26,0.83352
2010-08-27,0.83096
2010-08-28,0.82329
2010-08-29,0.8284
2010-08-30,0.82777
2010-08-31,0.83033
2010-09-01,0.83225
2010-09-02,0.8412
2010-09-03,0.84248
2010-09-04,0.84697
2010-09-05,0.84313
2010-09-06,0.863
2010-09-07,0.8707
2010-09-08,0.86236
2010-09-09,0.84633
2010-09-10,0.75856
2010-09-11,0.77445
2010-09-12,0.79607
2010-09-13,0.79664
2010-09-14,0.78696
2010-09-15,0.79664
2010-09-16,0.79779
2010-09-17,0.78867
2010-09-18,0.77956
2010-09-19,0.77047
2010-09-20,0.76367
2010-09-21,0.76877
2010-09-22,0.7807
2010-09-23,0.79265
2010-09-24,0.80242
2010-09-25,0.81168
2010-09-26,0.80763
2010-09-27,0.81979
2010-09-28,0.81632
2010-09-29,0.80357
2010-09-30,0.80242
2010-10-01,0.78411
2010-10-02,0.7631
2010-10-03,0.75233
2010-10-04,0.75403
2010-10-05,0.7512
2010-10-06,0.7495
2010-10-07,0.74384
2010-10-08,0.74215
2010-10-09,0.73536
2010-10-10,0.74215
2010-10-11,0.74837
2010-10-12,0.75347
2010-10-13,0.75573
2010-10-14,0.75347
2010-10-15,0.75233
2010-10-16,0.75403
2010-10-17,0.76083
2010-10-18,0.76707
2010-10-19,0.7665
2010-10-20,0.76537
2010-10-21,0.7648
2010-10-22,0.77388
2010-10-23,0.78809
2010-10-24,0.79607
2010-10-25,0.79838
2010-10-26,0.7955
2010-10-27,0.80416
2010-10-28,0.81284
2010-10-29,0.81516
2010-10-30,0.814
2010-10-31,0.81689
2010-11-01,0.82211
2010-11-02,0.83138
2010-11-03,0.84878
2010-11-04,0.85805
2010-11-05,0.86502
2010-11-06,0.86792
2010-11-07,0.86849
2010-11-08,0.87372
2010-11-09,0.87662
2010-11-10,0.87546
2010-11-11,0.87894
2010-11-12,0.91087
2010-11-13,0.92191
2010-11-14,0.92599
2010-11-15,0.92483
2010-11-16,0.91785
2010-11-17,0.8981
2010-11-18,0.87372
2010-11-19,0.86502
2010-11-20,0.85922
2010-11-21,0.86038
2010-11-22,0.86038
2010-11-23,0.86096
2010-11-24,0.86502
2010-11-25,0.86618
2010-11-26,0.86444
2010-11-27,0.86502
2010-11-28,0.86907
2010-11-29,0.87314
2010-11-30,0.88475
2010-12-01,0.89694
2010-12-02,0.90332
2010-12-03,0.90332
2010-12-04,0.90332
2010-12-05,0.90681
2010-12-06,0.91785
2010-12-07,0.9132
2010-12-08,0.92133
2010-12-09,0.93645
2010-12-10,0.9347
2010-12-11,0.93063
2010-12-12,0.92191
2010-12-13,0.94285
2010-12-14,0.94692
2010-12-15,1.03801
2010-12-16,1.0386
2010-12-17,1.02515
2010-12-18,1.01813
2010-12-19,1.01287
2010-12-20,1.0076
2010-12-21,0.99825
2010-12-22,0.98658
2010-12-23,0.97021
2010-12-24,0.94983
2010-12-25,0.93587
2010-12-26,0.92424
2010-12-27,0.92133
2010-12-28,0.89926
2010-12-29,0.88475
2010-12-30,0.88184
2010-12-31,0.88881
2011-01-01,0.89636
2011-01-02,0.90332
2011-01-03,0.91495
2011-01-04,0.91785
2011-01-05,0.92366
2011-01-06,0.90855
2011-01-07,0.89577
2011-01-08,0.88068
2011-01-09,0.88184
2011-01-10,0.88184
2011-01-11,0.88242
2011-01-12,0.88417
2011-01-13,0.88184
2011-01-14,0.87836
2011-01-15,0.87256
2011-01-16,0.87372
2011-01-17,0.86849
2011-01-18,0.86444
2011-01-19,0.85805
2011-01-20,0.84878
2011-01-21,0.83892
2011-01-22,0.8279
2011-01-23,0.81574
2011-01-24,0.80127
2011-01-25,0.80357
2011-01-26,0.81632
2011-01-27,0.82443
2011-01-28,0.82732
2011-01-29,0.81516
2011-01-30,0.803
2011-01-31,0.79094
2011-02-01,0.77843
2011-02-02,0.77672
2011-02-03,0.77445
2011-02-04,0.77161
2011-02-05,0.7682
2011-02-06,0.7648
2011-02-07,0.76083
2011-02-08,0.75743
2011-02-09,0.75403
2011-02-10,0.74837
2011-02-11,0.74271
2011-02-12,0.73762
2011-02-13,0.73253
2011-02-14,0.72632
2011-02-15,0.72293
2011-02-16,0.72068
2011-02-17,0.7235
2011-02-18,0.7252
2011-02-19,0.72463
2011-02-20,0.7235
2011-02-21,0.72237
2011-02-22,0.72011
2011-02-23,0.71899
2011-02-24,0.71336
2011-02-25,0.70717
2011-02-26,0.70098
2011-02-27,0.69481
2011-02-28,0.69146
2011-03-01,0.69425
2011-03-02,0.69313
2011-03-03,0.68196
2011-03-04,0.67142
2011-03-05,0.66205
2011-03-06,0.6505
2011-03-07,0.6401
2011-03-08,0.62866
2011-03-09,0.61675
2011-03-10,0.60866
2011-03-11,0.59739
2011-03-12,0.58354
2011-03-13,0.56771
2011-03-14,0.55103
2011-03-15,0.53609
2011-03-16,0.52082
2011-03-17,0.50476
2011-03-18,0.48798
2011-03-19,0.47824
2011-03-20,0.47969
2011-03-21,0.49535
2011-03-22,0.50676
2011-03-23,0.50775
2011-03-24,0.50327
2011-03-25,0.50426
2011-03-26,0.50079
2011-03-27,0.49337
2011-03-28,0.48749
2011-03-29,0.47679
2011-03-30,0.47341
2011-03-31,0.46765
2011-04-01,0.45245
2011-04-02,0.43845
2011-04-03,0.42695
2011-04-04,0.41967
2011-04-05,0.40844
2011-04-06,0.39649
2011-04-07,0.40666
2011-04-08,0.42285
2011-04-09,0.44776
2011-04-10,0.46097
2011-04-11,0.46621
2011-04-12,0.47631
2011-04-13,0.47679
2011-04-14,0.48018
2011-04-15,0.48358
2011-04-16,0.48945
2011-04-17,0.48554
2011-04-18,0.48749
2011-04-19,0.49092
2011-04-20,0.487
2011-04-21,0.47969
2011-04-22,0.47005
2011-04-23,0.4567
2011-04-24,0.45387
2011-04-25,0.44823
2011-04-26,0.44217
2011-04-27,0.43706
2011-04-28,0.43429
2011-04-29,0.42649
2011-04-30,0.42649
2011-05-01,0.41832
2011-05-02,0.41023
2011-05-03,0.40045
2011-05-04,0.38514
2011-05-05,0.36335
2011-05-06,0.34422
2011-05-07,0.35706
2011-05-08,0.35124
2011-05-09,0.34669
2011-05-10,0.34875
2011-05-11,0.35289
2011-05-12,0.343
2011-05-13,0.33161
2011-05-14,0.31728
2011-05-15,0.29787
2011-05-16,0.27826
2011-05-17,0.27309
2011-05-18,0.27272
2011-05-19,0.27272
2011-05-20,0.26758
2011-05-21,0.26503
2011-05-22,0.27088
2011-05-23,0.27309
2011-05-24,0.26467
2011-05-25,0.26141
2011-05-26,0.25852
2011-05-27,0.28124
2011-05-28,0.29253
2011-05-29,0.32163
2011-05-30,0.34669
2011-05-31,0.36504
2011-06-01,0.3731
2011-06-02,0.37268
2011-06-03,0.36672
2011-06-04,0.35831
2011-06-05,0.3642
2011-06-06,0.368
2011-06-07,0.35873
2011-06-08,0.35873
2011-06-09,0.35165
2011-06-10,0.34958
2011-06-11,0.35414
2011-06-12,0.35539
2011-06-13,0.34505
2011-06-14,0.34054
2011-06-15,0.33444
2011-06-16,0.3284
2011-06-17,0.32322
2011-06-18,0.3284
2011-06-19,0.3471
2011-06-20,0.35289
2011-06-21,0.35664
2011-06-22,0.35957
2011-06-23,0.36884
2011-06-24,0.38082
2011-06-25,0.43613
2011-06-26,0.46765
2011-06-27,0.47679
2011-06-28,0.471
2011-06-29,0.46526
2011-06-30,0.4624
2011-07-01,0.46526
2011-07-02,0.46382
2011-07-03,0.46192
2011-07-04,0.46287
2011-07-05,0.4605
2011-07-06,0.49141
2011-07-07,0.49386
2011-07-08,0.48798
2011-07-09,0.49141
2011-07-10,0.4998
2011-07-11,0.49337
2011-07-12,0.48798
2011-07-13,0.49288
2011-07-14,0.49781
2011-07-15,0.49781
2011-07-16,0.49436
2011-07-17,0.4998
2011-07-18,0.48847
2011-07-19,0.487
2011-07-20,0.49043
2011-07-21,0.49288
2011-07-22,0.4919
2011-07-23,0.49436
2011-07-24,0.50426
2011-07-25,0.51679
2011-07-26,0.53917
2011-07-27,0.55051
2011-07-28,0.57772
2011-07-29,0.59579
2011-07-30,0.6092
2011-07-31,0.60866
2011-08-01,0.60382
2011-08-02,0.59846
2011-08-03,0.6006
2011-08-04,0.60167
2011-08-05,0.60275
2011-08-06,0.60221
2011-08-07,0.61405
2011-08-08,0.61459
2011-08-09,0.62649
2011-08-10,0.64119
2011-08-11,0.65709
2011-08-12,0.65379
2011-08-13,0.64721
2011-08-14,0.63955
2011-08-15,0.63356
2011-08-16,0.6401
2011-08-17,0.64119
2011-08-18,0.63247
2011-08-19,0.62161
2011-08-20,0.60328
2011-08-21,0.58142
2011-08-22,0.56876
2011-08-23,0.55518
2011-08-24,0.55934
2011-08-25,0.55674
2011-08-26,0.55726
2011-08-27,0.57402
2011-08-28,0.59312
2011-08-29,0.60489
2011-08-30,0.60006
2011-08-31,0.59739
2011-09-01,0.60328
2011-09-02,0.60221
2011-09-03,0.6006
2011-09-04,0.59471
2011-09-05,0.58672
2011-09-06,0.5793
2011-09-07,0.58248
2011-09-08,0.58672
2011-09-09,0.58566
2011-09-10,0.58885
2011-09-11,0.59418
2011-09-12,0.59846
2011-09-13,0.62866
2011-09-14,0.64502
2011-09-15,0.66425
2011-09-16,0.65654
2011-09-17,0.65929
2011-09-18,0.67695
2011-09-19,0.68252
2011-09-20,0.71279
2011-09-21,0.70379
2011-09-22,0.69593
2011-09-23,0.70717
2011-09-24,0.69874
2011-09-25,0.7021
2011-09-26,0.70829
2011-09-27,0.70604
2011-09-28,0.69593
2011-09-29,0.71223
2011-09-30,0.70548
2011-10-01,0.70491
2011-10-02,0.69313
2011-10-03,0.68419
2011-10-04,0.68642
2011-10-05,0.68698
2011-10-06,0.71448
2011-10-07,0.73988
2011-10-08,0.7461
2011-10-09,0.74158
2011-10-10,0.73818
2011-10-11,0.73479
2011-10-12,0.73423
2011-10-13,0.73649
2011-10-14,0.72971
2011-10-15,0.73141
2011-10-16,0.72745
2011-10-17,0.72745
2011-10-18,0.70941
2011-10-19,0.70154
2011-10-20,0.66977
2011-10-21,0.66149
2011-10-22,0.6505
2011-10-23,0.64119
2011-10-24,0.63356
2011-10-25,0.62812
2011-10-26,0.62107
2011-10-27,0.61729
2011-10-28,0.61729
2011-10-29,0.61081
2011-10-30,0.60543
2011-10-31,0.60489
2011-11-01,0.60705
2011-11-02,0.60489
2011-11-03,0.60436
2011-11-04,0.60006
2011-11-05,0.60167
2011-11-06,0.60866
2011-11-07,0.62053
2011-11-08,0.62433
2011-11-09,0.63138
2011-11-10,0.63302
2011-11-11,0.63628
2011-11-12,0.63683
2011-11-13,0.63955
2011-11-14,0.66094
2011-11-15,0.66977
2011-11-16,0.68531
2011-11-17,0.69481
2011-11-18,0.70885
2011-11-19,0.72406
2011-11-20,0.73423
2011-11-21,0.73367
2011-11-22,0.73197
2011-11-23,0.72293
2011-11-24,0.74158
2011-11-25,0.75233
2011-11-26,0.76934
2011-11-27,0.78298
2011-11-28,0.78298
2011-11-29,0.78582
2011-11-30,0.79265
2011-12-01,0.79607
2011-12-02,0.78923
2011-12-03,0.80068
2011-12-04,0.80416
2011-12-05,0.80011
2011-12-06,0.79779
2011-12-07,0.80705
2011-12-08,0.8337
2011-12-09,0.82153
2011-12-10,0.80821
2011-12-11,0.78923
2011-12-12,0.76991
2011-12-13,0.77899
2011-12-14,0.79265
2011-12-15,0.80994
2011-12-16,0.82443
2011-12-17,0.83196
2011-12-18,0.8337
2011-12-19,0.82037
2011-12-20,0.81632
2011-12-21,0.80011
2011-12-22,0.79094
2011-12-23,0.79094
2011-12-24,0.7955
2011-12-25,0.80705
2011-12-26,0.81747
2011-12-27,0.82674
2011-12-28,0.8424
2011-12-29,0.85458
2011-12-30,0.86618
2011-12-31,0.87488
2012-01-01,0.88184
2012-01-02,0.88997
2012-01-03,0.90449
2012-01-04,0.91437
2012-01-05,0.90913
2012-01-06,0.91727
2012-01-07,0.91901
2012-01-08,0.92889
2012-01-09,0.93412
2012-01-10,0.92133
2012-01-11,0.90971
2012-01-12,0.89636
2012-01-13,0.89868
2012-01-14,0.89171
2012-01-15,0.88184
2012-01-16,0.86734
2012-01-17,0.84065
2012-01-18,0.82616
2012-01-19,0.81284
2012-01-20,0.80068
2012-01-21,0.78468
2012-01-22,0.77899
2012-01-23,0.76423
2012-01-24,0.7529
2012-01-25,0.74271
2012-01-26,0.73932
2012-01-27,0.74667
2012-01-28,0.74894
2012-01-29,0.7546
2012-01-30,0.7648
2012-01-31,0.76594
2012-02-01,0.7648
2012-02-02,0.7614
2012-02-03,0.7563
2012-02-04,0.75063
2012-02-05,0.74497
2012-02-06,0.73875
2012-02-07,0.73253
2012-02-08,0.72632
2012-02-09,0.7235
2012-02-10,0.71899
2012-02-11,0.71223
2012-02-12,0.70604
2012-02-13,0.69649
2012-02-14,0.6881
2012-02-15,0.67695
2012-02-16,0.66701
2012-02-17,0.65599
2012-02-18,0.64776
2012-02-19,0.63901
2012-02-20,0.6303
2012-02-21,0.62053
2012-02-22,0.61243
2012-02-23,0.60328
2012-02-24,0.59418
2012-02-25,0.58672
2012-02-26,0.58035
2012-02-27,0.57192
2012-02-28,0.56509
2012-02-29,0.5583
2012-03-01,0.55051
2012-03-02,0.54276
2012-03-03,0.53507
2012-03-04,0.52742
2012-03-05,0.52386
2012-03-06,0.51779
2012-03-07,0.51377
2012-03-08,0.50875
2012-03-09,0.49732
2012-03-10,0.48994
2012-03-11,0.48164
2012-03-12,0.47149
2012-03-13,0.46765
2012-03-14,0.46287
2012-03-15,0.45765
2012-03-16,0.45198
2012-03-17,0.44776
2012-03-18,0.44169
2012-03-19,0.43845
2012-03-20,0.44402
2012-03-21,0.43613
2012-03-22,0.43199
2012-03-23,0.42331
2012-03-24,0.41471
2012-03-25,0.40799
2012-03-26,0.41068
2012-03-27,0.40089
2012-03-28,0.39079
2012-03-29,0.37996
2012-03-30,0.38427
2012-03-31,0.38557
2012-04-01,0.39122
2012-04-02,0.39517
2012-04-03,0.4
2012-04-04,0.40311
2012-04-05,0.40266
2012-04-06,0.40266
2012-04-07,0.41291
2012-04-08,0.4501
2012-04-09,0.47341
2012-04-10,0.47197
2012-04-11,0.45765
2012-04-12,0.43938
2012-04-13,0.41832
2012-04-14,0.40576
2012-04-15,0.38992
2012-04-16,0.37395
2012-04-17,0.36083
2012-04-18,0.34628
2012-04-19,0.34259
2012-04-20,0.343
2012-04-21,0.34999
2012-04-22,0.35539
2012-04-23,0.35957
2012-04-24,0.39737
2012-04-25,0.41336
2012-04-26,0.45058
2012-04-27,0.46861
2012-04-28,0.53917
2012-04-29,0.55934
2012-04-30,0.56614
2012-05-01,0.57666
2012-05-02,0.57666
2012-05-03,0.59258
2012-05-04,0.58832
2012-05-05,0.58513
2012-05-06,0.57824
2012-05-07,0.57983
2012-05-08,0.57877
2012-05-09,0.57507
2012-05-10,0.56091
2012-05-11,0.58035
2012-05-12,0.6006
2012-05-13,0.63465
2012-05-14,0.64283
2012-05-15,0.63193
2012-05-16,0.61891
2012-05-17,0.60543
2012-05-18,0.59846
2012-05-19,0.58566
2012-05-20,0.57244
2012-05-21,0.55518
2012-05-22,0.55362
2012-05-23,0.54844
2012-05-24,0.53149
2012-05-25,0.51377
2012-05-26,0.50327
2012-05-27,0.49634
2012-05-28,0.50128
2012-05-29,0.50128
2012-05-30,0.48896
2012-05-31,0.48066
2012-06-01,0.50029
2012-06-02,0.50676
2012-06-03,0.53251
2012-06-04,0.54586
2012-06-05,0.56666
2012-06-06,0.57507
2012-06-07,0.56614
2012-06-08,0.57507
2012-06-09,0.57349
2012-06-10,0.56666
2012-06-11,0.56091
2012-06-12,0.56719
2012-06-13,0.56195
2012-06-14,0.5531
2012-06-15,0.54379
2012-06-16,0.54483
2012-06-17,0.54225
2012-06-18,0.53711
2012-06-19,0.53456
2012-06-20,0.52488
2012-06-21,0.52945
2012-06-22,0.52945
2012-06-23,0.52792
2012-06-24,0.53711
2012-06-25,0.54225
2012-06-26,0.54483
2012-06-27,0.5366
2012-06-28,0.53456
2012-06-29,0.53609
2012-06-30,0.53609
2012-07-01,0.53353
2012-07-02,0.52894
2012-07-03,0.52589
2012-07-04,0.52894
2012-07-05,0.53047
2012-07-06,0.53302
2012-07-07,0.53814
2012-07-08,0.55258
2012-07-09,0.55622
2012-07-10,0.563
2012-07-11,0.56562
2012-07-12,0.56719
2012-07-13,0.56929
2012-07-14,0.57402
2012-07-15,0.57613
2012-07-16,0.57666
2012-07-17,0.5793
2012-07-18,0.58513
2012-07-19,0.58992
2012-07-20,0.61027
2012-07-21,0.61675
2012-07-22,0.62812
2012-07-23,0.65764
2012-07-24,0.6814
2012-07-25,0.69818
2012-07-26,0.70717
2012-07-27,0.72463
2012-07-28,0.71955
2012-07-29,0.71955
2012-07-30,0.71843
2012-07-31,0.70941
2012-08-01,0.69761
2012-08-02,0.68866
2012-08-03,0.68531
2012-08-04,0.67087
2012-08-05,0.66645
2012-08-06,0.65874
2012-08-07,0.65379
2012-08-08,0.64283
2012-08-09,0.63247
2012-08-10,0.62649
2012-08-11,0.63302
2012-08-12,0.64995
2012-08-13,0.66866
2012-08-14,0.68754
2012-08-15,0.68978
2012-08-16,0.69481
2012-08-17,0.70548
2012-08-18,0.71843
2012-08-19,0.72971
2012-08-20,0.74667
2012-08-21,0.74837
2012-08-22,0.73592
2012-08-23,0.74271
2012-08-24,0.7529
2012-08-25,0.76027
2012-08-26,0.74497
2012-08-27,0.73818
2012-08-28,0.73988
2012-08-29,0.74327
2012-08-30,0.74724
2012-08-31,0.73423
2012-09-01,0.72576
2012-09-02,0.72858
2012-09-03,0.73762
2012-09-04,0.7546
2012-09-05,0.76991
2012-09-06,0.81284
2012-09-07,0.80821
2012-09-08,0.79838
2012-09-09,0.78867
2012-09-10,0.77331
2012-09-11,0.77047
2012-09-12,0.76594
2012-09-13,0.76764
2012-09-14,0.76934
2012-09-15,0.76764
2012-09-16,0.77218
2012-09-17,0.77843
2012-09-18,0.77899
2012-09-19,0.78013
2012-09-20,0.79493
2012-09-21,0.79895
2012-09-22,0.80184
2012-09-23,0.81052
2012-09-24,0.81863
2012-09-25,0.81516
2012-09-26,0.8111
2012-09-27,0.80821
2012-09-28,0.79895
2012-09-29,0.78525
2012-09-30,0.78468
2012-10-01,0.77558
2012-10-02,0.76764
2012-10-03,0.74894
2012-10-04,0.73932
2012-10-05,0.73592
2012-10-06,0.73536
2012-10-07,0.73988
2012-10-08,0.77161
2012-10-09,0.78127
2012-10-10,0.7898
2012-10-11,0.79265
2012-10-12,0.79322
2012-10-13,0.79779
2012-10-14,0.81805
2012-10-15,0.82674
2012-10-16,0.82964
2012-10-17,0.82964
2012-10-18,0.8337
2012-10-19,0.83544
2012-10-20,0.83312
2012-10-21,0.85225
2012-10-22,0.87082
2012-10-23,0.87836
2012-10-24,0.87198
2012-10-25,0.86211
2012-10-26,0.85342
2012-10-27,0.85167
2012-10-28,0.8424
2012-10-29,0.86269
2012-10-30,0.89171
2012-10-31,0.89752
2012-11-01,0.8981
2012-11-02,0.90042
2012-11-03,0.89694
2012-11-04,0.88649
2012-11-05,0.87662
2012-11-06,0.86966
2012-11-07,0.86038
2012-11-08,0.84645
2012-11-09,0.83428
2012-11-10,0.84181
2012-11-11,0.84472
2012-11-12,0.84645
2012-11-13,0.84761
2012-11-14,0.84703
2012-11-15,0.84993
2012-11-16,0.85109
2012-11-17,0.85225
2012-11-18,0.86444
2012-11-19,0.86792
2012-11-20,0.8714
2012-11-21,0.86792
2012-11-22,0.8656
2012-11-23,0.86211
2012-11-24,0.86153
2012-11-25,0.86327
2012-11-26,0.86153
2012-11-27,0.85689
2012-11-28,0.85051
2012-11-29,0.82095
2012-11-30,0.79436
2012-12-01,0.78696
2012-12-02,0.80705
2012-12-03,0.81747
2012-12-04,0.82501
2012-12-05,0.82848
2012-12-06,0.83254
2012-12-07,0.83834
2012-12-08,0.8424
2012-12-09,0.84587
2012-12-10,0.84472
2012-12-11,0.84298
2012-12-12,0.84645
2012-12-13,0.85109
2012-12-14,0.85342
2012-12-15,0.85747
2012-12-16,0.86385
2012-12-17,0.86734
2012-12-18,0.87024
2012-12-19,0.85689
2012-12-20,0.84356
2012-12-21,0.83196
2012-12-22,0.83834
2012-12-23,0.84587
2012-12-24,0.8395
2012-12-25,0.84529
2012-12-26,0.8308
2012-12-27,0.81516
2012-12-28,0.80184
2012-12-29,0.79436
2012-12-30,0.78298
2012-12-31,0.77047
2013-01-01,0.75743
2013-01-02,0.75743
2013-01-03,0.7597
2013-01-04,0.75913
2013-01-05,0.7597
2013-01-06,0.75856
2013-01-07,0.75686
2013-01-08,0.74271
2013-01-09,0.73423
2013-01-10,0.73084
2013-01-11,0.72802
2013-01-12,0.72576
2013-01-13,0.72293
2013-01-14,0.72011
2013-01-15,0.7173
2013-01-16,0.71392
2013-01-17,0.7111
2013-01-18,0.70773
2013-01-19,0.70491
2013-01-20,0.70098
2013-01-21,0.69761
2013-01-22,0.69369
2013-01-23,0.67585
2013-01-24,0.66595
2013-01-25,0.65764
2013-01-26,0.64941
2013-01-27,0.6401
2013-01-28,0.6303
2013-01-29,0.6227
2013-01-30,0.61837
2013-01-31,0.61297
2013-02-01,0.60866
2013-02-02,0.60543
2013-02-03,0.60167
2013-02-04,0.60275
2013-02-05,0.6006
2013-02-06,0.59312
2013-02-07,0.58354
2013-02-08,0.5756
2013-02-09,0.57297
2013-02-10,0.57192
2013-02-11,0.56666
2013-02-12,0.55934
2013-02-13,0.55155
2013-02-14,0.54071
2013-02-15,0.52945
2013-02-16,0.52589
2013-02-17,0.52335
2013-02-18,0.51326
2013-02-19,0.50277
2013-02-20,0.4919
2013-02-21,0.48164
2013-02-22,0.47053
2013-02-23,0.46813
2013-02-24,0.46478
2013-02-25,0.4534
2013-02-26,0.44169
2013-02-27,0.43107
2013-02-28,0.41922
2013-03-01,0.41607
2013-03-02,0.40443
2013-03-03,0.44589
2013-03-04,0.45152
2013-03-05,0.44823
2013-03-06,0.44449
2013-03-07,0.43984
2013-03-08,0.43245
2013-03-09,0.42695
2013-03-10,0.42376
2013-03-11,0.41471
2013-03-12,0.40799
2013-03-13,0.40089
2013-03-14,0.4297
2013-03-15,0.48213
2013-03-16,0.52691
2013-03-17,0.55051
2013-03-18,0.56247
2013-03-19,0.56509
2013-03-20,0.57507
2013-03-21,0.60543
2013-03-22,0.61297
2013-03-23,0.59846
2013-03-24,0.57244
2013-03-25,0.55622
2013-03-26,0.53917
2013-03-27,0.53609
2013-03-28,0.54328
2013-03-29,0.56352
2013-03-30,0.59098
2013-03-31,0.59418
2013-04-01,0.58089
2013-04-02,0.57139
2013-04-03,0.5557
2013-04-04,0.53711
2013-04-05,0.51477
2013-04-06,0.49535
2013-04-07,0.46382
2013-04-08,0.44496
2013-04-09,0.43891
2013-04-10,0.43291
2013-04-11,0.42058
2013-04-12,0.41023
2013-04-13,0.39737
2013-04-14,0.38039
2013-04-15,0.36588
2013-04-16,0.35372
2013-04-17,0.34554
2013-04-18,0.33372
2013-04-19,0.32333
2013-04-20,0.31058
2013-04-21,0.2979
2013-04-22,0.28848
2013-04-23,0.30572
2013-04-24,0.30564
2013-04-25,0.29952
2013-04-26,0.32441
2013-04-27,0.33234
2013-04-28,0.32876
2013-04-29,0.32796
2013-04-30,0.3183
2013-05-01,0.30363
2013-05-02,0.30409
2013-05-03,0.30429
2013-05-04,0.30336
2013-05-05,0.3096
2013-05-06,0.31374
2013-05-07,0.32254
2013-05-08,0.32788
2013-05-09,0.34854
2013-05-10,0.35844
2013-05-11,0.36259
2013-05-12,0.3642
2013-05-13,0.36745
2013-05-14,0.37622
2013-05-15,0.43305
2013-05-16,0.44463
2013-05-17,0.44309
2013-05-18,0.43199
2013-05-19,0.4167
2013-05-20,0.402
2013-05-21,0.38887
2013-05-22,0.38835
2013-05-23,0.4012
2013-05-24,0.39697
2013-05-25,0.39979
2013-05-26,0.41117
2013-05-27,0.40142
2013-05-28,0.38752
2013-05-29,0.36986
2013-05-30,0.36348
2013-05-31,0.36804
2013-06-01,0.36884
2013-06-02,0.36842
2013-06-03,0.38009
2013-06-04,0.39333
2013-06-05,0.39877
2013-06-06,0.40235
2013-06-07,0.40395
2013-06-08,0.41238
2013-06-09,0.42081
2013-06-10,0.4372
2013-06-11,0.45708
2013-06-12,0.47303
2013-06-13,0.47631
2013-06-14,0.47154
2013-06-15,0.45978
2013-06-16,0.43943
2013-06-17,0.41746
2013-06-18,0.40777
2013-06-19,0.41175
2013-06-20,0.41031
2013-06-21,0.41368
2013-06-22,0.41467
2013-06-23,0.418
2013-06-24,0.4209
2013-06-25,0.42376
2013-06-26,0.42367
2013-06-27,0.42158
2013-06-28,0.43025
2013-06-29,0.43162
2013-06-30,0.43859
2013-07-01,0.43961
2013-07-02,0.44189
2013-07-03,0.44123
2013-07-04,0.43753
2013-07-05,0.433
2013-07-06,0.42929
2013-07-07,0.4302
2013-07-08,0.43526
2013-07-09,0.43822
2013-07-10,0.45855
2013-07-11,0.46064
2013-07-12,0.46307
2013-07-13,0.4644
2013-07-14,0.46535
2013-07-15,0.46918
2013-07-16,0.46751
2013-07-17,0.47043
2013-07-18,0.46822
2013-07-19,0.46631
2013-07-20,0.46593
2013-07-21,0.47077
2013-07-22,0.47529
2013-07-23,0.47346
2013-07-24,0.46908
2013-07-25,0.46612
2013-07-26,0.47062
2013-07-27,0.47713
2013-07-28,0.49412
2013-07-29,0.52447
2013-07-30,0.54235
2013-07-31,0.5675
2013-08-01,0.58832
2013-08-02,0.60034
2013-08-03,0.58891
2013-08-04,0.60071
2013-08-05,0.59766
2013-08-06,0.5871
2013-08-07,0.59034
2013-08-08,0.59819
2013-08-09,0.59996
2013-08-10,0.59515
2013-08-11,0.5952
2013-08-12,0.5912
2013-08-13,0.58896
2013-08-14,0.58057
2013-08-15,0.57023
2013-08-16,0.58057
2013-08-17,0.58338
2013-08-18,0.58253
2013-08-19,0.58725
2013-08-20,0.59439
2013-08-21,0.6072
2013-08-22,0.63421
2013-08-23,0.65171
2013-08-24,0.65885
2013-08-25,0.65204
2013-08-26,0.64546
2013-08-27,0.63563
2013-08-28,0.62763
2013-08-29,0.62329
2013-08-30,0.62259
2013-08-31,0.6352
2013-09-01,0.67391
2013-09-02,0.68681
2013-09-03,0.70194
2013-09-04,0.71217
2013-09-05,0.73982
2013-09-06,0.78013
2013-09-07,0.78354
2013-09-08,0.77161
2013-09-09,0.76151
2013-09-10,0.75273
2013-09-11,0.74339
2013-09-12,0.74792
2013-09-13,0.75777
2013-09-14,0.75341
2013-09-15,0.74299
2013-09-16,0.75125
2013-09-17,0.76151
2013-09-18,0.76236
2013-09-19,0.75715
2013-09-20,0.73988
2013-09-21,0.72971
2013-09-22,0.72576
2013-09-23,0.71138
2013-09-24,0.70379
2013-09-25,0.70402
2013-09-26,0.70643
2013-09-27,0.71116
2013-09-28,0.72802
2013-09-29,0.74215
2013-09-30,0.7614
2013-10-01,0.77394
2013-10-02,0.78274
2013-10-03,0.8012
2013-10-04,0.81834
2013-10-05,0.82669
2013-10-06,0.82234
2013-10-07,0.80931
2013-10-08,0.81643
2013-10-09,0.81081
2013-10-10,0.80161
2013-10-11,0.81069
2013-10-12,0.81052
2013-10-13,0.79607
2013-10-14,0.8019
2013-10-15,0.80068
2013-10-16,0.80809
2013-10-17,0.81272
2013-10-18,0.82356
2013-10-19,0.83225
2013-10-20,0.83782
2013-10-21,0.83938
2013-10-22,0.82749
2013-10-23,0.81293
2013-10-24,0.81689
2013-10-25,0.8217
2013-10-26,0.82599
2013-10-27,0.81707
2013-10-28,0.80508
2013-10-29,0.79641
2013-10-30,0.78065
2013-10-31,0.76338
2013-11-01,0.74515
2013-11-02,0.74146
2013-11-03,0.73864
2013-11-04,0.74028
2013-11-05,0.74413
2013-11-06,0.74633
2013-11-07,0.75925
2013-11-08,0.76956
2013-11-09,0.78007
2013-11-10,0.79003
2013-11-11,0.7943
2013-11-12,0.80392
2013-11-13,0.80994
2013-11-14,0.82008
2013-11-15,0.82807
2013-11-16,0.83428
2013-11-17,0.83718
2013-11-18,0.8392
2013-11-19,0.84089
2013-11-20,0.8428
2013-11-21,0.84391
2013-11-22,0.84686
2013-11-23,0.84843
2013-11-24,0.85109
2013-11-25,0.85515
2013-11-26,0.84808
2013-11-27,0.83416
2013-11-28,0.82303
2013-11-29,0.80647
2013-11-30,0.8122
2013-12-01,0.81985
2013-12-02,0.83556
2013-12-03,0.84878
2013-12-04,0.86739
2013-12-05,0.87889
2013-12-06,0.89061
2013-12-07,0.90391
2013-12-08,0.91913
2013-12-09,0.92965
2013-12-10,0.93046
2013-12-11,0.92128
2013-12-12,0.90669
2013-12-13,0.89398
2013-12-14,0.89264
2013-12-15,0.88997
2013-12-16,0.88364
2013-12-17,0.88126
2013-12-18,0.88457
2013-12-19,0.88109
2013-12-20,0.87384
2013-12-21,0.86484
2013-12-22,0.86211
2013-12-23,0.86548
2013-12-24,0.86797
2013-12-25,0.87082
2013-12-26,0.87216
2013-12-27,0.87326
2013-12-28,0.87453
2013-12-29,0.86455
2013-12-30,0.85503
2013-12-31,0.84472
2014-01-01,0.85063
2014-01-02,0.8533
2014-01-03,0.86432
2014-01-04,0.86739
2014-01-05,0.86925
2014-01-06,0.87143
2014-01-07,0.87261
2014-01-08,0.86327
2014-01-09,0.85289
2014-01-10,0.84419
2014-01-11,0.83457
2014-01-12,0.82396
2014-01-13,0.81191
2014-01-14,0.79976
2014-01-15,0.7877
2014-01-16,0.78241
2014-01-17,0.77678
2014-01-18,0.77081
2014-01-19,0.76497
2014-01-20,0.7597
2014-01-21,0.75477
2014-01-22,0.75856
2014-01-23,0.75919
2014-01-24,0.75839
2014-01-25,0.75533
2014-01-26,0.75137
2014-01-27,0.73994
2014-01-28,0.72745
2014-01-29,0.72153
2014-01-30,0.71211
2014-01-31,0.70486
2014-02-01,0.70267
2014-02-02,0.69649
2014-02-03,0.69034
2014-02-04,0.68297
2014-02-05,0.67579
2014-02-06,0.66905
2014-02-07,0.6637
2014-02-08,0.65698
2014-02-09,0.6516
2014-02-10,0.64612
2014-02-11,0.64032
2014-02-12,0.63225
2014-02-13,0.62357
2014-02-14,0.61783
2014-02-15,0.61318
2014-02-16,0.60565
2014-02-17,0.59787
2014-02-18,0.59141
2014-02-19,0.58433
2014-02-20,0.57772
2014-02-21,0.56839
2014-02-22,0.55945
2014-02-23,0.55206
2014-02-24,0.54467
2014-02-25,0.53532
2014-02-26,0.53103
2014-02-27,0.52721
2014-02-28,0.52386
2014-03-01,0.52482
2014-03-02,0.52421
2014-03-03,0.5184
2014-03-04,0.50701
2014-03-05,0.49545
2014-03-06,0.48334
2014-03-07,0.47154
2014-03-08,0.4604
2014-03-09,0.45255
2014-03-10,0.4424
2014-03-11,0.43162
2014-03-12,0.42004
2014-03-13,0.41059
2014-03-14,0.40447
2014-03-15,0.39741
2014-03-16,0.39009
2014-03-17,0.3791
2014-03-18,0.38341
2014-03-19,0.38609
2014-03-20,0.38462
2014-03-21,0.38588
2014-03-22,0.3838
2014-03-23,0.37738
2014-03-24,0.36821
2014-03-25,0.36083
2014-03-26,0.35957
2014-03-27,0.35447
2014-03-28,0.34562
2014-03-29,0.3325
2014-03-30,0.31779
2014-03-31,0.30386
2014-04-01,0.29048
2014-04-02,0.27697
2014-04-03,0.26609
2014-04-04,0.25766
2014-04-05,0.24987
2014-04-06,0.24357
2014-04-07,0.23622
2014-04-08,0.22811
2014-04-09,0.22034
2014-04-10,0.21254
2014-04-11,0.20496
2014-04-12,0.19939
2014-04-13,0.20086
2014-04-14,0.19351
2014-04-15,0.18642
2014-04-16,0.18079
2014-04-17,0.18079
2014-04-18,0.18047
2014-04-19,0.18365
2014-04-20,0.19254
2014-04-21,0.18866
2014-04-22,0.18915
2014-04-23,0.19597
2014-04-24,0.19945
2014-04-25,0.20115
2014-04-26,0.20701
2014-04-27,0.2077
2014-04-28,0.2076
2014-04-29,0.20223
2014-04-30,0.19785
2014-05-01,0.19916
2014-05-02,0.2029
2014-05-03,0.20773
2014-05-04,0.21015
2014-05-05,0.21599
2014-05-06,0.2242
2014-05-07,0.2316
2014-05-08,0.23643
2014-05-09,0.23855
2014-05-10,0.23532
2014-05-11,0.23054
2014-05-12,0.22859
2014-05-13,0.22237
2014-05-14,0.22576
2014-05-15,0.22774
2014-05-16,0.2274
2014-05-17,0.229
2014-05-18,0.23071
2014-05-19,0.23453
2014-05-20,0.23809
2014-05-21,0.24213
2014-05-22,0.24789
2014-05-23,0.25496
2014-05-24,0.26336
2014-05-25,0.26689
2014-05-26,0.27099
2014-05-27,0.27927
2014-05-28,0.29581
2014-05-29,0.32808
2014-05-30,0.34156
2014-05-31,0.35115
2014-06-01,0.35497
2014-06-02,0.36707
2014-06-03,0.37033
2014-06-04,0.37161
2014-06-05,0.37114
2014-06-06,0.36741
2014-06-07,0.36957
2014-06-08,0.37084
2014-06-09,0.36672
2014-06-10,0.37511
2014-06-11,0.37182
2014-06-12,0.3705
2014-06-13,0.368
2014-06-14,0.38159
2014-06-15,0.39856
2014-06-16,0.41193
2014-06-17,0.42468
2014-06-18,0.44263
2014-06-19,0.45907
2014-06-20,0.49337
2014-06-21,0.5184
2014-06-22,0.52843
2014-06-23,0.53824
2014-06-24,0.57465
2014-06-25,0.6013
2014-06-26,0.62102
2014-06-27,0.61378
2014-06-28,0.59616
2014-06-29,0.57318
2014-06-30,0.55539
2014-07-01,0.5596
2014-07-02,0.55997
2014-07-03,0.56247
2014-07-04,0.57071
2014-07-05,0.57149
2014-07-06,0.5747
2014-07-07,0.58131
2014-07-08,0.69424
2014-07-09,0.61974
2014-07-10,0.62415
2014-07-11,0.64265
2014-07-12,0.64922
2014-07-13,0.65202
2014-07-14,0.65943
2014-07-15,0.66138
2014-07-16,0.65958
2014-07-17,0.6559
2014-07-18,0.65431
2014-07-19,0.64816
2014-07-20,0.64389
2014-07-21,0.6348
2014-07-22,0.62872
2014-07-23,0.62484
2014-07-24,0.62062
2014-07-25,0.61542
2014-07-26,0.60925
2014-07-27,0.60387
2014-07-28,0.59788
2014-07-29,0.59545
2014-07-30,0.60251
2014-07-31,0.6138
2014-08-01,0.61458
2014-08-02,0.62701
2014-08-03,0.63218
2014-08-04,0.63845
2014-08-05,0.64038
2014-08-06,0.64295
2014-08-07,0.65342
2014-08-08,0.65715
2014-08-09,0.65904
2014-08-10,0.66182
2014-08-11,0.66132
2014-08-12,0.66307
2014-08-13,0.6691
2014-08-14,0.67256
2014-08-15,0.67295
2014-08-16,0.67346
2014-08-17,0.6736
2014-08-18,0.67731
2014-08-19,0.68478
2014-08-20,0.69398
2014-08-21,0.70231
2014-08-22,0.71247
2014-08-23,0.71906
2014-08-24,0.72175
2014-08-25,0.73209
2014-08-26,0.73939
2014-08-27,0.78345
2014-08-28,0.83017
2014-08-29,0.84773
2014-08-30,0.84884
2014-08-31,0.84737
2014-09-01,0.84842
2014-09-02,0.84683
2014-09-03,0.84488
2014-09-04,0.8543
2014-09-05,0.86204
2014-09-06,0.86634
2014-09-07,0.86948
2014-09-08,0.87491
2014-09-09,0.87336
2014-09-10,0.86422
2014-09-11,0.85902
2014-09-12,0.84985
2014-09-13,0.84404
2014-09-14,0.85785
2014-09-15,0.86156
2014-09-16,0.85192
2014-09-17,0.85297
2014-09-18,0.85324
2014-09-19,0.84824
2014-09-20,0.83844
2014-09-21,0.83555
2014-09-22,0.82771
2014-09-23,0.82004
2014-09-24,0.82062
2014-09-25,0.83112
2014-09-26,0.84319
2014-09-27,0.84815
2014-09-28,0.85059
2014-09-29,0.84821
2014-09-30,0.84678
2014-10-01,0.84657
2014-10-02,0.84584
2014-10-03,0.84562
2014-10-04,0.84441
2014-10-05,0.84319
2014-10-06,0.83939
2014-10-07,0.84895
2014-10-08,0.84922
2014-10-09,0.85027
2014-10-10,0.84662
2014-10-11,0.84494
2014-10-12,0.85896
2014-10-13,0.86602
2014-10-14,0.86895
2014-10-15,0.87087
2014-10-16,0.87054
2014-10-17,0.87811
2014-10-18,0.87865
2014-10-19,0.90392
2014-10-20,0.91804
2014-10-21,0.92041
2014-10-22,0.9057
2014-10-23,0.88789
2014-10-24,0.88196
2014-10-25,0.87315
2014-10-26,0.87326
2014-10-27,0.86879
2014-10-28,0.86337
2014-10-29,0.86018
2014-10-30,0.8665
2014-10-31,0.87044
2014-11-01,0.86416
2014-11-02,0.86746
2014-11-03,0.8648
2014-11-04,0.86863
2014-11-05,0.8689
2014-11-06,0.87486
2014-11-07,0.88132
2014-11-08,0.89217
2014-11-09,0.90844
2014-11-10,0.91858
2014-11-11,0.93313
2014-11-12,0.93509
2014-11-13,0.93281
2014-11-14,0.92604
2014-11-15,0.92096
2014-11-16,0.91281
2014-11-17,0.90344
2014-11-18,0.89416
2014-11-19,0.89276
2014-11-20,0.88603
2014-11-21,0.87774
2014-11-22,0.8689
2014-11-23,0.8681
2014-11-24,0.85769
2014-11-25,0.84869
2014-11-26,0.83797
2014-11-27,0.83876
2014-11-28,0.83744
2014-11-29,0.83471
2014-11-30,0.84124
2014-12-01,0.84932
2014-12-02,0.8535
2014-12-03,0.85764
2014-12-04,0.86013
2014-12-05,0.8639
2014-12-06,0.86666
2014-12-07,0.87342
2014-12-08,0.88954
2014-12-09,0.91039
2014-12-10,0.92398
2014-12-11,0.92826
2014-12-12,0.93113
2014-12-13,0.92755
2014-12-14,0.91809
2014-12-15,0.91507
2014-12-16,0.90591
2014-12-17,0.8956
2014-12-18,0.88291
2014-12-19,0.86735
2014-12-20,0.85043
2014-12-21,0.84055
2014-12-22,0.82949
2014-12-23,0.81732
2014-12-24,0.80671
2014-12-25,0.80571
2014-12-26,0.80676
2014-12-27,0.80774
2014-12-28,0.80791
2014-12-29,0.8078
2014-12-30,0.80727
2014-12-31,0.80686
2015-01-01,0.80582
2015-01-02,0.8044
2015-01-03,0.80279
2015-01-04,0.80081
2015-01-05,0.7993
2015-01-06,0.79732
2015-01-07,0.79529
2015-01-08,0.79248
2015-01-09,0.79015
2015-01-10,0.78775
2015-01-11,0.78527
2015-01-12,0.78252
2015-01-13,0.77993
2015-01-14,0.78081
2015-01-15,0.77889
2015-01-16,0.77667
2015-01-17,0.77434
2015-01-18,0.77284
2015-01-19,0.78035
2015-01-20,0.78035
2015-01-21,0.78542
2015-01-22,0.78651
2015-01-23,0.7875
2015-01-24,0.78719
2015-01-25,0.7876
2015-01-26,0.7835
2015-01-27,0.77967
2015-01-28,0.77564
2015-01-29,0.77119
2015-01-30,0.76629
2015-01-31,0.76036
2015-02-01,0.75826
2015-02-02,0.75651
2015-02-03,0.75368
2015-02-04,0.75188
2015-02-05,0.75004
2015-02-06,0.7504
2015-02-07,0.75358
2015-02-08,0.76448
2015-02-09,0.77155
2015-02-10,0.77455
2015-02-11,0.77052
2015-02-12,0.76433
2015-02-13,0.75723
2015-02-14,0.75056
2015-02-15,0.74676
2015-02-16,0.74148
2015-02-17,0.73438
2015-02-18,0.72577
2015-02-19,0.71698
2015-02-20,0.70741
2015-02-21,0.6968
2015-02-22,0.68609
2015-02-23,0.67456
2015-02-24,0.66396
2015-02-25,0.65258
2015-02-26,0.64102
2015-02-27,0.62917
2015-02-28,0.6185
2015-03-01,0.60622
2015-03-02,0.59477
2015-03-03,0.58226
2015-03-04,0.56899
2015-03-05,0.55576
2015-03-06,0.54247
2015-03-07,0.53011
2015-03-08,0.51681
2015-03-09,0.50341
2015-03-10,0.48971
2015-03-11,0.48316
2015-03-12,0.47651
2015-03-13,0.46984
2015-03-14,0.46301
2015-03-15,0.45576
2015-03-16,0.44885
2015-03-17,0.44125
2015-03-18,0.43414
2015-03-19,0.42751
2015-03-20,0.42082
2015-03-21,0.41446
2015-03-22,0.40739
2015-03-23,0.40043
2015-03-24,0.39312
2015-03-25,0.38519
2015-03-26,0.37765
2015-03-27,0.3699
2015-03-28,0.36252
2015-03-29,0.36022
2015-03-30,0.35751
2015-03-31,0.35564
2015-04-01,0.35446
2015-04-02,0.35154
2015-04-03,0.35062
2015-04-04,0.34599
2015-04-05,0.34687
2015-04-06,0.34747
2015-04-07,0.34662
2015-04-08,0.35615
2015-04-09,0.35488
2015-04-10,0.3589
2015-04-11,0.36485
2015-04-12,0.36413
2015-04-13,0.36141
2015-04-14,0.35992
2015-04-15,0.34708
2015-04-16,0.33401
2015-04-17,0.32638
2015-04-18,0.32029
2015-04-19,0.32375
2015-04-20,0.33118
2015-04-21,0.33942
2015-04-22,0.34734
2015-04-23,0.35033
2015-04-24,0.35163
2015-04-25,0.37786
2015-04-26,0.38861
2015-04-27,0.3851
2015-04-28,0.3795
2015-04-29,0.37358
2015-04-30,0.35624
2015-05-01,0.33484
2015-05-02,0.32457
2015-05-03,0.32234
2015-05-04,0.30905
2015-05-05,0.29704
2015-05-06,0.28351
2015-05-07,0.27555
2015-05-08,0.26675
2015-05-09,0.26277
2015-05-10,0.26017
2015-05-11,0.25411
2015-05-12,0.24596
2015-05-13,0.24023
2015-05-14,0.23751
2015-05-15,0.23234
2015-05-16,0.23029
2015-05-17,0.27507
2015-05-18,0.29712
2015-05-19,0.32482
2015-05-20,0.3383
2015-05-21,0.35581
2015-05-22,0.36558
2015-05-23,0.36413
2015-05-24,0.366
2015-05-25,0.37512
2015-05-26,0.38295
2015-05-27,0.38411
2015-05-28,0.4041
2015-05-29,0.42117
2015-05-30,0.43098
2015-05-31,0.43276
2015-06-01,0.4434
2015-06-02,0.44889
2015-06-03,0.47263
2015-06-04,0.48841
2015-06-05,0.51068
2015-06-06,0.52052
2015-06-07,0.54076
2015-06-08,0.56755
2015-06-09,0.587
2015-06-10,0.60202
2015-06-11,0.6117
2015-06-12,0.60647
2015-06-13,0.60524
2015-06-14,0.60432
2015-06-15,0.61184
2015-06-16,0.60173
2015-06-17,0.59433
2015-06-18,0.58696
2015-06-19,0.57309
2015-06-20,0.56683
2015-06-21,0.55796
2015-06-22,0.55032
2015-06-23,0.53347
2015-06-24,0.52837
2015-06-25,0.51358
2015-06-26,0.49673
2015-06-27,0.47185
2015-06-28,0.44399
2015-06-29,0.42126
2015-06-30,0.40502
2015-07-01,0.39073
2015-07-02,0.38308
2015-07-03,0.3746
2015-07-04,0.36776
2015-07-05,0.36664
2015-07-06,0.36294
2015-07-07,0.3629
2015-07-08,0.36145
2015-07-09,0.36082
2015-07-10,0.36145
2015-07-11,0.36634
2015-07-12,0.37769
2015-07-13,0.38658
2015-07-14,0.38943
2015-07-15,0.41534
2015-07-16,0.42418
2015-07-17,0.43191
2015-07-18,0.43383
2015-07-19,0.437
2015-07-20,0.45503
2015-07-21,0.47858
2015-07-22,0.50002
2015-07-23,0.53078
2015-07-24,0.54119
2015-07-25,0.54394
2015-07-26,0.52874
2015-07-27,0.51667
2015-07-28,0.50137
2015-07-29,0.48564
2015-07-30,0.46733
2015-07-31,0.44741
2015-08-01,0.44831
2015-08-02,0.44471
2015-08-03,0.44561
2015-08-04,0.44516
2015-08-05,0.44458
2015-08-06,0.44327
2015-08-07,0.44031
2015-08-08,0.4362
2015-08-09,0.4328
2015-08-10,0.42826
2015-08-11,0.42458
2015-08-12,0.42294
2015-08-13,0.41993
2015-08-14,0.42241
2015-08-15,0.42978
2015-08-16,0.44813
2015-08-17,0.45884
2015-08-18,0.49183
2015-08-19,0.50169
2015-08-20,0.50263
2015-08-21,0.5083
2015-08-22,0.50999
2015-08-23,0.51461
2015-08-24,0.52653
2015-08-25,0.56007
2015-08-26,0.60144
2015-08-27,0.62136
2015-08-28,0.63026
2015-08-29,0.63742
2015-08-30,0.63801
2015-08-31,0.63524
2015-09-01,0.63825
2015-09-02,0.63875
2015-09-03,0.6347
2015-09-04,0.62957
2015-09-05,0.63391
2015-09-06,0.63623
2015-09-07,0.64122
2015-09-08,0.6437
2015-09-09,0.64335
2015-09-10,0.64736
2015-09-11,0.65531
2015-09-12,0.65958
2015-09-13,0.66143
2015-09-14,0.66138
2015-09-15,0.66332
2015-09-16,0.66337
2015-09-17,0.65943
2015-09-18,0.65531
2015-09-19,0.6561
2015-09-20,0.65918
2015-09-21,0.66003
2015-09-22,0.65953
2015-09-23,0.66058
2015-09-24,0.67205
2015-09-25,0.68121
2015-09-26,0.68473
2015-09-27,0.68639
2015-09-28,0.69191
2015-09-29,0.69478
2015-09-30,0.70422
2015-10-01,0.71207
2015-10-02,0.71978
2015-10-03,0.72501
2015-10-04,0.72827
2015-10-05,0.72928
2015-10-06,0.73199
2015-10-07,0.72928
2015-10-08,0.72781
2015-10-09,0.72863
2015-10-10,0.72654
2015-10-11,0.7273
2015-10-12,0.72715
2015-10-13,0.74666
2015-10-14,0.75764
2015-10-15,0.76933
2015-10-16,0.79659
2015-10-17,0.81052
2015-10-18,0.8396
2015-10-19,0.84425
2015-10-20,0.84483
2015-10-21,0.85774
2015-10-22,0.86034
2015-10-23,0.86942
2015-10-24,0.87272
2015-10-25,0.8746
2015-10-26,0.86581
2015-10-27,0.87342
2015-10-28,0.87139
2015-10-29,0.8665
2015-10-30,0.87475
2015-10-31,0.88313
2015-11-01,0.89073
2015-11-02,0.89695
2015-11-03,0.90662
2015-11-04,0.91809
2015-11-05,0.92193
2015-11-06,0.92134
2015-11-07,0.9064
2015-11-08,0.91022
2015-11-09,0.9007
2015-11-10,0.90204
2015-11-11,0.90446
2015-11-12,0.90844
2015-11-13,0.91448
2015-11-14,0.91222
2015-11-15,0.9228
2015-11-16,0.9359
2015-11-17,0.96275
2015-11-18,0.95696
2015-11-19,0.94247
2015-11-20,0.92485
2015-11-21,0.90597
2015-11-22,0.89223
2015-11-23,0.88516
2015-11-24,0.88062
2015-11-25,0.87662
2015-11-26,0.87636
2015-11-27,0.88089
2015-11-28,0.88382
2015-11-29,0.88436
2015-11-30,0.88345
2015-12-01,0.8826
2015-12-02,0.88089
2015-12-03,0.87934
2015-12-04,0.89421
2015-12-05,0.89769
2015-12-06,0.89909
2015-12-07,0.90452
2015-12-08,0.90855
2015-12-09,0.90974
2015-12-10,0.90952
2015-12-11,0.90801
2015-12-12,0.90597
2015-12-13,0.90307
2015-12-14,0.89914
2015-12-15,0.89517
2015-12-16,0.90038
2015-12-17,0.91728
2015-12-18,0.94182
2015-12-19,0.95511
2015-12-20,0.94775
2015-12-21,0.93557
2015-12-22,0.92101
2015-12-23,0.91426
2015-12-24,0.91098
2015-12-25,0.90769
2015-12-26,0.90333
2015-12-27,0.8984
2015-12-28,0.89281
2015-12-29,0.8866
2015-12-30,0.87998
2015-12-31,0.87321
2016-01-01,0.8698
2016-01-02,0.86842
2016-01-03,0.86422
2016-01-04,0.86034
2016-01-05,0.85562
2016-01-06,0.85276
2016-01-07,0.84853
2016-01-08,0.84377
2016-01-09,0.84182
2016-01-10,0.83907
2016-01-11,0.83655
2016-01-12,0.83239
2016-01-13,0.82934
2016-01-14,0.82508
2016-01-15,0.8202
2016-01-16,0.81643
2016-01-17,0.81229
2016-01-18,0.80665
2016-01-19,0.80086
2016-01-20,0.79612
2016-01-21,0.78978
2016-01-22,0.78407
2016-01-23,0.77889
2016-01-24,0.77408
2016-01-25,0.76819
2016-01-26,0.76186
2016-01-27,0.75543
2016-01-28,0.74886
2016-01-29,0.7423
2016-01-30,0.73617
2016-01-31,0.73026
2016-02-01,0.72323
2016-02-02,0.71582
2016-02-03,0.70852
2016-02-04,0.70073
2016-02-05,0.69393
2016-02-06,0.68664
2016-02-07,0.67921
2016-02-08,0.67221
2016-02-09,0.66721
2016-02-10,0.66138
2016-02-11,0.6563
2016-02-12,0.65069
2016-02-13,0.64483
2016-02-14,0.63935
2016-02-15,0.63174
2016-02-16,0.62377
2016-02-17,0.61591
2016-02-18,0.60773
2016-02-19,0.60168
2016-02-20,0.59453
2016-02-21,0.58841
2016-02-22,0.57989
2016-02-23,0.57159
2016-02-24,0.5627
2016-02-25,0.55395
2016-02-26,0.54642
2016-02-27,0.53849
2016-02-28,0.532
2016-02-29,0.52357
2016-03-01,0.5133
2016-03-02,0.50276
2016-03-03,0.49183
2016-03-04,0.48114
2016-03-05,0.47189
2016-03-06,0.46342
2016-03-07,0.45196
2016-03-08,0.44044
2016-03-09,0.42862
2016-03-10,0.41874
2016-03-11,0.40782
2016-03-12,0.39781
2016-03-13,0.38891
2016-03-14,0.37748
2016-03-15,0.366
2016-03-16,0.3542
2016-03-17,0.34268
2016-03-18,0.33102
2016-03-19,0.32058
2016-03-20,0.3115
2016-03-21,0.30179
2016-03-22,0.29169
2016-03-23,0.28259
2016-03-24,0.27346
2016-03-25,0.2637
2016-03-26,0.25272
2016-03-27,0.24212
2016-03-28,0.22973
2016-03-29,0.21754
2016-03-30,0.20476
2016-03-31,0.19213
2016-04-01,0.17926
2016-04-02,0.16745
2016-04-03,0.15948
2016-04-04,0.14961
2016-04-05,0.14045
2016-04-06,0.13083
2016-04-07,0.12223
2016-04-08,0.11437
2016-04-09,0.10976
2016-04-10,0.12219
2016-04-11,0.12998
2016-04-12,0.14058
2016-04-13,0.148
2016-04-14,0.1435
2016-04-15,0.13583
2016-04-16,0.13397
2016-04-17,0.13176
2016-04-18,0.12902
2016-04-19,0.13993
2016-04-20,0.14688
2016-04-21,0.15324
2016-04-22,0.15534
2016-04-23,0.16308
2016-04-24,0.17079
2016-04-25,0.17007
2016-04-26,0.16657
2016-04-27,0.16663
2016-04-28,0.17394
2016-04-29,0.16983
2016-04-30,0.16799
2016-05-01,0.17222
2016-05-02,0.18442
2016-05-03,0.18885
2016-05-04,0.19855
2016-05-05,0.20026
2016-05-06,0.21534
2016-05-07,0.23069
2016-05-08,0.25391
2016-05-09,0.27819
2016-05-10,0.34477
2016-05-11,0.37452
2016-05-12,0.3823
2016-05-13,0.38454
2016-05-14,0.38744
2016-05-15,0.38593
2016-05-16,0.38243
2016-05-17,0.38045
2016-05-18,0.38519
2016-05-19,0.38753
2016-05-20,0.38584
2016-05-21,0.38913
2016-05-22,0.40611
2016-05-23,0.41675
2016-05-24,0.42546
2016-05-25,0.42161
2016-05-26,0.42303
2016-05-27,0.41539
2016-05-28,0.40611
2016-05-29,0.43173
2016-05-30,0.43129
2016-05-31,0.46633
2016-06-01,0.48192
2016-06-02,0.4984
2016-06-03,0.51751
2016-06-04,0.53026
2016-06-05,0.52564
2016-06-06,0.5201
2016-06-07,0.51055
2016-06-08,0.4978
2016-06-09,0.49914
2016-06-10,0.51278
2016-06-11,0.53972
2016-06-12,0.55524
2016-06-13,0.56227
2016-06-14,0.55901
2016-06-15,0.56084
2016-06-16,0.55352
2016-06-17,0.54613
2016-06-18,0.53796
2016-06-19,0.53972
2016-06-20,0.53844
2016-06-21,0.53944
2016-06-22,0.54375
2016-06-23,0.55652
2016-06-24,0.55954
2016-06-25,0.55844
2016-06-26,0.58909
2016-06-27,0.58918
2016-06-28,0.57719
2016-06-29,0.56376
2016-06-30,0.54456
2016-07-01,0.5271
2016-07-02,0.52677
2016-07-03,0.53276
2016-07-04,0.54167
2016-07-05,0.5413
2016-07-06,0.56179
2016-07-07,0.56553
2016-07-08,0.56424
2016-07-09,0.56036
2016-07-10,0.55863
2016-07-11,0.55271
2016-07-12,0.5626
2016-07-13,0.57304
2016-07-14,0.58076
2016-07-15,0.59219
2016-07-16,0.59477
2016-07-17,0.59813
2016-07-18,0.60647
2016-07-19,0.60164
2016-07-20,0.60022
2016-07-21,0.60451
2016-07-22,0.60763
2016-07-23,0.62406
2016-07-24,0.64935
2016-07-25,0.66816
2016-07-26,0.66431
2016-07-27,0.65088
2016-07-28,0.64028
2016-07-29,0.62997
2016-07-30,0.62834
2016-07-31,0.61876
2016-08-01,0.61812
2016-08-02,0.60729
2016-08-03,0.61076
2016-08-04,0.62022
2016-08-05,0.62013
2016-08-06,0.61885
2016-08-07,0.61934
2016-08-08,0.61116
2016-08-09,0.60056
2016-08-10,0.60139
2016-08-11,0.59229
2016-08-12,0.58865
2016-08-13,0.58536
2016-08-14,0.58134
2016-08-15,0.5783
2016-08-16,0.58811
2016-08-17,0.58768
2016-08-18,0.59521
2016-08-19,0.59511
2016-08-20,0.60217
2016-08-21,0.60549
2016-08-22,0.60618
2016-08-23,0.60876
2016-08-24,0.61469
2016-08-25,0.61429
2016-08-26,0.6096
2016-08-27,0.60749
2016-08-28,0.60676
2016-08-29,0.61258
2016-08-30,0.61179
2016-08-31,0.60999
2016-09-01,0.61194
2016-09-02,0.6138
2016-09-03,0.61268
2016-09-04,0.61268
2016-09-05,0.61444
2016-09-06,0.61453
2016-09-07,0.6139
2016-09-08,0.61047
2016-09-09,0.61429
2016-09-10,0.61208
2016-09-11,0.62563
2016-09-12,0.63697
2016-09-13,0.64241
2016-09-14,0.64429
2016-09-15,0.6487
2016-09-16,0.64885
2016-09-17,0.648
2016-09-18,0.64607
2016-09-19,0.64132
2016-09-20,0.6437
2016-09-21,0.64469
2016-09-22,0.64357
2016-09-23,0.64692
2016-09-24,0.64612
2016-09-25,0.64766
2016-09-26,0.63984
2016-09-27,0.64429
2016-09-28,0.64791
2016-09-29,0.64851
2016-09-30,0.64667
2016-10-01,0.6438
2016-10-02,0.63905
2016-10-03,0.63282
2016-10-04,0.62775
2016-10-05,0.62184
2016-10-06,0.61405
2016-10-07,0.60886
2016-10-08,0.60729
2016-10-09,0.61988
2016-10-10,0.62686
2016-10-11,0.62563
2016-10-12,0.65506
2016-10-13,0.6703
2016-10-14,0.67816
2016-10-15,0.68679
2016-10-16,0.69504
2016-10-17,0.70165
2016-10-18,0.72135
2016-10-19,0.73077
2016-10-20,0.73571
2016-10-21,0.75317
2016-10-22,0.76495
2016-10-23,0.77011
2016-10-24,0.77284
2016-10-25,0.76943
2016-10-26,0.76474
2016-10-27,0.76176
2016-10-28,0.75847
2016-10-29,0.78402
2016-10-30,0.79644
2016-10-31,0.80279
2016-11-01,0.80801
2016-11-02,0.81659
2016-11-03,0.82655
2016-11-04,0.83775
2016-11-05,0.85451
2016-11-06,0.88522
2016-11-07,0.90931
2016-11-08,0.92128
2016-11-09,0.91582
2016-11-10,0.91442
2016-11-11,0.91146
2016-11-12,0.91308
2016-11-13,0.91907
2016-11-14,0.91291
2016-11-15,0.90106
2016-11-16,0.88709
2016-11-17,0.88025
2016-11-18,0.87785
2016-11-19,0.89009
2016-11-20,0.8904
2016-11-21,0.88351
2016-11-22,0.87715
2016-11-23,0.87475
2016-11-24,0.87662
2016-11-25,0.88623
2016-11-26,0.90312
2016-11-27,0.9155
2016-11-28,0.92317
2016-11-29,0.93081
2016-11-30,0.93937
2016-12-01,0.94612
2016-12-02,0.94775
2016-12-03,0.94862
2016-12-04,0.95173
2016-12-05,0.95533
2016-12-06,0.94693
2016-12-07,0.94883
2016-12-08,0.95413
2016-12-09,0.95565
2016-12-10,0.95849
2016-12-11,0.96138
2016-12-12,0.96379
2016-12-13,0.9526
2016-12-14,0.94117
2016-12-15,0.93416
2016-12-16,0.93389
2016-12-17,0.92896
2016-12-18,0.92972
2016-12-19,0.93091
2016-12-20,0.93064
2016-12-21,0.93194
2016-12-22,0.93384
2016-12-23,0.94399
2016-12-24,0.95189
2016-12-25,0.96428
2016-12-26,0.96647
2016-12-27,0.96231
2016-12-28,0.94758
2016-12-29,0.94122
2016-12-30,0.95555
2016-12-31,0.96526
2017-01-01,0.96116
2017-01-02,0.95581
2017-01-03,0.95461
2017-01-04,0.95435
2017-01-05,0.95325
2017-01-06,0.95161
2017-01-07,0.94938
2017-01-08,0.95151
2017-01-09,0.95265
2017-01-10,0.9453
2017-01-11,0.93666
2017-01-12,0.92793
2017-01-13,0.91788
2017-01-14,0.91248
2017-01-15,0.90866
2017-01-16,0.90441
2017-01-17,0.89941
2017-01-18,0.89405
2017-01-19,0.88944
2017-01-20,0.88382
2017-01-21,0.87859
2017-01-22,0.87539
2017-01-23,0.86964
2017-01-24,0.86411
2017-01-25,0.85881
2017-01-26,0.85324
2017-01-27,0.84742
2017-01-28,0.84414
2017-01-29,0.84045
2017-01-30,0.83882
2017-01-31,0.83544
2017-02-01,0.83039
2017-02-02,0.82529
2017-02-03,0.81989
2017-02-04,0.81486
2017-02-05,0.81015
2017-02-06,0.80436
2017-02-07,0.79956
2017-02-08,0.79446
2017-02-09,0.78905
2017-02-10,0.78356
2017-02-11,0.78091
2017-02-12,0.7777
2017-02-13,0.77424
2017-02-14,0.76985
2017-02-15,0.76624
2017-02-16,0.7615
2017-02-17,0.75487
2017-02-18,0.74845
2017-02-19,0.7419
2017-02-20,0.7352
2017-02-21,0.72852
2017-02-22,0.72186
2017-02-23,0.7147
2017-02-24,0.70751
2017-02-25,0.70064
2017-02-26,0.69358
2017-02-27,0.68714
2017-02-28,0.68087
2017-03-01,0.67656
2017-03-02,0.67411
2017-03-03,0.67201
2017-03-04,0.66975
2017-03-05,0.66766
2017-03-06,0.67065
2017-03-07,0.6727
2017-03-08,0.67256
2017-03-09,0.67011
2017-03-10,0.67415
2017-03-11,0.67571
2017-03-12,0.68398
2017-03-13,0.68951
2017-03-14,0.6886
2017-03-15,0.6896
2017-03-16,0.69268
2017-03-17,0.69403
2017-03-18,0.69444
2017-03-19,0.69448
2017-03-20,0.69364
2017-03-21,0.69222
2017-03-22,0.69061
2017-03-23,0.70336
2017-03-24,0.71465
2017-03-25,0.70675
2017-03-26,0.70842
2017-03-27,0.70559
2017-03-28,0.7017
2017-03-29,0.69524
2017-03-30,0.69237
2017-03-31,0.68654
2017-04-01,0.67535
2017-04-02,0.66092
2017-04-03,0.64949
2017-04-04,0.64063
2017-04-05,0.6343
2017-04-06,0.62489
2017-04-07,0.62489
2017-04-08,0.6248
2017-04-09,0.62726
2017-04-10,0.62834
2017-04-11,0.63218
2017-04-12,0.63421
2017-04-13,0.63569
2017-04-14,0.64795
2017-04-15,0.65356
2017-04-16,0.65878
2017-04-17,0.67035
2017-04-18,0.67441
2017-04-19,0.67311
2017-04-20,0.67041
2017-04-21,0.66656
2017-04-22,0.66691
2017-04-23,0.66776
2017-04-24,0.6709
2017-04-25,0.67531
2017-04-26,0.6886
2017-04-27,0.68819
2017-04-28,0.68819
2017-04-29,0.69187
2017-04-30,0.69731
2017-05-01,0.69781
2017-05-02,0.69786
2017-05-03,0.69968
2017-05-04,0.70236
2017-05-05,0.71333
2017-05-06,0.7351
2017-05-07,0.77088
2017-05-08,0.80383
2017-05-09,0.80208
2017-05-10,0.79661
2017-05-11,0.78523
2017-05-12,0.7723
2017-05-13,0.76287
2017-05-14,0.76578
2017-05-15,0.77981
2017-05-16,0.80471
2017-05-17,0.80112
2017-05-18,0.79556
2017-05-19,0.78726
2017-05-20,0.78738
2017-05-21,0.78099
2017-05-22,0.77199
2017-05-23,0.77092
2017-05-24,0.76742
2017-05-25,0.78029
2017-05-26,0.77851
2017-05-27,0.78007
2017-05-28,0.7784
2017-05-29,0.80897
2017-05-30,0.81454
2017-05-31,0.80936
2017-06-01,0.8042
2017-06-02,0.80655
2017-06-03,0.79156
2017-06-04,0.81511
2017-06-05,0.8283
2017-06-06,0.81381
2017-06-07,0.8074
2017-06-08,0.79711
2017-06-09,0.78578
2017-06-10,0.76726
2017-06-11,0.76562
2017-06-12,0.76451
2017-06-13,0.76172
2017-06-14,0.77028
2017-06-15,0.76653
2017-06-16,0.76732
2017-06-17,0.78557
2017-06-18,0.79645
2017-06-19,0.80135
2017-06-20,0.79923
2017-06-21,0.80504
2017-06-22,0.85446
2017-06-23,0.86924
2017-06-24,0.86895
2017-06-25,0.87191
2017-06-26,0.86668
2017-06-27,0.86047
2017-06-28,0.85747
2017-06-29,0.85921
2017-06-30,0.86598
2017-07-01,0.85932
2017-07-02,0.86459
2017-07-03,0.89146
2017-07-04,0.89423
2017-07-05,0.88911
2017-07-06,0.88494
2017-07-07,0.89282
2017-07-08,0.88296
2017-07-09,0.86587
2017-07-10,0.84894
2017-07-11,0.85349
2017-07-12,0.86627
2017-07-13,0.86291
2017-07-14,0.86088
2017-07-15,0.85915
2017-07-16,0.85677
2017-07-17,0.86025
2017-07-18,0.85984
2017-07-19,0.86976
2017-07-20,0.86766
2017-07-21,0.85677
2017-07-22,0.8409
2017-07-23,0.82642
2017-07-24,0.82455
2017-07-25,0.83496
2017-07-26,0.84946
2017-07-27,0.85874
2017-07-28,0.86233
2017-07-29,0.86279
2017-07-30,0.86831
2017-07-31,0.89053
2017-08-01,0.90582
2017-08-02,0.90363
2017-08-03,0.89459
2017-08-04,0.89305
2017-08-05,0.88494
2017-08-06,0.88594
2017-08-07,0.88067
2017-08-08,0.88119
2017-08-09,0.87069
2017-08-10,0.85707
2017-08-11,0.85701
2017-08-12,0.84297
2017-08-13,0.82461
2017-08-14,0.80426
2017-08-15,0.79272
2017-08-16,0.79322
2017-08-17,0.78622
2017-08-18,0.77454
2017-08-19,0.76547
2017-08-20,0.76024
2017-08-21,0.76308
2017-08-22,0.76256
2017-08-23,0.76753
2017-08-24,0.7689
2017-08-25,0.77513
2017-08-26,0.77609
2017-08-27,0.77921
2017-08-28,0.77937
2017-08-29,0.77964
2017-08-30,0.78154
2017-08-31,0.7871
2017-09-01,0.78743
2017-09-02,0.78639
2017-09-03,0.78551
2017-09-04,0.77894
2017-09-05,0.77486
2017-09-06,0.77267
2017-09-07,0.77454
2017-09-08,0.78035
2017-09-09,0.80258
2017-09-10,0.80987
2017-09-11,0.81122
2017-09-12,0.82483
2017-09-13,0.82955
2017-09-14,0.82626
2017-09-15,0.81381
2017-09-16,0.79828
2017-09-17,0.7955
2017-09-18,0.78376
2017-09-19,0.77241
2017-09-20,0.78475
2017-09-21,0.77921
2017-09-22,0.77674
2017-09-23,0.78224
2017-09-24,0.79112
2017-09-25,0.83058
2017-09-26,0.8304
2017-09-27,0.84883
2017-09-28,0.90078
2017-09-29,0.91419
2017-09-30,0.91587
2017-10-01,0.91664
2017-10-02,0.92453
2017-10-03,0.92836
2017-10-04,0.92981
2017-10-05,0.92764
2017-10-06,0.91831
2017-10-07,0.90327
2017-10-08,0.88629
2017-10-09,0.87839
2017-10-10,0.85805
2017-10-11,0.83576
2017-10-12,0.81184
2017-10-13,0.78704
2017-10-14,0.77401
2017-10-15,0.77119
2017-10-16,0.76124
2017-10-17,0.76287
2017-10-18,0.77363
2017-10-19,0.786
2017-10-20,0.7783
2017-10-21,0.78935
2017-10-22,0.8128
2017-10-23,0.81889
2017-10-24,0.82228
2017-10-25,0.81581
2017-10-26,0.80196
2017-10-27,0.78262
2017-10-28,0.77545
2017-10-29,0.76468
2017-10-30,0.75934
2017-10-31,0.75692
2017-11-01,0.75335
2017-11-02,0.74763
2017-11-03,0.74758
2017-11-04,0.74832
2017-11-05,0.7491
2017-11-06,0.75047
2017-11-07,0.75241
2017-11-08,0.75393
2017-11-09,0.75356
2017-11-10,0.75377
2017-11-11,0.75824
2017-11-12,0.76568
2017-11-13,0.78197
2017-11-14,0.78578
2017-11-15,0.80124
2017-11-16,0.80779
2017-11-17,0.81341
2017-11-18,0.82268
2017-11-19,0.82886
2017-11-20,0.83268
2017-11-21,0.83673
2017-11-22,0.84268
2017-11-23,0.85176
2017-11-24,0.86407
2017-11-25,0.87541
2017-11-26,0.88958
2017-11-27,0.90143
2017-11-28,0.90469
2017-11-29,0.91783
2017-11-30,0.93221
2017-12-01,0.92945
2017-12-02,0.92813
2017-12-03,0.92243
2017-12-04,0.91497
2017-12-05,0.92184
2017-12-06,0.91915
2017-12-07,0.91879
2017-12-08,0.91557
2017-12-09,0.91718
2017-12-10,0.92596
2017-12-11,0.92321
2017-12-12,0.92148
2017-12-13,0.93107
2017-12-14,0.92512
2017-12-15,0.92034
2017-12-16,0.90498
2017-12-17,0.89017
2017-12-18,0.87203
2017-12-19,0.85378
2017-12-20,0.83965
2017-12-21,0.82449
2017-12-22,0.80336
2017-12-23,0.78289
2017-12-24,0.77166
2017-12-25,0.76161
2017-12-26,0.74073
2017-12-27,0.73135
2017-12-28,0.73063
2017-12-29,0.72196
2017-12-30,0.71296
2017-12-31,0.70261
2018-01-01,0.70313
2018-01-02,0.70704
2018-01-03,0.71787
2018-01-04,0.72834
2018-01-05,0.74617
2018-01-06,0.75666
2018-01-07,0.76404
2018-01-08,0.76489
2018-01-09,0.77199
2018-01-10,0.77695
2018-01-11,0.78007
2018-01-12,0.78497
2018-01-13,0.79806
2018-01-14,0.80824
2018-01-15,0.81403
2018-01-16,0.82115
2018-01-17,0.82909
2018-01-18,0.84257
2018-01-19,0.86895
2018-01-20,0.86755
2018-01-21,0.86564
2018-01-22,0.86256
2018-01-23,0.85741
2018-01-24,0.85181
2018-01-25,0.84521
2018-01-26,0.84004
2018-01-27,0.83172
2018-01-28,0.8216
2018-01-29,0.80987
2018-01-30,0.79755
2018-01-31,0.78431
2018-02-01,0.77604
2018-02-02,0.76631
2018-02-03,0.75813
2018-02-04,0.75645
2018-02-05,0.74706
2018-02-06,0.73692
2018-02-07,0.72647
2018-02-08,0.7157
2018-02-09,0.70781
2018-02-10,0.69491
2018-02-11,0.68848
2018-02-12,0.68184
2018-02-13,0.67828
2018-02-14,0.67406
2018-02-15,0.6659
2018-02-16,0.65439
2018-02-17,0.64871
2018-02-18,0.64319
2018-02-19,0.63744
2018-02-20,0.63245
2018-02-21,0.62716
2018-02-22,0.62135
2018-02-23,0.61546
2018-02-24,0.60958
2018-02-25,0.60367
2018-02-26,0.59724
2018-02-27,0.59103
2018-02-28,0.58465
2018-03-01,0.57838
2018-03-02,0.57184
2018-03-03,0.56586
2018-03-04,0.5598
2018-03-05,0.55347
2018-03-06,0.54717
2018-03-07,0.54052
2018-03-08,0.53435
2018-03-09,0.52879
2018-03-10,0.52346
2018-03-11,0.51677
2018-03-12,0.51018
2018-03-13,0.50405
2018-03-14,0.49808
2018-03-15,0.49287
2018-03-16,0.48727
2018-03-17,0.48143
2018-03-18,0.47648
2018-03-19,0.47127
2018-03-20,0.46772
2018-03-21,0.46658
2018-03-22,0.46273
2018-03-23,0.46273
2018-03-24,0.46695
2018-03-25,0.47019
2018-03-26,0.47132
2018-03-27,0.46952
2018-03-28,0.46646
2018-03-29,0.46439
2018-03-30,0.4612
2018-03-31,0.46053
2018-04-01,0.45946
2018-04-02,0.45986
2018-04-03,0.463
2018-04-04,0.4669
2018-04-05,0.46807
2018-04-06,0.46852
2018-04-07,0.46681
2018-04-08,0.46439
2018-04-09,0.46143
2018-04-10,0.45567
2018-04-11,0.44893
2018-04-12,0.44587
2018-04-13,0.44521
2018-04-14,0.44512
2018-04-15,0.45229
2018-04-16,0.46103
2018-04-17,0.4683
2018-04-18,0.48626
2018-04-19,0.49563
2018-04-20,0.5027
2018-04-21,0.50572
2018-04-22,0.50739
2018-04-23,0.50549
2018-04-24,0.51084
2018-04-25,0.51139
2018-04-26,0.51536
2018-04-27,0.53876
2018-04-28,0.54712
2018-04-29,0.55065
2018-04-30,0.55668
2018-05-01,0.56774
2018-05-02,0.57126
2018-05-03,0.58333
2018-05-04,0.59103
2018-05-05,0.59911
2018-05-06,0.61106
2018-05-07,0.62314
2018-05-08,0.64419
2018-05-09,0.66044
2018-05-10,0.67507
2018-05-11,0.6826
2018-05-12,0.68235
2018-05-13,0.69062
2018-05-14,0.69098
2018-05-15,0.68526
2018-05-16,0.6728
2018-05-17,0.66262
2018-05-18,0.66029
2018-05-19,0.67543
2018-05-20,0.70992
2018-05-21,0.71218
2018-05-22,0.70956
2018-05-23,0.71585
2018-05-24,0.71395
2018-05-25,0.7202
2018-05-26,0.71807
2018-05-27,0.7202
2018-05-28,0.71663
2018-05-29,0.71049
2018-05-30,0.70637
2018-05-31,0.70559
2018-06-01,0.6964
2018-06-02,0.67833
2018-06-03,0.66625
2018-06-04,0.66357
2018-06-05,0.65993
2018-06-06,0.65762
2018-06-07,0.65691
2018-06-08,0.66332
2018-06-09,0.65822
2018-06-10,0.66413
2018-06-11,0.6765
2018-06-12,0.69825
2018-06-13,0.71663
2018-06-14,0.73776
2018-06-15,0.76393
2018-06-16,0.76526
2018-06-17,0.75729
2018-06-18,0.74936
2018-06-19,0.75325
2018-06-20,0.77631
2018-06-21,0.78029
2018-06-22,0.78661
2018-06-23,0.77733
2018-06-24,0.76811
2018-06-25,0.7689
2018-06-26,0.76441
2018-06-27,0.76615
2018-06-28,0.79678
2018-06-29,0.8181
2018-06-30,0.83644
2018-07-01,0.84728
2018-07-02,0.86436
2018-07-03,0.86447
2018-07-04,0.85429
2018-07-05,0.85372
2018-07-06,0.85851
2018-07-07,0.86129
2018-07-08,0.85043
2018-07-09,0.8373
2018-07-10,0.82449
2018-07-11,0.84016
2018-07-12,0.83622
2018-07-13,0.84532
2018-07-14,0.8562
2018-07-15,0.85297
2018-07-16,0.849
2018-07-17,0.83988
2018-07-18,0.8203
2018-07-19,0.80074
2018-07-20,0.786
2018-07-21,0.76795
2018-07-22,0.76986
2018-07-23,0.76325
2018-07-24,0.76377
2018-07-25,0.76314
2018-07-26,0.75987
2018-07-27,0.76451
2018-07-28,0.78295
2018-07-29,0.81793
2018-07-30,0.83833
2018-07-31,0.84578
2018-08-01,0.84303
2018-08-02,0.85493
2018-08-03,0.84888
2018-08-04,0.84463
2018-08-05,0.8573
2018-08-06,0.85211
2018-08-07,0.83999
2018-08-08,0.82325
2018-08-09,0.80779
2018-08-10,0.79545
2018-08-11,0.77225
2018-08-12,0.75094
2018-08-13,0.7339
2018-08-14,0.73083
2018-08-15,0.73114
2018-08-16,0.72429
2018-08-17,0.72299
2018-08-18,0.72761
2018-08-19,0.73864
2018-08-20,0.74303
2018-08-21,0.74005
2018-08-22,0.75162
2018-08-23,0.75356
2018-08-24,0.75341
2018-08-25,0.75115
2018-08-26,0.75141
2018-08-27,0.74433
2018-08-28,0.73942
2018-08-29,0.7503
2018-08-30,0.75619
2018-08-31,0.77124
2018-09-01,0.77872
2018-09-02,0.78208
2018-09-03,0.78257
2018-09-04,0.78523
2018-09-05,0.79522
2018-09-06,0.8128
2018-09-07,0.82733
2018-09-08,0.83759
2018-09-09,0.83941
2018-09-10,0.83593
2018-09-11,0.83291
2018-09-12,0.83319
2018-09-13,0.82506
2018-09-14,0.82898
2018-09-15,0.82836
2018-09-16,0.82523
2018-09-17,0.81793
2018-09-18,0.80902
2018-09-19,0.81335
2018-09-20,0.81003
2018-09-21,0.80908
2018-09-22,0.80605
2018-09-23,0.80079
2018-09-24,0.80818
2018-09-25,0.80818
2018-09-26,0.81516
2018-09-27,0.81719
2018-09-28,0.82211
2018-09-29,0.82393
2018-09-30,0.83029
2018-10-01,0.8506
2018-10-02,0.85516
2018-10-03,0.86813
2018-10-04,0.87897
2018-10-05,0.88372
2018-10-06,0.87535
2018-10-07,0.86291
2018-10-08,0.85424
2018-10-09,0.84349
2018-10-10,0.84165
2018-10-11,0.85147
2018-10-12,0.85378
2018-10-13,0.85135
2018-10-14,0.84652
2018-10-15,0.84216
2018-10-16,0.84595
2018-10-17,0.84865
2018-10-18,0.85164
2018-10-19,0.85574
2018-10-20,0.86407
2018-10-21,0.86808
2018-10-22,0.86982
2018-10-23,0.87052
2018-10-24,0.87343
2018-10-25,0.87366
2018-10-26,0.875
2018-10-27,0.8785
2018-10-28,0.88132
2018-10-29,0.88947
2018-10-30,0.90351
2018-10-31,0.91087
2018-11-01,0.92549
2018-11-02,0.94572
2018-11-03,0.94167
2018-11-04,0.93227
2018-11-05,0.92405
2018-11-06,0.91574
2018-11-07,0.90641
2018-11-08,0.90084
2018-11-09,0.90759
2018-11-10,0.91532
2018-11-11,0.92603
2018-11-12,0.92567
2018-11-13,0.93071
2018-11-14,0.94125
2018-11-15,0.92638
2018-11-16,0.91825
2018-11-17,0.91915
2018-11-18,0.92668
2018-11-19,0.93937
2018-11-20,0.94736
2018-11-21,0.96743
2018-11-22,0.96188
2018-11-23,0.95548
2018-11-24,0.95239
2018-11-25,0.93883
2018-11-26,0.92076
2018-11-27,0.9268
2018-11-28,0.9289
2018-11-29,0.92729
2018-11-30,0.92303
2018-12-01,0.92106
2018-12-02,0.92291
2018-12-03,0.92106
2018-12-04,0.9173
2018-12-05,0.91456
2018-12-06,0.90635
2018-12-07,0.89612
2018-12-08,0.89164
2018-12-09,0.88723
2018-12-10,0.88852
2018-12-11,0.88764
2018-12-12,0.89058
2018-12-13,0.89035
2018-12-14,0.8917
2018-12-15,0.89035
2018-12-16,0.89211
2018-12-17,0.88994
2018-12-18,0.88741
2018-12-19,0.87547
2018-12-20,0.86396
2018-12-21,0.85534
2018-12-22,0.85666
2018-12-23,0.85695
2018-12-24,0.85574
2018-12-25,0.85418
2018-12-26,0.85193
2018-12-27,0.85205
2018-12-28,0.85176
2018-12-29,0.85101
2018-12-30,0.85021
2018-12-31,0.84929
2019-01-01,0.84824
2019-01-02,0.84669
2019-01-03,0.84451
2019-01-04,0.84245
2019-01-05,0.8401
2019-01-06,0.83787
2019-01-07,0.83547
2019-01-08,0.83297
2019-01-09,0.83069
2019-01-10,0.82836
2019-01-11,0.82523
2019-01-12,0.82239
2019-01-13,0.8194
2019-01-14,0.81308
2019-01-15,0.80667
2019-01-16,0.80024
2019-01-17,0.79411
2019-01-18,0.78699
2019-01-19,0.78072
2019-01-20,0.77342
2019-01-21,0.76668
2019-01-22,0.75972
2019-01-23,0.75267
2019-01-24,0.74528
2019-01-25,0.73781
2019-01-26,0.73104
2019-01-27,0.72348
2019-01-28,0.71585
2019-01-29,0.70811
2019-01-30,0.70035
2019-01-31,0.69282
2019-02-01,0.68312
2019-02-02,0.67533
2019-02-03,0.66747
2019-02-04,0.65918
2019-02-05,0.65122
2019-02-06,0.64319
2019-02-07,0.63479
2019-02-08,0.62691
2019-02-09,0.61892
2019-02-10,0.61111
2019-02-11,0.60303
2019-02-12,0.59518
2019-02-13,0.58688
2019-02-14,0.57886
2019-02-15,0.57087
2019-02-16,0.56278
2019-02-17,0.55481
2019-02-18,0.5466
2019-02-19,0.53834
2019-02-20,0.53039
2019-02-21,0.52089
2019-02-22,0.51251
2019-02-23,0.50483
2019-02-24,0.49725
2019-02-25,0.48911
2019-02-26,0.48079
2019-02-27,0.47313
2019-02-28,0.46497
2019-03-01,0.45674
2019-03-02,0.4491
2019-03-03,0.44111
2019-03-04,0.43323
2019-03-05,0.42575
2019-03-06,0.42081
2019-03-07,0.41638
2019-03-08,0.41166
2019-03-09,0.40747
2019-03-10,0.40458
2019-03-11,0.40152
2019-03-12,0.39754
2019-03-13,0.39336
2019-03-14,0.38908
2019-03-15,0.38456
2019-03-16,0.37994
2019-03-17,0.3752
2019-03-18,0.3705
2019-03-19,0.37157
2019-03-20,0.37025
2019-03-21,0.36749
2019-03-22,0.36556
2019-03-23,0.36322
2019-03-24,0.35982
2019-03-25,0.35587
2019-03-26,0.35156
2019-03-27,0.34739
2019-03-28,0.34328
2019-03-29,0.34493
2019-03-30,0.34662
2019-03-31,0.34533
2019-04-01,0.34578
2019-04-02,0.35636
2019-04-03,0.36272
2019-04-04,0.36914
2019-04-05,0.3721
2019-04-06,0.37765
2019-04-07,0.38014
2019-04-08,0.38073
2019-04-09,0.37898
2019-04-10,0.37786
2019-04-11,0.37363
2019-04-12,0.36869
2019-04-13,0.36167
2019-04-14,0.35375
2019-04-15,0.3463
2019-04-16,0.34099
2019-04-17,0.34336
2019-04-18,0.35038
2019-04-19,0.3566
2019-04-20,0.3631
2019-04-21,0.36732
2019-04-22,0.37973
2019-04-23,0.38749
2019-04-24,0.38824
2019-04-25,0.38193
2019-04-26,0.3731
2019-04-27,0.36367
2019-04-28,0.35481
2019-04-29,0.36588
2019-04-30,0.37752
2019-05-01,0.37827
2019-05-02,0.37773
2019-05-03,0.37516
2019-05-04,0.37878
2019-05-05,0.37806
2019-05-06,0.37699
2019-05-07,0.36873
2019-05-08,0.36097
2019-05-09,0.35872
2019-05-10,0.38925
2019-05-11,0.40185
2019-05-12,0.41547
2019-05-13,0.42796
2019-05-14,0.4341
2019-05-15,0.45247
2019-05-16,0.45924
2019-05-17,0.46654
2019-05-18,0.47358
2019-05-19,0.49209
2019-05-20,0.51387
2019-05-21,0.54985
2019-05-22,0.56948
2019-05-23,0.61992
2019-05-24,0.63169
2019-05-25,0.68536
2019-05-26,0.69482
2019-05-27,0.70724
2019-05-28,0.72361
2019-05-29,0.72704
2019-05-30,0.74382
2019-05-31,0.74632
2019-06-01,0.74706
2019-06-02,0.74303
2019-06-03,0.73687
2019-06-04,0.72875
2019-06-05,0.7245
2019-06-06,0.7203
2019-06-07,0.71575
2019-06-08,0.70313
2019-06-09,0.68725
2019-06-10,0.67843
2019-06-11,0.68047
2019-06-12,0.72912
2019-06-13,0.75446
2019-06-14,0.76483
2019-06-15,0.77273
2019-06-16,0.77236
2019-06-17,0.76594
2019-06-18,0.7574
2019-06-19,0.77374
2019-06-20,0.76568
2019-06-21,0.78072
2019-06-22,0.80292
2019-06-23,0.79384
2019-06-24,0.79389
2019-06-25,0.79583
2019-06-26,0.78051
2019-06-27,0.77284
2019-06-28,0.76678
2019-06-29,0.75619
2019-06-30,0.76393
2019-07-01,0.76156
2019-07-02,0.76668
2019-07-03,0.77502
2019-07-04,0.77813
2019-07-05,0.78749
2019-07-06,0.80018
2019-07-07,0.80499
2019-07-08,0.81511
2019-07-09,0.83297
2019-07-10,0.85383
2019-07-11,0.86436
2019-07-12,0.85683
2019-07-13,0.84761
2019-07-14,0.83919
2019-07-15,0.82432
2019-07-16,0.80852
2019-07-17,0.80348
2019-07-18,0.80847
2019-07-19,0.80549
2019-07-20,0.79995
2019-07-21,0.80258
2019-07-22,0.79389
2019-07-23,0.79007
2019-07-24,0.78969
2019-07-25,0.79284
2019-07-26,0.79728
2019-07-27,0.79751
2019-07-28,0.796
2019-07-29,0.79772
2019-07-30,0.79873
2019-07-31,0.79851
2019-08-01,0.80533
2019-08-02,0.80864
2019-08-03,0.81606
2019-08-04,0.82098
2019-08-05,0.81934
2019-08-06,0.83279
2019-08-07,0.82172
2019-08-08,0.80813
2019-08-09,0.79217
2019-08-10,0.77663
2019-08-11,0.78349
2019-08-12,0.76758
2019-08-13,0.7688
2019-08-14,0.77502
2019-08-15,0.79085
2019-08-16,0.79024
2019-08-17,0.81105
2019-08-18,0.81049
2019-08-19,0.80012
2019-08-20,0.7893
2019-08-21,0.78469
2019-08-22,0.77251
2019-08-23,0.76383
2019-08-24,0.75745
2019-08-25,0.75288
2019-08-26,0.74539
2019-08-27,0.74173
2019-08-28,0.74324
2019-08-29,0.73828
2019-08-30,0.73828
2019-08-31,0.74131
2019-09-01,0.73974
2019-09-02,0.75068
2019-09-03,0.75183
2019-09-04,0.75572
2019-09-05,0.76451
2019-09-06,0.77668
2019-09-07,0.78376
2019-09-08,0.79545
2019-09-09,0.78578
2019-09-10,0.78694
2019-09-11,0.78557
2019-09-12,0.78628
2019-09-13,0.78853
2019-09-14,0.78842
2019-09-15,0.79212
2019-09-16,0.7904
2019-09-17,0.78908
2019-09-18,0.79123
2019-09-19,0.7955
2019-09-20,0.78897
2019-09-21,0.80001
2019-09-22,0.80213
2019-09-23,0.80611
2019-09-24,0.79761
2019-09-25,0.78699
2019-09-26,0.77519
2019-09-27,0.76018
2019-09-28,0.74434
2019-09-29,0.73187
2019-09-30,0.7173
2019-10-01,0.7127
2019-10-02,0.71513
2019-10-03,0.71302
2019-10-04,0.71151
2019-10-05,0.73458
2019-10-06,0.74031
2019-10-07,0.74126
2019-10-08,0.74324
2019-10-09,0.74978
2019-10-10,0.76769
2019-10-11,0.77943
2019-10-12,0.79539
2019-10-13,0.81617
2019-10-14,0.82637
2019-10-15,0.82995
2019-10-16,0.83314
2019-10-17,0.84715
2019-10-18,0.86193
2019-10-19,0.8732
2019-10-20,0.8788
2019-10-21,0.88383
2019-10-22,0.87798
2019-10-23,0.87588
2019-10-24,0.8753
2019-10-25,0.87652
2019-10-26,0.88735
2019-10-27,0.89884
2019-10-28,0.89795
2019-10-29,0.90997
2019-10-30,0.89842
2019-10-31,0.88436
2019-11-01,0.87868
2019-11-02,0.87594
2019-11-03,0.86488
2019-11-04,0.87151
2019-11-05,0.86622
2019-11-06,0.8487
2019-11-07,0.84566
2019-11-08,0.85279
2019-11-09,0.86279
2019-11-10,0.86901
2019-11-11,0.87459
2019-11-12,0.88753
2019-11-13,0.8907
2019-11-14,0.88811
2019-11-15,0.88541
2019-11-16,0.89105
2019-11-17,0.89665
2019-11-18,0.89836
2019-11-19,0.89529
2019-11-20,0.89477
2019-11-21,0.89246
2019-11-22,0.89128
2019-11-23,0.88717
2019-11-24,0.88231
2019-11-25,0.87442
2019-11-26,0.86662
2019-11-27,0.8595
2019-11-28,0.85955
2019-11-29,0.85718
2019-11-30,0.8558
2019-12-01,0.86198
2019-12-02,0.86883
2019-12-03,0.89017
2019-12-04,0.89854
2019-12-05,0.907
2019-12-06,0.9139
2019-12-07,0.91867
2019-12-08,0.92303
2019-12-09,0.92693
2019-12-10,0.93023
2019-12-11,0.92794
2019-12-12,0.93041
2019-12-13,0.93197
2019-12-14,0.93378
2019-12-15,0.93648
2019-12-16,0.93763
2019-12-17,0.9421
2019-12-18,0.94076
2019-12-19,0.93956
2019-12-20,0.94602
2019-12-21,0.94729
2019-12-22,0.95208
2019-12-23,0.94971
2019-12-24,0.9485
2019-12-25,0.95299
2019-12-26,0.95427
2019-12-27,0.95548
2019-12-28,0.9553
2019-12-29,0.95816
2019-12-30,0.96206
2019-12-31,0.95992
2020-01-01,0.95749
2020-01-02,0.95433
2020-01-03,0.94862
2020-01-04,0.94059
2020-01-05,0.93666
2020-01-06,0.93727
2020-01-07,0.93564
2020-01-08,0.93347
2020-01-09,0.93065
2020-01-10,0.92507
2020-01-11,0.92255
2020-01-12,0.9195
2020-01-13,0.91271
2020-01-14,0.90558
2020-01-15,0.89848
2020-01-16,0.89112
2020-01-17,0.88354
2020-01-18,0.87584
2020-01-19,0.87157
2020-01-20,0.86424
2020-01-21,0.85643
2020-01-22,0.85378
2020-01-23,0.84773
2020-01-24,0.84475
2020-01-25,0.84279
2020-01-26,0.84377
2020-01-27,0.83867
2020-01-28,0.8365
2020-01-29,0.8316
2020-01-30,0.82529
2020-01-31,0.81872
2020-02-01,0.81144
2020-02-02,0.80948
2020-02-03,0.80319
2020-02-04,0.79645
2020-02-05,0.78875
2020-02-06,0.78078
2020-02-07,0.77246
2020-02-08,0.76462
2020-02-09,0.76035
2020-02-10,0.75183
2020-02-11,0.74319
2020-02-12,0.73442
2020-02-13,0.72569
2020-02-14,0.71652
2020-02-15,0.71389
2020-02-16,0.70925
2020-02-17,0.70113
2020-02-18,0.69574
2020-02-19,0.69
2020-02-20,0.68398
2020-02-21,0.677
2020-02-22,0.67365
2020-02-23,0.66879
2020-02-24,0.66332
2020-02-25,0.65782
2020-02-26,0.65193
2020-02-27,0.6458
2020-02-28,0.63954
2020-02-29,0.63309
2020-03-01,0.62677
2020-03-02,0.62046
2020-03-03,0.61373
2020-03-04,0.60716
2020-03-05,0.59705
2020-03-06,0.58679
2020-03-07,0.57978
2020-03-08,0.57262
2020-03-09,0.56225
2020-03-10,0.55185
2020-03-11,0.54194
2020-03-12,0.53213
2020-03-13,0.52187
2020-03-14,0.51489
2020-03-15,0.5079
2020-03-16,0.49734
2020-03-17,0.48732
2020-03-18,0.4797
2020-03-19,0.47159
2020-03-20,0.46587
2020-03-21,0.45933
2020-03-22,0.45269
2020-03-23,0.44614
2020-03-24,0.43918
2020-03-25,0.43214
2020-03-26,0.42466
2020-03-27,0.41745
2020-03-28,0.40999
2020-03-29,0.40262
2020-03-30,0.39614
2020-03-31,0.38992
2020-04-01,0.38331
2020-04-02,0.37736
2020-04-03,0.3712
2020-04-04,0.37012
2020-04-05,0.36572
2020-04-06,0.36539
2020-04-07,0.36248
2020-04-08,0.35823
2020-04-09,0.35562
2020-04-10,0.35513
2020-04-11,0.35933
2020-04-12,0.36015
2020-04-13,0.36125
2020-04-14,0.35995
2020-04-15,0.35742
2020-04-16,0.35383
2020-04-17,0.34945
2020-04-18,0.3457
2020-04-19,0.34424
2020-04-20,0.34203
2020-04-21,0.34251
2020-04-22,0.34195
2020-04-23,0.3397
2020-04-24,0.33813
2020-04-25,0.3349
2020-04-26,0.33805
2020-04-27,0.33666
2020-04-28,0.34066
2020-04-29,0.34002
2020-04-30,0.33817
2020-05-01,0.33794
2020-05-02,0.33402
2020-05-03,0.33298
2020-05-04,0.3331
2020-05-05,0.34191
2020-05-06,0.35302
2020-05-07,0.35562
2020-05-08,0.36885
2020-05-09,0.37372
2020-05-10,0.37869
2020-05-11,0.3799
2020-05-12,0.37869
2020-05-13,0.37641
2020-05-14,0.37396
2020-05-15,0.37392
2020-05-16,0.37235
2020-05-17,0.38832
2020-05-18,0.3929
2020-05-19,0.40589
2020-05-20,0.41711
2020-05-21,0.4238
2020-05-22,0.42996
2020-05-23,0.43712
2020-05-24,0.44164
2020-05-25,0.44782
2020-05-26,0.45527
2020-05-27,0.48184
2020-05-28,0.50206
2020-05-29,0.51732
2020-05-30,0.54266
2020-05-31,0.56052
2020-06-01,0.5675
2020-06-02,0.57257
2020-06-03,0.5729
2020-06-04,0.57087
2020-06-05,0.56914
2020-06-06,0.56519
2020-06-07,0.56019
2020-06-08,0.55678
2020-06-09,0.55942
2020-06-10,0.56182
2020-06-11,0.56033
2020-06-12,0.56172
2020-06-13,0.56191
2020-06-14,0.56143
2020-06-15,0.56263
2020-06-16,0.56115
2020-06-17,0.55913
2020-06-18,0.55596
2020-06-19,0.55712
2020-06-20,0.55942
2020-06-21,0.57121
2020-06-22,0.57634
2020-06-23,0.58114
2020-06-24,0.58435
2020-06-25,0.5846
2020-06-26,0.57692
2020-06-27,0.58479
2020-06-28,0.58737
2020-06-29,0.58839
2020-06-30,0.6048
2020-07-01,0.61121
2020-07-02,0.61234
2020-07-03,0.61932
2020-07-04,0.63524
2020-07-05,0.64294
2020-07-06,0.64364
2020-07-07,0.64994
2020-07-08,0.66322
2020-07-09,0.66864
2020-07-10,0.6795
2020-07-11,0.68291
2020-07-12,0.68414
2020-07-13,0.68194
2020-07-14,0.68363
2020-07-15,0.6791
2020-07-16,0.67452
2020-07-17,0.66701
2020-07-18,0.65959
2020-07-19,0.65696
2020-07-20,0.66014
2020-07-21,0.65651
2020-07-22,0.66231
2020-07-23,0.67904
2020-07-24,0.69369
2020-07-25,0.70596
2020-07-26,0.74732
2020-07-27,0.76414
2020-07-28,0.78002
2020-07-29,0.78908
2020-07-30,0.78771
2020-07-31,0.78584
2020-08-01,0.77932
2020-08-02,0.77738
2020-08-03,0.76774
2020-08-04,0.76399
2020-08-05,0.77856
2020-08-06,0.78029
2020-08-07,0.77932
2020-08-08,0.79667
2020-08-09,0.8124
2020-08-10,0.81996
2020-08-11,0.82762
2020-08-12,0.83245
2020-08-13,0.83908
2020-08-14,0.84097
2020-08-15,0.84251
2020-08-16,0.83673
2020-08-17,0.83239
2020-08-18,0.82348
2020-08-19,0.82609
2020-08-20,0.82648
2020-08-21,0.82042
2020-08-22,0.82189
2020-08-23,0.8506
2020-08-24,0.85672
2020-08-25,0.89866
2020-08-26,0.91009
2020-08-27,0.90819
2020-08-28,0.89795
2020-08-29,0.8826
2020-08-30,0.86279
2020-08-31,0.83919
2020-09-01,0.81617
2020-09-02,0.79344
2020-09-03,0.7714
2020-09-04,0.76045
2020-09-05,0.74596
2020-09-06,0.74355
2020-09-07,0.74152
2020-09-08,0.74152
2020-09-09,0.73844
2020-09-10,0.73807
2020-09-11,0.73619
2020-09-12,0.73234
2020-09-13,0.73625
2020-09-14,0.7522
2020-09-15,0.76219
2020-09-16,0.7661
2020-09-17,0.76795
2020-09-18,0.77098
2020-09-19,0.77728
2020-09-20,0.79974
2020-09-21,0.80549
2020-09-22,0.81015
2020-09-23,0.81246
2020-09-24,0.82256
2020-09-25,0.84601
2020-09-26,0.85095
2020-09-27,0.84664
2020-09-28,0.83382
2020-09-29,0.81736
2020-09-30,0.81161
2020-10-01,0.8177
2020-10-02,0.81985
2020-10-03,0.82898
2020-10-04,0.83891
2020-10-05,0.83376
2020-10-06,0.82756
2020-10-07,0.81335
2020-10-08,0.81015
2020-10-09,0.79739
2020-10-10,0.78067
2020-10-11,0.77422
2020-10-12,0.77172
2020-10-13,0.78051
2020-10-14,0.786
2020-10-15,0.79717
2020-10-16,0.80179
2020-10-17,0.81415
2020-10-18,0.81482
2020-10-19,0.8164
2020-10-20,0.8128
2020-10-21,0.81302
2020-10-22,0.87926
2020-10-23,0.89223
2020-10-24,0.88523
2020-10-25,0.88149
2020-10-26,0.87098
2020-10-27,0.8562
2020-10-28,0.84704
2020-10-29,0.83536
2020-10-30,0.82864
2020-10-31,0.82841
2020-11-01,0.82762
2020-11-02,0.8237
2020-11-03,0.82279
2020-11-04,0.82279
2020-11-05,0.82365
2020-11-06,0.82189
2020-11-07,0.81849
2020-11-08,0.82025
2020-11-09,0.82075
2020-11-10,0.82325
2020-11-11,0.82489
2020-11-12,0.82121
2020-11-13,0.81409
2020-11-14,0.81037
2020-11-15,0.80802
2020-11-16,0.80381
2020-11-17,0.80942
2020-11-18,0.81657
2020-11-19,0.83058
2020-11-20,0.84045
2020-11-21,0.85655
2020-11-22,0.86204
2020-11-23,0.86303
2020-11-24,0.86697
2020-11-25,0.88102
2020-11-26,0.89099
2020-11-27,0.87483
2020-11-28,0.8736
2020-11-29,0.88624
2020-11-30,0.89334
2020-12-01,0.90013
2020-12-02,0.90315
2020-12-03,0.90339
2020-12-04,0.90208
2020-12-05,0.89718
2020-12-06,0.90759
2020-12-07,0.91336
2020-12-08,0.92657
2020-12-09,0.93142
2020-12-10,0.92752
2020-12-11,0.91211
2020-12-12,0.90155
2020-12-13,0.89889
2020-12-14,0.89818
2020-12-15,0.90084
2020-12-16,0.90445
2020-12-17,0.91069
2020-12-18,0.92579
2020-12-19,0.93793
2020-12-20,0.94415
2020-12-21,0.94717
2020-12-22,0.94185
2020-12-23,0.94064
2020-12-24,0.93853
2020-12-25,0.93528
2020-12-26,0.9357
2020-12-27,0.94083
2020-12-28,0.94457
2020-12-29,0.94191
2020-12-30,0.93775
2020-12-31,0.94143
2021-01-01,0.94215
2021-01-02,0.9421
2021-01-03,0.94239
2021-01-04,0.94179
2021-01-05,0.94088
2021-01-06,0.94252
2021-01-07,0.94118
2021-01-08,0.94288
2021-01-09,0.94349
2021-01-10,0.94578
2021-01-11,0.9476
2021-01-12,0.92722
2021-01-13,0.9189
2021-01-14,0.91419
2021-01-15,0.90944
2021-01-16,0.90416
2021-01-17,0.89777
2021-01-18,0.8907
2021-01-19,0.88296
2021-01-20,0.87477
2021-01-21,0.86639
2021-01-22,0.85736
2021-01-23,0.84842
2021-01-24,0.8448
2021-01-25,0.84039
2021-01-26,0.83542
2021-01-27,0.8304
2021-01-28,0.82569
2021-01-29,0.82087
2021-01-30,0.8155
2021-01-31,0.80965
2021-02-01,0.80331
2021-02-02,0.79761
2021-02-03,0.79162
2021-02-04,0.78578
2021-02-05,0.78083
2021-02-06,0.77582
2021-02-07,0.77044
2021-02-08,0.76478
2021-02-09,0.75903
2021-02-10,0.75314
2021-02-11,0.74669
2021-02-12,0.74052
2021-02-13,0.73437
2021-02-14,0.72828
2021-02-15,0.72232
2021-02-16,0.71601
2021-02-17,0.70966
2021-02-18,0.70369
2021-02-19,0.69738
2021-02-20,0.69175
2021-02-21,0.68648
2021-02-22,0.68016
2021-02-23,0.67736
2021-02-24,0.67137
2021-02-25,0.66499
2021-02-26,0.66762
2021-02-27,0.66509
2021-02-28,0.66099
2021-03-01,0.65575
2021-03-02,0.64997
2021-03-03,0.64379
2021-03-04,0.63774
2021-03-05,0.63114
2021-03-06,0.62438
2021-03-07,0.61883
2021-03-08,0.63694
2021-03-09,0.64916
2021-03-10,0.65162
2021-03-11,0.65207
2021-03-12,0.65656
2021-03-13,0.65721
2021-03-14,0.656
2021-03-15,0.65323
2021-03-16,0.64535
2021-03-17,0.63963
2021-03-18,0.6294
2021-03-19,0.62299
2021-03-20,0.61536
2021-03-21,0.61328
2021-03-22,0.61368
2021-03-23,0.60697
2021-03-24,0.60072
2021-03-25,0.58815
2021-03-26,0.57775
2021-03-27,0.58231
2021-03-28,0.58425
2021-03-29,0.57881
2021-03-30,0.56889
2021-03-31,0.57276
2021-04-01,0.57489
2021-04-02,0.57823
2021-04-03,0.58435
2021-04-04,0.59152
2021-04-05,0.60146
2021-04-06,0.61189
2021-04-07,0.61002
2021-04-08,0.612
2021-04-09,0.62046
2021-04-10,0.61986
2021-04-11,0.61902
2021-04-12,0.61639
2021-04-13,0.60166
2021-04-14,0.59162
2021-04-15,0.57469
2021-04-16,0.56047
2021-04-17,0.55275
2021-04-18,0.55692
2021-04-19,0.55132
2021-04-20,0.53857
2021-04-21,0.52526
2021-04-22,0.52192
2021-04-23,0.52855
2021-04-24,0.52968
2021-04-25,0.52921
2021-04-26,0.52417
2021-04-27,0.54569
2021-04-28,0.56211
2021-04-29,0.55515
2021-04-30,0.54541
2021-05-01,0.55893
2021-05-02,0.56047
2021-05-03,0.55319
2021-05-04,0.54531
2021-05-05,0.53398
2021-05-06,0.52112
2021-05-07,0.51793
2021-05-08,0.51793
2021-05-09,0.52718
2021-05-10,0.53417
2021-05-11,0.53564
2021-05-12,0.53857
2021-05-13,0.54085
2021-05-14,0.5335
2021-05-15,0.53232
2021-05-16,0.53365
2021-05-17,0.53715
2021-05-18,0.54965
2021-05-19,0.55898
2021-05-20,0.56446
2021-05-21,0.57358
2021-05-22,0.57925
2021-05-23,0.58669
2021-05-24,0.59239
2021-05-25,0.61249
2021-05-26,0.63119
2021-05-27,0.65908
2021-05-28,0.70796
2021-05-29,0.72875
2021-05-30,0.73719
2021-05-31,0.7457
2021-06-01,0.74313
2021-06-02,0.74287
2021-06-03,0.75351
2021-06-04,0.76203
2021-06-05,0.77905
2021-06-06,0.78612
2021-06-07,0.79734
2021-06-08,0.81218
2021-06-09,0.83131
2021-06-10,0.83046
2021-06-11,0.8513
2021-06-12,0.85383
2021-06-13,0.8661
2021-06-14,0.87186
2021-06-15,0.87325
2021-06-16,0.86744
2021-06-17,0.85833
2021-06-18,0.84572
2021-06-19,0.83103
2021-06-20,0.81866
2021-06-21,0.83017
2021-06-22,0.82166
2021-06-23,0.82036
2021-06-24,0.8173
2021-06-25,0.82432
2021-06-26,0.82785
2021-06-27,0.82932
2021-06-28,0.83034
2021-06-29,0.82455
2021-06-30,0.81934
2021-07-01,0.81855
2021-07-02,0.81449
2021-07-03,0.81117
2021-07-04,0.81838
2021-07-05,0.82404
2021-07-06,0.83046
2021-07-07,0.83542
2021-07-08,0.83999
2021-07-09,0.8517
2021-07-10,0.865
2021-07-11,0.88044
2021-07-12,0.88108
2021-07-13,0.89006
2021-07-14,0.88102
2021-07-15,0.86993
2021-07-16,0.85793
2021-07-17,0.8432
2021-07-18,0.83314
2021-07-19,0.83399
2021-07-20,0.82722
2021-07-21,0.82256
2021-07-22,0.81849
2021-07-23,0.80864
2021-07-24,0.80432
2021-07-25,0.80387
2021-07-26,0.79002
2021-07-27,0.77797
2021-07-28,0.7593
2021-07-29,0.73708
2021-07-30,0.71999
2021-07-31,0.71151
2021-08-01,0.71451
2021-08-02,0.71968
2021-08-03,0.76129
2021-08-04,0.76594
2021-08-05,0.75687
2021-08-06,0.75876
2021-08-07,0.76072
2021-08-08,0.76124
2021-08-09,0.76483
2021-08-10,0.7904
2021-08-11,0.78754
2021-08-12,0.7935
2021-08-13,0.79427
2021-08-14,0.7955
2021-08-15,0.79795
2021-08-16,0.79007
2021-08-17,0.79074
2021-08-18,0.8287
2021-08-19,0.83405
2021-08-20,0.83092
2021-08-21,0.83388
2021-08-22,0.85014
2021-08-23,0.8479
2021-08-24,0.84957
2021-08-25,0.8424
2021-08-26,0.82819
2021-08-27,0.81753
2021-08-28,0.80364
2021-08-29,0.78519
2021-08-30,0.78019
2021-08-31,0.77236
2021-09-01,0.76314
2021-09-02,0.76082
2021-09-03,0.75346
2021-09-04,0.76547
2021-09-05,0.7424
2021-09-06,0.73385
2021-09-07,0.73723
2021-09-08,0.7435
2021-09-09,0.7457
2021-09-10,0.74141
2021-09-11,0.75556
2021-09-12,0.75204
2021-09-13,0.76108
2021-09-14,0.7714
2021-09-15,0.77921
2021-09-16,0.77824
2021-09-17,0.7769
2021-09-18,0.78137
2021-09-19,0.78442
2021-09-20,0.77856
2021-09-21,0.7783
2021-09-22,0.78148
2021-09-23,0.80701
2021-09-24,0.81229
2021-09-25,0.81398
2021-09-26,0.82575
2021-09-27,0.81702
2021-09-28,0.81094
2021-09-29,0.79528
2021-09-30,0.78056
2021-10-01,0.76653
2021-10-02,0.7593
2021-10-03,0.7512
2021-10-04,0.75131
2021-10-05,0.74204
2021-10-06,0.75393
2021-10-07,0.76072
2021-10-08,0.76578
2021-10-09,0.77199
2021-10-10,0.76779
2021-10-11,0.76114
2021-10-12,0.75798
2021-10-13,0.76584
2021-10-14,0.77905
2021-10-15,0.78562
2021-10-16,0.79974
2021-10-17,0.80118
2021-10-18,0.8018
2021-10-19,0.81668
2021-10-20,0.83696
2021-10-21,0.84021
2021-10-22,0.84669
2021-10-23,0.85032
2021-10-24,0.8517
2021-10-25,0.84986
2021-10-26,0.84188
2021-10-27,0.83553
2021-10-28,0.8337
2021-10-29,0.83811
2021-10-30,0.83862
2021-10-31,0.83941
2021-11-01,0.83925
2021-11-02,0.84165
2021-11-03,0.85516
2021-11-04,0.8513
2021-11-05,0.85846
2021-11-06,0.86025
2021-11-07,0.86135
2021-11-08,0.86552
2021-11-09,0.87279
2021-11-10,0.8819
2021-11-11,0.87979
2021-11-12,0.87454
2021-11-13,0.87389
2021-11-14,0.87331
2021-11-15,0.87244
2021-11-16,0.86906
2021-11-17,0.86471
2021-11-18,0.86407
2021-11-19,0.86117
2021-11-20,0.85943
2021-11-21,0.85892
2021-11-22,0.86361
2021-11-23,0.87565
2021-11-24,0.89123
2021-11-25,0.90333
2021-11-26,0.92118
2021-11-27,0.94524
2021-11-28,0.94893
2021-11-29,0.93041
2021-11-30,0.91813
2021-12-01,0.90789
2021-12-02,0.90867
2021-12-03,0.90641
2021-12-04,0.91599
2021-12-05,0.92321
2021-12-06,0.92363
2021-12-07,0.92861
2021-12-08,0.93281
2021-12-09,0.93618
2021-12-10,0.92759
2021-12-11,0.92046
2021-12-12,0.92219
2021-12-13,0.91694
2021-12-14,0.90641
2021-12-15,0.89529
2021-12-16,0.88688
2021-12-17,0.88002
2021-12-18,0.88202
2021-12-19,0.87139
2021-12-20,0.8506
2021-12-21,0.8287
2021-12-22,0.81212
2021-12-23,0.8018
2021-12-24,0.8023
2021-12-25,0.80269
2021-12-26,0.8254
2021-12-27,0.83759
2021-12-28,0.85239
2021-12-29,0.85626
2021-12-30,0.85337
2021-12-31,0.85268
2022-01-01,0.85631
2022-01-02,0.85851
2022-01-03,0.85915
2022-01-04,0.85886
2022-01-05,0.85793
2022-01-06,0.85805
2022-01-07,0.85695
2022-01-08,0.85707
2022-01-09,0.85672
2022-01-10,0.85602
2022-01-11,0.85464
2022-01-12,0.85395
2022-01-13,0.85245
2022-01-14,0.84986
2022-01-15,0.84664
2022-01-16,0.84303
2022-01-17,0.83982
2022-01-18,0.83993
2022-01-19,0.83559
2022-01-20,0.8304
2022-01-21,0.82727
2022-01-22,0.82348
2022-01-23,0.81894
2022-01-24,0.81409
2022-01-25,0.81054
2022-01-26,0.80622
2022-01-27,0.80163
2022-01-28,0.79655
2022-01-29,0.79079
2022-01-30,0.78529
2022-01-31,0.77926
2022-02-01,0.77353
2022-02-02,0.76668
2022-02-03,0.75976
2022-02-04,0.75467
2022-02-05,0.7491
2022-02-06,0.74266
2022-02-07,0.73791
2022-02-08,0.73244
2022-02-09,0.74648
2022-02-10,0.74748
2022-02-11,0.74245
2022-02-12,0.74073
2022-02-13,0.73875
2022-02-14,0.74068
2022-02-15,0.73817
2022-02-16,0.73302
2022-02-17,0.72657
2022-02-18,0.72149
2022-02-19,0.71859
2022-02-20,0.71446
2022-02-21,0.70822
2022-02-22,0.70117
2022-02-23,0.69359
2022-02-24,0.68546
2022-02-25,0.67711
2022-02-26,0.67112
2022-02-27,0.66549
2022-02-28,0.66701
2022-03-01,0.66747
2022-03-02,0.6695
2022-03-03,0.66838
2022-03-04,0.67096
2022-03-05,0.67767
2022-03-06,0.71942
2022-03-07,0.7363
2022-03-08,0.73598
2022-03-09,0.73151
2022-03-10,0.72672
2022-03-11,0.71979
2022-03-12,0.7111
2022-03-13,0.70205
2022-03-14,0.69307
2022-03-15,0.6823
2022-03-16,0.67493
2022-03-17,0.66899
2022-03-18,0.65878
2022-03-19,0.65494
2022-03-20,0.65132
2022-03-21,0.6468
2022-03-22,0.63479
2022-03-23,0.62328
2022-03-24,0.61853
2022-03-25,0.61185
2022-03-26,0.60746
2022-03-27,0.63488
2022-03-28,0.65606
2022-03-29,0.66231
2022-03-30,0.67345
2022-03-31,0.67945
2022-04-01,0.68072
2022-04-02,0.68894
2022-04-03,0.69799
2022-04-04,0.70894
2022-04-05,0.71425
2022-04-06,0.70585
2022-04-07,0.70652
2022-04-08,0.70739
2022-04-09,0.71075
2022-04-10,0.71647
2022-04-11,0.71378
2022-04-12,0.7126
2022-04-13,0.72548
2022-04-14,0.73458
2022-04-15,0.75267
2022-04-16,0.76991
2022-04-17,0.77433
2022-04-18,0.78716
2022-04-19,0.81533
2022-04-20,0.83046
2022-04-21,0.8456
2022-04-22,0.86883
2022-04-23,0.88852
2022-04-24,0.89606
2022-04-25,0.89765
2022-04-26,0.8947
2022-04-27,0.88471
2022-04-28,0.89688
2022-04-29,0.91432
2022-04-30,0.92561
2022-05-01,0.92729
2022-05-02,0.92782
2022-05-03,0.91664
2022-05-04,0.91146
2022-05-05,0.91474
2022-05-06,0.90849
2022-05-07,0.89824
2022-05-08,0.88231
2022-05-09,0.87681
2022-05-10,0.88272
2022-05-11,0.87028
2022-05-12,0.85516
2022-05-13,0.87711
2022-05-14,0.88342
2022-05-15,0.88172
2022-05-16,0.88237
2022-05-17,0.88823
2022-05-18,0.89418
2022-05-19,0.90055
2022-05-20,0.90297
2022-05-21,0.89706
2022-05-22,0.88753
2022-05-23,0.88132
2022-05-24,0.87104
2022-05-25,0.87447
2022-05-26,0.88213
2022-05-27,0.88231
2022-05-28,0.88389
2022-05-29,0.88577
2022-05-30,0.88184
2022-05-31,0.87991
2022-06-01,0.87133
2022-06-02,0.865
2022-06-03,0.85695
2022-06-04,0.84068
2022-06-05,0.8432
2022-06-06,0.86441
2022-06-07,0.84703
2022-06-08,0.84615
2022-06-09,0.83336
2022-06-10,0.82511
2022-06-11,0.82447
2022-06-12,0.83895
2022-06-13,0.86721
2022-06-14,0.88205
2022-06-15,0.89826
2022-06-16,0.90454
2022-06-17,0.9201
2022-06-18,0.92071
2022-06-19,0.91784
2022-06-20,0.91066
2022-06-21,0.89893
2022-06-22,0.88539
2022-06-23,0.86988
2022-06-24,0.85898
2022-06-25,0.84398
2022-06-26,0.82748
2022-06-27,0.81598
2022-06-28,0.8173
2022-06-29,0.82923
2022-06-30,0.84569
2022-07-01,0.84644
2022-07-02,0.86721
2022-07-03,0.86425
2022-07-04,0.88372
2022-07-05,0.89194
2022-07-06,0.89247
2022-07-07,0.90273
2022-07-08,0.90049
2022-07-09,0.90109
2022-07-10,0.90025
2022-07-11,0.89518
2022-07-12,0.89964
2022-07-13,0.90194
2022-07-14,0.89729
2022-07-15,0.89236
2022-07-16,0.87911
2022-07-17,0.87363
2022-07-18,0.86573
2022-07-19,0.85215
2022-07-20,0.84217
2022-07-21,0.83708
2022-07-22,0.83808
2022-07-23,0.84844
2022-07-24,0.84868
2022-07-25,0.86733
2022-07-26,0.88126
2022-07-27,0.89862
2022-07-28,0.90873
2022-07-29,0.90745
2022-07-30,0.90031
2022-07-31,0.88863
2022-08-01,0.87066
2022-08-02,0.85462
2022-08-03,0.85427
2022-08-04,0.87524
2022-08-05,0.87727
2022-08-06,0.87578
2022-08-07,0.87482
2022-08-08,0.87125
2022-08-09,0.87727
2022-08-10,0.89079
2022-08-11,0.9017
2022-08-12,0.90055
2022-08-13,0.89771
2022-08-14,0.89464
2022-08-15,0.96169
2022-08-16,0.97892
2022-08-17,0.98048
2022-08-18,0.97185
2022-08-19,0.95629
2022-08-20,0.93793
2022-08-21,0.92101
2022-08-22,0.90116
2022-08-23,0.87834
2022-08-24,0.86182
2022-08-25,0.86389
2022-08-26,0.85668
2022-08-27,0.84258
2022-08-28,0.82731
2022-08-29,0.81212
2022-08-30,0.796
2022-08-31,0.79833
2022-09-01,0.78196
2022-09-02,0.77548
2022-09-03,0.78437
2022-09-04,0.7947
2022-09-05,0.80341
2022-09-06,0.84241
2022-09-07,0.85427
2022-09-08,0.86875
2022-09-09,0.86786
2022-09-10,0.86947
2022-09-11,0.87709
2022-09-12,0.87846
2022-09-13,0.88462
2022-09-14,0.88455
2022-09-15,0.88061
2022-09-16,0.87631
2022-09-17,0.86715
2022-09-18,0.85851
2022-09-19,0.84879
2022-09-20,0.83225
2022-09-21,0.81632
2022-09-22,0.80089
2022-09-23,0.79322
2022-09-24,0.78319
2022-09-25,0.77858
2022-09-26,0.78926
2022-09-27,0.78571
2022-09-28,0.79742
2022-09-29,0.80466
2022-09-30,0.81223
2022-10-01,0.81932
2022-10-02,0.8261
2022-10-03,0.82731
2022-10-04,0.85332
2022-10-05,0.86076
2022-10-06,0.86205
2022-10-07,0.8787
2022-10-08,0.88229
2022-10-09,0.88348
2022-10-10,0.88318
2022-10-11,0.88055
2022-10-12,0.88995
2022-10-13,0.89893
2022-10-14,0.90049
2022-10-15,0.90418
2022-10-16,0.90436
2022-10-17,0.90714
2022-10-18,0.91121
2022-10-19,0.91255
2022-10-20,0.91821
2022-10-21,0.91942
2022-10-22,0.919
2022-10-23,0.91699
2022-10-24,0.91443
2022-10-25,0.91291
2022-10-26,0.90896
2022-10-27,0.9077
2022-10-28,0.90345
2022-10-29,0.8956
2022-10-30,0.88552
2022-10-31,0.87393
2022-11-01,0.86188
2022-11-02,0.86028
2022-11-03,0.86894
2022-11-04,0.87482
2022-11-05,0.87703
2022-11-06,0.87882
2022-11-07,0.87953
2022-11-08,0.87941
2022-11-09,0.88001
2022-11-10,0.88084
2022-11-11,0.8824
2022-11-12,0.88743
2022-11-13,0.89368
2022-11-14,0.90243
2022-11-15,0.91638
2022-11-16,0.92658
2022-11-17,0.93258
2022-11-18,0.93099
2022-11-19,0.93271
2022-11-20,0.95684
2022-11-21,0.95529
2022-11-22,0.94403
2022-11-23,0.93264
2022-11-24,0.93043
2022-11-25,0.93652
2022-11-26,0.95529
2022-11-27,0.9761
2022-11-28,0.99633
2022-11-29,0.99716
2022-11-30,0.98934
2022-12-01,0.97566
2022-12-02,0.95889
2022-12-03,0.94607
2022-12-04,0.94373
2022-12-05,0.94101
2022-12-06,0.95213
2022-12-07,0.95771
2022-12-08,0.961
2022-12-09,0.96206
2022-12-10,0.9615
2022-12-11,0.96057
2022-12-12,0.97329
2022-12-13,0.96368
2022-12-14,0.95189
2022-12-15,0.95312
2022-12-16,0.95182
2022-12-17,0.95293
2022-12-18,0.95591
2022-12-19,0.95381
2022-12-20,0.95064
2022-12-21,0.9512
2022-12-22,0.94792
2022-12-23,0.94336
2022-12-24,0.94144
2022-12-25,0.93916
2022-12-26,0.93966
2022-12-27,0.94341
2022-12-28,0.9457
2022-12-29,0.9478
2022-12-30,0.94718
2022-12-31,0.94613
2023-01-01,0.9457
2023-01-02,0.94378
2023-01-03,0.94373
2023-01-04,0.94205
2023-01-05,0.93953
2023-01-06,0.92988
2023-01-07,0.91961
2023-01-08,0.91583
2023-01-09,0.90933
2023-01-10,0.9037
2023-01-11,0.89784
2023-01-12,0.89422
2023-01-13,0.89163
2023-01-14,0.90976
2023-01-15,0.93442
2023-01-16,0.94027
2023-01-17,0.94187
2023-01-18,0.94348
2023-01-19,0.94132
2023-01-20,0.93295
2023-01-21,0.92786
2023-01-22,0.92872
2023-01-23,0.92443
2023-01-24,0.91942
2023-01-25,0.92058
2023-01-26,0.92114
2023-01-27,0.92022
2023-01-28,0.91839
2023-01-29,0.91565
2023-01-30,0.91237
2023-01-31,0.90842
2023-02-01,0.90399
2023-02-02,0.8991
2023-02-03,0.89007
2023-02-04,0.88455
2023-02-05,0.8787
2023-02-06,0.86929
2023-02-07,0.85975
2023-02-08,0.84862
2023-02-09,0.83662
2023-02-10,0.82511
2023-02-11,0.81805
2023-02-12,0.81246
2023-02-13,0.80398
2023-02-14,0.79441
2023-02-15,0.80209
2023-02-16,0.8014
2023-02-17,0.79611
2023-02-18,0.79237
2023-02-19,0.78729
2023-02-20,0.78135
2023-02-21,0.77492
2023-02-22,0.76791
2023-02-23,0.76086
2023-02-24,0.75291
2023-02-25,0.74474
2023-02-26,0.73606
2023-02-27,0.72753
2023-02-28,0.7185
2023-03-01,0.70957
2023-03-02,0.70127
2023-03-03,0.69286
2023-03-04,0.68771
2023-03-05,0.68269
2023-03-06,0.67655
2023-03-07,0.66932
2023-03-08,0.66109
2023-03-09,0.652
2023-03-10,0.64252
2023-03-11,0.63359
2023-03-12,0.62691
2023-03-13,0.61961
2023-03-14,0.61197
2023-03-15,0.60729
2023-03-16,0.60231
2023-03-17,0.59982
2023-03-18,0.60182
2023-03-19,0.60089
2023-03-20,0.59913
2023-03-21,0.59524
2023-03-22,0.59064
2023-03-23,0.59146
2023-03-24,0.58856
2023-03-25,0.58614
2023-03-26,0.58384
2023-03-27,0.58148
2023-03-28,0.57788
2023-03-29,0.57448
2023-03-30,0.57086
2023-03-31,0.56895
2023-04-01,0.56915
2023-04-02,0.56924
2023-04-03,0.56734
2023-04-04,0.5652
2023-04-05,0.56279
2023-04-06,0.55957
2023-04-07,0.56587
2023-04-08,0.56687
2023-04-09,0.56482
2023-04-10,0.56009
2023-04-11,0.5662
2023-04-12,0.57152
2023-04-13,0.57377
2023-04-14,0.58196
2023-04-15,0.58586
2023-04-16,0.59331
2023-04-17,0.59655
2023-04-18,0.59758
2023-04-19,0.59709
2023-04-20,0.59617
2023-04-21,0.60236
2023-04-22,0.60504
2023-04-23,0.60494
2023-04-24,0.60441
2023-04-25,0.60167
2023-04-26,0.6003
2023-04-27,0.60074
2023-04-28,0.59826
2023-04-29,0.60201
2023-04-30,0.60377
2023-05-01,0.59598
2023-05-02,0.58413
2023-05-03,0.57195
2023-05-04,0.55882
2023-05-05,0.54434
2023-05-06,0.53922
2023-05-07,0.54233
2023-05-08,0.53745
2023-05-09,0.53504
2023-05-10,0.55318
2023-05-11,0.55783
2023-05-12,0.56199
2023-05-13,0.57296
2023-05-14,0.57803
2023-05-15,0.59021
2023-05-16,0.59704
2023-05-17,0.62115
2023-05-18,0.62681
2023-05-19,0.6271
2023-05-20,0.6281
2023-05-21,0.63709
2023-05-22,0.67065
2023-05-23,0.68171
2023-05-24,0.69771
2023-05-25,0.71084
2023-05-26,0.72982
2023-05-27,0.74942
2023-05-28,0.79629
2023-05-29,0.80867
2023-05-30,0.80215
2023-05-31,0.79339
2023-06-01,0.80821
2023-06-02,0.81609
2023-06-03,0.80547
2023-06-04,0.79572
2023-06-05,0.77719
2023-06-06,0.76742
2023-06-07,0.76086
2023-06-08,0.75486
2023-06-09,0.78537
2023-06-10,0.79243
2023-06-11,0.78555
2023-06-12,0.77454
2023-06-13,0.76758
2023-06-14,0.7647
2023-06-15,0.75782
2023-06-16,0.76552
2023-06-17,0.7799
2023-06-18,0.76933
2023-06-19,0.7514
2023-06-20,0.7464
2023-06-21,0.74184
2023-06-22,0.74206
2023-06-23,0.74893
2023-06-24,0.75135
2023-06-25,0.75491
2023-06-26,0.75551
2023-06-27,0.75761
2023-06-28,0.76639
2023-06-29,0.76878
2023-06-30,0.7752
2023-07-01,0.77515
2023-07-02,0.77974
2023-07-03,0.78437
2023-07-04,0.78425
2023-07-05,0.78046
2023-07-06,0.77553
2023-07-07,0.76883
2023-07-08,0.77037
2023-07-09,0.76845
2023-07-10,0.7659
2023-07-11,0.7783
2023-07-12,0.79521
2023-07-13,0.80169
2023-07-14,0.8077
2023-07-15,0.8214
2023-07-16,0.85061
2023-07-17,0.86792
2023-07-18,0.87709
2023-07-19,0.87613
2023-07-20,0.87042
2023-07-21,0.86259
2023-07-22,0.86105
2023-07-23,0.85698
2023-07-24,0.8495
2023-07-25,0.84222
2023-07-26,0.83283
2023-07-27,0.84456
2023-07-28,0.83825
2023-07-29,0.82986
2023-07-30,0.82465
2023-07-31,0.82911
2023-08-01,0.83522
2023-08-02,0.84944
2023-08-03,0.85114
2023-08-04,0.84545
2023-08-05,0.84445
2023-08-06,0.84053
2023-08-07,0.83213
2023-08-08,0.82905
2023-08-09,0.81938
2023-08-10,0.81097
2023-08-11,0.80815
2023-08-12,0.81938
2023-08-13,0.80914
2023-08-14,0.79629
2023-08-15,0.79062
2023-08-16,0.79446
2023-08-17,0.80015
2023-08-18,0.80009
2023-08-19,0.79441
2023-08-20,0.78667
2023-08-21,0.77802
2023-08-22,0.78706
2023-08-23,0.79231
2023-08-24,0.79873
2023-08-25,0.80914
2023-08-26,0.81304
2023-08-27,0.81938
2023-08-28,0.82406
2023-08-29,0.8261
2023-08-30,0.81482
2023-08-31,0.80421
2023-09-01,0.79714
2023-09-02,0.80056
2023-09-03,0.79947
2023-09-04,0.78836
2023-09-05,0.77675
2023-09-06,0.77212
2023-09-07,0.77791
2023-09-08,0.76709
2023-09-09,0.76939
2023-09-10,0.77059
2023-09-11,0.77212
2023-09-12,0.77196
2023-09-13,0.77383
2023-09-14,0.77169
2023-09-15,0.77427
2023-09-16,0.76709
2023-09-17,0.76906
2023-09-18,0.76318
2023-09-19,0.76145
2023-09-20,0.75405
2023-09-21,0.75594
2023-09-22,0.75545
2023-09-23,0.75815
2023-09-24,0.75702
2023-09-25,0.76161
2023-09-26,0.76536
2023-09-27,0.76492
2023-09-28,0.76313
2023-09-29,0.76113
2023-09-30,0.76297
2023-10-01,0.76405
2023-10-02,0.76813
2023-10-03,0.77609
2023-10-04,0.80483
2023-10-05,0.81834
2023-10-06,0.82725
2023-10-07,0.83505
2023-10-08,0.85249
2023-10-09,0.85273
2023-10-10,0.86929
2023-10-11,0.89742
2023-10-12,0.90127
2023-10-13,0.90315
2023-10-14,0.90279
2023-10-15,0.90164
2023-10-16,0.9069
2023-10-17,0.90225
2023-10-18,0.90345
2023-10-19,0.91218
2023-10-20,0.91815
2023-10-21,0.9162
2023-10-22,0.90994
2023-10-23,0.90539
2023-10-24,0.92126
2023-10-25,0.92597
2023-10-26,0.92254
2023-10-27,0.92327
2023-10-28,0.9237
2023-10-29,0.92144
2023-10-30,0.92053
2023-10-31,0.9215
2023-11-01,0.92897
2023-11-02,0.92547
2023-11-03,0.92841
2023-11-04,0.93633
2023-11-05,0.95287
2023-11-06,0.95548
2023-11-07,0.95374
2023-11-08,0.93621
2023-11-09,0.93013
2023-11-10,0.92053
2023-11-11,0.90049
2023-11-12,0.88396
2023-11-13,0.87476
2023-11-14,0.88181
2023-11-15,0.8944
2023-11-16,0.89995
2023-11-17,0.8926
2023-11-18,0.92608
2023-11-19,0.93732
2023-11-20,0.93252
2023-11-21,0.93099
2023-11-22,0.93203
2023-11-23,0.93068
2023-11-24,0.92218
2023-11-25,0.912
2023-11-26,0.90957
2023-11-27,0.90466
2023-11-28,0.90739
2023-11-29,0.91309
2023-11-30,0.9137
2023-12-01,0.91194
2023-12-02,0.9086
2023-12-03,0.90454
2023-12-04,0.90261
2023-12-05,0.90001
2023-12-06,0.89681
2023-12-07,0.90164
2023-12-08,0.90067
2023-12-09,0.89922
2023-12-10,0.90231
2023-12-11,0.90085
2023-12-12,0.90109
2023-12-13,0.89795
2023-12-14,0.89621
2023-12-15,0.89236
2023-12-16,0.89338
2023-12-17,0.89302
2023-12-18,0.88918
2023-12-19,0.88587
2023-12-20,0.88552
2023-12-21,0.87959
2023-12-22,0.87679
2023-12-23,0.87589
2023-12-24,0.87411
2023-12-25,0.87315
2023-12-26,0.87077
2023-12-27,0.87042
2023-12-28,0.86538
2023-12-29,0.86591
2023-12-30,0.87232
2023-12-31,0.87393
2024-01-01,0.87363
2024-01-02,0.8697
2024-01-03,0.86484
2024-01-04,0.85946
2024-01-05,0.85285
2024-01-06,0.84832
2024-01-07,0.84456
2024-01-08,0.84047
2024-01-09,0.83539
2024-01-10,0.83248
2024-01-11,0.82876
2024-01-12,0.82436
2024-01-13,0.82001
2024-01-14,0.81557
2024-01-15,0.8065
2024-01-16,0.79953
2024-01-17,0.79079
2024-01-18,0.78046
2024-01-19,0.77404
2024-01-20,0.76785
2024-01-21,0.76253
2024-01-22,0.75545
2024-01-23,0.74829
2024-01-24,0.74114
2024-01-25,0.73382
2024-01-26,0.72651
2024-01-27,0.72195
2024-01-28,0.71739
2024-01-29,0.71242
2024-01-30,0.70752
2024-01-31,0.70174
2024-02-01,0.69813
2024-02-02,0.69375
2024-02-03,0.69114
2024-02-04,0.68854
2024-02-05,0.68544
2024-02-06,0.68306
2024-02-07,0.69
2024-02-08,0.69567
2024-02-09,0.69698
2024-02-10,0.69318
2024-02-11,0.69156
2024-02-12,0.68621
2024-02-13,0.68285
2024-02-14,0.67898
2024-02-15,0.67568
2024-02-16,0.67476
2024-02-17,0.67347
2024-02-18,0.67116
2024-02-19,0.66835
2024-02-20,0.66507
2024-02-21,0.66202
2024-02-22,0.6583
2024-02-23,0.65459
2024-02-24,0.65307
2024-02-25,0.65758
2024-02-26,0.6585
2024-02-27,0.65606
2024-02-28,0.65408
2024-02-29,0.6514
2024-03-01,0.64514
2024-03-02,0.63935
2024-03-03,0.63249
2024-03-04,0.62601
2024-03-05,0.61942
2024-03-06,0.61255
2024-03-07,0.60544
2024-03-08,0.59622
2024-03-09,0.58919
2024-03-10,0.58186
2024-03-11,0.57482
2024-03-12,0.57176
2024-03-13,0.56663
2024-03-14,0.56227
2024-03-15,0.55802
2024-03-16,0.55261
2024-03-17,0.5484
2024-03-18,0.54302
2024-03-19,0.53834
2024-03-20,0.53684
2024-03-21,0.53574
2024-03-22,0.52784
2024-03-23,0.52022
2024-03-24,0.51207
2024-03-25,0.50281
2024-03-26,0.4959
2024-03-27,0.48761
2024-03-28,0.47897
2024-03-29,0.47216
2024-03-30,0.4638
2024-03-31,0.45671
2024-04-01,0.44772
2024-04-02,0.43562
2024-04-03,0.42494
2024-04-04,0.41911
2024-04-05,0.40959
2024-04-06,0.40341
2024-04-07,0.39813
2024-04-08,0.39182
2024-04-09,0.38943
2024-04-10,0.38185
2024-04-11,0.37323
2024-04-12,0.36305
2024-04-13,0.35382
2024-04-14,0.34607
2024-04-15,0.33419
2024-04-16,0.32271
2024-04-17,0.31112
2024-04-18,0.31452
2024-04-19,0.32279
2024-04-20,0.33002
2024-04-21,0.36141
2024-04-22,0.37461
2024-04-23,0.39223
2024-04-24,0.40499
2024-04-25,0.41323
2024-04-26,0.42279
2024-04-27,0.42982
2024-04-28,0.44823
2024-04-29,0.44862
2024-04-30,0.45341
2024-05-01,0.44277
2024-05-02,0.45901
2024-05-03,0.46926
2024-05-04,0.4799
2024-05-05,0.48428
2024-05-06,0.4826
2024-05-07,0.49555
2024-05-08,0.48774
2024-05-09,0.48402
2024-05-10,0.48269
2024-05-11,0.48251
2024-05-12,0.47986
2024-05-13,0.47369
2024-05-14,0.46524
2024-05-15,0.4655
2024-05-16,0.46288
2024-05-17,0.46437
2024-05-18,0.46663
2024-05-19,0.4672
2024-05-20,0.4693
2024-05-21,0.4711
2024-05-22,0.47461
2024-05-23,0.52973
2024-05-24,0.54844
2024-05-25,0.55407
2024-05-26,0.56
2024-05-27,0.59476
2024-05-28,0.60089
2024-05-29,0.62228
2024-05-30,0.65515
2024-05-31,0.70222
2024-06-01,0.71295
2024-06-02,0.71962
2024-06-03,0.71823
2024-06-04,0.73382
2024-06-05,0.74947
2024-06-06,0.7653
2024-06-07,0.76486
2024-06-08,0.76026
2024-06-09,0.76584
2024-06-10,0.76416
2024-06-11,0.76253
2024-06-12,0.75831
2024-06-13,0.77868
2024-06-14,0.77719
2024-06-15,0.77636
2024-06-16,0.78353
2024-06-17,0.78493
2024-06-18,0.78208
2024-06-19,0.77482
2024-06-20,0.76747
2024-06-21,0.75707
2024-06-22,0.75599
2024-06-23,0.75453
2024-06-24,0.75076
2024-06-25,0.75394
2024-06-26,0.77173
2024-06-27,0.78074
2024-06-28,0.78971
2024-06-29,0.78752
2024-06-30,0.77642
2024-07-01,0.76753
2024-07-02,0.75556
2024-07-03,0.75006
2024-07-04,0.75458
2024-07-05,0.75858
2024-07-06,0.75373
2024-07-07,0.74855
2024-07-08,0.74452
2024-07-09,0.7427
2024-07-10,0.7374
2024-07-11,0.73424
2024-07-12,0.73062
2024-07-13,0.72604
2024-07-14,0.74495
2024-07-15,0.75999
2024-07-16,0.77597
2024-07-17,0.78224
2024-07-18,0.80409
2024-07-19,0.80982
2024-07-20,0.81016
2024-07-21,0.81373
2024-07-22,0.82627
2024-07-23,0.83738
2024-07-24,0.83045
2024-07-25,0.84738
2024-07-26,0.85863
2024-07-27,0.87053
2024-07-28,0.88515
2024-07-29,0.88306
2024-07-30,0.87852
2024-07-31,0.87565
2024-08-01,0.87721
2024-08-02,0.86591
2024-08-03,0.86822
2024-08-04,0.85444
2024-08-05,0.84345
2024-08-06,0.83808
2024-08-07,0.82708
2024-08-08,0.81298
2024-08-09,0.81551
2024-08-10,0.81598
2024-08-11,0.81517
2024-08-12,0.82094
2024-08-13,0.82412
2024-08-14,0.82395
2024-08-15,0.82204
2024-08-16,0.83283
2024-08-17,0.82563
2024-08-18,0.81967
2024-08-19,0.81511
2024-08-20,0.81368
2024-08-21,0.81736
2024-08-22,0.82574
2024-08-23,0.82789
2024-08-24,0.85238
2024-08-25,0.85933
2024-08-26,0.85886
2024-08-27,0.85698
2024-08-28,0.84985
2024-08-29,0.85032
2024-08-30,0.85827
2024-08-31,0.85952
2024-09-01,0.86176
2024-09-02,0.86134
2024-09-03,0.86011
2024-09-04,0.85993
2024-09-05,0.85603
2024-09-06,0.84808
2024-09-07,0.84791
2024-09-08,0.84311
2024-09-09,0.8351
2024-09-10,0.82656
2024-09-11,0.82285
2024-09-12,0.81782
2024-09-13,0.81034
2024-09-14,0.80489
2024-09-15,0.79935
2024-09-16,0.78988
2024-09-17,0.77902
2024-09-18,0.7678
2024-09-19,0.7582
2024-09-20,0.74388
2024-09-21,0.7449
2024-09-22,0.7507
2024-09-23,0.75394
2024-09-24,0.75669
2024-09-25,0.76927
2024-09-26,0.77774
2024-09-27,0.77515
2024-09-28,0.78931
2024-09-29,0.7968
2024-09-30,0.80255
2024-10-01,0.8217
2024-10-02,0.83196
2024-10-03,0.8294
2024-10-04,0.84088
2024-10-05,0.84944
2024-10-06,0.84891
2024-10-07,0.84351
2024-10-08,0.8403
2024-10-09,0.84234
2024-10-10,0.85727
2024-10-11,0.85174
2024-10-12,0.85922
2024-10-13,0.86028
2024-10-14,0.86041
2024-10-15,0.86484
2024-10-16,0.86313
2024-10-17,0.85421
2024-10-18,0.8502
2024-10-19,0.85928
2024-10-20,0.85786
2024-10-21,0.85827
2024-10-22,0.85621
2024-10-23,0.86514
2024-10-24,0.87649
2024-10-25,0.87554
2024-10-26,0.86614
2024-10-27,0.86277
2024-10-28,0.86028
2024-10-29,0.85851
2024-10-30,0.85638
2024-10-31,0.86294
2024-11-01,0.87673
2024-11-02,0.88258
2024-11-03,0.87101
2024-11-04,0.86265
2024-11-05,0.85715
2024-11-06,0.84997
2024-11-07,0.84211
2024-11-08,0.84392
2024-11-09,0.8441
2024-11-10,0.84264
2024-11-11,0.84351
2024-11-12,0.84135
2024-11-13,0.8372
2024-11-14,0.83271
2024-11-15,0.82772
2024-11-16,0.8214
2024-11-17,0.81759
2024-11-18,0.81362
2024-11-19,0.81137
2024-11-20,0.80953
2024-11-21,0.81045
2024-11-22,0.80896
2024-11-23,0.80867
2024-11-24,0.81281
2024-11-25,0.81275
2024-11-26,0.81638
2024-11-27,0.81961
2024-11-28,0.82528
2024-11-29,0.86425
2024-11-30,0.88282
2024-12-01,0.89784
2024-12-02,0.91182
2024-12-03,0.91992
2024-12-04,0.92193
2024-12-05,0.91772
2024-12-06,0.91852
2024-12-07,0.91632
2024-12-08,0.91413
2024-12-09,0.90976
2024-12-10,0.90848
2024-12-11,0.90466
2024-12-12,0.89784
2024-12-13,0.89471
2024-12-14,0.8923
2024-12-15,0.90334
2024-12-16,0.90309
2024-12-17,0.90031
2024-12-18,0.89699
2024-12-19,0.89784
2024-12-20,0.89482
2024-12-21,0.89145
2024-12-22,0.88773
2024-12-23,0.89537
2024-12-24,0.89489
2024-12-25,0.89332
2024-12-26,0.89759
2024-12-27,0.89832
2024-12-28,0.90327
2024-12-29,0.91261
2024-12-30,0.91942
2024-12-31,0.9248
2025-01-01,0.93577
2025-01-02,0.94125
2025-01-03,0.94378
2025-01-04,0.94557
2025-01-05,0.94916
2025-01-06,0.96985
2025-01-07,0.96623
2025-01-08,0.96051
2025-01-09,0.95647
2025-01-10,0.95095
2025-01-11,0.94336
2025-01-12,0.94261
2025-01-13,0.93719
2025-01-14,0.93381
2025-01-15,0.93148
2025-01-16,0.92584
2025-01-17,0.92223
2025-01-18,0.91955
2025-01-19,0.91717
2025-01-20,0.91315
2025-01-21,0.90793
2025-01-22,0.90249
2025-01-23,0.89669
2025-01-24,0.89115
2025-01-25,0.88647
2025-01-26,0.88216
2025-01-27,0.87649
2025-01-28,0.87798
2025-01-29,0.87399
2025-01-30,0.85763
2025-01-31,0.84088
2025-02-01,0.83446
2025-02-02,0.83172
2025-02-03,0.8254
2025-02-04,0.81846
2025-02-05,0.81373
2025-02-06,0.80959
2025-02-07,0.80483
2025-02-08,0.80135
2025-02-09,0.79833
2025-02-10,0.79708
2025-02-11,0.79288
2025-02-12,0.7818
2025-02-13,0.77371
2025-02-14,0.77064
2025-02-15,0.77097
2025-02-16,0.77053
2025-02-17,0.77032
2025-02-18,0.77251
2025-02-19,0.77157
2025-02-20,0.77278
2025-02-21,0.77032
2025-02-22,0.77004
2025-02-23,0.77377
2025-02-24,0.77059
2025-02-25,0.78079
2025-02-26,0.7869
2025-02-27,0.79095
2025-02-28,0.79016
2025-03-01,0.78814
2025-03-02,0.78325
2025-03-03,0.78141
2025-03-04,0.77785
2025-03-05,0.77141
2025-03-06,0.76933
2025-03-07,0.76672
2025-03-08,0.75977
2025-03-09,0.75103
2025-03-10,0.74125
2025-03-11,0.73259
2025-03-12,0.72551
2025-03-13,0.71681
2025-03-14,0.7082
2025-03-15,0.69902
2025-03-16,0.69192
2025-03-17,0.68705
2025-03-18,0.69479
2025-03-19,0.69672
2025-03-20,0.69526
2025-03-21,0.70143
2025-03-22,0.70405
2025-03-23,0.70668
2025-03-24,0.70999
2025-03-25,0.70899
2025-03-26,0.70232
2025-03-27,0.6975
2025-03-28,0.69219
2025-03-29,0.68881
2025-03-30,0.68497
2025-03-31,0.6782
2025-04-01,0.67594
2025-04-02,0.66978
2025-04-03,0.66416
2025-04-04,0.65931
2025-04-05,0.65982
2025-04-06,0.66359
2025-04-07,0.65241
2025-04-08,0.63905
2025-04-09,0.62407
2025-04-10,0.64121
2025-04-11,0.6369
2025-04-12,0.64211
2025-04-13,0.64918
2025-04-14,0.65256
2025-04-15,0.64745
2025-04-16,0.64548
2025-04-17,0.64569
2025-04-18,0.64297
2025-04-19,0.66543
2025-04-20,0.67666
2025-04-21,0.67712
2025-04-22,0.68124
2025-04-23,0.68985
2025-04-24,0.69651
2025-04-25,0.70495
2025-04-26,0.77537
2025-04-27,0.79623
2025-04-28,0.80426
2025-04-29,0.81678
2025-04-30,0.82268
2025-05-01,0.82314
2025-05-02,0.82389
2025-05-03,0.82597
2025-05-04,0.83289
2025-05-05,0.83486
2025-05-06,0.84644
2025-05-07,0.84997
2025-05-08,0.85291
2025-05-09,0.85303
2025-05-10,0.84633
2025-05-11,0.86543
2025-05-12,0.8591
2025-05-13,0.86076
2025-05-14,0.84686
2025-05-15,0.82998
2025-05-16,0.83266
2025-05-17,0.83901
2025-05-18,0.84902
2025-05-19,0.85957
2025-05-20,0.8545
2025-05-21,0.8538
2025-05-22,0.8522
2025-05-23,0.84053
2025-05-24,0.83545
2025-05-25,0.82604
2025-05-26,0.81615
2025-05-27,0.81396
2025-05-28,0.82528
2025-05-29,0.82279
2025-05-30,0.8236
2025-05-31,0.84047
2025-06-01,0.86673
2025-06-02,0.88426
2025-06-03,0.88989
2025-06-04,0.90049
2025-06-05,0.90243
2025-06-06,0.9148
2025-06-07,0.912
2025-06-08,0.91778
2025-06-09,0.91455
2025-06-10,0.91498
2025-06-11,0.9248
2025-06-12,0.9237
2025-06-13,0.91863
2025-06-14,0.90388
2025-06-15,0.90793
2025-06-16,0.90769
2025-06-17,0.90152
2025-06-18,0.88731
2025-06-19,0.86762
2025-06-20,0.84475
2025-06-21,0.84258
2025-06-22,0.85085
2025-06-23,0.86395
2025-06-24,0.8709
2025-06-25,0.86603
2025-06-26,0.86312
2025-06-27,0.87411
2025-06-28,0.89579
2025-06-29,0.90297
2025-06-30,0.8982
2025-07-01,0.9123
2025-07-02,0.9201
2025-07-03,0.93019
2025-07-04,0.92921
2025-07-05,0.93479
2025-07-06,0.93861
2025-07-07,0.92878
2025-07-08,0.91833
2025-07-09,0.91279
2025-07-10,0.91352
2025-07-11,0.91327
2025-07-12,0.95207
2025-07-13,0.97097
2025-07-14,0.98362
2025-07-15,0.98024
2025-07-16,0.97435
2025-07-17,0.96648
2025-07-18,0.96094
2025-07-19,0.95436
2025-07-20,0.94743
2025-07-21,0.93682
2025-07-22,0.91821
2025-07-23,0.89573
2025-07-24,0.87066
2025-07-25,0.84921
2025-07-26,0.82516
2025-07-27,0.81333
2025-07-28,0.81287
2025-07-29,0.79804
2025-07-30,0.79
2025-07-31,0.77212
2025-08-01,0.75999
2025-08-02,0.74651
2025-08-03,0.74174
2025-08-04,0.74249
2025-08-05,0.73392
2025-08-06,0.73392
2025-08-07,0.74243
2025-08-08,0.73809
2025-08-09,0.73713
2025-08-10,0.73665
2025-08-11,0.73536
2025-08-12,0.73681
2025-08-13,0.74861
2025-08-14,0.74866
2025-08-15,0.74646
2025-08-16,0.74361
2025-08-17,0.73788
2025-08-18,0.73584
2025-08-19,0.73035
2025-08-20,0.72178
2025-08-21,0.72025
2025-08-22,0.71818
2025-08-23,0.72338
2025-08-24,0.73077
2025-08-25,0.73189
2025-08-26,0.74039
2025-08-27,0.74436
2025-08-28,0.75756
2025-08-29,0.76253
2025-08-30,0.7646
2025-08-31,0.76508
2025-09-01,0.77504
2025-09-02,0.79429
2025-09-03,0.79526
2025-09-04,0.79186
2025-09-05,0.80438
2025-09-06,0.81799
2025-09-07,0.83108
2025-09-08,0.84059
2025-09-09,0.84569
2025-09-10,0.84709
2025-09-11,0.85108
2025-09-12,0.85656
2025-09-13,0.86069
2025-09-14,0.86277
2025-09-15,0.86087
2025-09-16,0.86004
2025-09-17,0.85804
2025-09-18,0.86046
2025-09-19,0.87404
2025-09-20,0.87804
2025-09-21,0.90939
2025-09-22,0.90987
2025-09-23,0.89766
2025-09-24,0.88336
2025-09-25,0.86348
2025-09-26,0.8552
2025-09-27,0.85651
2025-09-28,0.85197
2025-09-29,0.84991
2025-09-30,0.85739
2025-10-01,0.85238
2025-10-02,0.85026
2025-10-03,0.84926
2025-10-04,0.85462
2025-10-05,0.86508
2025-10-06,0.87077
2025-10-07,0.86953
2025-10-08,0.87548
2025-10-09,0.86525
2025-10-10,0.86069
2025-10-11,0.86011
2025-10-12,0.86881
2025-10-13,0.8681
2025-10-14,0.86229
2025-10-15,0.85698
2025-10-16,0.86034
2025-10-17,0.86318
2025-10-18,0.86977
2025-10-19,0.88372
2025-10-20,0.8941
2025-10-21,0.90835
2025-10-22,0.92376
2025-10-23,0.93326
2025-10-24,0.93652
2025-10-25,0.94373
2025-10-26,0.93289
2025-10-27,0.93019
2025-10-28,0.92731
2025-10-29,0.93074
2025-10-30,0.93744
2025-10-31,0.93516
2025-11-01,0.94311
2025-11-02,0.94373
2025-11-03,0.94873
2025-11-04,0.94008
2025-11-05,0.93492
2025-11-06,0.93148
2025-11-07,0.93062
2025-11-08,0.92016
2025-11-09,0.90799
2025-11-10,0.90243
2025-11-11,0.89392
2025-11-12,0.88336
2025-11-13,0.87518
2025-11-14,0.87721
2025-11-15,0.88618
2025-11-16,0.90508
2025-11-17,0.91601
2025-11-18,0.91979
2025-11-19,0.92786
2025-11-20,0.93971
2025-11-21,0.93228
2025-11-22,0.92786
2025-11-23,0.92645
2025-11-24,0.92413
2025-11-25,0.91936
2025-11-26,0.91364
2025-11-27,0.91248
2025-11-28,0.93184
2025-11-29,0.97429
2025-11-30,0.9801
2025-12-01,0.98224
2025-12-02,0.97948
2025-12-03,0.96555
2025-12-04,0.96331
2025-12-05,0.96094
2025-12-06,0.95064
2025-12-07,0.97472
2025-12-08,0.95709
2025-12-09,0.9399
2025-12-10,0.93596
2025-12-11,0.92633
2025-12-12,0.91571
2025-12-13,0.9066
2025-12-14,0.90327
2025-12-15,0.90321
2025-12-16,0.91809
2025-12-17,0.91449
2025-12-18,0.91881
2025-12-19,0.91425
2025-12-20,0.91644
2025-12-21,0.91918
2025-12-22,0.91973
2025-12-23,0.91608
2025-12-24,0.91413
2025-12-25,0.912
2025-12-26,0.90933
2025-12-27,0.90835
2025-12-28,0.90472
2025-12-29,0.90152
2025-12-30,0.8979
2025-12-31,0.90127
2026-01-01,0.92461
2026-01-02,0.96387
2026-01-03,0.98092
2026-01-04,0.97378
2026-01-05,0.97598
2026-01-06,0.97961
2026-01-07,0.97917
2026-01-08,0.98155
2026-01-09,0.98268
2026-01-10,0.98029
2026-01-11,0.96673
2026-01-12,0.95939
2026-01-13,0.96604
2026-01-14,0.963
2026-01-15,0.95976
2026-01-16,0.95201
2026-01-17,0.94175
2026-01-18,0.93559
2026-01-19,0.94409
2026-01-20,0.94774
2026-01-21,0.95821
2026-01-22,0.96275
2026-01-23,0.95883
2026-01-24,0.95238
2026-01-25,0.94774
2026-01-26,0.93842
2026-01-27,0.93351
2026-01-28,0.93289
2026-01-29,0.94027
2026-01-30,0.94336
2026-01-31,0.94799
2026-02-01,1.02088
2026-02-02,1.0891
2026-02-03,1.09028
2026-02-04,1.07816
2026-02-05,1.05663
2026-02-06,1.03907
2026-02-07,1.02734
2026-02-08,1.03515
2026-02-09,1.04306
2026-02-10,1.03201
2026-02-11,1.01808
2026-02-12,1.0093
2026-02-13,1.00044
2026-02-14,1.00031
2026-02-15,1.00157
2026-02-16,0.99495
2026-02-17,0.99848
2026-02-18,0.99374
2026-02-19,0.99173
2026-02-20,0.98727
2026-02-21,0.97598
2026-02-22,0.96811
2026-02-23,0.96487
2026-02-24,0.98865
2026-02-25,0.98877
2026-02-26,0.98092
2026-02-27,0.96555
2026-02-28,0.94465
2026-03-01,0.92168
2026-03-02,0.89531
2026-03-03,0.86745
2026-03-04,0.84299
2026-03-05,0.81915
2026-03-06,0.80015
2026-03-07,0.78555
2026-03-08,0.77531
2026-03-09,0.76851
2026-03-10,0.76324
2026-03-11,0.75837
2026-03-12,0.75243
2026-03-13,0.74576
2026-03-14,0.74174
2026-03-15,0.7374
2026-03-16,0.72913
2026-03-17,0.72311
2026-03-18,0.71723
2026-03-19,0.71168
2026-03-20,0.70495
2026-03-21,0.7018
2026-03-22,0.69891
2026-03-23,0.69412
2026-03-24,0.69296
2026-03-25,0.68735
2026-03-26,0.68321
2026-03-27,0.68813
2026-03-28,0.68787
2026-03-29,0.68435
2026-03-30,0.6813
2026-03-31,0.68001
2026-04-01,0.67908
2026-04-02,0.67455
2026-04-03,0.67045
2026-04-04,0.66696
2026-04-05,0.66732
2026-04-06,0.66742
2026-04-07,0.66676
2026-04-08,0.6886
2026-04-09,0.69255
2026-04-10,0.68383
2026-04-11,0.70926
2026-04-12,0.69567
2026-04-13,0.69417
2026-04-14,0.71506
2026-04-15,0.73093
2026-04-16,0.73307
2026-04-17,0.72566
2026-04-18,0.71321
2026-04-19,0.69703
2026-04-20,0.67852
2026-04-21,0.65804
2026-04-22,0.64978
2026-04-23,0.64211
2026-04-24,0.63965
2026-04-25,0.63995
2026-04-26,0.64468
2026-04-27,0.65236
2026-04-28,0.65575
2026-04-29,0.66283
2026-04-30,0.64958
2026-05-01,0.63079
2026-05-02,0.61729
2026-05-03,0.61492
2026-05-04,0.62179
2026-05-05,0.62194
2026-05-06,0.62884
2026-05-07,0.62989
2026-05-08,0.6395
2026-05-09,0.64524
2026-05-10,0.65784
2026-05-11,0.67614
2026-05-12,0.67991
2026-05-13,0.66753
2026-05-14,0.65967
2026-05-15,0.6519
2026-05-16,0.64705
2026-05-17,0.64826
2026-05-18,0.64745
2026-05-19,0.64055
2026-05-20,0.63244
2026-05-21,0.6271
2026-05-22,0.61265
2026-05-23,0.59898
2026-05-24,0.58866
2026-05-25,0.58369
2026-05-26,0.58639
2026-05-27,0.61516
2026-05-28,0.61754
2026-05-29,0.62139
2026-05-30,0.62358
2026-05-31,0.63464
2026-06-01,0.63234
2026-06-02,0.62964
2026-06-03,0.6291
2026-06-04,0.62447
2026-06-05,0.61472
2026-06-06,0.62412
2026-06-07,0.63524
2026-06-08,0.64669
2026-06-09,0.64791
2026-06-10,0.64988
2026-06-11,0.64857
2026-06-12,0.64417
2026-06-13,0.63965
2026-06-14,0.63374
2026-06-15,0.63074
2026-06-16,0.63579
2026-06-17,0.63739
2026-06-18,0.7218
2026-06-19,0.71617
2026-06-20,0.70519
2026-06-21,0.69821
2026-06-22,0.69732
2026-06-23,0.7008
2026-06-24,0.69189
2026-06-25,0.68115
2026-06-26,0.67169
2026-06-27,0.664
2026-06-28,0.65814
2026-06-29,0.65095
2026-06-30,0.64067
2026-07-01,0.63203
2026-07-02,0.63154
2026-07-03,0.63766
2026-07-04,0.66904
2026-07-05,0.67324
2026-07-06,0.66471
2026-07-07,0.65743
2026-07-08,0.6477
2026-07-09,0.65776
2026-07-10,0.65552
2026-07-11,0.65351
2026-07-12,0.65579
2026-07-13,0.65918
2026-07-14,0.64662
2026-07-15,0.63471
2026-07-16,0.62108
2026-07-17,0.6198
2026-07-18,0.61402
2026-07-19,0.60885
2026-07-20,0.61181
2026-07-21,0.61667
2026-07-22,0.61212
2026-07-23,0.60632
2026-07-24,0.60626
2026-07-25,0.60853
2026-07-26,0.61455
2026-07-27,0.61525
2026-07-28,0.61302
2026-07-29,0.60537
2026-07-30,0.589
2026-07-31,0.57757
2026-08-01,0.56406
2026-08-02,0.55168
2026-08-03,0.53646
2026-08-04,0.51502
2026-08-05,0.51753
2026-08-06,0.52337
2026-08-07,0.52907
2026-08-08,0.52759
2026-08-09,0.53741
2026-08-10,0.5383
2026-08-11,0.53625
2026-08-12,0.53426
2026-08-13,0.52788
2026-08-14,0.52644
2026-08-15,0.52055
2026-08-16,0.51808
2026-08-17,0.52838
2026-08-18,0.54362
2026-08-19,0.54649
2026-08-20,0.55284
2026-08-21,0.54996
2026-08-22,0.56187
2026-08-23,0.56451
2026-08-24,0.5664
2026-08-25,0.55907
2026-08-26,0.56558
2026-08-27,0.58201
2026-08-28,0.58511
2026-08-29,0.58439
2026-08-30,0.59228
2026-08-31,0.62178
2026-09-01,0.6457
2026-09-02,0.67296
2026-09-03,0.68375
2026-09-04,0.69178
2026-09-05,0.69838
2026-09-06,0.70367
2026-09-07,0.70643
2026-09-08,0.71174
2026-09-09,0.70835
2026-09-10,0.70683
2026-09-11,0.71384
2026-09-12,0.716
