fecha,xm_guatape_m3s,xm_nare_m3s,ideam_0023087150_m3s,ideam_0023087660_m3s,ideam_0023087670_m3s,ideam_0023087690_m3s,chirps_precip_mm
2000-01-01,26.26,43.51,7.49,3.92,8.04,,0.3784772455692291
2000-01-02,26.7,43.67,6.82,3.56,7.56,,0.0
2000-01-03,24.8,41.21,8.73,3.45,7.26,,0.0
2000-01-04,22.42,43.8,7.97,3.52,7.14,,0.9075089693069458
2000-01-05,21.41,40.62,9.77,3.48,7.42,,2.222224235534668
2000-01-06,23.74,45.39,7.02,3.37,6.77,,0.6395491361618042
2000-01-07,27.09,40.31,6.73,3.44,7.22,,1.0058990716934204
2000-01-08,21.0,53.62,19.67,3.68,13.5,,1.2970988750457764
2000-01-09,22.61,52.27,9.97,3.41,10.06,,0.7993863224983215
2000-01-10,27.36,42.82,8.63,3.37,7.38,,0.0
2000-01-11,22.86,46.45,7.97,3.41,6.63,,0.0
2000-01-12,22.72,41.97,5.88,3.27,6.21,,0.14902350306510925
2000-01-13,21.32,31.85,6.82,3.17,5.8,,0.0
2000-01-14,20.88,37.96,4.35,3.08,5.53,,0.0
2000-01-15,22.67,31.93,6.26,3.04,5.32,,0.0
2000-01-16,20.78,38.04,6.44,3.04,5.05,,0.0
2000-01-17,19.15,25.06,4.7,2.94,4.92,,0.15413588285446167
2000-01-18,21.01,32.62,3.4,2.98,4.85,,0.0
2000-01-19,23.74,22.32,2.8,5.52,5.42,,0.0
2000-01-20,18.79,39.05,4.0,3.08,4.92,,0.0
2000-01-21,20.4,72.87,4.4,5.16,5.54,,0.6977001428604126
2000-01-22,22.54,58.63,3.28,3.76,5.52,,13.950384140014648
2000-01-23,23.11,31.62,2.98,2.98,4.61,,8.548754692077637
2000-01-24,20.76,34.16,2.8,2.85,4.27,,16.894311904907227
2000-01-25,23.49,24.19,4.0,2.78,4.1,,0.4175723195075989
2000-01-26,22.78,37.73,4.35,2.91,3.99,,29.808765411376953
2000-01-27,18.5,26.56,3.75,2.98,3.88,,3.335294246673584
2000-01-28,21.09,28.05,4.35,2.82,3.66,,0.27662843465805054
2000-01-29,20.311,26.597,3.4,2.78,4.6,,0.0
2000-01-30,18.93,36.41,5.88,2.75,7.33,,0.07472791522741318
2000-01-31,23.36,58.45,11.72,3.04,7.06,,0.15501852333545685
2000-02-01,55.98,55.32,8.82,5.06,6.76,,19.794601440429688
2000-02-02,16.98,63.33,7.11,6.39,3.72,,0.0
2000-02-03,37.89,112.64,13.5,9.67,13.42,,19.488910675048828
2000-02-04,19.09,65.117,6.92,3.53,5.11,,2.638965129852295
2000-02-05,26.03,45.5,6.16,3.72,3.88,,17.43967056274414
2000-02-06,20.69,52.45,6.16,3.17,3.34,,0.0
2000-02-07,37.351,62.101,5.64,4.68,3.04,,0.0
2000-02-08,22.2,37.9,5.12,3.08,2.76,,2.1929173469543457
2000-02-09,19.77,37.2,4.35,3.01,2.63,,0.0
2000-02-10,19.77,37.2,3.1,2.85,2.55,,0.0
2000-02-11,20.42,26.87,2.8,2.78,2.53,,0.0
2000-02-12,16.5,23.49,5.05,2.82,2.5,,0.0
2000-02-13,16.89,26.03,4.0,2.75,2.46,,1.104440450668335
2000-02-14,18.86,27.76,3.4,2.69,2.36,,0.0
2000-02-15,19.2,28.14,2.8,2.61,2.33,,0.0
2000-02-16,22.65,29.47,3.7,2.85,2.56,,18.111366271972656
2000-02-17,30.31,40.58,5.05,3.11,5.92,,18.552017211914062
2000-02-18,19.45,39.85,7.78,3.44,6.06,,0.11520323902368546
2000-02-19,24.25,31.77,7.11,3.04,3.12,,2.9436283111572266
2000-02-20,27.95,28.11,4.4,2.78,3.06,,17.56662368774414
2000-02-21,22.07,34.09,4.0,2.85,3.65,,18.56532096862793
2000-02-22,13.58,22.86,4.7,2.98,3.04,,0.1517130434513092
2000-02-23,23.71,34.43,6.73,3.44,2.99,,22.683500289916992
2000-02-24,18.05,43.91,4.4,2.95,2.91,,3.439939498901367
2000-02-25,31.51,38.46,5.18,3.2,4.23,,1.83773672580719
2000-02-26,66.76,45.55,8.63,3.08,3.61,,7.920903205871582
2000-02-27,37.48,43.68,21.17,3.64,5.96,,18.177104949951172
2000-02-28,24.42,52.03,15.59,3.08,6.96,,10.012242317199707
2000-02-29,17.3,61.77,10.04,2.79,5.61,,1.7238985300064087
2000-03-01,22.5,79.59,9.77,2.88,4.56,,1.557267665863037
2000-03-02,21.82,89.79,7.87,2.78,4.2,,0.14700374007225037
2000-03-03,73.07,134.82,7.78,2.88,4.22,,18.662151336669922
2000-03-04,44.21,83.69,8.73,5.56,4.05,,15.143925666809082
2000-03-05,36.5,66.04,7.68,7.06,6.62,,24.785099029541016
2000-03-06,22.55,73.24,6.35,3.92,4.24,,0.0
2000-03-07,36.86,77.12,8.99,5.06,4.0,,19.641788482666016
2000-03-08,23.0,49.66,7.2,3.24,3.7,,24.022293090820312
2000-03-09,22.3,42.95,4.7,3.01,3.75,,0.15419217944145203
2000-03-10,22.27,33.11,6.73,2.82,3.66,,0.0
2000-03-11,22.05,32.22,7.78,2.76,3.1,,0.0
2000-03-12,24.31,79.3,8.73,3.92,2.95,,15.133459091186523
2000-03-13,25.87,45.62,6.82,3.04,2.84,,7.797213554382324
2000-03-14,30.36,33.47,4.7,2.78,2.74,,0.0
2000-03-15,21.67,39.33,7.97,4.76,2.63,,18.61318588256836
2000-03-16,19.47,38.1,7.78,2.91,2.55,,2.571392059326172
2000-03-17,25.96,36.24,8.63,4.05,2.53,,26.75437355041504
2000-03-18,19.87,39.42,7.3,2.95,2.47,,0.0
2000-03-19,20.72,25.13,7.59,2.82,2.42,,0.0
2000-03-20,22.42,22.86,5.88,2.78,2.41,,0.0
2000-03-21,15.12,28.28,6.35,2.76,2.36,,0.0
2000-03-22,18.07,25.79,5.05,2.75,2.36,,12.475153923034668
2000-03-23,23.02,21.55,3.4,2.78,2.54,,8.176874160766602
2000-03-24,14.72,49.56,3.75,3.53,7.18,,0.0
2000-03-25,20.82,24.47,7.87,2.82,3.78,,5.7154083251953125
2000-03-26,43.43,52.02,8.73,2.67,3.66,,0.0
2000-03-27,48.65,51.17,10.67,2.91,5.33,,8.288875579833984
2000-03-28,23.82,37.2,7.78,3.93,3.4,,6.367600440979004
2000-03-29,20.52,53.55,7.2,2.76,2.75,,0.0
2000-03-30,21.16,61.39,6.07,2.95,2.61,,35.90107345581055
2000-03-31,29.57,32.58,5.4,3.28,2.52,,7.290687561035156
2000-04-01,21.61,21.51,5.52,2.78,2.41,,1.7580474615097046
2000-04-02,25.7,36.43,4.35,2.88,2.36,,14.390599250793457
2000-04-03,21.91,60.59,4.35,5.09,2.58,,16.76637077331543
2000-04-04,25.43,50.24,5.29,2.78,2.85,,0.3553549349308014
2000-04-05,21.27,37.05,5.85,2.98,2.85,,13.480435371398926
2000-04-06,21.97,64.15,5.81,3.8,2.61,,0.0
2000-04-07,29.15,90.14,8.36,9.32,5.35,,18.09585189819336
2000-04-08,21.74,40.83,6.39,3.41,3.31,,10.32128620147705
2000-04-09,32.43,45.86,5.68,2.91,2.66,,13.984219551086426
2000-04-10,31.82,29.62,5.3,2.79,2.68,,14.32811450958252
2000-04-11,32.92,43.33,5.05,5.82,2.7,,21.270797729492188
2000-04-12,46.34,44.23,5.07,3.14,3.21,,18.03053092956543
2000-04-13,35.5,46.51,6.25,3.4,3.85,,9.327970504760742
2000-04-14,34.99,62.81,8.15,4.2,14.84,,12.032835006713867
2000-04-15,25.61,65.86,6.52,4.28,6.66,,0.0
2000-04-16,29.3,71.14,5.68,3.49,5.4,,3.5808424949645996
2000-04-17,25.32,62.67,8.78,5.81,3.69,,25.858367919921875
2000-04-18,27.14,48.29,7.49,3.41,5.13,,13.199213027954102
2000-04-19,53.44,47.28,8.28,3.2,4.1,,7.493365287780762
2000-04-20,27.82,50.96,9.25,5.6,4.11,,26.900564193725586
2000-04-21,27.46,28.13,7.1,4.61,3.87,,27.014728546142578
2000-04-22,78.37,85.34,7.04,7.28,3.32,,11.784051895141602
2000-04-23,26.77,37.52,6.24,3.45,3.24,,16.593524932861328
2000-04-24,39.0,87.28,5.99,3.17,4.01,,1.9275617599487305
2000-04-25,31.21,62.72,8.96,3.6,6.18,,13.149415969848633
2000-04-26,28.59,52.63,6.8,3.3,3.73,,7.190544128417969
2000-04-27,24.65,42.01,6.24,3.49,3.2,,3.7221405506134033
2000-04-28,19.7,34.17,5.78,3.24,2.84,,1.7378076314926147
2000-04-29,26.35,63.04,4.84,3.17,2.74,,16.53533935546875
2000-04-30,33.99,38.89,4.56,3.88,2.72,,12.654207229614258
2000-05-01,35.05,36.39,5.15,2.91,2.81,,16.633468627929688
2000-05-02,38.63,41.78,4.82,2.85,3.2,,10.418966293334961
2000-05-03,43.23,101.79,5.05,3.56,10.12,,21.296749114990234
2000-05-04,80.48,67.2,5.0,9.6,4.78,,32.473087310791016
2000-05-05,56.64,74.6,4.59,3.41,3.54,,2.6788625717163086
2000-05-06,56.93,92.43,12.48,8.58,13.94,,15.145072937011719
2000-05-07,31.69,90.42,12.43,3.64,9.75,,0.45343881845474243
2000-05-08,39.28,76.7,9.14,5.31,7.73,,18.816570281982422
2000-05-09,29.29,49.78,7.3,4.12,5.39,,0.0
2000-05-10,21.88,40.23,6.12,2.85,4.22,,3.087280750274658
2000-05-11,19.85,49.62,5.25,2.95,3.62,,7.166806221008301
2000-05-12,22.14,46.95,5.03,2.85,3.29,,13.460611343383789
2000-05-13,88.85,92.9,10.15,4.81,7.13,,22.331878662109375
2000-05-14,64.42,89.58,17.17,6.95,16.36,,32.258819580078125
2000-05-15,70.66,103.66,15.5,3.52,23.15,,7.234288215637207
2000-05-16,25.78,96.1,11.86,3.41,12.5,,0.07128266990184784
2000-05-17,56.83,94.22,15.39,6.95,12.86,,44.0307731628418
2000-05-18,116.3,114.44,12.39,4.36,11.27,,0.13550075888633728
2000-05-19,76.29,99.64,19.44,8.62,25.65,,35.833152770996094
2000-05-20,55.2,107.96,21.9,5.7,23.12,,31.286907196044922
2000-05-21,37.73,78.94,14.94,4.2,14.62,,11.696195602416992
2000-05-22,29.84,70.51,13.07,4.2,12.25,,8.73835277557373
2000-05-23,48.72,81.12,19.07,5.51,15.24,,16.3740291595459
2000-05-24,25.83,83.85,15.75,3.8,12.3,,12.523143768310547
2000-05-25,62.95,92.76,10.83,3.52,8.39,,8.678580284118652
2000-05-26,46.21,88.26,15.2,10.11,23.5,,19.572927474975586
2000-05-27,33.91,92.46,9.64,3.84,10.86,,3.0304176807403564
2000-05-28,63.86,115.97,15.08,11.4,17.04,,29.51459312438965
2000-05-29,33.02,85.3,18.4,4.16,15.05,,23.785253524780273
2000-05-30,65.42,93.1,17.25,3.81,12.0,,17.361608505249023
2000-05-31,32.3,106.83,13.18,3.88,9.36,,22.04732322692871
2000-06-01,31.23,107.63,14.19,4.2,9.85,,1.446118712425232
2000-06-02,59.04,112.78,21.16,5.97,18.18,,20.909976959228516
2000-06-03,30.49,87.21,15.44,3.59,14.16,,0.0
2000-06-04,70.26,98.53,11.91,4.08,9.15,,22.5487117767334
2000-06-05,31.87,74.27,12.39,6.37,10.62,,22.64934730529785
2000-06-06,32.64,102.26,9.33,3.92,6.92,,2.22979736328125
2000-06-07,30.4,65.19,11.86,4.63,7.63,,10.200369834899902
2000-06-08,33.8,59.18,9.04,4.08,6.23,,11.610310554504395
2000-06-09,30.76,54.01,8.19,3.3,5.77,,4.998244285583496
2000-06-10,26.76,62.93,8.74,3.61,5.43,,8.994107246398926
2000-06-11,25.55,47.94,8.55,3.64,5.49,,20.71725082397461
2000-06-12,36.65,55.2,7.23,3.38,4.92,,16.988094329833984
2000-06-13,32.39,70.69,8.55,3.84,6.89,,6.832902431488037
2000-06-14,33.05,107.09,7.72,4.4,5.93,,5.609866619110107
2000-06-15,41.88,87.52,9.04,8.43,7.21,,25.436264038085938
2000-06-16,72.96,176.35,18.16,18.6,21.11,,10.099960327148438
2000-06-17,117.75,164.51,26.38,23.34,32.52,,53.559120178222656
2000-06-18,78.94,116.11,21.97,21.9,24.98,,17.68999671936035
2000-06-19,33.06,96.02,15.46,5.34,14.93,,5.750045299530029
2000-06-20,28.63,84.82,11.13,5.08,10.32,,2.0569961071014404
2000-06-21,42.93,94.98,10.34,9.65,9.31,,27.81464195251465
2000-06-22,40.7,170.2,16.03,13.32,20.05,,16.448928833007812
2000-06-23,63.37,147.07,20.12,17.63,27.38,,21.629230499267578
2000-06-24,138.29,216.96,28.54,17.05,36.63,,26.182836532592773
2000-06-25,58.85,164.86,38.9,15.93,40.13,,14.819547653198242
2000-06-26,34.61,117.62,22.07,5.79,24.9,,0.0
2000-06-27,42.84,152.41,14.18,5.08,15.97,,0.2887049615383148
2000-06-28,41.36,102.54,13.26,6.41,17.38,,30.77129554748535
2000-06-29,24.53,72.13,10.09,4.45,11.88,,10.324737548828125
2000-06-30,29.29,120.04,9.36,4.43,9.71,,9.108858108520508
2000-07-01,61.71,137.5,12.36,14.55,17.14,,19.663843154907227
2000-07-02,74.58,114.85,9.65,20.65,16.3,,12.87054443359375
2000-07-03,46.43,115.11,14.77,14.0,20.28,,13.568258285522461
2000-07-04,27.29,90.45,10.55,5.51,15.1,,11.099589347839355
2000-07-05,31.83,80.53,9.5,5.2,10.0,,23.432437896728516
2000-07-06,44.0,90.68,11.66,10.39,9.62,,5.485940456390381
2000-07-07,44.8,123.23,21.72,13.04,24.98,,17.894676208496094
2000-07-08,25.38,90.88,10.85,5.62,13.47,,8.31479549407959
2000-07-09,27.49,78.09,9.6,5.19,10.98,,17.410690307617188
2000-07-10,25.51,69.78,8.57,5.91,8.1,,13.521196365356445
2000-07-11,24.83,53.47,7.73,4.8,6.91,,3.4841785430908203
2000-07-12,23.11,69.55,6.7,4.72,6.14,,0.0
2000-07-13,24.98,81.98,6.23,5.22,6.84,,23.843929290771484
2000-07-14,26.71,75.96,7.38,5.63,8.02,,7.156189918518066
2000-07-15,24.62,65.24,8.39,7.08,8.1,,2.9826931953430176
2000-07-16,32.35,86.86,5.74,4.4,6.13,,5.826848983764648
2000-07-17,42.73,131.54,5.51,14.88,9.71,,11.83094310760498
2000-07-18,37.6,93.37,6.16,13.03,7.85,,30.827838897705078
2000-07-19,31.21,72.01,9.43,5.16,7.53,,2.182438373565674
2000-07-20,41.63,63.38,7.23,4.86,6.46,,3.1265788078308105
2000-07-21,33.71,72.35,11.38,9.97,15.12,,16.067184448242188
2000-07-22,26.51,63.52,8.64,5.56,8.76,,15.397534370422363
2000-07-23,26.56,57.46,6.7,4.44,6.49,,0.0
2000-07-24,19.74,90.33,5.69,4.16,5.62,,6.237895965576172
2000-07-25,37.34,105.9,10.95,15.4,14.57,,23.51241111755371
2000-07-26,29.23,100.33,6.72,17.36,13.32,,19.660207748413086
2000-07-27,29.12,65.33,5.79,5.82,7.01,,22.831432342529297
2000-07-28,20.65,82.76,9.39,5.54,8.05,,14.7885103225708
2000-07-29,22.62,83.08,9.17,15.12,11.03,,3.7512073516845703
2000-07-30,32.64,96.95,8.74,14.24,12.28,,17.056102752685547
2000-07-31,29.47,90.47,7.56,8.59,8.66,,1.5884373188018799
2000-08-01,37.54,62.35,6.83,5.37,7.27,,7.6345319747924805
2000-08-02,43.89,114.79,14.07,10.09,18.44,,30.085363388061523
2000-08-03,55.85,146.58,16.23,9.99,19.15,,8.285487174987793
2000-08-04,41.4,124.86,18.3,20.03,26.67,,49.819801330566406
2000-08-05,45.22,99.79,11.47,15.74,16.05,,8.039276123046875
2000-08-06,53.1,103.57,18.75,17.1,18.67,,15.083612442016602
2000-08-07,23.52,89.49,13.85,5.29,16.14,,1.0654447078704834
2000-08-08,23.18,81.37,9.58,14.74,10.89,,0.9376764297485352
2000-08-09,27.11,89.67,9.59,6.15,9.48,,10.520007133483887
2000-08-10,34.4,87.11,13.12,9.48,17.05,,16.67734146118164
2000-08-11,33.95,69.39,7.43,9.6,10.09,,14.248703002929688
2000-08-12,22.4,54.62,7.04,5.06,7.79,,0.19020824134349823
2000-08-13,30.15,57.42,6.56,4.77,7.08,,8.623807907104492
2000-08-14,23.34,71.59,6.39,4.67,6.63,,0.45922136306762695
2000-08-15,52.47,143.28,6.46,5.53,6.7,,14.675483703613281
2000-08-16,25.67,85.74,9.35,15.56,11.87,,3.312819242477417
2000-08-17,22.55,58.45,6.05,4.81,7.06,,3.1582112312316895
2000-08-18,24.43,51.17,5.27,4.84,6.0,,8.408467292785645
2000-08-19,15.59,43.25,4.56,4.56,5.59,,0.0
2000-08-20,21.4,48.75,4.49,4.36,5.26,,0.0
2000-08-21,21.78,38.78,4.42,4.32,4.92,,2.632887125015259
2000-08-22,24.36,35.16,4.28,4.04,4.6,,0.0
2000-08-23,26.27,40.33,4.01,4.2,4.38,,25.449392318725586
2000-08-24,27.11,45.4,3.8,4.28,4.27,,8.459413528442383
2000-08-25,66.09,82.44,4.75,8.62,6.18,,23.20849609375
2000-08-26,32.43,57.44,4.88,5.23,6.53,,18.992198944091797
2000-08-27,25.66,36.91,4.41,4.08,4.93,,0.0
2000-08-28,21.33,59.52,4.35,5.02,5.37,,11.53878116607666
2000-08-29,34.94,115.7,5.66,10.04,11.04,,17.100357055664062
2000-08-30,22.37,55.5,4.7,9.02,6.15,,19.97869300842285
2000-08-31,92.71,91.77,5.14,6.97,8.68,,25.24481201171875
2000-09-01,62.05,64.22,7.27,4.4,8.89,,34.16826248168945
2000-09-02,59.79,82.63,12.92,9.35,15.14,,18.67965316772461
2000-09-03,36.01,100.51,9.19,5.37,10.04,,11.472804069519043
2000-09-04,95.36,154.86,27.07,16.42,32.42,,20.948747634887695
2000-09-05,46.72,126.64,28.66,9.98,26.96,,26.3831844329834
2000-09-06,25.97,107.0,22.76,5.46,20.78,,9.169927597045898
2000-09-07,50.02,113.6,16.4,7.32,17.62,,23.302852630615234
2000-09-08,32.17,93.71,11.94,5.24,13.36,,0.0
2000-09-09,103.23,123.25,13.31,8.75,16.38,,10.314558029174805
2000-09-10,82.63,150.35,24.31,15.93,30.52,,49.90917205810547
2000-09-11,30.44,109.01,14.29,6.06,17.81,,4.158286094665527
2000-09-12,30.3,100.74,14.27,20.72,17.65,,4.358880043029785
2000-09-13,34.74,99.99,10.6,7.92,11.65,,0.3166879713535309
2000-09-14,40.15,87.51,10.08,5.36,8.89,,25.944690704345703
2000-09-15,46.13,95.04,10.74,10.85,8.69,,23.513452529907227
2000-09-16,53.08,114.42,11.09,8.0,8.09,,7.509789943695068
2000-09-17,66.75,115.75,11.72,8.25,10.39,,10.588190078735352
2000-09-18,39.89,83.32,10.11,6.4,8.68,,0.0
2000-09-19,56.44,77.58,8.96,7.92,5.95,,14.688997268676758
2000-09-20,41.35,81.93,9.15,7.22,5.7,,54.969024658203125
2000-09-21,55.64,103.85,7.95,9.19,5.01,,0.3804563879966736
2000-09-22,39.09,87.4,8.11,5.24,4.62,,17.630937576293945
2000-09-23,42.49,86.74,8.58,7.07,5.22,,14.270212173461914
2000-09-24,35.78,92.42,16.05,6.91,10.61,,17.917264938354492
2000-09-25,38.94,86.4,13.71,7.43,7.05,,18.95321273803711
2000-09-26,31.48,70.98,10.42,5.59,5.26,,0.0
2000-09-27,29.77,87.48,12.11,8.18,6.1,,12.908544540405273
2000-09-28,38.54,84.11,14.75,5.87,9.09,,6.958773612976074
2000-09-29,60.99,98.69,10.87,5.59,13.52,,61.287452697753906
2000-09-30,64.55,111.67,12.28,9.93,28.57,,14.478048324584961
2000-10-01,42.59,112.66,14.03,10.11,31.05,,35.631263732910156
2000-10-02,56.51,162.04,24.24,14.67,38.35,,28.587932586669922
2000-10-03,149.23,166.47,22.16,18.85,38.29,,7.341665744781494
2000-10-04,72.95,138.11,25.93,14.45,43.38,,26.325733184814453
2000-10-05,35.62,114.83,22.06,6.68,34.58,,17.78799819946289
2000-10-06,47.38,90.04,13.72,5.49,28.27,,17.16360855102539
2000-10-07,62.58,101.87,11.46,5.32,24.35,,2.058293581008911
2000-10-08,61.43,82.24,10.46,5.39,22.72,,16.742652893066406
2000-10-09,42.2,84.71,9.98,10.48,21.91,,15.68174934387207
2000-10-10,30.34,72.52,9.3,6.9,20.71,,0.2680882215499878
2000-10-11,29.22,96.27,8.69,5.2,18.91,,2.163757801055908
2000-10-12,26.5,77.72,8.44,5.4,18.02,,0.0
2000-10-13,29.62,85.84,8.11,11.61,16.9,,3.0023772716522217
2000-10-14,25.89,77.91,7.97,5.01,16.42,,2.2960305213928223
2000-10-15,28.97,61.45,7.91,5.06,15.97,,20.25809669494629
2000-10-16,25.45,54.27,7.99,5.45,15.62,,5.7155375480651855
2000-10-17,49.04,55.6,7.95,5.18,15.3,,10.877107620239258
2000-10-18,29.5,69.56,8.23,7.24,15.0,,13.452217102050781
2000-10-19,21.12,55.85,7.49,4.92,14.6,,0.22550031542778015
2000-10-20,37.74,60.84,7.11,4.76,14.3,,16.534738540649414
2000-10-21,91.54,53.64,8.26,10.13,17.61,,11.790430068969727
2000-10-22,83.33,59.4,11.25,7.16,31.48,,38.20833206176758
2000-10-23,50.19,73.66,8.63,7.87,21.42,,25.883895874023438
2000-10-24,71.06,48.23,10.08,4.8,23.55,,31.112518310546875
2000-10-25,32.24,55.7,10.51,4.93,20.44,,0.7093695402145386
2000-10-26,46.78,66.71,8.37,4.76,19.45,,16.61631965637207
2000-10-27,89.14,112.71,8.46,8.11,24.11,,25.005496978759766
2000-10-28,41.74,70.17,9.81,10.67,20.81,,27.859130859375
2000-10-29,48.57,65.48,8.87,5.06,15.92,,3.7243099212646484
2000-10-30,37.07,100.54,9.76,9.4,15.94,,37.55903244018555
2000-10-31,32.74,76.49,10.32,5.01,15.75,,16.854825973510742
2000-11-01,106.36,138.88,30.35,17.17,33.04,,32.204315185546875
2000-11-02,41.96,106.24,19.76,5.28,33.26,,10.393803596496582
2000-11-03,43.07,85.89,16.79,5.1,25.9,,2.4954655170440674
2000-11-04,46.1,73.12,11.0,4.49,18.04,,1.2865451574325562
2000-11-05,46.32,63.41,12.46,4.76,17.17,,24.853992462158203
2000-11-06,39.99,73.05,14.42,4.6,18.91,,11.341816902160645
2000-11-07,27.74,70.17,9.94,4.44,16.13,,0.0
2000-11-08,31.86,54.43,9.64,4.44,12.9,,0.2906723618507385
2000-11-09,30.59,55.38,10.05,4.36,11.63,,0.0
2000-11-10,56.01,71.2,11.15,4.2,14.7,,4.035468578338623
2000-11-11,51.12,75.36,13.1,4.48,17.37,,15.847989082336426
2000-11-12,38.64,67.78,9.78,4.12,15.05,,16.64320945739746
2000-11-13,34.24,63.8,9.72,4.04,19.87,,0.3578716218471527
2000-11-14,26.1,56.33,10.31,3.88,12.76,,0.0
2000-11-15,26.91,52.91,8.88,3.76,9.63,,0.0
2000-11-16,25.11,47.02,7.64,3.76,8.19,,0.0
2000-11-17,21.26,75.87,7.32,3.92,7.74,,2.8400683403015137
2000-11-18,68.72,75.8,9.1,7.95,9.27,,46.1493034362793
2000-11-19,35.79,63.22,11.23,4.48,9.35,,11.461465835571289
2000-11-20,23.22,50.38,7.74,3.84,8.04,,1.9212719202041626
2000-11-21,26.49,40.7,6.23,3.72,7.08,,0.0
2000-11-22,22.87,44.19,5.21,3.56,6.63,,1.8580007553100586
2000-11-23,42.39,68.18,4.91,4.12,6.28,,3.866196393966675
2000-11-24,36.55,39.07,4.68,4.89,6.0,,0.0
2000-11-25,19.57,35.94,3.88,3.6,5.73,,0.0
2000-11-26,20.57,35.65,3.7,3.37,5.39,,3.281024217605591
2000-11-27,42.3,57.46,3.64,3.44,5.65,,8.708840370178223
2000-11-28,53.56,52.51,3.7,3.3,5.32,,4.055602073669434
2000-11-29,67.65,43.23,3.84,5.46,6.92,,51.999488830566406
2000-11-30,23.62,35.11,3.34,3.41,5.72,,0.0
2000-12-01,24.74,36.34,3.28,3.48,5.05,,0.0
2000-12-02,24.57,31.48,3.46,3.64,4.75,,2.9213967323303223
2000-12-03,24.53,36.5,3.57,3.72,4.6,,11.629257202148438
2000-12-04,20.2,38.16,3.75,4.28,4.59,,1.4638248682022095
2000-12-05,46.87,43.31,3.78,5.59,4.71,,5.187527656555176
2000-12-06,27.48,36.52,3.59,3.6,4.49,,5.744488716125488
2000-12-07,26.18,43.49,3.4,4.52,4.43,,0.0
2000-12-08,26.74,34.31,3.4,3.52,4.38,,25.78536033630371
2000-12-09,20.26,26.94,3.34,3.41,4.21,,0.0
2000-12-10,28.2,41.35,3.52,3.8,3.94,,3.987305164337158
2000-12-11,117.93,46.48,3.88,4.08,4.47,,21.558380126953125
2000-12-12,28.25,35.02,3.95,3.76,6.69,,4.618110179901123
2000-12-13,21.81,32.31,3.88,3.17,5.83,,0.8421351313591003
2000-12-14,25.91,42.09,3.89,3.04,6.51,,10.158775329589844
2000-12-15,34.61,39.61,4.42,3.11,9.18,,2.1351802349090576
2000-12-16,27.77,46.74,4.9,4.81,10.42,,0.17603543400764465
2000-12-17,29.91,32.99,4.63,3.48,6.8,,0.0
2000-12-18,20.77,29.9,4.35,3.11,5.16,,0.0
2000-12-19,26.06,36.12,4.54,3.14,5.73,,23.783199310302734
2000-12-20,17.94,40.77,5.03,4.08,6.21,,7.39389181137085
2000-12-21,20.04,27.85,4.71,3.3,5.94,,0.0
2000-12-22,18.72,31.64,4.28,3.17,4.99,,0.0
2000-12-23,19.44,31.22,4.52,3.11,4.49,,1.0705392360687256
2000-12-24,23.66,49.14,4.56,3.65,4.1,,20.982370376586914
2000-12-25,20.19,43.16,4.63,3.24,4.27,,19.891895294189453
2000-12-26,23.2,39.7,4.7,3.41,4.74,,8.321929931640625
2000-12-27,72.97,40.41,5.31,9.81,4.73,,15.826347351074219
2000-12-28,63.91,51.53,4.54,3.8,5.23,,30.212875366210938
2000-12-29,51.99,68.51,6.31,6.81,7.52,,52.5542106628418
2000-12-30,27.42,50.9,7.93,4.2,7.86,,0.0
2000-12-31,27.1,35.06,5.51,3.45,5.3,,1.8996518850326538
2001-01-01,36.96,34.79,4.67,3.8,4.66,,1.325317144393921
2001-01-02,18.53,32.41,4.42,3.41,4.27,,0.0
2001-01-03,16.98,27.4,4.21,3.3,3.94,,0.5887591242790222
2001-01-04,39.51,23.81,4.14,3.34,3.73,,0.051813941448926926
2001-01-05,21.97,33.1,4.16,3.24,4.01,,0.0
2001-01-06,17.67,35.67,4.0,3.21,4.74,,0.0
2001-01-07,18.57,21.91,4.2,3.14,4.17,,0.0
2001-01-08,19.63,27.52,4.01,3.11,3.72,,0.0
2001-01-09,21.99,20.52,3.76,3.04,3.51,,1.3079867362976074
2001-01-10,16.58,31.98,6.42,3.11,4.28,,12.12171745300293
2001-01-11,19.97,32.06,5.6,3.24,3.99,,0.0
2001-01-12,8.55,32.53,5.12,2.88,3.56,,0.0
2001-01-13,15.04,24.7,4.56,2.91,3.44,,0.0
2001-01-14,13.55,28.77,4.01,2.94,3.32,,0.0
2001-01-15,18.39,16.47,3.76,2.88,3.25,,0.0
2001-01-16,21.21,29.76,3.58,2.75,3.25,,0.13659724593162537
2001-01-17,15.95,24.7,3.58,2.72,3.25,,8.726642608642578
2001-01-18,18.41,33.08,3.64,3.17,3.25,,0.1278473138809204
2001-01-19,22.98,24.4,3.52,3.14,3.25,,9.579195022583008
2001-01-20,63.29,80.32,8.57,3.8,6.4,,39.78532028198242
2001-01-21,39.45,46.64,5.36,3.17,5.98,,7.665139675140381
2001-01-22,32.89,32.38,3.52,3.92,4.4,,12.40846061706543
2001-01-23,22.96,37.08,3.53,2.98,6.42,,20.68644142150879
2001-01-24,20.37,76.25,3.13,4.9,5.17,,4.415859222412109
2001-01-25,23.41,92.2,3.65,5.79,6.02,,9.991165161132812
2001-01-26,19.59,36.89,3.12,3.3,5.03,,0.0
2001-01-27,26.45,19.0,2.9,3.3,3.89,,0.8736335635185242
2001-01-28,12.29,25.7,2.86,3.08,3.56,,0.0
2001-01-29,16.26,18.29,2.72,2.7,3.4,,0.0
2001-01-30,18.05,25.26,2.54,2.78,3.32,,0.0
2001-01-31,15.73,16.98,2.59,2.61,3.29,,0.0
2001-02-01,16.41,18.64,2.76,2.67,3.25,,0.0
2001-02-02,15.83,37.97,2.59,2.64,3.25,,1.9182708263397217
2001-02-03,14.26,18.6,2.63,2.53,3.17,,1.9830862283706665
2001-02-04,15.59,18.57,2.37,2.61,3.14,,0.2883104681968689
2001-02-05,11.41,19.49,2.35,2.67,3.06,,0.2681801915168762
2001-02-06,13.77,17.94,2.25,2.56,2.99,,0.0
2001-02-07,14.3,15.56,2.47,2.59,2.95,,0.0
2001-02-08,10.4,12.21,2.33,2.53,2.95,,0.0
2001-02-09,12.93,18.92,2.42,2.5,2.84,,0.0
2001-02-10,24.3,37.28,2.46,3.69,3.04,,16.020227432250977
2001-02-11,21.04,12.52,2.54,2.61,2.95,,0.0
2001-02-12,8.02,22.39,2.46,2.56,2.84,,0.0
2001-02-13,7.64,14.43,2.42,2.61,2.77,,0.0
2001-02-14,6.33,20.91,2.29,2.5,2.72,,9.018172264099121
2001-02-15,8.42,37.96,2.35,2.47,2.72,,0.48314961791038513
2001-02-16,12.65,15.59,2.42,2.5,2.69,,29.636638641357422
2001-02-17,13.85,56.72,2.38,2.53,2.69,,0.0
2001-02-18,8.8,39.8,2.42,2.53,2.69,,0.0
2001-02-19,31.03,39.73,2.29,2.72,2.72,,0.1850702315568924
2001-02-20,25.02,47.75,2.31,2.67,2.81,,3.182819366455078
2001-02-21,23.29,36.94,2.69,2.56,3.1,,13.06269645690918
2001-02-22,15.83,27.22,2.9,2.45,3.5,,1.2256425619125366
2001-02-23,16.45,17.69,2.46,2.39,2.95,,3.2278618812561035
2001-02-24,15.01,23.22,2.33,2.37,2.77,,0.0
2001-02-25,13.58,24.24,2.21,3.08,2.74,,0.0
2001-02-26,25.53,30.69,2.52,2.53,4.02,,3.3731307983398438
2001-02-27,10.53,28.78,3.14,2.71,7.73,,3.2682418823242188
2001-02-28,17.83,20.95,4.02,2.76,7.89,,2.477362632751465
2001-03-01,9.98,45.76,4.3,2.5,8.64,,0.0
2001-03-02,9.4,42.92,3.17,2.42,4.49,,0.0
2001-03-03,9.25,42.33,2.76,2.37,3.82,,1.6306031942367554
2001-03-04,21.58,48.18,2.71,2.37,3.43,,0.18280546367168427
2001-03-05,20.13,58.29,2.59,2.31,3.86,,34.82260513305664
2001-03-06,22.48,54.75,2.97,2.34,3.98,,7.500601768493652
2001-03-07,85.15,68.39,2.56,2.81,3.42,,4.403508186340332
2001-03-08,32.18,21.55,2.72,3.84,3.66,,26.49753761291504
2001-03-09,18.55,14.57,2.52,2.45,3.23,,5.287010192871094
2001-03-10,25.94,8.42,2.76,4.47,3.34,,15.9376859664917
2001-03-11,21.53,13.19,2.5,2.45,3.42,,6.8843674659729
2001-03-12,11.23,12.65,2.2,2.34,3.11,,0.0
2001-03-13,17.39,18.19,2.59,2.31,3.91,,5.0449323654174805
2001-03-14,13.04,7.91,2.65,2.26,3.51,,3.682269334793091
2001-03-15,11.24,24.88,2.63,2.34,3.06,,3.9561736583709717
2001-03-16,12.95,13.84,2.75,2.26,3.02,,11.715669631958008
2001-03-17,3.38,25.65,2.36,2.23,3.4,,0.0
2001-03-18,39.64,28.59,4.71,2.5,7.11,,16.1075496673584
2001-03-19,37.65,52.37,3.79,2.37,7.54,,18.105920791625977
2001-03-20,17.21,62.53,5.16,2.31,6.95,,10.104082107543945
2001-03-21,32.51,59.84,5.75,2.45,6.8,,31.469385147094727
2001-03-22,21.83,42.32,4.51,2.39,5.05,,0.0
2001-03-23,17.99,47.49,4.81,3.01,4.89,,5.225313663482666
2001-03-24,15.03,47.46,5.04,3.57,4.48,,9.040430068969727
2001-03-25,22.19,25.68,4.26,2.47,4.22,,11.71899700164795
2001-03-26,40.75,39.83,4.01,2.53,4.38,,14.610349655151367
2001-03-27,19.02,19.67,4.32,2.45,3.79,,9.967889785766602
2001-03-28,23.45,27.78,3.77,2.23,3.45,,2.7623682022094727
2001-03-29,26.57,39.33,3.77,2.37,3.64,,20.68020248413086
2001-03-30,25.56,63.67,3.8,3.57,4.64,,4.886258125305176
2001-03-31,49.47,60.82,2.81,2.37,3.46,,12.077535629272461
2001-04-01,46.06,31.54,2.88,2.7,4.43,,8.094464302062988
2001-04-02,23.16,24.88,2.69,2.64,3.32,,2.704552173614502
2001-04-03,20.94,38.91,2.42,2.53,3.21,,0.0
2001-04-04,17.75,28.98,2.46,2.99,3.59,,0.6812670826911926
2001-04-05,21.09,21.52,2.37,2.56,3.34,,6.5099287033081055
2001-04-06,17.81,18.12,2.26,2.39,3.15,,1.2973676919937134
2001-04-07,26.99,26.8,2.25,2.28,3.06,,8.309211730957031
2001-04-08,12.54,24.19,2.16,2.34,3.06,,0.07630951702594757
2001-04-09,10.25,35.5,2.21,2.34,2.97,,9.356673240661621
2001-04-10,18.6,35.2,2.16,2.39,2.92,,16.64102554321289
2001-04-11,19.33,18.55,2.16,2.45,3.0,,11.054890632629395
2001-04-12,19.31,76.34,2.54,4.0,3.65,,15.640497207641602
2001-04-13,34.7,47.91,2.77,3.41,3.96,,23.76859474182129
2001-04-14,18.45,29.81,2.37,2.76,3.13,,6.302624702453613
2001-04-15,53.69,36.8,2.4,4.36,4.01,,28.310375213623047
2001-04-16,38.69,32.67,2.58,5.15,3.95,,11.659809112548828
2001-04-17,24.01,38.85,2.61,7.71,4.5,,6.26909875869751
2001-04-18,25.73,28.91,2.51,4.36,3.63,,3.2085800170898438
2001-04-19,37.87,44.24,3.09,4.4,5.36,,25.887563705444336
2001-04-20,16.11,32.89,2.5,3.08,3.59,,6.5562543869018555
2001-04-21,19.61,27.02,2.46,2.85,3.32,,14.88587474822998
2001-04-22,21.52,24.74,2.64,3.01,4.39,,3.6135616302490234
2001-04-23,20.45,19.62,2.73,2.56,3.56,,3.0827817916870117
2001-04-24,28.93,42.51,2.45,2.61,3.36,,4.188785552978516
2001-04-25,31.74,28.31,2.46,5.23,3.35,,8.586445808410645
2001-04-26,31.28,22.47,2.42,3.04,3.1,,5.200014114379883
2001-04-27,18.19,24.24,2.33,3.24,2.96,,0.0
2001-04-28,9.02,17.47,2.33,2.79,2.89,,9.869375228881836
2001-04-29,23.37,31.87,2.34,2.53,2.84,,5.0493364334106445
2001-04-30,23.24,52.22,2.16,2.82,2.86,,10.680088996887207
2001-05-01,12.29,24.81,2.22,2.47,2.74,,5.526707649230957
2001-05-02,32.77,19.57,2.16,2.47,2.72,,21.581989288330078
2001-05-03,44.6,58.1,2.5,3.08,3.73,,17.314895629882812
2001-05-04,27.66,31.96,2.42,3.77,2.99,,12.065298080444336
2001-05-05,19.85,19.33,2.31,2.59,3.56,,0.34752005338668823
2001-05-06,19.28,26.06,2.47,2.82,3.58,,17.22647476196289
2001-05-07,49.01,25.91,2.78,2.88,3.04,,24.710201263427734
2001-05-08,35.79,55.83,3.04,3.78,3.65,,16.56845474243164
2001-05-09,19.04,38.51,3.5,3.5,4.29,,9.229601860046387
2001-05-10,31.67,47.22,2.8,4.16,4.29,,2.33828067779541
2001-05-11,43.51,37.16,2.73,4.28,4.16,,3.313507080078125
2001-05-12,6.7,22.02,2.46,2.88,3.3,,1.3737386465072632
2001-05-13,34.03,41.39,2.5,2.86,3.15,,13.646133422851562
2001-05-14,51.48,64.05,2.77,6.37,5.66,,32.680946350097656
2001-05-15,126.03,78.23,2.96,5.24,4.74,,38.40888214111328
2001-05-16,79.79,75.82,5.39,12.05,7.8,,23.431926727294922
2001-05-17,33.34,33.01,3.5,4.12,4.52,,2.4211466312408447
2001-05-18,44.41,59.93,2.93,3.44,3.76,,0.18997088074684143
2001-05-19,46.43,46.62,3.96,7.64,5.7,,23.87594223022461
2001-05-20,26.05,25.7,2.98,3.64,3.42,,15.583025932312012
2001-05-21,40.99,68.26,3.73,11.29,4.18,,29.331951141357422
2001-05-22,36.89,69.38,7.86,6.3,12.96,,3.120462656021118
2001-05-23,31.54,41.86,3.87,5.01,4.66,,11.305596351623535
2001-05-24,19.8,41.65,3.52,5.14,6.04,,10.497414588928223
2001-05-25,44.37,60.73,3.34,5.14,5.23,,13.204620361328125
2001-05-26,32.76,67.24,3.26,3.19,6.07,,12.0866117477417
2001-05-27,48.03,53.37,4.57,5.36,5.94,,31.752267837524414
2001-05-28,60.71,81.03,4.65,11.88,5.16,,0.30205655097961426
2001-05-29,30.97,53.96,4.17,4.28,3.98,,0.0
2001-05-30,33.84,33.67,3.14,5.0,3.75,,12.640801429748535
2001-05-31,20.68,27.1,2.81,3.68,3.38,,24.195480346679688
2001-06-01,17.72,41.72,2.76,5.05,3.34,,24.632360458374023
2001-06-02,30.31,38.14,2.92,5.42,4.17,,11.003679275512695
2001-06-03,22.11,28.19,5.46,3.41,3.47,,0.9554790258407593
2001-06-04,66.65,83.61,6.22,15.34,4.88,,0.6380932927131653
2001-06-05,31.96,62.35,7.46,5.52,7.6,,18.877655029296875
2001-06-06,12.81,40.89,4.0,3.84,3.58,,5.242344856262207
2001-06-07,21.53,35.19,4.08,3.96,3.34,,11.463006019592285
2001-06-08,45.61,75.51,7.62,9.42,4.53,,14.979558944702148
2001-06-09,38.91,75.93,7.78,5.32,5.29,,13.554559707641602
2001-06-10,14.46,40.8,4.91,5.62,3.33,,0.0
2001-06-11,18.53,30.27,4.49,3.41,3.3,,15.557744979858398
2001-06-12,33.0,61.12,5.13,8.64,4.09,,14.66234302520752
2001-06-13,19.37,26.15,4.47,3.44,3.29,,6.7643327713012695
2001-06-14,45.45,40.23,4.33,3.34,3.06,,11.373828887939453
2001-06-15,62.26,54.38,5.38,7.86,4.48,,14.74315071105957
2001-06-16,20.2,26.17,4.57,3.41,3.1,,11.107205390930176
2001-06-17,23.11,54.19,5.69,5.49,3.23,,18.340408325195312
2001-06-18,23.04,51.79,5.5,5.14,3.58,,14.249282836914062
2001-06-19,70.95,70.45,5.54,12.98,7.43,,12.334982872009277
2001-06-20,25.1,40.29,4.39,4.16,3.36,,1.1511638164520264
2001-06-21,17.43,26.55,4.14,3.64,3.14,,5.899538993835449
2001-06-22,18.93,26.17,3.94,3.38,2.91,,0.18784882128238678
2001-06-23,16.34,19.3,3.82,3.24,2.8,,0.029184207320213318
2001-06-24,12.61,26.21,3.77,3.17,2.7,,1.4519513845443726
2001-06-25,9.85,11.99,3.7,3.08,2.66,,0.0
2001-06-26,6.82,19.27,3.62,2.98,2.62,,0.0
2001-06-27,16.86,15.62,3.46,2.78,2.6,,0.0
2001-06-28,11.64,25.94,3.34,2.76,2.56,,0.0
2001-06-29,22.57,15.09,3.34,2.72,2.56,,19.551761627197266
2001-06-30,26.47,27.02,3.34,2.78,2.56,,2.6480727195739746
2001-07-01,24.02,12.24,3.4,3.88,2.63,,15.597505569458008
2001-07-02,18.91,29.94,3.29,2.82,2.53,,0.09693817794322968
2001-07-03,13.99,19.89,3.04,2.72,2.47,,0.0
2001-07-04,16.35,13.23,2.98,2.67,2.42,,0.0
2001-07-05,10.24,14.57,2.92,2.61,2.4,,0.0
2001-07-06,27.86,31.31,3.04,3.11,2.47,,25.93656349182129
2001-07-07,20.16,16.01,2.94,2.64,2.4,,9.139455795288086
2001-07-08,41.09,45.77,3.12,2.61,2.36,,15.109506607055664
2001-07-09,66.98,56.14,4.85,9.31,5.36,,27.757007598876953
2001-07-10,27.42,48.11,3.48,3.69,2.72,,17.595504760742188
2001-07-11,74.43,48.3,4.58,7.99,4.55,,25.781047821044922
2001-07-12,64.31,69.14,4.01,4.85,4.15,,14.456997871398926
2001-07-13,17.59,32.73,3.47,3.2,3.15,,1.453739881515503
2001-07-14,23.9,39.46,3.4,2.95,2.64,,15.496655464172363
2001-07-15,49.8,68.51,3.91,6.38,4.66,,15.41901969909668
2001-07-16,25.62,83.47,3.56,4.04,3.53,,0.0
2001-07-17,18.81,26.94,2.64,3.35,3.15,,3.6493637561798096
2001-07-18,31.91,48.07,3.26,4.6,4.19,,23.572933197021484
2001-07-19,61.25,38.49,3.14,4.81,4.71,,39.47980499267578
2001-07-20,42.59,71.12,3.13,4.72,5.11,,1.8676624298095703
2001-07-21,59.8,55.91,2.98,5.68,4.84,,22.46978759765625
2001-07-22,46.65,77.09,2.9,4.52,4.03,,8.39316463470459
2001-07-23,53.29,41.59,3.68,5.31,6.49,,9.383890151977539
2001-07-24,10.16,23.27,2.98,3.6,3.77,,0.0
2001-07-25,24.32,30.68,2.76,3.48,3.36,,7.196730136871338
2001-07-26,38.11,40.58,3.26,6.21,5.85,,20.965547561645508
2001-07-27,18.92,61.21,3.17,3.53,4.38,,0.0
2001-07-28,40.46,92.29,9.12,14.06,12.95,,25.558517456054688
2001-07-29,25.83,47.52,4.03,4.28,4.77,,6.597371578216553
2001-07-30,23.51,26.46,3.4,3.68,4.27,,5.7056989669799805
2001-07-31,12.52,36.78,3.22,3.68,3.87,,7.110768795013428
2001-08-01,12.52,36.78,5.88,3.41,3.52,,0.0
2001-08-02,2.92,24.34,4.7,3.48,3.42,,0.0
2001-08-03,17.9,24.48,4.4,3.2,3.24,,0.0
2001-08-04,14.82,25.53,4.35,3.45,3.53,,7.851776123046875
2001-08-05,12.98,22.55,4.98,3.14,3.19,,5.210204124450684
2001-08-06,16.07,20.03,5.52,3.76,3.12,,0.0
2001-08-07,12.3,20.12,4.0,3.08,2.96,,0.0
2001-08-08,22.77,15.88,3.58,2.91,2.89,,0.058436959981918335
2001-08-09,9.71,21.58,3.16,2.95,2.85,,0.0
2001-08-10,8.26,16.91,3.1,2.78,2.78,,0.0
2001-08-11,11.21,21.59,2.8,2.72,2.74,,1.0673235654830933
2001-08-12,22.81,11.27,4.0,2.88,2.96,,0.0
2001-08-13,14.19,23.57,3.4,2.78,2.95,,0.0
2001-08-14,10.03,15.02,3.88,2.72,2.89,,0.31281307339668274
2001-08-15,24.49,12.54,2.8,2.69,2.9,,0.060110460966825485
2001-08-16,7.71,18.36,3.1,2.72,2.89,,0.0
2001-08-17,10.37,13.64,2.16,2.67,2.82,,0.0
2001-08-18,12.42,13.35,2.5,2.64,2.84,,0.0
2001-08-19,10.37,14.2,2.33,2.59,2.82,,3.5699429512023926
2001-08-20,8.58,12.27,2.12,2.61,2.85,,0.0
2001-08-21,10.33,16.64,2.13,2.59,2.77,,6.45209264755249
2001-08-22,15.01,13.33,1.95,2.59,2.76,,14.127052307128906
2001-08-23,19.38,17.02,1.97,2.53,2.74,,0.1902599334716797
2001-08-24,22.33,23.24,1.95,2.5,2.73,,7.112809658050537
2001-08-25,23.34,55.3,2.22,2.88,3.0,,8.676005363464355
2001-08-26,25.56,38.73,2.28,4.08,3.9,,4.828997611999512
2001-08-27,43.9,36.94,2.51,3.48,3.59,,8.250285148620605
2001-08-28,22.76,16.7,2.2,2.59,3.0,,16.94816017150879
2001-08-29,2.83,15.02,2.18,2.61,2.93,,10.73121166229248
2001-08-30,15.02,16.26,1.99,2.56,2.84,,0.0
2001-08-31,15.02,16.26,2.03,2.47,2.74,,0.0
2001-09-01,35.04,9.92,2.05,2.5,2.87,,12.854188919067383
2001-09-02,30.07,37.1,2.23,3.66,3.38,,22.11195945739746
2001-09-03,20.28,18.75,2.2,5.34,3.3,,3.7587361335754395
2001-09-04,19.13,24.04,2.12,2.78,2.97,,7.164924621582031
2001-09-05,16.98,28.4,2.12,2.64,3.0,,15.614736557006836
2001-09-06,24.59,17.98,2.12,3.84,3.45,,20.194271087646484
2001-09-07,15.45,22.91,2.08,2.42,3.01,,2.0929808616638184
2001-09-08,22.34,24.15,2.12,2.61,2.93,,18.56524658203125
2001-09-09,25.44,27.21,2.52,5.26,4.31,,22.791711807250977
2001-09-10,28.48,52.57,2.24,2.76,3.11,,0.0
2001-09-11,26.25,37.15,2.45,4.24,3.42,,13.71301555633545
2001-09-12,48.4,35.39,2.55,5.19,3.23,,32.819374084472656
2001-09-13,31.07,27.52,3.22,3.14,4.74,,11.603531837463379
2001-09-14,20.49,50.64,6.11,4.32,7.54,,13.187355041503906
2001-09-15,25.25,69.48,2.95,4.24,4.84,,0.0
2001-09-16,52.73,49.93,3.13,3.45,5.45,,2.7050700187683105
2001-09-17,33.13,46.75,2.63,4.84,3.67,,9.153576850891113
2001-09-18,44.7,26.45,2.87,3.88,4.39,,24.645313262939453
2001-09-19,40.29,54.24,3.51,5.06,8.3,,6.757159233093262
2001-09-20,38.07,41.52,3.79,7.36,8.34,,31.71457862854004
2001-09-21,24.48,36.09,3.01,3.52,4.67,,0.0
2001-09-22,69.82,34.07,3.11,4.28,6.41,,30.177026748657227
2001-09-23,101.61,55.26,5.72,7.57,9.43,,20.24740219116211
2001-09-24,70.73,69.91,4.1,6.26,4.98,,33.05325698852539
2001-09-25,32.59,34.69,4.55,5.16,4.12,,15.815803527832031
2001-09-26,28.07,41.28,3.64,3.53,3.81,,7.416236877441406
2001-09-27,36.99,34.29,3.18,3.34,5.4,,16.088653564453125
2001-09-28,34.04,27.54,3.09,3.2,4.57,,3.119767427444458
2001-09-29,34.88,20.12,2.89,4.72,3.8,,0.40006643533706665
2001-09-30,19.56,27.18,2.76,4.12,3.67,,12.877963066101074
2001-10-01,17.17,34.31,2.64,3.41,3.47,,0.0
2001-10-02,22.34,27.16,2.59,3.24,3.36,,2.7056071758270264
2001-10-03,26.59,32.21,2.5,3.6,3.75,,20.472402572631836
2001-10-04,15.51,20.78,2.46,5.58,3.35,,1.0560574531555176
2001-10-05,33.38,27.76,2.5,4.0,3.46,,24.743587493896484
2001-10-06,46.13,21.7,2.42,5.47,3.19,,14.996996879577637
2001-10-07,32.88,25.09,3.17,6.52,4.55,,31.18051528930664
2001-10-08,25.7,46.38,2.73,5.02,2.91,,0.0
2001-10-09,27.14,29.56,2.46,4.12,2.83,,7.3180084228515625
2001-10-10,64.05,35.6,2.51,4.2,3.33,,33.84111404418945
2001-10-11,53.42,22.5,2.56,4.2,2.82,,19.180761337280273
2001-10-12,36.29,27.49,2.42,3.52,2.73,,2.8577685356140137
2001-10-13,24.33,13.15,2.38,3.17,2.65,,15.369222640991211
2001-10-14,22.03,20.77,2.55,3.88,2.61,,22.031869888305664
2001-10-15,60.45,20.21,3.19,3.52,3.11,,15.18706226348877
2001-10-16,67.67,63.11,6.13,5.11,6.02,,31.117565155029297
2001-10-17,64.76,47.76,7.59,3.52,4.07,,0.9206180572509766
2001-10-18,43.46,33.13,3.65,3.24,3.89,,9.54420280456543
2001-10-19,59.89,26.49,3.1,3.3,3.99,,0.0
2001-10-20,37.99,35.7,2.73,3.01,3.53,,31.500019073486328
2001-10-21,126.52,51.05,3.33,5.62,3.45,,31.950225830078125
2001-10-22,131.11,63.46,8.53,6.21,5.88,,27.962711334228516
2001-10-23,58.47,54.09,8.06,5.84,4.84,,13.369878768920898
2001-10-24,80.01,63.35,5.41,5.14,4.11,,29.327550888061523
2001-10-25,35.52,33.67,3.14,3.76,3.46,,3.712275266647339
2001-10-26,36.62,29.55,2.7,3.52,6.78,,22.366024017333984
2001-10-27,35.93,27.12,2.67,3.56,5.15,,23.178768157958984
2001-10-28,36.4,20.37,3.09,3.2,4.39,,4.136112213134766
2001-10-29,46.73,57.31,3.08,3.41,5.5,,3.880235195159912
2001-10-30,73.43,63.17,4.13,5.59,7.16,,27.8001651763916
2001-10-31,64.88,74.33,4.78,4.93,7.45,,24.18729019165039
2001-11-01,52.73,82.89,23.74,5.94,20.58,,5.269474983215332
2001-11-02,37.75,66.67,23.6,4.0,15.92,,5.482443332672119
2001-11-03,27.42,50.15,12.64,3.84,7.75,,0.11497525870800018
2001-11-04,26.73,40.36,7.93,3.48,6.16,,0.0
2001-11-05,40.32,41.44,5.52,3.38,5.35,,0.0
2001-11-06,32.5,104.63,4.98,3.53,5.35,,11.980485916137695
2001-11-07,30.94,41.43,4.3,3.8,4.93,,1.8569705486297607
2001-11-08,50.52,33.59,3.59,3.68,4.45,,2.745262622833252
2001-11-09,33.13,28.08,3.72,3.53,4.45,,11.1431245803833
2001-11-10,29.62,45.7,3.4,3.48,4.2,,14.365788459777832
2001-11-11,62.1,33.9,3.4,4.6,4.05,,21.04684066772461
2001-11-12,46.78,45.33,5.04,3.92,4.49,,40.21782684326172
2001-11-13,31.99,35.1,4.89,3.38,6.25,,1.3808801174163818
2001-11-14,63.59,54.84,5.62,5.75,5.75,,36.674598693847656
2001-11-15,33.87,38.24,5.1,3.45,4.54,,0.0
2001-11-16,32.21,65.79,7.86,10.91,5.66,,17.94313621520996
2001-11-17,47.75,51.39,4.38,5.68,5.49,,23.0357723236084
2001-11-18,60.09,42.33,4.97,4.68,5.18,,21.233135223388672
2001-11-19,40.95,34.62,3.92,5.52,4.68,,4.342257499694824
2001-11-20,34.05,58.73,11.85,5.22,9.73,,16.7626895904541
2001-11-21,74.65,64.47,10.76,7.06,8.06,,29.134286880493164
2001-11-22,42.7,38.06,6.29,4.0,5.56,,3.074012041091919
2001-11-23,37.39,39.98,4.16,5.1,4.84,,0.0
2001-11-24,54.52,32.47,3.58,4.28,4.76,,0.16151867806911469
2001-11-25,33.1,27.41,5.21,4.44,4.64,,5.974327087402344
2001-11-26,35.63,27.65,5.51,3.72,5.91,,6.521096706390381
2001-11-27,24.44,62.35,6.33,3.38,5.75,,9.696669578552246
2001-11-28,52.55,52.58,7.63,6.04,7.53,,20.91391372680664
2001-11-29,25.09,34.64,7.48,3.92,5.33,,8.972548484802246
2001-11-30,24.5,35.6,6.22,3.41,5.08,,6.314646244049072
2001-12-01,33.54,36.31,7.15,3.38,5.75,,3.1908960342407227
2001-12-02,27.29,47.53,16.8,4.08,13.29,,0.0
2001-12-03,30.15,42.24,9.46,3.48,6.47,,0.0
2001-12-04,26.71,42.56,5.7,3.41,5.65,,0.0
2001-12-05,25.82,31.41,3.95,3.2,5.28,,0.0
2001-12-06,39.53,39.4,4.27,3.2,4.88,,0.0
2001-12-07,36.57,31.91,4.45,3.24,5.09,,14.768895149230957
2001-12-08,29.5,22.64,4.92,3.34,4.59,,17.567272186279297
2001-12-09,32.53,42.98,7.93,3.76,4.56,,28.745532989501953
2001-12-10,39.5,48.65,6.13,4.0,5.03,,3.499722957611084
2001-12-11,27.57,27.94,3.66,3.17,4.46,,8.750879287719727
2001-12-12,40.34,35.32,3.58,8.75,4.15,,3.8626556396484375
2001-12-13,11.32,33.2,4.37,4.12,4.5,,38.9461669921875
2001-12-14,35.74,26.24,6.73,3.24,4.16,,0.0
2001-12-15,23.49,28.7,7.78,3.24,4.14,,1.0174977779388428
2001-12-16,37.97,38.51,5.88,5.88,4.44,,4.955142021179199
2001-12-17,40.84,66.19,6.82,9.35,4.37,,17.791223526000977
2001-12-18,34.52,36.7,9.93,3.8,5.02,,4.297170639038086
2001-12-19,25.01,41.45,8.73,3.49,4.36,,30.526416778564453
2001-12-20,25.56,28.21,5.4,3.34,3.98,,4.697216510772705
2001-12-21,30.95,36.25,4.35,3.24,3.96,,21.233673095703125
2001-12-22,47.04,27.42,5.78,3.11,3.82,,6.015285968780518
2001-12-23,53.92,21.18,6.26,2.88,3.68,,3.526050567626953
2001-12-24,35.47,42.11,5.52,3.08,3.88,,22.91532325744629
2001-12-25,34.35,27.13,4.28,3.24,5.14,,4.972980499267578
2001-12-26,41.68,63.69,4.35,3.38,9.5,,14.916849136352539
2001-12-27,30.88,57.46,13.84,5.54,9.06,,30.667957305908203
2001-12-28,19.86,34.12,9.73,3.96,4.98,,0.0
2001-12-29,52.67,36.03,7.78,3.8,4.43,,11.287162780761719
2001-12-30,20.07,36.15,6.44,3.56,4.15,,0.22952504456043243
2001-12-31,28.15,21.93,6.35,3.92,4.07,,6.730677127838135
2002-01-01,21.31,25.47,4.7,2.4,3.93,,0.0
2002-01-02,32.67,20.71,4.28,2.35,3.9,,0.0
2002-01-03,30.62,14.23,4.63,2.32,3.79,,0.15818901360034943
2002-01-04,15.78,25.04,3.7,2.33,3.58,,0.0
2002-01-05,16.9,22.67,4.56,2.32,3.49,,0.0
2002-01-06,27.09,22.22,5.52,2.28,3.45,,0.0
2002-01-07,15.18,22.25,4.28,2.2,3.59,,0.995313823223114
2002-01-08,16.4,16.97,3.88,2.15,3.62,,0.6375511288642883
2002-01-09,26.66,22.1,4.4,2.13,3.5,,0.0
2002-01-10,19.31,18.11,4.35,2.07,3.32,,0.0
2002-01-11,15.97,23.65,4.28,2.05,3.21,,0.0
2002-01-12,9.75,19.96,4.63,2.15,3.21,,0.0
2002-01-13,0.52,32.64,4.0,2.38,3.27,,0.0
2002-01-14,68.17,58.16,4.35,2.2,3.38,,1.9580875635147095
2002-01-15,22.84,37.67,4.7,2.25,3.34,,0.0
2002-01-16,24.37,11.29,4.98,2.07,3.25,,0.0
2002-01-17,17.05,25.16,4.0,1.99,3.23,,3.0522167682647705
2002-01-18,26.52,13.45,3.4,1.96,3.14,,0.0
2002-01-19,19.24,18.6,4.05,1.98,3.12,,0.0
2002-01-20,18.37,22.29,4.0,1.95,3.06,,0.7384019494056702
2002-01-21,22.88,18.56,3.7,1.96,3.1,,0.0
2002-01-22,37.9,23.01,3.4,2.25,3.09,,38.44540023803711
2002-01-23,18.36,13.15,2.8,2.01,2.97,,0.0
2002-01-24,28.59,18.45,2.59,2.15,2.95,,9.749103546142578
2002-01-25,1.4,16.97,2.16,1.96,2.91,,0.9435678720474243
2002-01-26,16.18,43.1,4.0,1.98,3.15,,9.341562271118164
2002-01-27,19.39,31.74,2.8,2.1,2.97,,0.0
2002-01-28,87.42,16.21,3.7,1.96,2.95,,0.0
2002-01-29,24.46,8.43,4.56,1.94,2.93,,0.0
2002-01-30,16.72,28.32,4.35,2.8,2.89,,42.61952590942383
2002-01-31,26.88,16.99,4.35,1.96,2.91,,0.26590079069137573
2002-02-01,27.61,25.6,3.7,2.15,2.87,,18.74704933166504
2002-02-02,24.11,19.74,3.1,1.94,2.8,,0.0
2002-02-03,49.19,32.27,4.0,2.1,3.15,,18.73876953125
2002-02-04,14.25,15.43,4.56,1.94,3.2,,18.52910041809082
2002-02-05,30.07,18.41,4.35,1.95,3.02,,0.0
2002-02-06,22.29,23.6,2.8,1.92,2.97,,0.0
2002-02-07,41.93,21.89,4.0,1.95,3.7,,0.0
2002-02-08,21.73,33.74,5.05,2.15,4.81,,2.989100217819214
2002-02-09,25.8,23.9,5.05,2.15,5.45,,0.0
2002-02-10,22.93,42.12,4.0,2.13,3.58,,0.0
2002-02-11,15.64,21.53,3.4,1.92,3.27,,0.0
2002-02-12,15.77,16.89,2.8,1.9,3.1,,0.0
2002-02-13,15.49,15.31,3.4,1.92,3.03,,0.0
2002-02-14,29.27,10.86,4.35,1.9,3.11,,0.0
2002-02-15,17.76,18.78,4.7,1.9,2.98,,0.0
2002-02-16,10.24,13.5,3.7,2.53,2.98,,0.0
2002-02-17,15.13,31.51,5.05,1.89,2.91,,6.842541694641113
2002-02-18,17.52,18.63,3.7,1.91,2.81,,0.0
2002-02-19,12.87,18.29,3.4,1.95,2.81,,0.0
2002-02-20,12.53,16.59,3.75,1.98,2.86,,0.0
2002-02-21,19.0,15.94,4.35,1.91,2.72,,0.0
2002-02-22,28.23,74.55,3.7,5.32,3.03,,13.325592041015625
2002-02-23,32.78,32.03,3.4,6.3,3.66,,45.5508918762207
2002-02-24,18.77,15.81,2.8,2.2,3.47,,11.284278869628906
2002-02-25,17.92,15.97,4.7,1.91,3.4,,0.0
2002-02-26,8.5,20.41,4.7,1.91,3.32,,0.0
2002-02-27,21.43,21.23,3.7,2.05,3.25,,0.8084741830825806
2002-02-28,10.36,10.85,2.8,1.91,3.25,,0.10618676245212555
2002-03-01,5.6,20.18,2.98,1.91,3.25,,0.0
2002-03-02,13.75,15.27,3.1,1.89,3.17,,0.0
2002-03-03,17.27,27.89,3.4,2.05,3.1,,18.047039031982422
2002-03-04,9.77,10.59,2.8,1.91,3.1,,0.0
2002-03-05,17.08,22.42,3.1,1.9,3.1,,0.3018040060997009
2002-03-06,9.74,12.69,2.8,2.06,3.1,,0.11043635755777359
2002-03-07,5.46,9.81,2.8,2.06,3.1,,0.07176107913255692
2002-03-08,10.11,16.05,4.35,1.83,3.03,,4.941654205322266
2002-03-09,13.81,14.92,3.7,1.89,2.95,,0.0
2002-03-10,10.67,8.79,4.35,1.86,2.88,,0.0
2002-03-11,14.5,56.15,3.4,1.88,2.8,,0.0
2002-03-12,19.74,28.85,3.7,4.12,3.03,,25.055164337158203
2002-03-13,14.34,12.32,3.4,1.96,3.1,,0.0
2002-03-14,26.72,46.62,4.35,1.91,3.77,,21.63364028930664
2002-03-15,30.73,28.24,8.25,2.47,4.59,,26.125301361083984
2002-03-16,25.43,22.8,5.88,1.91,3.4,,6.438333988189697
2002-03-17,17.78,33.32,5.05,1.91,3.25,,21.07590103149414
2002-03-18,19.03,19.42,4.28,1.88,3.25,,10.711661338806152
2002-03-19,32.56,33.9,5.88,1.88,4.1,,26.475421905517578
2002-03-20,22.28,49.0,6.07,1.95,4.81,,6.561400413513184
2002-03-21,75.73,48.21,6.73,4.26,5.19,,3.836892604827881
2002-03-22,17.51,24.04,5.88,2.28,4.1,,0.67017662525177
2002-03-23,34.62,28.8,8.25,1.91,5.64,,15.000994682312012
2002-03-24,24.35,57.89,7.11,1.89,4.32,,6.201399803161621
2002-03-25,57.84,28.92,7.49,2.67,3.66,,25.300617218017578
2002-03-26,19.51,19.77,5.78,1.88,4.32,,0.14370188117027283
2002-03-27,64.86,52.3,5.4,1.86,3.4,,43.8262825012207
2002-03-28,23.25,28.18,5.88,1.91,3.4,,15.529680252075195
2002-03-29,28.48,27.42,7.49,2.1,3.47,,3.0661065578460693
2002-03-30,21.36,21.31,8.25,2.28,3.4,,0.0
2002-03-31,25.0,23.44,5.4,1.91,3.17,,0.0
2002-04-01,24.16,29.23,4.35,1.91,2.95,,4.574403762817383
2002-04-02,32.71,45.65,7.77,5.96,3.32,,20.820505142211914
2002-04-03,28.55,10.32,5.05,2.3,3.25,,3.6881155967712402
2002-04-04,21.46,16.25,4.0,2.5,3.22,,18.648189544677734
2002-04-05,23.05,46.25,3.22,3.05,3.23,,20.3585262298584
2002-04-06,15.47,22.87,4.0,3.52,3.2,,15.590963363647461
2002-04-07,17.0,16.94,4.7,2.03,3.78,,15.687417984008789
2002-04-08,21.58,10.13,4.7,2.2,4.7,,0.6222010850906372
2002-04-09,29.92,38.17,4.35,2.78,5.73,,14.352190017700195
2002-04-10,28.7,42.93,4.35,2.75,8.32,,14.850390434265137
2002-04-11,31.13,45.27,3.24,2.72,6.93,,13.426155090332031
2002-04-12,35.59,40.39,2.99,4.02,7.29,,3.604038953781128
2002-04-13,54.87,85.71,12.02,14.16,16.05,,46.3873405456543
2002-04-14,40.93,74.04,7.4,4.2,14.62,,2.3308427333831787
2002-04-15,33.36,49.35,5.94,4.02,9.69,,10.590494155883789
2002-04-16,56.21,114.34,3.77,2.53,6.98,,18.882308959960938
2002-04-17,61.95,59.08,3.26,2.45,6.16,,21.484115600585938
2002-04-18,68.68,53.06,2.86,2.35,5.33,,31.9464168548584
2002-04-19,40.72,46.98,2.71,3.22,7.01,,18.335445404052734
2002-04-20,42.02,35.29,3.4,2.65,10.66,,6.497929573059082
2002-04-21,92.73,69.98,9.7,8.72,9.95,,18.642322540283203
2002-04-22,23.27,40.51,10.14,2.3,6.92,,0.0
2002-04-23,30.8,59.16,12.4,2.85,7.0,,4.731657981872559
2002-04-24,26.92,55.92,9.67,2.5,7.45,,14.988354682922363
2002-04-25,63.44,76.74,28.85,7.26,23.94,,31.599761962890625
2002-04-26,28.5,105.24,22.35,3.02,15.48,,1.2435352802276611
2002-04-27,31.17,90.77,22.48,15.3,21.37,,13.673993110656738
2002-04-28,30.44,83.32,20.44,4.25,16.8,,12.053553581237793
2002-04-29,24.29,71.53,16.88,3.48,10.8,,1.095538854598999
2002-04-30,35.13,51.01,11.05,6.91,7.57,,29.109350204467773
2002-05-01,21.81,42.14,10.15,2.75,6.7,,0.5542283654212952
2002-05-02,22.83,43.27,6.73,2.94,6.11,,19.337566375732422
2002-05-03,17.01,43.22,6.44,2.6,5.62,,6.558534145355225
2002-05-04,15.19,51.08,5.32,5.91,6.22,,8.489398002624512
2002-05-05,20.25,24.83,3.98,2.65,4.94,,0.3012913763523102
2002-05-06,19.22,26.47,3.58,2.42,4.49,,0.0
2002-05-07,26.12,45.61,3.4,2.47,4.69,,12.358285903930664
2002-05-08,19.12,14.86,3.57,2.33,4.54,,10.413302421569824
2002-05-09,16.32,24.23,3.34,2.5,5.6,,0.0
2002-05-10,10.98,25.98,3.1,2.2,6.7,,10.897653579711914
2002-05-11,8.46,29.38,2.92,8.66,6.88,,14.99573040008545
2002-05-12,9.74,16.7,2.71,2.33,6.35,,0.0
2002-05-13,17.47,18.16,2.63,1.94,6.14,,2.9993276596069336
2002-05-14,8.0,25.66,2.63,1.86,6.07,,5.40737247467041
2002-05-15,10.54,14.66,2.68,1.86,6.07,,4.995826244354248
2002-05-16,20.93,66.53,6.86,10.27,6.14,,19.19729232788086
2002-05-17,15.36,77.01,4.1,2.65,4.41,,12.520868301391602
2002-05-18,38.87,51.39,5.83,8.64,7.36,,30.75250816345215
2002-05-19,12.17,36.96,5.17,3.13,4.55,,15.802469253540039
2002-05-20,22.59,38.69,4.43,3.13,4.44,,6.629094123840332
2002-05-21,24.95,32.7,5.0,4.93,4.36,,16.413494110107422
2002-05-22,19.19,38.34,5.44,2.68,4.86,,16.01070785522461
2002-05-23,32.87,36.39,8.72,2.7,4.88,,1.1057932376861572
2002-05-24,22.21,35.57,7.79,2.53,4.16,,12.266240119934082
2002-05-25,22.06,77.6,22.26,4.2,12.77,,33.07229232788086
2002-05-26,67.32,132.12,27.11,5.84,13.39,,22.398128509521484
2002-05-27,72.99,96.79,15.51,3.62,12.4,,11.769270896911621
2002-05-28,36.68,90.27,15.76,9.66,14.04,,12.10037899017334
2002-05-29,31.99,64.55,11.91,4.35,7.95,,21.21686553955078
2002-05-30,39.41,81.25,13.13,9.13,9.27,,13.713648796081543
2002-05-31,22.89,55.44,11.21,4.97,7.75,,7.142850399017334
2002-06-01,20.06,48.36,8.44,3.13,5.94,,0.0
2002-06-02,76.38,111.72,15.74,18.15,13.87,,31.262542724609375
2002-06-03,23.28,62.51,10.44,4.9,8.31,,18.017169952392578
2002-06-04,20.77,55.43,8.71,2.93,7.15,,20.00543212890625
2002-06-05,53.43,70.74,10.19,2.96,8.13,,3.908470869064331
2002-06-06,54.08,76.74,17.76,6.48,16.41,,22.733501434326172
2002-06-07,81.4,135.32,13.01,8.27,12.77,,18.169301986694336
2002-06-08,63.06,69.72,10.98,5.98,9.17,,0.5433719754219055
2002-06-09,60.52,69.52,14.44,7.17,10.4,,29.664234161376953
2002-06-10,67.72,67.67,10.99,4.66,7.81,,3.6721978187561035
2002-06-11,78.65,59.92,11.59,6.22,11.51,,13.183341979980469
2002-06-12,29.61,62.73,9.24,3.68,7.97,,9.114665031433105
2002-06-13,44.41,59.72,8.65,5.23,7.93,,2.6298828125
2002-06-14,24.92,35.7,6.33,3.32,6.51,,0.4934547543525696
2002-06-15,22.63,42.43,4.28,3.22,6.0,,7.620765686035156
2002-06-16,17.39,27.12,3.64,3.48,5.53,,3.6217823028564453
2002-06-17,18.7,27.91,3.34,2.99,5.12,,1.919458031654358
2002-06-18,19.73,35.06,3.16,3.4,4.85,,3.0220515727996826
2002-06-19,23.59,22.18,3.04,2.78,4.72,,0.0
2002-06-20,28.55,22.19,2.92,2.75,4.46,,0.0
2002-06-21,27.16,21.69,2.71,2.58,4.16,,0.0
2002-06-22,20.09,21.19,2.54,2.57,4.16,,0.0
2002-06-23,15.11,26.86,2.5,2.68,3.99,,0.0
2002-06-24,15.57,15.19,2.42,2.53,3.88,,0.020356744527816772
2002-06-25,16.63,28.28,2.46,2.58,3.77,,0.0
2002-06-26,18.32,14.13,2.33,2.43,3.71,,0.0
2002-06-27,12.71,22.86,2.33,2.45,3.66,,0.22627320885658264
2002-06-28,8.74,48.29,2.29,2.47,3.64,,0.0
2002-06-29,22.82,58.88,3.46,2.53,3.88,,1.6859174966812134
2002-06-30,18.14,58.49,3.55,2.43,4.23,,13.474336624145508
2002-07-01,13.94,65.58,2.5,2.43,3.69,,0.0
2002-07-02,19.62,9.6,2.33,2.35,3.63,,0.0
2002-07-03,15.1,14.27,2.25,2.38,3.44,,0.0
2002-07-04,9.24,23.79,2.24,2.35,3.48,,0.15818063914775848
2002-07-05,34.41,45.7,3.56,2.53,4.53,,28.605785369873047
2002-07-06,47.02,54.73,6.33,11.99,6.75,,11.353830337524414
2002-07-07,34.09,28.46,3.71,2.7,4.56,,1.960683822631836
2002-07-08,9.38,22.25,2.81,2.53,3.77,,0.0
2002-07-09,22.99,22.13,2.54,2.38,3.55,,0.0
2002-07-10,16.73,6.95,2.49,2.43,3.47,,2.8638298511505127
2002-07-11,11.12,24.47,2.41,2.28,3.4,,2.2289509773254395
2002-07-12,18.33,12.98,2.29,2.3,3.32,,5.728821754455566
2002-07-13,12.7,16.41,2.29,2.25,3.21,,0.0
2002-07-14,11.61,16.09,2.16,2.2,3.1,,5.593753814697266
2002-07-15,15.55,22.7,2.13,2.15,3.1,,5.358323574066162
2002-07-16,19.23,77.17,2.46,2.22,3.41,,14.99418830871582
2002-07-17,19.5,43.38,2.51,3.02,3.77,,16.305784225463867
2002-07-18,18.42,42.31,2.97,5.88,5.05,,30.99459457397461
2002-07-19,15.48,35.17,2.5,2.99,3.98,,0.6525048017501831
2002-07-20,19.64,63.39,2.46,3.56,3.89,,19.987123489379883
2002-07-21,46.31,111.06,3.49,5.94,5.7,,16.458454132080078
2002-07-22,19.01,37.51,2.71,2.38,4.27,,12.39879322052002
2002-07-23,18.35,70.72,2.47,3.65,3.98,,1.5565886497497559
2002-07-24,48.14,91.48,4.42,8.64,6.91,,30.105106353759766
2002-07-25,45.65,52.54,6.9,2.72,7.2,,14.7321195602417
2002-07-26,23.63,33.19,3.52,2.43,4.34,,0.32084107398986816
2002-07-27,8.63,27.16,2.81,2.53,3.99,,0.0
2002-07-28,10.11,21.54,2.63,2.65,3.85,,2.4226555824279785
2002-07-29,9.96,18.27,2.42,2.35,3.76,,0.0
2002-07-30,9.09,25.65,2.29,2.22,3.64,,0.3618364930152893
2002-07-31,18.26,23.21,2.21,2.22,3.72,,6.701709747314453
2002-08-01,10.4,21.69,2.31,2.25,3.74,,0.0
2002-08-02,20.62,24.15,2.21,2.03,3.5,,0.0
2002-08-03,12.12,13.11,2.2,2.15,3.45,,6.491686820983887
2002-08-04,10.3,18.79,2.12,2.53,3.38,,6.200134754180908
2002-08-05,16.11,41.75,2.53,2.22,4.77,,16.089794158935547
2002-08-06,16.24,16.18,2.47,2.03,3.72,,0.0
2002-08-07,17.25,19.6,2.12,2.15,3.5,,14.090764999389648
2002-08-08,11.84,18.43,2.12,2.03,3.42,,0.0
2002-08-09,50.49,57.99,2.75,14.63,8.49,,27.87448501586914
2002-08-10,19.62,19.9,2.37,2.55,4.33,,0.0
2002-08-11,24.01,13.55,2.29,2.15,3.71,,0.0
2002-08-12,17.51,17.64,2.02,2.05,3.49,,0.0
2002-08-13,20.9,17.43,1.95,2.0,3.44,,0.0
2002-08-14,13.79,16.55,1.95,1.95,3.36,,2.5722720623016357
2002-08-15,13.63,9.32,1.96,1.96,3.3,,0.0
2002-08-16,10.49,10.61,1.96,1.94,3.23,,0.0
2002-08-17,8.1,14.68,1.97,1.92,3.17,,0.0
2002-08-18,17.13,13.05,1.78,1.92,3.16,,0.0
2002-08-19,7.59,13.45,1.78,1.92,3.15,,4.450598239898682
2002-08-20,15.59,27.89,1.78,1.94,3.23,,7.638429164886475
2002-08-21,13.42,9.4,1.78,2.0,3.21,,11.100400924682617
2002-08-22,10.28,21.41,1.84,2.45,3.13,,8.362165451049805
2002-08-23,11.45,19.17,1.84,2.07,3.1,,18.13460350036621
2002-08-24,5.83,17.67,2.0,1.99,3.27,,1.145744800567627
2002-08-25,14.54,12.94,1.84,2.1,3.13,,12.152304649353027
2002-08-26,34.49,24.16,2.11,3.09,3.57,,32.47465133666992
2002-08-27,32.53,11.98,2.54,8.56,4.33,,22.254018783569336
2002-08-28,23.61,57.82,2.17,2.55,3.44,,2.6028974056243896
2002-08-29,70.95,58.49,2.17,2.5,5.83,,26.570144653320312
2002-08-30,12.26,21.26,1.96,2.47,3.8,,0.0
2002-08-31,42.59,59.85,2.28,2.43,5.2,,13.959684371948242
2002-09-01,42.8,23.51,2.32,2.5,3.99,,5.292002201080322
2002-09-02,39.19,49.76,3.18,12.62,5.0,,23.239761352539062
2002-09-03,8.61,57.43,2.38,8.23,4.04,,1.2755577564239502
2002-09-04,31.04,55.79,2.16,6.78,3.76,,8.15007495880127
2002-09-05,36.31,36.1,2.08,3.68,3.49,,26.95751953125
2002-09-06,24.82,26.43,2.16,3.77,3.38,,0.08791344612836838
2002-09-07,30.91,29.68,2.33,3.36,3.61,,21.1607608795166
2002-09-08,15.81,16.71,1.93,3.01,3.24,,0.0691540390253067
2002-09-09,14.99,19.92,1.84,3.03,3.17,,6.256650447845459
2002-09-10,20.58,25.95,1.84,2.94,3.16,,20.077770233154297
2002-09-11,52.41,27.78,1.84,7.79,3.3,,36.006256103515625
2002-09-12,17.96,16.13,1.73,2.95,3.12,,0.0
2002-09-13,34.73,54.05,1.73,3.54,3.02,,2.835110664367676
2002-09-14,31.49,47.57,1.76,4.17,3.12,,19.241485595703125
2002-09-15,101.91,54.7,2.96,6.11,5.85,,24.67166519165039
2002-09-16,86.75,45.35,2.25,10.2,4.42,,11.75596809387207
2002-09-17,51.29,26.79,2.04,3.42,3.51,,15.026437759399414
2002-09-18,44.46,47.52,2.15,3.91,3.94,,10.221678733825684
2002-09-19,55.09,47.66,2.27,5.35,5.49,,18.287921905517578
2002-09-20,29.1,26.48,1.93,3.33,2.85,,9.143542289733887
2002-09-21,30.19,19.44,1.78,3.19,2.67,,3.2266571521759033
2002-09-22,23.56,19.12,1.7,2.91,2.5,,0.0
2002-09-23,29.69,24.52,1.9,3.09,2.52,,13.430819511413574
2002-09-24,15.2,20.72,1.68,2.91,2.46,,8.161456108093262
2002-09-25,24.5,41.07,2.01,3.05,2.79,,21.34561538696289
2002-09-26,23.13,29.34,1.99,3.73,6.57,,14.690834045410156
2002-09-27,17.59,43.29,1.78,3.21,7.18,,1.2365127801895142
2002-09-28,75.21,69.75,5.94,7.35,10.43,,26.5140438079834
2002-09-29,20.31,43.08,2.76,3.2,3.96,,2.7831315994262695
2002-09-30,33.66,31.51,2.0,2.9,3.29,,18.080059051513672
2002-10-01,30.35,21.85,1.87,3.38,3.02,,19.860553741455078
2002-10-02,23.91,19.43,1.84,2.93,2.86,,0.0
2002-10-03,32.59,26.37,1.86,6.59,2.72,,16.48110008239746
2002-10-04,19.02,14.95,1.62,2.85,2.67,,1.08643639087677
2002-10-05,21.52,61.96,1.63,2.77,2.51,,0.0
2002-10-06,24.8,37.31,1.79,3.02,2.76,,21.79425621032715
2002-10-07,44.93,7.02,1.71,14.62,2.59,,21.47781753540039
2002-10-08,40.34,26.25,1.88,3.14,2.6,,14.790804862976074
2002-10-09,27.43,25.37,1.73,3.53,2.65,,0.5495808720588684
2002-10-10,18.06,22.94,1.68,2.93,2.66,,4.960046291351318
2002-10-11,40.5,16.95,1.8,3.91,3.01,,12.200909614562988
2002-10-12,15.05,19.49,1.78,3.05,2.77,,0.6729758977890015
2002-10-13,20.67,17.01,1.7,2.73,2.54,,0.0
2002-10-14,22.46,20.33,1.59,2.67,2.44,,0.0
2002-10-15,20.27,27.63,1.59,2.68,2.41,,9.733586311340332
2002-10-16,23.13,24.27,1.54,2.68,2.44,,5.72583532333374
2002-10-17,51.55,64.49,1.73,2.71,2.65,,18.767467498779297
2002-10-18,45.35,32.7,2.27,4.48,3.67,,24.06154441833496
2002-10-19,66.93,25.68,1.78,3.13,2.68,,26.902828216552734
2002-10-20,41.58,34.77,2.34,3.94,2.77,,7.333009243011475
2002-10-21,31.12,29.3,2.58,3.95,3.85,,23.927303314208984
2002-10-22,22.01,22.72,2.21,3.17,3.89,,8.53906536102295
2002-10-23,41.8,36.53,2.1,3.43,3.3,,1.1762070655822754
2002-10-24,62.69,36.54,4.06,5.95,5.4,,34.47036361694336
2002-10-25,36.29,75.37,4.68,6.31,7.35,,17.15153694152832
2002-10-26,36.11,43.44,10.84,4.85,7.07,,3.934931993484497
2002-10-27,47.65,97.26,11.27,8.91,10.87,,37.171836853027344
2002-10-28,44.35,77.53,12.05,7.07,9.23,,10.764543533325195
2002-10-29,111.37,76.4,13.44,4.68,7.57,,20.896881103515625
2002-10-30,47.01,76.49,16.31,5.77,12.54,,33.262664794921875
2002-10-31,40.56,50.57,15.2,3.86,7.4,,0.3823530673980713
2002-11-01,36.97,69.41,9.05,3.6,5.25,,10.05551815032959
2002-11-02,39.22,41.28,7.2,3.8,6.52,,23.097097396850586
2002-11-03,29.24,48.29,6.48,6.86,5.45,,17.30923843383789
2002-11-04,26.57,76.51,6.48,12.06,7.36,,6.100977897644043
2002-11-05,29.67,41.98,5.68,19.45,6.96,,30.0526123046875
2002-11-06,27.92,41.29,5.98,4.67,6.96,,6.482086181640625
2002-11-07,47.78,90.92,6.38,6.05,8.92,,23.070409774780273
2002-11-08,44.89,97.16,15.83,9.96,19.09,,41.100059509277344
2002-11-09,24.69,78.22,16.13,5.54,11.66,,2.5048046112060547
2002-11-10,29.38,48.29,10.94,4.44,7.22,,6.038050651550293
2002-11-11,25.43,49.78,7.4,6.85,5.59,,3.505100965499878
2002-11-12,25.4,41.24,5.6,3.9,4.57,,0.7386733293533325
2002-11-13,46.04,41.89,6.1,4.8,4.82,,30.051925659179688
2002-11-14,17.89,33.61,4.77,3.76,4.29,,3.931170701980591
2002-11-15,17.14,32.7,4.87,3.32,3.95,,0.7799295783042908
2002-11-16,21.97,29.99,4.61,3.12,3.64,,10.828317642211914
2002-11-17,19.07,34.0,4.28,3.01,3.49,,10.329923629760742
2002-11-18,34.56,36.62,3.28,3.19,3.56,,0.0
2002-11-19,30.6,33.85,2.58,3.17,3.54,,0.0
2002-11-20,21.21,16.98,2.69,3.08,3.32,,0.0
2002-11-21,28.88,24.96,2.46,3.08,3.14,,10.972333908081055
2002-11-22,15.62,20.08,2.41,2.9,3.04,,0.0
2002-11-23,17.35,23.56,4.56,2.8,2.74,,0.0
2002-11-24,29.44,61.18,4.35,3.37,2.79,,0.9265719652175903
2002-11-25,29.1,17.96,4.0,3.42,2.79,,0.697325587272644
2002-11-26,29.81,17.81,4.35,3.29,2.74,,2.595162868499756
2002-11-27,55.44,27.27,3.4,3.05,2.74,,6.927367210388184
2002-11-28,39.71,36.0,4.56,3.21,2.99,,10.091196060180664
2002-11-29,20.93,27.12,4.0,2.85,2.88,,20.13350486755371
2002-11-30,21.82,27.53,5.52,2.78,2.96,,0.0
2002-12-01,41.5,25.86,4.0,2.75,2.84,,7.847371578216553
2002-12-02,27.37,14.27,3.28,2.75,2.79,,0.0
2002-12-03,25.63,26.2,2.8,3.33,2.65,,12.704983711242676
2002-12-04,27.05,12.64,3.4,2.88,2.69,,5.100007057189941
2002-12-05,23.97,26.53,4.49,2.99,2.73,,19.003528594970703
2002-12-06,36.19,32.41,4.98,3.04,3.24,,10.037203788757324
2002-12-07,22.76,22.3,4.0,2.82,2.95,,5.966068267822266
2002-12-08,40.62,30.19,4.7,3.76,2.8,,5.041433811187744
2002-12-09,25.84,25.21,5.59,3.33,2.8,,13.160348892211914
2002-12-10,26.19,33.68,4.35,2.8,2.95,,0.9134356379508972
2002-12-11,22.99,23.97,4.28,2.75,3.03,,0.0
2002-12-12,24.23,21.0,3.98,2.75,3.1,,0.0
2002-12-13,17.91,19.21,3.1,2.73,3.1,,3.3141753673553467
2002-12-14,28.76,44.14,3.4,2.91,2.95,,9.181927680969238
2002-12-15,84.36,57.6,6.3,2.85,3.59,,44.75321578979492
2002-12-16,25.76,47.25,12.38,3.58,3.99,,0.10488730669021606
2002-12-17,39.08,36.54,11.3,2.85,4.57,,19.389925003051758
2002-12-18,30.51,42.61,10.77,2.75,7.77,,20.944677352905273
2002-12-19,16.23,34.03,10.04,3.58,5.6,,6.524364471435547
2002-12-20,41.66,31.66,8.73,2.8,4.43,,7.270898342132568
2002-12-21,34.88,22.38,9.01,2.8,3.99,,17.568021774291992
2002-12-22,36.82,27.05,7.3,3.37,3.77,,0.0
2002-12-23,15.08,27.43,5.88,2.74,3.55,,0.9301946759223938
2002-12-24,14.93,26.97,4.63,2.7,3.55,,0.0
2002-12-25,12.64,15.72,4.28,2.68,3.55,,0.0
2002-12-26,27.13,27.25,4.63,2.65,3.4,,0.2871228754520416
2002-12-27,19.06,35.94,4.0,2.76,3.4,,0.0
2002-12-28,23.43,23.18,4.02,2.74,3.25,,0.5465645790100098
2002-12-29,27.65,21.33,3.4,2.92,3.25,,18.23676300048828
2002-12-30,21.29,16.9,2.8,2.69,3.25,,2.4595422744750977
2002-12-31,18.42,21.18,2.8,2.65,3.17,,0.0
2003-01-01,7.79,13.96,3.7,2.65,3.1,,0.0
2003-01-02,14.62,15.84,3.1,2.65,3.1,,0.0
2003-01-03,15.94,13.47,2.8,2.63,3.1,,11.067533493041992
2003-01-04,11.1,14.73,3.4,2.6,3.1,,0.05146242305636406
2003-01-05,18.95,14.12,3.28,2.6,2.95,,3.50823712348938
2003-01-06,20.46,20.78,2.63,2.6,2.95,,2.5530669689178467
2003-01-07,19.19,14.62,2.8,2.58,2.95,,0.0
2003-01-08,19.29,10.94,2.8,2.55,2.95,,0.0
2003-01-09,11.1,14.02,3.28,2.55,2.95,,3.015754222869873
2003-01-10,12.56,9.94,2.59,2.55,2.95,,0.0
2003-01-11,9.29,21.6,2.16,2.53,2.95,,0.0
2003-01-12,11.26,14.69,2.63,2.43,2.95,,0.09111398458480835
2003-01-13,17.25,15.51,1.95,2.4,2.95,,0.1626598834991455
2003-01-14,16.17,15.52,1.95,2.51,2.95,,0.3765409588813782
2003-01-15,15.59,17.58,1.67,2.6,2.95,,2.5399556159973145
2003-01-16,16.91,16.49,1.95,2.43,2.95,,2.9346883296966553
2003-01-17,9.53,11.01,1.4,2.47,2.95,,0.0
2003-01-18,12.62,20.93,1.54,2.56,2.95,,0.0
2003-01-19,16.61,11.56,1.95,2.55,2.88,,1.0151915550231934
2003-01-20,12.75,19.56,1.67,2.53,2.8,,4.6441330909729
2003-01-21,11.43,12.29,1.81,2.38,2.8,,0.0
2003-01-22,13.14,13.73,1.4,2.4,2.8,,0.0
2003-01-23,11.6,11.05,1.4,2.33,2.88,,1.0082060098648071
2003-01-24,16.6,11.45,1.67,2.45,2.88,,1.944027304649353
2003-01-25,14.44,13.25,1.67,2.4,2.95,,0.0
2003-01-26,14.18,10.6,1.4,2.45,2.95,,0.0
2003-01-27,6.62,13.52,1.51,2.45,2.95,,1.0467987060546875
2003-01-28,10.57,22.69,1.45,2.5,2.95,,0.0
2003-01-29,5.22,7.27,1.51,2.5,2.88,,3.938642978668213
2003-01-30,11.39,18.6,1.4,2.47,2.8,,0.0
2003-01-31,8.44,20.66,1.45,2.53,2.8,,3.7492458820343018
2003-02-01,11.06,20.13,1.62,2.5,2.95,,0.0
2003-02-02,8.73,11.25,1.54,2.45,2.95,,0.0
2003-02-03,12.56,14.51,1.62,2.43,2.95,,0.0
2003-02-04,9.4,10.6,1.62,2.48,2.88,,0.0
2003-02-05,10.8,17.63,1.4,2.43,2.8,,0.0
2003-02-06,22.3,43.75,1.57,3.39,3.88,,1.403302550315857
2003-02-07,16.12,12.03,1.54,2.7,3.4,,0.0
2003-02-08,19.89,50.77,1.48,4.43,4.21,,48.103004455566406
2003-02-09,16.95,21.05,1.95,3.15,3.55,,1.7583364248275757
2003-02-10,37.87,17.95,2.25,2.69,3.4,,9.481901168823242
2003-02-11,22.99,17.51,1.95,2.55,3.17,,0.7656040191650391
2003-02-12,22.78,24.72,1.51,2.55,3.1,,4.2392120361328125
2003-02-13,22.71,22.84,1.1,2.38,3.1,,0.5408526062965393
2003-02-14,20.78,30.76,1.51,2.45,3.1,,10.935564994812012
2003-02-15,15.83,21.6,1.45,2.38,3.25,,13.194892883300781
2003-02-16,13.84,6.64,1.18,2.43,3.25,,0.2834036350250244
2003-02-17,33.09,27.13,1.0,2.47,3.55,,3.5413742065429688
2003-02-18,30.64,21.72,1.36,3.46,3.25,,18.029747009277344
2003-02-19,10.26,20.34,1.18,2.66,3.55,,1.9600226879119873
2003-02-20,12.48,16.48,1.48,2.48,3.77,,5.726354598999023
2003-02-21,10.53,14.85,1.16,2.33,3.47,,0.0
2003-02-22,11.62,10.99,1.08,2.4,3.4,,0.0
2003-02-23,11.69,16.86,1.08,2.38,3.4,,0.0
2003-02-24,14.24,13.98,1.4,2.53,3.4,,1.406781554222107
2003-02-25,11.26,24.47,1.62,2.48,3.4,,0.0
2003-02-26,8.78,36.34,1.4,2.61,3.99,,15.499239921569824
2003-02-27,5.15,16.11,1.67,2.6,3.4,,0.09354354441165924
2003-02-28,15.23,14.34,2.16,2.45,3.47,,0.2923673093318939
2003-03-01,14.64,18.88,1.61,2.22,3.14,,0.0
2003-03-02,25.57,11.43,1.51,2.25,2.92,,0.0
2003-03-03,14.27,17.12,1.55,2.2,3.04,,5.53079080581665
2003-03-04,12.96,10.7,1.51,2.25,2.94,,0.0
2003-03-05,23.21,10.25,1.45,2.25,2.88,,0.0
2003-03-06,9.04,14.06,1.43,2.28,2.85,,0.0
2003-03-07,12.65,15.7,1.34,2.25,2.81,,0.0
2003-03-08,9.36,12.66,1.38,2.3,2.81,,0.0
2003-03-09,7.65,11.51,1.34,2.3,2.84,,0.5327432751655579
2003-03-10,14.27,15.53,1.32,2.35,2.78,,2.888540506362915
2003-03-11,12.79,9.75,1.29,2.35,2.77,,1.409252405166626
2003-03-12,21.11,13.95,1.29,2.4,2.75,,0.0
2003-03-13,37.66,25.95,1.3,2.4,2.72,,9.846392631530762
2003-03-14,27.66,13.46,2.14,2.48,3.6,,33.360294342041016
2003-03-15,21.63,22.15,2.22,2.53,4.34,,11.825704574584961
2003-03-16,15.25,17.89,2.16,2.48,3.84,,1.1259690523147583
2003-03-17,31.35,26.76,3.87,2.81,4.77,,0.0
2003-03-18,29.49,38.56,3.34,3.27,7.07,,25.31884765625
2003-03-19,24.25,51.86,6.87,3.44,16.22,,30.85024070739746
2003-03-20,34.43,51.69,3.62,8.13,6.48,,6.112969398498535
2003-03-21,39.26,58.85,3.85,5.53,7.39,,5.669836521148682
2003-03-22,29.11,38.21,3.27,3.74,6.86,,24.816476821899414
2003-03-23,15.46,24.0,2.48,3.23,4.34,,0.23345085978507996
2003-03-24,19.44,24.02,2.65,2.86,3.83,,1.0492509603500366
2003-03-25,17.88,28.41,12.57,2.87,3.92,,0.7611284255981445
2003-03-26,32.12,44.48,14.5,3.03,5.74,,3.899064540863037
2003-03-27,54.52,39.73,10.57,3.57,5.39,,2.8457894325256348
2003-03-28,20.98,31.88,9.73,2.93,4.86,,7.253391265869141
2003-03-29,27.84,58.61,8.53,2.78,3.66,,8.941253662109375
2003-03-30,20.82,49.46,7.68,3.08,3.34,,24.650615692138672
2003-03-31,15.37,30.25,6.73,3.07,3.47,,6.663453578948975
2003-04-01,19.29,28.82,5.26,2.78,3.1,,0.0
2003-04-02,25.1,19.0,5.88,2.73,2.91,,0.0
2003-04-03,12.75,17.62,4.28,2.7,2.91,,0.0
2003-04-04,46.36,22.91,3.88,3.62,2.88,,29.596837997436523
2003-04-05,19.88,22.4,4.35,2.75,2.8,,1.223266839981079
2003-04-06,28.59,33.46,4.49,2.7,2.77,,8.239921569824219
2003-04-07,21.34,20.68,4.28,2.7,2.69,,0.0
2003-04-08,21.63,24.43,3.58,2.71,2.69,,16.902812957763672
2003-04-09,36.03,33.33,4.35,6.49,3.43,,14.336642265319824
2003-04-10,30.74,29.59,4.63,3.14,4.41,,5.715899467468262
2003-04-11,29.12,40.85,4.21,2.83,3.1,,19.687938690185547
2003-04-12,87.2,62.12,5.78,6.61,3.52,,42.48349380493164
2003-04-13,98.39,92.94,7.3,4.46,4.81,,9.046216011047363
2003-04-14,64.89,81.84,14.5,13.44,12.81,,23.32240867614746
2003-04-15,91.7,116.99,17.14,11.03,9.47,,46.295162200927734
2003-04-16,37.5,70.99,18.67,4.93,7.88,,11.026342391967773
2003-04-17,29.5,44.6,18.42,5.84,6.14,,21.884321212768555
2003-04-18,33.63,55.61,16.59,3.92,6.42,,0.0
2003-04-19,36.69,80.39,15.49,7.88,5.6,,27.234622955322266
2003-04-20,26.97,46.98,12.35,4.12,5.46,,0.3393619954586029
2003-04-21,85.72,59.68,8.57,3.39,4.92,,24.90958023071289
2003-04-22,33.446,44.58,6.54,4.46,5.6,,5.447120666503906
2003-04-23,38.92,46.46,7.68,6.53,5.86,,3.27500581741333
2003-04-24,34.99,40.52,7.2,5.33,6.14,,14.766700744628906
2003-04-25,38.765,40.97,8.06,4.35,5.32,,19.752735137939453
2003-04-26,40.04,44.82,6.82,4.0,5.19,,11.299344062805176
2003-04-27,60.41,33.48,5.78,3.86,5.6,,16.628305435180664
2003-04-28,29.9,33.95,7.78,3.78,6.01,,12.035951614379883
2003-04-29,78.83,62.04,10.06,6.77,5.6,,18.450489044189453
2003-04-30,28.68,28.88,7.68,4.44,5.19,,3.2174010276794434
2003-05-01,13.38,28.61,9.01,3.67,4.78,,3.417367458343506
2003-05-02,26.21,23.35,7.78,3.44,4.54,,14.666379928588867
2003-05-03,30.76,28.07,8.44,3.98,4.43,,11.709412574768066
2003-05-04,26.62,36.7,8.25,4.62,4.81,,6.692368984222412
2003-05-05,54.57,30.0,9.04,3.74,4.54,,13.395376205444336
2003-05-06,34.12,36.09,6.35,4.7,4.43,,28.95831871032715
2003-05-07,67.9,58.38,5.26,4.53,5.06,,18.5186824798584
2003-05-08,57.94,51.77,4.63,4.92,4.54,,24.75133514404297
2003-05-09,30.18,57.01,5.88,10.65,8.23,,17.74367904663086
2003-05-10,39.22,52.13,8.73,9.06,7.9,,12.969915390014648
2003-05-11,48.21,37.34,9.57,5.86,5.19,,9.432954788208008
2003-05-12,42.77,39.86,7.3,9.42,5.06,,12.212786674499512
2003-05-13,49.1,57.0,7.3,6.26,7.28,,20.65850257873535
2003-05-14,30.29,34.36,6.73,6.03,4.65,,3.2754082679748535
2003-05-15,30.6,23.12,5.4,4.52,4.54,,0.08214978873729706
2003-05-16,17.04,22.62,5.64,4.15,4.43,,17.297260284423828
2003-05-17,19.92,28.74,4.35,4.05,4.32,,0.0
2003-05-18,32.66,74.4,5.22,3.95,4.1,,26.533885955810547
2003-05-19,32.1,57.57,10.77,7.49,10.96,,24.891714096069336
2003-05-20,31.923,34.42,9.62,7.67,5.6,,8.057293891906738
2003-05-21,37.99,34.93,7.2,4.93,5.32,,17.823123931884766
2003-05-22,100.22,46.57,6.82,4.32,5.06,,32.783966064453125
2003-05-23,55.447,58.14,6.54,4.1,4.78,,0.5405516028404236
2003-05-24,57.5,104.94,5.88,6.03,5.32,,17.908016204833984
2003-05-25,57.5,93.38,8.73,10.71,5.06,,25.9758243560791
2003-05-26,55.488,53.21,10.06,7.66,9.12,,15.135747909545898
2003-05-27,48.06,41.96,9.25,12.51,6.14,,21.00665855407715
2003-05-28,30.09,27.18,5.26,5.22,5.86,,0.0
2003-05-29,34.83,47.66,5.78,4.92,5.32,,18.549938201904297
2003-05-30,82.19,95.06,9.25,6.58,16.0,,22.994508743286133
2003-05-31,49.15,54.78,6.73,18.09,6.01,,5.641594886779785
2003-06-01,46.76,42.08,11.82,3.5,5.86,,6.381126403808594
2003-06-02,54.97,63.46,19.55,3.36,8.44,,14.971639633178711
2003-06-03,85.8,76.4,19.67,6.04,10.4,,15.573817253112793
2003-06-04,29.42,57.03,17.14,3.42,8.52,,0.5611621141433716
2003-06-05,32.73,45.6,17.88,2.5,7.98,,26.212249755859375
2003-06-06,49.8,46.18,14.94,2.43,6.7,,8.97896671295166
2003-06-07,55.12,72.81,21.3,2.38,15.2,,28.154918670654297
2003-06-08,31.89,45.82,19.75,9.11,6.98,,0.0
2003-06-09,26.17,36.65,14.94,2.53,5.86,,4.554329872131348
2003-06-10,27.46,25.76,11.82,2.48,5.6,,0.4945596158504486
2003-06-11,55.13,76.15,8.25,2.43,7.26,,22.455615997314453
2003-06-12,71.84,86.02,11.19,3.14,8.36,,30.602624893188477
2003-06-13,80.64,74.38,21.55,2.56,7.56,,34.719886779785156
2003-06-14,59.715,114.81,21.42,5.22,8.88,,9.275732040405273
2003-06-15,83.52,134.73,21.55,3.38,30.0,,18.674190521240234
2003-06-16,83.52,75.0,20.8,12.56,22.0,,15.639402389526367
2003-06-17,119.112,114.33,17.25,3.36,16.0,,23.688640594482422
2003-06-18,115.15,119.56,21.55,3.57,23.4,,40.05005645751953
2003-06-19,54.57,101.8,38.07,7.17,25.4,,4.809290885925293
2003-06-20,47.191,82.97,33.74,5.83,19.8,,18.8726863861084
2003-06-21,39.88,76.65,25.3,11.63,11.2,,14.2527494430542
2003-06-22,35.03,64.24,19.2,3.42,9.4,,4.76496696472168
2003-06-23,36.998,58.23,16.59,2.97,8.52,,7.263261318206787
2003-06-24,60.42,97.17,12.88,4.54,8.2,,16.239990234375
2003-06-25,71.02,68.21,13.95,2.93,8.52,,8.404815673828125
2003-06-26,32.975,45.84,10.25,4.42,6.98,,3.288989305496216
2003-06-27,32.33,33.24,8.73,2.93,6.28,,0.43355998396873474
2003-06-28,32.91,38.66,7.3,2.88,5.57,,7.176721096038818
2003-06-29,30.98,32.35,7.2,2.85,5.39,,16.34709930419922
2003-06-30,29.45,40.21,5.88,2.85,5.28,,0.33355844020843506
2003-07-01,32.91,45.68,4.92,2.8,6.25,,14.126321792602539
2003-07-02,29.8,34.24,4.53,5.64,5.4,,0.0
2003-07-03,31.28,24.58,2.88,2.98,4.96,,5.379347801208496
2003-07-04,42.64,26.21,2.71,3.4,4.8,,14.778882026672363
2003-07-05,19.179,59.334,2.45,6.28,4.76,,1.861454725265503
2003-07-06,64.17,54.36,2.76,4.02,5.38,,18.107280731201172
2003-07-07,48.37,72.83,3.43,8.85,5.53,,23.293672561645508
2003-07-08,52.269,54.18,4.11,7.47,5.2,,18.329753875732422
2003-07-09,30.36,42.03,2.96,5.1,4.89,,3.6619248390197754
2003-07-10,24.72,42.0,3.5,3.82,4.49,,9.571512222290039
2003-07-11,40.611,77.21,3.23,9.65,8.47,,5.131897926330566
2003-07-12,26.34,34.97,2.89,3.93,5.28,,0.0
2003-07-13,28.31,45.1,3.31,4.06,5.13,,8.313726425170898
2003-07-14,22.514,28.64,2.75,5.57,5.25,,5.838752746582031
2003-07-15,20.47,31.49,2.42,3.52,4.54,,0.13617682456970215
2003-07-16,21.94,45.75,2.24,3.32,4.38,,0.0
2003-07-17,21.77,41.83,2.21,3.4,4.37,,9.7745361328125
2003-07-18,23.05,29.06,2.27,3.52,4.27,,0.0
2003-07-19,27.23,13.19,1.99,3.03,4.21,,0.0
2003-07-20,21.59,15.56,1.95,2.88,4.1,,0.0
2003-07-21,14.95,19.93,1.92,2.88,3.99,,0.0
2003-07-22,21.12,19.47,1.87,2.95,3.99,,0.0
2003-07-23,20.66,31.02,1.84,3.01,3.99,,0.019213862717151642
2003-07-24,31.03,15.28,1.85,2.9,3.99,,9.557146072387695
2003-07-25,24.14,21.78,1.89,3.08,4.38,,5.463919639587402
2003-07-26,25.61,23.55,1.84,2.9,3.99,,9.888872146606445
2003-07-27,25.0,17.36,1.78,2.83,3.99,,2.645596742630005
2003-07-28,20.81,12.59,1.78,2.82,3.99,,0.0
2003-07-29,17.81,30.5,1.73,2.8,3.99,,0.0
2003-07-30,24.93,24.95,1.69,2.85,3.99,,15.665842056274414
2003-07-31,20.81,23.4,1.92,8.45,4.92,,6.537062168121338
2003-08-01,19.91,31.26,2.04,3.2,4.54,,20.48143196105957
2003-08-02,34.86,71.16,2.53,9.96,5.6,,2.511084794998169
2003-08-03,38.45,48.25,3.93,10.44,5.32,,35.509010314941406
2003-08-04,23.38,34.28,2.38,3.4,5.06,,0.6939421892166138
2003-08-05,23.85,19.37,2.12,3.01,4.78,,0.0
2003-08-06,21.816,25.06,2.01,3.2,4.54,,0.9020589590072632
2003-08-07,20.78,16.61,2.12,2.85,4.32,,6.6100358963012695
2003-08-08,23.39,32.5,2.12,2.85,4.1,,0.9132234454154968
2003-08-09,21.813,23.38,2.35,3.16,4.1,,9.463674545288086
2003-08-10,13.9,20.36,1.89,2.85,3.99,,0.0
2003-08-11,13.29,14.66,,2.65,3.88,,4.754891395568848
2003-08-12,6.57,19.8,1.73,2.78,3.77,,0.0
2003-08-13,15.55,20.35,1.73,2.63,3.66,,4.125843524932861
2003-08-14,14.03,20.59,1.73,2.57,3.55,,20.075626373291016
2003-08-15,26.084,30.71,1.89,2.85,4.32,,20.98943519592285
2003-08-16,21.19,20.21,1.81,7.98,4.1,,25.57300567626953
2003-08-17,16.61,23.73,1.76,4.87,3.88,,4.483246803283691
2003-08-18,14.519,25.16,1.67,3.44,3.77,,10.407790184020996
2003-08-19,28.19,40.72,1.91,2.88,3.77,,0.0
2003-08-20,30.78,54.21,2.17,9.83,5.86,,18.946393966674805
2003-08-21,29.48,33.8,2.17,3.81,6.42,,13.27461051940918
2003-08-22,64.83,28.1,2.33,3.08,5.86,,27.479717254638672
2003-08-23,50.05,61.01,2.42,7.56,5.06,,21.53443717956543
2003-08-24,40.696,33.01,2.12,7.89,4.32,,7.3835129737854
2003-08-25,20.34,28.66,1.81,3.04,4.21,,2.892200469970703
2003-08-26,41.24,38.74,1.76,5.52,4.21,,7.918926239013672
2003-08-27,34.19,33.6,1.81,3.36,4.05,,8.957260131835938
2003-08-28,76.12,45.64,2.05,5.85,5.09,,10.691630363464355
2003-08-29,40.11,23.33,1.78,3.04,4.08,,15.244824409484863
2003-08-30,29.36,19.23,1.7,2.8,3.79,,0.3255171477794647
2003-08-31,27.232,12.44,1.76,2.72,3.59,,1.6780964136123657
2003-09-01,23.18,18.37,1.69,2.78,3.83,,12.647985458374023
2003-09-02,16.98,13.95,1.62,2.68,3.77,,0.0
2003-09-03,21.33,15.83,1.62,2.7,3.71,,0.0
2003-09-04,24.4,28.39,1.52,2.7,3.61,,16.777297973632812
2003-09-05,52.48,71.31,1.77,7.69,4.27,,27.72918701171875
2003-09-06,62.216,79.87,3.23,8.44,6.75,,15.643450736999512
2003-09-07,23.1,39.0,2.23,6.73,5.32,,1.3519935607910156
2003-09-08,29.2,102.44,2.52,7.56,7.32,,22.71756935119629
2003-09-09,30.24,29.84,1.88,5.58,5.32,,9.565244674682617
2003-09-10,46.012,41.564,2.1,3.07,4.38,,20.305652618408203
2003-09-11,41.066,33.78,3.5,4.98,5.06,,14.737884521484375
2003-09-12,31.338,53.61,2.15,2.8,4.49,,0.22373470664024353
2003-09-13,58.65,20.54,1.93,3.36,4.32,,4.454259395599365
2003-09-14,22.26,18.66,1.81,2.85,4.27,,2.010153293609619
2003-09-15,31.38,22.26,1.76,2.78,4.15,,5.675205230712891
2003-09-16,27.9,15.14,1.7,2.7,3.99,,1.9870922565460205
2003-09-17,42.7,20.17,1.64,5.78,3.93,,2.1582553386688232
2003-09-18,25.73,18.63,1.62,2.99,3.83,,18.69256591796875
2003-09-19,22.74,26.04,1.64,3.9,3.66,,4.486538887023926
2003-09-20,42.79,45.0,2.48,7.47,5.46,,23.755779266357422
2003-09-21,26.384,25.83,2.68,3.48,4.68,,2.0919299125671387
2003-09-22,31.39,33.1,2.29,6.28,4.15,,24.403705596923828
2003-09-23,17.86,32.17,2.03,3.24,4.05,,0.11663572490215302
2003-09-24,27.993,49.3,1.87,4.01,5.6,,3.465799331665039
2003-09-25,31.86,52.93,3.36,5.57,7.56,,18.329713821411133
2003-09-26,22.8,57.22,2.73,3.06,6.01,,5.455678939819336
2003-09-27,35.081,58.56,3.47,6.07,6.91,,10.811761856079102
2003-09-28,26.12,26.34,5.62,8.41,6.77,,12.202061653137207
2003-09-29,29.43,28.96,11.81,6.1,6.42,,23.04796600341797
2003-09-30,37.587,74.22,8.69,4.06,5.6,,11.606989860534668
2003-10-01,21.22,32.5,5.97,3.77,5.26,,5.680168628692627
2003-10-02,23.38,33.04,4.46,3.56,5.12,,6.135443687438965
2003-10-03,19.965,25.41,6.5,3.36,4.78,,20.9296932220459
2003-10-04,40.64,45.8,3.47,3.16,5.0,,10.18769645690918
2003-10-05,53.7,39.62,2.7,4.3,3.88,,21.240482330322266
2003-10-06,24.247,37.7,4.6,4.15,3.88,,20.06862449645996
2003-10-07,24.85,33.48,4.21,3.16,4.72,,30.134845733642578
2003-10-08,23.08,33.65,2.44,3.08,4.6,,1.892012357711792
2003-10-09,50.744,48.91,3.06,3.28,5.06,,8.438852310180664
2003-10-10,44.41,73.33,3.32,3.44,4.72,,1.6528198719024658
2003-10-11,25.24,28.98,2.84,3.08,4.54,,11.464534759521484
2003-10-12,25.66,31.31,2.33,3.56,4.43,,0.22608184814453125
2003-10-13,23.84,32.79,2.37,3.12,4.68,,27.5374813079834
2003-10-14,52.03,39.2,2.96,3.48,6.42,,24.576984405517578
2003-10-15,33.91,32.48,6.28,3.6,8.52,,24.425037384033203
2003-10-16,47.82,48.83,6.67,4.94,8.18,,25.502605438232422
2003-10-17,26.9,32.42,7.47,4.3,5.86,,0.12212886661291122
2003-10-18,35.765,32.08,4.59,3.01,6.7,,16.653331756591797
2003-10-19,39.22,25.52,3.92,2.83,6.14,,22.95448875427246
2003-10-20,90.8,74.07,4.4,4.22,5.73,,21.507221221923828
2003-10-21,45.82,79.56,15.85,6.91,14.2,,22.50899314880371
2003-10-22,38.004,50.26,18.18,3.52,8.8,,0.0
2003-10-23,34.02,50.64,9.22,3.36,6.77,,0.89271479845047
2003-10-24,53.15,39.1,7.04,3.44,7.65,,21.7906494140625
2003-10-25,75.906,54.73,4.27,7.54,6.7,,11.999463081359863
2003-10-26,55.06,38.94,3.67,3.52,6.35,,5.975054740905762
2003-10-27,44.47,35.08,7.11,3.24,8.1,,8.304157257080078
2003-10-28,40.992,42.87,6.46,3.4,6.0,,21.842119216918945
2003-10-29,48.46,59.16,9.37,4.26,7.48,,37.99475860595703
2003-10-30,61.37,57.03,14.0,4.25,15.48,,10.576841354370117
2003-10-31,43.763,71.0,17.46,7.97,22.21,,19.209009170532227
2003-11-01,34.8,63.59,17.2,5.23,24.11,,2.1279988288879395
2003-11-02,57.44,75.76,13.74,5.28,12.7,,0.0
2003-11-03,34.621,40.66,9.14,4.99,9.8,,26.538005828857422
2003-11-04,27.75,37.76,7.2,3.64,8.52,,0.0
2003-11-05,28.92,36.42,5.82,3.44,7.56,,0.0
2003-11-06,28.268,50.66,4.51,3.44,6.84,,2.9450721740722656
2003-11-07,33.07,27.35,13.03,11.86,12.3,,28.815135955810547
2003-11-08,25.87,76.58,11.12,4.22,9.44,,5.1764936447143555
2003-11-09,28.617,48.51,8.06,3.48,7.72,,1.0267902612686157
2003-11-10,27.28,37.02,4.97,3.73,8.36,,17.65642547607422
2003-11-11,49.48,54.83,3.69,3.24,7.56,,24.756505966186523
2003-11-12,19.752,56.98,6.32,3.44,7.4,,0.8206919431686401
2003-11-13,22.65,53.62,8.1,7.69,8.2,,2.6871559619903564
2003-11-14,34.46,49.69,4.44,3.32,7.56,,6.235006809234619
2003-11-15,44.121,92.11,16.3,4.86,17.0,,20.70353126525879
2003-11-16,21.78,49.76,14.11,3.52,7.42,,0.6018296480178833
2003-11-17,29.15,38.75,7.6,3.4,6.7,,2.8230278491973877
2003-11-18,24.468,46.56,4.98,3.08,6.42,,26.052780151367188
2003-11-19,25.24,31.6,4.29,3.06,6.07,,0.09064607322216034
2003-11-20,26.44,41.08,5.52,2.99,6.9,,10.977874755859375
2003-11-21,26.44,41.08,5.35,2.95,6.48,,11.040777206420898
2003-11-22,29.01,38.21,10.25,4.78,6.22,,23.503620147705078
2003-11-23,45.26,60.58,13.45,3.01,6.7,,0.0
2003-11-24,65.082,55.28,16.85,4.7,7.98,,21.1850643157959
2003-11-25,38.31,44.0,16.15,3.48,8.52,,16.655681610107422
2003-11-26,23.08,39.33,12.35,3.07,7.26,,0.9239717721939087
2003-11-27,32.003,48.76,9.3,2.95,6.42,,3.053178548812866
2003-11-28,62.56,45.03,9.3,3.06,5.6,,13.227734565734863
2003-11-29,40.613,37.97,13.5,3.69,6.49,,37.1703987121582
2003-11-30,34.69,53.15,14.5,4.94,7.48,,15.521428108215332
2003-12-01,96.81,82.18,10.77,8.23,12.2,,5.134596347808838
2003-12-02,77.73,82.43,9.01,5.74,13.8,,20.49646759033203
2003-12-03,44.84,47.54,16.15,4.35,9.12,,29.81805992126465
2003-12-04,42.11,44.22,20.3,3.84,7.56,,2.900794506072998
2003-12-05,61.38,59.52,14.55,6.39,8.2,,21.448474884033203
2003-12-06,35.65,55.51,13.58,3.85,9.4,,6.686551094055176
2003-12-07,28.7,43.44,8.73,3.42,8.36,,0.0
2003-12-08,34.23,54.14,11.3,4.72,7.26,,0.0
2003-12-09,26.69,35.18,8.88,3.24,6.77,,0.0
2003-12-10,30.52,37.03,6.82,3.09,6.56,,6.041990756988525
2003-12-11,38.4,35.43,5.05,3.0,6.49,,19.933826446533203
2003-12-12,20.63,24.8,5.05,2.98,6.28,,0.6857433915138245
2003-12-13,25.82,31.3,4.91,2.95,6.14,,2.116805076599121
2003-12-14,22.14,32.2,5.05,2.93,5.93,,0.0
2003-12-15,26.71,28.37,4.91,2.9,5.66,,0.7267318964004517
2003-12-16,14.11,20.06,3.41,2.88,5.39,,0.0
2003-12-17,25.38,27.03,2.91,2.95,4.79,,0.0
2003-12-18,33.34,37.05,2.88,4.04,5.57,,2.985161304473877
2003-12-19,18.47,23.34,2.61,3.0,4.92,,16.547088623046875
2003-12-20,24.51,20.14,2.61,2.99,4.78,,4.663627624511719
2003-12-21,33.98,37.63,3.01,3.53,4.78,,8.239060401916504
2003-12-22,51.99,23.87,3.2,3.51,4.65,,7.809159755706787
2003-12-23,26.82,22.45,3.07,2.88,4.5,,0.6877824068069458
2003-12-24,32.01,27.21,2.52,2.75,4.37,,0.4620468020439148
2003-12-25,37.25,41.63,3.01,2.72,4.58,,28.489355087280273
2003-12-26,21.3,33.26,3.68,2.8,5.32,,14.994791984558105
2003-12-27,57.58,32.46,4.27,2.7,7.22,,10.935186386108398
2003-12-28,78.78,32.21,5.91,2.95,7.56,,1.8833131790161133
2003-12-29,27.06,19.84,3.45,2.93,5.33,,0.0
2003-12-30,35.55,25.58,6.35,2.68,4.92,,0.0
2003-12-31,30.76,20.08,5.82,2.78,4.58,,0.0
2004-01-01,32.71,20.16,4.89,2.72,4.37,,0.0
2004-01-02,18.0,17.93,3.37,2.68,4.18,,0.0
2004-01-03,12.87,20.89,2.27,2.57,4.07,,0.0
2004-01-04,26.3,20.28,2.18,2.5,3.87,,0.0
2004-01-05,26.99,19.74,3.7,4.5,3.82,,43.03925323486328
2004-01-06,18.42,28.79,9.73,3.04,4.46,,12.941393852233887
2004-01-07,38.48,25.51,12.35,3.4,4.71,,0.3227272629737854
2004-01-08,38.38,27.26,11.72,2.8,6.02,,4.2387189865112305
2004-01-09,24.37,48.41,12.88,11.72,9.98,,13.935882568359375
2004-01-10,40.56,62.98,13.95,3.36,8.69,,5.840810298919678
2004-01-11,54.14,40.64,19.2,3.4,6.52,,1.2253282070159912
2004-01-12,50.0,34.9,16.15,3.32,6.09,,1.14000403881073
2004-01-13,31.53,26.13,9.73,2.97,4.78,,31.949539184570312
2004-01-14,16.81,31.48,9.57,2.93,4.43,,0.0
2004-01-15,19.32,17.27,7.3,2.88,4.32,,0.0
2004-01-16,20.15,21.77,7.2,2.75,4.85,,1.0890989303588867
2004-01-17,21.16,28.38,12.35,4.45,4.72,,0.0
2004-01-18,18.67,29.11,8.73,2.83,4.6,,0.0
2004-01-19,18.18,29.51,9.73,3.52,4.43,,0.0
2004-01-20,42.03,37.42,8.25,2.85,4.38,,0.0
2004-01-21,14.45,19.59,9.73,2.75,4.21,,0.0
2004-01-22,23.17,17.51,9.2,2.7,4.1,,0.0
2004-01-23,21.9,24.35,8.25,2.65,3.93,,0.0
2004-01-24,27.55,12.86,7.3,2.68,3.83,,0.0
2004-01-25,23.15,15.72,5.88,2.63,3.88,,0.0
2004-01-26,19.93,17.09,5.26,2.6,3.77,,0.19135352969169617
2004-01-27,21.57,20.37,6.35,2.47,3.66,,0.0
2004-01-28,15.15,11.38,5.4,2.5,3.71,,0.0
2004-01-29,13.15,17.89,4.99,2.45,3.66,,0.0
2004-01-30,16.6,20.41,2.85,2.47,3.61,,0.0
2004-01-31,19.0,11.18,3.04,2.4,3.55,,0.0
2004-02-01,22.22,16.36,3.04,2.45,3.55,,0.0
2004-02-02,19.15,16.47,2.39,2.47,3.47,,0.0
2004-02-03,8.75,11.37,3.34,2.4,3.44,,0.0
2004-02-04,12.68,18.74,2.76,2.38,3.32,,0.0
2004-02-05,45.68,11.7,2.02,2.35,3.27,,0.0
2004-02-06,14.59,14.95,2.2,2.32,3.25,,0.0
2004-02-07,14.24,10.26,2.15,2.3,3.25,,0.0
2004-02-08,8.28,9.68,2.35,2.35,3.27,,0.0
2004-02-09,21.1,7.63,2.6,2.38,3.2,,0.0
2004-02-10,11.91,13.63,2.13,2.3,3.06,,0.0
2004-02-11,14.97,17.67,1.82,2.32,3.08,,3.9013054370880127
2004-02-12,18.05,32.65,2.05,8.87,3.17,,21.418804168701172
2004-02-13,12.36,63.08,2.76,2.32,3.18,,0.0
2004-02-14,20.09,31.57,2.68,8.73,3.17,,0.22100341320037842
2004-02-15,13.82,17.69,2.68,2.83,3.27,,0.0
2004-02-16,17.46,15.84,2.09,2.35,3.1,,0.0
2004-02-17,15.06,18.3,2.32,2.32,3.03,,0.0
2004-02-18,17.3,19.13,2.13,2.3,3.63,,0.0
2004-02-19,19.48,24.06,1.89,2.38,4.86,,5.864687919616699
2004-02-20,16.96,15.9,2.35,2.4,3.56,,0.9101236462593079
2004-02-21,23.69,17.64,1.96,2.38,3.79,,9.541196823120117
2004-02-22,16.44,32.09,1.88,2.38,3.32,,0.3751490116119385
2004-02-23,34.16,42.33,2.78,2.55,5.34,,1.6163482666015625
2004-02-24,45.18,35.86,3.51,2.88,8.07,,19.707584381103516
2004-02-25,24.75,32.86,3.4,7.97,5.47,,34.733734130859375
2004-02-26,27.07,26.02,3.84,2.72,5.95,,1.3105672597885132
2004-02-27,19.56,34.63,2.7,2.47,4.1,,1.6897614002227783
2004-02-28,20.45,63.06,2.75,10.7,4.42,,1.5373072624206543
2004-02-29,22.46,43.9,2.66,2.65,7.86,,19.186328887939453
2004-03-01,13.82,60.7,2.22,2.88,4.91,,0.0
2004-03-02,27.46,58.25,2.4,3.69,7.57,,12.641810417175293
2004-03-03,47.13,76.25,2.25,3.28,10.85,,27.174896240234375
2004-03-04,20.37,31.41,1.99,2.9,5.46,,1.591141939163208
2004-03-05,16.26,18.78,1.98,2.58,4.66,,15.686200141906738
2004-03-06,30.27,51.9,2.52,2.65,4.55,,27.913537979125977
2004-03-07,30.28,22.8,2.28,2.6,5.65,,0.502578616142273
2004-03-08,17.71,25.26,2.52,2.7,6.84,,3.8512446880340576
2004-03-09,21.86,27.62,2.03,2.63,4.92,,0.5725757479667664
2004-03-10,21.81,28.56,1.95,3.6,4.49,,0.0
2004-03-11,44.59,32.86,2.05,8.07,5.69,,1.2558780908584595
2004-03-12,13.82,26.66,1.84,2.67,4.49,,0.0
2004-03-13,20.4,20.85,1.81,2.8,4.16,,0.0
2004-03-14,37.54,47.64,1.78,4.25,4.1,,0.0
2004-03-15,41.61,82.07,1.73,3.24,3.94,,6.558508396148682
2004-03-16,22.89,28.7,1.73,2.65,3.78,,5.927297592163086
2004-03-17,27.24,29.2,1.67,2.6,3.25,,0.0
2004-03-18,15.06,14.39,1.62,2.43,3.25,,0.0
2004-03-19,10.13,15.68,1.59,2.4,3.25,,8.51430606842041
2004-03-20,16.45,19.91,1.57,2.35,3.25,,0.0
2004-03-21,17.26,20.18,1.63,2.47,3.25,,21.76250648498535
2004-03-22,16.56,19.78,1.62,2.53,3.25,,0.0
2004-03-23,17.29,24.34,1.73,2.43,3.25,,0.0
2004-03-24,27.36,52.94,2.48,8.13,3.87,,7.628628730773926
2004-03-25,28.99,27.47,1.95,3.01,3.29,,35.376609802246094
2004-03-26,56.53,26.2,4.75,2.72,4.33,,18.319896697998047
2004-03-27,44.8,39.6,8.9,3.32,9.4,,28.626684188842773
2004-03-28,30.11,39.0,9.97,4.1,8.98,,25.752405166625977
2004-03-29,32.22,35.6,3.91,2.99,6.45,,2.3929367065429688
2004-03-30,21.53,32.27,4.18,3.06,5.2,,0.0
2004-03-31,28.01,50.63,2.85,2.77,4.47,,0.6997170448303223
2004-04-01,33.87,42.88,2.6,3.91,3.65,,10.995131492614746
2004-04-02,42.37,44.68,2.79,3.45,3.59,,4.194807052612305
2004-04-03,35.5,38.1,3.56,5.5,4.19,,27.944889068603516
2004-04-04,25.16,34.77,5.21,3.12,3.36,,0.0
2004-04-05,42.37,44.68,2.72,2.76,2.99,,0.0
2004-04-06,27.35,41.19,2.59,2.6,2.95,,0.0
2004-04-07,22.65,13.04,2.64,2.53,2.85,,22.75567054748535
2004-04-08,22.45,27.23,2.2,2.5,2.78,,20.18705177307129
2004-04-09,24.77,17.13,2.12,2.61,2.69,,1.766918420791626
2004-04-10,18.83,31.61,2.12,2.82,2.69,,7.030437469482422
2004-04-11,14.71,19.71,2.08,2.96,2.69,,1.7953640222549438
2004-04-12,21.93,24.28,1.99,2.55,2.69,,1.3621909618377686
2004-04-13,24.13,27.39,1.95,2.53,2.81,,40.54353332519531
2004-04-14,32.36,65.87,3.14,4.42,3.79,,13.083404541015625
2004-04-15,72.94,78.9,5.18,7.54,5.25,,15.504717826843262
2004-04-16,43.53,64.51,3.96,4.88,4.14,,0.890388011932373
2004-04-17,33.46,56.28,3.83,4.05,3.52,,15.199819564819336
2004-04-18,32.86,28.72,3.97,3.28,2.99,,15.440417289733887
2004-04-19,34.31,49.46,3.98,3.58,2.91,,7.866006374359131
2004-04-20,36.15,39.29,3.96,3.9,3.07,,28.168615341186523
2004-04-21,20.97,30.35,7.25,3.19,5.77,,17.617977142333984
2004-04-22,40.51,46.9,5.04,4.42,5.45,,35.00720977783203
2004-04-23,87.54,84.5,5.51,4.72,5.58,,33.3077507019043
2004-04-24,26.324,83.045,8.25,3.37,4.49,,0.17880284786224365
2004-04-25,35.83,87.96,29.26,6.32,10.81,,2.8969101905822754
2004-04-26,48.07,89.88,25.63,3.68,15.81,,0.0
2004-04-27,70.71,85.0,20.06,4.65,20.68,,7.5997467041015625
2004-04-28,42.68,66.84,13.25,3.91,10.11,,25.94626235961914
2004-04-29,25.41,52.48,8.48,3.11,5.1,,1.485739827156067
2004-04-30,65.19,75.45,9.51,2.76,5.0,,35.214271545410156
2004-05-01,84.21,57.08,11.4,7.2,5.69,,14.685922622680664
2004-05-02,68.38,45.24,9.55,3.87,4.74,,10.432379722595215
2004-05-03,30.974,70.51,10.87,4.69,7.95,,12.718921661376953
2004-05-04,34.19,51.6,13.88,4.32,8.93,,26.75014877319336
2004-05-05,44.13,100.11,17.0,9.02,9.51,,13.852605819702148
2004-05-06,34.47,100.4,31.09,7.36,23.72,,19.73447608947754
2004-05-07,37.94,91.3,15.33,4.88,14.54,,13.9502592086792
2004-05-08,61.05,84.67,11.29,5.61,6.23,,13.086318969726562
2004-05-09,28.19,64.4,9.83,6.91,7.05,,7.919857978820801
2004-05-10,30.47,47.82,6.69,3.88,4.36,,0.6917248368263245
2004-05-11,26.58,37.55,5.27,3.6,3.8,,10.026405334472656
2004-05-12,28.35,40.37,4.34,3.96,3.44,,7.059211730957031
2004-05-13,45.48,34.14,4.13,3.65,3.34,,13.650738716125488
2004-05-14,20.19,30.11,3.76,6.06,3.06,,3.638232469558716
2004-05-15,19.84,28.58,9.19,3.44,3.52,,12.40519905090332
2004-05-16,25.45,48.78,5.05,3.28,3.51,,0.12072014808654785
2004-05-17,61.84,64.64,8.25,4.26,3.94,,42.728389739990234
2004-05-18,40.87,32.16,10.77,3.56,6.27,,9.398736953735352
2004-05-19,69.744,46.62,11.61,3.99,6.41,,29.397125244140625
2004-05-20,29.14,62.69,6.17,4.81,5.8,,35.56898880004883
2004-05-21,21.51,50.09,9.44,6.34,6.77,,8.415491104125977
2004-05-22,45.67,68.28,17.43,9.09,9.76,,28.84775161743164
2004-05-23,34.156,76.731,16.95,5.74,6.7,,0.7091853618621826
2004-05-24,46.7,68.9,15.12,5.22,6.01,,23.855945587158203
2004-05-25,34.07,45.17,9.92,4.16,5.32,,0.5400393605232239
2004-05-26,44.88,56.7,13.31,4.05,5.19,,14.974990844726562
2004-05-27,44.02,48.95,9.87,4.46,6.28,,26.289203643798828
2004-05-28,29.1,45.94,8.17,4.68,5.06,,14.690739631652832
2004-05-29,30.48,117.19,12.02,6.43,4.78,,0.6427804827690125
2004-05-30,63.61,84.697,20.69,11.55,4.43,,11.767829895019531
2004-05-31,29.15,53.91,15.64,2.62,5.6,,14.500816345214844
2004-06-01,24.02,53.02,12.1,3.09,5.06,,13.634954452514648
2004-06-02,54.05,59.28,12.86,5.78,5.6,,9.993389129638672
2004-06-03,26.38,42.28,6.5,2.68,8.24,,0.0
2004-06-04,25.08,56.09,5.31,2.62,5.6,,18.650463104248047
2004-06-05,32.23,63.18,7.92,3.61,5.86,,25.570026397705078
2004-06-06,36.74,114.22,26.36,9.07,29.8,,14.300138473510742
2004-06-07,25.55,79.28,25.22,3.02,21.8,,0.0
2004-06-08,25.55,47.44,11.87,2.83,5.06,,0.0
2004-06-09,23.32,62.36,9.66,2.85,6.84,,10.485676765441895
2004-06-10,8.18,36.6,7.58,2.9,5.6,,3.1766388416290283
2004-06-11,15.4,35.42,4.79,2.75,5.32,,0.0
2004-06-12,22.58,30.17,3.97,2.73,4.78,,0.0
2004-06-13,22.57,27.93,4.85,2.7,4.32,,0.0
2004-06-14,25.07,29.32,3.94,2.68,3.93,,0.6575249433517456
2004-06-15,9.53,23.59,3.55,2.65,3.77,,5.075612545013428
2004-06-16,17.81,24.26,2.98,2.65,3.77,,0.0
2004-06-17,20.05,24.34,2.9,2.65,3.53,,9.38944149017334
2004-06-18,15.51,24.12,2.72,2.65,3.32,,0.0
2004-06-19,21.7,20.68,2.76,2.65,3.19,,0.0
2004-06-20,20.98,23.69,2.64,2.65,3.17,,7.913723945617676
2004-06-21,15.73,33.27,3.02,2.65,3.19,,8.527711868286133
2004-06-22,13.61,19.45,2.41,2.65,3.04,,0.0
2004-06-23,18.79,20.19,2.44,2.65,2.89,,0.7443329095840454
2004-06-24,17.53,24.27,2.95,2.7,2.84,,0.0
2004-06-25,19.23,19.34,1.91,2.7,2.82,,0.0
2004-06-26,23.81,29.74,2.07,3.15,2.8,,0.0
2004-06-27,12.37,30.0,2.39,4.4,2.84,,23.480056762695312
2004-06-28,18.28,29.55,1.54,3.43,3.28,,8.80197811126709
2004-06-29,10.91,20.71,1.51,2.85,2.97,,16.67793846130371
2004-06-30,18.39,45.61,1.95,2.77,2.79,,6.41897439956665
2004-07-01,24.75,35.52,2.59,4.33,2.77,,12.209643363952637
2004-07-02,18.72,36.76,2.59,8.91,3.55,,11.356180191040039
2004-07-03,23.22,27.92,3.1,3.47,2.99,,9.485197067260742
2004-07-04,34.7,54.0,6.6,6.07,4.87,,28.961767196655273
2004-07-05,15.93,52.14,9.73,5.86,3.81,,7.509912014007568
2004-07-06,17.51,22.44,6.82,3.59,3.07,,0.0
2004-07-07,32.42,66.52,7.82,8.03,5.7,,30.214427947998047
2004-07-08,30.04,56.69,10.25,5.55,5.93,,9.041547775268555
2004-07-09,22.19,47.77,9.57,5.02,3.59,,31.455219268798828
2004-07-10,52.42,47.2,6.35,5.55,4.05,,9.138440132141113
2004-07-11,52.02,40.89,5.88,3.97,7.52,,25.711902618408203
2004-07-12,46.79,54.87,6.82,6.29,4.09,,18.362472534179688
2004-07-13,66.38,100.04,8.77,12.18,11.32,,28.054046630859375
2004-07-14,25.12,53.36,9.2,5.11,4.62,,2.826136827468872
2004-07-15,33.35,53.53,8.73,6.17,4.7,,27.683135986328125
2004-07-16,77.229,80.786,7.78,17.85,7.99,,27.010589599609375
2004-07-17,35.07,39.63,8.53,5.18,4.8,,0.0
2004-07-18,33.58,26.19,6.82,3.8,3.96,,3.213773012161255
2004-07-19,60.436,100.75,7.3,6.21,14.86,,18.627193450927734
2004-07-20,23.23,53.75,10.25,4.83,5.96,,11.115809440612793
2004-07-21,61.01,88.92,12.88,11.54,15.69,,26.2876033782959
2004-07-22,70.685,96.768,18.5,17.81,22.28,,21.737499237060547
2004-07-23,27.15,74.8,16.7,6.11,10.66,,1.0322152376174927
2004-07-24,47.29,81.7,13.95,4.59,6.31,,0.18860141932964325
2004-07-25,22.64,47.32,9.73,6.23,8.61,,18.930530548095703
2004-07-26,45.14,40.72,9.77,4.53,5.34,,5.108315467834473
2004-07-27,32.39,40.32,6.35,4.36,5.02,,12.461633682250977
2004-07-28,36.355,47.664,6.35,4.0,4.55,,10.749322891235352
2004-07-29,32.82,35.1,8.73,3.9,4.66,,0.0
2004-07-30,13.42,36.5,9.57,4.09,4.53,,7.45034646987915
2004-07-31,15.48,29.95,9.3,3.8,3.87,,4.832015037536621
2004-08-01,25.4,33.68,8.25,3.72,3.52,,1.808332085609436
2004-08-02,17.78,26.61,5.4,3.72,3.36,,0.0
2004-08-03,14.757,23.694,4.35,3.68,3.3,,0.0
2004-08-04,16.116,29.598,2.59,3.64,3.17,,2.89086651802063
2004-08-05,18.06,21.72,2.16,3.64,3.11,,17.366336822509766
2004-08-06,30.841,34.969,2.38,3.6,3.36,,4.967257499694824
2004-08-07,13.153,28.514,3.7,3.56,3.06,,0.0
2004-08-08,7.993,17.804,2.59,3.56,2.92,,0.0
2004-08-09,17.62,20.389,1.95,3.56,2.8,,0.0
2004-08-10,18.614,23.866,1.76,3.56,2.8,,1.301910161972046
2004-08-11,12.738,15.62,1.54,3.56,2.73,,4.309560298919678
2004-08-12,22.86,15.86,1.45,3.48,2.7,,0.0
2004-08-13,9.908,19.66,1.67,3.48,2.7,,0.0
2004-08-14,22.379,12.843,1.95,3.48,2.63,,0.06094355508685112
2004-08-15,20.56,12.85,2.8,3.48,2.56,,0.0
2004-08-16,23.982,19.82,2.16,3.48,2.55,,14.813511848449707
2004-08-17,21.844,22.994,4.1,3.48,3.1,,2.527754545211792
2004-08-18,33.885,66.785,5.88,3.48,3.56,,32.1064567565918
2004-08-19,16.569,41.085,2.08,3.86,3.47,,0.0
2004-08-20,49.018,54.76,3.27,6.56,6.24,,27.19951820373535
2004-08-21,19.79,53.45,3.78,10.57,4.1,,14.172266960144043
2004-08-22,19.204,35.672,5.88,7.68,3.93,,10.619356155395508
2004-08-23,19.331,22.574,4.28,4.45,3.66,,0.0
2004-08-24,14.72,27.67,2.8,4.32,3.36,,18.586557388305664
2004-08-25,34.264,114.574,5.05,4.3,8.03,,14.42155647277832
2004-08-26,33.335,67.849,5.88,8.66,8.23,,16.58495330810547
2004-08-27,50.21,88.3,6.35,10.7,8.97,,20.812746047973633
2004-08-28,48.589,66.895,7.78,11.46,4.54,,13.815617561340332
2004-08-29,35.58,48.897,5.88,5.48,4.38,,22.48647689819336
2004-08-30,23.23,32.66,5.05,5.28,4.21,,4.612934112548828
2004-08-31,49.323,68.376,9.73,6.75,5.87,,20.08858299255371
2004-09-01,63.503,54.583,5.82,11.68,6.03,,25.68134117126465
2004-09-02,21.761,36.005,3.9,7.58,4.1,,0.0
2004-09-03,20.616,26.579,4.1,5.76,3.66,,2.4557173252105713
2004-09-04,53.664,63.673,4.64,5.7,7.12,,27.579608917236328
2004-09-05,62.38,86.94,14.48,6.3,6.84,,25.34993553161621
2004-09-06,44.327,53.372,7.97,12.74,6.01,,29.836135864257812
2004-09-07,41.22,54.585,5.58,6.45,5.46,,22.851327896118164
2004-09-08,33.491,54.775,7.91,7.08,8.12,,1.8492615222930908
2004-09-09,35.41,63.314,9.36,6.72,6.68,,28.193103790283203
2004-09-10,44.973,83.743,12.78,6.82,12.4,,1.533067226409912
2004-09-11,27.467,86.384,16.62,7.07,15.4,,24.782989501953125
2004-09-12,35.19,73.33,12.49,9.49,10.0,,3.6082656383514404
2004-09-13,13.198,51.598,8.26,6.42,7.72,,0.0
2004-09-14,25.752,51.87,9.86,6.13,9.48,,26.873722076416016
2004-09-15,39.111,66.973,7.7,6.06,9.8,,0.5454240441322327
2004-09-16,27.593,60.621,10.25,6.22,8.92,,3.2889389991760254
2004-09-17,44.19,65.416,9.12,6.7,11.46,,25.826385498046875
2004-09-18,26.12,99.15,8.23,8.3,9.69,,0.26299962401390076
2004-09-19,47.732,80.094,11.76,8.42,9.1,,32.85401916503906
2004-09-20,86.395,79.567,10.07,12.25,9.06,,22.89360809326172
2004-09-21,33.41,52.42,10.16,7.53,7.62,,4.612112998962402
2004-09-22,33.159,46.123,8.09,6.67,6.09,,1.0265564918518066
2004-09-23,14.112,63.512,6.63,6.26,5.35,,1.6992809772491455
2004-09-24,45.9,58.25,7.58,6.26,6.39,,25.515758514404297
2004-09-25,54.675,44.564,6.03,7.78,5.09,,26.3785343170166
2004-09-26,80.204,93.779,7.91,6.32,4.94,,21.5079402923584
2004-09-27,76.01,79.24,15.09,8.44,10.73,,37.80950927734375
2004-09-28,89.936,88.631,10.14,13.47,7.32,,6.083489418029785
2004-09-29,57.685,64.81,10.61,9.06,6.26,,23.157548904418945
2004-09-30,76.78,50.49,7.34,7.05,5.55,,19.009212493896484
2004-10-01,39.414,50.813,6.12,6.65,5.12,,19.67985725402832
2004-10-02,27.682,49.235,5.59,7.6,4.23,,0.0
2004-10-03,41.795,49.134,4.54,6.65,3.84,,0.7894024848937988
2004-10-04,49.22,61.19,9.11,6.58,7.88,,20.23036766052246
2004-10-05,22.445,50.86,8.63,6.52,6.14,,0.2557222545146942
2004-10-06,26.1,42.99,7.63,6.92,5.73,,16.855199813842773
2004-10-07,51.591,83.02,8.52,6.58,5.6,,12.230901718139648
2004-10-08,33.8,39.67,8.73,8.08,5.39,,5.7357378005981445
2004-10-09,20.96,40.255,10.25,6.88,5.06,,0.7044458985328674
2004-10-10,25.23,30.56,7.3,6.65,4.6,,0.6452624201774597
2004-10-11,28.58,93.32,6.82,6.65,4.43,,0.0
2004-10-12,29.06,48.15,10.25,6.52,5.32,,36.846981048583984
2004-10-13,15.23,107.43,7.78,6.52,4.78,,0.0
2004-10-14,41.03,55.2,6.82,6.52,4.6,,5.891478538513184
2004-10-15,26.21,42.82,7.78,9.78,4.43,,0.27960270643234253
2004-10-16,40.77,53.17,7.78,6.91,5.32,,24.868846893310547
2004-10-17,93.43,80.88,9.73,6.65,5.39,,39.81201171875
2004-10-18,88.82,119.61,18.3,6.65,20.0,,20.183685302734375
2004-10-19,30.7,79.59,25.3,6.65,13.6,,22.93035888671875
2004-10-20,27.51,78.26,20.3,18.33,8.52,,1.144289255142212
2004-10-21,58.44,68.84,19.3,10.24,8.2,,34.50605010986328
2004-10-22,28.39,55.55,18.9,5.04,7.56,,0.4852534234523773
2004-10-23,61.52,64.14,15.05,5.22,6.84,,29.023681640625
2004-10-24,54.38,69.66,10.77,7.89,6.14,,10.679712295532227
2004-10-25,51.23,108.3,9.73,6.78,10.24,,4.9467058181762695
2004-10-26,23.77,75.88,15.6,18.84,8.2,,0.7687429785728455
2004-10-27,46.16,105.8,15.05,5.18,7.42,,16.531713485717773
2004-10-28,87.71,124.86,19.67,6.01,11.2,,32.26604461669922
2004-10-29,63.65,104.75,21.55,3.04,18.2,,30.09832191467285
2004-10-30,72.55,92.77,23.8,4.98,15.4,,18.394887924194336
2004-10-31,44.86,94.08,21.55,6.72,14.2,,11.451725959777832
2004-11-01,84.44,72.15,19.05,8.49,14.4,,13.384564399719238
2004-11-02,60.69,81.81,16.15,13.58,10.6,,23.7923526763916
2004-11-03,62.29,86.39,16.39,8.44,9.04,,19.681705474853516
2004-11-04,59.93,78.45,18.72,6.1,11.65,,20.201751708984375
2004-11-05,48.27,77.1,15.32,5.96,8.97,,3.4331443309783936
2004-11-06,67.71,91.42,12.62,4.2,9.86,,21.937551498413086
2004-11-07,108.88,84.25,17.02,5.28,8.01,,18.637889862060547
2004-11-08,72.65,100.23,12.3,6.39,20.26,,35.97925567626953
2004-11-09,69.25,87.0,23.44,13.23,17.32,,25.265233993530273
2004-11-10,64.81,94.21,23.0,6.03,20.92,,6.442717552185059
2004-11-11,34.21,64.74,21.52,5.46,11.85,,1.166777491569519
2004-11-12,45.84,70.29,14.05,5.28,11.45,,1.7699968814849854
2004-11-13,49.29,69.2,13.6,7.06,11.27,,0.0
2004-11-14,62.15,148.95,13.11,13.14,,,26.62998390197754
2004-11-15,42.2,127.96,21.16,14.29,,,1.8841794729232788
2004-11-16,62.03,94.26,29.24,5.49,9.18,,7.822462558746338
2004-11-17,54.52,86.38,16.86,5.28,24.02,,28.039836883544922
2004-11-18,85.45,139.98,20.64,6.91,22.1,,34.09564971923828
2004-11-19,72.46,123.07,20.27,14.5,34.55,,25.599130630493164
2004-11-20,53.336,147.337,33.43,,39.57,,20.45357894897461
2004-11-21,39.14,119.91,44.88,10.24,29.88,,0.0
2004-11-22,28.99,93.44,29.83,5.04,20.28,,24.3038387298584
2004-11-23,44.54,101.19,20.09,5.22,15.8,,0.0
2004-11-24,46.84,91.99,14.38,7.89,13.5,,36.82515335083008
2004-11-25,32.66,82.39,11.8,6.78,14.0,,7.042600154876709
2004-11-26,43.11,99.34,11.53,18.84,19.25,,33.24541473388672
2004-11-27,46.09,90.98,12.09,5.18,13.57,,0.2654424011707306
2004-11-28,33.52,64.46,10.66,6.01,9.46,,2.343158483505249
2004-11-29,30.1,61.78,9.3,5.08,8.64,,0.0
2004-11-30,38.78,54.66,10.54,4.98,7.83,,0.0
2004-12-01,49.97,51.29,8.0,4.94,7.88,,13.150671005249023
2004-12-02,46.67,60.45,7.31,5.98,8.93,,8.30604362487793
2004-12-03,38.49,60.59,10.06,6.01,8.62,,0.15901833772659302
2004-12-04,28.36,51.86,9.43,5.28,6.92,,0.0
2004-12-05,27.18,50.7,7.28,4.99,6.51,,17.400177001953125
2004-12-06,41.38,64.71,6.1,4.12,6.41,,20.278818130493164
2004-12-07,51.9,50.49,6.35,4.4,6.2,,6.316404819488525
2004-12-08,37.54,50.61,6.21,3.85,6.26,,48.39320373535156
2004-12-09,42.8,43.67,5.88,4.4,5.9,,6.180016040802002
2004-12-10,42.45,37.01,5.26,4.25,6.29,,0.0
2004-12-11,34.74,50.88,5.52,4.01,7.89,,4.93154239654541
2004-12-12,52.5,51.13,8.25,4.25,7.52,,17.13477897644043
2004-12-13,34.25,49.2,8.91,4.05,7.19,,0.7393236756324768
2004-12-14,37.81,51.44,9.77,4.2,5.77,,0.5233729481697083
2004-12-15,53.64,44.11,11.51,4.4,9.55,,16.930614471435547
2004-12-16,44.16,51.36,9.73,5.55,6.37,,7.340540885925293
2004-12-17,24.8,37.16,7.3,3.92,5.52,,0.0
2004-12-18,35.462,37.777,5.4,3.97,5.15,,8.793122291564941
2004-12-19,24.38,36.89,4.35,3.44,4.85,,0.0
2004-12-20,36.05,42.33,7.2,3.56,4.65,,0.0
2004-12-21,25.2,37.04,5.05,3.96,4.78,,6.240255355834961
2004-12-22,31.36,31.9,4.35,3.77,4.38,,1.5965851545333862
2004-12-23,33.45,33.53,3.7,3.9,4.34,,1.3119333982467651
2004-12-24,19.06,30.08,2.8,3.6,4.23,,0.0
2004-12-25,25.22,40.83,3.7,3.85,7.45,,0.0
2004-12-26,25.39,39.43,7.68,3.86,5.86,,6.373941898345947
2004-12-27,23.34,30.77,4.7,3.56,4.29,,0.0
2004-12-28,28.3,33.34,3.7,3.36,4.48,,0.0
2004-12-29,26.8,32.64,3.1,3.28,4.83,,0.0
2004-12-30,26.67,24.47,2.8,3.16,4.55,,0.0
2004-12-31,18.18,29.37,4.7,2.85,4.05,,0.0
2005-01-01,14.31,35.89,4.19,3.86,5.19,,0.0
2005-01-02,25.35,44.02,4.1,3.52,4.92,,0.0
2005-01-03,16.65,41.72,4.98,3.64,3.529,,0.0
2005-01-04,21.31,42.99,4.35,3.28,4.987,,0.0
2005-01-05,19.62,30.78,3.7,8.237,5.109,,7.283285617828369
2005-01-06,41.71,39.94,4.7,4.01,2.366,,0.0
2005-01-07,27.73,37.85,4.35,3.95,4.794,,19.125347137451172
2005-01-08,50.33,32.1,4.05,7.3,4.595,,27.4856014251709
2005-01-09,29.15,50.07,5.05,5.4,4.636,,30.699951171875
2005-01-10,44.58,55.52,4.35,3.56,4.65,,2.1620421409606934
2005-01-11,64.37,28.83,5.875,7.847,4.345,,21.05718231201172
2005-01-12,33.13,58.63,5.05,3.56,6.906,,0.10921335220336914
2005-01-13,32.64,40.21,3.7,3.72,2.254,,0.0
2005-01-14,24.55,25.72,2.8,3.48,4.21,,7.560911655426025
2005-01-15,16.24,37.21,11.3,3.4,15.43,,12.843856811523438
2005-01-16,21.48,48.95,12.92,3.52,10.4,,0.0
2005-01-17,17.6,43.72,14.55,3.4,5.843,,0.0
2005-01-18,19.93,30.63,10.77,3.48,5.964,,0.0
2005-01-19,16.36,38.16,9.565,3.48,5.055,,0.0
2005-01-20,24.74,36.01,6.73,3.4,2.29,,0.0
2005-01-21,20.24,32.84,11.82,3.56,9.089,,0.0
2005-01-22,17.97,32.42,9.01,3.48,5.73,,0.0
2005-01-23,15.04,25.99,7.775,3.56,4.717,,0.0
2005-01-24,10.42,28.11,7.3,3.36,3.717,,0.0
2005-01-25,14.96,31.48,6.825,3.08,4.32,,0.0
2005-01-26,12.29,18.09,5.19,3.95,4.253,,0.0
2005-01-27,15.67,11.09,4.35,4.15,4.1,,0.0
2005-01-28,14.16,44.7,3.7,3.95,3.895,,0.0
2005-01-29,15.6,41.47,3.1,3.6,4.424,,13.647822380065918
2005-01-30,27.38,46.29,2.8,3.68,4.045,,35.728668212890625
2005-01-31,16.56,24.88,2.8,3.9,2.057,,0.30535322427749634
2005-02-01,18.13,29.23,2.8,3.6,3.99,,0.0
2005-02-02,14.74,26.02,2.375,3.72,3.99,,0.0
2005-02-03,17.37,25.37,2.545,3.08,3.99,,12.48362922668457
2005-02-04,15.56,26.0,2.162,2.85,3.935,,0.0
2005-02-05,12.83,22.83,2.29,2.9,3.88,,5.487752437591553
2005-02-06,14.6,28.99,3.4,2.875,3.825,,0.0
2005-02-07,14.33,17.53,3.7,2.875,3.77,,0.0
2005-02-08,17.28,36.5,2.8,2.825,3.77,,1.6610019207000732
2005-02-09,10.54,26.34,3.7,2.925,3.935,,0.0
2005-02-10,24.52,43.47,3.1,2.975,3.77,,1.2033843994140625
2005-02-11,26.28,45.35,5.05,6.085,7.14,,50.22468185424805
2005-02-12,16.93,28.5,5.05,3.055,4.32,,18.861814498901367
2005-02-13,16.96,31.48,3.7,3.16,3.935,,0.0
2005-02-14,10.74,20.19,2.8,2.825,3.825,,0.0
2005-02-15,4.618,22.709,2.588,2.875,3.77,,0.0
2005-02-16,20.935,27.03,1.95,2.8,3.715,,0.0
2005-02-17,17.898,14.066,3.7,2.775,3.605,,0.0
2005-02-18,20.544,32.758,3.1,2.85,3.55,,0.0
2005-02-19,10.208,27.218,3.7,2.675,3.55,,0.0
2005-02-20,19.946,25.13,2.8,3.24,3.55,,0.8623263239860535
2005-02-21,15.682,24.754,2.63,2.8,3.512,,0.0
2005-02-22,14.084,17.356,2.375,2.75,3.438,,0.0
2005-02-23,18.953,20.164,2.8,2.575,3.325,,0.0
2005-02-24,8.558,21.023,2.162,2.55,3.175,,0.0
2005-02-25,4.93,15.651,1.95,2.5,3.137,,0.0
2005-02-26,16.653,28.35,4.0,2.9,3.1,,0.0
2005-02-27,23.088,19.403,4.4,3.08,3.1,,0.0
2005-02-28,15.598,22.395,2.8,2.65,3.1,,0.0
2005-03-01,19.922,22.77,2.503,4.9,3.213,,8.529930114746094
2005-03-02,13.813,20.1,2.162,2.8,3.1,,0.0
2005-03-03,17.55,30.211,2.8,3.08,3.1,,0.0
2005-03-04,16.975,32.815,2.29,4.25,3.213,,8.935846328735352
2005-03-05,23.035,32.434,2.8,7.625,3.1,,21.023359298706055
2005-03-06,25.291,24.046,1.3,3.6,3.1,,12.030920028686523
2005-03-07,9.854,24.649,1.675,3.055,3.1,,0.0
2005-03-08,16.682,18.106,1.95,2.875,3.063,,0.0
2005-03-09,10.42,15.772,2.375,2.9,2.987,,0.0
2005-03-10,13.313,24.969,1.95,2.925,2.95,,0.0
2005-03-11,2.416,16.416,1.537,2.775,2.95,,0.0
2005-03-12,11.027,17.708,1.813,2.675,2.912,,0.0
2005-03-13,25.169,16.501,1.675,2.625,2.838,,0.0
2005-03-14,13.998,17.008,1.95,2.575,2.8,,0.0
2005-03-15,10.6,24.504,1.757,2.625,2.8,,0.0
2005-03-16,9.338,23.886,0.542,2.65,2.95,,2.8661999702453613
2005-03-17,12.635,23.287,2.055,2.6,3.063,,6.1270880699157715
2005-03-18,14.896,46.633,3.732,9.105,3.88,,17.64199447631836
2005-03-19,22.34,72.647,4.303,10.1,4.265,,5.2116498947143555
2005-03-20,10.875,89.316,6.922,13.91,16.64,,39.1070442199707
2005-03-21,14.542,50.226,5.84,6.41,7.46,,11.698954582214355
2005-03-22,18.755,29.376,2.237,3.52,4.227,,0.0
2005-03-23,9.384,26.863,1.812,3.24,3.475,,0.0
2005-03-24,23.049,48.283,2.618,5.387,5.871,,20.512897491455078
2005-03-25,18.916,25.731,1.877,2.95,3.51,,0.06812277436256409
2005-03-26,9.029,37.35,1.677,3.353,3.362,,1.751577377319336
2005-03-27,30.64,70.947,1.76,4.632,3.825,,40.55961227416992
2005-03-28,24.594,33.556,1.565,3.178,3.512,,0.0
2005-03-29,25.065,29.634,1.537,2.95,3.362,,2.262108087539673
2005-03-30,19.118,19.884,1.455,2.875,3.287,,8.615740776062012
2005-03-31,15.361,47.3,1.38,2.775,3.512,,0.0
2005-04-01,19.182,29.154,1.32,2.498,3.362,,26.706493377685547
2005-04-02,35.353,44.728,1.34,3.045,3.25,,1.0372222661972046
2005-04-03,31.622,49.006,2.0,7.493,7.895,,30.890872955322266
2005-04-04,15.221,33.503,1.482,3.312,4.21,,0.0
2005-04-05,19.242,25.445,1.4,4.297,3.86,,3.5368475914001465
2005-04-06,37.736,32.888,1.216,3.896,3.695,,17.329235076904297
2005-04-07,11.87,41.88,1.457,3.24,3.438,,0.8139306902885437
2005-04-08,42.018,47.863,1.515,4.676,3.66,,29.23126792907715
2005-04-09,39.246,58.387,1.641,7.017,12.16,,14.893264770507812
2005-04-10,18.424,32.604,1.38,3.28,4.54,,6.722886562347412
2005-04-11,18.874,26.349,1.26,2.975,4.43,,23.26544189453125
2005-04-12,22.6,42.659,2.9,5.002,4.785,,0.0
2005-04-13,17.736,36.459,1.992,3.741,4.54,,2.9687647819519043
2005-04-14,19.963,21.201,1.625,3.62,4.21,,11.97083568572998
2005-04-15,7.624,27.547,1.43,2.699,3.88,,4.366555690765381
2005-04-16,16.403,22.672,1.32,3.453,3.715,,0.21146932244300842
2005-04-17,54.446,53.187,1.601,11.2,6.505,,14.721524238586426
2005-04-18,26.966,27.827,4.4,3.85,3.88,,4.114880084991455
2005-04-19,32.441,23.76,2.8,3.52,3.77,,11.514326095581055
2005-04-20,32.41,45.589,16.77,8.095,4.54,,36.65667724609375
2005-04-21,34.857,45.906,15.27,5.14,4.32,,5.768846035003662
2005-04-22,53.975,46.497,9.3,3.85,3.99,,14.382064819335938
2005-04-23,95.026,49.55,7.775,5.483,7.98,,19.10474967956543
2005-04-24,43.12,58.806,13.45,7.676,5.46,,48.62245559692383
2005-04-25,88.59,88.58,14.85,4.712,26.6,,0.0
2005-04-26,36.814,86.507,19.55,5.458,21.8,,14.492956161499023
2005-04-27,11.826,65.81,17.67,3.95,7.98,,8.575106620788574
2005-04-28,29.462,47.719,8.915,3.8,5.73,,17.587936401367188
2005-04-29,18.132,39.413,6.35,4.2,5.055,,7.084796905517578
2005-04-30,12.005,38.91,4.84,3.85,4.785,,0.22125069797039032
2005-05-01,26.841,38.225,4.63,3.64,4.485,,19.86293601989746
2005-05-02,53.6,58.045,4.35,3.959,4.54,,17.710954666137695
2005-05-03,11.465,43.2,8.725,4.701,5.325,,30.9569091796875
2005-05-04,25.87,51.617,10.77,3.9,5.19,,3.9822921752929688
2005-05-05,39.829,51.103,15.8,3.72,5.055,,7.4508185386657715
2005-05-06,26.906,76.301,19.2,12.38,11.0,,14.803064346313477
2005-05-07,91.617,79.875,18.1,4.55,15.7,,4.875260353088379
2005-05-08,98.18,92.915,18.57,19.92,14.6,,20.653762817382812
2005-05-09,56.349,77.883,22.55,7.374,11.2,,22.03533363342285
2005-05-10,59.034,62.507,19.67,8.622,9.8,,16.685546875
2005-05-11,15.4,49.271,14.94,4.259,8.36,,1.2827322483062744
2005-05-12,15.763,37.569,11.3,4.25,5.46,,3.3590683937072754
2005-05-13,21.971,41.583,8.25,4.1,4.785,,0.0
2005-05-14,99.651,119.479,20.3,,30.6,,80.14576721191406
2005-05-15,71.439,96.898,24.05,6.997,15.4,,9.32946491241455
2005-05-16,64.183,99.848,24.05,13.25,,,19.64181900024414
2005-05-17,44.415,104.206,24.67,10.9,30.4,,26.123798370361328
2005-05-18,39.768,83.868,21.55,5.761,27.4,,2.958378314971924
2005-05-19,51.13,104.209,31.85,17.43,,,18.54903221130371
2005-05-20,37.97,81.204,24.05,6.06,17.0,,1.5585633516311646
2005-05-21,36.672,69.532,19.05,5.46,12.4,,4.985874176025391
2005-05-22,40.897,66.932,18.57,4.92,13.2,,13.944953918457031
2005-05-23,39.441,96.929,20.92,19.4,11.4,,23.2271785736084
2005-05-24,41.732,120.811,13.45,5.771,15.6,,0.09986020624637604
2005-05-25,36.988,86.747,10.04,6.917,16.2,,16.64012336730957
2005-05-26,49.536,83.964,9.155,5.28,11.0,,11.827967643737793
2005-05-27,29.263,52.555,8.345,6.751,9.7,,5.8502302169799805
2005-05-28,25.662,43.428,7.001,5.1,8.44,,6.899746894836426
2005-05-29,32.281,37.237,6.16,4.98,9.12,,0.0
2005-05-30,30.616,31.004,5.78,4.8,8.62,,0.0
2005-05-31,43.344,81.458,8.936,14.72,7.57,,28.958423614501953
2005-06-01,29.123,49.541,5.809,4.88,6.7,,33.206783294677734
2005-06-02,100.355,72.155,4.096,8.194,7.112,,19.181360244750977
2005-06-03,110.005,56.472,4.045,8.709,7.11,,28.372211456298828
2005-06-04,36.816,43.836,3.4,4.56,5.865,,6.674986839294434
2005-06-05,59.931,88.073,6.45,9.951,7.287,,31.113525390625
2005-06-06,110.815,158.419,25.39,,33.66,,29.232952117919922
2005-06-07,104.56,179.336,34.17,30.12,37.21,,30.107440948486328
2005-06-08,48.308,116.703,36.74,9.794,32.91,,1.8832416534423828
2005-06-09,49.133,85.022,18.68,7.657,18.86,,34.75065994262695
2005-06-10,43.015,59.96,13.18,6.965,14.93,,5.681924819946289
2005-06-11,76.367,146.007,12.82,13.53,19.76,,17.293582916259766
2005-06-12,52.372,92.329,15.93,20.96,30.57,,7.64431619644165
2005-06-13,29.32,77.512,10.62,7.04,21.6,,0.0
2005-06-14,19.128,68.786,14.17,8.595,16.42,,19.754690170288086
2005-06-15,89.09,74.881,12.71,8.365,16.58,,19.09017562866211
2005-06-16,31.274,63.283,10.95,4.88,15.18,,0.0844213142991066
2005-06-17,36.649,45.951,8.44,4.99,11.4,,9.011698722839355
2005-06-18,41.057,59.207,7.329,3.97,9.8,,0.38185375928878784
2005-06-19,30.272,39.368,6.825,3.84,3.526,,3.3791606426239014
2005-06-20,26.304,41.198,6.16,3.52,7.96,,9.523870468139648
2005-06-21,21.591,38.9,5.447,3.68,3.211,,0.08816783130168915
2005-06-22,17.962,35.048,3.76,3.4,6.98,,4.171806335449219
2005-06-23,21.169,29.27,3.28,3.28,6.56,,9.59041976928711
2005-06-24,15.98,31.513,2.92,3.055,6.28,,0.09831175953149796
2005-06-25,24.873,34.958,2.8,3.12,6.07,,5.994130611419678
2005-06-26,28.549,31.062,2.715,3.055,2.565,,0.0
2005-06-27,19.016,36.271,2.758,3.85,5.527,,16.327560424804688
2005-06-28,20.671,46.055,2.673,3.76,5.325,,10.972536087036133
2005-06-29,120.715,109.609,4.694,28.84,12.22,,16.094135284423828
2005-06-30,25.369,38.075,3.092,5.06,2.781,,14.152483940124512
2005-07-01,22.285,34.63,3.306,4.35,5.325,,0.0
2005-07-02,36.663,32.247,4.28,5.33,5.257,,1.357457160949707
2005-07-03,20.499,97.427,3.7,11.4,5.258,,14.910611152648926
2005-07-04,47.358,62.048,4.7,11.11,6.073,,24.302677154541016
2005-07-05,92.623,69.63,6.0,11.67,9.8,,27.482885360717773
2005-07-06,42.956,70.823,13.45,8.933,9.84,,10.9154052734375
2005-07-07,38.607,73.901,17.25,13.59,13.12,,6.330644607543945
2005-07-08,32.079,43.858,10.56,4.52,11.6,,0.0
2005-07-09,22.348,41.773,8.725,4.28,7.88,,6.262948989868164
2005-07-10,19.169,33.815,7.775,5.01,6.77,,2.364690065383911
2005-07-11,24.238,29.497,6.35,3.91,6.14,,7.8142805099487305
2005-07-12,23.334,33.822,4.28,3.85,5.595,,14.41003131866455
2005-07-13,27.324,33.8,3.4,3.81,5.055,,18.434738159179688
2005-07-14,35.473,54.04,4.7,4.81,4.65,,8.889730453491211
2005-07-15,59.323,56.635,7.3,5.48,5.595,,14.384057998657227
2005-07-16,22.524,45.763,6.825,9.323,6.7,,8.022000312805176
2005-07-17,25.726,45.491,9.155,13.93,6.14,,9.375981330871582
2005-07-18,36.031,82.359,7.775,10.82,12.1,,5.72084903717041
2005-07-19,36.803,56.402,5.05,7.495,10.8,,17.737768173217773
2005-07-20,24.326,27.896,4.0,3.95,10.1,,11.295183181762695
2005-07-21,20.428,32.12,3.1,3.9,8.84,,0.0
2005-07-22,28.313,30.826,2.8,3.64,8.2,,5.089155673980713
2005-07-23,27.58,28.105,3.7,3.6,7.64,,0.0
2005-07-24,19.824,25.411,3.4,3.68,6.56,,0.0
2005-07-25,18.167,30.85,4.28,3.52,5.46,,3.099642276763916
2005-07-26,18.468,29.276,3.1,3.4,4.54,,0.0
2005-07-27,26.504,18.763,3.89,3.48,4.32,,0.0
2005-07-28,19.01,26.914,2.888,3.24,4.155,,0.0
2005-07-29,23.566,19.23,2.162,3.0,4.045,,0.0
2005-07-30,15.568,14.973,2.715,2.95,3.99,,6.970559120178223
2005-07-31,19.7,34.546,2.503,2.975,3.99,,10.214068412780762
2005-08-01,32.986,56.876,3.4,17.45,5.595,,4.8327531814575195
2005-08-02,35.278,38.195,4.05,4.81,5.392,,9.11152172088623
2005-08-03,23.267,20.148,3.75,4.02,5.19,,0.0
2005-08-04,22.114,33.261,2.375,3.32,4.92,,6.2976531982421875
2005-08-05,13.159,13.434,2.503,3.24,4.32,,4.266263008117676
2005-08-06,26.005,21.16,2.588,2.975,3.88,,0.0
2005-08-07,17.506,25.888,3.7,2.95,3.77,,0.1057581752538681
2005-08-08,13.953,19.749,2.375,2.85,4.78,,9.494047164916992
2005-08-09,21.012,21.825,2.975,3.32,3.935,,11.921374320983887
2005-08-10,17.947,20.418,3.1,3.04,3.77,,0.0
2005-08-11,17.617,20.047,2.503,3.0,3.66,,13.482500076293945
2005-08-12,15.617,22.069,2.588,3.015,3.512,,0.0
2005-08-13,17.496,22.647,2.162,2.85,3.438,,16.47128677368164
2005-08-14,22.151,47.15,2.375,3.52,3.362,,20.89090919494629
2005-08-15,26.905,39.917,3.75,3.72,3.77,,3.0987038612365723
2005-08-16,26.366,30.652,5.26,4.81,3.99,,24.72597885131836
2005-08-17,48.231,53.39,5.43,4.113,4.59,,18.572113037109375
2005-08-18,27.955,107.493,6.54,3.76,5.325,,1.3916441202163696
2005-08-19,31.876,53.966,7.3,8.94,3.77,,6.304765224456787
2005-08-20,23.424,22.156,6.065,3.76,3.438,,0.0
2005-08-21,20.652,23.782,6.825,3.24,3.88,,12.71047306060791
2005-08-22,72.817,46.49,5.735,4.81,6.61,,12.94074535369873
2005-08-23,68.189,35.743,8.25,5.52,4.265,,15.515951156616211
2005-08-24,24.422,47.301,7.205,4.4,3.935,,24.369583129882812
2005-08-25,24.006,33.372,5.4,3.81,3.592,,12.265228271484375
2005-08-26,15.278,22.457,5.81,3.988,4.027,,15.658393859863281
2005-08-27,23.517,55.492,3.7,5.47,2.911,,0.0
2005-08-28,28.48,50.535,4.63,3.76,3.442,,29.81232261657715
2005-08-29,20.791,45.829,4.279,3.68,3.325,,0.0
2005-08-30,28.479,31.894,2.763,3.64,3.25,,18.887615203857422
2005-08-31,34.828,36.922,2.837,4.732,3.25,,12.312210083007812
2005-09-01,52.229,44.264,3.34,7.295,4.435,,2.3638675212860107
2005-09-02,40.333,53.07,2.862,5.091,3.602,,34.10626220703125
2005-09-03,49.818,71.79,6.734,8.698,9.593,,18.554346084594727
2005-09-04,35.473,44.83,3.32,4.4,3.935,,0.18744701147079468
2005-09-05,30.142,46.983,2.893,4.161,3.56,,19.134052276611328
2005-09-06,27.852,95.382,2.828,3.254,3.733,,19.14443588256836
2005-09-07,36.951,82.897,6.327,,16.91,,10.503263473510742
2005-09-08,8.858,41.525,3.545,7.495,3.99,,6.6512322425842285
2005-09-09,20.15,32.603,2.837,8.126,3.325,,13.814437866210938
2005-09-10,22.909,28.846,2.782,4.9,3.25,,0.5086852312088013
2005-09-11,20.62,35.553,2.908,5.115,3.137,,12.921485900878906
2005-09-12,12.196,25.44,3.059,4.4,3.175,,2.1301472187042236
2005-09-13,19.305,35.573,3.059,4.1,3.092,,0.5696654319763184
2005-09-14,15.498,25.598,3.079,4.1,3.025,,4.479912757873535
2005-09-15,20.577,51.495,3.023,19.51,3.404,,16.43492889404297
2005-09-16,18.76,29.244,2.782,5.46,3.175,,4.173497676849365
2005-09-17,17.962,18.192,2.172,4.0,2.875,,0.0
2005-09-18,5.234,27.695,2.968,3.724,2.8,,0.0
2005-09-19,19.742,22.445,3.19,3.56,2.805,,21.026865005493164
2005-09-20,18.658,19.572,3.695,3.48,3.025,,4.813022613525391
2005-09-21,32.818,29.489,4.458,11.46,3.438,,36.351722717285156
2005-09-22,25.959,33.17,3.19,4.0,3.4,,0.0
2005-09-23,24.926,86.211,4.533,5.838,3.66,,27.175506591796875
2005-09-24,31.188,48.282,4.158,17.46,4.675,,1.295149803161621
2005-09-25,45.303,60.471,10.34,5.582,5.468,,3.6607487201690674
2005-09-26,55.28,69.221,6.562,4.493,4.1,,29.174785614013672
2005-09-27,80.386,71.416,6.04,6.08,4.77,,17.443405151367188
2005-09-28,101.318,105.73,23.16,22.92,15.99,,54.5131721496582
2005-09-29,29.647,67.351,20.84,8.456,8.395,,4.454272270202637
2005-09-30,85.801,57.177,17.36,5.52,4.931,,0.0
2005-10-01,42.906,60.576,17.37,4.103,24.12,,33.56305694580078
2005-10-02,25.958,42.368,16.81,5.184,7.89,,8.574766159057617
2005-10-03,56.962,56.371,16.81,4.8,5.595,,8.769599914550781
2005-10-04,49.768,46.739,17.37,5.862,9.229,,27.43648338317871
2005-10-05,26.292,79.272,14.5,4.6,6.0,,0.0
2005-10-06,32.449,52.523,14.4,8.927,5.733,,12.978052139282227
2005-10-07,25.618,46.916,11.38,5.129,5.325,,15.250808715820312
2005-10-08,36.035,46.97,12.42,7.686,4.92,,0.2858893573284149
2005-10-09,35.667,63.099,16.74,5.335,10.54,,30.241596221923828
2005-10-10,39.098,45.803,17.3,5.69,6.234,,0.17180033028125763
2005-10-11,48.314,51.985,19.07,5.16,6.003,,17.199169158935547
2005-10-12,35.409,55.551,13.84,5.405,5.46,,21.984695434570312
2005-10-13,21.669,32.443,12.04,4.75,4.595,,6.448493003845215
2005-10-14,37.469,61.598,9.133,4.597,5.852,,0.8351553082466125
2005-10-15,47.738,73.06,15.03,9.297,16.69,,8.170461654663086
2005-10-16,38.153,88.794,20.24,6.229,9.317,,6.008981227874756
2005-10-17,40.711,69.38,24.33,12.14,14.78,,4.098209857940674
2005-10-18,33.016,57.02,23.71,5.23,8.84,,27.3961181640625
2005-10-19,22.053,69.201,13.51,5.28,6.28,,4.587779521942139
2005-10-20,87.089,93.789,13.84,9.729,10.21,,32.032875061035156
2005-10-21,43.629,62.56,16.74,5.705,8.684,,0.4860471785068512
2005-10-22,32.294,59.238,14.14,5.291,8.828,,38.85391616821289
2005-10-23,37.629,78.579,23.16,4.218,4.004,,15.560323715209961
2005-10-24,37.629,113.722,31.01,16.83,18.25,,14.378085136413574
2005-10-25,60.594,86.655,18.99,6.773,14.05,,18.742313385009766
2005-10-26,35.207,84.648,22.0,7.622,16.32,,16.11929702758789
2005-10-27,47.356,79.08,22.0,6.988,28.62,,8.370718002319336
2005-10-28,88.909,116.085,27.0,10.04,14.33,,44.460365295410156
2005-10-29,39.985,79.348,20.48,5.924,21.69,,16.44161605834961
2005-10-30,34.847,69.459,21.31,5.259,12.28,,6.56601095199585
2005-10-31,34.637,73.362,18.4,5.1,15.13,,0.0
2005-11-01,98.917,110.343,13.65,11.5,11.74,,22.536582946777344
2005-11-02,94.28,87.998,17.37,14.67,13.46,,23.086578369140625
2005-11-03,32.553,92.534,18.86,6.731,11.15,,0.8806707262992859
2005-11-04,75.086,73.973,16.58,13.28,8.391,,28.818334579467773
2005-11-05,36.986,54.417,13.27,5.22,6.28,,1.3145971298217773
2005-11-06,41.344,75.591,13.15,4.836,5.527,,0.9631209373474121
2005-11-07,42.303,50.384,15.67,5.556,6.58,,31.244964599609375
2005-11-08,41.04,68.76,13.15,3.159,4.65,,2.2371826171875
2005-11-09,72.738,106.33,15.01,19.14,12.54,,45.0543327331543
2005-11-10,151.772,112.873,21.29,14.59,18.4,,37.21666717529297
2005-11-11,55.418,80.215,19.1,9.278,11.63,,22.25093650817871
2005-11-12,53.985,74.786,21.29,6.4,25.01,,9.054957389831543
2005-11-13,71.17,75.826,20.13,9.306,15.25,,42.06610870361328
2005-11-14,42.888,82.482,18.28,6.585,10.0,,23.660934448242188
2005-11-15,83.851,93.267,18.28,8.571,8.367,,3.806400775909424
2005-11-16,64.868,88.787,14.15,6.965,4.524,,41.9512939453125
2005-11-17,62.314,74.839,19.67,6.015,17.76,,6.472373962402344
2005-11-18,48.179,87.708,18.42,5.366,11.08,,6.130462169647217
2005-11-19,54.69,78.049,25.28,6.331,14.6,,0.0
2005-11-20,45.975,64.398,18.17,5.34,9.216,,0.0
2005-11-21,79.239,67.907,13.27,5.28,6.735,,0.0
2005-11-22,113.724,106.766,29.1,,20.6,,73.41829681396484
2005-11-23,59.802,87.197,21.58,6.183,16.04,,5.019107341766357
2005-11-24,52.807,58.411,15.56,5.7,7.388,,1.4545282125473022
2005-11-25,46.914,57.603,13.51,5.46,6.0,,0.3560146987438202
2005-11-26,39.92,53.786,12.27,5.1,5.258,,1.6202160120010376
2005-11-27,43.106,39.291,13.42,4.87,4.92,,0.0
2005-11-28,34.006,40.128,10.62,4.76,3.99,,0.0
2005-11-29,31.277,45.299,8.299,4.7,4.045,,0.0
2005-11-30,29.892,38.67,9.417,4.3,3.77,,0.0
2005-12-01,34.214,30.771,5.309,4.5,3.77,,0.0
2005-12-02,36.913,33.626,4.579,4.0,3.715,,0.0
2005-12-03,29.505,33.635,4.238,3.82,3.715,,0.0
2005-12-04,29.982,35.431,3.92,4.0,3.792,,0.7058429718017578
2005-12-05,25.326,41.188,9.435,3.76,3.979,,5.784282684326172
2005-12-06,28.378,39.503,10.23,3.85,4.961,,0.49975520372390747
2005-12-07,19.639,40.394,8.586,3.95,3.605,,0.0
2005-12-08,32.326,35.185,4.815,4.15,3.512,,0.0
2005-12-09,28.084,33.963,5.802,4.2,4.971,,0.0
2005-12-10,23.338,35.702,5.382,3.52,3.287,,0.0
2005-12-11,20.481,52.038,4.37,3.9,3.213,,3.305577039718628
2005-12-12,23.556,52.75,5.508,5.139,3.428,,41.745574951171875
2005-12-13,22.405,44.764,6.599,4.1,3.25,,4.276208877563477
2005-12-14,24.015,35.623,4.703,3.81,3.076,,9.279427528381348
2005-12-15,20.911,38.231,5.623,3.56,3.513,,12.395708084106445
2005-12-16,13.518,30.25,5.077,3.48,4.949,,0.0
2005-12-17,17.555,29.916,4.516,3.6,3.325,,0.0
2005-12-18,22.087,34.264,3.47,3.52,4.54,,4.979502201080322
2005-12-19,21.005,27.294,3.32,3.48,4.43,,0.0
2005-12-20,23.371,38.965,3.657,3.6,4.375,,0.0
2005-12-21,40.223,52.298,4.375,3.4,5.19,,7.034178256988525
2005-12-22,21.675,41.787,5.572,5.16,5.392,,28.095382690429688
2005-12-23,20.628,37.477,6.027,3.48,5.055,,13.799756050109863
2005-12-24,17.443,48.115,3.524,3.52,5.19,,14.162628173828125
2005-12-25,61.059,53.572,5.247,3.76,7.365,,27.13510513305664
2005-12-26,34.202,39.379,9.955,3.9,4.945,,15.914393424987793
2005-12-27,24.113,32.382,6.295,3.6,4.43,,0.0
2005-12-28,17.4,25.32,5.831,3.28,4.21,,0.1676768958568573
2005-12-29,26.744,25.445,6.04,3.44,4.155,,0.12041230499744415
2005-12-30,16.098,31.371,3.059,3.28,4.1,,0.0
2005-12-31,17.538,22.11,2.948,3.36,4.045,,0.0
2006-01-01,15.389,22.206,2.837,2.975,3.99,,0.0
2006-01-02,24.502,34.275,4.614,2.9,3.99,,0.0
2006-01-03,14.908,33.102,5.496,2.95,3.99,,0.6025190353393555
2006-01-04,31.625,26.395,3.853,3.32,3.935,,9.102620124816895
2006-01-05,24.702,34.947,7.655,5.24,4.535,,0.0
2006-01-06,29.543,39.325,7.294,4.7,4.595,,0.0
2006-01-07,44.471,53.561,8.259,4.81,4.43,,0.0
2006-01-08,36.586,61.705,9.461,3.6,4.375,,0.0
2006-01-09,26.63,40.155,7.929,5.867,4.265,,0.0
2006-01-10,38.196,31.72,4.867,3.48,4.155,,9.801137924194336
2006-01-11,19.391,32.747,12.56,3.48,4.1,,3.4121811389923096
2006-01-12,15.051,34.79,12.12,3.04,3.99,,0.0
2006-01-13,19.284,34.183,7.641,3.0,3.99,,0.0
2006-01-14,19.18,27.332,5.518,3.12,3.88,,0.3687606453895569
2006-01-15,24.054,24.383,6.875,3.52,3.825,,15.570638656616211
2006-01-16,17.9,32.903,5.727,3.36,3.825,,0.0
2006-01-17,12.91,25.168,6.457,3.04,3.77,,0.0
2006-01-18,14.365,22.172,6.875,2.975,3.605,,8.490941047668457
2006-01-19,18.865,27.69,5.727,3.04,3.55,,0.0
2006-01-20,17.496,20.959,3.75,2.95,3.55,,0.0
2006-01-21,23.819,21.449,2.172,2.95,3.55,,0.0
2006-01-22,25.572,19.577,2.283,2.875,3.512,,0.0
2006-01-23,25.754,33.328,2.005,2.825,3.438,,0.3379666209220886
2006-01-24,21.446,29.685,2.338,2.875,3.362,,4.876763343811035
2006-01-25,27.777,27.939,2.615,3.44,3.25,,15.589921951293945
2006-01-26,22.978,21.744,2.505,3.2,3.66,,0.16859647631645203
2006-01-27,33.92,32.459,2.227,3.04,3.438,,40.57002639770508
2006-01-28,29.375,31.547,1.847,3.28,3.362,,7.704779148101807
2006-01-29,60.36,82.098,2.746,6.491,5.965,,43.914451599121094
2006-01-30,34.383,44.934,2.338,3.32,3.66,,0.0
2006-01-31,62.509,46.329,2.671,3.52,3.825,,16.25008773803711
2006-02-01,40.655,58.29,2.782,5.0,3.66,,33.18373489379883
2006-02-02,62.597,41.625,3.19,3.96,5.055,,23.83602523803711
2006-02-03,84.149,100.002,5.205,3.44,4.73,,35.86750411987305
2006-02-04,63.595,72.385,7.397,9.9,5.465,,29.107013702392578
2006-02-05,31.746,37.92,9.023,3.9,4.32,,7.582314968109131
2006-02-06,30.299,29.555,9.352,3.16,3.935,,1.7579476833343506
2006-02-07,18.621,28.747,6.875,3.2,3.764,,0.0
2006-02-08,33.951,23.44,5.518,2.95,3.475,,0.0
2006-02-09,27.171,19.05,3.949,2.9,3.339,,0.0
2006-02-10,14.952,20.042,2.394,2.85,3.325,,0.0
2006-02-11,27.537,25.386,2.008,2.8,2.371,,0.0
2006-02-12,23.527,37.693,2.782,2.75,3.148,,1.8430935144424438
2006-02-13,22.947,26.687,2.449,2.75,3.541,,0.43717432022094727
2006-02-14,19.085,22.497,2.061,2.75,3.063,,0.0
2006-02-15,27.312,20.329,1.792,2.7,2.987,,0.0
2006-02-16,10.532,16.995,1.792,2.7,2.05,,0.0
2006-02-17,23.557,29.997,1.264,8.395,2.806,,0.10202284902334213
2006-02-18,24.647,25.413,1.739,3.218,2.875,,0.0
2006-02-19,26.461,26.718,2.172,2.75,2.847,,2.577073574066162
2006-02-20,24.678,19.091,2.615,2.8,2.553,,0.0
2006-02-21,20.147,22.018,2.061,2.7,2.799,,0.0
2006-02-22,23.213,25.295,1.633,2.65,3.1,,0.0
2006-02-23,18.14,20.195,1.369,2.6,3.1,,0.0
2006-02-24,13.674,25.382,1.264,2.794,3.213,,0.06714820861816406
2006-02-25,25.872,17.785,1.581,3.419,3.1,,3.3247578144073486
2006-02-26,9.449,25.59,1.686,4.56,3.77,,13.080886840820312
2006-02-27,27.722,28.739,2.338,4.738,3.325,,1.1560295820236206
2006-02-28,23.437,25.097,2.449,2.875,3.175,,0.0
2006-03-01,13.194,18.587,1.903,2.75,2.95,,0.0
2006-03-02,25.587,17.943,1.633,2.741,2.95,,8.019918441772461
2006-03-03,14.978,23.438,1.475,2.7,2.95,,14.521638870239258
2006-03-04,18.26,20.087,2.394,2.6,2.95,,0.0
2006-03-05,20.362,18.755,2.449,2.635,2.838,,0.0
2006-03-06,42.488,28.819,3.023,2.746,2.8,,18.339874267578125
2006-03-07,32.263,43.88,3.995,6.741,3.025,,42.23672866821289
2006-03-08,31.453,20.791,6.562,3.448,3.175,,3.9705920219421387
2006-03-09,39.907,65.968,5.202,3.66,3.77,,16.678085327148438
2006-03-10,27.255,47.839,8.71,7.3,5.495,,13.049041748046875
2006-03-11,34.073,39.199,4.787,3.509,3.77,,0.510039210319519
2006-03-12,35.621,32.318,3.695,3.0,3.4,,5.695722579956055
2006-03-13,15.681,23.016,2.449,2.95,3.287,,1.9818003177642822
2006-03-14,14.249,23.315,1.903,2.6,3.213,,0.5981513261795044
2006-03-15,25.068,24.274,2.061,2.875,3.362,,15.86494255065918
2006-03-16,52.853,30.558,2.746,2.8,3.213,,0.3655346930027008
2006-03-17,89.89,68.933,1.633,6.595,3.137,,15.714363098144531
2006-03-18,75.544,27.71,3.584,3.12,4.1,,8.59124755859375
2006-03-19,65.853,24.16,3.949,2.9,3.66,,12.184867858886719
2006-03-20,50.098,25.741,3.695,2.8,3.175,,20.178325653076172
2006-03-21,76.676,30.486,6.04,2.7,3.438,,1.0833911895751953
2006-03-22,108.968,67.54,9.68,5.918,6.01,,18.996906280517578
2006-03-23,79.407,81.035,7.985,16.26,11.36,,20.023681640625
2006-03-24,47.864,48.683,15.52,6.386,5.325,,35.747581481933594
2006-03-25,41.158,36.265,12.9,4.437,4.54,,22.466144561767578
2006-03-26,31.841,36.464,11.21,3.743,4.155,,4.260465145111084
2006-03-27,42.998,44.377,8.695,3.36,3.88,,0.4541153311729431
2006-03-28,42.895,41.84,10.45,18.58,7.965,,15.187261581420898
2006-03-29,25.454,29.221,9.242,3.903,4.1,,0.0
2006-03-30,37.676,47.75,6.353,3.4,3.935,,24.04664421081543
2006-03-31,19.138,30.488,3.19,3.38,3.77,,23.185901641845703
2006-04-01,16.295,24.997,2.948,3.32,3.77,,7.131317138671875
2006-04-02,26.115,18.925,3.19,3.32,3.825,,29.2204532623291
2006-04-03,44.262,40.568,3.565,3.24,3.715,,2.8407487869262695
2006-04-04,51.461,39.903,3.695,3.982,3.438,,23.043861389160156
2006-04-05,43.526,31.108,2.893,3.6,3.362,,14.787103652954102
2006-04-06,54.019,58.265,6.353,7.218,3.77,,2.1598758697509766
2006-04-07,36.117,50.518,8.163,6.645,4.92,,12.915542602539062
2006-04-08,51.748,84.593,15.52,19.78,4.21,,14.948486328125
2006-04-09,42.775,55.177,18.28,7.727,17.36,,24.683425903320312
2006-04-10,30.536,44.346,17.26,4.754,5.215,,26.562122344970703
2006-04-11,51.546,66.908,14.82,5.274,6.28,,24.724475860595703
2006-04-12,39.586,61.518,18.3,4.255,5.595,,21.044261932373047
2006-04-13,47.428,67.329,14.47,4.376,4.92,,0.0
2006-04-14,50.563,86.983,25.26,7.35,29.4,,17.653696060180664
2006-04-15,36.511,71.303,19.13,3.81,12.4,,6.506865501403809
2006-04-16,32.334,76.49,20.71,3.8,8.12,,0.0
2006-04-17,28.174,57.502,17.83,4.5,8.04,,1.7041015625
2006-04-18,39.704,40.808,17.85,3.95,6.005,,19.87557601928711
2006-04-19,48.271,72.302,19.7,8.281,11.6,,21.69923973083496
2006-04-20,42.897,73.819,24.91,14.02,10.08,,4.617656230926514
2006-04-21,21.686,54.518,16.41,5.373,7.88,,8.393167495727539
2006-04-22,24.356,42.952,11.67,3.95,6.43,,0.0
2006-04-23,28.975,40.744,10.66,3.76,4.785,,31.65267562866211
2006-04-24,27.632,44.334,9.023,3.52,4.595,,0.6638203859329224
2006-04-25,40.13,37.259,9.68,3.6,4.375,,21.164644241333008
2006-04-26,131.272,119.749,23.16,6.389,10.4,,18.28018569946289
2006-04-27,131.272,119.749,21.76,4.6,17.92,,15.760049819946289
2006-04-28,40.703,67.138,18.99,4.5,30.8,,10.178240776062012
2006-04-29,38.234,80.845,22.0,4.878,33.2,,4.826493263244629
2006-04-30,58.472,99.891,28.22,8.502,36.6,,21.403432846069336
2006-05-01,63.15,113.201,27.7,4.15,41.0,,0.40968480706214905
2006-05-02,43.336,107.674,50.56,9.011,38.5,,23.535144805908203
2006-05-03,35.628,109.812,41.09,5.004,34.4,,1.642279028892517
2006-05-04,70.953,103.43,35.98,7.531,37.0,,26.5064697265625
2006-05-05,31.743,105.12,48.8,9.539,22.33,,38.7264404296875
2006-05-06,40.234,119.04,55.15,10.19,19.15,,12.022499084472656
2006-05-07,82.569,132.934,50.25,7.794,17.43,,10.221320152282715
2006-05-08,41.599,99.569,45.24,6.956,16.95,,18.83957862854004
2006-05-09,85.606,133.872,37.09,14.13,17.91,,30.408187866210938
2006-05-10,42.448,100.349,41.83,9.496,18.15,,17.761499404907227
2006-05-11,53.773,79.908,29.24,8.423,13.01,,12.36259937286377
2006-05-12,54.804,92.591,33.88,8.863,15.03,,15.687329292297363
2006-05-13,42.691,75.758,25.23,7.144,12.59,,16.510684967041016
2006-05-14,32.872,59.841,20.94,6.195,12.68,,4.567811965942383
2006-05-15,26.772,47.24,18.28,4.889,9.426,,0.0
2006-05-16,25.449,47.008,20.24,5.734,8.74,,21.63646125793457
2006-05-17,70.934,107.118,26.59,15.21,17.12,,38.10755157470703
2006-05-18,30.779,93.15,32.66,8.519,14.57,,9.753564834594727
2006-05-19,61.775,133.81,28.36,19.24,11.23,,9.806586265563965
2006-05-20,35.334,94.606,20.59,13.44,15.64,,0.9105575680732727
2006-05-21,57.442,69.518,19.08,6.07,10.67,,9.833325386047363
2006-05-22,59.246,49.735,15.52,5.867,8.379,,4.555909633636475
2006-05-23,37.882,57.216,12.17,5.363,7.613,,11.080526351928711
2006-05-24,28.876,49.928,10.45,5.427,7.13,,7.138118743896484
2006-05-25,28.396,41.606,8.804,4.3,6.61,,5.509152412414551
2006-05-26,35.615,36.619,9.789,4.2,,,5.10439920425415
2006-05-27,33.297,37.051,9.68,4.3,6.165,,15.775650024414062
2006-05-28,29.189,60.901,10.66,4.35,5.881,,0.3921094834804535
2006-05-29,38.945,41.76,11.1,5.907,6.775,,18.132396697998047
2006-05-30,14.664,36.979,10.12,4.1,5.801,,0.7730557918548584
2006-05-31,29.994,35.941,8.367,5.28,5.587,,9.086926460266113
2006-06-01,74.926,83.283,8.476,7.334,5.509,,25.449710845947266
2006-06-02,40.563,78.983,22.0,,15.23,,28.62533950805664
2006-06-03,42.664,72.94,19.23,9.537,8.234,,21.226184844970703
2006-06-04,62.292,55.191,11.79,5.697,7.29,,3.8255462646484375
2006-06-05,42.534,70.91,22.0,7.18,9.185,,32.170719146728516
2006-06-06,36.072,71.736,23.71,14.88,8.419,,17.7078914642334
2006-06-07,27.408,66.901,18.4,5.376,7.13,,10.054224967956543
2006-06-08,24.292,79.959,17.37,10.4,7.937,,13.2711820602417
2006-06-09,32.738,68.127,19.9,6.618,7.613,,2.3527309894561768
2006-06-10,25.069,92.121,16.58,14.98,7.451,,27.289276123046875
2006-06-11,26.849,76.073,18.28,9.852,7.25,,1.7836641073226929
2006-06-12,43.34,54.305,19.02,10.9,7.13,,13.237619400024414
2006-06-13,30.725,50.746,12.29,5.7,6.53,,1.2202270030975342
2006-06-14,26.184,43.198,13.4,8.366,6.489,,18.568090438842773
2006-06-15,27.235,47.145,17.94,6.325,6.569,,0.048263609409332275
2006-06-16,30.46,53.192,15.48,12.93,6.408,,5.411599159240723
2006-06-17,14.512,45.818,10.34,5.28,6.489,,0.0
2006-06-18,18.603,37.798,9.571,4.75,6.243,,8.468306541442871
2006-06-19,24.921,47.547,7.929,4.4,7.215,,8.67791748046875
2006-06-20,14.246,45.716,6.875,5.05,10.4,,5.2061591148376465
2006-06-21,25.775,39.395,7.819,3.677,6.826,,8.409296035766602
2006-06-22,16.657,43.032,8.163,3.863,6.687,,0.0
2006-06-23,19.313,32.3,6.144,4.55,5.761,,7.9224958419799805
2006-06-24,16.723,27.614,4.996,4.2,5.881,,5.404339790344238
2006-06-25,12.442,24.884,5.831,4.2,5.637,,0.0
2006-06-26,19.872,26.051,6.04,4.15,5.48,,4.0595502853393555
2006-06-27,18.715,40.583,4.07,4.0,5.44,,0.2740134596824646
2006-06-28,14.871,21.76,3.32,3.533,5.28,,8.85858154296875
2006-06-29,15.464,24.931,3.059,2.384,5.16,,0.0
2006-06-30,11.913,24.871,3.245,3.64,5.227,,0.0
2006-07-01,15.277,25.537,2.615,3.6,5.0,,0.0
2006-07-02,15.451,18.735,2.948,3.52,4.974,,0.0
2006-07-03,22.6,28.106,3.245,3.48,4.92,,0.0
2006-07-04,18.09,27.286,2.615,3.48,4.88,,3.072124481201172
2006-07-05,20.341,16.032,3.115,3.48,4.8,,1.5220731496810913
2006-07-06,21.291,22.04,2.912,3.32,,,0.0
2006-07-07,24.948,20.427,2.449,3.32,,,0.0
2006-07-08,20.613,21.2,2.172,3.28,4.631,,0.5072798728942871
2006-07-09,27.271,16.89,1.633,3.28,4.649,,0.19967934489250183
2006-07-10,26.423,20.051,1.955,3.28,4.52,,2.1194419860839844
2006-07-11,6.35,21.592,2.174,3.24,4.52,,10.698232650756836
2006-07-12,15.15,17.193,1.739,3.16,4.411,,0.0
2006-07-13,17.149,33.718,1.686,3.846,4.82,,18.7738094329834
2006-07-14,14.672,71.538,2.008,3.626,,,23.84115219116211
2006-07-15,32.67,40.949,2.338,11.2,7.449,,9.389982223510742
2006-07-16,15.166,31.455,3.19,4.0,4.88,,6.948513984680176
2006-07-17,19.996,25.733,2.338,3.64,4.6,,0.0
2006-07-18,28.066,29.258,1.792,3.543,4.677,,13.820989608764648
2006-07-19,14.883,21.521,1.317,2.218,4.4,,2.169255256652832
2006-07-20,14.698,18.093,1.106,3.16,,,2.8312010765075684
2006-07-21,19.613,32.643,1.739,3.08,4.2,,0.5590742230415344
2006-07-22,10.717,33.857,3.023,4.739,4.957,,21.132007598876953
2006-07-23,10.246,40.736,2.726,6.252,4.611,,12.328776359558105
2006-07-24,30.587,74.834,2.008,3.6,,,0.0
2006-07-25,19.851,38.711,3.079,4.555,4.36,,20.6873779296875
2006-07-26,17.99,33.306,2.615,3.6,4.666,,2.8272476196289062
2006-07-27,35.316,57.879,2.746,4.503,5.896,,26.60809898376465
2006-07-28,23.812,44.652,12.29,4.218,5.635,,20.145832061767578
2006-07-29,21.723,35.65,8.267,4.35,5.148,,0.0
2006-07-30,32.415,30.525,4.934,8.555,4.908,,4.404615879058838
2006-07-31,26.051,36.678,2.615,4.549,4.694,,9.949325561523438
2006-08-01,26.279,19.558,2.837,3.64,,,0.8665903806686401
2006-08-02,15.553,19.555,2.505,3.32,4.264,,3.736213207244873
2006-08-03,18.206,15.227,2.726,3.32,4.044,,1.5571842193603516
2006-08-04,11.342,16.791,2.008,3.24,3.957,,0.0
2006-08-05,12.381,19.358,1.528,3.24,3.921,,1.9265722036361694
2006-08-06,10.03,18.493,1.739,3.16,3.923,,0.0
2006-08-07,5.498,19.576,1.633,3.16,3.795,,20.524499893188477
2006-08-08,21.295,26.844,1.475,3.349,3.968,,5.7323102951049805
2006-08-09,30.381,40.492,2.008,11.16,4.886,,21.499731063842773
2006-08-10,22.079,20.774,1.739,3.95,4.067,,0.0
2006-08-11,36.534,23.773,1.528,3.65,3.917,,22.157730102539062
2006-08-12,20.079,16.394,1.106,5.08,4.204,,4.941433429718018
2006-08-13,19.925,15.984,1.369,3.24,,,0.0
2006-08-14,23.092,17.525,1.211,3.16,3.795,,0.0
2006-08-15,29.173,31.39,1.475,3.16,3.92,,10.46523380279541
2006-08-16,31.19,45.371,2.449,3.586,,,23.554889678955078
2006-08-17,24.907,51.048,1.633,13.18,6.688,,21.434595108032227
2006-08-18,80.057,84.115,3.121,12.04,7.452,,22.3427677154541
2006-08-19,22.135,47.976,8.61,5.986,5.2,,0.0
2006-08-20,19.495,43.036,11.24,7.617,4.76,,21.991931915283203
2006-08-21,19.722,60.086,10.88,16.94,6.648,,27.913076400756836
2006-08-22,16.654,32.096,10.77,5.76,4.96,,0.0
2006-08-23,17.804,31.433,6.875,7.07,4.44,,12.9883451461792
2006-08-24,56.74,41.028,3.565,4.8,4.32,,30.639522552490234
2006-08-25,31.105,58.75,2.061,4.4,4.44,,0.05815226957201958
2006-08-26,53.579,67.175,1.581,6.669,4.32,,28.285451889038086
2006-08-27,31.672,68.703,3.079,6.324,6.085,,0.5827174186706543
2006-08-28,17.556,32.961,2.505,4.92,5.2,,0.0
2006-08-29,25.531,38.575,1.903,4.4,4.76,,3.490772247314453
2006-08-30,28.502,37.987,1.264,8.237,4.56,,24.897443771362305
2006-08-31,11.339,65.036,1.581,4.92,4.44,,0.0
2006-09-01,71.425,39.458,4.045,8.234,4.72,,15.047622680664062
2006-09-02,27.762,44.029,5.202,5.877,4.4,,1.5058599710464478
2006-09-03,33.884,59.701,3.861,6.809,5.2,,10.468165397644043
2006-09-04,15.175,35.029,3.565,4.6,4.4,,22.339126586914062
2006-09-05,19.634,32.508,2.615,4.3,4.64,,0.4616277813911438
2006-09-06,15.076,35.414,2.172,4.761,4.4,,14.543523788452148
2006-09-07,28.598,58.683,4.279,4.377,4.56,,34.61974334716797
2006-09-08,74.402,88.306,13.27,17.6,8.742,,23.238994598388672
2006-09-09,43.282,74.348,18.51,12.21,8.42,,30.99749755859375
2006-09-10,18.563,79.36,16.69,5.1,5.2,,0.0
2006-09-11,56.29,90.861,12.65,17.48,5.36,,21.367259979248047
2006-09-12,20.896,57.898,11.21,9.95,5.52,,3.6608405113220215
2006-09-13,38.271,59.96,8.501,6.457,5.36,,21.668476104736328
2006-09-14,33.661,73.109,4.471,4.55,5.2,,0.0
2006-09-15,36.139,57.151,4.22,10.12,5.925,,19.392841339111328
2006-09-16,17.711,43.74,8.214,12.33,4.88,,12.141336441040039
2006-09-17,31.93,40.28,12.15,5.58,4.72,,0.2785837650299072
2006-09-18,26.967,51.93,9.352,10.03,6.245,,20.41439437866211
2006-09-19,40.437,63.107,6.771,5.28,5.08,,6.827905178070068
2006-09-20,21.613,65.694,12.23,9.31,6.487,,0.5232349038124084
2006-09-21,38.501,93.344,8.914,10.07,5.28,,21.082874298095703
2006-09-22,41.974,86.04,11.67,8.293,7.451,,15.050288200378418
2006-09-23,28.455,48.494,9.571,5.28,5.32,,0.0
2006-09-24,38.24,37.666,5.953,5.04,5.52,,29.494525909423828
2006-09-25,25.198,36.194,3.493,9.451,5.32,,2.453470468521118
2006-09-26,35.266,47.866,2.615,9.272,5.04,,11.856232643127441
2006-09-27,21.792,35.804,2.008,6.0,4.72,,0.0
2006-09-28,20.262,27.35,6.281,4.92,4.6,,3.040287494659424
2006-09-29,23.874,27.556,3.861,4.8,4.52,,7.939652919769287
2006-09-30,19.906,38.89,2.172,4.92,4.36,,12.838781356811523
2006-10-01,32.642,52.044,2.782,8.397,4.6,,14.985040664672852
2006-10-02,37.955,74.714,3.079,18.54,6.247,,16.113149642944336
2006-10-03,28.897,34.02,2.338,5.76,4.56,,9.52212142944336
2006-10-04,26.622,34.685,2.56,8.615,4.44,,25.993579864501953
2006-10-05,37.955,74.714,1.739,8.76,4.32,,5.828653812408447
2006-10-06,17.179,27.809,1.85,8.28,4.24,,0.0
2006-10-07,23.341,32.502,2.615,5.88,4.16,,0.4587366580963135
2006-10-08,29.514,24.302,2.837,6.39,4.12,,32.21086883544922
2006-10-09,77.468,48.245,2.615,6.91,4.2,,15.986305236816406
2006-10-10,47.769,71.118,3.245,6.655,4.64,,48.00918197631836
2006-10-11,89.004,68.832,8.214,12.27,6.005,,17.856613159179688
2006-10-12,38.579,52.416,10.77,7.473,4.52,,10.37335205078125
2006-10-13,34.205,71.576,15.56,12.83,8.58,,32.74702453613281
2006-10-14,58.842,82.197,17.15,14.11,6.408,,15.667350769042969
2006-10-15,40.75,69.101,24.73,6.34,6.486,,26.738018035888672
2006-10-16,60.487,65.543,21.21,7.04,7.695,,2.2145910263061523
2006-10-17,73.424,50.79,16.69,5.82,6.53,,26.09311294555664
2006-10-18,39.212,52.526,13.4,6.91,7.051,,0.7101608514785767
2006-10-19,92.412,76.128,11.35,7.32,5.802,,33.686317443847656
2006-10-20,27.625,45.29,10.23,5.04,6.405,,2.8281071186065674
2006-10-21,31.246,78.988,7.929,4.92,5.2,,0.0
2006-10-22,52.065,112.379,12.34,14.21,6.97,,6.490575313568115
2006-10-23,38.093,42.841,11.48,5.04,5.44,,35.7088508605957
2006-10-24,25.5,60.016,9.789,5.64,5.16,,4.453248977661133
2006-10-25,32.835,110.942,8.804,15.13,6.89,,10.577985763549805
2006-10-26,56.251,62.657,9.789,7.988,6.85,,27.001773834228516
2006-10-27,45.614,60.958,7.506,6.455,5.28,,2.022719383239746
2006-10-28,118.236,121.876,9.461,10.6,5.842,,28.949344635009766
2006-10-29,105.724,110.432,15.64,11.87,10.59,,4.58916711807251
2006-10-30,82.978,82.601,13.52,10.91,9.064,,29.403827667236328
2006-10-31,243.794,147.095,12.4,6.91,7.452,,25.54963493347168
2006-11-01,41.249,45.713,12.83,6.845,6.729,,2.4999773502349854
2006-11-02,33.165,45.989,13.41,5.58,6.408,,0.0
2006-11-03,30.949,41.232,9.023,5.88,6.003,,0.0
2006-11-04,29.263,34.352,7.929,8.145,5.6,,0.0
2006-11-05,42.684,35.698,7.616,6.52,5.4,,18.70875358581543
2006-11-06,33.708,48.281,8.586,5.34,5.28,,6.569668769836426
2006-11-07,40.158,65.2,7.835,5.78,5.561,,4.51902961730957
2006-11-08,52.853,66.518,10.77,5.34,11.31,,48.64371871948242
2006-11-09,39.464,48.254,12.67,6.135,6.568,,11.4613037109375
2006-11-10,29.952,49.709,13.97,5.785,6.246,,4.702048301696777
2006-11-11,140.455,113.072,14.25,8.573,7.29,,21.906200408935547
2006-11-12,116.874,151.686,23.16,18.64,24.1,,41.08124542236328
2006-11-13,40.1,111.148,28.8,7.56,14.61,,0.6592884063720703
2006-11-14,65.019,119.572,26.04,7.04,12.88,,31.62898826599121
2006-11-15,94.939,179.407,27.12,13.33,16.87,,52.19441604614258
2006-11-16,79.386,132.502,25.26,18.37,20.24,,19.43436622619629
2006-11-17,49.03,100.19,21.21,9.983,22.66,,9.864359855651855
2006-11-18,38.634,80.814,21.21,6.65,14.33,,7.291194915771484
2006-11-19,39.414,76.101,17.95,6.07,9.305,,0.7268925905227661
2006-11-20,58.081,63.752,13.97,6.325,8.178,,28.784698486328125
2006-11-21,73.364,80.004,14.27,7.885,8.902,,32.638736724853516
2006-11-22,45.72,87.238,20.41,6.39,8.099,,2.9064481258392334
2006-11-23,45.503,61.317,15.58,5.34,7.856,,8.565252304077148
2006-11-24,91.03,78.463,17.03,5.16,7.532,,3.4507365226745605
2006-11-25,61.994,77.143,16.2,6.2,9.225,,25.928756713867188
2006-11-26,42.229,100.343,21.43,9.177,7.856,,29.604251861572266
2006-11-27,36.974,72.862,20.55,5.22,7.451,,0.48190125823020935
2006-11-28,62.8,63.893,13.02,5.82,8.742,,15.874307632446289
2006-11-29,68.208,61.357,14.57,5.64,7.856,,8.410058975219727
2006-11-30,42.051,60.008,11.92,6.845,7.451,,6.450160980224609
2006-12-01,63.412,57.68,11.9,4.969,7.29,,21.847461700439453
2006-12-02,45.889,51.188,9.461,4.826,6.97,,10.417028427124023
2006-12-03,63.776,50.389,11.71,4.521,6.65,,5.978184223175049
2006-12-04,45.154,36.597,8.804,4.8,6.327,,0.0
2006-12-05,45.394,43.195,7.819,4.883,6.165,,8.80785846710205
2006-12-06,43.258,49.997,6.875,4.392,6.003,,6.66782283782959
2006-12-07,71.573,59.682,5.055,8.527,6.246,,2.843733549118042
2006-12-08,48.597,46.174,4.158,4.824,6.97,,12.738466262817383
2006-12-09,51.307,68.445,13.27,5.625,7.13,,36.06324005126953
2006-12-10,46.479,64.113,15.07,8.597,7.132,,1.2759917974472046
2006-12-11,63.205,64.511,11.35,4.819,6.003,,9.92870807647705
2006-12-12,62.993,78.59,13.4,8.704,6.327,,43.69739532470703
2006-12-13,49.782,37.31,10.66,4.398,6.003,,0.12083703279495239
2006-12-14,34.14,45.543,9.023,4.899,5.922,,0.34210407733917236
2006-12-15,30.398,49.503,10.88,3.888,5.963,,0.0
2006-12-16,28.873,44.977,9.461,4.5,6.408,,0.0
2006-12-17,38.517,29.584,8.153,4.35,6.165,,0.0
2006-12-18,16.401,53.941,9.789,4.447,5.922,,6.3328680992126465
2006-12-19,30.573,35.277,6.463,4.35,5.76,,1.4662421941757202
2006-12-20,32.851,70.203,3.32,5.208,6.246,,25.633214950561523
2006-12-21,29.387,30.513,5.368,4.35,5.72,,0.0
2006-12-22,34.873,43.9,3.19,4.413,5.44,,15.275278091430664
2006-12-23,27.267,45.086,3.695,8.583,5.36,,12.314920425415039
2006-12-24,27.78,39.457,5.309,5.025,6.165,,4.648984909057617
2006-12-25,34.999,32.243,5.368,4.262,5.68,,14.670883178710938
2006-12-26,24.519,62.846,3.19,4.15,5.32,,7.227928161621094
2006-12-27,44.512,61.374,3.398,6.432,5.2,,11.392744064331055
2006-12-28,54.441,41.777,3.19,7.102,5.12,,8.972146987915039
2006-12-29,34.684,20.914,3.861,4.35,5.04,,0.24749474227428436
2006-12-30,21.385,32.258,2.746,3.95,4.96,,0.0
2006-12-31,25.55,34.997,4.993,3.85,4.92,,11.695960998535156
2007-01-01,16.197,20.649,2.061,4.0,4.84,,0.0
2007-01-02,26.124,29.816,2.005,3.95,4.76,,3.4137465953826904
2007-01-03,20.256,23.063,1.897,2.384,4.64,,0.0
2007-01-04,19.532,32.229,1.844,3.72,4.64,,12.249200820922852
2007-01-05,10.668,31.37,,3.64,4.56,,0.0
2007-01-06,37.157,27.092,1.633,3.481,4.48,,8.522051811218262
2007-01-07,20.38,22.423,1.528,3.64,4.32,,0.0
2007-01-08,37.93,42.422,1.528,3.64,4.32,,3.3053219318389893
2007-01-09,35.934,44.077,2.219,10.02,6.408,,2.0521228313446045
2007-01-10,28.474,25.879,2.267,4.1,5.922,,0.7866264581680298
2007-01-11,25.16,30.155,3.364,3.9,5.36,,0.0
2007-01-12,21.608,47.729,1.739,3.923,4.96,,0.0
2007-01-13,38.784,21.924,1.729,3.552,4.56,,19.787883758544922
2007-01-14,27.097,53.663,1.686,3.8,4.4,,0.0
2007-01-15,22.686,28.631,1.869,3.8,4.32,,0.0
2007-01-16,61.636,46.957,,6.678,4.48,,1.4218780994415283
2007-01-17,83.005,86.542,,12.67,4.48,,16.624670028686523
2007-01-18,42.483,49.45,,4.92,4.4,,23.937335968017578
2007-01-19,30.006,39.598,1.422,4.2,4.32,,11.514325141906738
2007-01-20,27.315,30.823,1.436,3.95,4.28,,0.0
2007-01-21,51.564,34.225,1.503,4.067,4.4,,0.0
2007-01-22,30.119,30.146,1.506,4.307,4.64,,4.189632415771484
2007-01-23,35.563,50.285,1.29,3.9,4.56,,16.544513702392578
2007-01-24,17.549,27.519,1.211,3.52,4.48,,0.0
2007-01-25,21.539,25.885,,3.36,4.4,,18.71517562866211
2007-01-26,31.053,30.425,,3.6,4.72,,35.609127044677734
2007-01-27,34.26,41.11,2.582,3.893,5.04,,3.0628814697265625
2007-01-28,20.728,26.274,,3.6,4.72,,0.0
2007-01-29,18.74,25.455,1.369,3.52,4.56,,0.0
2007-01-30,15.239,21.812,1.211,3.64,4.48,,0.0
2007-01-31,14.632,27.162,1.121,4.88,4.32,,0.0
2007-02-01,17.401,24.68,,3.76,4.32,,0.09263923764228821
2007-02-02,23.453,15.316,1.053,3.52,4.24,,0.0
2007-02-03,18.752,21.663,0.993,3.52,4.16,,0.27527886629104614
2007-02-04,10.596,17.707,0.904,3.44,4.12,,0.0
2007-02-05,12.013,25.185,0.938,3.4,4.038,,0.0
2007-02-06,16.387,13.893,0.907,3.48,3.998,,0.0
2007-02-07,13.578,17.772,0.884,3.52,3.917,,0.0
2007-02-08,9.938,19.731,,3.28,3.876,,0.0
2007-02-09,19.179,23.253,1.205,4.05,3.836,,1.1047033071517944
2007-02-10,20.184,17.349,1.162,3.48,3.795,,6.855227470397949
2007-02-11,14.146,22.225,1.158,3.24,3.755,,0.0
2007-02-12,12.594,16.395,1.106,3.28,3.714,,0.0
2007-02-13,9.393,17.899,1.136,3.32,3.674,,0.0
2007-02-14,5.893,19.497,,3.16,3.674,,1.43142831325531
2007-02-15,21.306,18.882,,3.08,3.674,,0.22995595633983612
2007-02-16,22.092,19.128,0.977,3.12,3.674,,10.607933044433594
2007-02-17,10.671,18.212,0.974,3.04,3.593,,1.0897436141967773
2007-02-18,12.073,13.634,1.088,3.0,3.431,,0.0
2007-02-19,18.406,17.449,1.232,3.36,3.19,,0.0
2007-02-20,13.322,21.155,0.98,3.12,3.11,,0.0
2007-02-21,17.807,14.271,,3.0,3.03,,0.3578649163246155
2007-02-22,19.928,16.144,,3.0,2.95,,0.5947888493537903
2007-02-23,12.845,13.716,,3.0,,,0.0
2007-02-24,18.471,13.686,,3.0,2.91,,0.0
2007-02-25,14.51,36.312,,2.95,2.944,,0.6161702871322632
2007-02-26,9.435,20.091,,3.0,2.99,,0.13598522543907166
2007-02-27,11.114,11.61,,2.95,,,0.0
2007-02-28,6.617,21.833,0.98,2.9,,,0.0
2007-03-01,8.831,15.317,,2.637,2.91,,0.25116848945617676
2007-03-02,11.173,11.846,,3.0,,,0.0
2007-03-03,4.15,20.361,,2.912,2.896,,0.0
2007-03-04,22.9,69.37,,3.049,2.95,,1.6486015319824219
2007-03-05,30.894,40.34,1.727,4.757,,,26.77206802368164
2007-03-06,21.198,23.725,1.398,3.567,3.11,,2.771631956100464
2007-03-07,25.268,28.34,1.563,3.113,3.03,,19.125890731811523
2007-03-08,78.931,65.36,1.563,6.142,3.31,,28.85626792907715
2007-03-09,83.141,73.152,1.563,4.693,3.218,,39.65998840332031
2007-03-10,31.657,27.439,2.14,5.059,3.11,,0.0
2007-03-11,23.177,28.402,1.398,3.662,3.03,,13.9864501953125
2007-03-12,17.809,29.62,1.398,3.246,3.03,,4.013213157653809
2007-03-13,12.759,23.351,1.975,3.896,3.11,,4.3007707595825195
2007-03-14,19.082,28.268,1.81,3.24,2.95,,0.5347980856895447
2007-03-15,22.952,22.566,1.975,3.16,3.11,,3.7780086994171143
2007-03-16,16.001,27.54,2.057,3.08,2.99,,8.358881950378418
2007-03-17,21.67,21.011,3.675,5.484,3.391,,16.830425262451172
2007-03-18,21.478,26.706,2.563,3.136,3.23,,11.395121574401855
2007-03-19,20.924,36.227,3.5,5.285,3.07,,2.4917213916778564
2007-03-20,19.096,34.933,3.063,3.44,3.03,,21.151615142822266
2007-03-21,23.569,30.726,1.727,3.133,3.03,,22.92465591430664
2007-03-22,31.684,47.866,4.288,3.16,3.998,,17.901546478271484
2007-03-23,32.438,28.995,3.675,4.304,3.633,,0.6363059282302856
2007-03-24,24.991,25.122,2.6,3.28,3.642,,14.717122077941895
2007-03-25,32.896,25.535,,3.16,3.27,,5.599249839782715
2007-03-26,15.482,33.974,1.686,3.471,3.755,,1.1211369037628174
2007-03-27,20.436,36.271,2.724,3.258,,,3.4548466205596924
2007-03-28,32.713,45.017,11.47,4.524,4.496,,0.10592049360275269
2007-03-29,30.872,42.656,2.92,3.629,3.512,,28.03944969177246
2007-03-30,28.434,50.233,1.598,3.855,3.431,,1.9156662225723267
2007-03-31,43.13,64.347,,3.64,,,42.31099319458008
2007-04-01,19.135,60.006,1.913,5.175,3.35,,0.0
2007-04-02,35.269,50.37,,3.68,,,36.3046760559082
2007-04-03,57.266,88.493,8.73,6.66,5.456,,17.468881607055664
2007-04-04,36.447,86.21,10.93,9.483,7.881,,39.181915283203125
2007-04-05,29.286,91.162,16.96,9.138,6.309,,14.261548042297363
2007-04-06,29.535,84.962,16.21,6.038,7.64,,3.911421537399292
2007-04-07,24.591,59.66,12.74,9.649,4.96,,5.579040050506592
2007-04-08,54.154,97.41,6.127,6.638,4.6,,22.88203239440918
2007-04-09,76.856,114.677,15.66,8.956,8.751,,19.204532623291016
2007-04-10,24.035,54.158,7.5,,5.08,,19.408309936523438
2007-04-11,27.278,41.357,5.525,6.78,4.28,,8.694038391113281
2007-04-12,21.442,44.948,,5.28,3.998,,0.0
2007-04-13,24.663,36.442,4.287,4.7,3.917,,0.0
2007-04-14,23.094,35.322,3.555,4.4,3.772,,13.341586112976074
2007-04-15,18.069,46.108,3.348,4.3,3.755,,3.0333595275878906
2007-04-16,19.836,47.322,2.8,4.1,4.581,,8.120016098022461
2007-04-17,17.795,26.461,3.084,4.05,3.998,,0.0
2007-04-18,28.668,33.324,2.47,5.22,3.755,,18.389446258544922
2007-04-19,17.532,41.185,4.963,4.2,3.767,,4.035347938537598
2007-04-20,31.146,35.497,3.15,4.0,3.917,,20.720861434936523
2007-04-21,25.993,84.411,3.401,4.113,,,0.07964110374450684
2007-04-22,37.847,41.929,8.04,3.95,5.074,,33.9918098449707
2007-04-23,37.123,57.382,6.371,3.67,,,1.5626533031463623
2007-04-24,78.125,62.199,10.19,3.91,6.619,,22.835206985473633
2007-04-25,58.802,84.34,18.86,9.685,7.228,,41.484275817871094
2007-04-26,58.582,84.827,17.72,5.945,5.613,,23.235902786254883
2007-04-27,49.487,90.065,14.04,5.05,5.099,,15.006052017211914
2007-04-28,37.719,55.235,6.9,14.28,4.594,,0.874119758605957
2007-04-29,44.139,54.921,5.208,5.1,4.377,,31.251235961914062
2007-04-30,31.187,56.481,8.064,4.5,4.2,,0.0
2007-05-01,40.78,55.226,7.168,9.285,,,30.589014053344727
2007-05-02,38.603,53.855,10.66,4.15,5.131,,15.045557022094727
2007-05-03,66.344,53.771,7.702,8.81,4.496,,15.180694580078125
2007-05-04,40.945,103.629,10.08,7.81,4.461,,2.7311553955078125
2007-05-05,43.553,64.771,11.31,7.625,5.143,,10.319347381591797
2007-05-06,50.04,84.974,8.453,5.895,5.009,,16.749536514282227
2007-05-07,71.768,79.943,6.97,9.685,4.989,,24.771541595458984
2007-05-08,177.656,131.663,11.95,15.91,6.09,,36.71623611450195
2007-05-09,52.805,83.753,26.25,5.71,6.89,,0.31461137533187866
2007-05-10,117.641,89.281,16.86,13.08,7.958,,28.56154441833496
2007-05-11,40.819,53.539,10.91,6.265,5.427,,0.7301508188247681
2007-05-12,34.405,48.42,7.5,5.46,,,4.679303169250488
2007-05-13,37.098,53.862,8.123,7.105,4.764,,16.581966400146484
2007-05-14,43.665,54.198,7.833,4.88,4.4,,0.41932597756385803
2007-05-15,29.169,48.596,6.62,11.6,4.311,,6.600700378417969
2007-05-16,26.071,61.444,4.375,10.41,4.219,,5.856294631958008
2007-05-17,64.074,63.176,9.317,15.34,4.44,,22.20992660522461
2007-05-18,40.77,142.258,12.17,13.19,5.601,,42.59762954711914
2007-05-19,32.721,75.236,15.42,10.6,7.383,,14.545254707336426
2007-05-20,54.819,90.235,14.64,9.75,5.505,,35.63843536376953
2007-05-21,75.02,115.818,17.16,21.17,,,19.308177947998047
2007-05-22,42.69,99.329,27.69,11.41,9.527,,40.423133850097656
2007-05-23,43.095,97.972,23.3,9.708,,,3.193307399749756
2007-05-24,38.44,88.209,23.37,6.46,9.751,,15.566400527954102
2007-05-25,76.33,84.375,26.65,8.96,8.677,,11.731760025024414
2007-05-26,35.776,111.634,,16.24,12.43,,31.045024871826172
2007-05-27,39.319,127.303,,7.82,11.56,,7.458956718444824
2007-05-28,33.287,110.772,,9.222,11.56,,21.890445709228516
2007-05-29,72.138,117.135,,7.495,8.963,,15.352444648742676
2007-05-30,55.122,91.535,32.34,6.33,9.223,,2.416156768798828
2007-05-31,55.387,104.319,28.32,9.583,9.668,,19.029743194580078
2007-06-01,76.93,103.411,29.14,5.984,10.22,,20.31437110900879
2007-06-02,79.162,114.809,29.4,10.83,9.553,,7.692234992980957
2007-06-03,46.481,94.029,26.07,4.595,10.62,,0.0
2007-06-04,31.942,75.448,21.23,3.89,8.98,,0.0
2007-06-05,77.931,117.828,25.3,13.16,10.52,,28.398635864257812
2007-06-06,36.626,100.633,28.53,3.697,9.345,,0.10018553584814072
2007-06-07,33.559,86.299,21.78,5.006,7.795,,10.488171577453613
2007-06-08,33.895,59.728,15.06,3.76,,,0.7771777510643005
2007-06-09,55.499,97.185,14.53,16.78,7.215,,31.6982421875
2007-06-10,38.293,57.942,13.18,4.596,6.277,,3.132514476776123
2007-06-11,25.532,54.544,10.04,3.791,5.841,,0.0
2007-06-12,33.4,60.216,8.3,3.68,5.44,,4.848113059997559
2007-06-13,29.487,52.131,8.5,4.484,5.848,,2.30544376373291
2007-06-14,26.254,40.428,6.9,3.64,5.36,,0.06485699117183685
2007-06-15,20.856,36.491,6.5,3.64,5.178,,3.695537567138672
2007-06-16,22.21,43.082,6.11,3.56,5.04,,0.0
2007-06-17,21.508,39.862,8.474,3.56,4.92,,0.0
2007-06-18,24.24,64.165,5.915,3.56,4.8,,6.435655117034912
2007-06-19,50.489,46.451,6.491,3.56,4.86,,8.03524398803711
2007-06-20,27.102,35.76,6.11,4.009,4.8,,9.923534393310547
2007-06-21,28.105,53.344,5.696,3.56,4.699,,0.7455763816833496
2007-06-22,23.057,50.424,6.903,3.896,5.663,,14.156481742858887
2007-06-23,27.475,36.812,6.79,3.56,4.72,,0.0
2007-06-24,22.611,37.194,4.745,3.56,4.6,,0.629488468170166
2007-06-25,19.978,31.026,4.55,3.56,4.52,,0.0
2007-06-26,28.858,34.39,4.2,3.48,4.44,,0.0
2007-06-27,23.799,28.076,4.112,3.48,4.44,,0.10392417758703232
2007-06-28,20.701,27.0,5.525,3.784,,,0.0
2007-06-29,23.462,33.916,3.675,4.5,,,9.2335786819458
2007-06-30,26.333,28.023,2.8,4.5,4.48,,0.8737560510635376
2007-07-01,25.976,26.905,3.15,4.5,4.44,,0.0
2007-07-02,25.7,26.787,3.15,4.4,4.373,,0.0
2007-07-03,26.424,26.781,3.031,4.4,4.36,,0.0
2007-07-04,28.519,27.06,2.635,4.4,4.32,,0.0
2007-07-05,22.448,20.7,3.501,4.4,,,0.0
2007-07-06,21.252,24.052,2.47,4.4,4.28,,0.0
2007-07-07,29.618,22.07,2.47,4.4,4.2,,0.5276280641555786
2007-07-08,33.155,66.777,2.47,4.228,,,18.91061782836914
2007-07-09,31.535,47.707,6.646,7.073,4.657,,27.083019256591797
2007-07-10,28.683,63.382,5.525,4.4,4.32,,8.827980995178223
2007-07-11,18.842,43.567,3.885,17.5,4.6,,12.287510871887207
2007-07-12,25.813,32.143,4.479,4.5,4.2,,5.994879245758057
2007-07-13,33.221,46.89,2.8,4.268,4.185,,12.010404586791992
2007-07-14,37.844,42.401,2.635,6.762,4.16,,16.049285888671875
2007-07-15,38.106,33.987,2.47,4.5,,,17.260799407958984
2007-07-16,33.28,67.237,3.438,4.254,4.326,,17.461013793945312
2007-07-17,37.719,54.2,3.57,6.921,4.646,,18.379505157470703
2007-07-18,56.67,59.221,4.785,16.21,4.869,,23.600643157958984
2007-07-19,31.346,41.262,3.85,5.207,4.35,,0.0
2007-07-20,27.863,37.394,7.112,5.597,4.416,,28.863079071044922
2007-07-21,21.638,59.616,9.404,6.259,4.992,,20.857501983642578
2007-07-22,62.255,78.615,9.258,4.873,4.509,,2.906386137008667
2007-07-23,37.882,59.066,10.83,7.322,5.989,,9.924219131469727
2007-07-24,61.161,92.92,13.26,7.005,5.349,,34.12916946411133
2007-07-25,29.525,49.57,11.25,4.6,4.96,,1.0958068370819092
2007-07-26,20.482,29.25,5.33,4.6,,,9.21200180053711
2007-07-27,44.446,50.103,4.746,5.945,4.95,,17.39809799194336
2007-07-28,46.989,69.303,6.059,16.83,5.412,,18.306133270263672
2007-07-29,25.791,30.311,4.94,5.58,4.84,,0.0
2007-07-30,32.49,29.52,7.852,4.8,,,0.0
2007-07-31,32.978,29.27,4.375,4.7,,,4.314086437225342
2007-08-01,16.885,27.146,4.2,4.7,4.52,,0.0
2007-08-02,27.329,27.581,3.15,4.7,4.44,,9.145045280456543
2007-08-03,32.214,29.72,3.5,4.6,4.44,,16.43004608154297
2007-08-04,20.212,27.913,3.15,4.6,4.4,,10.17302417755127
2007-08-05,70.293,36.508,2.975,4.6,4.374,,17.044397354125977
2007-08-06,24.521,45.243,3.238,11.9,4.803,,13.961095809936523
2007-08-07,22.161,30.376,4.288,4.767,4.56,,20.427043914794922
2007-08-08,28.785,43.55,3.85,4.7,4.707,,11.02359390258789
2007-08-09,17.906,38.267,3.675,6.327,4.64,,4.322260856628418
2007-08-10,27.383,33.352,3.5,5.067,,,0.0
2007-08-11,28.457,32.774,3.194,5.295,4.84,,23.96499252319336
2007-08-12,33.062,24.444,2.635,4.7,,,0.22570586204528809
2007-08-13,13.725,43.791,2.305,4.7,4.48,,21.376684188842773
2007-08-14,44.693,71.666,8.868,22.21,5.37,,30.430856704711914
2007-08-15,39.893,69.651,8.327,5.651,5.48,,1.4978013038635254
2007-08-16,32.04,81.906,5.606,13.22,5.4,,10.198429107666016
2007-08-17,69.426,96.19,4.55,6.661,4.666,,34.39558792114258
2007-08-18,103.163,77.016,9.142,14.09,6.406,,12.383753776550293
2007-08-19,119.073,82.351,10.79,8.229,5.52,,13.8183012008667
2007-08-20,68.831,89.347,10.47,11.96,6.525,,20.42569923400879
2007-08-21,27.271,45.797,13.66,6.225,5.2,,0.0
2007-08-22,21.197,37.499,6.305,5.368,4.8,,21.868820190429688
2007-08-23,23.019,50.364,4.375,5.431,4.68,,7.9254045486450195
2007-08-24,87.777,54.429,4.025,6.447,4.84,,5.9168806076049805
2007-08-25,70.044,89.681,9.782,13.18,7.02,,37.120033264160156
2007-08-26,40.338,73.394,14.44,6.91,6.568,,20.06178855895996
2007-08-27,26.833,64.767,12.27,6.533,,,5.168727874755859
2007-08-28,26.668,76.348,9.285,5.563,5.882,,0.0
2007-08-29,96.868,155.64,11.16,14.5,6.99,,48.84418869018555
2007-08-30,56.433,84.327,14.56,,8.586,,22.177013397216797
2007-08-31,71.609,70.832,13.79,8.669,,,13.631156921386719
2007-09-01,69.314,87.147,11.21,15.68,7.973,,17.405820846557617
2007-09-02,35.943,69.217,11.65,7.845,6.205,,0.0
2007-09-03,59.937,68.388,6.662,9.146,6.226,,7.9733567237854
2007-09-04,31.983,48.817,7.2,6.618,5.12,,2.337076187133789
2007-09-05,34.361,39.41,6.856,6.065,5.44,,5.913301944732666
2007-09-06,45.202,65.21,7.202,5.64,5.28,,0.0
2007-09-07,113.335,94.876,12.22,12.42,8.177,,30.58820152282715
2007-09-08,40.31,80.372,15.34,13.09,7.801,,18.764545440673828
2007-09-09,56.27,68.432,12.87,17.19,6.803,,40.4592399597168
2007-09-10,32.847,75.968,9.591,7.729,5.841,,0.0
2007-09-11,85.037,65.12,8.966,16.27,6.44,,10.279153823852539
2007-09-12,35.074,50.787,7.789,16.08,5.72,,11.5926513671875
2007-09-13,30.433,36.614,5.915,9.998,,,8.644431114196777
2007-09-14,48.965,82.554,11.52,,6.084,,15.026339530944824
2007-09-15,90.298,90.093,10.41,,7.892,,21.63916015625
2007-09-16,45.818,69.715,14.37,9.648,6.569,,18.048147201538086
2007-09-17,32.939,44.913,9.632,14.73,5.841,,0.6752280592918396
2007-09-18,73.148,64.158,11.01,12.84,6.736,,21.45265769958496
2007-09-19,80.255,79.473,8.1,11.32,5.76,,8.491777420043945
2007-09-20,59.061,67.661,13.32,22.46,8.901,,33.44570541381836
2007-09-21,97.578,118.797,20.77,,8.934,,33.48398971557617
2007-09-22,65.837,113.325,15.46,22.17,8.452,,8.015081405639648
2007-09-23,59.478,101.958,15.47,20.1,9.984,,21.774599075317383
2007-09-24,115.999,81.608,12.27,15.94,7.551,,14.793307304382324
2007-09-25,95.645,88.686,18.87,18.38,7.771,,28.268035888671875
2007-09-26,108.385,89.8,29.11,17.57,9.059,,26.154644012451172
2007-09-27,49.718,93.786,18.43,8.81,7.856,,0.2966470718383789
2007-09-28,84.307,65.522,17.79,14.3,7.25,,12.55958366394043
2007-09-29,30.799,51.704,13.18,10.37,6.61,,0.26083940267562866
2007-09-30,34.818,60.523,14.04,18.22,6.448,,24.23909568786621
2007-10-01,71.653,95.621,16.72,10.4,8.814,,26.995830535888672
2007-10-02,61.605,64.73,13.3,10.36,7.096,,5.835996150970459
2007-10-03,80.513,118.439,16.85,18.37,7.447,,27.215953826904297
2007-10-04,73.534,110.234,17.11,19.86,7.688,,15.089627265930176
2007-10-05,77.624,98.314,24.35,13.32,10.77,,45.68427658081055
2007-10-06,73.203,82.556,16.06,14.22,10.59,,1.9055259227752686
2007-10-07,57.642,82.267,15.3,7.885,8.299,,19.173175811767578
2007-10-08,57.706,95.077,10.47,8.65,7.783,,4.508181571960449
2007-10-09,89.805,156.773,23.48,25.2,11.33,,69.16690826416016
2007-10-10,59.397,149.312,25.71,10.69,11.48,,1.9090240001678467
2007-10-11,71.894,112.134,,,12.99,,10.955232620239258
2007-10-12,83.672,136.971,,13.65,12.24,,36.28547286987305
2007-10-13,53.362,93.064,26.71,13.78,10.91,,8.562393188476562
2007-10-14,71.587,112.657,22.92,12.67,9.587,,5.8122782707214355
2007-10-15,53.684,98.435,,11.87,11.36,,4.3074750900268555
2007-10-16,48.68,75.797,17.21,12.68,9.609,,7.358830451965332
2007-10-17,36.19,83.673,16.14,10.1,8.836,,0.0
2007-10-18,146.716,130.112,18.06,11.19,13.58,,56.49602127075195
2007-10-19,63.196,99.633,12.78,10.14,9.019,,23.009639739990234
2007-10-20,63.82,106.149,20.49,7.95,12.28,,10.403043746948242
2007-10-21,49.659,94.152,15.19,10.1,10.0,,0.5709937214851379
2007-10-22,50.316,78.505,19.26,8.47,10.53,,16.76058578491211
2007-10-23,62.836,92.246,13.39,12.52,8.716,,17.229022979736328
2007-10-24,43.034,67.262,14.72,10.23,9.285,,27.426956176757812
2007-10-25,45.834,80.455,13.67,7.95,9.293,,4.930655479431152
2007-10-26,54.061,114.894,23.29,9.453,13.18,,29.755172729492188
2007-10-27,50.596,128.969,29.98,8.34,13.34,,26.195911407470703
2007-10-28,86.452,124.434,21.78,11.98,11.08,,3.5958473682403564
2007-10-29,110.409,142.109,18.9,10.54,11.97,,20.98771858215332
2007-10-30,69.899,128.215,,12.83,13.77,,16.95486831665039
2007-10-31,67.576,107.052,26.23,8.96,11.8,,15.760198593139648
2007-11-01,73.83,108.98,23.2,15.1,12.11,,3.747196912765503
2007-11-02,48.59,97.84,26.43,11.17,11.87,,13.06811809539795
2007-11-03,43.463,88.856,22.65,,11.24,,3.9016337394714355
2007-11-04,46.281,90.688,25.09,7.625,11.1,,2.0680346488952637
2007-11-05,44.97,96.65,26.96,11.38,13.12,,0.0
2007-11-06,45.173,98.458,23.02,17.49,10.9,,3.998875379562378
2007-11-07,49.259,88.195,21.47,15.52,10.6,,10.852437973022461
2007-11-08,45.34,70.31,16.16,11.33,9.87,,33.34423065185547
2007-11-09,41.86,73.518,15.59,10.81,10.2,,18.79922103881836
2007-11-10,49.11,93.9,20.1,9.035,10.33,,1.5306123495101929
2007-11-11,66.808,94.83,16.91,13.06,9.864,,8.800994873046875
2007-11-12,36.252,68.138,13.9,9.025,8.759,,15.36766242980957
2007-11-13,38.934,106.825,15.1,9.505,11.43,,28.83986473083496
2007-11-14,43.94,74.98,14.6,6.87,9.178,,18.721698760986328
2007-11-15,45.684,60.205,11.89,7.675,8.585,,0.0
2007-11-16,31.61,64.246,10.9,16.58,7.75,,0.7330425977706909
2007-11-17,40.36,90.27,10.97,7.755,8.252,,17.222457885742188
2007-11-18,36.59,61.94,10.05,6.39,,,0.15908080339431763
2007-11-19,36.64,54.99,9.477,14.98,,,0.0
2007-11-20,36.102,52.166,9.241,8.585,,,3.7491507530212402
2007-11-21,39.15,43.259,8.803,8.21,,,0.21405866742134094
2007-11-22,47.18,57.84,11.31,6.715,,,35.57352828979492
2007-11-23,66.381,64.116,11.9,6.845,,,26.063724517822266
2007-11-24,54.626,57.869,9.298,7.43,,,0.4084850251674652
2007-11-25,57.94,78.844,8.982,6.65,,,15.665380477905273
2007-11-26,34.472,48.899,9.009,6.585,,,6.24610710144043
2007-11-27,36.55,48.08,8.528,5.05,,,10.666848182678223
2007-11-28,52.31,53.58,6.05,4.4,,,7.430473327636719
2007-11-29,40.672,42.228,5.696,6.07,,,14.090336799621582
2007-11-30,33.73,45.627,8.594,4.05,,,5.400116920471191
2007-12-01,31.647,38.693,,4.55,,,0.0
2007-12-02,32.975,46.91,10.52,4.86,,,0.0
2007-12-03,35.539,67.37,8.134,4.3,,,0.0
2007-12-04,32.446,56.362,6.441,5.46,,,0.0
2007-12-05,29.864,38.589,,4.1,,,0.0
2007-12-06,30.556,32.531,,3.85,,,0.0
2007-12-07,27.807,42.463,,3.68,,,0.0
2007-12-08,35.079,40.46,9.228,4.5,,,0.0
2007-12-09,27.511,42.37,,4.5,,,2.7100841999053955
2007-12-10,19.413,39.152,,5.28,,,0.0
2007-12-11,36.006,39.579,,4.6,,,7.842469692230225
2007-12-12,29.368,37.955,7.583,4.98,,,0.0
2007-12-13,31.353,38.191,,4.81,,,0.0
2007-12-14,32.902,40.405,,4.35,,,0.0
2007-12-15,29.837,34.267,8.986,4.45,,,14.848485946655273
2007-12-16,24.22,61.626,11.06,4.6,,,0.0
2007-12-17,39.552,56.757,8.398,4.81,,,0.5375834703445435
2007-12-18,36.491,42.21,10.88,16.45,,,16.64957046508789
2007-12-19,36.076,53.12,16.96,5.04,,,1.3364962339401245
2007-12-20,27.695,48.719,12.77,5.88,,,0.0
2007-12-21,18.239,44.22,9.834,4.3,,,0.42271098494529724
2007-12-22,22.209,58.108,9.587,4.45,,,0.0
2007-12-23,101.987,128.391,12.08,4.0,,,14.544975280761719
2007-12-24,66.732,92.816,19.04,4.1,11.52,,87.31517028808594
2007-12-25,33.212,83.031,17.56,4.0,,,33.333465576171875
2007-12-26,45.09,77.69,13.84,6.285,,,29.54168701171875
2007-12-27,58.216,72.059,13.59,4.65,,,31.60125732421875
2007-12-28,42.49,68.01,12.35,4.65,,,0.8574311137199402
2007-12-29,32.615,70.858,9.999,4.25,,,29.58135414123535
2007-12-30,26.289,54.771,9.532,3.95,,,15.697039604187012
2007-12-31,22.718,47.159,8.844,3.95,,,0.0
2008-01-01,28.001,33.219,8.4,4.05,4.78,,0.0
2008-01-02,19.114,46.608,7.045,4.0,4.677,,0.0
2008-01-03,20.436,39.194,5.507,4.05,4.66,,0.27070552110671997
2008-01-04,27.605,39.159,7.181,3.95,4.733,,6.6428422927856445
2008-01-05,22.871,23.088,3.85,4.05,4.443,,0.0
2008-01-06,15.27,87.231,4.171,3.76,4.307,,0.8722578883171082
2008-01-07,40.326,52.886,3.165,4.15,4.223,,39.55064010620117
2008-01-08,30.805,38.545,3.901,4.81,4.133,,10.26146125793457
2008-01-09,21.876,66.046,4.544,9.323,4.43,,22.79343605041504
2008-01-10,34.451,82.486,6.957,16.61,6.106,,1.041961431503296
2008-01-11,31.831,70.051,8.937,6.78,6.343,,5.0630059242248535
2008-01-12,21.159,50.962,11.39,4.25,5.974,,0.0
2008-01-13,28.129,44.953,7.82,5.53,4.777,,0.0
2008-01-14,21.572,58.513,5.549,4.98,4.527,,0.0
2008-01-15,38.747,81.793,5.484,5.28,4.353,,1.0528464317321777
2008-01-16,30.397,43.35,5.347,5.88,4.24,,18.86343002319336
2008-01-17,28.492,54.022,5.647,4.4,4.353,,6.477850914001465
2008-01-18,39.347,36.55,4.745,4.2,4.207,,0.0
2008-01-19,26.212,33.136,3.306,3.81,4.032,,0.0
2008-01-20,17.442,36.614,2.525,4.1,3.822,,5.763754844665527
2008-01-21,23.604,54.39,2.305,3.95,3.816,,5.490571022033691
2008-01-22,25.914,39.684,2.326,4.05,3.725,,0.0
2008-01-23,29.425,54.113,2.023,3.85,3.586,,0.2660523056983948
2008-01-24,21.31,28.589,1.982,3.95,3.576,,0.09587669372558594
2008-01-25,38.057,49.712,2.14,3.72,3.634,,19.344430923461914
2008-01-26,30.023,32.494,2.533,4.05,3.708,,0.555705189704895
2008-01-27,28.178,27.277,2.037,3.85,3.505,,0.0
2008-01-28,27.108,25.931,2.436,3.68,3.441,,0.0
2008-01-29,25.216,26.124,1.707,3.44,3.273,,0.0
2008-01-30,24.79,25.433,1.356,3.56,3.157,,0.0
2008-01-31,25.518,26.725,2.201,3.64,3.137,,0.0
2008-02-01,25.375,28.673,1.11,3.81,3.11,,0.0
2008-02-02,13.293,21.072,0.906,3.95,3.11,,0.0
2008-02-03,12.354,26.938,1.137,3.48,3.073,,0.0
2008-02-04,22.155,21.688,0.807,3.56,3.013,,0.0
2008-02-05,23.718,24.445,0.743,3.48,2.99,,0.0
2008-02-06,11.758,28.623,0.692,4.65,3.03,,0.0
2008-02-07,28.858,32.38,0.695,4.25,3.22,,0.0
2008-02-08,43.654,34.602,0.672,4.81,3.073,,0.0
2008-02-09,27.346,31.003,0.658,3.95,3.0,,0.0
2008-02-10,48.995,43.018,0.644,4.45,3.332,,0.0
2008-02-11,29.605,29.045,0.644,3.91,3.157,,0.0
2008-02-12,14.648,20.953,0.617,3.6,3.017,,3.699446201324463
2008-02-13,40.915,79.313,0.597,4.05,3.067,,37.091888427734375
2008-02-14,17.967,56.048,1.013,6.07,3.892,,36.41691207885742
2008-02-15,34.933,44.479,1.09,12.85,3.371,,35.74726867675781
2008-02-16,55.597,42.499,1.279,6.195,3.469,,45.124969482421875
2008-02-17,27.101,44.17,9.419,5.28,4.244,,3.4181151390075684
2008-02-18,20.77,46.134,8.992,4.5,4.167,,13.704549789428711
2008-02-19,38.297,57.841,18.71,4.76,6.325,,35.30772018432617
2008-02-20,33.634,67.689,17.0,6.265,6.99,,6.093308925628662
2008-02-21,25.713,89.619,34.79,7.3,15.34,,8.714773178100586
2008-02-22,26.542,89.043,50.53,5.4,15.76,,0.0
2008-02-23,25.422,79.733,22.92,6.07,9.344,,0.0
2008-02-24,14.976,91.574,12.3,4.4,5.712,,0.0
2008-02-25,26.922,63.95,10.64,3.76,6.83,,16.57815933227539
2008-02-26,26.654,39.783,10.19,3.85,4.863,,0.28828030824661255
2008-02-27,25.102,47.727,8.277,4.3,4.357,,0.0
2008-02-28,35.304,46.42,7.659,4.05,4.143,,6.288867950439453
2008-02-29,24.615,41.15,7.758,4.3,4.133,,1.1366227865219116
2008-03-01,18.97,32.226,7.075,4.25,3.853,,0.0
2008-03-02,15.738,38.501,6.7,4.6,3.661,,0.09957177937030792
2008-03-03,27.304,42.965,7.334,4.98,3.785,,10.04288387298584
2008-03-04,59.203,79.572,9.267,5.59,7.946,,23.167774200439453
2008-03-05,25.597,63.058,15.43,10.78,7.194,,30.464649200439453
2008-03-06,62.789,63.467,12.64,4.45,6.817,,10.807500839233398
2008-03-07,33.065,68.633,15.03,5.04,7.909,,34.85114288330078
2008-03-08,23.326,59.909,11.18,4.45,7.641,,0.20489387214183807
2008-03-09,32.791,63.373,9.582,4.75,5.742,,0.0
2008-03-10,38.896,51.6,8.175,4.65,4.863,,0.553412139415741
2008-03-11,27.672,60.176,9.385,11.69,6.833,,0.0
2008-03-12,22.665,72.36,12.74,8.765,10.09,,0.0
2008-03-13,30.18,80.345,22.13,8.68,11.81,,4.574174880981445
2008-03-14,57.639,111.65,24.26,11.33,13.28,,47.82233428955078
2008-03-15,34.622,89.307,23.39,6.01,11.05,,0.0
2008-03-16,19.485,58.46,13.34,5.79,7.423,,0.0
2008-03-17,23.652,52.125,11.15,6.005,6.344,,8.413187026977539
2008-03-18,21.05,51.126,10.24,5.04,5.707,,0.0
2008-03-19,29.82,61.724,9.463,6.07,5.297,,12.047584533691406
2008-03-20,21.909,46.561,8.583,5.28,5.043,,5.49721622467041
2008-03-21,42.069,43.21,7.75,4.5,4.8,,17.63886070251465
2008-03-22,62.951,47.867,7.517,4.35,4.773,,3.9984982013702393
2008-03-23,58.548,43.914,7.674,10.15,4.557,,13.841995239257812
2008-03-24,42.749,86.574,23.36,6.715,7.095,,19.308101654052734
2008-03-25,28.14,63.286,15.2,6.39,5.415,,12.071660995483398
2008-03-26,29.012,55.12,8.393,4.5,4.413,,10.379862785339355
2008-03-27,47.197,46.164,4.879,4.3,4.217,,6.759008884429932
2008-03-28,44.114,39.362,4.626,6.555,5.154,,15.972516059875488
2008-03-29,29.333,34.963,4.018,6.07,5.144,,3.558353900909424
2008-03-30,31.854,44.89,14.4,8.595,5.843,,18.602413177490234
2008-03-31,32.987,69.37,13.94,7.105,7.872,,6.4071502685546875
2008-04-01,33.84,65.162,12.92,6.265,8.215,,22.32955551147461
2008-04-02,33.202,70.368,16.62,8.66,11.16,,0.1684713214635849
2008-04-03,22.746,92.42,18.11,7.235,12.29,,9.883572578430176
2008-04-04,30.827,67.058,14.78,6.455,9.274,,0.0
2008-04-05,16.851,53.792,7.355,8.31,7.1,,4.4945573806762695
2008-04-06,27.346,54.748,9.203,7.56,6.454,,13.576382637023926
2008-04-07,21.913,53.252,8.796,6.46,5.952,,15.902572631835938
2008-04-08,30.284,75.533,8.209,13.33,5.869,,2.2926201820373535
2008-04-09,24.567,72.11,10.32,6.075,6.356,,22.963624954223633
2008-04-10,40.346,48.296,8.922,4.55,5.517,,17.164716720581055
2008-04-11,28.805,41.583,8.847,4.93,5.652,,24.27913475036621
2008-04-12,26.27,36.341,9.7,4.94,5.387,,0.0
2008-04-13,49.444,53.867,8.681,4.75,5.224,,30.506683349609375
2008-04-14,32.51,86.744,8.626,5.655,6.061,,9.192132949829102
2008-04-15,43.05,97.318,13.49,16.6,11.05,,14.256439208984375
2008-04-16,38.232,61.276,10.2,15.61,7.054,,1.5679059028625488
2008-04-17,31.015,35.621,8.397,4.93,5.811,,0.0
2008-04-18,29.998,40.204,9.876,4.81,5.447,,0.0
2008-04-19,24.768,34.267,11.18,4.92,5.207,,0.23771338164806366
2008-04-20,40.375,52.156,11.41,4.25,5.287,,29.869693756103516
2008-04-21,41.018,42.318,9.023,4.86,5.337,,29.722885131835938
2008-04-22,24.251,36.182,9.543,4.5,5.15,,4.460954189300537
2008-04-23,72.474,75.292,8.903,10.68,5.395,,17.874631881713867
2008-04-24,85.379,63.918,9.464,6.39,5.903,,15.601292610168457
2008-04-25,77.63,69.438,10.41,5.64,5.89,,24.6860294342041
2008-04-26,78.919,68.302,11.61,5.625,5.597,,4.2095136642456055
2008-04-27,72.539,64.019,13.99,5.52,5.965,,33.12163162231445
2008-04-28,59.762,48.483,10.58,5.52,5.487,,0.0
2008-04-29,47.364,46.225,10.02,5.52,5.247,,22.96671485900879
2008-04-30,66.964,49.344,8.478,5.43,5.095,,21.257930755615234
2008-05-01,57.784,49.453,15.33,5.4,6.849,,18.57051658630371
2008-05-02,73.57,76.018,15.15,5.4,6.062,,22.713354110717773
2008-05-03,74.046,91.101,16.49,5.456,7.685,,8.562738418579102
2008-05-04,46.947,77.22,22.35,5.608,10.07,,12.382830619812012
2008-05-05,50.351,89.489,19.42,5.4,7.88,,0.2732686400413513
2008-05-06,35.908,86.077,42.97,5.4,14.18,,2.916576862335205
2008-05-07,31.967,62.593,22.4,5.4,9.338,,0.9164484143257141
2008-05-08,28.897,46.997,14.86,5.4,6.495,,2.555229902267456
2008-05-09,28.069,39.222,11.49,5.4,6.595,,0.0
2008-05-10,16.477,46.149,9.6,5.395,6.05,,0.0
2008-05-11,27.211,40.083,8.549,5.28,5.703,,9.439242362976074
2008-05-12,29.891,37.492,7.958,5.28,5.55,,20.46451759338379
2008-05-13,27.992,34.169,6.684,5.28,5.423,,8.322504997253418
2008-05-14,25.653,43.92,6.716,5.28,5.327,,4.0290608406066895
2008-05-15,41.952,88.445,8.247,5.28,5.217,,15.047002792358398
2008-05-16,46.409,59.356,7.883,5.28,5.397,,21.56203842163086
2008-05-17,28.249,46.359,8.032,5.28,5.665,,17.657970428466797
2008-05-18,20.744,44.626,7.438,6.066,5.382,,1.3622725009918213
2008-05-19,51.497,80.668,12.93,8.899,6.159,,26.813091278076172
2008-05-20,71.321,133.98,28.64,10.53,11.45,,34.87826919555664
2008-05-21,76.518,135.168,40.16,7.338,13.9,,10.796490669250488
2008-05-22,73.468,104.225,25.35,5.79,11.76,,28.18247413635254
2008-05-23,58.65,80.953,27.66,9.939,9.023,,17.89801597595215
2008-05-24,60.128,76.339,21.07,5.52,11.64,,4.464261531829834
2008-05-25,87.48,108.475,37.62,6.193,15.42,,21.362010955810547
2008-05-26,81.601,119.976,50.38,5.96,17.43,,11.551023483276367
2008-05-27,99.823,111.296,87.93,5.893,18.4,,12.601114273071289
2008-05-28,70.161,150.256,65.57,6.024,13.03,,54.815086364746094
2008-05-29,141.595,181.331,95.89,13.38,15.49,,6.730471611022949
2008-05-30,58.357,129.332,59.99,6.157,13.36,,2.7130608558654785
2008-05-31,41.974,90.549,31.63,5.829,11.16,,15.182886123657227
2008-06-01,32.808,101.113,22.58,5.64,9.439,,15.076387405395508
2008-06-02,51.148,95.219,19.78,10.11,10.65,,13.523425102233887
2008-06-03,39.507,112.425,24.09,14.85,11.96,,35.06511688232422
2008-06-04,21.51,75.844,20.99,5.81,9.449,,0.0
2008-06-05,34.878,76.624,15.34,5.76,8.78,,12.323104858398438
2008-06-06,35.121,76.567,14.97,5.76,8.797,,22.478347778320312
2008-06-07,51.382,125.326,15.96,9.434,7.966,,19.183380126953125
2008-06-08,61.535,147.123,50.36,16.2,21.05,,19.291061401367188
2008-06-09,55.414,137.636,33.28,8.353,16.06,,14.009243965148926
2008-06-10,59.096,117.027,23.59,12.71,14.94,,15.243980407714844
2008-06-11,29.739,72.956,19.45,6.26,10.35,,0.42318081855773926
2008-06-12,28.032,61.879,14.22,6.26,8.727,,5.521363258361816
2008-06-13,34.046,64.762,13.35,6.26,10.47,,11.829086303710938
2008-06-14,24.335,58.873,12.03,6.26,10.64,,15.181594848632812
2008-06-15,21.11,69.061,12.52,6.26,9.474,,17.722332000732422
2008-06-16,30.143,73.846,16.86,10.81,10.42,,16.210826873779297
2008-06-17,28.63,55.834,12.12,7.614,7.875,,4.8695387840271
2008-06-18,23.964,55.946,11.85,7.56,8.458,,3.27805757522583
2008-06-19,18.697,62.198,10.9,7.56,7.812,,0.0
2008-06-20,26.058,49.377,10.53,8.393,7.75,,3.497549057006836
2008-06-21,39.689,58.335,10.31,7.56,7.677,,15.772790908813477
2008-06-22,41.058,101.33,8.875,7.56,8.496,,11.958617210388184
2008-06-23,50.62,101.628,30.83,10.71,11.83,,15.939407348632812
2008-06-24,52.659,158.473,14.84,9.234,9.532,,6.193150997161865
2008-06-25,26.909,72.624,13.45,8.158,9.11,,31.003795623779297
2008-06-26,41.194,66.932,13.09,7.69,8.783,,0.11827178299427032
2008-06-27,37.318,53.611,12.04,7.663,8.393,,6.0629119873046875
2008-06-28,33.547,44.812,10.72,7.56,7.989,,3.260216474533081
2008-06-29,32.417,50.832,12.47,7.56,7.917,,8.196863174438477
2008-06-30,18.938,43.413,10.33,7.56,7.708,,4.0163960456848145
2008-07-01,38.816,73.99,8.525,7.571,7.689,,19.405900955200195
2008-07-02,61.522,83.223,8.803,10.11,7.778,,22.438791275024414
2008-07-03,30.593,140.766,13.71,,12.99,,19.73740005493164
2008-07-04,97.035,128.174,18.47,18.87,13.21,,24.950328826904297
2008-07-05,32.233,108.762,14.7,13.81,10.71,,17.0416316986084
2008-07-06,46.8,73.465,12.17,7.869,8.572,,17.498910903930664
2008-07-07,35.735,63.758,10.84,7.43,8.021,,6.444950103759766
2008-07-08,59.475,92.415,11.18,7.795,8.004,,21.599206924438477
2008-07-09,92.66,117.833,12.19,,11.32,,25.403987884521484
2008-07-10,55.282,85.28,11.5,9.037,8.858,,10.571003913879395
2008-07-11,22.493,51.748,10.87,7.663,8.243,,1.5504150390625
2008-07-12,31.949,62.978,10.57,7.717,8.047,,0.6761800050735474
2008-07-13,27.81,72.314,10.11,7.62,8.645,,38.67483901977539
2008-07-14,44.482,94.965,9.388,7.56,8.289,,10.994354248046875
2008-07-15,79.274,116.24,16.22,18.66,11.59,,35.38825988769531
2008-07-16,85.313,136.865,12.6,12.27,10.01,,21.419401168823242
2008-07-17,56.797,94.369,14.64,9.306,10.01,,13.819201469421387
2008-07-18,30.888,95.021,15.93,9.226,9.789,,1.5620877742767334
2008-07-19,38.487,67.78,14.66,8.735,9.321,,8.913090705871582
2008-07-20,31.829,60.429,11.6,7.95,8.592,,0.0
2008-07-21,23.24,55.374,10.87,7.95,8.315,,15.745660781860352
2008-07-22,34.422,45.862,10.37,7.95,8.079,,0.294058620929718
2008-07-23,32.783,47.677,9.105,7.95,7.864,,7.8013153076171875
2008-07-24,32.869,45.281,8.057,7.847,7.728,,0.0
2008-07-25,36.507,50.902,7.867,7.82,7.871,,12.493502616882324
2008-07-26,18.316,76.672,7.85,12.51,8.109,,26.77483558654785
2008-07-27,33.465,71.201,7.467,8.08,7.677,,0.0
2008-07-28,69.956,100.938,11.96,,11.84,,33.774322509765625
2008-07-29,41.613,80.344,9.427,8.45,8.168,,11.625382423400879
2008-07-30,61.818,73.155,8.768,8.622,8.379,,8.027815818786621
2008-07-31,78.359,132.394,11.93,12.36,11.64,,24.0019588470459
2008-08-01,31.258,67.054,8.126,8.459,8.135,,0.0
2008-08-02,51.348,66.487,11.1,9.349,8.048,,25.102893829345703
2008-08-03,49.047,65.417,7.271,8.47,7.655,,0.48280206322669983
2008-08-04,34.089,50.14,7.058,8.383,7.537,,11.048883438110352
2008-08-05,44.312,84.53,8.389,9.748,8.099,,23.86682891845703
2008-08-06,38.248,64.637,7.142,9.307,7.75,,6.345076560974121
2008-08-07,33.719,43.699,6.619,8.47,7.443,,9.942418098449707
2008-08-08,31.675,40.624,5.736,8.383,7.285,,4.146653175354004
2008-08-09,29.125,43.733,5.322,8.34,7.153,,1.9500510692596436
2008-08-10,30.36,41.592,5.023,8.34,7.178,,26.939422607421875
2008-08-11,40.034,93.121,8.269,9.259,8.231,,29.913339614868164
2008-08-12,24.829,45.861,8.545,8.34,7.948,,0.0
2008-08-13,31.474,45.892,5.787,8.34,7.43,,1.0683038234710693
2008-08-14,31.677,85.659,8.765,8.879,9.303,,31.951801300048828
2008-08-15,35.199,129.407,15.33,8.378,9.438,,5.828343868255615
2008-08-16,59.228,86.131,16.31,9.831,9.242,,35.729698181152344
2008-08-17,41.451,100.906,28.19,9.626,12.05,,0.07059944421052933
2008-08-18,101.538,122.607,21.51,8.641,10.75,,15.63685131072998
2008-08-19,67.081,123.312,24.6,17.06,12.78,,28.21575927734375
2008-08-20,39.18,107.343,16.24,8.6,10.3,,0.723284125328064
2008-08-21,40.562,69.621,12.62,8.6,11.19,,27.303722381591797
2008-08-22,75.642,136.825,29.59,12.15,13.78,,28.37103843688965
2008-08-23,61.065,119.001,39.1,9.85,12.77,,23.30559730529785
2008-08-24,51.969,120.965,18.17,11.9,11.92,,18.91153907775879
2008-08-25,42.609,117.167,22.75,8.787,11.31,,2.317014455795288
2008-08-26,60.623,96.376,20.04,10.42,11.08,,19.287614822387695
2008-08-27,47.229,82.462,21.86,10.33,11.77,,5.484513282775879
2008-08-28,43.022,105.708,37.15,9.134,15.04,,37.62346267700195
2008-08-29,61.628,118.627,33.64,13.92,15.32,,1.072226881980896
2008-08-30,72.898,173.744,55.22,17.2,20.5,,38.23444366455078
2008-08-31,77.594,185.286,88.73,14.42,20.79,,2.42579984664917
2008-09-01,48.524,146.626,39.98,8.912,16.39,,11.75665283203125
2008-09-02,74.039,117.444,25.19,9.087,13.49,,17.56978416442871
2008-09-03,71.901,132.742,33.27,10.22,14.13,,19.1436710357666
2008-09-04,54.23,106.73,36.95,11.57,15.7,,16.179691314697266
2008-09-05,30.414,105.402,20.13,5.945,12.22,,3.5915560722351074
2008-09-06,38.33,92.125,12.94,5.95,10.48,,0.0
2008-09-07,43.601,95.599,13.82,5.64,10.54,,5.972344875335693
2008-09-08,33.282,65.954,10.21,4.45,9.032,,17.864437103271484
2008-09-09,25.131,61.573,9.05,4.2,8.476,,0.0
2008-09-10,22.501,57.064,8.3,4.05,8.021,,0.16585199534893036
2008-09-11,26.879,52.082,7.842,3.95,7.714,,0.0
2008-09-12,24.141,55.602,7.408,3.76,7.377,,3.0219640731811523
2008-09-13,79.836,55.018,7.083,3.44,7.193,,0.16397956013679504
2008-09-14,22.28,79.31,7.233,3.2,7.02,,9.757489204406738
2008-09-15,55.058,88.203,11.74,10.76,10.85,,29.112152099609375
2008-09-16,32.299,57.639,7.778,3.28,7.516,,1.0969514846801758
2008-09-17,32.732,43.913,7.067,3.2,6.927,,17.136564254760742
2008-09-18,32.138,57.786,6.617,3.12,6.65,,1.4017757177352905
2008-09-19,30.764,54.106,6.55,2.875,6.995,,18.154001235961914
2008-09-20,37.157,52.403,7.05,3.4,6.777,,5.633182525634766
2008-09-21,38.112,73.646,9.727,3.04,8.345,,20.961868286132812
2008-09-22,31.685,57.397,7.308,3.28,6.773,,1.0271257162094116
2008-09-23,79.848,105.451,7.083,13.38,10.7,,23.315013885498047
2008-09-24,42.707,76.125,6.925,4.0,9.472,,0.8162397146224976
2008-09-25,37.039,54.32,8.403,3.52,9.995,,1.8292471170425415
2008-09-26,27.235,55.856,6.676,4.81,7.587,,25.168384552001953
2008-09-27,44.225,87.591,9.068,4.7,8.896,,18.215784072875977
2008-09-28,66.853,154.27,10.6,4.25,8.436,,3.7353222370147705
2008-09-29,59.472,71.716,9.758,5.05,7.996,,34.8031005859375
2008-09-30,50.082,99.273,7.75,3.52,7.087,,0.0
2008-10-01,123.191,154.479,18.52,11.24,13.12,,38.29704666137695
2008-10-02,50.468,82.27,11.28,3.16,8.48,,0.0
2008-10-03,57.244,80.99,11.64,3.055,8.426,,10.213796615600586
2008-10-04,34.579,80.679,10.01,2.8,8.342,,9.719526290893555
2008-10-05,38.395,96.611,8.616,2.65,8.461,,3.389631986618042
2008-10-06,45.755,74.294,10.21,2.45,11.71,,9.397897720336914
2008-10-07,46.182,79.803,9.279,2.6,10.02,,30.216167449951172
2008-10-08,35.709,62.589,8.381,2.525,8.446,,0.26074734330177307
2008-10-09,44.984,81.448,10.51,2.55,8.772,,9.805734634399414
2008-10-10,57.995,88.5,14.69,8.933,9.847,,29.186330795288086
2008-10-11,84.36,87.97,10.57,2.525,8.239,,0.5577656030654907
2008-10-12,57.847,128.45,14.68,2.35,15.62,,49.43010711669922
2008-10-13,76.202,135.109,11.05,2.15,13.15,,21.820938110351562
2008-10-14,54.254,133.24,18.86,10.37,18.14,,19.472408294677734
2008-10-15,43.478,114.781,24.21,3.56,13.53,,9.322836875915527
2008-10-16,37.91,104.826,16.61,3.16,13.04,,20.10611915588379
2008-10-17,34.756,108.885,17.17,2.75,11.9,,12.248151779174805
2008-10-18,47.295,103.586,19.74,2.85,10.94,,20.008075714111328
2008-10-19,86.478,137.511,31.09,7.15,13.59,,26.48080062866211
2008-10-20,43.902,99.31,26.28,2.575,11.5,,0.38493281602859497
2008-10-21,27.425,82.214,17.03,4.7,9.882,,0.08779187500476837
2008-10-22,68.546,95.313,18.7,3.56,11.46,,39.63386154174805
2008-10-23,32.64,90.189,13.23,3.56,9.217,,0.0
2008-10-24,63.336,106.241,11.23,2.725,9.58,,3.7914493083953857
2008-10-25,56.91,75.498,9.628,2.45,8.266,,22.814733505249023
2008-10-26,40.882,64.517,8.768,2.5,8.035,,0.0
2008-10-27,53.495,74.859,8.3,2.825,7.839,,11.015312194824219
2008-10-28,63.053,96.54,21.44,3.81,11.17,,58.825340270996094
2008-10-29,42.578,89.85,11.6,3.95,8.261,,19.720001220703125
2008-10-30,43.501,91.26,9.444,4.0,8.298,,0.0
2008-10-31,73.888,66.006,8.907,2.775,7.485,,19.589008331298828
2008-11-01,73.299,107.836,22.01,8.053,13.02,,47.74871063232422
2008-11-02,105.587,147.736,20.22,10.02,11.67,,22.491230010986328
2008-11-03,63.701,110.284,17.91,2.675,11.01,,16.538944244384766
2008-11-04,48.539,104.985,31.72,2.75,12.5,,20.873403549194336
2008-11-05,50.39,92.025,24.16,2.35,10.43,,0.0
2008-11-06,135.515,169.169,29.22,4.36,14.38,,6.11887264251709
2008-11-07,42.835,99.542,24.85,2.7,11.48,,3.5816378593444824
2008-11-08,49.7,80.989,23.16,2.475,11.63,,3.1974985599517822
2008-11-09,43.359,75.953,19.42,2.225,10.24,,3.2434520721435547
2008-11-10,32.657,63.176,10.86,2.275,8.557,,0.0
2008-11-11,43.523,65.275,9.206,2.4,8.096,,0.0
2008-11-12,38.204,61.308,9.224,2.15,9.261,,18.38898277282715
2008-11-13,35.576,72.734,9.33,2.15,8.581,,23.63852310180664
2008-11-14,48.499,71.842,13.39,2.225,11.03,,4.074370861053467
2008-11-15,42.755,116.224,25.21,3.69,14.88,,0.5195947885513306
2008-11-16,56.102,96.657,21.29,4.735,12.92,,2.3426482677459717
2008-11-17,52.247,82.298,26.08,2.175,15.58,,17.16360855102539
2008-11-18,46.991,112.404,38.37,2.65,16.57,,19.64896583557129
2008-11-19,92.395,121.931,32.69,4.1,14.34,,35.360382080078125
2008-11-20,89.293,145.371,72.73,3.56,19.04,,49.136329650878906
2008-11-21,88.631,142.256,28.56,2.65,15.52,,38.61901092529297
2008-11-22,48.238,99.666,52.17,2.75,16.9,,3.7458178997039795
2008-11-23,40.328,105.348,32.78,3.52,14.91,,20.08727264404297
2008-11-24,65.703,142.317,39.43,4.92,17.71,,24.497241973876953
2008-11-25,74.119,127.485,30.7,2.35,16.11,,12.49464225769043
2008-11-26,89.229,109.535,31.61,2.3,14.86,,20.813379287719727
2008-11-27,56.783,93.091,21.21,2.25,11.95,,7.907479763031006
2008-11-28,113.951,126.806,16.58,2.125,11.6,,14.213624954223633
2008-11-29,72.068,114.778,34.78,8.167,16.74,,24.09737205505371
2008-11-30,47.217,117.637,17.63,2.725,12.74,,0.2531229853630066
2008-12-01,46.25,95.445,18.38,3.015,12.71,,10.89147663116455
2008-12-02,43.416,84.21,18.6,2.75,11.3,,0.0
2008-12-03,41.07,71.673,12.27,2.55,10.16,,0.0
2008-12-04,46.794,65.835,10.32,2.15,9.645,,25.183055877685547
2008-12-05,43.988,59.092,9.371,5.12,9.216,,1.532642126083374
2008-12-06,34.51,67.047,8.633,4.333,8.82,,0.0
2008-12-07,51.282,78.103,8.522,4.468,8.633,,10.339651107788086
2008-12-08,60.036,78.155,14.39,7.738,11.1,,38.868900299072266
2008-12-09,34.067,61.233,10.62,4.446,8.66,,0.0
2008-12-10,28.295,53.484,11.35,4.242,7.997,,0.0
2008-12-11,24.44,44.795,10.92,4.137,7.613,,34.70359420776367
2008-12-12,30.583,57.556,11.25,4.753,8.385,,4.707897663116455
2008-12-13,29.691,49.06,11.0,4.233,7.97,,0.11092638969421387
2008-12-14,50.526,58.049,10.42,4.104,7.411,,0.0
2008-12-15,41.836,53.302,10.84,4.2,7.207,,0.09290146082639694
2008-12-16,22.69,44.985,10.17,3.908,7.0,,7.150485038757324
2008-12-17,21.58,37.787,9.6,3.833,6.763,,0.0
2008-12-18,31.992,44.972,9.444,3.8,6.61,,0.0
2008-12-19,33.848,40.717,9.05,3.863,6.499,,0.0
2008-12-20,26.843,43.816,9.655,3.875,6.597,,0.0
2008-12-21,23.261,46.392,9.664,4.062,6.58,,0.0
2008-12-22,22.446,58.444,9.99,4.096,7.179,,0.0
2008-12-23,21.373,44.39,9.793,3.946,6.69,,0.0
2008-12-24,26.496,47.485,6.768,3.8,6.26,,0.0
2008-12-25,39.83,46.097,6.24,3.8,5.973,,0.0
2008-12-26,34.554,32.426,5.972,3.8,5.817,,5.82288932800293
2008-12-27,20.948,40.259,6.448,3.8,5.707,,0.0
2008-12-28,16.008,34.818,5.801,3.8,5.553,,0.0
2008-12-29,32.687,36.841,5.33,3.8,5.42,,0.0
2008-12-30,28.577,35.69,5.2,3.8,5.41,,0.0
2008-12-31,16.685,38.25,5.159,3.8,5.303,,0.0
2009-01-01,15.755,59.205,5.338,3.8,5.17,,4.73699426651001
2009-01-02,12.771,40.066,5.444,3.8,5.1,,0.0
2009-01-03,104.971,149.595,5.249,5.412,5.725,,8.48902702331543
2009-01-04,162.525,103.859,7.627,14.85,7.553,,50.22722244262695
2009-01-05,40.572,73.527,5.233,4.513,5.483,,19.956985473632812
2009-01-06,33.163,45.588,4.981,4.021,5.173,,25.211322784423828
2009-01-07,16.542,35.986,4.916,3.858,5.1,,2.261958599090576
2009-01-08,28.047,39.941,4.531,3.821,5.04,,13.8297700881958
2009-01-09,18.246,36.679,4.309,3.8,5.04,,1.4012821912765503
2009-01-10,28.305,55.683,4.83,4.309,5.19,,2.079810619354248
2009-01-11,34.245,38.28,4.502,5.579,5.424,,0.0
2009-01-12,46.206,62.916,4.236,4.108,5.057,,12.913263320922852
2009-01-13,44.515,59.143,4.63,4.294,5.097,,7.856664180755615
2009-01-14,68.714,94.266,4.539,4.902,5.733,,18.3145751953125
2009-01-15,37.553,61.554,4.796,3.921,5.183,,0.0
2009-01-16,36.936,64.121,8.411,4.473,5.293,,5.068101406097412
2009-01-17,60.686,119.33,9.939,8.942,8.042,,20.56881332397461
2009-01-18,22.942,58.795,7.775,4.342,6.094,,0.0
2009-01-19,82.092,90.036,6.308,4.223,6.134,,0.6424940228462219
2009-01-20,72.806,91.614,17.3,5.385,11.34,,31.844615936279297
2009-01-21,31.818,66.125,9.389,4.582,6.786,,3.017725706100464
2009-01-22,30.812,65.655,7.226,4.171,6.054,,20.527530670166016
2009-01-23,42.511,57.45,8.712,4.158,6.16,,4.022166728973389
2009-01-24,47.113,39.192,9.322,4.233,6.1,,5.461508750915527
2009-01-25,40.803,39.212,8.033,3.8,5.627,,0.0
2009-01-26,33.238,40.281,7.733,3.8,5.377,,0.0
2009-01-27,36.631,21.71,6.357,3.8,5.157,,0.0
2009-01-28,28.896,37.429,4.164,3.8,5.033,,0.0
2009-01-29,31.47,44.479,3.949,3.8,5.077,,0.0
2009-01-30,51.481,49.332,11.04,4.184,6.128,,24.841032028198242
2009-01-31,29.604,55.17,6.173,3.821,5.38,,20.734392166137695
2009-02-01,29.64,34.975,4.919,3.8,5.213,,22.40944480895996
2009-02-02,36.496,37.383,4.266,3.817,4.92,,14.786852836608887
2009-02-03,24.359,43.061,3.923,3.8,4.773,,0.0
2009-02-04,54.643,38.845,3.682,3.8,4.863,,8.392309188842773
2009-02-05,46.93,45.76,3.646,3.8,4.76,,1.8986088037490845
2009-02-06,26.347,31.08,3.332,3.8,4.587,,10.5459566116333
2009-02-07,41.721,27.397,3.223,3.8,4.767,,0.0
2009-02-08,34.0,36.919,3.529,3.8,4.7,,7.025941371917725
2009-02-09,50.482,39.441,5.489,3.8,4.58,,13.040959358215332
2009-02-10,26.47,82.086,14.27,3.8,6.377,,21.62295150756836
2009-02-11,35.055,97.513,7.167,3.8,4.843,,0.8816274404525757
2009-02-12,57.247,76.93,5.411,4.389,5.26,,38.18082046508789
2009-02-13,58.221,50.884,6.767,4.744,5.05,,21.196224212646484
2009-02-14,54.288,51.815,17.73,4.426,5.631,,13.281763076782227
2009-02-15,50.595,39.2,10.41,3.9,5.027,,9.253854751586914
2009-02-16,34.09,44.962,13.72,3.9,5.387,,1.7160069942474365
2009-02-17,33.932,39.096,13.05,3.9,5.077,,5.934529781341553
2009-02-18,36.64,53.298,6.736,3.9,4.663,,0.0
2009-02-19,59.24,74.215,9.864,4.687,4.661,,6.553049564361572
2009-02-20,33.079,56.64,10.36,,6.008,,35.14377975463867
2009-02-21,27.754,43.955,6.414,4.388,4.737,,16.99410057067871
2009-02-22,19.267,44.787,5.314,3.975,4.56,,2.143275260925293
2009-02-23,35.181,35.165,5.395,3.904,4.4,,4.808904647827148
2009-02-24,35.17,36.113,4.878,3.9,4.373,,3.8344223499298096
2009-02-25,47.784,30.184,5.005,3.9,4.347,,4.0861711502075195
2009-02-26,34.937,33.949,4.157,3.9,4.333,,1.4113657474517822
2009-02-27,29.229,30.793,8.29,3.9,4.403,,0.6355656385421753
2009-02-28,22.583,32.729,3.777,3.9,4.357,,3.3064327239990234
2009-03-01,46.119,22.201,3.5,3.9,4.143,,27.032739639282227
2009-03-02,42.484,41.725,7.4,4.273,4.297,,17.39376449584961
2009-03-03,76.678,77.376,4.156,4.638,4.383,,1.7486040592193604
2009-03-04,26.828,51.254,9.086,3.904,4.45,,6.217282772064209
2009-03-05,39.252,39.784,4.853,3.9,4.3,,13.554967880249023
2009-03-06,45.726,56.551,3.923,3.9,4.14,,2.0476152896881104
2009-03-07,42.618,37.557,3.777,4.204,4.055,,20.663660049438477
2009-03-08,34.411,21.498,3.42,3.9,3.991,,0.20547977089881897
2009-03-09,58.361,30.124,3.23,3.9,4.631,,10.36982536315918
2009-03-10,46.99,27.855,3.255,3.9,6.345,,7.861690521240234
2009-03-11,32.02,25.538,3.625,3.9,6.596,,9.165592193603516
2009-03-12,20.676,44.03,9.132,3.904,5.535,,0.0
2009-03-13,28.51,32.459,4.834,4.004,5.419,,9.718385696411133
2009-03-14,15.994,34.463,4.134,3.9,5.168,,0.0
2009-03-15,22.914,42.327,3.332,3.9,4.613,,6.2259111404418945
2009-03-16,52.813,37.55,3.216,3.9,4.527,,13.021008491516113
2009-03-17,38.508,49.372,6.292,3.9,4.623,,0.982073187828064
2009-03-18,73.808,58.766,8.814,4.099,4.907,,1.6322208642959595
2009-03-19,55.7,56.918,7.504,3.9,5.217,,22.336111068725586
2009-03-20,51.181,25.869,8.056,3.9,4.87,,18.46892547607422
2009-03-21,91.076,34.758,3.984,3.9,4.597,,0.10975547879934311
2009-03-22,72.134,50.943,9.568,5.082,5.746,,33.06725311279297
2009-03-23,49.17,45.977,10.75,3.9,8.406,,14.652345657348633
2009-03-24,69.888,58.816,15.04,3.9,9.2,,7.590033054351807
2009-03-25,30.003,51.728,10.65,4.627,6.715,,6.849861145019531
2009-03-26,40.821,36.132,8.839,3.9,5.353,,0.2383652627468109
2009-03-27,46.013,35.765,11.42,3.9,5.02,,20.827774047851562
2009-03-28,56.356,44.34,7.732,3.975,4.853,,28.842784881591797
2009-03-29,34.652,33.854,4.798,3.9,5.289,,3.9456214904785156
2009-03-30,65.634,31.991,9.565,3.9,5.053,,8.795269012451172
2009-03-31,87.774,34.602,7.405,4.024,7.488,,13.558675765991211
2009-04-01,103.507,92.64,13.47,6.263,8.446,,22.70212745666504
2009-04-02,37.233,63.918,31.35,5.208,11.54,,0.6544007062911987
2009-04-03,32.695,97.614,34.18,9.233,14.52,,2.489809989929199
2009-04-04,56.394,91.699,22.2,5.362,9.261,,12.879194259643555
2009-04-05,31.686,61.568,14.16,4.0,6.829,,0.9179814457893372
2009-04-06,34.602,36.689,11.61,3.577,6.192,,0.0
2009-04-07,26.467,31.931,10.79,3.16,5.777,,0.0
2009-04-08,31.758,66.61,10.41,3.16,5.54,,10.73394775390625
2009-04-09,32.887,30.41,10.04,3.16,5.343,,5.326267242431641
2009-04-10,31.076,50.869,10.67,3.273,5.685,,37.58696365356445
2009-04-11,69.762,67.824,10.43,3.623,5.721,,9.488430976867676
2009-04-12,40.794,36.877,10.45,3.16,6.584,,24.023473739624023
2009-04-13,25.848,57.807,10.9,3.16,5.551,,0.0
2009-04-14,27.466,35.634,8.601,3.342,5.907,,10.282049179077148
2009-04-15,26.548,33.991,5.737,3.16,5.407,,0.0
2009-04-16,14.467,32.19,6.104,3.16,5.05,,5.0986008644104
2009-04-17,25.781,26.893,5.744,3.16,4.863,,15.503323554992676
2009-04-18,27.835,34.165,8.05,3.16,4.787,,7.8608222007751465
2009-04-19,29.627,33.988,4.706,3.16,4.717,,9.421125411987305
2009-04-20,30.179,66.924,5.326,3.375,4.844,,13.209884643554688
2009-04-21,22.339,76.984,9.157,11.9,11.26,,32.15262222290039
2009-04-22,27.262,47.906,4.783,3.16,5.287,,1.2958300113677979
2009-04-23,56.315,81.81,6.058,5.509,6.447,,13.614023208618164
2009-04-24,45.35,73.182,5.103,3.681,5.283,,19.750232696533203
2009-04-25,31.183,27.708,4.954,3.16,5.043,,0.6946550607681274
2009-04-26,57.452,41.369,4.041,3.247,4.94,,12.514751434326172
2009-04-27,35.689,31.1,4.486,3.16,4.823,,3.4729514122009277
2009-04-28,32.075,28.63,4.749,3.16,4.72,,11.613576889038086
2009-04-29,43.634,62.616,9.144,3.998,6.481,,9.122477531433105
2009-04-30,70.054,78.004,23.56,4.214,8.55,,30.669189453125
2009-05-01,30.441,49.582,12.96,3.213,6.148,,0.0
2009-05-02,30.742,42.678,12.57,3.16,5.762,,31.2177734375
2009-05-03,64.852,80.716,16.14,3.16,6.775,,26.165401458740234
2009-05-04,63.771,90.864,23.33,3.726,13.87,,12.530820846557617
2009-05-05,48.191,99.396,36.92,4.223,14.95,,4.448059558868408
2009-05-06,43.862,76.887,22.27,3.993,14.8,,12.195901870727539
2009-05-07,41.693,102.891,16.85,3.32,10.42,,10.888961791992188
2009-05-08,62.741,87.882,18.69,3.944,10.63,,19.773242950439453
2009-05-09,35.429,66.58,21.92,4.155,10.36,,9.147313117980957
2009-05-10,4.943,58.516,16.64,3.32,8.08,,7.139199733734131
2009-05-11,39.095,68.916,14.15,4.874,8.522,,23.979917526245117
2009-05-12,47.114,76.979,13.25,3.32,6.983,,6.607542514801025
2009-05-13,86.79,101.729,14.37,4.453,9.467,,18.812084197998047
2009-05-14,24.345,44.586,11.7,3.32,6.816,,5.134519100189209
2009-05-15,43.923,50.334,11.75,3.691,7.088,,10.064202308654785
2009-05-16,42.131,65.167,12.19,3.4,6.578,,2.305987596511841
2009-05-17,63.329,63.971,12.55,3.42,6.752,,21.97328758239746
2009-05-18,34.646,57.364,11.15,3.4,6.054,,7.068160057067871
2009-05-19,36.625,33.862,8.953,3.41,5.761,,5.275127410888672
2009-05-20,23.759,35.381,9.477,3.4,5.537,,0.15630750358104706
2009-05-21,31.386,33.875,6.105,3.4,5.437,,19.6362361907959
2009-05-22,21.701,23.79,5.907,3.4,5.28,,0.7258172035217285
2009-05-23,36.213,59.974,6.179,3.48,5.117,,0.0
2009-05-24,54.761,65.882,10.29,4.008,6.447,,16.243389129638672
2009-05-25,53.416,74.847,8.752,3.939,5.836,,14.582537651062012
2009-05-26,35.029,35.514,6.269,3.5,5.213,,1.1368598937988281
2009-05-27,34.66,28.95,5.354,3.48,5.003,,9.229028701782227
2009-05-28,40.658,36.454,5.273,3.48,4.913,,11.740084648132324
2009-05-29,56.049,51.477,5.9,7.007,5.147,,11.92628288269043
2009-05-30,41.183,32.229,5.135,3.56,4.923,,6.1450653076171875
2009-05-31,63.836,31.128,5.119,3.64,4.783,,11.1351900100708
2009-06-01,29.437,28.511,5.322,3.64,4.703,,0.44107189774513245
2009-06-02,26.675,28.683,4.7,3.64,4.56,,0.0
2009-06-03,27.483,22.736,4.375,3.64,4.503,,6.383641719818115
2009-06-04,26.916,17.944,4.484,3.58,4.45,,6.625380516052246
2009-06-05,32.478,39.35,4.984,3.56,5.899,,12.40126895904541
2009-06-06,32.428,43.488,5.91,3.757,6.39,,1.0898799896240234
2009-06-07,51.275,59.164,5.401,4.077,5.676,,4.473927974700928
2009-06-08,28.927,29.888,5.512,3.72,4.967,,2.13210391998291
2009-06-09,25.651,46.617,4.586,3.72,4.687,,12.542366027832031
2009-06-10,80.354,102.908,15.16,7.147,7.755,,40.628849029541016
2009-06-11,32.75,37.076,8.851,3.72,5.083,,15.319668769836426
2009-06-12,47.99,41.458,7.733,3.72,4.82,,17.306549072265625
2009-06-13,81.762,83.204,14.26,12.54,10.35,,14.119051933288574
2009-06-14,40.613,69.241,15.77,3.883,8.938,,2.184937000274658
2009-06-15,33.666,46.085,14.35,3.8,7.198,,9.631077766418457
2009-06-16,26.959,41.725,9.821,3.8,5.855,,4.0273284912109375
2009-06-17,43.388,31.402,7.267,3.979,6.044,,10.504693984985352
2009-06-18,34.495,34.311,7.458,5.859,5.393,,4.380472660064697
2009-06-19,23.764,46.936,6.526,3.8,5.107,,12.330127716064453
2009-06-20,30.198,45.594,5.525,3.8,5.0,,8.922281265258789
2009-06-21,37.362,108.67,4.916,3.817,4.82,,15.473872184753418
2009-06-22,127.125,99.497,15.42,12.88,11.62,,26.27451515197754
2009-06-23,36.89,73.048,14.72,4.204,10.1,,4.350709438323975
2009-06-24,32.333,81.69,35.99,4.016,13.33,,6.84506893157959
2009-06-25,57.795,70.717,12.57,4.762,7.995,,21.915679931640625
2009-06-26,29.491,58.602,9.866,4.1,6.314,,0.0
2009-06-27,21.826,36.311,9.068,3.64,5.899,,5.446606636047363
2009-06-28,29.676,33.638,7.385,3.72,5.54,,0.0959961861371994
2009-06-29,15.774,65.484,9.201,5.3,6.332,,7.257784843444824
2009-06-30,46.076,93.33,19.1,9.031,11.32,,22.732784271240234
2009-07-01,22.594,84.035,12.28,3.0,7.151,,0.42379799485206604
2009-07-02,23.802,75.146,18.05,9.842,10.9,,17.508047103881836
2009-07-03,26.406,47.521,11.18,8.175,6.226,,0.21223139762878418
2009-07-04,13.48,53.459,10.25,3.44,6.641,,16.873340606689453
2009-07-05,13.875,50.996,13.04,9.5,6.091,,12.039257049560547
2009-07-06,27.079,53.924,8.885,3.0,5.573,,13.288607597351074
2009-07-07,25.086,37.654,7.958,3.9,5.307,,4.9495978355407715
2009-07-08,35.519,34.838,7.101,7.275,5.337,,29.48354148864746
2009-07-09,7.806,107.45,5.874,6.2,5.213,,20.249744415283203
2009-07-10,35.463,128.857,24.15,6.101,12.08,,13.812515258789062
2009-07-11,67.111,84.037,11.49,8.006,7.754,,7.09627628326416
2009-07-12,24.17,62.33,8.7,9.6,5.54,,0.1997288465499878
2009-07-13,21.707,36.267,8.05,4.9,5.163,,0.1811428964138031
2009-07-14,24.105,36.218,5.607,5.15,4.98,,0.03694847971200943
2009-07-15,25.497,35.226,5.379,3.44,4.827,,1.0613057613372803
2009-07-16,24.584,26.479,4.981,8.175,4.7,,0.0
2009-07-17,23.01,22.909,4.826,2.975,4.6,,0.0
2009-07-18,23.735,23.907,5.631,8.775,4.543,,4.734628200531006
2009-07-19,24.254,21.373,5.574,12.4,4.433,,0.0
2009-07-20,22.44,32.029,5.598,6.95,4.373,,24.641511917114258
2009-07-21,40.175,48.252,5.365,17.05,5.807,,14.296551704406738
2009-07-22,15.941,35.302,5.159,14.6,4.95,,3.435415267944336
2009-07-23,23.677,56.128,5.208,8.8,4.6,,2.0169143676757812
2009-07-24,42.363,46.66,5.086,16.42,4.6,,4.063044548034668
2009-07-25,28.757,26.524,4.375,8.0,4.377,,7.023690700531006
2009-07-26,25.585,22.056,4.426,2.75,4.237,,1.10910165309906
2009-07-27,19.739,20.276,4.145,2.75,4.15,,0.0
2009-07-28,25.757,22.085,3.675,3.9,4.059,,0.0
2009-07-29,21.331,26.684,3.916,3.15,3.961,,0.0
2009-07-30,16.005,16.994,3.748,3.2,3.947,,0.0
2009-07-31,21.556,41.451,3.835,3.4,4.092,,0.23910722136497498
2009-08-01,23.066,21.489,3.376,3.0,4.187,,0.2499522715806961
2009-08-02,19.974,26.287,3.274,4.3,4.069,,0.5661967992782593
2009-08-03,10.645,22.829,3.091,2.725,3.964,,0.0
2009-08-04,12.426,43.336,3.602,3.2,3.941,,19.538497924804688
2009-08-05,38.993,25.097,3.711,2.825,3.964,,11.420759201049805
2009-08-06,43.341,75.83,6.536,3.6,4.873,,18.14627456665039
2009-08-07,25.476,70.053,7.197,10.09,6.759,,31.00881004333496
2009-08-08,33.079,43.115,5.606,3.6,5.258,,3.9509944915771484
2009-08-09,19.406,38.938,4.675,4.3,4.487,,9.842706680297852
2009-08-10,32.78,29.237,4.538,4.6,4.203,,4.145974159240723
2009-08-11,31.447,17.69,4.258,3.9,4.103,,8.015531539916992
2009-08-12,23.331,29.062,4.149,3.8,4.035,,0.0
2009-08-13,47.961,30.439,4.149,4.16,6.307,,19.024560928344727
2009-08-14,50.823,65.275,4.841,,6.143,,23.590656280517578
2009-08-15,13.548,39.475,3.908,3.92,4.56,,9.593094825744629
2009-08-16,18.987,57.991,4.04,3.93,4.861,,0.44220393896102905
2009-08-17,79.586,90.982,4.434,3.36,5.107,,24.753562927246094
2009-08-18,77.163,29.945,4.516,2.85,5.69,,26.002727508544922
2009-08-19,51.248,38.761,3.865,3.64,4.573,,6.881380558013916
2009-08-20,46.612,34.613,4.243,3.91,4.524,,16.771591186523438
2009-08-21,54.596,53.686,4.129,3.68,6.94,,8.887166976928711
2009-08-22,33.429,32.547,4.666,3.16,5.203,,9.658621788024902
2009-08-23,28.776,64.108,3.726,3.16,4.677,,12.211463928222656
2009-08-24,19.625,28.761,3.516,3.32,4.697,,17.51736068725586
2009-08-25,63.948,37.436,6.278,3.04,4.85,,24.199554443359375
2009-08-26,52.029,31.195,4.252,3.65,4.48,,21.42159652709961
2009-08-27,24.606,25.989,3.821,3.16,4.206,,0.7968546152114868
2009-08-28,32.436,16.577,3.624,3.04,4.072,,0.0
2009-08-29,21.896,32.757,3.456,2.975,3.985,,2.463388681411743
2009-08-30,32.514,84.379,6.424,3.12,4.86,,26.086406707763672
2009-08-31,13.869,77.391,9.097,3.12,6.283,,1.593826413154602
2009-09-01,29.138,40.76,6.373,3.24,4.57,,0.0
2009-09-02,19.592,26.331,3.755,3.12,4.203,,0.0
2009-09-03,29.238,27.883,3.515,3.32,4.035,,12.201227188110352
2009-09-04,61.727,29.964,3.72,3.4,3.981,,19.79244613647461
2009-09-05,16.513,22.267,2.981,3.16,3.91,,0.905677318572998
2009-09-06,13.917,17.085,2.652,2.975,3.809,,0.0
2009-09-07,13.777,26.596,2.305,3.2,3.718,,0.0
2009-09-08,14.568,60.562,2.333,3.08,3.714,,5.528843402862549
2009-09-09,39.962,61.244,4.003,3.24,4.362,,22.351179122924805
2009-09-10,61.748,67.784,3.602,2.925,4.289,,21.752830505371094
2009-09-11,23.473,24.988,2.955,3.12,3.934,,0.0
2009-09-12,19.147,24.44,3.041,3.72,3.701,,14.161694526672363
2009-09-13,44.741,38.838,3.806,3.32,4.703,,9.701809883117676
2009-09-14,16.697,25.179,2.491,3.04,3.816,,0.0
2009-09-15,63.166,40.713,3.313,3.64,4.024,,25.37474822998047
2009-09-16,46.139,27.074,4.841,3.04,4.547,,14.307223320007324
2009-09-17,25.365,39.182,10.37,3.4,6.148,,0.0
2009-09-18,24.385,44.789,10.66,3.227,6.0,,6.746451377868652
2009-09-19,54.802,77.58,8.32,3.283,5.197,,12.650729179382324
2009-09-20,34.866,27.674,4.615,3.32,4.873,,20.048721313476562
2009-09-21,42.049,30.711,4.229,3.72,4.547,,6.77227783203125
2009-09-22,58.903,33.957,3.792,3.86,4.4,,26.07769203186035
2009-09-23,27.027,27.516,3.544,4.05,4.427,,1.4660447835922241
2009-09-24,23.882,26.004,3.062,3.16,4.206,,0.0
2009-09-25,25.652,36.18,2.667,2.99,4.102,,0.0
2009-09-26,30.609,18.884,2.887,3.6,4.065,,6.410360813140869
2009-09-27,16.134,25.75,2.772,3.95,4.001,,10.759998321533203
2009-09-28,22.339,20.054,2.607,3.68,3.988,,7.730561256408691
2009-09-29,26.04,21.016,2.601,2.8,3.816,,0.0
2009-09-30,19.58,13.874,2.65,3.04,3.731,,0.0
2009-10-01,15.903,20.16,1.968,3.4,3.856,,3.3418548107147217
2009-10-02,23.886,21.2,1.786,4.2,4.863,,0.7723192572593689
2009-10-03,27.044,41.478,8.16,3.0,6.381,,24.13149642944336
2009-10-04,15.263,53.373,6.204,3.32,4.81,,19.222116470336914
2009-10-05,19.622,21.294,7.851,3.04,4.53,,3.576763868331909
2009-10-06,18.206,17.199,2.837,2.95,4.39,,3.4228930473327637
2009-10-07,40.03,40.269,2.929,3.28,4.637,,40.05382537841797
2009-10-08,29.546,25.491,4.103,3.32,4.51,,13.234143257141113
2009-10-09,31.065,18.184,2.466,4.05,4.353,,0.0
2009-10-10,21.903,38.614,1.892,3.32,4.187,,0.0
2009-10-11,57.351,50.342,4.363,3.12,5.357,,25.7424259185791
2009-10-12,56.98,60.079,14.2,4.05,7.828,,42.49523162841797
2009-10-13,24.559,37.683,10.42,3.08,8.264,,5.383822441101074
2009-10-14,66.841,64.78,8.193,3.609,6.725,,13.707257270812988
2009-10-15,79.316,55.821,15.42,6.3,8.988,,21.14543342590332
2009-10-16,28.992,37.29,7.366,3.08,6.118,,0.0
2009-10-17,29.006,37.288,5.671,3.08,5.567,,7.341821193695068
2009-10-18,78.153,62.401,8.325,3.403,8.288,,31.330801010131836
2009-10-19,40.863,77.474,12.39,6.683,11.24,,21.01314926147461
2009-10-20,33.696,62.672,9.63,3.08,8.66,,7.206633567810059
2009-10-21,34.244,31.297,7.882,3.48,7.909,,5.68572473526001
2009-10-22,35.631,31.528,6.952,3.28,7.269,,2.2827932834625244
2009-10-23,30.698,48.303,6.134,2.99,6.87,,4.619937419891357
2009-10-24,58.178,50.271,11.97,2.925,9.263,,44.60713577270508
2009-10-25,27.407,44.403,13.76,3.0,8.854,,0.0
2009-10-26,19.1,29.58,7.242,2.95,6.777,,0.0
2009-10-27,19.656,34.723,7.183,4.55,6.512,,1.414331078529358
2009-10-28,50.698,37.381,12.51,5.7,7.605,,18.740264892578125
2009-10-29,59.757,37.711,7.722,13.72,6.307,,20.947420120239258
2009-10-30,39.949,31.558,15.44,16.04,6.904,,41.462215423583984
2009-10-31,23.538,59.371,9.539,17.93,6.405,,0.07272990047931671
2009-11-01,31.212,44.653,10.29,3.638,7.374,,19.050437927246094
2009-11-02,21.962,57.002,16.71,3.307,8.34,,5.134549617767334
2009-11-03,13.357,60.772,15.72,3.76,7.292,,17.090145111083984
2009-11-04,14.925,63.867,14.3,5.899,10.43,,1.519662618637085
2009-11-05,39.317,102.306,23.6,5.281,20.16,,33.262168884277344
2009-11-06,38.482,102.635,24.77,3.89,11.32,,29.263195037841797
2009-11-07,45.871,76.909,19.55,3.786,11.8,,25.633230209350586
2009-11-08,72.94,102.987,15.84,6.444,13.57,,9.922616958618164
2009-11-09,68.881,110.134,18.04,10.39,17.59,,33.7137451171875
2009-11-10,61.804,51.966,12.87,3.6,9.788,,0.2371738702058792
2009-11-11,28.048,60.717,11.18,3.107,9.143,,7.026279449462891
2009-11-12,33.704,41.007,10.69,3.001,7.451,,25.776119232177734
2009-11-13,22.637,48.485,7.758,2.788,7.13,,0.0
2009-11-14,33.646,34.178,8.067,2.842,7.453,,17.48008155822754
2009-11-15,17.354,41.019,7.034,2.608,6.73,,0.0
2009-11-16,26.134,54.676,7.617,2.87,8.82,,21.6854190826416
2009-11-17,28.13,41.115,13.44,3.024,7.975,,24.53058433532715
2009-11-18,61.611,48.741,11.25,2.725,6.853,,0.0
2009-11-19,32.084,36.535,9.634,2.508,6.449,,17.61702537536621
2009-11-20,27.087,21.699,6.52,2.356,6.216,,1.448221206665039
2009-11-21,23.641,28.18,6.079,3.139,6.118,,3.3044650554656982
2009-11-22,45.57,34.236,5.533,2.488,5.956,,0.3011060357093811
2009-11-23,31.02,30.013,5.354,2.442,5.841,,22.199081420898438
2009-11-24,37.193,36.732,5.436,2.498,5.727,,5.363699913024902
2009-11-25,15.64,28.014,5.826,2.371,5.677,,3.2602577209472656
2009-11-26,22.251,24.552,5.259,2.35,5.63,,0.4710356295108795
2009-11-27,26.259,29.041,5.509,2.35,5.583,,10.454828262329102
2009-11-28,37.255,36.303,5.371,2.41,6.446,,29.733654022216797
2009-11-29,32.197,27.918,5.915,2.404,5.949,,3.462366819381714
2009-11-30,17.586,26.441,5.634,2.5,5.67,,12.852376937866211
2009-12-01,18.599,22.921,4.559,3.0,5.5,,1.213568091392517
2009-12-02,23.033,24.545,4.427,2.8,5.41,,0.0
2009-12-03,23.89,22.028,4.032,2.7,5.323,,0.0
2009-12-04,21.943,21.243,3.896,3.0,5.26,,0.0
2009-12-05,23.953,22.608,4.203,2.925,5.18,,0.0
2009-12-06,11.879,21.87,3.938,2.8,5.12,,0.0
2009-12-07,13.283,17.127,3.999,2.8,5.087,,0.0
2009-12-08,10.729,20.3,3.529,2.9,5.003,,0.0
2009-12-09,22.426,41.985,3.744,2.975,5.0,,0.6439985036849976
2009-12-10,31.118,30.189,3.617,2.825,4.96,,8.60974407196045
2009-12-11,40.285,28.584,3.719,2.925,5.037,,0.0
2009-12-12,38.588,36.842,3.238,2.7,4.913,,21.152523040771484
2009-12-13,21.488,24.206,3.664,2.525,4.923,,0.43538767099380493
2009-12-14,23.149,23.506,3.232,2.775,4.833,,0.0
2009-12-15,31.953,27.871,3.194,2.925,4.763,,9.444591522216797
2009-12-16,17.273,19.831,3.413,2.8,4.74,,5.327583312988281
2009-12-17,17.529,16.133,2.797,2.9,4.667,,3.3519654273986816
2009-12-18,36.537,38.795,5.567,2.975,5.664,,30.81854820251465
2009-12-19,104.876,43.419,5.408,2.825,6.014,,11.508221626281738
2009-12-20,28.996,25.267,8.136,2.675,5.4,,1.1292130947113037
2009-12-21,21.244,23.421,5.59,2.925,5.475,,26.39385414123535
2009-12-22,32.384,22.971,3.723,2.875,5.31,,3.1770124435424805
2009-12-23,67.259,31.709,5.704,2.9,4.97,,38.75685501098633
2009-12-24,13.297,29.387,4.1,2.925,5.08,,8.188423156738281
2009-12-25,41.718,32.105,5.407,2.8,5.027,,4.173245429992676
2009-12-26,21.511,42.691,5.127,2.975,4.92,,8.803523063659668
2009-12-27,30.269,25.547,3.952,2.925,4.79,,19.04634666442871
2009-12-28,17.498,31.281,4.208,2.8,5.004,,0.0
2009-12-29,16.911,16.034,4.244,2.925,5.02,,0.0
2009-12-30,13.731,16.69,3.442,2.975,4.667,,0.0
2009-12-31,11.739,18.067,3.035,3.0,4.697,,0.0
2010-01-01,30.594,12.659,2.818,2.925,4.56,,0.0
2010-01-02,15.008,12.659,2.525,2.925,4.543,,0.0
2010-01-03,15.192,19.77,2.973,2.7,4.463,,0.0
2010-01-04,9.168,18.492,2.425,2.8,4.387,,0.0
2010-01-05,11.808,20.949,2.175,2.475,4.363,,0.0
2010-01-06,12.783,18.92,2.15,2.725,4.186,,0.0
2010-01-07,15.163,20.682,2.179,2.65,4.015,,0.0
2010-01-08,12.787,13.839,4.318,2.525,4.049,,0.0
2010-01-09,13.905,30.385,3.179,2.5,4.336,,5.891858100891113
2010-01-10,12.094,16.818,2.029,2.425,4.116,,9.79175853729248
2010-01-11,12.735,24.602,1.946,2.425,4.062,,0.0
2010-01-12,17.872,18.381,1.983,2.6,3.964,,0.0
2010-01-13,18.952,16.555,2.027,2.7,3.947,,0.0
2010-01-14,15.62,13.954,1.728,2.525,3.934,,0.0
2010-01-15,7.981,13.089,1.68,2.5,3.88,,0.0
2010-01-16,7.099,16.387,1.665,2.6,3.846,,0.0
2010-01-17,17.059,14.464,1.72,2.425,3.795,,0.0
2010-01-18,12.506,17.841,1.815,2.35,3.806,,0.3162129521369934
2010-01-19,15.202,28.201,1.633,2.25,3.799,,0.0
2010-01-20,14.872,22.001,1.61,2.1,3.752,,0.0
2010-01-21,7.61,14.221,1.597,2.025,3.667,,0.0
2010-01-22,16.469,17.371,1.565,2.0,3.64,,10.479822158813477
2010-01-23,19.268,12.651,1.577,1.938,3.674,,10.167028427124023
2010-01-24,12.163,13.052,1.59,1.888,3.718,,0.0
2010-01-25,13.126,14.205,1.73,1.9,3.779,,0.23416951298713684
2010-01-26,15.791,21.898,1.72,1.862,3.755,,13.267784118652344
2010-01-27,15.693,12.133,2.246,1.75,3.748,,8.555328369140625
2010-01-28,14.884,13.951,1.677,1.787,3.728,,0.0
2010-01-29,8.445,18.207,1.61,1.75,4.314,,5.367417812347412
2010-01-30,9.831,21.227,1.879,1.75,5.377,,1.1949272155761719
2010-01-31,11.168,12.776,1.706,1.787,4.015,,0.0
2010-02-01,18.438,9.245,1.604,1.628,3.809,,0.0
2010-02-02,9.591,9.729,1.537,1.733,3.62,,0.0
2010-02-03,17.576,12.837,1.453,1.763,3.536,,0.05703533813357353
2010-02-04,3.359,9.186,1.457,1.645,3.502,,0.0
2010-02-05,16.413,11.677,1.433,1.697,3.478,,1.1151670217514038
2010-02-06,12.947,17.172,1.552,1.733,3.512,,0.6633049249649048
2010-02-07,12.836,16.003,1.525,1.75,3.495,,4.656909942626953
2010-02-08,13.587,18.908,1.52,1.697,3.428,,0.0
2010-02-09,15.901,24.722,1.515,1.715,3.404,,0.6488221883773804
2010-02-10,5.132,15.141,1.6,1.68,3.431,,0.0
2010-02-11,11.202,18.763,1.63,1.68,3.444,,3.6017322540283203
2010-02-12,14.35,15.069,1.63,1.697,3.407,,0.0
2010-02-13,6.942,10.788,1.613,1.733,3.35,,0.0
2010-02-14,8.789,15.299,1.653,1.75,3.445,,12.297051429748535
2010-02-15,4.284,16.69,1.862,1.662,3.552,,1.2080217599868774
2010-02-16,18.074,14.875,1.8,1.61,3.461,,4.061707019805908
2010-02-17,9.343,11.599,1.909,1.628,3.438,,0.0
2010-02-18,9.267,14.515,1.675,1.697,3.374,,1.003448486328125
2010-02-19,8.428,12.161,1.645,1.733,3.35,,0.0
2010-02-20,15.752,12.374,1.747,1.763,3.364,,0.0
2010-02-21,1.324,11.371,2.063,1.733,3.27,,11.512409210205078
2010-02-22,17.533,22.602,1.912,1.697,3.263,,1.4124892950057983
2010-02-23,11.883,19.372,1.878,1.628,3.472,,32.96342849731445
2010-02-24,11.966,18.158,1.958,1.763,3.421,,0.0
2010-02-25,22.823,19.913,2.761,1.85,3.846,,25.815227508544922
2010-02-26,8.191,19.713,2.346,1.888,3.704,,2.0658040046691895
2010-02-27,15.244,13.203,2.358,1.95,3.499,,0.2227335423231125
2010-02-28,10.656,18.886,,2.05,,,0.039130210876464844
2010-03-01,11.466,18.77,1.778,2.425,3.31,,0.0
2010-03-02,14.449,25.137,1.623,2.525,3.14,,8.21317195892334
2010-03-03,24.416,27.327,3.25,2.725,3.947,,31.9389705657959
2010-03-04,7.047,34.89,2.177,2.8,3.873,,9.516170501708984
2010-03-05,17.51,19.337,1.855,2.95,3.428,,0.9293514490127563
2010-03-06,12.999,23.458,1.868,2.425,3.377,,0.0
2010-03-07,14.763,32.564,1.893,2.3,3.28,,40.87700653076172
2010-03-08,14.134,56.589,1.817,2.175,3.33,,2.589448928833008
2010-03-09,36.861,56.025,2.776,1.987,3.472,,0.39221349358558655
2010-03-10,19.573,27.488,2.15,1.888,3.29,,0.0
2010-03-11,16.442,32.066,1.946,1.987,3.247,,20.602441787719727
2010-03-12,14.817,16.295,1.754,1.815,3.1,,0.0
2010-03-13,13.233,21.792,1.66,1.636,3.033,,0.0
2010-03-14,10.358,19.621,1.716,1.633,3.183,,1.4321600198745728
2010-03-15,14.956,22.026,1.623,1.716,3.077,,2.9503173828125
2010-03-16,17.041,20.074,1.537,1.606,3.03,,8.791706085205078
2010-03-17,22.724,36.175,2.086,1.88,3.574,,29.251745223999023
2010-03-18,8.093,43.002,3.066,1.728,3.579,,13.605031967163086
2010-03-19,35.512,43.801,2.221,2.066,3.438,,19.711414337158203
2010-03-20,19.076,18.888,1.862,1.716,3.183,,0.37429532408714294
2010-03-21,9.45,35.168,1.677,1.641,3.097,,9.17625904083252
2010-03-22,14.671,16.898,1.688,1.654,3.2,,3.8088157176971436
2010-03-23,9.786,17.516,1.64,1.606,3.093,,0.21747586131095886
2010-03-24,15.086,15.397,1.626,1.576,3.017,,0.0
2010-03-25,16.305,21.652,1.463,1.563,2.91,,0.0
2010-03-26,22.906,28.707,1.613,1.604,2.947,,9.021952629089355
2010-03-27,16.238,22.688,2.412,1.732,3.449,,16.23960304260254
2010-03-28,14.248,14.48,1.645,1.646,3.097,,1.2915939092636108
2010-03-29,16.148,18.214,1.567,1.607,3.02,,20.723424911499023
2010-03-30,47.668,51.618,1.758,1.996,3.245,,21.144014358520508
2010-03-31,20.1,32.37,2.031,1.854,3.384,,5.660475254058838
2010-04-01,14.292,22.317,1.935,1.747,3.502,,4.732171535491943
2010-04-02,23.675,22.582,1.753,1.667,3.546,,10.514412879943848
2010-04-03,31.462,21.134,6.138,1.74,4.554,,21.10747718811035
2010-04-04,24.455,38.768,4.925,1.632,4.614,,10.049932479858398
2010-04-05,27.528,24.092,3.365,1.633,4.657,,14.789068222045898
2010-04-06,17.327,32.69,4.092,1.803,5.138,,24.860280990600586
2010-04-07,16.104,50.999,3.85,1.744,4.89,,4.691309452056885
2010-04-08,14.952,33.803,7.761,3.458,4.787,,14.47041130065918
2010-04-09,34.032,30.056,3.067,1.749,4.246,,4.003693580627441
2010-04-10,46.25,30.712,3.407,2.523,4.775,,9.102628707885742
2010-04-11,33.278,47.205,9.065,4.468,5.523,,37.81734085083008
2010-04-12,42.885,53.439,4.579,2.159,4.333,,3.4424004554748535
2010-04-13,32.298,42.567,6.319,2.141,5.927,,6.874269962310791
2010-04-14,28.716,35.601,9.584,2.024,6.195,,19.998302459716797
2010-04-15,19.82,16.876,4.314,1.824,4.673,,0.49269795417785645
2010-04-16,22.226,32.312,3.675,1.862,4.948,,3.562242031097412
2010-04-17,13.737,22.115,6.588,1.825,4.773,,0.252566933631897
2010-04-18,7.578,23.938,3.522,1.801,4.397,,0.5877901911735535
2010-04-19,10.57,31.775,3.719,1.91,4.343,,24.68570327758789
2010-04-20,13.692,24.654,3.267,1.825,4.126,,0.0
2010-04-21,17.962,25.195,2.733,1.822,3.89,,2.8602094650268555
2010-04-22,12.294,15.04,2.413,1.8,3.809,,7.434349060058594
2010-04-23,12.298,23.748,2.396,1.8,3.698,,0.0
2010-04-24,19.37,17.756,2.438,1.81,3.795,,14.260763168334961
2010-04-25,19.985,22.625,2.333,1.8,3.661,,1.6800190210342407
2010-04-26,24.73,36.413,2.909,1.941,3.981,,32.12895584106445
2010-04-27,65.599,39.325,2.728,4.54,4.055,,2.5311896800994873
2010-04-28,67.979,42.631,3.138,2.167,4.67,,13.569208145141602
2010-04-29,66.313,58.472,3.449,2.1,5.408,,14.749399185180664
2010-04-30,31.151,34.972,,,,,11.60279655456543
2010-05-01,32.194,24.578,2.965,2.037,4.83,,2.9795851707458496
2010-05-02,58.111,22.022,3.859,2.0,5.856,,45.631752014160156
2010-05-03,35.824,24.275,3.73,2.035,5.631,,12.444334030151367
2010-05-04,27.769,39.085,6.542,2.096,5.734,,10.951375007629395
2010-05-05,76.681,42.272,5.972,2.544,6.505,,1.0769354104995728
2010-05-06,37.234,53.752,6.819,3.305,6.866,,32.39860153198242
2010-05-07,39.979,50.597,11.15,2.947,5.98,,12.961456298828125
2010-05-08,68.591,66.629,7.273,5.79,6.02,,26.719091415405273
2010-05-09,29.504,44.868,7.507,5.868,5.756,,15.970230102539062
2010-05-10,31.744,38.86,4.856,2.779,5.077,,11.168449401855469
2010-05-11,104.624,71.238,8.075,12.22,6.537,,12.75288200378418
2010-05-12,30.385,31.938,5.314,2.837,5.23,,11.245221138000488
2010-05-13,20.972,45.584,8.844,2.787,4.857,,3.8383545875549316
2010-05-14,32.867,43.942,5.226,3.138,5.153,,3.073320150375366
2010-05-15,29.106,23.551,3.639,2.829,4.653,,0.0
2010-05-16,26.134,43.228,3.296,2.823,4.497,,19.867921829223633
2010-05-17,29.02,22.672,3.021,3.321,4.377,,18.601520538330078
2010-05-18,41.342,36.521,2.698,2.825,4.263,,0.20316123962402344
2010-05-19,44.321,56.131,2.641,2.802,4.293,,15.343679428100586
2010-05-20,56.875,83.778,7.949,7.863,7.346,,43.8219108581543
2010-05-21,31.589,51.871,4.596,3.05,7.725,,16.386775970458984
2010-05-22,31.152,42.294,5.21,2.273,7.074,,9.558161735534668
2010-05-23,70.93,62.148,5.658,3.175,6.504,,26.035541534423828
2010-05-24,43.318,33.894,7.386,2.068,7.857,,13.43604564666748
2010-05-25,46.359,48.327,8.097,1.973,7.493,,15.263525009155273
2010-05-26,42.667,39.353,7.324,2.09,9.204,,20.735652923583984
2010-05-27,61.106,53.95,5.81,2.064,8.102,,18.6219482421875
2010-05-28,37.025,43.106,4.875,1.964,7.725,,0.9591315984725952
2010-05-29,24.169,36.446,8.123,3.226,7.547,,1.8341481685638428
2010-05-30,40.869,63.155,7.351,2.377,6.843,,8.979222297668457
2010-05-31,74.06,80.208,7.367,4.563,8.714,,30.6280517578125
2010-06-01,46.771,53.187,7.49,2.945,7.027,,1.9764753580093384
2010-06-02,78.734,68.681,9.936,5.299,8.563,,9.53541374206543
2010-06-03,50.572,76.86,18.11,4.715,13.3,,35.83042526245117
2010-06-04,48.464,66.044,12.76,2.673,8.342,,0.0
2010-06-05,27.654,37.272,8.899,2.633,7.214,,2.707548141479492
2010-06-06,22.656,32.325,5.501,2.6,6.673,,16.87607765197754
2010-06-07,23.703,26.083,4.61,2.6,6.32,,0.0
2010-06-08,31.819,48.994,4.083,2.6,6.077,,8.597965240478516
2010-06-09,48.22,60.878,7.486,3.381,7.568,,17.593242645263672
2010-06-10,26.278,46.283,6.452,2.65,6.216,,5.196711540222168
2010-06-11,57.012,47.448,8.078,3.168,7.024,,17.630725860595703
2010-06-12,25.943,36.794,8.691,2.652,6.723,,8.020883560180664
2010-06-13,29.395,87.62,15.03,5.855,8.385,,22.748676300048828
2010-06-14,95.942,97.177,15.24,5.545,11.81,,18.621551513671875
2010-06-15,26.291,66.307,9.869,3.17,7.839,,1.7760276794433594
2010-06-16,34.713,86.421,11.66,4.662,7.878,,8.189987182617188
2010-06-17,31.943,80.045,16.37,5.014,9.968,,19.893733978271484
2010-06-18,31.943,80.045,11.37,5.07,7.536,,0.08904821425676346
2010-06-19,43.666,92.551,8.581,3.778,8.728,,30.153850555419922
2010-06-20,47.958,78.749,12.77,5.798,9.134,,27.091171264648438
2010-06-21,38.564,63.328,9.391,4.115,7.606,,0.8674503564834595
2010-06-22,24.0,48.337,11.43,3.913,7.287,,3.7879364490509033
2010-06-23,22.808,45.97,10.15,3.821,7.916,,0.0
2010-06-24,64.335,61.04,13.22,3.8,8.694,,23.81119155883789
2010-06-25,70.118,79.774,14.04,3.8,7.294,,18.122634887695312
2010-06-26,42.533,70.743,17.33,3.8,7.788,,11.176424026489258
2010-06-27,34.074,75.791,18.78,3.875,7.815,,24.813213348388672
2010-06-28,43.446,111.745,18.31,10.09,9.988,,1.309808373451233
2010-06-29,33.259,60.82,14.32,4.267,7.037,,1.2787927389144897
2010-06-30,25.019,53.129,,,,,0.29364725947380066
2010-07-01,26.209,44.658,10.03,4.2,6.206,,13.518178939819336
2010-07-02,25.44,54.611,9.025,4.2,6.276,,7.161673545837402
2010-07-03,47.058,74.052,7.539,4.2,6.016,,7.6055803298950195
2010-07-04,37.98,70.865,16.48,5.039,8.348,,8.814231872558594
2010-07-05,31.253,78.046,13.93,4.3,7.161,,29.207775115966797
2010-07-06,38.351,78.82,12.9,5.646,7.094,,16.61318588256836
2010-07-07,54.193,52.37,13.61,4.736,7.578,,8.721527099609375
2010-07-08,38.098,53.338,12.22,4.6,6.773,,11.161401748657227
2010-07-09,28.693,40.544,11.54,4.554,6.465,,1.1888928413391113
2010-07-10,43.258,93.843,12.07,4.5,6.239,,5.5242109298706055
2010-07-11,63.425,117.257,20.58,8.818,11.35,,29.56902503967285
2010-07-12,30.62,79.866,19.29,4.5,8.164,,0.0
2010-07-13,47.284,56.229,15.96,4.5,7.107,,19.398265838623047
2010-07-14,57.61,88.513,14.13,4.429,6.837,,11.65552043914795
2010-07-15,53.818,100.108,27.7,8.926,13.13,,37.81964874267578
2010-07-16,37.787,98.856,34.91,5.405,12.71,,26.432525634765625
2010-07-17,41.523,109.539,29.47,5.798,13.56,,9.180780410766602
2010-07-18,33.217,85.336,25.52,5.43,11.37,,41.596412658691406
2010-07-19,22.603,70.082,20.05,5.4,9.254,,0.0
2010-07-20,81.94,130.344,17.49,5.58,10.97,,18.680622100830078
2010-07-21,97.966,129.916,19.2,6.012,11.24,,25.19619369506836
2010-07-22,35.902,69.358,16.44,5.28,8.828,,0.0
2010-07-23,28.6,78.117,16.17,6.174,9.999,,5.098971843719482
2010-07-24,26.529,79.797,14.33,4.92,10.17,,11.8327054977417
2010-07-25,22.375,58.342,11.82,4.88,7.923,,0.0
2010-07-26,30.702,76.937,12.5,3.987,8.506,,28.45137596130371
2010-07-27,22.37,62.303,11.32,2.481,7.469,,13.554600715637207
2010-07-28,25.787,51.721,11.43,2.379,7.007,,11.875946998596191
2010-07-29,20.938,54.505,10.42,2.373,6.9,,3.4442152976989746
2010-07-30,54.688,60.543,10.74,2.244,6.982,,0.8346940875053406
2010-07-31,48.916,78.546,17.72,2.728,9.703,,17.3553524017334
2010-08-01,71.708,69.452,12.31,2.602,8.24,,4.866373062133789
2010-08-02,32.186,58.587,13.77,2.706,7.765,,9.248026847839355
2010-08-03,29.861,58.167,11.57,2.331,7.117,,25.138164520263672
2010-08-04,68.448,57.297,12.29,2.756,8.51,,16.07157325744629
2010-08-05,27.504,45.475,10.65,2.198,7.04,,0.0
2010-08-06,21.215,45.197,9.976,2.233,6.703,,16.140247344970703
2010-08-07,25.83,39.902,9.224,2.063,6.421,,1.2594377994537354
2010-08-08,23.079,47.966,8.931,2.031,6.347,,0.7136059999465942
2010-08-09,52.516,66.061,9.701,2.883,6.595,,14.309590339660645
2010-08-10,29.63,42.134,8.778,2.104,6.084,,2.1574203968048096
2010-08-11,31.577,36.574,8.125,2.031,5.858,,0.4958302974700928
2010-08-12,22.395,40.037,7.667,2.0,5.763,,0.1633491814136505
2010-08-13,19.582,48.774,7.908,2.042,5.973,,17.582998275756836
2010-08-14,35.785,38.669,7.425,2.0,5.7,,0.07047109305858612
2010-08-15,25.337,31.046,7.033,2.0,5.537,,0.0
2010-08-16,30.333,40.63,7.283,2.433,5.74,,13.085409164428711
2010-08-17,44.985,45.793,7.024,2.05,5.68,,1.0930674076080322
2010-08-18,80.331,57.088,8.224,2.83,6.047,,20.809024810791016
2010-08-19,29.911,49.708,7.217,2.056,5.973,,0.0
2010-08-20,57.763,51.319,6.707,2.346,6.431,,27.613475799560547
2010-08-21,29.807,33.195,6.428,2.05,5.724,,0.0
2010-08-22,21.213,34.455,5.005,2.05,5.49,,21.503137588500977
2010-08-23,31.428,40.792,4.851,2.031,5.36,,0.0
2010-08-24,74.521,69.218,4.468,2.127,5.5,,24.36576271057129
2010-08-25,79.204,89.416,6.155,12.32,6.853,,9.739387512207031
2010-08-26,37.919,46.974,6.926,3.255,6.044,,37.032470703125
2010-08-27,73.836,83.486,7.573,2.463,6.047,,7.252638339996338
2010-08-28,125.777,131.176,19.36,11.69,13.34,,28.835186004638672
2010-08-29,99.811,136.57,26.44,8.531,13.42,,31.07139015197754
2010-08-30,50.493,94.704,15.57,3.494,8.626,,9.691126823425293
2010-08-31,71.213,54.128,10.83,2.792,8.113,,21.632225036621094
2010-09-01,61.825,56.585,9.485,2.744,8.012,,33.50733184814453
2010-09-02,56.486,108.969,20.09,6.722,9.944,,18.02411460876465
2010-09-03,45.478,95.386,15.55,3.059,8.888,,0.5346794128417969
2010-09-04,57.716,84.742,12.61,3.913,8.516,,7.6935133934021
2010-09-05,52.74,91.011,31.86,5.366,12.29,,32.83781051635742
2010-09-06,51.229,102.369,24.42,3.125,9.438,,0.07570492476224899
2010-09-07,92.087,119.757,29.62,12.75,14.49,,36.442901611328125
2010-09-08,40.892,101.529,33.46,3.714,12.61,,3.6917476654052734
2010-09-09,33.844,89.49,24.09,3.533,10.9,,25.9915714263916
2010-09-10,26.628,69.624,16.91,3.067,8.298,,13.350255966186523
2010-09-11,57.549,74.146,13.99,3.178,7.784,,0.0
2010-09-12,42.017,73.785,15.56,3.06,9.214,,30.44656753540039
2010-09-13,37.972,65.492,15.66,3.02,8.905,,12.147918701171875
2010-09-14,41.388,86.195,17.99,3.752,9.173,,19.184627532958984
2010-09-15,34.764,70.843,13.05,3.163,7.65,,7.058778285980225
2010-09-16,52.422,59.507,11.89,3.579,8.071,,29.780935287475586
2010-09-17,60.598,77.75,16.69,4.293,9.787,,9.219232559204102
2010-09-18,52.568,85.957,14.35,3.007,8.228,,14.828527450561523
2010-09-19,70.508,56.393,13.14,3.75,7.871,,13.337457656860352
2010-09-20,74.39,91.031,17.38,4.793,9.885,,29.5086612701416
2010-09-21,76.222,104.19,17.59,5.724,10.49,,13.306660652160645
2010-09-22,52.159,85.321,14.89,3.368,11.67,,8.954585075378418
2010-09-23,94.215,85.459,14.01,3.905,11.09,,22.855899810791016
2010-09-24,40.038,82.09,16.21,7.059,11.59,,23.362131118774414
2010-09-25,53.784,86.902,18.55,4.976,11.85,,0.8240857124328613
2010-09-26,69.609,153.188,25.31,4.493,16.5,,6.694695949554443
2010-09-27,131.988,168.685,41.27,15.28,19.43,,49.371055603027344
2010-09-28,43.559,124.075,29.93,8.489,15.37,,0.4304658770561218
2010-09-29,57.596,119.159,18.42,8.981,13.0,,10.80256462097168
2010-09-30,53.693,99.17,,6.048,,,14.905387878417969
2010-10-01,36.949,74.53,14.8,3.95,11.52,,1.018602967262268
2010-10-02,43.185,89.918,15.79,4.535,11.08,,32.85047149658203
2010-10-03,50.916,84.229,14.89,4.105,11.47,,0.0
2010-10-04,92.552,163.008,30.21,11.03,23.24,,30.502216339111328
2010-10-05,52.744,137.333,31.08,9.366,19.39,,29.687707901000977
2010-10-06,57.685,146.854,35.72,5.626,20.16,,8.532194137573242
2010-10-07,63.054,115.316,28.01,4.346,16.02,,35.7337760925293
2010-10-08,122.0,179.59,53.74,14.92,21.4,,31.805593490600586
2010-10-09,50.017,122.73,57.73,4.765,17.0,,10.316447257995605
2010-10-10,35.269,97.298,35.64,4.325,13.39,,0.0
2010-10-11,25.739,77.108,25.0,4.2,11.71,,4.428886413574219
2010-10-12,38.294,68.229,18.45,4.196,10.65,,8.381360054016113
2010-10-13,33.883,60.776,15.63,4.1,9.939,,0.0
2010-10-14,57.151,65.544,14.32,4.013,9.483,,25.174880981445312
2010-10-15,84.397,68.43,13.91,3.95,9.135,,27.0113525390625
2010-10-16,72.033,69.544,14.4,4.268,9.217,,23.531118392944336
2010-10-17,39.084,66.754,14.85,6.04,8.787,,7.818051338195801
2010-10-18,39.717,69.803,14.04,4.65,9.186,,12.884025573730469
2010-10-19,50.775,58.437,12.74,3.9,8.821,,0.18495450913906097
2010-10-20,38.19,48.423,13.79,3.858,8.229,,11.816269874572754
2010-10-21,32.986,56.145,14.83,3.8,8.058,,8.792664527893066
2010-10-22,46.319,63.34,12.36,3.825,8.058,,14.495325088500977
2010-10-23,90.835,85.02,19.45,6.376,9.267,,15.039324760437012
2010-10-24,56.922,66.056,27.65,3.8,9.887,,9.779597282409668
2010-10-25,36.981,57.634,17.8,3.773,8.919,,5.17681884765625
2010-10-26,41.867,60.294,13.81,3.72,7.987,,0.0
2010-10-27,48.041,56.355,15.24,3.72,8.175,,36.36012268066406
2010-10-28,56.779,52.644,14.59,3.637,8.244,,0.47572240233421326
2010-10-29,65.027,92.759,30.25,6.237,11.92,,39.44685745239258
2010-10-30,71.1,106.745,43.4,6.301,13.08,,9.167325019836426
2010-10-31,72.217,101.713,39.45,4.23,14.06,,10.522054672241211
2010-11-01,69.661,113.419,68.61,4.482,17.59,,7.081263065338135
2010-11-02,80.984,151.638,55.81,3.607,17.2,,11.825675010681152
2010-11-03,30.361,97.993,38.66,3.56,14.41,,20.518346786499023
2010-11-04,47.272,78.983,32.21,3.543,11.27,,18.265283584594727
2010-11-05,52.104,71.15,22.07,5.376,10.66,,9.320357322692871
2010-11-06,71.741,107.792,20.23,4.836,11.72,,36.00242233276367
2010-11-07,84.156,139.327,37.75,10.81,17.94,,21.11716079711914
2010-11-08,96.136,152.278,40.13,8.646,15.13,,23.53915786743164
2010-11-09,71.834,146.52,37.74,12.44,17.9,,19.489025115966797
2010-11-10,43.862,137.021,31.08,4.08,12.43,,0.0
2010-11-11,62.286,115.524,26.61,8.627,11.92,,5.49884557723999
2010-11-12,106.49,95.945,23.1,5.136,10.97,,27.524633407592773
2010-11-13,101.567,154.268,44.05,5.162,13.85,,24.932830810546875
2010-11-14,65.896,181.043,58.32,6.972,17.05,,41.60202407836914
2010-11-15,42.884,143.378,45.05,4.721,15.99,,12.635198593139648
2010-11-16,105.578,139.295,37.15,4.628,15.42,,0.0
2010-11-17,50.349,126.479,28.72,4.273,12.58,,41.33622741699219
2010-11-18,44.606,82.485,25.58,3.912,11.4,,1.0404558181762695
2010-11-19,53.504,91.54,21.05,3.8,11.16,,0.7044361233711243
2010-11-20,48.687,126.909,29.97,3.723,11.86,,4.988766670227051
2010-11-21,46.33,88.729,30.0,3.72,11.45,,4.648812294006348
2010-11-22,33.294,74.132,23.31,3.687,10.15,,13.369272232055664
2010-11-23,50.698,76.64,22.7,3.817,10.65,,8.724459648132324
2010-11-24,103.887,125.55,26.18,3.58,10.84,,15.341137886047363
2010-11-25,53.933,80.623,21.7,3.649,10.35,,22.460220336914062
2010-11-26,49.584,67.8,18.71,3.48,9.54,,0.09528191387653351
2010-11-27,61.721,108.416,26.66,5.163,11.03,,11.54837703704834
2010-11-28,59.518,133.295,29.32,7.865,15.13,,20.879215240478516
2010-11-29,124.364,127.304,18.75,4.067,11.62,,56.474510192871094
2010-11-30,75.241,105.989,,,14.14,,6.671145439147949
2010-12-01,45.833,91.943,18.73,4.989,11.15,,17.263797760009766
2010-12-02,61.279,99.793,17.65,4.931,11.26,,7.056129455566406
2010-12-03,73.847,105.353,18.71,4.204,11.32,,22.443368911743164
2010-12-04,53.146,101.59,19.62,4.603,13.21,,43.648441314697266
2010-12-05,47.22,82.214,19.14,3.517,11.1,,0.0
2010-12-06,41.794,62.655,14.23,3.223,10.02,,0.0
2010-12-07,71.253,83.256,12.86,3.488,10.32,,2.2553932666778564
2010-12-08,37.774,143.757,15.95,8.705,11.33,,31.257699966430664
2010-12-09,81.195,99.6,13.81,4.37,10.81,,10.049230575561523
2010-12-10,99.815,113.754,27.64,6.598,13.43,,34.751304626464844
2010-12-11,42.225,78.86,19.82,4.028,10.57,,10.86590576171875
2010-12-12,44.378,72.286,16.42,3.423,9.836,,0.0
2010-12-13,52.916,84.444,25.09,8.058,13.02,,40.03647994995117
2010-12-14,49.544,102.436,21.78,6.128,11.11,,12.293283462524414
2010-12-15,45.077,107.168,33.41,10.92,14.02,,2.417015552520752
2010-12-16,31.704,91.776,21.94,4.192,10.55,,1.188116192817688
2010-12-17,37.915,70.505,15.89,3.657,9.638,,3.3572604656219482
2010-12-18,41.728,68.34,14.44,3.407,9.83,,2.1090338230133057
2010-12-19,47.696,71.047,14.21,3.703,9.583,,16.92226791381836
2010-12-20,41.014,69.631,16.86,3.811,9.361,,0.0
2010-12-21,40.11,57.202,12.81,3.13,8.763,,0.0
2010-12-22,33.479,56.231,10.99,2.992,8.497,,0.0
2010-12-23,37.117,58.571,10.1,3.043,8.286,,0.0
2010-12-24,38.866,63.227,9.609,3.01,8.705,,0.174074187874794
2010-12-25,38.5,60.224,9.463,2.955,7.998,,8.11462688446045
2010-12-26,68.899,201.128,16.85,7.123,14.08,,38.33120346069336
2010-12-27,39.868,100.94,11.91,3.247,9.093,,0.6537103056907654
2010-12-28,46.516,62.454,10.39,3.518,8.731,,4.843763828277588
2010-12-29,35.905,62.543,9.224,3.08,8.032,,2.852398633956909
2010-12-30,35.806,49.948,8.595,3.127,7.836,,0.8870381116867065
2010-12-31,15.05,39.179,,,,,0.20131921768188477
2011-01-01,69.215,35.651,20.68,2.575,6.091,,0.0
2011-01-02,77.932,57.77,18.61,2.8,5.957,,0.0
2011-01-03,34.625,48.031,19.3,2.275,5.822,,0.0
2011-01-04,47.96,62.981,20.26,2.175,6.428,,2.716212749481201
2011-01-05,16.446,97.269,23.21,2.2,8.047,,16.926654815673828
2011-01-06,33.876,59.102,23.05,2.2,6.292,,0.0
2011-01-07,73.085,59.015,21.43,2.65,6.564,,27.36342430114746
2011-01-08,42.428,64.466,22.57,3.93,6.764,,12.479762077331543
2011-01-09,38.866,53.417,23.05,3.2,6.493,,13.529406547546387
2011-01-10,32.723,36.999,21.43,2.725,6.023,,0.0
2011-01-11,30.024,55.166,19.99,2.5,5.686,,0.0
2011-01-12,36.125,37.464,18.61,2.65,5.618,,0.0
2011-01-13,32.688,38.671,18.22,2.65,5.584,,2.6418511867523193
2011-01-14,30.293,37.289,15.24,3.15,5.482,,0.0
2011-01-15,37.858,52.237,11.06,3.4,5.414,,1.9745044708251953
2011-01-16,64.652,55.954,11.77,2.95,5.278,,10.416816711425781
2011-01-17,44.462,26.366,12.01,2.15,5.278,,7.360716342926025
2011-01-18,27.413,38.373,10.48,2.425,5.177,,0.32965487241744995
2011-01-19,28.968,24.464,11.41,3.375,5.109,,0.0
2011-01-20,24.322,27.731,10.37,3.125,4.976,,0.0
2011-01-21,17.576,36.21,9.49,3.0,4.942,,0.0
2011-01-22,16.033,20.686,11.06,2.425,4.908,,0.0
2011-01-23,15.005,27.436,11.06,2.2,4.842,,0.0
2011-01-24,21.427,29.598,9.27,2.625,4.741,,0.0
2011-01-25,17.675,21.795,8.0,2.125,4.674,,0.0
2011-01-26,30.431,61.18,9.05,2.65,5.887,,2.1470651626586914
2011-01-27,30.431,61.18,13.74,3.325,4.808,,50.06114196777344
2011-01-28,15.93,35.384,13.48,3.125,4.741,,0.0
2011-01-29,23.938,38.299,11.06,2.95,4.674,,0.16347798705101013
2011-01-30,25.73,21.056,9.6,2.1,4.841,,0.0
2011-01-31,34.141,70.3,6.9,2.275,4.875,,0.0
2011-02-01,24.814,21.058,6.7,1.918,4.607,,0.14396697282791138
2011-02-02,21.806,32.624,5.72,1.658,4.842,,0.0
2011-02-03,25.512,29.254,6.9,1.523,5.043,,0.0
2011-02-04,23.983,31.154,8.0,1.362,4.607,,7.062536716461182
2011-02-05,15.818,17.808,7.3,1.925,4.438,,0.044764772057533264
2011-02-06,40.149,42.941,7.3,2.075,4.807,,0.0
2011-02-07,37.397,55.617,6.512,2.625,6.628,,41.71708297729492
2011-02-08,21.158,44.75,6.8,2.7,5.414,,0.0
2011-02-09,32.628,24.47,6.9,2.05,5.278,,0.0
2011-02-10,27.932,45.394,10.15,2.3,5.754,,20.469207763671875
2011-02-11,23.749,39.81,9.6,1.43,5.618,,3.197829008102417
2011-02-12,28.883,41.491,10.04,1.675,5.076,,17.974807739257812
2011-02-13,46.073,36.351,8.3,2.175,4.875,,0.8552953600883484
2011-02-14,36.667,41.551,10.19,2.625,5.55,,30.282466888427734
2011-02-15,32.334,37.95,12.25,2.525,5.414,,1.1579151153564453
2011-02-16,23.54,55.19,10.64,2.25,5.346,,28.293834686279297
2011-02-17,25.723,55.915,12.72,2.013,6.021,,13.378068923950195
2011-02-18,18.759,39.457,10.04,1.913,5.415,,6.698080539703369
2011-02-19,39.719,41.714,10.04,1.938,5.414,,3.6318001747131348
2011-02-20,33.8,34.661,10.52,1.662,4.875,,6.2221784591674805
2011-02-21,29.533,27.182,10.04,1.288,4.607,,0.0
2011-02-22,36.591,27.831,8.3,,4.54,,0.0
2011-02-23,41.936,32.34,8.72,,10.07,,9.811880111694336
2011-02-24,32.687,40.075,10.37,,6.628,,1.7110378742218018
2011-02-25,26.284,32.728,9.27,,4.942,,6.0936102867126465
2011-02-26,26.554,36.395,10.48,1.332,4.674,,0.0
2011-02-27,25.531,24.588,8.94,,4.607,,27.380809783935547
2011-02-28,31.653,31.855,7.8,,4.472,,0.0
2011-03-01,54.529,60.151,10.37,2.325,5.278,,66.89840698242188
2011-03-02,48.001,82.869,6.325,1.553,4.741,,5.269942283630371
2011-03-03,48.125,61.714,12.72,,5.009,,8.318204879760742
2011-03-04,41.789,62.332,23.58,,5.549,,0.0
2011-03-05,46.046,53.162,17.9,,5.101,,0.0
2011-03-06,49.598,39.793,14.97,,5.073,,10.240808486938477
2011-03-07,51.774,71.401,19.87,,5.566,,5.199694633483887
2011-03-08,42.855,55.594,14.97,,5.226,,12.988702774047852
2011-03-09,50.26,86.14,22.35,4.7,6.833,,36.581886291503906
2011-03-10,32.734,57.314,18.51,3.9,5.635,,18.818811416625977
2011-03-11,21.023,46.472,14.97,2.75,5.411,,0.0
2011-03-12,30.797,41.486,13.46,2.625,5.172,,0.0
2011-03-13,26.165,36.831,13.09,2.45,4.883,,0.0
2011-03-14,27.612,37.152,12.6,2.775,4.71,,0.0
2011-03-15,27.807,37.836,11.06,2.3,4.573,,0.0
2011-03-16,30.263,37.807,10.04,2.35,4.458,,0.0
2011-03-17,36.004,49.057,9.05,2.625,4.637,,1.7375438213348389
2011-03-18,66.709,118.176,9.38,2.825,4.387,,0.8462584614753723
2011-03-19,53.645,88.272,12.63,4.111,5.3,,37.09012985229492
2011-03-20,84.786,148.217,16.95,7.062,8.402,,53.506629943847656
2011-03-21,63.366,111.944,25.45,3.781,10.02,,29.976003646850586
2011-03-22,38.6,94.19,19.56,2.963,7.893,,30.776662826538086
2011-03-23,63.88,133.198,39.66,4.81,13.56,,12.67870044708252
2011-03-24,76.462,103.127,26.03,3.5,9.918,,2.981250286102295
2011-03-25,117.473,89.305,25.49,5.418,9.195,,44.79691696166992
2011-03-26,87.97,154.599,22.21,6.67,9.274,,13.450990676879883
2011-03-27,37.238,84.196,13.99,2.275,6.607,,0.1267639696598053
2011-03-28,41.73,112.041,11.25,2.037,5.999,,18.108301162719727
2011-03-29,50.863,60.658,10.36,2.063,5.838,,15.858078002929688
2011-03-30,35.787,78.613,9.6,2.0,5.53,,13.907320976257324
2011-03-31,34.77,51.877,8.764,2.075,5.295,,15.529617309570312
2011-04-01,32.047,71.432,7.875,2.375,5.11,,0.16487950086593628
2011-04-02,32.215,56.1,7.45,2.075,5.104,,16.717151641845703
2011-04-03,32.05,57.789,7.1,2.25,5.107,,24.6157283782959
2011-04-04,32.715,46.237,8.057,2.625,5.006,,0.9843103289604187
2011-04-05,35.236,60.535,13.34,3.65,6.928,,35.566184997558594
2011-04-06,51.341,135.353,17.8,5.049,8.72,,23.668264389038086
2011-04-07,37.756,89.781,10.93,3.773,6.01,,13.629730224609375
2011-04-08,37.756,89.781,14.06,3.392,6.107,,25.1883487701416
2011-04-09,55.452,71.206,12.44,3.163,6.664,,24.4837589263916
2011-04-10,64.78,193.914,35.99,8.844,13.48,,29.012765884399414
2011-04-11,50.564,158.305,56.92,8.978,17.48,,2.6583926677703857
2011-04-12,78.675,240.186,77.69,15.61,20.02,,26.298229217529297
2011-04-13,91.298,217.949,,11.37,20.4,,12.167755126953125
2011-04-14,57.868,185.881,,4.832,19.36,,37.765445709228516
2011-04-15,106.748,217.277,47.19,8.532,16.39,,29.588672637939453
2011-04-16,82.234,212.267,56.64,10.1,18.42,,34.81939697265625
2011-04-17,57.88,178.771,54.15,11.12,17.33,,15.062433242797852
2011-04-18,118.631,173.449,40.25,5.588,14.08,,29.574298858642578
2011-04-19,79.043,159.88,30.67,4.859,13.51,,27.342981338500977
2011-04-20,72.83,198.774,35.9,15.61,15.88,,32.57705307006836
2011-04-21,112.123,234.869,76.02,,20.31,,24.971614837646484
2011-04-22,119.695,309.67,94.21,16.59,21.76,,3.136134386062622
2011-04-23,73.03,269.423,,,23.38,,23.484033584594727
2011-04-24,66.977,247.413,92.33,7.351,19.82,,30.739604949951172
2011-04-25,72.1,189.279,51.48,17.33,18.58,,36.9484977722168
2011-04-26,57.103,192.777,39.3,7.503,15.37,,27.445688247680664
2011-04-27,57.361,250.967,63.67,15.66,19.23,,29.571624755859375
2011-04-28,66.351,236.537,,12.7,21.23,,38.797035217285156
2011-04-29,64.645,200.297,,7.068,20.19,,0.36240848898887634
2011-04-30,55.11,171.654,61.18,6.455,17.3,,22.825910568237305
2011-05-01,57.759,132.368,32.82,6.325,13.64,,3.4042000770568848
2011-05-02,44.573,105.971,27.68,6.282,12.5,,12.083272933959961
2011-05-03,44.233,101.976,22.36,6.357,11.18,,21.133548736572266
2011-05-04,40.755,113.665,19.43,6.195,10.45,,7.696852207183838
2011-05-05,41.52,89.167,16.8,6.13,9.843,,3.406190872192383
2011-05-06,51.599,81.418,14.83,6.13,9.346,,3.813399076461792
2011-05-07,37.131,94.932,15.81,6.61,10.09,,10.34830093383789
2011-05-08,37.231,61.084,13.29,6.13,8.721,,1.386260986328125
2011-05-09,38.398,70.837,12.45,6.13,8.437,,19.682994842529297
2011-05-10,46.287,94.804,11.59,6.13,8.159,,16.8343563079834
2011-05-11,69.853,89.741,12.88,6.684,8.162,,26.624319076538086
2011-05-12,57.001,76.498,14.0,6.26,8.988,,31.26007080078125
2011-05-13,48.494,110.707,19.85,9.394,10.01,,15.314741134643555
2011-05-14,53.796,136.595,36.16,12.38,14.2,,25.330896377563477
2011-05-15,71.697,93.224,19.1,7.105,8.948,,0.9406787157058716
2011-05-16,88.11,77.184,14.46,6.975,8.1,,15.6738920211792
2011-05-17,59.679,71.667,13.14,6.91,7.742,,14.4826078414917
2011-05-18,56.792,73.264,12.52,6.845,7.87,,21.079376220703125
2011-05-19,53.751,68.068,12.74,6.78,7.743,,0.2547242045402527
2011-05-20,45.081,52.189,12.0,6.715,7.371,,0.0
2011-05-21,50.153,114.68,11.63,6.65,7.203,,1.0817164182662964
2011-05-22,74.266,150.052,18.55,10.58,11.87,,31.93377113342285
2011-05-23,46.798,84.851,18.37,4.925,9.344,,17.88759994506836
2011-05-24,51.444,119.396,13.47,4.193,7.701,,1.6884472370147705
2011-05-25,43.514,190.677,20.55,12.19,9.395,,28.770919799804688
2011-05-26,58.228,107.116,21.42,11.82,9.678,,10.651028633117676
2011-05-27,42.037,71.006,13.8,3.933,7.432,,3.463672161102295
2011-05-28,36.16,84.191,15.1,6.083,8.047,,0.0
2011-05-29,28.375,68.773,12.76,3.76,7.197,,0.0
2011-05-30,32.477,54.523,11.46,3.153,6.866,,0.0
2011-05-31,34.489,51.917,10.86,3.102,6.668,,9.60838508605957
2011-06-01,64.34,98.34,14.56,13.07,7.696,,11.686590194702148
2011-06-02,84.44,126.693,24.33,,13.16,,12.644140243530273
2011-06-03,47.288,86.134,18.95,4.499,8.359,,14.778607368469238
2011-06-04,38.84,88.74,13.29,3.76,7.792,,1.3521069288253784
2011-06-05,33.756,71.487,14.33,3.312,7.384,,9.274628639221191
2011-06-06,48.695,100.866,15.65,3.831,7.937,,7.498924255371094
2011-06-07,48.97,86.731,19.75,7.199,9.111,,22.65334701538086
2011-06-08,39.04,55.867,13.07,3.332,7.101,,2.50938081741333
2011-06-09,42.426,49.19,11.51,3.015,6.71,,3.011446237564087
2011-06-10,36.278,58.796,10.76,2.909,6.474,,8.609206199645996
2011-06-11,32.153,41.311,10.13,2.8,6.295,,4.069408416748047
2011-06-12,24.501,38.914,9.738,2.715,6.108,,4.988971710205078
2011-06-13,27.643,49.133,9.453,2.674,5.979,,2.042919874191284
2011-06-14,21.689,39.485,9.233,2.631,5.889,,7.268315315246582
2011-06-15,30.831,45.764,9.16,2.567,5.765,,0.0
2011-06-16,23.143,42.131,8.246,2.813,5.745,,31.787349700927734
2011-06-17,63.479,109.139,8.325,4.39,6.619,,28.283405303955078
2011-06-18,77.501,133.311,11.87,,8.154,,2.2273590564727783
2011-06-19,28.143,62.597,9.216,3.82,6.044,,5.799956321716309
2011-06-20,49.478,68.329,13.21,3.942,6.451,,0.0
2011-06-21,47.802,65.684,15.88,3.879,7.268,,8.499940872192383
2011-06-22,63.642,140.199,17.98,,8.888,,11.814132690429688
2011-06-23,70.663,126.843,19.64,15.12,9.899,,29.940662384033203
2011-06-24,36.634,92.801,18.76,4.415,7.944,,19.2257080078125
2011-06-25,67.954,88.85,18.21,6.375,9.634,,22.266523361206055
2011-06-26,36.195,94.314,26.38,3.415,12.06,,29.035497665405273
2011-06-27,61.343,144.158,25.04,6.134,12.15,,13.532217025756836
2011-06-28,35.513,73.441,18.6,3.203,8.334,,0.0
2011-06-29,41.145,64.627,14.75,2.942,7.514,,5.257396697998047
2011-06-30,58.232,88.053,13.77,2.988,7.608,,13.655532836914062
2011-07-01,52.689,88.762,18.44,5.972,9.187,,22.83447265625
2011-07-02,31.907,72.269,15.47,2.999,7.216,,2.314171552658081
2011-07-03,68.401,78.268,14.36,3.542,7.615,,11.110247611999512
2011-07-04,73.349,75.42,13.76,3.584,7.033,,9.919885635375977
2011-07-05,34.081,54.913,12.63,2.801,6.725,,3.4584717750549316
2011-07-06,40.946,64.976,12.03,3.493,6.599,,4.420544624328613
2011-07-07,30.017,46.38,11.78,2.733,6.074,,0.0
2011-07-08,24.719,39.083,11.26,2.519,5.904,,0.0
2011-07-09,21.585,51.847,10.9,2.417,5.771,,0.09366045892238617
2011-07-10,24.237,48.921,10.64,2.356,5.655,,5.902081489562988
2011-07-11,27.764,40.332,10.2,2.339,5.561,,10.41443920135498
2011-07-12,32.046,84.662,9.38,2.355,5.547,,26.231151580810547
2011-07-13,80.231,125.129,14.82,11.4,9.389,,22.841968536376953
2011-07-14,66.985,142.404,15.68,6.529,7.612,,29.146020889282227
2011-07-15,54.003,109.86,18.69,7.274,11.1,,25.604122161865234
2011-07-16,53.205,92.92,19.29,3.971,7.778,,9.661787033081055
2011-07-17,28.441,102.093,13.39,2.836,6.64,,0.0
2011-07-18,55.219,173.602,18.87,9.201,10.23,,26.927227020263672
2011-07-19,31.505,69.957,14.71,3.291,7.296,,11.699289321899414
2011-07-20,27.36,82.308,13.7,4.734,7.46,,22.1950626373291
2011-07-21,29.189,48.914,11.93,2.908,6.533,,0.7707594037055969
2011-07-22,26.288,46.817,11.75,2.703,6.136,,0.0
2011-07-23,31.341,55.663,11.02,2.533,5.906,,0.0
2011-07-24,29.102,36.685,9.417,2.443,5.768,,5.5939435958862305
2011-07-25,29.512,38.361,8.748,2.39,5.615,,0.0
2011-07-26,27.333,30.834,8.258,2.296,5.496,,16.84714126586914
2011-07-27,30.821,38.777,8.1,2.347,5.53,,6.7633867263793945
2011-07-28,36.314,110.743,8.493,2.741,6.299,,20.782379150390625
2011-07-29,60.093,122.466,19.36,8.472,9.13,,27.976306915283203
2011-07-30,54.623,86.889,14.48,3.583,7.589,,17.27805519104004
2011-07-31,34.075,58.454,12.01,2.954,6.776,,0.6305967569351196
2011-08-01,42.073,63.008,13.71,3.027,6.484,,2.732534170150757
2011-08-02,113.226,52.303,11.42,2.517,7.898,,13.759716987609863
2011-08-03,49.355,65.146,12.58,3.133,8.127,,21.651569366455078
2011-08-04,42.495,57.171,10.6,3.723,6.77,,0.24038906395435333
2011-08-05,29.699,43.841,9.939,2.69,6.408,,13.316865921020508
2011-08-06,28.548,37.527,8.887,2.35,5.819,,5.78946590423584
2011-08-07,19.615,26.052,11.89,2.286,5.621,,4.5136518478393555
2011-08-08,17.938,33.199,10.94,2.25,5.471,,0.5806413888931274
2011-08-09,25.276,28.541,8.94,2.213,5.346,,0.10440357774496078
2011-08-10,26.16,26.691,9.71,2.2,5.211,,0.21121418476104736
2011-08-11,25.963,30.936,8.83,2.186,5.132,,14.134562492370605
2011-08-12,63.3,61.07,8.74,2.301,5.65,,24.87392807006836
2011-08-13,28.851,43.607,9.71,2.6,5.352,,9.725648880004883
2011-08-14,23.402,44.807,9.93,2.323,5.065,,12.82433795928955
2011-08-15,51.374,28.374,9.93,2.2,5.009,,14.216792106628418
2011-08-16,88.312,90.587,8.3,6.021,5.851,,16.711368560791016
2011-08-17,88.875,49.353,8.0,2.491,5.298,,15.44111442565918
2011-08-18,85.61,82.484,10.04,3.381,6.602,,25.37352180480957
2011-08-19,147.721,96.703,11.3,5.69,6.771,,32.512672424316406
2011-08-20,28.439,42.651,12.13,2.649,6.002,,5.090760231018066
2011-08-21,44.225,62.509,10.26,2.586,6.149,,3.81006121635437
2011-08-22,78.802,75.839,11.3,3.471,6.698,,29.243671417236328
2011-08-23,110.986,100.107,12.49,2.642,7.044,,6.828351020812988
2011-08-24,61.884,70.44,13.46,3.503,7.831,,27.93123435974121
2011-08-25,50.87,50.513,13.96,2.636,6.228,,10.554510116577148
2011-08-26,36.848,38.788,11.89,2.6,5.737,,0.19653639197349548
2011-08-27,29.477,35.681,10.94,2.6,5.485,,8.98060417175293
2011-08-28,54.971,63.69,12.13,2.689,5.744,,18.017541885375977
2011-08-29,25.593,41.606,11.89,2.586,5.343,,1.2442913055419922
2011-08-30,41.761,50.775,12.13,3.361,5.118,,8.41307258605957
2011-08-31,32.176,33.291,10.48,2.636,4.948,,0.0
2011-09-01,29.588,27.79,10.04,2.75,4.797,,1.8650280237197876
2011-09-02,27.6,27.685,10.15,2.2,4.702,,6.1041059494018555
2011-09-03,24.047,30.77,9.71,2.9,4.643,,14.605114936828613
2011-09-04,28.478,24.977,8.3,2.2,4.576,,0.0
2011-09-05,30.254,47.061,8.0,3.175,4.495,,0.0
2011-09-06,31.043,75.915,8.0,2.7,4.486,,0.0
2011-09-07,38.401,72.114,11.18,4.05,5.555,,27.798192977905273
2011-09-08,43.137,58.4,12.01,2.5,6.261,,15.173196792602539
2011-09-09,32.747,67.509,12.37,2.475,5.833,,19.784412384033203
2011-09-10,21.576,41.492,12.01,2.875,6.11,,5.775655746459961
2011-09-11,56.992,56.367,13.46,2.5,7.82,,30.117656707763672
2011-09-12,35.694,58.017,15.35,3.2,6.436,,10.72953987121582
2011-09-13,52.204,39.818,12.63,2.825,5.72,,0.0
2011-09-14,74.415,32.23,9.71,2.975,5.73,,8.633341789245605
2011-09-15,31.654,64.469,8.83,2.475,5.51,,15.73424243927002
2011-09-16,55.737,75.881,11.18,2.4,6.322,,29.503772735595703
2011-09-17,54.93,55.272,13.74,2.6,6.229,,0.0
2011-09-18,53.912,92.962,17.77,2.875,8.714,,21.438064575195312
2011-09-19,33.78,57.093,17.5,3.175,7.108,,0.0
2011-09-20,99.386,82.17,19.08,3.32,7.336,,28.915231704711914
2011-09-21,39.746,90.613,13.22,2.8,6.284,,0.538260281085968
2011-09-22,34.013,50.39,11.4,3.175,6.267,,6.535350799560547
2011-09-23,36.747,105.015,8.514,2.95,6.127,,10.091269493103027
2011-09-24,24.902,48.246,7.275,3.6,5.774,,25.067712783813477
2011-09-25,19.368,36.596,9.144,2.875,6.16,,1.0588334798812866
2011-09-26,27.616,57.494,13.26,2.525,7.066,,15.2157621383667
2011-09-27,25.355,51.22,10.06,2.625,5.706,,0.0
2011-09-28,37.048,43.986,8.348,2.2,5.479,,1.8746955394744873
2011-09-29,17.097,34.807,9.052,2.625,5.306,,14.746992111206055
2011-09-30,51.563,44.934,8.17,2.625,5.216,,12.134292602539062
2011-10-01,38.346,42.907,6.126,,5.475,,10.734402656555176
2011-10-02,23.894,20.438,8.658,,5.485,,8.574396133422852
2011-10-03,46.539,46.477,6.096,,5.227,,19.96807289123535
2011-10-04,40.628,49.332,8.514,,6.862,,15.475932121276855
2011-10-05,32.095,52.392,8.912,,6.155,,5.743801116943359
2011-10-06,39.732,33.991,8.752,,5.716,,17.15741539001465
2011-10-07,67.528,73.354,13.71,,8.132,,30.190410614013672
2011-10-08,35.466,64.536,16.4,,7.339,,34.436256408691406
2011-10-09,49.929,70.484,12.7,,6.425,,5.249566078186035
2011-10-10,62.581,100.841,16.4,,10.47,,24.027889251708984
2011-10-11,70.633,60.687,14.31,,7.905,,6.545480251312256
2011-10-12,36.935,84.376,24.97,,10.53,,14.566418647766113
2011-10-13,28.88,66.135,20.25,,9.845,,8.652956008911133
2011-10-14,32.306,122.26,26.03,,11.85,,6.980674743652344
2011-10-15,35.886,124.003,52.98,,14.9,,40.23577117919922
2011-10-16,77.143,138.504,32.89,,12.14,,5.489025115966797
2011-10-17,112.353,185.265,31.69,,14.24,,23.304418563842773
2011-10-18,110.632,130.377,19.76,,9.372,,50.54362106323242
2011-10-19,47.605,71.023,16.59,,8.318,,16.50461196899414
2011-10-20,31.03,54.879,14.99,,7.72,,12.589299201965332
2011-10-21,47.071,94.187,14.52,,7.396,,0.0
2011-10-22,61.777,75.81,14.39,,7.432,,2.4453341960906982
2011-10-23,40.324,52.683,16.1,,7.744,,7.631777286529541
2011-10-24,38.282,67.217,13.03,,6.829,,0.0
2011-10-25,37.0,58.449,12.86,,6.747,,4.535794258117676
2011-10-26,65.313,89.141,12.76,,6.77,,3.729412078857422
2011-10-27,87.983,90.003,16.48,,7.437,,1.5528393983840942
2011-10-28,111.902,105.641,15.35,,9.907,,55.953346252441406
2011-10-29,86.65,77.778,13.71,,7.25,,1.3852437734603882
2011-10-30,88.876,109.64,15.89,,8.096,,57.35919952392578
2011-10-31,55.822,90.929,15.88,,7.137,,0.1256287544965744
2011-11-01,41.752,51.204,12.81,,6.617,,1.4359393119812012
2011-11-02,40.06,42.621,12.31,,6.392,,0.0
2011-11-03,37.455,54.337,10.35,,6.55,,51.26105499267578
2011-11-04,39.272,44.671,10.28,,8.081,,8.920093536376953
2011-11-05,111.059,72.17,13.01,,6.857,,0.0
2011-11-06,73.481,121.219,12.4,,7.449,,19.09019660949707
2011-11-07,75.322,78.66,13.64,,7.566,,1.722290277481079
2011-11-08,35.896,103.373,18.05,,8.61,,18.64654541015625
2011-11-09,48.072,68.089,14.54,,7.578,,21.779987335205078
2011-11-10,43.867,56.117,14.05,,8.126,,5.88765287399292
2011-11-11,39.936,65.195,15.25,,7.769,,3.0411465167999268
2011-11-12,51.17,74.833,17.04,,8.608,,11.692525863647461
2011-11-13,48.501,110.988,20.29,,8.894,,48.345298767089844
2011-11-14,41.952,93.49,23.0,,11.91,,6.213658809661865
2011-11-15,83.549,125.567,33.2,,11.91,,24.550098419189453
2011-11-16,48.545,122.816,26.67,,10.57,,43.8733024597168
2011-11-17,77.086,145.495,23.25,,11.62,,8.275985717773438
2011-11-18,81.445,192.575,34.93,,16.75,,25.42281150817871
2011-11-19,53.439,152.272,34.15,,15.33,,7.894488334655762
2011-11-20,32.655,110.665,35.71,,12.37,,15.255636215209961
2011-11-21,43.441,99.441,33.19,,11.85,,7.993112087249756
2011-11-22,38.857,120.04,41.0,,12.78,,7.811093807220459
2011-11-23,60.764,128.388,30.28,,11.53,,31.595256805419922
2011-11-24,39.54,100.256,34.75,,14.15,,9.924017906188965
2011-11-25,37.838,110.215,28.25,,11.02,,10.249283790588379
2011-11-26,86.835,85.809,24.53,,11.9,,1.008164882659912
2011-11-27,53.212,123.461,20.67,,10.27,,20.33597183227539
2011-11-28,63.719,95.97,20.81,,10.02,,4.200544834136963
2011-11-29,54.805,133.208,20.23,,9.47,,44.964473724365234
2011-11-30,62.681,90.77,18.17,,9.648,,14.144195556640625
2011-12-01,40.055,104.739,21.04,,9.112,,1.1979811191558838
2011-12-02,42.902,83.325,21.45,,8.897,,3.743563175201416
2011-12-03,30.61,78.638,17.94,,8.627,,10.302233695983887
2011-12-04,55.804,77.392,23.16,,9.69,,1.809522032737732
2011-12-05,51.306,114.702,26.12,,12.01,,9.156118392944336
2011-12-06,36.434,111.995,27.67,,10.97,,7.963512420654297
2011-12-07,28.429,91.09,22.24,,10.35,,0.5685185194015503
2011-12-08,81.756,164.306,44.9,,15.1,,32.79890823364258
2011-12-09,39.46,97.644,28.25,,9.614,,0.0
2011-12-10,89.181,129.71,22.01,,8.42,,14.77192497253418
2011-12-11,60.387,89.196,21.87,,8.353,,18.778114318847656
2011-12-12,90.903,171.386,34.69,,12.34,,67.1744613647461
2011-12-13,95.885,177.787,35.68,,14.22,,14.716127395629883
2011-12-14,55.434,116.808,25.77,,10.33,,23.155344009399414
2011-12-15,68.88,139.792,24.77,,10.23,,25.340713500976562
2011-12-16,48.036,95.487,26.99,,10.04,,28.160320281982422
2011-12-17,71.103,92.905,22.04,,9.307,,4.196903705596924
2011-12-18,61.079,78.593,20.45,,9.596,,5.86846399307251
2011-12-19,55.696,104.244,26.46,,9.431,,18.4074649810791
2011-12-20,69.795,133.509,30.06,,10.78,,34.581634521484375
2011-12-21,26.615,80.692,21.22,,8.298,,0.0
2011-12-22,50.113,57.104,17.68,,7.706,,0.851048469543457
2011-12-23,48.218,63.693,16.13,,7.388,,0.0
2011-12-24,48.799,65.988,15.45,,7.31,,38.847808837890625
2011-12-25,44.417,64.644,14.94,,7.337,,3.6385905742645264
2011-12-26,95.041,93.963,14.28,,6.968,,6.623487949371338
2011-12-27,68.216,90.84,14.85,,7.694,,1.3208879232406616
2011-12-28,69.384,59.038,14.21,,6.979,,0.7663494348526001
2011-12-29,87.824,119.232,13.79,,7.195,,23.802852630615234
2011-12-30,44.343,55.358,13.78,,7.06,,20.87919044494629
2011-12-31,30.437,58.436,13.18,,6.609,,0.0
2012-01-01,41.154,46.156,12.43,,6.303,,0.0
2012-01-02,36.627,43.824,12.43,,6.155,,19.69893455505371
2012-01-03,96.375,84.77,12.26,,6.926,,26.11301612854004
2012-01-04,22.121,60.864,14.51,,6.225,,0.0
2012-01-05,53.193,109.743,17.15,,9.165,,7.172178745269775
2012-01-06,21.15,77.808,14.91,,7.693,,0.0
2012-01-07,21.39,51.98,12.75,,6.267,,0.0
2012-01-08,34.754,49.053,11.95,,6.035,,0.0
2012-01-09,37.632,36.129,11.57,,5.85,,1.329628586769104
2012-01-10,28.351,43.608,11.09,,5.72,,11.739945411682129
2012-01-11,28.139,39.184,9.957,,5.624,,6.192300319671631
2012-01-12,26.276,38.2,7.867,,5.53,,3.8901824951171875
2012-01-13,24.277,46.003,7.458,,5.425,,4.492050647735596
2012-01-14,87.459,66.581,7.433,,5.428,,18.246545791625977
2012-01-15,90.607,93.392,8.882,,5.797,,20.668142318725586
2012-01-16,45.932,43.426,7.6,,5.284,,3.275165557861328
2012-01-17,48.671,38.619,8.145,,5.787,,14.11804485321045
2012-01-18,72.267,70.151,9.056,,6.656,,25.433746337890625
2012-01-19,30.479,55.845,11.95,,6.24,,0.104303739964962
2012-01-20,25.867,44.629,8.705,,5.403,,4.7700886726379395
2012-01-21,54.111,44.214,11.06,,5.601,,3.845090389251709
2012-01-22,41.601,88.842,14.52,,6.717,,11.195162773132324
2012-01-23,30.118,86.572,9.809,,6.031,,0.11274925619363785
2012-01-24,31.366,40.541,7.292,,5.425,,1.5920439958572388
2012-01-25,35.241,42.629,6.535,,5.292,,0.0
2012-01-26,43.671,41.541,6.321,,5.157,,0.0
2012-01-27,34.011,50.356,6.069,,5.197,,0.0
2012-01-28,37.116,34.368,5.647,,5.169,,0.0
2012-01-29,44.261,44.969,6.7,,4.981,,6.461802005767822
2012-01-30,35.603,102.787,6.332,,5.229,,21.517568588256836
2012-01-31,50.083,82.34,5.639,,5.231,,21.56165313720703
2012-02-01,35.057,38.652,5.363,,4.911,,0.0
2012-02-02,37.132,34.533,5.647,,4.755,,0.0
2012-02-03,24.395,29.497,4.899,,4.64,,0.0
2012-02-04,43.505,52.457,4.689,,4.671,,0.0
2012-02-05,33.252,40.935,4.791,,4.56,,11.855957984924316
2012-02-06,49.656,80.769,6.114,,5.19,,28.929431915283203
2012-02-07,31.565,55.601,5.558,,4.733,,8.684926986694336
2012-02-08,55.69,86.258,6.567,,5.388,,21.601852416992188
2012-02-09,23.86,50.699,6.442,,4.909,,0.0
2012-02-10,23.434,42.5,5.805,,5.034,,0.0
2012-02-11,22.114,34.467,6.406,,4.87,,9.89866828918457
2012-02-12,29.75,27.343,4.826,,4.526,,0.0
2012-02-13,28.203,23.916,4.55,,4.449,,0.0
2012-02-14,27.518,33.566,4.55,,4.327,,0.0
2012-02-15,24.624,27.221,4.541,,4.245,,0.0
2012-02-16,22.205,19.048,4.375,,4.186,,0.0
2012-02-17,19.803,26.028,4.375,,4.132,,0.0
2012-02-18,19.736,26.788,4.375,,4.124,,0.0
2012-02-19,15.19,23.944,4.215,,4.07,,0.0
2012-02-20,15.637,19.991,4.2,,4.03,,0.0
2012-02-21,16.688,19.555,4.193,,3.996,,0.0
2012-02-22,17.065,31.121,4.185,,3.988,,0.0
2012-02-23,19.793,18.595,4.025,,3.928,,0.0
2012-02-24,21.052,15.105,3.996,,3.928,,0.0
2012-02-25,16.798,39.951,4.754,,4.129,,22.83184242248535
2012-02-26,22.022,19.22,4.2,,3.988,,18.16497802734375
2012-02-27,28.562,21.905,3.981,,3.928,,0.0
2012-02-28,23.204,41.525,3.85,,3.922,,5.926018714904785
2012-02-29,25.059,29.325,3.981,,3.99,,4.702363014221191
2012-03-01,24.966,28.107,3.996,,3.914,,4.648563385009766
2012-03-02,18.291,20.671,3.573,,3.849,,0.2221067249774933
2012-03-03,22.675,30.885,3.289,,3.801,,8.866470336914062
2012-03-04,60.521,44.691,3.405,,4.084,,2.2560393810272217
2012-03-05,72.996,61.909,5.508,,5.733,,34.70581817626953
2012-03-06,27.789,64.71,3.872,,4.223,,1.0780812501907349
2012-03-07,26.915,24.14,3.179,,3.951,,11.58178424835205
2012-03-08,26.232,17.669,2.99,,3.799,,0.0
2012-03-09,45.501,25.001,3.245,,3.914,,6.656079292297363
2012-03-10,24.851,30.756,9.156,,4.109,,26.445587158203125
2012-03-11,24.455,27.002,5.113,,4.007,,0.0
2012-03-12,22.972,27.404,3.894,,3.897,,1.404101014137268
2012-03-13,27.701,29.012,4.878,,3.846,,16.316415786743164
2012-03-14,22.352,21.455,3.369,,3.793,,30.083236694335938
2012-03-15,24.47,22.711,3.077,,3.762,,3.075035572052002
2012-03-16,43.087,20.651,2.917,,3.659,,18.88129234313965
2012-03-17,67.992,49.668,4.118,,4.011,,19.200815200805664
2012-03-18,24.142,31.06,4.321,,4.553,,5.524101257324219
2012-03-19,31.233,35.776,5.101,,5.151,,29.607913970947266
2012-03-20,36.026,30.988,4.363,,4.427,,6.610558986663818
2012-03-21,39.51,42.288,5.631,,5.179,,10.08606243133545
2012-03-22,113.351,61.993,4.791,,4.614,,20.869564056396484
2012-03-23,17.332,30.417,7.497,,4.586,,9.01506233215332
2012-03-24,57.795,42.665,11.79,,5.545,,13.745779037475586
2012-03-25,38.706,36.421,7.154,,4.996,,3.508586883544922
2012-03-26,45.195,35.302,5.611,,5.658,,5.51475191116333
2012-03-27,24.191,44.44,6.531,,5.134,,2.1010217666625977
2012-03-28,31.806,40.824,3.624,,4.432,,6.1958746910095215
2012-03-29,21.702,23.143,3.179,,4.163,,1.0315134525299072
2012-03-30,47.731,23.259,3.784,,4.231,,27.00616455078125
2012-03-31,20.866,27.163,3.223,,4.075,,0.4528673589229584
2012-04-01,23.221,19.909,2.975,,3.914,,35.31840133666992
2012-04-02,86.07,68.473,3.981,,5.131,,14.875099182128906
2012-04-03,106.943,74.801,8.457,,6.942,,27.38901710510254
2012-04-04,52.428,51.135,5.924,,5.168,,12.269736289978027
2012-04-05,45.033,40.059,4.304,,5.251,,26.060739517211914
2012-04-06,58.493,37.944,9.168,,5.626,,26.398967742919922
2012-04-07,68.76,99.725,15.21,,8.211,,41.74570083618164
2012-04-08,50.563,68.394,12.69,,6.132,,5.135272026062012
2012-04-09,42.702,67.895,15.55,,6.273,,7.3944091796875
2012-04-10,66.706,128.909,20.47,,10.26,,4.9691362380981445
2012-04-11,73.775,94.602,14.46,,8.076,,21.83060646057129
2012-04-12,70.094,147.95,20.71,,11.97,,38.43279266357422
2012-04-13,53.48,95.167,18.33,,10.87,,22.305469512939453
2012-04-14,44.099,76.999,12.89,,10.45,,0.6731465458869934
2012-04-15,53.104,68.02,11.4,,8.137,,1.077399492263794
2012-04-16,53.012,85.183,10.14,,9.916,,15.343704223632812
2012-04-17,41.639,69.782,10.3,,9.445,,27.405376434326172
2012-04-18,40.037,66.939,11.29,,9.046,,7.052537441253662
2012-04-19,33.859,87.405,20.23,,12.3,,7.082563877105713
2012-04-20,27.697,100.834,18.86,,11.79,,10.237100601196289
2012-04-21,32.344,88.368,27.76,,11.82,,39.88572311401367
2012-04-22,26.808,77.155,14.22,,9.709,,4.825263023376465
2012-04-23,39.735,69.897,10.68,,8.318,,3.9708969593048096
2012-04-24,117.71,91.889,12.64,,8.646,,31.909717559814453
2012-04-25,66.573,99.756,30.91,,10.76,,18.550867080688477
2012-04-26,93.327,97.933,19.33,,9.653,,18.728755950927734
2012-04-27,49.126,106.002,12.99,,9.831,,17.089599609375
2012-04-28,68.388,109.235,21.76,,11.73,,55.39806365966797
2012-04-29,44.131,105.832,19.95,,10.28,,2.2180049419403076
2012-04-30,53.651,98.208,12.84,,9.042,,19.78188705444336
2012-05-01,124.289,214.53,35.53,,17.92,,24.16023826599121
2012-05-02,71.971,201.447,53.42,,20.08,,24.011287689208984
2012-05-03,45.084,174.543,60.13,,19.18,,24.50588035583496
2012-05-04,85.195,140.442,36.44,,14.74,,14.151117324829102
2012-05-05,61.145,135.011,27.7,,13.21,,45.56275939941406
2012-05-06,58.234,134.533,21.27,,12.4,,20.688064575195312
2012-05-07,71.368,158.901,40.2,,16.03,,41.74097442626953
2012-05-08,47.952,131.814,36.43,,14.6,,0.5916603207588196
2012-05-09,65.641,130.469,25.31,,13.0,,22.722518920898438
2012-05-10,40.162,121.094,16.92,,10.39,,2.5209755897521973
2012-05-11,43.067,91.119,12.79,,9.461,,13.512510299682617
2012-05-12,83.753,131.324,18.99,,11.47,,6.5781049728393555
2012-05-13,46.739,97.757,18.82,,11.04,,19.965396881103516
2012-05-14,57.823,83.054,17.0,,9.166,,19.177814483642578
2012-05-15,36.946,63.962,14.52,,8.515,,1.612569808959961
2012-05-16,41.588,58.087,13.42,,8.131,,6.7480878829956055
2012-05-17,41.011,49.654,12.73,,7.846,,20.82884407043457
2012-05-18,62.047,82.374,12.11,,7.684,,18.496490478515625
2012-05-19,91.519,93.349,15.05,,8.415,,10.516336441040039
2012-05-20,47.217,49.318,12.83,,7.603,,14.884698867797852
2012-05-21,55.875,143.775,13.78,,8.784,,0.48741692304611206
2012-05-22,100.313,163.281,19.57,,13.11,,36.4492301940918
2012-05-23,53.859,103.36,14.99,,9.167,,33.2153205871582
2012-05-24,44.402,95.975,12.96,,7.923,,27.413171768188477
2012-05-25,53.888,122.791,12.15,,7.544,,4.356800556182861
2012-05-26,112.034,102.12,13.24,,8.671,,12.246318817138672
2012-05-27,54.56,73.56,12.2,,8.053,,8.641008377075195
2012-05-28,41.974,42.63,9.476,,7.191,,0.16935200989246368
2012-05-29,35.2,40.968,7.126,,6.795,,0.0
2012-05-30,40.556,36.335,6.281,,6.535,,0.0
2012-05-31,39.632,38.782,6.045,,6.2,,0.0
2012-06-01,37.445,32.118,5.842,,5.957,,0.6216546297073364
2012-06-02,35.766,34.874,5.606,,5.822,,0.0
2012-06-03,36.286,43.716,5.46,,5.706,,12.274688720703125
2012-06-04,30.619,38.521,5.273,,5.595,,0.7659339904785156
2012-06-05,38.587,32.225,5.736,,5.428,,5.9746198654174805
2012-06-06,29.564,27.254,5.626,,5.236,,1.4993470907211304
2012-06-07,30.537,32.205,5.314,,5.096,,4.857450485229492
2012-06-08,27.143,25.71,4.745,,4.948,,3.0910773277282715
2012-06-09,18.155,31.932,4.745,,4.777,,0.0
2012-06-10,17.716,27.009,4.688,,4.649,,3.814340591430664
2012-06-11,15.626,32.89,4.514,,4.543,,0.33341068029403687
2012-06-12,15.254,22.28,4.375,,4.441,,19.434980392456055
2012-06-13,23.104,42.676,4.551,,4.393,,20.487346649169922
2012-06-14,22.087,62.534,5.753,,4.299,,1.321033239364624
2012-06-15,27.722,57.114,9.509,,4.251,,16.009746551513672
2012-06-16,31.475,55.996,10.16,,5.106,,37.80868911743164
2012-06-17,25.608,36.655,6.066,,4.26,,0.0
2012-06-18,20.782,40.28,4.433,,4.01,,3.9241974353790283
2012-06-19,21.206,35.24,6.173,,4.044,,4.715965270996094
2012-06-20,24.537,40.92,4.621,,3.773,,0.0
2012-06-21,59.785,64.897,10.63,,5.029,,14.728838920593262
2012-06-22,19.512,37.373,5.116,,4.867,,0.0
2012-06-23,12.959,25.777,3.886,,4.66,,0.2727166712284088
2012-06-24,23.784,26.911,3.675,,4.596,,0.23002734780311584
2012-06-25,27.576,40.963,3.704,,4.543,,0.0
2012-06-26,17.381,31.878,3.784,,4.515,,18.5417423248291
2012-06-27,50.361,33.548,4.171,,4.517,,13.7196683883667
2012-06-28,13.905,23.832,3.952,,4.427,,0.9024507403373718
2012-06-29,29.296,27.057,3.85,,4.421,,12.132623672485352
2012-06-30,91.876,88.219,7.954,,4.811,,16.180387496948242
2012-07-01,51.375,62.102,11.86,,6.214,,22.956464767456055
2012-07-02,21.018,40.332,7.014,,4.654,,0.0
2012-07-03,37.799,36.84,4.857,,4.921,,16.42353057861328
2012-07-04,27.462,112.751,4.492,,4.629,,11.750307083129883
2012-07-05,57.926,56.479,7.931,,5.387,,16.28988265991211
2012-07-06,49.56,62.821,7.992,,4.733,,9.057777404785156
2012-07-07,27.257,21.155,5.168,,4.432,,0.055099450051784515
2012-07-08,25.21,20.242,4.339,,4.259,,4.490805625915527
2012-07-09,27.28,22.261,4.113,,4.186,,0.0
2012-07-10,30.744,31.422,3.989,,4.132,,6.026446342468262
2012-07-11,43.374,57.184,3.901,,4.158,,19.55734634399414
2012-07-12,60.013,78.295,8.698,,5.812,,16.03421401977539
2012-07-13,27.798,58.347,11.67,,6.275,,19.618955612182617
2012-07-14,13.823,46.224,9.603,,5.221,,0.0
2012-07-15,20.223,35.173,6.928,,4.489,,9.073972702026367
2012-07-16,23.778,38.171,4.723,,4.293,,0.03899482265114784
2012-07-17,23.322,20.482,4.171,,4.124,,0.5510587096214294
2012-07-18,26.498,23.846,3.653,,4.078,,5.4707231521606445
2012-07-19,25.858,13.644,3.23,,4.016,,0.7145021557807922
2012-07-20,21.66,22.871,2.931,,3.945,,5.882790565490723
2012-07-21,12.023,21.551,2.759,,3.86,,0.1396971046924591
2012-07-22,15.406,24.799,2.635,,3.852,,0.0
2012-07-23,7.207,27.37,2.546,,3.793,,3.7404346466064453
2012-07-24,14.138,21.399,2.566,,3.852,,8.305031776428223
2012-07-25,15.412,27.633,2.491,,3.796,,0.0
2012-07-26,11.593,15.822,2.436,,3.659,,0.3926059603691101
2012-07-27,12.968,16.819,2.367,,3.651,,4.539952278137207
2012-07-28,17.233,16.0,2.147,,3.592,,7.6260528564453125
2012-07-29,17.641,17.802,2.14,,3.586,,1.1982548236846924
2012-07-30,19.056,26.585,2.497,,3.67,,9.978361129760742
2012-07-31,18.957,23.181,2.977,,3.695,,3.912109851837158
2012-08-01,18.971,16.084,2.456,,3.572,,0.0
2012-08-02,22.803,57.687,3.594,,3.763,,25.15667152404785
2012-08-03,13.938,27.196,2.222,,3.592,,0.0
2012-08-04,17.511,23.351,2.14,,3.835,,2.7171764373779297
2012-08-05,25.262,31.4,3.697,,4.746,,16.627792358398438
2012-08-06,11.557,32.52,3.25,,4.49,,5.232761383056641
2012-08-07,15.451,26.745,2.195,,3.866,,0.0
2012-08-08,20.195,19.965,1.982,,3.709,,9.676281929016113
2012-08-09,20.195,19.965,2.161,,3.617,,15.572668075561523
2012-08-10,13.657,20.994,1.948,,3.511,,0.655779242515564
2012-08-11,11.059,26.747,1.727,,3.447,,13.060460090637207
2012-08-12,32.272,39.954,3.786,,3.634,,8.858720779418945
2012-08-13,12.905,23.291,4.791,,3.514,,0.0
2012-08-14,18.672,27.835,4.121,,4.279,,15.636926651000977
2012-08-15,21.434,24.138,5.017,,3.78,,2.1379566192626953
2012-08-16,8.71,66.375,2.099,,3.511,,0.0
2012-08-17,23.913,68.446,9.256,,4.779,,30.067169189453125
2012-08-18,18.365,33.493,4.805,,3.801,,30.3303279876709
2012-08-19,18.662,58.983,5.228,,4.388,,11.649933815002441
2012-08-20,53.382,89.792,6.028,,4.515,,15.277148246765137
2012-08-21,21.762,49.331,4.708,,3.951,,10.228620529174805
2012-08-22,49.748,47.868,4.077,,4.005,,7.727787017822266
2012-08-23,50.394,106.68,15.31,,7.153,,36.173728942871094
2012-08-24,66.157,59.676,7.577,,5.905,,28.19277000427246
2012-08-25,53.761,46.316,6.261,,5.825,,23.69696044921875
2012-08-26,105.434,83.989,6.03,,5.115,,7.478411674499512
2012-08-27,25.31,43.814,5.623,,4.516,,2.763824701309204
2012-08-28,22.179,37.127,5.557,,4.101,,0.8053223490715027
2012-08-29,20.131,28.724,6.601,,3.985,,0.0
2012-08-30,19.845,22.13,5.59,,3.894,,7.982823371887207
2012-08-31,18.449,18.981,4.834,,3.726,,0.3726295828819275
2012-09-01,21.98,10.611,4.57,,3.698,,0.0
2012-09-02,14.139,25.671,4.414,,3.581,,0.0
2012-09-03,17.74,27.211,4.185,,3.517,,3.8756721019744873
2012-09-04,17.819,17.24,4.025,,3.45,,0.06755919009447098
2012-09-05,25.314,30.655,4.149,,3.564,,11.489826202392578
2012-09-06,17.903,19.885,3.996,,3.497,,0.0
2012-09-07,19.585,15.431,3.639,,3.383,,0.0
2012-09-08,18.413,24.125,3.471,,3.324,,0.0
2012-09-09,25.976,28.677,3.857,,3.374,,16.47979736328125
2012-09-10,34.837,32.184,7.325,,4.228,,20.01333236694336
2012-09-11,25.563,28.877,4.355,,3.628,,0.1623348444700241
2012-09-12,22.555,14.489,3.719,,3.444,,2.3075053691864014
2012-09-13,17.971,14.761,3.485,,3.377,,10.237266540527344
2012-09-14,18.957,16.486,3.479,,3.251,,0.0
2012-09-15,21.206,23.427,3.106,,3.181,,0.0
2012-09-16,19.221,17.311,3.092,,3.122,,0.0
2012-09-17,23.826,20.535,3.318,,3.125,,26.610403060913086
2012-09-18,27.043,33.817,3.669,,3.69,,20.57126235961914
2012-09-19,71.585,26.615,4.37,,3.472,,21.075477600097656
2012-09-20,75.277,43.025,4.799,,3.408,,6.019054412841797
2012-09-21,62.564,60.443,4.473,,3.786,,18.676982879638672
2012-09-22,55.697,68.397,5.926,,4.183,,7.96902322769165
2012-09-23,27.096,33.193,3.967,,3.497,,9.696441650390625
2012-09-24,36.133,21.714,3.997,,3.408,,6.224842548370361
2012-09-25,23.733,26.795,4.191,,3.489,,7.934192657470703
2012-09-26,21.898,18.595,3.471,,3.352,,1.047240138053894
2012-09-27,33.736,22.219,3.165,,3.246,,16.61913299560547
2012-09-28,16.71,14.746,3.194,,3.92,,5.107943534851074
2012-09-29,27.468,20.477,3.02,,3.483,,4.072017669677734
2012-09-30,38.759,23.485,2.851,,3.17,,16.09670639038086
2012-10-01,37.183,17.946,2.808,,3.102,,26.332250595092773
2012-10-02,76.509,37.869,2.759,,3.162,,15.844003677368164
2012-10-03,54.975,20.255,2.759,,3.139,,6.583062648773193
2012-10-04,89.116,61.921,3.216,,3.391,,12.496989250183105
2012-10-05,56.559,36.08,3.804,,3.919,,20.953205108642578
2012-10-06,35.433,24.385,2.887,,3.764,,10.126026153564453
2012-10-07,85.563,61.487,5.406,,3.967,,16.96748161315918
2012-10-08,34.86,26.343,3.981,,3.511,,0.15722088515758514
2012-10-09,19.107,25.914,2.975,,3.288,,0.0
2012-10-10,28.532,54.36,2.766,,3.226,,25.394893646240234
2012-10-11,30.639,19.736,2.755,,3.116,,0.8002234697341919
2012-10-12,58.983,23.77,4.932,,3.58,,3.3127307891845703
2012-10-13,34.579,42.535,14.26,,5.792,,38.62310028076172
2012-10-14,39.283,37.592,10.97,,4.683,,3.5330100059509277
2012-10-15,49.917,42.403,7.261,,5.356,,25.994348526000977
2012-10-16,44.339,59.917,11.49,,5.483,,28.599777221679688
2012-10-17,33.018,61.757,10.36,,5.848,,6.3026814460754395
2012-10-18,44.954,70.168,22.07,,10.56,,35.00224685668945
2012-10-19,51.277,69.259,12.66,,7.103,,0.7895326614379883
2012-10-20,42.384,65.565,16.49,,6.765,,27.592010498046875
2012-10-21,45.473,85.419,16.54,,6.546,,15.354072570800781
2012-10-22,44.84,70.498,20.06,,8.866,,12.455324172973633
2012-10-23,28.835,68.692,21.08,,6.202,,23.490341186523438
2012-10-24,59.22,65.878,14.99,,5.886,,25.181468963623047
2012-10-25,83.876,97.175,20.63,,9.902,,26.6411075592041
2012-10-26,59.997,62.774,15.82,,6.67,,28.351428985595703
2012-10-27,41.604,51.839,11.57,,5.663,,0.2695680260658264
2012-10-28,33.414,33.092,9.922,,5.16,,0.0
2012-10-29,61.03,40.622,8.025,,5.347,,16.056386947631836
2012-10-30,68.57,51.76,11.24,,7.659,,25.293502807617188
2012-10-31,35.104,67.588,16.59,,8.306,,20.423213958740234
2012-11-01,72.711,143.549,20.52,,7.386,,8.823442459106445
2012-11-02,34.88,65.432,14.93,,5.937,,0.8468939065933228
2012-11-03,47.195,61.661,10.04,,5.59,,23.8399658203125
2012-11-04,37.439,62.073,8.69,,5.205,,0.0
2012-11-05,27.465,71.82,10.66,,6.199,,30.965862274169922
2012-11-06,34.947,38.061,8.638,,5.02,,5.665011405944824
2012-11-07,40.972,46.375,7.15,,4.741,,0.0
2012-11-08,52.89,62.7,7.383,,4.794,,3.2761828899383545
2012-11-09,29.984,45.871,7.175,,4.568,,21.438888549804688
2012-11-10,44.003,63.756,6.661,,4.825,,22.61717987060547
2012-11-11,43.907,44.254,6.329,,4.632,,24.44808578491211
2012-11-12,41.076,29.375,6.143,,4.415,,3.787522554397583
2012-11-13,37.017,38.629,6.829,,5.036,,4.229859828948975
2012-11-14,78.526,63.727,8.987,,6.602,,18.400726318359375
2012-11-15,72.585,74.72,16.24,,9.021,,36.850196838378906
2012-11-16,142.816,108.389,15.7,,8.332,,32.5417594909668
2012-11-17,61.113,120.39,46.42,,14.45,,21.805973052978516
2012-11-18,71.419,138.759,27.06,,11.38,,12.897419929504395
2012-11-19,37.224,65.384,17.42,,7.879,,7.337252140045166
2012-11-20,29.191,63.545,13.01,,6.626,,0.6399537920951843
2012-11-21,22.405,50.895,9.317,,6.242,,7.703829765319824
2012-11-22,44.576,65.638,13.93,,6.071,,7.8933563232421875
2012-11-23,40.899,40.085,12.2,,5.683,,7.070324897766113
2012-11-24,29.026,40.08,9.228,,5.423,,6.1996660232543945
2012-11-25,23.918,33.408,6.48,,5.222,,0.9845579266548157
2012-11-26,24.084,61.448,5.679,,5.04,,0.5026817917823792
2012-11-27,31.793,59.6,5.647,,5.803,,16.10235023498535
2012-11-28,36.77,49.039,4.973,,4.984,,12.897520065307617
2012-11-29,33.141,37.787,5.51,,5.241,,23.058826446533203
2012-11-30,46.949,73.31,7.837,,5.504,,16.523300170898438
2012-12-01,39.408,54.475,10.88,,6.044,,0.713286280632019
2012-12-02,25.209,39.682,11.12,,5.634,,1.2743456363677979
2012-12-03,27.408,59.904,28.08,,6.81,,0.0
2012-12-04,22.692,46.145,15.11,,5.321,,4.705495834350586
2012-12-05,27.785,43.61,13.21,,4.987,,5.963400363922119
2012-12-06,18.535,42.394,21.6,,5.124,,7.252242088317871
2012-12-07,28.919,32.658,13.23,,4.635,,0.0
2012-12-08,14.202,40.937,12.22,,4.489,,3.5301513671875
2012-12-09,22.002,33.374,9.705,,4.376,,0.16190209984779358
2012-12-10,29.158,33.862,6.619,,4.288,,7.830483913421631
2012-12-11,10.951,32.316,5.671,,4.2,,8.480988502502441
2012-12-12,17.195,25.422,5.289,,4.2,,8.294585227966309
2012-12-13,18.855,27.355,5.119,,4.277,,2.4335007667541504
2012-12-14,21.165,30.72,7.044,,4.507,,14.421531677246094
2012-12-15,25.742,29.065,7.552,,4.313,,2.7371842861175537
2012-12-16,17.172,30.715,5.279,,4.169,,0.0
2012-12-17,15.11,23.908,4.371,,4.064,,0.0
2012-12-18,18.26,28.028,3.901,,4.05,,3.7877330780029297
2012-12-19,32.86,44.678,4.061,,4.024,,0.0
2012-12-20,64.576,54.889,4.959,,4.05,,5.142756462097168
2012-12-21,65.963,50.257,3.908,,3.979,,8.680702209472656
2012-12-22,107.039,34.507,4.193,,4.05,,10.362838745117188
2012-12-23,22.13,27.275,3.799,,3.917,,9.53518009185791
2012-12-24,15.86,21.138,3.85,,3.807,,22.95026969909668
2012-12-25,19.892,33.806,3.85,,3.793,,0.0
2012-12-26,62.755,40.298,3.996,,3.928,,27.399730682373047
2012-12-27,18.901,24.044,3.682,,3.779,,6.3146233558654785
2012-12-28,17.258,26.307,3.485,,3.704,,0.0
2012-12-29,20.81,21.376,3.427,,3.598,,0.0
2012-12-30,17.627,28.247,3.85,,3.592,,12.867815971374512
2012-12-31,19.227,22.933,3.835,,3.578,,0.0
2013-01-01,25.235,26.77,3.551,,3.974,,15.88038444519043
2013-01-02,24.434,29.393,3.31,,3.676,,13.869046211242676
2013-01-03,40.103,23.08,3.15,,3.514,,8.279069900512695
2013-01-04,8.329,22.423,2.999,,3.45,,10.537930488586426
2013-01-05,13.445,23.042,2.511,,3.391,,0.0
2013-01-06,17.09,21.398,2.47,,3.383,,0.0
2013-01-07,16.428,17.808,2.601,,3.316,,0.0
2013-01-08,14.927,21.103,2.546,,3.257,,0.0
2013-01-09,11.553,14.468,2.47,,3.257,,0.0
2013-01-10,12.572,20.229,2.346,,3.257,,0.0
2013-01-11,14.163,17.721,2.305,,3.246,,0.0
2013-01-12,23.433,19.498,2.284,,3.19,,0.0
2013-01-13,23.344,17.328,2.14,,3.19,,18.648941040039062
2013-01-14,62.834,19.799,2.216,,3.19,,0.0
2013-01-15,18.964,19.31,2.14,,3.19,,0.0
2013-01-16,14.934,39.077,1.584,,3.19,,0.0
2013-01-17,24.505,33.632,0.824,,3.257,,0.83740234375
2013-01-18,23.072,25.053,0.824,,3.226,,0.0
2013-01-19,17.251,26.002,1.004,,3.268,,0.0
2013-01-20,21.52,22.227,0.991,,3.212,,0.0
2013-01-21,21.9,21.609,1.164,,3.251,,0.0
2013-01-22,22.227,25.515,1.501,,3.184,,1.947246789932251
2013-01-23,21.954,26.2,1.226,,3.122,,1.5223537683486938
2013-01-24,21.448,23.155,1.069,,3.122,,5.926126003265381
2013-01-25,15.87,19.678,0.943,,3.122,,3.125781297683716
2013-01-26,21.749,22.993,0.811,,3.122,,1.6364357471466064
2013-01-27,13.502,22.731,0.709,,3.105,,0.0
2013-01-28,21.801,24.018,0.879,,3.046,,0.0
2013-01-29,15.42,32.862,1.11,,3.026,,5.985414505004883
2013-01-30,16.076,22.841,0.821,,2.989,,0.0
2013-01-31,15.698,33.992,0.719,,2.986,,2.6890811920166016
2013-02-01,22.067,23.655,0.614,,2.986,,0.0
2013-02-02,21.271,21.113,1.142,,3.511,,0.0
2013-02-03,20.776,23.716,1.511,,4.606,,0.0
2013-02-04,48.262,31.676,6.367,,4.09,,6.596594333648682
2013-02-05,35.857,38.044,4.868,,4.565,,36.98958969116211
2013-02-06,27.54,35.732,3.272,,4.565,,21.50458335876465
2013-02-07,26.352,24.631,1.604,,3.561,,0.0
2013-02-08,26.708,30.48,2.271,,5.38,,0.0
2013-02-09,29.047,41.429,5.597,,5.655,,19.1068172454834
2013-02-10,33.746,35.152,6.629,,4.667,,0.0
2013-02-11,23.086,52.004,5.284,,4.973,,0.0
2013-02-12,25.432,48.516,3.061,,4.177,,0.0
2013-02-13,24.018,22.953,3.938,,3.875,,2.1560280323028564
2013-02-14,23.604,60.974,3.675,,3.628,,9.414023399353027
2013-02-15,14.062,24.597,2.553,,3.525,,0.49489298462867737
2013-02-16,15.778,32.517,1.563,,3.458,,0.0
2013-02-17,26.76,21.451,0.865,,3.405,,11.602374076843262
2013-02-18,22.587,29.412,0.58,,3.405,,0.0
2013-02-19,14.686,25.703,0.336,,3.299,,0.0
2013-02-20,29.332,37.894,0.661,,3.285,,10.751965522766113
2013-02-21,33.96,45.436,0.58,,3.19,,4.17709493637085
2013-02-22,59.179,69.118,0.865,,4.02,,41.73223114013672
2013-02-23,20.753,20.521,0.621,,3.422,,6.938241481781006
2013-02-24,17.7,102.05,2.769,,3.78,,38.552162170410156
2013-02-25,19.986,45.638,3.997,,3.444,,0.8669145703315735
2013-02-26,17.669,63.661,0.784,,3.274,,8.342312812805176
2013-02-27,27.464,88.229,0.865,,4.056,,3.0811767578125
2013-02-28,34.253,44.886,0.661,,3.73,,33.71348571777344
2013-03-01,33.189,62.721,0.865,,4.261,,16.32779884338379
2013-03-02,22.224,33.19,0.743,,3.508,,0.0
2013-03-03,23.563,34.128,1.069,,3.321,,3.8434460163116455
2013-03-04,28.226,41.13,2.47,,3.517,,10.280937194824219
2013-03-05,21.727,33.92,1.563,,3.377,,0.0
2013-03-06,23.066,28.608,0.906,,3.193,,12.210718154907227
2013-03-07,23.671,29.703,0.58,,3.221,,16.251724243164062
2013-03-08,15.852,29.296,0.702,,3.114,,0.0
2013-03-09,16.52,22.541,0.906,,3.054,,0.10163279622793198
2013-03-10,19.531,26.224,0.539,,3.046,,1.6026064157485962
2013-03-11,20.141,33.112,0.621,,2.98,,0.0
2013-03-12,23.573,31.564,0.295,,2.961,,23.750646591186523
2013-03-13,20.696,26.49,,,2.977,,4.174466609954834
2013-03-14,22.18,25.375,0.58,,3.304,,8.748723983764648
2013-03-15,23.963,35.45,1.359,,3.444,,10.611506462097168
2013-03-16,20.221,27.845,2.222,,3.15,,0.0
2013-03-17,73.063,78.904,0.987,,3.133,,14.350950241088867
2013-03-18,67.847,80.76,5.038,,4.953,,34.81123733520508
2013-03-19,35.399,75.3,5.525,,7.176,,7.4914140701293945
2013-03-20,18.875,54.211,7.012,,4.053,,11.436497688293457
2013-03-21,37.319,35.486,10.92,,4.416,,8.711955070495605
2013-03-22,24.326,37.313,15.27,,4.261,,6.829226016998291
2013-03-23,17.569,38.451,10.3,,3.648,,13.487444877624512
2013-03-24,27.549,39.189,8.32,,3.497,,0.0
2013-03-25,34.158,25.877,6.97,,3.609,,15.063817977905273
2013-03-26,21.195,35.524,5.826,,3.366,,0.0
2013-03-27,17.718,30.134,5.525,,3.249,,6.031455039978027
2013-03-28,22.073,22.468,5.428,,3.176,,9.759398460388184
2013-03-29,37.389,35.947,5.606,,3.22,,4.025515079498291
2013-03-30,39.65,49.23,5.534,,3.307,,11.79985523223877
2013-03-31,20.155,32.833,4.666,,3.184,,11.845969200134277
2013-04-01,19.708,21.581,4.353,,3.054,,4.429262638092041
2013-04-02,27.001,31.801,4.675,,3.054,,15.517450332641602
2013-04-03,14.213,28.928,4.392,,3.054,,3.1433169841766357
2013-04-04,14.657,26.272,3.595,,3.054,,2.510293960571289
2013-04-05,27.481,18.701,3.325,,3.054,,10.543668746948242
2013-04-06,24.56,28.795,3.325,,2.986,,3.5528786182403564
2013-04-07,21.778,27.992,3.588,,2.986,,2.8171494007110596
2013-04-08,22.668,26.348,4.253,,2.975,,8.581260681152344
2013-04-09,22.145,17.696,3.485,,2.912,,9.303495407104492
2013-04-10,28.941,47.153,3.325,,2.85,,18.44138526916504
2013-04-11,19.441,22.544,3.617,,2.98,,9.358787536621094
2013-04-12,19.505,33.127,3.843,,3.236,,0.8390609622001648
2013-04-13,32.924,38.781,3.5,,2.907,,8.495121955871582
2013-04-14,18.182,25.63,3.318,,2.844,,13.133915901184082
2013-04-15,10.887,33.902,3.15,,2.785,,2.3413734436035156
2013-04-16,17.769,21.071,3.15,,2.839,,5.212224006652832
2013-04-17,26.229,33.399,2.448,,2.824,,21.768001556396484
2013-04-18,19.989,48.107,2.202,,3.824,,27.12835693359375
2013-04-19,21.447,23.745,2.393,,3.55,,15.309903144836426
2013-04-20,27.77,39.766,3.585,,3.714,,0.6974025964736938
2013-04-21,28.961,33.405,5.021,,4.196,,18.590442657470703
2013-04-22,28.663,38.663,12.13,,4.357,,1.4153845310211182
2013-04-23,20.858,48.343,14.73,,3.966,,11.192360877990723
2013-04-24,23.845,28.104,8.214,,3.425,,8.436491012573242
2013-04-25,21.747,50.29,3.724,,3.221,,0.0
2013-04-26,30.688,32.431,3.52,,3.131,,7.665247440338135
2013-04-27,41.884,37.585,6.341,,3.437,,15.136874198913574
2013-04-28,30.607,26.035,4.195,,4.039,,13.328509330749512
2013-04-29,28.18,39.002,3.876,,3.483,,12.22667121887207
2013-04-30,18.931,27.752,3.42,,3.424,,12.953125
2013-05-01,21.37,31.3,9.22,,3.64,,24.898679733276367
2013-05-02,34.596,55.11,5.762,,4.097,,19.034835815429688
2013-05-03,77.757,71.461,8.803,,5.134,,23.691944122314453
2013-05-04,83.551,62.738,12.29,,4.323,,4.207431793212891
2013-05-05,67.458,70.733,16.98,,6.318,,33.99094772338867
2013-05-06,42.365,58.694,15.04,,5.637,,0.07473666220903397
2013-05-07,34.888,38.701,9.768,,4.217,,11.057819366455078
2013-05-08,20.293,30.551,7.242,,4.022,,0.2255522459745407
2013-05-09,14.935,62.132,7.893,,3.96,,1.6707061529159546
2013-05-10,33.785,62.866,11.71,,5.474,,34.49697494506836
2013-05-11,13.946,61.786,6.646,,4.013,,0.0
2013-05-12,40.497,46.676,5.647,,3.748,,0.47184792160987854
2013-05-13,32.078,54.572,6.054,,3.673,,18.181432723999023
2013-05-14,25.561,30.529,6.103,,3.609,,27.27840232849121
2013-05-15,82.191,50.41,7.622,,3.6,,25.870662689208984
2013-05-16,26.517,52.167,9.404,,3.628,,11.465970039367676
2013-05-17,87.444,91.546,22.54,,7.251,,43.26504898071289
2013-05-18,27.786,46.998,21.8,,4.344,,0.0
2013-05-19,23.067,37.977,13.46,,3.951,,17.104663848876953
2013-05-20,59.546,48.496,12.13,,4.713,,27.879226684570312
2013-05-21,64.247,77.47,13.46,,6.442,,50.994529724121094
2013-05-22,110.511,132.264,32.74,,12.37,,14.987180709838867
2013-05-23,91.761,143.442,34.7,,12.99,,43.74628448486328
2013-05-24,74.467,185.866,33.72,,15.8,,36.41566848754883
2013-05-25,22.996,127.434,27.58,,9.992,,6.361964225769043
2013-05-26,31.164,99.967,16.51,,6.889,,15.831695556640625
2013-05-27,22.991,58.636,16.95,,5.764,,2.730490207672119
2013-05-28,16.492,45.012,12.48,,5.166,,0.9466492533683777
2013-05-29,21.037,57.524,11.41,,4.925,,31.511816024780273
2013-05-30,26.798,76.464,15.22,,5.074,,12.515668869018555
2013-05-31,37.052,83.372,16.25,,6.647,,20.49962043762207
2013-06-01,35.027,51.858,15.87,,6.115,,1.336159110069275
2013-06-02,22.113,48.704,13.71,,5.132,,0.0
2013-06-03,14.713,37.276,11.41,,4.758,,1.8761886358261108
2013-06-04,17.437,38.633,10.15,,4.568,,5.126012802124023
2013-06-05,16.388,38.663,10.48,,4.398,,5.513651371002197
2013-06-06,24.307,39.44,9.05,,4.381,,6.575010776519775
2013-06-07,23.056,34.834,7.8,,4.367,,0.8964846730232239
2013-06-08,22.343,22.577,8.94,,4.251,,1.819280982017517
2013-06-09,20.333,34.728,8.72,,4.186,,0.0
2013-06-10,20.29,33.518,,,4.126,,1.3087600469589233
2013-06-11,15.738,34.181,7.8,,4.217,,7.162696838378906
2013-06-12,28.027,40.765,8.3,,5.312,,17.836894989013672
2013-06-13,20.445,46.352,7.3,,5.019,,16.574329376220703
2013-06-14,16.168,45.482,8.2,,4.423,,7.577441215515137
2013-06-15,21.121,59.363,8.94,,5.123,,27.3598575592041
2013-06-16,45.194,111.473,9.6,,6.88,,8.329383850097656
2013-06-17,49.673,82.07,8.83,,4.875,,11.723417282104492
2013-06-18,59.302,84.054,8.64,,4.757,,18.28519058227539
2013-06-19,22.575,39.214,8.775,,4.293,,23.16470718383789
2013-06-20,16.593,29.609,8.417,,4.175,,6.38267183303833
2013-06-21,32.715,34.44,8.315,,4.092,,10.97194766998291
2013-06-22,24.828,27.915,8.1,,3.988,,1.2836763858795166
2013-06-23,44.521,43.403,8.568,,4.155,,19.336963653564453
2013-06-24,69.642,111.305,11.79,,5.913,,20.164012908935547
2013-06-25,54.152,69.37,17.16,,6.745,,12.071978569030762
2013-06-26,31.451,41.359,10.17,,4.39,,0.09063731133937836
2013-06-27,31.512,44.32,13.11,,4.448,,26.586538314819336
2013-06-28,72.437,111.232,26.26,,9.438,,37.23640060424805
2013-06-29,34.389,78.487,17.43,,5.35,,5.1817402839660645
2013-06-30,79.417,108.869,17.02,,5.499,,16.885013580322266
2013-07-01,24.808,80.657,16.41,,6.956,,9.270214080810547
2013-07-02,34.487,48.65,15.5,,5.18,,0.0
2013-07-03,36.889,58.232,13.22,,4.875,,2.125558614730835
2013-07-04,25.603,48.866,9.683,,4.727,,6.668348789215088
2013-07-05,42.581,40.862,9.563,,4.596,,17.149639129638672
2013-07-06,29.151,42.331,9.774,,4.478,,0.0
2013-07-07,36.767,37.356,9.453,,4.31,,0.0
2013-07-08,38.112,107.127,11.12,,5.612,,25.16766929626465
2013-07-09,53.25,62.25,9.108,,5.092,,9.594388961791992
2013-07-10,23.067,27.85,8.108,,4.407,,2.052826166152954
2013-07-11,23.653,29.659,8.01,,4.251,,8.986062049865723
2013-07-12,16.482,30.101,8.334,,4.191,,1.726691484451294
2013-07-13,13.242,39.003,8.425,,4.115,,9.558703422546387
2013-07-14,27.856,34.416,8.383,,3.996,,0.5793511271476746
2013-07-15,23.023,22.56,8.25,,3.996,,7.807647705078125
2013-07-16,24.351,29.383,7.417,,3.962,,0.0
2013-07-17,17.745,24.238,7.208,,3.84,,6.276185512542725
2013-07-18,11.412,27.204,7.108,,3.726,,0.0
2013-07-19,21.536,33.392,7.225,,3.757,,9.775296211242676
2013-07-20,23.217,23.258,7.292,,3.779,,1.856245756149292
2013-07-21,28.858,26.275,7.242,,3.651,,0.5340449810028076
2013-07-22,33.818,38.719,7.1,,3.628,,23.41217613220215
2013-07-23,17.476,27.631,7.1,,3.656,,0.13497784733772278
2013-07-24,29.829,28.041,6.925,,3.581,,0.0
2013-07-25,19.395,14.089,6.305,,3.519,,0.0
2013-07-26,11.882,24.272,6.175,,3.492,,9.52294921875
2013-07-27,29.978,25.8,5.915,,3.458,,0.0
2013-07-28,23.581,24.408,6.167,,3.391,,1.1265112161636353
2013-07-29,23.976,20.006,6.402,,3.385,,4.815027713775635
2013-07-30,20.769,17.787,6.272,,3.346,,0.2473282516002655
2013-07-31,21.96,27.543,6.142,,3.385,,3.4217541217803955
2013-08-01,28.365,43.108,7.25,,3.458,,16.36899757385254
2013-08-02,90.939,54.781,12.25,,4.774,,17.930011749267578
2013-08-03,109.025,50.123,9.308,,4.605,,13.652958869934082
2013-08-04,18.994,19.39,6.983,,3.718,,0.14479151368141174
2013-08-05,16.457,28.439,6.626,,3.517,,14.056966781616211
2013-08-06,23.992,25.121,6.346,,3.45,,7.697873592376709
2013-08-07,11.265,30.476,6.826,,3.576,,16.643505096435547
2013-08-08,71.548,92.284,9.816,,5.504,,24.497230529785156
2013-08-09,82.731,95.236,18.86,,7.142,,21.506023406982422
2013-08-10,88.076,63.573,10.24,,4.5,,32.54361343383789
2013-08-11,104.199,72.75,10.38,,5.104,,18.776538848876953
2013-08-12,75.325,71.327,11.59,,5.689,,20.512592315673828
2013-08-13,128.682,91.188,18.6,,6.985,,22.044300079345703
2013-08-14,36.771,50.395,13.41,,5.102,,6.571196556091309
2013-08-15,27.476,34.889,9.325,,4.593,,12.276496887207031
2013-08-16,37.764,30.488,8.385,,4.367,,38.593509674072266
2013-08-17,37.152,53.575,8.632,,4.327,,12.574664115905762
2013-08-18,36.692,55.215,12.68,,5.671,,11.249587059020996
2013-08-19,29.279,38.439,8.716,,4.581,,6.370400428771973
2013-08-20,66.312,84.734,11.83,,5.527,,5.528660297393799
2013-08-21,40.669,62.572,8.539,,4.671,,0.7822742462158203
2013-08-22,26.3,73.423,10.77,,5.118,,9.541814804077148
2013-08-23,47.526,44.252,8.383,,4.5,,24.53435707092285
2013-08-24,100.827,51.986,8.394,,4.581,,31.838207244873047
2013-08-25,66.245,89.18,7.658,,4.381,,10.665748596191406
2013-08-26,60.375,47.209,8.52,,4.553,,18.033056259155273
2013-08-27,34.593,35.069,10.76,,4.415,,12.403635025024414
2013-08-28,77.433,27.431,8.642,,4.234,,0.0
2013-08-29,72.412,32.293,8.593,,4.245,,17.664325714111328
2013-08-30,25.007,25.151,8.358,,4.118,,1.0614464282989502
2013-08-31,29.741,29.959,8.1,,4.047,,0.0
2013-09-01,55.832,50.998,10.57,,4.96,,40.41825866699219
2013-09-02,70.39,66.857,8.83,,4.496,,7.113867282867432
2013-09-03,114.914,72.916,13.51,,6.436,,27.745737075805664
2013-09-04,53.679,42.458,12.39,,5.522,,13.400320053100586
2013-09-05,33.569,32.722,9.105,,4.615,,0.0
2013-09-06,48.269,99.301,15.84,,6.453,,28.700103759765625
2013-09-07,58.335,69.646,14.95,,6.075,,19.139284133911133
2013-09-08,36.552,35.917,11.1,,5.065,,0.15929317474365234
2013-09-09,28.384,61.226,10.88,,4.855,,28.871227264404297
2013-09-10,55.89,89.424,12.31,,5.504,,9.926618576049805
2013-09-11,101.109,69.083,12.58,,4.99,,15.711621284484863
2013-09-12,119.277,68.692,13.05,,5.26,,11.353825569152832
2013-09-13,50.354,41.338,10.46,,5.082,,14.577997207641602
2013-09-14,38.484,36.002,10.54,,4.9,,4.9507551193237305
2013-09-15,39.753,48.918,10.04,,4.864,,8.969657897949219
2013-09-16,33.326,36.207,9.829,,4.565,,5.702199459075928
2013-09-17,19.609,33.904,9.683,,4.498,,0.0
2013-09-18,21.249,32.634,9.16,,4.427,,13.892349243164062
2013-09-19,28.022,32.629,10.39,,4.322,,4.989563941955566
2013-09-20,16.674,28.817,8.587,,4.254,,0.27571213245391846
2013-09-21,19.725,25.77,8.108,,4.186,,0.7145197987556458
2013-09-22,22.936,28.467,8.083,,4.132,,1.842868447303772
2013-09-23,26.691,25.531,7.883,,4.104,,17.77663803100586
2013-09-24,25.198,36.254,7.725,,3.988,,13.68999195098877
2013-09-25,23.41,24.445,7.6,,3.92,,1.3468555212020874
2013-09-26,33.011,26.589,7.575,,3.883,,27.616186141967773
2013-09-27,33.09,48.091,8.087,,3.984,,2.7772133350372314
2013-09-28,57.712,75.056,18.03,,6.988,,34.96710968017578
2013-09-29,75.935,90.423,15.03,,5.24,,15.780858993530273
2013-09-30,47.276,75.524,21.79,,5.013,,25.81526756286621
2013-10-01,52.97,78.825,19.17,,5.002,,18.644126892089844
2013-10-02,29.783,36.082,12.55,,4.441,,0.0
2013-10-03,35.606,57.244,11.23,,4.33,,14.830162048339844
2013-10-04,157.849,119.145,15.71,,6.092,,42.151039123535156
2013-10-05,35.073,59.828,15.63,,4.738,,5.923720359802246
2013-10-06,25.98,36.62,14.83,,4.319,,0.0
2013-10-07,18.925,37.226,10.63,,4.226,,0.0
2013-10-08,45.023,46.255,10.99,,4.282,,17.405698776245117
2013-10-09,41.346,53.589,9.994,,4.115,,7.90038537979126
2013-10-10,58.458,54.752,10.27,,4.336,,41.36907196044922
2013-10-11,27.292,58.685,14.37,,5.005,,30.41890525817871
2013-10-12,25.014,42.293,11.79,,5.913,,2.9473013877868652
2013-10-13,72.411,83.757,28.78,,9.263,,42.866424560546875
2013-10-14,33.227,128.584,84.66,,14.0,,27.62128257751465
2013-10-15,89.742,126.867,32.06,,8.644,,10.575254440307617
2013-10-16,60.34,68.285,17.97,,6.216,,32.98617935180664
2013-10-17,25.871,55.43,14.75,,5.519,,13.190093994140625
2013-10-18,31.488,43.408,11.81,,5.023,,0.0
2013-10-19,33.801,51.359,9.549,,4.735,,11.208964347839355
2013-10-20,23.301,67.618,8.561,,4.526,,10.185861587524414
2013-10-21,53.354,79.107,12.62,,5.623,,23.783334732055664
2013-10-22,46.158,93.531,16.42,,8.495,,3.3868777751922607
2013-10-23,21.965,48.42,13.03,,5.473,,0.0
2013-10-24,30.585,40.824,10.5,,5.118,,1.0112048387527466
2013-10-25,22.848,37.408,8.574,,4.841,,13.764669418334961
2013-10-26,26.048,38.426,8.092,,4.635,,1.3957017660140991
2013-10-27,23.582,73.657,8.523,,5.188,,10.16052532196045
2013-10-28,61.944,37.425,8.05,,4.629,,20.974384307861328
2013-10-29,21.195,25.179,7.542,,4.567,,9.974343299865723
2013-10-30,27.53,33.819,7.125,,4.632,,7.979757785797119
2013-10-31,19.597,35.418,8.094,,4.595,,0.2603355348110199
2013-11-01,19.765,43.279,7.15,,4.381,,0.0
2013-11-02,43.954,35.552,6.5,,4.313,,1.160009503364563
2013-11-03,69.619,35.007,7.748,,4.282,,9.252782821655273
2013-11-04,33.664,85.672,14.04,,5.407,,4.165088653564453
2013-11-05,71.738,110.71,22.26,,7.786,,62.74629592895508
2013-11-06,80.758,84.973,23.31,,7.218,,6.955548286437988
2013-11-07,99.519,92.946,30.12,,9.987,,34.118080139160156
2013-11-08,27.7,59.679,17.52,,7.156,,10.009819984436035
2013-11-09,84.437,87.529,15.55,,7.381,,31.629711151123047
2013-11-10,56.161,65.466,13.51,,6.687,,19.575820922851562
2013-11-11,56.516,41.221,11.2,,5.908,,9.173748970031738
2013-11-12,48.312,64.176,8.726,,6.068,,3.382755994796753
2013-11-13,29.586,68.578,8.871,,5.808,,34.0587043762207
2013-11-14,89.763,67.389,8.706,,5.634,,42.703041076660156
2013-11-15,83.14,97.431,13.07,,8.532,,10.598653793334961
2013-11-16,70.059,56.514,8.386,,5.403,,1.9671432971954346
2013-11-17,68.876,49.907,7.5,,5.093,,8.032236099243164
2013-11-18,31.235,39.403,8.311,,5.895,,15.231158256530762
2013-11-19,65.367,50.948,11.25,,5.665,,7.844047546386719
2013-11-20,38.562,66.99,17.8,,7.277,,0.0
2013-11-21,72.681,49.22,16.17,,5.953,,0.3875754475593567
2013-11-22,35.987,41.594,12.64,,5.329,,1.8243446350097656
2013-11-23,32.123,37.282,12.28,,5.883,,19.6044979095459
2013-11-24,24.517,67.536,11.88,,7.913,,23.100130081176758
2013-11-25,23.356,48.804,13.77,,6.436,,0.0
2013-11-26,54.276,64.251,22.69,,8.838,,24.30313491821289
2013-11-27,32.76,61.795,20.55,,7.068,,2.480133056640625
2013-11-28,33.055,52.721,21.7,,6.066,,5.45614767074585
2013-11-29,29.228,52.807,17.28,,7.492,,1.1731752157211304
2013-11-30,40.923,84.587,24.72,,10.03,,9.289011001586914
2013-12-01,18.516,81.948,32.8,,9.642,,4.30568790435791
2013-12-02,122.303,128.847,31.82,,10.33,,27.856502532958984
2013-12-03,27.469,63.895,21.93,,7.929,,0.7696176171302795
2013-12-04,28.772,53.162,18.23,,6.886,,11.505157470703125
2013-12-05,22.133,62.904,15.79,,6.398,,48.3336181640625
2013-12-06,18.978,55.39,14.37,,6.029,,0.30476921796798706
2013-12-07,43.124,66.674,14.99,,5.982,,18.51740074157715
2013-12-08,43.502,48.566,14.47,,6.499,,13.179061889648438
2013-12-09,25.734,69.315,14.99,,6.692,,5.711505889892578
2013-12-10,26.84,39.116,12.82,,5.791,,0.4275844693183899
2013-12-11,35.709,59.978,12.24,,5.559,,7.155062198638916
2013-12-12,34.799,48.046,10.98,,5.343,,0.0
2013-12-13,35.288,40.28,8.678,,5.21,,28.271570205688477
2013-12-14,23.513,28.612,7.183,,5.115,,4.620921611785889
2013-12-15,66.828,61.828,7.183,,4.976,,26.885305404663086
2013-12-16,47.143,42.469,7.467,,5.04,,16.586353302001953
2013-12-17,86.158,64.207,7.367,,5.449,,32.05620193481445
2013-12-18,42.548,53.604,10.72,,5.796,,32.51367950439453
2013-12-19,33.673,38.054,10.64,,5.344,,0.8415042161941528
2013-12-20,12.229,37.202,10.57,,5.031,,0.0
2013-12-21,22.667,31.642,8.947,,4.906,,0.0
2013-12-22,71.189,59.494,9.126,,6.611,,4.2816948890686035
2013-12-23,96.512,101.671,22.18,,7.752,,21.212249755859375
2013-12-24,31.321,77.854,19.55,,7.328,,0.0
2013-12-25,26.501,59.945,14.22,,6.409,,0.0
2013-12-26,21.789,37.099,12.33,,5.683,,0.0
2013-12-27,22.658,43.851,9.447,,5.403,,0.0
2013-12-28,24.006,34.366,8.158,,5.149,,0.0
2013-12-29,27.643,29.098,7.842,,4.976,,0.0
2013-12-30,27.364,28.729,8.147,,4.861,,0.0
2013-12-31,17.644,39.138,7.552,,4.794,,0.0
2014-01-01,20.46,37.473,7.99,,4.73,,0.0
2014-01-02,25.295,28.432,7.433,,4.696,,0.5224452614784241
2014-01-03,37.319,43.319,7.325,,4.657,,0.0
2014-01-04,26.026,30.552,6.85,,4.579,,0.0
2014-01-05,25.02,41.766,6.733,,5.436,,6.1589884757995605
2014-01-06,35.533,73.397,9.704,,7.738,,61.885108947753906
2014-01-07,18.215,43.273,10.57,,5.519,,1.0195903778076172
2014-01-08,25.237,35.576,10.83,,4.987,,0.0
2014-01-09,23.9,32.354,6.575,,4.844,,0.6830683946609497
2014-01-10,13.85,32.859,5.338,,4.788,,0.8720733523368835
2014-01-11,30.464,26.789,9.088,,4.937,,0.2598310112953186
2014-01-12,29.356,38.226,7.865,,4.892,,0.0
2014-01-13,23.254,22.865,4.932,,4.573,,0.0
2014-01-14,18.296,29.399,4.891,,4.458,,0.0
2014-01-15,25.923,25.654,4.94,,4.393,,0.0
2014-01-16,26.74,30.508,4.641,,4.336,,0.0
2014-01-17,46.218,28.286,4.025,,4.336,,0.0
2014-01-18,24.826,25.855,4.149,,4.322,,0.0
2014-01-19,21.127,30.741,4.083,,4.259,,0.0
2014-01-20,21.645,43.839,4.433,,4.254,,13.32398509979248
2014-01-21,28.936,30.75,4.556,,4.268,,15.525545120239258
2014-01-22,57.38,34.425,4.631,,4.257,,10.99641227722168
2014-01-23,30.899,34.354,4.867,,4.189,,12.123222351074219
2014-01-24,19.032,24.89,3.624,,4.121,,0.0
2014-01-25,25.157,30.005,3.478,,4.064,,0.0
2014-01-26,26.893,24.608,3.682,,4.064,,22.719112396240234
2014-01-27,19.342,24.856,3.879,,4.053,,0.0
2014-01-28,24.398,25.248,3.814,,3.988,,0.0
2014-01-29,29.835,36.286,4.185,,3.968,,13.36277961730957
2014-01-30,30.441,21.583,4.2,,3.942,,0.28997451066970825
2014-01-31,25.607,25.495,4.054,,3.982,,0.0
2014-02-01,27.905,31.796,3.901,,3.911,,0.0
2014-02-02,17.435,52.867,4.294,,3.835,,0.0
2014-02-03,46.511,37.167,4.239,,3.86,,1.3652559518814087
2014-02-04,24.851,29.537,3.879,,3.846,,0.0
2014-02-05,39.803,27.061,4.276,,4.252,,14.51049518585205
2014-02-06,40.708,30.327,6.438,,4.38,,9.277050018310547
2014-02-07,32.607,32.712,11.06,,4.296,,11.539796829223633
2014-02-08,18.34,26.835,4.408,,3.92,,0.0
2014-02-09,20.031,25.097,3.85,,3.846,,0.0
2014-02-10,32.691,32.267,3.967,,4.23,,2.2789292335510254
2014-02-11,18.697,26.035,4.171,,3.835,,7.229832649230957
2014-02-12,27.297,30.412,3.325,,3.712,,5.029926300048828
2014-02-13,39.57,39.999,3.442,,3.6,,17.779842376708984
2014-02-14,24.983,31.082,3.639,,3.665,,6.30205774307251
2014-02-15,22.053,22.426,4.149,,3.651,,0.0
2014-02-16,19.702,22.958,4.236,,3.581,,0.09424863755702972
2014-02-17,22.896,26.454,4.492,,3.572,,13.204495429992676
2014-02-18,19.293,30.981,4.672,,3.62,,3.3174285888671875
2014-02-19,53.074,21.381,4.794,,3.925,,14.232498168945312
2014-02-20,27.226,34.796,5.064,,3.923,,14.089706420898438
2014-02-21,73.623,27.371,4.099,,3.749,,11.98742389678955
2014-02-22,33.114,28.415,10.84,,5.134,,21.05891227722168
2014-02-23,27.361,27.568,4.172,,3.743,,0.6890280842781067
2014-02-24,30.395,31.253,3.405,,3.653,,4.199277400970459
2014-02-25,65.397,53.191,4.49,,3.642,,43.47910690307617
2014-02-26,23.882,40.743,1.232,,3.478,,0.0
2014-02-27,184.253,72.18,1.727,,3.411,,29.32063865661621
2014-02-28,89.95,50.514,4.288,,4.073,,29.309795379638672
2014-03-01,33.698,33.489,5.038,,3.701,,4.102078437805176
2014-03-02,24.444,27.255,3.238,,3.508,,3.1416401863098145
2014-03-03,72.583,34.361,2.14,,4.31,,2.962151050567627
2014-03-04,43.487,35.101,3.675,,4.929,,3.8834309577941895
2014-03-05,34.649,41.02,9.27,,4.337,,11.98462963104248
2014-03-06,33.642,30.311,18.57,,4.064,,11.825118064880371
2014-03-07,40.542,30.922,8.3,,4.157,,0.0
2014-03-08,25.19,26.798,8.2,,5.131,,31.212932586669922
2014-03-09,22.095,50.279,8.55,,4.569,,5.251386642456055
2014-03-10,23.018,40.109,8.3,,4.033,,0.3610367774963379
2014-03-11,37.708,41.926,7.3,,3.869,,0.5775311589241028
2014-03-12,45.444,58.755,7.4,,4.107,,1.5641939640045166
2014-03-13,34.75,36.26,7.2,,4.022,,21.812570571899414
2014-03-14,25.909,30.571,5.038,,3.951,,9.478541374206543
2014-03-15,29.343,34.966,7.8,,4.843,,0.07895518839359283
2014-03-16,25.919,44.614,8.3,,4.912,,6.902467250823975
2014-03-17,23.841,34.45,7.7,,3.908,,0.7598639130592346
2014-03-18,36.915,41.189,6.012,,3.787,,28.0795955657959
2014-03-19,15.916,28.78,4.375,,3.692,,0.0
2014-03-20,17.925,27.85,4.288,,3.578,,0.1749415248632431
2014-03-21,27.169,15.18,3.238,,3.517,,6.182432651519775
2014-03-22,20.187,22.543,3.325,,3.413,,14.677383422851562
2014-03-23,27.671,34.214,2.8,,3.617,,24.57855987548828
2014-03-24,23.271,29.435,1.975,,3.606,,33.822906494140625
2014-03-25,35.969,43.854,1.81,,3.505,,4.593044281005859
2014-03-26,55.767,52.812,2.8,,3.584,,15.412294387817383
2014-03-27,21.657,22.52,1.81,,3.472,,0.0
2014-03-28,23.546,22.208,1.315,,3.313,,0.0
2014-03-29,19.786,18.124,1.645,,3.249,,0.0
2014-03-30,11.118,20.848,1.975,,3.19,,0.13709238171577454
2014-03-31,26.171,22.815,1.48,,3.187,,0.0
2014-04-01,26.594,12.832,1.892,,3.119,,0.0
2014-04-02,12.993,15.588,1.398,,3.088,,0.0
2014-04-03,31.236,16.844,1.234,,3.085,,15.801488876342773
2014-04-04,19.857,12.659,1.727,,3.165,,10.126721382141113
2014-04-05,16.589,23.148,1.81,,3.111,,12.296480178833008
2014-04-06,18.224,14.106,0.906,,3.051,,0.4900222718715668
2014-04-07,25.178,19.781,1.316,,3.054,,11.087651252746582
2014-04-08,11.417,32.728,0.661,,2.986,,1.470030426979065
2014-04-09,38.212,21.319,0.254,,3.014,,7.68926477432251
2014-04-10,17.57,19.678,0.231,,2.938,,1.3530361652374268
2014-04-11,9.703,15.294,0.173,,2.782,,0.9033151865005493
2014-04-12,18.021,10.899,0.173,,2.782,,2.056201457977295
2014-04-13,17.576,15.432,0.387,,2.802,,0.6397718191146851
2014-04-14,29.525,18.505,0.159,,2.714,,13.68329906463623
2014-04-15,18.953,11.187,0.119,,3.077,,23.804935455322266
2014-04-16,37.923,23.578,0.872,,3.54,,10.775754928588867
2014-04-17,31.268,27.376,0.505,,3.121,,8.565942764282227
2014-04-18,25.114,23.155,0.329,,2.841,,0.44163447618484497
2014-04-19,50.701,37.511,0.594,,2.992,,16.583850860595703
2014-04-20,32.356,24.611,1.824,,3.194,,14.567461967468262
2014-04-21,54.658,34.069,1.018,,2.904,,20.951702117919922
2014-04-22,39.964,34.554,6.384,,3.046,,31.5794677734375
2014-04-23,36.571,32.82,1.091,,3.172,,0.07165209203958511
2014-04-24,87.655,57.41,3.643,,5.013,,43.324134826660156
2014-04-25,43.929,30.89,1.074,,3.649,,0.0
2014-04-26,118.616,121.919,14.82,,7.524,,14.532831192016602
2014-04-27,30.17,61.54,7.599,,5.044,,14.650670051574707
2014-04-28,37.718,46.626,3.506,,4.013,,6.236018180847168
2014-04-29,22.368,22.172,0.804,,3.698,,3.9602737426757812
2014-04-30,50.918,42.779,0.516,,3.743,,2.8120059967041016
2014-05-01,20.078,18.878,2.538,,3.517,,12.925298690795898
2014-05-02,14.109,35.886,4.684,,4.382,,6.374656677246094
2014-05-03,23.914,26.062,3.072,,4.022,,15.648043632507324
2014-05-04,17.771,28.277,0.994,,3.528,,14.161039352416992
2014-05-05,26.998,29.505,0.787,,3.441,,11.346919059753418
2014-05-06,79.29,50.098,2.352,,4.119,,17.547155380249023
2014-05-07,36.669,45.765,6.029,,5.103,,26.655014038085938
2014-05-08,35.659,42.271,0.882,,4.223,,8.068815231323242
2014-05-09,51.349,60.092,12.52,,6.242,,43.609519958496094
2014-05-10,34.128,75.85,11.01,,5.986,,1.3114601373672485
2014-05-11,69.345,110.412,24.27,,11.67,,10.564598083496094
2014-05-12,55.098,76.151,22.43,,9.505,,0.0
2014-05-13,66.927,85.557,17.48,,9.987,,19.296411514282227
2014-05-14,73.066,50.998,9.297,,6.323,,2.3404431343078613
2014-05-15,52.837,61.246,14.54,,7.181,,35.485008239746094
2014-05-16,30.634,58.04,8.391,,5.668,,2.4855093955993652
2014-05-17,41.254,48.466,7.85,,5.298,,18.18734359741211
2014-05-18,41.352,35.807,6.584,,5.116,,10.124241828918457
2014-05-19,28.707,29.297,4.645,,4.657,,13.649084091186523
2014-05-20,18.884,43.764,2.823,,4.438,,10.889719009399414
2014-05-21,62.616,27.127,5.34,,4.733,,6.828784942626953
2014-05-22,24.798,24.595,4.064,,4.553,,0.8602393865585327
2014-05-23,20.001,36.099,4.7,,6.097,,10.392250061035156
2014-05-24,34.696,32.872,9.413,,6.29,,13.316108703613281
2014-05-25,24.56,27.788,3.527,,4.719,,0.0
2014-05-26,22.478,42.998,1.892,,4.427,,0.5095287561416626
2014-05-27,29.665,24.65,1.404,,4.268,,21.335994720458984
2014-05-28,29.665,24.65,1.832,,4.33,,11.49797534942627
2014-05-29,33.333,59.395,10.69,,5.862,,26.672378540039062
2014-05-30,29.318,59.38,9.812,,5.71,,24.186355590820312
2014-05-31,61.365,79.572,15.3,,7.918,,14.960151672363281
2014-06-01,31.964,47.743,7.955,,5.163,,5.621131896972656
2014-06-02,20.024,50.275,6.671,,4.892,,5.0386152267456055
2014-06-03,41.064,57.911,4.05,,4.774,,7.068192481994629
2014-06-04,84.949,42.101,3.529,,4.61,,3.5262539386749268
2014-06-05,36.038,34.178,3.146,,4.404,,13.009511947631836
2014-06-06,23.418,55.196,2.827,,4.316,,0.0
2014-06-07,40.714,80.862,5.771,,6.419,,39.345916748046875
2014-06-08,28.296,52.083,4.821,,5.345,,14.070584297180176
2014-06-09,22.734,28.103,2.236,,4.573,,6.19534969329834
2014-06-10,46.63,49.509,2.188,,4.587,,12.8726806640625
2014-06-11,21.82,34.055,2.291,,4.401,,17.11379623413086
2014-06-12,21.559,24.47,2.264,,4.251,,0.1082274466753006
2014-06-13,22.803,22.775,1.879,,4.18,,0.0
2014-06-14,17.918,68.721,1.739,,4.168,,1.4373383522033691
2014-06-15,24.971,56.062,7.355,,6.141,,17.707448959350586
2014-06-16,20.698,29.889,1.49,,4.288,,1.6207469701766968
2014-06-17,18.44,15.553,1.069,,4.098,,0.0
2014-06-18,33.282,23.872,1.102,,3.922,,2.2891268730163574
2014-06-19,20.567,23.872,1.6,,3.852,,0.0
2014-06-20,17.68,17.361,1.069,,3.782,,0.0
2014-06-21,19.886,17.723,1.069,,3.715,,1.146637201309204
2014-06-22,16.839,15.058,1.062,,3.692,,0.0
2014-06-23,11.772,25.39,0.98,,3.653,,0.0
2014-06-24,57.306,60.939,1.048,,3.718,,26.442386627197266
2014-06-25,95.634,112.956,4.143,,5.278,,36.61561584472656
2014-06-26,32.641,52.807,6.36,,5.292,,8.107688903808594
2014-06-27,25.642,56.965,1.673,,4.027,,9.408270835876465
2014-06-28,27.666,40.738,1.734,,3.891,,7.51093053817749
2014-06-29,16.271,19.893,1.075,,3.821,,0.9993387460708618
2014-06-30,51.125,27.488,1.244,,3.983,,8.218658447265625
2014-07-01,17.928,48.4,1.109,,3.843,,24.6723690032959
2014-07-02,25.134,55.917,6.517,,5.311,,12.258475303649902
2014-07-03,25.305,66.189,4.16,,4.285,,12.467745780944824
2014-07-04,58.634,51.828,2.467,,3.897,,4.729832649230957
2014-07-05,48.061,43.041,2.803,,4.83,,22.467453002929688
2014-07-06,22.581,30.382,2.229,,4.223,,5.339207172393799
2014-07-07,46.558,52.068,1.817,,3.937,,8.261515617370605
2014-07-08,19.488,22.057,1.624,,4.075,,3.9143364429473877
2014-07-09,23.388,25.333,1.232,,3.818,,0.0
2014-07-10,17.779,19.048,1.045,,3.651,,8.934892654418945
2014-07-11,19.666,19.043,0.882,,3.592,,1.1912486553192139
2014-07-12,19.813,16.353,0.784,,3.572,,0.0
2014-07-13,16.931,19.781,0.729,,3.458,,0.0
2014-07-14,15.151,13.278,0.655,,3.43,,0.0
2014-07-15,15.971,16.299,0.58,,3.391,,1.9861440658569336
2014-07-16,13.488,15.993,0.532,,3.391,,0.10184110701084137
2014-07-17,13.305,18.309,0.465,,3.33,,0.0
2014-07-18,13.297,17.727,0.336,,3.324,,0.016044387593865395
2014-07-19,19.345,16.831,0.292,,3.316,,0.0
2014-07-20,12.571,21.417,0.214,,3.257,,0.0
2014-07-21,12.818,13.071,0.173,,3.249,,8.987744331359863
2014-07-22,15.527,19.081,0.081,,3.19,,2.6717870235443115
2014-07-23,11.791,14.07,0.01,,3.184,,0.0
2014-07-24,12.281,16.561,,,3.122,,0.0
2014-07-25,8.299,14.701,,,3.063,,0.0
2014-07-26,17.342,39.677,,,3.159,,1.1060216426849365
2014-07-27,19.052,24.957,,,3.57,,12.681037902832031
2014-07-28,13.706,15.859,,,3.243,,0.0
2014-07-29,11.56,21.118,,,3.184,,0.0
2014-07-30,11.077,13.557,,,3.122,,0.0
2014-07-31,9.84,15.693,,,3.0,,0.0
2014-08-01,16.098,11.362,,,2.909,,0.0
2014-08-02,9.703,23.298,,,2.975,,17.928844451904297
2014-08-03,11.479,11.597,,,2.912,,1.4344534873962402
2014-08-04,20.771,23.873,,,2.887,,12.856870651245117
2014-08-05,12.982,11.754,,,2.861,,0.5753707885742188
2014-08-06,19.026,34.584,,,2.989,,13.781244277954102
2014-08-07,72.839,43.839,,,5.055,,19.4403018951416
2014-08-08,61.629,54.813,1.347,,4.24,,11.664261817932129
2014-08-09,19.027,43.654,2.892,,4.315,,12.094531059265137
2014-08-10,48.2,43.228,2.147,,6.359,,27.0257511138916
2014-08-11,19.051,76.771,0.928,,3.659,,2.358583450317383
2014-08-12,38.839,53.913,5.711,,4.739,,22.02944564819336
2014-08-13,19.123,46.651,1.118,,3.659,,2.3297462463378906
2014-08-14,30.101,77.131,3.634,,6.089,,34.38575744628906
2014-08-15,12.946,30.86,1.097,,3.592,,0.0
2014-08-16,12.06,20.607,0.668,,3.257,,2.0469658374786377
2014-08-17,14.624,21.233,0.661,,3.19,,0.03602011874318123
2014-08-18,13.903,15.392,0.651,,3.122,,5.216185569763184
2014-08-19,10.578,14.809,0.58,,3.054,,4.206607341766357
2014-08-20,16.384,18.509,1.698,,3.054,,0.0
2014-08-21,14.787,23.379,0.682,,3.02,,15.126882553100586
2014-08-22,15.647,18.212,0.393,,2.986,,0.7867087125778198
2014-08-23,15.383,42.435,0.791,,3.726,,26.944416046142578
2014-08-24,22.473,52.468,3.76,,7.288,,5.256829738616943
2014-08-25,70.717,43.318,4.508,,4.807,,27.994354248046875
2014-08-26,6.389,46.2,2.477,,3.659,,2.1932213306427
2014-08-27,21.497,28.515,1.679,,3.391,,23.054107666015625
2014-08-28,37.161,39.762,3.517,,3.324,,26.99106216430664
2014-08-29,14.358,42.701,7.366,,4.404,,0.9563487768173218
2014-08-30,17.715,25.256,2.006,,3.592,,0.0
2014-08-31,16.759,25.143,0.862,,3.391,,0.0
2014-09-01,15.231,18.09,0.658,,3.122,,0.0
2014-09-02,16.552,32.399,0.58,,2.986,,11.214556694030762
2014-09-03,20.617,54.455,0.634,,4.133,,10.265128135681152
2014-09-04,20.495,50.153,3.025,,3.525,,23.099552154541016
2014-09-05,19.189,25.74,1.45,,3.19,,0.7295459508895874
2014-09-06,18.174,22.66,0.77,,3.122,,26.313196182250977
2014-09-07,11.872,16.091,0.675,,2.986,,0.0
2014-09-08,15.162,19.433,0.522,,2.918,,12.933497428894043
2014-09-09,16.648,21.309,0.39,,2.918,,0.0
2014-09-10,30.478,16.389,0.458,,3.054,,7.525509834289551
2014-09-11,41.761,80.055,3.264,,4.739,,22.591150283813477
2014-09-12,40.883,54.407,12.65,,5.414,,25.64948081970215
2014-09-13,106.984,114.587,10.22,,9.914,,26.545324325561523
2014-09-14,33.156,57.461,6.495,,5.076,,15.908533096313477
2014-09-15,32.513,59.14,10.72,,6.292,,26.977386474609375
2014-09-16,14.769,49.878,8.487,,3.928,,0.0
2014-09-17,38.118,59.879,5.874,,3.793,,13.9534273147583
2014-09-18,21.192,47.948,4.769,,3.592,,18.853588104248047
2014-09-19,33.235,38.537,5.103,,3.525,,0.0
2014-09-20,60.301,55.485,9.991,,3.793,,28.690725326538086
2014-09-21,44.224,44.558,10.06,,3.659,,20.934606552124023
2014-09-22,49.536,49.665,8.642,,5.597,,11.9013090133667
2014-09-23,30.844,57.053,9.44,,4.336,,26.300939559936523
2014-09-24,22.347,49.935,7.042,,3.929,,3.2936089038848877
2014-09-25,64.688,55.652,8.151,,5.331,,19.058048248291016
2014-09-26,49.371,69.202,21.72,,5.215,,8.773483276367188
2014-09-27,35.599,49.552,14.54,,3.862,,2.8614773750305176
2014-09-28,22.496,30.382,10.76,,3.525,,2.317531108856201
2014-09-29,41.43,37.439,11.51,,3.525,,13.6400728225708
2014-09-30,12.885,30.681,7.054,,3.391,,0.0
2014-10-01,19.943,24.163,3.923,,3.257,,2.859677791595459
2014-10-02,20.277,19.966,3.536,,3.19,,2.977132797241211
2014-10-03,17.456,23.776,3.07,,3.122,,0.0
2014-10-04,20.384,33.021,2.881,,3.054,,14.086848258972168
2014-10-05,24.965,27.085,2.635,,2.986,,15.51654052734375
2014-10-06,51.353,31.743,3.29,,4.454,,45.94861602783203
2014-10-07,124.287,85.969,18.29,,9.249,,37.87205123901367
2014-10-08,55.386,101.138,24.58,,8.785,,18.840534210205078
2014-10-09,134.145,98.963,16.71,,7.739,,46.40053176879883
2014-10-10,29.085,60.402,13.41,,6.836,,0.0
2014-10-11,41.903,67.133,11.97,,7.174,,0.2316318303346634
2014-10-12,51.206,60.509,18.5,,6.727,,24.255748748779297
2014-10-13,101.765,64.381,13.93,,4.875,,19.399831771850586
2014-10-14,68.972,58.813,15.08,,4.808,,34.03502655029297
2014-10-15,65.275,56.707,11.7,,5.145,,15.710311889648438
2014-10-16,58.563,56.86,11.93,,4.539,,17.20547866821289
2014-10-17,69.115,50.531,7.203,,4.2,,20.703847885131836
2014-10-18,128.738,60.275,8.703,,3.928,,20.91812515258789
2014-10-19,78.238,56.424,5.217,,8.157,,18.494548797607422
2014-10-20,58.408,40.684,5.796,,4.606,,4.743641376495361
2014-10-21,26.367,41.141,4.657,,3.996,,1.4987895488739014
2014-10-22,89.762,43.597,6.278,,4.404,,35.86616897583008
2014-10-23,27.503,41.319,6.402,,3.996,,0.08135563880205154
2014-10-24,37.762,53.363,3.122,,4.132,,20.955196380615234
2014-10-25,29.67,50.637,4.636,,4.605,,19.4340763092041
2014-10-26,40.035,118.521,13.32,,9.167,,16.91655921936035
2014-10-27,28.028,46.728,9.874,,4.741,,1.4649412631988525
2014-10-28,42.063,60.469,5.166,,4.336,,0.0
2014-10-29,62.439,51.004,8.005,,7.794,,15.255792617797852
2014-10-30,82.13,59.777,7.757,,7.165,,40.64616012573242
2014-10-31,79.947,88.252,21.53,,8.7,,40.85210418701172
2014-11-01,52.786,68.424,15.01,,6.549,,14.446352005004883
2014-11-02,46.426,53.982,9.137,,5.677,,3.967698574066162
2014-11-03,26.644,41.96,6.351,,5.358,,0.0
2014-11-04,58.906,38.389,5.429,,6.12,,12.627763748168945
2014-11-05,29.048,53.766,5.851,,6.091,,17.74947166442871
2014-11-06,30.713,64.636,7.025,,7.429,,1.4325482845306396
2014-11-07,49.915,51.579,9.22,,6.88,,21.175426483154297
2014-11-08,26.821,43.295,8.874,,5.999,,30.5772647857666
2014-11-09,34.279,39.596,8.119,,6.795,,8.467599868774414
2014-11-10,30.609,74.569,24.6,,9.918,,2.0431199073791504
2014-11-11,75.081,92.26,25.4,,9.362,,44.93280792236328
2014-11-12,41.994,128.892,24.83,,10.17,,12.083091735839844
2014-11-13,32.32,100.262,18.5,,9.518,,10.783437728881836
2014-11-14,107.728,126.83,14.53,,8.058,,0.8534291982650757
2014-11-15,28.702,64.878,13.6,,7.103,,0.0
2014-11-16,31.696,48.353,10.93,,6.493,,2.3534786701202393
2014-11-17,18.212,42.465,9.628,,6.111,,0.0
2014-11-18,34.208,44.222,8.949,,5.825,,8.881349563598633
2014-11-19,20.308,43.087,8.601,,5.612,,1.0656510591506958
2014-11-20,28.457,35.86,8.5,,5.468,,0.0
2014-11-21,31.513,38.32,8.748,,5.408,,0.0
2014-11-22,38.703,39.613,12.68,,5.403,,8.448080062866211
2014-11-23,33.692,48.947,13.72,,5.865,,4.847867012023926
2014-11-24,103.056,134.099,10.46,,5.236,,21.468368530273438
2014-11-25,29.284,47.47,8.601,,5.059,,3.8915023803710938
2014-11-26,29.89,59.704,9.089,,5.507,,9.479374885559082
2014-11-27,31.509,35.8,7.34,,4.808,,0.0
2014-11-28,24.341,28.246,5.322,,4.472,,0.0
2014-11-29,18.264,33.857,5.078,,4.2,,0.0
2014-11-30,62.602,36.989,4.737,,4.064,,41.6655158996582
2014-12-01,60.567,51.298,4.745,,4.336,,9.298826217651367
2014-12-02,47.889,31.225,4.843,,4.132,,3.8987975120544434
2014-12-03,25.52,26.297,5.76,,4.064,,17.542552947998047
2014-12-04,24.272,34.296,4.171,,3.996,,0.0
2014-12-05,18.672,29.453,4.171,,4.472,,11.84150218963623
2014-12-06,32.023,50.607,5.32,,5.186,,25.966833114624023
2014-12-07,61.74,37.553,6.971,,5.127,,25.975849151611328
2014-12-08,47.604,45.678,7.677,,4.336,,16.924203872680664
2014-12-09,36.673,50.323,12.78,,5.913,,16.412750244140625
2014-12-10,40.714,73.785,14.56,,6.589,,9.346559524536133
2014-12-11,33.413,49.341,11.94,,5.009,,13.21516227722168
2014-12-12,24.075,37.022,10.57,,4.2,,1.51310133934021
2014-12-13,20.053,34.661,12.44,,5.346,,9.057183265686035
2014-12-14,16.723,40.134,10.28,,4.808,,0.48189425468444824
2014-12-15,23.862,38.174,12.7,,4.268,,0.0
2014-12-16,25.476,42.919,9.98,,4.064,,0.0
2014-12-17,21.814,21.495,8.05,,3.996,,0.9293726086616516
2014-12-18,20.851,34.395,7.65,,4.064,,3.984795331954956
2014-12-19,28.36,25.452,7.558,,3.793,,1.5242197513580322
2014-12-20,33.826,28.238,7.331,,3.726,,1.187021017074585
2014-12-21,20.484,31.305,6.004,,3.692,,0.0
2014-12-22,21.82,22.706,6.305,,3.659,,0.0
2014-12-23,25.492,23.246,6.281,,3.592,,0.0
2014-12-24,20.047,13.303,5.883,,3.592,,0.0
2014-12-25,28.223,44.194,5.72,,3.491,,0.8366172909736633
2014-12-26,19.656,21.932,5.915,,3.458,,0.0
2014-12-27,21.906,18.119,5.72,,3.458,,0.0
2014-12-28,14.533,21.974,5.696,,3.424,,0.0
2014-12-29,18.147,25.602,5.444,,3.391,,0.0
2014-12-30,16.39,28.791,5.103,,3.391,,0.0
2014-12-31,24.729,25.453,4.94,,3.324,,0.0
2015-01-01,28.303,15.447,6.012,,3.324,,0.0
2015-01-02,14.037,29.109,4.55,,3.257,,3.9849724769592285
2015-01-03,15.95,24.917,6.512,,3.257,,0.0
2015-01-04,15.097,16.468,4.55,,3.122,,0.0
2015-01-05,11.416,19.891,3.85,,3.122,,0.0
2015-01-06,19.333,16.918,4.113,,3.324,,0.0
2015-01-07,13.035,19.304,3.5,,4.438,,0.0
2015-01-08,14.699,14.706,2.8,,4.774,,0.0
2015-01-09,15.274,16.187,3.588,,6.091,,0.0
2015-01-10,8.945,14.348,2.65,,4.506,,0.7451956868171692
2015-01-11,13.712,26.988,2.55,,3.729,,0.0
2015-01-12,18.079,22.238,3.238,,3.695,,1.1036444902420044
2015-01-13,17.286,60.616,2.2,,4.2,,3.0529141426086426
2015-01-14,13.256,23.529,1.74,,3.728,,0.5779885053634644
2015-01-15,14.076,35.189,1.65,,3.525,,5.451882362365723
2015-01-16,19.095,26.514,1.29,,3.39,,2.7087905406951904
2015-01-17,11.892,22.547,1.38,,3.323,,4.558547019958496
2015-01-18,22.85,23.336,1.53,,3.256,,3.969628095626831
2015-01-19,12.331,32.426,1.56,,3.391,,8.550402641296387
2015-01-20,21.677,27.957,1.26,,3.257,,0.10581858456134796
2015-01-21,68.758,33.789,1.41,,3.929,,24.81647491455078
2015-01-22,83.696,52.719,1.74,,3.659,,19.291044235229492
2015-01-23,43.377,49.005,3.425,,5.88,,25.294546127319336
2015-01-24,37.404,30.844,6.012,,3.816,,0.0
2015-01-25,28.398,22.07,5.33,,3.503,,4.456642150878906
2015-01-26,18.442,17.515,3.763,,3.419,,0.0
2015-01-27,15.018,23.12,3.85,,4.314,,0.7516757845878601
2015-01-28,21.115,19.096,2.65,,3.851,,0.0
2015-01-29,19.016,24.518,2.975,,3.475,,0.0
2015-01-30,57.026,17.352,2.45,,3.369,,0.8405297994613647
2015-01-31,45.103,48.453,2.6,,3.324,,9.3427152633667
2015-02-01,56.529,32.053,2.4,,3.344,,0.9675118327140808
2015-02-02,26.835,13.577,1.95,,3.257,,0.0
2015-02-03,33.368,22.613,2.0,,3.235,,0.599249541759491
2015-02-04,15.384,21.59,1.59,,3.179,,0.0
2015-02-05,8.032,16.436,1.26,,3.17,,4.712601661682129
2015-02-06,49.45,51.802,1.62,,3.728,,15.668293952941895
2015-02-07,25.082,25.2,2.2,,4.569,,16.947410583496094
2015-02-08,28.589,44.465,2.65,,3.971,,10.666534423828125
2015-02-09,35.992,45.391,4.025,,5.756,,2.7926506996154785
2015-02-10,30.24,61.583,18.28,,7.288,,16.151203155517578
2015-02-11,21.923,49.44,29.91,,5.261,,3.407398223876953
2015-02-12,21.876,25.159,22.8,,4.228,,0.0
2015-02-13,111.421,138.956,9.6,,5.224,,19.965696334838867
2015-02-14,24.332,41.571,7.3,,4.285,,6.142080783843994
2015-02-15,27.516,27.32,5.038,,4.01,,20.534969329833984
2015-02-16,16.206,26.555,3.5,,3.829,,0.05455268546938896
2015-02-17,26.373,29.215,5.038,,3.698,,0.0
2015-02-18,11.23,21.306,3.85,,3.612,,0.0
2015-02-19,18.568,18.548,2.6,,3.578,,0.0
2015-02-20,18.224,22.357,2.65,,3.514,,0.0
2015-02-21,16.476,22.32,3.425,,3.475,,0.0
2015-02-22,19.727,13.908,6.012,,3.413,,0.0
2015-02-23,15.216,18.211,3.938,,3.355,,0.0
2015-02-24,11.525,35.548,3.15,,3.324,,0.0
2015-02-25,24.225,16.876,2.7,,3.307,,2.0047481060028076
2015-02-26,17.678,29.332,1.9,,3.291,,0.0
2015-02-27,20.859,37.732,3.085,,3.302,,0.06822697818279266
2015-02-28,37.768,33.641,3.238,,3.371,,4.940432548522949
2015-03-01,40.768,36.039,2.975,,3.324,,5.7170538902282715
2015-03-02,33.296,24.781,2.25,,3.355,,6.315426349639893
2015-03-03,18.709,17.936,2.2,,3.307,,0.0
2015-03-04,13.117,34.914,2.05,,3.203,,0.0
2015-03-05,26.499,38.576,2.2,,2.986,,0.0
2015-03-06,42.135,22.5,1.77,,2.986,,1.020080804824829
2015-03-07,36.197,24.45,1.95,,2.986,,1.2932941913604736
2015-03-08,28.96,21.568,1.59,,2.995,,0.13451889157295227
2015-03-09,20.118,17.829,1.35,,2.904,,0.0
2015-03-10,47.302,32.014,1.23,,2.836,,0.754156768321991
2015-03-11,24.817,20.035,1.06,,2.779,,0.0
2015-03-12,42.078,32.446,0.84,,2.731,,3.3464736938476562
2015-03-13,31.047,23.147,0.96,,2.714,,0.08495685458183289
2015-03-14,24.484,19.165,0.8,,2.759,,1.648069977760315
2015-03-15,25.989,22.976,0.73,,2.765,,0.6943503022193909
2015-03-16,19.434,22.068,0.674,,2.717,,3.415412425994873
2015-03-17,24.918,13.478,3.025,,2.827,,0.0
2015-03-18,25.614,24.108,15.86,,4.107,,49.86216354370117
2015-03-19,32.275,65.637,14.09,,6.436,,18.067493438720703
2015-03-20,42.1,41.394,13.96,,4.792,,0.0
2015-03-21,30.325,41.39,18.5,,6.161,,14.899563789367676
2015-03-22,17.615,31.86,15.35,,4.923,,0.0
2015-03-23,23.952,27.28,13.84,,3.929,,0.9366735219955444
2015-03-24,17.037,22.247,9.195,,3.609,,0.0
2015-03-25,13.909,20.03,4.375,,3.505,,0.0
2015-03-26,13.664,51.795,3.5,,3.436,,2.693509578704834
2015-03-27,22.924,21.593,3.85,,3.374,,5.481705665588379
2015-03-28,47.551,31.895,2.975,,3.341,,2.835369110107422
2015-03-29,42.869,27.97,5.525,,3.601,,21.419708251953125
2015-03-30,47.448,28.016,11.85,,3.595,,0.0
2015-03-31,41.489,25.798,4.113,,3.385,,13.063947677612305
2015-04-01,28.738,47.055,3.15,,3.464,,12.443693161010742
2015-04-02,30.472,45.763,3.85,,3.366,,1.5758954286575317
2015-04-03,42.863,52.801,2.975,,3.802,,8.526018142700195
2015-04-04,48.588,34.871,3.938,,3.831,,3.1234474182128906
2015-04-05,29.206,27.752,6.525,,3.766,,12.802297592163086
2015-04-06,29.851,29.01,3.5,,3.427,,4.520613193511963
2015-04-07,72.58,29.887,2.65,,3.31,,13.626527786254883
2015-04-08,52.021,50.765,5.525,,4.816,,17.638904571533203
2015-04-09,19.358,28.677,4.863,,3.665,,2.466376781463623
2015-04-10,35.5,19.047,3.763,,3.424,,2.12139892578125
2015-04-11,117.159,92.567,5.038,,4.214,,14.49809455871582
2015-04-12,32.995,36.312,4.375,,3.648,,0.7455443143844604
2015-04-13,27.33,23.864,3.238,,3.545,,3.7543609142303467
2015-04-14,146.807,42.543,3.063,,3.71,,8.119766235351562
2015-04-15,86.219,51.612,3.5,,3.609,,8.639369010925293
2015-04-16,65.707,36.911,5.038,,4.655,,21.782047271728516
2015-04-17,94.202,38.339,3.938,,4.645,,5.961437225341797
2015-04-18,35.129,27.064,5.038,,3.973,,1.1993526220321655
2015-04-19,51.446,35.864,3.938,,3.748,,15.963079452514648
2015-04-20,86.607,53.48,3.675,,3.823,,9.49165153503418
2015-04-21,46.8,47.72,12.6,,4.299,,26.38287353515625
2015-04-22,25.672,28.937,7.94,,3.673,,0.06324917823076248
2015-04-23,36.893,22.503,5.038,,3.492,,9.831402778625488
2015-04-24,30.94,34.554,3.763,,3.377,,14.880963325500488
2015-04-25,27.5,20.658,4.113,,3.349,,16.614229202270508
2015-04-26,25.652,21.442,5.068,,3.316,,0.0
2015-04-27,28.85,28.027,3.5,,3.243,,0.0
2015-04-28,36.45,24.849,2.6,,3.26,,3.191403865814209
2015-04-29,27.969,21.847,2.05,,3.181,,0.8064953088760376
2015-04-30,21.327,27.786,2.15,,3.159,,10.1249361038208
2015-05-01,47.44,20.232,2.3,,3.184,,4.649088382720947
2015-05-02,22.462,27.012,3.238,,3.116,,0.0
2015-05-03,28.557,19.936,2.975,,3.099,,9.039590835571289
2015-05-04,24.434,33.918,3.037,,3.374,,12.499032974243164
2015-05-05,26.433,19.291,2.2,,3.162,,0.0
2015-05-06,53.374,20.63,1.8,,3.046,,3.8826661109924316
2015-05-07,58.709,32.373,1.66,,3.034,,4.3430023193359375
2015-05-08,70.091,29.932,1.41,,2.972,,3.6518473625183105
2015-05-09,22.689,19.821,1.35,,2.907,,0.01733933761715889
2015-05-10,18.144,17.415,1.16,,2.85,,1.0256540775299072
2015-05-11,25.566,16.629,1.02,,2.799,,0.0
2015-05-12,16.934,27.064,1.12,,2.776,,0.07428911328315735
2015-05-13,14.674,17.814,1.1,,2.637,,1.8926423788070679
2015-05-14,21.328,20.265,0.84,,2.569,,3.148759365081787
2015-05-15,21.827,14.451,0.716,,2.521,,8.445314407348633
2015-05-16,27.446,34.702,0.576,,2.646,,3.306447982788086
2015-05-17,23.118,24.254,0.9,,2.759,,9.000948905944824
2015-05-18,34.801,36.619,1.06,,2.946,,8.626739501953125
2015-05-19,30.226,26.722,1.04,,2.745,,7.509133815765381
2015-05-20,39.097,25.885,0.88,,2.637,,0.0
2015-05-21,127.604,70.132,1.16,,3.762,,46.949466705322266
2015-05-22,33.979,35.807,1.32,,4.464,,13.527338027954102
2015-05-23,22.91,27.309,1.47,,3.248,,0.0
2015-05-24,0.371,27.083,1.26,,3.169,,9.701979637145996
2015-05-25,45.449,72.708,1.06,,3.587,,23.58353042602539
2015-05-26,20.107,23.001,1.41,,3.203,,0.649429202079773
2015-05-27,40.122,24.34,1.53,,3.164,,21.87008285522461
2015-05-28,26.548,28.137,1.2,,3.652,,15.443389892578125
2015-05-29,77.567,76.1,2.21,,6.366,,20.205312728881836
2015-05-30,68.25,180.417,4.113,,6.568,,11.470918655395508
2015-05-31,42.635,78.125,3.15,,7.327,,14.8464994430542
2015-06-01,27.347,56.429,4.375,,4.802,,2.4906160831451416
2015-06-02,23.915,31.165,3.238,,4.061,,0.0
2015-06-03,20.54,29.6,1.96,,3.799,,8.595674514770508
2015-06-04,20.144,34.698,2.0,,3.614,,0.4858523905277252
2015-06-05,20.443,23.872,2.25,,3.525,,14.304903984069824
2015-06-06,19.452,27.658,1.95,,3.436,,0.0
2015-06-07,43.305,20.978,2.35,,3.363,,9.122164726257324
2015-06-08,24.261,25.306,2.25,,3.324,,2.2259762287139893
2015-06-09,42.99,37.053,2.4,,3.464,,14.024557113647461
2015-06-10,102.726,54.297,2.2,,4.332,,10.656752586364746
2015-06-11,21.845,39.646,2.3,,3.726,,1.1381868124008179
2015-06-12,21.097,24.218,2.35,,3.377,,2.5504493713378906
2015-06-13,20.826,28.844,2.6,,3.249,,7.943737983703613
2015-06-14,20.876,21.772,2.3,,3.19,,3.5397911071777344
2015-06-15,25.111,29.929,2.4,,3.533,,4.666678428649902
2015-06-16,17.81,25.34,1.9,,3.268,,5.126047611236572
2015-06-17,26.158,20.536,2.1,,3.111,,3.8894050121307373
2015-06-18,10.755,17.587,1.4,,3.046,,0.5631815791130066
2015-06-19,21.962,16.466,1.06,,2.995,,0.039575181901454926
2015-06-20,18.104,15.659,1.16,,2.915,,0.0
2015-06-21,14.534,15.046,1.26,,2.87,,0.7550908923149109
2015-06-22,14.305,22.999,1.32,,3.037,,2.0124871730804443
2015-06-23,11.485,14.206,1.26,,2.907,,0.0
2015-06-24,12.389,16.003,1.06,,2.85,,0.0
2015-06-25,16.018,12.825,1.04,,2.51,,0.0
2015-06-26,17.022,10.548,0.86,,2.443,,3.5155506134033203
2015-06-27,14.427,10.699,0.84,,2.467,,12.9026517868042
2015-06-28,16.574,16.881,0.88,,2.308,,0.0
2015-06-29,11.89,10.602,0.8,,2.252,,0.07157523185014725
2015-06-30,12.207,15.773,0.59,,2.224,,1.256181001663208
2015-07-01,15.187,11.929,0.59,,2.192,,0.0
2015-07-02,10.777,12.317,0.604,,2.126,,0.0
2015-07-03,6.426,12.798,0.548,,2.108,,0.17870359122753143
2015-07-04,15.261,11.651,0.355,,2.108,,0.8381893038749695
2015-07-05,12.625,11.451,0.52,,2.108,,0.43762820959091187
2015-07-06,22.241,18.578,0.466,,2.33,,4.651458740234375
2015-07-07,25.091,23.117,0.421,,2.162,,12.376651763916016
2015-07-08,86.859,33.459,0.432,,2.676,,14.299036979675293
2015-07-09,37.477,28.069,0.41,,2.604,,12.388476371765137
2015-07-10,44.274,21.299,0.366,,2.352,,20.268238067626953
2015-07-11,16.804,12.87,0.3,,2.242,,1.2538230419158936
2015-07-12,73.909,13.114,0.333,,2.176,,1.0796211957931519
2015-07-13,8.371,15.683,,,2.125,,3.940451145172119
2015-07-14,18.981,12.604,,,2.108,,3.364060163497925
2015-07-15,53.351,61.936,,,2.887,,22.67119598388672
2015-07-16,103.446,67.421,,,4.578,,18.034786224365234
2015-07-17,23.532,27.991,,,2.833,,15.992976188659668
2015-07-18,84.809,65.185,,,3.529,,11.065144538879395
2015-07-19,46.924,55.231,,,3.329,,5.068134307861328
2015-07-20,94.905,61.007,,,3.951,,7.676328182220459
2015-07-21,38.056,105.868,,,4.341,,7.3505144119262695
2015-07-22,26.394,41.827,,,3.574,,3.661647081375122
2015-07-23,27.554,26.096,,,3.179,,21.748836517333984
2015-07-24,21.011,22.579,,,2.985,,0.3127986788749695
2015-07-25,24.1,16.626,,,2.877,,0.0
2015-07-26,24.525,17.211,,,2.775,,0.40680941939353943
2015-07-27,23.92,12.014,,,2.782,,6.370541572570801
2015-07-28,28.47,30.856,,,2.646,,0.0
2015-07-29,50.481,39.063,,,3.036,,11.834955215454102
2015-07-30,58.1,63.21,,,3.667,,16.760452270507812
2015-07-31,22.584,20.763,,,2.83,,1.2643526792526245
2015-08-01,41.366,18.242,,,2.594,,5.924961090087891
2015-08-02,25.497,13.462,,,2.524,,1.8470802307128906
2015-08-03,19.331,19.276,,,2.425,,9.632406234741211
2015-08-04,23.012,11.389,,,2.376,,0.06899736821651459
2015-08-05,10.817,13.432,,,2.32,,0.0
2015-08-06,7.157,6.941,,,2.221,,0.0
2015-08-07,17.131,16.667,,,2.225,,0.8820313215255737
2015-08-08,30.165,22.327,,,2.448,,22.84516716003418
2015-08-09,82.024,53.807,,,5.597,,19.50144386291504
2015-08-10,13.881,19.524,,,3.193,,0.0740061029791832
2015-08-11,28.046,38.716,,,3.243,,16.15989875793457
2015-08-12,21.315,17.31,,,2.89,,0.0
2015-08-13,23.033,27.751,,,2.713,,2.713904857635498
2015-08-14,50.477,41.351,,,2.694,,19.479074478149414
2015-08-15,16.937,15.748,,,2.698,,8.633543014526367
2015-08-16,19.416,32.808,,,2.628,,0.08993171155452728
2015-08-17,13.204,33.375,,,2.992,,10.12043285369873
2015-08-18,38.143,86.323,,,3.013,,8.203508377075195
2015-08-19,25.873,44.651,,,2.812,,2.3222851753234863
2015-08-20,54.711,38.123,,,3.065,,13.723054885864258
2015-08-21,44.373,49.127,,,3.122,,15.616613388061523
2015-08-22,16.133,40.338,,,2.986,,10.02336311340332
2015-08-23,30.446,50.42,,,2.986,,7.194769859313965
2015-08-24,37.927,31.94,,,3.189,,9.353398323059082
2015-08-25,34.256,42.987,,,3.324,,7.418638706207275
2015-08-26,95.701,49.812,,,3.999,,24.055400848388672
2015-08-27,80.344,48.559,,,3.659,,6.985253810882568
2015-08-28,76.526,65.015,,,5.618,,8.908454895019531
2015-08-29,22.211,26.725,,,3.122,,0.053090550005435944
2015-08-30,13.228,20.683,,,2.986,,1.8509063720703125
2015-08-31,24.657,25.215,,,2.85,,14.525128364562988
2015-09-01,6.659,17.878,,,2.782,,3.060666561126709
2015-09-02,27.326,20.621,,,2.782,,3.6253020763397217
2015-09-03,18.164,18.313,,,2.578,,2.401721954345703
2015-09-04,42.581,18.999,,,2.578,,0.12134242057800293
2015-09-05,63.132,45.689,,,2.376,,3.5661869049072266
2015-09-06,98.077,32.118,,,5.143,,13.118803024291992
2015-09-07,51.614,37.805,,,3.322,,2.9196105003356934
2015-09-08,69.736,28.792,,,2.85,,7.183494567871094
2015-09-09,20.782,20.243,,,2.714,,0.0
2015-09-10,47.009,41.779,,,3.391,,10.708381652832031
2015-09-11,55.481,55.527,,,3.122,,11.610149383544922
2015-09-12,23.607,20.689,,,2.918,,0.03840327262878418
2015-09-13,17.402,15.491,,,2.578,,0.0
2015-09-14,14.788,18.618,,,2.51,,0.0
2015-09-15,24.492,18.506,,,2.376,,5.82328987121582
2015-09-16,24.746,17.907,,,2.376,,0.5610080361366272
2015-09-17,21.614,39.72,,,3.323,,25.59829330444336
2015-09-18,71.148,24.628,,,2.646,,7.1485419273376465
2015-09-19,52.998,28.872,,,3.256,,28.6645450592041
2015-09-20,71.001,77.075,,,4.066,,20.50896453857422
2015-09-21,41.387,31.433,,,2.986,,3.672708034515381
2015-09-22,19.667,28.685,,,2.578,,0.707015872001648
2015-09-23,25.346,23.294,,,2.51,,0.6336848139762878
2015-09-24,24.279,19.778,,,2.51,,7.143191337585449
2015-09-25,18.724,18.353,,,2.443,,0.0
2015-09-26,16.116,19.162,,,2.376,,0.0
2015-09-27,15.815,17.881,,,2.376,,0.0
2015-09-28,17.585,13.705,,,2.376,,7.3370771408081055
2015-09-29,26.538,29.599,,,2.376,,0.5053555369377136
2015-09-30,32.205,21.494,,,3.054,,16.11393928527832
2015-10-01,10.161,21.532,,,2.376,,0.0
2015-10-02,24.46,22.826,,,2.376,,1.089071273803711
2015-10-03,52.232,34.111,,,2.376,,53.36842727661133
2015-10-04,25.677,29.132,,,2.51,,0.1873929500579834
2015-10-05,27.716,29.57,,,2.646,,35.01935958862305
2015-10-06,12.701,22.594,,,2.443,,0.40366172790527344
2015-10-07,45.017,19.906,,,3.051,,62.532073974609375
2015-10-08,31.406,50.517,,,2.578,,15.724828720092773
2015-10-09,55.48,34.546,,,2.51,,57.78803253173828
2015-10-10,27.184,25.989,,,2.783,,0.40366172790527344
2015-10-11,72.21,78.222,,,4.943,,58.56949996948242
2015-10-12,25.246,28.634,,,3.793,,0.3397273123264313
2015-10-13,52.422,63.37,,,3.525,,31.885089874267578
2015-10-14,29.707,39.85,,,4.404,,46.23322296142578
2015-10-15,34.922,44.56,,,4.268,,5.227240562438965
2015-10-16,29.015,47.384,,,4.875,,34.14008331298828
2015-10-17,22.015,28.796,,,3.256,,0.0
2015-10-18,22.936,23.148,,,3.188,,33.32887268066406
2015-10-19,20.08,18.84,,,2.714,,2.486766815185547
2015-10-20,20.354,12.129,,,2.646,,0.0
2015-10-21,19.619,21.632,,,2.714,,46.470069885253906
2015-10-22,21.369,23.756,,,2.578,,2.7427592277526855
2015-10-23,16.695,15.238,,,3.661,,44.34788131713867
2015-10-24,20.927,27.378,,,5.346,,5.465882778167725
2015-10-25,28.936,36.7,,,3.93,,42.940818786621094
2015-10-26,21.666,30.346,,,3.324,,4.67561149597168
2015-10-27,11.059,27.446,,,2.986,,6.514235019683838
2015-10-28,23.481,26.759,,,2.918,,0.0
2015-10-29,42.844,40.22,,,2.782,,34.170860290527344
2015-10-30,27.3,20.996,,,2.782,,28.399011611938477
2015-10-31,28.11,31.703,,,2.782,,3.569847822189331
2015-11-01,34.683,39.62,,,4.672,,34.7606086730957
2015-11-02,33.997,46.696,,,3.861,,22.434494018554688
2015-11-03,18.506,27.494,,,3.324,,8.801115036010742
2015-11-04,57.722,37.129,,,3.19,,8.933024406433105
2015-11-05,66.384,79.571,,,4.875,,43.256492614746094
2015-11-06,64.908,54.134,,,4.336,,7.512843132019043
2015-11-07,25.044,49.877,,,3.996,,0.36446553468704224
2015-11-08,23.063,37.685,,,3.659,,11.233115196228027
2015-11-09,28.422,36.823,,,3.391,,1.036877155303955
2015-11-10,96.644,73.852,,,6.089,,17.86204719543457
2015-11-11,48.715,34.178,,,3.659,,4.821445941925049
2015-11-12,41.885,26.659,,,3.525,,0.366719514131546
2015-11-13,23.717,26.123,,,3.391,,2.745065450668335
2015-11-14,21.544,18.725,,,3.257,,0.7390834093093872
2015-11-15,37.256,23.597,,,3.19,,5.562740325927734
2015-11-16,28.899,18.744,,,3.054,,11.087246894836426
2015-11-17,27.15,35.857,,,5.55,,20.315916061401367
2015-11-18,21.45,29.387,,,7.104,,7.618532657623291
2015-11-19,24.681,40.972,,,5.211,,0.0949556902050972
2015-11-20,37.229,46.343,,,4.606,,1.2251219749450684
2015-11-21,41.915,29.371,,,3.794,,1.7190853357315063
2015-11-22,48.314,31.1,,,3.391,,9.547098159790039
2015-11-23,35.589,93.565,,,3.458,,5.255108833312988
2015-11-24,24.984,45.683,,,4.335,,0.5284302830696106
2015-11-25,24.845,63.05,,,4.741,,0.938978374004364
2015-11-26,36.315,46.341,,,4.539,,0.7203852534294128
2015-11-27,72.77,27.478,,,4.2,,4.034999847412109
2015-11-28,34.798,31.36,,,4.268,,0.14490702748298645
2015-11-29,20.574,26.33,,,4.2,,0.0
2015-11-30,20.802,21.216,,,3.996,,0.17028936743736267
2015-12-01,26.712,23.877,,,3.525,,0.07504800707101822
2015-12-02,23.692,18.199,,,3.257,,0.0
2015-12-03,30.024,37.807,,,3.19,,0.0
2015-12-04,25.315,24.214,,,3.122,,21.11452865600586
2015-12-05,26.668,25.713,,,2.986,,0.0
2015-12-06,32.198,19.491,,,2.85,,20.791589736938477
2015-12-07,25.722,17.002,,,2.782,,5.259868621826172
2015-12-08,29.369,17.94,,,2.714,,4.594427585601807
2015-12-09,22.886,14.874,,,2.646,,0.0
2015-12-10,41.613,20.718,,,2.646,,16.94478988647461
2015-12-11,21.881,17.126,,,2.578,,1.8928778171539307
2015-12-12,19.3,13.971,,,2.51,,0.0
2015-12-13,19.781,14.063,,,2.646,,0.42612260580062866
2015-12-14,26.773,19.094,,,2.646,,9.311058044433594
2015-12-15,35.147,18.585,,,2.578,,10.325349807739258
2015-12-16,14.725,21.585,,,2.51,,0.0
2015-12-17,34.24,22.762,,,2.51,,1.2695223093032837
2015-12-18,17.91,15.825,,,2.477,,0.6045968532562256
2015-12-19,20.993,18.91,,,2.41,,0.0
2015-12-20,18.164,19.098,,,2.376,,0.1926005780696869
2015-12-21,17.866,18.002,,,2.342,,19.339080810546875
2015-12-22,18.945,11.404,,,2.309,,0.0
2015-12-23,12.616,17.561,,,2.276,,0.0
2015-12-24,16.928,14.582,,,2.242,,0.0
2015-12-25,14.478,16.092,,,2.208,,0.0
2015-12-26,17.111,13.428,,,2.175,,0.0
2015-12-27,12.244,13.192,,,2.175,,0.0
2015-12-28,16.247,12.513,,,2.175,,22.253564834594727
2015-12-29,16.564,11.513,,,2.141,,0.0
2015-12-30,13.743,14.856,,,2.108,,0.0
2015-12-31,17.517,7.444,,,2.108,,0.0
2016-01-01,16.149,16.92,,,,,0.0
2016-01-02,21.02,13.358,,,1.9887499999999962,,0.0
2016-01-03,13.157,16.868,,,2.0244999999995863,,0.0
2016-01-04,23.354,31.129,,,2.4210000000001055,,19.404897689819336
2016-01-05,15.703,23.425,,,2.2585000000000677,,23.243473052978516
2016-01-06,22.402,18.678,,,2.14800000000006,,0.15991251170635223
2016-01-07,17.248,17.4,,,2.0895000000000827,,12.753417015075684
2016-01-08,15.451,14.296,,,1.9985000000000075,,4.935227870941162
2016-01-09,12.637,16.956,,,1.9400000000000603,,0.0
2016-01-10,14.293,14.417,,,1.8880000000000001,,0.0
2016-01-11,12.1,10.774,,,1.8880000000000001,,0.0
2016-01-12,13.33,15.465,,,1.8360000000000603,,0.0
2016-01-13,7.631,14.101,,,1.784,,0.0
2016-01-14,14.88,15.367,,,1.784,,0.0
2016-01-15,16.688,10.639,,,1.784,,0.0
2016-01-16,12.787,15.338,,,1.784,,0.0
2016-01-17,17.748,7.281,,,1.784,,0.0
2016-01-18,2.749,15.309,,,1.7807500000000411,,0.0
2016-01-19,11.404,13.026,,,1.7352500000000037,,0.0
2016-01-20,13.148,11.002,,,1.732,,0.0
2016-01-21,9.766,13.949,,,1.732,,0.0
2016-01-22,10.924,15.345,,,1.732,,0.0
2016-01-23,15.311,12.01,,,1.7482499999997931,,0.0
2016-01-24,10.436,18.926,,,1.9465000000000527,,0.0
2016-01-25,12.598,12.651,,,1.8392500000000638,,0.0
2016-01-26,10.57,12.489,,,1.784,,0.0
2016-01-27,6.175,15.998,,,1.7580000000000302,,0.0
2016-01-28,7.651,13.184,,,1.7124999999999473,,0.0
2016-01-29,14.124,18.215,,,1.748250000000064,,0.0
2016-01-30,11.774,11.221,,,1.683250000000004,,0.0
2016-01-31,12.232,8.992,,,1.6800000000000002,,0.0
2016-02-01,6.57,16.214,,,1.6800000000000002,,0.0
2016-02-02,9.73,11.001,,,1.6800000000000002,,0.0
2016-02-03,10.024,15.02,,,1.6800000000000002,,0.0
2016-02-04,9.287,10.377,,,1.6800000000000002,,0.08396988362073898
2016-02-05,10.8,17.967,,,1.6800000000000002,,0.637008547782898
2016-02-06,11.701,14.031,,,1.6800000000000002,,0.0
2016-02-07,7.624,11.644,,,1.7124999999995862,,0.0
2016-02-08,8.393,29.664,,,2.0570000000001656,,0.0
2016-02-09,8.777,17.727,,,1.8360000000001504,,0.0
2016-02-10,12.353,11.917,,,1.7384999999993456,,0.0
2016-02-11,7.055,22.74,,,2.2455000000002636,,3.045811891555786
2016-02-12,18.346,22.31,,,1.9400000000001505,,0.0
2016-02-13,7.913,14.409,,,1.7905000000000075,,0.0
2016-02-14,8.84,25.798,,,1.7320000000000602,,0.0
2016-02-15,23.686,15.396,,,1.7254999999994207,,0.0
2016-02-16,16.227,15.336,,,2.6735000000000153,,0.0
2016-02-17,55.541,50.637,,,2.334500000000366,,14.822021484375
2016-02-18,15.161,15.741,,,1.9465000000000678,,0.0
2016-02-19,10.838,11.389,,,1.8489999999998947,,2.1335806846618652
2016-02-20,7.034,30.787,,,1.894499999999857,,0.0
2016-02-21,52.212,64.699,,,2.043999999999789,,1.078067421913147
2016-02-22,17.481,25.0,,,2.180500000000098,,0.0
2016-02-23,24.049,17.431,,,2.0440000000000604,,0.3737453520298004
2016-02-24,14.128,19.884,,,1.9400000000000603,,7.380928039550781
2016-02-25,13.0,22.431,,,1.8815000000000828,,23.593400955200195
2016-02-26,13.404,9.479,,,1.7905000000000075,,0.0
2016-02-27,10.615,14.826,,,1.784,,0.0
2016-02-28,15.046,7.053,,,1.7320000000000602,,0.08942537009716034
2016-02-29,11.123,7.593,,,1.6800000000000002,,0.0
2016-03-01,29.654,9.769,,,1.6607500000000222,,2.9471898078918457
2016-03-02,14.516,8.889,,,1.6270624999999608,,0.0
2016-03-03,9.12,13.964,,,1.6751874999999945,,0.0
2016-03-04,15.031,14.688,,,1.6800000000000002,,0.0
2016-03-05,15.097,9.907,,,1.6775937500000306,,6.608788967132568
2016-03-06,9.677,11.759,,,1.624656250000025,,5.127296447753906
2016-03-07,13.866,7.847,,,1.6078124999999384,,1.2025247812271118
2016-03-08,14.335,10.926,,,1.6559375000000165,,0.08381260931491852
2016-03-09,14.814,9.259,,,1.6222500000000222,,2.6983678340911865
2016-03-10,11.046,6.146,,,1.6029999999999998,,0.18775279819965363
2016-03-11,10.549,6.875,,,1.6029999999999998,,0.0
2016-03-12,13.098,23.646,,,1.6029999999999998,,0.0
2016-03-13,11.969,6.447,,,1.646812499999442,,0.43325871229171753
2016-03-14,11.84,14.965,,,2.05218750000019,,5.409645080566406
2016-03-15,9.554,11.875,,,1.8360000000000603,,0.0
2016-03-16,9.514,15.059,,,1.7320000000000602,,0.0
2016-03-17,27.302,28.467,,,1.6800000000000002,,12.147249221801758
2016-03-18,13.124,11.201,,,1.6607500000000222,,1.1635363101959229
2016-03-19,12.269,14.699,,,1.6270624999999608,,2.512571334838867
2016-03-20,28.285,45.191,,,1.6751874999999945,,10.936566352844238
2016-03-21,11.862,23.58,,,1.6607500000000222,,5.895678520202637
2016-03-22,11.909,18.475,,,1.6222500000000222,,0.0
2016-03-23,10.095,8.142,,,1.6029999999999998,,0.11328955739736557
2016-03-24,9.831,9.864,,,1.6029999999999998,,0.0
2016-03-25,12.476,6.279,,,1.5837500000000218,,0.0
2016-03-26,15.079,9.7,,,1.581343750000008,,0.0
2016-03-27,23.022,30.563,,,1.5476562500000246,,2.0503432750701904
2016-03-28,12.418,10.55,,,1.5259999999999996,,2.4848716259002686
2016-03-29,10.755,8.744,,,1.5259999999999996,,5.145368576049805
2016-03-30,25.756,13.613,,,1.823124999996217,,21.17189598083496
2016-03-31,15.085,14.694,,,4.381375000002407,,7.800454616546631
2016-04-01,12.221,20.748,,,1.96550000000021,,2.799448013305664
2016-04-02,24.014,27.145,,,1.8814999999999622,,31.3580379486084
2016-04-03,13.275,15.9,,,1.8425000000000678,,0.0
2016-04-04,18.058,17.48,,,1.7872499999996576,,0.0
2016-04-05,23.398,13.815,,,2.0082499999996277,,0.1988968551158905
2016-04-06,20.638,11.636,,,2.2455000000003538,,13.5783052444458
2016-04-07,12.715,11.645,,,1.8490000000000753,,0.24360978603363037
2016-04-08,19.817,63.138,,,1.7644999999996462,,7.281904697418213
2016-04-09,75.396,50.696,,,2.3169999999998643,,38.8859977722168
2016-04-10,19.151,46.803,,,2.3754999999999025,,0.8468478918075562
2016-04-11,20.198,37.448,,,2.40799999999994,,13.990864753723145
2016-04-12,20.614,44.839,,,4.280250000000062,,33.723655700683594
2016-04-13,16.532,36.741,,,3.338250000000769,,0.0
2016-04-14,16.743,22.449,,,2.5200000000002207,,0.0
2016-04-15,17.109,15.748,,,2.2520000000001503,,0.07010142505168915
2016-04-16,34.873,18.298,,,2.0765000000000375,,11.073982238769531
2016-04-17,16.694,21.378,,,2.01800000000003,,10.785799026489258
2016-04-18,20.222,13.781,,,1.9855000000000826,,0.0
2016-04-19,12.258,13.103,,,1.8425000000000678,,8.482539176940918
2016-04-20,27.452,13.29,,,1.7320000000000602,,7.334755897521973
2016-04-21,18.892,11.438,,,1.6800000000000002,,8.307525634765625
2016-04-22,12.87,18.369,,,1.6929999999998346,,0.986954391002655
2016-04-23,10.633,9.506,,,1.823000000000045,,5.815870761871338
2016-04-24,47.47,24.938,,,1.8952499999979815,,11.668806076049805
2016-04-25,23.764,39.591,,,3.3044999999994022,,23.606163024902344
2016-04-26,36.841,54.747,,,3.4229999999985257,,1.4610707759857178
2016-04-27,65.816,44.129,,,4.539250000000624,,19.234046936035156
2016-04-28,39.983,38.801,,,4.209874999999863,,9.075902938842773
2016-04-29,51.315,40.339,,,3.6911250000009015,,24.10662841796875
2016-04-30,22.28,33.825,,,2.831999999999685,,3.3799805641174316
2016-05-01,17.456,41.407,,,3.039999999999778,,17.14838218688965
2016-05-02,31.902,36.497,,,4.980250000000571,,3.201922655105591
2016-05-03,18.524,27.854,,,3.9319999999997415,,0.07700444757938385
2016-05-04,77.598,48.295,,,4.015750000000611,,36.031185150146484
2016-05-05,14.739,29.066,,,3.248000000000389,,0.0
2016-05-06,76.015,44.293,,,3.1199999999960184,,26.250070571899414
2016-05-07,28.981,47.925,,,5.853374999997885,,18.741348266601562
2016-05-08,54.316,49.119,,,8.147000000000462,,6.887556552886963
2016-05-09,56.656,69.144,,,8.105937499999932,,15.666067123413086
2016-05-10,28.897,58.182,,,7.597187500000573,,19.185550689697266
2016-05-11,21.601,53.784,,,7.222062500001657,,0.0
2016-05-12,21.486,37.996,,,4.72343750000106,,0.0
2016-05-13,16.614,27.912,,,3.6240000000002683,,2.957226514816284
2016-05-14,20.812,28.072,,,3.3040000000000833,,5.034581661224365
2016-05-15,17.353,22.372,,,3.104000000000148,,0.0
2016-05-16,12.182,16.381,,,2.9120000000000745,,0.0
2016-05-17,18.047,52.355,,,2.8400000000001024,,8.462594985961914
2016-05-18,13.981,38.987,,,2.7280000000000095,,11.608238220214844
2016-05-19,10.888,23.633,,,2.66800000000006,,2.4252021312713623
2016-05-20,15.601,21.273,,,2.6159999999999997,,0.5352862477302551
2016-05-21,12.999,17.692,,,2.6159999999999997,,19.120189666748047
2016-05-22,25.232,15.138,,,2.56400000000006,,11.153043746948242
2016-05-23,14.461,13.704,,,2.5184999999999174,,2.3528168201446533
2016-05-24,15.206,12.709,,,2.9020624999956657,,5.555948734283447
2016-05-25,14.52,26.772,,,5.339937500002402,,13.78411865234375
2016-05-26,32.196,48.253,,,3.176000000000083,,22.418895721435547
2016-05-27,36.65,24.412,,,3.040000000000074,,3.885223388671875
2016-05-28,25.091,25.031,,,2.9120000000000745,,5.45670223236084
2016-05-29,14.786,27.652,,,2.7840000000000744,,16.67582130432129
2016-05-30,15.064,46.751,,,2.921999999997428,,11.694518089294434
2016-05-31,24.357,53.659,,,4.598000000001655,,16.22092628479004
2016-06-01,18.686,28.592,,,2.96000000000013,,0.3239573836326599
2016-06-02,13.976,22.472,,,2.7840000000000744,,8.160501480102539
2016-06-03,13.428,44.065,,,2.66800000000006,,13.91918659210205
2016-06-04,13.65,49.594,,,2.56400000000006,,5.184813976287842
2016-06-05,17.317,39.237,,,2.512,,0.0
2016-06-06,21.272,38.859,,,2.5594999999987933,,1.558119297027588
2016-06-07,36.089,47.625,,,3.74050000000044,,13.7893648147583
2016-06-08,18.233,30.913,,,3.128000000000287,,0.0
2016-06-09,16.367,21.436,,,2.8079999999998795,,0.2484830915927887
2016-06-10,14.743,28.919,,,2.7865000000001072,,10.819158554077148
2016-06-11,13.466,24.076,,,2.6030000000001956,,2.3367791175842285
2016-06-12,18.369,24.298,,,2.356000000000151,,1.6057389974594116
2016-06-13,13.946,17.002,,,2.2065000000000077,,18.935232162475586
2016-06-14,11.124,24.009,,,2.2,,8.455413818359375
2016-06-15,12.005,24.265,,,2.1740000000000306,,0.5500296950340271
2016-06-16,14.233,18.306,,,2.12200000000003,,1.8144423961639404
2016-06-17,14.909,16.981,,,2.096,,0.0
2016-06-18,17.863,26.899,,,2.166999999999096,,5.030638694763184
2016-06-19,16.527,30.931,,,2.872500000000628,,13.820727348327637
2016-06-20,18.03,24.169,,,2.320999999998911,,9.450362205505371
2016-06-21,15.733,25.482,,,2.962500000000702,,1.1505639553070068
2016-06-22,14.38,19.623,,,2.2650000000000756,,0.0
2016-06-23,15.054,25.129,,,2.2,,2.225191593170166
2016-06-24,13.38,34.142,,,2.14800000000006,,16.227514266967773
2016-06-25,14.073,23.754,,,2.0927500000000414,,2.962690830230713
2016-06-26,13.03,36.671,,,2.0440000000000453,,13.799181938171387
2016-06-27,11.774,21.34,,,1.9952500000000037,,0.0
2016-06-28,8.483,20.725,,,1.992,,0.0
2016-06-29,16.088,18.789,,,1.992,,0.0
2016-06-30,15.984,16.611,,,1.9400000000000603,,0.0
2016-07-01,8.564,16.863,,,1.9009999999998346,,27.30841064453125
2016-07-02,12.538,22.514,,,2.031000000000045,,16.085895538330078
2016-07-03,18.12,54.413,,,1.9464999999999772,,18.91429901123047
2016-07-04,19.302,40.042,,,2.024499999999496,,8.356864929199219
2016-07-05,43.841,64.941,,,2.6182499999976243,,17.30516815185547
2016-07-06,43.825,87.729,,,4.166250000001579,,5.744407653808594
2016-07-07,13.418,32.217,,,2.5520000000002576,,0.8924123048782349
2016-07-08,19.427,17.929,,,2.2585000000000677,,1.1479151248931885
2016-07-09,14.453,16.618,,,1.9692499999999284,,0.0
2016-07-10,5.963,20.282,,,2.092749999999996,,4.0750908851623535
2016-07-11,16.207,93.835,,,2.1089999999998343,,0.0
2016-07-12,21.549,36.265,,,2.235750000000087,,21.359378814697266
2016-07-13,21.562,44.142,,,2.131749999999951,,9.28795051574707
2016-07-14,21.074,31.13,,,2.443999999996201,,37.02484130859375
2016-07-15,69.345,78.062,,,5.141500000001654,,30.712688446044922
2016-07-16,56.475,56.303,,,3.376000000000426,,6.8617095947265625
2016-07-17,14.226,30.302,,,2.905500000000268,,0.0
2016-07-18,16.598,52.622,,,2.5720000000001595,,15.613409042358398
2016-07-19,14.879,33.703,,,2.362500000000068,,3.021561622619629
2016-07-20,25.583,39.015,,,2.2520000000000606,,4.633049964904785
2016-07-21,20.554,20.143,,,2.2,,3.5405516624450684
2016-07-22,7.739,30.186,,,2.212999999999835,,14.636062622070312
2016-07-23,22.835,54.821,,,2.3430000000000453,,4.573758602142334
2016-07-24,30.301,33.35,,,2.2584999999999775,,12.760674476623535
2016-07-25,15.246,26.193,,,2.245500000000053,,7.979304313659668
2016-07-26,17.348,25.579,,,2.2,,4.72733211517334
2016-07-27,31.129,29.289,,,2.14800000000006,,10.652931213378906
2016-07-28,13.3,19.636,,,2.0440000000000604,,10.495755195617676
2016-07-29,10.954,20.172,,,1.9400000000000603,,6.67587423324585
2016-07-30,24.331,18.644,,,1.8944999999999173,,0.0
2016-07-31,20.049,27.888,,,1.9595000000000227,,17.322208404541016
2016-08-01,37.433,24.284,,,1.9140000000000301,,7.523007392883301
2016-08-02,10.323,15.554,,,1.8880000000000001,,8.63840103149414
2016-08-03,14.577,19.73,,,1.9009999999998346,,2.431391716003418
2016-08-04,12.502,25.3,,,2.031000000000045,,11.776809692382812
2016-08-05,12.365,20.83,,,1.9627500000000717,,0.0
2016-08-06,10.231,18.189,,,1.8912500000000039,,0.0
2016-08-07,38.077,31.988,,,1.9204999999995862,,0.9094382524490356
2016-08-08,86.992,45.368,,,2.3235000000000228,,42.4127311706543
2016-08-09,18.869,27.091,,,2.2520000000000606,,2.9928505420684814
2016-08-10,13.326,30.367,,,2.14800000000006,,36.521888732910156
2016-08-11,34.708,22.814,,,2.0764999999996467,,11.978372573852539
2016-08-12,25.276,39.976,,,2.3625000000002485,,15.158459663391113
2016-08-13,52.835,48.529,,,2.0570000000000754,,17.839292526245117
2016-08-14,17.759,26.513,,,2.0114999999997516,,15.489038467407227
2016-08-15,29.592,32.597,,,2.2584999999997066,,15.13560676574707
2016-08-16,28.826,75.755,,,2.446999999999985,,18.442651748657227
2016-08-17,72.346,90.581,,,2.3950000000001053,,23.593276977539062
2016-08-18,22.617,41.74,,,2.300499999999443,,21.102188110351562
2016-08-19,23.767,37.01,,,2.8490000000002027,,9.15117073059082
2016-08-20,22.458,22.071,,,2.578500000000077,,0.0
2016-08-21,18.58,18.479,,,2.4470000000002257,,7.745883941650391
2016-08-22,17.08,17.321,,,2.2065000000000983,,0.0
2016-08-23,19.171,17.362,,,2.050500000000068,,0.0
2016-08-24,16.154,17.028,,,1.9335000000001428,,1.31059730052948
2016-08-25,11.925,21.701,,,1.83600000000003,,2.574192523956299
2016-08-26,23.766,26.302,,,1.9837499999975472,,32.957603454589844
2016-08-27,56.111,64.756,,,3.703750000001245,,4.062522888183594
2016-08-28,36.71,49.937,,,2.378500000000297,,30.98537826538086
2016-08-29,17.753,25.346,,,2.1284999999996765,,0.0
2016-08-30,102.815,80.867,,,2.4210000000001957,,36.955528259277344
2016-08-31,20.814,44.095,,,2.3528749999982344,,32.226192474365234
2016-09-01,23.966,60.805,,,4.312000000001351,,35.599849700927734
2016-09-02,22.296,47.903,,,2.6376250000003565,,2.4487695693969727
2016-09-03,20.712,39.12,,,2.290999999999654,,4.57214879989624
2016-09-04,33.076,76.877,,,2.8702499999964317,,15.059000968933105
2016-09-05,49.541,66.37,,,5.258249999999303,,23.466880798339844
2016-09-06,33.377,73.938,,,5.989499999986481,,17.28412628173828
2016-09-07,51.424,95.028,,,19.330250000006565,,35.020416259765625
2016-09-08,25.035,73.509,,,11.293750000004328,,0.0
2016-09-09,20.679,38.277,,,6.194000000000222,,2.070239543914795
2016-09-10,45.042,94.622,,,5.959249999989925,,31.545787811279297
2016-09-11,180.433,129.641,,,11.053750000005051,,27.6269588470459
2016-09-12,88.189,108.028,,,6.556749999999799,,32.42777633666992
2016-09-13,40.54,61.356,,,6.026874999999787,,0.0
2016-09-14,45.236,113.728,,,6.3013749999866935,,15.880666732788086
2016-09-15,100.142,138.089,,,16.87856250000839,,36.54199981689453
2016-09-16,31.356,80.416,,,7.097812500002529,,0.0
2016-09-17,32.1316,52.7129,,,4.338625000000651,,7.789742946624756
2016-09-18,51.451,48.409,,,3.6800000000001853,,15.859766006469727
2016-09-19,56.295,46.122,,,3.3680000000001575,,24.426515579223633
2016-09-20,26.755,33.806,,,3.168000000000074,,0.0
2016-09-21,46.022,39.579,,,3.040000000000074,,19.08055877685547
2016-09-22,24.342,31.243,,,2.9931249999990417,,3.7470169067382812
2016-09-23,41.38,54.927,,,3.855875000000241,,11.378976821899414
2016-09-24,135.9,59.339,,,3.5542499999994157,,18.27973175048828
2016-09-25,54.81,62.989,,,3.9093749999994096,,29.84891700744629
2016-09-26,54.673,73.478,,,4.3178749999984625,,3.078238010406494
2016-09-27,102.284,93.018,,,4.637500000001071,,24.707523345947266
2016-09-28,106.5,71.478,,,3.719999999999898,,27.694896697998047
2016-09-29,50.35,49.741,,,3.744000000000667,,29.165576934814453
2016-09-30,48.095,41.309,,,3.174499999997399,,8.05423641204834
2016-10-01,41.976,54.301,,,5.236875000001332,,26.369659423828125
2016-10-02,37.925,55.932,,,3.6636249999982127,,5.78208065032959
2016-10-03,30.528,26.363,,,4.941625000001519,,17.501598358154297
2016-10-04,49.893,45.613,,,3.3633750000001523,,0.9614473581314087
2016-10-05,42.955,46.596,,,3.160000000000176,,30.920215606689453
2016-10-06,55.689,41.261,,,2.943999999999778,,1.4417030811309814
2016-10-07,40.539,58.074,,,3.175999999999639,,16.399951934814453
2016-10-08,76.127,49.76,,,3.392000000000186,,4.659482479095459
2016-10-09,40.74,48.148,,,3.269499999998041,,22.425283432006836
2016-10-10,94.619,73.977,,,5.0662500000004735,,34.47858428955078
2016-10-11,51.047,68.727,,,4.507624999996365,,4.286739349365234
2016-10-12,110.22,86.69,,,6.261375000002755,,36.12705993652344
2016-10-13,31.259,58.977,,,3.9916249999958415,,0.0
2016-10-14,49.959,141.956,,,6.735875000002406,,24.088327407836914
2016-10-15,37.952,62.755,,,4.401499999999535,,7.720664978027344
2016-10-16,77.209,76.817,,,4.95912499999835,,32.15742492675781
2016-10-17,56.656,68.588,,,5.540000000001402,,5.142107963562012
2016-10-18,72.635,58.536,,,4.147125000000281,,29.75115966796875
2016-10-19,59.971,51.082,,,3.5611249999996244,,0.0
2016-10-20,61.186,58.299,,,3.935875000000185,,3.4383254051208496
2016-10-21,41.813,57.809,,,3.647999999999852,,5.645393371582031
2016-10-22,49.215,86.448,,,3.7120000000002222,,10.076001167297363
2016-10-23,33.329,35.13,,,3.4240000000001856,,20.42329978942871
2016-10-24,24.94,41.11,,,4.782312499979632,,0.12144041061401367
2016-10-25,33.144,104.821,,,17.135062500011365,,18.030101776123047
2016-10-26,48.54,66.09,,,6.487875000000763,,29.204925537109375
2016-10-27,128.011,76.482,,,6.00387499999296,,26.374927520751953
2016-10-28,94.017,65.151,,,10.919000000004882,,15.082621574401855
2016-10-29,82.493,113.136,,,5.738250000000787,,26.671024322509766
2016-10-30,37.782,52.551,,,4.720875000000581,,0.0
2016-10-31,42.208,51.743,,,4.425374999998387,,0.5110182762145996
2016-11-01,36.372,69.146,,,12.430437500003519,,23.70438575744629
2016-11-02,42.581,58.697,,,8.051812500001422,,6.8631792068481445
2016-11-03,30.735,54.253,,,5.864750000001018,,0.0
2016-11-04,29.164,49.85,,,4.821250000000233,,4.486554145812988
2016-11-05,26.563,43.564,,,4.3570000000004825,,1.5324853658676147
2016-11-06,63.165,57.202,,,4.348937499993425,,4.248373031616211
2016-11-07,57.101,74.096,,,9.431875000003284,,20.746334075927734
2016-11-08,35.927,66.768,,,6.67206249999268,,5.356832981109619
2016-11-09,43.262,61.838,,,9.674125000005342,,4.316582679748535
2016-11-10,38.407,54.143,,,4.949000000000211,,35.257286071777344
2016-11-11,26.292,48.35,,,4.657000000000211,,34.694122314453125
2016-11-12,25.329,44.403,,,4.374125000000095,,4.4489850997924805
2016-11-13,23.496,42.972,,,4.3523749999983865,,3.33052134513855
2016-11-14,33.765,96.619,,,5.718375000000552,,17.831274032592773
2016-11-15,34.676,70.13,,,5.428687499997779,,6.92840576171875
2016-11-16,61.537,100.764,,,6.880562500000219,,3.5451133251190186
2016-11-17,43.637,72.118,,,6.474750000000273,,25.6832332611084
2016-11-18,31.961,69.444,,,5.822874999996709,,0.0
2016-11-19,35.043,79.931,,,8.768187500001698,,45.45109558105469
2016-11-20,23.991,71.551,,,6.414437500001263,,4.235487937927246
2016-11-21,22.032,45.722,,,5.124625000000246,,0.0
2016-11-22,23.412,45.428,,,4.803000000000211,,0.0
2016-11-23,18.958,38.411,,,4.5110000000002115,,0.0
2016-11-24,48.196,57.581,,,4.219000000000211,,23.692384719848633
2016-11-25,49.669,91.285,,,3.9713749999997505,,11.81396770477295
2016-11-26,25.822,65.862,,,4.694624999999578,,2.028270959854126
2016-11-27,39.003,63.113,,,6.008624999999591,,36.487152099609375
2016-11-28,37.226,75.876,,,5.721750000001232,,23.018285751342773
2016-11-29,85.504,68.642,,,4.577124999998989,,16.649948120117188
2016-11-30,27.395,50.602,,,5.526999999999408,,2.341111421585083
2016-12-01,38.667,77.976,,,5.916625000000941,,22.585498809814453
2016-12-02,47.577,73.206,,,5.069875000000013,,7.746443748474121
2016-12-03,45.82,58.451,,,5.926624999999686,,20.879520416259766
2016-12-04,28.044,60.22,,,5.612375000000641,,5.67969274520874
2016-12-05,44.998,51.453,,,4.839500000000761,,10.51707935333252
2016-12-06,44.134,58.565,,,4.072999999999704,,5.62742280960083
2016-12-07,30.656,81.447,,,4.3376250000000525,,5.058229923248291
2016-12-08,45.412,75.347,,,4.2098750000002,,14.0388765335083
2016-12-09,58.156,60.947,,,4.036499999999662,,30.131328582763672
2016-12-10,27.281,74.478,,,4.513124999997818,,7.915472507476807
2016-12-11,62.078,64.641,,,5.967625000000799,,13.365129470825195
2016-12-12,36.483,39.767,,,4.711750000000781,,5.251483917236328
2016-12-13,58.156,60.947,,,3.9622499999998664,,10.207240104675293
2016-12-14,52.992,54.947,,,4.047875000000167,,10.939915657043457
2016-12-15,29.243,44.245,,,3.8160000000000833,,2.8479740619659424
2016-12-16,40.987,41.397,,,3.680000000000074,,18.77938461303711
2016-12-17,40.133,43.502,,,3.6159999999999997,,4.463878631591797
2016-12-18,37.224,60.28,,,3.5520000000000738,,0.5084405541419983
2016-12-19,36.537,31.426,,,3.773374999995626,,0.0
2016-12-20,37.527,38.145,,,7.081125000001592,,0.0
2016-12-21,31.617,60.477,,,4.969375000000911,,0.0
2016-12-22,37.651,52.333,,,4.0821250000000955,,2.2075440883636475
2016-12-23,33.989,55.124,,,3.936000000000074,,0.0
2016-12-24,33.859,61.123,,,3.9633749999995773,,0.0
2016-12-25,25.133,44.63,,,4.3376250000000525,,34.8688850402832
2016-12-26,28.143,39.213,,,4.219000000000085,,13.03728199005127
2016-12-27,30.895,63.727,,,4.073000000000085,,10.686384201049805
2016-12-28,30.157,33.056,,,3.936000000000074,,16.747882843017578
2016-12-29,18.136,27.665,,,3.808000000000074,,0.861087441444397
2016-12-30,79.291,32.213,,,3.7439999999999998,,11.76843547821045
2016-12-31,81.284,60.651,,,3.680000000000074,,19.299226760864258
2017-01-01,42.78,49.33,,,3.6159999999999997,,0.0
2017-01-02,46.238,31.963,,,3.5520000000000738,,15.139764785766602
2017-01-03,37.754,21.706,,,3.4879999999999995,,1.9920833110809326
2017-01-04,38.377,17.187,,,3.4959999999998983,,2.6111836433410645
2017-01-05,69.905,31.416,,,3.9916249999998636,,8.38965129852295
2017-01-06,39.094,21.707,,,3.8833750000003837,,1.1644620895385742
2017-01-07,41.262,30.82,,,3.5256249999990024,,6.904499053955078
2017-01-08,65.922,57.417,,,4.343250000000355,,38.28758239746094
2017-01-09,48.45,32.808,,,3.9371250000001865,,11.85901927947998
2017-01-10,51.258,34.71,,,3.5680000000001297,,14.72966194152832
2017-01-11,44.981,29.815,,,3.47999999999999,,0.21095001697540283
2017-01-12,39.904,41.187,,,3.4479999999997686,,0.0
2017-01-13,58.864,70.864,,,3.743874999998927,,0.0
2017-01-14,46.159,47.309,,,4.852000000000099,,20.105215072631836
2017-01-15,34.799,26.626,,,4.718499999998583,,0.5295349359512329
2017-01-16,40.265,32.631,,,5.663500000001656,,0.0
2017-01-17,54.112,38.191,,,3.940249999998901,,0.0
2017-01-18,40.389,45.621,,,4.7607500000005,,5.3121562004089355
2017-01-19,42.99,56.946,,,4.9164999999913315,,0.0
2017-01-20,34.766,54.399,,,8.947500000005796,,2.3698222637176514
2017-01-21,32.251,30.208,,,3.8171250000001957,,0.5797719955444336
2017-01-22,41.478,28.75,,,3.560000000000083,,0.0
2017-01-23,33.645,21.11,,,3.4879999999999995,,0.0
2017-01-24,35.037,25.564,,,3.424000000000074,,0.0
2017-01-25,22.204,26.694,,,3.3600000000000008,,0.0
2017-01-26,39.098,25.964,,,3.3600000000000008,,0.0
2017-01-27,55.812,61.196,,,3.296000000000074,,0.0
2017-01-28,62.957,28.335,,,3.232,,2.445927143096924
2017-01-29,64.703,29.868,,,3.232,,2.7515993118286133
2017-01-30,102.303,48.052,,,3.168000000000074,,53.28142166137695
2017-01-31,33.778,25.13,,,3.040000000000074,,0.0
2017-02-01,32.114,53.496,,,2.976,,27.667675018310547
2017-02-02,40.805,28.631,,,2.976,,15.513043403625488
2017-02-03,27.572,32.29,,,2.944000000000037,,0.0
2017-02-04,21.43,39.459,,,2.912000000000001,,0.0
2017-02-05,20.889,40.649,,,2.8800000000000376,,2.0236594676971436
2017-02-06,38.819,19.896,,,2.8480000000000003,,0.0
2017-02-07,26.76,14.66,,,2.8480000000000003,,0.0
2017-02-08,39.433,21.512,,,2.8160000000000367,,0.0
2017-02-09,22.194,24.235,,,2.7520000000000375,,10.99626636505127
2017-02-10,23.37,21.6,,,2.72,,0.0
2017-02-11,27.902,37.953,,,2.799999999998982,,0.0
2017-02-12,26.026,30.639,,,3.59200000000038,,29.791339874267578
2017-02-13,21.286,15.968,,,3.1680000000001853,,0.0
2017-02-14,32.756,14.096,,,2.912000000000185,,0.0
2017-02-15,24.579,12.153,,,2.751999999999704,,0.0
2017-02-16,31.037,15.353,,,3.0080000000001483,,2.9194223880767822
2017-02-17,24.069,24.432,,,2.879999999999704,,0.0
2017-02-18,17.826,20.092,,,3.016000000000195,,0.0
2017-02-19,20.614,21.073,,,2.8400000000001024,,0.0
2017-02-20,17.508,18.527,,,2.7280000000000095,,0.0
2017-02-21,26.235,14.654,,,2.713500000000083,,0.0
2017-02-22,32.877,14.432,,,2.6529999999996194,,17.202512741088867
2017-02-23,23.531,24.507,,,3.0344999999982387,,1.204559564590454
2017-02-24,19.788,44.149,,,4.563249999998815,,1.2246103286743164
2017-02-25,18.401,45.308,,,4.84575000000135,,13.434229850769043
2017-02-26,19.293,26.036,,,3.4320000000003428,,2.7016963958740234
2017-02-27,32.095,32.176,,,3.040000000000185,,0.0
2017-02-28,24.258,21.178,,,2.7920000000000837,,0.06216747313737869
2017-03-01,17.887,26.417,,,2.7439999999996947,,1.95218026638031
2017-03-02,24.901,16.748,,,2.9440000000002224,,1.5306127071380615
2017-03-03,18.931,17.055,,,2.6904999999998847,,5.112542629241943
2017-03-04,32.861,65.257,,,2.7695000000000576,,0.12161402404308319
2017-03-05,44.834,34.787,,,2.7359999999997964,,32.79819107055664
2017-03-06,25.871,40.61,,,2.9119999999998516,,11.918789863586426
2017-03-07,60.122,50.069,,,3.13362499999866,,25.312856674194336
2017-03-08,110.535,55.979,,,4.311250000000429,,30.781335830688477
2017-03-09,58.308,44.002,,,3.8251250000000936,,4.24297571182251
2017-03-10,95.542,39.699,,,3.680000000000074,,27.67478370666504
2017-03-11,36.872,52.495,,,3.701249999997433,,0.0
2017-03-12,40.588,56.356,,,5.268500000001827,,46.43543243408203
2017-03-13,27.276,38.847,,,3.8112499999988048,,0.0
2017-03-14,33.608,61.524,,,4.850999999996151,,0.6907292604446411
2017-03-15,47.135,84.561,,,7.198562499999871,,31.266220092773438
2017-03-16,27.068,61.412,,,6.4235625000005285,,1.8055164813995361
2017-03-17,22.238,43.993,,,5.053375000001331,,0.0
2017-03-18,26.618,41.676,,,3.688000000000231,,0.0
2017-03-19,23.41,38.333,,,3.4913749999992163,,8.100539207458496
2017-03-20,23.685,40.405,,,4.2075000000003095,,3.639216899871826
2017-03-21,15.854,39.905,,,3.75312500000027,,0.36918362975120544
2017-03-22,50.107,43.711,,,3.8457499999948155,,8.365758895874023
2017-03-23,109.087,97.033,,,7.402687500000064,,29.092365264892578
2017-03-24,41.382,76.682,,,6.437124999998795,,43.8178825378418
2017-03-25,35.397,77.478,,,9.961249999998463,,0.0
2017-03-26,115.87,167.072,,,10.114062500000452,,47.46455764770508
2017-03-27,36.263,99.664,,,8.496375000000379,,0.12204797565937042
2017-03-28,32.295,68.175,,,6.7581874999994875,,26.819347381591797
2017-03-29,56.24,89.436,,,6.545999999999435,,22.827327728271484
2017-03-30,45.047,107.234,,,7.043312499997672,,44.21100616455078
2017-03-31,66.624,175.382,,,10.290312499981523,,9.793572425842285
2017-04-01,66.716,148.875,,,28.941250000001645,,7.423895359039307
2017-04-02,22.205,113.484,,,22.12500000001337,,0.0
2017-04-03,31.309,72.754,,,8.076687500001889,,6.938953399658203
2017-04-04,26.071,53.463,,,5.828875000000724,,0.0
2017-04-05,27.592,41.977,,,4.876000000000465,,2.842651844024658
2017-04-06,40.242,37.089,,,4.374125000000095,,0.0
2017-04-07,67.654,44.295,,,4.237249999999852,,10.94274616241455
2017-04-08,37.117,43.256,,,4.192750000000334,,21.040740966796875
2017-04-09,89.784,50.176,,,5.345875000000027,,23.299264907836914
2017-04-10,66.312,42.966,,,4.686500000000076,,0.0
2017-04-11,61.28,45.619,,,6.696999999998998,,5.101851463317871
2017-04-12,67.155,60.271,,,6.2222500000016,,3.4812216758728027
2017-04-13,31.526,47.083,,,4.529250000000401,,12.48393726348877
2017-04-14,44.011,61.19,,,5.421375000000036,,34.8759651184082
2017-04-15,28.283,35.398,,,4.895250000000698,,0.0
2017-04-16,31.686,35.701,,,4.127749999999894,,8.177713394165039
2017-04-17,41.569,57.074,,,4.218999999999831,,16.086101531982422
2017-04-18,39.912,43.81,,,4.4583749999977975,,1.1069023609161377
2017-04-19,57.391,41.755,,,5.985875000001284,,20.898723602294922
2017-04-20,39.97,48.821,,,4.6113750000003275,,7.185978889465332
2017-04-21,49.878,30.804,,,4.228125000000095,,19.311864852905273
2017-04-22,37.848,32.955,,,4.073000000000085,,0.0
2017-04-23,26.29,34.987,,,3.936000000000074,,0.0
2017-04-24,24.659,25.946,,,3.744000000000148,,25.671676635742188
2017-04-25,104.4,52.705,,,4.311499999990405,,0.6956642866134644
2017-04-26,87.685,69.948,,,10.444125000006181,,14.655548095703125
2017-04-27,33.033,44.87,,,4.522250000000393,,0.0
2017-04-28,23.303,34.259,,,4.0821250000000955,,0.0
2017-04-29,24.981,31.563,,,3.936000000000074,,0.2821471393108368
2017-04-30,35.937,34.954,,,3.808000000000074,,15.288736343383789
2017-05-01,43.681,66.908,,,3.7952499999986067,,13.348010063171387
2017-05-02,64.212,64.983,,,5.171375000000384,,35.9996337890625
2017-05-03,32.669,55.409,,,4.675250000000232,,24.003589630126953
2017-05-04,35.556,62.906,,,4.374125000000095,,2.265749454498291
2017-05-05,40.664,91.584,,,4.264624999999504,,44.400672912597656
2017-05-06,110.715,127.441,,,8.841125000001455,,39.963478088378906
2017-05-07,68.135,131.505,,,9.152249999980569,,0.45178690552711487
2017-05-08,88.248,153.215,,,26.158250000005157,,30.01778221130371
2017-05-09,44.11,130.845,,,19.69812500000283,,24.696496963500977
2017-05-10,49.41,158.986,,,16.185625000001743,,6.021123886108398
2017-05-11,75.756,125.661,,,13.886062500000943,,45.210792541503906
2017-05-12,55.835,136.732,,,11.963062500001996,,11.970568656921387
2017-05-13,68.544,96.38,,,9.619500000000714,,0.971571147441864
2017-05-14,34.31,76.09,,,8.858812500000269,,9.125410079956055
2017-05-15,39.109,107.116,,,8.787937499996444,,31.532323837280273
2017-05-16,66.381,121.261,,,10.997312500002934,,21.290721893310547
2017-05-17,72.533,91.636,,,8.480624999993577,,10.978569030761719
2017-05-18,242.966,124.056,,,12.25737500000413,,13.902414321899414
2017-05-19,99.771,96.937,,,8.053375000001084,,8.603950500488281
2017-05-20,75.223,149.928,,,6.622187500000823,,32.01456832885742
2017-05-21,99.304,106.985,,,5.636500000000457,,16.365854263305664
2017-05-22,61.953,75.747,,,4.967250000000274,,15.968801498413086
2017-05-23,39.446,54.876,,,4.647875000000201,,3.2209084033966064
2017-05-24,33.517,48.019,,,4.374125000000095,,0.0
2017-05-25,32.796,45.183,,,4.219000000000085,,1.8188060522079468
2017-05-26,34.862,39.971,,,4.145999999999155,,0.0
2017-05-27,45.528,43.064,,,4.9398750000002005,,19.17305564880371
2017-05-28,36.134,35.952,,,4.657000000000211,,0.43810445070266724
2017-05-29,44.488,43.99,,,4.328499999999831,,24.843008041381836
2017-05-30,69.092,119.986,,,4.638749999999768,,24.659700393676758
2017-05-31,51.474,74.237,,,4.730000000000042,,12.333539009094238
2017-06-01,83.864,70.531,,,4.574875000000159,,7.116224765777588
2017-06-02,65.582,76.087,,,4.355875000000201,,6.735792636871338
2017-06-03,39.434,33.836,,,4.155125000000011,,0.0
2017-06-04,54.468,33.159,,,4.10949999999962,,8.646648406982422
2017-06-05,40.984,33.629,,,4.392375000000243,,14.035443305969238
2017-06-06,28.409,28.594,,,4.224624999998281,,0.0
2017-06-07,35.537,57.358,,,5.572375000000594,,28.364877700805664
2017-06-08,42.706,67.197,,,5.201187499997,,36.77872848510742
2017-06-09,30.006,71.733,,,6.796437500001716,,4.841233730316162
2017-06-10,27.045,46.652,,,5.113250000000866,,0.0
2017-06-11,30.668,77.53,,,4.300999999997942,,20.78921127319336
2017-06-12,97.688,97.391,,,5.632500000001129,,17.068954467773438
2017-06-13,63.776,61.036,,,4.501874999999609,,10.275548934936523
2017-06-14,45.776,51.224,,,4.866874999999651,,13.429336547851562
2017-06-15,216.327,96.718,,,6.493187500000168,,18.312335968017578
2017-06-16,46.225,80.33,,,5.796374999998248,,0.0
2017-06-17,80.01,82.604,,,7.2711875000008135,,18.050933837890625
2017-06-18,83.968,86.783,,,6.3722499999994415,,15.10472583770752
2017-06-19,97.198,100.642,,,6.587500000000925,,31.36977195739746
2017-06-20,46.049,58.597,,,5.500875000000343,,5.800368309020996
2017-06-21,40.526,48.615,,,5.095000000000212,,21.153400421142578
2017-06-22,36.044,69.098,,,4.888499999999123,,0.0
2017-06-23,42.067,54.795,,,5.547500000000397,,9.54434585571289
2017-06-24,47.577,39.187,,,5.104125000000096,,0.0
2017-06-25,47.601,54.515,,,4.949000000000084,,8.542280197143555
2017-06-26,120.65,83.109,,,5.066749999996727,,33.08115768432617
2017-06-27,105.054,131.646,,,7.328624999998681,,25.588817596435547
2017-06-28,91.108,110.559,,,7.30375000000242,,5.4774699211120605
2017-06-29,48.422,55.675,,,5.060750000000172,,3.599771499633789
2017-06-30,75.533,101.91,,,4.803000000000211,,25.101520538330078
2017-07-01,41.59,52.262,,,4.520125000000095,,0.7916681170463562
2017-07-02,35.677,44.341,,,4.365000000000085,,4.20328426361084
2017-07-03,47.805,39.402,,,4.2828749999992715,,5.874650478363037
2017-07-04,33.111,43.138,,,5.031125000000011,,6.831510066986084
2017-07-05,33.068,35.894,,,4.949000000000084,,1.391729712486267
2017-07-06,32.946,35.235,,,4.784750000000318,,5.595649719238281
2017-07-07,35.057,29.371,,,4.237250000000274,,5.035772800445557
2017-07-08,31.781,31.171,,,3.8971249999998285,,5.100644111633301
2017-07-09,30.388,38.256,,,4.039875000000157,,4.699778079986572
2017-07-10,32.334,26.725,,,3.8160000000000833,,0.2573219835758209
2017-07-11,23.1,28.212,,,3.680000000000074,,11.951278686523438
2017-07-12,24.292,22.819,,,3.5759999999997687,,9.228436470031738
2017-07-13,31.922,25.435,,,3.72000000000012,,0.0
2017-07-14,23.472,43.754,,,3.5759999999997687,,0.0
2017-07-15,83.948,48.857,,,3.784000000000046,,8.930495262145996
2017-07-16,91.821,36.725,,,3.7439999999999998,,3.891200304031372
2017-07-17,54.83,34.459,,,3.69599999999987,,25.898916244506836
2017-07-18,45.135,88.998,,,3.853624999999271,,4.640913963317871
2017-07-19,41.154,45.591,,,4.265625000000091,,23.152896881103516
2017-07-20,112.063,65.492,,,4.18362500000017,,9.822700500488281
2017-07-21,43.59,35.675,,,3.9451250000000844,,0.0
2017-07-22,31.632,23.417,,,3.808000000000074,,0.0
2017-07-23,34.373,23.584,,,3.680000000000074,,3.6847052574157715
2017-07-24,30.995,16.854,,,3.6159999999999997,,0.0
2017-07-25,47.378,19.035,,,3.5520000000000738,,2.7556838989257812
2017-07-26,39.528,21.263,,,3.4879999999999995,,1.0493816137313843
2017-07-27,28.603,21.962,,,3.4879999999999995,,0.0
2017-07-28,27.901,15.447,,,3.424000000000074,,0.056152474135160446
2017-07-29,29.608,15.763,,,3.6159999999997035,,0.0
2017-07-30,29.111,18.746,,,3.73600000000025,,10.296801567077637
2017-07-31,27.982,15.33,,,3.3680000000001575,,2.3001532554626465
2017-08-01,42.161,19.987,,,3.200000000000037,,0.0
2017-08-02,31.267,20.448,,,3.136000000000037,,0.0
2017-08-03,35.773,20.519,,,3.1519999999993886,,2.8461310863494873
2017-08-04,84.221,51.374,,,3.7600000000000184,,43.437644958496094
2017-08-05,30.137,14.956,,,3.680000000000074,,11.871686935424805
2017-08-06,27.736,20.681,,,3.4880000000001483,,0.4379122257232666
2017-08-07,58.306,35.836,,,3.296000000000074,,17.611928939819336
2017-08-08,73.356,35.539,,,3.289124999999273,,17.93741798400879
2017-08-09,58.415,36.553,,,4.127624999998596,,16.56329345703125
2017-08-10,26.771,58.311,,,4.889249999998802,,2.66646409034729
2017-08-11,72.458,67.66,,,5.066625000000675,,18.718896865844727
2017-08-12,78.552,92.685,,,4.399125000000822,,33.19792938232422
2017-08-13,35.859,29.989,,,3.4742500000001324,,1.3553317785263062
2017-08-14,39.104,27.859,,,3.3520000000001025,,0.0
2017-08-15,42.957,48.813,,,3.2279999999997915,,13.563191413879395
2017-08-16,31.657,33.157,,,3.4000000000001025,,12.625150680541992
2017-08-17,51.45,26.317,,,3.2680000000000415,,0.9452522397041321
2017-08-18,62.781,31.228,,,3.200000000000037,,9.090681076049805
2017-08-19,39.763,47.99,,,3.136000000000037,,20.321208953857422
2017-08-20,49.811,29.621,,,3.127999999999694,,3.783139705657959
2017-08-21,50.09,23.464,,,3.3280000000002223,,9.409900665283203
2017-08-22,45.425,21.155,,,3.0800000000000463,,0.0
2017-08-23,30.093,16.39,,,3.008000000000037,,17.115997314453125
2017-08-24,40.759,26.291,,,3.0159999999994906,,7.70728063583374
2017-08-25,36.512,17.206,,,3.598749999998923,,0.0
2017-08-26,34.768,57.041,,,4.3352500000006104,,9.411489486694336
2017-08-27,47.56,76.979,,,3.6240000000002683,,30.47757339477539
2017-08-28,50.19,32.74,,,3.3976249999988912,,15.4644193649292
2017-08-29,47.701,68.201,,,4.389999999999649,,11.982091903686523
2017-08-30,60.306,37.381,,,4.312375000000732,,14.5817289352417
2017-08-31,46.041,34.48,,,3.560000000000194,,0.06569086760282516
2017-09-01,47.685,23.63,,,3.336000000000047,,0.0
2017-09-02,45.835,31.389,,,3.2560000000001392,,8.319536209106445
2017-09-03,31.637,24.247,,,3.140000000000023,,0.8698612451553345
2017-09-04,37.875,32.586,,,3.1913749999989434,,0.0
2017-09-05,46.063,70.092,,,4.272500000000104,,29.599878311157227
2017-09-06,66.607,53.575,,,4.0821250000000955,,15.501887321472168
2017-09-07,50.639,49.742,,,3.9531249999998557,,22.076095581054688
2017-09-08,77.48,50.058,,,4.429999999999527,,6.92919921875
2017-09-09,74.747,65.538,,,4.826874999998809,,18.691566467285156
2017-09-10,66.981,64.987,,,5.481125000001418,,39.39990234375
2017-09-11,56.239,59.105,,,3.9998750000001477,,12.30009651184082
2017-09-12,77.49,79.289,,,5.779062499999753,,21.591625213623047
2017-09-13,55.826,80.758,,,6.183937500000664,,38.62131881713867
2017-09-14,41.487,65.208,,,4.995499999998661,,0.20956043899059296
2017-09-15,77.234,78.918,,,5.69637500000057,,39.47709274291992
2017-09-16,113.284,128.116,,,5.514374999996224,,15.974520683288574
2017-09-17,182.596,99.896,,,7.992000000003517,,20.93436050415039
2017-09-18,38.618,47.975,,,4.303250000000462,,0.0
2017-09-19,85.031,48.299,,,3.880000000000009,,24.811107635498047
2017-09-20,59.641,78.089,,,3.808000000000074,,16.73650360107422
2017-09-21,32.019,41.689,,,3.680000000000074,,0.18132814764976501
2017-09-22,43.576,57.321,,,3.949374999995756,,0.5332176089286804
2017-09-23,82.471,82.456,,,6.716500000002764,,32.892784118652344
2017-09-24,31.131,43.846,,,3.946125000000345,,0.12546619772911072
2017-09-25,28.926,29.813,,,3.560000000000083,,8.417016983032227
2017-09-26,33.499,32.745,,,3.424000000000074,,14.609270095825195
2017-09-27,28.926,29.813,,,3.3280000000000376,,0.0
2017-09-28,43.767,25.052,,,3.264000000000037,,15.891972541809082
2017-09-29,96.429,43.045,,,3.359999999999852,,5.961863994598389
2017-09-30,65.091,63.184,,,3.585999999998012,,24.695377349853516
2017-10-01,47.271,46.491,,,5.234874999999809,,3.258119583129883
2017-10-02,67.021,69.269,,,5.199312499997767,,23.361629486083984
2017-10-03,72.094,75.198,,,6.144499999999224,,22.729801177978516
2017-10-04,80.872,57.977,,,5.726812500001323,,27.540252685546875
2017-10-05,41.187,64.842,,,4.83949999999979,,19.93731689453125
2017-10-06,45.253,54.651,,,4.866875000000285,,16.77202033996582
2017-10-07,30.551,42.118,,,4.5110000000002115,,0.6388737559318542
2017-10-08,30.736,42.16,,,4.173374999999947,,0.11261093616485596
2017-10-09,38.042,32.882,,,4.200750000000062,,21.377643585205078
2017-10-10,41.158,37.855,,,4.073000000000085,,7.931088447570801
2017-10-11,104.585,45.879,,,3.936000000000074,,21.069515228271484
2017-10-12,34.008,65.287,,,3.808000000000074,,0.0
2017-10-13,40.252,44.033,,,3.712000000000037,,8.874344825744629
2017-10-14,44.122,47.874,,,3.648000000000037,,3.8296408653259277
2017-10-15,30.464,32.395,,,3.6159999999999997,,2.9901957511901855
2017-10-16,30.095,22.981,,,3.5520000000000738,,0.16903932392597198
2017-10-17,35.995,17.879,,,3.4800000000001017,,0.0
2017-10-18,33.96,21.595,,,3.36800000000001,,6.64675760269165
2017-10-19,37.543,20.391,,,3.3679999999998986,,13.871813774108887
2017-10-20,65.42,41.454,,,3.4239999999999635,,4.952803134918213
2017-10-21,38.959,35.947,,,3.4720000000000923,,10.845377922058105
2017-10-22,44.984,25.332,,,3.36800000000001,,14.232393264770508
2017-10-23,36.075,23.187,,,3.3600000000000008,,0.6864863634109497
2017-10-24,39.086,19.371,,,3.296000000000074,,13.158050537109375
2017-10-25,39.46,14.631,,,3.2479999999997964,,5.8251447677612305
2017-10-26,137.758,58.517,,,4.087250000000181,,26.81854820251465
2017-10-27,63.208,36.74,,,3.688874999998685,,0.0
2017-10-28,48.492,62.63,,,5.3789999999924065,,45.90180587768555
2017-10-29,39.551,35.046,,,8.786500000005413,,10.361139297485352
2017-10-30,38.357,30.112,,,3.980499999999888,,0.0
2017-10-31,62.468,48.522,,,4.047875000000167,,1.5863513946533203
2017-11-01,94.587,37.855,,,3.8160000000000833,,10.72296142578125
2017-11-02,48.11,30.213,,,3.680000000000074,,0.09031698107719421
2017-11-03,90.212,56.637,,,3.7264999999978525,,20.578113555908203
2017-11-04,104.963,99.825,,,5.312250000000929,,30.019390106201172
2017-11-05,57.743,38.294,,,4.365000000000338,,5.136412620544434
2017-11-06,43.482,29.924,,,3.9382500000002993,,0.20236459374427795
2017-11-07,40.986,24.446,,,6.927375000000853,,5.911230564117432
2017-11-08,64.461,31.552,,,4.525625000000719,,20.106693267822266
2017-11-09,67.722,23.035,,,3.912000000000046,,19.026275634765625
2017-11-10,50.338,43.601,,,3.8422499999996376,,3.4413700103759766
2017-11-11,37.166,29.905,,,4.039750000000305,,0.9039800763130188
2017-11-12,42.225,23.977,,,3.688000000000083,,0.0
2017-11-13,46.636,24.479,,,3.559999999999972,,26.132213592529297
2017-11-14,86.933,31.615,,,3.623999999999787,,42.41145706176758
2017-11-15,134.086,72.539,,,3.751999999999824,,28.843420028686523
2017-11-16,127.9,66.457,,,3.912000000000046,,56.4682502746582
2017-11-17,98.184,59.293,,,4.075562499996667,,19.661739349365234
2017-11-18,102.457,95.011,,,7.497281250000594,,21.962705612182617
2017-11-19,127.054,89.477,,,6.226781250001184,,5.021704196929932
2017-11-20,67.09,52.618,,,5.012875000000411,,0.0
2017-11-21,54.191,35.818,,,4.65700000000017,,0.0
2017-11-22,68.967,45.003,,,4.374125000000221,,0.0
2017-11-23,47.183,45.826,,,4.237249999999809,,3.962193727493286
2017-11-24,60.863,30.653,,,4.273750000000274,,31.476242065429688
2017-11-25,50.333,38.151,,,3.9451250000000844,,11.517486572265625
2017-11-26,34.788,31.233,,,3.808000000000074,,0.4142964780330658
2017-11-27,54.25,24.921,,,3.7439999999999998,,21.047094345092773
2017-11-28,48.833,31.978,,,3.680000000000074,,4.782598972320557
2017-11-29,43.597,24.557,,,3.5520000000000738,,1.1206209659576416
2017-11-30,59.822,22.72,,,3.4879999999999995,,10.397198677062988
2017-12-01,47.632,24.872,,,3.424000000000074,,8.622321128845215
2017-12-02,55.189,31.582,,,3.3919999999995936,,18.36821937561035
2017-12-03,51.398,30.013,,,3.7760000000000367,,0.0
2017-12-04,41.562,41.621,,,3.8157499999983457,,0.0
2017-12-05,99.553,40.566,,,4.941875000001074,,0.5264323949813843
2017-12-06,48.762,19.634,,,3.771375000000291,,0.0
2017-12-07,54.689,26.18,,,3.496000000000009,,0.3925911784172058
2017-12-08,94.744,40.954,,,4.4214999999873745,,17.783206939697266
2017-12-09,154.4,99.501,,,13.452000000006803,,30.639968872070312
2017-12-10,54.086,59.288,,,6.2161250000014245,,16.628450393676758
2017-12-11,73.686,45.653,,,4.916999999999013,,0.9819353222846985
2017-12-12,92.679,73.701,,,5.1995000000007545,,5.810921669006348
2017-12-13,63.106,53.019,,,4.4836250000003055,,4.186629295349121
2017-12-14,40.916,28.141,,,4.109499999999873,,0.0
2017-12-15,38.146,27.892,,,4.127750000000148,,0.0
2017-12-16,40.943,26.379,,,3.936000000000074,,0.0
2017-12-17,40.364,18.872,,,3.808000000000074,,0.0
2017-12-18,43.188,16.781,,,3.736000000000102,,0.0
2017-12-19,37.985,17.359,,,3.624000000000009,,0.0
2017-12-20,42.958,19.432,,,3.608000000000102,,0.0
2017-12-21,34.38,17.165,,,3.496000000000009,,0.0
2017-12-22,37.281,19.904,,,3.4879999999999995,,0.09481672197580338
2017-12-23,33.572,20.891,,,3.4879999999999995,,0.0
2017-12-24,27.604,22.025,,,3.424000000000074,,0.5962610244750977
2017-12-25,30.454,25.16,,,3.3600000000000008,,2.1269538402557373
2017-12-26,39.282,20.009,,,3.296000000000074,,1.9989585876464844
2017-12-27,39.024,43.095,,,3.239999999999898,,6.616784572601318
2017-12-28,60.543,25.305,,,3.3542499999992215,,8.202657699584961
2017-12-29,68.584,31.229,,,4.135625000000226,,31.898061752319336
2017-12-30,43.3,26.993,,,3.8171250000001957,,2.9393038749694824
2017-12-31,46.726,27.766,,,3.722249999999499,,0.0
2018-01-01,42.5,26.998,,,4.159625000000364,,1.26155686378479
2018-01-02,40.84,37.173,,,3.705125000000103,,33.43315887451172
2018-01-03,51.25,46.312,,,3.6752499999985053,,17.815452575683594
2018-01-04,62.5,58.925,,,4.6067500000007024,,27.475128173828125
2018-01-05,81.68,43.379,,,3.8240000000000185,,11.871038436889648
2018-01-06,34.05,34.553,,,3.8262499999996193,,10.879462242126465
2018-01-07,29.4,22.559,,,4.103750000000231,,0.6134651303291321
2018-01-08,33.1,15.423,,,3.859374999999531,,1.1857459545135498
2018-01-09,48.77,49.901,,,4.714000000000109,,35.44553756713867
2018-01-10,53.67,52.672,,,4.272499999999465,,0.46255165338516235
2018-01-11,66.33,51.104,,,4.566875000000572,,9.630363464355469
2018-01-12,38.53,41.962,,,3.946250000000197,,19.850923538208008
2018-01-13,26.73,29.958,,,3.6800000000001853,,0.11767168343067169
2018-01-14,36.71,27.046,,,3.5119999999998055,,6.3431501388549805
2018-01-15,33.72,26.54,,,3.706249999999517,,11.153621673583984
2018-01-16,27.12,23.068,,,4.386624999999898,,0.0
2018-01-17,72.46,67.938,,,4.374125000000095,,30.549331665039062
2018-01-18,41.11,56.621,,,4.282875000000116,,0.7390993237495422
2018-01-19,45.7,44.863,,,4.074125000000197,,4.182174205780029
2018-01-20,53.65,44.679,,,3.8080000000001855,,0.31728318333625793
2018-01-21,41.55,34.974,,,3.560000000000083,,6.12939977645874
2018-01-22,30.24,19.512,,,3.424000000000074,,4.062619209289551
2018-01-23,37.46,20.945,,,3.3600000000000008,,1.1065056324005127
2018-01-24,34.85,26.037,,,3.296000000000074,,0.27303728461265564
2018-01-25,27.54,19.292,,,3.232,,0.12499543279409409
2018-01-26,40.16,18.582,,,3.232,,8.341131210327148
2018-01-27,36.14,22.76,,,3.2639999999995926,,0.0
2018-01-28,34.42,32.317,,,3.624000000000342,,24.947921752929688
2018-01-29,21.79,31.695,,,3.2560000000000278,,0.0
2018-01-30,63.47,36.121,,,3.232,,2.227522373199463
2018-01-31,32.15,17.412,,,3.2240000000001023,,0.5865200757980347
2018-02-01,22.82,19.176,,,3.1120000000000094,,0.9842557907104492
2018-02-02,34.82,18.956,,,3.127999999999694,,6.5518598556518555
2018-02-03,42.99,31.946,,,3.3920000000001487,,14.271533012390137
2018-02-04,34.85,20.446,,,3.176000000000083,,0.048468805849552155
2018-02-05,29.89,15.646,,,3.040000000000074,,4.410099983215332
2018-02-06,27.51,19.52,,,2.9120000000000745,,5.70345401763916
2018-02-07,28.76,16.674,,,2.8480000000000003,,0.0
2018-02-08,24.53,13.423,,,2.8480000000000003,,0.0
2018-02-09,24.87,12.082,,,2.7840000000000744,,0.0
2018-02-10,28.58,18.398,,,2.66800000000006,,0.0
2018-02-11,33.89,39.078,,,3.451687499999482,,0.0
2018-02-12,49.35,44.678,,,3.710812500000221,,1.8457733392715454
2018-02-13,44.25,18.409,,,3.352000000000361,,0.0
2018-02-14,30.97,10.452,,,2.9920000000000186,,0.0
2018-02-15,31.84,14.09,,,2.9120000000000745,,1.2257380485534668
2018-02-16,34.35,14.103,,,2.8480000000000003,,13.443224906921387
2018-02-17,35.18,26.607,,,2.7840000000000744,,12.355708122253418
2018-02-18,37.99,14.098,,,2.72,,13.191128730773926
2018-02-19,32.5,18.435,,,2.66800000000006,,10.884261131286621
2018-02-20,26.25,18.413,,,2.6159999999999997,,3.425448179244995
2018-02-21,18.72,9.277,,,2.6159999999999997,,0.0
2018-02-22,30.27,19.924,,,2.6224999999999175,,0.0
2018-02-23,34.69,32.263,,,2.777499999999178,,0.0
2018-02-24,27.66,28.293,,,3.600000000000204,,2.394456624984741
2018-02-25,28.41,28.953,,,3.304000000000195,,0.0
2018-02-26,91.81,23.025,,,3.040000000000185,,0.0
2018-02-27,33.45,14.316,,,2.8560000000000096,,0.0
2018-02-28,29.43,14.333,,,2.8480000000000003,,0.0
2018-03-01,19.02,10.699,,,2.7840000000000744,,0.0
2018-03-02,27.57,17.811,,,2.6744999999999775,,0.3700328469276428
2018-03-03,29.66,19.881,,,2.7214999999998906,,2.8178367614746094
2018-03-04,33.73,18.042,,,2.839999999999991,,1.3855655193328857
2018-03-05,39.97,33.402,,,2.732000000000134,,0.0
2018-03-06,84.04,24.463,,,2.6159999999999997,,1.9555953741073608
2018-03-07,28.42,26.699,,,2.6159999999999997,,0.0
2018-03-08,108.54,16.322,,,2.6159999999999997,,12.069480895996094
2018-03-09,26.99,21.869,,,2.226,,1.2002687454223633
2018-03-10,25.08,22.883,,,1.88475,,0.0
2018-03-11,29.44,16.986,,,1.836,,0.0
2018-03-12,32.24,16.98,,,1.7850833333333334,,0.0
2018-03-13,28.8,33.908,,,1.784,,0.3324102759361267
2018-03-14,31.02,30.068,,,1.8869166666666666,,0.4627564549446106
2018-03-15,17.92,35.815,,,2.0385833333333334,,9.517135620117188
2018-03-16,33.7,35.863,,,1.9443333333333332,,3.400940418243408
2018-03-17,37.81,18.739,,,1.9248333333333334,,2.433542251586914
2018-03-18,67.54,36.179,,,2.5649583333333332,,18.908191680908203
2018-03-19,32.35,26.357,,,2.577583333333333,,7.092124938964844
2018-03-20,46.22,29.755,,,2.471791666666667,,12.817645072937012
2018-03-21,22.68,47.872,,,2.772,,13.129260063171387
2018-03-22,50.52,22.25,,,2.1588333333333334,,9.543180465698242
2018-03-23,32.65,59.039,,,2.784,,7.972630977630615
2018-03-24,30.81,36.941,,,3.0634166666666665,,10.457742691040039
2018-03-25,82.95,42.692,,,2.434,,5.885983467102051
2018-03-26,27.83,25.552,,,2.2325000000000004,,7.395323753356934
2018-03-27,29.05,20.431,,,2.1285,,3.374676465988159
2018-03-28,46.97,20.759,,,2.0873333333333335,,2.495129108428955
2018-03-29,34.67,28.162,,,2.213,,21.87820053100586
2018-03-30,27.43,22.28,,,2.689625,,4.3114213943481445
2018-03-31,107.77,42.344,,,3.6496041666666668,,8.361610412597656
2018-04-01,74.31,41.494,,,4.696854166666666,,34.763587951660156
2018-04-02,48.43,56.419,,,4.738583333333334,,19.36126708984375
2018-04-03,36.82,44.117,,,4.043916666666667,,11.509123802185059
2018-04-04,43.1,48.723,,,3.8782083333333333,,16.428451538085938
2018-04-05,52.23,54.993,,,3.8629583333333333,,18.72572898864746
2018-04-06,41.13,82.292,,,8.387458333333333,,24.7034854888916
2018-04-07,24.2,54.22,,,4.3112916666666665,,0.0
2018-04-08,31.59,47.179,,,4.041375,,0.6586374044418335
2018-04-09,46.37,71.078,,,3.3466666666666667,,6.1124677658081055
2018-04-10,47.29,64.096,,,3.7362291666666665,,32.080970764160156
2018-04-11,55.18,60.362,,,6.685458333333333,,8.675076484680176
2018-04-12,40.37,85.281,,,7.561,,12.218896865844727
2018-04-13,38.69,88.194,,,11.424270833333333,,16.647563934326172
2018-04-14,34.1,61.364,,,5.3183125,,16.730388641357422
2018-04-15,12.7,40.716,,,4.2710625,,0.2851625680923462
2018-04-16,37.37,45.545,,,3.8253333333333335,,4.392878532409668
2018-04-17,23.57,33.305,,,3.544,,0.5357287526130676
2018-04-18,22.92,32.95,,,3.397333333333334,,3.4959423542022705
2018-04-19,53.38,58.006,,,4.8286875,,6.523794651031494
2018-04-20,15.84,28.785,,,3.3746666666666667,,15.825128555297852
2018-04-21,21.28,21.759,,,3.1586666666666665,,0.0
2018-04-22,49.88,45.54,,,3.030666666666667,,15.605792045593262
2018-04-23,51.56,32.589,,,2.997333333333333,,7.802581787109375
2018-04-24,50.21,37.589,,,2.8480000000000008,,20.040241241455078
2018-04-25,100.05,88.272,,,2.9066666666666667,,21.123912811279297
2018-04-26,40.84,54.647,,,3.2546666666666666,,30.909732818603516
2018-04-27,157.81,122.461,,,6.283645833333333,,27.959636688232422
2018-04-28,66.8,116.778,,,9.137041666666667,,23.54559898376465
2018-04-29,68.63,120.785,,,13.317989583333333,,28.5718936920166
2018-04-30,34.56,75.302,,,8.17796875,,0.0
2018-05-01,60.33,69.716,,,4.6159375,,6.682476997375488
2018-05-02,101.84,64.276,,,4.7163125,,13.500335693359375
2018-05-03,54.73,58.557,,,4.115479166666667,,14.951698303222656
2018-05-04,49.27,88.286,,,10.9275,,21.589332580566406
2018-05-05,53.08,65.115,,,6.354770833333333,,16.487117767333984
2018-05-06,43.91,71.324,,,4.6341875,,17.704179763793945
2018-05-07,94.14,89.578,,,6.78703125,,52.8475227355957
2018-05-08,99.51,137.975,,,13.234979166666667,,11.702433586120605
2018-05-09,105.08,145.174,,,22.917572916666668,,8.018644332885742
2018-05-10,79.83,146.86,,,20.968635416666668,,6.494734287261963
2018-05-11,39.79,73.834,,,11.606927083333334,,28.604934692382812
2018-05-12,24.67,92.657,,,9.102072916666666,,0.0
2018-05-13,52.67,124.066,,,17.224239583333333,,32.035728454589844
2018-05-14,150.64,156.239,,,19.0315625,,22.902297973632812
2018-05-15,87.98,157.484,,,20.8348125,,16.870281219482422
2018-05-16,57.08,108.053,,,16.4329375,,16.70310401916504
2018-05-17,85.07,108.424,,,11.871041666666667,,17.238264083862305
2018-05-18,87.96,121.714,,,9.6481875,,19.294620513916016
2018-05-19,98.05,187.324,,,16.854125,,19.292285919189453
2018-05-20,104.32,175.856,,,25.419697916666667,,25.203763961791992
2018-05-21,65.86,164.254,,,24.175614583333335,,18.04448890686035
2018-05-22,37.45,119.044,,,11.198791666666667,,18.744190216064453
2018-05-23,77.65,106.484,,,11.049979166666667,,30.0516414642334
2018-05-24,39.69,73.65,,,8.273958333333333,,0.0
2018-05-25,28.34,67.222,,,7.21625,,34.16486740112305
2018-05-26,46.01,60.754,,,6.327833333333333,,29.9636287689209
2018-05-27,46.63,189.392,,,9.9801875,,8.508816719055176
2018-05-28,55.12,163.694,,,14.0295,,37.960697174072266
2018-05-29,29.98,89.285,,,7.610270833333334,,1.178881287574768
2018-05-30,43.58,75.806,,,6.41325,,22.362070083618164
2018-05-31,26.01,62.14,,,6.435458333333333,,12.834233283996582
2018-06-01,90.14,104.81,,,5.916125,,17.559396743774414
2018-06-02,98.98,97.769,,,7.539958333333334,,23.91375160217285
2018-06-03,55.16,111.668,,,18.465614583333334,,24.316150665283203
2018-06-04,35.12,84.1,,,6.894364583333333,,2.7128589153289795
2018-06-05,31.21,50.37,,,5.67825,,0.40574151277542114
2018-06-06,17.67,47.313,,,5.202979166666666,,1.827993631362915
2018-06-07,29.41,52.297,,,4.8988125,,0.06796098500490189
2018-06-08,34.16,45.995,,,4.660041666666667,,1.4139560461044312
2018-06-09,32.66,38.75,,,4.399979166666666,,0.04960188642144203
2018-06-10,37.62,38.875,,,4.197708333333333,,5.286563873291016
2018-06-11,47.57,73.714,,,4.1049375,,3.7455458641052246
2018-06-12,17.04,54.89,,,5.568750000000887,,12.468622207641602
2018-06-13,23.85,39.376,,,4.60225000000019,,0.6978586912155151
2018-06-14,29.37,51.534,,,4.365000000000085,,16.809659957885742
2018-06-15,28.74,41.438,,,4.219000000000085,,0.08286102861166
2018-06-16,24.66,36.065,,,4.146,,2.5352401733398438
2018-06-17,27.1,39.239,,,4.073000000000085,,4.248244762420654
2018-06-18,24.51,31.911,,,3.936000000000074,,0.1834426373243332
2018-06-19,30.77,29.532,,,3.864000000000102,,3.2714385986328125
2018-06-20,25.94,39.217,,,3.7599999999999074,,0.46849489212036133
2018-06-21,25.47,46.093,,,3.8433749999995124,,0.0
2018-06-22,36.89,42.363,,,4.0956250000004815,,5.733685493469238
2018-06-23,37.41,62.977,,,3.887874999999828,,12.065969467163086
2018-06-24,67.67,89.896,,,3.9622499999998664,,20.61155128479004
2018-06-25,24.44,41.915,,,4.055875000000065,,11.414708137512207
2018-06-26,23.9,41.986,,,4.007874999999159,,12.482579231262207
2018-06-27,18.3,83.848,,,4.995624999998493,,11.39231014251709
2018-06-28,13.3,64.828,,,5.39525000000153,,8.90229606628418
2018-06-29,21.52,107.014,,,3.954250000000095,,2.3122050762176514
2018-06-30,32.55,58.857,,,3.808000000000074,,4.7892913818359375
2018-07-01,44.245,100.507,,,3.842124999998751,,1.2073090076446533
2018-07-02,106.336,89.547,,,4.714000000000362,,19.796066284179688
2018-07-03,39.442,82.786,,,4.292000000000042,,18.101394653320312
2018-07-04,36.056,44.3,,,4.136875000000159,,0.0
2018-07-05,29.549,42.652,,,3.936000000000074,,6.499917507171631
2018-07-06,27.994,35.487,,,3.8373333333333335,,1.6822550296783447
2018-07-07,19.049,28.471,,,3.709333333333333,,4.167525291442871
2018-07-08,20.814,28.861,,,3.604,,0.0
2018-07-09,16.648,31.133,,,3.54,,3.420346736907959
2018-07-10,28.834,31.629,,,3.5,,0.2203703373670578
2018-07-11,19.794,31.658,,,3.433333333333334,,0.03406233713030815
2018-07-12,23.275,23.179,,,3.361333333333334,,0.0
2018-07-13,17.292,26.179,,,3.333333333333334,,0.0
2018-07-14,18.35,19.304,,,3.2800000000000007,,5.991907596588135
2018-07-15,23.946,31.549,,,3.2186666666666666,,4.746064186096191
2018-07-16,11.277,31.009,,,3.2026666666666666,,0.0
2018-07-17,28.319,22.638,,,3.1413333333333333,,8.368605613708496
2018-07-18,10.784,53.209,,,3.3293333333333335,,1.6398375034332275
2018-07-19,38.772,19.715,,,3.1906666666666665,,6.3940534591674805
2018-07-20,24.737,24.621,,,3.0773333333333333,,4.07478666305542
2018-07-21,35.8128,31.3205,,,3.046666666666667,,13.932794570922852
2018-07-22,62.545,31.791,,,2.994666666666667,,7.7263593673706055
2018-07-23,26.735,24.726,,,3.5184583333333332,,7.043707847595215
2018-07-24,66.919,52.751,,,3.082666666666667,,7.514252662658691
2018-07-25,20.361,24.724,,,3.5264166666666665,,0.37780702114105225
2018-07-26,20.985,16.455,,,3.168,,6.529382228851318
2018-07-27,36.036,55.721,,,2.985333333333333,,18.886852264404297
2018-07-28,45.651,62.733,,,3.2026666666666666,,10.54008960723877
2018-07-29,20.173,34.92,,,5.041791666666667,,1.2547353506088257
2018-07-30,29.295,42.052,,,3.836,,9.34559440612793
2018-07-31,23.711,49.378,,,3.681333333333333,,15.742637634277344
2018-08-01,13.414,23.412,,,3.9621666666666666,,0.10147742182016373
2018-08-02,19.821,24.503,,,3.645333333333333,,0.0
2018-08-03,34.327,108.604,,,3.5533333333333332,,31.909536361694336
2018-08-04,40.698,66.395,,,4.618375,,24.341747283935547
2018-08-05,107.963,70.173,,,5.215479166666666,,33.8709831237793
2018-08-06,23.676,38.413,,,4.907541666666667,,0.0
2018-08-07,13.279,24.553,,,4.281354166666667,,0.32836025953292847
2018-08-08,21.243,24.103,,,3.966666666666667,,0.026744043454527855
2018-08-09,23.847,24.11,,,3.792,,3.3349251747131348
2018-08-10,22.359,17.337,,,3.673333333333333,,0.0
2018-08-11,35.281,24.335,,,3.6066666666666665,,0.0
2018-08-12,22.851,17.601,,,3.485333333333333,,0.0
2018-08-13,25.778,31.61,,,3.44,,0.0
2018-08-14,35.938,38.625,,,3.4120000000000004,,22.633438110351562
2018-08-15,26.266,32.348,,,3.873666666666667,,14.431904792785645
2018-08-16,21.396,27.54,,,4.448,,0.026246115565299988
2018-08-17,20.935,18.297,,,3.5893333333333333,,0.46119752526283264
2018-08-18,20.283,17.93,,,3.350666666666667,,19.86673355102539
2018-08-19,27.794,49.726,,,3.286666666666667,,0.15232563018798828
2018-08-20,23.858,25.2,,,3.2706666666666666,,0.088570736348629
2018-08-21,15.459,18.603,,,3.268,,3.3392975330352783
2018-08-22,21.828,18.532,,,3.104,,15.331883430480957
2018-08-23,37.508,23.916,,,3.104,,0.0
2018-08-24,87.36,46.147,,,3.0973333333333333,,22.997825622558594
2018-08-25,25.473,24.323,,,3.5860833333333333,,0.0
2018-08-26,28.037,58.686,,,3.2506666666666666,,9.77443790435791
2018-08-27,60.104,59.893,,,3.1333333333333333,,17.15211296081543
2018-08-28,19.779,22.277,,,4.616708333333333,,0.0
2018-08-29,28.183,20.227,,,3.5573333333333332,,9.055710792541504
2018-08-30,36.213,32.473,,,3.3600000000000008,,11.727550506591797
2018-08-31,33.936,25.539,,,3.333333333333334,,11.413723945617676
2018-09-01,25.866,32.457,,,3.333333333333334,,23.049882888793945
2018-09-02,25.298,79.956,,,3.1613333333333333,,9.10468578338623
2018-09-03,40.424,25.589,,,3.0973333333333333,,17.154434204101562
2018-09-04,85.573,43.974,,,3.033333333333333,,20.40056800842285
2018-09-05,41.019,45.922,,,3.5533333333333332,,0.0
2018-09-06,58.325,46.433,,,3.718583333333333,,30.662694931030273
2018-09-07,55.056,70.629,,,4.809354166666667,,13.233907699584961
2018-09-08,29.573,71.356,,,6.32665625,,9.28868293762207
2018-09-09,28.011,46.642,,,6.762885416666666,,14.251879692077637
2018-09-10,21.424,32.705,,,4.3695625,,3.943697690963745
2018-09-11,35.906,41.796,,,3.9266666666666667,,11.85669231414795
2018-09-12,17.099,44.519,,,3.7933333333333334,,8.714838981628418
2018-09-13,39.01,39.361,,,3.7439999999999993,,24.276554107666016
2018-09-14,64.586,47.71,,,3.906604166666667,,28.727954864501953
2018-09-15,65.51,66.805,,,4.222041666666667,,10.676210403442383
2018-09-16,37.288,78.429,,,8.501239583333334,,15.64996337890625
2018-09-17,25.91,47.611,,,8.08865625,,0.0
2018-09-18,44.027,54.0,,,5.106166666666667,,0.0
2018-09-19,74.069,65.469,,,4.767625,,17.481922149658203
2018-09-20,67.975,39.305,,,4.056583333333991,,16.175270080566406
2018-09-21,34.31,47.54,,,3.4479999999997686,,0.0
2018-09-22,66.811,61.806,,,3.6400000000002497,,19.32745361328125
2018-09-23,38.298,27.315,,,3.4240000000001487,,0.28701454401016235
2018-09-24,35.999,27.27,,,3.1760000000001947,,11.373281478881836
2018-09-25,27.358,26.04,,,2.920000000000084,,0.0
2018-09-26,35.202,29.378,,,2.8140000000004335,,8.095666885375977
2018-09-27,55.019,68.559,,,3.688999999999413,,29.572132110595703
2018-09-28,36.277,73.614,,,4.100562499996734,,11.772746086120605
2018-09-29,116.483,70.194,,,5.873812500001956,,27.485647201538086
2018-09-30,98.054,62.246,,,4.127749999999514,,33.84808349609375
2018-10-01,45.275,37.527,,,4.465375000000201,,1.7286065816879272
2018-10-02,31.982,36.656,,,4.219000000000085,,33.711143493652344
2018-10-03,33.812,36.76,,,4.091249999999852,,2.6720879077911377
2018-10-04,25.185,47.7,,,4.191625000000179,,31.96484375
2018-10-05,69.038,80.888,,,3.9622499999998664,,11.639558792114258
2018-10-06,58.598,47.859,,,4.119750000000097,,4.538994789123535
2018-10-07,41.382,48.328,,,3.9622499999998664,,0.17662695050239563
2018-10-08,37.334,34.708,,,4.055875000000065,,1.1960880756378174
2018-10-09,32.327,48.57,,,4.145999999999831,,12.927700996398926
2018-10-10,47.41,76.312,,,4.9085624999972195,,7.206925392150879
2018-10-11,98.708,90.474,,,6.656187500000104,,40.6097412109375
2018-10-12,40.673,55.889,,,5.868500000001234,,8.985475540161133
2018-10-13,30.128,42.043,,,4.593125000000306,,0.15186718106269836
2018-10-14,69.859,56.191,,,4.228125000000095,,4.161410331726074
2018-10-15,64.862,49.203,,,4.073000000000085,,12.670367240905762
2018-10-16,55.071,50.382,,,4.24181249999618,,10.865182876586914
2018-10-17,46.713,66.218,,,6.240937500002001,,17.136211395263672
2018-10-18,42.801,66.768,,,5.03449999999908,,7.64340877532959
2018-10-19,41.622,45.241,,,5.74856249999847,,8.506121635437012
2018-10-20,63.837,63.855,,,6.976499999998648,,9.367260932922363
2018-10-21,76.27,85.316,,,7.6914999999999765,,28.064342498779297
2018-10-22,39.757,65.856,,,6.884687499999535,,16.971118927001953
2018-10-23,38.701,60.927,,,7.009249999997728,,3.325232982635498
2018-10-24,48.536,86.502,,,9.573749999999293,,33.57929229736328
2018-10-25,42.793,75.168,,,10.705249999998872,,27.371761322021484
2018-10-26,34.342,88.875,,,9.798687500003567,,18.958938598632812
2018-10-27,28.628,58.058,,,6.1395625000014045,,6.7259202003479
2018-10-28,26.793,46.938,,,4.596500000000184,,6.815316677093506
2018-10-29,29.485,44.337,,,4.365000000000085,,8.15322494506836
2018-10-30,43.669,71.737,,,4.292,,11.418669700622559
2018-10-31,43.669,71.737,,,4.219000000000085,,18.37481689453125
2018-11-01,28.621,38.369,,,4.073000000000085,,1.9571654796600342
2018-11-02,51.084,55.334,,,4.286249999996356,,53.92265701293945
2018-11-03,62.75,66.112,,,7.0560000000021175,,7.678769111633301
2018-11-04,66.444,92.441,,,5.0286249999984305,,8.973889350891113
2018-11-05,51.184,84.856,,,6.721874999996066,,13.695231437683105
2018-11-06,57.164,97.375,,,10.718999999999783,,0.7824531197547913
2018-11-07,44.828,81.426,,,9.322312500003854,,6.777989387512207
2018-11-08,34.642,59.07,,,5.4612499999979445,,14.729594230651855
2018-11-09,81.918,63.712,,,10.735687500002658,,29.537195205688477
2018-11-10,42.09,59.676,,,6.382625000001448,,5.3421220779418945
2018-11-11,38.105,43.685,,,4.976375000000116,,6.6320037841796875
2018-11-12,43.661,41.486,,,4.7938750000002015,,5.621518135070801
2018-11-13,74.027,54.009,,,4.520125000000095,,18.691547393798828
2018-11-14,51.777,64.88,,,4.438,,10.668081283569336
2018-11-15,38.362,39.316,,,4.365000000000085,,3.7544121742248535
2018-11-16,38.498,43.681,,,4.219000000000085,,8.305292129516602
2018-11-17,43.886,42.403,,,4.091249999999852,,21.20968246459961
2018-11-18,82.728,84.414,,,4.282874999999017,,20.328353881835938
2018-11-19,62.77,60.896,,,4.857750000000612,,35.52014923095703
2018-11-20,40.124,54.071,,,4.2554999999997465,,1.5872716903686523
2018-11-21,36.971,53.49,,,4.4015000000002535,,18.381275177001953
2018-11-22,47.846,57.184,,,4.109499999999747,,18.406152725219727
2018-11-23,75.755,84.804,,,6.608812499998092,,29.2020320892334
2018-11-24,62.46,84.32,,,7.487062500001348,,3.599700927734375
2018-11-25,53.257,76.454,,,5.830125000000555,,12.834948539733887
2018-11-26,43.31,68.867,,,5.241000000000211,,13.35359001159668
2018-11-27,38.566,63.595,,,4.876000000000296,,21.36536979675293
2018-11-28,53.757,64.053,,,4.729999999999958,,1.2470401525497437
2018-11-29,36.763,64.331,,,4.666125000000095,,0.0
2018-11-30,40.801,57.49,,,4.511000000000084,,4.99411678314209
2018-12-01,36.884,58.184,,,4.365000000000085,,7.003872871398926
2018-12-02,32.458,51.414,,,4.219000000000085,,0.0
2018-12-03,27.932,47.457,,,4.073000000000085,,0.0
2018-12-04,38.076,45.506,,,4.0,,0.0
2018-12-05,37.556,49.424,,,3.9280000000001762,,0.1236712709069252
2018-12-06,27.728,49.505,,,3.752000000000009,,0.359343945980072
2018-12-07,27.327,43.89,,,3.7439999999999998,,0.0
2018-12-08,33.8,41.07,,,3.7439999999999998,,3.8589911460876465
2018-12-09,35.268,35.911,,,3.680000000000074,,7.2242560386657715
2018-12-10,28.312,35.093,,,3.6159999999999997,,0.0
2018-12-11,30.851,39.208,,,3.6159999999999997,,14.177401542663574
2018-12-12,45.72,47.503,,,3.6159999999999997,,16.2581787109375
2018-12-13,23.139,41.392,,,3.5520000000000738,,0.29843658208847046
2018-12-14,25.669,38.207,,,3.4879999999999995,,5.856165409088135
2018-12-15,30.135,36.807,,,3.4879999999999995,,1.3685967922210693
2018-12-16,27.631,35.834,,,3.4879999999999995,,0.24200597405433655
2018-12-17,31.042,32.601,,,3.4879999999999995,,0.0
2018-12-18,32.359,30.77,,,3.424000000000074,,1.4888683557510376
2018-12-19,54.611,31.698,,,3.3600000000000008,,9.986178398132324
2018-12-20,42.879,30.024,,,3.296000000000074,,4.301861763000488
2018-12-21,35.098,29.473,,,3.232,,1.3990627527236938
2018-12-22,29.086,28.775,,,3.232,,8.723020553588867
2018-12-23,29.717,28.272,,,3.232,,0.0595632903277874
2018-12-24,30.404,27.674,,,3.168000000000074,,0.01618296280503273
2018-12-25,32.359,30.77,,,3.104,,0.49995702505111694
2018-12-26,24.91,26.945,,,3.104,,0.0
2018-12-27,22.024,26.154,,,3.040000000000074,,0.0
2018-12-28,19.219,25.706,,,2.976,,0.0
2018-12-29,20.527,25.603,,,2.976,,0.0
2018-12-30,24.812,25.577,,,2.976,,0.5949921011924744
2018-12-31,28.179,26.137,,,2.9120000000000745,,0.0
2019-01-01,25.099,25.117,,,2.8480000000000003,,0.0
2019-01-02,19.898,24.591,,,2.8480000000000003,,0.0
2019-01-03,21.068,23.794,,,2.8480000000000003,,0.0
2019-01-04,24.676,23.299,,,2.7840000000000744,,0.0
2019-01-05,9.788,23.069,,,2.727999999999898,,0.0
2019-01-06,29.294,23.274,,,2.847999999999148,,1.1456348896026611
2019-01-07,29.31,29.053,,,3.751999999999787,,53.68021774291992
2019-01-08,16.663,25.791,,,3.7840000000003053,,0.0
2019-01-09,27.273,34.857,,,3.3600000000002597,,0.0
2019-01-10,28.413,32.214,,,3.175874999998455,,0.0
2019-01-11,16.551,34.535,,,4.351125000000851,,0.0
2019-01-12,30.025,31.751,,,3.368000000000491,,0.1148880273103714
2019-01-13,38.125,27.453,,,2.808000000000102,,0.0
2019-01-14,32.847,26.198,,,2.775999999999287,,0.0
2019-01-15,26.65,26.212,,,3.496000000000009,,0.7733020782470703
2019-01-16,30.01,29.314,,,3.431999999999972,,6.51497745513916
2019-01-17,27.807,29.751,,,3.344000000000241,,24.117504119873047
2019-01-18,32.31,31.46,,,3.048000000000083,,0.09109228104352951
2019-01-19,16.888,28.191,,,2.9120000000000745,,9.910743713378906
2019-01-20,18.532,27.418,,,2.7840000000000744,,0.0
2019-01-21,25.565,28.936,,,2.72,,0.8795380592346191
2019-01-22,32.904,27.584,,,2.72,,0.0
2019-01-23,26.591,24.863,,,2.72,,0.0
2019-01-24,16.669,23.829,,,2.713500000000083,,0.0
2019-01-25,30.207,23.68,,,2.622500000000007,,0.9742849469184875
2019-01-26,30.06,24.66,,,2.6159999999999997,,1.776921272277832
2019-01-27,46.193,24.765,,,2.56400000000006,,0.0
2019-01-28,38.068,24.325,,,2.512,,13.861154556274414
2019-01-29,17.708,25.949,,,2.4600000000000604,,0.0
2019-01-30,14.952,23.055,,,2.4080000000000004,,0.0
2019-01-31,25.563,22.393,,,2.4080000000000004,,0.0
2019-02-01,15.715,22.098,,,2.3560000000000607,,0.0
2019-02-02,24.433,22.968,,,2.3040000000000003,,4.074902057647705
2019-02-03,23.145,22.218,,,2.3040000000000003,,0.14556385576725006
2019-02-04,16.056,21.728,,,2.3040000000000003,,0.0
2019-02-05,14.903,21.402,,,2.2520000000000606,,0.09985142946243286
2019-02-06,28.719,21.039,,,2.2,,10.838168144226074
2019-02-07,19.351,20.623,,,2.2,,0.0
2019-02-08,27.232,20.637,,,2.2,,0.0
2019-02-09,17.461,20.536,,,2.2,,0.12602218985557556
2019-02-10,13.273,22.263,,,2.212999999999835,,2.4477148056030273
2019-02-11,9.752,21.795,,,2.3689999999997142,,0.0
2019-02-12,23.643,24.066,,,2.583500000000173,,4.5103325843811035
2019-02-13,24.505,23.096,,,2.368999999999985,,0.8134702444076538
2019-02-14,41.357,23.648,,,2.349500000000053,,13.12303352355957
2019-02-15,22.839,22.545,,,2.3040000000000003,,0.0
2019-02-16,21.915,20.326,,,2.2975000000000834,,0.0
2019-02-17,28.865,20.216,,,2.2065000000000077,,0.9456509351730347
2019-02-18,16.542,20.034,,,2.212999999999835,,3.327831745147705
2019-02-19,23.143,22.623,,,2.3769999999996125,,12.047228813171387
2019-02-20,45.934,24.702,,,2.7435000000001173,,22.482585906982422
2019-02-21,15.081,24.036,,,2.5705000000000675,,4.647976875305176
2019-02-22,43.993,27.295,,,2.4600000000000604,,1.5190646648406982
2019-02-23,77.332,25.762,,,2.3560000000000607,,25.64727783203125
2019-02-24,18.496,28.278,,,2.3040000000000003,,9.619382858276367
2019-02-25,24.895,24.716,,,2.3040000000000003,,0.0
2019-02-26,24.77,21.791,,,2.316999999999835,,0.1344718635082245
2019-02-27,27.211,31.628,,,2.6194999999978488,,7.730739593505859
2019-02-28,24.93,49.106,,,4.147500000000874,,1.8281675577163696
2019-03-01,24.257,32.198,,,3.327999999999778,,0.8665741682052612
2019-03-02,74.514,44.484,,,3.4480000000003246,,19.161930084228516
2019-03-03,18.132,32.622,,,3.0480000000001946,,1.5724725723266602
2019-03-04,17.48,25.661,,,2.7920000000000837,,4.364157199859619
2019-03-05,26.603,26.348,,,2.72,,16.30080223083496
2019-03-06,24.93,49.106,,,2.66800000000006,,12.78186321258545
2019-03-07,20.489,24.295,,,2.6159999999999997,,11.029711723327637
2019-03-08,48.399,23.233,,,2.56400000000006,,8.554399490356445
2019-03-09,31.001,24.064,,,2.512,,2.416761636734009
2019-03-10,26.275,22.7,,,2.512,,0.23878900706768036
2019-03-11,24.868,24.129,,,2.512,,7.741143703460693
2019-03-12,28.916,26.433,,,2.4600000000000604,,9.494895935058594
2019-03-13,18.578,23.638,,,2.4080000000000004,,0.0522468164563179
2019-03-14,20.173,21.334,,,2.401500000000083,,3.5830063819885254
2019-03-15,29.525,21.175,,,2.3105000000000078,,2.6494762897491455
2019-03-16,24.183,22.054,,,2.3040000000000003,,7.007623195648193
2019-03-17,16.418,22.36,,,2.2714999999998122,,0.8949934244155884
2019-03-18,40.778,24.392,,,2.780499999999737,,22.211666107177734
2019-03-19,97.264,28.38,,,3.320000000000176,,36.758323669433594
2019-03-20,26.376,28.977,,,2.96000000000013,,4.939861297607422
2019-03-21,24.198,28.084,,,2.839999999999361,,4.320457935333252
2019-03-22,28.074,42.239,,,3.3760000000000567,,6.342842102050781
2019-03-23,24.82,32.721,,,3.2240000000001388,,8.551254272460938
2019-03-24,22.553,27.481,,,3.040000000000074,,0.7710044980049133
2019-03-25,26.185,32.829,,,2.9279999999998703,,1.4889795780181885
2019-03-26,37.645,31.276,,,3.1519999999999073,,22.981327056884766
2019-03-27,23.272,27.364,,,3.199999999999667,,0.0
2019-03-28,38.633,23.268,,,3.4640000000000097,,0.0
2019-03-29,35.81,29.74,,,3.6559999999999726,,30.33599853515625
2019-03-30,23.137,35.634,,,3.6240000000001205,,0.0
2019-03-31,24.951,24.79,,,3.463999999999676,,0.0
2019-04-01,65.836,29.871,,,3.7907499999991083,,37.64837646484375
2019-04-02,101.513,58.204,,,4.303250000001128,,20.687236785888672
2019-04-03,23.272,27.364,,,3.1587499999985993,,0.0
2019-04-04,48.366,29.406,,,4.423000000000627,,4.796938896179199
2019-04-05,26.401,57.122,,,4.2037499999924,,4.264791965484619
2019-04-06,21.676,81.75,,,9.830000000001446,,13.487994194030762
2019-04-07,20.54,87.689,,,7.369749999997792,,1.3878238201141357
2019-04-08,32.391,60.72,,,7.561875000002643,,20.821332931518555
2019-04-09,22.692,49.277,,,4.784750000000697,,11.291397094726562
2019-04-10,22.667,51.131,,,4.0821250000000955,,9.379254341125488
2019-04-11,23.41,61.742,,,3.9280000000001762,,5.23102331161499
2019-04-12,28.169,43.464,,,3.688000000000083,,0.0
2019-04-13,66.804,37.153,,,3.667374999999346,,8.216001510620117
2019-04-14,42.857,47.241,,,4.231500000000225,,16.184036254882812
2019-04-15,43.066,50.181,,,3.9371250000001865,,26.544296264648438
2019-04-16,28.139,39.704,,,3.672000000000287,,0.0
2019-04-17,82.641,36.685,,,3.4056249999989006,,36.66664123535156
2019-04-18,42.907,52.913,,,4.488249999997553,,14.79847526550293
2019-04-19,30.006,74.545,,,6.838937499999084,,10.492544174194336
2019-04-20,45.23,75.676,,,6.6720625000001625,,31.17362403869629
2019-04-21,64.596,76.568,,,8.941312499996638,,21.56867027282715
2019-04-22,44.617,101.54,,,9.970625000002732,,36.29197311401367
2019-04-23,54.102,91.857,,,12.230937500002078,,7.853640079498291
2019-04-24,42.332,96.817,,,8.419375000000564,,23.262313842773438
2019-04-25,41.605,64.635,,,7.670500000000979,,1.4289426803588867
2019-04-26,62.995,61.213,,,6.99612499999296,,7.1256537437438965
2019-04-27,29.045,55.556,,,14.066125000007535,,4.301540374755859
2019-04-28,26.095,46.507,,,5.491375000001135,,2.987980842590332
2019-04-29,23.009,42.311,,,4.374125000000221,,5.975541591644287
2019-04-30,26.886,39.25,,,4.0821250000000955,,1.3390291929244995
2019-05-01,14.065,36.714,,,3.936000000000074,,0.0
2019-05-02,43.198,35.159,,,3.808000000000074,,0.0
2019-05-03,15.422,32.514,,,3.7439999999999998,,0.23383350670337677
2019-05-04,25.899,30.047,,,3.680000000000074,,2.055759906768799
2019-05-05,23.718,29.057,,,3.5520000000000738,,0.0
2019-05-06,23.162,27.898,,,3.4879999999999995,,1.3613576889038086
2019-05-07,21.393,27.082,,,3.424000000000074,,2.4439618587493896
2019-05-08,33.751,43.361,,,5.4249375000007065,,43.08613204956055
2019-05-09,15.433,45.51,,,4.549062499992726,,0.3490993082523346
2019-05-10,16.535,77.501,,,9.061625000004565,,45.76475524902344
2019-05-11,167.901,47.43,,,4.671750000000397,,17.69778060913086
2019-05-12,67.182,88.928,,,4.211000000000313,,22.199832916259766
2019-05-13,22.519,50.702,,,3.75312500000027,,5.14249324798584
2019-05-14,39.148,85.575,,,3.7235624999963712,,25.541749954223633
2019-05-15,38.366,80.427,,,6.343687500002512,,24.92099952697754
2019-05-16,30.869,59.146,,,3.723250000000272,,0.3561333119869232
2019-05-17,34.654,73.773,,,4.272124999989277,,30.634429931640625
2019-05-18,28.337,68.181,,,9.936250000006659,,6.842085838317871
2019-05-19,42.378,88.915,,,7.986937499996894,,29.701610565185547
2019-05-20,50.744,105.422,,,10.049687500001035,,27.26165199279785
2019-05-21,87.965,92.858,,,9.04931249999838,,17.20010757446289
2019-05-22,152.859,86.949,,,9.373437499996259,,20.247385025024414
2019-05-23,94.619,104.74,,,10.934562500001134,,39.476104736328125
2019-05-24,78.506,99.801,,,9.46681250000263,,16.64364242553711
2019-05-25,90.277,109.614,,,9.3046875,,25.96087074279785
2019-05-26,37.891,138.02,,,22.127125,,21.119274139404297
2019-05-27,95.59,161.513,,,21.541625,,35.31969451904297
2019-05-28,50.983,127.091,,,14.681458333333333,,20.32370376586914
2019-05-29,31.959,128.337,,,17.942385416666667,,10.050088882446289
2019-05-30,60.862,122.965,,,15.766510416666666,,33.63422393798828
2019-05-31,58.266,138.224,,,18.293947916666667,,15.723803520202637
2019-06-01,75.763,130.519,,,18.93234375,,14.537673950195312
2019-06-02,44.173,143.642,,,19.6883125,,2.1554672718048096
2019-06-03,33.57,107.203,,,10.871416666666667,,0.8576233983039856
2019-06-04,31.856,78.956,,,8.11171875,,3.4032821655273438
2019-06-05,26.819,75.369,,,7.38603125,,7.902945041656494
2019-06-06,35.395,64.15,,,6.450833333333334,,0.783012866973877
2019-06-07,136.625,94.523,,,10.391729166666666,,24.647205352783203
2019-06-08,40.082,89.964,,,9.1053125,,9.978719711303711
2019-06-09,21.391,65.912,,,6.508916666666667,,1.018615484237671
2019-06-10,30.495,58.004,,,5.815333333333333,,6.757253170013428
2019-06-11,30.354,53.777,,,5.3550625,,26.357162475585938
2019-06-12,33.856,59.522,,,5.5209166666666665,,19.267101287841797
2019-06-13,38.827,55.479,,,5.0721875,,3.2442893981933594
2019-06-14,8.625,66.677,,,5.3979375,,0.5717133283615112
2019-06-15,48.624,73.089,,,6.074895833333334,,14.560781478881836
2019-06-16,32.561,62.977,,,5.569875,,3.6602463722229004
2019-06-17,27.997,51.868,,,4.740645833333334,,0.0
2019-06-18,20.645,44.741,,,4.399979166666666,,0.0
2019-06-19,25.423,41.7,,,4.197708333333333,,6.025833606719971
2019-06-20,13.229,39.818,,,4.052270833333333,,0.11187861114740372
2019-06-21,18.081,38.912,,,3.924,,0.0
2019-06-22,26.612,35.872,,,3.8586666666666667,,5.873341083526611
2019-06-23,16.013,35.075,,,3.7399999999999993,,3.8412528038024902
2019-06-24,21.357,38.388,,,3.670666666666666,,1.8755314350128174
2019-06-25,23.832,38.886,,,3.7106666666666666,,0.8821561932563782
2019-06-26,17.469,36.329,,,3.604,,0.32736721634864807
2019-06-27,18.142,32.491,,,3.478666666666667,,2.1766161918640137
2019-06-28,26.177,31.594,,,3.414666666666667,,13.901527404785156
2019-06-29,13.824,30.752,,,3.3480000000000008,,0.0
2019-06-30,18.613,30.431,,,3.286666666666667,,1.177048683166504
2019-07-01,18.069,31.74,,,3.2426666666666666,,13.904775619506836
2019-07-02,12.89,34.277,,,3.3640000000000008,,1.1592237949371338
2019-07-03,24.178,90.831,,,9.514583333333333,,14.25110912322998
2019-07-04,25.393,58.556,,,4.115916666666666,,0.32246455550193787
2019-07-05,23.348,58.24,,,4.785375,,24.431766510009766
2019-07-06,19.813,64.489,,,7.2567916666666665,,7.979214668273926
2019-07-07,18.93,40.798,,,3.8260833333333335,,0.027052398771047592
2019-07-08,11.032,35.616,,,3.510666666666667,,6.538804054260254
2019-07-09,19.897,35.609,,,3.409333333333334,,11.56830883026123
2019-07-10,6.021,35.531,,,3.493333333333333,,0.16169235110282898
2019-07-11,27.227,33.712,,,3.4306666666666668,,13.0430326461792
2019-07-12,20.097,32.976,,,3.338666666666667,,2.5983057022094727
2019-07-13,47.075,58.376,,,4.296958333333333,,19.692852020263672
2019-07-14,57.212,60.545,,,5.438583333333334,,19.443157196044922
2019-07-15,75.056,79.989,,,7.6790625,,24.30331802368164
2019-07-16,28.279,56.045,,,4.486666666666666,,0.44757765531539917
2019-07-17,18.432,44.634,,,3.8613333333333335,,2.692661762237549
2019-07-18,19.019,41.295,,,3.5853333333333333,,1.2228622436523438
2019-07-19,20.586,36.632,,,3.414666666666667,,10.169825553894043
2019-07-20,12.769,34.212,,,3.293333333333334,,0.0
2019-07-21,23.771,32.488,,,3.2466666666666666,,5.872595310211182
2019-07-22,17.677,31.912,,,3.1946666666666665,,10.858675956726074
2019-07-23,53.179,68.525,,,6.081541666666666,,14.473176956176758
2019-07-24,13.662,58.889,,,4.554583333333333,,18.520021438598633
2019-07-25,10.478,37.881,,,3.509333333333333,,1.8079925775527954
2019-07-26,16.369,35.362,,,3.4546666666666668,,16.78680992126465
2019-07-27,10.554,28.918,,,3.285333333333334,,2.698334217071533
2019-07-28,14.093,29.079,,,3.1586666666666665,,0.0
2019-07-29,15.895,8.11,,,3.092,,0.26566949486732483
2019-07-30,16.008,34.76,,,3.0613333333333332,,9.34742259979248
2019-07-31,10.266,26.544,,,3.021333333333333,,0.0
2019-08-01,26.685,18.897,,,2.9120000000000004,,7.347332000732422
2019-08-02,16.3,52.941,,,3.006666666666667,,2.260012626647949
2019-08-03,15.54,26.972,,,3.308,,14.045077323913574
2019-08-04,12.689,24.396,,,2.952,,3.7415459156036377
2019-08-05,27.637,9.23,,,2.7709166666666665,,2.560163974761963
2019-08-06,17.553,25.634,,,2.668,,0.0663471594452858
2019-08-07,15.033,26.112,,,2.6138333333333335,,0.9856017827987671
2019-08-08,14.893,14.677,,,2.56075,,4.60680627822876
2019-08-09,11.893,19.521,,,2.5065833333333334,,0.10145759582519531
2019-08-10,27.055,10.231,,,2.46,,0.0
2019-08-11,12.168,14.245,,,2.4545833333333333,,0.0
2019-08-12,12.542,13.938,,,2.400416666666667,,0.0
2019-08-13,18.996,19.978,,,2.356,,1.3308947086334229
2019-08-14,13.064,21.998,,,2.3505833333333332,,0.05099739879369736
2019-08-15,13.759,14.919,,,2.317,,4.604641914367676
2019-08-16,16.132,19.567,,,2.3484166666666666,,4.135788917541504
2019-08-17,33.346,15.913,,,2.356,,0.0
2019-08-18,15.05,20.92,,,2.473,,0.0
2019-08-19,11.009,14.408,,,2.3408333333333333,,1.2671126127243042
2019-08-20,5.92,19.51,,,2.250916666666667,,5.895685195922852
2019-08-21,8.306,15.065,,,2.2,,4.271740436553955
2019-08-22,8.69,20.634,,,2.2,,0.46763840317726135
2019-08-23,13.865,9.136,,,2.19675,,2.6874680519104004
2019-08-24,17.84,5.879,,,2.14475,,0.0
2019-08-25,13.311,15.065,,,2.109,,4.756844520568848
2019-08-26,11.119,10.729,,,2.0949166666666668,,0.10812795162200928
2019-08-27,6.356,22.671,,,2.044,,0.0
2019-08-28,7.734,13.622,,,2.0396666666666667,,23.32491683959961
2019-08-29,18.098,16.546,,,2.04075,,0.0
2019-08-30,8.697,13.109,,,1.9584166666666667,,1.1174986362457275
2019-08-31,8.902,19.111,,,1.836,,0.7404882311820984
2019-09-01,14.133,27.247,,,1.9085833333333333,,8.335381507873535
2019-09-02,17.226,21.944,,,1.888,,17.41620635986328
2019-09-03,11.567,17.756,,,1.875,,7.196918487548828
2019-09-04,22.789,20.159,,,1.784,,17.476016998291016
2019-09-05,19.237,17.74,,,1.7905,,5.671278953552246
2019-09-06,18.433,27.92,,,1.93025,,12.110386848449707
2019-09-07,8.201,20.614,,,1.8858333333333333,,0.5890593528747559
2019-09-08,21.501,13.786,,,1.7894166666666667,,11.436503410339355
2019-09-09,5.915,16.254,,1.9165875,1.78075,,0.2481866180896759
2019-09-10,16.805,35.601,,2.11509375,1.732,,7.865945339202881
2019-09-11,14.555,28.035,,2.04219375,1.732,,25.809289932250977
2019-09-12,23.04,48.875,,4.964941666666666,1.88475,,13.155725479125977
2019-09-13,54.99,54.49,,3.589379166666667,2.9873333333333334,,23.429719924926758
2019-09-14,20.215,20.101,,2.30430625,2.0591666666666666,,15.268915176391602
2019-09-15,15.8,20.901,,1.9325375,1.8815,,6.610616207122803
2019-09-16,38.035,73.734,,3.6155270833333333,2.29425,,17.691619873046875
2019-09-17,14.666,35.528,,2.0402,2.0981666666666667,,0.2859458327293396
2019-09-18,58.279,47.137,,2.0202625,2.9559166666666665,,27.715845108032227
2019-09-19,46.35,43.335,,2.9022375,4.035041666666666,,18.093822479248047
2019-09-20,25.588,46.972,,2.040902083333333,3.467416666666667,,4.658896446228027
2019-09-21,19.944,24.694,,2.01428125,2.917666666666667,,12.912286758422852
2019-09-22,14.304,89.919,,1.8687375,2.3906666666666667,,0.0
2019-09-23,69.944,71.978,,5.8346125,3.472541666666667,,22.6607666015625
2019-09-24,22.064,21.167,,2.7335875,2.7335,,22.56185531616211
2019-09-25,36.105,58.367,,2.3107875,3.704854166666667,,20.629070281982422
2019-09-26,34.965,68.835,,4.146158333333333,4.8501666666666665,,27.106098175048828
2019-09-27,20.661,25.775,,2.343929166666667,3.0733333333333333,,0.0
2019-09-28,23.517,32.188,,2.871725,2.715333333333333,,13.603643417358398
2019-09-29,20.647,15.731,,2.09813125,2.54125,,6.06558895111084
2019-09-30,23.736,30.968,,2.2021895833333334,2.5822708333333333,,0.24858978390693665
2019-10-01,27.41,48.706,,3.448825,6.386958333333333,,22.196321487426758
2019-10-02,17.299,52.372,,2.1228708333333333,3.739,,4.497721195220947
2019-10-03,18.601,27.806,,2.5703791666666667,2.990666666666667,,18.40243148803711
2019-10-04,13.68,25.692,,2.1843979166666667,2.7524166666666665,,0.05780406668782234
2019-10-05,34.225,36.042,,2.11840625,2.5845833333333332,,2.245514392852783
2019-10-06,25.588,46.972,,2.09004375,2.50225,,9.101916313171387
2019-10-07,54.064,48.485,,4.398360416666667,2.8145,,16.067874908447266
2019-10-08,43.713,37.278,,2.7860458333333336,2.535833333333333,,13.28962230682373
2019-10-09,19.179,19.791,,2.2064416666666666,2.4058333333333333,,0.09737835824489594
2019-10-10,28.065,35.119,,2.656645833333333,2.28125,,22.573802947998047
2019-10-11,87.301,48.867,,7.149666666666667,2.2936666666666667,,18.71050453186035
2019-10-12,68.214,95.868,,4.43980625,2.459,,22.649118423461914
2019-10-13,72.334,103.067,,18.064326470588234,4.119916666666667,,18.634550094604492
2019-10-14,56.291,44.793,,4.3100875,2.7443333333333335,,26.00836753845215
2019-10-15,28.282,48.781,,3.204270833333333,2.4047500000000004,,0.0
2019-10-16,25.429,31.219,,2.8157,2.260666666666667,,26.747692108154297
2019-10-17,47.19,36.766,,3.757054166666667,2.26175,,1.7389452457427979
2019-10-18,34.456,24.635,,2.818395833333333,2.2238333333333338,,24.019393920898438
2019-10-19,93.563,36.859,,2.8345833333333332,2.3029166666666665,,17.975507736206055
2019-10-20,33.339,55.269,,7.7684291666666665,2.66575,,13.611721992492676
2019-10-21,23.221,43.097,,3.2196541666666665,2.280166666666667,,25.543367385864258
2019-10-22,18.965,30.8,,2.9019666666666666,2.552666666666667,,5.6518683433532715
2019-10-23,61.028,67.903,,3.4746958333333335,7.428333333333334,,16.44551658630371
2019-10-24,41.465,43.31,,4.317670833333334,5.388416666666667,,38.64007568359375
2019-10-25,28.951,55.831,,3.261229166666667,3.9596666666666667,,2.306314706802368
2019-10-26,45.594,80.938,,5.7264,3.813,,19.869747161865234
2019-10-27,68.585,100.004,,10.0378,7.132666666666666,,27.349384307861328
2019-10-28,32.542,56.479,,3.6114875,3.9450208333333334,,0.0
2019-10-29,54.604,62.938,,8.301433333333334,3.68225,,15.389430046081543
2019-10-30,55.492,59.065,,4.623633333333333,3.6955416666666667,,27.80564308166504
2019-10-31,71.418,63.309,,5.760325,6.07270833333455,,12.4044771194458
2019-11-01,34.426,44.329,,3.9080583333333334,4.82125000000036,,12.607454299926758
2019-11-02,34.587,45.015,7.673090909090909,4.328029166666667,4.374125000000221,,2.2310657501220703
2019-11-03,23.49,39.35,5.990534090909091,3.2335541666666665,4.0821250000000955,,7.15847635269165
2019-11-04,35.284,33.811,6.0134431818181815,3.0691083333333333,3.936000000000074,,13.511914253234863
2019-11-05,26.243,41.716,4.695625,3.3374291666666664,3.800000000000176,,14.443212509155273
2019-11-06,56.515,32.058,4.388125,3.973120833333333,3.560000000000083,,8.595233917236328
2019-11-07,26.29,27.958,4.170625,2.9424041666666665,3.424000000000074,,3.1036012172698975
2019-11-08,22.264,31.742,4.0,2.8264833333333335,3.3279999999996663,,12.701628684997559
2019-11-09,123.914,25.673,5.51375,3.2507166666666665,3.6400000000001382,,26.270980834960938
2019-11-10,33.138,35.964,4.216,3.059858333333333,3.44799999999988,,1.6114311218261719
2019-11-11,28.364,38.499,6.970545454545454,3.854233333333333,3.536000000000055,,25.16583251953125
2019-11-12,24.886,61.708,12.479795454545455,12.490691666666667,5.577937499999647,,14.133087158203125
2019-11-13,50.512,71.542,11.312431818181818,4.429925,4.972437500000745,,19.106924057006836
2019-11-14,58.771,58.364,9.375829545454545,4.159995833333333,4.211000000000313,,15.556561470031738
2019-11-15,21.187,51.792,11.740943181818182,3.40485,3.8171250000001957,,10.520248413085938
2019-11-16,27.779,58.032,12.868632352941177,3.222770833333333,3.6649999999987464,,12.121919631958008
2019-11-17,33.036,45.326,10.0372375,3.093370833333334,5.081250000000491,,1.3676750659942627
2019-11-18,25.403,45.968,10.114852272727273,3.012495833333334,4.428875000000032,,0.5438715219497681
2019-11-19,20.597,47.333,10.058736842105263,3.0825875,4.419750000000105,,1.202966332435608
2019-11-20,23.961,54.985,11.0096875,3.0448458333333335,4.3011250000000105,,3.9419264793395996
2019-11-21,37.548,42.028,8.981071428571429,2.8857916666666665,4.219000000000085,,8.365442276000977
2019-11-22,42.393,41.193,8.219285714285714,5.662275,4.065000000000186,,11.492932319641113
2019-11-23,26.978,48.388,8.990285714285715,5.444091666666667,3.8160000000000833,,13.005169868469238
2019-11-24,26.649,24.735,8.344642857142857,2.993625,3.680000000000074,,19.032066345214844
2019-11-25,22.2,39.09,6.9754,4.434583333333333,3.6159999999999997,,0.1430894434452057
2019-11-26,20.751,30.089,6.98515,3.3478416666666666,3.5839999999996666,,3.2020421028137207
2019-11-27,23.691,35.981,6.5145625,2.9343166666666667,3.930249999999703,,3.5370802879333496
2019-11-28,21.428,35.525,5.3495625,3.117954166666667,4.18362500000017,,17.003368377685547
2019-11-29,34.426,44.329,5.274590909090909,3.2439708333333335,3.9371250000001865,,17.312685012817383
2019-11-30,24.01,35.185,7.159306818181818,2.915445833333334,3.6800000000001853,,1.3111921548843384
2019-12-01,18.56,27.301,4.66375,2.8237875,3.4240000000001856,,0.0
2019-12-02,21.841,24.578,4.990818181818182,2.7213458333333334,3.176000000000083,,0.0
2019-12-03,30.516,28.413,4.11625,3.1471375,3.040000000000074,,16.008333206176758
2019-12-04,17.692,22.413,4.449181818181819,2.7375208333333334,2.976,,0.0
2019-12-05,25.464,32.018,3.975625,2.745608333333333,2.9120000000000745,,7.280714511871338
2019-12-06,36.971,31.319,3.8875,3.1445416666666666,2.871999999999695,,5.660857200622559
2019-12-07,29.507,31.435,3.83875,3.5875458333333334,3.1360000000001484,,13.813694953918457
2019-12-08,21.91,25.185,3.85375,3.1769166666666666,2.920000000000084,,0.0
2019-12-09,23.616,20.945,4.043125,2.9235333333333333,2.8480000000000003,,4.967650890350342
2019-12-10,20.321,24.644,3.606284090909091,2.764479166666667,2.8480000000000003,,0.0
2019-12-11,17.225,19.654,3.5472727272727274,2.7429125,2.7840000000000744,,12.641695022583008
2019-12-12,17.765,16.698,3.560943181818182,2.78335,2.90399999999988,,17.916086196899414
2019-12-13,46.783,35.033,6.583784090909091,3.0530833333333334,3.0102499999989343,,0.0
2019-12-14,77.451,56.786,4.633238636363636,3.305675,4.19824999999825,,33.40592575073242
2019-12-15,38.153,56.032,11.741340909090908,4.5259,4.917500000001433,,12.963302612304688
2019-12-16,14.339,34.266,7.0923181818181815,4.105895833333333,3.560000000000194,,1.5378201007843018
2019-12-17,25.373,25.336,5.547590909090909,3.085283333333334,3.3040000000000833,,13.632667541503906
2019-12-18,36.912,26.244,7.49875,2.9720583333333335,3.168000000000074,,22.760311126708984
2019-12-19,19.332,35.374,5.791102272727272,3.0802625,3.104,,8.84789752960205
2019-12-20,73.661,57.06,4.369375,5.121866666666667,3.040000000000074,,13.819366455078125
2019-12-21,41.082,25.716,4.275625,3.2493333333333334,2.976,,5.149564743041992
2019-12-22,27.9,23.285,4.035625,3.0513750000000006,2.9120000000000745,,4.599181175231934
2019-12-23,32.546,29.113,3.975625,4.249241666666666,2.863999999999797,,3.1873373985290527
2019-12-24,24.183,18.947,3.825625,3.0879791666666665,3.0240000000000555,,0.0
2019-12-25,57.858,44.313,3.7586022727272725,3.3620625,2.9120000000000745,,13.794227600097656
2019-12-26,78.496,25.336,3.79375,4.088708333333333,2.7840000000000744,,17.1312198638916
2019-12-27,27.563,31.713,3.583375,3.5560625,2.66800000000006,,6.84405517578125
2019-12-28,24.135,18.97,3.515943181818182,3.501775,2.56400000000006,,6.522955894470215
2019-12-29,24.97,19.358,3.4832840909090907,3.1311125000000004,2.5184999999999174,,0.0
2019-12-30,18.842,29.823,3.5108636363636365,3.8126416666666665,2.6596249999987527,,11.60706901550293
2019-12-31,74.532,78.067,9.194840909090908,28.823108333333334,3.962875000000068,,12.675098419189453
2020-01-01,26.653,54.291,6.107465909090909,6.079491666666667,3.8080000000001855,,0.0
2020-01-02,28.702,28.86,4.41625,4.507904166666667,3.591999999999676,,0.640515148639679
2020-01-03,25.536,24.331,4.075,3.7858,3.5760000000005094,,0.0
2020-01-04,24.555,17.823,3.92125,3.5399625,3.048000000000083,,0.0
2020-01-05,16.287,22.579,3.74125,3.398,2.9120000000000745,,0.0
2020-01-06,22.982,24.585,3.7084545454545457,3.3791291666666665,2.7775000000001566,,0.0
2020-01-07,17.586,21.973,3.532784090909091,3.2901666666666665,2.5705000000000675,,0.0
2020-01-08,15.974,21.364,3.4571704545454547,3.2497291666666666,2.4600000000000604,,0.0
2020-01-09,16.82,20.908,3.4510681818181816,3.2039,2.3560000000000607,,0.0
2020-01-10,17.947,20.557,3.3997954545454547,3.1472875000000005,2.3040000000000003,,0.0
2020-01-11,16.718,20.102,3.3592613636363637,3.1068500000000006,2.3040000000000003,,0.0
2020-01-12,35.939,19.824,3.3424886363636364,3.101458333333334,2.2520000000000606,,0.0
2020-01-13,6.672,19.727,3.2823863636363635,3.0906750000000005,2.2,,0.0
2020-01-14,13.217,19.71,3.2376590909090908,3.096066666666667,2.2,,0.0
2020-01-15,7.757,19.764,3.314534090909091,3.1068500000000006,2.2,,5.396154403686523
2020-01-16,18.518,19.576,3.232068181818182,3.133808333333334,2.14800000000006,,0.0
2020-01-17,18.518,19.576,3.191534090909091,3.061020833333334,2.323500000000113,,0.0
2020-01-18,18.232,19.008,3.2111022727272727,2.999016666666667,2.1285000000000376,,0.0
2020-01-19,17.715,19.234,3.1426136363636363,3.0071041666666667,2.096,,0.0
2020-01-20,18.338,19.024,3.162181818181818,3.1257208333333337,2.096,,12.543670654296875
2020-01-21,27.287,19.645,3.5440681818181816,3.4077312500000008,2.1284999999995864,,3.834965229034424
2020-01-22,24.558,25.073,4.545454545454546,3.83321875,2.678500000000096,,22.71588706970215
2020-01-23,16.168,21.596,3.5933295454545453,3.1580708333333334,2.4810000000000847,,0.0
2020-01-24,10.901,25.525,5.4545,3.2192833333333333,2.3560000000000607,,2.6474499702453613
2020-01-25,16.332,21.446,3.60615625,3.23625,2.3040000000000003,,0.0
2020-01-26,27.608,19.668,3.49825,3.1257208333333337,2.2520000000000606,,0.0
2020-01-27,17.328,20.603,4.06115625,3.0691083333333338,3.0918749999999067,,0.9283930063247681
2020-01-28,17.205,23.027,3.925,3.0151916666666674,2.761125000000288,,0.0
2020-01-29,14.912,16.004,3.982988636363636,3.0340625000000006,2.4600000000000604,,0.0
2020-01-30,15.509,18.935,3.3476363636363637,2.993625,2.3560000000000607,,0.0
2020-01-31,11.606,18.649,3.2460454545454547,2.961275,2.3040000000000003,,0.5717824697494507
2020-02-01,16.683,18.446,3.1691704545454544,3.1596333333333333,2.3040000000000003,,0.0
2020-02-02,21.116,20.048,3.241852272727273,3.7304291666666667,2.2520000000000606,,31.319360733032227
2020-02-03,17.008,18.752,3.1593863636363637,3.17155,2.2,,0.0
2020-02-04,17.008,18.752,3.628,3.007104166666667,2.2,,0.0
2020-02-05,15.976,18.483,3.021011363636364,2.9235333333333333,2.2,,0.0
2020-02-06,14.765,17.709,2.993056818181818,2.91275,2.14800000000006,,0.0
2020-02-07,17.695,17.923,2.967897727272727,2.9235333333333333,2.0440000000000604,,0.0
2020-02-08,10.75,17.813,2.967897727272727,2.961275,1.992,,0.0
2020-02-09,27.159,17.616,2.9665,2.9801458333333333,1.992,,0.0
2020-02-10,9.733,17.367,2.921772727272727,3.0017125,1.9400000000000603,,0.0
2020-02-11,6.557,16.928,2.8504886363636364,2.928925,1.8880000000000001,,0.0
2020-02-12,17.858,16.452,2.8001704545454547,2.891183333333333,1.8880000000000001,,0.0
2020-02-13,17.677,17.266,2.801568181818182,2.91275,1.9009999999998346,,0.0
2020-02-14,20.169,17.963,2.909193181818182,3.220816666666667,2.1244999999988545,,0.0
2020-02-15,42.985,24.949,3.357125,5.9893375,2.8415000000006825,,8.097129821777344
2020-02-16,14.08,20.937,3.00365625,3.5560875,2.2065000000000983,,0.0
2020-02-17,22.761,21.457,2.9383125,3.6137875,2.1025000000000076,,0.0
2020-02-18,18.658,18.63,2.8239318181818183,3.0151916666666665,2.0440000000000604,,0.0
2020-02-19,17.594,17.657,2.762431818181818,2.756391666666667,1.992,,0.0
2020-02-20,13.929,18.578,2.884034090909091,3.2134708333333335,1.9400000000000603,,6.00473165512085
2020-02-21,24.481,19.563,3.163340909090909,2.8453541666666666,1.9639999999990323,,15.750738143920898
2020-02-22,46.738,26.217,4.429136363636363,3.579870833333333,2.9799999999997824,,25.43385124206543
2020-02-23,25.413,26.249,3.5009772727272725,5.164391666666667,2.960000000000278,,1.2770506143569946
2020-02-24,18.265,20.863,3.1286363636363634,3.077195833333333,2.72,,0.40540677309036255
2020-02-25,26.448,19.929,3.022409090909091,2.8884875,2.66800000000006,,2.89764666557312
2020-02-26,10.261,19.689,3.5697045454545453,2.707866666666667,2.6095000000000828,,0.7295630574226379
2020-02-27,13.063,18.795,2.89859375,2.4841125,2.5185000000000075,,0.0
2020-02-28,5.19,18.411,2.8504886363636364,2.400541666666667,2.512,,0.0
2020-02-29,15.366,18.494,2.8435,2.343929166666667,2.4600000000000604,,0.0
2020-03-01,11.385,18.092,2.8323181818181817,2.3628,2.4080000000000004,,0.0
2020-03-02,23.548,18.079,2.776409090909091,2.4490666666666665,2.4080000000000004,,0.6984756588935852
2020-03-03,28.857,19.874,3.0505,2.7617833333333333,2.3560000000000607,,19.85550880432129
2020-03-04,18.311,23.114,3.0305625,3.769054166666667,2.3040000000000003,,28.15621566772461
2020-03-05,16.64,20.525,2.847693181818182,2.6458625,2.2779999999997296,,0.0
2020-03-06,18.634,18.711,2.741465909090909,2.3250583333333332,2.53800000000003,,0.22490397095680237
2020-03-07,15.806,18.251,2.7191022727272727,2.3169708333333334,2.4600000000000604,,5.139137268066406
2020-03-08,16.016,18.722,2.7177045454545454,2.346625,2.3560000000000607,,0.7449249625205994
2020-03-09,17.399,18.697,2.714909090909091,2.4706333333333332,2.3040000000000003,,0.0
2020-03-10,31.021,18.377,2.762159090909091,2.411325,2.6738749999946894,,19.44973373413086
2020-03-11,21.513,30.525,6.242875,2.365495833333333,5.53312500000307,,17.216007232666016
2020-03-12,17.403,21.572,3.288931818181818,2.889870833333333,2.779000000000249,,2.887601375579834
2020-03-13,21.959,20.746,3.068534090909091,2.8037541666666668,2.466500000000158,,17.888988494873047
2020-03-14,27.641,27.312,3.5063295454545456,4.595645833333333,2.3105000000000078,,1.7729730606079102
2020-03-15,20.76,22.312,3.106272727272727,2.8191375,2.2520000000000606,,0.0
2020-03-16,26.44,20.425,2.920375,2.3762791666666665,2.2,,1.493483066558838
2020-03-17,17.784,19.367,2.8309204545454545,2.13635,2.14800000000006,,0.0
2020-03-18,10.604,18.694,2.7442613636363635,2.1174791666666666,2.096,,0.0
2020-03-19,32.757,19.275,2.781556818181818,2.8763916666666667,2.2151249999978817,,0.0
2020-03-20,17.932,27.842,5.063704545454545,3.2041208333333335,3.953875000001058,,5.9532880783081055
2020-03-21,20.722,25.047,3.717147727272727,2.670125,2.8880000000001576,,0.0
2020-03-22,22.374,25.595,4.091534090909091,2.982,2.85362499999841,,0.0
2020-03-23,14.769,28.551,4.031670454545455,2.271141666666667,4.440125000000256,,0.0
2020-03-24,19.211,21.314,3.2306704545454545,2.1579166666666665,4.019250000000282,,11.321159362792969
2020-03-25,28.016,20.571,3.130034090909091,2.20105,3.360000000000556,,0.0
2020-03-26,18.054,19.525,3.0238068181818183,2.1147833333333335,2.785500000000166,,29.61855697631836
2020-03-27,15.221,19.27,2.925965909090909,2.1093916666666668,2.5185000000001283,,3.7542788982391357
2020-03-28,13.473,19.099,2.8826363636363634,2.104,2.3560000000000607,,0.0
2020-03-29,45.884,19.091,2.9036022727272726,2.3481083333333332,2.2779999999997296,,1.2289186716079712
2020-03-30,57.106,30.888,3.586647727272727,10.9127,2.53800000000003,,0.0
2020-03-31,39.637,40.053,4.144443181818182,22.224445833333334,2.4567500000001017,,9.737220764160156
2020-04-01,46.734,43.81,4.2773295454545455,20.88575416666667,2.4632499999998836,,30.59818458557129
2020-04-02,18.539,28.444,3.4156136363636365,3.0586458333333333,2.5120000000000604,,0.0
2020-04-03,25.024,22.717,3.05234375,2.3223625,2.453500000000083,,0.5627869367599487
2020-04-04,51.086,27.069,3.7462954545454545,3.28615,2.3625000000000074,,11.10263729095459
2020-04-05,23.712,24.283,3.3188636363636363,2.3061875,2.30400000000006,,10.59660816192627
2020-04-06,19.523,20.854,3.0349886363636362,2.0928520833333333,2.2000000000000606,,14.248130798339844
2020-04-07,6.857,22.364,2.9434375,2.205122916666667,2.09600000000006,,15.043912887573242
2020-04-08,15.101,21.195,2.854681818181818,1.920575,1.9400000000001205,,0.9257556200027466
2020-04-09,35.439,26.547,3.646340909090909,2.5814041666666667,1.849749999999223,,29.7133846282959
2020-04-10,48.928,25.003,3.074125,2.8070916666666665,2.341750000000435,,13.21600341796875
2020-04-11,139.318,28.538,3.4445568181818182,4.556483333333333,1.9465000000000077,,20.626712799072266
2020-04-12,29.178,30.254,3.3333863636363636,4.560695833333333,1.9400000000000002,,15.966302871704102
2020-04-13,28.497,23.955,3.1095454545454544,2.378975,1.947249999999306,,7.812582492828369
2020-04-14,26.208,29.923,7.955806818181818,2.2421895833333334,2.504250000000262,,2.5476536750793457
2020-04-15,17.203,35.932,10.990761363636363,2.02225625,2.2000000000001507,,0.0
2020-04-16,16.135,29.151,4.478125,1.92565,2.0505000000000075,,0.0
2020-04-17,21.984,24.473,3.7469431818181818,1.906075,1.9920000000000602,,2.5624704360961914
2020-04-18,27.504,22.351,3.4950795454545456,1.9325375,1.8880000000000603,,7.912117004394531
2020-04-19,28.359,28.233,4.7358863636363635,2.0662295454545454,1.8814999999994209,,11.656730651855469
2020-04-20,45.229,29.456,3.680397727272727,1.884325,2.479499999999842,,11.604330062866211
2020-04-21,48.725,30.893,4.8367272727272725,3.0665520833333333,2.603000000000045,,24.962461471557617
2020-04-22,27.026,28.276,3.6949204545454544,2.06675,2.5120000000000604,,0.0
2020-04-23,43.546,31.0,3.8078636363636362,4.061579166666666,2.46,,23.717342376708984
2020-04-24,33.485,28.618,3.3713875,2.129825,2.401500000000143,,2.8491101264953613
2020-04-25,25.179,24.541,3.24325,1.97041875,2.206500000000068,,2.358987331390381
2020-04-26,38.05,24.677,3.379034090909091,1.92256875,2.09600000000006,,5.598603248596191
2020-04-27,28.537,24.359,3.12153125,1.97041875,2.037499999999481,,10.650545120239258
2020-04-28,77.013,20.842,4.7735625,3.529516666666667,2.5120000000001506,,19.483264923095703
2020-04-29,36.099,26.447,3.49078125,2.046883333333333,2.3105000000000677,,0.7463753819465637
2020-04-30,36.594,25.113,3.36240625,2.3095583333333334,2.2000000000000606,,20.185659408569336
2020-05-01,28.847,26.388,3.633625,2.3588125,2.09600000000006,,15.482867240905762
2020-05-02,20.524,26.077,3.46346875,2.073729166666667,1.9400000000001205,,0.0
2020-05-03,49.058,26.973,3.320125,2.1244729166666665,1.836,,9.797775268554688
2020-05-04,38.639,23.604,3.16765625,1.96643125,1.8034999999998118,,1.8808904886245728
2020-05-05,44.89,26.16,3.28553125,3.4578458333333333,1.9725000000000377,,13.50414752960205
2020-05-06,25.55,23.595,3.10871875,2.189677083333333,1.8880000000000603,,14.594276428222656
2020-05-07,28.471,26.702,3.21553125,3.582252083333333,1.836,,8.35270881652832
2020-05-08,18.443,24.387,3.65353125,2.1533395833333335,1.8554999999997517,,0.0
2020-05-09,16.517,22.845,,,2.0765000000000375,,0.0
2020-05-10,17.483,21.918,,,1.9920000000000602,,2.6680965423583984
2020-05-11,12.394,21.855,,,1.8880000000000603,,17.131837844848633
2020-05-12,19.002,21.677,,,1.836,,4.899949550628662
2020-05-13,41.988,24.772,4.43421875,2.04663125,1.7840000000000602,,10.28270149230957
2020-05-14,23.657,22.678,3.1593863636363637,1.966975,1.6867500000000522,,0.0
2020-05-15,14.082,20.772,2.9485625,1.9300666666666666,1.6796562499995142,,9.4893798828125
2020-05-16,23.487,23.405,3.03184375,2.7874791666666665,2.1618437500000165,,8.453428268432617
2020-05-17,18.5,21.449,2.84221875,2.1763104166666665,2.089500000000143,,17.207046508789062
2020-05-18,18.077,23.523,4.01803125,2.78546875,1.8945000000000678,,9.800883293151855
2020-05-19,46.001,32.357,4.24375,5.303904545454546,1.9919999999998195,,19.430038452148438
2020-05-20,9.8,27.432,3.39615625,2.583858333333333,2.037500000000203,,0.0
2020-05-21,24.178,22.396,2.9793125,2.104,1.7905000000000677,,4.3440260887146
2020-05-22,20.208,21.073,2.86784375,2.08206875,1.6867500000000522,,3.8451972007751465
2020-05-23,23.574,21.708,2.8508214285714284,2.0521625,1.6030000000000444,,3.5063939094543457
2020-05-24,27.439,21.001,2.83325,2.0709208333333335,1.559687500000061,,4.607935905456543
2020-05-25,13.233,20.319,2.76534375,2.0043125,1.4923125000000053,,3.7660346031188965
2020-05-26,9.598,20.301,3.23678125,2.032225,1.482687500000061,,0.5348383188247681
2020-05-27,21.928,20.289,3.09340625,2.0083,1.4484062499995842,,29.025753021240234
2020-05-28,26.435,22.63,3.27103125,2.49054375,1.8744062499997736,,16.23329734802246
2020-05-29,17.488,23.743,3.0510625,2.7587,2.0932499999992227,,11.861015319824219
2020-05-30,78.046,32.961,4.39153125,3.1710291666666666,2.8295000000002433,,23.105369567871094
2020-05-31,17.81,29.619,5.8290625,2.3115791666666667,2.460750000000302,,4.568917274475098
2020-06-01,19.607,25.879,3.61803125,3.2645916666666666,2.1090000000000755,,8.93687629699707
2020-06-02,18.148,23.848,3.835875,2.2684458333333333,1.9920000000000602,,5.696314811706543
2020-06-03,17.106,23.241,3.42125,2.6461833333333336,1.8880000000000603,,10.253422737121582
2020-06-04,20.606,24.539,3.39946875,2.5353333333333334,1.836,,3.395228624343872
2020-06-05,18.874,21.887,3.05746875,2.20105,1.7840000000000602,,0.173651784658432
2020-06-06,16.93,22.832,3.1381875,2.508375,1.6867500000000522,,22.13608741760254
2020-06-07,20.626,21.607,2.99853125,2.26575,1.6030000000000444,,2.108652114868164
2020-06-08,14.549,20.741,2.8845,2.152525,1.5260000000000442,,0.9582600593566895
2020-06-09,11.738,20.093,3.05434375,2.1309583333333335,1.482093749999623,,4.5237345695495605
2020-06-10,41.969,22.393,3.209125,3.072420833333333,1.854906250000022,,17.353212356567383
2020-06-11,47.303,25.051,4.16884375,3.610920833333333,3.193312499999889,,19.33382225036621
2020-06-12,104.56,41.755,6.28709375,8.501804166666666,2.7351875000004995,,42.642696380615234
2020-06-13,19.66,29.714,4.28240625,2.9593458333333333,2.2130000000000756,,10.068188667297363
2020-06-14,18.609,27.609,4.1078125,3.4191708333333333,2.09600000000006,,2.2098336219787598
2020-06-15,18.902,26.788,3.71434375,3.4174375,1.9920000000000602,,1.4924896955490112
2020-06-16,23.761,23.502,3.4013125,2.5488125,1.946499999999917,,0.0
2020-06-17,16.55,26.751,4.034875,3.6450291666666668,2.0374999999999925,,26.275537490844727
2020-06-18,21.995,25.92,3.69590625,2.7725666666666666,1.9920000000000602,,0.0
2020-06-19,17.308,23.923,3.4874375,2.76945,1.9139999999997293,,6.170122146606445
2020-06-20,56.7,44.614,7.023427083333333,24.971478260869564,2.2672499999994447,,17.610599517822266
2020-06-21,39.002,91.374,15.505770833333333,11.408821875,3.434562500000338,,23.9005184173584
2020-06-22,13.261,59.492,6.08940625,15.402054761904761,2.5426875000006377,,9.940698623657227
2020-06-23,11.775,33.186,4.44984375,3.7149916666666667,1.9530000000000152,,0.0
2020-06-24,21.78,31.783,4.1009375,3.518320833333333,1.881500000000143,,25.55385971069336
2020-06-25,15.492,27.078,3.815625,3.020583333333333,1.7904999999993456,,0.0
2020-06-26,34.582,57.646,8.9291875,17.6164125,2.506749999998803,,21.36501693725586
2020-06-27,16.461,54.621,5.291125,10.803229166666666,3.701250000000136,,2.4410712718963623
2020-06-28,53.566,50.778,7.3555625,10.495375,3.424000000000259,,34.086151123046875
2020-06-29,19.636,38.668,5.27296875,3.6834333333333333,3.0400000000002594,,1.5110435485839844
2020-06-30,32.484,34.902,4.40515625,5.672670833333333,2.8783749999976367,,17.704803466796875
2020-07-01,50.335,42.411,6.0464375,5.4229,4.5479374999958475,,19.718923568725586
2020-07-02,57.553,71.387,16.294958333333334,12.172608333333333,6.247187500003562,,22.332490921020508
2020-07-03,16.807,50.193,7.593229166666666,3.4771916666666667,3.1573749999974683,,0.0
2020-07-04,31.616,68.128,12.059,21.59860909090909,5.55646874998767,,38.03559112548828
2020-07-05,36.022,115.971,35.616114583333335,17.957618421052633,11.487250000005831,,47.01536560058594
2020-07-06,18.389,100.364,15.356260416666666,4.623579166666667,4.898406250001854,,4.784038543701172
2020-07-07,25.719,61.568,10.260177083333334,4.641941666666667,3.231999999999778,,1.942466378211975
2020-07-08,49.507,53.648,8.88103125,8.120185416666667,3.384000000000214,,25.665149688720703
2020-07-09,46.629,102.227,19.528625,11.348,3.0400000000002594,,29.161895751953125
2020-07-10,21.833,68.386,8.722385416666667,3.9346875,2.8309374999988424,,14.475515365600586
2020-07-11,84.73,83.513,13.65671875,24.513341666666665,3.692562500000755,,32.72749710083008
2020-07-12,26.964,68.603,10.826041666666667,4.3224875,2.8157499999996563,,2.4273693561553955
2020-07-13,19.62,57.411,9.20125,3.588783333333333,3.2888749999979736,,0.20943517982959747
2020-07-14,50.863,78.164,11.6436875,9.969858333333333,4.7461875000013,,18.701801300048828
2020-07-15,24.364,54.966,7.90553125,3.3294166666666665,3.301437500000769,,0.0978095605969429
2020-07-16,20.917,41.997,5.4358125,2.9666666666666672,2.52699999999916,,0.8691506385803223
2020-07-17,,,5.19090625,2.71865,3.1252499999999506,,3.9216148853302
2020-07-18,13.128,33.517,4.5478125,2.527245833333333,3.181062499998797,,1.523522138595581
2020-07-19,,,4.2728125,2.3870625,4.027437500000847,,0.09008713066577911
2020-07-20,24.834,29.294,4.104375,2.236095833333333,3.064000000000287,,0.7892171740531921
2020-07-21,13.074,31.605,3.98578125,2.179483333333333,2.767749999999045,,0.955220103263855
2020-07-22,26.731,37.783,4.640625,3.3918375,3.6422500000003266,,13.665023803710938
2020-07-23,50.482,37.194,4.25390625,7.18105,3.275937499998996,,17.74505615234375
2020-07-24,108.678,64.96,9.1310625,9.345366666666667,4.11556250000043,,28.3251953125
2020-07-25,91.653,64.248,9.7613125,6.409016666666667,3.6080000000003984,,32.45024871826172
2020-07-26,23.372,47.924,8.744,3.150329166666667,3.2016874999991636,,4.139503479003906
2020-07-27,51.914,64.283,9.1746875,7.672283333333334,6.163937499997846,,26.464794158935547
2020-07-28,36.196,73.913,10.076125,6.926958333333333,6.035000000002144,,29.920740127563477
2020-07-29,26.805,64.503,8.01340625,6.781583333333334,3.7163750000001907,,6.987518310546875
2020-07-30,23.783,55.053,5.93546875,8.207279166666666,3.456000000000185,,18.063133239746094
2020-07-31,23.32,42.84,6.5570625,2.9504916666666667,3.2240000000001756,,16.438884735107422
2020-08-01,18.573,36.958,5.11525,2.6108166666666666,2.984000000000083,,0.26118361949920654
2020-08-02,14.701,32.666,4.3278125,2.346625,2.848000000000075,,0.0
2020-08-03,19.114,30.251,4.03390625,2.184875,2.726000000000067,,0.0
2020-08-04,11.772,28.118,3.8878125,2.07808125,2.61600000000006,,5.60710334777832
2020-08-05,7.247,31.488,3.68671875,2.03421875,2.505500000000143,,0.21934442222118378
2020-08-06,16.341,31.185,3.54640625,1.968425,2.304000000000151,,1.4744846820831299
2020-08-07,16.652,33.067,3.462375,2.2354791666666665,2.1545000000000076,,4.514202117919922
2020-08-08,22.403,31.811,4.049375,1.93453125,2.09600000000006,,0.0
2020-08-09,11.561,31.902,4.27625,1.85079375,2.044,,0.0
2020-08-10,9.505,28.531,4.3896875,1.8288625,1.9920000000000602,,0.39065325260162354
2020-08-11,19.301,23.516,3.518875,1.8648416666666667,2.024749999998921,,1.1300384998321533
2020-08-12,32.629,23.443,4.0034375,2.9392104166666666,3.147249999999976,,22.728107452392578
2020-08-13,48.692,41.263,3.98453125,9.5327875,3.096000000000176,,19.83689308166504
2020-08-14,27.734,50.091,4.46359375,15.383352083333333,2.856000000000084,,26.901111602783203
2020-08-15,32.9,45.081,5.84371875,3.5250958333333333,2.7652499999995674,,20.086069107055664
2020-08-16,20.516,35.393,4.68703125,2.4140208333333333,3.3040624999986115,,11.04791259765625
2020-08-17,56.999,48.728,5.744875,13.572933333333333,3.875187500001078,,11.488912582397461
2020-08-18,24.997,38.31,5.22534375,2.875775,2.856000000000084,,0.6722285151481628
2020-08-19,46.526,39.393,5.8861875,4.006,4.470187499982978,,25.444320678710938
2020-08-20,84.217,100.437,13.400989583333333,18.8088,14.38265625001085,,32.957210540771484
2020-08-21,23.748,65.866,8.53059375,4.586275,4.273093749999675,,5.085501194000244
2020-08-22,29.308,70.128,9.3839375,25.208504166666668,4.099312500000856,,11.224106788635254
2020-08-23,76.487,60.892,9.4676875,4.823854166666667,3.6679374999991907,,11.263087272644043
2020-08-24,43.896,28.373,10.71521875,8.733154166666667,4.65756250000017,,5.752528190612793
2020-08-25,31.642,60.97,7.727822916666667,7.778320833333333,4.528062499995207,,30.41560935974121
2020-08-26,21.793,85.192,9.841041666666667,16.053316666666667,7.095312500002442,,8.98056697845459
2020-08-27,15.56,54.969,7.253,3.653383333333333,4.65868749999926,,9.069911003112793
2020-08-28,32.162,51.345,7.10478125,3.3547166666666666,4.6949375000012115,,1.5477616786956787
2020-08-29,21.273,42.045,5.68253125,2.8291791666666666,3.38400000000025,,29.700958251953125
2020-08-30,26.628,41.626,5.7765,3.4449708333333335,3.104000000000074,,1.9575004577636719
2020-08-31,24.118,39.203,4.50259375,2.6216,3.0159999999995653,,0.0
2020-09-01,48.833,49.642,4.9781875,3.5543583333333335,5.14287499998981,,4.2231926918029785
2020-09-02,50.797,62.873,6.52784375,4.32054,11.271406250005956,,38.89153289794922
2020-09-03,22.969,58.196,6.977943181818182,,5.13081249999779,,0.0
2020-09-04,68.334,67.581,6.989875,,7.767906249996428,,21.347646713256836
2020-09-05,26.594,80.986,7.520125,,10.047124999998465,,17.759349822998047
2020-09-06,27.368,84.986,8.34209090909091,,8.69231250000416,,18.33275032043457
2020-09-07,39.082,65.849,6.6299375,,5.299843749994359,,0.0
2020-09-08,130.771,89.732,10.41715625,,10.509500000002783,,35.41518020629883
2020-09-09,21.93,77.85,9.2030625,,6.774968750000525,,0.578162670135498
2020-09-10,38.453,64.234,7.26534375,,6.1518125000012045,,18.963346481323242
2020-09-11,29.067,55.367,5.718625,,4.698000000000715,,18.046255111694336
2020-09-12,47.207,67.501,8.080125,,3.983875000000683,,27.217769622802734
2020-09-13,39.61,76.835,7.8479375,,3.3224374999973376,,0.830853283405304
2020-09-14,17.791,52.116,6.033875,,5.065062500001267,,0.16557157039642334
2020-09-15,50.433,48.869,5.1675,,5.195124999996229,,11.69222354888916
2020-09-16,41.067,67.429,7.890875,,7.116250000002969,,0.6130167841911316
2020-09-17,39.806,57.905,6.53146875,,4.627249999998486,,8.410049438476562
2020-09-18,109.714,59.094,6.49503125,,6.471593749998074,,18.021610260009766
2020-09-19,41.51,82.05,8.89453125,,7.280593750000587,,18.987834930419922
2020-09-20,32.935,71.475,10.20690625,,6.669499999999787,,24.639352798461914
2020-09-21,55.636,64.662,8.250625,,6.426312500001269,,8.707755088806152
2020-09-22,59.079,21.376,8.9875,,4.9803125000005855,,8.612689971923828
2020-09-23,28.655,52.16,7.11740625,,4.337624999999884,,15.569231033325195
2020-09-24,22.351,49.583,6.11740625,,4.241187500000647,,11.786099433898926
2020-09-25,26.093,44.32,5.37521875,2.546116666666667,3.520562500000112,,14.998377799987793
2020-09-26,43.915,53.385,5.61603125,6.1173769230769235,3.615093749996827,,8.875462532043457
2020-09-27,63.99,73.3,9.289625,13.35136153846154,5.709093750001954,,14.255122184753418
2020-09-28,31.677,54.684,5.86990625,2.8804,3.765624999999795,,2.104922294616699
2020-09-29,30.002,46.344,4.9265,2.9743333333333335,4.1310312499972754,,10.811019897460938
2020-09-30,27.339,56.888,6.137375,5.942075,5.74909375000189,,25.757837295532227
2020-10-01,21.994,45.293,4.99159375,2.778728571428571,3.6930625000000155,,20.023048400878906
2020-10-02,39.509,44.493,4.737125,4.23698125,3.6480000000001103,,21.203020095825195
2020-10-03,50.88,46.371,5.5248125,2.7914375,5.055156249997124,,19.345945358276367
2020-10-04,103.304,65.435,8.2390625,3.924182142857143,6.3260312500009785,,16.631513595581055
2020-10-05,33.451,64.324,7.386125,11.0422875,5.037468749997484,,14.277758598327637
2020-10-06,46.361,74.81,7.907875,30.850489285714286,6.106468750002228,,7.651148319244385
2020-10-07,21.543,53.477,6.67209375,3.07969375,4.031875000000111,,0.25606831908226013
2020-10-08,23.013,44.578,5.591369565217391,2.71865,3.8560000000002774,,1.2851835489273071
2020-10-09,22.414,41.197,,,3.504000000000093,,6.660865783691406
2020-10-10,13.981,38.856,,,3.360000000000075,,0.0
2020-10-11,18.716,35.244,,,3.263999999999667,,1.0711873769760132
2020-10-12,30.468,34.032,,,3.5519999999997043,,22.839580535888672
2020-10-13,73.743,62.156,,,3.704000000000287,,23.914653778076172
2020-10-14,63.491,41.527,4.00478125,7.109525,3.368000000000084,,13.533520698547363
2020-10-15,46.198,36.244,3.44775,2.474946666666667,3.232000000000074,,4.174513339996338
2020-10-16,55.809,32.2,3.3720625,2.826757894736842,3.104000000000074,,5.003195285797119
2020-10-17,22.56,30.756,3.0100625,2.2247733333333333,3.04,,1.9249778985977173
2020-10-18,23.022,30.64,2.92678125,2.077084375,2.976000000000074,,5.566158294677734
2020-10-19,25.888,36.626,4.35440625,2.8502854166666665,2.9040000000001025,,20.428518295288086
2020-10-20,25.816,31.675,4.3465,2.210755,2.8559999999991947,,0.039787501096725464
2020-10-21,26.65,41.455,6.12725,2.4883416666666665,3.672000000000102,,6.323408603668213
2020-10-22,24.421,33.844,4.02796875,2.1496690476190476,3.4960000000000835,,13.932095527648926
2020-10-23,41.917,31.922,3.64,2.270175,3.360000000000075,,11.632842063903809
2020-10-24,74.193,42.511,4.28103125,3.1051166666666665,3.232000000000074,,21.737802505493164
2020-10-25,33.216,44.089,4.13378125,3.8324142857142856,4.326374999999939,,1.4994546175003052
2020-10-26,34.784,39.458,3.892375,2.127836842105263,3.846625000000452,,2.675978899002075
2020-10-27,22.797,32.547,3.41659375,2.0608395833333333,3.368000000000084,,7.906103610992432
2020-10-28,27.632,50.612,6.6605,2.1623785714285715,3.7078125000000983,,28.709354400634766
2020-10-29,23.572,52.614,5.671375,2.0369145833333335,3.3376875000003072,,11.839540481567383
2020-10-30,21.87,48.803,7.01975,2.313910416666667,2.984000000000083,,10.248221397399902
2020-10-31,127.642,55.954,8.924333333333333,2.3877875,4.9234999999844895,,12.828254699707031
2020-11-01,53.182,104.007,16.298125,4.5121166666666666,13.916531250008592,,30.680187225341797
2020-11-02,45.219,73.424,9.998447916666667,2.16294375,5.448156250001652,,0.0
2020-11-03,74.621,51.181,6.712,2.2081886363636363,3.73306250000021,,8.291984558105469
2020-11-04,57.715,48.94,7.8235978260869565,2.0282375,3.488000000000074,,3.4825141429901123
2020-11-05,31.437,46.646,7.579988636363637,1.9564625,3.4450624999989916,,20.99594497680664
2020-11-06,105.497,48.789,6.28825,4.543908695652174,4.38943749999969,,1.546051025390625
2020-11-07,37.743,47.733,6.058815217391304,2.274980434782609,7.130125000001612,,12.584271430969238
2020-11-08,35.067,49.976,6.427,2.24594375,4.516812500000633,,0.20431356132030487
2020-11-09,35.703,45.928,5.59821875,2.392145833333333,3.7205624999998994,,36.61167907714844
2020-11-10,64.561,53.31,7.72078125,4.565235416666667,4.54253124998813,,0.0
2020-11-11,67.868,118.38,10.26925,24.20774318181818,14.654093750008215,,37.26482391357422
2020-11-12,66.211,74.04,7.499375,5.759829166666667,5.80178124999772,,1.2570135593414307
2020-11-13,161.092,86.23,9.85559375,9.016533333333333,8.309749999994636,,53.69279861450195
2020-11-14,59.16,114.39,9.89809375,14.85175,10.966062500004767,,11.185702323913574
2020-11-15,40.31,72.291,7.872125,3.170659090909091,6.302156249996804,,6.976496696472168
2020-11-16,139.82,95.624,7.8259375,,7.662062500002667,,26.03011703491211
2020-11-17,37.866,74.48,10.13565625,,9.060656250000147,,10.037054061889648
2020-11-18,46.937,89.81,8.89421875,,8.117875000001328,,13.100317001342773
2020-11-19,32.282,65.58,7.1178125,,6.2070937500008565,,0.4102286398410797
2020-11-20,35.982,56.413,7.65575,,5.178812500000392,,2.346173048019409
2020-11-21,28.621,65.402,10.550125,,4.739125000000095,,18.429828643798828
2020-11-22,54.596,73.829,11.130416666666667,,4.584000000000085,,0.8550387620925903
2020-11-23,36.395,55.563,7.967625,,4.4288750000002,,2.878387451171875
2020-11-24,32.167,49.837,6.75196875,,4.155125000000095,,3.4809787273406982
2020-11-25,33.183,43.9,5.60140625,,4.073000000000001,,0.0
2020-11-26,25.681,39.511,4.78896875,,4.004500000000079,,0.0
2020-11-27,51.343,43.79,5.70915625,,4.152906249996498,,21.468597412109375
2020-11-28,63.672,81.82,8.6978125,,7.082093750001356,,37.452415466308594
2020-11-29,44.437,71.505,7.56840625,,5.287500000000814,,1.7105748653411865
2020-11-30,34.589,50.81,5.79375,,4.520124999999292,,6.388986110687256
2020-12-01,44.8,66.527,6.1594375,,4.930750000000697,,29.52008056640625
2020-12-02,37.679,49.373,6.642,,5.035437499991676,,0.0
2020-12-03,75.186,99.446,11.84334375,,9.553500000005236,,44.50232696533203
2020-12-04,27.792,74.374,7.77625,,4.777312500000266,,0.0
2020-12-05,30.952,50.312,5.7868125,,4.438000000000211,,0.0
2020-12-06,49.272,59.414,5.89996875,,4.146562500000204,,5.622397422790527
2020-12-07,50.725,47.816,5.22378125,,3.9445625000000097,,16.025959014892578
2020-12-08,30.798,42.181,4.585625,,3.936,,4.852033615112305
2020-12-09,34.788,42.504,4.3484375,,3.872000000000074,,15.056280136108398
2020-12-10,31.728,38.73,4.07,,3.808,,0.10717242956161499
2020-12-11,31.466,36.57,3.7503125,,3.736000000000176,,2.3236498832702637
2020-12-12,31.74,35.334,3.5340625,,3.5679999999999072,,8.446718215942383
2020-12-13,28.417,34.33,3.4534375,,3.544000000000139,,4.198707103729248
2020-12-14,36.203,33.449,3.7530625,,3.424000000000001,,0.0
2020-12-15,62.493,44.009,4.85715625,,3.424000000000001,,11.061403274536133
2020-12-16,25.871,38.387,3.5691875,,3.360000000000075,,0.0
2020-12-17,28.924,36.553,3.23359375,,3.2960000000000003,,4.229526996612549
2020-12-18,42.016,32.679,3.0100625,,3.2960000000000003,,14.021028518676758
2020-12-19,30.041,30.178,2.9639375,,3.2960000000000003,,0.0
2020-12-20,30.403,35.269,2.82940625,,3.232000000000074,,1.0322118997573853
2020-12-21,30.846,35.586,3.59465625,,3.168,,0.2849707007408142
2020-12-22,26.856,29.382,2.7384375,,3.168,,0.0
2020-12-23,26.441,27.899,2.659,,3.104000000000074,,0.0
2020-12-24,69.563,27.1,2.612875,,3.2066249999978784,,3.318199872970581
2020-12-25,43.015,56.186,7.3193125,,4.574375000001109,,20.86792755126953
2020-12-26,18.362,67.932,9.0936875,,4.229999999999675,,7.008734703063965
2020-12-27,26.217,66.983,8.562282608695652,,4.24693750000032,,10.940597534179688
2020-12-28,19.295,61.215,,,3.872562500000186,,0.0
2020-12-29,17.493,44.385,,,3.608000000000287,,0.0
2020-12-30,22.8,38.122,,,3.2480000000000926,,0.12819436192512512
2020-12-31,31.032,35.353,,,3.1119999999999726,,1.3133666515350342
2021-01-01,33.453,32.539,3.85859375,,3.159999999999991,,0.16286347806453705
2021-01-02,65.791,33.743,4.057125,,3.104000000000074,,0.0
2021-01-03,36.889,40.087,5.4679375,,2.976000000000074,,17.14826774597168
2021-01-04,14.186,37.492,3.5275,,2.912000000000001,,0.0
2021-01-05,14.14,30.487,3.40709375,,2.848000000000075,,0.0
2021-01-06,16.391,34.305,2.89603125,,2.784,,0.0
2021-01-07,15.795,32.843,2.85759375,,2.789249999999262,,0.0
2021-01-08,53.255,32.694,2.9536875,,3.544750000000102,,3.0971100330352783
2021-01-09,35.359,31.901,2.99084375,,3.4240000000001114,,21.98617935180664
2021-01-10,69.88,41.379,4.01378125,,3.685062499994417,,17.638904571533203
2021-01-11,72.349,67.328,8.88875,,7.009687500002977,,18.685409545898438
2021-01-12,25.728,56.832,5.2075625,,4.301125000000222,,0.7308464646339417
2021-01-13,38.03,37.888,3.6266875,,4.005625000000192,,2.5349204540252686
2021-01-14,26.005,35.063,3.33165625,,3.7360000000002866,,10.358421325683594
2021-01-15,18.323,31.846,3.01903125,,3.3680000000001953,,3.620272159576416
2021-01-16,18.423,34.577,2.858875,,3.1040000000001853,,0.0
2021-01-17,23.433,32.441,2.81275,,2.856000000000084,,0.0
2021-01-18,15.476,30.163,2.6461875,,2.784,,0.0
2021-01-19,19.348,28.174,2.56546875,,2.726000000000067,,0.0
2021-01-20,20.757,27.456,2.5026875,,2.61600000000006,,0.0
2021-01-21,22.651,27.053,2.44503125,,2.564,,0.0
2021-01-22,21.341,26.82,2.4309375,,2.5120000000000604,,0.0
2021-01-23,22.592,32.591,2.5590625,,2.512249999999335,,27.696186065673828
2021-01-24,31.785,32.188,2.9485625,,3.1797500000000136,,3.5157783031463623
2021-01-25,32.354,31.58,2.56675,,3.168,,23.81774139404297
2021-01-26,24.235,33.027,2.68078125,,3.104000000000074,,21.96128273010254
2021-01-27,20.978,30.508,2.5026875,,3.032000000000102,,0.0
2021-01-28,20.361,28.369,2.43990625,,2.8487500000001758,,0.0
2021-01-29,19.915,27.56,2.3950625,,2.6752500000000086,,0.0
2021-01-30,19.632,26.74,2.311260416666667,,2.609500000000143,,0.0
2021-01-31,19.42,25.993,2.262677083333333,,2.4987499999995966,,0.0
2021-02-01,22.333,25.34,2.253458333333333,,2.943749999999963,,1.3547285795211792
2021-02-02,13.397,25.561,2.21146875,,2.9120000000000745,,22.543338775634766
2021-02-03,31.782,25.746,2.2783229166666668,,2.8480000000000003,,0.9291937947273254
2021-02-04,52.73,27.196,2.212125,,2.7840000000000744,,1.0233865976333618
2021-02-05,99.445,27.165,2.1778229166666665,,2.66800000000006,,3.1388041973114014
2021-02-06,34.296,27.489,2.1509375,,2.6384999999997136,,6.909819602966309
2021-02-07,22.579,29.084,2.1194166666666665,,2.8895000000000484,,0.0
2021-02-08,35.804,22.814,2.1694791666666666,,2.7840000000000744,,13.448704719543457
2021-02-09,30.01,24.827,2.569958333333333,,2.8456249999984005,,0.0
2021-02-10,36.481,49.638,4.44184375,,3.855375000000722,,0.4902665615081787
2021-02-11,26.298,27.945,2.6666875,,3.168000000000074,,3.85058856010437
2021-02-12,27.69,24.444,2.3040625,,3.040000000000074,,0.0
2021-02-13,21.49,24.314,2.218395833333333,,2.976,,0.0
2021-02-14,20.952,23.297,2.1933645833333335,,2.9120000000000745,,0.0
2021-02-15,20.371,24.279,2.1794583333333333,,2.7840000000000744,,0.0
2021-02-16,20.514,22.717,2.1414479166666665,,2.6615000000001428,,6.585042476654053
2021-02-17,20.708,22.159,2.13425,,2.571499999999333,,0.0
2021-02-18,53.897,28.098,3.6291979166666666,,3.327499999998937,,14.972318649291992
2021-02-19,30.2,45.238,4.67703125,,3.903500000000407,,15.468106269836426
2021-02-20,26.578,28.129,3.5485,,3.496000000000565,,0.23024435341358185
2021-02-21,24.456,48.159,6.43865625,,2.863999999999611,,3.784780979156494
2021-02-22,22.916,39.626,5.839375,,3.3359999999997503,,0.0
2021-02-23,34.09,36.311,3.7561875,,3.280000000000352,,6.904618740081787
2021-02-24,24.625,32.776,3.04721875,,2.9120000000000745,,0.0
2021-02-25,24.874,30.609,2.715375,,2.8480000000000003,,19.221759796142578
2021-02-26,50.07,27.831,2.7,,2.8159999999996668,,15.173028945922852
2021-02-27,41.132,28.646,2.73203125,,3.136000000000037,,9.306492805480957
2021-02-28,60.296,29.235,2.8389375,,3.399999999999935,,17.980552673339844
2021-03-01,34.602,36.06,6.11453125,,4.351874999999858,,10.784795761108398
2021-03-02,27.228,60.476,10.57534375,,3.8191250000007537,,5.6425886154174805
2021-03-03,23.786,42.872,6.698875,,5.733625000000574,,0.8395155072212219
2021-03-04,23.803,41.2,5.59640625,,4.120624999999057,,14.449201583862305
2021-03-05,25.51,56.563,7.03065625,,4.574750000000999,,0.0
2021-03-06,18.187,36.942,4.87328125,,3.512000000000176,,0.14698979258537292
2021-03-07,54.977,53.234,5.870125,,3.5424999999976774,,13.325532913208008
2021-03-08,49.614,72.671,7.57596875,,5.149125000001203,,30.961376190185547
2021-03-09,24.257,46.416,5.47725,,3.8913750000002816,,0.6450308561325073
2021-03-10,59.406,41.926,4.06828125,,4.071499999999913,,18.44263458251953
2021-03-11,16.942,49.567,6.1381875,,4.781437499996473,,10.669194221496582
2021-03-12,28.107,95.242,21.838947916666665,,9.701875000001687,,5.5096917152404785
2021-03-13,26.595,107.503,14.76278125,,6.246812500001966,,0.20958058536052704
2021-03-14,31.225,74.919,8.6269375,,5.3077499999999675,,6.251657485961914
2021-03-15,46.283,58.001,8.2611875,,11.30474999999748,,7.014994144439697
2021-03-16,32.155,124.199,14.2381875,,10.441937500003778,,12.599538803100586
2021-03-17,42.356,89.141,9.715104166666666,,7.620812499986806,,9.738965034484863
2021-03-18,45.984,167.099,20.7935,,18.07625000000045,,9.40764045715332
2021-03-19,44.691,175.842,23.811979166666667,,17.64999999999239,,11.434601783752441
2021-03-20,68.43,200.886,32.5698125,,23.549375000008226,,15.533065795898438
2021-03-21,51.381,170.696,19.862354166666666,,13.435937499987956,,1.0718178749084473
2021-03-22,32.34,149.766,19.169541666666667,,25.14531250001023,,20.465068817138672
2021-03-23,50.849,140.238,16.898291666666665,,12.81612499999121,,0.0
2021-03-24,53.311,163.102,15.249875,,17.811125000007625,,7.618317604064941
2021-03-25,27.68,113.601,11.264979166666667,,9.393375000001905,,4.499842166900635
2021-03-26,60.924,81.698,8.5410625,,7.409812499999282,,13.49145221710205
2021-03-27,35.797,98.18,11.23375,,7.225812500001379,,10.966330528259277
2021-03-28,21.26,71.775,7.91934375,,5.798250000000344,,5.184975624084473
2021-03-29,32.703,64.416,7.082,,5.370874999998743,,4.758946895599365
2021-03-30,61.327,85.403,7.3646875,,6.284500000000938,,10.142278671264648
2021-03-31,22.615,64.139,6.33040625,,5.2808750000001305,,13.59313678741455
2021-04-01,39.771,64.285,6.09078125,,5.085875000000201,,19.459447860717773
2021-04-02,26.439,61.808,6.07734375,,4.803000000000211,,2.918254852294922
2021-04-03,57.078,84.057,10.5803125,,4.63524999999863,,11.612107276916504
2021-04-04,56.315,75.546,9.074875,,5.880125000000645,,11.734682083129883
2021-04-05,43.41,62.907,7.063375,,5.814124999990622,,3.777557849884033
2021-04-06,31.13,116.858,11.8500625,,11.179625000005862,,15.565213203430176
2021-04-07,27.78,75.596,7.97378125,,5.477875000000655,,9.508604049682617
2021-04-08,24.71,66.44,6.92075,,4.9294999999986,,3.0534744262695312
2021-04-09,87.71,80.453,6.77415625,,6.224125000000409,,11.975214958190918
2021-04-10,35.01,66.677,6.32375,,5.635375000000329,,2.9209625720977783
2021-04-11,32.98,77.836,6.65465625,,5.314000000000127,,16.38211441040039
2021-04-12,76.592,70.43,5.79790625,,5.022000000000296,,13.165331840515137
2021-04-13,24.308,57.436,5.4584375,,4.657000000000211,,0.0
2021-04-14,32.63,54.254,4.834375,,4.44712500000001,,16.20669937133789
2021-04-15,20.83,52.153,4.2659375,,4.656124999996378,,11.58530330657959
2021-04-16,24.705,84.95,5.70871875,,6.539750000002222,,16.707876205444336
2021-04-17,45.28,60.054,4.82059375,,4.520125000000095,,13.027453422546387
2021-04-18,26.38,54.895,4.74978125,,4.365000000000085,,0.23962557315826416
2021-04-19,18.71,52.767,3.80234375,,4.219000000000085,,3.656528949737549
2021-04-20,16.43,48.497,3.207375,,4.146,,0.0
2021-04-21,31.78,49.767,3.75065625,,4.073000000000085,,2.8036131858825684
2021-04-22,38.98,49.083,3.84515625,,3.9531249999998557,,0.0698632299900055
2021-04-23,128.57,50.879,3.2065625,,4.064999999999949,,8.46398639678955
2021-04-24,49.89,48.857,3.83159375,,4.063875000000074,,5.745905876159668
2021-04-25,34.31,47.163,3.1003125,,3.936000000000074,,4.673676490783691
2021-04-26,56.56,46.037,3.00878125,,3.94512499999981,,19.907209396362305
2021-04-27,48.8,51.209,4.0275,,4.1277500000001055,,20.25339126586914
2021-04-28,34.29,55.922,5.1278125,,5.518124999998738,,10.493551254272461
2021-04-29,41.714,82.571,6.75478125,,5.83212500000013,,1.834857702255249
2021-04-30,41.57,87.226,8.29078125,,5.979250000000745,,4.3751630783081055
2021-05-01,33.461,63.651,7.09565625,,4.936375000000493,,0.09242179244756699
2021-05-02,68.132,64.472,7.525552083333333,,13.788249999993896,,10.796116828918457
2021-05-03,39.244,125.64,13.620385416666666,,15.964499999987225,,21.1366024017334
2021-05-04,38.882,147.195,12.10975,,21.73093749999951,,1.32857346534729
2021-05-05,42.048,116.254,10.1374375,,21.81837500000905,,1.728248953819275
2021-05-06,29.783,102.104,9.42321875,,14.850812499989216,,17.76010513305664
2021-05-07,46.93,119.342,13.5606875,,24.300875000006958,,13.486135482788086
2021-05-08,94.098,125.655,17.796083333333332,,15.117500000004647,,13.999151229858398
2021-05-09,41.734,104.726,13.306916666666666,,10.250374999993788,,13.123441696166992
2021-05-10,29.285,131.165,10.3703125,,13.736187500005425,,10.722871780395508
2021-05-11,24.48,74.611,7.6601875,,7.8904375000012,,0.0
2021-05-12,28.771,58.085,6.78746875,,6.6182500000003435,,2.074641466140747
2021-05-13,28.236,57.659,6.59,,6.198000000000237,,13.437341690063477
2021-05-14,48.405,53.557,6.066375,,5.880250000000107,,14.060073852539062
2021-05-15,150.421,52.219,5.951,,5.664999999999668,,20.723949432373047
2021-05-16,96.352,60.257,7.2535625,,7.162874999984204,,18.30440330505371
2021-05-17,178.52,138.334,20.39840625,,21.321499999995886,,15.991470336914062
2021-05-18,71.107,148.501,28.462541666666667,,20.16562500000725,,14.024026870727539
2021-05-19,70.515,123.17,15.422583333333334,,12.332750000002605,,11.902887344360352
2021-05-20,46.272,94.745,8.92825,,9.323625000002037,,3.3199081420898438
2021-05-21,30.229,68.187,7.29403125,,7.6147499999922035,,6.317899703979492
2021-05-22,82.157,89.854,8.40415625,,14.370187500002276,,16.38498306274414
2021-05-23,85.185,101.034,9.99025,,10.988437500003025,,16.189701080322266
2021-05-24,37.351,75.272,7.0871875,,7.562750000001104,,0.0
2021-05-25,103.989,64.667,7.2874375,,6.996874999991633,,6.7316999435424805
2021-05-26,63.149,101.556,10.3395625,,12.067562500004197,,16.40205955505371
2021-05-27,21.877,87.774,10.87478125,,8.163750000000963,,6.512419700622559
2021-05-28,31.057,83.468,8.65984375,,9.035562499998788,,8.095385551452637
2021-05-29,55.089,79.016,10.0121875,,9.416125000000859,,25.1690731048584
2021-05-30,35.161,89.917,9.742375,,8.512187499997971,,1.052859902381897
2021-05-31,85.736,81.782,9.01271875,,10.684374999986423,,16.60724449157715
2021-06-01,146.083,140.191,40.63002083333333,,26.039437499989788,,19.265697479248047
2021-06-02,55.561,234.333,52.15177083333333,,31.927062500012802,,16.717679977416992
2021-06-03,67.059,128.541,16.912947916666667,,21.476812500008013,,7.5380659103393555
2021-06-04,43.427,86.848,10.0841875,,11.57518750000272,,17.719411849975586
2021-06-05,31.515,67.361,8.0340625,,8.74212499999974,,10.184054374694824
2021-06-06,53.467,70.72,7.980625,,8.90137500000032,,11.769832611083984
2021-06-07,41.209,77.596,7.32715625,,9.526937499985964,,11.156208992004395
2021-06-08,81.02,113.183,13.516541666666667,,21.939499999992055,,16.67728042602539
2021-06-09,70.226,169.94,25.78934375,,23.62250000000949,,19.29497528076172
2021-06-10,48.393,112.265,11.0991875,,13.2931875000037,,3.3570175170898438
2021-06-11,73.072,79.291,10.339395833333333,,10.63187499998471,,0.9438199996948242
2021-06-12,68.669,122.775,24.870458333333332,,25.211062500003873,,16.187061309814453
2021-06-13,50.282,117.357,14.001104166666666,,20.524250000002414,,27.32815170288086
2021-06-14,66.786,106.78,11.2523125,,17.567500000002198,,19.060924530029297
2021-06-15,43.785,97.1,12.6424375,,14.677062500002352,,8.835164070129395
2021-06-16,49.334,90.75,10.5124375,,11.815062500001874,,4.884867191314697
2021-06-17,35.317,73.183,8.5009375,,10.155624999995409,,4.792954444885254
2021-06-18,36.019,97.754,8.3996875,,13.36362500000208,,16.7758846282959
2021-06-19,33.933,74.842,8.030375,,11.26087500000029,,15.184931755065918
2021-06-20,44.584,75.791,10.927927083333334,,11.581437499985572,,1.3946117162704468
2021-06-21,41.533,172.402,23.73859375,,21.433500000008607,,13.615493774414062
2021-06-22,29.612,99.156,10.2638125,,12.968875000001429,,3.04733943939209
2021-06-23,32.949,81.214,8.863375,,12.17031249998691,,0.0
2021-06-24,88.819,118.383,16.313125,,20.69887500000496,,20.697879791259766
2021-06-25,59.114,111.467,9.61975,,15.34681250000306,,8.56057357788086
2021-06-26,32.045,85.997,10.977625,,11.673562500001305,,15.447420120239258
2021-06-27,71.561,72.653,8.765125,,10.679687499992106,,3.309643507003784
2021-06-28,43.948,107.542,21.892833333333332,,17.690812500003457,,12.565396308898926
2021-06-29,32.615,106.623,13.709916666666667,,12.64487500000225,,9.309362411499023
2021-06-30,32.184,71.428,8.3884375,,10.520750000000149,,6.008531093597412
2021-07-01,25.098,63.002,7.55225,,10.410187499998576,,0.0
2021-07-02,24.729,58.062,7.24309375,,11.505250000001046,,3.579010486602783
2021-07-03,28.661,53.184,6.72978125,,9.970812500001324,,6.247314929962158
2021-07-04,26.539,50.806,6.40584375,,8.22550000000109,,0.0
2021-07-05,22.621,48.26,6.2305625,,7.064250000000149,,0.5497409701347351
2021-07-06,25.242,46.21,6.07525,,6.854000000000095,,7.715672492980957
2021-07-07,32.097,46.263,5.89553125,,6.6900000000000945,,0.0
2021-07-08,19.087,45.234,5.76240625,,6.556749999999704,,0.07083794474601746
2021-07-09,27.979,46.679,5.27871875,,6.901562499999062,,10.685662269592285
2021-07-10,24.767,61.049,5.08725,,7.738562499999346,,16.331235885620117
2021-07-11,65.07,53.986,5.728375,,7.7398750000011685,,15.17485237121582
2021-07-12,26.661,43.373,4.9889375,,6.4850000000000945,,0.0
2021-07-13,24.842,47.757,4.8125,,6.1980000000001425,,5.6822967529296875
2021-07-14,16.862,40.142,4.57875,,6.023750000000083,,6.286935806274414
2021-07-15,26.23,37.501,4.090625,,6.119124999996924,,6.2375311851501465
2021-07-16,66.331,54.211,5.9666875,,9.668999999988825,,13.259634017944336
2021-07-17,74.907,106.431,8.2503125,,21.415624999995757,,13.803316116333008
2021-07-18,96.241,80.226,7.6716875,,18.363125000011454,,10.14179801940918
2021-07-19,25.381,53.141,5.93109375,,7.441875000000729,,3.0122551918029785
2021-07-20,22.876,43.609,4.35359375,,6.608000000000332,,0.0
2021-07-21,25.293,38.973,3.72109375,,6.208250000000106,,0.04685623571276665
2021-07-22,18.384,36.558,3.5795,,5.96225000000006,,0.0
2021-07-23,24.559,36.448,3.883375,,5.777750000000178,,0.10915926843881607
2021-07-24,93.869,35.784,3.47659375,,5.572749999999703,,22.241413116455078
2021-07-25,30.61,48.758,4.95634375,,5.767500000000024,,25.673076629638672
2021-07-26,19.171,47.459,5.561875,,5.831874999997401,,0.0
2021-07-27,109.018,59.85,5.64434375,,7.683875000001435,,29.106307983398438
2021-07-28,39.212,50.437,4.79671875,,6.146750000000368,,8.641286849975586
2021-07-29,77.364,59.722,4.6135625,,5.757249999999584,,0.0
2021-07-30,41.932,44.361,6.01534375,,6.064750000000273,,24.252111434936523
2021-07-31,24.218,39.922,5.13725,,5.625125000000318,,0.0
2021-08-01,19.56,37.12,4.764375,,5.32312500000001,,0.0
2021-08-02,25.138,34.201,3.46584375,,5.241000000000085,,1.3943346738815308
2021-08-03,23.157,32.474,3.7138125,,5.168,,3.8931469917297363
2021-08-04,15.876,31.97,3.664375,,5.168,,4.958945274353027
2021-08-05,16.414,31.633,3.57678125,,5.095000000000085,,0.0
2021-08-06,19.304,33.315,3.063875,,5.0367499999989676,,0.0
2021-08-07,22.519,31.796,2.90371875,,6.100000000000124,,0.6677778959274292
2021-08-08,26.944,36.517,3.3450625,,5.870000000000237,,17.49641227722168
2021-08-09,23.871,39.917,3.5301875,,5.79662499999615,,5.673130989074707
2021-08-10,19.821,45.422,4.3738125,,8.151875000002214,,22.286334991455078
2021-08-11,21.378,50.838,4.87365625,,5.972999999997606,,7.646502494812012
2021-08-12,56.102,56.45,5.04109375,,8.225562500000713,,3.1686959266662598
2021-08-13,69.954,70.511,5.80240625,,7.206937500000739,,15.109484672546387
2021-08-14,76.633,75.92,6.6053125,,7.115812499989027,,5.985193729400635
2021-08-15,45.399,128.965,18.130177083333333,,17.858750000005646,,18.480356216430664
2021-08-16,27.89,99.069,10.46190625,,11.091437499994656,,2.168713092803955
2021-08-17,64.999,96.857,14.236,,14.669937500000312,,24.029300689697266
2021-08-18,29.378,102.335,14.127791666666667,,12.496187500003687,,2.5961127281188965
2021-08-19,45.487,72.151,8.1915625,,9.062749999997676,,19.24930191040039
2021-08-20,42.132,96.601,8.45453125,,10.321375000001348,,4.686358451843262
2021-08-21,31.983,56.955,7.06440625,,8.694562500001469,,0.0
2021-08-22,29.074,50.182,6.5678125,,7.642937499993263,,12.373080253601074
2021-08-23,128.952,72.011,8.3445625,,12.433375000002897,,11.173636436462402
2021-08-24,81.666,72.225,8.468375,,9.529374999998883,,17.92630958557129
2021-08-25,65.973,81.678,7.9263125,,10.610875000000908,,9.115579605102539
2021-08-26,61.091,74.712,8.1565,,8.91868750000023,,26.197240829467773
2021-08-27,32.251,64.398,7.01646875,,8.383437499999985,,0.9903984069824219
2021-08-28,37.529,61.952,6.2455,,7.914625000001406,,14.810458183288574
2021-08-29,28.728,50.757,4.33984375,,6.76149999999495,,1.6992660760879517
2021-08-30,101.361,76.884,11.290614583333333,,12.164749999994472,,20.505592346191406
2021-08-31,60.394,106.382,18.287614583333333,,16.582875000001994,,24.241592407226562
2021-09-01,37.5,112.95,18.43407291666667,,14.075625000002765,,2.1198508739471436
2021-09-02,32.81,83.503,9.78746875,,10.509875000001566,,15.439277648925781
2021-09-03,26.73,63.48,7.5484375,,8.68931250000082,,0.08560764044523239
2021-09-04,32.578,64.055,6.803,,8.008437499994056,,5.141324996948242
2021-09-05,85.93,87.256,10.436833333333333,,13.06906250000206,,20.460918426513672
2021-09-06,47.025,82.423,8.65,,10.500312500000303,,8.079670906066895
2021-09-07,86.541,76.531,9.2486875,,10.486124999995882,,2.188308000564575
2021-09-08,47.91,98.93,10.481875,,11.97787500000273,,8.540698051452637
2021-09-09,27.908,77.996,8.194375,,9.361999999999938,,2.2088441848754883
2021-09-10,39.238,65.566,7.23525,,9.979999999998986,,10.22138786315918
2021-09-11,32.306,80.525,8.5104375,,10.211750000001281,,22.50229263305664
2021-09-12,40.525,74.75,8.19765625,,8.810187499999104,,6.720689296722412
2021-09-13,22.884,60.11,6.8429375,,9.636312500000615,,0.37828341126441956
2021-09-14,57.622,58.233,6.519,,8.473562499999108,,8.990489959716797
2021-09-15,60.66,73.167,8.219875,,9.52568750000013,,13.732083320617676
2021-09-16,28.429,59.964,6.12628125,,9.259000000000297,,5.848001480102539
2021-09-17,27.677,51.288,6.093,,8.835687500000562,,0.0
2021-09-18,27.475,46.367,4.6025,,8.408437499996884,,0.0
2021-09-19,41.995,57.569,5.014125,,11.33156250000138,,17.4744930267334
2021-09-20,24.542,48.719,5.05134375,,8.750500000002033,,3.9651432037353516
2021-09-21,89.454,55.002,5.91634375,,6.932562499995876,,8.060380935668945
2021-09-22,47.09,45.774,4.9729375,,12.920250000001008,,1.8353736400604248
2021-09-23,81.999,126.699,23.7979375,,10.317937500001683,,21.733142852783203
2021-09-24,48.51,106.669,10.137729166666666,,8.581312500000536,,10.162606239318848
2021-09-25,29.905,66.712,7.2039375,,7.828437500000682,,4.3605756759643555
2021-09-26,24.611,56.399,6.7169375,,7.042437500000266,,0.0
2021-09-27,25.482,51.878,6.13959375,,6.700250000000106,,0.0
2021-09-28,25.811,49.663,6.1785,,6.515750000000225,,26.500402450561523
2021-09-29,43.283,51.567,6.4435625,,7.045499999993244,,8.173254013061523
2021-09-30,51.901,96.309,11.49003125,,12.904937500002408,,25.95400047302246
2021-10-01,30.324,71.499,7.9209375,,9.7446250000014,,0.14510785043239594
2021-10-02,121.363,80.356,7.916875,,8.17662500000112,,19.94272804260254
2021-10-03,76.505,72.885,6.457,,6.922062500000174,,9.080233573913574
2021-10-04,37.593,53.526,5.92915625,,7.050812499996451,,22.242551803588867
2021-10-05,44.795,75.209,6.6346875,,9.957187500002735,,34.543067932128906
2021-10-06,26.553,57.519,5.71903125,,7.211624999996877,,14.625399589538574
2021-10-07,33.383,82.518,8.08721875,,8.738875000002466,,14.181970596313477
2021-10-08,34.15,56.309,6.16178125,,6.403000000000142,,22.0291805267334
2021-10-09,43.561,49.446,4.6130625,,6.187750000000225,,6.800079345703125
2021-10-10,58.158,51.603,4.74296875,,10.178124999999625,,7.578052520751953
2021-10-11,36.281,60.737,7.405625,,8.64568750000177,,14.0206937789917
2021-10-12,28.328,48.145,4.56671875,,6.775937499999816,,0.0
2021-10-13,50.893,61.624,6.92434375,,6.938624999999586,,15.092303276062012
2021-10-14,33.041,56.94,6.15778125,,7.083937499999321,,5.066839694976807
2021-10-15,20.414,64.516,7.89025,,7.815874999996079,,13.738202095031738
2021-10-16,76.254,59.548,7.07196875,,11.358437500001653,,0.2920509874820709
2021-10-17,39.275,84.971,17.1289375,,9.048500000001077,,31.47186851501465
2021-10-18,26.048,75.62,8.19846875,,7.807937500000943,,0.20171916484832764
2021-10-19,91.739,56.432,7.29165625,,6.745187500000158,,9.70528793334961
2021-10-20,59.418,63.414,7.83459375,,6.515750000000225,,21.676666259765625
2021-10-21,42.894,55.897,6.2710625,,6.2928749999990305,,0.0
2021-10-22,55.051,60.304,6.9675625,,7.1081250000003395,,32.0745849609375
2021-10-23,31.1,63.158,8.1053125,,6.690000000000237,,8.399676322937012
2021-10-24,29.82,59.774,6.05325,,6.372250000000107,,10.763429641723633
2021-10-25,52.04,42.188,4.2155625,,6.249249999999443,,0.2504822611808777
2021-10-26,52.422,77.204,8.520916666666666,,13.189125000000892,,19.09805679321289
2021-10-27,64.357,132.102,18.998760416666666,,11.58193749997961,,35.1651496887207
2021-10-28,22.051,88.193,8.72921875,,23.21768750001439,,0.4554552435874939
2021-10-29,35.162,81.97,11.749229166666666,,9.883937499993419,,38.44684600830078
2021-10-30,54.729,81.974,10.9884375,,13.707812500003243,,3.4802870750427246
2021-10-31,76.526,95.235,13.46475,,9.950562500000139,,3.177043914794922
2021-11-01,44.573,92.375,14.6328125,,10.815812499999389,,8.68364143371582
2021-11-02,31.513,98.744,14.621145833333333,,11.059250000001308,,0.0
2021-11-03,40.146,91.419,13.346520833333333,,9.529374999999359,,11.150321006774902
2021-11-04,96.833,100.335,10.363875,,9.96712500000076,,16.567529678344727
2021-11-05,30.521,67.721,8.2196875,,8.883500000000671,,4.287096977233887
2021-11-06,34.249,60.873,7.3515625,,7.920937500000788,,0.0
2021-11-07,83.344,57.636,6.945,,7.052687500000135,,7.141088962554932
2021-11-08,54.669,61.403,7.174625,,7.118874999996722,,21.729015350341797
2021-11-09,44.253,85.792,12.165302083333334,,10.0885000000009,,34.681678771972656
2021-11-10,46.471,92.121,10.6586875,,8.791000000000778,,20.12019157409668
2021-11-11,40.545,79.542,9.85065625,,7.818187500000812,,4.296379566192627
2021-11-12,37.574,60.468,7.4215625,,6.898937500000147,,0.0
2021-11-13,37.63,66.45,8.9355625,,6.755437499999261,,12.792558670043945
2021-11-14,32.828,70.65,8.464375,,7.497062500000031,,0.10546661913394928
2021-11-15,37.019,62.44,8.2871875,,7.2747500000003456,,22.123279571533203
2021-11-16,22.711,61.419,7.86625,,6.864250000000108,,1.4129793643951416
2021-11-17,23.478,52.097,6.945,,6.6900000000000945,,0.0
2021-11-18,21.679,49.216,6.874125,,6.546499999999835,,0.0
2021-11-19,24.624,54.247,8.1505,,6.66950000000007,,0.0
2021-11-20,28.557,57.753,7.78465625,,6.811374999996461,,0.26748791337013245
2021-11-21,28.461,76.977,14.833927083333334,,9.929250000002643,,12.062108993530273
2021-11-22,37.853,68.219,11.670583333333333,,7.074999999999744,,26.455209732055664
2021-11-23,41.933,74.573,11.63653125,,7.823499999992752,,17.793066024780273
2021-11-24,58.018,96.625,15.445489583333334,,13.701312499988028,,39.16033935546875
2021-11-25,48.596,132.927,32.276895833333334,,22.684000000003337,,5.442748069763184
2021-11-26,41.813,139.8,30.860885416666665,,22.281562500002597,,56.08678436279297
2021-11-27,80.602,129.887,22.486572916666667,,16.570625000005442,,4.519463062286377
2021-11-28,27.104,86.451,11.945958333333333,,10.464750000001573,,0.0
2021-11-29,24.615,69.423,9.305125,,8.878249999999309,,12.652159690856934
2021-11-30,37.959,82.522,11.93125,,9.617749999997375,,25.32624053955078
2021-12-01,65.195,95.21,11.926677083333333,,11.614687499993188,,14.460103988647461
2021-12-02,33.568,70.669,9.15409375,,15.734062499996693,,2.0061049461364746
2021-12-03,50.724,64.88,8.363125,,14.386125000007194,,8.337275505065918
2021-12-04,67.434,82.009,11.607395833333333,,7.586937500000081,,24.724597930908203
2021-12-05,35.659,69.465,8.4896875,,7.250562500000507,,2.007951259613037
2021-12-06,48.695,58.249,7.7753125,,6.700250000000106,,16.642208099365234
2021-12-07,,,7.356875,,6.59775000000013,,0.34703272581100464
2021-12-08,,,6.63215625,,6.372250000000107,,0.0
2021-12-09,22.434,46.919,6.164,,6.1980000000000945,,0.7459162473678589
2021-12-10,21.584,44.64,5.77328125,,6.116,,2.588315486907959
2021-12-11,19.291,41.41,5.0684375,,6.034000000000095,,18.943178176879883
2021-12-12,21.427,44.421,5.3371875,,5.952,,17.0506534576416
2021-12-13,17.668,41.364,5.383375,,5.952,,0.0
2021-12-14,16.233,42.38,5.79078125,,5.870000000000095,,0.0
2021-12-15,16.99,38.468,4.87275,,5.788,,0.7886525392532349
2021-12-16,16.962,37.291,4.894,,5.7060000000000946,,0.0
2021-12-17,17.365,42.176,5.4863125,,5.859749999999845,,13.083111763000488
2021-12-18,15.17,49.254,5.706375,,5.880250000000107,,2.4365310668945312
2021-12-19,15.005,38.604,4.4859375,,5.7060000000000946,,0.0
2021-12-20,20.983,35.583,4.18859375,,5.542000000000095,,1.9299300909042358
2021-12-21,20.401,38.973,6.03978125,,5.387000000000084,,2.978616952896118
2021-12-22,21.478,39.584,4.834625,,5.313999999999999,,0.17455337941646576
2021-12-23,24.126,35.836,4.34328125,,5.241000000000085,,0.0
2021-12-24,26.135,34.019,3.829375,,5.095000000000085,,0.0
2021-12-25,22.215,35.145,3.72453125,,5.174999999998053,,0.0
2021-12-26,27.302,36.344,4.51278125,,7.029500000000392,,8.80168628692627
2021-12-27,,,5.650375,,7.420562500000281,,0.16454851627349854
2021-12-28,29.195,42.293,4.98096875,,6.617187500000532,,1.5764739513397217
2021-12-29,25.768,39.679,5.28609375,,6.034000000000237,,12.716955184936523
2021-12-30,28.55,43.83,6.3836875,,5.7060000000002375,,10.452560424804688
2021-12-31,15.338,34.982,4.15034375,,5.397250000000096,,0.0
2022-01-01,48.85,32.536,3.94453125,,5.351499999998677,,9.479113578796387
2022-01-02,31.106,38.88,4.60825,,6.466750000000643,,0.0
2022-01-03,24.54,41.03,4.974625,,5.572625000000427,,1.058136224746704
2022-01-04,21.593,35.257,3.492375,,5.104125000000096,,0.0
2022-01-05,20.701,38.007,3.20096875,,4.9398750000002005,,0.0
2022-01-06,15.575,38.404,4.60234375,,5.74987499999896,,0.0
2022-01-07,18.611,61.253,8.32596875,,6.5362500000001065,,50.62331008911133
2022-01-08,18.799,50.663,5.57946875,,6.362000000000094,,1.3342726230621338
2022-01-09,28.717,37.799,5.5724375,,6.187750000000225,,0.0
2022-01-10,23.564,33.541,3.819125,,5.890499999999976,,0.0
2022-01-11,14.614,33.912,3.706625,,5.859750000000083,,1.1299222707748413
2022-01-12,16.765,35.03,4.72215625,,5.787999999999051,,0.0
2022-01-13,24.419,53.067,6.9843125,,10.314374999999274,,0.0
2022-01-14,30.447,69.311,7.74253125,,8.574875000001946,,1.2525804042816162
2022-01-15,29.287,41.773,5.53215625,,6.5157500000004624,,0.0
2022-01-16,18.959,37.37,5.08834375,,5.9417500000003205,,0.0
2022-01-17,29.646,36.848,3.77265625,,5.351500000000128,,9.726613998413086
2022-01-18,12.309,38.021,3.584125,,5.2227500000000635,,0.0
2022-01-19,14.6,35.39,3.4005,,5.095000000000085,,0.0
2022-01-20,26.994,31.657,3.2150625,,5.022,,0.0
2022-01-21,20.409,32.036,3.17534375,,4.949000000000084,,0.0
2022-01-22,18.758,29.576,3.01903125,,4.876,,6.722031593322754
2022-01-23,21.368,30.169,3.0561875,,4.8668750000001175,,22.58094024658203
2022-01-24,17.982,28.16,2.9895625,,4.739125000000011,,0.2817600667476654
2022-01-25,17.791,28.679,2.9741875,,4.657000000000084,,13.209866523742676
2022-01-26,,,2.9639375,,4.574875000000115,,3.9862112998962402
2022-01-27,20.346,30.335,2.858875,,4.44712500000001,,0.0
2022-01-28,20.272,27.2,2.79609375,,4.438,,0.0
2022-01-29,14.804,25.968,2.73203125,,4.365000000000085,,0.0
2022-01-30,5.609,25.54,2.73715625,,4.292,,0.0
2022-01-31,9.585,25.211,2.7128125,,4.219000000000085,,0.0
2022-02-01,12.936,23.883,2.674375,,4.146,,0.0
2022-02-02,15.591,23.044,2.5744375,,4.073000000000085,,0.0
2022-02-03,15.925,22.697,2.59621875,,4.018249999999767,,0.0
2022-02-04,17.799,25.202,2.7205,,4.200750000000062,,4.89327335357666
2022-02-05,19.166,34.999,5.49421875,,4.057000000000288,,8.561238288879395
2022-02-06,25.387,30.738,3.2914375,,4.0613749999993525,,0.0
2022-02-07,30.468,40.06,4.49759375,,4.565750000000021,,0.0
2022-02-08,25.109,36.427,3.31871875,,4.529249999999725,,51.11292266845703
2022-02-09,34.217,33.362,3.20296875,,4.775625000000053,,0.8163649439811707
2022-02-10,23.096,35.408,3.0776875,,4.593125000000052,,3.020141124725342
2022-02-11,17.747,28.571,2.756375,,4.501875000000074,,0.0
2022-02-12,16.464,25.037,2.62953125,,4.365000000000085,,0.0
2022-02-13,22.012,24.618,2.59109375,,4.292,,0.0
2022-02-14,26.36,25.071,2.63721875,,4.292,,71.9896011352539
2022-02-15,19.74,25.818,2.592375,,4.219000000000085,,2.7643675804138184
2022-02-16,18.396,28.194,2.52446875,,4.146,,0.0
2022-02-17,16.629,25.658,2.510375,,4.146,,0.0
2022-02-18,40.101,24.43,2.5693125,,4.100374999999736,,0.21535801887512207
2022-02-19,28.912,28.876,3.20246875,,4.3376250000000525,,0.0
2022-02-20,,,6.9158125,,5.398749999999312,,1.5566072463989258
2022-02-21,52.645,53.484,6.46690625,,5.460749999999601,,0.0
2022-02-22,28.476,46.797,6.33596875,,5.628375000000491,,12.355244636535645
2022-02-23,21.642,31.396,3.15828125,,5.104125000000096,,1.3674529790878296
2022-02-24,18.676,30.658,2.8563125,,4.9672499999998525,,14.088560104370117
2022-02-25,17.225,25.983,2.85246875,,5.0767500000000645,,11.124055862426758
2022-02-26,21.781,26.753,2.80121875,,4.976374999999736,,13.503381729125977
2022-02-27,41.532,27.058,2.7615,,5.242124999999691,,0.13842126727104187
2022-02-28,33.943,38.397,4.25271875,,5.440500000000146,,7.743664741516113
2022-03-01,39.504,71.918,6.3591875,,5.241000000000085,,20.43211555480957
2022-03-02,26.166,84.14,11.516708333333334,,5.095000000000085,,35.132972717285156
2022-03-03,18.656,60.042,6.4240625,,4.949000000000084,,12.03477668762207
2022-03-04,29.949,44.191,5.4890625,,4.963749999998883,,23.35107421875
2022-03-05,30.676,49.526,7.710625,,7.135437499997989,,8.838445663452148
2022-03-06,72.459,72.724,9.3394375,,8.716375000000209,,50.532833099365234
2022-03-07,24.08,87.16,9.3625,,7.70543750000146,,0.21274714171886444
2022-03-08,21.13,70.961,7.49996875,,6.136500000000498,,0.0
2022-03-09,16.419,46.877,6.19540625,,5.519124999999826,,0.0
2022-03-10,15.13,60.021,6.00825,,6.730499999997323,,0.0
2022-03-11,23.28,50.022,4.24153125,,8.931312500001637,,0.1403922587633133
2022-03-12,104.398,69.796,5.1951875,,7.2132499999990545,,18.487506866455078
2022-03-13,23.744,61.052,3.7301875,,8.48881250000075,,15.72662353515625
2022-03-14,85.759,40.803,4.19359375,,8.97199999999907,,0.07434234768152237
2022-03-15,45.635,69.106,8.04659375,,7.944750000002354,,33.09270477294922
2022-03-16,57.959,42.675,4.03840625,,5.73675000000013,,1.5404701232910156
2022-03-17,43.946,45.217,5.846125,,5.532875000000211,,17.43408203125
2022-03-18,28.799,42.358,5.1186875,,5.250125000000095,,0.8500993847846985
2022-03-19,22.369,46.54,3.77934375,,5.237499999999115,,21.900251388549805
2022-03-20,60.513,51.24,4.565625,,6.1182500000001445,,38.24267578125
2022-03-21,25.974,38.939,3.758375,,5.951999999999194,,27.118839263916016
2022-03-22,40.849,57.434,6.36753125,,6.46450000000026,,20.254680633544922
2022-03-23,75.664,54.543,5.4176875,,5.7867500000005485,,8.55142593383789
2022-03-24,44.537,40.678,3.985125,,5.341249999998808,,0.0
2022-03-25,43.917,42.46,4.0323125,,6.497500000000204,,7.22786808013916
2022-03-26,42.56,46.162,5.55046875,,7.590562499998907,,14.841168403625488
2022-03-27,30.329,63.441,9.53909375,,7.973750000001562,,6.138660430908203
2022-03-28,36.306,53.294,7.018,,6.017687499998942,,13.097280502319336
2022-03-29,57.306,69.095,9.691,,6.853000000000047,,33.28077697753906
2022-03-30,75.216,73.054,9.8018125,,6.526000000000047,,25.46051597595215
2022-03-31,25.588,73.595,9.9990625,,9.285312499994832,,16.05630111694336
2022-04-01,47.059,106.368,18.083645833333332,,12.457437499991073,,17.332355499267578
2022-04-02,69.076,106.512,13.375229166666667,,16.74793750001,,1.6192638874053955
2022-04-03,30.307,63.924,7.7355,,7.014312500000612,,18.80008316040039
2022-04-04,38.316,60.92,8.7596875,,7.021749999991838,,14.064959526062012
2022-04-05,22.088,86.768,13.176479166666667,,14.23681250000212,,14.958361625671387
2022-04-06,28.928,76.723,10.377479166666667,,12.654874999985386,,15.627667427062988
2022-04-07,84.523,115.772,25.291375,,24.097312500007124,,36.4390754699707
2022-04-08,31.5,121.885,20.977770833333334,,14.361875000001943,,5.531357765197754
2022-04-09,35.563,92.878,10.510208333333333,,11.514562499999974,,3.2075412273406982
2022-04-10,47.38,87.983,8.9755,,10.08231250000345,,31.37848472595215
2022-04-11,63.51,64.242,7.30690625,,6.639000000000368,,0.5206477046012878
2022-04-12,82.705,60.192,6.78525,,6.198000000000237,,8.14399242401123
2022-04-13,58.139,56.075,5.8510625,,5.870000000000237,,19.861059188842773
2022-04-14,31.719,48.614,5.41284375,,5.543125000000223,,1.196752905845642
2022-04-15,51.969,45.649,5.19515625,,5.250125000000095,,12.535748481750488
2022-04-16,55.329,49.389,5.3475,,5.949499999999333,,32.06778335571289
2022-04-17,31.81,59.3,6.66384375,,6.4029999999998575,,21.19593620300293
2022-04-18,33.293,59.023,6.89584375,,9.722312499997154,,13.791155815124512
2022-04-19,35.741,80.893,7.0816875,,11.734750000000515,,2.111755132675171
2022-04-20,57.855,90.805,9.37065625,,11.191187499999435,,0.10724271833896637
2022-04-21,97.351,99.673,12.8716875,,13.669062499972856,,31.9041690826416
2022-04-22,103.12,205.8,48.2909375,,36.83743750000585,,22.808712005615234
2022-04-23,72.499,208.733,25.069729166666665,,24.563375000012826,,13.967977523803711
2022-04-24,46.635,103.068,11.207041666666667,,12.171437500000764,,1.7191779613494873
2022-04-25,45.8,95.443,10.113625,,10.900374999999919,,36.61307907104492
2022-04-26,43.714,75.787,8.2349375,,11.017437500000545,,0.0
2022-04-27,41.201,85.508,9.24575,,10.716874999995207,,2.1705501079559326
2022-04-28,33.57,60.981,10.2115,,13.297000000003004,,17.51820182800293
2022-04-29,30.691,85.111,7.077125,,10.469250000000805,,21.96051025390625
2022-04-30,23.193,60.2,5.7683125,,9.171750000001113,,0.2710440158843994
2022-05-01,27.497,56.359,6.29046875,,7.526750000000682,,5.818951606750488
2022-05-02,27.961,55.734,5.516625,,6.8437500000002265,,10.222929954528809
2022-05-03,20.15,49.862,4.96746875,,6.526000000000237,,0.0
2022-05-04,20.9,40.876,4.125,,6.385374999997852,,0.43978604674339294
2022-05-05,38.429,54.639,5.510875,,8.313000000001367,,20.5693359375
2022-05-06,36.931,68.093,7.842104166666667,,22.97056249999749,,17.262195587158203
2022-05-07,36.914,118.089,12.782583333333333,,19.845812500005106,,2.4820470809936523
2022-05-08,19.276,134.012,14.686395833333334,,13.444562500003569,,1.3632439374923706
2022-05-09,22.004,80.546,8.41375,,9.289250000001303,,7.730927467346191
2022-05-10,57.267,68.633,7.406875,,7.874687499999182,,36.23167037963867
2022-05-11,54.45,76.223,8.802875,,8.651249999997164,,18.944446563720703
2022-05-12,38.658,91.004,10.74725,,10.437874999999545,,22.089847564697266
2022-05-13,24.481,72.189,7.86740625,,11.148187500000452,,35.549224853515625
2022-05-14,34.735,72.734,7.5659375,,10.428374999997942,,14.13708782196045
2022-05-15,38.646,77.133,7.76578125,,11.88050000000004,,0.32426077127456665
2022-05-16,69.959,105.813,9.7563125,,11.34543750000012,,14.695409774780273
2022-05-17,25.617,72.04,7.611,,10.909000000000061,,4.154942989349365
2022-05-18,30.133,85.459,11.156354166666667,,10.27875000000162,,20.275981903076172
2022-05-19,27.22,79.428,10.172583333333334,,8.180562500000768,,1.0796090364456177
2022-05-20,25.539,67.762,8.4711875,,7.296562500000228,,7.121002197265625
2022-05-21,27.36,59.505,6.95403125,,7.018000000000096,,9.126626968383789
2022-05-22,18.312,56.306,6.6033125,,6.854000000000095,,0.0
2022-05-23,37.602,59.46,6.48128125,,6.6900000000000945,,10.10900592803955
2022-05-24,26.221,53.026,6.01978125,,6.608,,8.8515625
2022-05-25,29.749,53.228,6.02421875,,6.526000000000095,,14.953557014465332
2022-05-26,10.026,52.066,5.81853125,,6.444,,17.9757137298584
2022-05-27,19.421,47.948,4.36046875,,6.362000000000094,,8.480177879333496
2022-05-28,22.545,43.82,3.9221875,,6.279999999999999,,7.958966255187988
2022-05-29,25.499,46.887,4.104375,,6.446874999997876,,13.8838472366333
2022-05-30,58.787,72.009,7.50896875,,7.557187499999963,,16.14444351196289
2022-05-31,28.561,70.564,7.62296875,,7.342249999998978,,23.993654251098633
2022-06-01,58.083,62.287,6.07303125,,7.746687499999559,,2.588113784790039
2022-06-02,103.652,97.735,13.448177083333333,,8.559500000000833,,37.832130432128906
2022-06-03,43.428,110.186,14.786645833333333,,7.409812499998961,,5.614089012145996
2022-06-04,39.737,57.091,8.69078125,,7.933812499999358,,0.787082314491272
2022-06-05,22.974,81.982,10.15084375,,8.568437500000039,,0.0
2022-06-06,68.069,73.948,9.81775,,8.117500000000375,,0.43205827474594116
2022-06-07,66.211,95.304,11.999958333333334,,7.655000000000053,,31.44301414489746
2022-06-08,31.585,79.086,8.164625,,7.610312499997196,,1.2401169538497925
2022-06-09,37.822,72.919,11.457854166666667,,14.64699999999998,,9.078012466430664
2022-06-10,34.739,80.619,8.50290625,,12.154250000002694,,12.097168922424316
2022-06-11,100.684,75.828,9.30821875,,9.255312500000226,,25.1303768157959
2022-06-12,35.362,87.009,8.6078125,,9.005437500000383,,1.9190927743911743
2022-06-13,30.927,74.028,8.7315625,,8.593124999998013,,6.280762195587158
2022-06-14,43.161,86.287,13.570145833333333,,10.590375000000526,,11.694028854370117
2022-06-15,68.879,90.231,11.060875,,9.029562500001322,,4.06325626373291
2022-06-16,47.408,81.949,9.53575,,7.810562499998394,,1.2231680154800415
2022-06-17,70.606,83.792,8.541625,,9.308125000000354,,2.73819899559021
2022-06-18,83.729,72.812,8.4278125,,8.754750000000524,,6.498385429382324
2022-06-19,62.663,97.498,13.066875,,8.327187499997759,,2.754713535308838
2022-06-20,45.432,86.402,10.8083125,,10.437187500001125,,40.02570724487305
2022-06-21,28.498,78.611,9.2715625,,9.107125000000503,,15.789960861206055
2022-06-22,67.102,78.185,8.9846875,,8.210000000000749,,9.464752197265625
2022-06-23,41.839,78.194,9.3439375,,7.297875000000372,,13.8368501663208
2022-06-24,26.587,59.222,7.532,,8.68231249998421,,0.061052728444337845
2022-06-25,32.408,60.336,7.2065,,25.29731249998971,,7.6064910888671875
2022-06-26,38.064,143.558,25.393104166666667,,31.352812500016466,,26.06247901916504
2022-06-27,41.281,128.342,14.663604166666667,,12.696437500000375,,0.14610300958156586
2022-06-28,81.348,135.55,25.46634374999189,,15.703624999994444,,21.243860244750977
2022-06-29,73.576,173.183,33.15703125000651,,27.22200000000684,,18.15285873413086
2022-06-30,57.355,144.372,23.757500000002096,,16.69675000000199,,0.6725890636444092
2022-07-01,42.85,125.399,21.822187499997362,,15.13062499999697,,20.79974365234375
2022-07-02,49.501,125.654,20.824250000004092,,14.947375000005371,,5.865429878234863
2022-07-03,24.221,90.533,17.76931250000185,,9.423249999999403,,13.871042251586914
2022-07-04,33.658,81.897,16.324062500002288,,9.636312500000894,,10.536274909973145
2022-07-05,30.423,72.909,14.47187500000073,,8.581312500000536,,5.342455863952637
2022-07-06,46.464,68.375,13.40484375000081,,7.955625000000134,,10.76262092590332
2022-07-07,35.385,57.73,11.935562500001135,,7.631875000000509,,0.1318507343530655
2022-07-08,22.294,56.193,11.150593750001201,,7.041125000000122,,7.094135284423828
2022-07-09,29.617,54.321,10.206718750001171,,7.050312499998545,,0.0
2022-07-10,34.943,56.997,10.252281249997017,,8.315374999999854,,9.908735275268555
2022-07-11,31.077,88.754,12.695218749999603,,8.429687500000362,,16.45628547668457
2022-07-12,22.806,65.927,13.461156250000844,,7.863125000000241,,0.0
2022-07-13,98.869,68.358,11.952250000002364,6.072833333333545,7.6549999999999985,,11.615694999694824
2022-07-14,41.832,57.879,9.049375000001634,5.66512500000058,7.5625000000001075,,18.484643936157227
2022-07-15,30.223,51.756,8.219687499999619,4.992262500000257,7.470000000000001,,0.0
2022-07-16,63.855,52.758,8.599374999999355,4.686049999999711,7.285000000000214,,10.4067964553833
2022-07-17,29.012,52.708,9.164687500000674,4.831475000000552,7.018000000000096,,5.785794258117676
2022-07-18,22.944,46.958,7.524531250002263,4.30376249999852,6.854000000000095,,8.931572914123535
2022-07-19,16.575,41.686,5.675874999999877,5.692924999999719,6.6900000000000945,,3.782132625579834
2022-07-20,21.956,37.935,5.539093750000509,5.401337500001308,6.526000000000095,,2.9225120544433594
2022-07-21,38.059,38.762,5.3041562499993224,5.049956249985268,6.382499999999833,,21.202327728271484
2022-07-22,18.965,45.021,5.754437500001095,22.625449999992963,6.53624999999968,,13.270573616027832
2022-07-23,40.375,50.012,6.53446874998401,32.98712499999347,6.82325000000006,,23.10200309753418
2022-07-24,18.203,72.344,19.961249999996173,37.48585624999611,7.16231249999503,,14.43498706817627
2022-07-25,23.438,93.195,,40.98196250002084,11.84618750000045,,18.855260848999023
2022-07-26,14.202,111.968,28.44333333334348,14.953337500009699,10.888250000003456,,26.81793785095215
2022-07-27,22.228,88.373,21.70424999998311,8.081,8.707874999977003,,0.0
2022-07-28,68.807,166.104,38.80212500000084,,29.323749999998505,,45.56064987182617
2022-07-29,43.663,210.252,34.10506250001108,,25.815000000011274,,27.980541229248047
2022-07-30,23.353,106.864,20.02237500000581,,13.777437500003288,,0.7048114538192749
2022-07-31,47.717,77.325,14.408062499995614,,11.151687499987451,,37.1170539855957
2022-08-01,125.947,118.466,19.106749999987034,,18.940500000000018,,26.027542114257812
2022-08-02,108.485,136.28,32.74275000000623,,16.294499999993597,,29.209178924560547
2022-08-03,25.886,120.751,22.753125000007266,27.81200625000386,19.487374999995623,,6.150465965270996
2022-08-04,52.485,92.668,15.651062499996641,22.168033333333334,21.976249999998306,,5.828610420227051
2022-08-05,179.883,112.261,18.063187499992157,,18.566499999996168,,33.850589752197266
2022-08-06,133.011,144.49,22.38843749999907,18.44206250000269,23.716625000010126,,13.348220825195312
2022-08-07,34.995,118.348,21.178750000005795,11.43825000000512,11.351125000002598,,0.0
2022-08-08,28.286,79.43,15.88000000000207,6.579250000000567,8.664875000000954,,0.06766214221715927
2022-08-09,43.971,75.338,14.178781250001235,5.665124999999447,7.608750000000161,,8.295546531677246
2022-08-10,27.974,62.628,13.229656250001154,6.781906249986839,7.2747500000003456,,5.3812360763549805
2022-08-11,18.465,57.669,11.652437500002135,18.928625,6.864250000000108,,18.26094627380371
2022-08-12,25.874,56.031,9.547187500000726,,6.720749999999704,,15.433550834655762
2022-08-13,36.686,57.653,9.097187499999151,,7.113124999998457,,10.280659675598145
2022-08-14,26.088,57.936,10.935781249992317,11.950906250004506,9.442812499988765,,10.015618324279785
2022-08-15,43.063,114.931,17.789531250003986,7.850041666666665,15.911437500006565,,28.797948837280273
2022-08-16,31.729,87.914,13.886968750001133,,9.170937500002022,,14.280868530273438
2022-08-17,17.129,59.331,11.98631250000119,11.597750000007089,7.0886875000003196,,0.0
2022-08-18,21.346,57.741,11.186312499998818,5.266,6.700250000000106,,4.860745429992676
2022-08-19,30.327,53.94,11.067906249998831,,6.526000000000095,,1.5525801181793213
2022-08-20,53.67,103.943,12.049468750001168,11.710187500006684,6.362000000000094,,13.250361442565918
2022-08-21,18.116,59.795,12.298218749996515,5.525987500000682,6.782499999998348,,11.797656059265137
2022-08-22,30.569,103.995,14.422125000002133,5.5666624999984995,9.952437500000467,,15.201130867004395
2022-08-23,22.027,77.497,11.279968750000759,6.445087500001738,8.37137500000131,,8.900568962097168
2022-08-24,20.514,55.514,10.655593750000566,4.532287499999774,7.042437500000266,,0.0
2022-08-25,23.058,50.083,7.759750000001149,4.8938,6.700250000000106,,0.30057311058044434
2022-08-26,24.042,42.833,8.221562499998138,,6.566999999999574,,11.929421424865723
2022-08-27,54.308,45.509,10.426093749998806,,7.231624999996806,,0.07349687814712524
2022-08-28,49.661,68.599,12.198718749996337,,9.96518749999463,,27.853052139282227
2022-08-29,124.974,90.443,13.663187500003758,11.504000000006267,12.483125000005035,,18.845876693725586
2022-08-30,22.335,44.012,9.54465624999943,6.424749999999315,7.404812500000686,,0.4258110523223877
2022-08-31,74.749,62.703,10.44775000000098,6.540625000001057,6.690000000000237,,28.29140281677246
2022-09-01,32.175,55.326,8.727343750000285,5.7295,7.140687499999351,,16.126285552978516
2022-09-02,31.203,58.36,8.903125000000097,,7.550937500000415,,2.322634220123291
2022-09-03,31.886,68.77,9.450437499998207,30.314583333333335,7.030875000000253,,4.540833473205566
2022-09-04,21.619,63.134,12.039625000001397,,6.690000000000237,,31.15142250061035
2022-09-05,21.169,52.642,10.457312500000922,8.868562500002918,6.515999999998277,,0.0488838292658329
2022-09-06,27.302,54.691,9.054437500000702,5.8325,7.604000000000916,,14.800390243530273
2022-09-07,30.626,47.701,8.734374999999629,,7.0450624999957165,,4.009091854095459
2022-09-08,63.184,54.694,9.465687499996335,,10.15956249999972,,22.124088287353516
2022-09-09,48.265,81.617,12.060593750000699,,9.51593750000178,,20.348567962646484
2022-09-10,22.076,60.564,11.654593750001336,,7.737250000000719,,0.0
2022-09-11,19.581,51.675,10.853312499998578,,6.888687500000278,,35.738609313964844
2022-09-12,81.398,69.725,12.809468749994005,,6.5362500000001065,,27.25079345703125
2022-09-13,78.639,72.498,15.86759375000448,8.10325,6.727312499995444,,20.19717025756836
2022-09-14,51.749,103.402,13.912937499999792,,9.198562500002156,,17.630107879638672
2022-09-15,26.319,71.219,13.47321874998926,18.24025,9.399062499970938,,27.45436668395996
2022-09-16,131.499,134.754,24.218093750008308,,30.689062500019396,,18.47430419921875
2022-09-17,25.958,108.026,14.638124999999754,,10.305375000002531,,15.256505966186523
2022-09-18,94.984,104.212,16.430374999996356,23.1335,8.198249999995975,,15.318758964538574
2022-09-19,76.749,111.181,17.967937500004485,,11.87350000000087,,19.840402603149414
2022-09-20,73.386,78.871,16.400812499998295,,10.780375000000927,,0.0
2022-09-21,56.46,98.178,15.608375000000876,,9.047437499999843,,5.239655494689941
2022-09-22,56.588,90.279,16.399999999996744,24.577562499968025,9.023812500000941,,18.25301742553711
2022-09-23,51.816,95.98,19.455499999999716,46.6525,7.886250000000266,,0.8312975168228149
2022-09-24,65.113,107.186,17.838374999998997,,7.8813124999960475,,6.976934909820557
2022-09-25,51.802,106.258,17.273187500002745,10.769299999978976,11.38156250000168,,26.7791690826416
2022-09-26,34.971,81.461,14.180062499999574,23.553166666666666,9.036937500001224,,0.11840008199214935
2022-09-27,48.18,70.575,13.790750000002076,,7.770625000000294,,0.017488107085227966
2022-09-28,125.369,83.83,14.357000000000014,13.292843749950652,10.897812499999633,,0.6074048280715942
2022-09-29,73.38,93.297,13.562937500000558,65.349125,10.4485000000019,,1.9555526971817017
2022-09-30,64.029,76.335,13.524312500001376,,8.255187500000426,,76.13382720947266
2022-10-01,36.854,72.235,12.207124999999278,,7.7590625000001205,,35.5755615234375
2022-10-02,28.681,56.885,12.268562500000987,,7.5625000000001075,,6.986858367919922
2022-10-03,27.923,53.881,10.738843750000132,,7.2747500000003456,,0.0
2022-10-04,34.44,55.099,11.155093749998061,,7.051874999997718,,11.936277389526367
2022-10-05,69.884,83.723,13.05003124999894,,9.782125000000866,,63.05259323120117
2022-10-06,43.565,74.897,14.025250000001583,,8.253875000000372,,10.260482788085938
2022-10-07,37.095,82.379,15.206656249990877,,7.701250000000588,,12.50595474243164
2022-10-08,48.451,139.533,25.17487500000894,,8.962249999999239,,51.0506591796875
2022-10-09,38.179,102.356,14.936562500001855,,8.868250000000868,,24.09518051147461
2022-10-10,24.971,24.182,12.394437500001132,,7.932500000000428,,0.0
2022-10-11,36.619,21.444,11.560937499999302,,7.297875000000372,,12.08857250213623
2022-10-12,35.334,19.703,11.592156250000157,,7.129124999996733,,10.727290153503418
2022-10-13,59.479,21.252,12.857281249991805,,9.495437500001541,,52.8497200012207
2022-10-14,26.094,27.429,16.35837500000572,,7.759062500000654,,15.634927749633789
2022-10-15,45.805,19.626,11.446468749999795,,7.030875000000253,,0.25880730152130127
2022-10-16,35.305,19.625,11.332000000001205,,6.700250000000106,,22.471214294433594
2022-10-17,72.518,19.979,18.093531250002137,,7.015874999999796,,35.244651794433594
2022-10-18,53.66,25.755,13.808749999994788,,7.257124999997371,,47.75560760498047
2022-10-19,44.576,33.109,21.885500000000853,,11.1646249999959,,13.586799621582031
2022-10-20,37.856,39.868,19.725125000005814,,13.35793750000547,,19.896209716796875
2022-10-21,72.198,26.177,13.121656250001445,,7.565687500000682,,17.974807739257812
2022-10-22,76.024,24.458,12.592281249986991,,9.404,,8.559037208557129
2022-10-23,40.807,47.961,24.262937499999833,,19.908500000003745,,39.83056640625
2022-10-24,41.103,40.946,22.598958333326866,,16.245062500000888,,13.517254829406738
2022-10-25,47.204,36.137,21.55593750000979,,15.376500000000961,,60.04798126220703
2022-10-26,83.784,27.225,12.57378124999629,,14.546500000000961,,80.29399108886719
2022-10-27,64.516,35.35,22.124843749977476,,13.716500000000961,,31.81281089782715
2022-10-28,73.152,70.677,,,12.88650000000096,,30.062744140625
2022-10-29,48.119,85.151,49.08458333335319,,12.05650000000096,,0.8744379281997681
2022-10-30,28.526,52.757,31.07843750001277,,11.22650000000096,,7.728542327880859
2022-10-31,29.602,35.322,17.748625000002296,,10.396500000000959,,0.0
2022-11-01,27.625,29.155,14.509937500000484,,9.47806250000055,,0.0
2022-11-02,23.608,24.983,13.536718749998718,62.85325,8.87037500000012,,0.8278301358222961
2022-11-03,25.375,28.013,13.56453124999899,,9.966750000000271,,21.579641342163086
2022-11-04,30.124,28.536,15.103687500000056,,9.185187500000431,,15.215629577636719
2022-11-05,59.14,27.686,15.106250000000765,,8.603125000000077,,11.781075477600098
2022-11-06,74.531,29.419,14.205437499999077,,8.400249999998916,,24.394153594970703
2022-11-07,54.332,33.2,15.715250000000118,23.101187500013722,9.471562499999948,,27.61701011657715
2022-11-08,58.13,34.951,18.58656249998561,8.089166666666667,11.790374999986325,,22.35500144958496
2022-11-09,85.403,56.056,30.2975,,24.58612500000087,,8.385945320129395
2022-11-10,78.9,83.951,,,22.68362500000515,,34.93227005004883
2022-11-11,50.735,49.727,27.677968750005036,15.32675,17.344062499997765,,19.26787567138672
2022-11-12,50.022,43.26,22.878906249995737,,18.911562499998563,,18.655580520629883
2022-11-13,58.137,53.333,26.61640625000264,49.92366666666667,24.61906249999605,,33.56745910644531
2022-11-14,35.161,43.607,22.447031250002688,,27.86437500000969,,21.980987548828125
2022-11-15,38.208,42.473,19.7288749999994,15.069075,16.357500000003245,,6.582299709320068
2022-11-16,39.097,37.073,19.042750000002652,,12.401500000001953,,21.009540557861328
2022-11-17,32.593,29.947,16.405375000000916,12.341062500006995,10.176312500000286,,11.60120677947998
2022-11-18,33.814,30.099,16.969999999999164,8.018812499976159,9.851249999999077,,2.5457382202148438
2022-11-19,22.97,31.949,17.161437500001618,26.953916666666668,10.44881249999874,,0.0
2022-11-20,50.579,29.138,15.017437499999899,,11.201687500000878,,10.559045791625977
2022-11-21,41.118,29.927,14.687187499995938,10.755000000006294,10.121625000000044,,34.93626022338867
2022-11-22,41.093,34.228,18.396249999986683,5.639374999999477,10.230749999995497,,0.0
2022-11-23,44.267,36.633,43.91343749999355,20.403624999991592,18.109249999994137,,1.0212033987045288
2022-11-24,57.828,43.58,37.05778125001716,20.7135,18.751125000008326,,0.1329788863658905
2022-11-25,41.987,31.976,19.51240625000161,,10.310250000001037,,6.836450099945068
2022-11-26,62.923,28.605,16.736812500002475,32.01925,9.443499999997949,,25.03203010559082
2022-11-27,33.286,27.591,17.10937499995981,,12.541687499990761,,0.0
2022-11-28,34.184,48.542,43.998250000025905,15.67193749993965,22.21793749999923,,16.8597412109375
2022-11-29,54.925,38.991,19.539812500001926,62.11716666666668,21.468375000009136,,19.68792152404785
2022-11-30,40.956,33.641,16.318875000001228,,11.020000000001621,,18.17397689819336
2022-12-01,24.253,26.195,14.028250000001,8.353562500003514,9.452125000000462,,1.1075341701507568
2022-12-02,23.836,23.52,13.236343750000614,5.368999999999344,8.871687500000283,,0.0
2022-12-03,30.744,21.269,12.070843750001337,6.0385,8.499062500000122,,0.0
2022-12-04,34.326,20.616,11.311187499998434,,8.302500000000107,,15.243252754211426
2022-12-05,25.3,24.612,16.982750000001648,5.858600000000973,8.475937499999825,,6.68625545501709
2022-12-06,25.677,25.544,13.273531250001717,6.466674999984332,8.360312499999743,,1.1926279067993164
2022-12-07,29.664,18.696,13.987781249998118,17.68143749998632,8.614687500000201,,0.0
2022-12-08,35.33,19.801,14.335593750002174,20.783500000004473,8.175312499999745,,1.7837871313095093
2022-12-09,27.269,22.511,12.570343750000662,,8.420749999999243,,0.6793254017829895
2022-12-10,17.208,21.977,11.54012500000082,,8.97993750000041,,0.0
2022-12-11,28.66,19.055,10.42665624999977,,8.383437500000522,,16.473081588745117
2022-12-12,78.024,19.406,11.134281250000253,,7.67812500000024,,35.54130172729492
2022-12-13,43.296,20.969,10.46828124999953,,7.285000000000214,,4.0143866539001465
2022-12-14,22.537,18.548,10.130218750001516,,7.018000000000096,,0.0
2022-12-15,21.492,17.451,7.9373125000018465,,6.854000000000095,,9.20844841003418
2022-12-16,24.543,16.149,5.862250000000678,,6.6900000000000945,,1.9304568767547607
2022-12-17,23.385,15.25,5.895531250000378,,6.526000000000095,,0.0
2022-12-18,19.333,15.175,6.201718749999345,,6.444,,1.375340223312378
2022-12-19,28.356,15.977,5.9887187500003,,6.362000000000094,,0.0
2022-12-20,21.044,15.366,6.2017187500000235,,6.279999999999999,,0.0
2022-12-21,13.691,14.888,5.915500000000062,,6.279999999999999,,0.7605717778205872
2022-12-22,21.432,14.405,5.405687500001037,,6.1980000000000945,,0.0
2022-12-23,25.469,14.097,4.664687499999844,,6.034000000000095,,0.0
2022-12-24,25.633,20.534,4.582187499999987,,5.952,,2.623748302459717
2022-12-25,13.098,13.733,4.391406250000459,,5.900749999999703,,1.5784556865692139
2022-12-26,20.971,13.848,4.3056249999978515,,6.167250000000059,,0.0
2022-12-27,39.933,17.387,5.69359375000137,,6.10575000000013,,1.4848017692565918
2022-12-28,23.052,14.214,4.5409375000004655,,5.962250000000012,,0.0
2022-12-29,12.483,14.238,4.015000000000144,,5.952,,0.0
2022-12-30,18.347,13.332,3.721093749999875,,5.952,,4.42902946472168
2022-12-31,20.201,13.724,4.3707812500002685,,5.94175000000013,,0.8510783910751343
2023-01-01,21.097,13.886,4.573749999997994,,5.798250000000012,,0.9371435046195984
2023-01-02,34.091,14.427,5.486874999999729,,5.808499999999738,,0.0
2023-01-03,14.513,13.961,7.271874999998991,,6.830312499999526,,0.0
2023-01-04,13.69,23.023,7.333562500001148,,7.042437500000266,,0.5086368322372437
2023-01-05,29.533,15.263,6.878499999998341,,6.700250000000106,,0.0
2023-01-06,20.051,17.59,6.868749999998503,,7.293374999998404,,13.920831680297852
2023-01-07,49.479,17.356,9.579999999996623,,7.904624999999742,,10.093016624450684
2023-01-08,20.153,20.283,12.549531250002227,,7.888875000000806,,19.56332778930664
2023-01-09,46.473,18.423,11.111906249995721,,7.041125000000122,,14.283732414245605
2023-01-10,60.189,26.227,15.120937500000899,,6.8437500000002265,,39.67420959472656
2023-01-11,39.987,18.729,13.058312500000167,,6.5362500000001065,,0.6583777666091919
2023-01-12,38.699,16.512,11.840781250003062,,6.362000000000094,,11.046232223510742
2023-01-13,37.166,16.938,7.645468750000708,,6.1980000000000945,,4.481005668640137
2023-01-14,26.229,16.177,9.322281249996662,,6.116,,41.06525421142578
2023-01-15,19.682,16.006,10.973406250002377,,6.034000000000095,,6.351220607757568
2023-01-16,18.068,14.119,8.337812500001005,,5.952,,0.29579782485961914
2023-01-17,27.136,15.308,8.39687499999834,,5.870000000000095,,0.5822783708572388
2023-01-18,51.728,15.012,9.325000000000195,,5.788,,21.58483123779297
2023-01-19,25.657,14.698,8.312500000000586,,5.7060000000000946,,7.336720943450928
2023-01-20,23.129,13.132,7.049500000001128,,5.624,,0.0
2023-01-21,21.224,13.643,5.578375000000903,,5.542000000000095,,0.0
2023-01-22,34.283,13.032,4.5306250000003585,,5.387000000000084,,3.7635490894317627
2023-01-23,21.763,12.638,4.076875000000501,,5.241000000000085,,0.0
2023-01-24,16.727,12.189,3.6876250000002053,,5.168,,0.0
2023-01-25,12.593,12.344,3.1985312500000727,,5.168,,0.0
2023-01-26,14.033,12.049,3.174062499999867,,5.095000000000085,,0.0
2023-01-27,17.114,11.889,3.339343750000147,,5.022,,0.0
2023-01-28,17.884,11.588,3.024156250000405,,4.949000000000084,,0.0
2023-01-29,9.767,11.494,2.449062500000377,,4.876,,0.0
2023-01-30,12.531,11.468,2.125906250000222,,4.803000000000085,,0.0
2023-01-31,8.913,11.188,1.9840624999998262,,4.73,,0.0
2023-02-01,13.641,10.95,1.9395625000003671,,4.73,,0.0
2023-02-02,7.37,10.853,1.5195937499998677,,4.693500000000042,,0.0
2023-02-03,9.488,10.769,1.7699062499997587,,4.657,,0.0
2023-02-04,18.93,10.654,2.453374999993336,,4.652437500000058,,0.0
2023-02-05,10.923,10.705,5.519562500004279,,4.597687499999889,,0.0
2023-02-06,10.091,10.545,1.9590312499997586,,4.72087499999999,,0.0
2023-02-07,23.63,10.499,2.0230000000000903,,4.693500000000042,,1.4020572900772095
2023-02-08,9.787,10.206,1.9173124999998905,,4.657,,0.561799168586731
2023-02-09,31.328,10.298,1.8672500000002963,,4.766499999999874,,3.0525004863739014
2023-02-10,18.114,10.308,1.5195937499998293,,4.839500000000043,,8.50874137878418
2023-02-11,26.348,10.375,1.7921562499997457,,4.766500000000042,,15.60936164855957
2023-02-12,21.443,10.851,2.0174374999999287,,4.73,,6.091739654541016
2023-02-13,45.23,11.658,1.9812812500000032,,4.73,,9.577138900756836
2023-02-14,21.936,10.566,1.8672500000002832,,4.73,,0.1475486010313034
2023-02-15,110.58,13.319,2.2660312499969386,,4.693500000000042,,2.9347705841064453
2023-02-16,31.587,11.859,5.631062500000009,,4.657,,18.144760131835938
2023-02-17,21.251,12.106,5.203187500000826,,4.6205000000000425,,5.694069862365723
2023-02-18,21.078,10.571,4.283125000000333,,4.593124999999882,,2.727027177810669
2023-02-19,23.685,10.087,4.852937499998739,,4.72087499999999,,1.2214162349700928
2023-02-20,33.546,11.282,5.431656250000876,,4.725437500000059,,2.739046096801758
2023-02-21,24.174,10.307,4.86296874999923,,4.625062500000047,,11.079405784606934
2023-02-22,27.05,10.483,5.160625000000825,,4.579437500000058,,1.2779877185821533
2023-02-23,26.64,9.715,4.406875000000525,,4.515562500000006,,0.683234691619873
2023-02-24,7.956,9.417,3.8345312500002686,,4.511,,0.0
2023-02-25,5.068,9.2,3.713406250000211,,4.4745000000000426,,0.0
2023-02-26,15.43,9.244,3.169093750000519,,4.438,,0.0
2023-02-27,17.152,9.603,2.705125000000338,,4.365000000000085,,0.0
2023-02-28,55.701,9.664,2.4552812500001022,,4.219000000000085,,6.670701503753662
2023-03-01,24.205,10.099,2.411281250000147,,4.073000000000085,,29.089319229125977
2023-03-02,15.302,9.077,2.141281250000278,,3.968000000000037,,10.557766914367676
2023-03-03,8.883,13.241,2.3340624999983213,,4.504499999992392,,11.519773483276367
2023-03-04,67.297,10.549,3.737406249999374,,12.804499999998871,,9.986681938171387
2023-03-05,30.182,12.488,4.714374999993061,,13.462187500004324,,8.250493049621582
2023-03-06,78.744,24.111,7.918843750004255,,7.322937500002236,,17.558794021606445
2023-03-07,25.584,14.639,12.54271874999186,,5.775374999999037,,45.126956939697266
2023-03-08,39.144,21.974,20.503437499999173,,8.034125000000733,,13.986654281616211
2023-03-09,28.114,23.751,13.667250000008789,,6.003750000001263,,0.0
2023-03-10,17.285,14.543,7.101937499993832,,4.848624999999631,,0.0
2023-03-11,53.743,19.661,15.084624999998507,,5.314999999998635,,2.9599714279174805
2023-03-12,52.372,21.237,17.636687499996135,,7.090999999994594,,9.840154647827148
2023-03-13,70.026,41.085,20.56418750000128,,10.64675000000282,,32.809288024902344
2023-03-14,41.447,26.68,21.29940625000059,,10.819062499998026,,17.143573760986328
2023-03-15,28.457,28.331,19.590906250002057,,11.577062500000716,,21.50580406188965
2023-03-16,28.05,23.557,20.277562499999494,,10.179687500002046,,2.2290234565734863
2023-03-17,33.813,27.946,14.069937499997698,,10.206749999999868,,4.9131855964660645
2023-03-18,24.216,27.665,19.15318749999937,,8.835187500001936,,15.356374740600586
2023-03-19,15.839,21.928,18.55943749999988,,6.900250000000291,,0.0
2023-03-20,13.497,16.89,17.449062500002537,,6.515750000000367,,3.803555727005005
2023-03-21,12.744,15.16,10.537500000005595,,5.962250000000344,,0.19207407534122467
2023-03-22,24.292,13.524,4.282749999997957,,5.593249999999585,,0.0
2023-03-23,42.358,14.057,5.241250000001896,,5.982750000000178,,8.737640380859375
2023-03-24,26.413,13.983,11.660249999990977,,5.736749999999845,,6.058040618896484
2023-03-25,61.415,19.674,13.047843750007733,,5.88024999999968,,15.032809257507324
2023-03-26,32.284,13.63,6.521218749999901,,6.228749999999277,,8.531322479248047
2023-03-27,42.066,14.97,6.900625000000093,,6.761750000000603,,12.253127098083496
2023-03-28,86.446,15.394,7.146999999998063,,6.054500000000261,,31.52370834350586
2023-03-29,30.89,15.283,10.118687499999751,,5.625125000000318,,18.843730926513672
2023-03-30,21.223,15.771,7.782250000003289,,5.250125000000095,,0.35382336378097534
2023-03-31,62.586,14.033,4.885750000000435,,5.113249999999853,,23.26595687866211
2023-04-01,52.403,12.901,5.238062499998908,,5.2227500000000635,,3.5939154624938965
2023-04-02,101.402,16.28,5.529343750001202,,5.168,,2.5525100231170654
2023-04-03,48.865,12.684,4.277968750000399,,5.095000000000085,,0.6240495443344116
2023-04-04,31.065,12.213,3.601843750000468,,5.022,,19.051239013671875
2023-04-05,31.933,12.115,2.966500000000374,,4.949000000000084,,4.779327392578125
2023-04-06,32.383,11.81,2.9088437499997553,,7.086125000000206,,28.2111873626709
2023-04-07,33.78,13.579,6.347562499990806,,5.868374999999846,,4.579357147216797
2023-04-08,32.402,18.589,10.077125000006443,,6.1182500000001445,,1.9464168548583984
2023-04-09,21.835,12.256,4.098906250000841,,5.880250000000107,,0.2398614138364792
2023-04-10,20.944,12.017,3.7206249999996834,,5.686625000000341,,1.0607954263687134
2023-04-11,37.28,12.591,4.118124999999761,,5.260375000000107,,4.903754234313965
2023-04-12,39.347,12.143,4.236718750000352,,5.095000000000085,,13.506091117858887
2023-04-13,17.268,10.962,3.9582812500003404,,4.949000000000084,,8.204397201538086
2023-04-14,22.456,10.867,3.3831250000004642,,4.83949999999962,,1.7516777515411377
2023-04-15,25.892,11.104,6.835937499996096,,5.204500000000042,,3.318098783493042
2023-04-16,24.75,15.742,9.849531250001077,,13.73274999999942,,23.55425262451172
2023-04-17,15.388,19.81,14.69737499999421,,9.830500000003587,,23.560909271240234
2023-04-18,29.764,25.787,21.355874999999052,,6.464500000000355,,7.981915473937988
2023-04-19,13.985,18.819,20.210812500002913,,5.941750000000463,,0.0
2023-04-20,31.405,21.444,17.212187500000972,,5.398375000000224,,25.284414291381836
2023-04-21,17.94,21.633,16.565312500000395,,5.2918124999977065,,31.452728271484375
2023-04-22,18.185,22.405,16.349625000000735,,7.607375000000568,,3.1363062858581543
2023-04-23,47.568,18.186,9.978733333336013,,6.806687500000372,,0.48455315828323364
2023-04-24,60.575,22.192,5.7880375,,6.446624999999161,,23.697059631347656
2023-04-25,33.047,19.984,4.255625,,8.984864583333334,,2.6221673488616943
2023-04-26,47.695,18.288,5.51903125,,6.5061875,,13.568384170532227
2023-04-27,33.767,17.147,4.2758125,,6.372270833333333,,0.0
2023-04-28,118.723,23.37,7.04434375,,9.544791666666667,,20.567502975463867
2023-04-29,36.053,19.769,6.15734375,,6.374833333333333,,12.253412246704102
2023-04-30,41.094,19.687,6.4968125,,6.878645833333334,,25.30023193359375
2023-05-01,29.29,16.982,5.44890625,,5.581395833333334,,0.0
2023-05-02,26.871,14.229,4.01671875,,5.215145833333334,,0.0
2023-05-03,22.808,13.364,3.67984375,,5.037208333333333,,0.0
2023-05-04,21.039,12.715,3.53784375,,4.876,,0.0
2023-05-05,15.879,11.992,3.43771875,,4.7649791666666665,,0.10012956708669662
2023-05-06,19.343,11.77,3.35478125,,4.682854166666667,,0.0
2023-05-07,27.871,11.342,3.2868125,,4.584,,3.9425952434539795
2023-05-08,22.848,11.704,3.21634375,,4.491229166666667,,0.04523874446749687
2023-05-09,18.077,11.759,3.17834375,,4.425833333333333,,0.5752314329147339
2023-05-10,15.191,11.67,3.41371875,,4.500354166666667,,15.014106750488281
2023-05-11,12.8,12.225,3.135625,,4.7558125,,3.875457286834717
2023-05-12,33.707,11.43,3.12025,,4.580958333333333,,3.9679172039031982
2023-05-13,19.639,12.637,4.05359375,,4.372604166666667,,8.168112754821777
2023-05-14,17.355,11.598,3.0356875,,4.337625,,8.435462951660156
2023-05-15,14.814,11.118,2.99340625,,4.395416666666667,,12.224416732788086
2023-05-16,34.161,11.414,3.44075,,4.302645833333333,,1.261791706085205
2023-05-17,35.548,28.14,11.619614583333334,,9.485395833333333,,37.02112579345703
2023-05-18,17.229,16.312,4.1926875,,4.511,,2.5036227703094482
2023-05-19,51.828,12.379,3.28040625,,4.3148125,,10.631368637084961
2023-05-20,50.141,15.256,4.4221875,,5.078458333333334,,34.06208038330078
2023-05-21,30.673,17.14,6.47059375,,6.994729166666667,,29.814123153686523
2023-05-22,33.62,17.562,5.26284375,,6.5953333333333335,,20.987947463989258
2023-05-23,89.991,34.759,14.39975,,16.523520833333333,,35.535640716552734
2023-05-24,29.006,38.087,27.795520833333335,,19.721791666666668,,22.177127838134766
2023-05-25,28.881,32.575,12.151458333333334,,12.6194375,,3.862133502960205
2023-05-26,30.13,41.709,26.6241875,,24.938020833333333,,30.386510848999023
2023-05-27,20.102,29.944,13.74865625,,14.097125,,2.2625937461853027
2023-05-28,26.647,50.882,36.93061458333333,,31.049583333333334,,15.478485107421875
2023-05-29,34.73,43.556,18.252583333333334,,19.016895833333333,,22.974319458007812
2023-05-30,65.757,44.178,33.03627083333333,,24.895395833333332,,27.6124210357666
2023-05-31,38.325,40.837,20.38142708333333,,15.718458333333333,,0.7382969260215759
2023-06-01,107.508,34.307,13.80934375,,13.648979166666667,,20.0882568359375
2023-06-02,27.26,28.239,9.04825,,9.324583333333333,,0.4433741569519043
2023-06-03,25.3,23.591,9.960541666666666,,7.9325,,0.503494143486023
2023-06-04,25.523,20.802,7.04978125,,7.405354166666666,,15.403974533081055
2023-06-05,20.392,19.481,6.2039375,,6.9697708333333335,,2.6759085655212402
2023-06-06,24.816,26.23,9.276375,,9.006208333333333,,1.9752628803253174
2023-06-07,17.192,20.703,5.731375,,6.70025,,14.048749923706055
2023-06-08,47.026,18.757,5.298625,,6.7563125,,18.886981964111328
2023-06-09,25.557,34.942,6.65909375,,6.55675,,7.652992248535156
2023-06-10,29.271,18.615,4.83115625,,6.264625,,13.634881973266602
2023-06-11,103.312,24.063,6.34884375,,8.549333333333333,,3.5358760356903076
2023-06-12,27.913,17.923,5.50790625,,6.163833333333334,,0.5364999771118164
2023-06-13,25.082,15.143,4.16796875,,5.851208333333333,,0.0
2023-06-14,24.392,14.275,3.9909375,,5.707708333333334,,8.984427452087402
2023-06-15,10.103,13.792,3.7924375,,5.590375,,12.24406909942627
2023-06-16,34.84,13.401,3.72453125,,5.4667916666666665,,1.3784781694412231
2023-06-17,18.461,13.382,3.57459375,2.3466250000000937,5.4116875,,4.842309474945068
2023-06-18,15.046,13.181,3.526625,2.176787500000084,5.25925,,1.6413495540618896
2023-06-19,15.209,12.84,3.3820625,2.056150000000055,5.1543125,,0.0
2023-06-20,5.252,12.622,3.23684375,2.0083,5.056979166666666,,0.0
2023-06-21,15.817,12.274,3.14459375,2.0083,4.983979166666667,,0.0
2023-06-22,26.491,12.282,3.21721875,2.758543749990449,4.956604166666667,,4.279270172119141
2023-06-23,32.556,16.714,3.8166875,8.504206250005975,5.579645833333333,,34.81782913208008
2023-06-24,53.206,14.505,3.3014375,2.8987999999998717,5.24871875,,30.465087890625
2023-06-25,73.202,23.93,6.9409375,5.0420124999845175,8.3039375,,22.573699951171875
2023-06-26,74.622,28.306,5.98578125,13.407537500010687,7.507010416666667,,18.559947967529297
2023-06-27,20.805,17.902,4.10953125,3.4694249999987896,5.288833333333146,,0.7768477201461792
2023-06-28,26.155,18.108,4.3415625,4.351275000001361,5.460416666666666,,11.38646411895752
2023-06-29,13.575,15.452,3.6395625,3.1564875000005066,4.8258125,,0.0
2023-06-30,18.826,14.283,3.3974687500000007,2.759087499999635,4.7619375,,8.28849983215332
2023-07-01,16.025,14.142,3.31628125,3.010912499999162,4.666125,,0.0
2023-07-02,17.156,14.678,3.6921875,3.567537500000571,4.924666666666667,,18.691171646118164
2023-07-03,23.127,16.166,4.13590625,3.2881249999944346,5.054635416666667,,0.36795106530189514
2023-07-04,38.15,21.22,4.53271875,6.340887500003422,7.31171875,,38.28045654296875
2023-07-05,15.293,16.961,4.2040625,5.635937499995446,5.217395833333334,,0.0
2023-07-06,42.837,18.485,4.13015625,7.421787499996777,5.413916666666666,,16.667804718017578
2023-07-07,55.244,27.944,10.435083333333333,11.05996249997381,7.754,,27.172597885131836
2023-07-08,31.467,34.731,14.44278125,21.774300000020094,9.316729166666667,,28.128021240234375
2023-07-09,24.92,26.663,7.63371875,3.9742875000004267,5.763708333333334,,4.3716139793396
2023-07-10,23.683,23.917,4.420625,3.2973875000003328,4.950520833333333,,7.368150234222412
2023-07-11,22.34,16.638,4.693125,2.9855375000003086,4.792354166666667,,0.6950019598007202
2023-07-12,10.875,15.68,3.82421875,2.7671749999999813,4.710229166666666,,11.96297836303711
2023-07-13,11.191,15.01,3.539125,2.6782124999995416,4.6205,,0.0
2023-07-14,29.536,15.836,3.89390625,2.9451000000004495,4.5885625,,5.931130409240723
2023-07-15,18.289,14.429,3.4394375,2.564987500000047,4.459291666666667,,7.8102707862854
2023-07-16,19.69,13.541,3.68421875,5.794824999958065,4.47925,,13.693717956542969
2023-07-17,79.057,33.072,11.441322916666667,26.702825000025964,11.90875,,6.143117427825928
2023-07-18,22.64,18.204,3.9565625,3.4426625000010254,4.6691666666666665,,6.040025234222412
2023-07-19,23.517,15.236,3.50734375,2.500287500000122,4.468416666666666,,1.544787049293518
2023-07-20,22.537,14.625,3.4021875,2.3789749999999064,4.3513125,,0.0
2023-07-21,22.192,12.604,3.39421875,2.4194125000000657,4.320895833333333,,4.765100955963135
2023-07-22,21.891,12.93,3.275625,2.370887499999897,4.282875,,0.8060808181762695
2023-07-23,15.676,12.285,3.0766875,2.484112499999991,4.2418125,,0.0
2023-07-24,17.851,11.951,2.99853125,2.4922,4.180979166666667,,2.583857297897339
2023-07-25,10.524,11.496,2.96778125,2.484112500000103,4.167291666666666,,0.9433348774909973
2023-07-26,30.224,13.068,3.022875,2.3789749999999064,5.010166666666667,,14.789172172546387
2023-07-27,13.404,12.286,3.0075,4.179593749978404,5.070666666666667,,7.000588417053223
2023-07-28,42.992,15.32,3.4303125,17.03524375001226,5.5789583333333335,,8.588773727416992
2023-07-29,16.882,13.816,3.0766875,4.554375000002237,5.050895833333334,,7.914228916168213
2023-07-30,16.842,11.946,2.930625,2.5164625000001406,4.869916666666667,,0.32058411836624146
2023-07-31,10.239,10.806,2.899875,2.3628000000001124,4.801479166666667,,8.69349193572998
2023-08-01,11.835,10.34,2.86528125,2.241487500000009,4.722395833333334,,0.0
2023-08-02,11.533,10.316,2.88065625,2.2334,4.649395833333333,,0.12175194919109344
2023-08-03,14.455,10.187,2.848625,2.2334,4.485145833333333,,2.889113664627075
2023-08-04,14.825,9.877,2.81915625,2.2334,4.41975,,0.0
2023-08-05,9.905,9.532,2.87809375,2.241487499999897,4.418229166666666,,1.8517415523529053
2023-08-06,23.896,9.591,2.92421875,2.411325000000019,4.371083333333333,,5.6015777587890625
2023-08-07,2.039,9.325,2.9895625,2.3061875000000844,4.399979166666666,,10.23342514038086
2023-08-08,10.154,9.48,2.99596875,2.168700000000075,4.212916666666667,,0.0
2023-08-09,12.367,9.298,2.9690625,2.120174999999794,4.1870625,,3.50913667678833
2023-08-10,14.915,8.938,2.98059375,2.515199999997835,4.222041666666667,,12.389703750610352
2023-08-11,10.662,12.11,3.8675625,3.8258875000015062,4.832270833333333,,15.054830551147461
2023-08-12,19.018,10.509,3.17278125,2.9129874999935574,4.3056875,,16.45925521850586
2023-08-13,44.347,12.087,3.3528125,7.389537500004746,4.3239375,,13.95708179473877
2023-08-14,11.252,10.333,3.09975,2.810249999998716,4.238770833333334,,0.09288829565048218
2023-08-15,27.103,12.461,3.647875,3.4946000000010478,4.468416666666666,,17.6817569732666
2023-08-16,24.061,10.637,3.24996875,2.443675000000206,4.240291666666667,,8.499330520629883
2023-08-17,20.006,10.151,3.10103125,3.8206187499799045,4.190104166666667,,0.6552373170852661
2023-08-18,36.608,13.634,3.49434375,14.208918750012609,4.700708333333333,,22.17797088623047
2023-08-19,11.285,12.148,3.40284375,3.2396625000003785,4.355875,,10.44218635559082
2023-08-20,57.547,43.156,3.2201875,3.8133874999984747,4.954395833333334,,14.074749946594238
2023-08-21,88.292,54.118,3.723125,5.912581249978245,5.5172083333333335,,11.164459228515625
2023-08-22,44.761,90.167,6.26221875,16.796218750013345,8.8974375,,33.43593215942383
2023-08-23,32.593,88.519,4.25046875,5.266,5.9140625,,19.863252639770508
2023-08-24,26.915,57.053,3.40046875,4.425487500000853,4.795395833333333,,0.0
2023-08-25,19.926,51.173,3.3809375,3.3111875000002744,5.2138125,,7.397662162780762
2023-08-26,41.398,42.926,3.05746875,3.2200750000002434,4.829229166666667,,2.569911479949951
2023-08-27,17.647,40.475,2.91996875,2.759087500000496,4.4243125,,7.221462249755859
2023-08-28,13.517,39.386,3.15421875,2.485824999997123,4.3239375,,8.038175582885742
2023-08-29,25.387,32.565,3.42078125,4.525912500001659,5.1335,,9.161409378051758
2023-08-30,14.488,28.913,2.91396875,2.787950000000417,4.3695625,,0.5262821316719055
2023-08-31,16.751,26.057,2.905,2.3789750000000187,4.235729166666666,,0.5341364145278931
2023-09-01,16.357,9.801,2.75765625,2.370887499999897,4.1779375,,0.0
2023-09-02,21.059,10.446,2.95928125,2.4760250000000936,4.372604166666667,,19.251129150390625
2023-09-03,17.563,10.564,2.8409375,6.50861874994733,4.244854166666666,,0.0
2023-09-04,22.024,17.857,4.0055625,34.91233125003335,5.6236875,,20.235626220703125
2023-09-05,25.036,11.252,2.91525,4.559525000002099,4.3239375,,0.0
2023-09-06,20.125,9.749,2.7076875,2.4667500000000078,4.153604166666667,,0.0
2023-09-07,15.587,9.084,2.643625,2.4760250000000936,4.0593125,,14.992393493652344
2023-09-08,4.62,8.714,2.53984375,2.3708875000000096,4.0151666666666666,,1.259992241859436
2023-09-09,12.83,8.763,2.592375,2.370887499999897,3.9146666666666667,,0.965690016746521
2023-09-10,10.698,10.706,2.9870625,3.079087499992416,5.044604166666667,,28.567707061767578
2023-09-11,41.489,20.856,5.20903125,7.22300000000478,8.599708333333334,,3.5500290393829346
2023-09-12,94.574,12.27,3.06515625,2.8941999999990644,4.760416666666667,,5.731359004974365
2023-09-13,55.94,11.914,3.0459375,6.269999999965303,4.684375,,11.06749153137207
2023-09-14,57.412,13.507,2.85503125,24.429512500023122,4.672583333333334,,17.733531951904297
2023-09-15,24.898,10.884,2.71153125,3.265625000000858,4.179458333333334,,7.434068202972412
2023-09-16,23.057,9.837,2.6000625,2.619224999998495,4.011729166666667,,6.311892509460449
2023-09-17,30.414,11.778,3.09725,3.405637500000683,4.3683958333333335,,15.662757873535156
2023-09-18,21.298,10.314,2.68846875,2.670125000000206,3.9569375,,0.0
2023-09-19,11.559,9.384,2.54240625,2.427500000000075,3.8813333333333335,,12.106849670410156
2023-09-20,8.258,8.987,2.495,2.3628,3.8146666666666667,,0.9349590539932251
2023-09-21,12.81,8.591,2.4309375,2.3628,3.7693333333333334,,1.168041467666626
2023-09-22,16.294,9.218,2.42325,2.4194125000000284,3.779791666666666,,0.47172316908836365
2023-09-23,18.241,11.591,2.4360625,2.3708875000000096,3.920541666666667,,20.958526611328125
2023-09-24,15.062,9.036,2.5539375,2.370887499999897,3.8226666666666667,,9.626535415649414
2023-09-25,25.207,9.024,2.52703125,2.467937499999448,3.7973333333333334,,2.64192271232605
2023-09-26,35.018,9.274,2.4411875,2.9451000000002994,3.686666666666666,,22.406959533691406
2023-09-27,21.486,8.659,2.356052083333333,2.621600000000224,3.682666666666666,,10.21489143371582
2023-09-28,18.495,8.258,2.38521875,2.3789750000000187,3.8203749999999994,,0.0
2023-09-29,16.592,8.951,2.4149895833333335,2.738343749995219,3.823583333333333,,5.345253944396973
2023-09-30,21.19,9.031,2.308479166666667,8.265637500001926,3.628,,1.3623828887939453
2023-10-01,49.294,12.841,3.563083333333333,5.163643750000409,4.780645833333334,,19.122573852539062
2023-10-02,42.203,10.51,2.58596875,4.937962499995879,3.808,,12.763338088989258
2023-10-03,44.16,10.516,4.29815625,7.05191250000346,3.7669999999999995,,21.98725128173828
2023-10-04,37.805,13.917,5.181875,3.792725000000361,4.592895833333333,,22.959577560424805
2023-10-05,37.204,17.833,4.8684375,3.345987500000202,5.778375,,0.8071295022964478
2023-10-06,40.034,14.43,5.4843125,3.1472875000000093,5.379229166666667,,11.482197761535645
2023-10-07,77.115,17.252,5.873375,5.014156249976129,5.64809375,,4.133911609649658
2023-10-08,65.053,33.019,8.7408125,19.942106250016252,11.559166666666666,,16.550710678100586
2023-10-09,26.169,15.803,4.05584375,4.335312500000989,4.810604166666667,,1.351340651512146
2023-10-10,37.409,12.31,4.07928125,3.345987500000202,4.472979166666667,,29.443256378173828
2023-10-11,23.899,11.252,4.860625,3.1472875000000093,4.246375,,4.814803123474121
2023-10-12,38.393,10.494,4.69390625,3.2038999999999254,4.080604166666666,,0.0
2023-10-13,49.558,12.113,5.39509375,3.2686,4.243333333333333,,11.854133605957031
2023-10-14,34.977,12.711,5.8210625,3.2974624999996323,4.251083333333334,,21.900693893432617
2023-10-15,18.827,10.905,4.46015625,3.527250000000262,3.9186666666666667,,0.13422706723213196
2023-10-16,22.127,10.627,4.34671875,3.2766875000000093,3.927791666666667,,7.217095851898193
2023-10-17,23.215,9.883,4.351875,3.2686,3.8666666666666667,,0.0
2023-10-18,23.034,9.529,5.35240625,3.2686,3.8213333333333335,,0.28771576285362244
2023-10-19,23.182,10.057,4.8133125,3.2686,3.7626666666666666,,2.583059310913086
2023-10-20,27.67,9.295,4.06828125,3.2686,3.753333333333333,,9.204792022705078
2023-10-21,22.124,10.267,4.4925,3.276687499999897,4.381625,,1.5196079015731812
2023-10-22,17.006,11.094,5.15665625,3.3899124999999906,4.544145833333333,,3.5930259227752686
2023-10-23,24.932,11.721,5.38203125,3.4707124999990744,4.200729166666667,,6.272019863128662
2023-10-24,52.048,19.312,10.208979166666667,3.971612500000728,4.7824375,,51.69194793701172
2023-10-25,28.546,13.927,5.69140625,3.2223750000000964,6.328989583333334,,6.390870571136475
2023-10-26,71.536,15.753,5.72903125,3.4317374999970243,9.857645833333333,,27.00568199157715
2023-10-27,24.707,16.912,6.87084375,5.210925000002018,7.01675,,2.463817596435547
2023-10-28,21.701,12.01,4.9530625,3.3829374999999833,4.942916666666667,,3.2816295623779297
2023-10-29,25.073,14.034,8.195802083333334,4.109324999998638,8.6975,,36.982521057128906
2023-10-30,46.75,27.375,11.03725,10.55916249994293,11.468666666666667,,8.480192184448242
2023-10-31,45.53,26.618,12.352385416666667,,8.850427083333333,,29.13775634765625
2023-11-01,66.21,42.561,35.056864583333336,,23.156125,,32.32164001464844
2023-11-02,68.885,39.564,15.963041666666667,48.40528750002741,18.052979166666667,,23.127872467041016
2023-11-03,43.741,29.029,16.027083333333334,11.313812500005332,10.775166666666667,,14.177190780639648
2023-11-04,92.76,23.239,16.651385416666667,5.842450000001483,8.461385416666667,,29.563034057617188
2023-11-05,38.259,20.162,10.73771875,4.42636250000018,6.784177083333334,,0.0
2023-11-06,31.89,18.717,10.39384375,4.208225000000409,7.548697916666667,,21.107032775878906
2023-11-07,25.087,18.466,10.47821875,3.740787500000301,6.681135416666667,,0.09927748143672943
2023-11-08,25.953,15.715,6.880625,3.5642000000000964,5.856333333333334,,0.0
2023-11-09,21.741,14.23,5.98871875,3.4106875000001273,5.522958333333333,,5.897921085357666
2023-11-10,32.833,13.266,5.50946875,3.2766875000000093,5.301833333333334,,17.458593368530273
2023-11-11,30.289,12.786,5.3105625,3.2686,5.116291666666666,,18.473297119140625
2023-11-12,48.263,12.899,5.9256875,3.2686,5.0326458333333335,,8.566732406616211
2023-11-13,27.367,11.993,5.13415625,3.2686,4.9261875,,0.0
2023-11-14,35.301,11.501,5.26509375,3.2686,4.831895833333333,,21.855670928955078
2023-11-15,55.484,14.398,9.845208333333334,3.276687499999897,5.1454375,,18.13211441040039
2023-11-16,20.451,17.04,8.28478125,3.381825000000094,5.1839375,,5.744182109832764
2023-11-17,95.293,14.523,6.58925,3.548687499996547,6.987541666666667,,9.991193771362305
2023-11-18,56.763,27.531,24.355302083333335,6.176774999997861,10.632385416666667,,58.91650390625
2023-11-19,28.031,23.806,12.875916666666667,8.91583750000171,7.32690625,,10.752167701721191
2023-11-20,27.147,24.283,14.7053125,5.546812500002007,7.5595,,2.2324907779693604
2023-11-21,24.342,17.846,8.16290625,3.5768875000003195,6.116,,0.0
2023-11-22,28.6,14.955,6.53365625,3.2766875000000093,5.612979166666666,,0.0
2023-11-23,23.767,13.349,5.7735,3.2686,5.2835833333333335,,0.9910389184951782
2023-11-24,41.326,13.023,5.54153125,3.276687499999897,5.133020833333333,,1.4447901248931885
2023-11-25,29.759,14.621,7.86359375,3.3252125000000663,5.22425,,27.479320526123047
2023-11-26,21.274,13.015,5.7601875,3.2686,4.9170625,,0.3227783143520355
2023-11-27,18.612,12.215,5.0655625,3.2686,4.783229166666667,,0.0
2023-11-28,25.213,11.112,4.7746875,3.2686,4.695020833333333,,0.0
2023-11-29,13.145,10.725,4.6475,3.2686,4.611375,,9.852094650268555
2023-11-30,19.788,10.65,4.59078125,3.2686,4.401354166667427,,0.15842406451702118
2023-12-01,13.283,10.673,4.55640625,3.203900000000075,3.7439999999999998,,0.0
2023-12-02,13.953,10.338,4.63059375,3.1392,3.7439999999999998,,0.4704453945159912
2023-12-03,15.638,10.569,4.7514375,3.1392,3.680000000000074,,0.0
2023-12-04,17.897,10.185,4.345,3.1392,3.6159999999999997,,0.0
2023-12-05,16.365,9.989,4.28140625,3.147287499999897,3.6159999999999997,,0.0
2023-12-06,12.816,9.637,4.25734375,3.1958125000000654,3.6159999999999997,,9.753320693969727
2023-12-07,26.057,9.789,4.241875,3.1392,3.5520000000000738,,4.6402106285095215
2023-12-08,27.844,10.178,4.88421875,3.1392,3.4879999999999995,,11.644923210144043
2023-12-09,14.505,9.489,4.16109375,3.1392,3.4879999999999995,,0.0
2023-12-10,16.063,9.246,4.06828125,3.1392,3.424000000000074,,4.168352127075195
2023-12-11,17.769,9.165,3.98234375,3.1392,3.3600000000000008,,0.2685869038105011
2023-12-12,49.523,11.63,3.91703125,3.1392,3.296000000000074,,15.9957857131958
2023-12-13,13.88,8.788,3.85171875,3.1392,3.232,,0.0
2023-12-14,20.637,8.712,3.87234375,3.1392,3.232,,15.47771167755127
2023-12-15,24.683,10.259,5.07753125,3.147287499999897,3.5662499999957444,,15.150880813598633
2023-12-16,22.779,11.108,4.99896875,3.372474999998565,12.082375000005062,,4.758377552032471
2023-12-17,18.481,18.247,9.172291666666666,4.254375000001008,5.056250000001291,,31.3859806060791
2023-12-18,10.971,11.279,4.6096875,3.2974625000000333,3.8251250000000936,,0.980338454246521
2023-12-19,19.349,11.533,4.283125,3.2686,3.680000000000074,,0.0
2023-12-20,19.577,9.367,4.18,3.203900000000075,3.544000000000176,,0.0
2023-12-21,20.179,8.831,4.01671875,3.1392,3.3040000000000833,,7.758154392242432
2023-12-22,25.133,8.96,3.97546875,3.2038999999999254,3.160000000000176,,0.0
2023-12-23,29.061,8.618,3.87578125,3.2686,2.9840000000000093,,1.4875211715698242
2023-12-24,21.731,8.57,3.8775,3.260512500000103,2.9120000000000745,,4.091789245605469
2023-12-25,18.113,8.558,3.93765625,3.1472875000000093,2.9039999999992876,,2.3091771602630615
2023-12-26,20.86,10.918,5.9648125,3.1392,3.616000000000111,,32.702152252197266
2023-12-27,16.517,8.885,4.2040625,3.147287499999897,3.4320000000000834,,0.0
2023-12-28,31.037,9.042,4.17746875,3.501224999996926,3.335999999999565,,11.511274337768555
2023-12-29,17.633,13.868,5.7393125,5.309137500002019,3.76000000000013,,20.496498107910156
2023-12-30,21.072,10.629,4.31234375,3.3101500000001978,3.560000000000083,,0.148102805018425
2023-12-31,16.831,9.214,4.008125,3.1392,3.4959999999998983,,0.7071915864944458
2024-01-01,15.702,9.593,3.9909375,3.074500000000075,3.5440000000000644,,3.2792344093322754
2024-01-02,15.488,8.709,3.89984375,3.074499999999926,3.424000000000074,,0.0
2024-01-03,17.913,8.924,3.80359375,3.1392,3.296000000000074,,0.0
2024-01-04,22.184,8.38,3.7228125,3.1392,3.232,,0.0
2024-01-05,16.99,8.034,3.70090625,3.1392,3.168000000000074,,0.0
2024-01-06,13.017,8.071,3.71809375,3.1392,3.104,,3.6996371746063232
2024-01-07,11.43,7.747,3.62403125,3.1392,3.040000000000074,,0.25144368410110474
2024-01-08,19.772,7.925,3.6253125,3.1392,2.976,,0.8368423581123352
2024-01-09,9.872,7.903,3.73528125,3.131112500000103,2.944000000000037,,0.0
2024-01-10,16.351,8.852,3.67728125,3.0178875000000094,2.912000000000001,,0.0
2024-01-11,18.902,8.026,3.66696875,3.0098000000000003,2.8800000000000376,,0.0
2024-01-12,15.403,8.028,3.733125,3.0098000000000003,2.8480000000000003,,0.0
2024-01-13,15.015,7.688,4.0046875,3.001712500000103,2.8480000000000003,,0.8174856305122375
2024-01-14,20.743,7.503,4.186875,2.8884875000000094,2.8160000000000367,,0.0
2024-01-15,13.053,7.639,4.13875,2.8804,2.784,,0.0
2024-01-16,13.674,7.44,3.60821875,2.8804,2.8159999999999634,,0.059687621891498566
2024-01-17,7.554,7.216,3.48221875,2.8804,2.8480000000000003,,0.3411911725997925
2024-01-18,9.417,7.283,3.49496875,2.864225000000206,2.8480000000000003,,2.0922019481658936
2024-01-19,13.571,6.999,3.8989375,2.6377750000000186,2.8160000000000367,,0.0
2024-01-20,13.305,7.345,3.61378125,2.6216,2.784,,0.22875459492206573
2024-01-21,13.857,6.954,3.54846875,2.6216,2.7520000000000375,,2.4089951515197754
2024-01-22,9.202,7.242,3.567,2.6216,2.66800000000006,,7.3166913986206055
2024-01-23,12.762,6.901,3.52675,2.4922000000001496,2.6159999999999997,,0.0
2024-01-24,6.313,6.904,3.61646875,2.2334000000001497,2.6304999999998153,,0.0
2024-01-25,7.791,6.662,3.44321875,2.104,2.8334999999999835,,0.0
2024-01-26,12.872,6.645,3.46721875,2.104,2.8480000000000003,,0.0
2024-01-27,9.796,6.696,3.4800625,2.104,2.7840000000000744,,0.45904403924942017
2024-01-28,7.901,6.514,3.4500625,2.104,2.72,,5.218667030334473
2024-01-29,7.472,6.515,3.432125,2.104,2.72,,0.0
2024-01-30,8.814,7.336,3.98325,2.104,2.72,,1.9913876056671143
2024-01-31,13.163,7.275,3.59871875,2.104,2.72,,0.5484460592269897
2024-02-01,30.823,7.469,3.494125,2.104,2.72,,0.0
2024-02-02,11.313,6.986,3.5709375,4.230437499972927,3.0515624999957787,,16.371540069580078
2024-02-03,47.22,19.077,17.820739583333335,18.0642500000168,5.817812500001891,,52.6485595703125
2024-02-04,17.495,14.442,6.481052083333333,3.3309250000001844,4.074125000000197,,0.0
2024-02-05,29.494,9.924,4.67309375,3.1472875000000093,3.8160000000000833,,22.360240936279297
2024-02-06,9.754,9.38,4.12328125,3.1392,3.680000000000074,,2.2430613040924072
2024-02-07,13.428,8.939,3.7675,3.1392,3.5520000000000738,,0.24947437644004822
2024-02-08,14.426,8.953,3.96946875,3.1230250000002058,3.4160000000001762,,0.4019136428833008
2024-02-09,11.103,8.574,3.68328125,2.8965750000000186,3.176000000000083,,0.0
2024-02-10,9.778,7.896,3.5498125,2.8804,3.040000000000074,,0.0
2024-02-11,8.029,8.025,3.60140625,2.8804,2.9120000000000745,,0.18141570687294006
2024-02-12,9.257,7.651,3.4389375,2.864225000000206,2.7840000000000744,,0.0
2024-02-13,6.187,7.201,3.371375,2.6377750000000186,2.7359999999997964,,0.12565137445926666
2024-02-14,7.804,8.406,3.6833125,2.6216,2.896000000000056,,18.215673446655273
2024-02-15,7.579,7.899,3.45909375,2.6216,2.8480000000000003,,0.0
2024-02-16,12.069,7.084,3.429625,2.6216,2.8480000000000003,,0.0
2024-02-17,11.817,6.746,3.31371875,2.6216,2.844000000000052,,0.0
2024-02-18,7.029,6.761,3.1689375,2.6216,2.7880000000000043,,0.0
2024-02-19,15.008,6.445,3.22659375,2.6216,2.7520000000000375,,0.0
2024-02-20,6.235,6.662,3.18815625,2.6216,2.72,,0.0
2024-02-21,15.328,6.606,3.22146875,2.6216,2.72,,0.0
2024-02-22,9.935,7.389,4.6979375,2.6216,2.72,,0.893018901348114
2024-02-23,11.609,7.381,3.25990625,2.6216,2.713500000000083,,0.0
2024-02-24,12.55,6.65,3.14715625,2.6216,2.622500000000007,,0.0
2024-02-25,13.032,6.625,3.09334375,2.6216,2.64199999999997,,0.0
2024-02-26,12.341,6.669,3.10871875,2.6216,2.6420000000000305,,0.0
2024-02-27,5.337,6.898,3.3811875,2.6054250000002055,2.6159999999999997,,0.0
2024-02-28,5.577,6.4,3.1433125,2.3628000000002247,2.56400000000006,,0.0
2024-02-29,13.251,6.329,3.0766875,2.120175000000019,2.5249999999998347,,0.0
2024-03-01,11.899,6.004,3.002375,2.104,2.655000000000045,,2.210230588912964
2024-03-02,11.688,6.184,3.00365625,2.104,2.6159999999999997,,0.0
2024-03-03,11.659,6.456,3.03440625,2.104,2.6159999999999997,,0.0
2024-03-04,11.802,7.422,3.094625,2.104,2.6159999999999997,,1.7994086742401123
2024-03-05,10.68,6.307,3.033125,2.104,2.56400000000006,,0.0
2024-03-06,6.941,6.102,3.01646875,2.104,2.521749999999876,,0.0
2024-03-07,11.841,6.034,2.98059375,2.098018750000076,2.6582499999999887,,0.0
2024-03-08,12.58,6.228,2.95496875,2.062131249999952,2.6420000000000305,,1.0359421968460083
2024-03-09,17.033,8.285,3.89925,2.104,2.6159999999999997,,38.7590217590332
2024-03-10,12.105,6.703,3.22915625,2.104,2.6304999999998153,,0.0
2024-03-11,61.483,7.706,3.27015625,2.104,2.8334999999999835,,12.377103805541992
2024-03-12,15.57,7.326,3.2698125,2.104,2.7840000000000744,,2.4595859050750732
2024-03-13,13.044,6.667,3.14075,2.1767874999990733,2.66800000000006,,0.17115196585655212
2024-03-14,13.945,6.447,3.07925,2.7267375000006457,2.59000000000003,,10.041664123535156
2024-03-15,8.849,6.424,3.03696875,,2.564,,8.820013046264648
2024-03-16,13.031,6.084,3.0459375,2.104,2.5607500000000414,,0.10991641134023666
2024-03-17,34.832,6.136,3.0254375,2.104,2.515250000000004,,4.967676162719727
2024-03-18,14.509,7.118,3.04209375,2.120174999999794,2.512,,0.0
2024-03-19,33.441,7.035,3.13434375,2.217225000000131,2.512,,18.912446975708008
2024-03-20,15.886,6.28,3.09334375,2.104,2.512,,7.524332523345947
2024-03-21,13.616,6.19,3.0664375,2.104,2.4600000000000604,,0.5905438661575317
2024-03-22,12.682,5.987,3.02159375,2.104,2.4080000000000004,,0.0
2024-03-23,12.323,5.911,2.96009375,2.104,2.4080000000000004,,5.609681606292725
2024-03-24,5.487,5.948,2.92421875,2.104,2.4080000000000004,,0.4860312342643738
2024-03-25,11.964,5.646,3.028,2.104,2.4274999999997524,,0.0
2024-03-26,12.365,6.009,2.9075625,2.104,2.648500000000037,,0.0
2024-03-27,6.849,5.893,3.012625,2.136349999999588,2.6095000000000828,,1.4970967769622803
2024-03-28,11.69,6.485,3.1125625,2.330450000000262,2.5185000000000075,,0.0
2024-03-29,10.87,5.858,3.03953125,2.104,2.512,,0.0
2024-03-30,6.053,5.717,2.98315625,2.120174999999794,2.512,,0.0
2024-03-31,27.344,6.718,3.142125,2.233399999999925,2.5249999999998347,,12.852473258972168
2024-04-01,23.74,7.548,4.56775,2.3604249999983082,2.706999999999985,,21.869586944580078
2024-04-02,40.576,10.139,3.38615625,3.3490250000010664,2.8399999999999537,,3.6769134998321533
2024-04-03,40.828,8.051,3.4368125,2.3951499999998127,2.8639999999991668,,1.404881238937378
2024-04-04,67.647,10.594,4.35703125,2.8672124999951505,3.848000000000046,,31.170379638671875
2024-04-05,28.492,12.428,7.8366875,5.2628625000026075,3.6960000000000925,,12.427553176879883
2024-04-06,22.09,9.843,3.84834375,2.8318750000004678,3.5280000000003793,,0.6636505722999573
2024-04-07,17.353,7.702,3.28296875,2.2495750000001684,3.056000000000204,,0.4973219037055969
2024-04-08,13.56,6.824,3.115125,2.104,2.7920000000000837,,1.615812063217163
2024-04-09,12.629,6.735,3.104875,2.104,2.72,,12.817314147949219
2024-04-10,6.201,6.34,2.92934375,2.136349999999588,2.66800000000006,,0.0
2024-04-11,14.35,6.386,2.920375,2.4598500000001122,2.6159999999999997,,0.17507636547088623
2024-04-12,12.746,6.098,2.91525,2.2334000000001497,2.56400000000006,,0.781454861164093
2024-04-13,24.234,6.561,2.81403125,2.104,2.512,,0.13333484530448914
2024-04-14,17.008,5.707,2.79096875,2.104,2.512,,4.890730381011963
2024-04-15,6.4,5.955,2.838375,2.104,2.512,,10.525964736938477
2024-04-16,11.222,5.924,2.741,2.104,2.512,,3.768057346343994
2024-04-17,7.815,6.329,3.0075,2.104,2.4600000000000604,,20.35809326171875
2024-04-18,14.107,6.061,2.864,2.104,2.4080000000000004,,5.878726005554199
2024-04-19,22.302,6.37,2.9229375,2.136349999999588,2.4080000000000004,,20.045150756835938
2024-04-20,15.91,6.832,3.24121875,2.4598500000001122,3.7749374999960343,,0.0
2024-04-21,33.108,10.514,5.77878125,2.5083749999996443,7.029687500001611,,16.57375144958496
2024-04-22,27.739,14.928,9.62178125,2.7509999999999253,4.65325000000045,,17.88369369506836
2024-04-23,18.888,14.728,5.25921875,2.864224999999981,3.9756250000005275,,1.1925114393234253
2024-04-24,24.65,10.034,4.31075,2.6216000000002997,3.4320000000000834,,15.319415092468262
2024-04-25,27.595,10.139,3.62840625,2.531374999997854,3.296000000000074,,25.41366195678711
2024-04-26,50.83,9.89,3.5869375,4.24154999999846,3.168000000000074,,18.24918556213379
2024-04-27,28.125,15.581,7.82565625,6.918937500003013,3.040000000000074,,33.06646728515625
2024-04-28,57.982,15.182,12.891020833333334,3.2392375000004154,2.9999999999996945,,3.6102147102355957
2024-04-29,33.621,14.56,7.7236875,2.8804,3.2720000000000464,,9.782709121704102
2024-04-30,38.918,10.179,4.02875,2.8804,3.215999999999463,,0.396045446395874
2024-05-01,85.131,10.695,5.259875,3.067524999999115,3.7600000000000184,,26.330921173095703
2024-05-02,43.925,12.81,5.49275,8.985612499948257,3.8079999999999257,,33.2442626953125
2024-05-03,70.416,15.02,4.98640625,45.98935,4.725499999987652,,10.959064483642578
2024-05-04,140.649,29.634,18.898604166666665,,19.695437500004747,,36.099117279052734
2024-05-05,29.189,24.123,19.981927083333332,6.0689625000030905,10.365312500006565,,1.9554036855697632
2024-05-06,25.071,13.932,9.3964375,4.9374749999804,4.093250000000479,,13.709498405456543
2024-05-07,51.93,11.29,7.598625,17.737399999976724,3.8515624999964824,,6.668303489685059
2024-05-08,68.077,23.46,26.427885416666665,25.74281250002291,7.620937499994902,,37.9212646484375
2024-05-09,86.49,37.286,39.62016666666667,6.493624999980993,12.426562500006511,,33.945350646972656
2024-05-10,29.717,35.749,37.89496875,20.133912499977033,5.389999999997945,,0.5244060754776001
2024-05-11,22.846,23.608,17.490395833333334,26.27621250002,6.906687500001152,,17.51897430419922
2024-05-12,54.491,23.892,19.238145833333334,7.323762500003076,5.636500000000457,,21.366451263427734
2024-05-13,25.062,19.209,13.2436875,4.275525000000535,4.8121250000005595,,0.0
2024-05-14,26.354,16.669,10.802666666666667,4.314137499990933,5.262437499986927,,0.8405495882034302
2024-05-15,27.35,28.182,23.26685416666667,9.135775000005536,15.898812500004942,,43.692543029785156
2024-05-16,45.316,32.103,25.148395833333332,3.7833749999997996,10.37925000000302,,11.001272201538086
2024-05-17,26.361,21.383,9.3289375,3.745387500000402,6.7967500000014365,,21.048297882080078
2024-05-18,23.719,15.538,6.95153125,3.26860000000015,5.073250000000525,,0.16972096264362335
2024-05-19,22.294,15.148,5.9021875,3.1392,4.501875000000327,,0.6845031380653381
2024-05-20,15.258,12.88,5.7256875,3.1392,4.083250000000207,,0.17089764773845673
2024-05-21,13.194,12.612,6.95515625,3.2176999999990006,3.7851249999997356,,13.670743942260742
2024-05-22,15.921,13.2,5.65659375,4.092775000000836,4.2354374999968165,,0.7711044549942017
2024-05-23,27.018,14.259,7.221041666666666,8.262599999973094,6.933937500000188,,10.063318252563477
2024-05-24,22.615,27.894,16.71421875,21.045837500012627,6.047500000001356,,25.366382598876953
2024-05-25,9.086,17.94,7.0698125,7.506487500004692,4.6113750000003275,,4.506697654724121
2024-05-26,12.524,13.199,5.61475,3.217700000000091,4.155125000000179,,5.793065071105957
2024-05-27,20.297,12.919,6.0805625,8.331362499933896,3.971374999999624,,1.6792724132537842
2024-05-28,85.069,19.079,8.25084375,44.93112500000445,4.329624999999199,,27.35439109802246
2024-05-29,102.401,18.614,9.02578125,26.639012500024954,4.93987500000037,,33.033287048339844
2024-05-30,23.439,15.661,8.82784375,4.511466666666666,6.235312499999015,,0.0
2024-05-31,68.051,28.344,13.59740625,,6.382187500001306,,14.813970565795898
2024-06-01,20.7,20.016,9.6915625,5.610662500001214,4.925000000000353,,2.360029697418213
2024-06-02,20.308,16.073,7.685625,5.6099124999948815,4.63874999999943,,1.0312957763671875
2024-06-03,25.075,20.028,8.4998125,8.176824999999646,5.09374999999879,,12.87077522277832
2024-06-04,23.857,20.98,8.8369375,6.557712500002888,5.743250000001046,,11.737188339233398
2024-06-05,20.554,15.881,8.734375,3.7927249999995913,4.748250000000148,,6.89388370513916
2024-06-06,11.418,13.79,6.1418125,3.818100000000711,4.5110000000002115,,13.299713134765625
2024-06-07,12.071,7.797,6.27715625,3.2130999999992835,4.470562499997008,,4.59182071685791
2024-06-08,17.124,13.518,5.75996875,4.2483624999929885,7.072812500002453,,8.435216903686523
2024-06-09,24.233,21.119,9.2830625,8.258812500003701,4.484624999999842,,22.78352928161621
2024-06-10,37.269,18.278,8.655625,5.715112499983965,4.629625000000053,,5.750463008880615
2024-06-11,40.15,21.835,11.5525,13.932762500010897,4.511000000000084,,7.1467084884643555
2024-06-12,19.58,15.649,9.15625,4.051974999999795,4.365000000000085,,0.6570678949356079
2024-06-13,36.72,17.207,9.423270833333333,4.332875000000216,4.219000000000085,,5.494139671325684
2024-06-14,81.294,20.537,16.644541666666665,4.54522499999607,5.317374999984241,,30.429494857788086
2024-06-15,66.696,41.952,38.0685,7.374333333333332,16.82149999999712,,44.27439498901367
2024-06-16,49.786,47.122,50.07,,16.57993750000561,,24.293209075927734
2024-06-17,23.292,35.084,30.556479166666666,7.260437499998347,9.802562500003233,,0.05890415981411934
2024-06-18,37.006,25.973,19.479458333333334,9.932937499966402,6.6300624999992115,,4.996989727020264
2024-06-19,26.74,27.716,22.046729166666665,26.77851250001587,7.189062500000577,,17.954395294189453
2024-06-20,39.988,25.806,19.578541666666666,10.07822499999743,6.454250000000344,,17.238021850585938
2024-06-21,29.34,22.914,18.563333333333333,9.644037500005068,6.034000000000237,,7.426139831542969
2024-06-22,24.506,23.044,16.889270833333335,5.0178666666666665,6.367874999990017,,10.205205917358398
2024-06-23,47.934,41.102,25.271791666666665,,12.621750000006426,,27.4735050201416
2024-06-24,21.588,24.676,16.454020833333335,5.492699999994236,6.446875000000239,,0.09593430161476135
2024-06-25,31.976,23.544,17.186,12.828924999946093,6.449749999995798,,23.40140724182129
2024-06-26,51.941,41.193,32.6681875,39.993062500021935,12.459312499999719,,2.3395819664001465
2024-06-27,45.993,36.362,32.91827083333333,17.89770000000851,11.019562500002477,,18.206222534179688
2024-06-28,42.557,41.436,45.34458333333333,9.25174999999634,8.15899999999783,,38.68035125732422
2024-06-29,26.745,38.054,42.1513125,10.323062500001535,9.99443750000119,,0.0
2024-06-30,23.807,28.979,26.713541666666668,7.391062500002221,8.491437499999897,,6.195843696594238
2024-07-01,26.439,33.096,26.6625,9.172999999950497,8.700874999999103,,24.663928985595703
2024-07-02,38.551,33.834,33.22983333333333,35.117612500014886,9.666062499997954,,30.83603858947754
2024-07-03,73.82,38.706,35.70203125,17.118187500008673,11.085812500001994,,8.282028198242188
2024-07-04,70.996,32.432,29.579947916666665,8.345750000001775,9.579812499990199,,8.25263786315918
2024-07-05,49.034,33.233,28.411458333333332,6.884649999998109,16.035937500006373,,31.136890411376953
2024-07-06,25.685,29.562,23.3105625,8.408325000001202,9.009937500002227,,0.0
2024-07-07,23.535,23.875,16.898729166666666,6.976575000000311,6.5838125000006364,,0.0
2024-07-08,20.69,20.967,13.904552083333334,6.605000000001311,5.880250000000249,,2.558154582977295
2024-07-09,24.788,19.657,12.492083333333333,4.664400000000697,5.543125000000223,,6.7932538986206055
2024-07-10,15.347,18.161,11.12734375,5.102149999999691,5.241000000000211,,0.0
2024-07-11,21.296,17.286,10.26025,4.804850000000474,5.277624999995183,,3.8978233337402344
2024-07-12,29.545,23.599,15.811833333333333,4.187450000000721,9.732000000002476,,12.939077377319336
2024-07-13,23.188,21.557,11.80603125,3.439550000000048,6.631250000001419,,1.2970701456069946
2024-07-14,21.007,16.227,9.74115625,3.398,5.081250000000238,,0.0
2024-07-15,19.923,15.031,9.0465625,3.398,4.803000000000085,,0.0
2024-07-16,20.011,14.505,8.7146875,3.398,4.702624999999503,,0.0
2024-07-17,19.779,13.912,8.3434375,3.4187749999997354,5.195375000000031,,0.0
2024-07-18,21.579,13.729,8.0115625,3.5434250000001684,5.095000000000085,,5.737590312957764
2024-07-19,12.063,13.111,7.714625,3.398,4.949000000000084,,5.137491703033447
2024-07-20,11.972,13.128,7.214375,3.439549999999471,4.803000000000085,,0.0
2024-07-21,11.431,13.569,5.4140625,3.8342750000004093,4.574875000000285,,4.95319128036499
2024-07-22,10.605,12.971,5.1128125,3.418775000000024,4.147125000000281,,0.0
2024-07-23,17.023,12.165,4.7144739583333335,3.398,3.8160000000000833,,0.0
2024-07-24,11.015,11.795,4.608968750000001,3.398,3.7439999999999998,,0.0
2024-07-25,17.981,11.351,4.5340625,3.4187749999997354,3.7439999999999998,,0.02613118849694729
2024-07-26,13.599,10.938,4.406875,6.61784999996295,3.8362499999980844,,3.334368944168091
2024-07-27,16.515,17.386,5.6943125,25.43222500002368,5.458375000000716,,19.199798583984375
2024-07-28,12.746,13.732,4.99534375,4.207350000000552,4.32037500000063,,9.7730131149292
2024-07-29,9.906,11.391,4.46015625,3.5642000000001923,3.688000000000083,,0.0
2024-07-30,8.383,11.169,4.3209375,3.398,3.6159999999999997,,0.0
2024-07-31,8.672,10.957,4.235,3.325212500000927,3.6159999999999997,,0.0
2024-08-01,11.882,10.59,4.1353125,2.3061875000000844,3.5520000000000738,,0.1371249407529831
2024-08-02,7.979,9.95,4.021875,2.2334,3.4559999999996664,,26.503284454345703
2024-08-03,21.243,11.781,4.60453125,2.2334,3.7760000000000367,,9.103922843933105
2024-08-04,11.445,10.831,4.35015625,2.2334,3.7964999999993316,,20.195964813232422
2024-08-05,20.314,16.159,6.764895833333333,2.241487499999897,4.77962499999509,,44.08982467651367
2024-08-06,27.825,32.29,12.83315625,2.411325000000019,9.1486250000013,,8.516213417053223
2024-08-07,26.982,25.541,10.02915625,2.3061875000000844,7.332875000001867,,12.242568969726562
2024-08-08,16.346,15.233,5.87040625,2.168700000000075,5.178125000000604,,0.8101994395256042
2024-08-09,17.648,14.778,5.54846875,2.120174999999794,4.529250000000106,,5.859249114990234
2024-08-10,19.308,15.013,5.22821875,2.515199999997835,4.365000000000085,,2.2407727241516113
2024-08-11,18.518,13.745,5.00428125,3.8258875000015062,4.219000000000085,,11.654542922973633
2024-08-12,10.772,13.2,5.180875,2.9129874999935574,4.32037499999778,,2.1115775108337402
2024-08-13,15.701,24.098,11.265489583333334,7.389537500004746,5.786375000001138,,6.012836456298828
2024-08-14,12.505,14.702,5.47078125,2.810249999998716,4.593125000000306,,5.879870414733887
2024-08-15,10.213,12.408,4.7471875,3.4946000000010478,4.282874999999398,,3.1672539710998535
2024-08-16,19.61,12.079,4.47734375,2.443675000000206,4.894250000000021,,6.695729732513428
2024-08-17,17.539,12.439,4.73571875,2.298099999999289,4.803000000000085,,6.367854118347168
2024-08-18,15.011,11.464,4.3828125,3.551287500000274,4.657000000000084,,0.0
2024-08-19,17.807,10.958,4.19203125,3.2396625000003785,4.538374999999736,,0.3348671793937683
2024-08-20,9.126,10.58,4.06484375,3.8133874999984747,4.766500000000169,,0.0
2024-08-21,13.007,10.27,4.214375,5.912581249978245,4.5110000000002115,,1.200363278388977
2024-08-22,13.866,12.297,4.39484375,16.796218750013345,4.273749999999515,,1.2761571407318115
2024-08-23,62.68,15.816,6.5449375,5.266,4.739125000000264,,1.8364245891571045
2024-08-24,23.824,18.002,6.40496875,4.425487500000853,4.456250000000021,,2.3625648021698
2024-08-25,36.59,16.379,6.21303125,4.078449999990506,4.365000000000085,,9.140297889709473
2024-08-26,18.012,13.031,4.6303125,8.590912500006459,4.2098750000002,,3.6198649406433105
2024-08-27,19.287,11.641,4.29859375,2.759087500000496,3.9371250000001865,,2.5684313774108887
2024-08-28,14.731,11.105,4.1765625,2.485824999997123,3.688000000000083,,6.868524074554443
2024-08-29,18.208,12.761,4.26765625,4.525912500001659,3.5520000000000738,,4.100885391235352
2024-08-30,13.382,11.089,4.1078125,2.787950000000417,3.424000000000074,,2.608161211013794
2024-08-31,9.762,10.035,3.77265625,2.5475499999978726,3.418249999999259,,2.689751625061035
2024-09-01,37.62,15.485,5.84815625,4.677762499996755,4.087750000000102,,23.830087661743164
2024-09-02,22.167,18.166,6.88990625,10.628318749947962,3.936000000000074,,1.3093613386154175
2024-09-03,36.131,14.549,5.21990625,38.17333125003594,3.872,,32.029884338378906
2024-09-04,18.203,13.007,4.79015625,5.035512500001703,4.133374999995931,,0.9200396537780762
2024-09-05,109.5,22.724,7.5554375,3.4603249999997834,6.578500000002097,,33.304115295410156
2024-09-06,17.435,13.554,4.757125,3.647299999998846,4.574875000000412,,0.0
2024-09-07,53.878,13.56,4.79128125,4.270550000000914,4.147125000000239,,12.857278823852539
2024-09-08,25.901,11.895,4.235,3.418775000000024,3.8171250000001957,,0.0
2024-09-09,15.034,10.955,4.021875,3.398,3.624000000000009,,0.04402407631278038
2024-09-10,14.947,10.526,3.9496875,3.4187749999997354,3.5520000000000738,,3.500603199005127
2024-09-11,10.078,10.152,3.87234375,3.5434250000001684,3.424000000000074,,4.195805549621582
2024-09-12,20.588,10.525,3.93765625,7.408874999948937,3.3839999999996953,,6.870526313781738
2024-09-13,35.59,12.139,4.2384375,33.00535000003216,3.59200000000012,,5.363057613372803
2024-09-14,21.515,10.153,3.7984375,4.352775000000721,3.424000000000074,,4.737619876861572
2024-09-15,29.563,9.709,3.85775,3.7096250000002646,3.3600000000000008,,3.852797031402588
2024-09-16,26.75,9.751,3.59575,3.418775000000024,3.427374999999143,,3.3740029335021973
2024-09-17,65.313,14.285,4.56771875,3.4603249999992065,3.9436250000006017,,6.878445625305176
2024-09-18,20.288,10.006,3.82078125,3.834275000000505,3.3080000000001433,,0.0
2024-09-19,18.763,9.346,3.58590625,3.4187749999997354,3.1719999999996347,,0.12112126499414444
2024-09-20,17.824,10.085,3.618875,8.175862499941191,3.520000000000037,,8.221074104309082
2024-09-21,32.832,16.445,5.105281250000474,40.34295000003737,3.424000000000074,,4.001585960388184
2024-09-22,91.52,12.756,4.5375,5.493162500001464,3.296000000000074,,3.6342475414276123
2024-09-23,95.206,12.738,4.43609375,3.855050000000529,3.232,,5.1450700759887695
2024-09-24,25.862,10.969,4.087187500000108,3.439549999999471,3.2479999999997964,,0.17698048055171967
2024-09-25,47.701,11.948,4.298593750000329,3.7719499999992796,3.4080000000000563,,5.154910087585449
2024-09-26,49.04,13.594,8.257031250004935,4.125125000000746,3.288000000000176,,14.362497329711914
2024-09-27,28.275,12.972,5.144843750000021,3.5226499999987015,3.1199999999999073,,1.7456085681915283
2024-09-28,42.294,11.481,4.917826704544917,4.436750000000721,3.2479999999996854,,9.199728012084961
2024-09-29,29.832,12.379,5.570048295454854,3.6057499999999516,3.5439999999998424,,15.19428825378418
2024-09-30,24.563,14.261,6.18053125,3.5641999999999037,5.932687500000969,,0.0
2024-10-01,32.926,14.767,6.6366875000012655,3.776049999997207,4.113812500000428,,5.6474456787109375
2024-10-02,35.624,14.549,5.703343750000667,5.4626500000021005,3.9632499999995345,,66.61497497558594
2024-10-03,24.168,12.017,4.6332812500004765,3.460325000000072,4.192750000000334,,7.931626319885254
2024-10-04,31.82,11.268,5.971718749997682,3.398,3.850249999999647,,2.1865921020507812
2024-10-05,31.573,19.936,8.059375000000488,3.398,4.184750000000045,,4.7595672607421875
2024-10-06,24.22,16.95,7.018281250001677,3.398,4.073000000000085,,4.9797139167785645
2024-10-07,45.92,16.22,6.268281249999729,3.5533749999980215,4.1642499999995986,,4.061354637145996
2024-10-08,42.588,17.301,8.463906249999154,4.776475000001403,4.848624999999757,,39.4643669128418
2024-10-09,42.482,17.47,9.377031250000451,3.439550000000048,4.930750000000444,,10.790876388549805
2024-10-10,52.981,19.212,10.762187499999435,3.398,4.319375000000201,,12.245573043823242
2024-10-11,23.71,16.07,8.519312500003712,3.4603249999992065,4.073000000000085,,0.0
2024-10-12,26.519,13.337,5.3083125,4.000475000000312,4.027374999999651,,0.5473619699478149
2024-10-13,46.56,13.867,4.958218750000423,3.5642000000001923,4.119625000000398,,15.052067756652832
2024-10-14,19.121,12.068,4.803906249999982,3.398,3.688000000000083,,7.488461494445801
2024-10-15,23.558,11.886,4.711093750000328,3.398,3.5520000000000738,,13.097994804382324
2024-10-16,23.879,10.962,9.746249999995264,3.398,3.4880000000000004,,9.06531047821045
2024-10-17,39.062,12.2,8.47553125,3.398,3.4800000000001017,,19.762678146362305
2024-10-18,37.039,11.008,5.2739375,3.4187749999997354,3.4353749999991523,,8.70386791229248
2024-10-19,61.598,11.161,4.74796875,3.5641999999999037,4.16075000000006,,29.84043312072754
2024-10-20,53.331,13.785,10.237249999989753,3.6057499999993747,6.863624999999036,,15.345934867858887
2024-10-21,48.151,22.879,15.6891875,4.274899999996819,6.041500000001264,,29.419849395751953
2024-10-22,55.759,21.913,11.834125,6.7163874999925115,4.702625000000433,,26.370708465576172
2024-10-23,48.071,20.939,9.99778125,15.839537500002772,4.211000000000313,,0.3399495482444763
2024-10-24,63.308,17.972,8.04209375,8.374775000005279,3.7291249999998346,,38.3006477355957
2024-10-25,39.93,15.949,7.032875,3.5849750000002163,3.9040000000000368,,4.37866735458374
2024-10-26,27.893,14.555,5.97096875,3.398,3.872,,6.930232048034668
2024-10-27,32.501,14.749,5.6808125,3.4603249999992065,3.808000000000074,,7.863642692565918
2024-10-28,25.636,12.947,5.0538125,3.979700000000577,3.7599999999997964,,12.044684410095215
2024-10-29,21.76,11.941,4.62859375,3.4395499999997594,3.9200000000000554,,7.13046407699585
2024-10-30,20.634,12.236,4.603375,3.5641999999999037,3.808000000000074,,0.23277434706687927
2024-10-31,22.138,15.136,8.26184375,3.709624999999976,3.7439999999999998,,27.95200538635254
2024-11-01,27.798,13.102,5.094,3.5642000000001923,3.778249999999564,,8.460518836975098
2024-11-02,17.682,12.646,4.78540625,3.4603249999992065,4.184750000000045,,3.2094790935516357
2024-11-03,17.849,12.343,5.308875,4.368762499995624,4.091249999999852,,15.8704195022583
2024-11-04,32.648,16.582,9.731770833333334,6.620037500002863,4.474499999999958,,41.57810592651367
2024-11-05,22.232,19.392,11.500989583333334,4.042025000000553,4.383250000000106,,0.8495619893074036
2024-11-06,21.728,16.59,10.666510416670222,3.5434249999987255,4.219000000000085,,0.6814749836921692
2024-11-07,21.896,14.804,8.747375,4.956124999999879,4.174499999998792,,20.55503273010254
2024-11-08,23.87,21.685,13.027375,5.345187499996369,5.386062499998136,,14.074417114257812
2024-11-09,38.087,20.404,15.618833333333333,8.059874999989534,7.1104375000004865,,7.404256343841553
2024-11-10,79.508,27.384,16.330729166666668,15.610237500006933,6.063937499998878,,41.187156677246094
2024-11-11,29.817,25.117,22.877052083333332,8.425837499997266,7.119562500000496,,22.269933700561523
2024-11-12,93.092,22.932,19.621447916666668,10.87368749999642,5.947250000000364,,4.431602478027344
2024-11-13,53.36,27.196,14.896770833333333,11.905775000000341,7.092687500000079,,16.524471282958984
2024-11-14,57.725,28.558,20.914677083333334,9.709162500001693,7.321749999999988,,0.0
2024-11-15,37.555,28.461,16.73705208333333,6.747037500001952,6.891312500000611,,0.0
2024-11-16,27.606,21.563,13.4884375,4.908912499996153,6.078375000000954,,0.0
2024-11-17,25.043,19.413,9.7181875,8.318349999994913,4.915875000000469,,4.486650466918945
2024-11-18,22.888,16.627,7.9046875,10.51040000000262,4.365000000000338,,0.5785889625549316
2024-11-19,30.106,19.517,12.6788125,6.653112500001225,7.641124999997044,,30.16156578063965
2024-11-20,33.288,20.444,12.632125,6.01412499999734,8.774687500001919,,27.321374893188477
2024-11-21,43.337,27.497,22.713895833333332,6.847250000002644,6.714437500000598,,23.958375930786133
2024-11-22,57.453,21.319,16.114145833333332,4.645387499991621,11.80756249999787,,28.78973388671875
2024-11-23,31.869,22.649,20.788916666666665,11.175975000005758,9.810062500004735,,0.5430631637573242
2024-11-24,37.899,19.909,14.454677083333333,5.303637500000859,5.260250000000403,,4.3155670166015625
2024-11-25,26.257,16.752,11.30425,4.395200000000577,4.803000000000211,,0.0
2024-11-26,70.497,15.883,10.13828125,3.709624999998918,4.55662499999963,,7.100386142730713
2024-11-27,69.938,17.319,11.084333333333333,4.97073749999777,4.8303750000002434,,17.794292449951172
2024-11-28,69.741,15.978,7.4296875,5.951737500001992,4.520125000000095,,17.32057762145996
2024-11-29,42.095,17.072,8.6091875,4.104350000000048,4.374124999999968,,4.2249956130981445
2024-11-30,30.873,14.595,8.3995625,4.083574999999736,4.428874999999989,,0.0
2024-12-01,29.878,14.892,6.40740625,4.353650000000241,4.365000000000085,,0.0
2024-12-02,26.164,14.075,5.3510625,4.083575000000025,4.219000000000085,,5.034792423248291
2024-12-03,28.372,13.214,6.226125,4.021250000000529,4.073000000000085,,4.896050930023193
2024-12-04,23.021,13.251,5.94146875,3.481099999999519,3.936000000000074,,0.0
2024-12-05,27.325,12.814,4.91046875,3.6888500000003375,3.872,,0.0
2024-12-06,26.314,12.487,4.817656250000117,3.398,3.808000000000074,,0.7433709502220154
2024-12-07,21.251,12.185,4.7007812500002935,3.398,3.7439999999999998,,1.0259075164794922
2024-12-08,25.044,11.753,4.272812500000321,3.398,3.7439999999999998,,0.0
2024-12-09,21.397,11.589,3.8860937500003283,3.398,3.7439999999999998,,0.0
2024-12-10,20.137,11.677,3.7417187499998508,3.398,3.680000000000074,,0.0
2024-12-11,22.166,11.373,4.004687500000013,3.398,3.6159999999999997,,0.0
2024-12-12,23.813,11.089,3.922187500000346,3.4603249999992065,3.6159999999999997,,11.066415786743164
2024-12-13,18.533,10.788,3.8345312499996953,4.000475000000312,3.5520000000000738,,0.0
2024-12-14,21.667,10.675,4.1353125,3.5642000000001923,3.4879999999999995,,0.0
2024-12-15,38.931,14.595,6.0609375,3.398,3.503999999999796,,0.0
2024-12-16,31.622,14.074,5.7288125,3.398,3.727999999999981,,1.0634620189666748
2024-12-17,22.206,12.344,4.626875,3.5018749999986776,3.680000000000074,,0.0
2024-12-18,24.853,11.869,4.3071875,4.291325000000649,3.6159999999999997,,2.5576412677764893
2024-12-19,37.476,11.365,4.2315625,3.7304,3.5520000000000738,,17.26466178894043
2024-12-20,19.317,11.199,4.131875,3.7096250000002646,3.4879999999999995,,11.502604484558105
2024-12-21,41.066,11.826,4.07171875,3.418775000000024,3.871749999999767,,21.135921478271484
2024-12-22,102.558,12.332,4.30203125,3.66191249999664,3.933624999999617,,35.496185302734375
2024-12-23,158.712,17.248,5.87078125,6.076387500001176,4.103625000000379,,38.6337776184082
2024-12-24,40.426,13.944,4.3690625,4.602950000000048,3.752000000000009,,34.023193359375
2024-12-25,32.982,13.326,4.59234375,4.887787499993536,3.680000000000074,,17.589542388916016
2024-12-26,47.888,15.51,8.622197916666666,9.488324999995779,5.982750000000735,,25.134445190429688
2024-12-27,38.993,18.028,7.67321875,9.58463750000639,4.373250000000432,,25.07246971130371
2024-12-28,26.953,13.304,5.030041666666887,3.8135000000000963,3.9920000000001017,,0.15817905962467194
2024-12-29,31.526,12.814,4.763802083333333,3.7511749999997357,3.8160000000000833,,13.851591110229492
2024-12-30,28.039,13.79,4.999,3.875825000000168,3.7439999999999998,,12.999547958374023
2024-12-31,23.733,13.561,5.09040625,3.7304,3.680000000000074,,0.16616764664649963
2025-01-01,20.428,12.514,4.54609375,3.813499999998942,3.6319999999997963,,8.161433219909668
2025-01-02,29.255,13.299,4.74375,4.478300000000481,3.7920000000000553,,2.0534253120422363
2025-01-03,29.851,14.834,5.69634375,4.125124999999207,3.7599999999997964,,30.096492767333984
2025-01-04,57.433,18.956,9.809822916666667,4.499075000000505,4.090999999997878,,8.72852611541748
2025-01-05,52.738,23.228,17.7033125,4.042025000000264,5.324625000001406,,24.115358352661133
2025-01-06,28.332,19.329,10.5915625,3.751175000000024,3.963375000000106,,4.707385063171387
2025-01-07,23.297,15.076,6.49096875,3.7304,3.808000000000074,,6.892271518707275
2025-01-08,25.147,13.605,6.450852678571934,3.7304,3.7439999999999998,,2.718578577041626
2025-01-09,27.597,12.899,5.372772321428571,3.7304,3.7439999999999998,,0.8464349508285522
2025-01-10,16.163,13.338,7.36625,3.7096250000002646,3.680000000000074,,0.0
2025-01-11,23.91,12.035,4.64921875,3.418775000000024,3.5520000000000738,,0.0
2025-01-12,17.791,11.363,4.31578125,3.398,3.503999999999796,,0.0
2025-01-13,15.218,11.029,4.13703125,3.398,3.664000000000055,,0.0
2025-01-14,15.532,10.617,4.0115625,3.398,3.5520000000000738,,0.0
2025-01-15,21.979,10.174,3.98234375,3.398,3.4879999999999995,,0.0
2025-01-16,18.486,10.112,3.884375,3.4187749999997354,3.424000000000074,,0.0
2025-01-17,22.933,9.948,3.795,3.709624999999976,3.3520000000001025,,0.1914585828781128
2025-01-18,21.63,9.529,3.71853125,4.2106624999938855,3.2400000000000095,,0.0
2025-01-19,20.062,9.655,3.70734375,8.07598750000383,3.228000000000051,,0.0
2025-01-20,14.497,9.397,3.75203125,4.488250000000108,3.168000000000055,,0.0
2025-01-21,10.298,9.273,3.51415625,4.145899999999327,3.1080000000000045,,3.9961655139923096
2025-01-22,12.497,9.087,3.443125,4.935350000000433,3.040000000000074,,0.0031371372751891613
2025-01-23,10.866,8.951,3.45553125,4.104350000000433,2.976,,0.0013156966306269169
2025-01-24,11.816,8.897,3.43159375,4.657074999988202,2.976,,0.4994334280490875
2025-01-25,13.91,9.348,3.518875,10.881925000006738,3.167999999999778,,1.2682769298553467
2025-01-26,17.247,12.254,4.3965625,5.054337499996224,3.6159999999997035,,31.210296630859375
2025-01-27,25.248,10.121,3.7640625,7.014762500002262,3.808000000000074,,12.977838516235352
2025-01-28,43.266,9.579,3.6815625,4.991762499997021,3.69599999999987,,2.837472438812256
2025-01-29,52.009,9.692,3.73921875,6.55596250000202,3.7840000000001575,,21.557804107666016
2025-01-30,94.627,12.648,4.73715625,5.227287499988155,3.560000000000083,,10.793684005737305
2025-01-31,63.599,13.844,3.99953125,10.718412500007993,3.4160000000001762,,20.724441528320312
2025-02-01,35.08,10.073,3.64634375,3.7719499999997597,3.2479999999999074,,2.185950517654419
2025-02-02,24.716,9.517,3.6231875,3.9173749999996392,3.288000000000065,,0.0
2025-02-03,27.064,15.626,3.47053125,4.389537499995648,3.223999999999361,,8.785558700561523
2025-02-04,32.356,11.315,3.84575,6.973212500002214,4.009999999998355,,20.468826293945312
2025-02-05,26.83,20.8,14.2899375,4.623724999999784,5.329625000000736,,65.26607513427734
2025-02-06,25.033,13.494,6.336625,4.478300000000769,4.529250000000232,,19.92262840270996
2025-02-07,43.225,12.172,5.01809375,3.751175000000024,4.147125000000281,,9.486315727233887
2025-02-08,49.862,13.561,6.2718125,3.7304,3.8160000000000833,,7.582427024841309
2025-02-09,86.72,13.103,4.73515625,3.7304,3.736000000000102,,24.720226287841797
2025-02-10,28.628,12.188,5.1883125,3.7304,3.657124999999587,,49.793094635009766
2025-02-11,47.342,13.25,5.32071875,3.813499999998942,4.031875000000149,,46.20647430419922
2025-02-12,36.705,13.778,7.8121875,4.6445000000002885,3.8239999999999816,,7.996903896331787
2025-02-13,26.906,15.178,8.07440625,4.353650000000529,3.8000000000000647,,1.3283649682998657
2025-02-14,26.727,20.365,19.5988125,4.50226249999075,3.672000000000176,,3.112572431564331
2025-02-15,34.534,15.6,9.374354166666667,9.97919999999914,3.5279999999996017,,0.0
2025-02-16,35.69,19.812,14.497916666666667,13.434799999939246,5.128499999998383,,2.214067220687866
2025-02-17,61.055,28.306,28.60159375,43.86747500004273,5.990625000000087,,13.27423095703125
2025-02-18,38.102,25.773,23.75765625,5.033212500001124,5.683125000001019,,24.62261390686035
2025-02-19,21.905,19.234,15.437739583333334,3.896600000000192,4.410625000000433,,22.819711685180664
2025-02-20,26.23,17.556,11.73090625,3.813499999998942,3.9451250000000844,,59.50349044799805
2025-02-21,48.363,14.277,8.5125625,4.769150000000625,4.346624999999768,,0.0
2025-02-22,33.385,17.449,11.15125,4.1666749999992545,4.182375000000358,,19.3919734954834
2025-02-23,26.628,14.67,9.15625,4.665275000000313,3.808000000000074,,48.675819396972656
2025-02-24,26.246,13.657,9.011729166666667,4.145899999999327,5.651187500000492,,13.432022094726562
2025-02-25,73.522,16.398,8.47275,4.540624999999688,4.315312500000513,,38.748130798339844
2025-02-26,23.133,13.57,6.08190625,4.561399999999711,3.808000000000074,,2.974048376083374
2025-02-27,23.617,13.236,5.534875,4.499075000000505,3.680000000000074,,14.583523750305176
2025-02-28,34.446,13.131,5.3736875,4.0628,4.026999999999524,,6.9614458084106445
2025-03-01,23.37,13.01,7.11165625,4.0628,4.292000000000169,,6.624063968658447
2025-03-02,28.91,16.44,7.87253125,4.0628,4.065000000000186,,3.88810658454895
2025-03-03,55.66,12.74,8.17203125,4.125124999999207,3.8080000000001855,,4.154151916503906
2025-03-04,62.15,13.45,8.61775,4.499075000000505,3.560000000000083,,16.600299835205078
2025-03-05,51.65,16.75,10.867875,4.0628,3.4913749999992163,,9.445730209350586
2025-03-06,22.46,15.16,10.6151875,4.0628,4.297625000000006,,8.34373664855957
2025-03-07,28.1,15.37,13.02525,4.0628,4.219000000000085,,12.690828323364258
2025-03-08,18.12,14.12,9.689125,4.0628,4.065000000000186,,1.5297908782958984
2025-03-09,24.44,12.24,7.9215625,4.0628,3.850249999999647,,0.0
2025-03-10,17.49,11.75,7.44034375,4.0628,4.139124999999781,,0.04625507816672325
2025-03-11,22.78,13.22,7.27165625,4.202374999998223,4.553312499996462,,1.5881839990615845
2025-03-12,19.49,16.61,9.4590625,5.476100000001345,7.092562500001952,,19.769840240478516
2025-03-13,23.83,13.55,7.2365625,4.104350000000337,5.072125000000353,,3.3883376121520996
2025-03-14,36.16,17.13,14.582625,3.751175000000024,4.59312500000018,,25.899511337280273
2025-03-15,27.53,15.01,10.215333333333334,3.7511749999997357,4.274875000000387,,1.4451528787612915
2025-03-16,37.49,16.7,10.62025,8.478624999975667,3.8251250000000936,,23.276134490966797
2025-03-17,43.2,20.7,9.8265625,19.9412500000152,3.7599999999997964,,25.581890106201172
2025-03-18,40.02,13.67,8.18875,5.909750000000983,3.9839999999999813,,3.2450079917907715
2025-03-19,29.21,12.63,7.56971875,4.84633749999695,3.936000000000074,,2.8503708839416504
2025-03-20,28.32,12.88,5.3820625,10.462962499951988,3.872,,7.592533111572266
2025-03-21,31.28,16.38,9.859864583333334,33.421562500025914,3.808000000000074,,14.388463020324707
2025-03-22,30.51,16.11,9.58990625,8.377612500004705,3.680000000000074,,7.0239410400390625
2025-03-23,19.64,13.06,5.3229375,4.1251250000000725,3.6159999999999997,,0.20483219623565674
2025-03-24,23.4,11.65,4.819375,4.125124999999207,3.6159999999999997,,0.0
2025-03-25,22.78,11.16,4.6426875,4.935350000000722,3.5520000000000738,,1.835259199142456
2025-03-26,15.93,11.33,5.72525,4.1251250000000725,3.424000000000074,,4.5985918045043945
2025-03-27,18.62,10.94,4.70271875,3.896600000000192,3.3919999999995936,,19.697025299072266
2025-03-28,27.73,12.08,6.7294375,3.7096250000002646,3.7760000000000367,,25.630718231201172
2025-03-29,32.83,14.45,6.159875,3.9944624999926943,3.713124999999652,,11.681802749633789
2025-03-30,23.5,15.93,7.02478125,8.397512500004321,4.076374999999582,,19.959430694580078
2025-03-31,13.97,15.04,6.24146875,5.166474999997346,4.885124999999884,,11.033065795898438
2025-04-01,63.29,16.39,8.99975,6.092625000001965,4.684375000000285,,0.0
2025-04-02,29.96,18.48,13.919083333333333,4.462499999999143,4.392374999999736,,15.249796867370605
2025-04-03,24.91,17.77,11.151864583333333,4.700100000000738,4.53837500000037,,12.424779891967773
2025-04-04,27.53,21.22,16.89859375,4.0628,4.02725000000018,,25.593338012695312
2025-04-05,22.63,26.73,37.93996875,4.202374999998223,3.986999999997795,,23.0501708984375
2025-04-06,25.92,29.89,29.675520833333334,5.206025000000937,14.96937500000039,,33.07964324951172
2025-04-07,32.43,27.06,22.38171875,4.291324999999399,10.950999999985008,,27.705245971679688
2025-04-08,51.39,28.77,24.364583333333332,4.561399999999711,17.651562500012584,,29.877094268798828
2025-04-09,33.21,19.69,16.3431875,4.7553,7.772562499978361,,1.3064212799072266
2025-04-10,85.17,48.83,47.29759090909091,,30.183187499990346,,51.156944274902344
2025-04-11,39.83,63.33,,56.23668333333333,33.4304375000007,,17.253259658813477
2025-04-12,105.3,58.37,,,26.911250000015134,,12.96452808380127
2025-04-13,45.15,36.42,32.28203125000115,7.855100000003234,11.123437500002758,,5.7525434494018555
2025-04-14,37.4,26.91,28.024218750003854,4.769149999999855,8.066250000001098,,14.337972640991211
2025-04-15,22.53,22.21,23.93906250000162,4.873024999999879,6.714437500000598,,3.7275543212890625
2025-04-16,25.26,19.22,23.2742187499996,5.002274999996599,5.952000000000474,,5.2648820877075195
2025-04-17,37.44,19.87,22.848531250001113,6.795750000002008,5.398375000000224,,25.838287353515625
2025-04-18,26.17,17.24,21.35393750000142,5.199762499996296,7.338499999997956,,0.0
2025-04-19,51.5,22.07,20.488249999999578,12.825449999954978,7.061125000002698,,16.708873748779297
2025-04-20,87.56,21.35,20.032625000001442,38.73975000003151,4.976374999999736,,20.802043914794922
2025-04-21,56.19,17.92,18.848000000000354,7.563537500002897,5.022000000000296,,14.345425605773926
2025-04-22,28.99,20.9,20.062999999998667,4.8938000000001916,4.657000000000211,,14.758346557617188
2025-04-23,78.23,23.37,22.676343749995088,4.7276,5.480374999986856,,0.787758469581604
2025-04-24,65.34,41.07,30.89453124999847,5.751937499986959,18.04893749999946,,18.19708251953125
2025-04-25,57.42,43.09,27.909218750019203,14.283087500006262,13.842187500005984,,15.27301025390625
2025-04-26,34.67,33.43,11.000937499998027,6.903475000002133,8.651562499996198,,22.49284553527832
2025-04-27,119.7,33.64,29.31015624998674,5.18874999999836,11.439374999992499,,1.1959612369537354
2025-04-28,68.86,37.89,35.33218750000751,8.242749999998402,17.122187500003385,,48.61891555786133
2025-04-29,127.99,37.85,,10.220199999999998,15.567187499976207,,5.496514320373535
2025-04-30,69.22,69.13,,,35.043312500003864,,35.97398376464844
2025-05-01,34.26,52.96,40.01253125001773,12.620133333333333,26.862687500006803,,9.879829406738281
2025-05-02,49.19,41.14,27.787499999998776,,19.68981250000266,,21.635173797607422
2025-05-03,56.72,38.06,28.12109375000139,13.78172499999953,15.585625000004304,,34.13789749145508
2025-05-04,50.9,30.22,33.14096874999655,12.148825000001368,10.822999999998206,,0.6437918543815613
2025-05-05,63.54,40.33,38.75774999999898,9.311762500000365,13.665999999981244,,18.54690170288086
2025-05-06,67.34,43.1,48.60093749998126,8.558124999996897,30.646437500005277,,6.228506565093994
2025-05-07,71.01,43.75,57.68870833333333,11.440087499996293,23.259187500004952,,7.976750373840332
2025-05-08,62.9,37.7,37.50683333333333,14.301400000001754,16.643625000000835,,27.171737670898438
2025-05-09,48.63,36.74,43.4481875,11.159850000001779,15.82862500000126,,34.204524993896484
2025-05-10,37.34,30.02,25.027625,8.933574999997191,12.722750000003057,,0.26202481985092163
2025-05-11,23.89,24.52,17.035604166666666,10.081012500004782,9.219562500001222,,8.223978042602539
2025-05-12,23.84,23.57,13.91690625,5.282612500000257,7.759062500000654,,0.0
2025-05-13,23.68,20.61,12.32059375,5.1371874999970935,6.774625000000667,,13.921490669250488
2025-05-14,32.03,19.11,11.1724375,7.97057499999622,5.952000000000474,,1.4455947875976562
2025-05-15,44.9,22.62,13.665875,11.794125000005609,9.94237499999935,,10.644845962524414
2025-05-16,90.19,19.91,13.298229166666667,5.6890833333333335,10.264999999980084,,5.614348411560059
2025-05-17,135.9,43.48,38.633625,,25.405000000011842,,24.553325653076172
2025-05-18,118.45,36.68,26.73225,11.60957499999788,17.93074999999853,,50.05247116088867
2025-05-19,176.26,31.68,21.828479166666668,13.149462499992948,17.27006249998023,,22.69723892211914
2025-05-20,150.16,42.77,43.22929166666667,17.065962500003128,30.455875000011492,,5.371653079986572
2025-05-21,107.19,36.94,27.132458333333332,12.740762499994442,16.530312500002896,,0.9624786376953125
2025-05-22,109.21,31.77,25.0303125,15.549812500005997,13.569875000001415,,21.994064331054688
2025-05-23,95.46,25.65,16.75027083333333,7.528125000002856,11.837624999997981,,0.0
2025-05-24,61.19,26.11,14.594572916666667,5.345187499996369,12.810750000003077,,1.2033824920654297
2025-05-25,29.25,21.17,11.97025,7.906062500001029,8.438875000002119,,0.5856513977050781
2025-05-26,60.99,19.49,10.6673125,6.349437499997531,6.766249999994568,,15.051983833312988
2025-05-27,112.64,23.78,11.8384375,7.98331250000243,11.435125000001506,,16.734569549560547
2025-05-28,97.59,19.28,10.35596875,5.369000000000357,9.480500000000935,,7.561465263366699
2025-05-29,79.72,17.23,9.184375,4.873025000000456,8.302500000000641,,0.0
2025-05-30,88.61,17.3,8.53425,4.2013,7.287875000000835,,6.439029693603516
2025-05-31,32.31,17.93,7.523,,6.310750000000225,,13.528724670410156
2025-06-01,35.52,16.14,6.29046875,3.8412000000001707,6.034000000000095,,12.151155471801758
2025-06-02,15.99,16.64,6.368125,3.7511749999997357,5.870000000000095,,5.209019660949707
2025-06-03,80.06,15.66,5.699625,5.328262499981676,5.818749999999608,,0.0
2025-06-04,101.26,22.25,7.41890625,18.118850000009402,6.157000000000189,,11.406156539916992
2025-06-05,58.98,15.87,5.6803125,8.339112500001411,5.99299999999962,,11.024518966674805
2025-06-06,65.14,18.54,7.8866875,9.677874999999199,6.239000000000283,,11.502243995666504
2025-06-07,29.4,24.24,10.3035625,9.032737499995621,5.880250000000107,,11.342267990112305
2025-06-08,24.14,16.38,6.81146875,11.530087499998688,5.808499999999738,,0.0
2025-06-09,31.82,18.21,5.942125,11.798874999998098,6.074999999999289,,22.356637954711914
2025-06-10,48.14,19.49,8.39003125,11.850225000002578,6.710500000000118,,19.634235382080078
2025-06-11,90.51,25.08,11.18978125,7.34150000000264,6.444000000000189,,2.842005968093872
2025-06-12,76.19,19.72,8.62859375,4.8384,7.310124999985937,,5.677892208099365
2025-06-13,115.8,35.47,20.067479166666665,,17.641937499996157,,29.994396209716797
2025-06-14,100.08,43.0,36.072552083333335,45.17580000004075,21.686250000001067,,38.47077941894531
2025-06-15,47.52,36.95,24.947635416666667,8.682412499995216,19.6346875000026,,16.61924171447754
2025-06-16,94.77,24.96,13.798020833333334,12.64541249999028,16.391874999994037,,9.721281051635742
2025-06-17,100.49,39.51,26.955572916666668,19.102033333333335,22.31749999999186,,29.865631103515625
2025-06-18,58.74,48.7,31.56838541666667,,23.685000000010604,,19.223190307617188
2025-06-19,86.87,29.11,16.574708333333334,31.593237500023754,11.93475000000268,,0.0
2025-06-20,85.07,22.73,12.474739583333333,9.690012499995484,9.225625000000962,,15.36552619934082
2025-06-21,27.06,20.58,10.55509375,12.381487499998773,7.670500000001088,,0.0
2025-06-22,52.09,21.52,12.208520833333333,14.447462499976423,7.576624999986198,,27.478357315063477
2025-06-23,124.07,40.67,32.43889583333333,28.75255,17.788187500000888,,26.863964080810547
2025-06-24,44.35,62.21,33.251916666666666,,19.93131250000378,,26.959178924560547
2025-06-25,23.11,37.41,22.09075,11.84748750000611,13.795812500002516,,0.1120750904083252
2025-06-26,19.71,25.59,14.292020833333334,5.643112500000674,11.115937499998752,,0.1656380593776703
2025-06-27,34.97,24.39,38.75388541666667,4.8938000000001916,12.142125000001053,,11.448906898498535
2025-06-28,13.92,30.44,17.592697916666665,4.7276,10.846875000000464,,6.405992031097412
2025-06-29,28.45,25.84,16.399125,4.561400000000193,10.057250000000865,,2.6148242950439453
2025-06-30,24.46,21.83,11.7585625,4.000474999999255,8.802562500000631,,0.0
2025-07-01,15.94,21.23,8.6275,4.789925000000072,8.12906250000012,,13.835258483886719
2025-07-02,20.89,19.32,7.34653125,4.7276,7.932500000000106,,0.12023506313562393
2025-07-03,15.96,18.72,6.80521875,4.602949999999663,7.747500000000107,,2.048574447631836
2025-07-04,13.83,18.16,6.50790625,4.852250000000144,7.5625000000001075,,1.1153501272201538
2025-07-05,53.35,18.67,6.52565625,4.3952000000003855,7.285000000000214,,0.019703498110175133
2025-07-06,18.12,17.08,5.79346875,4.125124999999207,7.018000000000096,,0.5826791524887085
2025-07-07,18.95,16.81,5.5265,4.810700000000384,6.936000000000001,,0.08647815883159637
2025-07-08,15.09,15.9,5.12615625,4.415975000000024,6.854000000000095,,1.8308131694793701
2025-07-09,16.73,16.24,5.5119375,4.415974999999736,6.6900000000000945,,12.915570259094238
2025-07-10,40.17,15.94,5.0950625,4.727599999999711,6.608,,3.0660061836242676
2025-07-11,42.87,17.36,6.11946875,4.976900000000769,6.526000000000095,,4.431997776031494
2025-07-12,17.88,15.8,4.86284375,4.1251250000000725,6.444,,3.5392844676971436
2025-07-13,19.42,14.22,4.6028125,4.042025000000264,6.362000000000094,,2.0199875831604004
2025-07-14,30.34,14.98,4.57015625,3.751175000000024,6.279999999999999,,0.06245122104883194
2025-07-15,43.6,13.94,4.33640625,3.7096250000002646,6.279999999999999,,0.0
2025-07-16,87.0,13.16,4.23671875,3.418775000000024,6.1980000000000945,,0.0
2025-07-17,20.18,13.32,4.0184375,3.398,6.116,,0.0
2025-07-18,17.15,12.72,3.939375,3.398,6.034000000000095,,0.0
2025-07-19,18.85,12.37,3.71765625,3.3818250000002057,5.870000000000095,,0.0
2025-07-20,15.72,12.35,3.66275,3.155375000000019,5.788,,0.0
2025-07-21,30.44,12.2,3.75634375,3.1392,5.7060000000000946,,14.711337089538574
2025-07-22,128.81,12.29,3.64721875,3.1392,5.552249999999964,,0.8089330792427063
2025-07-23,80.11,11.89,3.477375,3.1392,5.531750000000083,,7.093167781829834
2025-07-24,17.21,11.44,3.426125,3.155374999999794,5.387000000000084,,0.0
2025-07-25,15.08,11.82,3.55028125,4.089062499990977,5.313999999999999,,8.610864639282227
2025-07-26,27.33,13.53,4.36821875,10.482737499988177,5.3743749999992305,,10.83574390411377
2025-07-27,41.49,21.55,6.71471875,15.18508749999778,6.137625000000025,,20.926864624023438
2025-07-28,48.87,20.28,5.40528125,13.771975000007263,6.034000000000095,,21.09462547302246
2025-07-29,64.92,17.51,5.59203125,9.945437499951487,5.952,,14.909504890441895
2025-07-30,63.4,17.8,5.33009375,33.41822500003044,5.859750000000226,,32.47744369506836
2025-07-31,18.98,14.26,3.953125,6.090000000001192,5.624000000000143,,7.0562744140625
2025-08-01,65.13,12.91,3.78821875,4.74837500000012,5.397250000000096,,7.687791347503662
2025-08-02,72.22,12.1,3.6023125,4.374425000000361,5.277500000000042,,10.60583782196045
2025-08-03,30.33,14.8,4.2395625,4.125124999999207,5.204500000000042,,7.937119483947754
2025-08-04,13.8,12.2,3.43090625,4.929499999998872,5.168,,7.774957180023193
2025-08-05,12.61,11.48,3.36428125,5.392124999999145,5.131500000000043,,2.7910077571868896
2025-08-06,20.36,11.24,3.38225,5.448600000000642,5.108687499999825,,1.7360585927963257
2025-08-07,32.4,13.87,3.81378125,4.997675000000215,5.276312499999445,,31.97585105895996
2025-08-08,39.61,20.49,5.054375,4.706825000000553,5.872249999999386,,6.513444423675537
2025-08-09,26.56,22.61,9.867854166666667,4.1666749999992545,6.300500000000356,,36.66176223754883
2025-08-10,17.51,15.78,5.6195625,4.5406249999999755,5.680749999999058,,6.108686923980713
2025-08-11,45.26,24.67,10.653208333333334,4.415974999999543,6.343750000000311,,20.843795776367188
2025-08-12,22.42,16.53,5.0616875,4.980999999998217,6.003250000000344,,17.600910186767578
2025-08-13,27.4,14.32,4.18,5.940475000001018,5.553375000000234,,3.5218281745910645
2025-08-14,27.3,13.83,4.26078125,4.602950000000048,5.299124999999472,,16.21390724182129
2025-08-15,42.36,17.13,7.51646875,4.706824999999688,5.7996874999975665,,17.900585174560547
2025-08-16,65.79,20.96,7.5538125,4.893799999999903,8.14462500000062,,47.277915954589844
2025-08-17,26.21,20.58,6.4674375,4.921499999999999,7.237687500000347,,0.5959657430648804
2025-08-18,50.86,38.82,17.451520833333333,,6.8437500000002265,,25.104007720947266
2025-08-19,35.63,26.0,11.4606875,14.247875000007882,6.433750000000463,,29.45479965209961
2025-08-20,15.38,20.07,7.5499375,7.965687499986518,6.515124999991217,,0.0
2025-08-21,75.23,36.31,17.087739583333335,19.071637499993486,13.186125000003592,,22.881710052490234
2025-08-22,49.46,31.63,13.749552083333333,36.492000000009355,9.735375000000372,,23.184280395507812
2025-08-23,35.61,29.46,15.57125,17.022250000010914,9.310499999999642,,9.299482345581055
2025-08-24,20.41,27.28,14.8070625,7.311462499998483,9.174375000000188,,3.4726452827453613
2025-08-25,17.66,22.57,10.98653125,7.791987499998844,8.936062500001107,,13.935147285461426
2025-08-26,19.55,19.45,8.0025,8.163562500001207,7.325187500001162,,1.282196283340454
2025-08-27,20.12,16.84,5.56928125,6.476250000001043,5.849500000000308,,5.424452781677246
2025-08-28,20.99,15.65,4.959875,5.249324999998885,5.531750000000083,,9.764654159545898
2025-08-29,18.68,15.1,4.4240625,5.888974999999171,5.423500000000042,,0.0
2025-08-30,17.78,13.66,4.22984375,6.904862499998567,5.3459375000001,,1.5127432346343994
2025-08-31,19.91,13.89,4.23328125,6.409662500002043,5.268312499999293,,13.759767532348633
2025-09-01,23.43,15.96,5.144875,4.727599999999711,5.974750000000026,,3.8169937133789062
2025-09-02,30.13,26.87,16.650979166666666,4.921499999999999,6.646999999990202,,28.28359603881836
2025-09-03,77.63,38.88,22.170510416666666,,13.70925000000491,,36.740116119384766
2025-09-04,32.15,26.64,11.24225,16.853062500006466,8.305375000001431,,17.068958282470703
2025-09-05,13.49,19.86,7.67571875,10.332175000000818,6.620875000000679,,0.7055177092552185
2025-09-06,33.71,17.8,6.0984375,9.371599999997406,6.804999999988476,,11.154231071472168
2025-09-07,93.18,32.78,19.417875,9.88371249999947,13.68956250000661,,34.8469123840332
2025-09-08,34.23,27.58,17.012645833333334,10.187812500001522,7.253437500001127,,19.686969757080078
2025-09-09,40.88,25.32,12.264333333333333,7.90772500000127,5.911000000000331,,8.474241256713867
2025-09-10,23.84,19.15,8.57275,5.909750000000983,5.542000000000095,,1.8122810125350952
2025-09-11,35.87,17.55,6.28721875,4.8938000000001916,5.387000000000084,,9.388786315917969
2025-09-12,20.11,15.69,5.1635625,6.540637499976917,5.241000000000085,,0.8858786821365356
2025-09-13,14.67,15.14,4.8159375,37.646125000020675,5.113249999999853,,4.593740940093994
2025-09-14,28.09,14.55,4.59078125,11.568475000004714,5.2227500000000635,,5.178483963012695
2025-09-15,32.62,16.32,4.7895625,6.85336249999993,5.168,,6.647674560546875
2025-09-16,23.82,13.91,4.269375,6.0177250000013975,5.113249999999853,,6.424672603607178
2025-09-17,61.22,13.59,4.2384375,6.961749999971843,5.389749999997937,,17.003572463989258
2025-09-18,77.44,22.15,7.3464375,22.668925000015097,7.0467500000006495,,43.52938461303711
2025-09-19,48.41,21.2,6.685375,8.977037500002428,6.280000000000331,,30.036640167236328
2025-09-20,28.27,17.52,6.09784375,5.823362500000883,5.850625000000484,,9.657352447509766
2025-09-21,25.87,14.46,4.6303125,4.8938000000001916,5.261500000000235,,0.0
2025-09-22,17.85,13.98,4.24875,5.002274999996503,4.958125000000095,,5.812630653381348
2025-09-23,21.19,13.48,4.08546875,7.666275000000752,4.821249999999853,,0.36026233434677124
2025-09-24,14.4,14.26,4.00125,6.349437499997531,5.018499999998946,,13.712469100952148
2025-09-25,17.45,14.97,4.54265625,8.08631250000112,5.773125000000489,,20.59873390197754
2025-09-26,15.93,14.34,5.34215625,5.923800000001385,5.241000000000211,,0.655631422996521
2025-09-27,52.77,13.53,4.652125,4.748374999999736,5.031125000000011,,28.789966583251953
2025-09-28,55.15,22.83,10.18175,4.893799999999903,5.122687499997873,,24.792827606201172
2025-09-29,75.55,20.8,8.296791666666667,4.873025000000168,6.783562500000723,,7.374549865722656
2025-09-30,52.23,22.0,11.543083333333334,6.48697499999724,6.013500000000498,,34.2034797668457
2025-10-01,26.65,17.26,8.15996875,10.998524999975245,5.335625000000321,,8.924018859863281
2025-10-02,25.39,20.52,10.23746875,22.13012500001708,4.976374999999863,,26.344451904296875
2025-10-03,40.8,19.26,10.227625,6.910237499996387,5.094999999999832,,28.290782928466797
2025-10-04,19.55,19.19,7.5438125,9.396249999996042,5.21362500000018,,19.272117614746094
2025-10-05,30.74,17.49,7.61725,11.792949999998237,5.045874999998978,,14.729578018188477
2025-10-06,52.29,21.34,10.7111875,11.443487500004425,5.636250000000542,,17.981380462646484
2025-10-07,23.73,19.8,9.42475,6.884649999999966,5.391999999996304,,11.298215866088867
2025-10-08,48.21,20.86,9.01496875,6.167249999999493,8.877625000002517,,11.003564834594727
2025-10-09,50.63,22.56,7.32415625,6.718912499996165,5.983749999997662,,4.70115852355957
2025-10-10,75.63,22.7,10.526291666666667,10.016700000002627,8.060874999997331,,40.6939811706543
2025-10-11,55.03,19.53,8.187520833333334,6.787187500001641,15.502625000001458,,6.428778171539307
2025-10-12,63.81,32.86,17.798895833333333,5.265999999998449,10.480562500003787,,47.61076354980469
2025-10-13,41.66,21.49,10.7471875,6.787187499997681,6.676062500000458,,8.935773849487305
2025-10-14,30.43,18.75,7.28009375,10.227412499974932,6.187750000000225,,0.0
2025-10-15,55.7,17.23,6.9438125,23.180475000010663,6.077874999997591,,0.11866643279790878
2025-10-16,36.13,31.63,19.15634375,14.415174999991466,7.694125000001589,,34.79819869995117
2025-10-17,13.86,20.63,9.23096875,15.219500000009376,6.252374999997078,,0.0
2025-10-18,51.96,21.58,8.08078125,6.312612499998358,8.17762500000139,,8.909879684448242
2025-10-19,46.42,18.74,8.48721875,6.927287500000253,6.965687499998816,,1.7636820077896118
2025-10-20,40.69,21.21,7.305875,6.270249999999851,7.379562500001177,,24.103466033935547
2025-10-21,42.66,18.9,9.348427083333334,5.806750000000863,6.266062499998564,,3.6184279918670654
2025-10-22,92.28,23.43,17.030166666666666,5.137249999999016,7.465249999999024,,26.673686981201172
2025-10-23,48.19,27.21,20.898604166666665,6.072562499994618,8.338500000000629,,2.5409369468688965
2025-10-24,43.85,25.69,14.497791666666666,9.486550000001436,8.035437499991477,,8.5178804397583
2025-10-25,59.15,24.04,13.371104166666667,7.416537500000581,12.34918750000595,,24.040748596191406
2025-10-26,71.47,22.42,9.3975625,6.68418749999768,7.667687499987833,,11.16818904876709
2025-10-27,44.75,29.36,25.221083333333333,9.389312499999729,23.28156250001031,,25.469614028930664
2025-10-28,44.04,26.62,20.564041666666668,10.250387500002379,10.02193750000199,,0.0
2025-10-29,37.28,21.03,11.1280625,6.461412500000192,8.048125000000883,,15.091133117675781
2025-10-30,36.79,18.58,7.96125,6.021333333333334,6.903124999998404,,23.052907943725586
2025-10-31,46.68,21.14,9.363416666666666,,8.343750000001117,,10.507165908813477
2025-11-01,23.45,17.61,8.121375,7.100216666661824,6.902875000000626,,6.693209171295166
2025-11-02,32.03,18.8,7.2746875,10.068200000002687,6.105749999999657,,13.260096549987793
2025-11-03,69.83,19.96,7.8005625,7.07043750000042,6.22875000000032,,51.56376266479492
2025-11-04,36.13,22.47,19.501666666666665,7.208362499993629,6.106249999997087,,5.2092108726501465
2025-11-05,20.68,26.9,20.594604166666667,11.668037500002367,8.069874999999612,,1.2356151342391968
2025-11-06,90.26,25.87,17.699645833333335,8.590512500001557,7.786375000001269,,15.239358901977539
2025-11-07,27.73,19.86,11.556125,7.161716666666667,6.3825000000003085,,0.0
2025-11-08,14.58,17.0,9.184375,,6.023750000000225,,3.700194835662842
2025-11-09,50.86,17.15,8.543125,13.928637500002564,6.646999999990155,,10.282873153686523
2025-11-10,42.46,26.65,13.697083333333333,13.133387499968787,11.790750000005904,,30.439990997314453
2025-11-11,22.98,17.21,8.9059375,30.771737500011206,6.300500000000403,,28.08261489868164
2025-11-12,64.61,16.13,7.417375,17.237150000003094,5.870000000000095,,5.022160053253174
2025-11-13,42.85,18.46,9.3173125,14.564474999991639,6.596374999988759,,13.922805786132812
2025-11-14,114.4,27.16,12.60784375,28.901500000003047,18.30181250000919,,38.067970275878906
2025-11-15,66.09,23.3,13.140666666666666,24.5442375000146,12.933437499979533,,12.875875473022461
2025-11-16,72.07,49.2,38.97654166666667,9.49067500000028,31.878500000020964,,25.220535278320312
2025-11-17,44.62,41.75,32.49967708333333,9.895250000000404,9.566500000002462,,15.397982597351074
2025-11-18,41.58,33.33,27.500083333333333,9.259624999999723,12.829062499999978,,17.87009048461914
2025-11-19,47.11,29.57,28.1561875,9.560425000000361,9.979437499999724,,8.192841529846191
2025-11-20,36.54,26.05,20.165520833333332,8.746949999999421,9.469687500001726,,18.543100357055664
2025-11-21,17.35,23.03,18.013583333333333,8.419400000002431,7.65631250000068,,4.196879863739014
2025-11-22,18.96,20.3,11.73546875,5.786537500000363,6.7951250000003585,,4.6568427085876465
2025-11-23,15.55,18.93,9.68209375,5.4719999999999995,6.413249999999586,,5.584888458251953
2025-11-24,26.64,18.73,10.4284375,,6.7207500000002725,,12.639524459838867
2025-11-25,51.66,17.65,9.145,,6.402999999999716,,16.589618682861328
2025-11-26,45.56,17.33,8.1330625,,6.63875000000032,,9.762500762939453
2025-11-27,61.85,16.07,6.164,,6.218500000000119,,23.39931297302246
2025-11-28,33.9,15.99,5.67565625,,6.034000000000095,,12.237994194030762
2025-11-29,24.32,15.7,5.7025,,6.818874999988014,,10.890193939208984
2025-11-30,152.72,17.38,5.623875,,18.891499999997368,,25.087244033813477
2025-12-01,58.05,26.71,13.58346875,13.544466666668109,21.135437499997877,,26.005069732666016
2025-12-02,35.13,25.95,18.59725,11.390324999998237,29.349062500004003,,5.967113494873047
2025-12-03,29.25,32.17,20.000916666666665,10.81023749999707,18.00243750000777,,31.547765731811523
2025-12-04,30.86,22.45,15.178791666666667,13.78865,9.691250000002624,,19.178783416748047
2025-12-05,26.12,35.34,19.3389375,,7.129937499998845,,8.996908187866211
2025-12-06,25.58,25.62,14.839541666666667,10.236262500003608,8.177937500000336,,0.0
2025-12-07,22.7,23.68,13.965135416666667,7.0648999999983175,7.7590625000001205,,1.9708309173583984
2025-12-08,27.19,22.11,11.00459375,6.940300000002176,7.4353124999995845,,0.2341948002576828
2025-12-09,17.92,23.3,13.266322916666667,5.039225000000264,7.770625000000293,,4.992519378662109
2025-12-10,12.57,18.08,9.32565625,4.8978999999981205,7.296562500000228,,3.0492007732391357
2025-12-11,23.45,17.39,8.4671875,6.532725000000632,7.143874999998492,,0.16769084334373474
2025-12-12,44.39,18.9,8.5598125,5.476975000000771,8.511937500000617,,40.28730392456055
2025-12-13,13.24,17.08,7.15784375,4.769149999999759,8.071250000000749,,0.0
2025-12-14,22.06,16.02,5.59834375,5.018450000000239,7.0886875000003196,,3.2198596000671387
2025-12-15,34.99,15.39,5.230625,4.769149999999759,6.700250000000106,,13.474294662475586
2025-12-16,18.95,15.47,5.81028125,5.039224999999975,6.526000000000095,,0.9505633115768433
2025-12-17,18.19,15.74,7.1126875,4.914574999999927,6.362000000000094,,0.0
2025-12-18,17.94,14.45,5.03109375,5.039224999999975,6.1980000000000945,,0.9954835772514343
2025-12-19,11.27,15.91,6.751375,5.06,6.034000000000095,,2.6713709831237793
2025-12-20,16.7,18.5,12.58696875,5.06,5.952,,14.448369979858398
2025-12-21,25.61,15.83,6.48428125,4.9918249999989435,5.870000000000095,,0.0
2025-12-22,33.75,14.53,5.42621875,5.579975000000601,5.7060000000000946,,0.0
2025-12-23,18.34,13.91,5.08428125,5.06,5.61375000000013,,0.0
2025-12-24,12.47,13.33,4.8120625,5.039225000000264,5.542000000000048,,0.04953182488679886
2025-12-25,15.74,13.07,4.65365625,4.748375000000024,5.50612500000003,,2.479022979736328
2025-12-26,14.46,13.04,4.53234375,4.7276,5.496437500000082,,0.0
2025-12-27,15.88,12.71,4.49796875,4.7276,5.360187500000053,,0.0
2025-12-28,12.67,12.5,4.324375,4.7276,5.313999999999999,,0.0
2025-12-29,13.57,12.25,4.2075,4.7276,5.241000000000085,,0.0
2025-12-30,12.98,12.22,4.16453125,4.7276,5.136062499999984,,0.0
2025-12-31,29.8,12.02,3.85221875,4.7276,5.19537500000001,,1.3182541131973267
2026-01-01,26.97,12.01,3.79803125,4.7276,5.117812499999857,,2.1868138313293457
2026-01-02,15.82,12.37,4.11640625,4.748374999999736,5.2227500000000635,,17.608287811279297
2026-01-03,30.69,13.61,4.14390625,5.039224999999975,5.095000000000085,,4.403730869293213
2026-01-04,18.18,13.72,4.9755,5.039225000000264,5.0630624999999,,26.06976318359375
2026-01-05,16.33,17.49,6.318625,4.748375000000024,5.979187499989609,,2.2582318782806396
2026-01-06,25.6,17.6,7.118479166666667,4.7276,12.699875000005305,,12.215738296508789
2026-01-07,21.0,20.7,8.20309375,4.748374999999736,7.3651250000008295,,0.634392499923706
2026-01-08,31.39,15.06,5.0825625,5.039224999999975,6.351750000000558,,12.081673622131348
2026-01-09,53.72,14.26,4.9345,5.06,5.726500000000119,,14.40501880645752
2026-01-10,52.58,14.38,4.60453125,5.06,5.508874999999671,,12.03938102722168
2026-01-11,90.47,14.48,5.95290625,5.06,7.05268749999957,,10.295331954956055
2026-01-12,100.08,20.75,10.5619375,5.06,7.0886875000003196,,24.84698486328125
2026-01-13,101.57,18.86,10.761385416666666,5.06,7.144749999994447,,11.222416877746582
2026-01-14,59.27,25.66,18.752708333333334,5.06,10.349687500003778,,12.267582893371582
2026-01-15,28.2,21.08,14.626364583333332,5.085749999999672,6.594062500000506,,15.488588333129883
2026-01-16,37.28,18.26,10.21028125,5.44624999999997,5.952000000000332,,4.915820121765137
2026-01-17,13.15,15.61,8.3209375,5.4719999999999995,5.543125000000223,,0.0
2026-01-18,19.14,14.35,7.35471875,5.4719999999999995,5.314000000000127,,0.0
2026-01-19,21.31,14.16,6.60821875,5.425475000000592,5.1862499999998946,,8.233709335327148
2026-01-20,11.44,13.61,6.31725,4.774125000000054,5.231875000000074,,5.073363304138184
2026-01-21,16.69,13.49,6.166375,4.7276,5.136062499999984,,1.7496751546859741
2026-01-22,17.71,13.3,5.4949375,4.748374999999736,5.085875000000138,,11.9949369430542
2026-01-23,16.24,14.58,5.6030625,5.039224999999975,4.990062499999963,,5.211258411407471
2026-01-24,29.44,12.64,4.565,5.085749999999672,4.949000000000084,,0.0
2026-01-25,21.03,12.22,4.24015625,5.44624999999997,4.943249999999145,,0.0
2026-01-26,43.78,13.66,4.951875,5.266000000000238,5.629625000000323,,0.2939755320549011
2026-01-27,28.54,17.71,9.4324375,5.06,5.250125000000095,,6.761778831481934
2026-01-28,25.29,16.68,8.25046875,5.085749999999672,5.086874999998498,,0.0
2026-01-29,39.81,17.92,9.029104166666666,5.420500000000298,5.987125000000779,,20.448312759399414
2026-01-30,34.67,13.63,7.20909375,4.8087875000035565,5.3104999999992,,20.339040756225586
2026-01-31,93.76,18.78,7.48646875,2.475016666666667,6.128500000000014,,27.06634521484375
2026-02-01,44.68,17.8,8.932208333333334,,5.9417500000003205,,50.590824127197266
2026-02-02,25.77,23.28,13.4675625,17.95602500001274,5.543125000000223,,28.624053955078125
2026-02-03,24.36,17.27,8.2604375,5.5110375000008105,5.32312500000001,,0.09718742221593857
2026-02-04,24.88,15.54,6.37840625,4.769149999999759,5.241000000000085,,2.7976415157318115
2026-02-05,29.44,14.25,5.70221875,4.873025000000168,7.159312499993321,,0.0
2026-02-06,59.31,32.39,30.70189583333333,4.7276,11.510812500005041,,28.86318016052246
2026-02-07,28.11,23.55,13.277166666666666,4.748374999999736,6.0153750000008115,,0.0
2026-02-08,23.09,19.38,10.2539375,5.039224999999975,5.718375000000442,,0.6964637041091919
2026-02-09,19.24,16.06,7.6915625,5.06,5.1006250000000914,,0.0
2026-02-10,22.4,14.79,7.31478125,5.06,4.949000000000084,,5.373648643493652
2026-02-11,26.52,14.43,5.2696875,5.18874999999836,4.876,,0.9350096583366394
2026-02-12,15.2,13.77,4.94075,6.939750000000506,4.803000000000085,,0.4027395248413086
2026-02-13,17.15,13.9,4.83884375,5.935500000000536,4.757374999999652,,15.102500915527344
2026-02-14,26.71,15.18,5.60409375,5.291749999999911,5.058500000000169,,0.0
2026-02-15,32.6,14.73,6.06796875,5.368999999998569,4.9728749999988935,,26.271778106689453
2026-02-16,33.25,18.2,9.414625,6.755899999998078,5.636250000000542,,5.266327381134033
2026-02-17,38.35,16.88,7.11440625,8.212962499997538,5.608624999993546,,13.282751083374023
2026-02-18,74.9,19.17,5.8110625,10.250387500000723,9.605125000003612,,32.02410125732422
2026-02-19,35.79,15.3,5.17940625,8.809525000001665,5.775250000000703,,5.517849922180176
2026-02-20,30.0,13.79,4.4928125,6.925075000000967,5.095000000000085,,5.692051887512207
2026-02-21,40.58,13.38,4.24875,5.652249999998896,4.949000000000084,,6.072547912597656
2026-02-22,51.91,12.73,4.19646875,6.193000000000477,4.83949999999962,,1.8421509265899658
2026-02-23,55.89,16.37,6.94409375,5.425475000000712,10.060999999998813,,9.792238235473633
2026-02-24,28.58,22.68,12.436895833333333,6.710837499975039,9.576937499996225,,55.95561981201172
2026-02-25,28.58,22.68,15.937604166666667,22.983325000016162,11.748937500000498,,13.576873779296875
2026-02-26,27.55,17.21,9.208,6.543837500002006,8.914375000003476,,0.35089606046676636
2026-02-27,25.98,15.62,7.02528125,4.748375000000024,5.645625000000342,,5.207667350769043
2026-02-28,26.08,14.24,4.931098214286366,4.7276,5.32312500000001,,3.6544365882873535
2026-03-01,19.9,13.49,4.750870535714589,4.7276,5.241000000000085,,17.01919174194336
2026-03-02,79.4,13.27,4.690468749999923,4.7276,5.168,,13.739845275878906
2026-03-03,18.61,12.15,5.448999999998227,4.748374999999736,5.095000000000085,,1.9157485961914062
2026-03-04,41.67,13.67,9.704406249998357,4.873025000000168,5.022,,0.6710103154182434
2026-03-05,23.03,13.42,9.688093750002373,4.706825000000264,5.022,,3.8070931434631348
2026-03-06,47.9,12.62,6.838562500000884,4.415975000000024,4.949000000000084,,1.944592833518982
2026-03-07,47.33,12.09,5.583531250000837,4.3952,4.803000000000085,,0.19901910424232483
2026-03-08,67.25,12.4,4.8864062500001495,4.415974999999736,4.748249999999769,,39.66749954223633
2026-03-09,30.24,12.47,4.510000000000478,4.706824999999976,4.930750000000064,,0.0
2026-03-10,26.47,12.7,6.268749999998415,4.7276,4.903374999999652,,4.456296443939209
2026-03-11,27.4,13.8,8.499062500001532,4.7276,5.213625000000053,,13.944986343383789
2026-03-12,23.57,13.08,7.593437499999949,4.7276,5.168,,2.554872512817383
2026-03-13,18.02,14.3,6.838562500000884,4.7276,5.222750000000148,,0.0
2026-03-14,20.78,11.65,5.8113437500010185,4.7276,5.031125000000138,,0.0
2026-03-15,20.23,10.97,7.317343749998067,4.748374999999736,4.812125000000095,,1.8277572393417358
2026-03-16,23.01,12.26,7.513562500001664,5.039224999999975,4.6843749999997355,,6.872036933898926
2026-03-17,28.41,12.3,11.210249999966788,5.06,6.984374999973791,,4.890939712524414
2026-03-18,18.73,39.8,44.13468750000469,,20.78068750001628,,27.733407974243164
2026-03-19,20.61,21.36,42.659374999997496,9.713712500003002,5.979062500000601,,0.0
2026-03-20,24.94,17.72,34.75218750001264,6.63075000000146,5.387000000000084,,0.0
2026-03-21,19.45,15.79,23.561718750001102,5.137250000000089,5.241000000000085,,0.0
2026-03-22,16.96,18.39,21.048906250002474,5.06,5.25956249999799,,0.0
2026-03-23,22.65,15.81,18.286062500000895,5.039225000000264,6.599062500001303,,0.0
2026-03-24,32.26,15.14,17.17931250000076,4.7276000000002885,5.271750000000247,,25.531984329223633
2026-03-25,25.72,14.02,15.778687500002246,4.415975000000024,5.031125000000011,,3.161674976348877
2026-03-26,22.35,12.93,11.707500000003147,4.436749999999471,5.076750000000149,,0.8592233657836914
2026-03-27,34.38,12.93,7.992812500001727,5.018449999999952,4.958125000000053,,33.644256591796875
2026-03-28,21.7,13.37,6.141812500000879,5.039225000000264,4.839499999999746,,0.19937169551849365
2026-03-29,38.55,12.74,5.063406250000664,4.846399999998775,5.021999999999789,,0.0
2026-03-30,31.68,14.38,5.792031249999179,5.631474999999945,5.1497500000000205,,36.26648712158203
2026-03-31,32.05,16.32,8.91249999999826,5.429866666666666,5.012875000000158,,4.086141586303711
2026-04-01,28.1,20.42,12.109062499999737,,7.183374999997777,,12.251667022705078
2026-04-02,31.43,28.84,14.631562499997688,17.550487500010483,7.930375000001862,,18.191883087158203
2026-04-03,30.97,16.99,15.981687500000016,7.437312500000726,6.396624999992498,,2.864309787750244
2026-04-04,42.27,16.35,16.045125000000912,6.16725000000009,9.653625000005192,,2.2521941661834717
2026-04-05,60.63,14.92,17.159374999998327,5.806750000000745,5.136062499999984,,24.14813995361328
2026-04-06,26.79,14.23,17.36581250000203,5.085750000000029,5.09043750000008,,0.8775039911270142
2026-04-07,52.06,12.82,18.579874999996946,5.168474999996694,5.0367499999989676,,18.52928352355957
2026-04-08,116.4,17.03,19.13118750000378,7.909100000000044,5.709250000000458,,43.86957550048828
2026-04-09,28.58,17.03,14.707812500004191,7.377775000000418,5.241000000000085,,9.747893333435059
2026-04-10,23.96,13.5,9.748437500002288,6.913999999999882,5.095000000000085,,0.0
2026-04-11,37.84,16.13,7.351562500000984,6.733749999999791,5.022,,15.068017959594727
2026-04-12,27.63,12.39,6.141812500000879,6.502,4.9398750000002005,,0.09518091380596161
2026-04-13,24.95,13.05,5.161375000000372,5.935499999999583,5.021999999999789,,20.601619720458984
2026-04-14,20.94,14.78,4.932812500000441,5.858249999999851,5.168000000000126,,2.850882053375244
2026-04-15,66.39,15.08,8.784999999996185,5.885937499996993,10.8294999999951,,6.964547634124756
2026-04-16,111.19,24.02,26.977187499985344,8.74215,11.792812500004093,,6.429257392883301
2026-04-17,55.44,49.72,35.05093750000719,,15.09031250000278,,7.748730659484863
2026-04-18,26.22,32.78,28.031250000002533,10.84336250000228,9.172062500002664,,0.0
2026-04-19,36.46,24.77,31.616874999998174,8.590512500001267,8.745687499999168,,8.966160774230957
2026-04-20,37.21,31.02,29.96312500000477,7.213862500000109,8.887437499999372,,0.0
2026-04-21,71.04,25.35,23.939062500000954,7.12,8.674562500000537,,2.1907236576080322
2026-04-22,40.41,23.25,22.722750000000968,8.536356249983415,7.932499999999893,,14.856359481811523
2026-04-23,49.98,21.54,21.17168750000234,19.455368750010106,7.578000000000979,,30.21279525756836
2026-04-24,76.24,19.9,19.19731250000139,9.777474999996048,6.464500000000355,,5.7582244873046875
2026-04-25,85.45,29.28,18.453124999999826,18.88096249998411,8.829812499976638,,49.055809020996094
2026-04-26,70.63,41.97,17.911375000000955,22.77901250001471,23.770687500015143,,7.428088188171387
2026-04-27,31.77,25.06,18.93862499999188,10.053149999996077,8.422187500001098,,18.609451293945312
2026-04-28,59.51,27.31,25.961406250002216,13.156600000003227,9.342374999999887,,18.399566650390625
2026-04-29,56.02,20.39,20.37484375000698,9.543681250002154,8.343500000001278,,25.57236099243164
2026-04-30,31.49,17.26,14.345,6.9628687499991875,7.052687500000135,,1.7010459899902344
2026-05-01,31.3,14.43,24.28581249999082,7.498033333333334,6.854000000000095,,0.8368568420410156
2026-05-02,46.39,30.13,26.871562500007457,,6.6900000000000945,,24.343984603881836
2026-05-03,24.47,20.75,28.93656249999507,9.037499999999998,6.922874999995042,,25.616840362548828
2026-05-04,25.35,30.19,29.96312500000477,,10.382625000002943,,9.721979141235352
2026-05-05,19.32,23.62,23.715312500003805,8.722562500003763,7.367250000000452,,6.294155120849609
2026-05-06,27.07,17.47,19.607375000002005,4.996800000000311,6.854000000000238,,5.6984758377075195
2026-05-07,22.23,16.11,16.36962500000293,4.7276,6.454250000000202,,0.0
2026-05-08,12.76,14.51,12.435937500003506,4.748374999999736,6.1980000000000945,,1.771868348121643
2026-05-09,20.9,13.7,8.096875000001846,5.018450000000239,6.034000000000095,,0.2107553482055664
2026-05-10,29.92,13.53,6.16843750000054,4.748375000000024,5.859750000000226,,2.652649402618408
2026-05-11,17.42,13.11,4.971343750001083,4.825624999998752,5.5522500000001065,,5.630271911621094
2026-05-12,21.79,12.88,4.453281249999935,5.579975000000601,5.387000000000084,,14.2318754196167
2026-05-13,13.54,12.43,3.9353125000010145,5.039225000000264,5.241000000000085,,4.240609169006348
2026-05-14,16.49,14.72,4.422906249999247,4.748375000000024,5.168,,5.257989406585693
2026-05-15,24.64,13.43,4.604500000000658,4.7276,5.168,,1.234161615371704
2026-05-16,46.26,12.98,4.298593749999994,4.7276,5.168,,6.8527421951293945
2026-05-17,13.9,12.24,4.061406250000507,4.7276,5.240999999999915,,3.5560760498046875
2026-05-18,22.17,12.53,3.834531250000173,4.7276,5.241000000000085,,0.9107906222343445
2026-05-19,31.83,12.44,3.5535625000001456,4.7276,5.2090624999999,,13.153966903686523
2026-05-20,15.87,11.23,3.293218750000361,4.7276,5.236437500000079,,1.3632053136825562
2026-05-21,22.66,11.37,3.412187499999756,4.706825000000264,5.095000000000085,,15.037176132202148
2026-05-22,17.56,16.18,4.267656249999433,4.415975000000024,4.949000000000084,,4.108268737792969
2026-05-23,21.96,12.44,4.895781249997953,4.229000000000193,4.844062499999985,,0.8862507939338684
2026-05-24,30.34,15.24,6.595281250000602,4.083574999999736,4.798437500000079,,11.13469123840332
2026-05-25,18.62,11.51,5.542281250001363,4.3744249999999765,4.761937500000017,,2.550001621246338
2026-05-26,21.24,10.94,4.164531250000555,4.3952,4.66156250000009,,11.360705375671387
2026-05-27,22.38,10.61,3.4882187500002657,4.3952,4.511000000000084,,0.05992854759097099
2026-05-28,19.92,11.69,3.177906250000244,4.3952,4.469937500000016,,3.0470898151397705
2026-05-29,13.19,10.86,3.1548437499998796,4.374425000000264,4.401500000000105,,1.4479048252105713
2026-05-30,18.04,11.73,3.692312499999651,4.083575000000025,4.3011249999999475,,3.381518602371216
2026-05-31,18.73,10.7,3.7301875000004032,4.0628,4.323937500000037,,0.8202235102653503
2026-06-01,28.0,9.71,3.2663125000003292,4.0628,4.219000000000085,,0.014320272020995617
2026-06-02,10.58,9.64,3.1548437499999333,4.0628,4.146,,7.535334589192644e-05
2026-06-03,24.96,11.21,3.177906250000227,4.104349999999471,4.520124999999462,,3.0912880897521973
2026-06-04,24.96,11.21,3.61234374999673,4.686049999999952,5.0128749999999895,,7.146675109863281
2026-06-05,47.13,12.71,6.366343750001497,4.7276,5.16449999999903,,13.81147575378418
2026-06-06,31.07,10.55,6.041218749999468,5.985187499983989,6.1621249999976895,,15.441879272460938
2026-06-07,58.53,13.87,7.979187499992695,16.63847499999895,7.787937499999446,,10.155799865722656
2026-06-08,82.71,23.48,30.82074999998578,17.195274999967765,8.050750000000939,,12.618143081665039
2026-06-09,45.78,23.19,44.42162499999901,30.129425000025908,7.042437500000266,,14.792810440063477
2026-06-10,40.89,17.27,31.672937500017238,6.967437500001731,6.505500000000688,,9.605249404907227
2026-06-11,19.75,15.39,17.677249999999844,5.1422250000003835,5.645625000000342,,0.894421398639679
2026-06-12,26.44,11.38,14.893968750003978,4.748375000000024,5.250125000000095,,0.6014572978019714
2026-06-13,26.44,11.38,9.896218750002614,4.706825000000264,5.095000000000085,,5.645567893981934
2026-06-14,43.41,12.97,6.838562500000884,4.415975000000024,4.976374999999736,,5.471670627593994
2026-06-15,17.39,12.19,5.9620937500003315,4.436749999999471,5.213625000000053,,1.913598656654358
2026-06-16,16.06,11.74,5.392656250000401,4.873024999999879,5.113249999999853,,1.3975633382797241
2026-06-17,19.75,10.26,6.096249999999531,5.253637499995321,5.2227500000000635,,0.0
2026-06-18,17.33,14.2,13.488937499992812,10.499649999991846,5.130249999998791,,8.998924255371094
2026-06-19,62.8,17.57,20.04781250000202,13.648975000007121,6.305000000000456,,14.240530014038086
2026-06-20,37.02,17.44,16.475937500003052,6.724612500001569,5.508750000000394,,14.485905647277832
2026-06-21,79.39,19.82,12.435937500003506,5.137250000000089,4.967250000000021,,14.090333938598633
2026-06-22,37.41,16.96,11.735937499990413,5.06,4.775625000000349,,4.7826409339904785
2026-06-23,83.0,34.95,19.135625000003785,,5.58562499999997,,19.245361328125
2026-06-24,21.7,19.27,12.047500000005105,6.985075000002109,5.187250000000445,,0.27644550800323486
2026-06-25,40.52,12.44,7.3178125000009455,5.111499999999702,4.675250000000106,,0.15244686603546143
2026-06-26,42.87,12.36,6.474625000000339,5.240250000000208,4.511000000000084,,0.0
2026-06-27,40.5,11.6,5.7707500000012875,5.039225000000264,4.365000000000085,,0.2353673279285431
2026-06-28,25.42,11.19,5.037718750000122,4.748375000000024,4.292,,0.0
2026-06-29,17.45,10.55,4.852656250000062,4.7276,4.219000000000085,,0.3016577363014221
2026-06-30,17.65,10.18,4.798750000000095,4.706825000000264,4.145728174603178,,0.0
2026-07-01,11.76,10.89,4.510000000000335,4.415975000000024,4.1394761904762,,0.5356188416481018
2026-07-02,12.88,11.0,4.489375000000024,4.3952,4.130777777777788,,0.10178564488887787
2026-07-03,11.74,10.74,4.283125000000263,4.3952,4.122079365079375,,1.2335872650146484
2026-07-04,10.21,10.39,4.045937500000227,4.3952,4.113380952380963,,3.2850749492645264
2026-07-05,14.09,10.23,3.656687500000265,4.374425000000264,4.10468253968255,,0.0
2026-07-06,34.22,10.09,3.811656249999836,4.083575000000025,4.0959841269841375,,1.1176215410232544
2026-07-07,12.69,9.52,3.7030937500003187,4.0628,4.087285714285724,,0.16953586041927338
2026-07-08,10.76,9.32,3.347031250000387,4.0628,4.078587301587311,,0.0
2026-07-09,17.6,9.57,3.135624999999929,4.0628,4.069888888888899,,3.0160956382751465
2026-07-10,11.63,9.37,3.0318437500002537,4.0628,4.061190476190486,,2.4300360679626465
2026-07-11,13.9,9.57,3.1509999999996796,4.083574999999736,4.052492063492074,,1.4574031829833984
2026-07-12,18.51,11.87,3.400843750000414,4.3744249999999765,4.043793650793661,,8.5339994430542
2026-07-13,13.72,10.38,2.8704062500002094,4.374425000000264,4.0350952380952485,,0.13816805183887482
2026-07-14,16.35,9.27,2.5898125000002756,4.145899999999231,4.026396825396835,,0.2441081553697586
2026-07-15,9.14,8.72,2.53984374999988,4.976900000000192,4.017698412698423,,0.02233915403485298
2026-07-16,15.52,8.8,2.685906250000102,4.7276000000002885,4.00900000000001,,0.0
2026-07-17,8.91,8.37,2.697437500000294,4.270549999999952,4.000301587301597,,0.36485975980758667
2026-07-18,8.66,8.48,2.4629687499997552,4.228999999999904,3.9916031746031844,,7.112802028656006
2026-07-19,10.83,8.44,3.035687499999742,4.873912499991693,3.9829047619047717,,3.739680767059326
2026-07-20,22.91,16.44,4.099656249999239,11.359274999989516,3.9742063492063586,,15.537134170532227
2026-07-21,19.54,19.07,4.370781250000818,16.906587499991822,3.965507936507947,,14.712803840637207
2026-07-22,10.06,11.02,4.562499999999859,19.570150000008056,3.9568095238095338,,0.5816066861152649
2026-07-23,48.66,16.02,7.172968749997899,10.302525000003392,3.948111111111121,,17.352689743041992
2026-07-24,26.57,22.74,7.513562500001664,7.131075000000728,3.9394126984127085,,11.269513130187988
2026-07-25,15.09,11.8,6.607750000000124,5.729500000000774,3.930714285714296,,0.0
2026-07-26,29.19,15.17,6.16843750000054,4.8938000000001916,3.9220158730158827,,4.491300106048584
2026-07-27,21.22,11.55,5.24978125000088,4.7276,3.91331746031747,,6.239289283752441
2026-07-28,6.99,10.52,4.319218750000353,4.706825000000264,3.9046190476190574,,0.0
2026-07-29,30.98,10.71,3.739187500000361,4.249775000000216,3.8959206349206448,,1.3437001705169678
2026-07-30,10.97,9.63,3.293218750000361,4.0628,3.8872222222222317,,0.8173648715019226
2026-07-31,9.99,9.22,3.2086562499999602,4.0628,3.8785238095238195,,0.9668468236923218
2026-08-01,9.23,8.92,3.320125000000302,,3.8082718253969,,0.0
2026-08-02,15.97,8.64,3.1779062499999062,,3.7439999999999998,,6.598200798034668
2026-08-03,9.69,8.6,3.177906250000244,,3.680000000000074,,1.1499345302581787
2026-08-04,15.55,8.87,2.8704062500002983,,3.6159999999999997,,2.5597386360168457
2026-08-05,19.84,9.24,2.6666875000000267,,3.644000000000014,,1.4474589824676514
2026-08-06,16.38,8.63,2.9511249999999287,,3.5919999999999908,,1.9664478302001953
2026-08-07,15.89,8.37,3.162531249999942,,3.5480000000000693,,0.11643590033054352
2026-08-08,16.78,8.21,3.177906250000227,,3.484000000000051,,0.0
2026-08-09,34.32,8.42,2.8511875000002402,,3.4599999999999684,,10.275622367858887
2026-08-10,13.05,8.16,2.7397187500001294,,3.4879999999999995,,0.09622689336538315
2026-08-11,17.68,7.75,2.705124999999947,,3.516000000000014,,0.0
2026-08-12,16.52,7.78,2.782000000000392,,3.463999999999991,,0.0
2026-08-13,15.84,7.57,2.7704687499997553,,3.5120000000000093,,0.0
2026-08-14,10.35,7.53,2.8511875000002402,,3.4880000000000555,,3.1544580459594727
2026-08-15,16.87,7.36,3.0241562499997108,,3.5934999999982686,,11.401470184326172
2026-08-16,35.35,7.91,3.0664375000002937,,5.180375000000311,,12.036555290222168
2026-08-17,47.7,13.42,3.1202500000000715,,4.793875000000328,,19.22464370727539
2026-08-18,14.72,15.11,3.431406249999778,,4.383250000000106,,3.766192674636841
2026-08-19,26.61,9.97,3.5380937500001277,,4.146000000000169,,0.10934674739837646
2026-08-20,10.29,8.86,3.400843750000414,,3.936000000000074,,0.022334804758429527
2026-08-21,16.06,8.69,3.5358437499998274,,3.808000000000074,,0.38958555459976196
2026-08-22,12.24,8.58,3.7778125000001554,,3.7400000000000504,,9.0303373336792
2026-08-23,13.69,8.31,3.865468749999851,,3.655999999999991,,0.09659941494464874
2026-08-24,21.26,8.1,3.7340312500003545,,3.707999999999958,,4.543335914611816
2026-08-25,9.43,7.86,3.293218750000361,,3.7439999999999998,,2.7568671703338623
2026-08-26,14.14,7.77,3.1548437499999333,,3.772000000000014,,1.0677484273910522
2026-08-27,13.9,7.7,3.177906250000227,,3.6840000000000783,,0.2577298581600189
2026-08-28,36.56,8.1,3.1548437499999333,,3.863562499996477,,6.724177360534668
2026-08-29,48.95,11.62,3.304750000000036,,5.9428125000018674,,13.858935356140137
2026-08-30,33.49,12.56,3.3431875000003295,,4.246374999999863,,12.20489501953125
2026-08-31,16.81,9.19,3.565468749999504,,4.365,,18.12238883972168
