fecha,volumen_sin_solar_kwh,hidro_sin_solar_kwh,volumen_piloto_kwh,hidro_piloto_kwh,volumen_intermedio_kwh,hidro_intermedio_kwh,volumen_agresivo_kwh,hidro_agresivo_kwh
2021-01-01,3805966500.0,3505786.7,3805984900.0,3487427.1,3806524600.0,2947653.6,3807332100.0,2140196.7
2021-01-02,3824704900.0,3791503.5,3824742600.0,3772155.6,3825851200.0,3203327.3,3827509600.0,2352406.7
2021-01-03,3840696600.0,3785333.2,3840753800.0,3765788.7,3842437000.0,3191181.6,3844955000.0,2331616.2
2021-01-04,3851479000.0,4274196.3,3851558900.0,4251508.4,3853909200.0,3584485.3,3857424900.0,2586673.2
2021-01-05,3859803800.0,4359653.5,3859904600.0,4338792.8,3862868200.0,3725487.9,3867301400.0,2808033.9
2021-01-06,3869754800.0,4403434.2,3869875200.0,4383869.1,3873413900.0,3808654.3,3878707600.0,2948179.9
2021-01-07,3879077400.0,4437370.4,3879216400.0,4418715.1,3883303700.0,3870250.4,3889417800.0,3049792.1
2021-01-08,3894751700.0,4378718.1,3894902600.0,4366861.7,3899338400.0,4018283.8,3905974000.0,3496839.8
2021-01-09,3907344500.0,4162190.6,3907512700.0,4144904.6,3912456700.0,3636697.1,3919852500.0,2876460.2
2021-01-10,3929266600.0,3877572.3,3929456800.0,3855549.0,3935048300.0,3208064.0,3943412700.0,2239479.3
2021-01-11,3960277000.0,3965737.7,3960485700.0,3947247.1,3966620800.0,3403621.1,3975798400.0,2590401.0
2021-01-12,3979342300.0,4473579.3,3979572800.0,4451791.2,3986348500.0,3811220.1,3996484300.0,2852978.2
2021-01-13,3994064600.0,4505737.9,3994318200.0,4482567.2,4001775100.0,3801349.2,4012930000.0,2782302.7
2021-01-14,4005764900.0,4537860.9,4006040700.0,4515686.3,4014149600.0,3863752.4,4026279700.0,2888512.7
2021-01-15,4015060900.0,4555618.4,4015359100.0,4533271.4,4024124900.0,3876269.6,4037237900.0,2893448.6
2021-01-16,4025500300.0,4350873.0,4025821300.0,4328052.6,4035258100.0,3657131.1,4049374700.0,2653487.2
2021-01-17,4036465200.0,3952832.4,4036811000.0,3928015.1,4046977400.0,3198387.7,4062185500.0,2106924.6
2021-01-18,4044753200.0,4513359.4,4045122100.0,4490307.7,4055966200.0,3812586.8,4072188100.0,2798771.7
2021-01-19,4052966300.0,4572595.8,4053359900.0,4547880.0,4064930700.0,3821233.7,4082239600.0,2734230.2
2021-01-20,4061175200.0,4573115.0,4061591000.0,4550901.0,4073814900.0,3897809.1,4092100700.0,2920836.9
2021-01-21,4069546500.0,4595327.4,4069981700.0,4575953.0,4082775100.0,4006345.0,4101913100.0,3154258.0
2021-01-22,4077613300.0,4599446.7,4078069600.0,4578240.9,4091486500.0,3954788.6,4111557100.0,3022154.8
2021-01-23,4088075900.0,4363292.1,4088550100.0,4345437.9,4102491900.0,3820524.4,4123347700.0,3035296.7
2021-01-24,4100346500.0,3975992.4,4100841000.0,3955653.1,4115380800.0,3357678.3,4137131200.0,2463156.8
2021-01-25,4111978600.0,4505616.6,4112494400.0,4484338.6,4127659800.0,3858765.1,4150345900.0,2922958.2
2021-01-26,4122662400.0,4567428.6,4123194300.0,4551423.8,4138830200.0,4080882.1,4162220200.0,3376990.1
2021-01-27,4131908300.0,4603670.4,4132462700.0,4581014.5,4148764700.0,3914931.6,4173151200.0,2918526.0
2021-01-28,4140323100.0,4608283.1,4140896700.0,4589125.2,4157762000.0,4025880.8,4182991000.0,3183313.3
2021-01-29,4148412400.0,4585164.0,4149008600.0,4562597.1,4166537300.0,3899128.4,4192758800.0,2906633.5
2021-01-30,4156411500.0,4350726.5,4157032700.0,4325712.6,4175296800.0,3590306.3,4202618400.0,2490198.5
2021-01-31,4164500400.0,3972841.5,4165146600.0,3947928.0,4184143200.0,3215468.4,4212560500.0,2119768.7
2021-02-01,4172072700.0,4762429.2,4172738500.0,4742769.3,4192313100.0,4164768.3,4221595000.0,3300125.9
2021-02-02,4178128000.0,4840818.8,4178816100.0,4818542.7,4199045600.0,4163627.7,4229307200.0,3183928.4
2021-02-03,4187322000.0,4877768.0,4188029600.0,4858241.0,4208833200.0,4284149.9,4239953700.0,3425356.4
2021-02-04,4200529000.0,4901409.6,4201259200.0,4878793.1,4222727700.0,4213868.3,4254842900.0,3219195.0
2021-02-05,4221603100.0,4934371.8,4222350900.0,4916817.9,4244335500.0,4400733.3,4277222700.0,3628712.7
2021-02-06,4231971200.0,4717775.3,4232739500.0,4697230.8,4255328100.0,4093224.9,4289118800.0,3189681.3
2021-02-07,4241333900.0,4277301.6,4242122300.0,4257210.3,4265301600.0,3666527.9,4299975900.0,2782915.1
2021-02-08,4250221600.0,4875495.6,4251026800.0,4858648.4,4274701400.0,4363340.1,4310116700.0,3622399.4
2021-02-09,4258768000.0,4915052.9,4259588100.0,4900214.6,4283698900.0,4463967.7,4319766800.0,3811377.9
2021-02-10,4276827100.0,4872548.7,4277665700.0,4854013.1,4302321500.0,4309068.5,4339204500.0,3493875.9
2021-02-11,4285812300.0,4900030.6,4286670700.0,4880314.6,4311906100.0,4300662.4,4349656300.0,3433550.1
2021-02-12,4293852700.0,4898979.5,4294723800.0,4886188.3,4320335300.0,4510126.4,4358648000.0,3947568.5
2021-02-13,4301014500.0,4683729.3,4301901900.0,4667537.3,4327989400.0,4191491.9,4367014200.0,3479366.9
2021-02-14,4308190000.0,4235750.2,4309093200.0,4219878.4,4335647400.0,3753246.6,4375370200.0,3055203.5
2021-02-15,4315044700.0,4789604.2,4315969400.0,4768076.2,4343156500.0,4135153.0,4383826200.0,3188351.5
2021-02-16,4321328200.0,4857735.6,4322274100.0,4836636.2,4350081500.0,4216314.1,4391679100.0,3288362.9
2021-02-17,4327481700.0,4832292.0,4328446300.0,4813599.3,4356803200.0,4264033.9,4399223000.0,3441928.9
2021-02-18,4341201900.0,4890257.0,4342180500.0,4876175.7,4370951500.0,4462184.3,4413990500.0,3842887.0
2021-02-19,4356711400.0,4873427.1,4357704600.0,4858809.5,4386905300.0,4429052.4,4430587200.0,3786170.8
2021-02-20,4366023900.0,4682269.8,4367034300.0,4665065.3,4396740900.0,4159254.2,4441179400.0,3402602.0
2021-02-21,4382178900.0,4241063.9,4383205100.0,4225341.9,4413373800.0,3763113.0,4458503900.0,3071656.4
2021-02-22,4394640700.0,4793386.6,4395684000.0,4776317.8,4426354500.0,4274496.9,4472235200.0,3523813.7
2021-02-23,4407766100.0,4903171.1,4408824500.0,4887952.5,4439942500.0,4440526.3,4486492500.0,3771213.1
2021-02-24,4418047500.0,4951164.4,4419127200.0,4929879.0,4450871000.0,4304087.6,4498357200.0,3367954.9
2021-02-25,4427621100.0,4969804.9,4428720500.0,4950093.5,4461043900.0,4370578.9,4509396900.0,3503672.4
2021-02-26,4440522300.0,4971069.3,4441641600.0,4951203.5,4474549000.0,4367148.4,4523775800.0,3493449.6
2021-02-27,4452486500.0,4669747.0,4453623300.0,4652268.0,4487044500.0,4138384.8,4537040000.0,3369657.5
2021-02-28,4468357200.0,4207127.7,4469512000.0,4189060.2,4503464400.0,3657874.8,4554254500.0,2863264.9
2021-03-01,4481844400.0,4543297.6,4483020300.0,4522220.8,4517592400.0,3902563.8,4569309400.0,2975607.5
2021-03-02,4502280200.0,4586981.8,4503476000.0,4567092.5,4538632800.0,3982349.5,4591224600.0,3107621.6
2021-03-03,4516193100.0,4585182.7,4517405100.0,4569006.6,4553037500.0,4093431.3,4606340700.0,3382009.5
2021-03-04,4529468600.0,4661218.7,4530695800.0,4646031.3,4566774700.0,4199522.3,4620745800.0,3531581.4
2021-03-05,4548195400.0,4684413.2,4549438100.0,4668823.3,4585975400.0,4210481.5,4640632200.0,3524839.4
2021-03-06,4559241200.0,4502664.5,4560499300.0,4487355.5,4597486600.0,4037269.1,4652816700.0,3363976.6
2021-03-07,4582427700.0,4090874.6,4583700700.0,4075999.7,4621125400.0,3638675.0,4677109600.0,2984472.9
2021-03-08,4610768300.0,4589145.1,4612056400.0,4573925.8,4649928600.0,4126476.6,4706582200.0,3457129.1
2021-03-09,4625886700.0,4655644.1,4627192900.0,4637619.5,4665595000.0,4107695.3,4723041300.0,3314972.1
2021-03-10,4645422800.0,4674565.4,4646743300.0,4660249.3,4685566200.0,4239355.3,4743642200.0,3609732.4
2021-03-11,4660349200.0,4672591.5,4661682400.0,4659904.0,4700878300.0,4286892.1,4759512300.0,3728896.7
2021-03-12,4692598900.0,4656288.9,4693941700.0,4646691.0,4733419800.0,4364512.7,4792475900.0,3942397.0
2021-03-13,4728932500.0,4454736.0,4730289800.0,4440226.0,4770194500.0,4013633.5,4829888700.0,3375485.9
2021-03-14,4755490500.0,4016434.4,4756863900.0,4000350.0,4797241500.0,3527469.3,4857643100.0,2820078.2
2021-03-15,4778316600.0,4588061.8,4779707500.0,4570488.4,4820601800.0,4053830.5,4881776300.0,3280952.3
2021-03-16,4821072500.0,4609160.6,4822482200.0,4590384.5,4863928500.0,4038365.4,4925928800.0,3212589.9
2021-03-17,4853675200.0,4656885.2,4855103700.0,4638123.1,4897101600.0,4086516.8,4959927000.0,3261358.7
2021-03-18,4913207600.0,4654324.8,4914653400.0,4637038.8,4957159500.0,4128831.3,5020745100.0,3368594.4
2021-03-19,4975443300.0,4682960.1,4976908100.0,4663988.2,5019972000.0,4106213.1,5084392000.0,3271827.2
2021-03-20,5050365500.0,4469321.2,5051847900.0,4451670.2,5095430700.0,3932730.5,5160627100.0,3156439.1
2021-03-21,5112581000.0,4099195.3,5114084500.0,4078123.9,5158286800.0,3458627.4,5224409900.0,2531911.2
2021-03-22,5164493400.0,4113636.7,5166008600.0,4101926.6,5210555200.0,3757648.5,5277193200.0,3242636.5
2021-03-23,5215852600.0,4585079.5,5217382000.0,4570881.2,5262346000.0,4153450.0,5329608500.0,3529007.0
2021-03-24,5275252200.0,4678711.1,5276798900.0,4661367.8,5322272800.0,4151474.8,5390298100.0,3388716.4
2021-03-25,5313558600.0,4723892.0,5315125200.0,4703974.7,5361184700.0,4118406.0,5430086000.0,3242443.2
2021-03-26,5346747000.0,4703304.9,5348330900.0,4686091.9,5394896400.0,4180028.5,5464554700.0,3422999.0
2021-03-27,5381432200.0,4514586.8,5383036500.0,4494107.9,5430204200.0,3892028.2,5500763100.0,2991366.2
2021-03-28,5405119500.0,4138581.5,5406740100.0,4122382.0,5454384000.0,3646118.8,5525655300.0,2933667.8
2021-03-29,5427719700.0,4679487.9,5429356100.0,4663695.6,5477464200.0,4199402.9,5549430200.0,3504858.9
2021-03-30,5462169900.0,4760373.9,5463830500.0,4736051.1,5512653800.0,4020962.6,5585689400.0,2951248.5
2021-03-31,5482994700.0,4653266.2,5484676900.0,4631748.4,5534132800.0,3999123.3,5608114700.0,3052767.8
2021-04-01,5507308900.0,4118143.1,5509003800.0,4105476.3,5558832100.0,3733072.1,5633371200.0,3175985.8
2021-04-02,5528799900.0,3847818.8,5530511300.0,3831246.9,5580826900.0,3344033.6,5656094800.0,2615202.4
2021-04-03,5562762300.0,4074375.7,5564493700.0,4054326.6,5615398700.0,3464882.5,5691548300.0,2583122.2
2021-04-04,5593789100.0,4007995.5,5595540300.0,3988240.4,5647026000.0,3407441.7,5724044500.0,2538614.1
2021-04-05,5617725500.0,4647079.4,5619495700.0,4628087.2,5671539800.0,4069715.9,5749393600.0,3234438.1
2021-04-06,5657740400.0,4698934.2,5659529500.0,4680107.3,5712127100.0,4126597.6,5790808900.0,3298592.3
2021-04-07,5683299000.0,4661175.4,5685107500.0,4641662.5,5738278800.0,4067984.2,5817818800.0,3209808.1
2021-04-08,5705161900.0,4746467.2,5706990700.0,4726231.6,5760756900.0,4131306.7,5841186800.0,3241347.7
2021-04-09,5742500200.0,4669005.7,5744343800.0,4654155.3,5798546700.0,4217552.9,5879629700.0,3564431.5
2021-04-10,5766452100.0,4481663.5,5768315200.0,4462195.5,5823090400.0,3889835.7,5905029700.0,3033632.2
2021-04-11,5794137900.0,4170428.0,5796025000.0,4146485.1,5851504100.0,3442564.4,5934496300.0,2389556.6
2021-04-12,5826224800.0,4654656.7,5828128800.0,4637765.8,5884104500.0,4141173.3,5967839600.0,3398311.6
2021-04-13,5844959200.0,4767801.1,5846888100.0,4742866.8,5903596900.0,4009799.6,5988428600.0,2913190.8
2021-04-14,5864044200.0,4752597.9,5865990000.0,4735616.9,5923198000.0,4236375.8,6008776600.0,3489551.9
2021-04-15,5880417100.0,4757267.1,5882380100.0,4740129.7,5940091900.0,4236290.7,6026424200.0,3482588.8
2021-04-16,5908561500.0,4711788.6,5910543400.0,4692898.1,5968810600.0,4137519.5,6055973700.0,3306718.4
2021-04-17,5931940600.0,4558193.7,5933944200.0,4536455.9,5992850600.0,3897364.0,6080969600.0,2941334.7
2021-04-18,5950829700.0,4106437.7,5952852800.0,4086898.7,6012333600.0,3512452.1,6101312000.0,2653126.9
2021-04-19,5967073200.0,4734827.3,5969119900.0,4711303.7,6029292300.0,4019709.0,6119305300.0,2985139.7
2021-04-20,5981371800.0,4852566.1,5983442100.0,4828940.7,6044309000.0,4134353.3,6135361000.0,3095307.4
2021-04-21,5998730100.0,4820813.5,6000821000.0,4800177.4,6062294700.0,4193477.0,6154254200.0,3285902.6
2021-04-22,6017049100.0,4848307.2,6019163400.0,4825010.2,6081322000.0,4140077.2,6174306200.0,3115473.4
2021-04-23,6051199200.0,4794459.8,6053328400.0,4779478.3,6115927500.0,4339023.4,6209570500.0,3680138.8
2021-04-24,6071529000.0,4608799.4,6073678100.0,4588928.9,6136861300.0,4004736.2,6231378300.0,3130831.6
2021-04-25,6089013300.0,4244236.8,6091183600.0,4223022.3,6154990500.0,3599317.8,6250440500.0,2666306.7
2021-04-26,6109367400.0,4762146.4,6111556900.0,4742921.7,6175929100.0,4177716.7,6272224600.0,3332216.2
2021-04-27,6130197800.0,4717520.3,6132395100.0,4709766.3,6196995200.0,4481799.3,6293631700.0,4140779.3
2021-04-28,6150380100.0,4499288.2,6152590700.0,4485955.7,6217582800.0,4093979.0,6314805700.0,3507613.9
2021-04-29,6180781900.0,4531632.0,6183006800.0,4517358.0,6248418500.0,4097702.4,6346269200.0,3469931.9
2021-04-30,6212837300.0,4424801.9,6215076900.0,4410082.5,6280921400.0,3977332.8,6379419400.0,3329974.4
2021-05-01,6235801400.0,4185802.6,6238055800.0,4170990.4,6304335800.0,3735511.7,6403485200.0,3084071.2
2021-05-02,6265060500.0,4039009.8,6267332200.0,4021632.9,6334123100.0,3510753.9,6434036800.0,2746520.4
2021-05-03,6309643100.0,4469311.2,6311931800.0,4452429.7,6379219000.0,3956112.4,6479875100.0,3213662.3
2021-05-04,6361393300.0,4515827.1,6363702300.0,4495481.2,6431587700.0,3897311.5,6533138600.0,3002498.3
2021-05-05,6403295600.0,4456547.4,6405620900.0,4440221.6,6473986200.0,3960243.4,6576255200.0,3242235.1
2021-05-06,6438309200.0,4492339.2,6440653400.0,4473539.6,6509571400.0,3920832.6,6612667200.0,3094027.9
2021-05-07,6482017800.0,4519220.7,6484382400.0,4498746.5,6553902400.0,3896804.5,6657898600.0,2996348.3
2021-05-08,6535976900.0,4386840.8,6538360200.0,4368148.8,6608429700.0,3818606.4,6713248000.0,2996535.7
2021-05-09,6574333400.0,4058074.0,6576737300.0,4037516.7,6647411200.0,3433132.4,6753133600.0,2529022.8
2021-05-10,6618994400.0,4569270.8,6621414300.0,4553234.4,6692559700.0,4081763.9,6798987400.0,3376482.6
2021-05-11,6643621300.0,4701510.5,6646064600.0,4678142.5,6717897000.0,3991122.7,6825352400.0,2963397.2
2021-05-12,6663394100.0,4704296.8,6665860700.0,4680951.0,6738379500.0,3994584.8,6846861600.0,2967836.9
2021-05-13,6682838600.0,4798181.0,6685330300.0,4773117.7,6758585900.0,4036255.2,6868170400.0,2933969.1
2021-05-14,6704255500.0,4856632.3,6706766700.0,4837098.0,6780596700.0,4262789.0,6891040200.0,3403669.6
2021-05-15,6742679100.0,4673352.0,6745210500.0,4653177.3,6819633600.0,4060041.1,6930964400.0,3172757.8
2021-05-16,6775085400.0,4247842.5,6777636400.0,4228219.3,6852636400.0,3651296.1,6964830300.0,2788266.0
2021-05-17,6847740500.0,4265877.3,6850310700.0,4246702.6,6925874400.0,3682965.2,7038911600.0,2839660.1
2021-05-18,6905279100.0,4625119.2,6907867300.0,4607114.5,6983960400.0,4077775.1,7097789400.0,3285926.7
2021-05-19,6954066600.0,4726060.7,6956680200.0,4700736.5,7033517800.0,3956203.2,7148460500.0,2842442.3
2021-05-20,6989020300.0,4860678.5,6991655400.0,4839097.1,7069127500.0,4204603.0,7185019400.0,3255451.7
2021-05-21,7012237400.0,4916489.4,7014887800.0,4901173.7,7092810200.0,4450892.4,7209375700.0,3777308.3
2021-05-22,7051758300.0,4719176.0,7054428000.0,4699860.9,7132918300.0,4131995.8,7250333300.0,3282515.9
2021-05-23,7096002100.0,4282585.8,7098691600.0,4262868.9,7177761500.0,3683193.9,7296043600.0,2816047.2
2021-05-24,7122902600.0,4830493.4,7125610600.0,4811928.7,7205226400.0,4266124.1,7324325000.0,3449645.1
2021-05-25,7157464800.0,4873704.6,7160194900.0,4851633.0,7240459500.0,4202726.2,7360528900.0,3232014.6
2021-05-26,7197538900.0,4896903.5,7200292700.0,4873206.7,7281254000.0,4176521.1,7402365500.0,3134336.3
2021-05-27,7225996100.0,4873184.9,7228768700.0,4854406.0,7310282100.0,4302306.6,7432219500.0,3476411.0
2021-05-28,7254653100.0,4774600.9,7257441200.0,4759143.7,7339409000.0,4304700.2,7462026200.0,3624889.9
2021-05-29,7286091500.0,4560054.9,7288892300.0,4547239.1,7371237000.0,4170454.9,7494417800.0,3606816.4
2021-05-30,7318185500.0,4209208.1,7321004700.0,4190804.4,7403890400.0,3649735.3,7527880700.0,2840340.1
2021-05-31,7355541300.0,4765912.1,7358378100.0,4748354.7,7441780000.0,4232166.8,7566542400.0,3459991.9
2021-06-01,7422956400.0,4675657.5,7425812300.0,4656557.6,7509775700.0,4095021.8,7635378200.0,3255009.9
2021-06-02,7506820100.0,4695341.7,7509696700.0,4674599.2,7594270000.0,4064768.5,7720784700.0,3152511.6
2021-06-03,7556806900.0,4786348.6,7559705000.0,4764885.4,7644909300.0,4133865.5,7772367900.0,3189911.3
2021-06-04,7588697800.0,4797731.4,7591616700.0,4776946.7,7677432000.0,4165877.7,7805804800.0,3251768.3
2021-06-05,7612176400.0,4610645.3,7615111300.0,4594667.8,7701396400.0,4124928.7,7830471800.0,3422237.4
2021-06-06,7640946300.0,4171511.6,7643899600.0,4153069.6,7730726900.0,3610876.9,7860613400.0,2799800.8
2021-06-07,7669952800.0,4181500.1,7672921200.0,4166451.2,7760190900.0,3724012.6,7890739300.0,3062160.7
2021-06-08,7717307800.0,4595032.4,7720291600.0,4579567.7,7808016000.0,4124906.4,7939244500.0,3444770.3
2021-06-09,7782011300.0,4589224.2,7785005300.0,4579023.8,7873029600.0,4279130.5,8004706700.0,3830514.7
2021-06-10,7823441300.0,4684560.8,7826451300.0,4668590.0,7914945100.0,4199045.8,8047324600.0,3496646.0
2021-06-11,7857780800.0,4817021.1,7860811600.0,4796242.7,7949916300.0,4185357.1,8083209600.0,3271522.2
2021-06-12,7906282800.0,4596279.3,7909332700.0,4577124.8,7999000600.0,4013983.7,8133136400.0,3171570.6
2021-06-13,7950283500.0,4153812.2,7953347700.0,4139520.2,8043435700.0,3719337.2,8178200100.0,3090777.7
2021-06-14,7993430500.0,4229795.6,7996510500.0,4213961.2,8087064100.0,3748430.1,8222524800.0,3052033.7
2021-06-15,8028967900.0,4674545.9,8032066400.0,4656191.0,8123159600.0,4116555.1,8259427500.0,3309304.0
2021-06-16,8063218000.0,4756910.7,8066337300.0,4736037.1,8158044200.0,4122353.8,8295230200.0,3204333.8
2021-06-17,8089035100.0,4882614.0,8092175100.0,4861946.4,8184489600.0,4254317.2,8322584600.0,3345353.5
2021-06-18,8123324100.0,4828809.6,8126486400.0,4806475.8,8219457500.0,4149863.9,8358534700.0,3167626.0
2021-06-19,8149702900.0,4646780.6,8152887500.0,4624546.7,8246512200.0,3970870.0,8386567300.0,2993023.1
2021-06-20,8178597500.0,4255377.1,8181800800.0,4236561.5,8275978800.0,3683384.4,8416861300.0,2855876.5
2021-06-21,8239142900.0,4719724.5,8242367400.0,4698607.6,8337166200.0,4077769.5,8478977500.0,3149046.5
2021-06-22,8272883500.0,4765811.9,8276121700.0,4752050.8,8371325100.0,4347472.9,8513741600.0,3742257.6
2021-06-23,8301091700.0,4803097.1,8304350600.0,4782434.9,8400161500.0,4174966.2,8543486700.0,3266242.6
2021-06-24,8351447300.0,4671615.1,8354724400.0,4653388.5,8451071100.0,4117525.0,8595198000.0,3315916.9
2021-06-25,8394430000.0,4677974.8,8397728800.0,4656344.6,8494711400.0,4020417.3,8639789500.0,3069122.0
2021-06-26,8424408300.0,4495384.8,8427725700.0,4476810.7,8525254400.0,3930731.0,8671149400.0,3113840.3
2021-06-27,8456941900.0,4124924.6,8460278100.0,4106066.9,8558361200.0,3551651.4,8705085600.0,2722291.1
2021-06-28,8496001600.0,4706910.0,8499359600.0,4685042.3,8598085700.0,4042132.2,8745771800.0,3080391.2
2021-06-29,8532677000.0,4861623.7,8536059100.0,4837585.2,8635491800.0,4130855.4,8784235200.0,3073645.2
2021-06-30,8557419000.0,4834258.9,8560820200.0,4815125.1,8660815600.0,4252591.7,8810400400.0,3411087.6
2021-07-01,8578396400.0,4593150.0,8581816500.0,4574237.4,8682367800.0,4018205.2,8832784500.0,3186426.4
2021-07-02,8597621200.0,4612202.0,8601064100.0,4589429.2,8702284900.0,3919906.5,8853703100.0,2918355.2
2021-07-03,8616071700.0,4404292.7,8619535400.0,4383432.0,8721369600.0,3770127.2,8873705200.0,2852673.1
2021-07-04,8633841800.0,3919948.0,8637328800.0,3896759.4,8739844700.0,3215014.0,8893200200.0,2195178.5
2021-07-05,8649952700.0,4052926.9,8653461300.0,4031304.5,8756612900.0,3395606.6,8910919300.0,2444654.3
2021-07-06,8665295400.0,4572814.7,8668826700.0,4550095.2,8772646200.0,3882143.4,8927951900.0,2882942.0
2021-07-07,8681722600.0,4670192.4,8685278200.0,4645884.4,8789812400.0,3931231.6,8946187100.0,2862169.3
2021-07-08,8695566100.0,4696837.1,8699145200.0,4673278.0,8804372100.0,3980639.9,8961782900.0,2944509.8
2021-07-09,8711423500.0,4681475.4,8715019900.0,4664185.6,8820755100.0,4155863.4,8978926300.0,3395454.9
2021-07-10,8731848900.0,4428276.3,8735461200.0,4412416.5,8841662700.0,3946140.2,9000531400.0,3248628.8
2021-07-11,8757116400.0,4040973.0,8760749500.0,4020252.7,8867560100.0,3411075.6,9027340100.0,2499796.3
2021-07-12,8771702400.0,4610968.6,8775358100.0,4588279.2,8882835800.0,3921210.3,9043613700.0,2923329.6
2021-07-13,8787387700.0,4685475.5,8791065900.0,4663007.6,8899204100.0,4002451.3,9060970200.0,3014313.1
2021-07-14,8799105100.0,4722693.2,8802805700.0,4700231.2,8911604400.0,4039846.9,9074358300.0,3051966.0
2021-07-15,8811486000.0,4756758.9,8815210000.0,4733476.6,8924693100.0,4048979.4,9088471000.0,3025027.3
2021-07-16,8836335800.0,4748988.5,8840082200.0,4726442.3,8950228200.0,4063581.3,9114997700.0,3071995.5
2021-07-17,8880503900.0,4548776.7,8884275200.0,4523966.1,8995150600.0,3794533.5,9161011200.0,2703362.0
2021-07-18,8919809900.0,4170362.7,8923604000.0,4147532.9,9035150700.0,3476336.1,9202015300.0,2472280.7
2021-07-19,8937452700.0,4640474.6,8941272400.0,4614910.5,9053570600.0,3863325.7,9221559600.0,2739016.1
2021-07-20,8951670900.0,4415866.3,8955516900.0,4389475.0,9068591100.0,3613570.8,9237740700.0,2452881.4
2021-07-21,8964342900.0,4804348.4,8968211400.0,4781953.8,9081943900.0,4123553.1,9252078500.0,3138639.5
2021-07-22,8975003800.0,4825517.1,8978893200.0,4804586.2,9093241100.0,4189217.4,9264296200.0,3268676.0
2021-07-23,8986635400.0,4866111.0,8990548700.0,4842184.9,9105600000.0,4138757.3,9277707400.0,3086486.9
2021-07-24,9010136800.0,4540960.0,9014063600.0,4527487.1,9129511100.0,4131382.6,9302211000.0,3538842.7
2021-07-25,9027866800.0,3958695.1,9031807000.0,3945357.1,9147646500.0,3553219.9,9320933100.0,2966614.6
2021-07-26,9042615200.0,4558670.9,9046574500.0,4539502.4,9162977600.0,3975948.5,9337107100.0,3132917.9
2021-07-27,9076751600.0,4617928.9,9080723900.0,4604933.3,9197509100.0,4222863.2,9372210200.0,3651317.6
2021-07-28,9095802600.0,4666323.5,9099795300.0,4645938.2,9217179800.0,4046610.4,9392777500.0,3150064.9
2021-07-29,9124395700.0,4743066.5,9128410300.0,4721105.3,9246440500.0,4075443.3,9423004000.0,3109585.8
2021-07-30,9141802900.0,4716948.5,9145841600.0,4692863.3,9264579900.0,3984757.5,9442202700.0,2925489.1
2021-07-31,9154827700.0,4590001.9,9158892800.0,4563596.6,9278407400.0,3787279.6,9457191500.0,2625972.8
2021-08-01,9166430100.0,4273810.9,9170518400.0,4250622.3,9290714800.0,3568876.8,9470518700.0,2549041.3
2021-08-02,9177580000.0,4686176.6,9181693300.0,4661172.1,9302624800.0,3926041.0,9483528400.0,2826344.8
2021-08-03,9187784200.0,4711465.6,9191919800.0,4689114.0,9313508400.0,4031974.6,9495395100.0,3048947.7
2021-08-04,9196521600.0,4771358.9,9200681700.0,4746884.4,9322989900.0,4027335.6,9505952900.0,2950949.3
2021-08-05,9205131200.0,4876627.5,9209317800.0,4850162.9,9332404000.0,4072103.0,9516530900.0,2908189.0
2021-08-06,9214804000.0,4873003.5,9219015200.0,4848337.1,9342826700.0,4123147.0,9528038400.0,3038321.8
2021-08-07,9224887300.0,4494610.8,9229120400.0,4472740.4,9353574800.0,3829750.1,9539748400.0,2867889.0
2021-08-08,9237572000.0,4241365.6,9241826100.0,4220377.7,9366897600.0,3603334.9,9553994200.0,2680289.3
2021-08-09,9250300000.0,4826154.0,9254578700.0,4801614.9,9380371600.0,4080162.7,9568547500.0,3000929.1
2021-08-10,9264157800.0,4870594.2,9268454600.0,4852508.0,9394779200.0,4320772.2,9583750600.0,3525338.9
2021-08-11,9280115800.0,4866764.6,9284432700.0,4846612.5,9411349800.0,4254141.3,9601207400.0,3367852.9
2021-08-12,9303881900.0,4852946.8,9308217800.0,4834004.9,9435691800.0,4277112.7,9626382500.0,3444047.5
2021-08-13,9334757100.0,4851709.3,9339113300.0,4831362.6,9467185500.0,4233169.9,9658771100.0,3338322.5
2021-08-14,9368831800.0,4615837.5,9373203300.0,4600549.9,9501724900.0,4151094.1,9693982800.0,3478745.0
2021-08-15,9416048900.0,4110822.1,9420440800.0,4090356.4,9549564100.0,3488666.6,9742722100.0,2588587.8
2021-08-16,9450073200.0,4218925.1,9454484500.0,4199605.3,9584175800.0,3631602.6,9778183500.0,2781916.9
2021-08-17,9489206900.0,4662599.6,9493639400.0,4641382.5,9623954500.0,4017597.7,9818895300.0,3084466.5
2021-08-18,9524046500.0,4760893.6,9528498000.0,4741894.7,9659371700.0,4183328.5,9855148100.0,3347759.1
2021-08-19,9551391500.0,4782001.8,9555855500.0,4769529.6,9687095900.0,4402846.9,9883420800.0,3854319.5
2021-08-20,9586473900.0,4744392.0,9590954100.0,4728177.8,9722671200.0,4251478.8,9919709200.0,3538376.1
2021-08-21,9606571000.0,4597320.1,9611073200.0,4575355.0,9743436000.0,3929578.4,9941440000.0,2963549.3
2021-08-22,9624240500.0,4240158.2,9628765400.0,4217347.1,9761798900.0,3546700.7,9960806200.0,2543468.6
2021-08-23,9665681700.0,4811178.5,9670227100.0,4790694.2,9803862900.0,4188454.0,10003771000.0,3287551.9
2021-08-24,9699217500.0,4759586.0,9703781400.0,4741075.9,9837961400.0,4196876.6,10038684000.0,3382798.9
2021-08-25,9733317400.0,4727884.5,9737896600.0,4712647.2,9872524500.0,4264670.5,10073917000.0,3594534.1
2021-08-26,9764206700.0,4753495.1,9768801900.0,4737517.5,9903899500.0,4267778.5,10105995000.0,3565087.1
2021-08-27,9786653100.0,4810825.8,9791268500.0,4790568.8,9926961700.0,4195013.3,10129948000.0,3304110.9
2021-08-28,9809301700.0,4677593.7,9813935600.0,4659082.4,9950173100.0,4114848.7,10153973000.0,3300719.5
2021-08-29,9827058400.0,4288748.5,9831713000.0,4268055.4,9968558800.0,3659680.9,10173269000.0,2749602.4
2021-08-30,9865674600.0,4599299.1,9870344900.0,4583591.1,10007653000.0,4121775.0,10213054000.0,3430935.8
2021-08-31,9907324100.0,4586418.6,9912008300.0,4572579.0,10049723000.0,4165696.5,10255732000.0,3557033.6
2021-09-01,9947202800.0,4691265.1,9951905700.0,4672456.2,10090173000.0,4119474.0,10297010000.0,3292257.7
2021-09-02,9976138600.0,4878024.8,9980867700.0,4851903.8,10119903000.0,4083945.5,10327889000.0,2935142.6
2021-09-03,9997176700.0,4971209.6,10001929000.0,4947897.8,10141650000.0,4262529.1,10350661000.0,3237273.5
2021-09-04,10019731000.0,4642482.5,10024503000.0,4622466.1,10164813000.0,4033985.1,10374704000.0,3153665.6
2021-09-05,10059645000.0,4189297.8,10064439000.0,4168068.6,10205372000.0,3543928.3,10416197000.0,2610265.5
2021-09-06,10090834000.0,4673678.2,10095644000.0,4656853.6,10237072000.0,4162210.3,10448637000.0,3422264.4
2021-09-07,10126689000.0,4723697.1,10131519000.0,4705138.2,10273492000.0,4159505.6,10485873000.0,3343283.9
2021-09-08,10163454000.0,4831258.2,10168298000.0,4815669.9,10310730000.0,4357373.8,10523797000.0,3671800.4
2021-09-09,10189659000.0,4913383.5,10194528000.0,4889431.3,10337664000.0,4185235.4,10551784000.0,3131815.9
2021-09-10,10213545000.0,4953470.9,10218437000.0,4929335.4,10362283000.0,4219750.5,10577465000.0,3158269.4
2021-09-11,10241653000.0,4612565.0,10246565000.0,4593625.8,10390967000.0,4036813.9,10606982000.0,3203868.8
2021-09-12,10269596000.0,4220144.2,10274528000.0,4199936.0,10419525000.0,3605813.7,10636428000.0,2717055.3
2021-09-13,10289076000.0,4737149.0,10294032000.0,4712281.5,10439760000.0,3981174.9,10657757000.0,2887499.2
2021-09-14,10313719000.0,4836474.9,10318698000.0,4814181.3,10465082000.0,4158750.4,10684059000.0,3178279.2
2021-09-15,10343901000.0,4865562.8,10348904000.0,4841713.5,10495988000.0,4140544.7,10716014000.0,3091653.4
2021-09-16,10364159000.0,4850825.7,10369189000.0,4823682.5,10517071000.0,4025671.8,10738291000.0,2831913.0
2021-09-17,10381224000.0,4981368.0,10386282000.0,4953188.9,10534993000.0,4124724.5,10757452000.0,2885409.5
2021-09-18,10396793000.0,4778448.8,10401875000.0,4754699.8,10551284000.0,4056477.7,10774788000.0,3011994.5
2021-09-19,10419100000.0,4295097.8,10424207000.0,4270218.9,10574347000.0,3538779.9,10798945000.0,2444606.7
2021-09-20,10434868000.0,4876738.3,10439998000.0,4854016.1,10590807000.0,4185984.0,10816404000.0,3186662.5
2021-09-21,10463727000.0,4933886.4,10468877000.0,4914057.3,10620268000.0,4331080.0,10846738000.0,3458993.5
2021-09-22,10482333000.0,4872364.0,10487502000.0,4852724.8,10639471000.0,4275331.4,10866804000.0,3411598.1
2021-09-23,10534273000.0,4836244.5,10539461000.0,4817252.3,10691988000.0,4258881.0,10920157000.0,3423603.1
2021-09-24,10573710000.0,4877286.3,10578920000.0,4855632.0,10732084000.0,4218993.8,10961205000.0,3266635.0
2021-09-25,10596600000.0,4751509.2,10601836000.0,4725622.1,10755761000.0,3964543.5,10986020000.0,2826031.9
2021-09-26,10615476000.0,4378971.6,10620740000.0,4350087.4,10775515000.0,3500892.5,11007044000.0,2230566.3
2021-09-27,10632383000.0,4966141.9,10637670000.0,4943282.0,10793117000.0,4271202.4,11025652000.0,3265826.2
2021-09-28,10648666000.0,4897128.9,10653964000.0,4886641.8,10809718000.0,4578321.1,11042715000.0,4117098.4
2021-09-29,10668586000.0,4870220.3,10673902000.0,4852188.2,10830187000.0,4322046.3,11063976000.0,3528997.1
2021-09-30,10705195000.0,4778438.5,10710530000.0,4758894.1,10867390000.0,4184286.9,11102039000.0,3324721.6
2021-10-01,10729915000.0,4611602.5,10735270000.0,4591909.1,10892709000.0,4012921.9,11128224000.0,3146804.5
2021-10-02,10773190000.0,4511190.5,10778564000.0,4492649.1,10936547000.0,3947532.5,11172878000.0,3132082.6
2021-10-03,10806681000.0,4151276.3,10812077000.0,4128620.4,10970727000.0,3462537.6,11208054000.0,2466132.0
2021-10-04,10826466000.0,4702043.8,10831885000.0,4679690.2,10991192000.0,4022493.5,11229502000.0,3039380.8
2021-10-05,10854789000.0,4721053.6,10860226000.0,4702786.8,11020070000.0,4165742.3,11259183000.0,3362367.5
2021-10-06,10874037000.0,4715206.1,10879492000.0,4696559.0,11039884000.0,4148335.2,11279818000.0,3328237.0
2021-10-07,10902822000.0,4793088.5,10908299000.0,4771144.0,11069336000.0,4125975.1,11310235000.0,3160855.1
2021-10-08,10922883000.0,4782559.5,10928378000.0,4765227.5,11089924000.0,4255667.0,11331585000.0,3493406.1
2021-10-09,10942461000.0,4542860.1,10947973000.0,4525125.6,11110041000.0,4003732.2,11352482000.0,3223770.2
2021-10-10,10965643000.0,4146514.2,10971172000.0,4130134.2,11133722000.0,3648562.2,11376883000.0,2928169.8
2021-10-11,10987737000.0,4609217.3,10993282000.0,4593040.5,11156307000.0,4117442.3,11400180000.0,3405986.2
2021-10-12,11004105000.0,4726364.3,11009668000.0,4708027.3,11173232000.0,4168918.9,11417911000.0,3362456.8
2021-10-13,11028912000.0,4677054.4,11034494000.0,4658805.2,11198595000.0,4122276.6,11444076000.0,3319673.7
2021-10-14,11049027000.0,4754179.7,11054625000.0,4737611.8,11219213000.0,4250513.1,11465423000.0,3521853.4
2021-10-15,11069543000.0,4770784.2,11075165000.0,4746836.7,11240457000.0,4042778.4,11487721000.0,2989564.7
2021-10-16,11098180000.0,4452346.2,11103820000.0,4434254.0,11269644000.0,3902346.3,11517703000.0,3106655.8
2021-10-17,11129569000.0,4019155.5,11135227000.0,4000573.2,11301598000.0,3454252.7,11550474000.0,2637001.8
2021-10-18,11155428000.0,4140330.9,11161108000.0,4119315.0,11328096000.0,3501446.6,11577897000.0,2577166.0
2021-10-19,11185438000.0,4654125.7,11191139000.0,4632632.4,11358759000.0,4000729.7,11609506000.0,3055454.8
2021-10-20,11212278000.0,4697356.2,11217997000.0,4679371.8,11386146000.0,4150628.7,11637683000.0,3359672.1
2021-10-21,11233768000.0,4699377.5,11239506000.0,4681074.8,11408193000.0,4142975.4,11660535000.0,3338022.7
2021-10-22,11258799000.0,4713211.1,11264556000.0,4694119.5,11433804000.0,4132824.4,11686985000.0,3293172.7
2021-10-23,11280883000.0,4558393.3,11286658000.0,4539550.8,11456461000.0,3985582.5,11710471000.0,3156891.1
2021-10-24,11302002000.0,4161285.8,11307800000.0,4139020.3,11478257000.0,3484414.9,11733246000.0,2505178.7
2021-10-25,11320437000.0,4670140.0,11326257000.0,4648876.0,11497339000.0,4023715.3,11753263000.0,3088525.9
2021-10-26,11350728000.0,4722630.5,11356566000.0,4704474.8,11528181000.0,4170698.1,11784905000.0,3372211.7
2021-10-27,11401628000.0,4707991.6,11407482000.0,4691280.1,11579589000.0,4199962.0,11837048000.0,3464990.3
2021-10-28,11430456000.0,4745587.4,11436329000.0,4726371.3,11609001000.0,4161418.5,11867305000.0,3316295.3
2021-10-29,11459565000.0,4586079.7,11465452000.0,4572229.6,11638531000.0,4165037.5,11897443000.0,3555911.5
2021-10-30,11492178000.0,4405379.0,11498081000.0,4389737.6,11671620000.0,3929882.2,11931220000.0,3241976.1
2021-10-31,11533421000.0,3961660.7,11539341000.0,3944459.0,11713386000.0,3438728.1,11973743000.0,2682196.0
2021-11-01,11568187000.0,4046791.4,11574123000.0,4029852.6,11748666000.0,3531849.8,12009768000.0,2786878.3
2021-11-02,11602332000.0,4603040.6,11608286000.0,4585992.2,11783330000.0,4084767.4,12045182000.0,3334976.2
2021-11-03,11635376000.0,4692807.2,11641346000.0,4676566.8,11816868000.0,4199099.7,12079434000.0,3484847.7
2021-11-04,11681040000.0,4713962.9,11687028000.0,4696713.2,11863057000.0,4189572.0,12126381000.0,3430930.2
2021-11-05,11704309000.0,4819246.6,11710316000.0,4798968.2,11886941000.0,4202782.0,12151158000.0,3310936.2
2021-11-06,11726044000.0,4669144.4,11732072000.0,4648600.0,11909301000.0,4044594.0,12174421000.0,3141050.4
2021-11-07,11755385000.0,4304882.9,11761433000.0,4285101.3,11939243000.0,3703522.9,12205233000.0,2833529.0
2021-11-08,11780664000.0,4771593.2,11786729000.0,4755116.9,11965023000.0,4270712.8,12231738000.0,3546083.8
2021-11-09,11812389000.0,4806656.3,11818470000.0,4790043.0,11997253000.0,4301614.4,12264698000.0,3570964.9
2021-11-10,11846658000.0,4778854.7,11852756000.0,4762528.2,12032019000.0,4282527.0,12300182000.0,3564484.5
2021-11-11,11875632000.0,4814107.8,11881752000.0,4790838.0,12061700000.0,4106707.7,12330886000.0,3083304.5
2021-11-12,11897639000.0,4824802.8,11903780000.0,4803897.2,12084342000.0,4189273.8,12354448000.0,3269847.2
2021-11-13,11921894000.0,4609863.1,11928051000.0,4593888.3,12109083000.0,4124229.5,12379891000.0,3421658.2
2021-11-14,11947164000.0,4199266.5,11953338000.0,4182553.5,12134861000.0,3691189.5,12406405000.0,2956149.1
2021-11-15,11970294000.0,4274866.4,11976482000.0,4260733.6,12158421000.0,3845228.7,12430586000.0,3223667.3
2021-11-16,11990129000.0,4794885.7,11996337000.0,4775259.7,12178852000.0,4198256.2,12451881000.0,3335106.0
2021-11-17,12006901000.0,4834967.9,12013130000.0,4814146.6,12196257000.0,4201999.8,12470201000.0,3286278.1
2021-11-18,12022383000.0,4844634.6,12028636000.0,4820953.0,12212460000.0,4124714.5,12487445000.0,3083198.6
2021-11-19,12040063000.0,4849117.7,12046334000.0,4830950.7,12230692000.0,4296841.5,12506477000.0,3497857.7
2021-11-20,12059781000.0,4664362.6,12066071000.0,4645770.9,12250975000.0,4099175.2,12527578000.0,3281512.7
2021-11-21,12086416000.0,4233836.0,12092721000.0,4217208.0,12278115000.0,3728343.6,12555449000.0,2997042.4
2021-11-22,12111179000.0,4737571.0,12117499000.0,4723692.9,12303300000.0,4315675.3,12581244000.0,3705314.2
2021-11-23,12138820000.0,4701433.2,12145153000.0,4688757.0,12331327000.0,4316077.6,12609828000.0,3758579.7
2021-11-24,12176651000.0,4701957.3,12182998000.0,4686459.9,12369628000.0,4230835.4,12648811000.0,3549258.4
2021-11-25,12225177000.0,4684393.6,12231541000.0,4667915.3,12418656000.0,4183453.9,12698563000.0,3458739.1
2021-11-26,12274899000.0,4660936.7,12281277000.0,4647935.7,12468773000.0,4265705.1,12749253000.0,3693919.4
2021-11-27,12328029000.0,4487315.6,12334427000.0,4467080.1,12522518000.0,3872155.2,12803888000.0,2982196.1
2021-11-28,12357685000.0,4186807.0,12364104000.0,4164662.1,12552847000.0,3513599.7,12835190000.0,2539663.4
2021-11-29,12380656000.0,4689170.7,12387092000.0,4672686.9,12576319000.0,4188065.0,12859387000.0,3463110.1
2021-11-30,12410262000.0,4750158.3,12416713000.0,4735199.0,12606380000.0,4295397.7,12890106000.0,3637490.7
2021-12-01,12449047000.0,4487418.1,12455516000.0,4470126.3,12645691000.0,3961746.8,12930178000.0,3201252.5
2021-12-02,12474116000.0,4532491.9,12480608000.0,4509164.1,12671469000.0,3823325.3,12956982000.0,2797366.5
2021-12-03,12500096000.0,4577669.0,12506603000.0,4562116.6,12697922000.0,4104875.5,12984118000.0,3420880.1
2021-12-04,12534885000.0,4398456.8,12541409000.0,4382453.1,12733198000.0,3911945.8,13020098000.0,3208105.3
2021-12-05,12560384000.0,4050901.9,12566925000.0,4033192.8,12759235000.0,3512544.7,13046914000.0,2733697.6
2021-12-06,12583826000.0,4527733.3,12590386000.0,4508554.7,12783260000.0,3944702.7,13071783000.0,3101226.1
2021-12-07,12610107000.0,4516607.4,12616688000.0,4495116.9,12810194000.0,3863294.4,13099662000.0,2918139.6
2021-12-08,12626802000.0,4147901.3,12633401000.0,4130675.0,12827413000.0,3624221.8,13117639000.0,2866609.1
2021-12-09,12641940000.0,4540637.8,12648558000.0,4522080.8,12843115000.0,3976505.6,13134157000.0,3160369.6
2021-12-10,12656165000.0,4538384.0,12662803000.0,4518109.5,12857956000.0,3922038.0,13149890000.0,3030363.8
2021-12-11,12669132000.0,4314637.0,12675785000.0,4299714.5,12871377000.0,3860990.9,13163967000.0,3204696.3
2021-12-12,12683829000.0,3965476.1,12690491000.0,3956685.1,12886341000.0,3698230.0,13179318000.0,3311602.3
2021-12-13,12696440000.0,4379438.7,12703126000.0,4354621.5,12899707000.0,3624994.0,13193774000.0,2533530.9
2021-12-14,12709062000.0,4468473.7,12715768000.0,4448686.7,12912930000.0,3866947.7,13207868000.0,2996713.7
2021-12-15,12720427000.0,4530538.1,12727153000.0,4511107.5,12924886000.0,3939848.5,13220678000.0,3085291.6
2021-12-16,12731339000.0,4580961.3,12738082000.0,4563512.3,12936328000.0,4050512.0,13232888000.0,3283105.4
2021-12-17,12744026000.0,4526983.1,12750782000.0,4513426.0,12949427000.0,4114844.9,13246583000.0,3518600.1
2021-12-18,12758924000.0,4335912.3,12765690000.0,4326659.2,12964607000.0,4054616.9,13262170000.0,3647663.8
2021-12-19,12770529000.0,3999725.7,12777313000.0,3981285.7,12976772000.0,3439150.3,13275147000.0,2628159.9
2021-12-20,12781638000.0,4489196.5,12788440000.0,4471449.9,12988421000.0,3949701.0,13287575000.0,3169207.3
2021-12-21,12793762000.0,4521986.5,12800577000.0,4508980.8,13000940000.0,4126612.6,13300666000.0,3554621.0
2021-12-22,12806274000.0,4523236.6,12813108000.0,4503725.7,13014045000.0,3930104.7,13314630000.0,3072014.4
2021-12-23,12818037000.0,4453849.8,12824891000.0,4434179.8,13026406000.0,3855880.6,13327856000.0,2990792.2
2021-12-24,12829853000.0,4128340.0,12836725000.0,4109726.9,13038788000.0,3562500.5,13341056000.0,2743894.6
2021-12-25,12841832000.0,3679076.0,12848726000.0,3658709.4,13051387000.0,3059931.9,13354551000.0,2164209.7
2021-12-26,12854907000.0,3853942.3,12861816000.0,3838096.6,13064943000.0,3372233.0,13368804000.0,2675339.1
2021-12-27,12869675000.0,4367748.9,12876597000.0,4354671.0,13080108000.0,3970181.6,13384545000.0,3395016.9
2021-12-28,12884556000.0,4381110.8,12891493000.0,4365456.2,13095465000.0,3905211.0,13400590000.0,3216721.7
2021-12-29,12898019000.0,4332690.3,12904969000.0,4320218.8,13109307000.0,3953559.1,13414980000.0,3405066.0
2021-12-30,12913434000.0,4257020.8,12920401000.0,4240280.5,13125231000.0,3748113.9,13431641000.0,3011872.8
2021-12-31,12923967000.0,3902910.0,12930952000.0,3885114.0,13136306000.0,3361908.9,13443498000.0,2579236.9
2022-01-01,12939726000.0,3540623.5,12946725000.0,3526534.8,13152493000.0,3112325.5,13460304000.0,2492702.3
2022-01-02,12954438000.0,3719889.5,12961451000.0,3705755.1,13167634000.0,3290204.3,13476068000.0,2668574.3
2022-01-03,12968288000.0,4194080.9,12975323000.0,4172369.6,13182145000.0,3534057.4,13491533000.0,2579194.4
2022-01-04,12979554000.0,4325728.6,12986612000.0,4302418.3,13194119000.0,3617095.5,13504532000.0,2591908.5
2022-01-05,12991559000.0,4365201.7,12998638000.0,4343313.3,13206789000.0,3699795.6,13518165000.0,2737145.5
2022-01-06,13002817000.0,4375137.8,13009910000.0,4362537.3,13218431000.0,3992082.3,13530361000.0,3437911.9
2022-01-07,13022302000.0,4392836.0,13029405000.0,4382484.7,13238230000.0,4078154.1,13550615000.0,3622900.4
2022-01-08,13038357000.0,4272013.6,13045475000.0,4256688.6,13254751000.0,3806132.1,13567811000.0,3132136.4
2022-01-09,13052099000.0,3918565.3,13059232000.0,3904616.9,13268918000.0,3494535.4,13582591000.0,2881087.0
2022-01-10,13063493000.0,3951663.2,13070637000.0,3939995.2,13280666000.0,3596955.4,13594852000.0,3083795.9
2022-01-11,13073105000.0,4339559.6,13080260000.0,4328505.4,13290614000.0,4003513.1,13605286000.0,3517351.2
2022-01-12,13083374000.0,4425657.2,13090547000.0,4408257.8,13301412000.0,3896713.6,13616850000.0,3131485.4
2022-01-13,13101012000.0,4457356.0,13108201000.0,4440204.6,13319571000.0,3935952.9,13635763000.0,3181633.4
2022-01-14,13125159000.0,4464871.1,13132366000.0,4447623.3,13344243000.0,3940539.5,13661193000.0,3181983.4
2022-01-15,13139966000.0,4295048.9,13147193000.0,4274457.7,13359676000.0,3669075.9,13677532000.0,2763474.0
2022-01-16,13151823000.0,4001806.4,13159070000.0,3982114.9,13372131000.0,3403185.1,13690853000.0,2537153.4
2022-01-17,13164834000.0,4486049.7,13172096000.0,4470798.3,13385605000.0,4022408.9,13704998000.0,3351655.0
2022-01-18,13175225000.0,4558223.4,13182501000.0,4545053.1,13396397000.0,4157846.2,13716369000.0,3578616.4
2022-01-19,13185091000.0,4582799.6,13192390000.0,4559559.5,13406970000.0,3876300.6,13727964000.0,2854201.0
2022-01-20,13195763000.0,4618857.6,13203084000.0,4597138.5,13418302000.0,3958597.0,13740251000.0,3003391.0
2022-01-21,13205395000.0,4669419.2,13212733000.0,4651642.6,13428474000.0,4129010.9,13751205000.0,3347196.5
2022-01-22,13214133000.0,4449754.7,13221489000.0,4431984.7,13437753000.0,3909547.9,13761266000.0,3128025.0
2022-01-23,13223904000.0,4061611.4,13231282000.0,4039259.0,13448203000.0,3382096.6,13772699000.0,2399035.4
2022-01-24,13231923000.0,4558274.1,13239319000.0,4541337.9,13456737000.0,4043415.4,13781978000.0,3298564.0
2022-01-25,13240042000.0,4601862.3,13247453000.0,4586509.9,13465323000.0,4135150.8,13791239000.0,3459954.5
2022-01-26,13250004000.0,4606787.7,13257433000.0,4588243.6,13475848000.0,4043046.7,13802580000.0,3227476.8
2022-01-27,13259095000.0,4623879.4,13266542000.0,4605858.6,13485487000.0,4076049.2,13813011000.0,3283497.5
2022-01-28,13267108000.0,4628832.9,13274579000.0,4604553.0,13494238000.0,3890725.8,13822830000.0,2822898.4
2022-01-29,13274002000.0,4402680.9,13281495000.0,4381158.3,13501787000.0,3748395.6,13831325000.0,2801834.3
2022-01-30,13279645000.0,3947620.4,13287162000.0,3923805.8,13508153000.0,3223657.5,13838739000.0,2176292.7
2022-01-31,13285345000.0,4454596.7,13292885000.0,4431093.8,13514568000.0,3740106.7,13846187000.0,2706446.6
2022-02-01,13290961000.0,4658126.5,13298523000.0,4636642.5,13520837000.0,4005015.0,13853401000.0,3060151.7
2022-02-02,13296687000.0,4715303.1,13304270000.0,4693883.5,13527215000.0,4064147.9,13860721000.0,3122114.7
2022-02-03,13302314000.0,4753579.4,13309917000.0,4734223.7,13533430000.0,4165166.1,13867788000.0,3313902.4
2022-02-04,13309105000.0,4755598.2,13316724000.0,4739323.1,13540716000.0,4260835.4,13875789000.0,3545057.0
2022-02-05,13319688000.0,4509218.7,13327322000.0,4494092.2,13551758000.0,4049371.9,13887497000.0,3384106.7
2022-02-06,13330327000.0,4067735.1,13337978000.0,4051142.5,13562902000.0,3563321.6,13899370000.0,2833581.2
2022-02-07,13344447000.0,4602511.8,13352111000.0,4589399.3,13577421000.0,4203889.4,13914466000.0,3627198.1
2022-02-08,13356404000.0,4627127.5,13364080000.0,4614516.9,13589761000.0,4243763.7,13927361000.0,3689147.4
2022-02-09,13368856000.0,4641828.3,13376544000.0,4630475.4,13602558000.0,4296700.1,13940657000.0,3797399.6
2022-02-10,13380109000.0,4645200.1,13387817000.0,4624888.2,13614428000.0,4027715.9,13953420000.0,3134395.1
2022-02-11,13388070000.0,4715937.2,13395803000.0,4690983.4,13623148000.0,3957342.9,13963237000.0,2859876.5
2022-02-12,13394780000.0,4553832.0,13402534000.0,4532298.5,13630512000.0,3899214.8,13971549000.0,2952173.2
2022-02-13,13402681000.0,4162859.8,13410450000.0,4147824.9,13638871000.0,3705799.2,13980569000.0,3044564.7
2022-02-14,13410986000.0,4650722.9,13418767000.0,4639218.7,13647525000.0,4300994.7,13989729000.0,3795039.1
2022-02-15,13418409000.0,4660969.0,13426208000.0,4643243.1,13655487000.0,4122101.9,13998471000.0,3342517.3
2022-02-16,13426409000.0,4660080.0,13434226000.0,4640850.6,13664071000.0,4075508.0,14007900000.0,3229801.7
2022-02-17,13433177000.0,4733728.9,13441013000.0,4715315.1,13671399000.0,4173947.9,14016038000.0,3364106.8
2022-02-18,13443556000.0,4692548.2,13451399000.0,4686241.5,13681970000.0,4500824.8,14026887000.0,4223456.6
2022-02-19,13453741000.0,4490689.4,13461602000.0,4472676.9,13692703000.0,3943108.2,14038412000.0,3150916.7
2022-02-20,13467903000.0,4065684.8,13475780000.0,4048751.8,13707379000.0,3550921.0,14053833000.0,2806206.7
2022-02-21,13490312000.0,4619652.5,13498212000.0,4597551.5,13730460000.0,3947784.8,14077886000.0,2975786.8
2022-02-22,13506256000.0,4718727.2,13514176000.0,4698359.0,13747024000.0,4099535.7,14095345000.0,3203744.9
2022-02-23,13515792000.0,4757759.1,13523732000.0,4737688.5,13757170000.0,4147613.8,14106374000.0,3264910.1
2022-02-24,13524582000.0,4750990.3,13532540000.0,4733164.9,13766502000.0,4209099.9,14116489000.0,3425141.5
2022-02-25,13531549000.0,4745995.6,13539525000.0,4727339.2,13774036000.0,4178840.1,14124844000.0,3358330.3
2022-02-26,13539765000.0,4530636.7,13547753000.0,4519652.0,13782586000.0,4196700.6,14133877000.0,3713591.8
2022-02-27,13551869000.0,4099698.2,13559871000.0,4085855.5,13795111000.0,3678881.3,14147011000.0,3070081.1
2022-02-28,13566066000.0,4553648.9,13574080000.0,4541101.1,13809689000.0,4172194.0,14162141000.0,3620339.1
2022-03-01,13592621000.0,4477293.2,13600653000.0,4459755.3,13836777000.0,3944140.7,14190001000.0,3172823.4
2022-03-02,13621028000.0,4494043.8,13629068000.0,4485590.9,13865441000.0,4237076.9,14219036000.0,3865320.1
2022-03-03,13639992000.0,4511533.1,13648053000.0,4490765.2,13885037000.0,3880189.3,14239545000.0,2966817.5
2022-03-04,13655477000.0,4546657.5,13663554000.0,4531070.4,13900996000.0,4072808.7,14256190000.0,3387286.8
2022-03-05,13673073000.0,4363763.6,13681162000.0,4350863.5,13918984000.0,3971602.7,14274745000.0,3404259.3
2022-03-06,13706098000.0,3875671.2,13714196000.0,3867116.9,13952269000.0,3615621.7,14308406000.0,3239405.3
2022-03-07,13735239000.0,4428103.5,13743354000.0,4410184.5,13981954000.0,3883367.7,14338880000.0,3095292.7
2022-03-08,13758277000.0,4549969.0,13766411000.0,4531630.8,14005550000.0,3992488.0,14363282000.0,3185974.4
2022-03-09,13772369000.0,4550698.3,13780520000.0,4534591.7,14020132000.0,4061057.4,14378572000.0,3352688.7
2022-03-10,13790686000.0,4552871.0,13798856000.0,4532779.8,14039059000.0,3942097.3,14398383000.0,3058484.6
2022-03-11,13807007000.0,4551134.8,13815198000.0,4529909.0,14056025000.0,3905872.0,14416283000.0,2972363.5
2022-03-12,13843977000.0,4363691.1,13852190000.0,4341723.9,14093663000.0,3695890.0,14454887000.0,2729775.2
2022-03-13,13864718000.0,3939676.8,13872952000.0,3919437.7,14115020000.0,3324409.7,14477134000.0,2434296.3
2022-03-14,13888556000.0,4525447.0,13896812000.0,4503027.1,14139539000.0,3843881.1,14502639000.0,2857852.6
2022-03-15,13915100000.0,4577482.6,13923376000.0,4558196.3,14166670000.0,3991179.7,14530618000.0,3142969.1
2022-03-16,13934760000.0,4615311.8,13943054000.0,4596496.2,14186902000.0,4043319.0,14551677000.0,3215811.2
2022-03-17,13952911000.0,4604956.2,13961224000.0,4585895.3,14205632000.0,4025506.0,14571246000.0,3187209.4
2022-03-18,13967502000.0,4625493.0,13975834000.0,4606190.8,14220810000.0,4038704.0,14587272000.0,3189790.2
2022-03-19,13982630000.0,4410890.0,13990981000.0,4392437.5,14236499000.0,3849935.2,14603773000.0,3038396.0
2022-03-20,14006234000.0,4002207.5,14014603000.0,3984224.2,14260649000.0,3455515.5,14628715000.0,2664610.4
2022-03-21,14019746000.0,4068345.2,14028133000.0,4050543.2,14274703000.0,3527166.2,14643551000.0,2744236.9
2022-03-22,14041552000.0,4556429.0,14049956000.0,4538749.9,14297046000.0,4018984.7,14666671000.0,3241458.3
2022-03-23,14068238000.0,4609279.4,14076659000.0,4593110.8,14324224000.0,4117753.4,14694560000.0,3406657.5
2022-03-24,14084892000.0,4667368.1,14093333000.0,4646628.3,14341508000.0,4036877.9,14712757000.0,3124741.0
2022-03-25,14102025000.0,4684936.2,14110482000.0,4669616.6,14359107000.0,4219220.7,14731029000.0,3545465.1
2022-03-26,14120426000.0,4438910.3,14128899000.0,4422492.9,14378007000.0,3939820.1,14750651000.0,3217781.1
2022-03-27,14143038000.0,3994843.7,14151523000.0,3982937.0,14400981000.0,3632880.0,14774149000.0,3109223.3
2022-03-28,14162774000.0,4454446.8,14171277000.0,4436094.6,14421275000.0,3896539.0,14795250000.0,3089408.0
2022-03-29,14191358000.0,4516636.3,14199879000.0,4498134.3,14450421000.0,3954175.8,14825210000.0,3140458.3
2022-03-30,14224284000.0,4554001.5,14232825000.0,4534976.5,14483926000.0,3975642.1,14859551000.0,3138923.5
2022-03-31,14248933000.0,4587401.6,14257489000.0,4572108.2,14509040000.0,4122480.4,14885338000.0,3449874.1
2022-04-01,14288279000.0,4620854.7,14296851000.0,4604718.9,14548876000.0,4130324.6,14925884000.0,3420669.5
2022-04-02,14331573000.0,4459836.7,14340165000.0,4440391.3,14592761000.0,3868696.5,14970625000.0,3013487.8
2022-04-03,14354259000.0,4081117.7,14362866000.0,4066004.1,14615907000.0,3621662.2,14994435000.0,2956963.0
2022-04-04,14376864000.0,4505806.8,14385489000.0,4487323.6,14639073000.0,3943915.4,15018414000.0,3131021.2
2022-04-05,14405335000.0,4626429.9,14413980000.0,4606294.6,14668157000.0,4014316.5,15048383000.0,3128765.6
2022-04-06,14431479000.0,4717950.3,14440146000.0,4696155.6,14694963000.0,4055389.6,15076148000.0,3096856.1
2022-04-07,14480283000.0,4704518.5,14488969000.0,4686374.9,14744319000.0,4152953.6,15126302000.0,3354999.0
2022-04-08,14522172000.0,4684131.5,14530873000.0,4668282.3,14786690000.0,4202315.5,15169370000.0,3505267.2
2022-04-09,14555105000.0,4519670.0,14563824000.0,4501441.4,14820176000.0,3965520.6,15203658000.0,3163826.8
2022-04-10,14588721000.0,4186583.5,14597457000.0,4170670.8,14854277000.0,3702835.0,15238458000.0,3002991.0
2022-04-11,14616570000.0,4663458.4,14625325000.0,4644081.3,14882715000.0,4074393.1,15267748000.0,3222186.0
2022-04-12,14646270000.0,4702490.2,14655044000.0,4682742.6,14913014000.0,4102161.7,15298917000.0,3233660.0
2022-04-13,14670505000.0,4602413.2,14679298000.0,4584198.6,14937804000.0,4048690.6,15324507000.0,3247614.2
2022-04-14,14688226000.0,4107235.4,14697037000.0,4088946.8,14956081000.0,3551260.2,15343589000.0,2746924.9
2022-04-15,14708580000.0,3910216.4,14717410000.0,3891253.8,14977011000.0,3333753.9,15365353000.0,2499779.7
2022-04-16,14730563000.0,4117014.4,14739404000.0,4106345.9,14999318000.0,3792693.5,15388129000.0,3323495.1
2022-04-17,14752069000.0,3951680.6,14760925000.0,3936807.6,15021277000.0,3499540.2,15410742000.0,2845423.9
2022-04-18,14773152000.0,4533704.4,14782019000.0,4522517.2,15042699000.0,4193615.0,15432656000.0,3701604.1
2022-04-19,14802078000.0,4502595.2,14810959000.0,4488777.8,15072046000.0,4082548.9,15462610000.0,3474863.6
2022-04-20,14838142000.0,4472270.4,14847038000.0,4456712.2,15108583000.0,3999299.0,15499832000.0,3315046.3
2022-04-21,14883861000.0,4523143.3,14892774000.0,4506507.9,15154808000.0,4017425.6,15546788000.0,3285798.5
2022-04-22,14966459000.0,4518669.8,14975388000.0,4502352.6,15237901000.0,4022626.6,15630600000.0,3304995.7
2022-04-23,15045001000.0,4367239.0,15053949000.0,4348046.3,15317027000.0,3783781.5,15710569000.0,2939687.4
2022-04-24,15083715000.0,4064871.6,15092680000.0,4047325.5,15356274000.0,3531470.2,15750588000.0,2759792.7
2022-04-25,15119287000.0,4486098.6,15128267000.0,4471627.3,15392286000.0,4046169.9,15787236000.0,3409720.4
2022-04-26,15147750000.0,4592677.8,15156748000.0,4574386.5,15421305000.0,4036619.6,15817060000.0,3232164.3
2022-04-27,15179048000.0,4618116.7,15188065000.0,4599556.6,15453168000.0,4053889.6,15849739000.0,3237616.4
2022-04-28,15200812000.0,4562044.2,15209846000.0,4544694.7,15475458000.0,4034618.2,15872793000.0,3271585.5
2022-04-29,15230228000.0,4581973.5,15239283000.0,4561182.2,15505506000.0,3949918.3,15903755000.0,3035517.3
2022-04-30,15250088000.0,4439300.3,15259164000.0,4418539.0,15525998000.0,3808158.0,15925159000.0,2895077.8
2022-05-01,15269864000.0,3954391.0,15278965000.0,3929905.3,15546519000.0,3210023.9,15946757000.0,2133140.2
2022-05-02,15288895000.0,4567720.3,15298014000.0,4548918.0,15566121000.0,3996130.6,15967186000.0,3169205.9
2022-05-03,15304475000.0,4705924.6,15313621000.0,4678890.2,15582523000.0,3884078.6,15984777000.0,2695105.2
2022-05-04,15317071000.0,4778476.0,15326237000.0,4758501.0,15595726000.0,4171235.4,15998859000.0,3292734.0
2022-05-05,15337475000.0,4601073.2,15346656000.0,4586338.6,15616578000.0,4153141.7,16020359000.0,3505114.4
2022-05-06,15362292000.0,4484897.2,15371485000.0,4472830.3,15641762000.0,4118060.7,16046073000.0,3587354.5
2022-05-07,15404189000.0,4311265.3,15413396000.0,4297018.6,15684092000.0,3878165.6,16089030000.0,3251595.8
2022-05-08,15448809000.0,3979284.5,15458038000.0,3957498.3,15729374000.0,3316984.6,16135271000.0,2358828.4
2022-05-09,15475183000.0,4605072.1,15484428000.0,4588629.3,15756248000.0,4105211.3,16162867000.0,3382057.4
2022-05-10,15503509000.0,4611513.0,15512771000.0,4594603.4,15785088000.0,4097460.6,16192451000.0,3353775.5
2022-05-11,15533971000.0,4564046.4,15543249000.0,4548625.1,15816019000.0,4095236.5,16224060000.0,3417004.2
2022-05-12,15566711000.0,4604079.8,15576008000.0,4584496.8,15849354000.0,4008754.5,16258257000.0,3147491.1
2022-05-13,15590656000.0,4627145.0,15599971000.0,4609561.4,15873834000.0,4092605.3,16283510000.0,3319281.3
2022-05-14,15616673000.0,4481713.5,15626008000.0,4461654.2,15900461000.0,3871911.9,16311019000.0,2989705.7
2022-05-15,15645214000.0,4109647.7,15654569000.0,4089200.0,15929623000.0,3488037.6,16341081000.0,2588747.8
2022-05-16,15688247000.0,4634962.6,15697623000.0,4614427.5,15973280000.0,4010696.7,16385641000.0,3107564.8
2022-05-17,15712356000.0,4606025.0,15721748000.0,4590336.8,15997866000.0,4129105.5,16410917000.0,3439141.1
2022-05-18,15741791000.0,4585992.3,15751199000.0,4569640.4,16027798000.0,4088893.9,16441568000.0,3369736.5
2022-05-19,15768692000.0,4585255.3,15778117000.0,4568148.0,16055219000.0,4065191.9,16469742000.0,3312810.6
2022-05-20,15791311000.0,4636003.3,15800756000.0,4616661.7,16078427000.0,4048016.8,16493800000.0,3197370.6
2022-05-21,15811637000.0,4446061.6,15821099000.0,4428200.0,16099295000.0,3903068.7,16515454000.0,3117515.1
2022-05-22,15829662000.0,4128675.6,15839147000.0,4106024.4,16118009000.0,3440079.1,16535163000.0,2443879.3
2022-05-23,15851577000.0,4580716.8,15861081000.0,4561858.3,16140497000.0,4007419.9,16558481000.0,3178025.2
2022-05-24,15869302000.0,4662053.0,15878825000.0,4642706.7,16158810000.0,4073924.3,16577645000.0,3223072.3
2022-05-25,15887709000.0,4647219.5,15897250000.0,4629696.8,16177750000.0,4114529.4,16597356000.0,3343881.1
2022-05-26,15902408000.0,4613070.5,15911963000.0,4598855.4,16192882000.0,4180931.2,16613112000.0,3555750.6
2022-05-27,15917291000.0,4632453.2,15926865000.0,4612904.9,16208358000.0,4038183.1,16629449000.0,3178446.2
2022-05-28,15931493000.0,4446793.4,15941085000.0,4429228.6,16223095000.0,3912822.9,16644958000.0,3140322.1
2022-05-29,15947731000.0,3950200.8,15957341000.0,3932472.1,16239871000.0,3411250.7,16662514000.0,2631546.0
2022-05-30,15977976000.0,4091939.2,15987604000.0,4074663.3,16270642000.0,3566753.9,16694045000.0,2806962.9
2022-05-31,16002178000.0,4514499.3,16011821000.0,4499168.4,16295310000.0,4048439.9,16719386000.0,3374186.9
2022-06-01,16028564000.0,4686484.8,16038227000.0,4666546.1,16322302000.0,4080346.8,16747256000.0,3203440.6
2022-06-02,16074771000.0,4676207.5,16084452000.0,4658206.2,16369057000.0,4128970.1,16794802000.0,3337276.0
2022-06-03,16115061000.0,4596697.2,16124755000.0,4583507.0,16409747000.0,4195715.4,16836073000.0,3615610.9
2022-06-04,16136823000.0,4425120.9,16146531000.0,4410281.4,16431960000.0,3974000.1,16858938000.0,3321358.9
2022-06-05,16164591000.0,4042284.5,16174316000.0,4025094.1,16460250000.0,3519695.7,16887985000.0,2763661.1
2022-06-06,16196730000.0,4600331.4,16206474000.0,4581911.7,16492949000.0,4040372.5,16921494000.0,3230274.1
2022-06-07,16235843000.0,4579248.2,16245597000.0,4569499.0,16532359000.0,4282871.9,16961332000.0,3854101.2
2022-06-08,16263533000.0,4597646.9,16273306000.0,4579435.1,16560603000.0,4044007.3,16990377000.0,3243051.0
2022-06-09,16290132000.0,4650113.4,16299920000.0,4634494.3,16587677000.0,4175292.5,17018137000.0,3488364.0
2022-06-10,16318755000.0,4722783.8,16328563000.0,4702663.7,16616911000.0,4111132.7,17048257000.0,3226250.7
2022-06-11,16357183000.0,4493348.5,16367007000.0,4477486.0,16655822000.0,4011129.4,17087865000.0,3313497.9
2022-06-12,16388760000.0,4050586.2,16398600000.0,4034240.9,16687895000.0,3553689.4,17120657000.0,2834823.5
2022-06-13,16414626000.0,4588399.9,16424484000.0,4570470.0,16714306000.0,4043332.2,17147857000.0,3254776.9
2022-06-14,16446739000.0,4593089.3,16456612000.0,4577655.5,16746889000.0,4123900.0,17181118000.0,3445118.8
2022-06-15,16484490000.0,4668960.9,16494380000.0,4652221.3,16785148000.0,4160077.7,17220114000.0,3423870.9
2022-06-16,16515737000.0,4704207.8,16525646000.0,4685201.5,16816973000.0,4126417.5,17252775000.0,3290522.2
2022-06-17,16551587000.0,4670944.4,16561508000.0,4658670.7,16853196000.0,4297824.2,17289538000.0,3758027.4
2022-06-18,16586171000.0,4429496.6,16596109000.0,4412940.7,16888284000.0,3926197.6,17325354000.0,3198069.5
2022-06-19,16626117000.0,3890829.0,16636071000.0,3874550.0,16928725000.0,3395947.7,17366510000.0,2679997.7
2022-06-20,16659145000.0,4103969.1,16669116000.0,4086839.5,16962273000.0,3583229.9,17400812000.0,2829870.9
2022-06-21,16686153000.0,4593588.2,16696140000.0,4577507.7,16989770000.0,4104741.6,17429016000.0,3397522.1
2022-06-22,16719451000.0,4719052.4,16729459000.0,4698025.9,17023707000.0,4079848.0,17463878000.0,3155104.3
2022-06-23,16748416000.0,4761993.0,16758443000.0,4742914.6,17053252000.0,4182009.3,17494262000.0,3342940.9
2022-06-24,16768420000.0,4672955.5,16778466000.0,4654593.1,17073814000.0,4114739.4,17515632000.0,3307162.4
2022-06-25,16790056000.0,4409378.7,16800119000.0,4392507.3,17095963000.0,3896488.1,17538523000.0,3154484.0
2022-06-26,16841434000.0,3956675.5,16851514000.0,3938993.7,17147879000.0,3419148.2,17591216000.0,2641501.8
2022-06-27,16888090000.0,4045654.0,16898185000.0,4031614.0,17194962000.0,3618838.0,17638917000.0,3001358.8
2022-06-28,16943502000.0,4552654.4,16953615000.0,4534824.4,17250916000.0,4010621.8,17695655000.0,3226457.5
2022-06-29,17010304000.0,4651800.2,17020436000.0,4632753.4,17318297000.0,4072776.9,17763874000.0,3235097.7
2022-06-30,17064554000.0,4640792.3,17074702000.0,4623457.6,17373074000.0,4113816.8,17819413000.0,3351435.8
2022-07-01,17110072000.0,4476593.2,17120241000.0,4456679.0,17419198000.0,3871202.1,17866412000.0,2995376.4
2022-07-02,17156981000.0,4304784.3,17167169000.0,4285771.4,17466684000.0,3726792.5,17914735000.0,2890605.6
2022-07-03,17188026000.0,3907390.3,17198235000.0,3885653.6,17498390000.0,3246596.1,17947397000.0,2290618.2
2022-07-04,17217617000.0,4025128.0,17227844000.0,4007605.3,17528514000.0,3492437.9,17978291000.0,2721789.6
2022-07-05,17243133000.0,4489402.4,17253380000.0,4468722.3,17554658000.0,3860726.2,18005345000.0,2951213.6
2022-07-06,17269769000.0,4554223.9,17280035000.0,4534876.0,17581882000.0,3966047.7,18033420000.0,3115127.1
2022-07-07,17290850000.0,4598372.0,17301136000.0,4578903.2,17603556000.0,4006520.5,18055950000.0,3150282.6
2022-07-08,17309190000.0,4589841.0,17319495000.0,4570733.3,17622476000.0,4008968.1,18075711000.0,3168613.2
2022-07-09,17328295000.0,4432327.6,17338626000.0,4407638.7,17642332000.0,3681783.5,18096653000.0,2595963.5
2022-07-10,17349594000.0,4056580.8,17359944000.0,4036121.8,17664253000.0,3434626.9,18119473000.0,2534839.7
2022-07-11,17380608000.0,4498571.0,17390975000.0,4482386.8,17695759000.0,4006570.8,18151691000.0,3294788.8
2022-07-12,17402357000.0,4582881.5,17412742000.0,4564199.7,17718076000.0,4014955.4,18174829000.0,3193330.7
2022-07-13,17437855000.0,4600896.3,17448260000.0,4580642.0,17754189000.0,3985166.8,18211834000.0,3094384.4
2022-07-14,17460042000.0,4640458.4,17470466000.0,4621689.7,17776947000.0,4069888.4,18235416000.0,3244438.8
2022-07-15,17478164000.0,4644772.4,17488609000.0,4624182.4,17795695000.0,4018834.9,18255070000.0,3113284.5
2022-07-16,17502530000.0,4463506.8,17512995000.0,4444080.1,17820652000.0,3872935.7,18280882000.0,3018550.4
2022-07-17,17521350000.0,4065653.7,17531837000.0,4043507.2,17840145000.0,3392398.9,18301349000.0,2418394.1
2022-07-18,17536733000.0,4511981.3,17547243000.0,4489066.1,17856225000.0,3815358.3,18318436000.0,2807546.5
2022-07-19,17549159000.0,4590383.4,17559693000.0,4566010.0,17869392000.0,3849430.8,18332675000.0,2777486.9
2022-07-20,17561488000.0,4325631.4,17572042000.0,4304833.5,17882352000.0,3693374.7,18346550000.0,2778682.2
2022-07-21,17576567000.0,4596089.5,17587140000.0,4577020.5,17898011000.0,4016390.4,18363048000.0,3177733.6
2022-07-22,17590513000.0,4612586.4,17601104000.0,4595036.4,17912490000.0,4079066.4,18378299000.0,3307217.4
2022-07-23,17610008000.0,4405118.1,17620612000.0,4392544.9,17932368000.0,4022892.5,18398730000.0,3469922.8
2022-07-24,17633742000.0,4000433.1,17644364000.0,3982022.8,17956661000.0,3440758.8,18423833000.0,2631072.0
2022-07-25,17664974000.0,4492920.0,17675614000.0,4475859.4,17988413000.0,3974279.2,18456334000.0,3223956.3
2022-07-26,17700977000.0,4544505.3,17711634000.0,4527609.7,18024929000.0,4030879.6,18493594000.0,3287812.0
2022-07-27,17730302000.0,4553217.2,17740976000.0,4535197.2,18054801000.0,4005410.7,18524259000.0,3212893.3
2022-07-28,17794088000.0,4487429.7,17804779000.0,4470243.9,18119110000.0,3964983.2,18589323000.0,3209154.3
2022-07-29,17868501000.0,4617508.4,17879216000.0,4594263.6,18194230000.0,3910867.1,18665465000.0,2888561.7
2022-07-30,17904382000.0,4484782.2,17915121000.0,4461231.7,18230827000.0,3768845.8,18703098000.0,2733093.0
2022-07-31,17934772000.0,4061518.1,17945527000.0,4044511.8,18261734000.0,3544525.4,18734753000.0,2796586.6
2022-08-01,17991963000.0,4578808.4,18002738000.0,4559048.6,18319526000.0,3978112.3,18793414000.0,3109078.9
2022-08-02,18052275000.0,4554017.5,18063069000.0,4535657.8,18380396000.0,3995884.4,18855091000.0,3188427.4
2022-08-03,18093230000.0,4572070.0,18104043000.0,4551962.8,18421961000.0,3960810.2,18897541000.0,3076494.2
2022-08-04,18129070000.0,4646811.0,18139903000.0,4626898.4,18458407000.0,4041467.4,18934863000.0,3165710.4
2022-08-05,18193279000.0,4623241.0,18204130000.0,4605594.7,18523152000.0,4086792.6,19000384000.0,3310707.0
2022-08-06,18260737000.0,4375545.4,18271606000.0,4358047.6,18591143000.0,3843614.1,19069144000.0,3074063.5
2022-08-07,18302945000.0,4049858.4,18313838000.0,4026223.6,18634069000.0,3331361.0,19113110000.0,2291903.4
2022-08-08,18330161000.0,4646634.4,18341080000.0,4619956.5,18662096000.0,3835624.7,19142310000.0,2662328.5
2022-08-09,18358595000.0,4703118.7,18369534000.0,4682887.0,18691145000.0,4088076.8,19172249000.0,3198289.3
2022-08-10,18379992000.0,4690830.7,18390953000.0,4668958.4,18713207000.0,4025910.7,19195272000.0,3063963.9
2022-08-11,18398100000.0,4672788.2,18409083000.0,4650246.6,18732000000.0,3987523.2,19215057000.0,2996143.2
2022-08-12,18416901000.0,4682545.5,18427904000.0,4662607.9,18751407000.0,4076443.1,19235341000.0,3199588.3
2022-08-13,18438360000.0,4415989.6,18449380000.0,4398938.4,18773384000.0,3897633.4,19258068000.0,3147722.0
2022-08-14,18458549000.0,3979332.7,18469590000.0,3958910.0,18794194000.0,3358481.4,19279777000.0,2460289.3
2022-08-15,18500976000.0,4039385.9,18512036000.0,4020276.7,18837202000.0,3458465.6,19323625000.0,2618042.1
2022-08-16,18531786000.0,4526862.3,18542866000.0,4507551.8,18868600000.0,3939824.3,19355872000.0,3090550.3
2022-08-17,18550198000.0,4708180.3,18561303000.0,4682662.9,18887787000.0,3932454.0,19376181000.0,2810202.7
2022-08-18,18568711000.0,4782520.5,18579837000.0,4761251.8,18906947000.0,4135953.5,19396276000.0,3200558.3
2022-08-19,18587397000.0,4843066.1,18598547000.0,4818480.2,18926380000.0,4095652.0,19416791000.0,3014360.2
2022-08-20,18627351000.0,4574155.3,18638522000.0,4553986.5,18966948000.0,3961022.3,19458245000.0,3073996.2
2022-08-21,18646764000.0,4032682.9,18657951000.0,4016499.5,18986852000.0,3540706.3,19478862000.0,2828958.6
2022-08-22,18682839000.0,4541953.4,18694040000.0,4527409.9,19023369000.0,4099831.3,19516018000.0,3460208.6
2022-08-23,18708383000.0,4595450.4,18719605000.0,4575109.2,19049532000.0,3977077.0,19543075000.0,3082469.7
2022-08-24,18726094000.0,4684020.9,18737341000.0,4659410.7,19067991000.0,3935871.7,19562617000.0,2853516.4
2022-08-25,18742377000.0,4695576.0,18753644000.0,4675629.0,19084881000.0,4089189.0,19580384000.0,3211922.6
2022-08-26,18756390000.0,4664092.7,18767676000.0,4645380.1,19099463000.0,4095230.0,19595789000.0,3272250.3
2022-08-27,18776642000.0,4485642.7,18787945000.0,4467315.8,19120271000.0,3928505.6,19617403000.0,3122489.4
2022-08-28,18804358000.0,4093893.4,18815677000.0,4078054.4,19148469000.0,3612385.7,19646298000.0,2915783.4
2022-08-29,18851924000.0,4494106.2,18863264000.0,4474233.0,19196640000.0,3889960.0,19695343000.0,3015935.4
2022-08-30,18866048000.0,4664639.6,18877413000.0,4638783.4,19211549000.0,3878610.6,19711389000.0,2741454.0
2022-08-31,18895414000.0,4703367.9,18906799000.0,4683854.3,19241509000.0,4110153.0,19742207000.0,3251942.7
2022-09-01,18915054000.0,4675142.8,18926452000.0,4661951.8,19261550000.0,4274137.3,19762828000.0,3693998.4
2022-09-02,18935514000.0,4724072.6,18946931000.0,4704825.7,19282594000.0,4138967.1,19784719000.0,3292488.9
2022-09-03,18959794000.0,4564025.9,18971234000.0,4540959.0,19307576000.0,3862791.0,19810715000.0,2848306.9
2022-09-04,18980833000.0,4139972.3,18992292000.0,4120657.1,19329202000.0,3552792.0,19833190000.0,2703312.2
2022-09-05,18997669000.0,4692210.8,19009152000.0,4668803.4,19346750000.0,3980625.5,19851768000.0,2951167.6
2022-09-06,19016155000.0,4784672.0,19027660000.0,4762094.9,19365921000.0,4098328.1,19871933000.0,3105387.3
2022-09-07,19032818000.0,4791765.3,19044343000.0,4771722.8,19383194000.0,4182473.6,19890087000.0,3301004.9
2022-09-08,19057447000.0,4745683.2,19068993000.0,4725062.3,19408450000.0,4118809.0,19916250000.0,3211903.6
2022-09-09,19088682000.0,4771500.7,19100249000.0,4750542.8,19440322000.0,4134382.9,19949043000.0,3212658.0
2022-09-10,19108443000.0,4619943.5,19120032000.0,4597534.9,19460764000.0,3938721.5,19970471000.0,2953190.4
2022-09-11,19125267000.0,4105528.3,19136878000.0,4083445.3,19478259000.0,3434206.0,19988938000.0,2462997.0
2022-09-12,19158242000.0,4617485.3,19169871000.0,4599806.2,19511772000.0,4080041.0,20023227000.0,3302514.6
2022-09-13,19191662000.0,4647146.2,19203312000.0,4626211.8,19545828000.0,4010739.8,20058205000.0,3090044.1
2022-09-14,19230947000.0,4732057.0,19242615000.0,4714259.8,19585655000.0,4191020.3,20098814000.0,3408296.8
2022-09-15,19254893000.0,4785831.5,19266582000.0,4764869.0,19610238000.0,4148571.5,20124319000.0,3226640.8
2022-09-16,19318407000.0,4747866.4,19330117000.0,4726153.2,19674411000.0,4087783.6,20189447000.0,3132834.9
2022-09-17,19355115000.0,4496152.7,19366845000.0,4477584.5,19711685000.0,3931676.7,20227537000.0,3115043.3
2022-09-18,19402719000.0,4044725.3,19414466000.0,4027254.0,19759820000.0,3513600.2,20276441000.0,2745215.9
2022-09-19,19449157000.0,4482083.1,19460918000.0,4467535.7,19806699000.0,4039842.4,20323960000.0,3400048.2
2022-09-20,19483940000.0,4560952.2,19495719000.0,4543368.7,19842017000.0,4026412.6,20360051000.0,3253088.5
2022-09-21,19522347000.0,4632965.3,19534145000.0,4613726.6,19881009000.0,4048108.8,20399889000.0,3201990.8
2022-09-22,19558133000.0,4585290.6,19569948000.0,4569136.0,19917286000.0,4094191.3,20436877000.0,3383712.9
2022-09-23,19595003000.0,4631493.0,19606838000.0,4610763.3,19954787000.0,4001311.0,20475289000.0,3089620.1
2022-09-24,19638146000.0,4436963.2,19649997000.0,4420611.2,19998427000.0,3939864.8,20519648000.0,3220707.3
2022-09-25,19679160000.0,3985326.2,19691033000.0,3963964.7,20040090000.0,3335937.5,20562251000.0,2396460.1
2022-09-26,19708220000.0,4630971.2,19720116000.0,4608512.6,20069833000.0,3948231.6,20592982000.0,2960505.0
2022-09-27,19735762000.0,4689467.3,19747675000.0,4671177.9,20097931000.0,4133468.3,20621884000.0,3329098.7
2022-09-28,19780975000.0,4662657.6,19792904000.0,4646849.3,20143624000.0,4182086.5,20668273000.0,3486839.2
2022-09-29,19820592000.0,4639200.4,19832538000.0,4622843.8,20183738000.0,4141959.7,20709106000.0,3422596.5
2022-09-30,19852868000.0,4612502.9,19864829000.0,4597696.2,20216465000.0,4162378.0,20742484000.0,3511177.6
2022-10-01,19879486000.0,4252301.7,19891461000.0,4236857.7,20243552000.0,3782804.1,20770250000.0,3103577.0
2022-10-02,19899776000.0,3961780.5,19911774000.0,3939151.9,20264530000.0,3273871.6,20792223000.0,2278666.7
2022-10-03,19918218000.0,4657222.0,19930242000.0,4631896.6,20283742000.0,3887328.9,20812549000.0,2773516.5
2022-10-04,19938103000.0,4738377.1,19950143000.0,4722084.0,20304122000.0,4243068.9,20833646000.0,3526501.5
2022-10-05,19973892000.0,4612067.7,19985947000.0,4596829.6,20340374000.0,4148830.1,20870568000.0,3478659.3
2022-10-06,20002215000.0,4594936.1,20014288000.0,4576642.0,20369253000.0,4038794.8,20900252000.0,3234219.4
2022-10-07,20032065000.0,4514692.0,20044157000.0,4496646.0,20399652000.0,3966091.2,20931444000.0,3172424.6
2022-10-08,20083502000.0,4324350.6,20095609000.0,4309579.8,20451538000.0,3875316.5,20983980000.0,3225694.1
2022-10-09,20120901000.0,3954108.0,20133020000.0,3941551.6,20489319000.0,3572392.2,21022313000.0,3020160.0
2022-10-10,20144262000.0,4558253.2,20156402000.0,4536802.1,20513332000.0,3906137.7,21047269000.0,2962715.2
2022-10-11,20166738000.0,4687654.3,20178899000.0,4666641.9,20536447000.0,4048876.8,21071308000.0,3124750.5
2022-10-12,20187149000.0,4666651.6,20199329000.0,4648991.3,20557395000.0,4129776.4,21093033000.0,3353073.3
2022-10-13,20212369000.0,4586320.1,20224563000.0,4571003.2,20583080000.0,4120687.5,21119392000.0,3447052.0
2022-10-14,20237278000.0,4600887.3,20249489000.0,4584961.3,20608474000.0,4116735.7,21145486000.0,3416308.5
2022-10-15,20259372000.0,4427805.7,20271600000.0,4409979.5,20631109000.0,3885891.6,21168905000.0,3101898.9
2022-10-16,20280340000.0,3966440.8,20292587000.0,3947709.5,20652647000.0,3397008.9,21191267000.0,2573205.9
2022-10-17,20307899000.0,4027682.5,20320164000.0,4010118.5,20680740000.0,3493735.7,21220133000.0,2721269.3
2022-10-18,20334963000.0,4568722.2,20347244000.0,4552427.2,20708299000.0,4073354.8,21248408000.0,3356701.6
2022-10-19,20368907000.0,4614696.4,20381203000.0,4599188.8,20742715000.0,4143266.2,21283506000.0,3461243.3
2022-10-20,20410904000.0,4647294.7,20423214000.0,4634055.0,20785114000.0,4244807.3,21326488000.0,3662524.4
2022-10-21,20443784000.0,4662290.6,20456110000.0,4646387.9,20818478000.0,4178850.3,21360551000.0,3479452.2
2022-10-22,20474987000.0,4466102.5,20487328000.0,4450153.1,20850165000.0,3981239.6,21392940000.0,3279783.2
2022-10-23,20524889000.0,4037780.4,20537246000.0,4022202.6,20900541000.0,3564216.2,21444001000.0,2879105.9
2022-10-24,20568799000.0,4539609.6,20581171000.0,4524363.0,20944914000.0,4076111.2,21489044000.0,3405563.0
2022-10-25,20608589000.0,4565937.9,20620980000.0,4547125.1,20985276000.0,3994028.2,21530233000.0,3166640.3
2022-10-26,20644577000.0,4563492.8,20656981000.0,4551146.2,21021640000.0,4188155.5,21567140000.0,3645151.2
2022-10-27,20685568000.0,4603170.7,20697988000.0,4586933.0,21063125000.0,4109546.1,21609339000.0,3395414.3
2022-10-28,20763639000.0,4575469.6,20776072000.0,4561818.8,21141610000.0,4160485.9,21688425000.0,3560124.6
2022-10-29,20855351000.0,4369479.9,20867805000.0,4348827.8,21233950000.0,3741657.3,21781674000.0,2833379.7
2022-10-30,20910247000.0,4001152.7,20922722000.0,3979678.2,21289499000.0,3348325.8,21838166000.0,2403874.2
2022-10-31,20945907000.0,4493929.8,20958404000.0,4472145.2,21325821000.0,3831677.3,21875447000.0,2873589.7
2022-11-01,20975329000.0,4728609.4,20987848000.0,4706300.6,21355921000.0,4050422.5,21906528000.0,3069282.3
2022-11-02,20999251000.0,4783437.5,21011789000.0,4765368.8,21380393000.0,4234149.0,21931794000.0,3439487.6
2022-11-03,21027061000.0,4666373.5,21039615000.0,4649512.2,21408715000.0,4153791.2,21960858000.0,3412232.9
2022-11-04,21055632000.0,4649069.8,21068198000.0,4636668.6,21437663000.0,4272072.7,21990351000.0,3726667.1
2022-11-05,21089132000.0,4345662.0,21101713000.0,4330835.8,21471613000.0,3894944.4,22024954000.0,3242886.3
2022-11-06,21127966000.0,3837001.1,21140563000.0,3821426.9,21510922000.0,3363543.6,22064947000.0,2678587.7
2022-11-07,21166903000.0,4003413.0,21179516000.0,3987786.5,21550333000.0,3528366.8,22105046000.0,2841112.5
2022-11-08,21206552000.0,4519480.0,21219182000.0,4502175.3,21590508000.0,3993417.4,22145982000.0,3232357.1
2022-11-09,21275113000.0,4507237.7,21287759000.0,4491400.6,21659551000.0,4025789.3,22215721000.0,3329272.7
2022-11-10,21371979000.0,4562022.8,21384643000.0,4544303.5,21756956000.0,4023357.3,22313905000.0,3244064.2
2022-11-11,21428424000.0,4625880.1,21441104000.0,4610135.8,21813880000.0,4147253.4,22371522000.0,3454819.1
2022-11-12,21476749000.0,4402953.5,21489445000.0,4386265.4,21862711000.0,3895635.2,22421087000.0,3161692.6
2022-11-13,21539012000.0,3928480.1,21551723000.0,3912838.7,21925450000.0,3452983.3,22484514000.0,2765077.2
2022-11-14,21586120000.0,4071612.5,21598848000.0,4054628.0,21973074000.0,3555283.7,22532885000.0,2808305.4
2022-11-15,21631950000.0,4619232.5,21644696000.0,4601953.1,22019429000.0,4093940.5,22580000000.0,3333995.2
2022-11-16,21671968000.0,4701191.2,21684731000.0,4684239.5,22059963000.0,4185858.3,22621280000.0,3440320.8
2022-11-17,21702975000.0,4704545.5,21715755000.0,4687091.8,22091501000.0,4173953.9,22653585000.0,3406341.5
2022-11-18,21733502000.0,4640820.0,21746295000.0,4627856.4,22122421000.0,4246726.5,22685076000.0,3676587.4
2022-11-19,21765889000.0,4519863.8,21778700000.0,4502369.9,22155341000.0,3988051.0,22718764000.0,3218671.9
2022-11-20,21799815000.0,4165081.7,21812641000.0,4149868.9,22189729000.0,3702614.7,22753822000.0,3033558.8
2022-11-21,21831743000.0,4674189.6,21844585000.0,4658579.1,22222132000.0,4199629.5,22786911000.0,3513078.4
2022-11-22,21863424000.0,4751246.6,21876283000.0,4733799.6,22254343000.0,4220856.6,22819890000.0,3453535.8
2022-11-23,21907387000.0,4724593.3,21920262000.0,4708063.5,22298808000.0,4222088.6,22865081000.0,3495109.8
2022-11-24,21958271000.0,4715088.4,21971162000.0,4700213.4,22350145000.0,4262888.7,22917073000.0,3608686.6
2022-11-25,21993379000.0,4730580.4,22006288000.0,4712346.4,22385807000.0,4176265.0,22953536000.0,3374331.1
2022-11-26,22028360000.0,4546471.0,22041282000.0,4533810.9,22421173000.0,4161601.6,22989460000.0,3604806.9
2022-11-27,22056618000.0,4048819.1,22069556000.0,4032348.2,22449931000.0,3548104.6,23018942000.0,2823715.8
2022-11-28,22108364000.0,4583002.8,22121316000.0,4569060.3,22502101000.0,4159150.8,23071725000.0,3545959.7
2022-11-29,22153550000.0,4585551.9,22166516000.0,4571147.6,22547725000.0,4147662.4,23117982000.0,3514163.0
2022-11-30,22189523000.0,4595118.9,22202505000.0,4579037.7,22584187000.0,4106248.6,23155152000.0,3398994.8
2022-12-01,22215251000.0,4297266.6,22228256000.0,4275368.9,22610581000.0,3631575.9,23182509000.0,2668514.2
2022-12-02,22237596000.0,4328904.0,22250623000.0,4305762.2,22633629000.0,3625392.7,23206575000.0,2607615.5
2022-12-03,22258769000.0,4164273.1,22271818000.0,4142460.4,22655465000.0,3501167.0,23229370000.0,2541844.5
2022-12-04,22280405000.0,3823110.4,22293466000.0,3810910.4,22677472000.0,3452231.0,23251914000.0,2915675.9
2022-12-05,22304348000.0,4297720.2,22317426000.0,4281031.4,22701923000.0,3790378.3,23277098000.0,3056401.3
2022-12-06,22329481000.0,4354486.7,22342575000.0,4338799.3,22727533000.0,3877590.9,23303398000.0,3187660.8
2022-12-07,22348322000.0,4277274.9,22361435000.0,4257818.2,22746965000.0,3685790.9,23323686000.0,2830084.8
2022-12-08,22369366000.0,3889619.5,22382494000.0,3874804.6,22768459000.0,3439245.7,23345832000.0,2787685.1
2022-12-09,22390942000.0,4330952.5,22404086000.0,4315264.4,22790513000.0,3854033.1,23368575000.0,3164068.7
2022-12-10,22410094000.0,4203468.4,22423253000.0,4188646.8,22810115000.0,3752893.0,23388830000.0,3101040.8
2022-12-11,22429209000.0,3830980.7,22442384000.0,3814108.6,22829743000.0,3318066.5,23409199000.0,2576028.0
2022-12-12,22456400000.0,4311146.8,22469591000.0,4295301.1,22857416000.0,3829437.5,23437569000.0,3132543.6
2022-12-13,22478570000.0,4396435.6,22491778000.0,4379753.4,22880092000.0,3889295.2,23460980000.0,3155609.9
2022-12-14,22495146000.0,4425862.3,22508371000.0,4408277.6,22897203000.0,3891287.1,23478863000.0,3117911.6
2022-12-15,22510455000.0,4429360.5,22523701000.0,4408791.1,22913137000.0,3804051.3,23495703000.0,2899410.0
2022-12-16,22524881000.0,4458632.1,22538147000.0,4438942.6,22928162000.0,3860070.1,23511593000.0,2994124.1
2022-12-17,22538399000.0,4222082.8,22551684000.0,4203336.7,22942250000.0,3652200.5,23526506000.0,2827745.7
2022-12-18,22551556000.0,3886262.2,22564856000.0,3871126.3,22955867000.0,3426130.9,23540789000.0,2760454.0
2022-12-19,22567038000.0,4312028.4,22580359000.0,4291488.6,22971974000.0,3687620.3,23557798000.0,2784282.5
2022-12-20,22579906000.0,4374653.1,22593248000.0,4353523.7,22985484000.0,3732318.7,23572238000.0,2803046.8
2022-12-21,22590928000.0,4415550.0,22604287000.0,4397269.1,22997061000.0,3859811.8,23584619000.0,3055819.6
2022-12-22,22602819000.0,4437897.6,22616200000.0,4417117.7,23009585000.0,3806186.2,23598056000.0,2892282.7
2022-12-23,22615203000.0,4358037.3,22628603000.0,4338868.8,23022551000.0,3775314.9,23611866000.0,2932284.3
2022-12-24,22634852000.0,3914586.7,22648269000.0,3896393.5,23042753000.0,3361516.1,23632868000.0,2561383.1
2022-12-25,22645706000.0,3505581.8,22659143000.0,3486557.6,23054185000.0,2927246.1,23645137000.0,2090561.8
2022-12-26,22657330000.0,4113758.7,22670779000.0,4101075.2,23066195000.0,3728177.9,23657704000.0,3170354.1
2022-12-27,22676031000.0,4259020.1,22689491000.0,4248522.1,23085215000.0,3939880.3,23677186000.0,3478177.4
2022-12-28,22688682000.0,4279988.6,22702160000.0,4262414.5,23098401000.0,3745733.6,23691145000.0,2972821.1
2022-12-29,22699177000.0,4242400.0,22712673000.0,4224419.5,23109442000.0,3695791.0,23702977000.0,2905006.0
2022-12-30,22709879000.0,4128235.0,22723393000.0,4109391.3,23120716000.0,3555388.6,23715080000.0,2726645.8
2022-12-31,22721632000.0,3818504.5,22735165000.0,3800651.1,23133013000.0,3275760.5,23728162000.0,2490567.1
2023-01-01,22733582000.0,3415890.8,22747132000.0,3398338.8,23145496000.0,2882311.5,23741417000.0,2110376.7
2023-01-02,22748013000.0,3900270.8,22761581000.0,3881342.9,23160502000.0,3324863.6,23757255000.0,2492415.8
2023-01-03,22758547000.0,4089394.2,22772129000.0,4076173.2,23171438000.0,3687475.8,23768773000.0,3106016.2
2023-01-04,22777736000.0,4179216.5,22791340000.0,4157784.0,23191279000.0,3527670.0,23789556000.0,2585070.8
2023-01-05,22790639000.0,4198449.0,22804258000.0,4182977.7,23204652000.0,3728121.5,23803610000.0,3047693.7
2023-01-06,22804519000.0,4254530.0,22818151000.0,4241281.7,23218935000.0,3851781.6,23818476000.0,3269121.4
2023-01-07,22824883000.0,4089114.9,22838529000.0,4075123.6,23239724000.0,3663780.9,23839880000.0,3048445.7
2023-01-08,22842785000.0,3712453.2,22856446000.0,3697262.0,23258088000.0,3250638.3,23858912000.0,2582525.8
2023-01-09,22864228000.0,3798668.6,22877902000.0,3785682.4,23279926000.0,3403887.5,23881321000.0,2832753.6
2023-01-10,22894526000.0,4176310.3,22908212000.0,4165021.3,23310567000.0,3833126.5,23912459000.0,3336638.9
2023-01-11,22912954000.0,4285770.4,22926654000.0,4270798.3,23329450000.0,3830618.6,23932000000.0,3172145.6
2023-01-12,22930454000.0,4294256.4,22944170000.0,4279041.7,23347413000.0,3831730.1,23950632000.0,3162588.5
2023-01-13,22946584000.0,4388722.7,22960318000.0,4370278.0,23364104000.0,3828005.0,23968134000.0,3016808.8
2023-01-14,22959889000.0,4203480.1,22973640000.0,4186119.2,23377936000.0,3675710.2,23982730000.0,2912180.0
2023-01-15,22973719000.0,3810215.8,22987491000.0,3790696.3,23392360000.0,3216823.0,23998012000.0,2358355.4
2023-01-16,22985286000.0,4280332.8,22999077000.0,4260692.8,23404524000.0,3683276.5,24011040000.0,2819508.8
2023-01-17,22997541000.0,4363859.3,23011349000.0,4347092.9,23417289000.0,3854158.0,24024542000.0,3116767.8
2023-01-18,23015025000.0,4353546.5,23028849000.0,4337197.4,23435269000.0,3856531.2,24043242000.0,3137493.8
2023-01-19,23027993000.0,4381829.2,23041838000.0,4360793.4,23448877000.0,3742340.3,24057774000.0,2817184.9
2023-01-20,23039291000.0,4377439.0,23053156000.0,4356857.2,23460801000.0,3751750.5,24070603000.0,2846560.3
2023-01-21,23049677000.0,4182600.3,23063562000.0,4163088.6,23471780000.0,3589444.6,24082440000.0,2731320.1
2023-01-22,23062151000.0,3830976.5,23076050000.0,3816713.8,23484687000.0,3397390.7,24095975000.0,2770117.6
2023-01-23,23071815000.0,4362662.3,23085735000.0,4341902.6,23494982000.0,3731567.5,24107183000.0,2818555.9
2023-01-24,23080491000.0,4445678.6,23094431000.0,4425727.0,23504265000.0,3839149.4,24117343000.0,2961677.1
2023-01-25,23088245000.0,4482622.1,23102208000.0,4459963.5,23512708000.0,3793800.3,24126783000.0,2797274.7
2023-01-26,23095973000.0,4483093.1,23109959000.0,4460353.8,23521128000.0,3791817.2,24136203000.0,2791741.0
2023-01-27,23104218000.0,4458124.0,23118229000.0,4432017.0,23530165000.0,3664471.5,24146389000.0,2516286.1
2023-01-28,23112606000.0,4241456.8,23126644000.0,4215131.0,23539354000.0,3441153.1,24156736000.0,2283345.3
2023-01-29,23119889000.0,3835575.8,23133952000.0,3810087.7,23547412000.0,3060738.7,24165914000.0,1939773.9
2023-01-30,23127125000.0,4359601.8,23141212000.0,4335917.1,23555369000.0,3639586.9,24174912000.0,2597933.8
2023-01-31,23133463000.0,4415974.9,23147576000.0,4390246.2,23562489000.0,3633822.7,24183164000.0,2502274.9
2023-02-01,23140398000.0,4475021.5,23154535000.0,4450006.1,23570183000.0,3714553.9,24191959000.0,2614377.5
2023-02-02,23146217000.0,4453748.3,23160379000.0,4430194.7,23576719000.0,3737717.1,24199530000.0,2701827.1
2023-02-03,23152259000.0,4496063.4,23166439000.0,4477296.6,23583331000.0,3925552.7,24206968000.0,3100188.9
2023-02-04,23160046000.0,4306213.3,23174241000.0,4290612.9,23591592000.0,3831961.5,24215915000.0,3145856.3
2023-02-05,23166961000.0,3889257.0,23181180000.0,3865605.1,23599226000.0,3170238.0,24224589000.0,2130025.7
2023-02-06,23172930000.0,4481193.0,23187166000.0,4464431.2,23605705000.0,3971634.0,24231806000.0,3234449.6
2023-02-07,23181218000.0,4563220.2,23195475000.0,4541759.7,23614645000.0,3910820.1,24241689000.0,2966986.0
2023-02-08,23186870000.0,4547893.4,23201148000.0,4526976.5,23620933000.0,3912020.5,24248897000.0,2992096.6
2023-02-09,23196303000.0,4594864.1,23210601000.0,4576185.4,23630935000.0,4027032.8,24259720000.0,3205545.4
2023-02-10,23203435000.0,4599246.9,23217750000.0,4581022.2,23638620000.0,4045216.0,24268207000.0,3243693.7
2023-02-11,23212197000.0,4431685.2,23226526000.0,4418290.2,23647789000.0,4024479.0,24277966000.0,3435369.5
2023-02-12,23220791000.0,4046172.5,23235133000.0,4032993.6,23656784000.0,3645534.5,24287540000.0,3065927.4
2023-02-13,23233935000.0,4506683.1,23248290000.0,4492800.2,23670350000.0,4084645.0,24301716000.0,3474078.2
2023-02-14,23242137000.0,4575908.4,23256511000.0,4558392.0,23679085000.0,4043408.1,24311221000.0,3273034.1
2023-02-15,23268223000.0,4596300.5,23282613000.0,4578941.5,23705698000.0,4068589.9,24338598000.0,3305145.5
2023-02-16,23279002000.0,4567742.6,23293404000.0,4556425.6,23716821000.0,4223705.2,24350219000.0,3725982.7
2023-02-17,23287822000.0,4550753.7,23302244000.0,4530810.3,23726247000.0,3944473.5,24360522000.0,3067361.4
2023-02-18,23295878000.0,4322193.0,23310323000.0,4299204.9,23735002000.0,3623353.0,24370288000.0,2612333.7
2023-02-19,23304479000.0,3880691.0,23318946000.0,3859382.9,23744252000.0,3232926.5,24380475000.0,2295798.9
2023-02-20,23315308000.0,4391447.2,23329793000.0,4373512.6,23755626000.0,3846237.1,24392638000.0,3057476.1
2023-02-21,23323604000.0,4438997.4,23338103000.0,4423660.2,23764387000.0,3972748.3,24402074000.0,3298220.9
2023-02-22,23332572000.0,4455205.2,23347084000.0,4442700.3,23773735000.0,4075054.4,24411972000.0,3525086.3
2023-02-23,23341058000.0,4503325.9,23355593000.0,4479621.7,23782942000.0,3782718.2,24422221000.0,2740207.5
2023-02-24,23345893000.0,4535337.2,23360450000.0,4514229.6,23788419000.0,3893666.7,24428626000.0,2965355.4
2023-02-25,23350216000.0,4364893.6,23364796000.0,4341779.1,23793444000.0,3662212.2,24434668000.0,2645635.6
2023-02-26,23356629000.0,3955116.7,23371229000.0,3934557.5,23800483000.0,3330115.8,24442611000.0,2425920.4
2023-02-27,23362876000.0,4518219.5,23377497000.0,4497691.1,23807354000.0,3894155.3,24450384000.0,2991314.9
2023-02-28,23375859000.0,4595991.6,23390503000.0,4572785.4,23821043000.0,3890524.0,24465094000.0,2869916.6
2023-03-01,23384221000.0,4438998.5,23398886000.0,4419076.5,23830010000.0,3833370.3,24474938000.0,2957201.6
2023-03-02,23390172000.0,4480249.6,23404856000.0,4461032.7,23836545000.0,3896057.0,24482318000.0,3050899.5
2023-03-03,23399183000.0,4506716.5,23413884000.0,4488679.8,23846104000.0,3958400.2,24492670000.0,3165145.3
2023-03-04,23415539000.0,4311401.2,23430259000.0,4292709.2,23863028000.0,3743166.8,24510416000.0,2921096.1
2023-03-05,23427155000.0,3851075.2,23441888000.0,3837976.7,23875043000.0,3452879.6,24523007000.0,2876805.8
2023-03-06,23457342000.0,4373363.6,23472094000.0,4354667.8,23905798000.0,3805010.6,24554584000.0,2982768.5
2023-03-07,23470267000.0,4401153.2,23485032000.0,4388130.8,23919119000.0,4005269.5,24568478000.0,3432540.4
2023-03-08,23492551000.0,4360004.2,23507326000.0,4349657.5,23941718000.0,4045464.6,24591532000.0,3590416.7
2023-03-09,23514162000.0,4288780.9,23528949000.0,4277179.2,23963681000.0,3936088.6,24614006000.0,3425845.0
2023-03-10,23525421000.0,4309571.8,23540223000.0,4294804.4,23975390000.0,3860644.3,24626363000.0,3211176.3
2023-03-11,23546833000.0,4125587.3,23561645000.0,4115437.2,23997110000.0,3817023.1,24648530000.0,3370619.9
2023-03-12,23570488000.0,3767118.6,23585315000.0,3752009.6,24021224000.0,3307805.3,24673309000.0,2643312.0
2023-03-13,23615625000.0,4246234.8,23630465000.0,4233687.7,24066743000.0,3864803.5,24719379000.0,3312983.0
2023-03-14,23643834000.0,4315705.2,23658688000.0,4301274.8,24095390000.0,3877021.4,24748661000.0,3242372.8
2023-03-15,23669528000.0,4295970.4,23684392000.0,4286595.5,24121370000.0,4010975.8,24775053000.0,3598671.2
2023-03-16,23689266000.0,4318830.6,23704147000.0,4301387.4,24141638000.0,3788559.1,24796088000.0,3021409.8
2023-03-17,23716609000.0,4340225.8,23731506000.0,4323991.6,24169474000.0,3846707.9,24824639000.0,3132730.4
2023-03-18,23743383000.0,4196617.2,23758295000.0,4181320.2,24196713000.0,3731589.3,24852551000.0,3058828.6
2023-03-19,23763381000.0,3783627.8,23778314000.0,3762251.5,24217361000.0,3133788.6,24874138000.0,2193659.4
2023-03-20,23777807000.0,3922919.8,23792762000.0,3901437.8,24232440000.0,3269867.6,24890162000.0,2325090.1
2023-03-21,23789313000.0,4411982.0,23804291000.0,4389397.1,24244633000.0,3725401.0,24903348000.0,2732117.1
2023-03-22,23800587000.0,4436705.3,23815585000.0,4415566.5,24256549000.0,3794086.4,24916194000.0,2864402.8
2023-03-23,23815239000.0,4438061.3,23830254000.0,4422207.4,24271683000.0,3956103.0,24932026000.0,3258848.9
2023-03-24,23827497000.0,4480061.7,23842528000.0,4463457.9,24284446000.0,3975304.4,24945519000.0,3245066.6
2023-03-25,23850545000.0,4278049.9,23865591000.0,4263299.3,24307942000.0,3829632.3,24969664000.0,3180901.7
2023-03-26,23864524000.0,3905739.7,23879585000.0,3890817.1,24322375000.0,3452093.6,24984753000.0,2795798.9
2023-03-27,23879936000.0,4372993.9,23895013000.0,4356962.9,24338274000.0,3885653.0,25001357000.0,3180611.8
2023-03-28,23904413000.0,4436423.2,23919512000.0,4414008.0,24363432000.0,3754999.6,25027501000.0,2769176.9
2023-03-29,23918767000.0,4432018.0,23933883000.0,4415157.9,24378299000.0,3919471.3,25043109000.0,3177964.5
2023-03-30,23931666000.0,4444090.5,23946800000.0,4426126.0,24391744000.0,3897967.6,25057344000.0,3107885.8
2023-03-31,23949941000.0,4452547.0,23965090000.0,4437211.4,24410486000.0,3986345.3,25076760000.0,3311886.5
2023-04-01,23966139000.0,4304174.8,23981305000.0,4287122.9,24427202000.0,3785794.9,25094226000.0,3035849.3
2023-04-02,23994153000.0,3912288.0,24009334000.0,3898074.8,24455648000.0,3480207.9,25123298000.0,2855113.1
2023-04-03,24009306000.0,4396329.8,24024510000.0,4373650.5,24471491000.0,3706879.6,25140138000.0,2709444.9
2023-04-04,24020705000.0,4460768.1,24035926000.0,4443595.2,24483412000.0,3938712.9,25152814000.0,3183450.0
2023-04-05,24032218000.0,4380816.8,24047459000.0,4360785.6,24495534000.0,3771868.9,25165817000.0,2890897.6
2023-04-06,24044289000.0,3772074.3,24059544000.0,3757308.1,24508053000.0,3323182.4,25178986000.0,2673765.8
2023-04-07,24058740000.0,3545651.0,24074012000.0,3529196.1,24523004000.0,3045422.7,25194661000.0,2321737.0
2023-04-08,24077833000.0,3832099.7,24093124000.0,3812889.0,24542681000.0,3248096.8,25215183000.0,2403213.8
2023-04-09,24088652000.0,3824655.4,24103965000.0,3802683.5,24554169000.0,3156712.0,25227636000.0,2190391.4
2023-04-10,24097895000.0,4414216.6,24113226000.0,4395562.9,24563978000.0,3847144.1,25238266000.0,3026754.4
2023-04-11,24110759000.0,4492377.9,24126107000.0,4475969.0,24577341000.0,3993548.6,25252351000.0,3271886.9
2023-04-12,24123486000.0,4497555.6,24138851000.0,4480003.6,24590602000.0,3963976.3,25266383000.0,3192041.5
2023-04-13,24131468000.0,4522053.6,24146851000.0,4504709.5,24599111000.0,3994793.5,25275656000.0,3232000.9
2023-04-14,24140001000.0,4589844.7,24155398000.0,4576312.9,24608056000.0,4178477.1,25285195000.0,3583347.2
2023-04-15,24149318000.0,4382495.3,24164733000.0,4364047.5,24617934000.0,3821682.8,25295885000.0,3010349.4
2023-04-16,24163678000.0,3866188.8,24179107000.0,3852302.5,24632716000.0,3444044.1,25311278000.0,2833322.9
2023-04-17,24177692000.0,4323884.0,24193138000.0,4306911.5,24647246000.0,3807922.7,25326554000.0,3061476.1
2023-04-18,24203592000.0,4462683.5,24219053000.0,4446942.8,24673624000.0,3984163.5,25353624000.0,3291883.6
2023-04-19,24219779000.0,4501395.6,24235262000.0,4480036.9,24690461000.0,3852089.9,25371400000.0,2912732.5
2023-04-20,24239794000.0,4531717.7,24255290000.0,4518371.1,24710881000.0,4125981.6,25392408000.0,3538999.0
2023-04-21,24258572000.0,4450094.7,24274083000.0,4435315.3,24730108000.0,4000799.8,25412285000.0,3350800.0
2023-04-22,24278495000.0,4254790.1,24294021000.0,4239995.8,24750481000.0,3805044.6,25433308000.0,3154393.0
2023-04-23,24299568000.0,3854987.8,24315114000.0,3835181.2,24772157000.0,3252868.9,25455855000.0,2381777.3
2023-04-24,24326410000.0,4365402.1,24341974000.0,4346785.0,24799564000.0,3799444.1,25484081000.0,2980666.6
2023-04-25,24345276000.0,4478588.9,24360859000.0,4460091.6,24818992000.0,3916270.7,25504323000.0,3102759.0
2023-04-26,24365917000.0,4505772.8,24381519000.0,4486886.2,24840208000.0,3931622.2,25526369000.0,3100992.6
2023-04-27,24382649000.0,4550299.8,24398269000.0,4531761.5,24857504000.0,3986736.7,25544480000.0,3171424.0
2023-04-28,24419630000.0,4534749.5,24435272000.0,4512673.9,24895156000.0,3863652.4,25583103000.0,2892769.3
2023-04-29,24440558000.0,4341854.4,24456217000.0,4325539.2,24916580000.0,3845870.5,25605245000.0,3128325.4
2023-04-30,24462717000.0,3842771.6,24478393000.0,3825160.8,24939274000.0,3307402.1,25628713000.0,2532877.3
2023-05-01,24480200000.0,3791002.3,24495903000.0,3764082.2,24957575000.0,2972630.1,25648199000.0,1788682.3
2023-05-02,24493151000.0,4402584.9,24508881000.0,4375179.6,24971359000.0,3569463.8,25663188000.0,2364178.7
2023-05-03,24504435000.0,4522586.3,24520193000.0,4495461.0,24983468000.0,3697977.7,25676490000.0,2505007.9
2023-05-04,24514906000.0,4559729.4,24530692000.0,4531251.6,24994804000.0,3694004.3,25689079000.0,2441550.6
2023-05-05,24523840000.0,4654875.9,24539651000.0,4630215.0,25004488000.0,3905185.4,25699847000.0,2820600.4
2023-05-06,24533266000.0,4408650.5,24549098000.0,4387500.8,25014557000.0,3765699.7,25710846000.0,2835535.8
2023-05-07,24544370000.0,3945721.1,24560227000.0,3920846.1,25026418000.0,3189521.7,25723801000.0,2095520.1
2023-05-08,24554417000.0,4456737.7,24570299000.0,4432022.6,25037216000.0,3705399.3,25735686000.0,2618430.1
2023-05-09,24563177000.0,4558268.1,24579081000.0,4536513.5,25046638000.0,3896928.6,25746064000.0,2940161.7
2023-05-10,24571830000.0,4454411.9,24587744000.0,4443307.0,25055627000.0,4116824.1,25755542000.0,3628432.4
2023-05-11,24580772000.0,4511337.4,24596708000.0,4489584.8,25065231000.0,3850057.1,25766103000.0,2893376.0
2023-05-12,24592524000.0,4558934.1,24608478000.0,4540671.9,25077538000.0,4003765.0,25779213000.0,3200596.1
2023-05-13,24603386000.0,4384614.3,24619358000.0,4367055.7,25088934000.0,3850833.4,25791382000.0,3078607.1
2023-05-14,24613001000.0,3903034.8,24628991000.0,3885608.4,25099079000.0,3373273.2,25802293000.0,2606861.4
2023-05-15,24621490000.0,4390194.0,24637489000.0,4381301.3,25107838000.0,4119853.5,25811443000.0,3728749.1
2023-05-16,24632642000.0,4433600.1,24648658000.0,4415677.6,25119535000.0,3888757.6,25823928000.0,3100528.2
2023-05-17,24661094000.0,4395696.8,24677129000.0,4377276.3,25148547000.0,3835714.2,25853750000.0,3025581.4
2023-05-18,24674978000.0,4548228.3,24691039000.0,4521773.0,25163235000.0,3743988.4,25869602000.0,2580486.0
2023-05-19,24690287000.0,4602344.3,24706367000.0,4583778.8,25179109000.0,4037951.3,25886292000.0,3221438.0
2023-05-20,24708316000.0,4310899.7,24724412000.0,4294529.9,25197635000.0,3813256.0,25905538000.0,3093309.5
2023-05-21,24725613000.0,3783504.1,24741718000.0,3773660.1,25215231000.0,3484246.8,25923567000.0,3051308.1
2023-05-22,24744076000.0,3802855.1,24760198000.0,3786342.1,25234196000.0,3300860.2,25943258000.0,2574618.9
2023-05-23,24788087000.0,4318554.3,24804226000.0,4302566.7,25278694000.0,3832529.5,25988459000.0,3129392.2
2023-05-24,24827714000.0,4423013.3,24843869000.0,4405808.8,25318843000.0,3899997.7,26029365000.0,3143345.5
2023-05-25,24860496000.0,4386412.1,24876667000.0,4370238.8,25352117000.0,3894743.8,26063350000.0,3183442.0
2023-05-26,24904300000.0,4362368.6,24920489000.0,4345847.4,25396424000.0,3860124.7,26108384000.0,3133523.2
2023-05-27,24933539000.0,4181401.3,24949750000.0,4158243.9,25426366000.0,3477415.8,26139344000.0,2458952.4
2023-05-28,24986271000.0,3796035.4,25002502000.0,3776599.4,25479689000.0,3205179.8,26193522000.0,2350382.7
2023-05-29,25032626000.0,4303323.8,25048879000.0,4281033.7,25526722000.0,3625705.9,26241535000.0,2645389.1
2023-05-30,25084625000.0,4343184.7,25100897000.0,4324466.7,25579290000.0,3774156.0,26294927000.0,2950936.2
2023-05-31,25128636000.0,4384974.2,25144930000.0,4362143.2,25623994000.0,3690912.1,26340635000.0,2686805.2
2023-06-01,25176593000.0,4360176.1,25192903000.0,4344694.7,25672422000.0,3889540.3,26389744000.0,3208666.6
2023-06-02,25204693000.0,4410636.0,25221024000.0,4390107.6,25701147000.0,3786571.7,26419372000.0,2883731.4
2023-06-03,25227784000.0,4314932.3,25244138000.0,4291204.7,25724959000.0,3593613.2,26444227000.0,2550073.4
2023-06-04,25248610000.0,3820495.8,25264981000.0,3804195.3,25746281000.0,3324962.4,26466266000.0,2608069.1
2023-06-05,25266196000.0,4325571.6,25282586000.0,4305937.1,25764463000.0,3728681.3,26485311000.0,2865153.8
2023-06-06,25291177000.0,4459254.4,25307588000.0,4438748.6,25790068000.0,3835877.8,26511818000.0,2934032.3
2023-06-07,25308668000.0,4533608.4,25325102000.0,4510383.5,25808265000.0,3827571.8,26531037000.0,2806141.1
2023-06-08,25329862000.0,4404266.7,25346312000.0,4388055.1,25829951000.0,3911436.5,26553436000.0,3198453.8
2023-06-09,25364337000.0,4429298.6,25380808000.0,4408056.0,25865072000.0,3783526.0,26589491000.0,2849279.9
2023-06-10,25382142000.0,4252269.5,25398631000.0,4234887.2,25883406000.0,3723847.6,26608589000.0,2959374.1
2023-06-11,25419102000.0,3849844.7,25435615000.0,3825161.6,25921116000.0,3099478.5,26647385000.0,2013915.7
2023-06-12,25436517000.0,3999506.9,25453055000.0,3975213.8,25939270000.0,3260996.7,26666607000.0,2192586.2
2023-06-13,25449831000.0,4505371.7,25466395000.0,4478910.2,25953388000.0,3700942.1,26681889000.0,2537165.3
2023-06-14,25462102000.0,4556214.9,25478684000.0,4537859.9,25966217000.0,3998224.1,26695525000.0,3190973.0
2023-06-15,25471652000.0,4493887.8,25488257000.0,4472359.0,25976422000.0,3839412.9,26706677000.0,2892577.1
2023-06-16,25484999000.0,4475535.2,25501625000.0,4454531.4,25990407000.0,3837018.5,26721587000.0,2913269.6
2023-06-17,25495840000.0,4201456.7,25512485000.0,4181803.4,26001845000.0,3603997.3,26733889000.0,2739646.4
2023-06-18,25506371000.0,3785716.4,25523041000.0,3760293.8,26013149000.0,3012871.1,26746311000.0,1894787.8
2023-06-19,25516399000.0,3968343.4,25533097000.0,3940546.9,26024023000.0,3123330.7,26758407000.0,1900842.0
2023-06-20,25523993000.0,4555480.0,25540717000.0,4529447.1,26032408000.0,3764080.1,26767937000.0,2619153.6
2023-06-21,25532936000.0,4653123.7,25549682000.0,4631377.7,26042011000.0,3992045.0,26778497000.0,3035655.5
2023-06-22,25543664000.0,4629016.2,25560429000.0,4610034.1,26053317000.0,4051960.9,26790637000.0,3217129.0
2023-06-23,25559989000.0,4562457.7,25576773000.0,4543894.9,26070206000.0,3998147.7,26808343000.0,3181754.4
2023-06-24,25577825000.0,4293547.5,25594626000.0,4276547.8,26088559000.0,3776756.4,26827443000.0,3029109.1
2023-06-25,25609298000.0,3859839.3,25626115000.0,3843667.2,26120523000.0,3368206.5,26860119000.0,2656956.3
2023-06-26,25644681000.0,4282548.5,25661514000.0,4266432.6,26156396000.0,3792623.0,26896701000.0,3083842.7
2023-06-27,25660361000.0,4416331.6,25677213000.0,4396417.5,26172682000.0,3810940.6,26913862000.0,2935114.9
2023-06-28,25676910000.0,4498025.0,25693784000.0,4477618.2,26189852000.0,3877659.8,26931929000.0,2980170.9
2023-06-29,25688803000.0,4578824.6,25705703000.0,4552712.2,26202538000.0,3785006.2,26945764000.0,2636580.6
2023-06-30,25700563000.0,4555635.1,25717483000.0,4535075.1,26214923000.0,3930610.5,26959053000.0,3026380.8
2023-07-01,25711206000.0,4229384.5,25728147000.0,4208181.4,26226211000.0,3584809.4,26971274000.0,2652295.7
2023-07-02,25722678000.0,3682842.8,25739636000.0,3665762.7,26238202000.0,3163609.2,26984016000.0,2412428.6
2023-07-03,25735993000.0,3758507.5,25752970000.0,3740294.9,26252071000.0,3204844.2,26998686000.0,2403853.6
2023-07-04,25756489000.0,4244775.6,25773480000.0,4229668.5,26273026000.0,3785521.6,27020305000.0,3121113.9
2023-07-05,25769397000.0,4339228.8,25786410000.0,4317404.0,26286597000.0,3675755.1,27034836000.0,2715900.9
2023-07-06,25787701000.0,4327485.2,25804734000.0,4308219.6,26305487000.0,3741810.7,27054574000.0,2894509.2
2023-07-07,25818276000.0,4306952.8,25835327000.0,4288469.6,26336624000.0,3745061.4,27086523000.0,2932167.2
2023-07-08,25851955000.0,4119347.8,25869026000.0,4099652.4,26370902000.0,3520607.9,27121667000.0,2654404.6
2023-07-09,25876658000.0,3786655.1,25893753000.0,3762357.3,26396343000.0,3048002.6,27148178000.0,1979386.3
2023-07-10,25897844000.0,4313288.4,25914962000.0,4290124.4,26418234000.0,3609101.3,27171087000.0,2590346.4
2023-07-11,25911687000.0,4411148.1,25928828000.0,4387772.3,26432787000.0,3700523.2,27186668000.0,2672454.6
2023-07-12,25922372000.0,4357753.3,25939538000.0,4333223.5,26444218000.0,3612046.5,27199177000.0,2533224.6
2023-07-13,25932591000.0,4470555.0,25949781000.0,4445859.4,26455187000.0,3719809.4,27211233000.0,2633697.8
2023-07-14,25946527000.0,4479159.1,25963738000.0,4458683.3,26469746000.0,3856695.3,27226692000.0,2956170.5
2023-07-15,25957631000.0,4245090.8,25974867000.0,4219993.9,26481613000.0,3482145.3,27239663000.0,2378384.1
2023-07-16,25968651000.0,3810036.7,25985911000.0,3786629.3,26493344000.0,3098451.4,27252424000.0,2068993.5
2023-07-17,26008096000.0,4326570.6,26025377000.0,4304511.8,26533460000.0,3655983.4,27293510000.0,2685837.8
2023-07-18,26023683000.0,4423133.0,26040987000.0,4400229.8,26549743000.0,3726877.5,27310800000.0,2719597.4
2023-07-19,26036524000.0,4461317.9,26053853000.0,4436720.6,26563332000.0,3713560.0,27325471000.0,2631770.8
2023-07-20,26048887000.0,4168733.6,26066244000.0,4140925.9,26576540000.0,3323377.1,27339902000.0,2100391.0
2023-07-21,26059268000.0,4497211.2,26076645000.0,4477737.7,26587514000.0,3905217.4,27351732000.0,3048773.7
2023-07-22,26069858000.0,4236305.8,26087255000.0,4215802.8,26598727000.0,3613012.2,27363847000.0,2711286.7
2023-07-23,26079202000.0,3871690.2,26096625000.0,3846204.9,26608846000.0,3096936.1,27375087000.0,1976091.3
2023-07-24,26088024000.0,4450068.4,26105471000.0,4425245.7,26618422000.0,3695457.7,27385755000.0,2603754.5
2023-07-25,26095378000.0,4527050.6,26112846000.0,4507163.3,26626381000.0,3922477.6,27394588000.0,3047835.4
2023-07-26,26107314000.0,4474212.3,26124792000.0,4463129.3,26638654000.0,4137288.5,27407348000.0,3649857.2
2023-07-27,26115893000.0,4454932.7,26133391000.0,4435403.8,26647826000.0,3861255.3,27417380000.0,3002376.1
2023-07-28,26132367000.0,4509682.6,26149888000.0,4486527.9,26665004000.0,3805780.0,27435576000.0,2787436.7
2023-07-29,26143128000.0,4350495.8,26160675000.0,4324858.8,26676545000.0,3571129.8,27448244000.0,2443612.8
2023-07-30,26152220000.0,3967102.9,26169789000.0,3944053.1,26686337000.0,3266389.6,27459050000.0,2252660.3
2023-07-31,26159269000.0,4382861.0,26176860000.0,4361010.9,26694050000.0,3718616.8,27467724000.0,2757647.6
2023-08-01,26166125000.0,4399290.7,26183739000.0,4376911.7,26701587000.0,3718969.7,27476245000.0,2734742.2
2023-08-02,26172600000.0,4460639.2,26190239000.0,4435974.8,26708812000.0,3710842.1,27484555000.0,2626102.6
2023-08-03,26179202000.0,4538484.5,26196865000.0,4513418.4,26716175000.0,3776475.6,27493021000.0,2674069.4
2023-08-04,26185641000.0,4566148.6,26203331000.0,4539639.1,26723420000.0,3760260.7,27501432000.0,2594374.2
2023-08-05,26191341000.0,4333955.6,26209058000.0,4307598.7,26729922000.0,3532703.4,27509093000.0,2373523.5
2023-08-06,26199772000.0,3920115.5,26217509000.0,3899815.6,26738970000.0,3302998.9,27519034000.0,2410209.7
2023-08-07,26204433000.0,3974404.6,26222188000.0,3956248.1,26744183000.0,3422448.5,27525045000.0,2623927.8
2023-08-08,26209751000.0,4486963.9,26227533000.0,4459777.0,26750328000.0,3660482.2,27532385000.0,2464802.3
2023-08-09,26215376000.0,4524369.1,26233177000.0,4505614.4,26756523000.0,3954225.9,27539405000.0,3129393.7
2023-08-10,26221040000.0,4488873.3,26238862000.0,4467712.3,26762830000.0,3845578.6,27546643000.0,2914917.4
2023-08-11,26228764000.0,4563535.5,26246609000.0,4540811.3,26771244000.0,3872721.9,27556057000.0,2873314.7
2023-08-12,26236792000.0,4365018.0,26254657000.0,4344342.6,26779901000.0,3736484.0,27565623000.0,2827177.3
2023-08-13,26251181000.0,3945109.7,26269064000.0,3927989.5,26794811000.0,3424655.0,27581286000.0,2671707.7
2023-08-14,26257716000.0,4387322.1,26275623000.0,4363255.6,26802077000.0,3655700.2,27589610000.0,2597255.1
2023-08-15,26268581000.0,4410959.2,26286510000.0,4388425.8,26813627000.0,3725943.3,27602151000.0,2734923.4
2023-08-16,26277610000.0,4420877.1,26295559000.0,4400541.7,26823274000.0,3802681.5,27612693000.0,2908331.5
2023-08-17,26285227000.0,4484778.3,26303199000.0,4461590.9,26831596000.0,3779879.9,27622034000.0,2760095.8
2023-08-18,26298993000.0,4518291.0,26316987000.0,4496842.5,26846014000.0,3866258.4,27637396000.0,2922956.0
2023-08-19,26307159000.0,4374974.8,26325173000.0,4355529.4,26854772000.0,3783834.7,27647008000.0,2928626.0
2023-08-20,26323726000.0,3865011.4,26341757000.0,3847044.9,26871884000.0,3318829.2,27664911000.0,2528661.7
2023-08-21,26348322000.0,3884450.4,26366369000.0,3869010.3,26896950000.0,3415071.4,27690656000.0,2736015.8
2023-08-22,26373884000.0,4205586.7,26391947000.0,4190279.2,26922978000.0,3740238.7,27717357000.0,3067014.8
2023-08-23,26397280000.0,4310748.6,26415361000.0,4291578.6,26946956000.0,3727978.8,27742178000.0,2884879.6
2023-08-24,26411568000.0,4392587.4,26429669000.0,4372777.0,26961846000.0,3790350.0,27757940000.0,2919086.9
2023-08-25,26423068000.0,4475560.2,26441193000.0,4451963.6,26974064000.0,3758224.8,27771195000.0,2720448.1
2023-08-26,26436436000.0,4276388.0,26454588000.0,4248684.4,26988274000.0,3434197.1,27786623000.0,2215790.6
2023-08-27,26445588000.0,3868395.4,26463766000.0,3842753.7,26998205000.0,3088887.1,27797683000.0,1961164.3
2023-08-28,26453168000.0,4439806.9,26471373000.0,4413078.7,27006598000.0,3627267.8,27807251000.0,2451758.9
2023-08-29,26464070000.0,4548328.2,26482299000.0,4524182.1,27018234000.0,3814287.6,27819949000.0,2752343.5
2023-08-30,26471790000.0,4625843.4,26490047000.0,4597826.2,27026805000.0,3774120.2,27829753000.0,2541923.3
2023-08-31,26478946000.0,4599415.9,26497225000.0,4576710.5,27034652000.0,3909171.4,27838597000.0,2910587.5
2023-09-01,26480475000.0,4606003.2,26498779000.0,4581264.8,27036933000.0,3853953.4,27841967000.0,2765955.1
2023-09-02,26483308000.0,4323729.6,26501622000.0,4314259.2,27040054000.0,4035830.3,27845504000.0,3619323.4
2023-09-03,26486076000.0,3832728.6,26504414000.0,3809432.3,27043531000.0,3124522.3,27850005000.0,2099952.8
2023-09-04,26491596000.0,4333444.4,26509956000.0,4310583.3,27049745000.0,3638469.4,27857225000.0,2633041.7
2023-09-05,26495195000.0,4510709.8,26513580000.0,4485376.1,27054114000.0,3740567.7,27862708000.0,2626395.1
2023-09-06,26497363000.0,4591503.9,26515776000.0,4564105.2,27057115000.0,3758584.3,27866914000.0,2553590.8
2023-09-07,26498533000.0,4588214.8,26516967000.0,4567287.8,27058922000.0,3952033.7,27869642000.0,3031663.8
2023-09-08,26497702000.0,4594865.1,26516157000.0,4574366.7,27058714000.0,3971713.8,27870335000.0,3070194.1
2023-09-09,26498564000.0,4317753.9,26517039000.0,4297292.9,27060198000.0,3695740.7,27872719000.0,2795867.7
2023-09-10,26500222000.0,3821978.0,26518718000.0,3801359.9,27062483000.0,3195186.8,27875911000.0,2288401.5
2023-09-11,26510003000.0,4413121.5,26528525000.0,4386427.5,27073075000.0,3601625.7,27887677000.0,2427626.2
2023-09-12,26525756000.0,4553228.5,26544302000.0,4529758.3,27089542000.0,3839734.4,27905176000.0,2807515.0
2023-09-13,26534821000.0,4537350.0,26553389000.0,4514421.9,27099303000.0,3840335.7,27915946000.0,2831957.9
2023-09-14,26544665000.0,4552724.4,26563256000.0,4529600.5,27109850000.0,3849758.4,27927510000.0,2832770.2
2023-09-15,26548145000.0,4479896.6,26566758000.0,4458582.0,27113979000.0,3831930.7,27932576000.0,2894511.5
2023-09-16,26551178000.0,4256645.5,26569815000.0,4232323.5,27117750000.0,3517257.9,27937417000.0,2447578.1
2023-09-17,26556506000.0,3877977.3,26575162000.0,3859290.8,27123646000.0,3309908.9,27944135000.0,2488078.4
2023-09-18,26559312000.0,4346346.1,26577990000.0,4324176.2,27127126000.0,3672380.0,27948590000.0,2697346.0
2023-09-19,26560015000.0,4471529.7,26578718000.0,4446851.3,27128580000.0,3721305.7,27951129000.0,2635948.8
2023-09-20,26559973000.0,4519315.2,26578698000.0,4497219.0,27129210000.0,3847589.8,27952730000.0,2875797.6
2023-09-21,26560505000.0,4585258.8,26579257000.0,4558031.4,27130570000.0,3757544.0,27955288000.0,2560080.4
2023-09-22,26561824000.0,4606299.5,26580601000.0,4582128.1,27132624000.0,3871488.4,27958405000.0,2808429.3
2023-09-23,26564591000.0,4301509.6,26583391000.0,4277143.6,27136130000.0,3560782.3,27962983000.0,2489164.3
2023-09-24,26566332000.0,3911529.0,26585154000.0,3890125.4,27138523000.0,3260859.8,27966317000.0,2319529.9
2023-09-25,26569233000.0,4477332.4,26588078000.0,4454558.8,27142116000.0,3785013.2,27970911000.0,2783427.6
2023-09-26,26573835000.0,4532816.3,26592699000.0,4513336.2,27147310000.0,3940620.9,27976962000.0,3083885.7
2023-09-27,26575873000.0,4580742.1,26594755000.0,4563097.8,27149885000.0,4044353.0,27980313000.0,3268353.1
2023-09-28,26577323000.0,4521952.7,26596227000.0,4500803.0,27151978000.0,3879001.9,27983337000.0,2948838.1
2023-09-29,26578680000.0,4527925.7,26597607000.0,4504352.6,27154052000.0,3811301.7,27986447000.0,2774554.1
2023-09-30,26580986000.0,4390192.8,26599938000.0,4364676.7,27157133000.0,3614502.2,27990650000.0,2492302.3
2023-10-01,26589798000.0,3973850.4,26608773000.0,3951302.9,27166630000.0,3288407.6,28001140000.0,2296770.3
2023-10-02,26596085000.0,4494093.2,26615080000.0,4474698.5,27173507000.0,3904494.3,28008869000.0,3051515.4
2023-10-03,26602701000.0,4501387.9,26621714000.0,4482894.5,27180685000.0,3939188.2,28016861000.0,3125848.1
2023-10-04,26609505000.0,4392123.6,26628529000.0,4380133.4,27187853000.0,4027622.7,28024556000.0,3500295.5
2023-10-05,26617480000.0,4455951.0,26636520000.0,4440580.0,27196296000.0,3988670.5,28033675000.0,3312650.8
2023-10-06,26624788000.0,4443118.0,26643845000.0,4426096.8,27204121000.0,3925674.7,28042248000.0,3177084.1
2023-10-07,26639542000.0,4278839.0,26658620000.0,4257779.0,27219516000.0,3638615.0,28058569000.0,2712396.2
2023-10-08,26658095000.0,3811554.3,26677187000.0,3797062.3,27238509000.0,3370997.2,28078200000.0,2733638.6
2023-10-09,26663592000.0,4360003.0,26682703000.0,4341323.1,27244574000.0,3792136.1,28085086000.0,2970597.2
2023-10-10,26669684000.0,4487784.2,26688812000.0,4470619.9,27251187000.0,3965989.8,28092455000.0,3211104.3
2023-10-11,26673108000.0,4491318.4,26692253000.0,4474894.3,27255111000.0,3992026.7,28097101000.0,3269696.1
2023-10-12,26678654000.0,4580763.8,26697819000.0,4560748.2,27261266000.0,3972290.2,28104136000.0,3092005.0
2023-10-13,26686684000.0,4552638.0,26705869000.0,4532697.3,27269901000.0,3946440.7,28113648000.0,3069448.7
2023-10-14,26692731000.0,4255216.6,26711936000.0,4234653.5,27276573000.0,3630097.1,28121225000.0,2725730.2
2023-10-15,26695830000.0,3833304.3,26715056000.0,3812958.4,27280292000.0,3214788.6,28125838000.0,2319975.5
2023-10-16,26699379000.0,3851358.6,26718623000.0,3833714.3,27284377000.0,3314969.5,28130699000.0,2538969.6
2023-10-17,26702301000.0,4410608.2,26721562000.0,4392620.2,27287845000.0,3863773.9,28134958000.0,3072663.0
2023-10-18,26704980000.0,4500074.5,26724263000.0,4479300.8,27291156000.0,3868552.8,28139183000.0,2954923.7
2023-10-19,26707815000.0,4551543.8,26727115000.0,4533684.9,27294533000.0,4008633.8,28143346000.0,3223200.3
2023-10-20,26711257000.0,4447639.1,26730568000.0,4436518.7,27298314000.0,4109577.1,28147615000.0,3620499.3
2023-10-21,26714313000.0,4221338.7,26733635000.0,4210462.4,27301700000.0,3890698.6,28151480000.0,3412358.0
2023-10-22,26717180000.0,3820022.8,26736517000.0,3804640.4,27305035000.0,3352398.4,28155492000.0,2675881.3
2023-10-23,26721013000.0,4419393.2,26740374000.0,4395880.1,27309583000.0,3704594.9,28161073000.0,2670488.8
2023-10-24,26732044000.0,4434775.8,26751417000.0,4422129.7,27320998000.0,4050333.2,28173045000.0,3494155.9
2023-10-25,26737297000.0,4368378.7,26756683000.0,4355300.9,27326649000.0,3970811.5,28179271000.0,3395646.8
2023-10-26,26750577000.0,4290867.4,26769977000.0,4277146.4,27340346000.0,3873749.6,28193571000.0,3270300.9
2023-10-27,26756299000.0,4264806.6,26775713000.0,4250607.5,27346500000.0,3833153.3,28200349000.0,3208676.0
2023-10-28,26760036000.0,4063184.4,26779466000.0,4047474.4,27350714000.0,3585601.0,28205255000.0,2894676.1
2023-10-29,26765433000.0,3669584.4,26784882000.0,3650623.8,27356688000.0,3093181.3,28212062000.0,2259292.8
2023-10-30,26778485000.0,4265066.1,26797951000.0,4248180.7,27370253000.0,3751748.7,28226370000.0,3009127.1
2023-10-31,26791047000.0,4289101.6,26810531000.0,4270839.5,27383370000.0,3733932.5,28240290000.0,2930763.6
2023-11-01,26812593000.0,4274594.0,26832090000.0,4261882.3,27405303000.0,3888159.5,28262782000.0,3329100.7
2023-11-02,26833575000.0,4270698.0,26853088000.0,4254697.1,27426771000.0,3784270.0,28284954000.0,3080549.6
2023-11-03,26846626000.0,4318637.7,26866157000.0,4300076.1,27440386000.0,3754363.3,28299386000.0,2938021.5
2023-11-04,26866192000.0,4178328.2,26885740000.0,4161211.5,27460473000.0,3657980.2,28320225000.0,2905187.3
2023-11-05,26875768000.0,3830282.6,26895333000.0,3813682.6,27470553000.0,3325643.8,28331036000.0,2595577.6
2023-11-06,26883705000.0,3890457.9,26903285000.0,3875414.5,27478948000.0,3433136.4,28340092000.0,2771524.6
2023-11-07,26889935000.0,4352628.8,26909534000.0,4333940.7,27485746000.0,3784513.0,28347712000.0,2962613.8
2023-11-08,26895210000.0,4515290.2,26914830000.0,4494933.0,27491640000.0,3896430.7,28354501000.0,3001120.2
2023-11-09,26899163000.0,4612820.0,26918804000.0,4591731.2,27496234000.0,3971718.7,28360022000.0,3044230.6
2023-11-10,26904727000.0,4562777.2,26924386000.0,4543710.1,27502377000.0,3983137.4,28367004000.0,3144566.3
2023-11-11,26909883000.0,4371877.2,26929564000.0,4351390.1,27508157000.0,3749069.6,28373685000.0,2848047.4
2023-11-12,26918570000.0,3943741.2,26938264000.0,3930115.0,27517257000.0,3529504.4,28383385000.0,2930223.7
2023-11-13,26923293000.0,4037017.9,26943008000.0,4015350.2,27522639000.0,3378322.2,28389719000.0,2425380.3
2023-11-14,26928714000.0,4522349.6,26948450000.0,4501656.6,27528690000.0,3893282.1,28396680000.0,2983203.5
2023-11-15,26938612000.0,4474885.4,26958360000.0,4462419.8,27538966000.0,4095932.0,28407505000.0,3547696.3
2023-11-16,26943387000.0,4530567.9,26963153000.0,4513143.5,27544271000.0,4000865.6,28413576000.0,3234539.6
2023-11-17,26960010000.0,4575866.1,26979794000.0,4556997.2,27561467000.0,4002249.1,28431602000.0,3172391.4
2023-11-18,26974822000.0,4263924.8,26994623000.0,4248201.9,27576758000.0,3785950.1,28447584000.0,3094459.2
2023-11-19,26983935000.0,3796137.4,27003750000.0,3780950.8,27586332000.0,3334464.7,28457826000.0,2666558.1
2023-11-20,26992505000.0,4350964.2,27012336000.0,4335575.6,27595370000.0,3883150.2,28467541000.0,3206358.7
2023-11-21,26998287000.0,4461204.9,27018137000.0,4442630.0,27601717000.0,3896527.3,28474705000.0,3079602.4
2023-11-22,27003796000.0,4473457.1,27023666000.0,4453381.8,27607836000.0,3863169.5,28481707000.0,2980260.0
2023-11-23,27007881000.0,4524884.9,27027772000.0,4502933.0,27612588000.0,3857546.2,28487424000.0,2892100.4
2023-11-24,27014849000.0,4522461.0,27034759000.0,4503713.7,27620126000.0,3952543.1,28495787000.0,3128036.8
2023-11-25,27020667000.0,4247220.6,27040594000.0,4229877.3,27626471000.0,3719984.3,28502895000.0,2957225.9
2023-11-26,27024840000.0,3897584.5,27044790000.0,3875055.0,27631329000.0,3212687.1,28508744000.0,2221838.8
2023-11-27,27027729000.0,4455511.2,27047703000.0,4431030.9,27634962000.0,3711310.1,28513453000.0,2634666.5
2023-11-28,27031264000.0,4556620.3,27051262000.0,4533543.2,27639199000.0,3855077.1,28518705000.0,2840147.1
2023-11-29,27032639000.0,4528922.1,27052659000.0,4506733.4,27641248000.0,3854386.8,28521730000.0,2878529.6
2023-11-30,27035111000.0,4537863.6,27055150000.0,4518286.4,27644315000.0,3942716.1,28525658000.0,3081710.0
2023-12-01,27036535000.0,4485048.9,27056598000.0,4461794.0,27646446000.0,3778099.3,28528812000.0,2755347.9
2023-12-02,27038170000.0,4273998.0,27058255000.0,4252032.0,27648749000.0,3606232.5,28532081000.0,2640169.2
2023-12-03,27040528000.0,3916444.1,27060634000.0,3895239.0,27651752000.0,3271809.7,28536017000.0,2339210.3
2023-12-04,27042591000.0,4465949.9,27062718000.0,4445446.0,27654439000.0,3842632.5,28539605000.0,2940872.8
2023-12-05,27044209000.0,4583271.9,27064358000.0,4560588.7,27656746000.0,3893703.2,28542909000.0,2896097.0
2023-12-06,27045130000.0,4554187.3,27065295000.0,4538423.1,27658146000.0,4074955.9,28545004000.0,3381646.8
2023-12-07,27048476000.0,4437989.9,27068657000.0,4421685.6,27661988000.0,3942338.0,28549562000.0,3225273.1
2023-12-08,27052616000.0,4081035.2,27072817000.0,4061248.9,27666730000.0,3479532.9,28555174000.0,2609333.1
2023-12-09,27054067000.0,4262419.7,27074291000.0,4239819.2,27668867000.0,3575364.5,28558306000.0,2581394.5
2023-12-10,27055954000.0,4008816.5,27076193000.0,3992794.9,27671241000.0,3521760.2,28561384000.0,2817130.7
2023-12-11,27057600000.0,4512233.2,27077862000.0,4490260.6,27673555000.0,3844266.2,28564665000.0,2877911.3
2023-12-12,27065406000.0,4605672.5,27085689000.0,4583756.8,27682027000.0,3939436.4,28574100000.0,2975585.7
2023-12-13,27066196000.0,4576541.7,27086496000.0,4560272.1,27683313000.0,4081945.0,28576101000.0,3366406.6
2023-12-14,27068110000.0,4578835.8,27088424000.0,4564154.7,27685672000.0,4132528.6,28579107000.0,3486851.2
2023-12-15,27071308000.0,4511962.4,27091632000.0,4502540.8,27689157000.0,4225545.2,28583006000.0,3811182.3
2023-12-16,27074721000.0,4263297.5,27095059000.0,4249531.7,27692988000.0,3844816.3,28587442000.0,3239395.1
2023-12-17,27080198000.0,3904763.7,27100553000.0,3887786.6,27698982000.0,3388660.1,28594183000.0,2642007.7
2023-12-18,27081514000.0,4406255.3,27101887000.0,4388020.0,27700852000.0,3851904.3,28596855000.0,3049918.8
2023-12-19,27084287000.0,4464065.4,27104680000.0,4444476.9,27704220000.0,3868574.1,28601085000.0,3007070.6
2023-12-20,27086369000.0,4454070.5,27106781000.0,4434404.3,27706900000.0,3856219.8,28604629000.0,2991303.0
2023-12-21,27088413000.0,4410571.4,27108845000.0,4390709.4,27709548000.0,3806769.0,28608151000.0,2933241.8
2023-12-22,27091326000.0,4430549.7,27111778000.0,4410671.0,27713065000.0,3826237.5,28612542000.0,2951972.8
2023-12-23,27095044000.0,4177232.6,27115513000.0,4160090.5,27717305000.0,3656114.0,28617536000.0,2902206.2
2023-12-24,27097829000.0,3845228.4,27118316000.0,3827540.7,27720628000.0,3307523.2,28621637000.0,2529619.5
2023-12-25,27100190000.0,3649111.5,27120692000.0,3633699.5,27723457000.0,3180586.1,28625144000.0,2502765.5
2023-12-26,27103259000.0,4215247.3,27123778000.0,4197918.0,27727052000.0,3688437.8,28629501000.0,2926296.9
2023-12-27,27104820000.0,4288098.8,27125357000.0,4270528.1,27729148000.0,3753950.4,28632370000.0,2981192.3
2023-12-28,27108917000.0,4280711.7,27129470000.0,4264486.9,27733738000.0,3787478.4,28637673000.0,3073912.5
2023-12-29,27112474000.0,4184457.5,27133043000.0,4169367.2,27737754000.0,3725713.2,28642353000.0,3062043.2
2023-12-30,27115737000.0,3958961.0,27136321000.0,3943353.2,27741491000.0,3484483.9,28646776000.0,2798052.9
2023-12-31,27118047000.0,3705484.0,27138652000.0,3684771.1,27744431000.0,3075811.8,28650627000.0,2164858.4
2024-01-01,27120679000.0,3320715.7,27141303000.0,3301355.3,27747651000.0,2732160.1,28654699000.0,1880690.6
2024-01-02,27122457000.0,3835457.0,27143101000.0,3815987.4,27750022000.0,3243581.8,28657925000.0,2387309.6
2024-01-03,27124516000.0,4042107.9,27145182000.0,4019030.0,27752782000.0,3340540.9,28661701000.0,2325576.6
2024-01-04,27127030000.0,4128906.6,27147719000.0,4105691.9,27756001000.0,3423178.2,28665941000.0,2402193.5
2024-01-05,27128504000.0,4164790.7,27149216000.0,4142806.0,27758144000.0,3496456.1,28669051000.0,2529569.4
2024-01-06,27129495000.0,3983775.4,27150232000.0,3958570.9,27759901000.0,3217557.7,28671917000.0,2109062.4
2024-01-07,27130387000.0,3702672.2,27151147000.0,3679194.6,27761507000.0,2988952.9,28674554000.0,1956407.6
2024-01-08,27132688000.0,3774659.5,27153470000.0,3753023.1,27764466000.0,3116912.3,28678465000.0,2165342.6
2024-01-09,27132861000.0,4209595.3,27153664000.0,4188723.3,27765273000.0,3575085.9,28680190000.0,2657134.5
2024-01-10,27134346000.0,4324636.1,27155168000.0,4305909.5,27767327000.0,3755346.6,28683068000.0,2931749.4
2024-01-11,27135941000.0,4366834.3,27156785000.0,4345008.7,27769586000.0,3703336.9,28686287000.0,2743448.4
2024-01-12,27136919000.0,4389612.2,27157783000.0,4369439.5,27771177000.0,3776360.6,28688765000.0,2889163.1
2024-01-13,27137934000.0,4169578.2,27158818000.0,4149726.4,27772796000.0,3566084.0,28691257000.0,2693002.8
2024-01-14,27140219000.0,3812185.9,27161126000.0,3789165.0,27775781000.0,3112350.0,28695254000.0,2099889.9
2024-01-15,27140724000.0,4329235.1,27161655000.0,4304300.9,27777043000.0,3571233.6,28697613000.0,2474624.9
2024-01-16,27141207000.0,4388502.3,27162164000.0,4362581.7,27778314000.0,3600516.9,28700024000.0,2460530.3
2024-01-17,27140534000.0,4424834.6,27161517000.0,4399783.4,27778403000.0,3663276.3,28701215000.0,2561521.9
2024-01-18,27140193000.0,4433120.0,27161202000.0,4407623.3,27778838000.0,3658022.1,28702771000.0,2536679.9
2024-01-19,27140453000.0,4443974.1,27161482000.0,4422474.2,27779751000.0,3790376.6,28704629000.0,2844810.1
2024-01-20,27140985000.0,4244382.2,27162034000.0,4224009.4,27780902000.0,3625048.5,28706676000.0,2729051.9
2024-01-21,27141864000.0,3857661.1,27162933000.0,3838200.9,27782372000.0,3266070.4,28709003000.0,2410209.9
2024-01-22,27141564000.0,4341458.2,27162657000.0,4318165.0,27782781000.0,3633346.7,28710436000.0,2608914.4
2024-01-23,27141685000.0,4410845.8,27162803000.0,4385365.1,27783677000.0,3636234.0,28712452000.0,2515595.0
2024-01-24,27140703000.0,4416534.0,27161846000.0,4391172.3,27783465000.0,3645538.3,28713356000.0,2530130.7
2024-01-25,27139894000.0,4411798.4,27161062000.0,4387699.1,27783389000.0,3679180.6,28714340000.0,2619294.7
2024-01-26,27139931000.0,4425825.8,27161119000.0,4406277.4,27784021000.0,3831555.6,28715831000.0,2971818.8
2024-01-27,27139659000.0,4229026.6,27160867000.0,4208625.7,27784368000.0,3608839.2,28717076000.0,2711607.6
2024-01-28,27139383000.0,3847016.9,27160613000.0,3824669.1,27784772000.0,3167644.4,28718463000.0,2184789.0
2024-01-29,27138520000.0,4361876.4,27159771000.0,4341427.6,27784531000.0,3740230.8,28719121000.0,2840889.5
2024-01-30,27138080000.0,4448620.1,27159347000.0,4431332.9,27784616000.0,3923091.0,28719966000.0,3162802.6
2024-01-31,27138387000.0,4420991.2,27159673000.0,4402267.3,27785492000.0,3851784.6,28721666000.0,3028307.5
2024-02-01,27141716000.0,4474332.7,27163013000.0,4463290.6,27789157000.0,4138653.8,28725816000.0,3653023.5
2024-02-02,27141624000.0,4406234.3,27162936000.0,4390972.0,27789528000.0,3942261.6,28726859000.0,3271027.4
2024-02-03,27152012000.0,4174670.5,27173339000.0,4159637.5,27800374000.0,3717669.1,28738365000.0,3056520.4
2024-02-04,27156103000.0,3823556.4,27177443000.0,3810707.8,27804855000.0,3432960.4,28743412000.0,2867881.2
2024-02-05,27160221000.0,4297524.3,27181574000.0,4285228.0,27809347000.0,3923716.5,28748445000.0,3382924.8
2024-02-06,27160743000.0,4344244.2,27182112000.0,4327607.6,27810375000.0,3838491.0,28750204000.0,3106812.4
2024-02-07,27161792000.0,4292002.8,27183178000.0,4276155.5,27811906000.0,3810246.0,28752433000.0,3113283.6
2024-02-08,27163019000.0,4289510.2,27184421000.0,4272810.0,27813641000.0,3781824.4,28754902000.0,3047350.0
2024-02-09,27163482000.0,4357752.5,27184904000.0,4338036.4,27814703000.0,3758384.2,28756831000.0,2891271.9
2024-02-10,27163623000.0,4222996.1,27185069000.0,4198202.2,27815597000.0,3469262.7,28758816000.0,2378828.8
2024-02-11,27163820000.0,3911803.8,27185290000.0,3888574.2,27816501000.0,3205624.9,28760741000.0,2183988.4
2024-02-12,27163574000.0,4437227.3,27185069000.0,4412128.5,27817018000.0,3674222.6,28762362000.0,2570375.6
2024-02-13,27162572000.0,4515684.0,27184092000.0,4491206.8,27816760000.0,3771577.7,28763181000.0,2695071.3
2024-02-14,27162227000.0,4546852.9,27183767000.0,4525984.0,27817049000.0,3912438.4,28764387000.0,2994624.1
2024-02-15,27161641000.0,4575460.6,27183207000.0,4550035.0,27817236000.0,3802520.6,28765693000.0,2684300.0
2024-02-16,27161516000.0,4601166.1,27183105000.0,4578484.8,27817801000.0,3911656.7,28767255000.0,2914136.2
2024-02-17,27161425000.0,4409109.2,27183035000.0,4387550.3,27818365000.0,3753721.3,28768767000.0,2805564.9
2024-02-18,27160915000.0,4017056.3,27182550000.0,3992565.9,27818600000.0,3272546.9,28770079000.0,2195457.4
2024-02-19,27161169000.0,4505573.5,27182826000.0,4482545.9,27819553000.0,3805535.9,28772045000.0,2792784.3
2024-02-20,27159975000.0,4532115.3,27181657000.0,4507270.0,27819115000.0,3776817.0,28772699000.0,2684118.9
2024-02-21,27160406000.0,4437521.2,27182107000.0,4418121.8,27820135000.0,3847780.1,28774573000.0,2994595.3
2024-02-22,27160221000.0,4401841.9,27181944000.0,4379813.2,27820620000.0,3732167.6,28776027000.0,2763342.8
2024-02-23,27160283000.0,4437135.1,27182030000.0,4413938.3,27821388000.0,3731952.1,28777815000.0,2711756.4
2024-02-24,27160414000.0,4279501.1,27182182000.0,4258346.7,27822161000.0,3636407.9,28779519000.0,2706038.3
2024-02-25,27161001000.0,3896717.6,27182787000.0,3878629.4,27823298000.0,3346836.3,28781451000.0,2551317.3
2024-02-26,27160995000.0,4386314.5,27182801000.0,4367038.3,27823879000.0,3800319.8,28782879000.0,2952555.2
2024-02-27,27159764000.0,4496995.5,27181592000.0,4474110.3,27823343000.0,3801285.4,28783350000.0,2794794.3
2024-02-28,27158384000.0,4517033.1,27180236000.0,4493092.2,27822691000.0,3789228.8,28783751000.0,2736306.7
2024-02-29,27158255000.0,4548637.9,27180130000.0,4525778.8,27823257000.0,3853722.2,28785322000.0,2848380.3
2024-03-01,27157989000.0,4344485.2,27179884000.0,4324478.2,27823599000.0,3736272.4,28786544000.0,2856364.6
2024-03-02,27157964000.0,4129143.3,27179882000.0,4105507.4,27824292000.0,3410610.5,28788277000.0,2371101.4
2024-03-03,27158416000.0,3739921.7,27180354000.0,3719989.6,27825350000.0,3133985.3,28790212000.0,2257370.7
2024-03-04,27158672000.0,4290357.1,27180630000.0,4270504.5,27826210000.0,3686839.3,28791944000.0,2813723.7
2024-03-05,27158266000.0,4380165.5,27180244000.0,4360260.6,27826409000.0,3775058.9,28793019000.0,2899644.9
2024-03-06,27157091000.0,4441908.1,27179087000.0,4424005.2,27825779000.0,3897658.4,28793176000.0,3110286.7
2024-03-07,27156683000.0,4487290.4,27178700000.0,4465817.8,27826023000.0,3834522.7,28794364000.0,2890156.9
2024-03-08,27156456000.0,4497173.1,27178491000.0,4479994.7,27826319000.0,3974951.8,28795416000.0,3219448.9
2024-03-09,27157915000.0,4273744.8,27179963000.0,4260521.1,27828180000.0,3871743.4,28797858000.0,3290163.8
2024-03-10,27158332000.0,3934916.9,27180403000.0,3912862.0,27829267000.0,3264448.2,28799916000.0,2294474.1
2024-03-11,27166998000.0,4443136.4,27189083000.0,4428185.8,27838388000.0,3988636.6,28809694000.0,3331107.1
2024-03-12,27167648000.0,4505918.0,27189754000.0,4485402.9,27839661000.0,3882256.9,28811869000.0,2979999.7
2024-03-13,27167612000.0,4536304.1,27189736000.0,4517391.4,27840200000.0,3961359.2,28813240000.0,3129580.4
2024-03-14,27167642000.0,4548605.4,27189784000.0,4531055.4,27840763000.0,4015085.4,28814575000.0,3243236.4
2024-03-15,27166808000.0,4535868.1,27188970000.0,4515443.9,27840550000.0,3914969.4,28815261000.0,3016708.7
2024-03-16,27166759000.0,4347570.3,27188941000.0,4328599.5,27841078000.0,3770858.9,28816623000.0,2936524.4
2024-03-17,27170849000.0,3941635.0,27193045000.0,3927329.0,27845603000.0,3506733.2,28821777000.0,2877556.2
2024-03-18,27171254000.0,4498264.1,27193473000.0,4475042.8,27846714000.0,3792334.2,28823909000.0,2771057.9
2024-03-19,27174846000.0,4509088.6,27197084000.0,4490662.6,27850867000.0,3948940.0,28828872000.0,3138567.2
2024-03-20,27175218000.0,4480648.1,27197470000.0,4466219.6,27851677000.0,4042023.5,28830317000.0,3407460.7
2024-03-21,27175203000.0,4449521.2,27197470000.0,4434285.1,27852125000.0,3986342.8,28831435000.0,3316257.9
2024-03-22,27174918000.0,4491426.4,27197208000.0,4468233.1,27852545000.0,3786350.1,28832875000.0,2766308.7
2024-03-23,27174738000.0,4298960.0,27197045000.0,4281688.8,27852890000.0,3773917.0,28833980000.0,3014331.8
2024-03-24,27173778000.0,3926785.4,27196106000.0,3906223.4,27852555000.0,3301701.5,28834549000.0,2397386.1
2024-03-25,27173728000.0,4016885.7,27196078000.0,3995751.6,27853148000.0,3374409.1,28836071000.0,2444931.4
2024-03-26,27173598000.0,4289553.9,27195969000.0,4268212.3,27853667000.0,3640769.9,28837529000.0,2702167.2
2024-03-27,27172617000.0,4161280.1,27195003000.0,4145899.7,27853153000.0,3693715.1,28837692000.0,3017283.8
2024-03-28,27173094000.0,3729800.9,27195500000.0,3710774.7,27854209000.0,3151405.9,28839584000.0,2314635.8
2024-03-29,27173379000.0,3568626.0,27195805000.0,3548097.6,27855118000.0,2944561.7,28841396000.0,2041721.4
2024-03-30,27172573000.0,3790692.5,27195017000.0,3772455.3,27854866000.0,3236282.2,28841946000.0,2434211.1
2024-03-31,27175818000.0,3708690.0,27198275000.0,3695886.3,27858500000.0,3319457.6,28846144000.0,2756350.8
2024-04-01,27178161000.0,4281167.5,27200634000.0,4264225.1,27861358000.0,3766119.1,28849746000.0,3020993.3
2024-04-02,27184219000.0,4319380.7,27206705000.0,4306362.9,27867812000.0,3923639.3,28856773000.0,3351116.0
2024-04-03,27189564000.0,4361487.8,27212067000.0,4344998.2,27873659000.0,3860204.3,28863345000.0,3134992.1
2024-04-04,27200363000.0,4347018.7,27222877000.0,4335812.8,27884798000.0,4006360.3,28874977000.0,3513526.1
2024-04-05,27205056000.0,4407238.0,27227594000.0,4383747.2,27890205000.0,3693115.6,28881417000.0,2659987.1
2024-04-06,27207902000.0,4280488.8,27230460000.0,4260582.8,27893656000.0,3675346.7,28885744000.0,2799881.3
2024-04-07,27209530000.0,3959548.2,27232111000.0,3936587.4,27895982000.0,3261538.1,28889080000.0,2251719.5
2024-04-08,27209714000.0,4457889.4,27232316000.0,4436874.3,27896805000.0,3819028.9,28890827000.0,2894782.6
2024-04-09,27209708000.0,4458541.0,27232332000.0,4436331.7,27897474000.0,3783377.4,28892473000.0,2806611.1
2024-04-10,27208434000.0,4496489.6,27231083000.0,4471711.7,27896953000.0,3743242.3,28893042000.0,2653511.6
2024-04-11,27208486000.0,4574265.3,27231156000.0,4553426.0,27897639000.0,3940751.8,28894644000.0,3024241.1
2024-04-12,27208162000.0,4578947.7,27230857000.0,4553850.8,27898078000.0,3816002.2,28896187000.0,2712241.0
2024-04-13,27210174000.0,4358970.5,27232892000.0,4336044.0,27900787000.0,3662003.7,28899904000.0,2653694.5
2024-04-14,27211069000.0,3952536.5,27233806000.0,3933313.0,27902266000.0,3368142.4,28902229000.0,2522693.3
2024-04-15,27209716000.0,4477960.3,27232473000.0,4457334.7,27901540000.0,3850943.8,28902409000.0,2943832.6
2024-04-16,27209104000.0,4548019.6,27231881000.0,4528082.8,27901534000.0,3941940.9,28903280000.0,3065120.4
2024-04-17,27208065000.0,4532324.0,27230855000.0,4519264.1,27900892000.0,4135302.1,28903213000.0,3560926.4
2024-04-18,27208051000.0,4487763.2,27230857000.0,4472224.9,27901351000.0,4015396.5,28904355000.0,3332018.5
2024-04-19,27209627000.0,4400377.8,27232445000.0,4388420.4,27903290000.0,4036872.8,28906820000.0,3510986.3
2024-04-20,27210466000.0,4206492.5,27233306000.0,4184285.1,27904804000.0,3531388.1,28909310000.0,2554707.5
2024-04-21,27215897000.0,3801947.0,27238751000.0,3787820.8,27910664000.0,3372510.8,28915792000.0,2751241.0
2024-04-22,27221540000.0,4182202.2,27244405000.0,4171515.8,27916633000.0,3857335.9,28922231000.0,3387348.5
2024-04-23,27225521000.0,4268543.7,27248407000.0,4247381.5,27921257000.0,3625213.5,28927786000.0,2694500.8
2024-04-24,27228780000.0,4369101.9,27251689000.0,4345807.6,27925224000.0,3660954.9,28932777000.0,2636471.1
2024-04-25,27232551000.0,4394195.2,27255480000.0,4374547.7,27929593000.0,3796913.6,28938010000.0,2932820.1
2024-04-26,27240333000.0,4257582.5,27263278000.0,4241673.3,27937858000.0,3773940.7,28946975000.0,3074251.0
2024-04-27,27246322000.0,4126026.0,27269284000.0,4108827.0,27944370000.0,3603176.4,28954243000.0,2846764.4
2024-04-28,27257706000.0,3682798.0,27280680000.0,3670708.8,27956121000.0,3315285.7,28966526000.0,2783601.8
2024-04-29,27264187000.0,4221017.8,27287181000.0,4200978.9,27963212000.0,3611832.8,28974498000.0,2730518.5
2024-04-30,27269964000.0,4331616.0,27292976000.0,4313590.6,27969537000.0,3783643.6,28981616000.0,2990886.0
2024-05-01,27284084000.0,4039113.5,27307116000.0,4019837.4,27984243000.0,3453118.8,28997169000.0,2605354.2
2024-05-02,27291564000.0,4380928.5,27314604000.0,4371898.8,27991997000.0,4106426.5,29005321000.0,3709301.6
2024-05-03,27304306000.0,4387495.4,27327363000.0,4370778.4,28005247000.0,3879299.8,29019306000.0,3144087.9
2024-05-04,27334239000.0,4155878.0,27357306000.0,4145509.9,28035495000.0,3840686.3,29050010000.0,3384695.0
2024-05-05,27343665000.0,3788161.4,27366752000.0,3768312.8,28045524000.0,3184762.2,29060912000.0,2311818.1
2024-05-06,27348291000.0,4404992.6,27371399000.0,4384101.0,28050786000.0,3769890.4,29067092000.0,2851081.3
2024-05-07,27356562000.0,4434574.0,27379689000.0,4415525.6,28059636000.0,3855503.2,29076780000.0,3017755.5
2024-05-08,27371794000.0,4381509.6,27394938000.0,4364445.5,28075387000.0,3862762.2,29093282000.0,3112284.8
2024-05-09,27394947000.0,4321051.4,27418103000.0,4309680.9,28098886000.0,3975389.7,29117281000.0,3475317.3
2024-05-10,27407846000.0,4376206.5,27431021000.0,4357668.3,28112348000.0,3812643.4,29131559000.0,2997330.8
2024-05-11,27415551000.0,4253205.8,27438743000.0,4235227.1,28120599000.0,3706656.0,29140600000.0,2915956.7
2024-05-12,27429175000.0,3821632.1,27452381000.0,3808372.9,28134627000.0,3418551.8,29155211000.0,2835411.3
2024-05-13,27436045000.0,3962887.9,27459276000.0,3937705.6,28142262000.0,3197345.9,29163954000.0,2089828.4
2024-05-14,27441803000.0,4426820.8,27465052000.0,4408073.5,28148590000.0,3856902.9,29171106000.0,3032396.6
2024-05-15,27451669000.0,4420761.6,27474936000.0,4403567.3,28158979000.0,3898054.2,29182251000.0,3141848.0
2024-05-16,27465893000.0,4464463.2,27489177000.0,4446704.5,28173742000.0,3924600.2,29197796000.0,3143574.8
2024-05-17,27473230000.0,4459203.3,27496533000.0,4440345.6,28181652000.0,3885930.1,29206535000.0,3056569.8
2024-05-18,27478281000.0,4298360.9,27501603000.0,4279034.5,28187291000.0,3710836.8,29213024000.0,2860859.6
2024-05-19,27483263000.0,3991417.5,27506608000.0,3969042.4,28192953000.0,3311215.1,29219670000.0,2327159.1
2024-05-20,27485792000.0,4469845.8,27509156000.0,4451454.2,28196042000.0,3910740.5,29223568000.0,3101877.1
2024-05-21,27487995000.0,4353641.9,27511373000.0,4338936.6,28198692000.0,3906599.6,29226864000.0,3259858.7
2024-05-22,27490876000.0,4341197.0,27514272000.0,4323167.7,28202121000.0,3793106.0,29231086000.0,3000176.9
2024-05-23,27495953000.0,4397399.9,27519368000.0,4378911.2,28207760000.0,3835342.5,29237539000.0,3022208.2
2024-05-24,27504910000.0,4425154.9,27528343000.0,4406778.5,28217276000.0,3866512.1,29247862000.0,3058317.6
2024-05-25,27508393000.0,4193721.9,27531844000.0,4175457.8,28221314000.0,3638493.6,29252704000.0,2835238.9
2024-05-26,27511153000.0,3882532.7,27534626000.0,3860655.6,28224739000.0,3217470.4,29257091000.0,2255317.7
2024-05-27,27514723000.0,4301455.9,27538215000.0,4283314.3,28228861000.0,3749950.3,29262011000.0,2952081.4
2024-05-28,27531321000.0,4414516.8,27554834000.0,4393190.1,28246107000.0,3766183.3,29280195000.0,2828232.4
2024-05-29,27550756000.0,4372860.0,27574284000.0,4357114.6,28266020000.0,3894197.8,29300800000.0,3201712.0
2024-05-30,27555737000.0,4362475.3,27579282000.0,4345552.4,28271516000.0,3848019.8,29307040000.0,3103751.5
2024-05-31,27572652000.0,4363130.6,27596217000.0,4343128.3,28289039000.0,3755060.1,29325443000.0,2875358.0
2024-06-01,27578628000.0,4388071.4,27602220000.0,4361255.8,28295830000.0,3572876.6,29333414000.0,2393525.6
2024-06-02,27583535000.0,4043789.5,27607148000.0,4023234.2,28301362000.0,3418907.2,29339850000.0,2514883.3
2024-06-03,27590586000.0,4063292.1,27614221000.0,4041296.1,28309082000.0,3394613.7,29348537000.0,2427229.6
2024-06-04,27597392000.0,4426628.1,27621041000.0,4411714.9,28316340000.0,3973266.5,29356452000.0,3317383.6
2024-06-05,27601839000.0,4480070.7,27625506000.0,4461963.8,28321338000.0,3929620.3,29362245000.0,3133278.0
2024-06-06,27604017000.0,4477768.4,27627700000.0,4462718.3,28323974000.0,4020245.3,29365543000.0,3358341.9
2024-06-07,27604252000.0,4485669.4,27627954000.0,4466149.1,28324802000.0,3892252.8,29367230000.0,3033750.9
2024-06-08,27607420000.0,4367235.4,27631145000.0,4344572.1,28328659000.0,3678271.4,29372084000.0,2681539.9
2024-06-09,27614884000.0,3879818.8,27638626000.0,3862599.1,28336646000.0,3356340.8,29380828000.0,2599019.7
2024-06-10,27623497000.0,3981267.0,27647257000.0,3962628.5,28345826000.0,3414656.9,29390828000.0,2594936.1
2024-06-11,27633428000.0,4369167.4,27657206000.0,4351724.2,28356287000.0,3838895.9,29402056000.0,3071746.6
2024-06-12,27637654000.0,4456017.9,27661455000.0,4432966.9,28361214000.0,3755269.0,29407997000.0,2741488.2
2024-06-13,27645308000.0,4480046.3,27669130000.0,4459966.3,28369479000.0,3869616.4,29417145000.0,2986501.1
2024-06-14,27661709000.0,4467066.1,27685545000.0,4451891.6,28386341000.0,4005761.0,29434674000.0,3338386.1
2024-06-15,27683262000.0,4142776.3,27707114000.0,4126573.4,28408386000.0,3650207.0,29457432000.0,2937601.7
2024-06-16,27704077000.0,3764659.4,27727945000.0,3749023.5,28429677000.0,3289328.7,29479410000.0,2601662.7
2024-06-17,27715626000.0,4404443.6,27739518000.0,4380439.8,28441956000.0,3674730.5,29492745000.0,2619046.9
2024-06-18,27726316000.0,4488455.9,27750224000.0,4472036.6,28453144000.0,3989306.5,29504656000.0,3267181.7
2024-06-19,27735935000.0,4405032.1,27759861000.0,4387910.7,28463284000.0,3884541.8,29515548000.0,3131543.1
2024-06-20,27747161000.0,4402885.3,27771107000.0,4382652.9,28475125000.0,3787819.8,29528279000.0,2897998.0
2024-06-21,27755521000.0,4467139.2,27779486000.0,4448248.0,28484059000.0,3892846.4,29538044000.0,3062011.0
2024-06-22,27763287000.0,4280953.9,27787270000.0,4263618.4,28492353000.0,3753954.7,29547100000.0,2991539.4
2024-06-23,27781593000.0,3902539.5,27805593000.0,3884736.8,28511200000.0,3361336.8,29566730000.0,2578373.2
2024-06-24,27789273000.0,4427658.5,27813293000.0,4407773.9,28519484000.0,3823168.4,29575889000.0,2948646.4
2024-06-25,27798294000.0,4470531.8,27822333000.0,4450742.0,28529107000.0,3868922.8,29586382000.0,2998568.7
2024-06-26,27816783000.0,4432774.1,27840842000.0,4413110.7,28548194000.0,3835006.5,29606333000.0,2970209.7
2024-06-27,27832634000.0,4407278.7,27856711000.0,4389110.1,28564597000.0,3854955.1,29623536000.0,3055902.7
2024-06-28,27849618000.0,4422096.9,27873710000.0,4406983.2,28582040000.0,3962641.3,29641644000.0,3297942.1
2024-06-29,27862936000.0,4238192.6,27887049000.0,4217654.1,28595983000.0,3613820.1,29656490000.0,2710533.8
2024-06-30,27872986000.0,3906007.1,27897120000.0,3885203.7,28606665000.0,3273584.3,29668087000.0,2358651.7
2024-07-01,27884884000.0,3888673.8,27909043000.0,3864630.7,28619295000.0,3157763.3,29681774000.0,2100347.3
2024-07-02,27898637000.0,4347008.8,27922813000.0,4329220.1,28633588000.0,3806232.9,29696850000.0,3023886.8
2024-07-03,27920016000.0,4382415.0,27944212000.0,4362923.6,28655560000.0,3789875.8,29719679000.0,2932643.2
2024-07-04,27938756000.0,4401560.9,27962968000.0,4385278.4,28674795000.0,3906572.9,29739629000.0,3190468.5
2024-07-05,27954171000.0,4263176.6,27978392000.0,4254382.9,28690477000.0,3995847.5,29755699000.0,3609099.7
2024-07-06,27964490000.0,4134948.9,27988733000.0,4112232.1,28701486000.0,3444360.6,29767707000.0,2445279.2
2024-07-07,27972791000.0,3846284.0,27997058000.0,3823155.4,28710491000.0,3143175.8,29777729000.0,2125981.7
2024-07-08,27979068000.0,4395503.2,28003362000.0,4368214.9,28717597000.0,3565938.9,29786035000.0,2365799.5
2024-07-09,27985516000.0,4474397.4,28009832000.0,4452182.3,28724720000.0,3799056.0,29794135000.0,2822032.4
2024-07-10,27989841000.0,4481185.6,28014178000.0,4459950.5,28729691000.0,3835638.2,29800040000.0,2901718.1
2024-07-11,27994867000.0,4493488.6,28019226000.0,4470693.1,28735410000.0,3800505.4,29806761000.0,2797959.3
2024-07-12,28003483000.0,4459351.6,28027862000.0,4440419.1,28744602000.0,3883802.1,29816786000.0,3051148.6
2024-07-13,28010525000.0,4256804.1,28034928000.0,4232146.0,28752393000.0,3507196.7,29825662000.0,2422731.7
2024-07-14,28015710000.0,3924454.0,28040139000.0,3898437.8,28758369000.0,3133563.9,29832781000.0,1989375.0
2024-07-15,28019833000.0,4393422.0,28044286000.0,4369802.0,28763210000.0,3675375.2,29838662000.0,2636569.4
2024-07-16,28023737000.0,4448047.1,28048214000.0,4424069.5,28767843000.0,3719128.4,29844349000.0,2664594.0
2024-07-17,28027336000.0,4511201.5,28051837000.0,4487997.3,28772148000.0,3805793.2,29849675000.0,2785271.6
2024-07-18,28031244000.0,4446579.8,28055766000.0,4424909.5,28776714000.0,3787801.2,29855194000.0,2834739.2
2024-07-19,28033381000.0,4387212.8,28057922000.0,4368277.6,28779427000.0,3811580.3,29858740000.0,2978806.7
2024-07-20,28035852000.0,4043913.6,28060419000.0,4017793.8,28782692000.0,3249869.9,29863154000.0,2101118.4
2024-07-21,28038519000.0,3906248.8,28063111000.0,3882098.0,28786094000.0,3172066.0,29867617000.0,2109916.0
2024-07-22,28040301000.0,4447042.7,28064917000.0,4422371.7,28788625000.0,3697044.0,29871234000.0,2612013.0
2024-07-23,28042869000.0,4478029.3,28067508000.0,4455187.0,28791887000.0,3783623.4,29875500000.0,2779019.0
2024-07-24,28044266000.0,4499739.1,28068930000.0,4474671.0,28794047000.0,3737670.9,29878763000.0,2635179.0
2024-07-25,28046689000.0,4508620.4,28071372000.0,4488794.0,28797072000.0,3905896.9,29882660000.0,3033930.6
2024-07-26,28048236000.0,4497362.0,28072939000.0,4478109.2,28799205000.0,3912078.7,29885639000.0,3065343.2
2024-07-27,28052689000.0,4287073.4,28077413000.0,4265933.1,28804300000.0,3644407.1,29891664000.0,2714654.9
2024-07-28,28055578000.0,3963347.4,28080325000.0,3940879.5,28807873000.0,3280323.2,29896225000.0,2292185.0
2024-07-29,28056629000.0,4520533.3,28081403000.0,4493145.9,28809756000.0,3687957.6,29899312000.0,2483461.5
2024-07-30,28057316000.0,4548901.3,28082111000.0,4527752.3,28811086000.0,3905974.1,29901572000.0,2975844.6
2024-07-31,28057997000.0,4531643.8,28082816000.0,4507460.3,28812502000.0,3796465.1,29904052000.0,2732874.3
2024-08-01,28059149000.0,4482040.5,28083990000.0,4460479.0,28814309000.0,3826569.7,29906808000.0,2878293.2
2024-08-02,28059391000.0,4508919.4,28084258000.0,4482599.9,28815352000.0,3708805.4,29909008000.0,2551272.0
2024-08-03,28062685000.0,4338935.3,28087571000.0,4320512.8,28819206000.0,3778893.4,29913672000.0,2968674.9
2024-08-04,28064373000.0,3953826.4,28089280000.0,3931937.3,28821559000.0,3288396.6,29916988000.0,2325712.2
2024-08-05,28068896000.0,4445127.7,28093823000.0,4425056.0,28826692000.0,3834946.8,29923004000.0,2952191.7
2024-08-06,28080239000.0,4404559.5,28105187000.0,4384927.6,28838633000.0,3807752.1,29935808000.0,2944344.7
2024-08-07,28089476000.0,4066271.8,28114441000.0,4048360.6,28848413000.0,3521773.1,29946376000.0,2734041.2
2024-08-08,28092988000.0,4464587.0,28117971000.0,4446541.7,28852474000.0,3916009.9,29951231000.0,3122377.6
2024-08-09,28096541000.0,4490488.5,28121539000.0,4475580.0,28856480000.0,4037269.2,29955893000.0,3381592.0
2024-08-10,28100700000.0,4247300.3,28125717000.0,4227955.9,28861227000.0,3659230.9,29961490000.0,2808464.6
2024-08-11,28104682000.0,3857046.4,28129722000.0,3834362.5,28865899000.0,3167454.0,29967159000.0,2169813.5
2024-08-12,28106575000.0,4441628.0,28131640000.0,4417360.3,28868530000.0,3703888.4,29970858000.0,2636592.8
2024-08-13,28113051000.0,4415538.3,28138141000.0,4390067.0,28875780000.0,3641211.1,29979228000.0,2520983.7
2024-08-14,28115687000.0,4506757.4,28140803000.0,4480435.2,28879216000.0,3706560.4,29983822000.0,2548907.0
2024-08-15,28117072000.0,4585349.2,28142215000.0,4558266.1,28881424000.0,3762021.1,29987221000.0,2570903.8
2024-08-16,28119929000.0,4599068.2,28145095000.0,4576656.4,28884963000.0,3917751.3,29991746000.0,2932082.9
2024-08-17,28122866000.0,4289532.6,28148057000.0,4264035.2,28888675000.0,3514411.0,29996579000.0,2393034.5
2024-08-18,28125433000.0,3897582.1,28150652000.0,3869881.2,28892084000.0,3055474.2,30001206000.0,1837187.7
2024-08-19,28128124000.0,4075921.5,28153365000.0,4053789.8,28895448000.0,3403117.2,30005544000.0,2429764.2
2024-08-20,28128714000.0,4571487.8,28153978000.0,4548456.8,28896739000.0,3871343.6,30007847000.0,2858437.6
2024-08-21,28129851000.0,4579792.5,28155138000.0,4556546.2,28898581000.0,3873103.8,30010712000.0,2850729.7
2024-08-22,28131849000.0,4555024.2,28157157000.0,4534603.4,28901201000.0,3934232.2,30014230000.0,3036125.9
2024-08-23,28143360000.0,4547952.3,28168688000.0,4527420.4,28913336000.0,3923781.4,30027268000.0,3020786.6
2024-08-24,28149263000.0,4290093.2,28174613000.0,4268842.1,28919885000.0,3644059.8,30034752000.0,2709436.4
2024-08-25,28157186000.0,3889403.7,28182551000.0,3873915.6,28928278000.0,3418566.4,30043826000.0,2737401.1
2024-08-26,28160440000.0,4254907.2,28185823000.0,4237565.9,28932060000.0,3727730.2,30048371000.0,2965057.6
2024-08-27,28163270000.0,4422850.9,28188678000.0,4396770.1,28935682000.0,3629992.8,30053140000.0,2482956.6
2024-08-28,28164977000.0,4586611.4,28190411000.0,4561081.2,28938166000.0,3810493.9,30056746000.0,2687676.6
2024-08-29,28167787000.0,4640920.0,28193243000.0,4618268.8,28941664000.0,3952323.5,30061241000.0,2956123.7
2024-08-30,28169250000.0,4595665.0,28194735000.0,4567531.6,28943983000.0,3740408.7,30064797000.0,2503100.5
2024-08-31,28169977000.0,4357129.1,28195484000.0,4334627.7,28945394000.0,3673085.3,30067197000.0,2683472.0
2024-09-01,28177807000.0,3852080.7,28203335000.0,3831618.9,28953846000.0,3230043.8,30076549000.0,2330136.5
2024-09-02,28183372000.0,4403364.2,28208922000.0,4380738.3,28960098000.0,3715538.3,30083797000.0,2720453.4
2024-09-03,28189997000.0,4484083.1,28215568000.0,4463905.7,28967337000.0,3870689.3,30091923000.0,2983285.9
2024-09-04,28193070000.0,4461483.6,28218665000.0,4436126.6,28971180000.0,3690630.2,30096882000.0,2575428.4
2024-09-05,28214966000.0,4483787.3,28240585000.0,4460575.3,28993782000.0,3778141.9,30120504000.0,2757277.3
2024-09-06,28218058000.0,4497405.9,28243703000.0,4471246.7,28997670000.0,3702164.7,30125542000.0,2551680.9
2024-09-07,28227582000.0,4268012.6,28253247000.0,4247928.0,29007804000.0,3657440.5,30136560000.0,2774119.3
2024-09-08,28232072000.0,3973996.7,28257757000.0,3953832.5,29012907000.0,3361005.9,30142549000.0,2474185.7
2024-09-09,28233847000.0,4519022.6,28259558000.0,4493896.5,29015446000.0,3755188.0,30146194000.0,2650140.3
2024-09-10,28235338000.0,4641962.1,28261071000.0,4619760.2,29017612000.0,3967023.8,30149337000.0,2990583.3
2024-09-11,28235848000.0,4667511.4,28261604000.0,4644364.9,29018826000.0,3963857.8,30151568000.0,2945874.7
2024-09-12,28238335000.0,4606100.5,28264108000.0,4588507.7,29021848000.0,4071276.4,30155363000.0,3297540.6
2024-09-13,28243918000.0,4612996.9,28269711000.0,4592500.4,29028053000.0,3989904.8,30162470000.0,3088470.9
2024-09-14,28246553000.0,4488209.8,28272371000.0,4463789.5,29031431000.0,3745834.5,30166922000.0,2671832.3
2024-09-15,28250733000.0,4161249.2,28276578000.0,4134689.4,29036418000.0,3353831.8,30173078000.0,2185732.7
2024-09-16,28253993000.0,4617048.9,28279861000.0,4593410.2,29040397000.0,3898433.0,30178096000.0,2858803.9
2024-09-17,28265543000.0,4433661.3,28291438000.0,4407913.9,29052730000.0,3650940.1,30191561000.0,2518569.0
2024-09-18,28267800000.0,4608306.3,28293721000.0,4581260.6,29055809000.0,3786116.4,30195829000.0,2596645.6
2024-09-19,28269540000.0,4639619.4,28295482000.0,4618723.2,29058184000.0,4004374.9,30199124000.0,3085360.1
2024-09-20,28271461000.0,4551288.4,28297424000.0,4530553.3,29060736000.0,3920940.4,30202587000.0,3009009.4
2024-09-21,28278267000.0,4389876.5,28304251000.0,4368722.9,29068184000.0,3746807.0,30210966000.0,2816471.7
2024-09-22,28294280000.0,3907940.8,28320283000.0,3888656.5,29084783000.0,3321697.2,30228414000.0,2473572.4
2024-09-23,28310382000.0,4439781.6,28336406000.0,4418856.5,29101522000.0,3803659.8,30246072000.0,2883375.6
2024-09-24,28313908000.0,4614863.1,28339957000.0,4590488.9,29105789000.0,3873886.9,30251412000.0,2801908.7
2024-09-25,28321533000.0,4565764.7,28347600000.0,4547165.6,29113979000.0,4000352.0,30260420000.0,3182363.6
2024-09-26,28330005000.0,4508204.7,28356090000.0,4490493.6,29122990000.0,3969788.1,30270209000.0,3190855.3
2024-09-27,28334685000.0,4555599.1,28360788000.0,4537122.4,29128231000.0,3993909.2,30276263000.0,3181306.6
2024-09-28,28341525000.0,4271439.2,28367644000.0,4255164.1,29135566000.0,3776676.4,30284314000.0,3060898.0
2024-09-29,28347026000.0,3796904.1,28373159000.0,3782769.7,29141496000.0,3367218.9,30290866000.0,2745588.9
2024-09-30,28356069000.0,0.0,28382203000.0,0.0,29150540000.0,0.0,30299909000.0,0.0
2024-10-01,28362262000.0,4445666.3,28388416000.0,4425214.7,29157355000.0,3823937.7,30307623000.0,2924476.3
2024-10-02,28368777000.0,4508660.3,28394951000.0,4489087.7,29164464000.0,3913655.0,30315594000.0,3052854.7
2024-10-03,28372448000.0,4539104.9,28398649000.0,4512705.0,29168939000.0,3736548.6,30321229000.0,2575481.8
2024-10-04,28377122000.0,4583567.4,28403340000.0,4565284.6,29174168000.0,4027770.0,30327263000.0,3223692.0
2024-10-05,28384978000.0,4315482.4,28411218000.0,4294503.9,29182662000.0,3677736.3,30336679000.0,2755102.3
2024-10-06,28390962000.0,3918848.0,28417219000.0,3901013.3,29189187000.0,3376673.1,30343989000.0,2592303.0
2024-10-07,28399934000.0,4372467.7,28426208000.0,4355805.0,29198667000.0,3865920.1,30354201000.0,3133092.4
2024-10-08,28408706000.0,4374584.2,28434995000.0,4360137.0,29207878000.0,3935390.5,30364048000.0,3300004.4
2024-10-09,28417435000.0,4458196.5,28443745000.0,4436000.0,29217281000.0,3783424.1,30374427000.0,2807223.8
2024-10-10,28428550000.0,4451361.1,28454876000.0,4436627.7,29228844000.0,4003465.2,30386639000.0,3355489.3
2024-10-11,28434961000.0,3103948.6,28461311000.0,3079553.7,29235997000.0,2362344.0,30394864000.0,1289456.7
2024-10-12,28439713000.0,4309580.0,28466087000.0,4285166.4,29241491000.0,3567406.3,30401432000.0,2493695.7
2024-10-13,28448444000.0,3920229.2,28474842000.0,3896094.5,29250955000.0,3186532.5,30411958000.0,2125085.8
2024-10-14,28451816000.0,3997646.8,28478235000.0,3976437.1,29254972000.0,3352870.1,30416907000.0,2420064.9
2024-10-15,28455462000.0,4415757.0,28481900000.0,4397914.9,29259161000.0,3873356.9,30421881000.0,3088660.9
2024-10-16,28458804000.0,4460017.6,28485260000.0,4441482.1,29263066000.0,3896537.5,30426601000.0,3081344.9
2024-10-17,28465028000.0,4582336.3,28491508000.0,4558846.6,29270005000.0,3868249.5,30434573000.0,2835172.5
2024-10-18,28470402000.0,4682821.8,28496906000.0,4657990.5,29276133000.0,3927950.3,30441793000.0,2835869.7
2024-10-19,28480255000.0,4433099.4,28506776000.0,4417069.6,29286474000.0,3945794.1,30452839000.0,3240804.4
2024-10-20,28490065000.0,3965446.1,28516607000.0,3943932.9,29296938000.0,3311445.4,30464249000.0,2365295.8
2024-10-21,28501632000.0,4428659.8,28528193000.0,4409652.4,29309083000.0,3850833.9,30477230000.0,3014887.2
2024-10-22,28514099000.0,4494074.6,28540677000.0,4476752.0,29322076000.0,3967466.7,30490985000.0,3205617.4
2024-10-23,28524893000.0,4526650.8,28551492000.0,4506039.3,29333497000.0,3900061.2,30503312000.0,2993567.4
2024-10-24,28537188000.0,4605388.7,28563808000.0,4584161.0,29346437000.0,3960066.6,30517186000.0,3026472.4
2024-10-25,28544751000.0,4670770.9,28571397000.0,4644917.8,29354786000.0,3884836.6,30526672000.0,2747817.3
2024-10-26,28549943000.0,4517857.2,28576609000.0,4498317.5,29360572000.0,3923847.9,30533318000.0,3064488.4
2024-10-27,28556368000.0,4135642.4,28583049000.0,4119882.1,29367476000.0,3656529.6,30540915000.0,2963392.0
2024-10-28,28560589000.0,4556958.2,28587289000.0,4537895.8,29372276000.0,3977460.7,30546553000.0,3139095.4
2024-10-29,28563731000.0,4632918.5,28590452000.0,4612031.6,29376053000.0,3997958.5,30551249000.0,3079355.3
2024-10-30,28566805000.0,4609954.8,28593545000.0,4591032.7,29379703000.0,4034725.3,30555731000.0,3202534.9
2024-10-31,28571323000.0,4411883.1,28598082000.0,4392663.1,29384805000.0,3827595.7,30561678000.0,2982301.0
2024-11-01,28575996000.0,4525244.8,28602768000.0,4512193.0,29389875000.0,4128471.9,30567322000.0,3554456.4
2024-11-02,28578941000.0,4376034.3,28605730000.0,4359636.4,29393319000.0,3877536.9,30571487000.0,3156355.5
2024-11-03,28582221000.0,3967014.7,28609023000.0,3953644.7,29397005000.0,3560567.3,30575761000.0,2972555.6
2024-11-04,28589396000.0,4035509.6,28616211000.0,4023439.1,29404547000.0,3668566.4,30583834000.0,3137705.8
2024-11-05,28595221000.0,4572138.8,28622056000.0,4551296.8,29411006000.0,3938542.3,30591209000.0,3021911.5
2024-11-06,28599929000.0,4647749.2,28626785000.0,4626791.4,29416351000.0,4010631.5,30597476000.0,3088906.6
2024-11-07,28604046000.0,4657859.3,28630919000.0,4641353.7,29420969000.0,4156089.6,30602821000.0,3430174.2
2024-11-08,28610926000.0,4578123.2,28637807000.0,4569278.8,29428118000.0,4309252.8,30610359000.0,3920275.2
2024-11-09,28620032000.0,4333641.2,28646931000.0,4315569.8,29437774000.0,3784269.8,30620809000.0,2989488.3
2024-11-10,28638974000.0,3925288.0,28665891000.0,3908039.5,29457240000.0,3400932.7,30641034000.0,2642342.3
2024-11-11,28648633000.0,3981579.8,28675563000.0,3968165.0,29467307000.0,3573769.0,30651690000.0,2983784.8
2024-11-12,28667758000.0,4534260.0,28694705000.0,4517807.1,29486932000.0,4034090.9,30672039000.0,3310491.1
2024-11-13,28681481000.0,4632253.8,28708444000.0,4615629.6,29501160000.0,4126879.9,30686998000.0,3395750.2
2024-11-14,28696401000.0,4641353.7,28723380000.0,4625912.4,29516550000.0,4171939.1,30703067000.0,3492832.0
2024-11-15,28707827000.0,4671545.3,28734821000.0,4656090.0,29528446000.0,4201703.9,30715643000.0,3521979.3
2024-11-16,28715458000.0,4421113.4,28742465000.0,4407564.1,29536488000.0,4009212.3,30724281000.0,3413310.5
2024-11-17,28722281000.0,4059121.0,28749303000.0,4044720.6,29543749000.0,3621350.0,30732176000.0,2988022.2
2024-11-18,28727270000.0,4576487.6,28754310000.0,4558277.8,29549292000.0,4022907.3,30738519000.0,3222036.8
2024-11-19,28734381000.0,4668975.5,28761436000.0,4653336.9,29556878000.0,4193561.7,30746793000.0,3505775.7
2024-11-20,28742418000.0,4599904.3,28769490000.0,4583495.4,29565413000.0,4101074.9,30756050000.0,3379413.2
2024-11-21,28754561000.0,4609197.7,28781649000.0,4592602.4,29578061000.0,4104701.2,30769428000.0,3374840.8
2024-11-22,28767071000.0,4536132.7,28794173000.0,4522820.0,29590976000.0,4131428.1,30782928000.0,3545937.8
2024-11-23,28775875000.0,4343210.0,28802992000.0,4328885.4,29600216000.0,3907739.2,30792798000.0,3277738.9
2024-11-24,28785069000.0,4044786.0,28812202000.0,4027904.5,29609923000.0,3531587.2,30803248000.0,2789137.1
2024-11-25,28790605000.0,4645025.9,28817760000.0,4624017.3,29616098000.0,4006366.9,30810346000.0,3082412.1
2024-11-26,28803307000.0,4709616.7,28830481000.0,4689662.0,29629406000.0,4102992.6,30824532000.0,3225383.2
2024-11-27,28816444000.0,4668203.6,28843635000.0,4651810.4,29643042000.0,4169848.5,30838889000.0,3448872.9
2024-11-28,28829083000.0,4675883.6,28856292000.0,4658371.1,29656213000.0,4143501.8,30852831000.0,3373299.4
2024-11-29,28837343000.0,4725290.0,28864569000.0,4707487.3,29665014000.0,4184087.3,30862414000.0,3401123.7
2024-11-30,28843057000.0,4516720.6,28870307000.0,4492509.0,29671464000.0,3780688.3,30869929000.0,2715862.6
2024-12-01,28849225000.0,3995525.6,28876493000.0,3977118.4,29678191000.0,3435946.1,30877466000.0,2626396.6
2024-12-02,28854036000.0,4441107.7,28881321000.0,4423973.5,29683523000.0,3920226.2,30883552000.0,3166661.5
2024-12-03,28858872000.0,4498177.5,28886174000.0,4481406.3,29688869000.0,3988333.9,30889635000.0,3250737.8
2024-12-04,28862769000.0,4539143.5,28890091000.0,4520312.0,29693339000.0,3966664.7,30894933000.0,3138453.6
2024-12-05,28867241000.0,4547907.5,28894582000.0,4528179.4,29698410000.0,3948171.8,30900872000.0,3080527.7
2024-12-06,28871468000.0,4508917.5,28898827000.0,4490733.8,29703190000.0,3956131.5,30906452000.0,3156410.2
2024-12-07,28875020000.0,4219570.4,28902400000.0,4199545.5,29707351000.0,3610812.3,30911494000.0,2730115.4
2024-12-08,28879408000.0,3882203.4,28906812000.0,3857530.4,29712489000.0,3132145.4,30917716000.0,2047028.6
2024-12-09,28882553000.0,4448069.0,28909978000.0,4426963.0,29716276000.0,3806446.0,30922431000.0,2878203.2
2024-12-10,28885404000.0,4558398.6,28912846000.0,4541002.3,29719655000.0,4029549.9,30926576000.0,3264458.8
2024-12-11,28888510000.0,4543759.1,28915971000.0,4525734.4,29723310000.0,3995810.3,30931023000.0,3203087.1
2024-12-12,28891776000.0,4568269.5,28919255000.0,4549509.3,29727146000.0,3997960.3,30935684000.0,3172888.0
2024-12-13,28894083000.0,4526075.8,28921580000.0,4507486.0,29730018000.0,3960947.7,30939374000.0,3143370.9
2024-12-14,28897151000.0,4259398.8,28924665000.0,4242863.6,29733588000.0,3756728.1,30943672000.0,3029509.1
2024-12-15,28904806000.0,3946599.8,28932333000.0,3933584.0,29741639000.0,3550917.7,30952295000.0,2978480.1
2024-12-16,28910523000.0,4463506.1,28938062000.0,4451476.5,29747722000.0,4097807.8,30958907000.0,3568748.2
2024-12-17,28913998000.0,4513607.9,28941555000.0,4495713.5,29751741000.0,3969619.1,30963712000.0,3182624.7
2024-12-18,28917704000.0,4570617.0,28945280000.0,4552015.9,29756012000.0,4005145.1,30968802000.0,3187070.9
2024-12-19,28923421000.0,4535162.7,28951010000.0,4522702.6,29762108000.0,4156375.4,30975446000.0,3608379.7
2024-12-20,28926024000.0,4503352.4,28953629000.0,4487010.6,29765208000.0,4006562.3,30979265000.0,3287850.8
2024-12-21,28932771000.0,4273128.9,28960389000.0,4260388.0,29772343000.0,3885805.2,30986960000.0,3325460.0
2024-12-22,28950476000.0,3949714.7,28978111000.0,3932142.1,29790581000.0,3415507.1,31005971000.0,2642663.3
2024-12-23,28979107000.0,4253389.2,29006758000.0,4237376.9,29819699000.0,3766617.4,31035793000.0,3062399.5
2024-12-24,28986734000.0,4006062.8,29014400000.0,3991652.3,29827765000.0,3567983.6,31044493000.0,2934209.8
2024-12-25,28993312000.0,3578708.3,29020994000.0,3562192.6,29834845000.0,3076630.4,31052299000.0,2350269.0
2024-12-26,29002551000.0,4198764.3,29030247000.0,4184950.9,29844504000.0,3778836.6,31062565000.0,3171322.9
2024-12-27,29011071000.0,4263810.0,29038780000.0,4249915.1,29853446000.0,3841404.4,31072118000.0,3230305.8
2024-12-28,29016113000.0,4081106.6,29043838000.0,4065678.6,29858957000.0,3612095.1,31078308000.0,2933571.2
2024-12-29,29022028000.0,3819049.8,29049769000.0,3804032.4,29865329000.0,3362522.6,31085341000.0,2702060.0
2024-12-30,29027469000.0,4033755.1,29055220000.0,4022408.8,29871114000.0,3688828.5,31091625000.0,3189819.5
2024-12-31,29032358000.0,3774597.0,29060125000.0,3758477.1,29876493000.0,3284552.9,31097713000.0,2575601.0
2025-01-01,29036748000.0,3353795.6,29064529000.0,3340254.4,29881295000.0,2942143.5,31103110000.0,2346601.9
2025-01-02,29042422000.0,3838955.7,29070222000.0,3821011.8,29887515000.0,3293461.2,31110119000.0,2504288.4
2025-01-03,29048579000.0,3982176.3,29076391000.0,3969419.4,29894059000.0,3594366.6,31117224000.0,3033318.1
2025-01-04,29060935000.0,3880933.0,29088763000.0,3864488.2,29906915000.0,3381012.9,31130804000.0,2657773.2
2025-01-05,29074269000.0,3561593.5,29102114000.0,3544401.2,29920771000.0,3038945.5,31145416000.0,2282825.1
2025-01-06,29082023000.0,3658978.4,29109889000.0,3638848.9,29929138000.0,3047042.8,31154668000.0,2161749.1
2025-01-07,29086994000.0,4134588.1,29114879000.0,4115737.1,29934682000.0,3561516.5,31161041000.0,2732447.8
2025-01-08,29091645000.0,4268424.0,29119549000.0,4249353.8,29939913000.0,3688689.3,31167110000.0,2849981.0
2025-01-09,29096442000.0,4298221.2,29124362000.0,4281740.2,29945210000.0,3797198.5,31173133000.0,3072363.7
2025-01-10,29099403000.0,4337896.7,29127342000.0,4319411.5,29948734000.0,3775946.0,31177469000.0,2962966.0
2025-01-11,29103412000.0,4164511.1,29131368000.0,4146270.4,29953297000.0,3609994.1,31182835000.0,2807768.6
2025-01-12,29106491000.0,3823433.1,29134471000.0,3800473.0,29957074000.0,3125446.7,31187622000.0,2115662.4
2025-01-13,29108530000.0,4312665.6,29136534000.0,4288256.7,29959855000.0,3570634.2,31191476000.0,2497129.4
2025-01-14,29110419000.0,4374716.9,29138446000.0,4351289.6,29962456000.0,3662527.0,31195108000.0,2632194.3
2025-01-15,29113258000.0,4370582.2,29141309000.0,4346571.1,29966025000.0,3640643.8,31199733000.0,2584634.4
2025-01-16,29115479000.0,4372839.0,29143553000.0,4350351.7,29968930000.0,3689222.1,31203627000.0,2700226.2
2025-01-17,29118359000.0,4415141.4,29146455000.0,4392799.9,29972489000.0,3735958.6,31208168000.0,2753377.6
2025-01-18,29121100000.0,4189488.4,29149222000.0,4164037.8,29976004000.0,3415789.6,31212802000.0,2296471.3
2025-01-19,29123954000.0,3852852.2,29152097000.0,3830744.7,29979529000.0,3180783.0,31217300000.0,2208493.4
2025-01-20,29125245000.0,4380615.1,29153412000.0,4356901.5,29981541000.0,3659722.9,31220355000.0,2616800.5
2025-01-21,29125705000.0,4454532.3,29153897000.0,4430576.2,29982730000.0,3726265.7,31222597000.0,2672674.6
2025-01-22,29126455000.0,4475825.9,29154671000.0,4451875.6,29984208000.0,3747737.1,31225129000.0,2694403.3
2025-01-23,29126865000.0,4491846.2,29155105000.0,4467161.2,29985369000.0,3741420.7,31227375000.0,2655772.2
2025-01-24,29127424000.0,4486271.6,29155677000.0,4473590.8,29986313000.0,4100773.8,31228877000.0,3543070.0
2025-01-25,29128703000.0,4275913.2,29156973000.0,4258986.4,29988107000.0,3761339.1,31231415000.0,3016899.3
2025-01-26,29131927000.0,3890049.8,29160216000.0,3871222.1,29991903000.0,3317689.5,31236040000.0,2489649.9
2025-01-27,29135223000.0,4451751.7,29163532000.0,4431779.4,29995806000.0,3844594.1,31240821000.0,2966212.8
2025-01-28,29141389000.0,4462066.7,29169717000.0,4442895.5,30002555000.0,3879261.3,31248413000.0,3036110.6
2025-01-29,29149037000.0,4506286.4,29177387000.0,4484010.4,30010880000.0,3829095.4,31257718000.0,2849396.0
2025-01-30,29164923000.0,4526888.6,29193295000.0,4504848.5,30027436000.0,3856870.4,31275243000.0,2887548.2
2025-01-31,29175935000.0,4529584.6,29204328000.0,4509177.0,30039069000.0,3909195.7,31287773000.0,3011672.5
2025-02-01,29180961000.0,4398950.7,29209373000.0,4380097.7,30044668000.0,3825819.8,31294202000.0,2996665.3
2025-02-02,29184434000.0,3998161.7,29212863000.0,3980628.5,30048674000.0,3465151.5,31298979000.0,2694040.1
2025-02-03,29189884000.0,4517726.9,29218329000.0,4501747.4,30054609000.0,4031951.0,31305617000.0,3329173.9
2025-02-04,29194712000.0,4559665.3,29223173000.0,4543433.2,30059931000.0,4066206.8,31311652000.0,3352315.1
2025-02-05,29201814000.0,4600802.4,29230287000.0,4589644.5,30067372000.0,4261602.2,31319584000.0,3770877.8
2025-02-06,29206113000.0,4591165.9,29234603000.0,4573954.8,30072194000.0,4067948.8,31325163000.0,3311005.0
2025-02-07,29213030000.0,4613900.5,29241537000.0,4596373.1,30079644000.0,4081068.1,31333384000.0,3310214.0
2025-02-08,29221809000.0,4357648.2,29250329000.0,4344791.5,30088814000.0,3966803.3,31343120000.0,3401363.9
2025-02-09,29237082000.0,3977961.2,29265609000.0,3970360.9,30104318000.0,3746911.5,31358957000.0,3412649.4
2025-02-10,29241693000.0,4442456.8,29270237000.0,4425395.5,30109447000.0,3923792.3,31364837000.0,3173435.1
2025-02-11,29249784000.0,4509988.4,29278337000.0,4501422.0,30117799000.0,4249571.3,31373566000.0,3872823.2
2025-02-12,29256223000.0,4534156.6,29284791000.0,4519166.6,30124694000.0,4078459.4,31381120000.0,3419197.4
2025-02-13,29261446000.0,4563137.1,29290030000.0,4547534.0,30130392000.0,4088802.3,31387504000.0,3402577.1
2025-02-14,29268447000.0,4535563.1,29297045000.0,4521113.2,30137832000.0,4096286.4,31395579000.0,3460780.3
2025-02-15,29275364000.0,4312143.0,29303977000.0,4297757.4,30145186000.0,3874822.6,31403566000.0,3242146.5
2025-02-16,29284296000.0,3939571.4,29312922000.0,3926428.0,30154517000.0,3540012.3,31413476000.0,2961966.0
2025-02-17,29299955000.0,4442319.3,29328597000.0,4425935.4,30170675000.0,3944248.8,31430354000.0,3223684.8
2025-02-18,29310785000.0,4497322.5,29339443000.0,4481762.3,30181978000.0,4024291.9,31442341000.0,3339953.4
2025-02-19,29316570000.0,4543108.5,29345242000.0,4528762.4,30188199000.0,4106985.6,31449193000.0,3476041.9
2025-02-20,29322476000.0,4582223.8,29351167000.0,4562647.4,30194699000.0,3987100.0,31456554000.0,3126128.2
2025-02-21,29330994000.0,4609377.2,29359703000.0,4591876.8,30203750000.0,4077363.0,31466374000.0,3307692.3
2025-02-22,29338288000.0,4374103.8,29367011000.0,4359724.9,30211481000.0,3936984.9,31474738000.0,3304600.4
2025-02-23,29343856000.0,3997010.9,29372596000.0,3980194.9,30217560000.0,3485803.9,31481557000.0,2746235.3
2025-02-24,29348504000.0,4503870.3,29377260000.0,4488408.4,30222678000.0,4033827.3,31487355000.0,3353811.2
2025-02-25,29362067000.0,4573287.0,29390835000.0,4560416.2,30236632000.0,4182015.3,31501875000.0,3615958.4
2025-02-26,29366111000.0,4548148.9,29394899000.0,4529351.3,30241248000.0,3976701.5,31507318000.0,3149982.6
2025-02-27,29370097000.0,4575203.2,29398902000.0,4557459.3,30245773000.0,4035790.7,31512623000.0,3255417.1
2025-02-28,29375921000.0,4541903.3,29404740000.0,4528310.7,30252011000.0,4128686.2,31519459000.0,3530880.5
2025-03-01,29380151000.0,4211055.0,29408989000.0,4192139.2,30256816000.0,3636015.3,31525095000.0,2804099.3
2025-03-02,29386866000.0,3846126.1,29415724000.0,3825740.0,30264150000.0,3226389.2,31533326000.0,2329809.4
2025-03-03,29396404000.0,4302895.9,29425278000.0,4287079.5,30274169000.0,3822075.8,31544041000.0,3126468.4
2025-03-04,29407208000.0,4385478.3,29436098000.0,4369522.3,30285458000.0,3900413.8,31556032000.0,3198665.8
2025-03-05,29417339000.0,4405234.7,29446243000.0,4390431.0,30296039000.0,3955204.6,31567263000.0,3304141.4
2025-03-06,29421970000.0,4392874.5,29450889000.0,4378295.6,30301113000.0,3949673.5,31572979000.0,3308490.0
2025-03-07,29427605000.0,4420620.5,29456539000.0,4405764.2,30307200000.0,3968989.9,31579719000.0,3315611.1
2025-03-08,29431331000.0,4202495.2,29460286000.0,4180877.5,30311583000.0,3545317.1,31585053000.0,2594570.7
2025-03-09,29435815000.0,3874000.5,29464792000.0,3852908.6,30316709000.0,3232804.4,31591106000.0,2305179.1
2025-03-10,29438406000.0,4417495.4,29467404000.0,4396600.0,30319935000.0,3782274.7,31595251000.0,2863294.1
2025-03-11,29442400000.0,4418362.2,29471415000.0,4401087.6,30324454000.0,3893212.6,31600530000.0,3133473.0
2025-03-12,29447026000.0,4390337.1,29476056000.0,4375842.3,30329521000.0,3949697.0,31606234000.0,3312218.3
2025-03-13,29451312000.0,4418743.7,29480360000.0,4400475.7,30334362000.0,3863396.8,31611879000.0,3059970.6
2025-03-14,29458929000.0,4413885.2,29487991000.0,4399190.8,30342425000.0,3967174.8,31620589000.0,3320914.2
2025-03-15,29464565000.0,4198570.2,29493646000.0,4180715.2,30348605000.0,3655778.8,31627553000.0,2870516.7
2025-03-16,29472839000.0,3835580.5,29501939000.0,3815924.5,30357476000.0,3238038.1,31637289000.0,2373567.3
2025-03-17,29482956000.0,4336905.1,29512073000.0,4319696.0,30368116000.0,3813747.2,31648686000.0,3056889.3
2025-03-18,29490111000.0,4345174.5,29519245000.0,4328197.4,30375787000.0,3829071.0,31657104000.0,3082418.6
2025-03-19,29495032000.0,4383265.6,29524187000.0,4362226.3,30381347000.0,3743670.0,31663589000.0,2818360.2
2025-03-20,29499831000.0,4438866.6,29529005000.0,4419911.9,30386723000.0,3862641.3,31669799000.0,3029010.1
2025-03-21,29506321000.0,4453055.4,29535516000.0,4432422.0,30393840000.0,3825801.8,31677823000.0,2918347.5
2025-03-22,29512731000.0,4309731.5,29541948000.0,4287377.0,30400930000.0,3630157.4,31685896000.0,2647010.4
2025-03-23,29516625000.0,3929955.9,29545864000.0,3907494.6,30405506000.0,3247133.3,31691460000.0,2259286.6
2025-03-24,29520568000.0,4035700.8,29549830000.0,4013733.6,30410117000.0,3367899.7,31697038000.0,2401784.9
2025-03-25,29523775000.0,4499141.1,29553050000.0,4485488.8,30413739000.0,4084110.0,31701260000.0,3483680.1
2025-03-26,29525866000.0,4507033.2,29555162000.0,4486200.6,30416464000.0,3873721.3,31704901000.0,2957502.2
2025-03-27,29528286000.0,4502964.6,29557601000.0,4483218.9,30419483000.0,3902695.3,31708789000.0,3034279.4
2025-03-28,29532689000.0,4459758.2,29562018000.0,4446563.3,30424288000.0,4058634.1,31714174000.0,3478323.7
2025-03-29,29538984000.0,4249993.0,29568328000.0,4234343.8,30431058000.0,3774259.1,31721632000.0,3086009.9
2025-03-30,29544590000.0,3859119.5,29573947000.0,3846861.8,30437037000.0,3486485.4,31728150000.0,2947391.7
2025-03-31,29547806000.0,4322427.8,29577178000.0,4306772.4,30440729000.0,3846504.2,31732531000.0,3157980.6
2025-04-01,29559805000.0,4392809.5,29589195000.0,4375482.2,30453255000.0,3866059.3,31745819000.0,3104004.2
2025-04-02,29566851000.0,4393455.1,29596258000.0,4376122.4,30460828000.0,3866538.9,31754154000.0,3104243.7
2025-04-03,29572757000.0,4430154.5,29602179000.0,4415657.8,30467175000.0,3989455.1,31761138000.0,3351890.7
2025-04-04,29580322000.0,4401946.4,29609759000.0,4385821.1,30475230000.0,3911736.4,31769902000.0,3202544.4
2025-04-05,29589132000.0,4213057.5,29618587000.0,4196686.1,30484538000.0,3715366.4,31779931000.0,2995351.3
2025-04-06,29599939000.0,3860960.0,29629408000.0,3846682.1,30495779000.0,3426911.8,31791800000.0,2798969.8
2025-04-07,29610398000.0,4345846.2,29639889000.0,4323543.3,30506915000.0,3667837.1,31803917000.0,2686954.3
2025-04-08,29624611000.0,4403953.2,29654118000.0,4387694.1,30521622000.0,3909676.6,31819339000.0,3194601.3
2025-04-09,29632581000.0,4436674.8,29662104000.0,4420671.9,30530080000.0,3950187.5,31828500000.0,3246381.3
2025-04-10,29659429000.0,4401051.8,29688966000.0,4386301.2,30557375000.0,3952634.1,31856444000.0,3303903.6
2025-04-11,29683634000.0,4305855.0,29713192000.0,4285711.5,30582193000.0,3693492.6,31882148000.0,2807581.5
2025-04-12,29717359000.0,4221562.1,29746941000.0,4198144.2,30616630000.0,3509656.7,31917615000.0,2479735.7
2025-04-13,29733553000.0,3986842.2,29763159000.0,3962214.1,30633573000.0,3238147.7,31935641000.0,2155003.4
2025-04-14,29744673000.0,4478199.7,29774304000.0,4452707.7,30645468000.0,3703244.1,31948657000.0,2582107.7
2025-04-15,29751596000.0,4532443.3,29781250000.0,4509931.7,30653075000.0,3848091.3,31957254000.0,2858032.0
2025-04-16,29758023000.0,4466853.3,29787698000.0,4445905.6,30660139000.0,3830043.8,31965239000.0,2908764.8
2025-04-17,29767252000.0,3960113.3,29796945000.0,3941429.9,30669936000.0,3392139.7,31975858000.0,2570446.4
2025-04-18,29773877000.0,3744133.9,29803593000.0,3721336.9,30677254000.0,3051103.3,31984178000.0,2048488.6
2025-04-19,29786243000.0,3969484.8,29815980000.0,3948676.7,30690252000.0,3336919.8,31998092000.0,2421781.3
2025-04-20,29804586000.0,3880591.9,29834343000.0,3861076.3,30709189000.0,3287317.6,32017887000.0,2429021.6
2025-04-21,29815918000.0,4377185.6,29845690000.0,4362508.4,30720967000.0,3930996.9,32030311000.0,3285491.0
2025-04-22,29823600000.0,4423346.7,29853386000.0,4408693.6,30729094000.0,3977893.0,32039082000.0,3333450.6
2025-04-23,29840500000.0,4429389.5,29870305000.0,4410795.1,30746560000.0,3864119.1,32057366000.0,3046336.5
2025-04-24,29861241000.0,4469977.3,29891066000.0,4450159.4,30767903000.0,3867514.6,32079581000.0,2995925.6
2025-04-25,29881320000.0,4478493.8,29911162000.0,4461274.2,30788506000.0,3955015.9,32100940000.0,3197694.8
2025-04-26,29894468000.0,4223047.2,29924327000.0,4206187.1,30802167000.0,3710500.5,32115343000.0,2968993.7
2025-04-27,29922527000.0,3850543.5,29952403000.0,3832743.5,30830766000.0,3309423.8,32144726000.0,2526580.3
2025-04-28,29942900000.0,4346078.6,29972792000.0,4330245.4,30851620000.0,3864748.7,32166276000.0,3168403.7
2025-04-29,29973272000.0,4392026.9,30003182000.0,4374593.9,30882523000.0,3862063.7,32197945000.0,3095360.4
2025-04-30,30004421000.0,4352703.3,30034348000.0,4335563.2,30914193000.0,3831644.0,32230369000.0,3077822.0
2025-05-01,30024446000.0,3979867.7,30054387000.0,3965280.1,30934661000.0,3536405.8,32251479000.0,2894844.9
2025-05-02,30042608000.0,4326100.8,30072564000.0,4310705.5,30953291000.0,3858085.2,32270785000.0,3181002.1
2025-05-03,30061241000.0,4077994.9,30091212000.0,4064190.9,30972344000.0,3658351.8,32290446000.0,3051249.7
2025-05-04,30076493000.0,3779659.6,30106480000.0,3762409.1,30988120000.0,3255245.0,32306980000.0,2496568.9
2025-05-05,30096908000.0,4235411.9,30126913000.0,4218213.7,31009058000.0,3712586.1,32328675000.0,2956208.3
2025-05-06,30118848000.0,4308165.6,30148872000.0,4289710.4,31031559000.0,3747127.8,32351988000.0,2935468.5
2025-05-07,30141650000.0,4294374.5,30171686000.0,4281483.1,31054753000.0,3902474.4,32375748000.0,3335508.4
2025-05-08,30160974000.0,4314891.7,30191026000.0,4299668.5,31074540000.0,3852104.6,32396205000.0,3182585.6
2025-05-09,30177483000.0,4373809.0,30207559000.0,4349093.2,31091800000.0,3622446.9,32414552000.0,2535443.4
2025-05-10,30189855000.0,4283305.7,30219958000.0,4256409.0,31104990000.0,3465644.8,32428925000.0,2282726.2
2025-05-11,30198408000.0,3926772.7,30228532000.0,3905555.6,31114188000.0,3281770.8,32439056000.0,2348639.6
2025-05-12,30206065000.0,4488473.2,30236214000.0,4462975.8,31122619000.0,3713351.7,32448609000.0,2591975.1
2025-05-13,30212645000.0,4522002.9,30242810000.0,4506844.4,31129660000.0,4061183.9,32456316000.0,3394512.2
2025-05-14,30220165000.0,4487524.1,30250346000.0,4470854.7,31137687000.0,3980775.0,32465076000.0,3247655.6
2025-05-15,30231182000.0,4385129.2,30261378000.0,4370328.3,31149154000.0,3935182.2,32477194000.0,3284239.0
2025-05-16,30249007000.0,4350838.4,30279219000.0,4335298.9,31167452000.0,3878436.1,32496176000.0,3195006.7
2025-05-17,30282934000.0,4116269.6,30313161000.0,4100597.1,31201855000.0,3639824.4,32531268000.0,2950546.1
2025-05-18,30311864000.0,3809306.4,30342108000.0,3793117.5,31231278000.0,3317163.8,32561402000.0,2605176.0
2025-05-19,30348488000.0,4235281.0,30378752000.0,4215338.7,31268507000.0,3629036.3,32599509000.0,2751975.7
2025-05-20,30384336000.0,4376933.8,30414619000.0,4357628.0,31304942000.0,3790038.0,32636793000.0,2940969.8
2025-05-21,30410810000.0,4439257.7,30441113000.0,4419113.0,31332029000.0,3826859.7,32664766000.0,2940897.1
2025-05-22,30435841000.0,4451395.3,30466165000.0,4431061.5,31357678000.0,3833247.2,32691310000.0,2938965.8
2025-05-23,30456355000.0,4529816.8,30486702000.0,4505953.5,31378917000.0,3804371.9,32713598000.0,2754863.1
2025-05-24,30471366000.0,4359754.2,30501736000.0,4336824.9,31394625000.0,3662704.4,32730315000.0,2654275.1
2025-05-25,30479616000.0,3991254.0,30510011000.0,3966971.4,31403614000.0,3253063.8,32740371000.0,2185116.4
2025-05-26,30492270000.0,4411706.7,30522682000.0,4394170.7,31416800000.0,3878613.5,32754329000.0,3107382.0
2025-05-27,30515167000.0,4426819.7,30545594000.0,4411601.1,31440160000.0,3964174.8,32778358000.0,3294861.7
2025-05-28,30533936000.0,4450941.9,30564389000.0,4425173.8,31459712000.0,3667592.3,32799043000.0,2534312.1
2025-05-29,30548937000.0,4473878.3,30579416000.0,4448783.4,31475477000.0,3710992.2,32815912000.0,2607316.7
2025-05-30,30565419000.0,4530125.0,30595918000.0,4509875.4,31492575000.0,3914537.8,32833900000.0,3023961.2
2025-05-31,30572854000.0,4215941.7,30603375000.0,4193735.1,31500684000.0,3540861.0,32842986000.0,2564214.8
2025-06-01,30580672000.0,3795573.5,30611211000.0,3777411.2,31509055000.0,3243439.6,32852155000.0,2444661.6
2025-06-02,30585162000.0,3961357.0,30615721000.0,3941064.5,31514161000.0,3344465.6,32858155000.0,2452002.3
2025-06-03,30599798000.0,4417771.0,30630380000.0,4394875.7,31529493000.0,3721752.7,32874494000.0,2714815.6
2025-06-04,30620259000.0,4477978.1,30650863000.0,4456085.8,31550620000.0,3812453.4,32896583000.0,2849631.8
2025-06-05,30631287000.0,4498881.0,30661909000.0,4480995.9,31562192000.0,3955176.7,32908941000.0,3168593.9
2025-06-06,30644291000.0,4493060.2,30674932000.0,4473139.4,31575801000.0,3887467.6,32923426000.0,3011350.3
2025-06-07,30653329000.0,4315831.2,30683998000.0,4288813.6,31585660000.0,3494495.0,32934474000.0,2306259.2
2025-06-08,30659043000.0,4039655.1,30689736000.0,4015137.3,31592120000.0,3294315.8,32942012000.0,2216025.6
2025-06-09,30666266000.0,4470232.2,30696976000.0,4454225.8,31599830000.0,3983638.2,32950426000.0,3279677.6
2025-06-10,30676725000.0,4461840.1,30707453000.0,4442878.7,31610865000.0,3885413.2,32962295000.0,3051490.4
2025-06-11,30696437000.0,4364487.3,30727181000.0,4349461.8,31631034000.0,3907711.2,32983125000.0,3246888.4
2025-06-12,30711818000.0,4408477.9,30742576000.0,4393647.0,31646865000.0,3957617.9,32999608000.0,3305354.0
2025-06-13,30739473000.0,4312392.0,30770245000.0,4298490.5,31674943000.0,3889784.9,33028297000.0,3278394.7
2025-06-14,30767280000.0,4065020.3,30798067000.0,4049285.3,31703228000.0,3586678.1,33057275000.0,2894655.4
2025-06-15,30784300000.0,3797903.7,30815109000.0,3775832.8,31720919000.0,3126949.0,33075936000.0,2156271.7
2025-06-16,30804662000.0,4400632.2,30835488000.0,4384685.5,31741766000.0,3915852.3,33097484000.0,3214516.0
2025-06-17,30830943000.0,4460533.9,30861792000.0,4437238.8,31768756000.0,3752363.2,33125499000.0,2727845.1
2025-06-18,30853213000.0,4503380.5,30884087000.0,4479044.5,31791766000.0,3763566.1,33149579000.0,2693268.8
2025-06-19,30873491000.0,4563207.0,30904391000.0,4536363.3,31812859000.0,3747158.5,33171853000.0,2566572.6
2025-06-20,30891234000.0,4596615.6,30922159000.0,4572815.9,31831326000.0,3873103.2,33191367000.0,2826390.2
2025-06-21,30898570000.0,4360514.3,30929515000.0,4339082.7,31839313000.0,3708991.6,33200296000.0,2766426.7
2025-06-22,30911002000.0,3861312.5,30941961000.0,3847288.5,31852171000.0,3434982.6,33213771000.0,2818206.6
2025-06-23,30942273000.0,3895974.9,30973248000.0,3880215.4,31883921000.0,3416885.8,33246214000.0,2723782.5
2025-06-24,30966873000.0,4361469.9,30997861000.0,4348809.7,31908906000.0,3976600.4,33271756000.0,3419805.7
2025-06-25,30979222000.0,4458885.5,31010235000.0,4434057.3,31922010000.0,3704108.8,33285952000.0,2612165.4
2025-06-26,30986853000.0,4532221.2,31017890000.0,4508268.1,31930370000.0,3804049.4,33295365000.0,2750595.5
2025-06-27,30996679000.0,4530943.0,31027736000.0,4510442.6,31940819000.0,3907732.3,33306716000.0,3006127.0
2025-06-28,31005245000.0,4276547.8,31036323000.0,4255519.8,31950024000.0,3637296.0,33316846000.0,2712483.7
2025-06-29,31015065000.0,3921746.9,31046166000.0,3899277.4,31960527000.0,3238675.3,33328337000.0,2250468.5
2025-06-30,31022717000.0,4029726.7,31053842000.0,4005472.2,31968917000.0,3292390.2,33337793000.0,2225677.8
2025-07-01,31028390000.0,4348559.7,31059535000.0,4328138.2,31975210000.0,3727744.0,33344985000.0,2829603.4
2025-07-02,31034173000.0,4425837.1,31065343000.0,4401943.7,31981720000.0,3699479.2,33352546000.0,2648649.7
2025-07-03,31038921000.0,4413227.1,31070110000.0,4393833.2,31987058000.0,3823651.9,33358736000.0,2970707.3
2025-07-04,31043164000.0,4362127.5,31074371000.0,4344319.3,31991842000.0,3820758.8,33364304000.0,3037555.1
2025-07-05,31054624000.0,4069036.1,31085852000.0,4047012.8,32003971000.0,3399527.8,33377401000.0,2430943.0
2025-07-06,31059800000.0,3790010.0,31091047000.0,3771329.4,32009715000.0,3222119.5,33383967000.0,2400546.3
2025-07-07,31064480000.0,4335101.9,31095754000.0,4307974.7,32015219000.0,3510434.1,33390664000.0,2317378.6
2025-07-08,31068098000.0,4425106.0,31099395000.0,4402863.9,32019514000.0,3748946.5,33395937000.0,2770739.4
2025-07-09,31072101000.0,4436870.5,31103418000.0,4416317.8,32024142000.0,3812071.1,33401469000.0,2908167.3
2025-07-10,31080008000.0,4432956.8,31111346000.0,4411957.6,32032686000.0,3794582.3,33410937000.0,2871039.3
2025-07-11,31088866000.0,4430180.3,31120223000.0,4411434.9,32042115000.0,3860321.6,33421190000.0,3035901.2
2025-07-12,31093152000.0,4198670.4,31124533000.0,4174964.3,32047122000.0,3478003.5,33427239000.0,2435407.0
2025-07-13,31097530000.0,3827012.3,31128932000.0,3805657.4,32052149000.0,3177825.1,33433206000.0,2238639.3
2025-07-14,31103552000.0,4308547.0,31134978000.0,4284465.7,32058903000.0,3576474.6,33441019000.0,2517377.7
2025-07-15,31111391000.0,4398897.2,31142842000.0,4373436.0,32067515000.0,3624878.2,33450751000.0,2505096.9
2025-07-16,31126327000.0,4442483.4,31157803000.0,4418301.1,32083187000.0,3707340.3,33467486000.0,2643801.0
2025-07-17,31129881000.0,4471130.0,31161382000.0,4445642.0,32087516000.0,3696293.0,33472936000.0,2575328.1
2025-07-18,31132672000.0,4511230.2,31164197000.0,4486855.9,32091047000.0,3770253.9,33477540000.0,2698275.7
2025-07-19,31135849000.0,4294183.8,31167398000.0,4271162.1,32094925000.0,3594324.2,33482429000.0,2581829.8
2025-07-20,31138839000.0,3940011.2,31170412000.0,3915374.9,32098664000.0,3191067.7,33487252000.0,2107563.2
2025-07-21,31143809000.0,4422653.3,31175401000.0,4403175.2,32104225000.0,3830517.3,33493670000.0,2973867.8
2025-07-22,31165516000.0,4510931.6,31197129000.0,4491251.4,32126531000.0,3912654.1,33516842000.0,3047119.8
2025-07-23,31178819000.0,4463023.6,31210451000.0,4443552.8,32140426000.0,3871112.8,33531593000.0,3014789.2
2025-07-24,31181182000.0,4509427.8,31212836000.0,4486558.6,32143484000.0,3814203.8,33535656000.0,2808416.0
2025-07-25,31183356000.0,4464581.6,31215030000.0,4444911.6,32146256000.0,3866612.4,33539293000.0,3001524.0
2025-07-26,31188482000.0,4192043.7,31220176000.0,4172226.6,32151984000.0,3589604.8,33545893000.0,2718050.0
2025-07-27,31199146000.0,3829658.7,31230864000.0,3805356.2,32163387000.0,3090863.9,33558365000.0,2022041.7
2025-07-28,31210057000.0,4405895.5,31241800000.0,4381087.6,32175052000.0,3651735.4,33571121000.0,2560683.9
2025-07-29,31222739000.0,4422690.3,31254502000.0,4403053.8,32188331000.0,3825740.8,33585264000.0,2962127.5
2025-07-30,31235309000.0,4379635.7,31267096000.0,4355314.5,32201641000.0,3640271.8,33599643000.0,2570626.3
2025-07-31,31238975000.0,4477913.5,31270786000.0,4453773.3,32206040000.0,3744050.8,33605104000.0,2682364.0
2025-08-01,31249960000.0,4573340.7,31281797000.0,4548532.8,32217780000.0,3819180.5,33617935000.0,2728129.1
2025-08-02,31262115000.0,4341435.7,31293969000.0,4324243.3,32230458000.0,3818787.7,33631369000.0,3062667.2
2025-08-03,31268506000.0,3879133.4,31300383000.0,3856010.3,32237552000.0,3176191.2,33639480000.0,2159237.3
2025-08-04,31270702000.0,4356822.6,31302598000.0,4337264.9,32240342000.0,3762267.9,33643130000.0,2902119.4
2025-08-05,31272363000.0,4440744.2,31304281000.0,4418382.4,32242682000.0,3760944.9,33646454000.0,2777472.0
2025-08-06,31275288000.0,4417820.2,31307230000.0,4394045.8,32246330000.0,3695078.4,33651147000.0,2649480.3
2025-08-07,31281453000.0,4121892.0,31313411000.0,4106262.7,32252970000.0,3646762.8,33658475000.0,2959388.3
2025-08-08,31290827000.0,4412978.0,31322805000.0,4393235.1,32262945000.0,3812791.7,33669318000.0,2944495.9
2025-08-09,31298974000.0,4139318.1,31330971000.0,4119369.2,32271698000.0,3532871.8,33678948000.0,2655519.6
2025-08-10,31303594000.0,3778334.5,31335612000.0,3758379.8,32276925000.0,3171710.4,33685053000.0,2294101.0
2025-08-11,31315444000.0,4335352.0,31347486000.0,4310561.2,32289528000.0,3581713.5,33698747000.0,2491416.7
2025-08-12,31320486000.0,4452405.5,31352554000.0,4427217.0,32295336000.0,3686673.9,33705662000.0,2578881.9
2025-08-13,31325557000.0,4516734.5,31357642000.0,4498980.5,32300947000.0,3977013.8,33712054000.0,3196194.2
2025-08-14,31330439000.0,4520141.4,31362542000.0,4502280.6,32306372000.0,3977172.2,33718264000.0,3191652.9
2025-08-15,31339094000.0,4450734.4,31371213000.0,4435160.1,32315500000.0,3977276.9,33728078000.0,3292320.9
2025-08-16,31353367000.0,4146382.0,31385499000.0,4133099.4,32330177000.0,3742590.3,33743338000.0,3158420.7
2025-08-17,31361113000.0,3783432.6,31393262000.0,3766325.3,32338444000.0,3263369.2,33752357000.0,2510987.9
2025-08-18,31379194000.0,3911373.7,31411365000.0,3889319.6,32357194000.0,3240928.8,33772078000.0,2270989.0
2025-08-19,31389781000.0,4409170.5,31421974000.0,4387320.3,32368446000.0,3744926.2,33784290000.0,2783957.1
2025-08-20,31394717000.0,4569147.2,31426934000.0,4545409.5,32374104000.0,3847519.9,33790993000.0,2803534.1
2025-08-21,31415423000.0,4587006.5,31447663000.0,4563882.7,32395513000.0,3884040.6,33813418000.0,2867052.3
2025-08-22,31430165000.0,4546085.0,31462421000.0,4529527.9,32410758000.0,4042750.3,33829392000.0,3314570.8
2025-08-23,31442060000.0,4283857.5,31474339000.0,4261685.6,32423327000.0,3609832.1,33842936000.0,2634712.3
2025-08-24,31450908000.0,3988635.6,31483212000.0,3963226.0,32432947000.0,3216181.7,33853673000.0,2098664.4
2025-08-25,31457149000.0,4510558.0,31489474000.0,4489832.3,32439818000.0,3880494.6,33861456000.0,2968975.3
2025-08-26,31462600000.0,4554800.1,31494948000.0,4531166.8,32445987000.0,3836350.2,33868665000.0,2796961.2
2025-08-27,31467233000.0,4574523.2,31499604000.0,4552278.3,32451297000.0,3898280.6,33874953000.0,2919953.4
2025-08-28,31471614000.0,4567955.3,31504007000.0,4545184.4,32456370000.0,3875719.1,33881027000.0,2874253.6
2025-08-29,31475390000.0,4589246.0,31507812000.0,4561193.3,32460999000.0,3736443.9,33886890000.0,2502686.2
2025-08-30,31478758000.0,4351019.1,31511202000.0,4328552.4,32465050000.0,3668030.5,33891929000.0,2679943.7
2025-08-31,31482941000.0,3978179.5,31515401000.0,3962030.8,32469724000.0,3487258.1,33897313000.0,2777037.0
2025-09-01,31487960000.0,4452863.3,31520439000.0,4433811.8,32475322000.0,3873697.7,33903749000.0,3035812.7
2025-09-02,31497798000.0,4517089.0,31530300000.0,4493497.9,32485877000.0,3799919.6,33915342000.0,2762383.0
2025-09-03,31519857000.0,4524850.1,31552381000.0,4502729.7,32508608000.0,3852389.7,33939046000.0,2879534.0
2025-09-04,31529896000.0,4581739.6,31562440000.0,4562508.7,32519233000.0,3997120.2,33950516000.0,3151345.2
2025-09-05,31534526000.0,4480855.7,31567089000.0,4462116.2,32524433000.0,3911174.9,33956540000.0,3087011.7
2025-09-06,31542172000.0,4211940.1,31574755000.0,4192024.8,32532684000.0,3606513.5,33965667000.0,2730636.4
2025-09-07,31565467000.0,3853267.5,31598068000.0,3835033.4,32556533000.0,3298952.1,33990318000.0,2497018.1
2025-09-08,31576423000.0,4343514.5,31609044000.0,4322739.9,32568120000.0,3711969.0,34002819000.0,2798305.7
2025-09-09,31587556000.0,4526770.5,31620204000.0,4499718.1,32580076000.0,3704379.0,34015964000.0,2514616.7
2025-09-10,31593570000.0,4621094.1,31626242000.0,4597410.5,32586810000.0,3901114.7,34023740000.0,2859513.1
2025-09-11,31601057000.0,4654203.4,31633752000.0,4631282.7,32594993000.0,3957414.4,34032932000.0,2949362.5
2025-09-12,31605353000.0,4515736.5,31638069000.0,4495081.7,32599918000.0,3887830.8,34038764000.0,2979433.2
2025-09-13,31608694000.0,4353464.0,31641435000.0,4328874.5,32604006000.0,3605943.2,34043934000.0,2524497.0
2025-09-14,31614505000.0,3973540.7,31647268000.0,3951070.1,32610500000.0,3290433.5,34051416000.0,2302175.2
2025-09-15,31621105000.0,4564161.4,31653892000.0,4540269.2,32617827000.0,3837839.1,34059794000.0,2787061.0
2025-09-16,31625350000.0,4591274.5,31658157000.0,4570643.2,32622698000.0,3964080.3,34065573000.0,3056711.8
2025-09-17,31635940000.0,4522344.7,31668765000.0,4505102.8,32633813000.0,3998190.9,34077446000.0,3239892.1
2025-09-18,31652299000.0,4457192.4,31685137000.0,4443964.8,32650574000.0,4055072.4,34094789000.0,3473321.3
2025-09-19,31663400000.0,4432879.9,31696256000.0,4415021.0,32662218000.0,3889970.0,34107218000.0,3104536.4
2025-09-20,31670015000.0,4217869.0,31702895000.0,4193928.1,32669561000.0,3490064.8,34115614000.0,2437142.7
2025-09-21,31675444000.0,3945280.6,31708347000.0,3921622.4,32675709000.0,3226071.9,34122802000.0,2185585.2
2025-09-22,31678840000.0,4443879.5,31711765000.0,4422129.6,32679766000.0,3782682.3,34127816000.0,2826121.2
2025-09-23,31682490000.0,4589520.0,31715440000.0,4564439.9,32684178000.0,3827084.3,34133331000.0,2724060.7
2025-09-24,31685238000.0,4598830.9,31718211000.0,4576455.0,32687606000.0,3918604.7,34137744000.0,2934514.4
2025-09-25,31688796000.0,4552967.5,31721791000.0,4530764.8,32691840000.0,3878005.4,34142953000.0,2901530.7
2025-09-26,31691891000.0,4541155.7,31724905000.0,4521287.1,32695538000.0,3937151.7,34147526000.0,3063332.9
2025-09-27,31701241000.0,4298144.4,31734276000.0,4278646.8,32705482000.0,3705415.5,34158327000.0,2847908.5
2025-09-28,31714529000.0,3955575.1,31747583000.0,3935849.7,32719369000.0,3355922.4,34173082000.0,2488398.4
2025-09-29,31730113000.0,4447541.2,31763185000.0,4429429.6,32735503000.0,3896948.5,34190012000.0,3100400.4
2025-09-30,31742190000.0,4382985.3,31775275000.0,4370485.8,32747961000.0,4003000.5,34203019000.0,3453272.5
2025-10-01,31748168000.0,4489017.2,31781272000.0,4470051.9,32754515000.0,3912471.8,34210408000.0,3078377.5
2025-10-02,31755038000.0,4499410.9,31788164000.0,4476753.1,32762074000.0,3810612.9,34218963000.0,2814121.5
2025-10-03,31764088000.0,4518800.3,31797234000.0,4499650.5,32771706000.0,3936646.9,34229438000.0,3094439.6
2025-10-04,31769764000.0,4240535.4,31802929000.0,4220968.3,32777977000.0,3645696.1,34236569000.0,2785136.0
2025-10-05,31777021000.0,3987540.3,31810207000.0,3966831.3,32785863000.0,3357986.7,34245366000.0,2447204.9
2025-10-06,31788747000.0,4517820.0,31821951000.0,4499747.8,32798139000.0,3968424.8,34258437000.0,3173609.1
2025-10-07,31795012000.0,4574551.4,31828237000.0,4553164.5,32805054000.0,3924392.0,34266292000.0,2983799.7
2025-10-08,31805786000.0,4608613.6,31839023000.0,4596357.5,32816201000.0,4236027.0,34277978000.0,3697001.9
2025-10-09,31817603000.0,4561982.6,31850860000.0,4542691.7,32828604000.0,3975537.5,34291230000.0,3127121.0
2025-10-10,31833845000.0,4454177.2,31867115000.0,4440324.4,32845267000.0,4033052.1,34308502000.0,3423805.9
2025-10-11,31845768000.0,4168842.4,31879056000.0,4151145.4,32857728000.0,3630852.7,34321741000.0,2852537.3
2025-10-12,31864150000.0,3777872.5,31897453000.0,3763164.1,32876557000.0,3330735.3,34341217000.0,2683857.3
2025-10-13,31874749000.0,3881558.2,31908067000.0,3866226.5,32887622000.0,3415475.1,34352957000.0,2741187.8
2025-10-14,31881968000.0,4404507.9,31915304000.0,4386008.7,32895403000.0,3842130.4,34361551000.0,3028533.0
2025-10-15,31892927000.0,4458048.4,31926280000.0,4441600.9,32906863000.0,3958045.3,34373734000.0,3234685.6
2025-10-16,31905558000.0,4380437.7,31938930000.0,4361579.3,32920067000.0,3807140.9,34387768000.0,2977746.2
2025-10-17,31910544000.0,4452901.4,31943934000.0,4434865.5,32925601000.0,3904608.8,34394095000.0,3111388.2
2025-10-18,31922488000.0,4325157.5,31955899000.0,4304246.5,32938181000.0,3689462.5,34407595000.0,2769795.8
2025-10-19,31932853000.0,3985766.0,31966284000.0,3965757.0,32949155000.0,3377493.9,34419448000.0,2497500.2
2025-10-20,31942577000.0,4494682.0,31976027000.0,4476293.5,32959438000.0,3935671.5,34430540000.0,3126945.3
2025-10-21,31951830000.0,4510159.5,31985298000.0,4491652.1,32969253000.0,3947533.1,34441170000.0,3133575.4
2025-10-22,31971085000.0,4535290.5,32004569000.0,4519270.1,32988995000.0,4048269.7,34461616000.0,3343691.6
2025-10-23,31984096000.0,4544437.1,32017596000.0,4528488.5,33002491000.0,4059597.9,34475814000.0,3358175.8
2025-10-24,31995821000.0,4569360.2,32029337000.0,4552811.7,33014719000.0,4066286.4,34488769000.0,3338484.2
2025-10-25,32009807000.0,4354605.3,32043342000.0,4336088.5,33029268000.0,3791694.2,34504133000.0,2977324.9
2025-10-26,32025634000.0,4062790.6,32059187000.0,4044798.8,33045642000.0,3515837.8,34521298000.0,2724555.3
2025-10-27,32038846000.0,4493479.7,32072415000.0,4478172.1,33059319000.0,4028131.6,34535649000.0,3354907.8
2025-10-28,32050877000.0,4613992.6,32084463000.0,4596613.0,33071879000.0,4085653.7,34548972000.0,3321300.2
2025-10-29,32059815000.0,4636651.7,32093420000.0,4617578.0,33081397000.0,4056810.3,34559329000.0,3217947.7
2025-10-30,32067880000.0,4586419.2,32101501000.0,4569884.0,33089964000.0,4083748.5,34568624000.0,3356529.6
2025-10-31,32078576000.0,4521334.4,32112219000.0,4500484.2,33101294000.0,3887488.9,34580871000.0,2970498.0
2025-11-01,32084292000.0,4324679.8,32117955000.0,4303853.0,33107643000.0,3691545.6,34588136000.0,2775583.9
2025-11-02,32092203000.0,4002903.9,32125886000.0,3983277.9,33116151000.0,3406274.4,34597506000.0,2543124.3
2025-11-03,32106884000.0,4085793.3,32140583000.0,4069669.9,33131322000.0,3595642.6,34613386000.0,2886536.3
2025-11-04,32116237000.0,4518756.1,32149951000.0,4503259.8,33141146000.0,4047669.7,34623892000.0,3366144.2
2025-11-05,32124437000.0,4551587.5,32158169000.0,4534397.0,33149869000.0,4028998.7,34633371000.0,3272964.0
2025-11-06,32144158000.0,4559948.1,32177908000.0,4541755.0,33170143000.0,4006877.6,34654445000.0,3206744.6
2025-11-07,32151062000.0,4639478.0,32184832000.0,4618276.8,33177691000.0,3994962.1,34662926000.0,3062534.2
2025-11-08,32154883000.0,4495134.5,32188673000.0,4476203.1,33182088000.0,3919620.5,34668155000.0,3087018.5
2025-11-09,32165301000.0,4145932.8,32199109000.0,4128301.3,33193042000.0,3609934.9,34679885000.0,2834501.1
2025-11-10,32177100000.0,4587086.7,32210927000.0,4567266.9,33205443000.0,3984564.8,34693157000.0,3112890.0
2025-11-11,32182343000.0,4580101.4,32216189000.0,4561320.5,33211257000.0,4009163.8,34699797000.0,3183182.5
2025-11-12,32194278000.0,4627453.7,32228141000.0,4610158.4,33223717000.0,4101675.7,34713019000.0,3341027.1
2025-11-13,32203308000.0,4615085.6,32237189000.0,4597112.4,33233294000.0,4068701.8,34723385000.0,3278242.7
2025-11-14,32227537000.0,4616576.6,32261432000.0,4602650.9,33257946000.0,4193234.5,34748650000.0,3580780.9
2025-11-15,32242454000.0,4355443.6,32276362000.0,4341829.5,33273277000.0,3941574.4,34764580000.0,3342825.4
2025-11-16,32267718000.0,3907369.4,32301641000.0,3892645.3,33298989000.0,3459758.0,34790939000.0,2812193.8
2025-11-17,32285633000.0,4014505.0,32319576000.0,3995761.6,33317474000.0,3444705.6,34810249000.0,2620370.9
2025-11-18,32299618000.0,4540787.6,32333578000.0,4522367.1,33332018000.0,3980805.0,34825603000.0,3170672.3
2025-11-19,32313149000.0,4649173.7,32347126000.0,4632702.0,33346050000.0,4148435.5,34840360000.0,3424012.4
2025-11-20,32323679000.0,4638836.8,32357671000.0,4624052.7,33357030000.0,4189399.6,34851990000.0,3539194.0
2025-11-21,32329911000.0,4625033.6,32363920000.0,4608100.6,33363776000.0,4110269.8,34859481000.0,3365555.6
2025-11-22,32335675000.0,4431323.2,32369705000.0,4410883.7,33370162000.0,3809962.1,34866766000.0,2911032.5
2025-11-23,32340745000.0,4074549.8,32374787000.0,4061343.6,33375633000.0,3673081.9,34872817000.0,3092274.1
2025-11-24,32347151000.0,4562943.1,32381207000.0,4549480.6,33382449000.0,4153685.8,34880225000.0,3561609.0
2025-11-25,32357387000.0,4636323.8,32391460000.0,4618539.8,33393225000.0,4095690.2,34891783000.0,3313549.9
2025-11-26,32366417000.0,4690571.3,32400508000.0,4672443.7,33402806000.0,4139492.6,34902161000.0,3342241.2
2025-11-27,32377796000.0,4690421.7,32411899000.0,4679858.1,33414507000.0,4369290.0,34914327000.0,3904705.5
2025-11-28,32384521000.0,4545078.5,32418636000.0,4532591.5,33421611000.0,4165473.1,34921981000.0,3616294.0
2025-11-29,32389852000.0,4203348.1,32423981000.0,4189270.7,33427371000.0,3775394.0,34928359000.0,3156268.2
2025-11-30,32417946000.0,3943698.8,32452090000.0,3928142.5,33455937000.0,3470786.7,34957610000.0,2786619.7
2025-12-01,32432623000.0,4417793.2,32466780000.0,4404921.3,33471005000.0,4026485.9,34973244000.0,3460377.6
2025-12-02,32443028000.0,4507633.5,32477202000.0,4491038.3,33481915000.0,4003137.0,34984883000.0,3273276.6
2025-12-03,32454490000.0,4578301.0,32488680000.0,4561937.0,33493874000.0,4080835.1,34997563000.0,3361145.9
2025-12-04,32462885000.0,4586890.7,32497089000.0,4572363.2,33502710000.0,4145254.7,35007038000.0,3506335.2
2025-12-05,32474892000.0,4584885.1,32509110000.0,4572117.3,33515106000.0,4196743.4,35019995000.0,3635214.6
2025-12-06,32483656000.0,4402577.1,32517890000.0,4385745.9,33524381000.0,3890907.7,35030010000.0,3150670.2
2025-12-07,32491638000.0,4024994.5,32525890000.0,4007671.1,33532890000.0,3498362.9,35039281000.0,2736479.3
2025-12-08,32499826000.0,4048405.0,32534098000.0,4028605.9,33541681000.0,3446511.5,35048942000.0,2575745.7
2025-12-09,32506278000.0,4607847.4,32540569000.0,4588644.6,33548716000.0,4024081.7,35056822000.0,3179541.7
2025-12-10,32509966000.0,4665083.7,32544274000.0,4647597.3,33552936000.0,4133496.2,35061811000.0,3364443.0
2025-12-11,32515248000.0,4695966.2,32549575000.0,4676837.1,33558799000.0,4114441.3,35068515000.0,3273143.0
2025-12-12,32524633000.0,4692491.9,32558974000.0,4679729.5,33568573000.0,4304516.1,35078850000.0,3743227.5
2025-12-13,32528286000.0,4472338.3,32562644000.0,4454739.6,33572760000.0,3937336.3,35083812000.0,3163343.3
2025-12-14,32533475000.0,4081231.6,32567850000.0,4063707.7,33578481000.0,3548505.9,35090304000.0,2777806.1
2025-12-15,32540118000.0,4622960.9,32574510000.0,4605990.5,33585640000.0,4107059.0,35098209000.0,3360698.1
2025-12-16,32544014000.0,4652702.6,32578422000.0,4637342.1,33590004000.0,4185742.2,35103248000.0,3510185.6
2025-12-17,32547868000.0,4658159.7,32582292000.0,4641692.7,33594358000.0,4157563.8,35108327000.0,3433346.5
2025-12-18,32551223000.0,4671183.0,32585664000.0,4654772.2,33598212000.0,4172294.4,35112903000.0,3450547.0
2025-12-19,32553954000.0,4655483.2,32588412000.0,4637764.0,33601482000.0,4116817.7,35116951000.0,3337524.7
2025-12-20,32558800000.0,4357873.7,32593278000.0,4337621.3,33606943000.0,3742203.4,35123304000.0,2851506.8
2025-12-21,32564537000.0,4075157.9,32599032000.0,4058441.0,33613189000.0,3566962.3,35130284000.0,2831750.4
2025-12-22,32570785000.0,4510821.7,32605293000.0,4497954.5,33619828000.0,4119656.7,35137489000.0,3553754.2
2025-12-23,32574165000.0,4529904.0,32608693000.0,4509133.4,33623839000.0,3898477.2,35142414000.0,2984985.3
2025-12-24,32576653000.0,4218431.2,32611198000.0,4201844.5,33626831000.0,3714195.6,35146135000.0,2984712.5
2025-12-25,32580091000.0,3737828.9,32614653000.0,3721309.3,33630772000.0,3235632.5,35150803000.0,2509099.6
2025-12-26,32582791000.0,4247793.8,32617370000.0,4231063.5,33633980000.0,3739195.1,35154747000.0,3003400.0
2025-12-27,32585618000.0,4250352.3,32620219000.0,4228160.5,33637482000.0,3575722.1,35159225000.0,2599727.7
2025-12-28,32588052000.0,4021678.1,32622674000.0,4000676.9,33640555000.0,3383244.3,35163221000.0,2459615.5
2025-12-29,32590196000.0,4380180.7,32624839000.0,4358827.8,33643348000.0,3731052.9,35166953000.0,2791952.8
2025-12-30,32592259000.0,4350352.6,32626920000.0,4331855.3,33645973000.0,3788034.4,35170391000.0,2974522.7
2025-12-31,32597401000.0,4079850.6,32632083000.0,4059156.5,33651744000.0,3450747.6,35177073000.0,2540617.5
2026-01-01,32602601000.0,3533878.6,32637301000.0,3516630.1,33657468000.0,3009523.3,35183556000.0,2250933.0
2026-01-02,32605606000.0,3945365.9,32640318000.0,3932510.7,33660864000.0,3554568.4,35187517000.0,2989197.6
2026-01-03,32611587000.0,3938955.6,32646312000.0,3925758.0,33667246000.0,3537748.5,35194479000.0,2957318.1
2026-01-04,32615657000.0,3746729.8,32650397000.0,3732154.3,33671759000.0,3303635.5,35199634000.0,2662606.3
2026-01-05,32620294000.0,4157450.4,32655046000.0,4145177.5,33676769000.0,3784354.0,35205183000.0,3244591.4
2026-01-06,32626506000.0,4205483.6,32661272000.0,4191255.6,33683414000.0,3772953.0,35212454000.0,3147206.5
2026-01-07,32632939000.0,4261405.7,32667721000.0,4245402.9,33690333000.0,3774918.5,35220077000.0,3071112.3
2026-01-08,32639160000.0,4315403.6,32673953000.0,4304860.3,33696875000.0,3994888.5,35227082000.0,3531195.9
2026-01-09,32648882000.0,4360847.2,32683688000.0,4347878.1,33706991000.0,3966587.8,35237769000.0,3396208.5
2026-01-10,32658646000.0,4164409.2,32693463000.0,4153314.9,33717092000.0,3827141.5,35248358000.0,3339212.9
2026-01-11,32675255000.0,3835892.1,32710083000.0,3825023.2,33734032000.0,3505477.3,35265776000.0,3027462.6
2026-01-12,32695608000.0,3887431.9,32730446000.0,3877639.4,33754682000.0,3589739.6,35286857000.0,3159065.0
2026-01-13,32715178000.0,4276499.1,32750029000.0,4263106.9,33774659000.0,3869375.9,35307423000.0,3280386.5
2026-01-14,32729767000.0,4354073.4,32764636000.0,4336324.1,33789788000.0,3814494.9,35323332000.0,3033881.2
2026-01-15,32737418000.0,4404986.9,32772299000.0,4393440.6,33797790000.0,4053978.2,35331842000.0,3546170.2
2026-01-16,32745650000.0,4409704.0,32780547000.0,4393578.6,33806513000.0,3919493.9,35341274000.0,3210301.9
2026-01-17,32748989000.0,4266355.3,32783909000.0,4243616.0,33810543000.0,3575079.4,35346304000.0,2575003.2
2026-01-18,32753223000.0,3963315.8,32788162000.0,3944100.5,33815361000.0,3379170.6,35351968000.0,2534081.8
2026-01-19,32757272000.0,4454942.5,32792223000.0,4442238.2,33819796000.0,4068733.3,35356961000.0,3510000.4
2026-01-20,32759425000.0,4473289.0,32794394000.0,4455774.5,33822482000.0,3940847.9,35360417000.0,3170559.7
2026-01-21,32762401000.0,4507357.4,32797388000.0,4488950.2,33826017000.0,3947778.0,35364762000.0,3138228.4
2026-01-22,32765466000.0,4527099.5,32800468000.0,4513096.2,33829508000.0,4101398.0,35368869000.0,3485531.1
2026-01-23,32768777000.0,4469296.0,32803796000.0,4451717.1,33833354000.0,3934898.6,35373488000.0,3161780.4
2026-01-24,32773872000.0,4277940.9,32808911000.0,4258279.4,33839047000.0,3680232.5,35380045000.0,2815521.5
2026-01-25,32777717000.0,3945699.7,32812771000.0,3929860.6,33843372000.0,3464192.0,35385068000.0,2767589.7
2026-01-26,32785456000.0,4437315.2,32820525000.0,4422226.1,33851570000.0,3978606.5,35393929000.0,3314987.9
2026-01-27,32791910000.0,4504070.8,32826994000.0,4489130.3,33858478000.0,4049879.3,35401494000.0,3392795.7
2026-01-28,32797494000.0,4464812.3,32832595000.0,4448554.8,33864557000.0,3970583.1,35408288000.0,3255576.5
2026-01-29,32805995000.0,4457862.2,32841110000.0,4442838.6,33873514000.0,4001145.4,35417906000.0,3340408.3
2026-01-30,32812124000.0,4478095.0,32847250000.0,4467706.2,33879959000.0,4162274.9,35424808000.0,3705374.6
2026-01-31,32830403000.0,4204164.6,32865545000.0,4188640.3,33898710000.0,3732224.7,35444241000.0,3049464.2
2026-02-01,32840283000.0,3869941.4,32875432000.0,3862568.4,33908815000.0,3645803.7,35454670000.0,3321541.3
2026-02-02,32848464000.0,4215104.6,32883627000.0,4200650.8,33917434000.0,3775709.4,35463925000.0,3140031.7
2026-02-03,32854136000.0,4419434.8,32889316000.0,4403091.5,33923604000.0,3922597.3,35470814000.0,3203817.2
2026-02-04,32859181000.0,4543051.7,32894380000.0,4524218.6,33929221000.0,3970525.5,35477259000.0,3142245.7
2026-02-05,32864509000.0,4597399.2,32899729000.0,4576174.6,33935194000.0,3952171.9,35484166000.0,3018714.9
2026-02-06,32881215000.0,4552928.0,32916447000.0,4540232.0,33952286000.0,4166967.8,35501816000.0,3608595.1
2026-02-07,32889805000.0,4298193.4,32925055000.0,4280942.1,33961401000.0,3773755.1,35511689000.0,3015044.6
2026-02-08,32896416000.0,3987942.7,32931678000.0,3975921.8,33968377000.0,3622505.3,35519194000.0,3093823.0
2026-02-09,32900660000.0,4557163.9,32935941000.0,4538039.5,33973202000.0,3975781.2,35524861000.0,3134688.8
2026-02-10,32904919000.0,4647276.3,32940216000.0,4630845.6,33977961000.0,4147783.0,35530342000.0,3425160.8
2026-02-11,32909709000.0,4697291.9,32945027000.0,4676464.0,33983384000.0,4064122.2,35536681000.0,3148109.0
2026-02-12,32912310000.0,4723167.0,32947648000.0,4704019.2,33986568000.0,4141073.0,35540707000.0,3298951.4
2026-02-13,32915280000.0,4732718.7,32950635000.0,4715763.8,33990053000.0,4217290.9,35544938000.0,3471616.2
2026-02-14,32920613000.0,4444505.6,32955982000.0,4430180.9,33995821000.0,4009034.7,35551336000.0,3379034.4
2026-02-15,32927215000.0,4028914.1,32962593000.0,4018990.5,34002725000.0,3727238.1,35558676000.0,3290800.4
2026-02-16,32934649000.0,4497776.2,32970043000.0,4482850.9,34010613000.0,4044047.1,35567221000.0,3387632.4
2026-02-17,32942394000.0,4607493.3,32977805000.0,4589894.6,34018892000.0,4072491.3,35576274000.0,3298498.3
2026-02-18,32957155000.0,4628832.5,32992585000.0,4609813.8,34034232000.0,4050662.8,35592450000.0,3214218.6
2026-02-19,32963885000.0,4641947.2,32999332000.0,4625148.7,34041472000.0,4131273.7,35600430000.0,3392477.0
2026-02-20,32969051000.0,4697635.1,33004515000.0,4680307.0,34047165000.0,4170861.1,35606884000.0,3408771.7
2026-02-21,32976070000.0,4513677.4,33011551000.0,4496925.0,34054693000.0,4004402.9,35615149000.0,3267630.2
2026-02-22,32985204000.0,4113670.0,33020697000.0,4101963.3,34064183000.0,3757788.4,35625154000.0,3242930.8
2026-02-23,32995780000.0,4601364.1,33031286000.0,4587874.4,34075170000.0,4191276.9,35636734000.0,3597999.5
2026-02-24,33003858000.0,4592752.1,33039379000.0,4577788.2,34083702000.0,4137849.3,35645924000.0,3479736.5
2026-02-25,33011871000.0,4657126.0,33047411000.0,4638573.7,34092279000.0,4093136.1,35655317000.0,3277205.9
2026-02-26,33017752000.0,4736286.5,33053313000.0,4714690.3,34098817000.0,4079760.5,35662805000.0,3129957.5
2026-02-27,33022772000.0,4783696.6,33058356000.0,4760719.7,34104535000.0,4085200.3,35669533000.0,3074678.5
2026-02-28,33027546000.0,4572480.7,33063152000.0,4550603.6,34109975000.0,3907418.4,35675935000.0,2945265.7
2026-03-01,33031636000.0,3942931.3,33067266000.0,3918588.6,34114804000.0,3202915.3,35681835000.0,2132326.4
2026-03-02,33045348000.0,4423812.9,33081003000.0,4398980.1,34129271000.0,3668894.0,35697395000.0,2576744.8
2026-03-03,33048174000.0,4526473.7,33083846000.0,4509192.4,34132622000.0,4001122.5,35701506000.0,3241091.4
2026-03-04,33055443000.0,4549257.3,33091131000.0,4534058.6,34140354000.0,4087217.1,35709905000.0,3418778.7
2026-03-05,33059463000.0,4523386.6,33095169000.0,4505473.5,34144919000.0,3978828.7,35715258000.0,3191011.0
2026-03-06,33067474000.0,4513473.6,33103193000.0,4500711.3,34153317000.0,4125497.9,35724218000.0,3564209.3
2026-03-07,33075429000.0,4289731.6,33111169000.0,4268627.5,34161914000.0,3648167.9,35733743000.0,2720010.9
2026-03-08,33087311000.0,3876905.5,33123059000.0,3868777.2,34174043000.0,3629802.8,35746230000.0,3272316.6
2026-03-09,33092361000.0,4401762.9,33128129000.0,4381743.8,34179702000.0,3793182.6,35752768000.0,2912743.0
2026-03-10,33096756000.0,4490860.7,33132543000.0,4470950.1,34184701000.0,3885576.4,35758644000.0,3009905.1
2026-03-11,33101697000.0,4480384.9,33137503000.0,4462197.7,34190196000.0,3927492.2,35764938000.0,3127616.5
2026-03-12,33105731000.0,4486277.7,33141555000.0,4467492.2,34194800000.0,3915197.9,35770369000.0,3089010.7
2026-03-13,33109268000.0,4450809.5,33145113000.0,4430884.8,34198944000.0,3845098.3,35775389000.0,2968809.5
2026-03-14,33112562000.0,4258146.0,33148428000.0,4236941.7,34202882000.0,3613535.3,35780260000.0,2680970.1
2026-03-15,33115850000.0,3936734.8,33151737000.0,3915192.7,34206825000.0,3281856.7,35785150000.0,2334437.8
2026-03-16,33119511000.0,4481463.6,33155421000.0,4458567.0,34211182000.0,3785409.7,35790514000.0,2778421.1
2026-03-17,33124044000.0,4546426.9,33159972000.0,4529139.8,34216241000.0,4020897.8,35796333000.0,3260609.4
2026-03-18,33136453000.0,4450519.2,33172395000.0,4435386.8,34229109000.0,3990494.6,35809867000.0,3324972.1
2026-03-19,33142879000.0,4427154.2,33178842000.0,4406728.0,34236157000.0,3806196.2,35817813000.0,2907849.8
2026-03-20,33148775000.0,4449718.8,33184759000.0,4428799.2,34242689000.0,3813763.0,35825265000.0,2893719.0
2026-03-21,33153280000.0,4240235.9,33189278000.0,4226004.0,34247626000.0,3807586.7,35830828000.0,3181668.6
2026-03-22,33158625000.0,3865470.6,33194642000.0,3846504.6,34253548000.0,3288901.5,35837584000.0,2454772.9
2026-03-23,33163917000.0,4007061.5,33199952000.0,3989305.6,34259379000.0,3467281.6,35844196000.0,2686376.2
2026-03-24,33170189000.0,4441200.6,33206237000.0,4427824.3,34266058000.0,4034563.5,35851463000.0,3446277.3
2026-03-25,33174868000.0,4530747.0,33210934000.0,4513318.7,34271267000.0,4000926.0,35857439000.0,3234428.5
2026-03-26,33178559000.0,4568240.9,33214645000.0,4548251.8,34275566000.0,3960573.5,35862617000.0,3081454.6
2026-03-27,33184378000.0,4498416.0,33220473000.0,4489278.0,34281663000.0,4220618.1,35869116000.0,3818724.9
2026-03-28,33188369000.0,4308444.8,33224486000.0,4286767.1,34286312000.0,3649440.9,35874719000.0,2696053.1
2026-03-29,33195332000.0,4002757.8,33231468000.0,3982970.8,34293877000.0,3401231.8,35883153000.0,2530997.8
2026-03-30,33201322000.0,4363403.4,33237476000.0,4345377.9,34300415000.0,3815430.9,35890484000.0,3022673.4
2026-03-31,33208030000.0,4373717.4,33244205000.0,4352628.6,34307764000.0,3732616.1,35898761000.0,2805128.0
2026-04-01,33215562000.0,4280357.5,33251758000.0,4260341.9,34315905000.0,3671883.9,35907782000.0,2791598.7
2026-04-02,33226986000.0,3847948.9,33263199000.0,3829610.7,34327886000.0,3290467.9,35920569000.0,2483954.3
2026-04-03,33234395000.0,3717911.0,33270628000.0,3698713.6,34335878000.0,3134311.3,35929406000.0,2290011.4
2026-04-04,33243253000.0,3982829.8,33279506000.0,3962459.7,34345355000.0,3363579.1,35939779000.0,2467702.5
2026-04-05,33254845000.0,3898571.5,33291112000.0,3885182.0,34357355000.0,3491531.3,35952368000.0,2902662.0
2026-04-06,33259890000.0,4419661.1,33296173000.0,4404004.5,34362876000.0,3943702.0,35958577000.0,3255126.9
2026-04-07,33268628000.0,4566497.1,33304930000.0,4547657.4,34372187000.0,3993769.3,35968717000.0,3165198.0
2026-04-08,33289798000.0,4586655.6,33326112000.0,4573710.7,34393750000.0,4193131.2,35990849000.0,3623815.4
2026-04-09,33295916000.0,4613970.5,33332251000.0,4592624.3,34400517000.0,3965044.2,35998554000.0,3026235.7
2026-04-10,33300038000.0,4607949.7,33336395000.0,4586831.5,34405281000.0,3965959.1,36004248000.0,3037184.6
2026-04-11,33307657000.0,4388432.3,33344032000.0,4369954.9,34413462000.0,3826718.7,36013241000.0,3014081.8
2026-04-12,33312581000.0,4053747.6,33348977000.0,4032431.0,34419033000.0,3405722.4,36019750000.0,2468217.5
2026-04-13,33316797000.0,4529016.2,33353207000.0,4515576.0,34423659000.0,4120434.7,36024966000.0,3529335.6
2026-04-14,33320928000.0,4522566.7,33357351000.0,4508664.4,34428212000.0,4099935.9,36030131000.0,3488511.4
2026-04-15,33332965000.0,4493511.9,33369406000.0,4476945.5,34440753000.0,3989892.8,36043401000.0,3261301.6
2026-04-16,33355721000.0,4506548.6,33392178000.0,4490849.9,34463986000.0,4029309.0,36067325000.0,3338881.5
2026-04-17,33377766000.0,4497743.6,33414240000.0,4479957.6,34486571000.0,3957050.7,36090692000.0,3174824.6
2026-04-18,33389229000.0,4268892.4,33425721000.0,4250266.0,34498600000.0,3702649.8,36103540000.0,2883460.7
2026-04-19,33400018000.0,3945437.7,33436529000.0,3927386.2,34509939000.0,3396670.9,36115673000.0,2602764.1
2026-04-20,33412592000.0,4434090.8,33449123000.0,4413746.1,34523131000.0,3815610.7,36129760000.0,2920849.0
2026-04-21,33428934000.0,4508193.5,33465482000.0,4491469.1,34539982000.0,3999772.7,36147346000.0,3264234.9
2026-04-22,33439318000.0,4505817.2,33475884000.0,4487691.6,34550916000.0,3954797.8,36159078000.0,3157632.1
2026-04-23,33450758000.0,4499904.2,33487343000.0,4480771.6,34562938000.0,3918272.6,36171941000.0,3076820.0
2026-04-24,33466138000.0,4490716.8,33502740000.0,4473602.8,34578838000.0,3970451.8,36188593000.0,3217779.0
2026-04-25,33486507000.0,4294391.2,33523127000.0,4276724.2,34599744000.0,3757314.4,36210277000.0,2980319.7
2026-04-26,33509009000.0,3979762.6,33545649000.0,3960006.4,34622847000.0,3379173.2,36234248000.0,2510294.2
2026-04-27,33518569000.0,4472847.7,33555226000.0,4455197.5,34632943000.0,3936280.7,36245121000.0,3160023.6
2026-04-28,33533540000.0,4578884.7,33570215000.0,4561142.0,34648454000.0,4039507.8,36261412000.0,3259185.7
2026-04-29,33545561000.0,4557514.6,33582251000.0,4542736.0,34660925000.0,4108243.4,36274532000.0,3458277.9
2026-04-30,33552295000.0,4575274.2,33589004000.0,4555355.3,34668264000.0,3969740.8,36282747000.0,3093709.4
2026-05-01,33558464000.0,4136004.1,33595194000.0,4115313.8,34675062000.0,3507019.6,36290455000.0,2597061.1
2026-05-02,33572644000.0,4092845.8,33609388000.0,4079112.7,34689659000.0,3675360.5,36305657000.0,3071380.0
2026-05-03,33580126000.0,3823369.5,33616888000.0,3805655.7,34697680000.0,3284870.0,36314456000.0,2505817.1
2026-05-04,33590487000.0,4332907.7,33627267000.0,4314288.7,34708607000.0,3766890.4,36326202000.0,2948027.2
2026-05-05,33597407000.0,4488600.9,33634209000.0,4467318.2,34716174000.0,3841607.1,36334705000.0,2905594.4
2026-05-06,33603537000.0,4495037.3,33640359000.0,4474730.7,34722921000.0,3877719.0,36342345000.0,2984638.3
2026-05-07,33608306000.0,4561015.3,33645150000.0,4538331.3,34728379000.0,3871422.9,36348802000.0,2873782.3
2026-05-08,33610968000.0,4498564.3,33647831000.0,4480537.7,34731590000.0,3950556.3,36352805000.0,3157747.3
2026-05-09,33614972000.0,4271263.2,33651857000.0,4248763.7,34736278000.0,3587278.7,36358483000.0,2597751.1
2026-05-10,33620802000.0,3930295.1,33657707000.0,3910849.0,34742699000.0,3339131.3,36365759000.0,2483888.3
2026-05-11,33623860000.0,4420557.8,33660781000.0,4404098.3,34746257000.0,3920187.2,36370041000.0,3196295.8
2026-05-12,33627562000.0,4444329.2,33664503000.0,4424639.7,34750558000.0,3845767.2,36375207000.0,2979821.2
2026-05-13,33629672000.0,4470934.6,33666632000.0,4451472.4,34753259000.0,3879284.6,36378765000.0,3023338.4
2026-05-14,33633017000.0,4525499.5,33669998000.0,4504828.0,34757233000.0,3897084.1,36383648000.0,2987948.9
2026-05-15,33637251000.0,4589362.1,33674255000.0,4566368.5,34762166000.0,3890356.0,36389592000.0,2879096.6
2026-05-16,33645247000.0,4371088.8,33682268000.0,4353642.5,34770692000.0,3840722.5,36398885000.0,3073436.0
2026-05-17,33647904000.0,3919774.3,33684940000.0,3904726.1,34773807000.0,3462310.5,36402662000.0,2800492.9
2026-05-18,33651992000.0,4003623.1,33689050000.0,3982169.9,34778547000.0,3351448.2,36408345000.0,2407940.0
2026-05-19,33657247000.0,4458468.9,33694318000.0,4444646.2,34784222000.0,4038256.7,36414628000.0,3430331.3
2026-05-20,33659276000.0,4538096.5,33696373000.0,4513173.5,34787009000.0,3780438.8,36418512000.0,2684327.5
2026-05-21,33662543000.0,4510599.6,33699659000.0,4491615.6,34790853000.0,3933485.1,36423190000.0,3098567.5
2026-05-22,33666563000.0,4535360.3,33703701000.0,4512632.3,34795563000.0,3844428.2,36428901000.0,2844849.4
2026-05-23,33670238000.0,4349463.0,33707397000.0,4328254.0,34799883000.0,3704710.0,36434153000.0,2771939.1
2026-05-24,33676719000.0,3937453.6,33713902000.0,3914708.0,34807056000.0,3245988.0,36442327000.0,2245637.4
2026-05-25,33679401000.0,4452984.2,33716601000.0,4434784.5,34810291000.0,3899712.1,36446362000.0,3099287.5
2026-05-26,33682277000.0,4510383.2,33719497000.0,4490418.3,34813774000.0,3903450.8,36450723000.0,3025395.4
2026-05-27,33685239000.0,4507005.5,33722480000.0,4485670.2,34817385000.0,3858411.2,36455272000.0,2920083.0
2026-05-28,33688110000.0,4547491.8,33725371000.0,4527967.6,34820849000.0,3953956.7,36459595000.0,3095283.3
2026-05-29,33689599000.0,4492621.1,33726875000.0,4478303.0,34822774000.0,4057351.8,36462149000.0,3427643.0
2026-05-30,33692495000.0,4214981.4,33729789000.0,4196002.0,34826246000.0,3638009.2,36466457000.0,2803297.3
2026-05-31,33695491000.0,3879252.1,33732806000.0,3858286.4,34829880000.0,3241897.2,36471012000.0,2319829.2
2026-06-01,33699044000.0,4567921.0,33736383000.0,4544844.7,34834135000.0,3866401.5,36476282000.0,2851505.8
2026-06-02,33699391000.0,4657097.2,33736752000.0,4635134.7,34835149000.0,3989438.4,36478262000.0,3023529.4
2026-06-03,33702919000.0,4587696.2,33740293000.0,4574259.1,34839086000.0,4179209.5,36482790000.0,3588247.6
2026-06-04,33706501000.0,4534715.2,33743892000.0,4517040.8,34843204000.0,3997413.1,36487686000.0,3220092.6
2026-06-05,33714448000.0,4475373.2,33751854000.0,4461004.8,34851589000.0,4038574.5,36496702000.0,3406653.1
2026-06-06,33719200000.0,4183512.3,33756617000.0,4171980.8,34856691000.0,3832954.1,36502311000.0,3325797.9
2026-06-07,33730180000.0,3791084.0,33767605000.0,3783541.8,34867901000.0,3561800.8,36513853000.0,3230094.4
2026-06-08,33748525000.0,3860559.6,33785966000.0,3844247.8,34886741000.0,3364682.4,36533411000.0,2647291.6
2026-06-09,33759995000.0,4317100.2,33797455000.0,4298897.7,34898765000.0,3763745.1,36546235000.0,2963200.5
2026-06-10,33768483000.0,4432423.4,33805963000.0,4411744.4,34907882000.0,3803782.7,36556261000.0,2894321.6
2026-06-11,33772546000.0,4595384.6,33810054000.0,4568289.3,34912768000.0,3771688.9,36562340000.0,2580039.9
2026-06-12,33776285000.0,4688438.5,33813818000.0,4663600.9,34917263000.0,3933377.3,36567926000.0,2841022.3
2026-06-13,33780231000.0,4481731.7,33817779000.0,4466003.0,34921686000.0,4003579.2,36573042000.0,3311831.0
2026-06-14,33788076000.0,4031610.6,33825647000.0,4007777.3,34930255000.0,3307078.6,36582659000.0,2258890.5
2026-06-15,33791206000.0,4026499.2,33828800000.0,4004877.6,34934043000.0,3369202.6,36587398000.0,2418284.6
2026-06-16,33793552000.0,4428926.7,33831164000.0,4410305.8,34936956000.0,3862850.1,36591129000.0,3043901.2
2026-06-17,33795929000.0,4522235.9,33833562000.0,4500902.5,34939981000.0,3873700.8,36595092000.0,2935458.4
2026-06-18,33799295000.0,4470211.6,33836950000.0,4448552.9,34944005000.0,3811788.6,36600069000.0,2859241.2
2026-06-19,33811570000.0,4496343.5,33849247000.0,4474359.6,34956949000.0,3828032.7,36613980000.0,2861180.3
2026-06-20,33819560000.0,4326165.4,33857261000.0,4302143.7,34965669000.0,3595906.9,36623757000.0,2539434.3
2026-06-21,33836012000.0,3929684.3,33873736000.0,3906466.0,34982827000.0,3223849.2,36641935000.0,2202710.1
2026-06-22,33843699000.0,4531487.9,33881446000.0,4508584.0,34991210000.0,3835208.7,36651326000.0,2827894.3
2026-06-23,33865286000.0,4602751.3,33903057000.0,4579517.0,35013503000.0,3896430.1,36674641000.0,2874587.8
2026-06-24,33871001000.0,4608557.9,33908798000.0,4581921.3,35020028000.0,3798804.9,36682337000.0,2627326.8
2026-06-25,33877530000.0,4670545.1,33915349000.0,4649136.0,35027208000.0,4019709.9,36690459000.0,3078139.9
2026-06-26,33884477000.0,4627852.2,33922315000.0,4608414.2,35034746000.0,4036937.3,36698851000.0,3182054.5
2026-06-27,33891005000.0,4379948.0,33928869000.0,4354231.4,35042056000.0,3598163.4,36707292000.0,2467147.3
2026-06-28,33895157000.0,4036316.3,33933040000.0,4016750.0,35046802000.0,3441500.8,36712899000.0,2580974.9
2026-06-29,33897570000.0,4191614.7,33935476000.0,4168621.1,35049914000.0,3492608.7,36717023000.0,2481349.3
2026-06-30,33899452000.0,4629710.3,33937375000.0,4612786.6,35052311000.0,4115231.0,36720164000.0,3370928.4
2026-07-01,33900662000.0,4537798.8,33938610000.0,4513158.6,35054270000.0,3788736.7,36723207000.0,2705060.7
2026-07-02,33902083000.0,4556308.1,33940047000.0,4539970.2,35056188000.0,4059636.5,36725843000.0,3341096.6
2026-07-03,33903296000.0,4480239.2,33941279000.0,4460851.9,35057990000.0,3890865.6,36728498000.0,3038212.6
2026-07-04,33904385000.0,4222445.3,33942382000.0,4208779.0,35059494000.0,3806987.4,36730603000.0,3205940.0
2026-07-05,33906358000.0,3947277.4,33944379000.0,3923276.4,35062197000.0,3217647.3,36734361000.0,2162083.7
2026-07-06,33908233000.0,4513145.0,33946280000.0,4487229.9,35064860000.0,3725325.6,36738164000.0,2585579.1
2026-07-07,33909102000.0,4568252.2,33947173000.0,4544519.9,35066450000.0,3846790.8,36740798000.0,2803045.2
2026-07-08,33909506000.0,4633954.5,33947601000.0,4609625.9,35067594000.0,3894365.3,36743012000.0,2824394.0
2026-07-09,33911232000.0,4567971.3,33949344000.0,4551684.1,35069815000.0,4072841.0,36745949000.0,3356530.8
2026-07-10,33911927000.0,4509590.4,33950062000.0,4485473.6,35071243000.0,3776439.1,36748438000.0,2715781.3
2026-07-11,33913261000.0,4326792.4,33951418000.0,4305563.9,35073223000.0,3681446.6,36751351000.0,2747818.0
2026-07-12,33916572000.0,3927993.3,33954743000.0,3914186.5,35076953000.0,3508267.2,36755689000.0,2901045.0
2026-07-13,33918497000.0,3983804.4,33956692000.0,3958589.3,35079645000.0,3217266.5,36759489000.0,2108308.2
2026-07-14,33919991000.0,4483465.6,33958211000.0,4458622.2,35081894000.0,3728226.5,36762831000.0,2635614.2
2026-07-15,33919949000.0,4597315.1,33958189000.0,4577504.7,35082454000.0,3995077.7,36764262000.0,3123814.6
2026-07-16,33921002000.0,4620942.3,33959269000.0,4594533.9,35084310000.0,3818125.1,36767280000.0,2656681.1
2026-07-17,33920769000.0,4628613.9,33959062000.0,4602288.9,35084877000.0,3828333.9,36769005000.0,2670560.4
2026-07-18,33920774000.0,4386071.3,33959091000.0,4361943.9,35085616000.0,3652599.9,36770804000.0,2591479.0
2026-07-19,33921570000.0,3952545.1,33959902000.0,3936812.9,35086890000.0,3474285.9,36772770000.0,2782383.3
2026-07-20,33927223000.0,3905662.1,33965570000.0,3891900.2,35092962000.0,3487299.5,36779448000.0,2882049.8
2026-07-21,33932763000.0,4345307.2,33971136000.0,4318905.4,35099304000.0,3542691.6,36786951000.0,2381539.1
2026-07-22,33933767000.0,4497666.2,33972163000.0,4474875.4,35101001000.0,3804825.3,36789651000.0,2802485.0
2026-07-23,33943153000.0,4435067.3,33981563000.0,4420766.0,35110821000.0,4000307.8,36800100000.0,3371336.6
2026-07-24,33951053000.0,4446876.6,33989490000.0,4420234.1,35119531000.0,3636945.8,36809982000.0,2465210.4
2026-07-25,33953365000.0,4318177.3,33991824000.0,4296028.8,35122516000.0,3644863.2,36813941000.0,2670772.6
2026-07-26,33959621000.0,3942053.2,33998099000.0,3922444.0,35129369000.0,3345933.5,36821655000.0,2483520.9
2026-07-27,33962860000.0,4353453.8,34001362000.0,4329959.4,35133322000.0,3639224.6,36826642000.0,2605941.8
2026-07-28,33963156000.0,4508732.8,34001685000.0,4482234.6,35134424000.0,3703188.7,36828909000.0,2537799.7
2026-07-29,33967535000.0,4595566.5,34006089000.0,4570275.0,35139571000.0,3826704.9,36835169000.0,2714384.7
2026-07-30,33968087000.0,4628215.1,34006666000.0,4603324.9,35140880000.0,3871553.3,36837573000.0,2776882.8
2026-07-31,33968409000.0,4550266.7,34007011000.0,4527012.6,35141909000.0,3843340.9,36839624000.0,2820623.8
2026-08-01,33968659000.0,4389625.2,34007284000.0,4365948.3,35142879000.0,3669847.5,36841635000.0,2628537.4
2026-08-02,33970289000.0,4065602.6,34008939000.0,4041249.9,35145250000.0,3325278.4,36845077000.0,2254243.6
2026-08-03,33970327000.0,4570361.1,34008995000.0,4552886.7,35145819000.0,4039141.1,36846415000.0,3270619.7
2026-08-04,33971455000.0,4575116.4,34010143000.0,4555046.6,35147557000.0,3964994.8,36849035000.0,3082325.4
2026-08-05,33973417000.0,4602687.0,34012126000.0,4580959.8,35150179000.0,3942177.4,36852613000.0,2986611.2
2026-08-06,33974676000.0,4515648.3,34013401000.0,4500635.6,35151895000.0,4059263.4,36854989000.0,3399006.6
2026-08-07,33976070000.0,4207368.1,34014819000.0,4183103.1,35154027000.0,3469711.5,36858188000.0,2402535.9
2026-08-08,33977468000.0,4301236.9,34016237000.0,4280475.7,35156055000.0,3670094.6,36861130000.0,2757014.4
2026-08-09,33982205000.0,4036218.5,34020997000.0,4013047.0,35161496000.0,3331806.1,36867590000.0,2312725.3
2026-08-10,33982983000.0,4264953.7,34021804000.0,4236828.8,35163130000.0,3409958.3,36870460000.0,2173027.3
2026-08-11,33984183000.0,4494822.9,34023029000.0,4469103.5,35165111000.0,3712955.2,36873573000.0,2581819.1
2026-08-12,33985121000.0,4568158.1,34023992000.0,4543459.8,35166800000.0,3817329.5,36876348000.0,2731097.8
2026-08-13,33985852000.0,4585725.7,34024749000.0,4560673.6,35168293000.0,3824143.6,36878943000.0,2722354.9
2026-08-14,33985598000.0,4618925.2,34024517000.0,4596217.9,35168729000.0,3928621.5,36880378000.0,2929951.8
2026-08-15,33986627000.0,4391855.3,34025567000.0,4371038.6,35170392000.0,3759029.4,36882956000.0,2843513.6
2026-08-16,33991404000.0,3996715.4,34030368000.0,3972967.1,35175890000.0,3274768.0,36889499000.0,2230319.0
2026-08-17,34000254000.0,3934215.4,34039229000.0,3923049.7,35185080000.0,3594778.1,36899179000.0,3103710.7
2026-08-18,34003594000.0,4382823.7,34042588000.0,4362746.5,35189030000.0,3772476.8,36904012000.0,2889481.5
2026-08-19,34007048000.0,4532755.4,34046069000.0,4506651.1,35193278000.0,3739185.9,36909408000.0,2591120.5
2026-08-20,34007241000.0,4619731.9,34046284000.0,4597145.4,35194157000.0,3933103.5,36911280000.0,2939751.0
2026-08-21,34008315000.0,4666276.8,34047382000.0,4643069.4,35195937000.0,3960773.6,36914081000.0,2940114.8
2026-08-22,34008999000.0,4365079.1,34048082000.0,4348548.6,35197123000.0,3862550.7,36915995000.0,3135537.5
2026-08-23,34010235000.0,3969315.8,34049339000.0,3947899.3,35199010000.0,3318255.4,36918823000.0,2376359.5
2026-08-24,34012206000.0,4456605.4,34051331000.0,4435172.9,35201632000.0,3805058.9,36922388000.0,2862459.8
2026-08-25,34011881000.0,4645443.3,34051028000.0,4624043.6,35201958000.0,3994892.7,36923655000.0,3053734.4
2026-08-26,34012366000.0,4610565.8,34051535000.0,4588019.5,35203128000.0,3925158.6,36925817000.0,2933572.7
2026-08-27,34012734000.0,4661957.9,34051930000.0,4636007.3,35204285000.0,3873059.6,36928116000.0,2731752.2
2026-08-28,34017085000.0,4694890.1,34056306000.0,4669667.7,35209403000.0,3928127.1,36934343000.0,2818842.8
2026-08-29,34025057000.0,4406481.6,34064298000.0,4386715.3,35217976000.0,3805584.0,36943785000.0,2936259.0
2026-08-30,34031100000.0,4013510.5,34070362000.0,3991576.2,35224686000.0,3346705.4,36951459000.0,2382031.4
2026-08-31,34032672000.0,4469163.6,34071957000.0,4447205.1,35226925000.0,3801623.4,36954665000.0,2835886.0
