fecha,volumen_sin_solar_kwh,hidro_sin_solar_kwh,volumen_piloto_kwh,hidro_piloto_kwh,volumen_intermedio_kwh,hidro_intermedio_kwh,volumen_agresivo_kwh,hidro_agresivo_kwh
2021-01-01,3796812500.0,12659762.0,3796830900.0,12641402.0,3797370700.0,12101629.0,3798178100.0,11294172.0
2021-01-02,3806106400.0,13236026.0,3806144100.0,13216678.0,3807252700.0,12647850.0,3808911100.0,11796929.0
2021-01-03,3819649000.0,6234409.0,3819706300.0,6214864.5,3821389500.0,5640257.4,3823907400.0,4780692.1
2021-01-04,3822831400.0,11874218.0,3822911300.0,11851530.0,3825261600.0,11184507.0,3828777300.0,10186695.0
2021-01-05,3822158100.0,13357778.0,3822258900.0,13336917.0,3825222400.0,12723612.0,3829655700.0,11806158.0
2021-01-06,3823140200.0,13372346.0,3823260500.0,13352781.0,3826799300.0,12777566.0,3832093000.0,11917092.0
2021-01-07,3824473500.0,12426674.0,3824612500.0,12408018.0,3828699700.0,11859554.0,3834813900.0,11039096.0
2021-01-08,3831444200.0,13082330.0,3831595000.0,13070473.0,3836030800.0,12721896.0,3842666400.0,12200452.0
2021-01-09,3835618800.0,12580346.0,3835787000.0,12563060.0,3840731000.0,12054852.0,3848126800.0,11294615.0
2021-01-10,3850776100.0,10642417.0,3850966300.0,10620394.0,3856557800.0,9972909.2,3864922200.0,9004324.4
2021-01-11,3873127600.0,12624554.0,3873336300.0,12606063.0,3879471400.0,12062437.0,3888649100.0,11249217.0
2021-01-12,3896603800.0,62712.0,3896834300.0,40923.87,3903010300.0,0.0,3912188000.0,0.0
2021-01-13,3915766700.0,65116.8,3916020300.0,41946.12,3922238300.0,0.0,3931416000.0,0.0
2021-01-14,3931937400.0,67521.6,3932213200.0,45346.98,3938476500.0,0.0,3947654200.0,0.0
2021-01-15,3945719100.0,69926.4,3946017200.0,47579.4,3952328100.0,0.0,3961505800.0,0.0
2021-01-16,3960437000.0,72331.2,3960758000.0,49510.74,3967118400.0,0.0,3976296100.0,0.0
2021-01-17,3975280000.0,74736.0,3975625800.0,49918.74,3982036100.0,0.0,3991213800.0,0.0
2021-01-18,3978296000.0,9785377.3,3978664900.0,9762325.6,3985752900.0,9084604.7,3995944400.0,8070789.6
2021-01-19,3977708900.0,13372778.0,3978102500.0,13348062.0,3985917200.0,12621416.0,3997195700.0,11534412.0
2021-01-20,3977305600.0,13185362.0,3977721400.0,13163148.0,3986189200.0,12510056.0,3998444600.0,11533084.0
2021-01-21,3976897000.0,13375226.0,3977332100.0,13355852.0,3986369500.0,12786244.0,3999477000.0,11934157.0
2021-01-22,3976263300.0,13299866.0,3976719600.0,13278660.0,3986380500.0,12655208.0,4000420600.0,11722574.0
2021-01-23,3977796400.0,13292810.0,3978270600.0,13274956.0,3988456400.0,12750042.0,4003281700.0,11964815.0
2021-01-24,3981517300.0,12525722.0,3982011800.0,12505382.0,3992795600.0,11907408.0,4008515400.0,11012886.0
2021-01-25,3984771100.0,12883898.0,3985286900.0,12862620.0,3996696200.0,12237046.0,4013351900.0,11301239.0
2021-01-26,3986763500.0,13258826.0,3987295400.0,13242821.0,3999175200.0,12772279.0,4016534800.0,12068387.0
2021-01-27,3987276300.0,13336730.0,3987830800.0,13314074.0,4000376700.0,12647991.0,4018732700.0,11651586.0
2021-01-28,3987044500.0,13254866.0,3987618200.0,13235708.0,4000727400.0,12672464.0,4019925900.0,11829896.0
2021-01-29,3986460200.0,13258874.0,3987056400.0,13236307.0,4000829000.0,12572838.0,4021020100.0,11580343.0
2021-01-30,3985561200.0,13248722.0,3986182500.0,13223708.0,4000690500.0,12488302.0,4021981700.0,11388194.0
2021-01-31,3984304400.0,13318682.0,3984950500.0,13293768.0,4000191000.0,12561309.0,4022577900.0,11465609.0
2021-02-01,3983350900.0,13288130.0,3984016700.0,13268470.0,3999835300.0,12690469.0,4023086800.0,11825827.0
2021-02-02,3980944300.0,13302722.0,3981632400.0,13280446.0,3998105800.0,12625531.0,4022337000.0,11645832.0
2021-02-03,3981807400.0,13208738.0,3982515000.0,13189211.0,3999562500.0,12615120.0,4024652500.0,11756326.0
2021-02-04,3986598300.0,13317506.0,3987328500.0,13294889.0,4005040900.0,12629965.0,4031125600.0,11635291.0
2021-02-05,3999278300.0,13328498.0,4000026000.0,13310944.0,4018254600.0,12794859.0,4045111300.0,12022839.0
2021-02-06,4001023800.0,13340258.0,4001792100.0,13319713.0,4020624700.0,12715708.0,4048384900.0,11812164.0
2021-02-07,4001341600.0,13322162.0,4002130100.0,13302071.0,4021553300.0,12711388.0,4050197100.0,11827775.0
2021-02-08,4002064200.0,13040666.0,4002869400.0,13023819.0,4022788000.0,12528510.0,4052172800.0,11787570.0
2021-02-09,4002895700.0,12629978.0,4003715800.0,12615139.0,4024070600.0,12178893.0,4054108000.0,11526303.0
2021-02-10,4012625700.0,13201634.0,4013464300.0,13183098.0,4034364000.0,12638154.0,4065216600.0,11822961.0
2021-02-11,4014279400.0,12231554.0,4015137800.0,12211838.0,4036617100.0,11632186.0,4068336800.0,10765073.0
2021-02-12,4013879800.0,13338938.0,4014750900.0,13326147.0,4036606400.0,12950085.0,4068888600.0,12387527.0
2021-02-13,4012776200.0,12949226.0,4013663500.0,12933034.0,4035995000.0,12456988.0,4068989300.0,11744863.0
2021-02-14,4010816200.0,13371170.0,4011719400.0,13355298.0,4034517500.0,12888666.0,4068209900.0,12190623.0
2021-02-15,4009158000.0,13302506.0,4010082700.0,13280978.0,4033513700.0,12648055.0,4068153000.0,11701253.0
2021-02-16,4006930200.0,13369034.0,4007876100.0,13347935.0,4031927400.0,12727612.0,4067494600.0,11799661.0
2021-02-17,4004595500.0,13320578.0,4005560000.0,13301885.0,4030160900.0,12752320.0,4066550200.0,11930215.0
2021-02-18,4009882300.0,13323530.0,4010860900.0,13309449.0,4035875900.0,12895457.0,4072884400.0,12276160.0
2021-02-19,4016914700.0,13350506.0,4017907900.0,13335888.0,4043352600.0,12906131.0,4081004100.0,12263250.0
2021-02-20,4017566900.0,13342586.0,4018577400.0,13325381.0,4044527900.0,12819570.0,4082936000.0,12062918.0
2021-02-21,4024717800.0,13245290.0,4025743900.0,13229568.0,4052156600.0,12767339.0,4091256200.0,12075882.0
2021-02-22,4028617300.0,13355666.0,4029660500.0,13338597.0,4056575000.0,12836776.0,4096425300.0,12086093.0
2021-02-23,4033315500.0,13330250.0,4034374000.0,13315031.0,4061735900.0,12867605.0,4102255500.0,12198292.0
2021-02-24,4035211300.0,13336874.0,4036291000.0,13315589.0,4064278700.0,12689797.0,4105734400.0,11753664.0
2021-02-25,4036410800.0,13343882.0,4037510200.0,13324171.0,4066077500.0,12744656.0,4108400100.0,11877749.0
2021-02-26,4041154700.0,13128386.0,4042274000.0,13108520.0,4071425300.0,12524465.0,4114621600.0,11650766.0
2021-02-27,4044457100.0,13331498.0,4045593900.0,13314019.0,4075259100.0,12800136.0,4119224100.0,12031408.0
2021-02-28,4051209700.0,13325234.0,4052364500.0,13307166.0,4082560900.0,12775981.0,4127320500.0,11981371.0
2021-03-01,4056132900.0,13107242.0,4057308800.0,13086165.0,4088124900.0,12466508.0,4133811500.0,11539552.0
2021-03-02,4069413800.0,11741882.0,4070609600.0,11721992.0,4102010400.0,11137249.0,4148571800.0,10262522.0
2021-03-03,4076774800.0,11137106.0,4077986800.0,11120930.0,4109863200.0,10645354.0,4157135900.0,9933932.5
2021-03-04,4084292800.0,10418713.0,4085520000.0,10403526.0,4117842900.0,9957017.1,4165783500.0,9289076.1
2021-03-05,4094418500.0,13285514.0,4095661300.0,13269924.0,4128442500.0,12811582.0,4177068800.0,12125940.0
2021-03-06,4097224900.0,12742082.0,4098483000.0,12726773.0,4131714300.0,12276686.0,4181013900.0,11603394.0
2021-03-07,4111706900.0,12795386.0,4112979900.0,12780511.0,4146648500.0,12343186.0,4196602300.0,11688984.0
2021-03-08,4132970400.0,11666282.0,4134258500.0,11651062.0,4168374600.0,11203613.0,4218997800.0,10534266.0
2021-03-09,4141097400.0,11647034.0,4142403600.0,11629009.0,4177049600.0,11099085.0,4228465500.0,10306362.0
2021-03-10,4155326100.0,9981913.3,4156646600.0,9967597.2,4191713500.0,9546703.3,4243759000.0,8917080.3
2021-03-11,4166454600.0,8470489.2,4167787800.0,8457801.7,4203227700.0,8084789.8,4255831200.0,7526794.4
2021-03-12,4190103100.0,13257482.0,4191445900.0,13247884.0,4227168000.0,12965706.0,4280193600.0,12543590.0
2021-03-13,4217833600.0,13057826.0,4219190900.0,13043316.0,4255339600.0,12616723.0,4309003400.0,11978576.0
2021-03-14,4241919800.0,6488280.8,4243293200.0,6472196.4,4279914800.0,5999315.6,4334285900.0,5291924.6
2021-03-15,4257554500.0,11779466.0,4258945400.0,11761892.0,4296083600.0,11245234.0,4351227700.0,10472356.0
2021-03-16,4292284000.0,12635570.0,4293693700.0,12616794.0,4331384000.0,12064775.0,4387353800.0,11238999.0
2021-03-17,4316333800.0,13209842.0,4317762300.0,13191080.0,4356004100.0,12639473.0,4412799100.0,11814315.0
2021-03-18,4367439900.0,13080530.0,4368885700.0,13063244.0,4407635800.0,12555036.0,4465191000.0,11794799.0
2021-03-19,4427392600.0,6966072.9,4428857300.0,6947101.0,4468165100.0,6389325.9,4526554700.0,5554940.0
2021-03-20,4500175500.0,6608580.9,4501657900.0,6590929.9,4541484600.0,6071990.2,4600650500.0,5295698.8
2021-03-21,4560239100.0,6251088.8,4561742600.0,6230017.5,4602188800.0,5610521.0,4662281400.0,4683804.8
2021-03-22,4610371500.0,5893596.8,4611886700.0,5881886.7,4652677200.0,5537608.5,4713284800.0,5022596.6
2021-03-23,4660779700.0,5536104.8,4662309100.0,5521906.4,4703517000.0,5104475.2,4764749100.0,4480032.2
2021-03-24,4724588600.0,269352.03,4726135400.0,252008.73,4767595300.0,0.0,4828827400.0,0.0
2021-03-25,4763110600.0,4508328.6,4764677200.0,4488411.3,4806722800.0,3902842.7,4868830800.0,3026879.8
2021-03-26,4800989500.0,12792.0,4802568900.0,0.0,4844614500.0,0.0,4906722500.0,0.0
2021-03-27,4839833600.0,355744.04,4841433500.0,335265.14,4883814300.0,0.0,4945922300.0,0.0
2021-03-28,4866960800.0,698696.07,4868576900.0,682496.64,4911434000.0,206233.4,4973748200.0,0.0
2021-03-29,4893198800.0,1041648.1,4894830700.0,1025855.8,4938152100.0,561563.1,5001027900.0,0.0
2021-03-30,4931964500.0,444864.03,4933620700.0,420541.29,4977362600.0,0.0,5040238400.0,0.0
2021-03-31,4956898000.0,544584.04,4958575700.0,523066.18,5002840700.0,0.0,5065716500.0,0.0
2021-04-01,4984686100.0,644304.04,4986376500.0,631637.23,5031013900.0,259233.02,5094148900.0,0.0
2021-04-02,5009280800.0,744024.05,5010987800.0,727452.16,5056112400.0,240238.89,5119487700.0,0.0
2021-04-03,5046473800.0,843744.05,5048200800.0,823694.93,5093914900.0,234250.8,5157524400.0,0.0
2021-04-04,5080565100.0,943464.05,5082311900.0,923708.99,5128606800.0,342910.23,5192559200.0,0.0
2021-04-05,5108105500.0,1043184.1,5109871200.0,1024191.8,5156724500.0,465820.57,5221142700.0,0.0
2021-04-06,5140584900.0,12234482.0,5142369500.0,12215655.0,5189776200.0,11662145.0,5255022500.0,10834140.0
2021-04-07,5157789100.0,13015442.0,5159593300.0,12995929.0,5207573700.0,12422251.0,5273678100.0,11564075.0
2021-04-08,5171503700.0,12894794.0,5173328100.0,12874558.0,5221903400.0,12279633.0,5288897800.0,11389674.0
2021-04-09,5200437000.0,13074074.0,5202276200.0,13059223.0,5251288100.0,12622621.0,5318935600.0,11969500.0
2021-04-10,5224265500.0,4605048.5,5226124200.0,4585580.5,5275708500.0,4013220.7,5344212200.0,3157017.2
2021-04-11,5253585100.0,2536596.3,5255467700.0,2512653.4,5305755900.0,1808732.7,5375312700.0,755724.88
2021-04-12,5289858600.0,468144.04,5291758100.0,451253.14,5342497500.0,0.0,5412054300.0,0.0
2021-04-13,5303450500.0,9910249.4,5305375000.0,9885315.1,5356847500.0,9152247.9,5427500800.0,8055639.1
2021-04-14,5325526700.0,1761312.2,5327468100.0,1744331.2,5379439900.0,1245090.1,5450840100.0,498266.18
2021-04-15,5333430400.0,13226546.0,5335388900.0,13209409.0,5387864500.0,12705570.0,5460018400.0,11951868.0
2021-04-16,5359625400.0,6661177.0,5361602800.0,6642286.5,5414633800.0,6086907.9,5487618500.0,5256106.8
2021-04-17,5386175000.0,1387728.1,5388174200.0,1365990.3,5441844200.0,726898.38,5515555800.0,0.0
2021-04-18,5409111700.0,58800.0,5411130400.0,39261.0,5464839700.0,0.0,5538551300.0,0.0
2021-04-19,5426901800.0,3188208.4,5428944100.0,3164684.8,5483345000.0,2473090.0,5558091200.0,1438520.8
2021-04-20,5432728100.0,13324898.0,5434793900.0,13301272.0,5489889500.0,12606685.0,5565674600.0,11567639.0
2021-04-21,5446920600.0,7986601.1,5449007100.0,7965965.0,5504709300.0,7359264.6,5581402100.0,6451690.2
2021-04-22,5461248300.0,8839633.3,5463358100.0,8816336.2,5519745300.0,8131403.2,5597462700.0,7106799.4
2021-04-23,5498286100.0,1906680.2,5500410900.0,1891698.7,5557238500.0,1451243.8,5635614800.0,792359.19
2021-04-24,5523006100.0,218592.02,5525150800.0,198721.52,5582177100.0,0.0,5660553400.0,0.0
2021-04-25,5533105600.0,11629058.0,5535271500.0,11607843.0,5592921500.0,10984139.0,5672230800.0,10051128.0
2021-04-26,5546405600.0,11816282.0,5548590700.0,11797057.0,5606806000.0,11231852.0,5686960700.0,10386351.0
2021-04-27,5558612700.0,13340810.0,5560805600.0,13333056.0,5619248800.0,13105089.0,5699744500.0,12764069.0
2021-04-28,5573732100.0,9562153.3,5575938300.0,9548820.8,5634773500.0,9156844.1,5715855700.0,8570479.0
2021-04-29,5600995400.0,7670189.9,5603215800.0,7655915.9,5662470700.0,7236260.3,5744180600.0,6608489.7
2021-04-30,5631697300.0,5778226.4,5633932500.0,5763507.0,5693620100.0,5330757.2,5775977400.0,4683398.9
2021-05-01,5654961000.0,3886262.9,5657211000.0,3871450.7,5717334000.0,3435972.0,5800342700.0,2784531.5
2021-05-02,5686264800.0,1994299.5,5688532100.0,1976922.6,5749166100.0,1466043.5,5832939000.0,701810.1
2021-05-03,5735214400.0,102336.0,5737498700.0,85454.46,5798218100.0,0.0,5881991000.0,0.0
2021-05-04,5791439200.0,41208.0,5793743800.0,20862.09,5854484100.0,0.0,5938257000.0,0.0
2021-05-05,5837759700.0,38359.385,5840080600.0,22033.595,5900842900.0,0.0,5984615800.0,0.0
2021-05-06,5877230200.0,35510.769,5879569900.0,16711.209,5940348900.0,0.0,6024121800.0,0.0
2021-05-07,5925425300.0,32662.154,5927785500.0,12187.934,5988576700.0,0.0,6072349600.0,0.0
2021-05-08,5983741400.0,29813.538,5986120300.0,11121.618,6046922600.0,0.0,6130695500.0,0.0
2021-05-09,6026129000.0,26964.923,6028528500.0,6407.6331,6089337200.0,0.0,6173110100.0,0.0
2021-05-10,6075335200.0,24116.308,6077750700.0,8079.8977,6138567500.0,0.0,6222340400.0,0.0
2021-05-11,6104642300.0,21267.692,6107079100.0,0.0,6167895900.0,0.0,6251668800.0,0.0
2021-05-12,6129115200.0,4176.0,6131556200.0,0.0,6192373000.0,0.0,6276145900.0,0.0
2021-05-13,6153353800.0,4176.0,6155798900.0,0.0,6216615700.0,0.0,6300388600.0,0.0
2021-05-14,6179623100.0,4176.0,6182072400.0,0.0,6242889200.0,0.0,6326662100.0,0.0
2021-05-15,6222715900.0,4176.0,6225169400.0,0.0,6285986200.0,0.0,6369759100.0,0.0
2021-05-16,6259365800.0,4176.0,6261823500.0,0.0,6322640300.0,0.0,6406413200.0,0.0
2021-05-17,6336282700.0,4176.0,6338744500.0,0.0,6399561300.0,0.0,6483334200.0,0.0
2021-05-18,6388910100.0,9536281.3,6391389900.0,9518276.6,6452736100.0,8988937.2,6537300800.0,8197088.8
2021-05-19,6433484200.0,8939449.3,6435989400.0,8914125.0,6498080100.0,8169591.8,6583758600.0,7055830.8
2021-05-20,6467216500.0,6082080.9,6469743200.0,6060499.4,6532468400.0,5426005.4,6619096100.0,4476854.1
2021-05-21,6488235900.0,7114177.0,6490777900.0,7098861.3,6553953400.0,6648580.0,6641254700.0,5974996.0
2021-05-22,6526926700.0,5549328.8,6529488000.0,5530013.7,6593231300.0,4962148.5,6681382100.0,4112668.7
2021-05-23,6564551300.0,10901714.0,6567132400.0,10881997.0,6631455400.0,10302322.0,6720473300.0,9435175.0
2021-05-24,6587149100.0,9133273.2,6589748700.0,9114708.5,6654617500.0,8568903.9,6744451900.0,7752424.9
2021-05-25,6618346600.0,8238337.2,6620968300.0,8216265.5,6686486000.0,7567358.7,6777291200.0,6596647.1
2021-05-26,6658385200.0,4932432.7,6661030600.0,4908735.9,6727245000.0,4212050.3,6819092300.0,3169865.5
2021-05-27,6681711200.0,10004377.0,6684375400.0,9985598.6,6751141900.0,9433499.2,6843815100.0,8607603.6
2021-05-28,6705121000.0,10021777.0,6707800700.0,10006320.0,6775021600.0,9551876.7,6868374600.0,8872066.4
2021-05-29,6731360200.0,9759193.4,6734052700.0,9746377.6,6801650400.0,9369593.4,6895567100.0,8805954.9
2021-05-30,6763043600.0,4619832.7,6765754500.0,4601429.0,6833893300.0,4060359.9,6928619300.0,3250964.8
2021-05-31,6800025500.0,5139792.7,6802753900.0,5122235.3,6871408900.0,4606047.4,6966907100.0,3833872.5
2021-06-01,6864694000.0,7422337.1,6867441500.0,7403237.2,6936658000.0,6841701.3,7032996200.0,6001689.5
2021-06-02,6941496100.0,11756906.0,6944264300.0,11736163.0,7014090700.0,11126332.0,7111341200.0,10214076.0
2021-06-03,6992728600.0,3540720.4,6995518300.0,3519257.2,7065975600.0,2888237.3,7164170100.0,1944283.1
2021-06-04,7026226200.0,3190968.4,7029036700.0,3170183.7,7100105100.0,2559114.7,7199213700.0,1645005.4
2021-06-05,7041100100.0,13215434.0,7043926500.0,13199456.0,7115464700.0,12729717.0,7215275900.0,12027026.0
2021-06-06,7060787900.0,13253546.0,7063632800.0,13235104.0,7135713200.0,12692911.0,7236335500.0,11881835.0
2021-06-07,7080869400.0,13106498.0,7083729400.0,13091449.0,7156252200.0,12649010.0,7257536400.0,11987158.0
2021-06-08,7125921500.0,6897888.9,7128797000.0,6882424.2,7201774400.0,6427762.9,7303738700.0,5747626.7
2021-06-09,7186592300.0,8621905.2,7189478000.0,8611704.8,7262755300.0,8311811.5,7365168200.0,7863195.8
2021-06-10,7225332500.0,7374457.0,7228234100.0,7358486.1,7301981000.0,6888941.9,7405096300.0,6186542.2
2021-06-11,7254677100.0,9811873.4,7257599500.0,9791095.0,7331957300.0,9180209.4,7435986400.0,8266374.5
2021-06-12,7301800000.0,5975424.7,7304741500.0,5956270.3,7379662400.0,5393129.2,7484534000.0,4550716.0
2021-06-13,7338420100.0,11534378.0,7341375900.0,11520086.0,7416717000.0,11099903.0,7522217200.0,10471343.0
2021-06-14,7379179000.0,6617880.9,7382150700.0,6602046.5,7457957300.0,6136515.5,7564153800.0,5440119.0
2021-06-15,7406058600.0,13332410.0,7409048600.0,13314055.0,7485394900.0,12774419.0,7592398700.0,11967168.0
2021-06-16,7436154900.0,8910673.2,7439165800.0,8889799.6,7516125800.0,8276116.3,7624047600.0,7358096.3
2021-06-17,7454209000.0,12645578.0,7457240600.0,12624910.0,7534808200.0,12017281.0,7643639000.0,11108317.0
2021-06-18,7480106200.0,13220666.0,7483160100.0,13198332.0,7561384300.0,12541720.0,7671197300.0,11559482.0
2021-06-19,7498097100.0,13034714.0,7501173200.0,13012480.0,7580051100.0,12358803.0,7690841900.0,11380956.0
2021-06-20,7518207400.0,13039538.0,7521302400.0,13020722.0,7600733400.0,12467545.0,7712351800.0,11640037.0
2021-06-21,7574367500.0,9105169.3,7577483500.0,9084052.3,7657535400.0,8463214.3,7770082500.0,7534491.3
2021-06-22,7607078600.0,5795208.8,7610208500.0,5781447.6,7690664900.0,5376869.8,7803817200.0,4771654.4
2021-06-23,7629602600.0,10487377.0,7632753100.0,10466715.0,7713817000.0,9859246.6,7827878000.0,8950523.0
2021-06-24,7676339500.0,8290297.1,7679508200.0,8272070.5,7761108000.0,7736207.0,7875970600.0,6934598.9
2021-06-25,7714603700.0,9396505.3,7717794000.0,9374875.1,7800029700.0,8738947.8,7915843700.0,7787652.5
2021-06-26,7735842700.0,13234658.0,7739051600.0,13216084.0,7821833400.0,12670004.0,7938464200.0,11853113.0
2021-06-27,7763292200.0,9208993.3,7766520000.0,9190135.6,7849856200.0,8635720.1,7967316400.0,7806359.8
2021-06-28,7793777500.0,13281338.0,7797027100.0,13259470.0,7881006300.0,12616560.0,7999428200.0,11654819.0
2021-06-29,7822009900.0,13304570.0,7825283600.0,13280531.0,7909969500.0,12573802.0,8029448600.0,11516591.0
2021-06-30,7838282400.0,13303802.0,7841575200.0,13284668.0,7926823600.0,12722135.0,8047144200.0,11880631.0
2021-07-01,7850548500.0,13304426.0,7853860200.0,13285513.0,7939664600.0,12729481.0,8060817000.0,11897702.0
2021-07-02,7861071500.0,13314026.0,7864406000.0,13291253.0,7950879900.0,12621730.0,8073033900.0,11620179.0
2021-07-03,7870670100.0,13256154.0,7874025500.0,13235293.0,7961112700.0,12621988.0,8084184100.0,11704534.0
2021-07-04,7880844800.0,11515370.0,7884223400.0,11492181.0,7971992400.0,10810436.0,8096083600.0,9790600.1
2021-07-05,7887726200.0,13282466.0,7891126300.0,13260844.0,7979531000.0,12625146.0,8104573200.0,11674193.0
2021-07-06,7902320700.0,5320992.8,7905743600.0,5298273.3,7994816200.0,4630321.5,8120857600.0,3631120.1
2021-07-07,7911845500.0,11572538.0,7915292700.0,11548230.0,8005080000.0,10833577.0,8132190500.0,9764514.5
2021-07-08,7917764200.0,12621650.0,7921234900.0,12598091.0,8011714900.0,11905453.0,8139861500.0,10869322.0
2021-07-09,7924988900.0,13314146.0,7928477000.0,13296856.0,8019465300.0,12788534.0,8148372300.0,12028125.0
2021-07-10,7936565200.0,13277474.0,7940069100.0,13261614.0,8031523600.0,12795338.0,8161128100.0,12097826.0
2021-07-11,7952516000.0,13357658.0,7956040600.0,13336938.0,8048104400.0,12727760.0,8178620100.0,11816481.0
2021-07-12,7958386600.0,13326314.0,7961933900.0,13303624.0,8054664700.0,12636556.0,8186178400.0,11638675.0
2021-07-13,7966271400.0,12486002.0,7969841200.0,12463534.0,8063232500.0,11802978.0,8195734300.0,10814839.0
2021-07-14,7972528400.0,10183057.0,7976120700.0,10160595.0,8070172400.0,9500211.1,8203662100.0,8512330.1
2021-07-15,7976358900.0,13307186.0,7979974500.0,13283904.0,8074710700.0,12599406.0,8209224300.0,11575454.0
2021-07-16,7992649300.0,13308314.0,7996287400.0,13285768.0,8091686500.0,12622907.0,8227191700.0,11631321.0
2021-07-17,8028076100.0,13290122.0,8031739000.0,13265311.0,8127867500.0,12535879.0,8264463900.0,11444707.0
2021-07-18,8061623900.0,9928633.4,8065309600.0,9905803.6,8162109300.0,9234606.9,8299709800.0,8230551.4
2021-07-19,8070672900.0,13234250.0,8074384200.0,13208686.0,8171935500.0,12457101.0,8310660300.0,11332791.0
2021-07-20,8076021100.0,13285826.0,8079758800.0,13259435.0,8178086000.0,12483530.0,8317971400.0,11322841.0
2021-07-21,8080204500.0,13293050.0,8083964500.0,13270655.0,8182950100.0,12612255.0,8323820500.0,11627341.0
2021-07-22,8082401200.0,13289690.0,8086182200.0,13268759.0,8185783100.0,12653390.0,8327574000.0,11732849.0
2021-07-23,8085606600.0,13292306.0,8089411500.0,13268380.0,8189715900.0,12564952.0,8332559100.0,11512682.0
2021-07-24,8104598000.0,9050977.2,8108416400.0,9037504.3,8209116900.0,8641399.8,8352552600.0,8048859.9
2021-07-25,8112996300.0,13290362.0,8116828100.0,13277024.0,8217920700.0,12884887.0,8361943000.0,12298281.0
2021-07-26,8120170100.0,12133202.0,8124021000.0,12114033.0,8225677200.0,11550479.0,8370542600.0,10707449.0
2021-07-27,8146924800.0,11999714.0,8150788700.0,11986718.0,8252827000.0,11604648.0,8398263900.0,11033102.0
2021-07-28,8157369600.0,13272458.0,8161253900.0,13252073.0,8263891500.0,12652745.0,8410225000.0,11756199.0
2021-07-29,8177413100.0,13292642.0,8181319400.0,13270681.0,8284602600.0,12625019.0,8431901900.0,11659161.0
2021-07-30,8186261900.0,13275362.0,8190192300.0,13251277.0,8294183600.0,12543171.0,8442542200.0,11483903.0
2021-07-31,8190608500.0,13268234.0,8194565200.0,13241829.0,8299332900.0,12465512.0,8448852800.0,11304205.0
2021-08-01,8193246700.0,13237994.0,8197226600.0,13214805.0,8302676100.0,12533060.0,8453215800.0,11513224.0
2021-08-02,8195858900.0,13223930.0,8199863800.0,13198925.0,8306048400.0,12463794.0,8457687800.0,11364098.0
2021-08-03,8198747400.0,12027122.0,8202774600.0,12004770.0,8309616300.0,11347631.0,8462238800.0,10364604.0
2021-08-04,8205929900.0,6326305.0,8209981600.0,6301830.5,8317542900.0,5582281.7,8471241700.0,4505895.4
2021-08-05,8207236900.0,12179162.0,8211315100.0,12152697.0,8319654400.0,11374637.0,8474517200.0,10210723.0
2021-08-06,8208372900.0,13409834.0,8212475800.0,13385168.0,8321540200.0,12659977.0,8477487800.0,11575152.0
2021-08-07,8211407700.0,11543018.0,8215532500.0,11521147.0,8325240000.0,10878157.0,8482149400.0,9916295.8
2021-08-08,8218742600.0,9591289.2,8222888300.0,9570301.3,8333212800.0,8953258.6,8491045300.0,8030212.9
2021-08-09,8224137600.0,12159146.0,8228307900.0,12134607.0,8339353900.0,11413154.0,8498265600.0,10333921.0
2021-08-10,8229497000.0,13369010.0,8233685400.0,13350924.0,8345263100.0,12819188.0,8504970200.0,12023755.0
2021-08-11,8236967800.0,13353866.0,8241176400.0,13333714.0,8353346500.0,12741243.0,8513940000.0,11854954.0
2021-08-12,8253158200.0,12428714.0,8257385700.0,12409772.0,8370112800.0,11852880.0,8531539300.0,11019814.0
2021-08-13,8279067900.0,9817225.4,8283315700.0,9796878.7,8396641000.0,9198686.0,8558962300.0,8303838.6
2021-08-14,8307116300.0,10642081.0,8311379400.0,10626794.0,8425154100.0,10177338.0,8588147800.0,9504989.1
2021-08-15,8345181600.0,13262618.0,8349465200.0,13242152.0,8463841600.0,12640462.0,8627735300.0,11740384.0
2021-08-16,8370157900.0,13267010.0,8374460800.0,13247690.0,8489405200.0,12679687.0,8654148600.0,11830002.0
2021-08-17,8404749900.0,9204241.2,8409074000.0,9183024.1,8524642300.0,8559239.3,8690318800.0,7626108.1
2021-08-18,8432666800.0,11683610.0,8437009900.0,11664611.0,8553136700.0,11106045.0,8719648900.0,10270475.0
2021-08-19,8451457900.0,13335938.0,8455813500.0,13323466.0,8572306900.0,12956783.0,8739367600.0,12408256.0
2021-08-20,8477960800.0,13323914.0,8482332600.0,13307700.0,8599302700.0,12831001.0,8767076500.0,12117898.0
2021-08-21,8489327300.0,13327850.0,8493721100.0,13305885.0,8611337000.0,12660108.0,8780076800.0,11694079.0
2021-08-22,8497912900.0,13324010.0,8502329500.0,13301199.0,8620616100.0,12630552.0,8790359100.0,11627320.0
2021-08-23,8530838300.0,13327034.0,8535275300.0,13306550.0,8654164200.0,12704309.0,8824808100.0,11803407.0
2021-08-24,8555799800.0,13333922.0,8560255300.0,13315412.0,8679688300.0,12771212.0,8851146400.0,11957135.0
2021-08-25,8581290200.0,13337354.0,8585761000.0,13322117.0,8705642000.0,12874140.0,8877770200.0,12204004.0
2021-08-26,8607170900.0,9762073.4,8611657700.0,9746095.9,8732008400.0,9276356.8,8904839300.0,8573665.5
2021-08-27,8623187500.0,11240642.0,8627694500.0,11220385.0,8748640800.0,10624829.0,8922362600.0,9733926.7
2021-08-28,8638866400.0,11647346.0,8643391900.0,11628834.0,8764882400.0,11084601.0,8939418300.0,10270471.0
2021-08-29,8647524800.0,13386962.0,8652071000.0,13366269.0,8774169900.0,12757894.0,8949615900.0,11847816.0
2021-08-30,8685114100.0,5626200.9,8689676000.0,5610492.8,8812236700.0,5148676.8,8988373500.0,4457837.6
2021-08-31,8721832700.0,9517417.3,8726408500.0,9503577.8,8849376100.0,9096695.3,9026121500.0,8488032.3
2021-09-01,8756244600.0,10157929.0,8760839200.0,10139121.0,8884359800.0,9586138.3,9061932500.0,8758922.0
2021-09-02,8776831500.0,13227026.0,8781452200.0,13200905.0,8905740800.0,12432947.0,9084462200.0,11284144.0
2021-09-03,8794700300.0,8140537.2,8799344300.0,8117225.3,8924318200.0,7431856.6,9104064900.0,6406601.0
2021-09-04,8808639900.0,13257074.0,8813303900.0,13237058.0,8938866300.0,12648577.0,9119493400.0,11768257.0
2021-09-05,8846965300.0,5777832.8,8851650500.0,5756603.6,8977837100.0,5132463.3,9159397800.0,4198800.5
2021-09-06,8869736800.0,13090898.0,8874438900.0,13074073.0,9001120000.0,12579430.0,9183420700.0,11839484.0
2021-09-07,8903821200.0,6495216.9,8908541800.0,6476658.0,9035768600.0,5931025.5,9218885500.0,5114803.7
2021-09-08,8939174500.0,6242305.0,8943910700.0,6226716.7,9071595800.0,5768420.6,9255398200.0,5082847.2
2021-09-09,8957527000.0,12766370.0,8962287200.0,12742418.0,9090676500.0,12038222.0,9275532300.0,10984802.0
2021-09-10,8973005800.0,13359842.0,8977790200.0,13335706.0,9106889100.0,12626121.0,9292806400.0,11564640.0
2021-09-11,8995296700.0,10430257.0,9000100000.0,10411318.0,9129755600.0,9854506.3,9316505900.0,9021561.2
2021-09-12,9017875600.0,9584473.3,9022699100.0,9564265.1,9152948900.0,8970142.8,9340588000.0,8081384.4
2021-09-13,9031665800.0,10426129.0,9036514100.0,10401262.0,9167495000.0,9670155.3,9356227800.0,8576479.5
2021-09-14,9052905400.0,8240617.1,9057776000.0,8218323.5,9189412400.0,7562892.5,9379125600.0,6582421.3
2021-09-15,9079637200.0,8315281.2,9084531700.0,8291431.9,9216869200.0,7590263.0,9407631300.0,6541371.7
2021-09-16,9093095500.0,11650250.0,9098017200.0,11623106.0,9231152700.0,10825096.0,9423108500.0,9631337.0
2021-09-17,9102718400.0,12423626.0,9107668200.0,12395447.0,9241632200.0,11566982.0,9434827400.0,10327667.0
2021-09-18,9109952200.0,13113986.0,9114925800.0,13090237.0,9249588000.0,12392015.0,9443827600.0,11347532.0
2021-09-19,9130169000.0,6385320.9,9135167400.0,6360442.0,9270561100.0,5629003.0,9465894900.0,4534829.8
2021-09-20,9137504800.0,13309394.0,9142526000.0,13286672.0,9278587700.0,12618640.0,9474920800.0,11619318.0
2021-09-21,9157967400.0,13330010.0,9163008400.0,13310181.0,9299653100.0,12727203.0,9496858300.0,11855117.0
2021-09-22,9168115900.0,13329386.0,9173176500.0,13309747.0,9310398600.0,12732353.0,9508467600.0,11868620.0
2021-09-23,9211582500.0,13309586.0,9216662100.0,13290594.0,9354442600.0,12732222.0,9553346800.0,11896945.0
2021-09-24,9246160300.0,9737185.4,9251261600.0,9715531.0,9389678700.0,9078892.8,9589535300.0,8126534.1
2021-09-25,9260516900.0,13284986.0,9265644000.0,13259099.0,9404822200.0,12498020.0,9605817300.0,11359509.0
2021-09-26,9277337900.0,6433440.9,9282494000.0,6404556.8,9422521300.0,5555361.9,9624786700.0,4285035.6
2021-09-27,9285833700.0,13377554.0,9291012600.0,13354694.0,9431712000.0,12682614.0,9634982800.0,11677238.0
2021-09-28,9299186100.0,7827433.1,9304375500.0,7816946.0,9445383300.0,7508625.3,9649115300.0,7047402.6
2021-09-29,9310645500.0,13331402.0,9315853000.0,13313370.0,9457390800.0,12783228.0,9661915900.0,11990179.0
2021-09-30,9338690900.0,13341482.0,9343917900.0,13321937.0,9486030400.0,12747330.0,9691415100.0,11887765.0
2021-10-01,9354682300.0,13340402.0,9359929000.0,13320708.0,9502620500.0,12741721.0,9708871300.0,11875604.0
2021-10-02,9396038600.0,6429960.9,9401303800.0,6411419.6,9544540400.0,5866303.0,9751606600.0,5050853.1
2021-10-03,9420323200.0,13357586.0,9425611100.0,13334930.0,9569513700.0,12668847.0,9777576400.0,11672442.0
2021-10-04,9431433000.0,13377434.0,9436743200.0,13355080.0,9581303000.0,12697884.0,9790348800.0,11714771.0
2021-10-05,9451134000.0,13342802.0,9456462400.0,13324535.0,9601559400.0,12787491.0,9811408500.0,11984116.0
2021-10-06,9469326700.0,5770248.8,9474673800.0,5751601.7,9620319000.0,5203377.9,9830988200.0,4383279.7
2021-10-07,9496673800.0,6230952.9,9502042800.0,6209008.4,9648333100.0,5563839.5,9859967500.0,4598719.5
2021-10-08,9508226700.0,13290842.0,9513613100.0,13273510.0,9660413000.0,12763949.0,9872809600.0,12001688.0
2021-10-09,9519029100.0,13318202.0,9524433300.0,13300467.0,9671754500.0,12779074.0,9884931100.0,11999112.0
2021-10-10,9533205900.0,13152026.0,9538626400.0,13135646.0,9686429200.0,12654074.0,9900326200.0,11933681.0
2021-10-11,9546614200.0,13295018.0,9552050900.0,13278841.0,9700329300.0,12803243.0,9914937700.0,12091787.0
2021-10-12,9557249200.0,10458914.0,9562704200.0,10440576.0,9711521700.0,9901468.1,9926936600.0,9095006.0
2021-10-13,9577659300.0,9074353.3,9583132600.0,9056104.0,9732486700.0,8519575.5,9948704100.0,7716972.6
2021-10-14,9597804500.0,4723704.7,9603294300.0,4707136.7,9753135500.0,4220038.1,9970081600.0,3491378.4
2021-10-15,9616007600.0,7084129.0,9621521400.0,7060181.4,9772066600.0,6356123.1,9990065900.0,5302909.4
2021-10-16,9643492800.0,5603520.8,9649024700.0,5585428.7,9800101900.0,5053521.0,10018897000.0,4257830.4
2021-10-17,9672211200.0,6689833.0,9677761700.0,6671250.6,9829385100.0,6124930.1,10048997000.0,5307679.3
2021-10-18,9695646600.0,6564096.9,9701218100.0,6543081.0,9853459400.0,5925212.7,10073996000.0,5000932.1
2021-10-19,9723629400.0,6681529.0,9729222400.0,6660035.7,9882095600.0,6028133.0,10103577000.0,5082858.1
2021-10-20,9748511400.0,6655465.0,9754122400.0,6637480.5,9907524400.0,6108737.4,10129797000.0,5317780.8
2021-10-21,9767571000.0,7129609.0,9773200300.0,7111306.3,9927140400.0,6573206.9,10150218000.0,5768254.2
2021-10-22,9788973900.0,8341249.2,9794622200.0,8322157.5,9949123600.0,7760862.4,10173041000.0,6921210.8
2021-10-23,9805791700.0,9824521.4,9811458900.0,9805678.9,9966514300.0,9251710.6,10191260000.0,8423019.2
2021-10-24,9821036400.0,10035817.0,9826725900.0,10013552.0,9982435800.0,9358946.5,10208161000.0,8379710.3
2021-10-25,9838608000.0,5533968.6,9844318700.0,5512704.6,10000654000.0,4887543.9,10227314000.0,3952354.5
2021-10-26,9863641300.0,9980281.4,9869370200.0,9962125.8,10026239000.0,9428349.1,10253698000.0,8629862.7
2021-10-27,9914674800.0,4574520.6,9920420400.0,4557809.1,10077781000.0,4066491.0,10305975000.0,3331519.2
2021-10-28,9937855300.0,10392649.0,9943620100.0,10373433.0,10101545000.0,9808480.6,10330584000.0,8963357.4
2021-10-29,9959862800.0,11687330.0,9965641400.0,11673480.0,10123974000.0,11266288.0,10353622000.0,10657161.0
2021-10-30,9985201000.0,11680370.0,9990995300.0,11664728.0,10149788000.0,11204873.0,10380124000.0,10516967.0
2021-10-31,10018722000.0,11684378.0,10024533000.0,11667176.0,10183831000.0,11161445.0,10414924000.0,10404913.0
2021-11-01,10050388000.0,7145497.0,10056217000.0,7128558.1,10216013000.0,6630555.3,10447850000.0,5885583.8
2021-11-02,10077489000.0,11648066.0,10083334000.0,11631017.0,10243631000.0,11129792.0,10476219000.0,10380001.0
2021-11-03,10103572000.0,11653418.0,10109434000.0,11637177.0,10270209000.0,11159710.0,10503510000.0,10445458.0
2021-11-04,10142966000.0,10984922.0,10148845000.0,10967672.0,10310126000.0,10460531.0,10544187000.0,9701888.9
2021-11-05,10159373000.0,11679986.0,10165272000.0,11659707.0,10327150000.0,11063521.0,10562102000.0,10171675.0
2021-11-06,10179359000.0,6417816.8,10185279000.0,6397272.4,10347761000.0,5793266.5,10583617000.0,4889722.9
2021-11-07,10201349000.0,11656634.0,10207288000.0,11636852.0,10370352000.0,11055274.0,10607078000.0,10185280.0
2021-11-08,10226108000.0,5291208.7,10232065000.0,5274732.4,10395612000.0,4790328.3,10633063000.0,4065699.3
2021-11-09,10251478000.0,11161466.0,10257451000.0,11144852.0,10421487000.0,10656424.0,10659668000.0,9925774.3
2021-11-10,10282086000.0,8440681.0,10288075000.0,8424354.5,10452591000.0,7944353.3,10691490000.0,7226310.8
2021-11-11,10304224000.0,11649890.0,10310236000.0,11626620.0,10475436000.0,10942490.0,10715359000.0,9919086.4
2021-11-12,10319419000.0,11636162.0,10325452000.0,11615256.0,10491268000.0,11000633.0,10732109000.0,10081206.0
2021-11-13,10341386000.0,6897960.9,10347435000.0,6881986.1,10513720000.0,6412327.3,10755264000.0,5709756.0
2021-11-14,10359509000.0,11347106.0,10365575000.0,11330393.0,10532351000.0,10839029.0,10774630000.0,10103988.0
2021-11-15,10375247000.0,11666354.0,10381327000.0,11652221.0,10548519000.0,11236716.0,10791420000.0,10615155.0
2021-11-16,10388204000.0,11672426.0,10394304000.0,11652800.0,10562073000.0,11075796.0,10805837000.0,10212646.0
2021-11-17,10398659000.0,11152058.0,10404780000.0,11131236.0,10573161000.0,10519089.0,10817840000.0,9603367.8
2021-11-18,10407379000.0,11607194.0,10413523000.0,11583512.0,10582600000.0,10887274.0,10828322000.0,9845757.8
2021-11-19,10422181000.0,7727496.9,10428343000.0,7709329.9,10597954000.0,7175220.7,10844475000.0,6376236.9
2021-11-20,10434892000.0,11671586.0,10441072000.0,11652994.0,10611230000.0,11106398.0,10858568000.0,10288736.0
2021-11-21,10454051000.0,11708762.0,10460248000.0,11692134.0,10630895000.0,11203269.0,10878964000.0,10471968.0
2021-11-22,10471855000.0,11696786.0,10478066000.0,11682908.0,10649121000.0,11274890.0,10897801000.0,10664529.0
2021-11-23,10492501000.0,11696258.0,10498725000.0,11683582.0,10670153000.0,11310902.0,10919390000.0,10753404.0
2021-11-24,10526213000.0,8820817.2,10532453000.0,8805319.7,10704335000.0,8349695.3,10954254000.0,7668118.3
2021-11-25,10567858000.0,11565266.0,10574114000.0,11548787.0,10746482000.0,11064326.0,10997125000.0,10339611.0
2021-11-26,10610553000.0,11688818.0,10616822000.0,11675817.0,10789572000.0,11293586.0,11040787000.0,10721800.0
2021-11-27,10656428000.0,11742890.0,10662717000.0,11722654.0,10836061000.0,11127729.0,11088167000.0,10237770.0
2021-11-28,10678524000.0,11745698.0,10684835000.0,11723553.0,10858831000.0,11072490.0,11111910000.0,10098554.0
2021-11-29,10694788000.0,11395994.0,10701116000.0,11379510.0,10875596000.0,10894888.0,11129400000.0,10169933.0
2021-11-30,10717435000.0,11709098.0,10723778000.0,11694138.0,10898698000.0,11254337.0,11153160000.0,10596430.0
2021-12-01,10752920000.0,7788097.1,10759280000.0,7770805.3,10934708000.0,7262425.8,11189931000.0,6501931.5
2021-12-02,10776615000.0,5906256.8,10782999000.0,5882929.0,10959113000.0,5197090.2,11215362000.0,4171131.3
2021-12-03,10804447000.0,2725488.3,10810846000.0,2709935.9,10987418000.0,2252694.7,11244350000.0,1568699.3
2021-12-04,10840759000.0,2876136.3,10847174000.0,2860132.7,11024216000.0,2389625.4,11281852000.0,1685784.8
2021-12-05,10866547000.0,3761640.5,10872980000.0,3743931.4,11050542000.0,3223283.3,11308957000.0,2444436.2
2021-12-06,10887763000.0,6753049.0,10894215000.0,6733870.3,11072342000.0,6170018.3,11331601000.0,5326541.7
2021-12-07,10910453000.0,8107681.2,10916926000.0,8086190.6,11095685000.0,7454368.2,11355889000.0,6509213.3
2021-12-08,10927021000.0,4275768.5,10933512000.0,4258542.2,11112776000.0,3752089.0,11373738000.0,2994476.3
2021-12-09,10938470000.0,8229121.2,10944979000.0,8210564.2,11124790000.0,7664989.0,11386567000.0,6848853.0
2021-12-10,10949156000.0,8077417.2,10955686000.0,8057142.6,11136092000.0,7461071.1,11398761000.0,6569396.9
2021-12-11,10959164000.0,7273585.0,10965708000.0,7258662.4,11146554000.0,6819938.9,11409879000.0,6163644.2
2021-12-12,10969519000.0,8307697.2,10976072000.0,8298906.2,11157176000.0,8040451.1,11420888000.0,7653823.4
2021-12-13,10978341000.0,8168713.1,10984919000.0,8143895.8,11166752000.0,7414268.4,11431555000.0,6322805.3
2021-12-14,10986401000.0,9029593.3,10992999000.0,9009806.2,11175414000.0,8428067.3,11441088000.0,7557833.2
2021-12-15,10992342000.0,9954697.4,10998960000.0,9935266.8,11181946000.0,9364007.8,11448474000.0,8509450.9
2021-12-16,10997816000.0,10018849.0,11004451000.0,10001400.0,11187950000.0,9488400.1,11455246000.0,8720993.6
2021-12-17,11005042000.0,9987817.4,11011690000.0,9974260.3,11195588000.0,9575679.2,11463480000.0,8979434.4
2021-12-18,11014150000.0,10126344.0,11020808000.0,10117091.0,11204978000.0,9845048.8,11473277000.0,9438095.7
2021-12-19,11018124000.0,11630786.0,11024800000.0,11612346.0,11209512000.0,11070210.0,11478622000.0,10259220.0
2021-12-20,11022105000.0,11617514.0,11028798000.0,11599767.0,11214032000.0,11078018.0,11483923000.0,10297525.0
2021-12-21,11027113000.0,11637362.0,11033820000.0,11624356.0,11219436000.0,11241988.0,11489898000.0,10669996.0
2021-12-22,11032242000.0,11906714.0,11038968000.0,11887203.0,11225158000.0,11313582.0,11496478000.0,10455491.0
2021-12-23,11035133000.0,13325690.0,11041879000.0,13306020.0,11228647000.0,12727721.0,11500833000.0,11862632.0
2021-12-24,11037772000.0,13304762.0,11044537000.0,13286149.0,11231852000.0,12738922.0,11504856000.0,11920317.0
2021-12-25,11040112000.0,13318898.0,11046897000.0,13298531.0,11234811000.0,12699754.0,11508711000.0,11804032.0
2021-12-26,11043969000.0,13072106.0,11050769000.0,13056260.0,11239149000.0,12590397.0,11513746000.0,11893503.0
2021-12-27,11050131000.0,12973034.0,11056945000.0,12959956.0,11245709000.0,12575467.0,11520881000.0,12000302.0
2021-12-28,11056116000.0,13276634.0,11062946000.0,13260979.0,11252171000.0,12800734.0,11528031000.0,12112245.0
2021-12-29,11060580000.0,13331954.0,11067422000.0,13319482.0,11257013000.0,12952823.0,11533423000.0,12404330.0
2021-12-30,11066874000.0,13378346.0,11073733000.0,13361606.0,11263816000.0,12869439.0,11540962000.0,12133198.0
2021-12-31,11067911000.0,13399634.0,11074787000.0,13381838.0,11265394000.0,12858633.0,11543322000.0,12075961.0
2022-01-01,11073837000.0,13373066.0,11080728000.0,13358977.0,11271748000.0,12944768.0,11550296000.0,12325145.0
2022-01-02,11079291000.0,12978002.0,11086196000.0,12963867.0,11277632000.0,12548317.0,11556801000.0,11926687.0
2022-01-03,11083952000.0,13383002.0,11090879000.0,13361291.0,11282953000.0,12722978.0,11563078000.0,11768115.0
2022-01-04,11086156000.0,13387490.0,11093106000.0,13364180.0,11285866000.0,12678857.0,11567015000.0,11653670.0
2022-01-05,11089468000.0,13057896.0,11096440000.0,13036008.0,11289843000.0,12392490.0,11571955000.0,11429840.0
2022-01-06,11093622000.0,11480162.0,11100606000.0,11467561.0,11294380000.0,11097106.0,11577046000.0,10542936.0
2022-01-07,11104954000.0,12545450.0,11111948000.0,12535098.0,11306027000.0,12230768.0,11589148000.0,11775514.0
2022-01-08,11111912000.0,13368986.0,11118922000.0,13353661.0,11313451000.0,12903104.0,11597246000.0,12229109.0
2022-01-09,11129549000.0,23832.0,11136573000.0,9883.65,11331112000.0,0.0,11614907000.0,0.0
2022-01-10,11140838000.0,4056864.6,11147873000.0,4045196.5,11342755000.0,3702156.8,11627064000.0,3188997.2
2022-01-11,11146699000.0,8089897.1,11153746000.0,8078843.0,11348953000.0,7753850.7,11633747000.0,7267688.7
2022-01-12,11148286000.0,13107770.0,11155350000.0,13090370.0,11351069000.0,12578826.0,11636628000.0,11813598.0
2022-01-13,11169612000.0,769584.07,11176693000.0,752432.65,11372915000.0,248180.9,11658723000.0,0.0
2022-01-14,11184995000.0,13229210.0,11192093000.0,13211962.0,11388823000.0,12704878.0,11675390000.0,11946322.0
2022-01-15,11190928000.0,13168442.0,11198047000.0,13147851.0,11395382000.0,12542469.0,11682854000.0,11636867.0
2022-01-16,11193654000.0,13132442.0,11200793000.0,13112750.0,11398707000.0,12533821.0,11687045000.0,11667789.0
2022-01-17,11210975000.0,176040.02,11218129000.0,160788.68,11416204000.0,0.0,11704542000.0,0.0
2022-01-18,11212590000.0,13334642.0,11219757000.0,13321472.0,11418219000.0,12934265.0,11707137000.0,12355035.0
2022-01-19,11213842000.0,13197314.0,11221032000.0,13174074.0,11420177000.0,12490815.0,11710117000.0,11468715.0
2022-01-20,11225547000.0,3585168.4,11232759000.0,3563449.4,11432543000.0,2924907.8,11723438000.0,1969701.8
2022-01-21,11233173000.0,6674784.9,11240403000.0,6657008.3,11440710000.0,6134376.6,11732386000.0,5352562.1
2022-01-22,11233025000.0,13336778.0,11240273000.0,13319008.0,11441102000.0,12796571.0,11733560000.0,12015048.0
2022-01-23,11233560000.0,13297514.0,11240830000.0,13275161.0,11442316000.0,12617999.0,11735757000.0,11634938.0
2022-01-24,11232807000.0,13330130.0,11240094000.0,13313194.0,11442078000.0,12815271.0,11736264000.0,12070420.0
2022-01-25,11232206000.0,13322114.0,11239508000.0,13306762.0,11441944000.0,12855402.0,11736805000.0,12180206.0
2022-01-26,11235010000.0,11764994.0,11242330000.0,11746450.0,11445311000.0,11201253.0,11740988000.0,10385683.0
2022-01-27,11237884000.0,10839938.0,11245223000.0,10821917.0,11448733000.0,10292107.0,11745203000.0,9499555.7
2022-01-28,11240609000.0,9917281.2,11247972000.0,9893001.3,11452196000.0,9179174.0,11749733000.0,8111346.7
2022-01-29,11242202000.0,9703729.3,11249587000.0,9682206.8,11454444000.0,9049444.1,11752927000.0,8102882.8
2022-01-30,11239383000.0,12409730.0,11246791000.0,12385915.0,11452348000.0,11685767.0,11751880000.0,10638402.0
2022-01-31,11240419000.0,9118585.3,11247851000.0,9095082.3,11454099000.0,8404095.3,11754664000.0,7370435.1
2022-02-01,11237958000.0,12734978.0,11245412000.0,12713494.0,11452291000.0,12081866.0,11753801000.0,11137003.0
2022-02-02,11235064000.0,13335722.0,11242539000.0,13314302.0,11450048000.0,12684567.0,11752500000.0,11742534.0
2022-02-03,11232099000.0,13346066.0,11239593000.0,13326710.0,11447671000.0,12757653.0,11750974000.0,11906389.0
2022-02-04,11230298000.0,13346786.0,11237809000.0,13330511.0,11446365000.0,12852023.0,11750384000.0,12136245.0
2022-02-05,11232037000.0,13353002.0,11239563000.0,13337875.0,11448564000.0,12893155.0,11753248000.0,12227890.0
2022-02-06,11233392000.0,13352594.0,11240934000.0,13336001.0,11450423000.0,12848180.0,11755837000.0,12118440.0
2022-02-07,11238760000.0,13353914.0,11246316000.0,13340801.0,11456191000.0,12955291.0,11762181000.0,12378600.0
2022-02-08,11242003000.0,13341890.0,11249570000.0,13329279.0,11459816000.0,12958526.0,11766361000.0,12403910.0
2022-02-09,11245743000.0,13353818.0,11253322000.0,13342465.0,11463901000.0,13008690.0,11770946000.0,12509389.0
2022-02-10,11248265000.0,13375226.0,11255865000.0,13354914.0,11467041000.0,12757742.0,11774979000.0,11864421.0
2022-02-11,11247590000.0,13352258.0,11255214000.0,13327304.0,11467125000.0,12593664.0,11776160000.0,11496197.0
2022-02-12,11245518000.0,13335050.0,11253164000.0,13313516.0,11465708000.0,12680433.0,11775690000.0,11733391.0
2022-02-13,11248146000.0,9436441.3,11255807000.0,9421406.4,11468793000.0,8979380.7,11779436000.0,8318146.2
2022-02-14,11249812000.0,11289361.0,11257485000.0,11277857.0,11470809000.0,10939633.0,11781958000.0,10433677.0
2022-02-15,11248516000.0,13380482.0,11256206000.0,13362756.0,11470051000.0,12841615.0,11781980000.0,12062030.0
2022-02-16,11247820000.0,13355498.0,11255530000.0,13336269.0,11469940000.0,12770926.0,11782714000.0,11925220.0
2022-02-17,11245969000.0,13353050.0,11253697000.0,13334636.0,11468648000.0,12793269.0,11782233000.0,11983428.0
2022-02-18,11247688000.0,13352786.0,11255422000.0,13346479.0,11470559000.0,13161063.0,11784421000.0,12883694.0
2022-02-19,11249023000.0,13341170.0,11256775000.0,13323157.0,11472442000.0,12793589.0,11787096000.0,12001397.0
2022-02-20,11261195000.0,6054816.7,11268964000.0,6037883.7,11485129000.0,5540052.9,11800527000.0,4795338.7
2022-02-21,11275167000.0,13056842.0,11282958000.0,13034741.0,11499773000.0,12384974.0,11816143000.0,11412976.0
2022-02-22,11283167000.0,12663770.0,11290978000.0,12643402.0,11508391000.0,12044578.0,11825658000.0,11148788.0
2022-02-23,11285388000.0,12072746.0,11293219000.0,12052675.0,11511222000.0,11462600.0,11829371000.0,10579897.0
2022-02-24,11286441000.0,12487442.0,11294290000.0,12469616.0,11512817000.0,11945551.0,11831750000.0,11161593.0
2022-02-25,11285197000.0,12956426.0,11293065000.0,12937769.0,11512141000.0,12389270.0,11831895000.0,11568761.0
2022-02-26,11286825000.0,11119394.0,11294704000.0,11108409.0,11514102000.0,10785457.0,11834339000.0,10302349.0
2022-02-27,11289891000.0,13137962.0,11297784000.0,13124119.0,11517589000.0,12717145.0,11838435000.0,12108345.0
2022-02-28,11298471000.0,10170457.0,11306376000.0,10157910.0,11526551000.0,9789002.5,11847948000.0,9237147.6
2022-03-01,11317494000.0,12009098.0,11325417000.0,11991560.0,11546107000.0,11475945.0,11868276000.0,10704628.0
2022-03-02,11342362000.0,8032488.3,11350294000.0,8024035.4,11571232000.0,7775521.3,11893773000.0,7403764.5
2022-03-03,11354575000.0,11262578.0,11362527000.0,11241810.0,11584077000.0,10631234.0,11907531000.0,9717861.9
2022-03-04,11366705000.0,7901857.1,11374673000.0,7886270.0,11596680000.0,7428008.3,11920820000.0,6742486.4
2022-03-05,11377178000.0,11487072.0,11385159000.0,11474172.0,11607545000.0,11094912.0,11932252000.0,10527568.0
2022-03-06,11400853000.0,13225992.0,11408842000.0,13217438.0,11631480000.0,12965943.0,11956563000.0,12589727.0
2022-03-07,11422873000.0,11547936.0,11430880000.0,11530017.0,11654045000.0,11003201.0,11979916000.0,10215126.0
2022-03-08,11443322000.0,7140097.0,11451347000.0,7121758.8,11675051000.0,6582616.0,12001729000.0,5776102.4
2022-03-09,11449299000.0,12665402.0,11457341000.0,12649295.0,11681518000.0,12175761.0,12008904000.0,11467392.0
2022-03-10,11465721000.0,6447792.9,11473783000.0,6427701.7,11698551000.0,5837019.2,12026821000.0,4953406.5
2022-03-11,11473928000.0,12664056.0,11482011000.0,12642831.0,11707404000.0,12018794.0,12036607000.0,11085285.0
2022-03-12,11508647000.0,6615288.8,11516752000.0,6593321.7,11742790000.0,5947487.8,12072959000.0,4981373.0
2022-03-13,11526145000.0,7182984.9,11534270000.0,7162745.9,11760904000.0,6567717.8,12091963000.0,5677604.4
2022-03-14,11543472000.0,11035826.0,11551620000.0,11013406.0,11778912000.0,10354260.0,12110957000.0,9368231.1
2022-03-15,11562358000.0,12236090.0,11570525000.0,12216803.0,11798384000.0,11649787.0,12131278000.0,10801576.0
2022-03-16,11575701000.0,10932410.0,11583887000.0,10913594.0,11812299000.0,10360417.0,12146020000.0,9532908.9
2022-03-17,11585766000.0,12690962.0,11593971000.0,12671901.0,11822943000.0,12111512.0,12157503000.0,11273215.0
2022-03-18,11592279000.0,12703082.0,11600503000.0,12683780.0,11830044000.0,12116293.0,12165452000.0,11267379.0
2022-03-19,11604045000.0,7773409.1,11612288000.0,7754956.6,11842371000.0,7212454.3,12178590000.0,6400915.1
2022-03-20,11624188000.0,7462729.1,11632449000.0,7444745.8,11863060000.0,6916037.1,12200071000.0,6125132.0
2022-03-21,11634098000.0,7671001.1,11642376000.0,7653199.1,11873511000.0,7129822.1,12211305000.0,6346892.8
2022-03-22,11649467000.0,10992673.0,11657763000.0,10974994.0,11889418000.0,10455229.0,12227989000.0,9677702.8
2022-03-23,11672808000.0,7954513.1,11681121000.0,7938344.4,11913251000.0,7462987.0,12252533000.0,6751891.1
2022-03-24,11681233000.0,12895898.0,11689566000.0,12875158.0,11922306000.0,12265408.0,12262500000.0,11353271.0
2022-03-25,11690946000.0,12105554.0,11699294000.0,12090234.0,11932484000.0,11639838.0,12273353000.0,10966083.0
2022-03-26,11701354000.0,12432002.0,11709718000.0,12415584.0,11943391000.0,11932912.0,12284982000.0,11210873.0
2022-03-27,11714867000.0,13093634.0,11723244000.0,13081727.0,11957267000.0,12731670.0,12299381000.0,12208014.0
2022-03-28,11730457000.0,8600713.3,11738852000.0,8582361.0,11973414000.0,8042805.5,12316335000.0,7235674.4
2022-03-29,11756864000.0,6693192.0,11765277000.0,6674690.0,12000384000.0,6130731.5,12344118000.0,5317014.0
2022-03-30,11787760000.0,6584184.0,11796193000.0,6565159.0,12031858000.0,6005824.6,12376430000.0,5169106.0
2022-03-31,11810872000.0,6124272.0,11819320000.0,6108978.5,12055436000.0,5659350.8,12400680000.0,4986744.4
2022-04-01,11848198000.0,6641593.0,11856661000.0,6625457.1,12093251000.0,6151062.8,12439205000.0,5441407.7
2022-04-02,11888121000.0,7830769.1,11896604000.0,7811323.7,12133766000.0,7239629.0,12480575000.0,6384420.3
2022-04-03,11905261000.0,9626329.3,11913760000.0,9611215.7,12151366000.0,9166873.8,12498839000.0,8502174.5
2022-04-04,11921550000.0,10822442.0,11930067000.0,10803958.0,12168216000.0,10260550.0,12516502000.0,9447656.0
2022-04-05,11949296000.0,5351304.8,11957833000.0,5331169.5,12196574000.0,4739191.4,12545746000.0,3853640.4
2022-04-06,11968587000.0,11570162.0,11977146000.0,11548367.0,12216528000.0,10907601.0,12566659000.0,9949067.4
2022-04-07,12012412000.0,9684409.3,12020989000.0,9666265.7,12260904000.0,9132844.5,12611833000.0,8334889.8
2022-04-08,12047872000.0,11112936.0,12056465000.0,11097087.0,12296846000.0,10631120.0,12648472000.0,9934072.2
2022-04-09,12075138000.0,10186152.0,12083749000.0,10167924.0,12324667000.0,9632002.8,12677094000.0,8830309.0
2022-04-10,12100061000.0,12880368.0,12108688000.0,12864456.0,12350073000.0,12396620.0,12703200000.0,11696776.0
2022-04-11,12119767000.0,12806064.0,12128414000.0,12786687.0,12370369000.0,12216999.0,12724348000.0,11364792.0
2022-04-12,12141863000.0,12306530.0,12150529000.0,12286782.0,12393064000.0,11706201.0,12747912000.0,10837700.0
2022-04-13,12162219000.0,8481745.2,12170903000.0,8463530.6,12413974000.0,7928022.6,12769623000.0,7126946.2
2022-04-14,12170912000.0,13135418.0,12179615000.0,13117129.0,12423223000.0,12579443.0,12779676000.0,11775107.0
2022-04-15,12183081000.0,12094898.0,12191803000.0,12075935.0,12435969000.0,11518435.0,12793256000.0,10684461.0
2022-04-16,12195934000.0,13246442.0,12204667000.0,13235773.0,12449146000.0,12922121.0,12806903000.0,12452923.0
2022-04-17,12208035000.0,13357514.0,12216782000.0,13342641.0,12461699000.0,12905373.0,12820110000.0,12251257.0
2022-04-18,12221506000.0,12145514.0,12230264000.0,12134327.0,12475510000.0,11805424.0,12834412000.0,11313414.0
2022-04-19,12244391000.0,10543632.0,12253163000.0,10529815.0,12498815000.0,10123586.0,12858325000.0,9515900.9
2022-04-20,12274270000.0,10657416.0,12283057000.0,10641858.0,12529167000.0,10184445.0,12889362000.0,9500192.4
2022-04-21,12313042000.0,11470152.0,12321846000.0,11453517.0,12568445000.0,10964434.0,12929371000.0,10232807.0
2022-04-22,12394735000.0,5423520.8,12403555000.0,5407203.5,12650634000.0,4927477.6,13012278000.0,4209846.7
2022-04-23,12472069000.0,5574504.8,12480909000.0,5555312.1,12728552000.0,4991047.3,13091040000.0,4146953.2
2022-04-24,12503139000.0,11708834.0,12511996000.0,11691288.0,12760155000.0,11175432.0,13123415000.0,10403755.0
2022-04-25,12529941000.0,13256210.0,12538813000.0,13241739.0,12787397000.0,12816281.0,13151293000.0,12179832.0
2022-04-26,12556875000.0,6122136.8,12565765000.0,6103845.4,12814887000.0,5566078.6,13179587000.0,4761623.2
2022-04-27,12580160000.0,12631490.0,12589069000.0,12612930.0,12838736000.0,12067263.0,13204253000.0,11250990.0
2022-04-28,12593908000.0,12577226.0,12602834000.0,12559876.0,12853012000.0,12049800.0,13219291000.0,11286767.0
2022-04-29,12614510000.0,13395696.0,12623457000.0,13374905.0,12874246000.0,12763641.0,13241440000.0,11849240.0
2022-04-30,12625652000.0,13157592.0,12634620000.0,13136831.0,12886019000.0,12526450.0,13254126000.0,11613370.0
2022-05-01,12636077000.0,13306176.0,12645069000.0,13281691.0,12897188000.0,12561809.0,13266372000.0,11484926.0
2022-05-02,12647553000.0,12122424.0,12656564000.0,12103622.0,12909236000.0,11550835.0,13279247000.0,10723910.0
2022-05-03,12662853000.0,4986144.0,12671891000.0,4959109.6,12925357000.0,4164298.0,13296557000.0,2975324.6
2022-05-04,12669409000.0,10817496.0,12678467000.0,10797521.0,12932521000.0,10210256.0,13304600000.0,9331754.3
2022-05-05,12683168000.0,11246280.0,12692241000.0,11231546.0,12946728000.0,10798349.0,13319455000.0,10150321.0
2022-05-06,12700814000.0,11655866.0,12709899000.0,11643799.0,12964741000.0,11289029.0,13337998000.0,10758323.0
2022-05-07,12735374000.0,11648930.0,12744473000.0,11634683.0,12999734000.0,11215830.0,13373617000.0,10589260.0
2022-05-08,12772419000.0,11553578.0,12781540000.0,11531791.0,13037441000.0,10891278.0,13412283000.0,9933121.6
2022-05-09,12796351000.0,7047025.0,12805488000.0,7030582.2,13061873000.0,6547164.1,13437438000.0,5824010.2
2022-05-10,12816006000.0,13282442.0,12825160000.0,13265532.0,13082042000.0,12768389.0,13458351000.0,12024704.0
2022-05-11,12837711000.0,13321154.0,12846881000.0,13305733.0,13104216000.0,12852344.0,13481203000.0,12174112.0
2022-05-12,12866656000.0,8398729.1,12875846000.0,8379146.0,13133756000.0,7803403.8,13511605000.0,6942140.4
2022-05-13,12886683000.0,8546425.2,12895890000.0,8528841.7,13154317000.0,8011885.6,13532939000.0,7238561.5
2022-05-14,12910024000.0,7156944.2,12919251000.0,7136885.0,13178269000.0,6547142.7,13557773000.0,5664936.5
2022-05-15,12933453000.0,9221424.2,12942701000.0,9200976.5,13202319000.0,8599814.2,13582723000.0,7700524.3
2022-05-16,12967821000.0,13300008.0,12977089000.0,13279473.0,13237311000.0,12675743.0,13618618000.0,11772611.0
2022-05-17,12984070000.0,12466634.0,12993353000.0,12450946.0,13254037000.0,11989714.0,13636033000.0,11299750.0
2022-05-18,13005604000.0,12486314.0,13014904000.0,12469962.0,13276069000.0,11989215.0,13658784000.0,11270058.0
2022-05-19,13023773000.0,13318201.0,13033089000.0,13301093.0,13294757000.0,12798137.0,13678225000.0,12045756.0
2022-05-20,13037673000.0,13355018.0,13047009000.0,13335676.0,13309245000.0,12767031.0,13693563000.0,11916385.0
2022-05-21,13049102000.0,13342250.0,13058456000.0,13324388.0,13321218000.0,12799257.0,13706322000.0,12013703.0
2022-05-22,13060779000.0,10477033.0,13070155000.0,10454382.0,13333583000.0,9788436.9,13719683000.0,8792237.2
2022-05-23,13073996000.0,13278626.0,13083391000.0,13259767.0,13347373000.0,12705329.0,13734303000.0,11875934.0
2022-05-24,13090153000.0,6229680.2,13099568000.0,6210333.9,13364119000.0,5641551.5,13751899000.0,4790699.5
2022-05-25,13104603000.0,8604912.3,13114035000.0,8587389.6,13379101000.0,8072222.2,13767652000.0,7301573.9
2022-05-26,13117486000.0,6429288.2,13126933000.0,6415073.1,13392416000.0,5997148.9,13781592000.0,5371968.4
2022-05-27,13123699000.0,13301618.0,13133165000.0,13282070.0,13399224000.0,12707348.0,13789260000.0,11847611.0
2022-05-28,13129043000.0,13304834.0,13138527000.0,13287269.0,13405102000.0,12770863.0,13795910000.0,11998363.0
2022-05-29,13136678000.0,12553802.0,13146179000.0,12536073.0,13413275000.0,12014852.0,13804863000.0,11235147.0
2022-05-30,13157709000.0,13306584.0,13167227000.0,13289309.0,13434831000.0,12781399.0,13827179000.0,12021608.0
2022-05-31,13174628000.0,11796840.0,13184162000.0,11781509.0,13452216000.0,11330781.0,13845239000.0,10656528.0
2022-06-01,13194882000.0,10819128.0,13204436000.0,10799189.0,13473076000.0,10212990.0,13866975000.0,9336084.0
2022-06-02,13234260000.0,11504448.0,13243832000.0,11486447.0,13513002000.0,10957211.0,13907693000.0,10165517.0
2022-06-03,13267513000.0,11633644.0,13277099000.0,11620454.0,13546656000.0,11232662.0,13941927000.0,10652558.0
2022-06-04,13285589000.0,8111088.2,13295189000.0,8096248.7,13565183000.0,7659967.4,13961106000.0,7007326.2
2022-06-05,13313069000.0,4329528.0,13322687000.0,4312337.6,13593186000.0,3806939.3,13989866000.0,3050904.6
2022-06-06,13339244000.0,10564536.0,13348880000.0,10546117.0,13619921000.0,10004577.0,14017410000.0,9194478.9
2022-06-07,13378053000.0,4884072.1,13387698000.0,4874322.8,13659026000.0,4587695.8,14056944000.0,4158925.1
2022-06-08,13399091000.0,11249688.0,13408755000.0,11231476.0,13680618000.0,10696049.0,14079337000.0,9895092.3
2022-06-09,13418684000.0,11656248.0,13428363000.0,11640629.0,13700685000.0,11181427.0,14100091000.0,10494499.0
2022-06-10,13440409000.0,11620658.0,13450108000.0,11600538.0,13723022000.0,11009007.0,14123313000.0,10124125.0
2022-06-11,13471633000.0,11696952.0,13481349000.0,11681090.0,13754729000.0,11214733.0,14155718000.0,10517102.0
2022-06-12,13495622000.0,11638152.0,13505354000.0,11621807.0,13779214000.0,11141255.0,14180922000.0,10422390.0
2022-06-13,13515924000.0,10152816.0,13525673000.0,10134886.0,13800061000.0,9607748.5,14202557000.0,8819193.2
2022-06-14,13545505000.0,7125456.0,13555270000.0,7110022.2,13830111000.0,6656266.7,14233286000.0,5977485.5
2022-06-15,13576330000.0,11594088.0,13586112000.0,11577349.0,13861445000.0,11085205.0,14265357000.0,10348998.0
2022-06-16,13607117000.0,5164848.0,13616917000.0,5145841.8,13892810000.0,4587057.7,14297557000.0,3751162.4
2022-06-17,13640851000.0,6786720.0,13650664000.0,6774446.3,13926918000.0,6413599.9,14332204000.0,5873803.0
2022-06-18,13673549000.0,6315648.1,13683379000.0,6299092.2,13960119000.0,5812349.0,14366134000.0,5084221.0
2022-06-19,13715379000.0,2007264.0,13725225000.0,1990985.0,14002443000.0,1512382.7,14409174000.0,796432.75
2022-06-20,13750167000.0,2343192.1,13760030000.0,2326062.5,14037752000.0,1822452.9,14445237000.0,1069093.9
2022-06-21,13777308000.0,4461048.5,13787187000.0,4444968.1,14065382000.0,3972202.0,14473573000.0,3264982.4
2022-06-22,13803553000.0,11771498.0,13813453000.0,11750471.0,14092267000.0,11132293.0,14501383000.0,10207550.0
2022-06-23,13830846000.0,6434616.1,13840765000.0,6415537.7,14120139000.0,5854632.5,14530094000.0,5015564.0
2022-06-24,13844910000.0,10612992.0,13854847000.0,10594630.0,14134761000.0,10054776.0,14545524000.0,9247199.3
2022-06-25,13857558000.0,13396704.0,13867513000.0,13379833.0,14147923000.0,12883814.0,14559428000.0,12141810.0
2022-06-26,13899510000.0,13383048.0,13909482000.0,13365367.0,14190412000.0,12845521.0,14602694000.0,12067875.0
2022-06-27,13936902000.0,13310088.0,13946888000.0,13296048.0,14228231000.0,12883272.0,14641131000.0,12265793.0
2022-06-28,13983547000.0,13319928.0,13993551000.0,13302098.0,14275417000.0,12777896.0,14689102000.0,11993732.0
2022-06-29,14041668000.0,13332914.0,14051691000.0,13313867.0,14334117000.0,12753891.0,14748639000.0,11916211.0
2022-06-30,14087228000.0,13329864.0,14097268000.0,13312530.0,14380205000.0,12802889.0,14795489000.0,12040508.0
2022-07-01,14123925000.0,13298498.0,14133985000.0,13278584.0,14417507000.0,12693107.0,14833667000.0,11817281.0
2022-07-02,14168279000.0,6859248.9,14178358000.0,6840236.0,14462439000.0,6281257.1,14879435000.0,5445070.2
2022-07-03,14196229000.0,7002120.9,14206330000.0,6980384.3,14491050000.0,6341326.8,14909002000.0,5385348.9
2022-07-04,14216793000.0,13052762.0,14226911000.0,13035239.0,14512146000.0,12520072.0,14930869000.0,11749423.0
2022-07-05,14235595000.0,11202937.0,14245734000.0,11182256.0,14531577000.0,10574260.0,14951210000.0,9664747.7
2022-07-06,14260889000.0,5895840.2,14271047000.0,5876492.3,14557459000.0,5307664.1,14977943000.0,4456743.4
2022-07-07,14275090000.0,11478768.0,14285268000.0,11459300.0,14572252000.0,10886917.0,14993592000.0,10030679.0
2022-07-08,14286458000.0,11561570.0,14296655000.0,11542462.0,14584201000.0,10980697.0,15006381000.0,10140342.0
2022-07-09,14298318000.0,11678136.0,14308540000.0,11653448.0,14596811000.0,10927592.0,15020077000.0,9841772.4
2022-07-10,14317538000.0,6135072.2,14327780000.0,6114613.2,14616653000.0,5513118.3,15040819000.0,4613331.1
2022-07-11,14342554000.0,10496496.0,14352812000.0,10480312.0,14642162000.0,10004496.0,15067039000.0,9292714.2
2022-07-12,14363952000.0,4933776.2,14374229000.0,4915094.5,14664127000.0,4365850.1,15089826000.0,3544225.4
2022-07-13,14399004000.0,5046936.5,14409301000.0,5026682.2,14699795000.0,4431207.0,15126385000.0,3540424.6
2022-07-14,14416751000.0,9080280.4,14427067000.0,9061511.6,14718113000.0,8509710.4,15145528000.0,7684260.7
2022-07-15,14429513000.0,10005336.0,14439850000.0,9984746.4,14731501000.0,9379398.9,15159821000.0,8473848.5
2022-07-16,14448602000.0,9741072.5,14458958000.0,9721645.8,14751180000.0,9150501.4,15180355000.0,8296116.0
2022-07-17,14466408000.0,5078616.6,14476787000.0,5056470.1,14769660000.0,4405361.8,15199809000.0,3431357.0
2022-07-18,14481424000.0,4879464.2,14491825000.0,4856549.0,14785372000.0,4182841.2,15216529000.0,3175029.4
2022-07-19,14488538000.0,9902184.5,14498964000.0,9877811.0,14793227000.0,9161231.9,15225456000.0,8089288.0
2022-07-20,14495168000.0,10024080.0,14505614000.0,10003283.0,14800490000.0,9391823.7,15233633000.0,8477131.2
2022-07-21,14504818000.0,10024656.0,14515284000.0,10005587.0,14810720000.0,9444957.4,15244702000.0,8606300.5
2022-07-22,14514380000.0,8996928.0,14524863000.0,8979378.0,14820815000.0,8463408.0,15255569000.0,7691559.0
2022-07-23,14530341000.0,7939729.0,14540836000.0,7927155.8,14837158000.0,7557503.4,15272465000.0,7004533.6
2022-07-24,14546921000.0,11153714.0,14557435000.0,11135303.0,14854298000.0,10594039.0,15290414000.0,9784352.5
2022-07-25,14574594000.0,8052840.4,14585125000.0,8035779.8,14882489000.0,7534199.6,15319356000.0,6783876.6
2022-07-26,14601802000.0,13339440.0,14612350000.0,13322545.0,14910211000.0,12825815.0,15347821000.0,12082747.0
2022-07-27,14622347000.0,13332360.0,14632913000.0,13314341.0,14931304000.0,12784554.0,15369707000.0,11992037.0
2022-07-28,14684599000.0,6021840.2,14695182000.0,6004654.5,14994078000.0,5499393.7,15433236000.0,4743564.9
2022-07-29,14750323000.0,13306968.0,14760929000.0,13283724.0,15060509000.0,12600327.0,15500689000.0,11578022.0
2022-07-30,14783134000.0,7554744.2,14793764000.0,7531193.7,15094036000.0,6838807.8,15535252000.0,5803055.1
2022-07-31,14804286000.0,13298880.0,14814933000.0,13281874.0,15115705000.0,12781888.0,15557670000.0,12033949.0
2022-08-01,14852738000.0,13318296.0,14863405000.0,13298537.0,15164757000.0,12717600.0,15607591000.0,11848567.0
2022-08-02,14904973000.0,12630648.0,14915658000.0,12612289.0,15217551000.0,12072515.0,15661192000.0,11265058.0
2022-08-03,14937190000.0,13310185.0,14947895000.0,13290077.0,15250378000.0,12698925.0,15694904000.0,11814609.0
2022-08-04,14965907000.0,11770344.0,14976632000.0,11750432.0,15279701000.0,11165001.0,15725102000.0,10289244.0
2022-08-05,15021439000.0,13299048.0,15032182000.0,13281402.0,15335770000.0,12762600.0,15781947000.0,11986514.0
2022-08-06,15080669000.0,12604656.0,15091429000.0,12587159.0,15395532000.0,12072725.0,15842478000.0,11303175.0
2022-08-07,15113758000.0,13168824.0,15124542000.0,13145190.0,15429339000.0,12450327.0,15877325000.0,11410870.0
2022-08-08,15135363000.0,10257072.0,15146174000.0,10230394.0,15451755000.0,9446062.7,15900915000.0,8272766.4
2022-08-09,15155170000.0,13330704.0,15166001000.0,13310473.0,15472177000.0,12715663.0,15922226000.0,11825875.0
2022-08-10,15172969000.0,8288400.2,15183821000.0,8266527.9,15490641000.0,7623480.2,15941652000.0,6661533.4
2022-08-11,15182663000.0,13086624.0,15193538000.0,13064083.0,15501020000.0,12401360.0,15953023000.0,11409980.0
2022-08-12,15192847000.0,13299312.0,15203742000.0,13279375.0,15511810000.0,12693210.0,15964690000.0,11816355.0
2022-08-13,15205419000.0,13302720.0,15216332000.0,13285669.0,15524901000.0,12784364.0,15978530000.0,12034453.0
2022-08-14,15216286000.0,13302264.0,15227218000.0,13281842.0,15536388000.0,12681413.0,15990916000.0,11783221.0
2022-08-15,15249560000.0,13192488.0,15260511000.0,13173379.0,15570243000.0,12611568.0,16025611000.0,11771145.0
2022-08-16,15278018000.0,6879048.2,15288989000.0,6859737.8,15599289000.0,6292010.3,16055506000.0,5442736.2
2022-08-17,15289456000.0,11681426.0,15300453000.0,11655908.0,15611502000.0,10905699.0,16068842000.0,9783448.2
2022-08-18,15301176000.0,11576234.0,15312193000.0,11554965.0,15623868000.0,10929667.0,16082143000.0,9994271.5
2022-08-19,15313111000.0,11592936.0,15324154000.0,11568350.0,15636552000.0,10845522.0,16095908000.0,9764230.4
2022-08-20,15350836000.0,6804456.2,15361898000.0,6784287.4,15674889000.0,6191323.2,16135132000.0,5304297.2
2022-08-21,15360994000.0,13287384.0,15372072000.0,13271201.0,15685539000.0,12795408.0,16146494000.0,12083660.0
2022-08-22,15398441000.0,3169728.0,15409534000.0,3155184.5,15723428000.0,2727605.9,16185023000.0,2087983.2
2022-08-23,15421944000.0,6636600.0,15433057000.0,6616258.8,15747549000.0,6018226.6,16210039000.0,5123619.3
2022-08-24,15437679000.0,6660288.0,15448817000.0,6635677.8,15764033000.0,5912138.8,16227604000.0,4829783.6
2022-08-25,15452002000.0,6655728.0,15463160000.0,6635781.1,15778962000.0,6049341.0,16243411000.0,5172074.6
2022-08-26,15464267000.0,6412152.0,15475444000.0,6393439.4,15791796000.0,5843289.3,16257068000.0,5020309.6
2022-08-27,15482309000.0,6694512.0,15493504000.0,6676185.1,15810395000.0,6137374.8,16276473000.0,5331358.7
2022-08-28,15506967000.0,7151689.0,15518178000.0,7135849.9,15835535000.0,6670181.2,16302310000.0,5973578.9
2022-08-29,15549799000.0,9229320.2,15561030000.0,9209447.0,15878971000.0,8625174.0,16346619000.0,7751149.3
2022-08-30,15555320000.0,13267008.0,15566577000.0,13241152.0,15885278000.0,12480979.0,16354064000.0,11343823.0
2022-08-31,15576342000.0,13048056.0,15587618000.0,13028543.0,15906893000.0,12454841.0,16376537000.0,11596631.0
2022-09-01,15587378000.0,13279512.0,15598667000.0,13266322.0,15918330000.0,12878507.0,16388554000.0,12298368.0
2022-09-02,15600945000.0,11615808.0,15612254000.0,11596562.0,15932482000.0,11030703.0,16403553000.0,10184225.0
2022-09-03,15616721000.0,13068576.0,15628053000.0,13045510.0,15948959000.0,12367341.0,16421044000.0,11352857.0
2022-09-04,15628595000.0,13304760.0,15639946000.0,13285445.0,15961420000.0,12717580.0,16434355000.0,11868100.0
2022-09-05,15638006000.0,12117050.0,15649381000.0,12093642.0,15971544000.0,11405464.0,16445508000.0,10376007.0
2022-09-06,15651819000.0,9457152.3,15663216000.0,9434575.2,15986043000.0,8770808.5,16461000000.0,7777867.6
2022-09-07,15665648000.0,7626361.0,15677065000.0,7606318.5,16000481000.0,7017069.3,16476319000.0,6135600.5
2022-09-08,15688158000.0,6865248.3,15699595000.0,6844627.4,16023618000.0,6238374.1,16500363000.0,5331468.7
2022-09-09,15713204000.0,10959432.0,15724663000.0,10938475.0,16049301000.0,10322315.0,16526968000.0,9400589.8
2022-09-10,15725937000.0,11648376.0,15737418000.0,11625968.0,16062715000.0,10967154.0,16541368000.0,9981623.3
2022-09-11,15735969000.0,10897152.0,15747472000.0,10875069.0,16073419000.0,10225830.0,16553042000.0,9254621.1
2022-09-12,15765434000.0,8127480.5,15776955000.0,8109801.4,16103421000.0,7590036.1,16583822000.0,6812509.8
2022-09-13,15797515000.0,5986080.4,15809057000.0,5965146.0,16136139000.0,5349674.0,16617460000.0,4428978.2
2022-09-14,15834880000.0,6653448.5,15846439000.0,6635651.2,16174044000.0,6112411.8,16656149000.0,5329688.3
2022-09-15,15856957000.0,6654336.5,15868537000.0,6633374.0,16196758000.0,6017076.5,16679785000.0,5095145.7
2022-09-16,15919301000.0,5916864.4,15930904000.0,5895151.2,16259763000.0,5256781.6,16743744000.0,4301832.9
2022-09-17,15953380000.0,7125840.5,15965001000.0,7107272.2,16294407000.0,6561364.4,16779205000.0,5744731.0
2022-09-18,15996605000.0,8423784.5,16008243000.0,8406313.2,16338162000.0,7892659.4,16823729000.0,7124275.1
2022-09-19,16037605000.0,9920088.5,16049257000.0,9905541.1,16379604000.0,9477847.8,16865810000.0,8838053.6
2022-09-20,16063862000.0,13086696.0,16075532000.0,13069113.0,16406396000.0,12552157.0,16893376000.0,11778833.0
2022-09-21,16094785000.0,12116736.0,16106475000.0,12097498.0,16437904000.0,11531880.0,16925730000.0,10685762.0
2022-09-22,16123232000.0,11925000.0,16134938000.0,11908846.0,16466842000.0,11433901.0,16955378000.0,10723423.0
2022-09-23,16158114000.0,6619272.0,16169841000.0,6598542.3,16502354000.0,5989090.0,16991802000.0,5077399.1
2022-09-24,16194991000.0,10702560.0,16206734000.0,10686208.0,16539729000.0,10205462.0,17029896000.0,9486304.5
2022-09-25,16233635000.0,6355872.2,16245399000.0,6334510.8,16579022000.0,5706483.5,17070128000.0,4767006.1
2022-09-26,16259175000.0,8151576.3,16270961000.0,8129117.7,16605244000.0,7468836.7,17097338000.0,6481110.1
2022-09-27,16281645000.0,9760704.3,16293450000.0,9742414.8,16628270000.0,9204705.3,17121169000.0,8400335.7
2022-09-28,16318230000.0,13290624.0,16330051000.0,13274816.0,16665336000.0,12810053.0,17158930000.0,12114806.0
2022-09-29,16349194000.0,13291728.0,16361032000.0,13275372.0,16696798000.0,12794488.0,17191111000.0,12075125.0
2022-09-30,16373261000.0,12822096.0,16385113000.0,12807290.0,16721314000.0,12371972.0,17216279000.0,11720771.0
2022-10-01,16391351000.0,12779856.0,16403218000.0,12764412.0,16739874000.0,12310359.0,17235517000.0,11631132.0
2022-10-02,16402883000.0,12719928.0,16414773000.0,12697300.0,16752094000.0,12032020.0,17248732000.0,11036815.0
2022-10-03,16417197000.0,8785248.3,16429113000.0,8759922.9,16767178000.0,8015355.2,17264931000.0,6901542.8
2022-10-04,16428548000.0,13271978.0,16440480000.0,13255685.0,16779024000.0,12776670.0,17277494000.0,12060102.0
2022-10-05,16458367000.0,10582008.0,16470314000.0,10566770.0,16809307000.0,10118771.0,17308446000.0,9448599.9
2022-10-06,16483364000.0,7921344.3,16495329000.0,7903050.2,16834859000.0,7365203.0,17334803000.0,6560627.6
2022-10-07,16504449000.0,13279944.0,16516432000.0,13261898.0,16856493000.0,12731344.0,17357231000.0,11937677.0
2022-10-08,16546861000.0,13349664.0,16558859000.0,13334894.0,16899354000.0,12900630.0,17400741000.0,12251008.0
2022-10-09,16575067000.0,13147104.0,16587077000.0,13134548.0,16927942000.0,12765389.0,17429881000.0,12213156.0
2022-10-10,16591136000.0,11850120.0,16603168000.0,11828669.0,16944663000.0,11198005.0,17447545000.0,10254582.0
2022-10-11,16604967000.0,13332336.0,16617020000.0,13311324.0,16959132000.0,12693559.0,17462940000.0,11769433.0
2022-10-12,16616718000.0,13327346.0,16628788000.0,13309686.0,16971420000.0,12790471.0,17476004000.0,12013768.0
2022-10-13,16633194000.0,13329529.0,16645280000.0,13314212.0,16988362000.0,12863896.0,17493620000.0,12190260.0
2022-10-14,16649949000.0,12755808.0,16662051000.0,12739882.0,17005601000.0,12271657.0,17511559000.0,11571230.0
2022-10-15,16664686000.0,11783232.0,16676806000.0,11765406.0,17020881000.0,11241318.0,17527622000.0,10457326.0
2022-10-16,16676806000.0,12815040.0,16688945000.0,12796309.0,17033570000.0,12245609.0,17541136000.0,11421806.0
2022-10-17,16695075000.0,13317744.0,16707232000.0,13300180.0,17052373000.0,12783798.0,17560711000.0,12011331.0
2022-10-18,16713395000.0,13312728.0,16725567000.0,13296434.0,17071188000.0,12817361.0,17580243000.0,12100708.0
2022-10-19,16739781000.0,12172728.0,16751969000.0,12157221.0,17098046000.0,11701298.0,17607782000.0,11019275.0
2022-10-20,16773519000.0,12906888.0,16785720000.0,12893649.0,17132186000.0,12504401.0,17642505000.0,11922118.0
2022-10-21,16800158000.0,10902600.0,16812376000.0,10886698.0,17159309000.0,10419160.0,17670327000.0,9719762.1
2022-10-22,16824161000.0,11666304.0,16836394000.0,11650355.0,17183796000.0,11181442.0,17695516000.0,10479985.0
2022-10-23,16870049000.0,8052096.3,16882298000.0,8036518.5,17230158000.0,7578532.1,17742563000.0,6893421.8
2022-10-24,16906889000.0,11609280.0,16919153000.0,11594034.0,17267461000.0,11145782.0,17780537000.0,10475234.0
2022-10-25,16942577000.0,8667216.4,16954860000.0,8648403.6,17303721000.0,8095306.7,17817624000.0,7267918.8
2022-10-26,16974994000.0,8135496.3,16987289000.0,8123149.7,17336513000.0,7760159.1,17850959000.0,7217154.7
2022-10-27,17010016000.0,10572408.0,17022327000.0,10556171.0,17372029000.0,10078784.0,17887189000.0,9364652.0
2022-10-28,17082678000.0,9984120.4,17095003000.0,9970469.6,17445106000.0,9569136.7,17960866000.0,8968775.4
2022-10-29,17170490000.0,8269488.3,17182836000.0,8248836.3,17533546000.0,7641665.7,18050215000.0,6733388.1
2022-10-30,17218114000.0,11272968.0,17230481000.0,11251494.0,17581823000.0,10620142.0,18099436000.0,9675689.9
2022-10-31,17248624000.0,9644376.4,17261012000.0,9622591.8,17612995000.0,8982124.0,18131566000.0,8024036.4
2022-11-01,17274099000.0,8675257.2,17286510000.0,8652948.4,17639148000.0,7997070.3,18158700000.0,7015930.1
2022-11-02,17292871000.0,9933576.5,17305300000.0,9915507.8,17658469000.0,9384288.0,18178817000.0,8589626.5
2022-11-03,17314291000.0,11056152.0,17326737000.0,11039291.0,17680402000.0,10543570.0,18201491000.0,9802011.9
2022-11-04,17341775000.0,5735928.2,17354233000.0,5723527.0,17708263000.0,5358931.1,18229897000.0,4813525.5
2022-11-05,17367968000.0,11652048.0,17380442000.0,11637222.0,17734907000.0,11201331.0,18257193000.0,10549273.0
2022-11-06,17405234000.0,5405952.0,17417723000.0,5390377.7,17772646000.0,4932494.5,18295617000.0,4247538.5
2022-11-07,17437627000.0,10546560.0,17450132000.0,10530933.0,17805515000.0,10071514.0,18329173000.0,9384259.4
2022-11-08,17470155000.0,11640912.0,17482677000.0,11623607.0,17838568000.0,11114849.0,18362988000.0,10353789.0
2022-11-09,17532303000.0,10920456.0,17544840000.0,10904619.0,17901197000.0,10439008.0,18426313000.0,9742491.0
2022-11-10,17622973000.0,10758120.0,17635528000.0,10740401.0,17992406000.0,10219454.0,18518301000.0,9440161.4
2022-11-11,17678384000.0,5660352.0,17690955000.0,5644607.7,18048296000.0,5181725.3,18574884000.0,4489291.0
2022-11-12,17719322000.0,11789184.0,17731910000.0,11772496.0,18089741000.0,11281866.0,18617063000.0,10547923.0
2022-11-13,17779361000.0,6152256.0,17791964000.0,6136614.7,18150256000.0,5676759.3,18678265000.0,4988853.1
2022-11-14,17817242000.0,13298904.0,17829862000.0,13281919.0,18188653000.0,12782575.0,18717409000.0,12035597.0
2022-11-15,17861463000.0,6227472.7,17874101000.0,6210193.3,18233400000.0,5702180.7,18762916000.0,4942235.4
2022-11-16,17894112000.0,12071929.0,17906766000.0,12054978.0,18266564000.0,11556596.0,18796825000.0,10811059.0
2022-11-17,17918495000.0,11327688.0,17931167000.0,11310234.0,18291477000.0,10797096.0,18822507000.0,10029484.0
2022-11-18,17943595000.0,10067496.0,17956280000.0,10054532.0,18316972000.0,9673402.6,18848571000.0,9103263.4
2022-11-19,17967183000.0,13319712.0,17979885000.0,13302218.0,18341091000.0,12787899.0,18873460000.0,12018520.0
2022-11-20,17992076000.0,13198176.0,18004793000.0,13182963.0,18366447000.0,12735709.0,18899485000.0,12066653.0
2022-11-21,18015367000.0,13311072.0,18028100000.0,13295461.0,18390212000.0,12836512.0,18923937000.0,12149961.0
2022-11-22,18045280000.0,6518616.0,18058031000.0,6501169.0,18420656000.0,5988226.0,18955148000.0,5220905.2
2022-11-23,18086817000.0,7150752.0,18099584000.0,7134222.2,18462695000.0,6648247.3,18997914000.0,5921268.5
2022-11-24,18131022000.0,11394312.0,18143804000.0,11379437.0,18507353000.0,10942112.0,19043226000.0,10287910.0
2022-11-25,18161348000.0,9512304.0,18174148000.0,9494069.9,18538233000.0,8957988.6,19074908000.0,8156054.6
2022-11-26,18194395000.0,6480984.0,18207208000.0,6468323.8,18571665000.0,6096114.5,19108896000.0,5539319.8
2022-11-27,18215513000.0,11188128.0,18228343000.0,11171657.0,18593284000.0,10687414.0,19131240000.0,9963024.7
2022-11-28,18258531000.0,13311072.0,18271374000.0,13297130.0,18636725000.0,12887220.0,19175295000.0,12274029.0
2022-11-29,18298014000.0,10288608.0,18310872000.0,10274204.0,18676646000.0,9850718.5,19215849000.0,9217219.1
2022-11-30,18327966000.0,10615992.0,18340840000.0,10599911.0,18707087000.0,10127122.0,19246997000.0,9419867.9
2022-12-01,18346878000.0,11113584.0,18359774000.0,11091686.0,18726665000.0,10447893.0,19267538000.0,9484831.6
2022-12-02,18361128000.0,12423096.0,18374047000.0,12399954.0,18741619000.0,11719585.0,19283510000.0,10701807.0
2022-12-03,18374735000.0,11730144.0,18387676000.0,11708331.0,18755889000.0,11067038.0,19298739000.0,10107715.0
2022-12-04,18388917000.0,11277768.0,18401870000.0,11265568.0,18770441000.0,10906889.0,19313828000.0,10370333.0
2022-12-05,18403856000.0,13302144.0,18416826000.0,13285455.0,18785887000.0,12794802.0,19330008000.0,12060825.0
2022-12-06,18423451000.0,9892632.0,18436436000.0,9876944.6,18805959000.0,9415736.3,19350770000.0,8725806.2
2022-12-07,18436905000.0,9663696.0,18449910000.0,9644239.3,18820005000.0,9072212.0,19365671000.0,8216505.9
2022-12-08,18451098000.0,10741032.0,18464118000.0,10726217.0,18834648000.0,10290658.0,19380966000.0,9639097.5
2022-12-09,18466497000.0,10508280.0,18479532000.0,10492592.0,18850524000.0,10031361.0,19397532000.0,9341396.1
2022-12-10,18476533000.0,13318800.0,18489584000.0,13303978.0,18861011000.0,12868225.0,19408671000.0,12216372.0
2022-12-11,18488372000.0,11106864.0,18501439000.0,11089992.0,18873363000.0,10593950.0,19421765000.0,9851911.3
2022-12-12,18508487000.0,11387712.0,18521570000.0,11371866.0,18893959000.0,10906003.0,19443058000.0,10209109.0
2022-12-13,18526589000.0,8463936.0,18539689000.0,8447253.8,18912569000.0,7956795.6,19462401000.0,7223110.2
2022-12-14,18534795000.0,12795792.0,18547912000.0,12778207.0,18921309000.0,12261217.0,19471915000.0,11487841.0
2022-12-15,18541222000.0,13311096.0,18554360000.0,13290527.0,18928362000.0,12685787.0,19479872000.0,11781146.0
2022-12-16,18546776000.0,13331016.0,18559933000.0,13311326.0,18934514000.0,12732454.0,19486891000.0,11866508.0
2022-12-17,18555707000.0,8809272.0,18568883000.0,8790525.9,18944015000.0,8239389.6,19497216000.0,7414934.9
2022-12-18,18559745000.0,13005312.0,18572937000.0,12990176.0,18948513000.0,12545181.0,19502380000.0,11879504.0
2022-12-19,18574025000.0,5513952.0,18587237000.0,5493412.3,18963418000.0,4889543.9,19518188000.0,3986206.1
2022-12-20,18585682000.0,5586336.0,18598915000.0,5565206.6,18975716000.0,4944001.6,19531416000.0,4014729.7
2022-12-21,18589199000.0,11919912.0,18602450000.0,11901631.0,18979789000.0,11364174.0,19536292000.0,10560182.0
2022-12-22,18592225000.0,13302696.0,18605498000.0,13281916.0,18983448000.0,12670985.0,19540865000.0,11757081.0
2022-12-23,18595624000.0,13343832.0,18608915000.0,13324664.0,18987428000.0,12761110.0,19545689000.0,11918079.0
2022-12-24,18605846000.0,13340328.0,18619156000.0,13322135.0,18998204000.0,12787257.0,19557264000.0,11987124.0
2022-12-25,18607604000.0,12602088.0,18620932000.0,12583064.0,19000540000.0,12023752.0,19560437000.0,11187068.0
2022-12-26,18610064000.0,13277544.0,18623405000.0,13264860.0,19003386000.0,12891963.0,19563841000.0,12334139.0
2022-12-27,18619715000.0,13308960.0,18633067000.0,13298462.0,19013356000.0,12989820.0,19574273000.0,12528117.0
2022-12-28,18623349000.0,13297704.0,18636718000.0,13280130.0,19017524000.0,12763449.0,19579214000.0,11990536.0
2022-12-29,18624795000.0,13290912.0,18638182000.0,13272931.0,19019517000.0,12744303.0,19581997000.0,11953518.0
2022-12-30,18626327000.0,13298352.0,18639733000.0,13279508.0,19021621000.0,12725506.0,19584930000.0,11896763.0
2022-12-31,18628618000.0,13280976.0,18642042000.0,13263123.0,19024455000.0,12738232.0,19588549000.0,11953039.0
2023-01-01,18630688000.0,13294944.0,18644130000.0,13277392.0,19027060000.0,12761365.0,19591926000.0,11989430.0
2023-01-02,18635807000.0,13212552.0,18649267000.0,13193624.0,19032753000.0,12637145.0,19598452000.0,11804697.0
2023-01-03,18637900000.0,12530112.0,18651374000.0,12516891.0,19035248000.0,12128194.0,19601528000.0,11546734.0
2023-01-04,18647989000.0,13279944.0,18661484000.0,13258512.0,19045989000.0,12628398.0,19613212000.0,11685798.0
2023-01-05,18652410000.0,12680616.0,18665920000.0,12665145.0,19050880000.0,12210288.0,19618783000.0,11529861.0
2023-01-06,18657162000.0,13382520.0,18670685000.0,13369272.0,19056035000.0,12979772.0,19624520000.0,12397111.0
2023-01-07,18668305000.0,13309200.0,18681843000.0,13295209.0,19067604000.0,12883866.0,19636705000.0,12268531.0
2023-01-08,18677738000.0,12182088.0,18691291000.0,12166897.0,19077498000.0,11720273.0,19647267000.0,11052161.0
2023-01-09,18689677000.0,13302360.0,18703243000.0,13289374.0,19089832000.0,12907579.0,19660172000.0,12336445.0
2023-01-10,18710831000.0,13320408.0,18724408000.0,13309119.0,19111329000.0,12977224.0,19682166000.0,12480737.0
2023-01-11,18720576000.0,12968736.0,18734168000.0,12953764.0,19121529000.0,12513584.0,19693024000.0,11855111.0
2023-01-12,18734212000.0,8158008.0,18747820000.0,8142793.3,19135628000.0,7695481.7,19707793000.0,7026340.1
2023-01-13,18742360000.0,12370680.0,18755986000.0,12352235.0,19144337000.0,11809962.0,19717312000.0,10998766.0
2023-01-14,18746727000.0,13141656.0,18760370000.0,13124295.0,19149231000.0,12613886.0,19722970000.0,11850356.0
2023-01-15,18752032000.0,12336192.0,18765694000.0,12316673.0,19155129000.0,11742799.0,19729727000.0,10884332.0
2023-01-16,18759173000.0,8705928.0,18772855000.0,8686288.0,19162868000.0,8108871.7,19738329000.0,7245104.1
2023-01-17,18766021000.0,9771504.0,18779720000.0,9754737.5,19170225000.0,9261802.7,19746424000.0,8524412.5
2023-01-18,18777465000.0,10392288.0,18791181000.0,10375939.0,19182167000.0,9895272.6,19759084000.0,9176235.2
2023-01-19,18782678000.0,12137376.0,18796414000.0,12116340.0,19188019000.0,11497887.0,19765861000.0,10572732.0
2023-01-20,18787848000.0,10504944.0,18801605000.0,10484362.0,19193815000.0,9879255.5,19772563000.0,8974065.3
2023-01-21,18791876000.0,10540824.0,18805652000.0,10521312.0,19198436000.0,9947668.3,19778042000.0,9089543.8
2023-01-22,18794741000.0,13440144.0,18808532000.0,13425881.0,19201734000.0,13006558.0,19781968000.0,12379285.0
2023-01-23,18800793000.0,7973784.0,18814605000.0,7953024.3,19208418000.0,7342689.1,19789564000.0,6429677.5
2023-01-24,18803936000.0,9979512.0,18817767000.0,9959560.4,19212167000.0,9372982.8,19794191000.0,8495510.5
2023-01-25,18802839000.0,13333728.0,18816693000.0,13311069.0,19211759000.0,12644906.0,19794779000.0,11648381.0
2023-01-26,18801696000.0,13354200.0,18815573000.0,13331461.0,19211307000.0,12662924.0,19795328000.0,11662848.0
2023-01-27,18802680000.0,11718072.0,18816583000.0,11691965.0,19213085000.0,10924420.0,19798254000.0,9776234.1
2023-01-28,18807872000.0,7438200.0,18821802000.0,7411874.2,19219077000.0,6637896.3,19805404000.0,5480088.5
2023-01-29,18806137000.0,12853440.0,18820092000.0,12827952.0,19218117000.0,12078603.0,19805565000.0,10957638.0
2023-01-30,18805414000.0,12319368.0,18819392000.0,12295683.0,19218114000.0,11599353.0,19806603000.0,10557700.0
2023-01-31,18802835000.0,13332360.0,18816840000.0,13306631.0,19216317000.0,12550208.0,19805938000.0,11418660.0
2023-02-01,18803223000.0,11022096.0,18817252000.0,10997081.0,19217465000.0,10261628.0,19808186000.0,9161452.0
2023-02-02,18800114000.0,13381992.0,18814167000.0,13358438.0,19215073000.0,12665961.0,19806829000.0,11630071.0
2023-02-03,18798319000.0,12332304.0,18812391000.0,12313537.0,19213849000.0,11761793.0,19806431000.0,10936429.0
2023-02-04,18803019000.0,7393728.0,18817106000.0,7378127.6,19219022000.0,6919476.1,19812290000.0,6233371.0
2023-02-05,18801234000.0,12588408.0,18815345000.0,12564756.0,19217957000.0,11869389.0,19812265000.0,10829177.0
2023-02-06,18798527000.0,13158696.0,18812654000.0,13141934.0,19215759000.0,12649137.0,19810804000.0,11911953.0
2023-02-07,18803132000.0,8245320.0,18817281000.0,8223859.5,19221016000.0,7592919.9,19817006000.0,6649085.8
2023-02-08,18800092000.0,13240512.0,18814262000.0,13219595.0,19218612000.0,12604639.0,19815521000.0,11684715.0
2023-02-09,18806101000.0,8018376.0,18820290000.0,7999697.3,19225189000.0,7450544.7,19822920000.0,6629057.3
2023-02-10,18810063000.0,7769136.0,18824270000.0,7750911.3,19229705000.0,7215105.1,19828237000.0,6413582.8
2023-02-11,18809963000.0,13294392.0,18824183000.0,13280997.0,19230012000.0,12887186.0,19829133000.0,12298076.0
2023-02-12,18814531000.0,8071416.0,18828765000.0,8058237.1,19234981000.0,7670778.0,19834682000.0,7091170.9
2023-02-13,18818785000.0,13396584.0,18833032000.0,13382701.0,19239657000.0,12974546.0,19839968000.0,12363979.0
2023-02-14,18822390000.0,9173280.0,18836655000.0,9155763.5,19243795000.0,8640779.6,19844877000.0,7870405.7
2023-02-15,18839765000.0,13307016.0,18854047000.0,13289657.0,19261697000.0,12779305.0,19863542000.0,12015861.0
2023-02-16,18847685000.0,7427208.0,18861978000.0,7415891.0,19269961000.0,7083170.6,19872304000.0,6585448.1
2023-02-17,18847765000.0,13290600.0,18862078000.0,13270657.0,19270647000.0,12684320.0,19873867000.0,11807208.0
2023-02-18,18851999000.0,8144160.0,18866335000.0,8121171.8,19275580000.0,7445319.9,19879812000.0,6434300.7
2023-02-19,18850910000.0,13570560.0,18865268000.0,13549252.0,19275140000.0,12922796.0,19880308000.0,11985668.0
2023-02-20,18852490000.0,13640808.0,18866866000.0,13622873.0,19277264000.0,13095598.0,19883222000.0,12306837.0
2023-02-21,18857776000.0,7448880.0,18872167000.0,7433542.9,19283016000.0,6982630.9,19889648000.0,6308103.5
2023-02-22,18857946000.0,13252536.0,18872350000.0,13240031.0,19283567000.0,12872385.0,19890749000.0,12322417.0
2023-02-23,18870817000.0,118632.0,18885244000.0,94927.8,19296556000.0,0.0,19903738000.0,0.0
2023-02-24,18873086000.0,7101312.0,18887534000.0,7080204.4,19299467000.0,6459641.6,19907577000.0,5531330.2
2023-02-25,18868416000.0,13357392.0,18882888000.0,13334277.0,19295500000.0,12654711.0,19904627000.0,11638134.0
2023-02-26,18865417000.0,13367544.0,18879909000.0,13346985.0,19293126000.0,12742543.0,19903157000.0,11838348.0
2023-02-27,18864388000.0,11794248.0,18878901000.0,11773720.0,19292721000.0,11170184.0,19903654000.0,10267343.0
2023-02-28,18870136000.0,11831472.0,18884672000.0,11808266.0,19299174000.0,11126004.0,19911128000.0,10105397.0
2023-03-01,18871414000.0,11523264.0,18885970000.0,11503342.0,19301058000.0,10917636.0,19913888000.0,10041467.0
2023-03-02,18874242000.0,7602960.0,18888817000.0,7583743.1,19304470000.0,7018767.5,19918146000.0,6173610.0
2023-03-03,18876088000.0,11671656.0,18890681000.0,11653619.0,19306864000.0,11123340.0,19921333000.0,10330085.0
2023-03-04,18887765000.0,8989920.0,18902377000.0,8971228.1,19319110000.0,8421685.6,19934401000.0,7599615.0
2023-03-05,18890184000.0,13048176.0,18904809000.0,13035077.0,19321927000.0,12649980.0,19937794000.0,12073907.0
2023-03-06,18911580000.0,13164336.0,18926224000.0,13145640.0,19343891000.0,12595983.0,19960581000.0,11773741.0
2023-03-07,18918678000.0,10228944.0,18933334000.0,10215922.0,19351385000.0,9833060.3,19968647000.0,9260331.2
2023-03-08,18937033000.0,8288328.0,18951700000.0,8277981.3,19370055000.0,7973788.3,19987772000.0,7518740.5
2023-03-09,18956145000.0,6787680.0,18970824000.0,6776078.3,19389519000.0,6434987.7,20007747000.0,5924744.1
2023-03-10,18958845000.0,12869376.0,18973538000.0,12854609.0,19392668000.0,12420449.0,20011545000.0,11770981.0
2023-03-11,18973569000.0,10812672.0,18988273000.0,10802522.0,19407701000.0,10504108.0,20027024000.0,10057705.0
2023-03-12,18992244000.0,8747184.0,19006963000.0,8732075.0,19426835000.0,8287870.7,20046823000.0,7623377.3
2023-03-13,19029917000.0,11710512.0,19044648000.0,11697965.0,19464890000.0,11329081.0,20085429000.0,10777260.0
2023-03-14,19056065000.0,6376728.0,19070810000.0,6362297.6,19491476000.0,5938044.1,20112650000.0,5303395.6
2023-03-15,19080217000.0,5838384.0,19094972000.0,5829009.2,19515913000.0,5553389.5,20137500000.0,5141084.9
2023-03-16,19098734000.0,5539992.0,19113506000.0,5522548.9,19534960000.0,5009720.5,20157314000.0,4242571.2
2023-03-17,19119954000.0,10462536.0,19134743000.0,10446302.0,19556674000.0,9969018.1,20179742000.0,9255040.7
2023-03-18,19142959000.0,7965840.0,19157763000.0,7950543.0,19580144000.0,7500812.1,20203884000.0,6828051.4
2023-03-19,19160697000.0,6043128.0,19175522000.0,6021751.7,19598532000.0,5393288.8,20223212000.0,4453159.5
2023-03-20,19170172000.0,8875032.0,19185018000.0,8853550.0,19608659000.0,8221979.8,20234285000.0,7277202.3
2023-03-21,19174516000.0,11572728.0,19189386000.0,11550143.0,19613691000.0,10886147.0,20240309000.0,9892863.1
2023-03-22,19178877000.0,11349672.0,19193768000.0,11328533.0,19618694000.0,10707053.0,20246242000.0,9777369.5
2023-03-23,19191258000.0,6710088.0,19206164000.0,6694234.1,19631557000.0,6228129.7,20259802000.0,5530875.7
2023-03-24,19196448000.0,11547288.0,19211371000.0,11530684.0,19637252000.0,11042531.0,20266228000.0,10312293.0
2023-03-25,19213475000.0,10298928.0,19228413000.0,10284177.0,19654728000.0,9850510.4,20284352000.0,9201779.9
2023-03-26,19220429000.0,10931136.0,19235382000.0,10916213.0,19662135000.0,10477490.0,20292416000.0,9821195.2
2023-03-27,19228951000.0,11263320.0,19243919000.0,11247289.0,19671144000.0,10775979.0,20302129000.0,10070938.0
2023-03-28,19246243000.0,11620392.0,19261234000.0,11597977.0,19689118000.0,10938968.0,20321090000.0,9953145.7
2023-03-29,19259972000.0,5057232.0,19274980000.0,5040371.9,19703359000.0,4544685.3,20336072000.0,3803178.5
2023-03-30,19266109000.0,11206560.0,19281134000.0,11188595.0,19710042000.0,10660437.0,20343545000.0,9870355.3
2023-03-31,19277371000.0,11465880.0,19292412000.0,11450544.0,19721770000.0,10999678.0,20355948000.0,10325220.0
2023-04-01,19286166000.0,11706792.0,19301224000.0,11689740.0,19731084000.0,11188412.0,20366011000.0,10438466.0
2023-04-02,19312639000.0,5452944.0,19327712000.0,5438730.8,19757989000.0,5020863.9,20393542000.0,4395769.2
2023-04-03,19320484000.0,11704872.0,19335579000.0,11682193.0,19766524000.0,11015422.0,20403074000.0,10017987.0
2023-04-04,19327497000.0,8847192.0,19342609000.0,8830019.1,19774058000.0,8325136.8,20411364000.0,7569873.9
2023-04-05,19331723000.0,11667024.0,19346856000.0,11646993.0,19778894000.0,11058076.0,20417080000.0,10177105.0
2023-04-06,19335912000.0,11654808.0,19351059000.0,11640042.0,19783531000.0,11205916.0,20422367000.0,10556500.0
2023-04-07,19342276000.0,11631600.0,19357440000.0,11615145.0,19790396000.0,11131372.0,20429955000.0,10407686.0
2023-04-08,19353549000.0,11652696.0,19368731000.0,11633485.0,19802252000.0,11068693.0,20442657000.0,10223810.0
2023-04-09,19356538000.0,11654304.0,19371743000.0,11632332.0,19805910000.0,10986361.0,20447281000.0,10020040.0
2023-04-10,19358542000.0,11652720.0,19373766000.0,11634066.0,19808481000.0,11085648.0,20450672000.0,10265258.0
2023-04-11,19365397000.0,10501968.0,19380637000.0,10485559.0,19815834000.0,10003139.0,20458747000.0,9281477.0
2023-04-12,19376462000.0,6159240.0,19391719000.0,6141688.0,19827433000.0,5625660.7,20471118000.0,4853726.0
2023-04-13,19378014000.0,10952112.0,19393289000.0,10934768.0,19829513000.0,10424852.0,20473960000.0,9662059.3
2023-04-14,19385651000.0,5486136.0,19400939000.0,5472604.2,19837561000.0,5074768.4,20482603000.0,4479638.5
2023-04-15,19393401000.0,5950032.0,19408708000.0,5931584.2,19845871000.0,5389219.5,20491725000.0,4577886.1
2023-04-16,19405642000.0,5985384.0,19420962000.0,5971497.7,19858534000.0,5563239.3,20504999000.0,4952518.0
2023-04-17,19413856000.0,10123368.0,19429194000.0,10106396.0,19867265000.0,9607406.7,20514476000.0,8860960.2
2023-04-18,19436860000.0,7358304.0,19452213000.0,7342563.2,19890747000.0,6879784.0,20538650000.0,6187504.0
2023-04-19,19447393000.0,10156512.0,19462767000.0,10135153.0,19901929000.0,9507206.3,20550772000.0,8567848.9
2023-04-20,19460228000.0,11711184.0,19475615000.0,11697837.0,19915170000.0,11305448.0,20564599000.0,10718465.0
2023-04-21,19472750000.0,10705800.0,19488152000.0,10691021.0,19928141000.0,10256505.0,20578221000.0,9606505.3
2023-04-22,19486871000.0,10056144.0,19502289000.0,10041350.0,19942713000.0,9606398.5,20593443000.0,8955746.9
2023-04-23,19498833000.0,12966456.0,19514271000.0,12946649.0,19955277000.0,12364337.0,20606878000.0,11493246.0
2023-04-24,19516765000.0,13275672.0,19532220000.0,13257055.0,19973774000.0,12709714.0,20626194000.0,11890937.0
2023-04-25,19527238000.0,12871800.0,19542712000.0,12853303.0,19984809000.0,12309482.0,20638043000.0,11495970.0
2023-04-26,19539078000.0,13307112.0,19554571000.0,13288225.0,19997223000.0,12732961.0,20651288000.0,11902332.0
2023-04-27,19548449000.0,11911200.0,19563961000.0,11892662.0,20007158000.0,11347637.0,20662038000.0,10532324.0
2023-04-28,19578219000.0,11745264.0,19593753000.0,11723188.0,20037599000.0,11074167.0,20693450000.0,10103284.0
2023-04-29,19591893000.0,11595792.0,19607444000.0,11579477.0,20051770000.0,11099808.0,20708338000.0,10382263.0
2023-04-30,19609919000.0,7976064.0,19625487000.0,7958453.2,20070330000.0,7440694.5,20727673000.0,6666169.7
2023-05-01,19626836000.0,4356336.0,19642431000.0,4329415.9,20088066000.0,3537963.7,20746593000.0,2354016.0
2023-05-02,19643453000.0,736608.0,19659075000.0,709202.7,20105420000.0,0.0,20763947000.0,0.0
2023-05-03,19653283000.0,5976792.0,19668932000.0,5949666.7,20116074000.0,5152183.5,20775794000.0,3959213.7
2023-05-04,19662197000.0,6116784.0,19677875000.0,6088306.2,20125854000.0,5251058.9,20786826000.0,3998605.2
2023-05-05,19665969000.0,9816576.0,19681672000.0,9791915.1,20130376000.0,9066885.6,20792432000.0,7982300.5
2023-05-06,19674943000.0,4860936.0,19690667000.0,4839786.3,20139993000.0,4217985.1,20802979000.0,3287821.3
2023-05-07,19687065000.0,2928576.0,19702813000.0,2903701.0,20152871000.0,2172376.6,20816951000.0,1078375.0
2023-05-08,19700572000.0,996216.0,19716345000.0,971500.92,20167129000.0,244877.57,20831455000.0,0.0
2023-05-09,19706979000.0,6911544.0,19722774000.0,6889789.4,20174198000.0,6250204.5,20839480000.0,5293437.6
2023-05-10,19713754000.0,6331944.0,19729560000.0,6320839.1,20181310000.0,5994356.3,20847080000.0,5505964.5
2023-05-11,19714943000.0,12263592.0,19730771000.0,12241839.0,20183161000.0,11602312.0,20849888000.0,10645631.0
2023-05-12,19730592000.0,662784.0,19746438000.0,644521.86,20199364000.0,107614.94,20866199000.0,0.0
2023-05-13,19745586000.0,252768.0,19761450000.0,235209.42,20214612000.0,0.0,20881447000.0,0.0
2023-05-14,19758009000.0,1094616.0,19773890000.0,1077189.6,20227564000.0,564854.35,20894964000.0,0.0
2023-05-15,19762951000.0,7937232.0,19778841000.0,7928339.2,20232777000.0,7666891.5,20900568000.0,7275787.0
2023-05-16,19772269000.0,6267936.0,19788177000.0,6250013.5,20242639000.0,5723093.5,20911218000.0,4934864.2
2023-05-17,19796633000.0,8484360.0,19812559000.0,8465939.5,20267563000.0,7924377.4,20936952000.0,7114244.7
2023-05-18,19803440000.0,11624784.0,19819392000.0,11598329.0,20275174000.0,10820544.0,20945727000.0,9657041.8
2023-05-19,19821915000.0,1435992.0,19837886000.0,1417426.4,20294214000.0,871598.98,20965583000.0,55085.647
2023-05-20,19839009000.0,5245512.0,19854997000.0,5229142.1,20311806000.0,4747868.3,20983895000.0,4027921.8
2023-05-21,19851936000.0,8153352.0,19867934000.0,8143508.0,20325032000.0,7854094.7,20997554000.0,7421156.0
2023-05-22,19870116000.0,4085700.0,19886130000.0,4069187.0,20343714000.0,3583705.1,21016963000.0,2857463.8
2023-05-23,19918428000.0,18048.0,19934458000.0,2060.34,20392044000.0,0.0,21065293000.0,0.0
2023-05-24,19962417000.0,61216.0,19978464000.0,44011.54,20436094000.0,0.0,21109342000.0,0.0
2023-05-25,19999481000.0,104384.0,20015544000.0,88210.7,20473262000.0,0.0,21146510000.0,0.0
2023-05-26,20047500000.0,147552.0,20063580000.0,131030.82,20521429000.0,0.0,21194678000.0,0.0
2023-05-27,20080729000.0,190720.0,20096832000.0,167562.58,20554849000.0,0.0,21228097000.0,0.0
2023-05-28,20137024000.0,233888.0,20153146000.0,214451.96,20611377000.0,0.0,21284626000.0,0.0
2023-05-29,20187405000.0,277056.0,20203550000.0,254765.94,20662036000.0,0.0,21335284000.0,0.0
2023-05-30,20243427000.0,320224.0,20259590000.0,301505.95,20718378000.0,0.0,21391626000.0,0.0
2023-05-31,20291416000.0,406560.0,20307602000.0,383729.01,20766773000.0,0.0,21440022000.0,0.0
2023-06-01,20343327000.0,406560.0,20359528000.0,391078.56,20819090000.0,0.0,21492339000.0,0.0
2023-06-02,20375096000.0,741912.0,20391318000.0,721383.57,20851484000.0,117847.73,21524850000.0,0.0
2023-06-03,20401894000.0,607104.0,20418140000.0,583376.4,20878889000.0,0.0,21552256000.0,0.0
2023-06-04,20426131000.0,410016.0,20442394000.0,393715.56,20903536000.0,0.0,21576903000.0,0.0
2023-06-05,20447902000.0,140064.0,20464184000.0,120429.45,20925447000.0,0.0,21598813000.0,0.0
2023-06-06,20477255000.0,88200.0,20493557000.0,67694.19,20954888000.0,0.0,21628254000.0,0.0
2023-06-07,20498871000.0,408636.0,20515197000.0,385411.11,20976913000.0,0.0,21650279000.0,0.0
2023-06-08,20523739000.0,729072.0,20540081000.0,712860.48,21002274000.0,236241.79,21675877000.0,0.0
2023-06-09,20562245000.0,398904.0,20578608000.0,377661.48,21041178000.0,0.0,21714781000.0,0.0
2023-06-10,20584234000.0,68736.0,20600614000.0,51353.7,21063236000.0,0.0,21736839000.0,0.0
2023-06-11,20624981000.0,62034.0,20641386000.0,37350.9,21104046000.0,0.0,21777648000.0,0.0
2023-06-12,20646341000.0,55332.0,20662770000.0,31038.9,21125460000.0,0.0,21799063000.0,0.0
2023-06-13,20664111000.0,48630.0,20680567000.0,22168.5,21143280000.0,0.0,21816882000.0,0.0
2023-06-14,20680896000.0,41928.0,20697371000.0,23573.04,21160107000.0,0.0,21833709000.0,0.0
2023-06-15,20688686000.0,6254952.0,20705182000.0,6233423.2,21168551000.0,5600477.1,21843100000.0,4653641.3
2023-06-16,20699859000.0,6649440.0,20716376000.0,6628436.2,21180363000.0,6010923.3,21855836000.0,5087174.4
2023-06-17,20708252000.0,6649032.0,20724789000.0,6629378.7,21189353000.0,6051572.6,21865690000.0,5187221.8
2023-06-18,20715914000.0,6655272.0,20732476000.0,6629849.5,21197787000.0,5882426.8,21875243000.0,4764343.5
2023-06-19,20723556000.0,6353976.0,20740146000.0,6326179.5,21206275000.0,5508963.3,21884953000.0,4286474.6
2023-06-20,20728277000.0,7428072.0,20744893000.0,7402039.1,21211787000.0,6636672.1,21891610000.0,5491745.6
2023-06-21,20729130000.0,12742632.0,20745768000.0,12720886.0,21213302000.0,12081553.0,21894081000.0,11125164.0
2023-06-22,20731930000.0,12558432.0,20748586000.0,12539450.0,21216678000.0,11981377.0,21898292000.0,11146545.0
2023-06-23,20739831000.0,12986472.0,20756506000.0,12967909.0,21225143000.0,12422162.0,21907574000.0,11605769.0
2023-06-24,20749890000.0,12069576.0,20766582000.0,12052576.0,21235720000.0,11552785.0,21918898000.0,10805138.0
2023-06-25,20773700000.0,11523264.0,20790408000.0,11507092.0,21260021000.0,11031631.0,21943910000.0,10320381.0
2023-06-26,20805180000.0,8185152.0,20821905000.0,8169036.0,21291991000.0,7695226.5,21976589000.0,6986446.2
2023-06-27,20820226000.0,5050296.0,20836970000.0,5030381.8,21307642000.0,4444904.9,21993116000.0,3569079.3
2023-06-28,20834601000.0,6672624.0,20851366000.0,6652217.3,21322638000.0,6052258.8,22009009000.0,5154769.9
2023-06-29,20844406000.0,6666600.0,20861197000.0,6640487.5,21333237000.0,5872781.5,22020757000.0,4724356.0
2023-06-30,20854044000.0,6677616.0,20870855000.0,6657056.0,21343499000.0,6052591.4,22031924000.0,5148361.7
2023-07-01,20862246000.0,6670728.0,20879078000.0,6649524.9,21352346000.0,6026152.8,22041703000.0,5093639.2
2023-07-02,20870728000.0,6671928.0,20887578000.0,6654848.0,21361348000.0,6152694.5,22051456000.0,5401513.9
2023-07-03,20881851000.0,5951088.0,20898719000.0,5932875.4,21373024000.0,5397424.7,22063933000.0,4596434.1
2023-07-04,20900073000.0,6518376.0,20916956000.0,6503269.0,21391706000.0,6059122.0,22083279000.0,5394714.4
2023-07-05,20911419000.0,5901528.0,20928324000.0,5879703.2,21403715000.0,5238054.4,22096248000.0,4278200.1
2023-07-06,20928272000.0,5779104.0,20945196000.0,5759838.4,21421153000.0,5193429.5,22114534000.0,4346127.9
2023-07-07,20963112000.0,41616.0,20980054000.0,23132.73,21456035000.0,0.0,22149415000.0,0.0
2023-07-08,21000849000.0,61116.0,21017811000.0,41420.61,21493833000.0,0.0,22187214000.0,0.0
2023-07-09,21029258000.0,80616.0,21046245000.0,56318.22,21522323000.0,0.0,22215703000.0,0.0
2023-07-10,21054658000.0,100116.0,21071667000.0,76951.95,21547822000.0,0.0,22241203000.0,0.0
2023-07-11,21072791000.0,119616.0,21089824000.0,96240.18,21566076000.0,0.0,22259456000.0,0.0
2023-07-12,21075858000.0,11976624.0,21092915000.0,11952094.0,21569888000.0,11230917.0,22264347000.0,10152095.0
2023-07-13,21077907000.0,12640104.0,21094989000.0,12615408.0,21572688000.0,11889358.0,22268233000.0,10803247.0
2023-07-14,21083556000.0,12766608.0,21100658000.0,12746132.0,21578959000.0,12144144.0,22275405000.0,11243619.0
2023-07-15,21085516000.0,13389096.0,21102644000.0,13363999.0,21581682000.0,12626151.0,22279232000.0,11522389.0
2023-07-16,21087686000.0,12659976.0,21104837000.0,12636569.0,21584564000.0,11948391.0,22283143000.0,10918933.0
2023-07-17,21118835000.0,12622632.0,21136008000.0,12600573.0,21616383000.0,11952045.0,22315932000.0,10981899.0
2023-07-18,21137677000.0,1167816.0,21154873000.0,1144912.9,21635922000.0,471560.54,22335943000.0,0.0
2023-07-19,21154002000.0,977568.0,21171223000.0,952970.7,21652995000.0,229810.08,22353245000.0,0.0
2023-07-20,21169746000.0,787320.0,21186995000.0,759512.22,21669526000.0,0.0,22369777000.0,0.0
2023-07-21,21184028000.0,597072.0,21201296000.0,577598.52,21684400000.0,5078.208,22384655000.0,0.0
2023-07-22,21198447000.0,406824.0,21215736000.0,386320.92,21699226000.0,0.0,22399482000.0,0.0
2023-07-23,21211446000.0,216576.0,21228760000.0,191090.67,21712442000.0,0.0,22412697000.0,0.0
2023-07-24,21224692000.0,26328.0,21242031000.0,1505.28,21725713000.0,0.0,22425969000.0,0.0
2023-07-25,21223463000.0,13110504.0,21240821000.0,13090617.0,21725089000.0,12505931.0,22426219000.0,11631289.0
2023-07-26,21227983000.0,11889000.0,21245353000.0,11877917.0,21729947000.0,11552076.0,22431564000.0,11064645.0
2023-07-27,21229095000.0,11922768.0,21246484000.0,11903239.0,21731651000.0,11329091.0,22434128000.0,10470211.0
2023-07-28,21242071000.0,8007384.0,21259484000.0,7984229.3,21745332000.0,7303481.4,22448827000.0,6285138.2
2023-07-29,21253091000.0,4092000.0,21270529000.0,4066363.0,21757131000.0,3312634.0,22461753000.0,2185117.0
2023-07-30,21265973000.0,176616.0,21283434000.0,153566.22,21770189000.0,0.0,22474812000.0,0.0
2023-07-31,21264779000.0,12625392.0,21282262000.0,12603542.0,21769660000.0,11961148.0,22475244000.0,11000179.0
2023-08-01,21264333000.0,11702040.0,21281838000.0,11679661.0,21769894000.0,11021719.0,22476462000.0,10037491.0
2023-08-02,21264069000.0,11200032.0,21281599000.0,11175368.0,21770380000.0,10450235.0,22478032000.0,9365495.4
2023-08-03,21263511000.0,11697336.0,21281066000.0,11672270.0,21770584000.0,10935327.0,22479339000.0,9832921.0
2023-08-04,21263209000.0,11307072.0,21280791000.0,11280563.0,21771088000.0,10501184.0,22481009000.0,9335297.6
2023-08-05,21261836000.0,11407512.0,21279444000.0,11381155.0,21770516000.0,10606260.0,22481597000.0,9447079.8
2023-08-06,21274076000.0,111072.0,21291705000.0,90772.11,21782868000.0,0.0,22493948000.0,0.0
2023-08-07,21272217000.0,10494936.0,21289863000.0,10476780.0,21781560000.0,9942979.9,22493438000.0,9144459.2
2023-08-08,21274104000.0,7917144.0,21291778000.0,7889957.1,21784274000.0,7090662.2,22497348000.0,5894982.4
2023-08-09,21277800000.0,6453840.0,21295493000.0,6435085.3,21788540000.0,5883696.8,22502439000.0,5058864.7
2023-08-10,21281637000.0,6315480.0,21299351000.0,6294319.0,21793020000.0,5672185.3,22507850000.0,4741524.1
2023-08-11,21287598000.0,6326592.0,21305334000.0,6303867.9,21799672000.0,5635778.4,22515501000.0,4636371.2
2023-08-12,21292173000.0,7817616.0,21309931000.0,7796940.5,21804876000.0,7189082.0,22521614000.0,6279775.3
2023-08-13,21301824000.0,8684352.0,21319598000.0,8667231.8,21815047000.0,8163897.3,22532538000.0,7410950.0
2023-08-14,21305136000.0,7609128.0,21322935000.0,7585061.5,21819091000.0,6877506.1,22537641000.0,5819061.0
2023-08-15,21314222000.0,6190104.0,21332043000.0,6167570.6,21828862000.0,5505088.0,22548403000.0,4514068.2
2023-08-16,21318304000.0,9367776.0,21336145000.0,9347440.6,21833562000.0,8749580.4,22553997000.0,7855230.4
2023-08-17,21320526000.0,9880296.0,21338390000.0,9857108.5,21836488000.0,9175397.5,22557943000.0,8155613.5
2023-08-18,21328200000.0,10609656.0,21346086000.0,10588208.0,21844815000.0,9957623.4,22567213000.0,9014321.0
2023-08-19,21328892000.0,11849904.0,21346797000.0,11830459.0,21846098000.0,11258764.0,22569351000.0,10403555.0
2023-08-20,21338941000.0,10382520.0,21356864000.0,10364553.0,21856693000.0,9836337.8,22580736000.0,9046170.2
2023-08-21,21355545000.0,11875992.0,21373484000.0,11860552.0,21873767000.0,11406613.0,22598489000.0,10727557.0
2023-08-22,21372240000.0,13073832.0,21390194000.0,13058525.0,21890926000.0,12608484.0,22616322000.0,11935260.0
2023-08-23,21390026000.0,9919992.0,21407999000.0,9900821.9,21909295000.0,9337222.2,22635534000.0,8494122.9
2023-08-24,21401940000.0,6766152.0,21419933000.0,6746341.6,21921812000.0,6163914.6,22648922000.0,5292651.5
2023-08-25,21414304000.0,3612312.0,21432321000.0,3588715.4,21934893000.0,2894976.6,22663041000.0,1857199.9
2023-08-26,21431489000.0,458472.0,21449534000.0,430768.35,21952537000.0,0.0,22680685000.0,0.0
2023-08-27,21444333000.0,176712.0,21462403000.0,151070.28,21965558000.0,0.0,22693706000.0,0.0
2023-08-28,21443203000.0,13150224.0,21461300000.0,13123496.0,21965240000.0,12337685.0,22694564000.0,11162176.0
2023-08-29,21454565000.0,4088088.0,21472686000.0,4063941.9,21977336000.0,3354047.5,22707722000.0,2292103.3
2023-08-30,21453612000.0,13298448.0,21471761000.0,13270431.0,21977235000.0,12446725.0,22708853000.0,11214528.0
2023-08-31,21452118000.0,13249440.0,21470290000.0,13226735.0,21976431000.0,12559196.0,22709047000.0,11560612.0
2023-09-01,21445029000.0,13224936.0,21463225000.0,13200198.0,21970093000.0,12472886.0,22703798000.0,11384888.0
2023-09-02,21438935000.0,13250256.0,21457141000.0,13240786.0,21964288000.0,12962357.0,22698409000.0,12545850.0
2023-09-03,21432814000.0,12722208.0,21451043000.0,12698912.0,21958875000.0,12014002.0,22694020000.0,10989432.0
2023-09-04,21431839000.0,10827744.0,21450091000.0,10804883.0,21958595000.0,10132769.0,22694746000.0,9127341.3
2023-09-05,21434516000.0,5432664.0,21452793000.0,5407330.4,21962042000.0,4662522.0,22699307000.0,3548349.3
2023-09-06,21441238000.0,37584.0,21459543000.0,10185.33,21968802000.0,0.0,22706067000.0,0.0
2023-09-07,21444333000.0,2663952.0,21462659000.0,2643025.0,21972533000.0,2027770.9,22710718000.0,1107401.0
2023-09-08,21436937000.0,11159544.0,21455283000.0,11139046.0,21965760000.0,10536393.0,22704847000.0,9634873.0
2023-09-09,21430427000.0,11689704.0,21448794000.0,11669243.0,21959872000.0,11067691.0,22699859000.0,10167818.0
2023-09-10,21424246000.0,11661696.0,21442633000.0,11641078.0,21954318000.0,11034905.0,22695211000.0,10128119.0
2023-09-11,21429115000.0,9325008.0,21447528000.0,9298314.1,21959998000.0,8513512.2,22702065000.0,7339512.7
2023-09-12,21441103000.0,8318496.0,21459540000.0,8295025.8,21972699000.0,7605001.9,22715799000.0,6572782.5
2023-09-13,21448464000.0,6240018.0,21466924000.0,6217089.9,21980758000.0,5543003.8,22724866000.0,4534625.9
2023-09-14,21458699000.0,4161540.0,21477183000.0,4138416.1,21991696000.0,3458574.0,22736821000.0,2441585.8
2023-09-15,21464577000.0,2083062.0,21483081000.0,2061747.3,21998222000.0,1435096.0,22744284000.0,497676.85
2023-09-16,21471861000.0,4584.0,21490370000.0,0.0,22005511000.0,0.0,22751573000.0,0.0
2023-09-17,21471384000.0,9683400.0,21489912000.0,9664713.5,22005601000.0,9115331.6,22752485000.0,8293501.1
2023-09-18,21469763000.0,8773368.0,21488313000.0,8751198.1,22004654000.0,8099401.8,22752514000.0,7124367.9
2023-09-19,21467638000.0,7299576.0,21486213000.0,7274897.6,22003280000.0,6549352.0,22752225000.0,5463995.1
2023-09-20,21464596000.0,7519704.0,21483193000.0,7497607.8,22000909000.0,6847978.6,22750826000.0,5876186.4
2023-09-21,21462319000.0,7394640.0,21480943000.0,7367412.5,21999460000.0,6566925.2,22750574000.0,5369461.5
2023-09-22,21460813000.0,7430880.0,21479461000.0,7406708.6,21998689000.0,6696068.8,22750866000.0,5633009.8
2023-09-23,21460516000.0,7364760.0,21479189000.0,7340394.0,21999133000.0,6624032.7,22752381000.0,5552414.7
2023-09-24,21457909000.0,8259840.0,21476603000.0,8238436.4,21997177000.0,7609170.9,22751367000.0,6667841.0
2023-09-25,21464901000.0,386184.0,21483618000.0,363410.34,22004554000.0,0.0,22758744000.0,0.0
2023-09-26,21474003000.0,32928.0,21492739000.0,13447.89,22013689000.0,0.0,22767879000.0,0.0
2023-09-27,21480533000.0,88992.0,21499287000.0,71347.62,22020308000.0,0.0,22774498000.0,0.0
2023-09-28,21486318000.0,187104.0,21505093000.0,165954.3,22026281000.0,0.0,22780471000.0,0.0
2023-09-29,21482723000.0,9480672.0,21501521000.0,9457098.8,22023402000.0,8764047.9,22778628000.0,7727300.3
2023-09-30,21489081000.0,337344.0,21507905000.0,311827.86,22030097000.0,0.0,22785324000.0,0.0
2023-10-01,21501769000.0,97872.0,21520616000.0,75324.54,22042883000.0,0.0,22798110000.0,0.0
2023-10-02,21500948000.0,11601936.0,21519814000.0,11582541.0,22042652000.0,11012337.0,22798732000.0,10159358.0
2023-10-03,21500807000.0,11258808.0,21519691000.0,11240315.0,22043073000.0,10696608.0,22799966000.0,9883268.2
2023-10-04,21500760000.0,11242896.0,21519656000.0,11230906.0,22043390000.0,10878395.0,22800811000.0,10351068.0
2023-10-05,21501472000.0,11719128.0,21520383000.0,11703757.0,22044569000.0,11251848.0,22802666000.0,10575828.0
2023-10-06,21500873000.0,12349512.0,21519802000.0,12332491.0,22044488000.0,11832069.0,22803333000.0,11083478.0
2023-10-07,21507315000.0,12591504.0,21526265000.0,12570444.0,22051570000.0,11951280.0,22811341000.0,11025061.0
2023-10-08,21517188000.0,12491160.0,21536152000.0,12476668.0,22061884000.0,12050603.0,22822292000.0,11413244.0
2023-10-09,21514573000.0,12471576.0,21533556000.0,12452896.0,22059837000.0,11903709.0,22821067000.0,11082170.0
2023-10-10,21513450000.0,11702664.0,21532450000.0,11685500.0,22059236000.0,11180870.0,22821221000.0,10425984.0
2023-10-11,21508771000.0,12595440.0,21527787000.0,12579016.0,22055056000.0,12096148.0,22817763000.0,11373818.0
2023-10-12,21506479000.0,12418032.0,21525516000.0,12398016.0,22053373000.0,11809558.0,22816960000.0,10929273.0
2023-10-13,21506218000.0,12843696.0,21525275000.0,12823755.0,22053718000.0,12237499.0,22818182000.0,11360507.0
2023-10-14,21507398000.0,9121704.0,21526475000.0,9101140.9,22055523000.0,8496584.5,22820892000.0,7592217.6
2023-10-15,21506968000.0,7362984.0,21526066000.0,7342638.1,22055712000.0,6744468.3,22821975000.0,5849655.2
2023-10-16,21502955000.0,11413704.0,21522070000.0,11396060.0,22052235000.0,10877315.0,22819275000.0,10101315.0
2023-10-17,21499689000.0,10597560.0,21518822000.0,10579572.0,22049516000.0,10050726.0,22817347000.0,9259614.8
2023-10-18,21494569000.0,12299832.0,21513723000.0,12279058.0,22045027000.0,11668310.0,22813772000.0,10754681.0
2023-10-19,21490627000.0,11327520.0,21509799000.0,11309661.0,22041628000.0,10784610.0,22811158000.0,9999176.5
2023-10-20,21488114000.0,10402944.0,21507297000.0,10391824.0,22039454000.0,10064882.0,22809473000.0,9575804.2
2023-10-21,21485711000.0,9680208.0,21504905000.0,9669331.7,22037381000.0,9349567.9,22807878000.0,8871227.3
2023-10-22,21485642000.0,6757152.0,21504851000.0,6741769.6,22037779000.0,6289527.6,22808953000.0,5613010.6
2023-10-23,21482848000.0,11045760.0,21502081000.0,11022247.0,22035700000.0,10330962.0,22807908000.0,9296855.6
2023-10-24,21487430000.0,10884000.0,21506675000.0,10871354.0,22040666000.0,10499557.0,22813430000.0,9943380.1
2023-10-25,21486370000.0,10681416.0,21505628000.0,10668338.0,22040004000.0,10283849.0,22813343000.0,9708684.0
2023-10-26,21495614000.0,8326032.0,21514887000.0,8312311.0,22049666000.0,7908914.2,22823608000.0,7305465.5
2023-10-27,21495506000.0,10095288.0,21514793000.0,10081089.0,22049989000.0,9663634.8,22824556000.0,9039157.5
2023-10-28,21493488000.0,9818664.0,21512790000.0,9802954.0,22048448000.0,9341080.6,22823707000.0,8650155.7
2023-10-29,21492187000.0,10367064.0,21511508000.0,10348103.0,22047724000.0,9790660.8,22823816000.0,8956772.3
2023-10-30,21503093000.0,6411096.0,21522431000.0,6394210.6,22059143000.0,5897778.6,22835978000.0,5155157.0
2023-10-31,21512228000.0,7716216.0,21531584000.0,7697953.9,22068833000.0,7161046.9,22846471000.0,6357878.0
2023-11-01,21532097000.0,5951352.0,21551466000.0,5938640.3,22089089000.0,5564917.5,22867286000.0,5005858.7
2023-11-02,21554033000.0,3317424.0,21573417000.0,3301423.1,22111511000.0,2830996.0,22890411000.0,2127275.6
2023-11-03,21568021000.0,3380928.0,21587425000.0,3362366.3,22126064000.0,2816653.5,22905781000.0,2000311.7
2023-11-04,21586816000.0,4949712.0,21606236000.0,4932595.3,22145379000.0,4429364.0,22925848000.0,3676571.1
2023-11-05,21596250000.0,3971976.0,21615687000.0,3955376.0,22155318000.0,3467337.2,22936518000.0,2737271.0
2023-11-06,21604634000.0,3443616.0,21624086000.0,3428572.5,22164159000.0,2986294.5,22946020000.0,2324682.7
2023-11-07,21611049000.0,4168248.0,21630520000.0,4149560.0,22171142000.0,3600132.2,22953825000.0,2778233.1
2023-11-08,21617512000.0,3327432.0,21637003000.0,3307074.8,22178223000.0,2708572.5,22961802000.0,1813262.0
2023-11-09,21618959000.0,7118280.0,21638471000.0,7097191.1,22180312000.0,6477178.7,22964818000.0,5549690.6
2023-11-10,21620314000.0,8771616.0,21639845000.0,8752548.9,22182246000.0,8191976.2,22967591000.0,7353405.1
2023-11-11,21621238000.0,8604672.0,21640790000.0,8584184.9,22183793000.0,7981864.5,22970039000.0,7080842.2
2023-11-12,21626863000.0,7004856.0,21646429000.0,6991229.8,22189833000.0,6590619.2,22976678000.0,5991338.5
2023-11-13,21629553000.0,6069816.0,21649140000.0,6048148.4,22193182000.0,5411120.4,22980980000.0,4458178.4
2023-11-14,21633639000.0,5858112.0,21653247000.0,5837419.0,22197896000.0,5229044.5,22986604000.0,4318965.9
2023-11-15,21642386000.0,5625288.0,21662007000.0,5612822.4,22207022000.0,5246334.7,22996279000.0,4698098.9
2023-11-16,21644665000.0,7026624.0,21664303000.0,7009199.6,22209831000.0,6496921.6,22999854000.0,5730595.6
2023-11-17,21655097000.0,10766424.0,21674754000.0,10747555.0,22220837000.0,10192807.0,23011689000.0,9362949.3
2023-11-18,21666040000.0,8134488.0,21685712000.0,8118765.1,22232257000.0,7656513.4,23023801000.0,6965022.4
2023-11-19,21672250000.0,6697800.0,21691938000.0,6682613.4,22238929000.0,6236127.4,23031141000.0,5568220.7
2023-11-20,21677764000.0,7406520.0,21697467000.0,7391131.4,22244911000.0,6938706.0,23037800000.0,6261914.4
2023-11-21,21677199000.0,10808976.0,21696921000.0,10790401.0,22244911000.0,10244298.0,23038617000.0,9427373.5
2023-11-22,21676372000.0,10809384.0,21696114000.0,10789309.0,22244694000.0,10199096.0,23039282000.0,9316186.9
2023-11-23,21674070000.0,10911648.0,21693834000.0,10889696.0,22243059000.0,10244309.0,23038613000.0,9278863.4
2023-11-24,21677661000.0,7899504.0,21697443000.0,7880756.7,22247220000.0,7329586.1,23043599000.0,6505079.8
2023-11-25,21682029000.0,5697264.0,21701829000.0,5679920.7,22252116000.0,5170027.7,23049257000.0,4407269.3
2023-11-26,21684380000.0,5719440.0,21704203000.0,5696910.5,22255152000.0,5034542.6,23053284000.0,4043694.3
2023-11-27,21680943000.0,10781232.0,21700790000.0,10756752.0,22252459000.0,10037031.0,23051668000.0,8960387.3
2023-11-28,21680071000.0,8963880.0,21699941000.0,8940802.9,22252289000.0,8262336.8,23052512000.0,7247406.8
2023-11-29,21677273000.0,8701656.0,21697165000.0,8679467.3,22250165000.0,8027120.7,23051365000.0,7051263.5
2023-11-30,21677476000.0,6807408.0,21697387000.0,6787830.8,22250963000.0,6212260.5,23053023000.0,5351254.4
2023-12-01,21674563000.0,8821632.0,21694498000.0,8798377.1,22248757000.0,8114682.4,23051840000.0,7091931.1
2023-12-02,21669189000.0,11283240.0,21689146000.0,11261274.0,22244051000.0,10615475.0,23048100000.0,9649411.2
2023-12-03,21668488000.0,6975840.0,21688466000.0,6954634.9,22243994000.0,6331205.6,23048976000.0,5398606.1
2023-12-04,21666839000.0,8177928.0,21686838000.0,8157424.1,22242969000.0,7554610.7,23048852000.0,6652850.9
2023-12-05,21664679000.0,8360688.0,21684700000.0,8338004.8,22241498000.0,7671119.3,23048380000.0,6673513.1
2023-12-06,21663355000.0,6800424.0,21683391000.0,6784659.8,22240653000.0,6321192.6,23048227000.0,5627883.5
2023-12-07,21663287000.0,7851936.0,21683340000.0,7835631.7,22241080000.0,7356284.1,23049372000.0,6639219.2
2023-12-08,21663272000.0,8235888.0,21683345000.0,8216101.7,22241667000.0,7634385.7,23050829000.0,6764186.0
2023-12-09,21660594000.0,8390592.0,21680690000.0,8367991.5,22239677000.0,7703536.8,23049833000.0,6709566.8
2023-12-10,21656389000.0,10101336.0,21676500000.0,10085314.0,22235958000.0,9614279.7,23046819000.0,8909650.1
2023-12-11,21655482000.0,7065312.0,21675615000.0,7043339.4,22235719000.0,6397345.0,23047546000.0,5430990.0
2023-12-12,21660275000.0,7617936.0,21680431000.0,7596020.3,22241179000.0,6951699.9,23053970000.0,5987849.2
2023-12-13,21659430000.0,6211992.0,21679602000.0,6195722.4,22240829000.0,5717395.2,23054335000.0,5001856.9
2023-12-14,21658993000.0,6929928.0,21679179000.0,6915246.8,22240837000.0,6483620.7,23054989000.0,5837943.3
2023-12-15,21657996000.0,8707200.0,21678192000.0,8697778.4,22240127000.0,8420782.8,23054693000.0,8006419.9
2023-12-16,21658294000.0,7378080.0,21678503000.0,7364314.2,22240843000.0,6959598.8,23056015000.0,6354177.6
2023-12-17,21659836000.0,7840392.0,21680062000.0,7823414.9,22242901000.0,7324288.5,23058820000.0,6577636.0
2023-12-18,21658634000.0,6923928.0,21678879000.0,6905692.8,22242254000.0,6369577.0,23058974000.0,5567591.6
2023-12-19,21657921000.0,7949352.0,21678186000.0,7929763.5,22242137000.0,7353860.7,23059719000.0,6492357.1
2023-12-20,21656343000.0,8113680.0,21676627000.0,8094013.9,22241157000.0,7515829.3,23059603000.0,6650912.5
2023-12-21,21655242000.0,7556352.0,21675546000.0,7536490.1,22240659000.0,6952549.6,23059980000.0,6079022.4
2023-12-22,21655739000.0,6846288.0,21676063000.0,6826409.3,22241760000.0,6241975.8,23061955000.0,5367711.0
2023-12-23,21650303000.0,13331376.0,21670644000.0,13314234.0,22236846000.0,12810257.0,23057794000.0,12056350.0
2023-12-24,21650430000.0,6504000.0,21670788000.0,6486312.3,22237510000.0,5966294.8,23059236000.0,5188391.1
2023-12-25,21649476000.0,6963216.0,21669850000.0,6947804.0,22237025000.0,6494690.6,23059429000.0,5816870.0
2023-12-26,21647787000.0,8973528.0,21668178000.0,8956198.7,22235863000.0,8446718.5,23059029000.0,7684577.6
2023-12-27,21642261000.0,11375640.0,21662670000.0,11358069.0,22230871000.0,10841492.0,23054810000.0,10068734.0
2023-12-28,21644015000.0,6623280.0,21664440000.0,6607055.2,22233118000.0,6130046.7,23057770000.0,5416480.9
2023-12-29,21645169000.0,6587304.0,21665610000.0,6572213.7,22234731000.0,6128559.8,23060047000.0,5464889.7
2023-12-30,21642924000.0,9467208.0,21663380000.0,9451600.2,22232960000.0,8992730.9,23058963000.0,8306299.8
2023-12-31,21642471000.0,6468192.0,21662947000.0,6447479.1,22233137000.0,5838519.8,23060050000.0,4927566.5
2024-01-01,21635191000.0,13232664.0,21655687000.0,13213304.0,22226445000.0,12644108.0,23054210000.0,11792639.0
2024-01-02,21628235000.0,12570192.0,21648750000.0,12550722.0,22220081000.0,11978317.0,23048702000.0,11122045.0
2024-01-03,21621186000.0,13149744.0,21641724000.0,13126666.0,22213733000.0,12448177.0,23043370000.0,11433213.0
2024-01-04,21618167000.0,9660936.0,21638729000.0,9637721.3,22211421000.0,8955207.6,23042078000.0,7934222.9
2024-01-05,21614095000.0,9711840.0,21634678000.0,9689855.3,22208017000.0,9043505.4,23039641000.0,8076618.8
2024-01-06,21606427000.0,12642480.0,21627036000.0,12617275.0,22201115000.0,11876262.0,23033848000.0,10767767.0
2024-01-07,21598264000.0,12757272.0,21618896000.0,12733794.0,22193666000.0,12043553.0,23027431000.0,11011007.0
2024-01-08,21591070000.0,13269984.0,21611724000.0,13248348.0,22187130000.0,12612237.0,23021847000.0,11660667.0
2024-01-09,21582623000.0,12828744.0,21603298000.0,12807872.0,22179318000.0,12194235.0,23014952000.0,11276283.0
2024-01-10,21575265000.0,13168608.0,21595958000.0,13149881.0,22172528000.0,12599318.0,23008987000.0,11775721.0
2024-01-11,21569195000.0,12032520.0,21589910000.0,12010694.0,22167122000.0,11369023.0,23004540000.0,10409134.0
2024-01-12,21561598000.0,12963600.0,21582334000.0,12943427.0,22160138000.0,12350348.0,22998444000.0,11463151.0
2024-01-13,21553930000.0,12852696.0,21574686000.0,12832844.0,22153074000.0,12249202.0,22992252000.0,11376121.0
2024-01-14,21550157000.0,9870288.0,21570936000.0,9847267.1,22150001000.0,9170452.0,22990192000.0,8157992.0
2024-01-15,21542387000.0,12604368.0,21563190000.0,12579434.0,22142988000.0,11846366.0,22984276000.0,10749758.0
2024-01-16,21536139000.0,11119008.0,21556968000.0,11093087.0,22137529000.0,10331023.0,22979956000.0,9191036.0
2024-01-17,21528939000.0,10952472.0,21549793000.0,10927421.0,22131090000.0,10190914.0,22974619000.0,9089159.3
2024-01-18,21520854000.0,12177240.0,21541734000.0,12151743.0,22123780000.0,11402142.0,22968431000.0,10280800.0
2024-01-19,21512719000.0,12838872.0,21533620000.0,12817372.0,22116298000.0,12185274.0,22961895000.0,11239708.0
2024-01-20,21504329000.0,13165440.0,21525251000.0,13145067.0,22108528000.0,12546106.0,22955021000.0,11650110.0
2024-01-21,21495777000.0,13288728.0,21516718000.0,13269268.0,22100568000.0,12697137.0,22947916000.0,11841277.0
2024-01-22,21487591000.0,12228192.0,21508555000.0,12204899.0,22093090000.0,11520081.0,22941462000.0,10495648.0
2024-01-23,21479684000.0,12439224.0,21500674000.0,12413743.0,22085957000.0,11664612.0,22935450000.0,10543973.0
2024-01-24,21469777000.0,13340472.0,21490793000.0,13315110.0,22076822000.0,12569476.0,22927430000.0,11454069.0
2024-01-25,21461046000.0,12334272.0,21482086000.0,12310173.0,22068823000.0,11601654.0,22920492000.0,10541768.0
2024-01-26,21452199000.0,13310832.0,21473258000.0,13291284.0,22060570000.0,12716562.0,22913098000.0,11856825.0
2024-01-27,21442893000.0,13261824.0,21463973000.0,13241423.0,22051885000.0,12641637.0,22905310000.0,11744405.0
2024-01-28,21433666000.0,12798552.0,21454768000.0,12776204.0,22043337000.0,12119179.0,22897745000.0,11136324.0
2024-01-29,21423890000.0,13274880.0,21445012000.0,13254431.0,22034183000.0,12653234.0,22889490000.0,11753893.0
2024-01-30,21415748000.0,12150048.0,21436887000.0,12132761.0,22026566000.0,11624519.0,22882634000.0,10864231.0
2024-01-31,21407360000.0,13116048.0,21428518000.0,13097324.0,22018747000.0,12546841.0,22875639000.0,11723364.0
2024-02-01,21402171000.0,12992712.0,21423340000.0,12981670.0,22013894000.0,12657033.0,22871271000.0,12171403.0
2024-02-02,21393477000.0,13007328.0,21414662000.0,12992066.0,22005664000.0,12543355.0,22863713000.0,11872121.0
2024-02-03,21394927000.0,13113000.0,21416127000.0,13097967.0,22007571000.0,12655999.0,22866281000.0,11994850.0
2024-02-04,21389672000.0,13170096.0,21410884000.0,13157247.0,22002706000.0,12779500.0,22861981000.0,12214421.0
2024-02-05,21384955000.0,13132320.0,21406180000.0,13120024.0,21998363000.0,12758512.0,22858178000.0,12217720.0
2024-02-06,21377209000.0,12612336.0,21398450000.0,12595699.0,21991123000.0,12106583.0,22851670000.0,11374904.0
2024-02-07,21370511000.0,12039192.0,21391768000.0,12023345.0,21984907000.0,11557435.0,22846151000.0,10860473.0
2024-02-08,21364417000.0,11610936.0,21385691000.0,11594236.0,21979320000.0,11103250.0,22841299000.0,10368776.0
2024-02-09,21357621000.0,11616048.0,21378915000.0,11596332.0,21973124000.0,11016680.0,22835970000.0,10149567.0
2024-02-10,21350448000.0,11536800.0,21371766000.0,11512006.0,21966705000.0,10783067.0,22830641000.0,9692632.7
2024-02-11,21343055000.0,11502912.0,21364396000.0,11479682.0,21960017000.0,10796733.0,22824975000.0,9775096.6
2024-02-12,21336073000.0,11172120.0,21357440000.0,11147021.0,21953799000.0,10409115.0,22819861000.0,9305268.3
2024-02-13,21328667000.0,10920144.0,21350058000.0,10895667.0,21947137000.0,10176038.0,22814275000.0,9099531.4
2024-02-14,21321229000.0,11639808.0,21342641000.0,11618939.0,21940333000.0,11005393.0,22808389000.0,10087579.0
2024-02-15,21313559000.0,11659080.0,21334997000.0,11633654.0,21933437000.0,10886140.0,22802611000.0,9767919.4
2024-02-16,21306378000.0,11657424.0,21327839000.0,11634743.0,21926945000.0,10967915.0,22797117000.0,9970394.1
2024-02-17,21298984000.0,11711880.0,21320466000.0,11690321.0,21920207000.0,11056492.0,22791326000.0,10108336.0
2024-02-18,21289135000.0,13356576.0,21310641000.0,13332086.0,21911102000.0,12612067.0,22783299000.0,11534977.0
2024-02-19,21280579000.0,13314840.0,21302109000.0,13291812.0,21903246000.0,12614802.0,22776455000.0,11602051.0
2024-02-20,21270578000.0,13339416.0,21292132000.0,13314571.0,21894000000.0,12584118.0,22768302000.0,11491420.0
2024-02-21,21262122000.0,13324320.0,21283696000.0,13304921.0,21886134000.0,12734579.0,22761289000.0,11881394.0
2024-02-22,21253587000.0,12751848.0,21275183000.0,12729819.0,21878269000.0,12082174.0,22754393000.0,11113349.0
2024-02-23,21245337000.0,12749904.0,21266955000.0,12726707.0,21870723000.0,12044721.0,22747868000.0,11024525.0
2024-02-24,21236499000.0,13247520.0,21258139000.0,13226366.0,21862529000.0,12604427.0,22740604000.0,11674057.0
2024-02-25,21227695000.0,13288032.0,21249353000.0,13269944.0,21854274000.0,12738151.0,22733145000.0,11942632.0
2024-02-26,21218744000.0,13331400.0,21240422000.0,13312124.0,21845910000.0,12745405.0,22725628000.0,11897641.0
2024-02-27,21208828000.0,13182168.0,21230528000.0,13159283.0,21836689000.0,12486458.0,22717414000.0,11479967.0
2024-02-28,21198654000.0,13311024.0,21220378000.0,13287083.0,21827243000.0,12583220.0,22709020000.0,11530298.0
2024-02-29,21189763000.0,13310256.0,21211510000.0,13287397.0,21819047000.0,12615340.0,22701830000.0,11609998.0
2024-03-01,21180526000.0,13316016.0,21202293000.0,13296009.0,21810418000.0,12707803.0,22694081000.0,11827895.0
2024-03-02,21171331000.0,13298232.0,21193122000.0,13274596.0,21801942000.0,12579699.0,22686644000.0,11540190.0
2024-03-03,21162250000.0,13273272.0,21184061000.0,13253340.0,21793467000.0,12667336.0,22679046000.0,11790721.0
2024-03-04,21153479000.0,13317864.0,21175309000.0,13298011.0,21785299000.0,12714346.0,22671751000.0,11841231.0
2024-03-05,21144147000.0,13305624.0,21165998000.0,13285719.0,21776573000.0,12700517.0,22663900000.0,11825103.0
2024-03-06,21134094000.0,13320696.0,21155962000.0,13302793.0,21767063000.0,12776446.0,22655178000.0,11989075.0
2024-03-07,21125234000.0,12938472.0,21147124000.0,12916999.0,21758856000.0,12285704.0,22647915000.0,11341339.0
2024-03-08,21116568000.0,12936600.0,21138475000.0,12919422.0,21750713000.0,12414379.0,22640528000.0,11658876.0
2024-03-09,21109015000.0,13285800.0,21130935000.0,13272576.0,21743562000.0,12883799.0,22633958000.0,12302219.0
2024-03-10,21100390000.0,12977304.0,21122332000.0,12955249.0,21735607000.0,12306835.0,22626973000.0,11336861.0
2024-03-11,21100581000.0,12917472.0,21122538000.0,12902521.0,21736253000.0,12462972.0,22628277000.0,11805443.0
2024-03-12,21092509000.0,13228512.0,21114486000.0,13207997.0,21728804000.0,12604851.0,22621730000.0,11702594.0
2024-03-13,21084036000.0,12972912.0,21106032000.0,12953999.0,21720906000.0,12397967.0,22614664000.0,11566188.0
2024-03-14,21075650000.0,12964224.0,21097664000.0,12946674.0,21713054000.0,12430704.0,22607583000.0,11658855.0
2024-03-15,21066372000.0,12979656.0,21088407000.0,12959232.0,21704397000.0,12358757.0,22599825000.0,11460497.0
2024-03-16,21058196000.0,12474912.0,21080250000.0,12455941.0,21696798000.0,11898201.0,22593060000.0,11063866.0
2024-03-17,21054149000.0,12078720.0,21076217000.0,12064414.0,21693185000.0,11643818.0,22590076000.0,11014641.0
2024-03-18,21045712000.0,13340808.0,21067803000.0,13317587.0,21685454000.0,12634878.0,22583367000.0,11613602.0
2024-03-19,21040515000.0,13298664.0,21062624000.0,13280238.0,21680817000.0,12738515.0,22579540000.0,11928143.0
2024-03-20,21032551000.0,12815712.0,21054675000.0,12801284.0,21673292000.0,12377087.0,22572649000.0,11742525.0
2024-03-21,21023669000.0,13316880.0,21045808000.0,13301644.0,21664873000.0,12853702.0,22564900000.0,12183617.0
2024-03-22,21014576000.0,13299216.0,21036738000.0,13276023.0,21656485000.0,12594140.0,22557533000.0,11574098.0
2024-03-23,21005384000.0,13310400.0,21027564000.0,13293129.0,21647818000.0,12785357.0,22549626000.0,12025772.0
2024-03-24,20995050000.0,13300920.0,21017250000.0,13280358.0,21638109000.0,12675836.0,22540821000.0,11771521.0
2024-03-25,20985706000.0,13311912.0,21007927000.0,13290778.0,21629407000.0,12669435.0,22533048000.0,11739958.0
2024-03-26,20976647000.0,13217952.0,20998890000.0,13196610.0,21620998000.0,12569168.0,22525577000.0,11630565.0
2024-03-27,20968116000.0,11711136.0,20990374000.0,11695756.0,21612934000.0,11243571.0,22518190000.0,10567140.0
2024-03-28,20960842000.0,11481048.0,20983119000.0,11462022.0,21606239000.0,10902653.0,22512332000.0,10065883.0
2024-03-29,20953299000.0,11396904.0,20975596000.0,11376376.0,21599319000.0,10772840.0,22506315000.0,9869999.4
2024-03-30,20942973000.0,13309704.0,20965289000.0,13291467.0,21589548000.0,12755294.0,22497346000.0,11953223.0
2024-03-31,20936933000.0,12994728.0,20959261000.0,12981924.0,21583897000.0,12605496.0,22492258000.0,12042389.0
2024-04-01,20943538000.0,18024.0,20965884000.0,1081.62,21590520000.0,0.0,22498881000.0,0.0
2024-04-02,20953674000.0,241584.0,20976033000.0,228566.19,21600898000.0,0.0,22509259000.0,0.0
2024-04-03,20954374000.0,9007224.0,20976749000.0,8990734.4,21602099000.0,8505940.5,22511185000.0,7780728.3
2024-04-04,20969358000.0,161280.0,20991745000.0,150074.13,21617245000.0,0.0,22526331000.0,0.0
2024-04-05,20978326000.0,132828.0,21000736000.0,109337.13,21626345000.0,0.0,22535431000.0,0.0
2024-04-06,20985348000.0,104376.0,21007777000.0,84470.01,21633471000.0,0.0,22542558000.0,0.0
2024-04-07,20990745000.0,190788.0,21013198000.0,167827.14,21639059000.0,0.0,22548145000.0,0.0
2024-04-08,20995109000.0,277200.0,21017583000.0,256184.85,21643701000.0,0.0,22552787000.0,0.0
2024-04-09,20991033000.0,8528712.0,21013529000.0,8506502.7,21640300000.0,7853548.4,22550363000.0,6876782.0
2024-04-10,20981770000.0,12486144.0,21004290000.0,12461366.0,21631789000.0,11732897.0,22542942000.0,10643166.0
2024-04-11,20973066000.0,13329792.0,20995608000.0,13308953.0,21623720000.0,12696278.0,22535789000.0,11779768.0
2024-04-12,20964156000.0,13165224.0,20986723000.0,13140127.0,21615573000.0,12402279.0,22528746000.0,11298517.0
2024-04-13,20970498000.0,28824.0,20993087000.0,5897.46,21621943000.0,0.0,22535116000.0,0.0
2024-04-14,20975163000.0,182328.0,20997772000.0,163104.51,21626791000.0,0.0,22539964000.0,0.0
2024-04-15,20964983000.0,13305072.0,20987612000.0,13284446.0,21617237000.0,12678056.0,22531317000.0,11770944.0
2024-04-16,20955581000.0,13337904.0,20978230000.0,13317967.0,21608441000.0,12731825.0,22523398000.0,11855005.0
2024-04-17,20945733000.0,13341624.0,20968395000.0,13328564.0,21598990000.0,12944602.0,22514522000.0,12370226.0
2024-04-18,20936929000.0,13277832.0,20959607000.0,13262294.0,21590659000.0,12805465.0,22506874000.0,12122087.0
2024-04-19,20931338000.0,11566872.0,20954028000.0,11554915.0,21585432000.0,11203367.0,22502172000.0,10677481.0
2024-04-20,20923104000.0,13279272.0,20945816000.0,13257065.0,21577873000.0,12604168.0,22495590000.0,11627487.0
2024-04-21,20928851000.0,3486192.0,20951577000.0,3472065.8,21584049000.0,3056755.8,22502387000.0,2435486.0
2024-04-22,20938152000.0,524304.0,20960889000.0,513617.61,21593675000.0,199437.74,22512213000.0,0.0
2024-04-23,20944604000.0,1798128.0,20967362000.0,1776965.8,21600770000.0,1154797.7,22520239000.0,224085.05
2024-04-24,20952220000.0,11808.0,20974990000.0,0.0,21608398000.0,0.0,22527867000.0,0.0
2024-04-25,20960322000.0,63720.0,20983111000.0,44072.58,21616564000.0,0.0,22536032000.0,0.0
2024-04-26,20972301000.0,60336.0,20995106000.0,44426.73,21628603000.0,0.0,22548072000.0,0.0
2024-04-27,20982359000.0,56952.0,21005181000.0,39753.0,21638718000.0,0.0,22558187000.0,0.0
2024-04-28,20992272000.0,5153256.0,21015106000.0,5141166.8,21648998000.0,4785743.7,22568999000.0,4254059.8
2024-04-29,20992725000.0,10249560.0,21015579000.0,10229521.0,21650061000.0,9640375.0,22570942000.0,8759060.7
2024-04-30,20989543000.0,13290720.0,21012415000.0,13272695.0,21647426000.0,12742748.0,22569101000.0,11949990.0
2024-05-01,21002160000.0,5541792.0,21025052000.0,5522515.9,21660630000.0,4955797.3,22583152000.0,4108032.7
2024-05-02,21000765000.0,13255416.0,21023666000.0,13246386.0,21659509000.0,12980914.0,22582429000.0,12583789.0
2024-05-03,21005053000.0,12841896.0,21027970000.0,12825179.0,21664305000.0,12333700.0,22587959000.0,11598489.0
2024-05-04,21030849000.0,8292816.0,21053777000.0,8282447.9,21690416000.0,7977624.2,22614527000.0,7521633.0
2024-05-05,21030846000.0,13216296.0,21053794000.0,13196447.0,21691018000.0,12612897.0,22616001000.0,11739953.0
2024-05-06,21026525000.0,13352904.0,21049494000.0,13332012.0,21687331000.0,12717802.0,22613233000.0,11798993.0
2024-05-07,21026585000.0,12644712.0,21049573000.0,12625664.0,21687971000.0,12065641.0,22614711000.0,11227893.0
2024-05-08,21035127000.0,11072400.0,21058132000.0,11055336.0,21697031000.0,10553653.0,22624521000.0,9803175.2
2024-05-09,21056847000.0,5754336.0,21079863000.0,5742965.5,21719097000.0,5408674.3,22647087000.0,4908601.9
2024-05-10,21066961000.0,7161120.0,21089996000.0,7142581.7,21729774000.0,6597556.9,22658580000.0,5782244.2
2024-05-11,21071622000.0,7296576.0,21094675000.0,7278597.4,21734982000.0,6750026.3,22664578000.0,5959327.0
2024-05-12,21083918000.0,5150208.0,21106984000.0,5136948.8,21747681000.0,4747127.7,22677861000.0,4163987.2
2024-05-13,21091747000.0,3003840.0,21114838000.0,2978657.7,21756275000.0,2238298.1,22687562000.0,1130780.5
2024-05-14,21101074000.0,857472.0,21124184000.0,838724.7,21766172000.0,287554.08,22697747000.0,0.0
2024-05-15,21110579000.0,4782120.0,21133706000.0,4764925.7,21776200000.0,4259412.7,22708531000.0,3503206.5
2024-05-16,21129177000.0,89424.0,21152322000.0,71665.35,21794888000.0,0.0,22727219000.0,0.0
2024-05-17,21139671000.0,1302288.0,21162835000.0,1283430.3,21805955000.0,729014.83,22739015000.0,0.0
2024-05-18,21145270000.0,3750720.0,21168453000.0,3731393.5,21812141000.0,3163195.9,22746051000.0,2313218.6
2024-05-19,21154096000.0,147192.0,21177302000.0,124816.92,21821115000.0,0.0,22755024000.0,0.0
2024-05-20,21152481000.0,8615136.0,21175705000.0,8596744.4,21820058000.0,8056030.8,22754777000.0,7247167.3
2024-05-21,21152415000.0,6622176.0,21175654000.0,6607470.7,21820440000.0,6175133.7,22755805000.0,5528392.8
2024-05-22,21152959000.0,6677496.0,21176216000.0,6659466.7,21821532000.0,6129405.0,22757691000.0,5336475.9
2024-05-23,21155760000.0,6674328.0,21179035000.0,6655839.3,21824894000.0,6112270.6,22761866000.0,5299136.3
2024-05-24,21162570000.0,6572160.0,21185863000.0,6553783.6,21832263000.0,6013517.1,22770043000.0,5205322.6
2024-05-25,21163807000.0,6439368.0,21187119000.0,6421103.9,21834055000.0,5884139.7,22772638000.0,5080885.0
2024-05-26,21163970000.0,6479880.0,21187303000.0,6458003.0,21834883000.0,5814817.7,22774429000.0,4852665.0
2024-05-27,21164642000.0,7199112.0,21187994000.0,7180970.4,21836107000.0,6647606.4,22776450000.0,5849737.6
2024-05-28,21172673000.0,12981792.0,21196046000.0,12960465.0,21844787000.0,12333458.0,22786068000.0,11395508.0
2024-05-29,21183114000.0,13366656.0,21206502000.0,13350911.0,21855706000.0,12887994.0,22797679000.0,12195508.0
2024-05-30,21182065000.0,10392408.0,21205471000.0,10375485.0,21855171000.0,9877952.4,22797889000.0,9133684.2
2024-05-31,21202035000.0,1308000.0,21225461000.0,1287997.7,21875749000.0,699929.47,22819167000.0,0.0
2024-06-01,21210812000.0,1587456.0,21234264000.0,1560640.4,21885342000.0,772261.15,22829532000.0,0.0
2024-06-02,21219748000.0,14352.0,21243215000.0,0.0,21894293000.0,0.0,22838483000.0,0.0
2024-06-03,21230800000.0,63060.0,21254289000.0,41064.0,21905407000.0,0.0,22849597000.0,0.0
2024-06-04,21241920000.0,111768.0,21265424000.0,96854.79,21916639000.0,0.0,22860829000.0,0.0
2024-06-05,21248278000.0,2569248.0,21271800000.0,2551141.1,21923547000.0,2018797.6,22868533000.0,1222455.3
2024-06-06,21244018000.0,10915968.0,21267555000.0,10900918.0,21919745000.0,10458445.0,22865393000.0,9796541.6
2024-06-07,21235466000.0,13271712.0,21259023000.0,13252192.0,21911787000.0,12678295.0,22858294000.0,11819794.0
2024-06-08,21230066000.0,12936048.0,21253645000.0,12913385.0,21907075000.0,12247084.0,22854579000.0,11250352.0
2024-06-09,21230951000.0,10457856.0,21254548000.0,10440636.0,21908484000.0,9934378.0,22856745000.0,9177056.9
2024-06-10,21235234000.0,8311992.0,21258849000.0,8293353.5,21913333000.0,7745381.9,22862414000.0,6925661.1
2024-06-11,21248415000.0,1119336.0,21272047000.0,1101892.9,21927044000.0,589064.54,22876714000.0,0.0
2024-06-12,21253321000.0,3775896.0,21276976000.0,3752845.0,21932651000.0,3075147.1,22883335000.0,2061366.3
2024-06-13,21261270000.0,4185432.0,21284946000.0,4165352.1,21941211000.0,3575002.1,22892777000.0,2691886.8
2024-06-14,21276154000.0,5983608.0,21299845000.0,5968433.5,21956556000.0,5522302.9,22908790000.0,4854927.9
2024-06-15,21301036000.0,813048.0,21324743000.0,796845.06,21981931000.0,320478.62,22934486000.0,0.0
2024-06-16,21315025000.0,10591752.0,21338747000.0,10576116.0,21996395000.0,10116421.0,22949637000.0,9428755.2
2024-06-17,21321126000.0,9852528.0,21344872000.0,9828524.3,22003226000.0,9122814.9,22957523000.0,8067131.3
2024-06-18,21336267000.0,37200.0,21360030000.0,20780.61,22018404000.0,0.0,22972701000.0,0.0
2024-06-19,21350236000.0,54672.0,21374016000.0,37550.61,22032428000.0,0.0,22986725000.0,0.0
2024-06-20,21365824000.0,41168.0,21389624000.0,20935.58,22048057000.0,0.0,23002355000.0,0.0
2024-06-21,21378623000.0,27664.0,21402442000.0,8772.79,22060884000.0,0.0,23015181000.0,0.0
2024-06-22,21390657000.0,14160.0,21414490000.0,0.0,22072931000.0,0.0,23027229000.0,0.0
2024-06-23,21412753000.0,111240.0,21436605000.0,93437.28,22095139000.0,0.0,23049437000.0,0.0
2024-06-24,21424653000.0,208320.0,21448524000.0,188435.46,22107247000.0,0.0,23061545000.0,0.0
2024-06-25,21437962000.0,182040.0,21461853000.0,162250.23,22120738000.0,0.0,23075036000.0,0.0
2024-06-26,21451003000.0,9881424.0,21474913000.0,9861760.6,22134377000.0,9283656.3,23089539000.0,8418859.6
2024-06-27,21466867000.0,4394280.0,21490795000.0,4376111.5,22150793000.0,3841956.4,23106754000.0,3042904.0
2024-06-28,21480083000.0,8189040.0,21504027000.0,8173926.3,22164469000.0,7729584.4,23121096000.0,7064885.2
2024-06-29,21487881000.0,9758568.0,21511846000.0,9738029.4,22172892000.0,9134195.5,23130421000.0,8230909.2
2024-06-30,21494780000.0,7056744.0,21518766000.0,7035940.6,22180423000.0,6424321.2,23138867000.0,5509388.6
2024-07-01,21502958000.0,7610256.0,21526967000.0,7586212.9,22189331000.0,6879345.5,23148833000.0,5821929.5
2024-07-02,21514371000.0,6686376.0,21538398000.0,6668587.3,22201285000.0,6145600.1,23161569000.0,5363254.0
2024-07-03,21527584000.0,12549072.0,21551630000.0,12529581.0,22215091000.0,11956533.0,23176232000.0,11099300.0
2024-07-04,21539241000.0,11483664.0,21563304000.0,11467382.0,22227243000.0,10988676.0,23189100000.0,10272572.0
2024-07-05,21545660000.0,13259808.0,21569731000.0,13251014.0,22233929000.0,12992479.0,23196173000.0,12605731.0
2024-07-06,21551088000.0,9024744.0,21575183000.0,9002027.3,22240048000.0,8334155.7,23203291000.0,7335074.4
2024-07-07,21552599000.0,10637160.0,21576717000.0,10614031.0,22242262000.0,9934051.8,23206523000.0,8916857.7
2024-07-08,21549859000.0,13412400.0,21574004000.0,13385112.0,22240351000.0,12582836.0,23205812000.0,11382696.0
2024-07-09,21548206000.0,12575376.0,21572373000.0,12553161.0,22239374000.0,11900035.0,23205811000.0,10923011.0
2024-07-10,21548129000.0,8882232.0,21572318000.0,8860996.9,22239943000.0,8236684.7,23207314000.0,7302764.5
2024-07-11,21547969000.0,9680088.0,21572180000.0,9657292.5,22240475000.0,8987104.8,23208849000.0,7984558.7
2024-07-12,21550410000.0,10634640.0,21574640000.0,10615707.0,22243492000.0,10059090.0,23212699000.0,9226436.9
2024-07-13,21548654000.0,13054896.0,21572908000.0,13030238.0,22242485000.0,12305289.0,23212777000.0,11220824.0
2024-07-14,21544482000.0,13281360.0,21568762000.0,13255344.0,22239104000.0,12490470.0,23210539000.0,11346281.0
2024-07-15,21541602000.0,11396088.0,21565906000.0,11372468.0,22236943000.0,10678041.0,23209417000.0,9639235.4
2024-07-16,21536556000.0,13398192.0,21560884000.0,13374214.0,22232626000.0,12669273.0,23206154000.0,11614739.0
2024-07-17,21533181000.0,11485896.0,21557532000.0,11462692.0,22229956000.0,10780488.0,23204505000.0,9759966.1
2024-07-18,21532223000.0,9311808.0,21556596000.0,9290137.7,22229657000.0,8653029.4,23205159000.0,7699967.4
2024-07-19,21527017000.0,11730720.0,21551409000.0,11711785.0,22225026000.0,11155087.0,23201362000.0,10322314.0
2024-07-20,21521823000.0,11709072.0,21546241000.0,11682952.0,22220626000.0,10915028.0,23198110000.0,9766276.8
2024-07-21,21516697000.0,11699232.0,21541139000.0,11675081.0,22216234000.0,10965049.0,23194780000.0,9902899.2
2024-07-22,21511228000.0,11698272.0,21535694000.0,11673601.0,22211515000.0,10948273.0,23191146000.0,9863242.3
2024-07-23,21506541000.0,11732496.0,21531031000.0,11709654.0,22207523000.0,11038090.0,23188158000.0,10033486.0
2024-07-24,21500685000.0,11752632.0,21525200000.0,11727564.0,22202429000.0,10990564.0,23184167000.0,9888071.9
2024-07-25,21499388000.0,8228064.0,21523923000.0,8208237.6,22201735000.0,7625340.5,23184345000.0,6753374.1
2024-07-26,21498691000.0,6742296.0,21523245000.0,6723043.3,22201622000.0,6157012.7,23185079000.0,5310277.2
2024-07-27,21501170000.0,6260928.0,21525745000.0,6239787.7,22204744000.0,5618261.7,23189131000.0,4688509.5
2024-07-28,21501421000.0,6601488.0,21526019000.0,6579020.1,22205679000.0,5918463.8,23191053000.0,4930325.6
2024-07-29,21500632000.0,6359928.0,21525257000.0,6332540.6,22205722000.0,5527352.3,23192301000.0,4322856.2
2024-07-30,21499252000.0,6615600.0,21523898000.0,6594451.1,22204985000.0,5972672.8,23192495000.0,5042543.3
2024-07-31,21497738000.0,6726960.0,21522408000.0,6702776.5,22204206000.0,5991781.3,23192779000.0,4928190.5
2024-08-01,21496667000.0,6705384.0,21521358000.0,6683822.5,22203790000.0,6049913.2,23193312000.0,5101636.7
2024-08-02,21494703000.0,6715368.0,21519421000.0,6689048.5,22202627000.0,5915254.0,23193305000.0,4757720.6
2024-08-03,21495625000.0,6710160.0,21520362000.0,6691737.6,22204109000.0,6150118.1,23195598000.0,5339899.7
2024-08-04,21494548000.0,6718632.0,21519307000.0,6696742.9,22203698000.0,6053202.1,23196149000.0,5090517.8
2024-08-05,21498129000.0,5387616.0,21522907000.0,5367544.3,22207888000.0,4777435.1,23201223000.0,3894680.0
2024-08-06,21502918000.0,10959312.0,21527716000.0,10939680.0,22213274000.0,10362505.0,23207472000.0,9499097.2
2024-08-07,21505937000.0,10282920.0,21530754000.0,10265009.0,22216838000.0,9738421.3,23211824000.0,8950689.4
2024-08-08,21503081000.0,10833792.0,21527915000.0,10815747.0,22214530000.0,10285215.0,23210309000.0,9491582.6
2024-08-09,21502251000.0,8872800.0,21527100000.0,8857891.5,22214154000.0,8419580.7,23210589000.0,7763903.5
2024-08-10,21499129000.0,11527704.0,21523998000.0,11508360.0,22211620000.0,10939635.0,23208906000.0,10088868.0
2024-08-11,21495330000.0,11638080.0,21520221000.0,11615396.0,22208511000.0,10948488.0,23206794000.0,9950847.1
2024-08-12,21492383000.0,9282456.0,21517299000.0,9258188.3,22206301000.0,8544716.4,23205652000.0,7477420.8
2024-08-13,21494953000.0,8322000.0,21519893000.0,8296528.7,22209645000.0,7547672.8,23210116000.0,6427445.4
2024-08-14,21498509000.0,3585648.0,21523476000.0,3559325.7,22214002000.0,2785451.0,23215630000.0,1627797.6
2024-08-15,21500700000.0,3779856.0,21525694000.0,3752772.8,22217015000.0,2956527.9,23219835000.0,1765410.6
2024-08-16,21502836000.0,5319744.0,21527853000.0,5297332.3,22219833000.0,4638427.1,23223639000.0,3652758.8
2024-08-17,21501743000.0,8320416.0,21526785000.0,8294918.6,22219515000.0,7545294.4,23224442000.0,6423917.9
2024-08-18,21503650000.0,4556400.0,21528720000.0,4528699.1,22222265000.0,3714292.0,23228410000.0,2496005.6
2024-08-19,21510195000.0,222936.0,21535287000.0,200804.28,22229032000.0,0.0,23235177000.0,0.0
2024-08-20,21507053000.0,8303712.0,21532168000.0,8280680.9,22226590000.0,7603567.8,23233748000.0,6590661.8
2024-08-21,21508556000.0,4212576.0,21533694000.0,4189329.7,22228800000.0,3505887.3,23236980000.0,2483513.2
2024-08-22,21506651000.0,8458320.0,21531810000.0,8437899.2,22227516000.0,7837528.0,23236595000.0,6939421.6
2024-08-23,21516951000.0,5758920.0,21542130000.0,5738388.1,22238440000.0,5134749.0,23248421000.0,4231754.3
2024-08-24,21522080000.0,5064768.0,21547280000.0,5043516.9,22244215000.0,4418734.6,23255131000.0,3484111.2
2024-08-25,21524171000.0,9720888.0,21549387000.0,9705399.9,22246777000.0,9250050.7,23258374000.0,8568885.4
2024-08-26,21523142000.0,8537856.0,21548376000.0,8520514.6,22246276000.0,8010679.0,23258635000.0,7248006.4
2024-08-27,21524976000.0,5418528.0,21550235000.0,5392447.1,22248902000.0,4625669.9,23262409000.0,3478633.6
2024-08-28,21522658000.0,8611800.0,21547943000.0,8586269.8,22247361000.0,7835682.5,23261990000.0,6712865.2
2024-08-29,21529936000.0,172944.0,21555244000.0,150292.8,22254811000.0,0.0,23269441000.0,0.0
2024-08-30,21529272000.0,6723480.0,21554607000.0,6695346.6,22255002000.0,5868223.7,23270869000.0,4630915.5
2024-08-31,21528508000.0,5848104.0,21553866000.0,5825602.6,22254922000.0,5164060.2,23271779000.0,4174446.9
2024-09-01,21540063000.0,126528.0,21565442000.0,106066.26,22266604000.0,0.0,23283461000.0,0.0
2024-09-02,21544291000.0,5740008.0,21569692000.0,5717382.1,22271520000.0,5052182.2,23289372000.0,4057097.3
2024-09-03,21548197000.0,7204320.0,21573618000.0,7184142.6,22276039000.0,6590926.1,23294778000.0,5703522.8
2024-09-04,21548347000.0,7383552.0,21573793000.0,7358195.0,22276960000.0,6612698.6,23296814000.0,5497496.9
2024-09-05,21569349000.0,5377680.0,21594819000.0,5354468.0,22298668000.0,4672034.6,23319543000.0,3651170.0
2024-09-06,21565452000.0,11486376.0,21590948000.0,11460217.0,22295566000.0,10691135.0,23317592000.0,9540651.0
2024-09-07,21576693000.0,2550552.0,21602209000.0,2530467.4,22307418000.0,1939979.9,23330327000.0,1056658.7
2024-09-08,21583293000.0,1864632.0,21608829000.0,1844467.8,22314630000.0,1251641.2,23338426000.0,364821.04
2024-09-09,21583970000.0,5617104.0,21609531000.0,5591977.9,22316071000.0,4853269.3,23340972000.0,3748221.7
2024-09-10,21579616000.0,10487640.0,21605199000.0,10465438.0,22312392000.0,9812701.6,23338269000.0,8836261.2
2024-09-11,21574789000.0,10004544.0,21600396000.0,9981397.5,22308269000.0,9300890.4,23335164000.0,8282907.3
2024-09-12,21573484000.0,8397144.0,21599109000.0,8379551.1,22307499000.0,7862319.8,23335168000.0,7088584.1
2024-09-13,21583677000.0,2448.0,21609304000.0,0.0,22317694000.0,0.0,23345363000.0,0.0
2024-09-14,21590297000.0,503352.0,21615949000.0,478931.76,22324818000.0,0.0,23352487000.0,0.0
2024-09-15,21597634000.0,1004256.0,21623312000.0,977696.22,22332962000.0,196838.69,23360828000.0,0.0
2024-09-16,21596224000.0,9287424.0,21621926000.0,9263785.3,22332271000.0,8568808.1,23361176000.0,7529179.0
2024-09-17,21604067000.0,8141472.0,21629794000.0,8115724.6,22340896000.0,7358750.7,23370934000.0,6226379.6
2024-09-18,21604196000.0,6735168.0,21629951000.0,6708122.3,22341848000.0,5912978.1,23373075000.0,4723507.3
2024-09-19,21605300000.0,5276448.0,21631075000.0,5255551.8,22343587000.0,4641203.5,23375733000.0,3722188.6
2024-09-20,21601780000.0,9992232.0,21627576000.0,9971496.9,22340697000.0,9361884.0,23373755000.0,8449953.0
2024-09-21,21602982000.0,9993312.0,21628799000.0,9972158.4,22342542000.0,9350242.6,23376530000.0,8419907.2
2024-09-22,21613841000.0,9062016.0,21639677000.0,9042731.7,22353987000.0,8475772.4,23388824000.0,7627647.5
2024-09-23,21627756000.0,6626712.0,21653613000.0,6605786.9,22368538000.0,5990590.2,23404295000.0,5070306.0
2024-09-24,21629269000.0,6628584.0,21655150000.0,6604209.8,22370792000.0,5887607.7,23407621000.0,4815629.5
2024-09-25,21637112000.0,4347600.0,21663012000.0,4329000.9,22379201000.0,3782187.4,23416848000.0,2964198.9
2024-09-26,21647600000.0,2491680.0,21673518000.0,2473968.9,22390227000.0,1953263.5,23428653000.0,1174330.6
2024-09-27,21653594000.0,3241872.0,21679530000.0,3223395.4,22396782000.0,2680182.1,23436021000.0,1867579.5
2024-09-28,21664693000.0,12192.0,21690642000.0,0.0,22407894000.0,0.0,23447132000.0,0.0
2024-09-29,21673954000.0,36408.0,21699917000.0,22273.62,22417192000.0,0.0,23456430000.0,0.0
2024-09-30,21682932000.0,65592.0,21708915000.0,45939.9,22426235000.0,0.0,23465474000.0,0.0
2024-10-01,21693476000.0,94776.0,21719479000.0,74324.4,22436874000.0,0.0,23476112000.0,0.0
2024-10-02,21702418000.0,2081040.0,21728441000.0,2061467.5,22446411000.0,1486034.8,23486511000.0,625234.47
2024-10-03,21707963000.0,2666304.0,21734012000.0,2639904.1,22452758000.0,1863747.6,23494019000.0,702680.93
2024-10-04,21715874000.0,1346208.0,21741941000.0,1327925.2,22461225000.0,790410.58,23503276000.0,0.0
2024-10-05,21728019000.0,26112.0,21754107000.0,5133.51,22473397000.0,0.0,23515447000.0,0.0
2024-10-06,21737576000.0,345680.0,21763682000.0,327845.3,22483299000.0,0.0,23525350000.0,0.0
2024-10-07,21750256000.0,665248.0,21776378000.0,648585.25,22496485000.0,158700.4,23538695000.0,0.0
2024-10-08,21762418000.0,984816.0,21788555000.0,970368.84,22509086000.0,545622.34,23551842000.0,0.0
2024-10-09,21774300000.0,1304384.0,21800459000.0,1282187.5,22521643000.0,629611.62,23565028000.0,0.0
2024-10-10,21788243000.0,1623952.0,21814417000.0,1609218.6,22536034000.0,1176056.0,23580067000.0,528080.22
2024-10-11,21795814000.0,1943520.0,21822013000.0,1919125.1,22544348000.0,1201915.3,23589453000.0,129028.08
2024-10-12,21802612000.0,2263088.0,21828835000.0,2238674.4,22551887000.0,1520914.3,23598067000.0,447203.69
2024-10-13,21812361000.0,2902224.0,21838608000.0,2878089.2,22562370000.0,2168527.3,23609611000.0,1107080.6
2024-10-14,21816828000.0,2902224.0,21843097000.0,2881014.2,22567482000.0,2257447.3,23615656000.0,1324642.1
2024-10-15,21823963000.0,927936.0,21850249000.0,910093.89,22575159000.0,385535.86,23623718000.0,0.0
2024-10-16,21830929000.0,835250.4,21857234000.0,816714.87,22582689000.0,271770.29,23631520000.0,0.0
2024-10-17,21840994000.0,742564.8,21867322000.0,719075.1,22593467000.0,28477.92,23642327000.0,0.0
2024-10-18,21850400000.0,649879.2,21876753000.0,625047.9,22603524000.0,0.0,23652383000.0,0.0
2024-10-19,21864129000.0,557193.6,21890498000.0,541163.82,22617740000.0,69888.288,23666669000.0,0.0
2024-10-20,21877440000.0,464508.0,21903830000.0,442994.82,22631515000.0,0.0,23680445000.0,0.0
2024-10-21,21893064000.0,371822.4,21919474000.0,352814.97,22647511000.0,0.0,23696441000.0,0.0
2024-10-22,21909746000.0,279136.8,21936173000.0,261814.17,22664472000.0,0.0,23713401000.0,0.0
2024-10-23,21925065000.0,1080.0,21951493000.0,0.0,22679793000.0,0.0,23728722000.0,0.0
2024-10-24,21941965000.0,1080.0,21968394000.0,0.0,22696693000.0,0.0,23745623000.0,0.0
2024-10-25,21954197000.0,1080.0,21980627000.0,0.0,22708927000.0,0.0,23757856000.0,0.0
2024-10-26,21963781000.0,126120.0,21990231000.0,106580.22,22718637000.0,0.0,23767566000.0,0.0
2024-10-27,21974142000.0,199548.0,22000607000.0,183787.71,22729197000.0,0.0,23778127000.0,0.0
2024-10-28,21982647000.0,272976.0,22009131000.0,253913.58,22737975000.0,0.0,23786904000.0,0.0
2024-10-29,21990080000.0,341832.0,22016585000.0,320945.16,22745750000.0,0.0,23794679000.0,0.0
2024-10-30,21997354000.0,410688.0,22023878000.0,391765.98,22753434000.0,0.0,23802364000.0,0.0
2024-10-31,22005803000.0,479544.0,22032347000.0,460324.02,22762364000.0,0.0,23811293000.0,0.0
2024-11-01,22009017000.0,5984760.0,22035574000.0,5971708.3,22765974000.0,5587987.1,23815477000.0,5013971.6
2024-11-02,22009453000.0,6885720.0,22036026000.0,6869322.1,22766909000.0,6387222.6,23817133000.0,5666041.2
2024-11-03,22008516000.0,8184072.0,22035102000.0,8170702.0,22766378000.0,7777624.6,23817190000.0,7189612.9
2024-11-04,22019561000.0,165744.0,22046159000.0,153673.5,22777589000.0,0.0,23828401000.0,0.0
2024-11-05,22029795000.0,162848.31,22056414000.0,142006.32,22787986000.0,0.0,23838798000.0,0.0
2024-11-06,22038991000.0,159952.62,22065631000.0,138994.8,22797341000.0,0.0,23848154000.0,0.0
2024-11-07,22047609000.0,157056.92,22074265000.0,140551.34,22806116000.0,0.0,23856929000.0,0.0
2024-11-08,22058912000.0,154161.23,22085578000.0,145316.81,22817574000.0,0.0,23868387000.0,0.0
2024-11-09,22072201000.0,151265.54,22098884000.0,133194.11,22831014000.0,0.0,23881826000.0,0.0
2024-11-10,22094920000.0,148369.85,22121620000.0,131121.32,22853881000.0,0.0,23904693000.0,0.0
2024-11-11,22108415000.0,145474.15,22135129000.0,132059.32,22867522000.0,0.0,23918334000.0,0.0
2024-11-12,22131984000.0,90456.0,22158714000.0,74003.07,22891181000.0,0.0,23941993000.0,0.0
2024-11-13,22150248000.0,90456.0,22176995000.0,73831.86,22909536000.0,0.0,23960348000.0,0.0
2024-11-14,22169719000.0,90456.0,22196482000.0,75014.73,22929098000.0,0.0,23979910000.0,0.0
2024-11-15,22185727000.0,90456.0,22212505000.0,75000.69,22945195000.0,0.0,23996008000.0,0.0
2024-11-16,22197688000.0,90456.0,22224480000.0,76906.62,22957247000.0,0.0,24008059000.0,0.0
2024-11-17,22208480000.0,90456.0,22235286000.0,76055.64,22968130000.0,0.0,24018942000.0,0.0
2024-11-18,22217955000.0,90456.0,22244779000.0,72246.12,22977695000.0,0.0,24028507000.0,0.0
2024-11-19,22229644000.0,90456.0,22256484000.0,74817.39,22989474000.0,0.0,24040287000.0,0.0
2024-11-20,22242190000.0,90456.0,22269046000.0,74047.14,23002111000.0,0.0,24052923000.0,0.0
2024-11-21,22258852000.0,90456.0,22285725000.0,73860.72,23018863000.0,0.0,24069676000.0,0.0
2024-11-22,22275808000.0,90456.0,22302694000.0,77143.35,23035910000.0,0.0,24086722000.0,0.0
2024-11-23,22288865000.0,90456.0,22315766000.0,76131.3,23049057000.0,0.0,24099870000.0,0.0
2024-11-24,22302013000.0,90456.0,22328931000.0,73574.46,23062296000.0,0.0,24113108000.0,0.0
2024-11-25,22312104000.0,90456.0,22339042000.0,69447.48,23072477000.0,0.0,24123290000.0,0.0
2024-11-26,22329425000.0,90456.0,22356383000.0,70501.26,23089888000.0,0.0,24140701000.0,0.0
2024-11-27,22347140000.0,90456.0,22374115000.0,74062.74,23107694000.0,0.0,24158507000.0,0.0
2024-11-28,22364364000.0,90456.0,22391357000.0,72943.44,23125009000.0,0.0,24175821000.0,0.0
2024-11-29,22377259000.0,90456.0,22404269000.0,72653.28,23137994000.0,0.0,24188806000.0,0.0
2024-11-30,22387399000.0,90456.0,22414434000.0,66244.41,23148225000.0,0.0,24199037000.0,0.0
2024-12-01,22397556000.0,5712.0,22424596000.0,0.0,23158388000.0,0.0,24209200000.0,0.0
2024-12-02,22406560000.0,248664.0,22433617000.0,231529.74,23167640000.0,0.0,24218452000.0,0.0
2024-12-03,22415267000.0,627840.0,22442340000.0,611068.83,23176856000.0,117996.43,24227787000.0,0.0
2024-12-04,22423155000.0,547848.0,22450248000.0,529016.46,23185293000.0,0.0,24236223000.0,0.0
2024-12-05,22431043000.0,1131624.0,22458156000.0,1111895.9,23193781000.0,531888.24,24245243000.0,0.0
2024-12-06,22438778000.0,1001544.0,22465908000.0,983360.25,23202068000.0,448758.0,24253979000.0,0.0
2024-12-07,22445866000.0,683376.0,22473017000.0,663351.06,23209765000.0,74617.824,24261751000.0,0.0
2024-12-08,22453771000.0,365208.0,22480946000.0,340535.04,23218035000.0,0.0,24270020000.0,0.0
2024-12-09,22461317000.0,47040.0,22488513000.0,25933.98,23225628000.0,0.0,24277614000.0,0.0
2024-12-10,22468200000.0,525960.0,22495414000.0,508563.66,23233037000.0,0.0,24285023000.0,0.0
2024-12-11,22475632000.0,218832.0,22502864000.0,200807.37,23240688000.0,0.0,24292673000.0,0.0
2024-12-12,22482855000.0,610464.0,22510106000.0,591703.83,23248481000.0,40154.832,24300507000.0,0.0
2024-12-13,22488885000.0,803016.0,22516154000.0,784426.26,23255076000.0,237887.9,24307340000.0,0.0
2024-12-14,22495538000.0,674568.0,22522823000.0,658032.78,23262232000.0,171897.31,24314667000.0,0.0
2024-12-15,22506636000.0,503544.0,22533935000.0,490528.14,23273726000.0,107861.86,24326269000.0,0.0
2024-12-16,22516316000.0,500040.0,22543627000.0,488010.45,23283772000.0,134341.68,24336449000.0,0.0
2024-12-17,22522746000.0,1558344.0,22550075000.0,1540449.6,23290746000.0,1014355.2,24344211000.0,227360.76
2024-12-18,22530369000.0,653784.0,22557717000.0,635182.95,23298934000.0,88312.08,24352487000.0,0.0
2024-12-19,22539807000.0,814464.0,22567167000.0,802003.89,23308751000.0,435676.66,24362740000.0,0.0
2024-12-20,22545939000.0,975144.0,22573315000.0,958802.22,23315379000.0,478353.89,24369846000.0,0.0
2024-12-21,22552292000.0,4666656.0,22579681000.0,4653915.1,23322120000.0,4279332.3,24377148000.0,3718987.1
2024-12-22,22568975000.0,4971072.0,22596382000.0,4953499.4,23339337000.0,4436864.4,24395138000.0,3664020.5
2024-12-23,22598894000.0,2965344.0,22626317000.0,2949331.8,23369743000.0,2478572.2,24426248000.0,1774354.3
2024-12-24,22607889000.0,2638949.3,22635326000.0,2624538.8,23379176000.0,2200870.1,24436314000.0,1567096.3
2024-12-25,22615733000.0,2312554.7,22643187000.0,2296038.9,23387522000.0,1810476.8,24445387000.0,1084115.4
2024-12-26,22627185000.0,1986160.0,22654652000.0,1972346.6,23399394000.0,1566232.3,24457866000.0,958718.56
2024-12-27,22638308000.0,1659765.3,22665789000.0,1645870.4,23410939000.0,1237359.8,24470023000.0,626261.18
2024-12-28,22646098000.0,1333370.7,22673595000.0,1317942.7,23419199000.0,864359.16,24478961000.0,185835.28
2024-12-29,22654826000.0,1006976.0,22682337000.0,991958.66,23428383000.0,550448.86,24488695000.0,0.0
2024-12-30,22663619000.0,680581.33,22691142000.0,669235.06,23437521000.0,335654.73,24498169000.0,0.0
2024-12-31,22672255000.0,27792.0,22699794000.0,11672.13,23446185000.0,0.0,24506832000.0,0.0
2025-01-01,22679971000.0,27792.0,22707524000.0,14250.81,23453929000.0,0.0,24514576000.0,0.0
2025-01-02,22676920000.0,12564696.0,22704491000.0,12546752.0,23451423000.0,12019201.0,24512860000.0,11230029.0
2025-01-03,22675294000.0,11764440.0,22702877000.0,11751683.0,23450185000.0,11376630.0,24512183000.0,10815582.0
2025-01-04,22680221000.0,11309592.0,22707821000.0,11293147.0,23455612000.0,10809672.0,24518333000.0,10086432.0
2025-01-05,22697058000.0,58320.0,22724675000.0,41127.63,23472507000.0,0.0,24535229000.0,0.0
2025-01-06,22707958000.0,513456.0,22735595000.0,493326.54,23483921000.0,0.0,24546642000.0,0.0
2025-01-07,22716096000.0,968592.0,22743752000.0,949740.96,23492631000.0,395520.38,24555748000.0,0.0
2025-01-08,22724416000.0,598632.0,22752091000.0,579561.78,23501531000.0,18897.312,24564667000.0,0.0
2025-01-09,22733282000.0,228672.0,22760974000.0,212190.99,23510626000.0,0.0,24573762000.0,0.0
2025-01-10,22729171000.0,11411328.0,22756881000.0,11392843.0,23507076000.0,10849377.0,24571025000.0,10036397.0
2025-01-11,22737343000.0,120.0,22765054000.0,0.0,23515249000.0,0.0,24579198000.0,0.0
2025-01-12,22744178000.0,68112.0,22771911000.0,45151.92,23522152000.0,0.0,24586101000.0,0.0
2025-01-13,22737355000.0,13173984.0,22765113000.0,13149575.0,23516071000.0,12431953.0,24581094000.0,11358448.0
2025-01-14,22733222000.0,10397160.0,22761003000.0,10373733.0,23512650000.0,9684970.1,24578703000.0,8654637.4
2025-01-15,22738726000.0,1705632.0,22766531000.0,1681620.9,23518884000.0,975693.65,24585913000.0,0.0
2025-01-16,22731974000.0,13346448.0,22759801000.0,13323961.0,23512816000.0,12662831.0,24580833000.0,11673835.0
2025-01-17,22725864000.0,13404672.0,22753714000.0,13382330.0,23507385000.0,12725489.0,24576385000.0,11742908.0
2025-01-18,22723276000.0,9518784.0,22751151000.0,9493333.4,23505570000.0,8745085.2,24575689000.0,7625766.9
2025-01-19,22719176000.0,10805952.0,22747073000.0,10783844.0,23502143000.0,10133883.0,24573234000.0,9161593.2
2025-01-20,22712252000.0,12596016.0,22740173000.0,12572302.0,23495940000.0,11875124.0,24568074000.0,10832201.0
2025-01-21,22704479000.0,12687864.0,22732424000.0,12663908.0,23488895000.0,11959597.0,24562083000.0,10906006.0
2025-01-22,22696376000.0,13328904.0,22724345000.0,13304954.0,23481520000.0,12600815.0,24555761000.0,11547481.0
2025-01-23,22688614000.0,12663792.0,22716608000.0,12639107.0,23474509000.0,11913366.0,24549835000.0,10827718.0
2025-01-24,22680345000.0,13313832.0,22708352000.0,13301151.0,23466625000.0,12928334.0,24542510000.0,12370630.0
2025-01-25,22672535000.0,13365744.0,22700558000.0,13348817.0,23459329000.0,12851170.0,24535958000.0,12106730.0
2025-01-26,22666314000.0,13335000.0,22694356000.0,13316172.0,23453681000.0,12762640.0,24531138000.0,11934600.0
2025-01-27,22660697000.0,13365048.0,22688758000.0,13345076.0,23448670000.0,12757890.0,24527006000.0,11879509.0
2025-01-28,22657979000.0,13345800.0,22686060000.0,13326629.0,23446536000.0,12762995.0,24525714000.0,11919844.0
2025-01-29,22656787000.0,13346328.0,22684890000.0,13324052.0,23446021000.0,12669137.0,24526179000.0,11689438.0
2025-01-30,22664202000.0,12996936.0,22692328000.0,12974896.0,23454106000.0,12326918.0,24535234000.0,11357596.0
2025-01-31,22666455000.0,13289424.0,22694601000.0,13269016.0,23456979000.0,12669035.0,24539005000.0,11771512.0
2025-02-01,22662599000.0,13281408.0,22690763000.0,13262555.0,23453696000.0,12708277.0,24536551000.0,11879123.0
2025-02-02,22656975000.0,13094616.0,22685157000.0,13077083.0,23448606000.0,12561606.0,24532231000.0,11790494.0
2025-02-03,22653737000.0,13205616.0,22681935000.0,13189637.0,23445853000.0,12719840.0,24530181000.0,12017063.0
2025-02-04,22650994000.0,12130320.0,22679209000.0,12114088.0,23443604000.0,11636861.0,24528646000.0,10922970.0
2025-02-05,22649691000.0,13006776.0,22677916000.0,12995618.0,23442639000.0,12667576.0,24528172000.0,12176851.0
2025-02-06,22646346000.0,12234480.0,22674589000.0,12217269.0,23439818000.0,11711263.0,24526108000.0,10954319.0
2025-02-07,22644560000.0,13316640.0,22672821000.0,13299113.0,23438565000.0,12783808.0,24525626000.0,12012953.0
2025-02-08,22657677000.0,19968.0,22685950000.0,7111.26,23451702000.0,0.0,24538763000.0,0.0
2025-02-09,22675039000.0,1888260.0,22703320000.0,1880659.7,23469295000.0,1657210.3,24556690000.0,1322948.2
2025-02-10,22680336000.0,3756552.0,22708634000.0,3739490.7,23475111000.0,3237887.6,24563256000.0,2487530.3
2025-02-11,22679589000.0,13348944.0,22707895000.0,13340378.0,23474624000.0,13088527.0,24563146000.0,12711779.0
2025-02-12,22677924000.0,12637632.0,22706245000.0,12622642.0,23473415000.0,12181935.0,24562596000.0,11522673.0
2025-02-13,22674495000.0,13215168.0,22702832000.0,13199565.0,23470461000.0,12740833.0,24560328000.0,12054608.0
2025-02-14,22672678000.0,13353672.0,22701030000.0,13339222.0,23469082000.0,12914395.0,24559586000.0,12278889.0
2025-02-15,22670752000.0,13155432.0,22699118000.0,13141046.0,23467593000.0,12718112.0,24558729000.0,12085436.0
2025-02-16,22670474000.0,13149144.0,22698853000.0,13136001.0,23467715000.0,12749585.0,24559429000.0,12171539.0
2025-02-17,22677329000.0,13246488.0,22705724000.0,13230104.0,23475068000.0,12748417.0,24567503000.0,12027854.0
2025-02-18,22679460000.0,13196856.0,22707871000.0,13181296.0,23477672000.0,12723825.0,24570791000.0,12039487.0
2025-02-19,22679252000.0,10535424.0,22707677000.0,10521078.0,23477901000.0,10099301.0,24571650000.0,9468357.4
2025-02-20,22676438000.0,13301760.0,22704883000.0,13282184.0,23475682000.0,12706636.0,24570292000.0,11845664.0
2025-02-21,22676271000.0,13294992.0,22704733000.0,13277492.0,23476046000.0,12762978.0,24571427000.0,11993307.0
2025-02-22,22679471000.0,8468064.0,22707948000.0,8453685.1,23479684000.0,8030945.1,24575696000.0,7398560.7
2025-02-23,22675692000.0,13343808.0,22704185000.0,13326992.0,23476416000.0,12832601.0,24573168000.0,12093032.0
2025-02-24,22671506000.0,13337760.0,22700015000.0,13322298.0,23472700000.0,12867717.0,24570133000.0,12187701.0
2025-02-25,22681354000.0,8288424.0,22709876000.0,8275553.2,23482939000.0,7897152.3,24580937000.0,7331095.4
2025-02-26,22681983000.0,7963560.0,22710524000.0,7944762.4,23484140000.0,7392112.7,24582965000.0,6565393.8
2025-02-27,22677956000.0,12587544.0,22706514000.0,12569800.0,23480652000.0,12048132.0,24580257000.0,11267758.0
2025-02-28,22675096000.0,13226760.0,22703668000.0,13213167.0,23478205000.0,12813543.0,24578408000.0,12215737.0
2025-03-01,22674772000.0,8764392.0,22703363000.0,8745476.2,23478457000.0,8189352.3,24579492000.0,7357436.3
2025-03-02,22672077000.0,13256208.0,22700688000.0,13235822.0,23476381000.0,12636471.0,24578313000.0,11739891.0
2025-03-03,22672688000.0,13229952.0,22701315000.0,13214136.0,23477473000.0,12749132.0,24580101000.0,12053524.0
2025-03-04,22679821000.0,8056200.0,22708465000.0,8040243.9,23485091000.0,7571135.5,24588420000.0,6869387.5
2025-03-05,22686234000.0,8122824.0,22714892000.0,8108020.4,23491954000.0,7672794.0,24595934000.0,7021730.7
2025-03-06,22687729000.0,7528896.0,22716402000.0,7514317.0,23493893000.0,7085695.0,24598514000.0,6444511.5
2025-03-07,22689716000.0,8068584.0,22718404000.0,8053727.7,23496331000.0,7616953.4,24601606000.0,6963574.6
2025-03-08,22684323000.0,13321728.0,22713032000.0,13300110.0,23491595000.0,12664550.0,24597821000.0,11713803.0
2025-03-09,22684155000.0,8527368.0,22712885000.0,8506276.0,23492068000.0,7886171.8,24599221000.0,6958546.5
2025-03-10,22680550000.0,10612416.0,22709301000.0,10591521.0,23489099000.0,9977195.2,24597171000.0,9058214.7
2025-03-11,22681685000.0,7277496.0,22710454000.0,7260221.3,23490759000.0,6752346.3,24599591000.0,5992606.8
2025-03-12,22677504000.0,13198008.0,22706286000.0,13183513.0,23487018000.0,12757368.0,24596487000.0,12119889.0
2025-03-13,22674053000.0,12155640.0,22702854000.0,12137372.0,23484122000.0,11600293.0,24594395000.0,10796867.0
2025-03-14,22672781000.0,13301976.0,22701597000.0,13287282.0,23483298000.0,12855266.0,24594217000.0,12209005.0
2025-03-15,22669312000.0,13304400.0,22698145000.0,13286545.0,23480371000.0,12761609.0,24592075000.0,11976347.0
2025-03-16,22668243000.0,13178448.0,22697096000.0,13158792.0,23479900000.0,12580906.0,24592468000.0,11716435.0
2025-03-17,22670455000.0,12241224.0,22699326000.0,12224015.0,23482635000.0,11718066.0,24595961000.0,10961208.0
2025-03-18,22669033000.0,12922824.0,22697920000.0,12905847.0,23481729000.0,12406720.0,24595801000.0,11660068.0
2025-03-19,22665084000.0,13252152.0,22693993000.0,13231113.0,23478420000.0,12612556.0,24593417000.0,11687247.0
2025-03-20,22664312000.0,10011144.0,22693239000.0,9992189.2,23478223000.0,9434918.7,24594055000.0,8601287.5
2025-03-21,22662228000.0,13027368.0,22691176000.0,13006735.0,23476767000.0,12400114.0,24593505000.0,11492660.0
2025-03-22,22659671000.0,13276392.0,22688641000.0,13254038.0,23474889000.0,12596818.0,24592611000.0,11613671.0
2025-03-23,22654249000.0,13245552.0,22683241000.0,13223091.0,23470150000.0,12562729.0,24588860000.0,11574883.0
2025-03-24,22649011000.0,13216584.0,22678026000.0,13194617.0,23465580000.0,12548783.0,24585256000.0,11582668.0
2025-03-25,22643483000.0,13234032.0,22672511000.0,13220380.0,23460467000.0,12819001.0,24580743000.0,12218571.0
2025-03-26,22637598000.0,12483576.0,22666647000.0,12462743.0,23455215000.0,11850264.0,24576408000.0,10934045.0
2025-03-27,22636775000.0,7745664.0,22665844000.0,7725918.3,23454992000.0,7145394.7,24577053000.0,6276978.8
2025-03-28,22632283000.0,13355184.0,22661365000.0,13341989.0,23450902000.0,12954060.0,24573543000.0,12373750.0
2025-03-29,22629476000.0,13351152.0,22658574000.0,13335503.0,23448571000.0,12875418.0,24571900000.0,12187169.0
2025-03-30,22631759000.0,7182168.0,22660869000.0,7169910.3,23451226000.0,6809533.9,24575095000.0,6270440.3
2025-03-31,22628479000.0,10818096.0,22657605000.0,10802441.0,23448423000.0,10342172.0,24572980000.0,9653648.8
2025-04-01,22639151000.0,5720976.0,22668294000.0,5703648.7,23459621000.0,5194225.8,24584940000.0,4432170.7
2025-04-02,22645461000.0,5128656.0,22674622000.0,5111323.2,23466458000.0,4601739.8,24592539000.0,3839444.6
2025-04-03,22644151000.0,11646408.0,22673326000.0,11631911.0,23465589000.0,11205709.0,24592308000.0,10568144.0
2025-04-04,22644531000.0,11586360.0,22673722000.0,11570235.0,23466459000.0,11096150.0,24593887000.0,10386958.0
2025-04-05,22646117000.0,11438016.0,22675325000.0,11421645.0,23468543000.0,10940325.0,24596691000.0,10220310.0
2025-04-06,22654229000.0,6556008.0,22683451000.0,6541730.1,23477089000.0,6121959.8,24605865000.0,5494017.8
2025-04-07,22660938000.0,8095320.0,22690182000.0,8073017.1,23484476000.0,7417310.9,24614232000.0,6436428.1
2025-04-08,22673769000.0,5786112.0,22703029000.0,5769852.9,23497800000.0,5291835.4,24628272000.0,4576760.1
2025-04-09,22678465000.0,7711008.0,22707741000.0,7695005.1,23502983000.0,7224520.8,24634159000.0,6520714.5
2025-04-10,22700675000.0,9038280.0,22729966000.0,9023529.4,23525642000.0,8589862.4,24657466000.0,7941131.9
2025-04-11,22717722000.0,11464032.0,22747033000.0,11443888.0,23543301000.0,10851670.0,24676012000.0,9965758.5
2025-04-12,22755376000.0,293616.0,22784710000.0,270198.06,23581248000.0,0.0,24713959000.0,0.0
2025-04-13,22774649000.0,907080.0,22804008000.0,882451.89,23601270000.0,158385.46,24734139000.0,0.0
2025-04-14,22788727000.0,1520544.0,22818111000.0,1495052.0,23616123000.0,745588.42,24749737000.0,0.0
2025-04-15,22788555000.0,11627136.0,22817962000.0,11604624.0,23616636000.0,10942784.0,24751240000.0,9952724.7
2025-04-16,22788000000.0,11448408.0,22817429000.0,11427460.0,23616718000.0,10811599.0,24752244000.0,9890319.6
2025-04-17,22798627000.0,2562216.0,22828074000.0,2543532.7,23627913000.0,1994242.5,24764260000.0,1172549.2
2025-04-18,22805092000.0,3903792.0,22834562000.0,3880994.9,23635071000.0,3210761.4,24772421000.0,2208146.7
2025-04-19,22819292000.0,2135856.0,22848783000.0,2115047.9,23649903000.0,1503291.0,24788169000.0,588152.5
2025-04-20,22829853000.0,11662392.0,22859363000.0,11642876.0,23661058000.0,11069118.0,24800181000.0,10210822.0
2025-04-21,22837589000.0,7973976.0,22867114000.0,7959298.7,23669239000.0,7527787.3,24809008000.0,6882281.4
2025-04-22,22837997000.0,11696616.0,22867536000.0,11681963.0,23670093000.0,11251162.0,24810507000.0,10606720.0
2025-04-23,22848322000.0,11004960.0,22877880000.0,10986366.0,23680983000.0,10439690.0,24822214000.0,9621907.0
2025-04-24,22863818000.0,9715152.0,22893396000.0,9695334.2,23697082000.0,9112689.4,24839184000.0,8241100.3
2025-04-25,22876773000.0,11602488.0,22906368000.0,11585268.0,23710560000.0,11079010.0,24853420000.0,10321689.0
2025-04-26,22885473000.0,8671440.0,22915084000.0,8654579.9,23719772000.0,8158893.3,24863374000.0,7417386.5
2025-04-27,22906033000.0,11349240.0,22935662000.0,11331440.0,23740874000.0,10808120.0,24885258000.0,10025277.0
2025-04-28,22924838000.0,5913336.0,22954483000.0,5897502.8,23760160000.0,5432006.1,24905241000.0,4735661.1
2025-04-29,22952789000.0,6813528.0,22982452000.0,6796095.0,23788641000.0,6283564.8,24934489000.0,5516861.5
2025-04-30,22977168000.0,11122272.0,23006848000.0,11105132.0,23813542000.0,10601213.0,24960143000.0,9847390.6
2025-05-01,22992115000.0,9057576.0,23021810000.0,9042988.4,23828932000.0,8614114.2,24976175000.0,7972553.3
2025-05-02,23005755000.0,8847840.0,23035465000.0,8832444.8,23843040000.0,8379824.4,24990960000.0,7702741.3
2025-05-03,23018203000.0,10263648.0,23047927000.0,10249844.0,23855908000.0,9844004.9,25004435000.0,9236902.8
2025-05-04,23026475000.0,10758888.0,23056216000.0,10741638.0,23864704000.0,10234473.0,25013990000.0,9475797.3
2025-05-05,23046136000.0,4990296.0,23075894000.0,4973097.8,23884888000.0,4467470.1,25034930000.0,3711092.4
2025-05-06,23063299000.0,9085656.0,23093076000.0,9067200.8,23902612000.0,8524618.2,25053465000.0,7712959.0
2025-05-07,23083491000.0,6904056.0,23113280000.0,6891164.5,23923195000.0,6512155.9,25074616000.0,5945189.9
2025-05-08,23097172000.0,9958104.0,23126977000.0,9942880.7,23937339000.0,9495316.9,25089430000.0,8825797.9
2025-05-09,23113851000.0,4203216.0,23143681000.0,4178500.1,23954770000.0,3451853.9,25107947000.0,2364850.3
2025-05-10,23129864000.0,642648.0,23159720000.0,615751.26,23971425000.0,0.0,25124603000.0,0.0
2025-05-11,23132622000.0,9722088.0,23162499000.0,9700870.8,23974828000.0,9077086.0,25128938000.0,8143954.9
2025-05-12,23139607000.0,5159784.0,23169510000.0,5134286.6,23982588000.0,4384662.4,25137820000.0,3263285.9
2025-05-13,23144108000.0,6601368.0,23174026000.0,6586209.5,23987550000.0,6140549.0,25143448000.0,5473877.3
2025-05-14,23152381000.0,3734448.0,23182316000.0,3717778.6,23996330000.0,3227698.8,25152961000.0,2494579.5
2025-05-15,23161165000.0,6618072.0,23191114000.0,6603271.1,24005564000.0,6168124.9,25162846000.0,5517181.8
2025-05-16,23180195000.0,3146064.0,23210161000.0,3130524.4,24025067000.0,2673661.7,25183033000.0,1990232.3
2025-05-17,23211585000.0,6652344.0,23241566000.0,6636671.5,24056933000.0,6175898.8,25215588000.0,5486620.5
2025-05-18,23237748000.0,6577464.0,23267745000.0,6561275.1,24083588000.0,6085321.4,25242955000.0,5373333.6
2025-05-19,23271972000.0,6634320.0,23301989000.0,6614377.7,24118419000.0,6028075.3,25278663000.0,5151014.7
2025-05-20,23309537000.0,2659608.0,23339574000.0,2640302.2,24156571000.0,2072712.3,25317664000.0,1223644.1
2025-05-21,23337345000.0,3105600.0,23367402000.0,3085455.3,24184991000.0,2493202.0,25346970000.0,1607239.4
2025-05-22,23361142000.0,5685792.0,23391219000.0,5665458.2,24209406000.0,5067643.9,25372280000.0,4173362.5
2025-05-23,23382785000.0,3400536.0,23412886000.0,3376672.7,24231774000.0,2675091.1,25395697000.0,1625582.3
2025-05-24,23395534000.0,6622248.0,23425657000.0,6599318.7,24245220000.0,5925198.2,25410151000.0,4916768.9
2025-05-25,23403372000.0,4403184.0,23433520000.0,4378901.4,24253797000.0,3664993.9,25419796000.0,2597046.4
2025-05-26,23413809000.0,6628368.0,23443974000.0,6610832.0,24264766000.0,6095274.8,25431537000.0,5324043.3
2025-05-27,23436793000.0,4339968.0,23466974000.0,4324749.4,24288213000.0,3877323.2,25455653000.0,3208010.0
2025-05-28,23453405000.0,6608064.0,23483611000.0,6582295.9,24305608000.0,5824714.4,25474181000.0,4691434.2
2025-05-29,23466272000.0,6608256.0,23496504000.0,6583161.1,24319238000.0,5845369.8,25488915000.0,4741694.4
2025-05-30,23482334000.0,4950264.0,23512586000.0,4930014.4,24335916000.0,4334676.8,25506483000.0,3444100.2
2025-05-31,23490390000.0,3593784.0,23520664000.0,3571577.4,24344647000.0,2918703.4,25516192000.0,1942057.1
2025-06-01,23498969000.0,3035760.0,23529261000.0,3017597.7,24353778000.0,2483626.1,25526121000.0,1684848.1
2025-06-02,23500788000.0,6632208.0,23531100000.0,6611915.5,24356214000.0,6015316.6,25529449000.0,5122853.3
2025-06-03,23514378000.0,5463216.0,23544714000.0,5440320.7,24370500000.0,4767197.7,25544743000.0,3760260.6
2025-06-04,23534412000.0,4905960.0,23564769000.0,4884067.7,24391199000.0,4240435.3,25566404000.0,3277613.7
2025-06-05,23543303000.0,6634944.0,23573678000.0,6617059.0,24400635000.0,6091239.7,25576626000.0,5304657.0
2025-06-06,23554162000.0,6637440.0,23584557000.0,6617519.2,24412099000.0,6031847.4,25588967000.0,5155730.2
2025-06-07,23563982000.0,3534168.0,23594404000.0,3507150.4,24422740000.0,2712831.7,25600797000.0,1524595.9
2025-06-08,23570120000.0,3615864.0,23600566000.0,3591346.3,24429623000.0,2870524.7,25608758000.0,1792234.5
2025-06-09,23575171000.0,6643152.0,23605633000.0,6627145.6,24435161000.0,6156558.0,25614999000.0,5452597.5
2025-06-10,23585838000.0,4252896.0,23616320000.0,4233934.6,24446405000.0,3676469.1,25627077000.0,2842546.3
2025-06-11,23606935000.0,2979720.0,23637432000.0,2964694.5,24467959000.0,2522943.9,25649292000.0,1862121.1
2025-06-12,23625535000.0,1189176.0,23656047000.0,1174345.1,24487009000.0,738316.03,25668995000.0,86052.17
2025-06-13,23650863000.0,6639792.0,23681388000.0,6625890.5,24512759000.0,6217184.9,25695356000.0,5605794.7
2025-06-14,23676130000.0,6604632.0,23706671000.0,6588897.1,24538505000.0,6126289.8,25721794000.0,5434267.2
2025-06-15,23693873000.0,3074496.0,23724436000.0,3052425.1,24556919000.0,2403541.2,25741179000.0,1432863.9
2025-06-16,23712992000.0,5643960.0,23743571000.0,5628013.3,24576523000.0,5159180.0,25761484000.0,4457843.7
2025-06-17,23737132000.0,6602280.0,23767734000.0,6578984.9,24601371000.0,5894109.3,25787356000.0,4869591.2
2025-06-18,23763521000.0,384456.0,23794148000.0,360120.0,24628144000.0,0.0,25814130000.0,0.0
2025-06-19,23779385000.0,8976504.0,23810039000.0,8949660.3,24644825000.0,8160455.5,25831991000.0,6979869.6
2025-06-20,23791944000.0,9781080.0,23822622000.0,9757280.3,24658107000.0,9057567.6,25846320000.0,8010854.6
2025-06-21,23802211000.0,1429536.0,23832909000.0,1408104.3,24669025000.0,778013.23,25858016000.0,0.0
2025-06-22,23812300000.0,6203256.0,23843013000.0,6189232.0,24679541000.0,5776926.1,25869149000.0,5160150.1
2025-06-23,23842027000.0,5440584.0,23872755000.0,5424824.5,24709747000.0,4961494.9,25900047000.0,4268391.6
2025-06-24,23862346000.0,8642664.0,23893087000.0,8630003.8,24730450000.0,8257794.5,25921308000.0,7700999.8
2025-06-25,23875884000.0,3269328.0,23906651000.0,3244499.8,24744744000.0,2514551.3,25936693000.0,1422608.0
2025-06-26,23878717000.0,9331056.0,23909507000.0,9307103.0,24748305000.0,8602884.2,25941308000.0,7549430.4
2025-06-27,23890854000.0,2220144.0,23921664000.0,2199643.6,24761065000.0,1596933.4,25954969000.0,695327.97
2025-06-28,23893961000.0,9735360.0,23924792000.0,9714332.0,24764811000.0,9096108.2,25959640000.0,8171295.9
2025-06-29,23900204000.0,7498488.0,23931058000.0,7476018.5,24771738000.0,6815416.4,25967555000.0,5827209.6
2025-06-30,23910460000.0,1425768.0,23941339000.0,1401513.5,24782731000.0,688431.5,25979237000.0,0.0
2025-07-01,23910119000.0,10362576.0,23941017000.0,10342154.0,24783010000.0,9741760.3,25980414000.0,8843619.6
2025-07-02,23911636000.0,8692464.0,23942558000.0,8668570.7,24785254000.0,7966106.2,25983708000.0,6915276.6
2025-07-03,23910608000.0,10188912.0,23941550000.0,10169518.0,24784816000.0,9599336.8,25984123000.0,8746392.2
2025-07-04,23910031000.0,9181824.0,23940991000.0,9164015.8,24784780000.0,8640455.3,25984871000.0,7857251.6
2025-07-05,23919922000.0,5637768.0,23950904000.0,5615744.7,24795340000.0,4968259.7,25996399000.0,3999674.9
2025-07-06,23919953000.0,8934912.0,23950954000.0,8916231.4,24795939000.0,8367021.5,25997820000.0,7545448.2
2025-07-07,23919016000.0,9952200.0,23950044000.0,9925072.8,24795827000.0,9127532.2,25998901000.0,7934476.6
2025-07-08,23915658000.0,11401080.0,23946708000.0,11378838.0,24793145000.0,10724920.0,25997198000.0,9746713.3
2025-07-09,23913619000.0,10479864.0,23944689000.0,10459311.0,24791730000.0,9855064.7,25996687000.0,8951160.9
2025-07-10,23919369000.0,6589272.0,23950460000.0,6568272.8,24798119000.0,5950897.5,26003998000.0,5027354.5
2025-07-11,23926114000.0,6543264.0,23957224000.0,6524518.7,24805434000.0,5973405.4,26012138000.0,5148984.9
2025-07-12,23923670000.0,10929336.0,23954803000.0,10905630.0,24803710000.0,10208669.0,26011457000.0,9166072.6
2025-07-13,23921237000.0,10637736.0,23952392000.0,10616381.0,24801927000.0,9988548.9,26010612000.0,9049363.0
2025-07-14,23922093000.0,9474792.0,23953272000.0,9450710.7,24803515000.0,8742719.6,26013260000.0,7683622.7
2025-07-15,23923088000.0,11242176.0,23954292000.0,11216715.0,24805284000.0,10468157.0,26016148000.0,9348375.7
2025-07-16,23930895000.0,11572008.0,23962124000.0,11547826.0,24813826000.0,10836865.0,26025754000.0,9773325.6
2025-07-17,23927291000.0,11629080.0,23958545000.0,11603592.0,24810997000.0,10854243.0,26024046000.0,9733278.1
2025-07-18,23923869000.0,10723104.0,23955148000.0,10698730.0,24808316000.0,9982127.7,26022438000.0,8910149.5
2025-07-19,23924567000.0,6774240.0,23955868000.0,6751218.3,24809713000.0,6074380.3,26024847000.0,5061886.0
2025-07-20,23919844000.0,11653224.0,23951170000.0,11628588.0,24805739000.0,10904280.0,26021957000.0,9820776.0
2025-07-21,23917539000.0,11696904.0,23948885000.0,11677426.0,24804027000.0,11104768.0,26021100000.0,10248118.0
2025-07-22,23932120000.0,11637168.0,23963486000.0,11617488.0,24819206000.0,11038891.0,26037146000.0,10173356.0
2025-07-23,23938745000.0,11140728.0,23970131000.0,11121257.0,24826424000.0,10548817.0,26045219000.0,9692493.6
2025-07-24,23933989000.0,11628288.0,23965397000.0,11605419.0,24822362000.0,10933064.0,26042164000.0,9927276.2
2025-07-25,23929581000.0,11046672.0,23961009000.0,11027002.0,24818552000.0,10448703.0,26039219000.0,9583614.4
2025-07-26,23927897000.0,11002416.0,23959344000.0,10982599.0,24817470000.0,10399977.0,26039009000.0,9528422.3
2025-07-27,23930756000.0,11634384.0,23962228000.0,11610082.0,24821068000.0,10895589.0,26043675000.0,9826767.0
2025-07-28,23934544000.0,11528640.0,23966040000.0,11503832.0,24825611000.0,10774480.0,26049309000.0,9683428.4
2025-07-29,23946305000.0,5343672.0,23977821000.0,5324035.5,24837969000.0,4746722.4,26062530000.0,3883109.1
2025-07-30,23957065000.0,6190152.0,23988605000.0,6165830.8,24849468000.0,5450788.1,26075099000.0,4381142.6
2025-07-31,23958398000.0,6810408.0,23989963000.0,6786267.8,24851535000.0,6076545.3,26078228000.0,5014858.4
2025-08-01,23962209000.0,11748024.0,23993799000.0,11723216.0,24856100000.0,10993864.0,26083884000.0,9902812.4
2025-08-02,23968132000.0,10573224.0,23999739000.0,10556032.0,24862546000.0,10050576.0,26091086000.0,9294455.5
2025-08-03,23969264000.0,9138624.0,24000893000.0,9115500.9,24864380000.0,8435681.8,26093937000.0,7418727.8
2025-08-04,23967291000.0,8525376.0,23998940000.0,8505818.3,24863002000.0,7930821.3,26093419000.0,7070672.8
2025-08-05,23965439000.0,7953552.0,23997110000.0,7931190.2,24861830000.0,7273752.7,26093230000.0,6290279.8
2025-08-06,23962487000.0,10294176.0,23994183000.0,10270402.0,24859601000.0,9571434.2,26092047000.0,8525836.1
2025-08-07,23962173000.0,10601688.0,23993884000.0,10586059.0,24859762000.0,10126559.0,26092895000.0,9439184.4
2025-08-08,23970188000.0,5772456.0,24001919000.0,5752713.0,24868377000.0,5172269.7,26102379000.0,4303973.9
2025-08-09,23976397000.0,6076776.0,24008147000.0,6056827.1,24875192000.0,5470329.7,26110071000.0,4592977.6
2025-08-10,23978099000.0,6696864.0,24009869000.0,6676909.3,24877501000.0,6090239.9,26113258000.0,5212630.4
2025-08-11,23987593000.0,6690528.0,24019389000.0,6665737.3,24887749000.0,5936889.5,26124596000.0,4846592.8
2025-08-12,23990420000.0,6667728.0,24022241000.0,6642539.5,24891342000.0,5901996.4,26129297000.0,4794204.4
2025-08-13,23993177000.0,6830232.0,24025016000.0,6812478.0,24894639000.0,6290511.3,26133374000.0,5509691.7
2025-08-14,23993531000.0,9049224.0,24025387000.0,9031363.2,24895535000.0,8506254.8,26135056000.0,7720735.5
2025-08-15,24000736000.0,5899728.0,24032608000.0,5884153.7,24903214000.0,5426270.5,26143420000.0,4741314.5
2025-08-16,24011686000.0,7469208.0,24043572000.0,7455925.4,24914568000.0,7065416.4,26155358000.0,6481246.7
2025-08-17,24011572000.0,11644200.0,24043474000.0,11627093.0,24914974000.0,11124137.0,26156517000.0,10371755.0
2025-08-18,24022927000.0,10637064.0,24054851000.0,10615010.0,24926998000.0,9966619.1,26169511000.0,8996679.3
2025-08-19,24031162000.0,6761400.0,24063108000.0,6739549.9,24935898000.0,6097155.7,26179372000.0,5136186.6
2025-08-20,24028974000.0,11692920.0,24060944000.0,11669182.0,24934432000.0,10971293.0,26178950000.0,9927306.9
2025-08-21,24042600000.0,11666832.0,24074593000.0,11643708.0,24948761000.0,10963866.0,26194296000.0,9946877.8
2025-08-22,24050164000.0,11724360.0,24082174000.0,11707803.0,24956828000.0,11221025.0,26203091000.0,10492846.0
2025-08-23,24054720000.0,11623248.0,24086752000.0,11601076.0,24962058000.0,10949223.0,26209296000.0,9974102.8
2025-08-24,24059943000.0,7613172.0,24092000000.0,7587762.3,24968053000.0,6840718.0,26216409000.0,5723200.7
2025-08-25,24067092000.0,3603096.0,24099169000.0,3582370.2,24975832000.0,2973032.6,26225099000.0,2061513.2
2025-08-26,24065417000.0,11679840.0,24097519000.0,11656207.0,24974876000.0,10961390.0,26225183000.0,9922001.1
2025-08-27,24063410000.0,11215104.0,24095534000.0,11192859.0,24973545000.0,10538861.0,26224830000.0,9560534.3
2025-08-28,24060665000.0,11693736.0,24092812000.0,11670965.0,24971493000.0,11001500.0,26223779000.0,10000034.0
2025-08-29,24057359000.0,11672184.0,24089533000.0,11644131.0,24969039000.0,10819382.0,26222559000.0,9585624.2
2025-08-30,24053401000.0,11675520.0,24085599000.0,11653053.0,24965765000.0,10992531.0,26220273000.0,10004445.0
2025-08-31,24051502000.0,10060032.0,24083716000.0,10043883.0,24964357000.0,9569110.6,26219575000.0,8858889.5
2025-09-01,24052087000.0,8887416.0,24084319000.0,8868364.5,24965520000.0,8308250.4,26221576000.0,7470365.4
2025-09-02,24055897000.0,10545624.0,24088152000.0,10522033.0,24970047000.0,9828454.6,26227141000.0,8790918.0
2025-09-03,24072414000.0,10065720.0,24104692000.0,10043600.0,24987237000.0,9393259.5,26245304000.0,8420403.9
2025-09-04,24077134000.0,9901680.0,24109431000.0,9882449.1,24992542000.0,9317060.6,26251454000.0,8471285.7
2025-09-05,24078487000.0,7758624.0,24110803000.0,7739884.5,24994464000.0,7188943.2,26254201000.0,6364780.0
2025-09-06,24080343000.0,10001832.0,24112679000.0,9981916.7,24996925000.0,9396405.4,26257538000.0,8520528.3
2025-09-07,24097712000.0,9778752.0,24130066000.0,9760517.9,25014849000.0,9224436.6,26276264000.0,8422502.6
2025-09-08,24108461000.0,4550376.0,24140835000.0,4529601.5,25026229000.0,3918830.6,26288557000.0,3005167.2
2025-09-09,24117486000.0,6634224.0,24149888000.0,6607171.6,25036077000.0,5811832.6,26299595000.0,4622070.2
2025-09-10,24121602000.0,6519384.0,24154028000.0,6495700.5,25040913000.0,5799404.7,26305472000.0,4757803.0
2025-09-11,24129640000.0,4102536.0,24162089000.0,4079615.3,25049648000.0,3405747.0,26315216000.0,2397695.1
2025-09-12,24132446000.0,6006312.0,24164916000.0,5985657.2,25053082000.0,5378406.4,26319558000.0,4470008.7
2025-09-13,24133175000.0,6965904.0,24165669000.0,6941314.5,25054558000.0,6218383.2,26322116000.0,5136937.0
2025-09-14,24136513000.0,6446064.0,24169029000.0,6423593.4,25058579000.0,5762956.8,26327125000.0,4774698.5
2025-09-15,24138869000.0,8808432.0,24171409000.0,8784539.8,25061662000.0,8082109.7,26331258000.0,7031331.6
2025-09-16,24140286000.0,7418376.0,24172847000.0,7397744.6,25063706000.0,6791181.7,26334210000.0,5883813.2
2025-09-17,24146268000.0,9130944.0,24178846000.0,9113702.1,25070212000.0,8606790.2,26341474000.0,7848491.5
2025-09-18,24159111000.0,7973856.0,24191702000.0,7960628.4,25083457000.0,7571736.0,26355301000.0,6989984.9
2025-09-19,24165151000.0,9493368.0,24197760000.0,9475509.1,25090040000.0,8950458.0,26362669000.0,8165024.5
2025-09-20,24169285000.0,6699336.0,24201918000.0,6675395.1,25094902000.0,5971531.7,26368584000.0,4918609.6
2025-09-21,24172206000.0,6452832.0,24204863000.0,6429173.8,25098542000.0,5733623.3,26373265000.0,4693136.6
2025-09-22,24171029000.0,9017088.0,24203708000.0,8995338.1,25098026000.0,8355890.7,26373706000.0,7399329.7
2025-09-23,24172356000.0,6912096.0,24205060000.0,6887015.9,25100116000.0,6149660.4,26376898000.0,5046636.7
2025-09-24,24169994000.0,9708960.0,24202720000.0,9686584.1,25098434000.0,9028733.9,26376200000.0,8044643.5
2025-09-25,24168398000.0,9707280.0,24201146000.0,9685077.3,25097513000.0,9032317.9,26376256000.0,8055843.2
2025-09-26,24166058000.0,9975240.0,24198826000.0,9955371.4,25095777000.0,9371236.1,26375394000.0,8497417.3
2025-09-27,24170371000.0,9336528.0,24203158000.0,9317030.3,25100683000.0,8743799.1,26381157000.0,7886292.0
2025-09-28,24180450000.0,7164168.0,24213257000.0,7144442.6,25111361000.0,6564515.2,26392703000.0,5696991.3
2025-09-29,24190749000.0,9732216.0,24223574000.0,9714104.4,25122211000.0,9181623.4,26404349000.0,8385075.2
2025-09-30,24197783000.0,9425904.0,24230621000.0,9413404.5,25129625000.0,9045919.2,26412313000.0,8496191.2
2025-10-01,24201537000.0,6713328.0,24234394000.0,6694362.7,25133955000.0,6136782.6,26417477000.0,5302688.2
2025-10-02,24202920000.0,9986472.0,24235799000.0,9963814.2,25136027000.0,9297674.0,26420546000.0,8301182.6
2025-10-03,24206559000.0,9929640.0,24239458000.0,9910490.2,25140249000.0,9347486.7,26425609000.0,8505279.4
2025-10-04,24207015000.0,9460200.0,24239934000.0,9440632.9,25141300000.0,8865360.8,26427521000.0,8004800.6
2025-10-05,24208291000.0,9968976.0,24241230000.0,9948267.0,25143205000.0,9339422.4,26430337000.0,8428640.6
2025-10-06,24214931000.0,9603576.0,24247888000.0,9585503.8,25150395000.0,9054180.8,26438321000.0,8259365.0
2025-10-07,24216040000.0,9730440.0,24249018000.0,9709053.2,25152153000.0,9080280.7,26441021000.0,8139688.3
2025-10-08,24221457000.0,9965832.0,24254448000.0,9953575.9,25157943000.0,9593245.3,26447350000.0,9054220.3
2025-10-09,24232342000.0,5494032.0,24265352000.0,5474741.0,25169414000.0,4907586.8,26459669000.0,4059170.4
2025-10-10,24247918000.0,5119776.0,24280942000.0,5105923.2,25185412000.0,4698650.9,26476276000.0,4089404.7
2025-10-11,24258770000.0,5239920.0,24291811000.0,5222223.0,25196801000.0,4701930.3,26488444000.0,3923614.9
2025-10-12,24271026000.0,9903768.0,24304083000.0,9889059.5,25209505000.0,9456630.8,26501794000.0,8809752.7
2025-10-13,24280692000.0,4815120.0,24313763000.0,4799788.3,25219636000.0,4349036.9,26512600000.0,3674749.6
2025-10-14,24282258000.0,10056480.0,24315348000.0,10037981.0,25221765000.0,9494102.5,26515543000.0,8680505.0
2025-10-15,24289448000.0,8227872.0,24322555000.0,8211424.5,25229455000.0,7727868.9,26523956000.0,7004509.2
2025-10-16,24303361000.0,3099048.0,24336486000.0,3080189.6,25243941000.0,2525751.1,26539271000.0,1696356.5
2025-10-17,24309640000.0,3159096.0,24342783000.0,3141060.1,25250768000.0,2610803.4,26546892000.0,1817582.8
2025-10-18,24320065000.0,5844528.0,24353230000.0,5823617.0,25261830000.0,5208833.0,26558873000.0,4289166.3
2025-10-19,24326983000.0,7432752.0,24360167000.0,7412743.0,25269356000.0,6824479.9,26567279000.0,5944486.3
2025-10-20,24335555000.0,5646672.0,24368758000.0,5628283.5,25278487000.0,5087661.6,26577218000.0,4278935.4
2025-10-21,24339327000.0,9991008.0,24372549000.0,9972500.5,25282822000.0,9428381.5,26582367000.0,8614423.9
2025-10-22,24355600000.0,7516728.0,24388838000.0,7500707.6,25299582000.0,7029707.2,26599832000.0,6325129.2
2025-10-23,24367256000.0,5900304.0,24400509000.0,5884355.3,25311722000.0,5415464.7,26612674000.0,4714042.7
2025-10-24,24373807000.0,9743016.0,24407077000.0,9726467.5,25318776000.0,9239942.2,26620455000.0,8512140.1
2025-10-25,24382086000.0,10061904.0,24415374000.0,10043387.0,25327618000.0,9498993.0,26630112000.0,8684623.7
2025-10-26,24393747000.0,8229024.0,24427053000.0,8211032.1,25339826000.0,7682071.2,26643111000.0,6890788.7
2025-10-27,24401383000.0,10069032.0,24434705000.0,10053725.0,25347928000.0,9603684.0,26651886000.0,8930460.2
2025-10-28,24413032000.0,4996056.0,24446371000.0,4978676.4,25360105000.0,4467717.1,26664828000.0,3703363.6
2025-10-29,24420202000.0,6405288.0,24453560000.0,6386214.3,25367854000.0,5825446.6,26673416000.0,4986584.0
2025-10-30,24422622000.0,10230912.0,24455997000.0,10214377.0,25370777000.0,9728241.3,26677066000.0,9001022.3
2025-10-31,24430923000.0,6916968.0,24464318000.0,6896117.8,25379712000.0,6283122.5,26686917000.0,5366131.6
2025-11-01,24431387000.0,9576816.0,24464803000.0,9555989.2,25380809000.0,8943681.9,26688930000.0,8027720.1
2025-11-02,24438422000.0,4878072.0,24471858000.0,4858446.0,25388441000.0,4281442.5,26697426000.0,3418292.4
2025-11-03,24447068000.0,10120560.0,24480520000.0,10104437.0,25397577000.0,9630409.2,26707271000.0,8921303.0
2025-11-04,24454564000.0,6376200.0,24488031000.0,6360703.7,25405544000.0,5905113.7,26715919000.0,5223588.2
2025-11-05,24459100000.0,8215752.0,24492584000.0,8198561.6,25410603000.0,7693163.2,26721734000.0,6937128.6
2025-11-06,24472124000.0,11257104.0,24505627000.0,11238911.0,25424180000.0,10704033.0,26736111000.0,9903900.5
2025-11-07,24476095000.0,7571760.0,24509619000.0,7550558.8,25428795000.0,6927244.1,26741659000.0,5994816.2
2025-11-08,24473526000.0,10885944.0,24507069000.0,10867013.0,25426801000.0,10310430.0,26740498000.0,9477828.0
2025-11-09,24476396000.0,11693952.0,24509956000.0,11676320.0,25430207000.0,11157954.0,26744679000.0,10382520.0
2025-11-10,24481047000.0,11733696.0,24514628000.0,11713876.0,25435462000.0,11131174.0,26750805000.0,10259499.0
2025-11-11,24479129000.0,11742192.0,24512728000.0,11723411.0,25434114000.0,11171254.0,26750283000.0,10345273.0
2025-11-12,24484013000.0,11677920.0,24517629000.0,11660625.0,25439524000.0,11152142.0,26756454000.0,10391493.0
2025-11-13,24486271000.0,11387064.0,24519905000.0,11369091.0,25442328000.0,10840680.0,26760049000.0,10050221.0
2025-11-14,24505796000.0,9320328.0,24539444000.0,9306402.3,25462277000.0,8896985.8,26780610000.0,8284532.2
2025-11-15,24518633000.0,6435648.0,24552295000.0,6422033.9,25475527000.0,6021778.8,26794459000.0,5423029.8
2025-11-16,24539417000.0,8387232.0,24573094000.0,8372507.9,25496759000.0,7939620.6,26816339000.0,7292056.4
2025-11-17,24555331000.0,6016128.0,24589027000.0,5997384.6,25513243000.0,5446328.6,26833647000.0,4621993.9
2025-11-18,24567542000.0,6314184.0,24601256000.0,6295763.5,25526014000.0,5754201.4,26847228000.0,4944068.7
2025-11-19,24575381000.0,10340976.0,24609112000.0,10324504.0,25534354000.0,9840237.8,26856293000.0,9115814.7
2025-11-20,24583503000.0,7047312.0,24617248000.0,7032527.9,25542925000.0,6597874.8,26865514000.0,5947669.2
2025-11-21,24582829000.0,11531136.0,24616591000.0,11514203.0,25542766000.0,11016372.0,26866099000.0,10271658.0
2025-11-22,24581875000.0,11149200.0,24615658000.0,11128760.0,25542434000.0,10527839.0,26866666000.0,9628909.2
2025-11-23,24579339000.0,11680560.0,24613135000.0,11667354.0,25540299000.0,11279092.0,26865112000.0,10698284.0
2025-11-24,24581334000.0,8974080.0,24615143000.0,8960617.6,25542703000.0,8564822.7,26868108000.0,7972745.9
2025-11-25,24589050000.0,7155744.0,24622877000.0,7137960.0,25550960000.0,6615110.4,26877147000.0,5832970.1
2025-11-26,24592349000.0,10421712.0,24626194000.0,10403584.0,25554810000.0,9870633.3,26881794000.0,9073381.9
2025-11-27,24598933000.0,9485856.0,24632789000.0,9475292.5,25561715000.0,9164724.4,26889164000.0,8700139.9
2025-11-28,24603064000.0,7138776.0,24636933000.0,7126289.0,25566226000.0,6759170.6,26894224000.0,6209991.5
2025-11-29,24605304000.0,7295232.0,24639186000.0,7281154.6,25568893000.0,6867277.8,26897511000.0,6248152.0
2025-11-30,24629628000.0,7713264.0,24663525000.0,7697707.7,25593690000.0,7240351.9,26922992000.0,6556184.9
2025-12-01,24637297000.0,11425296.0,24671208000.0,11412424.0,25601751000.0,11033989.0,26931618000.0,10467880.0
2025-12-02,24641808000.0,10401600.0,24675735000.0,10385005.0,25606766000.0,9897103.5,26937364000.0,9167243.1
2025-12-03,24644972000.0,12876144.0,24678916000.0,12859780.0,25610428000.0,12378678.0,26941745000.0,11658989.0
2025-12-04,24645490000.0,12463872.0,24679448000.0,12449345.0,25611387000.0,12022236.0,26943343000.0,11383317.0
2025-12-05,24649171000.0,12911688.0,24683142000.0,12898920.0,25615456000.0,12523546.0,26947974000.0,11962018.0
2025-12-06,24650041000.0,12295800.0,24684029000.0,12278969.0,25616838000.0,11784131.0,26950096000.0,11043893.0
2025-12-07,24649504000.0,12544656.0,24683509000.0,12527333.0,25616827000.0,12018024.0,26950847000.0,11256141.0
2025-12-08,24652528000.0,9212928.0,24686552000.0,9193128.9,25620453000.0,8611034.4,26955344000.0,7740268.7
2025-12-09,24654970000.0,8617200.0,24689014000.0,8597997.2,25623479000.0,8033434.3,26959214000.0,7188894.2
2025-12-10,24650171000.0,13151592.0,24684233000.0,13134106.0,25619212000.0,12620005.0,26955716000.0,11850951.0
2025-12-11,24650085000.0,10064112.0,24684166000.0,10044983.0,25619707000.0,9482587.1,26957053000.0,8641288.8
2025-12-12,24653244000.0,10918728.0,24687338000.0,10905966.0,25623255000.0,10530752.0,26961162000.0,9969463.7
2025-12-13,24648137000.0,13232280.0,24682248000.0,13214681.0,25618682000.0,12697278.0,26957363000.0,11923285.0
2025-12-14,24644454000.0,12952464.0,24678583000.0,12934940.0,25615533000.0,12419738.0,26954984000.0,11649039.0
2025-12-15,24646186000.0,9534264.0,24680332000.0,9517293.5,25617780000.0,9018362.0,26957978000.0,8272001.2
2025-12-16,24642513000.0,12222072.0,24676674000.0,12206711.0,25614574000.0,11755112.0,26955448000.0,11079555.0
2025-12-17,24637816000.0,13209552.0,24671993000.0,13193085.0,25610377000.0,12708956.0,26951975000.0,11984739.0
2025-12-18,24633946000.0,11895912.0,24668140000.0,11879501.0,25607007000.0,11397023.0,26949326000.0,10675276.0
2025-12-19,24627893000.0,13439952.0,24662104000.0,13422233.0,25601492000.0,12901286.0,26944590000.0,12121993.0
2025-12-20,24623699000.0,13397352.0,24657931000.0,13377100.0,25597914000.0,12781682.0,26941903000.0,11890985.0
2025-12-21,24620162000.0,13349592.0,24654410000.0,13332875.0,25594885000.0,12841396.0,26939609000.0,12106185.0
2025-12-22,24617765000.0,13154976.0,24652026000.0,13142109.0,25592879000.0,12763811.0,26938170000.0,12197908.0
2025-12-23,24613382000.0,12292848.0,24647664000.0,12272077.0,25589128000.0,11661421.0,26935332000.0,10747929.0
2025-12-24,24606636000.0,13452408.0,24640935000.0,13435821.0,25582886000.0,12948172.0,26929819000.0,12218689.0
2025-12-25,24600779000.0,13033512.0,24635094000.0,13016992.0,25577531000.0,12531316.0,26925191000.0,11804783.0
2025-12-26,24594375000.0,13351392.0,24628707000.0,13334662.0,25571636000.0,12842793.0,26920032000.0,12106998.0
2025-12-27,24590592000.0,10861008.0,24624946000.0,10838816.0,25568527000.0,10186378.0,26917899000.0,9210383.4
2025-12-28,24583616000.0,13431096.0,24617991000.0,13410095.0,25562190000.0,12792662.0,26912486000.0,11869033.0
2025-12-29,24576706000.0,13434936.0,24611102000.0,13413583.0,25555928000.0,12785808.0,26907163000.0,11846708.0
2025-12-30,24569682000.0,13436544.0,24604097000.0,13418047.0,25549467000.0,12874226.0,26901515000.0,12060714.0
2025-12-31,24571082000.0,7822296.0,24605517000.0,7801601.8,25551496000.0,7193192.9,26904454000.0,6283062.9
2026-01-01,24569732000.0,10083552.0,24604185000.0,10066303.0,25550671000.0,9559196.7,26904388000.0,8800606.3
2026-01-02,24563939000.0,12743256.0,24598405000.0,12730401.0,25545269000.0,12352459.0,26899551000.0,11787088.0
2026-01-03,24563830000.0,10028904.0,24598309000.0,10015706.0,25545560000.0,9627697.0,26900423000.0,9047266.5
2026-01-04,24558204000.0,13442688.0,24592698000.0,13428113.0,25540378000.0,12999594.0,26895882000.0,12358565.0
2026-01-05,24553558000.0,13440672.0,24588063000.0,13428399.0,25536104000.0,13067576.0,26892148000.0,12527813.0
2026-01-06,24550535000.0,13440288.0,24585055000.0,13426060.0,25533514000.0,13007757.0,26890183000.0,12382011.0
2026-01-07,24548220000.0,13008864.0,24582756000.0,12992861.0,25531686000.0,12522377.0,26889059000.0,11818571.0
2026-01-08,24545335000.0,13421712.0,24579882000.0,13411169.0,25529122000.0,13101197.0,26886958000.0,12637504.0
2026-01-09,24545992000.0,13425816.0,24580552000.0,13412847.0,25530173000.0,13031557.0,26888580000.0,12461177.0
2026-01-10,24552093000.0,7827672.0,24586664000.0,7816577.7,25536611000.0,7490404.4,26895506000.0,7002475.7
2026-01-11,24559718000.0,12820128.0,24594299000.0,12809259.0,25544566000.0,12489713.0,26903939000.0,12011698.0
2026-01-12,24576414000.0,7544328.0,24611005000.0,7534535.5,25561560000.0,7246635.7,26921363000.0,6815961.1
2026-01-13,24591072000.0,9188376.0,24625677000.0,9174983.8,25576625000.0,8781252.8,26937018000.0,8192263.4
2026-01-14,24602697000.0,7317720.0,24637320000.0,7299970.7,25588790000.0,6778141.6,26949963000.0,5997527.8
2026-01-15,24606501000.0,8252400.0,24641135000.0,8240853.7,25592945000.0,7901391.3,26954626000.0,7393583.2
2026-01-16,24609014000.0,10129272.0,24643664000.0,10113147.0,25595948000.0,9639062.0,26958338000.0,8929870.0
2026-01-17,24603150000.0,13468776.0,24637823000.0,13446037.0,25590776000.0,12777500.0,26954166000.0,11777424.0
2026-01-18,24597920000.0,13427424.0,24632613000.0,13408209.0,25586130000.0,12843279.0,26950365000.0,11998190.0
2026-01-19,24592953000.0,13471008.0,24627658000.0,13458304.0,25581549000.0,13084799.0,26946343000.0,12526066.0
2026-01-20,24586466000.0,13113432.0,24621188000.0,13095917.0,25575594000.0,12580991.0,26941158000.0,11810703.0
2026-01-21,24580494000.0,13455000.0,24615235000.0,13436593.0,25570182000.0,12895421.0,26936556000.0,12085871.0
2026-01-22,24574882000.0,13205256.0,24609636000.0,13191253.0,25564995000.0,12779554.0,26931985000.0,12163688.0
2026-01-23,24569265000.0,13397088.0,24604037000.0,13379509.0,25559912000.0,12862691.0,26927675000.0,12089572.0
2026-01-24,24571268000.0,7369344.0,24606060000.0,7349682.5,25562514000.0,6771635.6,26931141000.0,5906924.6
2026-01-25,24571806000.0,7252896.0,24606613000.0,7237056.9,25563532000.0,6771388.3,26932857000.0,6074786.0
2026-01-26,24570972000.0,13009824.0,24605795000.0,12994735.0,25563157000.0,12551115.0,26933145000.0,11887497.0
2026-01-27,24568497000.0,13432968.0,24603335000.0,13418027.0,25561137000.0,12978776.0,26931782000.0,12321693.0
2026-01-28,24566307000.0,12239256.0,24601161000.0,12222998.0,25559441000.0,11745027.0,26930801000.0,11030020.0
2026-01-29,24568881000.0,10384608.0,24603750000.0,10369584.0,25562472000.0,9927891.2,26934492000.0,9267154.1
2026-01-30,24573791000.0,5697528.0,24608670000.0,5687139.2,25567697000.0,5381707.9,26940175000.0,4924807.6
2026-01-31,24589323000.0,6951096.0,24624218000.0,6935571.7,25583701000.0,6479156.1,26956861000.0,5796395.6
2026-02-01,24596582000.0,6491400.0,24631484000.0,6484027.0,25591184000.0,6267262.3,26964669000.0,5943000.0
2026-02-02,24595778000.0,13199160.0,24630695000.0,13184706.0,25590820000.0,12759765.0,26964940000.0,12124087.0
2026-02-03,24597202000.0,8668488.0,24632135000.0,8652144.7,25592740000.0,8171650.5,26967580000.0,7452870.4
2026-02-04,24595044000.0,11745432.0,24629996000.0,11726599.0,25591155000.0,11172906.0,26966823000.0,10344626.0
2026-02-05,24598656000.0,6313032.0,24633629000.0,6291807.4,25595413000.0,5667804.8,26972014000.0,4734347.7
2026-02-06,24611708000.0,8206968.0,24646694000.0,8194271.9,25608850000.0,7821007.8,26986010000.0,7262635.1
2026-02-07,24617162000.0,7434576.0,24652165000.0,7417324.7,25614829000.0,6910137.7,26992747000.0,6151427.3
2026-02-08,24614472000.0,13288560.0,24649487000.0,13276539.0,25612504000.0,12923123.0,26990951000.0,12394440.0
2026-02-09,24612779000.0,10494264.0,24647813000.0,10475140.0,25611393000.0,9912881.3,26990681000.0,9071788.9
2026-02-10,24608703000.0,12982200.0,24643754000.0,12965769.0,25607816000.0,12482707.0,26987827000.0,11760085.0
2026-02-11,24609967000.0,8223960.0,24645038000.0,8203132.1,25609713000.0,7590790.3,26990639000.0,6674777.1
2026-02-12,24609016000.0,8274720.0,24644107000.0,8255572.2,25609345000.0,7692626.0,26991113000.0,6850504.4
2026-02-13,24607391000.0,9328128.0,24642499000.0,9311173.1,25608235000.0,8812700.3,26990749000.0,8067025.5
2026-02-14,24603804000.0,13363992.0,24638926000.0,13349667.0,25605084000.0,12928521.0,26988228000.0,12298521.0
2026-02-15,24604254000.0,10181160.0,24639385000.0,10171236.0,25605835000.0,9879484.1,26989415000.0,9443046.4
2026-02-16,24602873000.0,13312824.0,24638020000.0,13297899.0,25604908000.0,12859095.0,26989145000.0,12202680.0
2026-02-17,24608751000.0,6473712.0,24643916000.0,6456113.3,25611321000.0,5938710.0,26996332000.0,5164717.0
2026-02-18,24614650000.0,13492032.0,24649833000.0,13473013.0,25617798000.0,12913862.0,27003645000.0,12077418.0
2026-02-19,24619611000.0,6410784.0,24654811000.0,6393985.5,25623269000.0,5900110.5,27009855000.0,5161313.8
2026-02-20,24623239000.0,6235320.0,24658456000.0,6217991.9,25627424000.0,5708546.1,27014772000.0,4946456.7
2026-02-21,24622223000.0,12548064.0,24657457000.0,12531312.0,25626918000.0,12038790.0,27015003000.0,11302017.0
2026-02-22,24623153000.0,12318456.0,24658399000.0,12306749.0,25628203000.0,11962574.0,27016803000.0,11447717.0
2026-02-23,24629450000.0,8879832.0,24664710000.0,8866342.3,25634911000.0,8469744.8,27024104000.0,7876467.4
2026-02-24,24629898000.0,12222744.0,24665172000.0,12207780.0,25635813000.0,11767841.0,27025665000.0,11109728.0
2026-02-25,24635407000.0,7161480.0,24670700000.0,7142927.7,25641886000.0,6597490.1,27032553000.0,5781559.9
2026-02-26,24638573000.0,7450920.0,24673888000.0,7429323.8,25645709000.0,6794394.0,27037326000.0,5844590.9
2026-02-27,24641759000.0,6616992.0,24677097000.0,6594015.1,25649594000.0,5918495.8,27042222000.0,4907973.9
2026-02-28,24644730000.0,6376416.0,24680090000.0,6354539.0,25653230000.0,5711353.7,27046819000.0,4749201.0
2026-03-01,24639291000.0,13471296.0,24674675000.0,13446953.0,25648531000.0,12731280.0,27043191000.0,11660691.0
2026-03-02,24645862000.0,11565048.0,24681271000.0,11540215.0,25655857000.0,10810129.0,27051609000.0,9717979.9
2026-03-03,24640455000.0,12759072.0,24675881000.0,12741791.0,25650975000.0,12233721.0,27047488000.0,11473690.0
2026-03-04,24638833000.0,13440696.0,24674274000.0,13425497.0,25649815000.0,12978656.0,27046996000.0,12310217.0
2026-03-05,24634692000.0,12685104.0,24670151000.0,12667191.0,25646219000.0,12140546.0,27044187000.0,11352728.0
2026-03-06,24644265000.0,2951088.0,24679737000.0,2938325.6,25656180000.0,2563112.3,27054710000.0,2001823.7
2026-03-07,24643122000.0,13387440.0,24678615000.0,13366336.0,25655679000.0,12745876.0,27055137000.0,11817719.0
2026-03-08,24645468000.0,13413984.0,24680969000.0,13405856.0,25658271000.0,13166881.0,27058086000.0,12809395.0
2026-03-09,24648505000.0,6413784.0,24684026000.0,6393764.9,25661917000.0,5805203.7,27062613000.0,4924764.1
2026-03-10,24647828000.0,9562512.0,24683369000.0,9542601.3,25661845000.0,8957227.6,27063417000.0,8081556.4
2026-03-11,24650762000.0,6488448.0,24686321000.0,6470260.7,25665332000.0,5935555.3,27067703000.0,5135679.6
2026-03-12,24652720000.0,6561744.0,24688297000.0,6542958.5,25667861000.0,5990664.2,27071058000.0,5164477.0
2026-03-13,24647302000.0,13406088.0,24682900000.0,13386163.0,25663049000.0,12800377.0,27067123000.0,11924088.0
2026-03-14,24647194000.0,7660152.0,24682813000.0,7638947.7,25663585000.0,7015541.3,27068592000.0,6082976.2
2026-03-15,24646797000.0,7621008.0,24682438000.0,7599466.0,25663843000.0,6966130.0,27069798000.0,6018711.1
2026-03-16,24642015000.0,12924312.0,24677679000.0,12901415.0,25659758000.0,12228258.0,27066719000.0,11221270.0
2026-03-17,24637699000.0,13396224.0,24673380000.0,13378937.0,25655967000.0,12870695.0,27063688000.0,12110407.0
2026-03-18,24641127000.0,13431168.0,24676823000.0,13416036.0,25659855000.0,12971143.0,27068241000.0,12305621.0
2026-03-19,24638701000.0,13280088.0,24674417000.0,13259662.0,25658049000.0,12659130.0,27067335000.0,11760784.0
2026-03-20,24636006000.0,13040136.0,24671744000.0,13019216.0,25655991000.0,12404180.0,27066196000.0,11484136.0
2026-03-21,24631283000.0,13467624.0,24667035000.0,13453392.0,25651701000.0,13034975.0,27062532000.0,12409057.0
2026-03-22,24628948000.0,11545776.0,24664718000.0,11526810.0,25649942000.0,10969207.0,27061607000.0,10135078.0
2026-03-23,24624999000.0,13247760.0,24660787000.0,13230004.0,25646533000.0,12707980.0,27058979000.0,11927075.0
2026-03-24,24623098000.0,12614640.0,24658899000.0,12601264.0,25645038000.0,12208003.0,27058072000.0,11619717.0
2026-03-25,24619374000.0,12933552.0,24655193000.0,12916124.0,25641844000.0,12403731.0,27055645000.0,11637234.0
2026-03-26,24614678000.0,12955680.0,24650517000.0,12935691.0,25637756000.0,12348013.0,27052436000.0,11468894.0
2026-03-27,24611960000.0,13035840.0,24647808000.0,13026702.0,25635315000.0,12758042.0,27050397000.0,12356149.0
2026-03-28,24607523000.0,12735336.0,24643393000.0,12713658.0,25631538000.0,12076332.0,27047574000.0,11122944.0
2026-03-29,24611705000.0,6784008.0,24647595000.0,6764221.0,25636321000.0,6182482.0,27053227000.0,5312248.0
2026-03-30,24609773000.0,12285048.0,24645681000.0,12267023.0,25634937000.0,11737076.0,27052636000.0,10944318.0
2026-03-31,24610523000.0,10332024.0,24646452000.0,10310935.0,25636328000.0,9690922.7,27054954000.0,8763434.6
2026-04-01,24610558000.0,11778336.0,24646506000.0,11758320.0,25636971000.0,11169862.0,27056478000.0,10289577.0
2026-04-02,24619862000.0,5966472.0,24655829000.0,5948133.8,25646834000.0,5408991.0,27067146000.0,4602477.4
2026-04-03,24624204000.0,6785136.0,24660191000.0,6765938.6,25651759000.0,6201536.3,27072916000.0,5357236.4
2026-04-04,24630769000.0,6275472.0,24666776000.0,6255101.9,25658944000.0,5656221.3,27080996000.0,4760344.7
2026-04-05,24639460000.0,6800016.0,24675480000.0,6786626.5,25668042000.0,6392975.8,27090683000.0,5804106.5
2026-04-06,24640354000.0,8571336.0,24676390000.0,8555679.4,25669411000.0,8095376.9,27092742000.0,7406801.8
2026-04-07,24643603000.0,10055592.0,24679658000.0,10036752.0,25673233000.0,9482864.2,27097392000.0,8654292.9
2026-04-08,24663359000.0,6000264.0,24699426000.0,5987319.1,25693382000.0,5606739.6,27118110000.0,5037423.8
2026-04-09,24663254000.0,10836576.0,24699343000.0,10815230.0,25693926000.0,10187650.0,27119593000.0,9248841.2
2026-04-10,24660225000.0,11759184.0,24696335000.0,11738066.0,25691540000.0,11117193.0,27118135000.0,10188419.0
2026-04-11,24660459000.0,11773464.0,24696588000.0,11754987.0,25692335000.0,11211750.0,27119744000.0,10399114.0
2026-04-12,24662809000.0,6627192.0,24698959000.0,6605875.4,25695333000.0,5979166.8,27123679000.0,5041661.8
2026-04-13,24664363000.0,7191552.0,24700527000.0,7178111.8,25697296000.0,6782970.5,27126233000.0,6191871.4
2026-04-14,24661240000.0,11776344.0,24697417000.0,11762442.0,25694595000.0,11353713.0,27124144000.0,10742289.0
2026-04-15,24666642000.0,11128992.0,24702836000.0,11112426.0,25700501000.0,10625373.0,27130778000.0,9896781.7
2026-04-16,24684262000.0,9642480.0,24720472000.0,9626781.3,25718599000.0,9165240.4,27149566000.0,8474812.9
2026-04-17,24704563000.0,6241440.0,24740790000.0,6223654.1,25739440000.0,5700747.1,27171190000.0,4918521.0
2026-04-18,24712846000.0,7448856.0,24749092000.0,7430229.6,25748289000.0,6882613.4,27180858000.0,6063424.4
2026-04-19,24715805000.0,11776464.0,24752069000.0,11758412.0,25751797000.0,11227697.0,27185159000.0,10433790.0
2026-04-20,24721039000.0,11773920.0,24757323000.0,11753575.0,25757649000.0,11155440.0,27191907000.0,10260678.0
2026-04-21,24730187000.0,11702304.0,24766487000.0,11685580.0,25767305000.0,11193883.0,27202298000.0,10458345.0
2026-04-22,24735782000.0,9294336.0,24772101000.0,9276210.4,25773452000.0,8743316.5,27209242000.0,7946150.9
2026-04-23,24742600000.0,9122352.0,24778938000.0,9103219.4,25780851000.0,8540720.4,27217483000.0,7699267.7
2026-04-24,24750753000.0,11716488.0,24787109000.0,11699374.0,25789525000.0,11196223.0,27226909000.0,10443550.0
2026-04-25,24763806000.0,11611056.0,24800179000.0,11593389.0,25803115000.0,11073979.0,27241276000.0,10296985.0
2026-04-26,24778947000.0,11341296.0,24815339000.0,11321540.0,25818856000.0,10740707.0,27257886000.0,9871827.6
2026-04-27,24781411000.0,11568048.0,24817821000.0,11550398.0,25821857000.0,11031481.0,27261663000.0,10255224.0
2026-04-28,24789245000.0,11716440.0,24825673000.0,11698697.0,25830230000.0,11177063.0,27270817000.0,10396741.0
2026-04-29,24794079000.0,11745024.0,24830521000.0,11730245.0,25835513000.0,11295753.0,27276750000.0,10645787.0
2026-04-30,24794967000.0,10420296.0,24831430000.0,10400377.0,25837007000.0,9814762.7,27279120000.0,8938731.2
2026-05-01,24797671000.0,7601112.0,24834155000.0,7580421.7,25840340000.0,6972127.5,27283363000.0,6062169.0
2026-05-02,24815538000.0,406392.0,24852035000.0,392658.93,25858613000.0,0.0,27301636000.0,0.0
2026-05-03,24826700000.0,142488.0,24863215000.0,124774.2,25869918000.0,0.0,27312941000.0,0.0
2026-05-04,24833668000.0,7726896.0,24870201000.0,7708277.0,25877451000.0,7160878.7,27321293000.0,6342015.5
2026-05-05,24834224000.0,10852536.0,24870778000.0,10831253.0,25878654000.0,10205542.0,27323432000.0,9269529.5
2026-05-06,24844249000.0,599160.0,24880824000.0,578853.48,25889279000.0,0.0,27334057000.0,0.0
2026-05-07,24847703000.0,5875824.0,24884301000.0,5853140.0,25893423000.0,5186231.6,27339198000.0,4188591.1
2026-05-08,24843800000.0,11063784.0,24880416000.0,11045757.0,25890068000.0,10515776.0,27336636000.0,9722967.0
2026-05-09,24841178000.0,10897800.0,24877816000.0,10875301.0,25888130000.0,10213816.0,27335687000.0,9224287.9
2026-05-10,24850815000.0,123432.0,24887473000.0,103985.82,25897890000.0,0.0,27345448000.0,0.0
2026-05-11,24855119000.0,3173592.0,24891793000.0,3157132.4,25902695000.0,2673221.4,27350976000.0,1949329.9
2026-05-12,24861849000.0,1417272.0,24898542000.0,1397582.5,25910023000.0,818709.98,27359123000.0,0.0
2026-05-13,24864891000.0,3538584.0,24901604000.0,3519121.8,25913656000.0,2946934.0,27363613000.0,2090987.8
2026-05-14,24866517000.0,6245160.0,24903251000.0,6224488.4,25915911000.0,5616744.6,27366776000.0,4707609.4
2026-05-15,24873216000.0,2123592.0,24909973000.0,2100598.4,25923309000.0,1424586.0,27375185000.0,413326.54
2026-05-16,24885189000.0,393792.0,24921964000.0,376345.74,25935676000.0,0.0,27387553000.0,0.0
2026-05-17,24890220000.0,1546584.0,24927009000.0,1531535.9,25941164000.0,1089120.2,27393702000.0,427302.6
2026-05-18,24896481000.0,1829856.0,24933292000.0,1808402.9,25948078000.0,1177681.2,27401560000.0,234172.93
2026-05-19,24896265000.0,9929616.0,24933090000.0,9915793.2,25948282000.0,9509403.8,27402371000.0,8901478.4
2026-05-20,24893635000.0,9197664.0,24930485000.0,9172741.1,25946409000.0,8440006.3,27401595000.0,7343895.0
2026-05-21,24900359000.0,1053000.0,24937228000.0,1034016.0,25953711000.0,475885.49,27409373000.0,0.0
2026-05-22,24906038000.0,2876112.0,24942930000.0,2853384.0,25960081000.0,2185179.9,27416742000.0,1185601.1
2026-05-23,24908261000.0,5802360.0,24945173000.0,5781151.0,25962948000.0,5157607.0,27420542000.0,4224836.1
2026-05-24,24915411000.0,3268056.0,24952347000.0,3245310.4,25970790000.0,2576590.4,27429385000.0,1576239.8
2026-05-25,24918270000.0,4275432.0,24955224000.0,4257232.3,25974202000.0,3722159.9,27433597000.0,2921735.3
2026-05-26,24923646000.0,2010672.0,24960620000.0,1990707.1,25980185000.0,1403739.6,27440458000.0,525684.23
2026-05-27,24931054000.0,60720.0,24968049000.0,39384.66,25987654000.0,0.0,27447927000.0,0.0
2026-05-28,24938439000.0,33912.0,24975453000.0,14387.82,25995072000.0,0.0,27455345000.0,0.0
2026-05-29,24944387000.0,33996.0,24981416000.0,19677.93,26001055000.0,0.0,27461328000.0,0.0
2026-05-30,24951464000.0,34080.0,24988511000.0,15100.65,26008165000.0,0.0,27468438000.0,0.0
2026-05-31,24957599000.0,739656.0,24994668000.0,718690.38,26014938000.0,102301.15,27475313000.0,0.0
2026-06-01,24964275000.0,1445232.0,25001367000.0,1422155.7,26022316000.0,743712.48,27483435000.0,0.0
2026-06-02,24967850000.0,1428840.0,25004964000.0,1406877.5,26026558000.0,761181.22,27488439000.0,0.0
2026-06-03,24975450000.0,516024.0,25012577000.0,502586.94,26034567000.0,107537.38,27496555000.0,0.0
2026-06-04,24983287000.0,279048.0,25020432000.0,261373.59,26042683000.0,0.0,27504670000.0,0.0
2026-06-05,24993751000.0,1959024.0,25030911000.0,1944655.6,26053584000.0,1522225.2,27516203000.0,890303.9
2026-06-06,25002435000.0,251592.0,25039605000.0,240060.48,26062519000.0,0.0,27525138000.0,0.0
2026-06-07,25017048000.0,158004.0,25054226000.0,150461.79,26077290000.0,0.0,27539910000.0,0.0
2026-06-08,25039189000.0,64416.0,25076383000.0,48104.25,26099495000.0,0.0,27562115000.0,0.0
2026-06-09,25054472000.0,504576.0,25091685000.0,486373.53,26115283000.0,0.0,27577903000.0,0.0
2026-06-10,25067141000.0,250824.0,25104375000.0,230145.03,26128203000.0,0.0,27590823000.0,0.0
2026-06-11,25074456000.0,1343832.0,25111717000.0,1316736.8,26136342000.0,520136.4,27599481000.0,0.0
2026-06-12,25082480000.0,403344.0,25119766000.0,378506.46,26144769000.0,0.0,27607909000.0,0.0
2026-06-13,25090853000.0,54696.0,25128154000.0,38967.3,26153197000.0,0.0,27616336000.0,0.0
2026-06-14,25102236000.0,492832.0,25139561000.0,468998.71,26165073000.0,0.0,27628212000.0,0.0
2026-06-15,25108462000.0,930968.0,25145809000.0,909346.4,26171956000.0,273671.36,27635370000.0,0.0
2026-06-16,25113868000.0,1369104.0,25151234000.0,1350483.1,26177928000.0,803027.42,27642145000.0,0.0
2026-06-17,25119993000.0,773760.0,25157380000.0,752426.61,26184702000.0,125224.94,27649043000.0,0.0
2026-06-18,25126672000.0,1157520.0,25164080000.0,1135861.3,26192039000.0,499097.04,27656880000.0,0.0
2026-06-19,25142528000.0,915480.0,25179958000.0,893496.09,26208563000.0,247169.14,27673651000.0,0.0
2026-06-20,25153941000.0,903144.0,25191396000.0,879122.34,26220707000.0,172885.54,27685968000.0,0.0
2026-06-21,25174122000.0,200952.0,25211599000.0,177733.74,26241088000.0,0.0,27706349000.0,0.0
2026-06-22,25184604000.0,1736664.0,25222104000.0,1713760.1,26252266000.0,1040384.8,27718535000.0,33070.43
2026-06-23,25207998000.0,2795616.0,25245522000.0,2772381.8,26276367000.0,2089294.8,27743657000.0,1067452.5
2026-06-24,25212270000.0,6051072.0,25249821000.0,6024435.4,26281449000.0,5241319.1,27749910000.0,4069840.9
2026-06-25,25216784000.0,6686544.0,25254355000.0,6665134.9,26286613000.0,6035708.9,27756016000.0,5094138.9
2026-06-26,25224984000.0,3373824.0,25262575000.0,3354386.0,26295405000.0,2782909.1,27765663000.0,1928026.3
2026-06-27,25231767000.0,4125408.0,25269384000.0,4099691.4,26302969000.0,3343623.4,27774358000.0,2212607.3
2026-06-28,25237678000.0,2276640.0,25275315000.0,2257073.7,26309475000.0,1681824.5,27781725000.0,821298.61
2026-06-29,25238746000.0,5537064.0,25276405000.0,5514070.4,26311242000.0,4838058.0,27784503000.0,3826798.5
2026-06-30,25239559000.0,5698584.0,25277236000.0,5681660.3,26312570000.0,5184104.7,27786575000.0,4439802.2
2026-07-01,25235220000.0,10087008.0,25272921000.0,10062368.0,26308980000.0,9337945.9,27784068000.0,8254269.9
2026-07-02,25231113000.0,10084872.0,25268830000.0,10068534.0,26305369000.0,9588200.4,27781176000.0,8869660.5
2026-07-03,25226723000.0,10083048.0,25264459000.0,10063661.0,26301568000.0,9493674.4,27778228000.0,8641021.4
2026-07-04,25222242000.0,9791904.0,25259992000.0,9778237.6,26297503000.0,9376446.0,27774764000.0,8775398.7
2026-07-05,25223295000.0,4867488.0,25261069000.0,4843487.0,26299285000.0,4137857.9,27777602000.0,3082294.4
2026-07-06,25222566000.0,7116768.0,25260367000.0,7090852.9,26299345000.0,6328948.7,27778801000.0,5189202.1
2026-07-07,25221987000.0,6016920.0,25259811000.0,5993187.7,26299486000.0,5295458.7,27779987000.0,4251713.0
2026-07-08,25219959000.0,7065408.0,25257808000.0,7041079.4,26298199000.0,6325818.9,27779769000.0,5255847.5
2026-07-09,25217904000.0,8349960.0,25255768000.0,8333672.8,26296638000.0,7854829.7,27778925000.0,7138519.6
2026-07-10,25216592000.0,6515952.0,25254481000.0,6491835.2,26296060000.0,5782800.7,27779407000.0,4722142.9
2026-07-11,25221055000.0,1197648.0,25258965000.0,1176419.5,26301168000.0,552302.21,27785068000.0,0.0
2026-07-12,25227429000.0,865392.0,25265353000.0,851585.22,26307962000.0,445665.89,27792307000.0,0.0
2026-07-13,25230556000.0,2781384.0,25268505000.0,2756168.9,26311855000.0,2014846.2,27797309000.0,905887.84
2026-07-14,25228664000.0,7868688.0,25266638000.0,7843844.6,26310719000.0,7113448.9,27797266000.0,6020836.7
2026-07-15,25224839000.0,8380656.0,25262833000.0,8360845.6,26307496000.0,7778418.6,27794914000.0,6907155.5
2026-07-16,25222044000.0,8469432.0,25260064000.0,8443023.5,26305503000.0,7666614.8,27794083000.0,6505170.7
2026-07-17,25220154000.0,6285840.0,25258200000.0,6259515.0,26304414000.0,5485560.0,27794151000.0,4327786.5
2026-07-18,25215012000.0,9532848.0,25253082000.0,9508720.7,26300005000.0,8799376.6,27790803000.0,7738255.7
2026-07-19,25209873000.0,9887304.0,25247959000.0,9871571.8,26295344000.0,9409044.8,27786834000.0,8717142.2
2026-07-20,25209567000.0,9865632.0,25247666000.0,9851870.1,26295457000.0,9447269.3,27787552000.0,8842019.6
2026-07-21,25213072000.0,6379464.0,25251199000.0,6353062.2,26299765000.0,5576848.4,27793021000.0,4415695.9
2026-07-22,25209447000.0,9126720.0,25247596000.0,9103929.2,26296833000.0,8433879.1,27791092000.0,7431538.8
2026-07-23,25214280000.0,8987592.0,25252444000.0,8973290.7,26302101000.0,8552832.5,27796988000.0,7923861.3
2026-07-24,25220216000.0,6411720.0,25258406000.0,6385077.5,26308846000.0,5601789.2,27804905000.0,4430053.8
2026-07-25,25222046000.0,4799184.0,25260258000.0,4777035.5,26311350000.0,4125869.9,27808383000.0,3151779.3
2026-07-26,25228702000.0,3542184.0,25266934000.0,3522574.8,26318602000.0,2946064.3,27816498000.0,2083651.7
2026-07-27,25233965000.0,2329896.0,25272220000.0,2306401.6,26324579000.0,1615666.8,27823508000.0,582384.02
2026-07-28,25233577000.0,5192952.0,25271859000.0,5166453.8,26324996000.0,4387407.9,27825091000.0,3222018.9
2026-07-29,25233220000.0,9330792.0,25271528000.0,9305500.5,26325409000.0,8561930.4,27826616000.0,7449610.2
2026-07-30,25228626000.0,9774888.0,25266958000.0,9749997.8,26321571000.0,9018226.2,27823873000.0,7923555.7
2026-07-31,25223421000.0,10077456.0,25261776000.0,10054202.0,26317073000.0,9370530.1,27820397000.0,8347813.1
2026-08-01,25219791000.0,8269416.0,25258170000.0,8245739.1,26314162000.0,7549638.2,27818528000.0,6508328.2
2026-08-02,25219758000.0,5728560.0,25258162000.0,5704207.2,26314870000.0,4988235.8,27820307000.0,3917201.0
2026-08-03,25214264000.0,10102680.0,25252685000.0,10085206.0,26309907000.0,9571460.1,27816112000.0,8802938.6
2026-08-04,25209216000.0,10751256.0,25247657000.0,10731186.0,26305469000.0,10141134.0,27812557000.0,9258465.0
2026-08-05,25204091000.0,11689440.0,25242553000.0,11667713.0,26301004000.0,11028930.0,27809048000.0,10073364.0
2026-08-06,25198140000.0,11725320.0,25236618000.0,11710307.0,26295510000.0,11268935.0,27804214000.0,10608678.0
2026-08-07,25192055000.0,11686752.0,25230557000.0,11662487.0,26290163000.0,10949095.0,27799934000.0,9881919.8
2026-08-08,25186206000.0,11547936.0,25224729000.0,11527175.0,26284945000.0,10916794.0,27795629000.0,10003713.0
2026-08-09,25185366000.0,9612480.0,25223912000.0,9589308.5,26284810000.0,8908067.6,27796513000.0,7888986.8
2026-08-10,25181516000.0,8893416.0,25220090000.0,8865291.2,26281815000.0,8038420.6,27794755000.0,6801489.7
2026-08-11,25176557000.0,10653216.0,25215157000.0,10627497.0,26277638000.0,9871348.4,27791709000.0,8740212.2
2026-08-12,25170379000.0,11684808.0,25209003000.0,11660110.0,26272210000.0,10933979.0,27787367000.0,9847747.7
2026-08-13,25163988000.0,11708376.0,25202637000.0,11683324.0,26266581000.0,10946794.0,27782840000.0,9845005.3
2026-08-14,25156802000.0,11550552.0,25195474000.0,11527845.0,26260085000.0,10860248.0,27777343000.0,9861578.6
2026-08-15,25150524000.0,11699664.0,25189216000.0,11678847.0,26254439000.0,11066838.0,27772613000.0,10151322.0
2026-08-16,25148154000.0,11143008.0,25186871000.0,11119260.0,26252792000.0,10421061.0,27772010000.0,9376611.7
2026-08-17,25149233000.0,11705784.0,25187960000.0,11694618.0,26254210000.0,11366347.0,27773919000.0,10875279.0
2026-08-18,25146405000.0,10550040.0,25185153000.0,10529963.0,26251992000.0,9939693.1,27772584000.0,9056697.9
2026-08-19,25153575000.0,817512.0,25192348000.0,791407.74,26259956000.0,23942.496,27780571000.0,0.0
2026-08-20,25156555000.0,1831968.0,25195351000.0,1809381.5,26263622000.0,1145339.6,27785231000.0,151987.11
2026-08-21,25162017000.0,278688.0,25200837000.0,255480.66,26269363000.0,0.0,27790972000.0,0.0
2026-08-22,25166202000.0,864560.0,25205038000.0,848029.46,26274051000.0,362031.58,27796022000.0,0.0
2026-08-23,25169956000.0,1450432.0,25208813000.0,1429015.5,26278456000.0,799371.62,27801226000.0,0.0
2026-08-24,25174347000.0,2036304.0,25213226000.0,2014871.6,26283498000.0,1384757.5,27807212000.0,442158.37
2026-08-25,25174337000.0,4330632.0,25213237000.0,4309232.3,26284139000.0,3680081.4,27808793000.0,2738923.1
2026-08-26,25167580000.0,11852664.0,25206503000.0,11830118.0,26278067000.0,11167257.0,27803713000.0,10175671.0
2026-08-27,25160604000.0,12005784.0,25199553000.0,11979833.0,26271881000.0,11216886.0,27798668000.0,10075578.0
2026-08-28,25157634000.0,12015864.0,25196608000.0,11990642.0,26269677000.0,11249101.0,27797574000.0,10139817.0
2026-08-29,25169053000.0,959064.0,25208048000.0,939297.63,26281698000.0,358166.35,27809952000.0,0.0
2026-08-30,25178906000.0,203472.0,25217922000.0,181537.62,26291754000.0,0.0,27820009000.0,0.0
2026-08-31,25184516000.0,432216.0,25223554000.0,410257.44,26297795000.0,0.0,27826050000.0,0.0
