fecha,solar_mwh_piloto,solar_mwh_intermedio,solar_mwh_agresivo
2000-01-01,21.26592,646.483968,1581.7591295999998
2000-01-02,17.01726,517.324704,1265.7437988000001
2000-01-03,18.79761,571.4473439999999,1398.1662317999999
2000-01-04,18.06753,549.252912,1343.8628813999999
2000-01-05,19.902090000000005,605.0235360000001,1480.3174542000002
2000-01-06,12.36846,376.001184,919.9660547999999
2000-01-07,16.204109999999996,492.60494399999993,1205.2617017999999
2000-01-08,15.68931,476.95502400000004,1166.9708778
2000-01-09,16.329300000000003,496.4107200000001,1214.573334
2000-01-10,19.700850000000003,598.90584,1465.349223
2000-01-11,17.002440000000004,516.874176,1264.6414872
2000-01-12,22.096230000000002,671.725392,1643.5175874
2000-01-13,20.339280000000002,618.314112,1512.8356464
2000-01-14,21.636419999999998,657.747168,1609.3169196
2000-01-15,17.832749999999997,542.1156,1326.399945
2000-01-16,16.15536,491.122944,1201.6356768
2000-01-17,16.29186,495.272544,1211.7885467999997
2000-01-18,17.886960000000002,543.763584,1330.4320848
2000-01-19,16.86009,512.546736,1254.0534942000002
2000-01-20,17.844060000000002,542.459424,1327.2411828
2000-01-21,18.429840000000002,560.267136,1370.8114991999998
2000-01-22,23.32434,709.059936,1734.8644092000002
2000-01-23,20.66688,628.273152,1537.2025343999999
2000-01-24,13.66755,415.49352,1016.5923690000001
2000-01-25,16.64676,506.061504,1238.1860087999999
2000-01-26,10.98591,333.971664,817.1319858
2000-01-27,21.58611,656.2177440000002,1605.5748618
2000-01-28,20.293260000000004,616.915104,1509.4126788
2000-01-29,12.40122,376.997088,922.4027436
2000-01-30,15.692820000000001,477.06172799999996,1167.2319515999998
2000-01-31,17.063280000000002,518.7237120000001,1269.1667664000001
2000-02-01,12.97842,394.543968,965.3348796
2000-02-02,16.131960000000003,490.411584,1199.8951848
2000-02-03,18.707910000000002,568.720464,1391.4943458
2000-02-04,14.611740000000001,444.19689600000004,1086.8212211999999
2000-02-05,15.908100000000001,483.60623999999996,1183.2444779999998
2000-02-06,21.08418,640.959072,1568.2413084
2000-02-07,23.98422,729.120288,1783.9462836
2000-02-08,20.33265,618.11256,1512.3425069999998
2000-02-09,22.891830000000002,695.911632,1702.6943154
2000-02-10,21.320130000000002,648.1319520000001,1585.7912694000001
2000-02-11,18.714540000000003,568.9220160000001,1391.9874852
2000-02-12,20.245680000000004,615.4686720000001,1505.8736784
2000-02-13,22.189830000000004,674.5708320000001,1650.4795554
2000-02-14,22.997519999999998,699.124608,1710.5555375999998
2000-02-15,21.31935,648.10824,1585.7332529999999
2000-02-16,12.78966,388.805664,951.2949107999999
2000-02-17,12.505740000000001,380.174496,930.1769412
2000-02-18,20.67897,628.640688,1538.1017885999997
2000-02-19,19.656,597.5424,1462.0132800000001
2000-02-20,11.569740000000001,351.720096,860.5572612000001
2000-02-21,15.53487,472.260048,1155.4836306
2000-02-22,16.684199999999997,507.19968,1240.9707959999998
2000-02-23,12.52758,380.838432,931.8014004
2000-02-24,11.981580000000001,364.24003200000004,891.1899204
2000-02-25,14.140230000000003,429.862992,1051.7503073999999
2000-02-26,15.705300000000001,477.44112000000007,1168.160214
2000-02-27,11.96676,363.789504,890.0876088
2000-02-28,15.29892,465.0871680000001,1137.9336696
2000-02-29,15.942810000000003,484.66142400000007,1185.8262078
2000-03-01,13.34346,405.64118400000007,992.4865548
2000-03-02,16.104660000000003,489.58166400000005,1197.8646108
2000-03-03,15.548910000000001,472.68686399999996,1156.5279257999998
2000-03-04,15.99156,486.1434239999999,1189.4522327999998
2000-03-05,21.50265,653.6805599999999,1599.3671069999998
2000-03-06,19.08972,580.327488,1419.8933736
2000-03-07,16.87686,513.056544,1255.3008468
2000-03-08,13.179659999999998,400.66166400000003,980.3031107999999
2000-03-09,16.76922,509.78428800000006,1247.2945836000001
2000-03-10,23.605920000000005,717.6199680000001,1755.8083296000002
2000-03-11,18.711419999999997,568.827168,1391.7554195999999
2000-03-12,12.605970000000001,383.221488,937.6320486
2000-03-13,18.42438,560.101152,1370.4053844
2000-03-14,18.558149999999998,564.1677599999999,1380.3551969999999
2000-03-15,19.7457,600.26928,1468.6851659999998
2000-03-16,16.72437,508.42084800000003,1243.9586405999999
2000-03-17,17.06133,518.664432,1269.0217254
2000-03-18,22.58022,686.438688,1679.5167635999999
2000-03-19,22.22259,675.5667360000001,1652.9162442
2000-03-20,21.97923,668.168592,1634.8151273999997
2000-03-21,19.75974,600.696096,1469.7294612
2000-03-22,17.591340000000002,534.776736,1308.4438692
2000-03-23,16.8675,512.772,1254.60465
2000-03-24,16.24506,493.849824,1208.3075628
2000-03-25,15.85194,481.89897600000006,1179.0672972
2000-03-26,15.43386,469.18934399999995,1147.9705068
2000-03-27,16.29303,495.308112,1211.8755714
2000-03-28,26.41665,803.0661600000001,1964.8704269999998
2000-03-29,20.151300000000003,612.59952,1498.853694
2000-03-30,16.19826,492.42710400000004,1204.8265788
2000-03-31,20.889570000000003,635.0429280000001,1553.7662166
2000-04-01,18.097559999999998,550.1658239999999,1346.0965127999998
2000-04-02,20.38881,619.819824,1516.5196878
2000-04-03,13.81068,419.844672,1027.2383784
2000-04-04,14.81883,450.492432,1102.2245754
2000-04-05,17.149470000000004,521.3438880000001,1275.5775786000002
2000-04-06,17.968470000000003,546.241488,1336.4947986
2000-04-07,17.67441,537.302064,1314.6226158000002
2000-04-08,23.20422,705.408288,1725.9298835999998
2000-04-09,23.831339999999997,724.472736,1772.5750692
2000-04-10,20.587320000000002,625.8545280000001,1531.2848616
2000-04-11,11.77956,358.09862400000003,876.1636728
2000-04-12,12.591149999999999,382.77096,936.529737
2000-04-13,16.74426,509.02550400000007,1245.4380588
2000-04-14,12.965549999999999,394.15272000000004,964.3776089999999
2000-04-15,19.30968,587.014272,1436.2539984
2000-04-16,16.39404,498.378816,1219.3886952
2000-04-17,12.705420000000002,386.244768,945.0291396
2000-04-18,18.6069,565.64976,1383.981222
2000-04-19,16.618679999999998,505.20787199999995,1236.0974184
2000-04-20,21.04869,639.880176,1565.6015622
2000-04-21,13.041210000000001,396.452784,970.0051997999999
2000-04-22,16.899479999999997,513.744192,1256.9833224
2000-04-23,13.926900000000002,423.37776,1035.882822
2000-04-24,15.527460000000001,472.03478399999995,1154.9324748
2000-04-25,21.33222,648.499488,1586.6905236
2000-04-26,17.428320000000003,529.820928,1296.3184416
2000-04-27,19.799129999999998,601.893552,1472.6592894
2000-04-28,23.25102,706.8310080000001,1729.4108676
2000-04-29,19.157970000000002,582.4022880000001,1424.9698086
2000-04-30,14.976780000000002,455.294112,1113.9728963999999
2000-05-01,16.68693,507.282672,1241.1738533999999
2000-05-02,18.32766,557.1608640000001,1363.2113507999998
2000-05-03,22.52757,684.8381280000001,1675.6006566
2000-05-04,14.920620000000001,453.58684800000003,1109.7957156
2000-05-05,16.41354,498.971616,1220.8391051999997
2000-05-06,18.046860000000002,548.624544,1342.3254467999998
2000-05-07,19.52496,593.5587840000001,1452.2665248
2000-05-08,18.65916,567.238464,1387.8683207999998
2000-05-09,19.50702,593.013408,1450.9321476
2000-05-10,19.4493,591.25872,1446.638934
2000-05-11,21.95115,667.3149599999999,1632.726537
2000-05-12,18.91188,574.921152,1406.6656343999998
2000-05-13,16.103099999999998,489.53423999999995,1197.748578
2000-05-14,19.597109999999997,595.7521439999999,1457.6330417999998
2000-05-15,18.22782,554.125728,1355.7852515999998
2000-05-16,21.50187,653.6568480000001,1599.3090905999998
2000-05-17,22.613760000000003,687.458304,1682.0114687999999
2000-05-18,19.55694,594.530976,1454.6451972
2000-05-19,14.758770000000002,448.66660800000005,1097.7573126
2000-05-20,17.96106,546.0162240000001,1335.9436428000001
2000-05-21,18.89238,574.328352,1405.2152244
2000-05-22,18.03126,548.150304,1341.1651188
2000-05-23,23.4663,713.37552,1745.423394
2000-05-24,22.24677,676.3018079999999,1654.7147525999999
2000-05-25,21.387600000000003,650.18304,1590.809688
2000-05-26,25.574250000000003,777.4572000000001,1902.2127150000001
2000-05-27,22.54083,685.2412320000001,1676.5869354
2000-05-28,18.49146,562.1403839999999,1375.3947947999998
2000-05-29,16.397940000000002,498.49737600000003,1219.6787772
2000-05-30,18.43647,560.4686879999999,1371.3046385999999
2000-05-31,16.50831,501.85262400000005,1227.8880978
2000-06-01,19.66341,597.767664,1462.5644358
2000-06-02,20.549879999999998,624.7163519999999,1528.5000744
2000-06-03,23.94093,727.8042720000001,1780.7263733999998
2000-06-04,16.75908,509.47603200000003,1246.5403704
2000-06-05,24.50838,745.054752,1822.9333044000002
2000-06-06,17.812079999999998,541.487232,1324.8625103999998
2000-06-07,19.68486,598.419744,1464.1598867999999
2000-06-08,13.324739999999998,405.07209599999993,991.0941611999999
2000-06-09,16.39599,498.4380960000001,1219.5337362
2000-06-10,17.27466,525.149664,1284.8892108
2000-06-11,26.115180000000002,793.901472,1942.4470884000002
2000-06-12,13.848120000000002,420.9828480000001,1030.0231656
2000-06-13,19.821749999999998,602.5812,1474.341765
2000-06-14,23.027549999999998,700.03752,1712.7891689999997
2000-06-15,18.23991,554.493264,1356.6845058
2000-06-16,18.95595,576.26088,1409.943561
2000-06-17,19.288230000000002,586.362192,1434.6585474
2000-06-18,15.58362,473.74204799999995,1159.1096556
2000-06-19,18.901739999999997,574.612896,1405.9114212
2000-06-20,21.7113,660.02352,1614.8864939999999
2000-06-21,20.13609,612.137136,1497.7223742
2000-06-22,18.950100000000003,576.08304,1409.5084379999998
2000-06-23,16.808609999999998,510.981744,1250.2244117999999
2000-06-24,14.31807,435.26932800000003,1064.9780466
2000-06-25,22.094279999999998,671.666112,1643.3725464
2000-06-26,21.719880000000003,660.284352,1615.5246744
2000-06-27,23.9811,729.02544,1783.7142179999998
2000-06-28,23.40663,711.561552,1740.9851394
2000-06-29,23.868000000000002,725.5872,1775.3018399999999
2000-06-30,21.34821,648.985584,1587.8798598
2000-07-01,25.684620000000002,780.812448,1910.4220356
2000-07-02,22.53693,685.122672,1676.2968534
2000-07-03,22.159019999999998,673.6342080000001,1648.1879076
2000-07-04,23.605920000000005,717.6199680000001,1755.8083296000002
2000-07-05,17.6241,535.77264,1310.880558
2000-07-06,15.87456,482.5866240000001,1180.7497728
2000-07-07,20.786610000000003,631.912944,1546.1080518
2000-07-08,21.560760000000002,655.4471040000001,1603.6893287999999
2000-07-09,23.09502,702.088608,1717.8075876
2000-07-10,17.46498,530.9353920000001,1299.0452124
2000-07-11,24.78996,753.614784,1843.8772247999998
2000-07-12,23.79975,723.5124000000001,1770.225405
2000-07-13,20.987849999999998,638.03064,1561.0762829999999
2000-07-14,15.940859999999999,484.60214399999995,1185.6811668
2000-07-15,20.20161,614.128944,1502.5957517999998
2000-07-16,22.22337,675.5904479999999,1652.9742606
2000-07-17,20.587320000000002,625.8545280000001,1531.2848616
2000-07-18,21.99873,668.761392,1636.2655373999999
2000-07-19,18.837,572.6448,1401.0960599999999
2000-07-20,20.08266,610.512864,1493.7482507999998
2000-07-21,18.25122,554.837088,1357.5257436
2000-07-22,20.41143,620.507472,1518.2021633999998
2000-07-23,25.82697,785.139888,1921.0100286
2000-07-24,23.85669,725.243376,1774.4606022
2000-07-25,24.7104,751.1961600000001,1837.959552
2000-07-26,21.3915,650.3016,1591.09977
2000-07-27,21.324810000000003,648.274224,1586.1393678
2000-07-28,18.50745,562.62648,1376.584131
2000-07-29,15.564900000000002,473.17296000000005,1157.717262
2000-07-30,17.418960000000002,529.5363840000001,1295.6222447999999
2000-07-31,23.4741,713.61264,1746.003558
2000-08-01,19.73361,599.901744,1467.7859118
2000-08-02,21.98391,668.310864,1635.1632258
2000-08-03,20.88216,634.817664,1553.2150608
2000-08-04,20.486310000000003,622.7838240000001,1523.7717378
2000-08-05,12.416820000000001,377.471328,923.5630716000001
2000-08-06,12.59193,382.794672,936.5877534
2000-08-07,22.2495,676.3848,1654.91781
2000-08-08,21.145020000000002,642.808608,1572.7665876
2000-08-09,19.96683,606.991632,1485.1328154
2000-08-10,22.76625,692.094,1693.353675
2000-08-11,25.387050000000002,771.76632,1888.288779
2000-08-12,26.611260000000005,808.982304,1979.3455188
2000-08-13,18.62835,566.3018400000001,1385.5766730000003
2000-08-14,24.157380000000003,734.384352,1796.8259244
2000-08-15,24.68973,750.567792,1836.4221174000002
2000-08-16,25.126140000000003,763.834656,1868.8822932
2000-08-17,26.64051,809.8715040000001,1981.5211338
2000-08-18,21.43167,651.522768,1594.0876146
2000-08-19,24.46704,743.7980160000001,1819.8584352
2000-08-20,25.42176,772.821504,1890.8705088
2000-08-21,27.647490000000005,840.4836960000001,2056.4203062
2000-08-22,24.160890000000002,734.4910560000001,1797.0869982
2000-08-23,22.00458,668.939232,1636.7006603999998
2000-08-24,20.984340000000003,637.923936,1560.8152092
2000-08-25,22.25535,676.5626400000001,1655.3529330000001
2000-08-26,23.655450000000002,719.12568,1759.492371
2000-08-27,24.337950000000003,739.87368,1810.256721
2000-08-28,20.414160000000003,620.590464,1518.4052207999998
2000-08-29,20.96172,637.236288,1559.1327335999997
2000-08-30,22.36962,680.0364480000001,1663.8523356000003
2000-08-31,17.251260000000002,524.438304,1283.1487187999999
2000-09-01,11.36382,345.460128,845.2409316
2000-09-02,19.01406,578.027424,1414.2657828
2000-09-03,19.18527,583.232208,1427.0003826
2000-09-04,17.49852,531.9550079999999,1301.5399175999999
2000-09-05,13.159380000000002,400.04515200000003,978.7946844
2000-09-06,17.869020000000003,543.2182080000001,1329.0977076000001
2000-09-07,13.855530000000002,421.208112,1030.5743214
2000-09-08,22.1832,674.36928,1649.9864159999997
2000-09-09,20.35332,618.740928,1513.8799416
2000-09-10,16.049670000000003,487.90996800000005,1193.7744546000001
2000-09-11,20.02572,608.781888,1489.5130536000001
2000-09-12,26.452140000000004,804.1450560000001,1967.5101732000003
2000-09-13,25.105469999999997,763.206288,1867.3448586
2000-09-14,18.33624,557.421696,1363.8495312
2000-09-15,17.25594,524.580576,1283.4968172
2000-09-16,16.8675,512.772,1254.60465
2000-09-17,14.265420000000002,433.668768,1061.0619396
2000-09-18,23.77362,722.7180480000001,1768.2818556
2000-09-19,22.11495,672.29448,1644.909981
2000-09-20,13.014300000000002,395.6347200000001,968.0036339999999
2000-09-21,19.641180000000002,597.091872,1460.9109684
2000-09-22,20.638020000000004,627.395808,1535.0559276000001
2000-09-23,15.740790000000002,478.52001600000006,1170.7999602
2000-09-24,15.942810000000003,484.66142400000007,1185.8262078
2000-09-25,22.143810000000002,673.171824,1647.0565878000002
2000-09-26,23.56302,716.3158080000001,1752.6174276000002
2000-09-27,12.34506,375.289824,918.2255628
2000-09-28,17.14011,521.0593439999999,1274.8813817999999
2000-09-29,12.76626,388.094304,949.5544188
2000-09-30,16.420170000000002,499.17316800000003,1221.3322446
2000-10-01,23.60319,717.5369760000001,1755.6052722000002
2000-10-02,21.44376,651.890304,1594.9868688
2000-10-03,21.05337,640.022448,1565.9496606
2000-10-04,19.5156,593.27424,1451.5703279999998
2000-10-05,22.927319999999998,696.990528,1705.3340615999998
2000-10-06,23.187450000000002,704.8984800000001,1724.682531
2000-10-07,20.817420000000002,632.849568,1548.3996995999998
2000-10-08,14.4573,439.50192,1075.333974
2000-10-09,18.667740000000002,567.4992960000001,1388.5065012
2000-10-10,26.127660000000002,794.2808640000001,1943.3753508
2000-10-11,21.35679,649.246416,1588.5180401999999
2000-10-12,19.97034,607.098336,1485.3938891999999
2000-10-13,17.49774,531.9312960000001,1301.4819012
2000-10-14,21.357570000000003,649.270128,1588.5760566000001
2000-10-15,14.3949,437.60495999999995,1070.692662
2000-10-16,21.26319,646.400976,1581.5560721999998
2000-10-17,18.46533,561.346032,1373.4512454
2000-10-18,11.460540000000002,348.40041600000006,852.4349652000001
2000-10-19,20.639580000000002,627.443232,1535.1719604
2000-10-20,20.62398,626.968992,1534.0116323999998
2000-10-21,15.744299999999999,478.62672000000003,1171.0610339999998
2000-10-22,19.92549,605.7348959999999,1482.0579461999998
2000-10-23,16.58592,504.21196799999996,1233.6607296
2000-10-24,8.369790000000002,254.441616,622.5449802
2000-10-25,14.666340000000002,445.85673600000007,1090.8823691999999
2000-10-26,16.45293,500.16907199999997,1223.7689334000002
2000-10-27,14.07744,427.95417599999996,1047.0799872
2000-10-28,17.31327,526.323408,1287.7610226000002
2000-10-29,15.20922,462.36028799999997,1131.2617836
2000-10-30,16.593329999999998,504.437232,1234.2118853999998
2000-10-31,18.542160000000003,563.6816640000001,1379.1658608
2000-11-01,16.34802,496.979808,1215.9657276
2000-11-02,12.012780000000001,365.188512,893.5105764
2000-11-03,20.6154,626.70816,1533.3734519999998
2000-11-04,16.805100000000003,510.87504000000007,1249.963338
2000-11-05,15.221309999999999,462.72782399999994,1132.1610378
2000-11-06,18.88458,574.091232,1404.6350604
2000-11-07,19.45281,591.365424,1446.9000078
2000-11-08,18.65721,567.179184,1387.7232798
2000-11-09,17.97783,546.526032,1337.1909954
2000-11-10,16.8441,512.0606399999999,1252.8641579999999
2000-11-11,14.666340000000002,445.85673600000007,1090.8823691999999
2000-11-12,19.583849999999998,595.34904,1456.646763
2000-11-13,17.428320000000003,529.820928,1296.3184416
2000-11-14,20.67156,628.415424,1537.5506328
2000-11-15,19.487520000000004,592.420608,1449.4817376
2000-11-16,18.546840000000003,563.8239360000001,1379.5139592
2000-11-17,18.92514,575.324256,1407.6519131999999
2000-11-18,13.74126,417.73430400000007,1022.0749188000001
2000-11-19,17.50593,532.180272,1302.0910734
2000-11-20,20.035860000000003,609.090144,1490.2672668
2000-11-21,24.80478,754.0653120000001,1844.9795364
2000-11-22,22.221420000000002,675.5311680000001,1652.8292195999998
2000-11-23,18.939180000000004,575.751072,1408.6962084000002
2000-11-24,18.91188,574.921152,1406.6656343999998
2000-11-25,21.32676,648.333504,1586.2844088
2000-11-26,20.985120000000002,637.947648,1560.8732255999998
2000-11-27,16.72359,508.39713600000005,1243.9006241999998
2000-11-28,18.365099999999998,558.29904,1365.996138
2000-11-29,15.865980000000002,482.32579200000004,1180.1115923999998
2000-11-30,21.67035,658.77864,1611.8406329999998
2000-12-01,18.97194,576.746976,1411.1328972000001
2000-12-02,17.77191,540.2660639999999,1321.8746657999998
2000-12-03,13.900380000000002,422.57155200000005,1033.9102644
2000-12-04,15.548910000000001,472.68686399999996,1156.5279257999998
2000-12-05,17.51061,532.322544,1302.4391717999997
2000-12-06,14.3208,435.35232,1065.181104
2000-12-07,16.76922,509.78428800000006,1247.2945836000001
2000-12-08,18.25863,555.062352,1358.0768994
2000-12-09,22.09818,671.784672,1643.6626284
2000-12-10,16.705650000000002,507.85176,1242.566247
2000-12-11,14.089529999999998,428.32171200000005,1047.9792413999999
2000-12-12,18.75822,570.249888,1395.2364036
2000-12-13,19.18254,583.1492159999999,1426.7973251999997
2000-12-14,15.37653,467.446512,1143.7063014
2000-12-15,15.279420000000002,464.49436800000007,1136.4832596
2000-12-16,16.65612,506.34604800000005,1238.8822056000001
2000-12-17,17.951700000000002,545.73168,1335.2474459999999
2000-12-18,14.429220000000003,438.64828800000004,1073.2453836
2000-12-19,9.25236,281.27174399999996,688.1905367999999
2000-12-20,14.260740000000002,433.52649600000007,1060.7138412
2000-12-21,18.05544,548.8853760000001,1342.9636272
2000-12-22,20.994480000000003,638.232192,1561.5694224000001
2000-12-23,21.05805,640.16472,1566.2977589999998
2000-12-24,17.929080000000003,545.044032,1333.5649704
2000-12-25,11.3724,345.72096,845.879112
2000-12-26,20.93832,636.524928,1557.3922416
2000-12-27,9.11274,277.027296,677.8056012
2000-12-28,14.96274,454.867296,1112.9286012
2000-12-29,11.64306,353.949024,866.0108027999999
2000-12-30,17.862779999999997,543.028512,1328.6335763999998
2000-12-31,21.93126,666.7103040000001,1631.2471188
2001-01-01,22.68864,689.734656,1687.5810431999998
2001-01-02,22.89378,695.970912,1702.8393564
2001-01-03,19.312410000000003,587.097264,1436.4570558
2001-01-04,17.57067,534.148368,1306.9064346
2001-01-05,18.187260000000002,552.8927040000001,1352.7683988
2001-01-06,15.22404,462.81081600000005,1132.3640952
2001-01-07,16.7739,509.92656000000005,1247.642682
2001-01-08,23.11374,702.657696,1719.1999812
2001-01-09,19.861140000000002,603.7786560000001,1477.2715931999999
2001-01-10,15.048929999999999,457.48747199999997,1119.3394133999998
2001-01-11,17.910359999999997,544.4749439999999,1332.1725768
2001-01-12,18.12486,550.9957440000001,1348.1270868000001
2001-01-13,18.32415,557.05416,1362.950277
2001-01-14,19.190730000000002,583.398192,1427.4064974
2001-01-15,20.847450000000002,633.7624800000001,1550.633331
2001-01-16,16.40262,498.639648,1220.0268756
2001-01-17,12.39927,376.937808,922.2577026
2001-01-18,14.990820000000001,455.720928,1115.0171916
2001-01-19,16.73841,508.847664,1245.0029358
2001-01-20,14.066130000000001,427.610352,1046.2387494
2001-01-21,17.832749999999997,542.1156,1326.399945
2001-01-22,15.19791,462.01646400000004,1130.4205458000001
2001-01-23,13.74438,417.829152,1022.3069843999999
2001-01-24,19.363889999999998,588.662256,1440.2861381999999
2001-01-25,19.42005,590.3695200000001,1444.463319
2001-01-26,22.048260000000003,670.267104,1639.9495788000002
2001-01-27,17.901,544.1904,1331.4763799999998
2001-01-28,24.05988,731.420352,1789.5738744
2001-01-29,25.225980000000003,766.8697920000001,1876.3083924
2001-01-30,24.77787,753.247248,1842.9779706
2001-01-31,24.261120000000002,737.538048,1804.5421056
2001-02-01,23.006880000000002,699.4091520000001,1711.2517344
2001-02-02,21.05337,640.022448,1565.9496606
2001-02-03,16.944329999999997,515.107632,1260.3192654
2001-02-04,20.079150000000002,610.40616,1493.487177
2001-02-05,18.94737,576.000048,1409.3053805999998
2001-02-06,19.540950000000002,594.04488,1453.4558610000001
2001-02-07,23.956920000000004,728.2903680000001,1781.9157096000001
2001-02-08,21.93126,666.7103040000001,1631.2471188
2001-02-09,21.393060000000002,650.349024,1591.2158028000001
2001-02-10,21.84156,663.9834239999999,1624.5752328
2001-02-11,21.81426,663.153504,1622.5446587999998
2001-02-12,20.30847,617.377488,1510.5439986
2001-02-13,26.677950000000003,811.0096799999999,1984.305921
2001-02-14,20.349420000000002,618.622368,1513.5898596
2001-02-15,19.1139,581.06256,1421.6918819999999
2001-02-16,15.455309999999999,469.84142399999996,1149.5659577999998
2001-02-17,15.5571,472.93584,1157.137098
2001-02-18,18.16386,552.181344,1351.0279068
2001-02-19,14.69988,446.87635200000005,1093.3770744
2001-02-20,13.831350000000002,420.47304,1028.775813
2001-02-21,12.44022,378.18268800000004,925.3035636
2001-02-22,18.338970000000003,557.504688,1364.0525886
2001-02-23,16.01106,486.73622400000005,1190.9026428
2001-02-24,13.40625,407.55,997.156875
2001-02-25,13.87152,421.694208,1031.7636576
2001-02-26,6.856199999999999,208.42848,509.96415600000006
2001-02-27,17.02116,517.443264,1266.0338808
2001-02-28,19.49298,592.586592,1449.8878524
2001-03-01,16.18734,492.095136,1204.0143492
2001-03-02,21.89031,665.465424,1628.2012578
2001-03-03,22.05138,670.361952,1640.1816444
2001-03-04,16.00833,486.653232,1190.6995854
2001-03-05,18.714540000000003,568.9220160000001,1391.9874852
2001-03-06,13.55328,412.019712,1008.0929664
2001-03-07,13.86216,421.40966399999996,1031.0674608
2001-03-08,18.76875,570.57,1396.019625
2001-03-09,19.37715,589.06536,1441.272417
2001-03-10,17.97042,546.3007680000001,1336.6398396
2001-03-11,15.926820000000001,484.17532800000004,1184.6368716
2001-03-12,23.78649,723.1092960000001,1769.2391262
2001-03-13,19.425900000000002,590.54736,1444.898442
2001-03-14,15.728700000000003,478.1524800000001,1169.9007060000001
2001-03-15,17.4525,530.5559999999999,1298.1169499999999
2001-03-16,16.037580000000002,487.542432,1192.8752003999998
2001-03-17,12.88482,391.698528,958.3729116
2001-03-18,12.51705,380.51832,931.018179
2001-03-19,11.1813,339.91152,831.6650940000001
2001-03-20,14.87226,452.116704,1106.1986988
2001-03-21,10.26402,312.02620800000005,763.4378076
2001-03-22,14.920620000000001,453.58684800000003,1109.7957156
2001-03-23,18.31674,556.828896,1362.3991212
2001-03-24,17.4837,531.50448,1300.4376059999997
2001-03-25,20.93286,636.358944,1556.9861268
2001-03-26,20.501130000000003,623.2343520000001,1524.8740494
2001-03-27,22.1637,673.77648,1648.5360059999998
2001-03-28,20.67897,628.640688,1538.1017885999997
2001-03-29,15.662010000000002,476.1251040000001,1164.9403038
2001-03-30,22.21986,675.4837440000001,1652.7131868
2001-03-31,21.836100000000002,663.81744,1624.1691179999998
2001-04-01,20.52375,623.922,1526.556525
2001-04-02,21.67854,659.027616,1612.4498052000001
2001-04-03,21.965970000000002,667.765488,1633.8288486
2001-04-04,13.26234,403.175136,986.4528492
2001-04-05,17.329259999999998,526.8095040000001,1288.9503587999998
2001-04-06,20.83068,633.252672,1549.3859783999999
2001-04-07,15.026700000000002,456.8116800000001,1117.685946
2001-04-08,24.844170000000002,755.262768,1847.9093646000001
2001-04-09,20.21097,614.4134879999999,1503.2919485999998
2001-04-10,21.186360000000004,644.0653440000001,1575.8414568
2001-04-11,16.27899,494.881296,1210.8312762
2001-04-12,23.084490000000002,701.768496,1717.0243662
2001-04-13,18.148260000000004,551.7071040000001,1349.8675788
2001-04-14,13.50375,410.51399999999995,1004.408925
2001-04-15,17.682989999999997,537.562896,1315.2607962
2001-04-16,15.2529,463.68816,1134.510702
2001-04-17,10.39506,316.00982400000004,773.1845628
2001-04-18,19.817069999999998,602.4389279999999,1473.9936665999999
2001-04-19,14.43234,438.74313600000005,1073.4774492000001
2001-04-20,19.52301,593.499504,1452.1214837999999
2001-04-21,22.78497,692.663088,1694.7460686
2001-04-22,17.47707,531.3029280000001,1299.9444666
2001-04-23,16.19475,492.32039999999995,1204.5655049999998
2001-04-24,19.32918,587.607072,1437.7044084
2001-04-25,17.806620000000002,541.3212480000001,1324.4563956
2001-04-26,20.31315,617.51976,1510.892097
2001-04-27,21.9453,667.13712,1632.2914139999998
2001-04-28,19.95747,606.707088,1484.4366186
2001-04-29,19.25079,585.224016,1431.8737601999999
2001-04-30,22.32282,678.613728,1660.3713516
2001-05-01,24.383580000000002,741.260832,1813.6506803999998
2001-05-02,17.33862,527.094048,1289.6465556
2001-05-03,18.36627,558.334608,1366.0831626
2001-05-04,16.09842,489.39196799999996,1197.4004796
2001-05-05,18.07962,549.620448,1344.7621356
2001-05-06,15.624570000000002,474.9869280000001,1162.1555166
2001-05-07,15.89874,483.321696,1182.5482812
2001-05-08,9.18606,279.25622400000003,683.2591428
2001-05-09,15.2763,464.39952000000005,1136.251194
2001-05-10,22.389120000000002,680.629248,1665.3027455999998
2001-05-11,22.21791,675.4244640000001,1652.5681458000001
2001-05-12,22.729979999999998,690.991392,1690.6559124
2001-05-13,18.528900000000004,563.2785600000001,1378.179582
2001-05-14,22.66251,688.940304,1685.6374938000001
2001-05-15,19.318260000000002,587.275104,1436.8921788
2001-05-16,16.93614,514.858656,1259.7100931999998
2001-05-17,25.190490000000004,765.7908960000001,1873.6686462
2001-05-18,22.31502,678.376608,1659.7911875999998
2001-05-19,19.07958,580.019232,1419.1391604
2001-05-20,21.93711,666.8881440000001,1631.6822418000002
2001-05-21,10.42704,316.98201600000004,775.5632352
2001-05-22,20.23359,615.1011360000001,1504.9744242000002
2001-05-23,24.92958,757.859232,1854.2621604
2001-05-24,16.81251,511.100304,1250.5144938
2001-05-25,24.128130000000002,733.4951520000001,1794.6503094
2001-05-26,14.82156,450.575424,1102.4276327999999
2001-05-27,19.26678,585.710112,1433.0630964
2001-05-28,23.28963,708.004752,1732.2826794000002
2001-05-29,24.81258,754.3024320000001,1845.5597003999999
2001-05-30,23.818470000000005,724.081488,1771.6177986
2001-05-31,21.174269999999996,643.6978079999999,1574.9422025999997
2001-06-01,11.8404,359.94816,880.688952
2001-06-02,12.43866,378.135264,925.1875307999999
2001-06-03,18.187260000000002,552.8927040000001,1352.7683988
2001-06-04,22.16175,673.7172,1648.390965
2001-06-05,21.76941,661.790064,1619.2087158
2001-06-06,21.55413,655.245552,1603.1961893999999
2001-06-07,22.5576,685.75104,1677.834288
2001-06-08,25.98141,789.834864,1932.4972758000001
2001-06-09,23.95497,728.231088,1781.7706686
2001-06-10,22.81578,693.5997120000001,1697.0377164
2001-06-11,21.5514,655.16256,1602.9931319999998
2001-06-12,18.64122,566.693088,1386.5339436
2001-06-13,20.92428,636.098112,1556.3479464
2001-06-14,15.664740000000002,476.20809600000007,1165.1433612
2001-06-15,23.14338,703.558752,1721.4046043999997
2001-06-16,17.09214,519.6010560000001,1271.3133732
2001-06-17,20.996430000000004,638.291472,1561.7144634
2001-06-18,24.52515,745.56456,1824.180657
2001-06-19,20.662200000000002,628.13088,1536.854436
2001-06-20,20.43951,621.3611040000001,1520.2907538
2001-06-21,23.14455,703.59432,1721.4916289999999
2001-06-22,24.34731,740.158224,1810.9529177999998
2001-06-23,20.13336,612.0541440000001,1497.5193168
2001-06-24,19.26834,585.757536,1433.1791291999998
2001-06-25,24.080550000000002,732.04872,1791.1113090000001
2001-06-26,27.21615,827.37096,2024.337237
2001-06-27,22.57437,686.260848,1679.0816406
2001-06-28,22.808370000000004,693.374448,1696.4865606
2001-06-29,16.9416,515.02464,1260.116208
2001-06-30,19.078409999999998,579.983664,1419.0521357999999
2001-07-01,19.43409,590.796336,1445.5076142
2001-07-02,21.89382,665.5721280000001,1628.4623316
2001-07-03,24.14802,734.099808,1796.1297276
2001-07-04,22.59894,687.007776,1680.9091572
2001-07-05,21.517860000000002,654.142944,1600.4984268
2001-07-06,19.77495,601.15848,1470.860781
2001-07-07,24.113310000000002,733.044624,1793.5479978
2001-07-08,19.21218,584.050272,1429.0019484
2001-07-09,19.21218,584.050272,1429.0019484
2001-07-10,18.32415,557.05416,1362.950277
2001-07-11,20.48709,622.807536,1523.8297541999998
2001-07-12,21.85014,664.244256,1625.2134131999999
2001-07-13,23.479560000000003,713.778624,1746.4096728000002
2001-07-14,17.89242,543.929568,1330.8381995999998
2001-07-15,9.84399,299.257296,732.1959761999999
2001-07-16,23.982270000000003,729.061008,1783.8012426
2001-07-17,20.77842,631.6639680000001,1545.4988796
2001-07-18,25.805519999999998,784.487808,1919.4145775999998
2001-07-19,17.71653,538.5825120000001,1317.7555014
2001-07-20,21.37902,649.9222080000001,1590.1715076
2001-07-21,21.0093,638.68272,1562.6717339999998
2001-07-22,18.82686,572.336544,1400.3418468
2001-07-23,21.309990000000003,647.823696,1585.0370562
2001-07-24,25.77939,783.693456,1917.4710282
2001-07-25,25.936560000000004,788.4714240000001,1929.1613327999999
2001-07-26,16.36869,497.608176,1217.5031622
2001-07-27,22.58958,686.723232,1680.2129604000002
2001-07-28,19.31358,587.132832,1436.5440804
2001-07-29,24.75252,752.476608,1841.0924375999998
2001-07-30,13.84149,420.78129600000005,1029.5300262
2001-07-31,20.837310000000002,633.4542240000001,1549.8791178000001
2001-08-01,24.66438,749.7971520000001,1834.5365844
2001-08-02,24.06378,731.538912,1789.8639564
2001-08-03,23.997090000000004,729.5115360000001,1784.9035542
2001-08-04,20.39271,619.938384,1516.8097698
2001-08-05,19.838520000000003,603.0910080000001,1475.5891176
2001-08-06,22.60518,687.197472,1681.3732883999999
2001-08-07,21.207030000000003,644.6937120000001,1577.3788914
2001-08-08,21.98196,668.251584,1635.0181847999997
2001-08-09,25.21038,766.3955520000001,1875.1480643999998
2001-08-10,24.96234,758.855136,1856.6988492
2001-08-11,22.40589,681.139056,1666.5500981999999
2001-08-12,25.554750000000002,776.8644,1900.762305
2001-08-13,20.6895,628.9608,1538.8850099999997
2001-08-14,20.9391,636.54864,1557.4502579999998
2001-08-15,17.910359999999997,544.4749439999999,1332.1725768
2001-08-16,22.52757,684.8381280000001,1675.6006566
2001-08-17,22.41057,681.281328,1666.8981966
2001-08-18,22.56774,686.059296,1678.5885012
2001-08-19,19.36662,588.7452480000001,1440.4891956
2001-08-20,24.44832,743.228928,1818.4660415999997
2001-08-21,23.93352,727.579008,1780.1752176
2001-08-22,21.40905,650.8351200000001,1592.4051389999997
2001-08-23,22.32555,678.69672,1660.574409
2001-08-24,25.122239999999998,763.716096,1868.5922111999998
2001-08-25,21.368100000000002,649.59024,1589.359278
2001-08-26,21.09354,641.243616,1568.9375052
2001-08-27,26.73489,812.7406560000001,1988.5411182
2001-08-28,23.426130000000004,712.154352,1742.4355494
2001-08-29,24.78801,753.555504,1843.7321837999998
2001-08-30,28.280460000000005,859.725984,2103.5006147999998
2001-08-31,25.143690000000003,764.3681760000001,1870.1876622
2001-09-01,21.76473,661.647792,1618.8606174
2001-09-02,17.15298,521.450592,1275.8386524
2001-09-03,19.83462,602.972448,1475.2990356
2001-09-04,22.25886,676.6693439999999,1655.6140067999997
2001-09-05,19.194630000000004,583.5167520000001,1427.6965794
2001-09-06,19.19268,583.4574719999999,1427.5515383999998
2001-09-07,23.99514,729.4522559999999,1784.7585132
2001-09-08,21.598200000000002,656.5852800000001,1606.4741159999999
2001-09-09,21.22458,645.227232,1578.6842603999999
2001-09-10,21.52878,654.474912,1601.3106564
2001-09-11,23.59383,717.252432,1754.9090754
2001-09-12,12.224939999999998,371.638176,909.2910371999999
2001-09-13,15.571140000000002,473.36265599999996,1158.1813932
2001-09-14,12.920700000000002,392.78928,961.0416660000001
2001-09-15,23.48034,713.8023360000001,1746.4676892
2001-09-16,28.40487,863.508048,2112.7542305999996
2001-09-17,25.293450000000004,768.92088,1881.326811
2001-09-18,18.540210000000002,563.622384,1379.0208197999998
2001-09-19,18.18648,552.8689919999999,1352.7103823999998
2001-09-20,20.25777,615.836208,1506.7729326
2001-09-21,21.44571,651.9495840000001,1595.1319098
2001-09-22,18.88458,574.091232,1404.6350604
2001-09-23,19.49025,592.5035999999999,1449.684795
2001-09-24,24.10746,732.866784,1793.1128747999999
2001-09-25,24.818820000000002,754.4921280000001,1846.0238316
2001-09-26,21.19572,644.3498880000001,1576.5376535999999
2001-09-27,17.94507,545.530128,1334.7543066
2001-09-28,20.3385,618.2904,1512.7776299999998
2001-09-29,21.614970000000003,657.095088,1607.7214686
2001-09-30,13.592670000000002,413.2171680000001,1011.0227946000001
2001-10-01,21.588839999999998,656.3007359999999,1605.7779191999998
2001-10-02,23.64414,718.781856,1758.6511331999998
2001-10-03,23.3259,709.10736,1734.9804419999998
2001-10-04,22.48272,683.474688,1672.2647135999998
2001-10-05,23.717460000000003,721.0107840000001,1764.1046748
2001-10-06,21.31467,647.965968,1585.3851546
2001-10-07,21.83961,663.9241440000001,1624.4301917999999
2001-10-08,22.75806,691.8450240000001,1692.7445028
2001-10-09,21.35952,649.3294080000001,1588.7210976
2001-10-10,15.167880000000002,461.10355200000004,1128.1869144
2001-10-11,21.06936,640.508544,1567.1389968
2001-10-12,20.71563,629.7551520000001,1540.8285594
2001-10-13,16.204109999999996,492.60494399999993,1205.2617017999999
2001-10-14,15.492750000000001,470.97960000000006,1152.350745
2001-10-15,20.205510000000004,614.247504,1502.8858338000002
2001-10-16,11.64306,353.949024,866.0108027999999
2001-10-17,14.455740000000002,439.454496,1075.2179412
2001-10-18,16.34061,496.75454399999995,1215.4145717999997
2001-10-19,20.53779,624.3488159999999,1527.6008202
2001-10-20,20.12322,611.745888,1496.7651036
2001-10-21,20.3853,619.71312,1516.258614
2001-10-22,19.795620000000003,601.7868480000001,1472.3982156
2001-10-23,14.82234,450.599136,1102.4856492000001
2001-10-24,16.562520000000003,503.500608,1231.9202376
2001-10-25,20.64426,627.585504,1535.5200588
2001-10-26,16.95018,515.285472,1260.7543884
2001-10-27,15.923310000000004,484.06862400000006,1184.3757978
2001-10-28,16.170180000000002,491.5734720000001,1202.7379884000002
2001-10-29,18.170489999999997,552.382896,1351.5210461999998
2001-10-30,14.324700000000002,435.4708800000001,1065.471186
2001-10-31,12.058409999999999,366.575664,896.9045357999998
2001-11-01,14.568060000000001,442.869024,1083.5723028
2001-11-02,12.519,380.5776,931.16322
2001-11-03,23.719020000000004,721.058208,1764.2207076
2001-11-04,22.56033,685.834032,1678.0373454
2001-11-05,18.382260000000002,558.820704,1367.2724988
2001-11-06,18.5835,564.9384,1382.2407299999998
2001-11-07,21.853650000000002,664.3509600000001,1625.4744870000002
2001-11-08,17.99733,547.118832,1338.6414054
2001-11-09,19.32918,587.607072,1437.7044084
2001-11-10,16.64598,506.037792,1238.1279924
2001-11-11,18.685290000000002,568.032816,1389.8118702
2001-11-12,14.41635,438.25703999999996,1072.2881129999998
2001-11-13,15.10782,459.27772799999997,1123.7196516000001
2001-11-14,16.22829,493.34001600000005,1207.0602102
2001-11-15,16.23765,493.62456,1207.756407
2001-11-16,21.613020000000002,657.0358080000001,1607.5764276000002
2001-11-17,21.869639999999997,664.837056,1626.6638231999998
2001-11-18,18.98286,577.078944,1411.9451267999998
2001-11-19,14.718600000000002,447.44544,1094.769468
2001-11-20,17.620980000000003,535.677792,1310.6484924
2001-11-21,15.617160000000002,474.76166400000005,1161.6043608000002
2001-11-22,19.223489999999998,584.394096,1429.8431862
2001-11-23,20.94573,636.7501920000001,1557.9433973999999
2001-11-24,14.614859999999998,444.291744,1087.0532867999998
2001-11-25,11.90982,362.058528,885.8524116
2001-11-26,14.234610000000002,432.732144,1058.7702918
2001-11-27,14.282580000000001,434.19043200000004,1062.3383004
2001-11-28,15.83439,481.36545600000005,1177.7619282
2001-11-29,18.455970000000004,561.061488,1372.7550486
2001-11-30,15.857789999999998,482.076816,1179.5024201999997
2001-12-01,13.089179999999999,397.911072,973.5732084
2001-12-02,15.651870000000002,475.81684800000005,1164.1860906000002
2001-12-03,17.23176,523.845504,1281.6983088
2001-12-04,19.13847,581.8094880000001,1423.5193986
2001-12-05,19.08309,580.1259359999999,1419.4002341999999
2001-12-06,16.38,497.952,1218.3444
2001-12-07,15.4908,470.92032000000006,1152.205704
2001-12-08,11.20665,340.68216,833.550627
2001-12-09,16.961100000000002,515.61744,1261.566618
2001-12-10,16.90689,513.969456,1257.5344782
2001-12-11,18.80034,571.5303359999999,1398.3692892
2001-12-12,18.819060000000004,572.0994240000001,1399.7616828
2001-12-13,8.724300000000001,265.21872,648.913434
2001-12-14,18.6264,566.24256,1385.431632
2001-12-15,18.00201,547.261104,1338.9895038
2001-12-16,14.14491,430.00526400000007,1052.0984058000001
2001-12-17,11.002680000000002,334.481472,818.3793383999999
2001-12-18,12.32985,374.82744,917.0942430000001
2001-12-19,16.24701,493.90910399999996,1208.4526038
2001-12-20,17.428320000000003,529.820928,1296.3184416
2001-12-21,14.907749999999998,453.1956,1108.8384449999999
2001-12-22,18.70986,568.779744,1391.6393868
2001-12-23,19.573710000000002,595.0407840000001,1455.8925498
2001-12-24,15.594540000000002,474.07401600000003,1159.9218852000001
2001-12-25,15.581669999999999,473.68276799999995,1158.9646146
2001-12-26,15.142529999999999,460.332912,1126.3013813999999
2001-12-27,17.96574,546.158496,1336.2917412
2001-12-28,20.987070000000003,638.0069280000001,1561.0182666
2001-12-29,17.384249999999998,528.4812,1293.040515
2001-12-30,14.679210000000001,446.24798400000003,1091.8396398
2001-12-31,20.526480000000003,624.0049920000001,1526.7595824
2002-01-01,20.81859,632.885136,1548.4867241999998
2002-01-02,21.50187,653.6568480000001,1599.3090905999998
2002-01-03,18.15645,551.95608,1350.476751
2002-01-04,20.55066,624.7400640000001,1528.5580908
2002-01-05,23.55639,716.114256,1752.1242882
2002-01-06,18.39903,559.330512,1368.5198513999999
2002-01-07,18.79098,571.245792,1397.6730923999999
2002-01-08,17.035200000000003,517.87008,1267.078176
2002-01-09,18.98403,577.114512,1412.0321514
2002-01-10,22.00809,669.045936,1636.9617342
2002-01-11,21.272550000000003,646.6855200000001,1582.252269
2002-01-12,18.83895,572.70408,1401.2411009999998
2002-01-13,15.27084,464.233536,1135.8450792
2002-01-14,15.263430000000001,464.008272,1135.2939233999998
2002-01-15,21.049860000000002,639.915744,1565.6885868
2002-01-16,19.055010000000003,579.2723040000001,1417.3116438
2002-01-17,20.97849,637.746096,1560.3800862
2002-01-18,20.25699,615.812496,1506.7149161999998
2002-01-19,21.82947,663.6158879999999,1623.6759785999998
2002-01-20,17.81871,541.688784,1325.3556498
2002-01-21,19.90326,605.0591039999999,1480.4044787999999
2002-01-22,19.71957,599.4749280000001,1466.7416166
2002-01-23,21.63486,657.699744,1609.2008867999998
2002-01-24,21.53346,654.617184,1601.6587547999998
2002-01-25,20.076420000000002,610.323168,1493.2841196
2002-01-26,18.248100000000004,554.74224,1357.2936780000002
2002-01-27,23.7783,722.86032,1768.629954
2002-01-28,21.485100000000003,653.1470400000001,1598.0617380000003
2002-01-29,22.52757,684.8381280000001,1675.6006566
2002-01-30,13.31265,404.70456,990.1949070000001
2002-01-31,16.42953,499.45771199999996,1222.0284414
2002-02-01,21.29322,647.3138880000001,1583.7897036000002
2002-02-02,16.94628,515.166912,1260.4643064
2002-02-03,14.876940000000001,452.258976,1106.5467972
2002-02-04,14.675699999999999,446.14128,1091.578566
2002-02-05,19.7457,600.26928,1468.6851659999998
2002-02-06,20.86617,634.331568,1552.0257245999999
2002-02-07,12.12861,368.70974400000006,902.1260118
2002-02-08,12.76782,388.141728,949.6704516
2002-02-09,14.08212,428.096448,1047.4280855999998
2002-02-10,18.21534,553.746336,1354.8569892
2002-02-11,19.573710000000002,595.0407840000001,1455.8925498
2002-02-12,20.20902,614.354208,1503.1469076
2002-02-13,18.408390000000004,559.6150560000001,1369.2160482
2002-02-14,20.37867,619.511568,1515.7654745999998
2002-02-15,20.73162,630.241248,1542.0178956000002
2002-02-16,22.726860000000002,690.8965440000001,1690.4238467999999
2002-02-17,18.842460000000003,572.8107840000001,1401.5021748
2002-02-18,20.60526,626.3999040000001,1532.6192388
2002-02-19,13.926900000000002,423.37776,1035.882822
2002-02-20,19.911450000000002,605.30808,1481.013651
2002-02-21,22.806420000000003,693.3151680000001,1696.3415196
2002-02-22,21.00384,638.516736,1562.2656192
2002-02-23,18.20598,553.461792,1354.1607923999998
2002-02-24,21.93906,666.947424,1631.8272828000001
2002-02-25,23.64726,718.876704,1758.8831988
2002-02-26,19.951620000000002,606.5292479999999,1484.0014956
2002-02-27,15.58713,473.84875200000005,1159.3707294
2002-02-28,22.155119999999997,673.5156479999999,1647.8978256
2002-03-01,24.32664,739.529856,1809.4154832
2002-03-02,26.196690000000004,796.3793760000001,1948.5098022
2002-03-03,21.550620000000002,655.138848,1602.9351156
2002-03-04,21.715980000000002,660.165792,1615.2345924
2002-03-05,21.38838,650.206752,1590.8677044
2002-03-06,19.08582,580.208928,1419.6032916
2002-03-07,19.73283,599.8780320000001,1467.7278954
2002-03-08,22.03734,669.935136,1639.1373491999998
2002-03-09,21.94452,667.113408,1632.2333976000002
2002-03-10,20.46759,622.214736,1522.3793442
2002-03-11,15.96348,485.2897920000001,1187.3636424000001
2002-03-12,13.806780000000002,419.72611200000006,1026.9482964
2002-03-13,24.3165,739.2216000000001,1808.66127
2002-03-14,18.08157,549.6797280000001,1344.9071766000002
2002-03-15,13.62426,414.177504,1013.3724588
2002-03-16,21.79866,662.6792640000001,1621.3843308000003
2002-03-17,17.96184,546.039936,1336.0016592
2002-03-18,18.49536,562.258944,1375.6848768
2002-03-19,12.55254,381.597216,933.6579251999999
2002-03-20,15.982199999999999,485.85888,1188.7560359999998
2002-03-21,13.721760000000002,417.14150400000005,1020.6245088000001
2002-03-22,14.633580000000002,444.8608320000001,1088.4456804000001
2002-03-23,17.80467,541.2619679999999,1324.3113546
2002-03-24,21.632910000000003,657.640464,1609.0558457999998
2002-03-25,26.694720000000004,811.519488,1985.5532736
2002-03-26,21.81153,663.070512,1622.3416013999997
2002-03-27,13.276380000000001,403.60195200000004,987.4971444
2002-03-28,17.61942,535.630368,1310.5324596
2002-03-29,12.353250000000001,375.5388,918.834735
2002-03-30,23.42067,711.988368,1742.0294345999998
2002-03-31,25.236510000000003,767.1899040000001,1877.0916138
2002-04-01,16.34061,496.75454399999995,1215.4145717999997
2002-04-02,12.509640000000001,380.293056,930.4670231999999
2002-04-03,17.57535,534.2906399999999,1307.254533
2002-04-04,21.26124,646.341696,1581.4110312
2002-04-05,19.66458,597.803232,1462.6514604
2002-04-06,17.273880000000002,525.125952,1284.8311944
2002-04-07,14.95923,454.760592,1112.6675274000002
2002-04-08,18.09483,550.082832,1345.8934554
2002-04-09,16.160819999999998,491.28892799999994,1202.0417916
2002-04-10,17.82417,541.8547679999999,1325.7617645999999
2002-04-11,12.64614,384.442656,940.6198932
2002-04-12,17.25243,524.473872,1283.2357434
2002-04-13,15.883140000000003,482.847456,1181.3879532
2002-04-14,18.18648,552.8689919999999,1352.7103823999998
2002-04-15,21.140340000000002,642.666336,1572.4184892
2002-04-16,18.84636,572.9293439999999,1401.7922568
2002-04-17,18.29334,556.117536,1360.6586292
2002-04-18,12.95892,393.95116800000005,963.8844696
2002-04-19,13.90818,422.80867200000006,1034.4904284
2002-04-20,18.076110000000003,549.5137440000001,1344.5010618000001
2002-04-21,15.692820000000001,477.06172799999996,1167.2319515999998
2002-04-22,20.17548,613.3345919999999,1500.6522023999999
2002-04-23,16.5165,502.1016,1228.49727
2002-04-24,16.46229,500.45361599999995,1224.4651302
2002-04-25,11.58027,352.040208,861.3404826000001
2002-04-26,15.89796,483.29798399999993,1182.4902647999997
2002-04-27,16.904940000000003,513.910176,1257.3894372
2002-04-28,14.9487,454.44048,1111.8843060000002
2002-04-29,22.42461,681.7081440000001,1667.9424918000002
2002-04-30,13.84266,420.81686399999995,1029.6170508
2002-05-01,19.863870000000002,603.8616480000001,1477.4746506
2002-05-02,23.5833,716.93232,1754.1258539999997
2002-05-03,25.149540000000002,764.546016,1870.6227852
2002-05-04,25.90107,787.3925280000001,1926.5215865999999
2002-05-05,26.37843,801.904272,1962.0276233999998
2002-05-06,25.09221,762.8031840000001,1866.3585798
2002-05-07,22.93005,697.07352,1705.537119
2002-05-08,15.410460000000002,468.477984,1146.2300148000002
2002-05-09,21.4383,651.72432,1594.5807539999998
2002-05-10,24.13281,733.637424,1794.9984078
2002-05-11,16.588649999999998,504.29495999999995,1233.863787
2002-05-12,26.63388,809.669952,1981.0279944
2002-05-13,18.33624,557.421696,1363.8495312
2002-05-14,23.267010000000003,707.3171040000001,1730.6002038000001
2002-05-15,21.66567,658.636368,1611.4925345999998
2002-05-16,20.966400000000004,637.3785600000001,1559.480832
2002-05-17,16.95642,515.475168,1261.2185196
2002-05-18,18.95127,576.118608,1409.5954626
2002-05-19,17.915040000000005,544.6172160000001,1332.5206752000001
2002-05-20,17.25984,524.699136,1283.7868992
2002-05-21,18.16386,552.181344,1351.0279068
2002-05-22,11.969490000000002,363.87249600000007,890.2906662000001
2002-05-23,19.04682,579.023328,1416.7024715999999
2002-05-24,23.80053,723.536112,1770.2834213999997
2002-05-25,12.102480000000002,367.91539200000005,900.1824624
2002-05-26,19.0281,578.45424,1415.3100779999997
2002-05-27,18.31674,556.828896,1362.3991212
2002-05-28,18.187260000000002,552.8927040000001,1352.7683988
2002-05-29,18.650579999999998,566.977632,1387.2301404
2002-05-30,16.18539,492.035856,1203.8693082
2002-05-31,16.18617,492.059568,1203.9273245999998
2002-06-01,22.00263,668.879952,1636.5556193999998
2002-06-02,14.58288,443.319552,1084.6746143999999
2002-06-03,20.89815,635.3037600000001,1554.404397
2002-06-04,11.581050000000001,352.06392000000005,861.3984989999999
2002-06-05,13.134030000000001,399.274512,976.9091513999999
2002-06-06,15.497430000000001,471.121872,1152.6988434
2002-06-07,15.79968,480.31027199999994,1175.1801983999999
2002-06-08,21.32403,648.250512,1586.0813514
2002-06-09,17.20446,523.0155840000001,1279.6677348
2002-06-10,23.67534,719.730336,1760.9717891999996
2002-06-11,22.2495,676.3848,1654.91781
2002-06-12,19.50702,593.013408,1450.9321476
2002-06-13,18.87444,573.782976,1403.8808471999998
2002-06-14,22.9827,698.67408,1709.4532259999999
2002-06-15,17.20095,522.90888,1279.4066609999998
2002-06-16,25.23534,767.1543360000001,1877.0045891999998
2002-06-17,21.59742,656.561568,1606.4160995999998
2002-06-18,19.87128,604.0869120000001,1478.0258064000002
2002-06-19,25.370280000000005,771.256512,1887.0414264
2002-06-20,23.75373,722.113392,1766.8024374
2002-06-21,22.78029,692.5208160000001,1694.3979702
2002-06-22,23.7705,722.6232,1768.0497899999998
2002-06-23,21.78462,662.2524480000001,1620.3400356
2002-06-24,21.6411,657.8894400000001,1609.6650180000001
2002-06-25,22.34232,679.2065279999999,1661.8217616
2002-06-26,24.48966,744.485664,1821.5409108
2002-06-27,23.1387,703.4164800000001,1721.0565060000001
2002-06-28,19.41732,590.286528,1444.2602616
2002-06-29,19.45749,591.5076959999999,1447.2481062
2002-06-30,24.050520000000002,731.135808,1788.8776776
2002-07-01,23.29431,708.147024,1732.6307777999998
2002-07-02,20.74566,630.6680640000001,1543.0621907999998
2002-07-03,23.39337,711.158448,1739.9988606
2002-07-04,17.86551,543.111504,1328.8366337999998
2002-07-05,13.037700000000001,396.34608,969.744126
2002-07-06,12.743640000000001,387.406656,947.8719431999999
2002-07-07,22.262760000000004,676.787904,1655.9040888
2002-07-08,23.7003,720.48912,1762.8283139999999
2002-07-09,22.92927,697.049808,1705.4791026
2002-07-10,18.582330000000002,564.9028320000001,1382.1537054000003
2002-07-11,19.3089,586.99056,1436.195982
2002-07-12,25.22715,766.90536,1876.3954169999997
2002-07-13,24.66828,749.915712,1834.8266664
2002-07-14,21.16374,643.3776959999999,1574.1589812
2002-07-15,20.20161,614.128944,1502.5957517999998
2002-07-16,22.214010000000002,675.305904,1652.2780638000002
2002-07-17,20.02026,608.615904,1489.1069387999999
2002-07-18,16.454100000000004,500.20464000000004,1223.855958
2002-07-19,21.544770000000003,654.9610080000001,1602.4999926
2002-07-20,17.28519,525.469776,1285.6724322
2002-07-21,18.11355,550.65192,1347.2858489999999
2002-07-22,19.883370000000003,604.4544480000001,1478.9250606
2002-07-23,23.664810000000003,719.410224,1760.1885677999999
2002-07-24,20.70822,629.529888,1540.2774036
2002-07-25,22.00146,668.844384,1636.4685948
2002-07-26,27.073800000000002,823.0435200000001,2013.749244
2002-07-27,22.48935,683.67624,1672.757853
2002-07-28,22.891830000000002,695.911632,1702.6943154
2002-07-29,25.11561,763.514544,1868.0990717999998
2002-07-30,25.5099,775.5009600000001,1897.4263620000002
2002-07-31,16.89285,513.54264,1256.490183
2002-08-01,23.564580000000003,716.363232,1752.7334604
2002-08-02,25.505219999999998,775.358688,1897.0782635999997
2002-08-03,24.658140000000003,749.6074560000001,1834.0724532000002
2002-08-04,25.231830000000002,767.0476319999999,1876.7435153999998
2002-08-05,24.36408,740.668032,1812.2002704000001
2002-08-06,25.6698,780.3619199999999,1909.3197239999997
2002-08-07,20.75502,630.952608,1543.7583875999999
2002-08-08,21.89694,665.6669760000001,1628.6943972
2002-08-09,22.24482,676.2425280000001,1654.5697116
2002-08-10,24.86874,756.0096960000001,1849.7368812
2002-08-11,22.9359,697.2513600000001,1705.972242
2002-08-12,24.66438,749.7971520000001,1834.5365844
2002-08-13,24.212370000000004,736.056048,1800.9160806000002
2002-08-14,23.88867,726.2155680000001,1776.8392746
2002-08-15,24.13944,733.838976,1795.4915472000002
2002-08-16,23.97642,728.8831680000001,1783.3661195999998
2002-08-17,25.892490000000002,787.131696,1925.8834061999999
2002-08-18,23.38401,710.873904,1739.3026638
2002-08-19,17.63502,536.104608,1311.6927876
2002-08-20,22.28538,677.475552,1657.5865644
2002-08-21,26.328900000000004,800.3985600000001,1958.343582
2002-08-22,24.34926,740.2175040000001,1811.0979588
2002-08-23,19.89,604.656,1479.4181999999998
2002-08-24,25.739220000000003,782.472288,1914.4831836
2002-08-25,20.69028,628.984512,1538.9430264
2002-08-26,19.446180000000002,591.1638720000001,1446.4068684000001
2002-08-27,14.274780000000002,433.95331200000004,1061.7581364
2002-08-28,18.4197,559.95888,1370.057286
2002-08-29,13.878150000000002,421.89576000000005,1032.256797
2002-08-30,18.754710000000003,570.143184,1394.9753298
2002-08-31,16.20138,492.521952,1205.0586444
2002-09-01,20.556510000000003,624.917904,1528.9932138
2002-09-02,19.817069999999998,602.4389279999999,1473.9936665999999
2002-09-03,23.537670000000002,715.5451680000001,1750.7318946
2002-09-04,27.313260000000003,830.3231040000001,2031.5602788
2002-09-05,21.46638,652.5779520000001,1596.6693443999998
2002-09-06,24.158160000000002,734.4080640000001,1796.8839408
2002-09-07,24.82935,754.8122400000001,1846.807053
2002-09-08,28.102619999999998,854.319648,2090.2728756
2002-09-09,22.98816,698.840064,1709.8593408
2002-09-10,19.32177,587.381808,1437.1532526
2002-09-11,21.23862,645.6540480000001,1579.7285556
2002-09-12,20.36931,619.227024,1515.0692778
2002-09-13,23.5404,715.62816,1750.934952
2002-09-14,19.466850000000004,591.7922400000001,1447.9443030000002
2002-09-15,24.2151,736.1390399999999,1801.1191379999998
2002-09-16,22.2768,677.2147199999999,1656.9483839999998
2002-09-17,13.515059999999998,410.85782399999994,1005.2501628
2002-09-18,15.4635,470.0904,1150.17513
2002-09-19,22.160580000000003,673.681632,1648.3039404
2002-09-20,19.93758,606.102432,1482.9572003999997
2002-09-21,23.70966,720.773664,1763.5245107999997
2002-09-22,22.22727,675.709008,1653.2643426
2002-09-23,23.64063,718.675152,1758.3900594000002
2002-09-24,17.708340000000003,538.3335360000001,1317.1463292
2002-09-25,21.62706,657.462624,1608.6207227999998
2002-09-26,17.06406,518.747424,1269.2247828
2002-09-27,19.1139,581.06256,1421.6918819999999
2002-09-28,15.75561,478.970544,1171.9022718
2002-09-29,18.94659,575.9763360000001,1409.2473642
2002-09-30,23.357100000000003,710.05584,1737.301098
2002-10-01,23.757630000000002,722.231952,1767.0925194
2002-10-02,26.356980000000004,801.252192,1960.4321724000001
2002-10-03,21.98742,668.4175680000001,1635.4242996
2002-10-04,22.43202,681.933408,1668.4936476
2002-10-05,24.128130000000002,733.4951520000001,1794.6503094
2002-10-06,23.12934,703.131936,1720.3603091999998
2002-10-07,16.76766,509.7368640000001,1247.1785508
2002-10-08,18.67242,567.641568,1388.8545996
2002-10-09,18.540210000000002,563.622384,1379.0208197999998
2002-10-10,20.538570000000004,624.3725280000001,1527.6588365999999
2002-10-11,15.070379999999998,458.139552,1120.9348644
2002-10-12,21.83493,663.781872,1624.0820933999998
2002-10-13,23.39142,711.099168,1739.8538196
2002-10-14,24.06846,731.681184,1790.2120547999998
2002-10-15,19.285500000000003,586.2792000000001,1434.45549
2002-10-16,19.42395,590.4880800000001,1444.753401
2002-10-17,18.66189,567.321456,1388.0713781999998
2002-10-18,16.913520000000002,514.171008,1258.0276176
2002-10-19,20.11542,611.508768,1496.1849396
2002-10-20,16.86672,512.748288,1254.5466335999997
2002-10-21,19.45866,591.543264,1447.3351308
2002-10-22,13.47567,409.660368,1002.3203345999999
2002-10-23,18.802290000000003,571.5896160000001,1398.5143302000001
2002-10-24,19.13652,581.7502079999999,1423.3743575999997
2002-10-25,19.80771,602.154384,1473.2974698
2002-10-26,16.465020000000003,500.53660800000006,1224.6681876
2002-10-27,14.16636,430.6573440000001,1053.6938567999998
2002-10-28,16.702140000000004,507.7450560000001,1242.3051732000001
2002-10-29,16.826549999999997,511.52712,1251.558789
2002-10-30,13.775970000000001,418.78948800000006,1024.6566486000002
2002-10-31,19.47075,591.9108,1448.2343849999997
2002-11-01,18.121740000000003,550.9008960000001,1347.8950212
2002-11-02,14.687790000000001,446.50881599999997,1092.4778201999998
2002-11-03,15.237300000000001,463.21392000000003,1133.3503739999999
2002-11-04,19.50624,592.989696,1450.8741312
2002-11-05,21.01047,638.718288,1562.7587585999997
2002-11-06,18.330779999999997,557.255712,1363.4434164
2002-11-07,14.77203,449.06971200000004,1098.7435914
2002-11-08,15.419820000000001,468.76252800000003,1146.9262116
2002-11-09,19.89,604.656,1479.4181999999998
2002-11-10,24.021659999999997,730.258464,1786.7310708
2002-11-11,22.39926,680.937504,1666.0569588
2002-11-12,19.123260000000002,581.3471040000001,1422.3880788000001
2002-11-13,15.63588,475.330752,1162.9967543999999
2002-11-14,20.51634,623.6967360000001,1526.0053692000001
2002-11-15,22.31502,678.376608,1659.7911875999998
2002-11-16,23.024820000000002,699.9545280000001,1712.5861116
2002-11-17,14.0829,428.12016000000006,1047.486102
2002-11-18,18.572969999999998,564.618288,1381.4575086
2002-11-19,19.500780000000002,592.8237120000001,1450.4680164000001
2002-11-20,22.831770000000002,694.085808,1698.2270526000002
2002-11-21,21.083399999999997,640.9353600000001,1568.1832919999997
2002-11-22,23.17809,704.6139360000001,1723.9863342
2002-11-23,18.67047,567.5822880000001,1388.7095586
2002-11-24,20.69028,628.984512,1538.9430264
2002-11-25,22.207380000000004,675.1043520000001,1651.7849244
2002-11-26,20.454330000000002,621.811632,1521.3930653999998
2002-11-27,15.051660000000002,457.57046399999996,1119.5424707999998
2002-11-28,14.520090000000001,441.41073600000004,1080.0042942
2002-11-29,16.803150000000002,510.81576000000007,1249.818297
2002-11-30,18.499260000000003,562.377504,1375.9749588
2002-12-01,22.185150000000004,674.4285600000001,1650.1314570000002
2002-12-02,22.33686,679.0405440000001,1661.4156467999999
2002-12-03,14.836380000000002,451.02595199999996,1103.5299443999997
2002-12-04,21.134880000000003,642.500352,1572.0123744
2002-12-05,18.121740000000003,550.9008960000001,1347.8950212
2002-12-06,16.2903,495.22512,1211.6725139999999
2002-12-07,17.521140000000003,532.6426560000001,1303.2223932
2002-12-08,14.0166,426.10464,1042.554708
2002-12-09,15.53487,472.260048,1155.4836306
2002-12-10,18.12096,550.877184,1347.8370048
2002-12-11,15.383939999999999,467.671776,1144.2574571999999
2002-12-12,16.98294,516.281376,1263.1910771999997
2002-12-13,14.82078,450.551712,1102.3696163999998
2002-12-14,11.077559999999998,336.75782399999997,823.9489128
2002-12-15,6.62415,201.37416,492.70427699999993
2002-12-16,13.913640000000001,422.97465600000004,1034.8965432
2002-12-17,12.841920000000002,390.39436800000004,955.1820096
2002-12-18,14.095379999999999,428.499552,1048.4143644
2002-12-19,19.103759999999998,580.7543039999999,1420.9376688
2002-12-20,17.20173,522.9325920000001,1279.4646774
2002-12-21,17.28519,525.469776,1285.6724322
2002-12-22,20.68638,628.865952,1538.6529444
2002-12-23,22.19802,674.819808,1651.0887275999996
2002-12-24,22.112220000000004,672.211488,1644.7069236000002
2002-12-25,16.709550000000004,507.97032,1242.856329
2002-12-26,20.215650000000004,614.5557600000001,1503.640047
2002-12-27,18.80151,571.565904,1398.4563137999999
2002-12-28,17.74383,539.412432,1319.7860753999998
2002-12-29,16.64208,505.91923199999997,1237.8379104
2002-12-30,16.32657,496.327728,1214.3702766000001
2002-12-31,18.32142,556.971168,1362.7472195999999
2003-01-01,20.965619999999998,637.354848,1559.4228156
2003-01-02,23.19213,705.040752,1725.0306294
2003-01-03,16.51026,501.91190399999994,1228.0331388
2003-01-04,19.74492,600.245568,1468.6271496
2003-01-05,21.985860000000002,668.3701440000001,1635.3082668
2003-01-06,22.111050000000002,672.17592,1644.6198989999998
2003-01-07,20.124000000000002,611.7696000000001,1496.82312
2003-01-08,20.99253,638.172912,1561.4243814
2003-01-09,19.23285,584.67864,1430.5393829999998
2003-01-10,23.458890000000004,713.150256,1744.8722382000003
2003-01-11,19.801080000000002,601.9528320000001,1472.8043304000003
2003-01-12,20.402070000000002,620.222928,1517.5059666
2003-01-13,20.7987,632.28048,1547.007306
2003-01-14,18.374460000000003,558.5835840000001,1366.6923348
2003-01-15,18.91578,575.039712,1406.9557164
2003-01-16,21.996,668.6784,1636.0624799999998
2003-01-17,18.47859,561.749136,1374.4375241999999
2003-01-18,16.48764,501.224256,1226.3506632
2003-01-19,14.354339999999999,436.371936,1067.6758092
2003-01-20,20.334600000000002,618.1718400000001,1512.487548
2003-01-21,23.664810000000003,719.410224,1760.1885677999999
2003-01-22,21.497190000000003,653.514576,1598.9609922000002
2003-01-23,11.47263,348.767952,853.3342193999999
2003-01-24,13.35672,406.04428799999994,993.4728336
2003-01-25,18.254730000000002,554.943792,1357.7868173999998
2003-01-26,18.843629999999997,572.8463519999999,1401.5891993999999
2003-01-27,15.436590000000002,469.27233600000005,1148.1735642
2003-01-28,21.816209999999998,663.2127839999999,1622.6896997999997
2003-01-29,22.1793,674.2507200000001,1649.696334
2003-01-30,19.99296,607.785984,1487.0763648000002
2003-01-31,17.81481,541.5702239999999,1325.0655678
2003-02-01,17.39283,528.742032,1293.6786954
2003-02-02,17.764499999999998,540.0408,1321.32351
2003-02-03,24.65346,749.465184,1833.7243547999997
2003-02-04,26.09646,793.332384,1941.0546947999999
2003-02-05,22.653930000000003,688.679472,1684.9993134
2003-02-06,21.294,647.3376,1583.84772
2003-02-07,20.557290000000002,624.941616,1529.0512301999997
2003-02-08,16.72905,508.56312,1244.306739
2003-02-09,20.4048,620.30592,1517.709024
2003-02-10,18.362370000000002,558.216048,1365.7930806
2003-02-11,12.96438,394.117152,964.2905843999998
2003-02-12,16.84137,511.977648,1252.6611005999998
2003-02-13,17.31522,526.382688,1287.9060636
2003-02-14,16.787160000000004,510.32966400000004,1248.6289608000002
2003-02-15,17.51334,532.405536,1302.6422291999997
2003-02-16,17.3862,528.54048,1293.1855560000001
2003-02-17,14.400360000000001,437.77094400000004,1071.0987768
2003-02-18,10.60566,322.412064,788.8489908
2003-02-19,18.85962,573.332448,1402.7785356
2003-02-20,20.07525,610.2876,1493.197095
2003-02-21,22.26003,676.704912,1655.7010314
2003-02-22,23.98773,729.226992,1784.2073573999996
2003-02-23,21.88173,665.2045919999999,1627.5630773999997
2003-02-24,23.509590000000003,714.691536,1748.6433042
2003-02-25,24.692460000000004,750.6507840000002,1836.6251748000002
2003-02-26,24.28179,738.1664159999999,1806.0795402
2003-02-27,23.861369999999997,725.385648,1774.8087005999998
2003-02-28,25.06218,761.890272,1864.1249483999998
2003-03-01,21.63759,657.782736,1609.4039442
2003-03-02,18.36705,558.35832,1366.1411790000002
2003-03-03,18.4431,560.67024,1371.7977779999999
2003-03-04,21.767460000000003,661.7307840000001,1619.0636748
2003-03-05,26.119860000000003,794.0437440000001,1942.7951867999998
2003-03-06,26.9607,819.6052800000001,2005.336866
2003-03-07,21.76473,661.647792,1618.8606174
2003-03-08,21.7893,662.39472,1620.688134
2003-03-09,19.533540000000002,593.8196160000001,1452.9047052
2003-03-10,14.259960000000001,433.50278399999996,1060.6558248
2003-03-11,16.731779999999997,508.64611199999996,1244.5097964
2003-03-12,17.70366,538.191264,1316.7982308
2003-03-13,15.639780000000002,475.4493120000001,1163.2868364
2003-03-14,19.18527,583.232208,1427.0003826
2003-03-15,6.38625,194.14200000000002,475.00927499999995
2003-03-16,18.51213,562.768752,1376.9322293999999
2003-03-17,17.401020000000003,528.9910080000001,1294.2878676
2003-03-18,16.72905,508.56312,1244.306739
2003-03-19,12.752220000000001,387.667488,948.5101236
2003-03-20,16.68225,507.1404,1240.825755
2003-03-21,16.03095,487.34088,1192.382061
2003-03-22,17.19159,522.624336,1278.7104642
2003-03-23,20.42274,620.851296,1519.0434012
2003-03-24,20.81118,632.6598720000001,1547.9355684
2003-03-25,14.87226,452.116704,1106.1986988
2003-03-26,9.243780000000001,281.010912,687.5523564
2003-03-27,14.8356,451.00224,1103.471928
2003-03-28,18.39903,559.330512,1368.5198513999999
2003-03-29,14.539980000000002,442.0153920000001,1081.4837124
2003-03-30,16.67874,507.0336960000001,1240.5646812
2003-03-31,17.57808,534.373632,1307.4575904
2003-04-01,19.25898,585.472992,1432.4829324
2003-04-02,25.327380000000005,769.9523520000001,1883.8505243999998
2003-04-03,19.29954,586.706016,1435.4997852
2003-04-04,11.69727,355.597008,870.0429426000001
2003-04-05,22.55292,685.608768,1677.4861895999998
2003-04-06,20.5179,623.7441600000001,1526.121402
2003-04-07,21.39969,650.550576,1591.7089422
2003-04-08,15.21,462.38399999999996,1131.3198
2003-04-09,10.91844,331.920576,812.1135671999999
2003-04-10,18.26604,555.287616,1358.6280552
2003-04-11,16.50831,501.85262400000005,1227.8880978
2003-04-12,11.21406,340.907424,834.1017827999999
2003-04-13,11.12631,338.239824,827.5749378
2003-04-14,18.858449999999998,573.29688,1402.6915109999998
2003-04-15,12.29163,373.665552,914.2514393999999
2003-04-16,20.386860000000002,619.760544,1516.3746468000002
2003-04-17,16.661579999999997,506.512032,1239.2883204
2003-04-18,22.24794,676.3373760000001,1654.8017772
2003-04-19,18.92514,575.324256,1407.6519131999999
2003-04-20,21.28074,646.934496,1582.8614412
2003-04-21,12.180090000000002,370.274736,905.9550941999998
2003-04-22,17.98134,546.632736,1337.4520691999999
2003-04-23,16.55238,503.1923520000001,1231.1660244
2003-04-24,19.960200000000004,606.7900800000001,1484.639676
2003-04-25,14.27946,434.095584,1062.1062348
2003-04-26,18.41658,559.8640320000001,1369.8252204
2003-04-27,20.3385,618.2904,1512.7776299999998
2003-04-28,27.670890000000004,841.1950560000001,2058.1607982
2003-04-29,22.419150000000002,681.54216,1667.5363770000001
2003-04-30,21.19767,644.4091679999999,1576.6826945999999
2003-05-01,27.16818,825.912672,2020.7692283999997
2003-05-02,23.267010000000003,707.3171040000001,1730.6002038000001
2003-05-03,20.47773,622.522992,1523.1335574
2003-05-04,17.73642,539.1871679999999,1319.2349195999998
2003-05-05,21.225749999999998,645.2628,1578.7712849999998
2003-05-06,18.32883,557.196432,1363.2983754
2003-05-07,21.24057,645.7133279999999,1579.8735966
2003-05-08,20.18211,613.536144,1501.1453418
2003-05-09,14.01387,426.021648,1042.3516506
2003-05-10,22.91328,696.5637120000001,1704.2897664
2003-05-11,21.453900000000004,652.19856,1595.741082
2003-05-12,23.071620000000003,701.377248,1716.0670956
2003-05-13,24.69168,750.627072,1836.5671583999997
2003-05-14,19.071,579.7584,1418.5009799999998
2003-05-15,23.51895,714.97608,1749.339501
2003-05-16,20.77374,631.521696,1545.1507812
2003-05-17,22.23936,676.076544,1654.1635967999998
2003-05-18,12.773670000000001,388.319568,950.1055746
2003-05-19,14.74668,448.299072,1096.8580584000001
2003-05-20,17.384249999999998,528.4812,1293.040515
2003-05-21,19.23207,584.654928,1430.4813666
2003-05-22,16.48101,501.02270400000003,1225.8575238
2003-05-23,23.13402,703.274208,1720.7084075999999
2003-05-24,21.86769,664.777776,1626.5187821999998
2003-05-25,18.302699999999998,556.40208,1361.354826
2003-05-26,19.74102,600.127008,1468.3370676
2003-05-27,21.37434,649.779936,1589.8234091999998
2003-05-28,21.5319,654.56976,1601.5427220000001
2003-05-29,23.17458,704.507232,1723.7252603999998
2003-05-30,23.16132,704.104128,1722.7389815999998
2003-05-31,17.067960000000003,518.865984,1269.5148648
2003-06-01,15.56295,473.11368000000004,1157.572221
2003-06-02,19.641180000000002,597.091872,1460.9109684
2003-06-03,12.04554,366.184416,895.9472652
2003-06-04,21.26319,646.400976,1581.5560721999998
2003-06-05,10.883730000000002,330.86539200000004,809.5318374
2003-06-06,19.74492,600.245568,1468.6271496
2003-06-07,19.30227,586.789008,1435.7028426
2003-06-08,24.39684,741.663936,1814.6369592
2003-06-09,20.680139999999998,628.676256,1538.1888132
2003-06-10,22.231949999999998,675.85128,1653.612441
2003-06-11,16.52898,502.480992,1229.4255323999998
2003-06-12,18.344820000000002,557.682528,1364.4877116
2003-06-13,15.541500000000001,472.46160000000003,1155.97677
2003-06-14,21.660989999999998,658.494096,1611.1444362
2003-06-15,16.22478,493.23331199999996,1206.7991364
2003-06-16,18.83895,572.70408,1401.2411009999998
2003-06-17,17.03793,517.9530719999999,1267.2812334
2003-06-18,13.523249999999999,411.10679999999996,1005.859335
2003-06-19,18.32766,557.1608640000001,1363.2113507999998
2003-06-20,23.063820000000003,701.140128,1715.4869316000002
2003-06-21,17.27934,525.291936,1285.2373092
2003-06-22,18.272669999999998,555.489168,1359.1211945999999
2003-06-23,21.175050000000002,643.72152,1575.000219
2003-06-24,22.19919,674.8553760000001,1651.1757521999998
2003-06-25,22.821630000000003,693.777552,1697.4728394
2003-06-26,23.322390000000002,709.000656,1734.7193682
2003-06-27,25.12965,763.94136,1869.1433670000001
2003-06-28,21.0171,638.91984,1563.2518980000002
2003-06-29,14.639040000000001,445.026816,1088.8517952
2003-06-30,20.33382,618.148128,1512.4295316
2003-07-01,18.84909,573.012336,1401.9953142
2003-07-02,24.771240000000002,753.045696,1842.4848312000001
2003-07-03,19.195410000000003,583.5404639999999,1427.7545957999998
2003-07-04,17.24502,524.248608,1282.6845876
2003-07-05,18.23133,554.232432,1356.0463254
2003-07-06,24.06729,731.645616,1790.1250301999999
2003-07-07,21.538140000000002,654.759456,1602.0068531999998
2003-07-08,18.57765,564.7605599999999,1381.8056069999998
2003-07-09,21.14697,642.867888,1572.9116285999999
2003-07-10,20.86071,634.1655840000001,1551.6196098
2003-07-11,16.354650000000003,497.18136000000004,1216.458867
2003-07-12,21.21912,645.0612480000001,1578.2781456
2003-07-13,21.746010000000002,661.078704,1617.4682238
2003-07-14,24.31728,739.245312,1808.7192864
2003-07-15,24.60666,748.0424640000001,1830.2433707999999
2003-07-16,19.18059,583.089936,1426.6522842
2003-07-17,21.55686,655.3285440000001,1603.3992468
2003-07-18,27.156090000000003,825.5451360000001,2019.8699742
2003-07-19,26.40183,802.615632,1963.7681154
2003-07-20,21.899670000000004,665.7499680000001,1628.8974546
2003-07-21,21.09003,641.136912,1568.6764314000002
2003-07-22,21.81426,663.153504,1622.5446587999998
2003-07-23,22.14303,673.1481120000001,1646.9985713999997
2003-07-24,21.00852,638.659008,1562.6137176
2003-07-25,23.006880000000002,699.4091520000001,1711.2517344
2003-07-26,18.62367,566.159568,1385.2285745999998
2003-07-27,24.07782,731.965728,1790.9082516
2003-07-28,27.42402,833.690208,2039.7986075999997
2003-07-29,21.32208,648.191232,1585.9363104
2003-07-30,21.60483,656.786832,1606.9672554
2003-07-31,21.907080000000004,665.9752320000001,1629.4486104000002
2003-08-01,17.616300000000003,535.53552,1310.300394
2003-08-02,18.4119,559.72176,1369.477122
2003-08-03,18.25278,554.884512,1357.6417764
2003-08-04,24.493170000000003,744.5923680000001,1821.8019846000002
2003-08-05,20.96913,637.461552,1559.6838894
2003-08-06,25.53681,776.319024,1899.4279278000001
2003-08-07,19.550310000000003,594.329424,1454.1520578
2003-08-08,18.692700000000002,568.2580800000001,1390.363026
2003-08-09,23.03769,700.345776,1713.5433822
2003-08-10,26.631149999999998,809.5869600000001,1980.8249369999999
2003-08-11,24.0825,732.1080000000001,1791.2563499999997
2003-08-12,20.4048,620.30592,1517.709024
2003-08-13,22.05138,670.361952,1640.1816444
2003-08-14,22.54551,685.383504,1676.9350338
2003-08-15,21.40827,650.811408,1592.3471226
2003-08-16,21.584159999999997,656.158464,1605.4298208
2003-08-17,21.33066,648.4520640000001,1586.5744908000001
2003-08-18,24.790740000000003,753.638496,1843.9352411999998
2003-08-19,26.202540000000003,796.557216,1948.9449252
2003-08-20,18.26331,555.204624,1358.4249978
2003-08-21,20.15286,612.646944,1498.9697267999998
2003-08-22,19.157970000000002,582.4022880000001,1424.9698086
2003-08-23,23.26623,707.293392,1730.5421874
2003-08-24,24.3633,740.64432,1812.1422539999999
2003-08-25,23.806379999999997,723.7139520000001,1770.7185443999997
2003-08-26,22.316190000000002,678.412176,1659.8782121999998
2003-08-27,18.252,554.8607999999999,1357.5837599999998
2003-08-28,25.91979,787.9616159999999,1927.9139802
2003-08-29,21.35406,649.163424,1588.3149827999998
2003-08-30,23.558340000000005,716.1735360000001,1752.2693292
2003-08-31,25.47324,774.3864960000001,1894.6995912
2003-09-01,21.29205,647.27832,1583.702679
2003-09-02,23.95419,728.2073760000001,1781.7126522
2003-09-03,25.2954,768.98016,1881.471852
2003-09-04,25.564110000000003,777.148944,1901.4585017999998
2003-09-05,19.07646,579.924384,1418.9070947999999
2003-09-06,21.35406,649.163424,1588.3149827999998
2003-09-07,17.323410000000003,526.631664,1288.5152358
2003-09-08,22.62234,687.719136,1682.6496492
2003-09-09,21.86223,664.6117919999999,1626.1126674
2003-09-10,22.302149999999997,677.98536,1658.833917
2003-09-11,21.87705,665.06232,1627.2149789999999
2003-09-12,17.886960000000002,543.763584,1330.4320848
2003-09-13,25.049310000000002,761.4990240000001,1863.1676777999999
2003-09-14,24.813360000000003,754.326144,1845.6177168
2003-09-15,20.03508,609.066432,1490.2092504
2003-09-16,22.58022,686.438688,1679.5167635999999
2003-09-17,19.85061,603.4585440000001,1476.4883718
2003-09-18,14.189760000000001,431.368704,1055.4343488
2003-09-19,18.27813,555.655152,1359.5273094
2003-09-20,14.31222,435.091488,1064.5429235999998
2003-09-21,14.27595,433.98888,1061.845161
2003-09-22,17.39478,528.801312,1293.8237364000001
2003-09-23,20.820539999999998,632.9444159999999,1548.6317651999998
2003-09-24,21.02646,639.204384,1563.9480948
2003-09-25,20.69574,629.1504960000001,1539.3491412
2003-09-26,20.84394,633.655776,1550.3722572
2003-09-27,18.572969999999998,564.618288,1381.4575086
2003-09-28,16.378049999999998,497.89272,1218.1993589999997
2003-09-29,15.895230000000003,483.2149920000001,1182.2872074000002
2003-09-30,14.354339999999999,436.371936,1067.6758092
2003-10-01,16.40535,498.72264000000007,1220.229933
2003-10-02,20.315099999999997,617.57904,1511.037138
2003-10-03,21.995220000000003,668.654688,1636.0044636
2003-10-04,17.910359999999997,544.4749439999999,1332.1725768
2003-10-05,19.22076,584.311104,1429.6401288
2003-10-06,13.773240000000001,418.7064960000001,1024.4535912
2003-10-07,11.532300000000001,350.58192,857.7724739999999
2003-10-08,16.14795,490.89768000000004,1201.084521
2003-10-09,13.67769,415.801776,1017.3465822
2003-10-10,16.69551,507.543504,1241.8120337999999
2003-10-11,21.18363,643.9823520000001,1575.6383994
2003-10-12,17.306639999999998,526.121856,1287.2678832
2003-10-13,14.41167,438.114768,1071.9400146
2003-10-14,14.10474,428.78409600000003,1049.1105612
2003-10-15,15.28878,464.77891200000005,1137.1794564
2003-10-16,12.559170000000002,381.798768,934.1510645999999
2003-10-17,22.59036,686.746944,1680.2709767999997
2003-10-18,14.613690000000002,444.25617600000004,1086.9662622
2003-10-19,13.99983,425.59483200000005,1041.3073554
2003-10-20,15.902640000000002,483.44025600000003,1182.8383632
2003-10-21,16.5204,502.22015999999996,1228.7873519999998
2003-10-22,19.65405,597.48312,1461.868239
2003-10-23,18.13773,551.386992,1349.0843573999998
2003-10-24,22.24872,676.361088,1654.8597936
2003-10-25,19.30032,586.729728,1435.5578016000002
2003-10-26,20.07798,610.370592,1493.4001524
2003-10-27,13.711620000000002,416.833248,1019.8702956000001
2003-10-28,17.46849,531.042096,1299.3062862
2003-10-29,14.498640000000002,440.75865600000003,1078.4088431999999
2003-10-30,18.352230000000002,557.907792,1365.0388674
2003-10-31,13.372710000000001,406.530384,994.6621697999999
2003-11-01,14.05794,427.36137599999995,1045.6295771999999
2003-11-02,19.93212,605.936448,1482.5510856
2003-11-03,17.839380000000002,542.3171520000001,1326.8930844000001
2003-11-04,19.49298,592.586592,1449.8878524
2003-11-05,20.475,622.44,1522.9305
2003-11-06,18.96609,576.569136,1410.6977742000001
2003-11-07,16.537170000000003,502.72996800000004,1230.0347046000002
2003-11-08,15.83244,481.30617599999994,1177.6168871999998
2003-11-09,19.42941,590.6540640000001,1445.1595158
2003-11-10,17.17638,522.161952,1277.5791444000001
2003-11-11,9.58932,291.51532800000007,713.2536216000001
2003-11-12,16.07853,488.787312,1195.9210613999999
2003-11-13,22.28538,677.475552,1657.5865644
2003-11-14,15.90459,483.49953600000003,1182.9834042
2003-11-15,21.507330000000003,653.8228320000001,1599.7152054
2003-11-16,18.71727,569.005008,1392.1905425999998
2003-11-17,20.40753,620.388912,1517.9120814
2003-11-18,16.48101,501.02270400000003,1225.8575238
2003-11-19,21.21444,644.918976,1577.9300472
2003-11-20,16.59723,504.555792,1234.5019674
2003-11-21,17.87292,543.336768,1329.3877896
2003-11-22,15.94476,484.72070399999996,1185.9712488
2003-11-23,18.66579,567.440016,1388.3614602
2003-11-24,17.70522,538.238688,1316.9142635999997
2003-11-25,14.274780000000002,433.95331200000004,1061.7581364
2003-11-26,20.85798,634.0825920000001,1551.4165524
2003-11-27,21.77136,661.849344,1619.3537568000002
2003-11-28,19.815900000000003,602.40336,1473.9066420000001
2003-11-29,15.119130000000002,459.62155200000007,1124.5608894
2003-11-30,14.28609,434.297136,1062.5993741999998
2003-12-01,15.30165,465.17016000000007,1138.136727
2003-12-02,14.87031,452.05742399999997,1106.0536577999999
2003-12-03,15.776280000000003,479.59891200000004,1173.4397064
2003-12-04,18.47274,561.5712960000001,1374.0024012
2003-12-05,17.56482,533.970528,1306.4713116
2003-12-06,13.156260000000001,399.950304,978.5626188
2003-12-07,17.482530000000004,531.468912,1300.3505814000002
2003-12-08,18.40098,559.389792,1368.6648924
2003-12-09,22.891830000000002,695.911632,1702.6943154
2003-12-10,20.18484,613.619136,1501.3483992000001
2003-12-11,12.04359,366.125136,895.8022242
2003-12-12,17.339399999999998,527.11776,1289.7045719999999
2003-12-13,17.91231,544.534224,1332.3176178
2003-12-14,15.96426,485.31350399999997,1187.4216588
2003-12-15,17.05314,518.4154560000001,1268.4125532
2003-12-16,25.71192,781.6423680000001,1912.4526096000002
2003-12-17,23.76114,722.338656,1767.3535932
2003-12-18,16.569930000000003,503.72587200000004,1232.4713934000001
2003-12-19,15.13044,459.96537600000005,1125.4021272
2003-12-20,14.947920000000002,454.416768,1111.8262896
2003-12-21,15.46935,470.26824000000005,1150.6102529999998
2003-12-22,12.481560000000002,379.43942400000003,928.3784328
2003-12-23,20.25582,615.7769280000001,1506.6278916
2003-12-24,19.76364,600.814656,1470.0195431999998
2003-12-25,8.96298,272.474592,666.6664524
2003-12-26,14.121509999999999,429.293904,1050.3579138
2003-12-27,16.2123,492.85392,1205.870874
2003-12-28,14.346150000000002,436.1229600000001,1067.066637
2003-12-29,16.57734,503.9511360000001,1233.0225492000002
2003-12-30,18.480539999999998,561.808416,1374.5825651999999
2003-12-31,21.99873,668.761392,1636.2655373999999
2004-01-01,24.250980000000002,737.2297920000001,1803.7878924000001
2004-01-02,23.830560000000002,724.449024,1772.5170527999999
2004-01-03,23.46084,713.2095360000001,1745.0172791999998
2004-01-04,21.590790000000002,656.3600160000001,1605.9229602
2004-01-05,9.381450000000001,285.19608,697.792251
2004-01-06,11.306880000000001,343.729152,841.0057343999999
2004-01-07,15.573089999999999,473.421936,1158.3264342
2004-01-08,10.87437,330.580848,808.8356406
2004-01-09,13.725660000000001,417.260064,1020.9145907999999
2004-01-10,9.81474,298.368096,730.0203611999999
2004-01-11,12.03618,365.899872,895.2510684
2004-01-12,15.686579999999998,476.87203199999993,1166.7678204
2004-01-13,20.584590000000002,625.7715360000001,1531.0818041999999
2004-01-14,21.0639,640.34256,1566.732882
2004-01-15,18.69192,568.234368,1390.3050096
2004-01-16,19.3089,586.99056,1436.195982
2004-01-17,17.067960000000003,518.865984,1269.5148648
2004-01-18,20.08929,610.7144159999999,1494.2413901999998
2004-01-19,19.538999999999998,593.9856,1453.31082
2004-01-20,17.006339999999998,516.992736,1264.9315691999998
2004-01-21,14.23188,432.649152,1058.5672344
2004-01-22,17.80545,541.2856800000001,1324.369371
2004-01-23,17.44431,530.3070240000001,1297.5077778
2004-01-24,22.236629999999998,675.9935519999999,1653.9605393999998
2004-01-25,22.23468,675.9342720000001,1653.8154984
2004-01-26,23.95497,728.231088,1781.7706686
2004-01-27,24.04974,731.112096,1788.8196612
2004-01-28,22.005360000000003,668.962944,1636.7586767999999
2004-01-29,25.616369999999996,778.7376479999999,1905.3456006
2004-01-30,23.67612,719.754048,1761.0298056000001
2004-01-31,21.88641,665.3468640000001,1627.9111758000001
2004-02-01,23.765040000000003,722.457216,1767.6436752
2004-02-02,24.71586,751.362144,1838.3656667999999
2004-02-03,18.56088,564.250752,1380.5582544
2004-02-04,25.574250000000003,777.4572000000001,1902.2127150000001
2004-02-05,26.797680000000003,814.649472,1993.2114383999997
2004-02-06,26.01144,790.7477759999999,1934.7309071999998
2004-02-07,24.982620000000004,759.4716480000001,1858.2072756
2004-02-08,21.20235,644.55144,1577.030793
2004-02-09,25.023960000000002,760.7283840000001,1861.2821448000002
2004-02-10,22.05216,670.385664,1640.2396607999997
2004-02-11,20.533890000000003,624.230256,1527.3107382
2004-02-12,19.5195,593.3928,1451.86041
2004-02-13,14.87109,452.08113599999996,1106.1116742
2004-02-14,22.34778,679.372512,1662.2278763999998
2004-02-15,22.518210000000003,684.5535840000001,1674.9044597999998
2004-02-16,22.999470000000002,699.1838880000001,1710.7005786000002
2004-02-17,20.90829,635.6120160000002,1555.1586102
2004-02-18,17.869020000000003,543.2182080000001,1329.0977076000001
2004-02-19,14.79894,449.887776,1100.7451572
2004-02-20,13.55718,412.138272,1008.3830483999999
2004-02-21,17.72979,538.985616,1318.7417802
2004-02-22,17.3628,527.82912,1291.445064
2004-02-23,11.036220000000002,335.50108800000004,820.8740436
2004-02-24,23.59929,717.418416,1755.3151902
2004-02-25,19.60842,596.095968,1458.4742796
2004-02-26,24.533340000000003,745.8135360000001,1824.7898292
2004-02-27,18.62172,566.100288,1385.0835336
2004-02-28,17.466540000000002,530.9828160000001,1299.1612452
2004-02-29,17.558580000000003,533.780832,1306.0071804
2004-03-01,14.854320000000001,451.571328,1104.8643216
2004-03-02,21.65982,658.458528,1611.0574116
2004-03-03,20.413380000000004,620.5667520000001,1518.3472044
2004-03-04,21.43635,651.6650400000001,1594.435713
2004-03-05,19.95357,606.588528,1484.1465366
2004-03-06,13.3575,406.06800000000004,993.53085
2004-03-07,12.402000000000001,377.0208,922.46076
2004-03-08,19.579169999999998,595.206768,1456.2986646
2004-03-09,19.673939999999998,598.087776,1463.3476572
2004-03-10,16.25364,494.11065600000006,1208.9457432000002
2004-03-11,17.75124,539.637696,1320.3372312
2004-03-12,24.81258,754.3024320000001,1845.5597003999999
2004-03-13,22.16253,673.740912,1648.4489813999999
2004-03-14,25.53798,776.3545919999999,1899.5149523999996
2004-03-15,21.104850000000003,641.58744,1569.778743
2004-03-16,20.82522,633.0866880000001,1548.9798636
2004-03-17,23.10321,702.337584,1718.4167597999997
2004-03-18,22.033440000000002,669.816576,1638.8472672
2004-03-19,19.080360000000002,580.042944,1419.1971768
2004-03-20,21.24915,645.9741600000001,1580.511777
2004-03-21,12.089220000000001,367.512288,899.1961836
2004-03-22,16.702920000000002,507.768768,1242.3631896
2004-03-23,20.96172,637.236288,1559.1327335999997
2004-03-24,19.06359,579.533136,1417.9498241999997
2004-03-25,12.946830000000002,393.583632,962.9852154000001
2004-03-26,17.87487,543.3960480000001,1329.5328306000001
2004-03-27,16.858140000000002,512.4874560000001,1253.9084532
2004-03-28,17.849520000000002,542.6254080000001,1327.6472976
2004-03-29,19.127940000000002,581.4893760000001,1422.7361772
2004-03-30,21.29205,647.27832,1583.702679
2004-03-31,20.70237,629.352048,1539.8422805999999
2004-04-01,12.073620000000002,367.038048,898.0358556
2004-04-02,13.461630000000001,409.23355200000003,1001.2760394000001
2004-04-03,13.345410000000001,405.70046399999995,992.6315957999999
2004-04-04,22.57554,686.2964159999999,1679.1686651999999
2004-04-05,25.8336,785.34144,1921.5031679999997
2004-04-06,22.85322,694.737888,1699.8225036
2004-04-07,24.700260000000004,750.887904,1837.2053388
2004-04-08,19.129890000000003,581.548656,1422.8812182
2004-04-09,18.49341,562.1996640000001,1375.5398358
2004-04-10,16.918200000000002,514.31328,1258.375716
2004-04-11,19.84398,603.256992,1475.9952323999998
2004-04-12,20.0304,608.92416,1489.861152
2004-04-13,5.7759,175.58736000000002,429.611442
2004-04-14,14.625,444.6,1087.8075000000001
2004-04-15,13.469040000000001,409.45881599999996,1001.8271951999998
2004-04-16,18.96531,576.545424,1410.6397577999999
2004-04-17,18.67125,567.606,1388.7675749999999
2004-04-18,17.72979,538.985616,1318.7417802
2004-04-19,19.42395,590.4880800000001,1444.753401
2004-04-20,7.7200500000000005,234.68952000000002,574.217319
2004-04-21,20.139990000000004,612.2556960000001,1498.0124562
2004-04-22,15.966209999999998,485.37278399999997,1187.5666998
2004-04-23,13.40625,407.55,997.156875
2004-04-24,18.48678,561.998112,1375.0466964
2004-04-25,12.38718,376.570272,921.3584483999999
2004-04-26,23.20812,705.5268480000001,1726.2199656
2004-04-27,17.33745,527.05848,1289.559531
2004-04-28,23.55912,716.1972480000001,1752.3273456
2004-04-29,24.15894,734.431776,1796.9419572000002
2004-04-30,15.809819999999998,480.618528,1175.9344116
2004-05-01,19.46412,591.709248,1447.7412456
2004-05-02,20.58927,625.913808,1531.4299026
2004-05-03,17.04183,518.071632,1267.5713154
2004-05-04,15.83322,481.32988800000004,1177.6749036
2004-05-05,20.313930000000003,617.5434720000001,1510.9501134000002
2004-05-06,22.546290000000003,685.4072160000001,1676.9930502
2004-05-07,23.61138,717.785952,1756.2144444
2004-05-08,25.49586,775.074144,1896.3820667999998
2004-05-09,13.62738,414.27235200000007,1013.6045244000001
2004-05-10,24.080550000000002,732.04872,1791.1113090000001
2004-05-11,23.32317,709.024368,1734.7773845999998
2004-05-12,15.172560000000002,461.2458240000001,1128.5350128
2004-05-13,19.92939,605.8534559999999,1482.3480282
2004-05-14,22.69137,689.817648,1687.7841006
2004-05-15,8.538269999999999,259.563408,635.0765225999999
2004-05-16,14.550900000000002,442.34736,1082.295942
2004-05-17,14.833650000000002,450.9429600000001,1103.326887
2004-05-18,13.14807,399.701328,977.9534466
2004-05-19,10.443810000000001,317.49182400000007,776.8105878
2004-05-20,18.945420000000002,575.940768,1409.1603396
2004-05-21,17.764499999999998,540.0408,1321.32351
2004-05-22,16.09647,489.332688,1197.2554386
2004-05-23,19.143150000000002,581.95176,1423.867497
2004-05-24,16.112460000000002,489.818784,1198.4447748
2004-05-25,22.271340000000002,677.0487360000001,1656.5422692000002
2004-05-26,20.16612,613.050048,1499.9560055999998
2004-05-27,18.70323,568.5781920000001,1391.1462474
2004-05-28,16.5633,503.52432,1231.9782539999999
2004-05-29,17.060550000000003,518.6407200000001,1268.963709
2004-05-30,21.8556,664.41024,1625.619528
2004-05-31,23.088389999999997,701.887056,1717.3144481999998
2004-06-01,21.2745,646.7447999999999,1582.3973099999998
2004-06-02,24.61407,748.267728,1830.7945266000002
2004-06-03,24.61017,748.1491679999999,1830.5044446
2004-06-04,21.102120000000003,641.504448,1569.5756856
2004-06-05,16.640130000000003,505.859952,1237.6928694
2004-06-06,17.45445,530.6152800000001,1298.261991
2004-06-07,27.083160000000003,823.328064,2014.4454408
2004-06-08,24.58326,747.331104,1828.5028787999997
2004-06-09,24.88551,756.519504,1850.9842337999999
2004-06-10,21.71442,660.118368,1615.1185596
2004-06-11,27.586650000000002,838.6341600000001,2051.895027
2004-06-12,21.61146,656.9883840000001,1607.4603948000001
2004-06-13,24.74511,752.251344,1840.5412818
2004-06-14,20.0499,609.51696,1491.3115619999999
2004-06-15,21.43986,651.771744,1594.6967868
2004-06-16,23.79975,723.5124000000001,1770.225405
2004-06-17,18.902520000000003,574.636608,1405.9694376
2004-06-18,25.268100000000004,768.15024,1879.4412779999998
2004-06-19,21.007740000000002,638.635296,1562.5557012
2004-06-20,16.97982,516.186528,1262.9590116
2004-06-21,22.928099999999997,697.01424,1705.3920779999999
2004-06-22,27.756300000000003,843.7915200000001,2064.513594
2004-06-23,22.744020000000003,691.418208,1691.7002075999999
2004-06-24,22.74012,691.299648,1691.4101256
2004-06-25,22.318920000000002,678.495168,1660.0812696
2004-06-26,24.60744,748.0661759999999,1830.3013872
2004-06-27,22.51938,684.589152,1674.9914844000002
2004-06-28,18.84168,572.787072,1401.4441584
2004-06-29,24.03921,730.791984,1788.0364398
2004-06-30,21.33222,648.499488,1586.6905236
2004-07-01,18.616259999999997,565.934304,1384.6774188
2004-07-02,23.78571,723.085584,1769.1811098
2004-07-03,16.14132,490.696128,1200.5913816
2004-07-04,14.979900000000002,455.38896,1114.204962
2004-07-05,20.21955,614.67432,1503.9301289999999
2004-07-06,21.822840000000003,663.414336,1623.1828392
2004-07-07,20.5686,625.28544,1529.892468
2004-07-08,21.013980000000004,638.8249920000001,1563.0198324
2004-07-09,21.100170000000002,641.4451680000001,1569.4306446
2004-07-10,18.617040000000003,565.958016,1384.7354352
2004-07-11,23.11647,702.740688,1719.4030386
2004-07-12,23.861369999999997,725.385648,1774.8087005999998
2004-07-13,20.78583,631.889232,1546.0500353999998
2004-07-14,19.73751,600.020304,1468.0759938
2004-07-15,18.905250000000002,574.7196,1406.172495
2004-07-16,16.28913,495.18955200000005,1211.5854894000001
2004-07-17,23.615280000000002,717.9045120000001,1756.5045264
2004-07-18,22.58958,686.723232,1680.2129604000002
2004-07-19,23.36529,710.3048160000001,1737.9102702000002
2004-07-20,20.79324,632.114496,1546.6011912
2004-07-21,24.591450000000002,747.5800800000001,1829.112051
2004-07-22,19.553819999999998,594.4361279999999,1454.4131315999998
2004-07-23,19.747650000000004,600.32856,1468.830207
2004-07-24,20.97303,637.580112,1559.9739714
2004-07-25,20.608770000000003,626.506608,1532.8803125999998
2004-07-26,24.763830000000002,752.820432,1841.9336754
2004-07-27,23.03301,700.203504,1713.1952837999997
2004-07-28,15.5181,471.75024,1154.236278
2004-07-29,23.91285,726.95064,1778.6377830000001
2004-07-30,27.33315,830.9277599999999,2033.0396969999997
2004-07-31,22.1091,672.11664,1644.4748579999998
2004-08-01,26.37375,801.7620000000001,1961.6795250000002
2004-08-02,26.68536,811.2349439999999,1984.8570767999997
2004-08-03,20.95899,637.1532960000001,1558.9296762000001
2004-08-04,22.97802,698.531808,1709.1051275999998
2004-08-05,22.971390000000003,698.3302560000001,1708.6119882
2004-08-06,16.904940000000003,513.910176,1257.3894372
2004-08-07,27.9162,848.6524800000001,2076.406956
2004-08-08,25.23378,767.1069120000001,1876.8885564
2004-08-09,26.74893,813.1674720000001,1989.5854133999999
2004-08-10,25.017329999999998,760.526832,1860.7890054
2004-08-11,24.92022,757.574688,1853.5659635999998
2004-08-12,25.552020000000002,776.781408,1900.5592476
2004-08-13,25.725179999999998,782.045472,1913.4388883999998
2004-08-14,20.114640000000005,611.4850560000001,1496.1269232000002
2004-08-15,23.0685,701.2824,1715.8350299999997
2004-08-16,24.79737,753.840048,1844.4283806
2004-08-17,23.32902,709.202208,1735.2125075999998
2004-08-18,24.600810000000003,747.864624,1829.8082478000001
2004-08-19,23.59188,717.1931519999999,1754.7640344
2004-08-20,24.1488,734.12352,1796.187744
2004-08-21,19.43058,590.689632,1445.2465404
2004-08-22,27.062489999999997,822.6996959999999,2012.9080061999998
2004-08-23,22.41993,681.565872,1667.5943934000002
2004-08-24,20.410259999999997,620.471904,1518.1151387999998
2004-08-25,24.295830000000002,738.5932320000001,1807.1238354
2004-08-26,22.92264,696.8482560000001,1704.9859631999998
2004-08-27,21.645,658.008,1609.9550999999997
2004-08-28,18.22314,553.983456,1355.4371532
2004-08-29,18.382260000000002,558.820704,1367.2724988
2004-08-30,23.00298,699.290592,1710.9616524
2004-08-31,25.73532,782.353728,1914.1931015999999
2004-09-01,22.02213,669.472752,1638.0060294
2004-09-02,27.615900000000003,839.5233600000001,2054.0706419999997
2004-09-03,21.87354,664.9556160000001,1626.9539051999998
2004-09-04,17.48448,531.5281920000001,1300.4956224
2004-09-05,16.8714,512.8905599999999,1254.894732
2004-09-06,17.44704,530.3900160000001,1297.7108352
2004-09-07,14.00919,425.879376,1042.0035521999998
2004-09-08,16.307070000000003,495.7349280000001,1212.9198666
2004-09-09,16.86204,512.606016,1254.1985352
2004-09-10,18.61431,565.875024,1384.5323778
2004-09-11,15.666690000000001,476.267376,1165.2884022
2004-09-12,19.32762,587.559648,1437.5883755999998
2004-09-13,24.46782,743.821728,1819.9164515999996
2004-09-14,16.18539,492.035856,1203.8693082
2004-09-15,16.08594,489.012576,1196.4722172
2004-09-16,25.07934,762.411936,1865.4013092
2004-09-17,20.985120000000002,637.947648,1560.8732255999998
2004-09-18,21.350939999999998,649.068576,1588.0829171999999
2004-09-19,19.75974,600.696096,1469.7294612
2004-09-20,16.92756,514.597824,1259.0719127999998
2004-09-21,22.8579,694.88016,1700.170602
2004-09-22,23.32317,709.024368,1734.7773845999998
2004-09-23,23.53377,715.4266080000001,1750.4418125999998
2004-09-24,21.360300000000002,649.35312,1588.779114
2004-09-25,17.879550000000002,543.5383200000001,1329.880929
2004-09-26,19.216859999999997,584.192544,1429.3500467999997
2004-09-27,16.60464,504.78105600000004,1235.0531231999998
2004-09-28,18.314790000000002,556.769616,1362.2540802
2004-09-29,16.2435,493.80240000000003,1208.1915299999998
2004-09-30,21.558809999999998,655.3878239999999,1603.5442878
2004-10-01,19.27302,585.899808,1433.5272275999998
2004-10-02,26.09178,793.190112,1940.7065964
2004-10-03,21.252660000000002,646.080864,1580.7728507999998
2004-10-04,14.40777,437.996208,1071.6499326
2004-10-05,18.005910000000004,547.379664,1339.2795858000002
2004-10-06,17.93376,545.186304,1333.9130688
2004-10-07,16.014180000000003,486.83107200000006,1191.1347084000001
2004-10-08,14.20185,431.73624000000007,1056.333603
2004-10-09,19.45203,591.341712,1446.8419914
2004-10-10,18.088980000000003,549.9049920000001,1345.4583324
2004-10-11,19.94538,606.339552,1483.5373644000001
2004-10-12,20.0304,608.92416,1489.861152
2004-10-13,22.27485,677.15544,1656.8033429999998
2004-10-14,24.05715,731.33736,1789.370817
2004-10-15,23.97642,728.8831680000001,1783.3661195999998
2004-10-16,21.05922,640.200288,1566.3847835999998
2004-10-17,22.89534,696.018336,1702.9553892
2004-10-18,17.51061,532.322544,1302.4391717999997
2004-10-19,19.32177,587.381808,1437.1532526
2004-10-20,19.911450000000002,605.30808,1481.013651
2004-10-21,17.33277,526.916208,1289.2114326
2004-10-22,16.204890000000002,492.62865600000003,1205.3197182
2004-10-23,19.219980000000003,584.2873920000001,1429.5821124
2004-10-24,21.303359999999998,647.6221439999999,1584.5439168
2004-10-25,21.80958,663.0112320000001,1622.1965604000002
2004-10-26,19.53237,593.7840480000001,1452.8176806
2004-10-27,21.828300000000002,663.58032,1623.588954
2004-10-28,15.940859999999999,484.60214399999995,1185.6811668
2004-10-29,18.525389999999998,563.1718559999999,1377.9185082
2004-10-30,19.216859999999997,584.192544,1429.3500467999997
2004-10-31,21.96987,667.884048,1634.1189305999999
2004-11-01,22.492860000000004,683.782944,1673.0189268000001
2004-11-02,17.108130000000003,520.0871520000001,1272.5027094
2004-11-03,19.766370000000002,600.897648,1470.2226005999999
2004-11-04,20.12946,611.9355840000001,1497.2292348
2004-11-05,18.62718,566.266272,1385.4896483999999
2004-11-06,15.6546,475.89984000000004,1164.389148
2004-11-07,17.01648,517.3009920000001,1265.6857823999999
2004-11-08,17.768010000000004,540.147504,1321.5845838
2004-11-09,14.516580000000001,441.304032,1079.7432204
2004-11-10,19.08972,580.327488,1419.8933736
2004-11-11,14.070810000000002,427.752624,1046.5868477999998
2004-11-12,15.625739999999999,475.022496,1162.2425412
2004-11-13,18.70323,568.5781920000001,1391.1462474
2004-11-14,14.4612,439.62048,1075.624056
2004-11-15,20.51712,623.7204479999999,1526.0633856
2004-11-16,18.76875,570.57,1396.019625
2004-11-17,15.03489,457.0606560000001,1118.2951182000002
2004-11-18,17.828850000000003,541.9970400000001,1326.1098630000001
2004-11-19,18.540210000000002,563.622384,1379.0208197999998
2004-11-20,21.23316,645.488064,1579.3224408
2004-11-21,23.282999999999998,707.8032,1731.78954
2004-11-22,22.531470000000002,684.9566880000001,1675.8907386
2004-11-23,18.26799,555.346896,1358.7730962
2004-11-24,18.70986,568.779744,1391.6393868
2004-11-25,16.178759999999997,491.834304,1203.3761688
2004-11-26,16.277040000000003,494.82201600000013,1210.6862352
2004-11-27,18.18375,552.786,1352.507325
2004-11-28,19.94811,606.422544,1483.7404217999997
2004-11-29,18.630300000000002,566.36112,1385.721714
2004-11-30,18.630300000000002,566.36112,1385.721714
2004-12-01,16.92288,514.455552,1258.7238144
2004-12-02,15.782910000000001,479.800464,1173.9328458
2004-12-03,14.569619999999999,442.916448,1083.6883355999998
2004-12-04,18.86976,573.640704,1403.5327488
2004-12-05,18.08274,549.715296,1344.9942011999997
2004-12-06,18.98949,577.2804960000001,1412.4382662000003
2004-12-07,14.875770000000001,452.223408,1106.4597726
2004-12-08,17.58276,534.515904,1307.8056887999999
2004-12-09,16.380779999999998,497.975712,1218.4024164
2004-12-10,19.16382,582.5801280000001,1425.4049316
2004-12-11,10.87164,330.497856,808.6325831999999
2004-12-12,14.46393,439.70347200000003,1075.8271134
2004-12-13,18.291390000000003,556.058256,1360.5135882
2004-12-14,15.837900000000001,481.47216,1178.023002
2004-12-15,11.51826,350.155104,856.7281787999999
2004-12-16,17.1756,522.13824,1277.5211279999999
2004-12-17,18.91578,575.039712,1406.9557164
2004-12-18,18.19311,553.070544,1353.2035218
2004-12-19,20.35527,618.800208,1514.0249825999997
2004-12-20,17.92635,544.96104,1333.361913
2004-12-21,20.900100000000002,635.36304,1554.549438
2004-12-22,16.495050000000003,501.44952,1226.901819
2004-12-23,18.771480000000004,570.652992,1396.2226824000002
2004-12-24,21.60366,656.751264,1606.8802308
2004-12-25,17.84874,542.601696,1327.5892812
2004-12-26,18.378359999999997,558.702144,1366.9824168
2004-12-27,19.77963,601.3007520000001,1471.2088794
2004-12-28,17.20836,523.134144,1279.9578168
2004-12-29,17.273880000000002,525.125952,1284.8311944
2004-12-30,17.90373,544.273392,1331.6794373999999
2004-12-31,17.925179999999997,544.925472,1333.2748883999998
2005-01-01,20.53779,624.3488159999999,1527.6008202
2005-01-02,18.71259,568.862736,1391.8424441999998
2005-01-03,17.925179999999997,544.925472,1333.2748883999998
2005-01-04,17.86356,543.052224,1328.6915928
2005-01-05,12.34311,375.230544,918.0805218
2005-01-06,14.009970000000001,425.90308799999997,1042.0615685999999
2005-01-07,17.21577,523.359408,1280.5089725999999
2005-01-08,14.74941,448.382064,1097.0611158
2005-01-09,12.61338,383.446752,938.1832043999999
2005-01-10,16.12338,490.15075200000007,1199.2570044
2005-01-11,14.78217,449.377968,1099.4978045999999
2005-01-12,18.659940000000002,567.2621760000001,1387.9263372
2005-01-13,19.45398,591.4009920000001,1446.9870323999999
2005-01-14,14.762670000000002,448.785168,1098.0473946
2005-01-15,16.00287,486.487248,1190.2934705999999
2005-01-16,11.90787,361.999248,885.7073706
2005-01-17,14.57157,442.975728,1083.8333765999998
2005-01-18,18.118229999999997,550.794192,1347.6339474
2005-01-19,19.80381,602.0358239999999,1473.0073877999998
2005-01-20,14.974050000000002,455.21112000000005,1113.769839
2005-01-21,13.86489,421.49265599999995,1031.2705182
2005-01-22,19.11975,581.2404,1422.1270049999998
2005-01-23,22.36104,679.775616,1663.2141552
2005-01-24,22.3743,680.17872,1664.2004339999999
2005-01-25,14.94246,454.250784,1111.4201748
2005-01-26,23.469420000000003,713.470368,1745.6554596
2005-01-27,21.84234,664.0071360000001,1624.6332492
2005-01-28,20.923500000000004,636.0744000000001,1556.2899300000001
2005-01-29,16.68888,507.341952,1241.3188944
2005-01-30,19.47426,592.017504,1448.4954588
2005-01-31,17.4525,530.5559999999999,1298.1169499999999
2005-02-01,19.343220000000002,588.033888,1438.7487036
2005-02-02,16.160040000000002,491.26521600000007,1201.9837752
2005-02-03,17.142060000000004,521.1186240000001,1275.0264228
2005-02-04,18.6732,567.66528,1388.9126159999998
2005-02-05,15.312180000000001,465.49027200000006,1138.9199483999998
2005-02-06,18.63381,566.467824,1385.9827877999999
2005-02-07,16.91898,514.336992,1258.4337323999998
2005-02-08,16.13859,490.61313599999994,1200.3883242
2005-02-09,14.80089,449.947056,1100.8901982
2005-02-10,14.976780000000002,455.294112,1113.9728963999999
2005-02-11,13.15002,399.760608,978.0984875999999
2005-02-12,16.01223,486.77179199999995,1190.9896674
2005-02-13,20.25231,615.670224,1506.3668178
2005-02-14,23.512320000000003,714.774528,1748.8463616000001
2005-02-15,20.926230000000004,636.1573920000001,1556.4929874000002
2005-02-16,9.264450000000002,281.63928000000004,689.089791
2005-02-17,19.14978,582.1533119999999,1424.3606364
2005-02-18,19.78782,601.5497280000001,1471.8180516
2005-02-19,18.4665,561.3816,1373.53827
2005-02-20,18.68334,567.9735360000001,1389.6668292000002
2005-02-21,20.606820000000003,626.4473280000001,1532.7352716
2005-02-22,23.18862,704.9340480000001,1724.7695555999999
2005-02-23,22.66056,688.881024,1685.4924527999997
2005-02-24,22.78029,692.5208160000001,1694.3979702
2005-02-25,23.92143,727.2114720000001,1779.2759634
2005-02-26,16.1694,491.54976000000005,1202.679972
2005-02-27,19.48674,592.3968960000001,1449.4237212
2005-02-28,18.102240000000002,550.3080960000001,1346.4446112
2005-03-01,17.548050000000003,533.46072,1305.223959
2005-03-02,14.391,437.4864,1070.40258
2005-03-03,13.95849,424.338096,1038.2324862
2005-03-04,13.14612,399.642048,977.8084056
2005-03-05,19.766370000000002,600.897648,1470.2226005999999
2005-03-06,11.548290000000001,351.068016,858.9618102
2005-03-07,19.31358,587.132832,1436.5440804
2005-03-08,19.08699,580.244496,1419.6903161999999
2005-03-09,17.93649,545.269296,1334.1161262
2005-03-10,21.177780000000002,643.804512,1575.2032764
2005-03-11,22.3197,678.51888,1660.1392859999999
2005-03-12,23.49555,714.26472,1747.5990089999998
2005-03-13,26.2041,796.60464,1949.060958
2005-03-14,20.71563,629.7551520000001,1540.8285594
2005-03-15,22.66056,688.881024,1685.4924527999997
2005-03-16,20.447700000000005,621.61008,1520.899926
2005-03-17,19.33971,587.927184,1438.4876298
2005-03-18,17.885009999999998,543.704304,1330.2870438
2005-03-19,23.616059999999997,717.928224,1756.5625428
2005-03-20,21.87237,664.920048,1626.8668805999998
2005-03-21,21.15438,643.093152,1573.4627844
2005-03-22,24.23694,736.8029760000001,1802.7435971999998
2005-03-23,23.690160000000002,720.180864,1762.0741008
2005-03-24,17.67831,537.420624,1314.9126977999997
2005-03-25,21.47457,652.8269280000001,1597.2785166
2005-03-26,17.54259,533.294736,1304.8178442
2005-03-27,18.46182,561.2393279999999,1373.1901715999998
2005-03-28,17.88423,543.680592,1330.2290274
2005-03-29,18.827640000000002,572.360256,1400.3998632
2005-03-30,18.55893,564.191472,1380.4132134000001
2005-03-31,20.20902,614.354208,1503.1469076
2005-04-01,18.73014,569.396256,1393.1478132
2005-04-02,16.78443,510.24667200000005,1248.4259034
2005-04-03,15.190500000000002,461.7912,1129.8693899999998
2005-04-04,23.866050000000005,725.5279200000001,1775.1567990000003
2005-04-05,20.65362,627.870048,1536.2162555999998
2005-04-06,13.93782,423.709728,1036.6950516
2005-04-07,19.58502,595.384608,1456.7337876
2005-04-08,22.634430000000002,688.086672,1683.5489034
2005-04-09,20.25504,615.753216,1506.5698752
2005-04-10,21.27918,646.887072,1582.7454084
2005-04-11,18.15177,551.8138080000001,1350.1286526000001
2005-04-12,16.81797,511.2662879999999,1250.9206085999997
2005-04-13,21.07872,640.793088,1567.8351936
2005-04-14,16.655340000000002,506.32233600000006,1238.8241892
2005-04-15,18.49614,562.2826560000001,1375.7428932
2005-04-16,23.65662,719.1612480000001,1759.5793956
2005-04-17,13.730340000000002,417.40233600000005,1021.2626891999998
2005-04-18,20.815859999999997,632.802144,1548.2836667999998
2005-04-19,18.820230000000002,572.1349920000001,1399.8487074000002
2005-04-20,10.39506,316.00982400000004,773.1845628
2005-04-21,17.97042,546.3007680000001,1336.6398396
2005-04-22,16.8441,512.0606399999999,1252.8641579999999
2005-04-23,15.27279,464.292816,1135.9901202
2005-04-24,15.550860000000002,472.746144,1156.6729667999998
2005-04-25,18.96336,576.486144,1410.4947168
2005-04-26,20.17743,613.3938720000001,1500.7972433999998
2005-04-27,19.747650000000004,600.32856,1468.830207
2005-04-28,18.539430000000003,563.5986720000001,1378.9628034
2005-04-29,15.270059999999999,464.209824,1135.7870628
2005-04-30,20.3775,619.476,1515.6784499999999
2005-05-01,19.30422,586.848288,1435.8478836
2005-05-02,16.716960000000004,508.19558400000005,1243.4074848000002
2005-05-03,18.02541,547.9724640000001,1340.7299957999999
2005-05-04,19.89273,604.7389919999999,1479.6212573999999
2005-05-05,20.80065,632.3397600000001,1547.152347
2005-05-06,20.685600000000004,628.8422400000001,1538.5949280000002
2005-05-07,23.85591,725.2196640000001,1774.4025858
2005-05-08,25.13628,764.142912,1869.6365063999997
2005-05-09,19.380660000000002,589.172064,1441.5334908
2005-05-10,26.20332,796.5809280000001,1949.0029416
2005-05-11,20.96094,637.212576,1559.0747172
2005-05-12,20.45901,621.9539040000001,1521.7411637999999
2005-05-13,21.946469999999998,667.172688,1632.3784386
2005-05-14,14.14686,430.06454400000007,1052.2434468000001
2005-05-15,14.974050000000002,455.21112000000005,1113.769839
2005-05-16,20.09787,610.9752480000001,1494.8795705999999
2005-05-17,8.82648,268.324992,656.5135823999999
2005-05-18,17.715750000000003,538.5588,1317.697485
2005-05-19,14.49201,440.557104,1077.9157038
2005-05-20,23.12388,702.965952,1719.9541943999998
2005-05-21,15.30165,465.17016000000007,1138.136727
2005-05-22,23.41482,711.810528,1741.5943116
2005-05-23,17.67831,537.420624,1314.9126977999997
2005-05-24,19.24494,585.046176,1431.4386372
2005-05-25,19.86855,604.00392,1477.822749
2005-05-26,21.98001,668.1923040000001,1634.8731438000002
2005-05-27,21.625500000000002,657.4152,1608.50469
2005-05-28,23.98773,729.226992,1784.2073573999996
2005-05-29,27.477059999999998,835.3026239999999,2043.7437228000001
2005-05-30,21.07599,640.710096,1567.6321361999999
2005-05-31,18.95868,576.343872,1410.1466183999999
2005-06-01,20.22969,614.982576,1504.6843422
2005-06-02,17.47317,531.184368,1299.6543846
2005-06-03,19.81785,602.4626400000001,1474.051683
2005-06-04,18.83895,572.70408,1401.2411009999998
2005-06-05,14.85354,451.547616,1104.8063052
2005-06-06,14.65971,445.655184,1090.3892298
2005-06-07,16.26846,494.561184,1210.0480548
2005-06-08,18.29685,556.22424,1360.9197029999998
2005-06-09,19.54446,594.1515840000001,1453.7169348
2005-06-10,15.39915,468.13416,1145.3887770000001
2005-06-11,16.15146,491.004384,1201.3455947999998
2005-06-12,23.10516,702.396864,1718.5618008000001
2005-06-13,21.68439,659.205456,1612.8849282
2005-06-14,17.280510000000003,525.327504,1285.3243338
2005-06-15,19.580340000000003,595.242336,1456.3856892
2005-06-16,25.49469,775.038576,1896.2950422
2005-06-17,23.9187,727.1284800000001,1779.0729059999999
2005-06-18,20.081100000000003,610.4654400000001,1493.632218
2005-06-19,20.709,629.5536,1540.3354199999999
2005-06-20,17.96652,546.1822080000001,1336.3497575999997
2005-06-21,23.76114,722.338656,1767.3535932
2005-06-22,23.26818,707.352672,1730.6872283999996
2005-06-23,21.134880000000003,642.500352,1572.0123744
2005-06-24,21.990540000000003,668.512416,1635.6563652
2005-06-25,21.65709,658.375536,1610.8543542
2005-06-26,19.63728,596.973312,1460.6208863999998
2005-06-27,19.505460000000003,592.965984,1450.8161148
2005-06-28,19.75428,600.530112,1469.3233464
2005-06-29,14.474459999999999,440.02358399999997,1076.6103348
2005-06-30,14.93388,453.989952,1110.7819944
2005-07-01,19.97229,607.157616,1485.5389302
2005-07-02,20.05575,609.6948,1491.7466849999998
2005-07-03,25.04346,761.321184,1862.7325548000001
2005-07-04,23.125830000000004,703.0252320000001,1720.0992354000002
2005-07-05,23.137140000000002,703.369056,1720.9404732
2005-07-06,21.96402,667.7062080000001,1633.6838076
2005-07-07,24.96585,758.96184,1856.9599230000001
2005-07-08,25.684620000000002,780.812448,1910.4220356
2005-07-09,20.13726,612.1727040000001,1497.8093988
2005-07-10,24.32196,739.387584,1809.0673847999997
2005-07-11,24.96117,758.819568,1856.6118245999999
2005-07-12,19.930169999999997,605.877168,1482.4060445999999
2005-07-13,17.29533,525.778032,1286.4266454
2005-07-14,18.76485,570.4514399999999,1395.729543
2005-07-15,19.27887,586.077648,1433.9623505999998
2005-07-16,21.19026,644.183904,1576.1315387999998
2005-07-17,21.519420000000004,654.190368,1600.6144596000001
2005-07-18,22.949939999999998,697.678176,1707.0165372
2005-07-19,19.293689999999998,586.528176,1435.0646622
2005-07-20,21.8517,664.2916799999999,1625.3294459999997
2005-07-21,22.27485,677.15544,1656.8033429999998
2005-07-22,24.738480000000003,752.049792,1840.0481424
2005-07-23,24.29778,738.652512,1807.2688764
2005-07-24,26.15184,795.015936,1945.1738591999997
2005-07-25,23.96901,728.657904,1782.8149638
2005-07-26,27.5457,837.3892800000001,2048.849166
2005-07-27,24.44559,743.145936,1818.2629842
2005-07-28,24.91164,757.3138560000001,1852.9277832
2005-07-29,25.46856,774.244224,1894.3514928000002
2005-07-30,21.3642,649.47168,1589.069196
2005-07-31,22.56033,685.834032,1678.0373454
2005-08-01,21.63369,657.6641760000001,1609.1138621999999
2005-08-02,22.42851,681.8267040000001,1668.2325738
2005-08-03,20.669610000000002,628.356144,1537.4055918
2005-08-04,21.25851,646.258704,1581.2079738
2005-08-05,17.47902,531.362208,1300.0895076
2005-08-06,22.7877,692.74608,1694.949126
2005-08-07,25.65381,779.875824,1908.1303877999999
2005-08-08,23.982270000000003,729.061008,1783.8012426
2005-08-09,21.42504,651.321216,1593.5944752
2005-08-10,24.37734,741.0711360000001,1813.1865492000002
2005-08-11,17.94117,545.411568,1334.4642245999999
2005-08-12,23.411310000000004,711.703824,1741.3332378
2005-08-13,12.35715,375.65736,919.1248169999999
2005-08-14,18.5991,565.41264,1383.401058
2005-08-15,17.16897,521.9366880000001,1277.0279886
2005-08-16,17.94975,545.6724,1335.102405
2005-08-17,15.242759999999999,463.37990399999995,1133.7564888
2005-08-18,18.18648,552.8689919999999,1352.7103823999998
2005-08-19,24.28062,738.130848,1805.9925155999997
2005-08-20,25.346880000000002,770.545152,1885.3009344
2005-08-21,21.62433,657.379632,1608.4176653999998
2005-08-22,17.35539,527.6038560000001,1290.8939082
2005-08-23,25.33752,770.260608,1884.6047376000001
2005-08-24,16.46697,500.595888,1224.8132286
2005-08-25,21.28269,646.993776,1583.0064822
2005-08-26,14.786070000000002,449.496528,1099.7878865999999
2005-08-27,21.25383,646.116432,1580.8598754
2005-08-28,16.99308,516.589632,1263.9452904
2005-08-29,21.31818,648.072672,1585.6462284
2005-08-30,22.68006,689.473824,1686.9428628
2005-08-31,25.982580000000002,789.870432,1932.5843004
2005-09-01,26.390520000000002,802.271808,1962.9268775999997
2005-09-02,21.750690000000002,661.2209760000001,1617.8163222
2005-09-03,23.90622,726.749088,1778.1446435999999
2005-09-04,22.85634,694.8327360000001,1700.0545692
2005-09-05,23.69094,720.204576,1762.1321172
2005-09-06,21.92775,666.6035999999999,1630.9860449999999
2005-09-07,23.8017,723.57168,1770.3704460000001
2005-09-08,25.121460000000003,763.6923840000001,1868.5341947999998
2005-09-09,22.02954,669.698016,1638.5571852
2005-09-10,27.78048,844.526592,2066.3121023999997
2005-09-11,18.65721,567.179184,1387.7232798
2005-09-12,20.92038,635.9795520000001,1556.0578644
2005-09-13,19.74492,600.245568,1468.6271496
2005-09-14,22.276020000000003,677.1910080000001,1656.8903676000002
2005-09-15,20.17938,613.453152,1500.9422844
2005-09-16,22.15707,673.5749280000001,1648.0428666
2005-09-17,24.71508,751.338432,1838.3076503999998
2005-09-18,22.57827,686.379408,1679.3717225999999
2005-09-19,20.32524,617.887296,1511.7913512
2005-09-20,15.57894,473.599776,1158.7615572000002
2005-09-21,13.57863,412.790352,1009.9784994
2005-09-22,15.048150000000001,457.46376,1119.2813969999997
2005-09-23,14.38242,437.22556800000007,1069.7643996
2005-09-24,17.61552,535.511808,1310.2423776
2005-09-25,21.3915,650.3016,1591.09977
2005-09-26,17.63229,536.021616,1311.4897301999997
2005-09-27,19.90326,605.0591039999999,1480.4044787999999
2005-09-28,20.799870000000002,632.316048,1547.0943306
2005-09-29,18.19038,552.987552,1353.0004644
2005-09-30,22.8891,695.82864,1702.4912579999998
2005-10-01,15.651870000000002,475.81684800000005,1164.1860906000002
2005-10-02,19.67745,598.19448,1463.6087309999998
2005-10-03,19.89273,604.7389919999999,1479.6212573999999
2005-10-04,21.132150000000003,642.41736,1571.8093169999997
2005-10-05,22.905870000000004,696.3384480000001,1703.7386106000001
2005-10-06,22.758840000000003,691.868736,1692.8025192000002
2005-10-07,20.406750000000002,620.3652000000001,1517.854065
2005-10-08,21.15555,643.12872,1573.5498089999999
2005-10-09,11.87394,360.967776,883.1836572000001
2005-10-10,18.528900000000004,563.2785600000001,1378.179582
2005-10-11,21.536579999999997,654.7120319999999,1601.8908203999997
2005-10-12,16.60932,504.92332799999997,1235.4012216
2005-10-13,20.36073,618.966192,1514.4310974
2005-10-14,18.78279,570.996816,1397.0639202
2005-10-15,14.58483,443.378832,1084.8196553999999
2005-10-16,19.82721,602.7471840000001,1474.7478798
2005-10-17,22.564230000000002,685.9525920000001,1678.3274274
2005-10-18,19.566300000000002,594.8155200000001,1455.341394
2005-10-19,21.9999,668.79696,1636.3525619999998
2005-10-20,17.939220000000002,545.352288,1334.3191836
2005-10-21,21.20586,644.6581440000001,1577.2918668
2005-10-22,16.45878,500.34691200000003,1224.2040564
2005-10-23,16.22751,493.31630399999995,1207.0021938
2005-10-24,11.9067,361.96368,885.6203459999999
2005-10-25,15.51342,471.60796799999997,1153.8881795999998
2005-10-26,16.56447,503.55988800000006,1232.0652786
2005-10-27,19.08894,580.303776,1419.8353571999999
2005-10-28,11.711310000000001,356.023824,871.0872377999999
2005-10-29,15.629250000000003,475.1292000000001,1162.503615
2005-10-30,18.70206,568.542624,1391.0592228
2005-10-31,20.801820000000003,632.3753280000001,1547.2393716000001
2005-11-01,17.75787,539.839248,1320.8303706
2005-11-02,21.42231,651.2382240000001,1593.3914178
2005-11-03,22.76274,691.987296,1693.0926012
2005-11-04,16.377270000000003,497.869008,1218.1413426
2005-11-05,18.600270000000002,565.448208,1383.4880825999999
2005-11-06,21.75186,661.2565440000001,1617.9033468
2005-11-07,22.885200000000005,695.7100800000001,1702.2011760000003
2005-11-08,19.36974,588.840096,1440.7212611999998
2005-11-09,16.48374,501.1056960000001,1226.0605812000001
2005-11-10,18.88185,574.00824,1404.432003
2005-11-11,13.700310000000002,416.48942400000004,1019.0290578
2005-11-12,16.14132,490.696128,1200.5913816
2005-11-13,15.280980000000001,464.54179200000004,1136.5992924
2005-11-14,15.75015,478.80456,1171.496157
2005-11-15,19.69344,598.680576,1464.7980671999999
2005-11-16,18.12837,551.102448,1348.3881606
2005-11-17,17.131529999999998,520.798512,1274.2432013999999
2005-11-18,14.21862,432.24604800000003,1057.5809556
2005-11-19,17.56482,533.970528,1306.4713116
2005-11-20,21.2238,645.20352,1578.626244
2005-11-21,15.490020000000001,470.89660800000007,1152.1476876
2005-11-22,13.21359,401.69313600000004,982.8268242
2005-11-23,13.560690000000001,412.24497599999995,1008.6441222
2005-11-24,17.68845,537.72888,1315.666911
2005-11-25,18.34833,557.789232,1364.7487853999999
2005-11-26,18.97077,576.711408,1411.0458726
2005-11-27,20.65674,627.964896,1536.4483212
2005-11-28,24.172200000000004,734.83488,1797.928236
2005-11-29,18.788249999999998,571.1628000000001,1397.4700349999998
2005-11-30,18.486000000000004,561.9744000000001,1374.9886800000002
2005-12-01,18.66111,567.2977440000001,1388.0133618
2005-12-02,20.068620000000003,610.086048,1492.7039556000002
2005-12-03,19.290180000000003,586.421472,1434.8035883999999
2005-12-04,16.17213,491.63275200000004,1202.8830294
2005-12-05,16.09374,489.24969600000003,1197.0523812
2005-12-06,14.31612,435.210048,1064.8330056
2005-12-07,14.89176,452.709504,1107.6491088
2005-12-08,16.68147,507.11668800000007,1240.7677386
2005-12-09,19.77378,601.122912,1470.7737564
2005-12-10,22.825139999999998,693.884256,1697.7339131999997
2005-12-11,18.347550000000002,557.76552,1364.690769
2005-12-12,14.259960000000001,433.50278399999996,1060.6558248
2005-12-13,16.79925,510.6972,1249.528215
2005-12-14,15.00798,456.24259199999995,1116.2935524
2005-12-15,17.629560000000005,535.938624,1311.2866728000001
2005-12-16,20.46759,622.214736,1522.3793442
2005-12-17,17.19432,522.7073280000001,1278.9135216000002
2005-12-18,19.985550000000003,607.5607200000001,1486.525209
2005-12-19,12.102480000000002,367.91539200000005,900.1824624
2005-12-20,18.01722,547.723488,1340.1208236
2005-12-21,15.637829999999997,475.39003199999996,1163.1417953999999
2005-12-22,12.2889,373.58256,914.0483819999998
2005-12-23,14.27673,434.012592,1061.9031774
2005-12-24,16.64754,506.08521600000006,1238.2440252000001
2005-12-25,16.17135,491.60903999999994,1202.8250129999997
2005-12-26,16.27977,494.90500799999995,1210.8892925999999
2005-12-27,20.05302,609.611808,1491.5436275999998
2005-12-28,22.35558,679.609632,1662.8080404
2005-12-29,20.65752,627.988608,1536.5063376
2005-12-30,23.82861,724.389744,1772.3720117999999
2005-12-31,23.974860000000003,728.8357440000001,1783.2500868000002
2006-01-01,19.94148,606.220992,1483.2472824000001
2006-01-02,20.95431,637.011024,1558.5815777999999
2006-01-03,16.886219999999998,513.341088,1255.9970435999999
2006-01-04,15.869880000000004,482.44435200000004,1180.4016744
2006-01-05,11.487449999999999,349.21848,854.4365310000001
2006-01-06,14.070810000000002,427.752624,1046.5868477999998
2006-01-07,14.140230000000003,429.862992,1051.7503073999999
2006-01-08,17.68494,537.6221760000001,1315.4058372
2006-01-09,20.625539999999997,627.0164159999999,1534.1276652
2006-01-10,16.14132,490.696128,1200.5913816
2006-01-11,18.92592,575.347968,1407.7099296000001
2006-01-12,19.272240000000004,585.876096,1433.4692112
2006-01-13,20.47422,622.4162879999999,1522.8724836
2006-01-14,17.84016,542.340864,1326.9511008
2006-01-15,14.99277,455.7802080000001,1115.1622326
2006-01-16,18.17244,552.4421760000001,1351.6660872
2006-01-17,18.98949,577.2804960000001,1412.4382662000003
2006-01-18,18.486000000000004,561.9744000000001,1374.9886800000002
2006-01-19,24.925680000000003,757.7406720000001,1853.9720784
2006-01-20,23.89881,726.5238240000001,1777.5934878
2006-01-21,16.192800000000002,492.26112000000006,1204.420464
2006-01-22,24.265020000000003,737.656608,1804.8321876
2006-01-23,19.44267,591.0571679999999,1446.1457945999998
2006-01-24,12.38406,376.47542400000003,921.1263827999999
2006-01-25,17.69586,537.954144,1316.2180667999999
2006-01-26,18.17322,552.465888,1351.7241036
2006-01-27,11.87238,360.920352,883.0676244
2006-01-28,20.063160000000003,609.920064,1492.2978408000001
2006-01-29,16.67679,506.97441599999996,1240.4196402
2006-01-30,19.290180000000003,586.421472,1434.8035883999999
2006-01-31,16.06098,488.25379200000003,1194.6156924
2006-02-01,16.06722,488.44348799999995,1195.0798235999998
2006-02-02,16.81914,511.301856,1251.0076331999999
2006-02-03,14.762670000000002,448.785168,1098.0473946
2006-02-04,9.42825,286.6188,701.273235
2006-02-05,13.56927,412.50580800000006,1009.2823026
2006-02-06,23.481510000000004,713.8379040000001,1746.5547138
2006-02-07,17.81013,541.427952,1324.7174694
2006-02-08,19.902090000000005,605.0235360000001,1480.3174542000002
2006-02-09,19.246109999999998,585.081744,1431.5256617999999
2006-02-10,20.46564,622.1554560000001,1522.2343031999999
2006-02-11,22.35246,679.514784,1662.5759747999998
2006-02-12,20.349420000000002,618.622368,1513.5898596
2006-02-13,19.62519,596.605776,1459.7216322
2006-02-14,23.60046,717.4539840000001,1755.4022148000001
2006-02-15,21.650460000000002,658.173984,1610.3612148
2006-02-16,24.7143,751.31472,1838.2496339999998
2006-02-17,15.05478,457.66531200000003,1119.7745364
2006-02-18,18.62172,566.100288,1385.0835336
2006-02-19,20.246460000000003,615.492384,1505.9316947999998
2006-02-20,25.480650000000004,774.61176,1895.250747
2006-02-21,22.39185,680.7122400000001,1665.505803
2006-02-22,22.09233,671.606832,1643.2275054
2006-02-23,23.92416,727.2944640000001,1779.4790208
2006-02-24,17.2497,524.39088,1283.032686
2006-02-25,23.331750000000003,709.2852,1735.4155649999998
2006-02-26,13.64493,414.805872,1014.9098934
2006-02-27,17.41233,529.334832,1295.1291053999998
2006-02-28,24.17766,735.0008640000001,1798.3343507999998
2006-03-01,21.90162,665.809248,1629.0424956000002
2006-03-02,20.2683,616.1563199999999,1507.5561539999999
2006-03-03,15.57894,473.599776,1158.7615572000002
2006-03-04,18.074939999999998,549.4781760000001,1344.4140372
2006-03-05,14.74746,448.322784,1096.9160748000002
2006-03-06,13.09542,398.100768,974.0373396000001
2006-03-07,13.48854,410.0516160000001,1003.2776052
2006-03-08,12.21285,371.27064,908.391783
2006-03-09,12.29709,373.83153599999997,914.6575541999998
2006-03-10,17.773860000000003,540.3253440000001,1322.0197068
2006-03-11,16.666259999999998,506.65430399999997,1239.6364187999998
2006-03-12,17.81949,541.712496,1325.4136661999999
2006-03-13,22.36962,680.0364480000001,1663.8523356000003
2006-03-14,19.5585,594.5784,1454.7612299999998
2006-03-15,16.01886,486.973344,1191.4828068
2006-03-16,20.72577,630.063408,1541.5827726
2006-03-17,15.907320000000002,483.5825280000001,1183.1864616
2006-03-18,18.83778,572.668512,1401.1540764
2006-03-19,20.32524,617.887296,1511.7913512
2006-03-20,18.934500000000003,575.6088000000001,1408.34811
2006-03-21,17.101499999999998,519.8856,1272.00957
2006-03-22,18.149820000000002,551.754528,1349.9836116
2006-03-23,20.166900000000002,613.0737600000001,1500.014022
2006-03-24,18.51408,562.8280320000001,1377.0772704
2006-03-25,17.09214,519.6010560000001,1271.3133732
2006-03-26,15.616380000000001,474.73795200000006,1161.5463444
2006-03-27,18.65721,567.179184,1387.7232798
2006-03-28,24.831300000000002,754.87152,1846.952094
2006-03-29,26.49426,805.425504,1970.6430588
2006-03-30,18.97194,576.746976,1411.1328972000001
2006-03-31,16.93692,514.882368,1259.7681096000001
2006-04-01,15.96153,485.230512,1187.2186014
2006-04-02,11.56701,351.637104,860.3542037999999
2006-04-03,17.30001,525.920304,1286.7747438
2006-04-04,13.368030000000001,406.38811200000004,994.3140714
2006-04-05,15.43386,469.18934399999995,1147.9705068
2006-04-06,21.3135,647.9304,1585.29813
2006-04-07,16.30122,495.557088,1212.4847436
2006-04-08,20.527260000000002,624.028704,1526.8175987999998
2006-04-09,15.593760000000001,474.05030400000004,1159.8638688
2006-04-10,17.88969,543.8465760000001,1330.6351422000002
2006-04-11,18.38772,558.9866880000001,1367.6786136
2006-04-12,9.72426,295.617504,723.2904588
2006-04-13,14.233830000000001,432.708432,1058.7122754
2006-04-14,15.527460000000001,472.03478399999995,1154.9324748
2006-04-15,19.70943,599.1666720000001,1465.9874034
2006-04-16,20.35995,618.94248,1514.3730810000002
2006-04-17,19.077630000000003,579.959952,1418.9941194
2006-04-18,16.74231,508.966224,1245.2930178000001
2006-04-19,19.670039999999997,597.969216,1463.0575751999997
2006-04-20,22.50534,684.1623360000001,1673.9471892
2006-04-21,20.67351,628.4747040000001,1537.6956738000001
2006-04-22,23.795070000000003,723.370128,1769.8773065999999
2006-04-23,8.991060000000001,273.32822400000003,668.7550428
2006-04-24,17.87019,543.253776,1329.1847321999999
2006-04-25,16.73022,508.598688,1244.3937635999998
2006-04-26,15.08754,458.661216,1122.2112252
2006-04-27,19.25547,585.3662879999999,1432.2218585999997
2006-04-28,16.13391,490.470864,1200.0402258
2006-04-29,17.801940000000002,541.178976,1324.1082972000002
2006-04-30,14.20302,431.77180799999996,1056.4206276
2006-05-01,19.022250000000003,578.2764000000001,1414.874955
2006-05-02,18.780060000000002,570.9138240000001,1396.8608628
2006-05-03,18.813599999999997,571.93344,1399.355568
2006-05-04,21.27918,646.887072,1582.7454084
2006-05-05,17.143620000000002,521.166048,1275.1424556
2006-05-06,18.20247,553.355088,1353.8997186
2006-05-07,15.84375,481.65000000000003,1178.458125
2006-05-08,18.470010000000002,561.4883040000001,1373.7993437999999
2006-05-09,15.254850000000001,463.74744000000004,1134.655743
2006-05-10,14.55285,442.40664,1082.440983
2006-05-11,15.56295,473.11368000000004,1157.572221
2006-05-12,18.66189,567.321456,1388.0713781999998
2006-05-13,18.93333,575.5732320000001,1408.2610854
2006-05-14,26.21463,796.924752,1949.8441794
2006-05-15,23.07435,701.46024,1716.270153
2006-05-16,18.44778,560.8125120000001,1372.1458764
2006-05-17,17.94975,545.6724,1335.102405
2006-05-18,19.43058,590.689632,1445.2465404
2006-05-19,16.13664,490.55385600000005,1200.2432832
2006-05-20,21.42504,651.321216,1593.5944752
2006-05-21,20.093970000000002,610.8566880000001,1494.5894886
2006-05-22,26.77506,813.961824,1991.5289628
2006-05-23,25.449060000000003,773.651424,1892.9010828
2006-05-24,16.635450000000002,505.71768000000003,1237.344771
2006-05-25,24.25722,737.4194880000001,1804.2520236
2006-05-26,20.15598,612.7417919999999,1499.2017924
2006-05-27,19.51482,593.250528,1451.5123116
2006-05-28,17.15298,521.450592,1275.8386524
2006-05-29,14.116830000000002,429.151632,1050.0098154
2006-05-30,22.91406,696.587424,1704.3477828
2006-05-31,20.342010000000002,618.397104,1513.0387038000001
2006-06-01,13.58331,412.93262400000003,1010.3265978
2006-06-02,22.27485,677.15544,1656.8033429999998
2006-06-03,19.65054,597.376416,1461.6071651999998
2006-06-04,17.74266,539.3768640000001,1319.6990508
2006-06-05,19.3947,589.59888,1442.577786
2006-06-06,13.132079999999998,399.215232,976.7641103999999
2006-06-07,11.44806,348.021024,851.5067028
2006-06-08,15.458040000000002,469.92441600000006,1149.7690152
2006-06-09,16.83201,511.693104,1251.9649038
2006-06-10,14.766180000000002,448.891872,1098.3084683999998
2006-06-11,16.648710000000005,506.12078400000007,1238.3310498
2006-06-12,22.871940000000002,695.3069760000001,1701.2148972
2006-06-13,19.87791,604.288464,1478.5189457999998
2006-06-14,19.67862,598.230048,1463.6957556
2006-06-15,22.232730000000004,675.8749920000001,1653.6704574
2006-06-16,18.80034,571.5303359999999,1398.3692892
2006-06-17,24.527880000000003,745.647552,1824.3837144000001
2006-06-18,23.4468,712.78272,1743.972984
2006-06-19,23.87658,725.8480320000001,1775.9400204
2006-06-20,21.891090000000002,665.489136,1628.2592742
2006-06-21,13.085280000000001,397.79251200000004,973.2831263999999
2006-06-22,25.85778,786.0765120000001,1923.3016764000001
2006-06-23,22.261979999999998,676.764192,1655.8460724
2006-06-24,16.7817,510.16368000000006,1248.222846
2006-06-25,23.26233,707.1748319999999,1730.2521054
2006-06-26,23.880090000000003,725.954736,1776.2010941999997
2006-06-27,23.75178,722.054112,1766.6573964000002
2006-06-28,18.30543,556.485072,1361.5578834
2006-06-29,26.52897,806.480688,1973.2247886
2006-06-30,23.31381,708.739824,1734.0811878
2006-07-01,22.221420000000002,675.5311680000001,1652.8292195999998
2006-07-02,21.252660000000002,646.080864,1580.7728507999998
2006-07-03,20.584590000000002,625.7715360000001,1531.0818041999999
2006-07-04,20.40558,620.3296320000001,1517.7670403999998
2006-07-05,21.97533,668.050032,1634.5250453999997
2006-07-06,21.74328,660.995712,1617.2651663999998
2006-07-07,21.54867,655.079568,1602.7900745999996
2006-07-08,23.637900000000002,718.5921599999999,1758.1870020000001
2006-07-09,19.5429,594.1041600000001,1453.600902
2006-07-10,20.80065,632.3397600000001,1547.152347
2006-07-11,24.402299999999997,741.82992,1815.043074
2006-07-12,22.85439,694.773456,1699.9095281999998
2006-07-13,20.93832,636.524928,1557.3922416
2006-07-14,17.94585,545.55384,1334.8123229999999
2006-07-15,22.71399,690.505296,1689.4665761999997
2006-07-16,23.737740000000002,721.627296,1765.6131011999998
2006-07-17,21.49914,653.5738560000001,1599.1060331999997
2006-07-18,21.73392,660.711168,1616.5689696
2006-07-19,21.177780000000002,643.804512,1575.2032764
2006-07-20,23.1426,703.5350400000001,1721.346588
2006-07-21,20.138820000000003,612.220128,1497.9254316000001
2006-07-22,17.3628,527.82912,1291.445064
2006-07-23,19.913400000000003,605.36736,1481.158692
2006-07-24,21.589620000000004,656.324448,1605.8359356
2006-07-25,23.07045,701.34168,1715.9800709999997
2006-07-26,16.36206,497.4066240000001,1217.0100228000001
2006-07-27,17.65959,536.851536,1313.5203042
2006-07-28,12.09858,367.796832,899.8923803999999
2006-07-29,19.47816,592.1360639999999,1448.7855407999998
2006-07-30,24.0591,731.39664,1789.5158579999998
2006-07-31,26.08827,793.083408,1940.4455226
2006-08-01,26.170560000000002,795.5850240000001,1946.5662527999998
2006-08-02,25.173720000000003,765.2810880000001,1872.4212936
2006-08-03,25.091430000000003,762.779472,1866.3005634
2006-08-04,24.89565,756.82776,1851.7384469999997
2006-08-05,25.862460000000002,786.218784,1923.6497748
2006-08-06,24.86016,755.748864,1849.0987007999997
2006-08-07,17.14011,521.0593439999999,1274.8813817999999
2006-08-08,19.96683,606.991632,1485.1328154
2006-08-09,20.164170000000002,612.9907680000001,1499.8109646
2006-08-10,26.56758,807.654432,1976.0966004
2006-08-11,15.80514,480.476256,1175.5863132
2006-08-12,23.53104,715.343616,1750.2387551999998
2006-08-13,27.16545,825.8296799999999,2020.5661709999997
2006-08-14,26.597219999999997,808.5554880000001,1978.3012235999997
2006-08-15,18.8409,572.76336,1401.386142
2006-08-16,19.176689999999997,582.971376,1426.3622022
2006-08-17,15.647190000000002,475.674576,1163.8379922
2006-08-18,14.68584,446.449536,1092.3327792
2006-08-19,22.396530000000002,680.854512,1665.8539014
2006-08-20,25.406940000000002,772.370976,1889.7681972
2006-08-21,20.26986,616.203744,1507.6721868
2006-08-22,26.38974,802.2480960000001,1962.8688612
2006-08-23,23.75295,722.08968,1766.7444209999999
2006-08-24,14.35161,436.288944,1067.4727518
2006-08-25,15.445950000000002,469.55688,1148.869761
2006-08-26,16.878809999999998,513.115824,1255.4458877999998
2006-08-27,20.15481,612.706224,1499.1147678
2006-08-28,22.894560000000002,695.994624,1702.8973728
2006-08-29,25.43034,773.082336,1891.5086891999997
2006-08-30,21.55413,655.245552,1603.1961893999999
2006-08-31,25.314899999999998,769.57296,1882.9222619999996
2006-09-01,17.79141,540.8588639999999,1323.3250758
2006-09-02,24.17298,734.858592,1797.9862524
2006-09-03,23.97174,728.7408960000001,1783.0180212
2006-09-04,15.87456,482.5866240000001,1180.7497728
2006-09-05,23.385180000000002,710.909472,1739.3896883999998
2006-09-06,23.12388,702.965952,1719.9541943999998
2006-09-07,16.92756,514.597824,1259.0719127999998
2006-09-08,20.98044,637.805376,1560.5251272
2006-09-09,22.112220000000004,672.211488,1644.7069236000002
2006-09-10,22.94409,697.500336,1706.5814142
2006-09-11,21.80958,663.0112320000001,1622.1965604000002
2006-09-12,22.16916,673.9424640000001,1648.9421207999999
2006-09-13,12.848550000000001,390.59592000000004,955.6751489999999
2006-09-14,23.08176,701.685504,1716.8213088
2006-09-15,20.9391,636.54864,1557.4502579999998
2006-09-16,22.726080000000003,690.872832,1690.3658304
2006-09-17,18.58623,565.021392,1382.4437873999998
2006-09-18,19.3245,587.4648,1437.3563100000001
2006-09-19,20.00973,608.295792,1488.3237173999999
2006-09-20,25.02474,760.7520959999999,1861.3401611999998
2006-09-21,25.739220000000003,782.472288,1914.4831836
2006-09-22,26.05434,792.051936,1937.9218092
2006-09-23,26.477490000000003,804.9156960000001,1969.3957062
2006-09-24,18.7005,568.4952000000001,1390.94319
2006-09-25,25.18308,765.565632,1873.1174904
2006-09-26,26.91468,818.2062720000001,2001.9138983999999
2006-09-27,27.80583,845.2972319999999,2068.1976354
2006-09-28,22.92069,696.788976,1704.8409222000003
2006-09-29,22.27485,677.15544,1656.8033429999998
2006-09-30,19.902090000000005,605.0235360000001,1480.3174542000002
2006-10-01,22.506120000000003,684.186048,1674.0052056
2006-10-02,18.47586,561.666144,1374.2344668
2006-10-03,14.301300000000001,434.75952,1063.7306939999999
2006-10-04,18.58506,564.985824,1382.3567627999998
2006-10-05,24.04506,730.969824,1788.4715628000001
2006-10-06,21.49797,653.538288,1599.0190085999998
2006-10-07,23.580569999999998,716.8493279999999,1753.9227965999996
2006-10-08,18.77538,570.7715519999999,1396.5127643999997
2006-10-09,16.05162,487.969248,1193.9194956
2006-10-10,22.29474,677.760096,1658.2827611999999
2006-10-11,12.150060000000002,369.36182400000007,903.7214628
2006-10-12,19.23207,584.654928,1430.4813666
2006-10-13,16.848000000000003,512.1792000000002,1253.15424
2006-10-14,15.43932,469.35532800000004,1148.3766216000001
2006-10-15,15.326220000000001,465.91708800000004,1139.9642436
2006-10-16,15.36249,467.019696,1142.6620062
2006-10-17,11.454690000000001,348.22257600000006,851.9998422
2006-10-18,19.6131,596.23824,1458.8223779999998
2006-10-19,15.609750000000004,474.5364000000001,1161.0532050000002
2006-10-20,18.60222,565.507488,1383.6331236
2006-10-21,22.802909999999997,693.208464,1696.0804458
2006-10-22,21.347430000000003,648.961872,1587.8218433999998
2006-10-23,14.520090000000001,441.41073600000004,1080.0042942
2006-10-24,24.3087,738.98448,1808.0811059999999
2006-10-25,22.29942,677.9023680000001,1658.6308596
2006-10-26,17.351490000000002,527.485296,1290.6038262
2006-10-27,22.87038,695.2595520000001,1701.0988644
2006-10-28,18.28749,555.939696,1360.2235062
2006-10-29,20.733180000000004,630.288672,1542.1339284
2006-10-30,17.26062,524.722848,1283.8449156
2006-10-31,19.59126,595.574304,1457.1979187999998
2006-11-01,16.31916,496.10246400000005,1213.8191208
2006-11-02,19.099079999999997,580.612032,1420.5895704
2006-11-03,21.92307,666.461328,1630.6379465999999
2006-11-04,20.34318,618.432672,1513.1257283999998
2006-11-05,15.074280000000002,458.25811200000004,1121.2249464
2006-11-06,13.02366,395.919264,968.6998308
2006-11-07,15.238859999999999,463.261344,1133.4664068
2006-11-08,14.3169,435.23375999999996,1064.891022
2006-11-09,16.948230000000002,515.226192,1260.6093474
2006-11-10,18.3261,557.11344,1363.095318
2006-11-11,18.52149,563.053296,1377.6284262000001
2006-11-12,15.537600000000001,472.34304000000003,1155.686688
2006-11-13,15.27474,464.35209599999996,1136.1351611999999
2006-11-14,15.956850000000001,485.08824000000004,1186.8705029999999
2006-11-15,12.778350000000001,388.46184000000005,950.453673
2006-11-16,17.01258,517.1824320000001,1265.3957004
2006-11-17,15.712710000000001,477.66638400000005,1168.7113698
2006-11-18,15.358980000000003,466.91299200000003,1142.4009323999999
2006-11-19,17.82066,541.748064,1325.5006907999998
2006-11-20,18.45987,561.180048,1373.0451306
2006-11-21,16.6413,505.8955200000001,1237.779894
2006-11-22,15.75093,478.8282720000001,1171.5541734
2006-11-23,19.13184,581.607936,1423.0262592
2006-11-24,16.351139999999997,497.07465599999995,1216.1977931999998
2006-11-25,16.76766,509.7368640000001,1247.1785508
2006-11-26,17.591340000000002,534.776736,1308.4438692
2006-11-27,16.14405,490.77912,1200.794439
2006-11-28,14.994720000000001,455.8394880000001,1115.3072736000001
2006-11-29,16.92678,514.574112,1259.0138964
2006-11-30,19.69539,598.739856,1464.9431081999999
2006-12-01,18.6732,567.66528,1388.9126159999998
2006-12-02,18.09093,549.964272,1345.6033734
2006-12-03,16.00014,486.404256,1190.0904131999998
2006-12-04,19.98438,607.525152,1486.4381844
2006-12-05,17.333940000000002,526.951776,1289.2984572
2006-12-06,15.857789999999998,482.076816,1179.5024201999997
2006-12-07,14.066130000000001,427.610352,1046.2387494
2006-12-08,15.07701,458.34110400000003,1121.4280038
2006-12-09,13.087230000000002,397.85179200000005,973.4281673999999
2006-12-10,19.22271,584.370384,1429.7851698
2006-12-11,18.170489999999997,552.382896,1351.5210461999998
2006-12-12,11.981580000000001,364.24003200000004,891.1899204
2006-12-13,13.09464,398.077056,973.9793232000001
2006-12-14,18.27072,555.429888,1358.9761536
2006-12-15,20.685600000000004,628.8422400000001,1538.5949280000002
2006-12-16,18.3456,557.70624,1364.5457279999998
2006-12-17,17.72511,538.843344,1318.3936818
2006-12-18,15.42528,468.92851199999996,1147.3323264
2006-12-19,15.07701,458.34110400000003,1121.4280038
2006-12-20,8.42127,256.00660799999997,626.3740626
2006-12-21,16.62141,505.29086400000006,1236.3004758
2006-12-22,20.53662,624.3132479999999,1527.5137955999999
2006-12-23,15.950220000000002,484.88668800000005,1186.3773636
2006-12-24,17.21577,523.359408,1280.5089725999999
2006-12-25,13.77519,418.765776,1024.5986321999999
2006-12-26,17.547269999999997,533.437008,1305.1659425999999
2006-12-27,17.596799999999998,534.94272,1308.849984
2006-12-28,18.9735,576.7944,1411.24893
2006-12-29,23.667540000000002,719.493216,1760.3916252
2006-12-30,22.405110000000004,681.115344,1666.4920818000003
2006-12-31,15.47208,470.35123200000004,1150.8133104
2007-01-01,19.42278,590.4525120000001,1444.6663764
2007-01-02,18.88848,574.2097920000001,1404.9251424
2007-01-03,22.17306,674.061024,1649.2322027999999
2007-01-04,17.784,540.6335999999999,1322.7739199999999
2007-01-05,18.140459999999997,551.469984,1349.2874147999999
2007-01-06,19.717619999999997,599.415648,1466.5965755999998
2007-01-07,16.43421,499.599984,1222.3765397999998
2007-01-08,16.1499,490.95696000000004,1201.229562
2007-01-09,9.20166,279.73046400000004,684.4194708
2007-01-10,15.03216,456.977664,1118.0920608000001
2007-01-11,16.42953,499.45771199999996,1222.0284414
2007-01-12,17.976660000000003,546.490464,1337.1039707999998
2007-01-13,16.26846,494.561184,1210.0480548
2007-01-14,15.291510000000002,464.86190400000004,1137.3825138
2007-01-15,18.51603,562.8873120000001,1377.2223113999999
2007-01-16,16.86399,512.665296,1254.3435761999997
2007-01-17,14.03259,426.590736,1043.7440442
2007-01-18,16.64208,505.91923199999997,1237.8379104
2007-01-19,17.496570000000002,531.895728,1301.3948765999999
2007-01-20,17.496570000000002,531.895728,1301.3948765999999
2007-01-21,18.4119,559.72176,1369.477122
2007-01-22,22.159800000000004,673.6579200000001,1648.245924
2007-01-23,17.886960000000002,543.763584,1330.4320848
2007-01-24,21.79944,662.702976,1621.4423471999999
2007-01-25,12.02955,365.69832,894.7579289999999
2007-01-26,12.30294,374.009376,915.0926771999999
2007-01-27,15.332460000000001,466.10678400000006,1140.4283748
2007-01-28,23.509590000000003,714.691536,1748.6433042
2007-01-29,22.536150000000003,685.09896,1676.2388369999999
2007-01-30,20.271030000000003,616.239312,1507.7592114
2007-01-31,18.525389999999998,563.1718559999999,1377.9185082
2007-02-01,23.03106,700.144224,1713.0502428000002
2007-02-02,25.890539999999998,787.0724160000001,1925.7383652
2007-02-03,24.84066,755.156064,1847.6482907999998
2007-02-04,25.55085,776.74584,1900.472223
2007-02-05,25.77354,783.515616,1917.0359052
2007-02-06,23.97291,728.7764639999999,1783.1050457999997
2007-02-07,22.69878,690.042912,1688.3352563999997
2007-02-08,21.50187,653.6568480000001,1599.3090905999998
2007-02-09,19.71684,599.391936,1466.5385592
2007-02-10,20.680139999999998,628.676256,1538.1888132
2007-02-11,21.719880000000003,660.284352,1615.5246744
2007-02-12,21.22458,645.227232,1578.6842603999999
2007-02-13,19.319820000000004,587.322528,1437.0082115999999
2007-02-14,21.460530000000002,652.400112,1596.2342214
2007-02-15,16.262220000000003,494.37148800000006,1209.5839236000002
2007-02-16,19.6521,597.42384,1461.723198
2007-02-17,15.573089999999999,473.421936,1158.3264342
2007-02-18,19.77495,601.15848,1470.860781
2007-02-19,16.988400000000002,516.44736,1263.597192
2007-02-20,25.807470000000002,784.547088,1919.5596186
2007-02-21,25.58634,777.824736,1903.1119692
2007-02-22,26.730210000000003,812.598384,1988.1930198
2007-02-23,25.394460000000002,771.991584,1888.8399348
2007-02-24,20.253090000000004,615.6939360000001,1506.4248342
2007-02-25,13.020540000000002,395.824416,968.4677651999999
2007-02-26,24.91632,757.456128,1853.2758815999998
2007-02-27,26.163149999999998,795.35976,1946.015097
2007-02-28,25.13355,764.05992,1869.4334489999997
2007-03-01,19.56708,594.8392319999999,1455.3994103999999
2007-03-02,23.65467,719.1019679999999,1759.4343545999998
2007-03-03,24.46977,743.8810080000001,1820.0614926
2007-03-04,16.26027,494.31220800000006,1209.4388826
2007-03-05,14.47056,439.905024,1076.3202528
2007-03-06,14.133600000000001,429.6614400000001,1051.257168
2007-03-07,17.3901,528.65904,1293.4756379999997
2007-03-08,14.114880000000001,429.09235200000006,1049.8647744
2007-03-09,11.440650000000002,347.79576000000003,850.955547
2007-03-10,19.908720000000002,605.225088,1480.8105936
2007-03-11,15.46935,470.26824000000005,1150.6102529999998
2007-03-12,19.597109999999997,595.7521439999999,1457.6330417999998
2007-03-13,17.61474,535.488096,1310.1843612
2007-03-14,15.67995,476.67048,1166.274681
2007-03-15,18.747300000000003,569.9179200000001,1394.4241740000002
2007-03-16,9.696180000000002,294.76387200000005,721.2018684000001
2007-03-17,12.907440000000001,392.38617600000003,960.0553872
2007-03-18,17.41233,529.334832,1295.1291053999998
2007-03-19,16.68888,507.341952,1241.3188944
2007-03-20,18.046860000000002,548.624544,1342.3254467999998
2007-03-21,15.07974,458.424096,1121.6310612
2007-03-22,12.85206,390.702624,955.9362228
2007-03-23,16.757130000000004,509.4167520000001,1246.3953294
2007-03-24,18.69855,568.43592,1390.7981490000002
2007-03-25,10.580700000000002,321.65328000000005,786.992466
2007-03-26,14.587560000000002,443.46182400000004,1085.0227128000001
2007-03-27,11.775660000000002,357.980064,875.8735907999999
2007-03-28,18.03399,548.233296,1341.3681762
2007-03-29,17.035200000000003,517.87008,1267.078176
2007-03-30,15.151110000000003,460.5937440000001,1126.9395618
2007-03-31,17.94507,545.530128,1334.7543066
2007-04-01,23.60865,717.70296,1756.0113869999998
2007-04-02,15.705300000000001,477.44112000000007,1168.160214
2007-04-03,16.60542,504.80476799999997,1235.1111396
2007-04-04,16.797300000000003,510.6379200000001,1249.383174
2007-04-05,18.73209,569.455536,1393.2928541999997
2007-04-06,20.27649,616.405296,1508.1653262
2007-04-07,18.31362,556.734048,1362.1670556
2007-04-08,15.23262,463.07164800000004,1133.0022756
2007-04-09,16.17213,491.63275200000004,1202.8830294
2007-04-10,19.88922,604.632288,1479.3601836
2007-04-11,21.75927,661.481808,1618.4545025999998
2007-04-12,20.08188,610.489152,1493.6902344
2007-04-13,20.739810000000002,630.490224,1542.6270677999998
2007-04-14,16.59723,504.555792,1234.5019674
2007-04-15,20.792460000000002,632.0907840000001,1546.5431748
2007-04-16,15.717390000000002,477.808656,1169.0594681999999
2007-04-17,20.1903,613.78512,1501.7545139999997
2007-04-18,12.53109,380.945136,932.0624741999999
2007-04-19,18.15918,552.039072,1350.6798084
2007-04-20,7.66116,232.899264,569.8370808
2007-04-21,17.44704,530.3900160000001,1297.7108352
2007-04-22,16.34451,496.873104,1215.7046538
2007-04-23,19.717619999999997,599.415648,1466.5965755999998
2007-04-24,17.50593,532.180272,1302.0910734
2007-04-25,18.50082,562.4249280000001,1376.0909916
2007-04-26,17.33277,526.916208,1289.2114326
2007-04-27,19.872059999999998,604.1106239999999,1478.0838228
2007-04-28,20.50386,623.3173439999999,1525.0771068
2007-04-29,17.418960000000002,529.5363840000001,1295.6222447999999
2007-04-30,20.971080000000004,637.520832,1559.8289304
2007-05-01,18.02463,547.948752,1340.6719793999998
2007-05-02,19.20867,583.943568,1428.7408745999999
2007-05-03,17.594849999999997,534.88344,1308.704943
2007-05-04,17.57262,534.207648,1307.0514756
2007-05-05,25.013820000000003,760.4201280000001,1860.5279315999999
2007-05-06,16.76298,509.594592,1246.8304523999998
2007-05-07,18.23874,554.4576959999999,1356.5974812
2007-05-08,17.56404,533.946816,1306.4132952
2007-05-09,18.921240000000004,575.2056960000001,1407.3618312
2007-05-10,20.698860000000003,629.245344,1539.5812068
2007-05-11,26.13117,794.387568,1943.6364246
2007-05-12,18.286710000000003,555.915984,1360.1654898
2007-05-13,19.960200000000004,606.7900800000001,1484.639676
2007-05-14,20.947680000000002,636.809472,1558.0884384
2007-05-15,21.13293,642.4410720000001,1571.8673334
2007-05-16,16.46346,500.48918399999997,1224.5521548000002
2007-05-17,21.40359,650.669136,1591.9990242000001
2007-05-18,16.680300000000003,507.08112000000006,1240.680714
2007-05-19,20.352540000000005,618.717216,1513.8219252000001
2007-05-20,18.85182,573.0953280000001,1402.1983716
2007-05-21,16.09842,489.39196799999996,1197.4004796
2007-05-22,18.342869999999998,557.623248,1364.3426705999998
2007-05-23,17.51529,532.464816,1302.7872702
2007-05-24,17.03247,517.787088,1266.8751186
2007-05-25,18.19116,553.011264,1353.0584807999999
2007-05-26,14.80947,450.20788799999997,1101.5283785999998
2007-05-27,15.830490000000001,481.24689600000005,1177.4718462
2007-05-28,17.784,540.6335999999999,1322.7739199999999
2007-05-29,12.895350000000002,392.01864,959.156133
2007-05-30,17.23839,524.047056,1282.1914482
2007-05-31,17.82807,541.973328,1326.0518465999999
2007-06-01,18.27345,555.51288,1359.1792110000001
2007-06-02,16.174860000000002,491.71574400000003,1203.0860868
2007-06-03,15.793050000000003,480.10872,1174.6870589999999
2007-06-04,22.43514,682.028256,1668.7257132
2007-06-05,20.12946,611.9355840000001,1497.2292348
2007-06-06,19.312410000000003,587.097264,1436.4570558
2007-06-07,21.69375,659.49,1613.581125
2007-06-08,21.943740000000002,667.089696,1632.1753811999997
2007-06-09,23.03886,700.381344,1713.6304068
2007-06-10,19.981650000000002,607.44216,1486.235127
2007-06-11,23.74632,721.888128,1766.2512816
2007-06-12,24.84534,755.298336,1847.9963891999998
2007-06-13,26.23998,797.6953920000001,1951.7297124000002
2007-06-14,22.83645,694.2280800000001,1698.575151
2007-06-15,23.494380000000003,714.229152,1747.5119844
2007-06-16,22.05684,670.5279360000001,1640.5877592
2007-06-17,23.331750000000003,709.2852,1735.4155649999998
2007-06-18,18.36705,558.35832,1366.1411790000002
2007-06-19,23.48814,714.0394560000001,1747.0478532
2007-06-20,22.86843,695.2002719999999,1700.9538234
2007-06-21,25.73259,782.2707359999999,1913.9900441999998
2007-06-22,16.99776,516.731904,1264.2933887999998
2007-06-23,17.95911,545.956944,1335.7986018
2007-06-24,22.531470000000002,684.9566880000001,1675.8907386
2007-06-25,23.10906,702.515424,1718.8518827999999
2007-06-26,17.41233,529.334832,1295.1291053999998
2007-06-27,22.708140000000004,690.3274560000001,1689.0314532
2007-06-28,22.759619999999998,691.8924480000001,1692.8605355999998
2007-06-29,18.69192,568.234368,1390.3050096
2007-06-30,22.07946,671.215584,1642.2702348
2007-07-01,23.75295,722.08968,1766.7444209999999
2007-07-02,25.68306,780.765024,1910.3060028
2007-07-03,24.91359,757.3731359999999,1853.0728241999998
2007-07-04,26.617110000000004,809.1601440000001,1979.7806418000002
2007-07-05,26.27742,798.8335680000001,1954.5144996000001
2007-07-06,24.593400000000003,747.6393600000001,1829.257092
2007-07-07,21.47379,652.803216,1597.2205002
2007-07-08,20.171580000000002,613.216032,1500.3621204
2007-07-09,20.608770000000003,626.506608,1532.8803125999998
2007-07-10,21.434400000000004,651.60576,1594.290672
2007-07-11,23.92143,727.2114720000001,1779.2759634
2007-07-12,21.054540000000003,640.0580160000001,1566.0366852
2007-07-13,22.096230000000002,671.725392,1643.5175874
2007-07-14,21.23316,645.488064,1579.3224408
2007-07-15,19.57449,595.064496,1455.9505662
2007-07-16,19.23948,584.8801920000001,1431.0325224
2007-07-17,21.977280000000004,668.109312,1634.6700864000002
2007-07-18,22.18866,674.5352640000001,1650.3925307999998
2007-07-19,21.411,650.8944,1592.55018
2007-07-20,19.290180000000003,586.421472,1434.8035883999999
2007-07-21,16.280939999999998,494.94057599999996,1210.9763172
2007-07-22,15.748200000000002,478.7452800000001,1171.351116
2007-07-23,19.056179999999998,579.307872,1417.3986684
2007-07-24,18.374460000000003,558.5835840000001,1366.6923348
2007-07-25,22.51002,684.304608,1674.2952876000002
2007-07-26,25.940459999999998,788.589984,1929.4514148
2007-07-27,24.040380000000003,730.827552,1788.1234644
2007-07-28,21.99132,668.536128,1635.7143816
2007-07-29,27.159990000000004,825.6636960000001,2020.1600562
2007-07-30,26.79846,814.673184,1993.2694548000002
2007-07-31,24.08718,732.250272,1791.6044484
2007-08-01,19.890780000000003,604.679712,1479.4762163999999
2007-08-02,23.39064,711.075456,1739.7958032
2007-08-03,22.24482,676.2425280000001,1654.5697116
2007-08-04,21.30882,647.788128,1584.9500316
2007-08-05,19.61778,596.380512,1459.1704763999999
2007-08-06,20.01441,608.438064,1488.6718158
2007-08-07,21.177780000000002,643.804512,1575.2032764
2007-08-08,19.71411,599.308944,1466.3355018
2007-08-09,18.05271,548.8023840000001,1342.7605698
2007-08-10,19.15251,582.236304,1424.5636938
2007-08-11,18.895890000000005,574.4350560000001,1405.4762982000002
2007-08-12,22.54161,685.2649439999999,1676.6449518
2007-08-13,19.59126,595.574304,1457.1979187999998
2007-08-14,18.361590000000003,558.1923360000001,1365.7350642
2007-08-15,18.48405,561.91512,1374.843639
2007-08-16,24.03453,730.649712,1787.6883414
2007-08-17,15.26811,464.150544,1135.6420218
2007-08-18,18.63966,566.645664,1386.4179107999998
2007-08-19,21.390330000000002,650.266032,1591.0127454
2007-08-20,17.03988,518.0123520000001,1267.4262744
2007-08-21,19.5429,594.1041600000001,1453.600902
2007-08-22,21.71793,660.225072,1615.3796333999996
2007-08-23,20.973810000000004,637.603824,1560.0319878
2007-08-24,17.39478,528.801312,1293.8237364000001
2007-08-25,12.01746,365.330784,893.8586747999999
2007-08-26,13.650780000000001,414.983712,1015.3450164
2007-08-27,22.87389,695.366256,1701.3599382
2007-08-28,26.26338,798.4067520000001,1953.4702044
2007-08-29,15.84453,481.6737120000001,1178.5161414000002
2007-08-30,20.20629,614.271216,1502.9438502
2007-08-31,20.58927,625.913808,1531.4299026
2007-09-01,17.84562,542.506848,1327.3572156
2007-09-02,23.597340000000003,717.359136,1755.1701492
2007-09-03,19.92822,605.8178879999999,1482.2610035999999
2007-09-04,21.14229,642.7256160000001,1572.5635302
2007-09-05,22.55097,685.5494880000001,1677.3411486000002
2007-09-06,23.88594,726.1325760000001,1776.6362172
2007-09-07,25.84764,785.7682560000001,1922.5474632
2007-09-08,23.733060000000002,721.4850240000001,1765.2650027999998
2007-09-09,18.506670000000003,562.6027680000001,1376.5261146
2007-09-10,25.92798,788.210592,1928.5231524
2007-09-11,23.90622,726.749088,1778.1446435999999
2007-09-12,23.284950000000002,707.8624800000001,1731.934581
2007-09-13,16.71774,508.21929600000004,1243.4655012
2007-09-14,21.132150000000003,642.41736,1571.8093169999997
2007-09-15,14.1999,431.67696,1056.188562
2007-09-16,17.558580000000003,533.780832,1306.0071804
2007-09-17,23.83446,724.567584,1772.8071347999999
2007-09-18,23.87736,725.871744,1775.9980368000001
2007-09-19,19.04838,579.0707520000001,1416.8185044
2007-09-20,25.06062,761.842848,1864.0089155999997
2007-09-21,23.330579999999998,709.249632,1735.3285403999998
2007-09-22,25.51809,775.749936,1898.0355342
2007-09-23,22.7253,690.84912,1690.307814
2007-09-24,21.19299,644.266896,1576.3345961999999
2007-09-25,21.89226,665.524704,1628.3462987999999
2007-09-26,18.480539999999998,561.808416,1374.5825651999999
2007-09-27,20.473050000000004,622.3807200000001,1522.7854590000002
2007-09-28,25.30476,769.264704,1882.1680488000002
2007-09-29,20.86149,634.189296,1551.6776261999998
2007-09-30,23.329800000000002,709.2259200000001,1735.2705239999998
2007-10-01,13.69914,416.45385600000003,1018.9420332
2007-10-02,24.58014,747.236256,1828.2708132
2007-10-03,23.7939,723.33456,1769.790282
2007-10-04,24.01971,730.199184,1786.5860298
2007-10-05,21.895770000000002,665.6314080000001,1628.6073726
2007-10-06,17.86356,543.052224,1328.6915928
2007-10-07,17.57262,534.207648,1307.0514756
2007-10-08,21.21912,645.0612480000001,1578.2781456
2007-10-09,13.95108,424.11283199999997,1037.6813304
2007-10-10,17.90373,544.273392,1331.6794373999999
2007-10-11,18.314790000000002,556.769616,1362.2540802
2007-10-12,13.473720000000002,409.601088,1002.1752935999999
2007-10-13,17.43846,530.129184,1297.0726548
2007-10-14,18.354960000000002,557.9907840000001,1365.2419248
2007-10-15,17.577299999999997,534.34992,1307.3995739999998
2007-10-16,17.599529999999998,535.025712,1309.0530414
2007-10-17,21.497190000000003,653.514576,1598.9609922000002
2007-10-18,15.58362,473.74204799999995,1159.1096556
2007-10-19,17.87292,543.336768,1329.3877896
2007-10-20,12.04359,366.125136,895.8022242
2007-10-21,11.799059999999999,358.691424,877.6140828
2007-10-22,18.96258,576.462432,1410.4367003999998
2007-10-23,19.065540000000002,579.5924160000001,1418.0948652
2007-10-24,15.13044,459.96537600000005,1125.4021272
2007-10-25,20.58927,625.913808,1531.4299026
2007-10-26,20.4945,623.0328000000001,1524.38091
2007-10-27,15.146430000000002,460.451472,1126.5914633999998
2007-10-28,15.861300000000002,482.18352,1179.763494
2007-10-29,17.158830000000002,521.6284320000001,1276.2737754
2007-10-30,14.618369999999999,444.398448,1087.3143605999999
2007-10-31,13.21827,401.835408,983.1749226
2007-11-01,13.99125,425.334,1040.669175
2007-11-02,16.800420000000003,510.7327680000001,1249.6152396
2007-11-03,17.759819999999998,539.898528,1320.9754116
2007-11-04,15.6117,474.59568,1161.198246
2007-11-05,20.888789999999997,635.0192159999999,1553.7082001999997
2007-11-06,19.77495,601.15848,1470.860781
2007-11-07,16.18071,491.8935840000001,1203.5212098000002
2007-11-08,18.42048,559.9825920000001,1370.1153024
2007-11-09,10.003890000000002,304.11825600000003,744.0893382
2007-11-10,16.23765,493.62456,1207.756407
2007-11-11,16.82538,511.49155199999996,1251.4717644
2007-11-12,19.068270000000002,579.6754080000001,1418.2979226
2007-11-13,19.005480000000002,577.7665920000001,1413.6276024
2007-11-14,17.57535,534.2906399999999,1307.254533
2007-11-15,24.700260000000004,750.887904,1837.2053388
2007-11-16,16.31643,496.01947200000006,1213.6160633999998
2007-11-17,12.774450000000002,388.34328000000005,950.163591
2007-11-18,22.756890000000002,691.8094560000001,1692.6574781999998
2007-11-19,26.483340000000002,805.093536,1969.8308292000002
2007-11-20,18.65253,567.036912,1387.3751814
2007-11-21,17.32263,526.6079520000001,1288.4572194
2007-11-22,17.994600000000002,547.03584,1338.438348
2007-11-23,13.474499999999999,409.6248,1002.23331
2007-11-24,17.43378,529.9869120000001,1296.7245564
2007-11-25,22.634430000000002,688.086672,1683.5489034
2007-11-26,24.65034,749.370336,1833.4922892
2007-11-27,19.41186,590.120544,1443.8541467999999
2007-11-28,15.92136,484.00934399999994,1184.2307567999999
2007-11-29,18.00864,547.462656,1339.4826432000002
2007-11-30,13.39338,407.15875200000005,996.1996044
2007-12-01,11.850540000000002,360.25641600000006,881.4431652000001
2007-12-02,20.672340000000002,628.439136,1537.6086492
2007-12-03,16.047719999999998,487.85068799999993,1193.6294136
2007-12-04,16.28367,495.02356800000007,1211.1793746
2007-12-05,17.76255,539.98152,1321.178469
2007-12-06,14.21511,432.13934399999994,1057.3198818
2007-12-07,18.8643,573.4747199999999,1403.126634
2007-12-08,16.76922,509.78428800000006,1247.2945836000001
2007-12-09,20.54598,624.597792,1528.2099924000001
2007-12-10,20.55846,624.977184,1529.1382548
2007-12-11,13.74321,417.793584,1022.2199598
2007-12-12,14.82078,450.551712,1102.3696163999998
2007-12-13,16.49622,501.4850880000001,1226.9888435999999
2007-12-14,17.320680000000003,526.548672,1288.3121784
2007-12-15,13.165619999999999,400.23484799999994,979.2588156
2007-12-16,14.235779999999998,432.76771199999996,1058.8573164
2007-12-17,16.22166,493.138464,1206.5670707999998
2007-12-18,17.329259999999998,526.8095040000001,1288.9503587999998
2007-12-19,20.124000000000002,611.7696000000001,1496.82312
2007-12-20,18.784740000000003,571.056096,1397.2089612
2007-12-21,16.12806,490.293024,1199.6051028
2007-12-22,15.734940000000002,478.34217600000005,1170.3648372
2007-12-23,15.792269999999998,480.08500799999996,1174.6290426
2007-12-24,17.543370000000003,533.3184480000001,1304.8758606000001
2007-12-25,15.240810000000002,463.320624,1133.6114478
2007-12-26,12.168780000000002,369.93091200000003,905.1138564
2007-12-27,13.02717,396.025968,968.9609046
2007-12-28,19.9875,607.62,1486.6702500000001
2007-12-29,17.336669999999998,527.034768,1289.5015145999998
2007-12-30,18.637710000000002,566.5863840000001,1386.2728698
2007-12-31,23.671440000000004,719.6117760000001,1760.6817072000001
2008-01-01,23.07435,701.46024,1716.270153
2008-01-02,19.28628,586.302912,1434.5135063999999
2008-01-03,12.823979999999999,389.84899199999995,953.8476323999998
2008-01-04,19.68486,598.419744,1464.1598867999999
2008-01-05,20.692230000000002,629.043792,1539.0880674
2008-01-06,18.824910000000003,572.2772640000001,1400.1968058
2008-01-07,12.4683,379.03632000000005,927.3921539999999
2008-01-08,17.52387,532.725648,1303.4254505999997
2008-01-09,9.46686,287.792544,704.1450468
2008-01-10,12.064259999999999,366.753504,897.3396587999999
2008-01-11,15.403830000000001,468.27643199999994,1145.7368754
2008-01-12,16.888170000000002,513.4003680000001,1256.1420846
2008-01-13,15.49158,470.94403200000005,1152.2637204
2008-01-14,15.500940000000002,471.2285760000001,1152.9599172
2008-01-15,16.08594,489.012576,1196.4722172
2008-01-16,16.6374,505.77696000000003,1237.489812
2008-01-17,16.216200000000004,492.9724800000001,1206.1609560000002
2008-01-18,19.820580000000003,602.5456320000001,1474.2547404
2008-01-19,20.91414,635.789856,1555.5937331999999
2008-01-20,18.8565,573.2376,1402.54647
2008-01-21,19.22076,584.311104,1429.6401288
2008-01-22,19.33386,587.749344,1438.0525068
2008-01-23,20.72109,629.921136,1541.2346742000002
2008-01-24,15.30633,465.312432,1138.4848254
2008-01-25,14.48382,440.30812800000007,1077.3065316
2008-01-26,18.47274,561.5712960000001,1374.0024012
2008-01-27,19.12248,581.323392,1422.3300623999999
2008-01-28,23.94288,727.8635519999999,1780.8714143999998
2008-01-29,26.19474,796.320096,1948.3647612
2008-01-30,20.402070000000002,620.222928,1517.5059666
2008-01-31,19.31436,587.156544,1436.6020967999998
2008-02-01,20.07252,610.204608,1492.9940376
2008-02-02,21.80802,662.9638080000001,1622.0805276
2008-02-03,21.45234,652.1511360000001,1595.6250492000001
2008-02-04,22.72218,690.754272,1690.0757483999998
2008-02-05,21.848190000000002,664.184976,1625.0683722
2008-02-06,16.79457,510.5549280000001,1249.1801166
2008-02-07,19.45554,591.4484160000001,1447.1030652
2008-02-08,21.28854,647.171616,1583.4416052
2008-02-09,18.91266,574.944864,1406.7236507999999
2008-02-10,13.90896,422.83238400000005,1034.5484448
2008-02-11,16.73373,508.7053920000001,1244.6548374
2008-02-12,17.34486,527.2837440000001,1290.1106868
2008-02-13,21.13761,642.583344,1572.2154318
2008-02-14,18.08352,549.739008,1345.0522176
2008-02-15,18.689970000000002,568.1750880000001,1390.1599686
2008-02-16,10.80066,328.34006400000004,803.3530908
2008-02-17,16.59606,504.520224,1234.4149428
2008-02-18,16.99308,516.589632,1263.9452904
2008-02-19,13.92027,423.176208,1035.3896826
2008-02-20,13.918320000000001,423.116928,1035.2446416
2008-02-21,13.93704,423.686016,1036.6370352
2008-02-22,18.60846,565.697184,1384.0972548
2008-02-23,20.42352,620.875008,1519.1014175999999
2008-02-24,22.864530000000002,695.081712,1700.6637414000002
2008-02-25,21.51006,653.9058239999999,1599.9182628
2008-02-26,19.500780000000002,592.8237120000001,1450.4680164000001
2008-02-27,18.47391,561.6068640000001,1374.0894258
2008-02-28,14.332110000000002,435.696144,1066.0223417999998
2008-02-29,24.01113,729.938352,1785.9478493999998
2008-03-01,21.12162,642.097248,1571.0260956
2008-03-02,16.65222,506.227488,1238.5921236
2008-03-03,14.549339999999999,442.299936,1082.1799092
2008-03-04,11.8872,361.37088,884.1699359999999
2008-03-05,12.079080000000001,367.20403200000004,898.4419704
2008-03-06,11.68206,355.134624,868.9116228
2008-03-07,15.221309999999999,462.72782399999994,1132.1610378
2008-03-08,17.45718,530.6982720000001,1298.4650484
2008-03-09,19.92822,605.8178879999999,1482.2610035999999
2008-03-10,9.15213,278.224752,680.7354293999999
2008-03-11,15.5883,473.88432,1159.457754
2008-03-12,12.93942,393.35836800000004,962.4340596
2008-03-13,12.634050000000002,384.07512,939.7206389999999
2008-03-14,9.74181,296.151024,724.5958277999999
2008-03-15,23.79117,723.251568,1769.5872246
2008-03-16,23.820420000000002,724.1407680000001,1771.7628396
2008-03-17,19.856460000000002,603.6363840000001,1476.9234948
2008-03-18,21.88173,665.2045919999999,1627.5630773999997
2008-03-19,17.006339999999998,516.992736,1264.9315691999998
2008-03-20,19.84398,603.256992,1475.9952323999998
2008-03-21,17.0625,518.7,1269.10875
2008-03-22,15.817619999999998,480.855648,1176.5145756
2008-03-23,15.485340000000003,470.754336,1151.7995892000001
2008-03-24,24.85002,755.440608,1848.3444875999999
2008-03-25,16.619460000000004,505.231584,1236.1554348
2008-03-26,20.12946,611.9355840000001,1497.2292348
2008-03-27,17.63697,536.163888,1311.8378286000002
2008-03-28,11.57559,351.897936,860.9923842
2008-03-29,16.062540000000002,488.301216,1194.7317252
2008-03-30,15.50952,471.489408,1153.5980976
2008-03-31,12.31308,374.317632,915.8468904
2008-04-01,15.72948,478.17619199999996,1169.9587224
2008-04-02,20.65284,627.8463360000001,1536.1582392
2008-04-03,16.44357,499.88452800000005,1223.0727366
2008-04-04,20.59668,626.139072,1531.9810584
2008-04-05,19.66926,597.945504,1462.9995588
2008-04-06,19.618560000000002,596.404224,1459.2284928
2008-04-07,18.187260000000002,552.8927040000001,1352.7683988
2008-04-08,19.01757,578.134128,1414.5268565999997
2008-04-09,18.47469,561.630576,1374.1474422
2008-04-10,18.75354,570.107616,1394.8883052
2008-04-11,15.79695,480.22728000000006,1174.977141
2008-04-12,17.03247,517.787088,1266.8751186
2008-04-13,14.46198,439.644192,1075.6820724000002
2008-04-14,16.375320000000002,497.80972800000006,1217.9963016000002
2008-04-15,18.027359999999998,548.031744,1340.8750367999999
2008-04-16,24.69441,750.710064,1836.7702157999997
2008-04-17,25.370280000000005,771.256512,1887.0414264
2008-04-18,21.910980000000002,666.093792,1629.7386924
2008-04-19,20.59395,626.05608,1531.778001
2008-04-20,19.68486,598.419744,1464.1598867999999
2008-04-21,14.44443,439.110672,1074.3767034
2008-04-22,18.63381,566.467824,1385.9827877999999
2008-04-23,13.159380000000002,400.04515200000003,978.7946844
2008-04-24,15.336359999999999,466.225344,1140.7184567999998
2008-04-25,14.62695,444.65928,1087.952541
2008-04-26,18.23133,554.232432,1356.0463254
2008-04-27,11.52138,350.249952,856.9602444
2008-04-28,18.35418,557.967072,1365.1839084
2008-04-29,20.991750000000003,638.1492000000001,1561.366365
2008-04-30,18.91266,574.944864,1406.7236507999999
2008-05-01,17.3823,528.42192,1292.895474
2008-05-02,18.655260000000002,567.119904,1387.5782388000002
2008-05-03,15.241980000000002,463.35619199999996,1133.6984724
2008-05-04,17.25048,524.414592,1283.0907023999998
2008-05-05,16.61595,505.12488,1235.8943610000001
2008-05-06,17.69703,537.989712,1316.3050914
2008-05-07,23.311860000000003,708.680544,1733.9361468
2008-05-08,17.910359999999997,544.4749439999999,1332.1725768
2008-05-09,18.814380000000003,571.9571520000001,1399.4135844
2008-05-10,26.135070000000002,794.506128,1943.9265065999998
2008-05-11,21.99795,668.7376800000001,1636.207521
2008-05-12,23.938980000000004,727.7449920000001,1780.5813324000003
2008-05-13,19.84398,603.256992,1475.9952323999998
2008-05-14,21.15438,643.093152,1573.4627844
2008-05-15,17.885009999999998,543.704304,1330.2870438
2008-05-16,19.1685,582.7224000000001,1425.7530299999999
2008-05-17,10.96992,333.48556800000006,815.9426496000001
2008-05-18,19.5819,595.28976,1456.5017219999997
2008-05-19,15.671370000000001,476.40964800000006,1165.6365005999999
2008-05-20,18.49614,562.2826560000001,1375.7428932
2008-05-21,14.87382,452.164128,1106.3147316
2008-05-22,16.38,497.952,1218.3444
2008-05-23,15.793050000000003,480.10872,1174.6870589999999
2008-05-24,14.237340000000001,432.81513600000005,1058.9733491999998
2008-05-25,16.97514,516.044256,1262.6109132
2008-05-26,15.783690000000002,479.8241760000001,1173.9908622
2008-05-27,15.783690000000002,479.8241760000001,1173.9908622
2008-05-28,12.149280000000001,369.338112,903.6634464
2008-05-29,16.86204,512.606016,1254.1985352
2008-05-30,19.89858,604.916832,1480.0563803999999
2008-05-31,22.065420000000003,670.788768,1641.2259396
2008-06-01,18.40098,559.389792,1368.6648924
2008-06-02,20.11386,611.461344,1496.0689068
2008-06-03,15.46662,470.185248,1150.4071956
2008-06-04,24.57195,746.98728,1827.661641
2008-06-05,19.575660000000003,595.100064,1456.0375907999999
2008-06-06,19.836570000000002,603.0317279999999,1475.4440765999998
2008-06-07,15.695940000000002,477.1565760000001,1167.4640172
2008-06-08,24.406980000000004,741.9721920000001,1815.3911724
2008-06-09,19.27146,585.852384,1433.4111948
2008-06-10,19.88454,604.4900160000001,1479.0120852
2008-06-11,19.505460000000003,592.965984,1450.8161148
2008-06-12,23.80911,723.796944,1770.9216017999997
2008-06-13,22.32906,678.803424,1660.8354827999997
2008-06-14,15.163199999999998,460.96128,1127.838816
2008-06-15,17.65686,536.768544,1313.3172468
2008-06-16,23.267010000000003,707.3171040000001,1730.6002038000001
2008-06-17,20.01168,608.355072,1488.4687583999998
2008-06-18,20.245680000000004,615.4686720000001,1505.8736784
2008-06-19,21.0561,640.10544,1566.152718
2008-06-20,20.89815,635.3037600000001,1554.404397
2008-06-21,17.048460000000002,518.273184,1268.0644548
2008-06-22,16.62882,505.516128,1236.8516315999998
2008-06-23,20.14467,612.3979680000001,1498.3605546000001
2008-06-24,20.13609,612.137136,1497.7223742
2008-06-25,15.478710000000001,470.552784,1151.3064497999999
2008-06-26,22.7214,690.73056,1690.0177319999998
2008-06-27,24.771240000000002,753.045696,1842.4848312000001
2008-06-28,17.53791,533.152464,1304.4697458
2008-06-29,22.27017,677.0131680000001,1656.4552446
2008-06-30,20.54052,624.431808,1527.8038776
2008-07-01,17.346030000000003,527.3193120000001,1290.1977114
2008-07-02,15.485340000000003,470.754336,1151.7995892000001
2008-07-03,18.25122,554.837088,1357.5257436
2008-07-04,19.022250000000003,578.2764000000001,1414.874955
2008-07-05,15.45063,469.699152,1149.2178594
2008-07-06,17.36553,527.9121120000001,1291.6481214
2008-07-07,19.283549999999998,586.21992,1434.3104489999998
2008-07-08,14.73927,448.07380800000004,1096.3069025999998
2008-07-09,19.980870000000003,607.4184480000001,1486.1771106
2008-07-10,15.705300000000001,477.44112000000007,1168.160214
2008-07-11,22.08414,671.3578560000001,1642.6183332
2008-07-12,21.844289999999997,664.066416,1624.7782902000001
2008-07-13,16.18617,492.059568,1203.9273245999998
2008-07-14,17.69898,538.048992,1316.4501323999998
2008-07-15,17.73447,539.127888,1319.0898786
2008-07-16,15.879240000000001,482.728896,1181.0978712
2008-07-17,18.00864,547.462656,1339.4826432000002
2008-07-18,20.48826,622.843104,1523.9167788
2008-07-19,23.53104,715.343616,1750.2387551999998
2008-07-20,24.273210000000002,737.9055840000001,1805.4413598000003
2008-07-21,23.33721,709.451184,1735.8216798
2008-07-22,20.25504,615.753216,1506.5698752
2008-07-23,25.41513,772.619952,1890.3773694
2008-07-24,23.479560000000003,713.778624,1746.4096728000002
2008-07-25,23.60202,717.5014080000001,1755.5182476000002
2008-07-26,19.052280000000003,579.1893120000001,1417.1085864
2008-07-27,20.78388,631.829952,1545.9049944
2008-07-28,23.344620000000003,709.676448,1736.3728356000001
2008-07-29,17.8308,542.05632,1326.254904
2008-07-30,21.94998,667.279392,1632.6395123999998
2008-07-31,18.66579,567.440016,1388.3614602
2008-08-01,24.96585,758.96184,1856.9599230000001
2008-08-02,16.79379,510.53121600000003,1249.1221001999997
2008-08-03,20.27454,616.346016,1508.0202851999998
2008-08-04,19.462170000000004,591.6499680000001,1447.5962046
2008-08-05,21.816209999999998,663.2127839999999,1622.6896997999997
2008-08-06,18.664620000000003,567.404448,1388.2744356
2008-08-07,27.93492,849.221568,2077.7993496
2008-08-08,22.552140000000005,685.5850560000001,1677.4281732000002
2008-08-09,22.17462,674.1084480000001,1649.3482356
2008-08-10,19.36194,588.602976,1440.1410971999999
2008-08-11,14.43975,438.9684,1074.028605
2008-08-12,20.31978,617.721312,1511.3852364
2008-08-13,20.870070000000002,634.4501280000001,1552.3158065999999
2008-08-14,18.062070000000002,549.0869280000001,1343.4567666
2008-08-15,22.51275,684.3876,1674.4983450000002
2008-08-16,17.52933,532.891632,1303.8315654
2008-08-17,16.18734,492.095136,1204.0143492
2008-08-18,18.06285,549.11064,1343.5147829999999
2008-08-19,18.114330000000002,550.6756320000001,1347.3438654000001
2008-08-20,19.24806,585.141024,1431.6707027999998
2008-08-21,17.544539999999998,533.354016,1304.9628851999998
2008-08-22,17.38347,528.457488,1292.9824986
2008-08-23,17.339399999999998,527.11776,1289.7045719999999
2008-08-24,14.29935,434.70024,1063.585653
2008-08-25,18.532799999999998,563.39712,1378.469664
2008-08-26,17.979779999999998,546.585312,1337.3360364
2008-08-27,18.45987,561.180048,1373.0451306
2008-08-28,17.785950000000003,540.6928800000001,1322.918961
2008-08-29,17.76606,540.088224,1321.4395427999998
2008-08-30,19.52418,593.5350719999999,1452.2085083999998
2008-08-31,21.199620000000003,644.4684480000001,1576.8277356
2008-09-01,21.45507,652.2341279999999,1595.8281065999997
2008-09-02,15.001349999999999,456.04104,1115.800413
2008-09-03,14.129700000000001,429.54288,1050.967086
2008-09-04,13.5252,411.16607999999997,1006.004376
2008-09-05,21.5475,655.0440000000001,1602.70305
2008-09-06,24.01698,730.116192,1786.3829724
2008-09-07,21.17622,643.7570880000001,1575.0872436
2008-09-08,21.33417,648.558768,1586.8355646
2008-09-09,21.750690000000002,661.2209760000001,1617.8163222
2008-09-10,25.20375,766.1940000000001,1874.654925
2008-09-11,25.961910000000003,789.242064,1931.0468658
2008-09-12,24.413610000000002,742.173744,1815.8843118000002
2008-09-13,24.14022,733.862688,1795.5495635999998
2008-09-14,22.32282,678.613728,1660.3713516
2008-09-15,16.19358,492.28483199999994,1204.4784803999999
2008-09-16,18.598319999999998,565.388928,1383.3430415999999
2008-09-17,16.808609999999998,510.981744,1250.2244117999999
2008-09-18,20.006999999999998,608.2128,1488.1206599999998
2008-09-19,17.10267,519.9211680000001,1272.0965946
2008-09-20,17.41974,529.5600959999999,1295.6802612
2008-09-21,21.3369,648.64176,1587.038622
2008-09-22,14.58834,443.485536,1085.0807292
2008-09-23,18.02268,547.8894720000001,1340.5269384
2008-09-24,20.18016,613.4768640000001,1501.0003008
2008-09-25,24.493170000000003,744.5923680000001,1821.8019846000002
2008-09-26,22.779510000000002,692.497104,1694.3399537999999
2008-09-27,21.24174,645.7488960000001,1579.9606211999999
2008-09-28,21.06468,640.366272,1566.7908984
2008-09-29,22.215180000000004,675.3414720000001,1652.3650884
2008-09-30,19.43526,590.8319039999999,1445.5946387999998
2008-10-01,19.09167,580.3867680000001,1420.0384146
2008-10-02,17.63229,536.021616,1311.4897301999997
2008-10-03,19.52964,593.701056,1452.6146231999999
2008-10-04,14.33952,435.92140800000004,1066.5734976
2008-10-05,16.449420000000003,500.0623680000001,1223.5078596
2008-10-06,16.638180000000002,505.80067200000013,1237.5478284
2008-10-07,10.73787,326.431248,798.6827705999999
2008-10-08,20.14818,612.504672,1498.6216284
2008-10-09,20.084609999999998,610.572144,1493.8932918
2008-10-10,12.565020000000002,381.976608,934.5861876
2008-10-11,17.577299999999997,534.34992,1307.3995739999998
2008-10-12,16.732950000000002,508.68168,1244.5968209999999
2008-10-13,17.49774,531.9312960000001,1301.4819012
2008-10-14,20.14818,612.504672,1498.6216284
2008-10-15,18.8877,574.18608,1404.867126
2008-10-16,18.48678,561.998112,1375.0466964
2008-10-17,20.93091,636.2996640000001,1556.8410858
2008-10-18,22.304100000000002,678.0446400000001,1658.978958
2008-10-19,22.43865,682.13496,1668.9867869999998
2008-10-20,22.19997,674.879088,1651.2337686
2008-10-21,19.890780000000003,604.679712,1479.4762163999999
2008-10-22,20.62866,627.111264,1534.3597307999999
2008-10-23,24.687779999999997,750.508512,1836.2770763999997
2008-10-24,23.71551,720.951504,1763.9596338
2008-10-25,16.18617,492.059568,1203.9273245999998
2008-10-26,22.942140000000002,697.441056,1706.4363732
2008-10-27,18.24927,554.7778079999999,1357.3807025999997
2008-10-28,20.00232,608.070528,1487.7725616
2008-10-29,20.59122,625.973088,1531.5749435999999
2008-10-30,22.85244,694.7141760000001,1699.7644871999998
2008-10-31,21.11811,641.990544,1570.7650218
2008-11-01,12.43476,378.016704,924.8974488
2008-11-02,15.20142,462.123168,1130.6816196
2008-11-03,18.92046,575.1819839999999,1407.3038147999998
2008-11-04,14.315339999999999,435.186336,1064.7749892
2008-11-05,15.972840000000001,485.574336,1188.0598392
2008-11-06,18.79098,571.245792,1397.6730923999999
2008-11-07,20.20629,614.271216,1502.9438502
2008-11-08,15.671370000000001,476.40964800000006,1165.6365005999999
2008-11-09,19.7457,600.26928,1468.6851659999998
2008-11-10,21.739380000000004,660.877152,1616.9750844000002
2008-11-11,19.44813,591.223152,1446.5519093999999
2008-11-12,16.00287,486.487248,1190.2934705999999
2008-11-13,15.285660000000002,464.684064,1136.9473908
2008-11-14,15.591030000000002,473.967312,1159.6608114
2008-11-15,13.385580000000001,406.921632,995.6194404
2008-11-16,14.854320000000001,451.571328,1104.8643216
2008-11-17,17.046509999999998,518.2139040000001,1267.9194137999998
2008-11-18,16.855410000000003,512.4044640000001,1253.7053958
2008-11-19,16.02705,487.22232,1192.0919789999998
2008-11-20,15.17724,461.388096,1128.8831112
2008-11-21,17.40297,529.050288,1294.4329086
2008-11-22,16.9923,516.56592,1263.8872740000002
2008-11-23,17.97042,546.3007680000001,1336.6398396
2008-11-24,12.74169,387.347376,947.7269022
2008-11-25,9.51912,289.381248,708.0321455999999
2008-11-26,9.6135,292.25039999999996,715.0521299999999
2008-11-27,11.48004,348.99321599999996,853.8853751999999
2008-11-28,14.17845,431.02488,1054.593111
2008-11-29,15.52161,471.856944,1154.4973518000002
2008-11-30,16.809780000000003,511.017312,1250.3114364
2008-12-01,16.0524,487.99296,1193.9775119999997
2008-12-02,17.78673,540.716592,1322.9769774
2008-12-03,20.16144,612.907776,1499.6079072
2008-12-04,16.14132,490.696128,1200.5913816
2008-12-05,20.28234,616.583136,1508.6004491999997
2008-12-06,20.72499,630.039696,1541.5247562
2008-12-07,13.279110000000001,403.68494400000003,987.7002018
2008-12-08,19.12638,581.441952,1422.6201444
2008-12-09,22.101689999999998,671.891376,1643.9237021999998
2008-12-10,21.39423,650.384592,1591.3028273999998
2008-12-11,9.25899,281.473296,688.6836761999999
2008-12-12,16.134690000000003,490.494576,1200.0982422
2008-12-13,17.26374,524.817696,1284.0769811999999
2008-12-14,17.9439,545.49456,1334.667282
2008-12-15,16.791059999999998,510.448224,1248.9190427999997
2008-12-16,21.513180000000002,654.0006720000001,1600.1503284
2008-12-17,22.40043,680.973072,1666.1439833999998
2008-12-18,19.58307,595.325328,1456.5887466000001
2008-12-19,12.06972,366.919488,897.7457736000001
2008-12-20,8.795670000000001,267.388368,654.2219346
2008-12-21,11.58846,352.28918400000003,861.9496548000001
2008-12-22,15.45882,469.94812800000005,1149.8270315999998
2008-12-23,18.20325,553.3788000000001,1353.9577350000002
2008-12-24,20.475,622.44,1522.9305
2008-12-25,18.767580000000002,570.534432,1395.9326004
2008-12-26,19.117800000000003,581.1811200000001,1421.981964
2008-12-27,19.90326,605.0591039999999,1480.4044787999999
2008-12-28,21.31467,647.965968,1585.3851546
2008-12-29,19.19736,583.599744,1427.8996367999998
2008-12-30,15.2568,463.80672000000004,1134.800784
2008-12-31,18.57765,564.7605599999999,1381.8056069999998
2009-01-01,16.269630000000003,494.5967520000001,1210.1350794
2009-01-02,19.728150000000003,599.73576,1467.3797970000003
2009-01-03,20.271810000000002,616.263024,1507.8172277999997
2009-01-04,21.01047,638.718288,1562.7587585999997
2009-01-05,17.48175,531.4452,1300.292565
2009-01-06,16.30512,495.67564799999997,1212.7748255999998
2009-01-07,16.79379,510.53121600000003,1249.1221001999997
2009-01-08,13.809899999999999,419.82096,1027.180362
2009-01-09,13.878150000000002,421.89576000000005,1032.256797
2009-01-10,15.23535,463.15464000000003,1133.2053329999999
2009-01-11,19.99374,607.809696,1487.1343812
2009-01-12,18.34365,557.64696,1364.400687
2009-01-13,16.995030000000003,516.648912,1264.0903314
2009-01-14,11.01126,334.742304,819.0175188
2009-01-15,18.30816,556.568064,1361.7609407999998
2009-01-16,12.607920000000002,383.280768,937.7770896
2009-01-17,8.41854,255.92361599999998,626.1710051999999
2009-01-18,15.141749999999998,460.30920000000003,1126.2433649999998
2009-01-19,14.964690000000001,454.926576,1113.0736422
2009-01-20,16.1733,491.66832000000005,1202.970054
2009-01-21,14.17767,431.001168,1054.5350945999999
2009-01-22,14.877719999999998,452.282688,1106.6048136
2009-01-23,14.340300000000001,435.94512000000003,1066.6315140000002
2009-01-24,18.689970000000002,568.1750880000001,1390.1599686
2009-01-25,18.384990000000002,558.9036960000001,1367.4755562
2009-01-26,21.3369,648.64176,1587.038622
2009-01-27,23.162100000000002,704.1278400000001,1722.7969979999998
2009-01-28,18.77421,570.735984,1396.4257398000002
2009-01-29,17.53401,533.033904,1304.1796637999998
2009-01-30,16.054350000000003,488.0522400000001,1194.122553
2009-01-31,13.698360000000001,416.43014400000004,1018.8840167999999
2009-02-01,18.282030000000002,555.773712,1359.8173914000001
2009-02-02,19.856460000000002,603.6363840000001,1476.9234948
2009-02-03,20.56392,625.1431680000001,1529.5443696
2009-02-04,19.0242,578.33568,1415.019996
2009-02-05,18.329610000000002,557.220144,1363.3563918
2009-02-06,15.609750000000004,474.5364000000001,1161.0532050000002
2009-02-07,17.98524,546.751296,1337.7421512
2009-02-08,14.4846,440.33184000000006,1077.364548
2009-02-09,11.59041,352.34846400000004,862.0946958000001
2009-02-10,15.335580000000002,466.201632,1140.6604404
2009-02-11,21.382920000000002,650.0407680000001,1590.4615896
2009-02-12,13.924949999999999,423.31848,1035.7377809999998
2009-02-13,15.406560000000002,468.35942400000005,1145.9399328
2009-02-14,16.58982,504.330528,1233.9508116
2009-02-15,21.33144,648.475776,1586.6325072
2009-02-16,18.37095,558.47688,1366.4312609999997
2009-02-17,15.27552,464.37580800000006,1136.1931776
2009-02-18,20.24295,615.38568,1505.670621
2009-02-19,18.1818,552.72672,1352.3622839999998
2009-02-20,15.889380000000003,483.03715200000005,1181.8520844
2009-02-21,15.184650000000001,461.61336,1129.4342669999999
2009-02-22,16.44084,499.80153600000006,1222.8696792
2009-02-23,15.061020000000001,457.85500800000005,1120.2386676
2009-02-24,17.8308,542.05632,1326.254904
2009-02-25,14.645669999999999,445.22836800000005,1089.3449346
2009-02-26,15.05283,457.606032,1119.6294954
2009-02-27,17.142060000000004,521.1186240000001,1275.0264228
2009-02-28,20.442239999999998,621.4440960000001,1520.4938112
2009-03-01,16.31526,495.983904,1213.5290387999999
2009-03-02,13.1976,401.20703999999995,981.637488
2009-03-03,12.897300000000001,392.07792,959.3011740000001
2009-03-04,17.00049,516.814896,1264.4964461999998
2009-03-05,16.32384,496.244736,1214.1672192
2009-03-06,18.63381,566.467824,1385.9827877999999
2009-03-07,14.26737,433.728048,1061.2069806000002
2009-03-08,18.65721,567.179184,1387.7232798
2009-03-09,18.65253,567.036912,1387.3751814
2009-03-10,19.202040000000004,583.7420160000001,1428.2477352
2009-03-11,18.9111,574.8974400000001,1406.607618
2009-03-12,18.60378,565.554912,1383.7491564
2009-03-13,17.43768,530.105472,1297.0146383999997
2009-03-14,20.87826,634.6991039999999,1552.9249788
2009-03-15,19.61583,596.321232,1459.0254353999999
2009-03-16,14.4339,438.79056,1073.593482
2009-03-17,11.870429999999999,360.861072,882.9225834
2009-03-18,13.326690000000001,405.131376,991.2392021999999
2009-03-19,14.94129,454.21521600000005,1111.3331502
2009-03-20,15.88782,482.98972800000007,1181.7360516
2009-03-21,15.812940000000001,480.713376,1176.1664772
2009-03-22,17.19432,522.7073280000001,1278.9135216000002
2009-03-23,18.10419,550.367376,1346.5896522
2009-03-24,15.455309999999999,469.84142399999996,1149.5659577999998
2009-03-25,16.800420000000003,510.7327680000001,1249.6152396
2009-03-26,16.8441,512.0606399999999,1252.8641579999999
2009-03-27,20.650889999999997,627.787056,1536.0131981999998
2009-03-28,16.28913,495.18955200000005,1211.5854894000001
2009-03-29,15.04074,457.23849599999994,1118.7302412
2009-03-30,20.581860000000002,625.688544,1530.8787467999998
2009-03-31,16.122600000000002,490.1270400000001,1199.198988
2009-04-01,14.03805,426.75672000000003,1044.150159
2009-04-02,17.901,544.1904,1331.4763799999998
2009-04-03,17.00985,517.0994400000001,1265.192643
2009-04-04,19.688760000000002,598.538304,1464.4499687999999
2009-04-05,25.65381,779.875824,1908.1303877999999
2009-04-06,22.43865,682.13496,1668.9867869999998
2009-04-07,17.428320000000003,529.820928,1296.3184416
2009-04-08,18.369780000000002,558.441312,1366.3442364000002
2009-04-09,16.84254,512.0132159999999,1252.7481252
2009-04-10,14.282580000000001,434.19043200000004,1062.3383004
2009-04-11,18.77226,570.676704,1396.2806988
2009-04-12,19.688760000000002,598.538304,1464.4499687999999
2009-04-13,20.775299999999998,631.56912,1545.2668139999998
2009-04-14,14.77281,449.093424,1098.8016078
2009-04-15,20.126730000000002,611.8525920000001,1497.0261774
2009-04-16,20.472269999999998,622.3570080000001,1522.7274426
2009-04-17,16.93965,514.96536,1259.971167
2009-04-18,15.789540000000002,480.0020160000001,1174.4259852
2009-04-19,20.61072,626.565888,1533.0253536
2009-04-20,13.874250000000002,421.7772,1031.966715
2009-04-21,16.895580000000002,513.625632,1256.6932404
2009-04-22,21.45039,652.091856,1595.4800082
2009-04-23,18.213780000000003,553.6989120000001,1354.7409564
2009-04-24,16.890900000000002,513.4833600000001,1256.3451420000001
2009-04-25,18.891209999999997,574.292784,1405.1281998
2009-04-26,16.31994,496.12617599999993,1213.8771371999999
2009-04-27,20.6154,626.70816,1533.3734519999998
2009-04-28,16.878809999999998,513.115824,1255.4458877999998
2009-04-29,16.835910000000002,511.81166400000006,1252.2549858000002
2009-04-30,15.092220000000001,458.803488,1122.5593236
2009-05-01,18.857670000000002,573.273168,1402.6334946
2009-05-02,17.15298,521.450592,1275.8386524
2009-05-03,15.023579999999999,456.716832,1117.4538804
2009-05-04,15.03606,457.096224,1118.3821427999999
2009-05-05,20.49918,623.175072,1524.7290083999999
2009-05-06,18.356910000000003,558.050064,1365.3869657999999
2009-05-07,22.91991,696.765264,1704.7829058000002
2009-05-08,22.37703,680.261712,1664.4034914
2009-05-09,23.57316,716.6240640000001,1753.3716408
2009-05-10,25.272000000000006,768.2688,1879.73136
2009-05-11,17.781270000000003,540.550608,1322.5708626
2009-05-12,24.71508,751.338432,1838.3076503999998
2009-05-13,19.0203,578.21712,1414.7299139999998
2009-05-14,21.09003,641.136912,1568.6764314000002
2009-05-15,14.5119,441.16176,1079.395122
2009-05-16,20.306520000000003,617.318208,1510.3989576000001
2009-05-17,19.29837,586.670448,1435.4127606
2009-05-18,19.97151,607.133904,1485.4809137999998
2009-05-19,18.02931,548.091024,1341.0200777999999
2009-05-20,23.76036,722.314944,1767.2955768
2009-05-21,18.404490000000003,559.4964960000001,1368.9259662
2009-05-22,19.904040000000002,605.0828160000001,1480.4624952
2009-05-23,19.550310000000003,594.329424,1454.1520578
2009-05-24,23.51427,714.8338080000001,1748.9914026
2009-05-25,22.02681,669.6150240000001,1638.3541278
2009-05-26,23.73423,721.520592,1765.3520273999998
2009-05-27,24.32664,739.529856,1809.4154832
2009-05-28,13.67106,415.60022399999997,1016.8534427999999
2009-05-29,16.255589999999998,494.169936,1209.0907842
2009-05-30,20.391540000000003,619.902816,1516.7227452
2009-05-31,17.62761,535.879344,1311.1416318
2009-06-01,24.64215,749.1213600000001,1832.8831169999999
2009-06-02,27.896700000000003,848.05968,2074.956546
2009-06-03,21.16491,643.413264,1574.2460058
2009-06-04,19.557720000000003,594.554688,1454.7032136
2009-06-05,11.0916,337.18464,824.9932079999999
2009-06-06,22.715940000000003,690.564576,1689.6116172000002
2009-06-07,16.66548,506.630592,1239.5784024
2009-06-08,21.48393,653.111472,1597.9747134
2009-06-09,22.51002,684.304608,1674.2952876000002
2009-06-10,18.92514,575.324256,1407.6519131999999
2009-06-11,19.91808,605.509632,1481.5067904
2009-06-12,20.292479999999998,616.891392,1509.3546623999998
2009-06-13,13.769340000000001,418.587936,1024.1635092000001
2009-06-14,13.38402,406.874208,995.5034076
2009-06-15,20.28312,616.606848,1508.6584656
2009-06-16,19.839299999999998,603.1147199999999,1475.6471339999998
2009-06-17,23.90817,726.8083680000001,1778.2896845999999
2009-06-18,17.713020000000004,538.475808,1317.4944276
2009-06-19,21.47847,652.9454880000001,1597.5685985999999
2009-06-20,20.43483,621.218832,1519.9426554
2009-06-21,18.307380000000002,556.544352,1361.7029244
2009-06-22,12.94761,393.607344,963.0432318
2009-06-23,12.90939,392.44545600000004,960.2004281999999
2009-06-24,19.99296,607.785984,1487.0763648000002
2009-06-25,17.58822,534.6818880000001,1308.2118036
2009-06-26,23.8875,726.1800000000001,1776.75225
2009-06-27,23.9811,729.02544,1783.7142179999998
2009-06-28,19.0281,578.45424,1415.3100779999997
2009-06-29,20.81001,632.6243039999999,1547.8485437999998
2009-06-30,19.56708,594.8392319999999,1455.3994103999999
2009-07-01,20.74254,630.573216,1542.8301251999999
2009-07-02,23.10789,702.479856,1718.7648582
2009-07-03,17.41506,529.417824,1295.3321627999999
2009-07-04,19.500780000000002,592.8237120000001,1450.4680164000001
2009-07-05,21.59352,656.4430080000001,1606.1260176000003
2009-07-06,13.206180000000002,401.467872,982.2756683999999
2009-07-07,25.216620000000002,766.585248,1875.6121956
2009-07-08,14.718600000000002,447.44544,1094.769468
2009-07-09,24.260340000000003,737.5143360000001,1804.4840892
2009-07-10,24.035700000000002,730.68528,1787.7753659999998
2009-07-11,21.58689,656.241456,1605.6328782
2009-07-12,21.995220000000003,668.654688,1636.0044636
2009-07-13,26.57772,807.9626880000001,1976.8508135999998
2009-07-14,24.01308,729.997632,1786.0928903999998
2009-07-15,23.909340000000004,726.8439360000001,1778.3767092
2009-07-16,25.890539999999998,787.0724160000001,1925.7383652
2009-07-17,23.63868,718.6158720000001,1758.2450184000002
2009-07-18,25.57152,777.3742080000001,1902.0096576
2009-07-19,26.439270000000004,803.753808,1966.5529026
2009-07-20,18.5133,562.80432,1377.0192539999998
2009-07-21,15.75756,479.029824,1172.0473127999999
2009-07-22,18.48873,562.057392,1375.1917374000002
2009-07-23,22.71282,690.469728,1689.3795516
2009-07-24,23.53182,715.367328,1750.2967716000003
2009-07-25,23.85942,725.326368,1774.6636596
2009-07-26,21.49914,653.5738560000001,1599.1060331999997
2009-07-27,24.43623,742.861392,1817.5667873999998
2009-07-28,26.31096,799.853184,1957.0092048
2009-07-29,20.71563,629.7551520000001,1540.8285594
2009-07-30,23.18862,704.9340480000001,1724.7695555999999
2009-07-31,23.274420000000003,707.5423680000001,1731.1513596000002
2009-08-01,26.39793,802.497072,1963.4780334
2009-08-02,25.74741,782.721264,1915.0923557999997
2009-08-03,26.26338,798.4067520000001,1953.4702044
2009-08-04,17.844060000000002,542.459424,1327.2411828
2009-08-05,20.293260000000004,616.915104,1509.4126788
2009-08-06,16.27236,494.67974399999997,1210.3381368
2009-08-07,19.19931,583.659024,1428.0446778
2009-08-08,18.89862,574.518048,1405.6793555999998
2009-08-09,21.95388,667.397952,1632.9295944
2009-08-10,26.02743,791.233872,1935.9202434
2009-08-11,24.94908,758.4520319999999,1855.7125703999998
2009-08-12,24.06261,731.503344,1789.7769318
2009-08-13,23.43744,712.4981760000001,1743.2767871999997
2009-08-14,18.439980000000002,560.5753920000001,1371.5657124000002
2009-08-15,19.35258,588.318432,1439.4449004
2009-08-16,17.682989999999997,537.562896,1315.2607962
2009-08-17,20.57523,625.486992,1530.3856073999998
2009-08-18,20.629440000000002,627.1349759999999,1534.4177472
2009-08-19,21.02061,639.0265440000001,1563.5129718
2009-08-20,17.94039,545.387856,1334.4062082
2009-08-21,16.46892,500.65516800000006,1224.9582696
2009-08-22,22.452690000000004,682.561776,1670.0310822000001
2009-08-23,20.74176,630.549504,1542.7721087999998
2009-08-24,21.85482,664.3865279999999,1625.5615116
2009-08-25,24.49239,744.568656,1821.7439682
2009-08-26,23.9421,727.8398400000001,1780.813398
2009-08-27,25.81761,784.8553440000001,1920.3138318000001
2009-08-28,22.91133,696.504432,1704.1447254
2009-08-29,20.50503,623.352912,1525.1641313999999
2009-08-30,20.44497,621.527088,1520.6968686
2009-08-31,26.165100000000002,795.41904,1946.1601379999997
2009-09-01,22.7019,690.13776,1688.5673219999999
2009-09-02,23.900760000000002,726.583104,1777.7385287999998
2009-09-03,22.63326,688.051104,1683.4618788
2009-09-04,24.073919999999998,731.847168,1790.6181695999999
2009-09-05,25.17645,765.3640800000001,1872.624351
2009-09-06,29.60958,900.1312320000001,2202.3605604
2009-09-07,22.31346,678.3291839999999,1659.6751547999997
2009-09-08,22.51158,684.352032,1674.4113203999998
2009-09-09,21.29205,647.27832,1583.702679
2009-09-10,25.046580000000006,761.416032,1862.9646203999998
2009-09-11,25.727909999999998,782.128464,1913.6419457999998
2009-09-12,18.93528,575.632512,1408.4061264
2009-09-13,18.01059,547.521936,1339.6276842
2009-09-14,21.23862,645.6540480000001,1579.7285556
2009-09-15,15.312960000000002,465.51398400000005,1138.9779647999999
2009-09-16,16.52508,502.362432,1229.1354503999999
2009-09-17,15.979470000000001,485.77588799999995,1188.5529785999997
2009-09-18,25.297350000000005,769.0394400000001,1881.6168930000001
2009-09-19,22.43514,682.028256,1668.7257132
2009-09-20,24.44169,743.027376,1817.9729022
2009-09-21,24.87498,756.199392,1850.2010123999996
2009-09-22,16.02432,487.1393279999999,1191.8889215999998
2009-09-23,27.76839,844.1590560000001,2065.4128482
2009-09-24,28.364699999999996,862.2868799999999,2109.766386
2009-09-25,24.78255,753.3895200000001,1843.3260689999997
2009-09-26,24.68505,750.4255200000001,1836.074019
2009-09-27,20.617350000000002,626.7674400000001,1533.518493
2009-09-28,21.68322,659.169888,1612.7979036000002
2009-09-29,27.01296,821.193984,2009.2239648
2009-09-30,26.551589999999997,807.168336,1974.9072641999996
2009-10-01,17.36553,527.9121120000001,1291.6481214
2009-10-02,22.518210000000003,684.5535840000001,1674.9044597999998
2009-10-03,17.4603,530.79312,1298.697114
2009-10-04,16.42602,499.3510080000001,1221.7673676
2009-10-05,17.74383,539.412432,1319.7860753999998
2009-10-06,20.811960000000003,632.6835840000001,1547.9935848
2009-10-07,18.979350000000004,576.97224,1411.684053
2009-10-08,20.41143,620.507472,1518.2021633999998
2009-10-09,27.984450000000006,850.7272800000002,2081.483391
2009-10-10,20.69418,629.103072,1539.2331083999998
2009-10-11,17.976660000000003,546.490464,1337.1039707999998
2009-10-12,20.164170000000002,612.9907680000001,1499.8109646
2009-10-13,17.90568,544.332672,1331.8244783999999
2009-10-14,17.142840000000003,521.142336,1275.0844392
2009-10-15,15.911999999999999,483.7248,1183.5345599999998
2009-10-16,21.328709999999997,648.392784,1586.4294498
2009-10-17,20.091240000000003,610.7736960000001,1494.3864312
2009-10-18,22.05021,670.3263840000001,1640.0946198000001
2009-10-19,15.65928,476.0421120000001,1164.7372464
2009-10-20,15.162420000000001,460.937568,1127.7807996
2009-10-21,20.079150000000002,610.40616,1493.487177
2009-10-22,23.03028,700.120512,1712.9922263999997
2009-10-23,21.10602,641.623008,1569.8657676
2009-10-24,15.37302,467.339808,1143.4452276
2009-10-25,23.549760000000003,715.9127040000001,1751.6311488000001
2009-10-26,25.501320000000003,775.240128,1896.7881816000001
2009-10-27,16.51572,502.077888,1228.4392536
2009-10-28,19.641180000000002,597.091872,1460.9109684
2009-10-29,20.198100000000004,614.0222400000001,1502.334678
2009-10-30,12.44217,378.24196800000004,925.4486046
2009-10-31,14.116830000000002,429.151632,1050.0098154
2009-11-01,18.01995,547.8064800000001,1340.323881
2009-11-02,15.325050000000001,465.88152,1139.877219
2009-11-03,16.2123,492.85392,1205.870874
2009-11-04,17.8308,542.05632,1326.254904
2009-11-05,15.789540000000002,480.0020160000001,1174.4259852
2009-11-06,14.28999,434.41569599999997,1062.8894562
2009-11-07,16.86477,512.689008,1254.4015926
2009-11-08,15.452580000000001,469.758432,1149.3629004
2009-11-09,18.723900000000004,569.2065600000001,1392.683682
2009-11-10,19.37793,589.089072,1441.3304334
2009-11-11,19.46412,591.709248,1447.7412456
2009-11-12,19.37247,588.923088,1440.9243185999999
2009-11-13,19.047600000000003,579.04704,1416.7604880000001
2009-11-14,19.50624,592.989696,1450.8741312
2009-11-15,18.02541,547.9724640000001,1340.7299957999999
2009-11-16,21.553350000000002,655.22184,1603.138173
2009-11-17,18.748860000000004,569.9653440000001,1394.5402068
2009-11-18,18.064799999999998,549.16992,1343.6598239999998
2009-11-19,20.10801,611.283504,1495.6337838
2009-11-20,18.331560000000003,557.2794240000001,1363.5014328
2009-11-21,19.389239999999997,589.432896,1442.1716711999998
2009-11-22,17.81481,541.5702239999999,1325.0655678
2009-11-23,19.15602,582.343008,1424.8247676
2009-11-24,15.766140000000002,479.29065600000007,1172.6854931999999
2009-11-25,18.37641,558.642864,1366.8373758
2009-11-26,18.097559999999998,550.1658239999999,1346.0965127999998
2009-11-27,18.82686,572.336544,1400.3418468
2009-11-28,14.31807,435.26932800000003,1064.9780466
2009-11-29,17.20641,523.074864,1279.8127758
2009-11-30,18.94191,575.8340640000001,1408.8992658000002
2009-12-01,19.53237,593.7840480000001,1452.8176806
2009-12-02,21.590790000000002,656.3600160000001,1605.9229602
2009-12-03,20.925060000000002,636.1218240000001,1556.4059628
2009-12-04,21.68439,659.205456,1612.8849282
2009-12-05,22.72413,690.813552,1690.2207893999998
2009-12-06,21.96714,667.801056,1633.9158731999999
2009-12-07,21.492510000000003,653.3723040000001,1598.6128938
2009-12-08,17.55546,533.6859840000001,1305.7751148000002
2009-12-09,15.730260000000001,478.19990400000006,1170.0167388
2009-12-10,16.54848,503.073792,1230.8759424
2009-12-11,18.96531,576.545424,1410.6397577999999
2009-12-12,15.598440000000002,474.19257600000003,1160.2119672
2009-12-13,20.728500000000004,630.1464000000001,1541.78583
2009-12-14,20.40753,620.388912,1517.9120814
2009-12-15,20.633340000000004,627.253536,1534.7078292
2009-12-16,14.666340000000002,445.85673600000007,1090.8823691999999
2009-12-17,17.27778,525.244512,1285.1212764
2009-12-18,10.55613,320.906352,785.1649494
2009-12-19,10.31004,313.42521600000003,766.8607752
2009-12-20,17.10735,520.06344,1272.444693
2009-12-21,13.594619999999999,413.276448,1011.1678355999999
2009-12-22,14.57157,442.975728,1083.8333765999998
2009-12-23,15.19791,462.01646400000004,1130.4205458000001
2009-12-24,17.806620000000002,541.3212480000001,1324.4563956
2009-12-25,13.79118,419.251872,1025.7879684
2009-12-26,17.2419,524.15376,1282.452522
2009-12-27,16.51299,501.994896,1228.2361962
2009-12-28,16.80198,510.78019200000006,1249.7312724
2009-12-29,19.37988,589.148352,1441.4754744
2009-12-30,20.5881,625.87824,1531.342878
2009-12-31,22.38171,680.403984,1664.7515898000001
2010-01-01,22.465950000000003,682.96488,1671.017361
2010-01-02,23.38869,711.016176,1739.6507622
2010-01-03,25.65771,779.994384,1908.4204697999999
2010-01-04,23.13402,703.274208,1720.7084075999999
2010-01-05,23.53182,715.367328,1750.2967716000003
2010-01-06,23.42067,711.988368,1742.0294345999998
2010-01-07,23.17614,704.554656,1723.8412931999997
2010-01-08,21.93984,666.9711360000001,1631.8852992000002
2010-01-09,21.84156,663.9834239999999,1624.5752328
2010-01-10,19.69344,598.680576,1464.7980671999999
2010-01-11,23.3337,709.34448,1735.560606
2010-01-12,21.61224,657.0120959999999,1607.5184112
2010-01-13,23.301720000000003,708.372288,1733.1819336
2010-01-14,23.72214,721.153056,1764.4527732
2010-01-15,22.07751,671.156304,1642.1251937999998
2010-01-16,23.091900000000003,701.9937600000001,1717.5755219999999
2010-01-17,20.69106,629.008224,1539.0010427999998
2010-01-18,22.12158,672.496032,1645.4031204
2010-01-19,22.59231,686.806224,1680.4160178000002
2010-01-20,23.75958,722.291232,1767.2375604
2010-01-21,25.844910000000002,785.6852640000001,1922.3444058
2010-01-22,20.079929999999997,610.429872,1493.5451933999998
2010-01-23,15.43386,469.18934399999995,1147.9705068
2010-01-24,16.57929,504.010416,1233.1675902
2010-01-25,18.01527,547.664208,1339.9757826
2010-01-26,11.868480000000002,360.80179200000003,882.7775423999999
2010-01-27,17.25048,524.414592,1283.0907023999998
2010-01-28,18.766019999999997,570.4870080000001,1395.8165675999999
2010-01-29,17.82807,541.973328,1326.0518465999999
2010-01-30,18.75081,570.024624,1394.6852478
2010-01-31,24.35199,740.3004960000001,1811.3010162
2010-02-01,24.384750000000004,741.2964000000001,1813.737705
2010-02-02,24.25176,737.253504,1803.8459087999997
2010-02-03,20.47422,622.4162879999999,1522.8724836
2010-02-04,20.664930000000002,628.213872,1537.0574934
2010-02-05,17.601480000000002,535.084992,1309.1980824000002
2010-02-06,16.904159999999997,513.8864639999999,1257.3314208
2010-02-07,23.6613,719.30352,1759.9274939999998
2010-02-08,18.73014,569.396256,1393.1478132
2010-02-09,11.8131,359.11824,878.658378
2010-02-10,16.71228,508.05331199999995,1243.0593863999998
2010-02-11,19.16655,582.66312,1425.607989
2010-02-12,24.100050000000003,732.64152,1792.561719
2010-02-13,20.03118,608.947872,1489.9191683999998
2010-02-14,9.63339,292.855056,716.5315482
2010-02-15,20.17938,613.453152,1500.9422844
2010-02-16,17.018430000000002,517.360272,1265.8308233999999
2010-02-17,17.163510000000002,521.770704,1276.6218738
2010-02-18,19.616609999999998,596.3449439999999,1459.0834517999997
2010-02-19,12.49092,379.723968,929.0746296
2010-02-20,19.23207,584.654928,1430.4813666
2010-02-21,19.230900000000002,584.61936,1430.394342
2010-02-22,18.320249999999998,556.9356,1362.660195
2010-02-23,14.831700000000001,450.88368,1103.181846
2010-02-24,18.11082,550.5689279999999,1347.0827916
2010-02-25,15.366390000000003,467.13825600000007,1142.9520882000002
2010-02-26,13.632060000000001,414.414624,1013.9526228
2010-02-27,21.654359999999997,658.292544,1610.6512968
2010-02-28,21.07794,640.7693760000001,1567.7771772
2010-03-01,23.23698,706.404192,1728.3665723999998
2010-03-02,18.00786,547.438944,1339.4246268
2010-03-03,21.792810000000003,662.501424,1620.9492078
2010-03-04,21.94842,667.2319679999999,1632.5234796
2010-03-05,18.49068,562.1166720000001,1375.3367784
2010-03-06,19.563180000000003,594.7206720000001,1455.1093284
2010-03-07,18.19038,552.987552,1353.0004644
2010-03-08,13.618800000000002,414.01152,1012.966344
2010-03-09,18.747300000000003,569.9179200000001,1394.4241740000002
2010-03-10,22.566180000000003,686.011872,1678.4724684
2010-03-11,21.29595,647.39688,1583.9927609999997
2010-03-12,20.42625,620.9580000000001,1519.304475
2010-03-13,22.151220000000002,673.397088,1647.6077435999998
2010-03-14,21.08145,640.87608,1568.038251
2010-03-15,22.19529,674.736816,1650.8856701999996
2010-03-16,18.16113,552.098352,1350.8248494
2010-03-17,9.24846,281.153184,687.9004547999999
2010-03-18,18.144360000000002,551.5885440000001,1349.5774968
2010-03-19,22.59231,686.806224,1680.4160178000002
2010-03-20,19.795620000000003,601.7868480000001,1472.3982156
2010-03-21,23.12115,702.88296,1719.7511369999997
2010-03-22,20.527260000000002,624.028704,1526.8175987999998
2010-03-23,25.273950000000003,768.3280800000001,1879.876401
2010-03-24,26.18655,796.0711200000001,1947.755589
2010-03-25,19.69539,598.739856,1464.9431081999999
2010-03-26,19.338540000000002,587.891616,1438.4006051999997
2010-03-27,20.64153,627.502512,1535.3170014
2010-03-28,18.27813,555.655152,1359.5273094
2010-03-29,13.64298,414.746592,1014.7648524
2010-03-30,10.1361,308.13744,753.923118
2010-03-31,18.818279999999998,572.075712,1399.7036664
2010-04-01,19.69071,598.597584,1464.5950097999998
2010-04-02,16.88739,513.376656,1256.0840681999998
2010-04-03,17.32614,526.714656,1288.7182931999998
2010-04-04,11.82714,359.545056,879.7026732
2010-04-05,15.13122,459.98908800000004,1125.4601436
2010-04-06,12.635219999999999,384.110688,939.8076636
2010-04-07,18.09093,549.964272,1345.6033734
2010-04-08,15.710760000000002,477.60710400000005,1168.5663288
2010-04-09,17.20563,523.051152,1279.7547594
2010-04-10,19.47894,592.1597760000001,1448.8435572
2010-04-11,11.40048,346.574592,847.9677024
2010-04-12,17.32458,526.667232,1288.6022604
2010-04-13,17.64555,536.42472,1312.476009
2010-04-14,19.77222,601.0754880000001,1470.6577236
2010-04-15,20.514390000000002,623.637456,1525.8603282000001
2010-04-16,14.14569,430.02897600000006,1052.1564222
2010-04-17,22.642619999999997,688.335648,1684.1580755999998
2010-04-18,25.147589999999997,764.4867360000001,1870.4777442
2010-04-19,13.19214,401.041056,981.2313732
2010-04-20,24.76656,752.903424,1842.1367328
2010-04-21,24.66165,749.71416,1834.333527
2010-04-22,27.48174,835.4448960000001,2044.0918212
2010-04-23,23.77908,722.884032,1768.6879704
2010-04-24,18.140459999999997,551.469984,1349.2874147999999
2010-04-25,21.287370000000003,647.1360480000001,1583.3545806
2010-04-26,17.15493,521.509872,1275.9836933999998
2010-04-27,17.26374,524.817696,1284.0769811999999
2010-04-28,12.898859999999999,392.125344,959.4172067999999
2010-04-29,17.39088,528.682752,1293.5336544
2010-04-30,18.84558,572.9056320000001,1401.7342404
2010-05-01,19.651320000000002,597.400128,1461.6651815999999
2010-05-02,14.03454,426.65001599999994,1043.8890852
2010-05-03,15.90342,483.463968,1182.8963796
2010-05-04,19.84047,603.150288,1475.7341586
2010-05-05,15.90342,483.463968,1182.8963796
2010-05-06,19.87128,604.0869120000001,1478.0258064000002
2010-05-07,23.92611,727.353744,1779.6240618
2010-05-08,23.63673,718.556592,1758.0999773999997
2010-05-09,24.573900000000002,747.0465600000001,1827.806682
2010-05-10,20.72499,630.039696,1541.5247562
2010-05-11,19.436819999999997,590.8793279999999,1445.7106715999998
2010-05-12,16.30512,495.67564799999997,1212.7748255999998
2010-05-13,23.290409999999998,708.028464,1732.3406957999998
2010-05-14,22.405110000000004,681.115344,1666.4920818000003
2010-05-15,22.84971,694.6311840000001,1699.5614297999998
2010-05-16,24.315330000000003,739.1860320000001,1808.5742453999999
2010-05-17,22.42188,681.6251520000001,1667.7394344000002
2010-05-18,19.55499,594.471696,1454.5001562
2010-05-19,20.04171,609.267984,1490.7023897999998
2010-05-20,18.836219999999997,572.621088,1401.0380435999998
2010-05-21,14.36214,436.60905599999995,1068.2559732
2010-05-22,17.133480000000002,520.857792,1274.3882424
2010-05-23,16.43226,499.540704,1222.2314988
2010-05-24,18.268770000000004,555.3706080000001,1358.8311126
2010-05-25,20.66766,628.296864,1537.2605508000001
2010-05-26,15.25134,463.640736,1134.3946692
2010-05-27,9.690330000000001,294.586032,720.7667454
2010-05-28,18.827640000000002,572.360256,1400.3998632
2010-05-29,18.85572,573.2138880000001,1402.4884536000002
2010-05-30,22.181250000000002,674.3100000000001,1649.8413750000002
2010-05-31,16.2825,494.98800000000006,1211.09235
2010-06-01,17.82222,541.795488,1325.6167236
2010-06-02,19.91886,605.533344,1481.5648068
2010-06-03,20.728500000000004,630.1464000000001,1541.78583
2010-06-04,20.29989,617.116656,1509.9058181999999
2010-06-05,27.662700000000005,840.94608,2057.551626
2010-06-06,24.77787,753.247248,1842.9779706
2010-06-07,21.57675,655.9331999999999,1604.878665
2010-06-08,18.415020000000002,559.8166080000001,1369.7091876
2010-06-09,17.26998,525.007392,1284.5411124000002
2010-06-10,16.99971,516.791184,1264.4384298
2010-06-11,24.11214,733.009056,1793.4609732
2010-06-12,19.95279,606.5648160000001,1484.0885202
2010-06-13,20.13063,611.971152,1497.3162594
2010-06-14,18.73326,569.4911040000001,1393.3798788
2010-06-15,17.1522,521.42688,1275.7806359999997
2010-06-16,16.43694,499.682976,1222.5795971999999
2010-06-17,23.385960000000004,710.9331840000001,1739.4477048
2010-06-18,21.515909999999998,654.083664,1600.3533857999998
2010-06-19,18.68724,568.092096,1389.9569112
2010-06-20,11.883300000000002,361.25232,883.879854
2010-06-21,17.09877,519.802608,1271.8065126
2010-06-22,18.69192,568.234368,1390.3050096
2010-06-23,21.297900000000002,647.4561600000001,1584.137802
2010-06-24,21.3135,647.9304,1585.29813
2010-06-25,19.575660000000003,595.100064,1456.0375907999999
2010-06-26,22.978800000000003,698.5555200000001,1709.163144
2010-06-27,16.850730000000002,512.2621920000001,1253.3572974
2010-06-28,17.880329999999997,543.5620319999999,1329.9389454
2010-06-29,20.943,636.6672,1557.7403399999998
2010-06-30,15.641340000000001,475.49673600000006,1163.4028692
2010-07-01,15.33831,466.284624,1140.8634978
2010-07-02,16.158089999999998,491.20593599999995,1201.8387341999999
2010-07-03,17.475120000000004,531.2436480000001,1299.7994256
2010-07-04,18.7863,571.10352,1397.324994
2010-07-05,16.80198,510.78019200000006,1249.7312724
2010-07-06,16.67757,506.99812800000007,1240.4776565999998
2010-07-07,15.137070000000001,460.166928,1125.8952666
2010-07-08,16.74114,508.9306560000001,1245.2059932
2010-07-09,21.20118,644.5158720000001,1576.9437684000002
2010-07-10,21.818160000000002,663.272064,1622.8347408
2010-07-11,14.522039999999999,441.47001599999993,1080.1493351999998
2010-07-12,17.27934,525.291936,1285.2373092
2010-07-13,16.042260000000002,487.684704,1193.2232988
2010-07-14,20.5452,624.57408,1528.1519759999999
2010-07-15,15.42333,468.86923199999995,1147.1872853999998
2010-07-16,11.892660000000001,361.53686400000004,884.5760507999998
2010-07-17,18.92514,575.324256,1407.6519131999999
2010-07-18,15.47403,470.410512,1150.9583513999999
2010-07-19,21.2901,647.21904,1583.5576379999998
2010-07-20,18.492630000000002,562.1759519999999,1375.4818194
2010-07-21,18.32883,557.196432,1363.2983754
2010-07-22,22.927319999999998,696.990528,1705.3340615999998
2010-07-23,22.111050000000002,672.17592,1644.6198989999998
2010-07-24,24.46977,743.8810080000001,1820.0614926
2010-07-25,21.459750000000003,652.3764000000001,1596.1762050000002
2010-07-26,18.262140000000002,555.169056,1358.3379731999999
2010-07-27,18.03594,548.292576,1341.5132171999999
2010-07-28,17.37489,528.1966560000001,1292.3443181999999
2010-07-29,18.312839999999998,556.710336,1362.1090391999999
2010-07-30,19.311629999999997,587.073552,1436.3990394
2010-07-31,13.82199,420.18849599999993,1028.0796162
2010-08-01,15.38862,467.81404800000007,1144.6055556
2010-08-02,22.01199,669.164496,1637.2518162000001
2010-08-03,15.981420000000002,485.83516800000007,1188.6980196
2010-08-04,22.49949,683.984496,1673.5120662
2010-08-05,25.9779,789.72816,1932.236202
2010-08-06,20.20356,614.188224,1502.7407928
2010-08-07,17.596799999999998,534.94272,1308.849984
2010-08-08,17.80467,541.2619679999999,1324.3113546
2010-08-09,19.97151,607.133904,1485.4809137999998
2010-08-10,20.93286,636.358944,1556.9861268
2010-08-11,20.18484,613.619136,1501.3483992000001
2010-08-12,16.72632,508.48012800000004,1244.1036816
2010-08-13,17.78946,540.799584,1323.1800348
2010-08-14,20.271030000000003,616.239312,1507.7592114
2010-08-15,25.080900000000003,762.4593600000001,1865.5173419999999
2010-08-16,22.26939,676.989456,1656.3972282
2010-08-17,19.7457,600.26928,1468.6851659999998
2010-08-18,15.78486,479.859744,1174.0778867999998
2010-08-19,17.53869,533.1761759999999,1304.5277621999999
2010-08-20,18.362370000000002,558.216048,1365.7930806
2010-08-21,22.64574,688.4304960000001,1684.3901412000002
2010-08-22,20.258940000000003,615.8717760000001,1506.8599572
2010-08-23,22.240140000000004,676.1002560000001,1654.2216132
2010-08-24,18.42126,560.006304,1370.1733187999998
2010-08-25,19.90326,605.0591039999999,1480.4044787999999
2010-08-26,14.009970000000001,425.90308799999997,1042.0615685999999
2010-08-27,15.187380000000001,461.69635200000005,1129.6373244000001
2010-08-28,21.46989,652.684656,1596.9304181999998
2010-08-29,17.64633,536.448432,1312.5340254
2010-08-30,24.738480000000003,752.049792,1840.0481424
2010-08-31,18.98403,577.114512,1412.0321514
2010-09-01,15.154620000000001,460.70044800000005,1127.2006356
2010-09-02,13.876199999999999,421.83648000000005,1032.1117559999998
2010-09-03,18.3261,557.11344,1363.095318
2010-09-04,19.26288,585.591552,1432.7730144
2010-09-05,20.67624,628.557696,1537.8987311999997
2010-09-06,17.386979999999998,528.564192,1293.2435724
2010-09-07,16.39131,498.295824,1219.1856378
2010-09-08,15.99351,486.20270400000004,1189.5972738
2010-09-09,20.94573,636.7501920000001,1557.9433973999999
2010-09-10,16.51026,501.91190399999994,1228.0331388
2010-09-11,18.053490000000004,548.826096,1342.8185862
2010-09-12,20.19966,614.0696640000001,1502.4507108
2010-09-13,17.99265,546.9765600000001,1338.293307
2010-09-14,22.55565,685.69176,1677.6892469999998
2010-09-15,20.50581,623.3766240000001,1525.2221478000001
2010-09-16,14.31612,435.210048,1064.8330056
2010-09-17,18.17517,552.5251680000001,1351.8691446
2010-09-18,16.583190000000002,504.128976,1233.4576722000002
2010-09-19,14.320020000000001,435.32860800000003,1065.1230876
2010-09-20,16.0056,486.57024,1190.496528
2010-09-21,18.093660000000003,550.047264,1345.8064308
2010-09-22,16.45761,500.311344,1224.1170318
2010-09-23,18.10419,550.367376,1346.5896522
2010-09-24,15.44205,469.43832,1148.579679
2010-09-25,16.7778,510.04512,1247.932764
2010-09-26,17.6475,536.484,1312.6210500000002
2010-09-27,11.58378,352.14691200000004,861.6015563999999
2010-09-28,18.63381,566.467824,1385.9827877999999
2010-09-29,21.796709999999997,662.619984,1621.2392897999998
2010-09-30,18.136950000000002,551.36328,1349.026341
2010-10-01,19.551090000000002,594.353136,1454.2100741999998
2010-10-02,13.82745,420.3544800000001,1028.485731
2010-10-03,18.62835,566.3018400000001,1385.5766730000003
2010-10-04,17.018430000000002,517.360272,1265.8308233999999
2010-10-05,20.343960000000003,618.4563840000001,1513.1837447999999
2010-10-06,15.0189,456.57456,1117.105782
2010-10-07,22.566180000000003,686.011872,1678.4724684
2010-10-08,22.64184,688.311936,1684.1000592
2010-10-09,25.66785,780.30264,1909.174683
2010-10-10,24.303240000000002,738.8184960000001,1807.6749912
2010-10-11,24.541140000000002,746.0506560000001,1825.3699932
2010-10-12,25.132380000000005,764.024352,1869.3464244000002
2010-10-13,21.818160000000002,663.272064,1622.8347408
2010-10-14,17.54532,533.377728,1305.0209016
2010-10-15,15.13044,459.96537600000005,1125.4021272
2010-10-16,14.155050000000001,430.31352,1052.852619
2010-10-17,12.315030000000002,374.37691200000006,915.9919314
2010-10-18,12.893400000000002,391.95936,959.011092
2010-10-19,19.20477,583.8250079999999,1428.4507925999999
2010-10-20,16.68888,507.341952,1241.3188944
2010-10-21,19.305,586.872,1435.9059
2010-10-22,16.18617,492.059568,1203.9273245999998
2010-10-23,16.178759999999997,491.834304,1203.3761688
2010-10-24,18.46728,561.405312,1373.5962863999998
2010-10-25,17.371380000000002,528.089952,1292.0832444
2010-10-26,18.824910000000003,572.2772640000001,1400.1968058
2010-10-27,17.00517,516.957168,1264.8445445999998
2010-10-28,20.71914,629.861856,1541.0896332
2010-10-29,15.691259999999998,477.014304,1167.1159188
2010-10-30,14.84496,451.286784,1104.1681248
2010-10-31,18.622500000000002,566.124,1385.14155
2010-11-01,14.35083,436.265232,1067.4147354
2010-11-02,14.45652,439.478208,1075.2759576
2010-11-03,15.908100000000001,483.60623999999996,1183.2444779999998
2010-11-04,17.979779999999998,546.585312,1337.3360364
2010-11-05,16.29654,495.41481600000003,1212.1366452
2010-11-06,14.98341,455.49566400000003,1114.4660358
2010-11-07,17.34486,527.2837440000001,1290.1106868
2010-11-08,15.095730000000001,458.91019200000005,1122.8203973999998
2010-11-09,16.24155,493.74312000000003,1208.046489
2010-11-10,15.06492,457.97356800000006,1120.5287496
2010-11-11,14.8863,452.54352,1107.2429940000002
2010-11-12,16.17798,491.810592,1203.3181524000001
2010-11-13,15.546960000000002,472.62758400000007,1156.3828848
2010-11-14,15.46272,470.066688,1150.1171136
2010-11-15,15.13122,459.98908800000004,1125.4601436
2010-11-16,15.477540000000001,470.517216,1151.2194252
2010-11-17,14.740050000000002,448.09752000000003,1096.3649189999999
2010-11-18,17.12334,520.5495360000001,1273.6340292
2010-11-19,16.064490000000003,488.360496,1194.8767662
2010-11-20,16.90221,513.827184,1257.1863798
2010-11-21,17.924400000000002,544.90176,1333.216872
2010-11-22,16.17681,491.77502400000003,1203.2311278
2010-11-23,16.0524,487.99296,1193.9775119999997
2010-11-24,14.367600000000001,436.77504000000005,1068.662088
2010-11-25,16.02822,487.257888,1192.1790035999998
2010-11-26,17.82612,541.9140480000001,1325.9068056
2010-11-27,15.284880000000001,464.660352,1136.8893744
2010-11-28,16.382730000000002,498.0349920000001,1218.5474574000002
2010-11-29,16.68147,507.11668800000007,1240.7677386
2010-11-30,16.00833,486.653232,1190.6995854
2010-12-01,15.097680000000002,458.96947200000005,1122.9654383999998
2010-12-02,14.45379,439.39521600000006,1075.0729002
2010-12-03,13.754520000000001,418.13740800000005,1023.0611976
2010-12-04,9.945,302.328,739.7090999999999
2010-12-05,20.17743,613.3938720000001,1500.7972433999998
2010-12-06,18.96141,576.426864,1410.3496757999999
2010-12-07,14.79075,449.63880000000006,1100.1359850000001
2010-12-08,15.669420000000002,476.350368,1165.4914596
2010-12-09,16.91742,514.289568,1258.3176996
2010-12-10,17.665049999999997,537.01752,1313.926419
2010-12-11,17.29455,525.75432,1286.3686289999998
2010-12-12,18.94737,576.000048,1409.3053805999998
2010-12-13,11.157900000000001,339.20016000000004,829.9246020000002
2010-12-14,14.54076,442.03910400000007,1081.5417288
2010-12-15,13.954979999999999,424.23139199999997,1037.9714124
2010-12-16,14.19639,431.57025600000003,1055.9274882
2010-12-17,15.879240000000001,482.728896,1181.0978712
2010-12-18,17.25243,524.473872,1283.2357434
2010-12-19,13.148850000000001,399.7250400000001,978.011463
2010-12-20,16.02237,487.080048,1191.7438806
2010-12-21,14.975999999999999,455.2704,1113.9148799999998
2010-12-22,20.2683,616.1563199999999,1507.5561539999999
2010-12-23,17.1795,522.2568000000001,1277.81121
2010-12-24,16.192800000000002,492.26112000000006,1204.420464
2010-12-25,17.3199,526.52496,1288.254162
2010-12-26,16.644029999999997,505.97851199999997,1237.9829513999998
2010-12-27,18.00396,547.320384,1339.1345448
2010-12-28,21.98469,668.3345760000001,1635.2212422
2010-12-29,20.65674,627.964896,1536.4483212
2010-12-30,20.74839,630.7510560000001,1543.2652481999999
2010-12-31,22.599720000000005,687.0314880000001,1680.9671736
2011-01-01,23.244780000000002,706.6413120000001,1728.9467364
2011-01-02,21.18558,644.041632,1575.7834404
2011-01-03,17.3433,527.23632,1289.9946539999999
2011-01-04,13.446420000000002,408.77116800000005,1000.1447195999999
2011-01-05,20.511660000000003,623.554464,1525.6572707999999
2011-01-06,20.079150000000002,610.40616,1493.487177
2011-01-07,12.46752,379.01260800000006,927.3341376
2011-01-08,16.45878,500.34691200000003,1224.2040564
2011-01-09,17.49111,531.729744,1300.9887618
2011-01-10,19.070220000000003,579.734688,1418.4429636
2011-01-11,21.148919999999997,642.9271679999999,1573.0566695999999
2011-01-12,17.77542,540.3727680000001,1322.1357396
2011-01-13,13.663649999999999,415.37495999999993,1016.302287
2011-01-14,20.09046,610.749984,1494.3284147999998
2011-01-15,17.755920000000003,539.779968,1320.6853296000002
2011-01-16,15.330900000000002,466.0593600000001,1140.312342
2011-01-17,18.221190000000004,553.9241760000001,1355.2921122000002
2011-01-18,17.596020000000003,534.919008,1308.7919676
2011-01-19,21.00306,638.493024,1562.2076028
2011-01-20,22.64574,688.4304960000001,1684.3901412000002
2011-01-21,19.696170000000002,598.7635680000001,1465.0011246
2011-01-22,22.75221,691.667184,1692.3093797999998
2011-01-23,21.061950000000003,640.28328,1566.5878409999998
2011-01-24,20.758530000000004,631.0593120000001,1544.0194614000002
2011-01-25,19.747650000000004,600.32856,1468.830207
2011-01-26,16.74036,508.906944,1245.1479768
2011-01-27,18.91188,574.921152,1406.6656343999998
2011-01-28,19.74219,600.1625760000001,1468.4240922
2011-01-29,20.473050000000004,622.3807200000001,1522.7854590000002
2011-01-30,18.403709999999997,559.4727839999999,1368.8679498
2011-01-31,18.08547,549.798288,1345.1972586
2011-02-01,21.272550000000003,646.6855200000001,1582.252269
2011-02-02,24.794639999999998,753.757056,1844.2253232
2011-02-03,23.096580000000003,702.136032,1717.9236204
2011-02-04,18.62913,566.325552,1385.6346894
2011-02-05,19.95747,606.707088,1484.4366186
2011-02-06,17.60538,535.203552,1309.4881643999997
2011-02-07,7.74462,235.43644800000004,576.0448355999999
2011-02-08,12.81306,389.51702400000005,953.0354028
2011-02-09,19.57449,595.064496,1455.9505662
2011-02-10,19.86738,603.968352,1477.7357243999998
2011-02-11,19.36974,588.840096,1440.7212611999998
2011-02-12,18.19311,553.070544,1353.2035218
2011-02-13,16.19553,492.34411200000005,1204.6235214
2011-02-14,14.65581,445.53662399999996,1090.0991477999999
2011-02-15,16.5165,502.1016,1228.49727
2011-02-16,14.687790000000001,446.50881599999997,1092.4778201999998
2011-02-17,14.85042,451.45276799999994,1104.5742395999998
2011-02-18,17.36943,528.0306720000001,1291.9382034
2011-02-19,19.75428,600.530112,1469.3233464
2011-02-20,21.490560000000002,653.313024,1598.4678528
2011-02-21,22.50339,684.103056,1673.8021482
2011-02-22,18.839730000000003,572.727792,1401.2991174
2011-02-23,9.118590000000001,277.205136,678.2407241999999
2011-02-24,10.74333,326.597232,799.0888854
2011-02-25,21.424260000000004,651.297504,1593.5364588000002
2011-02-26,21.53463,654.6527520000001,1601.7457794000002
2011-02-27,14.094210000000002,428.46398400000004,1048.3273398
2011-02-28,17.31795,526.46568,1288.109121
2011-03-01,14.58366,443.343264,1084.7326308
2011-03-02,12.86454,391.082016,956.8644851999999
2011-03-03,12.657449999999999,384.78648,941.4611309999998
2011-03-04,18.07338,549.4307520000001,1344.2980043999999
2011-03-05,15.673319999999999,476.46892799999995,1165.7815415999999
2011-03-06,15.812940000000001,480.713376,1176.1664772
2011-03-07,17.69976,538.072704,1316.5081488
2011-03-08,16.240380000000002,493.707552,1207.9594644000001
2011-03-09,19.791719999999998,601.668288,1472.1081335999997
2011-03-10,16.14132,490.696128,1200.5913816
2011-03-11,14.48928,440.474112,1077.7126463999998
2011-03-12,18.22392,554.007168,1355.4951695999998
2011-03-13,20.317829999999997,617.662032,1511.2401954
2011-03-14,20.46642,622.179168,1522.2923196
2011-03-15,18.29412,556.141248,1360.7166456000002
2011-03-16,21.72651,660.485904,1616.0178137999999
2011-03-17,16.98099,516.222096,1263.0460362
2011-03-18,17.68767,537.7051680000001,1315.6088946
2011-03-19,19.32645,587.52408,1437.5013509999999
2011-03-20,14.91438,453.39715199999995,1109.3315843999999
2011-03-21,13.997100000000001,425.51184,1041.104298
2011-03-22,14.48382,440.30812800000007,1077.3065316
2011-03-23,15.845699999999999,481.7092799999999,1178.6031659999999
2011-03-24,18.6264,566.24256,1385.431632
2011-03-25,20.36931,619.227024,1515.0692778
2011-03-26,21.628230000000002,657.498192,1608.7077474000002
2011-03-27,19.73478,599.937312,1467.8729363999998
2011-03-28,18.53007,563.314128,1378.2666066
2011-03-29,20.78388,631.829952,1545.9049944
2011-03-30,20.603309999999997,626.3406239999999,1532.4741977999997
2011-03-31,23.01429,699.634416,1711.8028901999999
2011-04-01,21.02919,639.287376,1564.1511522
2011-04-02,20.75307,630.893328,1543.6133466
2011-04-03,14.51463,441.244752,1079.5981794
2011-04-04,18.780060000000002,570.9138240000001,1396.8608628
2011-04-05,15.115619999999998,459.514848,1124.2998155999999
2011-04-06,17.18769,522.505776,1278.4203822
2011-04-07,19.070220000000003,579.734688,1418.4429636
2011-04-08,20.50503,623.352912,1525.1641313999999
2011-04-09,15.813720000000002,480.737088,1176.2244936
2011-04-10,11.96481,363.73022399999996,889.9425678
2011-04-11,16.57461,503.8681440000001,1232.8194918000002
2011-04-12,15.144480000000001,460.392192,1126.4464223999998
2011-04-13,16.00482,486.5465279999999,1190.4385115999999
2011-04-14,17.11944,520.430976,1273.3439472
2011-04-15,13.33527,405.39220800000004,991.8773825999999
2011-04-16,16.0563,488.11152,1194.2675940000001
2011-04-17,15.589080000000001,473.908032,1159.5157703999998
2011-04-18,15.581669999999999,473.68276799999995,1158.9646146
2011-04-19,15.853110000000001,481.93454399999996,1179.1543218
2011-04-20,11.343539999999999,344.843616,843.7325052
2011-04-21,16.04499,487.76769599999994,1193.4263561999999
2011-04-22,15.53682,472.31932800000004,1155.6286716
2011-04-23,15.667860000000003,476.302944,1165.3754268
2011-04-24,17.82222,541.795488,1325.6167236
2011-04-25,14.5119,441.16176,1079.395122
2011-04-26,19.05891,579.3908640000001,1417.6017258
2011-04-27,24.027120000000004,730.424448,1787.1371856
2011-04-28,18.91929,575.1464159999999,1407.2167901999999
2011-04-29,19.69422,598.704288,1464.8560836000001
2011-04-30,17.34954,527.426016,1290.4587852
2011-05-01,15.510299999999999,471.51312,1153.6561140000001
2011-05-02,20.8767,634.6516799999999,1552.8089459999999
2011-05-03,6.20295,188.56968,461.37542099999996
2011-05-04,20.25699,615.812496,1506.7149161999998
2011-05-05,17.60811,535.286544,1309.6912218
2011-05-06,21.11343,641.8482720000001,1570.4169234
2011-05-07,21.335340000000002,648.594336,1586.9225892
2011-05-08,21.02646,639.204384,1563.9480948
2011-05-09,20.655569999999997,627.9293279999999,1536.3612965999998
2011-05-10,21.07599,640.710096,1567.6321361999999
2011-05-11,14.548170000000002,442.26436800000005,1082.0928846
2011-05-12,14.72523,447.646992,1095.2626074
2011-05-13,14.57625,443.11800000000005,1084.181475
2011-05-14,13.804049999999998,419.64312,1026.7452389999999
2011-05-15,16.620630000000002,505.26715200000007,1236.2424594000001
2011-05-16,15.739620000000002,478.484448,1170.7129356
2011-05-17,17.73447,539.127888,1319.0898786
2011-05-18,13.144169999999999,399.582768,977.6633645999999
2011-05-19,19.28433,586.243632,1434.3684653999999
2011-05-20,18.054660000000002,548.861664,1342.9056108000002
2011-05-21,18.7902,571.2220799999999,1397.6150759999998
2011-05-22,17.998500000000003,547.1544,1338.7284300000001
2011-05-23,19.65522,597.518688,1461.9552635999999
2011-05-24,19.18059,583.089936,1426.6522842
2011-05-25,19.50702,593.013408,1450.9321476
2011-05-26,19.466850000000004,591.7922400000001,1447.9443030000002
2011-05-27,22.733490000000003,691.098096,1690.9169862
2011-05-28,19.531589999999998,593.7603359999999,1452.7596641999999
2011-05-29,21.36147,649.388688,1588.8661385999999
2011-05-30,22.996740000000003,699.100896,1710.4975212000002
2011-05-31,16.60191,504.69806400000004,1234.8500657999998
2011-06-01,15.637829999999997,475.39003199999996,1163.1417953999999
2011-06-02,13.995149999999999,425.45256,1040.959257
2011-06-03,13.64883,414.92443199999997,1015.1999753999999
2011-06-04,16.76571,509.67758399999997,1247.0335097999998
2011-06-05,18.481320000000004,561.8321280000001,1374.6405816
2011-06-06,20.66415,628.19016,1536.9994769999998
2011-06-07,15.855060000000002,481.9938240000001,1179.2993628000002
2011-06-08,20.150129999999997,612.563952,1498.7666693999997
2011-06-09,23.72097,721.117488,1764.3657486
2011-06-10,23.02833,700.061232,1712.8471854000002
2011-06-11,23.952240000000003,728.1480960000001,1781.5676112
2011-06-12,24.0123,729.97392,1786.034874
2011-06-13,23.48814,714.0394560000001,1747.0478532
2011-06-14,22.79433,692.947632,1695.4422653999998
2011-06-15,21.95115,667.3149599999999,1632.726537
2011-06-16,19.140420000000002,581.868768,1423.6644396
2011-06-17,16.675620000000002,506.938848,1240.3326156
2011-06-18,20.460960000000004,622.013184,1521.8862048
2011-06-19,16.78638,510.305952,1248.5709444
2011-06-20,18.46923,561.4645919999999,1373.7413273999998
2011-06-21,25.761450000000004,783.14808,1916.136651
2011-06-22,21.848190000000002,664.184976,1625.0683722
2011-06-23,18.262140000000002,555.169056,1358.3379731999999
2011-06-24,20.535059999999998,624.265824,1527.3977627999998
2011-06-25,15.56958,473.315232,1158.0653604
2011-06-26,18.30816,556.568064,1361.7609407999998
2011-06-27,19.89,604.656,1479.4181999999998
2011-06-28,25.00524,760.159296,1859.8897512
2011-06-29,16.0329,487.40015999999997,1192.527102
2011-06-30,17.149470000000004,521.3438880000001,1275.5775786000002
2011-07-01,22.0194,669.38976,1637.802972
2011-07-02,17.09799,519.778896,1271.7484962
2011-07-03,24.563370000000003,746.7264480000001,1827.0234606000001
2011-07-04,15.210779999999998,462.40771199999995,1131.3778164
2011-07-05,21.9024,665.83296,1629.1005119999998
2011-07-06,18.38967,559.045968,1367.8236546
2011-07-07,24.113310000000002,733.044624,1793.5479978
2011-07-08,27.76371,844.0167839999999,2065.0647498
2011-07-09,24.0513,731.15952,1788.9356939999998
2011-07-10,22.346220000000002,679.325088,1662.1118436000002
2011-07-11,23.264280000000003,707.2341120000001,1730.3971464
2011-07-12,19.87128,604.0869120000001,1478.0258064000002
2011-07-13,19.3518,588.29472,1439.3868839999998
2011-07-14,16.71774,508.21929600000004,1243.4655012
2011-07-15,16.22166,493.138464,1206.5670707999998
2011-07-16,22.61454,687.4820160000002,1682.0694852
2011-07-17,20.99058,638.113632,1561.2793404
2011-07-18,21.63369,657.6641760000001,1609.1138621999999
2011-07-19,22.80564,693.291456,1696.2835032
2011-07-20,24.10941,732.926064,1793.2579157999999
2011-07-21,20.67156,628.415424,1537.5506328
2011-07-22,24.61953,748.4337120000001,1831.2006414000002
2011-07-23,24.64293,749.1450719999999,1832.9411334
2011-07-24,22.073610000000002,671.0377440000001,1641.8351118000003
2011-07-25,26.0637,792.33648,1938.618006
2011-07-26,20.97303,637.580112,1559.9739714
2011-07-27,18.70401,568.601904,1391.2042637999998
2011-07-28,16.702140000000004,507.7450560000001,1242.3051732000001
2011-07-29,14.568839999999998,442.892736,1083.6303191999998
2011-07-30,14.217840000000002,432.22233600000004,1057.5229392
2011-07-31,19.414590000000004,590.2035360000001,1444.0572042000001
2011-08-01,22.93395,697.1920799999999,1705.8272009999996
2011-08-02,20.44146,621.420384,1520.4357948
2011-08-03,19.775730000000003,601.1821920000001,1470.9187974000001
2011-08-04,23.837970000000002,724.674288,1773.0682086
2011-08-05,26.308230000000005,799.7701920000002,1956.8061473999999
2011-08-06,25.76808,783.349632,1916.6297903999998
2011-08-07,25.69593,781.1562720000001,1911.2632734
2011-08-08,25.926420000000004,788.163168,1928.4071196
2011-08-09,23.809890000000003,723.8206560000001,1770.9796181999998
2011-08-10,25.73337,782.294448,1914.0480605999999
2011-08-11,21.52995,654.51048,1601.397681
2011-08-12,16.4502,500.08608,1223.565876
2011-08-13,22.56306,685.9170240000001,1678.2404028
2011-08-14,22.29474,677.760096,1658.2827611999999
2011-08-15,19.075680000000002,579.9006720000001,1418.8490784
2011-08-16,20.475,622.44,1522.9305
2011-08-17,22.112220000000004,672.211488,1644.7069236000002
2011-08-18,25.23066,767.012064,1876.6564908000003
2011-08-19,21.87978,665.145312,1627.4180364000001
2011-08-20,16.74231,508.966224,1245.2930178000001
2011-08-21,20.41689,620.673456,1518.6082781999999
2011-08-22,17.002440000000004,516.874176,1264.6414872
2011-08-23,16.81446,511.15958400000005,1250.6595347999998
2011-08-24,16.541069999999998,502.848528,1230.3247866
2011-08-25,21.97923,668.168592,1634.8151273999997
2011-08-26,22.726860000000002,690.8965440000001,1690.4238467999999
2011-08-27,22.987379999999998,698.8163519999999,1709.8013244
2011-08-28,20.06784,610.0623360000001,1492.6459392
2011-08-29,22.43397,681.992688,1668.6386886
2011-08-30,27.10188,823.8971520000001,2015.8378344
2011-08-31,23.56302,716.3158080000001,1752.6174276000002
2011-09-01,25.12965,763.94136,1869.1433670000001
2011-09-02,26.160420000000002,795.2767680000001,1945.8120396
2011-09-03,16.20138,492.521952,1205.0586444
2011-09-04,23.124660000000002,702.9896640000001,1720.0122108
2011-09-05,28.51797,866.946288,2121.1666086
2011-09-06,23.20149,705.325296,1725.7268261999998
2011-09-07,23.69952,720.4654080000001,1762.7702976000003
2011-09-08,14.737319999999999,448.01452800000004,1096.1618615999998
2011-09-09,18.6069,565.64976,1383.981222
2011-09-10,20.196930000000002,613.9866720000001,1502.2476534
2011-09-11,18.796830000000003,571.4236320000001,1398.1082154
2011-09-12,23.09112,701.970048,1717.5175055999998
2011-09-13,25.94397,788.6966880000001,1929.7124886000001
2011-09-14,24.848850000000002,755.4050400000001,1848.257463
2011-09-15,22.44996,682.478784,1669.8280247999999
2011-09-16,17.90373,544.273392,1331.6794373999999
2011-09-17,21.6411,657.8894400000001,1609.6650180000001
2011-09-18,17.77269,540.2897760000001,1321.9326822
2011-09-19,21.35484,649.187136,1588.3729992
2011-09-20,19.63338,596.854752,1460.3308044
2011-09-21,21.65163,658.209552,1610.4482394
2011-09-22,24.91164,757.3138560000001,1852.9277832
2011-09-23,21.24525,645.8556,1580.221695
2011-09-24,21.37902,649.9222080000001,1590.1715076
2011-09-25,20.029619999999998,608.900448,1489.8031356
2011-09-26,21.59352,656.4430080000001,1606.1260176000003
2011-09-27,27.19548,826.7425920000001,2022.7998024
2011-09-28,24.15621,734.348784,1796.7388998000001
2011-09-29,24.22914,736.565856,1802.1634332
2011-09-30,20.93286,636.358944,1556.9861268
2011-10-01,17.666220000000003,537.053088,1314.0134435999998
2011-10-02,19.819020000000002,602.4982080000001,1474.1387075999999
2011-10-03,19.721519999999998,599.534208,1466.8866575999998
2011-10-04,14.84223,451.203792,1103.9650674
2011-10-05,16.940820000000002,515.000928,1260.0581916
2011-10-06,18.64434,566.7879360000001,1386.7660091999999
2011-10-07,20.24373,615.409392,1505.7286373999998
2011-10-08,12.05568,366.492672,896.7014783999999
2011-10-09,17.25789,524.639856,1283.6418582
2011-10-10,16.09374,489.24969600000003,1197.0523812
2011-10-11,14.34147,435.98068799999993,1066.7185385999999
2011-10-12,14.10474,428.78409600000003,1049.1105612
2011-10-13,19.25079,585.224016,1431.8737601999999
2011-10-14,14.84106,451.168224,1103.8780428
2011-10-15,14.04936,427.100544,1044.9913968
2011-10-16,14.48928,440.474112,1077.7126463999998
2011-10-17,13.156260000000001,399.950304,978.5626188
2011-10-18,14.35083,436.265232,1067.4147354
2011-10-19,14.38827,437.403408,1070.1995226
2011-10-20,16.69278,507.46051199999994,1241.6089763999998
2011-10-21,20.759700000000002,631.09488,1544.1064860000001
2011-10-22,24.325860000000002,739.506144,1809.3574667999999
2011-10-23,18.22314,553.983456,1355.4371532
2011-10-24,20.20902,614.354208,1503.1469076
2011-10-25,17.381520000000002,528.3982080000001,1292.8374576
2011-10-26,17.631510000000002,535.9979040000001,1311.4317138
2011-10-27,21.92775,666.6035999999999,1630.9860449999999
2011-10-28,13.81614,420.0106560000001,1027.6444932000002
2011-10-29,14.91243,453.337872,1109.1865434000001
2011-10-30,11.97417,364.014768,890.6387646000001
2011-10-31,21.00579,638.576016,1562.4106602
2011-11-01,21.6216,657.29664,1608.2146079999998
2011-11-02,18.37095,558.47688,1366.4312609999997
2011-11-03,14.12697,429.45988800000003,1050.7640286
2011-11-04,15.11367,459.455568,1124.1547746
2011-11-05,18.342869999999998,557.623248,1364.3426705999998
2011-11-06,17.12802,520.691808,1273.9821275999998
2011-11-07,16.90962,514.052448,1257.7375356
2011-11-08,13.38948,407.04019200000005,995.9095223999999
2011-11-09,15.77355,479.51592000000005,1173.2366490000002
2011-11-10,13.522470000000002,411.083088,1005.8013186
2011-11-11,15.37575,467.4228,1143.648285
2011-11-12,14.00919,425.879376,1042.0035521999998
2011-11-13,13.415610000000001,407.83454400000005,997.8530718000001
2011-11-14,17.833530000000003,542.1393120000001,1326.4579614
2011-11-15,17.881500000000003,543.5975999999999,1330.02597
2011-11-16,15.23145,463.03607999999997,1132.915251
2011-11-17,15.09027,458.744208,1122.4142826
2011-11-18,13.461630000000001,409.23355200000003,1001.2760394000001
2011-11-19,16.204109999999996,492.60494399999993,1205.2617017999999
2011-11-20,15.03684,457.119936,1118.4401592
2011-11-21,17.577299999999997,534.34992,1307.3995739999998
2011-11-22,15.67605,476.55192,1165.9845990000001
2011-11-23,16.00482,486.5465279999999,1190.4385115999999
2011-11-24,16.117919999999998,489.9847679999999,1198.8508895999998
2011-11-25,15.496259999999998,471.086304,1152.6118188
2011-11-26,17.306639999999998,526.121856,1287.2678832
2011-11-27,15.91668,483.867072,1183.8826584
2011-11-28,14.29467,434.55796799999996,1063.2375545999998
2011-11-29,15.798900000000003,480.28656000000007,1175.122182
2011-11-30,11.847030000000002,360.149712,881.1820914000001
2011-12-01,16.40535,498.72264000000007,1220.229933
2011-12-02,16.357380000000003,497.26435200000003,1216.6619244
2011-12-03,17.53401,533.033904,1304.1796637999998
2011-12-04,16.991130000000002,516.530352,1263.8002494
2011-12-05,13.71981,417.08222400000005,1020.4794678000001
2011-12-06,15.141749999999998,460.30920000000003,1126.2433649999998
2011-12-07,14.88318,452.44867200000004,1107.0109283999998
2011-12-08,13.906230000000003,422.749392,1034.3453874000002
2011-12-09,17.950529999999997,545.696112,1335.1604214
2011-12-10,17.43027,529.8802079999999,1296.4634826
2011-12-11,18.379140000000003,558.725856,1367.0404332
2011-12-12,16.91274,514.147296,1257.9696011999997
2011-12-13,15.204540000000001,462.21801600000003,1130.9136852
2011-12-14,15.258750000000001,463.86600000000004,1134.945825
2011-12-15,13.58214,412.89705599999996,1010.2395732
2011-12-16,14.766180000000002,448.891872,1098.3084683999998
2011-12-17,16.37142,497.691168,1217.7062196
2011-12-18,15.014220000000002,456.4322880000001,1116.7576836
2011-12-19,13.70304,416.572416,1019.2321151999998
2011-12-20,19.077630000000003,579.959952,1418.9941194
2011-12-21,22.159800000000004,673.6579200000001,1648.245924
2011-12-22,22.59231,686.806224,1680.4160178000002
2011-12-23,17.02311,517.502544,1266.1789218
2011-12-24,15.093000000000002,458.8272,1122.61734
2011-12-25,17.95326,545.779104,1335.3634788
2011-12-26,10.496459999999999,319.092384,780.7266947999999
2011-12-27,15.17919,461.447376,1129.0281522
2011-12-28,15.88665,482.95416000000006,1181.649027
2011-12-29,13.974480000000002,424.824192,1039.4218223999999
2011-12-30,14.80362,450.030048,1101.0932556
2011-12-31,17.5071,532.21584,1302.1780979999999
2012-01-01,22.74675,691.5012,1691.903265
2012-01-02,12.89145,391.90008,958.8660509999999
2012-01-03,9.29253,282.492912,691.1783813999999
2012-01-04,15.806310000000002,480.511824,1175.6733378000001
2012-01-05,13.739700000000003,417.68688,1021.958886
2012-01-06,16.53522,502.6706879999999,1229.8896636
2012-01-07,18.283980000000003,555.832992,1359.9624324
2012-01-08,20.028450000000003,608.86488,1489.7161110000002
2012-01-09,21.207030000000003,644.6937120000001,1577.3788914
2012-01-10,18.927870000000002,575.407248,1407.8549706
2012-01-11,18.08625,549.822,1345.255275
2012-01-12,18.50862,562.662048,1376.6711556
2012-01-13,18.65838,567.214752,1387.8103044
2012-01-14,19.89195,604.7152800000001,1479.563241
2012-01-15,15.739620000000002,478.484448,1170.7129356
2012-01-16,20.13141,611.994864,1497.3742757999999
2012-01-17,15.34572,466.50988800000005,1141.4146536
2012-01-18,11.568180000000002,351.67267200000003,860.4412284
2012-01-19,14.16714,430.68105600000007,1053.7518731999999
2012-01-20,19.96683,606.991632,1485.1328154
2012-01-21,15.46194,470.042976,1150.0590972
2012-01-22,13.24245,402.57048,984.9734310000001
2012-01-23,17.76528,540.064512,1321.3815264
2012-01-24,13.79196,419.275584,1025.8459848
2012-01-25,22.309559999999998,678.2106239999999,1659.3850727999998
2012-01-26,18.8409,572.76336,1401.386142
2012-01-27,14.39568,437.62867200000005,1070.7506784
2012-01-28,16.84878,512.202912,1253.2122564
2012-01-29,18.21261,553.663344,1354.6539318
2012-01-30,15.048929999999999,457.48747199999997,1119.3394133999998
2012-01-31,16.406129999999997,498.74635199999994,1220.2879494
2012-02-01,19.444620000000004,591.1164480000001,1446.2908356
2012-02-02,19.96488,606.932352,1484.9877744
2012-02-03,17.40297,529.050288,1294.4329086
2012-02-04,22.25613,676.5863519999999,1655.4109493999997
2012-02-05,17.91114,544.498656,1332.2305932
2012-02-06,13.56342,412.327968,1008.8471795999999
2012-02-07,23.67339,719.671056,1760.8267482
2012-02-08,8.67945,263.85528,645.5774909999999
2012-02-09,19.59516,595.692864,1457.4880008
2012-02-10,16.45761,500.311344,1224.1170318
2012-02-11,19.73829,600.044016,1468.1340102
2012-02-12,20.464859999999998,622.131744,1522.1762868
2012-02-13,22.15239,673.4326560000001,1647.6947682
2012-02-14,24.42765,742.60056,1816.928607
2012-02-15,24.67569,750.140976,1835.3778221999999
2012-02-16,23.22216,705.953664,1727.2642607999999
2012-02-17,22.279529999999998,677.2977119999999,1657.1514413999998
2012-02-18,19.33971,587.927184,1438.4876298
2012-02-19,24.47172,743.940288,1820.2065335999998
2012-02-20,25.506780000000003,775.406112,1897.1942963999998
2012-02-21,25.23261,767.0713440000001,1876.8015317999998
2012-02-22,24.58404,747.354816,1828.5608952000002
2012-02-23,23.48346,713.897184,1746.6997548
2012-02-24,22.2495,676.3848,1654.91781
2012-02-25,18.283980000000003,555.832992,1359.9624324
2012-02-26,18.85572,573.2138880000001,1402.4884536000002
2012-02-27,22.423830000000002,681.684432,1667.8844754
2012-02-28,16.84722,512.155488,1253.0962236
2012-02-29,15.124980000000003,459.799392,1124.9960124000002
2012-03-01,19.96956,607.074624,1485.3358728
2012-03-02,22.1871,674.4878400000001,1650.276498
2012-03-03,19.67199,598.028496,1463.2026162
2012-03-04,21.12006,642.0498240000001,1570.9100627999999
2012-03-05,16.35387,497.15764799999994,1216.4008506
2012-03-06,15.233400000000001,463.09536,1133.0602920000001
2012-03-07,17.784,540.6335999999999,1322.7739199999999
2012-03-08,19.20594,583.8605759999999,1428.5378171999998
2012-03-09,18.63654,566.550816,1386.1858452
2012-03-10,8.70012,264.483648,647.1149256
2012-03-11,18.20793,553.5210720000001,1354.3058334
2012-03-12,20.5647,625.16688,1529.602386
2012-03-13,25.82346,785.033184,1920.7489548000003
2012-03-14,13.110629999999999,398.563152,975.1686594
2012-03-15,22.715940000000003,690.564576,1689.6116172000002
2012-03-16,13.5954,413.30016000000006,1011.2258520000001
2012-03-17,13.21359,401.69313600000004,982.8268242
2012-03-18,17.78322,540.6098880000001,1322.7159036
2012-03-19,13.414830000000002,407.81083200000006,997.7950554
2012-03-20,11.15322,339.057888,829.5765036
2012-03-21,16.19826,492.42710400000004,1204.8265788
2012-03-22,17.22162,523.537248,1280.9440955999999
2012-03-23,20.12595,611.82888,1496.9681609999998
2012-03-24,15.61326,474.643104,1161.3142788
2012-03-25,17.4564,530.67456,1298.407032
2012-03-26,10.205129999999999,310.235952,759.0575693999999
2012-03-27,22.06698,670.836192,1641.3419724
2012-03-28,19.88727,604.5730080000001,1479.2151426
2012-03-29,22.09974,671.832096,1643.7786612
2012-03-30,15.08832,458.684928,1122.2692416
2012-03-31,25.637040000000002,779.366016,1906.8830351999998
2012-04-01,17.79336,540.9181440000001,1323.4701168000001
2012-04-02,22.94799,697.6188960000001,1706.8714962
2012-04-03,20.80806,632.5650240000001,1547.7035028
2012-04-04,16.79847,510.67348799999996,1249.4701986
2012-04-05,7.952100000000001,241.74384,591.477198
2012-04-06,16.77117,509.84356800000006,1247.4396246
2012-04-07,15.5844,473.76576000000006,1159.167672
2012-04-08,15.92604,484.151616,1184.5788552
2012-04-09,16.566419999999997,503.61916799999995,1232.2103195999998
2012-04-10,18.312839999999998,556.710336,1362.1090391999999
2012-04-11,15.07233,458.198832,1121.0799054
2012-04-12,10.883730000000002,330.86539200000004,809.5318374
2012-04-13,18.33351,557.338704,1363.6464738
2012-04-14,16.65339,506.263056,1238.6791482
2012-04-15,19.24884,585.164736,1431.7287192000001
2012-04-16,15.92136,484.00934399999994,1184.2307567999999
2012-04-17,14.87967,452.34196800000007,1106.7498546
2012-04-18,14.329379999999999,435.613152,1065.8192844
2012-04-19,15.766140000000002,479.29065600000007,1172.6854931999999
2012-04-20,16.67874,507.0336960000001,1240.5646812
2012-04-21,19.125210000000003,581.4063840000001,1422.5331198
2012-04-22,16.234140000000004,493.5178560000001,1207.4953332
2012-04-23,18.69114,568.2106560000001,1390.2469932
2012-04-24,18.477420000000002,561.713568,1374.3504996
2012-04-25,25.572300000000002,777.3979200000001,1902.067674
2012-04-26,22.32906,678.803424,1660.8354827999997
2012-04-27,22.30878,678.186912,1659.3270564000002
2012-04-28,14.2506,433.21824000000004,1059.9596279999998
2012-04-29,20.04171,609.267984,1490.7023897999998
2012-04-30,18.07884,549.5967360000001,1344.7041192000002
2012-05-01,17.22513,523.643952,1281.2051693999997
2012-05-02,19.40406,589.883424,1443.2739827999999
2012-05-03,24.267750000000003,737.7396000000001,1805.035245
2012-05-04,13.939770000000001,423.769008,1036.8400926
2012-05-05,15.662010000000002,476.1251040000001,1164.9403038
2012-05-06,20.10723,611.2597920000001,1495.5757674
2012-05-07,11.568180000000002,351.67267200000003,860.4412284
2012-05-08,23.01078,699.527712,1711.5418163999998
2012-05-09,16.054350000000003,488.0522400000001,1194.122553
2012-05-10,20.559240000000003,625.0008960000001,1529.1962712
2012-05-11,14.718600000000002,447.44544,1094.769468
2012-05-12,19.904040000000002,605.0828160000001,1480.4624952
2012-05-13,21.25383,646.116432,1580.8598754
2012-05-14,16.40886,498.82934399999994,1220.4910068
2012-05-15,26.397150000000003,802.4733600000001,1963.420017
2012-05-16,23.28846,707.969184,1732.1956548
2012-05-17,23.41677,711.869808,1741.7393525999998
2012-05-18,18.77889,570.8782560000001,1396.7738382
2012-05-19,15.67722,476.587488,1166.0716236
2012-05-20,12.98427,394.721808,965.7700025999999
2012-05-21,21.844289999999997,664.066416,1624.7782902000001
2012-05-22,20.750339999999998,630.810336,1543.4102891999999
2012-05-23,18.59364,565.246656,1382.9949431999999
2012-05-24,22.04202,670.077408,1639.4854476
2012-05-25,18.950100000000003,576.08304,1409.5084379999998
2012-05-26,24.84534,755.298336,1847.9963891999998
2012-05-27,27.289080000000006,829.588032,2029.7617704
2012-05-28,22.98426,698.721504,1709.5692588
2012-05-29,24.6831,750.36624,1835.928978
2012-05-30,19.4415,591.0216,1446.05877
2012-05-31,23.39337,711.158448,1739.9988606
2012-06-01,18.60846,565.697184,1384.0972548
2012-06-02,22.63326,688.051104,1683.4618788
2012-06-03,21.57675,655.9331999999999,1604.878665
2012-06-04,18.359640000000002,558.133056,1365.5900232
2012-06-05,26.02548,791.174592,1935.7752024
2012-06-06,24.769289999999998,752.986416,1842.3397902
2012-06-07,26.854620000000004,816.380448,1997.4466355999998
2012-06-08,22.22454,675.626016,1653.0612852
2012-06-09,23.408580000000004,711.6208320000001,1741.1301804
2012-06-10,22.62858,687.908832,1683.1137803999998
2012-06-11,20.296380000000003,617.009952,1509.6447443999998
2012-06-12,14.62695,444.65928,1087.952541
2012-06-13,15.58713,473.84875200000005,1159.3707294
2012-06-14,18.28086,555.738144,1359.7303668
2012-06-15,23.0256,699.97824,1712.6441280000001
2012-06-16,15.622620000000001,474.927648,1162.0104755999998
2012-06-17,19.97034,607.098336,1485.3938891999999
2012-06-18,24.00762,729.831648,1785.6867756000001
2012-06-19,25.37769,771.4817760000001,1887.5925822000002
2012-06-20,22.46322,682.881888,1670.8143036
2012-06-21,17.27661,525.208944,1285.0342518
2012-06-22,27.363960000000002,831.864384,2035.3313448000001
2012-06-23,22.901970000000002,696.2198880000001,1703.4485286000001
2012-06-24,20.941050000000004,636.6079200000001,1557.595299
2012-06-25,19.781579999999998,601.3600319999999,1471.3539203999999
2012-06-26,20.09202,610.797408,1494.4444475999999
2012-06-27,23.67534,719.730336,1760.9717891999996
2012-06-28,24.63552,748.919808,1832.3899775999998
2012-06-29,19.766370000000002,600.897648,1470.2226005999999
2012-06-30,20.43288,621.1595520000001,1519.7976144000002
2012-07-01,26.030160000000002,791.3168640000001,1936.1233008
2012-07-02,25.066080000000003,762.008832,1864.4150303999998
2012-07-03,17.5929,534.82416,1308.559902
2012-07-04,21.898500000000002,665.7144000000001,1628.81043
2012-07-05,21.104850000000003,641.58744,1569.778743
2012-07-06,21.988590000000002,668.453136,1635.5113242
2012-07-07,21.31935,648.10824,1585.7332529999999
2012-07-08,24.58209,747.295536,1828.4158541999998
2012-07-09,22.30488,678.068352,1659.0369744
2012-07-10,20.28117,616.5475680000001,1508.5134246
2012-07-11,20.18289,613.559856,1501.2033582
2012-07-12,18.89511,574.411344,1405.4182818
2012-07-13,12.294360000000001,373.74854400000004,914.4544967999999
2012-07-14,24.85548,755.6065920000001,1848.7506023999997
2012-07-15,23.615280000000002,717.9045120000001,1756.5045264
2012-07-16,25.2759,768.38736,1880.021442
2012-07-17,23.05095,700.74888,1714.5296609999998
2012-07-18,24.1917,735.42768,1799.3786460000001
2012-07-19,24.85938,755.7251520000001,1849.0406844000001
2012-07-20,21.087300000000003,641.0539200000001,1568.4733740000001
2012-07-21,21.69921,659.655984,1613.9872398
2012-07-22,22.635209999999997,688.110384,1683.6069198
2012-07-23,23.02833,700.061232,1712.8471854000002
2012-07-24,23.50101,714.430704,1748.0051237999999
2012-07-25,25.529400000000003,776.0937600000001,1898.8767719999998
2012-07-26,22.78302,692.6038080000001,1694.6010276
2012-07-27,20.827949999999998,633.16968,1549.1829209999999
2012-07-28,19.46334,591.685536,1447.6832292
2012-07-29,20.486310000000003,622.7838240000001,1523.7717378
2012-07-30,16.02354,487.11561600000005,1191.8309052
2012-07-31,19.188000000000002,583.3152,1427.20344
2012-08-01,22.048260000000003,670.267104,1639.9495788000002
2012-08-02,22.88988,695.8523520000001,1702.5492743999998
2012-08-03,17.927130000000002,544.984752,1333.4199294
2012-08-04,20.96094,637.212576,1559.0747172
2012-08-05,20.48046,622.605984,1523.3366148
2012-08-06,22.02876,669.674304,1638.4991687999998
2012-08-07,17.95443,545.814672,1335.4505034
2012-08-08,19.825260000000004,602.6879040000001,1474.6028388
2012-08-09,19.15992,582.4615679999999,1425.1148495999998
2012-08-10,23.68002,719.872608,1761.3198876
2012-08-11,21.52605,654.39192,1601.107599
2012-08-12,19.123260000000002,581.3471040000001,1422.3880788000001
2012-08-13,19.051499999999997,579.1656,1417.0505699999999
2012-08-14,22.471410000000002,683.1308640000001,1671.4234758
2012-08-15,23.43081,712.2966240000001,1742.7836478
2012-08-16,20.98044,637.805376,1560.5251272
2012-08-17,19.44735,591.1994400000001,1446.493893
2012-08-18,23.15274,703.843296,1722.1008012
2012-08-19,24.103950000000005,732.76008,1792.8518010000003
2012-08-20,22.290840000000003,677.6415360000001,1657.9926792
2012-08-21,20.3073,617.34192,1510.456974
2012-08-22,20.479680000000002,622.582272,1523.2785984
2012-08-23,21.89694,665.6669760000001,1628.6943972
2012-08-24,15.042300000000001,457.28592000000003,1118.846274
2012-08-25,18.69192,568.234368,1390.3050096
2012-08-26,24.0279,730.44816,1787.1952019999999
2012-08-27,24.687779999999997,750.508512,1836.2770763999997
2012-08-28,25.97595,789.66888,1932.091161
2012-08-29,22.39458,680.795232,1665.7088604
2012-08-30,24.99666,759.898464,1859.2515707999999
2012-08-31,21.67035,658.77864,1611.8406329999998
2012-09-01,26.149110000000004,794.932944,1944.9708018000001
2012-09-02,24.915540000000004,757.4324160000001,1853.2178652000002
2012-09-03,22.72881,690.955824,1690.5688878
2012-09-04,22.316190000000002,678.412176,1659.8782121999998
2012-09-05,19.46022,591.590688,1447.4511635999997
2012-09-06,26.48139,805.034256,1969.6857881999997
2012-09-07,24.677640000000004,750.2002560000001,1835.5228632000003
2012-09-08,24.57195,746.98728,1827.661641
2012-09-09,27.872130000000002,847.3127519999999,2073.1290294
2012-09-10,26.42718,803.3862720000001,1965.6536484
2012-09-11,22.880519999999997,695.5678079999999,1701.8530775999998
2012-09-12,20.13141,611.994864,1497.3742757999999
2012-09-13,20.709,629.5536,1540.3354199999999
2012-09-14,27.54375,837.33,2048.7041249999997
2012-09-15,24.84144,755.1797760000001,1847.7063072
2012-09-16,22.01004,669.105216,1637.1067752000001
2012-09-17,19.27692,586.018368,1433.8173096
2012-09-18,22.215180000000004,675.3414720000001,1652.3650884
2012-09-19,21.72261,660.367344,1615.7277318
2012-09-20,19.13457,581.690928,1423.2293166
2012-09-21,23.029500000000002,700.0968,1712.9342100000001
2012-09-22,23.529090000000004,715.284336,1750.0937142
2012-09-23,19.26951,585.793104,1433.2661538
2012-09-24,12.703470000000001,386.185488,944.8840986
2012-09-25,14.71665,447.38616,1094.6244269999997
2012-09-26,22.48077,683.4154080000001,1672.1196726000003
2012-09-27,19.18605,583.2559200000001,1427.058399
2012-09-28,19.51365,593.2149599999999,1451.425287
2012-09-29,21.95115,667.3149599999999,1632.726537
2012-09-30,21.87822,665.097888,1627.3020036
2012-10-01,18.28086,555.738144,1359.7303668
2012-10-02,17.50593,532.180272,1302.0910734
2012-10-03,24.956490000000002,758.677296,1856.2637261999998
2012-10-04,19.0008,577.62432,1413.2795039999999
2012-10-05,16.10115,489.47495999999995,1197.6035369999997
2012-10-06,14.51736,441.327744,1079.8012368
2012-10-07,15.7521,478.86384000000004,1171.6411979999998
2012-10-08,17.88228,543.6213120000001,1330.0839864
2012-10-09,22.136400000000002,672.9465600000001,1646.505432
2012-10-10,18.91656,575.0634239999999,1407.0137327999998
2012-10-11,21.12825,642.2988,1571.5192350000002
2012-10-12,19.7964,601.8105599999999,1472.456232
2012-10-13,19.188000000000002,583.3152,1427.20344
2012-10-14,16.178759999999997,491.834304,1203.3761688
2012-10-15,18.242639999999998,554.576256,1356.8875632
2012-10-16,14.156220000000001,430.349088,1052.9396436
2012-10-17,17.761380000000003,539.945952,1321.0914444
2012-10-18,11.637210000000001,353.77118400000006,865.5756798000001
2012-10-19,16.2396,493.68384000000003,1207.9014479999998
2012-10-20,19.533540000000002,593.8196160000001,1452.9047052
2012-10-21,22.215180000000004,675.3414720000001,1652.3650884
2012-10-22,19.744139999999998,600.221856,1468.5691332
2012-10-23,20.241000000000003,615.3264000000001,1505.52558
2012-10-24,15.839849999999998,481.53144,1178.168043
2012-10-25,23.119200000000003,702.8236800000001,1719.606096
2012-10-26,16.30902,495.794208,1213.0649076
2012-10-27,21.29322,647.3138880000001,1583.7897036000002
2012-10-28,23.637900000000002,718.5921599999999,1758.1870020000001
2012-10-29,20.827949999999998,633.16968,1549.1829209999999
2012-10-30,15.05478,457.66531200000003,1119.7745364
2012-10-31,18.46455,561.32232,1373.3932289999998
2012-11-01,22.46478,682.9293120000001,1670.9303364
2012-11-02,17.16546,521.829984,1276.7669148
2012-11-03,21.88173,665.2045919999999,1627.5630773999997
2012-11-04,20.287020000000002,616.7254080000001,1508.9485476
2012-11-05,16.78326,510.21110400000003,1248.3388788
2012-11-06,21.35211,649.104144,1588.1699418
2012-11-07,17.6943,537.9067200000001,1316.102034
2012-11-08,21.387600000000003,650.18304,1590.809688
2012-11-09,18.7395,569.6808,1393.8440099999998
2012-11-10,18.68724,568.092096,1389.9569112
2012-11-11,14.48538,440.35555200000005,1077.4225644
2012-11-12,13.34346,405.64118400000007,992.4865548
2012-11-13,17.091359999999998,519.5773439999999,1271.2553567999998
2012-11-14,17.112810000000003,520.2294240000001,1272.8508078
2012-11-15,15.30087,465.146448,1138.0787105999998
2012-11-16,17.741100000000003,539.3294400000001,1319.583018
2012-11-17,16.62141,505.29086400000006,1236.3004758
2012-11-18,12.285,373.464,913.7583
2012-11-19,18.850260000000002,573.0479040000001,1402.0823388
2012-11-20,18.29607,556.200528,1360.8616866
2012-11-21,12.94956,393.66662399999996,963.1882727999999
2012-11-22,13.081380000000001,397.67395200000004,972.9930444
2012-11-23,17.812079999999998,541.487232,1324.8625103999998
2012-11-24,20.5881,625.87824,1531.342878
2012-11-25,20.321340000000003,617.768736,1511.5012692
2012-11-26,18.99534,577.458336,1412.8733892
2012-11-27,19.57449,595.064496,1455.9505662
2012-11-28,17.649060000000002,536.531424,1312.7370828
2012-11-29,14.644499999999999,445.19280000000003,1089.2579099999998
2012-11-30,14.586780000000001,443.43811200000005,1084.9646964
2012-12-01,14.947140000000001,454.393056,1111.7682731999998
2012-12-02,15.485340000000003,470.754336,1151.7995892000001
2012-12-03,18.05076,548.743104,1342.6155288
2012-12-04,19.224660000000004,584.4296640000001,1429.9302108000002
2012-12-05,17.86551,543.111504,1328.8366337999998
2012-12-06,19.783140000000003,601.407456,1471.4699532000002
2012-12-07,21.02802,639.251808,1564.0641276
2012-12-08,18.69738,568.400352,1390.7111243999998
2012-12-09,19.17006,582.7698240000001,1425.8690628
2012-12-10,22.473360000000003,683.190144,1671.5685168
2012-12-11,17.07459,519.067536,1270.0080042
2012-12-12,16.24155,493.74312000000003,1208.046489
2012-12-13,18.29958,556.307232,1361.1227603999998
2012-12-14,15.524339999999999,471.939936,1154.7004092
2012-12-15,16.23765,493.62456,1207.756407
2012-12-16,17.82417,541.8547679999999,1325.7617645999999
2012-12-17,15.918629999999999,483.92635199999995,1184.0276993999998
2012-12-18,13.25649,402.997296,986.0177262
2012-12-19,16.84527,512.096208,1252.9511826
2012-12-20,17.75202,539.661408,1320.3952476
2012-12-21,16.79457,510.5549280000001,1249.1801166
2012-12-22,18.75549,570.1668960000001,1395.0333461999999
2012-12-23,15.20142,462.123168,1130.6816196
2012-12-24,12.895350000000002,392.01864,959.156133
2012-12-25,16.86672,512.748288,1254.5466335999997
2012-12-26,17.063280000000002,518.7237120000001,1269.1667664000001
2012-12-27,19.71294,599.273376,1466.2484771999998
2012-12-28,21.45858,652.3408320000001,1596.0891804
2012-12-29,19.61934,596.427936,1459.2865092
2012-12-30,17.07927,519.209808,1270.3561025999998
2012-12-31,22.00731,669.022224,1636.9037177999999
2013-01-01,22.40316,681.056064,1666.3470407999998
2013-01-02,23.9421,727.8398400000001,1780.813398
2013-01-03,20.248410000000003,615.5516640000001,1506.0767358
2013-01-04,20.73162,630.241248,1542.0178956000002
2013-01-05,24.18429,735.2024160000001,1798.8274902
2013-01-06,24.392160000000004,741.5216640000001,1814.2888608
2013-01-07,24.183510000000002,735.178704,1798.7694738
2013-01-08,25.869090000000003,786.420336,1924.1429142
2013-01-09,23.355150000000002,709.99656,1737.156057
2013-01-10,22.934730000000002,697.2157920000001,1705.8852174
2013-01-11,23.462790000000002,713.268816,1745.1623201999998
2013-01-12,22.86102,694.975008,1700.4026675999996
2013-01-13,12.93279,393.15681600000005,961.9409201999999
2013-01-14,16.32111,496.161744,1213.9641618
2013-01-15,12.32985,374.82744,917.0942430000001
2013-01-16,12.2577,372.63408,911.727726
2013-01-17,14.908530000000003,453.21931200000006,1108.8964614
2013-01-18,14.81883,450.492432,1102.2245754
2013-01-19,18.16854,552.3236159999999,1351.3760051999998
2013-01-20,14.39568,437.62867200000005,1070.7506784
2013-01-21,14.917110000000001,453.48014400000005,1109.5346418
2013-01-22,14.084850000000001,428.17944,1047.6311429999998
2013-01-23,13.374659999999999,406.58966399999997,994.8072108
2013-01-24,14.496690000000001,440.699376,1078.2638021999999
2013-01-25,11.276850000000001,342.81624000000005,838.7721030000001
2013-01-26,15.59298,474.02659200000005,1159.8058524
2013-01-27,21.32676,648.333504,1586.2844088
2013-01-28,21.170370000000002,643.579248,1574.6521206
2013-01-29,19.073729999999998,579.841392,1418.7040373999998
2013-01-30,18.89394,574.375776,1405.3312572
2013-01-31,17.58471,534.575184,1307.9507297999999
2013-02-01,10.923900000000001,332.08656,812.5196820000001
2013-02-02,6.733739999999999,204.705696,500.85558119999996
2013-02-03,14.78217,449.377968,1099.4978045999999
2013-02-04,15.33168,466.0830720000001,1140.3703584
2013-02-05,13.522470000000002,411.083088,1005.8013186
2013-02-06,13.89765,422.48855999999995,1033.707207
2013-02-07,17.858880000000003,542.9099520000001,1328.3434944
2013-02-08,15.26811,464.150544,1135.6420218
2013-02-09,18.05271,548.8023840000001,1342.7605698
2013-02-10,13.455,409.032,1000.7829
2013-02-11,16.324620000000003,496.2684480000001,1214.2252356000001
2013-02-12,15.58986,473.931744,1159.5737867999999
2013-02-13,21.05922,640.200288,1566.3847835999998
2013-02-14,13.63479,414.497616,1014.1556802
2013-02-15,20.51712,623.7204479999999,1526.0633856
2013-02-16,17.95716,545.897664,1335.6535608
2013-02-17,8.31714,252.84105600000004,618.6288732
2013-02-18,20.93442,636.4063679999999,1557.1021596
2013-02-19,22.29942,677.9023680000001,1658.6308596
2013-02-20,20.68755,628.90152,1538.739969
2013-02-21,15.633149999999999,475.24775999999997,1162.7936969999998
2013-02-22,18.51486,562.8517439999999,1377.1352868
2013-02-23,20.574060000000003,625.4514240000001,1530.2985828
2013-02-24,16.64481,506.00222400000007,1238.0409678
2013-02-25,19.938750000000002,606.138,1483.0442249999999
2013-02-26,18.70206,568.542624,1391.0592228
2013-02-27,20.376720000000002,619.4522880000001,1515.6204336
2013-02-28,17.631510000000002,535.9979040000001,1311.4317138
2013-03-01,16.42875,499.4340000000001,1221.9704250000002
2013-03-02,22.799010000000003,693.089904,1695.7903638
2013-03-03,16.007550000000002,486.62952,1190.641569
2013-03-04,15.74625,478.686,1171.2060749999998
2013-03-05,22.15707,673.5749280000001,1648.0428666
2013-03-06,18.02931,548.091024,1341.0200777999999
2013-03-07,18.0141,547.62864,1339.8887579999998
2013-03-08,19.96293,606.873072,1484.8427333999998
2013-03-09,20.4087,620.42448,1517.9991059999998
2013-03-10,16.93887,514.941648,1259.9131505999999
2013-03-11,18.91656,575.0634239999999,1407.0137327999998
2013-03-12,20.015580000000003,608.4736320000001,1488.7588404
2013-03-13,14.845740000000001,451.310496,1104.2261412
2013-03-14,14.19444,431.510976,1055.7824472000002
2013-03-15,14.580150000000003,443.23656000000005,1084.471557
2013-03-16,22.556820000000002,685.727328,1677.7762716
2013-03-17,15.261479999999999,463.948992,1135.1488823999998
2013-03-18,16.913520000000002,514.171008,1258.0276176
2013-03-19,16.74504,509.04921599999994,1245.4960751999997
2013-03-20,18.26058,555.121632,1358.2219404
2013-03-21,9.68955,294.56232,720.7087290000001
2013-03-22,17.505150000000004,532.15656,1302.033057
2013-03-23,16.81797,511.2662879999999,1250.9206085999997
2013-03-24,22.41798,681.5065920000001,1667.4493523999997
2013-03-25,19.290180000000003,586.421472,1434.8035883999999
2013-03-26,23.53572,715.4858879999999,1750.5868535999998
2013-03-27,20.08383,610.548432,1493.8352754
2013-03-28,19.920030000000004,605.5689120000001,1481.6518314000002
2013-03-29,16.68693,507.282672,1241.1738533999999
2013-03-30,18.861179999999997,573.379872,1402.8945683999998
2013-03-31,24.61485,748.29144,1830.8525429999997
2013-04-01,20.74254,630.573216,1542.8301251999999
2013-04-02,17.86434,543.075936,1328.7496092
2013-04-03,19.65795,597.60168,1462.158321
2013-04-04,22.48194,683.450976,1672.2066971999998
2013-04-05,18.98403,577.114512,1412.0321514
2013-04-06,18.645120000000002,566.811648,1386.8240256
2013-04-07,22.20465,675.0213600000001,1651.5818669999999
2013-04-08,19.095180000000003,580.4934720000001,1420.2994884
2013-04-09,23.28963,708.004752,1732.2826794000002
2013-04-10,16.88544,513.317376,1255.9390272
2013-04-11,19.49688,592.7051520000001,1450.1779344
2013-04-12,18.005910000000004,547.379664,1339.2795858000002
2013-04-13,20.483580000000003,622.7008320000001,1523.5686804
2013-04-14,14.72133,447.52843200000007,1094.9725254
2013-04-15,17.851470000000003,542.684688,1327.7923386
2013-04-16,24.60276,747.923904,1829.9532887999999
2013-04-17,16.549260000000004,503.097504,1230.9339588
2013-04-18,16.145220000000002,490.814688,1200.8814636
2013-04-19,11.31234,343.895136,841.4118491999999
2013-04-20,18.23328,554.2917120000001,1356.1913664
2013-04-21,14.50137,440.841648,1078.6119006
2013-04-22,19.04214,578.8810560000001,1416.3543732
2013-04-23,20.119320000000002,611.627328,1496.4750216
2013-04-24,20.4945,623.0328000000001,1524.38091
2013-04-25,21.02256,639.085824,1563.6580127999998
2013-04-26,17.58822,534.6818880000001,1308.2118036
2013-04-27,18.51798,562.946592,1377.3673523999998
2013-04-28,18.470010000000002,561.4883040000001,1373.7993437999999
2013-04-29,12.26628,372.89491200000003,912.3659064
2013-04-30,23.404680000000003,711.5022720000001,1740.8400983999998
2013-05-01,14.46588,439.76275200000003,1075.9721544
2013-05-02,15.065700000000001,457.99728000000005,1120.586766
2013-05-03,18.24537,554.6592479999999,1357.0906206
2013-05-04,20.30184,617.175936,1510.0508591999999
2013-05-05,13.878930000000002,421.91947200000004,1032.3148133999998
2013-05-06,18.62367,566.159568,1385.2285745999998
2013-05-07,11.94726,363.196704,888.6371988000001
2013-05-08,21.46911,652.6609440000001,1596.8724018
2013-05-09,17.79804,541.060416,1323.8182152
2013-05-10,20.00895,608.27208,1488.2657009999998
2013-05-11,20.23632,615.184128,1505.1774815999997
2013-05-12,22.08765,671.46456,1642.8794070000001
2013-05-13,15.34962,466.628448,1141.7047356
2013-05-14,19.85529,603.600816,1476.8364702
2013-05-15,13.5291,411.28464,1006.294458
2013-05-16,18.24186,554.552544,1356.8295468
2013-05-17,13.77246,418.68278399999997,1024.3955748
2013-05-18,21.31467,647.965968,1585.3851546
2013-05-19,21.109530000000003,641.7297120000001,1570.1268413999999
2013-05-20,18.560100000000002,564.2270400000001,1380.500238
2013-05-21,16.32189,496.18545600000004,1214.0221782
2013-05-22,18.08079,549.656016,1344.8491602
2013-05-23,17.067960000000003,518.865984,1269.5148648
2013-05-24,19.389239999999997,589.432896,1442.1716711999998
2013-05-25,22.51938,684.589152,1674.9914844000002
2013-05-26,18.86976,573.640704,1403.5327488
2013-05-27,17.7372,539.2108800000001,1319.292936
2013-05-28,17.78673,540.716592,1322.9769774
2013-05-29,18.42321,560.0655840000001,1370.3183598
2013-05-30,18.42711,560.1841440000001,1370.6084418
2013-05-31,16.764540000000004,509.6420160000001,1246.9464852
2013-06-01,20.655569999999997,627.9293279999999,1536.3612965999998
2013-06-02,24.438180000000003,742.9206720000001,1817.7118284000003
2013-06-03,22.096230000000002,671.725392,1643.5175874
2013-06-04,24.61485,748.29144,1830.8525429999997
2013-06-05,20.739030000000003,630.4665120000001,1542.5690514
2013-06-06,18.69738,568.400352,1390.7111243999998
2013-06-07,24.04389,730.934256,1788.3845381999997
2013-06-08,23.03769,700.345776,1713.5433822
2013-06-09,25.65771,779.994384,1908.4204697999999
2013-06-10,20.872020000000003,634.509408,1552.4608476
2013-06-11,19.234800000000003,584.7379200000001,1430.684424
2013-06-12,22.7877,692.74608,1694.949126
2013-06-13,25.003290000000003,760.1000160000001,1859.7447102
2013-06-14,16.8753,513.0091199999999,1255.184814
2013-06-15,19.45944,591.5669760000001,1447.3931472
2013-06-16,26.569140000000004,807.701856,1976.2126332
2013-06-17,21.90786,665.998944,1629.5066267999998
2013-06-18,23.69757,720.406128,1762.6252565999998
2013-06-19,17.921670000000002,544.818768,1333.0138146
2013-06-20,22.53342,685.015968,1676.0357795999998
2013-06-21,23.46357,713.2925280000001,1745.2203365999999
2013-06-22,19.436819999999997,590.8793279999999,1445.7106715999998
2013-06-23,23.46084,713.2095360000001,1745.0172791999998
2013-06-24,20.093970000000002,610.8566880000001,1494.5894886
2013-06-25,21.48393,653.111472,1597.9747134
2013-06-26,23.842650000000003,724.8165600000001,1773.4163070000002
2013-06-27,17.65296,536.649984,1313.0271647999998
2013-06-28,13.81536,419.986944,1027.5864768000001
2013-06-29,19.7028,598.9651200000001,1465.494264
2013-06-30,18.44466,560.717664,1371.9138108
2013-07-01,15.9159,483.84336,1183.824642
2013-07-02,24.79191,753.674064,1844.0222658
2013-07-03,18.49809,562.341936,1375.8879342
2013-07-04,20.31666,617.6264639999999,1511.1531707999998
2013-07-05,17.138939999999998,521.023776,1274.7943572
2013-07-06,26.04615,791.80296,1937.312637
2013-07-07,24.61602,748.327008,1830.9395676000001
2013-07-08,27.063660000000002,822.735264,2012.9950308
2013-07-09,21.81153,663.070512,1622.3416013999997
2013-07-10,20.54052,624.431808,1527.8038776
2013-07-11,21.91254,666.141216,1629.8547251999998
2013-07-12,22.996740000000003,699.100896,1710.4975212000002
2013-07-13,24.25917,737.4787680000001,1804.3970646
2013-07-14,23.15664,703.961856,1722.3908831999997
2013-07-15,15.05751,457.748304,1119.9775938
2013-07-16,26.22945,797.3752800000001,1950.946491
2013-07-17,22.997519999999998,699.124608,1710.5555375999998
2013-07-18,20.948460000000004,636.8331840000001,1558.1464548000001
2013-07-19,16.09374,489.24969600000003,1197.0523812
2013-07-20,17.5461,533.40144,1305.078918
2013-07-21,24.57741,747.153264,1828.0677558
2013-07-22,21.40437,650.692848,1592.0570406
2013-07-23,22.302149999999997,677.98536,1658.833917
2013-07-24,26.3445,800.8728,1959.50391
2013-07-25,25.921740000000003,788.0208960000001,1928.0590212
2013-07-26,19.89936,604.940544,1480.1143968000001
2013-07-27,25.42098,772.797792,1890.8124923999999
2013-07-28,25.04814,761.463456,1863.0806532
2013-07-29,25.547340000000002,776.639136,1900.2111492
2013-07-30,20.73162,630.241248,1542.0178956000002
2013-07-31,24.76188,752.761152,1841.7886344
2013-08-01,21.41022,650.870688,1592.4921636
2013-08-02,20.92038,635.9795520000001,1556.0578644
2013-08-03,22.525620000000004,684.778848,1675.4556156
2013-08-04,24.46899,743.857296,1820.0034761999998
2013-08-05,25.77939,783.693456,1917.4710282
2013-08-06,19.766370000000002,600.897648,1470.2226005999999
2013-08-07,16.3839,498.07055999999994,1218.6344819999997
2013-08-08,13.72371,417.200784,1020.7695497999999
2013-08-09,20.887620000000002,634.9836480000001,1553.6211756
2013-08-10,22.82358,693.8368320000001,1697.6178804
2013-08-11,15.841019999999999,481.567008,1178.2550676
2013-08-12,19.39197,589.515888,1442.3747286
2013-08-13,14.77671,449.211984,1099.0916898
2013-08-14,27.17949,826.2564960000001,2021.6104662
2013-08-15,21.925020000000004,666.520608,1630.7829876
2013-08-16,23.071620000000003,701.377248,1716.0670956
2013-08-17,20.149350000000002,612.54024,1498.708653
2013-08-18,19.22739,584.5126560000001,1430.1332682000002
2013-08-19,19.373250000000002,588.9468,1440.9823350000001
2013-08-20,21.05064,639.9394560000001,1565.7466031999998
2013-08-21,19.66146,597.708384,1462.4193948000002
2013-08-22,23.64531,718.817424,1758.7381578
2013-08-23,21.822059999999997,663.390624,1623.1248228
2013-08-24,16.883490000000002,513.2580960000001,1255.7939862
2013-08-25,23.20812,705.5268480000001,1726.2199656
2013-08-26,22.1403,673.06512,1646.7955139999997
2013-08-27,22.349729999999997,679.431792,1662.3729173999998
2013-08-28,25.71192,781.6423680000001,1912.4526096000002
2013-08-29,22.7955,692.9832,1695.52929
2013-08-30,22.61571,687.5175839999999,1682.1565097999999
2013-08-31,23.46357,713.2925280000001,1745.2203365999999
2013-09-01,19.3089,586.99056,1436.195982
2013-09-02,23.213580000000004,705.6928320000001,1726.6260804
2013-09-03,22.01745,669.33048,1637.6579310000002
2013-09-04,14.926470000000002,453.764688,1110.2308386
2013-09-05,22.000680000000003,668.8206720000001,1636.4105784000003
2013-09-06,13.7865,419.10960000000006,1025.4398700000002
2013-09-07,14.419860000000002,438.36374400000005,1072.5491868
2013-09-08,20.037029999999998,609.125712,1490.3542914
2013-09-09,18.737940000000002,569.633376,1393.7279772
2013-09-10,20.561190000000003,625.060176,1529.3413122
2013-09-11,14.645669999999999,445.22836800000005,1089.3449346
2013-09-12,19.93212,605.936448,1482.5510856
2013-09-13,18.69582,568.352928,1390.5950916
2013-09-14,17.36748,527.971392,1291.7931623999998
2013-09-15,23.162100000000002,704.1278400000001,1722.7969979999998
2013-09-16,23.33643,709.427472,1735.7636634
2013-09-17,19.080360000000002,580.042944,1419.1971768
2013-09-18,21.272550000000003,646.6855200000001,1582.252269
2013-09-19,17.72862,538.950048,1318.6547555999998
2013-09-20,28.38966,863.0456639999999,2111.6229107999998
2013-09-21,26.76687,813.7128479999999,1990.9197906
2013-09-22,20.757749999999998,631.0356,1543.961445
2013-09-23,25.20726,766.300704,1874.9159988000001
2013-09-24,22.49754,683.9252160000001,1673.3670252000002
2013-09-25,22.38522,680.510688,1665.0126635999998
2013-09-26,15.548910000000001,472.68686399999996,1156.5279257999998
2013-09-27,18.95946,576.367584,1410.2046348
2013-09-28,15.34962,466.628448,1141.7047356
2013-09-29,18.76134,570.344736,1395.4684692
2013-09-30,21.94179,667.0304160000001,1632.0303402000002
2013-10-01,16.02627,487.19860800000004,1192.0339626
2013-10-02,23.94756,728.005824,1781.2195128
2013-10-03,18.99417,577.422768,1412.7863646
2013-10-04,16.82538,511.49155199999996,1251.4717644
2013-10-05,26.012220000000003,790.7714880000001,1934.7889235999999
2013-10-06,25.4319,773.12976,1891.6247219999998
2013-10-07,20.77998,631.711392,1545.6149124
2013-10-08,21.35484,649.187136,1588.3729992
2013-10-09,23.36724,710.364096,1738.0553111999998
2013-10-10,21.17154,643.614816,1574.7391452000002
2013-10-11,19.869329999999998,604.0276319999999,1477.8807654
2013-10-12,18.16035,552.07464,1350.7668330000001
2013-10-13,18.540210000000002,563.622384,1379.0208197999998
2013-10-14,9.616620000000001,292.345248,715.2841956000001
2013-10-15,17.37021,528.054384,1291.9962197999998
2013-10-16,12.10521,367.998384,900.3855197999999
2013-10-17,19.550310000000003,594.329424,1454.1520578
2013-10-18,23.549760000000003,715.9127040000001,1751.6311488000001
2013-10-19,25.16046,764.877984,1871.4350147999999
2013-10-20,20.4984,623.1513600000001,1524.670992
2013-10-21,17.90568,544.332672,1331.8244783999999
2013-10-22,17.082,519.2928,1270.5591599999998
2013-10-23,19.398600000000002,589.71744,1442.867868
2013-10-24,20.40402,620.2822080000001,1517.6510076
2013-10-25,24.24435,737.02824,1803.2947530000001
2013-10-26,18.03672,548.316288,1341.5712335999997
2013-10-27,16.2396,493.68384000000003,1207.9014479999998
2013-10-28,23.194860000000002,705.1237440000001,1725.2336868
2013-10-29,17.1249,520.5969600000001,1273.750062
2013-10-30,17.088630000000002,519.494352,1271.0522994
2013-10-31,17.61474,535.488096,1310.1843612
2013-11-01,18.88653,574.1505119999999,1404.7801014
2013-11-02,19.73166,599.8424640000001,1467.6408708000001
2013-11-03,16.51377,502.01860800000003,1228.2942126
2013-11-04,15.75756,479.029824,1172.0473127999999
2013-11-05,14.873040000000001,452.140416,1106.2567152
2013-11-06,17.713800000000003,538.4995200000001,1317.552444
2013-11-07,13.681590000000002,415.9203360000001,1017.6366642
2013-11-08,16.37454,497.78601599999996,1217.9382851999999
2013-11-09,17.023889999999998,517.526256,1266.2369382
2013-11-10,16.47633,500.88043200000004,1225.5094254
2013-11-11,21.98937,668.476848,1635.5693406
2013-11-12,19.54173,594.068592,1453.5138774
2013-11-13,20.984340000000003,637.923936,1560.8152092
2013-11-14,21.1068,641.6467200000001,1569.9237839999998
2013-11-15,19.66536,597.826944,1462.7094768
2013-11-16,19.44813,591.223152,1446.5519093999999
2013-11-17,19.70358,598.988832,1465.5522804
2013-11-18,16.843320000000002,512.0369280000001,1252.8061416
2013-11-19,16.468140000000002,500.631456,1224.9002532
2013-11-20,16.071900000000003,488.58576000000005,1195.427922
2013-11-21,19.990230000000004,607.702992,1486.8733074000002
2013-11-22,18.836219999999997,572.621088,1401.0380435999998
2013-11-23,15.211950000000002,462.44328,1131.464841
2013-11-24,12.03891,365.982864,895.4541258
2013-11-25,18.73014,569.396256,1393.1478132
2013-11-26,15.627299999999998,475.06991999999997,1162.3585739999999
2013-11-27,20.98044,637.805376,1560.5251272
2013-11-28,14.7225,447.56399999999996,1095.05955
2013-11-29,16.89753,513.6849119999999,1256.8382814
2013-11-30,12.448020000000001,378.41980800000005,925.8837276
2013-12-01,14.404259999999999,437.889504,1071.3888588
2013-12-02,12.08766,367.46486400000003,899.0801508000001
2013-12-03,13.511940000000001,410.762976,1005.0180971999999
2013-12-04,19.4025,589.836,1443.1579499999998
2013-12-05,19.59243,595.609872,1457.2849434
2013-12-06,21.52254,654.2852160000001,1600.8465251999999
2013-12-07,16.02822,487.257888,1192.1790035999998
2013-12-08,14.839500000000003,451.12080000000003,1103.7620100000001
2013-12-09,13.521300000000002,411.04752,1005.714294
2013-12-10,17.354219999999998,527.568288,1290.8068836
2013-12-11,19.74492,600.245568,1468.6271496
2013-12-12,16.67757,506.99812800000007,1240.4776565999998
2013-12-13,11.89578,361.631712,884.8081163999999
2013-12-14,21.44766,652.008864,1595.2769508
2013-12-15,20.294430000000002,616.9506720000002,1509.4997034
2013-12-16,17.969250000000002,546.2652,1336.552815
2013-12-17,14.29467,434.55796799999996,1063.2375545999998
2013-12-18,14.06145,427.46808000000004,1045.890651
2013-12-19,16.376099999999997,497.83343999999994,1218.054318
2013-12-20,16.524300000000004,502.33872,1229.077434
2013-12-21,18.29217,556.081968,1360.5716046
2013-12-22,13.81068,419.844672,1027.2383784
2013-12-23,10.93638,332.46595199999996,813.4479444
2013-12-24,15.2529,463.68816,1134.510702
2013-12-25,17.74578,539.471712,1319.9311164
2013-12-26,19.145880000000002,582.034752,1424.0705544
2013-12-27,22.642619999999997,688.335648,1684.1580755999998
2013-12-28,24.79737,753.840048,1844.4283806
2013-12-29,24.15426,734.289504,1796.5938587999997
2013-12-30,16.880760000000002,513.175104,1255.5909288
2013-12-31,18.47859,561.749136,1374.4375241999999
2014-01-01,17.60811,535.286544,1309.6912218
2014-01-02,15.810989999999999,480.65409600000004,1176.0214362
2014-01-03,14.664390000000001,445.79745600000007,1090.7373281999999
2014-01-04,19.9875,607.62,1486.6702500000001
2014-01-05,16.45878,500.34691200000003,1224.2040564
2014-01-06,7.417020000000001,225.477408,551.6779476
2014-01-07,17.306639999999998,526.121856,1287.2678832
2014-01-08,14.952600000000002,454.55904000000004,1112.174388
2014-01-09,17.68767,537.7051680000001,1315.6088946
2014-01-10,17.837429999999998,542.2578719999999,1326.7480434
2014-01-11,18.4665,561.3816,1373.53827
2014-01-12,15.145260000000002,460.415904,1126.5044388
2014-01-13,18.77226,570.676704,1396.2806988
2014-01-14,19.20282,583.765728,1428.3057516000001
2014-01-15,19.17123,582.8053920000001,1425.9560874
2014-01-16,20.23905,615.26712,1505.3805389999998
2014-01-17,18.83154,572.4788159999999,1400.6899452
2014-01-18,19.5156,593.27424,1451.5703279999998
2014-01-19,15.32154,465.774816,1139.6161452
2014-01-20,15.970890000000004,485.5150560000001,1187.9147982
2014-01-21,11.987430000000002,364.41787200000005,891.6250434000001
2014-01-22,11.6571,354.37584,867.0550979999999
2014-01-23,19.51287,593.1912480000001,1451.3672706000002
2014-01-24,19.40055,589.7767200000001,1443.0129089999998
2014-01-25,17.28987,525.612048,1286.0205306
2014-01-26,12.821250000000001,389.766,953.6445749999999
2014-01-27,20.98902,638.066208,1561.1633075999998
2014-01-28,16.78521,510.270384,1248.4839198
2014-01-29,18.77343,570.7122720000001,1396.3677234
2014-01-30,14.727960000000001,447.72998400000006,1095.4656648
2014-01-31,20.20356,614.188224,1502.7407928
2014-02-01,18.24069,554.516976,1356.7425222
2014-02-02,12.894179999999999,391.983072,959.0691084
2014-02-03,17.95716,545.897664,1335.6535608
2014-02-04,19.385340000000003,589.314336,1441.8815892
2014-02-05,17.915040000000005,544.6172160000001,1332.5206752000001
2014-02-06,17.82417,541.8547679999999,1325.7617645999999
2014-02-07,17.56677,534.029808,1306.6163526
2014-02-08,18.01722,547.723488,1340.1208236
2014-02-09,18.13773,551.386992,1349.0843573999998
2014-02-10,18.21261,553.663344,1354.6539318
2014-02-11,18.835050000000003,572.5855200000001,1400.951019
2014-02-12,22.03422,669.840288,1638.9052835999998
2014-02-13,14.69715,446.79336,1093.174017
2014-02-14,15.54228,472.485312,1156.0347864
2014-02-15,21.072090000000003,640.591536,1567.3420542000001
2014-02-16,21.89772,665.6906879999999,1628.7524136
2014-02-17,17.617469999999997,535.571088,1310.3874185999998
2014-02-18,17.41818,529.512672,1295.5642284
2014-02-19,13.4082,407.60928,997.3019160000001
2014-02-20,12.950340000000002,393.69033600000006,963.2462892
2014-02-21,16.92366,514.4792640000001,1258.7818308
2014-02-22,11.954670000000002,363.42196800000005,889.1883546
2014-02-23,15.001349999999999,456.04104,1115.800413
2014-02-24,19.56513,594.7799520000001,1455.2543694
2014-02-25,12.752220000000001,387.667488,948.5101236
2014-02-26,17.16702,521.877408,1276.8829475999999
2014-02-27,11.99016,364.500864,891.8281008
2014-02-28,13.96512,424.53964800000006,1038.7256256
2014-03-01,16.73373,508.7053920000001,1244.6548374
2014-03-02,18.13032,551.1617279999999,1348.5332015999998
2014-03-03,16.11714,489.96105600000004,1198.7928732
2014-03-04,16.3566,497.24064,1216.603908
2014-03-05,14.956500000000002,454.6776,1112.4644700000001
2014-03-06,17.41428,529.3941120000001,1295.2741464
2014-03-07,14.09694,428.546976,1048.5303972
2014-03-08,12.78186,388.56854400000003,950.7147468
2014-03-09,14.06145,427.46808000000004,1045.890651
2014-03-10,18.31557,556.793328,1362.3120966
2014-03-11,16.300440000000002,495.533376,1212.4267272
2014-03-12,12.90081,392.184624,959.5622478
2014-03-13,12.243660000000002,372.207264,910.6834308
2014-03-14,14.89644,452.85177600000003,1107.9972071999998
2014-03-15,18.12642,551.043168,1348.2431196
2014-03-16,18.93723,575.691792,1408.5511674
2014-03-17,19.160700000000002,582.4852800000001,1425.172866
2014-03-18,13.747890000000002,417.935856,1022.5680582
2014-03-19,21.6177,657.17808,1607.924526
2014-03-20,23.10516,702.396864,1718.5618008000001
2014-03-21,17.296499999999998,525.8136,1286.5136699999998
2014-03-22,20.168069999999997,613.1093279999999,1500.1010465999998
2014-03-23,18.92865,575.4309600000001,1407.9129870000002
2014-03-24,17.236439999999998,523.9877759999999,1282.0464072
2014-03-25,18.58506,564.985824,1382.3567627999998
2014-03-26,17.928300000000004,545.0203200000001,1333.506954
2014-03-27,22.84386,694.453344,1699.1263068
2014-03-28,25.655760000000004,779.9351040000001,1908.2754288
2014-03-29,22.92927,697.049808,1705.4791026
2014-03-30,21.745230000000003,661.0549920000001,1617.4102074
2014-03-31,21.15438,643.093152,1573.4627844
2014-04-01,25.844910000000002,785.6852640000001,1922.3444058
2014-04-02,19.77846,601.265184,1471.1218548
2014-04-03,17.136210000000002,520.9407840000001,1274.5912998000001
2014-04-04,21.345480000000002,648.902592,1587.6768024
2014-04-05,22.3704,680.06016,1663.9103519999999
2014-04-06,22.07634,671.120736,1642.0381691999999
2014-04-07,22.305660000000003,678.092064,1659.0949908
2014-04-08,19.24026,584.903904,1431.0905387999999
2014-04-09,16.00014,486.404256,1190.0904131999998
2014-04-10,24.336000000000002,739.8144000000001,1810.11168
2014-04-11,22.92654,696.966816,1705.2760452
2014-04-12,18.3456,557.70624,1364.5457279999998
2014-04-13,24.53451,745.849104,1824.8768538
2014-04-14,21.590790000000002,656.3600160000001,1605.9229602
2014-04-15,9.55851,290.57870399999996,710.9619738
2014-04-16,17.67441,537.302064,1314.6226158000002
2014-04-17,17.25516,524.556864,1283.4388008
2014-04-18,17.3199,526.52496,1288.254162
2014-04-19,19.60452,595.977408,1458.1841975999998
2014-04-20,19.801080000000002,601.9528320000001,1472.8043304000003
2014-04-21,16.826549999999997,511.52712,1251.558789
2014-04-22,19.775730000000003,601.1821920000001,1470.9187974000001
2014-04-23,16.390140000000002,498.260256,1219.0986132
2014-04-24,14.667120000000002,445.88044800000006,1090.9403856
2014-04-25,21.792810000000003,662.501424,1620.9492078
2014-04-26,16.40886,498.82934399999994,1220.4910068
2014-04-27,21.269820000000003,646.602528,1582.0492116
2014-04-28,20.079929999999997,610.429872,1493.5451933999998
2014-04-29,21.858330000000002,664.493232,1625.8225854
2014-04-30,18.51876,562.970304,1377.4253688
2014-05-01,17.92986,545.0677440000001,1333.6229868
2014-05-02,12.90822,392.409888,960.1134036000001
2014-05-03,23.48502,713.944608,1746.8157876
2014-05-04,16.88466,513.293664,1255.8810107999998
2014-05-05,23.63673,718.556592,1758.0999773999997
2014-05-06,16.92756,514.597824,1259.0719127999998
2014-05-07,11.43129,347.511216,850.2593501999999
2014-05-08,14.128919999999999,429.519168,1050.9090695999998
2014-05-09,11.40516,346.71686400000004,848.3158007999999
2014-05-10,14.617590000000002,444.374736,1087.2563441999998
2014-05-11,17.81871,541.688784,1325.3556498
2014-05-12,20.49762,623.127648,1524.6129755999998
2014-05-13,25.789530000000006,784.001712,1918.2252414
2014-05-14,17.020380000000003,517.4195520000001,1265.9758644
2014-05-15,15.664740000000002,476.20809600000007,1165.1433612
2014-05-16,22.71867,690.647568,1689.8146746000002
2014-05-17,20.215650000000004,614.5557600000001,1503.640047
2014-05-18,17.38815,528.5997600000001,1293.330597
2014-05-19,21.614189999999997,657.071376,1607.6634522
2014-05-20,17.136210000000002,520.9407840000001,1274.5912998000001
2014-05-21,17.26998,525.007392,1284.5411124000002
2014-05-22,23.31849,708.8820959999999,1734.4292862
2014-05-23,17.54259,533.294736,1304.8178442
2014-05-24,27.91698,848.676192,2076.4649724
2014-05-25,26.315640000000002,799.995456,1957.3573032000002
2014-05-26,22.80018,693.125472,1695.8773884
2014-05-27,16.040309999999998,487.625424,1193.0782577999998
2014-05-28,23.066940000000002,701.234976,1715.7189972
2014-05-29,13.5291,411.28464,1006.294458
2014-05-30,23.036910000000002,700.322064,1713.4853658
2014-05-31,25.540710000000004,776.437584,1899.7180097999997
2014-06-01,19.342440000000003,588.010176,1438.6906872
2014-06-02,18.139680000000002,551.446272,1349.2293984
2014-06-03,21.247980000000002,645.938592,1580.4247524
2014-06-04,22.45386,682.597344,1670.1181067999996
2014-06-05,18.75276,570.0839040000001,1394.8302887999998
2014-06-06,21.00111,638.433744,1562.0625618
2014-06-07,19.1412,581.8924800000001,1423.722456
2014-06-08,21.23121,645.4287840000001,1579.1773997999999
2014-06-09,23.16132,704.104128,1722.7389815999998
2014-06-10,22.7955,692.9832,1695.52929
2014-06-11,24.77787,753.247248,1842.9779706
2014-06-12,21.27138,646.649952,1582.1652444000001
2014-06-13,22.91991,696.765264,1704.7829058000002
2014-06-14,21.98937,668.476848,1635.5693406
2014-06-15,26.80509,814.874736,1993.7625942
2014-06-16,25.277459999999998,768.4347839999999,1880.1374748
2014-06-17,24.77046,753.021984,1842.4268147999999
2014-06-18,20.750339999999998,630.810336,1543.4102891999999
2014-06-19,23.5638,716.33952,1752.6754439999997
2014-06-20,22.245990000000003,676.2780960000001,1654.6567361999998
2014-06-21,23.552490000000002,715.9956960000001,1751.8342062000002
2014-06-22,24.598080000000003,747.7816320000001,1829.6051904
2014-06-23,21.07794,640.7693760000001,1567.7771772
2014-06-24,20.35878,618.906912,1514.2860564
2014-06-25,13.67886,415.83734400000003,1017.4336068
2014-06-26,22.500660000000003,684.020064,1673.5990907999999
2014-06-27,24.90618,757.1478719999999,1852.5216684
2014-06-28,17.76606,540.088224,1321.4395427999998
2014-06-29,25.838280000000005,785.4837120000001,1921.8512664000002
2014-06-30,18.19974,553.2720959999999,1353.6966611999999
2014-07-01,20.829900000000002,633.22896,1549.327962
2014-07-02,23.102430000000002,702.3138720000001,1718.3587434
2014-07-03,25.038,761.1552,1862.32644
2014-07-04,21.16023,643.2709920000001,1573.8979074000001
2014-07-05,26.176019999999998,795.7510080000001,1946.9723675999999
2014-07-06,21.79944,662.702976,1621.4423471999999
2014-07-07,19.7067,599.0836800000001,1465.784346
2014-07-08,24.64293,749.1450719999999,1832.9411334
2014-07-09,24.70962,751.172448,1837.9015355999998
2014-07-10,23.26233,707.1748319999999,1730.2521054
2014-07-11,23.34384,709.652736,1736.3148191999999
2014-07-12,22.4835,683.4984,1672.3227299999999
2014-07-13,25.372230000000002,771.315792,1887.1864674
2014-07-14,24.878880000000002,756.3179520000001,1850.4910943999998
2014-07-15,23.7471,721.91184,1766.3092980000001
2014-07-16,21.170370000000002,643.579248,1574.6521206
2014-07-17,23.30367,708.431568,1733.3269746
2014-07-18,20.844720000000002,633.6794880000001,1550.4302736
2014-07-19,25.888980000000004,787.0249920000001,1925.6223324
2014-07-20,24.61212,748.2084480000001,1830.6494856
2014-07-21,24.15075,734.1828,1796.332785
2014-07-22,22.88598,695.733792,1702.2591923999998
2014-07-23,23.47098,713.517792,1745.7714924000002
2014-07-24,24.358620000000002,740.502048,1811.7941556
2014-07-25,26.71149,812.029296,1986.8006262
2014-07-26,21.20235,644.55144,1577.030793
2014-07-27,22.250670000000003,676.420368,1655.0048346
2014-07-28,28.12485,854.9954399999999,2091.926343
2014-07-29,24.851580000000002,755.4880320000001,1848.4605204
2014-07-30,25.272000000000006,768.2688,1879.73136
2014-07-31,23.783759999999997,723.026304,1769.0360688
2014-08-01,25.340249999999997,770.3435999999999,1884.8077949999997
2014-08-02,20.542469999999998,624.491088,1527.9489185999998
2014-08-03,22.86648,695.1409920000001,1700.8087823999997
2014-08-04,23.45694,713.0909760000001,1744.7271971999999
2014-08-05,24.087960000000002,732.273984,1791.6624648
2014-08-06,21.31935,648.10824,1585.7332529999999
2014-08-07,22.04748,670.243392,1639.8915624
2014-08-08,22.2573,676.6219199999999,1655.4979739999999
2014-08-09,25.19166,765.826464,1873.7556707999997
2014-08-10,23.023650000000004,699.91896,1712.499087
2014-08-11,22.51626,684.4943039999999,1674.7594187999998
2014-08-12,22.51548,684.470592,1674.7014024000002
2014-08-13,21.90513,665.915952,1629.3035693999998
2014-08-14,23.20812,705.5268480000001,1726.2199656
2014-08-15,26.87178,816.9021120000001,1998.7229964
2014-08-16,23.3766,710.64864,1738.751508
2014-08-17,24.048569999999998,731.0765279999999,1788.7326365999998
2014-08-18,22.54434,685.347936,1676.8480092
2014-08-19,19.878690000000002,604.3121760000001,1478.5769622
2014-08-20,24.002940000000002,729.689376,1785.3386772000001
2014-08-21,22.72413,690.813552,1690.2207893999998
2014-08-22,19.18527,583.232208,1427.0003826
2014-08-23,18.52422,563.1362879999999,1377.8314836
2014-08-24,23.85942,725.326368,1774.6636596
2014-08-25,19.36662,588.7452480000001,1440.4891956
2014-08-26,20.08929,610.7144159999999,1494.2413901999998
2014-08-27,18.2013,553.31952,1353.812694
2014-08-28,18.36705,558.35832,1366.1411790000002
2014-08-29,26.03952,791.601408,1936.8194976000002
2014-08-30,29.96682,910.9913280000001,2228.9320716
2014-08-31,27.941550000000007,849.4231200000002,2078.292489
2014-09-01,25.44516,773.532864,1892.6110008
2014-09-02,15.637829999999997,475.39003199999996,1163.1417953999999
2014-09-03,21.19845,644.4328800000001,1576.7407110000001
2014-09-04,25.961910000000003,789.242064,1931.0468658
2014-09-05,24.743160000000003,752.192064,1840.3962408
2014-09-06,20.824050000000003,633.0511200000001,1548.8928389999999
2014-09-07,20.83614,633.418656,1549.7920932
2014-09-08,25.59102,777.967008,1903.4600676
2014-09-09,26.7891,814.38864,1992.573258
2014-09-10,19.285500000000003,586.2792000000001,1434.45549
2014-09-11,18.857670000000002,573.273168,1402.6334946
2014-09-12,19.375980000000002,589.029792,1441.1853924000002
2014-09-13,22.986210000000003,698.7807840000002,1709.7142998
2014-09-14,20.318610000000003,617.685744,1511.2982118
2014-09-15,20.19966,614.0696640000001,1502.4507108
2014-09-16,25.04814,761.463456,1863.0806532
2014-09-17,21.29322,647.3138880000001,1583.7897036000002
2014-09-18,16.67679,506.97441599999996,1240.4196402
2014-09-19,17.3589,527.71056,1291.1549819999998
2014-09-20,19.26951,585.793104,1433.2661538
2014-09-21,17.267250000000004,524.9244,1284.3380550000002
2014-09-22,20.14194,612.314976,1498.1574972
2014-09-23,25.37964,771.541056,1887.7376232
2014-09-24,24.02907,730.483728,1787.2822265999998
2014-09-25,20.52843,624.0642720000001,1526.9046234
2014-09-26,21.393060000000002,650.349024,1591.2158028000001
2014-09-27,24.27906,738.0834239999999,1805.8764828
2014-09-28,21.0639,640.34256,1566.732882
2014-09-29,25.467779999999998,774.220512,1894.2934763999997
2014-09-30,28.0059,851.37936,2083.078842
2014-10-01,22.58958,686.723232,1680.2129604000002
2014-10-02,21.70038,659.691552,1614.0742643999997
2014-10-03,22.71399,690.505296,1689.4665761999997
2014-10-04,21.47262,652.767648,1597.1334755999999
2014-10-05,20.27922,616.488288,1508.3683836
2014-10-06,20.59668,626.139072,1531.9810584
2014-10-07,17.47707,531.3029280000001,1299.9444666
2014-10-08,14.370330000000001,436.858032,1068.8651453999998
2014-10-09,10.649730000000002,323.751792,792.1269174
2014-10-10,13.68237,415.94404800000007,1017.6946806
2014-10-11,17.136210000000002,520.9407840000001,1274.5912998000001
2014-10-12,20.38335,619.6538400000001,1516.1135729999999
2014-10-13,17.6241,535.77264,1310.880558
2014-10-14,17.18223,522.3397920000001,1278.0142674
2014-10-15,18.63498,566.503392,1386.0698123999998
2014-10-16,20.18016,613.4768640000001,1501.0003008
2014-10-17,16.009500000000003,486.68880000000007,1190.78661
2014-10-18,13.346580000000001,405.736032,992.7186204
2014-10-19,15.877290000000002,482.6696160000001,1180.9528302
2014-10-20,15.17646,461.36438400000003,1128.8250948
2014-10-21,21.614189999999997,657.071376,1607.6634522
2014-10-22,19.249620000000004,585.1884480000001,1431.7867356
2014-10-23,23.1699,704.36496,1723.377162
2014-10-24,15.792269999999998,480.08500799999996,1174.6290426
2014-10-25,16.070339999999998,488.538336,1195.3118891999998
2014-10-26,11.37162,345.697248,845.8210955999999
2014-10-27,20.08929,610.7144159999999,1494.2413901999998
2014-10-28,19.59048,595.5505919999999,1457.1399024
2014-10-29,18.154500000000002,551.8968000000001,1350.3317100000002
2014-10-30,17.74656,539.4954240000001,1319.9891327999999
2014-10-31,17.81949,541.712496,1325.4136661999999
2014-11-01,19.121699999999997,581.29968,1422.2720459999998
2014-11-02,20.629440000000002,627.1349759999999,1534.4177472
2014-11-03,21.32208,648.191232,1585.9363104
2014-11-04,17.83158,542.080032,1326.3129204
2014-11-05,12.97569,394.460976,965.1318222000001
2014-11-06,15.741570000000001,478.54372800000004,1170.8579765999998
2014-11-07,17.19978,522.8733119999999,1279.3196363999998
2014-11-08,16.40067,498.580368,1219.8818346
2014-11-09,15.623790000000001,474.963216,1162.0975001999998
2014-11-10,13.78806,419.15702400000004,1025.5559028
2014-11-11,15.2763,464.39952000000005,1136.251194
2014-11-12,12.136020000000002,368.93500800000004,902.6771676
2014-11-13,16.1733,491.66832000000005,1202.970054
2014-11-14,16.835910000000002,511.81166400000006,1252.2549858000002
2014-11-15,19.351020000000002,588.271008,1439.3288676
2014-11-16,17.72862,538.950048,1318.6547555999998
2014-11-17,20.669610000000002,628.356144,1537.4055918
2014-11-18,17.489160000000002,531.670464,1300.8437207999998
2014-11-19,16.732950000000002,508.68168,1244.5968209999999
2014-11-20,17.61006,535.345824,1309.8362628
2014-11-21,18.945420000000002,575.940768,1409.1603396
2014-11-22,16.50909,501.87633600000004,1227.9461142
2014-11-23,19.80303,602.0121120000001,1472.9493714
2014-11-24,16.53522,502.6706879999999,1229.8896636
2014-11-25,15.720899999999999,477.91536,1169.3205419999997
2014-11-26,13.05798,396.96259200000003,971.2525523999999
2014-11-27,17.17482,522.1145280000001,1277.4631116
2014-11-28,20.02377,608.722608,1489.3680126
2014-11-29,19.81785,602.4626400000001,1474.051683
2014-11-30,15.96894,485.455776,1187.7697572
2014-12-01,20.138820000000003,612.220128,1497.9254316000001
2014-12-02,20.11386,611.461344,1496.0689068
2014-12-03,13.6383,414.60432,1014.4167539999999
2014-12-04,19.03551,578.679504,1415.8612337999998
2014-12-05,16.585140000000003,504.1882560000001,1233.6027132000002
2014-12-06,14.241240000000003,432.93369600000005,1059.2634312
2014-12-07,12.23352,371.89900800000004,909.9292176
2014-12-08,16.25091,494.027664,1208.7426858000001
2014-12-09,12.3279,374.76816,916.949202
2014-12-10,16.32384,496.244736,1214.1672192
2014-12-11,17.838210000000004,542.2815840000001,1326.8060598
2014-12-12,20.139990000000004,612.2556960000001,1498.0124562
2014-12-13,9.56514,290.780256,711.4551131999999
2014-12-14,16.86867,512.8075680000001,1254.6916746
2014-12-15,16.446299999999997,499.96752,1223.275794
2014-12-16,20.1474,612.4809600000001,1498.5636120000001
2014-12-17,17.861610000000002,542.9929440000001,1328.5465517999999
2014-12-18,19.99101,607.726704,1486.9313238
2014-12-19,20.577959999999997,625.569984,1530.5886647999998
2014-12-20,19.11507,581.0981280000001,1421.7789066
2014-12-21,17.851470000000003,542.684688,1327.7923386
2014-12-22,23.25765,707.03256,1729.9040069999999
2014-12-23,24.92958,757.859232,1854.2621604
2014-12-24,21.10407,641.5637280000001,1569.7207265999998
2014-12-25,20.892300000000002,635.1259200000001,1553.969274
2014-12-26,25.60896,778.512384,1904.7944448
2014-12-27,20.55066,624.7400640000001,1528.5580908
2014-12-28,20.819370000000003,632.908848,1548.5447406
2014-12-29,22.338420000000003,679.087968,1661.5316796
2014-12-30,21.883680000000002,665.2638720000001,1627.7081184
2014-12-31,23.012340000000002,699.575136,1711.6578491999999
2015-01-01,22.909380000000002,696.4451520000001,1703.9996844
2015-01-02,24.44091,743.0036640000001,1817.9148857999999
2015-01-03,26.26143,798.347472,1953.3251633999998
2015-01-04,24.89838,756.910752,1851.9415043999998
2015-01-05,24.00177,729.653808,1785.2516526
2015-01-06,26.25675,798.2052000000001,1952.977065
2015-01-07,26.133899999999997,794.47056,1943.8394819999999
2015-01-08,19.820580000000003,602.5456320000001,1474.2547404
2015-01-09,21.7893,662.39472,1620.688134
2015-01-10,22.525620000000004,684.778848,1675.4556156
2015-01-11,22.97685,698.49624,1709.0181029999999
2015-01-12,20.60136,626.281344,1532.3291568
2015-01-13,14.380859999999998,437.178144,1069.6483667999998
2015-01-14,14.56143,442.667472,1083.0791634
2015-01-15,17.070690000000003,518.948976,1269.7179222
2015-01-16,16.22751,493.31630399999995,1207.0021938
2015-01-17,15.097680000000002,458.96947200000005,1122.9654383999998
2015-01-18,17.613570000000003,535.452528,1310.0973366
2015-01-19,18.58896,565.104384,1382.6468447999998
2015-01-20,20.72577,630.063408,1541.5827726
2015-01-21,15.199860000000003,462.07574400000004,1130.5655868000001
2015-01-22,15.268889999999999,464.174256,1135.7000381999999
2015-01-23,16.52781,502.445424,1229.3385078
2015-01-24,18.75666,570.2024640000001,1395.1203708
2015-01-25,17.44977,530.473008,1297.9138926
2015-01-26,20.24295,615.38568,1505.670621
2015-01-27,13.442910000000001,408.664464,999.8836457999998
2015-01-28,14.10084,428.665536,1048.8204792000001
2015-01-29,21.01593,638.884272,1563.1648733999998
2015-01-30,17.32614,526.714656,1288.7182931999998
2015-01-31,15.953340000000003,484.981536,1186.6094292
2015-02-01,19.781579999999998,601.3600319999999,1471.3539203999999
2015-02-02,20.849400000000003,633.82176,1550.778372
2015-02-03,19.0671,579.63984,1418.210898
2015-02-04,22.08024,671.2392960000001,1642.3282512
2015-02-05,13.43082,408.296928,998.9843916
2015-02-06,11.103690000000002,337.55217600000003,825.8924622
2015-02-07,13.226460000000001,402.084384,983.7840947999999
2015-02-08,10.87905,330.72312,809.183739
2015-02-09,14.35083,436.265232,1067.4147354
2015-02-10,14.468610000000002,439.845744,1076.1752118
2015-02-11,14.675699999999999,446.14128,1091.578566
2015-02-12,18.07221,549.395184,1344.2109798
2015-02-13,16.55862,503.382048,1231.6301555999999
2015-02-14,18.40098,559.389792,1368.6648924
2015-02-15,17.91582,544.640928,1332.5786916
2015-02-16,22.40589,681.139056,1666.5500981999999
2015-02-17,22.464,682.9056,1670.87232
2015-02-18,19.439940000000004,590.974176,1445.9427372000002
2015-02-19,17.74929,539.5784160000001,1320.1921902
2015-02-20,21.18831,644.124624,1575.9864978
2015-02-21,25.608180000000004,778.4886720000001,1904.7364284
2015-02-22,25.980629999999998,789.811152,1932.4392593999996
2015-02-23,21.679710000000004,659.0631840000001,1612.5368298
2015-02-24,19.07958,580.019232,1419.1391604
2015-02-25,20.071740000000002,610.1808960000001,1492.9360212000001
2015-02-26,17.11749,520.371696,1273.1989062
2015-02-27,19.820580000000003,602.5456320000001,1474.2547404
2015-02-28,17.839380000000002,542.3171520000001,1326.8930844000001
2015-03-01,20.80455,632.4583200000001,1547.4424290000002
2015-03-02,19.548360000000002,594.2701440000001,1454.0070168000002
2015-03-03,21.157500000000002,643.188,1573.6948499999999
2015-03-04,21.07599,640.710096,1567.6321361999999
2015-03-05,18.17634,552.5607359999999,1351.9561691999997
2015-03-06,13.59813,413.383152,1011.4289094
2015-03-07,16.15458,491.099232,1201.5776604
2015-03-08,24.32274,739.411296,1809.1254012000002
2015-03-09,26.409240000000004,802.840896,1964.3192712000002
2015-03-10,25.29618,769.0038720000001,1881.5298684
2015-03-11,24.78528,753.472512,1843.5291263999998
2015-03-12,20.12322,611.745888,1496.7651036
2015-03-13,15.736110000000002,478.3777440000001,1170.4518618000002
2015-03-14,12.488970000000002,379.66468800000007,928.9295886
2015-03-15,14.14842,430.11196800000005,1052.3594796
2015-03-16,15.09378,458.850912,1122.6753564
2015-03-17,16.24233,493.766832,1208.1045053999999
2015-03-18,12.150060000000002,369.36182400000007,903.7214628
2015-03-19,9.17553,278.93611200000004,682.4759214
2015-03-20,15.23145,463.03607999999997,1132.915251
2015-03-21,14.161680000000002,430.51507200000003,1053.3457584
2015-03-22,17.830019999999998,542.032608,1326.1968875999999
2015-03-23,21.645,658.008,1609.9550999999997
2015-03-24,20.28039,616.523856,1508.4554082
2015-03-25,18.788249999999998,571.1628000000001,1397.4700349999998
2015-03-26,20.533890000000003,624.230256,1527.3107382
2015-03-27,18.01254,547.581216,1339.7727251999997
2015-03-28,14.28726,434.33270400000004,1062.6863988
2015-03-29,12.87936,391.53254400000003,957.9667968
2015-03-30,18.70869,568.744176,1391.5523622
2015-03-31,16.94628,515.166912,1260.4643064
2015-04-01,18.8331,572.5262399999999,1400.8059779999999
2015-04-02,19.64001,597.056304,1460.8239437999998
2015-04-03,9.3873,285.37392000000006,698.2273739999999
2015-04-04,15.13512,460.107648,1125.7502255999998
2015-04-05,15.383160000000002,467.64806400000003,1144.1994407999998
2015-04-06,17.535960000000003,533.0931840000001,1304.3247048
2015-04-07,17.39088,528.682752,1293.5336544
2015-04-08,16.56174,503.476896,1231.8622212
2015-04-09,20.775299999999998,631.56912,1545.2668139999998
2015-04-10,21.28464,647.0530560000001,1583.1515232000002
2015-04-11,12.64263,384.33595199999996,940.3588193999999
2015-04-12,25.70724,781.500096,1912.1045111999997
2015-04-13,16.00287,486.487248,1190.2934705999999
2015-04-14,15.77706,479.62262400000003,1173.4977228
2015-04-15,17.83548,542.198592,1326.6030024
2015-04-16,18.18375,552.786,1352.507325
2015-04-17,14.956500000000002,454.6776,1112.4644700000001
2015-04-18,21.588839999999998,656.3007359999999,1605.7779191999998
2015-04-19,14.41167,438.114768,1071.9400146
2015-04-20,21.590790000000002,656.3600160000001,1605.9229602
2015-04-21,18.5055,562.5672000000001,1376.4390899999999
2015-04-22,24.14217,733.921968,1795.6946045999998
2015-04-23,24.75447,752.535888,1841.2374785999998
2015-04-24,23.115299999999998,702.70512,1719.316014
2015-04-25,14.48265,440.27256,1077.219507
2015-04-26,25.006020000000003,760.1830080000001,1859.9477676000001
2015-04-27,28.25043,858.813072,2101.2669834
2015-04-28,22.350900000000003,679.46736,1662.4599419999997
2015-04-29,22.328280000000003,678.779712,1660.7774664
2015-04-30,17.08005,519.23352,1270.414119
2015-05-01,18.89238,574.328352,1405.2152244
2015-05-02,22.7487,691.56048,1692.0483060000001
2015-05-03,20.315099999999997,617.57904,1511.037138
2015-05-04,19.1139,581.06256,1421.6918819999999
2015-05-05,24.08523,732.190992,1791.4594074
2015-05-06,19.21413,584.1095520000001,1429.1469894000002
2015-05-07,26.42874,803.433696,1965.7696812000002
2015-05-08,24.000989999999998,729.630096,1785.1936362
2015-05-09,22.51158,684.352032,1674.4113203999998
2015-05-10,23.58798,717.0745919999999,1754.4739524
2015-05-11,20.19498,613.927392,1502.1026124
2015-05-12,26.28756,799.141824,1955.2687128
2015-05-13,20.80923,632.600592,1547.7905274
2015-05-14,21.848969999999998,664.2086879999999,1625.1263885999997
2015-05-15,20.084609999999998,610.572144,1493.8932918
2015-05-16,22.042800000000003,670.10112,1639.5434639999999
2015-05-17,16.77039,509.81985599999996,1247.3816081999998
2015-05-18,20.16144,612.907776,1499.6079072
2015-05-19,18.45402,561.002208,1372.6100075999998
2015-05-20,21.65358,658.268832,1610.5932804
2015-05-21,19.11234,581.015136,1421.5758491999998
2015-05-22,21.013980000000004,638.8249920000001,1563.0198324
2015-05-23,25.403820000000003,772.276128,1889.5361315999999
2015-05-24,24.70845,751.13688,1837.8145109999998
2015-05-25,16.93887,514.941648,1259.9131505999999
2015-05-26,22.806420000000003,693.3151680000001,1696.3415196
2015-05-27,16.593329999999998,504.437232,1234.2118853999998
2015-05-28,14.903070000000001,453.05332799999996,1108.4903465999998
2015-05-29,18.525389999999998,563.1718559999999,1377.9185082
2015-05-30,18.91929,575.1464159999999,1407.2167901999999
2015-05-31,24.756420000000002,752.5951680000001,1841.3825196
2015-06-01,19.69812,598.822848,1465.1461656
2015-06-02,23.50569,714.572976,1748.3532222000001
2015-06-03,22.33686,679.0405440000001,1661.4156467999999
2015-06-04,19.265610000000002,585.674544,1432.9760717999998
2015-06-05,16.3995,498.5448,1219.79481
2015-06-06,23.38401,710.873904,1739.3026638
2015-06-07,18.97077,576.711408,1411.0458726
2015-06-08,17.51646,532.5003839999999,1302.8742948
2015-06-09,17.323410000000003,526.631664,1288.5152358
2015-06-10,18.47391,561.6068640000001,1374.0894258
2015-06-11,22.06152,670.670208,1640.9358576
2015-06-12,24.85548,755.6065920000001,1848.7506023999997
2015-06-13,18.84558,572.9056320000001,1401.7342404
2015-06-14,20.92038,635.9795520000001,1556.0578644
2015-06-15,21.43986,651.771744,1594.6967868
2015-06-16,26.043420000000005,791.7199680000001,1937.1095796000002
2015-06-17,18.96804,576.628416,1410.8428152
2015-06-18,22.213230000000003,675.2821920000001,1652.2200474
2015-06-19,26.45331,804.1806240000001,1967.5971978
2015-06-20,20.81859,632.885136,1548.4867241999998
2015-06-21,20.83341,633.3356640000001,1549.5890358
2015-06-22,21.21366,644.895264,1577.8720308
2015-06-23,25.48455,774.73032,1895.540829
2015-06-24,27.43962,834.1644480000001,2040.9589356000001
2015-06-25,25.66434,780.195936,1908.9136091999997
2015-06-26,24.666330000000002,749.8564319999999,1834.6816254
2015-06-27,21.87627,665.0386080000001,1627.1569626
2015-06-28,22.61571,687.5175839999999,1682.1565097999999
2015-06-29,19.00821,577.849584,1413.8306598
2015-06-30,23.56575,716.3988,1752.8204850000002
2015-07-01,25.885080000000002,786.906432,1925.3322504
2015-07-02,24.90618,757.1478719999999,1852.5216684
2015-07-03,24.000989999999998,729.630096,1785.1936362
2015-07-04,20.53779,624.3488159999999,1527.6008202
2015-07-05,18.556980000000003,564.1321920000001,1380.2681724
2015-07-06,17.592119999999998,534.800448,1308.5018856
2015-07-07,15.1593,460.84272,1127.548734
2015-07-08,24.30051,738.7355040000001,1807.4719338
2015-07-09,22.90314,696.2554560000001,1703.5355532
2015-07-10,21.92034,666.378336,1630.4348891999998
2015-07-11,20.92428,636.098112,1556.3479464
2015-07-12,21.33066,648.4520640000001,1586.5744908000001
2015-07-13,21.79086,662.442144,1620.8041667999996
2015-07-14,20.25504,615.753216,1506.5698752
2015-07-15,16.130010000000002,490.35230400000006,1199.7501438
2015-07-16,21.96402,667.7062080000001,1633.6838076
2015-07-17,23.313029999999998,708.716112,1734.0231714
2015-07-18,17.62761,535.879344,1311.1416318
2015-07-19,20.25114,615.634656,1506.2797931999999
2015-07-20,18.25122,554.837088,1357.5257436
2015-07-21,20.99838,638.350752,1561.8595043999999
2015-07-22,22.21674,675.388896,1652.4811212000002
2015-07-23,18.8409,572.76336,1401.386142
2015-07-24,26.606579999999997,808.840032,1978.9974203999996
2015-07-25,27.466140000000003,834.9706560000001,2042.9314931999997
2015-07-26,22.994790000000002,699.041616,1710.3524801999997
2015-07-27,22.85907,694.9157280000001,1700.2576266
2015-07-28,24.6675,749.892,1834.76865
2015-07-29,24.09732,732.558528,1792.3586616
2015-07-30,18.72546,569.2539840000001,1392.7997148000002
2015-07-31,22.82241,693.801264,1697.5308558
2015-08-01,24.581310000000002,747.271824,1828.3578378000002
2015-08-02,21.175050000000002,643.72152,1575.000219
2015-08-03,26.187329999999996,796.094832,1947.8136053999997
2015-08-04,25.46856,774.244224,1894.3514928000002
2015-08-05,26.740740000000002,812.918496,1988.9762412
2015-08-06,24.86952,756.033408,1849.7948976
2015-08-07,19.94811,606.422544,1483.7404217999997
2015-08-08,15.788370000000002,479.96644800000007,1174.3389606
2015-08-09,13.77051,418.62350399999997,1024.2505337999999
2015-08-10,18.98286,577.078944,1411.9451267999998
2015-08-11,24.346140000000002,740.1226560000001,1810.8658932000003
2015-08-12,20.62671,627.051984,1534.2146897999999
2015-08-13,19.80771,602.154384,1473.2974698
2015-08-14,17.41506,529.417824,1295.3321627999999
2015-08-15,20.82132,632.9681280000001,1548.6897815999998
2015-08-16,18.272669999999998,555.489168,1359.1211945999999
2015-08-17,23.67066,719.588064,1760.6236908
2015-08-18,25.10742,763.265568,1867.4898996
2015-08-19,25.932660000000002,788.3528640000001,1928.8712507999999
2015-08-20,25.89171,787.107984,1925.8253897999998
2015-08-21,22.96281,698.069424,1707.9738077999998
2015-08-22,20.05185,609.57624,1491.4566029999999
2015-08-23,21.42777,651.404208,1593.7975326
2015-08-24,20.45082,621.7049280000001,1521.1319916
2015-08-25,21.065459999999998,640.389984,1566.8489147999999
2015-08-26,21.35406,649.163424,1588.3149827999998
2015-08-27,21.25734,646.223136,1581.1209492
2015-08-28,25.72128,781.926912,1913.1488064
2015-08-29,28.333499999999997,861.3384,2107.44573
2015-08-30,21.20976,644.776704,1577.5819488
2015-08-31,24.87615,756.23496,1850.2880369999998
2015-09-01,21.92112,666.402048,1630.4929056
2015-09-02,23.69874,720.441696,1762.7122811999998
2015-09-03,24.11136,732.985344,1793.4029567999999
2015-09-04,25.10352,763.147008,1867.1998176
2015-09-05,22.576320000000003,686.3201280000001,1679.2266816
2015-09-06,18.481320000000004,561.8321280000001,1374.6405816
2015-09-07,19.86192,603.8023680000001,1477.3296096000001
2015-09-08,22.34427,679.265808,1661.9668026000002
2015-09-09,21.778769999999998,662.074608,1619.9049125999998
2015-09-10,17.581980000000005,534.4921920000002,1307.7476724
2015-09-11,14.58483,443.378832,1084.8196553999999
2015-09-12,27.990299999999998,850.90512,2081.918514
2015-09-13,28.68918,872.151072,2133.9012084
2015-09-14,23.287679999999998,707.945472,1732.1376383999998
2015-09-15,23.671440000000004,719.6117760000001,1760.6817072000001
2015-09-16,25.16631,765.055824,1871.8701378
2015-09-17,22.12782,672.685728,1645.8672516
2015-09-18,16.139370000000003,490.63684800000004,1200.4463406
2015-09-19,23.13792,703.392768,1720.9984896
2015-09-20,16.424850000000003,499.31544,1221.680343
2015-09-21,23.757630000000002,722.231952,1767.0925194
2015-09-22,23.69757,720.406128,1762.6252565999998
2015-09-23,21.56622,655.613088,1604.0954436
2015-09-24,25.89522,787.214688,1926.0864636
2015-09-25,25.243920000000003,767.4151680000001,1877.6427696
2015-09-26,26.133119999999998,794.446848,1943.7814656
2015-09-27,25.71738,781.808352,1912.8587244
2015-09-28,27.662700000000005,840.94608,2057.551626
2015-09-29,22.538880000000002,685.181952,1676.4418944
2015-09-30,18.76875,570.57,1396.019625
2015-10-01,12.582570000000002,382.510128,935.8915566
2015-10-02,20.076420000000002,610.323168,1493.2841196
2015-10-03,15.719339999999999,477.86793600000004,1169.2045091999998
2015-10-04,21.47652,652.886208,1597.4235576
2015-10-05,25.4787,774.5524800000001,1895.105706
2015-10-06,22.96281,698.069424,1707.9738077999998
2015-10-07,23.21007,705.586128,1726.3650066
2015-10-08,20.72109,629.921136,1541.2346742000002
2015-10-09,15.48222,470.65948800000007,1151.5675236
2015-10-10,20.66766,628.296864,1537.2605508000001
2015-10-11,14.2779,434.04816,1061.990202
2015-10-12,16.69278,507.46051199999994,1241.6089763999998
2015-10-13,15.8925,483.132,1182.0841500000001
2015-10-14,17.36007,527.746128,1291.2420066
2015-10-15,16.67406,506.89142400000003,1240.2165828
2015-10-16,18.787470000000003,571.139088,1397.4120186
2015-10-17,22.74948,691.584192,1692.1063224
2015-10-18,19.8471,603.35184,1476.2272980000002
2015-10-19,23.597340000000003,717.359136,1755.1701492
2015-10-20,23.13051,703.167504,1720.4473338
2015-10-21,20.79519,632.173776,1546.7462322
2015-10-22,22.396530000000002,680.854512,1665.8539014
2015-10-23,16.961100000000002,515.61744,1261.566618
2015-10-24,9.36468,284.686272,696.5448983999999
2015-10-25,15.871830000000001,482.50363200000004,1180.5467154
2015-10-26,11.443380000000001,347.878752,851.1586044000001
2015-10-27,12.97101,394.31870399999997,964.7837238
2015-10-28,20.347859999999997,618.574944,1513.4738267999999
2015-10-29,18.35418,557.967072,1365.1839084
2015-10-30,20.36073,618.966192,1514.4310974
2015-10-31,19.390020000000003,589.4566080000001,1442.2296875999998
2015-11-01,17.550780000000003,533.5437120000001,1305.4270164
2015-11-02,14.38359,437.26113599999996,1069.8514242
2015-11-03,17.586660000000002,534.6344640000001,1308.0957708
2015-11-04,16.342560000000002,496.81382400000007,1215.5596128
2015-11-05,14.28609,434.297136,1062.5993741999998
2015-11-06,17.2185,523.4424,1280.71203
2015-11-07,15.997020000000001,486.309408,1189.8583476
2015-11-08,19.47816,592.1360639999999,1448.7855407999998
2015-11-09,16.064490000000003,488.360496,1194.8767662
2015-11-10,24.023220000000002,730.305888,1786.8471036
2015-11-11,20.76243,631.177872,1544.3095434
2015-11-12,20.02767,608.841168,1489.6580946
2015-11-13,21.148919999999997,642.9271679999999,1573.0566695999999
2015-11-14,20.13531,612.1134239999999,1497.6643577999998
2015-11-15,13.174980000000001,400.51939200000004,979.9550124
2015-11-16,13.620750000000003,414.0708,1013.111385
2015-11-17,12.93942,393.35836800000004,962.4340596
2015-11-18,11.55414,351.245856,859.3969332000001
2015-11-19,14.15895,430.43208000000004,1053.142701
2015-11-20,18.480539999999998,561.808416,1374.5825651999999
2015-11-21,17.78322,540.6098880000001,1322.7159036
2015-11-22,19.00821,577.849584,1413.8306598
2015-11-23,17.335500000000003,526.9992000000001,1289.41449
2015-11-24,17.138160000000003,521.0000640000001,1274.7363408
2015-11-25,20.66415,628.19016,1536.9994769999998
2015-11-26,20.996430000000004,638.291472,1561.7144634
2015-11-27,15.783690000000002,479.8241760000001,1173.9908622
2015-11-28,12.825149999999999,389.88456,953.934657
2015-11-29,18.52344,563.112576,1377.7734672
2015-11-30,20.98122,637.8290880000001,1560.5831436
2015-12-01,15.41319,468.56097600000004,1146.4330722000002
2015-12-02,19.65522,597.518688,1461.9552635999999
2015-12-03,19.71294,599.273376,1466.2484771999998
2015-12-04,17.23176,523.845504,1281.6983088
2015-12-05,20.72577,630.063408,1541.5827726
2015-12-06,20.4009,620.18736,1517.418942
2015-12-07,18.053490000000004,548.826096,1342.8185862
2015-12-08,17.29728,525.837312,1286.5716863999999
2015-12-09,18.5562,564.10848,1380.210156
2015-12-10,21.082620000000002,640.911648,1568.1252756
2015-12-11,20.30925,617.4012,1510.6020149999997
2015-12-12,24.70962,751.172448,1837.9015355999998
2015-12-13,16.29576,495.39110400000004,1212.0786288
2015-12-14,14.266590000000003,433.704336,1061.1489642000001
2015-12-15,17.84211,542.4001440000001,1327.0961418000002
2015-12-16,20.09046,610.749984,1494.3284147999998
2015-12-17,17.470439999999996,531.101376,1299.4513272
2015-12-18,16.4073,498.78191999999996,1220.3749739999998
2015-12-19,18.59637,565.329648,1383.1980006
2015-12-20,22.91523,696.6229920000001,1704.4348074
2015-12-21,21.98742,668.4175680000001,1635.4242996
2015-12-22,18.83154,572.4788159999999,1400.6899452
2015-12-23,23.28378,707.8269120000001,1731.8475564
2015-12-24,24.0513,731.15952,1788.9356939999998
2015-12-25,25.472459999999998,774.362784,1894.6415748
2015-12-26,24.27438,737.941152,1805.5283843999998
2015-12-27,22.0935,671.6424000000001,1643.3145299999999
2015-12-28,17.858880000000003,542.9099520000001,1328.3434944
2015-12-29,25.023960000000002,760.7283840000001,1861.2821448000002
2015-12-30,23.05563,700.891152,1714.8777593999998
2015-12-31,22.924590000000002,696.9075359999999,1705.1310041999998
2016-01-01,18.41853,559.923312,1369.9702613999998
2016-01-02,12.69021,385.782384,943.8978198
2016-01-03,19.45281,591.365424,1446.9000078
2016-01-04,13.81536,419.986944,1027.5864768000001
2016-01-05,16.43889,499.74225599999994,1222.7246381999998
2016-01-06,17.9712,546.32448,1336.697856
2016-01-07,20.971080000000004,637.520832,1559.8289304
2016-01-08,20.16066,612.8840640000001,1499.5498908000002
2016-01-09,21.04596,639.797184,1565.3985048
2016-01-10,21.20586,644.6581440000001,1577.2918668
2016-01-11,10.20786,310.318944,759.2606268
2016-01-12,20.36346,619.049184,1514.6341548
2016-01-13,19.28901,586.385904,1434.7165638
2016-01-14,19.67745,598.19448,1463.6087309999998
2016-01-15,25.339470000000002,770.319888,1884.7497786000001
2016-01-16,23.20422,705.408288,1725.9298835999998
2016-01-17,25.69047,780.990288,1910.8571585999998
2016-01-18,23.56653,716.4225120000001,1752.8785013999998
2016-01-19,22.160580000000003,673.681632,1648.3039404
2016-01-20,23.41209,711.727536,1741.3912542
2016-01-21,20.21292,614.4727680000001,1503.4369896
2016-01-22,18.883799999999997,574.06752,1404.577044
2016-01-23,18.08079,549.656016,1344.8491602
2016-01-24,13.572,412.58880000000005,1009.48536
2016-01-25,20.604090000000003,626.364336,1532.5322142
2016-01-26,20.88606,634.936224,1553.5051428000002
2016-01-27,22.83645,694.2280800000001,1698.575151
2016-01-28,19.508190000000003,593.048976,1451.0191722
2016-01-29,17.489160000000002,531.670464,1300.8437207999998
2016-01-30,22.33686,679.0405440000001,1661.4156467999999
2016-01-31,21.34938,649.021152,1587.9668844
2016-02-01,19.52301,593.499504,1452.1214837999999
2016-02-02,19.37247,588.923088,1440.9243185999999
2016-02-03,18.883020000000002,574.043808,1404.5190276
2016-02-04,20.08734,610.6551360000001,1494.0963492
2016-02-05,15.208050000000002,462.32472000000007,1131.174759
2016-02-06,23.11374,702.657696,1719.1999812
2016-02-07,17.422859999999996,529.6549439999999,1295.9123267999998
2016-02-08,16.286400000000004,495.10656000000006,1211.382432
2016-02-09,19.80966,602.213664,1473.4425107999998
2016-02-10,20.20434,614.211936,1502.7988091999998
2016-02-11,15.65928,476.0421120000001,1164.7372464
2016-02-12,18.347550000000002,557.76552,1364.690769
2016-02-13,16.684199999999997,507.19968,1240.9707959999998
2016-02-14,17.976660000000003,546.490464,1337.1039707999998
2016-02-15,20.940269999999998,636.584208,1557.5372825999998
2016-02-16,24.123450000000002,733.35288,1794.302211
2016-02-17,20.164170000000002,612.9907680000001,1499.8109646
2016-02-18,23.66598,719.445792,1760.2755923999998
2016-02-19,18.986760000000004,577.197504,1412.2352088
2016-02-20,16.56915,503.70216,1232.4133769999999
2016-02-21,7.68534,233.63433600000002,571.6355892
2016-02-22,15.10782,459.27772799999997,1123.7196516000001
2016-02-23,20.38608,619.736832,1516.3166304
2016-02-24,18.10419,550.367376,1346.5896522
2016-02-25,16.58397,504.152688,1233.5156886
2016-02-26,18.77811,570.854544,1396.7158217999997
2016-02-27,22.15785,673.59864,1648.100883
2016-02-28,18.005910000000004,547.379664,1339.2795858000002
2016-02-29,17.21304,523.2764159999999,1280.3059151999998
2016-03-01,19.67277,598.0522080000001,1463.2606325999998
2016-03-02,19.9797,607.38288,1486.0900860000002
2016-03-03,19.54758,594.246432,1453.9490004
2016-03-04,16.073069999999998,488.621328,1195.5149465999998
2016-03-05,19.6521,597.42384,1461.723198
2016-03-06,13.153530000000002,399.867312,978.3595614
2016-03-07,16.329300000000003,496.4107200000001,1214.573334
2016-03-08,19.48557,592.361328,1449.3366965999999
2016-03-09,20.802599999999998,632.3990399999999,1547.297388
2016-03-10,17.894370000000002,543.9888480000001,1330.9832406
2016-03-11,22.470630000000003,683.107152,1671.3654594
2016-03-12,20.867340000000002,634.3671360000001,1552.1127491999998
2016-03-13,15.75561,478.970544,1171.9022718
2016-03-14,11.06079,336.248016,822.7015602
2016-03-15,17.07342,519.031968,1269.9209796
2016-03-16,17.21226,523.252704,1280.2478988
2016-03-17,12.966330000000001,394.17643200000003,964.4356253999999
2016-03-18,21.715980000000002,660.165792,1615.2345924
2016-03-19,19.385340000000003,589.314336,1441.8815892
2016-03-20,18.769530000000003,570.5937120000001,1396.0776414
2016-03-21,18.65721,567.179184,1387.7232798
2016-03-22,18.00864,547.462656,1339.4826432000002
2016-03-23,24.46626,743.774304,1819.8004187999998
2016-03-24,22.690590000000004,689.793936,1687.7260842
2016-03-25,23.66871,719.528784,1760.4786498
2016-03-26,21.80802,662.9638080000001,1622.0805276
2016-03-27,17.62215,535.7133600000001,1310.735517
2016-03-28,16.29576,495.39110400000004,1212.0786288
2016-03-29,19.698900000000002,598.8465600000001,1465.204182
2016-03-30,12.20271,370.962384,907.6375697999999
2016-03-31,16.91157,514.111728,1257.8825765999998
2016-04-01,18.027359999999998,548.031744,1340.8750367999999
2016-04-02,11.822460000000001,359.40278400000005,879.3545747999999
2016-04-03,13.83408,420.556032,1028.9788704
2016-04-04,21.54945,655.10328,1602.848091
2016-04-05,17.957939999999997,545.921376,1335.7115772
2016-04-06,16.716960000000004,508.19558400000005,1243.4074848000002
2016-04-07,14.73459,447.93153600000005,1095.9588041999998
2016-04-08,19.45203,591.341712,1446.8419914
2016-04-09,12.15123,369.39739199999997,903.8084873999999
2016-04-10,15.24822,463.54588800000005,1134.1626036
2016-04-11,16.70487,507.828048,1242.5082306
2016-04-12,6.94434,211.10793600000002,516.5200092
2016-04-13,14.65854,445.619616,1090.3022052
2016-04-14,19.04214,578.8810560000001,1416.3543732
2016-04-15,24.242400000000004,736.96896,1803.149712
2016-04-16,13.77129,418.64721600000007,1024.3085502
2016-04-17,19.439940000000004,590.974176,1445.9427372000002
2016-04-18,23.619960000000003,718.046784,1756.8526248
2016-04-19,18.66189,567.321456,1388.0713781999998
2016-04-20,20.92701,636.181104,1556.5510038
2016-04-21,25.57152,777.3742080000001,1902.0096576
2016-04-22,19.70202,598.941408,1465.4362476000001
2016-04-23,17.91114,544.498656,1332.2305932
2016-04-24,15.720899999999999,477.91536,1169.3205419999997
2016-04-25,21.48393,653.111472,1597.9747134
2016-04-26,15.70218,477.346272,1167.9281484
2016-04-27,15.99351,486.20270400000004,1189.5972738
2016-04-28,13.446420000000002,408.77116800000005,1000.1447195999999
2016-04-29,18.95595,576.26088,1409.943561
2016-04-30,16.365180000000002,497.50147200000004,1217.2420884
2016-05-01,16.182660000000002,491.95286400000003,1203.6662508
2016-05-02,11.101740000000001,337.49289600000003,825.7474212
2016-05-03,17.84874,542.601696,1327.5892812
2016-05-04,14.947140000000001,454.393056,1111.7682731999998
2016-05-05,22.54161,685.2649439999999,1676.6449518
2016-05-06,10.086179999999999,306.619872,750.2100684
2016-05-07,19.22817,584.5363679999999,1430.1912846
2016-05-08,15.46194,470.042976,1150.0590972
2016-05-09,17.41428,529.3941120000001,1295.2741464
2016-05-10,9.29643,282.61147200000005,691.4684634
2016-05-11,21.13293,642.4410720000001,1571.8673334
2016-05-12,23.47488,713.636352,1746.0615743999997
2016-05-13,21.74406,661.0194240000001,1617.3231827999998
2016-05-14,16.95759,515.510736,1261.3055441999998
2016-05-15,25.988820000000004,790.0601280000001,1933.0484316
2016-05-16,24.19638,735.5699520000001,1799.7267444
2016-05-17,24.886290000000002,756.543216,1851.0422502
2016-05-18,19.25625,585.39,1432.279875
2016-05-19,21.705840000000002,659.857536,1614.4803791999998
2016-05-20,22.073610000000002,671.0377440000001,1641.8351118000003
2016-05-21,26.430690000000002,803.4929760000001,1965.9147222
2016-05-22,21.37083,649.673232,1589.5623354
2016-05-23,25.059450000000005,761.8072800000001,1863.9218910000002
2016-05-24,19.120530000000002,581.2641120000001,1422.1850214
2016-05-25,20.354100000000003,618.76464,1513.937958
2016-05-26,16.68615,507.25896,1241.115837
2016-05-27,17.947020000000002,545.589408,1334.8993476
2016-05-28,14.41362,438.174048,1072.0850556
2016-05-29,12.2655,372.87120000000004,912.3078899999999
2016-05-30,20.67078,628.391712,1537.4926164
2016-05-31,16.44474,499.920096,1223.1597611999998
2016-06-01,17.976660000000003,546.490464,1337.1039707999998
2016-06-02,20.962500000000002,637.26,1559.19075
2016-06-03,17.214990000000004,523.3356960000001,1280.4509562
2016-06-04,23.73501,721.544304,1765.4100437999998
2016-06-05,26.110500000000002,793.7592000000001,1942.09899
2016-06-06,17.331989999999998,526.892496,1289.1534161999998
2016-06-07,15.47208,470.35123200000004,1150.8133104
2016-06-08,24.252540000000003,737.2772160000001,1803.9039252000002
2016-06-09,20.664930000000002,628.213872,1537.0574934
2016-06-10,19.611150000000002,596.17896,1458.677337
2016-06-11,23.912070000000003,726.9269280000001,1778.5797666
2016-06-12,25.82229,784.997616,1920.6619302
2016-06-13,22.21869,675.448176,1652.6261621999997
2016-06-14,16.05318,488.016672,1194.0355284
2016-06-15,20.698860000000003,629.245344,1539.5812068
2016-06-16,25.37418,771.3750719999999,1887.3315083999998
2016-06-17,24.40074,741.782496,1814.9270411999998
2016-06-18,22.55019,685.525776,1677.2831321999997
2016-06-19,19.94811,606.422544,1483.7404217999997
2016-06-20,14.367600000000001,436.77504000000005,1068.662088
2016-06-21,23.85201,725.1011040000001,1774.1125038
2016-06-22,26.21931,797.0670240000001,1950.1922778
2016-06-23,23.082539999999998,701.709216,1716.8793251999998
2016-06-24,19.009380000000004,577.8851520000001,1413.9176844
2016-06-25,21.360300000000002,649.35312,1588.779114
2016-06-26,22.43787,682.111248,1668.9287706
2016-06-27,26.729430000000004,812.5746720000001,1988.1350034
2016-06-28,24.64956,749.3466240000001,1833.4342728
2016-06-29,21.23784,645.6303359999999,1579.6705392
2016-06-30,20.90634,635.552736,1555.0135692
2016-07-01,19.45554,591.4484160000001,1447.1030652
2016-07-02,19.85919,603.7193760000001,1477.1265522
2016-07-03,18.96999,576.687696,1410.9878562
2016-07-04,22.302149999999997,677.98536,1658.833917
2016-07-05,17.72589,538.867056,1318.4516981999998
2016-07-06,20.16612,613.050048,1499.9560055999998
2016-07-07,24.997829999999997,759.934032,1859.3385954
2016-07-08,24.64878,749.322912,1833.3762564
2016-07-09,27.76566,844.076064,2065.2097908
2016-07-10,22.52757,684.8381280000001,1675.6006566
2016-07-11,21.74055,660.91272,1617.0621089999997
2016-07-12,18.41658,559.8640320000001,1369.8252204
2016-07-13,16.739580000000004,508.883232,1245.0899604
2016-07-14,22.39575,680.8308,1665.795885
2016-07-15,18.93996,575.774784,1408.7542248
2016-07-16,14.79738,449.840352,1100.6291244
2016-07-17,21.80802,662.9638080000001,1622.0805276
2016-07-18,20.10723,611.2597920000001,1495.5757674
2016-07-19,23.4273,712.18992,1742.5225739999998
2016-07-20,19.73946,600.0795840000001,1468.2210347999999
2016-07-21,23.04978,700.713312,1714.4426363999999
2016-07-22,22.3743,680.17872,1664.2004339999999
2016-07-23,19.13652,581.7502079999999,1423.3743575999997
2016-07-24,17.15025,521.3676,1275.635595
2016-07-25,22.80564,693.291456,1696.2835032
2016-07-26,25.82892,785.199168,1921.1550696
2016-07-27,22.19724,674.796096,1651.0307112
2016-07-28,26.444730000000003,803.919792,1966.9590174
2016-07-29,21.70662,659.881248,1614.5383955999998
2016-07-30,19.55226,594.388704,1454.2970988
2016-07-31,22.05684,670.5279360000001,1640.5877592
2016-08-01,24.97053,759.1041120000001,1857.3080214000001
2016-08-02,20.490990000000004,622.926096,1524.1198362
2016-08-03,22.7409,691.32336,1691.4681420000002
2016-08-04,15.14838,460.510752,1126.7365044
2016-08-05,23.76036,722.314944,1767.2955768
2016-08-06,26.1144,793.87776,1942.3890719999997
2016-08-07,24.075870000000002,731.9064480000001,1790.7632106
2016-08-08,24.08601,732.214704,1791.5174238000002
2016-08-09,22.829040000000003,694.002816,1698.0239952000002
2016-08-10,23.252190000000002,706.8665760000001,1729.4978922
2016-08-11,24.568050000000003,746.86872,1827.371559
2016-08-12,22.809540000000002,693.410016,1696.5735852
2016-08-13,24.47172,743.940288,1820.2065335999998
2016-08-14,24.66438,749.7971520000001,1834.5365844
2016-08-15,21.08886,641.101344,1568.5894067999998
2016-08-16,22.71009,690.386736,1689.1764942
2016-08-17,23.481510000000004,713.8379040000001,1746.5547138
2016-08-18,19.16382,582.5801280000001,1425.4049316
2016-08-19,24.5427,746.0980800000001,1825.486026
2016-08-20,25.911210000000004,787.7007840000001,1927.2757998000002
2016-08-21,24.82935,754.8122400000001,1846.807053
2016-08-22,22.946820000000002,697.5833279999999,1706.7844716
2016-08-23,27.5925,838.8120000000001,2052.3301500000002
2016-08-24,22.17657,674.167728,1649.4932766
2016-08-25,21.55608,655.3048319999999,1603.3412303999999
2016-08-26,17.17482,522.1145280000001,1277.4631116
2016-08-27,22.7448,691.44192,1691.758224
2016-08-28,18.8643,573.4747199999999,1403.126634
2016-08-29,21.412950000000002,650.9536800000001,1592.695221
2016-08-30,23.10048,702.254592,1718.2137023999996
2016-08-31,18.93528,575.632512,1408.4061264
2016-09-01,13.091910000000002,397.99406400000004,973.7762658
2016-09-02,16.32657,496.327728,1214.3702766000001
2016-09-03,20.68638,628.865952,1538.6529444
2016-09-04,23.137140000000002,703.369056,1720.9404732
2016-09-05,23.260379999999998,707.115552,1730.1070644
2016-09-06,23.12388,702.965952,1719.9541943999998
2016-09-07,13.04394,396.535776,970.2082571999999
2016-09-08,22.74207,691.358928,1691.5551666
2016-09-09,21.385650000000002,650.1237600000001,1590.664647
2016-09-10,20.65011,627.763344,1535.9551818
2016-09-11,20.61345,626.64888,1533.228411
2016-09-12,16.684199999999997,507.19968,1240.9707959999998
2016-09-13,19.66146,597.708384,1462.4193948000002
2016-09-14,19.260930000000002,585.532272,1432.6279734
2016-09-15,22.113000000000003,672.2352000000001,1644.7649399999998
2016-09-16,25.350780000000004,770.6637120000001,1885.5910164
2016-09-17,24.7845,753.4488,1843.4711100000002
2016-09-18,21.11226,641.812704,1570.3298988
2016-09-19,20.22891,614.958864,1504.6263258
2016-09-20,25.219739999999998,766.6800959999999,1875.8442612
2016-09-21,19.10649,580.837296,1421.1407262
2016-09-22,17.091359999999998,519.5773439999999,1271.2553567999998
2016-09-23,25.24665,767.49816,1877.8458269999999
2016-09-24,19.133790000000005,581.667216,1423.1713002000001
2016-09-25,23.12856,703.1082240000001,1720.3022927999998
2016-09-26,23.260379999999998,707.115552,1730.1070644
2016-09-27,21.74133,660.936432,1617.1201253999998
2016-09-28,20.44029,621.384816,1520.3487702
2016-09-29,22.05489,670.468656,1640.4427181999997
2016-09-30,23.20422,705.408288,1725.9298835999998
2016-10-01,14.415180000000001,438.221472,1072.2010884000001
2016-10-02,20.00895,608.27208,1488.2657009999998
2016-10-03,21.658260000000002,658.411104,1610.9413788
2016-10-04,18.415800000000004,559.84032,1369.7672040000002
2016-10-05,15.722850000000003,477.97464,1169.465583
2016-10-06,17.78946,540.799584,1323.1800348
2016-10-07,15.210779999999998,462.40771199999995,1131.3778164
2016-10-08,16.9221,514.4318400000001,1258.665798
2016-10-09,15.997020000000001,486.309408,1189.8583476
2016-10-10,19.736340000000002,599.984736,1467.9889692
2016-10-11,18.18921,552.9519839999999,1352.9134397999999
2016-10-12,13.81341,419.927664,1027.4414358000001
2016-10-13,17.85342,542.743968,1327.9373796
2016-10-14,24.307920000000003,738.960768,1808.0230895999998
2016-10-15,20.26518,616.061472,1507.3240884
2016-10-16,19.10181,580.6950240000001,1420.7926278
2016-10-17,19.625970000000002,596.629488,1459.7796486
2016-10-18,10.2531,311.69424000000004,762.625578
2016-10-19,20.840040000000002,633.5372160000001,1550.0821752000002
2016-10-20,21.55998,655.423392,1603.6313123999998
2016-10-21,19.16382,582.5801280000001,1425.4049316
2016-10-22,20.96913,637.461552,1559.6838894
2016-10-23,17.445089999999997,530.3307359999999,1297.5657942
2016-10-24,20.166900000000002,613.0737600000001,1500.014022
2016-10-25,14.30208,434.783232,1063.7887104
2016-10-26,16.48569,501.16497599999997,1226.2056221999999
2016-10-27,19.91808,605.509632,1481.5067904
2016-10-28,19.908720000000002,605.225088,1480.8105936
2016-10-29,16.25091,494.027664,1208.7426858000001
2016-10-30,21.588839999999998,656.3007359999999,1605.7779191999998
2016-10-31,17.53323,533.0101920000001,1304.1216474
2016-11-01,15.38589,467.731056,1144.4024981999999
2016-11-02,16.52976,502.504704,1229.4835488
2016-11-03,17.44041,530.188464,1297.2176957999998
2016-11-04,17.525820000000003,532.784928,1303.5704916
2016-11-05,18.19974,553.2720959999999,1353.6966611999999
2016-11-06,17.44704,530.3900160000001,1297.7108352
2016-11-07,14.13555,429.72072,1051.4022089999999
2016-11-08,16.88739,513.376656,1256.0840681999998
2016-11-09,20.30262,617.199648,1510.1088756000001
2016-11-10,14.639040000000001,445.026816,1088.8517952
2016-11-11,12.02565,365.57976,894.4678469999999
2016-11-12,12.821250000000001,389.766,953.6445749999999
2016-11-13,18.56088,564.250752,1380.5582544
2016-11-14,16.14054,490.67241600000006,1200.5333652000002
2016-11-15,17.63697,536.163888,1311.8378286000002
2016-11-16,18.72741,569.313264,1392.9447558
2016-11-17,15.36444,467.078976,1142.8070472
2016-11-18,17.46771,531.0183840000001,1299.2482698000001
2016-11-19,13.063830000000001,397.14043200000003,971.6876754
2016-11-20,16.15341,491.063664,1201.4906358
2016-11-21,26.1183,793.99632,1942.679154
2016-11-22,25.09494,762.886176,1866.5616371999997
2016-11-23,19.39665,589.65816,1442.7228269999998
2016-11-24,15.638610000000002,475.41374400000007,1163.1998118
2016-11-25,11.176620000000002,339.769248,831.3169955999999
2016-11-26,13.101270000000001,398.278608,974.4724626
2016-11-27,14.10357,428.748528,1049.0235366
2016-11-28,17.379569999999998,528.338928,1292.6924166
2016-11-29,14.91984,453.56313600000004,1109.7376992
2016-11-30,17.75397,539.720688,1320.5402886
2016-12-01,11.25345,342.10488000000004,837.031611
2016-12-02,14.79543,449.781072,1100.4840834
2016-12-03,11.88447,361.287888,883.9668785999999
2016-12-04,18.076890000000002,549.537456,1344.5590782
2016-12-05,16.209570000000003,492.770928,1205.6678166
2016-12-06,17.42169,529.6193760000001,1295.8253022000001
2016-12-07,15.789540000000002,480.0020160000001,1174.4259852
2016-12-08,16.555110000000003,503.2753440000001,1231.3690818
2016-12-09,16.71618,508.171872,1243.3494684
2016-12-10,19.4181,590.31024,1444.318278
2016-12-11,22.1871,674.4878400000001,1650.276498
2016-12-12,17.553900000000002,533.6385600000001,1305.6590820000001
2016-12-13,16.91898,514.336992,1258.4337323999998
2016-12-14,19.145880000000002,582.034752,1424.0705544
2016-12-15,19.26951,585.793104,1433.2661538
2016-12-16,16.057080000000003,488.1352320000001,1194.3256104
2016-12-17,18.68178,567.926112,1389.5507963999999
2016-12-18,22.064249999999998,670.7532,1641.138915
2016-12-19,21.419580000000003,651.1552320000001,1593.1883604
2016-12-20,20.271030000000003,616.239312,1507.7592114
2016-12-21,10.497240000000001,319.116096,780.7847112000001
2016-12-22,15.419820000000001,468.76252800000003,1146.9262116
2016-12-23,14.79153,449.66251200000005,1100.1940014
2016-12-24,18.415800000000004,559.84032,1369.7672040000002
2016-12-25,15.018120000000001,456.55084800000003,1117.0477656
2016-12-26,16.698240000000002,507.6264960000001,1242.0150912
2016-12-27,16.13859,490.61313599999994,1200.3883242
2016-12-28,20.774520000000003,631.5454080000001,1545.2087976
2016-12-29,18.47118,561.5238720000001,1373.8863684
2016-12-30,10.72266,325.968864,797.5514508
2016-12-31,14.93193,453.930672,1110.6369533999998
2017-01-01,20.74176,630.549504,1542.7721087999998
2017-01-02,21.84234,664.0071360000001,1624.6332492
2017-01-03,20.55378,624.834912,1528.7901564
2017-01-04,18.501990000000003,562.460496,1376.1780162
2017-01-05,11.746020000000001,357.07900800000004,873.6689676000001
2017-01-06,18.00006,547.201824,1338.8444628
2017-01-07,16.222830000000002,493.174032,1206.6540954
2017-01-08,14.10942,428.92636799999997,1049.4586596
2017-01-09,12.2148,371.32992,908.536824
2017-01-10,18.415020000000002,559.8166080000001,1369.7091876
2017-01-11,20.09982,611.034528,1495.0246116
2017-01-12,17.131529999999998,520.798512,1274.2432013999999
2017-01-13,18.52344,563.112576,1377.7734672
2017-01-14,17.110860000000002,520.170144,1272.7057668
2017-01-15,10.77141,327.45086399999997,801.1774757999999
2017-01-16,17.01726,517.324704,1265.7437988000001
2017-01-17,16.34334,496.837536,1215.6176291999998
2017-01-18,13.325909999999999,405.107664,991.1811857999999
2017-01-19,18.996900000000004,577.50576,1412.989422
2017-01-20,19.17942,583.054368,1426.5652596
2017-01-21,22.43202,681.933408,1668.4936476
2017-01-22,24.79854,753.875616,1844.5154052
2017-01-23,24.07197,731.787888,1790.4731285999999
2017-01-24,18.19116,553.011264,1353.0584807999999
2017-01-25,20.586540000000003,625.830816,1531.2268452
2017-01-26,21.5943,656.46672,1606.1840339999999
2017-01-27,18.63186,566.408544,1385.8377468
2017-01-28,17.18418,522.399072,1278.1593084
2017-01-29,21.3837,650.06448,1590.5196059999998
2017-01-30,13.39221,407.12318400000004,996.1125797999999
2017-01-31,19.2387,584.85648,1430.974506
2017-02-01,20.971080000000004,637.520832,1559.8289304
2017-02-02,17.60694,535.250976,1309.6041971999998
2017-02-03,21.32208,648.191232,1585.9363104
2017-02-04,24.453780000000002,743.394912,1818.8721563999998
2017-02-05,26.341769999999997,800.7898079999999,1959.3008525999999
2017-02-06,23.37114,710.482656,1738.3453932
2017-02-07,24.85002,755.440608,1848.3444875999999
2017-02-08,23.72292,721.176768,1764.5107896
2017-02-09,22.4211,681.60144,1667.6814179999997
2017-02-10,21.027240000000003,639.228096,1564.0061112
2017-02-11,20.406750000000002,620.3652000000001,1517.854065
2017-02-12,15.871830000000001,482.50363200000004,1180.5467154
2017-02-13,20.887620000000002,634.9836480000001,1553.6211756
2017-02-14,25.070759999999996,762.151104,1864.7631288
2017-02-15,23.55366,716.031264,1751.9212307999999
2017-02-16,21.130979999999997,642.381792,1571.7222923999998
2017-02-17,16.7583,509.45232000000004,1246.482354
2017-02-18,21.28269,646.993776,1583.0064822
2017-02-19,21.043229999999998,639.714192,1565.1954474
2017-02-20,22.61571,687.5175839999999,1682.1565097999999
2017-02-21,20.14077,612.2794080000001,1498.0704726
2017-02-22,20.8689,634.41456,1552.228782
2017-02-23,20.82873,633.193392,1549.2409374000001
2017-02-24,18.35886,558.109344,1365.5320067999999
2017-02-25,21.034650000000003,639.45336,1564.5572670000001
2017-02-26,23.88126,725.990304,1776.2881188000001
2017-02-27,18.074939999999998,549.4781760000001,1344.4140372
2017-02-28,17.61825,535.5948,1310.4454349999999
2017-03-01,21.39969,650.550576,1591.7089422
2017-03-02,17.237220000000004,524.0114880000001,1282.1044236
2017-03-03,16.78794,510.35337599999997,1248.6869772
2017-03-04,21.4617,652.43568,1596.321246
2017-03-05,13.347360000000002,405.759744,992.7766368
2017-03-06,18.84168,572.787072,1401.4441584
2017-03-07,14.974050000000002,455.21112000000005,1113.769839
2017-03-08,9.08661,276.232944,675.8620518
2017-03-09,19.15602,582.343008,1424.8247676
2017-03-10,6.713070000000001,204.07732800000002,499.31814660000003
2017-03-11,15.236130000000001,463.178352,1133.2633494
2017-03-12,9.86544,299.909376,733.7914271999999
2017-03-13,16.24896,493.96838400000007,1208.5976448000001
2017-03-14,16.610100000000003,504.9470400000001,1235.4592380000001
2017-03-15,15.792269999999998,480.08500799999996,1174.6290426
2017-03-16,23.46552,713.351808,1745.3653775999999
2017-03-17,19.63182,596.807328,1460.2147716000002
2017-03-18,17.77074,540.230496,1321.7876412000003
2017-03-19,14.33874,435.89769600000005,1066.5154812
2017-03-20,14.715869999999999,447.36244800000003,1094.5664106
2017-03-21,16.846049999999998,512.11992,1253.0091989999999
2017-03-22,12.31581,374.40062400000005,916.0499478
2017-03-23,12.83646,390.228384,954.7758948
2017-03-24,11.606399999999999,352.83456,863.284032
2017-03-25,17.20836,523.134144,1279.9578168
2017-03-26,14.5782,443.17728000000005,1084.326516
2017-03-27,23.90622,726.749088,1778.1446435999999
2017-03-28,20.18211,613.536144,1501.1453418
2017-03-29,14.271270000000001,433.84660800000006,1061.4970626
2017-03-30,13.854750000000003,421.18440000000004,1030.5163049999999
2017-03-31,15.41592,468.64396800000003,1146.6361296
2017-04-01,21.780720000000002,662.1338880000001,1620.0499536000002
2017-04-02,24.0786,731.9894400000001,1790.9662680000001
2017-04-03,24.03843,730.7682720000001,1787.9784233999999
2017-04-04,23.86878,725.610912,1775.3598564
2017-04-05,22.71204,690.446016,1689.3215352
2017-04-06,22.49676,683.901504,1673.3090088
2017-04-07,20.28234,616.583136,1508.6004491999997
2017-04-08,14.7459,448.27536000000003,1096.800042
2017-04-09,11.652420000000001,354.233568,866.7069996
2017-04-10,20.13804,612.196416,1497.8674151999999
2017-04-11,17.49111,531.729744,1300.9887618
2017-04-12,17.166240000000002,521.8536960000001,1276.8249312
2017-04-13,20.502299999999998,623.26992,1524.9610739999998
2017-04-14,6.83943,207.91867200000002,508.7168034
2017-04-15,25.97322,789.585888,1931.8881035999998
2017-04-16,19.7067,599.0836800000001,1465.784346
2017-04-17,11.836500000000001,359.8296,880.39887
2017-04-18,17.01726,517.324704,1265.7437988000001
2017-04-19,14.15232,430.230528,1052.6495616
2017-04-20,11.562330000000001,351.49483200000003,860.0061054
2017-04-21,17.048460000000002,518.273184,1268.0644548
2017-04-22,21.60951,656.9291039999999,1607.3153537999997
2017-04-23,21.53463,654.6527520000001,1601.7457794000002
2017-04-24,15.22677,462.89380800000004,1132.5671526
2017-04-25,18.77421,570.735984,1396.4257398000002
2017-04-26,13.77519,418.765776,1024.5986321999999
2017-04-27,23.7744,722.74176,1768.3398719999998
2017-04-28,22.111050000000002,672.17592,1644.6198989999998
2017-04-29,18.91929,575.1464159999999,1407.2167901999999
2017-04-30,10.314720000000001,313.56748799999997,767.2088736
2017-05-01,15.27825,464.45880000000005,1136.396235
2017-05-02,17.57262,534.207648,1307.0514756
2017-05-03,10.55808,320.96563199999997,785.3099904
2017-05-04,21.985860000000002,668.3701440000001,1635.3082668
2017-05-05,16.145220000000002,490.814688,1200.8814636
2017-05-06,17.87097,543.277488,1329.2427486
2017-05-07,16.10115,489.47495999999995,1197.6035369999997
2017-05-08,18.25278,554.884512,1357.6417764
2017-05-09,13.188240000000002,400.922496,980.9412912000001
2017-05-10,16.062540000000002,488.301216,1194.7317252
2017-05-11,15.24939,463.581456,1134.2496282
2017-05-12,10.890360000000001,331.06694400000003,810.0249768000001
2017-05-13,17.323410000000003,526.631664,1288.5152358
2017-05-14,18.7902,571.2220799999999,1397.6150759999998
2017-05-15,18.392400000000002,559.12896,1368.026712
2017-05-16,21.43986,651.771744,1594.6967868
2017-05-17,18.534750000000003,563.4564000000001,1378.6147050000002
2017-05-18,22.71867,690.647568,1689.8146746000002
2017-05-19,26.046930000000003,791.826672,1937.3706533999998
2017-05-20,17.22903,523.762512,1281.4952514
2017-05-21,18.996900000000004,577.50576,1412.989422
2017-05-22,13.00026,395.20790400000004,966.9593388000001
2017-05-23,23.177310000000002,704.590224,1723.9283177999998
2017-05-24,25.62963,779.140752,1906.3318794
2017-05-25,23.60202,717.5014080000001,1755.5182476000002
2017-05-26,21.972600000000003,667.9670400000001,1634.321988
2017-05-27,19.52964,593.701056,1452.6146231999999
2017-05-28,23.92221,727.235184,1779.3339798
2017-05-29,20.56587,625.202448,1529.6894106
2017-05-30,22.9359,697.2513600000001,1705.972242
2017-05-31,17.55468,533.662272,1305.7170984
2017-06-01,20.78388,631.829952,1545.9049944
2017-06-02,24.341459999999998,739.980384,1810.5177947999998
2017-06-03,26.65455,810.2983200000001,1982.5654289999998
2017-06-04,19.73946,600.0795840000001,1468.2210347999999
2017-06-05,19.293689999999998,586.528176,1435.0646622
2017-06-06,24.78255,753.3895200000001,1843.3260689999997
2017-06-07,13.22178,401.94211200000007,983.4359964
2017-06-08,9.046439999999999,275.011776,672.8742072
2017-06-09,14.929200000000002,453.84768,1110.4338959999998
2017-06-10,23.69952,720.4654080000001,1762.7702976000003
2017-06-11,19.235580000000002,584.761632,1430.7424403999999
2017-06-12,16.537170000000003,502.72996800000004,1230.0347046000002
2017-06-13,20.12946,611.9355840000001,1497.2292348
2017-06-14,20.317829999999997,617.662032,1511.2401954
2017-06-15,12.062310000000002,366.694224,897.1946178000001
2017-06-16,23.50101,714.430704,1748.0051237999999
2017-06-17,13.585260000000002,412.99190400000003,1010.4716387999999
2017-06-18,16.32306,496.221024,1214.1092027999998
2017-06-19,17.336669999999998,527.034768,1289.5015145999998
2017-06-20,19.375980000000002,589.029792,1441.1853924000002
2017-06-21,18.38772,558.9866880000001,1367.6786136
2017-06-22,20.987070000000003,638.0069280000001,1561.0182666
2017-06-23,19.01406,578.027424,1414.2657828
2017-06-24,24.878880000000002,756.3179520000001,1850.4910943999998
2017-06-25,18.4821,561.85584,1374.698598
2017-06-26,18.254730000000002,554.943792,1357.7868173999998
2017-06-27,19.634550000000004,596.8903200000001,1460.4178290000002
2017-06-28,21.27606,646.792224,1582.5133428
2017-06-29,22.48935,683.67624,1672.757853
2017-06-30,22.67187,689.224848,1686.3336906
2017-07-01,26.578500000000002,807.9864000000001,1976.90883
2017-07-02,23.539620000000003,715.604448,1750.8769356
2017-07-03,21.880950000000002,665.1808800000001,1627.505061
2017-07-04,23.40741,711.585264,1741.0431558
2017-07-05,23.04042,700.428768,1713.7464396
2017-07-06,21.19845,644.4328800000001,1576.7407110000001
2017-07-07,25.314120000000003,769.549248,1882.8642456
2017-07-08,23.999820000000003,729.5945280000001,1785.1066116
2017-07-09,23.9811,729.02544,1783.7142179999998
2017-07-10,19.74219,600.1625760000001,1468.4240922
2017-07-11,19.869329999999998,604.0276319999999,1477.8807654
2017-07-12,20.74449,630.6324960000001,1542.9751661999999
2017-07-13,23.13402,703.274208,1720.7084075999999
2017-07-14,19.95825,606.7307999999999,1484.4946349999998
2017-07-15,16.390140000000002,498.260256,1219.0986132
2017-07-16,22.522890000000004,684.695856,1675.2525581999998
2017-07-17,18.47937,561.772848,1374.4955406
2017-07-18,23.901539999999997,726.606816,1777.7965451999999
2017-07-19,22.24209,676.159536,1654.3666541999999
2017-07-20,17.24112,524.130048,1282.3945056
2017-07-21,24.13944,733.838976,1795.4915472000002
2017-07-22,22.53693,685.122672,1676.2968534
2017-07-23,20.92896,636.240384,1556.6960447999998
2017-07-24,24.74394,752.215776,1840.4542572
2017-07-25,24.406200000000002,741.94848,1815.333156
2017-07-26,22.69332,689.8769280000001,1687.9291416
2017-07-27,22.12431,672.579024,1645.6061778
2017-07-28,23.10516,702.396864,1718.5618008000001
2017-07-29,23.35593,710.020272,1737.2140734
2017-07-30,16.45215,500.14536,1223.7109169999999
2017-07-31,17.140890000000002,521.083056,1274.9393982
2017-08-01,19.70748,599.107392,1465.8423624000002
2017-08-02,23.79234,723.287136,1769.6742491999998
2017-08-03,23.238930000000003,706.4634720000001,1728.5116133999998
2017-08-04,19.73829,600.044016,1468.1340102
2017-08-05,22.22337,675.5904479999999,1652.9742606
2017-08-06,25.395630000000004,772.027152,1888.9269594000002
2017-08-07,22.994790000000002,699.041616,1710.3524801999997
2017-08-08,21.985860000000002,668.3701440000001,1635.3082668
2017-08-09,19.790940000000003,601.644576,1472.0501172
2017-08-10,20.33265,618.11256,1512.3425069999998
2017-08-11,22.16253,673.740912,1648.4489813999999
2017-08-12,17.70717,538.2979680000001,1317.0593046
2017-08-13,23.50569,714.572976,1748.3532222000001
2017-08-14,25.19322,765.8738880000001,1873.8717036000003
2017-08-15,20.923500000000004,636.0744000000001,1556.2899300000001
2017-08-16,20.321340000000003,617.768736,1511.5012692
2017-08-17,25.584780000000002,777.777312,1902.9959364
2017-08-18,20.71173,629.6365920000001,1540.5384774
2017-08-19,10.87827,330.699408,809.1257225999999
2017-08-20,17.45172,530.5322880000001,1298.0589336
2017-08-21,23.53572,715.4858879999999,1750.5868535999998
2017-08-22,22.75494,691.750176,1692.5124371999998
2017-08-23,23.77713,722.824752,1768.5429293999998
2017-08-24,17.708340000000003,538.3335360000001,1317.1463292
2017-08-25,23.823150000000002,724.2237600000001,1771.965897
2017-08-26,19.428630000000002,590.630352,1445.1014994
2017-08-27,22.97685,698.49624,1709.0181029999999
2017-08-28,19.89936,604.940544,1480.1143968000001
2017-08-29,22.71477,690.529008,1689.5245926
2017-08-30,22.850489999999997,694.654896,1699.6194461999999
2017-08-31,24.834809999999997,754.9782240000001,1847.2131678
2017-09-01,29.07216,883.793664,2162.3872607999997
2017-09-02,16.328519999999997,496.38700800000004,1214.5153176
2017-09-03,19.10298,580.730592,1420.8796524
2017-09-04,25.75131,782.839824,1915.3824378
2017-09-05,21.140340000000002,642.666336,1572.4184892
2017-09-06,24.497850000000003,744.73464,1822.150083
2017-09-07,19.476210000000002,592.0767840000001,1448.6404998
2017-09-08,13.654290000000001,415.090416,1015.6060902
2017-09-09,14.265420000000002,433.668768,1061.0619396
2017-09-10,18.118229999999997,550.794192,1347.6339474
2017-09-11,24.11877,733.210608,1793.9541126000001
2017-09-12,19.113120000000002,581.038848,1421.6338656
2017-09-13,19.38261,589.231344,1441.6785318
2017-09-14,21.15633,643.152432,1573.6078253999997
2017-09-15,21.869639999999997,664.837056,1626.6638231999998
2017-09-16,22.904700000000002,696.3028800000001,1703.6515860000002
2017-09-17,19.61466,596.285664,1458.9384108
2017-09-18,24.32391,739.4468640000001,1809.2124258000001
2017-09-19,22.363770000000002,679.858608,1663.4172126
2017-09-20,19.93602,606.0550079999999,1482.8411675999998
2017-09-21,21.33222,648.499488,1586.6905236
2017-09-22,20.62671,627.051984,1534.2146897999999
2017-09-23,18.546840000000003,563.8239360000001,1379.5139592
2017-09-24,23.069670000000002,701.3179680000001,1715.9220546000001
2017-09-25,22.778340000000004,692.461536,1694.2529292
2017-09-26,16.87608,513.0328320000001,1255.2428304
2017-09-27,25.074659999999998,762.269664,1865.0532108
2017-09-28,14.70261,446.95934399999993,1093.5801318
2017-09-29,18.974670000000003,576.829968,1411.3359546000002
2017-09-30,14.14842,430.11196800000005,1052.3594796
2017-10-01,17.788680000000003,540.775872,1323.1220184
2017-10-02,21.59742,656.561568,1606.4160995999998
2017-10-03,19.627920000000003,596.688768,1459.9246896
2017-10-04,14.5977,443.77008000000006,1085.7769259999998
2017-10-05,8.13774,247.38729599999996,605.2851011999999
2017-10-06,19.64274,597.1392960000001,1461.0270011999999
2017-10-07,21.804900000000004,662.86896,1621.848462
2017-10-08,21.86496,664.694784,1626.3157248
2017-10-09,11.288160000000001,343.16006400000003,839.6133408
2017-10-10,23.40663,711.561552,1740.9851394
2017-10-11,16.06098,488.25379200000003,1194.6156924
2017-10-12,21.73782,660.829728,1616.8590516000002
2017-10-13,20.527260000000002,624.028704,1526.8175987999998
2017-10-14,18.80502,571.672608,1398.7173875999997
2017-10-15,22.60986,687.339744,1681.7213868
2017-10-16,23.542350000000003,715.68744,1751.079993
2017-10-17,25.32543,769.893072,1883.7054833999998
2017-10-18,24.566100000000002,746.8094400000001,1827.2265180000002
2017-10-19,19.65522,597.518688,1461.9552635999999
2017-10-20,20.18562,613.642848,1501.4064156
2017-10-21,18.589740000000003,565.1280960000001,1382.7048612
2017-10-22,16.89012,513.459648,1256.2871255999999
2017-10-23,12.71751,386.612304,945.9283938
2017-10-24,9.30774,282.955296,692.3097012000001
2017-10-25,15.717390000000002,477.808656,1169.0594681999999
2017-10-26,10.669619999999998,324.356448,793.6063356
2017-10-27,19.46334,591.685536,1447.6832292
2017-10-28,10.15638,308.753952,755.4315444
2017-10-29,13.03575,396.28679999999997,969.5990849999998
2017-10-30,16.09374,489.24969600000003,1197.0523812
2017-10-31,17.46303,530.8761119999999,1298.9001713999999
2017-11-01,19.854510000000005,603.5771040000001,1476.7784538
2017-11-02,22.309559999999998,678.2106239999999,1659.3850727999998
2017-11-03,18.12486,550.9957440000001,1348.1270868000001
2017-11-04,17.290650000000003,525.63576,1286.078547
2017-11-05,14.903070000000001,453.05332799999996,1108.4903465999998
2017-11-06,21.5514,655.16256,1602.9931319999998
2017-11-07,17.59875,535.002,1308.9950250000002
2017-11-08,13.840710000000001,420.75758400000007,1029.4720098
2017-11-09,13.927680000000002,423.401472,1035.9408383999998
2017-11-10,17.844060000000002,542.459424,1327.2411828
2017-11-11,16.97241,515.961264,1262.4078557999999
2017-11-12,20.2644,616.0377599999999,1507.266072
2017-11-13,13.127400000000002,399.07296,976.416012
2017-11-14,13.60086,413.466144,1011.6319668000001
2017-11-15,14.836380000000002,451.02595199999996,1103.5299443999997
2017-11-16,17.95248,545.755392,1335.3054624
2017-11-17,16.48764,501.224256,1226.3506632
2017-11-18,15.638610000000002,475.41374400000007,1163.1998118
2017-11-19,15.285660000000002,464.684064,1136.9473908
2017-11-20,16.351139999999997,497.07465599999995,1216.1977931999998
2017-11-21,18.15567,551.9323680000001,1350.4187346
2017-11-22,17.975880000000004,546.466752,1337.0459544
2017-11-23,18.42438,560.101152,1370.4053844
2017-11-24,17.126070000000002,520.6325280000001,1273.8370866
2017-11-25,19.73829,600.044016,1468.1340102
2017-11-26,18.38382,558.8681280000001,1367.3885315999999
2017-11-27,13.81458,419.963232,1027.5284603999999
2017-11-28,17.40687,529.168848,1294.7229906
2017-11-29,17.62566,535.820064,1310.9965908000001
2017-11-30,15.206100000000001,462.26544,1131.029718
2017-12-01,15.004859999999999,456.147744,1116.0614867999998
2017-12-02,16.93029,514.680816,1259.2749702
2017-12-03,16.775070000000003,509.9621280000001,1247.7297066
2017-12-04,18.92514,575.324256,1407.6519131999999
2017-12-05,23.52636,715.2013440000001,1749.8906568
2017-12-06,19.76286,600.7909440000001,1469.9615268
2017-12-07,19.882589999999997,604.4307359999999,1478.8670441999998
2017-12-08,17.08746,519.458784,1270.9652748
2017-12-09,17.90958,544.451232,1332.1145604
2017-12-10,16.72086,508.314144,1243.6975667999998
2017-12-11,17.434950000000004,530.0224800000001,1296.8115810000002
2017-12-12,15.53565,472.28376,1155.541647
2017-12-13,18.70206,568.542624,1391.0592228
2017-12-14,22.808370000000004,693.374448,1696.4865606
2017-12-15,22.885200000000005,695.7100800000001,1702.2011760000003
2017-12-16,21.12006,642.0498240000001,1570.9100627999999
2017-12-17,22.2339,675.9105599999999,1653.7574819999998
2017-12-18,26.110500000000002,793.7592000000001,1942.09899
2017-12-19,24.95298,758.570592,1856.0026523999998
2017-12-20,24.39489,741.604656,1814.4919181999996
2017-12-21,21.145020000000002,642.808608,1572.7665876
2017-12-22,19.81122,602.261088,1473.5585436
2017-12-23,21.45507,652.2341279999999,1595.8281065999997
2017-12-24,14.542710000000001,442.09838399999995,1081.6867697999999
2017-12-25,15.378480000000001,467.50579200000004,1143.8513424
2017-12-26,17.934540000000002,545.210016,1333.9710852
2017-12-27,12.207390000000002,371.10465600000003,907.9856682000001
2017-12-28,12.536940000000001,381.122976,932.4975972
2017-12-29,12.126660000000001,368.650464,901.9809707999999
2017-12-30,16.48296,501.081984,1226.0025647999998
2017-12-31,16.80393,510.83947200000006,1249.8763134
2018-01-01,17.90022,544.1666880000001,1331.4183636
2018-01-02,16.691609999999997,507.4249439999999,1241.5219518
2018-01-03,21.265140000000002,646.4602560000001,1581.7011132
2018-01-04,19.73751,600.020304,1468.0759938
2018-01-05,17.592119999999998,534.800448,1308.5018856
2018-01-06,20.527260000000002,624.028704,1526.8175987999998
2018-01-07,24.091859999999997,732.392544,1791.9525468
2018-01-08,18.528119999999998,563.2548479999999,1378.1215656
2018-01-09,10.785449999999999,327.87768,802.2217709999999
2018-01-10,19.911450000000002,605.30808,1481.013651
2018-01-11,17.35539,527.6038560000001,1290.8939082
2018-01-12,13.21437,401.716848,982.8848406000001
2018-01-13,15.7248,478.03392,1169.6106240000001
2018-01-14,17.70444,538.214976,1316.8562471999999
2018-01-15,16.67679,506.97441599999996,1240.4196402
2018-01-16,14.06262,427.503648,1045.9776755999999
2018-01-17,13.74438,417.829152,1022.3069843999999
2018-01-18,15.82776,481.163904,1177.2687887999998
2018-01-19,18.79761,571.4473439999999,1398.1662317999999
2018-01-20,23.95887,728.349648,1782.0607506
2018-01-21,21.17622,643.7570880000001,1575.0872436
2018-01-22,16.50246,501.674784,1227.4529748
2018-01-23,18.432570000000002,560.350128,1371.0145565999999
2018-01-24,19.896630000000002,604.857552,1479.9113394
2018-01-25,23.43666,712.474464,1743.2187708000001
2018-01-26,15.48807,470.837328,1152.0026466
2018-01-27,20.92896,636.240384,1556.6960447999998
2018-01-28,17.58744,534.658176,1308.1537872
2018-01-29,21.25383,646.116432,1580.8598754
2018-01-30,17.9049,544.3089600000001,1331.766462
2018-01-31,19.94148,606.220992,1483.2472824000001
2018-02-01,19.45944,591.5669760000001,1447.3931472
2018-02-02,15.096900000000002,458.94576000000006,1122.9074219999998
2018-02-03,12.731549999999999,387.03912,946.9726890000001
2018-02-04,17.77269,540.2897760000001,1321.9326822
2018-02-05,15.16515,461.02056000000005,1127.983857
2018-02-06,21.70194,659.7389760000001,1614.1902972
2018-02-07,24.9639,758.90256,1856.8148820000001
2018-02-08,20.95158,636.928032,1558.3785204
2018-02-09,20.652060000000002,627.822624,1536.1002228
2018-02-10,19.746869999999998,600.304848,1468.7721906
2018-02-11,12.04554,366.184416,895.9472652
2018-02-12,18.121740000000003,550.9008960000001,1347.8950212
2018-02-13,20.43015,621.0765600000001,1519.594557
2018-02-14,13.593450000000002,413.24088000000006,1011.0808109999999
2018-02-15,17.45172,530.5322880000001,1298.0589336
2018-02-16,17.3589,527.71056,1291.1549819999998
2018-02-17,16.77234,509.879136,1247.5266492
2018-02-18,20.386860000000002,619.760544,1516.3746468000002
2018-02-19,22.763520000000003,692.0110080000001,1693.1506176
2018-02-20,19.59438,595.669152,1457.4299844000002
2018-02-21,23.282220000000002,707.7794880000001,1731.7315236
2018-02-22,15.28878,464.77891200000005,1137.1794564
2018-02-23,16.76298,509.594592,1246.8304523999998
2018-02-24,17.04456,518.154624,1267.7743728
2018-02-25,18.63849,566.610096,1386.3308862
2018-02-26,23.38128,710.790912,1739.0996063999999
2018-02-27,17.91777,544.700208,1332.7237325999997
2018-02-28,20.12205,611.71032,1496.678079
2018-03-01,23.3766,710.64864,1738.751508
2018-03-02,14.605500000000001,444.0072,1086.35709
2018-03-03,18.84558,572.9056320000001,1401.7342404
2018-03-04,16.7115,508.0296000000001,1243.00137
2018-03-05,19.04292,578.904768,1416.4123895999999
2018-03-06,15.4167,468.66768,1146.694146
2018-03-07,22.901970000000002,696.2198880000001,1703.4485286000001
2018-03-08,21.779940000000003,662.110176,1619.9919372
2018-03-09,22.30878,678.186912,1659.3270564000002
2018-03-10,26.346449999999997,800.93208,1959.648951
2018-03-11,28.779269999999997,874.8898079999999,2140.6021026
2018-03-12,22.018620000000002,669.3660480000001,1637.7449556000001
2018-03-13,16.03914,487.589856,1192.9912332
2018-03-14,24.596130000000002,747.7223520000001,1829.4601494
2018-03-15,11.03739,335.536656,820.9610681999999
2018-03-16,23.0217,699.85968,1712.354046
2018-03-17,19.45008,591.282432,1446.6969503999999
2018-03-18,17.16702,521.877408,1276.8829475999999
2018-03-19,17.15415,521.48616,1275.925677
2018-03-20,15.33168,466.0830720000001,1140.3703584
2018-03-21,17.66232,536.934528,1313.7233616
2018-03-22,12.11652,368.34220799999997,901.2267575999999
2018-03-23,18.927870000000002,575.407248,1407.8549706
2018-03-24,17.344079999999998,527.260032,1290.0526703999997
2018-03-25,17.197050000000004,522.7903200000001,1279.1165790000002
2018-03-26,19.1451,582.01104,1424.012538
2018-03-27,20.46954,622.274016,1522.5243851999999
2018-03-28,17.98446,546.727584,1337.6841347999998
2018-03-29,10.15638,308.753952,755.4315444
2018-03-30,13.396109999999998,407.241744,996.4026617999998
2018-03-31,16.797300000000003,510.6379200000001,1249.383174
2018-04-01,15.719339999999999,477.86793600000004,1169.2045091999998
2018-04-02,12.11457,368.282928,901.0817166
2018-04-03,15.26694,464.11497599999996,1135.5549972
2018-04-04,16.45956,500.37062399999996,1224.2620727999997
2018-04-05,19.26834,585.757536,1433.1791291999998
2018-04-06,14.14959,430.147536,1052.4465042
2018-04-07,17.61942,535.630368,1310.5324596
2018-04-08,22.04748,670.243392,1639.8915624
2018-04-09,22.86726,695.164704,1700.8667988000002
2018-04-10,13.17342,400.47196800000006,979.8389796
2018-04-11,15.402660000000001,468.24086400000004,1145.6498508
2018-04-12,14.43585,438.84984,1073.738523
2018-04-13,15.78564,479.88345599999997,1174.1359032
2018-04-14,18.53826,563.5631040000001,1378.8757788
2018-04-15,21.06858,640.484832,1567.0809803999998
2018-04-16,12.986220000000001,394.78108800000007,965.9150436
2018-04-17,14.1843,431.20272,1055.0282339999999
2018-04-18,14.13282,429.637728,1051.1991516
2018-04-19,21.93906,666.947424,1631.8272828000001
2018-04-20,16.74231,508.966224,1245.2930178000001
2018-04-21,20.771790000000003,631.4624160000001,1545.0057402
2018-04-22,14.11956,429.234624,1050.2128728
2018-04-23,24.955710000000003,758.6535840000001,1856.2057097999998
2018-04-24,17.92635,544.96104,1333.361913
2018-04-25,18.44115,560.6109600000001,1371.6527370000001
2018-04-26,19.81239,602.296656,1473.6455681999998
2018-04-27,14.62578,444.623712,1087.8655164000002
2018-04-28,16.20684,492.68793600000004,1205.4647592
2018-04-29,14.7225,447.56399999999996,1095.05955
2018-04-30,23.03301,700.203504,1713.1952837999997
2018-05-01,17.48994,531.6941760000001,1300.9017372
2018-05-02,22.61649,687.5412960000001,1682.2145262
2018-05-03,16.21074,492.80649600000004,1205.7548412
2018-05-04,16.851899999999997,512.2977599999999,1253.4443219999998
2018-05-05,13.3887,407.01648000000006,995.8515059999999
2018-05-06,16.630770000000002,505.5754080000001,1236.9966726
2018-05-07,18.118229999999997,550.794192,1347.6339474
2018-05-08,16.40535,498.72264000000007,1220.229933
2018-05-09,19.072950000000002,579.81768,1418.646021
2018-05-10,17.67831,537.420624,1314.9126977999997
2018-05-11,15.89796,483.29798399999993,1182.4902647999997
2018-05-12,18.600270000000002,565.448208,1383.4880825999999
2018-05-13,18.11355,550.65192,1347.2858489999999
2018-05-14,17.41974,529.5600959999999,1295.6802612
2018-05-15,18.59286,565.2229440000001,1382.9369268
2018-05-16,17.964570000000002,546.122928,1336.2047166
2018-05-17,22.05684,670.5279360000001,1640.5877592
2018-05-18,17.45172,530.5322880000001,1298.0589336
2018-05-19,19.869329999999998,604.0276319999999,1477.8807654
2018-05-20,17.97783,546.526032,1337.1909954
2018-05-21,13.40157,407.40772799999996,996.8087766
2018-05-22,21.152820000000002,643.045728,1573.3467515999998
2018-05-23,19.89273,604.7389919999999,1479.6212573999999
2018-05-24,20.544420000000002,624.550368,1528.0939596
2018-05-25,21.943740000000002,667.089696,1632.1753811999997
2018-05-26,15.555539999999999,472.888416,1157.0210652
2018-05-27,18.10146,550.284384,1346.3865948
2018-05-28,16.27236,494.67974399999997,1210.3381368
2018-05-29,19.143929999999997,581.975472,1423.9255133999998
2018-05-30,16.650660000000002,506.180064,1238.4760907999998
2018-05-31,22.0701,670.93104,1641.5740379999997
2018-06-01,15.470130000000001,470.29195200000004,1150.6682693999999
2018-06-02,26.00286,790.486944,1934.0927267999998
2018-06-03,22.500660000000003,684.020064,1673.5990907999999
2018-06-04,20.943,636.6672,1557.7403399999998
2018-06-05,18.26799,555.346896,1358.7730962
2018-06-06,20.07057,610.1453280000001,1492.8489966
2018-06-07,19.81239,602.296656,1473.6455681999998
2018-06-08,21.563489999999998,655.530096,1603.8923862
2018-06-09,19.466850000000004,591.7922400000001,1447.9443030000002
2018-06-10,17.837429999999998,542.2578719999999,1326.7480434
2018-06-11,18.02268,547.8894720000001,1340.5269384
2018-06-12,23.59188,717.1931519999999,1754.7640344
2018-06-13,21.517860000000002,654.142944,1600.4984268
2018-06-14,18.64434,566.7879360000001,1386.7660091999999
2018-06-15,20.726940000000003,630.098976,1541.6697972
2018-06-16,22.254179999999998,676.527072,1655.2659084000002
2018-06-17,23.70147,720.524688,1762.9153385999998
2018-06-18,20.739810000000002,630.490224,1542.6270677999998
2018-06-19,22.672650000000004,689.2485600000001,1686.391707
2018-06-20,21.67503,658.920912,1612.1887314
2018-06-21,22.14108,673.088832,1646.8535304
2018-06-22,21.53346,654.617184,1601.6587547999998
2018-06-23,24.31806,739.2690240000001,1808.7773028000001
2018-06-24,22.587629999999997,686.663952,1680.0679193999997
2018-06-25,20.58927,625.913808,1531.4299026
2018-06-26,20.90556,635.529024,1554.9555528
2018-06-27,19.052280000000003,579.1893120000001,1417.1085864
2018-06-28,18.89238,574.328352,1405.2152244
2018-06-29,19.00275,577.6836,1413.4245449999999
2018-06-30,18.895890000000005,574.4350560000001,1405.4762982000002
2018-07-01,22.7019,690.13776,1688.5673219999999
2018-07-02,20.11737,611.568048,1496.3299805999998
2018-07-03,21.09822,641.385888,1569.2856035999998
2018-07-04,26.4888,805.2595200000001,1970.2369439999998
2018-07-05,22.45386,682.597344,1670.1181067999996
2018-07-06,19.62051,596.463504,1459.3735338
2018-07-07,20.26362,616.014048,1507.2080556
2018-07-08,23.22762,706.1196480000001,1727.6703756
2018-07-09,22.24131,676.135824,1654.3086377999998
2018-07-10,22.55565,685.69176,1677.6892469999998
2018-07-11,24.24903,737.1705119999999,1803.6428513999997
2018-07-12,25.11093,763.3722720000001,1867.7509734
2018-07-13,22.623900000000003,687.76656,1682.7656820000002
2018-07-14,25.40031,772.169424,1889.2750577999998
2018-07-15,22.48662,683.5932479999999,1672.5547956
2018-07-16,24.442860000000003,743.062944,1818.0599267999999
2018-07-17,24.18624,735.261696,1798.9725312
2018-07-18,22.734659999999998,691.1336640000001,1691.0040107999998
2018-07-19,22.79082,692.8409280000001,1695.1811915999997
2018-07-20,21.320130000000002,648.1319520000001,1585.7912694000001
2018-07-21,17.869020000000003,543.2182080000001,1329.0977076000001
2018-07-22,21.39423,650.384592,1591.3028273999998
2018-07-23,18.814380000000003,571.9571520000001,1399.4135844
2018-07-24,18.01059,547.521936,1339.6276842
2018-07-25,25.44711,773.592144,1892.7560417999998
2018-07-26,18.932550000000003,575.54952,1408.203069
2018-07-27,18.45714,561.097056,1372.8420732
2018-07-28,22.814220000000002,693.5522880000001,1696.9216835999998
2018-07-29,20.590049999999998,625.93752,1531.487919
2018-07-30,15.185820000000001,461.64892800000007,1129.5212916
2018-07-31,14.903070000000001,453.05332799999996,1108.4903465999998
2018-08-01,22.98816,698.840064,1709.8593408
2018-08-02,21.93243,666.7458720000001,1631.3341434
2018-08-03,21.10875,641.706,1570.0688249999998
2018-08-04,20.48709,622.807536,1523.8297541999998
2018-08-05,10.834200000000001,329.35968,805.8477959999999
2018-08-06,26.59449,808.472496,1978.0981661999997
2018-08-07,27.207570000000004,827.110128,2023.6990566
2018-08-08,26.102310000000003,793.510224,1941.4898177999999
2018-08-09,24.56142,746.667168,1826.8784195999997
2018-08-10,27.144,825.1776000000001,2018.97072
2018-08-11,28.644330000000004,870.7876319999999,2130.5652653999996
2018-08-12,23.054460000000002,700.855584,1714.7907348000003
2018-08-13,22.280700000000003,677.3332800000001,1657.238466
2018-08-14,14.474459999999999,440.02358399999997,1076.6103348
2018-08-15,20.847450000000002,633.7624800000001,1550.633331
2018-08-16,29.15718,886.378272,2168.7110484
2018-08-17,24.46314,743.6794560000001,1819.5683532
2018-08-18,22.44801,682.419504,1669.6829837999999
2018-08-19,22.968660000000003,698.2472640000001,1708.4089308
2018-08-20,25.667070000000002,780.278928,1909.1166665999997
2018-08-21,22.71204,690.446016,1689.3215352
2018-08-22,22.806420000000003,693.3151680000001,1696.3415196
2018-08-23,22.30488,678.068352,1659.0369744
2018-08-24,22.95267,697.761168,1707.2195946
2018-08-25,25.88118,786.787872,1925.0421683999998
2018-08-26,21.46989,652.684656,1596.9304181999998
2018-08-27,24.6597,749.65488,1834.1884860000002
2018-08-28,24.97911,759.3649439999999,1857.9462018
2018-08-29,22.173840000000002,674.084736,1649.2902192
2018-08-30,22.72413,690.813552,1690.2207893999998
2018-08-31,25.6269,779.0577599999999,1906.128822
2018-09-01,23.10594,702.420576,1718.6198171999997
2018-09-02,23.450699999999998,712.90128,1744.263066
2018-09-03,23.617230000000003,717.963792,1756.6495674
2018-09-04,17.63814,536.199456,1311.9248532
2018-09-05,19.799129999999998,601.893552,1472.6592894
2018-09-06,18.16776,552.2999040000001,1351.3179888
2018-09-07,18.148260000000004,551.7071040000001,1349.8675788
2018-09-08,23.00415,699.3261600000001,1711.048677
2018-09-09,20.722260000000002,629.9567040000001,1541.3216988
2018-09-10,21.467940000000002,652.6253760000001,1596.7853771999999
2018-09-11,21.16959,643.555536,1574.5941042
2018-09-12,17.37489,528.1966560000001,1292.3443181999999
2018-09-13,15.317639999999999,465.656256,1139.3260632000001
2018-09-14,15.752880000000001,478.887552,1171.6992144
2018-09-15,16.182660000000002,491.95286400000003,1203.6662508
2018-09-16,17.43222,529.9394880000001,1296.6085236000001
2018-09-17,26.537550000000003,806.7415200000002,1973.862969
2018-09-18,23.552490000000002,715.9956960000001,1751.8342062000002
2018-09-19,26.92131,818.407824,2002.4070378000001
2018-09-20,25.87767,786.6811680000001,1924.7810945999997
2018-09-21,25.592969999999998,778.0262879999999,1903.6051085999998
2018-09-22,16.8441,512.0606399999999,1252.8641579999999
2018-09-23,23.191350000000003,705.0170400000001,1724.972613
2018-09-24,17.4525,530.5559999999999,1298.1169499999999
2018-09-25,24.285300000000003,738.2731200000001,1806.3406140000002
2018-09-26,19.725420000000003,599.652768,1467.1767396
2018-09-27,18.69933,568.459632,1390.8561654
2018-09-28,20.5647,625.16688,1529.602386
2018-09-29,23.187450000000002,704.8984800000001,1724.682531
2018-09-30,19.36116,588.5792640000001,1440.0830808
2018-10-01,20.67351,628.4747040000001,1537.6956738000001
2018-10-02,17.47317,531.184368,1299.6543846
2018-10-03,18.63303,566.444112,1385.9247714
2018-10-04,22.425780000000003,681.7437120000001,1668.0295164000001
2018-10-05,17.608890000000002,535.310256,1309.7492382
2018-10-06,18.21534,553.746336,1354.8569892
2018-10-07,20.96367,637.295568,1559.2777746
2018-10-08,17.60538,535.203552,1309.4881643999997
2018-10-09,14.285309999999999,434.27342400000003,1062.5413577999998
2018-10-10,16.658070000000002,506.40532800000005,1239.0272466000001
2018-10-11,16.51377,502.01860800000003,1228.2942126
2018-10-12,15.6585,476.0184,1164.67923
2018-10-13,20.574060000000003,625.4514240000001,1530.2985828
2018-10-14,18.422430000000002,560.041872,1370.2603434
2018-10-15,21.395010000000003,650.408304,1591.3608437999999
2018-10-16,16.6881,507.31824,1241.260878
2018-10-17,20.02494,608.758176,1489.4550371999999
2018-10-18,17.631510000000002,535.9979040000001,1311.4317138
2018-10-19,18.284760000000002,555.856704,1360.0204488
2018-10-20,17.20836,523.134144,1279.9578168
2018-10-21,14.833650000000002,450.9429600000001,1103.326887
2018-10-22,15.140580000000002,460.2736320000001,1126.1563404
2018-10-23,18.19116,553.011264,1353.0584807999999
2018-10-24,17.54532,533.377728,1305.0209016
2018-10-25,16.75635,509.39304,1246.337313
2018-10-26,15.096900000000002,458.94576000000006,1122.9074219999998
2018-10-27,18.645120000000002,566.811648,1386.8240256
2018-10-28,17.12802,520.691808,1273.9821275999998
2018-10-29,17.93103,545.103312,1333.7100114
2018-10-30,17.266469999999998,524.900688,1284.2800386
2018-10-31,19.722300000000004,599.5579200000001,1466.944674
2018-11-01,16.042260000000002,487.684704,1193.2232988
2018-11-02,13.610219999999998,413.75068799999997,1012.3281635999999
2018-11-03,14.98146,455.4363840000001,1114.3209947999999
2018-11-04,13.76466,418.445664,1023.8154108
2018-11-05,13.23972,402.487488,984.7703736
2018-11-06,15.36249,467.019696,1142.6620062
2018-11-07,17.19978,522.8733119999999,1279.3196363999998
2018-11-08,12.514320000000001,380.435328,930.8151215999999
2018-11-09,14.47992,440.189568,1077.0164496
2018-11-10,17.15142,521.403168,1275.7226196
2018-11-11,15.43269,469.153776,1147.8834822
2018-11-12,17.12334,520.5495360000001,1273.6340292
2018-11-13,13.969800000000001,424.68192,1039.0737239999999
2018-11-14,16.57656,503.927424,1232.9645328
2018-11-15,16.64481,506.00222400000007,1238.0409678
2018-11-16,18.117060000000002,550.758624,1347.5469228000002
2018-11-17,17.18769,522.505776,1278.4203822
2018-11-18,16.929510000000004,514.6571040000001,1259.2169538
2018-11-19,16.131179999999997,490.38787199999996,1199.8371683999999
2018-11-20,19.4688,591.85152,1448.089344
2018-11-21,16.886219999999998,513.341088,1255.9970435999999
2018-11-22,17.082,519.2928,1270.5591599999998
2018-11-23,16.08906,489.107424,1196.7042827999999
2018-11-24,16.09374,489.24969600000003,1197.0523812
2018-11-25,16.415490000000002,499.0308960000001,1220.9841462
2018-11-26,15.72012,477.89164800000003,1169.2625256
2018-11-27,15.139800000000001,460.24992,1126.098324
2018-11-28,15.199860000000003,462.07574400000004,1130.5655868000001
2018-11-29,18.73131,569.431824,1393.2348378
2018-11-30,15.3777,467.48208000000005,1143.793326
2018-12-01,18.486000000000004,561.9744000000001,1374.9886800000002
2018-12-02,21.42309,651.261936,1593.4494341999998
2018-12-03,19.69422,598.704288,1464.8560836000001
2018-12-04,16.207620000000002,492.711648,1205.5227756
2018-12-05,14.78334,449.413536,1099.5848291999998
2018-12-06,21.81153,663.070512,1622.3416013999997
2018-12-07,20.146620000000002,612.457248,1498.5055955999999
2018-12-08,17.94507,545.530128,1334.7543066
2018-12-09,20.194200000000002,613.90368,1502.044596
2018-12-10,19.74102,600.127008,1468.3370676
2018-12-11,16.62414,505.37385600000005,1236.5035332
2018-12-12,17.065230000000003,518.782992,1269.3118074000001
2018-12-13,18.83895,572.70408,1401.2411009999998
2018-12-14,18.045299999999997,548.57712,1342.209414
2018-12-15,17.24853,524.355312,1282.9456613999998
2018-12-16,22.279529999999998,677.2977119999999,1657.1514413999998
2018-12-17,17.95443,545.814672,1335.4505034
2018-12-18,16.34802,496.979808,1215.9657276
2018-12-19,19.08504,580.1852160000001,1419.5452752
2018-12-20,16.638180000000002,505.80067200000013,1237.5478284
2018-12-21,18.22665,554.09016,1355.6982269999999
2018-12-22,16.354650000000003,497.18136000000004,1216.458867
2018-12-23,20.807280000000002,632.5413120000001,1547.6454864000002
2018-12-24,21.515909999999998,654.083664,1600.3533857999998
2018-12-25,21.417630000000003,651.095952,1593.0433193999997
2018-12-26,22.48272,683.474688,1672.2647135999998
2018-12-27,23.33643,709.427472,1735.7636634
2018-12-28,21.63096,657.581184,1608.9108048000003
2018-12-29,21.11148,641.788992,1570.2718823999999
2018-12-30,21.60366,656.751264,1606.8802308
2018-12-31,21.558809999999998,655.3878239999999,1603.5442878
2019-01-01,25.79811,784.262544,1918.8634217999997
2019-01-02,26.072280000000003,792.597312,1939.2561864
2019-01-03,25.321530000000003,769.7745120000001,1883.4154014
2019-01-04,24.7377,752.02608,1839.990126
2019-01-05,19.432139999999997,590.7370559999999,1445.3625731999998
2019-01-06,17.042610000000003,518.0953440000001,1267.6293318
2019-01-07,13.04511,396.571344,970.2952818
2019-01-08,16.58124,504.069696,1233.3126312
2019-01-09,12.67266,385.248864,942.5924507999999
2019-01-10,15.333630000000001,466.1423520000001,1140.5153994
2019-01-11,18.50862,562.662048,1376.6711556
2019-01-12,16.696290000000005,507.56721600000003,1241.8700502000002
2019-01-13,16.16472,491.407488,1202.3318736
2019-01-14,13.184339999999999,400.80393599999996,980.6512091999998
2019-01-15,19.2387,584.85648,1430.974506
2019-01-16,16.833180000000002,511.728672,1252.0519284000002
2019-01-17,12.846599999999999,390.53664,955.5301079999999
2019-01-18,19.47816,592.1360639999999,1448.7855407999998
2019-01-19,20.50503,623.352912,1525.1641313999999
2019-01-20,18.89316,574.352064,1405.2732408000002
2019-01-21,15.188550000000001,461.73191999999995,1129.7243489999998
2019-01-22,22.74675,691.5012,1691.903265
2019-01-23,23.492820000000002,714.181728,1747.3959515999998
2019-01-24,24.20886,735.949344,1800.6550068000001
2019-01-25,16.808609999999998,510.981744,1250.2244117999999
2019-01-26,23.09502,702.088608,1717.8075876
2019-01-27,14.77749,449.23569599999996,1099.1497061999999
2019-01-28,11.086920000000001,337.042368,824.6451096
2019-01-29,20.90946,635.6475839999999,1555.2456347999998
2019-01-30,19.28901,586.385904,1434.7165638
2019-01-31,18.510180000000002,562.709472,1376.7871884
2019-02-01,20.61618,626.731872,1533.4314684
2019-02-02,18.542160000000003,563.6816640000001,1379.1658608
2019-02-03,21.76473,661.647792,1618.8606174
2019-02-04,18.854940000000003,573.1901760000001,1402.4304372
2019-02-05,18.51954,562.994016,1377.4833852
2019-02-06,17.474339999999998,531.219936,1299.7414092
2019-02-07,15.739620000000002,478.484448,1170.7129356
2019-02-08,15.642510000000001,475.53230400000007,1163.4898938000001
2019-02-09,14.55558,442.48963200000003,1082.6440404
2019-02-10,15.50952,471.489408,1153.5980976
2019-02-11,18.38577,558.927408,1367.5335725999998
2019-02-12,16.684199999999997,507.19968,1240.9707959999998
2019-02-13,19.160700000000002,582.4852800000001,1425.172866
2019-02-14,17.2926,525.6950400000001,1286.223588
2019-02-15,23.872680000000003,725.7294720000001,1775.6499383999999
2019-02-16,21.47652,652.886208,1597.4235576
2019-02-17,16.51299,501.994896,1228.2361962
2019-02-18,17.196270000000002,522.766608,1279.0585626
2019-02-19,9.82878,298.794912,731.0646564
2019-02-20,19.820580000000003,602.5456320000001,1474.2547404
2019-02-21,21.424260000000004,651.297504,1593.5364588000002
2019-02-22,22.46205,682.84632,1670.727279
2019-02-23,12.261600000000001,372.75264000000004,912.0178080000001
2019-02-24,16.929510000000004,514.6571040000001,1259.2169538
2019-02-25,18.61899,566.017296,1384.8804762
2019-02-26,14.5587,442.58448000000004,1082.876106
2019-02-27,9.311250000000001,283.062,692.570775
2019-02-28,17.65491,536.7092640000001,1313.1722058
2019-03-01,18.51798,562.946592,1377.3673523999998
2019-03-02,17.24502,524.248608,1282.6845876
2019-03-03,19.21062,584.002848,1428.8859155999999
2019-03-04,16.78443,510.24667200000005,1248.4259034
2019-03-05,16.51104,501.93561600000004,1228.0911552
2019-03-06,16.442790000000002,499.86081600000006,1223.0147202
2019-03-07,16.07385,488.64504000000005,1195.572963
2019-03-08,15.932670000000002,484.35316800000004,1185.0719946
2019-03-09,22.946820000000002,697.5833279999999,1706.7844716
2019-03-10,16.57734,503.9511360000001,1233.0225492000002
2019-03-11,19.50234,592.8711360000001,1450.5840492
2019-03-12,22.347,679.3488000000001,1662.1698600000002
2019-03-13,23.286900000000003,707.9217600000001,1732.0796220000002
2019-03-14,15.17529,461.32881599999996,1128.7380702
2019-03-15,16.80588,510.898752,1250.0213543999998
2019-03-16,17.07537,519.0912480000001,1270.0660206
2019-03-17,17.66778,537.100512,1314.1294764
2019-03-18,11.667240000000001,354.684096,867.8093112
2019-03-19,10.91298,331.754592,811.7074524
2019-03-20,15.17451,461.305104,1128.6800538
2019-03-21,15.26811,464.150544,1135.6420218
2019-03-22,14.025180000000002,426.365472,1043.1928884000001
2019-03-23,17.47239,531.1606560000001,1299.5963682
2019-03-24,14.631630000000001,444.8015520000001,1088.3006394
2019-03-25,20.149350000000002,612.54024,1498.708653
2019-03-26,12.605970000000001,383.221488,937.6320486
2019-03-27,13.72722,417.307488,1021.0306236
2019-03-28,16.46619,500.57217600000007,1224.7552122
2019-03-29,10.88646,330.94838400000003,809.7348947999999
2019-03-30,18.6693,567.54672,1388.6225339999999
2019-03-31,19.14978,582.1533119999999,1424.3606364
2019-04-01,18.78279,570.996816,1397.0639202
2019-04-02,14.96742,455.009568,1113.2766996
2019-04-03,19.65795,597.60168,1462.158321
2019-04-04,15.22209,462.75153600000004,1132.2190542
2019-04-05,13.16484,400.21113599999995,979.2007992
2019-04-06,19.328400000000002,587.5833600000001,1437.646392
2019-04-07,17.61474,535.488096,1310.1843612
2019-04-08,19.856460000000002,603.6363840000001,1476.9234948
2019-04-09,13.96044,424.397376,1038.3775272
2019-04-10,12.5697,382.11888,934.9342859999999
2019-04-11,21.37824,649.898496,1590.1134912
2019-04-12,18.79566,571.388064,1398.0211907999999
2019-04-13,17.43846,530.129184,1297.0726548
2019-04-14,18.8877,574.18608,1404.867126
2019-04-15,21.65709,658.375536,1610.8543542
2019-04-16,20.18679,613.678416,1501.4934402
2019-04-17,13.76583,418.48123200000003,1023.9024354000001
2019-04-18,15.022020000000001,456.66940800000003,1117.3378475999998
2019-04-19,16.3371,496.6478400000001,1215.153498
2019-04-20,16.702140000000004,507.7450560000001,1242.3051732000001
2019-04-21,16.7076,507.91104,1242.711288
2019-04-22,14.84496,451.286784,1104.1681248
2019-04-23,20.561970000000002,625.0838880000001,1529.3993286
2019-04-24,19.115850000000002,581.12184,1421.836923
2019-04-25,17.58822,534.6818880000001,1308.2118036
2019-04-26,18.49536,562.258944,1375.6848768
2019-04-27,17.6202,535.65408,1310.5904759999999
2019-04-28,21.88173,665.2045919999999,1627.5630773999997
2019-04-29,20.52102,623.839008,1526.3534676
2019-04-30,20.900100000000002,635.36304,1554.549438
2019-05-01,27.46029,834.792816,2042.4963702
2019-05-02,23.09853,702.1953120000001,1718.0686614
2019-05-03,21.411,650.8944,1592.55018
2019-05-04,16.65612,506.34604800000005,1238.8822056000001
2019-05-05,23.88594,726.1325760000001,1776.6362172
2019-05-06,23.03886,700.381344,1713.6304068
2019-05-07,20.863439999999997,634.248576,1551.8226671999998
2019-05-08,10.489830000000001,318.89083200000005,780.2335554
2019-05-09,17.128800000000002,520.7155200000001,1274.040144
2019-05-10,17.433,529.9631999999999,1296.66654
2019-05-11,16.88739,513.376656,1256.0840681999998
2019-05-12,21.40554,650.728416,1592.1440652
2019-05-13,16.06098,488.25379200000003,1194.6156924
2019-05-14,22.686690000000002,689.675376,1687.4360021999998
2019-05-15,17.266469999999998,524.900688,1284.2800386
2019-05-16,20.979660000000003,637.7816640000001,1560.4671108
2019-05-17,19.533540000000002,593.8196160000001,1452.9047052
2019-05-18,16.47633,500.88043200000004,1225.5094254
2019-05-19,18.78084,570.937536,1396.9188792
2019-05-20,21.386819999999997,650.159328,1590.7516715999998
2019-05-21,21.87354,664.9556160000001,1626.9539051999998
2019-05-22,22.00458,668.939232,1636.7006603999998
2019-05-23,13.3185,404.8824,990.6300299999999
2019-05-24,23.42418,712.095072,1742.2905084
2019-05-25,16.15341,491.063664,1201.4906358
2019-05-26,21.24447,645.831888,1580.1636786000001
2019-05-27,21.092760000000002,641.219904,1568.8794888
2019-05-28,11.64579,354.032016,866.2138601999999
2019-05-29,20.18289,613.559856,1501.2033582
2019-05-30,13.449539999999999,408.866016,1000.3767852
2019-05-31,16.8987,513.72048,1256.925306
2019-06-01,17.181060000000002,522.3042240000001,1277.9272428
2019-06-02,19.071,579.7584,1418.5009799999998
2019-06-03,21.625500000000002,657.4152,1608.50469
2019-06-04,25.731420000000004,782.235168,1913.9030195999999
2019-06-05,21.48588,653.1707520000001,1598.1197544
2019-06-06,18.624450000000003,566.18328,1385.2865909999998
2019-06-07,14.426490000000001,438.565296,1073.0423262
2019-06-08,23.5911,717.1694400000001,1754.7060179999999
2019-06-09,22.06698,670.836192,1641.3419724
2019-06-10,18.645899999999997,566.83536,1386.882042
2019-06-11,22.73739,691.2166560000001,1691.2070681999999
2019-06-12,20.52258,623.886432,1526.4695004
2019-06-13,17.65023,536.566992,1312.8241073999998
2019-06-14,18.452460000000002,560.954784,1372.4939748
2019-06-15,17.65218,536.626272,1312.9691484
2019-06-16,23.271690000000003,707.4593760000001,1730.9483022000002
2019-06-17,25.569570000000002,777.3149280000001,1901.8646165999999
2019-06-18,23.60865,717.70296,1756.0113869999998
2019-06-19,19.395870000000002,589.634448,1442.6648106
2019-06-20,20.29053,616.832112,1509.2096214
2019-06-21,22.064249999999998,670.7532,1641.138915
2019-06-22,23.433540000000004,712.379616,1742.9867052
2019-06-23,16.162770000000002,491.34820800000006,1202.1868326000001
2019-06-24,16.73646,508.78838400000006,1244.8578948
2019-06-25,19.5156,593.27424,1451.5703279999998
2019-06-26,25.65381,779.875824,1908.1303877999999
2019-06-27,21.65631,658.351824,1610.7963378
2019-06-28,17.951700000000002,545.73168,1335.2474459999999
2019-06-29,20.971080000000004,637.520832,1559.8289304
2019-06-30,20.530379999999997,624.1235519999999,1527.0496643999998
2019-07-01,19.573710000000002,595.0407840000001,1455.8925498
2019-07-02,20.317829999999997,617.662032,1511.2401954
2019-07-03,19.578390000000002,595.1830560000001,1456.2406482
2019-07-04,21.352890000000002,649.1278560000001,1588.2279582
2019-07-05,24.6636,749.7734399999999,1834.478568
2019-07-06,26.51766,806.1368640000001,1972.3835508
2019-07-07,26.545740000000002,806.990496,1974.4721412
2019-07-08,20.334600000000002,618.1718400000001,1512.487548
2019-07-09,18.98598,577.173792,1412.1771924
2019-07-10,23.12115,702.88296,1719.7511369999997
2019-07-11,22.05957,670.6109280000001,1640.7908166
2019-07-12,20.71836,629.838144,1541.0316168
2019-07-13,21.09666,641.338464,1569.1695708
2019-07-14,23.60202,717.5014080000001,1755.5182476000002
2019-07-15,20.36814,619.191456,1514.9822531999998
2019-07-16,20.321340000000003,617.768736,1511.5012692
2019-07-17,26.89323,817.554192,2000.3184473999997
2019-07-18,26.913899999999998,818.1825600000001,2001.8558819999998
2019-07-19,26.4849,805.14096,1969.9468620000002
2019-07-20,26.340989999999998,800.7660960000001,1959.2428361999998
2019-07-21,25.15578,764.735712,1871.0869163999998
2019-07-22,17.368260000000003,527.9951040000001,1291.8511788
2019-07-23,19.883370000000003,604.4544480000001,1478.9250606
2019-07-24,19.04565,578.98776,1416.615447
2019-07-25,20.464859999999998,622.131744,1522.1762868
2019-07-26,21.49797,653.538288,1599.0190085999998
2019-07-27,24.79737,753.840048,1844.4283806
2019-07-28,23.4663,713.37552,1745.423394
2019-07-29,24.355500000000003,740.4072,1811.5620900000001
2019-07-30,24.303240000000002,738.8184960000001,1807.6749912
2019-07-31,23.7237,721.20048,1764.568806
2019-08-01,16.05162,487.969248,1193.9194956
2019-08-02,19.38378,589.266912,1441.7655564
2019-08-03,20.116590000000002,611.544336,1496.2719642
2019-08-04,25.22325,766.7868000000001,1876.105335
2019-08-05,25.697879999999998,781.215552,1911.4083143999999
2019-08-06,21.88758,665.382432,1627.9982003999999
2019-08-07,23.56575,716.3988,1752.8204850000002
2019-08-08,24.20028,735.688512,1800.0168264
2019-08-09,24.98652,759.590208,1858.4973575999998
2019-08-10,23.64726,718.876704,1758.8831988
2019-08-11,23.062260000000002,701.092704,1715.3708988
2019-08-12,25.284090000000003,768.636336,1880.6306142
2019-08-13,19.717619999999997,599.415648,1466.5965755999998
2019-08-14,24.14217,733.921968,1795.6946045999998
2019-08-15,22.04358,670.124832,1639.6014804
2019-08-16,11.62044,353.26137600000004,864.3283272
2019-08-17,19.00275,577.6836,1413.4245449999999
2019-08-18,24.73458,751.931232,1839.7580604
2019-08-19,22.33764,679.064256,1661.4736632
2019-08-20,25.82346,785.033184,1920.7489548000003
2019-08-21,24.48381,744.307824,1821.1057878
2019-08-22,23.32317,709.024368,1734.7773845999998
2019-08-23,19.62519,596.605776,1459.7216322
2019-08-24,24.1956,735.54624,1799.6687279999999
2019-08-25,25.06218,761.890272,1864.1249483999998
2019-08-26,24.721709999999998,751.539984,1838.8007898
2019-08-27,27.121380000000002,824.4899519999999,2017.2882444
2019-08-28,13.594619999999999,413.276448,1011.1678355999999
2019-08-29,27.27231,829.078224,2028.5144177999996
2019-08-30,24.77202,753.0694080000001,1842.5428476
2019-08-31,18.77889,570.8782560000001,1396.7738382
2019-09-01,23.44602,712.759008,1743.9149676
2019-09-02,17.3667,527.94768,1291.735146
2019-09-03,28.00785,851.43864,2083.223883
2019-09-04,20.36073,618.966192,1514.4310974
2019-09-05,22.30878,678.186912,1659.3270564000002
2019-09-06,15.942810000000003,484.66142400000007,1185.8262078
2019-09-07,23.64531,718.817424,1758.7381578
2019-09-08,20.926230000000004,636.1573920000001,1556.4929874000002
2019-09-09,23.50686,714.608544,1748.4402468
2019-09-10,23.2362,706.38048,1728.3085560000002
2019-09-11,21.02061,639.0265440000001,1563.5129718
2019-09-12,23.35047,709.854288,1736.8079586
2019-09-13,22.538880000000002,685.181952,1676.4418944
2019-09-14,18.377580000000002,558.678432,1366.9244004
2019-09-15,21.044010000000004,639.7379040000001,1565.2534638
2019-09-16,18.861179999999997,573.379872,1402.8945683999998
2019-09-17,18.24732,554.718528,1357.2356616
2019-09-18,13.34073,405.558192,992.2834974
2019-09-19,15.55632,472.912128,1157.0790816
2019-09-20,16.6569,506.36976000000004,1238.940222
2019-09-21,16.96695,515.79528,1262.001741
2019-09-22,22.052940000000003,670.4093760000001,1640.2976772000002
2019-09-23,19.195410000000003,583.5404639999999,1427.7545957999998
2019-09-24,19.3479,588.17616,1439.096802
2019-09-25,20.93364,636.3826560000001,1557.0441432
2019-09-26,17.653740000000003,536.6736960000001,1313.0851812
2019-09-27,23.19681,705.1830239999999,1725.3787277999998
2019-09-28,23.49633,714.2884320000001,1747.6570253999998
2019-09-29,18.0375,548.34,1341.62925
2019-09-30,18.88653,574.1505119999999,1404.7801014
2019-10-01,22.76625,692.094,1693.353675
2019-10-02,15.758340000000002,479.0535360000001,1172.1053292000001
2019-10-03,13.794690000000001,419.3585760000001,1026.0490422
2019-10-04,23.16795,704.30568,1723.232121
2019-10-05,19.97697,607.299888,1485.8870286
2019-10-06,18.70206,568.542624,1391.0592228
2019-10-07,23.32317,709.024368,1734.7773845999998
2019-10-08,17.31132,526.264128,1287.6159816
2019-10-09,21.76668,661.707072,1619.0056584
2019-10-10,15.75951,479.08910399999996,1172.1923537999999
2019-10-11,14.619540000000002,444.434016,1087.4013851999998
2019-10-12,19.337760000000003,587.8679040000001,1438.3425888
2019-10-13,18.88575,574.1268000000001,1404.7220849999999
2019-10-14,17.65218,536.626272,1312.9691484
2019-10-15,19.84593,603.316272,1476.1402734
2019-10-16,18.94737,576.000048,1409.3053805999998
2019-10-17,20.80338,632.4227520000001,1547.3554044
2019-10-18,19.43799,590.914896,1445.7976962
2019-10-19,16.32306,496.221024,1214.1092027999998
2019-10-20,17.998500000000003,547.1544,1338.7284300000001
2019-10-21,13.473720000000002,409.601088,1002.1752935999999
2019-10-22,18.377580000000002,558.678432,1366.9244004
2019-10-23,19.265610000000002,585.674544,1432.9760717999998
2019-10-24,15.96738,485.40835200000004,1187.6537243999999
2019-10-25,17.70366,538.191264,1316.7982308
2019-10-26,20.46642,622.179168,1522.2923196
2019-10-27,18.4821,561.85584,1374.698598
2019-10-28,22.339590000000005,679.1235360000001,1661.6187042
2019-10-29,22.0233,669.50832,1638.093054
2019-10-30,21.134880000000003,642.500352,1572.0123744
2019-10-31,19.81512,602.3796480000001,1473.8486255999999
2019-11-01,18.62562,566.218848,1385.3736156
2019-11-02,18.88848,574.2097920000001,1404.9251424
2019-11-03,16.648710000000005,506.12078400000007,1238.3310498
2019-11-04,20.95314,636.975456,1558.4945532000002
2019-11-05,14.29077,434.439408,1062.9474726
2019-11-06,21.29322,647.3138880000001,1583.7897036000002
2019-11-07,22.07478,671.073312,1641.9221363999998
2019-11-08,18.24459,554.635536,1357.0326042
2019-11-09,7.7520299999999995,235.66171200000002,576.5959914
2019-11-10,16.68615,507.25896,1241.115837
2019-11-11,19.75038,600.411552,1469.0332644
2019-11-12,11.756160000000001,357.387264,874.4231808000001
2019-11-13,12.168780000000002,369.93091200000003,905.1138564
2019-11-14,14.3871,437.36784000000006,1070.112498
2019-11-15,16.1694,491.54976000000005,1202.679972
2019-11-16,19.022250000000003,578.2764000000001,1414.874955
2019-11-17,16.120649999999998,490.06775999999996,1199.0539469999999
2019-11-18,18.13422,551.280288,1348.8232836
2019-11-19,16.684199999999997,507.19968,1240.9707959999998
2019-11-20,17.58939,534.7174560000001,1308.2988282000001
2019-11-21,19.20399,583.8012960000001,1428.3927762
2019-11-22,18.88848,574.2097920000001,1404.9251424
2019-11-23,18.87054,573.664416,1403.5907651999999
2019-11-24,17.98056,546.609024,1337.3940528
2019-11-25,19.500780000000002,592.8237120000001,1450.4680164000001
2019-11-26,19.990230000000004,607.702992,1486.8733074000002
2019-11-27,20.361900000000002,619.00176,1514.518122
2019-11-28,16.82382,511.444128,1251.3557316
2019-11-29,14.764620000000003,448.844448,1098.1924356
2019-11-30,17.65569,536.732976,1313.2302221999998
2019-12-01,23.036910000000002,700.322064,1713.4853658
2019-12-02,20.584590000000002,625.7715360000001,1531.0818041999999
2019-12-03,15.685409999999997,476.8364639999999,1166.6807958
2019-12-04,20.04834,609.4695360000001,1491.1955292
2019-12-05,21.115380000000002,641.907552,1570.5619644
2019-12-06,19.359209999999997,588.519984,1439.9380397999998
2019-12-07,15.06492,457.97356800000006,1120.5287496
2019-12-08,16.45878,500.34691200000003,1224.2040564
2019-12-09,22.56891,686.094864,1678.6755258
2019-12-10,17.573400000000003,534.23136,1307.109492
2019-12-11,17.45172,530.5322880000001,1298.0589336
2019-12-12,18.07221,549.395184,1344.2109798
2019-12-13,14.11293,429.03307200000006,1049.7197334
2019-12-14,13.085280000000001,397.79251200000004,973.2831263999999
2019-12-15,14.70261,446.95934399999993,1093.5801318
2019-12-16,18.26799,555.346896,1358.7730962
2019-12-17,16.387410000000003,498.17726400000004,1218.8955558
2019-12-18,15.459990000000003,469.98369600000007,1149.9140562
2019-12-19,19.20009,583.682736,1428.1026941999999
2019-12-20,19.253519999999998,585.307008,1432.0768176
2019-12-21,17.71848,538.641792,1317.9005424
2019-12-22,15.99429,486.226416,1189.6552901999999
2019-12-23,17.55,533.52,1305.369
2019-12-24,21.74796,661.137984,1617.6132648
2019-12-25,15.39798,468.098592,1145.3017524
2019-12-26,20.936369999999997,636.465648,1557.2472005999998
2019-12-27,11.19378,340.290912,832.5933564
2019-12-28,18.77889,570.8782560000001,1396.7738382
2019-12-29,16.9689,515.85456,1262.146782
2019-12-30,10.962510000000002,333.260304,815.3914938
2019-12-31,12.0471,366.23184000000003,896.063298
2020-01-01,15.596490000000001,474.13329600000003,1160.0669262
2020-01-02,20.315099999999997,617.57904,1511.037138
2020-01-03,23.450699999999998,712.90128,1744.263066
2020-01-04,23.61801,717.9875040000001,1756.7075838
2020-01-05,22.00146,668.844384,1636.4685948
2020-01-06,22.458540000000003,682.7396160000001,1670.4662052
2020-01-07,25.037220000000005,761.1314880000001,1862.2684236
2020-01-08,23.84928,725.018112,1773.9094464
2020-01-09,25.80006,784.321824,1919.0084628000002
2020-01-10,25.81098,784.6537920000001,1919.8206923999999
2020-01-11,25.604280000000003,778.3701120000001,1904.4463463999998
2020-01-12,23.464740000000003,713.3280960000001,1745.3073612
2020-01-13,24.33678,739.838112,1810.1696964
2020-01-14,22.026030000000002,669.591312,1638.2961114
2020-01-15,16.21542,492.948768,1206.1029396
2020-01-16,23.03769,700.345776,1713.5433822
2020-01-17,22.12899,672.721296,1645.9542761999999
2020-01-18,21.568170000000002,655.6723680000001,1604.2404846
2020-01-19,20.6115,626.5896,1533.0833699999998
2020-01-20,10.74606,326.680224,799.2919428
2020-01-21,18.331560000000003,557.2794240000001,1363.5014328
2020-01-22,12.106380000000001,368.03395200000006,900.4725444000001
2020-01-23,16.68225,507.1404,1240.825755
2020-01-24,15.657330000000004,475.98283200000003,1164.5922054
2020-01-25,21.28854,647.171616,1583.4416052
2020-01-26,19.073729999999998,579.841392,1418.7040373999998
2020-01-27,20.0733,610.22832,1493.052054
2020-01-28,17.0391,517.98864,1267.368258
2020-01-29,21.43635,651.6650400000001,1594.435713
2020-01-30,22.70346,690.185184,1688.6833548
2020-01-31,22.471410000000002,683.1308640000001,1671.4234758
2020-02-01,23.19408,705.1000319999999,1725.1756703999997
2020-02-02,16.750500000000002,509.21520000000004,1245.9021899999998
2020-02-03,23.577840000000002,716.766336,1753.7197392
2020-02-04,25.137060000000005,764.1666240000001,1869.6945228000002
2020-02-05,25.49742,775.121568,1896.4980996
2020-02-06,26.40729,802.7816160000001,1964.1742301999998
2020-02-07,22.073610000000002,671.0377440000001,1641.8351118000003
2020-02-08,22.054109999999998,670.444944,1640.3847018
2020-02-09,23.564580000000003,716.363232,1752.7334604
2020-02-10,26.50362,805.7100480000001,1971.3392556
2020-02-11,25.089480000000005,762.720192,1866.1555223999999
2020-02-12,21.340020000000003,648.736608,1587.2706876
2020-02-13,21.51669,654.107376,1600.4114022
2020-02-14,18.433740000000004,560.385696,1371.1015812
2020-02-15,16.60932,504.92332799999997,1235.4012216
2020-02-16,22.129769999999997,672.745008,1646.0122926
2020-02-17,22.48545,683.55768,1672.4677709999999
2020-02-18,27.99303,850.9881119999999,2082.1215714
2020-02-19,25.007189999999998,760.218576,1860.0347921999999
2020-02-20,21.43245,651.5464800000001,1594.1456309999999
2020-02-21,18.572190000000003,564.5945760000001,1381.3994922
2020-02-22,14.740050000000002,448.09752000000003,1096.3649189999999
2020-02-23,16.583190000000002,504.128976,1233.4576722000002
2020-02-24,16.335150000000002,496.58856000000003,1215.0084570000001
2020-02-25,21.463260000000002,652.483104,1596.4372788
2020-02-26,19.85802,603.6838080000001,1477.0395276
2020-02-27,20.23164,615.0418559999999,1504.8293832
2020-02-28,21.287370000000003,647.1360480000001,1583.3545806
2020-02-29,18.560100000000002,564.2270400000001,1380.500238
2020-03-01,17.832749999999997,542.1156,1326.399945
2020-03-02,19.4181,590.31024,1444.318278
2020-03-03,20.124000000000002,611.7696000000001,1496.82312
2020-03-04,19.03824,578.762496,1416.0642911999998
2020-03-05,26.08905,793.10712,1940.503539
2020-03-06,23.95887,728.349648,1782.0607506
2020-03-07,19.27029,585.816816,1433.3241701999998
2020-03-08,15.809819999999998,480.618528,1175.9344116
2020-03-09,17.851470000000003,542.684688,1327.7923386
2020-03-10,13.896869999999998,422.46484799999996,1033.6491905999999
2020-03-11,14.7927,449.69808000000006,1100.281026
2020-03-12,17.17755,522.1975199999999,1277.6661689999999
2020-03-13,16.4268,499.37471999999997,1221.825384
2020-03-14,16.91898,514.336992,1258.4337323999998
2020-03-15,19.52418,593.5350719999999,1452.2085083999998
2020-03-16,22.51158,684.352032,1674.4113203999998
2020-03-17,24.04506,730.969824,1788.4715628000001
2020-03-18,20.88138,634.793952,1553.1570444
2020-03-19,17.296499999999998,525.8136,1286.5136699999998
2020-03-20,10.207080000000001,310.295232,759.2026103999999
2020-03-21,17.60694,535.250976,1309.6041971999998
2020-03-22,23.690160000000002,720.180864,1762.0741008
2020-03-23,19.843200000000003,603.23328,1475.9372159999998
2020-03-24,13.63362,414.462048,1014.0686555999999
2020-03-25,21.043229999999998,639.714192,1565.1954474
2020-03-26,19.904040000000002,605.0828160000001,1480.4624952
2020-03-27,21.691019999999998,659.407008,1613.3780676
2020-03-28,22.45542,682.644768,1670.2341395999997
2020-03-29,16.03914,487.589856,1192.9912332
2020-03-30,17.569499999999998,534.1128,1306.8194099999998
2020-03-31,17.03988,518.0123520000001,1267.4262744
2020-04-01,12.88482,391.698528,958.3729116
2020-04-02,21.18831,644.124624,1575.9864978
2020-04-03,20.3307,618.05328,1512.197466
2020-04-04,19.821749999999998,602.5812,1474.341765
2020-04-05,18.32298,557.018592,1362.8632524
2020-04-06,14.761500000000002,448.74960000000004,1097.96037
2020-04-07,21.77214,661.873056,1619.4117732
2020-04-08,20.80065,632.3397600000001,1547.152347
2020-04-09,18.647850000000002,566.89464,1387.027083
2020-04-10,15.89718,483.274272,1182.4322484
2020-04-11,16.53912,502.789248,1230.1797456
2020-04-12,16.44357,499.88452800000005,1223.0727366
2020-04-13,16.39209,498.319536,1219.2436542
2020-04-14,14.973270000000001,455.18740800000006,1113.7118226
2020-04-15,20.586540000000003,625.830816,1531.2268452
2020-04-16,20.638020000000004,627.395808,1535.0559276000001
2020-04-17,18.69738,568.400352,1390.7111243999998
2020-04-18,13.07319,397.424976,972.3838722
2020-04-19,17.666220000000003,537.053088,1314.0134435999998
2020-04-20,20.56392,625.1431680000001,1529.5443696
2020-04-21,13.018979999999999,395.776992,968.3517324000001
2020-04-22,20.033130000000003,609.007152,1490.0642094
2020-04-23,17.00166,516.850464,1264.5834708
2020-04-24,16.42212,499.23244800000003,1221.4772856
2020-04-25,20.358,618.8832,1514.22804
2020-04-26,23.13792,703.392768,1720.9984896
2020-04-27,20.079929999999997,610.429872,1493.5451933999998
2020-04-28,23.85474,725.1840960000001,1774.3155612
2020-04-29,17.77737,540.432048,1322.2807805999998
2020-04-30,17.41506,529.417824,1295.3321627999999
2020-05-01,15.710760000000002,477.60710400000005,1168.5663288
2020-05-02,19.93485,606.0194400000001,1482.754143
2020-05-03,18.70323,568.5781920000001,1391.1462474
2020-05-04,23.06031,701.033424,1715.2258578
2020-05-05,25.607010000000002,778.453104,1904.6494038
2020-05-06,22.6941,689.90064,1687.9871580000001
2020-05-07,19.37442,588.9823680000001,1441.0693596
2020-05-08,22.23936,676.076544,1654.1635967999998
2020-05-09,24.94518,758.3334720000001,1855.4224884
2020-05-10,23.57511,716.683344,1753.5166818
2020-05-11,12.612600000000002,383.42304,938.1251880000001
2020-05-12,17.39283,528.742032,1293.6786954
2020-05-13,14.827020000000001,450.74140800000004,1102.8337476
2020-05-14,22.33764,679.064256,1661.4736632
2020-05-15,20.622030000000002,626.909712,1533.8665914
2020-05-16,23.25765,707.03256,1729.9040069999999
2020-05-17,18.30348,556.425792,1361.4128424
2020-05-18,24.0123,729.97392,1786.034874
2020-05-19,11.096280000000002,337.32691200000005,825.3413064
2020-05-20,27.368640000000003,832.0066559999999,2035.6794431999997
2020-05-21,24.14022,733.862688,1795.5495635999998
2020-05-22,19.117800000000003,581.1811200000001,1421.981964
2020-05-23,23.866050000000005,725.5279200000001,1775.1567990000003
2020-05-24,23.57706,716.742624,1753.6617228
2020-05-25,20.461740000000002,622.0368960000001,1521.9442212
2020-05-26,23.24556,706.665024,1729.0047528
2020-05-27,16.80393,510.83947200000006,1249.8763134
2020-05-28,12.25965,372.69336000000004,911.872767
2020-05-29,15.022020000000001,456.66940800000003,1117.3378475999998
2020-05-30,10.616970000000002,322.755888,789.6902286
2020-05-31,15.616380000000001,474.73795200000006,1161.5463444
2020-06-01,20.597459999999998,626.162784,1532.0390747999998
2020-06-02,14.714700000000002,447.32688,1094.479386
2020-06-03,7.82496,237.87878400000002,582.0205248
2020-06-04,25.344930000000005,770.4858720000001,1885.1558934
2020-06-05,18.20442,553.414368,1354.0447596
2020-06-06,15.075060000000002,458.28182400000003,1121.2829628
2020-06-07,24.44169,743.027376,1817.9729022
2020-06-08,23.926890000000004,727.377456,1779.6820782
2020-06-09,19.12443,581.382672,1422.4751033999999
2020-06-10,12.00342,364.903968,892.8143795999998
2020-06-11,18.607680000000002,565.6734720000001,1384.0392384000002
2020-06-12,15.79773,480.25099200000005,1175.0351574000001
2020-06-13,22.756110000000003,691.785744,1692.5994618000002
2020-06-14,20.65947,628.047888,1536.6513786
2020-06-15,18.44466,560.717664,1371.9138108
2020-06-16,21.27528,646.768512,1582.4553263999999
2020-06-17,11.11305,337.83672,826.588659
2020-06-18,20.24373,615.409392,1505.7286373999998
2020-06-19,20.72499,630.039696,1541.5247562
2020-06-20,20.20629,614.271216,1502.9438502
2020-06-21,22.932,697.1328,1705.68216
2020-06-22,22.17306,674.061024,1649.2322027999999
2020-06-23,22.159800000000004,673.6579200000001,1648.245924
2020-06-24,19.521060000000002,593.440224,1451.9764427999999
2020-06-25,21.41841,651.1196640000001,1593.1013358
2020-06-26,20.18952,613.7614080000001,1501.6964976
2020-06-27,19.04292,578.904768,1416.4123895999999
2020-06-28,16.06722,488.44348799999995,1195.0798235999998
2020-06-29,22.26003,676.704912,1655.7010314
2020-06-30,21.14814,642.903456,1572.9986532
2020-07-01,20.43756,621.301824,1520.1457128
2020-07-02,19.80771,602.154384,1473.2974698
2020-07-03,20.677020000000002,628.581408,1537.9567476
2020-07-04,16.855410000000003,512.4044640000001,1253.7053958
2020-07-05,13.84734,420.959136,1029.9651492
2020-07-06,21.490560000000002,653.313024,1598.4678528
2020-07-07,18.72273,569.1709920000001,1392.5966574
2020-07-08,20.90166,635.4104639999999,1554.6654708
2020-07-09,24.12267,733.329168,1794.2441946
2020-07-10,18.65448,567.096192,1387.5202224
2020-07-11,17.42169,529.6193760000001,1295.8253022000001
2020-07-12,17.427540000000004,529.797216,1296.2604252
2020-07-13,23.517000000000003,714.9168000000001,1749.19446
2020-07-14,24.1449,734.00496,1795.8976619999999
2020-07-15,19.88727,604.5730080000001,1479.2151426
2020-07-16,22.278750000000002,677.2740000000001,1657.0934250000003
2020-07-17,26.15574,795.134496,1945.4639412
2020-07-18,25.28526,768.6719039999999,1880.7176387999998
2020-07-19,25.147589999999997,764.4867360000001,1870.4777442
2020-07-20,18.647850000000002,566.89464,1387.027083
2020-07-21,19.51482,593.250528,1451.5123116
2020-07-22,16.64676,506.061504,1238.1860087999999
2020-07-23,14.17572,430.941888,1054.3900535999999
2020-07-24,19.634550000000004,596.8903200000001,1460.4178290000002
2020-07-25,18.78084,570.937536,1396.9188792
2020-07-26,20.1708,613.19232,1500.3041039999998
2020-07-27,21.775260000000003,661.9679040000001,1619.6438388000001
2020-07-28,23.157420000000002,703.9855680000001,1722.4488996
2020-07-29,23.499060000000004,714.371424,1747.8600827999999
2020-07-30,21.86886,664.813344,1626.6058068000002
2020-07-31,24.055979999999998,731.301792,1789.2837924
2020-08-01,24.89292,756.7447679999999,1851.5353895999997
2020-08-02,26.7696,813.79584,1991.122848
2020-08-03,24.17298,734.858592,1797.9862524
2020-08-04,23.455379999999998,713.043552,1744.6111643999998
2020-08-05,20.584590000000002,625.7715360000001,1531.0818041999999
2020-08-06,20.25114,615.634656,1506.2797931999999
2020-08-07,21.9063,665.9515200000001,1629.3905939999997
2020-08-08,24.551280000000002,746.358912,1826.1242063999998
2020-08-09,23.331750000000003,709.2852,1735.4155649999998
2020-08-10,19.99101,607.726704,1486.9313238
2020-08-11,20.128680000000003,611.911872,1497.1712183999998
2020-08-12,24.190920000000002,735.4039680000001,1799.3206296
2020-08-13,19.415370000000003,590.227248,1444.1152206
2020-08-14,19.34517,588.093168,1438.8937446
2020-08-15,20.71173,629.6365920000001,1540.5384774
2020-08-16,16.14795,490.89768000000004,1201.084521
2020-08-17,17.48058,531.409632,1300.2055404
2020-08-18,20.193420000000003,613.8799680000001,1501.9865796000001
2020-08-19,15.894060000000003,483.17942400000004,1182.2001828
2020-08-20,21.70779,659.916816,1614.6254202
2020-08-21,18.33351,557.338704,1363.6464738
2020-08-22,14.4612,439.62048,1075.624056
2020-08-23,18.066750000000003,549.2292000000001,1343.804865
2020-08-24,19.553819999999998,594.4361279999999,1454.4131315999998
2020-08-25,15.85116,481.8752640000001,1179.0092808
2020-08-26,16.57734,503.9511360000001,1233.0225492000002
2020-08-27,17.49111,531.729744,1300.9887618
2020-08-28,22.43397,681.992688,1668.6386886
2020-08-29,20.329140000000002,618.005856,1512.0814332
2020-08-30,16.12338,490.15075200000007,1199.2570044
2020-08-31,22.894560000000002,695.994624,1702.8973728
2020-09-01,21.708569999999998,659.940528,1614.6834365999998
2020-09-02,15.7521,478.86384000000004,1171.6411979999998
2020-09-03,20.826,633.1104,1549.03788
2020-09-04,20.680920000000004,628.699968,1538.2468296
2020-09-05,28.25979,859.0976160000001,2101.9631802
2020-09-06,22.83099,694.062096,1698.1690362
2020-09-07,18.08547,549.798288,1345.1972586
2020-09-08,15.467400000000001,470.20896,1150.465212
2020-09-09,19.533540000000002,593.8196160000001,1452.9047052
2020-09-10,24.94713,758.3927520000001,1855.5675294
2020-09-11,20.94495,636.72648,1557.885381
2020-09-12,20.061210000000003,609.8607840000001,1492.1527998
2020-09-13,23.71824,721.034496,1764.1626912
2020-09-14,25.293450000000004,768.92088,1881.326811
2020-09-15,19.62519,596.605776,1459.7216322
2020-09-16,21.045180000000002,639.7734720000001,1565.3404884000001
2020-09-17,19.700070000000004,598.8821280000001,1465.2912066
2020-09-18,18.47118,561.5238720000001,1373.8863684
2020-09-19,20.987070000000003,638.0069280000001,1561.0182666
2020-09-20,19.42122,590.4050880000001,1444.5503436
2020-09-21,19.8003,601.92912,1472.746314
2020-09-22,27.975089999999998,850.442736,2080.7871942
2020-09-23,20.43288,621.1595520000001,1519.7976144000002
2020-09-24,22.75221,691.667184,1692.3093797999998
2020-09-25,23.1387,703.4164800000001,1721.0565060000001
2020-09-26,18.425939999999997,560.1485759999999,1370.5214171999999
2020-09-27,20.35878,618.906912,1514.2860564
2020-09-28,22.517429999999997,684.5298720000001,1674.8464433999998
2020-09-29,20.249579999999998,615.587232,1506.1637604
2020-09-30,21.36225,649.4124,1588.924155
2020-10-01,22.98894,698.863776,1709.9173571999997
2020-10-02,20.124000000000002,611.7696000000001,1496.82312
2020-10-03,17.87838,543.502752,1329.7939044
2020-10-04,19.075680000000002,579.9006720000001,1418.8490784
2020-10-05,21.11811,641.990544,1570.7650218
2020-10-06,18.73326,569.4911040000001,1393.3798788
2020-10-07,17.773860000000003,540.3253440000001,1322.0197068
2020-10-08,20.69418,629.103072,1539.2331083999998
2020-10-09,20.83926,633.513504,1550.0241588
2020-10-10,26.23881,797.6598240000001,1951.6426878
2020-10-11,24.20418,735.8070720000001,1800.3069083999999
2020-10-12,21.28074,646.934496,1582.8614412
2020-10-13,18.51213,562.768752,1376.9322293999999
2020-10-14,20.0733,610.22832,1493.052054
2020-10-15,21.675810000000002,658.944624,1612.2467478
2020-10-16,20.39739,620.0806560000001,1517.1578682000002
2020-10-17,18.900570000000002,574.5773280000001,1405.8243966
2020-10-18,19.234800000000003,584.7379200000001,1430.684424
2020-10-19,12.79785,389.05463999999995,951.9040829999999
2020-10-20,18.50082,562.4249280000001,1376.0909916
2020-10-21,19.967610000000004,607.015344,1485.1908318
2020-10-22,18.99222,577.363488,1412.6413235999999
2020-10-23,20.99916,638.374464,1561.9175208000001
2020-10-24,14.789579999999999,449.603232,1100.0489604
2020-10-25,17.46966,531.077664,1299.3933108
2020-10-26,20.23437,615.1248479999999,1505.0324406
2020-10-27,19.343220000000002,588.033888,1438.7487036
2020-10-28,16.76181,509.559024,1246.7434278
2020-10-29,18.91266,574.944864,1406.7236507999999
2020-10-30,16.110509999999998,489.759504,1198.2997337999998
2020-10-31,16.39404,498.378816,1219.3886952
2020-11-01,17.091359999999998,519.5773439999999,1271.2553567999998
2020-11-02,21.67386,658.885344,1612.1017067999999
2020-11-03,17.613570000000003,535.452528,1310.0973366
2020-11-04,16.826549999999997,511.52712,1251.558789
2020-11-05,14.6952,446.73408,1093.028976
2020-11-06,12.757679999999999,387.83347200000003,948.9162384
2020-11-07,21.320130000000002,648.1319520000001,1585.7912694000001
2020-11-08,17.03988,518.0123520000001,1267.4262744
2020-11-09,11.45586,348.25814399999996,852.0868667999999
2020-11-10,16.2123,492.85392,1205.870874
2020-11-11,13.241670000000001,402.546768,984.9154146000001
2020-11-12,15.65538,475.923552,1164.4471644
2020-11-13,17.803500000000003,541.2264000000001,1324.22433
2020-11-14,15.64056,475.47302399999995,1163.3448528
2020-11-15,20.13804,612.196416,1497.8674151999999
2020-11-16,18.064799999999998,549.16992,1343.6598239999998
2020-11-17,14.27322,433.90588800000006,1061.6421036
2020-11-18,16.775070000000003,509.9621280000001,1247.7297066
2020-11-19,18.4392,560.55168,1371.507696
2020-11-20,17.67831,537.420624,1314.9126977999997
2020-11-21,19.254300000000004,585.33072,1432.1348340000002
2020-11-22,20.95977,637.177008,1558.9876926
2020-11-23,21.09003,641.136912,1568.6764314000002
2020-11-24,18.56361,564.333744,1380.7613118
2020-11-25,18.47391,561.6068640000001,1374.0894258
2020-11-26,16.74231,508.966224,1245.2930178000001
2020-11-27,15.711540000000001,477.63081600000004,1168.6243451999999
2020-11-28,19.032780000000002,578.5965120000001,1415.6581764000002
2020-11-29,22.36299,679.834896,1663.3591961999998
2020-11-30,15.52902,472.08220800000004,1155.0485075999998
2020-12-01,17.91972,544.759488,1332.8687736
2020-12-02,16.87998,513.151392,1255.5329124
2020-12-03,19.5195,593.3928,1451.86041
2020-12-04,21.090809999999998,641.160624,1568.7344478
2020-12-05,19.110390000000002,580.955856,1421.4308082
2020-12-06,19.69422,598.704288,1464.8560836000001
2020-12-07,15.871830000000001,482.50363200000004,1180.5467154
2020-12-08,18.741450000000004,569.74008,1393.989051
2020-12-09,17.29533,525.778032,1286.4266454
2020-12-10,21.91254,666.141216,1629.8547251999998
2020-12-11,20.76321,631.201584,1544.3675598
2020-12-12,17.34213,527.2007520000001,1289.9076294
2020-12-13,20.82678,633.1341120000001,1549.0958964
2020-12-14,19.94616,606.363264,1483.5953808
2020-12-15,17.74578,539.471712,1319.9311164
2020-12-16,18.82101,572.158704,1399.9067238
2020-12-17,17.20641,523.074864,1279.8127758
2020-12-18,15.4908,470.92032000000006,1152.205704
2020-12-19,19.02498,578.3593920000001,1415.0780123999998
2020-12-20,17.4525,530.5559999999999,1298.1169499999999
2020-12-21,18.347550000000002,557.76552,1364.690769
2020-12-22,17.547269999999997,533.437008,1305.1659425999999
2020-12-23,20.72031,629.897424,1541.1766578
2020-12-24,18.82374,572.241696,1400.1097812
2020-12-25,16.80198,510.78019200000006,1249.7312724
2020-12-26,16.416659999999997,499.06646399999994,1221.0711708
2020-12-27,14.29935,434.70024,1063.585653
2020-12-28,19.53042,593.7247679999999,1452.6726396
2020-12-29,20.00895,608.27208,1488.2657009999998
2020-12-30,18.67866,567.831264,1389.3187308
2020-12-31,20.52102,623.839008,1526.3534676
2021-01-01,18.359640000000002,558.133056,1365.5900232
2021-01-02,19.3479,588.17616,1439.096802
2021-01-03,19.54446,594.1515840000001,1453.7169348
2021-01-04,22.68786,689.710944,1687.5230268
2021-01-05,20.86071,634.1655840000001,1551.6196098
2021-01-06,19.56513,594.7799520000001,1455.2543694
2021-01-07,18.655260000000002,567.119904,1387.5782388000002
2021-01-08,11.85639,360.434256,881.8782881999999
2021-01-09,17.28597,525.493488,1285.7304485999998
2021-01-10,22.0233,669.50832,1638.093054
2021-01-11,18.49068,562.1166720000001,1375.3367784
2021-01-12,21.788130000000002,662.359152,1620.6011094
2021-01-13,23.170680000000004,704.388672,1723.4351784
2021-01-14,22.17462,674.1084480000001,1649.3482356
2021-01-15,22.347,679.3488000000001,1662.1698600000002
2021-01-16,22.82046,693.741984,1697.3858148
2021-01-17,24.81726,754.444704,1845.9077988000001
2021-01-18,23.05173,700.772592,1714.5876774
2021-01-19,24.71586,751.362144,1838.3656667999999
2021-01-20,22.214010000000002,675.305904,1652.2780638000002
2021-01-21,19.37442,588.9823680000001,1441.0693596
2021-01-22,21.20586,644.6581440000001,1577.2918668
2021-01-23,17.854200000000002,542.76768,1327.995396
2021-01-24,20.339280000000002,618.314112,1512.8356464
2021-01-25,21.27801,646.851504,1582.6583838
2021-01-26,16.00482,486.5465279999999,1190.4385115999999
2021-01-27,22.65588,688.738752,1685.1443544
2021-01-28,19.157970000000002,582.4022880000001,1424.9698086
2021-01-29,22.56696,686.0355840000001,1678.5304848
2021-01-30,25.013820000000003,760.4201280000001,1860.5279315999999
2021-01-31,24.91359,757.3731359999999,1853.0728241999998
2021-02-01,19.6599,597.66096,1462.303362
2021-02-02,22.276020000000003,677.1910080000001,1656.8903676000002
2021-02-03,19.52691,593.618064,1452.4115657999998
2021-02-04,22.61649,687.5412960000001,1682.2145262
2021-02-05,17.553900000000002,533.6385600000001,1305.6590820000001
2021-02-06,20.544420000000002,624.550368,1528.0939596
2021-02-07,20.091240000000003,610.7736960000001,1494.3864312
2021-02-08,16.84722,512.155488,1253.0962236
2021-02-09,14.83833,451.085232,1103.6749854
2021-02-10,18.53553,563.480112,1378.6727214
2021-02-11,19.71606,599.368224,1466.4805428
2021-02-12,12.791220000000001,388.85308799999996,951.4109435999999
2021-02-13,16.19202,492.23740799999996,1204.3624475999998
2021-02-14,15.871830000000001,482.50363200000004,1180.5467154
2021-02-15,21.528,654.4512,1601.25264
2021-02-16,21.09939,641.421456,1569.3726282
2021-02-17,18.692700000000002,568.2580800000001,1390.363026
2021-02-18,14.081339999999999,428.072736,1047.3700692
2021-02-19,14.617590000000002,444.374736,1087.2563441999998
2021-02-20,17.20446,523.0155840000001,1279.6677348
2021-02-21,15.722070000000002,477.95092800000003,1169.4075666
2021-02-22,17.06874,518.8896960000001,1269.5728812
2021-02-23,15.21858,462.64483200000006,1131.9579804
2021-02-24,21.28542,647.076768,1583.2095396
2021-02-25,19.711380000000002,599.225952,1466.1324444
2021-02-26,19.865820000000003,603.920928,1477.6196916
2021-02-27,17.47902,531.362208,1300.0895076
2021-02-28,18.06753,549.252912,1343.8628813999999
2021-03-01,21.07677,640.7338080000001,1567.6901526
2021-03-02,19.88922,604.632288,1479.3601836
2021-03-03,16.17603,491.75131200000004,1203.1731114000002
2021-03-04,15.187380000000001,461.69635200000005,1129.6373244000001
2021-03-05,15.58986,473.931744,1159.5737867999999
2021-03-06,15.309059999999999,465.395424,1138.6878828
2021-03-07,14.87499,452.199696,1106.4017562
2021-03-08,15.21936,462.66854400000005,1132.0159968
2021-03-09,18.02463,547.948752,1340.6719793999998
2021-03-10,14.31612,435.210048,1064.8330056
2021-03-11,12.687480000000003,385.699392,943.6947624000001
2021-03-12,9.597900000000001,291.77616,713.891802
2021-03-13,14.50995,441.10248,1079.250081
2021-03-14,16.084380000000003,488.96515200000005,1196.3561844
2021-03-15,17.573400000000003,534.23136,1307.109492
2021-03-16,18.77616,570.7952640000001,1396.5707808
2021-03-17,18.762120000000003,570.3684480000001,1395.5264856000001
2021-03-18,17.28597,525.493488,1285.7304485999998
2021-03-19,18.97194,576.746976,1411.1328972000001
2021-03-20,17.65101,536.590704,1312.8821238
2021-03-21,21.07131,640.567824,1567.2840377999999
2021-03-22,11.71014,355.98825600000004,871.0002132000001
2021-03-23,14.19834,431.62953600000003,1056.0725292
2021-03-24,17.3433,527.23632,1289.9946539999999
2021-03-25,19.9173,605.4859200000001,1481.4487740000002
2021-03-26,17.21304,523.2764159999999,1280.3059151999998
2021-03-27,20.478900000000003,622.55856,1523.2205820000001
2021-03-28,16.19943,492.462672,1204.9136034
2021-03-29,15.792269999999998,480.08500799999996,1174.6290426
2021-03-30,24.32274,739.411296,1809.1254012000002
2021-03-31,21.517860000000002,654.142944,1600.4984268
2021-04-01,12.66681,385.071024,942.1573278
2021-04-02,16.571880000000004,503.78515200000004,1232.6164344000001
2021-04-03,20.04912,609.493248,1491.2535455999998
2021-04-04,19.75506,600.5538240000001,1469.3813628
2021-04-05,18.99222,577.363488,1412.6413235999999
2021-04-06,18.82686,572.336544,1400.3418468
2021-04-07,19.51287,593.1912480000001,1451.3672706000002
2021-04-08,20.23554,615.160416,1505.1194652
2021-04-09,14.85042,451.45276799999994,1104.5742395999998
2021-04-10,19.46802,591.8278079999999,1448.0313275999997
2021-04-11,23.94288,727.8635519999999,1780.8714143999998
2021-04-12,16.890900000000002,513.4833600000001,1256.3451420000001
2021-04-13,24.93426,758.001504,1854.6102587999999
2021-04-14,16.98099,516.222096,1263.0460362
2021-04-15,17.137379999999997,520.9763519999999,1274.6783243999998
2021-04-16,18.89043,574.269072,1405.0701834000001
2021-04-17,21.73782,660.829728,1616.8590516000002
2021-04-18,19.538999999999998,593.9856,1453.31082
2021-04-19,23.52363,715.1183520000001,1749.6875994
2021-04-20,23.625420000000002,718.2127680000001,1757.2587396000001
2021-04-21,20.63607,627.3365279999999,1534.9108866
2021-04-22,23.297040000000003,708.2300160000001,1732.8338351999998
2021-04-23,14.98146,455.4363840000001,1114.3209947999999
2021-04-24,19.8705,604.0631999999999,1477.96779
2021-04-25,21.21444,644.918976,1577.9300472
2021-04-26,19.224660000000004,584.4296640000001,1429.9302108000002
2021-04-27,7.753979999999999,235.720992,576.7410324
2021-04-28,13.33254,405.30921600000005,991.6743252
2021-04-29,14.274000000000001,433.92960000000005,1061.70012
2021-04-30,14.71938,447.469152,1094.8274844
2021-05-01,14.812200000000002,450.2908800000001,1101.7314359999998
2021-05-02,17.376839999999998,528.2559359999999,1292.4893591999999
2021-05-03,16.88154,513.198816,1255.6489451999998
2021-05-04,20.34591,618.515664,1513.3287857999999
2021-05-05,16.325789999999998,496.304016,1214.3122601999999
2021-05-06,18.79956,571.5066240000001,1398.3112728
2021-05-07,20.47422,622.4162879999999,1522.8724836
2021-05-08,18.69192,568.234368,1390.3050096
2021-05-09,20.557290000000002,624.941616,1529.0512301999997
2021-05-10,16.03641,487.50686400000006,1192.7881758
2021-05-11,23.368019999999998,710.387808,1738.1133275999998
2021-05-12,23.34579,709.7120160000001,1736.4598602
2021-05-13,25.06335,761.92584,1864.2119729999997
2021-05-14,19.53432,593.8433279999999,1452.9627216
2021-05-15,20.1747,613.3108800000001,1500.5941859999998
2021-05-16,19.623240000000003,596.546496,1459.5765912
2021-05-17,19.17474,582.912096,1426.2171612
2021-05-18,18.004739999999998,547.344096,1339.1925612
2021-05-19,25.32426,769.8575040000001,1883.6184588
2021-05-20,21.58143,656.075472,1605.2267634
2021-05-21,15.31569,465.596976,1139.1810222
2021-05-22,19.315140000000003,587.180256,1436.6601132
2021-05-23,19.71684,599.391936,1466.5385592
2021-05-24,18.564780000000003,564.369312,1380.8483364
2021-05-25,22.071659999999998,670.978464,1641.6900707999998
2021-05-26,23.696790000000004,720.382416,1762.5672402000002
2021-05-27,18.77889,570.8782560000001,1396.7738382
2021-05-28,15.45726,469.90070399999996,1149.7109988
2021-05-29,12.81579,389.600016,953.2384601999998
2021-05-30,18.403709999999997,559.4727839999999,1368.8679498
2021-05-31,17.55741,533.745264,1305.9201558
2021-06-01,19.099860000000003,580.635744,1420.6475868
2021-06-02,20.74254,630.573216,1542.8301251999999
2021-06-03,21.463260000000002,652.483104,1596.4372788
2021-06-04,20.78466,631.853664,1545.9630108
2021-06-05,15.977520000000002,485.71660800000006,1188.4079376
2021-06-06,18.44193,560.634672,1371.7107534
2021-06-07,15.048929999999999,457.48747199999997,1119.3394133999998
2021-06-08,15.46467,470.125968,1150.2621546
2021-06-09,10.20045,310.09368,758.709471
2021-06-10,15.970890000000004,485.5150560000001,1187.9147982
2021-06-11,20.77842,631.6639680000001,1545.4988796
2021-06-12,19.154460000000004,582.2955840000001,1424.7087348000002
2021-06-13,14.29194,434.47497599999997,1063.0344972
2021-06-14,15.83439,481.36545600000005,1177.7619282
2021-06-15,18.354960000000002,557.9907840000001,1365.2419248
2021-06-16,20.87358,634.556832,1552.5768804
2021-06-17,20.66766,628.296864,1537.2605508000001
2021-06-18,22.333740000000002,678.9456960000001,1661.1835812000002
2021-06-19,22.2339,675.9105599999999,1653.7574819999998
2021-06-20,18.815549999999998,571.99272,1399.500609
2021-06-21,21.11694,641.954976,1570.6779972
2021-06-22,13.761150000000002,418.33896,1023.5543370000001
2021-06-23,20.662200000000002,628.13088,1536.854436
2021-06-24,18.22665,554.09016,1355.6982269999999
2021-06-25,21.63018,657.557472,1608.8527883999998
2021-06-26,18.57414,564.653856,1381.5445332
2021-06-27,18.857670000000002,573.273168,1402.6334946
2021-06-28,21.86769,664.777776,1626.5187821999998
2021-06-29,24.03843,730.7682720000001,1787.9784233999999
2021-06-30,19.133790000000005,581.667216,1423.1713002000001
2021-07-01,18.91266,574.944864,1406.7236507999999
2021-07-02,22.77288,692.295552,1693.8468143999999
2021-07-03,20.86071,634.1655840000001,1551.6196098
2021-07-04,23.18862,704.9340480000001,1724.7695555999999
2021-07-05,21.62238,657.320352,1608.2726244
2021-07-06,22.71945,690.67128,1689.8726909999998
2021-07-07,24.307920000000003,738.960768,1808.0230895999998
2021-07-08,23.55912,716.1972480000001,1752.3273456
2021-07-09,17.28987,525.612048,1286.0205306
2021-07-10,15.859740000000002,482.136096,1179.6474612
2021-07-11,20.72031,629.897424,1541.1766578
2021-07-12,22.68942,689.758368,1687.6390595999999
2021-07-13,22.4679,683.02416,1671.162402
2021-07-14,22.46205,682.84632,1670.727279
2021-07-15,23.282220000000002,707.7794880000001,1731.7315236
2021-07-16,22.546290000000003,685.4072160000001,1676.9930502
2021-07-17,24.81063,754.243152,1845.4146594
2021-07-18,22.829819999999998,694.026528,1698.0820115999998
2021-07-19,25.564110000000003,777.148944,1901.4585017999998
2021-07-20,26.3913,802.2955200000001,1962.9848940000002
2021-07-21,22.39458,680.795232,1665.7088604
2021-07-22,20.93091,636.2996640000001,1556.8410858
2021-07-23,23.92611,727.353744,1779.6240618
2021-07-24,13.47294,409.577376,1002.1172772000001
2021-07-25,13.338000000000001,405.47520000000003,992.08044
2021-07-26,19.1685,582.7224000000001,1425.7530299999999
2021-07-27,12.995579999999999,395.065632,966.6112403999999
2021-07-28,20.3853,619.71312,1516.258614
2021-07-29,21.96129,667.623216,1633.4807501999999
2021-07-30,24.08523,732.190992,1791.4594074
2021-07-31,26.405340000000002,802.722336,1964.0291892
2021-08-01,23.18862,704.9340480000001,1724.7695555999999
2021-08-02,25.00446,760.1355840000001,1859.8317348
2021-08-03,22.35168,679.491072,1662.5179584000002
2021-08-04,24.47445,744.02328,1820.4095909999999
2021-08-05,26.464620000000004,804.5244480000001,1968.4384356
2021-08-06,24.666330000000002,749.8564319999999,1834.6816254
2021-08-07,21.870420000000003,664.8607680000001,1626.7218395999998
2021-08-08,20.987849999999998,638.03064,1561.0762829999999
2021-08-09,24.539189999999998,745.991376,1825.2249521999997
2021-08-10,18.08625,549.822,1345.255275
2021-08-11,20.15208,612.623232,1498.9117104
2021-08-12,18.94191,575.8340640000001,1408.8992658000002
2021-08-13,20.346690000000002,618.5393760000001,1513.3868022
2021-08-14,15.287609999999999,464.743344,1137.0924318
2021-08-15,20.46564,622.1554560000001,1522.2343031999999
2021-08-16,19.319820000000004,587.322528,1437.0082115999999
2021-08-17,21.21717,645.0019679999999,1578.1331045999998
2021-08-18,18.99885,577.5650400000001,1413.134463
2021-08-19,12.4722,379.15488,927.682236
2021-08-20,16.21425,492.91319999999996,1206.015915
2021-08-21,21.965190000000003,667.7417760000001,1633.7708321999999
2021-08-22,22.811100000000003,693.45744,1696.689618
2021-08-23,20.484360000000002,622.7245439999999,1523.6266967999998
2021-08-24,18.510180000000002,562.709472,1376.7871884
2021-08-25,15.237300000000001,463.21392000000003,1133.3503739999999
2021-08-26,15.977520000000002,485.71660800000006,1188.4079376
2021-08-27,20.25699,615.812496,1506.7149161999998
2021-08-28,18.51135,562.7450400000001,1376.874213
2021-08-29,20.69301,629.067504,1539.1460838
2021-08-30,15.70803,477.52411200000006,1168.3632714
2021-08-31,13.83954,420.722016,1029.3849852
2021-09-01,18.80892,571.7911680000001,1399.0074696
2021-09-02,26.12103,794.0793120000001,1942.8822114
2021-09-03,23.311860000000003,708.680544,1733.9361468
2021-09-04,20.01636,608.497344,1488.8168567999999
2021-09-05,21.22926,645.369504,1579.0323587999997
2021-09-06,16.8246,511.4678400000001,1251.413748
2021-09-07,18.55893,564.191472,1380.4132134000001
2021-09-08,15.5883,473.88432,1159.457754
2021-09-09,23.952240000000003,728.1480960000001,1781.5676112
2021-09-10,24.135540000000002,733.720416,1795.2014652
2021-09-11,18.939180000000004,575.751072,1408.6962084000002
2021-09-12,20.20824,614.330496,1503.0888912
2021-09-13,24.86757,755.974128,1849.6498566
2021-09-14,22.293570000000003,677.7245280000001,1658.1957366000001
2021-09-15,23.84928,725.018112,1773.9094464
2021-09-16,27.14322,825.153888,2018.9127036
2021-09-17,28.179059999999996,856.6434240000001,2095.9584827999997
2021-09-18,23.74905,721.97112,1766.4543390000001
2021-09-19,24.878880000000002,756.3179520000001,1850.4910943999998
2021-09-20,22.72218,690.754272,1690.0757483999998
2021-09-21,19.829159999999998,602.8064639999999,1474.8929207999997
2021-09-22,19.63923,597.032592,1460.7659274
2021-09-23,18.99222,577.363488,1412.6413235999999
2021-09-24,21.654359999999997,658.292544,1610.6512968
2021-09-25,25.88703,786.965712,1925.4772914
2021-09-26,28.88418,878.0790720000001,2148.4053084
2021-09-27,22.85985,694.9394400000001,1700.3156430000001
2021-09-28,10.4871,318.80784,780.030498
2021-09-29,18.03204,548.174016,1341.2231352
2021-09-30,19.54446,594.1515840000001,1453.7169348
2021-10-01,19.69344,598.680576,1464.7980671999999
2021-10-02,18.54138,563.657952,1379.1078444
2021-10-03,22.65588,688.738752,1685.1443544
2021-10-04,22.353630000000003,679.550352,1662.6629994
2021-10-05,18.26682,555.311328,1358.6860715999999
2021-10-06,18.647070000000003,566.870928,1386.9690666
2021-10-07,21.94452,667.113408,1632.2333976000002
2021-10-08,17.331989999999998,526.892496,1289.1534161999998
2021-10-09,17.73447,539.127888,1319.0898786
2021-10-10,16.38,497.952,1218.3444
2021-10-11,16.17681,491.77502400000003,1203.2311278
2021-10-12,18.337020000000003,557.445408,1363.9075476
2021-10-13,18.24927,554.7778079999999,1357.3807025999997
2021-10-14,16.56798,503.66659200000004,1232.3263524
2021-10-15,23.94756,728.005824,1781.2195128
2021-10-16,18.092100000000002,549.9998400000001,1345.690398
2021-10-17,18.582330000000002,564.9028320000001,1382.1537054000003
2021-10-18,21.01593,638.884272,1563.1648733999998
2021-10-19,21.49329,653.396016,1598.6709102
2021-10-20,17.98446,546.727584,1337.6841347999998
2021-10-21,18.302699999999998,556.40208,1361.354826
2021-10-22,19.09167,580.3867680000001,1420.0384146
2021-10-23,18.842460000000003,572.8107840000001,1401.5021748
2021-10-24,22.26549,676.8708960000001,1656.1071462
2021-10-25,21.26397,646.4246880000001,1581.6140886
2021-10-26,18.15567,551.9323680000001,1350.4187346
2021-10-27,16.7115,508.0296000000001,1243.00137
2021-10-28,19.21608,584.168832,1429.2920304
2021-10-29,13.85007,421.042128,1030.1682065999998
2021-10-30,15.641340000000001,475.49673600000006,1163.4028692
2021-10-31,17.20173,522.9325920000001,1279.4646774
2021-11-01,16.93887,514.941648,1259.9131505999999
2021-11-02,17.048460000000002,518.273184,1268.0644548
2021-11-03,16.240380000000002,493.707552,1207.9594644000001
2021-11-04,17.2497,524.39088,1283.032686
2021-11-05,20.27844,616.4645760000001,1508.3103672000002
2021-11-06,20.544420000000002,624.550368,1528.0939596
2021-11-07,19.781579999999998,601.3600319999999,1471.3539203999999
2021-11-08,16.47633,500.88043200000004,1225.5094254
2021-11-09,16.613220000000002,505.04188800000003,1235.6913036
2021-11-10,16.32657,496.327728,1214.3702766000001
2021-11-11,23.26974,707.400096,1730.8032611999997
2021-11-12,20.90556,635.529024,1554.9555528
2021-11-13,15.97479,485.63361599999996,1188.2048802
2021-11-14,16.71306,508.07702400000005,1243.1174028
2021-11-15,14.13282,429.637728,1051.1991516
2021-11-16,19.625970000000002,596.629488,1459.7796486
2021-11-17,20.82132,632.9681280000001,1548.6897815999998
2021-11-18,23.68158,719.920032,1761.4359203999998
2021-11-19,18.166980000000002,552.2761919999999,1351.2599724
2021-11-20,18.59169,565.187376,1382.8499022
2021-11-21,16.628040000000002,505.49241600000005,1236.7936152
2021-11-22,13.878150000000002,421.89576000000005,1032.256797
2021-11-23,12.67617,385.35556800000006,942.8535246
2021-11-24,15.497430000000001,471.121872,1152.6988434
2021-11-25,16.47828,500.93971200000004,1225.6544664
2021-11-26,13.00104,395.23161600000003,967.0173552
2021-11-27,20.23554,615.160416,1505.1194652
2021-11-28,22.144980000000004,673.207392,1647.1436124000002
2021-11-29,16.48374,501.1056960000001,1226.0605812000001
2021-11-30,14.95923,454.760592,1112.6675274000002
2021-12-01,17.291819999999998,525.671328,1286.1655715999998
2021-12-02,23.32785,709.16664,1735.1254829999998
2021-12-03,15.55242,472.79356800000005,1156.7889996
2021-12-04,16.00365,486.51096000000007,1190.3514870000001
2021-12-05,17.709120000000002,538.357248,1317.2043456
2021-12-06,19.17864,583.0306560000001,1426.5072432000002
2021-12-07,21.490560000000002,653.313024,1598.4678528
2021-12-08,17.226300000000002,523.67952,1281.292194
2021-12-09,18.556980000000003,564.1321920000001,1380.2681724
2021-12-10,20.27454,616.346016,1508.0202851999998
2021-12-11,14.92257,453.646128,1109.9407566
2021-12-12,8.790990000000003,267.2460960000001,653.8738362
2021-12-13,24.81726,754.444704,1845.9077988000001
2021-12-14,19.78704,601.526016,1471.7600352
2021-12-15,19.43058,590.689632,1445.2465404
2021-12-16,17.448990000000002,530.449296,1297.8558762
2021-12-17,13.55718,412.138272,1008.3830483999999
2021-12-18,9.25314,281.295456,688.2485532
2021-12-19,18.439980000000002,560.5753920000001,1371.5657124000002
2021-12-20,17.74656,539.4954240000001,1319.9891327999999
2021-12-21,13.00572,395.37388799999997,967.3654535999999
2021-12-22,19.51092,593.1319679999999,1451.2222296
2021-12-23,19.670039999999997,597.969216,1463.0575751999997
2021-12-24,18.61314,565.839456,1384.4453531999998
2021-12-25,20.366580000000003,619.144032,1514.8662204
2021-12-26,15.845699999999999,481.7092799999999,1178.6031659999999
2021-12-27,13.07787,397.567248,972.7319706
2021-12-28,15.6546,475.89984000000004,1164.389148
2021-12-29,12.47142,379.131168,927.6242196
2021-12-30,16.74036,508.906944,1245.1479768
2021-12-31,17.79609,541.0011360000001,1323.6731742000002
2022-01-01,14.088750000000001,428.29800000000006,1047.9212249999998
2022-01-02,14.134380000000002,429.6851520000001,1051.3151844
2022-01-03,21.7113,660.02352,1614.8864939999999
2022-01-04,23.3103,708.6331200000001,1733.820114
2022-01-05,21.888360000000002,665.406144,1628.0562168
2022-01-06,12.60051,383.05550400000004,937.2259338
2022-01-07,10.351379999999999,314.681952,769.9356444
2022-01-08,15.325050000000001,465.88152,1139.877219
2022-01-09,13.948350000000001,424.02984,1037.478273
2022-01-10,11.66802,354.707808,867.8673276
2022-01-11,11.054160000000001,336.046464,822.2084208000001
2022-01-12,17.39946,528.9435840000001,1294.1718348
2022-01-13,17.15142,521.403168,1275.7226196
2022-01-14,17.24775,524.3316000000001,1282.887645
2022-01-15,20.59122,625.973088,1531.5749435999999
2022-01-16,19.69149,598.621296,1464.6530262
2022-01-17,15.25134,463.640736,1134.3946692
2022-01-18,13.1703,400.37712,979.606914
2022-01-19,23.240099999999998,706.4990399999999,1728.598638
2022-01-20,21.7191,660.26064,1615.466658
2022-01-21,17.77659,540.408336,1322.2227642
2022-01-22,17.76996,540.2067840000001,1321.7296248
2022-01-23,22.35246,679.514784,1662.5759747999998
2022-01-24,16.93614,514.858656,1259.7100931999998
2022-01-25,15.352350000000001,466.7114400000001,1141.907793
2022-01-26,18.54411,563.740944,1379.3109018
2022-01-27,18.02073,547.830192,1340.3818974
2022-01-28,24.27984,738.1071360000001,1805.9344992000001
2022-01-29,21.52254,654.2852160000001,1600.8465251999999
2022-01-30,23.814570000000003,723.962928,1771.3277166
2022-01-31,23.502959999999998,714.489984,1748.1501648
2022-02-01,21.48393,653.111472,1597.9747134
2022-02-02,21.419580000000003,651.1552320000001,1593.1883604
2022-02-03,19.355700000000002,588.41328,1439.676966
2022-02-04,16.27509,494.762736,1210.5411942
2022-02-05,15.12654,459.846816,1125.1120452
2022-02-06,16.592550000000003,504.41352,1234.153869
2022-02-07,13.112580000000001,398.622432,975.3137004
2022-02-08,12.610650000000001,383.36375999999996,937.980147
2022-02-09,11.3529,345.12816,844.4287019999999
2022-02-10,20.31198,617.484192,1510.8050724
2022-02-11,24.95376,758.594304,1856.0606687999998
2022-02-12,21.53346,654.617184,1601.6587547999998
2022-02-13,15.03489,457.0606560000001,1118.2951182000002
2022-02-14,11.50422,349.7282880000001,855.6838836000001
2022-02-15,17.72589,538.867056,1318.4516981999998
2022-02-16,19.22934,584.571936,1430.2783092
2022-02-17,18.41385,559.7810400000001,1369.622163
2022-02-18,6.30669,191.723376,469.09160219999995
2022-02-19,18.01254,547.581216,1339.7727251999997
2022-02-20,16.93302,514.763808,1259.4780276000001
2022-02-21,22.10091,671.867664,1643.8656858
2022-02-22,20.36814,619.191456,1514.9822531999998
2022-02-23,20.07057,610.1453280000001,1492.8489966
2022-02-24,17.82534,541.8903359999999,1325.8487892
2022-02-25,18.65643,567.155472,1387.6652633999997
2022-02-26,10.984740000000002,333.9360960000001,817.0449612
2022-02-27,13.84266,420.81686399999995,1029.6170508
2022-02-28,12.54786,381.454944,933.3098268
2022-03-01,17.53791,533.152464,1304.4697458
2022-03-02,8.452860000000001,256.96694400000007,628.7237268
2022-03-03,20.76789,631.3438560000001,1544.7156582
2022-03-04,15.58713,473.84875200000005,1159.3707294
2022-03-05,12.90003,392.160912,959.5042314000001
2022-03-06,8.554260000000001,260.049504,636.2658588
2022-03-07,17.91894,544.735776,1332.8107572
2022-03-08,18.33819,557.480976,1363.9945722
2022-03-09,16.10661,489.64094400000005,1198.0096518
2022-03-10,20.091240000000003,610.7736960000001,1494.3864312
2022-03-11,21.225749999999998,645.2628,1578.7712849999998
2022-03-12,21.96714,667.801056,1633.9158731999999
2022-03-13,20.23905,615.26712,1505.3805389999998
2022-03-14,22.41993,681.565872,1667.5943934000002
2022-03-15,19.28628,586.302912,1434.5135063999999
2022-03-16,18.815549999999998,571.99272,1399.500609
2022-03-17,19.06086,579.450144,1417.7467668000002
2022-03-18,19.30227,586.789008,1435.7028426
2022-03-19,18.452460000000002,560.954784,1372.4939748
2022-03-20,17.983290000000004,546.6920160000001,1337.5971102
2022-03-21,17.801940000000002,541.178976,1324.1082972000002
2022-03-22,17.679090000000002,537.444336,1314.9707142
2022-03-23,16.168620000000004,491.52604800000006,1202.6219556
2022-03-24,20.739810000000002,630.490224,1542.6270677999998
2022-03-25,15.31959,465.715536,1139.4711042000001
2022-03-26,16.417440000000003,499.090176,1221.1291872
2022-03-27,11.9067,361.96368,885.6203459999999
2022-03-28,18.352230000000002,557.907792,1365.0388674
2022-03-29,18.501990000000003,562.460496,1376.1780162
2022-03-30,19.02498,578.3593920000001,1415.0780123999998
2022-03-31,15.29346,464.92118400000004,1137.5275548000002
2022-04-01,16.13586,490.53014400000006,1200.1852668000001
2022-04-02,19.4454,591.14016,1446.3488519999999
2022-04-03,15.11367,459.455568,1124.1547746
2022-04-04,18.48327,561.8914080000001,1374.7856226000001
2022-04-05,20.13531,612.1134239999999,1497.6643577999998
2022-04-06,21.79476,662.560704,1621.0942487999998
2022-04-07,18.14358,551.5648319999999,1349.5194803999998
2022-04-08,15.849210000000001,481.815984,1178.8642398
2022-04-09,18.2286,554.1494400000001,1355.843268
2022-04-10,15.912779999999998,483.748512,1183.5925763999999
2022-04-11,19.37715,589.06536,1441.272417
2022-04-12,19.747650000000004,600.32856,1468.830207
2022-04-13,18.214560000000002,553.722624,1354.7989728
2022-04-14,18.28866,555.975264,1360.3105308
2022-04-15,18.96258,576.462432,1410.4367003999998
2022-04-16,10.66845,324.32088,793.519311
2022-04-17,14.873040000000001,452.140416,1106.2567152
2022-04-18,11.18715,340.08936,832.1002169999999
2022-04-19,13.81731,420.046224,1027.7315178
2022-04-20,15.55827,472.971408,1157.2241226
2022-04-21,16.635450000000002,505.71768000000003,1237.344771
2022-04-22,16.317210000000003,496.04318400000005,1213.6740798
2022-04-23,19.19268,583.4574719999999,1427.5515383999998
2022-04-24,17.5461,533.40144,1305.078918
2022-04-25,14.471340000000001,439.928736,1076.3782692
2022-04-26,18.291390000000003,556.058256,1360.5135882
2022-04-27,18.560100000000002,564.2270400000001,1380.500238
2022-04-28,17.34954,527.426016,1290.4587852
2022-04-29,20.79129,632.0552160000001,1546.4561502000001
2022-04-30,20.76126,631.1423040000001,1544.2225188
2022-05-01,24.485760000000003,744.367104,1821.2508288000001
2022-05-02,18.802290000000003,571.5896160000001,1398.5143302000001
2022-05-03,27.03441,821.846064,2010.8194157999997
2022-05-04,19.97502,607.2406080000001,1485.7419876000001
2022-05-05,14.73459,447.93153600000005,1095.9588041999998
2022-05-06,12.06699,366.836496,897.5427162
2022-05-07,14.2467,433.09968,1059.669546
2022-05-08,21.786179999999998,662.299872,1620.4560684
2022-05-09,16.442790000000002,499.86081600000006,1223.0147202
2022-05-10,16.90962,514.052448,1257.7375356
2022-05-11,15.421380000000001,468.809952,1147.0422444
2022-05-12,19.58307,595.325328,1456.5887466000001
2022-05-13,17.583540000000003,534.5396160000001,1307.8637052000001
2022-05-14,20.05926,609.801504,1492.0077588
2022-05-15,20.447700000000005,621.61008,1520.899926
2022-05-16,20.535059999999998,624.265824,1527.3977627999998
2022-05-17,15.68814,476.919456,1166.8838532
2022-05-18,16.35192,497.09836800000005,1216.2558096
2022-05-19,17.10735,520.06344,1272.444693
2022-05-20,19.341659999999997,587.986464,1438.6326708
2022-05-21,17.861610000000002,542.9929440000001,1328.5465517999999
2022-05-22,22.6512,688.59648,1684.7962559999999
2022-05-23,18.858449999999998,573.29688,1402.6915109999998
2022-05-24,19.34634,588.128736,1438.9807692000002
2022-05-25,17.522700000000004,532.6900800000001,1303.338426
2022-05-26,14.21511,432.13934399999994,1057.3198818
2022-05-27,19.548360000000002,594.2701440000001,1454.0070168000002
2022-05-28,17.56482,533.970528,1306.4713116
2022-05-29,17.72862,538.950048,1318.6547555999998
2022-05-30,17.275830000000003,525.185232,1284.9762354
2022-05-31,15.330900000000002,466.0593600000001,1140.312342
2022-06-01,19.938750000000002,606.138,1483.0442249999999
2022-06-02,18.001230000000003,547.237392,1338.9314874
2022-06-03,13.19019,400.981776,981.0863322
2022-06-04,14.839500000000003,451.12080000000003,1103.7620100000001
2022-06-05,17.190420000000003,522.588768,1278.6234396
2022-06-06,18.4197,559.95888,1370.057286
2022-06-07,9.749220000000001,296.37628800000005,725.1469836
2022-06-08,18.21183,553.639632,1354.5959154
2022-06-09,15.619110000000001,474.82094400000005,1161.7494018
2022-06-10,20.1201,611.6510400000001,1496.5330379999998
2022-06-11,15.862470000000002,482.219088,1179.8505186
2022-06-12,16.34529,496.896816,1215.7626702
2022-06-13,17.92986,545.0677440000001,1333.6229868
2022-06-14,15.43386,469.18934399999995,1147.9705068
2022-06-15,16.739580000000004,508.883232,1245.0899604
2022-06-16,19.00626,577.790304,1413.6856188
2022-06-17,12.27369,373.120176,912.9170621999999
2022-06-18,16.55589,503.29905599999995,1231.4270981999998
2022-06-19,16.27899,494.881296,1210.8312762
2022-06-20,17.12958,520.739232,1274.0981603999999
2022-06-21,16.08048,488.84659200000004,1196.0661023999999
2022-06-22,21.02646,639.204384,1563.9480948
2022-06-23,19.078409999999998,579.983664,1419.0521357999999
2022-06-24,18.362370000000002,558.216048,1365.7930806
2022-06-25,16.8714,512.8905599999999,1254.894732
2022-06-26,17.681820000000002,537.527328,1315.1737716
2022-06-27,14.040000000000001,426.81600000000003,1044.2952
2022-06-28,17.830019999999998,542.032608,1326.1968875999999
2022-06-29,19.04682,579.023328,1416.7024715999999
2022-06-30,17.33472,526.975488,1289.3564735999998
2022-07-01,19.91418,605.3910720000001,1481.2167084
2022-07-02,19.01289,577.991856,1414.1787582
2022-07-03,21.73665,660.79416,1616.7720270000002
2022-07-04,17.522700000000004,532.6900800000001,1303.338426
2022-07-05,20.680139999999998,628.676256,1538.1888132
2022-07-06,19.3479,588.17616,1439.096802
2022-07-07,19.4688,591.85152,1448.089344
2022-07-08,19.10766,580.872864,1421.2277508
2022-07-09,24.688950000000002,750.54408,1836.3641010000001
2022-07-10,20.45901,621.9539040000001,1521.7411637999999
2022-07-11,16.18422,492.000288,1203.7822836
2022-07-12,18.68178,567.926112,1389.5507963999999
2022-07-13,20.25426,615.729504,1506.5118587999998
2022-07-14,18.76875,570.57,1396.019625
2022-07-15,20.590049999999998,625.93752,1531.487919
2022-07-16,19.42668,590.5710720000001,1444.9564584
2022-07-17,22.14654,673.254816,1647.2596452000003
2022-07-18,22.91523,696.6229920000001,1704.4348074
2022-07-19,24.373440000000002,740.952576,1812.8964672
2022-07-20,20.797919999999998,632.256768,1546.9492896
2022-07-21,19.06905,579.69912,1418.355939
2022-07-22,17.55,533.52,1305.369
2022-07-23,12.57321,382.225584,935.1953598
2022-07-24,18.41034,559.674336,1369.3610892000002
2022-07-25,17.060550000000003,518.6407200000001,1268.963709
2022-07-26,16.895580000000002,513.625632,1256.6932404
2022-07-27,18.01995,547.8064800000001,1340.323881
2022-07-28,17.185740000000003,522.446496,1278.2753412
2022-07-29,23.244780000000002,706.6413120000001,1728.9467364
2022-07-30,23.550539999999998,715.936416,1751.6891652
2022-07-31,17.006339999999998,516.992736,1264.9315691999998
2022-08-01,19.75974,600.696096,1469.7294612
2022-08-02,18.359640000000002,558.133056,1365.5900232
2022-08-03,20.10723,611.2597920000001,1495.5757674
2022-08-04,19.912620000000004,605.3436480000001,1481.1006756
2022-08-05,17.64633,536.448432,1312.5340254
2022-08-06,17.49774,531.9312960000001,1301.4819012
2022-08-07,23.634780000000003,718.497312,1757.9549364
2022-08-08,26.677950000000003,811.0096799999999,1984.305921
2022-08-09,20.23164,615.0418559999999,1504.8293832
2022-08-10,21.87237,664.920048,1626.8668805999998
2022-08-11,22.54161,685.2649439999999,1676.6449518
2022-08-12,19.93758,606.102432,1482.9572003999997
2022-08-13,17.05119,518.356176,1268.2675121999998
2022-08-14,20.42274,620.851296,1519.0434012
2022-08-15,19.10922,580.920288,1421.3437836
2022-08-16,19.31046,587.0379839999999,1436.3120147999998
2022-08-17,25.517310000000002,775.726224,1897.9775178
2022-08-18,21.26865,646.56696,1581.962187
2022-08-19,24.58599,747.4140960000001,1828.7059361999998
2022-08-20,20.168850000000003,613.13304,1500.159063
2022-08-21,16.18344,491.9765760000001,1203.7242672
2022-08-22,14.543489999999998,442.12209599999994,1081.7447862
2022-08-23,20.34123,618.373392,1512.9806873999999
2022-08-24,24.61017,748.1491679999999,1830.5044446
2022-08-25,19.94694,606.386976,1483.6533972000002
2022-08-26,18.71259,568.862736,1391.8424441999998
2022-08-27,18.326880000000003,557.137152,1363.1533344
2022-08-28,15.83907,481.507728,1178.1100265999999
2022-08-29,19.87323,604.1461919999999,1478.1708474
2022-08-30,25.85622,786.029088,1923.1856436
2022-08-31,19.51365,593.2149599999999,1451.425287
2022-09-01,13.19097,401.005488,981.1443486
2022-09-02,19.24689,585.1054560000001,1431.5836782
2022-09-03,23.066940000000002,701.234976,1715.7189972
2022-09-04,19.315140000000003,587.180256,1436.6601132
2022-09-05,23.40741,711.585264,1741.0431558
2022-09-06,22.5771,686.34384,1679.284698
2022-09-07,20.04249,609.291696,1490.7604062
2022-09-08,20.62086,626.874144,1533.7795667999999
2022-09-09,20.95782,637.1177279999999,1558.8426516
2022-09-10,22.40862,681.222048,1666.7531556
2022-09-11,22.082970000000003,671.3222880000001,1642.5313086
2022-09-12,17.679090000000002,537.444336,1314.9707142
2022-09-13,20.93442,636.4063679999999,1557.1021596
2022-09-14,17.79726,541.036704,1323.7601988
2022-09-15,20.962500000000002,637.26,1559.19075
2022-09-16,21.71325,660.0828,1615.031535
2022-09-17,18.56829,564.476016,1381.1094102
2022-09-18,17.471220000000002,531.125088,1299.5093436
2022-09-19,14.547390000000002,442.24065600000006,1082.0348682
2022-09-20,17.583540000000003,534.5396160000001,1307.8637052000001
2022-09-21,19.2387,584.85648,1430.974506
2022-09-22,16.15458,491.099232,1201.5776604
2022-09-23,20.72967,630.181968,1541.8728546
2022-09-24,16.35192,497.09836800000005,1216.2558096
2022-09-25,21.36147,649.388688,1588.8661385999999
2022-09-26,22.458540000000003,682.7396160000001,1670.4662052
2022-09-27,18.289440000000003,555.9989760000001,1360.3685472
2022-09-28,15.80826,480.57110400000005,1175.8183788
2022-09-29,16.3566,497.24064,1216.603908
2022-09-30,14.806740000000001,450.12489600000004,1101.3253212
2022-10-01,15.444,469.4976,1148.72472
2022-10-02,22.62858,687.908832,1683.1137803999998
2022-10-03,25.32543,769.893072,1883.7054833999998
2022-10-04,16.29303,495.308112,1211.8755714
2022-10-05,15.238080000000002,463.237632,1133.4083904
2022-10-06,18.29412,556.141248,1360.7166456000002
2022-10-07,18.046080000000003,548.6008320000001,1342.2674304
2022-10-08,14.770859999999999,449.034144,1098.6565668
2022-10-09,12.55644,381.715776,933.9480071999999
2022-10-10,21.45117,652.115568,1595.5380246
2022-10-11,21.012420000000002,638.7775680000001,1562.9037996
2022-10-12,17.66037,536.875248,1313.5783205999999
2022-10-13,15.31686,465.632544,1139.2680468
2022-10-14,15.92604,484.151616,1184.5788552
2022-10-15,17.82612,541.9140480000001,1325.9068056
2022-10-16,18.73131,569.431824,1393.2348378
2022-10-17,17.56404,533.946816,1306.4132952
2022-10-18,16.294980000000002,495.36739200000005,1212.0206124000001
2022-10-19,15.507570000000003,471.430128,1153.4530565999999
2022-10-20,13.23972,402.487488,984.7703736
2022-10-21,15.902640000000002,483.44025600000003,1182.8383632
2022-10-22,15.949440000000001,484.862976,1186.3193472
2022-10-23,15.57777,473.564208,1158.6745325999998
2022-10-24,15.24666,463.498464,1134.0465708000002
2022-10-25,18.812820000000002,571.9097280000001,1399.2975516
2022-10-26,12.346620000000001,375.337248,918.3415955999999
2022-10-27,16.23765,493.62456,1207.756407
2022-10-28,13.650780000000001,414.983712,1015.3450164
2022-10-29,20.652060000000002,627.822624,1536.1002228
2022-10-30,21.47457,652.8269280000001,1597.2785166
2022-10-31,21.78462,662.2524480000001,1620.3400356
2022-11-01,22.30878,678.186912,1659.3270564000002
2022-11-02,18.0687,549.28848,1343.949906
2022-11-03,16.86126,512.5823040000001,1254.1405188
2022-11-04,12.40122,376.997088,922.4027436
2022-11-05,14.82624,450.71769600000005,1102.7757312
2022-11-06,15.574259999999999,473.45750400000003,1158.4134588
2022-11-07,15.62652,475.046208,1162.3005576
2022-11-08,17.30469,526.062576,1287.1228422
2022-11-09,15.837120000000002,481.44844800000004,1177.9649856
2022-11-10,17.71926,538.665504,1317.9585588
2022-11-11,15.744299999999999,478.62672000000003,1171.0610339999998
2022-11-12,16.6881,507.31824,1241.260878
2022-11-13,15.641340000000001,475.49673600000006,1163.4028692
2022-11-14,16.9845,516.3288,1263.3071100000002
2022-11-15,17.27934,525.291936,1285.2373092
2022-11-16,16.951739999999997,515.332896,1260.8704211999998
2022-11-17,17.45367,530.5915679999999,1298.2039746
2022-11-18,12.963599999999998,394.09344,964.2325679999999
2022-11-19,17.49384,531.812736,1301.1918192
2022-11-20,15.21273,462.466992,1131.5228574
2022-11-21,15.61053,474.560112,1161.1112214
2022-11-22,17.44704,530.3900160000001,1297.7108352
2022-11-23,16.52976,502.504704,1229.4835488
2022-11-24,14.87499,452.199696,1106.4017562
2022-11-25,18.23406,554.315424,1356.2493828
2022-11-26,12.660180000000002,384.869472,941.6641884
2022-11-27,16.47087,500.714448,1225.1033106
2022-11-28,13.9425,423.852,1037.04315
2022-11-29,14.404259999999999,437.889504,1071.3888588
2022-11-30,16.08126,488.87030400000003,1196.1241188
2022-12-01,21.89772,665.6906879999999,1628.7524136
2022-12-02,23.14182,703.511328,1721.2885715999998
2022-12-03,21.8127,663.10608,1622.428626
2022-12-04,12.19998,370.879392,907.4345123999999
2022-12-05,16.68888,507.341952,1241.3188944
2022-12-06,15.687360000000002,476.89574400000004,1166.8258368000002
2022-12-07,19.45671,591.4839840000001,1447.1900898
2022-12-08,14.81493,450.37387200000006,1101.9344934
2022-12-09,15.68814,476.919456,1166.8838532
2022-12-10,14.82156,450.575424,1102.4276327999999
2022-12-11,16.87218,512.914272,1254.9527484
2022-12-12,15.845699999999999,481.7092799999999,1178.6031659999999
2022-12-13,16.68225,507.1404,1240.825755
2022-12-14,17.58471,534.575184,1307.9507297999999
2022-12-15,20.569380000000002,625.309152,1529.9504844
2022-12-16,19.68954,598.5620160000001,1464.5079852000001
2022-12-17,18.74613,569.8823520000001,1394.3371494
2022-12-18,15.1359,460.13136,1125.8082419999998
2022-12-19,20.539740000000002,624.4080960000001,1527.7458612000003
2022-12-20,21.12942,642.334368,1571.6062596
2022-12-21,18.28086,555.738144,1359.7303668
2022-12-22,20.77998,631.711392,1545.6149124
2022-12-23,19.1685,582.7224000000001,1425.7530299999999
2022-12-24,18.19311,553.070544,1353.2035218
2022-12-25,19.0242,578.33568,1415.019996
2022-12-26,12.683580000000003,385.58083200000004,943.4046804
2022-12-27,10.498020000000002,319.139808,780.8427276
2022-12-28,17.57418,534.2550719999999,1307.1675083999999
2022-12-29,17.98056,546.609024,1337.3940528
2022-12-30,18.843629999999997,572.8463519999999,1401.5891993999999
2022-12-31,17.85342,542.743968,1327.9373796
2023-01-01,17.551949999999998,533.5792799999999,1305.514041
2023-01-02,18.927870000000002,575.407248,1407.8549706
2023-01-03,13.221,401.9184,983.37798
2023-01-04,21.43245,651.5464800000001,1594.1456309999999
2023-01-05,15.471300000000001,470.32752000000005,1150.755294
2023-01-06,13.2483,402.74832,985.4085539999999
2023-01-07,13.99125,425.334,1040.669175
2023-01-08,15.191279999999999,461.814912,1129.9274063999999
2023-01-09,12.986220000000001,394.78108800000007,965.9150436
2023-01-10,11.28894,343.183776,839.6713572
2023-01-11,14.972100000000001,455.15184000000005,1113.624798
2023-01-12,15.214680000000001,462.526272,1131.6678983999998
2023-01-13,18.44466,560.717664,1371.9138108
2023-01-14,17.36085,527.76984,1291.300023
2023-01-15,19.5195,593.3928,1451.86041
2023-01-16,19.64001,597.056304,1460.8239437999998
2023-01-17,16.76649,509.701296,1247.0915262
2023-01-18,16.34919,497.015376,1216.0527522
2023-01-19,21.035819999999998,639.488928,1564.6442915999999
2023-01-20,20.581860000000002,625.688544,1530.8787467999998
2023-01-21,19.5117,593.1556800000001,1451.2802459999998
2023-01-22,14.26269,433.585776,1060.8588822
2023-01-23,20.759700000000002,631.09488,1544.1064860000001
2023-01-24,19.951620000000002,606.5292479999999,1484.0014956
2023-01-25,22.65861,688.821744,1685.3474118000001
2023-01-26,22.73934,691.275936,1691.3521091999999
2023-01-27,26.106990000000003,793.652496,1941.8379161999999
2023-01-28,26.325780000000005,800.3037120000001,1958.1115164
2023-01-29,25.48806,774.837024,1895.8019027999999
2023-01-30,23.684700000000003,720.0148800000001,1761.667986
2023-01-31,25.728690000000004,782.152176,1913.6999622
2023-02-01,25.01538,760.4675520000001,1860.6439644
2023-02-02,23.55366,716.031264,1751.9212307999999
2023-02-03,18.766800000000003,570.5107200000001,1395.874584
2023-02-04,15.600389999999999,474.251856,1160.3570081999999
2023-02-05,23.65194,719.0189760000001,1759.2312972
2023-02-06,16.76181,509.559024,1246.7434278
2023-02-07,21.460530000000002,652.400112,1596.2342214
2023-02-08,20.91687,635.872848,1555.7967906
2023-02-09,18.67866,567.831264,1389.3187308
2023-02-10,18.224700000000002,554.03088,1355.553186
2023-02-11,13.394940000000002,407.206176,996.3156372
2023-02-12,13.178880000000001,400.63795200000004,980.2450944
2023-02-13,13.88283,422.038032,1032.6048954
2023-02-14,17.51646,532.5003839999999,1302.8742948
2023-02-15,17.3589,527.71056,1291.1549819999998
2023-02-16,11.317020000000001,344.037408,841.7599476
2023-02-17,19.94343,606.280272,1483.3923234
2023-02-18,22.98816,698.840064,1709.8593408
2023-02-19,21.30804,647.764416,1584.8920151999998
2023-02-20,17.934540000000002,545.210016,1333.9710852
2023-02-21,15.337140000000002,466.249056,1140.7764731999998
2023-02-22,12.50496,380.150784,930.1189248
2023-02-23,23.7042,720.6076800000001,1763.1183959999998
2023-02-24,21.107580000000002,641.670432,1569.9818004
2023-02-25,23.114520000000002,702.681408,1719.2579976
2023-02-26,20.559240000000003,625.0008960000001,1529.1962712
2023-02-27,20.52843,624.0642720000001,1526.9046234
2023-02-28,23.20617,705.467568,1726.0749246
2023-03-01,19.92198,605.628192,1481.7968724
2023-03-02,19.216859999999997,584.192544,1429.3500467999997
2023-03-03,18.03672,548.316288,1341.5712335999997
2023-03-04,18.69192,568.234368,1390.3050096
2023-03-05,13.09854,398.19561600000003,974.2694051999999
2023-03-06,18.69582,568.352928,1390.5950916
2023-03-07,13.022490000000003,395.88369600000004,968.6128062000001
2023-03-08,10.3467,314.53968000000003,769.587546
2023-03-09,11.60172,352.692288,862.9359336
2023-03-10,14.76735,448.92744,1098.3954930000002
2023-03-11,10.150139999999999,308.564256,754.9674131999999
2023-03-12,15.10899,459.31329600000004,1123.8066761999999
2023-03-13,12.54708,381.431232,933.2518104000001
2023-03-14,14.43039,438.68385600000005,1073.3324082
2023-03-15,9.37482,284.994528,697.2991116
2023-03-16,17.44314,530.2714560000001,1297.4207531999998
2023-03-17,16.234140000000004,493.5178560000001,1207.4953332
2023-03-18,15.29697,465.02788799999996,1137.7886286
2023-03-19,21.376289999999997,649.839216,1589.9684502
2023-03-20,21.481980000000004,653.0521920000001,1597.8296724000002
2023-03-21,22.5849,686.5809600000001,1679.8648620000001
2023-03-22,21.138780000000004,642.618912,1572.3024564000002
2023-03-23,15.853890000000002,481.95825600000006,1179.2123382
2023-03-24,16.60386,504.757344,1234.9951068
2023-03-25,14.750580000000001,448.417632,1097.1481403999999
2023-03-26,14.92257,453.646128,1109.9407566
2023-03-27,16.03095,487.34088,1192.382061
2023-03-28,22.415249999999997,681.4236,1667.246295
2023-03-29,16.86009,512.546736,1254.0534942000002
2023-03-30,17.964570000000002,546.122928,1336.2047166
2023-03-31,15.335580000000002,466.201632,1140.6604404
2023-04-01,17.05197,518.379888,1268.3255286
2023-04-02,14.213160000000002,432.080064,1057.1748407999999
2023-04-03,22.679280000000002,689.450112,1686.8848463999998
2023-04-04,17.17287,522.055248,1277.3180705999998
2023-04-05,20.03118,608.947872,1489.9191683999998
2023-04-06,14.766180000000002,448.891872,1098.3084683999998
2023-04-07,16.45488,500.22835200000003,1223.9139744
2023-04-08,19.21062,584.002848,1428.8859155999999
2023-04-09,21.97182,667.943328,1634.2639716
2023-04-10,18.653700000000004,567.07248,1387.4622060000002
2023-04-11,16.40886,498.82934399999994,1220.4910068
2023-04-12,17.551949999999998,533.5792799999999,1305.514041
2023-04-13,17.344079999999998,527.260032,1290.0526703999997
2023-04-14,13.531830000000001,411.367632,1006.4975154
2023-04-15,18.44778,560.8125120000001,1372.1458764
2023-04-16,13.88634,422.14473599999997,1032.8659692
2023-04-17,16.97241,515.961264,1262.4078557999999
2023-04-18,15.740790000000002,478.52001600000006,1170.7999602
2023-04-19,21.358740000000004,649.305696,1588.6630812
2023-04-20,13.346580000000001,405.736032,992.7186204
2023-04-21,14.779440000000001,449.29497599999996,1099.2947472
2023-04-22,14.79426,449.74550400000004,1100.3970588
2023-04-23,19.806540000000002,602.118816,1473.2104451999999
2023-04-24,18.617040000000003,565.958016,1384.7354352
2023-04-25,18.49731,562.318224,1375.8299178
2023-04-26,18.88653,574.1505119999999,1404.7801014
2023-04-27,18.53826,563.5631040000001,1378.8757788
2023-04-28,22.07556,671.097024,1641.9801527999998
2023-04-29,16.31526,495.983904,1213.5290387999999
2023-04-30,17.61084,535.369536,1309.8942792
2023-05-01,26.92014,818.372256,2002.3200132
2023-05-02,27.4053,833.12112,2038.406214
2023-05-03,27.125279999999997,824.608512,2017.5783263999997
2023-05-04,28.4778,865.7251200000001,2118.178764
2023-05-05,24.66087,749.690448,1834.2755106
2023-05-06,21.149700000000003,642.9508800000001,1573.114686
2023-05-07,24.87498,756.199392,1850.2010123999996
2023-05-08,24.71508,751.338432,1838.3076503999998
2023-05-09,21.75459,661.3395360000001,1618.1064042
2023-05-10,11.10486,337.587744,825.9794868
2023-05-11,21.752640000000003,661.280256,1617.9613632
2023-05-12,18.262140000000002,555.169056,1358.3379731999999
2023-05-13,17.558580000000003,533.780832,1306.0071804
2023-05-14,17.426370000000002,529.761648,1296.1734006
2023-05-15,8.89278,270.340512,661.4449764
2023-05-16,17.92245,544.84248,1333.071831
2023-05-17,18.42048,559.9825920000001,1370.1153024
2023-05-18,26.455260000000003,804.239904,1967.7422388
2023-05-19,18.56556,564.393024,1380.9063528
2023-05-20,16.369860000000003,497.643744,1217.5901868
2023-05-21,9.84399,299.257296,732.1959761999999
2023-05-22,16.51299,501.994896,1228.2361962
2023-05-23,15.98766,486.024864,1189.1621508
2023-05-24,17.20446,523.0155840000001,1279.6677348
2023-05-25,16.1733,491.66832000000005,1202.970054
2023-05-26,16.52118,502.24387200000007,1228.8453684
2023-05-27,23.157420000000002,703.9855680000001,1722.4488996
2023-05-28,19.43604,590.855616,1445.6526551999998
2023-05-29,22.29006,677.6178239999999,1657.9346627999998
2023-05-30,18.71805,569.02872,1392.248559
2023-05-31,22.83099,694.062096,1698.1690362
2023-06-01,15.48144,470.63577599999996,1151.5095072
2023-06-02,20.52843,624.0642720000001,1526.9046234
2023-06-03,23.7276,721.31904,1764.8588879999998
2023-06-04,16.300440000000002,495.533376,1212.4267272
2023-06-05,19.634550000000004,596.8903200000001,1460.4178290000002
2023-06-06,20.50581,623.3766240000001,1525.2221478000001
2023-06-07,23.224890000000002,706.036656,1727.4673182
2023-06-08,16.21152,492.83020799999997,1205.8128576
2023-06-09,21.24252,645.772608,1580.0186376
2023-06-10,17.3823,528.42192,1292.895474
2023-06-11,24.6831,750.36624,1835.928978
2023-06-12,24.2931,738.5102400000001,1806.920778
2023-06-13,26.461499999999997,804.4295999999999,1968.20637
2023-06-14,18.354960000000002,557.9907840000001,1365.2419248
2023-06-15,21.52878,654.474912,1601.3106564
2023-06-16,21.00384,638.516736,1562.2656192
2023-06-17,19.653270000000003,597.459408,1461.8102226
2023-06-18,25.422540000000005,772.845216,1890.9285252
2023-06-19,27.79647,845.012688,2067.5014386
2023-06-20,26.03289,791.399856,1936.3263582
2023-06-21,21.746010000000002,661.078704,1617.4682238
2023-06-22,18.982080000000003,577.055232,1411.8871104
2023-06-23,18.562829999999998,564.310032,1380.7032954
2023-06-24,16.99971,516.791184,1264.4384298
2023-06-25,16.17213,491.63275200000004,1202.8830294
2023-06-26,16.11597,489.92548800000003,1198.7058485999999
2023-06-27,19.91418,605.3910720000001,1481.2167084
2023-06-28,20.406750000000002,620.3652000000001,1517.854065
2023-06-29,26.11245,793.81848,1942.2440310000002
2023-06-30,20.560019999999998,625.024608,1529.2542875999998
2023-07-01,21.20313,644.5751520000001,1577.0888094
2023-07-02,17.08005,519.23352,1270.414119
2023-07-03,18.21261,553.663344,1354.6539318
2023-07-04,15.107040000000001,459.254016,1123.6616352
2023-07-05,21.82479,663.473616,1623.3278802
2023-07-06,19.265610000000002,585.674544,1432.9760717999998
2023-07-07,18.48327,561.8914080000001,1374.7856226000001
2023-07-08,19.69539,598.739856,1464.9431081999999
2023-07-09,24.29778,738.652512,1807.2688764
2023-07-10,23.16405,704.18712,1722.9420389999998
2023-07-11,23.37582,710.6249280000001,1738.6934916
2023-07-12,24.52983,745.7068320000001,1824.5287554
2023-07-13,24.695580000000003,750.7456320000001,1836.8572404000001
2023-07-14,20.47578,622.4637120000001,1522.9885164
2023-07-15,25.096890000000002,762.945456,1866.7066782000002
2023-07-16,23.40741,711.585264,1741.0431558
2023-07-17,22.058790000000002,670.587216,1640.7328002
2023-07-18,22.90314,696.2554560000001,1703.5355532
2023-07-19,24.597300000000004,747.7579200000001,1829.547174
2023-07-20,27.807780000000005,845.3565120000001,2068.3426764
2023-07-21,19.473480000000002,591.993792,1448.4374423999998
2023-07-22,20.50308,623.2936320000001,1525.0190904
2023-07-23,25.485329999999998,774.754032,1895.5988454
2023-07-24,24.82272,754.610688,1846.3139135999998
2023-07-25,19.88727,604.5730080000001,1479.2151426
2023-07-26,11.08302,336.923808,824.3550276000001
2023-07-27,19.52886,593.677344,1452.5566067999998
2023-07-28,23.154690000000002,703.9025760000001,1722.2458422
2023-07-29,25.637040000000002,779.366016,1906.8830351999998
2023-07-30,23.04978,700.713312,1714.4426363999999
2023-07-31,21.85014,664.244256,1625.2134131999999
2023-08-01,22.37898,680.320992,1664.5485324
2023-08-02,24.66438,749.7971520000001,1834.5365844
2023-08-03,25.066080000000003,762.008832,1864.4150303999998
2023-08-04,26.50947,805.887888,1971.7743785999999
2023-08-05,26.356980000000004,801.252192,1960.4321724000001
2023-08-06,20.29989,617.116656,1509.9058181999999
2023-08-07,18.15645,551.95608,1350.476751
2023-08-08,27.186900000000005,826.4817600000001,2022.1616219999999
2023-08-09,18.754710000000003,570.143184,1394.9753298
2023-08-10,21.16101,643.294704,1573.9559238
2023-08-11,22.72413,690.813552,1690.2207893999998
2023-08-12,20.67546,628.533984,1537.8407148
2023-08-13,17.120220000000003,520.454688,1273.4019636
2023-08-14,24.06651,731.621904,1790.0670137999998
2023-08-15,22.53342,685.015968,1676.0357795999998
2023-08-16,20.33538,618.195552,1512.5455643999999
2023-08-17,23.187450000000002,704.8984800000001,1724.682531
2023-08-18,21.44844,652.0325760000001,1595.3349672
2023-08-19,19.4454,591.14016,1446.3488519999999
2023-08-20,17.96652,546.1822080000001,1336.3497575999997
2023-08-21,15.440100000000001,469.37904000000003,1148.434638
2023-08-22,15.307500000000001,465.348,1138.5718499999998
2023-08-23,19.17006,582.7698240000001,1425.8690628
2023-08-24,19.81044,602.237376,1473.5005272
2023-08-25,23.59656,717.335424,1755.1121328
2023-08-26,27.70365,842.19096,2060.597487
2023-08-27,25.641719999999996,779.508288,1907.2311336
2023-08-28,26.72826,812.539104,1988.0479787999998
2023-08-29,24.146069999999998,734.040528,1795.9846866
2023-08-30,28.017210000000002,851.7231840000001,2083.9200798
2023-08-31,22.70541,690.244464,1688.8283958
2023-09-01,24.738480000000003,752.049792,1840.0481424
2023-09-02,9.47037,287.899248,704.4061206
2023-09-03,23.29626,708.2063039999999,1732.7758188
2023-09-04,22.86102,694.975008,1700.4026675999996
2023-09-05,25.33362,770.142048,1884.3146556
2023-09-06,27.398670000000003,832.9195679999999,2037.9130746
2023-09-07,20.92701,636.181104,1556.5510038
2023-09-08,20.4984,623.1513600000001,1524.670992
2023-09-09,20.460960000000004,622.013184,1521.8862048
2023-09-10,20.61813,626.791152,1533.5765093999998
2023-09-11,26.69394,811.4957759999999,1985.4952572
2023-09-12,23.470200000000002,713.49408,1745.7134760000001
2023-09-13,22.928099999999997,697.01424,1705.3920779999999
2023-09-14,23.12388,702.965952,1719.9541943999998
2023-09-15,21.31467,647.965968,1585.3851546
2023-09-16,24.32196,739.387584,1809.0673847999997
2023-09-17,18.68646,568.068384,1389.8988948
2023-09-18,22.16994,673.9661759999999,1649.0001372
2023-09-19,24.67842,750.223968,1835.5808796
2023-09-20,22.096230000000002,671.725392,1643.5175874
2023-09-21,27.227459999999997,827.7147840000001,2025.1784747999998
2023-09-22,24.17142,734.8111680000001,1797.8702196000002
2023-09-23,24.366030000000002,740.727312,1812.3453114
2023-09-24,21.40359,650.669136,1591.9990242000001
2023-09-25,22.773660000000003,692.3192640000001,1693.9048308000001
2023-09-26,19.480110000000003,592.1953440000001,1448.9305818
2023-09-27,17.64438,536.3891520000001,1312.3889844
2023-09-28,21.149700000000003,642.9508800000001,1573.114686
2023-09-29,23.57316,716.6240640000001,1753.3716408
2023-09-30,25.51614,775.6906560000001,1897.8904932
2023-10-01,22.547459999999997,685.442784,1677.0800747999997
2023-10-02,19.3947,589.59888,1442.577786
2023-10-03,18.49341,562.1996640000001,1375.5398358
2023-10-04,11.99016,364.500864,891.8281008
2023-10-05,15.37107,467.280528,1143.3001866
2023-10-06,17.02116,517.443264,1266.0338808
2023-10-07,21.060000000000002,640.224,1566.4428
2023-10-08,14.49201,440.557104,1077.9157038
2023-10-09,18.67983,567.866832,1389.4057553999999
2023-10-10,17.164289999999998,521.794416,1276.6798901999998
2023-10-11,16.42407,499.291728,1221.6223266
2023-10-12,20.015580000000003,608.4736320000001,1488.7588404
2023-10-13,19.940700000000003,606.1972800000001,1483.189266
2023-10-14,20.56314,625.119456,1529.4863532
2023-10-15,20.34591,618.515664,1513.3287857999999
2023-10-16,17.64438,536.3891520000001,1312.3889844
2023-10-17,17.98797,546.834288,1337.9452086000001
2023-10-18,20.77374,631.521696,1545.1507812
2023-10-19,17.858880000000003,542.9099520000001,1328.3434944
2023-10-20,11.12046,338.061984,827.1398148
2023-10-21,10.876320000000002,330.640128,808.9806816
2023-10-22,15.382380000000001,467.62435200000004,1144.1414243999998
2023-10-23,23.5131,714.7982400000001,1748.9043779999997
2023-10-24,12.64614,384.442656,940.6198932
2023-10-25,13.07787,397.567248,972.7319706
2023-10-26,13.72098,417.117792,1020.5664924
2023-10-27,14.19912,431.653248,1056.1305456
2023-10-28,15.70998,477.583392,1168.5083124
2023-10-29,18.96063,576.403152,1410.2916594
2023-10-30,16.88544,513.317376,1255.9390272
2023-10-31,18.262140000000002,555.169056,1358.3379731999999
2023-11-01,12.71166,386.434464,945.4932708
2023-11-02,16.000920000000004,486.4279680000001,1190.1484296
2023-11-03,18.56166,564.2744640000001,1380.6162708000002
2023-11-04,17.116709999999998,520.3479839999999,1273.1408897999997
2023-11-05,16.59996,504.63878400000004,1234.7050248
2023-11-06,15.043470000000001,457.32148800000004,1118.9332986
2023-11-07,18.68802,568.115808,1390.0149276
2023-11-08,20.35722,618.859488,1514.1700236
2023-11-09,21.08886,641.101344,1568.5894067999998
2023-11-10,19.0671,579.63984,1418.210898
2023-11-11,20.48709,622.807536,1523.8297541999998
2023-11-12,13.62621,414.23678400000006,1013.5174998
2023-11-13,21.66762,658.695648,1611.6375755999998
2023-11-14,20.69301,629.067504,1539.1460838
2023-11-15,12.465570000000001,378.953328,927.1890965999999
2023-11-16,17.42442,529.7023680000001,1296.0283596000002
2023-11-17,18.86898,573.616992,1403.4747323999998
2023-11-18,15.722850000000003,477.97464,1169.465583
2023-11-19,15.1866,461.67264000000006,1129.579308
2023-11-20,15.38862,467.81404800000007,1144.6055556
2023-11-21,18.574920000000002,564.6775680000001,1381.6025496
2023-11-22,20.07525,610.2876,1493.197095
2023-11-23,21.951930000000004,667.3386720000001,1632.7845534
2023-11-24,18.747300000000003,569.9179200000001,1394.4241740000002
2023-11-25,17.3433,527.23632,1289.9946539999999
2023-11-26,22.52952,684.8974079999999,1675.7456975999996
2023-11-27,24.480300000000003,744.2011200000001,1820.844714
2023-11-28,23.077080000000002,701.543232,1716.4732104
2023-11-29,22.18866,674.5352640000001,1650.3925307999998
2023-11-30,19.57722,595.147488,1456.1536236
2023-12-01,23.254920000000002,706.949568,1729.7009495999998
2023-12-02,21.965970000000002,667.765488,1633.8288486
2023-12-03,21.205080000000002,644.634432,1577.2338503999997
2023-12-04,20.50386,623.3173439999999,1525.0771068
2023-12-05,22.683180000000004,689.568672,1687.1749284000002
2023-12-06,15.764189999999997,479.23137599999995,1172.5404522
2023-12-07,16.30434,495.651936,1212.7168092
2023-12-08,19.786260000000002,601.5023040000001,1471.7020188000001
2023-12-09,22.6005,687.0552,1681.02519
2023-12-10,16.021590000000003,487.056336,1191.6858642000002
2023-12-11,21.972600000000003,667.9670400000001,1634.321988
2023-12-12,21.91566,666.2360639999999,1630.0867908
2023-12-13,16.269630000000003,494.5967520000001,1210.1350794
2023-12-14,14.681160000000002,446.30726400000003,1091.9846808
2023-12-15,9.42162,286.417248,700.7800955999999
2023-12-16,13.76583,418.48123200000003,1023.9024354000001
2023-12-17,16.977090000000004,516.1035360000001,1262.7559542
2023-12-18,18.23523,554.350992,1356.3364073999999
2023-12-19,19.588530000000002,595.4913120000001,1456.9948614000002
2023-12-20,19.666140000000002,597.8506560000001,1462.7674932
2023-12-21,19.86192,603.8023680000001,1477.3296096000001
2023-12-22,19.878690000000002,604.3121760000001,1478.5769622
2023-12-23,17.142060000000004,521.1186240000001,1275.0264228
2023-12-24,17.68767,537.7051680000001,1315.6088946
2023-12-25,15.41202,468.52540799999997,1146.3460475999998
2023-12-26,17.329259999999998,526.8095040000001,1288.9503587999998
2023-12-27,17.57067,534.148368,1306.9064346
2023-12-28,16.22478,493.23331199999996,1206.7991364
2023-12-29,15.09027,458.744208,1122.4142826
2023-12-30,15.6078,474.47712,1160.908164
2023-12-31,20.7129,629.67216,1540.6255019999999
2024-01-01,19.36038,588.555552,1440.0250644
2024-01-02,19.46958,591.8752320000001,1448.1473604
2024-01-03,23.07786,701.566944,1716.5312268
2024-01-04,23.21475,705.7284,1726.7131049999998
2024-01-05,21.98469,668.3345760000001,1635.2212422
2024-01-06,25.20453,766.217712,1874.7129414
2024-01-07,23.47761,713.719344,1746.2646318
2024-01-08,21.636419999999998,657.747168,1609.3169196
2024-01-09,20.872020000000003,634.509408,1552.4608476
2024-01-10,18.72663,569.2895520000001,1392.8867394000001
2024-01-11,21.825570000000003,663.497328,1623.3858966
2024-01-12,20.17275,613.2516,1500.449145
2024-01-13,19.85178,603.4941120000001,1476.5753964
2024-01-14,23.02092,699.835968,1712.2960295999999
2024-01-15,24.93426,758.001504,1854.6102587999999
2024-01-16,25.920569999999998,787.9853280000001,1927.9719966
2024-01-17,25.05126,761.558304,1863.3127187999999
2024-01-18,25.496640000000003,775.0978560000001,1896.4400832
2024-01-19,21.49992,653.597568,1599.1640496000002
2024-01-20,20.37282,619.3337280000001,1515.3303515999999
2024-01-21,19.46022,591.590688,1447.4511635999997
2024-01-22,23.29314,708.111456,1732.5437531999999
2024-01-23,25.480650000000004,774.61176,1895.250747
2024-01-24,25.361700000000003,770.99568,1886.4032459999999
2024-01-25,24.099269999999997,732.617808,1792.5037025999998
2024-01-26,19.548360000000002,594.2701440000001,1454.0070168000002
2024-01-27,20.4009,620.18736,1517.418942
2024-01-28,22.34778,679.372512,1662.2278763999998
2024-01-29,20.44887,621.6456479999999,1520.9869505999998
2024-01-30,17.28714,525.529056,1285.8174732
2024-01-31,18.723900000000004,569.2065600000001,1392.683682
2024-02-01,11.04207,335.67892800000004,821.3091666
2024-02-02,15.262260000000001,463.972704,1135.2068988
2024-02-03,15.03294,457.001376,1118.1500772
2024-02-04,12.848550000000001,390.59592000000004,955.6751489999999
2024-02-05,12.296309999999998,373.807824,914.5995378
2024-02-06,16.636619999999997,505.7532479999999,1237.4317955999998
2024-02-07,15.84726,481.756704,1178.7191988
2024-02-08,16.70019,507.685776,1242.1601322
2024-02-09,19.71606,599.368224,1466.4805428
2024-02-10,24.79386,753.733344,1844.1673068
2024-02-11,23.22957,706.1789279999999,1727.8154165999997
2024-02-12,25.09884,763.004736,1866.8517191999997
2024-02-13,24.47718,744.106272,1820.6126484
2024-02-14,20.8689,634.41456,1552.228782
2024-02-15,25.42566,772.940064,1891.1605908000001
2024-02-16,22.68123,689.509392,1687.0298873999998
2024-02-17,21.558809999999998,655.3878239999999,1603.5442878
2024-02-18,24.490440000000003,744.5093760000001,1821.5989272000002
2024-02-19,23.027549999999998,700.03752,1712.7891689999997
2024-02-20,24.84534,755.298336,1847.9963891999998
2024-02-21,19.39938,589.741152,1442.9258843999999
2024-02-22,22.02876,669.674304,1638.4991687999998
2024-02-23,23.19681,705.1830239999999,1725.3787277999998
2024-02-24,21.15438,643.093152,1573.4627844
2024-02-25,18.0882,549.8812800000001,1345.400316
2024-02-26,19.276139999999998,585.994656,1433.7592931999998
2024-02-27,22.885200000000005,695.7100800000001,1702.2011760000003
2024-02-28,23.94093,727.8042720000001,1780.7263733999998
2024-02-29,22.85907,694.9157280000001,1700.2576266
2024-03-01,20.006999999999998,608.2128,1488.1206599999998
2024-03-02,23.63595,718.5328800000001,1758.0419610000001
2024-03-03,19.93212,605.936448,1482.5510856
2024-03-04,19.85256,603.5178239999999,1476.6334127999999
2024-03-05,19.90482,605.1065279999999,1480.5205115999997
2024-03-06,17.902949999999997,544.24968,1331.6214209999998
2024-03-07,21.47262,652.767648,1597.1334755999999
2024-03-08,17.17833,522.221232,1277.7241854
2024-03-09,13.22373,402.001392,983.5810373999999
2024-03-10,22.05489,670.468656,1640.4427181999997
2024-03-11,14.950650000000001,454.49976000000004,1112.029347
2024-03-12,20.51517,623.6611680000001,1525.9183446
2024-03-13,18.91266,574.944864,1406.7236507999999
2024-03-14,17.55,533.52,1305.369
2024-03-15,20.424300000000002,620.89872,1519.1594340000001
2024-03-16,18.97077,576.711408,1411.0458726
2024-03-17,14.305980000000002,434.90179200000006,1064.0787923999999
2024-03-18,23.22138,705.9299520000001,1727.2062443999998
2024-03-19,18.425939999999997,560.1485759999999,1370.5214171999999
2024-03-20,14.428440000000002,438.62457600000005,1073.1873672
2024-03-21,15.236130000000001,463.178352,1133.2633494
2024-03-22,23.1933,705.07632,1725.1176540000001
2024-03-23,17.27115,525.04296,1284.6281369999997
2024-03-24,20.561970000000002,625.0838880000001,1529.3993286
2024-03-25,21.1341,642.47664,1571.954358
2024-03-26,21.34158,648.784032,1587.3867204
2024-03-27,15.380430000000002,467.56507200000004,1143.9963834
2024-03-28,19.026149999999998,578.39496,1415.165037
2024-03-29,20.52843,624.0642720000001,1526.9046234
2024-03-30,18.237180000000002,554.410272,1356.4814483999999
2024-03-31,12.8037,389.23248,952.339206
2024-04-01,16.94238,515.048352,1260.1742244
2024-04-02,13.017809999999999,395.741424,968.2647078
2024-04-03,16.489590000000003,501.2835360000001,1226.4957042
2024-04-04,11.20587,340.658448,833.4926105999999
2024-04-05,23.49087,714.1224480000001,1747.2509105999998
2024-04-06,19.90599,605.1420959999999,1480.6075362
2024-04-07,22.96086,698.0101440000001,1707.8287668000003
2024-04-08,21.01515,638.86056,1563.106857
2024-04-09,22.20933,675.1636320000001,1651.9299654
2024-04-10,24.77787,753.247248,1842.9779706
2024-04-11,20.83926,633.513504,1550.0241588
2024-04-12,25.096890000000002,762.945456,1866.7066782000002
2024-04-13,22.92654,696.966816,1705.2760452
2024-04-14,19.223489999999998,584.394096,1429.8431862
2024-04-15,20.625539999999997,627.0164159999999,1534.1276652
2024-04-16,19.9368,606.07872,1482.8991839999999
2024-04-17,13.059930000000001,397.02187200000003,971.3975933999999
2024-04-18,15.53838,472.366752,1155.7447044
2024-04-19,11.9574,363.50496,889.3914119999998
2024-04-20,22.207380000000004,675.1043520000001,1651.7849244
2024-04-21,14.126190000000001,429.43617600000005,1050.7060122
2024-04-22,10.686390000000001,324.866256,794.8536882
2024-04-23,21.16218,643.3302719999999,1574.0429484
2024-04-24,23.29431,708.147024,1732.6307777999998
2024-04-25,19.64742,597.281568,1461.3750995999999
2024-04-26,15.909270000000001,483.64180799999997,1183.3315025999998
2024-04-27,17.199,522.8496,1279.26162
2024-04-28,12.089220000000001,367.512288,899.1961836
2024-04-29,20.038980000000002,609.1849920000001,1490.4993324000002
2024-04-30,18.02541,547.9724640000001,1340.7299957999999
2024-05-01,19.276139999999998,585.994656,1433.7592931999998
2024-05-02,9.029670000000001,274.50196800000003,671.6268546
2024-05-03,16.716960000000004,508.19558400000005,1243.4074848000002
2024-05-04,10.36815,315.19176,771.182997
2024-05-05,19.848660000000002,603.3992640000001,1476.3433308
2024-05-06,20.89152,635.102208,1553.9112575999998
2024-05-07,19.04838,579.0707520000001,1416.8185044
2024-05-08,17.06406,518.747424,1269.2247828
2024-05-09,11.37045,345.66168,845.7340710000001
2024-05-10,18.53826,563.5631040000001,1378.8757788
2024-05-11,17.97861,546.549744,1337.2490117999998
2024-05-12,13.25922,403.080288,986.2207835999999
2024-05-13,25.182299999999998,765.54192,1873.059474
2024-05-14,18.747300000000003,569.9179200000001,1394.4241740000002
2024-05-15,17.19432,522.7073280000001,1278.9135216000002
2024-05-16,17.75865,539.8629599999999,1320.888387
2024-05-17,18.857670000000002,573.273168,1402.6334946
2024-05-18,19.32645,587.52408,1437.5013509999999
2024-05-19,22.37508,680.202432,1664.2584504
2024-05-20,18.39162,559.1052480000001,1367.9686955999998
2024-05-21,14.705340000000001,447.04233600000003,1093.7831892
2024-05-22,18.02931,548.091024,1341.0200777999999
2024-05-23,18.48873,562.057392,1375.1917374000002
2024-05-24,18.37641,558.642864,1366.8373758
2024-05-25,18.26409,555.228336,1358.4830141999998
2024-05-26,21.87705,665.06232,1627.2149789999999
2024-05-27,18.14163,551.5055520000001,1349.3744394
2024-05-28,21.32676,648.333504,1586.2844088
2024-05-29,15.745470000000003,478.66228800000005,1171.1480586
2024-05-30,16.92288,514.455552,1258.7238144
2024-05-31,20.00232,608.070528,1487.7725616
2024-06-01,26.81562,815.194848,1994.5458155999997
2024-06-02,20.55534,624.882336,1528.9061892
2024-06-03,21.996,668.6784,1636.0624799999998
2024-06-04,14.913210000000003,453.361584,1109.2445598000002
2024-06-05,18.106920000000002,550.450368,1346.7927096
2024-06-06,15.050100000000002,457.52304,1119.426438
2024-06-07,19.520280000000003,593.4165120000001,1451.9184264
2024-06-08,22.66329,688.964016,1685.6955101999997
2024-06-09,17.219670000000004,523.477968,1280.7990546
2024-06-10,18.63849,566.610096,1386.3308862
2024-06-11,17.44314,530.2714560000001,1297.4207531999998
2024-06-12,23.05095,700.74888,1714.5296609999998
2024-06-13,20.079929999999997,610.429872,1493.5451933999998
2024-06-14,15.17451,461.305104,1128.6800538
2024-06-15,16.20294,492.5693760000001,1205.1746772000001
2024-06-16,15.63588,475.330752,1162.9967543999999
2024-06-17,24.00372,729.713088,1785.3966936
2024-06-18,16.41939,499.14945600000004,1221.2742282
2024-06-19,17.12139,520.490256,1273.4889882000002
2024-06-20,20.23242,615.0655680000001,1504.8873996
2024-06-21,18.891209999999997,574.292784,1405.1281998
2024-06-22,17.335500000000003,526.9992000000001,1289.41449
2024-06-23,17.80272,541.2026880000001,1324.1663136
2024-06-24,19.88454,604.4900160000001,1479.0120852
2024-06-25,19.78977,601.609008,1471.9630926
2024-06-26,19.66341,597.767664,1462.5644358
2024-06-27,18.16854,552.3236159999999,1351.3760051999998
2024-06-28,15.11367,459.455568,1124.1547746
2024-06-29,20.538570000000004,624.3725280000001,1527.6588365999999
2024-06-30,20.80338,632.4227520000001,1547.3554044
2024-07-01,24.043110000000002,730.9105440000001,1788.3265218000001
2024-07-02,17.788680000000003,540.775872,1323.1220184
2024-07-03,19.491419999999998,592.539168,1449.7718195999998
2024-07-04,16.2825,494.98800000000006,1211.09235
2024-07-05,8.79372,267.329088,654.0768936
2024-07-06,22.71672,690.588288,1689.6696335999998
2024-07-07,23.12856,703.1082240000001,1720.3022927999998
2024-07-08,27.2883,829.56432,2029.703754
2024-07-09,22.215180000000004,675.3414720000001,1652.3650884
2024-07-10,21.23511,645.547344,1579.4674817999999
2024-07-11,22.7955,692.9832,1695.52929
2024-07-12,18.932550000000003,575.54952,1408.203069
2024-07-13,24.658140000000003,749.6074560000001,1834.0724532000002
2024-07-14,26.01612,790.890048,1935.0790056
2024-07-15,23.619960000000003,718.046784,1756.8526248
2024-07-16,23.977590000000003,728.9187360000001,1783.4531441999998
2024-07-17,23.20422,705.408288,1725.9298835999998
2024-07-18,21.67035,658.77864,1611.8406329999998
2024-07-19,18.93528,575.632512,1408.4061264
2024-07-20,26.119860000000003,794.0437440000001,1942.7951867999998
2024-07-21,24.15075,734.1828,1796.332785
2024-07-22,24.671010000000003,749.998704,1835.0297238
2024-07-23,22.8423,694.40592,1699.010274
2024-07-24,25.06803,762.068112,1864.5600714
2024-07-25,19.826430000000002,602.7234720000001,1474.6898634000001
2024-07-26,19.25274,585.2832960000001,1432.0188012
2024-07-27,21.140340000000002,642.666336,1572.4184892
2024-07-28,22.4679,683.02416,1671.162402
2024-07-29,27.38736,832.5757440000001,2037.0718368
2024-07-30,21.148919999999997,642.9271679999999,1573.0566695999999
2024-07-31,24.183510000000002,735.178704,1798.7694738
2024-08-01,21.56154,655.470816,1603.7473452
2024-08-02,26.319539999999996,800.114016,1957.6473852
2024-08-03,18.422430000000002,560.041872,1370.2603434
2024-08-04,21.88914,665.429856,1628.1142332
2024-08-05,20.071740000000002,610.1808960000001,1492.9360212000001
2024-08-06,19.63182,596.807328,1460.2147716000002
2024-08-07,17.91114,544.498656,1332.2305932
2024-08-08,18.045299999999997,548.57712,1342.209414
2024-08-09,14.908530000000003,453.21931200000006,1108.8964614
2024-08-10,19.34439,588.0694560000001,1438.8357282
2024-08-11,22.683960000000003,689.592384,1687.2329447999998
2024-08-12,24.267750000000003,737.7396000000001,1805.035245
2024-08-13,25.471290000000003,774.327216,1894.5545502000002
2024-08-14,26.32227,800.197008,1957.8504426
2024-08-15,27.083160000000003,823.328064,2014.4454408
2024-08-16,22.41174,681.316896,1666.9852211999998
2024-08-17,25.49742,775.121568,1896.4980996
2024-08-18,27.700920000000004,842.1079680000001,2060.3944296
2024-08-19,22.13172,672.804288,1646.1573336
2024-08-20,23.03106,700.144224,1713.0502428000002
2024-08-21,23.24634,706.6887360000001,1729.0627692
2024-08-22,20.420790000000004,620.7920160000001,1518.8983602
2024-08-23,20.531940000000002,624.170976,1527.1656971999998
2024-08-24,21.251099999999997,646.0334399999999,1580.656818
2024-08-25,15.48807,470.837328,1152.0026466
2024-08-26,17.341350000000002,527.17704,1289.849613
2024-08-27,26.080859999999998,792.858144,1939.8943668
2024-08-28,25.53018,776.117472,1898.9347884
2024-08-29,22.6512,688.59648,1684.7962559999999
2024-08-30,28.13343,855.2562720000001,2092.5645234
2024-08-31,22.50144,684.043776,1673.6571072
2024-09-01,20.461740000000002,622.0368960000001,1521.9442212
2024-09-02,22.62585,687.82584,1682.9107229999997
2024-09-03,20.17743,613.3938720000001,1500.7972433999998
2024-09-04,25.357020000000002,770.8534080000001,1886.0551476
2024-09-05,23.212020000000003,705.6454080000001,1726.5100476
2024-09-06,26.159249999999997,795.2412,1945.725015
2024-09-07,20.084609999999998,610.572144,1493.8932918
2024-09-08,20.164170000000002,612.9907680000001,1499.8109646
2024-09-09,25.126140000000003,763.834656,1868.8822932
2024-09-10,22.20192,674.9383680000001,1651.3788095999998
2024-09-11,23.1465,703.6536,1721.6366699999999
2024-09-12,17.5929,534.82416,1308.559902
2024-09-13,20.49645,623.0920799999999,1524.5259509999998
2024-09-14,24.42024,742.375296,1816.3774511999998
2024-09-15,26.559780000000003,807.417312,1975.5164363999997
2024-09-16,23.63868,718.6158720000001,1758.2450184000002
2024-09-17,25.74741,782.721264,1915.0923557999997
2024-09-18,27.04572,822.189888,2011.6606536
2024-09-19,20.8962,635.24448,1554.259356
2024-09-20,20.73513,630.3479520000001,1542.2789694
2024-09-21,21.1536,643.0694400000001,1573.404768
2024-09-22,19.28433,586.243632,1434.3684653999999
2024-09-23,20.925060000000002,636.1218240000001,1556.4059628
2024-09-24,24.37422,740.976288,1812.9544835999998
2024-09-25,18.5991,565.41264,1383.401058
2024-09-26,17.71107,538.416528,1317.3493866
2024-09-27,18.47664,561.689856,1374.2924831999999
2024-09-28,16.27509,494.762736,1210.5411942
2024-09-29,14.134380000000002,429.6851520000001,1051.3151844
2024-09-30,19.6521,597.42384,1461.723198
2024-10-01,20.4516,621.72864,1521.1900079999998
2024-10-02,19.57254,595.005216,1455.8055252
2024-10-03,26.39988,802.5563520000001,1963.6230744
2024-10-04,18.28281,555.797424,1359.8754078
2024-10-05,20.97849,637.746096,1560.3800862
2024-10-06,17.8347,542.17488,1326.544986
2024-10-07,16.662750000000003,506.5476,1239.375345
2024-10-08,14.447160000000002,439.193664,1074.5797608
2024-10-09,22.196460000000002,674.772384,1650.9726948
2024-10-10,14.73342,447.895968,1095.8717796
2024-10-11,24.39489,741.604656,1814.4919181999996
2024-10-12,24.413610000000002,742.173744,1815.8843118000002
2024-10-13,24.13476,733.6967040000001,1795.1434487999998
2024-10-14,21.20976,644.776704,1577.5819488
2024-10-15,17.84211,542.4001440000001,1327.0961418000002
2024-10-16,18.53553,563.480112,1378.6727214
2024-10-17,23.4897,714.0868800000001,1747.1638859999998
2024-10-18,24.831300000000002,754.87152,1846.952094
2024-10-19,16.02978,487.305312,1192.2950363999998
2024-10-20,21.513180000000002,654.0006720000001,1600.1503284
2024-10-21,19.007430000000003,577.825872,1413.7726433999999
2024-10-22,17.32263,526.6079520000001,1288.4572194
2024-10-23,20.6115,626.5896,1533.0833699999998
2024-10-24,21.2277,645.3220799999999,1578.9163259999998
2024-10-25,25.853099999999998,785.9342399999999,1922.9535779999997
2024-10-26,19.539780000000004,594.0093120000001,1453.3688364000002
2024-10-27,15.760290000000001,479.112816,1172.2503702000001
2024-10-28,19.06242,579.497568,1417.8627996000002
2024-10-29,20.88684,634.959936,1553.5631592
2024-10-30,18.92202,575.229408,1407.4198476
2024-10-31,19.219980000000003,584.2873920000001,1429.5821124
2024-11-01,13.05174,396.772896,970.7884212
2024-11-02,16.397940000000002,498.49737600000003,1219.6787772
2024-11-03,13.369979999999998,406.44739200000004,994.4591123999999
2024-11-04,12.070500000000001,366.94320000000005,897.80379
2024-11-05,20.841990000000003,633.5964960000001,1550.2272162
2024-11-06,20.95782,637.1177279999999,1558.8426516
2024-11-07,16.50558,501.769632,1227.6850403999997
2024-11-08,8.84442,268.870368,657.8479596
2024-11-09,18.071430000000003,549.371472,1344.1529634
2024-11-10,17.24853,524.355312,1282.9456613999998
2024-11-11,13.414830000000002,407.81083200000006,997.7950554
2024-11-12,16.45293,500.16907199999997,1223.7689334000002
2024-11-13,16.62414,505.37385600000005,1236.5035332
2024-11-14,15.44127,469.414608,1148.5216626
2024-11-15,15.455309999999999,469.84142399999996,1149.5659577999998
2024-11-16,13.549380000000003,411.901152,1007.8028843999999
2024-11-17,14.400360000000001,437.77094400000004,1071.0987768
2024-11-18,18.209880000000002,553.580352,1354.4508744
2024-11-19,15.638610000000002,475.41374400000007,1163.1998118
2024-11-20,16.40886,498.82934399999994,1220.4910068
2024-11-21,16.595280000000002,504.4965120000001,1234.3569264
2024-11-22,13.31265,404.70456,990.1949070000001
2024-11-23,14.324700000000002,435.4708800000001,1065.471186
2024-11-24,16.88154,513.198816,1255.6489451999998
2024-11-25,21.00852,638.659008,1562.6137176
2024-11-26,19.95474,606.624096,1484.2335612
2024-11-27,16.39326,498.3551040000001,1219.3306788
2024-11-28,17.51256,532.381824,1302.5842128
2024-11-29,17.80272,541.2026880000001,1324.1663136
2024-11-30,24.21159,736.0323360000001,1800.8580641999997
2024-12-01,18.407220000000002,559.5794880000001,1369.1290236
2024-12-02,17.13426,520.881504,1274.4462588
2024-12-03,16.77117,509.84356800000006,1247.4396246
2024-12-04,18.83154,572.4788159999999,1400.6899452
2024-12-05,19.728150000000003,599.73576,1467.3797970000003
2024-12-06,18.18375,552.786,1352.507325
2024-12-07,20.02494,608.758176,1489.4550371999999
2024-12-08,24.67296,750.0579839999999,1835.1747647999998
2024-12-09,21.10602,641.623008,1569.8657676
2024-12-10,17.396340000000002,528.848736,1293.9397692
2024-12-11,18.02463,547.948752,1340.6719793999998
2024-12-12,18.76017,570.309168,1395.3814446
2024-12-13,18.589740000000003,565.1280960000001,1382.7048612
2024-12-14,16.53522,502.6706879999999,1229.8896636
2024-12-15,13.015860000000002,395.68214400000005,968.1196668
2024-12-16,12.02955,365.69832,894.7579289999999
2024-12-17,17.894370000000002,543.9888480000001,1330.9832406
2024-12-18,18.60105,565.47192,1383.546099
2024-12-19,12.46011,378.787344,926.7829817999999
2024-12-20,16.34178,496.790112,1215.5015964
2024-12-21,12.740910000000001,387.323664,947.6688858
2024-12-22,17.57262,534.207648,1307.0514756
2024-12-23,16.01223,486.77179199999995,1190.9896674
2024-12-24,14.410499999999999,438.0792,1071.85299
2024-12-25,16.51572,502.077888,1228.4392536
2024-12-26,13.81341,419.927664,1027.4414358000001
2024-12-27,13.89492,422.405568,1033.5041496000001
2024-12-28,15.428010000000002,469.01150400000006,1147.5353838
2024-12-29,15.01734,456.52713600000004,1116.9897492
2024-12-30,11.34627,344.926608,843.9355626
2024-12-31,16.11987,490.04404800000003,1198.9959306
2025-01-01,13.541190000000002,411.65217600000005,1007.1937121999999
2025-01-02,17.9439,545.49456,1334.667282
2025-01-03,12.7569,387.80976000000004,948.858222
2025-01-04,16.44474,499.920096,1223.1597611999998
2025-01-05,17.19237,522.648048,1278.7684806
2025-01-06,20.12946,611.9355840000001,1497.2292348
2025-01-07,18.85104,573.071616,1402.1403552
2025-01-08,19.070220000000003,579.734688,1418.4429636
2025-01-09,16.48101,501.02270400000003,1225.8575238
2025-01-10,18.485219999999998,561.9506879999999,1374.9306636
2025-01-11,18.24069,554.516976,1356.7425222
2025-01-12,22.96008,697.9864319999999,1707.7707503999998
2025-01-13,24.40893,742.031472,1815.5362134
2025-01-14,23.4273,712.18992,1742.5225739999998
2025-01-15,24.01113,729.938352,1785.9478493999998
2025-01-16,22.4874,683.6169600000001,1672.612812
2025-01-17,22.341540000000002,679.182816,1661.7637452
2025-01-18,25.450620000000004,773.698848,1893.0171156000001
2025-01-19,22.107539999999997,672.069216,1644.3588251999997
2025-01-20,23.71356,720.892224,1763.8145928000001
2025-01-21,23.95614,728.266656,1781.8576931999999
2025-01-22,23.950290000000003,728.088816,1781.4225702
2025-01-23,24.68505,750.4255200000001,1836.074019
2025-01-24,12.680850000000001,385.49784,943.2016229999999
2025-01-25,16.92678,514.574112,1259.0138964
2025-01-26,18.827640000000002,572.360256,1400.3998632
2025-01-27,19.97229,607.157616,1485.5389302
2025-01-28,19.17123,582.8053920000001,1425.9560874
2025-01-29,22.276020000000003,677.1910080000001,1656.8903676000002
2025-01-30,22.04007,670.018128,1639.3404065999998
2025-01-31,20.40753,620.388912,1517.9120814
2025-02-01,18.852990000000002,573.1308960000001,1402.2853962
2025-02-02,17.53323,533.0101920000001,1304.1216474
2025-02-03,15.979470000000001,485.77588799999995,1188.5529785999997
2025-02-04,16.23219,493.458576,1207.3502921999998
2025-02-05,11.157900000000001,339.20016000000004,829.9246020000002
2025-02-06,17.211090000000002,523.217136,1280.1608742
2025-02-07,17.52738,532.832352,1303.6865244
2025-02-08,12.85674,390.84489600000006,956.2843212000001
2025-02-09,7.60032,231.04972800000002,565.3118016000001
2025-02-10,17.06133,518.664432,1269.0217254
2025-02-11,8.56635,260.41704,637.165113
2025-02-12,14.99004,455.697216,1114.9591752
2025-02-13,15.603119999999999,474.33484799999997,1160.5600656
2025-02-14,14.449890000000002,439.276656,1074.7828181999998
2025-02-15,14.385540000000002,437.320416,1069.9964652
2025-02-16,13.14339,399.559056,977.6053482
2025-02-17,16.3839,498.07055999999994,1218.6344819999997
2025-02-18,15.56022,473.03068799999994,1157.3691635999999
2025-02-19,14.346150000000002,436.1229600000001,1067.066637
2025-02-20,19.57644,595.123776,1456.0956072
2025-02-21,17.500470000000004,532.0142880000001,1301.6849586
2025-02-22,14.378910000000001,437.11886400000003,1069.5033257999999
2025-02-23,16.816019999999998,511.20700800000003,1250.7755676
2025-02-24,15.46194,470.042976,1150.0590972
2025-02-25,12.870779999999998,391.271712,957.3286163999999
2025-02-26,18.79761,571.4473439999999,1398.1662317999999
2025-02-27,17.74383,539.412432,1319.7860753999998
2025-02-28,13.592670000000002,413.2171680000001,1011.0227946000001
2025-03-01,18.91578,575.039712,1406.9557164
2025-03-02,20.38608,619.736832,1516.3166304
2025-03-03,15.816450000000003,480.82008,1176.427551
2025-03-04,15.956070000000002,485.06452800000005,1186.8124866
2025-03-05,14.80362,450.030048,1101.0932556
2025-03-06,14.57898,443.20099200000004,1084.3845324000001
2025-03-07,14.856269999999999,451.630608,1105.0093625999998
2025-03-08,21.6177,657.17808,1607.924526
2025-03-09,21.09198,641.196192,1568.8214724
2025-03-10,20.89542,635.220768,1554.2013396
2025-03-11,17.27466,525.149664,1284.8892108
2025-03-12,14.494740000000002,440.6400960000001,1078.1187612
2025-03-13,18.26799,555.346896,1358.7730962
2025-03-14,14.69442,446.710368,1092.9709596
2025-03-15,17.854979999999998,542.791392,1328.0534123999998
2025-03-16,19.656,597.5424,1462.0132800000001
2025-03-17,17.20914,523.157856,1280.0158332
2025-03-18,16.977090000000004,516.1035360000001,1262.7559542
2025-03-19,21.039330000000003,639.595632,1564.9053654
2025-03-20,18.95478,576.225312,1409.8565363999999
2025-03-21,20.633340000000004,627.253536,1534.7078292
2025-03-22,22.35441,679.5740640000001,1662.7210157999998
2025-03-23,22.46127,682.8226080000001,1670.6692626
2025-03-24,21.96714,667.801056,1633.9158731999999
2025-03-25,13.65234,415.031136,1015.4610491999999
2025-03-26,20.83263,633.311952,1549.5310194
2025-03-27,19.7457,600.26928,1468.6851659999998
2025-03-28,13.19487,401.1240480000001,981.4344306
2025-03-29,15.64914,475.73385600000006,1163.9830332000001
2025-03-30,12.2577,372.63408,911.727726
2025-03-31,15.65538,475.923552,1164.4471644
2025-04-01,17.32731,526.750224,1288.8053178
2025-04-02,17.33277,526.916208,1289.2114326
2025-04-03,14.496690000000001,440.699376,1078.2638021999999
2025-04-04,16.125329999999998,490.21003199999996,1199.4020453999997
2025-04-05,16.37142,497.691168,1217.7062196
2025-04-06,14.2779,434.04816,1061.990202
2025-04-07,22.30293,678.0090720000001,1658.8919334
2025-04-08,16.2591,494.27664,1209.3518579999998
2025-04-09,16.00287,486.487248,1190.2934705999999
2025-04-10,14.750580000000001,448.417632,1097.1481403999999
2025-04-11,20.1435,612.3624000000001,1498.27353
2025-04-12,23.41794,711.905376,1741.8263771999998
2025-04-13,24.62811,748.694544,1831.8388218
2025-04-14,25.491960000000002,774.955584,1896.0919848000003
2025-04-15,22.51158,684.352032,1674.4113203999998
2025-04-16,20.947680000000002,636.809472,1558.0884384
2025-04-17,18.68334,567.9735360000001,1389.6668292000002
2025-04-18,22.79706,693.030624,1695.6453227999998
2025-04-19,20.80806,632.5650240000001,1547.7035028
2025-04-20,19.5156,593.27424,1451.5703279999998
2025-04-21,14.67726,446.188704,1091.6945988
2025-04-22,14.653080000000001,445.4536320000001,1089.8960904
2025-04-23,18.594420000000003,565.2703680000001,1383.0529596000001
2025-04-24,19.81785,602.4626400000001,1474.051683
2025-04-25,17.219670000000004,523.477968,1280.7990546
2025-04-26,16.86009,512.546736,1254.0534942000002
2025-04-27,17.79999,541.119696,1323.9632562
2025-04-28,15.83322,481.32988800000004,1177.6749036
2025-04-29,17.433,529.9631999999999,1296.66654
2025-04-30,17.14011,521.0593439999999,1274.8813817999999
2025-05-01,14.587560000000002,443.46182400000004,1085.0227128000001
2025-05-02,15.395249999999999,468.0156,1145.098695
2025-05-03,13.804049999999998,419.64312,1026.7452389999999
2025-05-04,17.25048,524.414592,1283.0907023999998
2025-05-05,17.19822,522.825888,1279.2036035999997
2025-05-06,18.455189999999998,561.037776,1372.6970322
2025-05-07,12.89145,391.90008,958.8660509999999
2025-05-08,15.22326,462.787104,1132.3060788
2025-05-09,24.71586,751.362144,1838.3656667999999
2025-05-10,26.896740000000005,817.6608960000001,2000.5795211999998
2025-05-11,21.21717,645.0019679999999,1578.1331045999998
2025-05-12,25.49742,775.121568,1896.4980996
2025-05-13,15.158520000000001,460.819008,1127.4907176
2025-05-14,16.669380000000004,506.74915200000004,1239.8684844000002
2025-05-15,14.80089,449.947056,1100.8901982
2025-05-16,15.53955,472.40232000000003,1155.831729
2025-05-17,15.67254,476.4452160000001,1165.7235252
2025-05-18,16.1889,492.14256,1204.1303819999998
2025-05-19,19.94226,606.2447040000001,1483.3052988
2025-05-20,19.30578,586.895712,1435.9639163999998
2025-05-21,20.14467,612.3979680000001,1498.3605546000001
2025-05-22,20.33382,618.148128,1512.4295316
2025-05-23,23.86332,725.4449280000001,1774.9537416
2025-05-24,22.92927,697.049808,1705.4791026
2025-05-25,24.282570000000003,738.1901280000001,1806.1375566000002
2025-05-26,17.535960000000003,533.0931840000001,1304.3247048
2025-05-27,15.21858,462.64483200000006,1131.9579804
2025-05-28,25.76808,783.349632,1916.6297903999998
2025-05-29,25.09494,762.886176,1866.5616371999997
2025-05-30,20.249579999999998,615.587232,1506.1637604
2025-05-31,22.206599999999998,675.08064,1651.7269079999999
2025-06-01,18.162300000000002,552.13392,1350.911874
2025-06-02,20.292479999999998,616.891392,1509.3546623999998
2025-06-03,22.89534,696.018336,1702.9553892
2025-06-04,21.89226,665.524704,1628.3462987999999
2025-06-05,17.885009999999998,543.704304,1330.2870438
2025-06-06,19.92081,605.592624,1481.7098478
2025-06-07,27.01764,821.336256,2009.5720632
2025-06-08,24.51774,745.3392960000001,1823.6295012
2025-06-09,16.00638,486.593952,1190.5545443999997
2025-06-10,18.96141,576.426864,1410.3496757999999
2025-06-11,15.025530000000002,456.776112,1117.5989213999999
2025-06-12,14.83092,450.859968,1103.1238296
2025-06-13,13.901549999999999,422.60712,1033.997289
2025-06-14,15.734940000000002,478.34217600000005,1170.3648372
2025-06-15,22.07088,670.954752,1641.6320544000002
2025-06-16,15.94671,484.779984,1186.1162897999998
2025-06-17,23.29509,708.1707359999999,1732.6887941999998
2025-06-18,24.336000000000002,739.8144000000001,1810.11168
2025-06-19,26.843700000000002,816.0484799999999,1996.634406
2025-06-20,23.79975,723.5124000000001,1770.225405
2025-06-21,21.43167,651.522768,1594.0876146
2025-06-22,14.024009999999999,426.32990399999994,1043.1058638
2025-06-23,15.75951,479.08910399999996,1172.1923537999999
2025-06-24,12.660180000000002,384.869472,941.6641884
2025-06-25,24.82818,754.7766720000001,1846.7200283999998
2025-06-26,23.953020000000002,728.1718079999999,1781.6256275999997
2025-06-27,20.50035,623.21064,1524.8160329999998
2025-06-28,21.02802,639.251808,1564.0641276
2025-06-29,22.46946,683.071584,1671.2784348
2025-06-30,24.25449,737.3364960000001,1804.0489661999998
2025-07-01,20.42157,620.815728,1518.9563766
2025-07-02,23.89335,726.3578400000001,1777.187373
2025-07-03,19.39392,589.5751680000001,1442.5197696000002
2025-07-04,17.808180000000004,541.3686720000001,1324.5724284
2025-07-05,22.0233,669.50832,1638.093054
2025-07-06,18.68061,567.890544,1389.4637718000001
2025-07-07,27.12723,824.667792,2017.7233674000001
2025-07-08,22.24209,676.159536,1654.3666541999999
2025-07-09,20.55261,624.7993439999999,1528.7031318
2025-07-10,20.99916,638.374464,1561.9175208000001
2025-07-11,18.74535,569.85864,1394.279133
2025-07-12,23.70615,720.66696,1763.263437
2025-07-13,21.35484,649.187136,1588.3729992
2025-07-14,24.08133,732.072432,1791.1693253999997
2025-07-15,25.46115,774.01896,1893.800337
2025-07-16,24.18234,735.143136,1798.6824491999998
2025-07-17,25.48806,774.837024,1895.8019027999999
2025-07-18,24.37422,740.976288,1812.9544835999998
2025-07-19,23.0217,699.85968,1712.354046
2025-07-20,24.636300000000002,748.94352,1832.447994
2025-07-21,19.47816,592.1360639999999,1448.7855407999998
2025-07-22,19.68018,598.277472,1463.8117884
2025-07-23,19.47075,591.9108,1448.2343849999997
2025-07-24,22.869210000000002,695.2239840000001,1701.0118398
2025-07-25,19.670039999999997,597.969216,1463.0575751999997
2025-07-26,19.817069999999998,602.4389279999999,1473.9936665999999
2025-07-27,24.30246,738.7947839999999,1807.6169747999998
2025-07-28,24.8079,754.16016,1845.2116019999999
2025-07-29,19.6365,596.9496,1460.56287
2025-07-30,24.321180000000002,739.363872,1809.0093684
2025-07-31,24.14022,733.862688,1795.5495635999998
2025-08-01,24.8079,754.16016,1845.2116019999999
2025-08-02,17.19237,522.648048,1278.7684806
2025-08-03,23.123100000000004,702.9422400000001,1719.8961780000002
2025-08-04,19.557720000000003,594.554688,1454.7032136
2025-08-05,22.361819999999998,679.799328,1663.2721715999996
2025-08-06,23.7744,722.74176,1768.3398719999998
2025-08-07,15.629250000000003,475.1292000000001,1162.503615
2025-08-08,19.74297,600.186288,1468.4821085999997
2025-08-09,19.94889,606.446256,1483.7984382
2025-08-10,19.95474,606.624096,1484.2335612
2025-08-11,24.790740000000003,753.638496,1843.9352411999998
2025-08-12,25.18854,765.731616,1873.5236051999998
2025-08-13,17.75397,539.720688,1320.5402886
2025-08-14,17.86083,542.9692319999999,1328.4885354
2025-08-15,15.574259999999999,473.45750400000003,1158.4134588
2025-08-16,13.28262,403.791648,987.9612755999999
2025-08-17,17.10735,520.06344,1272.444693
2025-08-18,22.054109999999998,670.444944,1640.3847018
2025-08-19,21.85014,664.244256,1625.2134131999999
2025-08-20,23.737740000000002,721.627296,1765.6131011999998
2025-08-21,23.12388,702.965952,1719.9541943999998
2025-08-22,16.55706,503.334624,1231.5141228
2025-08-23,22.17189,674.0254560000001,1649.1451782
2025-08-24,25.40967,772.453968,1889.9712546
2025-08-25,20.72577,630.063408,1541.5827726
2025-08-26,23.63322,718.449888,1757.8389036
2025-08-27,22.24482,676.2425280000001,1654.5697116
2025-08-28,22.77093,692.236272,1693.7017734
2025-08-29,28.052699999999998,852.80208,2086.5598259999997
2025-08-30,22.466730000000002,682.988592,1671.0753774
2025-08-31,16.14873,490.921392,1201.1425373999998
2025-09-01,19.051499999999997,579.1656,1417.0505699999999
2025-09-02,23.5911,717.1694400000001,1754.7060179999999
2025-09-03,22.12041,672.460464,1645.3160958
2025-09-04,19.230900000000002,584.61936,1430.394342
2025-09-05,18.7395,569.6808,1393.8440099999998
2025-09-06,19.91535,605.42664,1481.303733
2025-09-07,18.23406,554.315424,1356.2493828
2025-09-08,20.774520000000003,631.5454080000001,1545.2087976
2025-09-09,27.05235,822.39144,2012.1537929999997
2025-09-10,23.68353,719.979312,1761.5809614
2025-09-11,22.92069,696.788976,1704.8409222000003
2025-09-12,20.65479,627.905616,1536.3032801999998
2025-09-13,24.5895,747.5207999999999,1828.9670099999998
2025-09-14,22.470630000000003,683.107152,1671.3654594
2025-09-15,23.89218,726.322272,1777.1003484
2025-09-16,20.63139,627.194256,1534.5627881999999
2025-09-17,17.2419,524.15376,1282.452522
2025-09-18,13.227630000000001,402.119952,983.8711194
2025-09-19,17.858880000000003,542.9099520000001,1328.3434944
2025-09-20,23.94093,727.8042720000001,1780.7263733999998
2025-09-21,23.65818,719.2086720000001,1759.6954284
2025-09-22,21.749910000000003,661.197264,1617.7583058
2025-09-23,25.080119999999997,762.435648,1865.4593255999998
2025-09-24,22.375860000000003,680.226144,1664.3164668
2025-09-25,22.202699999999997,674.9620799999999,1651.4368259999999
2025-09-26,19.86855,604.00392,1477.822749
2025-09-27,19.49766,592.7288639999999,1450.2359507999997
2025-09-28,19.725420000000003,599.652768,1467.1767396
2025-09-29,18.1116,550.5926400000001,1347.1408079999999
2025-09-30,12.4995,379.9848,929.71281
2025-10-01,18.96531,576.545424,1410.6397577999999
2025-10-02,22.65783,688.798032,1685.2893954
2025-10-03,19.14978,582.1533119999999,1424.3606364
2025-10-04,19.56708,594.8392319999999,1455.3994103999999
2025-10-05,20.709,629.5536,1540.3354199999999
2025-10-06,18.07221,549.395184,1344.2109798
2025-10-07,21.386819999999997,650.159328,1590.7516715999998
2025-10-08,12.25614,372.586656,911.6116931999999
2025-10-09,19.290960000000002,586.445184,1434.8616048
2025-10-10,13.852800000000002,421.12512000000004,1030.3712639999999
2025-10-11,17.69703,537.989712,1316.3050914
2025-10-12,14.70846,447.137184,1094.0152547999999
2025-10-13,15.33168,466.0830720000001,1140.3703584
2025-10-14,18.499260000000003,562.377504,1375.9749588
2025-10-15,16.447470000000003,500.003088,1223.3628185999999
2025-10-16,18.858449999999998,573.29688,1402.6915109999998
2025-10-17,18.03594,548.292576,1341.5132171999999
2025-10-18,20.911019999999997,635.6950079999999,1555.3616676
2025-10-19,20.00895,608.27208,1488.2657009999998
2025-10-20,18.3885,559.0104,1367.7366299999999
2025-10-21,18.50745,562.62648,1376.584131
2025-10-22,16.02042,487.0207680000001,1191.5988396
2025-10-23,15.948660000000002,484.83926400000007,1186.2613308
2025-10-24,16.54848,503.073792,1230.8759424
2025-10-25,18.51681,562.911024,1377.2803278
2025-10-26,17.99187,546.952848,1338.2352905999999
2025-10-27,15.307500000000001,465.348,1138.5718499999998
2025-10-28,17.379569999999998,528.338928,1292.6924166
2025-10-29,19.073729999999998,579.841392,1418.7040373999998
2025-10-30,16.53522,502.6706879999999,1229.8896636
2025-10-31,20.850179999999998,633.845472,1550.8363883999998
2025-11-01,20.82678,633.1341120000001,1549.0958964
2025-11-02,19.625970000000002,596.629488,1459.7796486
2025-11-03,16.12338,490.15075200000007,1199.2570044
2025-11-04,15.496259999999998,471.086304,1152.6118188
2025-11-05,17.190420000000003,522.588768,1278.6234396
2025-11-06,18.19311,553.070544,1353.2035218
2025-11-07,21.20118,644.5158720000001,1576.9437684000002
2025-11-08,18.931379999999997,575.513952,1408.1160443999997
2025-11-09,17.631510000000002,535.9979040000001,1311.4317138
2025-11-10,19.8198,602.52192,1474.196724
2025-11-11,18.78084,570.937536,1396.9188792
2025-11-12,17.29533,525.778032,1286.4266454
2025-11-13,17.97315,546.38376,1336.842897
2025-11-14,13.925730000000001,423.342192,1035.7957973999999
2025-11-15,13.614120000000002,413.86924799999997,1012.6182455999999
2025-11-16,14.72406,447.61142399999994,1095.1755828
2025-11-17,18.7434,569.7993600000001,1394.134092
2025-11-18,18.42048,559.9825920000001,1370.1153024
2025-11-19,16.47165,500.73816,1225.1613269999998
2025-11-20,14.784120000000001,449.437248,1099.6428455999999
2025-11-21,16.93302,514.763808,1259.4780276000001
2025-11-22,20.43951,621.3611040000001,1520.2907538
2025-11-23,13.206180000000002,401.467872,982.2756683999999
2025-11-24,13.462410000000002,409.257264,1001.3340558000001
2025-11-25,17.784,540.6335999999999,1322.7739199999999
2025-11-26,18.12759,551.078736,1348.3301442000002
2025-11-27,10.563540000000001,321.131616,785.7161052
2025-11-28,12.487020000000001,379.605408,928.7845475999999
2025-11-29,14.07744,427.95417599999996,1047.0799872
2025-11-30,15.55632,472.912128,1157.0790816
2025-12-01,12.871950000000002,391.30728,957.415641
2025-12-02,16.595280000000002,504.4965120000001,1234.3569264
2025-12-03,16.36401,497.465904,1217.1550637999999
2025-12-04,14.5275,441.636,1080.5554499999998
2025-12-05,12.76782,388.141728,949.6704516
2025-12-06,16.831229999999998,511.669392,1251.9068874
2025-12-07,17.323410000000003,526.631664,1288.5152358
2025-12-08,19.799129999999998,601.893552,1472.6592894
2025-12-09,19.20282,583.765728,1428.3057516000001
2025-12-10,17.48643,531.5874719999999,1300.6406633999998
2025-12-11,19.129109999999997,581.5249439999999,1422.8232017999999
2025-12-12,12.762360000000001,387.975744,949.2643368
2025-12-13,17.59875,535.002,1308.9950250000002
2025-12-14,17.52387,532.725648,1303.4254505999997
2025-12-15,16.97046,515.901984,1262.2628148
2025-12-16,15.360540000000002,466.960416,1142.5169652
2025-12-17,16.46697,500.595888,1224.8132286
2025-12-18,16.410810000000005,498.88862400000005,1220.6360478000001
2025-12-19,17.71926,538.665504,1317.9585588
2025-12-20,20.25231,615.670224,1506.3668178
2025-12-21,16.716960000000004,508.19558400000005,1243.4074848000002
2025-12-22,12.867270000000001,391.165008,957.0675425999999
2025-12-23,20.77062,631.4268480000001,1544.9187156
2025-12-24,16.5867,504.23568000000006,1233.718746
2025-12-25,16.519620000000003,502.1964480000001,1228.7293356
2025-12-26,16.73022,508.598688,1244.3937635999998
2025-12-27,22.19178,674.630112,1650.6245964
2025-12-28,21.00111,638.433744,1562.0625618
2025-12-29,21.352890000000002,649.1278560000001,1588.2279582
2025-12-30,18.49731,562.318224,1375.8299178
2025-12-31,20.69418,629.103072,1539.2331083999998
2026-01-01,17.24853,524.355312,1282.9456613999998
2026-01-02,12.855179999999999,390.79747199999997,956.1682883999999
2026-01-03,13.1976,401.20703999999995,981.637488
2026-01-04,14.57547,443.09428799999995,1084.1234586
2026-01-05,12.272910000000001,373.096464,912.8590457999999
2026-01-06,14.22798,432.530592,1058.2771524
2026-01-07,16.00287,486.487248,1190.2934705999999
2026-01-08,10.54326,320.515104,784.2076787999999
2026-01-09,12.969060000000002,394.259424,964.6386828
2026-01-10,11.09433,337.26763200000005,825.1962653999999
2026-01-11,10.86891,330.414864,808.4295258000001
2026-01-12,9.79251,297.692304,728.3668938
2026-01-13,13.39221,407.12318400000004,996.1125797999999
2026-01-14,17.74929,539.5784160000001,1320.1921902
2026-01-15,11.546339999999999,351.008736,858.8167692
2026-01-16,16.125329999999998,490.21003199999996,1199.4020453999997
2026-01-17,22.73934,691.275936,1691.3521091999999
2026-01-18,19.2153,584.14512,1429.234014
2026-01-19,12.704249999999998,386.2092,944.9421149999998
2026-01-20,17.51451,532.441104,1302.7292538
2026-01-21,18.407220000000002,559.5794880000001,1369.1290236
2026-01-22,14.00334,425.70153600000003,1041.5684292
2026-01-23,17.57886,534.397344,1307.5156068
2026-01-24,19.66146,597.708384,1462.4193948000002
2026-01-25,15.83907,481.507728,1178.1100265999999
2026-01-26,15.089100000000002,458.70864000000006,1122.327258
2026-01-27,14.940510000000002,454.19150400000007,1111.2751338
2026-01-28,16.25754,494.22921599999995,1209.2358252
2026-01-29,15.023579999999999,456.716832,1117.4538804
2026-01-30,10.38882,315.820128,772.7204316000001
2026-01-31,15.524339999999999,471.939936,1154.7004092
2026-02-01,7.37295,224.13768000000002,548.400021
2026-02-02,14.45379,439.39521600000006,1075.0729002
2026-02-03,16.34334,496.837536,1215.6176291999998
2026-02-04,18.8331,572.5262399999999,1400.8059779999999
2026-02-05,21.22458,645.227232,1578.6842603999999
2026-02-06,12.696060000000001,385.960224,944.3329427999998
2026-02-07,17.251260000000002,524.438304,1283.1487187999999
2026-02-08,12.02097,365.437488,894.1197486
2026-02-09,19.12443,581.382672,1422.4751033999999
2026-02-10,16.4307,499.49328,1222.115466
2026-02-11,20.827949999999998,633.16968,1549.1829209999999
2026-02-12,19.147830000000003,582.0940320000001,1424.2155954
2026-02-13,16.954860000000004,515.4277440000001,1261.1024868000002
2026-02-14,14.324700000000002,435.4708800000001,1065.471186
2026-02-15,9.92355,301.67592,738.1136490000001
2026-02-16,14.925299999999998,453.72911999999997,1110.143814
2026-02-17,17.59875,535.002,1308.9950250000002
2026-02-18,19.01874,578.169696,1414.6138812
2026-02-19,16.79847,510.67348799999996,1249.4701986
2026-02-20,17.328090000000003,526.773936,1288.8633342
2026-02-21,16.75245,509.27448,1246.047231
2026-02-22,11.70663,355.881552,870.7391394
2026-02-23,13.48971,410.087184,1003.3646297999999
2026-02-24,14.96391,454.902864,1113.0156258
2026-02-25,18.5523,563.98992,1379.9200739999999
2026-02-26,21.59625,656.526,1606.3290749999999
2026-02-27,22.97685,698.49624,1709.0181029999999
2026-02-28,21.87705,665.06232,1627.2149789999999
2026-03-01,24.34263,740.015952,1810.6048193999998
2026-03-02,24.83286,754.918944,1847.0681268
2026-03-03,17.281290000000002,525.351216,1285.3823502
2026-03-04,15.198690000000003,462.04017600000003,1130.4785622
2026-03-05,17.91309,544.557936,1332.3756342
2026-03-06,12.762360000000001,387.975744,949.2643368
2026-03-07,21.10407,641.5637280000001,1569.7207265999998
2026-03-08,8.12838,247.102752,604.5889044
2026-03-09,20.01909,608.580336,1489.0199142
2026-03-10,19.91067,605.284368,1480.9556346
2026-03-11,18.187260000000002,552.8927040000001,1352.7683988
2026-03-12,18.78552,571.079808,1397.2669775999998
2026-03-13,19.92471,605.711184,1481.9999298
2026-03-14,21.204300000000003,644.6107200000001,1577.175834
2026-03-15,21.542040000000004,654.8780160000001,1602.2969352
2026-03-16,22.89651,696.053904,1703.0424138
2026-03-17,17.28714,525.529056,1285.8174732
2026-03-18,15.132390000000001,460.02465600000005,1125.5471682
2026-03-19,20.42625,620.9580000000001,1519.304475
2026-03-20,20.919600000000003,635.95584,1555.999848
2026-03-21,14.23188,432.649152,1058.5672344
2026-03-22,18.96609,576.569136,1410.6977742000001
2026-03-23,17.755920000000003,539.779968,1320.6853296000002
2026-03-24,13.376220000000002,406.63708800000006,994.9232436
2026-03-25,17.428320000000003,529.820928,1296.3184416
2026-03-26,19.98906,607.667424,1486.7862828
2026-03-27,9.13809,277.79793600000005,679.6911342000001
2026-03-28,21.67776,659.003904,1612.3917888
2026-03-29,19.78704,601.526016,1471.7600352
2026-03-30,18.02541,547.9724640000001,1340.7299957999999
2026-03-31,21.08886,641.101344,1568.5894067999998
2026-04-01,20.015580000000003,608.4736320000001,1488.7588404
2026-04-02,18.33819,557.480976,1363.9945722
2026-04-03,19.19736,583.599744,1427.8996367999998
2026-04-04,20.370089999999998,619.250736,1515.1272941999998
2026-04-05,13.38948,407.04019200000005,995.9095223999999
2026-04-06,15.65655,475.95912,1164.534189
2026-04-07,18.839730000000003,572.727792,1401.2991174
2026-04-08,12.944880000000001,393.524352,962.8401744
2026-04-09,21.346259999999997,648.926304,1587.7348187999999
2026-04-10,21.11811,641.990544,1570.7650218
2026-04-11,18.477420000000002,561.713568,1374.3504996
2026-04-12,21.31662,648.025248,1585.5301955999998
2026-04-13,13.440180000000002,408.581472,999.6805884
2026-04-14,13.902330000000003,422.63083200000005,1034.0553054
2026-04-15,16.566419999999997,503.61916799999995,1232.2103195999998
2026-04-16,15.69867,477.239568,1167.6670746
2026-04-17,17.785950000000003,540.6928800000001,1322.918961
2026-04-18,18.6264,566.24256,1385.431632
2026-04-19,18.05154,548.766816,1342.6735451999998
2026-04-20,20.344739999999998,618.480096,1513.2417611999997
2026-04-21,16.72437,508.42084800000003,1243.9586405999999
2026-04-22,18.12564,551.019456,1348.1851032
2026-04-23,19.13262,581.631648,1423.0842756000002
2026-04-24,17.11398,520.2649920000001,1272.9378324000002
2026-04-25,17.667,537.0768,1314.07146
2026-04-26,19.75623,600.589392,1469.4683873999998
2026-04-27,17.65023,536.566992,1312.8241073999998
2026-04-28,17.74266,539.3768640000001,1319.6990508
2026-04-29,14.77866,449.271264,1099.2367308
2026-04-30,19.91886,605.533344,1481.5648068
2026-05-01,20.69028,628.984512,1538.9430264
2026-05-02,13.733070000000001,417.48532800000004,1021.4657465999999
2026-05-03,17.713800000000003,538.4995200000001,1317.552444
2026-05-04,18.61899,566.017296,1384.8804762
2026-05-05,21.28269,646.993776,1583.0064822
2026-05-06,20.306520000000003,617.318208,1510.3989576000001
2026-05-07,22.683960000000003,689.592384,1687.2329447999998
2026-05-08,18.026580000000003,548.0080320000001,1340.8170204
2026-05-09,22.49949,683.984496,1673.5120662
2026-05-10,19.446180000000002,591.1638720000001,1446.4068684000001
2026-05-11,16.45956,500.37062399999996,1224.2620727999997
2026-05-12,19.68954,598.5620160000001,1464.5079852000001
2026-05-13,19.462170000000004,591.6499680000001,1447.5962046
2026-05-14,20.67156,628.415424,1537.5506328
2026-05-15,22.993620000000004,699.0060480000001,1710.2654556000002
2026-05-16,17.44626,530.366304,1297.6528188
2026-05-17,15.048150000000001,457.46376,1119.2813969999997
2026-05-18,21.45312,652.174848,1595.6830656
2026-05-19,13.82277,420.21220800000003,1028.1376326
2026-05-20,24.92295,757.65768,1853.7690209999998
2026-05-21,18.98403,577.114512,1412.0321514
2026-05-22,22.72803,690.9321120000001,1690.5108714
2026-05-23,21.208980000000004,644.7529920000001,1577.5239324000001
2026-05-24,22.74558,691.465632,1691.8162404
2026-05-25,18.19974,553.2720959999999,1353.6966611999999
2026-05-26,19.96488,606.932352,1484.9877744
2026-05-27,21.335340000000002,648.594336,1586.9225892
2026-05-28,19.52418,593.5350719999999,1452.2085083999998
2026-05-29,14.31807,435.26932800000003,1064.9780466
2026-05-30,18.979350000000004,576.97224,1411.684053
2026-05-31,20.965619999999998,637.354848,1559.4228156
2026-06-01,23.0763,701.51952,1716.415194
2026-06-02,21.96246,667.6587840000001,1633.5677748000003
2026-06-03,13.43706,408.486624,999.4485227999999
2026-06-04,17.67441,537.302064,1314.6226158000002
2026-06-05,14.36838,436.79875200000004,1068.7201044
2026-06-06,11.53152,350.558208,857.7144576000001
2026-06-07,7.54221,229.28318399999998,560.9895798
2026-06-08,16.31175,495.8772,1213.267965
2026-06-09,18.20247,553.355088,1353.8997186
2026-06-10,20.67897,628.640688,1538.1017885999997
2026-06-11,27.09525,823.6956,2015.3446949999998
2026-06-12,24.83754,755.0612160000001,1847.4162251999996
2026-06-13,15.728700000000003,478.1524800000001,1169.9007060000001
2026-06-14,23.83329,724.5320160000001,1772.7201102
2026-06-15,21.6216,657.29664,1608.2146079999998
2026-06-16,18.62094,566.076576,1385.0255172
2026-06-17,21.333390000000005,648.535056,1586.7775482000002
2026-06-18,21.658649999999998,658.42296,1610.970387
2026-06-19,21.98391,668.310864,1635.1632258
2026-06-20,24.021659999999997,730.258464,1786.7310708
2026-06-21,23.218260000000004,705.8351040000001,1726.9741788000001
2026-06-22,22.90392,696.2791679999999,1703.5935696
2026-06-23,23.23425,706.3212,1728.1635149999997
2026-06-24,26.636610000000005,809.7529440000001,1981.2310518
2026-06-25,21.40905,650.8351200000001,1592.4051389999997
2026-06-26,19.43799,590.914896,1445.7976962
2026-06-27,25.7166,781.7846400000001,1912.800708
2026-06-28,19.566300000000002,594.8155200000001,1455.341394
2026-06-29,22.993620000000004,699.0060480000001,1710.2654556000002
2026-06-30,16.92366,514.4792640000001,1258.7818308
2026-07-01,24.640199999999997,749.0620799999999,1832.7380759999999
2026-07-02,16.33788,496.67155199999996,1215.2115143999997
2026-07-03,19.38729,589.373616,1442.0266301999998
2026-07-04,13.666380000000002,415.45795200000003,1016.5053443999999
2026-07-05,24.000989999999998,729.630096,1785.1936362
2026-07-06,25.91511,787.819344,1927.5658818
2026-07-07,23.732280000000003,721.461312,1765.2069864000002
2026-07-08,24.328590000000002,739.589136,1809.5605242
2026-07-09,16.28718,495.130272,1211.4404484
2026-07-10,24.116819999999997,733.151328,1793.8090715999997
2026-07-11,21.22848,645.3457920000001,1578.9743423999998
2026-07-12,13.806780000000002,419.72611200000006,1026.9482964
2026-07-13,25.21506,766.537824,1875.4961627999999
2026-07-14,24.84339,755.239056,1847.8513481999998
2026-07-15,19.81044,602.237376,1473.5005272
2026-07-16,26.40846,802.817184,1964.2612547999997
2026-07-17,26.325,800.28,1958.0535
2026-07-18,24.12735,733.47144,1794.592293
2026-07-19,15.73221,478.259184,1170.1617798
2026-07-20,13.76193,418.362672,1023.6123534
2026-07-21,26.40183,802.615632,1963.7681154
2026-07-22,22.79082,692.8409280000001,1695.1811915999997
2026-07-23,14.301300000000001,434.75952,1063.7306939999999
2026-07-24,26.642460000000003,809.9307840000001,1981.6661748
2026-07-25,22.14849,673.3140960000001,1647.4046861999998
2026-07-26,19.609199999999998,596.11968,1458.5322959999999
2026-07-27,23.494380000000003,714.229152,1747.5119844
2026-07-28,26.498160000000002,805.544064,1970.9331408
2026-07-29,25.291500000000003,768.8616000000001,1881.18177
2026-07-30,24.890190000000004,756.661776,1851.3323322
2026-07-31,23.254140000000003,706.9258560000001,1729.6429332000002
2026-08-01,23.6769,719.77776,1761.0878219999997
2026-08-02,24.35277,740.324208,1811.3590326
2026-08-03,17.474339999999998,531.219936,1299.7414092
2026-08-04,20.06979,610.121616,1492.7909802
2026-08-05,21.727290000000004,660.509616,1616.0758302
2026-08-06,15.01266,456.384864,1116.6416508
2026-08-07,24.265020000000003,737.656608,1804.8321876
2026-08-08,20.76126,631.1423040000001,1544.2225188
2026-08-09,23.17146,704.4123840000001,1723.4931948
2026-08-10,28.12485,854.9954399999999,2091.926343
2026-08-11,25.719330000000003,781.867632,1913.0037654
2026-08-12,24.698310000000003,750.8286240000001,1837.0602978000002
2026-08-13,25.05204,761.5820160000001,1863.3707352
2026-08-14,22.70736,690.303744,1688.9734368
2026-08-15,20.816640000000003,632.825856,1548.3416832
2026-08-16,23.74827,721.947408,1766.3963225999996
2026-08-17,11.1657,339.43728,830.5047659999999
2026-08-18,20.077199999999998,610.34688,1493.3421359999998
2026-08-19,26.10426,793.569504,1941.6348587999998
2026-08-20,22.586460000000002,686.6283840000001,1679.9808948000002
2026-08-21,23.207340000000002,705.5031359999999,1726.1619492
2026-08-22,16.53054,502.528416,1229.5415652
2026-08-23,21.416459999999997,651.060384,1592.9562947999998
2026-08-24,21.43245,651.5464800000001,1594.1456309999999
2026-08-25,21.39969,650.550576,1591.7089422
2026-08-26,22.546290000000003,685.4072160000001,1676.9930502
2026-08-27,25.950599999999998,788.89824,1930.205628
2026-08-28,25.22247,766.763088,1876.0473186
2026-08-29,19.766370000000002,600.897648,1470.2226005999999
2026-08-30,21.93438,666.805152,1631.4791844
2026-08-31,21.958560000000002,667.540224,1633.2776927999998
