fecha,obligacion_energia_firme_kwh
2006-12-01,4962385.54
2006-12-02,4684033.42
2006-12-03,4232909.27
2006-12-04,4839682.85
2006-12-05,4949610.92
2006-12-06,4982072.44
2006-12-07,4937703.78
2006-12-08,4368634.78
2006-12-09,4575413.66
2006-12-10,4198037.27
2006-12-11,4924091.54
2006-12-12,4971601.11
2006-12-13,4957544.57
2006-12-14,4991792.03
2006-12-15,4983304.21
2006-12-16,4671715.76
2006-12-17,4251284.95
2006-12-18,4899651.31
2006-12-19,4961729.21
2006-12-20,4981161.23
2006-12-21,4932365.32
2006-12-22,4913020.31
2006-12-23,4570873.74
2006-12-24,4115066.17
2006-12-25,3755883.65
2006-12-26,4582764.93
2006-12-27,4708016.04
2006-12-28,4708771.78
2006-12-29,4681820.32
2006-12-30,4378190.0
2006-12-31,4104668.69
2007-01-01,3643047.12
2007-01-02,4388768.16
2007-01-03,4604249.26
2007-01-04,4662017.04
2007-01-05,4673939.08
2007-01-06,4461425.46
2007-01-07,4004960.55
2007-01-08,3993068.97
2007-01-09,4622000.95
2007-01-10,4686905.92
2007-01-11,4731220.89
2007-01-12,4790631.5
2007-01-13,4570089.7
2007-01-14,4080113.08
2007-01-15,4775335.36
2007-01-16,4855095.1
2007-01-17,4834342.62
2007-01-18,4887364.86
2007-01-19,4882002.01
2007-01-20,4606266.64
2007-01-21,4139803.25
2007-01-22,4839982.41
2007-01-23,4927822.32
2007-01-24,4929339.29
2007-01-25,4938547.41
2007-01-26,4897947.78
2007-01-27,4611368.78
2007-01-28,4059844.91
2007-01-29,4840755.58
2007-01-30,4956632.23
2007-01-31,4934165.69
2007-02-01,5014795.45
2007-02-02,4996697.87
2007-02-03,4682070.83
2007-02-04,4150915.1
2007-02-05,4903047.2
2007-02-06,5010093.07
2007-02-07,5008195.91
2007-02-08,5023647.13
2007-02-09,4983659.79
2007-02-10,4728188.97
2007-02-11,4229593.81
2007-02-12,4984983.23
2007-02-13,5083022.74
2007-02-14,5056176.78
2007-02-15,5046952.61
2007-02-16,5037607.18
2007-02-17,4700655.52
2007-02-18,4181832.42
2007-02-19,4858670.06
2007-02-20,4939991.9
2007-02-21,5017938.27
2007-02-22,5038527.55
2007-02-23,5042492.64
2007-02-24,4798868.94
2007-02-25,4275654.04
2007-02-26,5012585.24
2007-02-27,5115996.98
2007-02-28,5107394.26
2007-03-01,4990238.55
2007-03-02,5002481.29
2007-03-03,4759715.99
2007-03-04,4220175.86
2007-03-05,4908387.64
2007-03-06,4976649.73
2007-03-07,4984561.01
2007-03-08,4997103.96
2007-03-09,4996144.71
2007-03-10,4735165.69
2007-03-11,4229210.1
2007-03-12,4944526.76
2007-03-13,5002264.58
2007-03-14,4931287.86
2007-03-15,4915201.43
2007-03-16,4949360.41
2007-03-17,4665607.79
2007-03-18,4142924.46
2007-03-19,4231914.49
2007-03-20,4911684.78
2007-03-21,4996820.19
2007-03-22,4960166.08
2007-03-23,4947570.54
2007-03-24,4676668.36
2007-03-25,4161465.44
2007-03-26,4822023.55
2007-03-27,4894233.3
2007-03-28,4935646.14
2007-03-29,4898689.86
2007-03-30,4954027.41
2007-03-31,4686146.83
2007-04-01,4305221.92
2007-04-02,4910681.94
2007-04-03,4925656.55
2007-04-04,4807439.31
2007-04-05,4023218.87
2007-04-06,3713600.16
2007-04-07,4202682.11
2007-04-08,4071870.64
2007-04-09,4887465.6
2007-04-10,5039546.29
2007-04-11,5089126.57
2007-04-12,5108099.28
2007-04-13,5144793.05
2007-04-14,4839613.87
2007-04-15,4339184.61
2007-04-16,5061472.26
2007-04-17,5127638.48
2007-04-18,5066184.79
2007-04-19,5090933.69
2007-04-20,5040614.23
2007-04-21,4733354.22
2007-04-22,4244880.87
2007-04-23,4978116.36
2007-04-24,5039954.79
2007-04-25,5051299.37
2007-04-26,4354342.51
2007-04-27,5049806.77
2007-04-28,4805950.56
2007-04-29,4299836.87
2007-04-30,4897727.46
2007-05-01,4257607.59
2007-05-02,4868321.53
2007-05-03,4936588.48
2007-05-04,4944887.54
2007-05-05,4660446.05
2007-05-06,4228411.59
2007-05-07,4926317.4
2007-05-08,4990758.85
2007-05-09,5020559.26
2007-05-10,5045135.3
2007-05-11,5085854.12
2007-05-12,4842330.11
2007-05-13,4099833.16
2007-05-14,4974358.21
2007-05-15,5126076.55
2007-05-16,5128572.11
2007-05-17,5089745.14
2007-05-18,5020107.67
2007-05-19,4685399.65
2007-05-20,4177410.83
2007-05-21,4243969.33
2007-05-22,4881569.53
2007-05-23,4993918.28
2007-05-24,5005828.67
2007-05-25,5014771.13
2007-05-26,4700692.63
2007-05-27,4169783.34
2007-05-28,4900672.64
2007-05-29,4920037.3
2007-05-30,4952434.05
2007-05-31,4937990.86
2007-06-01,4934690.62
2007-06-02,4678875.62
2007-06-03,4114773.93
2007-06-04,4901254.0
2007-06-05,4959723.27
2007-06-06,4987909.39
2007-06-07,5029780.81
2007-06-08,4975237.8
2007-06-09,4689870.02
2007-06-10,4158203.37
2007-06-11,4270759.22
2007-06-12,4992477.03
2007-06-13,5069718.32
2007-06-14,5082029.09
2007-06-15,5037559.27
2007-06-16,4781399.65
2007-06-17,4110540.69
2007-06-18,4203039.01
2007-06-19,4981890.59
2007-06-20,5051954.82
2007-06-21,5081897.27
2007-06-22,5099902.09
2007-06-23,4794462.94
2007-06-24,4234217.78
2007-06-25,4998665.63
2007-06-26,5079676.16
2007-06-27,5052984.39
2007-06-28,5046798.86
2007-06-29,5023441.51
2007-06-30,4670566.47
2007-07-01,4003102.4
2007-07-02,4155261.18
2007-07-03,4913644.64
2007-07-04,4988037.26
2007-07-05,5015027.34
2007-07-06,5056509.46
2007-07-07,4757242.15
2007-07-08,4201472.16
2007-07-09,4937634.67
2007-07-10,5064412.3
2007-07-11,5058989.0
2007-07-12,5078752.78
2007-07-13,5105190.99
2007-07-14,4814743.27
2007-07-15,4244944.86
2007-07-16,4958022.09
2007-07-17,5013626.87
2007-07-18,5048917.4
2007-07-19,5039203.96
2007-07-20,4412317.12
2007-07-21,4515779.58
2007-07-22,4095546.69
2007-07-23,4900212.5
2007-07-24,4986328.52
2007-07-25,5007686.02
2007-07-26,5060278.72
2007-07-27,5054265.73
2007-07-28,4743510.73
2007-07-29,4210340.77
2007-07-30,4955685.75
2007-07-31,5031377.87
2007-08-01,5109997.71
2007-08-02,5164846.45
2007-08-03,5159051.54
2007-08-04,4834240.23
2007-08-05,4260567.2
2007-08-06,4932257.73
2007-08-07,4447933.15
2007-08-08,5079317.92
2007-08-09,5102927.48
2007-08-10,5115902.8
2007-08-11,4775152.3
2007-08-12,4251817.33
2007-08-13,5054124.13
2007-08-14,5083521.12
2007-08-15,5100809.76
2007-08-16,5116766.4
2007-08-17,5123427.19
2007-08-18,4791658.62
2007-08-19,4244624.01
2007-08-20,4261113.41
2007-08-21,4993261.27
2007-08-22,5048029.15
2007-08-23,5113417.46
2007-08-24,5138637.4
2007-08-25,4793821.07
2007-08-26,4206828.84
2007-08-27,4980075.09
2007-08-28,5119072.99
2007-08-29,5095877.47
2007-08-30,5056441.07
2007-08-31,5057612.54
2007-09-01,4730782.38
2007-09-02,4246564.9
2007-09-03,4998335.74
2007-09-04,5055958.34
2007-09-05,5110976.79
2007-09-06,5107537.56
2007-09-07,5172540.45
2007-09-08,4857172.12
2007-09-09,4308864.86
2007-09-10,5073565.14
2007-09-11,5150792.68
2007-09-12,5186264.28
2007-09-13,5190709.2
2007-09-14,5190729.49
2007-09-15,4838971.1
2007-09-16,4227234.96
2007-09-17,4981377.97
2007-09-18,5157378.94
2007-09-19,5215764.66
2007-09-20,5167972.7
2007-09-21,5193911.62
2007-09-22,4906190.79
2007-09-23,4368232.4
2007-09-24,5097157.0
2007-09-25,5146348.31
2007-09-26,5083663.19
2007-09-27,5089672.65
2007-09-28,5177585.05
2007-09-29,4877254.43
2007-09-30,4308612.3
2007-10-01,5014988.26
2007-10-02,5124812.37
2007-10-03,5161260.43
2007-10-04,5190590.36
2007-10-05,5183133.04
2007-10-06,4899058.26
2007-10-07,4351994.77
2007-10-08,5095053.74
2007-10-09,5126497.73
2007-10-10,5117806.49
2007-10-11,5136202.32
2007-10-12,5146070.04
2007-10-13,4864453.01
2007-10-14,4288201.06
2007-10-15,4301976.22
2007-10-16,5068175.84
2007-10-17,5193061.78
2007-10-18,5179982.9
2007-10-19,5106301.4
2007-10-20,4839492.17
2007-10-21,4301115.32
2007-10-22,5040136.03
2007-10-23,5151178.84
2007-10-24,5132137.6
2007-10-25,5053379.36
2007-10-26,5114559.7
2007-10-27,4794476.2
2007-10-28,4168968.88
2007-10-29,5005991.11
2007-10-30,5124905.55
2007-10-31,5047047.62
2007-11-01,4984097.29
2007-11-02,5047907.39
2007-11-03,4797709.98
2007-11-04,4295885.72
2007-11-05,4392534.26
2007-11-06,5087093.32
2007-11-07,5155873.47
2007-11-08,5132808.17
2007-11-09,5101927.76
2007-11-10,4812590.92
2007-11-11,4256398.27
2007-11-12,4413571.38
2007-11-13,5146777.1
2007-11-14,5159711.2
2007-11-15,5226999.37
2007-11-16,5269933.8
2007-11-17,5020523.93
2007-11-18,4426888.0
2007-11-19,5205576.02
2007-11-20,5285915.9
2007-11-21,5289826.81
2007-11-22,5278556.61
2007-11-23,5290888.04
2007-11-24,5004576.84
2007-11-25,4476201.06
2007-11-26,5267038.34
2007-11-27,5335670.29
2007-11-28,5329066.36
2007-11-29,5300377.58
2007-11-30,5302709.42
2007-12-01,4605587.41
2007-12-02,4065123.01
2007-12-03,4834738.76
2007-12-04,4899597.47
2007-12-05,4937788.94
2007-12-06,4960478.71
2007-12-07,4910976.23
2007-12-08,4361778.3
2007-12-09,4185267.94
2007-12-10,4941954.41
2007-12-11,5054234.86
2007-12-12,5053157.89
2007-12-13,5049531.36
2007-12-14,4982506.5
2007-12-15,4653323.01
2007-12-16,4200570.02
2007-12-17,4877868.06
2007-12-18,4956968.08
2007-12-19,4921898.41
2007-12-20,4912834.05
2007-12-21,4908268.07
2007-12-22,4623619.8
2007-12-23,4185245.2
2007-12-24,4308623.51
2007-12-25,3736106.7
2007-12-26,4587217.81
2007-12-27,4728777.04
2007-12-28,4700641.53
2007-12-29,4458974.03
2007-12-30,4079518.77
2007-12-31,4154671.87
2008-01-01,3582063.98
2008-01-02,4317063.84
2008-01-03,4496036.02
2008-01-04,4558064.23
2008-01-05,4396483.87
2008-01-06,3985104.62
2008-01-07,4001410.2
2008-01-08,4585136.92
2008-01-09,4643259.5
2008-01-10,4594440.87
2008-01-11,4660302.0
2008-01-12,4430342.64
2008-01-13,3991552.84
2008-01-14,4697196.78
2008-01-15,4797913.27
2008-01-16,4774964.69
2008-01-17,4768622.08
2008-01-18,4797154.72
2008-01-19,4555513.41
2008-01-20,4069465.81
2008-01-21,4763958.34
2008-01-22,4861775.01
2008-01-23,4901480.27
2008-01-24,4858185.45
2008-01-25,4889595.98
2008-01-26,4553119.9
2008-01-27,4044707.7
2008-01-28,4745709.79
2008-01-29,4822662.81
2008-01-30,4826482.76
2008-01-31,4778728.01
2008-02-01,4813182.25
2008-02-02,4478108.01
2008-02-03,3993961.32
2008-02-04,4750845.4
2008-02-05,4856252.7
2008-02-06,4961433.6
2008-02-07,4962126.4
2008-02-08,5004822.14
2008-02-09,4727191.9
2008-02-10,4219790.06
2008-02-11,4869936.51
2008-02-12,4967579.8
2008-02-13,4996526.81
2008-02-14,5010407.77
2008-02-15,5019945.01
2008-02-16,4712181.95
2008-02-17,4132443.67
2008-02-18,4871789.96
2008-02-19,4910180.76
2008-02-20,4905717.18
2008-02-21,4906797.93
2008-02-22,4923713.2
2008-02-23,4701921.52
2008-02-24,4195832.93
2008-02-25,4901635.24
2008-02-26,4980199.17
2008-02-27,5004494.49
2008-02-28,4890533.17
2008-02-29,4841135.3
2008-03-01,4676968.43
2008-03-02,4198257.14
2008-03-03,4919524.06
2008-03-04,4985647.69
2008-03-05,4976674.05
2008-03-06,4950806.21
2008-03-07,4961075.81
2008-03-08,4696965.02
2008-03-09,4132211.32
2008-03-10,4870373.59
2008-03-11,4940451.39
2008-03-12,4920500.79
2008-03-13,4932056.98
2008-03-14,4933663.07
2008-03-15,4642613.67
2008-03-16,4201010.01
2008-03-17,4824599.77
2008-03-18,4840968.13
2008-03-19,4777233.02
2008-03-20,3981951.51
2008-03-21,3682841.49
2008-03-22,4110885.18
2008-03-23,3977615.86
2008-03-24,4155958.58
2008-03-25,4907336.92
2008-03-26,5024818.45
2008-03-27,5054841.36
2008-03-28,5038169.43
2008-03-29,4772767.96
2008-03-30,4174336.06
2008-03-31,4858440.58
2008-04-01,4761040.59
2008-04-02,4784875.38
2008-04-03,4835564.07
2008-04-04,4880774.25
2008-04-05,4638535.63
2008-04-06,4137305.78
2008-04-07,4852415.94
2008-04-08,4945966.98
2008-04-09,4945863.14
2008-04-10,4928688.05
2008-04-11,4950244.68
2008-04-12,4669206.24
2008-04-13,4117906.0
2008-04-14,4845830.32
2008-04-15,4899269.74
2008-04-16,4936564.22
2008-04-17,4978840.25
2008-04-18,5027289.14
2008-04-19,4774320.99
2008-04-20,4213214.6
2008-04-21,4923238.71
2008-04-22,4989432.17
2008-04-23,4995843.76
2008-04-24,4945792.18
2008-04-25,4938416.36
2008-04-26,4700150.03
2008-04-27,4166621.41
2008-04-28,4856848.92
2008-04-29,4933844.58
2008-04-30,4917374.94
2008-05-01,4283031.76
2008-05-02,4734948.3
2008-05-03,4523430.28
2008-05-04,4014928.84
2008-05-05,4136360.4
2008-05-06,4833711.06
2008-05-07,4926418.04
2008-05-08,4959203.85
2008-05-09,4951798.79
2008-05-10,4720197.0
2008-05-11,4077747.11
2008-05-12,4906093.06
2008-05-13,5031771.94
2008-05-14,5054649.16
2008-05-15,5042570.69
2008-05-16,5049450.64
2008-05-17,4738869.39
2008-05-18,4159670.43
2008-05-19,4889467.17
2008-05-20,4894342.96
2008-05-21,4932314.53
2008-05-22,4970062.22
2008-05-23,4945481.29
2008-05-24,4657408.68
2008-05-25,4067419.81
2008-05-26,4124645.25
2008-05-27,4816270.08
2008-05-28,4855707.84
2008-05-29,4883538.76
2008-05-30,4960243.27
2008-05-31,4682105.49
2008-06-01,4105877.78
2008-06-02,4133185.88
2008-06-03,4852384.23
2008-06-04,4963681.81
2008-06-05,4983221.75
2008-06-06,5014580.95
2008-06-07,4780957.75
2008-06-08,4201524.56
2008-06-09,4926935.51
2008-06-10,4958081.11
2008-06-11,4998889.45
2008-06-12,5000619.07
2008-06-13,5050280.27
2008-06-14,4794226.7
2008-06-15,4105658.8
2008-06-16,4911753.5
2008-06-17,5027006.18
2008-06-18,5022778.97
2008-06-19,5023103.68
2008-06-20,5035942.29
2008-06-21,4728428.79
2008-06-22,4103896.26
2008-06-23,4853275.44
2008-06-24,4950412.53
2008-06-25,4857964.49
2008-06-26,4889828.63
2008-06-27,4957771.96
2008-06-28,4651369.27
2008-06-29,4030525.55
2008-06-30,4127013.07
2008-07-01,4837583.78
2008-07-02,4875901.1
2008-07-03,4886036.98
2008-07-04,4952219.2
2008-07-05,4710673.39
2008-07-06,4162126.07
2008-07-07,4897965.23
2008-07-08,4989215.85
2008-07-09,4953909.73
2008-07-10,4924502.05
2008-07-11,4982017.98
2008-07-12,4707260.67
2008-07-13,4148287.61
2008-07-14,4893065.51
2008-07-15,4956063.8
2008-07-16,4897555.19
2008-07-17,4872296.42
2008-07-18,4914252.22
2008-07-19,4650608.55
2008-07-20,4150596.48
2008-07-21,4937587.05
2008-07-22,4992179.3
2008-07-23,5022714.26
2008-07-24,5081136.15
2008-07-25,5079270.66
2008-07-26,4770213.16
2008-07-27,4220545.01
2008-07-28,4930116.24
2008-07-29,5032891.32
2008-07-30,5020649.96
2008-07-31,5031198.18
2008-08-01,5033795.59
2008-08-02,4702522.36
2008-08-03,4175962.87
2008-08-04,4984906.71
2008-08-05,5072869.11
2008-08-06,5010968.96
2008-08-07,4414250.44
2008-08-08,5012574.98
2008-08-09,4731675.59
2008-08-10,4198194.9
2008-08-11,4880666.1
2008-08-12,5006271.01
2008-08-13,5050002.0
2008-08-14,5028633.83
2008-08-15,5008923.66
2008-08-16,4717878.66
2008-08-17,4118439.67
2008-08-18,4214680.15
2008-08-19,4922142.11
2008-08-20,5058552.17
2008-08-21,5048710.07
2008-08-22,5052953.35
2008-08-23,4725345.27
2008-08-24,4191184.4
2008-08-25,4952112.23
2008-08-26,5024237.59
2008-08-27,5096977.18
2008-08-28,5089740.23
2008-08-29,5100941.92
2008-08-30,4810826.03
2008-08-31,4318648.57
2008-09-01,4941256.97
2008-09-02,5039969.95
2008-09-03,4998291.49
2008-09-04,5023432.07
2008-09-05,5007042.91
2008-09-06,4847533.87
2008-09-07,4281637.31
2008-09-08,4971051.66
2008-09-09,5084204.13
2008-09-10,5061101.05
2008-09-11,5160194.25
2008-09-12,5199685.29
2008-09-13,4909568.08
2008-09-14,4372537.99
2008-09-15,5025079.74
2008-09-16,5050048.12
2008-09-17,4945668.55
2008-09-18,4983712.86
2008-09-19,5041602.22
2008-09-20,4728437.43
2008-09-21,4249293.82
2008-09-22,4996191.29
2008-09-23,5033598.86
2008-09-24,5061730.49
2008-09-25,5099015.32
2008-09-26,5161700.74
2008-09-27,4837244.17
2008-09-28,4316747.02
2008-09-29,4988123.86
2008-09-30,5047598.28
2008-10-01,4984048.33
2008-10-02,5020210.91
2008-10-03,5056855.14
2008-10-04,4721105.71
2008-10-05,4169258.69
2008-10-06,4946218.79
2008-10-07,5007170.0
2008-10-08,4966986.81
2008-10-09,5047700.69
2008-10-10,4999283.68
2008-10-11,4679069.65
2008-10-12,4120806.36
2008-10-13,4219904.24
2008-10-14,4911687.88
2008-10-15,5042138.99
2008-10-16,5036250.79
2008-10-17,5085354.14
2008-10-18,4805007.72
2008-10-19,4185918.01
2008-10-20,5037135.86
2008-10-21,5146566.24
2008-10-22,5153090.27
2008-10-23,5147913.89
2008-10-24,5178817.41
2008-10-25,4887092.29
2008-10-26,4303530.51
2008-10-27,5063297.89
2008-10-28,5106126.63
2008-10-29,5093600.01
2008-10-30,5133820.57
2008-10-31,5053061.48
2008-11-01,4820558.17
2008-11-02,4169015.57
2008-11-03,4288328.86
2008-11-04,4988090.21
2008-11-05,5047673.12
2008-11-06,5131172.3
2008-11-07,5212600.19
2008-11-08,4901396.87
2008-11-09,4330172.84
2008-11-10,5134369.74
2008-11-11,5204132.32
2008-11-12,5236064.74
2008-11-13,5236341.74
2008-11-14,5183444.94
2008-11-15,4857792.88
2008-11-16,4269636.7
2008-11-17,4353368.02
2008-11-18,5077270.91
2008-11-19,5127715.06
2008-11-20,5162623.97
2008-11-21,5175862.43
2008-11-22,4925602.83
2008-11-23,4343352.11
2008-11-24,5098830.95
2008-11-25,5123010.32
2008-11-26,5025802.09
2008-11-27,5043904.41
2008-11-28,5101909.71
2008-11-29,4792494.51
2008-11-30,4312661.89
2008-12-01,4780173.52
2008-12-02,4844173.75
2008-12-03,4888960.28
2008-12-04,4920261.01
2008-12-05,4900472.43
2008-12-06,4625202.24
2008-12-07,4154482.97
2008-12-08,4101733.25
2008-12-09,4865824.96
2008-12-10,4962742.13
2008-12-11,4972339.23
2008-12-12,4987920.41
2008-12-13,4679005.82
2008-12-14,4188624.19
2008-12-15,4839062.29
2008-12-16,4834001.27
2008-12-17,4820860.41
2008-12-18,4774448.99
2008-12-19,4764583.7
2008-12-20,4519455.62
2008-12-21,4085931.0
2008-12-22,4654661.61
2008-12-23,4652134.76
2008-12-24,4374874.2
2008-12-25,3713406.63
2008-12-26,4409714.49
2008-12-27,4336422.91
2008-12-28,3991161.67
2008-12-29,4484391.03
2008-12-30,4513975.43
2008-12-31,4191391.68
2009-01-01,3491542.09
2009-01-02,4070903.53
2009-01-03,4106172.74
2009-01-04,3852910.27
2009-01-05,4448471.28
2009-01-06,4548414.19
2009-01-07,4570401.85
2009-01-08,4588207.34
2009-01-09,4559267.65
2009-01-10,4338901.76
2009-01-11,3841256.45
2009-01-12,3911114.32
2009-01-13,4602816.69
2009-01-14,4679071.91
2009-01-15,4742997.49
2009-01-16,4732637.87
2009-01-17,4442280.99
2009-01-18,3879074.66
2009-01-19,4611302.11
2009-01-20,4713519.81
2009-01-21,4722725.98
2009-01-22,4750240.97
2009-01-23,4752145.03
2009-01-24,4469613.64
2009-01-25,3892724.93
2009-01-26,4662480.64
2009-01-27,4771800.43
2009-01-28,4789435.61
2009-01-29,4802543.28
2009-01-30,4782830.28
2009-01-31,4469649.13
2009-02-01,3962577.36
2009-02-02,4756996.05
2009-02-03,4870280.5
2009-02-04,4871397.54
2009-02-05,4829737.75
2009-02-06,4849656.65
2009-02-07,4567666.15
2009-02-08,4036185.11
2009-02-09,4816559.3
2009-02-10,4910501.25
2009-02-11,4893502.1
2009-02-12,4886747.99
2009-02-13,4884349.77
2009-02-14,4602905.64
2009-02-15,3996396.6
2009-02-16,4768094.29
2009-02-17,4833152.76
2009-02-18,4879287.94
2009-02-19,4865775.88
2009-02-20,4877736.46
2009-02-21,4558745.6
2009-02-22,4046688.15
2009-02-23,4770419.94
2009-02-24,4819328.22
2009-02-25,4896353.68
2009-02-26,4889811.12
2009-02-27,4900614.14
2009-02-28,4600618.95
2009-03-01,3986592.79
2009-03-02,4629216.12
2009-03-03,4733831.16
2009-03-04,4785383.67
2009-03-05,4798765.3
2009-03-06,4826924.29
2009-03-07,4554874.62
2009-03-08,4024419.72
2009-03-09,4766699.66
2009-03-10,4807949.14
2009-03-11,4852503.76
2009-03-12,4842876.44
2009-03-13,4841624.03
2009-03-14,4592354.7
2009-03-15,4014843.12
2009-03-16,4809396.63
2009-03-17,4856797.82
2009-03-18,4842606.62
2009-03-19,4831145.18
2009-03-20,4808079.97
2009-03-21,4551824.67
2009-03-22,3937194.89
2009-03-23,3999024.83
2009-03-24,4755531.33
2009-03-25,4825089.57
2009-03-26,4819604.12
2009-03-27,4842624.95
2009-03-28,4554845.8
2009-03-29,3994979.06
2009-03-30,4777256.15
2009-03-31,4805439.07
2009-04-01,4728502.58
2009-04-02,4727734.25
2009-04-03,4764957.14
2009-04-04,4550991.24
2009-04-05,4047351.72
2009-04-06,4700048.16
2009-04-07,4784673.57
2009-04-08,4628265.49
2009-04-09,3785509.12
2009-04-10,3522791.95
2009-04-11,3970366.36
2009-04-12,3842052.96
2009-04-13,4707359.02
2009-04-14,4861493.91
2009-04-15,4876094.64
2009-04-16,4874096.16
2009-04-17,4896516.46
2009-04-18,4629885.34
2009-04-19,4094767.84
2009-04-20,4791604.89
2009-04-21,4881458.24
2009-04-22,4903261.76
2009-04-23,4871985.64
2009-04-24,4881486.82
2009-04-25,4662262.87
2009-04-26,4111118.83
2009-04-27,4879193.98
2009-04-28,4930004.73
2009-04-29,4918622.75
2009-04-30,4795241.36
2009-05-01,4081379.52
2009-05-02,4252539.77
2009-05-03,3853994.84
2009-05-04,4570057.92
2009-05-05,4734787.53
2009-05-06,4808872.38
2009-05-07,4852004.4
2009-05-08,4833385.89
2009-05-09,4596764.05
2009-05-10,4023148.74
2009-05-11,4782872.56
2009-05-12,4896025.1
2009-05-13,4829967.68
2009-05-14,4868733.32
2009-05-15,4828683.18
2009-05-16,4571534.94
2009-05-17,4039548.66
2009-05-18,4761945.73
2009-05-19,4836738.99
2009-05-20,4782924.76
2009-05-21,4802842.95
2009-05-22,4785581.86
2009-05-23,4567410.99
2009-05-24,4022300.17
2009-05-25,4072968.95
2009-05-26,4824028.94
2009-05-27,4920993.16
2009-05-28,4913028.32
2009-05-29,4859767.61
2009-05-30,4583215.03
2009-05-31,4065263.38
2009-06-01,4807791.36
2009-06-02,4931940.02
2009-06-03,4947225.22
2009-06-04,4949703.01
2009-06-05,4891893.25
2009-06-06,4583249.2
2009-06-07,4017741.85
2009-06-08,4748065.94
2009-06-09,4885558.59
2009-06-10,4806188.18
2009-06-11,4833248.22
2009-06-12,4843046.18
2009-06-13,4484037.97
2009-06-14,3916787.19
2009-06-15,4032714.4
2009-06-16,4765853.99
2009-06-17,4848575.26
2009-06-18,4864536.86
2009-06-19,4858984.36
2009-06-20,4593310.44
2009-06-21,3973245.3
2009-06-22,3961585.58
2009-06-23,4699449.64
2009-06-24,4794344.24
2009-06-25,4781568.18
2009-06-26,4820649.0
2009-06-27,4521074.26
2009-06-28,3930777.48
2009-06-29,3944540.8
2009-06-30,4614590.27
2009-07-01,4635908.99
2009-07-02,4684922.57
2009-07-03,4714378.99
2009-07-04,4441747.92
2009-07-05,3896805.4
2009-07-06,4637260.31
2009-07-07,4779961.51
2009-07-08,4764888.68
2009-07-09,4745296.79
2009-07-10,4783844.33
2009-07-11,4509832.91
2009-07-12,3966259.63
2009-07-13,4754694.93
2009-07-14,4879299.07
2009-07-15,4843093.65
2009-07-16,4887359.93
2009-07-17,4894806.26
2009-07-18,4590617.85
2009-07-19,4032493.04
2009-07-20,4046059.22
2009-07-21,4754168.26
2009-07-22,4777328.68
2009-07-23,4826202.41
2009-07-24,4890420.34
2009-07-25,4602390.72
2009-07-26,4083435.96
2009-07-27,4842187.98
2009-07-28,4923555.57
2009-07-29,4888536.88
2009-07-30,4819896.16
2009-07-31,4824173.26
2009-08-01,4570928.71
2009-08-02,4098643.16
2009-08-03,4923474.99
2009-08-04,4998683.26
2009-08-05,4974428.5
2009-08-06,4901389.55
2009-08-07,4314376.32
2009-08-08,4469987.07
2009-08-09,3982646.01
2009-08-10,4776499.79
2009-08-11,4948043.88
2009-08-12,4961133.13
2009-08-13,4997720.52
2009-08-14,4921111.56
2009-08-15,4640449.58
2009-08-16,4033553.49
2009-08-17,4114022.44
2009-08-18,4804087.66
2009-08-19,4926739.65
2009-08-20,4960920.91
2009-08-21,4940244.55
2009-08-22,4676687.07
2009-08-23,4162846.4
2009-08-24,4899816.84
2009-08-25,4981921.1
2009-08-26,5024446.65
2009-08-27,5027414.62
2009-08-28,5035620.76
2009-08-29,4683446.45
2009-08-30,4091754.19
2009-08-31,4865953.06
2009-09-01,4831670.32
2009-09-02,4904301.49
2009-09-03,4965265.77
2009-09-04,4911008.51
2009-09-05,4658273.94
2009-09-06,4161951.03
2009-09-07,4924501.02
2009-09-08,4963870.74
2009-09-09,4919839.65
2009-09-10,4978680.63
2009-09-11,4925277.98
2009-09-12,4556174.91
2009-09-13,4099096.51
2009-09-14,4905339.86
2009-09-15,4845723.68
2009-09-16,4761008.72
2009-09-17,4733295.22
2009-09-18,4870552.65
2009-09-19,4634730.52
2009-09-20,4086575.78
2009-09-21,4795735.86
2009-09-22,4875328.22
2009-09-23,4911809.58
2009-09-24,4956021.49
2009-09-25,5006417.45
2009-09-26,4675050.26
2009-09-27,4122206.33
2009-09-28,4842915.42
2009-09-29,4967112.88
2009-09-30,5009619.49
2009-10-01,5039970.45
2009-10-02,4995835.96
2009-10-03,4617025.03
2009-10-04,4073264.28
2009-10-05,4888294.91
2009-10-06,5018916.26
2009-10-07,5035162.24
2009-10-08,5016310.41
2009-10-09,5047554.21
2009-10-10,4759919.59
2009-10-11,4106182.8
2009-10-12,4088660.47
2009-10-13,4836723.96
2009-10-14,4841500.67
2009-10-15,4774008.23
2009-10-16,4845232.94
2009-10-17,4618343.89
2009-10-18,4104754.71
2009-10-19,4774772.94
2009-10-20,4844077.07
2009-10-21,4869550.14
2009-10-22,4858204.52
2009-10-23,4920140.23
2009-10-24,4595440.9
2009-10-25,4081873.0
2009-10-26,4864207.05
2009-10-27,4962745.77
2009-10-28,4928712.47
2009-10-29,4976551.45
2009-10-30,4900917.7
2009-10-31,4466584.14
2009-11-01,3977915.14
2009-11-02,4067315.33
2009-11-03,4780725.18
2009-11-04,4882956.23
2009-11-05,4907540.04
2009-11-06,4873574.98
2009-11-07,4630202.14
2009-11-08,4163778.35
2009-11-09,4881601.51
2009-11-10,4988032.28
2009-11-11,5010302.2
2009-11-12,5014824.62
2009-11-13,5011086.84
2009-11-14,4682213.7
2009-11-15,4142569.79
2009-11-16,4259250.14
2009-11-17,4925280.67
2009-11-18,4984597.3
2009-11-19,5042264.85
2009-11-20,5084558.27
2009-11-21,4837399.56
2009-11-22,4297556.73
2009-11-23,4967469.62
2009-11-24,5052711.33
2009-11-25,5071906.74
2009-11-26,5086989.76
2009-11-27,5097686.07
2009-11-28,4787045.47
2009-11-29,4269466.95
2009-11-30,4987957.67
2009-12-01,4985064.37
2009-12-02,4958065.41
2009-12-03,5027963.81
2009-12-04,5082258.21
2009-12-05,4822372.69
2009-12-06,4347278.32
2009-12-07,4882370.51
2009-12-08,4358641.77
2009-12-09,4986262.95
2009-12-10,4998052.98
2009-12-11,5027763.63
2009-12-12,4719522.77
2009-12-13,4238322.5
2009-12-14,4918523.53
2009-12-15,4977657.08
2009-12-16,4979317.92
2009-12-17,4990745.71
2009-12-18,4933968.5
2009-12-19,4634059.99
2009-12-20,4165092.45
2009-12-21,4743264.16
2009-12-22,4774423.57
2009-12-23,4729166.06
2009-12-24,4400321.32
2009-12-25,3731019.19
2009-12-26,4127799.48
2009-12-27,3998252.01
2009-12-28,4517269.35
2009-12-29,4558163.19
2009-12-30,4495350.23
2009-12-31,4128719.48
2010-01-01,3519184.09
2010-01-02,3892611.89
2010-01-03,3769449.24
2010-01-04,4403117.78
2010-01-05,4543740.96
2010-01-06,4581035.54
2010-01-07,4603841.8
2010-01-08,4652324.39
2010-01-09,4435721.81
2010-01-10,3925100.46
2010-01-11,3990703.88
2010-01-12,4591277.92
2010-01-13,4724631.89
2010-01-14,4784122.08
2010-01-15,4798346.59
2010-01-16,4559911.49
2010-01-17,4079484.27
2010-01-18,4724603.37
2010-01-19,4806947.67
2010-01-20,4839437.99
2010-01-21,4876082.77
2010-01-22,4871311.53
2010-01-23,4609635.18
2010-01-24,4089684.93
2010-01-25,4758082.18
2010-01-26,4808709.06
2010-01-27,4827069.68
2010-01-28,4842705.69
2010-01-29,4848078.8
2010-01-30,4576905.81
2010-01-31,4103039.85
2010-02-01,4788611.92
2010-02-02,4862248.37
2010-02-03,4920925.17
2010-02-04,4996540.3
2010-02-05,5005107.34
2010-02-06,4688293.57
2010-02-07,4122813.48
2010-02-08,4864424.03
2010-02-09,4881471.64
2010-02-10,4870200.0
2010-02-11,4882048.68
2010-02-12,4894190.83
2010-02-13,4628656.63
2010-02-14,4123654.98
2010-02-15,4803235.41
2010-02-16,4886977.14
2010-02-17,4955248.09
2010-02-18,4969304.73
2010-02-19,4982497.37
2010-02-20,4695463.61
2010-02-21,4193292.68
2010-02-22,4950995.43
2010-02-23,4928180.4
2010-02-24,4904959.45
2010-02-25,4872724.27
2010-02-26,4832974.72
2010-02-27,4580393.48
2010-02-28,4095466.73
2010-03-01,4738757.81
2010-03-02,4834307.79
2010-03-03,4804629.84
2010-03-04,4810701.34
2010-03-05,4820366.84
2010-03-06,4565069.47
2010-03-07,4040060.81
2010-03-08,4705635.52
2010-03-09,4815609.21
2010-03-10,4924983.08
2010-03-11,4882795.37
2010-03-12,4915104.99
2010-03-13,4645705.2
2010-03-14,4061732.54
2010-03-15,4853055.19
2010-03-16,4938665.32
2010-03-17,4833305.17
2010-03-18,4789395.97
2010-03-19,4852972.73
2010-03-20,4637663.45
2010-03-21,4140610.7
2010-03-22,4218116.07
2010-03-23,4865357.35
2010-03-24,4939703.45
2010-03-25,4965278.15
2010-03-26,4965449.89
2010-03-27,4681840.05
2010-03-28,4193043.25
2010-03-29,4808360.1
2010-03-30,4810936.11
2010-03-31,4637346.2
2010-04-01,3958179.74
2010-04-02,3721070.81
2010-04-03,4115288.11
2010-04-04,3999720.49
2010-04-05,4771170.97
2010-04-06,4840411.13
2010-04-07,4872183.72
2010-04-08,4823890.52
2010-04-09,4869592.29
2010-04-10,4605544.99
2010-04-11,4114450.56
2010-04-12,4752550.99
2010-04-13,4850245.57
2010-04-14,4798399.58
2010-04-15,4835561.44
2010-04-16,4869155.06
2010-04-17,4620860.65
2010-04-18,4147620.9
2010-04-19,4855941.64
2010-04-20,4890497.19
2010-04-21,4947350.49
2010-04-22,5027530.55
2010-04-23,5064489.84
2010-04-24,4789760.79
2010-04-25,4264032.44
2010-04-26,4880941.29
2010-04-27,4958755.8
2010-04-28,4923751.5
2010-04-29,4915552.0
2010-04-30,4861743.23
2010-05-01,4224343.66
2010-05-02,3986942.9
2010-05-03,4719610.58
2010-05-04,4775685.98
2010-05-05,4817041.04
2010-05-06,4876895.34
2010-05-07,4935981.61
2010-05-08,4664041.97
2010-05-09,4085206.98
2010-05-10,4889683.97
2010-05-11,4963373.83
2010-05-12,4934866.09
2010-05-13,4938322.95
2010-05-14,4978679.8
2010-05-15,4724476.89
2010-05-16,4199890.77
2010-05-17,4271335.61
2010-05-18,5003268.84
2010-05-19,5024258.21
2010-05-20,4997213.18
2010-05-21,4890927.14
2010-05-22,4650633.24
2010-05-23,4120170.93
2010-05-24,4811774.08
2010-05-25,4875206.44
2010-05-26,4876925.59
2010-05-27,4797478.18
2010-05-28,4749579.0
2010-05-29,4528448.28
2010-05-30,4019673.87
2010-05-31,4748386.25
2010-06-01,4870258.95
2010-06-02,4840766.94
2010-06-03,4879528.47
2010-06-04,4932395.66
2010-06-05,4699720.75
2010-06-06,4193791.69
2010-06-07,4214900.14
2010-06-08,4870373.94
2010-06-09,4854324.59
2010-06-10,4907718.14
2010-06-11,4880262.38
2010-06-12,4655109.48
2010-06-13,4118066.62
2010-06-14,4193932.89
2010-06-15,4858976.34
2010-06-16,4898079.56
2010-06-17,4965906.22
2010-06-18,4953539.73
2010-06-19,4627603.87
2010-06-20,3998681.75
2010-06-21,4772878.66
2010-06-22,4847523.72
2010-06-23,4939057.8
2010-06-24,4936630.78
2010-06-25,4954266.67
2010-06-26,4633073.51
2010-06-27,4070003.58
2010-06-28,4786718.88
2010-06-29,4906523.39
2010-06-30,4918100.78
2010-07-01,4916245.89
2010-07-02,4834859.26
2010-07-03,4608674.87
2010-07-04,4054728.48
2010-07-05,4105363.27
2010-07-06,4767777.62
2010-07-07,4825047.45
2010-07-08,4805919.05
2010-07-09,4838720.55
2010-07-10,4618211.01
2010-07-11,4102381.18
2010-07-12,4819073.8
2010-07-13,4947131.94
2010-07-14,4983866.25
2010-07-15,4908400.1
2010-07-16,4834836.75
2010-07-17,4584857.97
2010-07-18,4073485.69
2010-07-19,4685939.96
2010-07-20,4299033.93
2010-07-21,4916388.65
2010-07-22,4958689.53
2010-07-23,4987728.42
2010-07-24,4748772.63
2010-07-25,4250931.07
2010-07-26,4932842.89
2010-07-27,5019238.74
2010-07-28,4938925.93
2010-07-29,4987971.4
2010-07-30,4966601.61
2010-07-31,4633380.79
2010-08-01,4075378.84
2010-08-02,4809166.86
2010-08-03,4950746.45
2010-08-04,4948110.43
2010-08-05,4952273.33
2010-08-06,4913007.68
2010-08-07,4326356.97
2010-08-08,4090083.81
2010-08-09,4890596.61
2010-08-10,5043171.46
2010-08-11,4982834.88
2010-08-12,4942115.29
2010-08-13,4924843.73
2010-08-14,4662987.56
2010-08-15,4086835.42
2010-08-16,4151259.39
2010-08-17,4910639.71
2010-08-18,4937626.75
2010-08-19,4977070.12
2010-08-20,4982989.12
2010-08-21,4724208.85
2010-08-22,4191402.34
2010-08-23,4981180.94
2010-08-24,5030639.96
2010-08-25,5009269.48
2010-08-26,4921501.71
2010-08-27,4908343.75
2010-08-28,4648592.26
2010-08-29,4197002.98
2010-08-30,4964642.09
2010-08-31,4988752.59
2010-09-01,5026775.48
2010-09-02,4978531.56
2010-09-03,5028377.27
2010-09-04,4768187.47
2010-09-05,4183050.49
2010-09-06,4948735.34
2010-09-07,5007836.81
2010-09-08,4981573.75
2010-09-09,4996011.24
2010-09-10,5022157.78
2010-09-11,4771809.8
2010-09-12,4250006.71
2010-09-13,5004761.35
2010-09-14,5065522.05
2010-09-15,5129551.85
2010-09-16,5087515.44
2010-09-17,5100934.81
2010-09-18,4770830.02
2010-09-19,4197298.29
2010-09-20,4901479.65
2010-09-21,4998369.9
2010-09-22,5039160.32
2010-09-23,5054467.16
2010-09-24,5015980.99
2010-09-25,4751004.49
2010-09-26,4204332.4
2010-09-27,4909236.13
2010-09-28,5031445.01
2010-09-29,5091243.54
2010-09-30,5084316.33
2010-10-01,4940403.4
2010-10-02,4684042.62
2010-10-03,4101552.34
2010-10-04,4829473.98
2010-10-05,4892043.74
2010-10-06,4964188.28
2010-10-07,4978722.07
2010-10-08,5012016.08
2010-10-09,4774134.7
2010-10-10,4253486.58
2010-10-11,4999419.53
2010-10-12,5169779.92
2010-10-13,5220651.53
2010-10-14,5163034.15
2010-10-15,5111812.23
2010-10-16,4777497.72
2010-10-17,4156793.18
2010-10-18,4162225.01
2010-10-19,4923676.94
2010-10-20,4951284.27
2010-10-21,5011132.76
2010-10-22,5035653.63
2010-10-23,4757720.4
2010-10-24,4223879.88
2010-10-25,4898836.45
2010-10-26,5019513.42
2010-10-27,5046836.07
2010-10-28,4991947.93
2010-10-29,5025822.52
2010-10-30,4738896.59
2010-10-31,4155860.84
2010-11-01,4325514.19
2010-11-02,4950656.96
2010-11-03,4973725.54
2010-11-04,5030932.95
2010-11-05,5093764.59
2010-11-06,4752045.3
2010-11-07,4206800.79
2010-11-08,4949362.5
2010-11-09,5049156.39
2010-11-10,5055141.89
2010-11-11,5073593.87
2010-11-12,5073935.99
2010-11-13,4785650.41
2010-11-14,4243330.43
2010-11-15,4325101.23
2010-11-16,5002232.94
2010-11-17,5012148.89
2010-11-18,5048102.23
2010-11-19,5079273.39
2010-11-20,4824607.29
2010-11-21,4301034.82
2010-11-22,4997534.17
2010-11-23,5093134.42
2010-11-24,5118491.7
2010-11-25,5102843.7
2010-11-26,5127621.83
2010-11-27,4872368.46
2010-11-28,4299748.39
2010-11-29,5000497.03
2010-11-30,5080782.3
2010-12-01,5510239.82
2010-12-02,5443561.4
2010-12-03,5377108.64
2010-12-04,5111221.95
2010-12-05,4613832.93
2010-12-06,5383496.68
2010-12-07,5450150.16
2010-12-08,4814746.86
2010-12-09,5450585.81
2010-12-10,5496434.53
2010-12-11,5261499.5
2010-12-12,4762764.08
2010-12-13,5424146.26
2010-12-14,5362358.41
2010-12-15,5436397.64
2010-12-16,5454525.22
2010-12-17,5513033.67
2010-12-18,5179066.87
2010-12-19,4681322.86
2010-12-20,5339326.22
2010-12-21,5352527.84
2010-12-22,5388726.46
2010-12-23,5358403.0
2010-12-24,4900375.12
2010-12-25,4229205.3
2010-12-26,4420457.83
2010-12-27,5177562.88
2010-12-28,5271012.13
2010-12-29,5282980.02
2010-12-30,5235659.17
2010-12-31,4771405.42
2011-01-01,4057915.64
2011-01-02,4161027.66
2011-01-03,4981801.98
2011-01-04,5097666.42
2011-01-05,5136407.95
2011-01-06,5214164.84
2011-01-07,5204177.28
2011-01-08,4928741.59
2011-01-09,4426978.83
2011-01-10,4509551.89
2011-01-11,5295412.11
2011-01-12,5409324.12
2011-01-13,5443264.01
2011-01-14,5488727.94
2011-01-15,5211536.52
2011-01-16,4668414.18
2011-01-17,5362779.25
2011-01-18,5492406.39
2011-01-19,5521924.78
2011-01-20,5500589.76
2011-01-21,5547964.1
2011-01-22,5256609.53
2011-01-23,4722591.51
2011-01-24,5464546.84
2011-01-25,5561631.73
2011-01-26,5570622.54
2011-01-27,5548632.12
2011-01-28,5526654.79
2011-01-29,5192895.89
2011-01-30,4661656.42
2011-01-31,5482297.59
2011-02-01,5626630.65
2011-02-02,5662208.89
2011-02-03,5682022.62
2011-02-04,5661906.3
2011-02-05,5349858.95
2011-02-06,4712908.57
2011-02-07,5486250.41
2011-02-08,5524752.88
2011-02-09,5548213.6
2011-02-10,5549882.21
2011-02-11,5570115.55
2011-02-12,5258739.19
2011-02-13,4716062.16
2011-02-14,5451845.84
2011-02-15,5576321.95
2011-02-16,5515349.57
2011-02-17,5457106.08
2011-02-18,5445821.07
2011-02-19,5200179.98
2011-02-20,4636259.28
2011-02-21,5444098.55
2011-02-22,5586990.47
2011-02-23,5596271.51
2011-02-24,5545889.29
2011-02-25,5515938.35
2011-02-26,5250299.61
2011-02-27,4638608.56
2011-02-28,5444306.98
2011-03-01,5414470.28
2011-03-02,5419648.54
2011-03-03,5404792.56
2011-03-04,5432404.19
2011-03-05,5130138.13
2011-03-06,4582604.02
2011-03-07,5346736.68
2011-03-08,5442036.52
2011-03-09,5494351.77
2011-03-10,5433860.2
2011-03-11,5466683.49
2011-03-12,5214365.7
2011-03-13,4654131.33
2011-03-14,5484110.49
2011-03-15,5577732.29
2011-03-16,5613592.15
2011-03-17,5597785.12
2011-03-18,5583126.18
2011-03-19,5232664.46
2011-03-20,4565454.5
2011-03-21,4623818.21
2011-03-22,5348861.81
2011-03-23,5456524.91
2011-03-24,5467398.2
2011-03-25,5539305.54
2011-03-26,5252353.08
2011-03-27,4702413.81
2011-03-28,5591660.34
2011-03-29,5699305.77
2011-03-30,5663720.33
2011-03-31,5547438.41
2011-04-01,5676996.31
2011-04-02,5357079.92
2011-04-03,4816957.0
2011-04-04,5640319.51
2011-04-05,5704060.89
2011-04-06,5633219.26
2011-04-07,5695024.74
2011-04-08,5699302.65
2011-04-09,5389509.24
2011-04-10,4724643.9
2011-04-11,5504074.19
2011-04-12,5588153.94
2011-04-13,5584267.13
2011-04-14,5646366.92
2011-04-15,5636250.78
2011-04-16,5269565.05
2011-04-17,4742334.04
2011-04-18,5461015.27
2011-04-19,5499632.03
2011-04-20,5356018.39
2011-04-21,4492586.94
2011-04-22,4155894.28
2011-04-23,4631764.14
2011-04-24,4523922.76
2011-04-25,5422959.79
2011-04-26,5568060.0
2011-04-27,5658046.12
2011-04-28,5613048.83
2011-04-29,5701876.03
2011-04-30,5366978.77
2011-05-01,4664462.75
2011-05-02,5447013.76
2011-05-03,5496730.78
2011-05-04,5526374.35
2011-05-05,5570860.19
2011-05-06,5640385.11
2011-05-07,5346029.43
2011-05-08,4657609.21
2011-05-09,5529553.33
2011-05-10,5609760.27
2011-05-11,5633085.13
2011-05-12,5650270.54
2011-05-13,5561508.18
2011-05-14,5181267.41
2011-05-15,4621167.88
2011-05-16,5335589.46
2011-05-17,5455108.45
2011-05-18,5485013.67
2011-05-19,5521137.88
2011-05-20,5527325.84
2011-05-21,5242267.85
2011-05-22,4600504.04
2011-05-23,5403629.98
2011-05-24,5566526.56
2011-05-25,5533792.98
2011-05-26,5578651.49
2011-05-27,5541826.25
2011-05-28,5156832.84
2011-05-29,4612439.88
2011-05-30,5472159.52
2011-05-31,5552721.0
2011-06-01,5386438.47
2011-06-02,5394157.24
2011-06-03,5367091.25
2011-06-04,5085933.29
2011-06-05,4452697.04
2011-06-06,4590826.59
2011-06-07,5365566.19
2011-06-08,5490424.43
2011-06-09,5516452.46
2011-06-10,5611996.06
2011-06-11,5262459.51
2011-06-12,4723064.22
2011-06-13,5563171.26
2011-06-14,5596219.95
2011-06-15,5559412.12
2011-06-16,5497362.58
2011-06-17,5493165.5
2011-06-18,5232650.26
2011-06-19,4529251.56
2011-06-20,5433170.85
2011-06-21,5531043.76
2011-06-22,5564489.16
2011-06-23,5536818.35
2011-06-24,5439618.31
2011-06-25,5110379.68
2011-06-26,4487170.45
2011-06-27,4593408.34
2011-06-28,5442649.23
2011-06-29,5550360.4
2011-06-30,5440086.17
2011-07-01,5434254.98
2011-07-02,5147393.16
2011-07-03,4480946.19
2011-07-04,4594982.46
2011-07-05,5427151.33
2011-07-06,5572211.87
2011-07-07,5528128.16
2011-07-08,5581243.16
2011-07-09,5294714.6
2011-07-10,4717852.57
2011-07-11,5523402.36
2011-07-12,5575798.13
2011-07-13,5483904.35
2011-07-14,5439791.15
2011-07-15,5454775.85
2011-07-16,5184227.16
2011-07-17,4656001.83
2011-07-18,5466018.58
2011-07-19,5573139.78
2011-07-20,5000516.31
2011-07-21,5636703.62
2011-07-22,5701077.18
2011-07-23,5345285.58
2011-07-24,4819594.71
2011-07-25,5630375.68
2011-07-26,5655737.04
2011-07-27,5712275.85
2011-07-28,5621299.29
2011-07-29,5487525.64
2011-07-30,5106480.08
2011-07-31,4593868.06
2011-08-01,5344297.44
2011-08-02,5513527.65
2011-08-03,5534544.11
2011-08-04,5525258.55
2011-08-05,5577528.33
2011-08-06,5316358.83
2011-08-07,4735625.81
2011-08-08,5622322.41
2011-08-09,5679291.07
2011-08-10,5681350.43
2011-08-11,5685151.45
2011-08-12,5551369.32
2011-08-13,5284688.34
2011-08-14,4606721.03
2011-08-15,4668541.66
2011-08-16,5472103.19
2011-08-17,5578888.08
2011-08-18,5619273.54
2011-08-19,5606029.83
2011-08-20,5280806.09
2011-08-21,4679058.6
2011-08-22,5501329.25
2011-08-23,5555878.74
2011-08-24,5517748.41
2011-08-25,5620276.77
2011-08-26,5674028.59
2011-08-27,5300718.07
2011-08-28,4730554.53
2011-08-29,5536929.12
2011-08-30,5665104.49
2011-08-31,5700290.2
2011-09-01,5657153.4
2011-09-02,5589683.0
2011-09-03,5256524.72
2011-09-04,4660021.27
2011-09-05,5652251.5
2011-09-06,5756723.43
2011-09-07,5774820.43
2011-09-08,5679752.2
2011-09-09,5633024.34
2011-09-10,5307193.96
2011-09-11,4693798.51
2011-09-12,5494124.49
2011-09-13,5667053.29
2011-09-14,5688586.38
2011-09-15,5718622.42
2011-09-16,5667308.22
2011-09-17,5291975.27
2011-09-18,4657549.26
2011-09-19,5481425.05
2011-09-20,5552349.6
2011-09-21,5616062.09
2011-09-22,5626683.09
2011-09-23,5727339.47
2011-09-24,5337371.57
2011-09-25,4714376.35
2011-09-26,5513291.45
2011-09-27,5614908.95
2011-09-28,5768950.11
2011-09-29,5713907.64
2011-09-30,5675799.34
2011-10-01,5408760.75
2011-10-02,4836710.71
2011-10-03,5690124.3
2011-10-04,5696868.04
2011-10-05,5734194.19
2011-10-06,5775510.22
2011-10-07,5800697.0
2011-10-08,5419144.82
2011-10-09,4789454.6
2011-10-10,5641977.52
2011-10-11,5703901.07
2011-10-12,5719391.23
2011-10-13,5721098.78
2011-10-14,5715943.03
2011-10-15,5357558.82
2011-10-16,4678139.59
2011-10-17,4796447.0
2011-10-18,5412643.57
2011-10-19,5550591.67
2011-10-20,5576489.54
2011-10-21,5557825.34
2011-10-22,5307688.09
2011-10-23,4790555.84
2011-10-24,5604605.21
2011-10-25,5730526.44
2011-10-26,5735264.7
2011-10-27,5777612.79
2011-10-28,5737461.94
2011-10-29,5330646.33
2011-10-30,4593814.49
2011-10-31,5314672.6
2011-11-01,5544983.53
2011-11-02,5624170.4
2011-11-03,5689962.72
2011-11-04,5666373.88
2011-11-05,5430922.07
2011-11-06,4807595.61
2011-11-07,4913455.25
2011-11-08,5651939.1
2011-11-09,5687690.25
2011-11-10,5716368.28
2011-11-11,5700994.01
2011-11-12,5329136.04
2011-11-13,4664723.95
2011-11-14,4850185.54
2011-11-15,5601076.15
2011-11-16,5656096.17
2011-11-17,5681330.75
2011-11-18,5635645.23
2011-11-19,5324654.21
2011-11-20,4773706.66
2011-11-21,5647063.05
2011-11-22,5729815.9
2011-11-23,5721951.89
2011-11-24,5695383.84
2011-11-25,5730701.07
2011-11-26,5461276.06
2011-11-27,4849537.51
2011-11-28,5638594.08
2011-11-29,5644580.84
2011-11-30,5548353.56
2011-12-01,5305093.08
2011-12-02,5389133.12
2011-12-03,5136666.04
2011-12-04,4670037.04
2011-12-05,5405375.53
2011-12-06,5440663.78
2011-12-07,5413073.64
2011-12-08,4774785.16
2011-12-09,5415925.92
2011-12-10,5186659.03
2011-12-11,4684455.3
2011-12-12,5358910.03
2011-12-13,5444194.67
2011-12-14,5448375.71
2011-12-15,5385576.85
2011-12-16,5351199.05
2011-12-17,4993302.88
2011-12-18,4594586.79
2011-12-19,5306103.77
2011-12-20,5377687.2
2011-12-21,5434921.8
2011-12-22,5440120.49
2011-12-23,5317148.71
2011-12-24,4729342.05
2011-12-25,4156446.43
2011-12-26,5040588.76
2011-12-27,5223700.21
2011-12-28,5257707.04
2011-12-29,5238727.3
2011-12-30,5123990.98
2011-12-31,4630530.19
2012-01-01,4067694.49
2012-01-02,4866178.4
2012-01-03,5133570.2
2012-01-04,5180339.88
2012-01-05,5200311.96
2012-01-06,5207505.5
2012-01-07,5025421.94
2012-01-08,4478810.67
2012-01-09,4532916.9
2012-01-10,5300903.6
2012-01-11,5371237.16
2012-01-12,5469092.35
2012-01-13,5471876.38
2012-01-14,5204882.46
2012-01-15,4603764.15
2012-01-16,5367260.84
2012-01-17,5396941.76
2012-01-18,5408949.11
2012-01-19,5395221.38
2012-01-20,5373152.67
2012-01-21,5066627.29
2012-01-22,4502518.54
2012-01-23,5313874.11
2012-01-24,5348074.27
2012-01-25,5384000.68
2012-01-26,5368583.47
2012-01-27,5410084.82
2012-01-28,5132587.68
2012-01-29,4582785.01
2012-01-30,5335093.46
2012-01-31,5384833.1
2012-02-01,5404271.18
2012-02-02,5457873.53
2012-02-03,5454510.45
2012-02-04,5184667.86
2012-02-05,4582360.97
2012-02-06,5406096.47
2012-02-07,5460659.74
2012-02-08,5478712.47
2012-02-09,5452197.36
2012-02-10,5477733.36
2012-02-11,5190349.52
2012-02-12,4610110.18
2012-02-13,5402590.17
2012-02-14,5448325.88
2012-02-15,5466959.7
2012-02-16,5501836.06
2012-02-17,5466380.41
2012-02-18,5173957.01
2012-02-19,4566126.15
2012-02-20,5355594.31
2012-02-21,5489923.41
2012-02-22,5538758.53
2012-02-23,5550800.91
2012-02-24,5617520.63
2012-02-25,5312975.47
2012-02-26,4734516.3
2012-02-27,5530194.42
2012-02-28,5616331.62
2012-02-29,5611836.88
2012-03-01,5490995.55
2012-03-02,5522340.58
2012-03-03,5227324.88
2012-03-04,4667658.2
2012-03-05,5430860.78
2012-03-06,5498550.91
2012-03-07,5534773.59
2012-03-08,5511195.86
2012-03-09,5542848.11
2012-03-10,5198846.76
2012-03-11,4627456.99
2012-03-12,5427916.02
2012-03-13,5446379.25
2012-03-14,5473721.54
2012-03-15,5571635.08
2012-03-16,5554994.53
2012-03-17,5189912.34
2012-03-18,4555744.38
2012-03-19,4629040.9
2012-03-20,5371075.16
2012-03-21,5443861.15
2012-03-22,5415784.15
2012-03-23,5463474.31
2012-03-24,5173355.54
2012-03-25,4589660.39
2012-03-26,5374100.62
2012-03-27,5459961.9
2012-03-28,5476635.73
2012-03-29,5531967.54
2012-03-30,5526440.22
2012-03-31,5233342.53
2012-04-01,4831500.44
2012-04-02,5557902.67
2012-04-03,5531057.25
2012-04-04,5443303.41
2012-04-05,4584445.9
2012-04-06,4222810.9
2012-04-07,4684188.26
2012-04-08,4528419.87
2012-04-09,5440859.04
2012-04-10,5602283.88
2012-04-11,5598157.95
2012-04-12,5534577.54
2012-04-13,5570341.73
2012-04-14,5283286.62
2012-04-15,4737037.12
2012-04-16,5554236.72
2012-04-17,5614538.23
2012-04-18,5577055.45
2012-04-19,5583120.9
2012-04-20,5641654.32
2012-04-21,5313216.67
2012-04-22,4771346.54
2012-04-23,5547929.94
2012-04-24,5639801.52
2012-04-25,5673662.7
2012-04-26,5709889.66
2012-04-27,5664076.75
2012-04-28,5325423.22
2012-04-29,4718189.22
2012-04-30,5473731.63
2012-05-01,4590302.6
2012-05-02,5290712.53
2012-05-03,5455316.55
2012-05-04,5377399.69
2012-05-05,5088359.76
2012-05-06,4601735.74
2012-05-07,5341715.1
2012-05-08,5476150.86
2012-05-09,5517435.02
2012-05-10,5574049.91
2012-05-11,5576693.05
2012-05-12,5237940.28
2012-05-13,4559422.56
2012-05-14,5407348.38
2012-05-15,5558454.06
2012-05-16,5646076.2
2012-05-17,5636611.7
2012-05-18,5634585.57
2012-05-19,5252631.72
2012-05-20,4535367.43
2012-05-21,4688270.49
2012-05-22,5487648.36
2012-05-23,5579057.66
2012-05-24,5653379.44
2012-05-25,5615549.04
2012-05-26,5272880.13
2012-05-27,4741170.86
2012-05-28,5570929.83
2012-05-29,5643037.55
2012-05-30,5614038.53
2012-05-31,5632727.06
2012-06-01,5467709.47
2012-06-02,5200509.13
2012-06-03,4665343.95
2012-06-04,5460640.66
2012-06-05,5552763.4
2012-06-06,5643528.63
2012-06-07,5674417.5
2012-06-08,5588479.84
2012-06-09,5292030.48
2012-06-10,4710332.5
2012-06-11,4726123.56
2012-06-12,5379727.76
2012-06-13,5466260.33
2012-06-14,5464461.36
2012-06-15,5501504.17
2012-06-16,5069849.81
2012-06-17,4385621.77
2012-06-18,4604984.56
2012-06-19,5451636.01
2012-06-20,5525259.02
2012-06-21,5405278.77
2012-06-22,5488406.43
2012-06-23,5169079.66
2012-06-24,4483192.78
2012-06-25,5260391.31
2012-06-26,5311668.69
2012-06-27,5350895.3
2012-06-28,5404586.12
2012-06-29,5375777.61
2012-06-30,4981743.12
2012-07-01,4417775.86
2012-07-02,4569952.91
2012-07-03,5376081.8
2012-07-04,5439514.4
2012-07-05,5511173.58
2012-07-06,5486866.47
2012-07-07,5200192.64
2012-07-08,4629869.49
2012-07-09,5477493.46
2012-07-10,5614685.82
2012-07-11,5543034.84
2012-07-12,5541280.44
2012-07-13,5480722.57
2012-07-14,5112982.86
2012-07-15,4575670.44
2012-07-16,5413297.65
2012-07-17,5568736.37
2012-07-18,5492812.21
2012-07-19,5564179.66
2012-07-20,4945171.89
2012-07-21,5051307.35
2012-07-22,4639176.75
2012-07-23,5496224.09
2012-07-24,5523070.39
2012-07-25,5640408.71
2012-07-26,5655741.98
2012-07-27,5667145.53
2012-07-28,5332630.81
2012-07-29,4741957.48
2012-07-30,5435474.04
2012-07-31,5480067.63
2012-08-01,5491440.3
2012-08-02,5563061.12
2012-08-03,5595629.31
2012-08-04,5292946.17
2012-08-05,4665567.44
2012-08-06,5371939.08
2012-08-07,4937601.13
2012-08-08,5629619.85
2012-08-09,5610526.92
2012-08-10,5644632.7
2012-08-11,5322158.5
2012-08-12,4746605.89
2012-08-13,5482058.71
2012-08-14,5475028.22
2012-08-15,5537832.09
2012-08-16,5599932.78
2012-08-17,5544900.73
2012-08-18,5182441.04
2012-08-19,4650667.05
2012-08-20,4697393.26
2012-08-21,5523720.32
2012-08-22,5561431.03
2012-08-23,5533808.44
2012-08-24,5536139.71
2012-08-25,5264475.0
2012-08-26,4728462.62
2012-08-27,5565853.62
2012-08-28,5664304.71
2012-08-29,5745094.68
2012-08-30,5681086.83
2012-08-31,5653701.79
2012-09-01,5265707.81
2012-09-02,4706879.99
2012-09-03,5516219.19
2012-09-04,5570807.19
2012-09-05,5571183.37
2012-09-06,5643051.61
2012-09-07,5765867.63
2012-09-08,5373254.64
2012-09-09,4765321.77
2012-09-10,5633023.13
2012-09-11,5691777.27
2012-09-12,5711912.72
2012-09-13,5665036.09
2012-09-14,5691786.53
2012-09-15,5430642.19
2012-09-16,4795825.62
2012-09-17,5538707.27
2012-09-18,5641407.83
2012-09-19,5734954.02
2012-09-20,5756147.9
2012-09-21,5745175.64
2012-09-22,5326291.81
2012-09-23,4780189.43
2012-09-24,5532925.82
2012-09-25,5539307.1
2012-09-26,5636169.34
2012-09-27,5645914.33
2012-09-28,5637605.65
2012-09-29,5323122.63
2012-09-30,4713865.35
2012-10-01,5636910.35
2012-10-02,5720968.13
2012-10-03,5768783.8
2012-10-04,5769444.93
2012-10-05,5645937.08
2012-10-06,5281307.41
2012-10-07,4703605.03
2012-10-08,5489878.22
2012-10-09,5617797.06
2012-10-10,5644778.25
2012-10-11,5702857.53
2012-10-12,5719452.47
2012-10-13,5310838.88
2012-10-14,4644062.57
2012-10-15,4746886.99
2012-10-16,5479179.71
2012-10-17,5482000.52
2012-10-18,5477177.39
2012-10-19,5436642.93
2012-10-20,5183380.76
2012-10-21,4654400.11
2012-10-22,5434779.34
2012-10-23,5476827.58
2012-10-24,5524842.23
2012-10-25,5552561.22
2012-10-26,5612145.95
2012-10-27,5358707.87
2012-10-28,4815743.11
2012-10-29,5575288.88
2012-10-30,5592753.86
2012-10-31,5546028.93
2012-11-01,5589219.46
2012-11-02,5611865.54
2012-11-03,5322959.93
2012-11-04,4711026.12
2012-11-05,4794894.83
2012-11-06,5560729.65
2012-11-07,5633613.31
2012-11-08,5648255.98
2012-11-09,5690975.5
2012-11-10,5409241.34
2012-11-11,4760744.91
2012-11-12,4835028.6
2012-11-13,5588987.96
2012-11-14,5669617.45
2012-11-15,5606664.19
2012-11-16,5604073.27
2012-11-17,5292628.78
2012-11-18,4713800.62
2012-11-19,5587294.61
2012-11-20,5702989.94
2012-11-21,5657187.53
2012-11-22,5636209.63
2012-11-23,5600160.49
2012-11-24,5312857.92
2012-11-25,4795521.26
2012-11-26,5616534.16
2012-11-27,5718304.63
2012-11-28,5697784.03
2012-11-29,5706323.86
2012-11-30,5674235.3
2012-12-01,5298480.9
2012-12-02,4757532.79
2012-12-03,5549055.03
2012-12-04,5700185.54
2012-12-05,5713121.31
2012-12-06,5760706.18
2012-12-07,5682992.22
2012-12-08,5069216.2
2012-12-09,4940257.88
2012-12-10,5768095.91
2012-12-11,5857004.14
2012-12-12,5841862.11
2012-12-13,5789220.91
2012-12-14,5678983.52
2012-12-15,5308708.93
2012-12-16,4858625.39
2012-12-17,5586534.81
2012-12-18,5609772.4
2012-12-19,5718326.31
2012-12-20,5704879.2
2012-12-21,5613946.18
2012-12-22,5275718.92
2012-12-23,4774020.42
2012-12-24,4856783.08
2012-12-25,4337192.11
2012-12-26,5285758.68
2012-12-27,5363585.44
2012-12-28,5393938.89
2012-12-29,5119351.41
2012-12-30,4712489.65
2012-12-31,4710392.62
2013-01-01,4078633.99
2013-01-02,4899813.67
2013-01-03,5186654.84
2013-01-04,5255557.88
2013-01-05,5040534.6
2013-01-06,4561611.74
2013-01-07,4594719.79
2013-01-08,5299483.96
2013-01-09,5414702.33
2013-01-10,5468863.13
2013-01-11,5498352.44
2013-01-12,5190838.34
2013-01-13,4661358.22
2013-01-14,5391087.89
2013-01-15,5474464.85
2013-01-16,5511083.15
2013-01-17,5558011.52
2013-01-18,5536596.12
2013-01-19,5209673.8
2013-01-20,4708280.63
2013-01-21,5530598.41
2013-01-22,5607605.55
2013-01-23,5626646.17
2013-01-24,5577857.23
2013-01-25,5585730.48
2013-01-26,5274834.39
2013-01-27,4733866.29
2013-01-28,5550054.72
2013-01-29,5642401.73
2013-01-30,5636244.26
2013-01-31,5662442.38
2013-02-01,5828864.33
2013-02-02,5461429.17
2013-02-03,4876996.25
2013-02-04,5686958.45
2013-02-05,5743824.56
2013-02-06,5806333.17
2013-02-07,5785288.06
2013-02-08,5786820.78
2013-02-09,5330812.3
2013-02-10,4760019.96
2013-02-11,5577231.85
2013-02-12,5619950.85
2013-02-13,5686709.59
2013-02-14,5774387.34
2013-02-15,5817730.48
2013-02-16,5505604.55
2013-02-17,4837861.97
2013-02-18,5550992.36
2013-02-19,5703837.21
2013-02-20,5816905.22
2013-02-21,5799555.5
2013-02-22,5819526.37
2013-02-23,5478708.03
2013-02-24,4838413.5
2013-02-25,5721299.19
2013-02-26,5867584.0
2013-02-27,5875903.22
2013-02-28,5795908.52
2013-03-01,5669856.11
2013-03-02,5364258.29
2013-03-03,4807177.58
2013-03-04,5601360.25
2013-03-05,5823850.53
2013-03-06,5887572.55
2013-03-07,5879008.23
2013-03-08,5910512.29
2013-03-09,5596037.47
2013-03-10,4966942.17
2013-03-11,5727988.06
2013-03-12,5835057.5
2013-03-13,5826227.39
2013-03-14,5825824.16
2013-03-15,5724597.95
2013-03-16,5453777.64
2013-03-17,4925937.26
2013-03-18,5705100.05
2013-03-19,5841442.42
2013-03-20,5851867.45
2013-03-21,5823350.43
2013-03-22,5828911.49
2013-03-23,5494999.37
2013-03-24,4958544.86
2013-03-25,5074280.65
2013-03-26,5597804.96
2013-03-27,5502913.32
2013-03-28,4764965.14
2013-03-29,4445241.4
2013-03-30,4887143.25
2013-03-31,4793833.02
2013-04-01,5503238.62
2013-04-02,5553781.94
2013-04-03,5603695.86
2013-04-04,5639823.75
2013-04-05,5619469.37
2013-04-06,5344873.52
2013-04-07,4807878.89
2013-04-08,5589612.7
2013-04-09,5637428.89
2013-04-10,5619883.86
2013-04-11,5646138.02
2013-04-12,5693387.79
2013-04-13,5414672.51
2013-04-14,4812617.97
2013-04-15,5572496.48
2013-04-16,5666563.18
2013-04-17,5638005.41
2013-04-18,5606904.07
2013-04-19,5498583.56
2013-04-20,5200973.79
2013-04-21,4618616.34
2013-04-22,5434024.39
2013-04-23,5499201.1
2013-04-24,5536253.67
2013-04-25,5573470.91
2013-04-26,5535015.62
2013-04-27,5190535.55
2013-04-28,4636570.41
2013-04-29,5400335.49
2013-04-30,5483323.7
2013-05-01,4932995.59
2013-05-02,5488622.62
2013-05-03,5588661.22
2013-05-04,5350910.07
2013-05-05,4717258.88
2013-05-06,5537442.5
2013-05-07,5569139.19
2013-05-08,5702352.23
2013-05-09,5703909.69
2013-05-10,5688535.57
2013-05-11,5425964.39
2013-05-12,4717770.29
2013-05-13,4912919.9
2013-05-14,5714713.78
2013-05-15,5746459.02
2013-05-16,5753798.68
2013-05-17,5751600.0
2013-05-18,5503097.91
2013-05-19,4866281.54
2013-05-20,5626849.54
2013-05-21,5652175.93
2013-05-22,5653935.46
2013-05-23,5641450.28
2013-05-24,5681709.54
2013-05-25,5473778.38
2013-05-26,4878700.53
2013-05-27,5606339.8
2013-05-28,5712007.43
2013-05-29,5607736.68
2013-05-30,5691069.19
2013-05-31,5619476.29
2013-06-01,5255116.75
2013-06-02,4784892.22
2013-06-03,4867804.52
2013-06-04,5666016.4
2013-06-05,5624613.82
2013-06-06,5692579.49
2013-06-07,5768700.46
2013-06-08,5493212.06
2013-06-09,4828635.51
2013-06-10,4939714.66
2013-06-11,5609828.42
2013-06-12,5637838.07
2013-06-13,5710795.43
2013-06-14,5686899.54
2013-06-15,5362409.69
2013-06-16,4788370.49
2013-06-17,5676641.79
2013-06-18,5811578.03
2013-06-19,5726363.28
2013-06-20,5727747.81
2013-06-21,5735799.31
2013-06-22,5447527.9
2013-06-23,4855736.6
2013-06-24,5580248.14
2013-06-25,5655848.55
2013-06-26,5731675.18
2013-06-27,5752408.86
2013-06-28,5569415.19
2013-06-29,5206285.08
2013-06-30,4625231.81
2013-07-01,4564192.39
2013-07-02,5344980.34
2013-07-03,5601728.63
2013-07-04,5694786.9
2013-07-05,5654131.77
2013-07-06,5347345.81
2013-07-07,4796044.43
2013-07-08,5618113.98
2013-07-09,5599519.01
2013-07-10,5536558.15
2013-07-11,5515308.45
2013-07-12,5614091.77
2013-07-13,5333411.25
2013-07-14,4825518.71
2013-07-15,5652507.48
2013-07-16,5725458.78
2013-07-17,5733933.31
2013-07-18,5741131.86
2013-07-19,5673720.39
2013-07-20,4973276.44
2013-07-21,4756690.39
2013-07-22,5631465.86
2013-07-23,5721645.9
2013-07-24,5806613.21
2013-07-25,5831012.85
2013-07-26,5728383.33
2013-07-27,5352857.28
2013-07-28,4864629.61
2013-07-29,5607731.92
2013-07-30,5684006.26
2013-07-31,5713988.22
2013-08-01,5759645.64
2013-08-02,5767761.13
2013-08-03,5481828.91
2013-08-04,4933261.77
2013-08-05,5801468.29
2013-08-06,5901822.88
2013-08-07,5241104.98
2013-08-08,5742151.19
2013-08-09,5750897.23
2013-08-10,5377352.99
2013-08-11,4781925.83
2013-08-12,5518297.08
2013-08-13,5639564.07
2013-08-14,5759796.84
2013-08-15,5855843.1
2013-08-16,5827195.88
2013-08-17,5504239.33
2013-08-18,4875207.05
2013-08-19,4975662.95
2013-08-20,5741224.42
2013-08-21,5830299.1
2013-08-22,5859733.18
2013-08-23,5850007.8
2013-08-24,5441434.85
2013-08-25,4887991.81
2013-08-26,5637571.33
2013-08-27,5604861.57
2013-08-28,5705023.57
2013-08-29,5654292.31
2013-08-30,5589126.93
2013-08-31,5373767.56
2013-09-01,4784797.48
2013-09-02,5656611.47
2013-09-03,5682568.28
2013-09-04,5727887.2
2013-09-05,5813767.07
2013-09-06,5759912.51
2013-09-07,5450638.73
2013-09-08,4928362.74
2013-09-09,5737055.97
2013-09-10,5799074.93
2013-09-11,5703773.62
2013-09-12,5741943.41
2013-09-13,5822842.84
2013-09-14,5523484.26
2013-09-15,5014723.5
2013-09-16,5813437.48
2013-09-17,5894954.56
2013-09-18,5818340.32
2013-09-19,5748118.11
2013-09-20,5885579.41
2013-09-21,5617034.33
2013-09-22,5043376.43
2013-09-23,5907658.22
2013-09-24,5985530.11
2013-09-25,6010776.76
2013-09-26,5849423.8
2013-09-27,5836664.3
2013-09-28,5369017.64
2013-09-29,4799589.8
2013-09-30,5550537.77
2013-10-01,5623138.64
2013-10-02,5711438.66
2013-10-03,5847808.38
2013-10-04,5651027.35
2013-10-05,5441731.72
2013-10-06,4930218.79
2013-10-07,5710009.27
2013-10-08,5772998.82
2013-10-09,5819778.54
2013-10-10,5869236.51
2013-10-11,5780982.68
2013-10-12,5474036.2
2013-10-13,4801613.37
2013-10-14,4887934.52
2013-10-15,5633503.04
2013-10-16,5587547.09
2013-10-17,5603658.71
2013-10-18,5772014.8
2013-10-19,5481885.38
2013-10-20,4927171.82
2013-10-21,5681446.33
2013-10-22,5678021.33
2013-10-23,5787414.85
2013-10-24,5785319.86
2013-10-25,5841772.17
2013-10-26,5532537.95
2013-10-27,5007306.42
2013-10-28,5817337.86
2013-10-29,5905513.44
2013-10-30,5856799.78
2013-10-31,5722585.16
2013-11-01,5714754.05
2013-11-02,5430823.01
2013-11-03,4806174.1
2013-11-04,4913925.22
2013-11-05,5668198.83
2013-11-06,5713336.92
2013-11-07,5677510.9
2013-11-08,5739380.9
2013-11-09,5504133.23
2013-11-10,4910047.44
2013-11-11,5088761.36
2013-11-12,5891100.68
2013-11-13,5914216.21
2013-11-14,5937781.54
2013-11-15,5968739.63
2013-11-16,5689896.1
2013-11-17,5138327.49
2013-11-18,5858605.94
2013-11-19,5909928.11
2013-11-20,5823359.83
2013-11-21,5906948.88
2013-11-22,5898974.12
2013-11-23,5613425.93
2013-11-24,4995355.58
2013-11-25,5748152.58
2013-11-26,5857660.55
2013-11-27,5831502.18
2013-11-28,5857922.53
2013-11-29,5827174.76
2013-11-30,5441364.44
2013-12-01,4115522.44
2013-12-02,4799845.41
2013-12-03,4864741.97
2013-12-04,4909631.04
2013-12-05,5021140.43
2013-12-06,5025271.96
2013-12-07,4710693.28
2013-12-08,4202687.01
2013-12-09,4897527.5
2013-12-10,5002620.54
2013-12-11,5048619.18
2013-12-12,5066296.49
2013-12-13,5029982.24
2013-12-14,4740382.51
2013-12-15,4331440.09
2013-12-16,5018540.82
2013-12-17,5060437.87
2013-12-18,5043315.26
2013-12-19,5044855.45
2013-12-20,4964234.82
2013-12-21,4676463.79
2013-12-22,4280509.29
2013-12-23,4725007.99
2013-12-24,4362543.09
2013-12-25,3769069.36
2013-12-26,4585473.86
2013-12-27,4746354.15
2013-12-28,4589011.82
2013-12-29,4265804.79
2013-12-30,4647536.04
2013-12-31,4310728.39
2014-01-01,3626735.02
2014-01-02,4288058.86
2014-01-03,4536003.53
2014-01-04,4392903.41
2014-01-05,4010559.49
2014-01-06,4059518.2
2014-01-07,4580890.87
2014-01-08,4670230.97
2014-01-09,4692148.79
2014-01-10,4707343.83
2014-01-11,4492272.04
2014-01-12,4050135.7
2014-01-13,4743739.27
2014-01-14,4878662.09
2014-01-15,4924741.39
2014-01-16,4918154.75
2014-01-17,4934637.81
2014-01-18,4687532.73
2014-01-19,4198019.45
2014-01-20,4911633.15
2014-01-21,4997092.06
2014-01-22,5000311.47
2014-01-23,4981820.77
2014-01-24,5015413.3
2014-01-25,4743606.13
2014-01-26,4208757.3
2014-01-27,4952185.25
2014-01-28,5058403.31
2014-01-29,5094008.63
2014-01-30,4996640.93
2014-01-31,4956065.86
2014-02-01,4752584.06
2014-02-02,4273950.5
2014-02-03,4980725.63
2014-02-04,5066108.06
2014-02-05,5031591.43
2014-02-06,5026660.39
2014-02-07,5088010.97
2014-02-08,4813143.85
2014-02-09,4341473.84
2014-02-10,5065257.16
2014-02-11,5131419.49
2014-02-12,5168329.95
2014-02-13,5149486.7
2014-02-14,5132023.31
2014-02-15,4893576.21
2014-02-16,4361420.46
2014-02-17,5087331.47
2014-02-18,5106993.46
2014-02-19,5113656.1
2014-02-20,5134506.32
2014-02-21,5116633.89
2014-02-22,4847421.02
2014-02-23,4362408.34
2014-02-24,5055828.35
2014-02-25,5110515.82
2014-02-26,5123796.51
2014-02-27,5123551.33
2014-02-28,5072178.9
2014-03-01,4673832.09
2014-03-02,4137723.28
2014-03-03,4803525.42
2014-03-04,4914734.51
2014-03-05,5022014.65
2014-03-06,5029266.15
2014-03-07,5058465.58
2014-03-08,4760857.27
2014-03-09,4148807.62
2014-03-10,4880531.02
2014-03-11,4995339.1
2014-03-12,4968703.66
2014-03-13,4963081.65
2014-03-14,4976464.83
2014-03-15,4659900.64
2014-03-16,4172150.83
2014-03-17,4947774.67
2014-03-18,5025604.01
2014-03-19,5045845.54
2014-03-20,5093584.19
2014-03-21,5111668.55
2014-03-22,4849995.21
2014-03-23,4262166.21
2014-03-24,4333804.49
2014-03-25,4927316.78
2014-03-26,5023398.46
2014-03-27,5033547.34
2014-03-28,5075335.51
2014-03-29,4839150.15
2014-03-30,4285989.31
2014-03-31,4931835.22
2014-04-01,4998705.22
2014-04-02,5038270.84
2014-04-03,5035371.85
2014-04-04,5058649.47
2014-04-05,4791100.02
2014-04-06,4309616.27
2014-04-07,4993496.17
2014-04-08,5079420.49
2014-04-09,5060083.93
2014-04-10,5077263.92
2014-04-11,5144018.82
2014-04-12,4859705.79
2014-04-13,4382508.02
2014-04-14,5003087.23
2014-04-15,4950697.29
2014-04-16,4801836.77
2014-04-17,4109779.89
2014-04-18,3874741.88
2014-04-19,4256147.87
2014-04-20,4147858.85
2014-04-21,4957311.83
2014-04-22,5010425.2
2014-04-23,5047093.97
2014-04-24,4941907.98
2014-04-25,5071599.45
2014-04-26,4754659.51
2014-04-27,4309350.67
2014-04-28,5059126.99
2014-04-29,5114816.43
2014-04-30,5068020.47
2014-05-01,4414077.15
2014-05-02,4926221.07
2014-05-03,4745363.8
2014-05-04,4258292.25
2014-05-05,4922848.31
2014-05-06,5032405.5
2014-05-07,4971390.84
2014-05-08,5031420.41
2014-05-09,4990461.68
2014-05-10,4728236.55
2014-05-11,4164164.0
2014-05-12,4965885.56
2014-05-13,5077701.23
2014-05-14,5099488.85
2014-05-15,5015494.62
2014-05-16,5023310.98
2014-05-17,4770029.98
2014-05-18,4269984.46
2014-05-19,4951371.01
2014-05-20,4993839.05
2014-05-21,4972202.88
2014-05-22,5029583.39
2014-05-23,5038068.93
2014-05-24,4771484.35
2014-05-25,4291466.75
2014-05-26,4973227.25
2014-05-27,5015363.95
2014-05-28,5018555.19
2014-05-29,5005048.25
2014-05-30,5018814.26
2014-05-31,4788914.85
2014-06-01,4207548.97
2014-06-02,4275553.76
2014-06-03,4960959.82
2014-06-04,5060007.48
2014-06-05,5107081.51
2014-06-06,5131423.37
2014-06-07,4792683.06
2014-06-08,4277640.83
2014-06-09,5019520.73
2014-06-10,5053187.41
2014-06-11,5067402.63
2014-06-12,5151724.92
2014-06-13,5144962.32
2014-06-14,4715408.04
2014-06-15,4231592.84
2014-06-16,5011580.82
2014-06-17,5096285.0
2014-06-18,5104500.57
2014-06-19,5060741.21
2014-06-20,5045247.52
2014-06-21,4780417.11
2014-06-22,4238672.9
2014-06-23,4360074.63
2014-06-24,4931186.16
2014-06-25,4883471.57
2014-06-26,4910698.07
2014-06-27,4910467.94
2014-06-28,4599707.75
2014-06-29,4163794.84
2014-06-30,4239098.1
2014-07-01,4837927.38
2014-07-02,4914554.06
2014-07-03,5028597.14
2014-07-04,4853845.01
2014-07-05,4702673.88
2014-07-06,4212298.01
2014-07-07,4902325.37
2014-07-08,5011696.99
2014-07-09,5039333.94
2014-07-10,4979553.41
2014-07-11,5016400.36
2014-07-12,4796856.53
2014-07-13,4327329.23
2014-07-14,4967885.71
2014-07-15,5008350.66
2014-07-16,5029991.21
2014-07-17,5081635.43
2014-07-18,5108159.71
2014-07-19,4846599.43
2014-07-20,4307806.95
2014-07-21,4960582.66
2014-07-22,5143133.35
2014-07-23,5174916.09
2014-07-24,5172483.78
2014-07-25,5166934.57
2014-07-26,4836996.52
2014-07-27,4223189.43
2014-07-28,5019717.05
2014-07-29,5079529.28
2014-07-30,5030904.82
2014-07-31,5072823.19
2014-08-01,5098849.33
2014-08-02,4733182.58
2014-08-03,4191355.38
2014-08-04,4942075.4
2014-08-05,5049499.67
2014-08-06,5052623.2
2014-08-07,4465806.93
2014-08-08,4999639.15
2014-08-09,4737098.11
2014-08-10,4235909.43
2014-08-11,4997725.6
2014-08-12,5070024.82
2014-08-13,5058750.39
2014-08-14,5069179.08
2014-08-15,5172685.45
2014-08-16,4936315.07
2014-08-17,4271582.24
2014-08-18,4350500.17
2014-08-19,5009293.22
2014-08-20,5090948.22
2014-08-21,5120401.78
2014-08-22,5141215.7
2014-08-23,4809019.39
2014-08-24,4319245.29
2014-08-25,5023961.92
2014-08-26,5010832.87
2014-08-27,5024586.44
2014-08-28,4971444.33
2014-08-29,5058325.71
2014-08-30,4865667.44
2014-08-31,4396973.01
2014-09-01,5199212.23
2014-09-02,5224074.7
2014-09-03,5134270.92
2014-09-04,5144427.42
2014-09-05,5257864.64
2014-09-06,4924793.5
2014-09-07,4395982.56
2014-09-08,5134855.59
2014-09-09,5274977.59
2014-09-10,5286699.78
2014-09-11,5222218.04
2014-09-12,5156341.1
2014-09-13,4877852.85
2014-09-14,4367002.38
2014-09-15,5002306.88
2014-09-16,5114471.61
2014-09-17,5062421.41
2014-09-18,5090155.86
2014-09-19,5133980.18
2014-09-20,4844101.08
2014-09-21,4266109.16
2014-09-22,4956701.83
2014-09-23,5048612.62
2014-09-24,5167897.99
2014-09-25,5183851.81
2014-09-26,5123523.53
2014-09-27,4867149.53
2014-09-28,4356390.04
2014-09-29,5134279.56
2014-09-30,5288386.44
2014-10-01,5189240.24
2014-10-02,5239583.57
2014-10-03,5289383.11
2014-10-04,4991046.39
2014-10-05,4389008.01
2014-10-06,5089603.8
2014-10-07,5174255.08
2014-10-08,5118817.32
2014-10-09,4992032.89
2014-10-10,5032543.43
2014-10-11,4768533.83
2014-10-12,4167166.5
2014-10-13,4295728.91
2014-10-14,5024224.83
2014-10-15,5112842.83
2014-10-16,5192925.32
2014-10-17,5197547.57
2014-10-18,4852449.35
2014-10-19,4312314.64
2014-10-20,4962538.79
2014-10-21,5120311.87
2014-10-22,5166817.87
2014-10-23,5166195.49
2014-10-24,5178624.85
2014-10-25,4868900.93
2014-10-26,4278662.64
2014-10-27,4961986.17
2014-10-28,5127944.93
2014-10-29,5184540.82
2014-10-30,5144706.14
2014-10-31,4973872.05
2014-11-01,4798587.7
2014-11-02,4326924.1
2014-11-03,4464553.67
2014-11-04,5143036.64
2014-11-05,5198886.38
2014-11-06,5221116.09
2014-11-07,5226013.2
2014-11-08,4973723.04
2014-11-09,4458081.42
2014-11-10,5070007.2
2014-11-11,5066133.47
2014-11-12,5059245.59
2014-11-13,5034896.58
2014-11-14,5070789.94
2014-11-15,4841021.55
2014-11-16,4290625.03
2014-11-17,4476212.18
2014-11-18,5199673.68
2014-11-19,5162126.47
2014-11-20,5199806.38
2014-11-21,5241477.14
2014-11-22,4945820.93
2014-11-23,4478897.81
2014-11-24,5235604.52
2014-11-25,5286104.89
2014-11-26,5237883.74
2014-11-27,5228916.02
2014-11-28,5270904.66
2014-11-29,5021011.33
2014-11-30,4497020.22
2014-12-01,5498592.02
2014-12-02,5596279.71
2014-12-03,5606290.42
2014-12-04,5587457.27
2014-12-05,5520413.86
2014-12-06,5218490.33
2014-12-07,4697372.27
2014-12-08,4723947.64
2014-12-09,5410059.24
2014-12-10,5451851.62
2014-12-11,5416316.2
2014-12-12,5486907.18
2014-12-13,5149314.25
2014-12-14,4615418.27
2014-12-15,5368218.43
2014-12-16,5488318.51
2014-12-17,5539001.97
2014-12-18,5532359.4
2014-12-19,5500719.43
2014-12-20,5217200.85
2014-12-21,4776939.23
2014-12-22,5352837.47
2014-12-23,5347653.02
2014-12-24,4975411.85
2014-12-25,4276349.9
2014-12-26,5085050.85
2014-12-27,5050112.74
2014-12-28,4718802.78
2014-12-29,5196378.69
2014-12-30,5175780.73
2014-12-31,4740331.12
2015-01-01,4118811.01
2015-01-02,4775397.47
2015-01-03,4789892.32
2015-01-04,4505897.98
2015-01-05,5147088.88
2015-01-06,5245591.71
2015-01-07,5296492.25
2015-01-08,5308760.79
2015-01-09,5342164.0
2015-01-10,5109675.36
2015-01-11,4626618.43
2015-01-12,4721372.91
2015-01-13,5395594.72
2015-01-14,5495438.27
2015-01-15,5487374.41
2015-01-16,5542179.46
2015-01-17,5214224.32
2015-01-18,4668887.46
2015-01-19,5440818.67
2015-01-20,5503438.91
2015-01-21,5491489.48
2015-01-22,5447651.22
2015-01-23,5474178.72
2015-01-24,5215673.32
2015-01-25,4723935.19
2015-01-26,5520985.5
2015-01-27,5624448.16
2015-01-28,5597486.54
2015-01-29,5611850.02
2015-01-30,5619185.38
2015-01-31,5257574.42
2015-02-01,4790634.21
2015-02-02,5592885.77
2015-02-03,5672075.56
2015-02-04,5759287.97
2015-02-05,5801204.69
2015-02-06,5770903.68
2015-02-07,5402859.2
2015-02-08,4787686.99
2015-02-09,5551550.33
2015-02-10,5666920.95
2015-02-11,5672313.94
2015-02-12,5683401.66
2015-02-13,5784708.65
2015-02-14,5449736.19
2015-02-15,4871230.4
2015-02-16,5679679.53
2015-02-17,5773351.37
2015-02-18,5856832.4
2015-02-19,5828638.55
2015-02-20,5814484.55
2015-02-21,5522481.07
2015-02-22,4984616.06
2015-02-23,5750484.94
2015-02-24,5841705.75
2015-02-25,5826993.11
2015-02-26,5800308.54
2015-02-27,5837039.97
2015-02-28,5524168.22
2015-03-01,4794474.21
2015-03-02,5534494.62
2015-03-03,5655008.46
2015-03-04,5679423.83
2015-03-05,5700470.65
2015-03-06,5656876.94
2015-03-07,5320918.15
2015-03-08,4767936.06
2015-03-09,5614829.57
2015-03-10,5707928.35
2015-03-11,5777527.71
2015-03-12,5776860.81
2015-03-13,5737231.71
2015-03-14,5392508.22
2015-03-15,4809971.13
2015-03-16,5544590.2
2015-03-17,5590134.72
2015-03-18,5489552.22
2015-03-19,5448480.91
2015-03-20,5440301.0
2015-03-21,5194323.42
2015-03-22,4660765.81
2015-03-23,4799675.08
2015-03-24,5544268.72
2015-03-25,5597725.78
2015-03-26,5656558.75
2015-03-27,5742796.4
2015-03-28,5462354.2
2015-03-29,4794414.74
2015-03-30,5403137.44
2015-03-31,5471041.04
2015-04-01,5406949.78
2015-04-02,4606485.65
2015-04-03,4297127.45
2015-04-04,4712261.84
2015-04-05,4610367.02
2015-04-06,5514165.85
2015-04-07,5624375.59
2015-04-08,5612150.85
2015-04-09,5659312.71
2015-04-10,5762487.04
2015-04-11,5395884.76
2015-04-12,4824913.77
2015-04-13,5601075.44
2015-04-14,5687985.61
2015-04-15,5673373.66
2015-04-16,5589896.68
2015-04-17,5518492.39
2015-04-18,5270773.22
2015-04-19,4665094.82
2015-04-20,5474488.75
2015-04-21,5544646.39
2015-04-22,5665400.13
2015-04-23,5677140.75
2015-04-24,5734485.52
2015-04-25,5410850.53
2015-04-26,4868457.38
2015-04-27,5719623.78
2015-04-28,5798683.37
2015-04-29,5787607.89
2015-04-30,5697122.47
2015-05-01,4826324.44
2015-05-02,5027046.99
2015-05-03,4700993.34
2015-05-04,5508370.62
2015-05-05,5694377.51
2015-05-06,5717208.41
2015-05-07,5737209.19
2015-05-08,5740339.98
2015-05-09,5447281.84
2015-05-10,4838859.9
2015-05-11,5736570.44
2015-05-12,5876256.59
2015-05-13,5851131.93
2015-05-14,5776204.23
2015-05-15,5662226.97
2015-05-16,5344401.85
2015-05-17,4681679.42
2015-05-18,4820568.94
2015-05-19,5551767.7
2015-05-20,5669842.04
2015-05-21,5656769.88
2015-05-22,5613031.97
2015-05-23,5382677.3
2015-05-24,4863803.29
2015-05-25,5506780.12
2015-05-26,5645402.38
2015-05-27,5638730.19
2015-05-28,5548377.08
2015-05-29,5485504.58
2015-05-30,5185121.54
2015-05-31,4683265.97
2015-06-01,5527466.24
2015-06-02,5582442.11
2015-06-03,5648897.36
2015-06-04,5728223.59
2015-06-05,5666121.15
2015-06-06,5393365.49
2015-06-07,4741378.64
2015-06-08,4760728.63
2015-06-09,5482641.37
2015-06-10,5594509.81
2015-06-11,5643320.81
2015-06-12,5722360.48
2015-06-13,5417981.08
2015-06-14,4832386.15
2015-06-15,4885897.81
2015-06-16,5683526.8
2015-06-17,5774497.93
2015-06-18,5811908.69
2015-06-19,5819948.2
2015-06-20,5488719.55
2015-06-21,4877572.21
2015-06-22,5619513.04
2015-06-23,5720846.36
2015-06-24,5769465.06
2015-06-25,5779029.31
2015-06-26,5749429.74
2015-06-27,5387976.95
2015-06-28,4763376.48
2015-06-29,4859631.03
2015-06-30,5560171.98
2015-07-01,5639999.74
2015-07-02,5644488.44
2015-07-03,5690101.87
2015-07-04,5429681.71
2015-07-05,4845155.54
2015-07-06,5560719.75
2015-07-07,5583546.14
2015-07-08,5618390.5
2015-07-09,5695817.67
2015-07-10,5711242.25
2015-07-11,5375343.24
2015-07-12,4853882.29
2015-07-13,5654441.23
2015-07-14,5732623.65
2015-07-15,5639559.51
2015-07-16,5645864.23
2015-07-17,5666553.59
2015-07-18,5298841.76
2015-07-19,4692392.66
2015-07-20,4758215.91
2015-07-21,5523811.78
2015-07-22,5627233.88
2015-07-23,5595820.59
2015-07-24,5650633.79
2015-07-25,5392660.83
2015-07-26,4872471.47
2015-07-27,5643813.57
2015-07-28,5717365.85
2015-07-29,5730652.21
2015-07-30,5670089.94
2015-07-31,5661045.34
2015-08-01,5353811.37
2015-08-02,4852396.28
2015-08-03,5636858.76
2015-08-04,5717609.66
2015-08-05,5793171.42
2015-08-06,5782651.14
2015-08-07,5158375.35
2015-08-08,5189384.41
2015-08-09,4642766.27
2015-08-10,5527694.76
2015-08-11,5608246.83
2015-08-12,5766941.27
2015-08-13,5718421.92
2015-08-14,5736374.91
2015-08-15,5402017.57
2015-08-16,4770061.58
2015-08-17,4883827.69
2015-08-18,5594948.02
2015-08-19,5779164.95
2015-08-20,5812510.05
2015-08-21,5795108.38
2015-08-22,5488675.7
2015-08-23,4929033.61
2015-08-24,5676064.1
2015-08-25,5752962.11
2015-08-26,5701515.43
2015-08-27,5768484.64
2015-08-28,5813949.72
2015-08-29,5562713.04
2015-08-30,4954006.74
2015-08-31,5722404.12
2015-09-01,5758817.2
2015-09-02,5826213.91
2015-09-03,5814530.44
2015-09-04,5889553.4
2015-09-05,5613624.11
2015-09-06,4939900.72
2015-09-07,5766649.06
2015-09-08,5917374.05
2015-09-09,5885632.16
2015-09-10,5820848.23
2015-09-11,5621328.69
2015-09-12,5389273.46
2015-09-13,4920863.01
2015-09-14,5799321.4
2015-09-15,5911171.96
2015-09-16,5937214.42
2015-09-17,5813413.29
2015-09-18,5754724.16
2015-09-19,5432674.79
2015-09-20,4861236.77
2015-09-21,5717871.42
2015-09-22,5888294.58
2015-09-23,5875614.84
2015-09-24,5820967.51
2015-09-25,5898889.23
2015-09-26,5556851.09
2015-09-27,5033212.72
2015-09-28,5855660.17
2015-09-29,5900300.67
2015-09-30,5726782.77
2015-10-01,5625287.83
2015-10-02,5663816.11
2015-10-03,5437534.85
2015-10-04,4886346.22
2015-10-05,5791912.6
2015-10-06,5901983.25
2015-10-07,5859041.23
2015-10-08,5860473.31
2015-10-09,5857995.59
2015-10-10,5481364.08
2015-10-11,4774245.48
2015-10-12,4871952.96
2015-10-13,5680503.68
2015-10-14,5620234.9
2015-10-15,5656478.51
2015-10-16,5712001.28
2015-10-17,5488837.33
2015-10-18,4952164.75
2015-10-19,5724182.48
2015-10-20,5836234.36
2015-10-21,5819412.32
2015-10-22,5891113.26
2015-10-23,5841161.51
2015-10-24,5360936.13
2015-10-25,4658589.69
2015-10-26,5479763.75
2015-10-27,5640224.76
2015-10-28,5748493.44
2015-10-29,5769203.58
2015-10-30,5746453.46
2015-10-31,5379780.01
2015-11-01,4908913.2
2015-11-02,4897614.91
2015-11-03,5677897.01
2015-11-04,5768365.38
2015-11-05,5738921.89
2015-11-06,5845047.19
2015-11-07,5551177.62
2015-11-08,4977473.54
2015-11-09,5728459.9
2015-11-10,5823633.68
2015-11-11,5836637.09
2015-11-12,5916944.61
2015-11-13,5905940.0
2015-11-14,5586777.02
2015-11-15,4975994.25
2015-11-16,5031282.07
2015-11-17,5666863.79
2015-11-18,5698337.83
2015-11-19,5770741.87
2015-11-20,5837580.22
2015-11-21,5549801.72
2015-11-22,5019361.38
2015-11-23,5797722.95
2015-11-24,5879772.34
2015-11-25,5945606.75
2015-11-26,5988901.78
2015-11-27,5965760.66
2015-11-28,5552117.41
2015-11-29,5034782.85
2015-11-30,5875117.56
2015-12-01,5588754.24
2015-12-02,5646130.77
2015-12-03,5654932.53
2015-12-04,5599970.25
2015-12-05,5351824.36
2015-12-06,4879727.72
2015-12-07,5420210.65
2015-12-08,4933093.7
2015-12-09,5654352.73
2015-12-10,5670333.43
2015-12-11,5719318.8
2015-12-12,5366470.41
2015-12-13,4911492.22
2015-12-14,5545911.64
2015-12-15,5557742.19
2015-12-16,5613117.13
2015-12-17,5589548.52
2015-12-18,5602713.15
2015-12-19,5280306.61
2015-12-20,4888266.91
2015-12-21,5497639.34
2015-12-22,5544944.94
2015-12-23,5513803.8
2015-12-24,5053099.17
2015-12-25,4341087.3
2015-12-26,4857483.19
2015-12-27,4700027.83
2015-12-28,5262184.22
2015-12-29,5329578.54
2015-12-30,5315300.6
2015-12-31,4854842.15
2016-01-01,4136962.34
2016-01-02,4464199.74
2016-01-03,4418767.92
2016-01-04,5074632.52
2016-01-05,5254557.55
2016-01-06,5302352.31
2016-01-07,5324068.42
2016-01-08,5388574.53
2016-01-09,5133406.18
2016-01-10,4586190.17
2016-01-11,4650640.31
2016-01-12,5327518.17
2016-01-13,5440546.84
2016-01-14,5489867.81
2016-01-15,5539247.6
2016-01-16,5215415.27
2016-01-17,4727447.36
2016-01-18,5448965.16
2016-01-19,5536040.96
2016-01-20,5564800.61
2016-01-21,5580694.47
2016-01-22,5663632.31
2016-01-23,5322390.49
2016-01-24,4767010.26
2016-01-25,5465637.33
2016-01-26,5552240.45
2016-01-27,5618959.04
2016-01-28,5659252.18
2016-01-29,5659823.27
2016-01-30,5316839.22
2016-01-31,4747915.32
2016-02-01,5617145.88
2016-02-02,5745288.49
2016-02-03,5782938.19
2016-02-04,5747756.49
2016-02-05,5661894.53
2016-02-06,5372006.6
2016-02-07,4861534.0
2016-02-08,5580356.84
2016-02-09,5689044.02
2016-02-10,5681583.92
2016-02-11,5714683.17
2016-02-12,5723871.04
2016-02-13,5402064.76
2016-02-14,4840676.37
2016-02-15,5666427.78
2016-02-16,5793716.67
2016-02-17,5799886.19
2016-02-18,5823477.31
2016-02-19,5773015.95
2016-02-20,5480017.36
2016-02-21,4839663.05
2016-02-22,5598921.17
2016-02-23,5757077.69
2016-02-24,5799408.73
2016-02-25,5739219.36
2016-02-26,5713105.65
2016-02-27,5417313.42
2016-02-28,4906174.79
2016-02-29,5669342.85
2016-03-01,5747806.92
2016-03-02,5688736.92
2016-03-03,5775049.65
2016-03-04,5757614.22
2016-03-05,5494046.01
2016-03-06,4923334.23
2016-03-07,5609767.2
2016-03-08,5620236.37
2016-03-09,5560895.71
2016-03-10,5602659.46
2016-03-11,5585478.74
2016-03-12,5314626.36
2016-03-13,4749320.11
2016-03-14,5550913.85
2016-03-15,5561319.99
2016-03-16,5594579.95
2016-03-17,5582454.66
2016-03-18,5606745.99
2016-03-19,5338118.65
2016-03-20,4805416.08
2016-03-21,4848896.26
2016-03-22,5436372.38
2016-03-23,5416219.12
2016-03-24,4683650.21
2016-03-25,4528019.3
2016-03-26,4960298.26
2016-03-27,4657814.94
2016-03-28,5448874.61
2016-03-29,5563651.34
2016-03-30,5588758.13
2016-03-31,5606393.37
2016-04-01,5628482.6
2016-04-02,5378450.18
2016-04-03,4810049.1
2016-04-04,5663554.18
2016-04-05,5719566.66
2016-04-06,5731571.22
2016-04-07,5735110.77
2016-04-08,5765504.12
2016-04-09,5415105.08
2016-04-10,4880256.5
2016-04-11,5738578.94
2016-04-12,5746143.72
2016-04-13,5707054.03
2016-04-14,5717081.72
2016-04-15,5764055.44
2016-04-16,5517693.71
2016-04-17,4855985.55
2016-04-18,5700129.9
2016-04-19,5817596.5
2016-04-20,5774795.87
2016-04-21,5790574.33
2016-04-22,5826633.04
2016-04-23,5504146.08
2016-04-24,4806113.49
2016-04-25,5554657.44
2016-04-26,5720098.13
2016-04-27,5693217.17
2016-04-28,5634255.58
2016-04-29,5650201.79
2016-04-30,5331970.2
2016-05-01,4600462.94
2016-05-02,5329996.21
2016-05-03,5429848.65
2016-05-04,5571203.02
2016-05-05,5663915.75
2016-05-06,5646317.63
2016-05-07,5272610.29
2016-05-08,4566877.69
2016-05-09,4649680.64
2016-05-10,5285368.56
2016-05-11,5522055.75
2016-05-12,5681984.61
2016-05-13,5746980.14
2016-05-14,5462305.9
2016-05-15,4934906.14
2016-05-16,5682364.27
2016-05-17,5770225.08
2016-05-18,5754832.91
2016-05-19,5815416.46
2016-05-20,5882803.98
2016-05-21,5572881.97
2016-05-22,5007056.71
2016-05-23,5767181.27
2016-05-24,5831913.06
2016-05-25,5767097.13
2016-05-26,5626836.75
2016-05-27,5647943.61
2016-05-28,5379213.25
2016-05-29,4681644.6
2016-05-30,4859179.61
2016-05-31,5418249.67
2016-06-01,5604576.6
2016-06-02,5654505.28
2016-06-03,5655216.1
2016-06-04,5439174.88
2016-06-05,4911435.1
2016-06-06,4967597.22
2016-06-07,5609438.88
2016-06-08,5681069.41
2016-06-09,5714166.72
2016-06-10,5685432.25
2016-06-11,5453264.45
2016-06-12,4959551.44
2016-06-13,5633127.13
2016-06-14,5594056.95
2016-06-15,5615036.82
2016-06-16,5732881.93
2016-06-17,5781042.16
2016-06-18,5478390.4
2016-06-19,4799175.89
2016-06-20,5529587.01
2016-06-21,5595256.78
2016-06-22,5735966.65
2016-06-23,5747844.99
2016-06-24,5676608.98
2016-06-25,5345149.02
2016-06-26,4760235.22
2016-06-27,5679186.43
2016-06-28,5821246.49
2016-06-29,5855055.84
2016-06-30,5826588.0
2016-07-01,5673732.32
2016-07-02,5348913.36
2016-07-03,4730828.0
2016-07-04,4790773.25
2016-07-05,5600731.54
2016-07-06,5645346.87
2016-07-07,5713614.58
2016-07-08,5788725.57
2016-07-09,5514941.64
2016-07-10,4913387.77
2016-07-11,5641334.1
2016-07-12,5653170.88
2016-07-13,5652531.03
2016-07-14,5633521.58
2016-07-15,5564407.61
2016-07-16,5167283.77
2016-07-17,4670488.26
2016-07-18,5425589.94
2016-07-19,5580166.87
2016-07-20,5040162.29
2016-07-21,5573226.23
2016-07-22,5598913.8
2016-07-23,5374162.92
2016-07-24,4819431.9
2016-07-25,5541654.91
2016-07-26,5791939.52
2016-07-27,5770340.22
2016-07-28,5706921.73
2016-07-29,5755877.21
2016-07-30,5498282.92
2016-07-31,4960582.51
2016-08-01,5573472.23
2016-08-02,5639061.94
2016-08-03,5628315.0
2016-08-04,5560010.92
2016-08-05,5617840.31
2016-08-06,5477047.97
2016-08-07,4972990.72
2016-08-08,5721598.99
2016-08-09,5818087.63
2016-08-10,5737541.96
2016-08-11,5756166.35
2016-08-12,5737068.55
2016-08-13,5484681.45
2016-08-14,4844238.34
2016-08-15,4914014.47
2016-08-16,5691924.71
2016-08-17,5794054.98
2016-08-18,5794333.09
2016-08-19,5779033.33
2016-08-20,5523497.85
2016-08-21,4923180.4
2016-08-22,5701297.24
2016-08-23,5813633.62
2016-08-24,5829629.43
2016-08-25,5798388.53
2016-08-26,5583502.08
2016-08-27,5351972.28
2016-08-28,4818109.5
2016-08-29,5692587.76
2016-08-30,5711384.53
2016-08-31,5623051.94
2016-09-01,5686584.46
2016-09-02,5688849.57
2016-09-03,5487663.69
2016-09-04,4967274.34
2016-09-05,5681848.66
2016-09-06,5822065.14
2016-09-07,5735195.83
2016-09-08,5803140.1
2016-09-09,5886570.56
2016-09-10,5566031.93
2016-09-11,4968710.91
2016-09-12,5676045.7
2016-09-13,5790884.84
2016-09-14,5783208.87
2016-09-15,5769487.95
2016-09-16,5838279.82
2016-09-17,5625945.37
2016-09-18,5051266.64
2016-09-19,5804139.12
2016-09-20,5958484.54
2016-09-21,5836366.4
2016-09-22,5826205.46
2016-09-23,5858745.76
2016-09-24,5615096.98
2016-09-25,5035606.88
2016-09-26,5858960.5
2016-09-27,5967257.04
2016-09-28,6023605.15
2016-09-29,6028410.69
2016-09-30,5917188.41
2016-10-01,5291306.14
2016-10-02,4596333.58
2016-10-03,5572766.58
2016-10-04,5832958.57
2016-10-05,5807581.01
2016-10-06,5875205.56
2016-10-07,5795131.2
2016-10-08,5487240.1
2016-10-09,4896334.34
2016-10-10,5736604.23
2016-10-11,5855074.79
2016-10-12,5744519.48
2016-10-13,5814597.36
2016-10-14,5788430.73
2016-10-15,5577927.44
2016-10-16,4854931.26
2016-10-17,4997177.76
2016-10-18,5695090.76
2016-10-19,5878281.8
2016-10-20,5939430.85
2016-10-21,5960956.58
2016-10-22,5677028.96
2016-10-23,4989213.59
2016-10-24,5762092.54
2016-10-25,5768718.04
2016-10-26,5721418.89
2016-10-27,5786353.48
2016-10-28,5787667.22
2016-10-29,5395891.24
2016-10-30,4896574.55
2016-10-31,5658651.87
2016-11-01,5785273.29
2016-11-02,5740792.56
2016-11-03,5861856.14
2016-11-04,5896442.57
2016-11-05,5567878.01
2016-11-06,4953182.03
2016-11-07,5004020.67
2016-11-08,5775795.6
2016-11-09,6015664.92
2016-11-10,6064506.72
2016-11-11,5912967.23
2016-11-12,5586879.2
2016-11-13,5021566.55
2016-11-14,5096579.03
2016-11-15,5746725.49
2016-11-16,5865726.28
2016-11-17,5921280.32
2016-11-18,5934022.66
2016-11-19,5598415.22
2016-11-20,4891540.74
2016-11-21,5805822.1
2016-11-22,5925446.83
2016-11-23,5963264.65
2016-11-24,6033490.59
2016-11-25,5968241.23
2016-11-26,5628916.17
2016-11-27,4998184.72
2016-11-28,5795522.53
2016-11-29,5825658.47
2016-11-30,5906012.55
2016-12-01,5022712.14
2016-12-02,4973692.3
2016-12-03,4652185.59
2016-12-04,4262203.16
2016-12-05,4940318.43
2016-12-06,5051811.35
2016-12-07,5015333.07
2016-12-08,4468592.62
2016-12-09,4950563.33
2016-12-10,4755211.83
2016-12-11,4333162.52
2016-12-12,5034494.63
2016-12-13,5088666.91
2016-12-14,5161998.8
2016-12-15,5175572.88
2016-12-16,5114796.57
2016-12-17,4778509.8
2016-12-18,4376283.12
2016-12-19,5006966.46
2016-12-20,5016627.75
2016-12-21,4930992.36
2016-12-22,4921086.25
2016-12-23,4848734.72
2016-12-24,4365182.45
2016-12-25,3894122.15
2016-12-26,4664233.19
2016-12-27,4781298.26
2016-12-28,4815757.55
2016-12-29,4806094.43
2016-12-30,4654916.53
2016-12-31,4208547.46
2017-01-01,3739636.64
2017-01-02,4391697.18
2017-01-03,4689004.33
2017-01-04,4754075.29
2017-01-05,4760633.25
2017-01-06,4795182.19
2017-01-07,4603325.27
2017-01-08,4142302.54
2017-01-09,4139732.62
2017-01-10,4742835.01
2017-01-11,4834586.07
2017-01-12,4877618.25
2017-01-13,4890758.8
2017-01-14,4628402.08
2017-01-15,4143301.68
2017-01-16,4822688.68
2017-01-17,4918197.52
2017-01-18,4867729.14
2017-01-19,4913655.83
2017-01-20,4973719.79
2017-01-21,4687086.23
2017-01-22,4168131.59
2017-01-23,4848044.36
2017-01-24,4950174.45
2017-01-25,4991847.32
2017-01-26,5034416.92
2017-01-27,5069284.72
2017-01-28,4785993.53
2017-01-29,4368032.63
2017-01-30,5007096.0
2017-01-31,5038547.08
2017-02-01,5137336.09
2017-02-02,5186579.38
2017-02-03,5191188.62
2017-02-04,4960867.8
2017-02-05,4493140.89
2017-02-06,5187033.53
2017-02-07,5289487.65
2017-02-08,5337454.26
2017-02-09,5336941.95
2017-02-10,5245233.45
2017-02-11,4905743.35
2017-02-12,4439084.95
2017-02-13,5136297.67
2017-02-14,5165295.47
2017-02-15,5192049.76
2017-02-16,5255497.22
2017-02-17,5192517.29
2017-02-18,4933697.99
2017-02-19,4480593.04
2017-02-20,5173283.63
2017-02-21,5217404.28
2017-02-22,5183718.78
2017-02-23,5195591.56
2017-02-24,5218000.81
2017-02-25,4932780.01
2017-02-26,4396866.96
2017-02-27,5015488.2
2017-02-28,5088487.09
2017-03-01,5080077.97
2017-03-02,5137534.0
2017-03-03,5157454.3
2017-03-04,4817690.06
2017-03-05,4368699.49
2017-03-06,5062540.35
2017-03-07,5077350.13
2017-03-08,4991796.35
2017-03-09,5057275.72
2017-03-10,5074203.61
2017-03-11,4836127.94
2017-03-12,4246060.57
2017-03-13,4941618.37
2017-03-14,5027035.11
2017-03-15,5003011.5
2017-03-16,5060986.31
2017-03-17,5106684.05
2017-03-18,4839958.59
2017-03-19,4264609.3
2017-03-20,4347565.25
2017-03-21,5045669.71
2017-03-22,5088148.2
2017-03-23,5026363.0
2017-03-24,4982441.36
2017-03-25,4815308.44
2017-03-26,4274918.83
2017-03-27,4977058.38
2017-03-28,5111747.91
2017-03-29,5068647.3
2017-03-30,5033281.97
2017-03-31,4990371.3
2017-04-01,4756758.25
2017-04-02,4376689.11
2017-04-03,5114082.31
2017-04-04,5197897.13
2017-04-05,5257655.48
2017-04-06,5291482.27
2017-04-07,5297179.43
2017-04-08,5007905.52
2017-04-09,4462780.57
2017-04-10,4996407.81
2017-04-11,5056221.88
2017-04-12,4953961.26
2017-04-13,4303479.07
2017-04-14,4012423.42
2017-04-15,4371308.02
2017-04-16,4309028.7
2017-04-17,4994368.03
2017-04-18,5193442.83
2017-04-19,5106082.75
2017-04-20,5020097.02
2017-04-21,5089129.0
2017-04-22,4981488.67
2017-04-23,4542998.67
2017-04-24,5146202.3
2017-04-25,5207728.44
2017-04-26,5152601.67
2017-04-27,5240241.13
2017-04-28,5283205.02
2017-04-29,5007559.08
2017-04-30,4385582.64
2017-05-01,4463088.72
2017-05-02,5128992.44
2017-05-03,5218411.66
2017-05-04,5330797.92
2017-05-05,5285542.93
2017-05-06,4938719.79
2017-05-07,4410680.41
2017-05-08,5063988.73
2017-05-09,5116567.63
2017-05-10,5117783.96
2017-05-11,5114432.48
2017-05-12,5076417.62
2017-05-13,4912030.42
2017-05-14,4387325.14
2017-05-15,5122627.23
2017-05-16,5170051.14
2017-05-17,5221123.5
2017-05-18,5306320.52
2017-05-19,5386752.73
2017-05-20,5065911.68
2017-05-21,4535490.36
2017-05-22,5165246.42
2017-05-23,5267138.06
2017-05-24,5328652.6
2017-05-25,5404238.25
2017-05-26,5337571.1
2017-05-27,5005048.53
2017-05-28,4459025.27
2017-05-29,4474306.72
2017-05-30,5196103.62
2017-05-31,5274695.06
2017-06-01,5299636.47
2017-06-02,5386453.7
2017-06-03,5181362.85
2017-06-04,4625706.62
2017-06-05,5285415.46
2017-06-06,5401379.56
2017-06-07,5353770.64
2017-06-08,5216148.28
2017-06-09,5263243.7
2017-06-10,5109494.93
2017-06-11,4591176.06
2017-06-12,5128378.92
2017-06-13,5177167.93
2017-06-14,5233143.17
2017-06-15,5175921.31
2017-06-16,5249373.2
2017-06-17,4946137.06
2017-06-18,4346784.31
2017-06-19,4445144.36
2017-06-20,5162255.2
2017-06-21,5139750.27
2017-06-22,5230154.79
2017-06-23,5255976.77
2017-06-24,5040251.76
2017-06-25,4469776.58
2017-06-26,4473911.97
2017-06-27,5174810.02
2017-06-28,5270922.84
2017-06-29,5310830.98
2017-06-30,5279974.24
2017-07-01,5038024.33
2017-07-02,4499115.16
2017-07-03,4411764.23
2017-07-04,5186140.89
2017-07-05,5279652.56
2017-07-06,5273020.99
2017-07-07,5367459.93
2017-07-08,5127042.39
2017-07-09,4597781.52
2017-07-10,5306741.98
2017-07-11,5287028.66
2017-07-12,5190206.29
2017-07-13,5336679.03
2017-07-14,5319987.81
2017-07-15,5009445.83
2017-07-16,4448931.93
2017-07-17,5235501.74
2017-07-18,5357055.48
2017-07-19,5296745.05
2017-07-20,4673059.73
2017-07-21,5192346.85
2017-07-22,5060636.15
2017-07-23,4559786.64
2017-07-24,5358340.05
2017-07-25,5404229.1
2017-07-26,5391051.44
2017-07-27,5439943.92
2017-07-28,5408085.16
2017-07-29,5111998.46
2017-07-30,4481471.0
2017-07-31,5066178.95
2017-08-01,5262357.32
2017-08-02,5403497.69
2017-08-03,5517869.73
2017-08-04,5414063.32
2017-08-05,5040756.73
2017-08-06,4610474.11
2017-08-07,4758997.03
2017-08-08,5475795.51
2017-08-09,5413014.82
2017-08-10,5412701.42
2017-08-11,5425544.75
2017-08-12,5115609.91
2017-08-13,4653951.64
2017-08-14,5463760.9
2017-08-15,5557068.44
2017-08-16,5460502.52
2017-08-17,5569151.74
2017-08-18,5564351.1
2017-08-19,5159645.87
2017-08-20,4546332.86
2017-08-21,4626721.43
2017-08-22,5379310.7
2017-08-23,5424340.64
2017-08-24,5401950.9
2017-08-25,5422160.47
2017-08-26,5177274.75
2017-08-27,4671581.99
2017-08-28,5324080.87
2017-08-29,5370605.53
2017-08-30,5369380.22
2017-08-31,5422387.45
2017-09-01,5605245.35
2017-09-02,5356039.99
2017-09-03,4756324.5
2017-09-04,5554900.49
2017-09-05,5649065.39
2017-09-06,5631577.5
2017-09-07,5539800.22
2017-09-08,5446077.09
2017-09-09,5077668.1
2017-09-10,4600652.15
2017-09-11,5421257.02
2017-09-12,5550240.43
2017-09-13,5539315.3
2017-09-14,5557272.82
2017-09-15,5573773.12
2017-09-16,5318703.05
2017-09-17,4629544.65
2017-09-18,5437028.75
2017-09-19,5586077.37
2017-09-20,5657945.94
2017-09-21,5663221.64
2017-09-22,5643222.72
2017-09-23,5275548.65
2017-09-24,4767492.11
2017-09-25,5469609.39
2017-09-26,5529565.36
2017-09-27,5627649.4
2017-09-28,5568530.83
2017-09-29,5496679.58
2017-09-30,5134870.97
2017-10-01,4401746.27
2017-10-02,5093098.09
2017-10-03,5192333.26
2017-10-04,5127739.55
2017-10-05,5101683.95
2017-10-06,5094852.77
2017-10-07,4949945.76
2017-10-08,4545541.64
2017-10-09,5188196.06
2017-10-10,5272327.14
2017-10-11,5240948.92
2017-10-12,5332313.31
2017-10-13,5367501.49
2017-10-14,5036438.11
2017-10-15,4497134.19
2017-10-16,4692540.32
2017-10-17,5420960.4
2017-10-18,5483170.18
2017-10-19,5438967.19
2017-10-20,5461057.99
2017-10-21,5167781.8
2017-10-22,4553868.43
2017-10-23,5160842.26
2017-10-24,5172260.94
2017-10-25,5147597.9
2017-10-26,5185306.19
2017-10-27,5171290.33
2017-10-28,4865726.15
2017-10-29,4308500.8
2017-10-30,5018005.39
2017-10-31,5085818.65
2017-11-01,5264086.64
2017-11-02,5364744.27
2017-11-03,5366223.86
2017-11-04,5072700.1
2017-11-05,4493333.35
2017-11-06,4570891.62
2017-11-07,5276598.3
2017-11-08,5328315.55
2017-11-09,5326907.0
2017-11-10,5338618.72
2017-11-11,5064222.43
2017-11-12,4557960.48
2017-11-13,4692704.58
2017-11-14,5237671.07
2017-11-15,5226490.22
2017-11-16,5297246.33
2017-11-17,5300735.13
2017-11-18,4978857.2
2017-11-19,4500865.87
2017-11-20,5226479.93
2017-11-21,5347102.41
2017-11-22,5375811.97
2017-11-23,5409463.83
2017-11-24,5366223.25
2017-11-25,5100437.46
2017-11-26,4624519.04
2017-11-27,5410815.6
2017-11-28,5474332.03
2017-11-29,5502667.59
2017-11-30,5497756.54
2017-12-01,5124096.61
2017-12-02,4873740.15
2017-12-03,4423201.73
2017-12-04,5093757.56
2017-12-05,5198912.74
2017-12-06,5209522.96
2017-12-07,5158149.09
2017-12-08,4589224.08
2017-12-09,4747662.41
2017-12-10,4419729.09
2017-12-11,5043844.13
2017-12-12,5088844.1
2017-12-13,5037950.66
2017-12-14,5097931.38
2017-12-15,5123162.35
2017-12-16,4838385.89
2017-12-17,4406858.01
2017-12-18,5049086.45
2017-12-19,5142334.65
2017-12-20,5134380.68
2017-12-21,5148077.98
2017-12-22,5076921.8
2017-12-23,4778051.4
2017-12-24,4294913.52
2017-12-25,3953726.0
2017-12-26,4747791.83
2017-12-27,4849073.73
2017-12-28,4847026.27
2017-12-29,4766765.61
2017-12-30,4462098.5
2017-12-31,4102212.79
2018-01-01,3658732.95
2018-01-02,4271035.36
2018-01-03,4545890.42
2018-01-04,4660288.9
2018-01-05,4730260.91
2018-01-06,4527939.11
2018-01-07,4135189.1
2018-01-08,4227854.13
2018-01-09,4752699.41
2018-01-10,4804870.86
2018-01-11,4926942.63
2018-01-12,4936301.85
2018-01-13,4678189.11
2018-01-14,4279451.77
2018-01-15,4903699.11
2018-01-16,4955953.51
2018-01-17,4957943.55
2018-01-18,4938938.88
2018-01-19,4997306.75
2018-01-20,4775733.48
2018-01-21,4333417.19
2018-01-22,5010244.32
2018-01-23,5080383.01
2018-01-24,5057140.86
2018-01-25,5104450.21
2018-01-26,5108563.86
2018-01-27,4861214.65
2018-01-28,4371181.74
2018-01-29,5080616.99
2018-01-30,5148730.29
2018-01-31,5158807.95
2018-02-01,5352040.81
2018-02-02,5320252.12
2018-02-03,5018303.64
2018-02-04,4523367.51
2018-02-05,5162426.44
2018-02-06,5262309.48
2018-02-07,5297411.93
2018-02-08,5334513.82
2018-02-09,5328344.65
2018-02-10,5028495.22
2018-02-11,4561993.12
2018-02-12,5157980.21
2018-02-13,5186075.45
2018-02-14,5228441.41
2018-02-15,5235637.38
2018-02-16,5301545.38
2018-02-17,5046870.52
2018-02-18,4528648.91
2018-02-19,5190438.19
2018-02-20,5264611.08
2018-02-21,5287288.3
2018-02-22,5242271.83
2018-02-23,5220696.32
2018-02-24,4935792.39
2018-02-25,4483775.49
2018-02-26,5159496.07
2018-02-27,5232596.41
2018-02-28,5198656.16
2018-03-01,4960210.14
2018-03-02,4977683.37
2018-03-03,4740218.51
2018-03-04,4267328.43
2018-03-05,4854268.32
2018-03-06,4922733.9
2018-03-07,5039795.34
2018-03-08,5065636.93
2018-03-09,5108946.37
2018-03-10,4896606.63
2018-03-11,4397695.26
2018-03-12,5124895.18
2018-03-13,5222099.56
2018-03-14,5235581.67
2018-03-15,5197415.12
2018-03-16,5194012.66
2018-03-17,4938386.02
2018-03-18,4420455.73
2018-03-19,4471482.18
2018-03-20,5036944.18
2018-03-21,5101476.7
2018-03-22,5129218.77
2018-03-23,5130998.35
2018-03-24,4792685.47
2018-03-25,4401516.12
2018-03-26,5000206.5
2018-03-27,5017632.35
2018-03-28,4858966.89
2018-03-29,4192135.41
2018-03-30,3914282.87
2018-03-31,4215919.25
2018-04-01,4192808.71
2018-04-02,4965667.21
2018-04-03,5050785.45
2018-04-04,5110930.74
2018-04-05,5105644.05
2018-04-06,5041417.05
2018-04-07,4877057.2
2018-04-08,4438818.26
2018-04-09,5126486.21
2018-04-10,5140945.64
2018-04-11,5095935.65
2018-04-12,5125207.7
2018-04-13,5167969.48
2018-04-14,4933055.85
2018-04-15,4446596.41
2018-04-16,5165469.67
2018-04-17,5153131.48
2018-04-18,5222558.4
2018-04-19,5212145.34
2018-04-20,5145333.97
2018-04-21,4948015.51
2018-04-22,4464748.2
2018-04-23,5186048.94
2018-04-24,5257893.07
2018-04-25,5268012.47
2018-04-26,5287338.63
2018-04-27,5163327.52
2018-04-28,4950890.58
2018-04-29,4417965.04
2018-04-30,5045081.48
2018-05-01,4592167.05
2018-05-02,5196188.56
2018-05-03,5276876.14
2018-05-04,5168933.66
2018-05-05,4949546.46
2018-05-06,4475583.42
2018-05-07,5107799.26
2018-05-08,5078191.04
2018-05-09,5109826.88
2018-05-10,5176193.32
2018-05-11,5200615.42
2018-05-12,4993589.97
2018-05-13,4336964.87
2018-05-14,4382237.63
2018-05-15,5061909.46
2018-05-16,5230683.45
2018-05-17,5288940.96
2018-05-18,5236622.66
2018-05-19,4946471.05
2018-05-20,4468789.72
2018-05-21,5055623.54
2018-05-22,5187222.65
2018-05-23,5208160.5
2018-05-24,5206556.19
2018-05-25,5271661.59
2018-05-26,4977061.99
2018-05-27,4410521.38
2018-05-28,5082749.62
2018-05-29,5230621.37
2018-05-30,5267471.15
2018-05-31,5306470.68
2018-06-01,5195828.8
2018-06-02,4923405.68
2018-06-03,4446762.38
2018-06-04,4567588.37
2018-06-05,5202462.24
2018-06-06,5303997.05
2018-06-07,5341650.95
2018-06-08,5391368.61
2018-06-09,5100190.57
2018-06-10,4491094.72
2018-06-11,4498237.93
2018-06-12,5174594.76
2018-06-13,5307972.71
2018-06-14,5257395.81
2018-06-15,5239805.03
2018-06-16,5029245.89
2018-06-17,4548698.26
2018-06-18,5184377.52
2018-06-19,5197483.33
2018-06-20,5177944.13
2018-06-21,5177379.37
2018-06-22,5253451.33
2018-06-23,5004372.69
2018-06-24,4490842.97
2018-06-25,5130176.13
2018-06-26,5244175.34
2018-06-27,5222402.29
2018-06-28,5195755.63
2018-06-29,5164991.31
2018-06-30,4887942.71
2018-07-01,4363218.43
2018-07-02,4428379.57
2018-07-03,4997741.57
2018-07-04,5179313.41
2018-07-05,5274460.2
2018-07-06,5308429.68
2018-07-07,5058708.68
2018-07-08,4585405.16
2018-07-09,5278021.64
2018-07-10,5356256.65
2018-07-11,5349383.26
2018-07-12,5411674.59
2018-07-13,5448669.27
2018-07-14,5165890.09
2018-07-15,4680683.96
2018-07-16,5278054.21
2018-07-17,5349020.88
2018-07-18,5363592.16
2018-07-19,5405619.28
2018-07-20,4920919.96
2018-07-21,5009627.34
2018-07-22,4571787.87
2018-07-23,5260299.69
2018-07-24,5272843.78
2018-07-25,5315284.81
2018-07-26,5364054.26
2018-07-27,5290770.16
2018-07-28,5091477.27
2018-07-29,4599304.92
2018-07-30,5238392.57
2018-07-31,5152532.72
2018-08-01,5267770.46
2018-08-02,5353290.71
2018-08-03,5346578.67
2018-08-04,5083656.01
2018-08-05,4549459.73
2018-08-06,5190030.82
2018-08-07,4871089.65
2018-08-08,5443757.12
2018-08-09,5502935.65
2018-08-10,5481244.58
2018-08-11,5244129.14
2018-08-12,4777505.76
2018-08-13,5446715.41
2018-08-14,5372643.08
2018-08-15,5197537.11
2018-08-16,5377054.06
2018-08-17,5472035.87
2018-08-18,5201546.76
2018-08-19,4566329.65
2018-08-20,4732209.01
2018-08-21,5426804.43
2018-08-22,5487494.27
2018-08-23,5454313.93
2018-08-24,5441466.27
2018-08-25,5240257.13
2018-08-26,4656074.29
2018-08-27,5344189.05
2018-08-28,5466376.28
2018-08-29,5478310.55
2018-08-30,5447932.1
2018-08-31,5499694.41
2018-09-01,5359886.99
2018-09-02,4823676.8
2018-09-03,5538814.57
2018-09-04,5539811.02
2018-09-05,5504597.86
2018-09-06,5449513.0
2018-09-07,5470886.08
2018-09-08,5269033.62
2018-09-09,4787993.25
2018-09-10,5518470.04
2018-09-11,5591216.31
2018-09-12,5613730.75
2018-09-13,5580290.91
2018-09-14,5517808.45
2018-09-15,5198299.23
2018-09-16,4569027.33
2018-09-17,5355770.87
2018-09-18,5582657.86
2018-09-19,5600459.71
2018-09-20,5622678.53
2018-09-21,5706392.52
2018-09-22,5346589.3
2018-09-23,4832465.26
2018-09-24,5475205.37
2018-09-25,5581438.04
2018-09-26,5549624.65
2018-09-27,5489309.87
2018-09-28,5490945.89
2018-09-29,5278260.1
2018-09-30,4772066.68
2018-10-01,5193843.65
2018-10-02,5254264.35
2018-10-03,5219787.81
2018-10-04,5191480.83
2018-10-05,5194561.36
2018-10-06,4871848.67
2018-10-07,4462065.26
2018-10-08,5151455.08
2018-10-09,5151538.01
2018-10-10,5152739.98
2018-10-11,5098608.62
2018-10-12,5135539.72
2018-10-13,4923900.68
2018-10-14,4425398.96
2018-10-15,4553814.47
2018-10-16,5191627.63
2018-10-17,5295711.68
2018-10-18,5326717.55
2018-10-19,5267965.71
2018-10-20,5034654.42
2018-10-21,4496912.41
2018-10-22,5087175.62
2018-10-23,5165710.47
2018-10-24,5188934.74
2018-10-25,5294438.28
2018-10-26,5307990.32
2018-10-27,5089024.32
2018-10-28,4602031.59
2018-10-29,5226969.5
2018-10-30,5314293.6
2018-10-31,5295660.08
2018-11-01,5341359.44
2018-11-02,5230630.69
2018-11-03,4958562.43
2018-11-04,4451034.76
2018-11-05,4484231.18
2018-11-06,5145484.37
2018-11-07,5264611.24
2018-11-08,5355644.89
2018-11-09,5291941.9
2018-11-10,5075350.59
2018-11-11,4579124.48
2018-11-12,4671597.74
2018-11-13,5274886.41
2018-11-14,5287032.81
2018-11-15,5358568.24
2018-11-16,5410621.67
2018-11-17,5182454.07
2018-11-18,4690562.72
2018-11-19,5289561.26
2018-11-20,5367678.24
2018-11-21,5350295.68
2018-11-22,5378258.52
2018-11-23,5381588.59
2018-11-24,5136757.17
2018-11-25,4634759.51
2018-11-26,5330169.89
2018-11-27,5341816.6
2018-11-28,5288950.71
2018-11-29,5317908.2
2018-11-30,5327611.82
2018-12-01,5026246.82
2018-12-02,4562627.14
2018-12-03,5267154.14
2018-12-04,5321435.55
2018-12-05,5284418.0
2018-12-06,5271178.1
2018-12-07,5232434.36
2018-12-08,4758415.22
2018-12-09,4624101.25
2018-12-10,5307194.69
2018-12-11,5403372.91
2018-12-12,5394073.02
2018-12-13,5410883.63
2018-12-14,5362454.09
2018-12-15,5053012.68
2018-12-16,4627198.14
2018-12-17,5230736.28
2018-12-18,5328062.07
2018-12-19,5315172.23
2018-12-20,5292655.49
2018-12-21,5231944.22
2018-12-22,4938530.45
2018-12-23,4554121.56
2018-12-24,4614977.92
2018-12-25,4101507.08
2018-12-26,4900725.07
2018-12-27,5053983.72
2018-12-28,5049232.29
2018-12-29,4826434.28
2018-12-30,4452442.42
2018-12-31,4428139.09
2019-01-01,3808311.36
2019-01-02,4525254.19
2019-01-03,4796685.73
2019-01-04,4903556.29
2019-01-05,4747249.15
2019-01-06,4338250.23
2019-01-07,4341955.29
2019-01-08,4894034.91
2019-01-09,4870444.57
2019-01-10,4872424.89
2019-01-11,4910557.03
2019-01-12,4752107.2
2019-01-13,4347401.46
2019-01-14,4920973.48
2019-01-15,5014176.01
2019-01-16,5042623.33
2019-01-17,5125334.33
2019-01-18,5134847.04
2019-01-19,4909939.81
2019-01-20,4416314.0
2019-01-21,5040135.19
2019-01-22,5101012.02
2019-01-23,5153176.34
2019-01-24,5236535.28
2019-01-25,5280307.96
2019-01-26,5008303.76
2019-01-27,4543481.43
2019-01-28,5147409.65
2019-01-29,5192729.82
2019-01-30,5195394.38
2019-01-31,5198472.4
2019-02-01,5363525.83
2019-02-02,5114485.05
2019-02-03,4627324.74
2019-02-04,5360137.14
2019-02-05,5453086.11
2019-02-06,5470589.35
2019-02-07,5482144.84
2019-02-08,5408191.21
2019-02-09,5125296.61
2019-02-10,4626556.55
2019-02-11,5356231.27
2019-02-12,5432071.12
2019-02-13,5489322.18
2019-02-14,5509883.46
2019-02-15,5545885.26
2019-02-16,5276911.86
2019-02-17,4744153.79
2019-02-18,5371038.77
2019-02-19,5352597.66
2019-02-20,5317746.84
2019-02-21,5364687.54
2019-02-22,5422469.58
2019-02-23,5182531.54
2019-02-24,4627068.92
2019-02-25,5274085.43
2019-02-26,5350438.21
2019-02-27,5385341.86
2019-02-28,5397728.98
2019-03-01,5231833.89
2019-03-02,4927403.9
2019-03-03,4447771.22
2019-03-04,5131402.47
2019-03-05,5190657.85
2019-03-06,5267359.32
2019-03-07,5231471.87
2019-03-08,5237067.95
2019-03-09,5029848.28
2019-03-10,4505741.52
2019-03-11,5076004.02
2019-03-12,5141953.58
2019-03-13,5174869.92
2019-03-14,5206498.51
2019-03-15,5244960.57
2019-03-16,4984252.17
2019-03-17,4490247.03
2019-03-18,5123106.71
2019-03-19,5116687.94
2019-03-20,5199189.13
2019-03-21,5190137.9
2019-03-22,5167705.45
2019-03-23,4914517.52
2019-03-24,4458110.41
2019-03-25,4557073.84
2019-03-26,5194794.02
2019-03-27,5243733.43
2019-03-28,5284340.4
2019-03-29,5163804.59
2019-03-30,4961733.64
2019-03-31,4539343.15
2019-04-01,5170892.41
2019-04-02,5219397.55
2019-04-03,5249116.38
2019-04-04,5326475.27
2019-04-05,5352440.39
2019-04-06,5089276.55
2019-04-07,4621743.18
2019-04-08,5308380.51
2019-04-09,5403264.87
2019-04-10,5372542.21
2019-04-11,5375639.39
2019-04-12,5429007.68
2019-04-13,5196277.29
2019-04-14,4776892.07
2019-04-15,5255987.23
2019-04-16,5302591.52
2019-04-17,5204031.04
2019-04-18,4500632.11
2019-04-19,4300177.41
2019-04-20,4540031.73
2019-04-21,4460681.01
2019-04-22,5118747.81
2019-04-23,5285933.83
2019-04-24,5308379.69
2019-04-25,5356380.88
2019-04-26,5409707.23
2019-04-27,5177667.11
2019-04-28,4732624.14
2019-04-29,5387938.93
2019-04-30,5443375.39
2019-05-01,4962994.88
2019-05-02,5479267.19
2019-05-03,5530986.47
2019-05-04,5276935.94
2019-05-05,4749404.52
2019-05-06,5499309.94
2019-05-07,5571237.84
2019-05-08,5432227.51
2019-05-09,5308899.27
2019-05-10,5245461.38
2019-05-11,5044485.72
2019-05-12,4563904.13
2019-05-13,5325797.14
2019-05-14,5405727.03
2019-05-15,5362324.75
2019-05-16,5413286.44
2019-05-17,5443018.28
2019-05-18,5146593.04
2019-05-19,4608724.82
2019-05-20,5251730.68
2019-05-21,5337462.11
2019-05-22,5389271.52
2019-05-23,5298030.55
2019-05-24,5327446.79
2019-05-25,5039131.44
2019-05-26,4519801.62
2019-05-27,5179773.76
2019-05-28,5220064.46
2019-05-29,5276355.36
2019-05-30,5235817.65
2019-05-31,5237772.69
2019-06-01,4966873.7
2019-06-02,4532060.58
2019-06-03,4665437.57
2019-06-04,5365295.75
2019-06-05,5448337.27
2019-06-06,5351082.78
2019-06-07,5250772.03
2019-06-08,5103447.15
2019-06-09,4744498.29
2019-06-10,5325008.8
2019-06-11,5366910.05
2019-06-12,5382022.22
2019-06-13,5456822.31
2019-06-14,5492701.15
2019-06-15,5236273.29
2019-06-16,4654637.67
2019-06-17,5430190.82
2019-06-18,5584164.76
2019-06-19,5573080.31
2019-06-20,5547678.88
2019-06-21,5555518.08
2019-06-22,5277440.36
2019-06-23,4741514.34
2019-06-24,4685592.42
2019-06-25,5229231.27
2019-06-26,5426598.31
2019-06-27,5539347.7
2019-06-28,5515182.51
2019-06-29,5195372.94
2019-06-30,4649192.52
2019-07-01,4721839.0
2019-07-02,5318268.66
2019-07-03,5463367.54
2019-07-04,5476050.1
2019-07-05,5515665.36
2019-07-06,5290074.18
2019-07-07,4801446.77
2019-07-08,5364029.43
2019-07-09,5359900.26
2019-07-10,5481155.88
2019-07-11,5494893.04
2019-07-12,5533892.78
2019-07-13,5254416.31
2019-07-14,4758754.06
2019-07-15,5345347.79
2019-07-16,5451066.41
2019-07-17,5508016.71
2019-07-18,5596745.06
2019-07-19,5593618.29
2019-07-20,5084168.05
2019-07-21,4825469.09
2019-07-22,5540495.29
2019-07-23,5439244.25
2019-07-24,5484392.18
2019-07-25,5494717.05
2019-07-26,5481345.85
2019-07-27,5259505.72
2019-07-28,4821861.96
2019-07-29,5503997.08
2019-07-30,5572476.87
2019-07-31,5607600.13
2019-08-01,5478861.21
2019-08-02,5549211.67
2019-08-03,5239734.65
2019-08-04,4705159.59
2019-08-05,5401176.85
2019-08-06,5484973.67
2019-08-07,5014279.0
2019-08-08,5511158.13
2019-08-09,5595867.57
2019-08-10,5365320.01
2019-08-11,4877211.09
2019-08-12,5592741.81
2019-08-13,5668418.58
2019-08-14,5552251.1
2019-08-15,5479430.68
2019-08-16,5327930.22
2019-08-17,5098182.65
2019-08-18,4684548.59
2019-08-19,4822221.52
2019-08-20,5410501.05
2019-08-21,5557014.93
2019-08-22,5633776.64
2019-08-23,5646933.9
2019-08-24,5322864.34
2019-08-25,4792569.2
2019-08-26,5587064.44
2019-08-27,5685482.04
2019-08-28,5569336.16
2019-08-29,5591316.5
2019-08-30,5666422.5
2019-08-31,5390253.28
2019-09-01,4944678.88
2019-09-02,5576036.51
2019-09-03,5651070.35
2019-09-04,5784303.96
2019-09-05,5817620.99
2019-09-06,5761918.99
2019-09-07,5569910.49
2019-09-08,4995408.26
2019-09-09,5781448.5
2019-09-10,5925879.94
2019-09-11,5953948.5
2019-09-12,5878341.19
2019-09-13,5881531.92
2019-09-14,5581773.61
2019-09-15,5056247.25
2019-09-16,5724938.99
2019-09-17,5723351.97
2019-09-18,5637529.72
2019-09-19,5476275.6
2019-09-20,5498550.52
2019-09-21,5179173.42
2019-09-22,4795193.3
2019-09-23,5487968.13
2019-09-24,5564842.97
2019-09-25,5638811.46
2019-09-26,5578231.46
2019-09-27,5657141.33
2019-09-28,5462690.96
2019-09-29,4853428.48
2019-09-30,5500733.86
2019-10-01,5336216.72
2019-10-02,5385966.67
2019-10-03,5332063.24
2019-10-04,5387910.93
2019-10-05,5192273.96
2019-10-06,4644784.93
2019-10-07,5355884.25
2019-10-08,5432594.63
2019-10-09,5379197.17
2019-10-10,5392489.17
2019-10-11,5349261.16
2019-10-12,5091462.8
2019-10-13,4627769.13
2019-10-14,4711589.39
2019-10-15,5386199.54
2019-10-16,5424668.94
2019-10-17,5396424.49
2019-10-18,5401048.5
2019-10-19,5120559.6
2019-10-20,4647001.96
2019-10-21,5281675.45
2019-10-22,5311320.82
2019-10-23,5342780.15
2019-10-24,5345914.42
2019-10-25,5407455.62
2019-10-26,5219380.05
2019-10-27,4658291.11
2019-10-28,5438000.29
2019-10-29,5561702.16
2019-10-30,5548758.28
2019-10-31,5471867.57
2019-11-01,5480307.5
2019-11-02,5187960.8
2019-11-03,4729795.04
2019-11-04,4844524.71
2019-11-05,5404451.09
2019-11-06,5487611.63
2019-11-07,5503142.06
2019-11-08,5610349.52
2019-11-09,5287714.61
2019-11-10,4785622.65
2019-11-11,4834001.79
2019-11-12,5396477.66
2019-11-13,5368095.06
2019-11-14,5420085.92
2019-11-15,5457200.83
2019-11-16,5216342.78
2019-11-17,4804991.49
2019-11-18,5435081.95
2019-11-19,5477621.88
2019-11-20,5474786.09
2019-11-21,5296654.76
2019-11-22,5333162.76
2019-11-23,5125336.9
2019-11-24,4754219.03
2019-11-25,5500934.06
2019-11-26,5645996.59
2019-11-27,5683466.39
2019-11-28,5730596.89
2019-11-29,5610567.69
2019-11-30,5307369.57
2019-12-01,3775407.02
2019-12-02,4300568.05
2019-12-03,4387478.1
2019-12-04,4364618.28
2019-12-05,4401824.17
2019-12-06,4408552.51
2019-12-07,4112824.17
2019-12-08,3696684.55
2019-12-09,4269864.96
2019-12-10,4354021.27
2019-12-11,4347168.91
2019-12-12,4321775.47
2019-12-13,4271920.05
2019-12-14,4067537.29
2019-12-15,3760506.39
2019-12-16,4286598.06
2019-12-17,4315345.93
2019-12-18,4323593.55
2019-12-19,4345023.82
2019-12-20,4327695.8
2019-12-21,4089020.14
2019-12-22,3818781.9
2019-12-23,4182771.17
2019-12-24,3933815.38
2019-12-25,3505403.49
2019-12-26,4095017.97
2019-12-27,4122960.72
2019-12-28,4013072.93
2019-12-29,3744586.87
2019-12-30,3976047.73
2019-12-31,3646398.66
2020-01-01,3222065.54
2020-01-02,3760163.86
2020-01-03,3976037.56
2020-01-04,3897363.53
2020-01-05,3585906.59
2020-01-06,3612121.75
2020-01-07,4050318.07
2020-01-08,4155511.2
2020-01-09,4153310.61
2020-01-10,4162609.87
2020-01-11,4010353.46
2020-01-12,3695497.77
2020-01-13,4186808.19
2020-01-14,4251847.73
2020-01-15,4281075.38
2020-01-16,4326173.48
2020-01-17,4341891.2
2020-01-18,4159660.32
2020-01-19,3787294.67
2020-01-20,4301311.91
2020-01-21,4311443.8
2020-01-22,4246136.03
2020-01-23,4242831.2
2020-01-24,4308136.57
2020-01-25,4126548.56
2020-01-26,3770732.87
2020-01-27,4284125.44
2020-01-28,4330474.34
2020-01-29,4348252.26
2020-01-30,4390878.17
2020-01-31,4394574.24
2020-02-01,4318816.87
2020-02-02,3910719.96
2020-02-03,4463658.33
2020-02-04,4490213.72
2020-02-05,4488000.79
2020-02-06,4514666.96
2020-02-07,4531405.15
2020-02-08,4323117.85
2020-02-09,3882734.87
2020-02-10,4420022.02
2020-02-11,4497084.08
2020-02-12,4526354.8
2020-02-13,4552634.24
2020-02-14,4544719.03
2020-02-15,4329017.73
2020-02-16,3920648.04
2020-02-17,4478821.88
2020-02-18,4559745.14
2020-02-19,4595829.63
2020-02-20,4573142.49
2020-02-21,4540254.35
2020-02-22,4222364.58
2020-02-23,3802436.13
2020-02-24,4303996.41
2020-02-25,4397617.21
2020-02-26,4412371.25
2020-02-27,4416192.95
2020-02-28,4454405.16
2020-02-29,4267216.04
2020-03-01,4009729.71
2020-03-02,4585333.47
2020-03-03,4665847.65
2020-03-04,4703193.16
2020-03-05,4739136.63
2020-03-06,4749151.95
2020-03-07,4475074.09
2020-03-08,3998516.0
2020-03-09,4564708.87
2020-03-10,4656388.11
2020-03-11,4604116.68
2020-03-12,4627887.06
2020-03-13,4602366.96
2020-03-14,4363592.71
2020-03-15,3984207.87
2020-03-16,4532341.32
2020-03-17,4503291.3
2020-03-18,4491737.26
2020-03-19,4512231.96
2020-03-20,4206558.58
2020-03-21,3856332.08
2020-03-22,3667017.64
2020-03-23,3748715.28
2020-03-24,3927567.28
2020-03-25,3843749.85
2020-03-26,3867389.71
2020-03-27,3864830.58
2020-03-28,3782046.31
2020-03-29,3617689.97
2020-03-30,3813682.64
2020-03-31,3799072.2
2020-04-01,4291957.76
2020-04-02,4338851.03
2020-04-03,4419054.65
2020-04-04,4330298.5
2020-04-05,4182327.39
2020-04-06,4431366.93
2020-04-07,4390103.28
2020-04-08,4427356.56
2020-04-09,4149330.55
2020-04-10,4029738.63
2020-04-11,4087904.82
2020-04-12,4038862.47
2020-04-13,4359901.6
2020-04-14,4395705.13
2020-04-15,4380619.47
2020-04-16,4397153.2
2020-04-17,4448555.8
2020-04-18,4278395.15
2020-04-19,4004652.02
2020-04-20,4404605.85
2020-04-21,4418191.29
2020-04-22,4432090.9
2020-04-23,4440913.96
2020-04-24,4471295.59
2020-04-25,4373121.57
2020-04-26,4145793.34
2020-04-27,4551848.47
2020-04-28,4555963.18
2020-04-29,4594730.77
2020-04-30,4605401.52
2020-05-01,4069524.42
2020-05-02,4132624.17
2020-05-03,3922333.28
2020-05-04,4348089.82
2020-05-05,4451942.46
2020-05-06,4492031.23
2020-05-07,4483883.7
2020-05-08,4475154.49
2020-05-09,4327009.39
2020-05-10,4038244.03
2020-05-11,4511454.7
2020-05-12,4516406.94
2020-05-13,4417442.75
2020-05-14,4479246.31
2020-05-15,4494508.79
2020-05-16,4382812.8
2020-05-17,4003631.15
2020-05-18,4456775.06
2020-05-19,4441711.07
2020-05-20,4545509.81
2020-05-21,4629158.38
2020-05-22,4576930.21
2020-05-23,4408750.14
2020-05-24,4075248.5
2020-05-25,4183028.99
2020-05-26,4605785.42
2020-05-27,4495109.25
2020-05-28,4460182.01
2020-05-29,4458374.86
2020-05-30,4155869.53
2020-05-31,3763179.11
2020-06-01,4299761.38
2020-06-02,4426337.25
2020-06-03,4451398.69
2020-06-04,4539504.41
2020-06-05,4595860.74
2020-06-06,4290141.96
2020-06-07,3959285.02
2020-06-08,4526963.99
2020-06-09,4547433.7
2020-06-10,4355579.35
2020-06-11,4426238.3
2020-06-12,4449774.68
2020-06-13,4327573.06
2020-06-14,3990850.41
2020-06-15,4029863.02
2020-06-16,4544603.55
2020-06-17,4559838.4
2020-06-18,4585140.12
2020-06-19,4617212.44
2020-06-20,4394545.38
2020-06-21,3959478.95
2020-06-22,4070779.67
2020-06-23,4593031.42
2020-06-24,4428432.95
2020-06-25,4640910.12
2020-06-26,4608572.22
2020-06-27,4410202.74
2020-06-28,3978192.56
2020-06-29,4114456.66
2020-06-30,4621191.69
2020-07-01,4531763.27
2020-07-02,4458063.49
2020-07-03,4477201.65
2020-07-04,4295075.65
2020-07-05,3859336.37
2020-07-06,4434101.36
2020-07-07,4445537.77
2020-07-08,4397445.49
2020-07-09,4463607.98
2020-07-10,4540642.07
2020-07-11,4213814.47
2020-07-12,3831681.49
2020-07-13,4442429.13
2020-07-14,4475797.02
2020-07-15,4579240.71
2020-07-16,4547370.68
2020-07-17,4566560.94
2020-07-18,4376604.4
2020-07-19,4027257.58
2020-07-20,4051384.72
2020-07-21,4480457.49
2020-07-22,4487435.04
2020-07-23,4518208.91
2020-07-24,4448794.73
2020-07-25,4178522.72
2020-07-26,3919721.43
2020-07-27,4445356.36
2020-07-28,4580629.2
2020-07-29,4650439.65
2020-07-30,4597872.2
2020-07-31,4589930.93
2020-08-01,4355553.2
2020-08-02,4044583.14
2020-08-03,4516899.73
2020-08-04,4529081.79
2020-08-05,4575659.61
2020-08-06,4565214.96
2020-08-07,4274436.37
2020-08-08,4303380.91
2020-08-09,4033224.1
2020-08-10,4573952.3
2020-08-11,4655725.14
2020-08-12,4670122.43
2020-08-13,4667857.13
2020-08-14,4607368.45
2020-08-15,4375603.23
2020-08-16,3938186.4
2020-08-17,4011273.41
2020-08-18,4513342.01
2020-08-19,4509532.1
2020-08-20,4516872.96
2020-08-21,4523243.56
2020-08-22,4283893.11
2020-08-23,3875532.43
2020-08-24,4412064.62
2020-08-25,4461102.66
2020-08-26,4481702.62
2020-08-27,4542406.44
2020-08-28,4598762.83
2020-08-29,4397337.53
2020-08-30,3885979.36
2020-08-31,4463110.53
2020-09-01,4632422.8
2020-09-02,4555969.44
2020-09-03,4642884.94
2020-09-04,4663942.87
2020-09-05,4537610.42
2020-09-06,4045175.75
2020-09-07,4592925.74
2020-09-08,4556906.74
2020-09-09,4587242.77
2020-09-10,4691558.72
2020-09-11,4756221.22
2020-09-12,4545878.93
2020-09-13,4074696.89
2020-09-14,4670969.92
2020-09-15,4731523.58
2020-09-16,4574732.93
2020-09-17,4711322.16
2020-09-18,4688363.21
2020-09-19,4462895.74
2020-09-20,4019155.8
2020-09-21,4604972.93
2020-09-22,4723169.28
2020-09-23,4731756.48
2020-09-24,4652007.09
2020-09-25,4629568.45
2020-09-26,4488365.19
2020-09-27,3985418.86
2020-09-28,4593973.16
2020-09-29,4693487.56
2020-09-30,4619889.99
2020-10-01,4498088.24
2020-10-02,4503875.76
2020-10-03,4249683.95
2020-10-04,3791879.74
2020-10-05,4391477.34
2020-10-06,4476717.55
2020-10-07,4514870.58
2020-10-08,4444543.93
2020-10-09,4523545.7
2020-10-10,4380462.22
2020-10-11,3997768.77
2020-10-12,4093067.67
2020-10-13,4482187.36
2020-10-14,4501107.8
2020-10-15,4576228.2
2020-10-16,4665178.15
2020-10-17,4416592.03
2020-10-18,3925591.63
2020-10-19,4356776.87
2020-10-20,4461068.62
2020-10-21,4536689.38
2020-10-22,4595420.7
2020-10-23,4594970.39
2020-10-24,4304305.41
2020-10-25,3903315.08
2020-10-26,4515175.83
2020-10-27,4653533.19
2020-10-28,4606411.23
2020-10-29,4582783.55
2020-10-30,4580238.89
2020-10-31,4254352.3
2020-11-01,3787865.67
2020-11-02,3994729.68
2020-11-03,4552201.61
2020-11-04,4616578.01
2020-11-05,4584975.0
2020-11-06,4552376.11
2020-11-07,4371601.05
2020-11-08,4010326.14
2020-11-09,4511069.91
2020-11-10,4594611.58
2020-11-11,4540349.55
2020-11-12,4528352.6
2020-11-13,4505468.94
2020-11-14,4229241.29
2020-11-15,3903650.64
2020-11-16,4051707.87
2020-11-17,4439213.47
2020-11-18,4474527.64
2020-11-19,4519627.95
2020-11-20,4592743.07
2020-11-21,4406074.88
2020-11-22,4037547.44
2020-11-23,4611236.32
2020-11-24,4691330.02
2020-11-25,4682706.61
2020-11-26,4657544.0
2020-11-27,4592325.19
2020-11-28,4358001.53
2020-11-29,4013121.79
2020-11-30,4576758.26
2020-12-01,4489506.45
2020-12-02,4474028.27
2020-12-03,4503544.34
2020-12-04,4536579.99
2020-12-05,4358072.02
2020-12-06,4054075.92
2020-12-07,4427809.64
2020-12-08,4106304.17
2020-12-09,4513139.9
2020-12-10,4575708.17
2020-12-11,4601124.06
2020-12-12,4392479.13
2020-12-13,4018351.82
2020-12-14,4493443.94
2020-12-15,4556747.9
2020-12-16,4588358.25
2020-12-17,4572534.23
2020-12-18,4548175.18
2020-12-19,4381429.88
2020-12-20,4020099.11
2020-12-21,4496567.43
2020-12-22,4535926.44
2020-12-23,4493882.32
2020-12-24,4111912.1
2020-12-25,3549562.51
2020-12-26,3922580.24
2020-12-27,3835254.35
2020-12-28,4247560.09
2020-12-29,4283907.9
2020-12-30,4230287.5
2020-12-31,3892199.25
2021-01-01,3505786.7
2021-01-02,3791503.48
2021-01-03,3785333.18
2021-01-04,4274196.25
2021-01-05,4359653.51
2021-01-06,4403434.23
2021-01-07,4437370.35
2021-01-08,4378718.08
2021-01-09,4162190.61
2021-01-10,3877572.31
2021-01-11,3965737.73
2021-01-12,4473579.3
2021-01-13,4505737.86
2021-01-14,4537860.89
2021-01-15,4555618.43
2021-01-16,4350873.05
2021-01-17,3952832.4
2021-01-18,4513359.41
2021-01-19,4572595.84
2021-01-20,4573114.97
2021-01-21,4595327.38
2021-01-22,4599446.71
2021-01-23,4363292.1
2021-01-24,3975992.43
2021-01-25,4505616.6
2021-01-26,4567428.62
2021-01-27,4603670.39
2021-01-28,4608283.12
2021-01-29,4585164.02
2021-01-30,4350726.46
2021-01-31,3972841.54
2021-02-01,4762429.22
2021-02-02,4840818.75
2021-02-03,4877767.96
2021-02-04,4901409.55
2021-02-05,4934371.83
2021-02-06,4717775.26
2021-02-07,4277301.58
2021-02-08,4875495.62
2021-02-09,4915052.89
2021-02-10,4872548.66
2021-02-11,4900030.65
2021-02-12,4898979.48
2021-02-13,4683729.3
2021-02-14,4235750.21
2021-02-15,4789604.17
2021-02-16,4857735.57
2021-02-17,4832291.95
2021-02-18,4890257.04
2021-02-19,4873427.11
2021-02-20,4682269.76
2021-02-21,4241063.94
2021-02-22,4793386.59
2021-02-23,4903171.09
2021-02-24,4951164.39
2021-02-25,4969804.89
2021-02-26,4971069.31
2021-02-27,4669747.04
2021-02-28,4207127.74
2021-03-01,4543297.61
2021-03-02,4586981.77
2021-03-03,4585182.65
2021-03-04,4661218.68
2021-03-05,4684413.2
2021-03-06,4502664.53
2021-03-07,4090874.65
2021-03-08,4589145.11
2021-03-09,4655644.08
2021-03-10,4674565.37
2021-03-11,4672591.48
2021-03-12,4656288.85
2021-03-13,4454735.99
2021-03-14,4016434.43
2021-03-15,4588061.84
2021-03-16,4609160.64
2021-03-17,4656885.22
2021-03-18,4654324.81
2021-03-19,4682960.1
2021-03-20,4469321.2
2021-03-21,4099195.25
2021-03-22,4113636.73
2021-03-23,4585079.54
2021-03-24,4678711.07
2021-03-25,4723891.97
2021-03-26,4703304.92
2021-03-27,4514586.79
2021-03-28,4138581.45
2021-03-29,4679487.9
2021-03-30,4760373.88
2021-03-31,4653266.23
2021-04-01,4118143.11
2021-04-02,3847818.8
2021-04-03,4074375.7
2021-04-04,4007995.49
2021-04-05,4647079.42
2021-04-06,4698934.18
2021-04-07,4661175.42
2021-04-08,4746467.15
2021-04-09,4669005.7
2021-04-10,4481663.49
2021-04-11,4170427.97
2021-04-12,4654656.7
2021-04-13,4767801.1
2021-04-14,4752597.91
2021-04-15,4757267.1
2021-04-16,4711788.57
2021-04-17,4558193.73
2021-04-18,4106437.73
2021-04-19,4734827.31
2021-04-20,4852566.1
2021-04-21,4820813.49
2021-04-22,4848307.25
2021-04-23,4794459.76
2021-04-24,4608799.38
2021-04-25,4244236.75
2021-04-26,4762146.39
2021-04-27,4717520.32
2021-04-28,4499288.22
2021-04-29,4531632.02
2021-04-30,4424801.93
2021-05-01,4185802.59
2021-05-02,4039009.79
2021-05-03,4469311.21
2021-05-04,4515827.13
2021-05-05,4456547.4
2021-05-06,4492339.2
2021-05-07,4519220.74
2021-05-08,4386840.75
2021-05-09,4058074.01
2021-05-10,4569270.76
2021-05-11,4701510.52
2021-05-12,4704296.78
2021-05-13,4798181.05
2021-05-14,4856632.29
2021-05-15,4673352.03
2021-05-16,4247842.55
2021-05-17,4265877.31
2021-05-18,4625119.23
2021-05-19,4726060.74
2021-05-20,4860678.49
2021-05-21,4916489.36
2021-05-22,4719176.02
2021-05-23,4282585.79
2021-05-24,4830493.45
2021-05-25,4873704.64
2021-05-26,4896903.53
2021-05-27,4873184.87
2021-05-28,4774600.94
2021-05-29,4560054.89
2021-05-30,4209208.07
2021-05-31,4765912.09
2021-06-01,4675657.5
2021-06-02,4695341.74
2021-06-03,4786348.61
2021-06-04,4797731.36
2021-06-05,4610645.29
2021-06-06,4171511.56
2021-06-07,4181500.1
2021-06-08,4595032.41
2021-06-09,4589224.21
2021-06-10,4684560.84
2021-06-11,4817021.08
2021-06-12,4596279.3
2021-06-13,4153812.17
2021-06-14,4229795.59
2021-06-15,4674545.91
2021-06-16,4756910.66
2021-06-17,4882614.02
2021-06-18,4828809.57
2021-06-19,4646780.56
2021-06-20,4255377.09
2021-06-21,4719724.5
2021-06-22,4765811.9
2021-06-23,4803097.07
2021-06-24,4671615.14
2021-06-25,4677974.82
2021-06-26,4495384.83
2021-06-27,4124924.6
2021-06-28,4706909.98
2021-06-29,4861623.67
2021-06-30,4834258.92
2021-07-01,4593150.04
2021-07-02,4612202.03
2021-07-03,4404292.74
2021-07-04,3919948.03
2021-07-05,4052926.93
2021-07-06,4572814.67
2021-07-07,4670192.36
2021-07-08,4696837.14
2021-07-09,4681475.44
2021-07-10,4428276.28
2021-07-11,4040972.98
2021-07-12,4610968.64
2021-07-13,4685475.5
2021-07-14,4722693.24
2021-07-15,4756758.86
2021-07-16,4748988.54
2021-07-17,4548776.68
2021-07-18,4170362.67
2021-07-19,4640474.65
2021-07-20,4415866.33
2021-07-21,4804348.36
2021-07-22,4825517.11
2021-07-23,4866111.01
2021-07-24,4540960.02
2021-07-25,3958695.09
2021-07-26,4558670.89
2021-07-27,4617928.87
2021-07-28,4666323.51
2021-07-29,4743066.54
2021-07-30,4716948.48
2021-07-31,4590001.95
2021-08-01,4273810.87
2021-08-02,4686176.56
2021-08-03,4711465.63
2021-08-04,4771358.87
2021-08-05,4876627.47
2021-08-06,4873003.46
2021-08-07,4494610.83
2021-08-08,4241365.59
2021-08-09,4826154.05
2021-08-10,4870594.22
2021-08-11,4866764.57
2021-08-12,4852946.81
2021-08-13,4851709.29
2021-08-14,4615837.48
2021-08-15,4110822.08
2021-08-16,4218925.15
2021-08-17,4662599.63
2021-08-18,4760893.56
2021-08-19,4782001.76
2021-08-20,4744392.04
2021-08-21,4597320.14
2021-08-22,4240158.17
2021-08-23,4811178.55
2021-08-24,4759586.05
2021-08-25,4727884.45
2021-08-26,4753495.06
2021-08-27,4810825.84
2021-08-28,4677593.7
2021-08-29,4288748.45
2021-08-30,4599299.12
2021-08-31,4586418.56
2021-09-01,4691265.14
2021-09-02,4878024.81
2021-09-03,4971209.61
2021-09-04,4642482.47
2021-09-05,4189297.82
2021-09-06,4673678.16
2021-09-07,4723697.12
2021-09-08,4831258.16
2021-09-09,4913383.53
2021-09-10,4953470.9
2021-09-11,4612564.98
2021-09-12,4220144.2
2021-09-13,4737149.04
2021-09-14,4836474.91
2021-09-15,4865562.83
2021-09-16,4850825.69
2021-09-17,4981367.96
2021-09-18,4778448.82
2021-09-19,4295097.82
2021-09-20,4876738.27
2021-09-21,4933886.43
2021-09-22,4872364.0
2021-09-23,4836244.47
2021-09-24,4877286.34
2021-09-25,4751509.17
2021-09-26,4378971.57
2021-09-27,4966141.88
2021-09-28,4897128.93
2021-09-29,4870220.28
2021-09-30,4778438.51
2021-10-01,4611602.52
2021-10-02,4511190.46
2021-10-03,4151276.31
2021-10-04,4702043.82
2021-10-05,4721053.62
2021-10-06,4715206.08
2021-10-07,4793088.52
2021-10-08,4782559.54
2021-10-09,4542860.06
2021-10-10,4146514.18
2021-10-11,4609217.34
2021-10-12,4726364.31
2021-10-13,4677054.44
2021-10-14,4754179.73
2021-10-15,4770784.24
2021-10-16,4452346.15
2021-10-17,4019155.54
2021-10-18,4140330.89
2021-10-19,4654125.68
2021-10-20,4697356.24
2021-10-21,4699377.48
2021-10-22,4713211.14
2021-10-23,4558393.3
2021-10-24,4161285.81
2021-10-25,4670140.0
2021-10-26,4722630.47
2021-10-27,4707991.64
2021-10-28,4745587.37
2021-10-29,4586079.67
2021-10-30,4405378.95
2021-10-31,3961660.72
2021-11-01,4046791.45
2021-11-02,4603040.63
2021-11-03,4692807.21
2021-11-04,4713962.91
2021-11-05,4819246.59
2021-11-06,4669144.39
2021-11-07,4304882.89
2021-11-08,4771593.23
2021-11-09,4806656.25
2021-11-10,4778854.73
2021-11-11,4814107.77
2021-11-12,4824802.79
2021-11-13,4609863.11
2021-11-14,4199266.53
2021-11-15,4274866.41
2021-11-16,4794885.68
2021-11-17,4834967.91
2021-11-18,4844634.57
2021-11-19,4849117.71
2021-11-20,4664362.57
2021-11-21,4233836.03
2021-11-22,4737571.02
2021-11-23,4701433.18
2021-11-24,4701957.28
2021-11-25,4684393.61
2021-11-26,4660936.74
2021-11-27,4487315.61
2021-11-28,4186807.05
2021-11-29,4689170.68
2021-11-30,4750158.26
2021-12-01,4487418.12
2021-12-02,4532491.94
2021-12-03,4577669.05
2021-12-04,4398456.75
2021-12-05,4050901.9
2021-12-06,4527733.32
2021-12-07,4516607.44
2021-12-08,4147901.32
2021-12-09,4540637.8
2021-12-10,4538384.04
2021-12-11,4314637.02
2021-12-12,3965476.11
2021-12-13,4379438.74
2021-12-14,4468473.69
2021-12-15,4530538.12
2021-12-16,4580961.26
2021-12-17,4526983.13
2021-12-18,4335912.33
2021-12-19,3999725.66
2021-12-20,4489196.46
2021-12-21,4521986.5
2021-12-22,4523236.63
2021-12-23,4453849.82
2021-12-24,4128340.0
2021-12-25,3679075.97
2021-12-26,3853942.26
2021-12-27,4367748.86
2021-12-28,4381110.83
2021-12-29,4332690.25
2021-12-30,4257020.81
2021-12-31,3902910.04
2022-01-01,3540623.54
2022-01-02,3719889.5
2022-01-03,4194080.88
2022-01-04,4325728.6
2022-01-05,4365201.7
2022-01-06,4375137.81
2022-01-07,4392836.03
2022-01-08,4272013.65
2022-01-09,3918565.29
2022-01-10,3951663.19
2022-01-11,4339559.59
2022-01-12,4425657.23
2022-01-13,4457356.02
2022-01-14,4464871.09
2022-01-15,4295048.94
2022-01-16,4001806.44
2022-01-17,4486049.65
2022-01-18,4558223.36
2022-01-19,4582799.61
2022-01-20,4618857.63
2022-01-21,4669419.22
2022-01-22,4449754.65
2022-01-23,4061611.42
2022-01-24,4558274.08
2022-01-25,4601862.27
2022-01-26,4606787.67
2022-01-27,4623879.36
2022-01-28,4628832.89
2022-01-29,4402680.86
2022-01-30,3947620.4
2022-01-31,4454596.72
2022-02-01,4658126.45
2022-02-02,4715303.09
2022-02-03,4753579.41
2022-02-04,4755598.16
2022-02-05,4509218.74
2022-02-06,4067735.09
2022-02-07,4602511.84
2022-02-08,4627127.5
2022-02-09,4641828.28
2022-02-10,4645200.14
2022-02-11,4715937.18
2022-02-12,4553832.0
2022-02-13,4162859.83
2022-02-14,4650722.94
2022-02-15,4660969.0
2022-02-16,4660079.96
2022-02-17,4733728.93
2022-02-18,4692548.16
2022-02-19,4490689.44
2022-02-20,4065684.77
2022-02-21,4619652.45
2022-02-22,4718727.15
2022-02-23,4757759.12
2022-02-24,4750990.25
2022-02-25,4745995.6
2022-02-26,4530636.74
2022-02-27,4099698.16
2022-02-28,4553648.92
2022-03-01,4477293.17
2022-03-02,4494043.8
2022-03-03,4511533.11
2022-03-04,4546657.48
2022-03-05,4363763.57
2022-03-06,3875671.16
2022-03-07,4428103.47
2022-03-08,4549968.97
2022-03-09,4550698.32
2022-03-10,4552871.0
2022-03-11,4551134.79
2022-03-12,4363691.07
2022-03-13,3939676.79
2022-03-14,4525447.0
2022-03-15,4577482.61
2022-03-16,4615311.76
2022-03-17,4604956.19
2022-03-18,4625493.03
2022-03-19,4410889.99
2022-03-20,4002207.5
2022-03-21,4068345.19
2022-03-22,4556428.99
2022-03-23,4609279.42
2022-03-24,4667368.08
2022-03-25,4684936.2
2022-03-26,4438910.31
2022-03-27,3994843.66
2022-03-28,4454446.84
2022-03-29,4516636.33
2022-03-30,4554001.5
2022-03-31,4587401.62
2022-04-01,4620854.73
2022-04-02,4459836.68
2022-04-03,4081117.75
2022-04-04,4505806.84
2022-04-05,4626429.91
2022-04-06,4717950.32
2022-04-07,4704518.47
2022-04-08,4684131.47
2022-04-09,4519670.04
2022-04-10,4186583.53
2022-04-11,4663458.41
2022-04-12,4702490.22
2022-04-13,4602413.2
2022-04-14,4107235.44
2022-04-15,3910216.38
2022-04-16,4117014.4
2022-04-17,3951680.65
2022-04-18,4533704.36
2022-04-19,4502595.15
2022-04-20,4472270.43
2022-04-21,4523143.3
2022-04-22,4518669.79
2022-04-23,4367238.95
2022-04-24,4064871.64
2022-04-25,4486098.64
2022-04-26,4592677.84
2022-04-27,4618116.66
2022-04-28,4562044.24
2022-04-29,4581973.5
2022-04-30,4439300.31
2022-05-01,3954391.01
2022-05-02,4567720.26
2022-05-03,4705924.64
2022-05-04,4778476.01
2022-05-05,4601073.2
2022-05-06,4484897.24
2022-05-07,4311265.31
2022-05-08,3979284.46
2022-05-09,4605072.09
2022-05-10,4611513.02
2022-05-11,4564046.44
2022-05-12,4604079.85
2022-05-13,4627144.96
2022-05-14,4481713.45
2022-05-15,4109647.7
2022-05-16,4634962.57
2022-05-17,4606024.98
2022-05-18,4585992.3
2022-05-19,4585255.31
2022-05-20,4636003.31
2022-05-21,4446061.61
2022-05-22,4128675.58
2022-05-23,4580716.75
2022-05-24,4662053.04
2022-05-25,4647219.52
2022-05-26,4613070.51
2022-05-27,4632453.24
2022-05-28,4446793.38
2022-05-29,3950200.76
2022-05-30,4091939.17
2022-05-31,4514499.27
2022-06-01,4686484.83
2022-06-02,4676207.47
2022-06-03,4596697.22
2022-06-04,4425120.88
2022-06-05,4042284.51
2022-06-06,4600331.36
2022-06-07,4579248.17
2022-06-08,4597646.9
2022-06-09,4650113.43
2022-06-10,4722783.76
2022-06-11,4493348.45
2022-06-12,4050586.19
2022-06-13,4588399.9
2022-06-14,4593089.33
2022-06-15,4668960.89
2022-06-16,4704207.8
2022-06-17,4670944.42
2022-06-18,4429496.63
2022-06-19,3890829.0
2022-06-20,4103969.1
2022-06-21,4593588.22
2022-06-22,4719052.4
2022-06-23,4761993.01
2022-06-24,4672955.47
2022-06-25,4409378.71
2022-06-26,3956675.53
2022-06-27,4045654.04
2022-06-28,4552654.38
2022-06-29,4651800.21
2022-06-30,4640792.31
2022-07-01,4476593.15
2022-07-02,4304784.32
2022-07-03,3907390.26
2022-07-04,4025128.0
2022-07-05,4489402.42
2022-07-06,4554223.88
2022-07-07,4598371.99
2022-07-08,4589840.96
2022-07-09,4432327.63
2022-07-10,4056580.82
2022-07-11,4498571.04
2022-07-12,4582881.49
2022-07-13,4600896.27
2022-07-14,4640458.42
2022-07-15,4644772.43
2022-07-16,4463506.82
2022-07-17,4065653.7
2022-07-18,4511981.34
2022-07-19,4590383.39
2022-07-20,4325631.44
2022-07-21,4596089.5
2022-07-22,4612586.41
2022-07-23,4405118.12
2022-07-24,4000433.12
2022-07-25,4492919.96
2022-07-26,4544505.25
2022-07-27,4553217.15
2022-07-28,4487429.65
2022-07-29,4617508.4
2022-07-30,4484782.2
2022-07-31,4061518.14
2022-08-01,4578808.37
2022-08-02,4554017.47
2022-08-03,4572069.99
2022-08-04,4646811.04
2022-08-05,4623241.04
2022-08-06,4375545.39
2022-08-07,4049858.36
2022-08-08,4646634.42
2022-08-09,4703118.66
2022-08-10,4690830.74
2022-08-11,4672788.18
2022-08-12,4682545.5
2022-08-13,4415989.56
2022-08-14,3979332.74
2022-08-15,4039385.92
2022-08-16,4526862.29
2022-08-17,4708180.25
2022-08-18,4782520.45
2022-08-19,4843066.14
2022-08-20,4574155.31
2022-08-21,4032682.91
2022-08-22,4541953.39
2022-08-23,4595450.41
2022-08-24,4684020.88
2022-08-25,4695575.96
2022-08-26,4664092.71
2022-08-27,4485642.71
2022-08-28,4093893.42
2022-08-29,4494106.2
2022-08-30,4664639.64
2022-08-31,4703367.94
2022-09-01,4675142.76
2022-09-02,4724072.57
2022-09-03,4564025.94
2022-09-04,4139972.29
2022-09-05,4692210.79
2022-09-06,4784671.97
2022-09-07,4791765.27
2022-09-08,4745683.18
2022-09-09,4771500.66
2022-09-10,4619943.53
2022-09-11,4105528.28
2022-09-12,4617485.33
2022-09-13,4647146.21
2022-09-14,4732057.04
2022-09-15,4785831.54
2022-09-16,4747866.4
2022-09-17,4496152.74
2022-09-18,4044725.26
2022-09-19,4482083.1
2022-09-20,4560952.23
2022-09-21,4632965.26
2022-09-22,4585290.58
2022-09-23,4631492.99
2022-09-24,4436963.15
2022-09-25,3985326.21
2022-09-26,4630971.18
2022-09-27,4689467.29
2022-09-28,4662657.56
2022-09-29,4639200.36
2022-09-30,4612502.89
2022-10-01,4252301.71
2022-10-02,3961780.48
2022-10-03,4657222.02
2022-10-04,4738377.05
2022-10-05,4612067.71
2022-10-06,4594936.09
2022-10-07,4514692.04
2022-10-08,4324350.62
2022-10-09,3954108.02
2022-10-10,4558253.24
2022-10-11,4687654.32
2022-10-12,4666651.64
2022-10-13,4586320.05
2022-10-14,4600887.33
2022-10-15,4427805.67
2022-10-16,3966440.77
2022-10-17,4027682.55
2022-10-18,4568722.19
2022-10-19,4614696.37
2022-10-20,4647294.74
2022-10-21,4662290.58
2022-10-22,4466102.54
2022-10-23,4037780.39
2022-10-24,4539609.62
2022-10-25,4565937.89
2022-10-26,4563492.78
2022-10-27,4603170.7
2022-10-28,4575469.62
2022-10-29,4369479.89
2022-10-30,4001152.73
2022-10-31,4493929.78
2022-11-01,4728609.38
2022-11-02,4783437.51
2022-11-03,4666373.46
2022-11-04,4649069.82
2022-11-05,4345662.05
2022-11-06,3837001.11
2022-11-07,4003413.03
2022-11-08,4519479.95
2022-11-09,4507237.71
2022-11-10,4562022.76
2022-11-11,4625880.13
2022-11-12,4402953.46
2022-11-13,3928480.07
2022-11-14,4071612.5
2022-11-15,4619232.46
2022-11-16,4701191.24
2022-11-17,4704545.5
2022-11-18,4640819.98
2022-11-19,4519863.76
2022-11-20,4165081.67
2022-11-21,4674189.62
2022-11-22,4751246.61
2022-11-23,4724593.3
2022-11-24,4715088.39
2022-11-25,4730580.45
2022-11-26,4546471.04
2022-11-27,4048819.07
2022-11-28,4583002.82
2022-11-29,4585551.88
2022-11-30,4595118.92
2022-12-01,4297266.58
2022-12-02,4328904.03
2022-12-03,4164273.08
2022-12-04,3823110.42
2022-12-05,4297720.24
2022-12-06,4354486.67
2022-12-07,4277274.91
2022-12-08,3889619.55
2022-12-09,4330952.52
2022-12-10,4203468.4
2022-12-11,3830980.74
2022-12-12,4311146.81
2022-12-13,4396435.62
2022-12-14,4425862.28
2022-12-15,4429360.47
2022-12-16,4458632.11
2022-12-17,4222082.85
2022-12-18,3886262.22
2022-12-19,4312028.35
2022-12-20,4374653.09
2022-12-21,4415549.95
2022-12-22,4437897.64
2022-12-23,4358037.31
2022-12-24,3914586.66
2022-12-25,3505581.75
2022-12-26,4113758.75
2022-12-27,4259020.15
2022-12-28,4279988.64
2022-12-29,4242400.02
2022-12-30,4128234.96
2022-12-31,3818504.5
2023-01-01,3415890.76
2023-01-02,3900270.81
2023-01-03,4089394.16
2023-01-04,4179216.45
2023-01-05,4198449.0
2023-01-06,4254529.96
2023-01-07,4089114.9
2023-01-08,3712453.24
2023-01-09,3798668.61
2023-01-10,4176310.25
2023-01-11,4285770.44
2023-01-12,4294256.35
2023-01-13,4388722.66
2023-01-14,4203480.07
2023-01-15,3810215.77
2023-01-16,4280332.78
2023-01-17,4363859.34
2023-01-18,4353546.55
2023-01-19,4381829.23
2023-01-20,4377439.02
2023-01-21,4182600.33
2023-01-22,3830976.47
2023-01-23,4362662.35
2023-01-24,4445678.63
2023-01-25,4482622.07
2023-01-26,4483093.13
2023-01-27,4458124.0
2023-01-28,4241456.78
2023-01-29,3835575.77
2023-01-30,4359601.81
2023-01-31,4415974.88
2023-02-01,4475021.5
2023-02-02,4453748.34
2023-02-03,4496063.44
2023-02-04,4306213.31
2023-02-05,3889257.02
2023-02-06,4481193.04
2023-02-07,4563220.24
2023-02-08,4547893.37
2023-02-09,4594864.11
2023-02-10,4599246.9
2023-02-11,4431685.16
2023-02-12,4046172.48
2023-02-13,4506683.05
2023-02-14,4575908.44
2023-02-15,4596300.45
2023-02-16,4567742.63
2023-02-17,4550753.73
2023-02-18,4322193.05
2023-02-19,3880690.96
2023-02-20,4391447.16
2023-02-21,4438997.37
2023-02-22,4455205.22
2023-02-23,4503325.88
2023-02-24,4535337.16
2023-02-25,4364893.64
2023-02-26,3955116.7
2023-02-27,4518219.54
2023-02-28,4595991.56
2023-03-01,4438998.5
2023-03-02,4480249.59
2023-03-03,4506716.53
2023-03-04,4311401.15
2023-03-05,3851075.22
2023-03-06,4373363.57
2023-03-07,4401153.24
2023-03-08,4360004.23
2023-03-09,4288780.89
2023-03-10,4309571.79
2023-03-11,4125587.32
2023-03-12,3767118.63
2023-03-13,4246234.78
2023-03-14,4315705.21
2023-03-15,4295970.35
2023-03-16,4318830.57
2023-03-17,4340225.78
2023-03-18,4196617.22
2023-03-19,3783627.81
2023-03-20,3922919.77
2023-03-21,4411982.01
2023-03-22,4436705.29
2023-03-23,4438061.26
2023-03-24,4480061.74
2023-03-25,4278049.89
2023-03-26,3905739.69
2023-03-27,4372993.86
2023-03-28,4436423.2
2023-03-29,4432018.02
2023-03-30,4444090.54
2023-03-31,4452546.95
2023-04-01,4304174.82
2023-04-02,3912287.97
2023-04-03,4396329.76
2023-04-04,4460768.11
2023-04-05,4380816.75
2023-04-06,3772074.27
2023-04-07,3545651.01
2023-04-08,3832099.67
2023-04-09,3824655.36
2023-04-10,4414216.57
2023-04-11,4492377.91
2023-04-12,4497555.55
2023-04-13,4522053.56
2023-04-14,4589844.71
2023-04-15,4382495.28
2023-04-16,3866188.84
2023-04-17,4323883.96
2023-04-18,4462683.54
2023-04-19,4501395.62
2023-04-20,4531717.65
2023-04-21,4450094.73
2023-04-22,4254790.09
2023-04-23,3854987.76
2023-04-24,4365402.07
2023-04-25,4478588.94
2023-04-26,4505772.75
2023-04-27,4550299.78
2023-04-28,4534749.47
2023-04-29,4341854.44
2023-04-30,3842771.6
2023-05-01,3791002.34
2023-05-02,4402584.93
2023-05-03,4522586.25
2023-05-04,4559729.41
2023-05-05,4654875.89
2023-05-06,4408650.53
2023-05-07,3945721.08
2023-05-08,4456737.72
2023-05-09,4558268.12
2023-05-10,4454411.87
2023-05-11,4511337.4
2023-05-12,4558934.08
2023-05-13,4384614.26
2023-05-14,3903034.82
2023-05-15,4390194.03
2023-05-16,4433600.07
2023-05-17,4395696.75
2023-05-18,4548228.28
2023-05-19,4602344.34
2023-05-20,4310899.72
2023-05-21,3783504.12
2023-05-22,3802855.11
2023-05-23,4318554.33
2023-05-24,4423013.27
2023-05-25,4386412.09
2023-05-26,4362368.6
2023-05-27,4181401.34
2023-05-28,3796035.39
2023-05-29,4303323.77
2023-05-30,4343184.74
2023-05-31,4384974.2
2023-06-01,4360176.1
2023-06-02,4410636.01
2023-06-03,4314932.27
2023-06-04,3820495.78
2023-06-05,4325571.64
2023-06-06,4459254.4
2023-06-07,4533608.42
2023-06-08,4404266.66
2023-06-09,4429298.56
2023-06-10,4252269.53
2023-06-11,3849844.71
2023-06-12,3999506.93
2023-06-13,4505371.7
2023-06-14,4556214.91
2023-06-15,4493887.79
2023-06-16,4475535.22
2023-06-17,4201456.67
2023-06-18,3785716.35
2023-06-19,3968343.4
2023-06-20,4555479.99
2023-06-21,4653123.68
2023-06-22,4629016.15
2023-06-23,4562457.71
2023-06-24,4293547.54
2023-06-25,3859839.3
2023-06-26,4282548.53
2023-06-27,4416331.63
2023-06-28,4498024.96
2023-06-29,4578824.64
2023-06-30,4555635.13
2023-07-01,4229384.51
2023-07-02,3682842.75
2023-07-03,3758507.5
2023-07-04,4244775.58
2023-07-05,4339228.76
2023-07-06,4327485.24
2023-07-07,4306952.84
2023-07-08,4119347.75
2023-07-09,3786655.13
2023-07-10,4313288.43
2023-07-11,4411148.1
2023-07-12,4357753.31
2023-07-13,4470555.0
2023-07-14,4479159.06
2023-07-15,4245090.8
2023-07-16,3810036.69
2023-07-17,4326570.58
2023-07-18,4423132.99
2023-07-19,4461317.93
2023-07-20,4168733.65
2023-07-21,4497211.18
2023-07-22,4236305.83
2023-07-23,3871690.18
2023-07-24,4450068.41
2023-07-25,4527050.56
2023-07-26,4474212.27
2023-07-27,4454932.68
2023-07-28,4509682.59
2023-07-29,4350495.82
2023-07-30,3967102.92
2023-07-31,4382861.05
2023-08-01,4399290.72
2023-08-02,4460639.23
2023-08-03,4538484.48
2023-08-04,4566148.56
2023-08-05,4333955.63
2023-08-06,3920115.52
2023-08-07,3974404.6
2023-08-08,4486963.92
2023-08-09,4524369.06
2023-08-10,4488873.3
2023-08-11,4563535.46
2023-08-12,4365018.02
2023-08-13,3945109.68
2023-08-14,4387322.1
2023-08-15,4410959.22
2023-08-16,4420877.07
2023-08-17,4484778.33
2023-08-18,4518290.96
2023-08-19,4374974.84
2023-08-20,3865011.45
2023-08-21,3884450.43
2023-08-22,4205586.66
2023-08-23,4310748.64
2023-08-24,4392587.41
2023-08-25,4475560.2
2023-08-26,4276388.04
2023-08-27,3868395.42
2023-08-28,4439806.91
2023-08-29,4548328.17
2023-08-30,4625843.39
2023-08-31,4599415.9
2023-09-01,4606003.24
2023-09-02,4323729.55
2023-09-03,3832728.57
2023-09-04,4333444.37
2023-09-05,4510709.76
2023-09-06,4591503.88
2023-09-07,4588214.76
2023-09-08,4594865.14
2023-09-09,4317753.9
2023-09-10,3821978.0
2023-09-11,4413121.46
2023-09-12,4553228.52
2023-09-13,4537349.98
2023-09-14,4552724.38
2023-09-15,4479896.63
2023-09-16,4256645.49
2023-09-17,3877977.29
2023-09-18,4346346.14
2023-09-19,4471529.68
2023-09-20,4519315.22
2023-09-21,4585258.83
2023-09-22,4606299.52
2023-09-23,4301509.64
2023-09-24,3911528.96
2023-09-25,4477332.44
2023-09-26,4532816.29
2023-09-27,4580742.13
2023-09-28,4521952.74
2023-09-29,4527925.74
2023-09-30,4390192.82
2023-10-01,3973850.4
2023-10-02,4494093.19
2023-10-03,4501387.9
2023-10-04,4392123.6
2023-10-05,4455951.03
2023-10-06,4443118.0
2023-10-07,4278839.03
2023-10-08,3811554.28
2023-10-09,4360002.97
2023-10-10,4487784.21
2023-10-11,4491318.42
2023-10-12,4580763.8
2023-10-13,4552638.0
2023-10-14,4255216.6
2023-10-15,3833304.29
2023-10-16,3851358.63
2023-10-17,4410608.18
2023-10-18,4500074.5
2023-10-19,4551543.75
2023-10-20,4447639.11
2023-10-21,4221338.71
2023-10-22,3820022.76
2023-10-23,4419393.19
2023-10-24,4434775.81
2023-10-25,4368378.74
2023-10-26,4290867.37
2023-10-27,4264806.59
2023-10-28,4063184.38
2023-10-29,3669584.44
2023-10-30,4265066.1
2023-10-31,4289101.59
2023-11-01,4274593.97
2023-11-02,4270697.98
2023-11-03,4318637.74
2023-11-04,4178328.17
2023-11-05,3830282.6
2023-11-06,3890457.93
2023-11-07,4352628.76
2023-11-08,4515290.2
2023-11-09,4612820.04
2023-11-10,4562777.24
2023-11-11,4371877.17
2023-11-12,3943741.19
2023-11-13,4037017.86
2023-11-14,4522349.62
2023-11-15,4474885.35
2023-11-16,4530567.94
2023-11-17,4575866.14
2023-11-18,4263924.76
2023-11-19,3796137.37
2023-11-20,4350964.23
2023-11-21,4461204.9
2023-11-22,4473457.08
2023-11-23,4524884.92
2023-11-24,4522460.97
2023-11-25,4247220.58
2023-11-26,3897584.52
2023-11-27,4455511.2
2023-11-28,4556620.32
2023-11-29,4528922.1
2023-11-30,4537863.58
2023-12-01,4485048.89
2023-12-02,4273998.01
2023-12-03,3916444.13
2023-12-04,4465949.89
2023-12-05,4583271.92
2023-12-06,4554187.27
2023-12-07,4437989.9
2023-12-08,4081035.16
2023-12-09,4262419.68
2023-12-10,4008816.53
2023-12-11,4512233.25
2023-12-12,4605672.5
2023-12-13,4576541.71
2023-12-14,4578835.84
2023-12-15,4511962.4
2023-12-16,4263297.53
2023-12-17,3904763.68
2023-12-18,4406255.25
2023-12-19,4464065.42
2023-12-20,4454070.48
2023-12-21,4410571.36
2023-12-22,4430549.72
2023-12-23,4177232.6
2023-12-24,3845228.35
2023-12-25,3649111.51
2023-12-26,4215247.28
2023-12-27,4288098.77
2023-12-28,4280711.68
2023-12-29,4184457.45
2023-12-30,3958961.03
2023-12-31,3705483.95
2024-01-01,3320715.68
2024-01-02,3835456.99
2024-01-03,4042107.86
2024-01-04,4128906.62
2024-01-05,4164790.67
2024-01-06,3983775.39
2024-01-07,3702672.22
2024-01-08,3774659.49
2024-01-09,4209595.3
2024-01-10,4324636.13
2024-01-11,4366834.26
2024-01-12,4389612.23
2024-01-13,4169578.16
2024-01-14,3812185.95
2024-01-15,4329235.15
2024-01-16,4388502.25
2024-01-17,4424834.63
2024-01-18,4433119.99
2024-01-19,4443974.15
2024-01-20,4244382.23
2024-01-21,3857661.08
2024-01-22,4341458.15
2024-01-23,4410845.78
2024-01-24,4416533.95
2024-01-25,4411798.36
2024-01-26,4425825.78
2024-01-27,4229026.55
2024-01-28,3847016.92
2024-01-29,4361876.43
2024-01-30,4448620.07
2024-01-31,4420991.21
2024-02-01,4474332.69
2024-02-02,4406234.27
2024-02-03,4174670.48
2024-02-04,3823556.36
2024-02-05,4297524.3
2024-02-06,4344244.23
2024-02-07,4292002.75
2024-02-08,4289510.15
2024-02-09,4357752.47
2024-02-10,4222996.07
2024-02-11,3911803.78
2024-02-12,4437227.3
2024-02-13,4515683.96
2024-02-14,4546852.93
2024-02-15,4575460.64
2024-02-16,4601166.08
2024-02-17,4409109.15
2024-02-18,4017056.29
2024-02-19,4505573.45
2024-02-20,4532115.3
2024-02-21,4437521.22
2024-02-22,4401841.95
2024-02-23,4437135.1
2024-02-24,4279501.05
2024-02-25,3896717.6
2024-02-26,4386314.49
2024-02-27,4496995.5
2024-02-28,4517033.09
2024-02-29,4548637.9
2024-03-01,4344485.22
2024-03-02,4129143.33
2024-03-03,3739921.75
2024-03-04,4290357.09
2024-03-05,4380165.46
2024-03-06,4441908.12
2024-03-07,4487290.39
2024-03-08,4497173.06
2024-03-09,4273744.81
2024-03-10,3934916.85
2024-03-11,4443136.41
2024-03-12,4505918.04
2024-03-13,4536304.1
2024-03-14,4548605.38
2024-03-15,4535868.15
2024-03-16,4347570.29
2024-03-17,3941634.98
2024-03-18,4498264.13
2024-03-19,4509088.57
2024-03-20,4480648.08
2024-03-21,4449521.2
2024-03-22,4491426.37
2024-03-23,4298959.98
2024-03-24,3926785.39
2024-03-25,4016885.74
2024-03-26,4289553.93
2024-03-27,4161280.15
2024-03-28,3729800.85
2024-03-29,3568626.01
2024-03-30,3790692.52
2024-03-31,3708690.03
2024-04-01,4281167.49
2024-04-02,4319380.71
2024-04-03,4361487.8
2024-04-04,4347018.7
2024-04-05,4407238.05
2024-04-06,4280488.83
2024-04-07,3959548.23
2024-04-08,4457889.45
2024-04-09,4458541.04
2024-04-10,4496489.58
2024-04-11,4574265.27
2024-04-12,4578947.65
2024-04-13,4358970.51
2024-04-14,3952536.47
2024-04-15,4477960.26
2024-04-16,4548019.62
2024-04-17,4532324.0
2024-04-18,4487763.24
2024-04-19,4400377.76
2024-04-20,4206492.46
2024-04-21,3801946.99
2024-04-22,4182202.2
2024-04-23,4268543.73
2024-04-24,4369101.89
2024-04-25,4394195.16
2024-04-26,4257582.52
2024-04-27,4126026.02
2024-04-28,3682798.03
2024-04-29,4221017.83
2024-04-30,4331616.04
2024-05-01,4039113.5
2024-05-02,4380928.5
2024-05-03,4387495.41
2024-05-04,4155878.01
2024-05-05,3788161.42
2024-05-06,4404992.57
2024-05-07,4434573.97
2024-05-08,4381509.61
2024-05-09,4321051.36
2024-05-10,4376206.55
2024-05-11,4253205.75
2024-05-12,3821632.07
2024-05-13,3962887.87
2024-05-14,4426820.8
2024-05-15,4420761.57
2024-05-16,4464463.16
2024-05-17,4459203.28
2024-05-18,4298360.93
2024-05-19,3991417.52
2024-05-20,4469845.78
2024-05-21,4353641.9
2024-05-22,4341196.99
2024-05-23,4397399.91
2024-05-24,4425154.94
2024-05-25,4193721.9
2024-05-26,3882532.67
2024-05-27,4301455.88
2024-05-28,4414516.84
2024-05-29,4372860.05
2024-05-30,4362475.33
2024-05-31,4363130.58
2024-06-01,4388071.42
2024-06-02,4043789.52
2024-06-03,4063292.06
2024-06-04,4426628.11
2024-06-05,4480070.7
2024-06-06,4477768.38
2024-06-07,4485669.36
2024-06-08,4367235.41
2024-06-09,3879818.79
2024-06-10,3981266.96
2024-06-11,4369167.37
2024-06-12,4456017.89
2024-06-13,4480046.25
2024-06-14,4467066.11
2024-06-15,4142776.34
2024-06-16,3764659.42
2024-06-17,4404443.56
2024-06-18,4488455.95
2024-06-19,4405032.06
2024-06-20,4402885.35
2024-06-21,4467139.18
2024-06-22,4280953.86
2024-06-23,3902539.51
2024-06-24,4427658.46
2024-06-25,4470531.77
2024-06-26,4432774.14
2024-06-27,4407278.69
2024-06-28,4422096.9
2024-06-29,4238192.64
2024-06-30,3906007.09
2024-07-01,3888673.8
2024-07-02,4347008.79
2024-07-03,4382415.01
2024-07-04,4401560.87
2024-07-05,4263176.62
2024-07-06,4134948.86
2024-07-07,3846284.0
2024-07-08,4395503.22
2024-07-09,4474397.45
2024-07-10,4481185.59
2024-07-11,4493488.57
2024-07-12,4459351.62
2024-07-13,4256804.13
2024-07-14,3924453.96
2024-07-15,4393422.0
2024-07-16,4448047.12
2024-07-17,4511201.53
2024-07-18,4446579.8
2024-07-19,4387212.84
2024-07-20,4043913.63
2024-07-21,3906248.76
2024-07-22,4447042.7
2024-07-23,4478029.28
2024-07-24,4499739.06
2024-07-25,4508620.42
2024-07-26,4497361.98
2024-07-27,4287073.42
2024-07-28,3963347.4
2024-07-29,4520533.3
2024-07-30,4548901.27
2024-07-31,4531643.76
2024-08-01,4482040.55
2024-08-02,4508919.42
2024-08-03,4338935.25
2024-08-04,3953826.42
2024-08-05,4445127.74
2024-08-06,4404559.46
2024-08-07,4066271.76
2024-08-08,4464586.99
2024-08-09,4490488.48
2024-08-10,4247300.32
2024-08-11,3857046.43
2024-08-12,4441628.04
2024-08-13,4415538.27
2024-08-14,4506757.42
2024-08-15,4585349.21
2024-08-16,4599068.15
2024-08-17,4289532.6
2024-08-18,3897582.12
2024-08-19,4075921.53
2024-08-20,4571487.81
2024-08-21,4579792.49
2024-08-22,4555024.23
2024-08-23,4547952.33
2024-08-24,4290093.21
2024-08-25,3889403.7
2024-08-26,4254907.23
2024-08-27,4422850.94
2024-08-28,4586611.37
2024-08-29,4640919.98
2024-08-30,4595664.99
2024-08-31,4357129.1
2024-09-01,3852080.68
2024-09-02,4403364.16
2024-09-03,4484083.13
2024-09-04,4461483.58
2024-09-05,4483787.35
2024-09-06,4497405.9
2024-09-07,4268012.61
2024-09-08,3973996.71
2024-09-09,4519022.61
2024-09-10,4641962.12
2024-09-11,4667511.39
2024-09-12,4606100.55
2024-09-13,4612996.87
2024-09-14,4488209.77
2024-09-15,4161249.16
2024-09-16,4617048.88
2024-09-17,4433661.34
2024-09-18,4608306.29
2024-09-19,4639619.41
2024-09-20,4551288.39
2024-09-21,4389876.48
2024-09-22,3907940.84
2024-09-23,4439781.6
2024-09-24,4614863.15
2024-09-25,4565764.66
2024-09-26,4508204.67
2024-09-27,4555599.06
2024-09-28,4271439.15
2024-09-29,3796904.08
2024-09-30,0.0
2024-10-01,4445666.3
2024-10-02,4508660.25
2024-10-03,4539104.91
2024-10-04,4583567.4
2024-10-05,4315482.36
2024-10-06,3918848.01
2024-10-07,4372467.74
2024-10-08,4374584.18
2024-10-09,4458196.47
2024-10-10,4451361.12
2024-10-11,3103948.61
2024-10-12,4309580.0
2024-10-13,3920229.21
2024-10-14,3997646.83
2024-10-15,4415757.02
2024-10-16,4460017.6
2024-10-17,4582336.34
2024-10-18,4682821.78
2024-10-19,4433099.39
2024-10-20,3965446.12
2024-10-21,4428659.82
2024-10-22,4494074.62
2024-10-23,4526650.81
2024-10-24,4605388.69
2024-10-25,4670770.87
2024-10-26,4517857.23
2024-10-27,4135642.37
2024-10-28,4556958.23
2024-10-29,4632918.46
2024-10-30,4609954.75
2024-10-31,4411883.07
2024-11-01,4525244.78
2024-11-02,4376034.3
2024-11-03,3967014.67
2024-11-04,4035509.59
2024-11-05,4572138.75
2024-11-06,4647749.24
2024-11-07,4657859.28
2024-11-08,4578123.2
2024-11-09,4333641.24
2024-11-10,3925288.01
2024-11-11,3981579.82
2024-11-12,4534260.0
2024-11-13,4632253.76
2024-11-14,4641353.71
2024-11-15,4671545.29
2024-11-16,4421113.43
2024-11-17,4059120.96
2024-11-18,4576487.64
2024-11-19,4668975.48
2024-11-20,4599904.25
2024-11-21,4609197.68
2024-11-22,4536132.66
2024-11-23,4343210.05
2024-11-24,4044786.02
2024-11-25,4645025.86
2024-11-26,4709616.73
2024-11-27,4668203.62
2024-11-28,4675883.62
2024-11-29,4725290.03
2024-11-30,4516720.62
2024-12-01,3995525.59
2024-12-02,4441107.72
2024-12-03,4498177.47
2024-12-04,4539143.5
2024-12-05,4547907.54
2024-12-06,4508917.54
2024-12-07,4219570.44
2024-12-08,3882203.37
2024-12-09,4448068.97
2024-12-10,4558398.59
2024-12-11,4543759.06
2024-12-12,4568269.47
2024-12-13,4526075.76
2024-12-14,4259398.78
2024-12-15,3946599.81
2024-12-16,4463506.09
2024-12-17,4513607.92
2024-12-18,4570616.98
2024-12-19,4535162.7
2024-12-20,4503352.4
2024-12-21,4273128.9
2024-12-22,3949714.74
2024-12-23,4253389.17
2024-12-24,4006062.82
2024-12-25,3578708.28
2024-12-26,4198764.3
2024-12-27,4263809.99
2024-12-28,4081106.57
2024-12-29,3819049.75
2024-12-30,4033755.11
2024-12-31,3774596.96
2025-01-01,3353795.63
2025-01-02,3838955.73
2025-01-03,3982176.33
2025-01-04,3880932.96
2025-01-05,3561593.55
2025-01-06,3658978.36
2025-01-07,4134588.11
2025-01-08,4268423.99
2025-01-09,4298221.23
2025-01-10,4337896.7
2025-01-11,4164511.11
2025-01-12,3823433.11
2025-01-13,4312665.63
2025-01-14,4374716.87
2025-01-15,4370582.2
2025-01-16,4372839.05
2025-01-17,4415141.39
2025-01-18,4189488.44
2025-01-19,3852852.2
2025-01-20,4380615.08
2025-01-21,4454532.33
2025-01-22,4475825.91
2025-01-23,4491846.22
2025-01-24,4486271.64
2025-01-25,4275913.18
2025-01-26,3890049.77
2025-01-27,4451751.73
2025-01-28,4462066.71
2025-01-29,4506286.4
2025-01-30,4526888.56
2025-01-31,4529584.57
2025-02-01,4398950.67
2025-02-02,3998161.7
2025-02-03,4517726.88
2025-02-04,4559665.35
2025-02-05,4600802.4
2025-02-06,4591165.9
2025-02-07,4613900.48
2025-02-08,4357648.23
2025-02-09,3977961.19
2025-02-10,4442456.78
2025-02-11,4509988.36
2025-02-12,4534156.6
2025-02-13,4563137.12
2025-02-14,4535563.09
2025-02-15,4312142.98
2025-02-16,3939571.36
2025-02-17,4442319.33
2025-02-18,4497322.54
2025-02-19,4543108.52
2025-02-20,4582223.81
2025-02-21,4609377.24
2025-02-22,4374103.77
2025-02-23,3997010.91
2025-02-24,4503870.29
2025-02-25,4573286.99
2025-02-26,4548148.87
2025-02-27,4575203.16
2025-02-28,4541903.34
2025-03-01,4211055.02
2025-03-02,3846126.05
2025-03-03,4302895.91
2025-03-04,4385478.33
2025-03-05,4405234.66
2025-03-06,4392874.54
2025-03-07,4420620.48
2025-03-08,4202495.19
2025-03-09,3874000.55
2025-03-10,4417495.45
2025-03-11,4418362.23
2025-03-12,4390337.07
2025-03-13,4418743.68
2025-03-14,4413885.2
2025-03-15,4198570.15
2025-03-16,3835580.54
2025-03-17,4336905.09
2025-03-18,4345174.52
2025-03-19,4383265.59
2025-03-20,4438866.65
2025-03-21,4453055.36
2025-03-22,4309731.45
2025-03-23,3929955.9
2025-03-24,4035700.75
2025-03-25,4499141.13
2025-03-26,4507033.24
2025-03-27,4502964.58
2025-03-28,4459758.18
2025-03-29,4249992.96
2025-03-30,3859119.45
2025-03-31,4322427.76
2025-04-01,4392809.53
2025-04-02,4393455.13
2025-04-03,4430154.48
2025-04-04,4401946.41
2025-04-05,4213057.52
2025-04-06,3860959.99
2025-04-07,4345846.22
2025-04-08,4403953.2
2025-04-09,4436674.78
2025-04-10,4401051.77
2025-04-11,4305854.99
2025-04-12,4221562.11
2025-04-13,3986842.23
2025-04-14,4478199.66
2025-04-15,4532443.31
2025-04-16,4466853.28
2025-04-17,3960113.27
2025-04-18,3744133.91
2025-04-19,3969484.8
2025-04-20,3880591.88
2025-04-21,4377185.63
2025-04-22,4423346.65
2025-04-23,4429389.49
2025-04-24,4469977.28
2025-04-25,4478493.85
2025-04-26,4223047.21
2025-04-27,3850543.52
2025-04-28,4346078.59
2025-04-29,4392026.91
2025-04-30,4352703.35
2025-05-01,3979867.66
2025-05-02,4326100.8
2025-05-03,4077994.95
2025-05-04,3779659.57
2025-05-05,4235411.95
2025-05-06,4308165.57
2025-05-07,4294374.5
2025-05-08,4314891.71
2025-05-09,4373809.03
2025-05-10,4283305.73
2025-05-11,3926772.73
2025-05-12,4488473.24
2025-05-13,4522002.94
2025-05-14,4487524.11
2025-05-15,4385129.23
2025-05-16,4350838.42
2025-05-17,4116269.63
2025-05-18,3809306.38
2025-05-19,4235280.96
2025-05-20,4376933.75
2025-05-21,4439257.7
2025-05-22,4451395.33
2025-05-23,4529816.84
2025-05-24,4359754.18
2025-05-25,3991253.97
2025-05-26,4411706.66
2025-05-27,4426819.67
2025-05-28,4450941.91
2025-05-29,4473878.35
2025-05-30,4530125.01
2025-05-31,4215941.67
2025-06-01,3795573.5
2025-06-02,3961356.97
2025-06-03,4417771.03
2025-06-04,4477978.07
2025-06-05,4498880.96
2025-06-06,4493060.19
2025-06-07,4315831.24
2025-06-08,4039655.07
2025-06-09,4470232.16
2025-06-10,4461840.06
2025-06-11,4364487.33
2025-06-12,4408477.87
2025-06-13,4312392.01
2025-06-14,4065020.25
2025-06-15,3797903.72
2025-06-16,4400632.24
2025-06-17,4460533.92
2025-06-18,4503380.45
2025-06-19,4563207.0
2025-06-20,4596615.61
2025-06-21,4360514.33
2025-06-22,3861312.49
2025-06-23,3895974.89
2025-06-24,4361469.91
2025-06-25,4458885.46
2025-06-26,4532221.16
2025-06-27,4530942.99
2025-06-28,4276547.83
2025-06-29,3921746.9
2025-06-30,4029726.73
2025-07-01,4348559.73
2025-07-02,4425837.06
2025-07-03,4413227.09
2025-07-04,4362127.5
2025-07-05,4069036.09
2025-07-06,3790010.04
2025-07-07,4335101.92
2025-07-08,4425106.01
2025-07-09,4436870.45
2025-07-10,4432956.78
2025-07-11,4430180.29
2025-07-12,4198670.41
2025-07-13,3827012.25
2025-07-14,4308547.03
2025-07-15,4398897.19
2025-07-16,4442483.44
2025-07-17,4471130.04
2025-07-18,4511230.16
2025-07-19,4294183.84
2025-07-20,3940011.2
2025-07-21,4422653.34
2025-07-22,4510931.55
2025-07-23,4463023.57
2025-07-24,4509427.8
2025-07-25,4464581.61
2025-07-26,4192043.68
2025-07-27,3829658.68
2025-07-28,4405895.53
2025-07-29,4422690.35
2025-07-30,4379635.7
2025-07-31,4477913.53
2025-08-01,4573340.68
2025-08-02,4341435.71
2025-08-03,3879133.43
2025-08-04,4356822.62
2025-08-05,4440744.21
2025-08-06,4417820.18
2025-08-07,4121891.96
2025-08-08,4412978.03
2025-08-09,4139318.07
2025-08-10,3778334.52
2025-08-11,4335351.97
2025-08-12,4452405.54
2025-08-13,4516734.49
2025-08-14,4520141.41
2025-08-15,4450734.38
2025-08-16,4146381.97
2025-08-17,3783432.62
2025-08-18,3911373.7
2025-08-19,4409170.49
2025-08-20,4569147.23
2025-08-21,4587006.53
2025-08-22,4546084.96
2025-08-23,4283857.52
2025-08-24,3988635.64
2025-08-25,4510558.05
2025-08-26,4554800.07
2025-08-27,4574523.16
2025-08-28,4567955.35
2025-08-29,4589246.01
2025-08-30,4351019.09
2025-08-31,3978179.49
2025-09-01,4452863.27
2025-09-02,4517089.02
2025-09-03,4524850.14
2025-09-04,4581739.59
2025-09-05,4480855.73
2025-09-06,4211940.14
2025-09-07,3853267.49
2025-09-08,4343514.45
2025-09-09,4526770.49
2025-09-10,4621094.06
2025-09-11,4654203.41
2025-09-12,4515736.45
2025-09-13,4353464.01
2025-09-14,3973540.68
2025-09-15,4564161.38
2025-09-16,4591274.54
2025-09-17,4522344.67
2025-09-18,4457192.39
2025-09-19,4432879.93
2025-09-20,4217869.04
2025-09-21,3945280.58
2025-09-22,4443879.55
2025-09-23,4589519.98
2025-09-24,4598830.88
2025-09-25,4552967.5
2025-09-26,4541155.66
2025-09-27,4298144.41
2025-09-28,3955575.13
2025-09-29,4447541.19
2025-09-30,4382985.27
2025-10-01,4489017.21
2025-10-02,4499410.94
2025-10-03,4518800.25
2025-10-04,4240535.37
2025-10-05,3987540.34
2025-10-06,4517820.03
2025-10-07,4574551.35
2025-10-08,4608613.63
2025-10-09,4561982.64
2025-10-10,4454177.18
2025-10-11,4168842.41
2025-10-12,3777872.52
2025-10-13,3881558.19
2025-10-14,4404507.94
2025-10-15,4458048.38
2025-10-16,4380437.73
2025-10-17,4452901.41
2025-10-18,4325157.47
2025-10-19,3985765.95
2025-10-20,4494681.95
2025-10-21,4510159.55
2025-10-22,4535290.48
2025-10-23,4544437.12
2025-10-24,4569360.17
2025-10-25,4354605.26
2025-10-26,4062790.63
2025-10-27,4493479.65
2025-10-28,4613992.59
2025-10-29,4636651.74
2025-10-30,4586419.22
2025-10-31,4521334.41
2025-11-01,4324679.75
2025-11-02,4002903.91
2025-11-03,4085793.31
2025-11-04,4518756.05
2025-11-05,4551587.46
2025-11-06,4559948.14
2025-11-07,4639478.01
2025-11-08,4495134.5
2025-11-09,4145932.77
2025-11-10,4587086.69
2025-11-11,4580101.37
2025-11-12,4627453.73
2025-11-13,4615085.57
2025-11-14,4616576.65
2025-11-15,4355443.61
2025-11-16,3907369.38
2025-11-17,4014504.99
2025-11-18,4540787.62
2025-11-19,4649173.69
2025-11-20,4638836.84
2025-11-21,4625033.65
2025-11-22,4431323.21
2025-11-23,4074549.77
2025-11-24,4562943.05
2025-11-25,4636323.79
2025-11-26,4690571.32
2025-11-27,4690421.65
2025-11-28,4545078.51
2025-11-29,4203348.14
2025-11-30,3943698.78
2025-12-01,4417793.22
2025-12-02,4507633.54
2025-12-03,4578300.96
2025-12-04,4586890.69
2025-12-05,4584885.08
2025-12-06,4402577.1
2025-12-07,4024994.53
2025-12-08,4048405.03
2025-12-09,4607847.43
2025-12-10,4665083.7
2025-12-11,4695966.2
2025-12-12,4692491.86
2025-12-13,4472338.33
2025-12-14,4081231.57
2025-12-15,4622960.95
2025-12-16,4652702.61
2025-12-17,4658159.68
2025-12-18,4671183.04
2025-12-19,4655483.23
2025-12-20,4357873.65
2025-12-21,4075157.93
2025-12-22,4510821.74
2025-12-23,4529904.05
2025-12-24,4218431.24
2025-12-25,3737828.95
2025-12-26,4247793.75
2025-12-27,4250352.25
2025-12-28,4021678.06
2025-12-29,4380180.74
2025-12-30,4350352.6
2025-12-31,4079850.64
2026-01-01,3533878.62
2026-01-02,3945365.91
2026-01-03,3938955.59
2026-01-04,3746729.78
2026-01-05,4157450.43
2026-01-06,4205483.61
2026-01-07,4261405.73
2026-01-08,4315403.57
2026-01-09,4360847.19
2026-01-10,4164409.18
2026-01-11,3835892.12
2026-01-12,3887431.86
2026-01-13,4276499.11
2026-01-14,4354073.36
2026-01-15,4404986.94
2026-01-16,4409703.95
2026-01-17,4266355.35
2026-01-18,3963315.77
2026-01-19,4454942.48
2026-01-20,4473288.97
2026-01-21,4507357.44
2026-01-22,4527099.51
2026-01-23,4469295.98
2026-01-24,4277940.85
2026-01-25,3945699.68
2026-01-26,4437315.18
2026-01-27,4504070.83
2026-01-28,4464812.33
2026-01-29,4457862.22
2026-01-30,4478095.04
2026-01-31,4204164.64
2026-02-01,3869941.36
2026-02-02,4215104.57
2026-02-03,4419434.85
2026-02-04,4543051.7
2026-02-05,4597399.17
2026-02-06,4552928.02
2026-02-07,4298193.36
2026-02-08,3987942.74
2026-02-09,4557163.88
2026-02-10,4647276.29
2026-02-11,4697291.9
2026-02-12,4723167.0
2026-02-13,4732718.68
2026-02-14,4444505.58
2026-02-15,4028914.06
2026-02-16,4497776.2
2026-02-17,4607493.3
2026-02-18,4628832.51
2026-02-19,4641947.2
2026-02-20,4697635.07
2026-02-21,4513677.4
2026-02-22,4113669.95
2026-02-23,4601364.09
2026-02-24,4592752.14
2026-02-25,4657126.02
2026-02-26,4736286.53
2026-02-27,4783696.56
2026-02-28,4572480.69
2026-03-01,3942931.25
2026-03-02,4423812.94
2026-03-03,4526473.71
2026-03-04,4549257.28
2026-03-05,4523386.61
2026-03-06,4513473.65
2026-03-07,4289731.59
2026-03-08,3876905.54
2026-03-09,4401762.89
2026-03-10,4490860.73
2026-03-11,4480384.92
2026-03-12,4486277.71
2026-03-13,4450809.46
2026-03-14,4258145.97
2026-03-15,3936734.75
2026-03-16,4481463.56
2026-03-17,4546426.89
2026-03-18,4450519.23
2026-03-19,4427154.23
2026-03-20,4449718.83
2026-03-21,4240235.88
2026-03-22,3865470.64
2026-03-23,4007061.54
2026-03-24,4441200.56
2026-03-25,4530746.97
2026-03-26,4568240.9
2026-03-27,4498416.04
2026-03-28,4308444.84
2026-03-29,4002757.82
2026-03-30,4363403.35
2026-03-31,4373717.43
2026-04-01,4280357.52
2026-04-02,3847948.86
2026-04-03,3717911.0
2026-04-04,3982829.8
2026-04-05,3898571.48
2026-04-06,4419661.1
2026-04-07,4566497.1
2026-04-08,4586655.57
2026-04-09,4613970.51
2026-04-10,4607949.65
2026-04-11,4388432.29
2026-04-12,4053747.65
2026-04-13,4529016.18
2026-04-14,4522566.71
2026-04-15,4493511.94
2026-04-16,4506548.59
2026-04-17,4497743.56
2026-04-18,4268892.36
2026-04-19,3945437.69
2026-04-20,4434090.81
2026-04-21,4508193.5
2026-04-22,4505817.22
2026-04-23,4499904.24
2026-04-24,4490716.83
2026-04-25,4294391.18
2026-04-26,3979762.6
2026-04-27,4472847.71
2026-04-28,4578884.71
2026-04-29,4557514.63
2026-04-30,4575274.17
2026-05-01,4136004.13
2026-05-02,4092845.79
2026-05-03,3823369.53
2026-05-04,4332907.71
2026-05-05,4488600.88
2026-05-06,4495037.25
2026-05-07,4561015.29
2026-05-08,4498564.3
2026-05-09,4271263.16
2026-05-10,3930295.14
2026-05-11,4420557.84
2026-05-12,4444329.21
2026-05-13,4470934.56
2026-05-14,4525499.51
2026-05-15,4589362.09
2026-05-16,4371088.77
2026-05-17,3919774.25
2026-05-18,4003623.06
2026-05-19,4458468.93
2026-05-20,4538096.48
2026-05-21,4510599.62
2026-05-22,4535360.32
2026-05-23,4349463.0
2026-05-24,3937453.63
2026-05-25,4452984.21
2026-05-26,4510383.2
2026-05-27,4507005.54
2026-05-28,4547491.78
2026-05-29,4492621.09
2026-05-30,4214981.39
2026-05-31,3879252.06
2026-06-01,4567921.01
2026-06-02,4657097.15
2026-06-03,4587696.16
2026-06-04,4534715.2
2026-06-05,4475373.21
2026-06-06,4183512.34
2026-06-07,3791083.97
2026-06-08,3860559.56
2026-06-09,4317100.2
2026-06-10,4432423.36
2026-06-11,4595384.55
2026-06-12,4688438.48
2026-06-13,4481731.66
2026-06-14,4031610.58
2026-06-15,4026499.21
2026-06-16,4428926.72
2026-06-17,4522235.9
2026-06-18,4470211.57
2026-06-19,4496343.52
2026-06-20,4326165.38
2026-06-21,3929684.27
2026-06-22,4531487.87
2026-06-23,4602751.28
2026-06-24,4608557.88
2026-06-25,4670545.05
2026-06-26,4627852.22
2026-06-27,4379948.04
2026-06-28,4036316.33
2026-06-29,4191614.74
2026-06-30,4629710.26
2026-07-01,4537798.78
2026-07-02,4556308.07
2026-07-03,4480239.22
2026-07-04,4222445.33
2026-07-05,3947277.37
2026-07-06,4513144.99
2026-07-07,4568252.16
2026-07-08,4633954.48
2026-07-09,4567971.27
2026-07-10,4509590.42
2026-07-11,4326792.36
2026-07-12,3927993.27
2026-07-13,3983804.37
2026-07-14,4483465.57
2026-07-15,4597315.1
2026-07-16,4620942.33
2026-07-17,4628613.93
2026-07-18,4386071.3
2026-07-19,3952545.07
2026-07-20,3905662.14
2026-07-21,4345307.21
2026-07-22,4497666.22
2026-07-23,4435067.33
2026-07-24,4446876.58
2026-07-25,4318177.26
2026-07-26,3942053.22
2026-07-27,4353453.79
2026-07-28,4508732.81
2026-07-29,4595566.45
2026-07-30,4628215.1
2026-07-31,4550266.71
2026-08-01,4389625.22
2026-08-02,4065602.64
2026-08-03,4570361.07
2026-08-04,4575116.42
2026-08-05,4602687.04
2026-08-06,4515648.25
2026-08-07,4207368.11
2026-08-08,4301236.92
2026-08-09,4036218.48
2026-08-10,4264953.69
2026-08-11,4494822.88
2026-08-12,4568158.09
2026-08-13,4585725.66
2026-08-14,4618925.24
2026-08-15,4391855.27
2026-08-16,3996715.37
2026-08-17,3934215.42
2026-08-18,4382823.66
2026-08-19,4532755.39
2026-08-20,4619731.87
2026-08-21,4666276.76
2026-08-22,4365079.1
2026-08-23,3969315.77
2026-08-24,4456605.39
2026-08-25,4645443.31
2026-08-26,4610565.78
2026-08-27,4661957.86
2026-08-28,4694890.14
2026-08-29,4406481.63
2026-08-30,4013510.54
2026-08-31,4469163.65
2026-09-01,4491212.14765
2026-09-02,4491212.14765
2026-09-03,4491185.18871
2026-09-04,4491185.18871
2026-09-05,4310193.9921
2026-09-06,3976710.29233
2026-09-07,4491185.18871
2026-09-08,4491185.18871
2026-09-09,4491185.18871
2026-09-10,4491185.18871
2026-09-11,4491185.18871
2026-09-12,0.0
