fecha,volumen_util_pct
2000-02-01,1.00445
2000-02-02,1.00612
2000-02-03,1.01111
2000-02-04,1.01223
2000-02-05,1.01223
2000-02-06,1.01278
2000-02-07,1.01333
2000-02-08,1.01223
2000-02-09,1.01111
2000-02-10,1.01111
2000-02-11,1.00945
2000-02-12,1.00945
2000-02-13,1.00945
2000-02-14,1.00945
2000-02-15,1.00834
2000-02-16,1.00778
2000-02-17,1.00778
2000-02-18,1.00612
2000-02-19,1.00556
2000-02-20,1.00445
2000-02-21,1.0039
2000-02-22,1.00279
2000-02-23,1.00279
2000-02-24,1.00334
2000-02-25,1.0039
2000-02-26,1.00334
2000-02-27,1.00445
2000-02-28,1.00556
2000-02-29,1.00723
2000-03-01,1.01001
2000-03-02,1.01333
2000-03-03,1.01944
2000-03-04,1.0211
2000-03-05,1.02165
2000-03-06,1.02221
2000-03-07,1.02276
2000-03-08,1.0211
2000-03-09,1.01944
2000-03-10,1.01722
2000-03-11,1.01555
2000-03-12,1.01777
2000-03-13,1.01666
2000-03-14,1.015
2000-03-15,1.01389
2000-03-16,1.01278
2000-03-17,1.01167
2000-03-18,1.01111
2000-03-19,1.01001
2000-03-20,1.00945
2000-03-21,1.00945
2000-03-22,1.00778
2000-03-23,1.00612
2000-03-24,1.00556
2000-03-25,1.00445
2000-03-26,1.00612
2000-03-27,1.00723
2000-03-28,1.00723
2000-03-29,1.00834
2000-03-30,1.01001
2000-03-31,1.00945
2000-04-01,1.00834
2000-04-02,1.0089
2000-04-03,1.01056
2000-04-04,1.01111
2000-04-05,1.01056
2000-04-06,1.01223
2000-04-07,1.01555
2000-04-08,1.015
2000-04-09,1.015
2000-04-10,1.01389
2000-04-11,1.01389
2000-04-12,1.01389
2000-04-13,1.01389
2000-04-14,1.01333
2000-04-15,1.01333
2000-04-16,1.01389
2000-04-17,1.015
2000-04-18,1.015
2000-04-19,1.015
2000-04-20,1.01555
2000-04-21,1.01444
2000-04-22,1.01722
2000-04-23,1.01722
2000-04-24,1.02054
2000-04-25,1.02165
2000-04-26,1.0211
2000-04-27,1.01999
2000-04-28,1.01833
2000-04-29,1.01888
2000-04-30,1.01666
2000-05-01,1.015
2000-05-02,1.01389
2000-05-03,1.01722
2000-05-04,1.01777
2000-05-05,1.01944
2000-05-06,1.02221
2000-05-07,1.02442
2000-05-08,1.02498
2000-05-09,1.02332
2000-05-10,1.0211
2000-05-11,1.01999
2000-05-12,1.01888
2000-05-13,1.0211
2000-05-14,1.02276
2000-05-15,1.02498
2000-05-16,1.02609
2000-05-17,1.02719
2000-05-18,1.02941
2000-05-19,1.02996
2000-05-20,1.03107
2000-05-21,1.03052
2000-05-22,1.02886
2000-05-23,1.0283
2000-05-24,1.0283
2000-05-25,1.02941
2000-05-26,1.02941
2000-05-27,1.02996
2000-05-28,1.03218
2000-05-29,1.03162
2000-05-30,1.03162
2000-05-31,1.03273
2000-06-01,1.03384
2000-06-02,1.03439
2000-06-03,1.03328
2000-06-04,1.03328
2000-06-05,1.03162
2000-06-06,1.03218
2000-06-07,1.02996
2000-06-08,1.02775
2000-06-09,1.02553
2000-06-10,1.02442
2000-06-11,1.02276
2000-06-12,1.02165
2000-06-13,1.02221
2000-06-14,1.02553
2000-06-15,1.02664
2000-06-16,1.03328
2000-06-17,1.03771
2000-06-18,1.03826
2000-06-19,1.03716
2000-06-20,1.0355
2000-06-21,1.03494
2000-06-22,1.04047
2000-06-23,1.04213
2000-06-24,1.04821
2000-06-25,1.04876
2000-06-26,1.046
2000-06-27,1.04655
2000-06-28,1.04324
2000-06-29,1.03882
2000-06-30,1.03882
2000-07-01,1.03992
2000-07-02,1.03937
2000-07-03,1.03882
2000-07-04,1.0366
2000-07-05,1.03439
2000-07-06,1.03328
2000-07-07,1.03439
2000-07-08,1.03328
2000-07-09,1.03162
2000-07-10,1.02941
2000-07-11,1.02664
2000-07-12,1.02553
2000-07-13,1.02498
2000-07-14,1.02387
2000-07-15,1.02276
2000-07-16,1.02387
2000-07-17,1.02775
2000-07-18,1.02775
2000-07-19,1.02609
2000-07-20,1.02442
2000-07-21,1.02276
2000-07-22,1.02165
2000-07-23,1.02054
2000-07-24,1.02165
2000-07-25,1.02332
2000-07-26,1.02442
2000-07-27,1.02276
2000-07-28,1.02276
2000-07-29,1.02276
2000-07-30,1.02387
2000-07-31,1.02442
2000-08-01,1.02276
2000-08-02,1.02498
2000-08-03,1.02886
2000-08-04,1.03052
2000-08-05,1.02996
2000-08-06,1.03052
2000-08-07,1.02996
2000-08-08,1.02941
2000-08-09,1.02941
2000-08-10,1.02941
2000-08-11,1.0283
2000-08-12,1.02442
2000-08-13,1.02221
2000-08-14,1.0211
2000-08-15,1.02442
2000-08-16,1.02276
2000-08-17,1.01944
2000-08-18,1.01666
2000-08-19,1.01333
2000-08-20,1.01167
2000-08-21,1.01111
2000-08-22,1.01056
2000-08-23,1.01056
2000-08-24,1.01111
2000-08-25,1.01389
2000-08-26,1.01389
2000-08-27,1.01223
2000-08-28,1.01333
2000-08-29,1.01777
2000-08-30,1.01722
2000-08-31,1.01944
2000-09-01,1.01944
2000-09-02,1.02054
2000-09-03,1.02387
2000-09-04,1.02996
2000-09-05,1.03273
2000-09-06,1.03273
2000-09-07,1.03439
2000-09-08,1.03384
2000-09-09,1.0355
2000-09-10,1.03882
2000-09-11,1.03826
2000-09-12,1.03716
2000-09-13,1.03605
2000-09-14,1.03439
2000-09-15,1.03384
2000-09-16,1.03494
2000-09-17,1.03605
2000-09-18,1.03439
2000-09-19,1.03273
2000-09-20,1.03162
2000-09-21,1.03273
2000-09-22,1.03162
2000-09-23,1.03107
2000-09-24,1.03107
2000-09-25,1.03052
2000-09-26,1.02941
2000-09-27,1.02941
2000-09-28,1.02941
2000-09-29,1.02941
2000-09-30,1.03052
2000-10-01,1.03107
2000-10-02,1.03439
2000-10-03,1.03771
2000-10-04,1.03826
2000-10-05,1.03771
2000-10-06,1.0355
2000-10-07,1.03494
2000-10-08,1.03218
2000-10-09,1.03052
2000-10-10,1.0283
2000-10-11,1.02775
2000-10-12,1.02609
2000-10-13,1.02498
2000-10-14,1.02332
2000-10-15,1.02054
2000-10-16,1.01833
2000-10-17,1.01611
2000-10-18,1.015
2000-10-19,1.01333
2000-10-20,1.01223
2000-10-21,1.01056
2000-10-22,1.01056
2000-10-23,1.01056
2000-10-24,1.0089
2000-10-25,1.00834
2000-10-26,1.0089
2000-10-27,1.01278
2000-10-28,1.01333
2000-10-29,1.01444
2000-10-30,1.01666
2000-10-31,1.01611
2000-11-01,1.01999
2000-11-02,1.02221
2000-11-03,1.02276
2000-11-04,1.0211
2000-11-05,1.01944
2000-11-06,1.01944
2000-11-07,1.01777
2000-11-08,1.015
2000-11-09,1.01333
2000-11-10,1.01278
2000-11-11,1.01223
2000-11-12,1.01278
2000-11-13,1.01333
2000-11-14,1.01278
2000-11-15,1.01111
2000-11-16,1.0089
2000-11-17,1.00945
2000-11-18,1.01001
2000-11-19,1.01056
2000-11-20,1.0089
2000-11-21,1.00667
2000-11-22,1.00445
2000-11-23,1.00445
2000-11-24,1.00223
2000-11-25,0.99946
2000-11-26,0.99612
2000-11-27,0.99446
2000-11-28,0.99279
2000-11-29,0.99001
2000-11-30,0.98668
2000-12-01,0.98334
2000-12-02,0.98001
2000-12-03,0.97834
2000-12-04,0.97556
2000-12-05,0.97278
2000-12-06,0.96945
2000-12-07,0.96667
2000-12-08,0.96334
2000-12-09,0.96
2000-12-10,0.95778
2000-12-11,0.95556
2000-12-12,0.95278
2000-12-13,0.95167
2000-12-14,0.94945
2000-12-15,0.94945
2000-12-16,0.94945
2000-12-17,0.95
2000-12-18,0.94723
2000-12-19,0.94501
2000-12-20,0.94279
2000-12-21,0.93946
2000-12-22,0.93613
2000-12-23,0.9328
2000-12-24,0.93502
2000-12-25,0.93557
2000-12-26,0.93613
2000-12-27,0.93668
2000-12-28,0.93668
2000-12-29,0.93946
2000-12-30,0.93946
2000-12-31,0.9389
2001-01-02,0.91256
2001-01-03,0.912
2001-01-04,0.90978
2001-01-05,0.90867
2001-01-06,0.90756
2001-01-07,0.90535
2001-01-08,0.90368
2001-01-09,0.90257
2001-01-10,0.90257
2001-01-11,0.90036
2001-01-12,0.89814
2001-01-13,0.89537
2001-01-14,0.89316
2001-01-15,0.88984
2001-01-16,0.88873
2001-01-17,0.88597
2001-01-18,0.88376
2001-01-19,0.88265
2001-01-20,0.88431
2001-01-21,0.88431
2001-01-22,0.8821
2001-01-23,0.8821
2001-01-24,0.88486
2001-01-25,0.88763
2001-01-26,0.88597
2001-01-27,0.88265
2001-01-28,0.87989
2001-01-29,0.87657
2001-01-30,0.87381
2001-01-31,0.87051
2001-02-01,0.8672
2001-02-02,0.86554
2001-02-03,0.86224
2001-02-04,0.85894
2001-02-05,0.85564
2001-02-06,0.85289
2001-02-07,0.8496
2001-02-08,0.84575
2001-02-09,0.84247
2001-02-10,0.84082
2001-02-11,0.84137
2001-02-12,0.84027
2001-02-13,0.83808
2001-02-14,0.83644
2001-02-15,0.83644
2001-02-16,0.83589
2001-02-17,0.83589
2001-02-18,0.83535
2001-02-19,0.83425
2001-02-20,0.83425
2001-02-21,0.83316
2001-02-22,0.83207
2001-02-23,0.82988
2001-02-24,0.8277
2001-02-25,0.82551
2001-02-26,0.82388
2001-02-27,0.8217
2001-02-28,0.82006
2001-03-01,0.82006
2001-03-02,0.81897
2001-03-03,0.8168
2001-03-04,0.81516
2001-03-05,0.81408
2001-03-06,0.81299
2001-03-07,0.81299
2001-03-08,0.81136
2001-03-09,0.80919
2001-03-10,0.80648
2001-03-11,0.80376
2001-03-12,0.80106
2001-03-13,0.79889
2001-03-14,0.79511
2001-03-15,0.79295
2001-03-16,0.78917
2001-03-17,0.78594
2001-03-18,0.78432
2001-03-19,0.78486
2001-03-20,0.7854
2001-03-21,0.78594
2001-03-22,0.78594
2001-03-23,0.78648
2001-03-24,0.78702
2001-03-25,0.78594
2001-03-26,0.78594
2001-03-27,0.78379
2001-03-28,0.78271
2001-03-29,0.78109
2001-03-30,0.78163
2001-03-31,0.78325
2001-04-01,0.78271
2001-04-02,0.78163
2001-04-03,0.78163
2001-04-04,0.77948
2001-04-05,0.7768
2001-04-06,0.77412
2001-04-07,0.77573
2001-04-08,0.77412
2001-04-09,0.77358
2001-04-10,0.77358
2001-04-11,0.77358
2001-04-12,0.77465
2001-04-13,0.77251
2001-04-14,0.76876
2001-04-15,0.76556
2001-04-16,0.76716
2001-04-17,0.76556
2001-04-18,0.76716
2001-04-19,0.76983
2001-04-20,0.76716
2001-04-21,0.76556
2001-04-22,0.76502
2001-04-23,0.76342
2001-04-24,0.76075
2001-04-25,0.75702
2001-04-26,0.75756
2001-04-27,0.75702
2001-04-28,0.7533
2001-04-29,0.75436
2001-04-30,0.75756
2001-05-01,0.75649
2001-05-02,0.75596
2001-05-03,0.75702
2001-05-04,0.75702
2001-05-05,0.75756
2001-05-06,0.75862
2001-05-07,0.75862
2001-05-08,0.75809
2001-05-09,0.75596
2001-05-10,0.7549
2001-05-11,0.75649
2001-05-12,0.75436
2001-05-13,0.75702
2001-05-14,0.75915
2001-05-15,0.76342
2001-05-16,0.76662
2001-05-17,0.76876
2001-05-18,0.77305
2001-05-19,0.77626
2001-05-20,0.77787
2001-05-21,0.78271
2001-05-22,0.78755
2001-05-23,0.79025
2001-05-24,0.79295
2001-05-25,0.79727
2001-05-26,0.80214
2001-05-27,0.80593
2001-05-28,0.8119
2001-05-29,0.81516
2001-05-30,0.8168
2001-05-31,0.81788
2001-06-01,0.81952
2001-06-02,0.82115
2001-06-03,0.82279
2001-06-04,0.82442
2001-06-05,0.82879
2001-06-06,0.83152
2001-06-07,0.83371
2001-06-08,0.83863
2001-06-09,0.84301
2001-06-10,0.84521
2001-06-11,0.84575
2001-06-12,0.85014
2001-06-13,0.85179
2001-06-14,0.85454
2001-06-15,0.85839
2001-06-16,0.86004
2001-06-17,0.86389
2001-06-18,0.8672
2001-06-19,0.87161
2001-06-20,0.87437
2001-06-21,0.87602
2001-06-22,0.87768
2001-06-23,0.87878
2001-06-24,0.88044
2001-06-25,0.88099
2001-06-26,0.8821
2001-06-27,0.8821
2001-06-28,0.88099
2001-06-29,0.87989
2001-06-30,0.88154
2001-07-01,0.88099
2001-07-02,0.88265
2001-07-03,0.88376
2001-07-04,0.88431
2001-07-05,0.88431
2001-07-06,0.88486
2001-07-07,0.88431
2001-07-08,0.88597
2001-07-09,0.88929
2001-07-10,0.89261
2001-07-11,0.89593
2001-07-12,0.90091
2001-07-13,0.90147
2001-07-14,0.90202
2001-07-15,0.9059
2001-07-16,0.912
2001-07-17,0.91366
2001-07-18,0.91699
2001-07-19,0.91755
2001-07-20,0.92255
2001-07-21,0.92199
2001-07-22,0.92477
2001-07-23,0.92754
2001-07-24,0.92477
2001-07-25,0.92477
2001-07-26,0.92588
2001-07-27,0.92865
2001-07-28,0.93365
2001-07-29,0.93699
2001-07-30,0.93866
2001-07-31,0.93699
2001-08-01,0.93699
2001-08-02,0.93588
2001-08-03,0.93477
2001-08-04,0.93365
2001-08-05,0.93254
2001-08-06,0.93143
2001-08-07,0.92977
2001-08-08,0.92865
2001-08-09,0.92754
2001-08-10,0.92588
2001-08-11,0.92255
2001-08-12,0.92144
2001-08-13,0.91977
2001-08-14,0.91811
2001-08-15,0.91866
2001-08-16,0.91699
2001-08-17,0.91755
2001-08-18,0.91422
2001-08-19,0.91311
2001-08-20,0.91145
2001-08-21,0.91034
2001-08-22,0.90812
2001-08-23,0.90701
2001-08-24,0.9059
2001-08-25,0.90701
2001-08-26,0.90646
2001-08-27,0.90646
2001-08-28,0.90646
2001-08-29,0.90424
2001-08-30,0.90257
2001-08-31,0.90257
2001-09-01,0.89814
2001-09-02,0.89814
2001-09-03,0.89703
2001-09-04,0.89593
2001-09-05,0.89316
2001-09-06,0.8915
2001-09-07,0.88818
2001-09-08,0.88486
2001-09-09,0.88265
2001-09-10,0.88486
2001-09-11,0.88707
2001-09-12,0.88929
2001-09-13,0.89094
2001-09-14,0.89427
2001-09-15,0.89925
2001-09-16,0.90257
2001-09-17,0.90257
2001-09-18,0.90313
2001-09-19,0.9059
2001-09-20,0.90812
2001-09-21,0.90867
2001-09-22,0.91089
2001-09-23,0.91478
2001-09-24,0.91977
2001-09-25,0.92199
2001-09-26,0.92477
2001-09-27,0.92699
2001-09-28,0.92865
2001-09-29,0.92977
2001-09-30,0.93143
2001-10-01,0.93365
2001-10-02,0.93532
2001-10-03,0.93699
2001-10-04,0.93754
2001-10-05,0.93643
2001-10-06,0.93754
2001-10-07,0.93477
2001-10-08,0.9331
2001-10-09,0.93477
2001-10-10,0.93699
2001-10-11,0.9381
2001-10-12,0.93977
2001-10-13,0.94032
2001-10-14,0.94143
2001-10-15,0.94255
2001-10-16,0.94699
2001-10-17,0.95033
2001-10-18,0.95144
2001-10-19,0.95311
2001-10-20,0.95422
2001-10-21,0.95755
2001-10-22,0.95977
2001-10-23,0.96144
2001-10-24,0.96589
2001-10-25,0.96366
2001-10-26,0.96255
2001-10-27,0.962
2001-10-28,0.96311
2001-10-29,0.96478
2001-10-30,0.96922
2001-10-31,0.97033
2001-11-01,0.97144
2001-11-02,0.97422
2001-11-03,0.97255
2001-11-04,0.97033
2001-11-05,0.97311
2001-11-06,0.97866
2001-11-07,0.98088
2001-11-08,0.98255
2001-11-09,0.98366
2001-11-10,0.98088
2001-11-11,0.98255
2001-11-12,0.97977
2001-11-13,0.97866
2001-11-14,0.97922
2001-11-15,0.97866
2001-11-16,0.97866
2001-11-17,0.98088
2001-11-18,0.98255
2001-11-19,0.98255
2001-11-20,0.98144
2001-11-21,0.98033
2001-11-22,0.97755
2001-11-23,0.97478
2001-11-24,0.97478
2001-11-25,0.97644
2001-11-26,0.97755
2001-11-27,0.97644
2001-11-28,0.97811
2001-11-29,0.97478
2001-11-30,0.97144
2001-12-01,0.96867
2001-12-02,0.97144
2001-12-03,0.972
2001-12-04,0.972
2001-12-05,0.96978
2001-12-06,0.97144
2001-12-07,0.97255
2001-12-08,0.97255
2001-12-09,0.97311
2001-12-10,0.97422
2001-12-11,0.97311
2001-12-12,0.97089
2001-12-13,0.96811
2001-12-14,0.96422
2001-12-15,0.98612
2002-04-30,0.8985
2002-05-01,0.90071
2002-05-02,0.90292
2002-05-03,0.90181
2002-05-04,0.90071
2002-05-05,0.89961
2002-05-06,0.8985
2002-05-07,0.8963
2002-05-08,0.89354
2002-05-09,0.89189
2002-05-10,0.89079
2002-05-11,0.88968
2002-05-12,0.88528
2002-05-13,0.88308
2002-05-14,0.87923
2002-05-15,0.87484
2002-05-16,0.87649
2002-05-17,0.87649
2002-05-18,0.87923
2002-05-19,0.87649
2002-05-20,0.87484
2002-05-21,0.87649
2002-05-22,0.87649
2002-05-23,0.87868
2002-05-24,0.88088
2002-05-25,0.88638
2002-05-26,0.89575
2002-05-27,0.90071
2002-05-28,0.90734
2002-05-29,0.91121
2002-05-30,0.91618
2002-05-31,0.92006
2002-06-01,0.92338
2002-06-02,0.93169
2002-06-03,0.93613
2002-06-04,0.94001
2002-06-05,0.94501
2002-06-06,0.95056
2002-06-07,0.95667
2002-06-08,0.96167
2002-06-09,0.96667
2002-06-10,0.97112
2002-06-11,0.97501
2002-06-12,0.97723
2002-06-13,0.98112
2002-06-14,0.98334
2002-06-15,0.98612
2002-06-16,0.98779
2002-06-17,0.98946
2002-06-18,0.99168
2002-06-19,0.99279
2002-06-20,0.9939
2002-06-21,0.99501
2002-06-22,0.99612
2002-06-23,0.99779
2002-06-24,0.99835
2002-06-25,0.99612
2002-06-26,0.99557
2002-06-27,0.99557
2002-06-28,0.99335
2002-06-29,0.99446
2002-06-30,0.99335
2002-07-01,0.99279
2002-07-02,0.9889
2002-07-03,0.98668
2002-07-04,0.98446
2002-07-05,0.98668
2002-07-06,0.99057
2002-07-07,0.99224
2002-07-08,0.99335
2002-07-09,0.99446
2002-07-10,0.99446
2002-07-11,0.99001
2002-07-12,0.99057
2002-07-13,0.99112
2002-07-14,0.99168
2002-07-15,0.99279
2002-07-16,0.99835
2002-07-17,1.00112
2002-07-18,1.00168
2002-07-19,1.00001
2002-07-20,1.00168
2002-07-21,1.00501
2002-07-22,1.00168
2002-07-23,1.00223
2002-07-24,1.00445
2002-07-25,1.00779
2002-07-26,1.00779
2002-07-27,1.0089
2002-07-28,1.00945
2002-07-29,1.00945
2002-07-30,1.00501
2002-07-31,1.00057
2002-08-01,0.99612
2002-08-02,0.99279
2002-08-03,0.99335
2002-08-04,0.9939
2002-08-05,0.99335
2002-08-06,0.99168
2002-08-07,0.99224
2002-08-08,0.99057
2002-08-09,0.99001
2002-08-10,0.98668
2002-08-11,0.98723
2002-08-12,0.98723
2002-08-13,0.98723
2002-08-14,0.98557
2002-08-15,0.98557
2002-08-16,0.98557
2002-08-17,0.98334
2002-08-18,0.9839
2002-08-19,0.98446
2002-08-20,0.98334
2002-08-21,0.98279
2002-08-22,0.98057
2002-08-23,0.97834
2002-08-24,0.97612
2002-08-25,0.97556
2002-08-26,0.9739
2002-08-27,0.9739
2002-08-28,0.9739
2002-08-29,0.9739
2002-08-30,0.97112
2002-08-31,0.97167
2002-09-01,0.97056
2002-09-02,0.97334
2002-09-03,0.97556
2002-09-04,0.97612
2002-09-05,0.97612
2002-09-06,0.97779
2002-09-07,0.97945
2002-09-08,0.97945
2002-09-09,0.97501
2002-09-10,0.97167
2002-09-11,0.96945
2002-09-12,0.96556
2002-09-13,0.965
2002-09-14,0.96334
2002-09-15,0.96723
2002-09-16,0.96556
2002-09-17,0.96723
2002-09-18,0.97056
2002-09-19,0.9739
2002-09-20,0.97556
2002-09-21,0.97667
2002-09-22,0.97779
2002-09-23,0.9789
2002-09-24,0.97667
2002-09-25,0.97667
2002-09-26,0.9739
2002-09-27,0.97334
2002-09-28,0.97445
2002-09-29,0.97167
2002-09-30,0.96834
2002-10-01,0.96445
2002-10-02,0.96278
2002-10-03,0.95889
2002-10-04,0.95445
2002-10-05,0.95334
2002-10-06,0.95056
2002-10-07,0.94612
2002-10-08,0.9439
2002-10-09,0.94223
2002-10-10,0.94112
2002-10-11,0.93779
2002-10-12,0.93391
2002-10-13,0.93003
2002-10-14,0.9256
2002-10-15,0.92172
2002-10-16,0.9184
2002-10-17,0.92061
2002-10-18,0.91729
2002-10-19,0.91618
2002-10-20,0.91508
2002-10-21,0.91286
2002-10-22,0.9101
2002-10-23,0.9101
2002-10-24,0.909
2002-10-25,0.9101
2002-10-26,0.909
2002-10-27,0.91618
2002-10-28,0.92172
2002-10-29,0.92726
2002-10-30,0.9328
2002-10-31,0.93613
2002-11-01,0.94112
2002-11-02,0.9439
2002-11-03,0.94723
2002-11-04,0.95278
2002-11-05,0.95556
2002-11-06,0.95834
2002-11-07,0.96111
2002-11-08,0.96778
2002-11-09,0.97334
2002-11-10,0.97667
2002-11-11,0.98001
2002-11-12,0.98279
2002-11-13,0.98557
2002-11-14,0.98446
2002-11-15,0.98223
2002-11-16,0.98223
2002-11-17,0.98057
2002-11-18,0.9789
2002-11-19,0.9789
2002-11-20,0.97501
2002-11-21,0.9739
2002-11-22,0.96945
2002-11-23,0.96556
2002-11-24,0.96445
2002-11-25,0.96111
2002-11-26,0.95945
2002-11-27,0.95667
2002-11-28,0.95389
2002-11-29,0.95056
2002-11-30,0.94723
2002-12-01,0.94778
2002-12-02,0.94612
2002-12-03,0.94334
2002-12-04,0.93946
2002-12-05,0.92926
2002-12-06,0.93046
2002-12-07,0.92627
2002-12-08,0.92328
2002-12-09,0.9197
2002-12-10,0.91673
2002-12-11,0.91376
2002-12-12,0.91198
2002-12-13,0.90842
2002-12-14,0.90546
2002-12-15,0.90724
2002-12-16,0.90724
2002-12-17,0.90901
2002-12-18,0.91138
2002-12-19,0.91138
2002-12-20,0.91554
2002-12-21,0.91673
2002-12-22,0.91673
2002-12-23,0.91613
2002-12-24,0.91257
2002-12-25,0.91257
2002-12-26,0.91316
2002-12-27,0.9102
2002-12-28,0.9102
2002-12-29,0.90428
2002-12-30,0.90133
2002-12-31,0.89897
2003-01-01,0.89427
2003-01-02,0.88957
2003-01-03,0.88431
2003-01-04,0.87906
2003-01-05,0.87382
2003-01-06,0.86918
2003-01-07,0.86513
2003-01-08,0.8634
2003-01-09,0.85937
2003-01-10,0.85419
2003-01-11,0.85132
2003-01-12,0.84617
2003-01-13,0.8416
2003-01-14,0.83705
2003-01-15,0.83251
2003-01-16,0.83194
2003-01-17,0.82628
2003-01-18,0.82177
2003-01-19,0.81783
2003-01-20,0.81502
2003-01-21,0.81054
2003-01-22,0.80607
2003-01-23,0.80161
2003-01-24,0.79772
2003-01-25,0.79661
2003-01-26,0.7955
2003-01-27,0.79107
2003-01-28,0.78776
2003-01-29,0.7817
2003-01-30,0.77676
2003-01-31,0.77184
2003-02-01,0.76693
2003-02-02,0.7615
2003-02-03,0.75608
2003-02-04,0.75068
2003-02-05,0.74692
2003-02-06,0.74531
2003-02-07,0.74155
2003-02-08,0.73995
2003-02-09,0.73728
2003-02-10,0.73781
2003-02-11,0.73621
2003-02-12,0.73781
2003-02-13,0.73888
2003-02-14,0.73834
2003-02-15,0.73408
2003-02-16,0.72823
2003-02-17,0.72505
2003-02-18,0.72135
2003-02-19,0.7166
2003-02-20,0.71134
2003-02-21,0.70611
2003-02-22,0.70037
2003-02-23,0.69517
2003-02-24,0.69103
2003-02-25,0.68639
2003-02-26,0.68381
2003-02-27,0.67919
2003-02-28,0.67509
2003-03-01,0.67101
2003-03-02,0.6705
2003-03-03,0.66897
2003-03-04,0.66491
2003-03-05,0.6644
2003-03-06,0.66035
2003-03-07,0.65682
2003-03-08,0.65279
2003-03-09,0.64827
2003-03-10,0.64427
2003-03-11,0.63978
2003-03-12,0.63432
2003-03-13,0.63135
2003-03-14,0.62592
2003-03-15,0.62198
2003-03-16,0.61855
2003-03-17,0.61562
2003-03-18,0.61367
2003-03-19,0.61269
2003-03-20,0.6122
2003-03-21,0.61074
2003-03-22,0.6088
2003-03-23,0.60444
2003-03-24,0.60009
2003-03-25,0.59623
2003-03-26,0.59479
2003-03-27,0.59383
2003-03-28,0.59
2003-03-29,0.58905
2003-03-30,0.58761
2003-03-31,0.58427
2003-04-01,0.58
2003-04-02,0.57668
2003-04-03,0.57291
2003-04-04,0.56867
2003-04-05,0.56492
2003-04-06,0.56212
2003-04-07,0.55839
2003-04-08,0.55467
2003-04-09,0.55142
2003-04-10,0.54865
2003-04-11,0.54543
2003-04-12,0.54405
2003-04-13,0.54773
2003-04-14,0.55096
2003-04-15,0.55978
2003-04-16,0.56492
2003-04-17,0.5682
2003-04-18,0.57244
2003-04-19,0.57574
2003-04-20,0.57338
2003-04-21,0.57716
2003-04-22,0.57432
2003-04-23,0.57716
2003-04-24,0.58
2003-04-25,0.58285
2003-04-26,0.58618
2003-04-27,0.58857
2003-04-28,0.59096
2003-04-29,0.59575
2003-04-30,0.59768
2003-05-01,0.5996
2003-05-02,0.60105
2003-05-03,0.60105
2003-05-04,0.60057
2003-05-05,0.6025
2003-05-06,0.60492
2003-05-07,0.6088
2003-05-08,0.60929
2003-05-09,0.61123
2003-05-10,0.60929
2003-05-11,0.60734
2003-05-12,0.61026
2003-05-13,0.61415
2003-05-14,0.6166
2003-05-15,0.61806
2003-05-16,0.61953
2003-05-17,0.62149
2003-05-18,0.6274
2003-05-19,0.63184
2003-05-20,0.63432
2003-05-21,0.6368
2003-05-22,0.64028
2003-05-23,0.64477
2003-05-24,0.65329
2003-05-25,0.66086
2003-05-26,0.66491
2003-05-27,0.66796
2003-05-28,0.66948
2003-05-29,0.67305
2003-05-30,0.68073
2003-05-31,0.68433
2003-06-01,0.68742
2003-06-02,0.69207
2003-06-03,0.69777
2003-06-04,0.70193
2003-06-05,0.70454
2003-06-06,0.70768
2003-06-07,0.71344
2003-06-08,0.7166
2003-06-09,0.71923
2003-06-10,0.72082
2003-06-11,0.72664
2003-06-12,0.73354
2003-06-13,0.73941
2003-06-14,0.74799
2003-06-15,0.75825
2003-06-16,0.76421
2003-06-17,0.77348
2003-06-18,0.78225
2003-06-19,0.78941
2003-06-20,0.79605
2003-06-21,0.80217
2003-06-22,0.80718
2003-06-23,0.81166
2003-06-24,0.81952
2003-06-25,0.82459
2003-06-26,0.82797
2003-06-27,0.83024
2003-06-28,0.83307
2003-06-29,0.83534
2003-06-30,0.83818
2003-07-01,0.8416
2003-07-02,0.84331
2003-07-03,0.84331
2003-07-04,0.84503
2003-07-05,0.8496
2003-07-06,0.85361
2003-07-07,0.85879
2003-07-08,0.86282
2003-07-09,0.86513
2003-07-10,0.86513
2003-07-11,0.86629
2003-07-12,0.86282
2003-07-13,0.85994
2003-07-14,0.85649
2003-07-15,0.85419
2003-07-16,0.85189
2003-07-17,0.8496
2003-07-18,0.84617
2003-07-19,0.84331
2003-07-20,0.8416
2003-07-21,0.83648
2003-07-22,0.83251
2003-07-23,0.82967
2003-07-24,0.82571
2003-07-25,0.82233
2003-07-26,0.82177
2003-07-27,0.82233
2003-07-28,0.82289
2003-07-29,0.82064
2003-07-30,0.81952
2003-07-31,0.82008
2003-08-01,0.81839
2003-08-02,0.82346
2003-08-03,0.82628
2003-08-04,0.82854
2003-08-05,0.82911
2003-08-06,0.83024
2003-08-07,0.83081
2003-08-08,0.83251
2003-08-09,0.83364
2003-08-10,0.83421
2003-08-11,0.83364
2003-08-12,0.82854
2003-08-13,0.82346
2003-08-14,0.81839
2003-08-15,0.81502
2003-08-16,0.81334
2003-08-17,0.81054
2003-08-18,0.80607
2003-08-19,0.80439
2003-08-20,0.80272
2003-08-21,0.79939
2003-08-22,0.8005
2003-08-23,0.80495
2003-08-24,0.80663
2003-08-25,0.8083
2003-08-26,0.80718
2003-08-27,0.80663
2003-08-28,0.8083
2003-08-29,0.80886
2003-08-30,0.80998
2003-08-31,0.81054
2003-09-01,0.8111
2003-09-02,0.81054
2003-09-03,0.81054
2003-09-04,0.81166
2003-09-05,0.81446
2003-09-06,0.82064
2003-09-07,0.82289
2003-09-08,0.82911
2003-09-09,0.83024
2003-09-10,0.82911
2003-09-11,0.83137
2003-09-12,0.83534
2003-09-13,0.83648
2003-09-14,0.83477
2003-09-15,0.83591
2003-09-16,0.83648
2003-09-17,0.83762
2003-09-18,0.83818
2003-09-19,0.83989
2003-09-20,0.84217
2003-09-21,0.84388
2003-09-22,0.8456
2003-09-23,0.84731
2003-09-24,0.85017
2003-09-25,0.85132
2003-09-26,0.85247
2003-09-27,0.85649
2003-09-28,0.85821
2003-09-29,0.85994
2003-09-30,0.86629
2003-10-01,0.8686
2003-10-02,0.87092
2003-10-03,0.87208
2003-10-04,0.87557
2003-10-05,0.87848
2003-10-06,0.87789
2003-10-07,0.87499
2003-10-08,0.87208
2003-10-09,0.86976
2003-10-10,0.87092
2003-10-11,0.87092
2003-10-12,0.87208
2003-10-13,0.87441
2003-10-14,0.87615
2003-10-15,0.87848
2003-10-16,0.88197
2003-10-17,0.88431
2003-10-18,0.88665
2003-10-19,0.8884
2003-10-20,0.89427
2003-10-21,0.90074
2003-10-22,0.90428
2003-10-23,0.90783
2003-10-24,0.91079
2003-10-25,0.91495
2003-10-26,0.91792
2003-10-27,0.9203
2003-10-28,0.92328
2003-10-29,0.92687
2003-10-30,0.93046
2003-10-31,0.93466
2003-11-01,0.93886
2003-11-02,0.94489
2003-11-03,0.94791
2003-11-04,0.95033
2003-11-05,0.95276
2003-11-06,0.9564
2003-11-07,0.95822
2003-11-08,0.96431
2003-11-09,0.96797
2003-11-10,0.97041
2003-11-11,0.97409
2003-11-12,0.9747
2003-11-13,0.97838
2003-11-14,0.98207
2003-11-15,0.98885
2003-11-16,0.99256
2003-11-17,0.99504
2003-11-18,0.99442
2003-11-19,0.99132
2003-11-20,0.98947
2003-11-21,0.98947
2003-11-22,0.98639
2003-11-23,0.98577
2003-11-24,0.987
2003-11-25,0.99009
2003-11-26,0.99071
2003-11-27,0.99442
2003-11-28,0.9969
2003-11-29,0.9969
2003-11-30,1.00062
2003-12-01,1.00497
2003-12-02,1.00996
2003-12-03,1.01183
2003-12-04,1.0137
2003-12-05,1.01683
2003-12-06,1.01871
2003-12-07,1.01997
2003-12-08,1.02185
2003-12-09,1.02122
2003-12-10,1.02122
2003-12-11,1.02122
2003-12-12,1.01496
2003-12-13,1.00996
2003-12-14,1.00559
2003-12-15,1.00124
2003-12-16,0.99628
2003-12-17,0.99194
2003-12-18,0.98885
2003-12-19,0.99009
2003-12-20,0.99132
2003-12-21,0.9938
2003-12-22,0.99442
2003-12-23,0.99504
2003-12-24,0.9969
2003-12-25,1.0
2003-12-26,0.99628
2003-12-27,0.9938
2003-12-28,0.99566
2003-12-29,0.99194
2003-12-30,0.99318
2003-12-31,0.99442
2004-01-01,0.99566
2004-01-02,0.99318
2004-01-03,0.98824
2004-01-04,0.98762
2004-01-05,0.98824
2004-01-06,0.98577
2004-01-07,0.98577
2004-01-08,0.98762
2004-01-09,0.98515
2004-01-10,0.99009
2004-01-11,0.99256
2004-01-12,0.99504
2004-01-13,0.99628
2004-01-14,0.99504
2004-01-15,0.99132
2004-01-16,0.98639
2004-01-17,0.98207
2004-01-18,0.97777
2004-01-19,0.97348
2004-01-20,0.97041
2004-01-21,0.96675
2004-01-22,0.96309
2004-01-23,0.96065
2004-01-24,0.96065
2004-01-25,0.96126
2004-01-26,0.95822
2004-01-27,0.95579
2004-01-28,0.95276
2004-01-29,0.94791
2004-01-30,0.94429
2004-01-31,0.94007
2004-02-01,0.94007
2004-02-02,0.94067
2004-02-03,0.93706
2004-02-04,0.93346
2004-02-05,0.92926
2004-02-06,0.92507
2004-02-07,0.9203
2004-02-08,0.91435
2004-02-09,0.91138
2004-02-10,0.90724
2004-02-11,0.90192
2004-02-12,0.89956
2004-02-13,0.89956
2004-02-14,0.89721
2004-02-15,0.89192
2004-02-16,0.88665
2004-02-17,0.88139
2004-02-18,0.87673
2004-02-19,0.87208
2004-02-20,0.86803
2004-02-21,0.86282
2004-02-22,0.85879
2004-02-23,0.85591
2004-02-24,0.85361
2004-02-25,0.85132
2004-02-26,0.85304
2004-02-27,0.85476
2004-02-28,0.85994
2004-02-29,0.8634
2004-03-01,0.86513
2004-03-02,0.86687
2004-03-03,0.87208
2004-03-04,0.87092
2004-03-05,0.8686
2004-03-06,0.86803
2004-03-07,0.86456
2004-03-08,0.86109
2004-03-09,0.85706
2004-03-10,0.85649
2004-03-11,0.85879
2004-03-12,0.85706
2004-03-13,0.85476
2004-03-14,0.85764
2004-03-15,0.85994
2004-03-16,0.85764
2004-03-17,0.85937
2004-03-18,0.85937
2004-03-19,0.85476
2004-03-20,0.8496
2004-03-21,0.84445
2004-03-22,0.83932
2004-03-23,0.83477
2004-03-24,0.83364
2004-03-25,0.83024
2004-03-26,0.82684
2004-03-27,0.82402
2004-03-28,0.82289
2004-03-29,0.82459
2004-03-30,0.82515
2004-03-31,0.82515
2004-04-01,0.82402
2004-04-02,0.82684
2004-04-03,0.82571
2004-04-04,0.82515
2004-04-05,0.82684
2004-04-06,0.82684
2004-04-07,0.82741
2004-04-08,0.82289
2004-04-09,0.82233
2004-04-10,0.81839
2004-04-11,0.81334
2004-04-12,0.80998
2004-04-13,0.80663
2004-04-14,0.80551
2004-04-15,0.80551
2004-04-16,0.80495
2004-04-17,0.80551
2004-04-18,0.80663
2004-04-19,0.80942
2004-04-20,0.80774
2004-04-21,0.80384
2004-04-22,0.80217
2004-04-23,0.80439
2004-04-24,0.80495
2004-04-25,0.80886
2004-04-26,0.80998
2004-04-27,0.81054
2004-04-28,0.81166
2004-04-29,0.80942
2004-04-30,0.81222
2004-05-01,0.81222
2004-05-02,0.80942
2004-05-03,0.81222
2004-05-04,0.80998
2004-05-05,0.81446
2004-05-06,0.81727
2004-05-07,0.81839
2004-05-08,0.81895
2004-05-09,0.81952
2004-05-10,0.81839
2004-05-11,0.81783
2004-05-12,0.81727
2004-05-13,0.81614
2004-05-14,0.81278
2004-05-15,0.80942
2004-05-16,0.80998
2004-05-17,0.80998
2004-05-18,0.80718
2004-05-19,0.80607
2004-05-20,0.80551
2004-05-21,0.80607
2004-05-22,0.80718
2004-05-23,0.80886
2004-05-24,0.80942
2004-05-25,0.80942
2004-05-26,0.81334
2004-05-27,0.8167
2004-05-28,0.82008
2004-05-29,0.82967
2004-05-30,0.83648
2004-05-31,0.84046
2004-06-01,0.84445
2004-06-02,0.84445
2004-06-03,0.84674
2004-06-04,0.84788
2004-06-05,0.85189
2004-06-06,0.86052
2004-06-07,0.86629
2004-06-08,0.8686
2004-06-09,0.87034
2004-06-10,0.86803
2004-06-11,0.86456
2004-06-12,0.86052
2004-06-13,0.85937
2004-06-14,0.86109
2004-06-15,0.86225
2004-06-16,0.8634
2004-06-17,0.86456
2004-06-18,0.86225
2004-06-19,0.85994
2004-06-20,0.85821
2004-06-21,0.85764
2004-06-22,0.85304
2004-06-23,0.84846
2004-06-24,0.84617
2004-06-25,0.84217
2004-06-26,0.84046
2004-06-27,0.83705
2004-06-28,0.83875
2004-06-29,0.83989
2004-06-30,0.84331
2004-07-01,0.8456
2004-07-02,0.84788
2004-07-03,0.84674
2004-07-04,0.84731
2004-07-05,0.84903
2004-07-06,0.84674
2004-07-07,0.84903
2004-07-08,0.8496
2004-07-09,0.85304
2004-07-10,0.85649
2004-07-11,0.85937
2004-07-12,0.8634
2004-07-13,0.86918
2004-07-14,0.86918
2004-07-15,0.87266
2004-07-16,0.87906
2004-07-17,0.88197
2004-07-18,0.88372
2004-07-19,0.89192
2004-07-20,0.89603
2004-07-21,0.9031
2004-07-22,0.91079
2004-07-23,0.91673
2004-07-24,0.92328
2004-07-25,0.92687
2004-07-26,0.92986
2004-07-27,0.93286
2004-07-28,0.93646
2004-07-29,0.93886
2004-07-30,0.93826
2004-07-31,0.93526
2004-08-01,0.93466
2004-08-02,0.93346
2004-08-03,0.93046
2004-08-04,0.92746
2004-08-05,0.92507
2004-08-06,0.92448
2004-08-07,0.92209
2004-08-08,0.91911
2004-08-09,0.91554
2004-08-10,0.91198
2004-08-11,0.90665
2004-08-12,0.90724
2004-08-13,0.90842
2004-08-14,0.90901
2004-08-15,0.90961
2004-08-16,0.91079
2004-08-17,0.90783
2004-08-18,0.90961
2004-08-19,0.90783
2004-08-20,0.90724
2004-08-21,0.90783
2004-08-22,0.90665
2004-08-23,0.9031
2004-08-24,0.89897
2004-08-25,0.90369
2004-08-26,0.90605
2004-08-27,0.90961
2004-08-28,0.91079
2004-08-29,0.91198
2004-08-30,0.91198
2004-08-31,0.91495
2004-09-01,0.91673
2004-09-02,0.91613
2004-09-03,0.91554
2004-09-04,0.91792
2004-09-05,0.92269
2004-09-06,0.92687
2004-09-07,0.93106
2004-09-08,0.93286
2004-09-09,0.93586
2004-09-10,0.94248
2004-09-11,0.9461
2004-09-12,0.94791
2004-09-13,0.9461
2004-09-14,0.9461
2004-09-15,0.95094
2004-09-16,0.95276
2004-09-17,0.95397
2004-09-18,0.9564
2004-09-19,0.95944
2004-09-20,0.96553
2004-09-21,0.96919
2004-09-22,0.97225
2004-09-23,0.97103
2004-09-24,0.97532
2004-09-25,0.97838
2004-09-26,0.98577
2004-09-27,0.98762
2004-09-28,0.98885
2004-09-29,0.98762
2004-09-30,0.98824
2004-10-01,0.98885
2004-10-02,0.98762
2004-10-03,0.98762
2004-10-04,0.98824
2004-10-05,0.98885
2004-10-06,0.98639
2004-10-07,0.987
2004-10-08,0.98639
2004-10-09,0.98577
2004-10-10,0.98207
2004-10-11,0.98392
2004-10-12,0.98392
2004-10-13,0.98639
2004-10-14,0.98639
2004-10-15,0.9833
2004-10-16,0.9833
2004-10-17,0.98515
2004-10-18,0.99071
2004-10-19,0.99071
2004-10-20,0.99071
2004-10-21,0.99256
2004-10-22,0.99256
2004-10-23,0.9938
2004-10-24,0.99566
2004-10-25,0.99876
2004-10-26,0.99938
2004-10-27,1.00248
2004-10-28,1.00684
2004-10-29,1.00871
2004-10-30,1.00933
2004-10-31,1.00996
2004-11-01,1.00871
2004-11-02,1.00871
2004-11-03,1.00871
2004-11-04,1.00809
2004-11-05,1.00746
2004-11-06,1.00809
2004-11-07,1.00809
2004-11-08,1.00933
2004-11-09,1.00996
2004-11-10,1.01058
2004-11-11,1.00871
2004-11-12,1.00746
2004-11-13,1.00622
2004-11-14,1.01183
2004-11-15,1.01496
2004-11-16,1.01496
2004-11-17,1.01433
2004-11-18,1.01809
2004-11-19,1.01997
2004-11-20,1.02687
2004-11-21,1.03002
2004-11-22,1.0275
2004-11-23,1.02624
2004-11-24,1.02436
2004-11-25,1.02185
2004-11-26,1.02122
2004-11-27,1.01997
2004-11-28,1.01683
2004-11-29,1.01433
2004-11-30,1.01121
2004-12-01,1.00809
2004-12-02,1.00622
2004-12-03,1.00435
2004-12-04,1.00186
2004-12-05,0.99938
2004-12-06,0.99814
2004-12-07,0.99566
2004-12-08,0.99318
2004-12-09,0.99009
2004-12-10,0.98639
2004-12-11,0.98392
2004-12-12,0.98146
2004-12-13,0.979
2004-12-14,0.97654
2004-12-15,0.97348
2004-12-16,0.97103
2004-12-17,0.96736
2004-12-18,0.9637
2004-12-19,0.96004
2004-12-20,0.95822
2004-12-21,0.95457
2004-12-22,0.95276
2004-12-23,0.95154
2004-12-24,0.94731
2004-12-25,0.9461
2004-12-26,0.94429
2004-12-27,0.94007
2004-12-28,0.93826
2004-12-29,0.93766
2004-12-30,0.93646
2004-12-31,0.93586
2005-01-01,0.93406
2005-01-02,0.93466
2005-01-03,0.93466
2005-01-04,0.93526
2005-01-05,0.93106
2005-01-06,0.93106
2005-01-07,0.92746
2005-01-08,0.92687
2005-01-09,0.92448
2005-01-10,0.92448
2005-01-11,0.92149
2005-01-12,0.9197
2005-01-13,0.91673
2005-01-14,0.91495
2005-01-15,0.91257
2005-01-16,0.91316
2005-01-17,0.9102
2005-01-18,0.90901
2005-01-19,0.90546
2005-01-20,0.90369
2005-01-21,0.90251
2005-01-22,0.90192
2005-01-23,0.90074
2005-01-24,0.89662
2005-01-25,0.89251
2005-01-26,0.88723
2005-01-27,0.88431
2005-01-28,0.88139
2005-01-29,0.87848
2005-01-30,0.87906
2005-01-31,0.87441
2005-02-01,0.87208
2005-02-02,0.86976
2005-02-03,0.86571
2005-02-04,0.86109
2005-02-05,0.85649
2005-02-06,0.85304
2005-02-07,0.84788
2005-02-08,0.84731
2005-02-09,0.84274
2005-02-10,0.84217
2005-02-11,0.84046
2005-02-12,0.83705
2005-02-13,0.83591
2005-02-14,0.83081
2005-02-15,0.82628
2005-02-16,0.82177
2005-02-17,0.81671
2005-02-18,0.81278
2005-02-19,0.8083
2005-02-20,0.80662
2005-02-21,0.80495
2005-02-22,0.79995
2005-02-23,0.79717
2005-02-24,0.79218
2005-02-25,0.78666
2005-02-26,0.78225
2005-02-27,0.7795
2005-02-28,0.77566
2005-03-01,0.77239
2005-03-02,0.77075
2005-03-03,0.76857
2005-03-04,0.7653
2005-03-05,0.76203
2005-03-06,0.76041
2005-03-07,0.75608
2005-03-08,0.75122
2005-03-09,0.74639
2005-03-10,0.74209
2005-03-11,0.73727
2005-03-12,0.73248
2005-03-13,0.72982
2005-03-14,0.72717
2005-03-15,0.72293
2005-03-16,0.71818
2005-03-17,0.71397
2005-03-18,0.71134
2005-03-19,0.71397
2005-03-20,0.71555
2005-03-21,0.71344
2005-03-22,0.71239
2005-03-23,0.7082
2005-03-24,0.70611
2005-03-25,0.70455
2005-03-26,0.70141
2005-03-27,0.7009
2005-03-28,0.69725
2005-03-29,0.69311
2005-03-30,0.69052
2005-03-31,0.69052
2005-04-01,0.68639
2005-04-02,0.68587
2005-04-03,0.68381
2005-04-04,0.68022
2005-04-05,0.67714
2005-04-06,0.67612
2005-04-07,0.67305
2005-04-08,0.6705
2005-04-09,0.67152
2005-04-10,0.66796
2005-04-11,0.6644
2005-04-12,0.66187
2005-04-13,0.65883
2005-04-14,0.65681
2005-04-15,0.65531
2005-04-16,0.65178
2005-04-17,0.64978
2005-04-18,0.64576
2005-04-19,0.64128
2005-04-20,0.63879
2005-04-21,0.64178
2005-04-22,0.64526
2005-04-23,0.64827
2005-04-24,0.65279
2005-04-25,0.65985
2005-04-26,0.66542
2005-04-27,0.66999
2005-04-28,0.67305
2005-04-29,0.67203
2005-04-30,0.67203
2005-05-01,0.66897
2005-05-02,0.67203
2005-05-03,0.67203
2005-05-04,0.67152
2005-05-05,0.67203
2005-05-06,0.67356
2005-05-07,0.67766
2005-05-08,0.68124
2005-05-09,0.68535
2005-05-10,0.68897
2005-05-11,0.69155
2005-05-12,0.68897
2005-05-13,0.68587
2005-05-14,0.68948
2005-05-15,0.69155
2005-05-16,0.69413
2005-05-17,0.69673
2005-05-18,0.69725
2005-05-19,0.70507
2005-05-20,0.71134
2005-05-21,0.71555
2005-05-22,0.72081
2005-05-23,0.7277
2005-05-24,0.73674
2005-05-25,0.74102
2005-05-26,0.74691
2005-05-27,0.74745
2005-05-28,0.75068
2005-05-29,0.75338
2005-05-30,0.75554
2005-05-31,0.76203
2005-06-01,0.76095
2005-06-02,0.76041
2005-06-03,0.76475
2005-06-04,0.76802
2005-06-05,0.77511
2005-06-06,0.7883
2005-06-07,0.80328
2005-06-08,0.81278
2005-06-09,0.81952
2005-06-10,0.82402
2005-06-11,0.83591
2005-06-12,0.84331
2005-06-13,0.84331
2005-06-14,0.84274
2005-06-15,0.84846
2005-06-16,0.85304
2005-06-17,0.85649
2005-06-18,0.86109
2005-06-19,0.86398
2005-06-20,0.86687
2005-06-21,0.86919
2005-06-22,0.86918
2005-06-23,0.86918
2005-06-24,0.86571
2005-06-25,0.86571
2005-06-26,0.86513
2005-06-27,0.86225
2005-06-28,0.86282
2005-06-29,0.86629
2005-06-30,0.86398
2005-07-01,0.86225
2005-07-02,0.86456
2005-07-03,0.87208
2005-07-04,0.87673
2005-07-05,0.88198
2005-07-06,0.88489
2005-07-07,0.88898
2005-07-08,0.89192
2005-07-09,0.89309
2005-07-10,0.89016
2005-07-11,0.88665
2005-07-12,0.88489
2005-07-13,0.88431
2005-07-14,0.88314
2005-07-15,0.88431
2005-07-16,0.88431
2005-07-17,0.88198
2005-07-18,0.88314
2005-07-19,0.88197
2005-07-20,0.87789
2005-07-21,0.87382
2005-07-22,0.87266
2005-07-23,0.87151
2005-07-24,0.86976
2005-07-25,0.86687
2005-07-26,0.8634
2005-07-27,0.86052
2005-07-28,0.85821
2005-07-29,0.85534
2005-07-30,0.85075
2005-07-31,0.84731
2005-08-01,0.84788
2005-08-02,0.84445
2005-08-03,0.83933
2005-08-04,0.83648
2005-08-05,0.83081
2005-08-06,0.82854
2005-08-07,0.82685
2005-08-08,0.82177
2005-08-09,0.81951
2005-08-10,0.81671
2005-08-11,0.81166
2005-08-12,0.80775
2005-08-13,0.80551
2005-08-14,0.80272
2005-08-15,0.8005
2005-08-16,0.79661
2005-08-17,0.79495
2005-08-18,0.80106
2005-08-19,0.79883
2005-08-20,0.79384
2005-08-21,0.78997
2005-08-22,0.78996
2005-08-23,0.78721
2005-08-24,0.78445
2005-08-25,0.7839
2005-08-26,0.77895
2005-08-27,0.77841
2005-08-28,0.77621
2005-08-29,0.77402
2005-08-30,0.77184
2005-08-31,0.76857
2005-09-01,0.76748
2005-09-02,0.76748
2005-09-03,0.76911
2005-09-04,0.76911
2005-09-05,0.76911
2005-09-06,0.77184
2005-09-07,0.77512
2005-09-08,0.77184
2005-09-09,0.76911
2005-09-10,0.76475
2005-09-11,0.76312
2005-09-12,0.76095
2005-09-13,0.75825
2005-09-14,0.75662
2005-09-15,0.755
2005-09-16,0.75068
2005-09-17,0.74854
2005-09-18,0.74692
2005-09-19,0.7437
2005-09-20,0.73941
2005-09-21,0.73514
2005-09-22,0.73407
2005-09-23,0.73674
2005-09-24,0.73408
2005-09-25,0.73354
2005-09-26,0.73302
2005-09-27,0.73515
2005-09-28,0.74102
2005-09-29,0.73995
2005-09-30,0.73834
2005-10-01,0.73674
2005-10-02,0.73407
2005-10-03,0.73248
2005-10-04,0.73301
2005-10-05,0.73302
2005-10-06,0.73249
2005-10-07,0.72982
2005-10-08,0.73035
2005-10-09,0.73089
2005-10-10,0.73142
2005-10-11,0.73302
2005-10-12,0.73248
2005-10-13,0.72929
2005-10-14,0.72876
2005-10-15,0.73195
2005-10-16,0.7346
2005-10-17,0.73567
2005-10-18,0.7346
2005-10-19,0.73461
2005-10-20,0.73674
2005-10-21,0.73888
2005-10-22,0.73781
2005-10-23,0.73888
2005-10-24,0.74316
2005-10-25,0.74745
2005-10-26,0.74799
2005-10-27,0.74799
2005-10-28,0.75392
2005-10-29,0.75392
2005-10-30,0.75338
2005-10-31,0.75284
2005-11-01,0.75879
2005-11-02,0.75988
2005-11-03,0.7615
2005-11-04,0.76693
2005-11-05,0.77075
2005-11-06,0.77677
2005-11-07,0.7806
2005-11-08,0.78556
2005-11-09,0.79384
2005-11-10,0.80272
2005-11-11,0.80886
2005-11-12,0.81446
2005-11-13,0.82008
2005-11-14,0.82628
2005-11-15,0.83364
2005-11-16,0.84046
2005-11-17,0.84616
2005-11-18,0.85304
2005-11-19,0.85879
2005-11-20,0.8634
2005-11-21,0.86803
2005-11-22,0.87615
2005-11-23,0.88256
2005-11-24,0.88665
2005-11-25,0.89075
2005-11-26,0.89368
2005-11-27,0.89662
2005-11-28,0.89956
2005-11-29,0.9025
2005-11-30,0.90487
2005-12-01,0.90665
2005-12-02,0.90901
2005-12-03,0.91139
2005-12-04,0.91376
2005-12-05,0.91198
2005-12-06,0.91138
2005-12-07,0.90842
2005-12-08,0.90783
2005-12-09,0.90429
2005-12-10,0.9031
2005-12-11,0.9031
2005-12-12,0.90369
2005-12-13,0.90369
2005-12-14,0.90134
2005-12-15,0.90133
2005-12-16,0.89721
2005-12-17,0.89427
2005-12-18,0.8931
2005-12-19,0.88899
2005-12-20,0.8884
2005-12-21,0.88782
2005-12-22,0.88723
2005-12-23,0.88723
2005-12-24,0.8884
2005-12-25,0.88957
2005-12-26,0.8884
2005-12-27,0.88431
2005-12-28,0.88197
2005-12-29,0.88022
2005-12-30,0.87731
2005-12-31,0.87324
2006-01-01,0.86976
2006-01-02,0.86803
2006-01-03,0.86571
2006-01-04,0.86109
2006-01-05,0.85879
2006-01-06,0.85534
2006-01-07,0.85304
2006-01-08,0.8519
2006-01-09,0.84845
2006-01-10,0.84788
2006-01-11,0.84731
2006-01-12,0.84388
2006-01-13,0.8399
2006-01-14,0.83591
2006-01-15,0.83137
2006-01-16,0.82968
2006-01-17,0.82572
2006-01-18,0.82402
2006-01-19,0.81951
2006-01-20,0.81502
2006-01-21,0.80998
2006-01-22,0.80607
2006-01-23,0.80495
2006-01-24,0.80106
2006-01-25,0.79661
2006-01-26,0.79218
2006-01-27,0.78941
2006-01-28,0.78556
2006-01-29,0.78611
2006-01-30,0.7861
2006-01-31,0.7839
2006-02-01,0.78335
2006-02-02,0.78005
2006-02-03,0.78225
2006-02-04,0.78501
2006-02-05,0.78501
2006-02-06,0.7839
2006-02-07,0.7795
2006-02-08,0.78061
2006-02-09,0.7817
2006-02-10,0.7828
2006-02-11,0.78115
2006-02-12,0.77786
2006-02-13,0.77621
2006-02-14,0.77129
2006-02-15,0.76911
2006-02-16,0.76367
2006-02-17,0.75933
2006-02-18,0.755
2006-02-19,0.75068
2006-02-20,0.74585
2006-02-21,0.74423
2006-02-22,0.74263
2006-02-23,0.73942
2006-02-24,0.73621
2006-02-25,0.7346
2006-02-26,0.73035
2006-02-27,0.72664
2006-02-28,0.72399
2006-03-01,0.71871
2006-03-02,0.71502
2006-03-03,0.71292
2006-03-04,0.7103
2006-03-05,0.70715
2006-03-06,0.7082
2006-03-07,0.70768
2006-03-08,0.70507
2006-03-09,0.70767
2006-03-10,0.7082
2006-03-11,0.70507
2006-03-12,0.70194
2006-03-13,0.69985
2006-03-14,0.69674
2006-03-15,0.69207
2006-03-16,0.69414
2006-03-17,0.69933
2006-03-18,0.70089
2006-03-19,0.70245
2006-03-20,0.70037
2006-03-21,0.69777
2006-03-22,0.69777
2006-03-23,0.70402
2006-03-24,0.70767
2006-03-25,0.71029
2006-03-26,0.71292
2006-03-27,0.71608
2006-03-28,0.71292
2006-03-29,0.71134
2006-03-30,0.7145
2006-03-31,0.71661
2006-04-01,0.71345
2006-04-02,0.70872
2006-04-03,0.70611
2006-04-04,0.70402
2006-04-05,0.70037
2006-04-06,0.69881
2006-04-07,0.69725
2006-04-08,0.70402
2006-04-09,0.7082
2006-04-10,0.71134
2006-04-11,0.71661
2006-04-12,0.71976
2006-04-13,0.72505
2006-04-14,0.72611
2006-04-15,0.72558
2006-04-16,0.72558
2006-04-17,0.72452
2006-04-18,0.72717
2006-04-19,0.73248
2006-04-20,0.73781
2006-04-21,0.73567
2006-04-22,0.73248
2006-04-23,0.73142
2006-04-24,0.72876
2006-04-25,0.73035
2006-04-26,0.73995
2006-04-27,0.73995
2006-04-28,0.74585
2006-04-29,0.7523
2006-04-30,0.76042
2006-05-01,0.76966
2006-05-02,0.77841
2006-05-03,0.78501
2006-05-04,0.79107
2006-05-05,0.8083
2006-05-06,0.80942
2006-05-07,0.82008
2006-05-08,0.82797
2006-05-09,0.83876
2006-05-10,0.84674
2006-05-11,0.85304
2006-05-12,0.86052
2006-05-13,0.86629
2006-05-14,0.87092
2006-05-15,0.87441
2006-05-16,0.8779
2006-05-17,0.88256
2006-05-18,0.88431
2006-05-19,0.88898
2006-05-20,0.89075
2006-05-21,0.89544
2006-05-22,0.89897
2006-05-23,0.90311
2006-05-24,0.90665
2006-05-25,0.90961
2006-05-26,0.91198
2006-05-27,0.91435
2006-05-28,0.9191
2006-05-29,0.92209
2006-05-30,0.92448
2006-05-31,0.92149
2006-06-01,0.92209
2006-06-02,0.92328
2006-06-03,0.92866
2006-06-04,0.93285
2006-06-05,0.93826
2006-06-06,0.94368
2006-06-07,0.94611
2006-06-08,0.94973
2006-06-09,0.95215
2006-06-10,0.95457
2006-06-11,0.95579
2006-06-12,0.95944
2006-06-13,0.96247
2006-06-14,0.96492
2006-06-15,0.96797
2006-06-16,0.97164
2006-06-17,0.97225
2006-06-18,0.97103
2006-06-19,0.97409
2006-06-20,0.97593
2006-06-21,0.97532
2006-06-22,0.97655
2006-06-23,0.97777
2006-06-24,0.97838
2006-06-25,0.97962
2006-06-26,0.98084
2006-06-27,0.98207
2006-06-28,0.97962
2006-06-29,0.97777
2006-06-30,0.97409
2006-07-01,0.97042
2006-07-02,0.96675
2006-07-03,0.9637
2006-07-04,0.96065
2006-07-05,0.95579
2006-07-06,0.95336
2006-07-07,0.95276
2006-07-08,0.95093
2006-07-09,0.95154
2006-07-10,0.94913
2006-07-11,0.9467
2006-07-12,0.94489
2006-07-13,0.94429
2006-07-14,0.9455
2006-07-15,0.9449
2006-07-16,0.94489
2006-07-17,0.94128
2006-07-18,0.93826
2006-07-19,0.93466
2006-07-20,0.93046
2006-07-21,0.92807
2006-07-22,0.92507
2006-07-23,0.92269
2006-07-24,0.92328
2006-07-25,0.92149
2006-07-26,0.91852
2006-07-27,0.92089
2006-07-28,0.92209
2006-07-29,0.92209
2006-07-30,0.92388
2006-07-31,0.92388
2006-08-01,0.92448
2006-08-02,0.92269
2006-08-03,0.92269
2006-08-04,0.92149
2006-08-05,0.91733
2006-08-06,0.91316
2006-08-07,0.90901
2006-08-08,0.90546
2006-08-09,0.90311
2006-08-10,0.90133
2006-08-11,0.8978
2006-08-12,0.89604
2006-08-13,0.89662
2006-08-14,0.89721
2006-08-15,0.89544
2006-08-16,0.89368
2006-08-17,0.89251
2006-08-18,0.89662
2006-08-19,0.90015
2006-08-20,0.90311
2006-08-21,0.90487
2006-08-22,0.90428
2006-08-23,0.90133
2006-08-24,0.89897
2006-08-25,0.8978
2006-08-26,0.89897
2006-08-27,0.90074
2006-08-28,0.89721
2006-08-29,0.89662
2006-08-30,0.89604
2006-08-31,0.89486
2006-09-01,0.89251
2006-09-02,0.8931
2006-09-03,0.89545
2006-09-04,0.89544
2006-09-05,0.89427
2006-09-06,0.89251
2006-09-07,0.89368
2006-09-08,0.8978
2006-09-09,0.89897
2006-09-10,0.89897
2006-09-11,0.90369
2006-09-12,0.90546
2006-09-13,0.90487
2006-09-14,0.90961
2006-09-15,0.91376
2006-09-16,0.91673
2006-09-17,0.9197
2006-09-18,0.91971
2006-09-19,0.92269
2006-09-20,0.92269
2006-09-21,0.92508
2006-09-22,0.92747
2006-09-23,0.92806
2006-09-24,0.92687
2006-09-25,0.92627
2006-09-26,0.92687
2006-09-27,0.92627
2006-09-28,0.92269
2006-09-29,0.92149
2006-09-30,0.92149
2006-10-01,0.9209
2006-10-02,0.92388
2006-10-03,0.92388
2006-10-04,0.92328
2006-10-05,0.92388
2006-10-06,0.91911
2006-10-07,0.91852
2006-10-08,0.91733
2006-10-09,0.91554
2006-10-10,0.91792
2006-10-11,0.91792
2006-10-12,0.91792
2006-10-13,0.91911
2006-10-14,0.9203
2006-10-15,0.92328
2006-10-16,0.92448
2006-10-17,0.92567
2006-10-18,0.92687
2006-10-19,0.93046
2006-10-20,0.93046
2006-10-21,0.93286
2006-10-22,0.93586
2006-10-23,0.93286
2006-10-24,0.93406
2006-10-25,0.93826
2006-10-26,0.93766
2006-10-27,0.93826
2006-10-28,0.9455
2006-10-29,0.95154
2006-10-30,0.95336
2006-10-31,0.95457
2006-11-01,0.95579
2006-11-02,0.95761
2006-11-03,0.96065
2006-11-04,0.96309
2006-11-05,0.96553
2006-11-06,0.96614
2006-11-07,0.96614
2006-11-08,0.96858
2006-11-09,0.9692
2006-11-10,0.96675
2006-11-11,0.9698
2006-11-12,0.97961
2006-11-13,0.98824
2006-11-14,0.99566
2006-11-15,1.00435
2006-11-16,1.00934
2006-11-17,1.01058
2006-11-18,1.0137
2006-11-19,1.01245
2006-11-20,1.01058
2006-11-21,1.01183
2006-11-22,1.01183
2006-11-23,1.00996
2006-11-24,1.00934
2006-11-25,1.0087
2006-11-26,1.01058
2006-11-27,1.00996
2006-11-28,1.00809
2006-11-29,1.00746
2006-11-30,1.00559
2006-12-01,1.00373
2006-12-02,1.00124
2006-12-03,0.99876
2006-12-04,0.99504
2006-12-05,0.99195
2006-12-06,0.98947
2006-12-07,0.98824
2006-12-08,0.98885
2006-12-09,0.98824
2006-12-10,0.98701
2006-12-11,0.98577
2006-12-12,0.98577
2006-12-13,0.98577
2006-12-14,0.98639
2006-12-15,0.987
2006-12-16,0.98762
2006-12-17,0.98824
2006-12-18,0.98762
2006-12-19,0.98639
2006-12-20,0.98763
2006-12-21,0.98639
2006-12-22,0.98639
2006-12-23,0.98516
2006-12-24,0.9833
2006-12-25,0.98269
2006-12-26,0.98392
2006-12-27,0.98824
2006-12-28,0.99071
2006-12-29,0.99195
2006-12-30,0.99071
2006-12-31,0.99009
2007-01-01,0.98639
2007-01-02,0.98392
2007-01-03,0.98207
2007-01-04,0.98084
2007-01-05,0.97777
2007-01-06,0.9747
2007-01-07,0.97103
2007-01-08,0.96919
2007-01-09,0.96614
2007-01-10,0.96248
2007-01-11,0.95822
2007-01-12,0.9564
2007-01-13,0.95397
2007-01-14,0.95457
2007-01-15,0.95033
2007-01-16,0.94791
2007-01-17,0.94852
2007-01-18,0.9461
2007-01-19,0.94308
2007-01-20,0.93886
2007-01-21,0.93706
2007-01-22,0.93286
2007-01-23,0.93346
2007-01-24,0.93166
2007-01-25,0.92986
2007-01-26,0.92806
2007-01-27,0.92806
2007-01-28,0.92448
2007-01-29,0.92269
2007-01-30,0.91792
2007-01-31,0.91554
2007-02-01,0.91079
2007-02-02,0.90724
2007-02-03,0.90546
2007-02-04,0.90015
2007-02-05,0.89545
2007-02-06,0.89075
2007-02-07,0.88841
2007-02-08,0.88489
2007-02-09,0.88139
2007-02-10,0.87673
2007-02-11,0.87383
2007-02-12,0.87092
2007-02-13,0.86687
2007-02-14,0.86167
2007-02-15,0.85706
2007-02-16,0.8519
2007-02-17,0.84654
2007-02-18,0.8416
2007-02-19,0.83876
2007-02-20,0.83705
2007-02-21,0.83138
2007-02-22,0.82628
2007-02-23,0.82233
2007-02-24,0.81671
2007-02-25,0.81559
2007-02-26,0.81166
2007-02-27,0.80663
2007-02-28,0.80161
2007-03-01,0.79605
2007-03-02,0.79329
2007-03-03,0.78941
2007-03-04,0.79163
2007-03-05,0.79163
2007-03-06,0.78997
2007-03-07,0.78555
2007-03-08,0.78445
2007-03-09,0.7839
2007-03-10,0.78115
2007-03-11,0.77677
2007-03-12,0.77458
2007-03-13,0.77129
2007-03-14,0.76748
2007-03-15,0.76639
2007-03-16,0.76204
2007-03-17,0.76041
2007-03-18,0.75825
2007-03-19,0.755
2007-03-20,0.75176
2007-03-21,0.74799
2007-03-22,0.74692
2007-03-23,0.74262
2007-03-24,0.73835
2007-03-25,0.73728
2007-03-26,0.73408
2007-03-27,0.73035
2007-03-28,0.73142
2007-03-29,0.73354
2007-03-30,0.73568
2007-03-31,0.73781
2007-04-01,0.73674
2007-04-02,0.73674
2007-04-03,0.73942
2007-04-04,0.74424
2007-04-05,0.74531
2007-04-06,0.74746
2007-04-07,0.74746
2007-04-08,0.75284
2007-04-09,0.75609
2007-04-10,0.75555
2007-04-11,0.7523
2007-04-12,0.74961
2007-04-13,0.74854
2007-04-14,0.74746
2007-04-15,0.74531
2007-04-16,0.74263
2007-04-17,0.73834
2007-04-18,0.73622
2007-04-19,0.73301
2007-04-20,0.73142
2007-04-21,0.73355
2007-04-22,0.73035
2007-04-23,0.73195
2007-04-24,0.73088
2007-04-25,0.73142
2007-04-26,0.73301
2007-04-27,0.73408
2007-04-28,0.73568
2007-04-29,0.73354
2007-04-30,0.73301
2007-05-01,0.73088
2007-05-02,0.73195
2007-05-03,0.72983
2007-05-04,0.73195
2007-05-05,0.73301
2007-05-06,0.73354
2007-05-07,0.73674
2007-05-08,0.74424
2007-05-09,0.748
2007-05-10,0.7523
2007-05-11,0.75338
2007-05-12,0.75069
2007-05-13,0.74854
2007-05-14,0.74961
2007-05-15,0.74692
2007-05-16,0.748
2007-05-17,0.74692
2007-05-18,0.75392
2007-05-19,0.75716
2007-05-20,0.75933
2007-05-21,0.76258
2007-05-22,0.76585
2007-05-23,0.76966
2007-05-24,0.77239
2007-05-25,0.77458
2007-05-26,0.78061
2007-05-27,0.78997
2007-05-28,0.79495
2007-05-29,0.80106
2007-05-30,0.80439
2007-05-31,0.8083
2007-06-01,0.81502
2007-06-02,0.82403
2007-06-03,0.83137
2007-06-04,0.83478
2007-06-05,0.84389
2007-06-06,0.84903
2007-06-07,0.85018
2007-06-08,0.85075
2007-06-09,0.85534
2007-06-10,0.85879
2007-06-11,0.85764
2007-06-12,0.85879
2007-06-13,0.85822
2007-06-14,0.85534
2007-06-15,0.85247
2007-06-16,0.85075
2007-06-17,0.84903
2007-06-18,0.85132
2007-06-19,0.84846
2007-06-20,0.84675
2007-06-21,0.84731
2007-06-22,0.8456
2007-06-23,0.84503
2007-06-24,0.84446
2007-06-25,0.84046
2007-06-26,0.83819
2007-06-27,0.83591
2007-06-28,0.83137
2007-06-29,0.82741
2007-06-30,0.8229
2007-07-01,0.8184
2007-07-02,0.8139
2007-07-03,0.80942
2007-07-04,0.80495
2007-07-05,0.80161
2007-07-06,0.79716
2007-07-07,0.79218
2007-07-08,0.79107
2007-07-09,0.78831
2007-07-10,0.78997
2007-07-11,0.78721
2007-07-12,0.7861
2007-07-13,0.78611
2007-07-14,0.78281
2007-07-15,0.77895
2007-07-16,0.78061
2007-07-17,0.77951
2007-07-18,0.7817
2007-07-19,0.7817
2007-07-20,0.77895
2007-07-21,0.77841
2007-07-22,0.78115
2007-07-23,0.7839
2007-07-24,0.78831
2007-07-25,0.78831
2007-07-26,0.78555
2007-07-27,0.78445
2007-07-28,0.78611
2007-07-29,0.78281
2007-07-30,0.78445
2007-07-31,0.78445
2007-08-01,0.7817
2007-08-02,0.7806
2007-08-03,0.77951
2007-08-04,0.77731
2007-08-05,0.77786
2007-08-06,0.77841
2007-08-07,0.77512
2007-08-08,0.77512
2007-08-09,0.77239
2007-08-10,0.77184
2007-08-11,0.77129
2007-08-12,0.77293
2007-08-13,0.77075
2007-08-14,0.77239
2007-08-15,0.77512
2007-08-16,0.77951
2007-08-17,0.78721
2007-08-18,0.79328
2007-08-19,0.79994
2007-08-20,0.80719
2007-08-21,0.80998
2007-08-22,0.80719
2007-08-23,0.80551
2007-08-24,0.80663
2007-08-25,0.80886
2007-08-26,0.81166
2007-08-27,0.81166
2007-08-28,0.81222
2007-08-29,0.82233
2007-08-30,0.82402
2007-08-31,0.82854
2007-09-01,0.83081
2007-09-02,0.83024
2007-09-03,0.83194
2007-09-04,0.83024
2007-09-05,0.83024
2007-09-06,0.83024
2007-09-07,0.83478
2007-09-08,0.83648
2007-09-09,0.83819
2007-09-10,0.83932
2007-09-11,0.83933
2007-09-12,0.83989
2007-09-13,0.83933
2007-09-14,0.84046
2007-09-15,0.84503
2007-09-16,0.84731
2007-09-17,0.8456
2007-09-18,0.84617
2007-09-19,0.84846
2007-09-20,0.85018
2007-09-21,0.85591
2007-09-22,0.8634
2007-09-23,0.86918
2007-09-24,0.87034
2007-09-25,0.87266
2007-09-26,0.87441
2007-09-27,0.87731
2007-09-28,0.87964
2007-09-29,0.88081
2007-09-30,0.88198
2007-10-01,0.88431
2007-10-02,0.88431
2007-10-03,0.89133
2007-10-04,0.89604
2007-10-05,0.90133
2007-10-06,0.9037
2007-10-07,0.90606
2007-10-08,0.90961
2007-10-09,0.9203
2007-10-10,0.93046
2007-10-11,0.93706
2007-10-12,0.94369
2007-10-13,0.94852
2007-10-14,0.95276
2007-10-15,0.95822
2007-10-16,0.96005
2007-10-17,0.96248
2007-10-18,0.96858
2007-10-19,0.97409
2007-10-20,0.97777
2007-10-21,0.98084
2007-10-22,0.98331
2007-10-23,0.98763
2007-10-24,0.99009
2007-10-25,0.99256
2007-10-26,0.99752
2007-10-27,1.00311
2007-10-28,1.00747
2007-10-29,1.01245
2007-10-30,1.01683
2007-10-31,1.01872
2007-11-01,1.02059
2007-11-02,1.02185
2007-11-03,1.02122
2007-11-04,1.01997
2007-11-05,1.01997
2007-11-06,1.01997
2007-11-07,1.01872
2007-11-08,1.01621
2007-11-09,1.01433
2007-11-10,1.01433
2007-11-11,1.01433
2007-11-12,1.01371
2007-11-13,1.01684
2007-11-14,1.01558
2007-11-15,1.01308
2007-11-16,1.01245
2007-11-17,1.01058
2007-11-18,1.00746
2007-11-19,1.00559
2007-11-20,1.00249
2007-11-21,0.99938
2007-11-22,0.99752
2007-11-23,0.99628
2007-11-24,0.99442
2007-11-25,0.99442
2007-11-26,0.99318
2007-11-27,0.99071
2007-11-28,0.98885
2007-11-29,0.98763
2007-11-30,0.98515
2007-12-01,0.98207
2007-12-02,0.97962
2007-12-03,0.98084
2007-12-04,0.98023
2007-12-05,0.97962
2007-12-06,0.97593
2007-12-07,0.97286
2007-12-08,0.96981
2007-12-09,0.96736
2007-12-10,0.96431
2007-12-11,0.96431
2007-12-12,0.96126
2007-12-13,0.95822
2007-12-14,0.95762
2007-12-15,0.95457
2007-12-16,0.95336
2007-12-17,0.95154
2007-12-18,0.95154
2007-12-19,0.95276
2007-12-20,0.95397
2007-12-21,0.95397
2007-12-22,0.95458
2007-12-23,0.95883
2007-12-24,0.96309
2007-12-25,0.9637
2007-12-26,0.9637
2007-12-27,0.96309
2007-12-28,0.96492
2007-12-29,0.96736
2007-12-30,0.96553
2007-12-31,0.96614
2008-01-01,0.96553
2008-01-02,0.96309
2008-01-03,0.96004
2008-01-04,0.95701
2008-01-05,0.95397
2008-01-06,0.95518
2008-01-07,0.95336
2008-01-08,0.95033
2008-01-09,0.94973
2008-01-10,0.95033
2008-01-11,0.95215
2008-01-12,0.95154
2008-01-13,0.95154
2008-01-14,0.95094
2008-01-15,0.95154
2008-01-16,0.95154
2008-01-17,0.94973
2008-01-18,0.94912
2008-01-19,0.9455
2008-01-20,0.94248
2008-01-21,0.94127
2008-01-22,0.94007
2008-01-23,0.93826
2008-01-24,0.93466
2008-01-25,0.93286
2008-01-26,0.92926
2008-01-27,0.92508
2008-01-28,0.9209
2008-01-29,0.91733
2008-01-30,0.91316
2008-01-31,0.90902
2008-02-01,0.90488
2008-02-02,0.90015
2008-02-03,0.89838
2008-02-04,0.89368
2008-02-05,0.88958
2008-02-06,0.88548
2008-02-07,0.88256
2008-02-08,0.88139
2008-02-09,0.87964
2008-02-10,0.87673
2008-02-11,0.87383
2008-02-12,0.8715
2008-02-13,0.87441
2008-02-14,0.87441
2008-02-15,0.87382
2008-02-16,0.87092
2008-02-17,0.86918
2008-02-18,0.86918
2008-02-19,0.86976
2008-02-20,0.86918
2008-02-21,0.87034
2008-02-22,0.87151
2008-02-23,0.87441
2008-02-24,0.87615
2008-02-25,0.87615
2008-02-26,0.87383
2008-02-27,0.87209
2008-02-28,0.87151
2008-02-29,0.87209
2008-03-01,0.87034
2008-03-02,0.86803
2008-03-03,0.86572
2008-03-04,0.86861
2008-03-05,0.86803
2008-03-06,0.86861
2008-03-07,0.86803
2008-03-08,0.86803
2008-03-09,0.86687
2008-03-10,0.86687
2008-03-11,0.86745
2008-03-12,0.86861
2008-03-13,0.87209
2008-03-14,0.87499
2008-03-15,0.87964
2008-03-16,0.8779
2008-03-17,0.87557
2008-03-18,0.87441
2008-03-19,0.87557
2008-03-20,0.87499
2008-03-21,0.87441
2008-03-22,0.87209
2008-03-23,0.87266
2008-03-24,0.87325
2008-03-25,0.87441
2008-03-26,0.87267
2008-03-27,0.87034
2008-03-28,0.86803
2008-03-29,0.86629
2008-03-30,0.86629
2008-03-31,0.86629
2008-04-01,0.86572
2008-04-02,0.86687
2008-04-03,0.86918
2008-04-04,0.87209
2008-04-05,0.87092
2008-04-06,0.87209
2008-04-07,0.87092
2008-04-08,0.87382
2008-04-09,0.87383
2008-04-10,0.87151
2008-04-11,0.87092
2008-04-12,0.86745
2008-04-13,0.86687
2008-04-14,0.86803
2008-04-15,0.87034
2008-04-16,0.86918
2008-04-17,0.86572
2008-04-18,0.86283
2008-04-19,0.85937
2008-04-20,0.85821
2008-04-21,0.85534
2008-04-22,0.85305
2008-04-23,0.85476
2008-04-24,0.8542
2008-04-25,0.85534
2008-04-26,0.85765
2008-04-27,0.85706
2008-04-28,0.85476
2008-04-29,0.8519
2008-04-30,0.85304
2008-05-01,0.85247
2008-05-02,0.8542
2008-05-03,0.85937
2008-05-04,0.86456
2008-05-05,0.86976
2008-05-06,0.87209
2008-05-07,0.87441
2008-05-08,0.87209
2008-05-09,0.87092
2008-05-10,0.86803
2008-05-11,0.86629
2008-05-12,0.86572
2008-05-13,0.86225
2008-05-14,0.86225
2008-05-15,0.86629
2008-05-16,0.86514
2008-05-17,0.86283
2008-05-18,0.86052
2008-05-19,0.8611
2008-05-20,0.86629
2008-05-21,0.87151
2008-05-22,0.87441
2008-05-23,0.87556
2008-05-24,0.87848
2008-05-25,0.88139
2008-05-26,0.88841
2008-05-27,0.89604
2008-05-28,0.90783
2008-05-29,0.92149
2008-05-30,0.93046
2008-05-31,0.93526
2008-06-01,0.93947
2008-06-02,0.94731
2008-06-03,0.95276
2008-06-04,0.95457
2008-06-05,0.95701
2008-06-06,0.95883
2008-06-07,0.96492
2008-06-08,0.97226
2008-06-09,0.97961
2008-06-10,0.98701
2008-06-11,0.98947
2008-06-12,0.99195
2008-06-13,0.9938
2008-06-14,0.99442
2008-06-15,0.99504
2008-06-16,0.99566
2008-06-17,0.99504
2008-06-18,0.99566
2008-06-19,0.99752
2008-06-20,0.9969
2008-06-21,0.99876
2008-06-22,1.00187
2008-06-23,1.00435
2008-06-24,1.01058
2008-06-25,1.00933
2008-06-26,1.00809
2008-06-27,1.0056
2008-06-28,1.00249
2008-06-29,1.0
2008-06-30,0.9969
2008-07-01,0.9969
2008-07-02,0.99752
2008-07-03,1.00311
2008-07-04,1.00747
2008-07-05,1.00996
2008-07-06,1.00996
2008-07-07,1.00871
2008-07-08,1.00934
2008-07-09,1.01183
2008-07-10,1.01183
2008-07-11,1.00871
2008-07-12,1.00684
2008-07-13,1.00622
2008-07-14,1.00809
2008-07-15,1.01121
2008-07-16,1.01558
2008-07-17,1.01621
2008-07-18,1.01684
2008-07-19,1.01684
2008-07-20,1.01621
2008-07-21,1.01308
2008-07-22,1.00934
2008-07-23,1.00622
2008-07-24,1.00311
2008-07-25,1.00062
2008-07-26,1.00062
2008-07-27,1.0
2008-07-28,1.00187
2008-07-29,1.00187
2008-07-30,1.00125
2008-07-31,1.00559
2008-08-01,1.00435
2008-08-02,1.00311
2008-08-03,1.00186
2008-08-04,0.99938
2008-08-05,1.00062
2008-08-06,1.00248
2008-08-07,1.00062
2008-08-08,0.99628
2008-08-09,0.99504
2008-08-10,0.99195
2008-08-11,0.99442
2008-08-12,0.99256
2008-08-13,0.99009
2008-08-14,0.99133
2008-08-15,0.99566
2008-08-16,0.99628
2008-08-17,0.99814
2008-08-18,1.00187
2008-08-19,1.0056
2008-08-20,1.00809
2008-08-21,1.00684
2008-08-22,1.01121
2008-08-23,1.01371
2008-08-24,1.01684
2008-08-25,1.01934
2008-08-26,1.01935
2008-08-27,1.01809
2008-08-28,1.01872
2008-08-29,1.02122
2008-08-30,1.0275
2008-08-31,1.03317
2008-09-01,1.03444
2008-09-02,1.03318
2008-09-03,1.03381
2008-09-04,1.03255
2008-09-05,1.03191
2008-09-06,1.02939
2008-09-07,1.0275
2008-09-08,1.02436
2008-09-09,1.02185
2008-09-10,1.01934
2008-09-11,1.01684
2008-09-12,1.01496
2008-09-13,1.01245
2008-09-14,1.01245
2008-09-15,1.0137
2008-09-16,1.01121
2008-09-17,1.00747
2008-09-18,1.00622
2008-09-19,1.00373
2008-09-20,1.00124
2008-09-21,1.00062
2008-09-22,0.99876
2008-09-23,1.00249
2008-09-24,1.00373
2008-09-25,1.00311
2008-09-26,1.00186
2008-09-27,1.00249
2008-09-28,1.00871
2008-09-29,1.00747
2008-09-30,1.00996
2008-10-01,1.01683
2008-10-02,1.01684
2008-10-03,1.01684
2008-10-04,1.01621
2008-10-05,1.01684
2008-10-06,1.01496
2008-10-07,1.01371
2008-10-08,1.01121
2008-10-09,1.01059
2008-10-10,1.01059
2008-10-11,1.01058
2008-10-12,1.0137
2008-10-13,1.01746
2008-10-14,1.02185
2008-10-15,1.02248
2008-10-16,1.02247
2008-10-17,1.0231
2008-10-18,1.02373
2008-10-19,1.02562
2008-10-20,1.02562
2008-10-21,1.0231
2008-10-22,1.02247
2008-10-23,1.02185
2008-10-24,1.02248
2008-10-25,1.01997
2008-10-26,1.01684
2008-10-27,1.01621
2008-10-28,1.01621
2008-10-29,1.01621
2008-10-30,1.01621
2008-10-31,1.01371
2008-11-01,1.01496
2008-11-02,1.01935
2008-11-03,1.01997
2008-11-04,1.02059
2008-11-05,1.01997
2008-11-06,1.02499
2008-11-07,1.02373
2008-11-08,1.02122
2008-11-09,1.01872
2008-11-10,1.01558
2008-11-11,1.01308
2008-11-12,1.01059
2008-11-13,1.00934
2008-11-14,1.00809
2008-11-15,1.01059
2008-11-16,1.01121
2008-11-17,1.01059
2008-11-18,1.01245
2008-11-19,1.01558
2008-11-20,1.01997
2008-11-21,1.02311
2008-11-22,1.02248
2008-11-23,1.02436
2008-11-24,1.02813
2008-11-25,1.02876
2008-11-26,1.02939
2008-11-27,1.02813
2008-11-28,1.03002
2008-11-29,1.03192
2008-11-30,1.03381
2008-12-01,1.03128
2008-12-02,1.02813
2008-12-03,1.02436
2008-12-04,1.02059
2008-12-05,1.01684
2008-12-06,1.01433
2008-12-07,1.01308
2008-12-08,1.01183
2008-12-09,1.01059
2008-12-10,1.00934
2008-12-11,1.00746
2008-12-12,1.00684
2008-12-13,1.0056
2008-12-14,1.00435
2008-12-15,1.00187
2008-12-16,0.99876
2008-12-17,0.99504
2008-12-18,0.99195
2008-12-19,0.98885
2008-12-20,0.98763
2008-12-21,0.98701
2008-12-22,0.987
2008-12-23,0.98701
2008-12-24,0.98639
2008-12-25,0.987
2008-12-26,0.98639
2008-12-27,0.98639
2008-12-28,0.98392
2008-12-29,0.98084
2008-12-30,0.98084
2008-12-31,0.98084
2009-01-01,0.98084
2009-01-02,0.97777
2009-01-03,0.98392
2009-01-04,0.98639
2009-01-05,0.98577
2009-01-06,0.98454
2009-01-07,0.98207
2009-01-08,0.97961
2009-01-09,0.97655
2009-01-10,0.97593
2009-01-11,0.97777
2009-01-12,0.97716
2009-01-13,0.979
2009-01-14,0.98084
2009-01-15,0.98023
2009-01-16,0.98146
2009-01-17,0.98762
2009-01-18,0.98577
2009-01-19,0.98763
2009-01-20,0.99133
2009-01-21,0.9938
2009-01-22,0.99628
2009-01-23,0.9969
2009-01-24,0.99504
2009-01-25,0.99195
2009-01-26,0.98947
2009-01-27,0.987
2009-01-28,0.98515
2009-01-29,0.98269
2009-01-30,0.98331
2009-01-31,0.98331
2009-02-01,0.98084
2009-02-02,0.97962
2009-02-03,0.97777
2009-02-04,0.97532
2009-02-05,0.97532
2009-02-06,0.97532
2009-02-07,0.9747
2009-02-08,0.97409
2009-02-09,0.9747
2009-02-10,0.97655
2009-02-11,0.98022
2009-02-12,0.98023
2009-02-13,0.97839
2009-02-14,0.979
2009-02-15,0.97593
2009-02-16,0.9747
2009-02-17,0.97409
2009-02-18,0.9747
2009-02-19,0.9747
2009-02-20,0.97409
2009-02-21,0.97225
2009-02-22,0.97041
2009-02-23,0.9692
2009-02-24,0.9692
2009-02-25,0.96797
2009-02-26,0.96736
2009-02-27,0.96308
2009-02-28,0.96004
2009-03-01,0.95579
2009-03-02,0.9564
2009-03-03,0.95822
2009-03-04,0.95579
2009-03-05,0.95215
2009-03-06,0.95154
2009-03-07,0.94912
2009-03-08,0.9455
2009-03-09,0.9455
2009-03-10,0.94248
2009-03-11,0.94127
2009-03-12,0.94128
2009-03-13,0.94067
2009-03-14,0.93766
2009-03-15,0.93526
2009-03-16,0.93286
2009-03-17,0.93106
2009-03-18,0.93046
2009-03-19,0.92986
2009-03-20,0.92807
2009-03-21,0.92747
2009-03-22,0.92747
2009-03-23,0.92747
2009-03-24,0.92687
2009-03-25,0.92687
2009-03-26,0.92568
2009-03-27,0.92568
2009-03-28,0.92448
2009-03-29,0.92328
2009-03-30,0.92328
2009-03-31,0.92388
2009-04-01,0.92806
2009-04-02,0.93106
2009-04-03,0.93586
2009-04-04,0.93586
2009-04-05,0.93706
2009-04-06,0.93586
2009-04-07,0.93526
2009-04-08,0.93766
2009-04-09,0.93406
2009-04-10,0.93526
2009-04-11,0.93706
2009-04-12,0.93526
2009-04-13,0.93466
2009-04-14,0.93406
2009-04-15,0.93346
2009-04-16,0.93106
2009-04-17,0.92986
2009-04-18,0.92687
2009-04-19,0.92507
2009-04-20,0.92747
2009-04-21,0.92926
2009-04-22,0.92986
2009-04-23,0.93106
2009-04-24,0.93406
2009-04-25,0.93046
2009-04-26,0.93046
2009-04-27,0.92747
2009-04-28,0.92448
2009-04-29,0.92328
2009-04-30,0.92508
2009-05-01,0.92627
2009-05-02,0.92747
2009-05-03,0.93166
2009-05-04,0.93526
2009-05-05,0.94007
2009-05-06,0.94188
2009-05-07,0.94369
2009-05-08,0.94792
2009-05-09,0.95033
2009-05-10,0.95094
2009-05-11,0.95094
2009-05-12,0.95154
2009-05-13,0.95579
2009-05-14,0.95154
2009-05-15,0.94912
2009-05-16,0.94913
2009-05-17,0.94973
2009-05-18,0.9467
2009-05-19,0.94429
2009-05-20,0.94368
2009-05-21,0.94248
2009-05-22,0.93947
2009-05-23,0.93886
2009-05-24,0.93826
2009-05-25,0.93887
2009-05-26,0.93646
2009-05-27,0.93406
2009-05-28,0.93225
2009-05-29,0.93046
2009-05-30,0.92806
2009-05-31,0.92328
2009-06-01,0.9209
2009-06-02,0.91555
2009-06-03,0.91257
2009-06-04,0.90783
2009-06-05,0.90488
2009-06-06,0.9031
2009-06-07,0.9025
2009-06-08,0.90075
2009-06-09,0.89839
2009-06-10,0.90075
2009-06-11,0.89721
2009-06-12,0.89427
2009-06-13,0.89544
2009-06-14,0.89486
2009-06-15,0.89309
2009-06-16,0.89368
2009-06-17,0.8925
2009-06-18,0.88898
2009-06-19,0.88957
2009-06-20,0.88781
2009-06-21,0.89074
2009-06-22,0.89309
2009-06-23,0.89309
2009-06-24,0.89544
2009-06-25,0.89544
2009-06-26,0.89368
2009-06-27,0.89192
2009-06-28,0.8884
2009-06-29,0.8884
2009-06-30,0.89016
2009-07-01,0.8925
2009-07-02,0.89309
2009-07-03,0.8925
2009-07-04,0.89192
2009-07-05,0.89016
2009-07-06,0.88665
2009-07-07,0.8849
2009-07-08,0.8849
2009-07-09,0.88957
2009-07-10,0.89603
2009-07-11,0.8978
2009-07-12,0.89957
2009-07-13,0.89662
2009-07-14,0.8931
2009-07-15,0.89016
2009-07-16,0.88723
2009-07-17,0.88431
2009-07-18,0.88314
2009-07-19,0.87906
2009-07-20,0.87848
2009-07-21,0.87848
2009-07-22,0.87906
2009-07-23,0.87848
2009-07-24,0.87615
2009-07-25,0.87209
2009-07-26,0.87035
2009-07-27,0.86687
2009-07-28,0.8634
2009-07-29,0.85878
2009-07-30,0.85477
2009-07-31,0.85477
2009-08-01,0.85362
2009-08-02,0.84845
2009-08-03,0.84388
2009-08-04,0.84218
2009-08-05,0.83819
2009-08-06,0.83819
2009-08-07,0.83762
2009-08-08,0.83477
2009-08-09,0.83137
2009-08-10,0.82685
2009-08-11,0.82233
2009-08-12,0.81895
2009-08-13,0.81558
2009-08-14,0.81446
2009-08-15,0.81334
2009-08-16,0.8139
2009-08-17,0.81726
2009-08-18,0.8139
2009-08-19,0.81054
2009-08-20,0.80774
2009-08-21,0.80718
2009-08-22,0.80329
2009-08-23,0.80439
2009-08-24,0.8005
2009-08-25,0.79883
2009-08-26,0.79661
2009-08-27,0.79495
2009-08-28,0.79051
2009-08-29,0.78941
2009-08-30,0.79328
2009-08-31,0.7955
2009-09-01,0.7955
2009-09-02,0.79384
2009-09-03,0.79495
2009-09-04,0.79384
2009-09-05,0.79218
2009-09-06,0.78996
2009-09-07,0.78666
2009-09-08,0.78831
2009-09-09,0.78886
2009-09-10,0.7883
2009-09-11,0.78556
2009-09-12,0.78335
2009-09-13,0.78226
2009-09-14,0.77786
2009-09-15,0.77951
2009-09-16,0.77512
2009-09-17,0.77402
2009-09-18,0.77458
2009-09-19,0.77841
2009-09-20,0.77896
2009-09-21,0.77512
2009-09-22,0.77293
2009-09-23,0.77129
2009-09-24,0.76639
2009-09-25,0.76312
2009-09-26,0.76421
2009-09-27,0.76313
2009-09-28,0.75879
2009-09-29,0.75392
2009-09-30,0.75014
2009-10-01,0.74531
2009-10-02,0.74049
2009-10-03,0.74048
2009-10-04,0.74049
2009-10-05,0.73835
2009-10-06,0.73408
2009-10-07,0.73355
2009-10-08,0.73195
2009-10-09,0.73248
2009-10-10,0.7293
2009-10-11,0.72929
2009-10-12,0.73088
2009-10-13,0.73408
2009-10-14,0.73568
2009-10-15,0.74048
2009-10-16,0.7437
2009-10-17,0.7437
2009-10-18,0.74854
2009-10-19,0.74853
2009-10-20,0.75392
2009-10-21,0.75663
2009-10-22,0.75933
2009-10-23,0.75879
2009-10-24,0.76313
2009-10-25,0.76693
2009-10-26,0.76584
2009-10-27,0.76366
2009-10-28,0.76096
2009-10-29,0.76421
2009-10-30,0.76693
2009-10-31,0.76857
2009-11-01,0.77239
2009-11-02,0.77731
2009-11-03,0.7795
2009-11-04,0.77895
2009-11-05,0.7817
2009-11-06,0.79053
2009-11-07,0.79717
2009-11-08,0.80607
2009-11-09,0.81559
2009-11-10,0.82008
2009-11-11,0.8105
2009-11-12,0.81403
2009-11-13,0.81755
2009-11-14,0.8205
2009-11-15,0.82403
2009-11-16,0.82874
2009-11-17,0.83226
2009-11-18,0.83343
2009-11-19,0.83167
2009-11-20,0.83284
2009-11-21,0.83343
2009-11-22,0.83638
2009-11-23,0.83226
2009-11-24,0.8299
2009-11-25,0.82756
2009-11-26,0.82462
2009-11-27,0.82344
2009-11-28,0.81991
2009-11-29,0.82226
2009-11-30,0.82109
2009-12-01,0.81926
2009-12-02,0.81463
2009-12-03,0.81047
2009-12-04,0.80572
2009-12-05,0.80756
2009-12-06,0.80572
2009-12-07,0.80226
2009-12-08,0.79725
2009-12-09,0.79725
2009-12-10,0.79488
2009-12-11,0.79388
2009-12-12,0.7926
2009-12-13,0.7903
2009-12-14,0.78516
2009-12-15,0.78747
2009-12-16,0.78242
2009-12-17,0.78024
2009-12-18,0.78024
2009-12-19,0.78065
2009-12-20,0.77949
2009-12-21,0.77656
2009-12-22,0.77392
2009-12-23,0.77656
2009-12-24,0.77398
2009-12-25,0.77656
2009-12-26,0.78024
2009-12-27,0.78242
2009-12-28,0.78024
2009-12-29,0.77787
2009-12-30,0.77903
2009-12-31,0.78024
2010-01-01,0.78133
2010-01-02,0.78242
2010-01-03,0.78407
2010-01-04,0.78297
2010-01-05,0.78242
2010-01-06,0.78064
2010-01-07,0.77902
2010-01-08,0.77656
2010-01-09,0.7756
2010-01-10,0.77335
2010-01-11,0.7718
2010-01-12,0.76663
2010-01-13,0.76388
2010-01-14,0.76507
2010-01-15,0.76616
2010-01-16,0.76388
2010-01-17,0.76507
2010-01-18,0.76541
2010-01-19,0.76784
2010-01-20,0.7694
2010-01-21,0.76457
2010-01-22,0.75943
2010-01-23,0.76055
2010-01-24,0.76108
2010-01-25,0.76214
2010-01-26,0.76402
2010-01-27,0.76507
2010-01-28,0.76602
2010-01-29,0.76402
2010-01-30,0.75943
2010-01-31,0.75382
2010-02-01,0.75114
2010-02-02,0.74523
2010-02-03,0.74628
2010-02-04,0.74345
2010-02-05,0.73769
2010-02-06,0.73551
2010-02-07,0.73336
2010-02-08,0.72909
2010-02-09,0.72704
2010-02-10,0.72265
2010-02-11,0.7198
2010-02-12,0.71473
2010-02-13,0.71046
2010-02-14,0.70638
2010-02-15,0.70255
2010-02-16,0.7032
2010-02-17,0.70006
2010-02-18,0.69794
2010-02-19,0.69539
2010-02-20,0.69642
2010-02-21,0.69193
2010-02-22,0.68972
2010-02-23,0.68769
2010-02-24,0.68364
2010-02-25,0.68498
2010-02-26,0.68296
2010-02-27,0.67785
2010-02-28,0.67445
2010-03-01,0.67349
2010-03-02,0.67038
2010-03-03,0.67231
2010-03-04,0.6723
2010-03-05,0.66984
2010-03-06,0.66723
2010-03-07,0.66433
2010-03-08,0.66433
2010-03-09,0.66405
2010-03-10,0.66125
2010-03-11,0.66028
2010-03-12,0.65682
2010-03-13,0.65576
2010-03-14,0.65467
2010-03-15,0.6509
2010-03-16,0.64587
2010-03-17,0.64296
2010-03-18,0.6415
2010-03-19,0.6401
2010-03-20,0.6371
2010-03-21,0.63505
2010-03-22,0.63059
2010-03-23,0.62683
2010-03-24,0.62206
2010-03-25,0.61785
2010-03-26,0.61577
2010-03-27,0.61105
2010-03-28,0.60717
2010-03-29,0.60194
2010-03-30,0.59969
2010-03-31,0.59588
2010-04-01,0.59502
2010-04-02,0.5968
2010-04-03,0.5954
2010-04-04,0.59776
2010-04-05,0.59356
2010-04-06,0.59126
2010-04-07,0.59178
2010-04-08,0.58945
2010-04-09,0.58568
2010-04-10,0.58424
2010-04-11,0.58225
2010-04-12,0.58297
2010-04-13,0.58153
2010-04-14,0.58044
2010-04-15,0.57724
2010-04-16,0.57543
2010-04-17,0.57724
2010-04-18,0.5782
2010-04-19,0.5759
2010-04-20,0.57222
2010-04-21,0.56861
2010-04-22,0.56353
2010-04-23,0.55995
2010-04-24,0.55671
2010-04-25,0.55219
2010-04-26,0.55355
2010-04-27,0.55079
2010-04-28,0.54911
2010-04-29,0.55007
2010-04-30,0.55048
2010-05-01,0.54903
2010-05-02,0.54779
2010-05-03,0.54743
2010-05-04,0.54549
2010-05-05,0.54369
2010-05-06,0.54229
2010-05-07,0.54015
2010-05-08,0.54144
2010-05-09,0.54067
2010-05-10,0.54325
2010-05-11,0.54503
2010-05-12,0.54503
2010-05-13,0.54369
2010-05-14,0.54297
2010-05-15,0.54188
2010-05-16,0.54369
2010-05-17,0.54067
2010-05-18,0.53755
2010-05-19,0.53646
2010-05-20,0.53883
2010-05-21,0.53792
2010-05-22,0.53519
2010-05-23,0.53447
2010-05-24,0.53306
2010-05-25,0.53254
2010-05-26,0.5321
2010-05-27,0.53034
2010-05-28,0.53205
2010-05-29,0.53518
2010-05-30,0.53711
2010-05-31,0.53923
2010-06-01,0.53796
2010-06-02,0.5388
2010-06-03,0.53883
2010-06-04,0.53711
2010-06-05,0.53657
2010-06-06,0.53482
2010-06-07,0.5321
2010-06-08,0.53126
2010-06-09,0.53048
2010-06-10,0.52902
2010-06-11,0.52986
2010-06-12,0.52986
2010-06-13,0.53391
2010-06-14,0.53827
2010-06-15,0.54067
2010-06-16,0.54144
2010-06-17,0.54422
2010-06-18,0.54422
2010-06-19,0.54581
2010-06-20,0.54911
2010-06-21,0.55048
2010-06-22,0.55135
2010-06-23,0.55135
2010-06-24,0.55337
2010-06-25,0.554
2010-06-26,0.5554
2010-06-27,0.56067
2010-06-28,0.56521
2010-06-29,0.56521
2010-06-30,0.56353
2010-07-01,0.56263
2010-07-02,0.56263
2010-07-03,0.56716
2010-07-04,0.56951
2010-07-05,0.57244
2010-07-06,0.57306
2010-07-07,0.57306
2010-07-08,0.57361
2010-07-09,0.57674
2010-07-10,0.57851
2010-07-11,0.58287
2010-07-12,0.58297
2010-07-13,0.5827
2010-07-14,0.58644
2010-07-15,0.59449
2010-07-16,0.59829
2010-07-17,0.60683
2010-07-18,0.61378
2010-07-19,0.61581
2010-07-20,0.6244
2010-07-21,0.63022
2010-07-22,0.63166
2010-07-23,0.63365
2010-07-24,0.63857
2010-07-25,0.64352
2010-07-26,0.64794
2010-07-27,0.64932
2010-07-28,0.65321
2010-07-29,0.65375
2010-07-30,0.65481
2010-07-31,0.65679
2010-08-01,0.66199
2010-08-02,0.66592
2010-08-03,0.66723
2010-08-04,0.66983
2010-08-05,0.66984
2010-08-06,0.66832
2010-08-07,0.66688
2010-08-08,0.66928
2010-08-09,0.66885
2010-08-10,0.66688
2010-08-11,0.66586
2010-08-12,0.66433
2010-08-13,0.66311
2010-08-14,0.65978
2010-08-15,0.66062
2010-08-16,0.65785
2010-08-17,0.65679
2010-08-18,0.65886
2010-08-19,0.65636
2010-08-20,0.6543
2010-08-21,0.65034
2010-08-22,0.64988
2010-08-23,0.64781
2010-08-24,0.64692
2010-08-25,0.64794
2010-08-26,0.64598
2010-08-27,0.64794
2010-08-28,0.65533
2010-08-29,0.66028
2010-08-30,0.66234
2010-08-31,0.66028
2010-09-01,0.65835
2010-09-02,0.66234
2010-09-03,0.66592
2010-09-04,0.67286
2010-09-05,0.68043
2010-09-06,0.68613
2010-09-07,0.69422
2010-09-08,0.70043
2010-09-09,0.70467
2010-09-10,0.71046
2010-09-11,0.71685
2010-09-12,0.7232
2010-09-13,0.72474
2010-09-14,0.72794
2010-09-15,0.72725
2010-09-16,0.72794
2010-09-17,0.72959
2010-09-18,0.73432
2010-09-19,0.7371
2010-09-20,0.73974
2010-09-21,0.74195
2010-09-22,0.74345
2010-09-23,0.74588
2010-09-24,0.75012
2010-09-25,0.75286
2010-09-26,0.76388
2010-09-27,0.7756
2010-09-28,0.78187
2010-09-29,0.78746
2010-09-30,0.79151
2010-10-01,0.79151
2010-10-02,0.79388
2010-10-03,0.79662
2010-10-04,0.80538
2010-10-05,0.81285
2010-10-06,0.82104
2010-10-07,0.82743
2010-10-08,0.84051
2010-10-09,0.84771
2010-10-10,0.8545
2010-10-11,0.85796
2010-10-12,0.85828
2010-10-13,0.85708
2010-10-14,0.85796
2010-10-15,0.85796
2010-10-16,0.85712
2010-10-17,0.85774
2010-10-18,0.85937
2010-10-19,0.85774
2010-10-20,0.85522
2010-10-21,0.85328
2010-10-22,0.85272
2010-10-23,0.85455
2010-10-24,0.85582
2010-10-25,0.85643
2010-10-26,0.85522
2010-10-27,0.85328
2010-10-28,0.85093
2010-10-29,0.85212
2010-10-30,0.85522
2010-10-31,0.86319
2010-11-01,0.87294
2010-11-02,0.88554
2010-11-03,0.88789
2010-11-04,0.89182
2010-11-05,0.89182
2010-11-06,0.90069
2010-11-07,0.90783
2010-11-08,0.91887
2010-11-09,0.92991
2010-11-10,0.94007
2010-11-11,0.94807
2010-11-12,0.95536
2010-11-13,0.96639
2010-11-14,0.98107
2010-11-15,0.99221
2010-11-16,0.9972
2010-11-17,1.00234
2010-11-18,1.00311
2010-11-19,1.00654
2010-11-20,1.01218
2010-11-21,1.01308
2010-11-22,1.01165
2010-11-23,1.01149
2010-11-24,1.01515
2010-11-25,1.0152
2010-11-26,1.0152
2010-11-27,1.0166
2010-11-28,1.02093
2010-11-29,1.02395
2010-11-30,1.02688
2010-12-01,1.0262
2010-12-02,1.0276
2010-12-03,1.0276
2010-12-04,1.0276
2010-12-05,1.0262
2010-12-06,1.02333
2010-12-07,1.02252
2010-12-08,1.02688
2010-12-09,1.02688
2010-12-10,1.0299
2010-12-11,1.0299
2010-12-12,1.02688
2010-12-13,1.02529
2010-12-14,1.02688
2010-12-15,1.02906
2010-12-16,1.02906
2010-12-17,1.0262
2010-12-18,1.0262
2010-12-19,1.02688
2010-12-20,1.02395
2010-12-21,1.02252
2010-12-22,1.01959
2010-12-23,1.01735
2010-12-24,1.01573
2010-12-25,1.01377
2010-12-26,1.02479
2010-12-27,1.02479
2010-12-28,1.02174
2010-12-29,1.01959
2010-12-30,1.0166
2010-12-31,1.01308
2011-01-01,1.00801
2011-01-02,1.008
2011-01-03,1.00508
2011-01-04,1.00361
2011-01-05,1.00508
2011-01-06,1.00093
2011-01-07,0.99919
2011-01-08,0.99793
2011-01-09,0.99573
2011-01-10,0.99221
2011-01-11,0.99159
2011-01-12,0.98797
2011-01-13,0.98449
2011-01-14,0.98097
2011-01-15,0.97963
2011-01-16,0.97841
2011-01-17,0.97464
2011-01-18,0.97193
2011-01-19,0.96832
2011-01-20,0.96558
2011-01-21,0.96374
2011-01-22,0.96016
2011-01-23,0.95676
2011-01-24,0.95359
2011-01-25,0.9487
2011-01-26,0.9487
2011-01-27,0.9487
2011-01-28,0.94673
2011-01-29,0.9434
2011-01-30,0.93854
2011-01-31,0.93854
2011-02-01,0.93409
2011-02-02,0.93066
2011-02-03,0.92667
2011-02-04,0.92287
2011-02-05,0.91767
2011-02-06,0.91493
2011-02-07,0.91561
2011-02-08,0.91378
2011-02-09,0.90917
2011-02-10,0.9072
2011-02-11,0.90655
2011-02-12,0.90325
2011-02-13,0.90069
2011-02-14,0.89758
2011-02-15,0.89574
2011-02-16,0.89758
2011-02-17,0.89805
2011-02-18,0.89689
2011-02-19,0.89365
2011-02-20,0.88998
2011-02-21,0.88615
2011-02-22,0.88247
2011-02-23,0.87861
2011-02-24,0.87612
2011-02-25,0.87294
2011-02-26,0.87007
2011-02-27,0.86671
2011-02-28,0.86257
2011-03-01,0.86185
2011-03-02,0.86257
2011-03-03,0.86117
2011-03-04,0.85992
2011-03-05,0.85774
2011-03-06,0.85522
2011-03-07,0.8545
2011-03-08,0.85272
2011-03-09,0.85328
2011-03-10,0.85151
2011-03-11,0.84914
2011-03-12,0.84612
2011-03-13,0.84244
2011-03-14,0.8388
2011-03-15,0.83522
2011-03-16,0.83167
2011-03-17,0.82977
2011-03-18,0.83394
2011-03-19,0.83618
2011-03-20,0.84294
2011-03-21,0.84671
2011-03-22,0.85151
2011-03-23,0.85774
2011-03-24,0.86082
2011-03-25,0.86257
2011-03-26,0.87048
2011-03-27,0.86867
2011-03-28,0.87238
2011-03-29,0.8716
2011-03-30,0.87294
2011-03-31,0.8716
2011-04-01,0.87238
2011-04-02,0.87238
2011-04-03,0.87493
2011-04-04,0.87359
2011-04-05,0.87294
2011-04-06,0.87926
2011-04-07,0.88094
2011-04-08,0.88094
2011-04-09,0.87985
2011-04-10,0.88998
2011-04-11,0.89697
2011-04-12,0.91175
2011-04-13,0.92409
2011-04-14,0.9348
2011-04-15,0.94932
2011-04-16,0.96162
2011-04-17,0.9714
2011-04-18,0.98097
2011-04-19,0.98944
2011-04-20,1.00093
2011-04-21,1.0166
2011-04-22,1.03707
2011-04-23,1.05021
2011-04-24,1.05912
2011-04-25,1.06058
2011-04-26,1.06273
2011-04-27,1.06747
2011-04-28,1.07037
2011-04-29,1.06903
2011-04-30,1.06579
2011-05-01,1.06058
2011-05-02,1.05526
2011-05-03,1.05021
2011-05-04,1.04772
2011-05-05,1.04398
2011-05-06,1.04099
2011-05-07,1.04023
2011-05-08,1.03428
2011-05-09,1.03046
2011-05-10,1.02906
2011-05-11,1.0276
2011-05-12,1.02479
2011-05-13,1.02529
2011-05-14,1.0276
2011-05-15,1.0262
2011-05-16,1.02479
2011-05-17,1.02252
2011-05-18,1.02093
2011-05-19,1.01888
2011-05-20,1.01573
2011-05-21,1.01813
2011-05-22,1.02479
2011-05-23,1.02333
2011-05-24,1.02529
2011-05-25,1.03224
2011-05-26,1.03124
2011-05-27,1.02841
2011-05-28,1.0299
2011-05-29,1.03124
2011-05-30,1.02688
2011-05-31,1.02479
2011-06-01,1.02479
2011-06-02,1.02688
2011-06-03,1.02529
2011-06-04,1.02529
2011-06-05,1.02395
2011-06-06,1.02479
2011-06-07,1.02333
2011-06-08,1.01959
2011-06-09,1.01573
2011-06-10,1.01308
2011-06-11,1.01015
2011-06-12,1.00654
2011-06-13,1.00439
2011-06-14,1.00153
2011-06-15,0.99866
2011-06-16,0.99573
2011-06-17,0.99866
2011-06-18,1.00439
2011-06-19,1.00654
2011-06-20,1.00579
2011-06-21,1.00439
2011-06-22,1.00934
2011-06-23,1.01308
2011-06-24,1.01458
2011-06-25,1.01458
2011-06-26,1.0152
2011-06-27,1.01959
2011-06-28,1.01813
2011-06-29,1.0166
2011-06-30,1.01813
2011-07-01,1.01888
2011-07-02,1.01813
2011-07-03,1.01735
2011-07-04,1.01735
2011-07-05,1.0152
2011-07-06,1.01458
2011-07-07,1.01218
2011-07-08,1.01149
2011-07-09,1.01015
2011-07-10,1.00579
2011-07-11,1.00361
2011-07-12,1.00439
2011-07-13,1.00934
2011-07-14,1.01458
2011-07-15,1.0166
2011-07-16,1.0166
2011-07-17,1.01813
2011-07-18,1.02479
2011-07-19,1.02252
2011-07-20,1.02174
2011-07-21,1.01813
2011-07-22,1.01458
2011-07-23,1.01015
2011-07-24,1.00729
2011-07-25,1.00361
2011-07-26,1.0
2011-07-27,0.99645
2011-07-28,1.0
2011-07-29,1.00361
2011-07-30,1.00508
2011-07-31,1.00311
2011-08-01,1.00234
2011-08-02,1.0
2011-08-03,0.99919
2011-08-04,0.99791
2011-08-05,0.99645
2011-08-06,0.9929
2011-08-07,0.98944
2011-08-08,0.98592
2011-08-09,0.98243
2011-08-10,0.97894
2011-08-11,0.97611
2011-08-12,0.97555
2011-08-13,0.97327
2011-08-14,0.97193
2011-08-15,0.96832
2011-08-16,0.97047
2011-08-17,0.96832
2011-08-18,0.96913
2011-08-19,0.9714
2011-08-20,0.96994
2011-08-21,0.9714
2011-08-22,0.97193
2011-08-23,0.97464
2011-08-24,0.97408
2011-08-25,0.97193
2011-08-26,0.96913
2011-08-27,0.96639
2011-08-28,0.96639
2011-08-29,0.96374
2011-08-30,0.96162
2011-08-31,0.95813
2011-09-01,0.95536
2011-09-02,0.95084
2011-09-03,0.94807
2011-09-04,0.94396
2011-09-05,0.94141
2011-09-06,0.94206
2011-09-07,0.94268
2011-09-08,0.94268
2011-09-09,0.9434
2011-09-10,0.94141
2011-09-11,0.94007
2011-09-12,0.93854
2011-09-13,0.93536
2011-09-14,0.93131
2011-09-15,0.92945
2011-09-16,0.9348
2011-09-17,0.93926
2011-09-18,0.94206
2011-09-19,0.94396
2011-09-20,0.94673
2011-09-21,0.95084
2011-09-22,0.95084
2011-09-23,0.95536
2011-09-24,0.95225
2011-09-25,0.95144
2011-09-26,0.95225
2011-09-27,0.95225
2011-09-28,0.95144
2011-09-29,0.9501
2011-09-30,0.9487
2011-10-01,0.95084
2011-10-02,0.94748
2011-10-03,0.94539
2011-10-04,0.9434
2011-10-05,0.94141
2011-10-06,0.9381
2011-10-07,0.93854
2011-10-08,0.9381
2011-10-09,0.93854
2011-10-10,0.94206
2011-10-11,0.94072
2011-10-12,0.94268
2011-10-13,0.94461
2011-10-14,0.95144
2011-10-15,0.95813
2011-10-16,0.96558
2011-10-17,0.97894
2011-10-18,0.98664
2011-10-19,0.98872
2011-10-20,0.98797
2011-10-21,0.99012
2011-10-22,0.9929
2011-10-23,0.99221
2011-10-24,0.9929
2011-10-25,0.99159
2011-10-26,0.9929
2011-10-27,0.99424
2011-10-28,0.9972
2011-10-29,0.99919
2011-10-30,1.00361
2011-10-31,1.00508
2011-11-01,1.00311
2011-11-02,1.0
2011-11-03,0.99791
2011-11-04,0.99498
2011-11-05,0.99498
2011-11-06,0.99866
2011-11-07,0.99866
2011-11-08,1.00093
2011-11-09,1.0
2011-11-10,0.99866
2011-11-11,1.00153
2011-11-12,1.00508
2011-11-13,1.01149
2011-11-14,1.01573
2011-11-15,1.02009
2011-11-16,1.02333
2011-11-17,1.03264
2011-11-18,1.04398
2011-11-19,1.04918
2011-11-20,1.05149
2011-11-21,1.04837
2011-11-22,1.05021
2011-11-23,1.05221
2011-11-24,1.04918
2011-11-25,1.05149
2011-11-26,1.04613
2011-11-27,1.05021
2011-11-28,1.04837
2011-11-29,1.05221
2011-11-30,1.05221
2011-12-01,1.05367
2011-12-02,1.05302
2011-12-03,1.05221
2011-12-04,1.05059
2011-12-05,1.05302
2011-12-06,1.05367
2011-12-07,1.05367
2011-12-08,1.05912
2011-12-09,1.05607
2011-12-10,1.05847
2011-12-11,1.05747
2011-12-12,1.06273
2011-12-13,1.06747
2011-12-14,1.06669
2011-12-15,1.06747
2011-12-16,1.05912
2011-12-17,1.05221
2011-12-18,1.04545
2011-12-19,1.04239
2011-12-20,1.04165
2011-12-21,1.03707
2011-12-22,1.03124
2011-12-23,1.0269
2011-12-24,1.02333
2011-12-25,1.02009
2011-12-26,1.01959
2011-12-27,1.01959
2011-12-28,1.01735
2011-12-29,1.01959
2011-12-30,1.0166
2011-12-31,1.01377
2012-01-01,1.01573
2012-01-02,1.01377
2012-01-03,1.01377
2012-01-04,1.01218
2012-01-05,1.01813
2012-01-06,1.01735
2012-01-07,1.01735
2012-01-08,1.0152
2012-01-09,1.01149
2012-01-10,1.00869
2012-01-11,1.00508
2012-01-12,1.00508
2012-01-13,1.00439
2012-01-14,1.00311
2012-01-15,1.00869
2012-01-16,1.00508
2012-01-17,1.00579
2012-01-18,1.00729
2012-01-19,1.01015
2012-01-20,1.01308
2012-01-21,1.01573
2012-01-22,1.02093
2012-01-23,1.02009
2012-01-24,1.0166
2012-01-25,1.01308
2012-01-26,1.01015
2012-01-27,1.00934
2012-01-28,1.00729
2012-01-29,1.00579
2012-01-30,1.00869
2012-01-31,1.00869
2012-02-01,1.00361
2012-02-02,1.00311
2012-02-03,1.00361
2012-02-04,1.00153
2012-02-05,0.99866
2012-02-06,0.99919
2012-02-07,1.00234
2012-02-08,1.008
2012-02-09,1.01149
2012-02-10,1.01149
2012-02-11,1.01015
2012-02-12,1.00579
2012-02-13,1.00093
2012-02-14,0.99645
2012-02-15,0.99371
2012-02-16,0.98944
2012-02-17,0.98664
2012-02-18,0.98383
2012-02-19,0.98243
2012-02-20,0.97894
2012-02-21,0.97664
2012-02-22,0.97555
2012-02-23,0.97047
2012-02-24,0.96558
2012-02-25,0.96228
2012-02-26,0.95748
2012-02-27,0.95278
2012-02-28,0.9501
2012-02-29,0.94614
2012-03-01,0.94072
2012-03-02,0.93596
2012-03-03,0.932
2012-03-04,0.92945
2012-03-05,0.9287
2012-03-06,0.9287
2012-03-07,0.92409
2012-03-08,0.91892
2012-03-09,0.91415
2012-03-10,0.91038
2012-03-11,0.90655
2012-03-12,0.90275
2012-03-13,0.89873
2012-03-14,0.89365
2012-03-15,0.8887
2012-03-16,0.88356
2012-03-17,0.88094
2012-03-18,0.87671
2012-03-19,0.87294
2012-03-20,0.86867
2012-03-21,0.86549
2012-03-22,0.86739
2012-03-23,0.86493
2012-03-24,0.86428
2012-03-25,0.86117
2012-03-26,0.85992
2012-03-27,0.85992
2012-03-28,0.86257
2012-03-29,0.86372
2012-03-30,0.86185
2012-03-31,0.86319
2012-04-01,0.86428
2012-04-02,0.86618
2012-04-03,0.87007
2012-04-04,0.87238
2012-04-05,0.87493
2012-04-06,0.87612
2012-04-07,0.88247
2012-04-08,0.88789
2012-04-09,0.88742
2012-04-10,0.89312
2012-04-11,0.89574
2012-04-12,0.90275
2012-04-13,0.90527
2012-04-14,0.90599
2012-04-15,0.90599
2012-04-16,0.91175
2012-04-17,0.91493
2012-04-18,0.91767
2012-04-19,0.92219
2012-04-20,0.92742
2012-04-21,0.932
2012-04-22,0.93596
2012-04-23,0.9381
2012-04-24,0.94141
2012-04-25,0.94539
2012-04-26,0.94748
2012-04-27,0.9501
2012-04-28,0.95278
2012-04-29,0.95614
2012-04-30,0.95813
2012-05-01,0.9714
2012-05-02,0.98517
2012-05-03,0.99573
2012-05-04,1.00093
2012-05-05,1.00869
2012-05-06,1.0152
2012-05-07,1.02093
2012-05-08,1.02395
2012-05-09,1.02688
2012-05-10,1.0299
2012-05-11,1.02841
2012-05-12,1.03124
2012-05-13,1.0299
2012-05-14,1.02906
2012-05-15,1.02688
2012-05-16,1.02333
2012-05-17,1.02009
2012-05-18,1.01888
2012-05-19,1.01959
2012-05-20,1.0166
2012-05-21,1.02093
2012-05-22,1.02906
2012-05-23,1.02906
2012-05-24,1.02841
2012-05-25,1.0299
2012-05-26,1.03046
2012-05-27,1.0299
2012-05-28,1.02529
2012-05-29,1.02009
2012-05-30,1.0152
2012-05-31,1.01099
2012-06-01,1.00654
2012-06-02,1.00311
2012-06-03,0.99866
2012-06-04,0.99573
2012-06-05,0.99159
2012-06-06,0.98797
2012-06-07,0.98383
2012-06-08,0.98181
2012-06-09,0.97963
2012-06-10,0.98034
2012-06-11,0.98034
2012-06-12,0.97757
2012-06-13,0.97841
2012-06-14,0.98181
2012-06-15,0.98243
2012-06-16,0.98383
2012-06-17,0.98449
2012-06-18,0.98449
2012-06-19,0.98449
2012-06-20,0.98449
2012-06-21,0.98664
2012-06-22,0.98797
2012-06-23,0.98664
2012-06-24,0.98517
2012-06-25,0.98449
2012-06-26,0.98097
2012-06-27,0.98315
2012-06-28,0.97894
2012-06-29,0.97464
2012-06-30,0.98181
2012-07-01,0.98664
2012-07-02,0.98944
2012-07-03,0.99221
2012-07-04,0.99573
2012-07-05,0.9972
2012-07-06,0.99573
2012-07-07,0.99159
2012-07-08,0.98738
2012-07-09,0.98243
2012-07-10,0.97841
2012-07-11,0.98181
2012-07-12,0.98797
2012-07-13,0.9929
2012-07-14,0.99371
2012-07-15,0.99081
2012-07-16,0.98664
2012-07-17,0.98243
2012-07-18,0.97757
2012-07-19,0.97193
2012-07-20,0.97047
2012-07-21,0.96994
2012-07-22,0.9714
2012-07-23,0.9714
2012-07-24,0.97193
2012-07-25,0.96994
2012-07-26,0.96832
2012-07-27,0.96499
2012-07-28,0.96094
2012-07-29,0.95748
2012-07-30,0.95536
2012-07-31,0.95225
2012-08-01,0.94807
2012-08-02,0.94673
2012-08-03,0.94396
2012-08-04,0.94268
2012-08-05,0.94268
2012-08-06,0.94268
2012-08-07,0.94461
2012-08-08,0.94461
2012-08-09,0.94461
2012-08-10,0.9434
2012-08-11,0.94206
2012-08-12,0.94268
2012-08-13,0.94141
2012-08-14,0.93854
2012-08-15,0.93536
2012-08-16,0.93729
2012-08-17,0.94072
2012-08-18,0.94206
2012-08-19,0.94673
2012-08-20,0.95415
2012-08-21,0.95748
2012-08-22,0.96094
2012-08-23,0.96499
2012-08-24,0.96639
2012-08-25,0.96558
2012-08-26,0.96832
2012-08-27,0.9671
2012-08-28,0.96558
2012-08-29,0.96455
2012-08-30,0.96455
2012-08-31,0.96162
2012-09-01,0.96016
2012-09-02,0.95888
2012-09-03,0.95536
2012-09-04,0.95278
2012-09-05,0.9501
2012-09-06,0.94539
2012-09-07,0.94007
2012-09-08,0.93536
2012-09-09,0.932
2012-09-10,0.92801
2012-09-11,0.92409
2012-09-12,0.91892
2012-09-13,0.91378
2012-09-14,0.90854
2012-09-15,0.90203
2012-09-16,0.89689
2012-09-17,0.89182
2012-09-18,0.88789
2012-09-19,0.88356
2012-09-20,0.88182
2012-09-21,0.88094
2012-09-22,0.88182
2012-09-23,0.88094
2012-09-24,0.87733
2012-09-25,0.8716
2012-09-26,0.86671
2012-09-27,0.86319
2012-09-28,0.85796
2012-09-29,0.85328
2012-09-30,0.84914
2012-10-01,0.84537
2012-10-02,0.8435
2012-10-03,0.8388
2012-10-04,0.83752
2012-10-05,0.83587
2012-10-06,0.83522
2012-10-07,0.84051
2012-10-08,0.83818
2012-10-09,0.8388
2012-10-10,0.83696
2012-10-11,0.83101
2012-10-12,0.8264
2012-10-13,0.82354
2012-10-14,0.81989
2012-10-15,0.81681
2012-10-16,0.82154
2012-10-17,0.82684
2012-10-18,0.83288
2012-10-19,0.84051
2012-10-20,0.84244
2012-10-21,0.84979
2012-10-22,0.85565
2012-10-23,0.85643
2012-10-24,0.85565
2012-10-25,0.86257
2012-10-26,0.86319
2012-10-27,0.86428
2012-10-28,0.86082
2012-10-29,0.85883
2012-10-30,0.85643
2012-10-31,0.85565
2012-11-01,0.86117
2012-11-02,0.85992
2012-11-03,0.85883
2012-11-04,0.85796
2012-11-05,0.85796
2012-11-06,0.85522
2012-11-07,0.85328
2012-11-08,0.85272
2012-11-09,0.84979
2012-11-10,0.84842
2012-11-11,0.84537
2012-11-12,0.84104
2012-11-13,0.83752
2012-11-14,0.83618
2012-11-15,0.83618
2012-11-16,0.8393
2012-11-17,0.84612
2012-11-18,0.85643
2012-11-19,0.86185
2012-11-20,0.86618
2012-11-21,0.86867
2012-11-22,0.87048
2012-11-23,0.86799
2012-11-24,0.86799
2012-11-25,0.86739
2012-11-26,0.8692
2012-11-27,0.8692
2012-11-28,0.87048
2012-11-29,0.86549
2012-11-30,0.86493
2012-12-01,0.86428
2012-12-02,0.86082
2012-12-03,0.85942
2012-12-04,0.85712
2012-12-05,0.85712
2012-12-06,0.85388
2012-12-07,0.85089
2012-12-08,0.84842
2012-12-09,0.84537
2012-12-10,0.84173
2012-12-11,0.8435
2012-12-12,0.8393
2012-12-13,0.83478
2012-12-14,0.83054
2012-12-15,0.8264
2012-12-16,0.82354
2012-12-17,0.81871
2012-12-18,0.81388
2012-12-19,0.81108
2012-12-20,0.80939
2012-12-21,0.80693
2012-12-22,0.80341
2012-12-23,0.7989
2012-12-24,0.79388
2012-12-25,0.7903
2012-12-26,0.78694
2012-12-27,0.78351
2012-12-28,0.77902
2012-12-29,0.77398
2012-12-30,0.76949
2012-12-31,0.76457
2013-01-01,0.75996
2013-01-02,0.7556
2013-01-03,0.75504
2013-01-04,0.75068
2013-01-05,0.74628
2013-01-06,0.74146
2013-01-07,0.73607
2013-01-08,0.73115
2013-01-09,0.72576
2013-01-10,0.72059
2013-01-11,0.71526
2013-01-12,0.71006
2013-01-13,0.70467
2013-01-14,0.6995
2013-01-15,0.6947
2013-01-16,0.69134
2013-01-17,0.68769
2013-01-18,0.68296
2013-01-19,0.67857
2013-01-20,0.67445
2013-01-21,0.67037
2013-01-22,0.66586
2013-01-23,0.66125
2013-01-24,0.65636
2013-01-25,0.65115
2013-01-26,0.64642
2013-01-27,0.64147
2013-01-28,0.63664
2013-01-29,0.63318
2013-01-30,0.62823
2013-01-31,0.6244
2013-02-01,0.61951
2013-02-02,0.6144
2013-02-03,0.60954
2013-02-04,0.6067
2013-02-05,0.60309
2013-02-06,0.59926
2013-02-07,0.59449
2013-02-08,0.59063
2013-02-09,0.58748
2013-02-10,0.58365
2013-02-11,0.58225
2013-02-12,0.5796
2013-02-13,0.57487
2013-02-14,0.57365
2013-02-15,0.57415
2013-02-16,0.57041
2013-02-17,0.56565
2013-02-18,0.56126
2013-02-19,0.55671
2013-02-20,0.55309
2013-02-21,0.55007
2013-02-22,0.54911
2013-02-23,0.54581
2013-02-24,0.55079
2013-02-25,0.5478
2013-02-26,0.54633
2013-02-27,0.54743
2013-02-28,0.5444
2013-03-01,0.54369
2013-03-02,0.53964
2013-03-03,0.53646
2013-03-04,0.5331
2013-03-05,0.52945
2013-03-06,0.525
2013-03-07,0.52064
2013-03-08,0.51687
2013-03-09,0.5121
2013-03-10,0.50811
2013-03-11,0.5041
2013-03-12,0.49992
2013-03-13,0.49531
2013-03-14,0.49061
2013-03-15,0.48675
2013-03-16,0.48223
2013-03-17,0.48266
2013-03-18,0.48266
2013-03-19,0.48266
2013-03-20,0.48139
2013-03-21,0.47855
2013-03-22,0.47622
2013-03-23,0.47329
2013-03-24,0.47014
2013-03-25,0.46603
2013-03-26,0.46407
2013-03-27,0.46027
2013-03-28,0.45563
2013-03-29,0.45373
2013-03-30,0.45152
2013-03-31,0.44843
2013-04-01,0.44348
2013-04-02,0.44074
2013-04-03,0.43756
2013-04-04,0.43392
2013-04-05,0.42859
2013-04-06,0.42463
2013-04-07,0.42061
2013-04-08,0.41635
2013-04-09,0.4113
2013-04-10,0.40896
2013-04-11,0.40305
2013-04-12,0.39893
2013-04-13,0.39545
2013-04-14,0.39084
2013-04-15,0.38682
2013-04-16,0.38168
2013-04-17,0.3776
2013-04-18,0.3757
2013-04-19,0.37081
2013-04-20,0.36744
2013-04-21,0.36339
2013-04-22,0.3605
2013-04-23,0.35835
2013-04-24,0.35417
2013-04-25,0.35177
2013-04-26,0.3481
2013-04-27,0.34561
2013-04-28,0.34514
2013-04-29,0.34333
2013-04-30,0.34115
2013-05-01,0.34374
2013-05-02,0.34374
2013-05-03,0.34561
2013-05-04,0.34704
2013-05-05,0.34913
2013-05-06,0.35417
2013-05-07,0.3575
2013-05-08,0.35937
2013-05-09,0.35794
2013-05-10,0.36321
2013-05-11,0.36165
2013-05-12,0.36564
2013-05-13,0.36402
2013-05-14,0.3605
2013-05-15,0.35866
2013-05-16,0.35694
2013-05-17,0.35835
2013-05-18,0.36236
2013-05-19,0.36564
2013-05-20,0.36981
2013-05-21,0.37607
2013-05-22,0.38149
2013-05-23,0.39277
2013-05-24,0.40781
2013-05-25,0.41747
2013-05-26,0.42516
2013-05-27,0.42859
2013-05-28,0.43064
2013-05-29,0.4298
2013-05-30,0.43024
2013-05-31,0.43064
2013-06-01,0.43208
2013-06-02,0.43307
2013-06-03,0.43208
2013-06-04,0.42937
2013-06-05,0.42666
2013-06-06,0.42463
2013-06-07,0.42158
2013-06-08,0.41747
2013-06-09,0.41448
2013-06-10,0.4113
2013-06-11,0.40819
2013-06-12,0.40569
2013-06-13,0.40426
2013-06-14,0.40283
2013-06-15,0.40214
2013-06-16,0.40569
2013-06-17,0.40734
2013-06-18,0.40853
2013-06-19,0.40657
2013-06-20,0.40305
2013-06-21,0.40027
2013-06-22,0.40283
2013-06-23,0.40657
2013-06-24,0.41367
2013-06-25,0.41569
2013-06-26,0.41918
2013-06-27,0.42158
2013-06-28,0.43102
2013-06-29,0.43778
2013-06-30,0.44715
2013-07-01,0.45373
2013-07-02,0.45152
2013-07-03,0.45653
2013-07-04,0.4607
2013-07-05,0.46407
2013-07-06,0.46077
2013-07-07,0.45775
2013-07-08,0.46027
2013-07-09,0.46267
2013-07-10,0.46507
2013-07-11,0.46762
2013-07-12,0.46893
2013-07-13,0.46603
2013-07-14,0.46226
2013-07-15,0.45728
2013-07-16,0.45974
2013-07-17,0.46173
2013-07-18,0.45775
2013-07-19,0.4541
2013-07-20,0.44946
2013-07-21,0.44513
2013-07-22,0.44843
2013-07-23,0.44513
2013-07-24,0.44145
2013-07-25,0.44236
2013-07-26,0.43778
2013-07-27,0.43392
2013-07-28,0.42909
2013-07-29,0.42385
2013-07-30,0.41918
2013-07-31,0.41591
2013-08-01,0.41367
2013-08-02,0.41239
2013-08-03,0.41669
2013-08-04,0.41834
2013-08-05,0.41482
2013-08-06,0.41669
2013-08-07,0.41311
2013-08-08,0.41448
2013-08-09,0.41569
2013-08-10,0.41482
2013-08-11,0.41519
2013-08-12,0.41569
2013-08-13,0.41713
2013-08-14,0.41482
2013-08-15,0.4113
2013-08-16,0.40703
2013-08-17,0.4051
2013-08-18,0.40981
2013-08-19,0.41311
2013-08-20,0.42037
2013-08-21,0.42575
2013-08-22,0.43208
2013-08-23,0.43544
2013-08-24,0.43943
2013-08-25,0.44662
2013-08-26,0.4503
2013-08-27,0.45332
2013-08-28,0.45528
2013-08-29,0.45775
2013-08-30,0.45943
2013-08-31,0.46027
2013-09-01,0.46466
2013-09-02,0.47014
2013-09-03,0.47597
2013-09-04,0.47943
2013-09-05,0.48223
2013-09-06,0.48391
2013-09-07,0.4831
2013-09-08,0.48618
2013-09-09,0.49145
2013-09-10,0.49908
2013-09-11,0.50503
2013-09-12,0.506
2013-09-13,0.50945
2013-09-14,0.506
2013-09-15,0.50503
2013-09-16,0.50811
2013-09-17,0.51076
2013-09-18,0.50734
2013-09-19,0.50861
2013-09-20,0.51076
2013-09-21,0.51241
2013-09-22,0.50811
2013-09-23,0.5098
2013-09-24,0.506
2013-09-25,0.5012
2013-09-26,0.50294
2013-09-27,0.5026
2013-09-28,0.50344
2013-09-29,0.50553
2013-09-30,0.50861
2013-10-01,0.50902
2013-10-02,0.5098
2013-10-03,0.51338
2013-10-04,0.51771
2013-10-05,0.51704
2013-10-06,0.52019
2013-10-07,0.52331
2013-10-08,0.52064
2013-10-09,0.51895
2013-10-10,0.52252
2013-10-11,0.5259
2013-10-12,0.52945
2013-10-13,0.53602
2013-10-14,0.54144
2013-10-15,0.55079
2013-10-16,0.55272
2013-10-17,0.55272
2013-10-18,0.55636
2013-10-19,0.55671
2013-10-20,0.55907
2013-10-21,0.56565
2013-10-22,0.56917
2013-10-23,0.56861
2013-10-24,0.56752
2013-10-25,0.56624
2013-10-26,0.56487
2013-10-27,0.56798
2013-10-28,0.56624
2013-10-29,0.56752
2013-10-30,0.56565
2013-10-31,0.56487
2013-11-01,0.56393
2013-11-02,0.56213
2013-11-03,0.56041
2013-11-04,0.56303
2013-11-05,0.57244
2013-11-06,0.5782
2013-11-07,0.58568
2013-11-08,0.58695
2013-11-09,0.59449
2013-11-10,0.60013
2013-11-11,0.60365
2013-11-12,0.6067
2013-11-13,0.6087
2013-11-14,0.6144
2013-11-15,0.6181
2013-11-16,0.62296
2013-11-17,0.62586
2013-11-18,0.62296
2013-11-19,0.62053
2013-11-20,0.62016
2013-11-21,0.6244
2013-11-22,0.62798
2013-11-23,0.63059
2013-11-24,0.63218
2013-11-25,0.63022
2013-11-26,0.62932
2013-11-27,0.62866
2013-11-28,0.63256
2013-11-29,0.6371
2013-11-30,0.64203
2013-12-01,0.64642
2013-12-02,0.65393
2013-12-03,0.65679
2013-12-04,0.66125
2013-12-05,0.66483
2013-12-06,0.66885
2013-12-07,0.66984
2013-12-08,0.67402
2013-12-09,0.67688
2013-12-10,0.67589
2013-12-11,0.67548
2013-12-12,0.67947
2013-12-13,0.67688
2013-12-14,0.67785
2013-12-15,0.67947
2013-12-16,0.68296
2013-12-17,0.68825
2013-12-18,0.68704
2013-12-19,0.69025
2013-12-20,0.6866
2013-12-21,0.68296
2013-12-22,0.68156
2013-12-23,0.69025
2013-12-24,0.69068
2013-12-25,0.69539
2013-12-26,0.69794
2013-12-27,0.69539
2013-12-28,0.69218
2013-12-29,0.69417
2013-12-30,0.6947
2013-12-31,0.69152
2014-01-01,0.68825
2014-01-02,0.69068
2014-01-03,0.68881
2014-01-04,0.68461
2014-01-05,0.68399
2014-01-06,0.68613
2014-01-07,0.68399
2014-01-08,0.68704
2014-01-09,0.68564
2014-01-10,0.68156
2014-01-11,0.67785
2014-01-12,0.67445
2014-01-13,0.67639
2014-01-14,0.6723
2014-01-15,0.66832
2014-01-16,0.66405
2014-01-17,0.66028
2014-01-18,0.65576
2014-01-19,0.6543
2014-01-20,0.65115
2014-01-21,0.64692
2014-01-22,0.64296
2014-01-23,0.63916
2014-01-24,0.63455
2014-01-25,0.63022
2014-01-26,0.62539
2014-01-27,0.62162
2014-01-28,0.61717
2014-01-29,0.6134
2014-01-30,0.60904
2014-01-31,0.60471
2014-02-01,0.60169
2014-02-02,0.60054
2014-02-03,0.5968
2014-02-04,0.59306
2014-02-05,0.59178
2014-02-06,0.58748
2014-02-07,0.59029
2014-02-08,0.59259
2014-02-09,0.58792
2014-02-10,0.59063
2014-02-11,0.58593
2014-02-12,0.58153
2014-02-13,0.5782
2014-02-14,0.57456
2014-02-15,0.56951
2014-02-16,0.56487
2014-02-17,0.56069
2014-02-18,0.55702
2014-02-19,0.55593
2014-02-20,0.55272
2014-02-21,0.55219
2014-02-22,0.54933
2014-02-23,0.54873
2014-02-24,0.54823
2014-02-25,0.54677
2014-02-26,0.54369
2014-02-27,0.54369
2014-02-28,0.54228
2014-03-01,0.54503
2014-03-02,0.54677
2014-03-03,0.54422
2014-03-04,0.54091
2014-03-05,0.54091
2014-03-06,0.53964
2014-03-07,0.54188
2014-03-08,0.54369
2014-03-09,0.5444
2014-03-10,0.54144
2014-03-11,0.54228
2014-03-12,0.54422
2014-03-13,0.5444
2014-03-14,0.54369
2014-03-15,0.54325
2014-03-16,0.54369
2014-03-17,0.54369
2014-03-18,0.54422
2014-03-19,0.54422
2014-03-20,0.54144
2014-03-21,0.54144
2014-03-22,0.54297
2014-03-23,0.54581
2014-03-24,0.54369
2014-03-25,0.54228
2014-03-26,0.54067
2014-03-27,0.53933
2014-03-28,0.53711
2014-03-29,0.53755
2014-03-30,0.53254
2014-03-31,0.52764
2014-04-01,0.52861
2014-04-02,0.52986
2014-04-03,0.53048
2014-04-04,0.53157
2014-04-05,0.53356
2014-04-06,0.53478
2014-04-07,0.53646
2014-04-08,0.53883
2014-04-09,0.53936
2014-04-10,0.53711
2014-04-11,0.53792
2014-04-12,0.53883
2014-04-13,0.53646
2014-04-14,0.53711
2014-04-15,0.53356
2014-04-16,0.53518
2014-04-17,0.53254
2014-04-18,0.52764
2014-04-19,0.52416
2014-04-20,0.51939
2014-04-21,0.5155
2014-04-22,0.51687
2014-04-23,0.51282
2014-04-24,0.51687
2014-04-25,0.51282
2014-04-26,0.52331
2014-04-27,0.52662
2014-04-28,0.52986
2014-04-29,0.53082
2014-04-30,0.53356
2014-05-01,0.53518
2014-05-02,0.53254
2014-05-03,0.53478
2014-05-04,0.53711
2014-05-05,0.53518
2014-05-06,0.53755
2014-05-07,0.53964
2014-05-08,0.54297
2014-05-09,0.5478
2014-05-10,0.54743
2014-05-11,0.55079
2014-05-12,0.55468
2014-05-13,0.56126
2014-05-14,0.56565
2014-05-15,0.57091
2014-05-16,0.5759
2014-05-17,0.58007
2014-05-18,0.58315
2014-05-19,0.58568
2014-05-20,0.58945
2014-05-21,0.59178
2014-05-22,0.5939
2014-05-23,0.59259
2014-05-24,0.5954
2014-05-25,0.59776
2014-05-26,0.60013
2014-05-27,0.59829
2014-05-28,0.59829
2014-05-29,0.5968
2014-05-30,0.5968
2014-05-31,0.60365
2014-06-01,0.60776
2014-06-02,0.61209
2014-06-03,0.61524
2014-06-04,0.6125
2014-06-05,0.61468
2014-06-06,0.6181
2014-06-07,0.62349
2014-06-08,0.62798
2014-06-09,0.62969
2014-06-10,0.63318
2014-06-11,0.63365
2014-06-12,0.63567
2014-06-13,0.6376
2014-06-14,0.64352
2014-06-15,0.64835
2014-06-16,0.6509
2014-06-17,0.65224
2014-06-18,0.6543
2014-06-19,0.65636
2014-06-20,0.65785
2014-06-21,0.65938
2014-06-22,0.66062
2014-06-23,0.65785
2014-06-24,0.65636
2014-06-25,0.65978
2014-06-26,0.66433
2014-06-27,0.66885
2014-06-28,0.6723
2014-06-29,0.67402
2014-06-30,0.67639
2014-07-01,0.68043
2014-07-02,0.68498
2014-07-03,0.69068
2014-07-04,0.6947
2014-07-05,0.69841
2014-07-06,0.70102
2014-07-07,0.70542
2014-07-08,0.70426
2014-07-09,0.70542
2014-07-10,0.70666
2014-07-11,0.70781
2014-07-12,0.70897
2014-07-13,0.71046
2014-07-14,0.71006
2014-07-15,0.71096
2014-07-16,0.71211
2014-07-17,0.70897
2014-07-18,0.70467
2014-07-19,0.70542
2014-07-20,0.70576
2014-07-21,0.70467
2014-07-22,0.7032
2014-07-23,0.70043
2014-07-24,0.69897
2014-07-25,0.69641
2014-07-26,0.6995
2014-07-27,0.70165
2014-07-28,0.70255
2014-07-29,0.70224
2014-07-30,0.70255
2014-07-31,0.70224
2014-08-01,0.7032
2014-08-02,0.70224
2014-08-03,0.70255
2014-08-04,0.70224
2014-08-05,0.70102
2014-08-06,0.70165
2014-08-07,0.70255
2014-08-08,0.70666
2014-08-09,0.71006
2014-08-10,0.71352
2014-08-11,0.71962
2014-08-12,0.72373
2014-08-13,0.72725
2014-08-14,0.73336
2014-08-15,0.73336
2014-08-16,0.73164
2014-08-17,0.7328
2014-08-18,0.73376
2014-08-19,0.73227
2014-08-20,0.7328
2014-08-21,0.7328
2014-08-22,0.73376
2014-08-23,0.73164
2014-08-24,0.73068
2014-08-25,0.73432
2014-08-26,0.73227
2014-08-27,0.72794
2014-08-28,0.72576
2014-08-29,0.7232
2014-08-30,0.71981
2014-08-31,0.71526
2014-09-01,0.71046
2014-09-02,0.70638
2014-09-03,0.70426
2014-09-04,0.70252
2014-09-05,0.69841
2014-09-06,0.69417
2014-09-07,0.69068
2014-09-08,0.68613
2014-09-09,0.68243
2014-09-10,0.68296
2014-09-11,0.68564
2014-09-12,0.68613
2014-09-13,0.69327
2014-09-14,0.69641
2014-09-15,0.70102
2014-09-16,0.69897
2014-09-17,0.6995
2014-09-18,0.69744
2014-09-19,0.69592
2014-09-20,0.70043
2014-09-21,0.70426
2014-09-22,0.70841
2014-09-23,0.70735
2014-09-24,0.70542
2014-09-25,0.71006
2014-09-26,0.71211
2014-09-27,0.71638
2014-09-28,0.719
2014-09-29,0.72211
2014-09-30,0.719
2014-10-01,0.71685
2014-10-02,0.71308
2014-10-03,0.71006
2014-10-04,0.70638
2014-10-05,0.70224
2014-10-06,0.69897
2014-10-07,0.70043
2014-10-08,0.70426
2014-10-09,0.71261
2014-10-10,0.71781
2014-10-11,0.72211
2014-10-12,0.72725
2014-10-13,0.7328
2014-10-14,0.7371
2014-10-15,0.74146
2014-10-16,0.74588
2014-10-17,0.74959
2014-10-18,0.75354
2014-10-19,0.7584
2014-10-20,0.76161
2014-10-21,0.76457
2014-10-22,0.76784
2014-10-23,0.76616
2014-10-24,0.77064
2014-10-25,0.775
2014-10-26,0.78516
2014-10-27,0.78918
2014-10-28,0.79432
2014-10-29,0.79771
2014-10-30,0.80226
2014-10-31,0.80986
2014-11-01,0.81565
2014-11-02,0.8203
2014-11-03,0.82391
2014-11-04,0.82684
2014-11-05,0.82805
2014-11-06,0.82743
2014-11-07,0.82871
2014-11-08,0.82805
2014-11-09,0.82743
2014-11-10,0.83054
2014-11-11,0.83478
2014-11-12,0.84478
2014-11-13,0.85036
2014-11-14,0.85883
2014-11-15,0.86082
2014-11-16,0.86493
2014-11-17,0.86428
2014-11-18,0.86671
2014-11-19,0.86739
2014-11-20,0.86739
2014-11-21,0.86739
2014-11-22,0.86671
2014-11-23,0.86739
2014-11-24,0.87493
2014-11-25,0.87531
2014-11-26,0.87612
2014-11-27,0.87612
2014-11-28,0.87531
2014-11-29,0.87359
2014-11-30,0.87671
2014-12-01,0.87612
2014-12-02,0.87238
2014-12-03,0.8711
2014-12-04,0.87048
2014-12-05,0.86739
2014-12-06,0.86493
2014-12-07,0.86185
2014-12-08,0.85942
2014-12-09,0.86372
2014-12-10,0.87007
2014-12-11,0.87415
2014-12-12,0.87733
2014-12-13,0.88029
2014-12-14,0.87926
2014-12-15,0.88247
2014-12-16,0.88615
2014-12-17,0.88789
2014-12-18,0.88742
2014-12-19,0.88303
2014-12-20,0.8854
2014-12-21,0.88789
2014-12-22,0.88303
2014-12-23,0.87926
2014-12-24,0.88029
2014-12-25,0.88406
2014-12-26,0.87985
2014-12-27,0.87671
2014-12-28,0.87493
2014-12-29,0.8711
2014-12-30,0.86799
2014-12-31,0.87007
2015-01-01,0.86671
2015-01-02,0.86319
2015-01-03,0.85883
2015-01-04,0.85565
2015-01-05,0.85198
2015-01-06,0.84771
2015-01-07,0.84428
2015-01-08,0.84051
2015-01-09,0.8388
2015-01-10,0.83618
2015-01-11,0.83394
2015-01-12,0.83167
2015-01-13,0.83288
2015-01-14,0.83101
2015-01-15,0.82805
2015-01-16,0.82684
2015-01-17,0.82456
2015-01-18,0.82154
2015-01-19,0.81871
2015-01-20,0.81516
2015-01-21,0.8122
2015-01-22,0.81108
2015-01-23,0.80877
2015-01-24,0.80572
2015-01-25,0.80756
2015-01-26,0.80341
2015-01-27,0.79955
2015-01-28,0.79432
2015-01-29,0.79151
2015-01-30,0.78694
2015-01-31,0.7846
2015-02-01,0.78133
2015-02-02,0.77624
2015-02-03,0.77737
2015-02-04,0.77902
2015-02-05,0.77398
2015-02-06,0.7718
2015-02-07,0.76719
2015-02-08,0.76507
2015-02-09,0.76214
2015-02-10,0.76108
2015-02-11,0.75887
2015-02-12,0.75996
2015-02-13,0.76541
2015-02-14,0.76893
2015-02-15,0.77114
2015-02-16,0.76663
2015-02-17,0.76893
2015-02-18,0.76388
2015-02-19,0.75887
2015-02-20,0.75457
2015-02-21,0.74959
2015-02-22,0.74457
2015-02-23,0.74311
2015-02-24,0.73974
2015-02-25,0.73432
2015-02-26,0.73068
2015-02-27,0.72703
2015-02-28,0.72373
2015-03-01,0.72059
2015-03-02,0.71582
2015-03-03,0.71096
2015-03-04,0.70735
2015-03-05,0.70376
2015-03-06,0.69897
2015-03-07,0.69417
2015-03-08,0.68934
2015-03-09,0.68399
2015-03-10,0.67982
2015-03-11,0.67492
2015-03-12,0.67134
2015-03-13,0.66723
2015-03-14,0.66234
2015-03-15,0.65894
2015-03-16,0.65393
2015-03-17,0.64835
2015-03-18,0.64352
2015-03-19,0.64279
2015-03-20,0.63953
2015-03-21,0.63953
2015-03-22,0.63953
2015-03-23,0.63916
2015-03-24,0.63801
2015-03-25,0.63678
2015-03-26,0.6371
2015-03-27,0.63218
2015-03-28,0.62823
2015-03-29,0.6253
2015-03-30,0.62162
2015-03-31,0.61717
2015-04-01,0.61468
2015-04-02,0.61347
2015-04-03,0.61225
2015-04-04,0.60954
2015-04-05,0.61007
2015-04-06,0.61209
2015-04-07,0.60843
2015-04-08,0.61217
2015-04-09,0.61204
2015-04-10,0.61312
2015-04-11,0.61524
2015-04-12,0.61159
2015-04-13,0.607
2015-04-14,0.60471
2015-04-15,0.60309
2015-04-16,0.60624
2015-04-17,0.60954
2015-04-18,0.60901
2015-04-19,0.60904
2015-04-20,0.6072
2015-04-21,0.60904
2015-04-22,0.60954
2015-04-23,0.61011
2015-04-24,0.6129
2015-04-25,0.61159
2015-04-26,0.6072
2015-04-27,0.60309
2015-04-28,0.59918
2015-04-29,0.5947
2015-04-30,0.5954
2015-05-01,0.59636
2015-05-02,0.59197
2015-05-03,0.59356
2015-05-04,0.59029
2015-05-05,0.58524
2015-05-06,0.58044
2015-05-07,0.57794
2015-05-08,0.57365
2015-05-09,0.57051
2015-05-10,0.56729
2015-05-11,0.56213
2015-05-12,0.55889
2015-05-13,0.55475
2015-05-14,0.54985
2015-05-15,0.54577
2015-05-16,0.54188
2015-05-17,0.5401
2015-05-18,0.53792
2015-05-19,0.53373
2015-05-20,0.52978
2015-05-21,0.53574
2015-05-22,0.53883
2015-05-23,0.54118
2015-05-24,0.54351
2015-05-25,0.54977
2015-05-26,0.55175
2015-05-27,0.55381
2015-05-28,0.55623
2015-05-29,0.56279
2015-05-30,0.57833
2015-05-31,0.58505
2015-06-01,0.58991
2015-06-02,0.59246
2015-06-03,0.59431
2015-06-04,0.59571
2015-06-05,0.59776
2015-06-06,0.60013
2015-06-07,0.60194
2015-06-08,0.60409
2015-06-09,0.60169
2015-06-10,0.60054
2015-06-11,0.59733
2015-06-12,0.59306
2015-06-13,0.58888
2015-06-14,0.58451
2015-06-15,0.58225
2015-06-16,0.5782
2015-06-17,0.5796
2015-06-18,0.57595
2015-06-19,0.57605
2015-06-20,0.57739
2015-06-21,0.57869
2015-06-22,0.57823
2015-06-23,0.5775
2015-06-24,0.57595
2015-06-25,0.57459
2015-06-26,0.57471
2015-06-27,0.57537
2015-06-28,0.57543
2015-06-29,0.57306
2015-06-30,0.57113
2015-07-01,0.5717
2015-07-02,0.57135
2015-07-03,0.57175
2015-07-04,0.57211
2015-07-05,0.56966
2015-07-06,0.56798
2015-07-07,0.56635
2015-07-08,0.56521
2015-07-09,0.56646
2015-07-10,0.5663
2015-07-11,0.5674
2015-07-12,0.56784
2015-07-13,0.56714
2015-07-14,0.56729
2015-07-15,0.57231
2015-07-16,0.57653
2015-07-17,0.57857
2015-07-18,0.58418
2015-07-19,0.58894
2015-07-20,0.5942
2015-07-21,0.60303
2015-07-22,0.60638
2015-07-23,0.60799
2015-07-24,0.60959
2015-07-25,0.61056
2015-07-26,0.61204
2015-07-27,0.61308
2015-07-28,0.6155
2015-07-29,0.61887
2015-07-30,0.62416
2015-07-31,0.62581
2015-08-01,0.62722
2015-08-02,0.62818
2015-08-03,0.6298
2015-08-04,0.63059
2015-08-05,0.6314
2015-08-06,0.63188
2015-08-07,0.63332
2015-08-08,0.6348
2015-08-09,0.63898
2015-08-10,0.63789
2015-08-11,0.63953
2015-08-12,0.63892
2015-08-13,0.6409
2015-08-14,0.64356
2015-08-15,0.64421
2015-08-16,0.64687
2015-08-17,0.64937
2015-08-18,0.656
2015-08-19,0.65768
2015-08-20,0.66049
2015-08-21,0.66396
2015-08-22,0.66688
2015-08-23,0.67097
2015-08-24,0.67336
2015-08-25,0.67668
2015-08-26,0.68071
2015-08-27,0.68423
2015-08-28,0.68942
2015-08-29,0.69172
2015-08-30,0.6935
2015-08-31,0.69565
2015-09-01,0.69565
2015-09-02,0.69391
2015-09-03,0.69141
2015-09-04,0.69121
2015-09-05,0.69422
2015-09-06,0.69592
2015-09-07,0.69596
2015-09-08,0.69724
2015-09-09,0.69544
2015-09-10,0.69749
2015-09-11,0.70177
2015-09-12,0.70301
2015-09-13,0.70381
2015-09-14,0.7001
2015-09-15,0.69484
2015-09-16,0.69271
2015-09-17,0.69038
2015-09-18,0.68564
2015-09-19,0.68296
2015-09-20,0.68411
2015-09-21,0.68303
2015-09-22,0.67992
2015-09-23,0.67835
2015-09-24,0.67648
2015-09-25,0.67299
2015-09-26,0.66853
2015-09-27,0.6681
2015-09-28,0.66302
2015-09-29,0.65888
2015-09-30,0.6579
2015-10-01,0.6548
2015-10-02,0.64992
2015-10-03,0.64699
2015-10-04,0.64478
2015-10-05,0.64341
2015-10-06,0.6397
2015-10-07,0.63581
2015-10-08,0.63332
2015-10-09,0.63059
2015-10-10,0.62717
2015-10-11,0.6339
2015-10-12,0.63636
2015-10-13,0.6418
2015-10-14,0.64523
2015-10-15,0.64907
2015-10-16,0.65315
2015-10-17,0.65563
2015-10-18,0.65763
2015-10-19,0.65898
2015-10-20,0.65998
2015-10-21,0.66184
2015-10-22,0.66386
2015-10-23,0.66087
2015-10-24,0.66321
2015-10-25,0.66597
2015-10-26,0.66853
2015-10-27,0.66581
2015-10-28,0.663
2015-10-29,0.66259
2015-10-30,0.66013
2015-10-31,0.66203
2015-11-01,0.6623
2015-11-02,0.66524
2015-11-03,0.66283
2015-11-04,0.66184
2015-11-05,0.66433
2015-11-06,0.66614
2015-11-07,0.66956
2015-11-08,0.67281
2015-11-09,0.67577
2015-11-10,0.6821
2015-11-11,0.68505
2015-11-12,0.68717
2015-11-13,0.68942
2015-11-14,0.69101
2015-11-15,0.68876
2015-11-16,0.69033
2015-11-17,0.69137
2015-11-18,0.69075
2015-11-19,0.69428
2015-11-20,0.69827
2015-11-21,0.69749
2015-11-22,0.70017
2015-11-23,0.70823
2015-11-24,0.71216
2015-11-25,0.71565
2015-11-26,0.71964
2015-11-27,0.71838
2015-11-28,0.72103
2015-11-29,0.72238
2015-11-30,0.722
2015-12-01,0.7195
2015-12-02,0.71621
2015-12-03,0.719
2015-12-04,0.71505
2015-12-05,0.71285
2015-12-06,0.71452
2015-12-07,0.71599
2015-12-08,0.71753
2015-12-09,0.71872
2015-12-10,0.72051
2015-12-11,0.71816
2015-12-12,0.71801
2015-12-13,0.71806
2015-12-14,0.71432
2015-12-15,0.71119
2015-12-16,0.70793
2015-12-17,0.70411
2015-12-18,0.69934
2015-12-19,0.69444
2015-12-20,0.69134
2015-12-21,0.68656
2015-12-22,0.68259
2015-12-23,0.6792
2015-12-24,0.67589
2015-12-25,0.67381
2015-12-26,0.67359
2015-12-27,0.66973
2015-12-28,0.66736
2015-12-29,0.66712
2015-12-30,0.66413
2015-12-31,0.66433
2016-01-01,0.66213
2016-01-02,0.66028
2016-01-03,0.6581
2016-01-04,0.65572
2016-01-05,0.65342
2016-01-06,0.6509
2016-01-07,0.64871
2016-01-08,0.64702
2016-01-09,0.64474
2016-01-10,0.64246
2016-01-11,0.64133
2016-01-12,0.6391
2016-01-13,0.63524
2016-01-14,0.63213
2016-01-15,0.62866
2016-01-16,0.6264
2016-01-17,0.62702
2016-01-18,0.62517
2016-01-19,0.62222
2016-01-20,0.61848
2016-01-21,0.61454
2016-01-22,0.61138
2016-01-23,0.60843
2016-01-24,0.607
2016-01-25,0.60376
2016-01-26,0.60041
2016-01-27,0.59776
2016-01-28,0.59481
2016-01-29,0.59141
2016-01-30,0.58867
2016-01-31,0.58578
2016-02-01,0.58244
2016-02-02,0.57826
2016-02-03,0.57448
2016-02-04,0.57037
2016-02-05,0.5678
2016-02-06,0.56479
2016-02-07,0.56168
2016-02-08,0.55969
2016-02-09,0.55836
2016-02-10,0.55572
2016-02-11,0.55306
2016-02-12,0.5506
2016-02-13,0.54673
2016-02-14,0.54411
2016-02-15,0.54364
2016-02-16,0.54496
2016-02-17,0.54933
2016-02-18,0.55057
2016-02-19,0.55155
2016-02-20,0.5542
2016-02-21,0.55978
2016-02-22,0.56193
2016-02-23,0.56343
2016-02-24,0.56514
2016-02-25,0.56707
2016-02-26,0.56789
2016-02-27,0.56917
2016-02-28,0.56981
2016-02-29,0.57046
2016-03-01,0.5713
2016-03-02,0.57207
2016-03-03,0.57244
2016-03-04,0.5737
2016-03-05,0.57456
2016-03-06,0.57557
2016-03-07,0.57624
2016-03-08,0.57719
2016-03-09,0.57798
2016-03-10,0.57851
2016-03-11,0.5791
2016-03-12,0.58114
2016-03-13,0.5817
2016-03-14,0.58298
2016-03-15,0.58401
2016-03-16,0.58528
2016-03-17,0.5877
2016-03-18,0.58862
2016-03-19,0.58982
2016-03-20,0.59363
2016-03-21,0.59549
2016-03-22,0.59685
2016-03-23,0.59727
2016-03-24,0.59768
2016-03-25,0.59782
2016-03-26,0.59824
2016-03-27,0.60041
2016-03-28,0.60076
2016-03-29,0.60093
2016-03-30,0.60145
2016-03-31,0.60204
2016-04-01,0.60309
2016-04-02,0.60467
2016-04-03,0.60521
2016-04-04,0.60584
2016-04-05,0.60612
2016-04-06,0.60618
2016-04-07,0.60624
2016-04-08,0.61073
2016-04-09,0.61415
2016-04-10,0.61724
2016-04-11,0.61944
2016-04-12,0.62227
2016-04-13,0.62436
2016-04-14,0.62517
2016-04-15,0.62539
2016-04-16,0.62586
2016-04-17,0.62667
2016-04-18,0.62677
2016-04-19,0.62683
2016-04-20,0.62683
2016-04-21,0.62667
2016-04-22,0.62712
2016-04-23,0.62603
2016-04-24,0.62599
2016-04-25,0.62651
2016-04-26,0.6284
2016-04-27,0.63006
2016-04-28,0.63168
2016-04-29,0.63341
2016-04-30,0.6346
2016-05-01,0.63643
2016-05-02,0.63785
2016-05-03,0.63851
2016-05-04,0.64095
2016-05-05,0.64042
2016-05-06,0.64085
2016-05-07,0.64158
2016-05-08,0.6424
2016-05-09,0.64497
2016-05-10,0.64699
2016-05-11,0.64823
2016-05-12,0.64819
2016-05-13,0.64722
2016-05-14,0.64633
2016-05-15,0.64502
2016-05-16,0.64313
2016-05-17,0.64421
2016-05-18,0.64414
2016-05-19,0.64274
2016-05-20,0.64114
2016-05-21,0.63924
2016-05-22,0.6371
2016-05-23,0.63485
2016-05-24,0.63252
2016-05-25,0.6314
2016-05-26,0.63274
2016-05-27,0.63312
2016-05-28,0.63327
2016-05-29,0.63222
2016-05-30,0.63435
2016-05-31,0.63696
2016-06-01,0.63602
2016-06-02,0.63451
2016-06-03,0.6349
2016-06-04,0.63576
2016-06-05,0.63573
2016-06-06,0.63567
2016-06-07,0.63636
2016-06-08,0.63561
2016-06-09,0.63405
2016-06-10,0.63312
2016-06-11,0.63178
2016-06-12,0.63044
2016-06-13,0.62849
2016-06-14,0.62712
2016-06-15,0.62563
2016-06-16,0.62227
2016-06-17,0.6186
2016-06-18,0.61577
2016-06-19,0.61328
2016-06-20,0.6102
2016-06-21,0.60726
2016-06-22,0.60417
2016-06-23,0.60121
2016-06-24,0.59852
2016-06-25,0.59387
2016-06-26,0.59021
2016-06-27,0.58518
2016-06-28,0.58153
2016-06-29,0.57629
2016-06-30,0.57086
2016-07-01,0.56866
2016-07-02,0.56373
2016-07-03,0.56193
2016-07-04,0.55851
2016-07-05,0.55858
2016-07-06,0.55983
2016-07-07,0.55582
2016-07-08,0.55664
2016-07-09,0.55683
2016-07-10,0.55441
2016-07-11,0.55619
2016-07-12,0.55256
2016-07-13,0.55019
2016-07-14,0.55028
2016-07-15,0.55667
2016-07-16,0.56109
2016-07-17,0.56333
2016-07-18,0.566
2016-07-19,0.56218
2016-07-20,0.55992
2016-07-21,0.55966
2016-07-22,0.5554
2016-07-23,0.55326
2016-07-24,0.54928
2016-07-25,0.54772
2016-07-26,0.54314
2016-07-27,0.53888
2016-07-28,0.53377
2016-07-29,0.52915
2016-07-30,0.52679
2016-07-31,0.52368
2016-08-01,0.52177
2016-08-02,0.5173
2016-08-03,0.51485
2016-08-04,0.51025
2016-08-05,0.50553
2016-08-06,0.50267
2016-08-07,0.49942
2016-08-08,0.49733
2016-08-09,0.4947
2016-08-10,0.49079
2016-08-11,0.48949
2016-08-12,0.48641
2016-08-13,0.48685
2016-08-14,0.4836
2016-08-15,0.48266
2016-08-16,0.484
2016-08-17,0.48635
2016-08-18,0.48314
2016-08-19,0.48314
2016-08-20,0.48186
2016-08-21,0.48022
2016-08-22,0.47868
2016-08-23,0.47715
2016-08-24,0.47544
2016-08-25,0.4712
2016-08-26,0.46718
2016-08-27,0.46655
2016-08-28,0.46736
2016-08-29,0.46283
2016-08-30,0.463
2016-08-31,0.46311
2016-09-01,0.46506
2016-09-02,0.46259
2016-09-03,0.46292
2016-09-04,0.46595
2016-09-05,0.46762
2016-09-06,0.47044
2016-09-07,0.47234
2016-09-08,0.474
2016-09-09,0.47397
2016-09-10,0.47886
2016-09-11,0.48604
2016-09-12,0.4916
2016-09-13,0.49686
2016-09-14,0.50363
2016-09-15,0.51274
2016-09-16,0.5165
2016-09-17,0.51726
2016-09-18,0.51515
2016-09-19,0.51586
2016-09-20,0.51562
2016-09-21,0.51624
2016-09-22,0.5159
2016-09-23,0.5155
2016-09-24,0.51515
2016-09-25,0.51834
2016-09-26,0.52215
2016-09-27,0.52691
2016-09-28,0.52793
2016-09-29,0.53051
2016-09-30,0.5338
2016-10-01,0.53838
2016-10-02,0.54317
2016-10-03,0.54166
2016-10-04,0.54067
2016-10-05,0.5392
2016-10-06,0.53725
2016-10-07,0.53799
2016-10-08,0.53883
2016-10-09,0.54297
2016-10-10,0.54928
2016-10-11,0.5552
2016-10-12,0.56267
2016-10-13,0.56761
2016-10-14,0.57984
2016-10-15,0.58524
2016-10-16,0.59186
2016-10-17,0.59776
2016-10-18,0.60253
2016-10-19,0.60409
2016-10-20,0.60837
2016-10-21,0.61332
2016-10-22,0.61712
2016-10-23,0.6181
2016-10-24,0.61704
2016-10-25,0.62211
2016-10-26,0.62419
2016-10-27,0.62765
2016-10-28,0.63006
2016-10-29,0.63789
2016-10-30,0.64221
2016-10-31,0.64637
2016-11-01,0.65158
2016-11-02,0.65606
2016-11-03,0.66049
2016-11-04,0.66478
2016-11-05,0.66695
2016-11-06,0.66706
2016-11-07,0.67016
2016-11-08,0.67537
2016-11-09,0.67894
2016-11-10,0.68337
2016-11-11,0.68357
2016-11-12,0.68448
2016-11-13,0.68385
2016-11-14,0.69211
2016-11-15,0.6915
2016-11-16,0.70017
2016-11-17,0.70638
2016-11-18,0.71236
2016-11-19,0.71925
2016-11-20,0.72541
2016-11-21,0.72934
2016-11-22,0.73324
2016-11-23,0.73655
2016-11-24,0.74151
2016-11-25,0.74937
2016-11-26,0.7549
2016-11-27,0.76033
2016-11-28,0.76679
2016-11-29,0.77269
2016-11-30,0.77705
2016-12-01,0.78373
2016-12-02,0.79004
2016-12-03,0.79506
2016-12-04,0.80025
2016-12-05,0.80444
2016-12-06,0.80949
2016-12-07,0.8165
2016-12-08,0.82299
2016-12-09,0.82601
2016-12-10,0.83228
2016-12-11,0.83785
2016-12-12,0.84125
2016-12-13,0.84612
2016-12-14,0.85036
2016-12-15,0.85406
2016-12-16,0.85755
2016-12-17,0.86106
2016-12-18,0.86623
2016-12-19,0.86847
2016-12-20,0.8713
2016-12-21,0.87623
2016-12-22,0.88036
2016-12-23,0.88503
2016-12-24,0.89029
2016-12-25,0.89413
2016-12-26,0.89751
2016-12-27,0.903
2016-12-28,0.90585
2016-12-29,0.90351
2016-12-30,0.8994
2016-12-31,0.89832
2017-01-01,0.89696
2017-01-02,0.89668
2017-01-03,0.89251
2017-01-04,0.88775
2017-01-05,0.88441
2017-01-06,0.88012
2017-01-07,0.87838
2017-01-08,0.87714
2017-01-09,0.87387
2017-01-10,0.8706
2017-01-11,0.86691
2017-01-12,0.86448
2017-01-13,0.86428
2017-01-14,0.86527
2017-01-15,0.8613
2017-01-16,0.85783
2017-01-17,0.85657
2017-01-18,0.85778
2017-01-19,0.86001
2017-01-20,0.86089
2017-01-21,0.85982
2017-01-22,0.85604
2017-01-23,0.8522
2017-01-24,0.84753
2017-01-25,0.84468
2017-01-26,0.84088
2017-01-27,0.84031
2017-01-28,0.83649
2017-01-29,0.83294
2017-01-30,0.83047
2017-01-31,0.82658
2017-02-01,0.82666
2017-02-02,0.82283
2017-02-03,0.82109
2017-02-04,0.81927
2017-02-05,0.81939
2017-02-06,0.8674
2017-02-07,0.82868
2017-02-08,0.82374
2017-02-09,0.82032
2017-02-10,0.81581
2017-02-11,0.81432
2017-02-12,0.81382
2017-02-13,0.81025
2017-02-14,0.80576
2017-02-15,0.80172
2017-02-16,0.79697
2017-02-17,0.79551
2017-02-18,0.79116
2017-02-19,0.78948
2017-02-20,0.78688
2017-02-21,0.78239
2017-02-22,0.7783
2017-02-23,0.77603
2017-02-24,0.77502
2017-02-25,0.77518
2017-02-26,0.774
2017-02-27,0.77067
2017-02-28,0.76954
2017-03-01,0.76601
2017-03-02,0.76227
2017-03-03,0.75886
2017-03-04,0.75828
2017-03-05,0.7578
2017-03-06,0.75774
2017-03-07,0.75684
2017-03-08,0.75886
2017-03-09,0.75977
2017-03-10,0.75796
2017-03-11,0.75711
2017-03-12,0.75572
2017-03-13,0.75397
2017-03-14,0.75631
2017-03-15,0.76328
2017-03-16,0.76837
2017-03-17,0.77201
2017-03-18,0.77545
2017-03-19,0.77862
2017-03-20,0.78196
2017-03-21,0.77953
2017-03-22,0.77759
2017-03-23,0.78186
2017-03-24,0.78358
2017-03-25,0.78996
2017-03-26,0.80379
2017-03-27,0.8119
2017-03-28,0.8174
2017-03-29,0.82468
2017-03-30,0.83356
2017-03-31,0.84807
2017-04-01,0.86039
2017-04-02,0.86978
2017-04-03,0.87483
2017-04-04,0.87358
2017-04-05,0.87165
2017-04-06,0.86927
2017-04-07,0.86813
2017-04-08,0.86655
2017-04-09,0.86706
2017-04-10,0.8648
2017-04-11,0.86253
2017-04-12,0.86174
2017-04-13,0.86564
2017-04-14,0.87063
2017-04-15,0.86762
2017-04-16,0.87046
2017-04-17,0.86927
2017-04-18,0.87012
2017-04-19,0.86757
2017-04-20,0.86592
2017-04-21,0.86253
2017-04-22,0.86524
2017-04-23,0.86813
2017-04-24,0.86457
2017-04-25,0.86293
2017-04-26,0.86282
2017-04-27,0.86643
2017-04-28,0.86927
2017-04-29,0.87188
2017-04-30,0.87477
2017-05-01,0.88029
2017-05-02,0.88303
2017-05-03,0.88183
2017-05-04,0.88103
2017-05-05,0.88429
2017-05-06,0.89482
2017-05-07,0.9057
2017-05-08,0.91838
2017-05-09,0.92617
2017-05-10,0.93903
2017-05-11,0.94589
2017-05-12,0.95448
2017-05-13,0.95944
2017-05-14,0.96506
2017-05-15,0.96825
2017-05-16,0.97312
2017-05-17,0.97483
2017-05-18,0.98226
2017-05-19,0.98775
2017-05-20,0.99736
2017-05-21,1.0021
2017-05-22,1.00467
2017-05-23,1.00497
2017-05-24,1.00515
2017-05-25,1.00569
2017-05-26,1.00551
2017-05-27,1.00437
2017-05-28,1.00156
2017-05-29,1.00138
2017-05-30,1.00714
2017-05-31,1.00762
2017-06-01,1.00708
2017-06-02,1.0069
2017-06-03,1.00402
2017-06-04,1.00066
2017-06-05,0.99856
2017-06-06,0.9951
2017-06-07,0.99384
2017-06-08,0.99718
2017-06-09,0.9976
2017-06-10,0.99874
2017-06-11,1.00084
2017-06-12,1.003
2017-06-13,1.00198
2017-06-14,1.0015
2017-06-15,1.00491
2017-06-16,1.00636
2017-06-17,1.0075
2017-06-18,1.00972
2017-06-19,1.01375
2017-06-20,1.01327
2017-06-21,1.01369
2017-06-22,1.01429
2017-06-23,1.01393
2017-06-24,1.01038
2017-06-25,1.01122
2017-06-26,1.01158
2017-06-27,1.01549
2017-06-28,1.01724
2017-06-29,1.01586
2017-06-30,1.01664
2017-07-01,1.01519
2017-07-02,1.01266
2017-07-03,1.01122
2017-07-04,1.00864
2017-07-05,1.00702
2017-07-06,1.00473
2017-07-07,1.0021
2017-07-08,1.00318
2017-07-09,1.00396
2017-07-10,1.00396
2017-07-11,1.003
2017-07-12,1.0006
2017-07-13,0.99982
2017-07-14,0.99886
2017-07-15,0.99766
2017-07-16,0.99552
2017-07-17,0.9945
2017-07-18,0.99659
2017-07-19,0.9954
2017-07-20,0.99552
2017-07-21,0.99414
2017-07-22,0.99037
2017-07-23,0.98715
2017-07-24,0.98268
2017-07-25,0.97852
2017-07-26,0.97614
2017-07-27,0.97258
2017-07-28,0.96902
2017-07-29,0.96488
2017-07-30,0.96133
2017-07-31,0.95661
2017-08-01,0.95248
2017-08-02,0.95013
2017-08-03,0.94601
2017-08-04,0.94425
2017-08-05,0.93955
2017-08-06,0.93546
2017-08-07,0.93253
2017-08-08,0.93078
2017-08-09,0.93136
2017-08-10,0.93019
2017-08-11,0.93253
2017-08-12,0.93429
2017-08-13,0.93078
2017-08-14,0.93019
2017-08-15,0.93078
2017-08-16,0.92787
2017-08-17,0.92378
2017-08-18,0.92088
2017-08-19,0.92205
2017-08-20,0.91856
2017-08-21,0.9145
2017-08-22,0.91218
2017-08-23,0.90755
2017-08-24,0.90698
2017-08-25,0.90236
2017-08-26,0.90409
2017-08-27,0.90467
2017-08-28,0.90293
2017-08-29,0.90582
2017-08-30,0.90293
2017-08-31,0.90247
2017-09-01,0.89845
2017-09-02,0.89752
2017-09-03,0.89655
2017-09-04,0.89322
2017-09-05,0.8962
2017-09-06,0.89787
2017-09-07,0.89603
2017-09-08,0.89775
2017-09-09,0.89718
2017-09-10,0.8966
2017-09-11,0.89545
2017-09-12,0.89603
2017-09-13,0.89718
2017-09-14,0.89948
2017-09-15,0.90064
2017-09-16,0.90524
2017-09-17,0.90755
2017-09-18,0.9087
2017-09-19,0.90698
2017-09-20,0.91044
2017-09-21,0.91102
2017-09-22,0.91276
2017-09-23,0.91623
2017-09-24,0.91681
2017-09-25,0.91508
2017-09-26,0.91565
2017-09-27,0.91508
2017-09-28,0.9116
2017-09-29,0.90928
2017-09-30,0.90928
2017-10-01,0.91044
2017-10-02,0.91334
2017-10-03,0.91392
2017-10-04,0.91276
2017-10-05,0.91218
2017-10-06,0.91565
2017-10-07,0.91914
2017-10-08,0.92262
2017-10-09,0.91972
2017-10-10,0.91681
2017-10-11,0.91739
2017-10-12,0.91681
2017-10-13,0.9145
2017-10-14,0.91565
2017-10-15,0.91565
2017-10-16,0.9116
2017-10-17,0.90755
2017-10-18,0.90351
2017-10-19,0.89948
2017-10-20,0.90064
2017-10-21,0.89833
2017-10-22,0.89488
2017-10-23,0.89087
2017-10-24,0.88972
2017-10-25,0.88515
2017-10-26,0.88743
2017-10-27,0.88458
2017-10-28,0.88686
2017-10-29,0.884
2017-10-30,0.88115
2017-10-31,0.87944
2017-11-01,0.87659
2017-11-02,0.87659
2017-11-03,0.87546
2017-11-04,0.87773
2017-11-05,0.8783
2017-11-06,0.87773
2017-11-07,0.87375
2017-11-08,0.87035
2017-11-09,0.86638
2017-11-10,0.86751
2017-11-11,0.86412
2017-11-12,0.86016
2017-11-13,0.85622
2017-11-14,0.85284
2017-11-15,0.85284
2017-11-16,0.85284
2017-11-17,0.8534
2017-11-18,0.85847
2017-11-19,0.86299
2017-11-20,0.86186
2017-11-21,0.8596
2017-11-22,0.85903
2017-11-23,0.86016
2017-11-24,0.85791
2017-11-25,0.85847
2017-11-26,0.85735
2017-11-27,0.8534
2017-11-28,0.85228
2017-11-29,0.84835
2017-11-30,0.84667
2017-12-01,0.84276
2017-12-02,0.8394
2017-12-03,0.83829
2017-12-04,0.83717
2017-12-05,0.83495
2017-12-06,0.83106
2017-12-07,0.82718
2017-12-08,0.82773
2017-12-09,0.82995
2017-12-10,0.82884
2017-12-11,0.82662
2017-12-12,0.82773
2017-12-13,0.8294
2017-12-14,0.82884
2017-12-15,0.82551
2017-12-16,0.82165
2017-12-17,0.81723
2017-12-18,0.81283
2017-12-19,0.809
2017-12-20,0.80625
2017-12-21,0.80297
2017-12-22,0.80188
2017-12-23,0.80079
2017-12-24,0.7997
2017-12-25,0.79643
2017-12-26,0.7948
2017-12-27,0.79263
2017-12-28,0.79208
2017-12-29,0.78991
2017-12-30,0.78612
2017-12-31,0.78234
2018-01-01,0.77856
2018-01-02,0.77803
2018-01-03,0.77587
2018-01-04,0.7748
2018-01-05,0.77373
2018-01-06,0.7705
2018-01-07,0.7673
2018-01-08,0.76248
2018-01-09,0.76089
2018-01-10,0.75998
2018-01-11,0.76025
2018-01-12,0.76073
2018-01-13,0.75753
2018-01-14,0.75509
2018-01-15,0.75297
2018-01-16,0.7492
2018-01-17,0.7492
2018-01-18,0.75132
2018-01-19,0.75344
2018-01-20,0.75451
2018-01-21,0.75451
2018-01-22,0.75079
2018-01-23,0.75132
2018-01-24,0.75079
2018-01-25,0.7492
2018-01-26,0.7455
2018-01-27,0.74497
2018-01-28,0.7455
2018-01-29,0.74286
2018-01-30,0.74339
2018-01-31,0.74233
2018-02-01,0.73865
2018-02-02,0.73498
2018-02-03,0.73393
2018-02-04,0.7334
2018-02-05,0.7313
2018-02-06,0.72765
2018-02-07,0.72399
2018-02-08,0.71983
2018-02-09,0.71826
2018-02-10,0.71722
2018-02-11,0.71515
2018-02-12,0.7136
2018-02-13,0.71101
2018-02-14,0.70687
2018-02-15,0.70275
2018-02-16,0.69864
2018-02-17,0.69556
2018-02-18,0.69198
2018-02-19,0.69044
2018-02-20,0.68892
2018-02-21,0.68637
2018-02-22,0.68637
2018-02-23,0.68433
2018-02-24,0.6823
2018-02-25,0.67875
2018-02-26,0.67521
2018-02-27,0.67217
2018-02-28,0.66764
2018-03-01,0.66212
2018-03-02,0.65912
2018-03-03,0.65473
2018-03-04,0.65015
2018-03-05,0.65015
2018-03-06,0.64866
2018-03-07,0.6447
2018-03-08,0.63926
2018-03-09,0.63434
2018-03-10,0.62944
2018-03-11,0.62406
2018-03-12,0.61872
2018-03-13,0.61484
2018-03-14,0.61049
2018-03-15,0.60664
2018-03-16,0.6028
2018-03-17,0.59754
2018-03-18,0.59373
2018-03-19,0.5923
2018-03-20,0.59135
2018-03-21,0.5885
2018-03-22,0.58614
2018-03-23,0.58472
2018-03-24,0.58095
2018-03-25,0.57766
2018-03-26,0.57298
2018-03-27,0.56785
2018-03-28,0.56274
2018-03-29,0.56136
2018-03-30,0.55721
2018-03-31,0.55721
2018-04-01,0.55767
2018-04-02,0.55952
2018-04-03,0.55998
2018-04-04,0.55905
2018-04-05,0.55998
2018-04-06,0.56183
2018-04-07,0.56136
2018-04-08,0.56044
2018-04-09,0.56136
2018-04-10,0.56183
2018-04-11,0.56367
2018-04-12,0.56739
2018-04-13,0.57204
2018-04-14,0.57438
2018-04-15,0.57345
2018-04-16,0.57298
2018-04-17,0.57204
2018-04-18,0.57064
2018-04-19,0.57345
2018-04-20,0.57345
2018-04-21,0.57064
2018-04-22,0.57158
2018-04-23,0.57158
2018-04-24,0.57204
2018-04-25,0.57438
2018-04-26,0.57391
2018-04-27,0.58142
2018-04-28,0.58614
2018-04-29,0.59611
2018-04-30,0.60232
2018-05-01,0.60808
2018-05-02,0.6129
2018-05-03,0.61774
2018-05-04,0.62504
2018-05-05,0.63042
2018-05-06,0.63631
2018-05-07,0.64371
2018-05-08,0.65513
2018-05-09,0.66714
2018-05-10,0.67925
2018-05-11,0.68535
2018-05-12,0.693
2018-05-13,0.70326
2018-05-14,0.71619
2018-05-15,0.72921
2018-05-16,0.73813
2018-05-17,0.74709
2018-05-18,0.75716
2018-05-19,0.77265
2018-05-20,0.78721
2018-05-21,0.80079
2018-05-22,0.81064
2018-05-23,0.81944
2018-05-24,0.82551
2018-05-25,0.83106
2018-05-26,0.83606
2018-05-27,0.85172
2018-05-28,0.86524
2018-05-29,0.87261
2018-05-30,0.87887
2018-05-31,0.884
2018-06-01,0.88972
2018-06-02,0.89775
2018-06-03,0.90698
2018-06-04,0.91392
2018-06-05,0.91797
2018-06-06,0.91797
2018-06-07,0.91565
2018-06-08,0.91276
2018-06-09,0.90928
2018-06-10,0.90582
2018-06-11,0.90524
2018-06-12,0.90524
2018-06-13,0.90178
2018-06-14,0.90006
2018-06-15,0.89718
2018-06-16,0.89603
2018-06-17,0.89259
2018-06-18,0.88915
2018-06-19,0.88743
2018-06-20,0.884
2018-06-21,0.88115
2018-06-22,0.88115
2018-06-23,0.88629
2018-06-24,0.89373
2018-06-25,0.89718
2018-06-26,0.90064
2018-06-27,0.90755
2018-06-28,0.91276
2018-06-29,0.91508
2018-06-30,0.91334
2018-07-01,0.91508
2018-07-02,0.91681
2018-07-03,0.91739
2018-07-04,0.92088
2018-07-05,0.92437
2018-07-06,0.92728
2018-07-07,0.92962
2018-07-08,0.93195
2018-07-09,0.92787
2018-07-10,0.92378
2018-07-11,0.91972
2018-07-12,0.91797
2018-07-13,0.91623
2018-07-14,0.9145
2018-07-15,0.91044
2018-07-16,0.90755
2018-07-17,0.90928
2018-07-18,0.9087
2018-07-19,0.90582
2018-07-20,0.90524
2018-07-21,0.90293
2018-07-22,0.90064
2018-07-23,0.89775
2018-07-24,0.89718
2018-07-25,0.89431
2018-07-26,0.89545
2018-07-27,0.90006
2018-07-28,0.90524
2018-07-29,0.90813
2018-07-30,0.9116
2018-07-31,0.91565
2018-08-01,0.91508
2018-08-02,0.91218
2018-08-03,0.91623
2018-08-04,0.91681
2018-08-05,0.91914
2018-08-06,0.91739
2018-08-07,0.9145
2018-08-08,0.9116
2018-08-09,0.9087
2018-08-10,0.90524
2018-08-11,0.90236
2018-08-12,0.89891
2018-08-13,0.8966
2018-08-14,0.89545
2018-08-15,0.89316
2018-08-16,0.89087
2018-08-17,0.88743
2018-08-18,0.884
2018-08-19,0.88343
2018-08-20,0.88058
2018-08-21,0.87716
2018-08-22,0.87375
2018-08-23,0.87091
2018-08-24,0.86978
2018-08-25,0.86921
2018-08-26,0.86921
2018-08-27,0.86921
2018-08-28,0.86638
2018-08-29,0.86524
2018-08-30,0.86299
2018-08-31,0.86016
2018-09-01,0.85791
2018-09-02,0.8596
2018-09-03,0.85678
2018-09-04,0.85566
2018-09-05,0.85453
2018-09-06,0.8534
2018-09-07,0.85453
2018-09-08,0.85566
2018-09-09,0.85284
2018-09-10,0.85228
2018-09-11,0.85228
2018-09-12,0.85115
2018-09-13,0.85115
2018-09-14,0.8506
2018-09-15,0.84948
2018-09-16,0.84948
2018-09-17,0.84667
2018-09-18,0.84443
2018-09-19,0.84332
2018-09-20,0.84611
2018-09-21,0.85004
2018-09-22,0.85509
2018-09-23,0.85735
2018-09-24,0.8596
2018-09-25,0.86129
2018-09-26,0.86355
2018-09-27,0.86921
2018-09-28,0.87489
2018-09-29,0.87773
2018-09-30,0.88286
2018-10-01,0.884
2018-10-02,0.88172
2018-10-03,0.88001
2018-10-04,0.87773
2018-10-05,0.87773
2018-10-06,0.87546
2018-10-07,0.87944
2018-10-08,0.88229
2018-10-09,0.88629
2018-10-10,0.89259
2018-10-11,0.90006
2018-10-12,0.90467
2018-10-13,0.90813
2018-10-14,0.91276
2018-10-15,0.91681
2018-10-16,0.92088
2018-10-17,0.92612
2018-10-18,0.93136
2018-10-19,0.93487
2018-10-20,0.94014
2018-10-21,0.94718
2018-10-22,0.95248
2018-10-23,0.9572
2018-10-24,0.96369
2018-10-25,0.96902
2018-10-26,0.97614
2018-10-27,0.9809
2018-10-28,0.98447
2018-10-29,0.98626
2018-10-30,0.99163
2018-10-31,0.99163
2018-11-01,0.99043
2018-11-02,0.99282
2018-11-03,0.99342
2018-11-04,0.9976
2018-11-05,1.0
2018-11-06,1.0036
2018-11-07,1.0078
2018-11-08,1.0072
2018-11-09,1.0084
2018-11-10,1.0078
2018-11-11,1.006
2018-11-12,1.00479
2018-11-13,1.0066
2018-11-14,1.0084
2018-11-15,1.0084
2018-11-16,1.0066
2018-11-17,1.00479
2018-11-18,1.009
2018-11-19,1.009
2018-11-20,1.01081
2018-11-21,1.0114
2018-11-22,1.0102
2018-11-23,1.01381
2018-11-24,1.01622
2018-11-25,1.01622
2018-11-26,1.01622
2018-11-27,1.01682
2018-11-28,1.01742
2018-11-29,1.02104
2018-11-30,1.01863
2018-12-01,1.01803
2018-12-02,1.01441
2018-12-03,1.0114
2018-12-04,1.009
2018-12-05,1.0072
2018-12-06,1.00539
2018-12-07,1.006
2018-12-08,1.00479
2018-12-09,1.0024
2018-12-10,0.9994
2018-12-11,0.9976
2018-12-12,0.99641
2018-12-13,0.99462
2018-12-14,0.99222
2018-12-15,0.98924
2018-12-16,0.98566
2018-12-17,0.98208
2018-12-18,0.97852
2018-12-19,0.97495
2018-12-20,0.97199
2018-12-21,0.96843
2018-12-22,0.96488
2018-12-23,0.96251
2018-12-24,0.96133
2018-12-25,0.97852
2018-12-26,0.95602
2018-12-27,0.95189
2018-12-28,0.94777
2018-12-29,0.94601
2018-12-30,0.9419
2018-12-31,0.93779
2019-01-01,0.93429
2019-01-02,0.93253
2019-01-03,0.92787
2019-01-04,0.92378
2019-01-05,0.91972
2019-01-06,0.91856
2019-01-07,0.91739
2019-01-08,0.91623
2019-01-09,0.91623
2019-01-10,0.91508
2019-01-11,0.91218
2019-01-12,0.90986
2019-01-13,0.90582
2019-01-14,0.90178
2019-01-15,0.89833
2019-01-16,0.89545
2019-01-17,0.89373
2019-01-18,0.89259
2019-01-19,0.89029
2019-01-20,0.88857
2019-01-21,0.88743
2019-01-22,0.88572
2019-01-23,0.884
2019-01-24,0.87944
2019-01-25,0.87773
2019-01-26,0.87432
2019-01-27,0.87261
2019-01-28,0.86978
2019-01-29,0.86524
2019-01-30,0.86016
2019-01-31,0.85566
2019-02-01,0.8506
2019-02-02,0.84555
2019-02-03,0.83996
2019-02-04,0.83495
2019-02-05,0.82995
2019-02-06,0.83161
2019-02-07,0.83272
2019-02-08,0.83495
2019-02-09,0.83662
2019-02-10,0.83829
2019-02-11,0.83439
2019-02-12,0.82995
2019-02-13,0.82551
2019-02-14,0.82385
2019-02-15,0.81833
2019-02-16,0.81504
2019-02-17,0.80954
2019-02-18,0.80461
2019-02-19,0.80079
2019-02-20,0.79643
2019-02-21,0.79208
2019-02-22,0.791
2019-02-23,0.78666
2019-02-24,0.7818
2019-02-25,0.77695
2019-02-26,0.77265
2019-02-27,0.76943
2019-02-28,0.7673
2019-03-01,0.76248
2019-03-02,0.75876
2019-03-03,0.75397
2019-03-04,0.7492
2019-03-05,0.74603
2019-03-06,0.7673
2019-03-07,0.73813
2019-03-08,0.73498
2019-03-09,0.73026
2019-03-10,0.72503
2019-03-11,0.72243
2019-03-12,0.71774
2019-03-13,0.71256
2019-03-14,0.70997
2019-03-15,0.70481
2019-03-16,0.70121
2019-03-17,0.69761
2019-03-18,0.69454
2019-03-19,0.69351
2019-03-20,0.68892
2019-03-21,0.68586
2019-03-22,0.68281
2019-03-23,0.67773
2019-03-24,0.67369
2019-03-25,0.67067
2019-03-26,0.66764
2019-03-27,0.66162
2019-03-28,0.65862
2019-03-29,0.65612
2019-03-30,0.65214
2019-03-31,0.64916
2019-04-01,0.64767
2019-04-02,0.65015
2019-04-03,0.66162
2019-04-04,0.6442
2019-04-05,0.64173
2019-04-06,0.64173
2019-04-07,0.64222
2019-04-08,0.64321
2019-04-09,0.64074
2019-04-10,0.63828
2019-04-11,0.63581
2019-04-12,0.63189
2019-04-13,0.63091
2019-04-14,0.62895
2019-04-15,0.62602
2019-04-16,0.62309
2019-04-17,0.6192
2019-04-18,0.61774
2019-04-19,0.61872
2019-04-20,0.61726
2019-04-21,0.62115
2019-04-22,0.62455
2019-04-23,0.62895
2019-04-24,0.63336
2019-04-25,0.63532
2019-04-26,0.63877
2019-04-27,0.63976
2019-04-28,0.64222
2019-04-29,0.64519
2019-04-30,0.6442
2019-05-01,0.64222
2019-05-02,0.64025
2019-05-03,0.63729
2019-05-04,0.63434
2019-05-05,0.6314
2019-05-06,0.62846
2019-05-07,0.62602
2019-05-08,0.62553
2019-05-09,0.62406
2019-05-10,0.62651
2019-05-11,0.62797
2019-05-12,0.62993
2019-05-13,0.63238
2019-05-14,0.63926
2019-05-15,0.6447
2019-05-16,0.64866
2019-05-17,0.65463
2019-05-18,0.65962
2019-05-19,0.66764
2019-05-20,0.67419
2019-05-21,0.68078
2019-05-22,0.68739
2019-05-23,0.69351
2019-05-24,0.70275
2019-05-25,0.71049
2019-05-26,0.72035
2019-05-27,0.73183
2019-05-28,0.74023
2019-05-29,0.74603
2019-05-30,0.75344
2019-05-31,0.76408
2019-06-01,0.77426
2019-06-02,0.78288
2019-06-03,0.78937
2019-06-04,0.7948
2019-06-05,0.7948
2019-06-06,0.79915
2019-06-07,0.8068
2019-06-08,0.81173
2019-06-09,0.81448
2019-06-10,0.81393
2019-06-11,0.81723
2019-06-12,0.8222
2019-06-13,0.82496
2019-06-14,0.82718
2019-06-15,0.83606
2019-06-16,0.84052
2019-06-17,0.84388
2019-06-18,0.84667
2019-06-19,0.84723
2019-06-20,0.84555
2019-06-21,0.84388
2019-06-22,0.83996
2019-06-23,0.83662
2019-06-24,0.83439
2019-06-25,0.83272
2019-06-26,0.83106
2019-06-27,0.8305
2019-06-28,0.83161
2019-06-29,0.83328
2019-06-30,0.83551
2019-07-01,0.83829
2019-07-02,0.83662
2019-07-03,0.83829
2019-07-04,0.83662
2019-07-05,0.83662
2019-07-06,0.83662
2019-07-07,0.83551
2019-07-08,0.83384
2019-07-09,0.83384
2019-07-10,0.83161
2019-07-11,0.82773
2019-07-12,0.82441
2019-07-13,0.82773
2019-07-14,0.82995
2019-07-15,0.83272
2019-07-16,0.83439
2019-07-17,0.83717
2019-07-18,0.8394
2019-07-19,0.84108
2019-07-20,0.84332
2019-07-21,0.84555
2019-07-22,0.84499
2019-07-23,0.84948
2019-07-24,0.84948
2019-07-25,0.84667
2019-07-26,0.84332
2019-07-27,0.8394
2019-07-28,0.83551
2019-07-29,0.83106
2019-07-30,0.82884
2019-07-31,0.82607
2019-08-01,0.8211
2019-08-02,0.81999
2019-08-03,0.81889
2019-08-04,0.81778
2019-08-05,0.81283
2019-08-06,0.8079
2019-08-07,0.80243
2019-08-08,0.80079
2019-08-09,0.79752
2019-08-10,0.79534
2019-08-11,0.79317
2019-08-12,0.79263
2019-08-13,0.791
2019-08-14,0.78991
2019-08-15,0.78937
2019-08-16,0.7845
2019-08-17,0.77964
2019-08-18,0.77803
2019-08-19,0.77587
2019-08-20,0.77437
2019-08-21,0.76932
2019-08-22,0.76687
2019-08-23,0.76307
2019-08-24,0.75806
2019-08-25,0.75567
2019-08-26,0.74994
2019-08-27,0.74603
2019-08-28,0.74318
2019-08-29,0.7416
2019-08-30,0.73944
2019-08-31,0.73445
2019-09-01,0.73178
2019-09-02,0.72817
2019-09-03,0.72378
2019-09-04,0.71957
2019-09-05,0.71526
2019-09-06,0.71168
2019-09-07,0.70749
2019-09-08,0.70275
2019-09-09,0.69823
2019-09-10,0.69577
2019-09-11,0.69229
2019-09-12,0.69044
2019-09-13,0.68907
2019-09-14,0.68494
2019-09-15,0.68083
2019-09-16,0.68118
2019-09-17,0.67783
2019-09-18,0.6751
2019-09-19,0.67253
2019-09-20,0.67112
2019-09-21,0.67278
2019-09-22,0.68001
2019-09-23,0.67925
2019-09-24,0.67425
2019-09-25,0.67227
2019-09-26,0.67117
2019-09-27,0.66649
2019-09-28,0.66232
2019-09-29,0.65682
2019-09-30,0.65273
2019-10-01,0.64995
2019-10-02,0.65015
2019-10-03,0.64569
2019-10-04,0.64123
2019-10-05,0.63778
2019-10-06,0.67112
2019-10-07,0.63631
2019-10-08,0.6368
2019-10-09,0.63729
2019-10-10,0.63926
2019-10-11,0.64321
2019-10-12,0.65115
2019-10-13,0.65962
2019-10-14,0.65912
2019-10-15,0.66313
2019-10-16,0.66563
2019-10-17,0.66865
2019-10-18,0.67067
2019-10-19,0.67369
2019-10-20,0.67824
2019-10-21,0.68179
2019-10-22,0.68433
2019-10-23,0.68994
2019-10-24,0.69351
2019-10-25,0.69812
2019-10-26,0.70481
2019-10-27,0.71308
2019-10-28,0.71774
2019-10-29,0.72295
2019-10-30,0.72712
2019-10-31,0.73235
2019-11-01,0.73602
2019-11-02,0.73971
2019-11-03,0.73655
2019-11-04,0.73918
2019-11-05,0.73602
2019-11-06,0.73865
2019-11-07,0.73971
2019-11-08,0.74181
2019-11-09,0.74392
2019-11-10,0.74656
2019-11-11,0.74973
2019-11-12,0.74973
2019-11-13,0.75344
2019-11-14,0.75716
2019-11-15,0.76142
2019-11-16,0.76622
2019-11-17,0.76997
2019-11-18,0.77373
2019-11-19,0.77104
2019-11-20,0.7689
2019-11-21,0.76569
2019-11-22,0.76248
2019-11-23,0.76142
2019-11-24,0.75716
2019-11-25,0.75397
2019-11-26,0.74973
2019-11-27,0.74603
2019-11-28,0.74233
2019-11-29,0.73602
2019-11-30,0.73498
2019-12-01,0.73078
2019-12-02,0.7266
2019-12-03,0.72347
2019-12-04,0.71879
2019-12-05,0.71515
2019-12-06,0.71774
2019-12-07,0.72035
2019-12-08,0.72243
2019-12-09,0.72399
2019-12-10,0.72295
2019-12-11,0.72399
2019-12-12,0.72451
2019-12-13,0.72556
2019-12-14,0.72503
2019-12-15,0.72921
2019-12-16,0.73026
2019-12-17,0.73235
2019-12-18,0.73445
2019-12-19,0.73078
2019-12-20,0.7355
2019-12-21,0.7334
2019-12-22,0.72869
2019-12-23,0.72503
2019-12-24,0.7266
2019-12-25,0.73026
2019-12-26,0.73235
2019-12-27,0.73498
2019-12-28,0.73655
2019-12-29,0.73813
2019-12-30,0.73393
2019-12-31,0.74023
2020-01-01,0.73918
2020-01-02,0.73498
2020-01-03,0.73026
2020-01-04,0.72608
2020-01-05,0.72139
2020-01-06,0.7167
2020-01-07,0.71101
2020-01-08,0.70739
2020-01-09,0.70533
2020-01-10,0.70275
2020-01-11,0.69761
2020-01-12,0.69864
2020-01-13,0.69608
2020-01-14,0.69351
2020-01-15,0.68943
2020-01-16,0.67773
2020-01-17,0.67773
2020-01-18,0.67369
2020-01-19,0.66764
2020-01-20,0.66262
2020-01-21,0.65762
2020-01-22,0.65313
2020-01-23,0.65413
2020-01-24,0.65065
2020-01-25,0.64717
2020-01-26,0.64173
2020-01-27,0.63631
2020-01-28,0.63238
2020-01-29,0.627
2020-01-30,0.6226
2020-01-31,0.61726
2020-02-01,0.61194
2020-02-02,0.6076
2020-02-03,0.59754
2020-02-04,0.59754
2020-02-05,0.59182
2020-02-06,0.58661
2020-02-07,0.58378
2020-02-08,0.58142
2020-02-09,0.58236
2020-02-10,0.58142
2020-02-11,0.5786
2020-02-12,0.57204
2020-02-13,0.56599
2020-02-14,0.56136
2020-02-15,0.56183
2020-02-16,0.55675
2020-02-17,0.55171
2020-02-18,0.54579
2020-02-19,0.54037
2020-02-20,0.53589
2020-02-21,0.5319
2020-02-22,0.52838
2020-02-23,0.52443
2020-02-24,0.52138
2020-02-25,0.51789
2020-02-26,0.51355
2020-02-27,0.51095
2020-02-28,0.50405
2020-02-29,0.49847
2020-03-01,0.49463
2020-03-02,0.49121
2020-03-03,0.48867
2020-03-04,0.48486
2020-03-05,0.47937
2020-03-06,0.47392
2020-03-07,0.46891
2020-03-08,0.46517
2020-03-09,0.46144
2020-03-10,0.45691
2020-03-11,0.4528
2020-03-12,0.45035
2020-03-13,0.44587
2020-03-14,0.44141
2020-03-15,0.43738
2020-03-16,0.43217
2020-03-17,0.427
2020-03-18,0.42186
2020-03-19,0.41715
2020-03-20,0.41324
2020-03-21,0.40896
2020-03-22,0.40393
2020-03-23,0.40007
2020-03-24,0.39432
2020-03-25,0.38975
2020-03-26,0.38406
2020-03-27,0.37955
2020-03-28,0.37692
2020-03-29,0.37132
2020-03-30,0.36836
2020-03-31,0.36836
2020-04-01,0.3691
2020-04-02,0.3643
2020-04-03,0.36688
2020-04-04,0.36984
2020-04-05,0.37244
2020-04-06,0.37244
2020-04-07,0.37244
2020-04-08,0.37058
2020-04-09,0.37393
2020-04-10,0.37021
2020-04-11,0.3758
2020-04-12,0.37879
2020-04-13,0.38067
2020-04-14,0.38255
2020-04-15,0.3803
2020-04-16,0.37654
2020-04-17,0.37804
2020-04-18,0.37393
2020-04-19,0.37468
2020-04-20,0.37021
2020-04-21,0.36688
2020-04-22,0.36614
2020-04-23,0.3654
2020-04-24,0.36319
2020-04-25,0.36688
2020-04-26,0.3691
2020-04-27,0.37058
2020-04-28,0.37021
2020-04-29,0.36762
2020-04-30,0.37058
2020-05-01,0.36762
2020-05-02,0.36577
2020-05-03,0.36356
2020-05-04,0.36136
2020-05-05,0.35843
2020-05-06,0.35332
2020-05-07,0.35551
2020-05-08,0.35697
2020-05-09,0.35806
2020-05-10,0.35952
2020-05-11,0.3566
2020-05-12,0.35441
2020-05-13,0.35187
2020-05-14,0.35332
2020-05-15,0.35478
2020-05-16,0.35697
2020-05-17,0.35806
2020-05-18,0.35989
2020-05-19,0.36356
2020-05-20,0.35879
2020-05-21,0.35989
2020-05-22,0.36173
2020-05-23,0.36246
2020-05-24,0.36319
2020-05-25,0.36319
2020-05-26,0.35806
2020-05-27,0.35952
2020-05-28,0.36319
2020-05-29,0.36504
2020-05-30,0.37058
2020-05-31,0.37319
2020-06-01,0.37505
2020-06-02,0.37681
2020-06-03,0.37846
2020-06-04,0.3794
2020-06-05,0.38172
2020-06-06,0.38278
2020-06-07,0.38387
2020-06-08,0.38569
2020-06-09,0.38652
2020-06-10,0.391
2020-06-11,0.3931
2020-06-12,0.40111
2020-06-13,0.40188
2020-06-14,0.40439
2020-06-15,0.40686
2020-06-16,0.40737
2020-06-17,0.41063
2020-06-18,0.41226
2020-06-19,0.41813
2020-06-20,0.42474
2020-06-21,0.43121
2020-06-22,0.43594
2020-06-23,0.43915
2020-06-24,0.44125
2020-06-25,0.44766
2020-06-26,0.45203
2020-06-27,0.45592
2020-06-28,0.46235
2020-06-29,0.46496
2020-06-30,0.46804
2020-07-01,0.47748
2020-07-02,0.48346
2020-07-03,0.49113
2020-07-04,0.49847
2020-07-05,0.50599
2020-07-06,0.51303
2020-07-07,0.51832
2020-07-08,0.52478
2020-07-09,0.5297
2020-07-10,0.53629
2020-07-11,0.54317
2020-07-12,0.54916
2020-07-13,0.55561
2020-07-14,0.5621
2020-07-15,0.56599
2020-07-16,0.56901
2020-07-17,0.5706
2020-07-18,0.57293
2020-07-19,0.57517
2020-07-20,0.57757
2020-07-21,0.57724
2020-07-22,0.58194
2020-07-23,0.58189
2020-07-24,0.58543
2020-07-25,0.58855
2020-07-26,0.5914
2020-07-27,0.59835
2020-07-28,0.60577
2020-07-29,0.61145
2020-07-30,0.61218
2020-07-31,0.61518
2020-08-01,0.61808
2020-08-02,0.62056
2020-08-03,0.62192
2020-08-04,0.62231
2020-08-05,0.61896
2020-08-06,0.61518
2020-08-07,0.61692
2020-08-08,0.61847
2020-08-09,0.61818
2020-08-10,0.61445
2020-08-11,0.61025
2020-08-12,0.61155
2020-08-13,0.616
2020-08-14,0.61499
2020-08-15,0.6193
2020-08-16,0.62304
2020-08-17,0.62934
2020-08-18,0.63321
2020-08-19,0.63813
2020-08-20,0.64747
2020-08-21,0.65273
2020-08-22,0.65992
2020-08-23,0.66638
2020-08-24,0.67328
2020-08-25,0.67783
2020-08-26,0.68388
2020-08-27,0.688
2020-08-28,0.6971
2020-08-29,0.69403
2020-08-30,0.69121
2020-08-31,0.68846
2020-09-01,0.68897
2020-09-02,0.68846
2020-09-03,0.69198
2020-09-04,0.69823
2020-09-05,0.70126
2020-09-06,0.70874
2020-09-07,0.71479
2020-09-08,0.72368
2020-09-09,0.729
2020-09-10,0.73471
2020-09-11,0.74108
2020-09-12,0.74276
2020-09-13,0.74825
2020-09-14,0.74984
2020-09-15,0.75498
2020-09-16,0.76004
2020-09-17,0.76521
2020-09-18,0.77265
2020-09-19,0.77824
2020-09-20,0.78315
2020-09-21,0.78883
2020-09-22,0.79437
2020-09-23,0.79861
2020-09-24,0.80243
2020-09-25,0.809
2020-09-26,0.81283
2020-09-27,0.82054
2020-09-28,0.82496
2020-09-29,0.82884
2020-09-30,0.83495
2020-10-01,0.83551
2020-10-02,0.83606
2020-10-03,0.83885
2020-10-04,0.84276
2020-10-05,0.84332
2020-10-06,0.84835
2020-10-07,0.85172
2020-10-08,0.85509
2020-10-09,0.85791
2020-10-10,0.86016
2020-10-11,0.8596
2020-10-12,0.86016
2020-10-13,0.86468
2020-10-14,0.86864
2020-10-15,0.87148
2020-10-16,0.87432
2020-10-17,0.87489
2020-10-18,0.87659
2020-10-19,0.87716
2020-10-20,0.87659
2020-10-21,0.87546
2020-10-22,0.87375
2020-10-23,0.87205
2020-10-24,0.87205
2020-10-25,0.87091
2020-10-26,0.87489
2020-10-27,0.87375
2020-10-28,0.87432
2020-10-29,0.87432
2020-10-30,0.87375
2020-10-31,0.87716
2020-11-01,0.88115
2020-11-02,0.88629
2020-11-03,0.89144
2020-11-04,0.89431
2020-11-05,0.89488
2020-11-06,0.89603
2020-11-07,0.89488
2020-11-08,0.89316
2020-11-09,0.89316
2020-11-10,0.90064
2020-11-11,0.90928
2020-11-12,0.91681
2020-11-13,0.92787
2020-11-14,0.93663
2020-11-15,0.94425
2020-11-16,0.9513
2020-11-17,0.9572
2020-11-18,0.96369
2020-11-19,0.96783
2020-11-20,0.9708
2020-11-21,0.97199
2020-11-22,0.97436
2020-11-23,0.97495
2020-11-24,0.97258
2020-11-25,0.97021
2020-11-26,0.96783
2020-11-27,0.96783
2020-11-28,0.96902
2020-11-29,0.97021
2020-11-30,0.97021
2020-12-01,0.97151
2020-12-02,0.97294
2020-12-03,0.98238
2020-12-04,0.98524
2020-12-05,0.98733
2020-12-06,0.99234
2020-12-07,0.99067
2020-12-08,0.989
2020-12-09,0.98578
2020-12-10,0.98226
2020-12-11,0.97846
2020-12-12,0.97513
2020-12-13,0.97122
2020-12-14,0.96854
2020-12-15,0.9689
2020-12-16,0.9686
2020-12-17,0.96624
2020-12-18,0.96281
2020-12-19,0.95867
2020-12-20,0.95448
2020-12-21,0.95189
2020-12-22,0.94807
2020-12-23,0.94542
2020-12-24,0.94214
2020-12-25,0.94131
2020-12-26,0.94296
2020-12-27,0.9419
2020-12-28,0.9409
2020-12-29,0.9385
2020-12-30,0.9361
2020-12-31,0.93259
2021-01-01,0.92996
2021-01-02,0.9281
2021-01-03,0.9281
2021-01-04,0.92489
2021-01-05,0.92042
2021-01-06,0.91617
2021-01-07,0.91253
2021-01-08,0.91096
2021-01-09,0.90738
2021-01-10,0.90599
2021-01-11,0.90824
2021-01-12,0.91253
2021-01-13,0.91542
2021-01-14,0.91943
2021-01-15,0.9217
2021-01-16,0.92361
2021-01-17,0.92553
2021-01-18,0.92256
2021-01-19,0.91786
2021-01-20,0.91311
2021-01-21,0.90859
2021-01-22,0.90484
2021-01-23,0.90247
2021-01-24,0.90126
2021-01-25,0.89764
2021-01-26,0.89379
2021-01-27,0.88938
2021-01-28,0.88469
2021-01-29,0.88001
2021-01-30,0.87517
2021-01-31,0.87035
2021-02-01,0.8653
2021-02-02,0.86078
2021-02-03,0.85628
2021-02-04,0.8516
2021-02-05,0.84891
2021-02-06,0.8446
2021-02-07,0.8398
2021-02-08,0.83723
2021-02-09,0.83567
2021-02-10,0.83295
2021-02-11,0.82895
2021-02-12,0.82479
2021-02-13,0.82021
2021-02-14,0.81526
2021-02-15,0.81036
2021-02-16,0.80538
2021-02-17,0.80014
2021-02-18,0.79643
2021-02-19,0.79252
2021-02-20,0.78791
2021-02-21,0.78461
2021-02-22,0.78088
2021-02-23,0.77727
2021-02-24,0.77319
2021-02-25,0.76916
2021-02-26,0.76703
2021-02-27,0.76441
2021-02-28,0.76041
2021-03-01,0.75641
2021-03-02,0.75477
2021-03-03,0.75185
2021-03-04,0.74984
2021-03-05,0.74656
2021-03-06,0.7454
2021-03-07,0.74825
2021-03-08,0.74847
2021-03-09,0.74751
2021-03-10,0.74608
2021-03-11,0.74545
2021-03-12,0.74582
2021-03-13,0.74645
2021-03-14,0.74783
2021-03-15,0.7473
2021-03-16,0.74709
2021-03-17,0.74931
2021-03-18,0.75265
2021-03-19,0.75886
2021-03-20,0.77008
2021-03-21,0.77776
2021-03-22,0.78612
2021-03-23,0.79045
2021-03-24,0.7985
2021-03-25,0.80472
2021-03-26,0.80954
2021-03-27,0.81481
2021-03-28,0.81889
2021-03-29,0.8233
2021-03-30,0.82812
2021-03-31,0.83183
2021-04-01,0.8354
2021-04-02,0.83901
2021-04-03,0.84382
2021-04-04,0.84925
2021-04-05,0.85397
2021-04-06,0.85481
2021-04-07,0.85284
2021-04-08,0.85054
2021-04-09,0.85082
2021-04-10,0.85256
2021-04-11,0.85903
2021-04-12,0.86536
2021-04-13,0.86338
2021-04-14,0.86508
2021-04-15,0.86157
2021-04-16,0.86491
2021-04-17,0.86728
2021-04-18,0.87001
2021-04-19,0.8708
2021-04-20,0.86643
2021-04-21,0.86474
2021-04-22,0.86242
2021-04-23,0.87091
2021-04-24,0.87432
2021-04-25,0.87375
2021-04-26,0.87035
2021-04-27,0.86751
2021-04-28,0.86638
2021-04-29,0.87318
2021-04-30,0.87944
2021-05-01,0.88395
2021-05-02,0.89196
2021-05-03,0.90328
2021-05-04,0.91258
2021-05-05,0.92024
2021-05-06,0.92746
2021-05-07,0.9361
2021-05-08,0.94507
2021-05-09,0.95395
2021-05-10,0.96346
2021-05-11,0.96831
2021-05-12,0.97447
2021-05-13,0.97947
2021-05-14,0.98817
2021-05-15,0.99516
2021-05-16,1.00497
2021-05-17,1.01682
2021-05-18,1.02043
2021-05-19,1.02231
2021-05-20,1.02243
2021-05-21,1.02104
2021-05-22,1.02695
2021-05-23,1.02647
2021-05-24,1.02515
2021-05-25,1.02744
2021-05-26,1.02901
2021-05-27,1.02774
2021-05-28,1.02575
2021-05-29,1.0243
2021-05-30,1.02539
2021-05-31,1.02901
2021-06-01,1.03531
2021-06-02,1.03932
2021-06-03,1.04114
2021-06-04,1.03968
2021-06-05,1.03289
2021-06-06,1.03113
2021-06-07,1.02986
2021-06-08,1.03676
2021-06-09,1.04114
2021-06-10,1.04011
2021-06-11,1.03768
2021-06-12,1.0384
2021-06-13,1.03719
2021-06-14,1.04035
2021-06-15,1.03682
2021-06-16,1.03525
2021-06-17,1.03077
2021-06-18,1.02822
2021-06-19,1.02599
2021-06-20,1.02792
2021-06-21,1.03452
2021-06-22,1.03549
2021-06-23,1.03816
2021-06-24,1.03998
2021-06-25,1.03822
2021-06-26,1.03325
2021-06-27,1.03198
2021-06-28,1.0298
2021-06-29,1.02744
2021-06-30,1.02321
2021-07-01,1.01941
2021-07-02,1.0158
2021-07-03,1.0123
2021-07-04,1.00978
2021-07-05,1.00678
2021-07-06,1.00738
2021-07-07,1.00491
2021-07-08,1.00294
2021-07-09,1.00156
2021-07-10,1.00276
2021-07-11,1.00246
2021-07-12,0.9997
2021-07-13,0.9973
2021-07-14,0.99564
2021-07-15,0.99647
2021-07-16,1.00306
2021-07-17,1.00557
2021-07-18,1.00666
2021-07-19,1.00402
2021-07-20,1.00084
2021-07-21,0.99742
2021-07-22,0.99396
2021-07-23,0.99025
2021-07-24,0.98941
2021-07-25,0.98894
2021-07-26,0.98739
2021-07-27,0.98876
2021-07-28,0.98668
2021-07-29,0.98357
2021-07-30,0.98072
2021-07-31,0.97715
2021-08-01,0.97359
2021-08-02,0.96973
2021-08-03,0.9663
2021-08-04,0.96565
2021-08-05,0.96215
2021-08-06,0.95773
2021-08-07,0.95519
2021-08-08,0.95489
2021-08-09,0.95236
2021-08-10,0.9503
2021-08-11,0.94801
2021-08-12,0.94954
2021-08-13,0.95366
2021-08-14,0.9585
2021-08-15,0.96174
2021-08-16,0.96286
2021-08-17,0.9673
2021-08-18,0.97009
2021-08-19,0.96997
2021-08-20,0.9708
2021-08-21,0.96896
2021-08-22,0.96659
2021-08-23,0.9692
2021-08-24,0.97032
2021-08-25,0.9743
2021-08-26,0.97543
2021-08-27,0.97554
2021-08-28,0.97614
2021-08-29,0.9743
2021-08-30,0.97989
2021-08-31,0.98423
2021-09-01,0.98871
2021-09-02,0.98918
2021-09-03,0.98995
2021-09-04,0.99079
2021-09-05,0.99665
2021-09-06,0.99689
2021-09-07,1.00413
2021-09-08,1.01062
2021-09-09,1.00972
2021-09-10,1.00948
2021-09-11,1.01014
2021-09-12,1.01092
2021-09-13,1.00996
2021-09-14,1.01098
2021-09-15,1.01477
2021-09-16,1.01242
2021-09-17,1.0093
2021-09-18,1.00582
2021-09-19,1.00846
2021-09-20,1.00864
2021-09-21,1.00744
2021-09-22,1.00768
2021-09-23,1.01224
2021-09-24,1.01453
2021-09-25,1.01176
2021-09-26,1.0117
2021-09-27,1.00822
2021-09-28,1.00798
2021-09-29,1.00654
2021-09-30,1.00906
2021-10-01,1.00744
2021-10-02,1.01266
2021-10-03,1.01327
2021-10-04,1.01146
2021-10-05,1.0114
2021-10-06,1.01393
2021-10-07,1.01604
2021-10-08,1.0129
2021-10-09,1.01014
2021-10-10,1.00888
2021-10-11,1.00684
2021-10-12,1.00479
2021-10-13,1.006
2021-10-14,1.0087
2021-10-15,1.01075
2021-10-16,1.01471
2021-10-17,1.01646
2021-10-18,1.01694
2021-10-19,1.01767
2021-10-20,1.01827
2021-10-21,1.01742
2021-10-22,1.01688
2021-10-23,1.01562
2021-10-24,1.01351
2021-10-25,1.01393
2021-10-26,1.01767
2021-10-27,1.02243
2021-10-28,1.02128
2021-10-29,1.02019
2021-10-30,1.01947
2021-10-31,1.01947
2021-11-01,1.02134
2021-11-02,1.02043
2021-11-03,1.02043
2021-11-04,1.02345
2021-11-05,1.02104
2021-11-06,1.01983
2021-11-07,1.01742
2021-11-08,1.01803
2021-11-09,1.01803
2021-11-10,1.01899
2021-11-11,1.01694
2021-11-12,1.01459
2021-11-13,1.01531
2021-11-14,1.01477
2021-11-15,1.01284
2021-11-16,1.01062
2021-11-17,1.00834
2021-11-18,1.00575
2021-11-19,1.00642
2021-11-20,1.00575
2021-11-21,1.00521
2021-11-22,1.00437
2021-11-23,1.00618
2021-11-24,1.0105
2021-11-25,1.01435
2021-11-26,1.01851
2021-11-27,1.02273
2021-11-28,1.02255
2021-11-29,1.02031
2021-11-30,1.0214
2021-12-01,1.02315
2021-12-02,1.02315
2021-12-03,1.02599
2021-12-04,1.02792
2021-12-05,1.02919
2021-12-06,1.02804
2021-12-07,1.02509
2021-12-08,1.02394
2021-12-09,1.02164
2021-12-10,1.01917
2021-12-11,1.01706
2021-12-12,1.01501
2021-12-13,1.01278
2021-12-14,1.01062
2021-12-15,1.00858
2021-12-16,1.0066
2021-12-17,1.00521
2021-12-18,1.0039
2021-12-19,1.00102
2021-12-20,0.9982
2021-12-21,0.9954
2021-12-22,0.99276
2021-12-23,0.989
2021-12-24,0.98501
2021-12-25,0.9825
2021-12-26,0.97989
2021-12-27,0.97733
2021-12-28,0.97389
2021-12-29,0.97122
2021-12-30,0.96831
2021-12-31,0.96464
2022-01-01,0.96133
2022-01-02,0.95891
2022-01-03,0.9556
2022-01-04,0.95212
2022-01-05,0.94783
2022-01-06,0.94501
2022-01-07,0.94419
2022-01-08,0.94114
2022-01-09,0.94384
2022-01-10,0.94671
2022-01-11,0.9453
2022-01-12,0.94249
2022-01-13,0.94712
2022-01-14,0.94659
2022-01-15,0.94337
2022-01-16,0.93967
2022-01-17,0.94278
2022-01-18,0.93885
2022-01-19,0.93476
2022-01-20,0.93493
2022-01-21,0.934
2022-01-22,0.92956
2022-01-23,0.92495
2022-01-24,0.9203
2022-01-25,0.91652
2022-01-26,0.91322
2022-01-27,0.90998
2022-01-28,0.90703
2022-01-29,0.90409
2022-01-30,0.8996
2022-01-31,0.89695
2022-02-01,0.89236
2022-02-02,0.88749
2022-02-03,0.88263
2022-02-04,0.8791
2022-02-05,0.875
2022-02-06,0.8708
2022-02-07,0.86723
2022-02-08,0.86316
2022-02-09,0.85898
2022-02-10,0.85532
2022-02-11,0.8506
2022-02-12,0.84589
2022-02-13,0.84477
2022-02-14,0.84108
2022-02-15,0.83646
2022-02-16,0.832
2022-02-17,0.82757
2022-02-18,0.82402
2022-02-19,0.81994
2022-02-20,0.82065
2022-02-21,0.81922
2022-02-22,0.81767
2022-02-23,0.81399
2022-02-24,0.81003
2022-02-25,0.80702
2022-02-26,0.80478
2022-02-27,0.80172
2022-02-28,0.80439
2022-03-01,0.80795
2022-03-02,0.81377
2022-03-03,0.81283
2022-03-04,0.813
2022-03-05,0.81173
2022-03-06,0.81415
2022-03-07,0.81421
2022-03-08,0.81559
2022-03-09,0.81272
2022-03-10,0.81437
2022-03-11,0.81234
2022-03-12,0.81581
2022-03-13,0.81646
2022-03-14,0.81537
2022-03-15,0.81526
2022-03-16,0.81608
2022-03-17,0.81504
2022-03-18,0.81355
2022-03-19,0.81377
2022-03-20,0.81531
2022-03-21,0.81712
2022-03-22,0.81685
2022-03-23,0.81867
2022-03-24,0.81548
2022-03-25,0.81234
2022-03-26,0.80954
2022-03-27,0.80889
2022-03-28,0.80861
2022-03-29,0.81212
2022-03-30,0.81454
2022-03-31,0.8185
2022-04-01,0.82762
2022-04-02,0.832
2022-04-03,0.83183
2022-04-04,0.83083
2022-04-05,0.83378
2022-04-06,0.83873
2022-04-07,0.84388
2022-04-08,0.84802
2022-04-09,0.85239
2022-04-10,0.85391
2022-04-11,0.85312
2022-04-12,0.85245
2022-04-13,0.85278
2022-04-14,0.84959
2022-04-15,0.84673
2022-04-16,0.8436
2022-04-17,0.84108
2022-04-18,0.83968
2022-04-19,0.84035
2022-04-20,0.84521
2022-04-21,0.85043
2022-04-22,0.86412
2022-04-23,0.87528
2022-04-24,0.87671
2022-04-25,0.87648
2022-04-26,0.88115
2022-04-27,0.8816
2022-04-28,0.88258
2022-04-29,0.88155
2022-04-30,0.8791
2022-05-01,0.87614
2022-05-02,0.87454
2022-05-03,0.8754
2022-05-04,0.87688
2022-05-05,0.87699
2022-05-06,0.8787
2022-05-07,0.88572
2022-05-08,0.88869
2022-05-09,0.89179
2022-05-10,0.89018
2022-05-11,0.88972
2022-05-12,0.89156
2022-05-13,0.89379
2022-05-14,0.89574
2022-05-15,0.90098
2022-05-16,0.9023
2022-05-17,0.90241
2022-05-18,0.9034
2022-05-19,0.90403
2022-05-20,0.90247
2022-05-21,0.90115
2022-05-22,0.89977
2022-05-23,0.89845
2022-05-24,0.89971
2022-05-25,0.89994
2022-05-26,0.90081
2022-05-27,0.89764
2022-05-28,0.89362
2022-05-29,0.8935
2022-05-30,0.89563
2022-05-31,0.89568
2022-06-01,0.89649
2022-06-02,0.89948
2022-06-03,0.90236
2022-06-04,0.9042
2022-06-05,0.90709
2022-06-06,0.9079
2022-06-07,0.91311
2022-06-08,0.91287
2022-06-09,0.91287
2022-06-10,0.91229
2022-06-11,0.91351
2022-06-12,0.91485
2022-06-13,0.91514
2022-06-14,0.91733
2022-06-15,0.92373
2022-06-16,0.93312
2022-06-17,0.93604
2022-06-18,0.94079
2022-06-19,0.94671
2022-06-20,0.95248
2022-06-21,0.95554
2022-06-22,0.95914
2022-06-23,0.96133
2022-06-24,0.96068
2022-06-25,0.96079
2022-06-26,0.96458
2022-06-27,0.96783
2022-06-28,0.97572
2022-06-29,0.98888
2022-06-30,0.99282
2022-07-01,0.99641
2022-07-02,1.00222
2022-07-03,1.00467
2022-07-04,1.00443
2022-07-05,1.00348
2022-07-06,1.00521
2022-07-07,1.00378
2022-07-08,1.00204
2022-07-09,1.00012
2022-07-10,1.00312
2022-07-11,1.00521
2022-07-12,1.00996
2022-07-13,1.01308
2022-07-14,1.01423
2022-07-15,1.01218
2022-07-16,1.01062
2022-07-17,1.01308
2022-07-18,1.01321
2022-07-19,1.0105
2022-07-20,1.0078
2022-07-21,1.00569
2022-07-22,1.00948
2022-07-23,1.01104
2022-07-24,1.0096
2022-07-25,1.01146
2022-07-26,1.01104
2022-07-27,1.0096
2022-07-28,1.02321
2022-07-29,1.02738
2022-07-30,1.02816
2022-07-31,1.02436
2022-08-01,1.02901
2022-08-02,1.03022
2022-08-03,1.02816
2022-08-04,1.02647
2022-08-05,1.02871
2022-08-06,1.0324
2022-08-07,1.03077
2022-08-08,1.02956
2022-08-09,1.02569
2022-08-10,1.02345
2022-08-11,1.01893
2022-08-12,1.01586
2022-08-13,1.01296
2022-08-14,1.0105
2022-08-15,1.01212
2022-08-16,1.01429
2022-08-17,1.01176
2022-08-18,1.00972
2022-08-19,1.01062
2022-08-20,1.01092
2022-08-21,1.00792
2022-08-22,1.01302
2022-08-23,1.01351
2022-08-24,1.01272
2022-08-25,1.01218
2022-08-26,1.01098
2022-08-27,1.01086
2022-08-28,1.01308
2022-08-29,1.01628
2022-08-30,1.01266
2022-08-31,1.01188
2022-09-01,1.0087
2022-09-02,1.00762
2022-09-03,1.00539
2022-09-04,1.00354
2022-09-05,1.00037
2022-09-06,1.00123
2022-09-07,1.00123
2022-09-08,1.00429
2022-09-09,1.00552
2022-09-10,1.00429
2022-09-11,1.00307
2022-09-12,1.00552
2022-09-13,1.01044
2022-09-14,1.0135
2022-09-15,1.01658
2022-09-16,1.02765
2022-09-17,1.02827
2022-09-18,1.03321
2022-09-19,1.03259
2022-09-20,1.03012
2022-09-21,1.02827
2022-09-22,1.02643
2022-09-23,1.02827
2022-09-24,1.02704
2022-09-25,1.02827
2022-09-26,1.02704
2022-09-27,1.02396
2022-09-28,1.02088
2022-09-29,1.01965
2022-09-30,1.01781
2022-10-01,1.01448
2022-10-02,1.01123
2022-10-03,1.01056
2022-10-04,1.00767
2022-10-05,1.00889
2022-10-06,1.01026
2022-10-07,1.01062
2022-10-08,1.01448
2022-10-09,1.01381
2022-10-10,1.01154
2022-10-11,1.00871
2022-10-12,1.00509
2022-10-13,1.00417
2022-10-14,1.00221
2022-10-15,1.00129
2022-10-16,1.00172
2022-10-17,1.00018
2022-10-18,0.99915
2022-10-19,1.00012
2022-10-20,1.00197
2022-10-21,1.00147
2022-10-22,1.00203
2022-10-23,1.00711
2022-10-24,1.00791
2022-10-25,1.01135
2022-10-26,1.01504
2022-10-27,1.01627
2022-10-28,1.02771
2022-10-29,1.03487
2022-10-30,1.03401
2022-10-31,1.03166
2022-11-01,1.02919
2022-11-02,1.0263
2022-11-03,1.02322
2022-11-04,1.02457
2022-11-05,1.02273
2022-11-06,1.02593
2022-11-07,1.02544
2022-11-08,1.02882
2022-11-09,1.03462
2022-11-10,1.03943
2022-11-11,1.04203
2022-11-12,1.04129
2022-11-13,1.04314
2022-11-14,1.03925
2022-11-15,1.04073
2022-11-16,1.03833
2022-11-17,1.03542
2022-11-18,1.03203
2022-11-19,1.02753
2022-11-20,1.025
2022-11-21,1.02149
2022-11-22,1.0218
2022-11-23,1.02396
2022-11-24,1.02427
2022-11-25,1.02273
2022-11-26,1.02285
2022-11-27,1.02112
2022-11-28,1.02267
2022-11-29,1.02328
2022-11-30,1.02211
2022-12-01,1.01953
2022-12-02,1.01559
2022-12-03,1.01344
2022-12-04,1.01123
2022-12-05,1.00914
2022-12-06,1.00846
2022-12-07,1.00804
2022-12-08,1.0084
2022-12-09,1.00761
2022-12-10,1.00576
2022-12-11,1.00675
2022-12-12,1.00797
2022-12-13,1.0092
2022-12-14,1.00736
2022-12-15,1.0049
2022-12-16,1.00184
2022-12-17,1.00061
2022-12-18,0.99755
2022-12-19,0.99816
2022-12-20,0.99816
2022-12-21,0.99511
2022-12-22,0.99143
2022-12-23,0.98814
2022-12-24,0.98496
2022-12-25,0.98154
2022-12-26,0.9782
2022-12-27,0.97527
2022-12-28,0.97115
2022-12-29,0.96709
2022-12-30,0.96316
2022-12-31,0.95936
2023-01-01,0.95546
2023-01-02,0.95144
2023-01-03,0.94852
2023-01-04,0.94488
2023-01-05,0.94191
2023-01-06,0.93805
2023-01-07,0.93569
2023-01-08,0.93309
2023-01-09,0.93138
2023-01-10,0.93061
2023-01-11,0.93026
2023-01-12,0.92996
2023-01-13,0.92738
2023-01-14,0.92386
2023-01-15,0.92151
2023-01-16,0.91959
2023-01-17,0.91808
2023-01-18,0.9179
2023-01-19,0.91463
2023-01-20,0.91202
2023-01-21,0.90917
2023-01-22,0.90482
2023-01-23,0.90309
2023-01-24,0.90049
2023-01-25,0.89594
2023-01-26,0.89118
2023-01-27,0.88727
2023-01-28,0.88556
2023-01-29,0.88088
2023-01-30,0.87684
2023-01-31,0.87201
2023-02-01,0.86827
2023-02-02,0.86291
2023-02-03,0.85884
2023-02-04,0.85676
2023-02-05,0.85221
2023-02-06,0.84767
2023-02-07,0.84544
2023-02-08,0.84058
2023-02-09,0.83852
2023-02-10,0.83685
2023-02-11,0.83374
2023-02-12,0.83329
2023-02-13,0.83158
2023-02-14,0.82975
2023-02-15,0.83285
2023-02-16,0.8328
2023-02-17,0.82887
2023-02-18,0.82688
2023-02-19,0.82147
2023-02-20,0.81729
2023-02-21,0.81575
2023-02-22,0.81099
2023-02-23,0.81263
2023-02-24,0.81071
2023-02-25,0.8058
2023-02-26,0.80062
2023-02-27,0.79665
2023-02-28,0.79286
2023-03-01,0.78918
2023-03-02,0.78746
2023-03-03,0.78379
2023-03-04,0.78379
2023-03-05,0.78277
2023-03-06,0.7826
2023-03-07,0.78152
2023-03-08,0.78271
2023-03-09,0.78347
2023-03-10,0.78109
2023-03-11,0.78158
2023-03-12,0.78611
2023-03-13,0.79118
2023-03-14,0.79379
2023-03-15,0.79606
2023-03-16,0.79872
2023-03-17,0.79921
2023-03-18,0.80111
2023-03-19,0.80225
2023-03-20,0.80101
2023-03-21,0.79806
2023-03-22,0.79529
2023-03-23,0.79518
2023-03-24,0.79194
2023-03-25,0.79075
2023-03-26,0.78783
2023-03-27,0.78584
2023-03-28,0.78433
2023-03-29,0.7846
2023-03-30,0.78363
2023-03-31,0.78168
2023-04-01,0.7797
2023-04-02,0.78222
2023-04-03,0.77944
2023-04-04,0.77788
2023-04-05,0.77418
2023-04-06,0.77102
2023-04-07,0.7708
2023-04-08,0.76904
2023-04-09,0.76558
2023-04-10,0.76207
2023-04-11,0.76196
2023-04-12,0.76148
2023-04-13,0.75819
2023-04-14,0.7576
2023-04-15,0.75676
2023-04-16,0.75814
2023-04-17,0.75766
2023-04-18,0.75914
2023-04-19,0.75755
2023-04-20,0.75718
2023-04-21,0.75655
2023-04-22,0.75681
2023-04-23,0.75559
2023-04-24,0.75506
2023-04-25,0.75385
2023-04-26,0.75152
2023-04-27,0.75183
2023-04-28,0.75622
2023-04-29,0.7548
2023-04-30,0.76047
2023-05-01,0.76366
2023-05-02,0.76579
2023-05-03,0.76456
2023-05-04,0.76467
2023-05-05,0.76164
2023-05-06,0.76148
2023-05-07,0.7635
2023-05-08,0.76499
2023-05-09,0.76345
2023-05-10,0.76207
2023-05-11,0.75841
2023-05-12,0.75999
2023-05-13,0.76244
2023-05-14,0.76323
2023-05-15,0.76244
2023-05-16,0.76158
2023-05-17,0.76473
2023-05-18,0.76148
2023-05-19,0.7635
2023-05-20,0.76446
2023-05-21,0.76376
2023-05-22,0.76909
2023-05-23,0.77782
2023-05-24,0.78509
2023-05-25,0.79384
2023-05-26,0.80149
2023-05-27,0.80836
2023-05-28,0.81811
2023-05-29,0.82903
2023-05-30,0.83846
2023-05-31,0.84683
2023-06-01,0.8553
2023-06-02,0.85985
2023-06-03,0.86352
2023-06-04,0.86719
2023-06-05,0.87082
2023-06-06,0.87644
2023-06-07,0.88025
2023-06-08,0.88499
2023-06-09,0.889
2023-06-10,0.89438
2023-06-11,0.90286
2023-06-12,0.90645
2023-06-13,0.90952
2023-06-14,0.91167
2023-06-15,0.91069
2023-06-16,0.90934
2023-06-17,0.90807
2023-06-18,0.90725
2023-06-19,0.90494
2023-06-20,0.90297
2023-06-21,0.89859
2023-06-22,0.8941
2023-06-23,0.89577
2023-06-24,0.89651
2023-06-25,0.89675
2023-06-26,0.90135
2023-06-27,0.90326
2023-06-28,0.90425
2023-06-29,0.90349
2023-06-30,0.90245
2023-07-01,0.90118
2023-07-02,0.90135
2023-07-03,0.90297
2023-07-04,0.90385
2023-07-05,0.90853
2023-07-06,0.91342
2023-07-07,0.91971
2023-07-08,0.92673
2023-07-09,0.93221
2023-07-10,0.93486
2023-07-11,0.93752
2023-07-12,0.93416
2023-07-13,0.93344
2023-07-14,0.93061
2023-07-15,0.92615
2023-07-16,0.92474
2023-07-17,0.92597
2023-07-18,0.92856
2023-07-19,0.93073
2023-07-20,0.93256
2023-07-21,0.93433
2023-07-22,0.9361
2023-07-23,0.93799
2023-07-24,0.93989
2023-07-25,0.93522
2023-07-26,0.93256
2023-07-27,0.9285
2023-07-28,0.93327
2023-07-29,0.93557
2023-07-30,0.93764
2023-07-31,0.93274
2023-08-01,0.92891
2023-08-02,0.9245
2023-08-03,0.92088
2023-08-04,0.91667
2023-08-05,0.91231
2023-08-06,0.91348
2023-08-07,0.90998
2023-08-08,0.90743
2023-08-09,0.90587
2023-08-10,0.90576
2023-08-11,0.90633
2023-08-12,0.90482
2023-08-13,0.90303
2023-08-14,0.90286
2023-08-15,0.90332
2023-08-16,0.90078
2023-08-17,0.89985
2023-08-18,0.90089
2023-08-19,0.89704
2023-08-20,0.89571
2023-08-21,0.89369
2023-08-22,0.8941
2023-08-23,0.89818
2023-08-24,0.90199
2023-08-25,0.90552
2023-08-26,0.90778
2023-08-27,0.90969
2023-08-28,0.90511
2023-08-29,0.90576
2023-08-30,0.90083
2023-08-31,0.89577
2023-09-01,0.89101
2023-09-02,0.88671
2023-09-03,0.88425
2023-09-04,0.88351
2023-09-05,0.88544
2023-09-06,0.88699
2023-09-07,0.88727
2023-09-08,0.88334
2023-09-09,0.87883
2023-09-10,0.87633
2023-09-11,0.87786
2023-09-12,0.87974
2023-09-13,0.88196
2023-09-14,0.88608
2023-09-15,0.88797
2023-09-16,0.88991
2023-09-17,0.8902
2023-09-18,0.88774
2023-09-19,0.88585
2023-09-20,0.88328
2023-09-21,0.88139
2023-09-22,0.87888
2023-09-23,0.8773
2023-09-24,0.87559
2023-09-25,0.87667
2023-09-26,0.87894
2023-09-27,0.88008
2023-09-28,0.88122
2023-09-29,0.87803
2023-09-30,0.88088
2023-10-01,0.88613
2023-10-02,0.88345
2023-10-03,0.8806
2023-10-04,0.87809
2023-10-05,0.8761
2023-10-06,0.87332
2023-10-07,0.87189
2023-10-08,0.87161
2023-10-09,0.86759
2023-10-10,0.86487
2023-10-11,0.86065
2023-10-12,0.85688
2023-10-13,0.85265
2023-10-14,0.85114
2023-10-15,0.84963
2023-10-16,0.84621
2023-10-17,0.8427
2023-10-18,0.83868
2023-10-19,0.83474
2023-10-20,0.8313
2023-10-21,0.82837
2023-10-22,0.82732
2023-10-23,0.82738
2023-10-24,0.82665
2023-10-25,0.82395
2023-10-26,0.82489
2023-10-27,0.82362
2023-10-28,0.82098
2023-10-29,0.82224
2023-10-30,0.82555
2023-10-31,0.82799
2023-11-01,0.83651
2023-11-02,0.84638
2023-11-03,0.8526
2023-11-04,0.85726
2023-11-05,0.86002
2023-11-06,0.86183
2023-11-07,0.8633
2023-11-08,0.86431
2023-11-09,0.86364
2023-11-10,0.862
2023-11-11,0.86025
2023-11-12,0.86019
2023-11-13,0.86053
2023-11-14,0.8611
2023-11-15,0.86183
2023-11-16,0.86132
2023-11-17,0.86059
2023-11-18,0.8633
2023-11-19,0.86617
2023-11-20,0.86793
2023-11-21,0.86612
2023-11-22,0.86408
2023-11-23,0.86138
2023-11-24,0.8611
2023-11-25,0.86138
2023-11-26,0.86115
2023-11-27,0.85805
2023-11-28,0.8553
2023-11-29,0.85288
2023-11-30,0.85237
2023-12-01,0.84991
2023-12-02,0.84633
2023-12-03,0.84448
2023-12-04,0.84209
2023-12-05,0.83964
2023-12-06,0.83868
2023-12-07,0.83673
2023-12-08,0.83496
2023-12-09,0.83241
2023-12-10,0.82909
2023-12-11,0.82693
2023-12-12,0.82516
2023-12-13,0.82384
2023-12-14,0.82174
2023-12-15,0.81937
2023-12-16,0.81971
2023-12-17,0.81888
2023-12-18,0.81757
2023-12-19,0.81553
2023-12-20,0.81257
2023-12-21,0.81219
2023-12-22,0.81022
2023-12-23,0.80635
2023-12-24,0.80432
2023-12-25,0.80306
2023-12-26,0.8009
2023-12-27,0.79752
2023-12-28,0.79606
2023-12-29,0.79584
2023-12-30,0.7933
2023-12-31,0.79216
2024-01-01,0.78725
2024-01-02,0.7826
2024-01-03,0.77761
2024-01-04,0.77407
2024-01-05,0.77075
2024-01-06,0.76553
2024-01-07,0.76063
2024-01-08,0.75506
2024-01-09,0.74977
2024-01-10,0.74641
2024-01-11,0.74177
2024-01-12,0.73717
2024-01-13,0.73204
2024-01-14,0.72876
2024-01-15,0.72403
2024-01-16,0.71958
2024-01-17,0.71533
2024-01-18,0.71034
2024-01-19,0.70499
2024-01-20,0.69931
2024-01-21,0.69391
2024-01-22,0.68878
2024-01-23,0.68351
2024-01-24,0.67862
2024-01-25,0.6733
2024-01-26,0.66799
2024-01-27,0.6626
2024-01-28,0.65699
2024-01-29,0.65115
2024-01-30,0.64652
2024-01-31,0.64097
2024-02-01,0.6376
2024-02-02,0.63384
2024-02-03,0.63258
2024-02-04,0.62951
2024-02-05,0.62482
2024-02-06,0.61989
2024-02-07,0.61557
2024-02-08,0.61297
2024-02-09,0.60858
2024-02-10,0.60548
2024-02-11,0.60164
2024-02-12,0.59658
2024-02-13,0.59346
2024-02-14,0.58781
2024-02-15,0.58323
2024-02-16,0.57922
2024-02-17,0.57458
2024-02-18,0.56885
2024-02-19,0.56356
2024-02-20,0.55744
2024-02-21,0.55189
2024-02-22,0.54647
2024-02-23,0.54138
2024-02-24,0.53579
2024-02-25,0.53
2024-02-26,0.52388
2024-02-27,0.51812
2024-02-28,0.51156
2024-02-29,0.50668
2024-03-01,0.50118
2024-03-02,0.49623
2024-03-03,0.49109
2024-03-04,0.48564
2024-03-05,0.47962
2024-03-06,0.47436
2024-03-07,0.46892
2024-03-08,0.46439
2024-03-09,0.46019
2024-03-10,0.455
2024-03-11,0.4536
2024-03-12,0.44829
2024-03-13,0.44292
2024-03-14,0.43839
2024-03-15,0.43336
2024-03-16,0.428
2024-03-17,0.42374
2024-03-18,0.4184
2024-03-19,0.41372
2024-03-20,0.40813
2024-03-21,0.4028
2024-03-22,0.39694
2024-03-23,0.39076
2024-03-24,0.38483
2024-03-25,0.37924
2024-03-26,0.37346
2024-03-27,0.36878
2024-03-28,0.36421
2024-03-29,0.35927
2024-03-30,0.35361
2024-03-31,0.34965
2024-04-01,0.35289
2024-04-02,0.35531
2024-04-03,0.35383
2024-04-04,0.35781
2024-04-05,0.36114
2024-04-06,0.36388
2024-04-07,0.36557
2024-04-08,0.36653
2024-04-09,0.3634
2024-04-10,0.35792
2024-04-11,0.35246
2024-04-12,0.34695
2024-04-13,0.34771
2024-04-14,0.34896
2024-04-15,0.34313
2024-04-16,0.33753
2024-04-17,0.33236
2024-04-18,0.32785
2024-04-19,0.32378
2024-04-20,0.32075
2024-04-21,0.32165
2024-04-22,0.32533
2024-04-23,0.32729
2024-04-24,0.32908
2024-04-25,0.3312
2024-04-26,0.33399
2024-04-27,0.33665
2024-04-28,0.34002
2024-04-29,0.33707
2024-04-30,0.33261
2024-05-01,0.33279
2024-05-02,0.3294
2024-05-03,0.32831
2024-05-04,0.33406
2024-05-05,0.33268
2024-05-06,0.32866
2024-05-07,0.3275
2024-05-08,0.3294
2024-05-09,0.33462
2024-05-10,0.33881
2024-05-11,0.34074
2024-05-12,0.34825
2024-05-13,0.35203
2024-05-14,0.35477
2024-05-15,0.35989
2024-05-16,0.36645
2024-05-17,0.36993
2024-05-18,0.37134
2024-05-19,0.37376
2024-05-20,0.37149
2024-05-21,0.37052
2024-05-22,0.3693
2024-05-23,0.369
2024-05-24,0.37197
2024-05-25,0.37204
2024-05-26,0.37149
2024-05-27,0.37093
2024-05-28,0.37283
2024-05-29,0.37219
2024-05-30,0.36985
2024-05-31,0.37429
2024-06-01,0.37667
2024-06-02,0.37939
2024-06-03,0.38448
2024-06-04,0.38767
2024-06-05,0.38886
2024-06-06,0.38506
2024-06-07,0.38134
2024-06-08,0.37706
2024-06-09,0.37784
2024-06-10,0.37743
2024-06-11,0.38229
2024-06-12,0.38339
2024-06-13,0.38619
2024-06-14,0.38821
2024-06-15,0.39917
2024-06-16,0.40382
2024-06-17,0.40529
2024-06-18,0.41001
2024-06-19,0.41674
2024-06-20,0.42374
2024-06-21,0.42939
2024-06-22,0.43992
2024-06-23,0.44946
2024-06-24,0.45467
2024-06-25,0.46185
2024-06-26,0.46693
2024-06-27,0.4752
2024-06-28,0.48034
2024-06-29,0.48339
2024-06-30,0.48738
2024-07-01,0.49019
2024-07-02,0.49782
2024-07-03,0.50079
2024-07-04,0.50261
2024-07-05,0.50451
2024-07-06,0.50555
2024-07-07,0.50469
2024-07-08,0.50178
2024-07-09,0.49941
2024-07-10,0.49846
2024-07-11,0.49817
2024-07-12,0.50178
2024-07-13,0.50006
2024-07-14,0.49666
2024-07-15,0.494
2024-07-16,0.49019
2024-07-17,0.48653
2024-07-18,0.48479
2024-07-19,0.48161
2024-07-20,0.47824
2024-07-21,0.47508
2024-07-22,0.47134
2024-07-23,0.46746
2024-07-24,0.46343
2024-07-25,0.46156
2024-07-26,0.46094
2024-07-27,0.46177
2024-07-28,0.46107
2024-07-29,0.45986
2024-07-30,0.45809
2024-07-31,0.45648
2024-08-01,0.45476
2024-08-02,0.4534
2024-08-03,0.45283
2024-08-04,0.45524
2024-08-05,0.45846
2024-08-06,0.4599
2024-08-07,0.45974
2024-08-08,0.45693
2024-08-09,0.45763
2024-08-10,0.45565
2024-08-11,0.45241
2024-08-12,0.4543
2024-08-13,0.45537
2024-08-14,0.45586
2024-08-15,0.45619
2024-08-16,0.45673
2024-08-17,0.45516
2024-08-18,0.45472
2024-08-19,0.45673
2024-08-20,0.45389
2024-08-21,0.45405
2024-08-22,0.4532
2024-08-23,0.45755
2024-08-24,0.45962
2024-08-25,0.46036
2024-08-26,0.45842
2024-08-27,0.45735
2024-08-28,0.45504
2024-08-29,0.45784
2024-08-30,0.45586
2024-08-31,0.4548
2024-09-01,0.45842
2024-09-02,0.46103
2024-09-03,0.4614
2024-09-04,0.46513
2024-09-05,0.46939
2024-09-06,0.46646
2024-09-07,0.46755
2024-09-08,0.4688
2024-09-09,0.46759
2024-09-10,0.4653
2024-09-11,0.46185
2024-09-12,0.46227
2024-09-13,0.4673
2024-09-14,0.46943
2024-09-15,0.4721
2024-09-16,0.4713
2024-09-17,0.47072
2024-09-18,0.46922
2024-09-19,0.46843
2024-09-20,0.46513
2024-09-21,0.46542
2024-09-22,0.46501
2024-09-23,0.46563
2024-09-24,0.46426
2024-09-25,0.46521
2024-09-26,0.4665
2024-09-27,0.46659
2024-09-28,0.46935
2024-09-29,0.47164
2024-09-30,0.4739
2024-10-01,0.47925
2024-10-02,0.48488
2024-10-03,0.4858
2024-10-04,0.48815
2024-10-05,0.49319
2024-10-06,0.49704
2024-10-07,0.50127
2024-10-08,0.50512
2024-10-09,0.50998
2024-10-10,0.51466
2024-10-11,0.51707
2024-10-12,0.5219
2024-10-13,0.52468
2024-10-14,0.5253
2024-10-15,0.52685
2024-10-16,0.52915
2024-10-17,0.53186
2024-10-18,0.53494
2024-10-19,0.53807
2024-10-20,0.54296
2024-10-21,0.54701
2024-10-22,0.55184
2024-10-23,0.5558
2024-10-24,0.561
2024-10-25,0.56453
2024-10-26,0.56866
2024-10-27,0.57194
2024-10-28,0.57416
2024-10-29,0.57652
2024-10-30,0.57894
2024-10-31,0.58146
2024-11-01,0.58211
2024-11-02,0.58043
2024-11-03,0.5809
2024-11-04,0.58571
2024-11-05,0.58951
2024-11-06,0.59219
2024-11-07,0.59586
2024-11-08,0.59969
2024-11-09,0.60629
2024-11-10,0.61312
2024-11-11,0.6185
2024-11-12,0.62627
2024-11-13,0.63443
2024-11-14,0.64092
2024-11-15,0.64691
2024-11-16,0.6511
2024-11-17,0.6552
2024-11-18,0.65833
2024-11-19,0.6636
2024-11-20,0.66569
2024-11-21,0.67254
2024-11-22,0.67701
2024-11-23,0.68256
2024-11-24,0.68645
2024-11-25,0.68873
2024-11-26,0.6932
2024-11-27,0.69804
2024-11-28,0.70146
2024-11-29,0.70489
2024-11-30,0.70741
2024-12-01,0.71059
2024-12-02,0.71492
2024-12-03,0.71709
2024-12-04,0.71895
2024-12-05,0.72051
2024-12-06,0.72289
2024-12-07,0.72383
2024-12-08,0.72559
2024-12-09,0.72762
2024-12-10,0.72928
2024-12-11,0.73152
2024-12-12,0.73262
2024-12-13,0.73367
2024-12-14,0.73549
2024-12-15,0.73832
2024-12-16,0.73994
2024-12-17,0.7413
2024-12-18,0.74262
2024-12-19,0.74467
2024-12-20,0.74678
2024-12-21,0.74856
2024-12-22,0.75162
2024-12-23,0.75612
2024-12-24,0.75925
2024-12-25,0.76212
2024-12-26,0.76595
2024-12-27,0.7699
2024-12-28,0.77252
2024-12-29,0.77578
2024-12-30,0.77793
2024-12-31,0.77992
2025-01-01,0.78158
2025-01-02,0.77777
2025-01-03,0.77418
2025-01-04,0.77359
2025-01-05,0.77874
2025-01-06,0.78147
2025-01-07,0.78509
2025-01-08,0.78757
2025-01-09,0.78977
2025-01-10,0.78638
2025-01-11,0.7887
2025-01-12,0.79053
2025-01-13,0.78536
2025-01-14,0.78201
2025-01-15,0.78304
2025-01-16,0.77772
2025-01-17,0.77241
2025-01-18,0.76968
2025-01-19,0.76537
2025-01-20,0.76015
2025-01-21,0.75522
2025-01-22,0.74977
2025-01-23,0.7454
2025-01-24,0.73994
2025-01-25,0.7369
2025-01-26,0.73319
2025-01-27,0.73069
2025-01-28,0.72648
2025-01-29,0.72424
2025-01-30,0.72538
2025-01-31,0.72175
2025-02-01,0.71813
2025-02-02,0.71302
2025-02-03,0.70849
2025-02-04,0.70659
2025-02-05,0.70469
2025-02-06,0.70126
2025-02-07,0.6987
2025-02-08,0.7009
2025-02-09,0.70864
2025-02-10,0.7109
2025-02-11,0.70731
2025-02-12,0.70289
2025-02-13,0.69993
2025-02-14,0.69656
2025-02-15,0.6936
2025-02-16,0.69182
2025-02-17,0.69203
2025-02-18,0.69121
2025-02-19,0.6935
2025-02-20,0.69269
2025-02-21,0.69213
2025-02-22,0.69335
2025-02-23,0.69121
2025-02-24,0.68721
2025-02-25,0.68903
2025-02-26,0.68746
2025-02-27,0.68751
2025-02-28,0.68448
2025-03-01,0.6827
2025-03-02,0.67902
2025-03-03,0.6747
2025-03-04,0.6733
2025-03-05,0.67295
2025-03-06,0.67204
2025-03-07,0.67149
2025-03-08,0.66574
2025-03-09,0.66449
2025-03-10,0.66106
2025-03-11,0.66101
2025-03-12,0.65714
2025-03-13,0.65327
2025-03-14,0.64952
2025-03-15,0.64681
2025-03-16,0.64721
2025-03-17,0.64706
2025-03-18,0.64318
2025-03-19,0.63931
2025-03-20,0.63799
2025-03-21,0.63628
2025-03-22,0.63297
2025-03-23,0.62884
2025-03-24,0.6241
2025-03-25,0.61956
2025-03-26,0.61792
2025-03-27,0.61729
2025-03-28,0.61403
2025-03-29,0.61063
2025-03-30,0.61035
2025-03-31,0.6103
2025-04-01,0.61102
2025-04-02,0.6125
2025-04-03,0.61192
2025-04-04,0.6093
2025-04-05,0.6093
2025-04-06,0.61083
2025-04-07,0.61355
2025-04-08,0.617
2025-04-09,0.61753
2025-04-10,0.62613
2025-04-11,0.6336
2025-04-12,0.64686
2025-04-13,0.65599
2025-04-14,0.66131
2025-04-15,0.65962
2025-04-16,0.65778
2025-04-17,0.66031
2025-04-18,0.6629
2025-04-19,0.66658
2025-04-20,0.66663
2025-04-21,0.66758
2025-04-22,0.66654
2025-04-23,0.66909
2025-04-24,0.67485
2025-04-25,0.67601
2025-04-26,0.68245
2025-04-27,0.68437
2025-04-28,0.68954
2025-04-29,0.69534
2025-04-30,0.7031
2025-05-01,0.70951
2025-05-02,0.71467
2025-05-03,0.71839
2025-05-04,0.72077
2025-05-05,0.727
2025-05-06,0.7333
2025-05-07,0.73842
2025-05-08,0.74446
2025-05-09,0.74904
2025-05-10,0.75554
2025-05-11,0.75501
2025-05-12,0.75687
2025-05-13,0.75724
2025-05-14,0.76159
2025-05-15,0.76446
2025-05-16,0.76792
2025-05-17,0.7753
2025-05-18,0.78088
2025-05-19,0.78708
2025-05-20,0.79693
2025-05-21,0.80471
2025-05-22,0.80951
2025-05-23,0.81296
2025-05-24,0.81542
2025-05-25,0.81752
2025-05-26,0.81866
2025-05-27,0.82494
2025-05-28,0.82572
2025-05-29,0.82633
2025-05-30,0.82776
2025-05-31,0.82881
2025-06-01,0.83153
2025-06-02,0.83141
2025-06-03,0.83157
2025-06-04,0.83369
2025-06-05,0.83452
2025-06-06,0.83568
2025-06-07,0.83807
2025-06-08,0.83931
2025-06-09,0.84136
2025-06-10,0.84509
2025-06-11,0.84885
2025-06-12,0.85372
2025-06-13,0.86138
2025-06-14,0.8681
2025-06-15,0.87496
2025-06-16,0.88106
2025-06-17,0.89404
2025-06-18,0.90465
2025-06-19,0.90616
2025-06-20,0.90627
2025-06-21,0.90999
2025-06-22,0.91394
2025-06-23,0.92192
2025-06-24,0.93126
2025-06-25,0.93681
2025-06-26,0.93776
2025-06-27,0.94572
2025-06-28,0.94756
2025-06-29,0.94906
2025-06-30,0.95306
2025-07-01,0.95216
2025-07-02,0.95156
2025-07-03,0.94971
2025-07-04,0.94995
2025-07-05,0.95031
2025-07-06,0.95001
2025-07-07,0.94828
2025-07-08,0.94572
2025-07-09,0.94328
2025-07-10,0.94298
2025-07-11,0.94269
2025-07-12,0.93971
2025-07-13,0.93705
2025-07-14,0.93492
2025-07-15,0.93203
2025-07-16,0.9285
2025-07-17,0.92539
2025-07-18,0.92145
2025-07-19,0.92053
2025-07-20,0.91702
2025-07-21,0.91324
2025-07-22,0.90946
2025-07-23,0.9061
2025-07-24,0.90257
2025-07-25,0.89893
2025-07-26,0.9006
2025-07-27,0.90037
2025-07-28,0.90106
2025-07-29,0.90205
2025-07-30,0.90338
2025-07-31,0.90245
2025-08-01,0.89962
2025-08-02,0.8968
2025-08-03,0.89594
2025-08-04,0.89348
2025-08-05,0.89187
2025-08-06,0.89106
2025-08-07,0.89026
2025-08-08,0.89266
2025-08-09,0.89364
2025-08-10,0.89508
2025-08-11,0.89807
2025-08-12,0.89779
2025-08-13,0.89722
2025-08-14,0.89651
2025-08-15,0.90089
2025-08-16,0.90286
2025-08-17,0.90719
2025-08-18,0.91132
2025-08-19,0.91371
2025-08-20,0.91761
2025-08-21,0.92292
2025-08-22,0.92462
2025-08-23,0.92609
2025-08-24,0.9341
2025-08-25,0.93805
2025-08-26,0.93569
2025-08-27,0.93345
2025-08-28,0.93103
2025-08-29,0.9278
2025-08-30,0.9258
2025-08-31,0.92351
2025-09-01,0.92503
2025-09-02,0.92821
2025-09-03,0.93232
2025-09-04,0.93427
2025-09-05,0.93504
2025-09-06,0.93575
2025-09-07,0.9393
2025-09-08,0.94417
2025-09-09,0.94607
2025-09-10,0.94708
2025-09-11,0.94865
2025-09-12,0.94936
2025-09-13,0.9487
2025-09-14,0.94917
2025-09-15,0.9487
2025-09-16,0.94912
2025-09-17,0.94941
2025-09-18,0.95396
2025-09-19,0.95384
2025-09-20,0.95342
2025-09-21,0.95306
2025-09-22,0.95282
2025-09-23,0.95223
2025-09-24,0.94984
2025-09-25,0.94912
2025-09-26,0.94643
2025-09-27,0.94524
2025-09-28,0.94715
2025-09-29,0.94841
2025-09-30,0.9506
2025-10-01,0.9527
2025-10-02,0.95342
2025-10-03,0.95426
2025-10-04,0.95306
2025-10-05,0.95474
2025-10-06,0.95582
2025-10-07,0.95504
2025-10-08,0.95642
2025-10-09,0.95972
2025-10-10,0.96412
2025-10-11,0.96835
2025-10-12,0.97181
2025-10-13,0.97502
2025-10-14,0.97394
2025-10-15,0.97522
2025-10-16,0.9813
2025-10-17,0.98417
2025-10-18,0.98838
2025-10-19,0.98911
2025-10-20,0.99388
2025-10-21,0.99505
2025-10-22,0.99934
2025-10-23,1.00227
2025-10-24,1.00295
2025-10-25,1.00515
2025-10-26,1.0068
2025-10-27,1.00914
2025-10-28,1.01141
2025-10-29,1.01221
2025-10-30,1.01068
2025-10-31,1.01424
2025-11-01,1.01221
2025-11-02,1.01363
2025-11-03,1.01307
2025-11-04,1.01442
2025-11-05,1.01571
2025-11-06,1.01529
2025-11-07,1.01436
2025-11-08,1.01417
2025-11-09,1.01479
2025-11-10,1.01479
2025-11-11,1.01117
2025-11-12,1.00927
2025-11-13,1.00803
2025-11-14,1.01399
2025-11-15,1.0175
2025-11-16,1.02513
2025-11-17,1.02882
2025-11-18,1.02925
2025-11-19,1.02784
2025-11-20,1.02673
2025-11-21,1.02383
2025-11-22,1.02039
2025-11-23,1.01725
2025-11-24,1.01658
2025-11-25,1.01725
2025-11-26,1.01491
2025-11-27,1.01289
2025-11-28,1.01387
2025-11-29,1.01314
2025-11-30,1.01534
2025-12-01,1.0143
2025-12-02,1.01448
2025-12-03,1.01406
2025-12-04,1.0135
2025-12-05,1.01448
2025-12-06,1.01294
2025-12-07,1.01123
2025-12-08,1.01191
2025-12-09,1.0124
2025-12-10,1.00958
2025-12-11,1.00859
2025-12-12,1.00945
2025-12-13,1.00601
2025-12-14,1.00307
2025-12-15,1.00209
2025-12-16,0.99903
2025-12-17,0.99578
2025-12-18,0.9934
2025-12-19,0.99253
2025-12-20,0.99034
2025-12-21,0.98691
2025-12-22,0.98344
2025-12-23,0.98064
2025-12-24,0.97643
2025-12-25,0.97255
2025-12-26,0.96793
2025-12-27,0.9654
2025-12-28,0.961
2025-12-29,0.95672
2025-12-30,0.95204
2025-12-31,0.95073
2026-01-01,0.94894
2026-01-02,0.94542
2026-01-03,0.94346
2026-01-04,0.93977
2026-01-05,0.93705
2026-01-06,0.93545
2026-01-07,0.93333
2026-01-08,0.93014
2026-01-09,0.92586
2026-01-10,0.92544
2026-01-11,0.92362
2026-01-12,0.92733
2026-01-13,0.92691
2026-01-14,0.92827
2026-01-15,0.92827
2026-01-16,0.92791
2026-01-17,0.92421
2026-01-18,0.92035
2026-01-19,0.91656
2026-01-20,0.91242
2026-01-21,0.90818
2026-01-22,0.90408
2026-01-23,0.89974
2026-01-24,0.89841
2026-01-25,0.89807
2026-01-26,0.89404
2026-01-27,0.89072
2026-01-28,0.88802
2026-01-29,0.88642
2026-01-30,0.88797
2026-01-31,0.88991
2026-02-01,0.89215
2026-02-02,0.89106
2026-02-03,0.8902
2026-02-04,0.88733
2026-02-05,0.88677
2026-02-06,0.89055
2026-02-07,0.89199
2026-02-08,0.88945
2026-02-09,0.88768
2026-02-10,0.88505
2026-02-11,0.88356
2026-02-12,0.88179
2026-02-13,0.87997
2026-02-14,0.87719
2026-02-15,0.87485
2026-02-16,0.87331
2026-02-17,0.87354
2026-02-18,0.87155
2026-02-19,0.87054
2026-02-20,0.87127
2026-02-21,0.86985
2026-02-22,0.86686
2026-02-23,0.86589
2026-02-24,0.86555
2026-02-25,0.86555
2026-02-26,0.86719
2026-02-27,0.86742
2026-02-28,0.86555
2026-03-01,0.862
2026-03-02,0.8589
2026-03-03,0.85597
2026-03-04,0.8536
2026-03-05,0.84985
2026-03-06,0.85131
2026-03-07,0.84728
2026-03-08,0.84649
2026-03-09,0.84464
2026-03-10,0.84293
2026-03-11,0.84148
2026-03-12,0.84036
2026-03-13,0.83662
2026-03-14,0.83446
2026-03-15,0.83285
2026-03-16,0.82897
2026-03-17,0.82588
2026-03-18,0.82743
2026-03-19,0.82484
2026-03-20,0.82109
2026-03-21,0.81811
2026-03-22,0.81614
2026-03-23,0.81329
2026-03-24,0.81011
2026-03-25,0.80684
2026-03-26,0.80432
2026-03-27,0.80062
2026-03-28,0.79697
2026-03-29,0.79649
2026-03-30,0.7941
2026-03-31,0.7914
2026-04-01,0.79221
2026-04-02,0.79503
2026-04-03,0.79763
2026-04-04,0.79768
2026-04-05,0.79954
2026-04-06,0.79752
2026-04-07,0.79464
2026-04-08,0.80215
2026-04-09,0.80149
2026-04-10,0.79823
2026-04-11,0.796
2026-04-12,0.79529
2026-04-13,0.7934
2026-04-14,0.79129
2026-04-15,0.78939
2026-04-16,0.79064
2026-04-17,0.79839
2026-04-18,0.80078
2026-04-19,0.80078
2026-04-20,0.8022
2026-04-21,0.80323
2026-04-22,0.80493
2026-04-23,0.80667
2026-04-24,0.80635
2026-04-25,0.80891
2026-04-26,0.81301
2026-04-27,0.81312
2026-04-28,0.81362
2026-04-29,0.81213
2026-04-30,0.81071
2026-05-01,0.81142
2026-05-02,0.81817
2026-05-03,0.82727
2026-05-04,0.83169
2026-05-05,0.83097
2026-05-06,0.83391
2026-05-07,0.83458
2026-05-08,0.83219
2026-05-09,0.82969
2026-05-10,0.83203
2026-05-11,0.83263
2026-05-12,0.83424
2026-05-13,0.83508
2026-05-14,0.83568
2026-05-15,0.83696
2026-05-16,0.83941
2026-05-17,0.8407
2026-05-18,0.84253
2026-05-19,0.84014
2026-05-20,0.83768
2026-05-21,0.84036
2026-05-22,0.84242
2026-05-23,0.84287
2026-05-24,0.84426
2026-05-25,0.84432
2026-05-26,0.84505
2026-05-27,0.84683
2026-05-28,0.84874
2026-05-29,0.85075
2026-05-30,0.85248
2026-05-31,0.85401
2026-06-01,0.85491
2026-06-02,0.85491
2026-06-03,0.86048
2026-06-04,0.86048
2026-06-05,0.862
2026-06-06,0.86504
2026-06-07,0.87082
2026-06-08,0.8777
2026-06-09,0.8777
2026-06-10,0.88671
2026-06-11,0.88848
2026-06-12,0.89421
2026-06-13,0.89421
2026-06-14,0.90031
2026-06-15,0.90408
2026-06-16,0.90581
2026-06-17,0.90742
2026-06-18,0.91126
2026-06-19,0.9169
2026-06-20,0.92029
2026-06-21,0.92574
2026-06-22,0.93221
2026-06-23,0.94001
2026-06-24,0.94066
2026-06-25,0.9399
2026-06-26,0.94066
2026-06-27,0.94061
2026-06-28,0.94173
2026-06-29,0.94008
2026-06-30,0.93906
2026-07-01,0.93598
2026-07-02,0.93274
2026-07-03,0.92985
2026-07-04,0.92644
2026-07-05,0.92574
2026-07-06,0.92351
2026-07-07,0.92216
2026-07-08,0.92
2026-07-09,0.91769
2026-07-10,0.91568
2026-07-11,0.91819
2026-07-12,0.91995
2026-07-13,0.92035
2026-07-14,0.91767
2026-07-15,0.91503
2026-07-16,0.91196
2026-07-17,0.90999
2026-07-18,0.90668
2026-07-19,0.90286
2026-07-20,0.90385
2026-07-21,0.905
2026-07-22,0.90152
2026-07-23,0.90616
2026-07-24,0.90731
2026-07-25,0.91022
2026-07-26,0.91312
2026-07-27,0.91371
2026-07-28,0.91254
2026-07-29,0.91196
2026-07-30,0.90906
2026-07-31,0.905
2026-08-01,0.90205
2026-08-02,0.90095
2026-08-03,0.89745
2026-08-04,0.89375
2026-08-05,0.88991
2026-08-06,0.88608
2026-08-07,0.88196
2026-08-08,0.87832
2026-08-09,0.87553
2026-08-10,0.87218
2026-08-11,0.86821
2026-08-12,0.8633
2026-08-13,0.85895
2026-08-14,0.85452
2026-08-15,0.85052
2026-08-16,0.85029
2026-08-17,0.8488
2026-08-18,0.84649
2026-08-19,0.8479
2026-08-20,0.84868
2026-08-21,0.8498
2026-08-22,0.85148
2026-08-23,0.85204
2026-08-24,0.85372
2026-08-25,0.85204
2026-08-26,0.84812
2026-08-27,0.8442
2026-08-28,0.84142
2026-08-29,0.84476
2026-08-30,0.84756
2026-08-31,0.85485
2026-09-01,0.86104
2026-09-02,0.86442
2026-09-03,0.86612
2026-09-04,0.86725
2026-09-05,0.86838
2026-09-06,0.86951
2026-09-07,0.86725
2026-09-08,0.8633
2026-09-09,0.85934
2026-09-10,0.8571
2026-09-11,0.85765
2026-09-12,0.85654
