fecha,volumen_util_kwh
2000-01-01,4228867700.0
2000-01-02,4224289400.0
2000-01-03,4219711400.0
2000-01-04,4212843600.0
2000-01-05,4199101000.0
2000-01-06,4185354700.0
2000-01-07,4178479300.0
2000-01-08,4178479300.0
2000-01-09,4180772600.0
2000-01-10,4180772600.0
2000-01-11,4178479300.0
2000-01-12,4173897200.0
2000-01-13,4167018800.0
2000-01-14,4162433000.0
2000-01-15,4157847100.0
2000-01-16,4157847100.0
2000-01-17,4157847100.0
2000-01-18,4157847100.0
2000-01-19,4155553800.0
2000-01-20,4169311700.0
2000-01-21,4176186800.0
2000-01-22,4176186800.0
2000-01-23,4171604700.0
2000-01-24,4167018800.0
2000-01-25,4160140000.0
2000-01-26,4157847100.0
2000-01-27,4150968300.0
2000-01-28,4146382400.0
2000-01-29,4141796600.0
2000-01-30,4141796600.0
2000-01-31,4144089500.0
2000-02-01,4148675400.0
2000-02-02,4155554200.0
2000-02-03,4176186800.0
2000-02-04,4180772600.0
2000-02-05,4180772600.0
2000-02-06,4183061800.0
2000-02-07,4185354700.0
2000-02-08,4180772600.0
2000-02-09,4176186800.0
2000-02-10,4176186800.0
2000-02-11,4169311700.0
2000-02-12,4169311700.0
2000-02-13,4169311700.0
2000-02-14,4169311700.0
2000-02-15,4164725900.0
2000-02-16,4162433000.0
2000-02-17,4162433000.0
2000-02-18,4155554200.0
2000-02-19,4153261200.0
2000-02-20,4148675400.0
2000-02-21,4146382400.0
2000-02-22,4141796600.0
2000-02-23,4141796600.0
2000-02-24,4144089500.0
2000-02-25,4146382400.0
2000-02-26,4144089500.0
2000-02-27,4148675400.0
2000-02-28,4153261200.0
2000-02-29,4160140000.0
2000-03-01,4171604700.0
2000-03-02,4185354700.0
2000-03-03,4210554400.0
2000-03-04,4217421900.0
2000-03-05,4219711100.0
2000-03-06,4222000200.0
2000-03-07,4224289400.0
2000-03-08,4217421900.0
2000-03-09,4210554400.0
2000-03-10,4201390200.0
2000-03-11,4194518900.0
2000-03-12,4203683100.0
2000-03-13,4199101000.0
2000-03-14,4192229800.0
2000-03-15,4187647700.0
2000-03-16,4183061800.0
2000-03-17,4178479700.0
2000-03-18,4176186800.0
2000-03-19,4171604700.0
2000-03-20,4169311700.0
2000-03-21,4169311700.0
2000-03-22,4162433000.0
2000-03-23,4155554200.0
2000-03-24,4153261200.0
2000-03-25,4148675400.0
2000-03-26,4155554200.0
2000-03-27,4160140000.0
2000-03-28,4160140000.0
2000-03-29,4164725900.0
2000-03-30,4171604700.0
2000-03-31,4169311700.0
2000-04-01,4164725900.0
2000-04-02,4167018800.0
2000-04-03,4173897600.0
2000-04-04,4176186800.0
2000-04-05,4173897600.0
2000-04-06,4180772600.0
2000-04-07,4194518900.0
2000-04-08,4192229800.0
2000-04-09,4192229800.0
2000-04-10,4187647700.0
2000-04-11,4187647700.0
2000-04-12,4187647700.0
2000-04-13,4187647700.0
2000-04-14,4185354700.0
2000-04-15,4185354700.0
2000-04-16,4187647700.0
2000-04-17,4192229800.0
2000-04-18,4192229800.0
2000-04-19,4192229800.0
2000-04-20,4194518900.0
2000-04-21,4189936800.0
2000-04-22,4201390200.0
2000-04-23,4201390200.0
2000-04-24,4215132700.0
2000-04-25,4219711100.0
2000-04-26,4217421900.0
2000-04-27,4212843600.0
2000-04-28,4205972300.0
2000-04-29,4208261500.0
2000-04-30,4199101000.0
2000-05-01,4192229800.0
2000-05-02,4187647700.0
2000-05-03,4201390200.0
2000-05-04,4203683100.0
2000-05-05,4210554400.0
2000-05-06,4222000200.0
2000-05-07,4231156900.0
2000-05-08,4233446100.0
2000-05-09,4226578600.0
2000-05-10,4217421900.0
2000-05-11,4212843600.0
2000-05-12,4208261500.0
2000-05-13,4217421900.0
2000-05-14,4224289400.0
2000-05-15,4233446100.0
2000-05-16,4238020700.0
2000-05-17,4242595300.0
2000-05-18,4251744400.0
2000-05-19,4254033600.0
2000-05-20,4258604400.0
2000-05-21,4256319000.0
2000-05-22,4249459000.0
2000-05-23,4247169800.0
2000-05-24,4247169800.0
2000-05-25,4251744400.0
2000-05-26,4251744400.0
2000-05-27,4254033600.0
2000-05-28,4263179000.0
2000-05-29,4260893600.0
2000-05-30,4260893600.0
2000-05-31,4265464400.0
2000-06-01,4270035200.0
2000-06-02,4272320600.0
2000-06-03,4267749800.0
2000-06-04,4267749800.0
2000-06-05,4260893600.0
2000-06-06,4263179000.0
2000-06-07,4254033600.0
2000-06-08,4244884400.0
2000-06-09,4235731500.0
2000-06-10,4231156900.0
2000-06-11,4224289400.0
2000-06-12,4219711100.0
2000-06-13,4222000200.0
2000-06-14,4235731500.0
2000-06-15,4240309800.0
2000-06-16,4267749800.0
2000-06-17,4286025600.0
2000-06-18,4288311000.0
2000-06-19,4283743900.0
2000-06-20,4276891500.0
2000-06-21,4274606000.0
2000-06-22,4297445100.0
2000-06-23,4304290100.0
2000-06-24,4329380700.0
2000-06-25,4331658600.0
2000-06-26,4320261600.0
2000-06-27,4322539500.0
2000-06-28,4308853400.0
2000-06-29,4290596400.0
2000-06-30,4290596400.0
2000-07-01,4295159700.0
2000-07-02,4292878100.0
2000-07-03,4290596400.0
2000-07-04,4281458500.0
2000-07-05,4272320600.0
2000-07-06,4267749800.0
2000-07-07,4272320600.0
2000-07-08,4267749800.0
2000-07-09,4260893600.0
2000-07-10,4251744400.0
2000-07-11,4240309800.0
2000-07-12,4235731500.0
2000-07-13,4233446100.0
2000-07-14,4228867700.0
2000-07-15,4224289400.0
2000-07-16,4228867700.0
2000-07-17,4244884400.0
2000-07-18,4244884400.0
2000-07-19,4238020700.0
2000-07-20,4231156900.0
2000-07-21,4224289400.0
2000-07-22,4219711100.0
2000-07-23,4215132700.0
2000-07-24,4219711100.0
2000-07-25,4226578600.0
2000-07-26,4231156900.0
2000-07-27,4224289400.0
2000-07-28,4224289400.0
2000-07-29,4224289400.0
2000-07-30,4228867700.0
2000-07-31,4231156900.0
2000-08-01,4224289400.0
2000-08-02,4233446100.0
2000-08-03,4249459000.0
2000-08-04,4256319000.0
2000-08-05,4254033600.0
2000-08-06,4256319000.0
2000-08-07,4254033600.0
2000-08-08,4251744400.0
2000-08-09,4251744400.0
2000-08-10,4251744400.0
2000-08-11,4247169800.0
2000-08-12,4231156900.0
2000-08-13,4222000200.0
2000-08-14,4217421900.0
2000-08-15,4231156900.0
2000-08-16,4224289400.0
2000-08-17,4210554400.0
2000-08-18,4199101000.0
2000-08-19,4185354700.0
2000-08-20,4178479700.0
2000-08-21,4176186800.0
2000-08-22,4173897600.0
2000-08-23,4173897600.0
2000-08-24,4176186800.0
2000-08-25,4187647700.0
2000-08-26,4187647700.0
2000-08-27,4180772600.0
2000-08-28,4185354700.0
2000-08-29,4203683100.0
2000-08-30,4201390200.0
2000-08-31,4210554400.0
2000-09-01,4210554400.0
2000-09-02,4215132700.0
2000-09-03,4228867700.0
2000-09-04,4254033600.0
2000-09-05,4265464400.0
2000-09-06,4265464400.0
2000-09-07,4272320600.0
2000-09-08,4270035200.0
2000-09-09,4276891500.0
2000-09-10,4290596400.0
2000-09-11,4288311000.0
2000-09-12,4283743900.0
2000-09-13,4279173100.0
2000-09-14,4272320600.0
2000-09-15,4270035200.0
2000-09-16,4274606000.0
2000-09-17,4279173100.0
2000-09-18,4272320600.0
2000-09-19,4265464400.0
2000-09-20,4260893600.0
2000-09-21,4265464400.0
2000-09-22,4260893600.0
2000-09-23,4258604400.0
2000-09-24,4258604400.0
2000-09-25,4256319000.0
2000-09-26,4251744400.0
2000-09-27,4251744400.0
2000-09-28,4251744400.0
2000-09-29,4251744400.0
2000-09-30,4256319000.0
2000-10-01,4258604400.0
2000-10-02,4272320600.0
2000-10-03,4286025600.0
2000-10-04,4288311000.0
2000-10-05,4286025600.0
2000-10-06,4276891500.0
2000-10-07,4274606000.0
2000-10-08,4263179000.0
2000-10-09,4256319000.0
2000-10-10,4247169800.0
2000-10-11,4244884400.0
2000-10-12,4238020700.0
2000-10-13,4233446100.0
2000-10-14,4226578600.0
2000-10-15,4215132700.0
2000-10-16,4205972300.0
2000-10-17,4196811900.0
2000-10-18,4192229800.0
2000-10-19,4185354700.0
2000-10-20,4180772600.0
2000-10-21,4173897600.0
2000-10-22,4173897600.0
2000-10-23,4173897600.0
2000-10-24,4167018800.0
2000-10-25,4164725900.0
2000-10-26,4167018800.0
2000-10-27,4183061800.0
2000-10-28,4185354700.0
2000-10-29,4189936800.0
2000-10-30,4199101000.0
2000-10-31,4196811900.0
2000-11-01,4212843600.0
2000-11-02,4222000200.0
2000-11-03,4224289400.0
2000-11-04,4217421900.0
2000-11-05,4210554400.0
2000-11-06,4210554400.0
2000-11-07,4203683100.0
2000-11-08,4192229800.0
2000-11-09,4185354700.0
2000-11-10,4183061800.0
2000-11-11,4180772600.0
2000-11-12,4183061800.0
2000-11-13,4185354700.0
2000-11-14,4183061800.0
2000-11-15,4176186800.0
2000-11-16,4167018800.0
2000-11-17,4169311700.0
2000-11-18,4171604700.0
2000-11-19,4173897600.0
2000-11-20,4167018800.0
2000-11-21,4157847100.0
2000-11-22,4148675400.0
2000-11-23,4148675400.0
2000-11-24,4139503700.0
2000-11-25,4128031500.0
2000-11-26,4114266400.0
2000-11-27,4107383900.0
2000-11-28,4100501300.0
2000-11-29,4089025400.0
2000-11-30,4075252800.0
2000-12-01,4061480200.0
2000-12-02,4047707600.0
2000-12-03,4040821300.0
2000-12-04,4029341600.0
2000-12-05,4017865700.0
2000-12-06,4004093000.0
2000-12-07,3992613400.0
2000-12-08,3978844500.0
2000-12-09,3965071900.0
2000-12-10,3955892700.0
2000-12-11,3946717200.0
2000-12-12,3935245000.0
2000-12-13,3930659200.0
2000-12-14,3921483700.0
2000-12-15,3921483700.0
2000-12-16,3921483700.0
2000-12-17,3923776600.0
2000-12-18,3912308200.0
2000-12-19,3903136500.0
2000-12-20,3893968600.0
2000-12-21,3880214700.0
2000-12-22,3866468400.0
2000-12-23,3852725900.0
2000-12-24,3861886300.0
2000-12-25,3864175500.0
2000-12-26,3866468400.0
2000-12-27,3868757600.0
2000-12-28,3868757600.0
2000-12-29,3880214700.0
2000-12-30,3880214700.0
2000-12-31,3877925600.0
2001-01-02,4107963800.0
2001-01-03,4105464700.0
2001-01-04,4095476700.0
2001-01-05,4090486800.0
2001-01-06,4085492800.0
2001-01-07,4075508900.0
2001-01-08,4068024100.0
2001-01-09,4063034200.0
2001-01-10,4063034200.0
2001-01-11,4053054400.0
2001-01-12,4043082800.0
2001-01-13,4030616200.0
2001-01-14,4020648700.0
2001-01-15,4005699500.0
2001-01-16,4000721800.0
2001-01-17,3988271700.0
2001-01-18,3978316400.0
2001-01-19,3973342900.0
2001-01-20,3980807300.0
2001-01-21,3980807300.0
2001-01-22,3970856200.0
2001-01-23,3970856200.0
2001-01-24,3983294100.0
2001-01-25,3995740100.0
2001-01-26,3988271700.0
2001-01-27,3973342900.0
2001-01-28,3960905000.0
2001-01-29,3945992700.0
2001-01-30,3933567100.0
2001-01-31,3918671100.0
2001-02-01,3903779300.0
2001-02-02,3896339500.0
2001-02-03,3881464000.0
2001-02-04,3866600800.0
2001-02-05,3851745800.0
2001-02-06,3839373500.0
2001-02-07,3824543100.0
2001-02-08,3807250500.0
2001-02-09,3792444600.0
2001-02-10,3785041700.0
2001-02-11,3787508000.0
2001-02-12,3782575400.0
2001-02-13,3772718500.0
2001-02-14,3765327900.0
2001-02-15,3765327900.0
2001-02-16,3762861600.0
2001-02-17,3762861600.0
2001-02-18,3760399500.0
2001-02-19,3755475100.0
2001-02-20,3755475100.0
2001-02-21,3750554900.0
2001-02-22,3745634600.0
2001-02-23,3735794100.0
2001-02-24,3725961800.0
2001-02-25,3716137600.0
2001-02-26,3708771600.0
2001-02-27,3698955700.0
2001-02-28,3691597800.0
2001-03-01,3691597800.0
2001-03-02,3686693900.0
2001-03-03,3676894400.0
2001-03-04,3669548800.0
2001-03-05,3664653100.0
2001-03-06,3659757500.0
2001-03-07,3659757500.0
2001-03-08,3652420100.0
2001-03-09,3642641000.0
2001-03-10,3630432600.0
2001-03-11,3618228200.0
2001-03-12,3606040200.0
2001-03-13,3596293900.0
2001-03-14,3579259400.0
2001-03-15,3569533600.0
2001-03-16,3552536000.0
2001-03-17,3537984200.0
2001-03-18,3530712400.0
2001-03-19,3533137700.0
2001-03-20,3535558900.0
2001-03-21,3537984200.0
2001-03-22,3537984200.0
2001-03-23,3540405400.0
2001-03-24,3542830700.0
2001-03-25,3537984200.0
2001-03-26,3537984200.0
2001-03-27,3528291200.0
2001-03-28,3523448700.0
2001-03-29,3516160500.0
2001-03-30,3518606300.0
2001-03-31,3525870000.0
2001-04-01,3523448700.0
2001-04-02,3518606300.0
2001-04-03,3518606300.0
2001-04-04,3508929700.0
2001-04-05,3496844100.0
2001-04-06,3484775000.0
2001-04-07,3492014000.0
2001-04-08,3484775000.0
2001-04-09,3482361900.0
2001-04-10,3482361900.0
2001-04-11,3482361900.0
2001-04-12,3487188000.0
2001-04-13,3477535900.0
2001-04-14,3460669400.0
2001-04-15,3446232300.0
2001-04-16,3453446700.0
2001-04-17,3446232300.0
2001-04-18,3453446700.0
2001-04-19,3465487200.0
2001-04-20,3453446700.0
2001-04-21,3446232300.0
2001-04-22,3443827400.0
2001-04-23,3436617100.0
2001-04-24,3424609300.0
2001-04-25,3407820700.0
2001-04-26,3410217300.0
2001-04-27,3407820700.0
2001-04-28,3391060700.0
2001-04-29,3395845700.0
2001-04-30,3410217300.0
2001-05-01,3405424000.0
2001-05-02,3403031500.0
2001-05-03,3407820700.0
2001-05-04,3407820700.0
2001-05-05,3410217300.0
2001-05-06,3415014600.0
2001-05-07,3415014600.0
2001-05-08,3412613900.0
2001-05-09,3403031500.0
2001-05-10,3398242300.0
2001-05-11,3405424000.0
2001-05-12,3395845700.0
2001-05-13,3407820700.0
2001-05-14,3417411300.0
2001-05-15,3436617100.0
2001-05-16,3451041900.0
2001-05-17,3460669400.0
2001-05-18,3479948900.0
2001-05-19,3494431100.0
2001-05-20,3501678300.0
2001-05-21,3523448700.0
2001-05-22,3545256000.0
2001-05-23,3557390700.0
2001-05-24,3569533600.0
2001-05-25,3588989300.0
2001-05-26,3610915400.0
2001-05-27,3627990900.0
2001-05-28,3654865900.0
2001-05-29,3669548800.0
2001-05-30,3676894400.0
2001-05-31,3681794200.0
2001-06-01,3689147900.0
2001-06-02,3696501700.0
2001-06-03,3703863600.0
2001-06-04,3711225600.0
2001-06-05,3730877900.0
2001-06-06,3743172400.0
2001-06-07,3753017000.0
2001-06-08,3775180700.0
2001-06-09,3794910900.0
2001-06-10,3804780100.0
2001-06-11,3807250500.0
2001-06-12,3827013400.0
2001-06-13,3834428600.0
2001-06-14,3846796900.0
2001-06-15,3864122200.0
2001-06-16,3871553800.0
2001-06-17,3888899700.0
2001-06-18,3903779300.0
2001-06-19,3923636500.0
2001-06-20,3936053900.0
2001-06-21,3943505900.0
2001-06-22,3950962100.0
2001-06-23,3955931500.0
2001-06-24,3963391800.0
2001-06-25,3965878600.0
2001-06-26,3970856200.0
2001-06-27,3970856200.0
2001-06-28,3965878600.0
2001-06-29,3960905000.0
2001-06-30,3968365300.0
2001-07-01,3965878600.0
2001-07-02,3973342900.0
2001-07-03,3978316400.0
2001-07-04,3980807300.0
2001-07-05,3980807300.0
2001-07-06,3983294100.0
2001-07-07,3980807300.0
2001-07-08,3988271700.0
2001-07-09,4003212700.0
2001-07-10,4018157800.0
2001-07-11,4033107100.0
2001-07-12,4055549300.0
2001-07-13,4058044300.0
2001-07-14,4060539200.0
2001-07-15,4078003900.0
2001-07-16,4105464700.0
2001-07-17,4112957800.0
2001-07-18,4127948000.0
2001-07-19,4130447000.0
2001-07-20,4152938500.0
2001-07-21,4150439400.0
2001-07-22,4162934600.0
2001-07-23,4175434000.0
2001-07-24,4162934600.0
2001-07-25,4162934600.0
2001-07-26,4167936800.0
2001-07-27,4180436200.0
2001-07-28,4202944000.0
2001-07-29,4217950600.0
2001-07-30,4225455900.0
2001-07-31,4217950600.0
2001-08-01,4217950600.0
2001-08-02,4212948400.0
2001-08-03,4207946200.0
2001-08-04,4202944000.0
2001-08-05,4197941800.0
2001-08-06,4192939600.0
2001-08-07,4185438400.0
2001-08-08,4180436200.0
2001-08-09,4175434000.0
2001-08-10,4167936800.0
2001-08-11,4152938500.0
2001-08-12,4147936300.0
2001-08-13,4140439100.0
2001-08-14,4132946100.0
2001-08-15,4135441000.0
2001-08-16,4127948000.0
2001-08-17,4130447000.0
2001-08-18,4115456800.0
2001-08-19,4110462800.0
2001-08-20,4102969800.0
2001-08-21,4097975800.0
2001-08-22,4087987800.0
2001-08-23,4082997900.0
2001-08-24,4078003900.0
2001-08-25,4082997900.0
2001-08-26,4080502900.0
2001-08-27,4080502900.0
2001-08-28,4080502900.0
2001-08-29,4070519000.0
2001-08-30,4063034200.0
2001-08-31,4063034200.0
2001-09-01,4043082800.0
2001-09-02,4043082800.0
2001-09-03,4038092900.0
2001-09-04,4033107100.0
2001-09-05,4020648700.0
2001-09-06,4013172000.0
2001-09-07,3998231000.0
2001-09-08,3983294100.0
2001-09-09,3973342900.0
2001-09-10,3983294100.0
2001-09-11,3993249300.0
2001-09-12,4003212700.0
2001-09-13,4010681200.0
2001-09-14,4025630400.0
2001-09-15,4048068600.0
2001-09-16,4063034200.0
2001-09-17,4063034200.0
2001-09-18,4065529100.0
2001-09-19,4078003900.0
2001-09-20,4087987800.0
2001-09-21,4090486800.0
2001-09-22,4100470700.0
2001-09-23,4117955900.0
2001-09-24,4140439100.0
2001-09-25,4150439400.0
2001-09-26,4162934600.0
2001-09-27,4172934900.0
2001-09-28,4180436200.0
2001-09-29,4185438400.0
2001-09-30,4192939600.0
2001-10-01,4202944000.0
2001-10-02,4210445200.0
2001-10-03,4217950600.0
2001-10-04,4220453700.0
2001-10-05,4215447400.0
2001-10-06,4220453700.0
2001-10-07,4207946200.0
2001-10-08,4200440800.0
2001-10-09,4207946200.0
2001-10-10,4217950600.0
2001-10-11,4222952800.0
2001-10-12,4230458100.0
2001-10-13,4232961200.0
2001-10-14,4237963400.0
2001-10-15,4242965600.0
2001-10-16,4262982600.0
2001-10-17,4277993300.0
2001-10-18,4282999600.0
2001-10-19,4290504900.0
2001-10-20,4295507100.0
2001-10-21,4310517800.0
2001-10-22,4320526200.0
2001-10-23,4328031600.0
2001-10-24,4348044500.0
2001-10-25,4338036000.0
2001-10-26,4333033800.0
2001-10-27,4330530600.0
2001-10-28,4335536900.0
2001-10-29,4343038200.0
2001-10-30,4363046900.0
2001-10-31,4368049100.0
2001-11-01,4373051300.0
2001-11-02,4385554800.0
2001-11-03,4378053500.0
2001-11-04,4368049100.0
2001-11-05,4380552600.0
2001-11-06,4405551200.0
2001-11-07,4415547400.0
2001-11-08,4423044600.0
2001-11-09,4428042700.0
2001-11-10,4415547400.0
2001-11-11,4423044600.0
2001-11-12,4410549300.0
2001-11-13,4405551200.0
2001-11-14,4408050300.0
2001-11-15,4405551200.0
2001-11-16,4405534800.0
2001-11-17,4415547400.0
2001-11-18,4423044600.0
2001-11-19,4423044600.0
2001-11-20,4418046500.0
2001-11-21,4413048400.0
2001-11-22,4400553100.0
2001-11-23,4388053800.0
2001-11-24,4388053800.0
2001-11-25,4395555000.0
2001-11-26,4400553100.0
2001-11-27,4395555000.0
2001-11-28,4403052200.0
2001-11-29,4388053800.0
2001-11-30,4373051300.0
2001-12-01,4360547900.0
2001-12-02,4373051300.0
2001-12-03,4375550400.0
2001-12-04,4375550400.0
2001-12-05,4365550100.0
2001-12-06,4373051300.0
2001-12-07,4378053500.0
2001-12-08,4378053500.0
2001-12-09,4380552600.0
2001-12-10,4385554800.0
2001-12-11,4380552600.0
2001-12-12,4370552300.0
2001-12-13,4358048800.0
2001-12-14,4340539100.0
2001-12-15,4439136800.0
2002-04-30,4044709188.0
2002-05-01,4054643928.0
2002-05-02,4064582764.8
2002-05-03,4059613346.4
2002-05-04,4054643928.0
2002-05-05,4049674509.6
2002-05-06,4044709188.0
2002-05-07,4034778544.8
2002-05-08,4022369337.6
2002-05-09,4014925452.0
2002-05-10,4009964227.2
2002-05-11,4005007099.2
2002-05-12,3985182684.0
2002-05-13,3975276621.6
2002-05-14,3957955351.2
2002-05-15,3938180097.6
2002-05-16,3945591208.8
2002-05-17,3945591208.8
2002-05-18,3957955351.2
2002-05-19,3945591208.8
2002-05-20,3938180097.6
2002-05-21,3945591208.8
2002-05-22,3945591208.8
2002-05-23,3955480884.0
2002-05-24,3965378752.8
2002-05-25,3990135715.2
2002-05-26,4032295884.0
2002-05-27,4054643928.0
2002-05-28,4084472728.8
2002-05-29,4101892322.4
2002-05-30,4124297721.6
2002-05-31,4141737799.2
2002-06-01,4156695216.0
2002-06-02,4194111290.4
2002-06-03,4214083190.4
2002-06-04,4231564236.0
2002-06-05,4254047474.4
2002-06-06,4279042051.2
2002-06-07,4306547966.4
2002-06-08,4329055785.6
2002-06-09,4351567701.6
2002-06-10,4371584666.4
2002-06-11,4389098486.4
2002-06-12,4399106968.8
2002-06-13,4416616692.0
2002-06-14,4426625174.4
2002-06-15,4439136801.6
2002-06-16,4446638042.4
2002-06-17,4454143380.0
2002-06-18,4464151862.4
2002-06-19,4469154055.2
2002-06-20,4474156248.0
2002-06-21,4479154344.0
2002-06-22,4484156536.8
2002-06-23,4491657777.6
2002-06-24,4494160922.4
2002-06-25,4484156536.8
2002-06-26,4481657488.8
2002-06-27,4481657488.8
2002-06-28,4471653103.2
2002-06-29,4476655296.0
2002-06-30,4471653103.2
2002-07-01,4469154055.2
2002-07-02,4451644332.0
2002-07-03,4441635849.6
2002-07-04,4431631464.0
2002-07-05,4441635849.6
2002-07-06,4459145572.8
2002-07-07,4466650910.4
2002-07-08,4471653103.2
2002-07-09,4476655296.0
2002-07-10,4476655296.0
2002-07-11,4456646524.8
2002-07-12,4459145572.8
2002-07-13,4461648717.6
2002-07-14,4464151862.4
2002-07-15,4469154055.2
2002-07-16,4494160922.4
2002-07-17,4506660259.2
2002-07-18,4509159307.2
2002-07-19,4501662163.2
2002-07-20,4509159307.2
2002-07-21,4524157692.0
2002-07-22,4509159307.2
2002-07-23,4511662452.0
2002-07-24,4521658644.0
2002-07-25,4536652932.0
2002-07-26,4536652932.0
2002-07-27,4541651028.0
2002-07-28,4544150076.0
2002-07-29,4544150076.0
2002-07-30,4524157692.0
2002-07-31,4504161211.2
2002-08-01,4484156536.8
2002-08-02,4469154055.2
2002-08-03,4471653103.2
2002-08-04,4474156248.0
2002-08-05,4471653103.2
2002-08-06,4464151862.4
2002-08-07,4466650910.4
2002-08-08,4459145572.8
2002-08-09,4456646524.8
2002-08-10,4441635849.6
2002-08-11,4444138994.4
2002-08-12,4444138994.4
2002-08-13,4444138994.4
2002-08-14,4436633656.8
2002-08-15,4436633656.8
2002-08-16,4436633656.8
2002-08-17,4426625174.4
2002-08-18,4429128319.2
2002-08-19,4431631464.0
2002-08-20,4426625174.4
2002-08-21,4424126126.4
2002-08-22,4414117644.0
2002-08-23,4404109161.6
2002-08-24,4394100679.2
2002-08-25,4391597534.4
2002-08-26,4384092196.8
2002-08-27,4384092196.8
2002-08-28,4384092196.8
2002-08-29,4384092196.8
2002-08-30,4371584666.4
2002-08-31,4374083714.4
2002-09-01,4369081521.6
2002-09-02,4381589052.0
2002-09-03,4391597534.4
2002-09-04,4394100679.2
2002-09-05,4394100679.2
2002-09-06,4401606016.8
2002-09-07,4409111354.4
2002-09-08,4409111354.4
2002-09-09,4389098486.4
2002-09-10,4374083714.4
2002-09-11,4364079328.8
2002-09-12,4346565508.8
2002-09-13,4344062364.0
2002-09-14,4336561123.2
2002-09-15,4354070846.4
2002-09-16,4346565508.8
2002-09-17,4354070846.4
2002-09-18,4369081521.6
2002-09-19,4384092196.8
2002-09-20,4391597534.4
2002-09-21,4396603824.0
2002-09-22,4401606016.8
2002-09-23,4406612306.4
2002-09-24,4396603824.0
2002-09-25,4396603824.0
2002-09-26,4384092196.8
2002-09-27,4381589052.0
2002-09-28,4386595341.6
2002-09-29,4374083714.4
2002-09-30,4359073039.2
2002-10-01,4341563316.0
2002-10-02,4334057978.4
2002-10-03,4316548255.2
2002-10-04,4296543580.8
2002-10-05,4291541388.0
2002-10-06,4279042051.2
2002-10-07,4259045570.4
2002-10-08,4249053475.2
2002-10-09,4241556331.2
2002-10-10,4236558235.2
2002-10-11,4221572140.8
2002-10-12,4204095192.0
2002-10-13,4186626436.8
2002-10-14,4166670924.0
2002-10-15,4149214459.2
2002-10-16,4134265236.0
2002-10-17,4144232750.4
2002-10-18,4129279430.4
2002-10-19,4124297721.6
2002-10-20,4119320109.6
2002-10-21,4109356692.0
2002-10-22,4096914710.4
2002-10-23,4096914710.4
2002-10-24,4091937098.4
2002-10-25,4096914710.4
2002-10-26,4091937098.4
2002-10-27,4124297721.6
2002-10-28,4149214459.2
2002-10-29,4174151680.8
2002-10-30,4199105289.6
2002-10-31,4214083190.4
2002-11-01,4236558235.2
2002-11-02,4249053475.2
2002-11-03,4264043666.4
2002-11-04,4289042340.0
2002-11-05,4301545773.6
2002-11-06,4314049207.2
2002-11-07,4326552640.8
2002-11-08,4356573991.2
2002-11-09,4381589052.0
2002-11-10,4396603824.0
2002-11-11,4411614499.2
2002-11-12,4424126126.4
2002-11-13,4436633656.8
2002-11-14,4431631464.0
2002-11-15,4421622981.6
2002-11-16,4421622981.6
2002-11-17,4414117644.0
2002-11-18,4406612306.4
2002-11-19,4406612306.4
2002-11-20,4389098486.4
2002-11-21,4384092196.8
2002-11-22,4364079328.8
2002-11-23,4346565508.8
2002-11-24,4341563316.0
2002-11-25,4326552640.8
2002-11-26,4319051400.0
2002-11-27,4306547966.4
2002-11-28,4294044532.8
2002-11-29,4279042051.2
2002-11-30,4264043666.4
2002-12-01,4266546811.2
2002-12-02,4259045570.4
2002-12-03,4246554427.2
2002-12-04,4229065188.0
2002-12-05,3796040333.5
2002-12-06,3800930437.6
2002-12-07,3783821201.2
2002-12-08,3771618410.1
2002-12-09,3757005292.0
2002-12-10,3744851524.5
2002-12-11,3732714098.2
2002-12-12,3725438178.9
2002-12-13,3710914937.4
2002-12-14,3698830620.0
2002-12-15,3706077942.2
2002-12-16,3706077942.2
2002-12-17,3713333435.0
2002-12-18,3723015596.0
2002-12-19,3723015596.0
2002-12-20,3739994102.8
2002-12-21,3744851524.5
2002-12-22,3744851524.5
2002-12-23,3742420771.0
2002-12-24,3727864847.1
2002-12-25,3727864847.1
2002-12-26,3730287430.0
2002-12-27,3718174515.5
2002-12-28,3718174515.5
2002-12-29,3694005880.7
2002-12-30,3681950160.4
2002-12-31,3672317023.0
2003-01-01,3653095686.5
2003-01-02,3633923373.6
2003-01-03,3612414269.1
2003-01-04,3590966444.1
2003-01-05,3569583983.9
2003-01-06,3550628191.9
2003-01-07,3534086812.2
2003-01-08,3527006987.3
2003-01-09,3510518716.5
2003-01-10,3489373203.7
2003-01-11,3477652478.0
2003-01-12,3456609097.7
2003-01-13,3437955617.9
2003-01-14,3419351161.7
2003-01-15,3400795729.1
2003-01-16,3398479364.0
2003-01-17,3375364736.6
2003-01-18,3356927777.7
2003-01-19,3340839866.3
2003-01-20,3329368343.9
2003-01-21,3311058029.3
2003-01-22,3292796738.3
2003-01-23,3274588556.2
2003-01-24,3258692653.9
2003-01-25,3254162056.2
2003-01-26,3249631458.5
2003-01-27,3231537664.8
2003-01-28,3218003065.9
2003-01-29,3193258403.8
2003-01-30,3173085192.4
2003-01-31,3152973260.5
2003-02-01,3132926693.4
2003-02-02,3110723087.9
2003-02-03,3088601188.4
2003-02-04,3066556909.6
2003-02-05,3051171669.8
2003-02-06,3044590251.5
2003-02-07,3029258120.6
2003-02-08,3022701214.1
2003-02-09,3011785292.5
2003-02-10,3013966842.7
2003-02-11,3007426277.4
2003-02-12,3013966842.7
2003-02-13,3018329943.1
2003-02-14,3016148392.9
2003-02-15,2998712332.5
2003-02-16,2974821498.1
2003-02-17,2961826158.8
2003-02-18,2946706463.5
2003-02-19,2927317629.7
2003-02-20,2905849378.2
2003-02-21,2884462832.7
2003-02-22,2861025466.6
2003-02-23,2839798247.8
2003-02-24,2822876935.2
2003-02-25,2803896631.4
2003-02-26,2793381069.2
2003-02-27,2774498812.6
2003-02-28,2757769509.1
2003-03-01,2741089229.2
2003-03-02,2739005726.2
2003-03-03,2732767473.1
2003-03-04,2716160728.6
2003-03-05,2714089481.5
2003-03-06,2697539931.2
2003-03-07,2683102481.0
2003-03-08,2666646892.6
2003-03-09,2648193592.5
2003-03-10,2631844221.9
2003-03-11,2613513480.8
2003-03-12,2591191401.6
2003-03-13,2579058060.6
2003-03-14,2556883052.2
2003-03-15,2540815567.3
2003-03-16,2526794817.7
2003-03-17,2514812632.8
2003-03-18,2506838127.2
2003-03-19,2502854959.7
2003-03-20,2500865418.6
2003-03-21,2494896795.3
2003-03-22,2486954972.1
2003-03-23,2469126722.9
2003-03-24,2451363838.5
2003-03-25,2435627262.9
2003-03-26,2429740345.6
2003-03-27,2425818457.6
2003-03-28,2410163588.0
2003-03-29,2406258041.2
2003-03-30,2400403806.3
2003-03-31,2386771160.2
2003-04-01,2369306502.7
2003-04-02,2355763733.2
2003-04-03,2340333555.1
2003-04-04,2323032309.6
2003-04-05,2307708349.3
2003-04-06,2296249082.8
2003-04-07,2281010913.8
2003-04-08,2265821768.4
2003-04-09,2252577225.8
2003-04-10,2241252774.2
2003-04-11,2228073596.4
2003-04-12,2222439967.7
2003-04-13,2237482042.3
2003-04-14,2250685731.9
2003-04-15,2286718077.9
2003-04-16,2307708349.3
2003-04-17,2321112218.6
2003-04-18,2338405293.5
2003-04-19,2351899039.4
2003-04-20,2342257731.4
2003-04-21,2357696080.1
2003-04-22,2346114254.6
2003-04-23,2357696080.1
2003-04-24,2369306502.7
2003-04-25,2380941437.1
2003-04-26,2394557742.0
2003-04-27,2404305267.8
2003-04-28,2414073220.1
2003-04-29,2433666318.9
2003-04-30,2441522350.8
2003-05-01,2449394723.9
2003-05-02,2455306153.0
2003-05-03,2455306153.0
2003-05-04,2453337038.4
2003-05-05,2461225752.7
2003-05-06,2471104008.1
2003-05-07,2486954972.1
2003-05-08,2488940427.9
2003-05-09,2496886336.4
2003-05-10,2488940427.9
2003-05-11,2481006775.3
2003-05-12,2492911339.5
2003-05-13,2508827668.3
2003-05-14,2518803970.9
2003-05-15,2524797106.0
2003-05-16,2530798411.7
2003-05-17,2538809685.0
2003-05-18,2562921125.6
2003-05-19,2581076198.8
2003-05-20,2591191401.6
2003-05-21,2601327030.9
2003-05-22,2615547960.2
2003-05-23,2633886871.9
2003-05-24,2668701798.5
2003-05-25,2699607093.0
2003-05-26,2716160728.6
2003-05-27,2728612723.0
2003-05-28,2734846890.8
2003-05-29,2749423241.2
2003-05-30,2780786089.3
2003-05-31,2795480913.4
2003-06-01,2808108575.7
2003-06-02,2827101135.4
2003-06-03,2850403686.6
2003-06-04,2867406705.2
2003-06-05,2878061167.6
2003-06-06,2890868583.1
2003-06-07,2914428508.2
2003-06-08,2927317629.7
2003-06-09,2938082395.2
2003-06-10,2944549425.1
2003-06-11,2968321785.8
2003-06-12,2996538952.9
2003-06-13,3020515578.6
2003-06-14,3055563367.3
2003-06-15,3097441777.6
2003-06-16,3121814677.4
2003-06-17,3159669067.2
2003-06-18,3195505318.8
2003-06-19,3224764237.4
2003-06-20,3251894714.7
2003-06-21,3276859983.0
2003-06-22,3297360018.4
2003-06-23,3315633565.3
2003-06-24,3347731767.4
2003-06-25,3368444238.4
2003-06-26,3382289320.1
2003-06-27,3391538439.3
2003-06-28,3403112094.2
2003-06-29,3412385725.2
2003-06-30,3423996147.8
2003-07-01,3437955617.9
2003-07-02,3444945566.2
2003-07-03,3444945566.2
2003-07-04,3451939599.8
2003-07-05,3470633932.6
2003-07-06,3487028241.5
2003-07-07,3508165583.7
2003-07-08,3524649769.2
2003-07-09,3534086812.2
2003-07-10,3534086812.2
2003-07-11,3538809419.0
2003-07-12,3524649769.2
2003-07-13,3512871849.3
2003-07-14,3498765308.4
2003-07-15,3489373203.7
2003-07-16,3479997440.2
2003-07-17,3470633932.6
2003-07-18,3456609097.7
2003-07-19,3444945566.2
2003-07-20,3437955617.9
2003-07-21,3417026626.0
2003-07-22,3400795729.1
2003-07-23,3389226159.5
2003-07-24,3373056542.1
2003-07-25,3359231886.9
2003-07-26,3356927777.7
2003-07-27,3359231886.9
2003-07-28,3361531910.8
2003-07-29,3352327729.9
2003-07-30,3347731767.4
2003-07-31,3350027706.0
2003-08-01,3343135804.9
2003-08-02,3363836020.0
2003-08-03,3375364736.6
2003-08-04,3384601599.9
2003-08-05,3386913879.7
2003-08-06,3391538439.3
2003-08-07,3393850719.1
2003-08-08,3400795729.1
2003-08-09,3405428459.3
2003-08-10,3407748909.7
2003-08-11,3405428459.3
2003-08-12,3384601599.9
2003-08-13,3363836020.0
2003-08-14,3343135804.9
2003-08-15,3329368343.9
2003-08-16,3322496869.3
2003-08-17,3311058029.3
2003-08-18,3292796738.3
2003-08-19,3285962031.4
2003-08-20,3279135495.1
2003-08-21,3265502849.0
2003-08-22,3270041617.3
2003-08-23,3288241628.8
2003-08-24,3295076335.7
2003-08-25,3301923298.5
2003-08-26,3297360018.4
2003-08-27,3295076335.7
2003-08-28,3301923298.5
2003-08-29,3304206981.2
2003-08-30,3308774346.6
2003-08-31,3311058029.3
2003-09-01,3313345797.3
2003-09-02,3311058029.3
2003-09-03,3311058029.3
2003-09-04,3315633565.3
2003-09-05,3327076490.6
2003-09-06,3352327729.9
2003-09-07,3361531910.8
2003-09-08,3386913879.7
2003-09-09,3391538439.3
2003-09-10,3386913879.7
2003-09-11,3396162998.9
2003-09-12,3412385725.2
2003-09-13,3417026626.0
2003-09-14,3410065274.8
2003-09-15,3414706175.6
2003-09-16,3417026626.0
2003-09-17,3421671612.1
2003-09-18,3423996147.8
2003-09-19,3430969754.9
2003-09-20,3440284238.9
2003-09-21,3447274187.2
2003-09-22,3454272306.1
2003-09-23,3461278595.6
2003-09-24,3472970724.2
2003-09-25,3477652478.0
2003-09-26,3482338317.1
2003-09-27,3498765308.4
2003-09-28,3505812450.9
2003-09-29,3512871849.3
2003-09-30,3538809419.0
2003-10-01,3548262803.2
2003-10-02,3557732528.6
2003-10-03,3562471476.6
2003-10-04,3576704661.8
2003-10-05,3588588799.5
2003-10-06,3586211154.9
2003-10-07,3574331102.5
2003-10-08,3562471476.6
2003-10-09,3552997665.9
2003-10-10,3557732528.6
2003-10-11,3557732528.6
2003-10-12,3562471476.6
2003-10-13,3571957543.2
2003-10-14,3579078221.1
2003-10-15,3588588799.5
2003-10-16,3602875093.6
2003-10-17,3612414269.1
2003-10-18,3621965700.5
2003-10-19,3629139487.3
2003-10-20,3653095686.5
2003-10-21,3679539833.4
2003-10-22,3694005880.7
2003-10-23,3708496439.8
2003-10-24,3720593013.1
2003-10-25,3737563349.3
2003-10-26,3749708946.2
2003-10-27,3759440130.8
2003-10-28,3771618410.1
2003-10-29,3786264210.6
2003-10-30,3800930437.6
2003-10-31,3818084612.3
2003-11-01,3835271469.4
2003-11-02,3859893572.5
2003-11-03,3872235263.8
2003-11-04,3882121689.8
2003-11-05,3892020371.7
2003-11-06,3906890863.7
2003-11-07,3914338365.6
2003-11-08,3939209672.0
2003-11-09,3954170040.6
2003-11-10,3964158599.1
2003-11-11,3979167991.3
2003-11-12,3981672280.2
2003-11-13,3996710269.5
2003-11-14,4011780941.2
2003-11-15,4039479275.2
2003-11-16,4054627567.6
2003-11-17,4064742770.4
2003-11-18,4062209884.4
2003-11-19,4049574051.5
2003-11-20,4041999905.3
2003-11-21,4041999905.3
2003-11-22,4029396754.8
2003-11-23,4026876124.7
2003-11-24,4031905129.0
2003-11-25,4044524620.7
2003-11-26,4047049336.1
2003-11-27,4062209884.4
2003-11-28,4072333257.8
2003-11-29,4072333257.8
2003-11-30,4087542829.7
2003-12-01,4105322055.3
2003-12-02,4125691361.1
2003-12-03,4133339042.7
2003-12-04,4140994894.9
2003-12-05,4153773713.3
2003-12-06,4161449992.0
2003-12-07,4166572958.2
2003-12-08,4174257407.5
2003-12-09,4171695924.4
2003-12-10,4171695924.4
2003-12-11,4171695924.4
2003-12-12,4146105605.2
2003-12-13,4125691361.1
2003-12-14,4107867197.2
2003-12-15,4090079801.0
2003-12-16,4069804457.1
2003-12-17,4052098766.9
2003-12-18,4039479275.2
2003-12-19,4011061978.5
2003-12-20,4016069632.5
2003-12-21,4026093043.5
2003-12-22,4028600922.0
2003-12-23,4031112852.0
2003-12-24,4038640539.0
2003-12-25,4051208292.0
2003-12-26,4036132660.5
2003-12-27,4026093043.5
2003-12-28,4033620730.5
2003-12-29,4018573459.5
2003-12-30,4023585165.0
2003-12-31,4028600922.0
2004-01-01,4033620700.0
2004-01-02,4023585200.0
2004-01-03,4003554500.0
2004-01-04,4001054800.0
2004-01-05,4003554500.0
2004-01-06,3993559500.0
2004-01-07,3993559500.0
2004-01-08,4001054800.0
2004-01-09,3991063800.0
2004-01-10,4011062000.0
2004-01-11,4021081300.0
2004-01-12,4031112900.0
2004-01-13,4036132700.0
2004-01-14,4031112900.0
2004-01-15,4016069600.0
2004-01-16,3996059300.0
2004-01-17,3978589200.0
2004-01-18,3961155600.0
2004-01-19,3943762500.0
2004-01-20,3931360900.0
2004-01-21,3916508100.0
2004-01-22,3901679600.0
2004-01-23,3891810100.0
2004-01-24,3891810100.0
2004-01-25,3894277500.0
2004-01-26,3881952800.0
2004-01-27,3872107700.0
2004-01-28,3859819500.0
2004-01-29,3840198100.0
2004-01-30,3825515400.0
2004-01-31,3808418100.0
2004-02-01,3808418100.0
2004-02-02,3810857100.0
2004-02-03,3796231200.0
2004-02-04,3781629600.0
2004-02-05,3764633500.0
2004-02-06,3747674000.0
2004-02-07,3728336200.0
2004-02-08,3704233800.0
2004-02-09,3692213000.0
2004-02-10,3675415500.0
2004-02-11,3653877700.0
2004-02-12,3644320200.0
2004-02-13,3644320200.0
2004-02-14,3634778900.0
2004-02-15,3613358600.0
2004-02-16,3591999100.0
2004-02-17,3570700400.0
2004-02-18,3551824500.0
2004-02-19,3532997100.0
2004-02-20,3516560200.0
2004-02-21,3495488300.0
2004-02-22,3479140500.0
2004-02-23,3467488400.0
2004-02-24,3458178100.0
2004-02-25,3448879900.0
2004-02-26,3455852500.0
2004-02-27,3462829200.0
2004-02-28,3483807900.0
2004-02-29,3497826100.0
2004-03-01,3504847300.0
2004-03-02,3511872600.0
2004-03-03,3532997100.0
2004-03-04,3528297400.0
2004-03-05,3518906000.0
2004-03-06,3516560200.0
2004-03-07,3502505500.0
2004-03-08,3488475200.0
2004-03-09,3472147700.0
2004-03-10,3469818000.0
2004-03-11,3479140500.0
2004-03-12,3472147700.0
2004-03-13,3462829200.0
2004-03-14,3474477300.0
2004-03-15,3483807900.0
2004-03-16,3474477300.0
2004-03-17,3481474200.0
2004-03-18,3481474200.0
2004-03-19,3462829200.0
2004-03-20,3441919400.0
2004-03-21,3421066300.0
2004-03-22,3400278100.0
2004-03-23,3381851900.0
2004-03-24,3377253400.0
2004-03-25,3363478300.0
2004-03-26,3349727500.0
2004-03-27,3338290100.0
2004-03-28,3333720100.0
2004-03-29,3340575200.0
2004-03-30,3342864300.0
2004-03-31,3342864300.0
2004-04-01,3338290100.0
2004-04-02,3349727500.0
2004-04-03,3345149300.0
2004-04-04,3342864300.0
2004-04-05,3349727500.0
2004-04-06,3349727500.0
2004-04-07,3352016600.0
2004-04-08,3333720100.0
2004-04-09,3331439100.0
2004-04-10,3315476100.0
2004-04-11,3295008000.0
2004-04-12,3281399000.0
2004-04-13,3267814300.0
2004-04-14,3263292800.0
2004-04-15,3263292800.0
2004-04-16,3261032100.0
2004-04-17,3263292800.0
2004-04-18,3267814300.0
2004-04-19,3279134200.0
2004-04-20,3272339800.0
2004-04-21,3256518700.0
2004-04-22,3249748700.0
2004-04-23,3258775400.0
2004-04-24,3261036100.0
2004-04-25,3276869400.0
2004-04-26,3281399000.0
2004-04-27,3283663800.0
2004-04-28,3288201500.0
2004-04-29,3279134200.0
2004-04-30,3290470291.5
2004-05-01,3290470291.5
2004-05-02,3279134194.5
2004-05-03,3290470291.5
2004-05-04,3281398983.0
2004-05-05,3299549703.0
2004-05-06,3310922263.5
2004-05-07,3315476149.5
2004-05-08,3317753092.5
2004-05-09,3320034087.0
2004-05-10,3315476149.5
2004-05-11,3313199206.5
2004-05-12,3310922263.5
2004-05-13,3306372429.0
2004-05-14,3292739131.5
2004-05-15,3279134194.5
2004-05-16,3281398983.0
2004-05-17,3281398983.0
2004-05-18,3270079092.0
2004-05-19,3265553566.5
2004-05-20,3263292829.5
2004-05-21,3265553566.5
2004-05-22,3270079092.0
2004-05-23,3276869406.0
2004-05-24,3279134194.5
2004-05-25,3279134194.5
2004-05-26,3295007971.5
2004-05-27,3308645320.5
2004-05-28,3322311030.0
2004-05-29,3361185172.5
2004-05-30,3388755630.0
2004-05-31,3404892754.5
2004-06-01,3421066342.5
2004-06-02,3421066342.5
2004-06-03,3430324020.0
2004-06-04,3434958936.0
2004-06-05,3451205451.0
2004-06-06,3486141535.5
2004-06-07,3509530845.0
2004-06-08,3518906016.0
2004-06-09,3525947523.0
2004-06-10,3516560197.5
2004-06-11,3502505544.0
2004-06-12,3486141535.5
2004-06-13,3481474207.5
2004-06-14,3488475199.5
2004-06-15,3493150630.5
2004-06-16,3497826061.5
2004-06-17,3502505544.0
2004-06-18,3493150630.5
2004-06-19,3483807871.5
2004-06-20,3476806879.5
2004-06-21,3474477267.0
2004-06-22,3455852521.5
2004-06-23,3437280445.5
2004-06-24,3428010613.5
2004-06-25,3411820819.5
2004-06-26,3404892754.5
2004-06-27,3391060933.5
2004-06-28,3397972792.5
2004-06-29,3402583399.5
2004-06-30,3416443581.0
2004-07-01,3425693155.5
2004-07-02,3434958936.0
2004-07-03,3430324020.0
2004-07-04,3432641478.0
2004-07-05,3439597903.5
2004-07-06,3430324020.0
2004-07-07,3439597903.5
2004-07-08,3441919413.0
2004-07-09,3455852521.5
2004-07-10,3469818042.0
2004-07-11,3481474207.5
2004-07-12,3497826061.5
2004-07-13,3521251834.5
2004-07-14,3521251834.5
2004-07-15,3535347003.0
2004-07-16,3561256345.5
2004-07-17,3573066468.0
2004-07-18,3580160644.5
2004-07-19,3613358635.5
2004-07-20,3630014352.0
2004-07-21,3658658457.0
2004-07-22,3689810440.5
2004-07-23,3713868247.5
2004-07-24,3740413675.5
2004-07-25,3754938303.0
2004-07-26,3767060391.0
2004-07-27,3779198685.0
2004-07-28,3793796239.5
2004-07-29,3803540097.0
2004-07-30,3801105145.5
2004-07-31,3788926336.5
2004-08-01,3786495436.5
2004-08-02,3781629585.0
2004-08-03,3769483188.0
2004-08-04,3757361100.0
2004-08-05,3747673963.5
2004-08-06,3745251166.5
2004-08-07,3735580236.0
2004-08-08,3723510817.5
2004-08-09,3709051014.0
2004-08-10,3694615519.5
2004-08-11,3673021024.5
2004-08-12,3675415461.0
2004-08-13,3680212437.0
2004-08-14,3682610925.0
2004-08-15,3685009413.0
2004-08-16,3689810440.5
2004-08-17,3677813949.0
2004-08-18,3685009413.0
2004-08-19,3677813949.0
2004-08-20,3675415461.0
2004-08-21,3677813949.0
2004-08-22,3673021024.5
2004-08-23,3658658457.0
2004-08-24,3641933865.0
2004-08-25,3661048842.0
2004-08-26,3670622536.5
2004-08-27,3685009413.0
2004-08-28,3689810440.5
2004-08-29,3694615519.5
2004-08-30,3694615519.5
2004-08-31,3706640371.5
2004-09-01,3713868247.5
2004-09-02,3711457605.0
2004-09-03,3709051014.0
2004-09-04,3718685481.0
2004-09-05,3737998981.5
2004-09-06,3754938303.0
2004-09-07,3771914088.0
2004-09-08,3779198685.0
2004-09-09,3791361288.0
2004-09-10,3818182218.0
2004-09-11,3832852699.5
2004-09-12,3840198069.0
2004-09-13,3832852699.5
2004-09-14,3832852699.5
2004-09-15,3852453856.5
2004-09-16,3859819483.5
2004-09-17,3864729901.5
2004-09-18,3874566943.5
2004-09-19,3886879452.0
2004-09-20,3911561190.0
2004-09-21,3926405886.0
2004-09-22,3938799424.5
2004-09-23,3933840388.5
2004-09-24,3951213220.5
2004-09-25,3963643222.5
2004-09-26,3993559498.5
2004-09-27,4001054773.5
2004-09-28,4006058376.0
2004-09-29,4001054773.5
2004-09-30,4003554549.0
2004-10-01,4006058376.0
2004-10-02,4001054773.5
2004-10-03,4001054773.5
2004-10-04,4003554549.0
2004-10-05,4006058376.0
2004-10-06,3996059274.0
2004-10-07,3998554998.0
2004-10-08,3996059274.0
2004-10-09,3993559498.5
2004-10-10,3978589206.0
2004-10-11,3986072326.5
2004-10-12,3986072326.5
2004-10-13,3996059274.0
2004-10-14,3996059274.0
2004-10-15,3983576602.5
2004-10-16,3983576602.5
2004-10-17,3991063774.5
2004-10-18,4013565805.5
2004-10-19,4013565805.5
2004-10-20,4013565805.5
2004-10-21,4021081338.0
2004-10-22,4021081338.0
2004-10-23,4026093043.5
2004-10-24,4033620730.5
2004-10-25,4046180380.5
2004-10-26,4048696362.0
2004-10-27,4061276269.5
2004-10-28,4078924603.5
2004-10-29,4086500908.5
2004-10-30,4089029044.5
2004-10-31,4091557180.5
2004-11-01,4086500908.5
2004-11-02,4086500908.5
2004-11-03,4086500908.5
2004-11-04,4083976824.0
2004-11-05,4081448688.0
2004-11-06,4083976824.0
2004-11-07,4083976824.0
2004-11-08,4089029044.5
2004-11-09,4091557180.5
2004-11-10,4094085316.5
2004-11-11,4086500908.5
2004-11-12,4081448688.0
2004-11-13,4076400519.0
2004-11-14,4099141588.5
2004-11-15,4111802526.0
2004-11-16,4111802526.0
2004-11-17,4109270338.5
2004-11-18,4124483721.0
2004-11-19,4132100541.0
2004-11-20,4160088303.0
2004-11-21,4172842425.0
2004-11-22,4162636696.5
2004-11-23,4157539909.5
2004-11-24,4149898780.5
2004-11-25,4139721412.5
2004-11-26,4137181122.0
2004-11-27,4132100541.0
2004-11-28,4119407191.5
2004-11-29,4109270338.5
2004-11-30,4055561371.5
2004-12-01,4043051374.4
2004-12-02,4035550991.4
2004-12-03,4028062641.1
2004-12-04,4018087532.8
2004-12-05,4008124457.2
2004-12-06,4003146930.3
2004-12-07,3993199898.3
2004-12-08,3983264899.0
2004-12-09,3970867207.1
2004-12-10,3956014844.4
2004-12-11,3946127975.9
2004-12-12,3936253140.1
2004-12-13,3926390337.0
2004-12-14,3916539566.6
2004-12-15,3904242147.2
2004-12-16,3894419453.1
2004-12-17,3879707471.9
2004-12-18,3865023567.0
2004-12-19,3850367738.4
2004-12-20,3843051856.8
2004-12-21,3828436137.2
2004-12-22,3821140310.1
2004-12-23,3816279099.3
2004-12-24,3799288926.9
2004-12-25,3794443759.7
2004-12-26,3787180019.8
2004-12-27,3770254021.8
2004-12-28,3763014347.3
2004-12-29,3760599785.5
2004-12-30,3755778683.7
2004-12-31,3753368132.8
2005-01-01,3746140491.0
2005-01-02,3748551041.9
2005-01-03,3748551041.9
2005-01-04,3750957581.9
2005-01-05,3734115812.8
2005-01-06,3734115812.8
2005-01-07,3719708660.0
2005-01-08,3717310141.8
2005-01-09,3707720079.9
2005-01-10,3707720079.9
2005-01-11,3695755565.2
2005-01-12,3688584076.0
2005-01-13,3676651648.5
2005-01-14,3669496202.9
2005-01-15,3659974326.3
2005-01-16,3662352790.0
2005-01-17,3650460471.5
2005-01-18,3645707555.0
2005-01-19,3631468860.0
2005-01-20,3624361545.2
2005-01-21,3619624672.3
2005-01-22,3617262252.2
2005-01-23,3612529390.2
2005-01-24,3595996460.4
2005-01-25,3579503639.6
2005-01-26,3558350153.0
2005-01-27,3546626292.3
2005-01-28,3534918475.2
2005-01-29,3523234723.5
2005-01-30,3525569067.3
2005-01-31,3506906349.6
2005-02-01,3497593039.8
2005-02-02,3488291762.7
2005-02-03,3472043606.8
2005-02-04,3453517259.7
2005-02-05,3435047065.2
2005-02-06,3421221492.9
2005-02-07,3400537281.6
2005-02-08,3398243046.8
2005-02-09,3379917244.7
2005-02-10,3377631031.7
2005-02-11,3370772392.7
2005-02-12,3357079180.1
2005-02-13,3352518786.8
2005-02-14,3332043142.3
2005-02-15,3313909863.4
2005-02-16,3295792628.1
2005-02-17,3275509506.8
2005-02-18,3259758702.5
2005-02-19,3241789870.5
2005-02-20,3235063591.2
2005-02-21,3228345333.7
2005-02-22,3208282811.9
2005-02-23,3197132509.9
2005-02-24,3177114108.0
2005-02-25,3154998005.4
2005-02-26,3137313947.3
2005-02-27,3126287983.2
2005-02-28,3110886127.2
2005-03-01,3097762462.4
2005-03-02,3091188597.3
2005-03-03,3082428791.7
2005-03-04,3069317159.6
2005-03-05,3056229592.9
2005-03-06,3049695836.8
2005-03-07,3032364737.9
2005-03-08,3012859731.2
2005-03-09,2993475051.5
2005-03-10,2976248236.0
2005-03-11,2956923719.8
2005-03-12,2937695465.2
2005-03-13,2927046525.7
2005-03-14,2916389564.4
2005-03-15,2899383348.4
2005-03-16,2880363660.6
2005-03-17,2863461728.0
2005-03-18,2852921082.8
2005-03-19,2863461728.0
2005-03-20,2869794939.1
2005-03-21,2861351994.6
2005-03-22,2857136538.7
2005-03-23,2840302791.4
2005-03-24,2831952097.6
2005-03-25,2825663006.4
2005-03-26,2813100867.6
2005-03-27,2811023221.4
2005-03-28,2796395469.1
2005-03-29,2779790343.1
2005-03-30,2769406123.0
2005-03-31,2769406123.0
2005-04-01,2752829073.3
2005-04-02,2750759448.9
2005-04-03,2742492984.0
2005-04-04,2728105885.7
2005-04-05,2715760335.5
2005-04-06,2711653173.9
2005-04-07,2699343721.8
2005-04-08,2689107905.0
2005-04-09,2693203033.9
2005-04-10,2678944284.4
2005-04-11,2664673502.2
2005-04-12,2654501859.8
2005-04-13,2642320756.5
2005-04-14,2634218738.5
2005-04-15,2628198377.6
2005-04-16,2614059955.1
2005-04-17,2606002057.0
2005-04-18,2589914337.1
2005-04-19,2571925450.6
2005-04-20,2561934298.7
2005-04-21,2573926889.7
2005-04-22,2587908887.1
2005-04-23,2599961641.6
2005-04-24,2618094920.5
2005-04-25,2646387809.1
2005-04-26,2668744565.7
2005-04-27,2687066356.9
2005-04-28,2699343721.8
2005-04-29,2695248592.9
2005-04-30,2695248592.9
2005-05-01,2682979249.8
2005-05-02,2695248592.9
2005-05-03,2695248592.9
2005-05-04,2693203033.9
2005-05-05,2695248592.9
2005-05-06,2701393291.7
2005-05-07,2717817927.2
2005-05-08,2732176949.2
2005-05-09,2748693835.4
2005-05-10,2763185217.1
2005-05-11,2773557404.5
2005-05-12,2763185217.1
2005-05-13,2750759448.9
2005-05-14,2765254841.5
2005-05-15,2773557404.5
2005-05-16,2783897504.7
2005-05-17,2794309801.1
2005-05-18,2796395469.1
2005-05-19,2827760707.1
2005-05-20,2852921082.8
2005-05-21,2869794939.1
2005-05-22,2890900294.9
2005-05-23,2918519352.3
2005-05-24,2954781899.2
2005-05-25,2971948551.2
2005-05-26,2995580774.0
2005-05-27,2997734627.3
2005-05-28,3010697856.1
2005-05-29,3021519264.3
2005-05-30,3030194841.0
2005-05-31,3056229592.9
2005-06-01,3051873755.5
2005-06-02,3049695836.8
2005-06-03,3067131219.1
2005-06-04,3080242851.2
2005-06-05,3108688154.0
2005-06-06,3161583903.2
2005-06-07,3221631087.1
2005-06-08,3259758702.5
2005-06-09,3286764092.2
2005-06-10,3304845229.4
2005-06-11,3352518786.8
2005-06-12,3382207468.6
2005-06-13,3382207468.6
2005-06-14,3379917244.7
2005-06-15,3402835527.3
2005-06-16,3421221492.9
2005-06-17,3435047065.2
2005-06-18,3453505227.0
2005-06-19,3465088706.2
2005-06-20,3476700261.7
2005-06-21,3485981484.3
2005-06-22,3485965440.7
2005-06-23,3485969451.6
2005-06-24,3472043606.8
2005-06-25,3472043606.8
2005-06-26,3469725306.6
2005-06-27,3458145838.3
2005-06-28,3460460127.6
2005-06-29,3474377950.6
2005-06-30,3465088706.2
2005-07-01,3458149849.2
2005-07-02,3467402995.5
2005-07-03,3497593039.8
2005-07-04,3516231692.1
2005-07-05,3537268862.6
2005-07-06,3548968657.9
2005-07-07,3565373238.9
2005-07-08,3577141219.5
2005-07-09,3581858037.9
2005-07-10,3570094068.2
2005-07-11,3556031852.8
2005-07-12,3548968657.9
2005-07-13,3546642335.9
2005-07-14,3541953593.8
2005-07-15,3546626292.3
2005-07-16,3546626292.3
2005-07-17,3537268862.6
2005-07-18,3541941561.1
2005-07-19,3537260840.8
2005-07-20,3520900379.7
2005-07-21,3504576016.7
2005-07-22,3499891285.5
2005-07-23,3495290783.2
2005-07-24,3488291762.7
2005-07-25,3476688229.0
2005-07-26,3462766395.1
2005-07-27,3451231046.7
2005-07-28,3441941802.3
2005-07-29,3430450573.8
2005-07-30,3412020488.3
2005-07-31,3398231014.1
2005-08-01,3400541292.5
2005-08-02,3386783905.5
2005-08-03,3366216010.3
2005-08-04,3354813021.6
2005-08-05,3332043142.3
2005-08-06,3322974497.4
2005-08-07,3316176021.9
2005-08-08,3295792628.1
2005-08-09,3286752059.5
2005-08-10,3275509506.8
2005-08-11,3255250450.9
2005-08-12,3239559810.1
2005-08-13,3230583415.9
2005-08-14,3219397015.8
2005-08-15,3210500839.6
2005-08-16,3194906460.4
2005-08-17,3188224301.0
2005-08-18,3212746943.6
2005-08-19,3203818680.2
2005-08-20,3183780223.8
2005-08-21,3168254029.9
2005-08-22,3168233975.4
2005-08-23,3157208011.3
2005-08-24,3146149960.0
2005-08-25,3143939954.1
2005-08-26,3124090010.0
2005-08-27,3121892036.8
2005-08-28,3113100144.0
2005-08-29,3104292207.6
2005-08-30,3095552456.5
2005-08-31,3082428791.7
2005-09-01,3078056910.7
2005-09-02,3078052899.8
2005-09-03,3084610721.3
2005-09-04,3084618743.1
2005-09-05,3084610721.3
2005-09-06,3095572511.0
2005-09-07,3108708208.5
2005-09-08,3095552456.5
2005-09-09,3084618743.1
2005-09-10,3067131219.1
2005-09-11,3060589441.2
2005-09-12,3051873755.5
2005-09-13,3041052347.3
2005-09-14,3034522602.1
2005-09-15,3028036976.8
2005-09-16,3010697856.1
2005-09-17,3002094475.6
2005-09-18,2995604839.4
2005-09-19,2982701774.1
2005-09-20,2965507045.8
2005-09-21,2948356437.4
2005-09-22,2944076807.1
2005-09-23,2954781899.2
2005-09-24,2944100872.5
2005-09-25,2941938997.4
2005-09-26,2939853329.4
2005-09-27,2948396546.4
2005-09-28,2971948551.2
2005-09-29,2967664910.0
2005-09-30,2961219393.7
2005-10-01,2954793931.9
2005-10-02,2944076807.1
2005-10-03,2937695465.2
2005-10-04,2939829264.0
2005-10-05,2939853329.4
2005-10-06,2937719530.6
2005-10-07,2927030482.1
2005-10-08,2929164280.9
2005-10-09,2931310112.4
2005-10-10,2933427867.6
2005-10-11,2939853329.4
2005-10-12,2937703487.0
2005-10-13,2924900694.2
2005-10-14,2922794971.7
2005-10-15,2935581720.9
2005-10-16,2946218627.7
2005-10-17,2950498258.0
2005-10-18,2946218627.7
2005-10-19,2946238682.2
2005-10-20,2954793931.9
2005-10-21,2963373247.0
2005-10-22,2959077573.1
2005-10-23,2963373247.0
2005-10-24,2980547920.8
2005-10-25,2997734627.3
2005-10-26,2999896502.4
2005-10-27,2999896502.4
2005-10-28,3023685150.3
2005-10-29,3023685150.3
2005-10-30,3021519264.3
2005-10-31,3019357389.2
2005-11-01,3043222244.2
2005-11-02,3047574070.7
2005-11-03,3054071728.7
2005-11-04,3075883002.9
2005-11-05,3091188597.3
2005-11-06,3115322182.6
2005-11-07,3130695962.3
2005-11-08,3150569971.8
2005-11-09,3183792256.5
2005-11-10,3219417070.3
2005-11-11,3244031963.6
2005-11-12,3266497014.5
2005-11-13,3289010196.2
2005-11-14,3313909863.4
2005-11-15,3343414043.8
2005-11-16,3370772392.7
2005-11-17,3393638533.6
2005-11-18,3421229514.7
2005-11-19,3444276146.1
2005-11-20,3462766395.1
2005-11-21,3481332851.2
2005-11-22,3513897348.3
2005-11-23,3539611228.2
2005-11-24,3556003776.5
2005-11-25,3572444455.6
2005-11-26,3584208425.3
2005-11-27,3596008493.1
2005-11-28,3607800539.1
2005-11-29,3619600606.9
2005-11-30,3574538435.4
2005-12-01,3581546799.8
2005-12-02,3590897870.0
2005-12-03,3600272643.8
2005-12-04,3609639516.4
2005-12-05,3602615349.6
2005-12-06,3600260792.0
2005-12-07,3588559114.8
2005-12-08,3586216409.0
2005-12-09,3572231285.0
2005-12-10,3567541922.8
2005-12-11,3567518219.2
2005-12-12,3569853023.8
2005-12-13,3569872776.8
2005-12-14,3560577015.0
2005-12-15,3560561212.6
2005-12-16,3544257086.4
2005-12-17,3532646273.0
2005-12-18,3528016169.8
2005-12-19,3511791055.6
2005-12-20,3509456251.0
2005-12-21,3507180705.4
2005-12-22,3504853802.0
2005-12-23,3504826147.8
2005-12-24,3509456251.0
2005-12-25,3514106107.2
2005-12-26,3509456251.0
2005-12-27,3493310148.8
2005-12-28,3484081547.2
2005-12-29,3477171947.8
2005-12-30,3465655948.8
2005-12-31,3449592809.2
2006-01-01,3435848671.8
2006-01-02,3429010183.2
2006-01-03,3419844791.2
2006-01-04,3401585118.0
2006-01-05,3392510589.8
2006-01-06,3378877069.2
2006-01-07,3369794639.8
2006-01-08,3365271202.8
2006-01-09,3351665336.4
2006-01-10,3349405593.2
2006-01-11,3347153751.2
2006-01-12,3333587390.8
2006-01-13,3317860052.2
2006-01-14,3302128763.0
2006-01-15,3284165384.8
2006-01-16,3277488870.8
2006-01-17,3261856346.6
2006-01-18,3255160079.6
2006-01-19,3237338923.0
2006-01-20,3219604679.6
2006-01-21,3199685754.4
2006-01-22,3184219155.4
2006-01-23,3179822137.6
2006-01-24,3164446402.4
2006-01-25,3146874133.6
2006-01-26,3129361123.8
2006-01-27,3118421912.4
2006-01-28,3103204201.2
2006-01-29,3105369130.0
2006-01-30,3105361228.8
2006-01-31,3096673859.4
2006-02-01,3094485227.0
2006-02-02,3081460098.8
2006-02-03,3090147468.2
2006-02-04,3101027420.6
2006-02-05,3101027420.6
2006-02-06,3096673859.4
2006-02-07,3079291219.4
2006-02-08,3083644780.6
2006-02-09,3087974638.2
2006-02-10,3092312397.0
2006-02-11,3085813660.0
2006-02-12,3072780630.6
2006-02-13,3066297696.0
2006-02-14,3046860744.0
2006-02-15,3038244485.4
2006-02-16,3016737419.0
2006-02-17,2999599716.2
2006-02-18,2982501519.4
2006-02-19,2965446779.2
2006-02-20,2946333776.4
2006-02-21,2939965409.2
2006-02-22,2933620745.6
2006-02-23,2920935369.0
2006-02-24,2908265794.8
2006-02-25,2901925081.8
2006-02-26,2885127130.6
2006-02-27,2870450651.6
2006-02-28,2859977611.0
2006-03-01,2839122393.6
2006-03-02,2824568383.2
2006-03-03,2816256320.8
2006-03-04,2805897847.6
2006-03-05,2793461358.8
2006-03-06,2797601587.6
2006-03-07,2795551226.2
2006-03-08,2785248061.4
2006-03-09,2795531473.2
2006-03-10,2797621340.6
2006-03-11,2785248061.4
2006-03-12,2772870831.6
2006-03-13,2764633830.6
2006-03-14,2752339563.4
2006-03-15,2733906063.8
2006-03-16,2742068003.4
2006-03-17,2762575568.0
2006-03-18,2768750355.8
2006-03-19,2774921193.0
2006-03-20,2766703945.0
2006-03-21,2756408681.4
2006-03-22,2756420533.2
2006-03-23,2781107832.6
2006-03-24,2795531473.2
2006-03-25,2805885995.8
2006-03-26,2816272123.2
2006-03-27,2828728365.0
2006-03-28,2816256320.8
2006-03-29,2810038076.4
2006-03-30,2822502219.4
2006-03-31,2830826133.6
2006-04-01,2818346188.2
2006-04-02,2799671702.0
2006-04-03,2789364586.6
2006-04-04,2781103882.0
2006-04-05,2766703945.0
2006-04-06,2760521256.0
2006-04-07,2754366221.2
2006-04-08,2781107832.6
2006-04-09,2797601587.6
2006-04-10,2810038076.4
2006-04-11,2830826133.6
2006-04-12,2843302128.4
2006-04-13,2864169197.6
2006-04-14,2868368685.4
2006-04-15,2866270916.8
2006-04-16,2866270916.8
2006-04-17,2862083280.8
2006-04-18,2872560272.0
2006-04-19,2893530056.8
2006-04-20,2914594656.0
2006-04-21,2906140372.0
2006-04-22,2893530056.8
2006-04-23,2889330569.0
2006-04-24,2878837775.4
2006-04-25,2885127130.6
2006-04-26,2923037088.2
2006-04-27,2923037088.2
2006-04-28,2946333776.4
2006-04-29,2971834899.4
2006-04-30,3003886117.2
2006-05-01,3040413364.8
2006-05-02,3074957411.2
2006-05-03,3101027420.6
2006-05-04,3124987809.6
2006-05-05,3193052697.0
2006-05-06,3197485270.2
2006-05-07,3239563110.8
2006-05-08,3270768900.2
2006-05-09,3313372170.6
2006-05-10,3344882156.2
2006-05-11,3369786738.6
2006-05-12,3399345127.8
2006-05-13,3422144040.4
2006-05-14,3440435318.4
2006-05-15,3454203159.4
2006-05-16,3467971000.4
2006-05-17,3486408450.6
2006-05-18,3493310148.8
2006-05-19,3511771302.6
2006-05-20,3518736210.4
2006-05-21,3537288228.0
2006-05-22,3551237796.6
2006-05-23,3567561675.8
2006-05-24,3581550750.4
2006-05-25,3593252427.6
2006-05-26,3602631152.0
2006-05-27,3611990123.4
2006-05-28,3630759424.0
2006-05-29,3642555915.6
2006-05-30,3651978096.6
2006-05-31,3640185555.6
2006-06-01,3642555915.6
2006-06-02,3647272932.0
2006-06-03,3668511357.6
2006-06-04,3685056470.4
2006-06-05,3706441068.2
2006-06-06,3727857270.8
2006-06-07,3737425624.0
2006-06-08,3751730746.6
2006-06-09,3761303050.4
2006-06-10,3770879304.8
2006-06-11,3775675333.2
2006-06-12,3790083171.4
2006-06-13,3802077193.0
2006-06-14,3811736410.0
2006-06-15,3823801542.4
2006-06-16,3838296293.8
2006-06-17,3840706159.8
2006-06-18,3835890378.4
2006-06-19,3847987115.6
2006-06-20,3855232516.0
2006-06-21,3852818699.4
2006-06-22,3857685838.6
2006-06-23,3862525323.6
2006-06-24,3864907535.4
2006-06-25,3869810230.0
2006-06-26,3874645764.4
2006-06-27,3879508953.0
2006-06-28,3869810230.0
2006-06-29,3862505570.6
2006-06-30,3847971313.2
2006-07-01,3833472611.2
2006-07-02,3818969958.6
2006-07-03,3806940381.6
2006-07-04,3794895002.2
2006-07-05,3775683234.4
2006-07-06,3766099078.8
2006-07-07,3763701064.6
2006-07-08,3756499120.8
2006-07-09,3758908986.8
2006-07-10,3749360386.6
2006-07-11,3739784132.2
2006-07-12,3732633546.2
2006-07-13,3730247383.8
2006-07-14,3735035511.0
2006-07-15,3732649348.6
2006-07-16,3732633546.2
2006-07-17,3718352127.2
2006-07-18,3706437117.6
2006-07-19,3692195204.6
2006-07-20,3675618487.0
2006-07-21,3666164701.2
2006-07-22,3654340555.4
2006-07-23,3644914423.8
2006-07-24,3647261080.2
2006-07-25,3640193456.8
2006-07-26,3628448323.0
2006-07-27,3637827047.4
2006-07-28,3642548014.4
2006-07-29,3642555915.6
2006-07-30,3649619588.4
2006-07-31,3649619588.4
2006-08-01,3651982047.2
2006-08-02,3644914423.8
2006-08-03,3644906522.6
2006-08-04,3640197407.4
2006-08-05,3623743158.4
2006-08-06,3607292860.0
2006-08-07,3590897870.0
2006-08-08,3576873240.0
2006-08-09,3567561675.8
2006-08-10,3560549360.8
2006-08-11,3546611644.0
2006-08-12,3539630933.8
2006-08-13,3541934133.6
2006-08-14,3544284740.6
2006-08-15,3537288228.0
2006-08-16,3530339122.6
2006-08-17,3525693217.0
2006-08-18,3541957837.2
2006-08-19,3555891603.4
2006-08-20,3567561675.8
2006-08-21,3574538435.4
2006-08-22,3572207581.4
2006-08-23,3560561212.6
2006-08-24,3551233846.0
2006-08-25,3546583989.8
2006-08-26,3551233846.0
2006-08-27,3558218506.8
2006-08-28,3544257086.4
2006-08-29,3541957837.2
2006-08-30,3539630933.8
2006-08-31,3534969225.8
2006-09-01,3525689266.4
2006-09-02,3528016169.8
2006-09-03,3537307981.0
2006-09-04,3537288228.0
2006-09-05,3532646273.0
2006-09-06,3525693217.0
2006-09-07,3530327270.8
2006-09-08,3546611644.0
2006-09-09,3551237796.6
2006-09-10,3551237796.6
2006-09-11,3569872776.8
2006-09-12,3576873240.0
2006-09-13,3574538435.4
2006-09-14,3593252427.6
2006-09-15,3609639516.4
2006-09-16,3621388600.8
2006-09-17,3633129784.0
2006-09-18,3633157438.2
2006-09-19,3644914423.8
2006-09-20,3644906522.6
2006-09-21,3654356357.8
2006-09-22,3663810143.6
2006-09-23,3666148898.8
2006-09-24,3661447684.8
2006-09-25,3659081275.4
2006-09-26,3661423981.2
2006-09-27,3659081275.4
2006-09-28,3644914423.8
2006-09-29,3640193456.8
2006-09-30,3640197407.4
2006-10-01,3637838899.2
2006-10-02,3649619588.4
2006-10-03,3649635390.8
2006-10-04,3647272932.0
2006-10-05,3649619588.4
2006-10-06,3630779177.0
2006-10-07,3628448323.0
2006-10-08,3623743158.4
2006-10-09,3616687386.8
2006-10-10,3626093765.4
2006-10-11,3626074012.4
2006-10-12,3626074012.4
2006-10-13,3630779177.0
2006-10-14,3635484341.6
2006-10-15,3647261080.2
2006-10-16,3651993899.0
2006-10-17,3656699063.6
2006-10-18,3661423981.2
2006-10-19,3675618487.0
2006-10-20,3675618487.0
2006-10-21,3685080174.0
2006-10-22,3696939875.2
2006-10-23,3685099927.0
2006-10-24,3689820894.0
2006-10-25,3706441068.2
2006-10-26,3704062807.0
2006-10-27,3706448969.4
2006-10-28,3735035511.0
2006-10-29,3758908986.8
2006-10-30,3766087227.0
2006-10-31,3770879304.8
2006-11-01,3775695086.2
2006-11-02,3782873326.4
2006-11-03,3794895002.2
2006-11-04,3804530515.6
2006-11-05,3814146276.0
2006-11-06,3816560092.6
2006-11-07,3816560092.6
2006-11-08,3826207457.8
2006-11-09,3828637076.8
2006-11-10,3818973909.2
2006-11-11,3831039041.6
2006-11-12,3869786526.4
2006-11-13,3903880204.4
2006-11-14,3933193656.4
2006-11-15,3967504617.4
2006-11-16,3987214160.8
2006-11-17,3992124756.6
2006-11-18,4004458529.8
2006-11-19,3999524230.4
2006-11-20,3992124756.6
2006-11-21,3997043253.6
2006-11-22,3997043253.6
2006-11-23,3989659582.2
2006-11-24,3987214160.8
2006-11-25,3984701579.2
2006-11-26,3992124756.6
2006-11-27,3989659582.2
2006-11-28,3982279861.4
2006-11-29,3979802835.2
2006-11-30,3972423114.4
2006-12-01,3894316686.4
2006-12-02,3884647477.2
2006-12-03,3875005428.7
2006-12-04,3860598617.4
2006-12-05,3848597468.1
2006-12-06,3838974820.1
2006-12-07,3834213937.4
2006-12-08,3836580798.4
2006-12-09,3834182896.6
2006-12-10,3829418133.8
2006-12-11,3824630090.4
2006-12-12,3824610689.9
2006-12-13,3824630090.4
2006-12-14,3827024112.1
2006-12-15,3829394853.2
2006-12-16,3831788874.9
2006-12-17,3834213937.4
2006-12-18,3831788874.9
2006-12-19,3827024112.1
2006-12-20,3831816035.6
2006-12-21,3827004711.6
2006-12-22,3827024112.1
2006-12-23,3822236068.7
2006-12-24,3815050123.5
2006-12-25,3812667742.1
2006-12-26,3817448025.3
2006-12-27,3834182896.6
2006-12-28,3843778383.9
2006-12-29,3848578067.6
2006-12-30,3843770623.7
2006-12-31,3841372721.9
2007-01-01,3827004711.6
2007-01-02,3817440265.1
2007-01-03,3810277600.5
2007-01-04,3805485677.0
2007-01-05,3793577650.1
2007-01-06,3781681263.5
2007-01-07,3767437416.4
2007-01-08,3760298032.4
2007-01-09,3748452087.1
2007-01-10,3734270321.6
2007-01-11,3717725575.2
2007-01-12,3710675433.5
2007-01-13,3701231270.1
2007-01-14,3703586490.8
2007-01-15,3687127106.6
2007-01-16,3677737264.6
2007-01-17,3680084725.1
2007-01-18,3670714283.6
2007-01-19,3658992501.5
2007-01-20,3642630119.8
2007-01-21,3635634299.5
2007-01-22,3619337879.5
2007-01-23,3621646539.0
2007-01-24,3614681759.5
2007-01-25,3607693699.4
2007-01-26,3600725039.8
2007-01-27,3600725039.8
2007-01-28,3586807121.1
2007-01-29,3579869502.3
2007-01-30,3561384705.9
2007-01-31,3552146187.8
2007-02-01,3533711832.7
2007-02-02,3519933597.6
2007-02-03,3513042540.0
2007-02-04,3492443089.1
2007-02-05,3474183338.5
2007-02-06,3455942988.4
2007-02-07,3446867434.5
2007-02-08,3433236643.2
2007-02-09,3419660173.3
2007-02-10,3401563386.9
2007-02-11,3390307216.8
2007-02-12,3379031646.2
2007-02-13,3363321121.3
2007-02-14,3343132961.0
2007-02-15,3325265100.5
2007-02-16,3305216623.8
2007-02-17,3284419287.8
2007-02-18,3265270994.3
2007-02-19,3254243750.1
2007-02-20,3247601018.9
2007-02-21,3225600851.9
2007-02-22,3205823982.2
2007-02-23,3190501467.3
2007-02-24,3168691425.2
2007-02-25,3164330192.8
2007-02-26,3149093040.1
2007-02-27,3129576137.1
2007-02-28,3110109675.4
2007-03-01,3088555719.9
2007-03-02,3077815603.1
2007-03-03,3062787975.8
2007-03-04,3071370757.0
2007-03-05,3071370757.0
2007-03-06,3064933671.1
2007-03-07,3047814669.9
2007-03-08,3043534919.6
2007-03-09,3041400864.6
2007-03-10,3030746110.0
2007-03-11,3013727991.4
2007-03-12,3005222812.2
2007-03-13,2992488324.0
2007-03-14,2977689622.6
2007-03-15,2973460313.6
2007-03-16,2956601279.1
2007-03-17,2950268955.9
2007-03-18,2941864659.3
2007-03-19,2929289255.2
2007-03-20,2916706090.9
2007-03-21,2902085874.1
2007-03-22,2897930287.0
2007-03-23,2881257497.3
2007-03-24,2864658429.5
2007-03-25,2860510602.6
2007-03-26,2848090402.5
2007-03-27,2833640910.1
2007-03-28,2837769336.5
2007-03-29,2846026189.3
2007-03-30,2854317963.0
2007-03-31,2862582576.0
2007-04-01,2858434749.1
2007-04-02,2858434749.1
2007-04-03,2868810136.5
2007-04-04,2887504458.3
2007-04-05,2891671685.7
2007-04-06,2900013900.7
2007-04-07,2900013900.7
2007-04-08,2920892718.8
2007-04-09,2933487523.4
2007-04-10,2931388389.3
2007-04-11,2918809105.1
2007-04-12,2908371636.1
2007-04-13,2904192768.4
2007-04-14,2899998380.3
2007-04-15,2891671685.7
2007-04-16,2881280777.9
2007-04-17,2864650669.3
2007-04-18,2856389936.4
2007-04-19,2843969736.3
2007-04-20,2837765456.4
2007-04-21,2846037829.6
2007-04-22,2833640910.1
2007-04-23,2839829669.6
2007-04-24,2835705123.3
2007-04-25,2837769336.5
2007-04-26,2843958096.0
2007-04-27,2848090402.5
2007-04-28,2854317963.0
2007-04-29,2846026189.3
2007-04-30,2843969736.3
2007-05-01,2835701243.2
2007-05-02,2839829669.6
2007-05-03,2831603857.6
2007-05-04,2839837429.8
2007-05-05,2843969736.3
2007-05-06,2846026189.3
2007-05-07,2858434749.1
2007-05-08,2887504458.3
2007-05-09,2902105274.6
2007-05-10,2918809105.1
2007-05-11,2922999613.1
2007-05-12,2912531103.3
2007-05-13,2904192768.4
2007-05-14,2908371636.1
2007-05-15,2897914766.6
2007-05-16,2902105274.6
2007-05-17,2897930287.0
2007-05-18,2925079346.7
2007-05-19,2937662511.0
2007-05-20,2946070687.7
2007-05-21,2958688772.9
2007-05-22,2971349539.2
2007-05-23,2986156000.8
2007-05-24,2996721513.1
2007-05-25,3005222812.2
2007-05-26,3028615935.1
2007-05-27,3064956951.7
2007-05-28,3084268209.4
2007-05-29,3107963980.1
2007-05-30,3120911873.8
2007-05-31,3136083064.8
2007-06-01,3162137936.3
2007-06-02,3197082116.9
2007-06-03,3225558170.8
2007-06-04,3238789311.8
2007-06-05,3274137022.8
2007-06-06,3294092377.1
2007-06-07,3298538971.7
2007-06-08,3300766149.1
2007-06-09,3318564167.8
2007-06-10,3331969913.3
2007-06-11,3327500038.1
2007-06-12,3331954392.9
2007-06-13,3329734975.7
2007-06-14,3318568047.9
2007-06-15,3307424400.7
2007-06-16,3300766149.1
2007-06-17,3294092377.1
2007-06-18,3302973926.0
2007-06-19,3291869079.8
2007-06-20,3285230228.7
2007-06-21,3287422485.2
2007-06-22,3280768113.7
2007-06-23,3278571977.1
2007-06-24,3276352559.9
2007-06-25,3260847680.3
2007-06-26,3252032093.1
2007-06-27,3243200985.5
2007-06-28,3225577571.3
2007-06-29,3210216255.4
2007-06-30,3192701484.0
2007-07-01,3175237153.9
2007-07-02,3157796104.4
2007-07-03,3140409376.3
2007-07-04,3123076969.6
2007-07-05,3110121315.7
2007-07-06,3092858750.8
2007-07-07,3073516452.3
2007-07-08,3069221181.6
2007-07-09,3058504345.4
2007-07-10,3064956951.7
2007-07-11,3054236235.4
2007-07-12,3049944844.8
2007-07-13,3049952605.0
2007-07-14,3037152155.1
2007-07-15,3022209890.0
2007-07-16,3028615935.1
2007-07-17,3024351705.2
2007-07-18,3032864644.6
2007-07-19,3032864644.6
2007-07-20,3022209890.0
2007-07-21,3020083595.2
2007-07-22,3030746110.0
2007-07-23,3041400864.6
2007-07-24,3058504345.4
2007-07-25,3058523745.9
2007-07-26,3047814669.9
2007-07-27,3043534919.6
2007-07-28,3049952605.0
2007-07-29,3037152155.1
2007-07-30,3043534919.6
2007-07-31,3043534919.6
2007-08-01,3032880165.0
2007-08-02,3028600414.7
2007-08-03,3024351705.2
2007-08-04,3015831005.6
2007-08-05,3017957300.4
2007-08-06,3020087475.3
2007-08-07,3007349107.0
2007-08-08,3007349107.0
2007-08-09,2996729273.3
2007-08-10,2994602978.5
2007-08-11,2992488324.0
2007-08-12,2998851688.0
2007-08-13,2990365909.3
2007-08-14,2996729273.3
2007-08-15,3007329706.5
2007-08-16,3024351705.2
2007-08-17,3054236235.4
2007-08-18,3077807842.9
2007-08-19,3103641548.7
2007-08-20,3131745113.0
2007-08-21,3142578352.2
2007-08-22,3131745113.0
2007-08-23,3125242065.4
2007-08-24,3129568376.9
2007-08-25,3138255920.8
2007-08-26,3149116320.7
2007-08-27,3149093040.1
2007-08-28,3151265896.1
2007-08-29,3190501467.3
2007-08-30,3197062716.4
2007-08-31,3214608528.6
2007-09-01,3223381434.7
2007-09-02,3221185298.1
2007-09-03,3227800868.6
2007-09-04,3221185298.1
2007-09-05,3221200818.5
2007-09-06,3221200818.5
2007-09-07,3238789311.8
2007-09-08,3245408762.4
2007-09-09,3252032093.1
2007-09-10,3256428246.4
2007-09-11,3256451527.0
2007-09-12,3258636023.3
2007-09-13,3256451527.0
2007-09-14,3260847680.3
2007-09-15,3278552576.6
2007-09-16,3287422485.2
2007-09-17,3280791394.3
2007-09-18,3282987530.9
2007-09-19,3291869079.8
2007-09-20,3298538971.7
2007-09-21,3320795225.3
2007-09-22,3349857174.3
2007-09-23,3372288032.4
2007-09-24,3376781188.2
2007-09-25,3385783020.2
2007-09-26,3392561554.9
2007-09-27,3403821605.1
2007-09-28,3412869998.3
2007-09-29,3417398075.0
2007-09-30,3421926151.7
2007-10-01,3430970664.8
2007-10-02,3430970664.8
2007-10-03,3458220607.1
2007-10-04,3476464837.3
2007-10-05,3497021607.1
2007-10-06,3506186403.3
2007-10-07,3515339559.2
2007-10-08,3529129434.6
2007-10-09,3570607703.6
2007-10-10,3610025639.5
2007-10-11,3635634299.5
2007-10-12,3661336081.9
2007-10-13,3680104125.6
2007-10-14,3696536349.1
2007-10-15,3717725575.2
2007-10-16,3724810637.8
2007-10-17,3734270321.6
2007-10-18,3757938931.6
2007-10-19,3779302762.2
2007-10-20,3793597050.6
2007-10-21,3805501197.4
2007-10-22,3815057883.7
2007-10-23,3831816035.6
2007-10-24,3841372721.9
2007-10-25,3850979849.5
2007-10-26,3870194104.7
2007-10-27,3891876103.5
2007-10-28,3908793339.5
2007-10-29,3928151158.4
2007-10-30,3945134356.1
2007-10-31,3952452224.7
2007-11-01,3959723532.1
2007-11-02,3964589177.5
2007-11-03,3962160234.9
2007-11-04,3957290709.4
2007-11-05,3957290709.4
2007-11-06,3957290709.4
2007-11-07,3952452224.7
2007-11-08,3942705413.5
2007-11-09,3935434106.1
2007-11-10,3935434106.1
2007-11-11,3935434106.1
2007-11-12,3933005163.5
2007-11-13,3945153756.6
2007-11-14,3940280351.0
2007-11-15,3930576220.9
2007-11-16,3928151158.4
2007-11-17,3920883731.1
2007-11-18,3908781699.2
2007-11-19,3901533672.4
2007-11-20,3889485961.9
2007-11-21,3877422731.0
2007-11-22,3870190224.6
2007-11-23,3865378900.6
2007-11-24,3858192955.4
2007-11-25,3858169674.8
2007-11-26,3853385511.5
2007-11-27,3843770623.7
2007-11-28,3836580798.4
2007-11-29,3831816035.6
2007-11-30,4074106271.4
2007-12-01,4061372143.2
2007-12-02,4051222890.0
2007-12-03,4056285109.2
2007-12-04,4053741592.2
2007-12-05,4051222890.0
2007-12-06,4035974195.4
2007-12-07,4023289696.8
2007-12-08,4010650692.0
2007-12-09,4000530389.4
2007-12-10,3987903792.0
2007-12-11,3987928606.8
2007-12-12,3975318552.6
2007-12-13,3962725041.6
2007-12-14,3960239425.8
2007-12-15,3947654186.4
2007-12-16,3942649868.4
2007-12-17,3935122712.4
2007-12-18,3935122712.4
2007-12-19,3940139437.8
2007-12-20,3945160299.0
2007-12-21,3945160299.0
2007-12-22,3947670729.6
2007-12-23,3965239608.0
2007-12-24,3982882930.8
2007-12-25,3985405768.8
2007-12-26,3985405768.8
2007-12-27,3982882930.8
2007-12-28,3990455580.6
2007-12-29,4000530389.4
2007-12-30,3992949468.0
2007-12-31,3995472306.0
2008-01-01,3992949468.0
2008-01-02,3982882930.8
2008-01-03,3970268740.8
2008-01-04,3957724859.4
2008-01-05,3945160299.0
2008-01-06,3950164617.0
2008-01-07,3942649868.4
2008-01-08,3930110122.8
2008-01-09,3927607963.8
2008-01-10,3930110122.8
2008-01-11,3937629007.2
2008-01-12,3935118576.6
2008-01-13,3935118576.6
2008-01-14,3932616417.6
2008-01-15,3935118576.6
2008-01-16,3935122712.4
2008-01-17,3927632778.6
2008-01-18,3925101669.0
2008-01-19,3910113529.8
2008-01-20,3897656500.2
2008-01-21,3892643910.6
2008-01-22,3887680950.6
2008-01-23,3880203424.2
2008-01-24,3865281457.8
2008-01-25,3857853561.0
2008-01-26,3842964681.0
2008-01-27,3825668765.4
2008-01-28,3808376985.6
2008-01-29,3793620451.2
2008-01-30,3776398980.0
2008-01-31,3759247817.4
2008-02-01,3742138012.8
2008-02-02,3722588086.2
2008-02-03,3715280127.6
2008-02-04,3695837731.8
2008-02-05,3678868544.4
2008-02-06,3661899357.0
2008-02-07,3649847635.8
2008-02-08,3645017021.4
2008-02-09,3637766964.0
2008-02-10,3625727650.2
2008-02-11,3613729694.4
2008-02-12,3604109823.6
2008-02-13,3616132594.2
2008-02-14,3616111915.2
2008-02-15,3613709015.4
2008-02-16,3601719331.2
2008-02-17,3594523039.2
2008-02-18,3594518903.4
2008-02-19,3596917667.4
2008-02-20,3594523039.2
2008-02-21,3599312295.6
2008-02-22,3604118095.2
2008-02-23,3616132594.2
2008-02-24,3623320614.6
2008-02-25,3623320614.6
2008-02-26,3613729694.4
2008-02-27,3606520995.0
2008-02-28,3604118095.2
2008-02-29,3606520995.0
2008-03-01,3599320567.2
2008-03-02,3589729647.0
2008-03-03,3580180084.8
2008-03-04,3592153225.8
2008-03-05,3589729647.0
2008-03-06,3592153225.8
2008-03-07,3589758597.6
2008-03-08,3589729647.0
2008-03-09,3584965205.4
2008-03-10,3584965205.4
2008-03-11,3587339154.6
2008-03-12,3592153225.8
2008-03-13,3606520995.0
2008-03-14,3618514815.0
2008-03-15,3637779371.4
2008-03-16,3630545857.2
2008-03-17,3620917714.8
2008-03-18,3616132594.2
2008-03-19,3620946665.4
2008-03-20,3618514815.0
2008-03-21,3616111915.2
2008-03-22,3606520995.0
2008-03-23,3608907351.6
2008-03-24,3611326794.6
2008-03-25,3616132594.2
2008-03-26,3608923894.8
2008-03-27,3599320567.2
2008-03-28,3589758597.6
2008-03-29,3582570577.2
2008-03-30,3582570577.2
2008-03-31,3582570577.2
2008-04-01,3580180084.8
2008-04-02,3584965205.4
2008-04-03,3594518903.4
2008-04-04,3606520995.0
2008-04-05,3601719331.2
2008-04-06,3606520995.0
2008-04-07,3601719331.2
2008-04-08,3613709015.4
2008-04-09,3613729694.4
2008-04-10,3604118095.2
2008-04-11,3601719331.2
2008-04-12,3587359833.6
2008-04-13,3584965205.4
2008-04-14,3589729647.0
2008-04-15,3599320567.2
2008-04-16,3560018816.4
2008-04-17,3545813541.6
2008-04-18,3533971716.5
2008-04-19,3519819691.0
2008-04-20,3515080503.3
2008-04-21,3503308311.9
2008-04-22,3493920050.7
2008-04-23,3500953054.4
2008-04-24,3498626469.6
2008-04-25,3503308311.9
2008-04-26,3512753918.5
2008-04-27,3510378180.5
2008-04-28,3500953054.4
2008-04-29,3489213631.8
2008-04-30,3493895474.1
2008-05-01,3491564793.2
2008-05-02,3498626469.6
2008-05-03,3519819691.0
2008-05-04,3541074353.9
2008-05-05,3562390458.3
2008-05-06,3571901602.5
2008-05-07,3581420938.9
2008-05-08,3571901602.5
2008-05-09,3567146030.4
2008-05-10,3555271436.5
2008-05-11,3548181087.4
2008-05-12,3545813541.6
2008-05-13,3531608266.8
2008-05-14,3531608266.8
2008-05-15,3548164703.0
2008-05-16,3543441899.7
2008-05-17,3533971716.5
2008-05-18,3524542494.3
2008-05-19,3526905944.0
2008-05-20,3548181087.4
2008-05-21,3569521768.4
2008-05-22,3581400458.4
2008-05-23,3586143742.2
2008-05-24,3598083873.7
2008-05-25,3610028101.3
2008-05-26,3638749954.5
2008-05-27,3669995005.3
2008-05-28,3718308504.8
2008-05-29,3774265326.9
2008-05-30,3810990959.5
2008-05-31,3830635855.1
2008-06-01,3847892724.4
2008-06-02,3880014340.6
2008-06-03,3902309412.9
2008-06-04,3909760218.8
2008-06-05,3919734222.3
2008-06-06,3927176836.0
2008-06-07,3952150757.7
2008-06-08,3982187459.0
2008-06-09,4012310178.4
2008-06-10,4042596741.8
2008-06-11,4052689532.2
2008-06-12,4062823283.6
2008-06-13,4070433837.4
2008-06-14,4072948842.8
2008-06-15,4075488424.8
2008-06-16,4078052583.4
2008-06-17,4075513001.4
2008-06-18,4078052583.4
2008-06-19,4085638560.6
2008-06-20,4083103074.7
2008-06-21,4090730012.9
2008-06-22,4103460691.7
2008-06-23,4113627211.9
2008-06-24,4139154107.1
2008-06-25,4134042174.3
2008-06-26,4128946625.9
2008-06-27,4118730952.5
2008-06-28,4106008465.9
2008-06-29,4095821465.2
2008-06-30,4083098978.6
2008-07-01,4083103074.7
2008-07-02,4085642656.7
2008-07-03,4108556240.1
2008-07-04,4126390659.5
2008-07-05,4136598140.7
2008-07-06,4136598140.7
2008-07-07,4131502592.3
2008-07-08,4134062654.8
2008-07-09,4144266039.9
2008-07-10,4144266039.9
2008-07-11,4131486207.9
2008-07-12,4123838789.2
2008-07-13,4121282822.8
2008-07-14,4128946625.9
2008-07-15,4141710073.5
2008-07-16,4159630511.0
2008-07-17,4162206957.9
2008-07-18,4164775212.6
2008-07-19,4164775212.6
2008-07-20,4162206957.9
2008-07-21,4149382068.8
2008-07-22,4134062654.8
2008-07-23,4121282822.8
2008-07-24,4108556240.1
2008-07-25,4098365143.3
2008-07-26,4098348758.9
2008-07-27,4095805080.8
2008-07-28,4103460691.7
2008-07-29,4103460691.7
2008-07-30,4100912917.5
2008-07-31,4118726856.4
2008-08-01,4113627211.9
2008-08-02,4108531663.5
2008-08-03,4103440211.2
2008-08-04,4093273691.0
2008-08-05,4098348758.9
2008-08-06,4105983889.3
2008-08-07,4098348758.9
2008-08-08,4080559396.6
2008-08-09,4075513001.4
2008-08-10,4062823283.6
2008-08-11,4072948842.8
2008-08-12,4065358769.5
2008-08-13,4055220922.0
2008-08-14,4060291893.8
2008-08-15,4078052583.4
2008-08-16,4080559396.6
2008-08-17,4088182238.7
2008-08-18,4103460691.7
2008-08-19,4118730952.5
2008-08-20,4128946625.9
2008-08-21,4123838789.2
2008-08-22,4141710073.5
2008-08-23,4151950323.5
2008-08-24,4164775212.6
2008-08-25,4175019558.7
2008-08-26,4175048231.4
2008-08-27,4169907625.9
2008-08-28,4172479976.7
2008-08-29,4182728418.9
2008-08-30,4208460119.1
2008-08-31,4231689102.2
2008-09-01,4236887053.1
2008-09-02,4231713678.8
2008-09-03,4234298317.9
2008-09-04,4229124943.6
2008-09-05,4226523920.1
2008-09-06,4216201748.1
2008-09-07,4208460119.1
2008-09-08,4195602461.2
2008-09-09,4185292577.5
2008-09-10,4175019558.7
2008-09-11,4164775212.6
2008-09-12,4157078640.7
2008-09-13,4146826102.4
2008-09-14,4146826102.4
2008-09-15,4151942131.3
2008-09-16,4141734650.1
2008-09-17,4126390659.5
2008-09-18,4121282822.8
2008-09-19,4111108110.4
2008-09-20,4100892437.0
2008-09-21,4098348758.9
2008-09-22,4090730012.9
2008-09-23,4106008465.9
2008-09-24,4111108110.4
2008-09-25,4108531663.5
2008-09-26,4103440211.2
2008-09-27,4106008465.9
2008-09-28,4131502592.3
2008-09-29,4126390659.5
2008-09-30,4136598140.7
2008-10-01,4164754732.1
2008-10-02,4164775212.6
2008-10-03,4164775212.6
2008-10-04,4162206957.9
2008-10-05,4164775212.6
2008-10-06,4157066352.4
2008-10-07,4151950323.5
2008-10-08,4141734650.1
2008-10-09,4139178683.7
2008-10-10,4139178683.7
2008-10-11,4139154107.1
2008-10-12,4151942131.3
2008-10-13,4167343467.3
2008-10-14,4185300769.7
2008-10-15,4187877216.6
2008-10-16,4187864928.3
2008-10-17,4190437279.1
2008-10-18,4193026014.3
2008-10-19,4200755355.0
2008-10-20,4200755355.0
2008-10-21,4190437279.1
2008-10-22,4187864928.3
2008-10-23,4185300769.7
2008-10-24,4187877216.6
2008-10-25,4177587813.4
2008-10-26,4164775212.6
2008-10-27,4162206957.9
2008-10-28,4162206957.9
2008-10-29,4162206957.9
2008-10-30,4162206957.9
2008-10-31,4151950323.5
2008-11-01,4157066352.4
2008-11-02,4175048231.4
2008-11-03,4177587813.4
2008-11-04,4180156068.1
2008-11-05,4177587813.4
2008-11-06,4198158427.6
2008-11-07,4193026014.3
2008-11-08,4182728418.9
2008-11-09,4172479976.7
2008-11-10,4159630511.0
2008-11-11,4149386164.9
2008-11-12,4139178683.7
2008-11-13,4134062654.8
2008-11-14,4128946625.9
2008-11-15,4139178683.7
2008-11-16,4141710073.5
2008-11-17,4139178683.7
2008-11-18,4146826102.4
2008-11-19,4159630511.0
2008-11-20,4177587813.4
2008-11-21,4190449567.4
2008-11-22,4187877216.6
2008-11-23,4195602461.2
2008-11-24,4211040662.1
2008-11-25,4213617109.0
2008-11-26,4216197652.0
2008-11-27,4211040662.1
2008-11-28,4218786387.2
2008-11-29,4226540304.5
2008-11-30,4234298317.9
2008-12-01,4223939281.0
2008-12-02,4211040662.1
2008-12-03,4195602461.2
2008-12-04,4180156068.1
2008-12-05,4164775212.6
2008-12-06,4154506289.9
2008-12-07,4149382068.8
2008-12-08,4144266039.9
2008-12-09,4139178683.7
2008-12-10,4134062654.8
2008-12-11,4126378371.2
2008-12-12,4123826500.9
2008-12-13,4118730952.5
2008-12-14,4113627211.9
2008-12-15,4103460691.7
2008-12-16,4090721820.7
2008-12-17,4075488424.8
2008-12-18,4062823283.6
2008-12-19,4050158142.4
2008-12-20,4045128131.6
2008-12-21,4042596741.8
2008-12-22,4042572165.2
2008-12-23,4042596741.8
2008-12-24,4040069448.1
2008-12-25,4042572165.2
2008-12-26,4040048967.6
2008-12-27,4040048967.6
2008-12-28,4029952081.1
2008-12-29,4017344285.3
2008-12-30,4017344285.3
2008-12-31,4017344285.3
2009-01-01,4017348381.4
2009-01-02,4004761066.1
2009-01-03,4029960273.3
2009-01-04,4040069448.1
2009-01-05,4037542154.4
2009-01-06,4032475278.7
2009-01-07,4022386584.4
2009-01-08,4012310178.4
2009-01-09,3999747439.7
2009-01-10,3997232434.3
2009-01-11,4004781546.6
2009-01-12,4002246060.7
2009-01-13,4009815653.5
2009-01-14,4017344285.3
2009-01-15,4014853856.5
2009-01-16,4019867482.9
2009-01-17,4045099458.9
2009-01-18,4037521673.9
2009-01-19,4045128131.6
2009-01-20,4060291893.8
2009-01-21,4070433837.4
2009-01-22,4080563492.7
2009-01-23,4083098978.6
2009-01-24,4075513001.4
2009-01-25,4062823283.6
2009-01-26,4052689532.2
2009-01-27,4042572165.2
2009-01-28,4034998476.3
2009-01-29,4024913878.1
2009-01-30,4027437075.7
2009-01-31,4027437075.7
2009-02-01,4017344285.3
2009-02-02,4012334755.0
2009-02-03,4004781546.6
2009-02-04,3994717428.9
2009-02-05,3994717428.9
2009-02-06,3994717428.9
2009-02-07,3992202423.5
2009-02-08,3989691514.2
2009-02-09,3992202423.5
2009-02-10,3999747439.7
2009-02-11,4014812895.5
2009-02-12,4014853856.5
2009-02-13,4007296552.0
2009-02-14,4009815653.5
2009-02-15,3997232434.3
2009-02-16,3992202423.5
2009-02-17,3989691514.2
2009-02-18,3992202423.5
2009-02-19,3992202423.5
2009-02-20,3989691514.2
2009-02-21,3982171074.6
2009-02-22,3974638346.7
2009-02-23,3969645200.8
2009-02-24,3969645200.8
2009-02-25,3964631574.4
2009-02-26,3962112472.9
2009-02-27,3944605741.5
2009-02-28,3932157693.6
2009-03-01,3914753364.7
2009-03-02,3917243793.5
2009-03-03,3924686407.2
2009-03-04,3914732884.2
2009-03-05,3899818984.1
2009-03-06,3897336747.5
2009-03-07,3887407801.1
2009-03-08,3872596303.5
2009-03-09,3872571726.9
2009-03-10,3860230177.6
2009-03-11,3855286184.9
2009-03-12,3855298473.2
2009-03-13,3852828524.9
2009-03-14,3840482879.5
2009-03-15,3830635855.1
2009-03-16,3820821599.5
2009-03-17,3813448619.5
2009-03-18,3811007343.9
2009-03-19,3808529203.4
2009-03-20,3801188992.2
2009-03-21,3798735428.3
2009-03-22,3798735428.3
2009-03-23,3798735428.3
2009-03-24,3796285960.5
2009-03-25,3796273672.2
2009-03-26,3791395217.1
2009-03-27,3791395217.1
2009-03-28,3786483993.2
2009-03-29,3781601442.0
2009-03-30,3781601442.0
2009-03-31,3784050909.8
2009-04-01,3801172607.8
2009-04-02,3813448619.5
2009-04-03,3833097611.2
2009-04-04,3833097611.2
2009-04-05,3838025219.5
2009-04-06,3833097611.2
2009-04-07,3830635855.1
2009-04-08,3840491071.7
2009-04-09,3825741015.6
2009-04-10,3830635855.1
2009-04-11,3838025219.5
2009-04-12,3830635855.1
2009-04-13,3828202771.7
2009-04-14,3825741015.6
2009-04-15,3823283355.6
2009-04-16,3813436331.2
2009-04-17,3808529203.4
2009-04-18,3796298248.8
2009-04-19,3788933461.0
2009-04-20,3798747716.6
2009-04-21,3806079735.6
2009-04-22,3808533299.5
2009-04-23,3813465003.9
2009-04-24,3825741015.6
2009-04-25,3810990959.5
2009-04-26,3810990959.5
2009-04-27,3798747716.6
2009-04-28,3786479897.1
2009-04-29,3781589153.7
2009-04-30,3788945749.3
2009-05-01,3793844684.9
2009-05-02,3798747716.6
2009-05-03,3815906279.5
2009-05-04,3830635855.1
2009-05-05,3850362672.7
2009-05-06,3857772517.6
2009-05-07,3865157785.9
2009-05-08,3882492481.1
2009-05-09,3892384562.6
2009-05-10,3894862703.1
2009-05-11,3894866799.2
2009-05-12,3897336747.5
2009-05-13,3914753364.7
2009-05-14,3897344939.7
2009-05-15,3887424185.5
2009-05-16,3887448762.1
2009-05-17,3889930998.7
2009-05-18,3877491143.0
2009-05-19,3867627734.2
2009-05-20,3865153689.8
2009-05-21,3860213793.2
2009-05-22,3847892724.4
2009-05-23,3845410487.8
2009-05-24,3842944635.6
2009-05-25,3845426872.2
2009-05-26,3835563463.4
2009-05-27,3825741015.6
2009-05-28,3818318882.4
2009-05-29,3811007343.9
2009-05-30,3801172607.8
2009-05-31,3781601442.0
2009-06-01,3771819955.2
2009-06-02,3749905820.2
2009-06-03,3737732211.0
2009-06-04,3718300312.6
2009-06-05,3706216817.6
2009-06-06,3698909375.2
2009-06-07,3696488580.1
2009-06-08,3689291732.4
2009-06-09,3679633128.6
2009-06-10,3689291732.4
2009-06-11,3674820211.1
2009-06-12,3662753100.5
2009-06-13,3667570114.1
2009-06-14,3665161607.3
2009-06-15,3657940183.0
2009-06-16,3660360978.1
2009-06-17,3655531676.2
2009-06-18,3641109308.1
2009-06-19,3643509622.7
2009-06-20,3636308678.9
2009-06-21,3648318444.1
2009-06-22,3657940183.0
2009-06-23,3657940183.0
2009-06-24,3667570114.1
2009-06-25,3667570114.1
2009-06-26,3660344593.7
2009-06-27,3653127265.5
2009-06-28,3638708993.5
2009-06-29,3638733570.1
2009-06-30,3645914033.4
2009-07-01,3655531676.2
2009-07-02,3657940183.0
2009-07-03,3655531676.2
2009-07-04,3653135457.7
2009-07-05,3645930417.8
2009-07-06,3631569491.2
2009-07-07,3624376739.6
2009-07-08,3624376739.6
2009-07-09,3643530103.2
2009-07-10,3669974524.8
2009-07-11,3677216429.6
2009-07-12,3684462430.5
2009-07-13,3672395319.9
2009-07-14,3657952471.3
2009-07-15,3645914033.4
2009-07-16,3633908364.3
2009-07-17,3621980521.1
2009-07-18,3617192180.2
2009-07-19,3600459611.7
2009-07-20,3598071585.4
2009-07-21,3598071585.4
2009-07-22,3600471900.0
2009-07-23,3598071585.4
2009-07-24,3588527672.4
2009-07-25,3571917986.9
2009-07-26,3564782580.7
2009-07-27,3550540441.0
2009-07-28,3536322877.9
2009-07-29,3517415280.3
2009-07-30,3500965342.7
2009-07-31,3500965342.7
2009-08-01,3496258923.8
2009-08-02,3475106663.4
2009-08-03,3456387486.4
2009-08-04,3449399539.8
2009-08-05,3433056100.8
2009-08-06,3433056100.8
2009-08-07,3430721323.8
2009-08-08,3419080207.6
2009-08-09,3405141179.3
2009-08-10,3386618615.1
2009-08-11,3368124723.6
2009-08-12,3354263521.2
2009-08-13,3340443279.8
2009-08-14,3335872032.2
2009-08-15,3331300784.6
2009-08-16,3333598696.7
2009-08-17,3347349304.4
2009-08-18,3333586408.4
2009-08-19,3319811224.1
2009-08-20,3308362624.6
2009-08-21,3306072904.7
2009-08-22,3290106306.9
2009-08-23,3294636593.5
2009-08-24,3278686380.1
2009-08-25,3271874565.8
2009-08-26,3262773031.6
2009-08-27,3255953025.1
2009-08-28,3237799109.9
2009-08-29,3233289303.8
2009-08-30,3249145306.9
2009-08-31,3258226360.6
2009-09-01,3258226360.6
2009-09-02,3251410450.2
2009-09-03,3255965313.4
2009-09-04,3251422738.5
2009-09-05,3244602732.0
2009-09-06,3235533966.6
2009-09-07,3222016836.6
2009-09-08,3228767209.4
2009-09-09,3231028256.6
2009-09-10,3228742632.8
2009-09-11,3217494742.2
2009-09-12,3208466937.8
2009-09-13,3203973516.1
2009-09-14,3185950676.1
2009-09-15,3192713337.2
2009-09-16,3174764227.0
2009-09-17,3170233940.4
2009-09-18,3172519564.2
2009-09-19,3188207627.2
2009-09-20,3190460482.2
2009-09-21,3174764227.0
2009-09-22,3165793768.0
2009-09-23,3159076164.0
2009-09-24,3138976601.3
2009-09-25,3125602834.8
2009-09-26,3130071679.9
2009-09-27,3125643795.8
2009-09-28,3107846241.3
2009-09-29,3087918714.8
2009-09-30,3072443649.0
2009-10-01,3052647197.7
2009-10-02,3032899899.6
2009-10-03,3032883515.2
2009-10-04,3032899899.6
2009-10-05,3024130149.5
2009-10-06,3006656186.9
2009-10-07,3004472965.6
2009-10-08,2997927397.8
2009-10-09,3000106523.0
2009-10-10,2987056348.4
2009-10-11,2987044060.1
2009-10-12,2993565051.3
2009-10-13,3006639802.5
2009-10-14,3013189466.4
2009-10-15,3032883515.2
2009-10-16,3046044284.5
2009-10-17,3046048380.6
2009-10-18,3065865312.4
2009-10-19,3065844831.9
2009-10-20,3087931003.1
2009-10-21,3099006857.5
2009-10-22,3110090904.1
2009-10-23,3107854433.5
2009-10-24,3125643795.8
2009-10-25,3141208975.8
2009-10-26,3136744226.8
2009-10-27,3127827017.1
2009-10-28,3116742970.5
2009-10-29,3130067583.8
2009-10-30,3141221264.1
2009-10-31,3147922483.7
2009-11-01,3163553201.3
2009-11-02,3183701917.2
2009-11-03,3192701048.9
2009-11-04,3190452290.0
2009-11-05,3201716565.0
2009-11-06,3237844167.0
2009-11-07,3265062751.5
2009-11-08,3301509849.3
2009-11-09,3340484240.8
2009-11-10,3358875729.8
2009-11-11,3330592159.3
2009-11-12,3345104641.6
2009-11-13,3359559778.5
2009-11-14,3371655561.8
2009-11-15,3386172140.2
2009-11-16,3405522116.6
2009-11-17,3419977253.5
2009-11-18,3424818843.7
2009-11-19,3417560554.5
2009-11-20,3422398048.6
2009-11-21,3424818843.7
2009-11-22,3436910530.9
2009-11-23,3419977253.5
2009-11-24,3410302265.3
2009-11-25,3400684622.5
2009-11-26,3388588839.2
2009-11-27,3383751345.1
2009-11-28,3369238862.8
2009-11-29,3378913851.0
2009-11-30,3374076356.9
2009-12-01,3375144669.5
2009-12-02,3356061764.0
2009-12-03,3338917126.5
2009-12-04,3319345547.5
2009-12-05,3326917933.5
2009-12-06,3319345547.5
2009-12-07,3305104205.5
2009-12-08,3284440297.5
2009-12-09,3284440297.5
2009-12-10,3274683253.5
2009-12-11,3270572647.0
2009-12-12,3265308114.0
2009-12-13,3255801566.5
2009-12-14,3234640772.0
2009-12-15,3244176065.0
2009-12-16,3223360216.5
2009-12-17,3214366981.5
2009-12-18,3214375194.5
2009-12-19,3216042433.5
2009-12-20,3211295319.5
2009-12-21,3199222209.5
2009-12-22,3188356410.5
2009-12-23,3199222209.5
2009-12-24,3188582268.0
2009-12-25,3199230422.5
2009-12-26,3214366981.5
2009-12-27,3223360216.5
2009-12-28,3214362875.0
2009-12-29,3204622257.0
2009-12-30,3209369371.0
2009-12-31,3214366981.5
2010-01-01,3218867705.5
2010-01-02,3223347897.0
2010-01-03,3230148261.0
2010-01-04,3225606472.0
2010-01-05,3223347897.0
2010-01-06,3216030114.0
2010-01-07,3209357051.5
2010-01-08,3199213996.5
2010-01-09,3195243011.0
2010-01-10,3186003386.0
2010-01-11,3179597246.0
2010-01-12,3158292724.0
2010-01-13,3146991636.0
2010-01-14,3151866051.5
2010-01-15,3156358562.5
2010-01-16,3146991636.0
2010-01-17,3151866051.5
2010-01-18,3153282794.0
2010-01-19,3163290334.5
2010-01-20,3169721113.5
2010-01-21,3149812801.5
2010-01-22,3128639687.5
2010-01-23,3133271819.5
2010-01-24,3135423625.5
2010-01-25,3139792941.5
2010-01-26,3147562439.5
2010-01-27,3151866051.5
2010-01-28,3155787759.0
2010-01-29,3147562439.5
2010-01-30,3128639687.5
2010-01-31,3105540625.0
2010-02-01,3094506459.5
2010-02-02,3070122062.5
2010-02-03,3074487272.0
2010-02-04,3062808386.0
2010-02-05,3039068709.5
2010-02-06,3030083687.5
2010-02-07,3021230073.5
2010-02-08,3003650147.0
2010-02-09,2995190757.0
2010-02-10,2977097518.0
2010-02-11,2965393993.0
2010-02-12,2944487801.5
2010-02-13,2926907875.0
2010-02-14,2910095864.0
2010-02-15,2894322797.5
2010-02-16,2897008448.5
2010-02-17,2884048334.5
2010-02-18,2875322022.0
2010-02-19,2864797062.5
2010-02-20,2869043183.5
2010-02-21,2850563933.5
2010-02-22,2841443397.0
2010-02-23,2833111308.5
2010-02-24,2816410173.0
2010-02-25,2821945735.0
2010-02-26,2813605433.5
2010-02-27,2792547301.5
2010-02-28,2778560562.5
2010-03-01,2774585470.5
2010-03-02,2761760871.0
2010-03-03,2769719268.0
2010-03-04,2769706948.5
2010-03-05,2759568000.0
2010-03-06,2748788437.5
2010-03-07,2736875481.0
2010-03-08,2736854948.5
2010-03-09,2735701022.0
2010-03-10,2724149437.5
2010-03-11,2720174345.5
2010-03-12,2705916577.5
2010-03-13,2701563687.5
2010-03-14,2697071176.5
2010-03-15,2681544500.0
2010-03-16,2660814888.0
2010-03-17,2648819801.5
2010-03-18,2642799672.5
2010-03-19,2637025933.5
2010-03-20,2624694114.0
2010-03-21,2616226511.0
2010-03-22,2597874562.5
2010-03-23,2582347886.0
2010-03-24,2562722922.5
2010-03-25,2545389386.0
2010-03-26,2536802694.5
2010-03-27,2517350204.0
2010-03-28,2501384132.0
2010-03-29,2479812687.5
2010-03-30,2470573062.5
2010-03-31,2454841061.0
2010-04-01,2451334110.0
2010-04-02,2458651893.0
2010-04-03,2452865834.5
2010-04-04,2462618772.0
2010-04-05,2445293448.5
2010-04-06,2435807433.5
2010-04-07,2437987985.0
2010-04-08,2428354136.0
2010-04-09,2412827459.5
2010-04-10,2406922312.5
2010-04-11,2398692886.5
2010-04-12,2401674205.5
2010-04-13,2395756739.0
2010-04-14,2391268334.5
2010-04-15,2378049511.0
2010-04-16,2370604426.5
2010-04-17,2378061830.5
2010-04-18,2382036922.5
2010-04-19,2372530375.0
2010-04-20,2357373283.5
2010-04-21,2342515966.5
2010-04-22,2321597455.5
2010-04-23,2306838694.5
2010-04-24,2293480250.0
2010-04-25,2274873698.5
2010-04-26,2280458538.5
2010-04-27,2269108172.5
2010-04-28,2262180507.0
2010-04-29,2266147386.0
2010-04-30,2267814625.0
2010-05-01,2261835561.0
2010-05-02,2256751714.0
2010-05-03,2255240522.0
2010-05-04,2247282125.0
2010-05-05,2239841147.0
2010-05-06,2234067408.0
2010-05-07,2225267178.5
2010-05-08,2230601522.0
2010-05-09,2227390239.0
2010-05-10,2238042500.0
2010-05-11,2245368496.0
2010-05-12,2245356176.5
2010-05-13,2239849360.0
2010-05-14,2236900893.0
2010-05-15,2232396062.5
2010-05-16,2239841147.0
2010-05-17,2227402558.5
2010-05-18,2214557426.5
2010-05-19,2210069022.0
2010-05-20,2219821959.5
2010-05-21,2216097364.0
2010-05-22,2204820915.0
2010-05-23,2201856022.0
2010-05-24,2196078176.5
2010-05-25,2193909944.5
2010-05-26,2192103084.5
2010-05-27,2184851005.5
2010-05-28,2191910079.0
2010-05-29,2204804489.0
2010-05-30,2212762886.0
2010-05-31,2221489198.5
2010-06-01,2216236985.0
2010-06-02,2219702871.0
2010-06-03,2219821959.5
2010-06-04,2212762886.0
2010-06-05,2210516630.5
2010-06-06,2203330255.5
2010-06-07,2192111297.5
2010-06-08,2188637198.5
2010-06-09,2185430022.0
2010-06-10,2179397573.5
2010-06-11,2182863459.5
2010-06-12,2182863459.5
2010-06-13,2199544062.5
2010-06-14,2217510000.0
2010-06-15,2227390239.0
2010-06-16,2230601522.0
2010-06-17,2242021698.5
2010-06-18,2242021698.5
2010-06-19,2248567459.5
2010-06-20,2262168187.5
2010-06-21,2267826944.5
2010-06-22,2271407812.5
2010-06-23,2271407812.5
2010-06-24,2279748114.0
2010-06-25,2282314676.5
2010-06-26,2288100735.0
2010-06-27,2309791268.0
2010-06-28,2328512801.5
2010-06-29,2328512801.5
2010-06-30,2321585136.0
2010-07-01,2317872860.0
2010-07-02,2317872860.0
2010-07-03,2336532796.0
2010-07-04,2346224136.0
2010-07-05,2358284926.5
2010-07-06,2360863808.5
2010-07-07,2360863808.5
2010-07-08,2363097744.5
2010-07-09,2375996261.0
2010-07-10,2383309937.5
2010-07-11,2401275875.0
2010-07-12,2401674205.5
2010-07-13,2400569557.0
2010-07-14,2415968932.0
2010-07-15,2449141239.0
2010-07-16,2464799323.5
2010-07-17,2499971496.0
2010-07-18,2528589694.5
2010-07-19,2536983380.5
2010-07-20,2572336239.0
2010-07-21,2596334625.0
2010-07-22,2602247985.0
2010-07-23,2610460985.0
2010-07-24,2630726562.5
2010-07-25,2651131761.0
2010-07-26,2669352301.5
2010-07-27,2675011058.5
2010-07-28,2691042834.5
2010-07-29,2693284983.5
2010-07-30,2697650193.0
2010-07-31,2705797489.0
2010-08-01,2727229312.5
2010-08-02,2743396603.0
2010-08-03,2748788437.5
2010-08-04,2759502296.0
2010-08-05,2759568000.0
2010-08-06,2753280948.5
2010-08-07,2747375801.5
2010-08-08,2757260147.0
2010-08-09,2755461500.0
2010-08-10,2747375801.5
2010-08-11,2743142000.0
2010-08-12,2736854948.5
2010-08-13,2731849125.0
2010-08-14,2718116989.0
2010-08-15,2721582875.0
2010-08-16,2710162698.5
2010-08-17,2705797489.0
2010-08-18,2714330796.0
2010-08-19,2704002948.5
2010-08-20,2695531239.0
2010-08-21,2679236647.0
2010-08-22,2677310698.5
2010-08-23,2668777391.5
2010-08-24,2665118500.0
2010-08-25,2669352301.5
2010-08-26,2661270709.5
2010-08-27,2669352301.5
2010-08-28,2699769147.0
2010-08-29,2720170239.0
2010-08-30,2728641948.5
2010-08-31,2720170239.0
2010-09-01,2712215948.5
2010-09-02,2728641948.5
2010-09-03,2743396603.0
2010-09-04,2772014801.5
2010-09-05,2803199562.5
2010-09-06,2826684636.0
2010-09-07,2859984244.5
2010-09-08,2885588272.0
2010-09-09,2903040897.0
2010-09-10,2926907875.0
2010-09-11,2953214114.0
2010-09-12,2979393051.5
2010-09-13,2985745807.0
2010-09-14,2998898926.5
2010-09-15,2996077761.0
2010-09-16,2998898926.5
2010-09-17,3005703397.0
2010-09-18,3025209272.0
2010-09-19,3036629448.5
2010-09-20,3047536312.5
2010-09-21,3056648636.0
2010-09-22,3062808386.0
2010-09-23,3072815926.5
2010-09-24,3090268551.5
2010-09-25,3101561426.5
2010-09-26,3146991636.0
2010-09-27,3195243011.0
2010-09-28,3221101641.5
2010-09-29,3244135000.0
2010-09-30,3260819709.5
2010-10-01,3260819709.5
2010-10-02,3270572647.0
2010-10-03,3281865522.0
2010-10-04,3317924698.5
2010-10-05,3348723448.5
2010-10-06,3382474772.0
2010-10-07,3408781011.0
2010-10-08,3462678823.5
2010-10-09,3492323647.0
2010-10-10,3520297125.0
2010-10-11,3534542573.5
2010-10-12,3535889505.5
2010-10-13,3530949386.0
2010-10-14,3534542573.5
2010-10-15,3534542573.5
2010-10-16,3531076687.5
2010-10-17,3533643250.0
2010-10-18,3540382016.5
2010-10-19,3533643250.0
2010-10-20,3523249698.5
2010-10-21,3515291301.5
2010-10-22,3512983448.5
2010-10-23,3520490130.5
2010-10-24,3525750557.0
2010-10-25,3528255522.0
2010-10-26,3523249698.5
2010-10-27,3515291301.5
2010-10-28,3505604068.0
2010-10-29,3510478483.5
2010-10-30,3523249698.5
2010-10-31,3556101698.5
2010-11-01,3596267375.0
2010-11-02,3648177641.5
2010-11-03,3657864875.0
2010-11-04,3674036272.0
2010-11-05,3674036272.0
2010-11-06,3710608761.0
2010-11-07,3739994875.0
2010-11-08,3785486682.0
2010-11-09,3830978489.0
2010-11-10,3872815511.0
2010-11-11,3905794812.5
2010-11-12,3935825647.0
2010-11-13,3981251750.0
2010-11-14,4041756921.0
2010-11-15,4087634739.0
2010-11-16,4108167239.0
2010-11-17,4129344459.5
2010-11-18,4132551636.0
2010-11-19,4146665676.5
2010-11-20,4169896147.0
2010-11-21,4173616636.0
2010-11-22,4167723808.5
2010-11-23,4167070875.0
2010-11-24,4182149943.0
2010-11-25,4182342948.5
2010-11-26,4182342948.5
2010-11-27,4188116687.5
2010-11-28,4205955323.5
2010-11-29,4218402125.0
2010-11-30,4230467022.0
2010-12-01,4227641750.0
2010-12-02,4233415489.0
2010-12-03,4233415489.0
2010-12-04,4233415489.0
2010-12-05,4227641750.0
2010-12-06,4215835562.5
2010-12-07,4212501084.5
2010-12-08,4230467022.0
2010-12-09,4230467022.0
2010-12-10,4242913823.5
2010-12-11,4242913823.5
2010-12-12,4230467022.0
2010-12-13,4223921261.0
2010-12-14,4230467022.0
2010-12-15,4239447937.5
2010-12-16,4239447937.5
2010-12-17,4227641750.0
2010-12-18,4227641750.0
2010-12-19,4230467022.0
2010-12-20,4218402125.0
2010-12-21,4212501084.5
2010-12-22,4200436187.5
2010-12-23,4191196562.5
2010-12-24,4184535819.5
2010-12-25,4176437801.5
2010-12-26,4221868011.0
2010-12-27,4221868011.0
2010-12-28,4209289801.5
2010-12-29,4200436187.5
2010-12-30,4188116687.5
2010-12-31,4173616636.0
2011-01-01,4152710444.5
2011-01-02,4152698125.0
2011-01-03,4140637334.5
2011-01-04,4134604886.0
2011-01-05,4140637334.5
2011-01-06,4123566614.0
2011-01-07,4116380239.0
2011-01-08,4111185516.5
2011-01-09,4102138897.0
2011-01-10,4087634739.0
2011-01-11,4085068176.5
2011-01-12,4070182114.0
2011-01-13,4055809364.0
2011-01-14,4041309312.5
2011-01-15,4035790176.5
2011-01-16,4030788459.5
2011-01-17,4015257676.5
2011-01-18,4004096209.5
2011-01-19,3989210147.0
2011-01-20,3977917272.0
2011-01-21,3970344886.0
2011-01-22,3955586125.0
2011-01-23,3941599386.0
2011-01-24,3928507864.0
2011-01-25,3908361375.0
2011-01-26,3908361375.0
2011-01-27,3908361375.0
2011-01-28,3900275676.5
2011-01-29,3886547647.0
2011-01-30,3866528459.5
2011-01-31,3866528459.5
2011-02-01,3848176511.0
2011-02-02,3834058364.0
2011-02-03,3817632364.0
2011-02-04,3801978386.0
2011-02-05,3780546562.5
2011-02-06,3769253687.5
2011-02-07,3772078959.5
2011-02-08,3764506573.5
2011-02-09,3745514011.0
2011-02-10,3737428312.5
2011-02-11,3734734448.5
2011-02-12,3721129614.0
2011-02-13,3710608761.0
2011-02-14,3697775948.5
2011-02-15,3690203562.5
2011-02-16,3697775948.5
2011-02-17,3699701897.0
2011-02-18,3694950676.5
2011-02-19,3681604551.5
2011-02-20,3666463886.0
2011-02-21,3650678500.0
2011-02-22,3635537834.5
2011-02-23,3619625147.0
2011-02-24,3609358897.0
2011-02-25,3596267375.0
2011-02-26,3584461187.5
2011-02-27,3570601750.0
2011-02-28,3553535136.0
2011-03-01,3550582562.5
2011-03-02,3553535136.0
2011-03-03,3547761397.0
2011-03-04,3542628272.0
2011-03-05,3533643250.0
2011-03-06,3523249698.5
2011-03-07,3520297125.0
2011-03-08,3512983448.5
2011-03-09,3515291301.5
2011-03-10,3507977625.0
2011-03-11,3498224687.5
2011-03-12,3485777886.0
2011-03-13,3470633114.0
2011-03-14,3455619750.0
2011-03-15,3440860989.0
2011-03-16,3426233636.0
2011-03-17,3418406647.0
2011-03-18,3435600562.5
2011-03-19,3444840187.5
2011-03-20,3472686364.0
2011-03-21,3488217147.0
2011-03-22,3507977625.0
2011-03-23,3533643250.0
2011-03-24,3546348761.0
2011-03-25,3553535136.0
2011-03-26,3586128426.5
2011-03-27,3578687448.5
2011-03-28,3593959522.0
2011-03-29,3590748239.0
2011-03-30,3596267375.0
2011-03-31,3590748239.0
2011-04-01,3593959522.0
2011-04-02,3593959522.0
2011-04-03,3604480375.0
2011-04-04,3598961239.0
2011-04-05,3596267375.0
2011-04-06,3622319011.0
2011-04-07,3629246676.5
2011-04-08,3629246676.5
2011-04-09,3624758272.0
2011-04-10,3666463886.0
2011-04-11,3695270983.5
2011-04-12,3756166272.0
2011-04-13,3806984209.5
2011-04-14,3851129084.5
2011-04-15,3910927937.5
2011-04-16,3961618573.5
2011-04-17,4001911551.5
2011-04-18,4041309312.5
2011-04-19,4076214562.5
2011-04-20,4123566614.0
2011-04-21,4188116687.5
2011-04-22,4272427239.0
2011-04-23,4326583761.0
2011-04-24,4363283551.5
2011-04-25,4369316000.0
2011-04-26,4378169614.0
2011-04-27,4397675489.0
2011-04-28,4409613084.5
2011-04-29,4404093948.5
2011-04-30,4390747823.5
2011-05-01,4369316000.0
2011-05-02,4347370864.0
2011-05-03,4326583761.0
2011-05-04,4316317511.0
2011-05-05,4300708667.2
2011-05-06,4288389767.2
2011-05-07,4285244341.4
2011-05-08,4260733836.7
2011-05-09,4245014920.3
2011-05-10,4239241462.5
2011-05-11,4233209307.8
2011-05-12,4221662392.2
2011-05-13,4223715542.2
2011-05-14,4233209307.8
2011-05-15,4227435850.0
2011-05-16,4221662392.2
2011-05-17,4212295921.9
2011-05-18,4205750479.7
2011-05-19,4197279182.8
2011-05-20,4184319700.0
2011-05-21,4194199457.8
2011-05-22,4221662392.2
2011-05-23,4215630237.5
2011-05-24,4223715542.2
2011-05-25,4252332346.9
2011-05-26,4248226046.9
2011-05-27,4236547729.7
2011-05-28,4242707179.7
2011-05-29,4248226046.9
2011-05-30,4230260984.4
2011-05-31,4221662392.2
2011-06-01,4221662392.2
2011-06-02,4230260984.4
2011-06-03,4223715542.2
2011-06-04,4223715542.2
2011-06-05,4218196675.0
2011-06-06,4221662392.2
2011-06-07,4215630237.5
2011-06-08,4200231612.5
2011-06-09,4184319700.0
2011-06-10,4173413367.2
2011-06-11,4161349057.8
2011-06-12,4146463720.3
2011-06-13,4137610537.5
2011-06-14,4125804925.0
2011-06-15,4113999312.5
2011-06-16,4101939109.4
2011-06-17,4113999312.5
2011-06-18,4137610537.5
2011-06-19,4146463720.3
2011-06-20,4143383995.3
2011-06-21,4137610537.5
2011-06-22,4158014742.2
2011-06-23,4173413367.2
2011-06-24,4179572817.2
2011-06-25,4179572817.2
2011-06-26,4182139254.7
2011-06-27,4200231612.5
2011-06-28,4194199457.8
2011-06-29,4187912712.5
2011-06-30,4194199457.8
2011-07-01,4197279182.8
2011-07-02,4194199457.8
2011-07-03,4190992437.5
2011-07-04,4190992437.5
2011-07-05,4182139254.7
2011-07-06,4179572817.2
2011-07-07,4169693059.4
2011-07-08,4166867925.0
2011-07-09,4161349057.8
2011-07-10,4143383995.3
2011-07-11,4134403517.2
2011-07-12,4137610537.5
2011-07-13,4158014742.2
2011-07-14,4179572817.2
2011-07-15,4187912712.5
2011-07-16,4187912712.5
2011-07-17,4194199457.8
2011-07-18,4221662392.2
2011-07-19,4212295921.9
2011-07-20,4209084795.3
2011-07-21,4194199457.8
2011-07-22,4179572817.2
2011-07-23,4161349057.8
2011-07-24,4149543445.3
2011-07-25,4134403517.2
2011-07-26,4119518179.7
2011-07-27,4104887432.8
2011-07-28,4119518179.7
2011-07-29,4134403517.2
2011-07-30,4140435671.9
2011-07-31,4132350367.2
2011-08-01,4129143346.9
2011-08-02,4119518179.7
2011-08-03,4116179757.8
2011-08-04,4110919587.5
2011-08-05,4104887432.8
2011-08-06,4090260792.2
2011-08-07,4076016037.5
2011-08-08,4061516692.2
2011-08-09,4047144642.2
2011-08-10,4032772592.2
2011-08-11,4021094275.0
2011-08-12,4018786534.4
2011-08-13,4009415957.8
2011-08-14,4003901196.9
2011-08-15,3989015859.4
2011-08-16,3997869042.2
2011-08-17,3989015859.4
2011-08-18,3992350175.0
2011-08-19,4001716645.3
2011-08-20,3995688596.9
2011-08-21,4001716645.3
2011-08-22,4003901196.9
2011-08-23,4015062120.3
2011-08-24,4012754379.7
2011-08-25,4003901196.9
2011-08-26,3992350175.0
2011-08-27,3981057850.0
2011-08-28,3981057850.0
2011-08-29,3970151517.2
2011-08-30,3961425629.7
2011-08-31,3947053579.7
2011-09-01,3935633959.4
2011-09-02,3917024207.8
2011-09-03,3905604587.5
2011-09-04,3888666100.0
2011-09-05,3878145759.4
2011-09-06,3880839492.2
2011-09-07,3883405929.7
2011-09-08,3883405929.7
2011-09-09,3886358359.4
2011-09-10,3878145759.4
2011-09-11,3872626892.2
2011-09-12,3866340146.9
2011-09-13,3853249262.5
2011-09-14,3836569471.9
2011-09-15,3828870159.4
2011-09-16,3850941521.9
2011-09-17,3869288470.3
2011-09-18,3880839492.2
2011-09-19,3888666100.0
2011-09-20,3900085720.3
2011-09-21,3917024207.8
2011-09-22,3917024207.8
2011-09-23,3935633959.4
2011-09-24,3922801771.9
2011-09-25,3919463350.0
2011-09-26,3922801771.9
2011-09-27,3922801771.9
2011-09-28,3919463350.0
2011-09-29,3913944482.8
2011-09-30,3908171025.0
2011-10-01,3917024207.8
2011-10-02,3903165445.3
2011-10-03,3894570959.4
2011-10-04,3886358359.4
2011-10-05,3878145759.4
2011-10-06,3864541587.5
2011-10-07,3866340146.9
2011-10-08,3864541587.5
2011-10-09,3866340146.9
2011-10-10,3880839492.2
2011-10-11,3875320625.0
2011-10-12,3883405929.7
2011-10-13,3891359832.8
2011-10-14,3919463350.0
2011-10-15,3947053579.7
2011-10-16,3977723534.4
2011-10-17,4032772592.2
2011-10-18,4064469121.9
2011-10-19,4073063607.8
2011-10-20,4069983882.8
2011-10-21,4078841171.9
2011-10-22,4090260792.2
2011-10-23,4087435657.8
2011-10-24,4090260792.2
2011-10-25,4084869220.3
2011-10-26,4090260792.2
2011-10-27,4095779659.4
2011-10-28,4107967157.8
2011-10-29,4116179757.8
2011-10-30,4134403517.2
2011-10-31,4140435671.9
2011-11-01,4132350367.2
2011-11-02,4119518179.7
2011-11-03,4110919587.5
2011-11-04,4098859384.4
2011-11-05,4098859384.4
2011-11-06,4113999312.5
2011-11-07,4113999312.5
2011-11-08,4123365782.8
2011-11-09,4119518179.7
2011-11-10,4113999312.5
2011-11-11,4125804925.0
2011-11-12,4140435671.9
2011-11-13,4166867925.0
2011-11-14,4184319700.0
2011-11-15,4202284762.5
2011-11-16,4215630237.5
2011-11-17,4253999504.7
2011-11-18,4300708667.2
2011-11-19,4322139446.9
2011-11-20,4331633212.5
2011-11-21,4318801025.0
2011-11-22,4326373042.2
2011-11-23,4334585642.2
2011-11-24,4322139446.9
2011-11-25,4331633212.5
2011-11-26,4309561850.0
2011-11-27,4326373042.2
2011-11-28,4318801025.0
2011-11-29,4334585642.2
2011-11-30,4334585642.2
2011-12-01,4340617796.9
2011-12-02,4337919957.8
2011-12-03,4334585642.2
2011-12-04,4327912904.7
2011-12-05,4337919957.8
2011-12-06,4340617796.9
2011-12-07,4340617796.9
2011-12-08,4363071045.3
2011-12-09,4350497554.7
2011-12-10,4360377312.5
2011-12-11,4356271012.5
2011-12-12,4377956382.8
2011-12-13,4397461307.8
2011-12-14,4394254287.5
2011-12-15,4397461307.8
2011-12-16,4363071045.3
2011-12-17,4334585642.2
2011-12-18,4306740821.9
2011-12-19,4294163225.0
2011-12-20,4291083500.0
2011-12-21,4272219157.8
2011-12-22,4248226046.9
2011-12-23,4230322578.9
2011-12-24,4215630237.5
2011-12-25,4202284762.5
2011-12-26,4200231612.5
2011-12-27,4200231612.5
2011-12-28,4190992437.5
2011-12-29,4200231612.5
2011-12-30,4187912712.5
2011-12-31,4176234395.3
2012-01-01,4184319700.0
2012-01-02,4176234395.3
2012-01-03,4176234395.3
2012-01-04,4169693059.4
2012-01-05,4202064284.0
2012-01-06,4198851250.0
2012-01-07,4198851250.0
2012-01-08,4189981466.0
2012-01-09,4174681500.0
2012-01-10,4163112932.0
2012-01-11,4148199682.0
2012-01-12,4148199682.0
2012-01-13,4145369250.0
2012-01-14,4140099216.0
2012-01-15,4163112932.0
2012-01-16,4148199682.0
2012-01-17,4151153534.0
2012-01-18,4157324534.0
2012-01-19,4169152284.0
2012-01-20,4181239216.0
2012-01-21,4192166000.0
2012-01-22,4213636966.0
2012-01-23,4210164750.0
2012-01-24,4195765750.0
2012-01-25,4181239216.0
2012-01-26,4169152284.0
2012-01-27,4165811716.0
2012-01-28,4157324534.0
2012-01-29,4151153534.0
2012-01-30,4163112932.0
2012-01-31,4163112932.0
2012-02-01,4142156216.0
2012-02-02,4140099216.0
2012-02-03,4142156216.0
2012-02-04,4133541500.0
2012-02-05,4121713750.0
2012-02-06,4123898284.0
2012-02-07,4136886182.0
2012-02-08,4160282500.0
2012-02-09,4174681500.0
2012-02-10,4174681500.0
2012-02-11,4169152284.0
2012-02-12,4151153534.0
2012-02-13,4131097784.0
2012-02-14,4112584784.0
2012-02-15,4101271284.0
2012-02-16,4083659250.0
2012-02-17,4072090682.0
2012-02-18,4060518000.0
2012-02-19,4054733716.0
2012-02-20,4040334716.0
2012-02-21,4030819034.0
2012-02-22,4026322432.0
2012-02-23,4005365716.0
2012-02-24,3985182432.0
2012-02-25,3971552750.0
2012-02-26,3951756182.0
2012-02-27,3932342216.0
2012-02-28,3921283784.0
2012-02-29,3904959432.0
2012-03-01,3882587500.0
2012-03-02,3862918466.0
2012-03-03,3846590000.0
2012-03-04,3836049932.0
2012-03-05,3832964432.0
2012-03-06,3832964432.0
2012-03-07,3813937182.0
2012-03-08,3792593750.0
2012-03-09,3772924716.0
2012-03-10,3757369682.0
2012-03-11,3741555466.0
2012-03-12,3725868784.0
2012-03-13,3709285250.0
2012-03-14,3688328534.0
2012-03-15,3667890182.0
2012-03-16,3646674284.0
2012-03-17,3635875034.0
2012-03-18,3618390534.0
2012-03-19,3602835500.0
2012-03-20,3585223466.0
2012-03-21,3572108034.0
2012-03-22,3579953432.0
2012-03-23,3569795966.0
2012-03-24,3567097182.0
2012-03-25,3554240932.0
2012-03-26,3549098432.0
2012-03-27,3549098432.0
2012-03-28,3560025216.0
2012-03-29,3564781000.0
2012-03-30,3557067250.0
2012-03-31,3562596466.0
2012-04-01,3567097182.0
2012-04-02,3574938466.0
2012-04-03,3591007750.0
2012-04-04,3600523432.0
2012-04-05,3611063500.0
2012-04-06,3615950932.0
2012-04-07,3642177682.0
2012-04-08,3664545500.0
2012-04-09,3662616034.0
2012-04-10,3686144000.0
2012-04-11,3696943250.0
2012-04-12,3725868784.0
2012-04-13,3736285432.0
2012-04-14,3739239284.0
2012-04-15,3739239284.0
2012-04-16,3763026432.0
2012-04-17,3776137750.0
2012-04-18,3787451250.0
2012-04-19,3806091784.0
2012-04-20,3827690284.0
2012-04-21,3846590000.0
2012-04-22,3862918466.0
2012-04-23,3871788250.0
2012-04-24,3885417932.0
2012-04-25,3901873932.0
2012-04-26,3910484534.0
2012-04-27,3921283784.0
2012-04-28,3932342216.0
2012-04-29,3946226966.0
2012-04-30,3954454966.0
2012-05-01,4009220534.0
2012-05-02,4066047216.0
2012-05-03,4109630932.0
2012-05-04,4131097784.0
2012-05-05,4163112932.0
2012-05-06,4189981466.0
2012-05-07,4213636966.0
2012-05-08,4226106500.0
2012-05-09,4238193432.0
2012-05-10,4250662966.0
2012-05-11,4244491966.0
2012-05-12,4256192182.0
2012-05-13,4250662966.0
2012-05-14,4247190750.0
2012-05-15,4238193432.0
2012-05-16,4223535250.0
2012-05-17,4210164750.0
2012-05-18,4205149784.0
2012-05-19,4208107750.0
2012-05-20,4195765750.0
2012-05-21,4213636966.0
2012-05-22,4247190750.0
2012-05-23,4247190750.0
2012-05-24,4244491966.0
2012-05-25,4250662966.0
2012-05-26,4252975034.0
2012-05-27,4250662966.0
2012-05-28,4231635716.0
2012-05-29,4210164750.0
2012-05-30,4189981466.0
2012-05-31,4172624500.0
2012-06-01,4154239034.0
2012-06-02,4140099216.0
2012-06-03,4121713750.0
2012-06-04,4109630932.0
2012-06-05,4092529034.0
2012-06-06,4077615784.0
2012-06-07,4060518000.0
2012-06-08,4052162466.0
2012-06-09,4043161034.0
2012-06-10,4046119000.0
2012-06-11,4046119000.0
2012-06-12,4034677966.0
2012-06-13,4038150182.0
2012-06-14,4052162466.0
2012-06-15,4054733716.0
2012-06-16,4060518000.0
2012-06-17,4063216784.0
2012-06-18,4063216784.0
2012-06-19,4063216784.0
2012-06-20,4063216784.0
2012-06-21,4072090682.0
2012-06-22,4077615784.0
2012-06-23,4072090682.0
2012-06-24,4066047216.0
2012-06-25,4063216784.0
2012-06-26,4048690250.0
2012-06-27,4057691682.0
2012-06-28,4040334716.0
2012-06-29,4022591034.0
2012-06-30,4052162466.0
2012-07-01,4072090682.0
2012-07-02,4083659250.0
2012-07-03,4095100284.0
2012-07-04,4109630932.0
2012-07-05,4115670284.0
2012-07-06,4109630932.0
2012-07-07,4092529034.0
2012-07-08,4075176182.0
2012-07-09,4054733716.0
2012-07-10,4038150182.0
2012-07-11,4052162466.0
2012-07-12,4077615784.0
2012-07-13,4097930716.0
2012-07-14,4101271284.0
2012-07-15,4089316000.0
2012-07-16,4072090682.0
2012-07-17,4054733716.0
2012-07-18,4034677966.0
2012-07-19,4011409182.0
2012-07-20,4005365716.0
2012-07-21,4003181182.0
2012-07-22,4009220534.0
2012-07-23,4009220534.0
2012-07-24,4011409182.0
2012-07-25,4003181182.0
2012-07-26,3996495932.0
2012-07-27,3982738716.0
2012-07-28,3966023534.0
2012-07-29,3951756182.0
2012-07-30,3943013932.0
2012-07-31,3930157682.0
2012-08-01,3912928250.0
2012-08-02,3907399034.0
2012-08-03,3895958000.0
2012-08-04,3890687966.0
2012-08-05,3890687966.0
2012-08-06,3890687966.0
2012-08-07,3898656784.0
2012-08-08,3898656784.0
2012-08-09,3898656784.0
2012-08-10,3893645932.0
2012-08-11,3888116716.0
2012-08-12,3890687966.0
2012-08-13,3885417932.0
2012-08-14,3873590182.0
2012-08-15,3860474750.0
2012-08-16,3868447682.0
2012-08-17,3882587500.0
2012-08-18,3888116716.0
2012-08-19,3907399034.0
2012-08-20,3937998966.0
2012-08-21,3951756182.0
2012-08-22,3966023534.0
2012-08-23,3982738716.0
2012-08-24,3988523000.0
2012-08-25,3985182432.0
2012-08-26,3996495932.0
2012-08-27,3991480966.0
2012-08-28,3985182432.0
2012-08-29,3980936784.0
2012-08-30,3980936784.0
2012-08-31,3968853966.0
2012-09-01,3962810500.0
2012-09-02,3957540466.0
2012-09-03,3943013932.0
2012-09-04,3932342216.0
2012-09-05,3921283784.0
2012-09-06,3901873932.0
2012-09-07,3879888716.0
2012-09-08,3860474750.0
2012-09-09,3846590000.0
2012-09-10,3830134000.0
2012-09-11,3813937182.0
2012-09-12,3792593750.0
2012-09-13,3771381966.0
2012-09-14,3749783466.0
2012-09-15,3722914932.0
2012-09-16,3701699034.0
2012-09-17,3680746432.0
2012-09-18,3664545500.0
2012-09-19,3646674284.0
2012-09-20,3639474784.0
2012-09-21,3635875034.0
2012-09-22,3639474784.0
2012-09-23,3635875034.0
2012-09-24,3620961784.0
2012-09-25,3597306284.0
2012-09-26,3577123000.0
2012-09-27,3562596466.0
2012-09-28,3540997966.0
2012-09-29,3521711534.0
2012-09-30,3504613750.0
2012-10-01,3489058716.0
2012-10-02,3481344966.0
2012-10-03,3461931000.0
2012-10-04,3456660966.0
2012-10-05,3449848182.0
2012-10-06,3447145284.0
2012-10-07,3469002966.0
2012-10-08,3459359750.0
2012-10-09,3461931000.0
2012-10-10,3454344784.0
2012-10-11,3429792432.0
2012-10-12,3410765182.0
2012-10-13,3398937432.0
2012-10-14,3383892534.0
2012-10-15,3371167932.0
2012-10-16,3390709432.0
2012-10-17,3412563000.0
2012-10-18,3437506182.0
2012-10-19,3469002966.0
2012-10-20,3476971784.0
2012-10-21,3507312534.0
2012-10-22,3531482284.0
2012-10-23,3534699432.0
2012-10-24,3531482284.0
2012-10-25,3560025216.0
2012-10-26,3562596466.0
2012-10-27,3567097182.0
2012-10-28,3552825716.0
2012-10-29,3544597716.0
2012-10-30,3534699432.0
2012-10-31,3531482284.0
2012-11-01,3554240932.0
2012-11-02,3549098432.0
2012-11-03,3544597716.0
2012-11-04,3540997966.0
2012-11-05,3540997966.0
2012-11-06,3529684466.0
2012-11-07,3521711534.0
2012-11-08,3519399466.0
2012-11-09,3507312534.0
2012-11-10,3501655784.0
2012-11-11,3489058716.0
2012-11-12,3471187500.0
2012-11-13,3456660966.0
2012-11-14,3451131750.0
2012-11-15,3451131750.0
2012-11-16,3463988000.0
2012-11-17,3492144216.0
2012-11-18,3534699432.0
2012-11-19,3557067250.0
2012-11-20,3574938466.0
2012-11-21,3585223466.0
2012-11-22,3592678034.0
2012-11-23,3582393034.0
2012-11-24,3582393034.0
2012-11-25,3579953432.0
2012-11-26,3587408000.0
2012-11-27,3587408000.0
2012-11-28,3592678034.0
2012-11-29,3572108034.0
2012-11-30,3569795966.0
2012-12-01,3567097182.0
2012-12-02,3552825716.0
2012-12-03,3547041432.0
2012-12-04,3537525750.0
2012-12-05,3537525750.0
2012-12-06,3524155250.0
2012-12-07,3511813250.0
2012-12-08,3501655784.0
2012-12-09,3489058716.0
2012-12-10,3474017932.0
2012-12-11,3481344966.0
2012-12-12,3457925600.0
2012-12-13,3439317689.2
2012-12-14,3421863789.2
2012-12-15,3404795928.4
2012-12-16,3392988878.4
2012-12-17,3373095539.2
2012-12-18,3353202200.0
2012-12-19,3341653878.4
2012-12-20,3334721600.0
2012-12-21,3324581910.8
2012-12-22,3310080800.0
2012-12-23,3291472889.2
2012-12-24,3270811578.4
2012-12-25,3256051739.2
2012-12-26,3242191289.2
2012-12-27,3228072110.8
2012-12-28,3209591510.8
2012-12-29,3188802889.2
2012-12-30,3170322289.2
2012-12-31,3150042910.8
2013-01-01,3131048960.8
2013-01-02,3113081710.8
2013-01-03,3110773689.2
2013-01-04,3092806439.2
2013-01-05,3074711878.4
2013-01-06,3054818539.2
2013-01-07,3032617178.4
2013-01-08,3012337800.0
2013-01-09,2990136439.2
2013-01-10,2968830360.8
2013-01-11,2946887728.4
2013-01-12,2925454339.2
2013-01-13,2903252978.4
2013-01-14,2881946900.0
2013-01-15,2862184978.4
2013-01-16,2848324528.4
2013-01-17,2833305960.8
2013-01-18,2813798660.8
2013-01-19,2795704100.0
2013-01-20,2778763550.0
2013-01-21,2761950310.8
2013-01-22,2743342400.0
2013-01-23,2724348450.0
2013-01-24,2704200489.2
2013-01-25,2676103950.0
2013-01-26,2656645100.0
2013-01-27,2636289094.6
2013-01-28,2616449260.8
2013-01-29,2602238155.4
2013-01-30,2581882150.0
2013-01-31,2566134819.6
2013-02-01,2546036900.0
2013-02-02,2525041825.0
2013-02-03,2505070900.0
2013-02-04,2493420169.6
2013-02-05,2478569994.6
2013-02-06,2462826760.8
2013-02-07,2443236819.6
2013-02-08,2427362494.6
2013-02-09,2414433625.0
2013-02-10,2398686294.6
2013-02-11,2392926475.0
2013-02-12,2382045905.4
2013-02-13,2362587055.4
2013-02-14,2357593300.0
2013-02-15,2359641600.0
2013-02-16,2344279350.0
2013-02-17,2324693505.4
2013-02-18,2306643885.8
2013-02-19,2287951100.0
2013-02-20,2273100925.0
2013-02-21,2260684130.4
2013-02-22,2256714525.0
2013-02-23,2243146585.8
2013-02-24,2263629585.8
2013-02-25,2251339785.8
2013-02-26,2245321880.4
2013-02-27,2249803560.8
2013-02-28,2237382669.6
2013-03-01,2234441310.8
2013-03-02,2217796825.0
2013-03-03,2204740960.8
2013-03-04,2190931322.2
2013-03-05,2175933669.6
2013-03-06,2157630060.8
2013-03-07,2139707435.8
2013-03-08,2124214094.6
2013-03-09,2104628250.0
2013-03-10,2088241850.0
2013-03-11,2071728455.4
2013-03-12,2054571894.6
2013-03-13,2035625119.6
2013-03-14,2016297360.8
2013-03-15,2000423035.8
2013-03-16,1981857244.6
2013-03-17,1983651555.4
2013-03-18,1983651555.4
2013-03-19,1983651555.4
2013-03-20,1978403810.8
2013-03-21,1966753080.4
2013-03-22,1957150650.0
2013-03-23,1945118935.8
2013-03-24,1932185969.6
2013-03-25,1915287494.6
2013-03-26,1907225385.8
2013-03-27,1891605050.0
2013-03-28,1872531280.4
2013-03-29,1864723160.8
2013-03-30,1855632805.4
2013-03-31,1842957925.0
2013-04-01,1822601919.6
2013-04-02,1811336269.6
2013-04-03,1798280405.4
2013-04-04,1783303235.8
2013-04-05,1761411005.4
2013-04-06,1745151600.0
2013-04-07,1728638205.4
2013-04-08,1711100660.8
2013-04-09,1690359575.0
2013-04-10,1680757144.6
2013-04-11,1656435630.4
2013-04-12,1639537155.4
2013-04-13,1625199055.4
2013-04-14,1606252280.4
2013-04-15,1589738885.8
2013-04-16,1568612719.6
2013-04-17,1551845335.8
2013-04-18,1544033119.6
2013-04-19,1523935200.0
2013-04-20,1510121464.8
2013-04-21,1493476979.0
2013-04-22,1481559969.6
2013-04-23,1472727700.0
2013-04-24,1455575235.8
2013-04-25,1445714719.6
2013-04-26,1430610555.4
2013-04-27,1420369055.4
2013-04-28,1418447750.0
2013-04-29,1411024710.8
2013-04-30,1402061350.0
2013-05-01,1412687930.4
2013-05-02,1412687930.4
2013-05-03,1420369055.4
2013-05-04,1426255869.6
2013-05-05,1434834150.0
2013-05-06,1455575235.8
2013-05-07,1469270169.6
2013-05-08,1476951294.6
2013-05-09,1471064480.4
2013-05-10,1492698625.0
2013-05-11,1486299735.8
2013-05-12,1502686135.8
2013-05-13,1496029160.8
2013-05-14,1481559969.6
2013-05-15,1474009935.8
2013-05-16,1466967880.4
2013-05-17,1472727700.0
2013-05-18,1489241094.6
2013-05-19,1502686135.8
2013-05-20,1519838600.0
2013-05-21,1545569344.6
2013-05-22,1567846655.4
2013-05-23,1614187394.6
2013-05-24,1676021475.0
2013-05-25,1715709335.8
2013-05-26,1747326894.6
2013-05-27,1761411005.4
2013-05-28,1769858194.6
2013-05-29,1766404760.8
2013-05-30,1768194975.0
2013-05-31,1769858194.6
2013-06-01,1775749105.4
2013-06-02,1779845705.4
2013-06-03,1775749105.4
2013-06-04,1764610450.0
2013-06-05,1753471794.6
2013-06-06,1745151600.0
2013-06-07,1732607810.8
2013-06-08,1715709335.8
2013-06-09,1703419535.8
2013-06-10,1690359575.0
2013-06-11,1677557700.0
2013-06-12,1667316200.0
2013-06-13,1661429385.8
2013-06-14,1655538475.0
2013-06-15,1652724110.8
2013-06-16,1667316200.0
2013-06-17,1674100169.6
2013-06-18,1678966930.4
2013-06-19,1670900725.0
2013-06-20,1656435630.4
2013-06-21,1645042985.8
2013-06-22,1655538475.0
2013-06-23,1670900725.0
2013-06-24,1700089000.0
2013-06-25,1708409194.6
2013-06-26,1722747294.6
2013-06-27,1732607810.8
2013-06-28,1771394419.6
2013-06-29,1799177560.8
2013-06-30,1837710180.4
2013-07-01,1864723160.8
2013-07-02,1855632805.4
2013-07-03,1876242800.0
2013-07-04,1895201894.0
2013-07-05,1909041081.5
2013-07-06,1895456125.0
2013-07-07,1883027509.5
2013-07-08,1893405875.0
2013-07-09,1903271678.0
2013-07-10,1913141581.5
2013-07-11,1923647062.5
2013-07-12,1929031019.0
2013-07-13,1917110865.5
2013-07-14,1901606875.0
2013-07-15,1881104375.0
2013-07-16,1891228509.5
2013-07-17,1899429509.5
2013-07-18,1883027509.5
2013-07-19,1868036081.5
2013-07-20,1848940053.0
2013-07-21,1831131581.5
2013-07-22,1844712437.5
2013-07-23,1831131581.5
2013-07-24,1816008937.5
2013-07-25,1819723990.5
2013-07-26,1800890394.0
2013-07-27,1785000956.5
2013-07-28,1765138134.5
2013-07-29,1743610509.5
2013-07-30,1724387365.5
2013-07-31,1710933625.0
2013-08-01,1701707500.0
2013-08-02,1696454759.5
2013-08-03,1714136115.5
2013-08-04,1720930644.0
2013-08-05,1706447678.0
2013-08-06,1714136115.5
2013-08-07,1699403019.0
2013-08-08,1705041206.5
2013-08-09,1710035615.5
2013-08-10,1706447678.0
2013-08-11,1707985365.5
2013-08-12,1710035615.5
2013-08-13,1715932134.5
2013-08-14,1706447678.0
2013-08-15,1691968812.5
2013-08-16,1674414572.0
2013-08-17,1666467803.0
2013-08-18,1685818062.5
2013-08-19,1699403019.0
2013-08-20,1729258759.5
2013-08-21,1751426062.5
2013-08-22,1777439634.5
2013-08-23,1791278822.0
2013-08-24,1807680822.0
2013-08-25,1837282331.5
2013-08-26,1852400875.0
2013-08-27,1864825390.0
2013-08-28,1872903375.0
2013-08-29,1883027509.5
2013-08-30,1889945053.0
2013-08-31,1893405875.0
2013-09-01,1911472678.0
2013-09-02,1934025428.0
2013-09-03,1957988750.0
2013-09-04,1972213384.5
2013-09-05,1983743990.5
2013-09-06,1990665634.5
2013-09-07,1987331928.0
2013-09-08,2000018875.0
2013-09-09,2021673615.5
2013-09-10,2053071144.0
2013-09-11,2077542928.0
2013-09-12,2081516312.5
2013-09-13,2095740947.0
2013-09-14,2081516312.5
2013-09-15,2077542928.0
2013-09-16,2090229875.0
2013-09-17,2101120803.0
2013-09-18,2087027384.5
2013-09-19,2092280125.0
2013-09-20,2101120803.0
2013-09-21,2107915331.5
2013-09-22,2090229875.0
2013-09-23,2097151519.0
2013-09-24,2081516312.5
2013-09-25,2061784706.5
2013-09-26,2068960581.5
2013-09-27,2067550009.5
2013-09-28,2071010831.5
2013-09-29,2079593178.0
2013-09-30,2092271924.0
2013-10-01,2093944928.0
2013-10-02,2097151519.0
2013-10-03,2111884615.5
2013-10-04,2129697187.5
2013-10-05,2126929350.0
2013-10-06,2139903332.0
2013-10-07,2152762500.0
2013-10-08,2141744456.5
2013-10-09,2134822812.5
2013-10-10,2149494401.5
2013-10-11,2163399197.0
2013-10-12,2178005178.0
2013-10-13,2205043875.0
2013-10-14,2227342394.0
2013-10-15,2265784581.5
2013-10-16,2273727250.0
2013-10-17,2273727250.0
2013-10-18,2288718678.0
2013-10-19,2290129250.0
2013-10-20,2299867937.5
2013-10-21,2326906634.5
2013-10-22,2341385500.0
2013-10-23,2339081019.0
2013-10-24,2334595072.0
2013-10-25,2329342331.5
2013-10-26,2323704144.0
2013-10-27,2336518206.5
2013-10-28,2329342331.5
2013-10-29,2334595072.0
2013-10-30,2326906634.5
2013-10-31,2323704144.0
2013-11-01,2319857875.0
2013-11-02,2312427769.0
2013-11-03,2305379009.5
2013-11-04,2316142822.0
2013-11-05,2354839240.5
2013-11-06,2378548331.5
2013-11-07,2409302081.5
2013-11-08,2414554822.0
2013-11-09,2445562803.0
2013-11-10,2468759331.5
2013-11-11,2483238197.0
2013-11-12,2495793928.0
2013-11-13,2503994928.0
2013-11-14,2527445687.5
2013-11-15,2542695447.0
2013-11-16,2562685384.5
2013-11-17,2574601437.5
2013-11-18,2562685384.5
2013-11-19,2552688365.5
2013-11-20,2551150678.0
2013-11-21,2568577803.0
2013-11-22,2583315000.0
2013-11-23,2594078812.5
2013-11-24,2600615009.5
2013-11-25,2592541125.0
2013-11-26,2588826072.0
2013-11-27,2586136144.0
2013-11-28,2602152697.0
2013-11-29,2620859178.0
2013-11-30,2641107447.0
2013-12-01,2659174250.0
2013-12-02,2690055115.5
2013-12-03,2701844053.0
2013-12-04,2720169187.5
2013-12-05,2734906384.5
2013-12-06,2751435500.0
2013-12-07,2755536000.0
2013-12-08,2772708894.0
2013-12-09,2784497831.5
2013-12-10,2780397331.5
2013-12-11,2778728428.0
2013-12-12,2795130428.0
2013-12-13,2784497831.5
2013-12-14,2788467115.5
2013-12-15,2795130428.0
2013-12-16,2809482178.0
2013-12-17,2831268134.5
2013-12-18,2826269625.0
2013-12-19,2839469134.5
2013-12-20,2824477706.5
2013-12-21,2809482178.0
2013-12-22,2803716875.0
2013-12-23,2839469134.5
2013-12-24,2841261053.0
2013-12-25,2860611312.5
2013-12-26,2871120894.0
2013-12-27,2860611312.5
2013-12-28,2847411803.0
2013-12-29,2855612803.0
2013-12-30,2857794269.0
2013-12-31,2844721875.0
2014-01-01,2831268134.5
2014-01-02,2841261053.0
2014-01-03,2833572615.5
2014-01-04,2816276706.5
2014-01-05,2813713894.0
2014-01-06,2822554572.0
2014-01-07,2813713894.0
2014-01-08,2826269625.0
2014-01-09,2820504322.0
2014-01-10,2803716875.0
2014-01-11,2788467115.5
2014-01-12,2774500812.5
2014-01-13,2782447581.5
2014-01-14,2765660134.5
2014-01-15,2749258134.5
2014-01-16,2731703894.0
2014-01-17,2716195803.0
2014-01-18,2697616437.5
2014-01-19,2691592803.0
2014-01-20,2678651625.0
2014-01-21,2661224500.0
2014-01-22,2644949615.5
2014-01-23,2629318509.5
2014-01-24,2610353697.0
2014-01-25,2592541125.0
2014-01-26,2572678303.0
2014-01-27,2557174312.5
2014-01-28,2538849178.0
2014-01-29,2523345187.5
2014-01-30,2505405500.0
2014-01-31,2487592928.0
2014-02-01,2475164312.5
2014-02-02,2470424134.5
2014-02-03,2455047259.5
2014-02-04,2439670384.5
2014-02-05,2434417644.0
2014-02-06,2416732187.5
2014-02-07,2428266894.0
2014-02-08,2437747250.0
2014-02-09,2418528206.5
2014-02-10,2429673365.5
2014-02-11,2410327206.5
2014-02-12,2392256303.0
2014-02-13,2378548331.5
2014-02-14,2363552803.0
2014-02-15,2342796072.0
2014-02-16,2323704144.0
2014-02-17,2306531250.0
2014-02-18,2291412706.5
2014-02-19,2286926759.5
2014-02-20,2273727250.0
2014-02-21,2271549884.5
2014-02-22,2259760947.0
2014-02-23,2257325250.0
2014-02-24,2255275000.0
2014-02-25,2249251365.5
2014-02-26,2236568519.0
2014-02-27,2236568519.0
2014-02-28,2230799115.5
2014-03-01,2242075490.5
2014-03-02,2249251365.5
2014-03-03,2238745884.5
2014-03-04,2225160928.0
2014-03-05,2225160928.0
2014-03-06,2219908187.5
2014-03-07,2229134312.5
2014-03-08,2236568519.0
2014-03-09,2239512678.0
2014-03-10,2227342394.0
2014-03-11,2230799115.5
2014-03-12,2238745884.5
2014-03-13,2239512678.0
2014-03-14,2236568519.0
2014-03-15,2234772500.0
2014-03-16,2236568519.0
2014-03-17,2236568519.0
2014-03-18,2238745884.5
2014-03-19,2238745884.5
2014-03-20,2227342394.0
2014-03-21,2227342394.0
2014-03-22,2233620259.5
2014-03-23,2245282081.5
2014-03-24,2236568519.0
2014-03-25,2230799115.5
2014-03-26,2224135803.0
2014-03-27,2218637032.5
2014-03-28,2209529822.0
2014-03-29,2211321740.5
2014-03-30,2190692125.0
2014-03-31,2170575072.0
2014-04-01,2174548456.5
2014-04-02,2179674081.5
2014-04-03,2182236894.0
2014-04-04,2186718740.5
2014-04-05,2194919740.5
2014-04-06,2199918250.0
2014-04-07,2206839894.0
2014-04-08,2216578581.5
2014-04-09,2218755947.0
2014-04-10,2209529822.0
2014-04-11,2212859428.0
2014-04-12,2216578581.5
2014-04-13,2206839894.0
2014-04-14,2209529822.0
2014-04-15,2194919740.5
2014-04-16,2201583053.0
2014-04-17,2190692125.0
2014-04-18,2170575072.0
2014-04-19,2156223322.0
2014-04-20,2136618831.5
2014-04-21,2120598178.0
2014-04-22,2126236365.5
2014-04-23,2109580134.5
2014-04-24,2126236365.5
2014-04-25,2109580134.5
2014-04-26,2152762500.0
2014-04-27,2166347456.5
2014-04-28,2179674081.5
2014-04-29,2183643365.5
2014-04-30,2194919740.5
2014-05-01,2201583053.0
2014-05-02,2190692125.0
2014-05-03,2199918250.0
2014-05-04,2209529822.0
2014-05-05,2201583053.0
2014-05-06,2211321740.5
2014-05-07,2219908187.5
2014-05-08,2233620259.5
2014-05-09,2253483081.5
2014-05-10,2251945394.0
2014-05-11,2265784581.5
2014-05-12,2281801134.5
2014-05-13,2308839831.5
2014-05-14,2326906634.5
2014-05-15,2348561375.0
2014-05-16,2369063875.0
2014-05-17,2386236769.0
2014-05-18,2398919615.5
2014-05-19,2409302081.5
2014-05-20,2424806072.0
2014-05-21,2434417644.0
2014-05-22,2443131206.5
2014-05-23,2437747250.0
2014-05-24,2449281956.5
2014-05-25,2459020644.0
2014-05-26,2468759331.5
2014-05-27,2461198009.5
2014-05-28,2461198009.5
2014-05-29,2455047259.5
2014-05-30,2455047259.5
2014-05-31,2483238197.0
2014-06-01,2500152759.5
2014-06-02,2517965331.5
2014-06-03,2530906509.5
2014-06-04,2519630134.5
2014-06-05,2528597928.0
2014-06-06,2542695447.0
2014-06-07,2564862750.0
2014-06-08,2583315000.0
2014-06-09,2590363759.5
2014-06-10,2604715509.5
2014-06-11,2606638644.0
2014-06-12,2614966759.5
2014-06-13,2622909428.0
2014-06-14,2647258197.0
2014-06-15,2667121019.0
2014-06-16,2677626500.0
2014-06-17,2683137572.0
2014-06-18,2691592803.0
2014-06-19,2700052134.5
2014-06-20,2706202884.5
2014-06-21,2712480750.0
2014-06-22,2717606375.0
2014-06-23,2706202884.5
2014-06-24,2700052134.5
2014-06-25,2714145553.0
2014-06-26,2732856134.5
2014-06-27,2751435500.0
2014-06-28,2765660134.5
2014-06-29,2772708894.0
2014-06-30,2782447581.5
2014-07-01,2799103812.5
2014-07-02,2817814394.0
2014-07-03,2841261053.0
2014-07-04,2857794269.0
2014-07-05,2873039928.0
2014-07-06,2883803740.5
2014-07-07,2901874644.0
2014-07-08,2897130365.5
2014-07-09,2901874644.0
2014-07-10,2907000269.0
2014-07-11,2911740447.0
2014-07-12,2916480625.0
2014-07-13,2922631375.0
2014-07-14,2920966572.0
2014-07-15,2924681625.0
2014-07-16,2929421803.0
2014-07-17,2916480625.0
2014-07-18,2898799269.0
2014-07-19,2901874644.0
2014-07-20,2903281115.5
2014-07-21,2898799269.0
2014-07-22,2892775634.5
2014-07-23,2881372144.0
2014-07-24,2875348509.5
2014-07-25,2864838928.0
2014-07-26,2877525875.0
2014-07-27,2886366553.0
2014-07-28,2890085706.5
2014-07-29,2888802250.0
2014-07-30,2890085706.5
2014-07-31,2888802250.0
2014-08-01,2892775600.0
2014-08-02,2888802300.0
2014-08-03,2890085700.0
2014-08-04,2888802300.0
2014-08-05,2883803700.0
2014-08-06,2886366600.0
2014-08-07,2890085700.0
2014-08-08,2907000300.0
2014-08-09,2920966600.0
2014-08-10,2935191200.0
2014-08-11,2960306800.0
2014-08-12,2977221300.0
2014-08-13,2991700200.0
2014-08-14,3009017100.0
2014-08-15,3009017100.0
2014-08-16,3001986600.0
2014-08-17,3006714500.0
2014-08-18,3010677600.0
2014-08-19,3004542800.0
2014-08-20,3006714500.0
2014-08-21,3006714500.0
2014-08-22,3010677600.0
2014-08-23,3001986600.0
2014-08-24,2998023500.0
2014-08-25,3012980300.0
2014-08-26,3004542800.0
2014-08-27,2986776300.0
2014-08-28,2977831700.0
2014-08-29,2967349200.0
2014-08-30,2953419000.0
2014-08-31,2934760900.0
2014-09-01,2915076200.0
2014-09-02,2898332200.0
2014-09-03,2889641100.0
2014-09-04,2882483800.0
2014-09-05,2865613000.0
2014-09-06,2848230900.0
2014-09-07,2833916200.0
2014-09-08,2815258100.0
2014-09-09,2800047800.0
2014-09-10,2802219500.0
2014-09-11,2813213200.0
2014-09-12,2815258100.0
2014-09-13,2844525500.0
2014-09-14,2857433200.0
2014-09-15,2876349000.0
2014-09-16,2867915600.0
2014-09-17,2870087300.0
2014-09-18,2861654000.0
2014-09-19,2855388200.0
2014-09-20,2873923700.0
2014-09-21,2889641100.0
2014-09-22,2906642900.0
2014-09-23,2902295300.0
2014-09-24,2894373200.0
2014-09-25,2913415700.0
2014-09-26,2921849100.0
2014-09-27,2939362100.0
2014-09-28,2950098000.0
2014-09-29,2962879000.0
2014-09-30,2950098000.0
2014-10-01,2941276100.0
2014-10-02,2925812200.0
2014-10-03,2913415700.0
2014-10-04,2898332200.0
2014-10-05,2881334600.0
2014-10-06,2867915600.0
2014-10-07,2873923700.0
2014-10-08,2889641100.0
2014-10-09,2923894000.0
2014-10-10,2945239200.0
2014-10-11,2962879000.0
2014-10-12,2983966500.0
2014-10-13,3006714500.0
2014-10-14,3024354300.0
2014-10-15,3042247600.0
2014-10-16,3060394500.0
2014-10-17,3075604800.0
2014-10-18,3091837600.0
2014-10-19,3111775900.0
2014-10-20,3124941300.0
2014-10-21,3137080100.0
2014-10-22,3150503100.0
2014-10-23,3143599400.0
2014-10-24,3162003900.0
2014-10-25,3179897300.0
2014-10-26,3221565200.0
2014-10-27,3238051500.0
2014-10-28,3259139100.0
2014-10-29,3273069300.0
2014-10-30,3291731500.0
2014-10-31,3322917000.0
2014-11-01,3346687500.0
2014-11-02,3365734100.0
2014-11-03,3380560000.0
2014-11-04,3392572100.0
2014-11-05,3397557600.0
2014-11-06,3395001500.0
2014-11-07,3400240600.0
2014-11-08,3397557600.0
2014-11-09,3395001500.0
2014-11-10,3407782400.0
2014-11-11,3425164500.0
2014-11-12,3466190300.0
2014-11-13,3489069200.0
2014-11-14,3523833300.0
2014-11-15,3532013100.0
2014-11-16,3548883900.0
2014-11-17,3546201000.0
2014-11-18,3556168100.0
2014-11-19,3558981900.0
2014-11-20,3558981900.0
2014-11-21,3558981900.0
2014-11-22,3556168100.0
2014-11-23,3558981900.0
2014-11-24,3589909700.0
2014-11-25,3591443400.0
2014-11-26,3594768500.0
2014-11-27,3594768500.0
2014-11-28,3591443400.0
2014-11-29,3584412900.0
2014-11-30,3597193836.9
2014-12-01,3594768526.2
2014-12-02,3579439581.0
2014-12-03,3574200419.1
2014-12-04,3571631961.9
2014-12-05,3558981901.2
2014-12-06,3548883938.1
2014-12-07,3536229787.5
2014-12-08,3526262701.2
2014-12-09,3543898350.0
2014-12-10,3569971462.5
2014-12-11,3586715513.1
2014-12-12,3599750024.4
2014-12-13,3611892937.5
2014-12-14,3607676250.6
2014-12-15,3620841638.7
2014-12-16,3635921100.0
2014-12-17,3643078425.0
2014-12-18,3641160261.9
2014-12-19,3623140162.5
2014-12-20,3632853675.0
2014-12-21,3643078425.0
2014-12-22,3623140162.5
2014-12-23,3607676250.6
2014-12-24,3611892937.5
2014-12-25,3627356849.4
2014-12-26,3610105651.2
2014-12-27,3597193836.9
2014-12-28,3589909725.0
2014-12-29,3574188149.4
2014-12-30,3561407211.9
2014-12-31,3569971462.5
2015-01-01,3556168050.0
2015-01-02,3541726613.1
2015-01-03,3523833300.6
2015-01-04,3510794699.4
2015-01-05,3495715238.1
2015-01-06,3478206376.2
2015-01-07,3464145300.0
2015-01-08,3448681388.1
2015-01-09,3441650850.0
2015-01-10,3430914862.5
2015-01-11,3421712587.5
2015-01-12,3412383525.6
2015-01-13,3417369113.7
2015-01-14,3409700551.2
2015-01-15,3397557638.1
2015-01-16,3392572050.0
2015-01-17,3383242988.1
2015-01-18,3370846501.2
2015-01-19,3359214825.6
2015-01-20,3344642511.9
2015-01-21,3332503688.7
2015-01-22,3327902551.2
2015-01-23,3318442612.5
2015-01-24,3305919338.7
2015-01-25,3313457024.4
2015-01-26,3296459400.0
2015-01-27,3280611037.5
2015-01-28,3259139062.5
2015-01-29,3247638263.7
2015-01-30,3228849263.1
2015-01-31,3219262537.5
2015-02-01,3205843575.6
2015-02-02,3184985085.6
2015-02-03,3189610762.5
2015-02-04,3196383636.9
2015-02-05,3175680563.1
2015-02-06,3166731861.9
2015-02-07,3147816074.4
2015-02-08,3139125036.9
2015-02-09,3127113000.6
2015-02-10,3122765436.9
2015-02-11,3113694038.7
2015-02-12,3118164299.4
2015-02-13,3140531962.5
2015-02-14,3154973399.4
2015-02-15,3164048887.5
2015-02-16,3145517550.6
2015-02-17,3154973399.4
2015-02-18,3134270325.6
2015-02-19,3113694038.7
2015-02-20,3096054300.0
2015-02-21,3075617069.7
2015-02-22,3055028513.1
2015-02-23,3049020450.0
2015-02-24,3035217037.5
2015-02-25,3012980251.2
2015-02-26,2998023486.9
2015-02-27,2983070812.5
2015-02-28,2969525063.7
2015-03-01,2956613249.4
2015-03-02,2937059437.5
2015-03-03,2917121175.0
2015-03-04,2902295287.5
2015-03-05,2887596186.9
2015-03-06,2867915588.1
2015-03-07,2848230899.4
2015-03-08,2828423513.7
2015-03-09,2806440301.2
2015-03-10,2789336339.4
2015-03-11,2769246750.6
2015-03-12,2754547650.0
2015-03-13,2737676812.5
2015-03-14,2717611763.1
2015-03-15,2703681563.7
2015-03-16,2683101186.9
2015-03-17,2660226376.2
2015-03-18,2640414900.6
2015-03-19,2622073378.2
2015-03-20,2608785363.4
2015-03-21,2608785363.4
2015-03-22,2608785363.4
2015-03-23,2607260575.9
2015-03-24,2602560164.3
2015-03-25,2597538530.8
2015-03-26,2598872211.6
2015-03-27,2577466016.0
2015-03-28,2561336000.0
2015-03-29,2549395968.0
2015-03-30,2534412000.0
2015-03-31,2516249984.0
2015-04-01,2506089984.0
2015-04-02,2501188800.0
2015-04-03,2496210400.0
2015-04-04,2485136000.0
2015-04-05,2487293984.0
2015-04-06,2495552032.0
2015-04-07,2480641216.0
2015-04-08,2495881216.0
2015-04-09,2495348832.0
2015-04-10,2499729824.0
2015-04-11,2508378016.0
2015-04-12,2493520032.0
2015-04-13,2474797184.0
2015-04-14,2465449984.0
2015-04-15,2458845984.0
2015-04-16,2471676032.0
2015-04-17,2485136000.0
2015-04-18,2482965824.0
2015-04-19,2483104000.0
2015-04-20,2475609984.0
2015-04-21,2483104000.0
2015-04-22,2485136000.0
2015-04-23,2487472800.0
2015-04-24,2498827616.0
2015-04-25,2493520032.0
2015-04-26,2475609984.0
2015-04-27,2458845984.0
2015-04-28,2442894784.0
2015-04-29,2424659616.0
2015-04-30,2427480032.0
2015-05-01,2431413984.0
2015-05-02,2413508000.0
2015-05-03,2419986016.0
2015-05-04,2406652032.0
2015-05-05,2386076000.0
2015-05-06,2366520032.0
2015-05-07,2356307200.0
2015-05-08,2338832000.0
2015-05-09,2326030400.0
2015-05-10,2312899616.0
2015-05-11,2291844032.0
2015-05-12,2278636032.0
2015-05-13,2261754176.0
2015-05-14,2241779616.0
2015-05-15,2225165984.0
2015-05-16,2209292000.0
2015-05-17,2202054016.0
2015-05-18,2193161984.0
2015-05-19,2176080992.0
2015-05-20,2159938784.0
2015-05-21,2184274016.0
2015-05-22,2196848032.0
2015-05-23,2206435008.0
2015-05-24,2215944768.0
2015-05-25,2241474816.0
2015-05-26,2249549984.0
2015-05-27,2257934016.0
2015-05-28,2267813600.0
2015-05-29,2294534400.0
2015-05-30,2357884032.0
2015-05-31,2385316032.0
2015-06-01,2405128032.0
2015-06-02,2415515616.0
2015-06-03,2423070592.0
2015-06-04,2428748000.0
2015-06-05,2437132032.0
2015-06-06,2446784032.0
2015-06-07,2454148000.0
2015-06-08,2462909984.0
2015-06-09,2453132000.0
2015-06-10,2448434016.0
2015-06-11,2435352000.0
2015-06-12,2429615408.4
2015-06-13,2412513291.6
2015-06-14,2394574036.8
2015-06-15,2385332850.0
2015-06-16,2368745266.8
2015-06-17,2374486808.4
2015-06-18,2359504080.0
2015-06-19,2359912440.0
2015-06-20,2365437550.8
2015-06-21,2370746230.8
2015-06-22,2368871858.4
2015-06-23,2365870412.4
2015-06-24,2359504080.0
2015-06-25,2353942216.8
2015-06-26,2354448583.2
2015-06-27,2357156010.0
2015-06-28,2357384691.6
2015-06-29,2347686141.6
2015-06-30,2339776208.4
2015-07-01,2342099776.8
2015-07-02,2340670516.8
2015-07-03,2342299873.2
2015-07-04,2343782220.0
2015-07-05,2333752898.4
2015-07-06,2326888366.8
2015-07-07,2320199430.0
2015-07-08,2315527791.6
2015-07-09,2320660876.8
2015-07-10,2319970748.4
2015-07-11,2324511711.6
2015-07-12,2326312579.2
2015-07-13,2323441808.4
2015-07-14,2324054348.4
2015-07-15,2344598940.0
2015-07-16,2361905236.8
2015-07-17,2370260282.4
2015-07-18,2393259117.6
2015-07-19,2412746056.8
2015-07-20,2434270712.4
2015-07-21,2470451408.4
2015-07-22,2484168220.8
2015-07-23,2490767318.4
2015-07-24,2497337830.8
2015-07-25,2501307090.0
2015-07-26,2507379403.2
2015-07-27,2511618180.0
2015-07-28,2521557662.4
2015-07-29,2535339812.4
2015-07-30,2557011477.6
2015-07-31,2563798420.8
2015-08-01,2569580798.4
2015-08-02,2573484720.0
2015-08-03,2580120570.0
2015-08-04,2583387450.0
2015-08-05,2586707416.8
2015-08-06,2588671628.4
2015-08-07,2594552012.4
2015-08-08,2600616158.4
2015-08-09,2617755027.6
2015-08-10,2613263067.6
2015-08-11,2620013258.4
2015-08-12,2617510011.6
2015-08-13,2625599623.2
2015-08-14,2636486500.8
2015-08-15,2639153091.6
2015-08-16,2650052220.0
2015-08-17,2660310223.2
2015-08-18,2687466163.2
2015-08-19,2694359280.0
2015-08-20,2705842363.2
2015-08-21,2720061458.4
2015-08-22,2732054991.6
2015-08-23,2748810002.4
2015-08-24,2758598391.6
2015-08-25,2772200863.2
2015-08-26,2788690440.0
2015-08-27,2803138216.8
2015-08-28,2824372936.8
2015-08-29,2833801969.2
2015-08-30,2841099362.4
2015-08-31,2849907687.6
2015-09-01,2849907687.6
2015-09-02,2842773638.4
2015-09-03,2832540136.8
2015-09-04,2831694831.6
2015-09-05,2844059972.4
2015-09-06,2850989841.6
2015-09-07,2851194021.6
2015-09-08,2856412862.4
2015-09-09,2849037880.8
2015-09-10,2857450096.8
2015-09-11,2874956490.0
2015-09-12,2880048739.2
2015-09-13,2883352371.6
2015-09-14,2868116460.0
2015-09-15,2846575470.0
2015-09-16,2837861067.6
2015-09-17,2828301360.0
2015-09-18,2808879758.4
2015-09-19,2797903041.6
2015-09-20,2802623683.2
2015-09-21,2798184810.0
2015-09-22,2785448061.6
2015-09-23,2779028642.4
2015-09-24,2771384143.2
2015-09-25,2757067041.6
2015-09-26,2738792931.6
2015-09-27,2737032900.0
2015-09-28,2716243292.4
2015-09-29,2699271850.8
2015-09-30,2695253588.4
2015-10-01,2682565800.0
2015-10-02,2662572500.0
2015-10-03,2650538200.0
2015-10-04,2641513400.0
2015-10-05,2635886200.0
2015-10-06,2620699300.0
2015-10-07,2604761000.0
2015-10-08,2594552000.0
2015-10-09,2583387500.0
2015-10-10,2569376600.0
2015-10-11,2596916400.0
2015-10-12,2607019200.0
2015-10-13,2629303400.0
2015-10-14,2643363300.0
2015-10-15,2659085100.0
2015-10-16,2675803400.0
2015-10-17,2685963400.0
2015-10-18,2694130600.0
2015-10-19,2699692500.0
2015-10-20,2703776100.0
2015-10-21,2711408300.0
2015-10-22,2719677600.0
2015-10-23,2707426800.0
2015-10-24,2716998800.0
2015-10-25,2728302200.0
2015-10-26,2738792900.0
2015-10-27,2727665100.0
2015-10-28,2716157500.0
2015-10-29,2714446500.0
2015-10-30,2704388600.0
2015-10-31,2712159700.0
2015-11-01,2713282700.0
2015-11-02,2725329300.0
2015-11-03,2715467400.0
2015-11-04,2711408300.0
2015-11-05,2721592800.0
2015-11-06,2728992300.0
2015-11-07,2743031700.0
2015-11-08,2756327900.0
2015-11-09,2768439900.0
2015-11-10,2794407500.0
2015-11-11,2806466400.0
2015-11-12,2815156300.0
2015-11-13,2824372900.0
2015-11-14,2830890400.0
2015-11-15,2821665500.0
2015-11-16,2828121700.0
2015-11-17,2832385000.0
2015-11-18,2829820500.0
2015-11-19,2844276400.0
2015-11-20,2860627100.0
2015-11-21,2857450100.0
2015-11-22,2868422700.0
2015-11-23,2901434600.0
2015-11-24,2917552500.0
2015-11-25,2931845100.0
2015-11-26,2948179500.0
2015-11-27,2943026000.0
2015-11-28,2953896600.0
2015-11-29,2959397200.0
2015-11-30,2957853600.0
2015-12-01,2947591500.0
2015-12-02,2934144200.0
2015-12-03,2945549700.0
2015-12-04,2929370500.0
2015-12-05,2920349800.0
2015-12-06,2927226600.0
2015-12-07,2933225400.0
2015-12-08,2939555000.0
2015-12-09,2944430800.0
2015-12-10,2951740400.0
2015-12-11,2942131700.0
2015-12-12,2941519200.0
2015-12-13,2941723400.0
2015-12-14,2926385300.0
2015-12-15,2913583300.0
2015-12-16,2900221700.0
2015-12-17,2884577500.0
2015-12-18,2865017000.0
2015-12-19,2844929800.0
2015-12-20,2832229800.0
2015-12-21,2812644800.0
2015-12-22,2796383900.0
2015-12-23,2782528300.0
2015-12-24,2768934000.0
2015-12-25,2760411500.0
2015-12-26,2759541700.0
2015-12-27,2743721800.0
2015-12-28,2733994700.0
2015-12-29,2733039100.0
2015-12-30,2720788300.0
2015-12-31,2721592800.0
2016-01-01,2712580300.0
2016-01-02,2705001100.0
2016-01-03,2696070300.0
2016-01-04,2686318700.0
2016-01-05,2676914100.0
2016-01-06,2666590800.0
2016-01-07,2657582400.0
2016-01-08,2650677000.0
2016-01-09,2641321500.0
2016-01-10,2631982300.0
2016-01-11,2627351500.0
2016-01-12,2618236900.0
2016-01-13,2602400700.0
2016-01-14,2589692500.0
2016-01-15,2575477500.0
2016-01-16,2566211800.0
2016-01-17,2568764100.0
2016-01-18,2561184900.0
2016-01-19,2549073000.0
2016-01-20,2533747200.0
2016-01-21,2517604700.0
2016-01-22,2504676100.0
2016-01-23,2492604900.0
2016-01-24,2486732700.0
2016-01-25,2473448800.0
2016-01-26,2459744200.0
2016-01-27,2448885900.0
2016-01-28,2436786200.0
2016-01-29,2422865200.0
2016-01-30,2411619000.0
2016-01-31,2399776500.0
2016-02-01,2386096500.0
2016-02-02,2368998500.0
2016-02-03,2353480800.0
2016-02-04,2336672700.0
2016-02-05,2326120700.0
2016-02-06,2313816800.0
2016-02-07,2301059600.0
2016-02-08,2292916900.0
2016-02-09,2287453000.0
2016-02-10,2276631500.0
2016-02-11,2265736500.0
2016-02-12,2255678600.0
2016-02-13,2239805600.0
2016-02-14,2229082100.0
2016-02-15,2227170900.0
2016-02-16,2232581700.0
2016-02-17,2250447500.0
2016-02-18,2255552000.0
2016-02-19,2259570200.0
2016-02-20,2270432600.0
2016-02-21,2293259900.0
2016-02-22,2302080500.0
2016-02-23,2308230400.0
2016-02-24,2315246000.0
2016-02-25,2323160000.0
2016-02-26,2326504500.0
2016-02-27,2331735600.0
2016-02-28,2334365400.0
2016-02-29,2337044300.0
2016-03-01,2340490800.0
2016-03-02,2343627000.0
2016-03-03,2345133900.0
2016-03-04,2350316000.0
2016-03-05,2353811500.0
2016-03-06,2357960500.0
2016-03-07,2360729200.0
2016-03-08,2364584100.0
2016-03-09,2367851000.0
2016-03-10,2370019400.0
2016-03-11,2372445000.0
2016-03-12,2380787800.0
2016-03-13,2383062400.0
2016-03-14,2388342500.0
2016-03-15,2392532200.0
2016-03-16,2397763300.0
2016-03-17,2407666100.0
2016-03-18,2411443400.0
2016-03-19,2416343700.0
2016-03-20,2431939000.0
2016-03-21,2439567100.0
2016-03-22,2445145300.0
2016-03-23,2438851600.0
2016-03-24,2440491900.0
2016-03-25,2441065800.0
2016-03-26,2442795700.0
2016-03-27,2451672800.0
2016-03-28,2453085100.0
2016-03-29,2453768900.0
2016-03-30,2454401400.0
2016-03-31,2456813500.0
2016-04-01,2461084600.0
2016-04-02,2467531900.0
2016-04-03,2469728500.0
2016-04-04,2472323700.0
2016-04-05,2473466700.0
2016-04-06,2473694500.0
2016-04-07,2473926300.0
2016-04-08,2492255400.0
2016-04-09,2506211700.0
2016-04-10,2518821500.0
2016-04-11,2527823400.0
2016-04-12,2539363400.0
2016-04-13,2547893400.0
2016-04-14,2551212600.0
2016-04-15,2552099400.0
2016-04-16,2554007100.0
2016-04-17,2557297900.0
2016-04-18,2557733200.0
2016-04-19,2557948700.0
2016-04-20,2557948700.0
2016-04-21,2557297900.0
2016-04-22,2559169000.0
2016-04-23,2554719000.0
2016-04-24,2554540000.0
2016-04-25,2556651100.0
2016-04-26,2564379800.0
2016-04-27,2571156600.0
2016-04-28,2577778800.0
2016-04-29,2584832200.0
2016-04-30,2589676800.0
2016-05-01,2597149200.0
2016-05-02,2602921200.0
2016-05-03,2605642500.0
2016-05-04,2615579900.0
2016-05-05,2613420000.0
2016-05-06,2615173100.0
2016-05-07,2618150700.0
2016-05-08,2621506600.0
2016-05-09,2631993100.0
2016-05-10,2640218000.0
2016-05-11,2645290400.0
2016-05-12,2645123600.0
2016-05-13,2641194200.0
2016-05-14,2637545500.0
2016-05-15,2632184300.0
2016-05-16,2624480000.0
2016-05-17,2628877200.0
2016-05-18,2628596600.0
2016-05-19,2622877400.0
2016-05-20,2616356800.0
2016-05-21,2608591600.0
2016-05-22,2599894900.0
2016-05-23,2590693700.0
2016-05-24,2581183400.0
2016-05-25,2576635800.0
2016-05-26,2582098700.0
2016-05-27,2583624100.0
2016-05-28,2584258600.0
2016-05-29,2579963100.0
2016-05-30,2588647700.0
2016-05-31,2599325400.0
2016-06-01,2595473300.0
2016-06-02,2589306600.0
2016-06-03,2590897100.0
2016-06-04,2594391300.0
2016-06-05,2594277400.0
2016-06-06,2594049600.0
2016-06-07,2596868500.0
2016-06-08,2593793300.0
2016-06-09,2587415200.0
2016-06-10,2583624100.0
2016-06-11,2578185500.0
2016-06-12,2572718600.0
2016-06-13,2564733700.0
2016-06-14,2559169000.0
2016-06-15,2553055300.0
2016-06-16,2539363400.0
2016-06-17,2524390200.0
2016-06-18,2512821700.0
2016-06-19,2502664600.0
2016-06-20,2490091400.0
2016-06-21,2478091700.0
2016-06-22,2465510300.0
2016-06-23,2453433300.0
2016-06-24,2442426100.0
2016-06-25,2423446200.0
2016-06-26,2408534000.0
2016-06-27,2387992100.0
2016-06-28,2373120600.0
2016-06-29,2351740800.0
2016-06-30,2329571800.0
2016-07-01,2320598400.0
2016-07-02,2300475500.0
2016-07-03,2293117100.0
2016-07-04,2279181100.0
2016-07-05,2279437400.0
2016-07-06,2284558600.0
2016-07-07,2268198300.0
2016-07-08,2271529800.0
2016-07-09,2272318900.0
2016-07-10,2262430300.0
2016-07-11,2269699300.0
2016-07-12,2254892900.0
2016-07-13,2245232100.0
2016-07-14,2245561600.0
2016-07-15,2271672100.0
2016-07-16,2289683900.0
2016-07-17,2298836200.0
2016-07-18,2309741800.0
2016-07-19,2294134000.0
2016-07-20,2284904400.0
2016-07-21,2283875200.0
2016-07-22,2266473600.0
2016-07-23,2257752500.0
2016-07-24,2241506100.0
2016-07-25,2235152300.0
2016-07-26,2216440900.0
2016-07-27,2199063700.0
2016-07-28,2178204500.0
2016-07-29,2159338500.0
2016-07-30,2149730600.0
2016-07-31,2137031300.0
2016-08-01,2129237600.0
2016-08-02,2111010200.0
2016-08-03,2101015900.0
2016-08-04,2082206800.0
2016-08-05,2062958500.0
2016-08-06,2051292300.0
2016-08-07,2038019400.0
2016-08-08,2029501600.0
2016-08-09,2018750700.0
2016-08-10,2002833800.0
2016-08-11,1997492900.0
2016-08-12,1984935900.0
2016-08-13,1986742000.0
2016-08-14,1973493500.0
2016-08-15,1969657600.0
2016-08-16,1975120500.0
2016-08-17,1984708100.0
2016-08-18,1971589800.0
2016-08-19,1971589800.0
2016-08-20,1966391300.0
2016-08-21,1959691800.0
2016-08-22,1953386800.0
2016-08-23,1947142900.0
2016-08-24,1940191200.0
2016-08-25,1922879100.0
2016-08-26,1906482200.0
2016-08-27,1903911400.0
2016-08-28,1907190000.0
2016-08-29,1888734800.0
2016-08-30,1889422200.0
2016-08-31,1889877800.0
2016-09-01,1897834200.0
2016-09-02,1887717900.0
2016-09-03,1889076500.0
2016-09-04,1901446400.0
2016-09-05,1908259800.0
2016-09-06,1919775400.0
2016-09-07,1927504100.0
2016-09-08,1934317400.0
2016-09-09,1934191400.0
2016-09-10,1954147500.0
2016-09-11,1983447100.0
2016-09-12,2006112400.0
2016-09-13,2027593900.0
2016-09-14,2055205400.0
2016-09-15,2092376100.0
2016-09-16,2107743800.0
2016-09-17,2110831200.0
2016-09-18,2102211800.0
2016-09-19,2105124200.0
2016-09-20,2104131700.0
2016-09-21,2106661800.0
2016-09-22,2105286900.0
2016-09-23,2103635500.0
2016-09-24,2102211800.0
2016-09-25,2115228400.0
2016-09-26,2130787400.0
2016-09-27,2150210600.0
2016-09-28,2154355600.0
2016-09-29,2164919400.0
2016-09-30,2178342800.0
2016-10-01,2197013600.0
2016-10-02,2216554800.0
2016-10-03,2210412600.0
2016-10-04,2206344900.0
2016-10-05,2200357200.0
2016-10-06,2192388600.0
2016-10-07,2195439400.0
2016-10-08,2198844000.0
2016-10-09,2215753500.0
2016-10-10,2241506100.0
2016-10-11,2265660100.0
2016-10-12,2296127200.0
2016-10-13,2316303000.0
2016-10-14,2366193300.0
2016-10-15,2388248400.0
2016-10-16,2415245700.0
2016-10-17,2439350900.0
2016-10-18,2458798600.0
2016-10-19,2465152300.0
2016-10-20,2482631200.0
2016-10-21,2502831400.0
2016-10-22,2518361900.0
2016-10-23,2522356400.0
2016-10-24,2518008000.0
2016-10-25,2538716700.0
2016-10-26,2547193700.0
2016-10-27,2561316800.0
2016-10-28,2571156600.0
2016-10-29,2603088000.0
2016-10-30,2620741800.0
2016-10-31,2637724500.0
2016-11-01,2658978200.0
2016-11-02,2677246200.0
2016-11-03,2695306800.0
2016-11-04,2712826400.0
2016-11-05,2721698100.0
2016-11-06,2722117000.0
2016-11-07,2734792000.0
2016-11-08,2756045700.0
2016-11-09,2770612200.0
2016-11-10,2788689000.0
2016-11-11,2789527000.0
2016-11-12,2793240800.0
2016-11-13,2790645600.0
2016-11-14,2824370900.0
2016-11-15,2821889600.0
2016-11-16,2857254200.0
2016-11-17,2882600000.0
2016-11-18,2907006200.0
2016-11-19,2935097700.0
2016-11-20,2960244300.0
2016-11-21,2976287300.0
2016-11-22,2992224500.0
2016-11-23,3005700800.0
2016-11-24,3025937600.0
2016-11-25,3058019600.0
2016-11-26,3080583100.0
2016-11-27,3102764300.0
2016-11-28,3129127000.0
2016-11-29,3153191600.0
2016-11-30,3170975500.0
2016-12-01,3198253500.0
2016-12-02,3223981700.0
2016-12-03,3244499200.0
2016-12-04,3265663500.0
2016-12-05,3282772200.0
2016-12-06,3303354800.0
2016-12-07,3331979200.0
2016-12-08,3358459900.0
2016-12-09,3370776900.0
2016-12-10,3396374900.0
2016-12-11,3419093000.0
2016-12-12,3432959800.0
2016-12-13,3452842700.0
2016-12-14,3470130500.0
2016-12-15,3485254200.0
2016-12-16,3499491100.0
2016-12-17,3513817600.0
2016-12-18,3534920800.0
2016-12-19,3544032400.0
2016-12-20,3555601000.0
2016-12-21,3575736100.0
2016-12-22,3592556000.0
2016-12-23,3611609100.0
2016-12-24,3633090700.0
2016-12-25,3648775700.0
2016-12-26,3662557100.0
2016-12-27,3684953800.0
2016-12-28,3696571200.0
2016-12-29,3687040600.0
2016-12-30,3670285700.0
2016-12-31,3665860100.0
2017-01-01,3660319800.0
2017-01-02,3659176800.0
2017-01-03,3642141300.0
2017-01-04,3622730200.0
2017-01-05,3609091200.0
2017-01-06,3591575700.0
2017-01-07,3584506100.0
2017-01-08,3579449900.0
2017-01-09,3566103800.0
2017-01-10,3552753600.0
2017-01-11,3537703100.0
2017-01-12,3527749400.0
2017-01-13,3526948100.0
2017-01-14,3530991400.0
2017-01-15,3514797900.0
2017-01-16,3500613800.0
2017-01-17,3495476300.0
2017-01-18,3500434800.0
2017-01-19,3509522100.0
2017-01-20,3513117900.0
2017-01-21,3508749200.0
2017-01-22,3493328600.0
2017-01-23,3477655700.0
2017-01-24,3458610700.0
2017-01-25,3446969000.0
2017-01-26,3431475100.0
2017-01-27,3429148400.0
2017-01-28,3413565000.0
2017-01-29,3399071800.0
2017-01-30,3388967600.0
2017-01-31,3373091400.0
2017-02-01,3373445300.0
2017-02-02,3357821300.0
2017-02-03,3350719100.0
2017-02-04,3343267000.0
2017-02-05,3343775500.0
2017-02-06,3539688100.0
2017-02-07,3519186900.0
2017-02-08,3498238300.0
2017-02-09,3483712500.0
2017-02-10,3464533300.0
2017-02-11,3458220200.0
2017-02-12,3456117200.0
2017-02-13,3440940600.0
2017-02-14,3421875300.0
2017-02-15,3404709600.0
2017-02-16,3384550100.0
2017-02-17,3378326500.0
2017-02-18,3359859200.0
2017-02-19,3352712200.0
2017-02-20,3341692800.0
2017-02-21,3322623500.0
2017-02-22,3305234000.0
2017-02-23,3295626100.0
2017-02-24,3291310300.0
2017-02-25,3291997700.0
2017-02-26,3286974100.0
2017-02-27,3272830700.0
2017-02-28,3268047100.0
2017-03-01,3253061700.0
2017-03-02,3237185500.0
2017-03-03,3222708500.0
2017-03-04,3220219100.0
2017-03-05,3218181200.0
2017-03-06,3217957500.0
2017-03-07,3214113500.0
2017-03-08,3222708500.0
2017-03-09,3226552500.0
2017-03-10,3218860500.0
2017-03-11,3215244300.0
2017-03-12,3209370600.0
2017-03-13,3201947000.0
2017-03-14,3211855900.0
2017-03-15,3241485000.0
2017-03-16,3263068300.0
2017-03-17,3278529600.0
2017-03-18,3293132600.0
2017-03-19,3306604900.0
2017-03-20,3320805200.0
2017-03-21,3310497600.0
2017-03-22,3302256500.0
2017-03-23,3320353700.0
2017-03-24,3324644600.0
2017-03-25,3351735200.0
2017-03-26,3410399100.0
2017-03-27,3444804900.0
2017-03-28,3468132300.0
2017-03-29,3499051200.0
2017-03-30,3536704100.0
2017-03-31,3598285900.0
2017-04-01,3650532700.0
2017-04-02,3690380200.0
2017-04-03,3711809700.0
2017-04-04,3706502100.0
2017-04-05,3698329400.0
2017-04-06,3688214100.0
2017-04-07,3683398300.0
2017-04-08,3676668300.0
2017-04-09,3678830300.0
2017-04-10,3669239300.0
2017-04-11,3659644200.0
2017-04-12,3656287300.0
2017-04-13,3672819700.0
2017-04-14,3693993100.0
2017-04-15,3681236200.0
2017-04-16,3693269700.0
2017-04-17,3688214100.0
2017-04-18,3691827000.0
2017-04-19,3680996400.0
2017-04-20,3674022600.0
2017-04-21,3659644200.0
2017-04-22,3671137200.0
2017-04-23,3683398300.0
2017-04-24,3668284300.0
2017-04-25,3661322600.0
2017-04-26,3660843100.0
2017-04-27,3676184700.0
2017-04-28,3688214100.0
2017-04-29,3699296600.0
2017-04-30,3711569900.0
2017-05-01,3734986700.0
2017-05-02,3746617900.0
2017-05-03,3741525700.0
2017-05-04,3738136300.0
2017-05-05,3751949800.0
2017-05-06,3796637600.0
2017-05-07,3842812700.0
2017-05-08,3896595700.0
2017-05-09,3929664500.0
2017-05-10,3984191200.0
2017-05-11,4013309700.0
2017-05-12,4049763800.0
2017-05-13,4070786900.0
2017-05-14,4094630400.0
2017-05-15,4108179700.0
2017-05-16,4128828900.0
2017-05-17,4136107600.0
2017-05-18,4167640100.0
2017-05-19,4190922800.0
2017-05-20,4231713200.0
2017-05-21,4251805600.0
2017-05-22,4262725500.0
2017-05-23,4264001600.0
2017-05-24,4264765700.0
2017-05-25,4267057800.0
2017-05-26,4266293700.0
2017-05-27,4261453500.0
2017-05-28,4249517500.0
2017-05-29,4248753500.0
2017-05-30,4273178100.0
2017-05-31,4275218300.0
2017-06-01,4272922100.0
2017-06-02,4272158100.0
2017-06-03,4259933600.0
2017-06-04,4245701400.0
2017-06-05,4236797200.0
2017-06-06,4222089600.0
2017-06-07,4216757600.0
2017-06-08,4230949100.0
2017-06-09,4232729200.0
2017-06-10,4237561200.0
2017-06-11,4246461400.0
2017-06-12,4255625700.0
2017-06-13,4251297600.0
2017-06-14,4249261500.0
2017-06-15,4263745600.0
2017-06-16,4269861900.0
2017-06-17,4274706200.0
2017-06-18,4284146900.0
2017-06-19,4301227900.0
2017-06-20,4299183700.0
2017-06-21,4300971800.0
2017-06-22,4303528100.0
2017-06-23,4301996000.0
2017-06-24,4286955100.0
2017-06-25,4290507000.0
2017-06-26,4292031000.0
2017-06-27,4308640600.0
2017-06-28,4316057400.0
2017-06-29,4310172700.0
2017-06-30,4313501200.0
2017-07-01,4307360400.0
2017-07-02,4296627400.0
2017-07-03,4290507000.0
2017-07-04,4279554600.0
2017-07-05,4272666100.0
2017-07-06,4262981600.0
2017-07-07,4251805600.0
2017-07-08,4256389800.0
2017-07-09,4259681600.0
2017-07-10,4259681600.0
2017-07-11,4255625700.0
2017-07-12,4245445400.0
2017-07-13,4242137300.0
2017-07-14,4238069200.0
2017-07-15,4232985200.0
2017-07-16,4223869600.0
2017-07-17,4219549600.0
2017-07-18,4228409100.0
2017-07-19,4223361600.0
2017-07-20,4223869600.0
2017-07-21,4218025600.0
2017-07-22,4202046000.0
2017-07-23,4188390900.0
2017-07-24,4169412000.0
2017-07-25,4151754000.0
2017-07-26,4141659000.0
2017-07-27,4126561200.0
2017-07-28,4111451300.0
2017-07-29,4093878500.0
2017-07-30,4078809200.0
2017-07-31,4058777800.0
2017-08-01,4041257900.0
2017-08-02,4031284800.0
2017-08-03,4013805500.0
2017-08-04,4006356200.0
2017-08-05,3986430400.0
2017-08-06,3969052800.0
2017-08-07,3956641300.0
2017-08-08,3949200100.0
2017-08-09,3951679200.0
2017-08-10,3946721100.0
2017-08-11,3956641300.0
2017-08-12,3964086600.0
2017-08-13,3949200100.0
2017-08-14,3946721100.0
2017-08-15,3949200100.0
2017-08-16,3936841500.0
2017-08-17,3919524800.0
2017-08-18,3907202800.0
2017-08-19,3912144600.0
2017-08-20,3897335400.0
2017-08-21,3880120300.0
2017-08-22,3870281300.0
2017-08-23,3850660300.0
2017-08-24,3848209700.0
2017-08-25,3828609100.0
2017-08-26,3835952700.0
2017-08-27,3838403300.0
2017-08-28,3831055600.0
2017-08-29,3843304500.0
2017-08-30,3831055600.0
2017-08-31,3829100800.0
2017-09-01,3812015700.0
2017-09-02,3808106200.0
2017-09-03,3803956800.0
2017-09-04,3789842600.0
2017-09-05,3802493800.0
2017-09-06,3809573300.0
2017-09-07,3801762300.0
2017-09-08,3809081500.0
2017-09-09,3806643100.0
2017-09-10,3804200700.0
2017-09-11,3799319800.0
2017-09-12,3801762300.0
2017-09-13,3806643100.0
2017-09-14,3816413000.0
2017-09-15,3821302000.0
2017-09-16,3840853900.0
2017-09-17,3850660300.0
2017-09-18,3855541200.0
2017-09-19,3848209700.0
2017-09-20,3862905200.0
2017-09-21,3865363900.0
2017-09-22,3872740000.0
2017-09-23,3887476100.0
2017-09-24,3889938900.0
2017-09-25,3882583000.0
2017-09-26,3885013300.0
2017-09-27,3882583000.0
2017-09-28,3867822600.0
2017-09-29,3857995800.0
2017-09-30,3857995800.0
2017-10-01,3862905200.0
2017-10-02,3875198800.0
2017-10-03,3877657500.0
2017-10-04,3872740000.0
2017-10-05,3870281300.0
2017-10-06,3885013300.0
2017-10-07,3899802200.0
2017-10-08,3914583000.0
2017-10-09,3902269100.0
2017-10-10,3889938900.0
2017-10-11,3892405700.0
2017-10-12,3889938900.0
2017-10-13,3880120300.0
2017-10-14,3885013300.0
2017-10-15,3885013300.0
2017-10-16,3867822600.0
2017-10-17,3850660300.0
2017-10-18,3833506200.0
2017-10-19,3816413000.0
2017-10-20,3821302000.0
2017-10-21,3811524000.0
2017-10-22,3796881400.0
2017-10-23,3779861400.0
2017-10-24,3774996800.0
2017-10-25,3755591200.0
2017-10-26,3765271600.0
2017-10-27,3753165000.0
2017-10-28,3762845400.0
2017-10-29,3750738800.0
2017-10-30,3738619900.0
2017-10-31,3731357500.0
2017-11-01,3719295600.0
2017-11-02,3719295600.0
2017-11-03,3714467600.0
2017-11-04,3724131700.0
2017-11-05,3726549800.0
2017-11-06,3724131700.0
2017-11-07,3707225500.0
2017-11-08,3692790200.0
2017-11-09,3675944900.0
2017-11-10,3680752600.0
2017-11-11,3666366000.0
2017-11-12,3649573600.0
2017-11-13,3632850200.0
2017-11-14,3618516500.0
2017-11-15,3618516500.0
2017-11-16,3618516500.0
2017-11-17,3620902100.0
2017-11-18,3642388400.0
2017-11-19,3661562400.0
2017-11-20,3656766900.0
2017-11-21,3647179900.0
2017-11-22,3644782100.0
2017-11-23,3649573600.0
2017-11-24,3640027300.0
2017-11-25,3642388400.0
2017-11-26,3637633600.0
2017-11-27,3620902100.0
2017-11-28,3616130900.0
2017-11-29,3599476700.0
2017-11-30,3592336200.0
2017-12-01,3575734800.0
2017-12-02,3561506700.0
2017-12-03,3556772200.0
2017-12-04,3552037600.0
2017-12-05,3542609100.0
2017-12-06,3526089000.0
2017-12-07,3509629800.0
2017-12-08,3511982800.0
2017-12-09,3521403200.0
2017-12-10,3516688900.0
2017-12-11,3507276700.0
2017-12-12,3511982800.0
2017-12-13,3519046000.0
2017-12-14,3516688900.0
2017-12-15,3502574700.0
2017-12-16,3486168300.0
2017-12-17,3467433200.0
2017-12-18,3448771400.0
2017-12-19,3432482800.0
2017-12-20,3420851700.0
2017-12-21,3406920300.0
2017-12-22,3402307600.0
2017-12-23,3397674700.0
2017-12-24,3393041700.0
2017-12-25,3379159100.0
2017-12-26,3372258400.0
2017-12-27,3363029100.0
2017-12-28,3360720700.0
2017-12-29,3351507600.0
2017-12-30,3335434500.0
2017-12-31,3319369500.0
2018-01-01,3303369600.0
2018-01-02,3301081500.0
2018-01-03,3291941600.0
2018-01-04,3287406200.0
2018-01-05,3282842300.0
2018-01-06,3269171000.0
2018-01-07,3255556600.0
2018-01-08,3235135000.0
2018-01-09,3228368400.0
2018-01-10,3224523900.0
2018-01-11,3225653700.0
2018-01-12,3227693800.0
2018-01-13,3214128200.0
2018-01-14,3203769100.0
2018-01-15,3194755100.0
2018-01-16,3178779500.0
2018-01-17,3178779500.0
2018-01-18,3187777200.0
2018-01-19,3196783000.0
2018-01-20,3201290000.0
2018-01-21,3201290000.0
2018-01-22,3185525800.0
2018-01-23,3187777200.0
2018-01-24,3185525800.0
2018-01-25,3178779500.0
2018-01-26,3163092500.0
2018-01-27,3160849200.0
2018-01-28,3163092500.0
2018-01-29,3151888000.0
2018-01-30,3154127300.0
2018-01-31,3149648800.0
2018-02-01,3134026800.0
2018-02-02,3118437200.0
2018-02-03,3113979000.0
2018-02-04,3111752000.0
2018-02-05,3102851800.0
2018-02-06,3087327300.0
2018-02-07,3071811000.0
2018-02-08,3054144800.0
2018-02-09,3047524500.0
2018-02-10,3043111000.0
2018-02-11,3034320600.0
2018-02-12,3027716600.0
2018-02-13,3016723500.0
2018-02-14,2999195400.0
2018-02-15,2981712100.0
2018-02-16,2964249100.0
2018-02-17,2951207700.0
2018-02-18,2935992100.0
2018-02-19,2929481600.0
2018-02-20,2923007600.0
2018-02-21,2912181100.0
2018-02-22,2912181100.0
2018-02-23,2903537000.0
2018-02-24,2894929400.0
2018-02-25,2879847900.0
2018-02-26,2864831500.0
2018-02-27,2851964800.0
2018-02-28,2832738000.0
2018-03-01,2809317200.0
2018-03-02,2796568400.0
2018-03-03,2777939100.0
2018-03-04,2758521300.0
2018-03-05,2758521300.0
2018-03-06,2752197700.0
2018-03-07,2735384900.0
2018-03-08,2712333900.0
2018-03-09,2691432800.0
2018-03-10,2670633200.0
2018-03-11,2647842300.0
2018-03-12,2625144900.0
2018-03-13,2608706000.0
2018-03-14,2590239200.0
2018-03-15,2573906000.0
2018-03-16,2557621500.0
2018-03-17,2535302000.0
2018-03-18,2519115100.0
2018-03-19,2513055700.0
2018-03-20,2509048600.0
2018-03-21,2496962200.0
2018-03-22,2486912000.0
2018-03-23,2480917600.0
2018-03-24,2464901300.0
2018-03-25,2450953700.0
2018-03-26,2431088900.0
2018-03-27,2409275000.0
2018-03-28,2387610300.0
2018-03-29,2381746100.0
2018-03-30,2364133200.0
2018-03-31,2364133200.0
2018-04-01,2366087900.0
2018-04-02,2373906900.0
2018-04-03,2375865700.0
2018-04-04,2371952100.0
2018-04-05,2375924100.0
2018-04-06,2383767600.0
2018-04-07,2381804700.0
2018-04-08,2377883000.0
2018-04-09,2381804700.0
2018-04-10,2383767600.0
2018-04-11,2391599000.0
2018-04-12,2407363200.0
2018-04-13,2427122400.0
2018-04-14,2437022300.0
2018-04-15,2433076200.0
2018-04-16,2431088900.0
2018-04-17,2427122400.0
2018-04-18,2421176800.0
2018-04-19,2433076200.0
2018-04-20,2433076200.0
2018-04-21,2421176800.0
2018-04-22,2425139200.0
2018-04-23,2425139200.0
2018-04-24,2427122400.0
2018-04-25,2437022300.0
2018-04-26,2435059400.0
2018-04-27,2466900800.0
2018-04-28,2486912000.0
2018-04-29,2529226300.0
2018-04-30,2555585400.0
2018-05-01,2580034500.0
2018-05-02,2600492600.0
2018-05-03,2621024000.0
2018-05-04,2651983500.0
2018-05-05,2674794800.0
2018-05-06,2699784300.0
2018-05-07,2731182800.0
2018-05-08,2779629700.0
2018-05-09,2830604400.0
2018-05-10,2882001900.0
2018-05-11,2907857000.0
2018-05-12,2940336500.0
2018-05-13,2983870100.0
2018-05-14,3038701600.0
2018-05-15,3093963800.0
2018-05-16,3131791600.0
2018-05-17,3169822500.0
2018-05-18,3212543200.0
2018-05-19,3278282500.0
2018-05-20,3340030900.0
2018-05-21,3397674700.0
2018-05-22,3439444500.0
2018-05-23,3476792600.0
2018-05-24,3502574700.0
2018-05-25,3526089000.0
2018-05-26,3547335600.0
2018-05-27,3613745400.0
2018-05-28,3671137200.0
2018-05-29,3702401500.0
2018-05-30,3728967900.0
2018-05-31,3750738800.0
2018-06-01,3774996800.0
2018-06-02,3809081500.0
2018-06-03,3848209700.0
2018-06-04,3877657500.0
2018-06-05,3894868500.0
2018-06-06,3894868500.0
2018-06-07,3885013300.0
2018-06-08,3872740000.0
2018-06-09,3857995800.0
2018-06-10,3843304500.0
2018-06-11,3840853900.0
2018-06-12,3840853900.0
2018-06-13,3826162500.0
2018-06-14,3818855500.0
2018-06-15,3806643100.0
2018-06-16,3801762300.0
2018-06-17,3787164400.0
2018-06-18,3772562400.0
2018-06-19,3765271600.0
2018-06-20,3750738800.0
2018-06-21,3738619900.0
2018-06-22,3738619900.0
2018-06-23,3760443600.0
2018-06-24,3792008700.0
2018-06-25,3806643100.0
2018-06-26,3821302000.0
2018-06-27,3850660300.0
2018-06-28,3872740000.0
2018-06-29,3882583000.0
2018-06-30,3875198800.0
2018-07-01,3882583000.0
2018-07-02,3889938900.0
2018-07-03,3892405700.0
2018-07-04,3907202800.0
2018-07-05,3921995700.0
2018-07-06,3934366500.0
2018-07-07,3944274600.0
2018-07-08,3954158200.0
2018-07-09,3936841500.0
2018-07-10,3919524800.0
2018-07-11,3902269100.0
2018-07-12,3894868500.0
2018-07-13,3887476100.0
2018-07-14,3880120300.0
2018-07-15,3862905200.0
2018-07-16,3850660300.0
2018-07-17,3857995800.0
2018-07-18,3855541200.0
2018-07-19,3843304500.0
2018-07-20,3840853900.0
2018-07-21,3831057200.0
2018-07-22,3821302000.0
2018-07-23,3809081500.0
2018-07-24,3806643100.0
2018-07-25,3794447100.0
2018-07-26,3799319800.0
2018-07-27,3818855500.0
2018-07-28,3840853900.0
2018-07-29,3853086500.0
2018-07-30,3867822600.0
2018-07-31,3885013300.0
2018-08-01,3882583000.0
2018-08-02,3870281300.0
2018-08-03,3887476100.0
2018-08-04,3889938900.0
2018-08-05,3899802200.0
2018-08-06,3692038800.0
2018-08-07,3680385700.0
2018-08-08,3668721100.0
2018-08-09,3657071900.0
2018-08-10,3643140600.0
2018-08-11,3631526100.0
2018-08-12,3617637300.0
2018-08-13,3608374200.0
2018-08-14,3603744600.0
2018-08-15,3594527800.0
2018-08-16,3585287800.0
2018-08-17,3571449100.0
2018-08-18,3557664300.0
2018-08-19,3555363000.0
2018-08-20,3543871800.0
2018-08-21,3530133300.0
2018-08-22,3516391000.0
2018-08-23,3504984600.0
2018-08-24,3500412800.0
2018-08-25,3498130800.0
2018-08-26,3498130800.0
2018-08-27,3498130800.0
2018-08-28,3486720600.0
2018-08-29,3482160300.0
2018-08-30,3473078400.0
2018-08-31,3461706800.0
2018-09-01,3452651800.0
2018-09-02,3459436300.0
2018-09-03,3448110900.0
2018-09-04,3443577600.0
2018-09-05,3439044400.0
2018-09-06,3434511200.0
2018-09-07,3439044400.0
2018-09-08,3443577600.0
2018-09-09,3432248400.0
2018-09-10,3429985600.0
2018-09-11,3429985600.0
2018-09-12,3425460100.0
2018-09-13,3425460100.0
2018-09-14,3423228200.0
2018-09-15,3418706500.0
2018-09-16,3418706500.0
2018-09-17,3407415800.0
2018-09-18,3398399400.0
2018-09-19,3393920100.0
2018-09-20,3405160700.0
2018-09-21,3420965400.0
2018-09-22,3441311000.0
2018-09-23,3450381400.0
2018-09-24,3459436300.0
2018-09-25,3466255400.0
2018-09-26,3475356600.0
2018-09-27,3498130800.0
2018-09-28,3520966600.0
2018-09-29,3532426900.0
2018-09-30,3553065500.0
2018-10-01,3557664300.0
2018-10-02,3548466800.0
2018-10-03,3541578200.0
2018-10-04,3532426900.0
2018-10-05,3532426900.0
2018-10-06,3523260200.0
2018-10-07,3539280800.0
2018-10-08,3550764200.0
2018-10-09,3566869600.0
2018-10-10,3592214900.0
2018-10-11,3622274600.0
2018-10-12,3640816200.0
2018-10-13,3654743600.0
2018-10-14,3673385400.0
2018-10-15,3689698900.0
2018-10-16,3706074100.0
2018-10-17,3727144400.0
2018-10-18,3748261000.0
2018-10-19,3762385000.0
2018-10-20,3783582600.0
2018-10-21,3811926900.0
2018-10-22,3833228500.0
2018-10-23,3852225000.0
2018-10-24,3878372100.0
2018-10-25,3899808600.0
2018-10-26,3928461400.0
2018-10-27,3947619700.0
2018-10-28,3961982700.0
2018-10-29,3969183500.0
2018-10-30,3990789600.0
2018-10-31,3990789600.0
2018-11-01,3985978800.0
2018-11-02,3995600400.0
2018-11-03,3998009700.0
2018-11-04,4014843600.0
2018-11-05,4024492200.0
2018-11-06,4038978500.0
2018-11-07,4055870200.0
2018-11-08,4053453300.0
2018-11-09,4058291000.0
2018-11-10,4055870200.0
2018-11-11,4048615500.0
2018-11-12,4043781600.0
2018-11-13,4051032400.0
2018-11-14,4058291000.0
2018-11-15,4058291000.0
2018-11-16,4051032400.0
2018-11-17,4043781600.0
2018-11-18,4060708000.0
2018-11-19,4060708000.0
2018-11-20,4067974300.0
2018-11-21,4070364300.0
2018-11-22,4065549600.0
2018-11-23,4080059100.0
2018-11-24,4089757800.0
2018-11-25,4089757800.0
2018-11-26,4089757800.0
2018-11-27,4092186300.0
2018-11-28,4094611000.0
2018-11-29,4109155100.0
2018-11-30,4099468000.0
2018-12-01,4097039500.0
2018-12-02,4082479900.0
2018-12-03,4070364300.0
2018-12-04,4060708000.0
2018-12-05,4053453300.0
2018-12-06,4046198500.0
2018-12-07,4048615500.0
2018-12-08,4043781600.0
2018-12-09,4034148400.0
2018-12-10,4022079000.0
2018-12-11,4014843600.0
2018-12-12,4010025100.0
2018-12-13,4002824300.0
2018-12-14,3993195000.0
2018-12-15,3981168100.0
2018-12-16,3966781900.0
2018-12-17,3952388100.0
2018-12-18,3938036700.0
2018-12-19,3923673700.0
2018-12-20,3911750800.0
2018-12-21,3897418700.0
2018-12-22,3883140500.0
2018-12-23,3873607600.0
2018-12-24,3868846900.0
2018-12-25,3938036700.0
2018-12-26,3847472000.0
2018-12-27,3830854000.0
2018-12-28,3814293800.0
2018-12-29,3807189400.0
2018-12-30,3790667700.0
2018-12-31,3774142200.0
2019-01-01,3760029700.0
2019-01-02,3752967700.0
2019-01-03,3734187200.0
2019-01-04,3717761900.0
2019-01-05,3701394400.0
2019-01-06,3696714700.0
2019-01-07,3692038800.0
2019-01-08,3687362900.0
2019-01-09,3687362900.0
2019-01-10,3682721700.0
2019-01-11,3671053200.0
2019-01-12,3661728500.0
2019-01-13,3645465100.0
2019-01-14,3629205500.0
2019-01-15,3615320600.0
2019-01-16,3603744600.0
2019-01-17,3596809800.0
2019-01-18,3592214900.0
2019-01-19,3582978800.0
2019-01-20,3576059400.0
2019-01-21,3571449100.0
2019-01-22,3564568300.0
2019-01-23,3557664300.0
2019-01-24,3539280800.0
2019-01-25,3532426900.0
2019-01-26,3518676900.0
2019-01-27,3511815300.0
2019-01-28,3500412800.0
2019-01-29,3482160300.0
2019-01-30,3461706800.0
2019-01-31,3443577600.0
2019-02-01,3423228200.0
2019-02-02,3402905700.0
2019-02-03,3380420600.0
2019-02-04,3360248400.0
2019-02-05,3340134100.0
2019-02-06,3346814500.0
2019-02-07,3351289900.0
2019-02-08,3360248400.0
2019-02-09,3366975100.0
2019-02-10,3373682400.0
2019-02-11,3358008800.0
2019-02-12,3340134100.0
2019-02-13,3322274800.0
2019-02-14,3315590600.0
2019-02-15,3293379200.0
2019-02-16,3280099400.0
2019-02-17,3257972900.0
2019-02-18,3238147600.0
2019-02-19,3222774700.0
2019-02-20,3205212200.0
2019-02-21,3187723000.0
2019-02-22,3183351700.0
2019-02-23,3165916400.0
2019-02-24,3146353300.0
2019-02-25,3126817200.0
2019-02-26,3109528400.0
2019-02-27,3096568500.0
2019-02-28,3087972300.0
2019-03-01,3068602000.0
2019-03-02,3053602900.0
2019-03-03,3034359800.0
2019-03-04,3015147500.0
2019-03-05,3002395800.0
2019-03-06,3087972300.0
2019-03-07,2970578300.0
2019-03-08,2957911400.0
2019-03-09,2938911100.0
2019-03-10,2917887000.0
2019-03-11,2907413500.0
2019-03-12,2888555800.0
2019-03-13,2867689800.0
2019-03-14,2857266400.0
2019-03-15,2836496800.0
2019-03-16,2822006600.0
2019-03-17,2807524100.0
2019-03-18,2795161700.0
2019-03-19,2791037100.0
2019-03-20,2772541800.0
2019-03-21,2756570000.0
2019-03-22,2744320200.0
2019-03-23,2723916800.0
2019-03-24,2707667200.0
2019-03-25,2695517600.0
2019-03-26,2683364100.0
2019-03-27,2659164900.0
2019-03-28,2647115300.0
2019-03-29,2637071400.0
2019-03-30,2621060500.0
2019-03-31,2609064900.0
2019-04-01,2603078600.0
2019-04-02,2613060900.0
2019-04-03,2659164900.0
2019-04-04,2589154200.0
2019-04-05,2579210500.0
2019-04-06,2579210500.0
2019-04-07,2581196900.0
2019-04-08,2585173600.0
2019-04-09,2575237600.0
2019-04-10,2565343800.0
2019-04-11,2555442400.0
2019-04-12,2539662500.0
2019-04-13,2535720400.0
2019-04-14,2527840100.0
2019-04-15,2516067700.0
2019-04-16,2504299100.0
2019-04-17,2488669400.0
2019-04-18,2482814000.0
2019-04-19,2486717600.0
2019-04-20,2480862200.0
2019-04-21,2496492000.0
2019-04-22,2510181500.0
2019-04-23,2527840100.0
2019-04-24,2545583300.0
2019-04-25,2553463700.0
2019-04-26,2567326400.0
2019-04-27,2571291600.0
2019-04-28,2581196900.0
2019-04-29,2593134800.0
2019-04-30,2589154200.0
2019-05-01,2581196900.0
2019-05-02,2573251100.0
2019-05-03,2561382500.0
2019-05-04,2549510000.0
2019-05-05,2537691400.0
2019-05-06,2525872900.0
2019-05-07,2516067700.0
2019-05-08,2514104300.0
2019-05-09,2508218100.0
2019-05-10,2518031000.0
2019-05-11,2523905700.0
2019-05-12,2531778300.0
2019-05-13,2541633500.0
2019-05-14,2569309000.0
2019-05-15,2591144500.0
2019-05-16,2607070700.0
2019-05-17,2631054400.0
2019-05-18,2651111300.0
2019-05-19,2683364100.0
2019-05-20,2709699900.0
2019-05-21,2736151200.0
2019-05-22,2762718000.0
2019-05-23,2787344500.0
2019-05-24,2824482500.0
2019-05-25,2855565000.0
2019-05-26,2895190000.0
2019-05-27,2941340200.0
2019-05-28,2975113600.0
2019-05-29,2998423500.0
2019-05-30,3028212500.0
2019-05-31,3070982700.0
2019-06-01,3111893400.0
2019-06-02,3146506100.0
2019-06-03,3172595500.0
2019-06-04,3194434900.0
2019-06-05,3194434900.0
2019-06-06,3211927900.0
2019-06-07,3242667800.0
2019-06-08,3262493700.0
2019-06-09,3273546200.0
2019-06-10,3271336500.0
2019-06-11,3284591000.0
2019-06-12,3304559400.0
2019-06-13,3315654200.0
2019-06-14,3324562400.0
2019-06-15,3360279900.0
2019-06-16,3378192600.0
2019-06-17,3391678100.0
2019-06-18,3402907700.0
2019-06-19,3405163600.0
2019-06-20,3398403500.0
2019-06-21,3391678100.0
2019-06-22,3375948200.0
2019-06-23,3362520500.0
2019-06-24,3353566100.0
2019-06-25,3346856000.0
2019-06-26,3340153700.0
2019-06-27,3337917000.0
2019-06-28,3342386500.0
2019-06-29,3349092700.0
2019-06-30,3358043300.0
2019-07-01,3369218900.0
2019-07-02,3362520500.0
2019-07-03,3369218900.0
2019-07-04,3362520500.0
2019-07-05,3362520500.0
2019-07-06,3362520500.0
2019-07-07,3358043300.0
2019-07-08,3351325500.0
2019-07-09,3391457500.0
2019-07-10,3382411500.0
2019-07-11,3366629600.0
2019-07-12,3353107300.0
2019-07-13,3366629600.0
2019-07-14,3375660100.0
2019-07-15,3386934500.0
2019-07-16,3393724900.0
2019-07-17,3405026600.0
2019-07-18,3414103800.0
2019-07-19,3420921500.0
2019-07-20,3430018200.0
2019-07-21,3439099300.0
2019-07-22,3436820200.0
2019-07-23,3455068100.0
2019-07-24,3455068100.0
2019-07-25,3443657300.0
2019-07-26,3430018200.0
2019-07-27,3414103800.0
2019-07-28,3398255700.0
2019-07-29,3380151900.0
2019-07-30,3371140900.0
2019-07-31,3359862600.0
2019-08-01,3339635600.0
2019-08-02,3335143700.0
2019-08-03,3330651900.0
2019-08-04,3326163900.0
2019-08-05,3306034300.0
2019-08-06,3285959300.0
2019-08-07,3263718100.0
2019-08-08,3257052400.0
2019-08-09,3243736600.0
2019-08-10,3234900900.0
2019-08-11,3226049600.0
2019-08-12,3223840700.0
2019-08-13,3217210100.0
2019-08-14,3212796100.0
2019-08-15,3210587200.0
2019-08-16,3190784900.0
2019-08-17,3171037100.0
2019-08-18,3164457000.0
2019-08-19,3155695400.0
2019-08-20,3149598500.0
2019-08-21,3129067600.0
2019-08-22,3119071000.0
2019-08-23,3103628000.0
2019-08-24,3083264700.0
2019-08-25,3073525200.0
2019-08-26,3050232200.0
2019-08-27,3034329500.0
2019-08-28,3022727800.0
2019-08-29,3016315400.0
2019-08-30,3007526400.0
2019-08-31,2987233200.0
2019-09-01,2976352200.0
2019-09-02,2961680700.0
2019-09-03,2943826200.0
2019-09-04,2926684700.0
2019-09-05,2909161400.0
2019-09-06,2894606700.0
2019-09-07,2877585900.0
2019-09-08,2858305600.0
2019-09-09,2839894100.0
2019-09-10,2829897400.0
2019-09-11,2815728400.0
2019-09-12,2808236800.0
2019-09-13,2802654100.0
2019-09-14,2785851500.0
2019-09-15,2769123000.0
2019-09-16,2770568300.0
2019-09-17,2756948600.0
2019-09-18,2745849400.0
2019-09-19,2735365800.0
2019-09-20,2729642900.0
2019-09-21,2736394300.0
2019-09-22,2765819300.0
2019-09-23,2762722200.0
2019-09-24,2742354900.0
2019-09-25,2734337400.0
2019-09-26,2729845500.0
2019-09-27,2710791100.0
2019-09-28,2693863900.0
2019-09-29,2671494200.0
2019-09-30,2654855200.0
2019-10-01,2643545700.0
2019-10-02,2644352200.0
2019-10-03,2626201600.0
2019-10-04,2608086200.0
2019-10-05,2594057400.0
2019-10-06,2729642900.0
2019-10-07,2588046200.0
2019-10-08,2590048600.0
2019-10-09,2592054900.0
2019-10-10,2600076400.0
2019-10-11,2616131000.0
2019-10-12,2648399900.0
2019-10-13,2682858300.0
2019-10-14,2680824600.0
2019-10-15,2697128600.0
2019-10-16,2707316100.0
2019-10-17,2719595600.0
2019-10-18,2727796300.0
2019-10-19,2740091500.0
2019-10-20,2758596500.0
2019-10-21,2773046000.0
2019-10-22,2783366000.0
2019-10-23,2806183700.0
2019-10-24,2820722800.0
2019-10-25,2839473300.0
2019-10-26,2866666000.0
2019-10-27,2900298400.0
2019-10-28,2919278800.0
2019-10-29,2940433000.0
2019-10-30,2957422500.0
2019-10-31,2978697500.0
2019-11-01,2993618400.0
2019-11-02,3008597800.0
2019-11-03,2995757200.0
2019-11-04,3006455100.0
2019-11-05,2993618400.0
2019-11-06,3004316300.0
2019-11-07,3008597800.0
2019-11-08,3017172400.0
2019-11-09,3025731500.0
2019-11-10,3036480000.0
2019-11-11,3049371200.0
2019-11-12,3049371200.0
2019-11-13,3064475200.0
2019-11-14,3079583200.0
2019-11-15,3096927300.0
2019-11-16,3116460800.0
2019-11-17,3131685600.0
2019-11-18,3146972700.0
2019-11-19,3136048900.0
2019-11-20,3127326200.0
2019-11-21,3114283000.0
2019-11-22,3101239900.0
2019-11-23,3096927300.0
2019-11-24,3079583200.0
2019-11-25,3066633500.0
2019-11-26,3049371200.0
2019-11-27,3034329500.0
2019-11-28,3019291700.0
2019-11-29,2993618400.0
2019-11-30,2989372000.0
2019-12-01,2972300600.0
2019-12-02,2955299300.0
2019-12-03,2942552300.0
2019-12-04,2923509600.0
2019-12-05,2908736700.0
2019-12-06,2919278800.0
2019-12-07,2929859800.0
2019-12-08,2938337000.0
2019-12-09,2944675500.0
2019-12-10,2940433000.0
2019-12-11,2944675500.0
2019-12-12,2946798700.0
2019-12-13,2951049000.0
2019-12-14,2948921900.0
2019-12-15,2965911500.0
2019-12-16,2970169600.0
2019-12-17,2978697500.0
2019-12-18,2987233200.0
2019-12-19,2972300600.0
2019-12-20,2991506900.0
2019-12-21,2982963400.0
2019-12-22,2963807800.0
2019-12-23,2948921900.0
2019-12-24,2955299300.0
2019-12-25,2970169600.0
2019-12-26,2978697500.0
2019-12-27,2989372000.0
2019-12-28,2995757200.0
2019-12-29,3002173600.0
2019-12-30,2985098300.0
2019-12-31,3010740500.0
2020-01-01,3006455100.0
2020-01-02,2989372000.0
2020-01-03,2970169600.0
2020-01-04,2953172200.0
2020-01-05,2934098400.0
2020-01-06,2915047900.0
2020-01-07,2891867900.0
2020-01-08,2877165200.0
2020-01-09,2868765800.0
2020-01-10,2858305600.0
2020-01-11,2837385200.0
2020-01-12,2841565400.0
2020-01-13,2831148000.0
2020-01-14,2820722800.0
2020-01-15,2804107200.0
2020-01-16,2756535600.0
2020-01-17,2756535600.0
2020-01-18,2740091500.0
2020-01-19,2715497300.0
2020-01-20,2695087200.0
2020-01-21,2674747200.0
2020-01-22,2656475900.0
2020-01-23,2660531400.0
2020-01-24,2646378000.0
2020-01-25,2632228400.0
2020-01-26,2610096400.0
2020-01-27,2588046200.0
2020-01-28,2572069500.0
2020-01-29,2550175100.0
2020-01-30,2532305100.0
2020-01-31,2510570400.0
2020-02-01,2488929200.0
2020-02-02,2471292900.0
2020-02-03,2430371500.0
2020-02-04,2430371500.0
2020-02-05,2407113500.0
2020-02-06,2385908700.0
2020-02-07,2374396600.0
2020-02-08,2364801200.0
2020-02-09,2368634700.0
2020-02-10,2364801200.0
2020-02-11,2353335900.0
2020-02-12,2326669200.0
2020-02-13,2302051600.0
2020-02-14,2283227100.0
2020-02-15,2285108800.0
2020-02-16,2264472700.0
2020-02-17,2243980800.0
2020-02-18,2219904800.0
2020-02-19,2197835000.0
2020-02-20,2179622200.0
2020-02-21,2163407900.0
2020-02-22,2149083000.0
2020-02-23,2133016700.0
2020-02-24,2120585200.0
2020-02-25,2106400600.0
2020-02-26,2088744900.0
2020-02-27,2078187200.0
2020-02-28,2050114100.0
2020-02-29,2027425000.0
2020-03-01,2011787200.0
2020-03-02,1997910400.0
2020-03-03,1987555300.0
2020-03-04,1972054000.0
2020-03-05,1949754400.0
2020-03-06,1927567800.0
2020-03-07,1907192800.0
2020-03-08,1891964100.0
2020-03-09,1876813300.0
2020-03-10,1858374500.0
2020-03-11,1841684900.0
2020-03-12,1831700000.0
2020-03-13,1817761900.0
2020-03-14,1799595800.0
2020-03-15,1783167500.0
2020-03-16,1761928200.0
2020-03-17,1740833400.0
2020-03-18,1719887000.0
2020-03-19,1700670500.0
2020-03-20,1684738100.0
2020-03-21,1667286600.0
2020-03-22,1646765800.0
2020-03-23,1631040400.0
2020-03-24,1607610400.0
2020-03-25,1588964000.0
2020-03-26,1565787900.0
2020-03-27,1547368000.0
2020-03-28,1536656600.0
2020-03-29,1513847400.0
2020-03-30,1501761500.0
2020-03-31,1501761500.0
2020-04-01,1504783900.0
2020-04-02,1485204300.0
2020-04-03,1496298900.0
2020-04-04,1508385600.0
2020-04-05,1518983900.0
2020-04-06,1518983900.0
2020-04-07,1518983900.0
2020-04-08,1511417000.0
2020-04-09,1525066300.0
2020-04-10,1509901300.0
2020-04-11,1532684000.0
2020-04-12,1544895700.0
2020-04-13,1552544700.0
2020-04-14,1560228800.0
2020-04-15,1551028900.0
2020-04-16,1535719400.0
2020-04-17,1541833000.0
2020-04-18,1525066300.0
2020-04-19,1528113400.0
2020-04-20,1509901300.0
2020-04-21,1496298900.0
2020-04-22,1493298700.0
2020-04-23,1490286800.0
2020-04-24,1481266700.0
2020-04-25,1496298900.0
2020-04-26,1505362000.0
2020-04-27,1511417000.0
2020-04-28,1509901300.0
2020-04-29,1499314700.0
2020-04-30,1511417000.0
2020-05-01,1499314700.0
2020-05-02,1491794700.0
2020-05-03,1482766800.0
2020-05-04,1473785700.0
2020-05-05,1461824000.0
2020-05-06,1441006300.0
2020-05-07,1449920900.0
2020-05-08,1455874400.0
2020-05-09,1460331700.0
2020-05-10,1466304800.0
2020-05-11,1454386000.0
2020-05-12,1445459700.0
2020-05-13,1435095700.0
2020-05-14,1441006300.0
2020-05-15,1446948100.0
2020-05-16,1455874400.0
2020-05-17,1460331700.0
2020-05-18,1467797100.0
2020-05-19,1482766800.0
2020-05-20,1463316300.0
2020-05-21,1467797100.0
2020-05-22,1475285800.0
2020-05-23,1478266500.0
2020-05-24,1481266700.0
2020-05-25,1481266700.0
2020-05-26,1460331700.0
2020-05-27,1466304800.0
2020-05-28,1481266700.0
2020-05-29,1488782800.0
2020-05-30,1511417000.0
2020-05-31,1522023200.0
2020-06-01,1529637000.0
2020-06-02,1536789800.0
2020-06-03,1543516700.0
2020-06-04,1547349000.0
2020-06-05,1556845700.0
2020-06-06,1561154600.0
2020-06-07,1565619700.0
2020-06-08,1573006900.0
2020-06-09,1576405600.0
2020-06-10,1594680200.0
2020-06-11,1603239300.0
2020-06-12,1635905500.0
2020-06-13,1639050200.0
2020-06-14,1649285200.0
2020-06-15,1659379600.0
2020-06-16,1661434500.0
2020-06-17,1674732200.0
2020-06-18,1681404500.0
2020-06-19,1705324000.0
2020-06-20,1732290500.0
2020-06-21,1758694600.0
2020-06-22,1777949700.0
2020-06-23,1791063800.0
2020-06-24,1799626900.0
2020-06-25,1825765300.0
2020-06-26,1843571100.0
2020-06-27,1859451000.0
2020-06-28,1885683200.0
2020-06-29,1896316700.0
2020-06-30,1908864300.0
2020-07-01,1947386300.0
2020-07-02,1971778500.0
2020-07-03,2003050100.0
2020-07-04,2032993400.0
2020-07-05,2063651600.0
2020-07-06,2092356600.0
2020-07-07,2113959500.0
2020-07-08,2140301000.0
2020-07-09,2160349200.0
2020-07-10,2187245400.0
2020-07-11,2215298000.0
2020-07-12,2239737100.0
2020-07-13,2266027800.0
2020-07-14,2292513900.0
2020-07-15,2308374300.0
2020-07-16,2320687600.0
2020-07-17,2327156700.0
2020-07-18,2336684700.0
2020-07-19,2345825900.0
2020-07-20,2355584300.0
2020-07-21,2354244400.0
2020-07-22,2373409700.0
2020-07-23,2373218300.0
2020-07-24,2387660600.0
2020-07-25,2400384100.0
2020-07-26,2411998100.0
2020-07-27,2440335900.0
2020-07-28,2470623000.0
2020-07-29,2493796300.0
2020-07-30,2496753500.0
2020-07-31,2508988700.0
2020-08-01,2520833200.0
2020-08-02,2530943200.0
2020-08-03,2536486500.0
2020-08-04,2538068700.0
2020-08-05,2524399800.0
2020-08-06,2508988700.0
2020-08-07,2516082900.0
2020-08-08,2522419200.0
2020-08-09,2521227800.0
2020-08-10,2506023700.0
2020-08-11,2488870200.0
2020-08-12,2494190900.0
2020-08-13,2512324800.0
2020-08-14,2508199600.0
2020-08-15,2525786600.0
2020-08-16,2541049300.0
2020-08-17,2566734600.0
2020-08-18,2582540300.0
2020-08-19,2602588400.0
2020-08-20,2640672900.0
2020-08-21,2662146900.0
2020-08-22,2691453500.0
2020-08-23,2717826300.0
2020-08-24,2745968700.0
2020-08-25,2764520700.0
2020-08-26,2789166800.0
2020-08-27,2805976400.0
2020-08-28,2843084300.0
2020-08-29,2830560100.0
2020-08-30,2819078800.0
2020-08-31,2807851600.0
2020-09-01,2809933700.0
2020-09-02,2807851600.0
2020-09-03,2822208000.0
2020-09-04,2847694000.0
2020-09-05,2860065800.0
2020-09-06,2890552200.0
2020-09-07,2915245200.0
2020-09-08,2951485800.0
2020-09-09,2973213700.0
2020-09-10,2996508200.0
2020-09-11,3022451200.0
2020-09-12,3029307100.0
2020-09-13,3051726500.0
2020-09-14,3058180100.0
2020-09-15,3079173600.0
2020-09-16,3099776500.0
2020-09-17,3120871600.0
2020-09-18,3151232900.0
2020-09-19,3174027300.0
2020-09-20,3194032500.0
2020-09-21,3217221500.0
2020-09-22,3239793300.0
2020-09-23,3257095200.0
2020-09-24,3272682100.0
2020-09-25,3299457200.0
2020-09-26,3315114500.0
2020-09-27,3346557900.0
2020-09-28,3364574700.0
2020-09-29,3380399900.0
2020-09-30,3405315600.0
2020-10-01,3407589200.0
2020-10-02,3409858800.0
2020-10-03,3421203300.0
2020-10-04,3437157500.0
2020-10-05,3439438900.0
2020-10-06,3459979200.0
2020-10-07,3473695000.0
2020-10-08,3487465400.0
2020-10-09,3498958300.0
2020-10-10,3508134700.0
2020-10-11,3505833700.0
2020-10-12,3508134700.0
2020-10-13,3526585100.0
2020-10-14,3542730600.0
2020-10-15,3554305600.0
2020-10-16,3565868800.0
2020-10-17,3568189300.0
2020-10-18,3575154600.0
2020-10-19,3577478900.0
2020-10-20,3575154600.0
2020-10-21,3570513700.0
2020-10-22,3563552300.0
2020-10-23,3556626000.0
2020-10-24,3556626000.0
2020-10-25,3551992900.0
2020-10-26,3568189300.0
2020-10-27,3563552300.0
2020-10-28,3565868800.0
2020-10-29,3565868800.0
2020-10-30,3563552300.0
2020-10-31,3577478900.0
2020-11-01,3593730000.0
2020-11-02,3614707900.0
2020-11-03,3635713100.0
2020-11-04,3647393600.0
2020-11-05,3649733600.0
2020-11-06,3654425300.0
2020-11-07,3649733600.0
2020-11-08,3642737000.0
2020-11-09,3642737000.0
2020-11-10,3673207700.0
2020-11-11,3708479500.0
2020-11-12,3739184600.0
2020-11-13,3784269500.0
2020-11-14,3820010100.0
2020-11-15,3851090200.0
2020-11-16,3879857700.0
2020-11-17,3903890500.0
2020-11-18,3930388200.0
2020-11-19,3947276000.0
2020-11-20,3959370600.0
2020-11-21,3964214600.0
2020-11-22,3973875400.0
2020-11-23,3976297400.0
2020-11-24,3966636700.0
2020-11-25,3956948500.0
2020-11-26,3947276000.0
2020-11-27,3947276000.0
2020-11-28,3952112300.0
2020-11-29,3956948500.0
2020-11-30,3956948500.0
2020-12-01,3962277000.0
2020-12-02,3968089900.0
2020-12-03,4006611900.0
2020-12-04,4018280600.0
2020-12-05,4026800700.0
2020-12-06,4047239500.0
2020-12-07,4040410900.0
2020-12-08,4033601900.0
2020-12-09,4020472100.0
2020-12-10,4006123600.0
2020-12-11,3990610900.0
2020-12-12,3977024000.0
2020-12-13,3961066000.0
2020-12-14,3950174700.0
2020-12-15,3951627900.0
2020-12-16,3950416900.0
2020-12-17,3940767800.0
2020-12-18,3926766900.0
2020-12-19,3909914300.0
2020-12-20,3892815500.0
2020-12-21,3882232800.0
2020-12-22,3866649800.0
2020-12-23,3855856100.0
2020-12-24,3842464700.0
2020-12-25,3839112900.0
2020-12-26,3845816400.0
2020-12-27,3841507600.0
2020-12-28,3837437000.0
2020-12-29,3827631700.0
2020-12-30,3817861500.0
2020-12-31,3803540300.0
2021-01-01,3792824800.0
2021-01-02,3785222700.0
2021-01-03,3785222700.0
2021-01-04,3772139800.0
2021-01-05,3753880900.0
2021-01-06,3736582900.0
2021-01-07,3721706900.0
2021-01-08,3715323700.0
2021-01-09,3700721200.0
2021-01-10,3695064600.0
2021-01-11,3704229200.0
2021-01-12,3721706900.0
2021-01-13,3733516300.0
2021-01-14,3749849400.0
2021-01-15,3759103800.0
2021-01-16,3766912900.0
2021-01-17,3774753300.0
2021-01-18,3762639200.0
2021-01-19,3743450500.0
2021-01-20,3724070400.0
2021-01-21,3705647300.0
2021-01-22,3690353400.0
2021-01-23,3680704300.0
2021-01-24,3675762600.0
2021-01-25,3660992100.0
2021-01-26,3645284100.0
2021-01-27,3627294600.0
2021-01-28,3608176200.0
2021-01-29,3589077300.0
2021-01-30,3569353400.0
2021-01-31,3549676400.0
2021-02-01,3529093000.0
2021-02-02,3510670000.0
2021-02-03,3492289900.0
2021-02-04,3473237900.0
2021-02-05,3462268400.0
2021-02-06,3444661900.0
2021-02-07,3425074700.0
2021-02-08,3414605200.0
2021-02-09,3408268900.0
2021-02-10,3397143200.0
2021-02-11,3380853100.0
2021-02-12,3363895000.0
2021-02-13,3345206300.0
2021-02-14,3324990100.0
2021-02-15,3305027900.0
2021-02-16,3284702400.0
2021-02-17,3263326000.0
2021-02-18,3248200100.0
2021-02-19,3232249800.0
2021-02-20,3213463500.0
2021-02-21,3199989900.0
2021-02-22,3184809300.0
2021-02-23,3170074000.0
2021-02-24,3153424500.0
2021-02-25,3137005400.0
2021-02-26,3128293900.0
2021-02-27,3117601900.0
2021-02-28,3101296100.0
2021-03-01,3085006000.0
2021-03-02,3078306400.0
2021-03-03,3066395500.0
2021-03-04,3058180100.0
2021-03-05,3044819900.0
2021-03-06,3040077400.0
2021-03-07,3051726500.0
2021-03-08,3052589900.0
2021-03-09,3048702900.0
2021-03-10,3042878300.0
2021-03-11,3040292200.0
2021-03-12,3041800100.0
2021-03-13,3044386200.0
2021-03-14,3049999900.0
2021-03-15,3047839600.0
2021-03-16,3046976200.0
2021-03-17,3056019800.0
2021-03-18,3069641800.0
2021-03-19,3094994900.0
2021-03-20,3140724400.0
2021-03-21,3172050700.0
2021-03-22,3206170000.0
2021-03-23,3223831300.0
2021-03-24,3256649800.0
2021-03-25,3282026400.0
2021-03-26,3301668300.0
2021-03-27,3323193100.0
2021-03-28,3339799700.0
2021-03-29,3357800800.0
2021-03-30,3377458300.0
2021-03-31,3392607700.0
2021-04-01,3407132100.0
2021-04-02,3421887000.0
2021-04-03,3441493700.0
2021-04-04,3463639600.0
2021-04-05,3482871300.0
2021-04-06,3486316900.0
2021-04-07,3478281200.0
2021-04-08,3468909500.0
2021-04-09,3470042400.0
2021-04-10,3477132700.0
2021-04-11,3503528900.0
2021-04-12,3529327400.0
2021-04-13,3521276100.0
2021-04-14,3528178900.0
2021-04-15,3513896800.0
2021-04-16,3527495300.0
2021-04-17,3537183400.0
2021-04-18,3548285700.0
2021-04-19,3551528100.0
2021-04-20,3533714400.0
2021-04-21,3526811600.0
2021-04-22,3517354000.0
2021-04-23,3551992900.0
2021-04-24,3565868800.0
2021-04-25,3563552300.0
2021-04-26,3549676400.0
2021-04-27,3538105300.0
2021-04-28,3533483900.0
2021-04-29,3561231800.0
2021-04-30,3586749100.0
2021-05-01,3605144800.0
2021-05-02,3637818700.0
2021-05-03,3683997500.0
2021-05-04,3721941300.0
2021-05-05,3753169900.0
2021-05-06,3782605400.0
2021-05-07,3817861500.0
2021-05-08,3854414600.0
2021-05-09,3890651300.0
2021-05-10,3929423300.0
2021-05-11,3949209800.0
2021-05-12,3974359800.0
2021-05-13,3994736100.0
2021-05-14,4030211000.0
2021-05-15,4058709000.0
2021-05-16,4098750600.0
2021-05-17,4147070100.0
2021-05-18,4161801500.0
2021-05-19,4169438700.0
2021-05-20,4169930900.0
2021-05-21,4164266500.0
2021-05-22,4188393000.0
2021-05-23,4186420300.0
2021-05-24,4181021500.0
2021-05-25,4190369700.0
2021-05-26,4196784200.0
2021-05-27,4191600300.0
2021-05-28,4183490400.0
2021-05-29,4177572000.0
2021-05-30,4182009800.0
2021-05-31,4196784200.0
2021-06-01,4222465500.0
2021-06-02,4238810300.0
2021-06-03,4246240500.0
2021-06-04,4240298700.0
2021-06-05,4212601600.0
2021-06-06,4205433200.0
2021-06-07,4200245400.0
2021-06-08,4228407300.0
2021-06-09,4246240500.0
2021-06-10,4242033200.0
2021-06-11,4232122400.0
2021-06-12,4235095200.0
2021-06-13,4230141800.0
2021-06-14,4243025400.0
2021-06-15,4228653400.0
2021-06-16,4222219400.0
2021-06-17,4203948700.0
2021-06-18,4193577000.0
2021-06-19,4184470900.0
2021-06-20,4192342500.0
2021-06-21,4219250500.0
2021-06-22,4223207800.0
2021-06-23,4234103000.0
2021-06-24,4241537100.0
2021-06-25,4234349100.0
2021-06-26,4214086100.0
2021-06-27,4208894400.0
2021-06-28,4199995300.0
2021-06-29,4190369700.0
2021-06-30,4173134300.0
2021-07-01,4157617600.0
2021-07-02,4145859600.0
2021-07-03,4131598400.0
2021-07-04,4121313100.0
2021-07-05,4109041800.0
2021-07-06,4111496800.0
2021-07-07,4101442100.0
2021-07-08,4093388900.0
2021-07-09,4087755600.0
2021-07-10,4092654000.0
2021-07-11,4091426500.0
2021-07-12,4080167700.0
2021-07-13,4070386600.0
2021-07-14,4063572700.0
2021-07-15,4066962100.0
2021-07-16,4093877600.0
2021-07-17,4104139500.0
2021-07-18,4108553100.0
2021-07-19,4097775200.0
2021-07-20,4084815800.0
2021-07-21,4070875300.0
2021-07-22,4056731400.0
2021-07-23,4041602400.0
2021-07-24,4038185700.0
2021-07-25,4036250600.0
2021-07-26,4029929300.0
2021-07-27,4035531300.0
2021-07-28,4027009000.0
2021-07-29,4014346800.0
2021-07-30,4002704900.0
2021-07-31,3988127100.0
2021-08-01,3973600200.0
2021-08-02,3957849600.0
2021-08-03,3943830800.0
2021-08-04,3946527500.0
2021-08-05,3932250900.0
2021-08-06,3914157700.0
2021-08-07,3903780000.0
2021-08-08,3902574300.0
2021-08-09,3892212400.0
2021-08-10,3883811700.0
2021-08-11,3874428400.0
2021-08-12,3880683900.0
2021-08-13,3897512800.0
2021-08-14,3917297200.0
2021-08-15,3930555900.0
2021-08-16,3935151700.0
2021-08-17,3953276200.0
2021-08-18,3964667700.0
2021-08-19,3964186200.0
2021-08-20,3967580200.0
2021-08-21,3960064200.0
2021-08-22,3950375500.0
2021-08-23,3961031100.0
2021-08-24,3965638600.0
2021-08-25,3981872400.0
2021-08-26,3986487700.0
2021-08-27,3986973100.0
2021-08-28,3989404100.0
2021-08-29,3981872400.0
2021-08-30,4004721900.0
2021-08-31,4022470700.0
2021-09-01,4040759700.0
2021-09-02,4042689600.0
2021-09-03,4045860500.0
2021-09-04,4049277900.0
2021-09-05,4073211800.0
2021-09-06,4074190400.0
2021-09-07,4103816100.0
2021-09-08,4130341400.0
2021-09-09,4126653900.0
2021-09-10,4125671300.0
2021-09-11,4128376300.0
2021-09-12,4131566700.0
2021-09-13,4127636400.0
2021-09-14,4131809400.0
2021-09-15,4147291700.0
2021-09-16,4137693100.0
2021-09-17,4124931500.0
2021-09-18,4110686200.0
2021-09-19,4121494400.0
2021-09-20,4122230400.0
2021-09-21,4117317600.0
2021-09-22,4118300100.0
2021-09-23,4136953200.0
2021-09-24,4146305200.0
2021-09-25,4134984200.0
2021-09-26,4134737500.0
2021-09-27,4120508000.0
2021-09-28,4119525400.0
2021-09-29,4113633900.0
2021-09-30,4123948900.0
2021-10-01,4117317600.0
2021-10-02,4138675600.0
2021-10-03,4141137900.0
2021-10-04,4133755000.0
2021-10-05,4133508300.0
2021-10-06,4143846800.0
2021-10-07,4152462800.0
2021-10-08,4139658200.0
2021-10-09,4128376300.0
2021-10-10,4123212900.0
2021-10-11,4114859200.0
2021-10-12,4106513300.0
2021-10-13,4111422200.0
2021-10-14,4122477000.0
2021-10-15,4130834700.0
2021-10-16,4147045000.0
2021-10-17,4154189200.0
2021-10-18,4156162100.0
2021-10-19,4159117700.0
2021-10-20,4161583900.0
2021-10-21,4158131200.0
2021-10-22,4155911600.0
2021-10-23,4150740400.0
2021-10-24,4142120500.0
2021-10-25,4143846800.0
2021-10-26,4159117700.0
2021-10-27,4178577100.0
2021-10-28,4173887400.0
2021-10-29,4169444400.0
2021-10-30,4166484900.0
2021-10-31,4166484900.0
2021-11-01,4174134100.0
2021-11-02,4170430900.0
2021-11-03,4170430900.0
2021-11-04,4182773600.0
2021-11-05,4172901000.0
2021-11-06,4167964700.0
2021-11-07,4158131200.0
2021-11-08,4160597400.0
2021-11-09,4160597400.0
2021-11-10,4164523700.0
2021-11-11,4156162100.0
2021-11-12,4146551800.0
2021-11-13,4149507300.0
2021-11-14,4147291700.0
2021-11-15,4139415500.0
2021-11-16,4130341400.0
2021-11-17,4121001200.0
2021-11-18,4110439600.0
2021-11-19,4113140700.0
2021-11-20,4110439600.0
2021-11-21,4108231800.0
2021-11-22,4104794800.0
2021-11-23,4112158100.0
2021-11-24,4129848200.0
2021-11-25,4145569200.0
2021-11-26,4162570300.0
2021-11-27,4179810200.0
2021-11-28,4179070400.0
2021-11-29,4169937600.0
2021-11-30,4174380700.0
2021-12-01,4181540500.0
2021-12-02,4181540500.0
2021-12-03,4193147300.0
2021-12-04,4201035200.0
2021-12-05,4206229900.0
2021-12-06,4201528400.0
2021-12-07,4189444100.0
2021-12-08,4184750500.0
2021-12-09,4175367200.0
2021-12-10,4165255800.0
2021-12-11,4156651500.0
2021-12-12,4148278100.0
2021-12-13,4139168900.0
2021-12-14,4130341400.0
2021-12-15,4121983800.0
2021-12-16,4113876600.0
2021-12-17,4108231800.0
2021-12-18,4102845300.0
2021-12-19,4091089700.0
2021-12-20,4079576900.0
2021-12-21,4068103200.0
2021-12-22,4057342000.0
2021-12-23,4041965400.0
2021-12-24,4025637600.0
2021-12-25,4015404900.0
2021-12-26,4004721900.0
2021-12-27,3994262100.0
2021-12-28,3980193000.0
2021-12-29,3969279100.0
2021-12-30,3957398300.0
2021-12-31,3942409300.0
2022-01-01,3928864800.0
2022-01-02,3918988300.0
2022-01-03,3905471200.0
2022-01-04,3891245500.0
2022-01-05,3873704200.0
2022-01-06,3862167800.0
2022-01-07,3858832600.0
2022-01-08,3846352900.0
2022-01-09,3857392000.0
2022-01-10,3869135800.0
2022-01-11,3863369600.0
2022-01-12,3851872400.0
2022-01-13,3870819100.0
2022-01-14,3868654300.0
2022-01-15,3855473900.0
2022-01-16,3840359600.0
2022-01-17,3853074200.0
2022-01-18,3837004800.0
2022-01-19,3820273800.0
2022-01-20,3820990200.0
2022-01-21,3817165600.0
2022-01-22,3799037100.0
2022-01-23,3780200000.0
2022-01-24,3761190700.0
2022-01-25,3745751600.0
2022-01-26,3732265800.0
2022-01-27,3719007000.0
2022-01-28,3706977400.0
2022-01-29,3694936100.0
2022-01-30,3676584500.0
2022-01-31,3665764500.0
2022-02-01,3647005800.0
2022-02-02,3627088300.0
2022-02-03,3607249100.0
2022-02-04,3592804200.0
2022-02-05,3576053600.0
2022-02-06,3558892000.0
2022-02-07,3544286700.0
2022-02-08,3527649600.0
2022-02-09,3510566300.0
2022-02-10,3495616400.0
2022-02-11,3476333100.0
2022-02-12,3457069400.0
2022-02-13,3452489300.0
2022-02-14,3437429800.0
2022-02-15,3418526200.0
2022-02-16,3400323300.0
2022-02-17,3382194800.0
2022-02-18,3367703000.0
2022-02-19,3351011100.0
2022-02-20,3353947100.0
2022-02-21,3348079100.0
2022-02-22,3341764800.0
2022-02-23,3326709300.0
2022-02-24,3310534200.0
2022-02-25,3298230600.0
2022-02-26,3289054700.0
2022-02-27,3276563300.0
2022-02-28,3287488900.0
2022-03-01,3302039500.0
2022-03-02,3325808900.0
2022-03-03,3321988300.0
2022-03-04,3322661600.0
2022-03-05,3317494300.0
2022-03-06,3327382600.0
2022-03-07,3327609600.0
2022-03-08,3333234900.0
2022-03-09,3321538100.0
2022-03-10,3328283000.0
2022-03-11,3319964400.0
2022-03-12,3334135300.0
2022-03-13,3336820700.0
2022-03-14,3332334600.0
2022-03-15,3331884400.0
2022-03-16,3335258800.0
2022-03-17,3330984000.0
2022-03-18,3324908600.0
2022-03-19,3325808900.0
2022-03-20,3332107500.0
2022-03-21,3339513900.0
2022-03-22,3338386500.0
2022-03-23,3345824300.0
2022-03-24,3332784700.0
2022-03-25,3319964400.0
2022-03-26,3308514200.0
2022-03-27,3305852300.0
2022-03-28,3304728800.0
2022-03-29,3319068000.0
2022-03-30,3328960200.0
2022-03-31,3345147100.0
2022-04-01,3382421900.0
2022-04-02,3400323300.0
2022-04-03,3399642200.0
2022-04-04,3395551400.0
2022-04-05,3407596700.0
2022-04-06,3427843000.0
2022-04-07,3448856600.0
2022-04-08,3465775500.0
2022-04-09,3483653400.0
2022-04-10,3489862000.0
2022-04-11,3486644200.0
2022-04-12,3483884400.0
2022-04-13,3485262300.0
2022-04-14,3472199300.0
2022-04-15,3460506400.0
2022-04-16,3447713500.0
2022-04-17,3437429800.0
2022-04-18,3431722300.0
2022-04-19,3434458700.0
2022-04-20,3454321300.0
2022-04-21,3475644200.0
2022-04-22,3531583800.0
2022-04-23,3577216300.0
2022-04-24,3583033400.0
2022-04-25,3582101700.0
2022-04-26,3601181500.0
2022-04-27,3603048700.0
2022-04-28,3607018100.0
2022-04-29,3602813900.0
2022-04-30,3592804200.0
2022-05-01,3580708100.0
2022-05-02,3574194200.0
2022-05-03,3577682100.0
2022-05-04,3583734100.0
2022-05-05,3584199900.0
2022-05-06,3591183600.0
2022-05-07,3619865900.0
2022-05-08,3632005000.0
2022-05-09,3644657000.0
2022-05-10,3638096100.0
2022-05-11,3636221100.0
2022-05-12,3643721400.0
2022-05-13,3652842400.0
2022-05-14,3660828200.0
2022-05-15,3682217600.0
2022-05-16,3687627600.0
2022-05-17,3688097300.0
2022-05-18,3692105900.0
2022-05-19,3694701300.0
2022-05-20,3688336100.0
2022-05-21,3682918300.0
2022-05-22,3677289100.0
2022-05-23,3671879100.0
2022-05-24,3677054200.0
2022-05-25,3677997700.0
2022-05-26,3681520800.0
2022-05-27,3668583000.0
2022-05-28,3652141700.0
2022-05-29,3651679800.0
2022-05-30,3660358500.0
2022-05-31,3660593300.0
2022-06-01,3663881600.0
2022-06-02,3676114700.0
2022-06-03,3687862500.0
2022-06-04,3695409800.0
2022-06-05,3707212300.0
2022-06-06,3710504500.0
2022-06-07,3731792100.0
2022-06-08,3730844800.0
2022-06-09,3730844800.0
2022-06-10,3728476400.0
2022-06-11,3733451900.0
2022-06-12,3738901000.0
2022-06-13,3740087100.0
2022-06-14,3773113700.0
2022-06-15,3799403300.0
2022-06-16,3838032100.0
2022-06-17,3850067900.0
2022-06-18,3869569400.0
2022-06-19,3893944300.0
2022-06-20,3917653400.0
2022-06-21,3930268400.0
2022-06-22,3945077700.0
2022-06-23,3954056300.0
2022-06-24,3951381200.0
2022-06-25,3951865800.0
2022-06-26,3967443400.0
2022-06-27,3980822600.0
2022-06-28,4013270000.0
2022-06-29,4067397500.0
2022-06-30,4083601500.0
2022-07-01,4098343800.0
2022-07-02,4122257800.0
2022-07-03,4132347400.0
2022-07-04,4131362500.0
2022-07-05,4127438500.0
2022-07-06,4134573300.0
2022-07-07,4128663800.0
2022-07-08,4121517200.0
2022-07-09,4113622000.0
2022-07-10,4125957200.0
2022-07-11,4134573300.0
2022-07-12,4154102400.0
2022-07-13,4166945800.0
2022-07-14,4171653800.0
2022-07-15,4163230700.0
2022-07-16,4156824700.0
2022-07-17,4166945800.0
2022-07-18,4167442200.0
2022-07-19,4156328300.0
2022-07-20,4145198700.0
2022-07-21,4136547100.0
2022-07-22,4152124700.0
2022-07-23,4158546400.0
2022-07-24,4152617100.0
2022-07-25,4162372100.0
2022-07-26,4160657500.0
2022-07-27,4154725200.0
2022-07-28,4210736800.0
2022-07-29,4227875300.0
2022-07-30,4231115400.0
2022-07-31,4215462900.0
2022-08-01,4234599800.0
2022-08-02,4239586100.0
2022-08-03,4231115400.0
2022-08-04,4224142500.0
2022-08-05,4233354300.0
2022-08-06,4248561300.0
2022-08-07,4241828900.0
2022-08-08,4236846600.0
2022-08-09,4220937900.0
2022-08-10,4211730100.0
2022-08-11,4193109500.0
2022-08-12,4180464500.0
2022-08-13,4168564500.0
2022-08-14,4158438300.0
2022-08-15,4165095800.0
2022-08-16,4174019900.0
2022-08-17,4163609800.0
2022-08-18,4155221900.0
2022-08-19,4158935000.0
2022-08-20,4160168700.0
2022-08-21,4147799700.0
2022-08-22,4168812900.0
2022-08-23,4170795500.0
2022-08-24,4167575200.0
2022-08-25,4165344200.0
2022-08-26,4160413100.0
2022-08-27,4159924300.0
2022-08-28,4169061200.0
2022-08-29,4182202800.0
2022-08-30,4167326800.0
2022-08-31,4164106500.0
2022-09-01,4151016100.0
2022-09-02,4146562000.0
2022-09-03,4137413300.0
2022-09-04,4129782200.0
2022-09-05,4109474500.0
2022-09-06,4113006300.0
2022-09-07,4113006300.0
2022-09-08,4125580300.0
2022-09-09,4130625700.0
2022-09-10,4125580300.0
2022-09-11,4120574300.0
2022-09-12,4130625700.0
2022-09-13,4150846600.0
2022-09-14,4163420600.0
2022-09-15,4176073500.0
2022-09-16,4221560700.0
2022-09-17,4224083400.0
2022-09-18,4244383100.0
2022-09-19,4241821000.0
2022-09-20,4231690900.0
2022-09-21,4224083400.0
2022-09-22,4216515300.0
2022-09-23,4224083400.0
2022-09-24,4219038000.0
2022-09-25,4224083400.0
2022-09-26,4219038000.0
2022-09-27,4206385200.0
2022-09-28,4193732300.0
2022-09-29,4188686900.0
2022-09-30,4181118900.0
2022-10-01,4167456900.0
2022-10-02,4154086700.0
2022-10-03,4151343300.0
2022-10-04,4139455100.0
2022-10-05,4144500500.0
2022-10-06,4150089800.0
2022-10-07,4151591600.0
2022-10-08,4167456900.0
2022-10-09,4164682000.0
2022-10-10,4155348000.0
2022-10-11,4143743700.0
2022-10-12,4128859800.0
2022-10-13,4125083700.0
2022-10-14,4117042600.0
2022-10-15,4113258600.0
2022-10-16,4115024400.0
2022-10-17,4108717700.0
2022-10-18,4104468600.0
2022-10-19,4108465400.0
2022-10-20,4116033500.0
2022-10-21,4114015400.0
2022-10-22,4116285800.0
2022-10-23,4137184700.0
2022-10-24,4140464200.0
2022-10-25,4154591200.0
2022-10-26,4169727300.0
2022-10-27,4174792400.0
2022-10-28,4221813000.0
2022-10-29,4251194400.0
2022-10-30,4247662600.0
2022-10-31,4238037000.0
2022-11-01,4227867400.0
2022-11-02,4216010800.0
2022-11-03,4203357900.0
2022-11-04,4208907800.0
2022-11-05,4201339800.0
2022-11-06,4214497200.0
2022-11-07,4212455400.0
2022-11-08,4226353800.0
2022-11-09,4250185300.0
2022-11-10,4269945100.0
2022-11-11,4280615200.0
2022-11-12,4277588000.0
2022-11-13,4285195500.0
2022-11-14,4269192200.0
2022-11-15,4275286100.0
2022-11-16,4265412100.0
2022-11-17,4253464800.0
2022-11-18,4239550600.0
2022-11-19,4221056200.0
2022-11-20,4210673700.0
2022-11-21,4196255000.0
2022-11-22,4197516300.0
2022-11-23,4206385200.0
2022-11-24,4207646500.0
2022-11-25,4201339800.0
2022-11-26,4201844300.0
2022-11-27,4194741400.0
2022-11-28,4201083600.0
2022-11-29,4203610200.0
2022-11-30,4198777700.0
2022-12-01,4188182400.0
2022-12-02,4171997800.0
2022-12-03,4163168400.0
2022-12-04,4154086700.0
2022-12-05,4145509500.0
2022-12-06,4142734600.0
2022-12-07,4140968700.0
2022-12-08,4142482300.0
2022-12-09,4139202800.0
2022-12-10,4131634800.0
2022-12-11,4135671100.0
2022-12-12,4140716400.0
2022-12-13,4145761800.0
2022-12-14,4138193700.0
2022-12-15,4128103000.0
2022-12-16,4115529000.0
2022-12-17,4110483600.0
2022-12-18,4097909600.0
2022-12-19,4100392800.0
2022-12-20,4100392800.0
2022-12-21,4087858200.0
2022-12-22,4072761500.0
2022-12-23,4059233600.0
2022-12-24,4046178700.0
2022-12-25,4032130500.0
2022-12-26,4018401500.0
2022-12-27,4006383300.0
2022-12-28,3989437900.0
2022-12-29,3972760600.0
2022-12-30,3956619300.0
2022-12-31,3941014100.0
2023-01-01,3924991100.0
2023-01-02,3908471500.0
2023-01-03,3896496600.0
2023-01-04,3881510200.0
2023-01-05,3869330400.0
2023-01-06,3853484800.0
2023-01-07,3843768500.0
2023-01-08,3833110100.0
2023-01-09,3826066300.0
2023-01-10,3822928700.0
2023-01-11,3821462400.0
2023-01-12,3820248300.0
2023-01-13,3809645200.0
2023-01-14,3795163400.0
2023-01-15,3785545600.0
2023-01-16,3777650400.0
2023-01-17,3771418600.0
2023-01-18,3770709100.0
2023-01-19,3757267900.0
2023-01-20,3746546400.0
2023-01-21,3734839600.0
2023-01-22,3716983700.0
2023-01-23,3709849200.0
2023-01-24,3699167200.0
2023-01-25,3680483500.0
2023-01-26,3660932700.0
2023-01-27,3644890000.0
2023-01-28,3637834300.0
2023-01-29,3618638300.0
2023-01-30,3602043700.0
2023-01-31,3582177500.0
2023-02-01,3566812800.0
2023-02-02,3544786600.0
2023-02-03,3528089500.0
2023-02-04,3519551800.0
2023-02-05,3500836600.0
2023-02-06,3482200300.0
2023-02-07,3473016100.0
2023-02-08,3453086900.0
2023-02-09,3444588600.0
2023-02-10,3437730000.0
2023-02-11,3424966800.0
2023-02-12,3423137800.0
2023-02-13,3416090100.0
2023-02-14,3408585100.0
2023-02-15,3421324600.0
2023-02-16,3421100000.0
2023-02-17,3404950800.0
2023-02-18,3396775700.0
2023-02-19,3374568200.0
2023-02-20,3357413900.0
2023-02-21,3351067800.0
2023-02-22,3331497200.0
2023-02-23,3338237600.0
2023-02-24,3330373900.0
2023-02-25,3310192400.0
2023-02-26,3288926900.0
2023-02-27,3272620100.0
2023-02-28,3257050400.0
2023-03-01,3241922100.0
2023-03-02,3234858600.0
2023-03-03,3219769800.0
2023-03-04,3219769800.0
2023-03-05,3215571900.0
2023-03-06,3214897800.0
2023-03-07,3210459500.0
2023-03-08,3215347200.0
2023-03-09,3218445400.0
2023-03-10,3208701500.0
2023-03-11,3210680200.0
2023-03-12,3229300800.0
2023-03-13,3250148400.0
2023-03-14,3260842300.0
2023-03-15,3270172300.0
2023-03-16,3281102600.0
2023-03-17,3283124700.0
2023-03-18,3290949000.0
2023-03-19,3295627800.0
2023-03-20,3290499600.0
2023-03-21,3278406500.0
2023-03-22,3267026800.0
2023-03-23,3266581400.0
2023-03-24,3253258400.0
2023-03-25,3248362900.0
2023-03-26,3236391900.0
2023-03-27,3228197100.0
2023-03-28,3221977100.0
2023-03-29,3223092600.0
2023-03-30,3219107600.0
2023-03-31,3211121700.0
2023-04-01,3202993900.0
2023-04-02,3213329000.0
2023-04-03,3201890200.0
2023-04-04,3195488900.0
2023-04-05,3180297600.0
2023-04-06,3167313600.0
2023-04-07,3166430700.0
2023-04-08,3159185800.0
2023-04-09,3144964200.0
2023-04-10,3130537600.0
2023-04-11,3130104000.0
2023-04-12,3128117400.0
2023-04-13,3114628900.0
2023-04-14,3112208700.0
2023-04-15,3108740000.0
2023-04-16,3114408100.0
2023-04-17,3112425400.0
2023-04-18,3118535100.0
2023-04-19,3111991900.0
2023-04-20,3110474300.0
2023-04-21,3107864900.0
2023-04-22,3108956700.0
2023-04-23,3103931100.0
2023-04-24,3101763100.0
2023-04-25,3096776900.0
2023-04-26,3087198600.0
2023-04-27,3088499300.0
2023-04-28,3106540500.0
2023-04-29,3100679200.0
2023-04-30,3123994300.0
2023-05-01,3137080800.0
2023-05-02,3145839200.0
2023-05-03,3140801700.0
2023-05-04,3141243200.0
2023-05-05,3128779600.0
2023-05-06,3128117400.0
2023-05-07,3136426500.0
2023-05-08,3142567600.0
2023-05-09,3136205700.0
2023-05-10,3130537600.0
2023-05-11,3124036200.0
2023-05-12,3130569700.0
2023-05-13,3140636700.0
2023-05-14,3143913400.0
2023-05-15,3140636700.0
2023-05-16,3137130900.0
2023-05-17,3150071400.0
2023-05-18,3136688200.0
2023-05-19,3145020100.0
2023-05-20,3148964700.0
2023-05-21,3146111000.0
2023-05-22,3168063100.0
2023-05-23,3204023000.0
2023-05-24,3233943400.0
2023-05-25,3269998100.0
2023-05-26,3301523300.0
2023-05-27,3329811300.0
2023-05-28,3369992400.0
2023-05-29,3414956000.0
2023-05-30,3453797300.0
2023-05-31,3488290700.0
2023-06-01,3523155700.0
2023-06-02,3541918300.0
2023-06-03,3557036600.0
2023-06-04,3572154900.0
2023-06-05,3587107200.0
2023-06-06,3610253000.0
2023-06-07,3625948400.0
2023-06-08,3645461900.0
2023-06-09,3661983300.0
2023-06-10,3684164800.0
2023-06-11,3719065400.0
2023-06-12,3733847700.0
2023-06-13,3746495700.0
2023-06-14,3755369100.0
2023-06-15,3751309800.0
2023-06-16,3745784300.0
2023-06-17,3740527400.0
2023-06-18,3737167800.0
2023-06-19,3727642300.0
2023-06-20,3719539700.0
2023-06-21,3701476700.0
2023-06-22,3682979000.0
2023-06-23,3689856400.0
2023-06-24,3692939300.0
2023-06-25,3693887900.0
2023-06-26,3712859900.0
2023-06-27,3720725400.0
2023-06-28,3724796500.0
2023-06-29,3721689800.0
2023-06-30,3717405300.0
2023-07-01,3712148500.0
2023-07-02,3712859900.0
2023-07-03,3719539700.0
2023-07-04,3723136400.0
2023-07-05,3742428600.0
2023-07-06,3762562600.0
2023-07-07,3788483100.0
2023-07-08,3817415400.0
2023-07-09,3839956500.0
2023-07-10,3850889100.0
2023-07-11,3861837600.0
2023-07-12,3847988000.0
2023-07-13,3845059200.0
2023-07-14,3833403300.0
2023-07-15,3815004400.0
2023-07-16,3809214000.0
2023-07-17,3814281100.0
2023-07-18,3824929100.0
2023-07-19,3833889400.0
2023-07-20,3841411000.0
2023-07-21,3848715300.0
2023-07-22,3855995800.0
2023-07-23,3863798000.0
2023-07-24,3871623900.0
2023-07-25,3852359500.0
2023-07-26,3841411000.0
2023-07-27,3824688000.0
2023-07-28,3844335900.0
2023-07-29,3853817900.0
2023-07-30,3862327700.0
2023-07-31,3843312700.0
2023-08-01,3827537400.0
2023-08-02,3809390000.0
2023-08-03,3794445000.0
2023-08-04,3777127800.0
2023-08-05,3759138400.0
2023-08-06,3763946100.0
2023-08-07,3749554700.0
2023-08-08,3739022000.0
2023-08-09,3732609100.0
2023-08-10,3732134700.0
2023-08-11,3734506900.0
2023-08-12,3728299600.0
2023-08-13,3720906100.0
2023-08-14,3720194500.0
2023-08-15,3722096200.0
2023-08-16,3711614900.0
2023-08-17,3707819400.0
2023-08-18,3712089400.0
2023-08-19,3696203400.0
2023-08-20,3690739400.0
2023-08-21,3682436600.0
2023-08-22,3684097200.0
2023-08-23,3700940000.0
2023-08-24,3716628200.0
2023-08-25,3731181800.0
2023-08-26,3740469100.0
2023-08-27,3748348800.0
2023-08-28,3729493600.0
2023-08-29,3732134700.0
2023-08-30,3711852200.0
2023-08-31,3690976600.0
2023-09-01,3671366300.0
2023-09-02,3653645800.0
2023-09-03,3643532200.0
2023-09-04,3640464200.0
2023-09-05,3648434800.0
2023-09-06,3654812100.0
2023-09-07,3655986400.0
2023-09-08,3639764400.0
2023-09-09,3621178000.0
2023-09-10,3610874700.0
2023-09-11,3617212500.0
2023-09-12,3624949800.0
2023-09-13,3634086800.0
2023-09-14,3651044300.0
2023-09-15,3658833100.0
2023-09-16,3666859100.0
2023-09-17,3668045200.0
2023-09-18,3657884200.0
2023-09-19,3650095400.0
2023-09-20,3639531100.0
2023-09-21,3631754200.0
2023-09-22,3621411300.0
2023-09-23,3614879800.0
2023-09-24,3607842200.0
2023-09-25,3612298000.0
2023-09-26,3621644600.0
2023-09-27,3626349500.0
2023-09-28,3631054400.0
2023-09-29,3617912300.0
2023-09-30,3629654700.0
2023-10-01,3651281500.0
2023-10-02,3640230900.0
2023-10-03,3628468600.0
2023-10-04,3618145500.0
2023-10-05,3609941600.0
2023-10-06,3598471900.0
2023-10-07,3592608600.0
2023-10-08,3591434300.0
2023-10-09,3574872300.0
2023-10-10,3563675400.0
2023-10-11,3546259400.0
2023-10-12,3530725300.0
2023-10-13,3513332900.0
2023-10-14,3507113800.0
2023-10-15,3500866900.0
2023-10-16,3486799700.0
2023-10-17,3472313300.0
2023-10-18,3455767100.0
2023-10-19,3439521300.0
2023-10-20,3425343300.0
2023-10-21,3413288500.0
2023-10-22,3408951300.0
2023-10-23,3409180600.0
2023-10-24,3406199500.0
2023-10-25,3395062000.0
2023-10-26,3398932600.0
2023-10-27,3393705800.0
2023-10-28,3382813400.0
2023-10-29,3387996700.0
2023-10-30,3401652800.0
2023-10-31,3411703100.0
2023-11-01,3446819800.0
2023-11-02,3487487600.0
2023-11-03,3513099700.0
2023-11-04,3532330500.0
2023-11-05,3543693400.0
2023-11-06,3551158000.0
2023-11-07,3557183400.0
2023-11-08,3561350600.0
2023-11-09,3558583000.0
2023-11-10,3551857800.0
2023-11-11,3544626500.0
2023-11-12,3544393200.0
2023-11-13,3545792800.0
2023-11-14,3548125500.0
2023-11-15,3551158000.0
2023-11-16,3549058600.0
2023-11-17,3546026100.0
2023-11-18,3557183400.0
2023-11-19,3569040600.0
2023-11-20,3576271900.0
2023-11-21,3568807300.0
2023-11-22,3560433400.0
2023-11-23,3549291800.0
2023-11-24,3548125500.0
2023-11-25,3549291800.0
2023-11-26,3548358800.0
2023-11-27,3535568500.0
2023-11-28,3524225400.0
2023-11-29,3514266000.0
2023-11-30,3512182400.0
2023-12-01,3502013500.0
2023-12-02,3487258300.0
2023-12-03,3479651400.0
2023-12-04,3469790800.0
2023-12-05,3459701000.0
2023-12-06,3455767100.0
2023-12-07,3447737100.0
2023-12-08,3440438600.0
2023-12-09,3429929600.0
2023-12-10,3416218200.0
2023-12-11,3407346100.0
2023-12-12,3400059400.0
2023-12-13,3394611200.0
2023-12-14,3385968400.0
2023-12-15,3376206800.0
2023-12-16,3377582700.0
2023-12-17,3374170600.0
2023-12-18,3368761900.0
2023-12-19,3360352400.0
2023-12-20,3348175000.0
2023-12-21,3346597500.0
2023-12-22,3338484500.0
2023-12-23,3322523400.0
2023-12-24,3314185100.0
2023-12-25,3309001800.0
2023-12-26,3300066400.0
2023-12-27,3286165200.0
2023-12-28,3280127900.0
2023-12-29,3279226500.0
2023-12-30,3268753100.0
2023-12-31,3264060100.0
2024-01-01,3243821100.0
2024-01-02,3224685200.0
2024-01-03,3204110100.0
2024-01-04,3189536800.0
2024-01-05,3175849100.0
2024-01-06,3154321200.0
2024-01-07,3134157300.0
2024-01-08,3111206100.0
2024-01-09,3089421200.0
2024-01-10,3075543700.0
2024-01-11,3056447300.0
2024-01-12,3037469600.0
2024-01-13,3016356800.0
2024-01-14,3002819300.0
2024-01-15,2983351300.0
2024-01-16,2964990300.0
2024-01-17,2947483400.0
2024-01-18,2926920200.0
2024-01-19,2904890100.0
2024-01-20,2881504000.0
2024-01-21,2859228900.0
2024-01-22,2838096300.0
2024-01-23,2816394500.0
2024-01-24,2796214800.0
2024-01-25,2774303400.0
2024-01-26,2752423600.0
2024-01-27,2730227500.0
2024-01-28,2707114200.0
2024-01-29,2683052000.0
2024-01-30,2663943800.0
2024-01-31,2641087400.0
2024-02-01,2627206000.0
2024-02-02,2611735100.0
2024-02-03,2606516300.0
2024-02-04,2593892100.0
2024-02-05,2574530800.0
2024-02-06,2554248300.0
2024-02-07,2536417200.0
2024-02-08,2525742200.0
2024-02-09,2507634200.0
2024-02-10,2494875600.0
2024-02-11,2479025300.0
2024-02-12,2458173400.0
2024-02-13,2445312100.0
2024-02-14,2422064300.0
2024-02-15,2403177500.0
2024-02-16,2386658900.0
2024-02-17,2367523000.0
2024-02-18,2343911500.0
2024-02-19,2322126600.0
2024-02-20,2296894100.0
2024-02-21,2274041700.0
2024-02-22,2251703300.0
2024-02-23,2230744800.0
2024-02-24,2207690700.0
2024-02-25,2183834100.0
2024-02-26,2158633200.0
2024-02-27,2134899200.0
2024-02-28,2107855800.0
2024-02-29,2087771100.0
2024-03-01,2065096600.0
2024-03-02,2044703400.0
2024-03-03,2023511600.0
2024-03-04,2001046600.0
2024-03-05,1976276700.0
2024-03-06,1954598600.0
2024-03-07,1932189000.0
2024-03-08,1913495900.0
2024-03-09,1896210300.0
2024-03-10,1874820800.0
2024-03-11,1869056300.0
2024-03-12,1847144900.0
2024-03-13,1825020000.0
2024-03-14,1806358500.0
2024-03-15,1785641200.0
2024-03-16,1763547900.0
2024-03-17,1746017200.0
2024-03-18,1724022700.0
2024-03-19,1704732600.0
2024-03-20,1681706300.0
2024-03-21,1659739500.0
2024-03-22,1635566600.0
2024-03-23,1610104800.0
2024-03-24,1585670900.0
2024-03-25,1562632700.0
2024-03-26,1538847300.0
2024-03-27,1519537400.0
2024-03-28,1500721700.0
2024-03-29,1480360200.0
2024-03-30,1457041200.0
2024-03-31,1440712500.0
2024-04-01,1454076000.0
2024-04-02,1464063000.0
2024-04-03,1457942700.0
2024-04-04,1474350500.0
2024-04-05,1488058000.0
2024-04-06,1499345800.0
2024-04-07,1506320200.0
2024-04-08,1510266000.0
2024-04-09,1497376900.0
2024-04-10,1474801300.0
2024-04-11,1452312600.0
2024-04-12,1429614400.0
2024-04-13,1432726000.0
2024-04-14,1437897400.0
2024-04-15,1413843100.0
2024-04-16,1390797000.0
2024-04-17,1369478700.0
2024-04-18,1350912100.0
2024-04-19,1334140500.0
2024-04-20,1321627000.0
2024-04-21,1325367200.0
2024-04-22,1340498000.0
2024-04-23,1348571500.0
2024-04-24,1355976800.0
2024-04-25,1364690700.0
2024-04-26,1376207800.0
2024-04-27,1387139800.0
2024-04-28,1401037100.0
2024-04-29,1388895300.0
2024-04-30,1370502700.0
2024-05-01,1371234100.0
2024-05-02,1357269600.0
2024-05-03,1352774300.0
2024-05-04,1376500400.0
2024-05-05,1370795200.0
2024-05-06,1354237100.0
2024-05-07,1349449200.0
2024-05-08,1357269600.0
2024-05-09,1378801500.0
2024-05-10,1396063300.0
2024-05-11,1404002400.0
2024-05-12,1434959800.0
2024-05-13,1450509700.0
2024-05-14,1461809400.0
2024-05-15,1482914300.0
2024-05-16,1509965500.0
2024-05-17,1524277900.0
2024-05-18,1530097700.0
2024-05-19,1540080800.0
2024-05-20,1530714500.0
2024-05-21,1526729200.0
2024-05-22,1521692100.0
2024-05-23,1520462500.0
2024-05-24,1532679500.0
2024-05-25,1532987900.0
2024-05-26,1530714500.0
2024-05-27,1528401600.0
2024-05-28,1536225900.0
2024-05-29,1533604600.0
2024-05-30,1523969500.0
2024-05-31,1542239500.0
2024-06-01,1552068400.0
2024-06-02,1563249500.0
2024-06-03,1584247600.0
2024-06-04,1597373900.0
2024-06-05,1602272500.0
2024-06-06,1586615900.0
2024-06-07,1571307100.0
2024-06-08,1553646000.0
2024-06-09,1556888000.0
2024-06-10,1555191800.0
2024-06-11,1575201500.0
2024-06-12,1579740400.0
2024-06-13,1591285200.0
2024-06-14,1599587900.0
2024-06-15,1644778700.0
2024-06-16,1663914600.0
2024-06-17,1669963800.0
2024-06-18,1689412100.0
2024-06-19,1717174900.0
2024-06-20,1746017200.0
2024-06-21,1769280800.0
2024-06-22,1812668700.0
2024-06-23,1851996100.0
2024-06-24,1873468700.0
2024-06-25,1903050200.0
2024-06-26,1923949500.0
2024-06-27,1958046200.0
2024-06-28,1979222200.0
2024-06-29,1991787100.0
2024-06-30,2008218700.0
2024-07-01,2019826700.0
2024-07-02,2051258600.0
2024-07-03,2063495300.0
2024-07-04,2070967800.0
2024-07-05,2078835700.0
2024-07-06,2083105700.0
2024-07-07,2079547400.0
2024-07-08,2067587400.0
2024-07-09,2057802000.0
2024-07-10,2053907600.0
2024-07-11,2052682000.0
2024-07-12,2067587400.0
2024-07-13,2060470800.0
2024-07-14,2046454900.0
2024-07-15,2035503100.0
2024-07-16,2019826700.0
2024-07-17,2004723600.0
2024-07-18,1997567400.0
2024-07-19,1984441100.0
2024-07-20,1970563600.0
2024-07-21,1957536200.0
2024-07-22,1942152300.0
2024-07-23,1926171500.0
2024-07-24,1909550100.0
2024-07-25,1901860200.0
2024-07-26,1899294200.0
2024-07-27,1902710200.0
2024-07-28,1899816100.0
2024-07-29,1894850300.0
2024-07-30,1887539900.0
2024-07-31,1880909500.0
2024-08-01,1873808700.0
2024-08-02,1868226000.0
2024-08-03,1865857800.0
2024-08-04,1875817200.0
2024-08-05,1886394300.0
2024-08-06,1892336200.0
2024-08-07,1891657100.0
2024-08-08,1880112900.0
2024-08-09,1882998900.0
2024-08-10,1874850000.0
2024-08-11,1861517300.0
2024-08-12,1869287200.0
2024-08-13,1873661700.0
2024-08-14,1875698900.0
2024-08-15,1877057000.0
2024-08-16,1879264000.0
2024-08-17,1872828600.0
2024-08-18,1870984800.0
2024-08-19,1879264000.0
2024-08-20,1867589500.0
2024-08-21,1868268600.0
2024-08-22,1864742900.0
2024-08-23,1882659400.0
2024-08-24,1891147800.0
2024-08-25,1894203600.0
2024-08-26,1886224500.0
2024-08-27,1881810500.0
2024-08-28,1872331200.0
2024-08-29,1883847800.0
2024-08-30,1875698900.0
2024-08-31,1871324400.0
2024-09-01,1886224500.0
2024-09-02,1896951500.0
2024-09-03,1898487300.0
2024-09-04,1913845400.0
2024-09-05,1931355200.0
2024-09-06,1919317500.0
2024-09-07,1923790700.0
2024-09-08,1928943000.0
2024-09-09,1923964400.0
2024-09-10,1914524500.0
2024-09-11,1900354800.0
2024-09-12,1902052400.0
2024-09-13,1922752300.0
2024-09-14,1931529000.0
2024-09-15,1942528400.0
2024-09-16,1939227800.0
2024-09-17,1936831300.0
2024-09-18,1930660400.0
2024-09-19,1927399300.0
2024-09-20,1913845400.0
2024-09-21,1915033800.0
2024-09-22,1913336100.0
2024-09-23,1915882600.0
2024-09-24,1910264500.0
2024-09-25,1914185000.0
2024-09-26,1919487300.0
2024-09-27,1919834700.0
2024-09-28,1931181500.0
2024-09-29,1940617500.0
2024-09-30,1949931100.0
2024-10-01,1971925900.0
2024-10-02,1995085500.0
2024-10-03,1998907200.0
2024-10-04,2008540600.0
2024-10-05,2029276000.0
2024-10-06,2045155300.0
2024-10-07,2062526900.0
2024-10-08,2078378500.0
2024-10-09,2098399400.0
2024-10-10,2117634500.0
2024-10-11,2127544200.0
2024-10-12,2147442700.0
2024-10-13,2158884200.0
2024-10-14,2161426800.0
2024-10-15,2167783300.0
2024-10-16,2177266600.0
2024-10-17,2188423900.0
2024-10-18,2201061800.0
2024-10-19,2213944500.0
2024-10-20,2234079800.0
2024-10-21,2250740700.0
2024-10-22,2270635200.0
2024-10-23,2286897400.0
2024-10-24,2308304000.0
2024-10-25,2322813300.0
2024-10-26,2339833600.0
2024-10-27,2353328200.0
2024-10-28,2362464100.0
2024-10-29,2372172500.0
2024-10-30,2382141400.0
2024-10-31,2392481500.0
2024-11-01,2395150400.0
2024-11-02,2388264900.0
2024-11-03,2390179700.0
2024-11-04,2409975500.0
2024-11-05,2425598100.0
2024-11-06,2436625200.0
2024-11-07,2451754300.0
2024-11-08,2467503300.0
2024-11-09,2494670200.0
2024-11-10,2522756900.0
2024-11-11,2544901800.0
2024-11-12,2576885400.0
2024-11-13,2610436300.0
2024-11-14,2637141300.0
2024-11-15,2661793200.0
2024-11-16,2679046400.0
2024-11-17,2695924600.0
2024-11-18,2708767700.0
2024-11-19,2730466500.0
2024-11-20,2739049600.0
2024-11-21,2767254900.0
2024-11-22,2785645100.0
2024-11-23,2808465100.0
2024-11-24,2824490500.0
2024-11-25,2833867200.0
2024-11-26,2852241700.0
2024-11-27,2872171700.0
2024-11-28,2886258500.0
2024-11-29,2900357200.0
2024-11-30,2910728800.0
2024-12-01,2923820700.0
2024-12-02,2941634600.0
2024-12-03,2950557300.0
2024-12-04,2958232400.0
2024-12-05,2964628300.0
2024-12-06,2974419600.0
2024-12-07,2978272900.0
2024-12-08,2985521600.0
2024-12-09,2993903500.0
2024-12-10,3000733700.0
2024-12-11,3009944600.0
2024-12-12,3014461200.0
2024-12-13,3018764600.0
2024-12-14,3026258100.0
2024-12-15,3037905000.0
2024-12-16,3044597100.0
2024-12-17,3050167800.0
2024-12-18,3055592500.0
2024-12-19,3064021700.0
2024-12-20,3072707500.0
2024-12-21,3080051000.0
2024-12-22,3092645400.0
2024-12-23,3111142300.0
2024-12-24,3124032800.0
2024-12-25,3135837600.0
2024-12-26,3151610300.0
2024-12-27,3167852800.0
2024-12-28,3178615300.0
2024-12-29,3192054600.0
2024-12-30,3200898400.0
2024-12-31,3209078800.0
2025-01-01,3215893300.0
2025-01-02,3200235100.0
2025-01-03,3185461300.0
2025-01-04,3183029300.0
2025-01-05,3204214800.0
2025-01-06,3215451100.0
2025-01-07,3230343300.0
2025-01-08,3240553100.0
2025-01-09,3249617900.0
2025-01-10,3235649600.0
2025-01-11,3245192100.0
2025-01-12,3252752700.0
2025-01-13,3231448800.0
2025-01-14,3217662000.0
2025-01-15,3221902300.0
2025-01-16,3200014000.0
2025-01-17,3178181000.0
2025-01-18,3166968400.0
2025-01-19,3149202000.0
2025-01-20,3127748000.0
2025-01-21,3107450800.0
2025-01-22,3085045300.0
2025-01-23,3067061700.0
2025-01-24,3044597100.0
2025-01-25,3032081600.0
2025-01-26,3016822200.0
2025-01-27,3006517600.0
2025-01-28,2989185500.0
2025-01-29,2979978500.0
2025-01-30,2984668800.0
2025-01-31,2969729200.0
2025-02-01,2954821200.0
2025-02-02,2933793600.0
2025-02-03,2915162500.0
2025-02-04,2907341400.0
2025-02-05,2899520200.0
2025-02-06,2885421500.0
2025-02-07,2874895900.0
2025-02-08,2883952800.0
2025-02-09,2915790300.0
2025-02-10,2925092000.0
2025-02-11,2910310300.0
2025-02-12,2909876600.0
2025-02-13,2897594200.0
2025-02-14,2883659400.0
2025-02-15,2871408800.0
2025-02-16,2864040200.0
2025-02-17,2864882300.0
2025-02-18,2861513800.0
2025-02-19,2870987800.0
2025-02-20,2867619300.0
2025-02-21,2865303400.0
2025-02-22,2870356200.0
2025-02-23,2861513800.0
2025-02-24,2844961300.0
2025-02-25,2852500700.0
2025-02-26,2845994100.0
2025-02-27,2846200600.0
2025-02-28,2833632300.0
2025-03-01,2826291500.0
2025-03-02,2811037800.0
2025-03-03,2793162500.0
2025-03-04,2787362900.0
2025-03-05,2785893200.0
2025-03-06,2782159200.0
2025-03-07,2779855300.0
2025-03-08,2756061200.0
2025-03-09,2750897200.0
2025-03-10,2736676400.0
2025-03-11,2736477700.0
2025-03-12,2720469400.0
2025-03-13,2704421300.0
2025-03-14,2688929300.0
2025-03-15,2677687700.0
2025-03-16,2679356100.0
2025-03-17,2678720500.0
2025-03-18,2662672400.0
2025-03-19,2646664000.0
2025-03-20,2641182300.0
2025-03-21,2634111600.0
2025-03-22,2620407100.0
2025-03-23,2603286500.0
2025-03-24,2583663400.0
2025-03-25,2564874400.0
2025-03-26,2558081800.0
2025-03-27,2555499800.0
2025-03-28,2541993900.0
2025-03-29,2527932000.0
2025-03-30,2526740300.0
2025-03-31,2526541700.0
2025-04-01,2529520900.0
2025-04-02,2535678000.0
2025-04-03,2533254900.0
2025-04-04,2522410500.0
2025-04-05,2522410500.0
2025-04-06,2528726500.0
2025-04-07,2540007800.0
2025-04-08,2554308100.0
2025-04-09,2556492800.0
2025-04-10,2592084600.0
2025-04-11,2623028900.0
2025-04-12,2677886300.0
2025-04-13,2715702600.0
2025-04-14,2737709200.0
2025-04-15,2730717900.0
2025-04-16,2723130800.0
2025-04-17,2733578000.0
2025-04-18,2744303200.0
2025-04-19,2759556800.0
2025-04-20,2759755400.0
2025-04-21,2763688000.0
2025-04-22,2759358200.0
2025-04-23,2769924500.0
2025-04-24,2793798000.0
2025-04-25,2798564800.0
2025-04-26,2825258700.0
2025-04-27,2833203300.0
2025-04-28,2854574200.0
2025-04-29,2878606600.0
2025-04-30,2910742500.0
2025-05-01,2937277500.0
2025-05-02,2958608800.0
2025-05-03,2974021300.0
2025-05-04,2983872600.0
2025-05-05,3009652800.0
2025-05-06,3035750800.0
2025-05-07,3056962900.0
2025-05-08,3081948700.0
2025-05-09,3100896500.0
2025-05-10,3127828700.0
2025-05-11,3125644000.0
2025-05-12,3133310500.0
2025-05-13,3134859700.0
2025-05-14,3152854200.0
2025-05-15,3164731400.0
2025-05-16,3179071400.0
2025-05-17,3209618400.0
2025-05-18,3232737200.0
2025-05-19,3258398200.0
2025-05-20,3299154000.0
2025-05-21,3331369400.0
2025-05-22,3351230900.0
2025-05-23,3365531200.0
2025-05-24,3375700300.0
2025-05-25,3384399600.0
2025-05-26,3389126600.0
2025-05-27,3415145200.0
2025-05-28,3418362800.0
2025-05-29,3420865300.0
2025-05-30,3426823800.0
2025-05-31,3431153600.0
2025-06-01,3442395200.0
2025-06-02,3441918500.0
2025-06-03,3442593800.0
2025-06-04,3451332900.0
2025-06-05,3454788800.0
2025-06-06,3459595200.0
2025-06-07,3469486300.0
2025-06-08,3474610500.0
2025-06-09,3483111300.0
2025-06-10,3498563500.0
2025-06-11,3514095200.0
2025-06-12,3534274500.0
2025-06-13,3565973400.0
2025-06-14,3593819300.0
2025-06-15,3622221200.0
2025-06-16,3647445300.0
2025-06-17,3701190500.0
2025-06-18,3745124200.0
2025-06-19,3751360700.0
2025-06-20,3751837400.0
2025-06-21,3767210200.0
2025-06-22,3783576000.0
2025-06-23,3816625600.0
2025-06-24,3855276000.0
2025-06-25,3878235900.0
2025-06-26,3882168500.0
2025-06-27,3915138600.0
2025-06-28,3922765400.0
2025-06-29,3928962200.0
2025-06-30,3945526700.0
2025-07-01,3948838200.0
2025-07-02,3946371000.0
2025-07-03,3938690700.0
2025-07-04,3939685600.0
2025-07-05,3941158000.0
2025-07-06,3939924400.0
2025-07-07,3932761400.0
2025-07-08,3922136400.0
2025-07-09,3912028800.0
2025-07-10,3910795100.0
2025-07-11,3909561500.0
2025-07-12,3897225400.0
2025-07-13,3886162700.0
2025-07-14,3877328400.0
2025-07-15,3865350400.0
2025-07-16,3850706200.0
2025-07-17,3837812900.0
2025-07-18,3821497400.0
2025-07-19,3817677200.0
2025-07-20,3803112600.0
2025-07-21,3787433700.0
2025-07-22,3771754900.0
2025-07-23,3757827000.0
2025-07-24,3743182800.0
2025-07-25,3728100900.0
2025-07-26,3735025000.0
2025-07-27,3734070000.0
2025-07-28,3736935200.0
2025-07-29,3741033900.0
2025-07-30,3746525500.0
2025-07-31,3742705200.0
2025-08-01,3730966000.0
2025-08-02,3719266600.0
2025-08-03,3715685100.0
2025-08-04,3706134600.0
2025-08-05,3699463100.0
2025-08-06,3696119800.0
2025-08-07,3680807800.0
2025-08-08,3690725800.0
2025-08-09,3694772300.0
2025-08-10,3700723100.0
2025-08-11,3713100800.0
2025-08-12,3711950300.0
2025-08-13,3709570000.0
2025-08-14,3706673900.0
2025-08-15,3724764400.0
2025-08-16,3732897100.0
2025-08-17,3750828900.0
2025-08-18,3767887800.0
2025-08-19,3777766200.0
2025-08-20,3793873000.0
2025-08-21,3815851300.0
2025-08-22,3822873200.0
2025-08-23,3828943000.0
2025-08-24,3862069200.0
2025-08-25,3878414000.0
2025-08-26,3868654700.0
2025-08-27,3859371500.0
2025-08-28,3849374100.0
2025-08-29,3836004600.0
2025-08-30,3827752900.0
2025-08-31,3818271300.0
2025-09-01,3824579100.0
2025-09-02,3837710500.0
2025-09-03,3854729800.0
2025-09-04,3862783200.0
2025-09-05,3865957000.0
2025-09-06,3868892700.0
2025-09-07,3883571400.0
2025-09-08,3903685100.0
2025-09-09,3911579800.0
2025-09-10,3915745400.0
2025-09-11,3922211900.0
2025-09-12,3925147600.0
2025-09-13,3922449900.0
2025-09-14,3924393900.0
2025-09-15,3922449900.0
2025-09-16,3924155800.0
2025-09-17,3925385700.0
2025-09-18,3944190200.0
2025-09-19,3943674500.0
2025-09-20,3941968600.0
2025-09-21,3940461000.0
2025-09-22,3939469200.0
2025-09-23,3937009600.0
2025-09-24,3927131200.0
2025-09-25,3924155800.0
2025-09-26,3913047700.0
2025-09-27,3908128300.0
2025-09-28,3916023100.0
2025-09-29,3921220100.0
2025-09-30,3930305000.0
2025-10-01,3938953500.0
2025-10-02,3941968600.0
2025-10-03,3945420000.0
2025-10-04,3940461000.0
2025-10-05,3947403600.0
2025-10-06,3951886600.0
2025-10-07,3948633500.0
2025-10-08,3954346200.0
2025-10-09,3967993400.0
2025-10-10,3986202800.0
2025-10-11,4003698200.0
2025-10-12,4017980100.0
2025-10-13,4031270200.0
2025-10-14,4026787300.0
2025-10-15,4032063700.0
2025-10-16,4057215700.0
2025-10-17,4069077600.0
2025-10-18,4086493700.0
2025-10-19,4089508700.0
2025-10-20,4109225700.0
2025-10-21,4114065700.0
2025-10-22,4131799100.0
2025-10-23,4143938700.0
2025-10-24,4146715800.0
2025-10-25,4155840300.0
2025-10-26,4162663900.0
2025-10-27,4172343900.0
2025-10-28,4181706500.0
2025-10-29,4185038900.0
2025-10-30,4178691400.0
2025-10-31,4193409700.0
2025-11-01,4185038900.0
2025-11-02,4190870700.0
2025-11-03,4188569700.0
2025-11-04,4194163500.0
2025-11-05,4199479500.0
2025-11-06,4197733900.0
2025-11-07,4193925400.0
2025-11-08,4193132000.0
2025-11-09,4195671000.0
2025-11-10,4195671000.0
2025-11-11,4180714700.0
2025-11-12,4172859600.0
2025-11-13,4167741900.0
2025-11-14,4192378200.0
2025-11-15,4206898200.0
2025-11-16,4238437400.0
2025-11-17,4253711100.0
2025-11-18,4255456700.0
2025-11-19,4249624900.0
2025-11-20,4245062600.0
2025-11-21,4233081700.0
2025-11-22,4218839400.0
2025-11-23,4205866700.0
2025-11-24,4203089700.0
2025-11-25,4205866700.0
2025-11-26,4196186700.0
2025-11-27,4187815900.0
2025-11-28,4191862500.0
2025-11-29,4188847400.0
2025-11-30,4197972000.0
2025-12-01,4197453200.0
2025-12-02,4198207700.0
2025-12-03,4196460500.0
2025-12-04,4194157500.0
2025-12-05,4198207700.0
2025-12-06,4191854400.0
2025-12-07,4184746700.0
2025-12-08,4187565900.0
2025-12-09,4189591000.0
2025-12-10,4177916900.0
2025-12-11,4173827000.0
2025-12-12,4177400700.0
2025-12-13,4163145500.0
2025-12-14,4150994900.0
2025-12-15,4146944600.0
2025-12-16,4134277800.0
2025-12-17,4120816800.0
2025-12-18,4110969200.0
2025-12-19,4107395500.0
2025-12-20,4098302300.0
2025-12-21,4084126600.0
2025-12-22,4069752300.0
2025-12-23,4058157600.0
2025-12-24,4040765400.0
2025-12-25,4024683700.0
2025-12-26,4005584200.0
2025-12-27,3995101200.0
2025-12-28,3976875300.0
2025-12-29,3959165500.0
2025-12-30,3939827700.0
2025-12-31,3934387700.0
2026-01-01,3927002000.0
2026-01-02,3912429200.0
2026-01-03,3904289100.0
2026-01-04,3889041200.0
2026-01-05,3877764100.0
2026-01-06,3871172600.0
2026-01-07,3862397100.0
2026-01-08,3849174300.0
2026-01-09,3831464600.0
2026-01-10,3829757100.0
2026-01-11,3822212600.0
2026-01-12,3837539900.0
2026-01-13,3835832500.0
2026-01-14,3841431300.0
2026-01-15,3841431300.0
2026-01-16,3839962100.0
2026-01-17,3824634800.0
2026-01-18,3808672200.0
2026-01-19,3792987500.0
2026-01-20,3775873400.0
2026-01-21,3758322400.0
2026-01-22,3741327400.0
2026-01-23,3723379400.0
2026-01-24,3717899700.0
2026-01-25,3716470200.0
2026-01-26,3699792900.0
2026-01-27,3686053900.0
2026-01-28,3674895900.0
2026-01-29,3668264700.0
2026-01-30,3674657700.0
2026-01-31,3682718400.0
2026-02-01,3691970400.0
2026-02-02,3687483400.0
2026-02-03,3683909700.0
2026-02-04,3672037000.0
2026-02-05,3669694200.0
2026-02-06,3685339100.0
2026-02-07,3691295300.0
2026-02-08,3680812400.0
2026-02-09,3673466400.0
2026-02-10,3662586500.0
2026-02-11,3656431700.0
2026-02-12,3649085700.0
2026-02-13,3641580900.0
2026-02-14,3630065600.0
2026-02-15,3620376900.0
2026-02-16,3614023600.0
2026-02-17,3614976600.0
2026-02-18,3606717300.0
2026-02-19,3602548000.0
2026-02-20,3605565800.0
2026-02-21,3599689000.0
2026-02-22,3587300100.0
2026-02-23,3583289600.0
2026-02-24,3581899800.0
2026-02-25,3581899800.0
2026-02-26,3588689900.0
2026-02-27,3589642900.0
2026-02-28,3581899800.0
2026-03-01,3567207800.0
2026-03-02,3554382200.0
2026-03-03,3542271200.0
2026-03-04,3532463300.0
2026-03-05,3516937500.0
2026-03-06,3522973100.0
2026-03-07,3506295800.0
2026-03-08,3503039700.0
2026-03-09,3495376100.0
2026-03-10,3488268300.0
2026-03-11,3482272400.0
2026-03-12,3477666300.0
2026-03-13,3462180200.0
2026-03-14,3453245900.0
2026-03-15,3446574900.0
2026-03-16,3430532900.0
2026-03-17,3417746900.0
2026-03-18,3424139900.0
2026-03-19,3413418800.0
2026-03-20,3397892900.0
2026-03-21,3385583400.0
2026-03-22,3377403600.0
2026-03-23,3365610300.0
2026-03-24,3352467000.0
2026-03-25,3338926500.0
2026-03-26,3328523100.0
2026-03-27,3313195800.0
2026-03-28,3298106700.0
2026-03-29,3296121300.0
2026-03-30,3286234000.0
2026-03-31,3275036400.0
2026-04-01,3278411600.0
2026-04-02,3290046000.0
2026-04-03,3300806900.0
2026-04-04,3301045100.0
2026-04-05,3308708800.0
2026-04-06,3300370100.0
2026-04-07,3288457700.0
2026-04-08,3319509300.0
2026-04-09,3316809200.0
2026-04-10,3303308500.0
2026-04-11,3294096200.0
2026-04-12,3291157800.0
2026-04-13,3283335300.0
2026-04-14,3274599600.0
2026-04-15,3266737400.0
2026-04-16,3271899400.0
2026-04-17,3303983500.0
2026-04-18,3313870800.0
2026-04-19,3313870800.0
2026-04-20,3319747600.0
2026-04-21,3323996300.0
2026-04-22,3331024700.0
2026-04-23,3338251500.0
2026-04-24,3336901400.0
2026-04-25,3347503500.0
2026-04-26,3364458800.0
2026-04-27,3364935300.0
2026-04-28,3367000100.0
2026-04-29,3360845400.0
2026-04-30,3354968600.0
2026-05-01,3357907000.0
2026-05-02,3385821700.0
2026-05-03,3423464900.0
2026-05-04,3441770300.0
2026-05-05,3438792200.0
2026-05-06,3450942800.0
2026-05-07,3453722400.0
2026-05-08,3443835100.0
2026-05-09,3433511000.0
2026-05-10,3443160000.0
2026-05-11,3445661700.0
2026-05-12,3452332600.0
2026-05-13,3455787200.0
2026-05-14,3458288800.0
2026-05-15,3463570000.0
2026-05-16,3473735200.0
2026-05-17,3479056100.0
2026-05-18,3486640300.0
2026-05-19,3476753000.0
2026-05-20,3466548100.0
2026-05-21,3477666300.0
2026-05-22,3486163800.0
2026-05-23,3488030100.0
2026-05-24,3493787700.0
2026-05-25,3494026000.0
2026-05-26,3497043800.0
2026-05-27,3504429500.0
2026-05-28,3512331400.0
2026-05-29,3520630400.0
2026-05-30,3527817500.0
2026-05-31,3534131100.0
2026-06-01,3537863600.0
2026-06-02,3537863600.0
2026-06-03,3560894300.0
2026-06-04,3560894300.0
2026-06-05,3567207800.0
2026-06-06,3579795300.0
2026-06-07,3603699500.0
2026-06-08,3632170100.0
2026-06-09,3632170100.0
2026-06-10,3669455900.0
2026-06-11,3676801900.0
2026-06-12,3700507600.0
2026-06-13,3700507600.0
2026-06-14,3725761900.0
2026-06-15,3741327400.0
2026-06-16,3748514600.0
2026-06-17,3755185500.0
2026-06-18,3771068700.0
2026-06-19,3794417000.0
2026-06-20,3808433900.0
2026-06-21,3830988100.0
2026-06-22,3857751300.0
2026-06-23,3890033900.0
2026-06-24,3892734000.0
2026-06-25,3889557400.0
2026-06-26,3892734000.0
2026-06-27,3892495800.0
2026-06-28,3897141600.0
2026-06-29,3890311800.0
2026-06-30,3886102800.0
2026-07-01,3873356500.0
2026-07-02,3859935200.0
2026-07-03,3847983100.0
2026-07-04,3833886800.0
2026-07-05,3830988100.0
2026-07-06,3821736100.0
2026-07-07,3816177000.0
2026-07-08,3807242700.0
2026-07-09,3797673100.0
2026-07-10,3789334400.0
2026-07-11,3799737900.0
2026-07-12,3807004500.0
2026-07-13,3808672200.0
2026-07-14,3797593700.0
2026-07-15,3786674000.0
2026-07-16,3773967400.0
2026-07-17,3765787500.0
2026-07-18,3752088300.0
2026-07-19,3736284500.0
2026-07-20,3740374400.0
2026-07-21,3745139400.0
2026-07-22,3730765100.0
2026-07-23,3749944100.0
2026-07-24,3754709000.0
2026-07-25,3766740500.0
2026-07-26,3778772100.0
2026-07-27,3781194300.0
2026-07-28,3776349900.0
2026-07-29,3773967400.0
2026-07-30,3761935900.0
2026-07-31,3745139400.0
2026-08-01,3732949000.0
2026-08-02,3728382600.0
2026-08-03,3713889200.0
2026-08-04,3698601600.0
2026-08-05,3682718400.0
2026-08-06,3680687000.0
2026-08-07,3663587900.0
2026-08-08,3648481700.0
2026-08-09,3636883000.0
2026-08-10,3622972600.0
2026-08-11,3606471400.0
2026-08-12,3586064100.0
2026-08-13,3568008400.0
2026-08-14,3549594000.0
2026-08-15,3533013100.0
2026-08-16,3532056500.0
2026-08-17,3525838600.0
2026-08-18,3516272700.0
2026-08-19,3522092000.0
2026-08-20,3525360300.0
2026-08-21,3529983900.0
2026-08-22,3536998900.0
2026-08-23,3539310600.0
2026-08-24,3546285800.0
2026-08-25,3539310600.0
2026-08-26,3523008700.0
2026-08-27,3506746600.0
2026-08-28,3495187800.0
2026-08-29,3509058400.0
2026-08-30,3520696900.0
2026-08-31,3550989000.0
2026-09-01,3576697400.0
2026-09-02,3590727500.0
2026-09-03,3597782300.0
2026-09-04,3602485600.0
2026-09-05,3607188800.0
2026-09-06,3611892100.0
2026-09-07,3602485600.0
2026-09-08,3586064100.0
2026-09-09,3569642600.0
2026-09-10,3560315800.0
2026-09-11,3562627600.0
2026-09-12,3558004000.0
