fecha,rio,aporte_energia_kwh,nombre_xm_original
2000-01-01,GUATAPE,4165900.0,GUATAPE
2000-01-02,GUATAPE,4235700.0,GUATAPE
2000-01-03,GUATAPE,3934300.0,GUATAPE
2000-01-04,GUATAPE,3556700.0,GUATAPE
2000-01-05,GUATAPE,3396500.0,GUATAPE
2000-01-06,GUATAPE,3766100.0,GUATAPE
2000-01-07,GUATAPE,4297600.0,GUATAPE
2000-01-08,GUATAPE,3331400.0,GUATAPE
2000-01-09,GUATAPE,3586900.0,GUATAPE
2000-01-10,GUATAPE,4340400.0,GUATAPE
2000-01-11,GUATAPE,3626500.0,GUATAPE
2000-01-12,GUATAPE,3604300.0,GUATAPE
2000-01-13,GUATAPE,3382200.0,GUATAPE
2000-01-14,GUATAPE,3312400.0,GUATAPE
2000-01-15,GUATAPE,3596400.0,GUATAPE
2000-01-16,GUATAPE,3296500.0,GUATAPE
2000-01-17,GUATAPE,3038000.0,GUATAPE
2000-01-18,GUATAPE,3333000.0,GUATAPE
2000-01-19,GUATAPE,3766100.0,GUATAPE
2000-01-20,GUATAPE,2980800.0,GUATAPE
2000-01-21,GUATAPE,3236300.0,GUATAPE
2000-01-22,GUATAPE,3575700.0,GUATAPE
2000-01-23,GUATAPE,3666200.0,GUATAPE
2000-01-24,GUATAPE,3293400.0,GUATAPE
2000-01-25,GUATAPE,3726500.0,GUATAPE
2000-01-26,GUATAPE,3613800.0,GUATAPE
2000-01-27,GUATAPE,2934800.0,GUATAPE
2000-01-28,GUATAPE,3345700.0,GUATAPE
2000-01-29,GUATAPE,3222100.0,GUATAPE
2000-01-30,GUATAPE,3003100.0,GUATAPE
2000-01-31,GUATAPE,3705800.0,GUATAPE
2000-02-01,GUATAPE,8880700.0,GUATAPE
2000-02-02,GUATAPE,2693700.0,GUATAPE
2000-02-03,GUATAPE,6010900.0,GUATAPE
2000-02-04,GUATAPE,3028400.0,GUATAPE
2000-02-05,GUATAPE,4129400.0,GUATAPE
2000-02-06,GUATAPE,3282300.0,GUATAPE
2000-02-07,GUATAPE,5925400.0,GUATAPE
2000-02-08,GUATAPE,3521800.0,GUATAPE
2000-02-09,GUATAPE,3136300.0,GUATAPE
2000-02-10,GUATAPE,3136300.0,GUATAPE
2000-02-11,GUATAPE,3239400.0,GUATAPE
2000-02-12,GUATAPE,2617600.0,GUATAPE
2000-02-13,GUATAPE,2679400.0,GUATAPE
2000-02-14,GUATAPE,2992000.0,GUATAPE
2000-02-15,GUATAPE,3045900.0,GUATAPE
2000-02-16,GUATAPE,3593200.0,GUATAPE
2000-02-17,GUATAPE,4808400.0,GUATAPE
2000-02-18,GUATAPE,3085500.0,GUATAPE
2000-02-19,GUATAPE,3847000.0,GUATAPE
2000-02-20,GUATAPE,4434000.0,GUATAPE
2000-02-21,GUATAPE,3501200.0,GUATAPE
2000-02-22,GUATAPE,2154300.0,GUATAPE
2000-02-23,GUATAPE,3761400.0,GUATAPE
2000-02-24,GUATAPE,2863500.0,GUATAPE
2000-02-25,GUATAPE,4998700.0,GUATAPE
2000-02-26,GUATAPE,10590800.0,GUATAPE
2000-02-27,GUATAPE,5945800.0,GUATAPE
2000-02-28,GUATAPE,3874000.0,GUATAPE
2000-02-29,GUATAPE,2744500.0,GUATAPE
2000-03-01,GUATAPE,3569400.0,GUATAPE
2000-03-02,GUATAPE,3461500.0,GUATAPE
2000-03-03,GUATAPE,11591800.0,GUATAPE
2000-03-04,GUATAPE,7013500.0,GUATAPE
2000-03-05,GUATAPE,5790400.0,GUATAPE
2000-03-06,GUATAPE,3577300.0,GUATAPE
2000-03-07,GUATAPE,5847500.0,GUATAPE
2000-03-08,GUATAPE,3648700.0,GUATAPE
2000-03-09,GUATAPE,3537700.0,GUATAPE
2000-03-10,GUATAPE,3532900.0,GUATAPE
2000-03-11,GUATAPE,3498000.0,GUATAPE
2000-03-12,GUATAPE,3856500.0,GUATAPE
2000-03-13,GUATAPE,4104000.0,GUATAPE
2000-03-14,GUATAPE,4816300.0,GUATAPE
2000-03-15,GUATAPE,3437700.0,GUATAPE
2000-03-16,GUATAPE,3088700.0,GUATAPE
2000-03-17,GUATAPE,4118300.0,GUATAPE
2000-03-18,GUATAPE,3152200.0,GUATAPE
2000-03-19,GUATAPE,3287000.0,GUATAPE
2000-03-20,GUATAPE,3556700.0,GUATAPE
2000-03-21,GUATAPE,2398600.0,GUATAPE
2000-03-22,GUATAPE,2866600.0,GUATAPE
2000-03-23,GUATAPE,3651900.0,GUATAPE
2000-03-24,GUATAPE,2335200.0,GUATAPE
2000-03-25,GUATAPE,3302900.0,GUATAPE
2000-03-26,GUATAPE,6889700.0,GUATAPE
2000-03-27,GUATAPE,7717800.0,GUATAPE
2000-03-28,GUATAPE,3778800.0,GUATAPE
2000-03-29,GUATAPE,3255300.0,GUATAPE
2000-03-30,GUATAPE,3356800.0,GUATAPE
2000-03-31,GUATAPE,4691000.0,GUATAPE
2000-04-01,GUATAPE,3428200.0,GUATAPE
2000-04-02,GUATAPE,4077000.0,GUATAPE
2000-04-03,GUATAPE,3475800.0,GUATAPE
2000-04-04,GUATAPE,4034200.0,GUATAPE
2000-04-05,GUATAPE,3374300.0,GUATAPE
2000-04-06,GUATAPE,3485300.0,GUATAPE
2000-04-07,GUATAPE,4624400.0,GUATAPE
2000-04-08,GUATAPE,3448800.0,GUATAPE
2000-04-09,GUATAPE,5144700.0,GUATAPE
2000-04-10,GUATAPE,5047900.0,GUATAPE
2000-04-11,GUATAPE,5222400.0,GUATAPE
2000-04-12,GUATAPE,7351400.0,GUATAPE
2000-04-13,GUATAPE,5631700.0,GUATAPE
2000-04-14,GUATAPE,5550800.0,GUATAPE
2000-04-15,GUATAPE,4062800.0,GUATAPE
2000-04-16,GUATAPE,4648200.0,GUATAPE
2000-04-17,GUATAPE,4016800.0,GUATAPE
2000-04-18,GUATAPE,4305500.0,GUATAPE
2000-04-19,GUATAPE,8477700.0,GUATAPE
2000-04-20,GUATAPE,4413400.0,GUATAPE
2000-04-21,GUATAPE,4356300.0,GUATAPE
2000-04-22,GUATAPE,12432600.0,GUATAPE
2000-04-23,GUATAPE,4246800.0,GUATAPE
2000-04-24,GUATAPE,6187000.0,GUATAPE
2000-04-25,GUATAPE,4951200.0,GUATAPE
2000-04-26,GUATAPE,4535500.0,GUATAPE
2000-04-27,GUATAPE,3910500.0,GUATAPE
2000-04-28,GUATAPE,3125200.0,GUATAPE
2000-04-29,GUATAPE,4180200.0,GUATAPE
2000-04-30,GUATAPE,5392200.0,GUATAPE
2000-05-01,GUATAPE,5560300.0,GUATAPE
2000-05-02,GUATAPE,6128300.0,GUATAPE
2000-05-03,GUATAPE,6858000.0,GUATAPE
2000-05-04,GUATAPE,12767300.0,GUATAPE
2000-05-05,GUATAPE,8985400.0,GUATAPE
2000-05-06,GUATAPE,9031400.0,GUATAPE
2000-05-07,GUATAPE,5027300.0,GUATAPE
2000-05-08,GUATAPE,6231400.0,GUATAPE
2000-05-09,GUATAPE,4646600.0,GUATAPE
2000-05-10,GUATAPE,3471000.0,GUATAPE
2000-05-11,GUATAPE,3149000.0,GUATAPE
2000-05-12,GUATAPE,3512300.0,GUATAPE
2000-05-13,GUATAPE,14095200.0,GUATAPE
2000-05-14,GUATAPE,10219600.0,GUATAPE
2000-05-15,GUATAPE,11209500.0,GUATAPE
2000-05-16,GUATAPE,4089700.0,GUATAPE
2000-05-17,GUATAPE,9015500.0,GUATAPE
2000-05-18,GUATAPE,18449800.0,GUATAPE
2000-05-19,GUATAPE,12102600.0,GUATAPE
2000-05-20,GUATAPE,8756900.0,GUATAPE
2000-05-21,GUATAPE,5985500.0,GUATAPE
2000-05-22,GUATAPE,4733800.0,GUATAPE
2000-05-23,GUATAPE,7728900.0,GUATAPE
2000-05-24,GUATAPE,4097700.0,GUATAPE
2000-05-25,GUATAPE,9986400.0,GUATAPE
2000-05-26,GUATAPE,7330800.0,GUATAPE
2000-05-27,GUATAPE,5379500.0,GUATAPE
2000-05-28,GUATAPE,10130800.0,GUATAPE
2000-05-29,GUATAPE,5238300.0,GUATAPE
2000-05-30,GUATAPE,10378200.0,GUATAPE
2000-05-31,GUATAPE,5124100.0,GUATAPE
2000-06-01,GUATAPE,4954300.0,GUATAPE
2000-06-02,GUATAPE,9366100.0,GUATAPE
2000-06-03,GUATAPE,4836900.0,GUATAPE
2000-06-04,GUATAPE,11146000.0,GUATAPE
2000-06-05,GUATAPE,5055900.0,GUATAPE
2000-06-06,GUATAPE,5178000.0,GUATAPE
2000-06-07,GUATAPE,4822700.0,GUATAPE
2000-06-08,GUATAPE,5362000.0,GUATAPE
2000-06-09,GUATAPE,4879800.0,GUATAPE
2000-06-10,GUATAPE,4245200.0,GUATAPE
2000-06-11,GUATAPE,4053300.0,GUATAPE
2000-06-12,GUATAPE,5814200.0,GUATAPE
2000-06-13,GUATAPE,5138300.0,GUATAPE
2000-06-14,GUATAPE,5243100.0,GUATAPE
2000-06-15,GUATAPE,6643800.0,GUATAPE
2000-06-16,GUATAPE,11574400.0,GUATAPE
2000-06-17,GUATAPE,18679900.0,GUATAPE
2000-06-18,GUATAPE,12523000.0,GUATAPE
2000-06-19,GUATAPE,5244600.0,GUATAPE
2000-06-20,GUATAPE,4541900.0,GUATAPE
2000-06-21,GUATAPE,6810400.0,GUATAPE
2000-06-22,GUATAPE,6456600.0,GUATAPE
2000-06-23,GUATAPE,10053000.0,GUATAPE
2000-06-24,GUATAPE,21938300.0,GUATAPE
2000-06-25,GUATAPE,9336000.0,GUATAPE
2000-06-26,GUATAPE,5490500.0,GUATAPE
2000-06-27,GUATAPE,6796100.0,GUATAPE
2000-06-28,GUATAPE,6561400.0,GUATAPE
2000-06-29,GUATAPE,3891400.0,GUATAPE
2000-06-30,GUATAPE,4646600.0,GUATAPE
2000-07-01,GUATAPE,9789700.0,GUATAPE
2000-07-02,GUATAPE,11831400.0,GUATAPE
2000-07-03,GUATAPE,7365700.0,GUATAPE
2000-07-04,GUATAPE,4329300.0,GUATAPE
2000-07-05,GUATAPE,5049500.0,GUATAPE
2000-07-06,GUATAPE,6980200.0,GUATAPE
2000-07-07,GUATAPE,7107100.0,GUATAPE
2000-07-08,GUATAPE,4026300.0,GUATAPE
2000-07-09,GUATAPE,4361000.0,GUATAPE
2000-07-10,GUATAPE,4046900.0,GUATAPE
2000-07-11,GUATAPE,3939000.0,GUATAPE
2000-07-12,GUATAPE,3666200.0,GUATAPE
2000-07-13,GUATAPE,3962800.0,GUATAPE
2000-07-14,GUATAPE,4237300.0,GUATAPE
2000-07-15,GUATAPE,3905700.0,GUATAPE
2000-07-16,GUATAPE,5132000.0,GUATAPE
2000-07-17,GUATAPE,6778700.0,GUATAPE
2000-07-18,GUATAPE,5964900.0,GUATAPE
2000-07-19,GUATAPE,4951200.0,GUATAPE
2000-07-20,GUATAPE,6604200.0,GUATAPE
2000-07-21,GUATAPE,5347800.0,GUATAPE
2000-07-22,GUATAPE,4205500.0,GUATAPE
2000-07-23,GUATAPE,4213500.0,GUATAPE
2000-07-24,GUATAPE,3131600.0,GUATAPE
2000-07-25,GUATAPE,5923600.0,GUATAPE
2000-07-26,GUATAPE,4637000.0,GUATAPE
2000-07-27,GUATAPE,4619600.0,GUATAPE
2000-07-28,GUATAPE,3275900.0,GUATAPE
2000-07-29,GUATAPE,3588400.0,GUATAPE
2000-07-30,GUATAPE,5178000.0,GUATAPE
2000-07-31,GUATAPE,4675100.0,GUATAPE
2000-08-01,GUATAPE,5955300.0,GUATAPE
2000-08-02,GUATAPE,6962700.0,GUATAPE
2000-08-03,GUATAPE,8860000.0,GUATAPE
2000-08-04,GUATAPE,6567700.0,GUATAPE
2000-08-05,GUATAPE,7173700.0,GUATAPE
2000-08-06,GUATAPE,8423800.0,GUATAPE
2000-08-07,GUATAPE,3731200.0,GUATAPE
2000-08-08,GUATAPE,3677300.0,GUATAPE
2000-08-09,GUATAPE,4300700.0,GUATAPE
2000-08-10,GUATAPE,5457200.0,GUATAPE
2000-08-11,GUATAPE,5385800.0,GUATAPE
2000-08-12,GUATAPE,3553500.0,GUATAPE
2000-08-13,GUATAPE,4783000.0,GUATAPE
2000-08-14,GUATAPE,3702700.0,GUATAPE
2000-08-15,GUATAPE,8323800.0,GUATAPE
2000-08-16,GUATAPE,4072300.0,GUATAPE
2000-08-17,GUATAPE,3577300.0,GUATAPE
2000-08-18,GUATAPE,3875600.0,GUATAPE
2000-08-19,GUATAPE,2473200.0,GUATAPE
2000-08-20,GUATAPE,3394900.0,GUATAPE
2000-08-21,GUATAPE,3455200.0,GUATAPE
2000-08-22,GUATAPE,3864500.0,GUATAPE
2000-08-23,GUATAPE,4167500.0,GUATAPE
2000-08-24,GUATAPE,4300700.0,GUATAPE
2000-08-25,GUATAPE,10484500.0,GUATAPE
2000-08-26,GUATAPE,5144700.0,GUATAPE
2000-08-27,GUATAPE,4070700.0,GUATAPE
2000-08-28,GUATAPE,3383800.0,GUATAPE
2000-08-29,GUATAPE,5542900.0,GUATAPE
2000-08-30,GUATAPE,3548800.0,GUATAPE
2000-08-31,GUATAPE,14707500.0,GUATAPE
2000-09-01,GUATAPE,9843600.0,GUATAPE
2000-09-02,GUATAPE,9485100.0,GUATAPE
2000-09-03,GUATAPE,5712600.0,GUATAPE
2000-09-04,GUATAPE,15127900.0,GUATAPE
2000-09-05,GUATAPE,7411700.0,GUATAPE
2000-09-06,GUATAPE,4119900.0,GUATAPE
2000-09-07,GUATAPE,7935200.0,GUATAPE
2000-09-08,GUATAPE,5103400.0,GUATAPE
2000-09-09,GUATAPE,16376400.0,GUATAPE
2000-09-10,GUATAPE,13108400.0,GUATAPE
2000-09-11,GUATAPE,4829000.0,GUATAPE
2000-09-12,GUATAPE,4806800.0,GUATAPE
2000-09-13,GUATAPE,5511200.0,GUATAPE
2000-09-14,GUATAPE,6369400.0,GUATAPE
2000-09-15,GUATAPE,7318100.0,GUATAPE
2000-09-16,GUATAPE,8420600.0,GUATAPE
2000-09-17,GUATAPE,10589200.0,GUATAPE
2000-09-18,GUATAPE,6328100.0,GUATAPE
2000-09-19,GUATAPE,8953600.0,GUATAPE
2000-09-20,GUATAPE,6559800.0,GUATAPE
2000-09-21,GUATAPE,8826700.0,GUATAPE
2000-09-22,GUATAPE,6201200.0,GUATAPE
2000-09-23,GUATAPE,6740600.0,GUATAPE
2000-09-24,GUATAPE,5676100.0,GUATAPE
2000-09-25,GUATAPE,6177400.0,GUATAPE
2000-09-26,GUATAPE,4994000.0,GUATAPE
2000-09-27,GUATAPE,4722700.0,GUATAPE
2000-09-28,GUATAPE,6114000.0,GUATAPE
2000-09-29,GUATAPE,9675500.0,GUATAPE
2000-09-30,GUATAPE,10240200.0,GUATAPE
2000-10-01,GUATAPE,6756500.0,GUATAPE
2000-10-02,GUATAPE,8964700.0,GUATAPE
2000-10-03,GUATAPE,23673800.0,GUATAPE
2000-10-04,GUATAPE,11572800.0,GUATAPE
2000-10-05,GUATAPE,5650800.0,GUATAPE
2000-10-06,GUATAPE,7516400.0,GUATAPE
2000-10-07,GUATAPE,9927700.0,GUATAPE
2000-10-08,GUATAPE,9745300.0,GUATAPE
2000-10-09,GUATAPE,6694600.0,GUATAPE
2000-10-10,GUATAPE,4813100.0,GUATAPE
2000-10-11,GUATAPE,4635500.0,GUATAPE
2000-10-12,GUATAPE,4204000.0,GUATAPE
2000-10-13,GUATAPE,4698900.0,GUATAPE
2000-10-14,GUATAPE,4107200.0,GUATAPE
2000-10-15,GUATAPE,4595800.0,GUATAPE
2000-10-16,GUATAPE,4037400.0,GUATAPE
2000-10-17,GUATAPE,7779700.0,GUATAPE
2000-10-18,GUATAPE,4679900.0,GUATAPE
2000-10-19,GUATAPE,3350500.0,GUATAPE
2000-10-20,GUATAPE,5987100.0,GUATAPE
2000-10-21,GUATAPE,14521900.0,GUATAPE
2000-10-22,GUATAPE,13219500.0,GUATAPE
2000-10-23,GUATAPE,7962100.0,GUATAPE
2000-10-24,GUATAPE,11273000.0,GUATAPE
2000-10-25,GUATAPE,5114600.0,GUATAPE
2000-10-26,GUATAPE,7421200.0,GUATAPE
2000-10-27,GUATAPE,14141200.0,GUATAPE
2000-10-28,GUATAPE,6621600.0,GUATAPE
2000-10-29,GUATAPE,7705100.0,GUATAPE
2000-10-30,GUATAPE,5880800.0,GUATAPE
2000-10-31,GUATAPE,5193900.0,GUATAPE
2000-11-01,GUATAPE,16873000.0,GUATAPE
2000-11-02,GUATAPE,6656500.0,GUATAPE
2000-11-03,GUATAPE,6832600.0,GUATAPE
2000-11-04,GUATAPE,7313300.0,GUATAPE
2000-11-05,GUATAPE,7348200.0,GUATAPE
2000-11-06,GUATAPE,6344000.0,GUATAPE
2000-11-07,GUATAPE,4400700.0,GUATAPE
2000-11-08,GUATAPE,5054300.0,GUATAPE
2000-11-09,GUATAPE,4852800.0,GUATAPE
2000-11-10,GUATAPE,8885400.0,GUATAPE
2000-11-11,GUATAPE,8109700.0,GUATAPE
2000-11-12,GUATAPE,6129800.0,GUATAPE
2000-11-13,GUATAPE,5431800.0,GUATAPE
2000-11-14,GUATAPE,4140500.0,GUATAPE
2000-11-15,GUATAPE,4269000.0,GUATAPE
2000-11-16,GUATAPE,3983500.0,GUATAPE
2000-11-17,GUATAPE,3372700.0,GUATAPE
2000-11-18,GUATAPE,10901700.0,GUATAPE
2000-11-19,GUATAPE,5677700.0,GUATAPE
2000-11-20,GUATAPE,3683600.0,GUATAPE
2000-11-21,GUATAPE,4202400.0,GUATAPE
2000-11-22,GUATAPE,3628100.0,GUATAPE
2000-11-23,GUATAPE,6724700.0,GUATAPE
2000-11-24,GUATAPE,5798300.0,GUATAPE
2000-11-25,GUATAPE,3104600.0,GUATAPE
2000-11-26,GUATAPE,3263200.0,GUATAPE
2000-11-27,GUATAPE,6710500.0,GUATAPE
2000-11-28,GUATAPE,8496800.0,GUATAPE
2000-11-29,GUATAPE,10732000.0,GUATAPE
2000-11-30,GUATAPE,3747100.0,GUATAPE
2000-12-01,GUATAPE,3924800.0,GUATAPE
2000-12-02,GUATAPE,3897800.0,GUATAPE
2000-12-03,GUATAPE,3891400.0,GUATAPE
2000-12-04,GUATAPE,3204500.0,GUATAPE
2000-12-05,GUATAPE,7435500.0,GUATAPE
2000-12-06,GUATAPE,4359400.0,GUATAPE
2000-12-07,GUATAPE,4153200.0,GUATAPE
2000-12-08,GUATAPE,4242000.0,GUATAPE
2000-12-09,GUATAPE,3214000.0,GUATAPE
2000-12-10,GUATAPE,4473600.0,GUATAPE
2000-12-11,GUATAPE,18708400.0,GUATAPE
2000-12-12,GUATAPE,4481600.0,GUATAPE
2000-12-13,GUATAPE,3459900.0,GUATAPE
2000-12-14,GUATAPE,4110400.0,GUATAPE
2000-12-15,GUATAPE,5490500.0,GUATAPE
2000-12-16,GUATAPE,4405400.0,GUATAPE
2000-12-17,GUATAPE,4744900.0,GUATAPE
2000-12-18,GUATAPE,3295000.0,GUATAPE
2000-12-19,GUATAPE,4134200.0,GUATAPE
2000-12-20,GUATAPE,2846000.0,GUATAPE
2000-12-21,GUATAPE,3179100.0,GUATAPE
2000-12-22,GUATAPE,2969700.0,GUATAPE
2000-12-23,GUATAPE,3084000.0,GUATAPE
2000-12-24,GUATAPE,3753400.0,GUATAPE
2000-12-25,GUATAPE,3202900.0,GUATAPE
2000-12-26,GUATAPE,3680400.0,GUATAPE
2000-12-27,GUATAPE,11576000.0,GUATAPE
2000-12-28,GUATAPE,10138700.0,GUATAPE
2000-12-29,GUATAPE,8247700.0,GUATAPE
2000-12-30,GUATAPE,4349900.0,GUATAPE
2000-12-31,GUATAPE,4299100.0,GUATAPE
2001-01-01,GUATAPE,5863300.0,GUATAPE
2001-01-02,GUATAPE,2939600.0,GUATAPE
2001-01-03,GUATAPE,2693700.0,GUATAPE
2001-01-04,GUATAPE,6267900.0,GUATAPE
2001-01-05,GUATAPE,3485300.0,GUATAPE
2001-01-06,GUATAPE,2803200.0,GUATAPE
2001-01-07,GUATAPE,2945900.0,GUATAPE
2001-01-08,GUATAPE,3114100.0,GUATAPE
2001-01-09,GUATAPE,3488500.0,GUATAPE
2001-01-10,GUATAPE,2630300.0,GUATAPE
2001-01-11,GUATAPE,3168000.0,GUATAPE
2001-01-12,GUATAPE,1356400.0,GUATAPE
2001-01-13,GUATAPE,2385900.0,GUATAPE
2001-01-14,GUATAPE,2149600.0,GUATAPE
2001-01-15,GUATAPE,2917400.0,GUATAPE
2001-01-16,GUATAPE,3364800.0,GUATAPE
2001-01-17,GUATAPE,2530300.0,GUATAPE
2001-01-18,GUATAPE,2920600.0,GUATAPE
2001-01-19,GUATAPE,3645500.0,GUATAPE
2001-01-20,GUATAPE,10040300.0,GUATAPE
2001-01-21,GUATAPE,6258300.0,GUATAPE
2001-01-22,GUATAPE,5217700.0,GUATAPE
2001-01-23,GUATAPE,3642400.0,GUATAPE
2001-01-24,GUATAPE,3231500.0,GUATAPE
2001-01-25,GUATAPE,3713800.0,GUATAPE
2001-01-26,GUATAPE,3107800.0,GUATAPE
2001-01-27,GUATAPE,4196000.0,GUATAPE
2001-01-28,GUATAPE,1949700.0,GUATAPE
2001-01-29,GUATAPE,2579500.0,GUATAPE
2001-01-30,GUATAPE,2863500.0,GUATAPE
2001-01-31,GUATAPE,2495400.0,GUATAPE
2001-02-01,GUATAPE,2603300.0,GUATAPE
2001-02-02,GUATAPE,2511300.0,GUATAPE
2001-02-03,GUATAPE,2262200.0,GUATAPE
2001-02-04,GUATAPE,2473200.0,GUATAPE
2001-02-05,GUATAPE,1810100.0,GUATAPE
2001-02-06,GUATAPE,2184500.0,GUATAPE
2001-02-07,GUATAPE,2268600.0,GUATAPE
2001-02-08,GUATAPE,1649900.0,GUATAPE
2001-02-09,GUATAPE,2051200.0,GUATAPE
2001-02-10,GUATAPE,3855000.0,GUATAPE
2001-02-11,GUATAPE,3337800.0,GUATAPE
2001-02-12,GUATAPE,1272300.0,GUATAPE
2001-02-13,GUATAPE,1212000.0,GUATAPE
2001-02-14,GUATAPE,1004200.0,GUATAPE
2001-02-15,GUATAPE,1335700.0,GUATAPE
2001-02-16,GUATAPE,2006800.0,GUATAPE
2001-02-17,GUATAPE,2197200.0,GUATAPE
2001-02-18,GUATAPE,1396000.0,GUATAPE
2001-02-19,GUATAPE,4922600.0,GUATAPE
2001-02-20,GUATAPE,3969200.0,GUATAPE
2001-02-21,GUATAPE,3694700.0,GUATAPE
2001-02-22,GUATAPE,2511300.0,GUATAPE
2001-02-23,GUATAPE,2609600.0,GUATAPE
2001-02-24,GUATAPE,2381200.0,GUATAPE
2001-02-25,GUATAPE,2154300.0,GUATAPE
2001-02-26,GUATAPE,4050100.0,GUATAPE
2001-02-27,GUATAPE,1670500.0,GUATAPE
2001-02-28,GUATAPE,2828600.0,GUATAPE
2001-03-01,GUATAPE,1583200.0,GUATAPE
2001-03-02,GUATAPE,1491200.0,GUATAPE
2001-03-03,GUATAPE,1467400.0,GUATAPE
2001-03-04,GUATAPE,3423500.0,GUATAPE
2001-03-05,GUATAPE,3193400.0,GUATAPE
2001-03-06,GUATAPE,3566200.0,GUATAPE
2001-03-07,GUATAPE,13508200.0,GUATAPE
2001-03-08,GUATAPE,5105000.0,GUATAPE
2001-03-09,GUATAPE,2942800.0,GUATAPE
2001-03-10,GUATAPE,4115100.0,GUATAPE
2001-03-11,GUATAPE,3415500.0,GUATAPE
2001-03-12,GUATAPE,1781500.0,GUATAPE
2001-03-13,GUATAPE,2758700.0,GUATAPE
2001-03-14,GUATAPE,2068700.0,GUATAPE
2001-03-15,GUATAPE,1783100.0,GUATAPE
2001-03-16,GUATAPE,2054400.0,GUATAPE
2001-03-17,GUATAPE,536200.0,GUATAPE
2001-03-18,GUATAPE,6288500.0,GUATAPE
2001-03-19,GUATAPE,5972800.0,GUATAPE
2001-03-20,GUATAPE,2730200.0,GUATAPE
2001-03-21,GUATAPE,5157400.0,GUATAPE
2001-03-22,GUATAPE,3463100.0,GUATAPE
2001-03-23,GUATAPE,2853900.0,GUATAPE
2001-03-24,GUATAPE,2384400.0,GUATAPE
2001-03-25,GUATAPE,3520200.0,GUATAPE
2001-03-26,GUATAPE,6464600.0,GUATAPE
2001-03-27,GUATAPE,3017300.0,GUATAPE
2001-03-28,GUATAPE,3720100.0,GUATAPE
2001-03-29,GUATAPE,4215100.0,GUATAPE
2001-03-30,GUATAPE,4054800.0,GUATAPE
2001-03-31,GUATAPE,7847900.0,GUATAPE
2001-04-01,GUATAPE,7307000.0,GUATAPE
2001-04-02,GUATAPE,3674100.0,GUATAPE
2001-04-03,GUATAPE,3321900.0,GUATAPE
2001-04-04,GUATAPE,2815900.0,GUATAPE
2001-04-05,GUATAPE,3345700.0,GUATAPE
2001-04-06,GUATAPE,2825400.0,GUATAPE
2001-04-07,GUATAPE,4281700.0,GUATAPE
2001-04-08,GUATAPE,1989300.0,GUATAPE
2001-04-09,GUATAPE,1626100.0,GUATAPE
2001-04-10,GUATAPE,2950700.0,GUATAPE
2001-04-11,GUATAPE,3066500.0,GUATAPE
2001-04-12,GUATAPE,3063300.0,GUATAPE
2001-04-13,GUATAPE,5504800.0,GUATAPE
2001-04-14,GUATAPE,2926900.0,GUATAPE
2001-04-15,GUATAPE,8517400.0,GUATAPE
2001-04-16,GUATAPE,6137800.0,GUATAPE
2001-04-17,GUATAPE,3808900.0,GUATAPE
2001-04-18,GUATAPE,4081800.0,GUATAPE
2001-04-19,GUATAPE,6007700.0,GUATAPE
2001-04-20,GUATAPE,2555700.0,GUATAPE
2001-04-21,GUATAPE,3110900.0,GUATAPE
2001-04-22,GUATAPE,3413900.0,GUATAPE
2001-04-23,GUATAPE,3244200.0,GUATAPE
2001-04-24,GUATAPE,4589500.0,GUATAPE
2001-04-25,GUATAPE,5035200.0,GUATAPE
2001-04-26,GUATAPE,4962300.0,GUATAPE
2001-04-27,GUATAPE,2885700.0,GUATAPE
2001-04-28,GUATAPE,1430900.0,GUATAPE
2001-04-29,GUATAPE,3707400.0,GUATAPE
2001-04-30,GUATAPE,3686800.0,GUATAPE
2001-05-01,GUATAPE,1949700.0,GUATAPE
2001-05-02,GUATAPE,5198600.0,GUATAPE
2001-05-03,GUATAPE,7075300.0,GUATAPE
2001-05-04,GUATAPE,4388000.0,GUATAPE
2001-05-05,GUATAPE,3149000.0,GUATAPE
2001-05-06,GUATAPE,3058600.0,GUATAPE
2001-05-07,GUATAPE,7774900.0,GUATAPE
2001-05-08,GUATAPE,5677700.0,GUATAPE
2001-05-09,GUATAPE,3020500.0,GUATAPE
2001-05-10,GUATAPE,5024100.0,GUATAPE
2001-05-11,GUATAPE,6902400.0,GUATAPE
2001-05-12,GUATAPE,1062900.0,GUATAPE
2001-05-13,GUATAPE,5398500.0,GUATAPE
2001-05-14,GUATAPE,8166800.0,GUATAPE
2001-05-15,GUATAPE,19993400.0,GUATAPE
2001-05-16,GUATAPE,12657900.0,GUATAPE
2001-05-17,GUATAPE,5289100.0,GUATAPE
2001-05-18,GUATAPE,7045200.0,GUATAPE
2001-05-19,GUATAPE,7365700.0,GUATAPE
2001-05-20,GUATAPE,4132600.0,GUATAPE
2001-05-21,GUATAPE,6502700.0,GUATAPE
2001-05-22,GUATAPE,5852200.0,GUATAPE
2001-05-23,GUATAPE,5003500.0,GUATAPE
2001-05-24,GUATAPE,3141100.0,GUATAPE
2001-05-25,GUATAPE,7038900.0,GUATAPE
2001-05-26,GUATAPE,5197000.0,GUATAPE
2001-05-27,GUATAPE,7619500.0,GUATAPE
2001-05-28,GUATAPE,9631000.0,GUATAPE
2001-05-29,GUATAPE,4913100.0,GUATAPE
2001-05-30,GUATAPE,5368400.0,GUATAPE
2001-05-31,GUATAPE,3280700.0,GUATAPE
2001-06-01,GUATAPE,2811100.0,GUATAPE
2001-06-02,GUATAPE,4808400.0,GUATAPE
2001-06-03,GUATAPE,3507500.0,GUATAPE
2001-06-04,GUATAPE,10573400.0,GUATAPE
2001-06-05,GUATAPE,5070100.0,GUATAPE
2001-06-06,GUATAPE,2032200.0,GUATAPE
2001-06-07,GUATAPE,3415500.0,GUATAPE
2001-06-08,GUATAPE,7235600.0,GUATAPE
2001-06-09,GUATAPE,6172700.0,GUATAPE
2001-06-10,GUATAPE,2293900.0,GUATAPE
2001-06-11,GUATAPE,2939600.0,GUATAPE
2001-06-12,GUATAPE,5235100.0,GUATAPE
2001-06-13,GUATAPE,3072900.0,GUATAPE
2001-06-14,GUATAPE,7210200.0,GUATAPE
2001-06-15,GUATAPE,9876900.0,GUATAPE
2001-06-16,GUATAPE,3204500.0,GUATAPE
2001-06-17,GUATAPE,3666200.0,GUATAPE
2001-06-18,GUATAPE,3655100.0,GUATAPE
2001-06-19,GUATAPE,11255500.0,GUATAPE
2001-06-20,GUATAPE,3981900.0,GUATAPE
2001-06-21,GUATAPE,2765100.0,GUATAPE
2001-06-22,GUATAPE,3003100.0,GUATAPE
2001-06-23,GUATAPE,2592200.0,GUATAPE
2001-06-24,GUATAPE,2000500.0,GUATAPE
2001-06-25,GUATAPE,1562600.0,GUATAPE
2001-06-26,GUATAPE,1081900.0,GUATAPE
2001-06-27,GUATAPE,2674700.0,GUATAPE
2001-06-28,GUATAPE,1846600.0,GUATAPE
2001-06-29,GUATAPE,3580500.0,GUATAPE
2001-06-30,GUATAPE,4199200.0,GUATAPE
2001-07-01,GUATAPE,3810500.0,GUATAPE
2001-07-02,GUATAPE,2999900.0,GUATAPE
2001-07-03,GUATAPE,2219400.0,GUATAPE
2001-07-04,GUATAPE,2593800.0,GUATAPE
2001-07-05,GUATAPE,1624500.0,GUATAPE
2001-07-06,GUATAPE,4419700.0,GUATAPE
2001-07-07,GUATAPE,3198200.0,GUATAPE
2001-07-08,GUATAPE,6518500.0,GUATAPE
2001-07-09,GUATAPE,10625700.0,GUATAPE
2001-07-10,GUATAPE,4349900.0,GUATAPE
2001-07-11,GUATAPE,11807600.0,GUATAPE
2001-07-12,GUATAPE,10202100.0,GUATAPE
2001-07-13,GUATAPE,2790500.0,GUATAPE
2001-07-14,GUATAPE,3791500.0,GUATAPE
2001-07-15,GUATAPE,7900300.0,GUATAPE
2001-07-16,GUATAPE,4064400.0,GUATAPE
2001-07-17,GUATAPE,2984000.0,GUATAPE
2001-07-18,GUATAPE,5062200.0,GUATAPE
2001-07-19,GUATAPE,9716700.0,GUATAPE
2001-07-20,GUATAPE,6756500.0,GUATAPE
2001-07-21,GUATAPE,9486700.0,GUATAPE
2001-07-22,GUATAPE,7400600.0,GUATAPE
2001-07-23,GUATAPE,8453900.0,GUATAPE
2001-07-24,GUATAPE,1611800.0,GUATAPE
2001-07-25,GUATAPE,3858100.0,GUATAPE
2001-07-26,GUATAPE,6045800.0,GUATAPE
2001-07-27,GUATAPE,3001500.0,GUATAPE
2001-07-28,GUATAPE,6418600.0,GUATAPE
2001-07-29,GUATAPE,4097700.0,GUATAPE
2001-07-30,GUATAPE,3729600.0,GUATAPE
2001-07-31,GUATAPE,1986200.0,GUATAPE
2001-08-01,GUATAPE,1986200.0,GUATAPE
2001-08-02,GUATAPE,463200.0,GUATAPE
2001-08-03,GUATAPE,2839700.0,GUATAPE
2001-08-04,GUATAPE,2351000.0,GUATAPE
2001-08-05,GUATAPE,2059100.0,GUATAPE
2001-08-06,GUATAPE,2549300.0,GUATAPE
2001-08-07,GUATAPE,1951300.0,GUATAPE
2001-08-08,GUATAPE,3612200.0,GUATAPE
2001-08-09,GUATAPE,1540400.0,GUATAPE
2001-08-10,GUATAPE,1310400.0,GUATAPE
2001-08-11,GUATAPE,1778400.0,GUATAPE
2001-08-12,GUATAPE,3618600.0,GUATAPE
2001-08-13,GUATAPE,2251100.0,GUATAPE
2001-08-14,GUATAPE,1591200.0,GUATAPE
2001-08-15,GUATAPE,3885100.0,GUATAPE
2001-08-16,GUATAPE,1223100.0,GUATAPE
2001-08-17,GUATAPE,1645100.0,GUATAPE
2001-08-18,GUATAPE,1970300.0,GUATAPE
2001-08-19,GUATAPE,1645100.0,GUATAPE
2001-08-20,GUATAPE,1361100.0,GUATAPE
2001-08-21,GUATAPE,1638800.0,GUATAPE
2001-08-22,GUATAPE,2381200.0,GUATAPE
2001-08-23,GUATAPE,3074400.0,GUATAPE
2001-08-24,GUATAPE,3542400.0,GUATAPE
2001-08-25,GUATAPE,3702700.0,GUATAPE
2001-08-26,GUATAPE,4054800.0,GUATAPE
2001-08-27,GUATAPE,6964300.0,GUATAPE
2001-08-28,GUATAPE,3610600.0,GUATAPE
2001-08-29,GUATAPE,449000.0,GUATAPE
2001-08-30,GUATAPE,2382800.0,GUATAPE
2001-08-31,GUATAPE,2382800.0,GUATAPE
2001-09-01,GUATAPE,5558700.0,GUATAPE
2001-09-02,GUATAPE,4770300.0,GUATAPE
2001-09-03,GUATAPE,3217200.0,GUATAPE
2001-09-04,GUATAPE,3034800.0,GUATAPE
2001-09-05,GUATAPE,2693700.0,GUATAPE
2001-09-06,GUATAPE,3901000.0,GUATAPE
2001-09-07,GUATAPE,2451000.0,GUATAPE
2001-09-08,GUATAPE,3544000.0,GUATAPE
2001-09-09,GUATAPE,4035800.0,GUATAPE
2001-09-10,GUATAPE,4518100.0,GUATAPE
2001-09-11,GUATAPE,4164300.0,GUATAPE
2001-09-12,GUATAPE,7678200.0,GUATAPE
2001-09-13,GUATAPE,4928900.0,GUATAPE
2001-09-14,GUATAPE,3250500.0,GUATAPE
2001-09-15,GUATAPE,4005700.0,GUATAPE
2001-09-16,GUATAPE,8365100.0,GUATAPE
2001-09-17,GUATAPE,5255700.0,GUATAPE
2001-09-18,GUATAPE,7091200.0,GUATAPE
2001-09-19,GUATAPE,6391600.0,GUATAPE
2001-09-20,GUATAPE,6039400.0,GUATAPE
2001-09-21,GUATAPE,3883500.0,GUATAPE
2001-09-22,GUATAPE,11076200.0,GUATAPE
2001-09-23,GUATAPE,16119400.0,GUATAPE
2001-09-24,GUATAPE,11220600.0,GUATAPE
2001-09-25,GUATAPE,5170100.0,GUATAPE
2001-09-26,GUATAPE,4453000.0,GUATAPE
2001-09-27,GUATAPE,5868100.0,GUATAPE
2001-09-28,GUATAPE,5400100.0,GUATAPE
2001-09-29,GUATAPE,5533400.0,GUATAPE
2001-09-30,GUATAPE,3103000.0,GUATAPE
2001-10-01,GUATAPE,2723800.0,GUATAPE
2001-10-02,GUATAPE,3544000.0,GUATAPE
2001-10-03,GUATAPE,4218200.0,GUATAPE
2001-10-04,GUATAPE,2460500.0,GUATAPE
2001-10-05,GUATAPE,5295400.0,GUATAPE
2001-10-06,GUATAPE,7318100.0,GUATAPE
2001-10-07,GUATAPE,5216100.0,GUATAPE
2001-10-08,GUATAPE,4077000.0,GUATAPE
2001-10-09,GUATAPE,4305500.0,GUATAPE
2001-10-10,GUATAPE,10160900.0,GUATAPE
2001-10-11,GUATAPE,8474500.0,GUATAPE
2001-10-12,GUATAPE,5757000.0,GUATAPE
2001-10-13,GUATAPE,3859700.0,GUATAPE
2001-10-14,GUATAPE,3494800.0,GUATAPE
2001-10-15,GUATAPE,9589800.0,GUATAPE
2001-10-16,GUATAPE,10735200.0,GUATAPE
2001-10-17,GUATAPE,10273500.0,GUATAPE
2001-10-18,GUATAPE,6894500.0,GUATAPE
2001-10-19,GUATAPE,9500900.0,GUATAPE
2001-10-20,GUATAPE,6026700.0,GUATAPE
2001-10-21,GUATAPE,20071100.0,GUATAPE
2001-10-22,GUATAPE,20799300.0,GUATAPE
2001-10-23,GUATAPE,9275700.0,GUATAPE
2001-10-24,GUATAPE,12692800.0,GUATAPE
2001-10-25,GUATAPE,5634900.0,GUATAPE
2001-10-26,GUATAPE,5809400.0,GUATAPE
2001-10-27,GUATAPE,5699900.0,GUATAPE
2001-10-28,GUATAPE,5774500.0,GUATAPE
2001-10-29,GUATAPE,7413200.0,GUATAPE
2001-10-30,GUATAPE,11648900.0,GUATAPE
2001-10-31,GUATAPE,10292600.0,GUATAPE
2001-11-01,GUATAPE,8365100.0,GUATAPE
2001-11-02,GUATAPE,5988700.0,GUATAPE
2001-11-03,GUATAPE,4349900.0,GUATAPE
2001-11-04,GUATAPE,4240400.0,GUATAPE
2001-11-05,GUATAPE,6396400.0,GUATAPE
2001-11-06,GUATAPE,5155800.0,GUATAPE
2001-11-07,GUATAPE,4908300.0,GUATAPE
2001-11-08,GUATAPE,8014500.0,GUATAPE
2001-11-09,GUATAPE,5255700.0,GUATAPE
2001-11-10,GUATAPE,4698900.0,GUATAPE
2001-11-11,GUATAPE,9851500.0,GUATAPE
2001-11-12,GUATAPE,7421200.0,GUATAPE
2001-11-13,GUATAPE,5074900.0,GUATAPE
2001-11-14,GUATAPE,10087900.0,GUATAPE
2001-11-15,GUATAPE,5373100.0,GUATAPE
2001-11-16,GUATAPE,5109800.0,GUATAPE
2001-11-17,GUATAPE,7575100.0,GUATAPE
2001-11-18,GUATAPE,9532700.0,GUATAPE
2001-11-19,GUATAPE,6496300.0,GUATAPE
2001-11-20,GUATAPE,5401700.0,GUATAPE
2001-11-21,GUATAPE,11842500.0,GUATAPE
2001-11-22,GUATAPE,6773900.0,GUATAPE
2001-11-23,GUATAPE,5931500.0,GUATAPE
2001-11-24,GUATAPE,8649100.0,GUATAPE
2001-11-25,GUATAPE,5251000.0,GUATAPE
2001-11-26,GUATAPE,5652300.0,GUATAPE
2001-11-27,GUATAPE,3877200.0,GUATAPE
2001-11-28,GUATAPE,8336500.0,GUATAPE
2001-11-29,GUATAPE,3980300.0,GUATAPE
2001-11-30,GUATAPE,3886700.0,GUATAPE
2001-12-01,GUATAPE,5637400.0,GUATAPE
2001-12-02,GUATAPE,4586900.0,GUATAPE
2001-12-03,GUATAPE,5067600.0,GUATAPE
2001-12-04,GUATAPE,4489400.0,GUATAPE
2001-12-05,GUATAPE,4339800.0,GUATAPE
2001-12-06,GUATAPE,6644200.0,GUATAPE
2001-12-07,GUATAPE,6146700.0,GUATAPE
2001-12-08,GUATAPE,4958300.0,GUATAPE
2001-12-09,GUATAPE,5467600.0,GUATAPE
2001-12-10,GUATAPE,6639100.0,GUATAPE
2001-12-11,GUATAPE,4633900.0,GUATAPE
2001-12-12,GUATAPE,6780300.0,GUATAPE
2001-12-13,GUATAPE,1902700.0,GUATAPE
2001-12-14,GUATAPE,6007200.0,GUATAPE
2001-12-15,GUATAPE,3948200.0,GUATAPE
2001-12-16,GUATAPE,6382000.0,GUATAPE
2001-12-17,GUATAPE,6864400.0,GUATAPE
2001-12-18,GUATAPE,5802100.0,GUATAPE
2001-12-19,GUATAPE,4203700.0,GUATAPE
2001-12-20,GUATAPE,4296100.0,GUATAPE
2001-12-21,GUATAPE,5202100.0,GUATAPE
2001-12-22,GUATAPE,7906400.0,GUATAPE
2001-12-23,GUATAPE,9062800.0,GUATAPE
2001-12-24,GUATAPE,5961800.0,GUATAPE
2001-12-25,GUATAPE,5773500.0,GUATAPE
2001-12-26,GUATAPE,7005500.0,GUATAPE
2001-12-27,GUATAPE,5190300.0,GUATAPE
2001-12-28,GUATAPE,3338100.0,GUATAPE
2001-12-29,GUATAPE,8852700.0,GUATAPE
2001-12-30,GUATAPE,3373300.0,GUATAPE
2001-12-31,GUATAPE,4731400.0,GUATAPE
2002-01-01,GUATAPE,3581800.0,GUATAPE
2002-01-02,GUATAPE,5491100.0,GUATAPE
2002-01-03,GUATAPE,5146600.0,GUATAPE
2002-01-04,GUATAPE,2652300.0,GUATAPE
2002-01-05,GUATAPE,2840500.0,GUATAPE
2002-01-06,GUATAPE,4553300.0,GUATAPE
2002-01-07,GUATAPE,2551400.0,GUATAPE
2002-01-08,GUATAPE,2756500.0,GUATAPE
2002-01-09,GUATAPE,4481000.0,GUATAPE
2002-01-10,GUATAPE,3245600.0,GUATAPE
2002-01-11,GUATAPE,2684200.0,GUATAPE
2002-01-12,GUATAPE,1638800.0,GUATAPE
2002-01-13,GUATAPE,87400.0,GUATAPE
2002-01-14,GUATAPE,11458000.0,GUATAPE
2002-01-15,GUATAPE,3838900.0,GUATAPE
2002-01-16,GUATAPE,4096100.0,GUATAPE
2002-01-17,GUATAPE,2865800.0,GUATAPE
2002-01-18,GUATAPE,4457500.0,GUATAPE
2002-01-19,GUATAPE,3233800.0,GUATAPE
2002-01-20,GUATAPE,3087600.0,GUATAPE
2002-01-21,GUATAPE,3845700.0,GUATAPE
2002-01-22,GUATAPE,6370200.0,GUATAPE
2002-01-23,GUATAPE,3085900.0,GUATAPE
2002-01-24,GUATAPE,4805400.0,GUATAPE
2002-01-25,GUATAPE,235300.0,GUATAPE
2002-01-26,GUATAPE,2719500.0,GUATAPE
2002-01-27,GUATAPE,3259100.0,GUATAPE
2002-01-28,GUATAPE,14693500.0,GUATAPE
2002-01-29,GUATAPE,4111200.0,GUATAPE
2002-01-30,GUATAPE,2810300.0,GUATAPE
2002-01-31,GUATAPE,4518000.0,GUATAPE
2002-02-01,GUATAPE,4640700.0,GUATAPE
2002-02-02,GUATAPE,4052400.0,GUATAPE
2002-02-03,GUATAPE,8267800.0,GUATAPE
2002-02-04,GUATAPE,2395100.0,GUATAPE
2002-02-05,GUATAPE,5054100.0,GUATAPE
2002-02-06,GUATAPE,3746500.0,GUATAPE
2002-02-07,GUATAPE,7047600.0,GUATAPE
2002-02-08,GUATAPE,3652400.0,GUATAPE
2002-02-09,GUATAPE,4336400.0,GUATAPE
2002-02-10,GUATAPE,3854100.0,GUATAPE
2002-02-11,GUATAPE,2628800.0,GUATAPE
2002-02-12,GUATAPE,2650600.0,GUATAPE
2002-02-13,GUATAPE,2603500.0,GUATAPE
2002-02-14,GUATAPE,4919700.0,GUATAPE
2002-02-15,GUATAPE,2985100.0,GUATAPE
2002-02-16,GUATAPE,1721100.0,GUATAPE
2002-02-17,GUATAPE,2543000.0,GUATAPE
2002-02-18,GUATAPE,2944700.0,GUATAPE
2002-02-19,GUATAPE,2163200.0,GUATAPE
2002-02-20,GUATAPE,2106000.0,GUATAPE
2002-02-21,GUATAPE,3193500.0,GUATAPE
2002-02-22,GUATAPE,4744900.0,GUATAPE
2002-02-23,GUATAPE,5509600.0,GUATAPE
2002-02-24,GUATAPE,3154800.0,GUATAPE
2002-02-25,GUATAPE,3012000.0,GUATAPE
2002-02-26,GUATAPE,1428700.0,GUATAPE
2002-02-27,GUATAPE,3601900.0,GUATAPE
2002-02-28,GUATAPE,1741300.0,GUATAPE
2002-03-01,GUATAPE,941200.0,GUATAPE
2002-03-02,GUATAPE,2311100.0,GUATAPE
2002-03-03,GUATAPE,2902700.0,GUATAPE
2002-03-04,GUATAPE,1642100.0,GUATAPE
2002-03-05,GUATAPE,2870800.0,GUATAPE
2002-03-06,GUATAPE,1637100.0,GUATAPE
2002-03-07,GUATAPE,917700.0,GUATAPE
2002-03-08,GUATAPE,1699300.0,GUATAPE
2002-03-09,GUATAPE,2321200.0,GUATAPE
2002-03-10,GUATAPE,1793400.0,GUATAPE
2002-03-11,GUATAPE,2437100.0,GUATAPE
2002-03-12,GUATAPE,3317900.0,GUATAPE
2002-03-13,GUATAPE,2410300.0,GUATAPE
2002-03-14,GUATAPE,4491100.0,GUATAPE
2002-03-15,GUATAPE,5165100.0,GUATAPE
2002-03-16,GUATAPE,4274300.0,GUATAPE
2002-03-17,GUATAPE,2988400.0,GUATAPE
2002-03-18,GUATAPE,3198500.0,GUATAPE
2002-03-19,GUATAPE,5472700.0,GUATAPE
2002-03-20,GUATAPE,3744800.0,GUATAPE
2002-03-21,GUATAPE,12728600.0,GUATAPE
2002-03-22,GUATAPE,2943100.0,GUATAPE
2002-03-23,GUATAPE,5818900.0,GUATAPE
2002-03-24,GUATAPE,4092700.0,GUATAPE
2002-03-25,GUATAPE,9721700.0,GUATAPE
2002-03-26,GUATAPE,3279200.0,GUATAPE
2002-03-27,GUATAPE,10901600.0,GUATAPE
2002-03-28,GUATAPE,3907800.0,GUATAPE
2002-03-29,GUATAPE,4786900.0,GUATAPE
2002-03-30,GUATAPE,3590200.0,GUATAPE
2002-03-31,GUATAPE,4202000.0,GUATAPE
2002-04-01,GUATAPE,4060800.0,GUATAPE
2002-04-02,GUATAPE,5497900.0,GUATAPE
2002-04-03,GUATAPE,4798700.0,GUATAPE
2002-04-04,GUATAPE,3607000.0,GUATAPE
2002-04-05,GUATAPE,3874200.0,GUATAPE
2002-04-06,GUATAPE,2600200.0,GUATAPE
2002-04-07,GUATAPE,2857300.0,GUATAPE
2002-04-08,GUATAPE,3627100.0,GUATAPE
2002-04-09,GUATAPE,5028900.0,GUATAPE
2002-04-10,GUATAPE,4823900.0,GUATAPE
2002-04-11,GUATAPE,5232300.0,GUATAPE
2002-04-12,GUATAPE,5981900.0,GUATAPE
2002-04-13,GUATAPE,9222500.0,GUATAPE
2002-04-14,GUATAPE,6879500.0,GUATAPE
2002-04-15,GUATAPE,5607100.0,GUATAPE
2002-04-16,GUATAPE,9447700.0,GUATAPE
2002-04-17,GUATAPE,10412500.0,GUATAPE
2002-04-18,GUATAPE,11543700.0,GUATAPE
2002-04-19,GUATAPE,6844200.0,GUATAPE
2002-04-20,GUATAPE,7062700.0,GUATAPE
2002-04-21,GUATAPE,15586000.0,GUATAPE
2002-04-22,GUATAPE,3911200.0,GUATAPE
2002-04-23,GUATAPE,5176800.0,GUATAPE
2002-04-24,GUATAPE,4524700.0,GUATAPE
2002-04-25,GUATAPE,10662900.0,GUATAPE
2002-04-26,GUATAPE,4790300.0,GUATAPE
2002-04-27,GUATAPE,5239000.0,GUATAPE
2002-04-28,GUATAPE,5116300.0,GUATAPE
2002-04-29,GUATAPE,4082600.0,GUATAPE
2002-04-30,GUATAPE,5904600.0,GUATAPE
2002-05-01,GUATAPE,3665800.0,GUATAPE
2002-05-02,GUATAPE,3837200.0,GUATAPE
2002-05-03,GUATAPE,2859000.0,GUATAPE
2002-05-04,GUATAPE,2553100.0,GUATAPE
2002-05-05,GUATAPE,3403600.0,GUATAPE
2002-05-06,GUATAPE,3230500.0,GUATAPE
2002-05-07,GUATAPE,4390200.0,GUATAPE
2002-05-08,GUATAPE,3213700.0,GUATAPE
2002-05-09,GUATAPE,2743100.0,GUATAPE
2002-05-10,GUATAPE,1845500.0,GUATAPE
2002-05-11,GUATAPE,1422000.0,GUATAPE
2002-05-12,GUATAPE,1637100.0,GUATAPE
2002-05-13,GUATAPE,2936300.0,GUATAPE
2002-05-14,GUATAPE,1344600.0,GUATAPE
2002-05-15,GUATAPE,1771600.0,GUATAPE
2002-05-16,GUATAPE,3517900.0,GUATAPE
2002-05-17,GUATAPE,2581700.0,GUATAPE
2002-05-18,GUATAPE,6533200.0,GUATAPE
2002-05-19,GUATAPE,2045500.0,GUATAPE
2002-05-20,GUATAPE,3796900.0,GUATAPE
2002-05-21,GUATAPE,4193600.0,GUATAPE
2002-05-22,GUATAPE,3225400.0,GUATAPE
2002-05-23,GUATAPE,5524800.0,GUATAPE
2002-05-24,GUATAPE,3733000.0,GUATAPE
2002-05-25,GUATAPE,3707800.0,GUATAPE
2002-05-26,GUATAPE,11315100.0,GUATAPE
2002-05-27,GUATAPE,12268100.0,GUATAPE
2002-05-28,GUATAPE,6165100.0,GUATAPE
2002-05-29,GUATAPE,5376900.0,GUATAPE
2002-05-30,GUATAPE,6624000.0,GUATAPE
2002-05-31,GUATAPE,3847300.0,GUATAPE
2002-06-01,GUATAPE,3371700.0,GUATAPE
2002-06-02,GUATAPE,12837900.0,GUATAPE
2002-06-03,GUATAPE,3912900.0,GUATAPE
2002-06-04,GUATAPE,3491000.0,GUATAPE
2002-06-05,GUATAPE,8980500.0,GUATAPE
2002-06-06,GUATAPE,9089700.0,GUATAPE
2002-06-07,GUATAPE,13681600.0,GUATAPE
2002-06-08,GUATAPE,10599100.0,GUATAPE
2002-06-09,GUATAPE,10172200.0,GUATAPE
2002-06-10,GUATAPE,11382300.0,GUATAPE
2002-06-11,GUATAPE,13219400.0,GUATAPE
2002-06-12,GUATAPE,4976800.0,GUATAPE
2002-06-13,GUATAPE,7464400.0,GUATAPE
2002-06-14,GUATAPE,4188500.0,GUATAPE
2002-06-15,GUATAPE,3803600.0,GUATAPE
2002-06-16,GUATAPE,2922900.0,GUATAPE
2002-06-17,GUATAPE,3143100.0,GUATAPE
2002-06-18,GUATAPE,3316200.0,GUATAPE
2002-06-19,GUATAPE,3965000.0,GUATAPE
2002-06-20,GUATAPE,4798700.0,GUATAPE
2002-06-21,GUATAPE,4565000.0,GUATAPE
2002-06-22,GUATAPE,3376700.0,GUATAPE
2002-06-23,GUATAPE,2539700.0,GUATAPE
2002-06-24,GUATAPE,2617000.0,GUATAPE
2002-06-25,GUATAPE,2795200.0,GUATAPE
2002-06-26,GUATAPE,3079200.0,GUATAPE
2002-06-27,GUATAPE,2136300.0,GUATAPE
2002-06-28,GUATAPE,1469000.0,GUATAPE
2002-06-29,GUATAPE,3835600.0,GUATAPE
2002-06-30,GUATAPE,3049000.0,GUATAPE
2002-07-01,GUATAPE,2343000.0,GUATAPE
2002-07-02,GUATAPE,3297700.0,GUATAPE
2002-07-03,GUATAPE,2538000.0,GUATAPE
2002-07-04,GUATAPE,1553100.0,GUATAPE
2002-07-05,GUATAPE,5783600.0,GUATAPE
2002-07-06,GUATAPE,7903100.0,GUATAPE
2002-07-07,GUATAPE,5729800.0,GUATAPE
2002-07-08,GUATAPE,1576600.0,GUATAPE
2002-07-09,GUATAPE,3864100.0,GUATAPE
2002-07-10,GUATAPE,2812000.0,GUATAPE
2002-07-11,GUATAPE,1869000.0,GUATAPE
2002-07-12,GUATAPE,3080900.0,GUATAPE
2002-07-13,GUATAPE,2134600.0,GUATAPE
2002-07-14,GUATAPE,1951400.0,GUATAPE
2002-07-15,GUATAPE,2613600.0,GUATAPE
2002-07-16,GUATAPE,3232200.0,GUATAPE
2002-07-17,GUATAPE,3277500.0,GUATAPE
2002-07-18,GUATAPE,3096000.0,GUATAPE
2002-07-19,GUATAPE,2601900.0,GUATAPE
2002-07-20,GUATAPE,3301100.0,GUATAPE
2002-07-21,GUATAPE,7783700.0,GUATAPE
2002-07-22,GUATAPE,3195200.0,GUATAPE
2002-07-23,GUATAPE,3084300.0,GUATAPE
2002-07-24,GUATAPE,8091300.0,GUATAPE
2002-07-25,GUATAPE,7672800.0,GUATAPE
2002-07-26,GUATAPE,3971700.0,GUATAPE
2002-07-27,GUATAPE,1450500.0,GUATAPE
2002-07-28,GUATAPE,1699300.0,GUATAPE
2002-07-29,GUATAPE,1674100.0,GUATAPE
2002-07-30,GUATAPE,1527800.0,GUATAPE
2002-07-31,GUATAPE,3069100.0,GUATAPE
2002-08-01,GUATAPE,1748000.0,GUATAPE
2002-08-02,GUATAPE,3465800.0,GUATAPE
2002-08-03,GUATAPE,2037100.0,GUATAPE
2002-08-04,GUATAPE,1731200.0,GUATAPE
2002-08-05,GUATAPE,2707800.0,GUATAPE
2002-08-06,GUATAPE,2729600.0,GUATAPE
2002-08-07,GUATAPE,2899400.0,GUATAPE
2002-08-08,GUATAPE,1990100.0,GUATAPE
2002-08-09,GUATAPE,8486300.0,GUATAPE
2002-08-10,GUATAPE,3297700.0,GUATAPE
2002-08-11,GUATAPE,4035600.0,GUATAPE
2002-08-12,GUATAPE,2943100.0,GUATAPE
2002-08-13,GUATAPE,3512900.0,GUATAPE
2002-08-14,GUATAPE,2317800.0,GUATAPE
2002-08-15,GUATAPE,2290900.0,GUATAPE
2002-08-16,GUATAPE,1763200.0,GUATAPE
2002-08-17,GUATAPE,1361400.0,GUATAPE
2002-08-18,GUATAPE,2879200.0,GUATAPE
2002-08-19,GUATAPE,1275700.0,GUATAPE
2002-08-20,GUATAPE,2620400.0,GUATAPE
2002-08-21,GUATAPE,2255600.0,GUATAPE
2002-08-22,GUATAPE,1727900.0,GUATAPE
2002-08-23,GUATAPE,1924500.0,GUATAPE
2002-08-24,GUATAPE,979900.0,GUATAPE
2002-08-25,GUATAPE,2443900.0,GUATAPE
2002-08-26,GUATAPE,5797100.0,GUATAPE
2002-08-27,GUATAPE,5467600.0,GUATAPE
2002-08-28,GUATAPE,3968300.0,GUATAPE
2002-08-29,GUATAPE,11925200.0,GUATAPE
2002-08-30,GUATAPE,2060700.0,GUATAPE
2002-08-31,GUATAPE,7158500.0,GUATAPE
2002-09-01,GUATAPE,7193800.0,GUATAPE
2002-09-02,GUATAPE,6587000.0,GUATAPE
2002-09-03,GUATAPE,1447200.0,GUATAPE
2002-09-04,GUATAPE,5217200.0,GUATAPE
2002-09-05,GUATAPE,6103000.0,GUATAPE
2002-09-06,GUATAPE,4171700.0,GUATAPE
2002-09-07,GUATAPE,5195300.0,GUATAPE
2002-09-08,GUATAPE,2657300.0,GUATAPE
2002-09-09,GUATAPE,2519500.0,GUATAPE
2002-09-10,GUATAPE,3459100.0,GUATAPE
2002-09-11,GUATAPE,8809000.0,GUATAPE
2002-09-12,GUATAPE,3018700.0,GUATAPE
2002-09-13,GUATAPE,5837400.0,GUATAPE
2002-09-14,GUATAPE,5292800.0,GUATAPE
2002-09-15,GUATAPE,17129000.0,GUATAPE
2002-09-16,GUATAPE,14580900.0,GUATAPE
2002-09-17,GUATAPE,8620800.0,GUATAPE
2002-09-18,GUATAPE,7472800.0,GUATAPE
2002-09-19,GUATAPE,9259500.0,GUATAPE
2002-09-20,GUATAPE,4891100.0,GUATAPE
2002-09-21,GUATAPE,5074300.0,GUATAPE
2002-09-22,GUATAPE,3959900.0,GUATAPE
2002-09-23,GUATAPE,4990300.0,GUATAPE
2002-09-24,GUATAPE,2554800.0,GUATAPE
2002-09-25,GUATAPE,4117900.0,GUATAPE
2002-09-26,GUATAPE,3887700.0,GUATAPE
2002-09-27,GUATAPE,2956500.0,GUATAPE
2002-09-28,GUATAPE,12641200.0,GUATAPE
2002-09-29,GUATAPE,3413700.0,GUATAPE
2002-09-30,GUATAPE,5657500.0,GUATAPE
2002-10-01,GUATAPE,5101200.0,GUATAPE
2002-10-02,GUATAPE,4018800.0,GUATAPE
2002-10-03,GUATAPE,5477700.0,GUATAPE
2002-10-04,GUATAPE,3196900.0,GUATAPE
2002-10-05,GUATAPE,3617100.0,GUATAPE
2002-10-06,GUATAPE,4168400.0,GUATAPE
2002-10-07,GUATAPE,7551800.0,GUATAPE
2002-10-08,GUATAPE,6780300.0,GUATAPE
2002-10-09,GUATAPE,4610400.0,GUATAPE
2002-10-10,GUATAPE,3035500.0,GUATAPE
2002-10-11,GUATAPE,6807200.0,GUATAPE
2002-10-12,GUATAPE,2529600.0,GUATAPE
2002-10-13,GUATAPE,3474200.0,GUATAPE
2002-10-14,GUATAPE,3775100.0,GUATAPE
2002-10-15,GUATAPE,3407000.0,GUATAPE
2002-10-16,GUATAPE,3887700.0,GUATAPE
2002-10-17,GUATAPE,8664500.0,GUATAPE
2002-10-18,GUATAPE,7622400.0,GUATAPE
2002-10-19,GUATAPE,11249500.0,GUATAPE
2002-10-20,GUATAPE,6988700.0,GUATAPE
2002-10-21,GUATAPE,5230600.0,GUATAPE
2002-10-22,GUATAPE,3699400.0,GUATAPE
2002-10-23,GUATAPE,7025700.0,GUATAPE
2002-10-24,GUATAPE,10536900.0,GUATAPE
2002-10-25,GUATAPE,6099600.0,GUATAPE
2002-10-26,GUATAPE,6069300.0,GUATAPE
2002-10-27,GUATAPE,8009000.0,GUATAPE
2002-10-28,GUATAPE,7454300.0,GUATAPE
2002-10-29,GUATAPE,18719000.0,GUATAPE
2002-10-30,GUATAPE,7901400.0,GUATAPE
2002-10-31,GUATAPE,6817300.0,GUATAPE
2002-11-01,GUATAPE,6213900.0,GUATAPE
2002-11-02,GUATAPE,6592100.0,GUATAPE
2002-11-03,GUATAPE,4914600.0,GUATAPE
2002-11-04,GUATAPE,4465900.0,GUATAPE
2002-11-05,GUATAPE,4986900.0,GUATAPE
2002-11-06,GUATAPE,4692800.0,GUATAPE
2002-11-07,GUATAPE,8030800.0,GUATAPE
2002-11-08,GUATAPE,7545100.0,GUATAPE
2002-11-09,GUATAPE,4149900.0,GUATAPE
2002-11-10,GUATAPE,4938200.0,GUATAPE
2002-11-11,GUATAPE,4274300.0,GUATAPE
2002-11-12,GUATAPE,4269200.0,GUATAPE
2002-11-13,GUATAPE,7738400.0,GUATAPE
2002-11-14,GUATAPE,3006900.0,GUATAPE
2002-11-15,GUATAPE,2880900.0,GUATAPE
2002-11-16,GUATAPE,3692700.0,GUATAPE
2002-11-17,GUATAPE,3205300.0,GUATAPE
2002-11-18,GUATAPE,5808800.0,GUATAPE
2002-11-19,GUATAPE,5143200.0,GUATAPE
2002-11-20,GUATAPE,3565000.0,GUATAPE
2002-11-21,GUATAPE,4854100.0,GUATAPE
2002-11-22,GUATAPE,2625400.0,GUATAPE
2002-11-23,GUATAPE,2916200.0,GUATAPE
2002-11-24,GUATAPE,4948300.0,GUATAPE
2002-11-25,GUATAPE,4891100.0,GUATAPE
2002-11-26,GUATAPE,5010400.0,GUATAPE
2002-11-27,GUATAPE,9318300.0,GUATAPE
2002-11-28,GUATAPE,6674400.0,GUATAPE
2002-11-29,GUATAPE,3517900.0,GUATAPE
2002-11-30,GUATAPE,3667500.0,GUATAPE
2002-12-01,GUATAPE,6975300.0,GUATAPE
2002-12-02,GUATAPE,4600300.0,GUATAPE
2002-12-03,GUATAPE,4307900.0,GUATAPE
2002-12-04,GUATAPE,4546500.0,GUATAPE
2002-12-05,GUATAPE,4003400.0,GUATAPE
2002-12-06,GUATAPE,6044400.0,GUATAPE
2002-12-07,GUATAPE,3801300.0,GUATAPE
2002-12-08,GUATAPE,6784300.0,GUATAPE
2002-12-09,GUATAPE,4315800.0,GUATAPE
2002-12-10,GUATAPE,4374200.0,GUATAPE
2002-12-11,GUATAPE,3839800.0,GUATAPE
2002-12-12,GUATAPE,4046900.0,GUATAPE
2002-12-13,GUATAPE,2991300.0,GUATAPE
2002-12-14,GUATAPE,4803400.0,GUATAPE
2002-12-15,GUATAPE,14089700.0,GUATAPE
2002-12-16,GUATAPE,4302400.0,GUATAPE
2002-12-17,GUATAPE,6527100.0,GUATAPE
2002-12-18,GUATAPE,5095700.0,GUATAPE
2002-12-19,GUATAPE,2710700.0,GUATAPE
2002-12-20,GUATAPE,6958000.0,GUATAPE
2002-12-21,GUATAPE,5825600.0,GUATAPE
2002-12-22,GUATAPE,6149600.0,GUATAPE
2002-12-23,GUATAPE,2518600.0,GUATAPE
2002-12-24,GUATAPE,2493600.0,GUATAPE
2002-12-25,GUATAPE,2111100.0,GUATAPE
2002-12-26,GUATAPE,4531200.0,GUATAPE
2002-12-27,GUATAPE,3183400.0,GUATAPE
2002-12-28,GUATAPE,3913200.0,GUATAPE
2002-12-29,GUATAPE,4618100.0,GUATAPE
2002-12-30,GUATAPE,3555800.0,GUATAPE
2002-12-31,GUATAPE,3076500.0,GUATAPE
2003-01-01,GUATAPE,1301100.0,GUATAPE
2003-01-02,GUATAPE,2441800.0,GUATAPE
2003-01-03,GUATAPE,2662300.0,GUATAPE
2003-01-04,GUATAPE,1853900.0,GUATAPE
2003-01-05,GUATAPE,3165000.0,GUATAPE
2003-01-06,GUATAPE,3417200.0,GUATAPE
2003-01-07,GUATAPE,3205100.0,GUATAPE
2003-01-08,GUATAPE,3221800.0,GUATAPE
2003-01-09,GUATAPE,1853900.0,GUATAPE
2003-01-10,GUATAPE,2097800.0,GUATAPE
2003-01-11,GUATAPE,1551600.0,GUATAPE
2003-01-12,GUATAPE,1880600.0,GUATAPE
2003-01-13,GUATAPE,2881100.0,GUATAPE
2003-01-14,GUATAPE,2700700.0,GUATAPE
2003-01-15,GUATAPE,2603800.0,GUATAPE
2003-01-16,GUATAPE,2824300.0,GUATAPE
2003-01-17,GUATAPE,1591700.0,GUATAPE
2003-01-18,GUATAPE,2107800.0,GUATAPE
2003-01-19,GUATAPE,2774200.0,GUATAPE
2003-01-20,GUATAPE,2129500.0,GUATAPE
2003-01-21,GUATAPE,1909000.0,GUATAPE
2003-01-22,GUATAPE,2194600.0,GUATAPE
2003-01-23,GUATAPE,1937400.0,GUATAPE
2003-01-24,GUATAPE,2772500.0,GUATAPE
2003-01-25,GUATAPE,2411700.0,GUATAPE
2003-01-26,GUATAPE,2368300.0,GUATAPE
2003-01-27,GUATAPE,1105700.0,GUATAPE
2003-01-28,GUATAPE,1765400.0,GUATAPE
2003-01-29,GUATAPE,871800.0,GUATAPE
2003-01-30,GUATAPE,1902300.0,GUATAPE
2003-01-31,GUATAPE,1409600.0,GUATAPE
2003-02-01,GUATAPE,1847200.0,GUATAPE
2003-02-02,GUATAPE,1458100.0,GUATAPE
2003-02-03,GUATAPE,2097800.0,GUATAPE
2003-02-04,GUATAPE,1570000.0,GUATAPE
2003-02-05,GUATAPE,1803800.0,GUATAPE
2003-02-06,GUATAPE,3724500.0,GUATAPE
2003-02-07,GUATAPE,2692300.0,GUATAPE
2003-02-08,GUATAPE,3322000.0,GUATAPE
2003-02-09,GUATAPE,2831000.0,GUATAPE
2003-02-10,GUATAPE,6325000.0,GUATAPE
2003-02-11,GUATAPE,3839800.0,GUATAPE
2003-02-12,GUATAPE,3804700.0,GUATAPE
2003-02-13,GUATAPE,3793000.0,GUATAPE
2003-02-14,GUATAPE,3470600.0,GUATAPE
2003-02-15,GUATAPE,2643900.0,GUATAPE
2003-02-16,GUATAPE,2311500.0,GUATAPE
2003-02-17,GUATAPE,5526600.0,GUATAPE
2003-02-18,GUATAPE,5117400.0,GUATAPE
2003-02-19,GUATAPE,1713600.0,GUATAPE
2003-02-20,GUATAPE,2084400.0,GUATAPE
2003-02-21,GUATAPE,1758700.0,GUATAPE
2003-02-22,GUATAPE,1940800.0,GUATAPE
2003-02-23,GUATAPE,1952400.0,GUATAPE
2003-02-24,GUATAPE,2378300.0,GUATAPE
2003-02-25,GUATAPE,1880600.0,GUATAPE
2003-02-26,GUATAPE,1466400.0,GUATAPE
2003-02-27,GUATAPE,860100.0,GUATAPE
2003-02-28,GUATAPE,2543700.0,GUATAPE
2003-03-01,GUATAPE,2445100.0,GUATAPE
2003-03-02,GUATAPE,4270700.0,GUATAPE
2003-03-03,GUATAPE,2383400.0,GUATAPE
2003-03-04,GUATAPE,2164600.0,GUATAPE
2003-03-05,GUATAPE,3876500.0,GUATAPE
2003-03-06,GUATAPE,1509800.0,GUATAPE
2003-03-07,GUATAPE,2112800.0,GUATAPE
2003-03-08,GUATAPE,1563300.0,GUATAPE
2003-03-09,GUATAPE,1277700.0,GUATAPE
2003-03-10,GUATAPE,2383400.0,GUATAPE
2003-03-11,GUATAPE,2136200.0,GUATAPE
2003-03-12,GUATAPE,3525800.0,GUATAPE
2003-03-13,GUATAPE,6289900.0,GUATAPE
2003-03-14,GUATAPE,4619700.0,GUATAPE
2003-03-15,GUATAPE,3612600.0,GUATAPE
2003-03-16,GUATAPE,2547000.0,GUATAPE
2003-03-17,GUATAPE,5236000.0,GUATAPE
2003-03-18,GUATAPE,4925400.0,GUATAPE
2003-03-19,GUATAPE,4050200.0,GUATAPE
2003-03-20,GUATAPE,5750400.0,GUATAPE
2003-03-21,GUATAPE,6557100.0,GUATAPE
2003-03-22,GUATAPE,4861900.0,GUATAPE
2003-03-23,GUATAPE,2582100.0,GUATAPE
2003-03-24,GUATAPE,3246800.0,GUATAPE
2003-03-25,GUATAPE,2986300.0,GUATAPE
2003-03-26,GUATAPE,5364600.0,GUATAPE
2003-03-27,GUATAPE,9105800.0,GUATAPE
2003-03-28,GUATAPE,3504000.0,GUATAPE
2003-03-29,GUATAPE,4649800.0,GUATAPE
2003-03-30,GUATAPE,3477300.0,GUATAPE
2003-03-31,GUATAPE,2567100.0,GUATAPE
2003-04-01,GUATAPE,3221800.0,GUATAPE
2003-04-02,GUATAPE,4192200.0,GUATAPE
2003-04-03,GUATAPE,2129500.0,GUATAPE
2003-04-04,GUATAPE,7743000.0,GUATAPE
2003-04-05,GUATAPE,3320300.0,GUATAPE
2003-04-06,GUATAPE,4775100.0,GUATAPE
2003-04-07,GUATAPE,3564200.0,GUATAPE
2003-04-08,GUATAPE,3612600.0,GUATAPE
2003-04-09,GUATAPE,6017700.0,GUATAPE
2003-04-10,GUATAPE,5134100.0,GUATAPE
2003-04-11,GUATAPE,4863600.0,GUATAPE
2003-04-12,GUATAPE,14564000.0,GUATAPE
2003-04-13,GUATAPE,16432900.0,GUATAPE
2003-04-14,GUATAPE,10837800.0,GUATAPE
2003-04-15,GUATAPE,15315600.0,GUATAPE
2003-04-16,GUATAPE,6263200.0,GUATAPE
2003-04-17,GUATAPE,4927000.0,GUATAPE
2003-04-18,GUATAPE,5616800.0,GUATAPE
2003-04-19,GUATAPE,6127900.0,GUATAPE
2003-04-20,GUATAPE,4504500.0,GUATAPE
2003-04-21,GUATAPE,14316800.0,GUATAPE
2003-04-22,GUATAPE,5586100.0,GUATAPE
2003-04-23,GUATAPE,6500400.0,GUATAPE
2003-04-24,GUATAPE,5844000.0,GUATAPE
2003-04-25,GUATAPE,6474500.0,GUATAPE
2003-04-26,GUATAPE,6687400.0,GUATAPE
2003-04-27,GUATAPE,10089600.0,GUATAPE
2003-04-28,GUATAPE,4993900.0,GUATAPE
2003-04-29,GUATAPE,13166100.0,GUATAPE
2003-04-30,GUATAPE,4790100.0,GUATAPE
2003-05-01,GUATAPE,2234700.0,GUATAPE
2003-05-02,GUATAPE,4377600.0,GUATAPE
2003-05-03,GUATAPE,5137500.0,GUATAPE
2003-05-04,GUATAPE,4446000.0,GUATAPE
2003-05-05,GUATAPE,9114200.0,GUATAPE
2003-05-06,GUATAPE,5698700.0,GUATAPE
2003-05-07,GUATAPE,11340500.0,GUATAPE
2003-05-08,GUATAPE,9677000.0,GUATAPE
2003-05-09,GUATAPE,5040600.0,GUATAPE
2003-05-10,GUATAPE,6550500.0,GUATAPE
2003-05-11,GUATAPE,8052000.0,GUATAPE
2003-05-12,GUATAPE,7143400.0,GUATAPE
2003-05-13,GUATAPE,8200600.0,GUATAPE
2003-05-14,GUATAPE,5059000.0,GUATAPE
2003-05-15,GUATAPE,5110800.0,GUATAPE
2003-05-16,GUATAPE,2846000.0,GUATAPE
2003-05-17,GUATAPE,3327000.0,GUATAPE
2003-05-18,GUATAPE,5454800.0,GUATAPE
2003-05-19,GUATAPE,5361300.0,GUATAPE
2003-05-20,GUATAPE,5331700.0,GUATAPE
2003-05-21,GUATAPE,6345000.0,GUATAPE
2003-05-22,GUATAPE,16738600.0,GUATAPE
2003-05-23,GUATAPE,9260700.0,GUATAPE
2003-05-24,GUATAPE,9603600.0,GUATAPE
2003-05-25,GUATAPE,9603600.0,GUATAPE
2003-05-26,GUATAPE,9267500.0,GUATAPE
2003-05-27,GUATAPE,8026900.0,GUATAPE
2003-05-28,GUATAPE,5025600.0,GUATAPE
2003-05-29,GUATAPE,5817300.0,GUATAPE
2003-05-30,GUATAPE,13727200.0,GUATAPE
2003-05-31,GUATAPE,8209000.0,GUATAPE
2003-06-01,GUATAPE,7809800.0,GUATAPE
2003-06-02,GUATAPE,9181000.0,GUATAPE
2003-06-03,GUATAPE,14330200.0,GUATAPE
2003-06-04,GUATAPE,4913700.0,GUATAPE
2003-06-05,GUATAPE,5466500.0,GUATAPE
2003-06-06,GUATAPE,8317500.0,GUATAPE
2003-06-07,GUATAPE,9206100.0,GUATAPE
2003-06-08,GUATAPE,5326200.0,GUATAPE
2003-06-09,GUATAPE,4370900.0,GUATAPE
2003-06-10,GUATAPE,4586300.0,GUATAPE
2003-06-11,GUATAPE,9207700.0,GUATAPE
2003-06-12,GUATAPE,11998600.0,GUATAPE
2003-06-13,GUATAPE,13468400.0,GUATAPE
2003-06-14,GUATAPE,9973500.0,GUATAPE
2003-06-15,GUATAPE,13949400.0,GUATAPE
2003-06-16,GUATAPE,13949400.0,GUATAPE
2003-06-17,GUATAPE,19893900.0,GUATAPE
2003-06-18,GUATAPE,19232200.0,GUATAPE
2003-06-19,GUATAPE,9114200.0,GUATAPE
2003-06-20,GUATAPE,7881800.0,GUATAPE
2003-06-21,GUATAPE,6660700.0,GUATAPE
2003-06-22,GUATAPE,5850700.0,GUATAPE
2003-06-23,GUATAPE,6179300.0,GUATAPE
2003-06-24,GUATAPE,10091300.0,GUATAPE
2003-06-25,GUATAPE,11861600.0,GUATAPE
2003-06-26,GUATAPE,5507400.0,GUATAPE
2003-06-27,GUATAPE,5399700.0,GUATAPE
2003-06-28,GUATAPE,5496600.0,GUATAPE
2003-06-29,GUATAPE,5174200.0,GUATAPE
2003-06-30,GUATAPE,4918700.0,GUATAPE
2003-07-01,GUATAPE,5496600.0,GUATAPE
2003-07-02,GUATAPE,4977100.0,GUATAPE
2003-07-03,GUATAPE,5224300.0,GUATAPE
2003-07-04,GUATAPE,7121700.0,GUATAPE
2003-07-05,GUATAPE,3203200.0,GUATAPE
2003-07-06,GUATAPE,10717600.0,GUATAPE
2003-07-07,GUATAPE,8078700.0,GUATAPE
2003-07-08,GUATAPE,8729900.0,GUATAPE
2003-07-09,GUATAPE,5070700.0,GUATAPE
2003-07-10,GUATAPE,4128700.0,GUATAPE
2003-07-11,GUATAPE,6782800.0,GUATAPE
2003-07-12,GUATAPE,4399300.0,GUATAPE
2003-07-13,GUATAPE,4728300.0,GUATAPE
2003-07-14,GUATAPE,3760300.0,GUATAPE
2003-07-15,GUATAPE,3418900.0,GUATAPE
2003-07-16,GUATAPE,3664400.0,GUATAPE
2003-07-17,GUATAPE,3636000.0,GUATAPE
2003-07-18,GUATAPE,3849800.0,GUATAPE
2003-07-19,GUATAPE,4547900.0,GUATAPE
2003-07-20,GUATAPE,3605900.0,GUATAPE
2003-07-21,GUATAPE,2496900.0,GUATAPE
2003-07-22,GUATAPE,3527400.0,GUATAPE
2003-07-23,GUATAPE,3450600.0,GUATAPE
2003-07-24,GUATAPE,5182600.0,GUATAPE
2003-07-25,GUATAPE,4031800.0,GUATAPE
2003-07-26,GUATAPE,4277300.0,GUATAPE
2003-07-27,GUATAPE,4175500.0,GUATAPE
2003-07-28,GUATAPE,3475700.0,GUATAPE
2003-07-29,GUATAPE,2974600.0,GUATAPE
2003-07-30,GUATAPE,4163800.0,GUATAPE
2003-07-31,GUATAPE,3475700.0,GUATAPE
2003-08-01,GUATAPE,3325300.0,GUATAPE
2003-08-02,GUATAPE,5822300.0,GUATAPE
2003-08-03,GUATAPE,6421900.0,GUATAPE
2003-08-04,GUATAPE,3904900.0,GUATAPE
2003-08-05,GUATAPE,3983400.0,GUATAPE
2003-08-06,GUATAPE,3643700.0,GUATAPE
2003-08-07,GUATAPE,3470600.0,GUATAPE
2003-08-08,GUATAPE,3906600.0,GUATAPE
2003-08-09,GUATAPE,3643200.0,GUATAPE
2003-08-10,GUATAPE,2321600.0,GUATAPE
2003-08-11,GUATAPE,2219700.0,GUATAPE
2003-08-12,GUATAPE,1097300.0,GUATAPE
2003-08-13,GUATAPE,2597100.0,GUATAPE
2003-08-14,GUATAPE,2343300.0,GUATAPE
2003-08-15,GUATAPE,4356500.0,GUATAPE
2003-08-16,GUATAPE,3539100.0,GUATAPE
2003-08-17,GUATAPE,2774200.0,GUATAPE
2003-08-18,GUATAPE,2424900.0,GUATAPE
2003-08-19,GUATAPE,4708200.0,GUATAPE
2003-08-20,GUATAPE,5140800.0,GUATAPE
2003-08-21,GUATAPE,4923700.0,GUATAPE
2003-08-22,GUATAPE,10827800.0,GUATAPE
2003-08-23,GUATAPE,8359300.0,GUATAPE
2003-08-24,GUATAPE,6797000.0,GUATAPE
2003-08-25,GUATAPE,3397200.0,GUATAPE
2003-08-26,GUATAPE,6887800.0,GUATAPE
2003-08-27,GUATAPE,5710400.0,GUATAPE
2003-08-28,GUATAPE,12713400.0,GUATAPE
2003-08-29,GUATAPE,6699100.0,GUATAPE
2003-08-30,GUATAPE,4903700.0,GUATAPE
2003-08-31,GUATAPE,4548200.0,GUATAPE
2003-09-01,GUATAPE,3871500.0,GUATAPE
2003-09-02,GUATAPE,2836000.0,GUATAPE
2003-09-03,GUATAPE,3562500.0,GUATAPE
2003-09-04,GUATAPE,4075200.0,GUATAPE
2003-09-05,GUATAPE,8765100.0,GUATAPE
2003-09-06,GUATAPE,10391200.0,GUATAPE
2003-09-07,GUATAPE,3858100.0,GUATAPE
2003-09-08,GUATAPE,4876900.0,GUATAPE
2003-09-09,GUATAPE,5050600.0,GUATAPE
2003-09-10,GUATAPE,7684900.0,GUATAPE
2003-09-11,GUATAPE,6858800.0,GUATAPE
2003-09-12,GUATAPE,5234000.0,GUATAPE
2003-09-13,GUATAPE,9795600.0,GUATAPE
2003-09-14,GUATAPE,3717800.0,GUATAPE
2003-09-15,GUATAPE,5241000.0,GUATAPE
2003-09-16,GUATAPE,4659800.0,GUATAPE
2003-09-17,GUATAPE,7131700.0,GUATAPE
2003-09-18,GUATAPE,4297400.0,GUATAPE
2003-09-19,GUATAPE,3798000.0,GUATAPE
2003-09-20,GUATAPE,7146700.0,GUATAPE
2003-09-21,GUATAPE,4406600.0,GUATAPE
2003-09-22,GUATAPE,5242700.0,GUATAPE
2003-09-23,GUATAPE,2982900.0,GUATAPE
2003-09-24,GUATAPE,4675300.0,GUATAPE
2003-09-25,GUATAPE,5321200.0,GUATAPE
2003-09-26,GUATAPE,3808000.0,GUATAPE
2003-09-27,GUATAPE,5859200.0,GUATAPE
2003-09-28,GUATAPE,4362500.0,GUATAPE
2003-09-29,GUATAPE,4915400.0,GUATAPE
2003-09-30,GUATAPE,6277700.0,GUATAPE
2003-10-01,GUATAPE,3544100.0,GUATAPE
2003-10-02,GUATAPE,3904900.0,GUATAPE
2003-10-03,GUATAPE,3334500.0,GUATAPE
2003-10-04,GUATAPE,6787600.0,GUATAPE
2003-10-05,GUATAPE,8968900.0,GUATAPE
2003-10-06,GUATAPE,4049700.0,GUATAPE
2003-10-07,GUATAPE,4150400.0,GUATAPE
2003-10-08,GUATAPE,3854800.0,GUATAPE
2003-10-09,GUATAPE,8475200.0,GUATAPE
2003-10-10,GUATAPE,7417300.0,GUATAPE
2003-10-11,GUATAPE,4215500.0,GUATAPE
2003-10-12,GUATAPE,4285700.0,GUATAPE
2003-10-13,GUATAPE,3981700.0,GUATAPE
2003-10-14,GUATAPE,8690000.0,GUATAPE
2003-10-15,GUATAPE,5663600.0,GUATAPE
2003-10-16,GUATAPE,7986800.0,GUATAPE
2003-10-17,GUATAPE,4492800.0,GUATAPE
2003-10-18,GUATAPE,5973400.0,GUATAPE
2003-10-19,GUATAPE,6550500.0,GUATAPE
2003-10-20,GUATAPE,15165300.0,GUATAPE
2003-10-21,GUATAPE,7652800.0,GUATAPE
2003-10-22,GUATAPE,6347400.0,GUATAPE
2003-10-23,GUATAPE,5682000.0,GUATAPE
2003-10-24,GUATAPE,8877000.0,GUATAPE
2003-10-25,GUATAPE,12677700.0,GUATAPE
2003-10-26,GUATAPE,9196000.0,GUATAPE
2003-10-27,GUATAPE,7427300.0,GUATAPE
2003-10-28,GUATAPE,6846400.0,GUATAPE
2003-10-29,GUATAPE,8093700.0,GUATAPE
2003-10-30,GUATAPE,10249900.0,GUATAPE
2003-10-31,GUATAPE,7309200.0,GUATAPE
2003-11-01,GUATAPE,5812200.0,GUATAPE
2003-11-02,GUATAPE,9593500.0,GUATAPE
2003-11-03,GUATAPE,5782300.0,GUATAPE
2003-11-04,GUATAPE,4634800.0,GUATAPE
2003-11-05,GUATAPE,4830200.0,GUATAPE
2003-11-06,GUATAPE,4721300.0,GUATAPE
2003-11-07,GUATAPE,5523300.0,GUATAPE
2003-11-08,GUATAPE,4320800.0,GUATAPE
2003-11-09,GUATAPE,4779600.0,GUATAPE
2003-11-10,GUATAPE,4556300.0,GUATAPE
2003-11-11,GUATAPE,8264100.0,GUATAPE
2003-11-12,GUATAPE,3298900.0,GUATAPE
2003-11-13,GUATAPE,3783000.0,GUATAPE
2003-11-14,GUATAPE,5755500.0,GUATAPE
2003-11-15,GUATAPE,7369000.0,GUATAPE
2003-11-16,GUATAPE,3637700.0,GUATAPE
2003-11-17,GUATAPE,4868600.0,GUATAPE
2003-11-18,GUATAPE,4086600.0,GUATAPE
2003-11-19,GUATAPE,4215500.0,GUATAPE
2003-11-20,GUATAPE,4416000.0,GUATAPE
2003-11-21,GUATAPE,4416000.0,GUATAPE
2003-11-22,GUATAPE,4845200.0,GUATAPE
2003-11-23,GUATAPE,7559300.0,GUATAPE
2003-11-24,GUATAPE,10869900.0,GUATAPE
2003-11-25,GUATAPE,6398500.0,GUATAPE
2003-11-26,GUATAPE,3854800.0,GUATAPE
2003-11-27,GUATAPE,5345100.0,GUATAPE
2003-11-28,GUATAPE,10448700.0,GUATAPE
2003-11-29,GUATAPE,6783100.0,GUATAPE
2003-11-30,GUATAPE,5793900.0,GUATAPE
2003-12-01,GUATAPE,16169100.0,GUATAPE
2003-12-02,GUATAPE,12982300.0,GUATAPE
2003-12-03,GUATAPE,7489100.0,GUATAPE
2003-12-04,GUATAPE,7033100.0,GUATAPE
2003-12-05,GUATAPE,10251600.0,GUATAPE
2003-12-06,GUATAPE,5954200.0,GUATAPE
2003-12-07,GUATAPE,4793400.0,GUATAPE
2003-12-08,GUATAPE,5717000.0,GUATAPE
2003-12-09,GUATAPE,4457700.0,GUATAPE
2003-12-10,GUATAPE,5097400.0,GUATAPE
2003-12-11,GUATAPE,6413500.0,GUATAPE
2003-12-12,GUATAPE,3445600.0,GUATAPE
2003-12-13,GUATAPE,4312400.0,GUATAPE
2003-12-14,GUATAPE,3697800.0,GUATAPE
2003-12-15,GUATAPE,4461100.0,GUATAPE
2003-12-16,GUATAPE,2356600.0,GUATAPE
2003-12-17,GUATAPE,4238900.0,GUATAPE
2003-12-18,GUATAPE,5568400.0,GUATAPE
2003-12-19,GUATAPE,3052000.0,GUATAPE
2003-12-20,GUATAPE,4050100.0,GUATAPE
2003-12-21,GUATAPE,5614900.0,GUATAPE
2003-12-22,GUATAPE,8591000.0,GUATAPE
2003-12-23,GUATAPE,4431800.0,GUATAPE
2003-12-24,GUATAPE,5289400.0,GUATAPE
2003-12-25,GUATAPE,6155300.0,GUATAPE
2003-12-26,GUATAPE,3519700.0,GUATAPE
2003-12-27,GUATAPE,9514700.0,GUATAPE
2003-12-28,GUATAPE,13017800.0,GUATAPE
2003-12-29,GUATAPE,4471500.0,GUATAPE
2003-12-30,GUATAPE,5874400.0,GUATAPE
2003-12-31,GUATAPE,5082900.0,GUATAPE
2004-01-01,GUATAPE,5405100.0,GUATAPE
2004-01-02,GUATAPE,2974400.0,GUATAPE
2004-01-03,GUATAPE,2126700.0,GUATAPE
2004-01-04,GUATAPE,4345900.0,GUATAPE
2004-01-05,GUATAPE,4459900.0,GUATAPE
2004-01-06,GUATAPE,3043800.0,GUATAPE
2004-01-07,GUATAPE,6358500.0,GUATAPE
2004-01-08,GUATAPE,6342000.0,GUATAPE
2004-01-09,GUATAPE,4027000.0,GUATAPE
2004-01-10,GUATAPE,6702200.0,GUATAPE
2004-01-11,GUATAPE,8946200.0,GUATAPE
2004-01-12,GUATAPE,8262100.0,GUATAPE
2004-01-13,GUATAPE,5210100.0,GUATAPE
2004-01-14,GUATAPE,2777700.0,GUATAPE
2004-01-15,GUATAPE,3192500.0,GUATAPE
2004-01-16,GUATAPE,3329600.0,GUATAPE
2004-01-17,GUATAPE,3496500.0,GUATAPE
2004-01-18,GUATAPE,3085100.0,GUATAPE
2004-01-19,GUATAPE,3004100.0,GUATAPE
2004-01-20,GUATAPE,6945100.0,GUATAPE
2004-01-21,GUATAPE,2387800.0,GUATAPE
2004-01-22,GUATAPE,3828700.0,GUATAPE
2004-01-23,GUATAPE,3618800.0,GUATAPE
2004-01-24,GUATAPE,4552400.0,GUATAPE
2004-01-25,GUATAPE,3825400.0,GUATAPE
2004-01-26,GUATAPE,3293300.0,GUATAPE
2004-01-27,GUATAPE,3564300.0,GUATAPE
2004-01-28,GUATAPE,2503400.0,GUATAPE
2004-01-29,GUATAPE,2172900.0,GUATAPE
2004-01-30,GUATAPE,2743000.0,GUATAPE
2004-01-31,GUATAPE,3139600.0,GUATAPE
2004-02-01,GUATAPE,3671700.0,GUATAPE
2004-02-02,GUATAPE,3164400.0,GUATAPE
2004-02-03,GUATAPE,1445900.0,GUATAPE
2004-02-04,GUATAPE,2095300.0,GUATAPE
2004-02-05,GUATAPE,7548300.0,GUATAPE
2004-02-06,GUATAPE,2410900.0,GUATAPE
2004-02-07,GUATAPE,2353100.0,GUATAPE
2004-02-08,GUATAPE,1368200.0,GUATAPE
2004-02-09,GUATAPE,3486600.0,GUATAPE
2004-02-10,GUATAPE,1968000.0,GUATAPE
2004-02-11,GUATAPE,2473700.0,GUATAPE
2004-02-12,GUATAPE,2982600.0,GUATAPE
2004-02-13,GUATAPE,2042400.0,GUATAPE
2004-02-14,GUATAPE,3319700.0,GUATAPE
2004-02-15,GUATAPE,2283600.0,GUATAPE
2004-02-16,GUATAPE,2885100.0,GUATAPE
2004-02-17,GUATAPE,2488600.0,GUATAPE
2004-02-18,GUATAPE,2858700.0,GUATAPE
2004-02-19,GUATAPE,3218900.0,GUATAPE
2004-02-20,GUATAPE,2802500.0,GUATAPE
2004-02-21,GUATAPE,3914600.0,GUATAPE
2004-02-22,GUATAPE,2716600.0,GUATAPE
2004-02-23,GUATAPE,5644700.0,GUATAPE
2004-02-24,GUATAPE,7465700.0,GUATAPE
2004-02-25,GUATAPE,4089700.0,GUATAPE
2004-02-26,GUATAPE,4473100.0,GUATAPE
2004-02-27,GUATAPE,3232100.0,GUATAPE
2004-02-28,GUATAPE,3379200.0,GUATAPE
2004-02-29,GUATAPE,3711300.0,GUATAPE
2004-03-01,GUATAPE,2283600.0,GUATAPE
2004-03-02,GUATAPE,4537600.0,GUATAPE
2004-03-03,GUATAPE,7787900.0,GUATAPE
2004-03-04,GUATAPE,3366000.0,GUATAPE
2004-03-05,GUATAPE,2686800.0,GUATAPE
2004-03-06,GUATAPE,5001900.0,GUATAPE
2004-03-07,GUATAPE,5003500.0,GUATAPE
2004-03-08,GUATAPE,2926400.0,GUATAPE
2004-03-09,GUATAPE,3612200.0,GUATAPE
2004-03-10,GUATAPE,3603900.0,GUATAPE
2004-03-11,GUATAPE,7368200.0,GUATAPE
2004-03-12,GUATAPE,2283600.0,GUATAPE
2004-03-13,GUATAPE,3370900.0,GUATAPE
2004-03-14,GUATAPE,6203200.0,GUATAPE
2004-03-15,GUATAPE,6875700.0,GUATAPE
2004-03-16,GUATAPE,3782400.0,GUATAPE
2004-03-17,GUATAPE,4501200.0,GUATAPE
2004-03-18,GUATAPE,2488600.0,GUATAPE
2004-03-19,GUATAPE,1673900.0,GUATAPE
2004-03-20,GUATAPE,2718200.0,GUATAPE
2004-03-21,GUATAPE,2852100.0,GUATAPE
2004-03-22,GUATAPE,2736400.0,GUATAPE
2004-03-23,GUATAPE,2857000.0,GUATAPE
2004-03-24,GUATAPE,4521000.0,GUATAPE
2004-03-25,GUATAPE,4790400.0,GUATAPE
2004-03-26,GUATAPE,9341200.0,GUATAPE
2004-03-27,GUATAPE,7402900.0,GUATAPE
2004-03-28,GUATAPE,4975400.0,GUATAPE
2004-03-29,GUATAPE,5324100.0,GUATAPE
2004-03-30,GUATAPE,3557700.0,GUATAPE
2004-03-31,GUATAPE,4628400.0,GUATAPE
2004-04-01,GUATAPE,5596800.0,GUATAPE
2004-04-02,GUATAPE,7001300.0,GUATAPE
2004-04-03,GUATAPE,5866100.0,GUATAPE
2004-04-04,GUATAPE,4157500.0,GUATAPE
2004-04-05,GUATAPE,7001300.0,GUATAPE
2004-04-06,GUATAPE,4519400.0,GUATAPE
2004-04-07,GUATAPE,3742700.0,GUATAPE
2004-04-08,GUATAPE,3709700.0,GUATAPE
2004-04-09,GUATAPE,4093100.0,GUATAPE
2004-04-10,GUATAPE,3111500.0,GUATAPE
2004-04-11,GUATAPE,2430700.0,GUATAPE
2004-04-12,GUATAPE,3623800.0,GUATAPE
2004-04-13,GUATAPE,3987300.0,GUATAPE
2004-04-14,GUATAPE,5347200.0,GUATAPE
2004-04-15,GUATAPE,12052800.0,GUATAPE
2004-04-16,GUATAPE,7193000.0,GUATAPE
2004-04-17,GUATAPE,5529000.0,GUATAPE
2004-04-18,GUATAPE,5429900.0,GUATAPE
2004-04-19,GUATAPE,5669500.0,GUATAPE
2004-04-20,GUATAPE,5973500.0,GUATAPE
2004-04-21,GUATAPE,3465100.0,GUATAPE
2004-04-22,GUATAPE,6694000.0,GUATAPE
2004-04-23,GUATAPE,14465300.0,GUATAPE
2004-04-24,GUATAPE,4349800.0,GUATAPE
2004-04-25,GUATAPE,5920600.0,GUATAPE
2004-04-26,GUATAPE,7943200.0,GUATAPE
2004-04-27,GUATAPE,11684300.0,GUATAPE
2004-04-28,GUATAPE,7052500.0,GUATAPE
2004-04-29,GUATAPE,4198800.0,GUATAPE
2004-04-30,GUATAPE,10772200.0,GUATAPE
2004-05-01,GUATAPE,13915100.0,GUATAPE
2004-05-02,GUATAPE,11299300.0,GUATAPE
2004-05-03,GUATAPE,5118200.0,GUATAPE
2004-05-04,GUATAPE,5649600.0,GUATAPE
2004-05-05,GUATAPE,7292100.0,GUATAPE
2004-05-06,GUATAPE,5695900.0,GUATAPE
2004-05-07,GUATAPE,6269300.0,GUATAPE
2004-05-08,GUATAPE,10088000.0,GUATAPE
2004-05-09,GUATAPE,4658200.0,GUATAPE
2004-05-10,GUATAPE,5034900.0,GUATAPE
2004-05-11,GUATAPE,4392100.0,GUATAPE
2004-05-12,GUATAPE,4684600.0,GUATAPE
2004-05-13,GUATAPE,7515200.0,GUATAPE
2004-05-14,GUATAPE,3336200.0,GUATAPE
2004-05-15,GUATAPE,3278400.0,GUATAPE
2004-05-16,GUATAPE,4205400.0,GUATAPE
2004-05-17,GUATAPE,10218600.0,GUATAPE
2004-05-18,GUATAPE,6753500.0,GUATAPE
2004-05-19,GUATAPE,11524700.0,GUATAPE
2004-05-20,GUATAPE,4815200.0,GUATAPE
2004-05-21,GUATAPE,3554400.0,GUATAPE
2004-05-22,GUATAPE,7546600.0,GUATAPE
2004-05-23,GUATAPE,5644000.0,GUATAPE
2004-05-24,GUATAPE,7716800.0,GUATAPE
2004-05-25,GUATAPE,5629800.0,GUATAPE
2004-05-26,GUATAPE,7416100.0,GUATAPE
2004-05-27,GUATAPE,7274000.0,GUATAPE
2004-05-28,GUATAPE,4808600.0,GUATAPE
2004-05-29,GUATAPE,5036600.0,GUATAPE
2004-05-30,GUATAPE,10511100.0,GUATAPE
2004-05-31,GUATAPE,4816800.0,GUATAPE
2004-06-01,GUATAPE,3969100.0,GUATAPE
2004-06-02,GUATAPE,8931400.0,GUATAPE
2004-06-03,GUATAPE,4359100.0,GUATAPE
2004-06-04,GUATAPE,4144300.0,GUATAPE
2004-06-05,GUATAPE,5325800.0,GUATAPE
2004-06-06,GUATAPE,6071000.0,GUATAPE
2004-06-07,GUATAPE,4221900.0,GUATAPE
2004-06-08,GUATAPE,4221900.0,GUATAPE
2004-06-09,GUATAPE,3853500.0,GUATAPE
2004-06-10,GUATAPE,1351700.0,GUATAPE
2004-06-11,GUATAPE,2544700.0,GUATAPE
2004-06-12,GUATAPE,3731200.0,GUATAPE
2004-06-13,GUATAPE,3729500.0,GUATAPE
2004-06-14,GUATAPE,4142600.0,GUATAPE
2004-06-15,GUATAPE,1574800.0,GUATAPE
2004-06-16,GUATAPE,2943000.0,GUATAPE
2004-06-17,GUATAPE,3313100.0,GUATAPE
2004-06-18,GUATAPE,2562900.0,GUATAPE
2004-06-19,GUATAPE,3585800.0,GUATAPE
2004-06-20,GUATAPE,3466800.0,GUATAPE
2004-06-21,GUATAPE,2599300.0,GUATAPE
2004-06-22,GUATAPE,2248900.0,GUATAPE
2004-06-23,GUATAPE,3104900.0,GUATAPE
2004-06-24,GUATAPE,2896700.0,GUATAPE
2004-06-25,GUATAPE,3177600.0,GUATAPE
2004-06-26,GUATAPE,3934400.0,GUATAPE
2004-06-27,GUATAPE,2044000.0,GUATAPE
2004-06-28,GUATAPE,3020600.0,GUATAPE
2004-06-29,GUATAPE,1802800.0,GUATAPE
2004-06-30,GUATAPE,3038800.0,GUATAPE
2004-07-01,GUATAPE,4089700.0,GUATAPE
2004-07-02,GUATAPE,3093300.0,GUATAPE
2004-07-03,GUATAPE,3836900.0,GUATAPE
2004-07-04,GUATAPE,5733900.0,GUATAPE
2004-07-05,GUATAPE,2632300.0,GUATAPE
2004-07-06,GUATAPE,2893400.0,GUATAPE
2004-07-07,GUATAPE,5357200.0,GUATAPE
2004-07-08,GUATAPE,4963900.0,GUATAPE
2004-07-09,GUATAPE,3666700.0,GUATAPE
2004-07-10,GUATAPE,8662000.0,GUATAPE
2004-07-11,GUATAPE,8595900.0,GUATAPE
2004-07-12,GUATAPE,7731700.0,GUATAPE
2004-07-13,GUATAPE,10968800.0,GUATAPE
2004-07-14,GUATAPE,4150900.0,GUATAPE
2004-07-15,GUATAPE,5510800.0,GUATAPE
2004-07-16,GUATAPE,12761500.0,GUATAPE
2004-07-17,GUATAPE,5795100.0,GUATAPE
2004-07-18,GUATAPE,5548800.0,GUATAPE
2004-07-19,GUATAPE,9986600.0,GUATAPE
2004-07-20,GUATAPE,3838600.0,GUATAPE
2004-07-21,GUATAPE,10081400.0,GUATAPE
2004-07-22,GUATAPE,11680200.0,GUATAPE
2004-07-23,GUATAPE,4486300.0,GUATAPE
2004-07-24,GUATAPE,7814300.0,GUATAPE
2004-07-25,GUATAPE,3741100.0,GUATAPE
2004-07-26,GUATAPE,7459000.0,GUATAPE
2004-07-27,GUATAPE,5352200.0,GUATAPE
2004-07-28,GUATAPE,6007400.0,GUATAPE
2004-07-29,GUATAPE,5423300.0,GUATAPE
2004-07-30,GUATAPE,2217600.0,GUATAPE
2004-07-31,GUATAPE,2558000.0,GUATAPE
2004-08-01,GUATAPE,4197200.0,GUATAPE
2004-08-02,GUATAPE,2938000.0,GUATAPE
2004-08-03,GUATAPE,2438500.0,GUATAPE
2004-08-04,GUATAPE,2663000.0,GUATAPE
2004-08-05,GUATAPE,2984300.0,GUATAPE
2004-08-06,GUATAPE,5096200.0,GUATAPE
2004-08-07,GUATAPE,2173400.0,GUATAPE
2004-08-08,GUATAPE,1320800.0,GUATAPE
2004-08-09,GUATAPE,2911600.0,GUATAPE
2004-08-10,GUATAPE,3075800.0,GUATAPE
2004-08-11,GUATAPE,2104900.0,GUATAPE
2004-08-12,GUATAPE,3777400.0,GUATAPE
2004-08-13,GUATAPE,1637200.0,GUATAPE
2004-08-14,GUATAPE,3698000.0,GUATAPE
2004-08-15,GUATAPE,3397400.0,GUATAPE
2004-08-16,GUATAPE,3962800.0,GUATAPE
2004-08-17,GUATAPE,3609600.0,GUATAPE
2004-08-18,GUATAPE,5599200.0,GUATAPE
2004-08-19,GUATAPE,2737900.0,GUATAPE
2004-08-20,GUATAPE,8099900.0,GUATAPE
2004-08-21,GUATAPE,3270100.0,GUATAPE
2004-08-22,GUATAPE,3173300.0,GUATAPE
2004-08-23,GUATAPE,3194300.0,GUATAPE
2004-08-24,GUATAPE,2432400.0,GUATAPE
2004-08-25,GUATAPE,5661900.0,GUATAPE
2004-08-26,GUATAPE,5508400.0,GUATAPE
2004-08-27,GUATAPE,8296800.0,GUATAPE
2004-08-28,GUATAPE,8029000.0,GUATAPE
2004-08-29,GUATAPE,5879300.0,GUATAPE
2004-08-30,GUATAPE,3838600.0,GUATAPE
2004-08-31,GUATAPE,8150300.0,GUATAPE
2004-09-01,GUATAPE,10493400.0,GUATAPE
2004-09-02,GUATAPE,3595800.0,GUATAPE
2004-09-03,GUATAPE,3406600.0,GUATAPE
2004-09-04,GUATAPE,8867600.0,GUATAPE
2004-09-05,GUATAPE,10307800.0,GUATAPE
2004-09-06,GUATAPE,7324700.0,GUATAPE
2004-09-07,GUATAPE,6811300.0,GUATAPE
2004-09-08,GUATAPE,5534100.0,GUATAPE
2004-09-09,GUATAPE,5851200.0,GUATAPE
2004-09-10,GUATAPE,7431400.0,GUATAPE
2004-09-11,GUATAPE,4538700.0,GUATAPE
2004-09-12,GUATAPE,5814900.0,GUATAPE
2004-09-13,GUATAPE,2180900.0,GUATAPE
2004-09-14,GUATAPE,4255300.0,GUATAPE
2004-09-15,GUATAPE,6462800.0,GUATAPE
2004-09-16,GUATAPE,4559500.0,GUATAPE
2004-09-17,GUATAPE,7302100.0,GUATAPE
2004-09-18,GUATAPE,4316100.0,GUATAPE
2004-09-19,GUATAPE,7887400.0,GUATAPE
2004-09-20,GUATAPE,14276100.0,GUATAPE
2004-09-21,GUATAPE,5520700.0,GUATAPE
2004-09-22,GUATAPE,5479300.0,GUATAPE
2004-09-23,GUATAPE,2331900.0,GUATAPE
2004-09-24,GUATAPE,7584600.0,GUATAPE
2004-09-25,GUATAPE,9034600.0,GUATAPE
2004-09-26,GUATAPE,13253100.0,GUATAPE
2004-09-27,GUATAPE,12560100.0,GUATAPE
2004-09-28,GUATAPE,14861200.0,GUATAPE
2004-09-29,GUATAPE,9532000.0,GUATAPE
2004-09-30,GUATAPE,12687300.0,GUATAPE
2004-10-01,GUATAPE,6512900.0,GUATAPE
2004-10-02,GUATAPE,4574200.0,GUATAPE
2004-10-03,GUATAPE,6906300.0,GUATAPE
2004-10-04,GUATAPE,8133200.0,GUATAPE
2004-10-05,GUATAPE,3708900.0,GUATAPE
2004-10-06,GUATAPE,4312800.0,GUATAPE
2004-10-07,GUATAPE,8525000.0,GUATAPE
2004-10-08,GUATAPE,5585200.0,GUATAPE
2004-10-09,GUATAPE,3463500.0,GUATAPE
2004-10-10,GUATAPE,4169100.0,GUATAPE
2004-10-11,GUATAPE,4722600.0,GUATAPE
2004-10-12,GUATAPE,4801900.0,GUATAPE
2004-10-13,GUATAPE,2516600.0,GUATAPE
2004-10-14,GUATAPE,6779900.0,GUATAPE
2004-10-15,GUATAPE,4331000.0,GUATAPE
2004-10-16,GUATAPE,6736900.0,GUATAPE
2004-10-17,GUATAPE,15438600.0,GUATAPE
2004-10-18,GUATAPE,14676800.0,GUATAPE
2004-10-19,GUATAPE,5072900.0,GUATAPE
2004-10-20,GUATAPE,4545800.0,GUATAPE
2004-10-21,GUATAPE,9656800.0,GUATAPE
2004-10-22,GUATAPE,4691200.0,GUATAPE
2004-10-23,GUATAPE,10165700.0,GUATAPE
2004-10-24,GUATAPE,8985900.0,GUATAPE
2004-10-25,GUATAPE,8465400.0,GUATAPE
2004-10-26,GUATAPE,3927800.0,GUATAPE
2004-10-27,GUATAPE,7627600.0,GUATAPE
2004-10-28,GUATAPE,14493400.0,GUATAPE
2004-10-29,GUATAPE,10517700.0,GUATAPE
2004-10-30,GUATAPE,11988300.0,GUATAPE
2004-10-31,GUATAPE,7412800.0,GUATAPE
2004-11-01,GUATAPE,13953100.0,GUATAPE
2004-11-02,GUATAPE,10028600.0,GUATAPE
2004-11-03,GUATAPE,10292900.0,GUATAPE
2004-11-04,GUATAPE,9903000.0,GUATAPE
2004-11-05,GUATAPE,7976300.0,GUATAPE
2004-11-06,GUATAPE,11188600.0,GUATAPE
2004-11-07,GUATAPE,17991600.0,GUATAPE
2004-11-08,GUATAPE,12004900.0,GUATAPE
2004-11-09,GUATAPE,11443000.0,GUATAPE
2004-11-10,GUATAPE,10709400.0,GUATAPE
2004-11-11,GUATAPE,5652900.0,GUATAPE
2004-11-12,GUATAPE,7574700.0,GUATAPE
2004-11-13,GUATAPE,8144800.0,GUATAPE
2004-11-14,GUATAPE,10269800.0,GUATAPE
2004-11-15,GUATAPE,6973200.0,GUATAPE
2004-11-16,GUATAPE,10250000.0,GUATAPE
2004-11-17,GUATAPE,9009000.0,GUATAPE
2004-11-18,GUATAPE,14120000.0,GUATAPE
2004-11-19,GUATAPE,11973500.0,GUATAPE
2004-11-20,GUATAPE,8813400.0,GUATAPE
2004-11-21,GUATAPE,6467600.0,GUATAPE
2004-11-22,GUATAPE,4790400.0,GUATAPE
2004-11-23,GUATAPE,7359900.0,GUATAPE
2004-11-24,GUATAPE,7740000.0,GUATAPE
2004-11-25,GUATAPE,5396800.0,GUATAPE
2004-11-26,GUATAPE,7123600.0,GUATAPE
2004-11-27,GUATAPE,7616000.0,GUATAPE
2004-11-28,GUATAPE,5538900.0,GUATAPE
2004-11-29,GUATAPE,4973800.0,GUATAPE
2004-11-30,GUATAPE,6269800.0,GUATAPE
2004-12-01,GUATAPE,8078900.0,GUATAPE
2004-12-02,GUATAPE,7545400.0,GUATAPE
2004-12-03,GUATAPE,6222900.0,GUATAPE
2004-12-04,GUATAPE,4585100.0,GUATAPE
2004-12-05,GUATAPE,4394400.0,GUATAPE
2004-12-06,GUATAPE,6690200.0,GUATAPE
2004-12-07,GUATAPE,8391000.0,GUATAPE
2004-12-08,GUATAPE,6069300.0,GUATAPE
2004-12-09,GUATAPE,6919700.0,GUATAPE
2004-12-10,GUATAPE,6863100.0,GUATAPE
2004-12-11,GUATAPE,5616600.0,GUATAPE
2004-12-12,GUATAPE,8488000.0,GUATAPE
2004-12-13,GUATAPE,5537400.0,GUATAPE
2004-12-14,GUATAPE,6113000.0,GUATAPE
2004-12-15,GUATAPE,8672300.0,GUATAPE
2004-12-16,GUATAPE,7139600.0,GUATAPE
2004-12-17,GUATAPE,4009600.0,GUATAPE
2004-12-18,GUATAPE,5733400.0,GUATAPE
2004-12-19,GUATAPE,3941700.0,GUATAPE
2004-12-20,GUATAPE,5828400.0,GUATAPE
2004-12-21,GUATAPE,4074200.0,GUATAPE
2004-12-22,GUATAPE,5070200.0,GUATAPE
2004-12-23,GUATAPE,5408100.0,GUATAPE
2004-12-24,GUATAPE,3081500.0,GUATAPE
2004-12-25,GUATAPE,4077500.0,GUATAPE
2004-12-26,GUATAPE,4105000.0,GUATAPE
2004-12-27,GUATAPE,3773500.0,GUATAPE
2004-12-28,GUATAPE,4575400.0,GUATAPE
2004-12-29,GUATAPE,4332900.0,GUATAPE
2004-12-30,GUATAPE,4311900.0,GUATAPE
2004-12-31,GUATAPE,2939300.0,GUATAPE
2005-01-01,GUATAPE,2313600.0,GUATAPE
2005-01-02,GUATAPE,4098500.0,GUATAPE
2005-01-03,GUATAPE,2691900.0,GUATAPE
2005-01-04,GUATAPE,3445300.0,GUATAPE
2005-01-05,GUATAPE,3172100.0,GUATAPE
2005-01-06,GUATAPE,6743500.0,GUATAPE
2005-01-07,GUATAPE,4483300.0,GUATAPE
2005-01-08,GUATAPE,8137200.0,GUATAPE
2005-01-09,GUATAPE,4712900.0,GUATAPE
2005-01-10,GUATAPE,7207500.0,GUATAPE
2005-01-11,GUATAPE,10407100.0,GUATAPE
2005-01-12,GUATAPE,5356300.0,GUATAPE
2005-01-13,GUATAPE,5277100.0,GUATAPE
2005-01-14,GUATAPE,3969100.0,GUATAPE
2005-01-15,GUATAPE,2625600.0,GUATAPE
2005-01-16,GUATAPE,3472800.0,GUATAPE
2005-01-17,GUATAPE,2845500.0,GUATAPE
2005-01-18,GUATAPE,3222200.0,GUATAPE
2005-01-19,GUATAPE,2645000.0,GUATAPE
2005-01-20,GUATAPE,3999900.0,GUATAPE
2005-01-21,GUATAPE,3272300.0,GUATAPE
2005-01-22,GUATAPE,2905300.0,GUATAPE
2005-01-23,GUATAPE,2431600.0,GUATAPE
2005-01-24,GUATAPE,1684700.0,GUATAPE
2005-01-25,GUATAPE,2418700.0,GUATAPE
2005-01-26,GUATAPE,1987000.0,GUATAPE
2005-01-27,GUATAPE,2533500.0,GUATAPE
2005-01-28,GUATAPE,2289300.0,GUATAPE
2005-01-29,GUATAPE,2522100.0,GUATAPE
2005-01-30,GUATAPE,4426700.0,GUATAPE
2005-01-31,GUATAPE,2677400.0,GUATAPE
2005-02-01,GUATAPE,2931200.0,GUATAPE
2005-02-02,GUATAPE,2383100.0,GUATAPE
2005-02-03,GUATAPE,2808300.0,GUATAPE
2005-02-04,GUATAPE,2515700.0,GUATAPE
2005-02-05,GUATAPE,2074300.0,GUATAPE
2005-02-06,GUATAPE,2360500.0,GUATAPE
2005-02-07,GUATAPE,2316800.0,GUATAPE
2005-02-08,GUATAPE,2793800.0,GUATAPE
2005-02-09,GUATAPE,1704100.0,GUATAPE
2005-02-10,GUATAPE,3964300.0,GUATAPE
2005-02-11,GUATAPE,4248800.0,GUATAPE
2005-02-12,GUATAPE,2737200.0,GUATAPE
2005-02-13,GUATAPE,2742000.0,GUATAPE
2005-02-14,GUATAPE,1736400.0,GUATAPE
2005-02-15,GUATAPE,746600.0,GUATAPE
2005-02-16,GUATAPE,3384700.0,GUATAPE
2005-02-17,GUATAPE,2893700.0,GUATAPE
2005-02-18,GUATAPE,3321500.0,GUATAPE
2005-02-19,GUATAPE,1650400.0,GUATAPE
2005-02-20,GUATAPE,3224800.0,GUATAPE
2005-02-21,GUATAPE,2535400.0,GUATAPE
2005-02-22,GUATAPE,2277000.0,GUATAPE
2005-02-23,GUATAPE,3064200.0,GUATAPE
2005-02-24,GUATAPE,1383600.0,GUATAPE
2005-02-25,GUATAPE,797100.0,GUATAPE
2005-02-26,GUATAPE,2692400.0,GUATAPE
2005-02-27,GUATAPE,3732800.0,GUATAPE
2005-02-28,GUATAPE,2521800.0,GUATAPE
2005-03-01,GUATAPE,3220900.0,GUATAPE
2005-03-02,GUATAPE,2233200.0,GUATAPE
2005-03-03,GUATAPE,2837400.0,GUATAPE
2005-03-04,GUATAPE,2744500.0,GUATAPE
2005-03-05,GUATAPE,3724200.0,GUATAPE
2005-03-06,GUATAPE,4088900.0,GUATAPE
2005-03-07,GUATAPE,1593200.0,GUATAPE
2005-03-08,GUATAPE,2697100.0,GUATAPE
2005-03-09,GUATAPE,1684700.0,GUATAPE
2005-03-10,GUATAPE,2152400.0,GUATAPE
2005-03-11,GUATAPE,390600.0,GUATAPE
2005-03-12,GUATAPE,1782800.0,GUATAPE
2005-03-13,GUATAPE,4069200.0,GUATAPE
2005-03-14,GUATAPE,2263100.0,GUATAPE
2005-03-15,GUATAPE,1713800.0,GUATAPE
2005-03-16,GUATAPE,1509700.0,GUATAPE
2005-03-17,GUATAPE,2042800.0,GUATAPE
2005-03-18,GUATAPE,2408300.0,GUATAPE
2005-03-19,GUATAPE,3611800.0,GUATAPE
2005-03-20,GUATAPE,1758200.0,GUATAPE
2005-03-21,GUATAPE,2351100.0,GUATAPE
2005-03-22,GUATAPE,3032200.0,GUATAPE
2005-03-23,GUATAPE,1517200.0,GUATAPE
2005-03-24,GUATAPE,3726500.0,GUATAPE
2005-03-25,GUATAPE,3058300.0,GUATAPE
2005-03-26,GUATAPE,1459800.0,GUATAPE
2005-03-27,GUATAPE,4953800.0,GUATAPE
2005-03-28,GUATAPE,3976300.0,GUATAPE
2005-03-29,GUATAPE,4052400.0,GUATAPE
2005-03-30,GUATAPE,3090900.0,GUATAPE
2005-03-31,GUATAPE,2483500.0,GUATAPE
2005-04-01,GUATAPE,3101300.0,GUATAPE
2005-04-02,GUATAPE,5715700.0,GUATAPE
2005-04-03,GUATAPE,5112500.0,GUATAPE
2005-04-04,GUATAPE,2460900.0,GUATAPE
2005-04-05,GUATAPE,3111000.0,GUATAPE
2005-04-06,GUATAPE,6101000.0,GUATAPE
2005-04-07,GUATAPE,1919100.0,GUATAPE
2005-04-08,GUATAPE,6793300.0,GUATAPE
2005-04-09,GUATAPE,6345100.0,GUATAPE
2005-04-10,GUATAPE,2978700.0,GUATAPE
2005-04-11,GUATAPE,3051500.0,GUATAPE
2005-04-12,GUATAPE,3653900.0,GUATAPE
2005-04-13,GUATAPE,2867500.0,GUATAPE
2005-04-14,GUATAPE,3227500.0,GUATAPE
2005-04-15,GUATAPE,1232600.0,GUATAPE
2005-04-16,GUATAPE,2652000.0,GUATAPE
2005-04-17,GUATAPE,8802600.0,GUATAPE
2005-04-18,GUATAPE,4359800.0,GUATAPE
2005-04-19,GUATAPE,5244900.0,GUATAPE
2005-04-20,GUATAPE,5239900.0,GUATAPE
2005-04-21,GUATAPE,5635500.0,GUATAPE
2005-04-22,GUATAPE,8726500.0,GUATAPE
2005-04-23,GUATAPE,15363400.0,GUATAPE
2005-04-24,GUATAPE,6971500.0,GUATAPE
2005-04-25,GUATAPE,14322900.0,GUATAPE
2005-04-26,GUATAPE,5951900.0,GUATAPE
2005-04-27,GUATAPE,1912000.0,GUATAPE
2005-04-28,GUATAPE,4763300.0,GUATAPE
2005-04-29,GUATAPE,2931500.0,GUATAPE
2005-04-30,GUATAPE,1940900.0,GUATAPE
2005-05-01,GUATAPE,4339500.0,GUATAPE
2005-05-02,GUATAPE,8665800.0,GUATAPE
2005-05-03,GUATAPE,1853600.0,GUATAPE
2005-05-04,GUATAPE,4182600.0,GUATAPE
2005-05-05,GUATAPE,6439400.0,GUATAPE
2005-05-06,GUATAPE,4350100.0,GUATAPE
2005-05-07,GUATAPE,14812300.0,GUATAPE
2005-05-08,GUATAPE,15873300.0,GUATAPE
2005-05-09,GUATAPE,9110300.0,GUATAPE
2005-05-10,GUATAPE,9544400.0,GUATAPE
2005-05-11,GUATAPE,2489800.0,GUATAPE
2005-05-12,GUATAPE,2548500.0,GUATAPE
2005-05-13,GUATAPE,3552200.0,GUATAPE
2005-05-14,GUATAPE,16111200.0,GUATAPE
2005-05-15,GUATAPE,11550000.0,GUATAPE
2005-05-16,GUATAPE,10376900.0,GUATAPE
2005-05-17,GUATAPE,7180800.0,GUATAPE
2005-05-18,GUATAPE,6429500.0,GUATAPE
2005-05-19,GUATAPE,8266500.0,GUATAPE
2005-05-20,GUATAPE,6138800.0,GUATAPE
2005-05-21,GUATAPE,5929000.0,GUATAPE
2005-05-22,GUATAPE,6612100.0,GUATAPE
2005-05-23,GUATAPE,6376700.0,GUATAPE
2005-05-24,GUATAPE,6747100.0,GUATAPE
2005-05-25,GUATAPE,5980100.0,GUATAPE
2005-05-26,GUATAPE,8008800.0,GUATAPE
2005-05-27,GUATAPE,4731100.0,GUATAPE
2005-05-28,GUATAPE,4148900.0,GUATAPE
2005-05-29,GUATAPE,5219100.0,GUATAPE
2005-05-30,GUATAPE,4949900.0,GUATAPE
2005-05-31,GUATAPE,7007700.0,GUATAPE
2005-06-01,GUATAPE,4708500.0,GUATAPE
2005-06-02,GUATAPE,16225000.0,GUATAPE
2005-06-03,GUATAPE,17785200.0,GUATAPE
2005-06-04,GUATAPE,5952300.0,GUATAPE
2005-06-05,GUATAPE,9689400.0,GUATAPE
2005-06-06,GUATAPE,17916100.0,GUATAPE
2005-06-07,GUATAPE,16904800.0,GUATAPE
2005-06-08,GUATAPE,7810200.0,GUATAPE
2005-06-09,GUATAPE,7943600.0,GUATAPE
2005-06-10,GUATAPE,6954500.0,GUATAPE
2005-06-11,GUATAPE,12346700.0,GUATAPE
2005-06-12,GUATAPE,8467300.0,GUATAPE
2005-06-13,GUATAPE,4740300.0,GUATAPE
2005-06-14,GUATAPE,3092500.0,GUATAPE
2005-06-15,GUATAPE,14403700.0,GUATAPE
2005-06-16,GUATAPE,5056300.0,GUATAPE
2005-06-17,GUATAPE,5925300.0,GUATAPE
2005-06-18,GUATAPE,6637900.0,GUATAPE
2005-06-19,GUATAPE,4894300.0,GUATAPE
2005-06-20,GUATAPE,4252700.0,GUATAPE
2005-06-21,GUATAPE,3490700.0,GUATAPE
2005-06-22,GUATAPE,2904000.0,GUATAPE
2005-06-23,GUATAPE,3422500.0,GUATAPE
2005-06-24,GUATAPE,2583600.0,GUATAPE
2005-06-25,GUATAPE,4021400.0,GUATAPE
2005-06-26,GUATAPE,4615700.0,GUATAPE
2005-06-27,GUATAPE,3074400.0,GUATAPE
2005-06-28,GUATAPE,3342000.0,GUATAPE
2005-06-29,GUATAPE,19516700.0,GUATAPE
2005-06-30,GUATAPE,4101600.0,GUATAPE
2005-07-01,GUATAPE,3602900.0,GUATAPE
2005-07-02,GUATAPE,5927500.0,GUATAPE
2005-07-03,GUATAPE,3314200.0,GUATAPE
2005-07-04,GUATAPE,7656700.0,GUATAPE
2005-07-05,GUATAPE,14974900.0,GUATAPE
2005-07-06,GUATAPE,6945000.0,GUATAPE
2005-07-07,GUATAPE,6241800.0,GUATAPE
2005-07-08,GUATAPE,5186400.0,GUATAPE
2005-07-09,GUATAPE,3613100.0,GUATAPE
2005-07-10,GUATAPE,3099200.0,GUATAPE
2005-07-11,GUATAPE,3918700.0,GUATAPE
2005-07-12,GUATAPE,3772500.0,GUATAPE
2005-07-13,GUATAPE,4417600.0,GUATAPE
2005-07-14,GUATAPE,5735100.0,GUATAPE
2005-07-15,GUATAPE,9591100.0,GUATAPE
2005-07-16,GUATAPE,3641600.0,GUATAPE
2005-07-17,GUATAPE,4159300.0,GUATAPE
2005-07-18,GUATAPE,5825300.0,GUATAPE
2005-07-19,GUATAPE,5950200.0,GUATAPE
2005-07-20,GUATAPE,3932900.0,GUATAPE
2005-07-21,GUATAPE,3302700.0,GUATAPE
2005-07-22,GUATAPE,4577500.0,GUATAPE
2005-07-23,GUATAPE,4459000.0,GUATAPE
2005-07-24,GUATAPE,3205100.0,GUATAPE
2005-07-25,GUATAPE,2937200.0,GUATAPE
2005-07-26,GUATAPE,2985800.0,GUATAPE
2005-07-27,GUATAPE,4285100.0,GUATAPE
2005-07-28,GUATAPE,3073500.0,GUATAPE
2005-07-29,GUATAPE,3810100.0,GUATAPE
2005-07-30,GUATAPE,2517000.0,GUATAPE
2005-07-31,GUATAPE,3185000.0,GUATAPE
2005-08-01,GUATAPE,5333000.0,GUATAPE
2005-08-02,GUATAPE,5703600.0,GUATAPE
2005-08-03,GUATAPE,3761700.0,GUATAPE
2005-08-04,GUATAPE,3575300.0,GUATAPE
2005-08-05,GUATAPE,2127500.0,GUATAPE
2005-08-06,GUATAPE,4204400.0,GUATAPE
2005-08-07,GUATAPE,2830300.0,GUATAPE
2005-08-08,GUATAPE,2255900.0,GUATAPE
2005-08-09,GUATAPE,3397100.0,GUATAPE
2005-08-10,GUATAPE,2901600.0,GUATAPE
2005-08-11,GUATAPE,2848200.0,GUATAPE
2005-08-12,GUATAPE,2524900.0,GUATAPE
2005-08-13,GUATAPE,2828700.0,GUATAPE
2005-08-14,GUATAPE,3581300.0,GUATAPE
2005-08-15,GUATAPE,4349900.0,GUATAPE
2005-08-16,GUATAPE,4262700.0,GUATAPE
2005-08-17,GUATAPE,7797800.0,GUATAPE
2005-08-18,GUATAPE,4519700.0,GUATAPE
2005-08-19,GUATAPE,5153600.0,GUATAPE
2005-08-20,GUATAPE,3787100.0,GUATAPE
2005-08-21,GUATAPE,3338900.0,GUATAPE
2005-08-22,GUATAPE,11772800.0,GUATAPE
2005-08-23,GUATAPE,11024500.0,GUATAPE
2005-08-24,GUATAPE,3948500.0,GUATAPE
2005-08-25,GUATAPE,3881200.0,GUATAPE
2005-08-26,GUATAPE,2470100.0,GUATAPE
2005-08-27,GUATAPE,3802100.0,GUATAPE
2005-08-28,GUATAPE,4604500.0,GUATAPE
2005-08-29,GUATAPE,3361400.0,GUATAPE
2005-08-30,GUATAPE,4604400.0,GUATAPE
2005-08-31,GUATAPE,5630900.0,GUATAPE
2005-09-01,GUATAPE,8444200.0,GUATAPE
2005-09-02,GUATAPE,6520900.0,GUATAPE
2005-09-03,GUATAPE,8054400.0,GUATAPE
2005-09-04,GUATAPE,5735100.0,GUATAPE
2005-09-05,GUATAPE,4873200.0,GUATAPE
2005-09-06,GUATAPE,4503000.0,GUATAPE
2005-09-07,GUATAPE,5974100.0,GUATAPE
2005-09-08,GUATAPE,1432100.0,GUATAPE
2005-09-09,GUATAPE,3257800.0,GUATAPE
2005-09-10,GUATAPE,3703800.0,GUATAPE
2005-09-11,GUATAPE,3333800.0,GUATAPE
2005-09-12,GUATAPE,1971800.0,GUATAPE
2005-09-13,GUATAPE,3121200.0,GUATAPE
2005-09-14,GUATAPE,2505700.0,GUATAPE
2005-09-15,GUATAPE,3326800.0,GUATAPE
2005-09-16,GUATAPE,3033000.0,GUATAPE
2005-09-17,GUATAPE,2904000.0,GUATAPE
2005-09-18,GUATAPE,846200.0,GUATAPE
2005-09-19,GUATAPE,3191800.0,GUATAPE
2005-09-20,GUATAPE,3016600.0,GUATAPE
2005-09-21,GUATAPE,5305900.0,GUATAPE
2005-09-22,GUATAPE,4196900.0,GUATAPE
2005-09-23,GUATAPE,4029900.0,GUATAPE
2005-09-24,GUATAPE,5042400.0,GUATAPE
2005-09-25,GUATAPE,7324400.0,GUATAPE
2005-09-26,GUATAPE,8937400.0,GUATAPE
2005-09-27,GUATAPE,12996500.0,GUATAPE
2005-09-28,GUATAPE,16380700.0,GUATAPE
2005-09-29,GUATAPE,4793200.0,GUATAPE
2005-09-30,GUATAPE,13872000.0,GUATAPE
2005-10-01,GUATAPE,6936900.0,GUATAPE
2005-10-02,GUATAPE,4196800.0,GUATAPE
2005-10-03,GUATAPE,9209400.0,GUATAPE
2005-10-04,GUATAPE,8046300.0,GUATAPE
2005-10-05,GUATAPE,4250800.0,GUATAPE
2005-10-06,GUATAPE,5246200.0,GUATAPE
2005-10-07,GUATAPE,4141800.0,GUATAPE
2005-10-08,GUATAPE,5826000.0,GUATAPE
2005-10-09,GUATAPE,5766500.0,GUATAPE
2005-10-10,GUATAPE,6321200.0,GUATAPE
2005-10-11,GUATAPE,7811200.0,GUATAPE
2005-10-12,GUATAPE,5724800.0,GUATAPE
2005-10-13,GUATAPE,3503400.0,GUATAPE
2005-10-14,GUATAPE,6057800.0,GUATAPE
2005-10-15,GUATAPE,7718100.0,GUATAPE
2005-10-16,GUATAPE,6168400.0,GUATAPE
2005-10-17,GUATAPE,6582000.0,GUATAPE
2005-10-18,GUATAPE,5337900.0,GUATAPE
2005-10-19,GUATAPE,3565400.0,GUATAPE
2005-10-20,GUATAPE,14080200.0,GUATAPE
2005-10-21,GUATAPE,7053800.0,GUATAPE
2005-10-22,GUATAPE,5221200.0,GUATAPE
2005-10-23,GUATAPE,6083700.0,GUATAPE
2005-10-24,GUATAPE,6083700.0,GUATAPE
2005-10-25,GUATAPE,9796600.0,GUATAPE
2005-10-26,GUATAPE,5692100.0,GUATAPE
2005-10-27,GUATAPE,7656300.0,GUATAPE
2005-10-28,GUATAPE,14374500.0,GUATAPE
2005-10-29,GUATAPE,6464600.0,GUATAPE
2005-10-30,GUATAPE,5633900.0,GUATAPE
2005-10-31,GUATAPE,5600000.0,GUATAPE
2005-11-01,GUATAPE,15992500.0,GUATAPE
2005-11-02,GUATAPE,15242800.0,GUATAPE
2005-11-03,GUATAPE,5263000.0,GUATAPE
2005-11-04,GUATAPE,12139600.0,GUATAPE
2005-11-05,GUATAPE,5979700.0,GUATAPE
2005-11-06,GUATAPE,6684300.0,GUATAPE
2005-11-07,GUATAPE,6839400.0,GUATAPE
2005-11-08,GUATAPE,6635200.0,GUATAPE
2005-11-09,GUATAPE,11760000.0,GUATAPE
2005-11-10,GUATAPE,24537900.0,GUATAPE
2005-11-11,GUATAPE,8959800.0,GUATAPE
2005-11-12,GUATAPE,8728100.0,GUATAPE
2005-11-13,GUATAPE,11506500.0,GUATAPE
2005-11-14,GUATAPE,6934000.0,GUATAPE
2005-11-15,GUATAPE,13556700.0,GUATAPE
2005-11-16,GUATAPE,10487600.0,GUATAPE
2005-11-17,GUATAPE,10074700.0,GUATAPE
2005-11-18,GUATAPE,7789400.0,GUATAPE
2005-11-19,GUATAPE,8842100.0,GUATAPE
2005-11-20,GUATAPE,7433100.0,GUATAPE
2005-11-21,GUATAPE,12811000.0,GUATAPE
2005-11-22,GUATAPE,18386400.0,GUATAPE
2005-11-23,GUATAPE,9668500.0,GUATAPE
2005-11-24,GUATAPE,8537600.0,GUATAPE
2005-11-25,GUATAPE,7584900.0,GUATAPE
2005-11-26,GUATAPE,6454100.0,GUATAPE
2005-11-27,GUATAPE,6969200.0,GUATAPE
2005-11-28,GUATAPE,5498000.0,GUATAPE
2005-11-29,GUATAPE,5056700.0,GUATAPE
2005-11-30,GUATAPE,4655900.0,GUATAPE
2005-12-01,GUATAPE,5329100.0,GUATAPE
2005-12-02,GUATAPE,5749500.0,GUATAPE
2005-12-03,GUATAPE,4595600.0,GUATAPE
2005-12-04,GUATAPE,4669900.0,GUATAPE
2005-12-05,GUATAPE,3944700.0,GUATAPE
2005-12-06,GUATAPE,4420100.0,GUATAPE
2005-12-07,GUATAPE,3058900.0,GUATAPE
2005-12-08,GUATAPE,5035000.0,GUATAPE
2005-12-09,GUATAPE,4374300.0,GUATAPE
2005-12-10,GUATAPE,3635100.0,GUATAPE
2005-12-11,GUATAPE,3190100.0,GUATAPE
2005-12-12,GUATAPE,3669000.0,GUATAPE
2005-12-13,GUATAPE,3489700.0,GUATAPE
2005-12-14,GUATAPE,3740500.0,GUATAPE
2005-12-15,GUATAPE,3257000.0,GUATAPE
2005-12-16,GUATAPE,2105500.0,GUATAPE
2005-12-17,GUATAPE,2734300.0,GUATAPE
2005-12-18,GUATAPE,3440200.0,GUATAPE
2005-12-19,GUATAPE,3271700.0,GUATAPE
2005-12-20,GUATAPE,3640200.0,GUATAPE
2005-12-21,GUATAPE,6265000.0,GUATAPE
2005-12-22,GUATAPE,3376000.0,GUATAPE
2005-12-23,GUATAPE,3213000.0,GUATAPE
2005-12-24,GUATAPE,2716900.0,GUATAPE
2005-12-25,GUATAPE,9510400.0,GUATAPE
2005-12-26,GUATAPE,5327200.0,GUATAPE
2005-12-27,GUATAPE,3755800.0,GUATAPE
2005-12-28,GUATAPE,2710200.0,GUATAPE
2005-12-29,GUATAPE,4165600.0,GUATAPE
2005-12-30,GUATAPE,2507400.0,GUATAPE
2005-12-31,GUATAPE,2731700.0,GUATAPE
2006-01-01,GUATAPE,2397000.0,GUATAPE
2006-01-02,GUATAPE,3816400.0,GUATAPE
2006-01-03,GUATAPE,2322000.0,GUATAPE
2006-01-04,GUATAPE,4925800.0,GUATAPE
2006-01-05,GUATAPE,3847500.0,GUATAPE
2006-01-06,GUATAPE,4601500.0,GUATAPE
2006-01-07,GUATAPE,6926700.0,GUATAPE
2006-01-08,GUATAPE,5698500.0,GUATAPE
2006-01-09,GUATAPE,4147800.0,GUATAPE
2006-01-10,GUATAPE,5949300.0,GUATAPE
2006-01-11,GUATAPE,3020300.0,GUATAPE
2006-01-12,GUATAPE,2344300.0,GUATAPE
2006-01-13,GUATAPE,3003600.0,GUATAPE
2006-01-14,GUATAPE,2987400.0,GUATAPE
2006-01-15,GUATAPE,3746600.0,GUATAPE
2006-01-16,GUATAPE,2788100.0,GUATAPE
2006-01-17,GUATAPE,2010800.0,GUATAPE
2006-01-18,GUATAPE,2237500.0,GUATAPE
2006-01-19,GUATAPE,2938400.0,GUATAPE
2006-01-20,GUATAPE,2725100.0,GUATAPE
2006-01-21,GUATAPE,3710000.0,GUATAPE
2006-01-22,GUATAPE,3983000.0,GUATAPE
2006-01-23,GUATAPE,4011400.0,GUATAPE
2006-01-24,GUATAPE,3340400.0,GUATAPE
2006-01-25,GUATAPE,4326500.0,GUATAPE
2006-01-26,GUATAPE,3579000.0,GUATAPE
2006-01-27,GUATAPE,5283300.0,GUATAPE
2006-01-28,GUATAPE,4575400.0,GUATAPE
2006-01-29,GUATAPE,9401500.0,GUATAPE
2006-01-30,GUATAPE,5355400.0,GUATAPE
2006-01-31,GUATAPE,9736300.0,GUATAPE
2006-02-01,GUATAPE,6332300.0,GUATAPE
2006-02-02,GUATAPE,9750000.0,GUATAPE
2006-02-03,GUATAPE,13106800.0,GUATAPE
2006-02-04,GUATAPE,9905400.0,GUATAPE
2006-02-05,GUATAPE,4944700.0,GUATAPE
2006-02-06,GUATAPE,4719300.0,GUATAPE
2006-02-07,GUATAPE,2900400.0,GUATAPE
2006-02-08,GUATAPE,5288100.0,GUATAPE
2006-02-09,GUATAPE,4232100.0,GUATAPE
2006-02-10,GUATAPE,2328900.0,GUATAPE
2006-02-11,GUATAPE,4289100.0,GUATAPE
2006-02-12,GUATAPE,3664500.0,GUATAPE
2006-02-13,GUATAPE,3574200.0,GUATAPE
2006-02-14,GUATAPE,2972600.0,GUATAPE
2006-02-15,GUATAPE,4254100.0,GUATAPE
2006-02-16,GUATAPE,1640400.0,GUATAPE
2006-02-17,GUATAPE,3669200.0,GUATAPE
2006-02-18,GUATAPE,3839000.0,GUATAPE
2006-02-19,GUATAPE,4121500.0,GUATAPE
2006-02-20,GUATAPE,3843800.0,GUATAPE
2006-02-21,GUATAPE,3138000.0,GUATAPE
2006-02-22,GUATAPE,3615600.0,GUATAPE
2006-02-23,GUATAPE,2825400.0,GUATAPE
2006-02-24,GUATAPE,2129800.0,GUATAPE
2006-02-25,GUATAPE,4029800.0,GUATAPE
2006-02-26,GUATAPE,1471800.0,GUATAPE
2006-02-27,GUATAPE,4317900.0,GUATAPE
2006-02-28,GUATAPE,3650500.0,GUATAPE
2006-03-01,GUATAPE,2055100.0,GUATAPE
2006-03-02,GUATAPE,3985400.0,GUATAPE
2006-03-03,GUATAPE,2332900.0,GUATAPE
2006-03-04,GUATAPE,2844100.0,GUATAPE
2006-03-05,GUATAPE,3171500.0,GUATAPE
2006-03-06,GUATAPE,6617800.0,GUATAPE
2006-03-07,GUATAPE,5025200.0,GUATAPE
2006-03-08,GUATAPE,4899000.0,GUATAPE
2006-03-09,GUATAPE,6215800.0,GUATAPE
2006-03-10,GUATAPE,4245200.0,GUATAPE
2006-03-11,GUATAPE,5307100.0,GUATAPE
2006-03-12,GUATAPE,5548200.0,GUATAPE
2006-03-13,GUATAPE,2442400.0,GUATAPE
2006-03-14,GUATAPE,2219400.0,GUATAPE
2006-03-15,GUATAPE,3904500.0,GUATAPE
2006-03-16,GUATAPE,8232300.0,GUATAPE
2006-03-17,GUATAPE,14001100.0,GUATAPE
2006-03-18,GUATAPE,11766600.0,GUATAPE
2006-03-19,GUATAPE,10257100.0,GUATAPE
2006-03-20,GUATAPE,7803100.0,GUATAPE
2006-03-21,GUATAPE,11942900.0,GUATAPE
2006-03-22,GUATAPE,16972600.0,GUATAPE
2006-03-23,GUATAPE,12368200.0,GUATAPE
2006-03-24,GUATAPE,7455200.0,GUATAPE
2006-03-25,GUATAPE,6410700.0,GUATAPE
2006-03-26,GUATAPE,4959500.0,GUATAPE
2006-03-27,GUATAPE,6697300.0,GUATAPE
2006-03-28,GUATAPE,6681200.0,GUATAPE
2006-03-29,GUATAPE,3964700.0,GUATAPE
2006-03-30,GUATAPE,5868300.0,GUATAPE
2006-03-31,GUATAPE,2980900.0,GUATAPE
2006-04-01,GUATAPE,2538100.0,GUATAPE
2006-04-02,GUATAPE,4067600.0,GUATAPE
2006-04-03,GUATAPE,6894100.0,GUATAPE
2006-04-04,GUATAPE,8015400.0,GUATAPE
2006-04-05,GUATAPE,6779500.0,GUATAPE
2006-04-06,GUATAPE,8413900.0,GUATAPE
2006-04-07,GUATAPE,5625500.0,GUATAPE
2006-04-08,GUATAPE,8060100.0,GUATAPE
2006-04-09,GUATAPE,6662500.0,GUATAPE
2006-04-10,GUATAPE,4756200.0,GUATAPE
2006-04-11,GUATAPE,8028700.0,GUATAPE
2006-04-12,GUATAPE,6165800.0,GUATAPE
2006-04-13,GUATAPE,7387300.0,GUATAPE
2006-04-14,GUATAPE,7875600.0,GUATAPE
2006-04-15,GUATAPE,5686900.0,GUATAPE
2006-04-16,GUATAPE,5036300.0,GUATAPE
2006-04-17,GUATAPE,4388300.0,GUATAPE
2006-04-18,GUATAPE,6184200.0,GUATAPE
2006-04-19,GUATAPE,7518600.0,GUATAPE
2006-04-20,GUATAPE,6681500.0,GUATAPE
2006-04-21,GUATAPE,3377800.0,GUATAPE
2006-04-22,GUATAPE,3793600.0,GUATAPE
2006-04-23,GUATAPE,4513100.0,GUATAPE
2006-04-24,GUATAPE,4303900.0,GUATAPE
2006-04-25,GUATAPE,6250600.0,GUATAPE
2006-04-26,GUATAPE,20446600.0,GUATAPE
2006-04-27,GUATAPE,20446600.0,GUATAPE
2006-04-28,GUATAPE,6339800.0,GUATAPE
2006-04-29,GUATAPE,5955200.0,GUATAPE
2006-04-30,GUATAPE,9107500.0,GUATAPE
2006-05-01,GUATAPE,9836100.0,GUATAPE
2006-05-02,GUATAPE,6749900.0,GUATAPE
2006-05-03,GUATAPE,5549300.0,GUATAPE
2006-05-04,GUATAPE,11051500.0,GUATAPE
2006-05-05,GUATAPE,4944200.0,GUATAPE
2006-05-06,GUATAPE,6266800.0,GUATAPE
2006-05-07,GUATAPE,12860700.0,GUATAPE
2006-05-08,GUATAPE,6479400.0,GUATAPE
2006-05-09,GUATAPE,13333800.0,GUATAPE
2006-05-10,GUATAPE,6611600.0,GUATAPE
2006-05-11,GUATAPE,8375600.0,GUATAPE
2006-05-12,GUATAPE,8536100.0,GUATAPE
2006-05-13,GUATAPE,6649400.0,GUATAPE
2006-05-14,GUATAPE,5120100.0,GUATAPE
2006-05-15,GUATAPE,4169900.0,GUATAPE
2006-05-16,GUATAPE,3963900.0,GUATAPE
2006-05-17,GUATAPE,11048500.0,GUATAPE
2006-05-18,GUATAPE,4794100.0,GUATAPE
2006-05-19,GUATAPE,9621900.0,GUATAPE
2006-05-20,GUATAPE,5503500.0,GUATAPE
2006-05-21,GUATAPE,8947000.0,GUATAPE
2006-05-22,GUATAPE,9228000.0,GUATAPE
2006-05-23,GUATAPE,5900400.0,GUATAPE
2006-05-24,GUATAPE,4497700.0,GUATAPE
2006-05-25,GUATAPE,4422900.0,GUATAPE
2006-05-26,GUATAPE,5547300.0,GUATAPE
2006-05-27,GUATAPE,5186300.0,GUATAPE
2006-05-28,GUATAPE,4546400.0,GUATAPE
2006-05-29,GUATAPE,6066000.0,GUATAPE
2006-05-30,GUATAPE,2284000.0,GUATAPE
2006-05-31,GUATAPE,4671800.0,GUATAPE
2006-06-01,GUATAPE,11670300.0,GUATAPE
2006-06-02,GUATAPE,6318000.0,GUATAPE
2006-06-03,GUATAPE,6645200.0,GUATAPE
2006-06-04,GUATAPE,9702500.0,GUATAPE
2006-06-05,GUATAPE,6625000.0,GUATAPE
2006-06-06,GUATAPE,5618500.0,GUATAPE
2006-06-07,GUATAPE,4269000.0,GUATAPE
2006-06-08,GUATAPE,3783700.0,GUATAPE
2006-06-09,GUATAPE,5099200.0,GUATAPE
2006-06-10,GUATAPE,3904700.0,GUATAPE
2006-06-11,GUATAPE,4181900.0,GUATAPE
2006-06-12,GUATAPE,6750500.0,GUATAPE
2006-06-13,GUATAPE,4785700.0,GUATAPE
2006-06-14,GUATAPE,4078400.0,GUATAPE
2006-06-15,GUATAPE,4242100.0,GUATAPE
2006-06-16,GUATAPE,4744400.0,GUATAPE
2006-06-17,GUATAPE,2260400.0,GUATAPE
2006-06-18,GUATAPE,2897600.0,GUATAPE
2006-06-19,GUATAPE,3881600.0,GUATAPE
2006-06-20,GUATAPE,2218900.0,GUATAPE
2006-06-21,GUATAPE,4014700.0,GUATAPE
2006-06-22,GUATAPE,2594500.0,GUATAPE
2006-06-23,GUATAPE,3008100.0,GUATAPE
2006-06-24,GUATAPE,2604700.0,GUATAPE
2006-06-25,GUATAPE,1937900.0,GUATAPE
2006-06-26,GUATAPE,3095200.0,GUATAPE
2006-06-27,GUATAPE,2915000.0,GUATAPE
2006-06-28,GUATAPE,2316300.0,GUATAPE
2006-06-29,GUATAPE,2408600.0,GUATAPE
2006-06-30,GUATAPE,1855500.0,GUATAPE
2006-07-01,GUATAPE,2379500.0,GUATAPE
2006-07-02,GUATAPE,2406600.0,GUATAPE
2006-07-03,GUATAPE,3520100.0,GUATAPE
2006-07-04,GUATAPE,2817700.0,GUATAPE
2006-07-05,GUATAPE,3168300.0,GUATAPE
2006-07-06,GUATAPE,3316200.0,GUATAPE
2006-07-07,GUATAPE,3885800.0,GUATAPE
2006-07-08,GUATAPE,3210600.0,GUATAPE
2006-07-09,GUATAPE,4247700.0,GUATAPE
2006-07-10,GUATAPE,4115600.0,GUATAPE
2006-07-11,GUATAPE,989100.0,GUATAPE
2006-07-12,GUATAPE,2359700.0,GUATAPE
2006-07-13,GUATAPE,2671100.0,GUATAPE
2006-07-14,GUATAPE,2285300.0,GUATAPE
2006-07-15,GUATAPE,5088600.0,GUATAPE
2006-07-16,GUATAPE,2362200.0,GUATAPE
2006-07-17,GUATAPE,3114500.0,GUATAPE
2006-07-18,GUATAPE,4371500.0,GUATAPE
2006-07-19,GUATAPE,2318100.0,GUATAPE
2006-07-20,GUATAPE,2289300.0,GUATAPE
2006-07-21,GUATAPE,3054900.0,GUATAPE
2006-07-22,GUATAPE,1669300.0,GUATAPE
2006-07-23,GUATAPE,1595900.0,GUATAPE
2006-07-24,GUATAPE,4764200.0,GUATAPE
2006-07-25,GUATAPE,3091900.0,GUATAPE
2006-07-26,GUATAPE,2802100.0,GUATAPE
2006-07-27,GUATAPE,5500700.0,GUATAPE
2006-07-28,GUATAPE,3708900.0,GUATAPE
2006-07-29,GUATAPE,3383500.0,GUATAPE
2006-07-30,GUATAPE,5048900.0,GUATAPE
2006-07-31,GUATAPE,4057600.0,GUATAPE
2006-08-01,GUATAPE,4093200.0,GUATAPE
2006-08-02,GUATAPE,2422500.0,GUATAPE
2006-08-03,GUATAPE,2835700.0,GUATAPE
2006-08-04,GUATAPE,1766600.0,GUATAPE
2006-08-05,GUATAPE,1928400.0,GUATAPE
2006-08-06,GUATAPE,1562200.0,GUATAPE
2006-08-07,GUATAPE,856400.0,GUATAPE
2006-08-08,GUATAPE,3316900.0,GUATAPE
2006-08-09,GUATAPE,4732100.0,GUATAPE
2006-08-10,GUATAPE,3439000.0,GUATAPE
2006-08-11,GUATAPE,5690400.0,GUATAPE
2006-08-12,GUATAPE,3127500.0,GUATAPE
2006-08-13,GUATAPE,3103500.0,GUATAPE
2006-08-14,GUATAPE,3596800.0,GUATAPE
2006-08-15,GUATAPE,4543900.0,GUATAPE
2006-08-16,GUATAPE,4858100.0,GUATAPE
2006-08-17,GUATAPE,3879500.0,GUATAPE
2006-08-18,GUATAPE,12469500.0,GUATAPE
2006-08-19,GUATAPE,3447700.0,GUATAPE
2006-08-20,GUATAPE,3036500.0,GUATAPE
2006-08-21,GUATAPE,3071900.0,GUATAPE
2006-08-22,GUATAPE,2594000.0,GUATAPE
2006-08-23,GUATAPE,2773100.0,GUATAPE
2006-08-24,GUATAPE,8837700.0,GUATAPE
2006-08-25,GUATAPE,4844800.0,GUATAPE
2006-08-26,GUATAPE,8345300.0,GUATAPE
2006-08-27,GUATAPE,4933200.0,GUATAPE
2006-08-28,GUATAPE,2734500.0,GUATAPE
2006-08-29,GUATAPE,3976600.0,GUATAPE
2006-08-30,GUATAPE,4439400.0,GUATAPE
2006-08-31,GUATAPE,1766100.0,GUATAPE
2006-09-01,GUATAPE,11125000.0,GUATAPE
2006-09-02,GUATAPE,4324100.0,GUATAPE
2006-09-03,GUATAPE,5277700.0,GUATAPE
2006-09-04,GUATAPE,2363600.0,GUATAPE
2006-09-05,GUATAPE,3058100.0,GUATAPE
2006-09-06,GUATAPE,2348200.0,GUATAPE
2006-09-07,GUATAPE,4454400.0,GUATAPE
2006-09-08,GUATAPE,11588700.0,GUATAPE
2006-09-09,GUATAPE,6741500.0,GUATAPE
2006-09-10,GUATAPE,2891300.0,GUATAPE
2006-09-11,GUATAPE,8767600.0,GUATAPE
2006-09-12,GUATAPE,3254700.0,GUATAPE
2006-09-13,GUATAPE,5961000.0,GUATAPE
2006-09-14,GUATAPE,5243000.0,GUATAPE
2006-09-15,GUATAPE,5628900.0,GUATAPE
2006-09-16,GUATAPE,2758600.0,GUATAPE
2006-09-17,GUATAPE,4973300.0,GUATAPE
2006-09-18,GUATAPE,4200300.0,GUATAPE
2006-09-19,GUATAPE,6298400.0,GUATAPE
2006-09-20,GUATAPE,3366400.0,GUATAPE
2006-09-21,GUATAPE,5996800.0,GUATAPE
2006-09-22,GUATAPE,6537800.0,GUATAPE
2006-09-23,GUATAPE,4432100.0,GUATAPE
2006-09-24,GUATAPE,5956200.0,GUATAPE
2006-09-25,GUATAPE,3924800.0,GUATAPE
2006-09-26,GUATAPE,5492900.0,GUATAPE
2006-09-27,GUATAPE,3394300.0,GUATAPE
2006-09-28,GUATAPE,3156000.0,GUATAPE
2006-09-29,GUATAPE,3718600.0,GUATAPE
2006-09-30,GUATAPE,3100500.0,GUATAPE
2006-10-01,GUATAPE,5084200.0,GUATAPE
2006-10-02,GUATAPE,5911800.0,GUATAPE
2006-10-03,GUATAPE,4500900.0,GUATAPE
2006-10-04,GUATAPE,4146600.0,GUATAPE
2006-10-05,GUATAPE,5911800.0,GUATAPE
2006-10-06,GUATAPE,2675800.0,GUATAPE
2006-10-07,GUATAPE,3635500.0,GUATAPE
2006-10-08,GUATAPE,4597000.0,GUATAPE
2006-10-09,GUATAPE,12066200.0,GUATAPE
2006-10-10,GUATAPE,7440400.0,GUATAPE
2006-10-11,GUATAPE,13863000.0,GUATAPE
2006-10-12,GUATAPE,6009000.0,GUATAPE
2006-10-13,GUATAPE,5327700.0,GUATAPE
2006-10-14,GUATAPE,9165100.0,GUATAPE
2006-10-15,GUATAPE,6347100.0,GUATAPE
2006-10-16,GUATAPE,9421300.0,GUATAPE
2006-10-17,GUATAPE,11436300.0,GUATAPE
2006-10-18,GUATAPE,6107600.0,GUATAPE
2006-10-19,GUATAPE,14393900.0,GUATAPE
2006-10-20,GUATAPE,4302800.0,GUATAPE
2006-10-21,GUATAPE,4866800.0,GUATAPE
2006-10-22,GUATAPE,8109500.0,GUATAPE
2006-10-23,GUATAPE,5933300.0,GUATAPE
2006-10-24,GUATAPE,3971800.0,GUATAPE
2006-10-25,GUATAPE,5114300.0,GUATAPE
2006-10-26,GUATAPE,8761500.0,GUATAPE
2006-10-27,GUATAPE,7104700.0,GUATAPE
2006-10-28,GUATAPE,18416200.0,GUATAPE
2006-10-29,GUATAPE,16467300.0,GUATAPE
2006-10-30,GUATAPE,12924500.0,GUATAPE
2006-10-31,GUATAPE,37972800.0,GUATAPE
2006-11-01,GUATAPE,6424800.0,GUATAPE
2006-11-02,GUATAPE,5165700.0,GUATAPE
2006-11-03,GUATAPE,4820500.0,GUATAPE
2006-11-04,GUATAPE,4557900.0,GUATAPE
2006-11-05,GUATAPE,6648400.0,GUATAPE
2006-11-06,GUATAPE,5250300.0,GUATAPE
2006-11-07,GUATAPE,6254900.0,GUATAPE
2006-11-08,GUATAPE,8232300.0,GUATAPE
2006-11-09,GUATAPE,6146800.0,GUATAPE
2006-11-10,GUATAPE,4665300.0,GUATAPE
2006-11-11,GUATAPE,21876900.0,GUATAPE
2006-11-12,GUATAPE,18204000.0,GUATAPE
2006-11-13,GUATAPE,6245900.0,GUATAPE
2006-11-14,GUATAPE,10127200.0,GUATAPE
2006-11-15,GUATAPE,14787500.0,GUATAPE
2006-11-16,GUATAPE,12365000.0,GUATAPE
2006-11-17,GUATAPE,7636800.0,GUATAPE
2006-11-18,GUATAPE,6017500.0,GUATAPE
2006-11-19,GUATAPE,6139000.0,GUATAPE
2006-11-20,GUATAPE,9046600.0,GUATAPE
2006-11-21,GUATAPE,11427000.0,GUATAPE
2006-11-22,GUATAPE,7121200.0,GUATAPE
2006-11-23,GUATAPE,7087400.0,GUATAPE
2006-11-24,GUATAPE,14178600.0,GUATAPE
2006-11-25,GUATAPE,9656000.0,GUATAPE
2006-11-26,GUATAPE,6577500.0,GUATAPE
2006-11-27,GUATAPE,5759000.0,GUATAPE
2006-11-28,GUATAPE,9781600.0,GUATAPE
2006-11-29,GUATAPE,10623900.0,GUATAPE
2006-11-30,GUATAPE,6283300.0,GUATAPE
2006-12-01,GUATAPE,9475100.0,GUATAPE
2006-12-02,GUATAPE,6856800.0,GUATAPE
2006-12-03,GUATAPE,9529500.0,GUATAPE
2006-12-04,GUATAPE,6747000.0,GUATAPE
2006-12-05,GUATAPE,6782800.0,GUATAPE
2006-12-06,GUATAPE,6463700.0,GUATAPE
2006-12-07,GUATAPE,10694600.0,GUATAPE
2006-12-08,GUATAPE,7261400.0,GUATAPE
2006-12-09,GUATAPE,7666400.0,GUATAPE
2006-12-10,GUATAPE,6945000.0,GUATAPE
2006-12-11,GUATAPE,9444200.0,GUATAPE
2006-12-12,GUATAPE,9412500.0,GUATAPE
2006-12-13,GUATAPE,7438500.0,GUATAPE
2006-12-14,GUATAPE,5101300.0,GUATAPE
2006-12-15,GUATAPE,4542100.0,GUATAPE
2006-12-16,GUATAPE,4314200.0,GUATAPE
2006-12-17,GUATAPE,5755300.0,GUATAPE
2006-12-18,GUATAPE,2450700.0,GUATAPE
2006-12-19,GUATAPE,4568300.0,GUATAPE
2006-12-20,GUATAPE,4908600.0,GUATAPE
2006-12-21,GUATAPE,4391100.0,GUATAPE
2006-12-22,GUATAPE,5210800.0,GUATAPE
2006-12-23,GUATAPE,4074300.0,GUATAPE
2006-12-24,GUATAPE,4150900.0,GUATAPE
2006-12-25,GUATAPE,5229600.0,GUATAPE
2006-12-26,GUATAPE,3663700.0,GUATAPE
2006-12-27,GUATAPE,6651100.0,GUATAPE
2006-12-28,GUATAPE,8134700.0,GUATAPE
2006-12-29,GUATAPE,5182500.0,GUATAPE
2006-12-30,GUATAPE,3195400.0,GUATAPE
2006-12-31,GUATAPE,3817700.0,GUATAPE
2007-01-01,GUATAPE,2420200.0,GUATAPE
2007-01-02,GUATAPE,3903500.0,GUATAPE
2007-01-03,GUATAPE,3026700.0,GUATAPE
2007-01-04,GUATAPE,2918500.0,GUATAPE
2007-01-05,GUATAPE,1594000.0,GUATAPE
2007-01-06,GUATAPE,5552100.0,GUATAPE
2007-01-07,GUATAPE,3045200.0,GUATAPE
2007-01-08,GUATAPE,5667600.0,GUATAPE
2007-01-09,GUATAPE,5369300.0,GUATAPE
2007-01-10,GUATAPE,4254600.0,GUATAPE
2007-01-11,GUATAPE,3759400.0,GUATAPE
2007-01-12,GUATAPE,3228700.0,GUATAPE
2007-01-13,GUATAPE,5795200.0,GUATAPE
2007-01-14,GUATAPE,4048900.0,GUATAPE
2007-01-15,GUATAPE,3389800.0,GUATAPE
2007-01-16,GUATAPE,9209700.0,GUATAPE
2007-01-17,GUATAPE,12402700.0,GUATAPE
2007-01-18,GUATAPE,6347900.0,GUATAPE
2007-01-19,GUATAPE,4483500.0,GUATAPE
2007-01-20,GUATAPE,4081500.0,GUATAPE
2007-01-21,GUATAPE,7704800.0,GUATAPE
2007-01-22,GUATAPE,4500400.0,GUATAPE
2007-01-23,GUATAPE,5313900.0,GUATAPE
2007-01-24,GUATAPE,2622200.0,GUATAPE
2007-01-25,GUATAPE,3218400.0,GUATAPE
2007-01-26,GUATAPE,4640000.0,GUATAPE
2007-01-27,GUATAPE,5119200.0,GUATAPE
2007-01-28,GUATAPE,3097200.0,GUATAPE
2007-01-29,GUATAPE,2800200.0,GUATAPE
2007-01-30,GUATAPE,2277000.0,GUATAPE
2007-01-31,GUATAPE,2186300.0,GUATAPE
2007-02-01,GUATAPE,2600100.0,GUATAPE
2007-02-02,GUATAPE,3504400.0,GUATAPE
2007-02-03,GUATAPE,2802000.0,GUATAPE
2007-02-04,GUATAPE,1583300.0,GUATAPE
2007-02-05,GUATAPE,1795000.0,GUATAPE
2007-02-06,GUATAPE,2448600.0,GUATAPE
2007-02-07,GUATAPE,2028800.0,GUATAPE
2007-02-08,GUATAPE,1485000.0,GUATAPE
2007-02-09,GUATAPE,2865800.0,GUATAPE
2007-02-10,GUATAPE,3015900.0,GUATAPE
2007-02-11,GUATAPE,2113700.0,GUATAPE
2007-02-12,GUATAPE,1881800.0,GUATAPE
2007-02-13,GUATAPE,1403500.0,GUATAPE
2007-02-14,GUATAPE,880500.0,GUATAPE
2007-02-15,GUATAPE,3183600.0,GUATAPE
2007-02-16,GUATAPE,3301000.0,GUATAPE
2007-02-17,GUATAPE,1594500.0,GUATAPE
2007-02-18,GUATAPE,1804000.0,GUATAPE
2007-02-19,GUATAPE,2750300.0,GUATAPE
2007-02-20,GUATAPE,1990600.0,GUATAPE
2007-02-21,GUATAPE,2660800.0,GUATAPE
2007-02-22,GUATAPE,2977700.0,GUATAPE
2007-02-23,GUATAPE,1919300.0,GUATAPE
2007-02-24,GUATAPE,2760000.0,GUATAPE
2007-02-25,GUATAPE,2168100.0,GUATAPE
2007-02-26,GUATAPE,1409800.0,GUATAPE
2007-02-27,GUATAPE,1660700.0,GUATAPE
2007-02-28,GUATAPE,988700.0,GUATAPE
2007-03-01,GUATAPE,1319500.0,GUATAPE
2007-03-02,GUATAPE,1669500.0,GUATAPE
2007-03-03,GUATAPE,620100.0,GUATAPE
2007-03-04,GUATAPE,3421800.0,GUATAPE
2007-03-05,GUATAPE,4616200.0,GUATAPE
2007-03-06,GUATAPE,3167400.0,GUATAPE
2007-03-07,GUATAPE,3775600.0,GUATAPE
2007-03-08,GUATAPE,11794000.0,GUATAPE
2007-03-09,GUATAPE,12423100.0,GUATAPE
2007-03-10,GUATAPE,4730200.0,GUATAPE
2007-03-11,GUATAPE,3463100.0,GUATAPE
2007-03-12,GUATAPE,2661000.0,GUATAPE
2007-03-13,GUATAPE,1906500.0,GUATAPE
2007-03-14,GUATAPE,2851300.0,GUATAPE
2007-03-15,GUATAPE,3429500.0,GUATAPE
2007-03-16,GUATAPE,2390900.0,GUATAPE
2007-03-17,GUATAPE,3238000.0,GUATAPE
2007-03-18,GUATAPE,3209300.0,GUATAPE
2007-03-19,GUATAPE,3126500.0,GUATAPE
2007-03-20,GUATAPE,2853400.0,GUATAPE
2007-03-21,GUATAPE,3521700.0,GUATAPE
2007-03-22,GUATAPE,4734300.0,GUATAPE
2007-03-23,GUATAPE,4846900.0,GUATAPE
2007-03-24,GUATAPE,3734200.0,GUATAPE
2007-03-25,GUATAPE,4915400.0,GUATAPE
2007-03-26,GUATAPE,2313300.0,GUATAPE
2007-03-27,GUATAPE,3053600.0,GUATAPE
2007-03-28,GUATAPE,4888000.0,GUATAPE
2007-03-29,GUATAPE,4612900.0,GUATAPE
2007-03-30,GUATAPE,4248700.0,GUATAPE
2007-03-31,GUATAPE,6444600.0,GUATAPE
2007-04-01,GUATAPE,2859200.0,GUATAPE
2007-04-02,GUATAPE,5270000.0,GUATAPE
2007-04-03,GUATAPE,8556800.0,GUATAPE
2007-04-04,GUATAPE,5446000.0,GUATAPE
2007-04-05,GUATAPE,4376000.0,GUATAPE
2007-04-06,GUATAPE,4413200.0,GUATAPE
2007-04-07,GUATAPE,3674400.0,GUATAPE
2007-04-08,GUATAPE,8091800.0,GUATAPE
2007-04-09,GUATAPE,11483900.0,GUATAPE
2007-04-10,GUATAPE,3591300.0,GUATAPE
2007-04-11,GUATAPE,4075900.0,GUATAPE
2007-04-12,GUATAPE,3203900.0,GUATAPE
2007-04-13,GUATAPE,3685200.0,GUATAPE
2007-04-14,GUATAPE,3450700.0,GUATAPE
2007-04-15,GUATAPE,2699900.0,GUATAPE
2007-04-16,GUATAPE,2963900.0,GUATAPE
2007-04-17,GUATAPE,2659000.0,GUATAPE
2007-04-18,GUATAPE,4283600.0,GUATAPE
2007-04-19,GUATAPE,2619700.0,GUATAPE
2007-04-20,GUATAPE,4653900.0,GUATAPE
2007-04-21,GUATAPE,3883900.0,GUATAPE
2007-04-22,GUATAPE,5655200.0,GUATAPE
2007-04-23,GUATAPE,5547000.0,GUATAPE
2007-04-24,GUATAPE,11673600.0,GUATAPE
2007-04-25,GUATAPE,8786300.0,GUATAPE
2007-04-26,GUATAPE,8753400.0,GUATAPE
2007-04-27,GUATAPE,7394400.0,GUATAPE
2007-04-28,GUATAPE,5636000.0,GUATAPE
2007-04-29,GUATAPE,6595300.0,GUATAPE
2007-04-30,GUATAPE,4660000.0,GUATAPE
2007-05-01,GUATAPE,6093400.0,GUATAPE
2007-05-02,GUATAPE,5768100.0,GUATAPE
2007-05-03,GUATAPE,9913200.0,GUATAPE
2007-05-04,GUATAPE,6118100.0,GUATAPE
2007-05-05,GUATAPE,6507800.0,GUATAPE
2007-05-06,GUATAPE,7477100.0,GUATAPE
2007-05-07,GUATAPE,10723700.0,GUATAPE
2007-05-08,GUATAPE,26545600.0,GUATAPE
2007-05-09,GUATAPE,7890200.0,GUATAPE
2007-05-10,GUATAPE,17578100.0,GUATAPE
2007-05-11,GUATAPE,6099200.0,GUATAPE
2007-05-12,GUATAPE,5140900.0,GUATAPE
2007-05-13,GUATAPE,5543200.0,GUATAPE
2007-05-14,GUATAPE,6524500.0,GUATAPE
2007-05-15,GUATAPE,4358500.0,GUATAPE
2007-05-16,GUATAPE,3895600.0,GUATAPE
2007-05-17,GUATAPE,9574000.0,GUATAPE
2007-05-18,GUATAPE,6091900.0,GUATAPE
2007-05-19,GUATAPE,4889200.0,GUATAPE
2007-05-20,GUATAPE,8191100.0,GUATAPE
2007-05-21,GUATAPE,11209600.0,GUATAPE
2007-05-22,GUATAPE,6378800.0,GUATAPE
2007-05-23,GUATAPE,6439300.0,GUATAPE
2007-05-24,GUATAPE,5743800.0,GUATAPE
2007-05-25,GUATAPE,11405400.0,GUATAPE
2007-05-26,GUATAPE,5345700.0,GUATAPE
2007-05-27,GUATAPE,5875100.0,GUATAPE
2007-05-28,GUATAPE,4973800.0,GUATAPE
2007-05-29,GUATAPE,10779000.0,GUATAPE
2007-05-30,GUATAPE,8236400.0,GUATAPE
2007-05-31,GUATAPE,8276000.0,GUATAPE
2007-06-01,GUATAPE,11495000.0,GUATAPE
2007-06-02,GUATAPE,11828500.0,GUATAPE
2007-06-03,GUATAPE,6945300.0,GUATAPE
2007-06-04,GUATAPE,4772800.0,GUATAPE
2007-06-05,GUATAPE,11644600.0,GUATAPE
2007-06-06,GUATAPE,5472700.0,GUATAPE
2007-06-07,GUATAPE,5014400.0,GUATAPE
2007-06-08,GUATAPE,5064600.0,GUATAPE
2007-06-09,GUATAPE,8292700.0,GUATAPE
2007-06-10,GUATAPE,5721800.0,GUATAPE
2007-06-11,GUATAPE,3815000.0,GUATAPE
2007-06-12,GUATAPE,4990700.0,GUATAPE
2007-06-13,GUATAPE,4406000.0,GUATAPE
2007-06-14,GUATAPE,3922900.0,GUATAPE
2007-06-15,GUATAPE,3116300.0,GUATAPE
2007-06-16,GUATAPE,3318700.0,GUATAPE
2007-06-17,GUATAPE,3213800.0,GUATAPE
2007-06-18,GUATAPE,3622000.0,GUATAPE
2007-06-19,GUATAPE,7544100.0,GUATAPE
2007-06-20,GUATAPE,4049600.0,GUATAPE
2007-06-21,GUATAPE,4199500.0,GUATAPE
2007-06-22,GUATAPE,3445200.0,GUATAPE
2007-06-23,GUATAPE,4105400.0,GUATAPE
2007-06-24,GUATAPE,3378600.0,GUATAPE
2007-06-25,GUATAPE,2985100.0,GUATAPE
2007-06-26,GUATAPE,4312000.0,GUATAPE
2007-06-27,GUATAPE,3556100.0,GUATAPE
2007-06-28,GUATAPE,3093200.0,GUATAPE
2007-06-29,GUATAPE,3505700.0,GUATAPE
2007-06-30,GUATAPE,3934700.0,GUATAPE
2007-07-01,GUATAPE,3881400.0,GUATAPE
2007-07-02,GUATAPE,3840100.0,GUATAPE
2007-07-03,GUATAPE,3948300.0,GUATAPE
2007-07-04,GUATAPE,4261400.0,GUATAPE
2007-07-05,GUATAPE,3354200.0,GUATAPE
2007-07-06,GUATAPE,3175500.0,GUATAPE
2007-07-07,GUATAPE,4425600.0,GUATAPE
2007-07-08,GUATAPE,4954100.0,GUATAPE
2007-07-09,GUATAPE,4712000.0,GUATAPE
2007-07-10,GUATAPE,4285900.0,GUATAPE
2007-07-11,GUATAPE,2815400.0,GUATAPE
2007-07-12,GUATAPE,3857000.0,GUATAPE
2007-07-13,GUATAPE,4963900.0,GUATAPE
2007-07-14,GUATAPE,5654700.0,GUATAPE
2007-07-15,GUATAPE,5693900.0,GUATAPE
2007-07-16,GUATAPE,4972800.0,GUATAPE
2007-07-17,GUATAPE,5636000.0,GUATAPE
2007-07-18,GUATAPE,8467700.0,GUATAPE
2007-07-19,GUATAPE,4683800.0,GUATAPE
2007-07-20,GUATAPE,4163300.0,GUATAPE
2007-07-21,GUATAPE,3233200.0,GUATAPE
2007-07-22,GUATAPE,9302200.0,GUATAPE
2007-07-23,GUATAPE,5660400.0,GUATAPE
2007-07-24,GUATAPE,9138800.0,GUATAPE
2007-07-25,GUATAPE,4411700.0,GUATAPE
2007-07-26,GUATAPE,3060500.0,GUATAPE
2007-07-27,GUATAPE,6641200.0,GUATAPE
2007-07-28,GUATAPE,7021200.0,GUATAPE
2007-07-29,GUATAPE,3853700.0,GUATAPE
2007-07-30,GUATAPE,4854700.0,GUATAPE
2007-07-31,GUATAPE,4927600.0,GUATAPE
2007-08-01,GUATAPE,2523000.0,GUATAPE
2007-08-02,GUATAPE,4083500.0,GUATAPE
2007-08-03,GUATAPE,4813500.0,GUATAPE
2007-08-04,GUATAPE,3020100.0,GUATAPE
2007-08-05,GUATAPE,10503300.0,GUATAPE
2007-08-06,GUATAPE,3664000.0,GUATAPE
2007-08-07,GUATAPE,3311300.0,GUATAPE
2007-08-08,GUATAPE,4301100.0,GUATAPE
2007-08-09,GUATAPE,2675500.0,GUATAPE
2007-08-10,GUATAPE,4091600.0,GUATAPE
2007-08-11,GUATAPE,4252100.0,GUATAPE
2007-08-12,GUATAPE,4940200.0,GUATAPE
2007-08-13,GUATAPE,2050800.0,GUATAPE
2007-08-14,GUATAPE,6678100.0,GUATAPE
2007-08-15,GUATAPE,5960900.0,GUATAPE
2007-08-16,GUATAPE,4787500.0,GUATAPE
2007-08-17,GUATAPE,10373700.0,GUATAPE
2007-08-18,GUATAPE,15414800.0,GUATAPE
2007-08-19,GUATAPE,17792100.0,GUATAPE
2007-08-20,GUATAPE,10284800.0,GUATAPE
2007-08-21,GUATAPE,4074900.0,GUATAPE
2007-08-22,GUATAPE,3167300.0,GUATAPE
2007-08-23,GUATAPE,3439500.0,GUATAPE
2007-08-24,GUATAPE,13115800.0,GUATAPE
2007-08-25,GUATAPE,10466100.0,GUATAPE
2007-08-26,GUATAPE,6027400.0,GUATAPE
2007-08-27,GUATAPE,4009400.0,GUATAPE
2007-08-28,GUATAPE,3984800.0,GUATAPE
2007-08-29,GUATAPE,14474200.0,GUATAPE
2007-08-30,GUATAPE,8432300.0,GUATAPE
2007-08-31,GUATAPE,10699900.0,GUATAPE
2007-09-01,GUATAPE,10357000.0,GUATAPE
2007-09-02,GUATAPE,5370700.0,GUATAPE
2007-09-03,GUATAPE,8955900.0,GUATAPE
2007-09-04,GUATAPE,4779000.0,GUATAPE
2007-09-05,GUATAPE,5134300.0,GUATAPE
2007-09-06,GUATAPE,6754200.0,GUATAPE
2007-09-07,GUATAPE,16934700.0,GUATAPE
2007-09-08,GUATAPE,6023200.0,GUATAPE
2007-09-09,GUATAPE,8408000.0,GUATAPE
2007-09-10,GUATAPE,4908100.0,GUATAPE
2007-09-11,GUATAPE,12706400.0,GUATAPE
2007-09-12,GUATAPE,5240800.0,GUATAPE
2007-09-13,GUATAPE,4547300.0,GUATAPE
2007-09-14,GUATAPE,7316400.0,GUATAPE
2007-09-15,GUATAPE,13492500.0,GUATAPE
2007-09-16,GUATAPE,6846200.0,GUATAPE
2007-09-17,GUATAPE,4921800.0,GUATAPE
2007-09-18,GUATAPE,10929900.0,GUATAPE
2007-09-19,GUATAPE,11991800.0,GUATAPE
2007-09-20,GUATAPE,8825000.0,GUATAPE
2007-09-21,GUATAPE,14580300.0,GUATAPE
2007-09-22,GUATAPE,9837500.0,GUATAPE
2007-09-23,GUATAPE,8887300.0,GUATAPE
2007-09-24,GUATAPE,17332800.0,GUATAPE
2007-09-25,GUATAPE,14291400.0,GUATAPE
2007-09-26,GUATAPE,16195100.0,GUATAPE
2007-09-27,GUATAPE,7428900.0,GUATAPE
2007-09-28,GUATAPE,12597300.0,GUATAPE
2007-09-29,GUATAPE,4602000.0,GUATAPE
2007-09-30,GUATAPE,5202600.0,GUATAPE
2007-10-01,GUATAPE,10706500.0,GUATAPE
2007-10-02,GUATAPE,9205100.0,GUATAPE
2007-10-03,GUATAPE,12030400.0,GUATAPE
2007-10-04,GUATAPE,10987600.0,GUATAPE
2007-10-05,GUATAPE,11598700.0,GUATAPE
2007-10-06,GUATAPE,10938100.0,GUATAPE
2007-10-07,GUATAPE,8613000.0,GUATAPE
2007-10-08,GUATAPE,8622500.0,GUATAPE
2007-10-09,GUATAPE,13418800.0,GUATAPE
2007-10-10,GUATAPE,8875200.0,GUATAPE
2007-10-11,GUATAPE,10742500.0,GUATAPE
2007-10-12,GUATAPE,12502400.0,GUATAPE
2007-10-13,GUATAPE,7973400.0,GUATAPE
2007-10-14,GUATAPE,10696600.0,GUATAPE
2007-10-15,GUATAPE,8021500.0,GUATAPE
2007-10-16,GUATAPE,7273800.0,GUATAPE
2007-10-17,GUATAPE,5407600.0,GUATAPE
2007-10-18,GUATAPE,21922500.0,GUATAPE
2007-10-19,GUATAPE,9442800.0,GUATAPE
2007-10-20,GUATAPE,9536100.0,GUATAPE
2007-10-21,GUATAPE,7420100.0,GUATAPE
2007-10-22,GUATAPE,7518300.0,GUATAPE
2007-10-23,GUATAPE,9389100.0,GUATAPE
2007-10-24,GUATAPE,6430200.0,GUATAPE
2007-10-25,GUATAPE,6848600.0,GUATAPE
2007-10-26,GUATAPE,8077900.0,GUATAPE
2007-10-27,GUATAPE,7560100.0,GUATAPE
2007-10-28,GUATAPE,12917800.0,GUATAPE
2007-10-29,GUATAPE,16497500.0,GUATAPE
2007-10-30,GUATAPE,10444400.0,GUATAPE
2007-10-31,GUATAPE,10097300.0,GUATAPE
2007-11-01,GUATAPE,11031800.0,GUATAPE
2007-11-02,GUATAPE,8208400.0,GUATAPE
2007-11-03,GUATAPE,6494300.0,GUATAPE
2007-11-04,GUATAPE,6915400.0,GUATAPE
2007-11-05,GUATAPE,7596800.0,GUATAPE
2007-11-06,GUATAPE,6749800.0,GUATAPE
2007-11-07,GUATAPE,7360400.0,GUATAPE
2007-11-08,GUATAPE,7659300.0,GUATAPE
2007-11-09,GUATAPE,7071500.0,GUATAPE
2007-11-10,GUATAPE,8296200.0,GUATAPE
2007-11-11,GUATAPE,9982600.0,GUATAPE
2007-11-12,GUATAPE,5416800.0,GUATAPE
2007-11-13,GUATAPE,5817600.0,GUATAPE
2007-11-14,GUATAPE,7422800.0,GUATAPE
2007-11-15,GUATAPE,6826200.0,GUATAPE
2007-11-16,GUATAPE,5339900.0,GUATAPE
2007-11-17,GUATAPE,6818100.0,GUATAPE
2007-11-18,GUATAPE,6181200.0,GUATAPE
2007-11-19,GUATAPE,6189600.0,GUATAPE
2007-11-20,GUATAPE,5394400.0,GUATAPE
2007-11-21,GUATAPE,5849900.0,GUATAPE
2007-11-22,GUATAPE,7970200.0,GUATAPE
2007-11-23,GUATAPE,9918800.0,GUATAPE
2007-11-24,GUATAPE,8162300.0,GUATAPE
2007-11-25,GUATAPE,9787900.0,GUATAPE
2007-11-26,GUATAPE,5150900.0,GUATAPE
2007-11-27,GUATAPE,6174400.0,GUATAPE
2007-11-28,GUATAPE,8836800.0,GUATAPE
2007-11-29,GUATAPE,6975600.0,GUATAPE
2007-11-30,GUATAPE,5698000.0,GUATAPE
2007-12-01,GUATAPE,5427700.0,GUATAPE
2007-12-02,GUATAPE,5655500.0,GUATAPE
2007-12-03,GUATAPE,6095300.0,GUATAPE
2007-12-04,GUATAPE,5564800.0,GUATAPE
2007-12-05,GUATAPE,5121900.0,GUATAPE
2007-12-06,GUATAPE,5240600.0,GUATAPE
2007-12-07,GUATAPE,4769100.0,GUATAPE
2007-12-08,GUATAPE,6016400.0,GUATAPE
2007-12-09,GUATAPE,4718400.0,GUATAPE
2007-12-10,GUATAPE,3329500.0,GUATAPE
2007-12-11,GUATAPE,6175300.0,GUATAPE
2007-12-12,GUATAPE,5036900.0,GUATAPE
2007-12-13,GUATAPE,5377300.0,GUATAPE
2007-12-14,GUATAPE,5643000.0,GUATAPE
2007-12-15,GUATAPE,5117300.0,GUATAPE
2007-12-16,GUATAPE,4153900.0,GUATAPE
2007-12-17,GUATAPE,6783500.0,GUATAPE
2007-12-18,GUATAPE,6258500.0,GUATAPE
2007-12-19,GUATAPE,6187400.0,GUATAPE
2007-12-20,GUATAPE,4749900.0,GUATAPE
2007-12-21,GUATAPE,3128100.0,GUATAPE
2007-12-22,GUATAPE,3809000.0,GUATAPE
2007-12-23,GUATAPE,17491700.0,GUATAPE
2007-12-24,GUATAPE,11445100.0,GUATAPE
2007-12-25,GUATAPE,5696200.0,GUATAPE
2007-12-26,GUATAPE,7733300.0,GUATAPE
2007-12-27,GUATAPE,9984600.0,GUATAPE
2007-12-28,GUATAPE,7287400.0,GUATAPE
2007-12-29,GUATAPE,5593800.0,GUATAPE
2007-12-30,GUATAPE,4508800.0,GUATAPE
2007-12-31,GUATAPE,3896300.0,GUATAPE
2008-01-01,GUATAPE,4802400.0,GUATAPE
2008-01-02,GUATAPE,3278200.0,GUATAPE
2008-01-03,GUATAPE,3505000.0,GUATAPE
2008-01-04,GUATAPE,4734500.0,GUATAPE
2008-01-05,GUATAPE,3922600.0,GUATAPE
2008-01-06,GUATAPE,2618900.0,GUATAPE
2008-01-07,GUATAPE,6916300.0,GUATAPE
2008-01-08,GUATAPE,5283300.0,GUATAPE
2008-01-09,GUATAPE,3751900.0,GUATAPE
2008-01-10,GUATAPE,5908600.0,GUATAPE
2008-01-11,GUATAPE,5459300.0,GUATAPE
2008-01-12,GUATAPE,3629000.0,GUATAPE
2008-01-13,GUATAPE,4824400.0,GUATAPE
2008-01-14,GUATAPE,3699800.0,GUATAPE
2008-01-15,GUATAPE,6645500.0,GUATAPE
2008-01-16,GUATAPE,5213400.0,GUATAPE
2008-01-17,GUATAPE,4886600.0,GUATAPE
2008-01-18,GUATAPE,6748400.0,GUATAPE
2008-01-19,GUATAPE,4495600.0,GUATAPE
2008-01-20,GUATAPE,2991500.0,GUATAPE
2008-01-21,GUATAPE,4048300.0,GUATAPE
2008-01-22,GUATAPE,4444500.0,GUATAPE
2008-01-23,GUATAPE,5046600.0,GUATAPE
2008-01-24,GUATAPE,3654900.0,GUATAPE
2008-01-25,GUATAPE,6527100.0,GUATAPE
2008-01-26,GUATAPE,5149200.0,GUATAPE
2008-01-27,GUATAPE,4832800.0,GUATAPE
2008-01-28,GUATAPE,4649300.0,GUATAPE
2008-01-29,GUATAPE,4324800.0,GUATAPE
2008-01-30,GUATAPE,4251700.0,GUATAPE
2008-01-31,GUATAPE,4376600.0,GUATAPE
2008-02-01,GUATAPE,4352000.0,GUATAPE
2008-02-02,GUATAPE,2279900.0,GUATAPE
2008-02-03,GUATAPE,2118800.0,GUATAPE
2008-02-04,GUATAPE,3799800.0,GUATAPE
2008-02-05,GUATAPE,4067800.0,GUATAPE
2008-02-06,GUATAPE,2016600.0,GUATAPE
2008-02-07,GUATAPE,4949400.0,GUATAPE
2008-02-08,GUATAPE,7487000.0,GUATAPE
2008-02-09,GUATAPE,4690100.0,GUATAPE
2008-02-10,GUATAPE,8403100.0,GUATAPE
2008-02-11,GUATAPE,5077500.0,GUATAPE
2008-02-12,GUATAPE,2512300.0,GUATAPE
2008-02-13,GUATAPE,7017300.0,GUATAPE
2008-02-14,GUATAPE,3081500.0,GUATAPE
2008-02-15,GUATAPE,5991300.0,GUATAPE
2008-02-16,GUATAPE,9535400.0,GUATAPE
2008-02-17,GUATAPE,4648100.0,GUATAPE
2008-02-18,GUATAPE,3562200.0,GUATAPE
2008-02-19,GUATAPE,6568300.0,GUATAPE
2008-02-20,GUATAPE,5768500.0,GUATAPE
2008-02-21,GUATAPE,4410000.0,GUATAPE
2008-02-22,GUATAPE,4552200.0,GUATAPE
2008-02-23,GUATAPE,4360100.0,GUATAPE
2008-02-24,GUATAPE,2568500.0,GUATAPE
2008-02-25,GUATAPE,4617400.0,GUATAPE
2008-02-26,GUATAPE,4571400.0,GUATAPE
2008-02-27,GUATAPE,4305200.0,GUATAPE
2008-02-28,GUATAPE,6054900.0,GUATAPE
2008-02-29,GUATAPE,4221700.0,GUATAPE
2008-03-01,GUATAPE,3253500.0,GUATAPE
2008-03-02,GUATAPE,2699200.0,GUATAPE
2008-03-03,GUATAPE,4682900.0,GUATAPE
2008-03-04,GUATAPE,10153800.0,GUATAPE
2008-03-05,GUATAPE,4390100.0,GUATAPE
2008-03-06,GUATAPE,10768900.0,GUATAPE
2008-03-07,GUATAPE,5670900.0,GUATAPE
2008-03-08,GUATAPE,4000600.0,GUATAPE
2008-03-09,GUATAPE,5623900.0,GUATAPE
2008-03-10,GUATAPE,6671000.0,GUATAPE
2008-03-11,GUATAPE,4746000.0,GUATAPE
2008-03-12,GUATAPE,3887200.0,GUATAPE
2008-03-13,GUATAPE,5176100.0,GUATAPE
2008-03-14,GUATAPE,9885600.0,GUATAPE
2008-03-15,GUATAPE,5938000.0,GUATAPE
2008-03-16,GUATAPE,3341800.0,GUATAPE
2008-03-17,GUATAPE,4056500.0,GUATAPE
2008-03-18,GUATAPE,3610300.0,GUATAPE
2008-03-19,GUATAPE,5114400.0,GUATAPE
2008-03-20,GUATAPE,3757600.0,GUATAPE
2008-03-21,GUATAPE,7215200.0,GUATAPE
2008-03-22,GUATAPE,10796700.0,GUATAPE
2008-03-23,GUATAPE,10041500.0,GUATAPE
2008-03-24,GUATAPE,7331800.0,GUATAPE
2008-03-25,GUATAPE,4826300.0,GUATAPE
2008-03-26,GUATAPE,4975800.0,GUATAPE
2008-03-27,GUATAPE,8094700.0,GUATAPE
2008-03-28,GUATAPE,7565900.0,GUATAPE
2008-03-29,GUATAPE,5030900.0,GUATAPE
2008-03-30,GUATAPE,5463200.0,GUATAPE
2008-03-31,GUATAPE,5657600.0,GUATAPE
2008-04-01,GUATAPE,5803900.0,GUATAPE
2008-04-02,GUATAPE,5694400.0,GUATAPE
2008-04-03,GUATAPE,3901100.0,GUATAPE
2008-04-04,GUATAPE,5287100.0,GUATAPE
2008-04-05,GUATAPE,2890100.0,GUATAPE
2008-04-06,GUATAPE,4690100.0,GUATAPE
2008-04-07,GUATAPE,3758300.0,GUATAPE
2008-04-08,GUATAPE,5194000.0,GUATAPE
2008-04-09,GUATAPE,4213500.0,GUATAPE
2008-04-10,GUATAPE,6919700.0,GUATAPE
2008-04-11,GUATAPE,4940300.0,GUATAPE
2008-04-12,GUATAPE,4505500.0,GUATAPE
2008-04-13,GUATAPE,8480100.0,GUATAPE
2008-04-14,GUATAPE,5575800.0,GUATAPE
2008-04-15,GUATAPE,7272500.0,GUATAPE
2008-04-16,GUATAPE,6458600.0,GUATAPE
2008-04-17,GUATAPE,5239400.0,GUATAPE
2008-04-18,GUATAPE,5067600.0,GUATAPE
2008-04-19,GUATAPE,4184100.0,GUATAPE
2008-04-20,GUATAPE,6820600.0,GUATAPE
2008-04-21,GUATAPE,6929200.0,GUATAPE
2008-04-22,GUATAPE,4096800.0,GUATAPE
2008-04-23,GUATAPE,12243100.0,GUATAPE
2008-04-24,GUATAPE,14423200.0,GUATAPE
2008-04-25,GUATAPE,13114100.0,GUATAPE
2008-04-26,GUATAPE,13331900.0,GUATAPE
2008-04-27,GUATAPE,12254100.0,GUATAPE
2008-04-28,GUATAPE,10095700.0,GUATAPE
2008-04-29,GUATAPE,8001300.0,GUATAPE
2008-04-30,GUATAPE,11312300.0,GUATAPE
2008-05-01,GUATAPE,9761500.0,GUATAPE
2008-05-02,GUATAPE,12428300.0,GUATAPE
2008-05-03,GUATAPE,12508700.0,GUATAPE
2008-05-04,GUATAPE,7930800.0,GUATAPE
2008-05-05,GUATAPE,8505900.0,GUATAPE
2008-05-06,GUATAPE,6066000.0,GUATAPE
2008-05-07,GUATAPE,5400200.0,GUATAPE
2008-05-08,GUATAPE,4881600.0,GUATAPE
2008-05-09,GUATAPE,4741700.0,GUATAPE
2008-05-10,GUATAPE,2783500.0,GUATAPE
2008-05-11,GUATAPE,4596800.0,GUATAPE
2008-05-12,GUATAPE,5049500.0,GUATAPE
2008-05-13,GUATAPE,4728700.0,GUATAPE
2008-05-14,GUATAPE,4333600.0,GUATAPE
2008-05-15,GUATAPE,7087000.0,GUATAPE
2008-05-16,GUATAPE,7839900.0,GUATAPE
2008-05-17,GUATAPE,4772100.0,GUATAPE
2008-05-18,GUATAPE,3504300.0,GUATAPE
2008-05-19,GUATAPE,8699500.0,GUATAPE
2008-05-20,GUATAPE,12048300.0,GUATAPE
2008-05-21,GUATAPE,12926300.0,GUATAPE
2008-05-22,GUATAPE,12411000.0,GUATAPE
2008-05-23,GUATAPE,9907800.0,GUATAPE
2008-05-24,GUATAPE,10157500.0,GUATAPE
2008-05-25,GUATAPE,14778100.0,GUATAPE
2008-05-26,GUATAPE,13785000.0,GUATAPE
2008-05-27,GUATAPE,16863200.0,GUATAPE
2008-05-28,GUATAPE,11852400.0,GUATAPE
2008-05-29,GUATAPE,23919800.0,GUATAPE
2008-05-30,GUATAPE,9858300.0,GUATAPE
2008-05-31,GUATAPE,7090700.0,GUATAPE
2008-06-01,GUATAPE,5542300.0,GUATAPE
2008-06-02,GUATAPE,8640500.0,GUATAPE
2008-06-03,GUATAPE,6674000.0,GUATAPE
2008-06-04,GUATAPE,3633700.0,GUATAPE
2008-06-05,GUATAPE,5892000.0,GUATAPE
2008-06-06,GUATAPE,5933000.0,GUATAPE
2008-06-07,GUATAPE,8680000.0,GUATAPE
2008-06-08,GUATAPE,10395200.0,GUATAPE
2008-06-09,GUATAPE,9361200.0,GUATAPE
2008-06-10,GUATAPE,9983200.0,GUATAPE
2008-06-11,GUATAPE,5023800.0,GUATAPE
2008-06-12,GUATAPE,4735500.0,GUATAPE
2008-06-13,GUATAPE,5751400.0,GUATAPE
2008-06-14,GUATAPE,4110900.0,GUATAPE
2008-06-15,GUATAPE,3566100.0,GUATAPE
2008-06-16,GUATAPE,5092100.0,GUATAPE
2008-06-17,GUATAPE,4836500.0,GUATAPE
2008-06-18,GUATAPE,4048300.0,GUATAPE
2008-06-19,GUATAPE,3158500.0,GUATAPE
2008-06-20,GUATAPE,4402000.0,GUATAPE
2008-06-21,GUATAPE,6704700.0,GUATAPE
2008-06-22,GUATAPE,6936000.0,GUATAPE
2008-06-23,GUATAPE,8551300.0,GUATAPE
2008-06-24,GUATAPE,8895700.0,GUATAPE
2008-06-25,GUATAPE,4545800.0,GUATAPE
2008-06-26,GUATAPE,6959000.0,GUATAPE
2008-06-27,GUATAPE,6304200.0,GUATAPE
2008-06-28,GUATAPE,5667100.0,GUATAPE
2008-06-29,GUATAPE,5476200.0,GUATAPE
2008-06-30,GUATAPE,3199200.0,GUATAPE
2008-07-01,GUATAPE,6557200.0,GUATAPE
2008-07-02,GUATAPE,10393000.0,GUATAPE
2008-07-03,GUATAPE,5168100.0,GUATAPE
2008-07-04,GUATAPE,16392200.0,GUATAPE
2008-07-05,GUATAPE,5445200.0,GUATAPE
2008-07-06,GUATAPE,7906000.0,GUATAPE
2008-07-07,GUATAPE,6036800.0,GUATAPE
2008-07-08,GUATAPE,10047200.0,GUATAPE
2008-07-09,GUATAPE,15653200.0,GUATAPE
2008-07-10,GUATAPE,9338900.0,GUATAPE
2008-07-11,GUATAPE,3799800.0,GUATAPE
2008-07-12,GUATAPE,5397200.0,GUATAPE
2008-07-13,GUATAPE,4698000.0,GUATAPE
2008-07-14,GUATAPE,7514400.0,GUATAPE
2008-07-15,GUATAPE,13391900.0,GUATAPE
2008-07-16,GUATAPE,14412000.0,GUATAPE
2008-07-17,GUATAPE,9594800.0,GUATAPE
2008-07-18,GUATAPE,5217900.0,GUATAPE
2008-07-19,GUATAPE,6501700.0,GUATAPE
2008-07-20,GUATAPE,5376900.0,GUATAPE
2008-07-21,GUATAPE,3926000.0,GUATAPE
2008-07-22,GUATAPE,5814900.0,GUATAPE
2008-07-23,GUATAPE,5538100.0,GUATAPE
2008-07-24,GUATAPE,5552600.0,GUATAPE
2008-07-25,GUATAPE,6167200.0,GUATAPE
2008-07-26,GUATAPE,3094100.0,GUATAPE
2008-07-27,GUATAPE,5653300.0,GUATAPE
2008-07-28,GUATAPE,11817800.0,GUATAPE
2008-07-29,GUATAPE,7029700.0,GUATAPE
2008-07-30,GUATAPE,10443000.0,GUATAPE
2008-07-31,GUATAPE,13237300.0,GUATAPE
2008-08-01,GUATAPE,5280500.0,GUATAPE
2008-08-02,GUATAPE,8674300.0,GUATAPE
2008-08-03,GUATAPE,8285600.0,GUATAPE
2008-08-04,GUATAPE,5758700.0,GUATAPE
2008-08-05,GUATAPE,7485700.0,GUATAPE
2008-08-06,GUATAPE,6461300.0,GUATAPE
2008-08-07,GUATAPE,5696200.0,GUATAPE
2008-08-08,GUATAPE,5350900.0,GUATAPE
2008-08-09,GUATAPE,4920100.0,GUATAPE
2008-08-10,GUATAPE,5128800.0,GUATAPE
2008-08-11,GUATAPE,6763000.0,GUATAPE
2008-08-12,GUATAPE,4194400.0,GUATAPE
2008-08-13,GUATAPE,5316900.0,GUATAPE
2008-08-14,GUATAPE,5351200.0,GUATAPE
2008-08-15,GUATAPE,5946200.0,GUATAPE
2008-08-16,GUATAPE,10005500.0,GUATAPE
2008-08-17,GUATAPE,7002400.0,GUATAPE
2008-08-18,GUATAPE,17152900.0,GUATAPE
2008-08-19,GUATAPE,11332100.0,GUATAPE
2008-08-20,GUATAPE,6618700.0,GUATAPE
2008-08-21,GUATAPE,6852200.0,GUATAPE
2008-08-22,GUATAPE,12778300.0,GUATAPE
2008-08-23,GUATAPE,10315800.0,GUATAPE
2008-08-24,GUATAPE,8779200.0,GUATAPE
2008-08-25,GUATAPE,7198000.0,GUATAPE
2008-08-26,GUATAPE,10241100.0,GUATAPE
2008-08-27,GUATAPE,7978500.0,GUATAPE
2008-08-28,GUATAPE,7267800.0,GUATAPE
2008-08-29,GUATAPE,10410900.0,GUATAPE
2008-08-30,GUATAPE,12314700.0,GUATAPE
2008-08-31,GUATAPE,13108000.0,GUATAPE
2008-09-01,GUATAPE,8197200.0,GUATAPE
2008-09-02,GUATAPE,12507500.0,GUATAPE
2008-09-03,GUATAPE,12146300.0,GUATAPE
2008-09-04,GUATAPE,9161100.0,GUATAPE
2008-09-05,GUATAPE,5137900.0,GUATAPE
2008-09-06,GUATAPE,6475100.0,GUATAPE
2008-09-07,GUATAPE,7365600.0,GUATAPE
2008-09-08,GUATAPE,5622400.0,GUATAPE
2008-09-09,GUATAPE,4245400.0,GUATAPE
2008-09-10,GUATAPE,3801100.0,GUATAPE
2008-09-11,GUATAPE,4540700.0,GUATAPE
2008-09-12,GUATAPE,4078200.0,GUATAPE
2008-09-13,GUATAPE,13486800.0,GUATAPE
2008-09-14,GUATAPE,3763800.0,GUATAPE
2008-09-15,GUATAPE,9301000.0,GUATAPE
2008-09-16,GUATAPE,5456300.0,GUATAPE
2008-09-17,GUATAPE,5529500.0,GUATAPE
2008-09-18,GUATAPE,5429100.0,GUATAPE
2008-09-19,GUATAPE,5197000.0,GUATAPE
2008-09-20,GUATAPE,6277000.0,GUATAPE
2008-09-21,GUATAPE,6438300.0,GUATAPE
2008-09-22,GUATAPE,5352600.0,GUATAPE
2008-09-23,GUATAPE,13488800.0,GUATAPE
2008-09-24,GUATAPE,7214500.0,GUATAPE
2008-09-25,GUATAPE,6257000.0,GUATAPE
2008-09-26,GUATAPE,4600800.0,GUATAPE
2008-09-27,GUATAPE,7471000.0,GUATAPE
2008-09-28,GUATAPE,11293600.0,GUATAPE
2008-09-29,GUATAPE,10046700.0,GUATAPE
2008-09-30,GUATAPE,8460400.0,GUATAPE
2008-10-01,GUATAPE,20810800.0,GUATAPE
2008-10-02,GUATAPE,8525600.0,GUATAPE
2008-10-03,GUATAPE,9670300.0,GUATAPE
2008-10-04,GUATAPE,5841500.0,GUATAPE
2008-10-05,GUATAPE,6486100.0,GUATAPE
2008-10-06,GUATAPE,7729400.0,GUATAPE
2008-10-07,GUATAPE,7801600.0,GUATAPE
2008-10-08,GUATAPE,6032400.0,GUATAPE
2008-10-09,GUATAPE,7599200.0,GUATAPE
2008-10-10,GUATAPE,9797200.0,GUATAPE
2008-10-11,GUATAPE,14251000.0,GUATAPE
2008-10-12,GUATAPE,9772200.0,GUATAPE
2008-10-13,GUATAPE,12872900.0,GUATAPE
2008-10-14,GUATAPE,9165200.0,GUATAPE
2008-10-15,GUATAPE,7344800.0,GUATAPE
2008-10-16,GUATAPE,6404200.0,GUATAPE
2008-10-17,GUATAPE,5871400.0,GUATAPE
2008-10-18,GUATAPE,7989600.0,GUATAPE
2008-10-19,GUATAPE,14608800.0,GUATAPE
2008-10-20,GUATAPE,7416400.0,GUATAPE
2008-10-21,GUATAPE,4632900.0,GUATAPE
2008-10-22,GUATAPE,11579600.0,GUATAPE
2008-10-23,GUATAPE,5513900.0,GUATAPE
2008-10-24,GUATAPE,10699400.0,GUATAPE
2008-10-25,GUATAPE,9613900.0,GUATAPE
2008-10-26,GUATAPE,6906200.0,GUATAPE
2008-10-27,GUATAPE,9037000.0,GUATAPE
2008-10-28,GUATAPE,10651600.0,GUATAPE
2008-10-29,GUATAPE,7192800.0,GUATAPE
2008-10-30,GUATAPE,7348700.0,GUATAPE
2008-10-31,GUATAPE,12482000.0,GUATAPE
2008-11-01,GUATAPE,12382500.0,GUATAPE
2008-11-02,GUATAPE,17836900.0,GUATAPE
2008-11-03,GUATAPE,10761100.0,GUATAPE
2008-11-04,GUATAPE,8199800.0,GUATAPE
2008-11-05,GUATAPE,8512400.0,GUATAPE
2008-11-06,GUATAPE,22892700.0,GUATAPE
2008-11-07,GUATAPE,7236200.0,GUATAPE
2008-11-08,GUATAPE,8395900.0,GUATAPE
2008-11-09,GUATAPE,7324700.0,GUATAPE
2008-11-10,GUATAPE,5516800.0,GUATAPE
2008-11-11,GUATAPE,7352400.0,GUATAPE
2008-11-12,GUATAPE,6453800.0,GUATAPE
2008-11-13,GUATAPE,6009900.0,GUATAPE
2008-11-14,GUATAPE,8193000.0,GUATAPE
2008-11-15,GUATAPE,7222700.0,GUATAPE
2008-11-16,GUATAPE,9477400.0,GUATAPE
2008-11-17,GUATAPE,8826100.0,GUATAPE
2008-11-18,GUATAPE,7938200.0,GUATAPE
2008-11-19,GUATAPE,15608400.0,GUATAPE
2008-11-20,GUATAPE,15084400.0,GUATAPE
2008-11-21,GUATAPE,14972500.0,GUATAPE
2008-11-22,GUATAPE,8148900.0,GUATAPE
2008-11-23,GUATAPE,6812700.0,GUATAPE
2008-11-24,GUATAPE,11099300.0,GUATAPE
2008-11-25,GUATAPE,12521000.0,GUATAPE
2008-11-26,GUATAPE,15073600.0,GUATAPE
2008-11-27,GUATAPE,9592400.0,GUATAPE
2008-11-28,GUATAPE,19249900.0,GUATAPE
2008-11-29,GUATAPE,12174500.0,GUATAPE
2008-11-30,GUATAPE,7976400.0,GUATAPE
2008-12-01,GUATAPE,7813100.0,GUATAPE
2008-12-02,GUATAPE,7334300.0,GUATAPE
2008-12-03,GUATAPE,6938000.0,GUATAPE
2008-12-04,GUATAPE,7905000.0,GUATAPE
2008-12-05,GUATAPE,7430900.0,GUATAPE
2008-12-06,GUATAPE,5829800.0,GUATAPE
2008-12-07,GUATAPE,8663100.0,GUATAPE
2008-12-08,GUATAPE,10142000.0,GUATAPE
2008-12-09,GUATAPE,5755000.0,GUATAPE
2008-12-10,GUATAPE,4779900.0,GUATAPE
2008-12-11,GUATAPE,4128700.0,GUATAPE
2008-12-12,GUATAPE,5166400.0,GUATAPE
2008-12-13,GUATAPE,5015700.0,GUATAPE
2008-12-14,GUATAPE,8535400.0,GUATAPE
2008-12-15,GUATAPE,7067400.0,GUATAPE
2008-12-16,GUATAPE,3833000.0,GUATAPE
2008-12-17,GUATAPE,3645500.0,GUATAPE
2008-12-18,GUATAPE,5404400.0,GUATAPE
2008-12-19,GUATAPE,5718000.0,GUATAPE
2008-12-20,GUATAPE,4534600.0,GUATAPE
2008-12-21,GUATAPE,3929500.0,GUATAPE
2008-12-22,GUATAPE,3791800.0,GUATAPE
2008-12-23,GUATAPE,3610600.0,GUATAPE
2008-12-24,GUATAPE,4476000.0,GUATAPE
2008-12-25,GUATAPE,6728500.0,GUATAPE
2008-12-26,GUATAPE,5837200.0,GUATAPE
2008-12-27,GUATAPE,3538800.0,GUATAPE
2008-12-28,GUATAPE,2704300.0,GUATAPE
2008-12-29,GUATAPE,5521900.0,GUATAPE
2008-12-30,GUATAPE,4827500.0,GUATAPE
2008-12-31,GUATAPE,2818600.0,GUATAPE
2009-01-01,GUATAPE,2661500.0,GUATAPE
2009-01-02,GUATAPE,2157400.0,GUATAPE
2009-01-03,GUATAPE,17732900.0,GUATAPE
2009-01-04,GUATAPE,27455500.0,GUATAPE
2009-01-05,GUATAPE,6853900.0,GUATAPE
2009-01-06,GUATAPE,5602300.0,GUATAPE
2009-01-07,GUATAPE,2794500.0,GUATAPE
2009-01-08,GUATAPE,4738000.0,GUATAPE
2009-01-09,GUATAPE,3082300.0,GUATAPE
2009-01-10,GUATAPE,4781600.0,GUATAPE
2009-01-11,GUATAPE,5785000.0,GUATAPE
2009-01-12,GUATAPE,7805600.0,GUATAPE
2009-01-13,GUATAPE,7520000.0,GUATAPE
2009-01-14,GUATAPE,11607900.0,GUATAPE
2009-01-15,GUATAPE,6343900.0,GUATAPE
2009-01-16,GUATAPE,6239600.0,GUATAPE
2009-01-17,GUATAPE,10251800.0,GUATAPE
2009-01-18,GUATAPE,3875600.0,GUATAPE
2009-01-19,GUATAPE,13867900.0,GUATAPE
2009-01-20,GUATAPE,12299200.0,GUATAPE
2009-01-21,GUATAPE,5375100.0,GUATAPE
2009-01-22,GUATAPE,5205100.0,GUATAPE
2009-01-23,GUATAPE,7181400.0,GUATAPE
2009-01-24,GUATAPE,7958900.0,GUATAPE
2009-01-25,GUATAPE,6892900.0,GUATAPE
2009-01-26,GUATAPE,5614900.0,GUATAPE
2009-01-27,GUATAPE,6188100.0,GUATAPE
2009-01-28,GUATAPE,4881400.0,GUATAPE
2009-01-29,GUATAPE,5316300.0,GUATAPE
2009-01-30,GUATAPE,8696700.0,GUATAPE
2009-01-31,GUATAPE,5001000.0,GUATAPE
2009-02-01,GUATAPE,5007100.0,GUATAPE
2009-02-02,GUATAPE,6165300.0,GUATAPE
2009-02-03,GUATAPE,4115000.0,GUATAPE
2009-02-04,GUATAPE,9230900.0,GUATAPE
2009-02-05,GUATAPE,7927900.0,GUATAPE
2009-02-06,GUATAPE,4450800.0,GUATAPE
2009-02-07,GUATAPE,7048000.0,GUATAPE
2009-02-08,GUATAPE,5743700.0,GUATAPE
2009-02-09,GUATAPE,8528000.0,GUATAPE
2009-02-10,GUATAPE,4471600.0,GUATAPE
2009-02-11,GUATAPE,5921900.0,GUATAPE
2009-02-12,GUATAPE,9670800.0,GUATAPE
2009-02-13,GUATAPE,9835300.0,GUATAPE
2009-02-14,GUATAPE,9170900.0,GUATAPE
2009-02-15,GUATAPE,8547100.0,GUATAPE
2009-02-16,GUATAPE,5758900.0,GUATAPE
2009-02-17,GUATAPE,5732200.0,GUATAPE
2009-02-18,GUATAPE,6189600.0,GUATAPE
2009-02-19,GUATAPE,10007500.0,GUATAPE
2009-02-20,GUATAPE,5588100.0,GUATAPE
2009-02-21,GUATAPE,4688500.0,GUATAPE
2009-02-22,GUATAPE,3254800.0,GUATAPE
2009-02-23,GUATAPE,5943200.0,GUATAPE
2009-02-24,GUATAPE,5941300.0,GUATAPE
2009-02-25,GUATAPE,8072200.0,GUATAPE
2009-02-26,GUATAPE,5901900.0,GUATAPE
2009-02-27,GUATAPE,4937700.0,GUATAPE
2009-02-28,GUATAPE,3815000.0,GUATAPE
2009-03-01,GUATAPE,7790900.0,GUATAPE
2009-03-02,GUATAPE,7176900.0,GUATAPE
2009-03-03,GUATAPE,12953300.0,GUATAPE
2009-03-04,GUATAPE,4532100.0,GUATAPE
2009-03-05,GUATAPE,6630900.0,GUATAPE
2009-03-06,GUATAPE,7724500.0,GUATAPE
2009-03-07,GUATAPE,7199500.0,GUATAPE
2009-03-08,GUATAPE,5813100.0,GUATAPE
2009-03-09,GUATAPE,9859000.0,GUATAPE
2009-03-10,GUATAPE,7938100.0,GUATAPE
2009-03-11,GUATAPE,5409200.0,GUATAPE
2009-03-12,GUATAPE,3492800.0,GUATAPE
2009-03-13,GUATAPE,4816200.0,GUATAPE
2009-03-14,GUATAPE,2701900.0,GUATAPE
2009-03-15,GUATAPE,3870900.0,GUATAPE
2009-03-16,GUATAPE,8921800.0,GUATAPE
2009-03-17,GUATAPE,6505200.0,GUATAPE
2009-03-18,GUATAPE,12468500.0,GUATAPE
2009-03-19,GUATAPE,9409500.0,GUATAPE
2009-03-20,GUATAPE,8646100.0,GUATAPE
2009-03-21,GUATAPE,15385600.0,GUATAPE
2009-03-22,GUATAPE,12185700.0,GUATAPE
2009-03-23,GUATAPE,8306300.0,GUATAPE
2009-03-24,GUATAPE,11806300.0,GUATAPE
2009-03-25,GUATAPE,5068400.0,GUATAPE
2009-03-26,GUATAPE,6895900.0,GUATAPE
2009-03-27,GUATAPE,7773000.0,GUATAPE
2009-03-28,GUATAPE,9520300.0,GUATAPE
2009-03-29,GUATAPE,5853800.0,GUATAPE
2009-03-30,GUATAPE,11087600.0,GUATAPE
2009-03-31,GUATAPE,14827800.0,GUATAPE
2009-04-01,GUATAPE,17485600.0,GUATAPE
2009-04-02,GUATAPE,6289800.0,GUATAPE
2009-04-03,GUATAPE,5523200.0,GUATAPE
2009-04-04,GUATAPE,9526700.0,GUATAPE
2009-04-05,GUATAPE,5352800.0,GUATAPE
2009-04-06,GUATAPE,5845400.0,GUATAPE
2009-04-07,GUATAPE,4471100.0,GUATAPE
2009-04-08,GUATAPE,5364900.0,GUATAPE
2009-04-09,GUATAPE,5555600.0,GUATAPE
2009-04-10,GUATAPE,5249700.0,GUATAPE
2009-04-11,GUATAPE,11785000.0,GUATAPE
2009-04-12,GUATAPE,6891400.0,GUATAPE
2009-04-13,GUATAPE,4366500.0,GUATAPE
2009-04-14,GUATAPE,4639900.0,GUATAPE
2009-04-15,GUATAPE,4484800.0,GUATAPE
2009-04-16,GUATAPE,2443900.0,GUATAPE
2009-04-17,GUATAPE,4355200.0,GUATAPE
2009-04-18,GUATAPE,4702200.0,GUATAPE
2009-04-19,GUATAPE,5004900.0,GUATAPE
2009-04-20,GUATAPE,5098200.0,GUATAPE
2009-04-21,GUATAPE,3773800.0,GUATAPE
2009-04-22,GUATAPE,4605400.0,GUATAPE
2009-04-23,GUATAPE,9513400.0,GUATAPE
2009-04-24,GUATAPE,7661000.0,GUATAPE
2009-04-25,GUATAPE,5267800.0,GUATAPE
2009-04-26,GUATAPE,9705400.0,GUATAPE
2009-04-27,GUATAPE,6029000.0,GUATAPE
2009-04-28,GUATAPE,5418500.0,GUATAPE
2009-04-29,GUATAPE,7371100.0,GUATAPE
2009-04-30,GUATAPE,11834300.0,GUATAPE
2009-05-01,GUATAPE,5142400.0,GUATAPE
2009-05-02,GUATAPE,5193300.0,GUATAPE
2009-05-03,GUATAPE,10955500.0,GUATAPE
2009-05-04,GUATAPE,10772900.0,GUATAPE
2009-05-05,GUATAPE,8141000.0,GUATAPE
2009-05-06,GUATAPE,7409700.0,GUATAPE
2009-05-07,GUATAPE,7043200.0,GUATAPE
2009-05-08,GUATAPE,10598900.0,GUATAPE
2009-05-09,GUATAPE,5985100.0,GUATAPE
2009-05-10,GUATAPE,835000.0,GUATAPE
2009-05-11,GUATAPE,6604400.0,GUATAPE
2009-05-12,GUATAPE,7959000.0,GUATAPE
2009-05-13,GUATAPE,14661500.0,GUATAPE
2009-05-14,GUATAPE,4112600.0,GUATAPE
2009-05-15,GUATAPE,7420000.0,GUATAPE
2009-05-16,GUATAPE,7117200.0,GUATAPE
2009-05-17,GUATAPE,10698200.0,GUATAPE
2009-05-18,GUATAPE,5852800.0,GUATAPE
2009-05-19,GUATAPE,6187100.0,GUATAPE
2009-05-20,GUATAPE,4013600.0,GUATAPE
2009-05-21,GUATAPE,5302100.0,GUATAPE
2009-05-22,GUATAPE,3666000.0,GUATAPE
2009-05-23,GUATAPE,6117500.0,GUATAPE
2009-05-24,GUATAPE,9250800.0,GUATAPE
2009-05-25,GUATAPE,9023600.0,GUATAPE
2009-05-26,GUATAPE,5917500.0,GUATAPE
2009-05-27,GUATAPE,5855200.0,GUATAPE
2009-05-28,GUATAPE,6868400.0,GUATAPE
2009-05-29,GUATAPE,9468400.0,GUATAPE
2009-05-30,GUATAPE,6957100.0,GUATAPE
2009-05-31,GUATAPE,10783900.0,GUATAPE
2009-06-01,GUATAPE,4972800.0,GUATAPE
2009-06-02,GUATAPE,4506200.0,GUATAPE
2009-06-03,GUATAPE,4642700.0,GUATAPE
2009-06-04,GUATAPE,4547000.0,GUATAPE
2009-06-05,GUATAPE,5486500.0,GUATAPE
2009-06-06,GUATAPE,5478100.0,GUATAPE
2009-06-07,GUATAPE,8661900.0,GUATAPE
2009-06-08,GUATAPE,4886700.0,GUATAPE
2009-06-09,GUATAPE,4333300.0,GUATAPE
2009-06-10,GUATAPE,13574300.0,GUATAPE
2009-06-11,GUATAPE,5532500.0,GUATAPE
2009-06-12,GUATAPE,8107000.0,GUATAPE
2009-06-13,GUATAPE,13812200.0,GUATAPE
2009-06-14,GUATAPE,6860800.0,GUATAPE
2009-06-15,GUATAPE,5687200.0,GUATAPE
2009-06-16,GUATAPE,4554200.0,GUATAPE
2009-06-17,GUATAPE,7329600.0,GUATAPE
2009-06-18,GUATAPE,5827300.0,GUATAPE
2009-06-19,GUATAPE,4014500.0,GUATAPE
2009-06-20,GUATAPE,5101400.0,GUATAPE
2009-06-21,GUATAPE,6311600.0,GUATAPE
2009-06-22,GUATAPE,21475400.0,GUATAPE
2009-06-23,GUATAPE,6231900.0,GUATAPE
2009-06-24,GUATAPE,5462100.0,GUATAPE
2009-06-25,GUATAPE,9763400.0,GUATAPE
2009-06-26,GUATAPE,4982000.0,GUATAPE
2009-06-27,GUATAPE,3687100.0,GUATAPE
2009-06-28,GUATAPE,5013200.0,GUATAPE
2009-06-29,GUATAPE,2664700.0,GUATAPE
2009-06-30,GUATAPE,7783700.0,GUATAPE
2009-07-01,GUATAPE,3816800.0,GUATAPE
2009-07-02,GUATAPE,4020900.0,GUATAPE
2009-07-03,GUATAPE,4460800.0,GUATAPE
2009-07-04,GUATAPE,2277200.0,GUATAPE
2009-07-05,GUATAPE,2343900.0,GUATAPE
2009-07-06,GUATAPE,4574500.0,GUATAPE
2009-07-07,GUATAPE,4237800.0,GUATAPE
2009-07-08,GUATAPE,6000300.0,GUATAPE
2009-07-09,GUATAPE,1318700.0,GUATAPE
2009-07-10,GUATAPE,5990800.0,GUATAPE
2009-07-11,GUATAPE,11337100.0,GUATAPE
2009-07-12,GUATAPE,4083100.0,GUATAPE
2009-07-13,GUATAPE,3667000.0,GUATAPE
2009-07-14,GUATAPE,4072100.0,GUATAPE
2009-07-15,GUATAPE,4307200.0,GUATAPE
2009-07-16,GUATAPE,4153000.0,GUATAPE
2009-07-17,GUATAPE,3887100.0,GUATAPE
2009-07-18,GUATAPE,4009600.0,GUATAPE
2009-07-19,GUATAPE,4097300.0,GUATAPE
2009-07-20,GUATAPE,3790800.0,GUATAPE
2009-07-21,GUATAPE,6786800.0,GUATAPE
2009-07-22,GUATAPE,2692900.0,GUATAPE
2009-07-23,GUATAPE,3999800.0,GUATAPE
2009-07-24,GUATAPE,7156400.0,GUATAPE
2009-07-25,GUATAPE,4858000.0,GUATAPE
2009-07-26,GUATAPE,4322100.0,GUATAPE
2009-07-27,GUATAPE,3334500.0,GUATAPE
2009-07-28,GUATAPE,4351200.0,GUATAPE
2009-07-29,GUATAPE,3603500.0,GUATAPE
2009-07-30,GUATAPE,2703700.0,GUATAPE
2009-07-31,GUATAPE,3641500.0,GUATAPE
2009-08-01,GUATAPE,3896600.0,GUATAPE
2009-08-02,GUATAPE,3374200.0,GUATAPE
2009-08-03,GUATAPE,1798300.0,GUATAPE
2009-08-04,GUATAPE,2099100.0,GUATAPE
2009-08-05,GUATAPE,6587100.0,GUATAPE
2009-08-06,GUATAPE,7321600.0,GUATAPE
2009-08-07,GUATAPE,4303700.0,GUATAPE
2009-08-08,GUATAPE,5588100.0,GUATAPE
2009-08-09,GUATAPE,3278300.0,GUATAPE
2009-08-10,GUATAPE,5537600.0,GUATAPE
2009-08-11,GUATAPE,5312400.0,GUATAPE
2009-08-12,GUATAPE,3941300.0,GUATAPE
2009-08-13,GUATAPE,8102100.0,GUATAPE
2009-08-14,GUATAPE,8585600.0,GUATAPE
2009-08-15,GUATAPE,2288700.0,GUATAPE
2009-08-16,GUATAPE,3207500.0,GUATAPE
2009-08-17,GUATAPE,13444600.0,GUATAPE
2009-08-18,GUATAPE,13035200.0,GUATAPE
2009-08-19,GUATAPE,8657400.0,GUATAPE
2009-08-20,GUATAPE,7874200.0,GUATAPE
2009-08-21,GUATAPE,9223000.0,GUATAPE
2009-08-22,GUATAPE,5647200.0,GUATAPE
2009-08-23,GUATAPE,4861200.0,GUATAPE
2009-08-24,GUATAPE,3315300.0,GUATAPE
2009-08-25,GUATAPE,10802800.0,GUATAPE
2009-08-26,GUATAPE,8789300.0,GUATAPE
2009-08-27,GUATAPE,4156700.0,GUATAPE
2009-08-28,GUATAPE,5479500.0,GUATAPE
2009-08-29,GUATAPE,3698900.0,GUATAPE
2009-08-30,GUATAPE,5492600.0,GUATAPE
2009-08-31,GUATAPE,2342900.0,GUATAPE
2009-09-01,GUATAPE,4922300.0,GUATAPE
2009-09-02,GUATAPE,3309700.0,GUATAPE
2009-09-03,GUATAPE,4939200.0,GUATAPE
2009-09-04,GUATAPE,10427600.0,GUATAPE
2009-09-05,GUATAPE,2789600.0,GUATAPE
2009-09-06,GUATAPE,2351000.0,GUATAPE
2009-09-07,GUATAPE,2327400.0,GUATAPE
2009-09-08,GUATAPE,2461000.0,GUATAPE
2009-09-09,GUATAPE,6750800.0,GUATAPE
2009-09-10,GUATAPE,10431200.0,GUATAPE
2009-09-11,GUATAPE,3965300.0,GUATAPE
2009-09-12,GUATAPE,3234500.0,GUATAPE
2009-09-13,GUATAPE,7558200.0,GUATAPE
2009-09-14,GUATAPE,2820600.0,GUATAPE
2009-09-15,GUATAPE,10670700.0,GUATAPE
2009-09-16,GUATAPE,7794300.0,GUATAPE
2009-09-17,GUATAPE,4284900.0,GUATAPE
2009-09-18,GUATAPE,4119400.0,GUATAPE
2009-09-19,GUATAPE,9257800.0,GUATAPE
2009-09-20,GUATAPE,5890000.0,GUATAPE
2009-09-21,GUATAPE,7103400.0,GUATAPE
2009-09-22,GUATAPE,9950600.0,GUATAPE
2009-09-23,GUATAPE,4565700.0,GUATAPE
2009-09-24,GUATAPE,4034400.0,GUATAPE
2009-09-25,GUATAPE,4333400.0,GUATAPE
2009-09-26,GUATAPE,5170800.0,GUATAPE
2009-09-27,GUATAPE,2725500.0,GUATAPE
2009-09-28,GUATAPE,3773800.0,GUATAPE
2009-09-29,GUATAPE,4399000.0,GUATAPE
2009-09-30,GUATAPE,3307700.0,GUATAPE
2009-10-01,GUATAPE,2686500.0,GUATAPE
2009-10-02,GUATAPE,4035100.0,GUATAPE
2009-10-03,GUATAPE,4568600.0,GUATAPE
2009-10-04,GUATAPE,2578400.0,GUATAPE
2009-10-05,GUATAPE,3314800.0,GUATAPE
2009-10-06,GUATAPE,3075600.0,GUATAPE
2009-10-07,GUATAPE,6762300.0,GUATAPE
2009-10-08,GUATAPE,4991200.0,GUATAPE
2009-10-09,GUATAPE,5247800.0,GUATAPE
2009-10-10,GUATAPE,3700100.0,GUATAPE
2009-10-11,GUATAPE,9688400.0,GUATAPE
2009-10-12,GUATAPE,9625700.0,GUATAPE
2009-10-13,GUATAPE,4148800.0,GUATAPE
2009-10-14,GUATAPE,11291500.0,GUATAPE
2009-10-15,GUATAPE,13398900.0,GUATAPE
2009-10-16,GUATAPE,4897700.0,GUATAPE
2009-10-17,GUATAPE,4900000.0,GUATAPE
2009-10-18,GUATAPE,13202500.0,GUATAPE
2009-10-19,GUATAPE,6903000.0,GUATAPE
2009-10-20,GUATAPE,5692300.0,GUATAPE
2009-10-21,GUATAPE,5784900.0,GUATAPE
2009-10-22,GUATAPE,6019200.0,GUATAPE
2009-10-23,GUATAPE,5185800.0,GUATAPE
2009-10-24,GUATAPE,9828100.0,GUATAPE
2009-10-25,GUATAPE,4629900.0,GUATAPE
2009-10-26,GUATAPE,3226600.0,GUATAPE
2009-10-27,GUATAPE,3320500.0,GUATAPE
2009-10-28,GUATAPE,8564500.0,GUATAPE
2009-10-29,GUATAPE,10094800.0,GUATAPE
2009-10-30,GUATAPE,6748600.0,GUATAPE
2009-10-31,GUATAPE,3976300.0,GUATAPE
2009-11-01,GUATAPE,5272700.0,GUATAPE
2009-11-02,GUATAPE,3710100.0,GUATAPE
2009-11-03,GUATAPE,2256400.0,GUATAPE
2009-11-04,GUATAPE,2521300.0,GUATAPE
2009-11-05,GUATAPE,6641900.0,GUATAPE
2009-11-06,GUATAPE,6500800.0,GUATAPE
2009-11-07,GUATAPE,7749000.0,GUATAPE
2009-11-08,GUATAPE,12321800.0,GUATAPE
2009-11-09,GUATAPE,11636100.0,GUATAPE
2009-11-10,GUATAPE,10440600.0,GUATAPE
2009-11-11,GUATAPE,4738200.0,GUATAPE
2009-11-12,GUATAPE,5693700.0,GUATAPE
2009-11-13,GUATAPE,3824100.0,GUATAPE
2009-11-14,GUATAPE,5683900.0,GUATAPE
2009-11-15,GUATAPE,2931600.0,GUATAPE
2009-11-16,GUATAPE,4414800.0,GUATAPE
2009-11-17,GUATAPE,4752000.0,GUATAPE
2009-11-18,GUATAPE,10408000.0,GUATAPE
2009-11-19,GUATAPE,5420000.0,GUATAPE
2009-11-20,GUATAPE,4575800.0,GUATAPE
2009-11-21,GUATAPE,3993700.0,GUATAPE
2009-11-22,GUATAPE,7698200.0,GUATAPE
2009-11-23,GUATAPE,5240200.0,GUATAPE
2009-11-24,GUATAPE,6283100.0,GUATAPE
2009-11-25,GUATAPE,2642100.0,GUATAPE
2009-11-26,GUATAPE,3758900.0,GUATAPE
2009-11-27,GUATAPE,4436000.0,GUATAPE
2009-11-28,GUATAPE,6293500.0,GUATAPE
2009-11-29,GUATAPE,5439100.0,GUATAPE
2009-11-30,GUATAPE,2970800.0,GUATAPE
2009-12-01,GUATAPE,3156900.0,GUATAPE
2009-12-02,GUATAPE,3909600.0,GUATAPE
2009-12-03,GUATAPE,4055000.0,GUATAPE
2009-12-04,GUATAPE,3724600.0,GUATAPE
2009-12-05,GUATAPE,4065700.0,GUATAPE
2009-12-06,GUATAPE,2016300.0,GUATAPE
2009-12-07,GUATAPE,2254600.0,GUATAPE
2009-12-08,GUATAPE,1821100.0,GUATAPE
2009-12-09,GUATAPE,3806500.0,GUATAPE
2009-12-10,GUATAPE,5281900.0,GUATAPE
2009-12-11,GUATAPE,6837900.0,GUATAPE
2009-12-12,GUATAPE,6549800.0,GUATAPE
2009-12-13,GUATAPE,3647300.0,GUATAPE
2009-12-14,GUATAPE,3929300.0,GUATAPE
2009-12-15,GUATAPE,5423600.0,GUATAPE
2009-12-16,GUATAPE,2931900.0,GUATAPE
2009-12-17,GUATAPE,2975300.0,GUATAPE
2009-12-18,GUATAPE,6201700.0,GUATAPE
2009-12-19,GUATAPE,17801400.0,GUATAPE
2009-12-20,GUATAPE,4921700.0,GUATAPE
2009-12-21,GUATAPE,3605900.0,GUATAPE
2009-12-22,GUATAPE,5496800.0,GUATAPE
2009-12-23,GUATAPE,11416400.0,GUATAPE
2009-12-24,GUATAPE,2257000.0,GUATAPE
2009-12-25,GUATAPE,7081100.0,GUATAPE
2009-12-26,GUATAPE,3651200.0,GUATAPE
2009-12-27,GUATAPE,5137800.0,GUATAPE
2009-12-28,GUATAPE,2970100.0,GUATAPE
2009-12-29,GUATAPE,2870400.0,GUATAPE
2009-12-30,GUATAPE,2330700.0,GUATAPE
2009-12-31,GUATAPE,1992500.0,GUATAPE
2010-01-01,GUATAPE,5193000.0,GUATAPE
2010-01-02,GUATAPE,2547400.0,GUATAPE
2010-01-03,GUATAPE,2578700.0,GUATAPE
2010-01-04,GUATAPE,1556200.0,GUATAPE
2010-01-05,GUATAPE,2004300.0,GUATAPE
2010-01-06,GUATAPE,2169800.0,GUATAPE
2010-01-07,GUATAPE,2573700.0,GUATAPE
2010-01-08,GUATAPE,2170400.0,GUATAPE
2010-01-09,GUATAPE,2360200.0,GUATAPE
2010-01-10,GUATAPE,2052800.0,GUATAPE
2010-01-11,GUATAPE,2161600.0,GUATAPE
2010-01-12,GUATAPE,3033600.0,GUATAPE
2010-01-13,GUATAPE,3216900.0,GUATAPE
2010-01-14,GUATAPE,2651300.0,GUATAPE
2010-01-15,GUATAPE,1354700.0,GUATAPE
2010-01-16,GUATAPE,1205000.0,GUATAPE
2010-01-17,GUATAPE,2895600.0,GUATAPE
2010-01-18,GUATAPE,2122700.0,GUATAPE
2010-01-19,GUATAPE,2580400.0,GUATAPE
2010-01-20,GUATAPE,2524300.0,GUATAPE
2010-01-21,GUATAPE,1291700.0,GUATAPE
2010-01-22,GUATAPE,2795400.0,GUATAPE
2010-01-23,GUATAPE,3270500.0,GUATAPE
2010-01-24,GUATAPE,2064500.0,GUATAPE
2010-01-25,GUATAPE,2228000.0,GUATAPE
2010-01-26,GUATAPE,2680300.0,GUATAPE
2010-01-27,GUATAPE,2663700.0,GUATAPE
2010-01-28,GUATAPE,2526400.0,GUATAPE
2010-01-29,GUATAPE,1433400.0,GUATAPE
2010-01-30,GUATAPE,1668700.0,GUATAPE
2010-01-31,GUATAPE,1895600.0,GUATAPE
2010-02-01,GUATAPE,3129600.0,GUATAPE
2010-02-02,GUATAPE,1628000.0,GUATAPE
2010-02-03,GUATAPE,2983300.0,GUATAPE
2010-02-04,GUATAPE,570100.0,GUATAPE
2010-02-05,GUATAPE,2785900.0,GUATAPE
2010-02-06,GUATAPE,2197600.0,GUATAPE
2010-02-07,GUATAPE,2178800.0,GUATAPE
2010-02-08,GUATAPE,2306200.0,GUATAPE
2010-02-09,GUATAPE,2699000.0,GUATAPE
2010-02-10,GUATAPE,871100.0,GUATAPE
2010-02-11,GUATAPE,1901400.0,GUATAPE
2010-02-12,GUATAPE,2435700.0,GUATAPE
2010-02-13,GUATAPE,1178300.0,GUATAPE
2010-02-14,GUATAPE,1491800.0,GUATAPE
2010-02-15,GUATAPE,727200.0,GUATAPE
2010-02-16,GUATAPE,3067800.0,GUATAPE
2010-02-17,GUATAPE,1585900.0,GUATAPE
2010-02-18,GUATAPE,1573000.0,GUATAPE
2010-02-19,GUATAPE,1430500.0,GUATAPE
2010-02-20,GUATAPE,2673700.0,GUATAPE
2010-02-21,GUATAPE,224700.0,GUATAPE
2010-02-22,GUATAPE,2976000.0,GUATAPE
2010-02-23,GUATAPE,2017000.0,GUATAPE
2010-02-24,GUATAPE,2031100.0,GUATAPE
2010-02-25,GUATAPE,3873900.0,GUATAPE
2010-02-26,GUATAPE,1390300.0,GUATAPE
2010-02-27,GUATAPE,2587500.0,GUATAPE
2010-02-28,GUATAPE,1808700.0,GUATAPE
2010-03-01,GUATAPE,1946200.0,GUATAPE
2010-03-02,GUATAPE,2452500.0,GUATAPE
2010-03-03,GUATAPE,4144300.0,GUATAPE
2010-03-04,GUATAPE,1196100.0,GUATAPE
2010-03-05,GUATAPE,2972100.0,GUATAPE
2010-03-06,GUATAPE,2206400.0,GUATAPE
2010-03-07,GUATAPE,2505800.0,GUATAPE
2010-03-08,GUATAPE,2399100.0,GUATAPE
2010-03-09,GUATAPE,6256700.0,GUATAPE
2010-03-10,GUATAPE,3322300.0,GUATAPE
2010-03-11,GUATAPE,2790800.0,GUATAPE
2010-03-12,GUATAPE,2515000.0,GUATAPE
2010-03-13,GUATAPE,2246100.0,GUATAPE
2010-03-14,GUATAPE,1758100.0,GUATAPE
2010-03-15,GUATAPE,2538600.0,GUATAPE
2010-03-16,GUATAPE,2892500.0,GUATAPE
2010-03-17,GUATAPE,3857100.0,GUATAPE
2010-03-18,GUATAPE,1373700.0,GUATAPE
2010-03-19,GUATAPE,6027700.0,GUATAPE
2010-03-20,GUATAPE,3237900.0,GUATAPE
2010-03-21,GUATAPE,1604000.0,GUATAPE
2010-03-22,GUATAPE,2490200.0,GUATAPE
2010-03-23,GUATAPE,1661100.0,GUATAPE
2010-03-24,GUATAPE,2560700.0,GUATAPE
2010-03-25,GUATAPE,2767600.0,GUATAPE
2010-03-26,GUATAPE,3888000.0,GUATAPE
2010-03-27,GUATAPE,2756200.0,GUATAPE
2010-03-28,GUATAPE,2418400.0,GUATAPE
2010-03-29,GUATAPE,2740900.0,GUATAPE
2010-03-30,GUATAPE,8091100.0,GUATAPE
2010-03-31,GUATAPE,3411700.0,GUATAPE
2010-04-01,GUATAPE,2425900.0,GUATAPE
2010-04-02,GUATAPE,4018500.0,GUATAPE
2010-04-03,GUATAPE,5340300.0,GUATAPE
2010-04-04,GUATAPE,4150900.0,GUATAPE
2010-04-05,GUATAPE,4672500.0,GUATAPE
2010-04-06,GUATAPE,2941000.0,GUATAPE
2010-04-07,GUATAPE,2733500.0,GUATAPE
2010-04-08,GUATAPE,2537900.0,GUATAPE
2010-04-09,GUATAPE,5776500.0,GUATAPE
2010-04-10,GUATAPE,7850400.0,GUATAPE
2010-04-11,GUATAPE,5648500.0,GUATAPE
2010-04-12,GUATAPE,7279200.0,GUATAPE
2010-04-13,GUATAPE,5482200.0,GUATAPE
2010-04-14,GUATAPE,4874200.0,GUATAPE
2010-04-15,GUATAPE,3364200.0,GUATAPE
2010-04-16,GUATAPE,3772600.0,GUATAPE
2010-04-17,GUATAPE,2331700.0,GUATAPE
2010-04-18,GUATAPE,1286300.0,GUATAPE
2010-04-19,GUATAPE,1794100.0,GUATAPE
2010-04-20,GUATAPE,2324000.0,GUATAPE
2010-04-21,GUATAPE,3048800.0,GUATAPE
2010-04-22,GUATAPE,2086800.0,GUATAPE
2010-04-23,GUATAPE,2087400.0,GUATAPE
2010-04-24,GUATAPE,3287800.0,GUATAPE
2010-04-25,GUATAPE,3392200.0,GUATAPE
2010-04-26,GUATAPE,4197600.0,GUATAPE
2010-04-27,GUATAPE,11134600.0,GUATAPE
2010-04-28,GUATAPE,11538600.0,GUATAPE
2010-04-29,GUATAPE,11255800.0,GUATAPE
2010-04-30,GUATAPE,5287500.0,GUATAPE
2010-05-01,GUATAPE,5464500.0,GUATAPE
2010-05-02,GUATAPE,9863600.0,GUATAPE
2010-05-03,GUATAPE,6080700.0,GUATAPE
2010-05-04,GUATAPE,4713400.0,GUATAPE
2010-05-05,GUATAPE,13015600.0,GUATAPE
2010-05-06,GUATAPE,6320000.0,GUATAPE
2010-05-07,GUATAPE,6785900.0,GUATAPE
2010-05-08,GUATAPE,11642500.0,GUATAPE
2010-05-09,GUATAPE,5007900.0,GUATAPE
2010-05-10,GUATAPE,5388200.0,GUATAPE
2010-05-11,GUATAPE,17758600.0,GUATAPE
2010-05-12,GUATAPE,5157500.0,GUATAPE
2010-05-13,GUATAPE,3559700.0,GUATAPE
2010-05-14,GUATAPE,5578800.0,GUATAPE
2010-05-15,GUATAPE,4940400.0,GUATAPE
2010-05-16,GUATAPE,4435900.0,GUATAPE
2010-05-17,GUATAPE,4925800.0,GUATAPE
2010-05-18,GUATAPE,7017300.0,GUATAPE
2010-05-19,GUATAPE,7522900.0,GUATAPE
2010-05-20,GUATAPE,9653800.0,GUATAPE
2010-05-21,GUATAPE,5361800.0,GUATAPE
2010-05-22,GUATAPE,5287700.0,GUATAPE
2010-05-23,GUATAPE,12039500.0,GUATAPE
2010-05-24,GUATAPE,7352700.0,GUATAPE
2010-05-25,GUATAPE,7868900.0,GUATAPE
2010-05-26,GUATAPE,7242200.0,GUATAPE
2010-05-27,GUATAPE,10372000.0,GUATAPE
2010-05-28,GUATAPE,6284500.0,GUATAPE
2010-05-29,GUATAPE,4102400.0,GUATAPE
2010-05-30,GUATAPE,6937000.0,GUATAPE
2010-05-31,GUATAPE,12570800.0,GUATAPE
2010-06-01,GUATAPE,7938800.0,GUATAPE
2010-06-02,GUATAPE,13364100.0,GUATAPE
2010-06-03,GUATAPE,8584000.0,GUATAPE
2010-06-04,GUATAPE,8226200.0,GUATAPE
2010-06-05,GUATAPE,4693900.0,GUATAPE
2010-06-06,GUATAPE,3845600.0,GUATAPE
2010-06-07,GUATAPE,4023300.0,GUATAPE
2010-06-08,GUATAPE,5400900.0,GUATAPE
2010-06-09,GUATAPE,8184700.0,GUATAPE
2010-06-10,GUATAPE,4460400.0,GUATAPE
2010-06-11,GUATAPE,9677100.0,GUATAPE
2010-06-12,GUATAPE,4403500.0,GUATAPE
2010-06-13,GUATAPE,4989400.0,GUATAPE
2010-06-14,GUATAPE,16285000.0,GUATAPE
2010-06-15,GUATAPE,4462600.0,GUATAPE
2010-06-16,GUATAPE,5892100.0,GUATAPE
2010-06-17,GUATAPE,5421900.0,GUATAPE
2010-06-18,GUATAPE,5421900.0,GUATAPE
2010-06-19,GUATAPE,7411800.0,GUATAPE
2010-06-20,GUATAPE,8140300.0,GUATAPE
2010-06-21,GUATAPE,6545800.0,GUATAPE
2010-06-22,GUATAPE,4073700.0,GUATAPE
2010-06-23,GUATAPE,3871400.0,GUATAPE
2010-06-24,GUATAPE,10920100.0,GUATAPE
2010-06-25,GUATAPE,11901700.0,GUATAPE
2010-06-26,GUATAPE,7219400.0,GUATAPE
2010-06-27,GUATAPE,5783600.0,GUATAPE
2010-06-28,GUATAPE,7374400.0,GUATAPE
2010-06-29,GUATAPE,5645300.0,GUATAPE
2010-06-30,GUATAPE,4246700.0,GUATAPE
2010-07-01,GUATAPE,4448700.0,GUATAPE
2010-07-02,GUATAPE,4318100.0,GUATAPE
2010-07-03,GUATAPE,7987500.0,GUATAPE
2010-07-04,GUATAPE,6446600.0,GUATAPE
2010-07-05,GUATAPE,5304800.0,GUATAPE
2010-07-06,GUATAPE,6509600.0,GUATAPE
2010-07-07,GUATAPE,9198600.0,GUATAPE
2010-07-08,GUATAPE,6466700.0,GUATAPE
2010-07-09,GUATAPE,4870300.0,GUATAPE
2010-07-10,GUATAPE,7342500.0,GUATAPE
2010-07-11,GUATAPE,10765600.0,GUATAPE
2010-07-12,GUATAPE,5197400.0,GUATAPE
2010-07-13,GUATAPE,8025900.0,GUATAPE
2010-07-14,GUATAPE,9778600.0,GUATAPE
2010-07-15,GUATAPE,9134900.0,GUATAPE
2010-07-16,GUATAPE,6413900.0,GUATAPE
2010-07-17,GUATAPE,7048000.0,GUATAPE
2010-07-18,GUATAPE,5638200.0,GUATAPE
2010-07-19,GUATAPE,3836600.0,GUATAPE
2010-07-20,GUATAPE,13908300.0,GUATAPE
2010-07-21,GUATAPE,16628500.0,GUATAPE
2010-07-22,GUATAPE,6093900.0,GUATAPE
2010-07-23,GUATAPE,4854500.0,GUATAPE
2010-07-24,GUATAPE,4503000.0,GUATAPE
2010-07-25,GUATAPE,3797900.0,GUATAPE
2010-07-26,GUATAPE,5211300.0,GUATAPE
2010-07-27,GUATAPE,3797000.0,GUATAPE
2010-07-28,GUATAPE,4377000.0,GUATAPE
2010-07-29,GUATAPE,3554000.0,GUATAPE
2010-07-30,GUATAPE,9282600.0,GUATAPE
2010-07-31,GUATAPE,8302900.0,GUATAPE
2010-08-01,GUATAPE,12171500.0,GUATAPE
2010-08-02,GUATAPE,5463200.0,GUATAPE
2010-08-03,GUATAPE,5068500.0,GUATAPE
2010-08-04,GUATAPE,11618200.0,GUATAPE
2010-08-05,GUATAPE,4668500.0,GUATAPE
2010-08-06,GUATAPE,3601000.0,GUATAPE
2010-08-07,GUATAPE,4384300.0,GUATAPE
2010-08-08,GUATAPE,3917400.0,GUATAPE
2010-08-09,GUATAPE,8913900.0,GUATAPE
2010-08-10,GUATAPE,5029300.0,GUATAPE
2010-08-11,GUATAPE,5359800.0,GUATAPE
2010-08-12,GUATAPE,3801300.0,GUATAPE
2010-08-13,GUATAPE,3323800.0,GUATAPE
2010-08-14,GUATAPE,6074100.0,GUATAPE
2010-08-15,GUATAPE,4300600.0,GUATAPE
2010-08-16,GUATAPE,5148700.0,GUATAPE
2010-08-17,GUATAPE,7635600.0,GUATAPE
2010-08-18,GUATAPE,13635200.0,GUATAPE
2010-08-19,GUATAPE,5077000.0,GUATAPE
2010-08-20,GUATAPE,9804600.0,GUATAPE
2010-08-21,GUATAPE,5059400.0,GUATAPE
2010-08-22,GUATAPE,3600600.0,GUATAPE
2010-08-23,GUATAPE,5334500.0,GUATAPE
2010-08-24,GUATAPE,12649000.0,GUATAPE
2010-08-25,GUATAPE,13443900.0,GUATAPE
2010-08-26,GUATAPE,6436300.0,GUATAPE
2010-08-27,GUATAPE,12532700.0,GUATAPE
2010-08-28,GUATAPE,21349100.0,GUATAPE
2010-08-29,GUATAPE,16941700.0,GUATAPE
2010-08-30,GUATAPE,8570600.0,GUATAPE
2010-08-31,GUATAPE,12087500.0,GUATAPE
2010-09-01,GUATAPE,10494000.0,GUATAPE
2010-09-02,GUATAPE,9587800.0,GUATAPE
2010-09-03,GUATAPE,7719300.0,GUATAPE
2010-09-04,GUATAPE,9796600.0,GUATAPE
2010-09-05,GUATAPE,8952000.0,GUATAPE
2010-09-06,GUATAPE,8695500.0,GUATAPE
2010-09-07,GUATAPE,15630600.0,GUATAPE
2010-09-08,GUATAPE,6940900.0,GUATAPE
2010-09-09,GUATAPE,5744600.0,GUATAPE
2010-09-10,GUATAPE,4519800.0,GUATAPE
2010-09-11,GUATAPE,9768200.0,GUATAPE
2010-09-12,GUATAPE,7131900.0,GUATAPE
2010-09-13,GUATAPE,6445300.0,GUATAPE
2010-09-14,GUATAPE,7025100.0,GUATAPE
2010-09-15,GUATAPE,5900800.0,GUATAPE
2010-09-16,GUATAPE,8898000.0,GUATAPE
2010-09-17,GUATAPE,10285800.0,GUATAPE
2010-09-18,GUATAPE,8922800.0,GUATAPE
2010-09-19,GUATAPE,11967900.0,GUATAPE
2010-09-20,GUATAPE,12626800.0,GUATAPE
2010-09-21,GUATAPE,12937700.0,GUATAPE
2010-09-22,GUATAPE,8853300.0,GUATAPE
2010-09-23,GUATAPE,15991800.0,GUATAPE
2010-09-24,GUATAPE,6796000.0,GUATAPE
2010-09-25,GUATAPE,9129200.0,GUATAPE
2010-09-26,GUATAPE,11815300.0,GUATAPE
2010-09-27,GUATAPE,22403300.0,GUATAPE
2010-09-28,GUATAPE,7393600.0,GUATAPE
2010-09-29,GUATAPE,9776200.0,GUATAPE
2010-09-30,GUATAPE,9113700.0,GUATAPE
2010-10-01,GUATAPE,6271600.0,GUATAPE
2010-10-02,GUATAPE,7330100.0,GUATAPE
2010-10-03,GUATAPE,8642400.0,GUATAPE
2010-10-04,GUATAPE,15709600.0,GUATAPE
2010-10-05,GUATAPE,8952600.0,GUATAPE
2010-10-06,GUATAPE,9791300.0,GUATAPE
2010-10-07,GUATAPE,10702600.0,GUATAPE
2010-10-08,GUATAPE,20708000.0,GUATAPE
2010-10-09,GUATAPE,8489800.0,GUATAPE
2010-10-10,GUATAPE,5986500.0,GUATAPE
2010-10-11,GUATAPE,4368900.0,GUATAPE
2010-10-12,GUATAPE,6499900.0,GUATAPE
2010-10-13,GUATAPE,5751200.0,GUATAPE
2010-10-14,GUATAPE,9700700.0,GUATAPE
2010-10-15,GUATAPE,14325300.0,GUATAPE
2010-10-16,GUATAPE,12226700.0,GUATAPE
2010-10-17,GUATAPE,6634000.0,GUATAPE
2010-10-18,GUATAPE,6741500.0,GUATAPE
2010-10-19,GUATAPE,8618400.0,GUATAPE
2010-10-20,GUATAPE,6482300.0,GUATAPE
2010-10-21,GUATAPE,5599000.0,GUATAPE
2010-10-22,GUATAPE,7862100.0,GUATAPE
2010-10-23,GUATAPE,15418100.0,GUATAPE
2010-10-24,GUATAPE,9661800.0,GUATAPE
2010-10-25,GUATAPE,6277100.0,GUATAPE
2010-10-26,GUATAPE,7106400.0,GUATAPE
2010-10-27,GUATAPE,8154400.0,GUATAPE
2010-10-28,GUATAPE,9637500.0,GUATAPE
2010-10-29,GUATAPE,11037500.0,GUATAPE
2010-10-30,GUATAPE,12068300.0,GUATAPE
2010-10-31,GUATAPE,12257900.0,GUATAPE
2010-11-01,GUATAPE,11824100.0,GUATAPE
2010-11-02,GUATAPE,13746000.0,GUATAPE
2010-11-03,GUATAPE,5153400.0,GUATAPE
2010-11-04,GUATAPE,8023800.0,GUATAPE
2010-11-05,GUATAPE,8844000.0,GUATAPE
2010-11-06,GUATAPE,12177100.0,GUATAPE
2010-11-07,GUATAPE,14284400.0,GUATAPE
2010-11-08,GUATAPE,16317900.0,GUATAPE
2010-11-09,GUATAPE,12192900.0,GUATAPE
2010-11-10,GUATAPE,7445000.0,GUATAPE
2010-11-11,GUATAPE,10572300.0,GUATAPE
2010-11-12,GUATAPE,18075400.0,GUATAPE
2010-11-13,GUATAPE,17239700.0,GUATAPE
2010-11-14,GUATAPE,11185000.0,GUATAPE
2010-11-15,GUATAPE,7279000.0,GUATAPE
2010-11-16,GUATAPE,17920600.0,GUATAPE
2010-11-17,GUATAPE,8546100.0,GUATAPE
2010-11-18,GUATAPE,7571300.0,GUATAPE
2010-11-19,GUATAPE,9081600.0,GUATAPE
2010-11-20,GUATAPE,8264000.0,GUATAPE
2010-11-21,GUATAPE,7863900.0,GUATAPE
2010-11-22,GUATAPE,5651200.0,GUATAPE
2010-11-23,GUATAPE,8605400.0,GUATAPE
2010-11-24,GUATAPE,17633500.0,GUATAPE
2010-11-25,GUATAPE,9154500.0,GUATAPE
2010-11-26,GUATAPE,8416300.0,GUATAPE
2010-11-27,GUATAPE,10476400.0,GUATAPE
2010-11-28,GUATAPE,10102400.0,GUATAPE
2010-11-29,GUATAPE,21109200.0,GUATAPE
2010-11-30,GUATAPE,12771200.0,GUATAPE
2010-12-01,GUATAPE,7779600.0,GUATAPE
2010-12-02,GUATAPE,10401400.0,GUATAPE
2010-12-03,GUATAPE,12534600.0,GUATAPE
2010-12-04,GUATAPE,9020900.0,GUATAPE
2010-12-05,GUATAPE,8015000.0,GUATAPE
2010-12-06,GUATAPE,7094000.0,GUATAPE
2010-12-07,GUATAPE,7094000.0,GUATAPE
2010-12-08,GUATAPE,6411700.0,GUATAPE
2010-12-09,GUATAPE,13781800.0,GUATAPE
2010-12-10,GUATAPE,16942400.0,GUATAPE
2010-12-11,GUATAPE,7167200.0,GUATAPE
2010-12-12,GUATAPE,7532600.0,GUATAPE
2010-12-13,GUATAPE,8981800.0,GUATAPE
2010-12-14,GUATAPE,8409500.0,GUATAPE
2010-12-15,GUATAPE,7651300.0,GUATAPE
2010-12-16,GUATAPE,5381400.0,GUATAPE
2010-12-17,GUATAPE,6435600.0,GUATAPE
2010-12-18,GUATAPE,7082800.0,GUATAPE
2010-12-19,GUATAPE,8095800.0,GUATAPE
2010-12-20,GUATAPE,6961600.0,GUATAPE
2010-12-21,GUATAPE,6808200.0,GUATAPE
2010-12-22,GUATAPE,5682600.0,GUATAPE
2010-12-23,GUATAPE,6300200.0,GUATAPE
2010-12-24,GUATAPE,6597000.0,GUATAPE
2010-12-25,GUATAPE,6534900.0,GUATAPE
2010-12-26,GUATAPE,11694800.0,GUATAPE
2010-12-27,GUATAPE,6767100.0,GUATAPE
2010-12-28,GUATAPE,7895500.0,GUATAPE
2010-12-29,GUATAPE,6094400.0,GUATAPE
2010-12-30,GUATAPE,6077600.0,GUATAPE
2010-12-31,GUATAPE,2554600.0,GUATAPE
2011-01-01,GUATAPE,11748400.0,GUATAPE
2011-01-02,GUATAPE,13228000.0,GUATAPE
2011-01-03,GUATAPE,5877200.0,GUATAPE
2011-01-04,GUATAPE,8140600.0,GUATAPE
2011-01-05,GUATAPE,2791500.0,GUATAPE
2011-01-06,GUATAPE,5750000.0,GUATAPE
2011-01-07,GUATAPE,12405300.0,GUATAPE
2011-01-08,GUATAPE,7201600.0,GUATAPE
2011-01-09,GUATAPE,6597000.0,GUATAPE
2011-01-10,GUATAPE,5554300.0,GUATAPE
2011-01-11,GUATAPE,5096200.0,GUATAPE
2011-01-12,GUATAPE,6131800.0,GUATAPE
2011-01-13,GUATAPE,5548400.0,GUATAPE
2011-01-14,GUATAPE,5141900.0,GUATAPE
2011-01-15,GUATAPE,6425900.0,GUATAPE
2011-01-16,GUATAPE,10973900.0,GUATAPE
2011-01-17,GUATAPE,7546900.0,GUATAPE
2011-01-18,GUATAPE,4653000.0,GUATAPE
2011-01-19,GUATAPE,4917000.0,GUATAPE
2011-01-20,GUATAPE,4128400.0,GUATAPE
2011-01-21,GUATAPE,2983300.0,GUATAPE
2011-01-22,GUATAPE,2721400.0,GUATAPE
2011-01-23,GUATAPE,2546900.0,GUATAPE
2011-01-24,GUATAPE,3637000.0,GUATAPE
2011-01-25,GUATAPE,3000100.0,GUATAPE
2011-01-26,GUATAPE,5165300.0,GUATAPE
2011-01-27,GUATAPE,5165300.0,GUATAPE
2011-01-28,GUATAPE,2703900.0,GUATAPE
2011-01-29,GUATAPE,4063200.0,GUATAPE
2011-01-30,GUATAPE,4367300.0,GUATAPE
2011-01-31,GUATAPE,5795000.0,GUATAPE
2011-02-01,GUATAPE,4211900.0,GUATAPE
2011-02-02,GUATAPE,3701300.0,GUATAPE
2011-02-03,GUATAPE,4330300.0,GUATAPE
2011-02-04,GUATAPE,4070800.0,GUATAPE
2011-02-05,GUATAPE,2684900.0,GUATAPE
2011-02-06,GUATAPE,6814800.0,GUATAPE
2011-02-07,GUATAPE,6347700.0,GUATAPE
2011-02-08,GUATAPE,3591300.0,GUATAPE
2011-02-09,GUATAPE,5538200.0,GUATAPE
2011-02-10,GUATAPE,4741100.0,GUATAPE
2011-02-11,GUATAPE,4031100.0,GUATAPE
2011-02-12,GUATAPE,4902500.0,GUATAPE
2011-02-13,GUATAPE,7820300.0,GUATAPE
2011-02-14,GUATAPE,6223800.0,GUATAPE
2011-02-15,GUATAPE,5488300.0,GUATAPE
2011-02-16,GUATAPE,3995600.0,GUATAPE
2011-02-17,GUATAPE,4366200.0,GUATAPE
2011-02-18,GUATAPE,3184100.0,GUATAPE
2011-02-19,GUATAPE,6741800.0,GUATAPE
2011-02-20,GUATAPE,5737100.0,GUATAPE
2011-02-21,GUATAPE,5012900.0,GUATAPE
2011-02-22,GUATAPE,6210900.0,GUATAPE
2011-02-23,GUATAPE,7118100.0,GUATAPE
2011-02-24,GUATAPE,5548200.0,GUATAPE
2011-02-25,GUATAPE,4461400.0,GUATAPE
2011-02-26,GUATAPE,4507200.0,GUATAPE
2011-02-27,GUATAPE,4333600.0,GUATAPE
2011-02-28,GUATAPE,5372700.0,GUATAPE
2011-03-01,GUATAPE,9255600.0,GUATAPE
2011-03-02,GUATAPE,8147600.0,GUATAPE
2011-03-03,GUATAPE,8168600.0,GUATAPE
2011-03-04,GUATAPE,7093200.0,GUATAPE
2011-03-05,GUATAPE,7815700.0,GUATAPE
2011-03-06,GUATAPE,8418600.0,GUATAPE
2011-03-07,GUATAPE,8788000.0,GUATAPE
2011-03-08,GUATAPE,7274100.0,GUATAPE
2011-03-09,GUATAPE,8531000.0,GUATAPE
2011-03-10,GUATAPE,5556200.0,GUATAPE
2011-03-11,GUATAPE,3568400.0,GUATAPE
2011-03-12,GUATAPE,5227400.0,GUATAPE
2011-03-13,GUATAPE,4441200.0,GUATAPE
2011-03-14,GUATAPE,4686800.0,GUATAPE
2011-03-15,GUATAPE,4719900.0,GUATAPE
2011-03-16,GUATAPE,5136800.0,GUATAPE
2011-03-17,GUATAPE,6111200.0,GUATAPE
2011-03-18,GUATAPE,11323000.0,GUATAPE
2011-03-19,GUATAPE,9105600.0,GUATAPE
2011-03-20,GUATAPE,14391400.0,GUATAPE
2011-03-21,GUATAPE,10755600.0,GUATAPE
2011-03-22,GUATAPE,6551900.0,GUATAPE
2011-03-23,GUATAPE,10842800.0,GUATAPE
2011-03-24,GUATAPE,12978500.0,GUATAPE
2011-03-25,GUATAPE,19939600.0,GUATAPE
2011-03-26,GUATAPE,14931800.0,GUATAPE
2011-03-27,GUATAPE,6320700.0,GUATAPE
2011-03-28,GUATAPE,7083200.0,GUATAPE
2011-03-29,GUATAPE,8633400.0,GUATAPE
2011-03-30,GUATAPE,6074400.0,GUATAPE
2011-03-31,GUATAPE,5901800.0,GUATAPE
2011-04-01,GUATAPE,5439600.0,GUATAPE
2011-04-02,GUATAPE,5468100.0,GUATAPE
2011-04-03,GUATAPE,5440100.0,GUATAPE
2011-04-04,GUATAPE,5553000.0,GUATAPE
2011-04-05,GUATAPE,5980900.0,GUATAPE
2011-04-06,GUATAPE,8714500.0,GUATAPE
2011-04-07,GUATAPE,6408600.0,GUATAPE
2011-04-08,GUATAPE,6408600.0,GUATAPE
2011-04-09,GUATAPE,9412300.0,GUATAPE
2011-04-10,GUATAPE,10995600.0,GUATAPE
2011-04-11,GUATAPE,8582600.0,GUATAPE
2011-04-12,GUATAPE,13354100.0,GUATAPE
2011-04-13,GUATAPE,15496700.0,GUATAPE
2011-04-14,GUATAPE,9822400.0,GUATAPE
2011-04-15,GUATAPE,18119100.0,GUATAPE
2011-04-16,GUATAPE,13958200.0,GUATAPE
2011-04-17,GUATAPE,9824400.0,GUATAPE
2011-04-18,GUATAPE,20136100.0,GUATAPE
2011-04-19,GUATAPE,13416600.0,GUATAPE
2011-04-20,GUATAPE,12362000.0,GUATAPE
2011-04-21,GUATAPE,19031500.0,GUATAPE
2011-04-22,GUATAPE,20316700.0,GUATAPE
2011-04-23,GUATAPE,12395900.0,GUATAPE
2011-04-24,GUATAPE,11368500.0,GUATAPE
2011-04-25,GUATAPE,12238100.0,GUATAPE
2011-04-26,GUATAPE,9692500.0,GUATAPE
2011-04-27,GUATAPE,9736300.0,GUATAPE
2011-04-28,GUATAPE,11262300.0,GUATAPE
2011-04-29,GUATAPE,10972700.0,GUATAPE
2011-04-30,GUATAPE,9354200.0,GUATAPE
2011-05-01,GUATAPE,9803900.0,GUATAPE
2011-05-02,GUATAPE,7565700.0,GUATAPE
2011-05-03,GUATAPE,7508000.0,GUATAPE
2011-05-04,GUATAPE,6917700.0,GUATAPE
2011-05-05,GUATAPE,7047500.0,GUATAPE
2011-05-06,GUATAPE,8758300.0,GUATAPE
2011-05-07,GUATAPE,6302500.0,GUATAPE
2011-05-08,GUATAPE,6319500.0,GUATAPE
2011-05-09,GUATAPE,6517600.0,GUATAPE
2011-05-10,GUATAPE,7856600.0,GUATAPE
2011-05-11,GUATAPE,11856700.0,GUATAPE
2011-05-12,GUATAPE,9675200.0,GUATAPE
2011-05-13,GUATAPE,8231300.0,GUATAPE
2011-05-14,GUATAPE,9131200.0,GUATAPE
2011-05-15,GUATAPE,12169700.0,GUATAPE
2011-05-16,GUATAPE,14955600.0,GUATAPE
2011-05-17,GUATAPE,10129800.0,GUATAPE
2011-05-18,GUATAPE,9639700.0,GUATAPE
2011-05-19,GUATAPE,9123600.0,GUATAPE
2011-05-20,GUATAPE,7651900.0,GUATAPE
2011-05-21,GUATAPE,8512800.0,GUATAPE
2011-05-22,GUATAPE,12605700.0,GUATAPE
2011-05-23,GUATAPE,7943400.0,GUATAPE
2011-05-24,GUATAPE,8732000.0,GUATAPE
2011-05-25,GUATAPE,7386000.0,GUATAPE
2011-05-26,GUATAPE,9883500.0,GUATAPE
2011-05-27,GUATAPE,7135300.0,GUATAPE
2011-05-28,GUATAPE,6137700.0,GUATAPE
2011-05-29,GUATAPE,4816300.0,GUATAPE
2011-05-30,GUATAPE,5512600.0,GUATAPE
2011-05-31,GUATAPE,5854100.0,GUATAPE
2011-06-01,GUATAPE,10920900.0,GUATAPE
2011-06-02,GUATAPE,14332600.0,GUATAPE
2011-06-03,GUATAPE,8026600.0,GUATAPE
2011-06-04,GUATAPE,6592600.0,GUATAPE
2011-06-05,GUATAPE,5729700.0,GUATAPE
2011-06-06,GUATAPE,8265400.0,GUATAPE
2011-06-07,GUATAPE,8312100.0,GUATAPE
2011-06-08,GUATAPE,6626600.0,GUATAPE
2011-06-09,GUATAPE,7201300.0,GUATAPE
2011-06-10,GUATAPE,6157700.0,GUATAPE
2011-06-11,GUATAPE,5457600.0,GUATAPE
2011-06-12,GUATAPE,4158700.0,GUATAPE
2011-06-13,GUATAPE,4692100.0,GUATAPE
2011-06-14,GUATAPE,3681400.0,GUATAPE
2011-06-15,GUATAPE,5233200.0,GUATAPE
2011-06-16,GUATAPE,3928200.0,GUATAPE
2011-06-17,GUATAPE,10774800.0,GUATAPE
2011-06-18,GUATAPE,13154800.0,GUATAPE
2011-06-19,GUATAPE,4776900.0,GUATAPE
2011-06-20,GUATAPE,8398300.0,GUATAPE
2011-06-21,GUATAPE,8113800.0,GUATAPE
2011-06-22,GUATAPE,10802400.0,GUATAPE
2011-06-23,GUATAPE,11994200.0,GUATAPE
2011-06-24,GUATAPE,6218200.0,GUATAPE
2011-06-25,GUATAPE,11534300.0,GUATAPE
2011-06-26,GUATAPE,6143700.0,GUATAPE
2011-06-27,GUATAPE,10412200.0,GUATAPE
2011-06-28,GUATAPE,6027900.0,GUATAPE
2011-06-29,GUATAPE,6983900.0,GUATAPE
2011-06-30,GUATAPE,9884200.0,GUATAPE
2011-07-01,GUATAPE,8943300.0,GUATAPE
2011-07-02,GUATAPE,5415800.0,GUATAPE
2011-07-03,GUATAPE,11610200.0,GUATAPE
2011-07-04,GUATAPE,12450100.0,GUATAPE
2011-07-05,GUATAPE,5784800.0,GUATAPE
2011-07-06,GUATAPE,6950100.0,GUATAPE
2011-07-07,GUATAPE,5095000.0,GUATAPE
2011-07-08,GUATAPE,4195700.0,GUATAPE
2011-07-09,GUATAPE,3663800.0,GUATAPE
2011-07-10,GUATAPE,4113900.0,GUATAPE
2011-07-11,GUATAPE,4712600.0,GUATAPE
2011-07-12,GUATAPE,5439400.0,GUATAPE
2011-07-13,GUATAPE,13618200.0,GUATAPE
2011-07-14,GUATAPE,11369900.0,GUATAPE
2011-07-15,GUATAPE,9166300.0,GUATAPE
2011-07-16,GUATAPE,9030900.0,GUATAPE
2011-07-17,GUATAPE,4827500.0,GUATAPE
2011-07-18,GUATAPE,9372700.0,GUATAPE
2011-07-19,GUATAPE,5347600.0,GUATAPE
2011-07-20,GUATAPE,4644000.0,GUATAPE
2011-07-21,GUATAPE,4954500.0,GUATAPE
2011-07-22,GUATAPE,4462100.0,GUATAPE
2011-07-23,GUATAPE,5319700.0,GUATAPE
2011-07-24,GUATAPE,4939700.0,GUATAPE
2011-07-25,GUATAPE,5009300.0,GUATAPE
2011-07-26,GUATAPE,4639400.0,GUATAPE
2011-07-27,GUATAPE,5231500.0,GUATAPE
2011-07-28,GUATAPE,6163900.0,GUATAPE
2011-07-29,GUATAPE,10200000.0,GUATAPE
2011-07-30,GUATAPE,9271600.0,GUATAPE
2011-07-31,GUATAPE,5783800.0,GUATAPE
2011-08-01,GUATAPE,7141400.0,GUATAPE
2011-08-02,GUATAPE,19218700.0,GUATAPE
2011-08-03,GUATAPE,8377400.0,GUATAPE
2011-08-04,GUATAPE,7213000.0,GUATAPE
2011-08-05,GUATAPE,5041000.0,GUATAPE
2011-08-06,GUATAPE,4845700.0,GUATAPE
2011-08-07,GUATAPE,3329400.0,GUATAPE
2011-08-08,GUATAPE,3044800.0,GUATAPE
2011-08-09,GUATAPE,4290300.0,GUATAPE
2011-08-10,GUATAPE,4440300.0,GUATAPE
2011-08-11,GUATAPE,4406900.0,GUATAPE
2011-08-12,GUATAPE,10744400.0,GUATAPE
2011-08-13,GUATAPE,4897100.0,GUATAPE
2011-08-14,GUATAPE,3972200.0,GUATAPE
2011-08-15,GUATAPE,8720100.0,GUATAPE
2011-08-16,GUATAPE,14989900.0,GUATAPE
2011-08-17,GUATAPE,15085400.0,GUATAPE
2011-08-18,GUATAPE,14531200.0,GUATAPE
2011-08-19,GUATAPE,25073800.0,GUATAPE
2011-08-20,GUATAPE,4827200.0,GUATAPE
2011-08-21,GUATAPE,7506600.0,GUATAPE
2011-08-22,GUATAPE,13375700.0,GUATAPE
2011-08-23,GUATAPE,18838500.0,GUATAPE
2011-08-24,GUATAPE,10504000.0,GUATAPE
2011-08-25,GUATAPE,8634600.0,GUATAPE
2011-08-26,GUATAPE,6254500.0,GUATAPE
2011-08-27,GUATAPE,5003400.0,GUATAPE
2011-08-28,GUATAPE,9330600.0,GUATAPE
2011-08-29,GUATAPE,4344100.0,GUATAPE
2011-08-30,GUATAPE,7088400.0,GUATAPE
2011-08-31,GUATAPE,5461500.0,GUATAPE
2011-09-01,GUATAPE,5022200.0,GUATAPE
2011-09-02,GUATAPE,4684800.0,GUATAPE
2011-09-03,GUATAPE,4081700.0,GUATAPE
2011-09-04,GUATAPE,4833800.0,GUATAPE
2011-09-05,GUATAPE,5135200.0,GUATAPE
2011-09-06,GUATAPE,5269200.0,GUATAPE
2011-09-07,GUATAPE,6518100.0,GUATAPE
2011-09-08,GUATAPE,7322000.0,GUATAPE
2011-09-09,GUATAPE,5558400.0,GUATAPE
2011-09-10,GUATAPE,3662300.0,GUATAPE
2011-09-11,GUATAPE,9673700.0,GUATAPE
2011-09-12,GUATAPE,6058600.0,GUATAPE
2011-09-13,GUATAPE,8861000.0,GUATAPE
2011-09-14,GUATAPE,12631000.0,GUATAPE
2011-09-15,GUATAPE,5372900.0,GUATAPE
2011-09-16,GUATAPE,9460700.0,GUATAPE
2011-09-17,GUATAPE,9323700.0,GUATAPE
2011-09-18,GUATAPE,9150900.0,GUATAPE
2011-09-19,GUATAPE,5733700.0,GUATAPE
2011-09-20,GUATAPE,16869500.0,GUATAPE
2011-09-21,GUATAPE,6746400.0,GUATAPE
2011-09-22,GUATAPE,5773300.0,GUATAPE
2011-09-23,GUATAPE,6237300.0,GUATAPE
2011-09-24,GUATAPE,4226800.0,GUATAPE
2011-09-25,GUATAPE,3287500.0,GUATAPE
2011-09-26,GUATAPE,4687500.0,GUATAPE
2011-09-27,GUATAPE,4303700.0,GUATAPE
2011-09-28,GUATAPE,6288400.0,GUATAPE
2011-09-29,GUATAPE,2902000.0,GUATAPE
2011-09-30,GUATAPE,8752200.0,GUATAPE
2011-10-01,GUATAPE,6508800.0,GUATAPE
2011-10-02,GUATAPE,4055700.0,GUATAPE
2011-10-03,GUATAPE,7899400.0,GUATAPE
2011-10-04,GUATAPE,6896100.0,GUATAPE
2011-10-05,GUATAPE,5447700.0,GUATAPE
2011-10-06,GUATAPE,6744000.0,GUATAPE
2011-10-07,GUATAPE,11462000.0,GUATAPE
2011-10-08,GUATAPE,6019900.0,GUATAPE
2011-10-09,GUATAPE,8474800.0,GUATAPE
2011-10-10,GUATAPE,10622300.0,GUATAPE
2011-10-11,GUATAPE,11989100.0,GUATAPE
2011-10-12,GUATAPE,6269300.0,GUATAPE
2011-10-13,GUATAPE,4902000.0,GUATAPE
2011-10-14,GUATAPE,5483500.0,GUATAPE
2011-10-15,GUATAPE,6091200.0,GUATAPE
2011-10-16,GUATAPE,13094100.0,GUATAPE
2011-10-17,GUATAPE,19070500.0,GUATAPE
2011-10-18,GUATAPE,18778400.0,GUATAPE
2011-10-19,GUATAPE,8080400.0,GUATAPE
2011-10-20,GUATAPE,5267000.0,GUATAPE
2011-10-21,GUATAPE,7989700.0,GUATAPE
2011-10-22,GUATAPE,10485900.0,GUATAPE
2011-10-23,GUATAPE,6844500.0,GUATAPE
2011-10-24,GUATAPE,6497900.0,GUATAPE
2011-10-25,GUATAPE,6280300.0,GUATAPE
2011-10-26,GUATAPE,11086100.0,GUATAPE
2011-10-27,GUATAPE,14934000.0,GUATAPE
2011-10-28,GUATAPE,18994000.0,GUATAPE
2011-10-29,GUATAPE,14707800.0,GUATAPE
2011-10-30,GUATAPE,15085600.0,GUATAPE
2011-10-31,GUATAPE,9475100.0,GUATAPE
2011-11-01,GUATAPE,7086900.0,GUATAPE
2011-11-02,GUATAPE,6799700.0,GUATAPE
2011-11-03,GUATAPE,6357500.0,GUATAPE
2011-11-04,GUATAPE,6665900.0,GUATAPE
2011-11-05,GUATAPE,18850900.0,GUATAPE
2011-11-06,GUATAPE,12472500.0,GUATAPE
2011-11-07,GUATAPE,12785000.0,GUATAPE
2011-11-08,GUATAPE,6092900.0,GUATAPE
2011-11-09,GUATAPE,8159600.0,GUATAPE
2011-11-10,GUATAPE,7445900.0,GUATAPE
2011-11-11,GUATAPE,6778600.0,GUATAPE
2011-11-12,GUATAPE,8685500.0,GUATAPE
2011-11-13,GUATAPE,8232400.0,GUATAPE
2011-11-14,GUATAPE,7120800.0,GUATAPE
2011-11-15,GUATAPE,14181400.0,GUATAPE
2011-11-16,GUATAPE,8239900.0,GUATAPE
2011-11-17,GUATAPE,13084400.0,GUATAPE
2011-11-18,GUATAPE,13824300.0,GUATAPE
2011-11-19,GUATAPE,9070600.0,GUATAPE
2011-11-20,GUATAPE,5542800.0,GUATAPE
2011-11-21,GUATAPE,7373600.0,GUATAPE
2011-11-22,GUATAPE,6595500.0,GUATAPE
2011-11-23,GUATAPE,10313900.0,GUATAPE
2011-11-24,GUATAPE,6711400.0,GUATAPE
2011-11-25,GUATAPE,6422500.0,GUATAPE
2011-11-26,GUATAPE,14739200.0,GUATAPE
2011-11-27,GUATAPE,9032100.0,GUATAPE
2011-11-28,GUATAPE,10815500.0,GUATAPE
2011-11-29,GUATAPE,9302500.0,GUATAPE
2011-11-30,GUATAPE,10639300.0,GUATAPE
2011-12-01,GUATAPE,6798800.0,GUATAPE
2011-12-02,GUATAPE,7282100.0,GUATAPE
2011-12-03,GUATAPE,5195700.0,GUATAPE
2011-12-04,GUATAPE,9472000.0,GUATAPE
2011-12-05,GUATAPE,8708600.0,GUATAPE
2011-12-06,GUATAPE,6184200.0,GUATAPE
2011-12-07,GUATAPE,4825500.0,GUATAPE
2011-12-08,GUATAPE,13877100.0,GUATAPE
2011-12-09,GUATAPE,6697800.0,GUATAPE
2011-12-10,GUATAPE,15137400.0,GUATAPE
2011-12-11,GUATAPE,10249900.0,GUATAPE
2011-12-12,GUATAPE,15429700.0,GUATAPE
2011-12-13,GUATAPE,16275300.0,GUATAPE
2011-12-14,GUATAPE,9409200.0,GUATAPE
2011-12-15,GUATAPE,11691500.0,GUATAPE
2011-12-16,GUATAPE,8153500.0,GUATAPE
2011-12-17,GUATAPE,12068900.0,GUATAPE
2011-12-18,GUATAPE,10367400.0,GUATAPE
2011-12-19,GUATAPE,9453700.0,GUATAPE
2011-12-20,GUATAPE,11846800.0,GUATAPE
2011-12-21,GUATAPE,4517600.0,GUATAPE
2011-12-22,GUATAPE,8506100.0,GUATAPE
2011-12-23,GUATAPE,8184400.0,GUATAPE
2011-12-24,GUATAPE,8283000.0,GUATAPE
2011-12-25,GUATAPE,7539200.0,GUATAPE
2011-12-26,GUATAPE,16132000.0,GUATAPE
2011-12-27,GUATAPE,11578800.0,GUATAPE
2011-12-28,GUATAPE,11777100.0,GUATAPE
2011-12-29,GUATAPE,14907000.0,GUATAPE
2011-12-30,GUATAPE,7526700.0,GUATAPE
2011-12-31,GUATAPE,5166300.0,GUATAPE
2012-01-01,GUATAPE,6985400.0,GUATAPE
2012-01-02,GUATAPE,6217000.0,GUATAPE
2012-01-03,GUATAPE,16358500.0,GUATAPE
2012-01-04,GUATAPE,3754800.0,GUATAPE
2012-01-05,GUATAPE,9064300.0,GUATAPE
2012-01-06,GUATAPE,3604100.0,GUATAPE
2012-01-07,GUATAPE,3645000.0,GUATAPE
2012-01-08,GUATAPE,5922200.0,GUATAPE
2012-01-09,GUATAPE,6412700.0,GUATAPE
2012-01-10,GUATAPE,4831100.0,GUATAPE
2012-01-11,GUATAPE,4795000.0,GUATAPE
2012-01-12,GUATAPE,4477600.0,GUATAPE
2012-01-13,GUATAPE,4136900.0,GUATAPE
2012-01-14,GUATAPE,14903400.0,GUATAPE
2012-01-15,GUATAPE,15439900.0,GUATAPE
2012-01-16,GUATAPE,7827000.0,GUATAPE
2012-01-17,GUATAPE,8293800.0,GUATAPE
2012-01-18,GUATAPE,12314600.0,GUATAPE
2012-01-19,GUATAPE,5193800.0,GUATAPE
2012-01-20,GUATAPE,4407900.0,GUATAPE
2012-01-21,GUATAPE,9220800.0,GUATAPE
2012-01-22,GUATAPE,7089000.0,GUATAPE
2012-01-23,GUATAPE,5132300.0,GUATAPE
2012-01-24,GUATAPE,5344900.0,GUATAPE
2012-01-25,GUATAPE,6005200.0,GUATAPE
2012-01-26,GUATAPE,7441700.0,GUATAPE
2012-01-27,GUATAPE,5795600.0,GUATAPE
2012-01-28,GUATAPE,6324700.0,GUATAPE
2012-01-29,GUATAPE,7542300.0,GUATAPE
2012-01-30,GUATAPE,6066900.0,GUATAPE
2012-01-31,GUATAPE,8534400.0,GUATAPE
2012-02-01,GUATAPE,5973900.0,GUATAPE
2012-02-02,GUATAPE,6327500.0,GUATAPE
2012-02-03,GUATAPE,4157000.0,GUATAPE
2012-02-04,GUATAPE,7413500.0,GUATAPE
2012-02-05,GUATAPE,5666300.0,GUATAPE
2012-02-06,GUATAPE,8461600.0,GUATAPE
2012-02-07,GUATAPE,5378800.0,GUATAPE
2012-02-08,GUATAPE,9489800.0,GUATAPE
2012-02-09,GUATAPE,4065900.0,GUATAPE
2012-02-10,GUATAPE,3993300.0,GUATAPE
2012-02-11,GUATAPE,3768300.0,GUATAPE
2012-02-12,GUATAPE,5069500.0,GUATAPE
2012-02-13,GUATAPE,4805900.0,GUATAPE
2012-02-14,GUATAPE,4689200.0,GUATAPE
2012-02-15,GUATAPE,4196000.0,GUATAPE
2012-02-16,GUATAPE,3783800.0,GUATAPE
2012-02-17,GUATAPE,3374500.0,GUATAPE
2012-02-18,GUATAPE,3363100.0,GUATAPE
2012-02-19,GUATAPE,2588400.0,GUATAPE
2012-02-20,GUATAPE,2664600.0,GUATAPE
2012-02-21,GUATAPE,2843700.0,GUATAPE
2012-02-22,GUATAPE,2908000.0,GUATAPE
2012-02-23,GUATAPE,3372800.0,GUATAPE
2012-02-24,GUATAPE,3587400.0,GUATAPE
2012-02-25,GUATAPE,2862500.0,GUATAPE
2012-02-26,GUATAPE,3752700.0,GUATAPE
2012-02-27,GUATAPE,4867100.0,GUATAPE
2012-02-28,GUATAPE,3954100.0,GUATAPE
2012-02-29,GUATAPE,4270200.0,GUATAPE
2012-03-01,GUATAPE,4254300.0,GUATAPE
2012-03-02,GUATAPE,3116900.0,GUATAPE
2012-03-03,GUATAPE,3863900.0,GUATAPE
2012-03-04,GUATAPE,10313100.0,GUATAPE
2012-03-05,GUATAPE,12438900.0,GUATAPE
2012-03-06,GUATAPE,4735400.0,GUATAPE
2012-03-07,GUATAPE,4586400.0,GUATAPE
2012-03-08,GUATAPE,4470100.0,GUATAPE
2012-03-09,GUATAPE,7753600.0,GUATAPE
2012-03-10,GUATAPE,4234700.0,GUATAPE
2012-03-11,GUATAPE,4167200.0,GUATAPE
2012-03-12,GUATAPE,3914500.0,GUATAPE
2012-03-13,GUATAPE,4720400.0,GUATAPE
2012-03-14,GUATAPE,3808900.0,GUATAPE
2012-03-15,GUATAPE,4169800.0,GUATAPE
2012-03-16,GUATAPE,7342200.0,GUATAPE
2012-03-17,GUATAPE,11586200.0,GUATAPE
2012-03-18,GUATAPE,4113900.0,GUATAPE
2012-03-19,GUATAPE,5322300.0,GUATAPE
2012-03-20,GUATAPE,6139000.0,GUATAPE
2012-03-21,GUATAPE,6732700.0,GUATAPE
2012-03-22,GUATAPE,19315600.0,GUATAPE
2012-03-23,GUATAPE,2953500.0,GUATAPE
2012-03-24,GUATAPE,9848500.0,GUATAPE
2012-03-25,GUATAPE,6595700.0,GUATAPE
2012-03-26,GUATAPE,7701400.0,GUATAPE
2012-03-27,GUATAPE,4122300.0,GUATAPE
2012-03-28,GUATAPE,5419900.0,GUATAPE
2012-03-29,GUATAPE,3698100.0,GUATAPE
2012-03-30,GUATAPE,8133600.0,GUATAPE
2012-03-31,GUATAPE,3555700.0,GUATAPE
2012-04-01,GUATAPE,3957000.0,GUATAPE
2012-04-02,GUATAPE,14666700.0,GUATAPE
2012-04-03,GUATAPE,18223600.0,GUATAPE
2012-04-04,GUATAPE,8934000.0,GUATAPE
2012-04-05,GUATAPE,7673800.0,GUATAPE
2012-04-06,GUATAPE,9967500.0,GUATAPE
2012-04-07,GUATAPE,11717000.0,GUATAPE
2012-04-08,GUATAPE,8616200.0,GUATAPE
2012-04-09,GUATAPE,7276600.0,GUATAPE
2012-04-10,GUATAPE,11367000.0,GUATAPE
2012-04-11,GUATAPE,12571600.0,GUATAPE
2012-04-12,GUATAPE,11944400.0,GUATAPE
2012-04-13,GUATAPE,9113200.0,GUATAPE
2012-04-14,GUATAPE,7514700.0,GUATAPE
2012-04-15,GUATAPE,9049200.0,GUATAPE
2012-04-16,GUATAPE,9033500.0,GUATAPE
2012-04-17,GUATAPE,7095500.0,GUATAPE
2012-04-18,GUATAPE,6822500.0,GUATAPE
2012-04-19,GUATAPE,5769700.0,GUATAPE
2012-04-20,GUATAPE,4719700.0,GUATAPE
2012-04-21,GUATAPE,5511600.0,GUATAPE
2012-04-22,GUATAPE,4568200.0,GUATAPE
2012-04-23,GUATAPE,6771000.0,GUATAPE
2012-04-24,GUATAPE,20058300.0,GUATAPE
2012-04-25,GUATAPE,11344400.0,GUATAPE
2012-04-26,GUATAPE,15903400.0,GUATAPE
2012-04-27,GUATAPE,8371300.0,GUATAPE
2012-04-28,GUATAPE,11653600.0,GUATAPE
2012-04-29,GUATAPE,7520100.0,GUATAPE
2012-04-30,GUATAPE,9142400.0,GUATAPE
2012-05-01,GUATAPE,21179400.0,GUATAPE
2012-05-02,GUATAPE,12264200.0,GUATAPE
2012-05-03,GUATAPE,7682500.0,GUATAPE
2012-05-04,GUATAPE,14517600.0,GUATAPE
2012-05-05,GUATAPE,10419400.0,GUATAPE
2012-05-06,GUATAPE,9923400.0,GUATAPE
2012-05-07,GUATAPE,12161400.0,GUATAPE
2012-05-08,GUATAPE,8171300.0,GUATAPE
2012-05-09,GUATAPE,11185500.0,GUATAPE
2012-05-10,GUATAPE,6843800.0,GUATAPE
2012-05-11,GUATAPE,7338800.0,GUATAPE
2012-05-12,GUATAPE,14271900.0,GUATAPE
2012-05-13,GUATAPE,7964500.0,GUATAPE
2012-05-14,GUATAPE,9853300.0,GUATAPE
2012-05-15,GUATAPE,6295800.0,GUATAPE
2012-05-16,GUATAPE,7086800.0,GUATAPE
2012-05-17,GUATAPE,6988500.0,GUATAPE
2012-05-18,GUATAPE,10573100.0,GUATAPE
2012-05-19,GUATAPE,15595300.0,GUATAPE
2012-05-20,GUATAPE,8046000.0,GUATAPE
2012-05-21,GUATAPE,9521400.0,GUATAPE
2012-05-22,GUATAPE,17093800.0,GUATAPE
2012-05-23,GUATAPE,9177800.0,GUATAPE
2012-05-24,GUATAPE,7566300.0,GUATAPE
2012-05-25,GUATAPE,9182800.0,GUATAPE
2012-05-26,GUATAPE,19091100.0,GUATAPE
2012-05-27,GUATAPE,9297300.0,GUATAPE
2012-05-28,GUATAPE,7152600.0,GUATAPE
2012-05-29,GUATAPE,5998200.0,GUATAPE
2012-05-30,GUATAPE,6910900.0,GUATAPE
2012-05-31,GUATAPE,6753500.0,GUATAPE
2012-06-01,GUATAPE,6380800.0,GUATAPE
2012-06-02,GUATAPE,6094700.0,GUATAPE
2012-06-03,GUATAPE,6183300.0,GUATAPE
2012-06-04,GUATAPE,5217600.0,GUATAPE
2012-06-05,GUATAPE,6575400.0,GUATAPE
2012-06-06,GUATAPE,5037800.0,GUATAPE
2012-06-07,GUATAPE,5203700.0,GUATAPE
2012-06-08,GUATAPE,4625300.0,GUATAPE
2012-06-09,GUATAPE,3093700.0,GUATAPE
2012-06-10,GUATAPE,3018900.0,GUATAPE
2012-06-11,GUATAPE,2662700.0,GUATAPE
2012-06-12,GUATAPE,2599400.0,GUATAPE
2012-06-13,GUATAPE,3937000.0,GUATAPE
2012-06-14,GUATAPE,3763700.0,GUATAPE
2012-06-15,GUATAPE,4724000.0,GUATAPE
2012-06-16,GUATAPE,5363500.0,GUATAPE
2012-06-17,GUATAPE,4363700.0,GUATAPE
2012-06-18,GUATAPE,3541400.0,GUATAPE
2012-06-19,GUATAPE,3613600.0,GUATAPE
2012-06-20,GUATAPE,4181200.0,GUATAPE
2012-06-21,GUATAPE,10187700.0,GUATAPE
2012-06-22,GUATAPE,3324900.0,GUATAPE
2012-06-23,GUATAPE,2208300.0,GUATAPE
2012-06-24,GUATAPE,4052900.0,GUATAPE
2012-06-25,GUATAPE,4699100.0,GUATAPE
2012-06-26,GUATAPE,2961800.0,GUATAPE
2012-06-27,GUATAPE,8581800.0,GUATAPE
2012-06-28,GUATAPE,2369500.0,GUATAPE
2012-06-29,GUATAPE,4992200.0,GUATAPE
2012-06-30,GUATAPE,15656100.0,GUATAPE
2012-07-01,GUATAPE,8754500.0,GUATAPE
2012-07-02,GUATAPE,3581600.0,GUATAPE
2012-07-03,GUATAPE,6441100.0,GUATAPE
2012-07-04,GUATAPE,4679700.0,GUATAPE
2012-07-05,GUATAPE,9870900.0,GUATAPE
2012-07-06,GUATAPE,8445300.0,GUATAPE
2012-07-07,GUATAPE,4644700.0,GUATAPE
2012-07-08,GUATAPE,4295900.0,GUATAPE
2012-07-09,GUATAPE,4648600.0,GUATAPE
2012-07-10,GUATAPE,5238900.0,GUATAPE
2012-07-11,GUATAPE,7391100.0,GUATAPE
2012-07-12,GUATAPE,10226500.0,GUATAPE
2012-07-13,GUATAPE,4736900.0,GUATAPE
2012-07-14,GUATAPE,2355500.0,GUATAPE
2012-07-15,GUATAPE,3446100.0,GUATAPE
2012-07-16,GUATAPE,4051900.0,GUATAPE
2012-07-17,GUATAPE,3974200.0,GUATAPE
2012-07-18,GUATAPE,4515400.0,GUATAPE
2012-07-19,GUATAPE,4406300.0,GUATAPE
2012-07-20,GUATAPE,3691000.0,GUATAPE
2012-07-21,GUATAPE,2048800.0,GUATAPE
2012-07-22,GUATAPE,2625300.0,GUATAPE
2012-07-23,GUATAPE,1228100.0,GUATAPE
2012-07-24,GUATAPE,2409200.0,GUATAPE
2012-07-25,GUATAPE,2626300.0,GUATAPE
2012-07-26,GUATAPE,1975500.0,GUATAPE
2012-07-27,GUATAPE,2209800.0,GUATAPE
2012-07-28,GUATAPE,2936600.0,GUATAPE
2012-07-29,GUATAPE,3006100.0,GUATAPE
2012-07-30,GUATAPE,3247200.0,GUATAPE
2012-07-31,GUATAPE,3230400.0,GUATAPE
2012-08-01,GUATAPE,3232700.0,GUATAPE
2012-08-02,GUATAPE,3885700.0,GUATAPE
2012-08-03,GUATAPE,2375100.0,GUATAPE
2012-08-04,GUATAPE,2984000.0,GUATAPE
2012-08-05,GUATAPE,4304800.0,GUATAPE
2012-08-06,GUATAPE,1969400.0,GUATAPE
2012-08-07,GUATAPE,2632900.0,GUATAPE
2012-08-08,GUATAPE,3441300.0,GUATAPE
2012-08-09,GUATAPE,3441300.0,GUATAPE
2012-08-10,GUATAPE,2327200.0,GUATAPE
2012-08-11,GUATAPE,1884500.0,GUATAPE
2012-08-12,GUATAPE,5499300.0,GUATAPE
2012-08-13,GUATAPE,2199100.0,GUATAPE
2012-08-14,GUATAPE,3181800.0,GUATAPE
2012-08-15,GUATAPE,3652500.0,GUATAPE
2012-08-16,GUATAPE,1484200.0,GUATAPE
2012-08-17,GUATAPE,4074900.0,GUATAPE
2012-08-18,GUATAPE,3129500.0,GUATAPE
2012-08-19,GUATAPE,3180100.0,GUATAPE
2012-08-20,GUATAPE,9096500.0,GUATAPE
2012-08-21,GUATAPE,3708300.0,GUATAPE
2012-08-22,GUATAPE,8477300.0,GUATAPE
2012-08-23,GUATAPE,8587400.0,GUATAPE
2012-08-24,GUATAPE,11273500.0,GUATAPE
2012-08-25,GUATAPE,9161100.0,GUATAPE
2012-08-26,GUATAPE,17966500.0,GUATAPE
2012-08-27,GUATAPE,4312900.0,GUATAPE
2012-08-28,GUATAPE,3779400.0,GUATAPE
2012-08-29,GUATAPE,3430400.0,GUATAPE
2012-08-30,GUATAPE,3381700.0,GUATAPE
2012-08-31,GUATAPE,3143800.0,GUATAPE
2012-09-01,GUATAPE,3745500.0,GUATAPE
2012-09-02,GUATAPE,2409400.0,GUATAPE
2012-09-03,GUATAPE,3023000.0,GUATAPE
2012-09-04,GUATAPE,3036400.0,GUATAPE
2012-09-05,GUATAPE,4313600.0,GUATAPE
2012-09-06,GUATAPE,3050800.0,GUATAPE
2012-09-07,GUATAPE,3337400.0,GUATAPE
2012-09-08,GUATAPE,3137700.0,GUATAPE
2012-09-09,GUATAPE,4426400.0,GUATAPE
2012-09-10,GUATAPE,5936400.0,GUATAPE
2012-09-11,GUATAPE,4356100.0,GUATAPE
2012-09-12,GUATAPE,3843500.0,GUATAPE
2012-09-13,GUATAPE,3062300.0,GUATAPE
2012-09-14,GUATAPE,3230400.0,GUATAPE
2012-09-15,GUATAPE,3613600.0,GUATAPE
2012-09-16,GUATAPE,3275400.0,GUATAPE
2012-09-17,GUATAPE,4060100.0,GUATAPE
2012-09-18,GUATAPE,4608300.0,GUATAPE
2012-09-19,GUATAPE,12198400.0,GUATAPE
2012-09-20,GUATAPE,12827600.0,GUATAPE
2012-09-21,GUATAPE,10661200.0,GUATAPE
2012-09-22,GUATAPE,9491000.0,GUATAPE
2012-09-23,GUATAPE,4617300.0,GUATAPE
2012-09-24,GUATAPE,6157200.0,GUATAPE
2012-09-25,GUATAPE,4044200.0,GUATAPE
2012-09-26,GUATAPE,3731500.0,GUATAPE
2012-09-27,GUATAPE,5748800.0,GUATAPE
2012-09-28,GUATAPE,2847500.0,GUATAPE
2012-09-29,GUATAPE,4680700.0,GUATAPE
2012-09-30,GUATAPE,6604700.0,GUATAPE
2012-10-01,GUATAPE,6336200.0,GUATAPE
2012-10-02,GUATAPE,13037500.0,GUATAPE
2012-10-03,GUATAPE,9368000.0,GUATAPE
2012-10-04,GUATAPE,15185800.0,GUATAPE
2012-10-05,GUATAPE,9637900.0,GUATAPE
2012-10-06,GUATAPE,6038000.0,GUATAPE
2012-10-07,GUATAPE,14580300.0,GUATAPE
2012-10-08,GUATAPE,5940300.0,GUATAPE
2012-10-09,GUATAPE,3255900.0,GUATAPE
2012-10-10,GUATAPE,4862000.0,GUATAPE
2012-10-11,GUATAPE,5221000.0,GUATAPE
2012-10-12,GUATAPE,10051000.0,GUATAPE
2012-10-13,GUATAPE,5892400.0,GUATAPE
2012-10-14,GUATAPE,6694000.0,GUATAPE
2012-10-15,GUATAPE,8506100.0,GUATAPE
2012-10-16,GUATAPE,7555600.0,GUATAPE
2012-10-17,GUATAPE,5626400.0,GUATAPE
2012-10-18,GUATAPE,7660400.0,GUATAPE
2012-10-19,GUATAPE,8737800.0,GUATAPE
2012-10-20,GUATAPE,7222400.0,GUATAPE
2012-10-21,GUATAPE,7748800.0,GUATAPE
2012-10-22,GUATAPE,7641000.0,GUATAPE
2012-10-23,GUATAPE,4913600.0,GUATAPE
2012-10-24,GUATAPE,10091400.0,GUATAPE
2012-10-25,GUATAPE,14292900.0,GUATAPE
2012-10-26,GUATAPE,10223800.0,GUATAPE
2012-10-27,GUATAPE,7089500.0,GUATAPE
2012-10-28,GUATAPE,5693900.0,GUATAPE
2012-10-29,GUATAPE,10399800.0,GUATAPE
2012-10-30,GUATAPE,11684700.0,GUATAPE
2012-10-31,GUATAPE,5981900.0,GUATAPE
2012-11-01,GUATAPE,12390300.0,GUATAPE
2012-11-02,GUATAPE,5943700.0,GUATAPE
2012-11-03,GUATAPE,8042300.0,GUATAPE
2012-11-04,GUATAPE,6379800.0,GUATAPE
2012-11-05,GUATAPE,4680200.0,GUATAPE
2012-11-06,GUATAPE,5955100.0,GUATAPE
2012-11-07,GUATAPE,6981800.0,GUATAPE
2012-11-08,GUATAPE,9012700.0,GUATAPE
2012-11-09,GUATAPE,5109400.0,GUATAPE
2012-11-10,GUATAPE,7498300.0,GUATAPE
2012-11-11,GUATAPE,7482000.0,GUATAPE
2012-11-12,GUATAPE,6999500.0,GUATAPE
2012-11-13,GUATAPE,6307900.0,GUATAPE
2012-11-14,GUATAPE,13381200.0,GUATAPE
2012-11-15,GUATAPE,12368800.0,GUATAPE
2012-11-16,GUATAPE,24336500.0,GUATAPE
2012-11-17,GUATAPE,10413900.0,GUATAPE
2012-11-18,GUATAPE,12170100.0,GUATAPE
2012-11-19,GUATAPE,6343100.0,GUATAPE
2012-11-20,GUATAPE,4974300.0,GUATAPE
2012-11-21,GUATAPE,3817900.0,GUATAPE
2012-11-22,GUATAPE,7596000.0,GUATAPE
2012-11-23,GUATAPE,6969400.0,GUATAPE
2012-11-24,GUATAPE,4946200.0,GUATAPE
2012-11-25,GUATAPE,4075700.0,GUATAPE
2012-11-26,GUATAPE,4104000.0,GUATAPE
2012-11-27,GUATAPE,5417700.0,GUATAPE
2012-11-28,GUATAPE,6265800.0,GUATAPE
2012-11-29,GUATAPE,5647400.0,GUATAPE
2012-11-30,GUATAPE,8000300.0,GUATAPE
2012-12-01,GUATAPE,6715300.0,GUATAPE
2012-12-02,GUATAPE,4295700.0,GUATAPE
2012-12-03,GUATAPE,4670500.0,GUATAPE
2012-12-04,GUATAPE,3866800.0,GUATAPE
2012-12-05,GUATAPE,4734700.0,GUATAPE
2012-12-06,GUATAPE,3158500.0,GUATAPE
2012-12-07,GUATAPE,4927900.0,GUATAPE
2012-12-08,GUATAPE,2420100.0,GUATAPE
2012-12-09,GUATAPE,3749200.0,GUATAPE
2012-12-10,GUATAPE,4968700.0,GUATAPE
2012-12-11,GUATAPE,1859300.0,GUATAPE
2012-12-12,GUATAPE,2919400.0,GUATAPE
2012-12-13,GUATAPE,3201200.0,GUATAPE
2012-12-14,GUATAPE,3593400.0,GUATAPE
2012-12-15,GUATAPE,4370500.0,GUATAPE
2012-12-16,GUATAPE,2915500.0,GUATAPE
2012-12-17,GUATAPE,2565400.0,GUATAPE
2012-12-18,GUATAPE,3100200.0,GUATAPE
2012-12-19,GUATAPE,5579000.0,GUATAPE
2012-12-20,GUATAPE,10963800.0,GUATAPE
2012-12-21,GUATAPE,11199300.0,GUATAPE
2012-12-22,GUATAPE,18173200.0,GUATAPE
2012-12-23,GUATAPE,3757200.0,GUATAPE
2012-12-24,GUATAPE,2692700.0,GUATAPE
2012-12-25,GUATAPE,3377300.0,GUATAPE
2012-12-26,GUATAPE,10654600.0,GUATAPE
2012-12-27,GUATAPE,3209000.0,GUATAPE
2012-12-28,GUATAPE,2930100.0,GUATAPE
2012-12-29,GUATAPE,3533100.0,GUATAPE
2012-12-30,GUATAPE,2992700.0,GUATAPE
2012-12-31,GUATAPE,3264400.0,GUATAPE
2013-01-01,GUATAPE,4284400.0,GUATAPE
2013-01-02,GUATAPE,4148400.0,GUATAPE
2013-01-03,GUATAPE,6808700.0,GUATAPE
2013-01-04,GUATAPE,1414100.0,GUATAPE
2013-01-05,GUATAPE,2282700.0,GUATAPE
2013-01-06,GUATAPE,2901600.0,GUATAPE
2013-01-07,GUATAPE,2789200.0,GUATAPE
2013-01-08,GUATAPE,2534300.0,GUATAPE
2013-01-09,GUATAPE,1961500.0,GUATAPE
2013-01-10,GUATAPE,2134500.0,GUATAPE
2013-01-11,GUATAPE,2404600.0,GUATAPE
2013-01-12,GUATAPE,3978500.0,GUATAPE
2013-01-13,GUATAPE,3963400.0,GUATAPE
2013-01-14,GUATAPE,10668000.0,GUATAPE
2013-01-15,GUATAPE,3219700.0,GUATAPE
2013-01-16,GUATAPE,2535500.0,GUATAPE
2013-01-17,GUATAPE,4160500.0,GUATAPE
2013-01-18,GUATAPE,3917200.0,GUATAPE
2013-01-19,GUATAPE,2928900.0,GUATAPE
2013-01-20,GUATAPE,3653700.0,GUATAPE
2013-01-21,GUATAPE,3718200.0,GUATAPE
2013-01-22,GUATAPE,3773700.0,GUATAPE
2013-01-23,GUATAPE,3727400.0,GUATAPE
2013-01-24,GUATAPE,3629700.0,GUATAPE
2013-01-25,GUATAPE,2685700.0,GUATAPE
2013-01-26,GUATAPE,3680700.0,GUATAPE
2013-01-27,GUATAPE,2285000.0,GUATAPE
2013-01-28,GUATAPE,3689500.0,GUATAPE
2013-01-29,GUATAPE,2609600.0,GUATAPE
2013-01-30,GUATAPE,2720600.0,GUATAPE
2013-01-31,GUATAPE,2656600.0,GUATAPE
2013-02-01,GUATAPE,3734500.0,GUATAPE
2013-02-02,GUATAPE,3599800.0,GUATAPE
2013-02-03,GUATAPE,3516000.0,GUATAPE
2013-02-04,GUATAPE,8167600.0,GUATAPE
2013-02-05,GUATAPE,6068200.0,GUATAPE
2013-02-06,GUATAPE,4660700.0,GUATAPE
2013-02-07,GUATAPE,4459600.0,GUATAPE
2013-02-08,GUATAPE,4519900.0,GUATAPE
2013-02-09,GUATAPE,4915700.0,GUATAPE
2013-02-10,GUATAPE,5711000.0,GUATAPE
2013-02-11,GUATAPE,3906900.0,GUATAPE
2013-02-12,GUATAPE,4303900.0,GUATAPE
2013-02-13,GUATAPE,4064700.0,GUATAPE
2013-02-14,GUATAPE,3994600.0,GUATAPE
2013-02-15,GUATAPE,2379800.0,GUATAPE
2013-02-16,GUATAPE,2670200.0,GUATAPE
2013-02-17,GUATAPE,4528700.0,GUATAPE
2013-02-18,GUATAPE,3822500.0,GUATAPE
2013-02-19,GUATAPE,2485400.0,GUATAPE
2013-02-20,GUATAPE,4964000.0,GUATAPE
2013-02-21,GUATAPE,5747200.0,GUATAPE
2013-02-22,GUATAPE,10015100.0,GUATAPE
2013-02-23,GUATAPE,3512100.0,GUATAPE
2013-02-24,GUATAPE,2995400.0,GUATAPE
2013-02-25,GUATAPE,3382300.0,GUATAPE
2013-02-26,GUATAPE,2990200.0,GUATAPE
2013-02-27,GUATAPE,4647800.0,GUATAPE
2013-02-28,GUATAPE,5796800.0,GUATAPE
2013-03-01,GUATAPE,5616700.0,GUATAPE
2013-03-02,GUATAPE,3761000.0,GUATAPE
2013-03-03,GUATAPE,3987700.0,GUATAPE
2013-03-04,GUATAPE,4776800.0,GUATAPE
2013-03-05,GUATAPE,3676900.0,GUATAPE
2013-03-06,GUATAPE,3903500.0,GUATAPE
2013-03-07,GUATAPE,4005900.0,GUATAPE
2013-03-08,GUATAPE,2682700.0,GUATAPE
2013-03-09,GUATAPE,2795700.0,GUATAPE
2013-03-10,GUATAPE,3305300.0,GUATAPE
2013-03-11,GUATAPE,3408500.0,GUATAPE
2013-03-12,GUATAPE,3989300.0,GUATAPE
2013-03-13,GUATAPE,3502500.0,GUATAPE
2013-03-14,GUATAPE,3753600.0,GUATAPE
2013-03-15,GUATAPE,4055300.0,GUATAPE
2013-03-16,GUATAPE,3422100.0,GUATAPE
2013-03-17,GUATAPE,12364700.0,GUATAPE
2013-03-18,GUATAPE,11482000.0,GUATAPE
2013-03-19,GUATAPE,5990700.0,GUATAPE
2013-03-20,GUATAPE,3194300.0,GUATAPE
2013-03-21,GUATAPE,6315600.0,GUATAPE
2013-03-22,GUATAPE,4116800.0,GUATAPE
2013-03-23,GUATAPE,2973300.0,GUATAPE
2013-03-24,GUATAPE,4662200.0,GUATAPE
2013-03-25,GUATAPE,5780700.0,GUATAPE
2013-03-26,GUATAPE,3586900.0,GUATAPE
2013-03-27,GUATAPE,2998500.0,GUATAPE
2013-03-28,GUATAPE,3735500.0,GUATAPE
2013-03-29,GUATAPE,6327500.0,GUATAPE
2013-03-30,GUATAPE,6710100.0,GUATAPE
2013-03-31,GUATAPE,3410900.0,GUATAPE
2013-04-01,GUATAPE,3335300.0,GUATAPE
2013-04-02,GUATAPE,4569500.0,GUATAPE
2013-04-03,GUATAPE,2405300.0,GUATAPE
2013-04-04,GUATAPE,2480500.0,GUATAPE
2013-04-05,GUATAPE,4650700.0,GUATAPE
2013-04-06,GUATAPE,4156400.0,GUATAPE
2013-04-07,GUATAPE,3685600.0,GUATAPE
2013-04-08,GUATAPE,3836200.0,GUATAPE
2013-04-09,GUATAPE,3747700.0,GUATAPE
2013-04-10,GUATAPE,4897800.0,GUATAPE
2013-04-11,GUATAPE,3290100.0,GUATAPE
2013-04-12,GUATAPE,3300900.0,GUATAPE
2013-04-13,GUATAPE,5571800.0,GUATAPE
2013-04-14,GUATAPE,3077000.0,GUATAPE
2013-04-15,GUATAPE,1842400.0,GUATAPE
2013-04-16,GUATAPE,3007100.0,GUATAPE
2013-04-17,GUATAPE,4438800.0,GUATAPE
2013-04-18,GUATAPE,3382800.0,GUATAPE
2013-04-19,GUATAPE,3629600.0,GUATAPE
2013-04-20,GUATAPE,4699600.0,GUATAPE
2013-04-21,GUATAPE,4901200.0,GUATAPE
2013-04-22,GUATAPE,4850700.0,GUATAPE
2013-04-23,GUATAPE,3529900.0,GUATAPE
2013-04-24,GUATAPE,4035400.0,GUATAPE
2013-04-25,GUATAPE,3680300.0,GUATAPE
2013-04-26,GUATAPE,5193400.0,GUATAPE
2013-04-27,GUATAPE,7088200.0,GUATAPE
2013-04-28,GUATAPE,5179700.0,GUATAPE
2013-04-29,GUATAPE,4769000.0,GUATAPE
2013-04-30,GUATAPE,3203800.0,GUATAPE
2013-05-01,GUATAPE,3616500.0,GUATAPE
2013-05-02,GUATAPE,5854800.0,GUATAPE
2013-05-03,GUATAPE,13159100.0,GUATAPE
2013-05-04,GUATAPE,14139600.0,GUATAPE
2013-05-05,GUATAPE,11416200.0,GUATAPE
2013-05-06,GUATAPE,7169600.0,GUATAPE
2013-05-07,GUATAPE,5904200.0,GUATAPE
2013-05-08,GUATAPE,3434300.0,GUATAPE
2013-05-09,GUATAPE,2527500.0,GUATAPE
2013-05-10,GUATAPE,5717600.0,GUATAPE
2013-05-11,GUATAPE,2360100.0,GUATAPE
2013-05-12,GUATAPE,6853500.0,GUATAPE
2013-05-13,GUATAPE,5428700.0,GUATAPE
2013-05-14,GUATAPE,4325800.0,GUATAPE
2013-05-15,GUATAPE,13909500.0,GUATAPE
2013-05-16,GUATAPE,4487600.0,GUATAPE
2013-05-17,GUATAPE,14798500.0,GUATAPE
2013-05-18,GUATAPE,4702300.0,GUATAPE
2013-05-19,GUATAPE,3903700.0,GUATAPE
2013-05-20,GUATAPE,10077200.0,GUATAPE
2013-05-21,GUATAPE,10872800.0,GUATAPE
2013-05-22,GUATAPE,18702200.0,GUATAPE
2013-05-23,GUATAPE,15529000.0,GUATAPE
2013-05-24,GUATAPE,12602300.0,GUATAPE
2013-05-25,GUATAPE,3891700.0,GUATAPE
2013-05-26,GUATAPE,5274000.0,GUATAPE
2013-05-27,GUATAPE,3890800.0,GUATAPE
2013-05-28,GUATAPE,2791000.0,GUATAPE
2013-05-29,GUATAPE,3560200.0,GUATAPE
2013-05-30,GUATAPE,4535100.0,GUATAPE
2013-05-31,GUATAPE,6270400.0,GUATAPE
2013-06-01,GUATAPE,5927700.0,GUATAPE
2013-06-02,GUATAPE,3742300.0,GUATAPE
2013-06-03,GUATAPE,2489900.0,GUATAPE
2013-06-04,GUATAPE,2950900.0,GUATAPE
2013-06-05,GUATAPE,2773400.0,GUATAPE
2013-06-06,GUATAPE,4113600.0,GUATAPE
2013-06-07,GUATAPE,3901800.0,GUATAPE
2013-06-08,GUATAPE,3781200.0,GUATAPE
2013-06-09,GUATAPE,3441000.0,GUATAPE
2013-06-10,GUATAPE,3433700.0,GUATAPE
2013-06-11,GUATAPE,2663400.0,GUATAPE
2013-06-12,GUATAPE,4743100.0,GUATAPE
2013-06-13,GUATAPE,3460000.0,GUATAPE
2013-06-14,GUATAPE,2736200.0,GUATAPE
2013-06-15,GUATAPE,3574400.0,GUATAPE
2013-06-16,GUATAPE,7648300.0,GUATAPE
2013-06-17,GUATAPE,8406300.0,GUATAPE
2013-06-18,GUATAPE,10035900.0,GUATAPE
2013-06-19,GUATAPE,3820400.0,GUATAPE
2013-06-20,GUATAPE,2808100.0,GUATAPE
2013-06-21,GUATAPE,5536500.0,GUATAPE
2013-06-22,GUATAPE,4201700.0,GUATAPE
2013-06-23,GUATAPE,7534400.0,GUATAPE
2013-06-24,GUATAPE,11785800.0,GUATAPE
2013-06-25,GUATAPE,9164300.0,GUATAPE
2013-06-26,GUATAPE,5322600.0,GUATAPE
2013-06-27,GUATAPE,5332900.0,GUATAPE
2013-06-28,GUATAPE,12258800.0,GUATAPE
2013-06-29,GUATAPE,5819800.0,GUATAPE
2013-06-30,GUATAPE,13440000.0,GUATAPE
2013-07-01,GUATAPE,4198300.0,GUATAPE
2013-07-02,GUATAPE,5836400.0,GUATAPE
2013-07-03,GUATAPE,6243300.0,GUATAPE
2013-07-04,GUATAPE,4333200.0,GUATAPE
2013-07-05,GUATAPE,7206600.0,GUATAPE
2013-07-06,GUATAPE,4933700.0,GUATAPE
2013-07-07,GUATAPE,6222700.0,GUATAPE
2013-07-08,GUATAPE,6450300.0,GUATAPE
2013-07-09,GUATAPE,9012300.0,GUATAPE
2013-07-10,GUATAPE,3904000.0,GUATAPE
2013-07-11,GUATAPE,4003200.0,GUATAPE
2013-07-12,GUATAPE,2789500.0,GUATAPE
2013-07-13,GUATAPE,2241200.0,GUATAPE
2013-07-14,GUATAPE,4714500.0,GUATAPE
2013-07-15,GUATAPE,3896500.0,GUATAPE
2013-07-16,GUATAPE,4121300.0,GUATAPE
2013-07-17,GUATAPE,3003300.0,GUATAPE
2013-07-18,GUATAPE,1931400.0,GUATAPE
2013-07-19,GUATAPE,3644900.0,GUATAPE
2013-07-20,GUATAPE,3929400.0,GUATAPE
2013-07-21,GUATAPE,4884100.0,GUATAPE
2013-07-22,GUATAPE,5723500.0,GUATAPE
2013-07-23,GUATAPE,2957700.0,GUATAPE
2013-07-24,GUATAPE,5048400.0,GUATAPE
2013-07-25,GUATAPE,3282500.0,GUATAPE
2013-07-26,GUATAPE,2011000.0,GUATAPE
2013-07-27,GUATAPE,5073600.0,GUATAPE
2013-07-28,GUATAPE,3991000.0,GUATAPE
2013-07-29,GUATAPE,4057800.0,GUATAPE
2013-07-30,GUATAPE,3515100.0,GUATAPE
2013-07-31,GUATAPE,3716600.0,GUATAPE
2013-08-01,GUATAPE,4800700.0,GUATAPE
2013-08-02,GUATAPE,15391000.0,GUATAPE
2013-08-03,GUATAPE,18452000.0,GUATAPE
2013-08-04,GUATAPE,3214700.0,GUATAPE
2013-08-05,GUATAPE,2785300.0,GUATAPE
2013-08-06,GUATAPE,4060500.0,GUATAPE
2013-08-07,GUATAPE,1906600.0,GUATAPE
2013-08-08,GUATAPE,12109200.0,GUATAPE
2013-08-09,GUATAPE,14001900.0,GUATAPE
2013-08-10,GUATAPE,14906500.0,GUATAPE
2013-08-11,GUATAPE,17635200.0,GUATAPE
2013-08-12,GUATAPE,12748400.0,GUATAPE
2013-08-13,GUATAPE,21778900.0,GUATAPE
2013-08-14,GUATAPE,6223300.0,GUATAPE
2013-08-15,GUATAPE,4650200.0,GUATAPE
2013-08-16,GUATAPE,6391400.0,GUATAPE
2013-08-17,GUATAPE,6287800.0,GUATAPE
2013-08-18,GUATAPE,6210000.0,GUATAPE
2013-08-19,GUATAPE,4955300.0,GUATAPE
2013-08-20,GUATAPE,11223000.0,GUATAPE
2013-08-21,GUATAPE,6883000.0,GUATAPE
2013-08-22,GUATAPE,4451200.0,GUATAPE
2013-08-23,GUATAPE,8043600.0,GUATAPE
2013-08-24,GUATAPE,17064500.0,GUATAPE
2013-08-25,GUATAPE,11211700.0,GUATAPE
2013-08-26,GUATAPE,10218200.0,GUATAPE
2013-08-27,GUATAPE,5854700.0,GUATAPE
2013-08-28,GUATAPE,13105200.0,GUATAPE
2013-08-29,GUATAPE,12255400.0,GUATAPE
2013-08-30,GUATAPE,4232300.0,GUATAPE
2013-08-31,GUATAPE,5033500.0,GUATAPE
2013-09-01,GUATAPE,9449300.0,GUATAPE
2013-09-02,GUATAPE,11913200.0,GUATAPE
2013-09-03,GUATAPE,19448700.0,GUATAPE
2013-09-04,GUATAPE,9084900.0,GUATAPE
2013-09-05,GUATAPE,5681400.0,GUATAPE
2013-09-06,GUATAPE,8169300.0,GUATAPE
2013-09-07,GUATAPE,9872900.0,GUATAPE
2013-09-08,GUATAPE,6186300.0,GUATAPE
2013-09-09,GUATAPE,4803900.0,GUATAPE
2013-09-10,GUATAPE,9459100.0,GUATAPE
2013-09-11,GUATAPE,17112300.0,GUATAPE
2013-09-12,GUATAPE,20187100.0,GUATAPE
2013-09-13,GUATAPE,8522200.0,GUATAPE
2013-09-14,GUATAPE,6513200.0,GUATAPE
2013-09-15,GUATAPE,6728000.0,GUATAPE
2013-09-16,GUATAPE,5640300.0,GUATAPE
2013-09-17,GUATAPE,3318700.0,GUATAPE
2013-09-18,GUATAPE,3596300.0,GUATAPE
2013-09-19,GUATAPE,4742600.0,GUATAPE
2013-09-20,GUATAPE,2822000.0,GUATAPE
2013-09-21,GUATAPE,3338400.0,GUATAPE
2013-09-22,GUATAPE,3881800.0,GUATAPE
2013-09-23,GUATAPE,4517300.0,GUATAPE
2013-09-24,GUATAPE,4264700.0,GUATAPE
2013-09-25,GUATAPE,3962000.0,GUATAPE
2013-09-26,GUATAPE,5587000.0,GUATAPE
2013-09-27,GUATAPE,5600300.0,GUATAPE
2013-09-28,GUATAPE,9767500.0,GUATAPE
2013-09-29,GUATAPE,12851700.0,GUATAPE
2013-09-30,GUATAPE,8001300.0,GUATAPE
2013-10-01,GUATAPE,8964900.0,GUATAPE
2013-10-02,GUATAPE,5040600.0,GUATAPE
2013-10-03,GUATAPE,6026200.0,GUATAPE
2013-10-04,GUATAPE,26715200.0,GUATAPE
2013-10-05,GUATAPE,5936000.0,GUATAPE
2013-10-06,GUATAPE,4397000.0,GUATAPE
2013-10-07,GUATAPE,3203000.0,GUATAPE
2013-10-08,GUATAPE,7619900.0,GUATAPE
2013-10-09,GUATAPE,6997600.0,GUATAPE
2013-10-10,GUATAPE,9893800.0,GUATAPE
2013-10-11,GUATAPE,4619100.0,GUATAPE
2013-10-12,GUATAPE,4233500.0,GUATAPE
2013-10-13,GUATAPE,12255200.0,GUATAPE
2013-10-14,GUATAPE,5623500.0,GUATAPE
2013-10-15,GUATAPE,15188400.0,GUATAPE
2013-10-16,GUATAPE,10212300.0,GUATAPE
2013-10-17,GUATAPE,4378600.0,GUATAPE
2013-10-18,GUATAPE,5329200.0,GUATAPE
2013-10-19,GUATAPE,5720700.0,GUATAPE
2013-10-20,GUATAPE,3943600.0,GUATAPE
2013-10-21,GUATAPE,9029900.0,GUATAPE
2013-10-22,GUATAPE,7812000.0,GUATAPE
2013-10-23,GUATAPE,3717500.0,GUATAPE
2013-10-24,GUATAPE,5176400.0,GUATAPE
2013-10-25,GUATAPE,3866900.0,GUATAPE
2013-10-26,GUATAPE,4408500.0,GUATAPE
2013-10-27,GUATAPE,3991100.0,GUATAPE
2013-10-28,GUATAPE,10483700.0,GUATAPE
2013-10-29,GUATAPE,3587200.0,GUATAPE
2013-10-30,GUATAPE,4659300.0,GUATAPE
2013-10-31,GUATAPE,3316700.0,GUATAPE
2013-11-01,GUATAPE,4722100.0,GUATAPE
2013-11-02,GUATAPE,7439000.0,GUATAPE
2013-11-03,GUATAPE,11782700.0,GUATAPE
2013-11-04,GUATAPE,5697500.0,GUATAPE
2013-11-05,GUATAPE,12141300.0,GUATAPE
2013-11-06,GUATAPE,13667900.0,GUATAPE
2013-11-07,GUATAPE,16843200.0,GUATAPE
2013-11-08,GUATAPE,4688100.0,GUATAPE
2013-11-09,GUATAPE,14290600.0,GUATAPE
2013-11-10,GUATAPE,9505000.0,GUATAPE
2013-11-11,GUATAPE,9565100.0,GUATAPE
2013-11-12,GUATAPE,8176600.0,GUATAPE
2013-11-13,GUATAPE,5007300.0,GUATAPE
2013-11-14,GUATAPE,15192000.0,GUATAPE
2013-11-15,GUATAPE,14071100.0,GUATAPE
2013-11-16,GUATAPE,11857200.0,GUATAPE
2013-11-17,GUATAPE,11657000.0,GUATAPE
2013-11-18,GUATAPE,5286400.0,GUATAPE
2013-11-19,GUATAPE,11063100.0,GUATAPE
2013-11-20,GUATAPE,6526400.0,GUATAPE
2013-11-21,GUATAPE,12300900.0,GUATAPE
2013-11-22,GUATAPE,6090600.0,GUATAPE
2013-11-23,GUATAPE,5436700.0,GUATAPE
2013-11-24,GUATAPE,4149400.0,GUATAPE
2013-11-25,GUATAPE,3952900.0,GUATAPE
2013-11-26,GUATAPE,9186000.0,GUATAPE
2013-11-27,GUATAPE,5544500.0,GUATAPE
2013-11-28,GUATAPE,5594400.0,GUATAPE
2013-11-29,GUATAPE,4946700.0,GUATAPE
2013-11-30,GUATAPE,6926000.0,GUATAPE
2013-12-01,GUATAPE,3133800.0,GUATAPE
2013-12-02,GUATAPE,20699200.0,GUATAPE
2013-12-03,GUATAPE,4649000.0,GUATAPE
2013-12-04,GUATAPE,4869500.0,GUATAPE
2013-12-05,GUATAPE,3745900.0,GUATAPE
2013-12-06,GUATAPE,3211900.0,GUATAPE
2013-12-07,GUATAPE,7298500.0,GUATAPE
2013-12-08,GUATAPE,7362500.0,GUATAPE
2013-12-09,GUATAPE,4355400.0,GUATAPE
2013-12-10,GUATAPE,4542600.0,GUATAPE
2013-12-11,GUATAPE,6043600.0,GUATAPE
2013-12-12,GUATAPE,5889600.0,GUATAPE
2013-12-13,GUATAPE,5972300.0,GUATAPE
2013-12-14,GUATAPE,3979500.0,GUATAPE
2013-12-15,GUATAPE,11310300.0,GUATAPE
2013-12-16,GUATAPE,7978700.0,GUATAPE
2013-12-17,GUATAPE,14581900.0,GUATAPE
2013-12-18,GUATAPE,7201100.0,GUATAPE
2013-12-19,GUATAPE,5699000.0,GUATAPE
2013-12-20,GUATAPE,2069700.0,GUATAPE
2013-12-21,GUATAPE,3836300.0,GUATAPE
2013-12-22,GUATAPE,12048400.0,GUATAPE
2013-12-23,GUATAPE,16334200.0,GUATAPE
2013-12-24,GUATAPE,5300900.0,GUATAPE
2013-12-25,GUATAPE,4485200.0,GUATAPE
2013-12-26,GUATAPE,3687700.0,GUATAPE
2013-12-27,GUATAPE,3834800.0,GUATAPE
2013-12-28,GUATAPE,4062900.0,GUATAPE
2013-12-29,GUATAPE,4678500.0,GUATAPE
2013-12-30,GUATAPE,4631200.0,GUATAPE
2013-12-31,GUATAPE,2986200.0,GUATAPE
2014-01-01,GUATAPE,3462800.0,GUATAPE
2014-01-02,GUATAPE,4281100.0,GUATAPE
2014-01-03,GUATAPE,6316100.0,GUATAPE
2014-01-04,GUATAPE,4404800.0,GUATAPE
2014-01-05,GUATAPE,4234500.0,GUATAPE
2014-01-06,GUATAPE,6013800.0,GUATAPE
2014-01-07,GUATAPE,3082800.0,GUATAPE
2014-01-08,GUATAPE,4271300.0,GUATAPE
2014-01-09,GUATAPE,4045000.0,GUATAPE
2014-01-10,GUATAPE,2344100.0,GUATAPE
2014-01-11,GUATAPE,5155900.0,GUATAPE
2014-01-12,GUATAPE,4968400.0,GUATAPE
2014-01-13,GUATAPE,3935600.0,GUATAPE
2014-01-14,GUATAPE,3096500.0,GUATAPE
2014-01-15,GUATAPE,4387400.0,GUATAPE
2014-01-16,GUATAPE,4525600.0,GUATAPE
2014-01-17,GUATAPE,7822200.0,GUATAPE
2014-01-18,GUATAPE,4201700.0,GUATAPE
2014-01-19,GUATAPE,3575700.0,GUATAPE
2014-01-20,GUATAPE,3663300.0,GUATAPE
2014-01-21,GUATAPE,4897300.0,GUATAPE
2014-01-22,GUATAPE,9711300.0,GUATAPE
2014-01-23,GUATAPE,5229500.0,GUATAPE
2014-01-24,GUATAPE,3221100.0,GUATAPE
2014-01-25,GUATAPE,4257700.0,GUATAPE
2014-01-26,GUATAPE,4551500.0,GUATAPE
2014-01-27,GUATAPE,3273500.0,GUATAPE
2014-01-28,GUATAPE,4129300.0,GUATAPE
2014-01-29,GUATAPE,5049400.0,GUATAPE
2014-01-30,GUATAPE,5152000.0,GUATAPE
2014-01-31,GUATAPE,4333900.0,GUATAPE
2014-02-01,GUATAPE,4722800.0,GUATAPE
2014-02-02,GUATAPE,2950800.0,GUATAPE
2014-02-03,GUATAPE,7871800.0,GUATAPE
2014-02-04,GUATAPE,4205900.0,GUATAPE
2014-02-05,GUATAPE,6736500.0,GUATAPE
2014-02-06,GUATAPE,6889600.0,GUATAPE
2014-02-07,GUATAPE,5518600.0,GUATAPE
2014-02-08,GUATAPE,3104000.0,GUATAPE
2014-02-09,GUATAPE,3390200.0,GUATAPE
2014-02-10,GUATAPE,5532800.0,GUATAPE
2014-02-11,GUATAPE,3164400.0,GUATAPE
2014-02-12,GUATAPE,4619900.0,GUATAPE
2014-02-13,GUATAPE,6697000.0,GUATAPE
2014-02-14,GUATAPE,4228300.0,GUATAPE
2014-02-15,GUATAPE,3732400.0,GUATAPE
2014-02-16,GUATAPE,3334500.0,GUATAPE
2014-02-17,GUATAPE,3875000.0,GUATAPE
2014-02-18,GUATAPE,3265300.0,GUATAPE
2014-02-19,GUATAPE,8982500.0,GUATAPE
2014-02-20,GUATAPE,4607900.0,GUATAPE
2014-02-21,GUATAPE,12460400.0,GUATAPE
2014-02-22,GUATAPE,5604400.0,GUATAPE
2014-02-23,GUATAPE,4630700.0,GUATAPE
2014-02-24,GUATAPE,5144200.0,GUATAPE
2014-02-25,GUATAPE,11068200.0,GUATAPE
2014-02-26,GUATAPE,4041900.0,GUATAPE
2014-02-27,GUATAPE,31184000.0,GUATAPE
2014-02-28,GUATAPE,15223600.0,GUATAPE
2014-03-01,GUATAPE,5703200.0,GUATAPE
2014-03-02,GUATAPE,4137000.0,GUATAPE
2014-03-03,GUATAPE,12284400.0,GUATAPE
2014-03-04,GUATAPE,7360000.0,GUATAPE
2014-03-05,GUATAPE,5864200.0,GUATAPE
2014-03-06,GUATAPE,5693800.0,GUATAPE
2014-03-07,GUATAPE,6861600.0,GUATAPE
2014-03-08,GUATAPE,4263300.0,GUATAPE
2014-03-09,GUATAPE,3739500.0,GUATAPE
2014-03-10,GUATAPE,3895700.0,GUATAPE
2014-03-11,GUATAPE,6381900.0,GUATAPE
2014-03-12,GUATAPE,7691200.0,GUATAPE
2014-03-13,GUATAPE,5881300.0,GUATAPE
2014-03-14,GUATAPE,4385000.0,GUATAPE
2014-03-15,GUATAPE,4966200.0,GUATAPE
2014-03-16,GUATAPE,4386700.0,GUATAPE
2014-03-17,GUATAPE,4035000.0,GUATAPE
2014-03-18,GUATAPE,6247700.0,GUATAPE
2014-03-19,GUATAPE,2693700.0,GUATAPE
2014-03-20,GUATAPE,3033700.0,GUATAPE
2014-03-21,GUATAPE,4598200.0,GUATAPE
2014-03-22,GUATAPE,3416600.0,GUATAPE
2014-03-23,GUATAPE,4683200.0,GUATAPE
2014-03-24,GUATAPE,3938500.0,GUATAPE
2014-03-25,GUATAPE,6087600.0,GUATAPE
2014-03-26,GUATAPE,9438300.0,GUATAPE
2014-03-27,GUATAPE,3665400.0,GUATAPE
2014-03-28,GUATAPE,3985100.0,GUATAPE
2014-03-29,GUATAPE,3348700.0,GUATAPE
2014-03-30,GUATAPE,1881700.0,GUATAPE
2014-03-31,GUATAPE,4429300.0,GUATAPE
2014-04-01,GUATAPE,4500900.0,GUATAPE
2014-04-02,GUATAPE,2199000.0,GUATAPE
2014-04-03,GUATAPE,5286600.0,GUATAPE
2014-04-04,GUATAPE,3360700.0,GUATAPE
2014-04-05,GUATAPE,2807600.0,GUATAPE
2014-04-06,GUATAPE,3084300.0,GUATAPE
2014-04-07,GUATAPE,4261300.0,GUATAPE
2014-04-08,GUATAPE,1932300.0,GUATAPE
2014-04-09,GUATAPE,6467200.0,GUATAPE
2014-04-10,GUATAPE,2973600.0,GUATAPE
2014-04-11,GUATAPE,1642200.0,GUATAPE
2014-04-12,GUATAPE,3050000.0,GUATAPE
2014-04-13,GUATAPE,2974700.0,GUATAPE
2014-04-14,GUATAPE,4997000.0,GUATAPE
2014-04-15,GUATAPE,3207700.0,GUATAPE
2014-04-16,GUATAPE,6418300.0,GUATAPE
2014-04-17,GUATAPE,5292000.0,GUATAPE
2014-04-18,GUATAPE,4250400.0,GUATAPE
2014-04-19,GUATAPE,8580900.0,GUATAPE
2014-04-20,GUATAPE,5476100.0,GUATAPE
2014-04-21,GUATAPE,9250600.0,GUATAPE
2014-04-22,GUATAPE,6763700.0,GUATAPE
2014-04-23,GUATAPE,6189500.0,GUATAPE
2014-04-24,GUATAPE,14835200.0,GUATAPE
2014-04-25,GUATAPE,7434800.0,GUATAPE
2014-04-26,GUATAPE,20075200.0,GUATAPE
2014-04-27,GUATAPE,5106100.0,GUATAPE
2014-04-28,GUATAPE,6383600.0,GUATAPE
2014-04-29,GUATAPE,3785700.0,GUATAPE
2014-04-30,GUATAPE,8617600.0,GUATAPE
2014-05-01,GUATAPE,3398100.0,GUATAPE
2014-05-02,GUATAPE,2387900.0,GUATAPE
2014-05-03,GUATAPE,4047300.0,GUATAPE
2014-05-04,GUATAPE,3007700.0,GUATAPE
2014-05-05,GUATAPE,4569300.0,GUATAPE
2014-05-06,GUATAPE,13419500.0,GUATAPE
2014-05-07,GUATAPE,6206100.0,GUATAPE
2014-05-08,GUATAPE,6035100.0,GUATAPE
2014-05-09,GUATAPE,8690600.0,GUATAPE
2014-05-10,GUATAPE,5776000.0,GUATAPE
2014-05-11,GUATAPE,11736300.0,GUATAPE
2014-05-12,GUATAPE,9325100.0,GUATAPE
2014-05-13,GUATAPE,11327100.0,GUATAPE
2014-05-14,GUATAPE,12366100.0,GUATAPE
2014-05-15,GUATAPE,8942400.0,GUATAPE
2014-05-16,GUATAPE,5184700.0,GUATAPE
2014-05-17,GUATAPE,6982100.0,GUATAPE
2014-05-18,GUATAPE,6998600.0,GUATAPE
2014-05-19,GUATAPE,4858500.0,GUATAPE
2014-05-20,GUATAPE,3196000.0,GUATAPE
2014-05-21,GUATAPE,10597500.0,GUATAPE
2014-05-22,GUATAPE,4197000.0,GUATAPE
2014-05-23,GUATAPE,3385100.0,GUATAPE
2014-05-24,GUATAPE,5872100.0,GUATAPE
2014-05-25,GUATAPE,4156700.0,GUATAPE
2014-05-26,GUATAPE,3804300.0,GUATAPE
2014-05-27,GUATAPE,5020700.0,GUATAPE
2014-05-28,GUATAPE,5020700.0,GUATAPE
2014-05-29,GUATAPE,5641500.0,GUATAPE
2014-05-30,GUATAPE,4961900.0,GUATAPE
2014-05-31,GUATAPE,10385800.0,GUATAPE
2014-06-01,GUATAPE,5409800.0,GUATAPE
2014-06-02,GUATAPE,3389000.0,GUATAPE
2014-06-03,GUATAPE,6949900.0,GUATAPE
2014-06-04,GUATAPE,14377200.0,GUATAPE
2014-06-05,GUATAPE,6099300.0,GUATAPE
2014-06-06,GUATAPE,3963400.0,GUATAPE
2014-06-07,GUATAPE,6890700.0,GUATAPE
2014-06-08,GUATAPE,4789000.0,GUATAPE
2014-06-09,GUATAPE,3847600.0,GUATAPE
2014-06-10,GUATAPE,7891900.0,GUATAPE
2014-06-11,GUATAPE,3692900.0,GUATAPE
2014-06-12,GUATAPE,3648800.0,GUATAPE
2014-06-13,GUATAPE,3859300.0,GUATAPE
2014-06-14,GUATAPE,3032500.0,GUATAPE
2014-06-15,GUATAPE,4226200.0,GUATAPE
2014-06-16,GUATAPE,3503000.0,GUATAPE
2014-06-17,GUATAPE,3120900.0,GUATAPE
2014-06-18,GUATAPE,5632800.0,GUATAPE
2014-06-19,GUATAPE,3480900.0,GUATAPE
2014-06-20,GUATAPE,2992300.0,GUATAPE
2014-06-21,GUATAPE,3365600.0,GUATAPE
2014-06-22,GUATAPE,2849900.0,GUATAPE
2014-06-23,GUATAPE,1992400.0,GUATAPE
2014-06-24,GUATAPE,9698800.0,GUATAPE
2014-06-25,GUATAPE,16185600.0,GUATAPE
2014-06-26,GUATAPE,5524300.0,GUATAPE
2014-06-27,GUATAPE,4339800.0,GUATAPE
2014-06-28,GUATAPE,4682300.0,GUATAPE
2014-06-29,GUATAPE,2753800.0,GUATAPE
2014-06-30,GUATAPE,8652700.0,GUATAPE
2014-07-01,GUATAPE,3034200.0,GUATAPE
2014-07-02,GUATAPE,4253800.0,GUATAPE
2014-07-03,GUATAPE,4282800.0,GUATAPE
2014-07-04,GUATAPE,9923500.0,GUATAPE
2014-07-05,GUATAPE,8134100.0,GUATAPE
2014-07-06,GUATAPE,3821700.0,GUATAPE
2014-07-07,GUATAPE,7879700.0,GUATAPE
2014-07-08,GUATAPE,3298300.0,GUATAPE
2014-07-09,GUATAPE,3958300.0,GUATAPE
2014-07-10,GUATAPE,3009000.0,GUATAPE
2014-07-11,GUATAPE,3328400.0,GUATAPE
2014-07-12,GUATAPE,3353300.0,GUATAPE
2014-07-13,GUATAPE,2865500.0,GUATAPE
2014-07-14,GUATAPE,2564200.0,GUATAPE
2014-07-15,GUATAPE,2703000.0,GUATAPE
2014-07-16,GUATAPE,2282800.0,GUATAPE
2014-07-17,GUATAPE,2251800.0,GUATAPE
2014-07-18,GUATAPE,2250500.0,GUATAPE
2014-07-19,GUATAPE,3274100.0,GUATAPE
2014-07-20,GUATAPE,2127600.0,GUATAPE
2014-07-21,GUATAPE,2169400.0,GUATAPE
2014-07-22,GUATAPE,2627900.0,GUATAPE
2014-07-23,GUATAPE,1995600.0,GUATAPE
2014-07-24,GUATAPE,2078500.0,GUATAPE
2014-07-25,GUATAPE,1404600.0,GUATAPE
2014-07-26,GUATAPE,2935100.0,GUATAPE
2014-07-27,GUATAPE,3224500.0,GUATAPE
2014-07-28,GUATAPE,2319700.0,GUATAPE
2014-07-29,GUATAPE,1956500.0,GUATAPE
2014-07-30,GUATAPE,1874700.0,GUATAPE
2014-07-31,GUATAPE,1665400.0,GUATAPE
2014-08-01,GUATAPE,2724500.0,GUATAPE
2014-08-02,GUATAPE,1642200.0,GUATAPE
2014-08-03,GUATAPE,1942800.0,GUATAPE
2014-08-04,GUATAPE,3515400.0,GUATAPE
2014-08-05,GUATAPE,2197100.0,GUATAPE
2014-08-06,GUATAPE,3220100.0,GUATAPE
2014-08-07,GUATAPE,12327700.0,GUATAPE
2014-08-08,GUATAPE,10430400.0,GUATAPE
2014-08-09,GUATAPE,3220200.0,GUATAPE
2014-08-10,GUATAPE,8157600.0,GUATAPE
2014-08-11,GUATAPE,3224300.0,GUATAPE
2014-08-12,GUATAPE,6560400.0,GUATAPE
2014-08-13,GUATAPE,3230100.0,GUATAPE
2014-08-14,GUATAPE,5084400.0,GUATAPE
2014-08-15,GUATAPE,2186700.0,GUATAPE
2014-08-16,GUATAPE,2037100.0,GUATAPE
2014-08-17,GUATAPE,2470200.0,GUATAPE
2014-08-18,GUATAPE,2348400.0,GUATAPE
2014-08-19,GUATAPE,1786800.0,GUATAPE
2014-08-20,GUATAPE,2767500.0,GUATAPE
2014-08-21,GUATAPE,2497700.0,GUATAPE
2014-08-22,GUATAPE,2643000.0,GUATAPE
2014-08-23,GUATAPE,2598400.0,GUATAPE
2014-08-24,GUATAPE,3796000.0,GUATAPE
2014-08-25,GUATAPE,11944900.0,GUATAPE
2014-08-26,GUATAPE,1079200.0,GUATAPE
2014-08-27,GUATAPE,3631100.0,GUATAPE
2014-08-28,GUATAPE,6276900.0,GUATAPE
2014-08-29,GUATAPE,2425200.0,GUATAPE
2014-08-30,GUATAPE,2992300.0,GUATAPE
2014-08-31,GUATAPE,2830800.0,GUATAPE
2014-09-01,GUATAPE,2572700.0,GUATAPE
2014-09-02,GUATAPE,2795800.0,GUATAPE
2014-09-03,GUATAPE,3482500.0,GUATAPE
2014-09-04,GUATAPE,3461900.0,GUATAPE
2014-09-05,GUATAPE,3241300.0,GUATAPE
2014-09-06,GUATAPE,3069800.0,GUATAPE
2014-09-07,GUATAPE,2005300.0,GUATAPE
2014-09-08,GUATAPE,2561000.0,GUATAPE
2014-09-09,GUATAPE,2812000.0,GUATAPE
2014-09-10,GUATAPE,5148100.0,GUATAPE
2014-09-11,GUATAPE,7053900.0,GUATAPE
2014-09-12,GUATAPE,6905600.0,GUATAPE
2014-09-13,GUATAPE,18070900.0,GUATAPE
2014-09-14,GUATAPE,5600400.0,GUATAPE
2014-09-15,GUATAPE,5491800.0,GUATAPE
2014-09-16,GUATAPE,2494700.0,GUATAPE
2014-09-17,GUATAPE,6438600.0,GUATAPE
2014-09-18,GUATAPE,3579600.0,GUATAPE
2014-09-19,GUATAPE,5613800.0,GUATAPE
2014-09-20,GUATAPE,10185600.0,GUATAPE
2014-09-21,GUATAPE,7470000.0,GUATAPE
2014-09-22,GUATAPE,8367200.0,GUATAPE
2014-09-23,GUATAPE,5209900.0,GUATAPE
2014-09-24,GUATAPE,3774700.0,GUATAPE
2014-09-25,GUATAPE,10926600.0,GUATAPE
2014-09-26,GUATAPE,8339400.0,GUATAPE
2014-09-27,GUATAPE,6013100.0,GUATAPE
2014-09-28,GUATAPE,3799800.0,GUATAPE
2014-09-29,GUATAPE,6998000.0,GUATAPE
2014-09-30,GUATAPE,2176400.0,GUATAPE
2014-10-01,GUATAPE,3368600.0,GUATAPE
2014-10-02,GUATAPE,3425000.0,GUATAPE
2014-10-03,GUATAPE,2948500.0,GUATAPE
2014-10-04,GUATAPE,3443100.0,GUATAPE
2014-10-05,GUATAPE,4216900.0,GUATAPE
2014-10-06,GUATAPE,8674100.0,GUATAPE
2014-10-07,GUATAPE,20993600.0,GUATAPE
2014-10-08,GUATAPE,9355400.0,GUATAPE
2014-10-09,GUATAPE,22658700.0,GUATAPE
2014-10-10,GUATAPE,4912800.0,GUATAPE
2014-10-11,GUATAPE,7077900.0,GUATAPE
2014-10-12,GUATAPE,8649300.0,GUATAPE
2014-10-13,GUATAPE,17189300.0,GUATAPE
2014-10-14,GUATAPE,11650200.0,GUATAPE
2014-10-15,GUATAPE,11025700.0,GUATAPE
2014-10-16,GUATAPE,9892000.0,GUATAPE
2014-10-17,GUATAPE,11674400.0,GUATAPE
2014-10-18,GUATAPE,21745400.0,GUATAPE
2014-10-19,GUATAPE,13215300.0,GUATAPE
2014-10-20,GUATAPE,9865800.0,GUATAPE
2014-10-21,GUATAPE,4453700.0,GUATAPE
2014-10-22,GUATAPE,15161900.0,GUATAPE
2014-10-23,GUATAPE,4645600.0,GUATAPE
2014-10-24,GUATAPE,6378500.0,GUATAPE
2014-10-25,GUATAPE,5011600.0,GUATAPE
2014-10-26,GUATAPE,6762400.0,GUATAPE
2014-10-27,GUATAPE,4734300.0,GUATAPE
2014-10-28,GUATAPE,7104900.0,GUATAPE
2014-10-29,GUATAPE,10546700.0,GUATAPE
2014-10-30,GUATAPE,13872700.0,GUATAPE
2014-10-31,GUATAPE,13504000.0,GUATAPE
2014-11-01,GUATAPE,8916200.0,GUATAPE
2014-11-02,GUATAPE,7841900.0,GUATAPE
2014-11-03,GUATAPE,4500500.0,GUATAPE
2014-11-04,GUATAPE,9949900.0,GUATAPE
2014-11-05,GUATAPE,4906600.0,GUATAPE
2014-11-06,GUATAPE,5187800.0,GUATAPE
2014-11-07,GUATAPE,8431200.0,GUATAPE
2014-11-08,GUATAPE,4530400.0,GUATAPE
2014-11-09,GUATAPE,5790100.0,GUATAPE
2014-11-10,GUATAPE,5170200.0,GUATAPE
2014-11-11,GUATAPE,12682100.0,GUATAPE
2014-11-12,GUATAPE,7093300.0,GUATAPE
2014-11-13,GUATAPE,5459200.0,GUATAPE
2014-11-14,GUATAPE,18196600.0,GUATAPE
2014-11-15,GUATAPE,4848100.0,GUATAPE
2014-11-16,GUATAPE,5353800.0,GUATAPE
2014-11-17,GUATAPE,3076200.0,GUATAPE
2014-11-18,GUATAPE,5778100.0,GUATAPE
2014-11-19,GUATAPE,3430300.0,GUATAPE
2014-11-20,GUATAPE,4806700.0,GUATAPE
2014-11-21,GUATAPE,5322900.0,GUATAPE
2014-11-22,GUATAPE,6537400.0,GUATAPE
2014-11-23,GUATAPE,5691000.0,GUATAPE
2014-11-24,GUATAPE,17407400.0,GUATAPE
2014-11-25,GUATAPE,4946400.0,GUATAPE
2014-11-26,GUATAPE,5048800.0,GUATAPE
2014-11-27,GUATAPE,5322200.0,GUATAPE
2014-11-28,GUATAPE,4111500.0,GUATAPE
2014-11-29,GUATAPE,3085000.0,GUATAPE
2014-11-30,GUATAPE,10574200.0,GUATAPE
2014-12-01,GUATAPE,10230500.0,GUATAPE
2014-12-02,GUATAPE,8089000.0,GUATAPE
2014-12-03,GUATAPE,4310600.0,GUATAPE
2014-12-04,GUATAPE,4099800.0,GUATAPE
2014-12-05,GUATAPE,3153900.0,GUATAPE
2014-12-06,GUATAPE,5409100.0,GUATAPE
2014-12-07,GUATAPE,10428600.0,GUATAPE
2014-12-08,GUATAPE,8040900.0,GUATAPE
2014-12-09,GUATAPE,6194500.0,GUATAPE
2014-12-10,GUATAPE,6877100.0,GUATAPE
2014-12-11,GUATAPE,5643900.0,GUATAPE
2014-12-12,GUATAPE,4066600.0,GUATAPE
2014-12-13,GUATAPE,3387200.0,GUATAPE
2014-12-14,GUATAPE,2824700.0,GUATAPE
2014-12-15,GUATAPE,4030600.0,GUATAPE
2014-12-16,GUATAPE,4303200.0,GUATAPE
2014-12-17,GUATAPE,3684600.0,GUATAPE
2014-12-18,GUATAPE,3522000.0,GUATAPE
2014-12-19,GUATAPE,4790300.0,GUATAPE
2014-12-20,GUATAPE,5713600.0,GUATAPE
2014-12-21,GUATAPE,3460000.0,GUATAPE
2014-12-22,GUATAPE,3685700.0,GUATAPE
2014-12-23,GUATAPE,4305900.0,GUATAPE
2014-12-24,GUATAPE,3386200.0,GUATAPE
2014-12-25,GUATAPE,4767200.0,GUATAPE
2014-12-26,GUATAPE,3320100.0,GUATAPE
2014-12-27,GUATAPE,3700200.0,GUATAPE
2014-12-28,GUATAPE,2454800.0,GUATAPE
2014-12-29,GUATAPE,3065200.0,GUATAPE
2014-12-30,GUATAPE,2768500.0,GUATAPE
2014-12-31,GUATAPE,4177000.0,GUATAPE
2015-01-01,GUATAPE,4780700.0,GUATAPE
2015-01-02,GUATAPE,2371000.0,GUATAPE
2015-01-03,GUATAPE,2694100.0,GUATAPE
2015-01-04,GUATAPE,2550100.0,GUATAPE
2015-01-05,GUATAPE,1928300.0,GUATAPE
2015-01-06,GUATAPE,3265600.0,GUATAPE
2015-01-07,GUATAPE,2201800.0,GUATAPE
2015-01-08,GUATAPE,2482800.0,GUATAPE
2015-01-09,GUATAPE,2580000.0,GUATAPE
2015-01-10,GUATAPE,1510900.0,GUATAPE
2015-01-11,GUATAPE,2316100.0,GUATAPE
2015-01-12,GUATAPE,3053800.0,GUATAPE
2015-01-13,GUATAPE,2919800.0,GUATAPE
2015-01-14,GUATAPE,2239100.0,GUATAPE
2015-01-15,GUATAPE,2377600.0,GUATAPE
2015-01-16,GUATAPE,3225400.0,GUATAPE
2015-01-17,GUATAPE,2008700.0,GUATAPE
2015-01-18,GUATAPE,3859600.0,GUATAPE
2015-01-19,GUATAPE,2082900.0,GUATAPE
2015-01-20,GUATAPE,3661500.0,GUATAPE
2015-01-21,GUATAPE,11614100.0,GUATAPE
2015-01-22,GUATAPE,14137300.0,GUATAPE
2015-01-23,GUATAPE,7326900.0,GUATAPE
2015-01-24,GUATAPE,6318000.0,GUATAPE
2015-01-25,GUATAPE,4796800.0,GUATAPE
2015-01-26,GUATAPE,3115100.0,GUATAPE
2015-01-27,GUATAPE,2536700.0,GUATAPE
2015-01-28,GUATAPE,3566600.0,GUATAPE
2015-01-29,GUATAPE,3212000.0,GUATAPE
2015-01-30,GUATAPE,9632400.0,GUATAPE
2015-01-31,GUATAPE,7618400.0,GUATAPE
2015-02-01,GUATAPE,9548400.0,GUATAPE
2015-02-02,GUATAPE,4532800.0,GUATAPE
2015-02-03,GUATAPE,5636300.0,GUATAPE
2015-02-04,GUATAPE,2598500.0,GUATAPE
2015-02-05,GUATAPE,1356700.0,GUATAPE
2015-02-06,GUATAPE,8352700.0,GUATAPE
2015-02-07,GUATAPE,4236700.0,GUATAPE
2015-02-08,GUATAPE,4829000.0,GUATAPE
2015-02-09,GUATAPE,6079500.0,GUATAPE
2015-02-10,GUATAPE,5107900.0,GUATAPE
2015-02-11,GUATAPE,3703100.0,GUATAPE
2015-02-12,GUATAPE,3695100.0,GUATAPE
2015-02-13,GUATAPE,18820300.0,GUATAPE
2015-02-14,GUATAPE,4110000.0,GUATAPE
2015-02-15,GUATAPE,4647800.0,GUATAPE
2015-02-16,GUATAPE,2737400.0,GUATAPE
2015-02-17,GUATAPE,4454700.0,GUATAPE
2015-02-18,GUATAPE,1896900.0,GUATAPE
2015-02-19,GUATAPE,3136400.0,GUATAPE
2015-02-20,GUATAPE,3078300.0,GUATAPE
2015-02-21,GUATAPE,2783000.0,GUATAPE
2015-02-22,GUATAPE,3332100.0,GUATAPE
2015-02-23,GUATAPE,2570200.0,GUATAPE
2015-02-24,GUATAPE,1946700.0,GUATAPE
2015-02-25,GUATAPE,4091900.0,GUATAPE
2015-02-26,GUATAPE,2986000.0,GUATAPE
2015-02-27,GUATAPE,3523300.0,GUATAPE
2015-02-28,GUATAPE,6379500.0,GUATAPE
2015-03-01,GUATAPE,6886200.0,GUATAPE
2015-03-02,GUATAPE,5624100.0,GUATAPE
2015-03-03,GUATAPE,3160200.0,GUATAPE
2015-03-04,GUATAPE,2215600.0,GUATAPE
2015-03-05,GUATAPE,4476000.0,GUATAPE
2015-03-06,GUATAPE,7117100.0,GUATAPE
2015-03-07,GUATAPE,6114100.0,GUATAPE
2015-03-08,GUATAPE,4891700.0,GUATAPE
2015-03-09,GUATAPE,3398200.0,GUATAPE
2015-03-10,GUATAPE,7989900.0,GUATAPE
2015-03-11,GUATAPE,4191900.0,GUATAPE
2015-03-12,GUATAPE,7107500.0,GUATAPE
2015-03-13,GUATAPE,5244200.0,GUATAPE
2015-03-14,GUATAPE,4135600.0,GUATAPE
2015-03-15,GUATAPE,4389900.0,GUATAPE
2015-03-16,GUATAPE,3282600.0,GUATAPE
2015-03-17,GUATAPE,4208900.0,GUATAPE
2015-03-18,GUATAPE,4322400.0,GUATAPE
2015-03-19,GUATAPE,5446400.0,GUATAPE
2015-03-20,GUATAPE,7104400.0,GUATAPE
2015-03-21,GUATAPE,5117400.0,GUATAPE
2015-03-22,GUATAPE,2972600.0,GUATAPE
2015-03-23,GUATAPE,4041900.0,GUATAPE
2015-03-24,GUATAPE,2875000.0,GUATAPE
2015-03-25,GUATAPE,2347200.0,GUATAPE
2015-03-26,GUATAPE,2303300.0,GUATAPE
2015-03-27,GUATAPE,3864300.0,GUATAPE
2015-03-28,GUATAPE,8015600.0,GUATAPE
2015-03-29,GUATAPE,7226400.0,GUATAPE
2015-03-30,GUATAPE,7998300.0,GUATAPE
2015-03-31,GUATAPE,6993800.0,GUATAPE
2015-04-01,GUATAPE,4844300.0,GUATAPE
2015-04-02,GUATAPE,5136600.0,GUATAPE
2015-04-03,GUATAPE,7225400.0,GUATAPE
2015-04-04,GUATAPE,8190400.0,GUATAPE
2015-04-05,GUATAPE,4923200.0,GUATAPE
2015-04-06,GUATAPE,5031900.0,GUATAPE
2015-04-07,GUATAPE,12234700.0,GUATAPE
2015-04-08,GUATAPE,8769100.0,GUATAPE
2015-04-09,GUATAPE,3263200.0,GUATAPE
2015-04-10,GUATAPE,5984200.0,GUATAPE
2015-04-11,GUATAPE,19749400.0,GUATAPE
2015-04-12,GUATAPE,5561900.0,GUATAPE
2015-04-13,GUATAPE,4607000.0,GUATAPE
2015-04-14,GUATAPE,24747100.0,GUATAPE
2015-04-15,GUATAPE,14533800.0,GUATAPE
2015-04-16,GUATAPE,11076200.0,GUATAPE
2015-04-17,GUATAPE,15879500.0,GUATAPE
2015-04-18,GUATAPE,5921700.0,GUATAPE
2015-04-19,GUATAPE,8672200.0,GUATAPE
2015-04-20,GUATAPE,14599200.0,GUATAPE
2015-04-21,GUATAPE,7889000.0,GUATAPE
2015-04-22,GUATAPE,4327500.0,GUATAPE
2015-04-23,GUATAPE,6219000.0,GUATAPE
2015-04-24,GUATAPE,5215500.0,GUATAPE
2015-04-25,GUATAPE,4635600.0,GUATAPE
2015-04-26,GUATAPE,4324100.0,GUATAPE
2015-04-27,GUATAPE,4863200.0,GUATAPE
2015-04-28,GUATAPE,6144300.0,GUATAPE
2015-04-29,GUATAPE,4714700.0,GUATAPE
2015-04-30,GUATAPE,3595100.0,GUATAPE
2015-05-01,GUATAPE,7996900.0,GUATAPE
2015-05-02,GUATAPE,3786400.0,GUATAPE
2015-05-03,GUATAPE,4813800.0,GUATAPE
2015-05-04,GUATAPE,4118800.0,GUATAPE
2015-05-05,GUATAPE,4455800.0,GUATAPE
2015-05-06,GUATAPE,8997200.0,GUATAPE
2015-05-07,GUATAPE,9896500.0,GUATAPE
2015-05-08,GUATAPE,11815200.0,GUATAPE
2015-05-09,GUATAPE,3824700.0,GUATAPE
2015-05-10,GUATAPE,3058500.0,GUATAPE
2015-05-11,GUATAPE,4309600.0,GUATAPE
2015-05-12,GUATAPE,2854500.0,GUATAPE
2015-05-13,GUATAPE,2473600.0,GUATAPE
2015-05-14,GUATAPE,3595200.0,GUATAPE
2015-05-15,GUATAPE,3679400.0,GUATAPE
2015-05-16,GUATAPE,4626500.0,GUATAPE
2015-05-17,GUATAPE,3897000.0,GUATAPE
2015-05-18,GUATAPE,5866400.0,GUATAPE
2015-05-19,GUATAPE,5095200.0,GUATAPE
2015-05-20,GUATAPE,6590500.0,GUATAPE
2015-05-21,GUATAPE,21510100.0,GUATAPE
2015-05-22,GUATAPE,5727800.0,GUATAPE
2015-05-23,GUATAPE,3861900.0,GUATAPE
2015-05-24,GUATAPE,62500.0,GUATAPE
2015-05-25,GUATAPE,7661300.0,GUATAPE
2015-05-26,GUATAPE,3389400.0,GUATAPE
2015-05-27,GUATAPE,6763300.0,GUATAPE
2015-05-28,GUATAPE,4475200.0,GUATAPE
2015-05-29,GUATAPE,13075400.0,GUATAPE
2015-05-30,GUATAPE,11504800.0,GUATAPE
2015-05-31,GUATAPE,7186900.0,GUATAPE
2015-06-01,GUATAPE,4609900.0,GUATAPE
2015-06-02,GUATAPE,4031300.0,GUATAPE
2015-06-03,GUATAPE,3462400.0,GUATAPE
2015-06-04,GUATAPE,3395600.0,GUATAPE
2015-06-05,GUATAPE,3446100.0,GUATAPE
2015-06-06,GUATAPE,3279000.0,GUATAPE
2015-06-07,GUATAPE,7299900.0,GUATAPE
2015-06-08,GUATAPE,4089600.0,GUATAPE
2015-06-09,GUATAPE,7246800.0,GUATAPE
2015-06-10,GUATAPE,17316400.0,GUATAPE
2015-06-11,GUATAPE,3682400.0,GUATAPE
2015-06-12,GUATAPE,3559400.0,GUATAPE
2015-06-13,GUATAPE,3513700.0,GUATAPE
2015-06-14,GUATAPE,3522100.0,GUATAPE
2015-06-15,GUATAPE,4236700.0,GUATAPE
2015-06-16,GUATAPE,3004900.0,GUATAPE
2015-06-17,GUATAPE,4413300.0,GUATAPE
2015-06-18,GUATAPE,1814600.0,GUATAPE
2015-06-19,GUATAPE,3705400.0,GUATAPE
2015-06-20,GUATAPE,3054500.0,GUATAPE
2015-06-21,GUATAPE,2452100.0,GUATAPE
2015-06-22,GUATAPE,2413500.0,GUATAPE
2015-06-23,GUATAPE,1937700.0,GUATAPE
2015-06-24,GUATAPE,2090200.0,GUATAPE
2015-06-25,GUATAPE,2702500.0,GUATAPE
2015-06-26,GUATAPE,2871900.0,GUATAPE
2015-06-27,GUATAPE,2434100.0,GUATAPE
2015-06-28,GUATAPE,2796300.0,GUATAPE
2015-06-29,GUATAPE,2006100.0,GUATAPE
2015-06-30,GUATAPE,2059500.0,GUATAPE
2015-07-01,GUATAPE,2562300.0,GUATAPE
2015-07-02,GUATAPE,1818300.0,GUATAPE
2015-07-03,GUATAPE,1084200.0,GUATAPE
2015-07-04,GUATAPE,2574800.0,GUATAPE
2015-07-05,GUATAPE,2130100.0,GUATAPE
2015-07-06,GUATAPE,3752400.0,GUATAPE
2015-07-07,GUATAPE,4233300.0,GUATAPE
2015-07-08,GUATAPE,14654600.0,GUATAPE
2015-07-09,GUATAPE,6323000.0,GUATAPE
2015-07-10,GUATAPE,7469800.0,GUATAPE
2015-07-11,GUATAPE,2835100.0,GUATAPE
2015-07-12,GUATAPE,12469700.0,GUATAPE
2015-07-13,GUATAPE,1412300.0,GUATAPE
2015-07-14,GUATAPE,3202400.0,GUATAPE
2015-07-15,GUATAPE,9001300.0,GUATAPE
2015-07-16,GUATAPE,17453200.0,GUATAPE
2015-07-17,GUATAPE,3970300.0,GUATAPE
2015-07-18,GUATAPE,14308800.0,GUATAPE
2015-07-19,GUATAPE,7916900.0,GUATAPE
2015-07-20,GUATAPE,16012100.0,GUATAPE
2015-07-21,GUATAPE,6420700.0,GUATAPE
2015-07-22,GUATAPE,4453100.0,GUATAPE
2015-07-23,GUATAPE,4648800.0,GUATAPE
2015-07-24,GUATAPE,3544900.0,GUATAPE
2015-07-25,GUATAPE,4066100.0,GUATAPE
2015-07-26,GUATAPE,4137800.0,GUATAPE
2015-07-27,GUATAPE,4035700.0,GUATAPE
2015-07-28,GUATAPE,4803400.0,GUATAPE
2015-07-29,GUATAPE,8517000.0,GUATAPE
2015-07-30,GUATAPE,9802500.0,GUATAPE
2015-07-31,GUATAPE,3810300.0,GUATAPE
2015-08-01,GUATAPE,6979200.0,GUATAPE
2015-08-02,GUATAPE,4301800.0,GUATAPE
2015-08-03,GUATAPE,3261500.0,GUATAPE
2015-08-04,GUATAPE,3882500.0,GUATAPE
2015-08-05,GUATAPE,1825000.0,GUATAPE
2015-08-06,GUATAPE,1207500.0,GUATAPE
2015-08-07,GUATAPE,2890300.0,GUATAPE
2015-08-08,GUATAPE,5089400.0,GUATAPE
2015-08-09,GUATAPE,13838900.0,GUATAPE
2015-08-10,GUATAPE,2342000.0,GUATAPE
2015-08-11,GUATAPE,4731900.0,GUATAPE
2015-08-12,GUATAPE,3596200.0,GUATAPE
2015-08-13,GUATAPE,3886100.0,GUATAPE
2015-08-14,GUATAPE,8516400.0,GUATAPE
2015-08-15,GUATAPE,2857600.0,GUATAPE
2015-08-16,GUATAPE,3275800.0,GUATAPE
2015-08-17,GUATAPE,2227700.0,GUATAPE
2015-08-18,GUATAPE,6435400.0,GUATAPE
2015-08-19,GUATAPE,4365200.0,GUATAPE
2015-08-20,GUATAPE,9230700.0,GUATAPE
2015-08-21,GUATAPE,7486500.0,GUATAPE
2015-08-22,GUATAPE,2721900.0,GUATAPE
2015-08-23,GUATAPE,5136800.0,GUATAPE
2015-08-24,GUATAPE,6399000.0,GUATAPE
2015-08-25,GUATAPE,5779600.0,GUATAPE
2015-08-26,GUATAPE,16146400.0,GUATAPE
2015-08-27,GUATAPE,13555400.0,GUATAPE
2015-08-28,GUATAPE,12911300.0,GUATAPE
2015-08-29,GUATAPE,3747400.0,GUATAPE
2015-08-30,GUATAPE,2231800.0,GUATAPE
2015-08-31,GUATAPE,4160100.0,GUATAPE
2015-09-01,GUATAPE,1123500.0,GUATAPE
2015-09-02,GUATAPE,4610400.0,GUATAPE
2015-09-03,GUATAPE,3064600.0,GUATAPE
2015-09-04,GUATAPE,7184200.0,GUATAPE
2015-09-05,GUATAPE,10651500.0,GUATAPE
2015-09-06,GUATAPE,16547300.0,GUATAPE
2015-09-07,GUATAPE,8708200.0,GUATAPE
2015-09-08,GUATAPE,11765700.0,GUATAPE
2015-09-09,GUATAPE,3506300.0,GUATAPE
2015-09-10,GUATAPE,7931200.0,GUATAPE
2015-09-11,GUATAPE,9360600.0,GUATAPE
2015-09-12,GUATAPE,3982900.0,GUATAPE
2015-09-13,GUATAPE,2936000.0,GUATAPE
2015-09-14,GUATAPE,2495000.0,GUATAPE
2015-09-15,GUATAPE,4132200.0,GUATAPE
2015-09-16,GUATAPE,4175100.0,GUATAPE
2015-09-17,GUATAPE,3646700.0,GUATAPE
2015-09-18,GUATAPE,12003900.0,GUATAPE
2015-09-19,GUATAPE,8941700.0,GUATAPE
2015-09-20,GUATAPE,11979100.0,GUATAPE
2015-09-21,GUATAPE,6982700.0,GUATAPE
2015-09-22,GUATAPE,3318200.0,GUATAPE
2015-09-23,GUATAPE,4276300.0,GUATAPE
2015-09-24,GUATAPE,4096300.0,GUATAPE
2015-09-25,GUATAPE,3159100.0,GUATAPE
2015-09-26,GUATAPE,2719100.0,GUATAPE
2015-09-27,GUATAPE,2668300.0,GUATAPE
2015-09-28,GUATAPE,2966900.0,GUATAPE
2015-09-29,GUATAPE,4477400.0,GUATAPE
2015-09-30,GUATAPE,5433600.0,GUATAPE
2015-10-01,GUATAPE,1714300.0,GUATAPE
2015-10-02,GUATAPE,4126800.0,GUATAPE
2015-10-03,GUATAPE,8812500.0,GUATAPE
2015-10-04,GUATAPE,4332200.0,GUATAPE
2015-10-05,GUATAPE,4676200.0,GUATAPE
2015-10-06,GUATAPE,2142900.0,GUATAPE
2015-10-07,GUATAPE,7595200.0,GUATAPE
2015-10-08,GUATAPE,5298700.0,GUATAPE
2015-10-09,GUATAPE,9360500.0,GUATAPE
2015-10-10,GUATAPE,4586400.0,GUATAPE
2015-10-11,GUATAPE,12183100.0,GUATAPE
2015-10-12,GUATAPE,4259400.0,GUATAPE
2015-10-13,GUATAPE,8844500.0,GUATAPE
2015-10-14,GUATAPE,5012100.0,GUATAPE
2015-10-15,GUATAPE,5892000.0,GUATAPE
2015-10-16,GUATAPE,4895300.0,GUATAPE
2015-10-17,GUATAPE,3714300.0,GUATAPE
2015-10-18,GUATAPE,3869700.0,GUATAPE
2015-10-19,GUATAPE,3387800.0,GUATAPE
2015-10-20,GUATAPE,3434100.0,GUATAPE
2015-10-21,GUATAPE,3310100.0,GUATAPE
2015-10-22,GUATAPE,3605300.0,GUATAPE
2015-10-23,GUATAPE,2816700.0,GUATAPE
2015-10-24,GUATAPE,3530800.0,GUATAPE
2015-10-25,GUATAPE,4882000.0,GUATAPE
2015-10-26,GUATAPE,3655400.0,GUATAPE
2015-10-27,GUATAPE,1865800.0,GUATAPE
2015-10-28,GUATAPE,3961700.0,GUATAPE
2015-10-29,GUATAPE,7228500.0,GUATAPE
2015-10-30,GUATAPE,4606000.0,GUATAPE
2015-10-31,GUATAPE,4742700.0,GUATAPE
2015-11-01,GUATAPE,5851600.0,GUATAPE
2015-11-02,GUATAPE,5735900.0,GUATAPE
2015-11-03,GUATAPE,3122300.0,GUATAPE
2015-11-04,GUATAPE,9738700.0,GUATAPE
2015-11-05,GUATAPE,11200100.0,GUATAPE
2015-11-06,GUATAPE,10951100.0,GUATAPE
2015-11-07,GUATAPE,4225400.0,GUATAPE
2015-11-08,GUATAPE,3891100.0,GUATAPE
2015-11-09,GUATAPE,4795300.0,GUATAPE
2015-11-10,GUATAPE,16305500.0,GUATAPE
2015-11-11,GUATAPE,8219100.0,GUATAPE
2015-11-12,GUATAPE,7066700.0,GUATAPE
2015-11-13,GUATAPE,4001500.0,GUATAPE
2015-11-14,GUATAPE,3634900.0,GUATAPE
2015-11-15,GUATAPE,6285700.0,GUATAPE
2015-11-16,GUATAPE,4875800.0,GUATAPE
2015-11-17,GUATAPE,4580700.0,GUATAPE
2015-11-18,GUATAPE,3619000.0,GUATAPE
2015-11-19,GUATAPE,4164100.0,GUATAPE
2015-11-20,GUATAPE,6281200.0,GUATAPE
2015-11-21,GUATAPE,7071800.0,GUATAPE
2015-11-22,GUATAPE,8151400.0,GUATAPE
2015-11-23,GUATAPE,6004500.0,GUATAPE
2015-11-24,GUATAPE,4215200.0,GUATAPE
2015-11-25,GUATAPE,4191800.0,GUATAPE
2015-11-26,GUATAPE,6127000.0,GUATAPE
2015-11-27,GUATAPE,12277600.0,GUATAPE
2015-11-28,GUATAPE,5871000.0,GUATAPE
2015-11-29,GUATAPE,3471200.0,GUATAPE
2015-11-30,GUATAPE,3509700.0,GUATAPE
2015-12-01,GUATAPE,4506800.0,GUATAPE
2015-12-02,GUATAPE,3997300.0,GUATAPE
2015-12-03,GUATAPE,5065600.0,GUATAPE
2015-12-04,GUATAPE,4271100.0,GUATAPE
2015-12-05,GUATAPE,4499400.0,GUATAPE
2015-12-06,GUATAPE,5432400.0,GUATAPE
2015-12-07,GUATAPE,4339800.0,GUATAPE
2015-12-08,GUATAPE,4955100.0,GUATAPE
2015-12-09,GUATAPE,3861300.0,GUATAPE
2015-12-10,GUATAPE,7020800.0,GUATAPE
2015-12-11,GUATAPE,3691700.0,GUATAPE
2015-12-12,GUATAPE,3256200.0,GUATAPE
2015-12-13,GUATAPE,3337400.0,GUATAPE
2015-12-14,GUATAPE,4517100.0,GUATAPE
2015-12-15,GUATAPE,5929900.0,GUATAPE
2015-12-16,GUATAPE,2484400.0,GUATAPE
2015-12-17,GUATAPE,5776900.0,GUATAPE
2015-12-18,GUATAPE,3021700.0,GUATAPE
2015-12-19,GUATAPE,3541900.0,GUATAPE
2015-12-20,GUATAPE,3064600.0,GUATAPE
2015-12-21,GUATAPE,3014300.0,GUATAPE
2015-12-22,GUATAPE,3196400.0,GUATAPE
2015-12-23,GUATAPE,2128500.0,GUATAPE
2015-12-24,GUATAPE,2856100.0,GUATAPE
2015-12-25,GUATAPE,2442700.0,GUATAPE
2015-12-26,GUATAPE,2886900.0,GUATAPE
2015-12-27,GUATAPE,2065800.0,GUATAPE
2015-12-28,GUATAPE,2741200.0,GUATAPE
2015-12-29,GUATAPE,2794600.0,GUATAPE
2015-12-30,GUATAPE,2318700.0,GUATAPE
2015-12-31,GUATAPE,2955400.0,GUATAPE
2016-01-01,GUATAPE,2724600.0,GUATAPE
2016-01-02,GUATAPE,3546400.0,GUATAPE
2016-01-03,GUATAPE,2219800.0,GUATAPE
2016-01-04,GUATAPE,3940200.0,GUATAPE
2016-01-05,GUATAPE,2649400.0,GUATAPE
2016-01-06,GUATAPE,3779600.0,GUATAPE
2016-01-07,GUATAPE,2910000.0,GUATAPE
2016-01-08,GUATAPE,2606900.0,GUATAPE
2016-01-09,GUATAPE,2132100.0,GUATAPE
2016-01-10,GUATAPE,2411500.0,GUATAPE
2016-01-11,GUATAPE,2041500.0,GUATAPE
2016-01-12,GUATAPE,2249000.0,GUATAPE
2016-01-13,GUATAPE,1287500.0,GUATAPE
2016-01-14,GUATAPE,2510500.0,GUATAPE
2016-01-15,GUATAPE,2815600.0,GUATAPE
2016-01-16,GUATAPE,2157400.0,GUATAPE
2016-01-17,GUATAPE,2994400.0,GUATAPE
2016-01-18,GUATAPE,463800.0,GUATAPE
2016-01-19,GUATAPE,1924100.0,GUATAPE
2016-01-20,GUATAPE,2218300.0,GUATAPE
2016-01-21,GUATAPE,1647700.0,GUATAPE
2016-01-22,GUATAPE,1843100.0,GUATAPE
2016-01-23,GUATAPE,2583200.0,GUATAPE
2016-01-24,GUATAPE,1760700.0,GUATAPE
2016-01-25,GUATAPE,2125500.0,GUATAPE
2016-01-26,GUATAPE,1783300.0,GUATAPE
2016-01-27,GUATAPE,1041800.0,GUATAPE
2016-01-28,GUATAPE,1290900.0,GUATAPE
2016-01-29,GUATAPE,2383000.0,GUATAPE
2016-01-30,GUATAPE,1986500.0,GUATAPE
2016-01-31,GUATAPE,2063800.0,GUATAPE
2016-02-01,GUATAPE,1108500.0,GUATAPE
2016-02-02,GUATAPE,1641600.0,GUATAPE
2016-02-03,GUATAPE,1691200.0,GUATAPE
2016-02-04,GUATAPE,1566900.0,GUATAPE
2016-02-05,GUATAPE,1822200.0,GUATAPE
2016-02-06,GUATAPE,1974200.0,GUATAPE
2016-02-07,GUATAPE,1286300.0,GUATAPE
2016-02-08,GUATAPE,1416000.0,GUATAPE
2016-02-09,GUATAPE,1480800.0,GUATAPE
2016-02-10,GUATAPE,2084200.0,GUATAPE
2016-02-11,GUATAPE,1190300.0,GUATAPE
2016-02-12,GUATAPE,3095300.0,GUATAPE
2016-02-13,GUATAPE,1332900.0,GUATAPE
2016-02-14,GUATAPE,1491500.0,GUATAPE
2016-02-15,GUATAPE,3996200.0,GUATAPE
2016-02-16,GUATAPE,2737800.0,GUATAPE
2016-02-17,GUATAPE,9370700.0,GUATAPE
2016-02-18,GUATAPE,2557900.0,GUATAPE
2016-02-19,GUATAPE,1828600.0,GUATAPE
2016-02-20,GUATAPE,1186800.0,GUATAPE
2016-02-21,GUATAPE,8809100.0,GUATAPE
2016-02-22,GUATAPE,2949400.0,GUATAPE
2016-02-23,GUATAPE,4057500.0,GUATAPE
2016-02-24,GUATAPE,2383600.0,GUATAPE
2016-02-25,GUATAPE,2193300.0,GUATAPE
2016-02-26,GUATAPE,2261500.0,GUATAPE
2016-02-27,GUATAPE,1790900.0,GUATAPE
2016-02-28,GUATAPE,2538500.0,GUATAPE
2016-02-29,GUATAPE,1876600.0,GUATAPE
2016-03-01,GUATAPE,5003200.0,GUATAPE
2016-03-02,GUATAPE,2449100.0,GUATAPE
2016-03-03,GUATAPE,1536200.0,GUATAPE
2016-03-04,GUATAPE,2536000.0,GUATAPE
2016-03-05,GUATAPE,2547100.0,GUATAPE
2016-03-06,GUATAPE,1632700.0,GUATAPE
2016-03-07,GUATAPE,2339400.0,GUATAPE
2016-03-08,GUATAPE,2418600.0,GUATAPE
2016-03-09,GUATAPE,2499400.0,GUATAPE
2016-03-10,GUATAPE,1863700.0,GUATAPE
2016-03-11,GUATAPE,1776900.0,GUATAPE
2016-03-12,GUATAPE,2209900.0,GUATAPE
2016-03-13,GUATAPE,2019400.0,GUATAPE
2016-03-14,GUATAPE,1997600.0,GUATAPE
2016-03-15,GUATAPE,1611900.0,GUATAPE
2016-03-16,GUATAPE,1602600.0,GUATAPE
2016-03-17,GUATAPE,4598900.0,GUATAPE
2016-03-18,GUATAPE,2210700.0,GUATAPE
2016-03-19,GUATAPE,2066600.0,GUATAPE
2016-03-20,GUATAPE,4764400.0,GUATAPE
2016-03-21,GUATAPE,1998100.0,GUATAPE
2016-03-22,GUATAPE,2006000.0,GUATAPE
2016-03-23,GUATAPE,1700400.0,GUATAPE
2016-03-24,GUATAPE,1656000.0,GUATAPE
2016-03-25,GUATAPE,2101500.0,GUATAPE
2016-03-26,GUATAPE,2540000.0,GUATAPE
2016-03-27,GUATAPE,3877900.0,GUATAPE
2016-03-28,GUATAPE,2091700.0,GUATAPE
2016-03-29,GUATAPE,1811600.0,GUATAPE
2016-03-30,GUATAPE,4338400.0,GUATAPE
2016-03-31,GUATAPE,2541000.0,GUATAPE
2016-04-01,GUATAPE,2058600.0,GUATAPE
2016-04-02,GUATAPE,4045000.0,GUATAPE
2016-04-03,GUATAPE,2236100.0,GUATAPE
2016-04-04,GUATAPE,3041800.0,GUATAPE
2016-04-05,GUATAPE,3941300.0,GUATAPE
2016-04-06,GUATAPE,3476300.0,GUATAPE
2016-04-07,GUATAPE,2141800.0,GUATAPE
2016-04-08,GUATAPE,3338100.0,GUATAPE
2016-04-09,GUATAPE,12700000.0,GUATAPE
2016-04-10,GUATAPE,3225900.0,GUATAPE
2016-04-11,GUATAPE,3402200.0,GUATAPE
2016-04-12,GUATAPE,3472300.0,GUATAPE
2016-04-13,GUATAPE,2784700.0,GUATAPE
2016-04-14,GUATAPE,2820300.0,GUATAPE
2016-04-15,GUATAPE,2881900.0,GUATAPE
2016-04-16,GUATAPE,5874100.0,GUATAPE
2016-04-17,GUATAPE,2812000.0,GUATAPE
2016-04-18,GUATAPE,3406300.0,GUATAPE
2016-04-19,GUATAPE,2064800.0,GUATAPE
2016-04-20,GUATAPE,4624100.0,GUATAPE
2016-04-21,GUATAPE,3182200.0,GUATAPE
2016-04-22,GUATAPE,2167900.0,GUATAPE
2016-04-23,GUATAPE,1791100.0,GUATAPE
2016-04-24,GUATAPE,7996000.0,GUATAPE
2016-04-25,GUATAPE,4002900.0,GUATAPE
2016-04-26,GUATAPE,6205600.0,GUATAPE
2016-04-27,GUATAPE,11086300.0,GUATAPE
2016-04-28,GUATAPE,6734900.0,GUATAPE
2016-04-29,GUATAPE,8643700.0,GUATAPE
2016-04-30,GUATAPE,3752900.0,GUATAPE
2016-05-01,GUATAPE,2940400.0,GUATAPE
2016-05-02,GUATAPE,5373700.0,GUATAPE
2016-05-03,GUATAPE,3120300.0,GUATAPE
2016-05-04,GUATAPE,13070900.0,GUATAPE
2016-05-05,GUATAPE,2482700.0,GUATAPE
2016-05-06,GUATAPE,12804300.0,GUATAPE
2016-05-07,GUATAPE,4881700.0,GUATAPE
2016-05-08,GUATAPE,9149200.0,GUATAPE
2016-05-09,GUATAPE,9543400.0,GUATAPE
2016-05-10,GUATAPE,4867500.0,GUATAPE
2016-05-11,GUATAPE,3638600.0,GUATAPE
2016-05-12,GUATAPE,3619200.0,GUATAPE
2016-05-13,GUATAPE,2798500.0,GUATAPE
2016-05-14,GUATAPE,3505700.0,GUATAPE
2016-05-15,GUATAPE,2923000.0,GUATAPE
2016-05-16,GUATAPE,2052000.0,GUATAPE
2016-05-17,GUATAPE,3039900.0,GUATAPE
2016-05-18,GUATAPE,2355000.0,GUATAPE
2016-05-19,GUATAPE,1834000.0,GUATAPE
2016-05-20,GUATAPE,2627900.0,GUATAPE
2016-05-21,GUATAPE,2189600.0,GUATAPE
2016-05-22,GUATAPE,4250200.0,GUATAPE
2016-05-23,GUATAPE,2435900.0,GUATAPE
2016-05-24,GUATAPE,2561400.0,GUATAPE
2016-05-25,GUATAPE,2445800.0,GUATAPE
2016-05-26,GUATAPE,5423200.0,GUATAPE
2016-05-27,GUATAPE,6173500.0,GUATAPE
2016-05-28,GUATAPE,4226400.0,GUATAPE
2016-05-29,GUATAPE,2490600.0,GUATAPE
2016-05-30,GUATAPE,2537400.0,GUATAPE
2016-05-31,GUATAPE,4102800.0,GUATAPE
2016-06-01,GUATAPE,3147500.0,GUATAPE
2016-06-02,GUATAPE,2354200.0,GUATAPE
2016-06-03,GUATAPE,2261900.0,GUATAPE
2016-06-04,GUATAPE,2299300.0,GUATAPE
2016-06-05,GUATAPE,2916900.0,GUATAPE
2016-06-06,GUATAPE,3583100.0,GUATAPE
2016-06-07,GUATAPE,6079000.0,GUATAPE
2016-06-08,GUATAPE,3071200.0,GUATAPE
2016-06-09,GUATAPE,2756900.0,GUATAPE
2016-06-10,GUATAPE,2483400.0,GUATAPE
2016-06-11,GUATAPE,2268300.0,GUATAPE
2016-06-12,GUATAPE,3094100.0,GUATAPE
2016-06-13,GUATAPE,2349100.0,GUATAPE
2016-06-14,GUATAPE,1873800.0,GUATAPE
2016-06-15,GUATAPE,2022200.0,GUATAPE
2016-06-16,GUATAPE,2397500.0,GUATAPE
2016-06-17,GUATAPE,2511300.0,GUATAPE
2016-06-18,GUATAPE,3008900.0,GUATAPE
2016-06-19,GUATAPE,2783900.0,GUATAPE
2016-06-20,GUATAPE,3037000.0,GUATAPE
2016-06-21,GUATAPE,2650100.0,GUATAPE
2016-06-22,GUATAPE,2422200.0,GUATAPE
2016-06-23,GUATAPE,2535800.0,GUATAPE
2016-06-24,GUATAPE,2253800.0,GUATAPE
2016-06-25,GUATAPE,2370500.0,GUATAPE
2016-06-26,GUATAPE,2194800.0,GUATAPE
2016-06-27,GUATAPE,1983300.0,GUATAPE
2016-06-28,GUATAPE,1428900.0,GUATAPE
2016-06-29,GUATAPE,2709900.0,GUATAPE
2016-06-30,GUATAPE,2692400.0,GUATAPE
2016-07-01,GUATAPE,1442600.0,GUATAPE
2016-07-02,GUATAPE,2112000.0,GUATAPE
2016-07-03,GUATAPE,3052200.0,GUATAPE
2016-07-04,GUATAPE,3251300.0,GUATAPE
2016-07-05,GUATAPE,7384800.0,GUATAPE
2016-07-06,GUATAPE,7382100.0,GUATAPE
2016-07-07,GUATAPE,2260200.0,GUATAPE
2016-07-08,GUATAPE,3272400.0,GUATAPE
2016-07-09,GUATAPE,2434500.0,GUATAPE
2016-07-10,GUATAPE,1004400.0,GUATAPE
2016-07-11,GUATAPE,2730000.0,GUATAPE
2016-07-12,GUATAPE,3629800.0,GUATAPE
2016-07-13,GUATAPE,3632000.0,GUATAPE
2016-07-14,GUATAPE,3549800.0,GUATAPE
2016-07-15,GUATAPE,11680700.0,GUATAPE
2016-07-16,GUATAPE,9512900.0,GUATAPE
2016-07-17,GUATAPE,2396300.0,GUATAPE
2016-07-18,GUATAPE,2795800.0,GUATAPE
2016-07-19,GUATAPE,2506300.0,GUATAPE
2016-07-20,GUATAPE,4309300.0,GUATAPE
2016-07-21,GUATAPE,3462200.0,GUATAPE
2016-07-22,GUATAPE,1303600.0,GUATAPE
2016-07-23,GUATAPE,3846400.0,GUATAPE
2016-07-24,GUATAPE,5104000.0,GUATAPE
2016-07-25,GUATAPE,2568100.0,GUATAPE
2016-07-26,GUATAPE,2922200.0,GUATAPE
2016-07-27,GUATAPE,5243500.0,GUATAPE
2016-07-28,GUATAPE,2240300.0,GUATAPE
2016-07-29,GUATAPE,1845100.0,GUATAPE
2016-07-30,GUATAPE,4098400.0,GUATAPE
2016-07-31,GUATAPE,3377100.0,GUATAPE
2016-08-01,GUATAPE,6305400.0,GUATAPE
2016-08-02,GUATAPE,1738800.0,GUATAPE
2016-08-03,GUATAPE,2455400.0,GUATAPE
2016-08-04,GUATAPE,2105900.0,GUATAPE
2016-08-05,GUATAPE,2082800.0,GUATAPE
2016-08-06,GUATAPE,1723400.0,GUATAPE
2016-08-07,GUATAPE,6413800.0,GUATAPE
2016-08-08,GUATAPE,14653300.0,GUATAPE
2016-08-09,GUATAPE,3178400.0,GUATAPE
2016-08-10,GUATAPE,2244700.0,GUATAPE
2016-08-11,GUATAPE,5846400.0,GUATAPE
2016-08-12,GUATAPE,4257600.0,GUATAPE
2016-08-13,GUATAPE,8899700.0,GUATAPE
2016-08-14,GUATAPE,2991400.0,GUATAPE
2016-08-15,GUATAPE,4984600.0,GUATAPE
2016-08-16,GUATAPE,4855600.0,GUATAPE
2016-08-17,GUATAPE,12186200.0,GUATAPE
2016-08-18,GUATAPE,3809700.0,GUATAPE
2016-08-19,GUATAPE,4003400.0,GUATAPE
2016-08-20,GUATAPE,3782900.0,GUATAPE
2016-08-21,GUATAPE,3129700.0,GUATAPE
2016-08-22,GUATAPE,2877000.0,GUATAPE
2016-08-23,GUATAPE,3229200.0,GUATAPE
2016-08-24,GUATAPE,2721000.0,GUATAPE
2016-08-25,GUATAPE,2008700.0,GUATAPE
2016-08-26,GUATAPE,4003200.0,GUATAPE
2016-08-27,GUATAPE,9451600.0,GUATAPE
2016-08-28,GUATAPE,6183600.0,GUATAPE
2016-08-29,GUATAPE,2990400.0,GUATAPE
2016-08-30,GUATAPE,17318600.0,GUATAPE
2016-08-31,GUATAPE,3506000.0,GUATAPE
2016-09-01,GUATAPE,4036900.0,GUATAPE
2016-09-02,GUATAPE,3755600.0,GUATAPE
2016-09-03,GUATAPE,3488800.0,GUATAPE
2016-09-04,GUATAPE,5571500.0,GUATAPE
2016-09-05,GUATAPE,8344900.0,GUATAPE
2016-09-06,GUATAPE,5622200.0,GUATAPE
2016-09-07,GUATAPE,8662100.0,GUATAPE
2016-09-08,GUATAPE,4217000.0,GUATAPE
2016-09-09,GUATAPE,3483300.0,GUATAPE
2016-09-10,GUATAPE,7587100.0,GUATAPE
2016-09-11,GUATAPE,30392900.0,GUATAPE
2016-09-12,GUATAPE,14854900.0,GUATAPE
2016-09-13,GUATAPE,6828700.0,GUATAPE
2016-09-14,GUATAPE,7619700.0,GUATAPE
2016-09-15,GUATAPE,16868300.0,GUATAPE
2016-09-16,GUATAPE,5281700.0,GUATAPE
2016-09-17,GUATAPE,5412400.0,GUATAPE
2016-09-18,GUATAPE,8666600.0,GUATAPE
2016-09-19,GUATAPE,9482600.0,GUATAPE
2016-09-20,GUATAPE,4506700.0,GUATAPE
2016-09-21,GUATAPE,7752100.0,GUATAPE
2016-09-22,GUATAPE,4100300.0,GUATAPE
2016-09-23,GUATAPE,6970200.0,GUATAPE
2016-09-24,GUATAPE,22891500.0,GUATAPE
2016-09-25,GUATAPE,9232400.0,GUATAPE
2016-09-26,GUATAPE,9209300.0,GUATAPE
2016-09-27,GUATAPE,17229100.0,GUATAPE
2016-09-28,GUATAPE,17939300.0,GUATAPE
2016-09-29,GUATAPE,8481200.0,GUATAPE
2016-09-30,GUATAPE,8101300.0,GUATAPE
2016-10-01,GUATAPE,7070600.0,GUATAPE
2016-10-02,GUATAPE,6388200.0,GUATAPE
2016-10-03,GUATAPE,5142300.0,GUATAPE
2016-10-04,GUATAPE,8404200.0,GUATAPE
2016-10-05,GUATAPE,7235500.0,GUATAPE
2016-10-06,GUATAPE,9380500.0,GUATAPE
2016-10-07,GUATAPE,6828600.0,GUATAPE
2016-10-08,GUATAPE,12823100.0,GUATAPE
2016-10-09,GUATAPE,6862400.0,GUATAPE
2016-10-10,GUATAPE,15938000.0,GUATAPE
2016-10-11,GUATAPE,8598600.0,GUATAPE
2016-10-12,GUATAPE,18565900.0,GUATAPE
2016-10-13,GUATAPE,5265400.0,GUATAPE
2016-10-14,GUATAPE,8415300.0,GUATAPE
2016-10-15,GUATAPE,6392800.0,GUATAPE
2016-10-16,GUATAPE,13005400.0,GUATAPE
2016-10-17,GUATAPE,9543400.0,GUATAPE
2016-10-18,GUATAPE,12234900.0,GUATAPE
2016-10-19,GUATAPE,10101800.0,GUATAPE
2016-10-20,GUATAPE,10306400.0,GUATAPE
2016-10-21,GUATAPE,7043100.0,GUATAPE
2016-10-22,GUATAPE,8290000.0,GUATAPE
2016-10-23,GUATAPE,5614100.0,GUATAPE
2016-10-24,GUATAPE,4201000.0,GUATAPE
2016-10-25,GUATAPE,5582900.0,GUATAPE
2016-10-26,GUATAPE,8176300.0,GUATAPE
2016-10-27,GUATAPE,21562700.0,GUATAPE
2016-10-28,GUATAPE,15836600.0,GUATAPE
2016-10-29,GUATAPE,13895500.0,GUATAPE
2016-10-30,GUATAPE,6364200.0,GUATAPE
2016-10-31,GUATAPE,7109700.0,GUATAPE
2016-11-01,GUATAPE,6126600.0,GUATAPE
2016-11-02,GUATAPE,7172500.0,GUATAPE
2016-11-03,GUATAPE,5177100.0,GUATAPE
2016-11-04,GUATAPE,4912500.0,GUATAPE
2016-11-05,GUATAPE,4474400.0,GUATAPE
2016-11-06,GUATAPE,10639800.0,GUATAPE
2016-11-07,GUATAPE,9618300.0,GUATAPE
2016-11-08,GUATAPE,6051700.0,GUATAPE
2016-11-09,GUATAPE,7287200.0,GUATAPE
2016-11-10,GUATAPE,6469400.0,GUATAPE
2016-11-11,GUATAPE,4428700.0,GUATAPE
2016-11-12,GUATAPE,4266500.0,GUATAPE
2016-11-13,GUATAPE,3957800.0,GUATAPE
2016-11-14,GUATAPE,5687500.0,GUATAPE
2016-11-15,GUATAPE,5841000.0,GUATAPE
2016-11-16,GUATAPE,10365500.0,GUATAPE
2016-11-17,GUATAPE,7350400.0,GUATAPE
2016-11-18,GUATAPE,5383600.0,GUATAPE
2016-11-19,GUATAPE,5902800.0,GUATAPE
2016-11-20,GUATAPE,4041100.0,GUATAPE
2016-11-21,GUATAPE,3711200.0,GUATAPE
2016-11-22,GUATAPE,3943600.0,GUATAPE
2016-11-23,GUATAPE,3193400.0,GUATAPE
2016-11-24,GUATAPE,8118300.0,GUATAPE
2016-11-25,GUATAPE,8366400.0,GUATAPE
2016-11-26,GUATAPE,4349600.0,GUATAPE
2016-11-27,GUATAPE,6569800.0,GUATAPE
2016-11-28,GUATAPE,6270500.0,GUATAPE
2016-11-29,GUATAPE,14402600.0,GUATAPE
2016-11-30,GUATAPE,4614500.0,GUATAPE
2016-12-01,GUATAPE,6513200.0,GUATAPE
2016-12-02,GUATAPE,8014100.0,GUATAPE
2016-12-03,GUATAPE,7718100.0,GUATAPE
2016-12-04,GUATAPE,4723800.0,GUATAPE
2016-12-05,GUATAPE,7579600.0,GUATAPE
2016-12-06,GUATAPE,7434100.0,GUATAPE
2016-12-07,GUATAPE,5163800.0,GUATAPE
2016-12-08,GUATAPE,7649400.0,GUATAPE
2016-12-09,GUATAPE,4839100.0,GUATAPE
2016-12-10,GUATAPE,4595300.0,GUATAPE
2016-12-11,GUATAPE,10456700.0,GUATAPE
2016-12-12,GUATAPE,6145300.0,GUATAPE
2016-12-13,GUATAPE,9796000.0,GUATAPE
2016-12-14,GUATAPE,8926200.0,GUATAPE
2016-12-15,GUATAPE,4925800.0,GUATAPE
2016-12-16,GUATAPE,6904000.0,GUATAPE
2016-12-17,GUATAPE,6760200.0,GUATAPE
2016-12-18,GUATAPE,6270200.0,GUATAPE
2016-12-19,GUATAPE,6154400.0,GUATAPE
2016-12-20,GUATAPE,6321200.0,GUATAPE
2016-12-21,GUATAPE,5325700.0,GUATAPE
2016-12-22,GUATAPE,6342100.0,GUATAPE
2016-12-23,GUATAPE,5725200.0,GUATAPE
2016-12-24,GUATAPE,5703300.0,GUATAPE
2016-12-25,GUATAPE,4233500.0,GUATAPE
2016-12-26,GUATAPE,4740500.0,GUATAPE
2016-12-27,GUATAPE,5204100.0,GUATAPE
2016-12-28,GUATAPE,5079800.0,GUATAPE
2016-12-29,GUATAPE,3054900.0,GUATAPE
2016-12-30,GUATAPE,13356100.0,GUATAPE
2016-12-31,GUATAPE,13691800.0,GUATAPE
2017-01-01,GUATAPE,7206000.0,GUATAPE
2017-01-02,GUATAPE,7788500.0,GUATAPE
2017-01-03,GUATAPE,6359400.0,GUATAPE
2017-01-04,GUATAPE,6464400.0,GUATAPE
2017-01-05,GUATAPE,11775100.0,GUATAPE
2017-01-06,GUATAPE,6585100.0,GUATAPE
2017-01-07,GUATAPE,6950300.0,GUATAPE
2017-01-08,GUATAPE,11104200.0,GUATAPE
2017-01-09,GUATAPE,8161100.0,GUATAPE
2017-01-10,GUATAPE,8634100.0,GUATAPE
2017-01-11,GUATAPE,7576800.0,GUATAPE
2017-01-12,GUATAPE,6721600.0,GUATAPE
2017-01-13,GUATAPE,9915300.0,GUATAPE
2017-01-14,GUATAPE,7775200.0,GUATAPE
2017-01-15,GUATAPE,5861700.0,GUATAPE
2017-01-16,GUATAPE,6782400.0,GUATAPE
2017-01-17,GUATAPE,9114800.0,GUATAPE
2017-01-18,GUATAPE,6803300.0,GUATAPE
2017-01-19,GUATAPE,7241400.0,GUATAPE
2017-01-20,GUATAPE,5856100.0,GUATAPE
2017-01-21,GUATAPE,5432500.0,GUATAPE
2017-01-22,GUATAPE,6986700.0,GUATAPE
2017-01-23,GUATAPE,5667300.0,GUATAPE
2017-01-24,GUATAPE,5901800.0,GUATAPE
2017-01-25,GUATAPE,3740100.0,GUATAPE
2017-01-26,GUATAPE,6585800.0,GUATAPE
2017-01-27,GUATAPE,9401200.0,GUATAPE
2017-01-28,GUATAPE,10604700.0,GUATAPE
2017-01-29,GUATAPE,10898800.0,GUATAPE
2017-01-30,GUATAPE,17232300.0,GUATAPE
2017-01-31,GUATAPE,5689700.0,GUATAPE
2017-02-01,GUATAPE,5409400.0,GUATAPE
2017-02-02,GUATAPE,6873400.0,GUATAPE
2017-02-03,GUATAPE,4644300.0,GUATAPE
2017-02-04,GUATAPE,3609800.0,GUATAPE
2017-02-05,GUATAPE,3518600.0,GUATAPE
2017-02-06,GUATAPE,6538800.0,GUATAPE
2017-02-07,GUATAPE,4507600.0,GUATAPE
2017-02-08,GUATAPE,6642300.0,GUATAPE
2017-02-09,GUATAPE,3738400.0,GUATAPE
2017-02-10,GUATAPE,3936500.0,GUATAPE
2017-02-11,GUATAPE,4699900.0,GUATAPE
2017-02-12,GUATAPE,4383900.0,GUATAPE
2017-02-13,GUATAPE,3585500.0,GUATAPE
2017-02-14,GUATAPE,5517600.0,GUATAPE
2017-02-15,GUATAPE,4140200.0,GUATAPE
2017-02-16,GUATAPE,5228000.0,GUATAPE
2017-02-17,GUATAPE,4054300.0,GUATAPE
2017-02-18,GUATAPE,3002700.0,GUATAPE
2017-02-19,GUATAPE,3472300.0,GUATAPE
2017-02-20,GUATAPE,2949100.0,GUATAPE
2017-02-21,GUATAPE,4419100.0,GUATAPE
2017-02-22,GUATAPE,5537900.0,GUATAPE
2017-02-23,GUATAPE,3963700.0,GUATAPE
2017-02-24,GUATAPE,3333200.0,GUATAPE
2017-02-25,GUATAPE,3099500.0,GUATAPE
2017-02-26,GUATAPE,3249800.0,GUATAPE
2017-02-27,GUATAPE,5406200.0,GUATAPE
2017-02-28,GUATAPE,4086100.0,GUATAPE
2017-03-01,GUATAPE,3011100.0,GUATAPE
2017-03-02,GUATAPE,4191900.0,GUATAPE
2017-03-03,GUATAPE,3186900.0,GUATAPE
2017-03-04,GUATAPE,5531800.0,GUATAPE
2017-03-05,GUATAPE,7547400.0,GUATAPE
2017-03-06,GUATAPE,4355100.0,GUATAPE
2017-03-07,GUATAPE,10121000.0,GUATAPE
2017-03-08,GUATAPE,18607600.0,GUATAPE
2017-03-09,GUATAPE,9815600.0,GUATAPE
2017-03-10,GUATAPE,16083600.0,GUATAPE
2017-03-11,GUATAPE,6207100.0,GUATAPE
2017-03-12,GUATAPE,6832600.0,GUATAPE
2017-03-13,GUATAPE,4591700.0,GUATAPE
2017-03-14,GUATAPE,5657600.0,GUATAPE
2017-03-15,GUATAPE,7934700.0,GUATAPE
2017-03-16,GUATAPE,4556600.0,GUATAPE
2017-03-17,GUATAPE,3743600.0,GUATAPE
2017-03-18,GUATAPE,4480900.0,GUATAPE
2017-03-19,GUATAPE,3943300.0,GUATAPE
2017-03-20,GUATAPE,3989600.0,GUATAPE
2017-03-21,GUATAPE,2670500.0,GUATAPE
2017-03-22,GUATAPE,8440200.0,GUATAPE
2017-03-23,GUATAPE,18375100.0,GUATAPE
2017-03-24,GUATAPE,6966300.0,GUATAPE
2017-03-25,GUATAPE,5958800.0,GUATAPE
2017-03-26,GUATAPE,19505600.0,GUATAPE
2017-03-27,GUATAPE,6104500.0,GUATAPE
2017-03-28,GUATAPE,5436600.0,GUATAPE
2017-03-29,GUATAPE,9467500.0,GUATAPE
2017-03-30,GUATAPE,7583200.0,GUATAPE
2017-03-31,GUATAPE,11215500.0,GUATAPE
2017-04-01,GUATAPE,11231000.0,GUATAPE
2017-04-02,GUATAPE,3738000.0,GUATAPE
2017-04-03,GUATAPE,5270600.0,GUATAPE
2017-04-04,GUATAPE,4388800.0,GUATAPE
2017-04-05,GUATAPE,4644900.0,GUATAPE
2017-04-06,GUATAPE,6774400.0,GUATAPE
2017-04-07,GUATAPE,11388900.0,GUATAPE
2017-04-08,GUATAPE,6248300.0,GUATAPE
2017-04-09,GUATAPE,15114300.0,GUATAPE
2017-04-10,GUATAPE,11163000.0,GUATAPE
2017-04-11,GUATAPE,10315900.0,GUATAPE
2017-04-12,GUATAPE,11304900.0,GUATAPE
2017-04-13,GUATAPE,5307100.0,GUATAPE
2017-04-14,GUATAPE,7408800.0,GUATAPE
2017-04-15,GUATAPE,4761200.0,GUATAPE
2017-04-16,GUATAPE,5334000.0,GUATAPE
2017-04-17,GUATAPE,6997800.0,GUATAPE
2017-04-18,GUATAPE,6718800.0,GUATAPE
2017-04-19,GUATAPE,9661200.0,GUATAPE
2017-04-20,GUATAPE,6728600.0,GUATAPE
2017-04-21,GUATAPE,8396500.0,GUATAPE
2017-04-22,GUATAPE,6371400.0,GUATAPE
2017-04-23,GUATAPE,4425700.0,GUATAPE
2017-04-24,GUATAPE,4151100.0,GUATAPE
2017-04-25,GUATAPE,17574800.0,GUATAPE
2017-04-26,GUATAPE,14761000.0,GUATAPE
2017-04-27,GUATAPE,5560800.0,GUATAPE
2017-04-28,GUATAPE,3922800.0,GUATAPE
2017-04-29,GUATAPE,4205300.0,GUATAPE
2017-04-30,GUATAPE,6049700.0,GUATAPE
2017-05-01,GUATAPE,7353300.0,GUATAPE
2017-05-02,GUATAPE,10809500.0,GUATAPE
2017-05-03,GUATAPE,5499500.0,GUATAPE
2017-05-04,GUATAPE,5985500.0,GUATAPE
2017-05-05,GUATAPE,6845400.0,GUATAPE
2017-05-06,GUATAPE,18637900.0,GUATAPE
2017-05-07,GUATAPE,11469900.0,GUATAPE
2017-05-08,GUATAPE,14855700.0,GUATAPE
2017-05-09,GUATAPE,7425500.0,GUATAPE
2017-05-10,GUATAPE,8317700.0,GUATAPE
2017-05-11,GUATAPE,12752800.0,GUATAPE
2017-05-12,GUATAPE,9399300.0,GUATAPE
2017-05-13,GUATAPE,11538800.0,GUATAPE
2017-05-14,GUATAPE,5775800.0,GUATAPE
2017-05-15,GUATAPE,6583600.0,GUATAPE
2017-05-16,GUATAPE,11174600.0,GUATAPE
2017-05-17,GUATAPE,12210300.0,GUATAPE
2017-05-18,GUATAPE,40901100.0,GUATAPE
2017-05-19,GUATAPE,16795500.0,GUATAPE
2017-05-20,GUATAPE,12663100.0,GUATAPE
2017-05-21,GUATAPE,16716900.0,GUATAPE
2017-05-22,GUATAPE,10429200.0,GUATAPE
2017-05-23,GUATAPE,6640400.0,GUATAPE
2017-05-24,GUATAPE,5642300.0,GUATAPE
2017-05-25,GUATAPE,5520900.0,GUATAPE
2017-05-26,GUATAPE,5868700.0,GUATAPE
2017-05-27,GUATAPE,7664200.0,GUATAPE
2017-05-28,GUATAPE,6082800.0,GUATAPE
2017-05-29,GUATAPE,7489100.0,GUATAPE
2017-05-30,GUATAPE,11631000.0,GUATAPE
2017-05-31,GUATAPE,8665200.0,GUATAPE
2017-06-01,GUATAPE,14117700.0,GUATAPE
2017-06-02,GUATAPE,11040100.0,GUATAPE
2017-06-03,GUATAPE,6638400.0,GUATAPE
2017-06-04,GUATAPE,9169200.0,GUATAPE
2017-06-05,GUATAPE,6899300.0,GUATAPE
2017-06-06,GUATAPE,4782400.0,GUATAPE
2017-06-07,GUATAPE,5982300.0,GUATAPE
2017-06-08,GUATAPE,7189200.0,GUATAPE
2017-06-09,GUATAPE,5051200.0,GUATAPE
2017-06-10,GUATAPE,4552800.0,GUATAPE
2017-06-11,GUATAPE,5162700.0,GUATAPE
2017-06-12,GUATAPE,16444900.0,GUATAPE
2017-06-13,GUATAPE,10736100.0,GUATAPE
2017-06-14,GUATAPE,7706000.0,GUATAPE
2017-06-15,GUATAPE,36416700.0,GUATAPE
2017-06-16,GUATAPE,7781600.0,GUATAPE
2017-06-17,GUATAPE,13468900.0,GUATAPE
2017-06-18,GUATAPE,14135200.0,GUATAPE
2017-06-19,GUATAPE,16362400.0,GUATAPE
2017-06-20,GUATAPE,7751900.0,GUATAPE
2017-06-21,GUATAPE,6822200.0,GUATAPE
2017-06-22,GUATAPE,6067700.0,GUATAPE
2017-06-23,GUATAPE,7081600.0,GUATAPE
2017-06-24,GUATAPE,8009200.0,GUATAPE
2017-06-25,GUATAPE,8013200.0,GUATAPE
2017-06-26,GUATAPE,20310300.0,GUATAPE
2017-06-27,GUATAPE,17684900.0,GUATAPE
2017-06-28,GUATAPE,15337200.0,GUATAPE
2017-06-29,GUATAPE,8151400.0,GUATAPE
2017-06-30,GUATAPE,12715300.0,GUATAPE
2017-07-01,GUATAPE,7001300.0,GUATAPE
2017-07-02,GUATAPE,6005900.0,GUATAPE
2017-07-03,GUATAPE,8047500.0,GUATAPE
2017-07-04,GUATAPE,5573900.0,GUATAPE
2017-07-05,GUATAPE,5566700.0,GUATAPE
2017-07-06,GUATAPE,5546200.0,GUATAPE
2017-07-07,GUATAPE,5901500.0,GUATAPE
2017-07-08,GUATAPE,5350000.0,GUATAPE
2017-07-09,GUATAPE,5115500.0,GUATAPE
2017-07-10,GUATAPE,5443100.0,GUATAPE
2017-07-11,GUATAPE,3888700.0,GUATAPE
2017-07-12,GUATAPE,4089300.0,GUATAPE
2017-07-13,GUATAPE,5373800.0,GUATAPE
2017-07-14,GUATAPE,3951300.0,GUATAPE
2017-07-15,GUATAPE,14131900.0,GUATAPE
2017-07-16,GUATAPE,15457200.0,GUATAPE
2017-07-17,GUATAPE,9230100.0,GUATAPE
2017-07-18,GUATAPE,7598100.0,GUATAPE
2017-07-19,GUATAPE,6927900.0,GUATAPE
2017-07-20,GUATAPE,18864800.0,GUATAPE
2017-07-21,GUATAPE,7338000.0,GUATAPE
2017-07-22,GUATAPE,5325000.0,GUATAPE
2017-07-23,GUATAPE,5786400.0,GUATAPE
2017-07-24,GUATAPE,5217700.0,GUATAPE
2017-07-25,GUATAPE,7975700.0,GUATAPE
2017-07-26,GUATAPE,6654200.0,GUATAPE
2017-07-27,GUATAPE,4815100.0,GUATAPE
2017-07-28,GUATAPE,4696900.0,GUATAPE
2017-07-29,GUATAPE,4984200.0,GUATAPE
2017-07-30,GUATAPE,4900600.0,GUATAPE
2017-07-31,GUATAPE,4710500.0,GUATAPE
2017-08-01,GUATAPE,7097400.0,GUATAPE
2017-08-02,GUATAPE,5263500.0,GUATAPE
2017-08-03,GUATAPE,6022100.0,GUATAPE
2017-08-04,GUATAPE,14177800.0,GUATAPE
2017-08-05,GUATAPE,5073300.0,GUATAPE
2017-08-06,GUATAPE,4669100.0,GUATAPE
2017-08-07,GUATAPE,9815300.0,GUATAPE
2017-08-08,GUATAPE,12348800.0,GUATAPE
2017-08-09,GUATAPE,9833600.0,GUATAPE
2017-08-10,GUATAPE,4506700.0,GUATAPE
2017-08-11,GUATAPE,12197600.0,GUATAPE
2017-08-12,GUATAPE,13223500.0,GUATAPE
2017-08-13,GUATAPE,6036500.0,GUATAPE
2017-08-14,GUATAPE,6582800.0,GUATAPE
2017-08-15,GUATAPE,7231400.0,GUATAPE
2017-08-16,GUATAPE,5329200.0,GUATAPE
2017-08-17,GUATAPE,8661100.0,GUATAPE
2017-08-18,GUATAPE,10568600.0,GUATAPE
2017-08-19,GUATAPE,6693700.0,GUATAPE
2017-08-20,GUATAPE,8385200.0,GUATAPE
2017-08-21,GUATAPE,8432200.0,GUATAPE
2017-08-22,GUATAPE,7646900.0,GUATAPE
2017-08-23,GUATAPE,5065900.0,GUATAPE
2017-08-24,GUATAPE,6861400.0,GUATAPE
2017-08-25,GUATAPE,6146500.0,GUATAPE
2017-08-26,GUATAPE,5852900.0,GUATAPE
2017-08-27,GUATAPE,8006300.0,GUATAPE
2017-08-28,GUATAPE,8449000.0,GUATAPE
2017-08-29,GUATAPE,8030000.0,GUATAPE
2017-08-30,GUATAPE,10152000.0,GUATAPE
2017-08-31,GUATAPE,7750600.0,GUATAPE
2017-09-01,GUATAPE,8027300.0,GUATAPE
2017-09-02,GUATAPE,7715900.0,GUATAPE
2017-09-03,GUATAPE,5325800.0,GUATAPE
2017-09-04,GUATAPE,6375900.0,GUATAPE
2017-09-05,GUATAPE,7754300.0,GUATAPE
2017-09-06,GUATAPE,11212700.0,GUATAPE
2017-09-07,GUATAPE,8524600.0,GUATAPE
2017-09-08,GUATAPE,13043000.0,GUATAPE
2017-09-09,GUATAPE,12583000.0,GUATAPE
2017-09-10,GUATAPE,11275600.0,GUATAPE
2017-09-11,GUATAPE,9467300.0,GUATAPE
2017-09-12,GUATAPE,13044700.0,GUATAPE
2017-09-13,GUATAPE,9397800.0,GUATAPE
2017-09-14,GUATAPE,6984000.0,GUATAPE
2017-09-15,GUATAPE,13001600.0,GUATAPE
2017-09-16,GUATAPE,19070300.0,GUATAPE
2017-09-17,GUATAPE,30738400.0,GUATAPE
2017-09-18,GUATAPE,6501000.0,GUATAPE
2017-09-19,GUATAPE,14314200.0,GUATAPE
2017-09-20,GUATAPE,10040000.0,GUATAPE
2017-09-21,GUATAPE,5390100.0,GUATAPE
2017-09-22,GUATAPE,7335600.0,GUATAPE
2017-09-23,GUATAPE,13883200.0,GUATAPE
2017-09-24,GUATAPE,5240600.0,GUATAPE
2017-09-25,GUATAPE,4869400.0,GUATAPE
2017-09-26,GUATAPE,5639200.0,GUATAPE
2017-09-27,GUATAPE,4869400.0,GUATAPE
2017-09-28,GUATAPE,7367800.0,GUATAPE
2017-09-29,GUATAPE,16232900.0,GUATAPE
2017-09-30,GUATAPE,10957500.0,GUATAPE
2017-10-01,GUATAPE,7957600.0,GUATAPE
2017-10-02,GUATAPE,11282400.0,GUATAPE
2017-10-03,GUATAPE,12136400.0,GUATAPE
2017-10-04,GUATAPE,13614100.0,GUATAPE
2017-10-05,GUATAPE,6933500.0,GUATAPE
2017-10-06,GUATAPE,7617900.0,GUATAPE
2017-10-07,GUATAPE,5143000.0,GUATAPE
2017-10-08,GUATAPE,5174100.0,GUATAPE
2017-10-09,GUATAPE,6404000.0,GUATAPE
2017-10-10,GUATAPE,6928600.0,GUATAPE
2017-10-11,GUATAPE,17605900.0,GUATAPE
2017-10-12,GUATAPE,5724900.0,GUATAPE
2017-10-13,GUATAPE,6776100.0,GUATAPE
2017-10-14,GUATAPE,7427500.0,GUATAPE
2017-10-15,GUATAPE,5128300.0,GUATAPE
2017-10-16,GUATAPE,5066200.0,GUATAPE
2017-10-17,GUATAPE,6059400.0,GUATAPE
2017-10-18,GUATAPE,5716900.0,GUATAPE
2017-10-19,GUATAPE,6320000.0,GUATAPE
2017-10-20,GUATAPE,11012900.0,GUATAPE
2017-10-21,GUATAPE,6558400.0,GUATAPE
2017-10-22,GUATAPE,7572600.0,GUATAPE
2017-10-23,GUATAPE,6072900.0,GUATAPE
2017-10-24,GUATAPE,6579800.0,GUATAPE
2017-10-25,GUATAPE,6642700.0,GUATAPE
2017-10-26,GUATAPE,23190300.0,GUATAPE
2017-10-27,GUATAPE,10640500.0,GUATAPE
2017-10-28,GUATAPE,8163200.0,GUATAPE
2017-10-29,GUATAPE,6658000.0,GUATAPE
2017-10-30,GUATAPE,6457000.0,GUATAPE
2017-10-31,GUATAPE,10515900.0,GUATAPE
2017-11-01,GUATAPE,15922900.0,GUATAPE
2017-11-02,GUATAPE,8098900.0,GUATAPE
2017-11-03,GUATAPE,15186400.0,GUATAPE
2017-11-04,GUATAPE,17669600.0,GUATAPE
2017-11-05,GUATAPE,9720500.0,GUATAPE
2017-11-06,GUATAPE,7319800.0,GUATAPE
2017-11-07,GUATAPE,6899600.0,GUATAPE
2017-11-08,GUATAPE,10851400.0,GUATAPE
2017-11-09,GUATAPE,11400400.0,GUATAPE
2017-11-10,GUATAPE,8473900.0,GUATAPE
2017-11-11,GUATAPE,6256600.0,GUATAPE
2017-11-12,GUATAPE,7108200.0,GUATAPE
2017-11-13,GUATAPE,7850700.0,GUATAPE
2017-11-14,GUATAPE,14634400.0,GUATAPE
2017-11-15,GUATAPE,22572100.0,GUATAPE
2017-11-16,GUATAPE,21530800.0,GUATAPE
2017-11-17,GUATAPE,16528400.0,GUATAPE
2017-11-18,GUATAPE,17247700.0,GUATAPE
2017-11-19,GUATAPE,21388400.0,GUATAPE
2017-11-20,GUATAPE,11294000.0,GUATAPE
2017-11-21,GUATAPE,9122600.0,GUATAPE
2017-11-22,GUATAPE,11610000.0,GUATAPE
2017-11-23,GUATAPE,7942800.0,GUATAPE
2017-11-24,GUATAPE,10245700.0,GUATAPE
2017-11-25,GUATAPE,8473100.0,GUATAPE
2017-11-26,GUATAPE,5856200.0,GUATAPE
2017-11-27,GUATAPE,9132500.0,GUATAPE
2017-11-28,GUATAPE,8220600.0,GUATAPE
2017-11-29,GUATAPE,7339200.0,GUATAPE
2017-11-30,GUATAPE,10070500.0,GUATAPE
2017-12-01,GUATAPE,8018400.0,GUATAPE
2017-12-02,GUATAPE,9290600.0,GUATAPE
2017-12-03,GUATAPE,8652400.0,GUATAPE
2017-12-04,GUATAPE,6996600.0,GUATAPE
2017-12-05,GUATAPE,16758800.0,GUATAPE
2017-12-06,GUATAPE,8208600.0,GUATAPE
2017-12-07,GUATAPE,9206400.0,GUATAPE
2017-12-08,GUATAPE,15949300.0,GUATAPE
2017-12-09,GUATAPE,25991800.0,GUATAPE
2017-12-10,GUATAPE,9104900.0,GUATAPE
2017-12-11,GUATAPE,12404400.0,GUATAPE
2017-12-12,GUATAPE,15601700.0,GUATAPE
2017-12-13,GUATAPE,10623300.0,GUATAPE
2017-12-14,GUATAPE,6887800.0,GUATAPE
2017-12-15,GUATAPE,6421500.0,GUATAPE
2017-12-16,GUATAPE,6892400.0,GUATAPE
2017-12-17,GUATAPE,6794900.0,GUATAPE
2017-12-18,GUATAPE,7270300.0,GUATAPE
2017-12-19,GUATAPE,6394400.0,GUATAPE
2017-12-20,GUATAPE,7231600.0,GUATAPE
2017-12-21,GUATAPE,5787600.0,GUATAPE
2017-12-22,GUATAPE,6275900.0,GUATAPE
2017-12-23,GUATAPE,5651500.0,GUATAPE
2017-12-24,GUATAPE,4646900.0,GUATAPE
2017-12-25,GUATAPE,5126700.0,GUATAPE
2017-12-26,GUATAPE,6612800.0,GUATAPE
2017-12-27,GUATAPE,6569300.0,GUATAPE
2017-12-28,GUATAPE,10191900.0,GUATAPE
2017-12-29,GUATAPE,11545500.0,GUATAPE
2017-12-30,GUATAPE,7289200.0,GUATAPE
2017-12-31,GUATAPE,7865900.0,GUATAPE
2018-01-01,GUATAPE,7023400.0,GUATAPE
2018-01-02,GUATAPE,6749100.0,GUATAPE
2018-01-03,GUATAPE,8469400.0,GUATAPE
2018-01-04,GUATAPE,10328600.0,GUATAPE
2018-01-05,GUATAPE,13498200.0,GUATAPE
2018-01-06,GUATAPE,5627000.0,GUATAPE
2018-01-07,GUATAPE,4858500.0,GUATAPE
2018-01-08,GUATAPE,5470000.0,GUATAPE
2018-01-09,GUATAPE,8059600.0,GUATAPE
2018-01-10,GUATAPE,8869300.0,GUATAPE
2018-01-11,GUATAPE,10961500.0,GUATAPE
2018-01-12,GUATAPE,6367300.0,GUATAPE
2018-01-13,GUATAPE,4417300.0,GUATAPE
2018-01-14,GUATAPE,6066600.0,GUATAPE
2018-01-15,GUATAPE,5572500.0,GUATAPE
2018-01-16,GUATAPE,4481800.0,GUATAPE
2018-01-17,GUATAPE,11974500.0,GUATAPE
2018-01-18,GUATAPE,6793700.0,GUATAPE
2018-01-19,GUATAPE,7552200.0,GUATAPE
2018-01-20,GUATAPE,8866000.0,GUATAPE
2018-01-21,GUATAPE,6866400.0,GUATAPE
2018-01-22,GUATAPE,4997400.0,GUATAPE
2018-01-23,GUATAPE,6190500.0,GUATAPE
2018-01-24,GUATAPE,5759200.0,GUATAPE
2018-01-25,GUATAPE,4551200.0,GUATAPE
2018-01-26,GUATAPE,6636700.0,GUATAPE
2018-01-27,GUATAPE,5972400.0,GUATAPE
2018-01-28,GUATAPE,5688100.0,GUATAPE
2018-01-29,GUATAPE,3600900.0,GUATAPE
2018-01-30,GUATAPE,10488800.0,GUATAPE
2018-01-31,GUATAPE,5313000.0,GUATAPE
2018-02-01,GUATAPE,3771200.0,GUATAPE
2018-02-02,GUATAPE,5754200.0,GUATAPE
2018-02-03,GUATAPE,7104400.0,GUATAPE
2018-02-04,GUATAPE,5759200.0,GUATAPE
2018-02-05,GUATAPE,4939500.0,GUATAPE
2018-02-06,GUATAPE,4546200.0,GUATAPE
2018-02-07,GUATAPE,4752800.0,GUATAPE
2018-02-08,GUATAPE,4053700.0,GUATAPE
2018-02-09,GUATAPE,4109900.0,GUATAPE
2018-02-10,GUATAPE,4723000.0,GUATAPE
2018-02-11,GUATAPE,5600600.0,GUATAPE
2018-02-12,GUATAPE,8155400.0,GUATAPE
2018-02-13,GUATAPE,7312600.0,GUATAPE
2018-02-14,GUATAPE,5118000.0,GUATAPE
2018-02-15,GUATAPE,5261800.0,GUATAPE
2018-02-16,GUATAPE,5676600.0,GUATAPE
2018-02-17,GUATAPE,5813700.0,GUATAPE
2018-02-18,GUATAPE,6278100.0,GUATAPE
2018-02-19,GUATAPE,5370800.0,GUATAPE
2018-02-20,GUATAPE,4338000.0,GUATAPE
2018-02-21,GUATAPE,3093600.0,GUATAPE
2018-02-22,GUATAPE,5002300.0,GUATAPE
2018-02-23,GUATAPE,5732800.0,GUATAPE
2018-02-24,GUATAPE,4571000.0,GUATAPE
2018-02-25,GUATAPE,4694900.0,GUATAPE
2018-02-26,GUATAPE,15172200.0,GUATAPE
2018-02-27,GUATAPE,5527800.0,GUATAPE
2018-02-28,GUATAPE,4863500.0,GUATAPE
2018-03-01,GUATAPE,3143200.0,GUATAPE
2018-03-02,GUATAPE,4556100.0,GUATAPE
2018-03-03,GUATAPE,4901500.0,GUATAPE
2018-03-04,GUATAPE,5574100.0,GUATAPE
2018-03-05,GUATAPE,6605300.0,GUATAPE
2018-03-06,GUATAPE,13888200.0,GUATAPE
2018-03-07,GUATAPE,4696600.0,GUATAPE
2018-03-08,GUATAPE,17937000.0,GUATAPE
2018-03-09,GUATAPE,4460300.0,GUATAPE
2018-03-10,GUATAPE,4144600.0,GUATAPE
2018-03-11,GUATAPE,4865200.0,GUATAPE
2018-03-12,GUATAPE,5327900.0,GUATAPE
2018-03-13,GUATAPE,4759400.0,GUATAPE
2018-03-14,GUATAPE,5126300.0,GUATAPE
2018-03-15,GUATAPE,2961400.0,GUATAPE
2018-03-16,GUATAPE,5569200.0,GUATAPE
2018-03-17,GUATAPE,6248400.0,GUATAPE
2018-03-18,GUATAPE,11161400.0,GUATAPE
2018-03-19,GUATAPE,5346100.0,GUATAPE
2018-03-20,GUATAPE,7638200.0,GUATAPE
2018-03-21,GUATAPE,3748000.0,GUATAPE
2018-03-22,GUATAPE,8348800.0,GUATAPE
2018-03-23,GUATAPE,5395600.0,GUATAPE
2018-03-24,GUATAPE,5091600.0,GUATAPE
2018-03-25,GUATAPE,13708100.0,GUATAPE
2018-03-26,GUATAPE,4599100.0,GUATAPE
2018-03-27,GUATAPE,4800700.0,GUATAPE
2018-03-28,GUATAPE,7762100.0,GUATAPE
2018-03-29,GUATAPE,5729500.0,GUATAPE
2018-03-30,GUATAPE,4533000.0,GUATAPE
2018-03-31,GUATAPE,17809700.0,GUATAPE
2018-04-01,GUATAPE,12280200.0,GUATAPE
2018-04-02,GUATAPE,8003400.0,GUATAPE
2018-04-03,GUATAPE,6084800.0,GUATAPE
2018-04-04,GUATAPE,7122600.0,GUATAPE
2018-04-05,GUATAPE,8631400.0,GUATAPE
2018-04-06,GUATAPE,6797000.0,GUATAPE
2018-04-07,GUATAPE,3999200.0,GUATAPE
2018-04-08,GUATAPE,5220500.0,GUATAPE
2018-04-09,GUATAPE,7663000.0,GUATAPE
2018-04-10,GUATAPE,7815000.0,GUATAPE
2018-04-11,GUATAPE,9118900.0,GUATAPE
2018-04-12,GUATAPE,6671400.0,GUATAPE
2018-04-13,GUATAPE,6393800.0,GUATAPE
2018-04-14,GUATAPE,5635300.0,GUATAPE
2018-04-15,GUATAPE,2098800.0,GUATAPE
2018-04-16,GUATAPE,6175600.0,GUATAPE
2018-04-17,GUATAPE,3895100.0,GUATAPE
2018-04-18,GUATAPE,3787700.0,GUATAPE
2018-04-19,GUATAPE,8821400.0,GUATAPE
2018-04-20,GUATAPE,2617700.0,GUATAPE
2018-04-21,GUATAPE,3516700.0,GUATAPE
2018-04-22,GUATAPE,8243000.0,GUATAPE
2018-04-23,GUATAPE,8520600.0,GUATAPE
2018-04-24,GUATAPE,8297500.0,GUATAPE
2018-04-25,GUATAPE,16533900.0,GUATAPE
2018-04-26,GUATAPE,6749100.0,GUATAPE
2018-04-27,GUATAPE,26079200.0,GUATAPE
2018-04-28,GUATAPE,11039200.0,GUATAPE
2018-04-29,GUATAPE,11341600.0,GUATAPE
2018-04-30,GUATAPE,5711300.0,GUATAPE
2018-05-01,GUATAPE,9969900.0,GUATAPE
2018-05-02,GUATAPE,16829800.0,GUATAPE
2018-05-03,GUATAPE,9044500.0,GUATAPE
2018-05-04,GUATAPE,8142200.0,GUATAPE
2018-05-05,GUATAPE,8771800.0,GUATAPE
2018-05-06,GUATAPE,7256400.0,GUATAPE
2018-05-07,GUATAPE,15557300.0,GUATAPE
2018-05-08,GUATAPE,16444700.0,GUATAPE
2018-05-09,GUATAPE,17365200.0,GUATAPE
2018-05-10,GUATAPE,13192500.0,GUATAPE
2018-05-11,GUATAPE,6575600.0,GUATAPE
2018-05-12,GUATAPE,4076900.0,GUATAPE
2018-05-13,GUATAPE,8704100.0,GUATAPE
2018-05-14,GUATAPE,24894300.0,GUATAPE
2018-05-15,GUATAPE,14539300.0,GUATAPE
2018-05-16,GUATAPE,9432900.0,GUATAPE
2018-05-17,GUATAPE,14058400.0,GUATAPE
2018-05-18,GUATAPE,14536000.0,GUATAPE
2018-05-19,GUATAPE,16203400.0,GUATAPE
2018-05-20,GUATAPE,17239600.0,GUATAPE
2018-05-21,GUATAPE,10883800.0,GUATAPE
2018-05-22,GUATAPE,6188900.0,GUATAPE
2018-05-23,GUATAPE,12832200.0,GUATAPE
2018-05-24,GUATAPE,6559000.0,GUATAPE
2018-05-25,GUATAPE,4683400.0,GUATAPE
2018-05-26,GUATAPE,7603500.0,GUATAPE
2018-05-27,GUATAPE,7705900.0,GUATAPE
2018-05-28,GUATAPE,9109000.0,GUATAPE
2018-05-29,GUATAPE,4954400.0,GUATAPE
2018-05-30,GUATAPE,7201900.0,GUATAPE
2018-05-31,GUATAPE,4298300.0,GUATAPE
2018-06-01,GUATAPE,14896200.0,GUATAPE
2018-06-02,GUATAPE,16357100.0,GUATAPE
2018-06-03,GUATAPE,9115600.0,GUATAPE
2018-06-04,GUATAPE,5803800.0,GUATAPE
2018-06-05,GUATAPE,5157700.0,GUATAPE
2018-06-06,GUATAPE,2920100.0,GUATAPE
2018-06-07,GUATAPE,4860200.0,GUATAPE
2018-06-08,GUATAPE,5645200.0,GUATAPE
2018-06-09,GUATAPE,5397300.0,GUATAPE
2018-06-10,GUATAPE,6217000.0,GUATAPE
2018-06-11,GUATAPE,7861300.0,GUATAPE
2018-06-12,GUATAPE,2816000.0,GUATAPE
2018-06-13,GUATAPE,3941400.0,GUATAPE
2018-06-14,GUATAPE,4853600.0,GUATAPE
2018-06-15,GUATAPE,4749500.0,GUATAPE
2018-06-16,GUATAPE,4075200.0,GUATAPE
2018-06-17,GUATAPE,4478500.0,GUATAPE
2018-06-18,GUATAPE,4050400.0,GUATAPE
2018-06-19,GUATAPE,5085000.0,GUATAPE
2018-06-20,GUATAPE,4286800.0,GUATAPE
2018-06-21,GUATAPE,4209100.0,GUATAPE
2018-06-22,GUATAPE,6096300.0,GUATAPE
2018-06-23,GUATAPE,6182300.0,GUATAPE
2018-06-24,GUATAPE,11182900.0,GUATAPE
2018-06-25,GUATAPE,4038900.0,GUATAPE
2018-06-26,GUATAPE,3949600.0,GUATAPE
2018-06-27,GUATAPE,3024200.0,GUATAPE
2018-06-28,GUATAPE,2197900.0,GUATAPE
2018-06-29,GUATAPE,3556300.0,GUATAPE
2018-06-30,GUATAPE,5379100.0,GUATAPE
2018-07-01,GUATAPE,7448100.0,GUATAPE
2018-07-02,GUATAPE,17900400.0,GUATAPE
2018-07-03,GUATAPE,6639600.0,GUATAPE
2018-07-04,GUATAPE,6069600.0,GUATAPE
2018-07-05,GUATAPE,4974200.0,GUATAPE
2018-07-06,GUATAPE,4626200.0,GUATAPE
2018-07-07,GUATAPE,3206700.0,GUATAPE
2018-07-08,GUATAPE,3503800.0,GUATAPE
2018-07-09,GUATAPE,2802500.0,GUATAPE
2018-07-10,GUATAPE,4853900.0,GUATAPE
2018-07-11,GUATAPE,3332100.0,GUATAPE
2018-07-12,GUATAPE,3918100.0,GUATAPE
2018-07-13,GUATAPE,2857600.0,GUATAPE
2018-07-14,GUATAPE,3089000.0,GUATAPE
2018-07-15,GUATAPE,4031000.0,GUATAPE
2018-07-16,GUATAPE,1898400.0,GUATAPE
2018-07-17,GUATAPE,4767200.0,GUATAPE
2018-07-18,GUATAPE,1815400.0,GUATAPE
2018-07-19,GUATAPE,6526800.0,GUATAPE
2018-07-20,GUATAPE,4164200.0,GUATAPE
2018-07-21,GUATAPE,6028700.0,GUATAPE
2018-07-22,GUATAPE,10528700.0,GUATAPE
2018-07-23,GUATAPE,4500500.0,GUATAPE
2018-07-24,GUATAPE,11265000.0,GUATAPE
2018-07-25,GUATAPE,3427500.0,GUATAPE
2018-07-26,GUATAPE,3532600.0,GUATAPE
2018-07-27,GUATAPE,6066200.0,GUATAPE
2018-07-28,GUATAPE,7684800.0,GUATAPE
2018-07-29,GUATAPE,3395900.0,GUATAPE
2018-07-30,GUATAPE,4931500.0,GUATAPE
2018-07-31,GUATAPE,3991500.0,GUATAPE
2018-08-01,GUATAPE,2258100.0,GUATAPE
2018-08-02,GUATAPE,3336600.0,GUATAPE
2018-08-03,GUATAPE,5778600.0,GUATAPE
2018-08-04,GUATAPE,6851000.0,GUATAPE
2018-08-05,GUATAPE,18174300.0,GUATAPE
2018-08-06,GUATAPE,3912600.0,GUATAPE
2018-08-07,GUATAPE,2194400.0,GUATAPE
2018-08-08,GUATAPE,3510600.0,GUATAPE
2018-08-09,GUATAPE,3940900.0,GUATAPE
2018-08-10,GUATAPE,3695000.0,GUATAPE
2018-08-11,GUATAPE,5830400.0,GUATAPE
2018-08-12,GUATAPE,3776300.0,GUATAPE
2018-08-13,GUATAPE,4260000.0,GUATAPE
2018-08-14,GUATAPE,5939000.0,GUATAPE
2018-08-15,GUATAPE,4340600.0,GUATAPE
2018-08-16,GUATAPE,3535800.0,GUATAPE
2018-08-17,GUATAPE,3459700.0,GUATAPE
2018-08-18,GUATAPE,3351900.0,GUATAPE
2018-08-19,GUATAPE,4593100.0,GUATAPE
2018-08-20,GUATAPE,3942700.0,GUATAPE
2018-08-21,GUATAPE,2554700.0,GUATAPE
2018-08-22,GUATAPE,3607200.0,GUATAPE
2018-08-23,GUATAPE,6198500.0,GUATAPE
2018-08-24,GUATAPE,14436800.0,GUATAPE
2018-08-25,GUATAPE,4209600.0,GUATAPE
2018-08-26,GUATAPE,4633300.0,GUATAPE
2018-08-27,GUATAPE,9932600.0,GUATAPE
2018-08-28,GUATAPE,3268600.0,GUATAPE
2018-08-29,GUATAPE,4657400.0,GUATAPE
2018-08-30,GUATAPE,5984400.0,GUATAPE
2018-08-31,GUATAPE,5608200.0,GUATAPE
2018-09-01,GUATAPE,4274500.0,GUATAPE
2018-09-02,GUATAPE,4180700.0,GUATAPE
2018-09-03,GUATAPE,6680300.0,GUATAPE
2018-09-04,GUATAPE,14141500.0,GUATAPE
2018-09-05,GUATAPE,6778700.0,GUATAPE
2018-09-06,GUATAPE,9638600.0,GUATAPE
2018-09-07,GUATAPE,9098400.0,GUATAPE
2018-09-08,GUATAPE,4887100.0,GUATAPE
2018-09-09,GUATAPE,4629000.0,GUATAPE
2018-09-10,GUATAPE,3540500.0,GUATAPE
2018-09-11,GUATAPE,5933700.0,GUATAPE
2018-09-12,GUATAPE,2825700.0,GUATAPE
2018-09-13,GUATAPE,6446700.0,GUATAPE
2018-09-14,GUATAPE,10673300.0,GUATAPE
2018-09-15,GUATAPE,10826000.0,GUATAPE
2018-09-16,GUATAPE,6162100.0,GUATAPE
2018-09-17,GUATAPE,4281800.0,GUATAPE
2018-09-18,GUATAPE,7275800.0,GUATAPE
2018-09-19,GUATAPE,12240400.0,GUATAPE
2018-09-20,GUATAPE,11233300.0,GUATAPE
2018-09-21,GUATAPE,5670000.0,GUATAPE
2018-09-22,GUATAPE,11041000.0,GUATAPE
2018-09-23,GUATAPE,6329000.0,GUATAPE
2018-09-24,GUATAPE,5949100.0,GUATAPE
2018-09-25,GUATAPE,4521100.0,GUATAPE
2018-09-26,GUATAPE,5817400.0,GUATAPE
2018-09-27,GUATAPE,9092300.0,GUATAPE
2018-09-28,GUATAPE,5995000.0,GUATAPE
2018-09-29,GUATAPE,19249600.0,GUATAPE
2018-09-30,GUATAPE,16204100.0,GUATAPE
2018-10-01,GUATAPE,7482000.0,GUATAPE
2018-10-02,GUATAPE,5285200.0,GUATAPE
2018-10-03,GUATAPE,5587700.0,GUATAPE
2018-10-04,GUATAPE,4162000.0,GUATAPE
2018-10-05,GUATAPE,11409000.0,GUATAPE
2018-10-06,GUATAPE,9683700.0,GUATAPE
2018-10-07,GUATAPE,6838700.0,GUATAPE
2018-10-08,GUATAPE,6169700.0,GUATAPE
2018-10-09,GUATAPE,5342300.0,GUATAPE
2018-10-10,GUATAPE,7834800.0,GUATAPE
2018-10-11,GUATAPE,16312200.0,GUATAPE
2018-10-12,GUATAPE,6721500.0,GUATAPE
2018-10-13,GUATAPE,4978900.0,GUATAPE
2018-10-14,GUATAPE,11544700.0,GUATAPE
2018-10-15,GUATAPE,10718900.0,GUATAPE
2018-10-16,GUATAPE,9100900.0,GUATAPE
2018-10-17,GUATAPE,7719600.0,GUATAPE
2018-10-18,GUATAPE,7073200.0,GUATAPE
2018-10-19,GUATAPE,6878300.0,GUATAPE
2018-10-20,GUATAPE,10549500.0,GUATAPE
2018-10-21,GUATAPE,12604100.0,GUATAPE
2018-10-22,GUATAPE,6570100.0,GUATAPE
2018-10-23,GUATAPE,6395600.0,GUATAPE
2018-10-24,GUATAPE,8020900.0,GUATAPE
2018-10-25,GUATAPE,7071800.0,GUATAPE
2018-10-26,GUATAPE,5675200.0,GUATAPE
2018-10-27,GUATAPE,4731000.0,GUATAPE
2018-10-28,GUATAPE,4427700.0,GUATAPE
2018-10-29,GUATAPE,4872600.0,GUATAPE
2018-10-30,GUATAPE,7216600.0,GUATAPE
2018-10-31,GUATAPE,7216600.0,GUATAPE
2018-11-01,GUATAPE,4729800.0,GUATAPE
2018-11-02,GUATAPE,8442000.0,GUATAPE
2018-11-03,GUATAPE,10369900.0,GUATAPE
2018-11-04,GUATAPE,10980300.0,GUATAPE
2018-11-05,GUATAPE,8458500.0,GUATAPE
2018-11-06,GUATAPE,9446700.0,GUATAPE
2018-11-07,GUATAPE,7408100.0,GUATAPE
2018-11-08,GUATAPE,5724800.0,GUATAPE
2018-11-09,GUATAPE,13537500.0,GUATAPE
2018-11-10,GUATAPE,6955700.0,GUATAPE
2018-11-11,GUATAPE,6297100.0,GUATAPE
2018-11-12,GUATAPE,7215300.0,GUATAPE
2018-11-13,GUATAPE,12233500.0,GUATAPE
2018-11-14,GUATAPE,8556500.0,GUATAPE
2018-11-15,GUATAPE,6339600.0,GUATAPE
2018-11-16,GUATAPE,6362100.0,GUATAPE
2018-11-17,GUATAPE,7252500.0,GUATAPE
2018-11-18,GUATAPE,13671400.0,GUATAPE
2018-11-19,GUATAPE,10373200.0,GUATAPE
2018-11-20,GUATAPE,6630800.0,GUATAPE
2018-11-21,GUATAPE,6109700.0,GUATAPE
2018-11-22,GUATAPE,7906900.0,GUATAPE
2018-11-23,GUATAPE,12519000.0,GUATAPE
2018-11-24,GUATAPE,10321900.0,GUATAPE
2018-11-25,GUATAPE,8801100.0,GUATAPE
2018-11-26,GUATAPE,7157300.0,GUATAPE
2018-11-27,GUATAPE,6373300.0,GUATAPE
2018-11-28,GUATAPE,8883700.0,GUATAPE
2018-11-29,GUATAPE,6075300.0,GUATAPE
2018-11-30,GUATAPE,6742600.0,GUATAPE
2018-12-01,GUATAPE,6095300.0,GUATAPE
2018-12-02,GUATAPE,5363900.0,GUATAPE
2018-12-03,GUATAPE,4616000.0,GUATAPE
2018-12-04,GUATAPE,6292300.0,GUATAPE
2018-12-05,GUATAPE,6206400.0,GUATAPE
2018-12-06,GUATAPE,4582200.0,GUATAPE
2018-12-07,GUATAPE,4516000.0,GUATAPE
2018-12-08,GUATAPE,5585700.0,GUATAPE
2018-12-09,GUATAPE,5828300.0,GUATAPE
2018-12-10,GUATAPE,4678800.0,GUATAPE
2018-12-11,GUATAPE,5098300.0,GUATAPE
2018-12-12,GUATAPE,7555500.0,GUATAPE
2018-12-13,GUATAPE,3823900.0,GUATAPE
2018-12-14,GUATAPE,4242000.0,GUATAPE
2018-12-15,GUATAPE,4980000.0,GUATAPE
2018-12-16,GUATAPE,4566200.0,GUATAPE
2018-12-17,GUATAPE,5129900.0,GUATAPE
2018-12-18,GUATAPE,5347500.0,GUATAPE
2018-12-19,GUATAPE,9024800.0,GUATAPE
2018-12-20,GUATAPE,7086000.0,GUATAPE
2018-12-21,GUATAPE,5800200.0,GUATAPE
2018-12-22,GUATAPE,4806700.0,GUATAPE
2018-12-23,GUATAPE,4910900.0,GUATAPE
2018-12-24,GUATAPE,5024500.0,GUATAPE
2018-12-25,GUATAPE,5347500.0,GUATAPE
2018-12-26,GUATAPE,4116500.0,GUATAPE
2018-12-27,GUATAPE,3639600.0,GUATAPE
2018-12-28,GUATAPE,3176100.0,GUATAPE
2018-12-29,GUATAPE,3392200.0,GUATAPE
2018-12-30,GUATAPE,4100400.0,GUATAPE
2018-12-31,GUATAPE,4656800.0,GUATAPE
2019-01-01,GUATAPE,4147800.0,GUATAPE
2019-01-02,GUATAPE,3288300.0,GUATAPE
2019-01-03,GUATAPE,3481600.0,GUATAPE
2019-01-04,GUATAPE,4077900.0,GUATAPE
2019-01-05,GUATAPE,1617500.0,GUATAPE
2019-01-06,GUATAPE,4841000.0,GUATAPE
2019-01-07,GUATAPE,4843700.0,GUATAPE
2019-01-08,GUATAPE,2753700.0,GUATAPE
2019-01-09,GUATAPE,4507000.0,GUATAPE
2019-01-10,GUATAPE,4695400.0,GUATAPE
2019-01-11,GUATAPE,2735200.0,GUATAPE
2019-01-12,GUATAPE,4961800.0,GUATAPE
2019-01-13,GUATAPE,6300400.0,GUATAPE
2019-01-14,GUATAPE,5428200.0,GUATAPE
2019-01-15,GUATAPE,4404100.0,GUATAPE
2019-01-16,GUATAPE,4959400.0,GUATAPE
2019-01-17,GUATAPE,4595300.0,GUATAPE
2019-01-18,GUATAPE,5339400.0,GUATAPE
2019-01-19,GUATAPE,2985200.0,GUATAPE
2019-01-20,GUATAPE,2982200.0,GUATAPE
2019-01-21,GUATAPE,4224800.0,GUATAPE
2019-01-22,GUATAPE,5437600.0,GUATAPE
2019-01-23,GUATAPE,4394300.0,GUATAPE
2019-01-24,GUATAPE,2754700.0,GUATAPE
2019-01-25,GUATAPE,4991900.0,GUATAPE
2019-01-26,GUATAPE,4967600.0,GUATAPE
2019-01-27,GUATAPE,7633700.0,GUATAPE
2019-01-28,GUATAPE,6291000.0,GUATAPE
2019-01-29,GUATAPE,2926400.0,GUATAPE
2019-01-30,GUATAPE,2470900.0,GUATAPE
2019-01-31,GUATAPE,4224500.0,GUATAPE
2019-02-01,GUATAPE,2597000.0,GUATAPE
2019-02-02,GUATAPE,4037700.0,GUATAPE
2019-02-03,GUATAPE,3824900.0,GUATAPE
2019-02-04,GUATAPE,2653400.0,GUATAPE
2019-02-05,GUATAPE,2462800.0,GUATAPE
2019-02-06,GUATAPE,4746000.0,GUATAPE
2019-02-07,GUATAPE,3197900.0,GUATAPE
2019-02-08,GUATAPE,4500300.0,GUATAPE
2019-02-09,GUATAPE,2885500.0,GUATAPE
2019-02-10,GUATAPE,2193500.0,GUATAPE
2019-02-11,GUATAPE,1611600.0,GUATAPE
2019-02-12,GUATAPE,3907200.0,GUATAPE
2019-02-13,GUATAPE,4049600.0,GUATAPE
2019-02-14,GUATAPE,6834500.0,GUATAPE
2019-02-15,GUATAPE,3774300.0,GUATAPE
2019-02-16,GUATAPE,3621600.0,GUATAPE
2019-02-17,GUATAPE,4770100.0,GUATAPE
2019-02-18,GUATAPE,2733700.0,GUATAPE
2019-02-19,GUATAPE,3824500.0,GUATAPE
2019-02-20,GUATAPE,7590900.0,GUATAPE
2019-02-21,GUATAPE,2492200.0,GUATAPE
2019-02-22,GUATAPE,7270100.0,GUATAPE
2019-02-23,GUATAPE,12779600.0,GUATAPE
2019-02-24,GUATAPE,3056600.0,GUATAPE
2019-02-25,GUATAPE,4114100.0,GUATAPE
2019-02-26,GUATAPE,4093400.0,GUATAPE
2019-02-27,GUATAPE,4496800.0,GUATAPE
2019-02-28,GUATAPE,4119900.0,GUATAPE
2019-03-01,GUATAPE,4008600.0,GUATAPE
2019-03-02,GUATAPE,12313900.0,GUATAPE
2019-03-03,GUATAPE,2996400.0,GUATAPE
2019-03-04,GUATAPE,2888700.0,GUATAPE
2019-03-05,GUATAPE,4396300.0,GUATAPE
2019-03-06,GUATAPE,4119900.0,GUATAPE
2019-03-07,GUATAPE,3385900.0,GUATAPE
2019-03-08,GUATAPE,7998300.0,GUATAPE
2019-03-09,GUATAPE,5123100.0,GUATAPE
2019-03-10,GUATAPE,4342100.0,GUATAPE
2019-03-11,GUATAPE,4109600.0,GUATAPE
2019-03-12,GUATAPE,4778600.0,GUATAPE
2019-03-13,GUATAPE,3070100.0,GUATAPE
2019-03-14,GUATAPE,3333700.0,GUATAPE
2019-03-15,GUATAPE,4879200.0,GUATAPE
2019-03-16,GUATAPE,3996400.0,GUATAPE
2019-03-17,GUATAPE,2713200.0,GUATAPE
2019-03-18,GUATAPE,6738800.0,GUATAPE
2019-03-19,GUATAPE,16073500.0,GUATAPE
2019-03-20,GUATAPE,4358800.0,GUATAPE
2019-03-21,GUATAPE,3998700.0,GUATAPE
2019-03-22,GUATAPE,4639100.0,GUATAPE
2019-03-23,GUATAPE,4101400.0,GUATAPE
2019-03-24,GUATAPE,3726800.0,GUATAPE
2019-03-25,GUATAPE,4327000.0,GUATAPE
2019-03-26,GUATAPE,6220700.0,GUATAPE
2019-03-27,GUATAPE,3845600.0,GUATAPE
2019-03-28,GUATAPE,6384000.0,GUATAPE
2019-03-29,GUATAPE,5917500.0,GUATAPE
2019-03-30,GUATAPE,3823300.0,GUATAPE
2019-03-31,GUATAPE,4123100.0,GUATAPE
2019-04-01,GUATAPE,10879200.0,GUATAPE
2019-04-02,GUATAPE,16774700.0,GUATAPE
2019-04-03,GUATAPE,3845600.0,GUATAPE
2019-04-04,GUATAPE,7992300.0,GUATAPE
2019-04-05,GUATAPE,4362700.0,GUATAPE
2019-04-06,GUATAPE,3581900.0,GUATAPE
2019-04-07,GUATAPE,3394200.0,GUATAPE
2019-04-08,GUATAPE,5352500.0,GUATAPE
2019-04-09,GUATAPE,3749800.0,GUATAPE
2019-04-10,GUATAPE,3745700.0,GUATAPE
2019-04-11,GUATAPE,3868400.0,GUATAPE
2019-04-12,GUATAPE,4654800.0,GUATAPE
2019-04-13,GUATAPE,11039200.0,GUATAPE
2019-04-14,GUATAPE,7082000.0,GUATAPE
2019-04-15,GUATAPE,7116500.0,GUATAPE
2019-04-16,GUATAPE,4649900.0,GUATAPE
2019-04-17,GUATAPE,13656200.0,GUATAPE
2019-04-18,GUATAPE,7090300.0,GUATAPE
2019-04-19,GUATAPE,4958400.0,GUATAPE
2019-04-20,GUATAPE,7474100.0,GUATAPE
2019-04-21,GUATAPE,10674300.0,GUATAPE
2019-04-22,GUATAPE,7372800.0,GUATAPE
2019-04-23,GUATAPE,8940200.0,GUATAPE
2019-04-24,GUATAPE,6995200.0,GUATAPE
2019-04-25,GUATAPE,6875100.0,GUATAPE
2019-04-26,GUATAPE,10409700.0,GUATAPE
2019-04-27,GUATAPE,4799600.0,GUATAPE
2019-04-28,GUATAPE,4312100.0,GUATAPE
2019-04-29,GUATAPE,3802200.0,GUATAPE
2019-04-30,GUATAPE,4442800.0,GUATAPE
2019-05-01,GUATAPE,2324200.0,GUATAPE
2019-05-02,GUATAPE,7138300.0,GUATAPE
2019-05-03,GUATAPE,2548400.0,GUATAPE
2019-05-04,GUATAPE,4279700.0,GUATAPE
2019-05-05,GUATAPE,3919300.0,GUATAPE
2019-05-06,GUATAPE,3827500.0,GUATAPE
2019-05-07,GUATAPE,3535100.0,GUATAPE
2019-05-08,GUATAPE,5577300.0,GUATAPE
2019-05-09,GUATAPE,2550300.0,GUATAPE
2019-05-10,GUATAPE,2732400.0,GUATAPE
2019-05-11,GUATAPE,27833700.0,GUATAPE
2019-05-12,GUATAPE,11130700.0,GUATAPE
2019-05-13,GUATAPE,3739700.0,GUATAPE
2019-05-14,GUATAPE,6469100.0,GUATAPE
2019-05-15,GUATAPE,6339900.0,GUATAPE
2019-05-16,GUATAPE,5101000.0,GUATAPE
2019-05-17,GUATAPE,5726500.0,GUATAPE
2019-05-18,GUATAPE,4682600.0,GUATAPE
2019-05-19,GUATAPE,7002800.0,GUATAPE
2019-05-20,GUATAPE,8385300.0,GUATAPE
2019-05-21,GUATAPE,14536000.0,GUATAPE
2019-05-22,GUATAPE,25259500.0,GUATAPE
2019-05-23,GUATAPE,15635500.0,GUATAPE
2019-05-24,GUATAPE,12972900.0,GUATAPE
2019-05-25,GUATAPE,14918000.0,GUATAPE
2019-05-26,GUATAPE,6261400.0,GUATAPE
2019-05-27,GUATAPE,15796000.0,GUATAPE
2019-05-28,GUATAPE,8424800.0,GUATAPE
2019-05-29,GUATAPE,5281100.0,GUATAPE
2019-05-30,GUATAPE,10057300.0,GUATAPE
2019-05-31,GUATAPE,9628300.0,GUATAPE
2019-06-01,GUATAPE,12519600.0,GUATAPE
2019-06-02,GUATAPE,7299500.0,GUATAPE
2019-06-03,GUATAPE,5547300.0,GUATAPE
2019-06-04,GUATAPE,5264100.0,GUATAPE
2019-06-05,GUATAPE,4431800.0,GUATAPE
2019-06-06,GUATAPE,5848900.0,GUATAPE
2019-06-07,GUATAPE,22576900.0,GUATAPE
2019-06-08,GUATAPE,6623400.0,GUATAPE
2019-06-09,GUATAPE,3534800.0,GUATAPE
2019-06-10,GUATAPE,5039200.0,GUATAPE
2019-06-11,GUATAPE,5015900.0,GUATAPE
2019-06-12,GUATAPE,5594600.0,GUATAPE
2019-06-13,GUATAPE,6416100.0,GUATAPE
2019-06-14,GUATAPE,1425300.0,GUATAPE
2019-06-15,GUATAPE,8035000.0,GUATAPE
2019-06-16,GUATAPE,5380600.0,GUATAPE
2019-06-17,GUATAPE,4626400.0,GUATAPE
2019-06-18,GUATAPE,3411500.0,GUATAPE
2019-06-19,GUATAPE,4201100.0,GUATAPE
2019-06-20,GUATAPE,2186100.0,GUATAPE
2019-06-21,GUATAPE,2987800.0,GUATAPE
2019-06-22,GUATAPE,4397600.0,GUATAPE
2019-06-23,GUATAPE,2646100.0,GUATAPE
2019-06-24,GUATAPE,3529200.0,GUATAPE
2019-06-25,GUATAPE,3938200.0,GUATAPE
2019-06-26,GUATAPE,2886700.0,GUATAPE
2019-06-27,GUATAPE,2997900.0,GUATAPE
2019-06-28,GUATAPE,4325700.0,GUATAPE
2019-06-29,GUATAPE,2284400.0,GUATAPE
2019-06-30,GUATAPE,3075700.0,GUATAPE
2019-07-01,GUATAPE,2985900.0,GUATAPE
2019-07-02,GUATAPE,2130000.0,GUATAPE
2019-07-03,GUATAPE,3995300.0,GUATAPE
2019-07-04,GUATAPE,4196100.0,GUATAPE
2019-07-05,GUATAPE,3858200.0,GUATAPE
2019-07-06,GUATAPE,3843200.0,GUATAPE
2019-07-07,GUATAPE,3203500.0,GUATAPE
2019-07-08,GUATAPE,1823000.0,GUATAPE
2019-07-09,GUATAPE,3287900.0,GUATAPE
2019-07-10,GUATAPE,2794000.0,GUATAPE
2019-07-11,GUATAPE,4607700.0,GUATAPE
2019-07-12,GUATAPE,3401000.0,GUATAPE
2019-07-13,GUATAPE,7966600.0,GUATAPE
2019-07-14,GUATAPE,9682100.0,GUATAPE
2019-07-15,GUATAPE,12701800.0,GUATAPE
2019-07-16,GUATAPE,4785700.0,GUATAPE
2019-07-17,GUATAPE,3119300.0,GUATAPE
2019-07-18,GUATAPE,3218600.0,GUATAPE
2019-07-19,GUATAPE,3483800.0,GUATAPE
2019-07-20,GUATAPE,2160900.0,GUATAPE
2019-07-21,GUATAPE,4022800.0,GUATAPE
2019-07-22,GUATAPE,2991500.0,GUATAPE
2019-07-23,GUATAPE,8999500.0,GUATAPE
2019-07-24,GUATAPE,2312000.0,GUATAPE
2019-07-25,GUATAPE,1773200.0,GUATAPE
2019-07-26,GUATAPE,2770100.0,GUATAPE
2019-07-27,GUATAPE,1786100.0,GUATAPE
2019-07-28,GUATAPE,2385000.0,GUATAPE
2019-07-29,GUATAPE,2871900.0,GUATAPE
2019-07-30,GUATAPE,2709100.0,GUATAPE
2019-07-31,GUATAPE,1737300.0,GUATAPE
2019-08-01,GUATAPE,4450400.0,GUATAPE
2019-08-02,GUATAPE,2758500.0,GUATAPE
2019-08-03,GUATAPE,2629900.0,GUATAPE
2019-08-04,GUATAPE,2147400.0,GUATAPE
2019-08-05,GUATAPE,4677000.0,GUATAPE
2019-08-06,GUATAPE,2970500.0,GUATAPE
2019-08-07,GUATAPE,2544100.0,GUATAPE
2019-08-08,GUATAPE,2520400.0,GUATAPE
2019-08-09,GUATAPE,2012700.0,GUATAPE
2019-08-10,GUATAPE,4578600.0,GUATAPE
2019-08-11,GUATAPE,2059200.0,GUATAPE
2019-08-12,GUATAPE,2092200.0,GUATAPE
2019-08-13,GUATAPE,3214700.0,GUATAPE
2019-08-14,GUATAPE,2210800.0,GUATAPE
2019-08-15,GUATAPE,2328500.0,GUATAPE
2019-08-16,GUATAPE,2730000.0,GUATAPE
2019-08-17,GUATAPE,5643200.0,GUATAPE
2019-08-18,GUATAPE,2546900.0,GUATAPE
2019-08-19,GUATAPE,1863100.0,GUATAPE
2019-08-20,GUATAPE,1001800.0,GUATAPE
2019-08-21,GUATAPE,1405600.0,GUATAPE
2019-08-22,GUATAPE,1470600.0,GUATAPE
2019-08-23,GUATAPE,2328600.0,GUATAPE
2019-08-24,GUATAPE,3019100.0,GUATAPE
2019-08-25,GUATAPE,2252600.0,GUATAPE
2019-08-26,GUATAPE,1881700.0,GUATAPE
2019-08-27,GUATAPE,1075600.0,GUATAPE
2019-08-28,GUATAPE,1308800.0,GUATAPE
2019-08-29,GUATAPE,3062700.0,GUATAPE
2019-08-30,GUATAPE,1471800.0,GUATAPE
2019-08-31,GUATAPE,1506500.0,GUATAPE
2019-09-01,GUATAPE,2391700.0,GUATAPE
2019-09-02,GUATAPE,2915200.0,GUATAPE
2019-09-03,GUATAPE,1957500.0,GUATAPE
2019-09-04,GUATAPE,3856600.0,GUATAPE
2019-09-05,GUATAPE,3255500.0,GUATAPE
2019-09-06,GUATAPE,3119400.0,GUATAPE
2019-09-07,GUATAPE,1387900.0,GUATAPE
2019-09-08,GUATAPE,3638600.0,GUATAPE
2019-09-09,GUATAPE,1001000.0,GUATAPE
2019-09-10,GUATAPE,2843900.0,GUATAPE
2019-09-11,GUATAPE,2463200.0,GUATAPE
2019-09-12,GUATAPE,3899100.0,GUATAPE
2019-09-13,GUATAPE,9306000.0,GUATAPE
2019-09-14,GUATAPE,3421000.0,GUATAPE
2019-09-15,GUATAPE,2673900.0,GUATAPE
2019-09-16,GUATAPE,6436700.0,GUATAPE
2019-09-17,GUATAPE,2481900.0,GUATAPE
2019-09-18,GUATAPE,9862600.0,GUATAPE
2019-09-19,GUATAPE,7843900.0,GUATAPE
2019-09-20,GUATAPE,4330300.0,GUATAPE
2019-09-21,GUATAPE,3375100.0,GUATAPE
2019-09-22,GUATAPE,2420700.0,GUATAPE
2019-09-23,GUATAPE,11836700.0,GUATAPE
2019-09-24,GUATAPE,3733900.0,GUATAPE
2019-09-25,GUATAPE,6110100.0,GUATAPE
2019-09-26,GUATAPE,5917200.0,GUATAPE
2019-09-27,GUATAPE,3496500.0,GUATAPE
2019-09-28,GUATAPE,3979800.0,GUATAPE
2019-09-29,GUATAPE,3494100.0,GUATAPE
2019-09-30,GUATAPE,4016900.0,GUATAPE
2019-10-01,GUATAPE,4638600.0,GUATAPE
2019-10-02,GUATAPE,2927500.0,GUATAPE
2019-10-03,GUATAPE,3147900.0,GUATAPE
2019-10-04,GUATAPE,2315100.0,GUATAPE
2019-10-05,GUATAPE,5791900.0,GUATAPE
2019-10-06,GUATAPE,4330300.0,GUATAPE
2019-10-07,GUATAPE,9149300.0,GUATAPE
2019-10-08,GUATAPE,7397600.0,GUATAPE
2019-10-09,GUATAPE,3245700.0,GUATAPE
2019-10-10,GUATAPE,4749500.0,GUATAPE
2019-10-11,GUATAPE,14774100.0,GUATAPE
2019-10-12,GUATAPE,11543900.0,GUATAPE
2019-10-13,GUATAPE,12241200.0,GUATAPE
2019-10-14,GUATAPE,9526200.0,GUATAPE
2019-10-15,GUATAPE,4786200.0,GUATAPE
2019-10-16,GUATAPE,4303400.0,GUATAPE
2019-10-17,GUATAPE,7986000.0,GUATAPE
2019-10-18,GUATAPE,5831000.0,GUATAPE
2019-10-19,GUATAPE,15833800.0,GUATAPE
2019-10-20,GUATAPE,5642000.0,GUATAPE
2019-10-21,GUATAPE,3929700.0,GUATAPE
2019-10-22,GUATAPE,3209500.0,GUATAPE
2019-10-23,GUATAPE,10327800.0,GUATAPE
2019-10-24,GUATAPE,7017200.0,GUATAPE
2019-10-25,GUATAPE,4899400.0,GUATAPE
2019-10-26,GUATAPE,7715900.0,GUATAPE
2019-10-27,GUATAPE,11606700.0,GUATAPE
2019-10-28,GUATAPE,5507100.0,GUATAPE
2019-10-29,GUATAPE,9240700.0,GUATAPE
2019-10-30,GUATAPE,9391000.0,GUATAPE
2019-10-31,GUATAPE,12086200.0,GUATAPE
2019-11-01,GUATAPE,5826000.0,GUATAPE
2019-11-02,GUATAPE,5853200.0,GUATAPE
2019-11-03,GUATAPE,3975200.0,GUATAPE
2019-11-04,GUATAPE,5971200.0,GUATAPE
2019-11-05,GUATAPE,4441100.0,GUATAPE
2019-11-06,GUATAPE,9564100.0,GUATAPE
2019-11-07,GUATAPE,4449100.0,GUATAPE
2019-11-08,GUATAPE,3767800.0,GUATAPE
2019-11-09,GUATAPE,20970100.0,GUATAPE
2019-11-10,GUATAPE,5608000.0,GUATAPE
2019-11-11,GUATAPE,4800100.0,GUATAPE
2019-11-12,GUATAPE,4211500.0,GUATAPE
2019-11-13,GUATAPE,8548200.0,GUATAPE
2019-11-14,GUATAPE,9945900.0,GUATAPE
2019-11-15,GUATAPE,3585500.0,GUATAPE
2019-11-16,GUATAPE,4701100.0,GUATAPE
2019-11-17,GUATAPE,5590700.0,GUATAPE
2019-11-18,GUATAPE,4299000.0,GUATAPE
2019-11-19,GUATAPE,3485700.0,GUATAPE
2019-11-20,GUATAPE,4054900.0,GUATAPE
2019-11-21,GUATAPE,6354300.0,GUATAPE
2019-11-22,GUATAPE,7174200.0,GUATAPE
2019-11-23,GUATAPE,4565500.0,GUATAPE
2019-11-24,GUATAPE,4509800.0,GUATAPE
2019-11-25,GUATAPE,3756900.0,GUATAPE
2019-11-26,GUATAPE,3511700.0,GUATAPE
2019-11-27,GUATAPE,4009300.0,GUATAPE
2019-11-28,GUATAPE,3626300.0,GUATAPE
2019-11-29,GUATAPE,5826000.0,GUATAPE
2019-11-30,GUATAPE,4063200.0,GUATAPE
2019-12-01,GUATAPE,3140900.0,GUATAPE
2019-12-02,GUATAPE,3696200.0,GUATAPE
2019-12-03,GUATAPE,5164300.0,GUATAPE
2019-12-04,GUATAPE,2994000.0,GUATAPE
2019-12-05,GUATAPE,4309300.0,GUATAPE
2019-12-06,GUATAPE,6256600.0,GUATAPE
2019-12-07,GUATAPE,4993500.0,GUATAPE
2019-12-08,GUATAPE,3707900.0,GUATAPE
2019-12-09,GUATAPE,3996600.0,GUATAPE
2019-12-10,GUATAPE,3438900.0,GUATAPE
2019-12-11,GUATAPE,2915000.0,GUATAPE
2019-12-12,GUATAPE,3006400.0,GUATAPE
2019-12-13,GUATAPE,7917100.0,GUATAPE
2019-12-14,GUATAPE,13107100.0,GUATAPE
2019-12-15,GUATAPE,6456700.0,GUATAPE
2019-12-16,GUATAPE,2426600.0,GUATAPE
2019-12-17,GUATAPE,4293900.0,GUATAPE
2019-12-18,GUATAPE,6246700.0,GUATAPE
2019-12-19,GUATAPE,3271600.0,GUATAPE
2019-12-20,GUATAPE,12465700.0,GUATAPE
2019-12-21,GUATAPE,6952400.0,GUATAPE
2019-12-22,GUATAPE,4721600.0,GUATAPE
2019-12-23,GUATAPE,5507800.0,GUATAPE
2019-12-24,GUATAPE,4092500.0,GUATAPE
2019-12-25,GUATAPE,9791400.0,GUATAPE
2019-12-26,GUATAPE,13284000.0,GUATAPE
2019-12-27,GUATAPE,4664500.0,GUATAPE
2019-12-28,GUATAPE,4084400.0,GUATAPE
2019-12-29,GUATAPE,4225700.0,GUATAPE
2019-12-30,GUATAPE,3188700.0,GUATAPE
2019-12-31,GUATAPE,12613100.0,GUATAPE
2020-01-01,GUATAPE,4510500.0,GUATAPE
2020-01-02,GUATAPE,4857300.0,GUATAPE
2020-01-03,GUATAPE,4321500.0,GUATAPE
2020-01-04,GUATAPE,4155500.0,GUATAPE
2020-01-05,GUATAPE,2756300.0,GUATAPE
2020-01-06,GUATAPE,3889300.0,GUATAPE
2020-01-07,GUATAPE,2976100.0,GUATAPE
2020-01-08,GUATAPE,2703300.0,GUATAPE
2020-01-09,GUATAPE,2846500.0,GUATAPE
2020-01-10,GUATAPE,3037200.0,GUATAPE
2020-01-11,GUATAPE,2829200.0,GUATAPE
2020-01-12,GUATAPE,6082000.0,GUATAPE
2020-01-13,GUATAPE,1129100.0,GUATAPE
2020-01-14,GUATAPE,2236700.0,GUATAPE
2020-01-15,GUATAPE,1312700.0,GUATAPE
2020-01-16,GUATAPE,3133800.0,GUATAPE
2020-01-17,GUATAPE,3133800.0,GUATAPE
2020-01-18,GUATAPE,3085400.0,GUATAPE
2020-01-19,GUATAPE,2997900.0,GUATAPE
2020-01-20,GUATAPE,3103400.0,GUATAPE
2020-01-21,GUATAPE,4617800.0,GUATAPE
2020-01-22,GUATAPE,4156000.0,GUATAPE
2020-01-23,GUATAPE,2736100.0,GUATAPE
2020-01-24,GUATAPE,1844800.0,GUATAPE
2020-01-25,GUATAPE,2763900.0,GUATAPE
2020-01-26,GUATAPE,4672100.0,GUATAPE
2020-01-27,GUATAPE,2932400.0,GUATAPE
2020-01-28,GUATAPE,2911600.0,GUATAPE
2020-01-29,GUATAPE,2523600.0,GUATAPE
2020-01-30,GUATAPE,2624600.0,GUATAPE
2020-01-31,GUATAPE,1964100.0,GUATAPE
2020-02-01,GUATAPE,2823300.0,GUATAPE
2020-02-02,GUATAPE,3573500.0,GUATAPE
2020-02-03,GUATAPE,2878300.0,GUATAPE
2020-02-04,GUATAPE,2878300.0,GUATAPE
2020-02-05,GUATAPE,2703600.0,GUATAPE
2020-02-06,GUATAPE,2498700.0,GUATAPE
2020-02-07,GUATAPE,2994500.0,GUATAPE
2020-02-08,GUATAPE,1819200.0,GUATAPE
2020-02-09,GUATAPE,4596200.0,GUATAPE
2020-02-10,GUATAPE,1647100.0,GUATAPE
2020-02-11,GUATAPE,1109600.0,GUATAPE
2020-02-12,GUATAPE,3022100.0,GUATAPE
2020-02-13,GUATAPE,2991500.0,GUATAPE
2020-02-14,GUATAPE,3413200.0,GUATAPE
2020-02-15,GUATAPE,7274400.0,GUATAPE
2020-02-16,GUATAPE,2382800.0,GUATAPE
2020-02-17,GUATAPE,3851900.0,GUATAPE
2020-02-18,GUATAPE,3157500.0,GUATAPE
2020-02-19,GUATAPE,2977500.0,GUATAPE
2020-02-20,GUATAPE,2357200.0,GUATAPE
2020-02-21,GUATAPE,4142900.0,GUATAPE
2020-02-22,GUATAPE,7909500.0,GUATAPE
2020-02-23,GUATAPE,4300700.0,GUATAPE
2020-02-24,GUATAPE,3091000.0,GUATAPE
2020-02-25,GUATAPE,4475800.0,GUATAPE
2020-02-26,GUATAPE,1736500.0,GUATAPE
2020-02-27,GUATAPE,2210700.0,GUATAPE
2020-02-28,GUATAPE,878300.0,GUATAPE
2020-02-29,GUATAPE,2600400.0,GUATAPE
2020-03-01,GUATAPE,1926700.0,GUATAPE
2020-03-02,GUATAPE,3985100.0,GUATAPE
2020-03-03,GUATAPE,4883500.0,GUATAPE
2020-03-04,GUATAPE,3098800.0,GUATAPE
2020-03-05,GUATAPE,2816000.0,GUATAPE
2020-03-06,GUATAPE,3153500.0,GUATAPE
2020-03-07,GUATAPE,2674900.0,GUATAPE
2020-03-08,GUATAPE,2710400.0,GUATAPE
2020-03-09,GUATAPE,2946300.0,GUATAPE
2020-03-10,GUATAPE,5253000.0,GUATAPE
2020-03-11,GUATAPE,3640700.0,GUATAPE
2020-03-12,GUATAPE,2945100.0,GUATAPE
2020-03-13,GUATAPE,3715600.0,GUATAPE
2020-03-14,GUATAPE,4677000.0,GUATAPE
2020-03-15,GUATAPE,3512700.0,GUATAPE
2020-03-16,GUATAPE,4473800.0,GUATAPE
2020-03-17,GUATAPE,3009100.0,GUATAPE
2020-03-18,GUATAPE,1794200.0,GUATAPE
2020-03-19,GUATAPE,5542600.0,GUATAPE
2020-03-20,GUATAPE,3036500.0,GUATAPE
2020-03-21,GUATAPE,3509000.0,GUATAPE
2020-03-22,GUATAPE,3788700.0,GUATAPE
2020-03-23,GUATAPE,2500900.0,GUATAPE
2020-03-24,GUATAPE,3250600.0,GUATAPE
2020-03-25,GUATAPE,4740400.0,GUATAPE
2020-03-26,GUATAPE,3054800.0,GUATAPE
2020-03-27,GUATAPE,2575500.0,GUATAPE
2020-03-28,GUATAPE,2279700.0,GUATAPE
2020-03-29,GUATAPE,7763800.0,GUATAPE
2020-03-30,GUATAPE,9662600.0,GUATAPE
2020-03-31,GUATAPE,6712000.0,GUATAPE
2020-04-01,GUATAPE,7907600.0,GUATAPE
2020-04-02,GUATAPE,3139300.0,GUATAPE
2020-04-03,GUATAPE,4237500.0,GUATAPE
2020-04-04,GUATAPE,8650700.0,GUATAPE
2020-04-05,GUATAPE,4015300.0,GUATAPE
2020-04-06,GUATAPE,3306000.0,GUATAPE
2020-04-07,GUATAPE,1161100.0,GUATAPE
2020-04-08,GUATAPE,2557200.0,GUATAPE
2020-04-09,GUATAPE,6001100.0,GUATAPE
2020-04-10,GUATAPE,8285300.0,GUATAPE
2020-04-11,GUATAPE,23591700.0,GUATAPE
2020-04-12,GUATAPE,4940900.0,GUATAPE
2020-04-13,GUATAPE,4825600.0,GUATAPE
2020-04-14,GUATAPE,4438000.0,GUATAPE
2020-04-15,GUATAPE,2913100.0,GUATAPE
2020-04-16,GUATAPE,2732200.0,GUATAPE
2020-04-17,GUATAPE,3722700.0,GUATAPE
2020-04-18,GUATAPE,4657400.0,GUATAPE
2020-04-19,GUATAPE,4802200.0,GUATAPE
2020-04-20,GUATAPE,7658900.0,GUATAPE
2020-04-21,GUATAPE,8250900.0,GUATAPE
2020-04-22,GUATAPE,4576500.0,GUATAPE
2020-04-23,GUATAPE,7373900.0,GUATAPE
2020-04-24,GUATAPE,5670200.0,GUATAPE
2020-04-25,GUATAPE,4263700.0,GUATAPE
2020-04-26,GUATAPE,6443300.0,GUATAPE
2020-04-27,GUATAPE,4832400.0,GUATAPE
2020-04-28,GUATAPE,13041100.0,GUATAPE
2020-04-29,GUATAPE,6112900.0,GUATAPE
2020-04-30,GUATAPE,6196700.0,GUATAPE
2020-05-01,GUATAPE,4884900.0,GUATAPE
2020-05-02,GUATAPE,3475500.0,GUATAPE
2020-05-03,GUATAPE,8307300.0,GUATAPE
2020-05-04,GUATAPE,6543000.0,GUATAPE
2020-05-05,GUATAPE,7601500.0,GUATAPE
2020-05-06,GUATAPE,4326600.0,GUATAPE
2020-05-07,GUATAPE,4821200.0,GUATAPE
2020-05-08,GUATAPE,3123100.0,GUATAPE
2020-05-09,GUATAPE,2796900.0,GUATAPE
2020-05-10,GUATAPE,2960500.0,GUATAPE
2020-05-11,GUATAPE,2098800.0,GUATAPE
2020-05-12,GUATAPE,3217700.0,GUATAPE
2020-05-13,GUATAPE,7110100.0,GUATAPE
2020-05-14,GUATAPE,4006000.0,GUATAPE
2020-05-15,GUATAPE,2384600.0,GUATAPE
2020-05-16,GUATAPE,3977200.0,GUATAPE
2020-05-17,GUATAPE,3132700.0,GUATAPE
2020-05-18,GUATAPE,3061100.0,GUATAPE
2020-05-19,GUATAPE,7789700.0,GUATAPE
2020-05-20,GUATAPE,1659500.0,GUATAPE
2020-05-21,GUATAPE,4094200.0,GUATAPE
2020-05-22,GUATAPE,3422000.0,GUATAPE
2020-05-23,GUATAPE,3991900.0,GUATAPE
2020-05-24,GUATAPE,4646400.0,GUATAPE
2020-05-25,GUATAPE,2240800.0,GUATAPE
2020-05-26,GUATAPE,1625300.0,GUATAPE
2020-05-27,GUATAPE,3713200.0,GUATAPE
2020-05-28,GUATAPE,4476400.0,GUATAPE
2020-05-29,GUATAPE,2961400.0,GUATAPE
2020-05-30,GUATAPE,13216100.0,GUATAPE
2020-05-31,GUATAPE,3015900.0,GUATAPE
2020-06-01,GUATAPE,3320200.0,GUATAPE
2020-06-02,GUATAPE,3073100.0,GUATAPE
2020-06-03,GUATAPE,2896700.0,GUATAPE
2020-06-04,GUATAPE,3489400.0,GUATAPE
2020-06-05,GUATAPE,3196100.0,GUATAPE
2020-06-06,GUATAPE,2866900.0,GUATAPE
2020-06-07,GUATAPE,3492700.0,GUATAPE
2020-06-08,GUATAPE,2463700.0,GUATAPE
2020-06-09,GUATAPE,1987700.0,GUATAPE
2020-06-10,GUATAPE,7106900.0,GUATAPE
2020-06-11,GUATAPE,8010100.0,GUATAPE
2020-06-12,GUATAPE,17705900.0,GUATAPE
2020-06-13,GUATAPE,3329200.0,GUATAPE
2020-06-14,GUATAPE,3151200.0,GUATAPE
2020-06-15,GUATAPE,3200800.0,GUATAPE
2020-06-16,GUATAPE,4023600.0,GUATAPE
2020-06-17,GUATAPE,2802500.0,GUATAPE
2020-06-18,GUATAPE,3724600.0,GUATAPE
2020-06-19,GUATAPE,2930900.0,GUATAPE
2020-06-20,GUATAPE,9601400.0,GUATAPE
2020-06-21,GUATAPE,6604500.0,GUATAPE
2020-06-22,GUATAPE,2245600.0,GUATAPE
2020-06-23,GUATAPE,1993900.0,GUATAPE
2020-06-24,GUATAPE,3688200.0,GUATAPE
2020-06-25,GUATAPE,2623400.0,GUATAPE
2020-06-26,GUATAPE,5856000.0,GUATAPE
2020-06-27,GUATAPE,2787500.0,GUATAPE
2020-06-28,GUATAPE,9070700.0,GUATAPE
2020-06-29,GUATAPE,3325100.0,GUATAPE
2020-06-30,GUATAPE,5500700.0,GUATAPE
2020-07-01,GUATAPE,8523600.0,GUATAPE
2020-07-02,GUATAPE,9745800.0,GUATAPE
2020-07-03,GUATAPE,2846000.0,GUATAPE
2020-07-04,GUATAPE,5353800.0,GUATAPE
2020-07-05,GUATAPE,6099900.0,GUATAPE
2020-07-06,GUATAPE,3113900.0,GUATAPE
2020-07-07,GUATAPE,4355200.0,GUATAPE
2020-07-08,GUATAPE,8383400.0,GUATAPE
2020-07-09,GUATAPE,7896000.0,GUATAPE
2020-07-10,GUATAPE,3697100.0,GUATAPE
2020-07-11,GUATAPE,14347900.0,GUATAPE
2020-07-12,GUATAPE,4566000.0,GUATAPE
2020-07-13,GUATAPE,3322400.0,GUATAPE
2020-07-14,GUATAPE,8613000.0,GUATAPE
2020-07-15,GUATAPE,4125700.0,GUATAPE
2020-07-16,GUATAPE,3542000.0,GUATAPE
2020-07-17,GUATAPE,3210100.0,GUATAPE
2020-07-18,GUATAPE,2223100.0,GUATAPE
2020-07-19,GUATAPE,3032700.0,GUATAPE
2020-07-20,GUATAPE,4205300.0,GUATAPE
2020-07-21,GUATAPE,2213900.0,GUATAPE
2020-07-22,GUATAPE,4526500.0,GUATAPE
2020-07-23,GUATAPE,8548500.0,GUATAPE
2020-07-24,GUATAPE,18403200.0,GUATAPE
2020-07-25,GUATAPE,15520200.0,GUATAPE
2020-07-26,GUATAPE,3957700.0,GUATAPE
2020-07-27,GUATAPE,8791000.0,GUATAPE
2020-07-28,GUATAPE,6129300.0,GUATAPE
2020-07-29,GUATAPE,4539100.0,GUATAPE
2020-07-30,GUATAPE,4027300.0,GUATAPE
2020-07-31,GUATAPE,3948900.0,GUATAPE
2020-08-01,GUATAPE,3145100.0,GUATAPE
2020-08-02,GUATAPE,2489400.0,GUATAPE
2020-08-03,GUATAPE,3236700.0,GUATAPE
2020-08-04,GUATAPE,1993400.0,GUATAPE
2020-08-05,GUATAPE,1227200.0,GUATAPE
2020-08-06,GUATAPE,2767100.0,GUATAPE
2020-08-07,GUATAPE,2819800.0,GUATAPE
2020-08-08,GUATAPE,3793700.0,GUATAPE
2020-08-09,GUATAPE,1957700.0,GUATAPE
2020-08-10,GUATAPE,1609500.0,GUATAPE
2020-08-11,GUATAPE,3268400.0,GUATAPE
2020-08-12,GUATAPE,5525300.0,GUATAPE
2020-08-13,GUATAPE,8245300.0,GUATAPE
2020-08-14,GUATAPE,4696400.0,GUATAPE
2020-08-15,GUATAPE,5571200.0,GUATAPE
2020-08-16,GUATAPE,3474100.0,GUATAPE
2020-08-17,GUATAPE,9652000.0,GUATAPE
2020-08-18,GUATAPE,4232900.0,GUATAPE
2020-08-19,GUATAPE,7878600.0,GUATAPE
2020-08-20,GUATAPE,14261000.0,GUATAPE
2020-08-21,GUATAPE,4021400.0,GUATAPE
2020-08-22,GUATAPE,4962900.0,GUATAPE
2020-08-23,GUATAPE,12952100.0,GUATAPE
2020-08-24,GUATAPE,7433200.0,GUATAPE
2020-08-25,GUATAPE,5358200.0,GUATAPE
2020-08-26,GUATAPE,3690400.0,GUATAPE
2020-08-27,GUATAPE,2634900.0,GUATAPE
2020-08-28,GUATAPE,5446200.0,GUATAPE
2020-08-29,GUATAPE,3602300.0,GUATAPE
2020-08-30,GUATAPE,4509100.0,GUATAPE
2020-08-31,GUATAPE,4084100.0,GUATAPE
2020-09-01,GUATAPE,8269200.0,GUATAPE
2020-09-02,GUATAPE,8601800.0,GUATAPE
2020-09-03,GUATAPE,3889500.0,GUATAPE
2020-09-04,GUATAPE,11571500.0,GUATAPE
2020-09-05,GUATAPE,4503300.0,GUATAPE
2020-09-06,GUATAPE,4634400.0,GUATAPE
2020-09-07,GUATAPE,6618000.0,GUATAPE
2020-09-08,GUATAPE,22144300.0,GUATAPE
2020-09-09,GUATAPE,3713600.0,GUATAPE
2020-09-10,GUATAPE,6511500.0,GUATAPE
2020-09-11,GUATAPE,4922100.0,GUATAPE
2020-09-12,GUATAPE,7993900.0,GUATAPE
2020-09-13,GUATAPE,6707400.0,GUATAPE
2020-09-14,GUATAPE,3012700.0,GUATAPE
2020-09-15,GUATAPE,8540200.0,GUATAPE
2020-09-16,GUATAPE,6954200.0,GUATAPE
2020-09-17,GUATAPE,6740600.0,GUATAPE
2020-09-18,GUATAPE,18578600.0,GUATAPE
2020-09-19,GUATAPE,7029200.0,GUATAPE
2020-09-20,GUATAPE,5577100.0,GUATAPE
2020-09-21,GUATAPE,9421200.0,GUATAPE
2020-09-22,GUATAPE,10004200.0,GUATAPE
2020-09-23,GUATAPE,4852300.0,GUATAPE
2020-09-24,GUATAPE,3784800.0,GUATAPE
2020-09-25,GUATAPE,4418500.0,GUATAPE
2020-09-26,GUATAPE,7436400.0,GUATAPE
2020-09-27,GUATAPE,10835900.0,GUATAPE
2020-09-28,GUATAPE,5364100.0,GUATAPE
2020-09-29,GUATAPE,5080400.0,GUATAPE
2020-09-30,GUATAPE,4629500.0,GUATAPE
2020-10-01,GUATAPE,3724400.0,GUATAPE
2020-10-02,GUATAPE,6690300.0,GUATAPE
2020-10-03,GUATAPE,8615900.0,GUATAPE
2020-10-04,GUATAPE,17493200.0,GUATAPE
2020-10-05,GUATAPE,5664500.0,GUATAPE
2020-10-06,GUATAPE,7850600.0,GUATAPE
2020-10-07,GUATAPE,3648000.0,GUATAPE
2020-10-08,GUATAPE,3896900.0,GUATAPE
2020-10-09,GUATAPE,3795500.0,GUATAPE
2020-10-10,GUATAPE,2367500.0,GUATAPE
2020-10-11,GUATAPE,3169300.0,GUATAPE
2020-10-12,GUATAPE,5159400.0,GUATAPE
2020-10-13,GUATAPE,12487400.0,GUATAPE
2020-10-14,GUATAPE,10751400.0,GUATAPE
2020-10-15,GUATAPE,7823000.0,GUATAPE
2020-10-16,GUATAPE,9450500.0,GUATAPE
2020-10-17,GUATAPE,3820200.0,GUATAPE
2020-10-18,GUATAPE,3898500.0,GUATAPE
2020-10-19,GUATAPE,4383800.0,GUATAPE
2020-10-20,GUATAPE,4371600.0,GUATAPE
2020-10-21,GUATAPE,4512800.0,GUATAPE
2020-10-22,GUATAPE,4135400.0,GUATAPE
2020-10-23,GUATAPE,7098100.0,GUATAPE
2020-10-24,GUATAPE,12563600.0,GUATAPE
2020-10-25,GUATAPE,5624700.0,GUATAPE
2020-10-26,GUATAPE,5890200.0,GUATAPE
2020-10-27,GUATAPE,3860400.0,GUATAPE
2020-10-28,GUATAPE,4679100.0,GUATAPE
2020-10-29,GUATAPE,3991600.0,GUATAPE
2020-10-30,GUATAPE,3703400.0,GUATAPE
2020-10-31,GUATAPE,21614500.0,GUATAPE
2020-11-01,GUATAPE,9005700.0,GUATAPE
2020-11-02,GUATAPE,7657200.0,GUATAPE
2020-11-03,GUATAPE,12636100.0,GUATAPE
2020-11-04,GUATAPE,9773300.0,GUATAPE
2020-11-05,GUATAPE,5323400.0,GUATAPE
2020-11-06,GUATAPE,17864500.0,GUATAPE
2020-11-07,GUATAPE,6391300.0,GUATAPE
2020-11-08,GUATAPE,5938100.0,GUATAPE
2020-11-09,GUATAPE,6045800.0,GUATAPE
2020-11-10,GUATAPE,10932600.0,GUATAPE
2020-11-11,GUATAPE,11492500.0,GUATAPE
2020-11-12,GUATAPE,11212000.0,GUATAPE
2020-11-13,GUATAPE,27278800.0,GUATAPE
2020-11-14,GUATAPE,10018000.0,GUATAPE
2020-11-15,GUATAPE,6826000.0,GUATAPE
2020-11-16,GUATAPE,23676700.0,GUATAPE
2020-11-17,GUATAPE,6412100.0,GUATAPE
2020-11-18,GUATAPE,7948200.0,GUATAPE
2020-11-19,GUATAPE,5466500.0,GUATAPE
2020-11-20,GUATAPE,6093100.0,GUATAPE
2020-11-21,GUATAPE,4846600.0,GUATAPE
2020-11-22,GUATAPE,9245100.0,GUATAPE
2020-11-23,GUATAPE,6163000.0,GUATAPE
2020-11-24,GUATAPE,5447100.0,GUATAPE
2020-11-25,GUATAPE,5619100.0,GUATAPE
2020-11-26,GUATAPE,4348700.0,GUATAPE
2020-11-27,GUATAPE,8694300.0,GUATAPE
2020-11-28,GUATAPE,10782000.0,GUATAPE
2020-11-29,GUATAPE,7524800.0,GUATAPE
2020-11-30,GUATAPE,5857200.0,GUATAPE
2020-12-01,GUATAPE,7586300.0,GUATAPE
2020-12-02,GUATAPE,6380400.0,GUATAPE
2020-12-03,GUATAPE,12731800.0,GUATAPE
2020-12-04,GUATAPE,4706200.0,GUATAPE
2020-12-05,GUATAPE,5241300.0,GUATAPE
2020-12-06,GUATAPE,8343600.0,GUATAPE
2020-12-07,GUATAPE,8589600.0,GUATAPE
2020-12-08,GUATAPE,5215200.0,GUATAPE
2020-12-09,GUATAPE,5890900.0,GUATAPE
2020-12-10,GUATAPE,5372700.0,GUATAPE
2020-12-11,GUATAPE,5328400.0,GUATAPE
2020-12-12,GUATAPE,5374800.0,GUATAPE
2020-12-13,GUATAPE,4812000.0,GUATAPE
2020-12-14,GUATAPE,6130500.0,GUATAPE
2020-12-15,GUATAPE,10582400.0,GUATAPE
2020-12-16,GUATAPE,4380900.0,GUATAPE
2020-12-17,GUATAPE,4897900.0,GUATAPE
2020-12-18,GUATAPE,7114900.0,GUATAPE
2020-12-19,GUATAPE,5087000.0,GUATAPE
2020-12-20,GUATAPE,5148300.0,GUATAPE
2020-12-21,GUATAPE,5223400.0,GUATAPE
2020-12-22,GUATAPE,4547700.0,GUATAPE
2020-12-23,GUATAPE,4477400.0,GUATAPE
2020-12-24,GUATAPE,11779600.0,GUATAPE
2020-12-25,GUATAPE,7284000.0,GUATAPE
2020-12-26,GUATAPE,3109400.0,GUATAPE
2020-12-27,GUATAPE,4439500.0,GUATAPE
2020-12-28,GUATAPE,3267400.0,GUATAPE
2020-12-29,GUATAPE,2962200.0,GUATAPE
2020-12-30,GUATAPE,3860900.0,GUATAPE
2020-12-31,GUATAPE,5254900.0,GUATAPE
2021-01-01,GUATAPE,5664800.0,GUATAPE
2021-01-02,GUATAPE,11140800.0,GUATAPE
2021-01-03,GUATAPE,6246700.0,GUATAPE
2021-01-04,GUATAPE,2402200.0,GUATAPE
2021-01-05,GUATAPE,2394400.0,GUATAPE
2021-01-06,GUATAPE,2775600.0,GUATAPE
2021-01-07,GUATAPE,2674700.0,GUATAPE
2021-01-08,GUATAPE,9018000.0,GUATAPE
2021-01-09,GUATAPE,5987600.0,GUATAPE
2021-01-10,GUATAPE,11833300.0,GUATAPE
2021-01-11,GUATAPE,12251300.0,GUATAPE
2021-01-12,GUATAPE,4356700.0,GUATAPE
2021-01-13,GUATAPE,6439900.0,GUATAPE
2021-01-14,GUATAPE,4403600.0,GUATAPE
2021-01-15,GUATAPE,3102800.0,GUATAPE
2021-01-16,GUATAPE,3119700.0,GUATAPE
2021-01-17,GUATAPE,3968100.0,GUATAPE
2021-01-18,GUATAPE,2620700.0,GUATAPE
2021-01-19,GUATAPE,3276300.0,GUATAPE
2021-01-20,GUATAPE,3514900.0,GUATAPE
2021-01-21,GUATAPE,3835600.0,GUATAPE
2021-01-22,GUATAPE,3613800.0,GUATAPE
2021-01-23,GUATAPE,3825700.0,GUATAPE
2021-01-24,GUATAPE,5382400.0,GUATAPE
2021-01-25,GUATAPE,5478700.0,GUATAPE
2021-01-26,GUATAPE,4103900.0,GUATAPE
2021-01-27,GUATAPE,3552300.0,GUATAPE
2021-01-28,GUATAPE,3447900.0,GUATAPE
2021-01-29,GUATAPE,3372300.0,GUATAPE
2021-01-30,GUATAPE,3324400.0,GUATAPE
2021-01-31,GUATAPE,3288500.0,GUATAPE
2021-02-01,GUATAPE,3781800.0,GUATAPE
2021-02-02,GUATAPE,2268600.0,GUATAPE
2021-02-03,GUATAPE,5381900.0,GUATAPE
2021-02-04,GUATAPE,8929100.0,GUATAPE
2021-02-05,GUATAPE,16839700.0,GUATAPE
2021-02-06,GUATAPE,5807600.0,GUATAPE
2021-02-07,GUATAPE,3823500.0,GUATAPE
2021-02-08,GUATAPE,6062900.0,GUATAPE
2021-02-09,GUATAPE,5081800.0,GUATAPE
2021-02-10,GUATAPE,6177600.0,GUATAPE
2021-02-11,GUATAPE,4453200.0,GUATAPE
2021-02-12,GUATAPE,4688900.0,GUATAPE
2021-02-13,GUATAPE,3639000.0,GUATAPE
2021-02-14,GUATAPE,3547900.0,GUATAPE
2021-02-15,GUATAPE,3449600.0,GUATAPE
2021-02-16,GUATAPE,3473800.0,GUATAPE
2021-02-17,GUATAPE,3506600.0,GUATAPE
2021-02-18,GUATAPE,9126700.0,GUATAPE
2021-02-19,GUATAPE,5114000.0,GUATAPE
2021-02-20,GUATAPE,4500600.0,GUATAPE
2021-02-21,GUATAPE,4141300.0,GUATAPE
2021-02-22,GUATAPE,3880500.0,GUATAPE
2021-02-23,GUATAPE,5772700.0,GUATAPE
2021-02-24,GUATAPE,4169900.0,GUATAPE
2021-02-25,GUATAPE,4212100.0,GUATAPE
2021-02-26,GUATAPE,8478700.0,GUATAPE
2021-02-27,GUATAPE,6965200.0,GUATAPE
2021-02-28,GUATAPE,10210300.0,GUATAPE
2021-03-01,GUATAPE,5859400.0,GUATAPE
2021-03-02,GUATAPE,4610700.0,GUATAPE
2021-03-03,GUATAPE,4027800.0,GUATAPE
2021-03-04,GUATAPE,4030700.0,GUATAPE
2021-03-05,GUATAPE,4319800.0,GUATAPE
2021-03-06,GUATAPE,3079700.0,GUATAPE
2021-03-07,GUATAPE,9309600.0,GUATAPE
2021-03-08,GUATAPE,8401500.0,GUATAPE
2021-03-09,GUATAPE,4107600.0,GUATAPE
2021-03-10,GUATAPE,10059600.0,GUATAPE
2021-03-11,GUATAPE,2868900.0,GUATAPE
2021-03-12,GUATAPE,4759500.0,GUATAPE
2021-03-13,GUATAPE,4503500.0,GUATAPE
2021-03-14,GUATAPE,5287500.0,GUATAPE
2021-03-15,GUATAPE,7837400.0,GUATAPE
2021-03-16,GUATAPE,5445000.0,GUATAPE
2021-03-17,GUATAPE,7172400.0,GUATAPE
2021-03-18,GUATAPE,7786800.0,GUATAPE
2021-03-19,GUATAPE,7567800.0,GUATAPE
2021-03-20,GUATAPE,11587700.0,GUATAPE
2021-03-21,GUATAPE,8700700.0,GUATAPE
2021-03-22,GUATAPE,5476400.0,GUATAPE
2021-03-23,GUATAPE,8610600.0,GUATAPE
2021-03-24,GUATAPE,9027500.0,GUATAPE
2021-03-25,GUATAPE,4687200.0,GUATAPE
2021-03-26,GUATAPE,10316700.0,GUATAPE
2021-03-27,GUATAPE,6061700.0,GUATAPE
2021-03-28,GUATAPE,3600100.0,GUATAPE
2021-03-29,GUATAPE,5537800.0,GUATAPE
2021-03-30,GUATAPE,10384900.0,GUATAPE
2021-03-31,GUATAPE,3829600.0,GUATAPE
2021-04-01,GUATAPE,6734700.0,GUATAPE
2021-04-02,GUATAPE,4477100.0,GUATAPE
2021-04-03,GUATAPE,9665400.0,GUATAPE
2021-04-04,GUATAPE,9536200.0,GUATAPE
2021-04-05,GUATAPE,7350900.0,GUATAPE
2021-04-06,GUATAPE,5271500.0,GUATAPE
2021-04-07,GUATAPE,4704200.0,GUATAPE
2021-04-08,GUATAPE,4184300.0,GUATAPE
2021-04-09,GUATAPE,14852500.0,GUATAPE
2021-04-10,GUATAPE,5928500.0,GUATAPE
2021-04-11,GUATAPE,5584700.0,GUATAPE
2021-04-12,GUATAPE,12969800.0,GUATAPE
2021-04-13,GUATAPE,4116200.0,GUATAPE
2021-04-14,GUATAPE,5525500.0,GUATAPE
2021-04-15,GUATAPE,3527300.0,GUATAPE
2021-04-16,GUATAPE,4183500.0,GUATAPE
2021-04-17,GUATAPE,7667600.0,GUATAPE
2021-04-18,GUATAPE,4467100.0,GUATAPE
2021-04-19,GUATAPE,3168300.0,GUATAPE
2021-04-20,GUATAPE,2782200.0,GUATAPE
2021-04-21,GUATAPE,5381500.0,GUATAPE
2021-04-22,GUATAPE,6600700.0,GUATAPE
2021-04-23,GUATAPE,21771600.0,GUATAPE
2021-04-24,GUATAPE,8448200.0,GUATAPE
2021-04-25,GUATAPE,5809900.0,GUATAPE
2021-04-26,GUATAPE,9577700.0,GUATAPE
2021-04-27,GUATAPE,8263600.0,GUATAPE
2021-04-28,GUATAPE,5806600.0,GUATAPE
2021-04-29,GUATAPE,7063700.0,GUATAPE
2021-04-30,GUATAPE,7039300.0,GUATAPE
2021-05-01,GUATAPE,5666200.0,GUATAPE
2021-05-02,GUATAPE,11537300.0,GUATAPE
2021-05-03,GUATAPE,6645500.0,GUATAPE
2021-05-04,GUATAPE,6584200.0,GUATAPE
2021-05-05,GUATAPE,7120300.0,GUATAPE
2021-05-06,GUATAPE,5043400.0,GUATAPE
2021-05-07,GUATAPE,7947000.0,GUATAPE
2021-05-08,GUATAPE,15934300.0,GUATAPE
2021-05-09,GUATAPE,7067100.0,GUATAPE
2021-05-10,GUATAPE,4959000.0,GUATAPE
2021-05-11,GUATAPE,4145400.0,GUATAPE
2021-05-12,GUATAPE,4872000.0,GUATAPE
2021-05-13,GUATAPE,4781400.0,GUATAPE
2021-05-14,GUATAPE,8196700.0,GUATAPE
2021-05-15,GUATAPE,25471800.0,GUATAPE
2021-05-16,GUATAPE,16315900.0,GUATAPE
2021-05-17,GUATAPE,30230000.0,GUATAPE
2021-05-18,GUATAPE,12041000.0,GUATAPE
2021-05-19,GUATAPE,11940800.0,GUATAPE
2021-05-20,GUATAPE,7835600.0,GUATAPE
2021-05-21,GUATAPE,5118900.0,GUATAPE
2021-05-22,GUATAPE,13912200.0,GUATAPE
2021-05-23,GUATAPE,14425000.0,GUATAPE
2021-05-24,GUATAPE,6324900.0,GUATAPE
2021-05-25,GUATAPE,17609200.0,GUATAPE
2021-05-26,GUATAPE,10693400.0,GUATAPE
2021-05-27,GUATAPE,3704600.0,GUATAPE
2021-05-28,GUATAPE,5259100.0,GUATAPE
2021-05-29,GUATAPE,9328600.0,GUATAPE
2021-05-30,GUATAPE,5954100.0,GUATAPE
2021-05-31,GUATAPE,14518300.0,GUATAPE
2021-06-01,GUATAPE,24739000.0,GUATAPE
2021-06-02,GUATAPE,9409200.0,GUATAPE
2021-06-03,GUATAPE,11356400.0,GUATAPE
2021-06-04,GUATAPE,7354300.0,GUATAPE
2021-06-05,GUATAPE,5337000.0,GUATAPE
2021-06-06,GUATAPE,9054600.0,GUATAPE
2021-06-07,GUATAPE,6978700.0,GUATAPE
2021-06-08,GUATAPE,13720600.0,GUATAPE
2021-06-09,GUATAPE,11892700.0,GUATAPE
2021-06-10,GUATAPE,8195300.0,GUATAPE
2021-06-11,GUATAPE,12374700.0,GUATAPE
2021-06-12,GUATAPE,11629000.0,GUATAPE
2021-06-13,GUATAPE,8515200.0,GUATAPE
2021-06-14,GUATAPE,11310100.0,GUATAPE
2021-06-15,GUATAPE,7414900.0,GUATAPE
2021-06-16,GUATAPE,8354700.0,GUATAPE
2021-06-17,GUATAPE,5980900.0,GUATAPE
2021-06-18,GUATAPE,6099800.0,GUATAPE
2021-06-19,GUATAPE,5746500.0,GUATAPE
2021-06-20,GUATAPE,7550200.0,GUATAPE
2021-06-21,GUATAPE,7033600.0,GUATAPE
2021-06-22,GUATAPE,5014800.0,GUATAPE
2021-06-23,GUATAPE,5579900.0,GUATAPE
2021-06-24,GUATAPE,15041400.0,GUATAPE
2021-06-25,GUATAPE,10010900.0,GUATAPE
2021-06-26,GUATAPE,5426800.0,GUATAPE
2021-06-27,GUATAPE,12118800.0,GUATAPE
2021-06-28,GUATAPE,7442500.0,GUATAPE
2021-06-29,GUATAPE,5523300.0,GUATAPE
2021-06-30,GUATAPE,5450300.0,GUATAPE
2021-07-01,GUATAPE,4261800.0,GUATAPE
2021-07-02,GUATAPE,4199100.0,GUATAPE
2021-07-03,GUATAPE,4866800.0,GUATAPE
2021-07-04,GUATAPE,4506400.0,GUATAPE
2021-07-05,GUATAPE,3841200.0,GUATAPE
2021-07-06,GUATAPE,4286200.0,GUATAPE
2021-07-07,GUATAPE,5450200.0,GUATAPE
2021-07-08,GUATAPE,3241100.0,GUATAPE
2021-07-09,GUATAPE,4751000.0,GUATAPE
2021-07-10,GUATAPE,4205600.0,GUATAPE
2021-07-11,GUATAPE,11049200.0,GUATAPE
2021-07-12,GUATAPE,4527200.0,GUATAPE
2021-07-13,GUATAPE,4218300.0,GUATAPE
2021-07-14,GUATAPE,2863200.0,GUATAPE
2021-07-15,GUATAPE,4454000.0,GUATAPE
2021-07-16,GUATAPE,11263300.0,GUATAPE
2021-07-17,GUATAPE,12719600.0,GUATAPE
2021-07-18,GUATAPE,16342200.0,GUATAPE
2021-07-19,GUATAPE,4309800.0,GUATAPE
2021-07-20,GUATAPE,3884500.0,GUATAPE
2021-07-21,GUATAPE,4294900.0,GUATAPE
2021-07-22,GUATAPE,3121700.0,GUATAPE
2021-07-23,GUATAPE,4170200.0,GUATAPE
2021-07-24,GUATAPE,15939400.0,GUATAPE
2021-07-25,GUATAPE,5197700.0,GUATAPE
2021-07-26,GUATAPE,3255300.0,GUATAPE
2021-07-27,GUATAPE,18511800.0,GUATAPE
2021-07-28,GUATAPE,6658400.0,GUATAPE
2021-07-29,GUATAPE,13136800.0,GUATAPE
2021-07-30,GUATAPE,7120300.0,GUATAPE
2021-07-31,GUATAPE,4112300.0,GUATAPE
2021-08-01,GUATAPE,3321400.0,GUATAPE
2021-08-02,GUATAPE,4268600.0,GUATAPE
2021-08-03,GUATAPE,3932200.0,GUATAPE
2021-08-04,GUATAPE,2695800.0,GUATAPE
2021-08-05,GUATAPE,2787200.0,GUATAPE
2021-08-06,GUATAPE,3277900.0,GUATAPE
2021-08-07,GUATAPE,3823800.0,GUATAPE
2021-08-08,GUATAPE,4575200.0,GUATAPE
2021-08-09,GUATAPE,4053400.0,GUATAPE
2021-08-10,GUATAPE,3365700.0,GUATAPE
2021-08-11,GUATAPE,3630100.0,GUATAPE
2021-08-12,GUATAPE,9526400.0,GUATAPE
2021-08-13,GUATAPE,11878500.0,GUATAPE
2021-08-14,GUATAPE,13012700.0,GUATAPE
2021-08-15,GUATAPE,7709000.0,GUATAPE
2021-08-16,GUATAPE,4735900.0,GUATAPE
2021-08-17,GUATAPE,11037100.0,GUATAPE
2021-08-18,GUATAPE,4988500.0,GUATAPE
2021-08-19,GUATAPE,7723900.0,GUATAPE
2021-08-20,GUATAPE,7154200.0,GUATAPE
2021-08-21,GUATAPE,5430900.0,GUATAPE
2021-08-22,GUATAPE,4936900.0,GUATAPE
2021-08-23,GUATAPE,21896700.0,GUATAPE
2021-08-24,GUATAPE,13867300.0,GUATAPE
2021-08-25,GUATAPE,11202500.0,GUATAPE
2021-08-26,GUATAPE,10373500.0,GUATAPE
2021-08-27,GUATAPE,5476400.0,GUATAPE
2021-08-28,GUATAPE,6372600.0,GUATAPE
2021-08-29,GUATAPE,4878200.0,GUATAPE
2021-08-30,GUATAPE,17211600.0,GUATAPE
2021-08-31,GUATAPE,10255200.0,GUATAPE
2021-09-01,GUATAPE,6367700.0,GUATAPE
2021-09-02,GUATAPE,5571300.0,GUATAPE
2021-09-03,GUATAPE,4538900.0,GUATAPE
2021-09-04,GUATAPE,5531900.0,GUATAPE
2021-09-05,GUATAPE,14591300.0,GUATAPE
2021-09-06,GUATAPE,7985100.0,GUATAPE
2021-09-07,GUATAPE,14695100.0,GUATAPE
2021-09-08,GUATAPE,8135300.0,GUATAPE
2021-09-09,GUATAPE,4738900.0,GUATAPE
2021-09-10,GUATAPE,6662800.0,GUATAPE
2021-09-11,GUATAPE,5485700.0,GUATAPE
2021-09-12,GUATAPE,6881300.0,GUATAPE
2021-09-13,GUATAPE,3885800.0,GUATAPE
2021-09-14,GUATAPE,9784500.0,GUATAPE
2021-09-15,GUATAPE,10300400.0,GUATAPE
2021-09-16,GUATAPE,4827400.0,GUATAPE
2021-09-17,GUATAPE,4699700.0,GUATAPE
2021-09-18,GUATAPE,4665400.0,GUATAPE
2021-09-19,GUATAPE,7131000.0,GUATAPE
2021-09-20,GUATAPE,4167300.0,GUATAPE
2021-09-21,GUATAPE,15189700.0,GUATAPE
2021-09-22,GUATAPE,7996100.0,GUATAPE
2021-09-23,GUATAPE,13923800.0,GUATAPE
2021-09-24,GUATAPE,8237200.0,GUATAPE
2021-09-25,GUATAPE,5078000.0,GUATAPE
2021-09-26,GUATAPE,4179100.0,GUATAPE
2021-09-27,GUATAPE,4327000.0,GUATAPE
2021-09-28,GUATAPE,4382800.0,GUATAPE
2021-09-29,GUATAPE,7349700.0,GUATAPE
2021-09-30,GUATAPE,8813000.0,GUATAPE
2021-10-01,GUATAPE,5149200.0,GUATAPE
2021-10-02,GUATAPE,20608000.0,GUATAPE
2021-10-03,GUATAPE,12990900.0,GUATAPE
2021-10-04,GUATAPE,6383500.0,GUATAPE
2021-10-05,GUATAPE,7606400.0,GUATAPE
2021-10-06,GUATAPE,4508800.0,GUATAPE
2021-10-07,GUATAPE,5668600.0,GUATAPE
2021-10-08,GUATAPE,5798800.0,GUATAPE
2021-10-09,GUATAPE,7396900.0,GUATAPE
2021-10-10,GUATAPE,9875500.0,GUATAPE
2021-10-11,GUATAPE,6160700.0,GUATAPE
2021-10-12,GUATAPE,4810200.0,GUATAPE
2021-10-13,GUATAPE,8641900.0,GUATAPE
2021-10-14,GUATAPE,5610500.0,GUATAPE
2021-10-15,GUATAPE,3466400.0,GUATAPE
2021-10-16,GUATAPE,12948300.0,GUATAPE
2021-10-17,GUATAPE,6669100.0,GUATAPE
2021-10-18,GUATAPE,4423100.0,GUATAPE
2021-10-19,GUATAPE,15577700.0,GUATAPE
2021-10-20,GUATAPE,10089500.0,GUATAPE
2021-10-21,GUATAPE,7283600.0,GUATAPE
2021-10-22,GUATAPE,9347900.0,GUATAPE
2021-10-23,GUATAPE,5280900.0,GUATAPE
2021-10-24,GUATAPE,5063600.0,GUATAPE
2021-10-25,GUATAPE,8836600.0,GUATAPE
2021-10-26,GUATAPE,8901500.0,GUATAPE
2021-10-27,GUATAPE,10928100.0,GUATAPE
2021-10-28,GUATAPE,3744400.0,GUATAPE
2021-10-29,GUATAPE,5970700.0,GUATAPE
2021-10-30,GUATAPE,9293200.0,GUATAPE
2021-10-31,GUATAPE,12994500.0,GUATAPE
2021-11-01,GUATAPE,7568700.0,GUATAPE
2021-11-02,GUATAPE,5351100.0,GUATAPE
2021-11-03,GUATAPE,6817000.0,GUATAPE
2021-11-04,GUATAPE,16442700.0,GUATAPE
2021-11-05,GUATAPE,5182600.0,GUATAPE
2021-11-06,GUATAPE,5815600.0,GUATAPE
2021-11-07,GUATAPE,14152200.0,GUATAPE
2021-11-08,GUATAPE,9283100.0,GUATAPE
2021-11-09,GUATAPE,7514400.0,GUATAPE
2021-11-10,GUATAPE,7891000.0,GUATAPE
2021-11-11,GUATAPE,6884700.0,GUATAPE
2021-11-12,GUATAPE,6380200.0,GUATAPE
2021-11-13,GUATAPE,6389800.0,GUATAPE
2021-11-14,GUATAPE,5574400.0,GUATAPE
2021-11-15,GUATAPE,6286000.0,GUATAPE
2021-11-16,GUATAPE,3856400.0,GUATAPE
2021-11-17,GUATAPE,3986700.0,GUATAPE
2021-11-18,GUATAPE,3681200.0,GUATAPE
2021-11-19,GUATAPE,4181300.0,GUATAPE
2021-11-20,GUATAPE,4849100.0,GUATAPE
2021-11-21,GUATAPE,4832800.0,GUATAPE
2021-11-22,GUATAPE,6427600.0,GUATAPE
2021-11-23,GUATAPE,7120400.0,GUATAPE
2021-11-24,GUATAPE,9851700.0,GUATAPE
2021-11-25,GUATAPE,8251800.0,GUATAPE
2021-11-26,GUATAPE,7100000.0,GUATAPE
2021-11-27,GUATAPE,13686600.0,GUATAPE
2021-11-28,GUATAPE,4602400.0,GUATAPE
2021-11-29,GUATAPE,4179700.0,GUATAPE
2021-11-30,GUATAPE,6445600.0,GUATAPE
2021-12-01,GUATAPE,11070400.0,GUATAPE
2021-12-02,GUATAPE,5700000.0,GUATAPE
2021-12-03,GUATAPE,8613200.0,GUATAPE
2021-12-04,GUATAPE,11450600.0,GUATAPE
2021-12-05,GUATAPE,6055100.0,GUATAPE
2021-12-06,GUATAPE,8268600.0,GUATAPE
2021-12-07,GUATAPE,12671900.0,GUATAPE
2021-12-08,GUATAPE,4251900.0,GUATAPE
2021-12-09,GUATAPE,3809400.0,GUATAPE
2021-12-10,GUATAPE,3665100.0,GUATAPE
2021-12-11,GUATAPE,3275700.0,GUATAPE
2021-12-12,GUATAPE,3638400.0,GUATAPE
2021-12-13,GUATAPE,3000100.0,GUATAPE
2021-12-14,GUATAPE,2756400.0,GUATAPE
2021-12-15,GUATAPE,2885000.0,GUATAPE
2021-12-16,GUATAPE,2880200.0,GUATAPE
2021-12-17,GUATAPE,2948700.0,GUATAPE
2021-12-18,GUATAPE,2575900.0,GUATAPE
2021-12-19,GUATAPE,2547900.0,GUATAPE
2021-12-20,GUATAPE,3563000.0,GUATAPE
2021-12-21,GUATAPE,3464200.0,GUATAPE
2021-12-22,GUATAPE,3647100.0,GUATAPE
2021-12-23,GUATAPE,4096700.0,GUATAPE
2021-12-24,GUATAPE,4437800.0,GUATAPE
2021-12-25,GUATAPE,3772200.0,GUATAPE
2021-12-26,GUATAPE,4636000.0,GUATAPE
2021-12-27,GUATAPE,4898500.0,GUATAPE
2021-12-28,GUATAPE,4957500.0,GUATAPE
2021-12-29,GUATAPE,4375500.0,GUATAPE
2021-12-30,GUATAPE,4847900.0,GUATAPE
2021-12-31,GUATAPE,2604500.0,GUATAPE
2022-01-01,GUATAPE,8295000.0,GUATAPE
2022-01-02,GUATAPE,5281900.0,GUATAPE
2022-01-03,GUATAPE,4167000.0,GUATAPE
2022-01-04,GUATAPE,3666600.0,GUATAPE
2022-01-05,GUATAPE,3515100.0,GUATAPE
2022-01-06,GUATAPE,2644700.0,GUATAPE
2022-01-07,GUATAPE,3160200.0,GUATAPE
2022-01-08,GUATAPE,3192200.0,GUATAPE
2022-01-09,GUATAPE,4876300.0,GUATAPE
2022-01-10,GUATAPE,4001300.0,GUATAPE
2022-01-11,GUATAPE,2481500.0,GUATAPE
2022-01-12,GUATAPE,2846800.0,GUATAPE
2022-01-13,GUATAPE,4146500.0,GUATAPE
2022-01-14,GUATAPE,5170000.0,GUATAPE
2022-01-15,GUATAPE,4973100.0,GUATAPE
2022-01-16,GUATAPE,3219300.0,GUATAPE
2022-01-17,GUATAPE,5034000.0,GUATAPE
2022-01-18,GUATAPE,2090100.0,GUATAPE
2022-01-19,GUATAPE,2479200.0,GUATAPE
2022-01-20,GUATAPE,4583700.0,GUATAPE
2022-01-21,GUATAPE,3465500.0,GUATAPE
2022-01-22,GUATAPE,3185200.0,GUATAPE
2022-01-23,GUATAPE,3628400.0,GUATAPE
2022-01-24,GUATAPE,3053400.0,GUATAPE
2022-01-25,GUATAPE,3021000.0,GUATAPE
2022-01-26,GUATAPE,3019000.0,GUATAPE
2022-01-27,GUATAPE,3454800.0,GUATAPE
2022-01-28,GUATAPE,3442300.0,GUATAPE
2022-01-29,GUATAPE,2513800.0,GUATAPE
2022-01-30,GUATAPE,952400.0,GUATAPE
2022-01-31,GUATAPE,1627600.0,GUATAPE
2022-02-01,GUATAPE,2196600.0,GUATAPE
2022-02-02,GUATAPE,2647400.0,GUATAPE
2022-02-03,GUATAPE,2704100.0,GUATAPE
2022-02-04,GUATAPE,3022400.0,GUATAPE
2022-02-05,GUATAPE,3254500.0,GUATAPE
2022-02-06,GUATAPE,4310800.0,GUATAPE
2022-02-07,GUATAPE,5173600.0,GUATAPE
2022-02-08,GUATAPE,4263600.0,GUATAPE
2022-02-09,GUATAPE,5810200.0,GUATAPE
2022-02-10,GUATAPE,3921800.0,GUATAPE
2022-02-11,GUATAPE,3013500.0,GUATAPE
2022-02-12,GUATAPE,2795700.0,GUATAPE
2022-02-13,GUATAPE,3737700.0,GUATAPE
2022-02-14,GUATAPE,4476100.0,GUATAPE
2022-02-15,GUATAPE,3351900.0,GUATAPE
2022-02-16,GUATAPE,3123700.0,GUATAPE
2022-02-17,GUATAPE,2823700.0,GUATAPE
2022-02-18,GUATAPE,6809300.0,GUATAPE
2022-02-19,GUATAPE,4909400.0,GUATAPE
2022-02-20,GUATAPE,4942300.0,GUATAPE
2022-02-21,GUATAPE,8939400.0,GUATAPE
2022-02-22,GUATAPE,4835400.0,GUATAPE
2022-02-23,GUATAPE,3674900.0,GUATAPE
2022-02-24,GUATAPE,3171300.0,GUATAPE
2022-02-25,GUATAPE,2924900.0,GUATAPE
2022-02-26,GUATAPE,3698500.0,GUATAPE
2022-02-27,GUATAPE,7052300.0,GUATAPE
2022-02-28,GUATAPE,5763700.0,GUATAPE
2022-03-01,GUATAPE,6708000.0,GUATAPE
2022-03-02,GUATAPE,4443100.0,GUATAPE
2022-03-03,GUATAPE,3167900.0,GUATAPE
2022-03-04,GUATAPE,5085500.0,GUATAPE
2022-03-05,GUATAPE,5208900.0,GUATAPE
2022-03-06,GUATAPE,12303900.0,GUATAPE
2022-03-07,GUATAPE,4088900.0,GUATAPE
2022-03-08,GUATAPE,3588000.0,GUATAPE
2022-03-09,GUATAPE,2788000.0,GUATAPE
2022-03-10,GUATAPE,2569100.0,GUATAPE
2022-03-11,GUATAPE,3953100.0,GUATAPE
2022-03-12,GUATAPE,17727300.0,GUATAPE
2022-03-13,GUATAPE,4031800.0,GUATAPE
2022-03-14,GUATAPE,14562300.0,GUATAPE
2022-03-15,GUATAPE,7749000.0,GUATAPE
2022-03-16,GUATAPE,9841700.0,GUATAPE
2022-03-17,GUATAPE,7462200.0,GUATAPE
2022-03-18,GUATAPE,4890200.0,GUATAPE
2022-03-19,GUATAPE,3798400.0,GUATAPE
2022-03-20,GUATAPE,10275400.0,GUATAPE
2022-03-21,GUATAPE,4410500.0,GUATAPE
2022-03-22,GUATAPE,6936400.0,GUATAPE
2022-03-23,GUATAPE,12848100.0,GUATAPE
2022-03-24,GUATAPE,7562600.0,GUATAPE
2022-03-25,GUATAPE,7457300.0,GUATAPE
2022-03-26,GUATAPE,7226900.0,GUATAPE
2022-03-27,GUATAPE,5150000.0,GUATAPE
2022-03-28,GUATAPE,6164900.0,GUATAPE
2022-03-29,GUATAPE,9730800.0,GUATAPE
2022-03-30,GUATAPE,12772000.0,GUATAPE
2022-03-31,GUATAPE,4345000.0,GUATAPE
2022-04-01,GUATAPE,7990800.0,GUATAPE
2022-04-02,GUATAPE,11729400.0,GUATAPE
2022-04-03,GUATAPE,5146300.0,GUATAPE
2022-04-04,GUATAPE,6506200.0,GUATAPE
2022-04-05,GUATAPE,3750600.0,GUATAPE
2022-04-06,GUATAPE,4912100.0,GUATAPE
2022-04-07,GUATAPE,14352400.0,GUATAPE
2022-04-08,GUATAPE,5348900.0,GUATAPE
2022-04-09,GUATAPE,6038800.0,GUATAPE
2022-04-10,GUATAPE,8045400.0,GUATAPE
2022-04-11,GUATAPE,10784300.0,GUATAPE
2022-04-12,GUATAPE,14043700.0,GUATAPE
2022-04-13,GUATAPE,9872300.0,GUATAPE
2022-04-14,GUATAPE,5386000.0,GUATAPE
2022-04-15,GUATAPE,8824600.0,GUATAPE
2022-04-16,GUATAPE,9395100.0,GUATAPE
2022-04-17,GUATAPE,5401500.0,GUATAPE
2022-04-18,GUATAPE,5653300.0,GUATAPE
2022-04-19,GUATAPE,6069000.0,GUATAPE
2022-04-20,GUATAPE,9824100.0,GUATAPE
2022-04-21,GUATAPE,16530700.0,GUATAPE
2022-04-22,GUATAPE,17510300.0,GUATAPE
2022-04-23,GUATAPE,12310700.0,GUATAPE
2022-04-24,GUATAPE,7918800.0,GUATAPE
2022-04-25,GUATAPE,7777100.0,GUATAPE
2022-04-26,GUATAPE,7422800.0,GUATAPE
2022-04-27,GUATAPE,6996100.0,GUATAPE
2022-04-28,GUATAPE,5700300.0,GUATAPE
2022-04-29,GUATAPE,5211500.0,GUATAPE
2022-04-30,GUATAPE,3938300.0,GUATAPE
2022-05-01,GUATAPE,4669100.0,GUATAPE
2022-05-02,GUATAPE,4747900.0,GUATAPE
2022-05-03,GUATAPE,3421600.0,GUATAPE
2022-05-04,GUATAPE,3548900.0,GUATAPE
2022-05-05,GUATAPE,6525400.0,GUATAPE
2022-05-06,GUATAPE,6271100.0,GUATAPE
2022-05-07,GUATAPE,6268200.0,GUATAPE
2022-05-08,GUATAPE,3273200.0,GUATAPE
2022-05-09,GUATAPE,3736400.0,GUATAPE
2022-05-10,GUATAPE,9724200.0,GUATAPE
2022-05-11,GUATAPE,9245900.0,GUATAPE
2022-05-12,GUATAPE,6564300.0,GUATAPE
2022-05-13,GUATAPE,4157000.0,GUATAPE
2022-05-14,GUATAPE,5898200.0,GUATAPE
2022-05-15,GUATAPE,6562300.0,GUATAPE
2022-05-16,GUATAPE,11879400.0,GUATAPE
2022-05-17,GUATAPE,4349900.0,GUATAPE
2022-05-18,GUATAPE,5116700.0,GUATAPE
2022-05-19,GUATAPE,4622100.0,GUATAPE
2022-05-20,GUATAPE,4336600.0,GUATAPE
2022-05-21,GUATAPE,4645900.0,GUATAPE
2022-05-22,GUATAPE,3109500.0,GUATAPE
2022-05-23,GUATAPE,6385000.0,GUATAPE
2022-05-24,GUATAPE,4452500.0,GUATAPE
2022-05-25,GUATAPE,5051500.0,GUATAPE
2022-05-26,GUATAPE,1702500.0,GUATAPE
2022-05-27,GUATAPE,3297800.0,GUATAPE
2022-05-28,GUATAPE,3828200.0,GUATAPE
2022-05-29,GUATAPE,4329900.0,GUATAPE
2022-05-30,GUATAPE,9982300.0,GUATAPE
2022-05-31,GUATAPE,4849800.0,GUATAPE
2022-06-01,GUATAPE,9870900.0,GUATAPE
2022-06-02,GUATAPE,17615000.0,GUATAPE
2022-06-03,GUATAPE,7380300.0,GUATAPE
2022-06-04,GUATAPE,6753100.0,GUATAPE
2022-06-05,GUATAPE,3904300.0,GUATAPE
2022-06-06,GUATAPE,11567900.0,GUATAPE
2022-06-07,GUATAPE,11252200.0,GUATAPE
2022-06-08,GUATAPE,5367700.0,GUATAPE
2022-06-09,GUATAPE,6427600.0,GUATAPE
2022-06-10,GUATAPE,5903700.0,GUATAPE
2022-06-11,GUATAPE,17110600.0,GUATAPE
2022-06-12,GUATAPE,6009600.0,GUATAPE
2022-06-13,GUATAPE,5255900.0,GUATAPE
2022-06-14,GUATAPE,7335000.0,GUATAPE
2022-06-15,GUATAPE,11705600.0,GUATAPE
2022-06-16,GUATAPE,8056700.0,GUATAPE
2022-06-17,GUATAPE,11999100.0,GUATAPE
2022-06-18,GUATAPE,14229200.0,GUATAPE
2022-06-19,GUATAPE,10649200.0,GUATAPE
2022-06-20,GUATAPE,7720900.0,GUATAPE
2022-06-21,GUATAPE,4843100.0,GUATAPE
2022-06-22,GUATAPE,11403600.0,GUATAPE
2022-06-23,GUATAPE,7110300.0,GUATAPE
2022-06-24,GUATAPE,4518300.0,GUATAPE
2022-06-25,GUATAPE,5507500.0,GUATAPE
2022-06-26,GUATAPE,6468700.0,GUATAPE
2022-06-27,GUATAPE,7015500.0,GUATAPE
2022-06-28,GUATAPE,13824600.0,GUATAPE
2022-06-29,GUATAPE,12503800.0,GUATAPE
2022-06-30,GUATAPE,9747100.0,GUATAPE
2022-07-01,GUATAPE,7289300.0,GUATAPE
2022-07-02,GUATAPE,8420700.0,GUATAPE
2022-07-03,GUATAPE,4120300.0,GUATAPE
2022-07-04,GUATAPE,5725600.0,GUATAPE
2022-07-05,GUATAPE,5175300.0,GUATAPE
2022-07-06,GUATAPE,7904100.0,GUATAPE
2022-07-07,GUATAPE,6019400.0,GUATAPE
2022-07-08,GUATAPE,3792500.0,GUATAPE
2022-07-09,GUATAPE,5038200.0,GUATAPE
2022-07-10,GUATAPE,5944200.0,GUATAPE
2022-07-11,GUATAPE,5286600.0,GUATAPE
2022-07-12,GUATAPE,3879600.0,GUATAPE
2022-07-13,GUATAPE,16818800.0,GUATAPE
2022-07-14,GUATAPE,7116100.0,GUATAPE
2022-07-15,GUATAPE,5141300.0,GUATAPE
2022-07-16,GUATAPE,10862500.0,GUATAPE
2022-07-17,GUATAPE,4935300.0,GUATAPE
2022-07-18,GUATAPE,3903000.0,GUATAPE
2022-07-19,GUATAPE,2819600.0,GUATAPE
2022-07-20,GUATAPE,3735000.0,GUATAPE
2022-07-21,GUATAPE,6474300.0,GUATAPE
2022-07-22,GUATAPE,3226200.0,GUATAPE
2022-07-23,GUATAPE,6868300.0,GUATAPE
2022-07-24,GUATAPE,3096500.0,GUATAPE
2022-07-25,GUATAPE,3987100.0,GUATAPE
2022-07-26,GUATAPE,2415900.0,GUATAPE
2022-07-27,GUATAPE,3781200.0,GUATAPE
2022-07-28,GUATAPE,11704900.0,GUATAPE
2022-07-29,GUATAPE,7427600.0,GUATAPE
2022-07-30,GUATAPE,3972600.0,GUATAPE
2022-07-31,GUATAPE,8117200.0,GUATAPE
2022-08-01,GUATAPE,21425100.0,GUATAPE
2022-08-02,GUATAPE,18454600.0,GUATAPE
2022-08-03,GUATAPE,4403500.0,GUATAPE
2022-08-04,GUATAPE,8928300.0,GUATAPE
2022-08-05,GUATAPE,30600300.0,GUATAPE
2022-08-06,GUATAPE,22626800.0,GUATAPE
2022-08-07,GUATAPE,5953100.0,GUATAPE
2022-08-08,GUATAPE,4811800.0,GUATAPE
2022-08-09,GUATAPE,7480000.0,GUATAPE
2022-08-10,GUATAPE,4758700.0,GUATAPE
2022-08-11,GUATAPE,3141100.0,GUATAPE
2022-08-12,GUATAPE,4401500.0,GUATAPE
2022-08-13,GUATAPE,6240700.0,GUATAPE
2022-08-14,GUATAPE,4437900.0,GUATAPE
2022-08-15,GUATAPE,7325500.0,GUATAPE
2022-08-16,GUATAPE,5397500.0,GUATAPE
2022-08-17,GUATAPE,2913800.0,GUATAPE
2022-08-18,GUATAPE,3631200.0,GUATAPE
2022-08-19,GUATAPE,5159000.0,GUATAPE
2022-08-20,GUATAPE,9129900.0,GUATAPE
2022-08-21,GUATAPE,3081700.0,GUATAPE
2022-08-22,GUATAPE,5200200.0,GUATAPE
2022-08-23,GUATAPE,3747100.0,GUATAPE
2022-08-24,GUATAPE,3489700.0,GUATAPE
2022-08-25,GUATAPE,3922400.0,GUATAPE
2022-08-26,GUATAPE,4089800.0,GUATAPE
2022-08-27,GUATAPE,9238400.0,GUATAPE
2022-08-28,GUATAPE,8447900.0,GUATAPE
2022-08-29,GUATAPE,21259600.0,GUATAPE
2022-08-30,GUATAPE,3799500.0,GUATAPE
2022-08-31,GUATAPE,12715700.0,GUATAPE
2022-09-01,GUATAPE,5473400.0,GUATAPE
2022-09-02,GUATAPE,5308000.0,GUATAPE
2022-09-03,GUATAPE,5424200.0,GUATAPE
2022-09-04,GUATAPE,3677700.0,GUATAPE
2022-09-05,GUATAPE,3601100.0,GUATAPE
2022-09-06,GUATAPE,4644400.0,GUATAPE
2022-09-07,GUATAPE,5209900.0,GUATAPE
2022-09-08,GUATAPE,10748400.0,GUATAPE
2022-09-09,GUATAPE,8210500.0,GUATAPE
2022-09-10,GUATAPE,3755400.0,GUATAPE
2022-09-11,GUATAPE,3331000.0,GUATAPE
2022-09-12,GUATAPE,13846800.0,GUATAPE
2022-09-13,GUATAPE,13377400.0,GUATAPE
2022-09-14,GUATAPE,8803100.0,GUATAPE
2022-09-15,GUATAPE,4477200.0,GUATAPE
2022-09-16,GUATAPE,22369600.0,GUATAPE
2022-09-17,GUATAPE,4415800.0,GUATAPE
2022-09-18,GUATAPE,16157900.0,GUATAPE
2022-09-19,GUATAPE,13055900.0,GUATAPE
2022-09-20,GUATAPE,12483800.0,GUATAPE
2022-09-21,GUATAPE,9604500.0,GUATAPE
2022-09-22,GUATAPE,9626300.0,GUATAPE
2022-09-23,GUATAPE,8814500.0,GUATAPE
2022-09-24,GUATAPE,11076500.0,GUATAPE
2022-09-25,GUATAPE,8812100.0,GUATAPE
2022-09-26,GUATAPE,5949000.0,GUATAPE
2022-09-27,GUATAPE,8196000.0,GUATAPE
2022-09-28,GUATAPE,21326800.0,GUATAPE
2022-09-29,GUATAPE,12482800.0,GUATAPE
2022-09-30,GUATAPE,10892100.0,GUATAPE
2022-10-01,GUATAPE,6269300.0,GUATAPE
2022-10-02,GUATAPE,4879000.0,GUATAPE
2022-10-03,GUATAPE,4750000.0,GUATAPE
2022-10-04,GUATAPE,5858700.0,GUATAPE
2022-10-05,GUATAPE,11888100.0,GUATAPE
2022-10-06,GUATAPE,7410900.0,GUATAPE
2022-10-07,GUATAPE,6310300.0,GUATAPE
2022-10-08,GUATAPE,8242100.0,GUATAPE
2022-10-09,GUATAPE,6494700.0,GUATAPE
2022-10-10,GUATAPE,4247900.0,GUATAPE
2022-10-11,GUATAPE,6229300.0,GUATAPE
2022-10-12,GUATAPE,6010700.0,GUATAPE
2022-10-13,GUATAPE,10118100.0,GUATAPE
2022-10-14,GUATAPE,4438900.0,GUATAPE
2022-10-15,GUATAPE,7792000.0,GUATAPE
2022-10-16,GUATAPE,6005800.0,GUATAPE
2022-10-17,GUATAPE,12336200.0,GUATAPE
2022-10-18,GUATAPE,9128200.0,GUATAPE
2022-10-19,GUATAPE,7582900.0,GUATAPE
2022-10-20,GUATAPE,6439800.0,GUATAPE
2022-10-21,GUATAPE,12281700.0,GUATAPE
2022-10-22,GUATAPE,12932600.0,GUATAPE
2022-10-23,GUATAPE,6941800.0,GUATAPE
2022-10-24,GUATAPE,6992100.0,GUATAPE
2022-10-25,GUATAPE,8030000.0,GUATAPE
2022-10-26,GUATAPE,14252700.0,GUATAPE
2022-10-27,GUATAPE,10974900.0,GUATAPE
2022-10-28,GUATAPE,12444000.0,GUATAPE
2022-10-29,GUATAPE,8185600.0,GUATAPE
2022-10-30,GUATAPE,4852600.0,GUATAPE
2022-10-31,GUATAPE,5035700.0,GUATAPE
2022-11-01,GUATAPE,4699300.0,GUATAPE
2022-11-02,GUATAPE,4016000.0,GUATAPE
2022-11-03,GUATAPE,4316600.0,GUATAPE
2022-11-04,GUATAPE,5124500.0,GUATAPE
2022-11-05,GUATAPE,10060400.0,GUATAPE
2022-11-06,GUATAPE,12678600.0,GUATAPE
2022-11-07,GUATAPE,9242500.0,GUATAPE
2022-11-08,GUATAPE,9888600.0,GUATAPE
2022-11-09,GUATAPE,14528100.0,GUATAPE
2022-11-10,GUATAPE,13421800.0,GUATAPE
2022-11-11,GUATAPE,8630600.0,GUATAPE
2022-11-12,GUATAPE,8509300.0,GUATAPE
2022-11-13,GUATAPE,9889800.0,GUATAPE
2022-11-14,GUATAPE,5981300.0,GUATAPE
2022-11-15,GUATAPE,6499600.0,GUATAPE
2022-11-16,GUATAPE,6650900.0,GUATAPE
2022-11-17,GUATAPE,5544500.0,GUATAPE
2022-11-18,GUATAPE,5752200.0,GUATAPE
2022-11-19,GUATAPE,3907500.0,GUATAPE
2022-11-20,GUATAPE,8604100.0,GUATAPE
2022-11-21,GUATAPE,6994700.0,GUATAPE
2022-11-22,GUATAPE,6990400.0,GUATAPE
2022-11-23,GUATAPE,7530300.0,GUATAPE
2022-11-24,GUATAPE,9837200.0,GUATAPE
2022-11-25,GUATAPE,7142500.0,GUATAPE
2022-11-26,GUATAPE,10704000.0,GUATAPE
2022-11-27,GUATAPE,5662300.0,GUATAPE
2022-11-28,GUATAPE,5815100.0,GUATAPE
2022-11-29,GUATAPE,9343400.0,GUATAPE
2022-11-30,GUATAPE,6967100.0,GUATAPE
2022-12-01,GUATAPE,4125700.0,GUATAPE
2022-12-02,GUATAPE,4054800.0,GUATAPE
2022-12-03,GUATAPE,5229900.0,GUATAPE
2022-12-04,GUATAPE,5839300.0,GUATAPE
2022-12-05,GUATAPE,4303800.0,GUATAPE
2022-12-06,GUATAPE,4368000.0,GUATAPE
2022-12-07,GUATAPE,5046200.0,GUATAPE
2022-12-08,GUATAPE,6010100.0,GUATAPE
2022-12-09,GUATAPE,4638800.0,GUATAPE
2022-12-10,GUATAPE,2927300.0,GUATAPE
2022-12-11,GUATAPE,4875400.0,GUATAPE
2022-12-12,GUATAPE,13272800.0,GUATAPE
2022-12-13,GUATAPE,7365200.0,GUATAPE
2022-12-14,GUATAPE,3833800.0,GUATAPE
2022-12-15,GUATAPE,3656000.0,GUATAPE
2022-12-16,GUATAPE,4175100.0,GUATAPE
2022-12-17,GUATAPE,3978100.0,GUATAPE
2022-12-18,GUATAPE,3288800.0,GUATAPE
2022-12-19,GUATAPE,4823700.0,GUATAPE
2022-12-20,GUATAPE,3579800.0,GUATAPE
2022-12-21,GUATAPE,2329000.0,GUATAPE
2022-12-22,GUATAPE,3645800.0,GUATAPE
2022-12-23,GUATAPE,4332600.0,GUATAPE
2022-12-24,GUATAPE,4360500.0,GUATAPE
2022-12-25,GUATAPE,2228100.0,GUATAPE
2022-12-26,GUATAPE,3567400.0,GUATAPE
2022-12-27,GUATAPE,6793100.0,GUATAPE
2022-12-28,GUATAPE,3921400.0,GUATAPE
2022-12-29,GUATAPE,2123500.0,GUATAPE
2022-12-30,GUATAPE,3121000.0,GUATAPE
2022-12-31,GUATAPE,3436400.0,GUATAPE
2023-01-01,GUATAPE,3588900.0,GUATAPE
2023-01-02,GUATAPE,5799300.0,GUATAPE
2023-01-03,GUATAPE,2468800.0,GUATAPE
2023-01-04,GUATAPE,2328800.0,GUATAPE
2023-01-05,GUATAPE,5023900.0,GUATAPE
2023-01-06,GUATAPE,3410900.0,GUATAPE
2023-01-07,GUATAPE,8417000.0,GUATAPE
2023-01-08,GUATAPE,3428300.0,GUATAPE
2023-01-09,GUATAPE,7905600.0,GUATAPE
2023-01-10,GUATAPE,10238900.0,GUATAPE
2023-01-11,GUATAPE,6802300.0,GUATAPE
2023-01-12,GUATAPE,6583200.0,GUATAPE
2023-01-13,GUATAPE,6322400.0,GUATAPE
2023-01-14,GUATAPE,4461900.0,GUATAPE
2023-01-15,GUATAPE,3348100.0,GUATAPE
2023-01-16,GUATAPE,3073600.0,GUATAPE
2023-01-17,GUATAPE,4616200.0,GUATAPE
2023-01-18,GUATAPE,8799600.0,GUATAPE
2023-01-19,GUATAPE,4364600.0,GUATAPE
2023-01-20,GUATAPE,3934500.0,GUATAPE
2023-01-21,GUATAPE,3610500.0,GUATAPE
2023-01-22,GUATAPE,5831900.0,GUATAPE
2023-01-23,GUATAPE,3702100.0,GUATAPE
2023-01-24,GUATAPE,2845500.0,GUATAPE
2023-01-25,GUATAPE,2142200.0,GUATAPE
2023-01-26,GUATAPE,2387200.0,GUATAPE
2023-01-27,GUATAPE,2911300.0,GUATAPE
2023-01-28,GUATAPE,3042300.0,GUATAPE
2023-01-29,GUATAPE,1661500.0,GUATAPE
2023-01-30,GUATAPE,2131700.0,GUATAPE
2023-01-31,GUATAPE,1516200.0,GUATAPE
2023-02-01,GUATAPE,2320500.0,GUATAPE
2023-02-02,GUATAPE,1253700.0,GUATAPE
2023-02-03,GUATAPE,1614000.0,GUATAPE
2023-02-04,GUATAPE,3220200.0,GUATAPE
2023-02-05,GUATAPE,1858100.0,GUATAPE
2023-02-06,GUATAPE,1716600.0,GUATAPE
2023-02-07,GUATAPE,4019700.0,GUATAPE
2023-02-08,GUATAPE,1664900.0,GUATAPE
2023-02-09,GUATAPE,5329300.0,GUATAPE
2023-02-10,GUATAPE,3081400.0,GUATAPE
2023-02-11,GUATAPE,4482100.0,GUATAPE
2023-02-12,GUATAPE,3647700.0,GUATAPE
2023-02-13,GUATAPE,7694200.0,GUATAPE
2023-02-14,GUATAPE,3731600.0,GUATAPE
2023-02-15,GUATAPE,18811000.0,GUATAPE
2023-02-16,GUATAPE,5373300.0,GUATAPE
2023-02-17,GUATAPE,3615100.0,GUATAPE
2023-02-18,GUATAPE,3585600.0,GUATAPE
2023-02-19,GUATAPE,4029100.0,GUATAPE
2023-02-20,GUATAPE,5706600.0,GUATAPE
2023-02-21,GUATAPE,4112300.0,GUATAPE
2023-02-22,GUATAPE,4601500.0,GUATAPE
2023-02-23,GUATAPE,4531800.0,GUATAPE
2023-02-24,GUATAPE,1353400.0,GUATAPE
2023-02-25,GUATAPE,862100.0,GUATAPE
2023-02-26,GUATAPE,2624800.0,GUATAPE
2023-02-27,GUATAPE,2917800.0,GUATAPE
2023-02-28,GUATAPE,9475400.0,GUATAPE
2023-03-01,GUATAPE,4117600.0,GUATAPE
2023-03-02,GUATAPE,2603100.0,GUATAPE
2023-03-03,GUATAPE,1511100.0,GUATAPE
2023-03-04,GUATAPE,11448000.0,GUATAPE
2023-03-05,GUATAPE,5134300.0,GUATAPE
2023-03-06,GUATAPE,13395300.0,GUATAPE
2023-03-07,GUATAPE,4352100.0,GUATAPE
2023-03-08,GUATAPE,6658900.0,GUATAPE
2023-03-09,GUATAPE,4782500.0,GUATAPE
2023-03-10,GUATAPE,2940400.0,GUATAPE
2023-03-11,GUATAPE,9142300.0,GUATAPE
2023-03-12,GUATAPE,8909100.0,GUATAPE
2023-03-13,GUATAPE,11912300.0,GUATAPE
2023-03-14,GUATAPE,7050600.0,GUATAPE
2023-03-15,GUATAPE,4840900.0,GUATAPE
2023-03-16,GUATAPE,4771600.0,GUATAPE
2023-03-17,GUATAPE,5752000.0,GUATAPE
2023-03-18,GUATAPE,4119400.0,GUATAPE
2023-03-19,GUATAPE,2694400.0,GUATAPE
2023-03-20,GUATAPE,2296000.0,GUATAPE
2023-03-21,GUATAPE,2167900.0,GUATAPE
2023-03-22,GUATAPE,4132400.0,GUATAPE
2023-03-23,GUATAPE,7205600.0,GUATAPE
2023-03-24,GUATAPE,4493200.0,GUATAPE
2023-03-25,GUATAPE,10447400.0,GUATAPE
2023-03-26,GUATAPE,5491900.0,GUATAPE
2023-03-27,GUATAPE,7155900.0,GUATAPE
2023-03-28,GUATAPE,14705500.0,GUATAPE
2023-03-29,GUATAPE,5254800.0,GUATAPE
2023-03-30,GUATAPE,3610300.0,GUATAPE
2023-03-31,GUATAPE,10646600.0,GUATAPE
2023-04-01,GUATAPE,8914400.0,GUATAPE
2023-04-02,GUATAPE,17249700.0,GUATAPE
2023-04-03,GUATAPE,8312500.0,GUATAPE
2023-04-04,GUATAPE,5284500.0,GUATAPE
2023-04-05,GUATAPE,5432200.0,GUATAPE
2023-04-06,GUATAPE,5508700.0,GUATAPE
2023-04-07,GUATAPE,5746400.0,GUATAPE
2023-04-08,GUATAPE,5512000.0,GUATAPE
2023-04-09,GUATAPE,3714400.0,GUATAPE
2023-04-10,GUATAPE,3562800.0,GUATAPE
2023-04-11,GUATAPE,6341800.0,GUATAPE
2023-04-12,GUATAPE,6693400.0,GUATAPE
2023-04-13,GUATAPE,2937500.0,GUATAPE
2023-04-14,GUATAPE,3820000.0,GUATAPE
2023-04-15,GUATAPE,4404500.0,GUATAPE
2023-04-16,GUATAPE,4210300.0,GUATAPE
2023-04-17,GUATAPE,2617700.0,GUATAPE
2023-04-18,GUATAPE,5063200.0,GUATAPE
2023-04-19,GUATAPE,2379000.0,GUATAPE
2023-04-20,GUATAPE,5342400.0,GUATAPE
2023-04-21,GUATAPE,3051800.0,GUATAPE
2023-04-22,GUATAPE,3093500.0,GUATAPE
2023-04-23,GUATAPE,8091900.0,GUATAPE
2023-04-24,GUATAPE,10304500.0,GUATAPE
2023-04-25,GUATAPE,5621700.0,GUATAPE
2023-04-26,GUATAPE,8113500.0,GUATAPE
2023-04-27,GUATAPE,5744200.0,GUATAPE
2023-04-28,GUATAPE,20196200.0,GUATAPE
2023-04-29,GUATAPE,6133000.0,GUATAPE
2023-04-30,GUATAPE,6990600.0,GUATAPE
2023-05-01,GUATAPE,4987800.0,GUATAPE
2023-05-02,GUATAPE,4575900.0,GUATAPE
2023-05-03,GUATAPE,3884000.0,GUATAPE
2023-05-04,GUATAPE,3582700.0,GUATAPE
2023-05-05,GUATAPE,2704000.0,GUATAPE
2023-05-06,GUATAPE,3293900.0,GUATAPE
2023-05-07,GUATAPE,4746100.0,GUATAPE
2023-05-08,GUATAPE,3890800.0,GUATAPE
2023-05-09,GUATAPE,3078300.0,GUATAPE
2023-05-10,GUATAPE,2586900.0,GUATAPE
2023-05-11,GUATAPE,2179700.0,GUATAPE
2023-05-12,GUATAPE,5740000.0,GUATAPE
2023-05-13,GUATAPE,3344300.0,GUATAPE
2023-05-14,GUATAPE,2955400.0,GUATAPE
2023-05-15,GUATAPE,2522700.0,GUATAPE
2023-05-16,GUATAPE,5817300.0,GUATAPE
2023-05-17,GUATAPE,6053500.0,GUATAPE
2023-05-18,GUATAPE,2933900.0,GUATAPE
2023-05-19,GUATAPE,8825800.0,GUATAPE
2023-05-20,GUATAPE,8538500.0,GUATAPE
2023-05-21,GUATAPE,5223300.0,GUATAPE
2023-05-22,GUATAPE,5725100.0,GUATAPE
2023-05-23,GUATAPE,15324500.0,GUATAPE
2023-05-24,GUATAPE,4939400.0,GUATAPE
2023-05-25,GUATAPE,4918100.0,GUATAPE
2023-05-26,GUATAPE,5130800.0,GUATAPE
2023-05-27,GUATAPE,3423200.0,GUATAPE
2023-05-28,GUATAPE,4537700.0,GUATAPE
2023-05-29,GUATAPE,5914200.0,GUATAPE
2023-05-30,GUATAPE,11197700.0,GUATAPE
2023-05-31,GUATAPE,6526300.0,GUATAPE
2023-06-01,GUATAPE,18307500.0,GUATAPE
2023-06-02,GUATAPE,4642100.0,GUATAPE
2023-06-03,GUATAPE,4308300.0,GUATAPE
2023-06-04,GUATAPE,4346300.0,GUATAPE
2023-06-05,GUATAPE,3472500.0,GUATAPE
2023-06-06,GUATAPE,4225900.0,GUATAPE
2023-06-07,GUATAPE,2927600.0,GUATAPE
2023-06-08,GUATAPE,8008000.0,GUATAPE
2023-06-09,GUATAPE,4352100.0,GUATAPE
2023-06-10,GUATAPE,4984500.0,GUATAPE
2023-06-11,GUATAPE,17593000.0,GUATAPE
2023-06-12,GUATAPE,4753300.0,GUATAPE
2023-06-13,GUATAPE,4271200.0,GUATAPE
2023-06-14,GUATAPE,4153700.0,GUATAPE
2023-06-15,GUATAPE,1720400.0,GUATAPE
2023-06-16,GUATAPE,5932900.0,GUATAPE
2023-06-17,GUATAPE,3143700.0,GUATAPE
2023-06-18,GUATAPE,2562200.0,GUATAPE
2023-06-19,GUATAPE,2589900.0,GUATAPE
2023-06-20,GUATAPE,894400.0,GUATAPE
2023-06-21,GUATAPE,2693500.0,GUATAPE
2023-06-22,GUATAPE,4511100.0,GUATAPE
2023-06-23,GUATAPE,5543900.0,GUATAPE
2023-06-24,GUATAPE,9060400.0,GUATAPE
2023-06-25,GUATAPE,12465500.0,GUATAPE
2023-06-26,GUATAPE,12707400.0,GUATAPE
2023-06-27,GUATAPE,3542900.0,GUATAPE
2023-06-28,GUATAPE,4453900.0,GUATAPE
2023-06-29,GUATAPE,2311700.0,GUATAPE
2023-06-30,GUATAPE,3205900.0,GUATAPE
2023-07-01,GUATAPE,2730600.0,GUATAPE
2023-07-02,GUATAPE,2923300.0,GUATAPE
2023-07-03,GUATAPE,3940700.0,GUATAPE
2023-07-04,GUATAPE,6500600.0,GUATAPE
2023-07-05,GUATAPE,2605900.0,GUATAPE
2023-07-06,GUATAPE,7299200.0,GUATAPE
2023-07-07,GUATAPE,9413300.0,GUATAPE
2023-07-08,GUATAPE,5361800.0,GUATAPE
2023-07-09,GUATAPE,4246200.0,GUATAPE
2023-07-10,GUATAPE,4035500.0,GUATAPE
2023-07-11,GUATAPE,3806600.0,GUATAPE
2023-07-12,GUATAPE,1853000.0,GUATAPE
2023-07-13,GUATAPE,1906900.0,GUATAPE
2023-07-14,GUATAPE,5032800.0,GUATAPE
2023-07-15,GUATAPE,3116400.0,GUATAPE
2023-07-16,GUATAPE,3355100.0,GUATAPE
2023-07-17,GUATAPE,13470900.0,GUATAPE
2023-07-18,GUATAPE,3857700.0,GUATAPE
2023-07-19,GUATAPE,4007200.0,GUATAPE
2023-07-20,GUATAPE,3840200.0,GUATAPE
2023-07-21,GUATAPE,3781400.0,GUATAPE
2023-07-22,GUATAPE,3730100.0,GUATAPE
2023-07-23,GUATAPE,2671100.0,GUATAPE
2023-07-24,GUATAPE,3041700.0,GUATAPE
2023-07-25,GUATAPE,1793200.0,GUATAPE
2023-07-26,GUATAPE,5150000.0,GUATAPE
2023-07-27,GUATAPE,2284000.0,GUATAPE
2023-07-28,GUATAPE,7325600.0,GUATAPE
2023-07-29,GUATAPE,2876600.0,GUATAPE
2023-07-30,GUATAPE,2869800.0,GUATAPE
2023-07-31,GUATAPE,1744700.0,GUATAPE
2023-08-01,GUATAPE,2016600.0,GUATAPE
2023-08-02,GUATAPE,1965200.0,GUATAPE
2023-08-03,GUATAPE,2463100.0,GUATAPE
2023-08-04,GUATAPE,2526100.0,GUATAPE
2023-08-05,GUATAPE,1687800.0,GUATAPE
2023-08-06,GUATAPE,4071800.0,GUATAPE
2023-08-07,GUATAPE,347400.0,GUATAPE
2023-08-08,GUATAPE,1730200.0,GUATAPE
2023-08-09,GUATAPE,2107300.0,GUATAPE
2023-08-10,GUATAPE,2541400.0,GUATAPE
2023-08-11,GUATAPE,1816800.0,GUATAPE
2023-08-12,GUATAPE,3240600.0,GUATAPE
2023-08-13,GUATAPE,7556500.0,GUATAPE
2023-08-14,GUATAPE,1917300.0,GUATAPE
2023-08-15,GUATAPE,4618200.0,GUATAPE
2023-08-16,GUATAPE,4099900.0,GUATAPE
2023-08-17,GUATAPE,3408900.0,GUATAPE
2023-08-18,GUATAPE,6237800.0,GUATAPE
2023-08-19,GUATAPE,1922900.0,GUATAPE
2023-08-20,GUATAPE,9805700.0,GUATAPE
2023-08-21,GUATAPE,15044500.0,GUATAPE
2023-08-22,GUATAPE,7627100.0,GUATAPE
2023-08-23,GUATAPE,5553700.0,GUATAPE
2023-08-24,GUATAPE,4586200.0,GUATAPE
2023-08-25,GUATAPE,3395300.0,GUATAPE
2023-08-26,GUATAPE,7054000.0,GUATAPE
2023-08-27,GUATAPE,3007000.0,GUATAPE
2023-08-28,GUATAPE,2303200.0,GUATAPE
2023-08-29,GUATAPE,4325800.0,GUATAPE
2023-08-30,GUATAPE,2468700.0,GUATAPE
2023-08-31,GUATAPE,2854300.0,GUATAPE
2023-09-01,GUATAPE,2787200.0,GUATAPE
2023-09-02,GUATAPE,3588400.0,GUATAPE
2023-09-03,GUATAPE,2992700.0,GUATAPE
2023-09-04,GUATAPE,3752800.0,GUATAPE
2023-09-05,GUATAPE,4266000.0,GUATAPE
2023-09-06,GUATAPE,3429200.0,GUATAPE
2023-09-07,GUATAPE,2655900.0,GUATAPE
2023-09-08,GUATAPE,787200.0,GUATAPE
2023-09-09,GUATAPE,2186200.0,GUATAPE
2023-09-10,GUATAPE,1822900.0,GUATAPE
2023-09-11,GUATAPE,7069500.0,GUATAPE
2023-09-12,GUATAPE,16115000.0,GUATAPE
2023-09-13,GUATAPE,9531900.0,GUATAPE
2023-09-14,GUATAPE,9782700.0,GUATAPE
2023-09-15,GUATAPE,4242500.0,GUATAPE
2023-09-16,GUATAPE,3928800.0,GUATAPE
2023-09-17,GUATAPE,5182400.0,GUATAPE
2023-09-18,GUATAPE,3629100.0,GUATAPE
2023-09-19,GUATAPE,1969600.0,GUATAPE
2023-09-20,GUATAPE,1407100.0,GUATAPE
2023-09-21,GUATAPE,2182800.0,GUATAPE
2023-09-22,GUATAPE,2776400.0,GUATAPE
2023-09-23,GUATAPE,3108200.0,GUATAPE
2023-09-24,GUATAPE,2566500.0,GUATAPE
2023-09-25,GUATAPE,4295200.0,GUATAPE
2023-09-26,GUATAPE,5966900.0,GUATAPE
2023-09-27,GUATAPE,3661100.0,GUATAPE
2023-09-28,GUATAPE,3151500.0,GUATAPE
2023-09-29,GUATAPE,2827200.0,GUATAPE
2023-09-30,GUATAPE,3610700.0,GUATAPE
2023-10-01,GUATAPE,8399500.0,GUATAPE
2023-10-02,GUATAPE,7191200.0,GUATAPE
2023-10-03,GUATAPE,7524700.0,GUATAPE
2023-10-04,GUATAPE,6441800.0,GUATAPE
2023-10-05,GUATAPE,6339400.0,GUATAPE
2023-10-06,GUATAPE,6821600.0,GUATAPE
2023-10-07,GUATAPE,13140000.0,GUATAPE
2023-10-08,GUATAPE,11084700.0,GUATAPE
2023-10-09,GUATAPE,4459100.0,GUATAPE
2023-10-10,GUATAPE,6374300.0,GUATAPE
2023-10-11,GUATAPE,4072300.0,GUATAPE
2023-10-12,GUATAPE,6542000.0,GUATAPE
2023-10-13,GUATAPE,8444400.0,GUATAPE
2023-10-14,GUATAPE,5959900.0,GUATAPE
2023-10-15,GUATAPE,3208000.0,GUATAPE
2023-10-16,GUATAPE,3770300.0,GUATAPE
2023-10-17,GUATAPE,3955700.0,GUATAPE
2023-10-18,GUATAPE,3924900.0,GUATAPE
2023-10-19,GUATAPE,3950100.0,GUATAPE
2023-10-20,GUATAPE,4714800.0,GUATAPE
2023-10-21,GUATAPE,3769800.0,GUATAPE
2023-10-22,GUATAPE,2897700.0,GUATAPE
2023-10-23,GUATAPE,4248300.0,GUATAPE
2023-10-24,GUATAPE,8868700.0,GUATAPE
2023-10-25,GUATAPE,4864100.0,GUATAPE
2023-10-26,GUATAPE,12189400.0,GUATAPE
2023-10-27,GUATAPE,4210000.0,GUATAPE
2023-10-28,GUATAPE,3697700.0,GUATAPE
2023-10-29,GUATAPE,4272300.0,GUATAPE
2023-10-30,GUATAPE,7966000.0,GUATAPE
2023-10-31,GUATAPE,7758100.0,GUATAPE
2023-11-01,GUATAPE,11281900.0,GUATAPE
2023-11-02,GUATAPE,11737700.0,GUATAPE
2023-11-03,GUATAPE,7453300.0,GUATAPE
2023-11-04,GUATAPE,15805900.0,GUATAPE
2023-11-05,GUATAPE,6519100.0,GUATAPE
2023-11-06,GUATAPE,5433900.0,GUATAPE
2023-11-07,GUATAPE,4274700.0,GUATAPE
2023-11-08,GUATAPE,4422300.0,GUATAPE
2023-11-09,GUATAPE,3704600.0,GUATAPE
2023-11-10,GUATAPE,5594600.0,GUATAPE
2023-11-11,GUATAPE,5161100.0,GUATAPE
2023-11-12,GUATAPE,8223800.0,GUATAPE
2023-11-13,GUATAPE,4663200.0,GUATAPE
2023-11-14,GUATAPE,6015100.0,GUATAPE
2023-11-15,GUATAPE,9454200.0,GUATAPE
2023-11-16,GUATAPE,3484800.0,GUATAPE
2023-11-17,GUATAPE,16237500.0,GUATAPE
2023-11-18,GUATAPE,9672100.0,GUATAPE
2023-11-19,GUATAPE,4776300.0,GUATAPE
2023-11-20,GUATAPE,4625700.0,GUATAPE
2023-11-21,GUATAPE,4147800.0,GUATAPE
2023-11-22,GUATAPE,4873300.0,GUATAPE
2023-11-23,GUATAPE,4049800.0,GUATAPE
2023-11-24,GUATAPE,7041800.0,GUATAPE
2023-11-25,GUATAPE,5070800.0,GUATAPE
2023-11-26,GUATAPE,3625000.0,GUATAPE
2023-11-27,GUATAPE,3171400.0,GUATAPE
2023-11-28,GUATAPE,4296200.0,GUATAPE
2023-11-29,GUATAPE,2239800.0,GUATAPE
2023-11-30,GUATAPE,3371800.0,GUATAPE
2023-12-01,GUATAPE,2263400.0,GUATAPE
2023-12-02,GUATAPE,2377500.0,GUATAPE
2023-12-03,GUATAPE,2664600.0,GUATAPE
2023-12-04,GUATAPE,3049600.0,GUATAPE
2023-12-05,GUATAPE,2788500.0,GUATAPE
2023-12-06,GUATAPE,2183800.0,GUATAPE
2023-12-07,GUATAPE,4440000.0,GUATAPE
2023-12-08,GUATAPE,4744500.0,GUATAPE
2023-12-09,GUATAPE,2471600.0,GUATAPE
2023-12-10,GUATAPE,2737100.0,GUATAPE
2023-12-11,GUATAPE,3027800.0,GUATAPE
2023-12-12,GUATAPE,8438500.0,GUATAPE
2023-12-13,GUATAPE,2365100.0,GUATAPE
2023-12-14,GUATAPE,3516400.0,GUATAPE
2023-12-15,GUATAPE,4205900.0,GUATAPE
2023-12-16,GUATAPE,3881400.0,GUATAPE
2023-12-17,GUATAPE,3149100.0,GUATAPE
2023-12-18,GUATAPE,1869400.0,GUATAPE
2023-12-19,GUATAPE,3297000.0,GUATAPE
2023-12-20,GUATAPE,3335800.0,GUATAPE
2023-12-21,GUATAPE,3438400.0,GUATAPE
2023-12-22,GUATAPE,4282500.0,GUATAPE
2023-12-23,GUATAPE,4951900.0,GUATAPE
2023-12-24,GUATAPE,3702900.0,GUATAPE
2023-12-25,GUATAPE,3086400.0,GUATAPE
2023-12-26,GUATAPE,3554400.0,GUATAPE
2023-12-27,GUATAPE,2814400.0,GUATAPE
2023-12-28,GUATAPE,5288600.0,GUATAPE
2023-12-29,GUATAPE,3004600.0,GUATAPE
2023-12-30,GUATAPE,3590600.0,GUATAPE
2023-12-31,GUATAPE,2867900.0,GUATAPE
2024-01-01,GUATAPE,2675500.0,GUATAPE
2024-01-02,GUATAPE,2639100.0,GUATAPE
2024-01-03,GUATAPE,3052300.0,GUATAPE
2024-01-04,GUATAPE,3780000.0,GUATAPE
2024-01-05,GUATAPE,2895000.0,GUATAPE
2024-01-06,GUATAPE,2218000.0,GUATAPE
2024-01-07,GUATAPE,1947600.0,GUATAPE
2024-01-08,GUATAPE,3369100.0,GUATAPE
2024-01-09,GUATAPE,1682100.0,GUATAPE
2024-01-10,GUATAPE,2786100.0,GUATAPE
2024-01-11,GUATAPE,3220800.0,GUATAPE
2024-01-12,GUATAPE,2624600.0,GUATAPE
2024-01-13,GUATAPE,2558500.0,GUATAPE
2024-01-14,GUATAPE,3534500.0,GUATAPE
2024-01-15,GUATAPE,2224200.0,GUATAPE
2024-01-16,GUATAPE,2330000.0,GUATAPE
2024-01-17,GUATAPE,1287200.0,GUATAPE
2024-01-18,GUATAPE,1604600.0,GUATAPE
2024-01-19,GUATAPE,2312400.0,GUATAPE
2024-01-20,GUATAPE,2267100.0,GUATAPE
2024-01-21,GUATAPE,2361200.0,GUATAPE
2024-01-22,GUATAPE,1568000.0,GUATAPE
2024-01-23,GUATAPE,2174600.0,GUATAPE
2024-01-24,GUATAPE,1075700.0,GUATAPE
2024-01-25,GUATAPE,1327500.0,GUATAPE
2024-01-26,GUATAPE,2193300.0,GUATAPE
2024-01-27,GUATAPE,1669200.0,GUATAPE
2024-01-28,GUATAPE,1346300.0,GUATAPE
2024-01-29,GUATAPE,1273200.0,GUATAPE
2024-01-30,GUATAPE,1501900.0,GUATAPE
2024-01-31,GUATAPE,2242900.0,GUATAPE
2024-02-01,GUATAPE,5252100.0,GUATAPE
2024-02-02,GUATAPE,1927700.0,GUATAPE
2024-02-03,GUATAPE,8046100.0,GUATAPE
2024-02-04,GUATAPE,2981100.0,GUATAPE
2024-02-05,GUATAPE,5025600.0,GUATAPE
2024-02-06,GUATAPE,1662000.0,GUATAPE
2024-02-07,GUATAPE,2288100.0,GUATAPE
2024-02-08,GUATAPE,2458100.0,GUATAPE
2024-02-09,GUATAPE,1891900.0,GUATAPE
2024-02-10,GUATAPE,1666100.0,GUATAPE
2024-02-11,GUATAPE,1368100.0,GUATAPE
2024-02-12,GUATAPE,1577300.0,GUATAPE
2024-02-13,GUATAPE,1054200.0,GUATAPE
2024-02-14,GUATAPE,1329800.0,GUATAPE
2024-02-15,GUATAPE,1291400.0,GUATAPE
2024-02-16,GUATAPE,2056500.0,GUATAPE
2024-02-17,GUATAPE,2013600.0,GUATAPE
2024-02-18,GUATAPE,1197700.0,GUATAPE
2024-02-19,GUATAPE,2557300.0,GUATAPE
2024-02-20,GUATAPE,1062400.0,GUATAPE
2024-02-21,GUATAPE,2611800.0,GUATAPE
2024-02-22,GUATAPE,1692900.0,GUATAPE
2024-02-23,GUATAPE,1978100.0,GUATAPE
2024-02-24,GUATAPE,2138500.0,GUATAPE
2024-02-25,GUATAPE,2220600.0,GUATAPE
2024-02-26,GUATAPE,2102800.0,GUATAPE
2024-02-27,GUATAPE,909400.0,GUATAPE
2024-02-28,GUATAPE,950300.0,GUATAPE
2024-02-29,GUATAPE,2257900.0,GUATAPE
2024-03-01,GUATAPE,2027500.0,GUATAPE
2024-03-02,GUATAPE,1991600.0,GUATAPE
2024-03-03,GUATAPE,1986600.0,GUATAPE
2024-03-04,GUATAPE,2011000.0,GUATAPE
2024-03-05,GUATAPE,1819800.0,GUATAPE
2024-03-06,GUATAPE,1182700.0,GUATAPE
2024-03-07,GUATAPE,2017600.0,GUATAPE
2024-03-08,GUATAPE,2143600.0,GUATAPE
2024-03-09,GUATAPE,2902300.0,GUATAPE
2024-03-10,GUATAPE,2062600.0,GUATAPE
2024-03-11,GUATAPE,10476400.0,GUATAPE
2024-03-12,GUATAPE,2653100.0,GUATAPE
2024-03-13,GUATAPE,2222600.0,GUATAPE
2024-03-14,GUATAPE,2376200.0,GUATAPE
2024-03-15,GUATAPE,1507800.0,GUATAPE
2024-03-16,GUATAPE,2220400.0,GUATAPE
2024-03-17,GUATAPE,5935200.0,GUATAPE
2024-03-18,GUATAPE,2472300.0,GUATAPE
2024-03-19,GUATAPE,5698200.0,GUATAPE
2024-03-20,GUATAPE,2706900.0,GUATAPE
2024-03-21,GUATAPE,2320100.0,GUATAPE
2024-03-22,GUATAPE,2161000.0,GUATAPE
2024-03-23,GUATAPE,2099800.0,GUATAPE
2024-03-24,GUATAPE,935000.0,GUATAPE
2024-03-25,GUATAPE,2038600.0,GUATAPE
2024-03-26,GUATAPE,2106900.0,GUATAPE
2024-03-27,GUATAPE,1167000.0,GUATAPE
2024-03-28,GUATAPE,1991900.0,GUATAPE
2024-03-29,GUATAPE,1852200.0,GUATAPE
2024-03-30,GUATAPE,1031400.0,GUATAPE
2024-03-31,GUATAPE,4659300.0,GUATAPE
2024-04-01,GUATAPE,4045200.0,GUATAPE
2024-04-02,GUATAPE,6914000.0,GUATAPE
2024-04-03,GUATAPE,6956900.0,GUATAPE
2024-04-04,GUATAPE,11526700.0,GUATAPE
2024-04-05,GUATAPE,4854900.0,GUATAPE
2024-04-06,GUATAPE,3764000.0,GUATAPE
2024-04-07,GUATAPE,2956900.0,GUATAPE
2024-04-08,GUATAPE,2310600.0,GUATAPE
2024-04-09,GUATAPE,2151900.0,GUATAPE
2024-04-10,GUATAPE,1056600.0,GUATAPE
2024-04-11,GUATAPE,2445200.0,GUATAPE
2024-04-12,GUATAPE,2171900.0,GUATAPE
2024-04-13,GUATAPE,4129400.0,GUATAPE
2024-04-14,GUATAPE,2898100.0,GUATAPE
2024-04-15,GUATAPE,1090500.0,GUATAPE
2024-04-16,GUATAPE,1912200.0,GUATAPE
2024-04-17,GUATAPE,1331600.0,GUATAPE
2024-04-18,GUATAPE,2403800.0,GUATAPE
2024-04-19,GUATAPE,3800200.0,GUATAPE
2024-04-20,GUATAPE,2711000.0,GUATAPE
2024-04-21,GUATAPE,5641400.0,GUATAPE
2024-04-22,GUATAPE,4726600.0,GUATAPE
2024-04-23,GUATAPE,3218400.0,GUATAPE
2024-04-24,GUATAPE,4200200.0,GUATAPE
2024-04-25,GUATAPE,4702100.0,GUATAPE
2024-04-26,GUATAPE,8661200.0,GUATAPE
2024-04-27,GUATAPE,4792400.0,GUATAPE
2024-04-28,GUATAPE,9879900.0,GUATAPE
2024-04-29,GUATAPE,5728900.0,GUATAPE
2024-04-30,GUATAPE,6631400.0,GUATAPE
2024-05-01,GUATAPE,14505900.0,GUATAPE
2024-05-02,GUATAPE,7484600.0,GUATAPE
2024-05-03,GUATAPE,11998500.0,GUATAPE
2024-05-04,GUATAPE,23965900.0,GUATAPE
2024-05-05,GUATAPE,4973700.0,GUATAPE
2024-05-06,GUATAPE,4272000.0,GUATAPE
2024-05-07,GUATAPE,8848600.0,GUATAPE
2024-05-08,GUATAPE,11600000.0,GUATAPE
2024-05-09,GUATAPE,14737500.0,GUATAPE
2024-05-10,GUATAPE,5063600.0,GUATAPE
2024-05-11,GUATAPE,3892800.0,GUATAPE
2024-05-12,GUATAPE,9285000.0,GUATAPE
2024-05-13,GUATAPE,4270400.0,GUATAPE
2024-05-14,GUATAPE,4490600.0,GUATAPE
2024-05-15,GUATAPE,4660300.0,GUATAPE
2024-05-16,GUATAPE,7721600.0,GUATAPE
2024-05-17,GUATAPE,4491800.0,GUATAPE
2024-05-18,GUATAPE,4041600.0,GUATAPE
2024-05-19,GUATAPE,3798800.0,GUATAPE
2024-05-20,GUATAPE,2599900.0,GUATAPE
2024-05-21,GUATAPE,2248200.0,GUATAPE
2024-05-22,GUATAPE,2712900.0,GUATAPE
2024-05-23,GUATAPE,4603700.0,GUATAPE
2024-05-24,GUATAPE,3853500.0,GUATAPE
2024-05-25,GUATAPE,1548200.0,GUATAPE
2024-05-26,GUATAPE,2134000.0,GUATAPE
2024-05-27,GUATAPE,3458500.0,GUATAPE
2024-05-28,GUATAPE,14495300.0,GUATAPE
2024-05-29,GUATAPE,17448600.0,GUATAPE
2024-05-30,GUATAPE,3993900.0,GUATAPE
2024-05-31,GUATAPE,11595600.0,GUATAPE
2024-06-01,GUATAPE,3527200.0,GUATAPE
2024-06-02,GUATAPE,3460400.0,GUATAPE
2024-06-03,GUATAPE,4272700.0,GUATAPE
2024-06-04,GUATAPE,4065100.0,GUATAPE
2024-06-05,GUATAPE,3502300.0,GUATAPE
2024-06-06,GUATAPE,1945600.0,GUATAPE
2024-06-07,GUATAPE,2056800.0,GUATAPE
2024-06-08,GUATAPE,2917800.0,GUATAPE
2024-06-09,GUATAPE,4129200.0,GUATAPE
2024-06-10,GUATAPE,6350500.0,GUATAPE
2024-06-11,GUATAPE,6841400.0,GUATAPE
2024-06-12,GUATAPE,3336300.0,GUATAPE
2024-06-13,GUATAPE,6256900.0,GUATAPE
2024-06-14,GUATAPE,13852100.0,GUATAPE
2024-06-15,GUATAPE,11364700.0,GUATAPE
2024-06-16,GUATAPE,8483300.0,GUATAPE
2024-06-17,GUATAPE,3968800.0,GUATAPE
2024-06-18,GUATAPE,6305600.0,GUATAPE
2024-06-19,GUATAPE,4556400.0,GUATAPE
2024-06-20,GUATAPE,6813800.0,GUATAPE
2024-06-21,GUATAPE,4999400.0,GUATAPE
2024-06-22,GUATAPE,4175700.0,GUATAPE
2024-06-23,GUATAPE,8167700.0,GUATAPE
2024-06-24,GUATAPE,3678500.0,GUATAPE
2024-06-25,GUATAPE,5448600.0,GUATAPE
2024-06-26,GUATAPE,8850500.0,GUATAPE
2024-06-27,GUATAPE,7837000.0,GUATAPE
2024-06-28,GUATAPE,7251500.0,GUATAPE
2024-06-29,GUATAPE,4557200.0,GUATAPE
2024-06-30,GUATAPE,4056600.0,GUATAPE
2024-07-01,GUATAPE,4497900.0,GUATAPE
2024-07-02,GUATAPE,6558500.0,GUATAPE
2024-07-03,GUATAPE,12558600.0,GUATAPE
2024-07-04,GUATAPE,12078100.0,GUATAPE
2024-07-05,GUATAPE,8341900.0,GUATAPE
2024-07-06,GUATAPE,4369600.0,GUATAPE
2024-07-07,GUATAPE,4003900.0,GUATAPE
2024-07-08,GUATAPE,3519900.0,GUATAPE
2024-07-09,GUATAPE,4217000.0,GUATAPE
2024-07-10,GUATAPE,2610900.0,GUATAPE
2024-07-11,GUATAPE,3623000.0,GUATAPE
2024-07-12,GUATAPE,5026300.0,GUATAPE
2024-07-13,GUATAPE,3944800.0,GUATAPE
2024-07-14,GUATAPE,3573800.0,GUATAPE
2024-07-15,GUATAPE,3389400.0,GUATAPE
2024-07-16,GUATAPE,3404400.0,GUATAPE
2024-07-17,GUATAPE,3364900.0,GUATAPE
2024-07-18,GUATAPE,3671100.0,GUATAPE
2024-07-19,GUATAPE,2052200.0,GUATAPE
2024-07-20,GUATAPE,2036700.0,GUATAPE
2024-07-21,GUATAPE,1944700.0,GUATAPE
2024-07-22,GUATAPE,1804200.0,GUATAPE
2024-07-23,GUATAPE,2896000.0,GUATAPE
2024-07-24,GUATAPE,1873900.0,GUATAPE
2024-07-25,GUATAPE,3059000.0,GUATAPE
2024-07-26,GUATAPE,2313500.0,GUATAPE
2024-07-27,GUATAPE,2809600.0,GUATAPE
2024-07-28,GUATAPE,2168400.0,GUATAPE
2024-07-29,GUATAPE,1685200.0,GUATAPE
2024-07-30,GUATAPE,1426100.0,GUATAPE
2024-07-31,GUATAPE,1475300.0,GUATAPE
2024-08-01,GUATAPE,2021400.0,GUATAPE
2024-08-02,GUATAPE,1357400.0,GUATAPE
2024-08-03,GUATAPE,3613900.0,GUATAPE
2024-08-04,GUATAPE,1947100.0,GUATAPE
2024-08-05,GUATAPE,3455900.0,GUATAPE
2024-08-06,GUATAPE,4733700.0,GUATAPE
2024-08-07,GUATAPE,4590300.0,GUATAPE
2024-08-08,GUATAPE,2780800.0,GUATAPE
2024-08-09,GUATAPE,3002300.0,GUATAPE
2024-08-10,GUATAPE,3284800.0,GUATAPE
2024-08-11,GUATAPE,3150400.0,GUATAPE
2024-08-12,GUATAPE,1832600.0,GUATAPE
2024-08-13,GUATAPE,2671100.0,GUATAPE
2024-08-14,GUATAPE,2127400.0,GUATAPE
2024-08-15,GUATAPE,1737500.0,GUATAPE
2024-08-16,GUATAPE,3336100.0,GUATAPE
2024-08-17,GUATAPE,2983800.0,GUATAPE
2024-08-18,GUATAPE,2553700.0,GUATAPE
2024-08-19,GUATAPE,3029400.0,GUATAPE
2024-08-20,GUATAPE,1552600.0,GUATAPE
2024-08-21,GUATAPE,2212800.0,GUATAPE
2024-08-22,GUATAPE,2358900.0,GUATAPE
2024-08-23,GUATAPE,10663400.0,GUATAPE
2024-08-24,GUATAPE,4053000.0,GUATAPE
2024-08-25,GUATAPE,6224800.0,GUATAPE
2024-08-26,GUATAPE,3064300.0,GUATAPE
2024-08-27,GUATAPE,3281200.0,GUATAPE
2024-08-28,GUATAPE,2506100.0,GUATAPE
2024-08-29,GUATAPE,3097600.0,GUATAPE
2024-08-30,GUATAPE,2276600.0,GUATAPE
2024-08-31,GUATAPE,1660800.0,GUATAPE
2024-09-01,GUATAPE,6400100.0,GUATAPE
2024-09-02,GUATAPE,3771100.0,GUATAPE
2024-09-03,GUATAPE,6146800.0,GUATAPE
2024-09-04,GUATAPE,3096800.0,GUATAPE
2024-09-05,GUATAPE,18628600.0,GUATAPE
2024-09-06,GUATAPE,2966100.0,GUATAPE
2024-09-07,GUATAPE,9165900.0,GUATAPE
2024-09-08,GUATAPE,4406400.0,GUATAPE
2024-09-09,GUATAPE,2557600.0,GUATAPE
2024-09-10,GUATAPE,2542800.0,GUATAPE
2024-09-11,GUATAPE,1714500.0,GUATAPE
2024-09-12,GUATAPE,3502500.0,GUATAPE
2024-09-13,GUATAPE,6054700.0,GUATAPE
2024-09-14,GUATAPE,3660200.0,GUATAPE
2024-09-15,GUATAPE,5029400.0,GUATAPE
2024-09-16,GUATAPE,4550800.0,GUATAPE
2024-09-17,GUATAPE,11111300.0,GUATAPE
2024-09-18,GUATAPE,3451500.0,GUATAPE
2024-09-19,GUATAPE,3192000.0,GUATAPE
2024-09-20,GUATAPE,3032300.0,GUATAPE
2024-09-21,GUATAPE,5585500.0,GUATAPE
2024-09-22,GUATAPE,15569700.0,GUATAPE
2024-09-23,GUATAPE,16196800.0,GUATAPE
2024-09-24,GUATAPE,4399700.0,GUATAPE
2024-09-25,GUATAPE,8115100.0,GUATAPE
2024-09-26,GUATAPE,8342900.0,GUATAPE
2024-09-27,GUATAPE,4810300.0,GUATAPE
2024-09-28,GUATAPE,7195200.0,GUATAPE
2024-09-29,GUATAPE,5075100.0,GUATAPE
2024-09-30,GUATAPE,4178800.0,GUATAPE
2024-10-01,GUATAPE,5601500.0,GUATAPE
2024-10-02,GUATAPE,6060500.0,GUATAPE
2024-10-03,GUATAPE,4111600.0,GUATAPE
2024-10-04,GUATAPE,5413300.0,GUATAPE
2024-10-05,GUATAPE,5371300.0,GUATAPE
2024-10-06,GUATAPE,4120400.0,GUATAPE
2024-10-07,GUATAPE,7812100.0,GUATAPE
2024-10-08,GUATAPE,7245200.0,GUATAPE
2024-10-09,GUATAPE,7227200.0,GUATAPE
2024-10-10,GUATAPE,9013300.0,GUATAPE
2024-10-11,GUATAPE,4033600.0,GUATAPE
2024-10-12,GUATAPE,4511500.0,GUATAPE
2024-10-13,GUATAPE,7921000.0,GUATAPE
2024-10-14,GUATAPE,3252900.0,GUATAPE
2024-10-15,GUATAPE,4007800.0,GUATAPE
2024-10-16,GUATAPE,4062400.0,GUATAPE
2024-10-17,GUATAPE,6645400.0,GUATAPE
2024-10-18,GUATAPE,6301200.0,GUATAPE
2024-10-19,GUATAPE,10479300.0,GUATAPE
2024-10-20,GUATAPE,9072900.0,GUATAPE
2024-10-21,GUATAPE,8191600.0,GUATAPE
2024-10-22,GUATAPE,9485900.0,GUATAPE
2024-10-23,GUATAPE,8178000.0,GUATAPE
2024-10-24,GUATAPE,10770200.0,GUATAPE
2024-10-25,GUATAPE,6793100.0,GUATAPE
2024-10-26,GUATAPE,4745300.0,GUATAPE
2024-10-27,GUATAPE,5529200.0,GUATAPE
2024-10-28,GUATAPE,4361300.0,GUATAPE
2024-10-29,GUATAPE,3701900.0,GUATAPE
2024-10-30,GUATAPE,3510300.0,GUATAPE
2024-10-31,GUATAPE,3766200.0,GUATAPE
2024-11-01,GUATAPE,4729100.0,GUATAPE
2024-11-02,GUATAPE,3008100.0,GUATAPE
2024-11-03,GUATAPE,3036500.0,GUATAPE
2024-11-04,GUATAPE,5554200.0,GUATAPE
2024-11-05,GUATAPE,3782200.0,GUATAPE
2024-11-06,GUATAPE,3696500.0,GUATAPE
2024-11-07,GUATAPE,3725000.0,GUATAPE
2024-11-08,GUATAPE,4060900.0,GUATAPE
2024-11-09,GUATAPE,6479500.0,GUATAPE
2024-11-10,GUATAPE,13526200.0,GUATAPE
2024-11-11,GUATAPE,5072600.0,GUATAPE
2024-11-12,GUATAPE,15837200.0,GUATAPE
2024-11-13,GUATAPE,9077800.0,GUATAPE
2024-11-14,GUATAPE,9820400.0,GUATAPE
2024-11-15,GUATAPE,6389000.0,GUATAPE
2024-11-16,GUATAPE,4696400.0,GUATAPE
2024-11-17,GUATAPE,4260400.0,GUATAPE
2024-11-18,GUATAPE,3893800.0,GUATAPE
2024-11-19,GUATAPE,5121800.0,GUATAPE
2024-11-20,GUATAPE,5663100.0,GUATAPE
2024-11-21,GUATAPE,7372700.0,GUATAPE
2024-11-22,GUATAPE,9774100.0,GUATAPE
2024-11-23,GUATAPE,5421700.0,GUATAPE
2024-11-24,GUATAPE,6447500.0,GUATAPE
2024-11-25,GUATAPE,4466900.0,GUATAPE
2024-11-26,GUATAPE,11993200.0,GUATAPE
2024-11-27,GUATAPE,11898100.0,GUATAPE
2024-11-28,GUATAPE,11864600.0,GUATAPE
2024-11-29,GUATAPE,7161400.0,GUATAPE
2024-11-30,GUATAPE,5252200.0,GUATAPE
2024-12-01,GUATAPE,5083000.0,GUATAPE
2024-12-02,GUATAPE,4451100.0,GUATAPE
2024-12-03,GUATAPE,4826800.0,GUATAPE
2024-12-04,GUATAPE,3916400.0,GUATAPE
2024-12-05,GUATAPE,4648600.0,GUATAPE
2024-12-06,GUATAPE,4476600.0,GUATAPE
2024-12-07,GUATAPE,3615300.0,GUATAPE
2024-12-08,GUATAPE,4260600.0,GUATAPE
2024-12-09,GUATAPE,3640100.0,GUATAPE
2024-12-10,GUATAPE,3425800.0,GUATAPE
2024-12-11,GUATAPE,3771000.0,GUATAPE
2024-12-12,GUATAPE,4051200.0,GUATAPE
2024-12-13,GUATAPE,3152900.0,GUATAPE
2024-12-14,GUATAPE,3686100.0,GUATAPE
2024-12-15,GUATAPE,6623100.0,GUATAPE
2024-12-16,GUATAPE,5379700.0,GUATAPE
2024-12-17,GUATAPE,3777800.0,GUATAPE
2024-12-18,GUATAPE,4228100.0,GUATAPE
2024-12-19,GUATAPE,6375600.0,GUATAPE
2024-12-20,GUATAPE,3286300.0,GUATAPE
2024-12-21,GUATAPE,6986300.0,GUATAPE
2024-12-22,GUATAPE,17447600.0,GUATAPE
2024-12-23,GUATAPE,27000700.0,GUATAPE
2024-12-24,GUATAPE,6877400.0,GUATAPE
2024-12-25,GUATAPE,5611000.0,GUATAPE
2024-12-26,GUATAPE,8146900.0,GUATAPE
2024-12-27,GUATAPE,6633600.0,GUATAPE
2024-12-28,GUATAPE,4585400.0,GUATAPE
2024-12-29,GUATAPE,5363300.0,GUATAPE
2024-12-30,GUATAPE,4770100.0,GUATAPE
2024-12-31,GUATAPE,4037600.0,GUATAPE
2025-01-01,GUATAPE,3475300.0,GUATAPE
2025-01-02,GUATAPE,4977000.0,GUATAPE
2025-01-03,GUATAPE,5078400.0,GUATAPE
2025-01-04,GUATAPE,9770700.0,GUATAPE
2025-01-05,GUATAPE,8972000.0,GUATAPE
2025-01-06,GUATAPE,4820000.0,GUATAPE
2025-01-07,GUATAPE,3963400.0,GUATAPE
2025-01-08,GUATAPE,4278100.0,GUATAPE
2025-01-09,GUATAPE,4694900.0,GUATAPE
2025-01-10,GUATAPE,2749700.0,GUATAPE
2025-01-11,GUATAPE,4067700.0,GUATAPE
2025-01-12,GUATAPE,3026700.0,GUATAPE
2025-01-13,GUATAPE,2588900.0,GUATAPE
2025-01-14,GUATAPE,2642400.0,GUATAPE
2025-01-15,GUATAPE,3739200.0,GUATAPE
2025-01-16,GUATAPE,3144900.0,GUATAPE
2025-01-17,GUATAPE,3901500.0,GUATAPE
2025-01-18,GUATAPE,3679800.0,GUATAPE
2025-01-19,GUATAPE,3413000.0,GUATAPE
2025-01-20,GUATAPE,2466300.0,GUATAPE
2025-01-21,GUATAPE,1751900.0,GUATAPE
2025-01-22,GUATAPE,2126000.0,GUATAPE
2025-01-23,GUATAPE,1848600.0,GUATAPE
2025-01-24,GUATAPE,2010200.0,GUATAPE
2025-01-25,GUATAPE,2366400.0,GUATAPE
2025-01-26,GUATAPE,2934100.0,GUATAPE
2025-01-27,GUATAPE,4295300.0,GUATAPE
2025-01-28,GUATAPE,7360600.0,GUATAPE
2025-01-29,GUATAPE,8848000.0,GUATAPE
2025-01-30,GUATAPE,16098300.0,GUATAPE
2025-01-31,GUATAPE,10819700.0,GUATAPE
2025-02-01,GUATAPE,5967900.0,GUATAPE
2025-02-02,GUATAPE,4204800.0,GUATAPE
2025-02-03,GUATAPE,4604200.0,GUATAPE
2025-02-04,GUATAPE,5504500.0,GUATAPE
2025-02-05,GUATAPE,4564400.0,GUATAPE
2025-02-06,GUATAPE,4258700.0,GUATAPE
2025-02-07,GUATAPE,7353600.0,GUATAPE
2025-02-08,GUATAPE,8482700.0,GUATAPE
2025-02-09,GUATAPE,14753200.0,GUATAPE
2025-02-10,GUATAPE,4870300.0,GUATAPE
2025-02-11,GUATAPE,8054000.0,GUATAPE
2025-02-12,GUATAPE,6244400.0,GUATAPE
2025-02-13,GUATAPE,4577400.0,GUATAPE
2025-02-14,GUATAPE,4546900.0,GUATAPE
2025-02-15,GUATAPE,5875100.0,GUATAPE
2025-02-16,GUATAPE,6071700.0,GUATAPE
2025-02-17,GUATAPE,10386900.0,GUATAPE
2025-02-18,GUATAPE,6482100.0,GUATAPE
2025-02-19,GUATAPE,3726600.0,GUATAPE
2025-02-20,GUATAPE,4462400.0,GUATAPE
2025-02-21,GUATAPE,8227700.0,GUATAPE
2025-02-22,GUATAPE,5679600.0,GUATAPE
2025-02-23,GUATAPE,4530100.0,GUATAPE
2025-02-24,GUATAPE,4465100.0,GUATAPE
2025-02-25,GUATAPE,12507900.0,GUATAPE
2025-02-26,GUATAPE,3935500.0,GUATAPE
2025-02-27,GUATAPE,4017800.0,GUATAPE
2025-02-28,GUATAPE,5860100.0,GUATAPE
2025-03-01,GUATAPE,3975800.0,GUATAPE
2025-03-02,GUATAPE,4918300.0,GUATAPE
2025-03-03,GUATAPE,9469100.0,GUATAPE
2025-03-04,GUATAPE,10573200.0,GUATAPE
2025-03-05,GUATAPE,8786900.0,GUATAPE
2025-03-06,GUATAPE,3821000.0,GUATAPE
2025-03-07,GUATAPE,4780500.0,GUATAPE
2025-03-08,GUATAPE,3082600.0,GUATAPE
2025-03-09,GUATAPE,4157800.0,GUATAPE
2025-03-10,GUATAPE,2975500.0,GUATAPE
2025-03-11,GUATAPE,3875400.0,GUATAPE
2025-03-12,GUATAPE,3315700.0,GUATAPE
2025-03-13,GUATAPE,4054100.0,GUATAPE
2025-03-14,GUATAPE,6151700.0,GUATAPE
2025-03-15,GUATAPE,4683500.0,GUATAPE
2025-03-16,GUATAPE,6377900.0,GUATAPE
2025-03-17,GUATAPE,7349400.0,GUATAPE
2025-03-18,GUATAPE,6808400.0,GUATAPE
2025-03-19,GUATAPE,4969300.0,GUATAPE
2025-03-20,GUATAPE,4817900.0,GUATAPE
2025-03-21,GUATAPE,5321500.0,GUATAPE
2025-03-22,GUATAPE,5190500.0,GUATAPE
2025-03-23,GUATAPE,3341200.0,GUATAPE
2025-03-24,GUATAPE,3980900.0,GUATAPE
2025-03-25,GUATAPE,3875400.0,GUATAPE
2025-03-26,GUATAPE,2710100.0,GUATAPE
2025-03-27,GUATAPE,3167700.0,GUATAPE
2025-03-28,GUATAPE,4717500.0,GUATAPE
2025-03-29,GUATAPE,5585200.0,GUATAPE
2025-03-30,GUATAPE,3997900.0,GUATAPE
2025-03-31,GUATAPE,2376600.0,GUATAPE
2025-04-01,GUATAPE,10767100.0,GUATAPE
2025-04-02,GUATAPE,5096900.0,GUATAPE
2025-04-03,GUATAPE,4237800.0,GUATAPE
2025-04-04,GUATAPE,4683500.0,GUATAPE
2025-04-05,GUATAPE,3849900.0,GUATAPE
2025-04-06,GUATAPE,4409600.0,GUATAPE
2025-04-07,GUATAPE,5517100.0,GUATAPE
2025-04-08,GUATAPE,8742700.0,GUATAPE
2025-04-09,GUATAPE,5649800.0,GUATAPE
2025-04-10,GUATAPE,14489500.0,GUATAPE
2025-04-11,GUATAPE,6776000.0,GUATAPE
2025-04-12,GUATAPE,17914100.0,GUATAPE
2025-04-13,GUATAPE,7681100.0,GUATAPE
2025-04-14,GUATAPE,6362600.0,GUATAPE
2025-04-15,GUATAPE,3832900.0,GUATAPE
2025-04-16,GUATAPE,4297300.0,GUATAPE
2025-04-17,GUATAPE,6369400.0,GUATAPE
2025-04-18,GUATAPE,4452100.0,GUATAPE
2025-04-19,GUATAPE,8761400.0,GUATAPE
2025-04-20,GUATAPE,14896100.0,GUATAPE
2025-04-21,GUATAPE,9559300.0,GUATAPE
2025-04-22,GUATAPE,4931900.0,GUATAPE
2025-04-23,GUATAPE,13308800.0,GUATAPE
2025-04-24,GUATAPE,11115900.0,GUATAPE
2025-04-25,GUATAPE,9768500.0,GUATAPE
2025-04-26,GUATAPE,5898200.0,GUATAPE
2025-04-27,GUATAPE,20363800.0,GUATAPE
2025-04-28,GUATAPE,11714700.0,GUATAPE
2025-04-29,GUATAPE,21774200.0,GUATAPE
2025-04-30,GUATAPE,11776000.0,GUATAPE
2025-05-01,GUATAPE,5828400.0,GUATAPE
2025-05-02,GUATAPE,8368400.0,GUATAPE
2025-05-03,GUATAPE,9649400.0,GUATAPE
2025-05-04,GUATAPE,8659300.0,GUATAPE
2025-05-05,GUATAPE,10809700.0,GUATAPE
2025-05-06,GUATAPE,11456200.0,GUATAPE
2025-05-07,GUATAPE,12080500.0,GUATAPE
2025-05-08,GUATAPE,10700800.0,GUATAPE
2025-05-09,GUATAPE,8273100.0,GUATAPE
2025-05-10,GUATAPE,6352400.0,GUATAPE
2025-05-11,GUATAPE,4064300.0,GUATAPE
2025-05-12,GUATAPE,4055800.0,GUATAPE
2025-05-13,GUATAPE,4028500.0,GUATAPE
2025-05-14,GUATAPE,5449100.0,GUATAPE
2025-05-15,GUATAPE,7638600.0,GUATAPE
2025-05-16,GUATAPE,15343500.0,GUATAPE
2025-05-17,GUATAPE,23119900.0,GUATAPE
2025-05-18,GUATAPE,20151200.0,GUATAPE
2025-05-19,GUATAPE,29986100.0,GUATAPE
2025-05-20,GUATAPE,25545800.0,GUATAPE
2025-05-21,GUATAPE,18235600.0,GUATAPE
2025-05-22,GUATAPE,18579200.0,GUATAPE
2025-05-23,GUATAPE,16240000.0,GUATAPE
2025-05-24,GUATAPE,10409900.0,GUATAPE
2025-05-25,GUATAPE,4976100.0,GUATAPE
2025-05-26,GUATAPE,10375900.0,GUATAPE
2025-05-27,GUATAPE,19162800.0,GUATAPE
2025-05-28,GUATAPE,16602400.0,GUATAPE
2025-05-29,GUATAPE,13562300.0,GUATAPE
2025-05-30,GUATAPE,15074700.0,GUATAPE
2025-05-31,GUATAPE,5496700.0,GUATAPE
2025-06-01,GUATAPE,6064700.0,GUATAPE
2025-06-02,GUATAPE,2730100.0,GUATAPE
2025-06-03,GUATAPE,13669500.0,GUATAPE
2025-06-04,GUATAPE,17289200.0,GUATAPE
2025-06-05,GUATAPE,10070300.0,GUATAPE
2025-06-06,GUATAPE,11122100.0,GUATAPE
2025-06-07,GUATAPE,5019800.0,GUATAPE
2025-06-08,GUATAPE,4121700.0,GUATAPE
2025-06-09,GUATAPE,5433000.0,GUATAPE
2025-06-10,GUATAPE,8219500.0,GUATAPE
2025-06-11,GUATAPE,15453700.0,GUATAPE
2025-06-12,GUATAPE,13008700.0,GUATAPE
2025-06-13,GUATAPE,19771800.0,GUATAPE
2025-06-14,GUATAPE,17087700.0,GUATAPE
2025-06-15,GUATAPE,8113600.0,GUATAPE
2025-06-16,GUATAPE,16181100.0,GUATAPE
2025-06-17,GUATAPE,17157700.0,GUATAPE
2025-06-18,GUATAPE,10029300.0,GUATAPE
2025-06-19,GUATAPE,14832300.0,GUATAPE
2025-06-20,GUATAPE,14524900.0,GUATAPE
2025-06-21,GUATAPE,4620200.0,GUATAPE
2025-06-22,GUATAPE,8893900.0,GUATAPE
2025-06-23,GUATAPE,21183800.0,GUATAPE
2025-06-24,GUATAPE,7572400.0,GUATAPE
2025-06-25,GUATAPE,3945800.0,GUATAPE
2025-06-26,GUATAPE,3365300.0,GUATAPE
2025-06-27,GUATAPE,5970800.0,GUATAPE
2025-06-28,GUATAPE,2376700.0,GUATAPE
2025-06-29,GUATAPE,4857600.0,GUATAPE
2025-06-30,GUATAPE,4176300.0,GUATAPE
2025-07-01,GUATAPE,2721600.0,GUATAPE
2025-07-02,GUATAPE,3566800.0,GUATAPE
2025-07-03,GUATAPE,2725000.0,GUATAPE
2025-07-04,GUATAPE,2361300.0,GUATAPE
2025-07-05,GUATAPE,9109000.0,GUATAPE
2025-07-06,GUATAPE,3093800.0,GUATAPE
2025-07-07,GUATAPE,3235500.0,GUATAPE
2025-07-08,GUATAPE,2576500.0,GUATAPE
2025-07-09,GUATAPE,2856500.0,GUATAPE
2025-07-10,GUATAPE,6858700.0,GUATAPE
2025-07-11,GUATAPE,7319700.0,GUATAPE
2025-07-12,GUATAPE,3052800.0,GUATAPE
2025-07-13,GUATAPE,3315800.0,GUATAPE
2025-07-14,GUATAPE,5180300.0,GUATAPE
2025-07-15,GUATAPE,7444300.0,GUATAPE
2025-07-16,GUATAPE,14854400.0,GUATAPE
2025-07-17,GUATAPE,3445500.0,GUATAPE
2025-07-18,GUATAPE,2928200.0,GUATAPE
2025-07-19,GUATAPE,3218500.0,GUATAPE
2025-07-20,GUATAPE,2684000.0,GUATAPE
2025-07-21,GUATAPE,5197300.0,GUATAPE
2025-07-22,GUATAPE,21993100.0,GUATAPE
2025-07-23,GUATAPE,13678000.0,GUATAPE
2025-07-24,GUATAPE,2938400.0,GUATAPE
2025-07-25,GUATAPE,2574800.0,GUATAPE
2025-07-26,GUATAPE,4666300.0,GUATAPE
2025-07-27,GUATAPE,7084000.0,GUATAPE
2025-07-28,GUATAPE,8344100.0,GUATAPE
2025-07-29,GUATAPE,11084500.0,GUATAPE
2025-07-30,GUATAPE,10828900.0,GUATAPE
2025-07-31,GUATAPE,3240660.38,GUATAPE
2025-08-01,GUATAPE,11120348.3,GUATAPE
2025-08-02,GUATAPE,12335407.1,GUATAPE
2025-08-03,GUATAPE,5180461.06,GUATAPE
2025-08-04,GUATAPE,2357084.16,GUATAPE
2025-08-05,GUATAPE,2153828.35,GUATAPE
2025-08-06,GUATAPE,3477553.15,GUATAPE
2025-08-07,GUATAPE,5532935.04,GUATAPE
2025-08-08,GUATAPE,6764183.86,GUATAPE
2025-08-09,GUATAPE,4535640.58,GUATAPE
2025-08-10,GUATAPE,2990175.7,GUATAPE
2025-08-11,GUATAPE,7729032.1,GUATAPE
2025-08-12,GUATAPE,3828654.43,GUATAPE
2025-08-13,GUATAPE,4679087.04,GUATAPE
2025-08-14,GUATAPE,4662010.08,GUATAPE
2025-08-15,GUATAPE,7233800.26,GUATAPE
2025-08-16,GUATAPE,11234931.98,GUATAPE
2025-08-17,GUATAPE,4475871.22,GUATAPE
2025-08-18,GUATAPE,8685341.86,GUATAPE
2025-08-19,GUATAPE,6084520.85,GUATAPE
2025-08-20,GUATAPE,2626436.45,GUATAPE
2025-08-21,GUATAPE,12846997.01,GUATAPE
2025-08-22,GUATAPE,8446264.42,GUATAPE
2025-08-23,GUATAPE,6081105.46,GUATAPE
2025-08-24,GUATAPE,3485407.54,GUATAPE
2025-08-25,GUATAPE,3015791.14,GUATAPE
2025-08-26,GUATAPE,3338545.68,GUATAPE
2025-08-27,GUATAPE,3435884.35,GUATAPE
2025-08-28,GUATAPE,3584453.9,GUATAPE
2025-08-29,GUATAPE,3189976.13,GUATAPE
2025-08-30,GUATAPE,3036283.49,GUATAPE
2025-08-31,GUATAPE,3400022.74,GUATAPE
2025-09-01,GUATAPE,4001131.73,GUATAPE
2025-09-02,GUATAPE,5145288.05,GUATAPE
2025-09-03,GUATAPE,13256844.05,GUATAPE
2025-09-04,GUATAPE,5490242.64,GUATAPE
2025-09-05,GUATAPE,2303681.9,GUATAPE
2025-09-06,GUATAPE,5756643.22,GUATAPE
2025-09-07,GUATAPE,15912311.33,GUATAPE
2025-09-08,GUATAPE,5845443.41,GUATAPE
2025-09-09,GUATAPE,6981061.25,GUATAPE
2025-09-10,GUATAPE,4071147.26,GUATAPE
2025-09-11,GUATAPE,6125505.55,GUATAPE
2025-09-12,GUATAPE,3434176.66,GUATAPE
2025-09-13,GUATAPE,2505190.03,GUATAPE
2025-09-14,GUATAPE,4796918.06,GUATAPE
2025-09-15,GUATAPE,5570504.35,GUATAPE
2025-09-16,GUATAPE,4067731.87,GUATAPE
2025-09-17,GUATAPE,10454514.91,GUATAPE
2025-09-18,GUATAPE,13224397.82,GUATAPE
2025-09-19,GUATAPE,8266956.34,GUATAPE
2025-09-20,GUATAPE,4827656.59,GUATAPE
2025-09-21,GUATAPE,4417809.55,GUATAPE
2025-09-22,GUATAPE,3048237.36,GUATAPE
2025-09-23,GUATAPE,3618607.82,GUATAPE
2025-09-24,GUATAPE,2459082.24,GUATAPE
2025-09-25,GUATAPE,2979929.52,GUATAPE
2025-09-26,GUATAPE,2720359.73,GUATAPE
2025-09-27,GUATAPE,9011511.79,GUATAPE
2025-09-28,GUATAPE,9417943.44,GUATAPE
2025-09-29,GUATAPE,12901643.28,GUATAPE
2025-09-30,GUATAPE,8919296.21,GUATAPE
2025-10-01,GUATAPE,4551009.84,GUATAPE
2025-10-02,GUATAPE,4335840.14,GUATAPE
2025-10-03,GUATAPE,6967399.68,GUATAPE
2025-10-04,GUATAPE,3338545.68,GUATAPE
2025-10-05,GUATAPE,5249457.5,GUATAPE
2025-10-06,GUATAPE,8929542.38,GUATAPE
2025-10-07,GUATAPE,4052362.61,GUATAPE
2025-10-08,GUATAPE,8232802.42,GUATAPE
2025-10-09,GUATAPE,8646064.85,GUATAPE
2025-10-10,GUATAPE,12915304.85,GUATAPE
2025-10-11,GUATAPE,9397451.09,GUATAPE
2025-10-12,GUATAPE,10896808.18,GUATAPE
2025-10-13,GUATAPE,7114261.54,GUATAPE
2025-10-14,GUATAPE,5196518.93,GUATAPE
2025-10-15,GUATAPE,9511866.72,GUATAPE
2025-10-16,GUATAPE,6169905.65,GUATAPE
2025-10-17,GUATAPE,2366866.66,GUATAPE
2025-10-18,GUATAPE,8873188.42,GUATAPE
2025-10-19,GUATAPE,7927124.83,GUATAPE
2025-10-20,GUATAPE,6948615.02,GUATAPE
2025-10-21,GUATAPE,7285031.14,GUATAPE
2025-10-22,GUATAPE,15758618.69,GUATAPE
2025-10-23,GUATAPE,8229387.02,GUATAPE
2025-10-24,GUATAPE,7488246.96,GUATAPE
2025-10-25,GUATAPE,10101021.84,GUATAPE
2025-10-26,GUATAPE,12204903.31,GUATAPE
2025-10-27,GUATAPE,7641939.6,GUATAPE
2025-10-28,GUATAPE,7520693.18,GUATAPE
2025-10-29,GUATAPE,6366290.69,GUATAPE
2025-10-30,GUATAPE,6282613.58,GUATAPE
2025-10-31,GUATAPE,7971524.93,GUATAPE
2025-11-01,GUATAPE,4004547.12,GUATAPE
2025-11-02,GUATAPE,5469750.29,GUATAPE
2025-11-03,GUATAPE,11924841.17,GUATAPE
2025-11-04,GUATAPE,6169905.65,GUATAPE
2025-11-05,GUATAPE,3531515.33,GUATAPE
2025-11-06,GUATAPE,15413664.1,GUATAPE
2025-11-07,GUATAPE,4735441.01,GUATAPE
2025-11-08,GUATAPE,2489820.77,GUATAPE
2025-11-09,GUATAPE,8685341.86,GUATAPE
2025-11-10,GUATAPE,7250877.22,GUATAPE
2025-11-11,GUATAPE,3924285.41,GUATAPE
2025-11-12,GUATAPE,11033423.86,GUATAPE
2025-11-13,GUATAPE,7317477.36,GUATAPE
2025-11-14,GUATAPE,19536042.24,GUATAPE
2025-11-15,GUATAPE,11286162.86,GUATAPE
2025-11-16,GUATAPE,12307365.07,GUATAPE
2025-11-17,GUATAPE,7619739.55,GUATAPE
2025-11-18,GUATAPE,7100599.97,GUATAPE
2025-11-19,GUATAPE,8044955.86,GUATAPE
2025-11-20,GUATAPE,6239921.18,GUATAPE
2025-11-21,GUATAPE,2962852.56,GUATAPE
2025-11-22,GUATAPE,3237791.62,GUATAPE
2025-11-23,GUATAPE,2655467.28,GUATAPE
2025-11-24,GUATAPE,4549302.14,GUATAPE
2025-11-25,GUATAPE,8821957.54,GUATAPE
2025-11-26,GUATAPE,7780262.98,GUATAPE
2025-11-27,GUATAPE,10562099.76,GUATAPE
2025-11-28,GUATAPE,5789089.44,GUATAPE
2025-11-29,GUATAPE,4153116.67,GUATAPE
2025-11-30,GUATAPE,26079933.31,GUATAPE
2025-12-01,GUATAPE,9931008.24,GUATAPE
2025-12-02,GUATAPE,6009927.98,GUATAPE
2025-12-03,GUATAPE,5003996.4,GUATAPE
2025-12-04,GUATAPE,5279430.05,GUATAPE
2025-12-05,GUATAPE,4468526.02,GUATAPE
2025-12-06,GUATAPE,4376144.54,GUATAPE
2025-12-07,GUATAPE,3883443.36,GUATAPE
2025-12-08,GUATAPE,4651578.19,GUATAPE
2025-12-09,GUATAPE,3065696.26,GUATAPE
2025-12-10,GUATAPE,2150435.38,GUATAPE
2025-12-11,GUATAPE,4011750.96,GUATAPE
2025-12-12,GUATAPE,7594099.15,GUATAPE
2025-12-13,GUATAPE,2265056.83,GUATAPE
2025-12-14,GUATAPE,3773954.21,GUATAPE
2025-12-15,GUATAPE,5985977.23,GUATAPE
2025-12-16,GUATAPE,3241905.36,GUATAPE
2025-12-17,GUATAPE,3111886.99,GUATAPE
2025-12-18,GUATAPE,3069117.79,GUATAPE
2025-12-19,GUATAPE,1928035.54,GUATAPE
2025-12-20,GUATAPE,2856982.56,GUATAPE
2025-12-21,GUATAPE,4381276.85,GUATAPE
2025-12-22,GUATAPE,5773842.0,GUATAPE
2025-12-23,GUATAPE,3137548.51,GUATAPE
2025-12-24,GUATAPE,2133327.7,GUATAPE
2025-12-25,GUATAPE,2692748.83,GUATAPE
2025-12-26,GUATAPE,2473770.53,GUATAPE
2025-12-27,GUATAPE,2716699.58,GUATAPE
2025-12-28,GUATAPE,2167543.06,GUATAPE
2025-12-29,GUATAPE,2321512.18,GUATAPE
2025-12-30,GUATAPE,2220576.86,GUATAPE
2025-12-31,GUATAPE,5098088.64,GUATAPE
2026-01-01,GUATAPE,4613941.3,GUATAPE
2026-01-02,GUATAPE,2706434.98,GUATAPE
2026-01-03,GUATAPE,5250346.99,GUATAPE
2026-01-04,GUATAPE,3110176.22,GUATAPE
2026-01-05,GUATAPE,2793684.14,GUATAPE
2026-01-06,GUATAPE,4379566.08,GUATAPE
2026-01-07,GUATAPE,3592612.8,GUATAPE
2026-01-08,GUATAPE,5370100.75,GUATAPE
2026-01-09,GUATAPE,9190245.7,GUATAPE
2026-01-10,GUATAPE,8995218.14,GUATAPE
2026-01-11,GUATAPE,15477318.1,GUATAPE
2026-01-12,GUATAPE,17121366.14,GUATAPE
2026-01-13,GUATAPE,17376270.58,GUATAPE
2026-01-14,GUATAPE,10139721.94,GUATAPE
2026-01-15,GUATAPE,4824365.76,GUATAPE
2026-01-16,GUATAPE,6377743.1,GUATAPE
2026-01-17,GUATAPE,2249659.92,GUATAPE
2026-01-18,GUATAPE,3274409.95,GUATAPE
2026-01-19,GUATAPE,3645646.61,GUATAPE
2026-01-20,GUATAPE,1957118.59,GUATAPE
2026-01-21,GUATAPE,2855271.79,GUATAPE
2026-01-22,GUATAPE,3029770.13,GUATAPE
2026-01-23,GUATAPE,2778287.23,GUATAPE
2026-01-24,GUATAPE,5036500.99,GUATAPE
2026-01-25,GUATAPE,3597745.1,GUATAPE
2026-01-26,GUATAPE,7489742.3,GUATAPE
2026-01-27,GUATAPE,4882531.87,GUATAPE
2026-01-28,GUATAPE,4326532.27,GUATAPE
2026-01-29,GUATAPE,6810567.41,GUATAPE
2026-01-30,GUATAPE,5931232.66,GUATAPE
2026-01-31,GUATAPE,16040160.77,GUATAPE
2026-02-01,GUATAPE,7643711.42,GUATAPE
2026-02-02,GUATAPE,4408649.14,GUATAPE
2026-02-03,GUATAPE,4167430.85,GUATAPE
2026-02-04,GUATAPE,4256390.78,GUATAPE
2026-02-05,GUATAPE,5036500.99,GUATAPE
2026-02-06,GUATAPE,10146565.01,GUATAPE
2026-02-07,GUATAPE,4808968.85,GUATAPE
2026-02-08,GUATAPE,3950163.31,GUATAPE
2026-02-09,GUATAPE,3291517.63,GUATAPE
2026-02-10,GUATAPE,3832120.32,GUATAPE
2026-02-11,GUATAPE,4536956.74,GUATAPE
2026-02-12,GUATAPE,2600367.36,GUATAPE
2026-02-13,GUATAPE,2933967.12,GUATAPE
2026-02-14,GUATAPE,4569461.33,GUATAPE
2026-02-15,GUATAPE,5577103.68,GUATAPE
2026-02-16,GUATAPE,5688303.6,GUATAPE
2026-02-17,GUATAPE,6560795.28,GUATAPE
2026-02-18,GUATAPE,12813652.32,GUATAPE
2026-02-19,GUATAPE,6122838.67,GUATAPE
2026-02-20,GUATAPE,5132304.0,GUATAPE
2026-02-21,GUATAPE,6942296.54,GUATAPE
2026-02-22,GUATAPE,8880596.69,GUATAPE
2026-02-23,GUATAPE,9561482.35,GUATAPE
2026-02-24,GUATAPE,4889374.94,GUATAPE
2026-02-25,GUATAPE,4889374.94,GUATAPE
2026-02-26,GUATAPE,4713165.84,GUATAPE
2026-02-27,GUATAPE,4444575.26,GUATAPE
2026-02-28,GUATAPE,4461682.94,GUATAPE
2026-03-01,GUATAPE,3404428.32,GUATAPE
2026-03-02,GUATAPE,13583497.92,GUATAPE
2026-03-03,GUATAPE,3183739.25,GUATAPE
2026-03-04,GUATAPE,7128770.26,GUATAPE
2026-03-05,GUATAPE,3939898.7,GUATAPE
2026-03-06,GUATAPE,8194578.72,GUATAPE
2026-03-07,GUATAPE,8097064.94,GUATAPE
2026-03-08,GUATAPE,11504914.8,GUATAPE
2026-03-09,GUATAPE,5173362.43,GUATAPE
2026-03-10,GUATAPE,4528402.9,GUATAPE
2026-03-11,GUATAPE,4687504.32,GUATAPE
2026-03-12,GUATAPE,4032280.18,GUATAPE
2026-03-13,GUATAPE,3082803.94,GUATAPE
2026-03-14,GUATAPE,3554975.9,GUATAPE
2026-03-15,GUATAPE,3460883.66,GUATAPE
2026-03-16,GUATAPE,3936477.17,GUATAPE
2026-03-17,GUATAPE,4860291.89,GUATAPE
2026-03-18,GUATAPE,3204268.46,GUATAPE
2026-03-19,GUATAPE,3525892.85,GUATAPE
2026-03-20,GUATAPE,4266655.39,GUATAPE
2026-03-21,GUATAPE,3327443.76,GUATAPE
2026-03-22,GUATAPE,2901462.53,GUATAPE
2026-03-23,GUATAPE,3874889.52,GUATAPE
2026-03-24,GUATAPE,5518937.57,GUATAPE
2026-03-25,GUATAPE,4400095.3,GUATAPE
2026-03-26,GUATAPE,3823566.48,GUATAPE
2026-03-27,GUATAPE,5881620.38,GUATAPE
2026-03-28,GUATAPE,3712366.56,GUATAPE
2026-03-29,GUATAPE,6595010.64,GUATAPE
2026-03-30,GUATAPE,5419713.02,GUATAPE
2026-03-31,GUATAPE,5483011.44,GUATAPE
2026-04-01,GUATAPE,4807258.08,GUATAPE
2026-04-02,GUATAPE,5376943.82,GUATAPE
2026-04-03,GUATAPE,5298248.5,GUATAPE
2026-04-04,GUATAPE,7231416.34,GUATAPE
2026-04-05,GUATAPE,10372386.38,GUATAPE
2026-04-06,GUATAPE,4583147.47,GUATAPE
2026-04-07,GUATAPE,8906258.21,GUATAPE
2026-04-08,GUATAPE,19913339.52,GUATAPE
2026-04-09,GUATAPE,4889374.94,GUATAPE
2026-04-10,GUATAPE,4099000.13,GUATAPE
2026-04-11,GUATAPE,6473546.11,GUATAPE
2026-04-12,GUATAPE,4726851.98,GUATAPE
2026-04-13,GUATAPE,4268366.16,GUATAPE
2026-04-14,GUATAPE,3582348.19,GUATAPE
2026-04-15,GUATAPE,11357788.75,GUATAPE
2026-04-16,GUATAPE,19022029.39,GUATAPE
2026-04-17,GUATAPE,9484497.79,GUATAPE
2026-04-18,GUATAPE,4485633.7,GUATAPE
2026-04-19,GUATAPE,6237460.13,GUATAPE
2026-04-20,GUATAPE,6365767.73,GUATAPE
2026-04-21,GUATAPE,12153295.87,GUATAPE
2026-04-22,GUATAPE,6913213.49,GUATAPE
2026-04-23,GUATAPE,8550418.46,GUATAPE
2026-04-24,GUATAPE,13042895.23,GUATAPE
2026-04-25,GUATAPE,14618512.56,GUATAPE
2026-04-26,GUATAPE,12083154.38,GUATAPE
2026-04-27,GUATAPE,5435109.94,GUATAPE
2026-04-28,GUATAPE,10180780.37,GUATAPE
2026-04-29,GUATAPE,9583722.34,GUATAPE
2026-04-30,GUATAPE,5387208.43,GUATAPE
2026-05-01,GUATAPE,5354703.84,GUATAPE
2026-05-02,GUATAPE,7936252.75,GUATAPE
2026-05-03,GUATAPE,4186249.3,GUATAPE
2026-05-04,GUATAPE,4336796.88,GUATAPE
2026-05-05,GUATAPE,3305203.78,GUATAPE
2026-05-06,GUATAPE,4631048.98,GUATAPE
2026-05-07,GUATAPE,3803037.26,GUATAPE
2026-05-08,GUATAPE,2182939.97,GUATAPE
2026-05-09,GUATAPE,3575505.12,GUATAPE
2026-05-10,GUATAPE,5118617.86,GUATAPE
2026-05-11,GUATAPE,2980157.86,GUATAPE
2026-05-12,GUATAPE,3727763.47,GUATAPE
2026-05-13,GUATAPE,2316379.87,GUATAPE
2026-05-14,GUATAPE,2821056.43,GUATAPE
2026-05-15,GUATAPE,4215332.35,GUATAPE
2026-05-16,GUATAPE,7914012.77,GUATAPE
2026-05-17,GUATAPE,2377967.52,GUATAPE
2026-05-18,GUATAPE,3792772.66,GUATAPE
2026-05-19,GUATAPE,5445374.54,GUATAPE
2026-05-20,GUATAPE,2714988.82,GUATAPE
2026-05-21,GUATAPE,3876600.29,GUATAPE
2026-05-22,GUATAPE,3004108.61,GUATAPE
2026-05-23,GUATAPE,3756846.53,GUATAPE
2026-05-24,GUATAPE,5190470.11,GUATAPE
2026-05-25,GUATAPE,3185450.02,GUATAPE
2026-05-26,GUATAPE,3633671.23,GUATAPE
2026-05-27,GUATAPE,3828698.78,GUATAPE
2026-05-28,GUATAPE,3407849.86,GUATAPE
2026-05-29,GUATAPE,2256502.99,GUATAPE
2026-05-30,GUATAPE,3086225.47,GUATAPE
2026-05-31,GUATAPE,3204268.46,GUATAPE
2026-06-01,GUATAPE,4790150.4,GUATAPE
2026-06-02,GUATAPE,1809992.54,GUATAPE
2026-06-03,GUATAPE,4270076.93,GUATAPE
2026-06-04,GUATAPE,4270076.93,GUATAPE
2026-06-05,GUATAPE,8062849.58,GUATAPE
2026-06-06,GUATAPE,5315356.18,GUATAPE
2026-06-07,GUATAPE,10013125.1,GUATAPE
2026-06-08,GUATAPE,14149762.13,GUATAPE
2026-06-09,GUATAPE,7831895.9,GUATAPE
2026-06-10,GUATAPE,6995330.35,GUATAPE
2026-06-11,GUATAPE,3378766.8,GUATAPE
2026-06-12,GUATAPE,4523270.59,GUATAPE
2026-06-13,GUATAPE,4523270.59,GUATAPE
2026-06-14,GUATAPE,7426443.89,GUATAPE
2026-06-15,GUATAPE,2975025.55,GUATAPE
2026-06-16,GUATAPE,2747493.41,GUATAPE
2026-06-17,GUATAPE,3378766.8,GUATAPE
2026-06-18,GUATAPE,2964760.94,GUATAPE
2026-06-19,GUATAPE,10743623.04,GUATAPE
2026-06-20,GUATAPE,6333263.14,GUATAPE
2026-06-21,GUATAPE,13581787.15,GUATAPE
2026-06-22,GUATAPE,6399983.09,GUATAPE
2026-06-23,GUATAPE,14199374.4,GUATAPE
2026-06-24,GUATAPE,3712366.56,GUATAPE
2026-06-25,GUATAPE,6932031.94,GUATAPE
2026-06-26,GUATAPE,7334062.42,GUATAPE
2026-06-27,GUATAPE,6928610.4,GUATAPE
2026-06-28,GUATAPE,4348772.26,GUATAPE
2026-06-29,GUATAPE,2985290.16,GUATAPE
2026-06-30,GUATAPE,3019505.52,GUATAPE
2026-07-01,GUATAPE,2011863.17,GUATAPE
2026-07-02,GUATAPE,2203469.18,GUATAPE
2026-07-03,GUATAPE,2008441.63,GUATAPE
2026-07-04,GUATAPE,1746694.13,GUATAPE
2026-07-05,GUATAPE,2410472.11,GUATAPE
2026-07-06,GUATAPE,2927124.05,GUATAPE
2026-07-07,GUATAPE,2170964.59,GUATAPE
2026-07-08,GUATAPE,1840786.37,GUATAPE
2026-07-09,GUATAPE,3010951.68,GUATAPE
2026-07-10,GUATAPE,1989623.18,GUATAPE
2026-07-11,GUATAPE,2377967.52,GUATAPE
2026-07-12,GUATAPE,3166631.57,GUATAPE
2026-07-13,GUATAPE,2347173.7,GUATAPE
2026-07-14,GUATAPE,2797105.68,GUATAPE
2026-07-15,GUATAPE,1563641.95,GUATAPE
2026-07-16,GUATAPE,2655111.94,GUATAPE
2026-07-17,GUATAPE,1524294.29,GUATAPE
2026-07-18,GUATAPE,1481525.09,GUATAPE
2026-07-19,GUATAPE,1852761.74,GUATAPE
2026-07-20,GUATAPE,3919369.49,GUATAPE
2026-07-21,GUATAPE,3342840.67,GUATAPE
2026-07-22,GUATAPE,1721032.61,GUATAPE
2026-07-23,GUATAPE,8324597.09,GUATAPE
2026-07-24,GUATAPE,4545510.58,GUATAPE
2026-07-25,GUATAPE,2581548.91,GUATAPE
2026-07-26,GUATAPE,4993731.79,GUATAPE
2026-07-27,GUATAPE,3630249.7,GUATAPE
2026-07-28,GUATAPE,1195826.83,GUATAPE
2026-07-29,GUATAPE,5299959.26,GUATAPE
2026-07-30,GUATAPE,1876712.5,GUATAPE
2026-07-31,GUATAPE,1709057.23,GUATAPE
2026-08-01,GUATAPE,1579038.86,GUATAPE
2026-08-02,GUATAPE,2732096.5,GUATAPE
2026-08-03,GUATAPE,1657734.19,GUATAPE
2026-08-04,GUATAPE,2660244.24,GUATAPE
2026-08-05,GUATAPE,3394163.71,GUATAPE
2026-08-06,GUATAPE,2803102.85,GUATAPE
2026-08-07,GUATAPE,2719249.34,GUATAPE
2026-08-08,GUATAPE,2871554.69,GUATAPE
2026-08-09,GUATAPE,5873167.87,GUATAPE
2026-08-10,GUATAPE,2233241.28,GUATAPE
2026-08-11,GUATAPE,3025571.33,GUATAPE
2026-08-12,GUATAPE,2827060.99,GUATAPE
2026-08-13,GUATAPE,2710692.86,GUATAPE
2026-08-14,GUATAPE,1771191.36,GUATAPE
2026-08-15,GUATAPE,2886956.35,GUATAPE
2026-08-16,GUATAPE,6049431.36,GUATAPE
2026-08-17,GUATAPE,8162881.92,GUATAPE
2026-08-18,GUATAPE,2519027.71,GUATAPE
2026-08-19,GUATAPE,4553758.66,GUATAPE
2026-08-20,GUATAPE,1760923.58,GUATAPE
2026-08-21,GUATAPE,2748341.38,GUATAPE
2026-08-22,GUATAPE,2094626.3,GUATAPE
2026-08-23,GUATAPE,2342764.22,GUATAPE
2026-08-24,GUATAPE,3638215.3,GUATAPE
2026-08-25,GUATAPE,1613752.13,GUATAPE
2026-08-26,GUATAPE,2419772.54,GUATAPE
2026-08-27,GUATAPE,2378701.44,GUATAPE
2026-08-28,GUATAPE,6256498.18,GUATAPE
2026-08-29,GUATAPE,8376793.92,GUATAPE
2026-08-30,GUATAPE,5731130.3,GUATAPE
2026-08-31,GUATAPE,2876688.58,GUATAPE
2026-09-01,GUATAPE,6639828.48,GUATAPE
2026-09-02,GUATAPE,19029611.52,GUATAPE
2026-09-03,GUATAPE,2886956.35,GUATAPE
2026-09-04,GUATAPE,4098553.92,GUATAPE
2026-09-05,GUATAPE,3961650.24,GUATAPE
2026-09-06,GUATAPE,2157944.26,GUATAPE
2026-09-07,GUATAPE,1817396.35,GUATAPE
2026-09-08,GUATAPE,1432354.75,GUATAPE
2026-09-09,GUATAPE,3492755.14,GUATAPE
2026-09-10,GUATAPE,6848606.59,GUATAPE
2026-09-11,GUATAPE,21297078.72,GUATAPE
2026-09-12,GUATAPE,4062616.7,GUATAPE
2000-01-01,NARE,14130700.0,NARE
2000-01-02,NARE,14182600.0,NARE
2000-01-03,NARE,13383700.0,NARE
2000-01-04,NARE,14224800.0,NARE
2000-01-05,NARE,13192100.0,NARE
2000-01-06,NARE,14741200.0,NARE
2000-01-07,NARE,13091400.0,NARE
2000-01-08,NARE,17414100.0,NARE
2000-01-09,NARE,16975600.0,NARE
2000-01-10,NARE,13906600.0,NARE
2000-01-11,NARE,15085500.0,NARE
2000-01-12,NARE,13630500.0,NARE
2000-01-13,NARE,10343900.0,NARE
2000-01-14,NARE,12328200.0,NARE
2000-01-15,NARE,10369800.0,NARE
2000-01-16,NARE,12354200.0,NARE
2000-01-17,NARE,8138700.0,NARE
2000-01-18,NARE,10593900.0,NARE
2000-01-19,NARE,7248800.0,NARE
2000-01-20,NARE,12682200.0,NARE
2000-01-21,NARE,23665800.0,NARE
2000-01-22,NARE,19041100.0,NARE
2000-01-23,NARE,10269200.0,NARE
2000-01-24,NARE,11094100.0,NARE
2000-01-25,NARE,7856100.0,NARE
2000-01-26,NARE,12253500.0,NARE
2000-01-27,NARE,8625800.0,NARE
2000-01-28,NARE,9109700.0,NARE
2000-01-29,NARE,8637900.0,NARE
2000-01-30,NARE,11824800.0,NARE
2000-01-31,NARE,18982700.0,NARE
2000-02-01,NARE,17966200.0,NARE
2000-02-02,NARE,20567600.0,NARE
2000-02-03,NARE,36581900.0,NARE
2000-02-04,NARE,21147900.0,NARE
2000-02-05,NARE,14776900.0,NARE
2000-02-06,NARE,17034100.0,NARE
2000-02-07,NARE,20168400.0,NARE
2000-02-08,NARE,12308700.0,NARE
2000-02-09,NARE,12081400.0,NARE
2000-02-10,NARE,12081400.0,NARE
2000-02-11,NARE,8726500.0,NARE
2000-02-12,NARE,7628800.0,NARE
2000-02-13,NARE,8453700.0,NARE
2000-02-14,NARE,9015600.0,NARE
2000-02-15,NARE,9139000.0,NARE
2000-02-16,NARE,9570900.0,NARE
2000-02-17,NARE,13179100.0,NARE
2000-02-18,NARE,12942000.0,NARE
2000-02-19,NARE,10317900.0,NARE
2000-02-20,NARE,9129200.0,NARE
2000-02-21,NARE,11071300.0,NARE
2000-02-22,NARE,7424200.0,NARE
2000-02-23,NARE,11181800.0,NARE
2000-02-24,NARE,14260600.0,NARE
2000-02-25,NARE,12490600.0,NARE
2000-02-26,NARE,14793200.0,NARE
2000-02-27,NARE,14185900.0,NARE
2000-02-28,NARE,16897700.0,NARE
2000-02-29,NARE,20060900.0,NARE
2000-03-01,NARE,25848300.0,NARE
2000-03-02,NARE,29160900.0,NARE
2000-03-03,NARE,43785200.0,NARE
2000-03-04,NARE,27179800.0,NARE
2000-03-05,NARE,21447700.0,NARE
2000-03-06,NARE,23786000.0,NARE
2000-03-07,NARE,25046100.0,NARE
2000-03-08,NARE,16128000.0,NARE
2000-03-09,NARE,13948800.0,NARE
2000-03-10,NARE,10753100.0,NARE
2000-03-11,NARE,10464000.0,NARE
2000-03-12,NARE,25754100.0,NARE
2000-03-13,NARE,14815900.0,NARE
2000-03-14,NARE,10870000.0,NARE
2000-03-15,NARE,12773100.0,NARE
2000-03-16,NARE,12373700.0,NARE
2000-03-17,NARE,11769600.0,NARE
2000-03-18,NARE,12802400.0,NARE
2000-03-19,NARE,8161400.0,NARE
2000-03-20,NARE,7424200.0,NARE
2000-03-21,NARE,9184400.0,NARE
2000-03-22,NARE,8375800.0,NARE
2000-03-23,NARE,6998800.0,NARE
2000-03-24,NARE,16095500.0,NARE
2000-03-25,NARE,7947100.0,NARE
2000-03-26,NARE,16894400.0,NARE
2000-03-27,NARE,16618400.0,NARE
2000-03-28,NARE,12081400.0,NARE
2000-03-29,NARE,17391300.0,NARE
2000-03-30,NARE,19937500.0,NARE
2000-03-31,NARE,10580900.0,NARE
2000-04-01,NARE,6985800.0,NARE
2000-04-02,NARE,11831300.0,NARE
2000-04-03,NARE,19677700.0,NARE
2000-04-04,NARE,16316300.0,NARE
2000-04-05,NARE,12032700.0,NARE
2000-04-06,NARE,20833900.0,NARE
2000-04-07,NARE,29274600.0,NARE
2000-04-08,NARE,13260300.0,NARE
2000-04-09,NARE,14893900.0,NARE
2000-04-10,NARE,9619600.0,NARE
2000-04-11,NARE,14072200.0,NARE
2000-04-12,NARE,14364500.0,NARE
2000-04-13,NARE,15105000.0,NARE
2000-04-14,NARE,20398700.0,NARE
2000-04-15,NARE,21389200.0,NARE
2000-04-16,NARE,23104000.0,NARE
2000-04-17,NARE,20353200.0,NARE
2000-04-18,NARE,15683000.0,NARE
2000-04-19,NARE,15355000.0,NARE
2000-04-20,NARE,16550200.0,NARE
2000-04-21,NARE,9135700.0,NARE
2000-04-22,NARE,27715700.0,NARE
2000-04-23,NARE,12185300.0,NARE
2000-04-24,NARE,28345800.0,NARE
2000-04-25,NARE,20369400.0,NARE
2000-04-26,NARE,17092500.0,NARE
2000-04-27,NARE,13643500.0,NARE
2000-04-28,NARE,11097300.0,NARE
2000-04-29,NARE,20473400.0,NARE
2000-04-30,NARE,12630200.0,NARE
2000-05-01,NARE,11818300.0,NARE
2000-05-02,NARE,13568800.0,NARE
2000-05-03,NARE,33058100.0,NARE
2000-05-04,NARE,21824400.0,NARE
2000-05-05,NARE,24227700.0,NARE
2000-05-06,NARE,30018300.0,NARE
2000-05-07,NARE,29365500.0,NARE
2000-05-08,NARE,24909700.0,NARE
2000-05-09,NARE,16167000.0,NARE
2000-05-10,NARE,13065400.0,NARE
2000-05-11,NARE,16115000.0,NARE
2000-05-12,NARE,15247900.0,NARE
2000-05-13,NARE,30170900.0,NARE
2000-05-14,NARE,29092700.0,NARE
2000-05-15,NARE,33665500.0,NARE
2000-05-16,NARE,31210200.0,NARE
2000-05-17,NARE,30599600.0,NARE
2000-05-18,NARE,37166400.0,NARE
2000-05-19,NARE,32359900.0,NARE
2000-05-20,NARE,35062000.0,NARE
2000-05-21,NARE,25637200.0,NARE
2000-05-22,NARE,22899400.0,NARE
2000-05-23,NARE,26345200.0,NARE
2000-05-24,NARE,27231800.0,NARE
2000-05-25,NARE,30125500.0,NARE
2000-05-26,NARE,28664000.0,NARE
2000-05-27,NARE,30028000.0,NARE
2000-05-28,NARE,37663300.0,NARE
2000-05-29,NARE,27702700.0,NARE
2000-05-30,NARE,30235900.0,NARE
2000-05-31,NARE,34695000.0,NARE
2000-06-01,NARE,34954800.0,NARE
2000-06-02,NARE,36627300.0,NARE
2000-06-03,NARE,28323000.0,NARE
2000-06-04,NARE,31999400.0,NARE
2000-06-05,NARE,24120500.0,NARE
2000-06-06,NARE,33210800.0,NARE
2000-06-07,NARE,21171600.0,NARE
2000-06-08,NARE,19219800.0,NARE
2000-06-09,NARE,17540700.0,NARE
2000-06-10,NARE,20437700.0,NARE
2000-06-11,NARE,15569400.0,NARE
2000-06-12,NARE,17927200.0,NARE
2000-06-13,NARE,22957800.0,NARE
2000-06-14,NARE,34779400.0,NARE
2000-06-15,NARE,28423700.0,NARE
2000-06-16,NARE,57272800.0,NARE
2000-06-17,NARE,53427600.0,NARE
2000-06-18,NARE,37708800.0,NARE
2000-06-19,NARE,31184200.0,NARE
2000-06-20,NARE,27546800.0,NARE
2000-06-21,NARE,30846500.0,NARE
2000-06-22,NARE,55275500.0,NARE
2000-06-23,NARE,47763600.0,NARE
2000-06-24,NARE,70461700.0,NARE
2000-06-25,NARE,53541300.0,NARE
2000-06-26,NARE,38199200.0,NARE
2000-06-27,NARE,49497900.0,NARE
2000-06-28,NARE,33301700.0,NARE
2000-06-29,NARE,23425500.0,NARE
2000-06-30,NARE,38985200.0,NARE
2000-07-01,NARE,44655600.0,NARE
2000-07-02,NARE,37299600.0,NARE
2000-07-03,NARE,37384000.0,NARE
2000-07-04,NARE,29375300.0,NARE
2000-07-05,NARE,26153600.0,NARE
2000-07-06,NARE,29450000.0,NARE
2000-07-07,NARE,40021200.0,NARE
2000-07-08,NARE,29514900.0,NARE
2000-07-09,NARE,25361100.0,NARE
2000-07-10,NARE,22662300.0,NARE
2000-07-11,NARE,17365300.0,NARE
2000-07-12,NARE,22587600.0,NARE
2000-07-13,NARE,26624500.0,NARE
2000-07-14,NARE,24669400.0,NARE
2000-07-15,NARE,21187900.0,NARE
2000-07-16,NARE,28209300.0,NARE
2000-07-17,NARE,42720000.0,NARE
2000-07-18,NARE,30323600.0,NARE
2000-07-19,NARE,23386500.0,NARE
2000-07-20,NARE,20583800.0,NARE
2000-07-21,NARE,23497000.0,NARE
2000-07-22,NARE,20629300.0,NARE
2000-07-23,NARE,18661200.0,NARE
2000-07-24,NARE,29336300.0,NARE
2000-07-25,NARE,34392900.0,NARE
2000-07-26,NARE,32584000.0,NARE
2000-07-27,NARE,21217100.0,NARE
2000-07-28,NARE,26877800.0,NARE
2000-07-29,NARE,26981700.0,NARE
2000-07-30,NARE,31486300.0,NARE
2000-07-31,NARE,29381800.0,NARE
2000-08-01,NARE,20249300.0,NARE
2000-08-02,NARE,37280100.0,NARE
2000-08-03,NARE,47604500.0,NARE
2000-08-04,NARE,40550500.0,NARE
2000-08-05,NARE,32408600.0,NARE
2000-08-06,NARE,33636200.0,NARE
2000-08-07,NARE,29063500.0,NARE
2000-08-08,NARE,26426400.0,NARE
2000-08-09,NARE,29121900.0,NARE
2000-08-10,NARE,28290500.0,NARE
2000-08-11,NARE,22535700.0,NARE
2000-08-12,NARE,17738800.0,NARE
2000-08-13,NARE,18648200.0,NARE
2000-08-14,NARE,23250100.0,NARE
2000-08-15,NARE,46532800.0,NARE
2000-08-16,NARE,27845600.0,NARE
2000-08-17,NARE,18982700.0,NARE
2000-08-18,NARE,16618400.0,NARE
2000-08-19,NARE,14046200.0,NARE
2000-08-20,NARE,15832400.0,NARE
2000-08-21,NARE,12594500.0,NARE
2000-08-22,NARE,11418800.0,NARE
2000-08-23,NARE,13097900.0,NARE
2000-08-24,NARE,14744500.0,NARE
2000-08-25,NARE,26773900.0,NARE
2000-08-26,NARE,18654700.0,NARE
2000-08-27,NARE,11987200.0,NARE
2000-08-28,NARE,19330200.0,NARE
2000-08-29,NARE,37575700.0,NARE
2000-08-30,NARE,18024600.0,NARE
2000-08-31,NARE,29804000.0,NARE
2000-09-01,NARE,20856600.0,NARE
2000-09-02,NARE,26835600.0,NARE
2000-09-03,NARE,32642400.0,NARE
2000-09-04,NARE,50293600.0,NARE
2000-09-05,NARE,41128600.0,NARE
2000-09-06,NARE,34750200.0,NARE
2000-09-07,NARE,36893600.0,NARE
2000-09-08,NARE,30434000.0,NARE
2000-09-09,NARE,40027700.0,NARE
2000-09-10,NARE,48828900.0,NARE
2000-09-11,NARE,35403000.0,NARE
2000-09-12,NARE,32717100.0,NARE
2000-09-13,NARE,32473600.0,NARE
2000-09-14,NARE,28420400.0,NARE
2000-09-15,NARE,30866000.0,NARE
2000-09-16,NARE,37160000.0,NARE
2000-09-17,NARE,37591900.0,NARE
2000-09-18,NARE,27059700.0,NARE
2000-09-19,NARE,25195500.0,NARE
2000-09-20,NARE,26608200.0,NARE
2000-09-21,NARE,33727200.0,NARE
2000-09-22,NARE,28384700.0,NARE
2000-09-23,NARE,28170400.0,NARE
2000-09-24,NARE,30015100.0,NARE
2000-09-25,NARE,28060000.0,NARE
2000-09-26,NARE,23052000.0,NARE
2000-09-27,NARE,28410700.0,NARE
2000-09-28,NARE,27316200.0,NARE
2000-09-29,NARE,32051400.0,NARE
2000-09-30,NARE,36266800.0,NARE
2000-10-01,NARE,36588400.0,NARE
2000-10-02,NARE,52625400.0,NARE
2000-10-03,NARE,54064100.0,NARE
2000-10-04,NARE,44853700.0,NARE
2000-10-05,NARE,37293100.0,NARE
2000-10-06,NARE,29242100.0,NARE
2000-10-07,NARE,33084100.0,NARE
2000-10-08,NARE,26708900.0,NARE
2000-10-09,NARE,27511100.0,NARE
2000-10-10,NARE,23552200.0,NARE
2000-10-11,NARE,31265400.0,NARE
2000-10-12,NARE,25241000.0,NARE
2000-10-13,NARE,27878100.0,NARE
2000-10-14,NARE,25302700.0,NARE
2000-10-15,NARE,19957000.0,NARE
2000-10-16,NARE,17625200.0,NARE
2000-10-17,NARE,18057100.0,NARE
2000-10-18,NARE,22590900.0,NARE
2000-10-19,NARE,18138300.0,NARE
2000-10-20,NARE,19758900.0,NARE
2000-10-21,NARE,17420600.0,NARE
2000-10-22,NARE,19291200.0,NARE
2000-10-23,NARE,23922400.0,NARE
2000-10-24,NARE,15663600.0,NARE
2000-10-25,NARE,18089600.0,NARE
2000-10-26,NARE,21665300.0,NARE
2000-10-27,NARE,36604600.0,NARE
2000-10-28,NARE,22789000.0,NARE
2000-10-29,NARE,21265800.0,NARE
2000-10-30,NARE,32652200.0,NARE
2000-10-31,NARE,24841500.0,NARE
2000-11-01,NARE,45103800.0,NARE
2000-11-02,NARE,34503400.0,NARE
2000-11-03,NARE,27894300.0,NARE
2000-11-04,NARE,23747000.0,NARE
2000-11-05,NARE,20593500.0,NARE
2000-11-06,NARE,23724300.0,NARE
2000-11-07,NARE,22789000.0,NARE
2000-11-08,NARE,17677100.0,NARE
2000-11-09,NARE,17985700.0,NARE
2000-11-10,NARE,23123500.0,NARE
2000-11-11,NARE,24474500.0,NARE
2000-11-12,NARE,22012800.0,NARE
2000-11-13,NARE,20720200.0,NARE
2000-11-14,NARE,18294200.0,NARE
2000-11-15,NARE,17183500.0,NARE
2000-11-16,NARE,15270600.0,NARE
2000-11-17,NARE,24640100.0,NARE
2000-11-18,NARE,24617400.0,NARE
2000-11-19,NARE,20531800.0,NARE
2000-11-20,NARE,16361800.0,NARE
2000-11-21,NARE,13218100.0,NARE
2000-11-22,NARE,14351500.0,NARE
2000-11-23,NARE,22142700.0,NARE
2000-11-24,NARE,12688700.0,NARE
2000-11-25,NARE,11672200.0,NARE
2000-11-26,NARE,11578000.0,NARE
2000-11-27,NARE,18661200.0,NARE
2000-11-28,NARE,17053600.0,NARE
2000-11-29,NARE,14039700.0,NARE
2000-11-30,NARE,11402600.0,NARE
2000-12-01,NARE,11802100.0,NARE
2000-12-02,NARE,10223700.0,NARE
2000-12-03,NARE,11854000.0,NARE
2000-12-04,NARE,12393100.0,NARE
2000-12-05,NARE,14065700.0,NARE
2000-12-06,NARE,11860500.0,NARE
2000-12-07,NARE,14124200.0,NARE
2000-12-08,NARE,11142800.0,NARE
2000-12-09,NARE,8749200.0,NARE
2000-12-10,NARE,13429200.0,NARE
2000-12-11,NARE,15095200.0,NARE
2000-12-12,NARE,11373400.0,NARE
2000-12-13,NARE,10493300.0,NARE
2000-12-14,NARE,13669500.0,NARE
2000-12-15,NARE,12864100.0,NARE
2000-12-16,NARE,15179700.0,NARE
2000-12-17,NARE,10714100.0,NARE
2000-12-18,NARE,9710600.0,NARE
2000-12-19,NARE,11730600.0,NARE
2000-12-20,NARE,13240800.0,NARE
2000-12-21,NARE,9044800.0,NARE
2000-12-22,NARE,10275700.0,NARE
2000-12-23,NARE,10139300.0,NARE
2000-12-24,NARE,15959100.0,NARE
2000-12-25,NARE,14017000.0,NARE
2000-12-26,NARE,12893300.0,NARE
2000-12-27,NARE,13123900.0,NARE
2000-12-28,NARE,16735300.0,NARE
2000-12-29,NARE,22249900.0,NARE
2000-12-30,NARE,16530700.0,NARE
2000-12-31,NARE,11386400.0,NARE
2001-01-01,NARE,11298700.0,NARE
2001-01-02,NARE,10525700.0,NARE
2001-01-03,NARE,8898600.0,NARE
2001-01-04,NARE,7732700.0,NARE
2001-01-05,NARE,10749800.0,NARE
2001-01-06,NARE,11584500.0,NARE
2001-01-07,NARE,7115700.0,NARE
2001-01-08,NARE,8937600.0,NARE
2001-01-09,NARE,6664200.0,NARE
2001-01-10,NARE,10386100.0,NARE
2001-01-11,NARE,10412100.0,NARE
2001-01-12,NARE,10564700.0,NARE
2001-01-13,NARE,8021800.0,NARE
2001-01-14,NARE,9343600.0,NARE
2001-01-15,NARE,5348900.0,NARE
2001-01-16,NARE,9665100.0,NARE
2001-01-17,NARE,8021800.0,NARE
2001-01-18,NARE,10743300.0,NARE
2001-01-19,NARE,7924300.0,NARE
2001-01-20,NARE,26085400.0,NARE
2001-01-21,NARE,15147200.0,NARE
2001-01-22,NARE,10516000.0,NARE
2001-01-23,NARE,12042400.0,NARE
2001-01-24,NARE,24763600.0,NARE
2001-01-25,NARE,29943600.0,NARE
2001-01-26,NARE,11980700.0,NARE
2001-01-27,NARE,6170600.0,NARE
2001-01-28,NARE,8346500.0,NARE
2001-01-29,NARE,5940000.0,NARE
2001-01-30,NARE,8203600.0,NARE
2001-01-31,NARE,5514600.0,NARE
2001-02-01,NARE,6053700.0,NARE
2001-02-02,NARE,12331400.0,NARE
2001-02-03,NARE,6040700.0,NARE
2001-02-04,NARE,6030900.0,NARE
2001-02-05,NARE,6329700.0,NARE
2001-02-06,NARE,5826300.0,NARE
2001-02-07,NARE,5053400.0,NARE
2001-02-08,NARE,3965400.0,NARE
2001-02-09,NARE,6144600.0,NARE
2001-02-10,NARE,12107400.0,NARE
2001-02-11,NARE,4066100.0,NARE
2001-02-12,NARE,7271600.0,NARE
2001-02-13,NARE,4686400.0,NARE
2001-02-14,NARE,6790900.0,NARE
2001-02-15,NARE,12328200.0,NARE
2001-02-16,NARE,5063100.0,NARE
2001-02-17,NARE,18420800.0,NARE
2001-02-18,NARE,12925800.0,NARE
2001-02-19,NARE,12903000.0,NARE
2001-02-20,NARE,15507700.0,NARE
2001-02-21,NARE,11996900.0,NARE
2001-02-22,NARE,8840200.0,NARE
2001-02-23,NARE,5745100.0,NARE
2001-02-24,NARE,7541100.0,NARE
2001-02-25,NARE,7872400.0,NARE
2001-02-26,NARE,9967100.0,NARE
2001-02-27,NARE,9346800.0,NARE
2001-02-28,NARE,6803900.0,NARE
2001-03-01,NARE,14861400.0,NARE
2001-03-02,NARE,13939000.0,NARE
2001-03-03,NARE,13747400.0,NARE
2001-03-04,NARE,15647300.0,NARE
2001-03-05,NARE,18930700.0,NARE
2001-03-06,NARE,17781000.0,NARE
2001-03-07,NARE,22210900.0,NARE
2001-03-08,NARE,6998800.0,NARE
2001-03-09,NARE,4731900.0,NARE
2001-03-10,NARE,2734500.0,NARE
2001-03-11,NARE,4283700.0,NARE
2001-03-12,NARE,4108300.0,NARE
2001-03-13,NARE,5907500.0,NARE
2001-03-14,NARE,2568900.0,NARE
2001-03-15,NARE,8080200.0,NARE
2001-03-16,NARE,4494800.0,NARE
2001-03-17,NARE,8330300.0,NARE
2001-03-18,NARE,9285100.0,NARE
2001-03-19,NARE,17008100.0,NARE
2001-03-20,NARE,20307700.0,NARE
2001-03-21,NARE,19434100.0,NARE
2001-03-22,NARE,13744200.0,NARE
2001-03-23,NARE,15423200.0,NARE
2001-03-24,NARE,15413500.0,NARE
2001-03-25,NARE,8340000.0,NARE
2001-03-26,NARE,12935500.0,NARE
2001-03-27,NARE,6388200.0,NARE
2001-03-28,NARE,9022100.0,NARE
2001-03-29,NARE,12773100.0,NARE
2001-03-30,NARE,20678000.0,NARE
2001-03-31,NARE,19752400.0,NARE
2001-04-01,NARE,10243200.0,NARE
2001-04-02,NARE,8080200.0,NARE
2001-04-03,NARE,12636700.0,NARE
2001-04-04,NARE,9411800.0,NARE
2001-04-05,NARE,6989000.0,NARE
2001-04-06,NARE,5884800.0,NARE
2001-04-07,NARE,8703800.0,NARE
2001-04-08,NARE,7856100.0,NARE
2001-04-09,NARE,11529300.0,NARE
2001-04-10,NARE,11431800.0,NARE
2001-04-11,NARE,6024400.0,NARE
2001-04-12,NARE,24792800.0,NARE
2001-04-13,NARE,15559600.0,NARE
2001-04-14,NARE,9681300.0,NARE
2001-04-15,NARE,11951500.0,NARE
2001-04-16,NARE,10610200.0,NARE
2001-04-17,NARE,12617200.0,NARE
2001-04-18,NARE,9389000.0,NARE
2001-04-19,NARE,14367700.0,NARE
2001-04-20,NARE,10681600.0,NARE
2001-04-21,NARE,8775200.0,NARE
2001-04-22,NARE,8034800.0,NARE
2001-04-23,NARE,6371900.0,NARE
2001-04-24,NARE,13805900.0,NARE
2001-04-25,NARE,9194200.0,NARE
2001-04-26,NARE,7297500.0,NARE
2001-04-27,NARE,7872400.0,NARE
2001-04-28,NARE,5673700.0,NARE
2001-04-29,NARE,10350400.0,NARE
2001-04-30,NARE,16959400.0,NARE
2001-05-01,NARE,8057500.0,NARE
2001-05-02,NARE,6355700.0,NARE
2001-05-03,NARE,18869000.0,NARE
2001-05-04,NARE,10379600.0,NARE
2001-05-05,NARE,6277800.0,NARE
2001-05-06,NARE,8463500.0,NARE
2001-05-07,NARE,8414700.0,NARE
2001-05-08,NARE,18131800.0,NARE
2001-05-09,NARE,12506800.0,NARE
2001-05-10,NARE,15335500.0,NARE
2001-05-11,NARE,12068400.0,NARE
2001-05-12,NARE,7151400.0,NARE
2001-05-13,NARE,13442100.0,NARE
2001-05-14,NARE,20801400.0,NARE
2001-05-15,NARE,25406600.0,NARE
2001-05-16,NARE,24623900.0,NARE
2001-05-17,NARE,10720600.0,NARE
2001-05-18,NARE,19463300.0,NARE
2001-05-19,NARE,15140700.0,NARE
2001-05-20,NARE,8346500.0,NARE
2001-05-21,NARE,22168700.0,NARE
2001-05-22,NARE,22532400.0,NARE
2001-05-23,NARE,13594800.0,NARE
2001-05-24,NARE,13526600.0,NARE
2001-05-25,NARE,19723200.0,NARE
2001-05-26,NARE,21837400.0,NARE
2001-05-27,NARE,17332900.0,NARE
2001-05-28,NARE,26316000.0,NARE
2001-05-29,NARE,17524500.0,NARE
2001-05-30,NARE,10934900.0,NARE
2001-05-31,NARE,8801200.0,NARE
2001-06-01,NARE,13549300.0,NARE
2001-06-02,NARE,12386700.0,NARE
2001-06-03,NARE,9155200.0,NARE
2001-06-04,NARE,27153900.0,NARE
2001-06-05,NARE,20249300.0,NARE
2001-06-06,NARE,13279800.0,NARE
2001-06-07,NARE,11428600.0,NARE
2001-06-08,NARE,24523200.0,NARE
2001-06-09,NARE,24659600.0,NARE
2001-06-10,NARE,13250500.0,NARE
2001-06-11,NARE,9830700.0,NARE
2001-06-12,NARE,19849800.0,NARE
2001-06-13,NARE,8492700.0,NARE
2001-06-14,NARE,13065400.0,NARE
2001-06-15,NARE,17660900.0,NARE
2001-06-16,NARE,8499200.0,NARE
2001-06-17,NARE,17599200.0,NARE
2001-06-18,NARE,16819700.0,NARE
2001-06-19,NARE,22879900.0,NARE
2001-06-20,NARE,13084900.0,NARE
2001-06-21,NARE,8622600.0,NARE
2001-06-22,NARE,8499200.0,NARE
2001-06-23,NARE,6268000.0,NARE
2001-06-24,NARE,8512200.0,NARE
2001-06-25,NARE,3894000.0,NARE
2001-06-26,NARE,6258300.0,NARE
2001-06-27,NARE,5072900.0,NARE
2001-06-28,NARE,8424500.0,NARE
2001-06-29,NARE,4900700.0,NARE
2001-06-30,NARE,8775200.0,NARE
2001-07-01,NARE,3975200.0,NARE
2001-07-02,NARE,9723600.0,NARE
2001-07-03,NARE,6459600.0,NARE
2001-07-04,NARE,4296700.0,NARE
2001-07-05,NARE,4731900.0,NARE
2001-07-06,NARE,10168500.0,NARE
2001-07-07,NARE,5199500.0,NARE
2001-07-08,NARE,14864600.0,NARE
2001-07-09,NARE,18232500.0,NARE
2001-07-10,NARE,15624600.0,NARE
2001-07-11,NARE,15686300.0,NARE
2001-07-12,NARE,22454500.0,NARE
2001-07-13,NARE,10629700.0,NARE
2001-07-14,NARE,12815300.0,NARE
2001-07-15,NARE,22249900.0,NARE
2001-07-16,NARE,27108400.0,NARE
2001-07-17,NARE,8749200.0,NARE
2001-07-18,NARE,15611600.0,NARE
2001-07-19,NARE,12500300.0,NARE
2001-07-20,NARE,23097500.0,NARE
2001-07-21,NARE,18157800.0,NARE
2001-07-22,NARE,25036400.0,NARE
2001-07-23,NARE,13507100.0,NARE
2001-07-24,NARE,7557400.0,NARE
2001-07-25,NARE,9963900.0,NARE
2001-07-26,NARE,13179100.0,NARE
2001-07-27,NARE,19879000.0,NARE
2001-07-28,NARE,29972800.0,NARE
2001-07-29,NARE,15433000.0,NARE
2001-07-30,NARE,8593400.0,NARE
2001-07-31,NARE,11945000.0,NARE
2001-08-01,NARE,11945000.0,NARE
2001-08-02,NARE,7904900.0,NARE
2001-08-03,NARE,7950300.0,NARE
2001-08-04,NARE,8291300.0,NARE
2001-08-05,NARE,7323500.0,NARE
2001-08-06,NARE,6505100.0,NARE
2001-08-07,NARE,6534300.0,NARE
2001-08-08,NARE,5157300.0,NARE
2001-08-09,NARE,7008500.0,NARE
2001-08-10,NARE,5491800.0,NARE
2001-08-11,NARE,7011700.0,NARE
2001-08-12,NARE,3660100.0,NARE
2001-08-13,NARE,7654800.0,NARE
2001-08-14,NARE,4878000.0,NARE
2001-08-15,NARE,4072600.0,NARE
2001-08-16,NARE,5962700.0,NARE
2001-08-17,NARE,4429800.0,NARE
2001-08-18,NARE,4335700.0,NARE
2001-08-19,NARE,4611700.0,NARE
2001-08-20,NARE,3984900.0,NARE
2001-08-21,NARE,5404100.0,NARE
2001-08-22,NARE,4329200.0,NARE
2001-08-23,NARE,5527600.0,NARE
2001-08-24,NARE,7547600.0,NARE
2001-08-25,NARE,17959700.0,NARE
2001-08-26,NARE,12578300.0,NARE
2001-08-27,NARE,11996900.0,NARE
2001-08-28,NARE,5423600.0,NARE
2001-08-29,NARE,4878000.0,NARE
2001-08-30,NARE,5280700.0,NARE
2001-08-31,NARE,5280700.0,NARE
2001-09-01,NARE,3221700.0,NARE
2001-09-02,NARE,12048900.0,NARE
2001-09-03,NARE,6089400.0,NARE
2001-09-04,NARE,7807400.0,NARE
2001-09-05,NARE,9223400.0,NARE
2001-09-06,NARE,5839300.0,NARE
2001-09-07,NARE,7440400.0,NARE
2001-09-08,NARE,7843100.0,NARE
2001-09-09,NARE,8836900.0,NARE
2001-09-10,NARE,17073100.0,NARE
2001-09-11,NARE,12065100.0,NARE
2001-09-12,NARE,11493500.0,NARE
2001-09-13,NARE,8937600.0,NARE
2001-09-14,NARE,16446300.0,NARE
2001-09-15,NARE,22564900.0,NARE
2001-09-16,NARE,16215700.0,NARE
2001-09-17,NARE,15182900.0,NARE
2001-09-18,NARE,8590100.0,NARE
2001-09-19,NARE,17615400.0,NARE
2001-09-20,NARE,13484400.0,NARE
2001-09-21,NARE,11720900.0,NARE
2001-09-22,NARE,11064800.0,NARE
2001-09-23,NARE,17946700.0,NARE
2001-09-24,NARE,22704500.0,NARE
2001-09-25,NARE,11266200.0,NARE
2001-09-26,NARE,13406400.0,NARE
2001-09-27,NARE,11136300.0,NARE
2001-09-28,NARE,8944100.0,NARE
2001-09-29,NARE,6534300.0,NARE
2001-09-30,NARE,8827200.0,NARE
2001-10-01,NARE,11142800.0,NARE
2001-10-02,NARE,8820700.0,NARE
2001-10-03,NARE,10460800.0,NARE
2001-10-04,NARE,6748700.0,NARE
2001-10-05,NARE,9015600.0,NARE
2001-10-06,NARE,7047500.0,NARE
2001-10-07,NARE,8148400.0,NARE
2001-10-08,NARE,15062700.0,NARE
2001-10-09,NARE,9600100.0,NARE
2001-10-10,NARE,11561700.0,NARE
2001-10-11,NARE,7307300.0,NARE
2001-10-12,NARE,8927900.0,NARE
2001-10-13,NARE,4270700.0,NARE
2001-10-14,NARE,6745400.0,NARE
2001-10-15,NARE,6563600.0,NARE
2001-10-16,NARE,20496100.0,NARE
2001-10-17,NARE,15510900.0,NARE
2001-10-18,NARE,10759600.0,NARE
2001-10-19,NARE,8603100.0,NARE
2001-10-20,NARE,11594200.0,NARE
2001-10-21,NARE,16579400.0,NARE
2001-10-22,NARE,20609800.0,NARE
2001-10-23,NARE,17566700.0,NARE
2001-10-24,NARE,20574100.0,NARE
2001-10-25,NARE,10934900.0,NARE
2001-10-26,NARE,9596900.0,NARE
2001-10-27,NARE,8807700.0,NARE
2001-10-28,NARE,6615500.0,NARE
2001-10-29,NARE,18612500.0,NARE
2001-10-30,NARE,20515600.0,NARE
2001-10-31,NARE,24140000.0,NARE
2001-11-01,NARE,26920000.0,NARE
2001-11-02,NARE,21652300.0,NARE
2001-11-03,NARE,16287100.0,NARE
2001-11-04,NARE,13107600.0,NARE
2001-11-05,NARE,13458400.0,NARE
2001-11-06,NARE,33980500.0,NARE
2001-11-07,NARE,13455100.0,NARE
2001-11-08,NARE,10909000.0,NARE
2001-11-09,NARE,9119500.0,NARE
2001-11-10,NARE,14841900.0,NARE
2001-11-11,NARE,11009600.0,NARE
2001-11-12,NARE,14721700.0,NARE
2001-11-13,NARE,11399400.0,NARE
2001-11-14,NARE,17810300.0,NARE
2001-11-15,NARE,12419100.0,NARE
2001-11-16,NARE,21366500.0,NARE
2001-11-17,NARE,16689800.0,NARE
2001-11-18,NARE,13747400.0,NARE
2001-11-19,NARE,11243500.0,NARE
2001-11-20,NARE,19073600.0,NARE
2001-11-21,NARE,20937800.0,NARE
2001-11-22,NARE,12360700.0,NARE
2001-11-23,NARE,12984200.0,NARE
2001-11-24,NARE,10545200.0,NARE
2001-11-25,NARE,8901900.0,NARE
2001-11-26,NARE,8979800.0,NARE
2001-11-27,NARE,20249300.0,NARE
2001-11-28,NARE,17076300.0,NARE
2001-11-29,NARE,11250000.0,NARE
2001-11-30,NARE,11561700.0,NARE
2001-12-01,NARE,12852400.0,NARE
2001-12-02,NARE,16823900.0,NARE
2001-12-03,NARE,14951400.0,NARE
2001-12-04,NARE,15064700.0,NARE
2001-12-05,NARE,11118000.0,NARE
2001-12-06,NARE,13946200.0,NARE
2001-12-07,NARE,11295000.0,NARE
2001-12-08,NARE,8013700.0,NARE
2001-12-09,NARE,15213400.0,NARE
2001-12-10,NARE,17220300.0,NARE
2001-12-11,NARE,9889800.0,NARE
2001-12-12,NARE,12502000.0,NARE
2001-12-13,NARE,11751600.0,NARE
2001-12-14,NARE,9288000.0,NARE
2001-12-15,NARE,10158800.0,NARE
2001-12-16,NARE,13631200.0,NARE
2001-12-17,NARE,23428900.0,NARE
2001-12-18,NARE,12990500.0,NARE
2001-12-19,NARE,14671800.0,NARE
2001-12-20,NARE,9985300.0,NARE
2001-12-21,NARE,12831200.0,NARE
2001-12-22,NARE,9705700.0,NARE
2001-12-23,NARE,7497000.0,NARE
2001-12-24,NARE,14905400.0,NARE
2001-12-25,NARE,9603000.0,NARE
2001-12-26,NARE,22544000.0,NARE
2001-12-27,NARE,20338800.0,NARE
2001-12-28,NARE,12077300.0,NARE
2001-12-29,NARE,12753300.0,NARE
2001-12-30,NARE,12795800.0,NARE
2001-12-31,NARE,7762400.0,NARE
2002-01-01,NARE,9015500.0,NARE
2002-01-02,NARE,7330600.0,NARE
2002-01-03,NARE,5036900.0,NARE
2002-01-04,NARE,8863300.0,NARE
2002-01-05,NARE,8024400.0,NARE
2002-01-06,NARE,7865100.0,NARE
2002-01-07,NARE,7875700.0,NARE
2002-01-08,NARE,6006800.0,NARE
2002-01-09,NARE,7822600.0,NARE
2002-01-10,NARE,6410300.0,NARE
2002-01-11,NARE,8371200.0,NARE
2002-01-12,NARE,7065100.0,NARE
2002-01-13,NARE,11553400.0,NARE
2002-01-14,NARE,20586500.0,NARE
2002-01-15,NARE,13333800.0,NARE
2002-01-16,NARE,3996300.0,NARE
2002-01-17,NARE,8905700.0,NARE
2002-01-18,NARE,4760800.0,NARE
2002-01-19,NARE,6583700.0,NARE
2002-01-20,NARE,7889900.0,NARE
2002-01-21,NARE,6569600.0,NARE
2002-01-22,NARE,8144700.0,NARE
2002-01-23,NARE,4654600.0,NARE
2002-01-24,NARE,6530600.0,NARE
2002-01-25,NARE,6006800.0,NARE
2002-01-26,NARE,15255800.0,NARE
2002-01-27,NARE,11234800.0,NARE
2002-01-28,NARE,5737800.0,NARE
2002-01-29,NARE,2983900.0,NARE
2002-01-30,NARE,10024300.0,NARE
2002-01-31,NARE,6013800.0,NARE
2002-02-01,NARE,9061500.0,NARE
2002-02-02,NARE,6987200.0,NARE
2002-02-03,NARE,11422400.0,NARE
2002-02-04,NARE,5461700.0,NARE
2002-02-05,NARE,6516500.0,NARE
2002-02-06,NARE,8353600.0,NARE
2002-02-07,NARE,7748300.0,NARE
2002-02-08,NARE,11942700.0,NARE
2002-02-09,NARE,8459700.0,NARE
2002-02-10,NARE,14909000.0,NARE
2002-02-11,NARE,7620800.0,NARE
2002-02-12,NARE,5978500.0,NARE
2002-02-13,NARE,5419200.0,NARE
2002-02-14,NARE,3844000.0,NARE
2002-02-15,NARE,6647400.0,NARE
2002-02-16,NARE,4778500.0,NARE
2002-02-17,NARE,11153400.0,NARE
2002-02-18,NARE,6594300.0,NARE
2002-02-19,NARE,6474000.0,NARE
2002-02-20,NARE,5872300.0,NARE
2002-02-21,NARE,5642200.0,NARE
2002-02-22,NARE,26388000.0,NARE
2002-02-23,NARE,11337500.0,NARE
2002-02-24,NARE,5596200.0,NARE
2002-02-25,NARE,5652800.0,NARE
2002-02-26,NARE,7224400.0,NARE
2002-02-27,NARE,7514700.0,NARE
2002-02-28,NARE,3840500.0,NARE
2002-03-01,NARE,7143000.0,NARE
2002-03-02,NARE,5405000.0,NARE
2002-03-03,NARE,9872100.0,NARE
2002-03-04,NARE,3748500.0,NARE
2002-03-05,NARE,7935900.0,NARE
2002-03-06,NARE,4491800.0,NARE
2002-03-07,NARE,3472400.0,NARE
2002-03-08,NARE,5681100.0,NARE
2002-03-09,NARE,5281100.0,NARE
2002-03-10,NARE,3111300.0,NARE
2002-03-11,NARE,19875100.0,NARE
2002-03-12,NARE,10211900.0,NARE
2002-03-13,NARE,4360800.0,NARE
2002-03-14,NARE,16501800.0,NARE
2002-03-15,NARE,9995900.0,NARE
2002-03-16,NARE,8070400.0,NARE
2002-03-17,NARE,11794100.0,NARE
2002-03-18,NARE,6874000.0,NARE
2002-03-19,NARE,11999400.0,NARE
2002-03-20,NARE,17344200.0,NARE
2002-03-21,NARE,17064600.0,NARE
2002-03-22,NARE,8509300.0,NARE
2002-03-23,NARE,10194200.0,NARE
2002-03-24,NARE,20491000.0,NARE
2002-03-25,NARE,10236600.0,NARE
2002-03-26,NARE,6997900.0,NARE
2002-03-27,NARE,18512300.0,NARE
2002-03-28,NARE,9974700.0,NARE
2002-03-29,NARE,9705700.0,NARE
2002-03-30,NARE,7543000.0,NARE
2002-03-31,NARE,8296900.0,NARE
2002-04-01,NARE,10346400.0,NARE
2002-04-02,NARE,16158500.0,NARE
2002-04-03,NARE,3652900.0,NARE
2002-04-04,NARE,5751900.0,NARE
2002-04-05,NARE,16370800.0,NARE
2002-04-06,NARE,8095200.0,NARE
2002-04-07,NARE,5996200.0,NARE
2002-04-08,NARE,3585700.0,NARE
2002-04-09,NARE,13510800.0,NARE
2002-04-10,NARE,15195700.0,NARE
2002-04-11,NARE,16024000.0,NARE
2002-04-12,NARE,14296600.0,NARE
2002-04-13,NARE,30338300.0,NARE
2002-04-14,NARE,26207500.0,NARE
2002-04-15,NARE,17468100.0,NARE
2002-04-16,NARE,40472200.0,NARE
2002-04-17,NARE,20912200.0,NARE
2002-04-18,NARE,18781300.0,NARE
2002-04-19,NARE,16629200.0,NARE
2002-04-20,NARE,12491400.0,NARE
2002-04-21,NARE,24770400.0,NARE
2002-04-22,NARE,14339100.0,NARE
2002-04-23,NARE,20940500.0,NARE
2002-04-24,NARE,19793700.0,NARE
2002-04-25,NARE,27163200.0,NARE
2002-04-26,NARE,37251200.0,NARE
2002-04-27,NARE,32129300.0,NARE
2002-04-28,NARE,29492300.0,NARE
2002-04-29,NARE,25319000.0,NARE
2002-04-30,NARE,18055700.0,NARE
2002-05-01,NARE,14916000.0,NARE
2002-05-02,NARE,15316000.0,NARE
2002-05-03,NARE,15298300.0,NARE
2002-05-04,NARE,18080500.0,NARE
2002-05-05,NARE,8788900.0,NARE
2002-05-06,NARE,9369400.0,NARE
2002-05-07,NARE,16144300.0,NARE
2002-05-08,NARE,5259900.0,NARE
2002-05-09,NARE,8576500.0,NARE
2002-05-10,NARE,9196000.0,NARE
2002-05-11,NARE,10399500.0,NARE
2002-05-12,NARE,5911200.0,NARE
2002-05-13,NARE,6428000.0,NARE
2002-05-14,NARE,9082700.0,NARE
2002-05-15,NARE,5189100.0,NARE
2002-05-16,NARE,23549200.0,NARE
2002-05-17,NARE,27258800.0,NARE
2002-05-18,NARE,18190200.0,NARE
2002-05-19,NARE,13082500.0,NARE
2002-05-20,NARE,13694900.0,NARE
2002-05-21,NARE,11574600.0,NARE
2002-05-22,NARE,13571000.0,NARE
2002-05-23,NARE,12880700.0,NARE
2002-05-24,NARE,12590500.0,NARE
2002-05-25,NARE,27467600.0,NARE
2002-05-26,NARE,46765700.0,NARE
2002-05-27,NARE,34260200.0,NARE
2002-05-28,NARE,31952300.0,NARE
2002-05-29,NARE,22848400.0,NARE
2002-05-30,NARE,28759600.0,NARE
2002-05-31,NARE,19623800.0,NARE
2002-06-01,NARE,17117700.0,NARE
2002-06-02,NARE,39544900.0,NARE
2002-06-03,NARE,22126300.0,NARE
2002-06-04,NARE,19620200.0,NARE
2002-06-05,NARE,25039400.0,NARE
2002-06-06,NARE,27163200.0,NARE
2002-06-07,NARE,47898400.0,NARE
2002-06-08,NARE,24678400.0,NARE
2002-06-09,NARE,24607600.0,NARE
2002-06-10,NARE,23952700.0,NARE
2002-06-11,NARE,21209500.0,NARE
2002-06-12,NARE,22204200.0,NARE
2002-06-13,NARE,21138700.0,NARE
2002-06-14,NARE,12636500.0,NARE
2002-06-15,NARE,15018700.0,NARE
2002-06-16,NARE,9599500.0,NARE
2002-06-17,NARE,9879100.0,NARE
2002-06-18,NARE,12410000.0,NARE
2002-06-19,NARE,7850900.0,NARE
2002-06-20,NARE,7854500.0,NARE
2002-06-21,NARE,7677500.0,NARE
2002-06-22,NARE,7500500.0,NARE
2002-06-23,NARE,9507500.0,NARE
2002-06-24,NARE,5376700.0,NARE
2002-06-25,NARE,10010100.0,NARE
2002-06-26,NARE,5001500.0,NARE
2002-06-27,NARE,8091600.0,NARE
2002-06-28,NARE,17092900.0,NARE
2002-06-29,NARE,20841400.0,NARE
2002-06-30,NARE,20703400.0,NARE
2002-07-01,NARE,23213000.0,NARE
2002-07-02,NARE,3398100.0,NARE
2002-07-03,NARE,5051100.0,NARE
2002-07-04,NARE,8420800.0,NARE
2002-07-05,NARE,16176200.0,NARE
2002-07-06,NARE,19372400.0,NARE
2002-07-07,NARE,10073800.0,NARE
2002-07-08,NARE,7875700.0,NARE
2002-07-09,NARE,7833200.0,NARE
2002-07-10,NARE,2460000.0,NARE
2002-07-11,NARE,8661500.0,NARE
2002-07-12,NARE,4594500.0,NARE
2002-07-13,NARE,5808500.0,NARE
2002-07-14,NARE,5695300.0,NARE
2002-07-15,NARE,8035000.0,NARE
2002-07-16,NARE,27315400.0,NARE
2002-07-17,NARE,15355000.0,NARE
2002-07-18,NARE,14976200.0,NARE
2002-07-19,NARE,12448900.0,NARE
2002-07-20,NARE,22437800.0,NARE
2002-07-21,NARE,39311200.0,NARE
2002-07-22,NARE,13277200.0,NARE
2002-07-23,NARE,25032300.0,NARE
2002-07-24,NARE,32380600.0,NARE
2002-07-25,NARE,18597300.0,NARE
2002-07-26,NARE,11748100.0,NARE
2002-07-27,NARE,9613700.0,NARE
2002-07-28,NARE,7624400.0,NARE
2002-07-29,NARE,6466900.0,NARE
2002-07-30,NARE,9079200.0,NARE
2002-07-31,NARE,8215500.0,NARE
2002-08-01,NARE,7677500.0,NARE
2002-08-02,NARE,8548200.0,NARE
2002-08-03,NARE,4640500.0,NARE
2002-08-04,NARE,6651000.0,NARE
2002-08-05,NARE,14778000.0,NARE
2002-08-06,NARE,5727100.0,NARE
2002-08-07,NARE,6937700.0,NARE
2002-08-08,NARE,6523600.0,NARE
2002-08-09,NARE,20526400.0,NARE
2002-08-10,NARE,7043900.0,NARE
2002-08-11,NARE,4796200.0,NARE
2002-08-12,NARE,6243900.0,NARE
2002-08-13,NARE,6169600.0,NARE
2002-08-14,NARE,5858100.0,NARE
2002-08-15,NARE,3298900.0,NARE
2002-08-16,NARE,3755600.0,NARE
2002-08-17,NARE,5196200.0,NARE
2002-08-18,NARE,4619200.0,NARE
2002-08-19,NARE,4760800.0,NARE
2002-08-20,NARE,9872100.0,NARE
2002-08-21,NARE,3327300.0,NARE
2002-08-22,NARE,7578400.0,NARE
2002-08-23,NARE,6785500.0,NARE
2002-08-24,NARE,6254500.0,NARE
2002-08-25,NARE,4580300.0,NARE
2002-08-26,NARE,8551800.0,NARE
2002-08-27,NARE,4240500.0,NARE
2002-08-28,NARE,20466200.0,NARE
2002-08-29,NARE,20703400.0,NARE
2002-08-30,NARE,7525300.0,NARE
2002-08-31,NARE,21184700.0,NARE
2002-09-01,NARE,8321700.0,NARE
2002-09-02,NARE,17613200.0,NARE
2002-09-03,NARE,20328200.0,NARE
2002-09-04,NARE,19747700.0,NARE
2002-09-05,NARE,12778100.0,NARE
2002-09-06,NARE,9355300.0,NARE
2002-09-07,NARE,10505700.0,NARE
2002-09-08,NARE,5914700.0,NARE
2002-09-09,NARE,7051000.0,NARE
2002-09-10,NARE,9185400.0,NARE
2002-09-11,NARE,9833100.0,NARE
2002-09-12,NARE,5709400.0,NARE
2002-09-13,NARE,19131800.0,NARE
2002-09-14,NARE,16838100.0,NARE
2002-09-15,NARE,19361800.0,NARE
2002-09-16,NARE,16052300.0,NARE
2002-09-17,NARE,9482700.0,NARE
2002-09-18,NARE,16820400.0,NARE
2002-09-19,NARE,16869900.0,NARE
2002-09-20,NARE,9373000.0,NARE
2002-09-21,NARE,6881100.0,NARE
2002-09-22,NARE,6767800.0,NARE
2002-09-23,NARE,8679200.0,NARE
2002-09-24,NARE,7334100.0,NARE
2002-09-25,NARE,14537300.0,NARE
2002-09-26,NARE,10385300.0,NARE
2002-09-27,NARE,15323100.0,NARE
2002-09-28,NARE,24689000.0,NARE
2002-09-29,NARE,15248800.0,NARE
2002-09-30,NARE,11153400.0,NARE
2002-10-01,NARE,7734100.0,NARE
2002-10-02,NARE,6877500.0,NARE
2002-10-03,NARE,9334000.0,NARE
2002-10-04,NARE,5291800.0,NARE
2002-10-05,NARE,21931600.0,NARE
2002-10-06,NARE,13206400.0,NARE
2002-10-07,NARE,2484800.0,NARE
2002-10-08,NARE,9291600.0,NARE
2002-10-09,NARE,8980100.0,NARE
2002-10-10,NARE,8119900.0,NARE
2002-10-11,NARE,5999700.0,NARE
2002-10-12,NARE,6898800.0,NARE
2002-10-13,NARE,6020900.0,NARE
2002-10-14,NARE,7196100.0,NARE
2002-10-15,NARE,9780000.0,NARE
2002-10-16,NARE,8590700.0,NARE
2002-10-17,NARE,22827100.0,NARE
2002-10-18,NARE,11574600.0,NARE
2002-10-19,NARE,9089800.0,NARE
2002-10-20,NARE,12307300.0,NARE
2002-10-21,NARE,10371100.0,NARE
2002-10-22,NARE,8042100.0,NARE
2002-10-23,NARE,12930300.0,NARE
2002-10-24,NARE,12933800.0,NARE
2002-10-25,NARE,26678300.0,NARE
2002-10-26,NARE,15376200.0,NARE
2002-10-27,NARE,34426500.0,NARE
2002-10-28,NARE,27442800.0,NARE
2002-10-29,NARE,27042800.0,NARE
2002-10-30,NARE,27074700.0,NARE
2002-10-31,NARE,17900000.0,NARE
2002-11-01,NARE,24568600.0,NARE
2002-11-02,NARE,14611600.0,NARE
2002-11-03,NARE,17092900.0,NARE
2002-11-04,NARE,27081800.0,NARE
2002-11-05,NARE,14859400.0,NARE
2002-11-06,NARE,14615200.0,NARE
2002-11-07,NARE,32182400.0,NARE
2002-11-08,NARE,34391100.0,NARE
2002-11-09,NARE,27687100.0,NARE
2002-11-10,NARE,17092900.0,NARE
2002-11-11,NARE,17620300.0,NARE
2002-11-12,NARE,14597500.0,NARE
2002-11-13,NARE,14827600.0,NARE
2002-11-14,NARE,11896700.0,NARE
2002-11-15,NARE,11574600.0,NARE
2002-11-16,NARE,10615400.0,NARE
2002-11-17,NARE,12034800.0,NARE
2002-11-18,NARE,12962200.0,NARE
2002-11-19,NARE,11981700.0,NARE
2002-11-20,NARE,6010300.0,NARE
2002-11-21,NARE,8834900.0,NARE
2002-11-22,NARE,7107600.0,NARE
2002-11-23,NARE,8339400.0,NARE
2002-11-24,NARE,21655500.0,NARE
2002-11-25,NARE,6357200.0,NARE
2002-11-26,NARE,6304100.0,NARE
2002-11-27,NARE,9652600.0,NARE
2002-11-28,NARE,12742700.0,NARE
2002-11-29,NARE,9599500.0,NARE
2002-11-30,NARE,9744600.0,NARE
2002-12-01,NARE,9153500.0,NARE
2002-12-02,NARE,5051100.0,NARE
2002-12-03,NARE,9273900.0,NARE
2002-12-04,NARE,4474100.0,NARE
2002-12-05,NARE,9364200.0,NARE
2002-12-06,NARE,11439600.0,NARE
2002-12-07,NARE,7871100.0,NARE
2002-12-08,NARE,10656000.0,NARE
2002-12-09,NARE,8898300.0,NARE
2002-12-10,NARE,11887900.0,NARE
2002-12-11,NARE,8460600.0,NARE
2002-12-12,NARE,7412300.0,NARE
2002-12-13,NARE,6780500.0,NARE
2002-12-14,NARE,15579900.0,NARE
2002-12-15,NARE,20330800.0,NARE
2002-12-16,NARE,16677600.0,NARE
2002-12-17,NARE,12897400.0,NARE
2002-12-18,NARE,15039900.0,NARE
2002-12-19,NARE,12011400.0,NARE
2002-12-20,NARE,11174900.0,NARE
2002-12-21,NARE,7899400.0,NARE
2002-12-22,NARE,9547700.0,NARE
2002-12-23,NARE,9681800.0,NARE
2002-12-24,NARE,9519500.0,NARE
2002-12-25,NARE,5548600.0,NARE
2002-12-26,NARE,9618300.0,NARE
2002-12-27,NARE,12685600.0,NARE
2002-12-28,NARE,8181700.0,NARE
2002-12-29,NARE,7528800.0,NARE
2002-12-30,NARE,5965100.0,NARE
2002-12-31,NARE,7475800.0,NARE
2003-01-01,NARE,4927400.0,NARE
2003-01-02,NARE,5591000.0,NARE
2003-01-03,NARE,4754400.0,NARE
2003-01-04,NARE,5199200.0,NARE
2003-01-05,NARE,4983900.0,NARE
2003-01-06,NARE,7334600.0,NARE
2003-01-07,NARE,5160400.0,NARE
2003-01-08,NARE,3861400.0,NARE
2003-01-09,NARE,4948600.0,NARE
2003-01-10,NARE,3508500.0,NARE
2003-01-11,NARE,7624100.0,NARE
2003-01-12,NARE,5185100.0,NARE
2003-01-13,NARE,5474500.0,NARE
2003-01-14,NARE,5478000.0,NARE
2003-01-15,NARE,6205100.0,NARE
2003-01-16,NARE,5820400.0,NARE
2003-01-17,NARE,3886200.0,NARE
2003-01-18,NARE,7387600.0,NARE
2003-01-19,NARE,4080300.0,NARE
2003-01-20,NARE,6904000.0,NARE
2003-01-21,NARE,4337900.0,NARE
2003-01-22,NARE,4846200.0,NARE
2003-01-23,NARE,3900300.0,NARE
2003-01-24,NARE,4041500.0,NARE
2003-01-25,NARE,4676800.0,NARE
2003-01-26,NARE,3741400.0,NARE
2003-01-27,NARE,4772100.0,NARE
2003-01-28,NARE,8008800.0,NARE
2003-01-29,NARE,2566100.0,NARE
2003-01-30,NARE,6565200.0,NARE
2003-01-31,NARE,7292300.0,NARE
2003-02-01,NARE,7105200.0,NARE
2003-02-02,NARE,3970900.0,NARE
2003-02-03,NARE,5121500.0,NARE
2003-02-04,NARE,3741400.0,NARE
2003-02-05,NARE,6222800.0,NARE
2003-02-06,NARE,15442200.0,NARE
2003-02-07,NARE,4246200.0,NARE
2003-02-08,NARE,17920100.0,NARE
2003-02-09,NARE,7429900.0,NARE
2003-02-10,NARE,6335700.0,NARE
2003-02-11,NARE,6180400.0,NARE
2003-02-12,NARE,8725300.0,NARE
2003-02-13,NARE,8061700.0,NARE
2003-02-14,NARE,10857200.0,NARE
2003-02-15,NARE,7624100.0,NARE
2003-02-16,NARE,2343700.0,NARE
2003-02-17,NARE,9576000.0,NARE
2003-02-18,NARE,7666400.0,NARE
2003-02-19,NARE,7179300.0,NARE
2003-02-20,NARE,5816900.0,NARE
2003-02-21,NARE,5241500.0,NARE
2003-02-22,NARE,3879100.0,NARE
2003-02-23,NARE,5951000.0,NARE
2003-02-24,NARE,4934500.0,NARE
2003-02-25,NARE,8637100.0,NARE
2003-02-26,NARE,12826800.0,NARE
2003-02-27,NARE,5686300.0,NARE
2003-02-28,NARE,5061500.0,NARE
2003-03-01,NARE,6664000.0,NARE
2003-03-02,NARE,4034400.0,NARE
2003-03-03,NARE,6042800.0,NARE
2003-03-04,NARE,3776700.0,NARE
2003-03-05,NARE,3617900.0,NARE
2003-03-06,NARE,4962700.0,NARE
2003-03-07,NARE,5541600.0,NARE
2003-03-08,NARE,4468500.0,NARE
2003-03-09,NARE,4062600.0,NARE
2003-03-10,NARE,5481600.0,NARE
2003-03-11,NARE,3441400.0,NARE
2003-03-12,NARE,4923900.0,NARE
2003-03-13,NARE,9159500.0,NARE
2003-03-14,NARE,4750900.0,NARE
2003-03-15,NARE,7818200.0,NARE
2003-03-16,NARE,6314600.0,NARE
2003-03-17,NARE,9445400.0,NARE
2003-03-18,NARE,13610400.0,NARE
2003-03-19,NARE,18304800.0,NARE
2003-03-20,NARE,18244800.0,NARE
2003-03-21,NARE,20772000.0,NARE
2003-03-22,NARE,13486800.0,NARE
2003-03-23,NARE,8471200.0,NARE
2003-03-24,NARE,8478200.0,NARE
2003-03-25,NARE,10027800.0,NARE
2003-03-26,NARE,15699900.0,NARE
2003-03-27,NARE,14023300.0,NARE
2003-03-28,NARE,11252500.0,NARE
2003-03-29,NARE,20687300.0,NARE
2003-03-30,NARE,17457700.0,NARE
2003-03-31,NARE,10677200.0,NARE
2003-04-01,NARE,10172500.0,NARE
2003-04-02,NARE,6706300.0,NARE
2003-04-03,NARE,6219300.0,NARE
2003-04-04,NARE,8086400.0,NARE
2003-04-05,NARE,7906400.0,NARE
2003-04-06,NARE,11810200.0,NARE
2003-04-07,NARE,7299300.0,NARE
2003-04-08,NARE,8622900.0,NARE
2003-04-09,NARE,11764300.0,NARE
2003-04-10,NARE,10444300.0,NARE
2003-04-11,NARE,14418600.0,NARE
2003-04-12,NARE,21926200.0,NARE
2003-04-13,NARE,32804600.0,NARE
2003-04-14,NARE,28886700.0,NARE
2003-04-15,NARE,41293400.0,NARE
2003-04-16,NARE,25057000.0,NARE
2003-04-17,NARE,15742300.0,NARE
2003-04-18,NARE,19628400.0,NARE
2003-04-19,NARE,28374900.0,NARE
2003-04-20,NARE,16582300.0,NARE
2003-04-21,NARE,21065000.0,NARE
2003-04-22,NARE,15735200.0,NARE
2003-04-23,NARE,16398800.0,NARE
2003-04-24,NARE,14302200.0,NARE
2003-04-25,NARE,14461000.0,NARE
2003-04-26,NARE,15819900.0,NARE
2003-04-27,NARE,11817300.0,NARE
2003-04-28,NARE,11983200.0,NARE
2003-04-29,NARE,21898000.0,NARE
2003-04-30,NARE,10193600.0,NARE
2003-05-01,NARE,10098300.0,NARE
2003-05-02,NARE,8241700.0,NARE
2003-05-03,NARE,9907700.0,NARE
2003-05-04,NARE,12953800.0,NARE
2003-05-05,NARE,10589000.0,NARE
2003-05-06,NARE,12738500.0,NARE
2003-05-07,NARE,20606100.0,NARE
2003-05-08,NARE,18273000.0,NARE
2003-05-09,NARE,20122600.0,NARE
2003-05-10,NARE,18400100.0,NARE
2003-05-11,NARE,13179700.0,NARE
2003-05-12,NARE,14069200.0,NARE
2003-05-13,NARE,20119000.0,NARE
2003-05-14,NARE,12127900.0,NARE
2003-05-15,NARE,8160600.0,NARE
2003-05-16,NARE,7984100.0,NARE
2003-05-17,NARE,10144200.0,NARE
2003-05-18,NARE,26260600.0,NARE
2003-05-19,NARE,20320200.0,NARE
2003-05-20,NARE,12149100.0,NARE
2003-05-21,NARE,12329100.0,NARE
2003-05-22,NARE,16437600.0,NARE
2003-05-23,NARE,20521400.0,NARE
2003-05-24,NARE,37040200.0,NARE
2003-05-25,NARE,32959900.0,NARE
2003-05-26,NARE,18781300.0,NARE
2003-05-27,NARE,14810400.0,NARE
2003-05-28,NARE,9593600.0,NARE
2003-05-29,NARE,16822300.0,NARE
2003-05-30,NARE,33552900.0,NARE
2003-05-31,NARE,19335500.0,NARE
2003-06-01,NARE,14852800.0,NARE
2003-06-02,NARE,22399200.0,NARE
2003-06-03,NARE,26966600.0,NARE
2003-06-04,NARE,20129600.0,NARE
2003-06-05,NARE,16095200.0,NARE
2003-06-06,NARE,16300000.0,NARE
2003-06-07,NARE,25699400.0,NARE
2003-06-08,NARE,16172900.0,NARE
2003-06-09,NARE,12936200.0,NARE
2003-06-10,NARE,9092400.0,NARE
2003-06-11,NARE,26878300.0,NARE
2003-06-12,NARE,30362100.0,NARE
2003-06-13,NARE,26253600.0,NARE
2003-06-14,NARE,40524000.0,NARE
2003-06-15,NARE,47555100.0,NARE
2003-06-16,NARE,26472400.0,NARE
2003-06-17,NARE,40354600.0,NARE
2003-06-18,NARE,42200600.0,NARE
2003-06-19,NARE,35931900.0,NARE
2003-06-20,NARE,29285600.0,NARE
2003-06-21,NARE,27054800.0,NARE
2003-06-22,NARE,22674500.0,NARE
2003-06-23,NARE,20553200.0,NARE
2003-06-24,NARE,34297700.0,NARE
2003-06-25,NARE,24075800.0,NARE
2003-06-26,NARE,16179900.0,NARE
2003-06-27,NARE,11732600.0,NARE
2003-06-28,NARE,13645700.0,NARE
2003-06-29,NARE,11418400.0,NARE
2003-06-30,NARE,14192700.0,NARE
2003-07-01,NARE,16123500.0,NARE
2003-07-02,NARE,12085500.0,NARE
2003-07-03,NARE,8675900.0,NARE
2003-07-04,NARE,9251200.0,NARE
2003-07-05,NARE,20942900.0,NARE
2003-07-06,NARE,19187200.0,NARE
2003-07-07,NARE,25706500.0,NARE
2003-07-08,NARE,19123700.0,NARE
2003-07-09,NARE,14835100.0,NARE
2003-07-10,NARE,14824600.0,NARE
2003-07-11,NARE,27252500.0,NARE
2003-07-12,NARE,12343200.0,NARE
2003-07-13,NARE,15918700.0,NARE
2003-07-14,NARE,10108900.0,NARE
2003-07-15,NARE,11114900.0,NARE
2003-07-16,NARE,16148200.0,NARE
2003-07-17,NARE,14764600.0,NARE
2003-07-18,NARE,10257200.0,NARE
2003-07-19,NARE,4655600.0,NARE
2003-07-20,NARE,5492100.0,NARE
2003-07-21,NARE,7034600.0,NARE
2003-07-22,NARE,6872200.0,NARE
2003-07-23,NARE,10949000.0,NARE
2003-07-24,NARE,5393300.0,NARE
2003-07-25,NARE,7687600.0,NARE
2003-07-26,NARE,8312300.0,NARE
2003-07-27,NARE,6127500.0,NARE
2003-07-28,NARE,4443800.0,NARE
2003-07-29,NARE,10765500.0,NARE
2003-07-30,NARE,8806500.0,NARE
2003-07-31,NARE,8259400.0,NARE
2003-08-01,NARE,11033700.0,NARE
2003-08-02,NARE,25117000.0,NARE
2003-08-03,NARE,17030600.0,NARE
2003-08-04,NARE,12099700.0,NARE
2003-08-05,NARE,6836900.0,NARE
2003-08-06,NARE,8845300.0,NARE
2003-08-07,NARE,5862800.0,NARE
2003-08-08,NARE,11471400.0,NARE
2003-08-09,NARE,8252300.0,NARE
2003-08-10,NARE,7186400.0,NARE
2003-08-11,NARE,5174500.0,NARE
2003-08-12,NARE,6988700.0,NARE
2003-08-13,NARE,7182800.0,NARE
2003-08-14,NARE,7267600.0,NARE
2003-08-15,NARE,10839600.0,NARE
2003-08-16,NARE,7133400.0,NARE
2003-08-17,NARE,8375900.0,NARE
2003-08-18,NARE,8880600.0,NARE
2003-08-19,NARE,14372800.0,NARE
2003-08-20,NARE,19134300.0,NARE
2003-08-21,NARE,11930200.0,NARE
2003-08-22,NARE,9918300.0,NARE
2003-08-23,NARE,21534400.0,NARE
2003-08-24,NARE,11651400.0,NARE
2003-08-25,NARE,10116000.0,NARE
2003-08-26,NARE,13673900.0,NARE
2003-08-27,NARE,11859600.0,NARE
2003-08-28,NARE,16109300.0,NARE
2003-08-29,NARE,8234700.0,NARE
2003-08-30,NARE,6787500.0,NARE
2003-08-31,NARE,4390900.0,NARE
2003-09-01,NARE,6484000.0,NARE
2003-09-02,NARE,4923900.0,NARE
2003-09-03,NARE,5587400.0,NARE
2003-09-04,NARE,10020700.0,NARE
2003-09-05,NARE,25170000.0,NARE
2003-09-06,NARE,28191400.0,NARE
2003-09-07,NARE,13765700.0,NARE
2003-09-08,NARE,36157800.0,NARE
2003-09-09,NARE,10532500.0,NARE
2003-09-10,NARE,14670700.0,NARE
2003-09-11,NARE,11923200.0,NARE
2003-09-12,NARE,18922500.0,NARE
2003-09-13,NARE,7249900.0,NARE
2003-09-14,NARE,6586300.0,NARE
2003-09-15,NARE,7857000.0,NARE
2003-09-16,NARE,5343900.0,NARE
2003-09-17,NARE,7119300.0,NARE
2003-09-18,NARE,6575700.0,NARE
2003-09-19,NARE,9191200.0,NARE
2003-09-20,NARE,15883500.0,NARE
2003-09-21,NARE,9117100.0,NARE
2003-09-22,NARE,11683200.0,NARE
2003-09-23,NARE,11354900.0,NARE
2003-09-24,NARE,17401200.0,NARE
2003-09-25,NARE,18682500.0,NARE
2003-09-26,NARE,20196700.0,NARE
2003-09-27,NARE,20669700.0,NARE
2003-09-28,NARE,9297100.0,NARE
2003-09-29,NARE,10221900.0,NARE
2003-09-30,NARE,26197100.0,NARE
2003-10-01,NARE,11471400.0,NARE
2003-10-02,NARE,11662000.0,NARE
2003-10-03,NARE,8968900.0,NARE
2003-10-04,NARE,16165800.0,NARE
2003-10-05,NARE,13984500.0,NARE
2003-10-06,NARE,13306800.0,NARE
2003-10-07,NARE,11817300.0,NARE
2003-10-08,NARE,11877300.0,NARE
2003-10-09,NARE,17263500.0,NARE
2003-10-10,NARE,25883000.0,NARE
2003-10-11,NARE,10228900.0,NARE
2003-10-12,NARE,11051400.0,NARE
2003-10-13,NARE,11573700.0,NARE
2003-10-14,NARE,13836300.0,NARE
2003-10-15,NARE,11464300.0,NARE
2003-10-16,NARE,17235300.0,NARE
2003-10-17,NARE,11443100.0,NARE
2003-10-18,NARE,11323100.0,NARE
2003-10-19,NARE,9007700.0,NARE
2003-10-20,NARE,26144200.0,NARE
2003-10-21,NARE,28081900.0,NARE
2003-10-22,NARE,17740100.0,NARE
2003-10-23,NARE,17874200.0,NARE
2003-10-24,NARE,13801000.0,NARE
2003-10-25,NARE,19317800.0,NARE
2003-10-26,NARE,13744500.0,NARE
2003-10-27,NARE,12382000.0,NARE
2003-10-28,NARE,15131600.0,NARE
2003-10-29,NARE,20881400.0,NARE
2003-10-30,NARE,20129600.0,NARE
2003-10-31,NARE,25060600.0,NARE
2003-11-01,NARE,22445100.0,NARE
2003-11-02,NARE,26740700.0,NARE
2003-11-03,NARE,14351600.0,NARE
2003-11-04,NARE,13328000.0,NARE
2003-11-05,NARE,12855000.0,NARE
2003-11-06,NARE,17881200.0,NARE
2003-11-07,NARE,9653600.0,NARE
2003-11-08,NARE,27030100.0,NARE
2003-11-09,NARE,17122400.0,NARE
2003-11-10,NARE,13066800.0,NARE
2003-11-11,NARE,19353100.0,NARE
2003-11-12,NARE,20112000.0,NARE
2003-11-13,NARE,18926000.0,NARE
2003-11-14,NARE,17538900.0,NARE
2003-11-15,NARE,32511700.0,NARE
2003-11-16,NARE,17563600.0,NARE
2003-11-17,NARE,13677400.0,NARE
2003-11-18,NARE,16434100.0,NARE
2003-11-19,NARE,11153700.0,NARE
2003-11-20,NARE,14499800.0,NARE
2003-11-21,NARE,14499800.0,NARE
2003-11-22,NARE,13486800.0,NARE
2003-11-23,NARE,21382700.0,NARE
2003-11-24,NARE,19511900.0,NARE
2003-11-25,NARE,15530500.0,NARE
2003-11-26,NARE,13882100.0,NARE
2003-11-27,NARE,17210600.0,NARE
2003-11-28,NARE,15894000.0,NARE
2003-11-29,NARE,13402100.0,NARE
2003-11-30,NARE,18760100.0,NARE
2003-12-01,NARE,29006700.0,NARE
2003-12-02,NARE,29095000.0,NARE
2003-12-03,NARE,16780000.0,NARE
2003-12-04,NARE,15608100.0,NARE
2003-12-05,NARE,21008500.0,NARE
2003-12-06,NARE,19593100.0,NARE
2003-12-07,NARE,15332800.0,NARE
2003-12-08,NARE,19109600.0,NARE
2003-12-09,NARE,12417300.0,NARE
2003-12-10,NARE,13070300.0,NARE
2003-12-11,NARE,12505600.0,NARE
2003-12-12,NARE,8753500.0,NARE
2003-12-13,NARE,11047800.0,NARE
2003-12-14,NARE,11365500.0,NARE
2003-12-15,NARE,10013600.0,NARE
2003-12-16,NARE,7080500.0,NARE
2003-12-17,NARE,9540700.0,NARE
2003-12-18,NARE,13077400.0,NARE
2003-12-19,NARE,8170100.0,NARE
2003-12-20,NARE,7050000.0,NARE
2003-12-21,NARE,13172300.0,NARE
2003-12-22,NARE,8355600.0,NARE
2003-12-23,NARE,7858600.0,NARE
2003-12-24,NARE,9524800.0,NARE
2003-12-25,NARE,14572500.0,NARE
2003-12-26,NARE,11642600.0,NARE
2003-12-27,NARE,11362500.0,NARE
2003-12-28,NARE,11275000.0,NARE
2003-12-29,NARE,6944900.0,NARE
2003-12-30,NARE,8954200.0,NARE
2003-12-31,NARE,7028900.0,NARE
2004-01-01,NARE,7057000.0,NARE
2004-01-02,NARE,6276300.0,NARE
2004-01-03,NARE,7312500.0,NARE
2004-01-04,NARE,7099000.0,NARE
2004-01-05,NARE,6909900.0,NARE
2004-01-06,NARE,10077900.0,NARE
2004-01-07,NARE,8929700.0,NARE
2004-01-08,NARE,9542300.0,NARE
2004-01-09,NARE,16945800.0,NARE
2004-01-10,NARE,22046000.0,NARE
2004-01-11,NARE,14225900.0,NARE
2004-01-12,NARE,12216600.0,NARE
2004-01-13,NARE,9146700.0,NARE
2004-01-14,NARE,11019500.0,NARE
2004-01-15,NARE,6045300.0,NARE
2004-01-16,NARE,7620500.0,NARE
2004-01-17,NARE,9934300.0,NARE
2004-01-18,NARE,10189900.0,NARE
2004-01-19,NARE,10329900.0,NARE
2004-01-20,NARE,13098800.0,NARE
2004-01-21,NARE,6857400.0,NARE
2004-01-22,NARE,6129300.0,NARE
2004-01-23,NARE,8523600.0,NARE
2004-01-24,NARE,4501600.0,NARE
2004-01-25,NARE,5502700.0,NARE
2004-01-26,NARE,5982300.0,NARE
2004-01-27,NARE,7130500.0,NARE
2004-01-28,NARE,3983500.0,NARE
2004-01-29,NARE,6262300.0,NARE
2004-01-30,NARE,7144500.0,NARE
2004-01-31,NARE,3913500.0,NARE
2004-02-01,NARE,5726800.0,NARE
2004-02-02,NARE,5765300.0,NARE
2004-02-03,NARE,3980000.0,NARE
2004-02-04,NARE,6559900.0,NARE
2004-02-05,NARE,4095600.0,NARE
2004-02-06,NARE,5233200.0,NARE
2004-02-07,NARE,3591500.0,NARE
2004-02-08,NARE,3388500.0,NARE
2004-02-09,NARE,2670900.0,NARE
2004-02-10,NARE,4771100.0,NARE
2004-02-11,NARE,6185300.0,NARE
2004-02-12,NARE,11429000.0,NARE
2004-02-13,NARE,22081000.0,NARE
2004-02-14,NARE,11051000.0,NARE
2004-02-15,NARE,6192300.0,NARE
2004-02-16,NARE,5544700.0,NARE
2004-02-17,NARE,6405900.0,NARE
2004-02-18,NARE,6696400.0,NARE
2004-02-19,NARE,8422100.0,NARE
2004-02-20,NARE,5565800.0,NARE
2004-02-21,NARE,6174800.0,NARE
2004-02-22,NARE,11233000.0,NARE
2004-02-23,NARE,14817500.0,NARE
2004-02-24,NARE,12552700.0,NARE
2004-02-25,NARE,11502600.0,NARE
2004-02-26,NARE,9108200.0,NARE
2004-02-27,NARE,12122100.0,NARE
2004-02-28,NARE,22074000.0,NARE
2004-02-29,NARE,15367100.0,NARE
2004-03-01,NARE,21247900.0,NARE
2004-03-02,NARE,20390200.0,NARE
2004-03-03,NARE,26691100.0,NARE
2004-03-04,NARE,10995000.0,NARE
2004-03-05,NARE,6573900.0,NARE
2004-03-06,NARE,18167400.0,NARE
2004-03-07,NARE,7981100.0,NARE
2004-03-08,NARE,8842200.0,NARE
2004-03-09,NARE,9668300.0,NARE
2004-03-10,NARE,9997300.0,NARE
2004-03-11,NARE,11502600.0,NARE
2004-03-12,NARE,9332300.0,NARE
2004-03-13,NARE,7298500.0,NARE
2004-03-14,NARE,16676200.0,NARE
2004-03-15,NARE,28728400.0,NARE
2004-03-16,NARE,10046400.0,NARE
2004-03-17,NARE,10221400.0,NARE
2004-03-18,NARE,5037200.0,NARE
2004-03-19,NARE,5488700.0,NARE
2004-03-20,NARE,6969400.0,NARE
2004-03-21,NARE,7064000.0,NARE
2004-03-22,NARE,6923900.0,NARE
2004-03-23,NARE,8520100.0,NARE
2004-03-24,NARE,18531500.0,NARE
2004-03-25,NARE,9615800.0,NARE
2004-03-26,NARE,9171200.0,NARE
2004-03-27,NARE,13861900.0,NARE
2004-03-28,NARE,13651800.0,NARE
2004-03-29,NARE,12461700.0,NARE
2004-03-30,NARE,11296000.0,NARE
2004-03-31,NARE,17722900.0,NARE
2004-04-01,NARE,15010000.0,NARE
2004-04-02,NARE,15640100.0,NARE
2004-04-03,NARE,13336800.0,NARE
2004-04-04,NARE,12171100.0,NARE
2004-04-05,NARE,15640100.0,NARE
2004-04-06,NARE,14418400.0,NARE
2004-04-07,NARE,4564600.0,NARE
2004-04-08,NARE,9531800.0,NARE
2004-04-09,NARE,5996300.0,NARE
2004-04-10,NARE,11065000.0,NARE
2004-04-11,NARE,6899400.0,NARE
2004-04-12,NARE,8499100.0,NARE
2004-04-13,NARE,9587800.0,NARE
2004-04-14,NARE,23057600.0,NARE
2004-04-15,NARE,27618700.0,NARE
2004-04-16,NARE,22581500.0,NARE
2004-04-17,NARE,19700700.0,NARE
2004-04-18,NARE,10053400.0,NARE
2004-04-19,NARE,17313300.0,NARE
2004-04-20,NARE,13753400.0,NARE
2004-04-21,NARE,10623900.0,NARE
2004-04-22,NARE,16417200.0,NARE
2004-04-23,NARE,29579000.0,NARE
2004-04-24,NARE,29069700.0,NARE
2004-04-25,NARE,30790200.0,NARE
2004-04-26,NARE,31462200.0,NARE
2004-04-27,NARE,29754000.0,NARE
2004-04-28,NARE,23397200.0,NARE
2004-04-29,NARE,18370500.0,NARE
2004-04-30,NARE,26411100.0,NARE
2004-05-01,NARE,19980700.0,NARE
2004-05-02,NARE,15836100.0,NARE
2004-05-03,NARE,24681800.0,NARE
2004-05-04,NARE,18062400.0,NARE
2004-05-05,NARE,35043200.0,NARE
2004-05-06,NARE,35144700.0,NARE
2004-05-07,NARE,31959300.0,NARE
2004-05-08,NARE,29638500.0,NARE
2004-05-09,NARE,22543000.0,NARE
2004-05-10,NARE,16739300.0,NARE
2004-05-11,NARE,13144300.0,NARE
2004-05-12,NARE,14131400.0,NARE
2004-05-13,NARE,11950600.0,NARE
2004-05-14,NARE,10539900.0,NARE
2004-05-15,NARE,10004300.0,NARE
2004-05-16,NARE,17075300.0,NARE
2004-05-17,NARE,22627100.0,NARE
2004-05-18,NARE,11257500.0,NARE
2004-05-19,NARE,16319200.0,NARE
2004-05-20,NARE,21944500.0,NARE
2004-05-21,NARE,17533900.0,NARE
2004-05-22,NARE,23901200.0,NARE
2004-05-23,NARE,26859500.0,NARE
2004-05-24,NARE,24118300.0,NARE
2004-05-25,NARE,15811600.0,NARE
2004-05-26,NARE,19847700.0,NARE
2004-05-27,NARE,17134800.0,NARE
2004-05-28,NARE,16081200.0,NARE
2004-05-29,NARE,41022000.0,NARE
2004-05-30,NARE,29647900.0,NARE
2004-05-31,NARE,18871000.0,NARE
2004-06-01,NARE,18559500.0,NARE
2004-06-02,NARE,20750800.0,NARE
2004-06-03,NARE,14800000.0,NARE
2004-06-04,NARE,19634100.0,NARE
2004-06-05,NARE,22116000.0,NARE
2004-06-06,NARE,39982400.0,NARE
2004-06-07,NARE,27751700.0,NARE
2004-06-08,NARE,16606200.0,NARE
2004-06-09,NARE,21828900.0,NARE
2004-06-10,NARE,12811700.0,NARE
2004-06-11,NARE,12398700.0,NARE
2004-06-12,NARE,10560900.0,NARE
2004-06-13,NARE,9776800.0,NARE
2004-06-14,NARE,10263400.0,NARE
2004-06-15,NARE,8257600.0,NARE
2004-06-16,NARE,8492100.0,NARE
2004-06-17,NARE,8520100.0,NARE
2004-06-18,NARE,8443100.0,NARE
2004-06-19,NARE,7239000.0,NARE
2004-06-20,NARE,8292600.0,NARE
2004-06-21,NARE,11646100.0,NARE
2004-06-22,NARE,6808400.0,NARE
2004-06-23,NARE,7067500.0,NARE
2004-06-24,NARE,8495600.0,NARE
2004-06-25,NARE,6769900.0,NARE
2004-06-26,NARE,10410400.0,NARE
2004-06-27,NARE,10501400.0,NARE
2004-06-28,NARE,10343900.0,NARE
2004-06-29,NARE,7249500.0,NARE
2004-06-30,NARE,15965700.0,NARE
2004-07-01,NARE,12433700.0,NARE
2004-07-02,NARE,12867700.0,NARE
2004-07-03,NARE,9773300.0,NARE
2004-07-04,NARE,18902500.0,NARE
2004-07-05,NARE,18251500.0,NARE
2004-07-06,NARE,7855100.0,NARE
2004-07-07,NARE,23285100.0,NARE
2004-07-08,NARE,19844200.0,NARE
2004-07-09,NARE,16721800.0,NARE
2004-07-10,NARE,16522200.0,NARE
2004-07-11,NARE,14313400.0,NARE
2004-07-12,NARE,19207100.0,NARE
2004-07-13,NARE,35018700.0,NARE
2004-07-14,NARE,18678500.0,NARE
2004-07-15,NARE,18738000.0,NARE
2004-07-16,NARE,28278900.0,NARE
2004-07-17,NARE,13872400.0,NARE
2004-07-18,NARE,9167700.0,NARE
2004-07-19,NARE,35267300.0,NARE
2004-07-20,NARE,18815000.0,NARE
2004-07-21,NARE,31126200.0,NARE
2004-07-22,NARE,33873400.0,NARE
2004-07-23,NARE,26183500.0,NARE
2004-07-24,NARE,28598900.0,NARE
2004-07-25,NARE,16564200.0,NARE
2004-07-26,NARE,14253900.0,NARE
2004-07-27,NARE,14113900.0,NARE
2004-07-28,NARE,16684600.0,NARE
2004-07-29,NARE,12286700.0,NARE
2004-07-30,NARE,12776700.0,NARE
2004-07-31,NARE,10483900.0,NARE
2004-08-01,NARE,11789600.0,NARE
2004-08-02,NARE,9314800.0,NARE
2004-08-03,NARE,8294000.0,NARE
2004-08-04,NARE,10360700.0,NARE
2004-08-05,NARE,7603000.0,NARE
2004-08-06,NARE,12240800.0,NARE
2004-08-07,NARE,9981200.0,NARE
2004-08-08,NARE,6232200.0,NARE
2004-08-09,NARE,7137100.0,NARE
2004-08-10,NARE,8354200.0,NARE
2004-08-11,NARE,5467700.0,NARE
2004-08-12,NARE,5551700.0,NARE
2004-08-13,NARE,6881900.0,NARE
2004-08-14,NARE,4495700.0,NARE
2004-08-15,NARE,4498100.0,NARE
2004-08-16,NARE,6937900.0,NARE
2004-08-17,NARE,8049000.0,NARE
2004-08-18,NARE,23377900.0,NARE
2004-08-19,NARE,14381700.0,NARE
2004-08-20,NARE,19168600.0,NARE
2004-08-21,NARE,18710000.0,NARE
2004-08-22,NARE,12486900.0,NARE
2004-08-23,NARE,7902000.0,NARE
2004-08-24,NARE,9685800.0,NARE
2004-08-25,NARE,40106300.0,NARE
2004-08-26,NARE,23750400.0,NARE
2004-08-27,NARE,30909200.0,NARE
2004-08-28,NARE,23416400.0,NARE
2004-08-29,NARE,17116300.0,NARE
2004-08-30,NARE,11432500.0,NARE
2004-08-31,NARE,23934800.0,NARE
2004-09-01,NARE,19106600.0,NARE
2004-09-02,NARE,12603400.0,NARE
2004-09-03,NARE,9303900.0,NARE
2004-09-04,NARE,22288600.0,NARE
2004-09-05,NARE,30433100.0,NARE
2004-09-06,NARE,18682700.0,NARE
2004-09-07,NARE,19107300.0,NARE
2004-09-08,NARE,19173800.0,NARE
2004-09-09,NARE,22162900.0,NARE
2004-09-10,NARE,29314000.0,NARE
2004-09-11,NARE,30238500.0,NARE
2004-09-12,NARE,25669000.0,NARE
2004-09-13,NARE,18061700.0,NARE
2004-09-14,NARE,18156900.0,NARE
2004-09-15,NARE,23443700.0,NARE
2004-09-16,NARE,21220200.0,NARE
2004-09-17,NARE,22898700.0,NARE
2004-09-18,NARE,34707200.0,NARE
2004-09-19,NARE,28036700.0,NARE
2004-09-20,NARE,27852200.0,NARE
2004-09-21,NARE,18349500.0,NARE
2004-09-22,NARE,16145200.0,NARE
2004-09-23,NARE,22232200.0,NARE
2004-09-24,NARE,20390200.0,NARE
2004-09-25,NARE,15599500.0,NARE
2004-09-26,NARE,32827100.0,NARE
2004-09-27,NARE,27737700.0,NARE
2004-09-28,NARE,31025000.0,NARE
2004-09-29,NARE,22686600.0,NARE
2004-09-30,NARE,17673900.0,NARE
2004-10-01,NARE,17786900.0,NARE
2004-10-02,NARE,17234600.0,NARE
2004-10-03,NARE,17199200.0,NARE
2004-10-04,NARE,21419400.0,NARE
2004-10-05,NARE,17803400.0,NARE
2004-10-06,NARE,15048500.0,NARE
2004-10-07,NARE,29060900.0,NARE
2004-10-08,NARE,13886400.0,NARE
2004-10-09,NARE,14091200.0,NARE
2004-10-10,NARE,10697400.0,NARE
2004-10-11,NARE,32666400.0,NARE
2004-10-12,NARE,16854800.0,NARE
2004-10-13,NARE,37605600.0,NARE
2004-10-14,NARE,19322600.0,NARE
2004-10-15,NARE,14989000.0,NARE
2004-10-16,NARE,18612000.0,NARE
2004-10-17,NARE,28311800.0,NARE
2004-10-18,NARE,41869100.0,NARE
2004-10-19,NARE,27860300.0,NARE
2004-10-20,NARE,27394700.0,NARE
2004-10-21,NARE,24097200.0,NARE
2004-10-22,NARE,19445100.0,NARE
2004-10-23,NARE,22452000.0,NARE
2004-10-24,NARE,24384300.0,NARE
2004-10-25,NARE,37910100.0,NARE
2004-10-26,NARE,26561600.0,NARE
2004-10-27,NARE,37035000.0,NARE
2004-10-28,NARE,43706900.0,NARE
2004-10-29,NARE,36667400.0,NARE
2004-10-30,NARE,32473900.0,NARE
2004-10-31,NARE,32932400.0,NARE
2004-11-01,NARE,25255900.0,NARE
2004-11-02,NARE,28637400.0,NARE
2004-11-03,NARE,30240600.0,NARE
2004-11-04,NARE,27461200.0,NARE
2004-11-05,NARE,26988600.0,NARE
2004-11-06,NARE,32001300.0,NARE
2004-11-07,NARE,29491500.0,NARE
2004-11-08,NARE,35085200.0,NARE
2004-11-09,NARE,30454100.0,NARE
2004-11-10,NARE,32977900.0,NARE
2004-11-11,NARE,22662100.0,NARE
2004-11-12,NARE,24604800.0,NARE
2004-11-13,NARE,24223300.0,NARE
2004-11-14,NARE,52139500.0,NARE
2004-11-15,NARE,44792000.0,NARE
2004-11-16,NARE,32995400.0,NARE
2004-11-17,NARE,30237100.0,NARE
2004-11-18,NARE,48999600.0,NARE
2004-11-19,NARE,43080300.0,NARE
2004-11-20,NARE,51574900.0,NARE
2004-11-21,NARE,41974200.0,NARE
2004-11-22,NARE,32708400.0,NARE
2004-11-23,NARE,35421300.0,NARE
2004-11-24,NARE,32200800.0,NARE
2004-11-25,NARE,28840400.0,NARE
2004-11-26,NARE,34773700.0,NARE
2004-11-27,NARE,31847300.0,NARE
2004-11-28,NARE,22564000.0,NARE
2004-11-29,NARE,21625900.0,NARE
2004-11-30,NARE,18942200.0,NARE
2004-12-01,NARE,17774300.0,NARE
2004-12-02,NARE,20948700.0,NARE
2004-12-03,NARE,20997200.0,NARE
2004-12-04,NARE,17971900.0,NARE
2004-12-05,NARE,17569900.0,NARE
2004-12-06,NARE,22425000.0,NARE
2004-12-07,NARE,17497100.0,NARE
2004-12-08,NARE,17538700.0,NARE
2004-12-09,NARE,15133600.0,NARE
2004-12-10,NARE,12825700.0,NARE
2004-12-11,NARE,17632200.0,NARE
2004-12-12,NARE,17718900.0,NARE
2004-12-13,NARE,17050000.0,NARE
2004-12-14,NARE,17826300.0,NARE
2004-12-15,NARE,15286100.0,NARE
2004-12-16,NARE,17798600.0,NARE
2004-12-17,NARE,12877600.0,NARE
2004-12-18,NARE,13091500.0,NARE
2004-12-19,NARE,12784100.0,NARE
2004-12-20,NARE,14669300.0,NARE
2004-12-21,NARE,12836000.0,NARE
2004-12-22,NARE,11054800.0,NARE
2004-12-23,NARE,11619700.0,NARE
2004-12-24,NARE,10424100.0,NARE
2004-12-25,NARE,14149500.0,NARE
2004-12-26,NARE,13664300.0,NARE
2004-12-27,NARE,10663200.0,NARE
2004-12-28,NARE,11553800.0,NARE
2004-12-29,NARE,11311200.0,NARE
2004-12-30,NARE,8480000.0,NARE
2004-12-31,NARE,10178000.0,NARE
2005-01-01,NARE,12437500.0,NARE
2005-01-02,NARE,15254900.0,NARE
2005-01-03,NARE,14457900.0,NARE
2005-01-04,NARE,14898000.0,NARE
2005-01-05,NARE,10666700.0,NARE
2005-01-06,NARE,13841000.0,NARE
2005-01-07,NARE,13116800.0,NARE
2005-01-08,NARE,11124100.0,NARE
2005-01-09,NARE,17351500.0,NARE
2005-01-10,NARE,19240200.0,NARE
2005-01-11,NARE,9990900.0,NARE
2005-01-12,NARE,20318000.0,NARE
2005-01-13,NARE,13934600.0,NARE
2005-01-14,NARE,8913200.0,NARE
2005-01-15,NARE,12895000.0,NARE
2005-01-16,NARE,16963400.0,NARE
2005-01-17,NARE,15151000.0,NARE
2005-01-18,NARE,10614700.0,NARE
2005-01-19,NARE,13224200.0,NARE
2005-01-20,NARE,12479100.0,NARE
2005-01-21,NARE,11380600.0,NARE
2005-01-22,NARE,11235000.0,NARE
2005-01-23,NARE,9006700.0,NARE
2005-01-24,NARE,9741400.0,NARE
2005-01-25,NARE,10909300.0,NARE
2005-01-26,NARE,6269000.0,NARE
2005-01-27,NARE,3843200.0,NARE
2005-01-28,NARE,15490600.0,NARE
2005-01-29,NARE,14371200.0,NARE
2005-01-30,NARE,16041600.0,NARE
2005-01-31,NARE,8622100.0,NARE
2005-02-01,NARE,10129500.0,NARE
2005-02-02,NARE,9017100.0,NARE
2005-02-03,NARE,8791900.0,NARE
2005-02-04,NARE,9010200.0,NARE
2005-02-05,NARE,7911600.0,NARE
2005-02-06,NARE,10046400.0,NARE
2005-02-07,NARE,6074900.0,NARE
2005-02-08,NARE,12648900.0,NARE
2005-02-09,NARE,9128000.0,NARE
2005-02-10,NARE,15064300.0,NARE
2005-02-11,NARE,15715800.0,NARE
2005-02-12,NARE,9876500.0,NARE
2005-02-13,NARE,10909300.0,NARE
2005-02-14,NARE,6996800.0,NARE
2005-02-15,NARE,7869700.0,NARE
2005-02-16,NARE,9367100.0,NARE
2005-02-17,NARE,4874500.0,NARE
2005-02-18,NARE,11352100.0,NARE
2005-02-19,NARE,9432300.0,NARE
2005-02-20,NARE,8708700.0,NARE
2005-02-21,NARE,8578400.0,NARE
2005-02-22,NARE,6014600.0,NARE
2005-02-23,NARE,6987700.0,NARE
2005-02-24,NARE,7285400.0,NARE
2005-02-25,NARE,5423800.0,NARE
2005-02-26,NARE,9824600.0,NARE
2005-02-27,NARE,6724000.0,NARE
2005-02-28,NARE,7760900.0,NARE
2005-03-01,NARE,7890800.0,NARE
2005-03-02,NARE,6965600.0,NARE
2005-03-03,NARE,10469500.0,NARE
2005-03-04,NARE,11371900.0,NARE
2005-03-05,NARE,11239900.0,NARE
2005-03-06,NARE,8333000.0,NARE
2005-03-07,NARE,8542000.0,NARE
2005-03-08,NARE,6274600.0,NARE
2005-03-09,NARE,5465700.0,NARE
2005-03-10,NARE,8652900.0,NARE
2005-03-11,NARE,5688900.0,NARE
2005-03-12,NARE,6136600.0,NARE
2005-03-13,NARE,5718300.0,NARE
2005-03-14,NARE,5894000.0,NARE
2005-03-15,NARE,8491800.0,NARE
2005-03-16,NARE,8277600.0,NARE
2005-03-17,NARE,8070000.0,NARE
2005-03-18,NARE,16160500.0,NARE
2005-03-19,NARE,25175500.0,NARE
2005-03-20,NARE,30952100.0,NARE
2005-03-21,NARE,17405600.0,NARE
2005-03-22,NARE,10180100.0,NARE
2005-03-23,NARE,9309300.0,NARE
2005-03-24,NARE,16732300.0,NARE
2005-03-25,NARE,8917000.0,NARE
2005-03-26,NARE,12943500.0,NARE
2005-03-27,NARE,24586400.0,NARE
2005-03-28,NARE,11628700.0,NARE
2005-03-29,NARE,10269500.0,NARE
2005-03-30,NARE,6890700.0,NARE
2005-03-31,NARE,16391600.0,NARE
2005-04-01,NARE,10103200.0,NARE
2005-04-02,NARE,15500300.0,NARE
2005-04-03,NARE,16982800.0,NARE
2005-04-04,NARE,11610300.0,NARE
2005-04-05,NARE,8817900.0,NARE
2005-04-06,NARE,11397200.0,NARE
2005-04-07,NARE,14513300.0,NARE
2005-04-08,NARE,16586700.0,NARE
2005-04-09,NARE,20233800.0,NARE
2005-04-10,NARE,11298800.0,NARE
2005-04-11,NARE,9131100.0,NARE
2005-04-12,NARE,14783300.0,NARE
2005-04-13,NARE,12634700.0,NARE
2005-04-14,NARE,7347100.0,NARE
2005-04-15,NARE,9546300.0,NARE
2005-04-16,NARE,7856900.0,NARE
2005-04-17,NARE,18431700.0,NARE
2005-04-18,NARE,9643300.0,NARE
2005-04-19,NARE,8233900.0,NARE
2005-04-20,NARE,15798700.0,NARE
2005-04-21,NARE,15908500.0,NARE
2005-04-22,NARE,16113300.0,NARE
2005-04-23,NARE,17171300.0,NARE
2005-04-24,NARE,20379000.0,NARE
2005-04-25,NARE,30697000.0,NARE
2005-04-26,NARE,29978600.0,NARE
2005-04-27,NARE,22806200.0,NARE
2005-04-28,NARE,16536800.0,NARE
2005-04-29,NARE,13658400.0,NARE
2005-04-30,NARE,13484100.0,NARE
2005-05-01,NARE,13246700.0,NARE
2005-05-02,NARE,20115200.0,NARE
2005-05-03,NARE,14970800.0,NARE
2005-05-04,NARE,17887600.0,NARE
2005-05-05,NARE,17709500.0,NARE
2005-05-06,NARE,26441800.0,NARE
2005-05-07,NARE,27680300.0,NARE
2005-05-08,NARE,32199300.0,NARE
2005-05-09,NARE,26990000.0,NARE
2005-05-10,NARE,21661500.0,NARE
2005-05-11,NARE,17074600.0,NARE
2005-05-12,NARE,13019400.0,NARE
2005-05-13,NARE,14410400.0,NARE
2005-05-14,NARE,41404900.0,NARE
2005-05-15,NARE,33579600.0,NARE
2005-05-16,NARE,34601900.0,NARE
2005-05-17,NARE,36112100.0,NARE
2005-05-18,NARE,29064100.0,NARE
2005-05-19,NARE,36113200.0,NARE
2005-05-20,NARE,28140900.0,NARE
2005-05-21,NARE,24096000.0,NARE
2005-05-22,NARE,23195000.0,NARE
2005-05-23,NARE,33590300.0,NARE
2005-05-24,NARE,41866500.0,NARE
2005-05-25,NARE,30061800.0,NARE
2005-05-26,NARE,29097400.0,NARE
2005-05-27,NARE,18212700.0,NARE
2005-05-28,NARE,15049800.0,NARE
2005-05-29,NARE,12904300.0,NARE
2005-05-30,NARE,10744300.0,NARE
2005-05-31,NARE,28228900.0,NARE
2005-06-01,NARE,17168200.0,NARE
2005-06-02,NARE,25005000.0,NARE
2005-06-03,NARE,19570100.0,NARE
2005-06-04,NARE,15191200.0,NARE
2005-06-05,NARE,30521300.0,NARE
2005-06-06,NARE,54899400.0,NARE
2005-06-07,NARE,62148100.0,NARE
2005-06-08,NARE,40442900.0,NARE
2005-06-09,NARE,29464000.0,NARE
2005-06-10,NARE,20778900.0,NARE
2005-06-11,NARE,50598100.0,NARE
2005-06-12,NARE,31996200.0,NARE
2005-06-13,NARE,26861400.0,NARE
2005-06-14,NARE,23837500.0,NARE
2005-06-15,NARE,25949700.0,NARE
2005-06-16,NARE,21930400.0,NARE
2005-06-17,NARE,15924100.0,NARE
2005-06-18,NARE,20517900.0,NARE
2005-06-19,NARE,13642800.0,NARE
2005-06-20,NARE,14277000.0,NARE
2005-06-21,NARE,13480600.0,NARE
2005-06-22,NARE,12145700.0,NARE
2005-06-23,NARE,10143400.0,NARE
2005-06-24,NARE,10920700.0,NARE
2005-06-25,NARE,12114500.0,NARE
2005-06-26,NARE,10764400.0,NARE
2005-06-27,NARE,12569600.0,NARE
2005-06-28,NARE,15960200.0,NARE
2005-06-29,NARE,37984500.0,NARE
2005-06-30,NARE,13194700.0,NARE
2005-07-01,NARE,12000900.0,NARE
2005-07-02,NARE,11175100.0,NARE
2005-07-03,NARE,33762900.0,NARE
2005-07-04,NARE,21502500.0,NARE
2005-07-05,NARE,24130000.0,NARE
2005-07-06,NARE,24543400.0,NARE
2005-07-07,NARE,25610100.0,NARE
2005-07-08,NARE,15198800.0,NARE
2005-07-09,NARE,14476200.0,NARE
2005-07-10,NARE,11718400.0,NARE
2005-07-11,NARE,10222100.0,NARE
2005-07-12,NARE,11720900.0,NARE
2005-07-13,NARE,11713200.0,NARE
2005-07-14,NARE,18727300.0,NARE
2005-07-15,NARE,19626600.0,NARE
2005-07-16,NARE,15859000.0,NARE
2005-07-17,NARE,15764700.0,NARE
2005-07-18,NARE,28541100.0,NARE
2005-07-19,NARE,19545900.0,NARE
2005-07-20,NARE,9667200.0,NARE
2005-07-21,NARE,11131000.0,NARE
2005-07-22,NARE,10682600.0,NARE
2005-07-23,NARE,9739700.0,NARE
2005-07-24,NARE,8806100.0,NARE
2005-07-25,NARE,10690900.0,NARE
2005-07-26,NARE,10145500.0,NARE
2005-07-27,NARE,6502200.0,NARE
2005-07-28,NARE,9326900.0,NARE
2005-07-29,NARE,6664100.0,NARE
2005-07-30,NARE,5188800.0,NARE
2005-07-31,NARE,11971800.0,NARE
2005-08-01,NARE,19710100.0,NARE
2005-08-02,NARE,13236300.0,NARE
2005-08-03,NARE,6982200.0,NARE
2005-08-04,NARE,11526500.0,NARE
2005-08-05,NARE,4655500.0,NARE
2005-08-06,NARE,7332900.0,NARE
2005-08-07,NARE,8971400.0,NARE
2005-08-08,NARE,6843900.0,NARE
2005-08-09,NARE,7563400.0,NARE
2005-08-10,NARE,7075800.0,NARE
2005-08-11,NARE,6947200.0,NARE
2005-08-12,NARE,7647900.0,NARE
2005-08-13,NARE,7848200.0,NARE
2005-08-14,NARE,16339600.0,NARE
2005-08-15,NARE,13833100.0,NARE
2005-08-16,NARE,10622300.0,NARE
2005-08-17,NARE,18502100.0,NARE
2005-08-18,NARE,37251200.0,NARE
2005-08-19,NARE,18701700.0,NARE
2005-08-20,NARE,7678100.0,NARE
2005-08-21,NARE,8241500.0,NARE
2005-08-22,NARE,16110900.0,NARE
2005-08-23,NARE,12386600.0,NARE
2005-08-24,NARE,16392000.0,NARE
2005-08-25,NARE,11564900.0,NARE
2005-08-26,NARE,7782400.0,NARE
2005-08-27,NARE,19230500.0,NARE
2005-08-28,NARE,17512700.0,NARE
2005-08-29,NARE,15881800.0,NARE
2005-08-30,NARE,11052700.0,NARE
2005-08-31,NARE,12795200.0,NARE
2005-09-01,NARE,15339500.0,NARE
2005-09-02,NARE,18391200.0,NARE
2005-09-03,NARE,24878500.0,NARE
2005-09-04,NARE,15535600.0,NARE
2005-09-05,NARE,16281800.0,NARE
2005-09-06,NARE,33054200.0,NARE
2005-09-07,NARE,28727600.0,NARE
2005-09-08,NARE,14390300.0,NARE
2005-09-09,NARE,11298400.0,NARE
2005-09-10,NARE,9996500.0,NARE
2005-09-11,NARE,12320700.0,NARE
2005-09-12,NARE,8816100.0,NARE
2005-09-13,NARE,12327700.0,NARE
2005-09-14,NARE,8870900.0,NARE
2005-09-15,NARE,17845400.0,NARE
2005-09-16,NARE,10134400.0,NARE
2005-09-17,NARE,6304400.0,NARE
2005-09-18,NARE,9597600.0,NARE
2005-09-19,NARE,7778200.0,NARE
2005-09-20,NARE,6782600.0,NARE
2005-09-21,NARE,10219300.0,NARE
2005-09-22,NARE,11494900.0,NARE
2005-09-23,NARE,29876000.0,NARE
2005-09-24,NARE,16731900.0,NARE
2005-09-25,NARE,20956000.0,NARE
2005-09-26,NARE,23988200.0,NARE
2005-09-27,NARE,24748900.0,NARE
2005-09-28,NARE,36640300.0,NARE
2005-09-29,NARE,23340200.0,NARE
2005-09-30,NARE,19814400.0,NARE
2005-10-01,NARE,20992300.0,NARE
2005-10-02,NARE,14682400.0,NARE
2005-10-03,NARE,19535100.0,NARE
2005-10-04,NARE,16197200.0,NARE
2005-10-05,NARE,27471400.0,NARE
2005-10-06,NARE,18201600.0,NARE
2005-10-07,NARE,16258500.0,NARE
2005-10-08,NARE,16277200.0,NARE
2005-10-09,NARE,21866700.0,NARE
2005-10-10,NARE,15872800.0,NARE
2005-10-11,NARE,18015200.0,NARE
2005-10-12,NARE,19251000.0,NARE
2005-10-13,NARE,11243000.0,NARE
2005-10-14,NARE,21346500.0,NARE
2005-10-15,NARE,25318600.0,NARE
2005-10-16,NARE,30771200.0,NARE
2005-10-17,NARE,24043300.0,NARE
2005-10-18,NARE,19760000.0,NARE
2005-10-19,NARE,23981300.0,NARE
2005-10-20,NARE,32502200.0,NARE
2005-10-21,NARE,21679900.0,NARE
2005-10-22,NARE,20528700.0,NARE
2005-10-23,NARE,27231200.0,NARE
2005-10-24,NARE,39409900.0,NARE
2005-10-25,NARE,30029900.0,NARE
2005-10-26,NARE,29334400.0,NARE
2005-10-27,NARE,27404800.0,NARE
2005-10-28,NARE,40228700.0,NARE
2005-10-29,NARE,27497700.0,NARE
2005-10-30,NARE,24070700.0,NARE
2005-10-31,NARE,25423300.0,NARE
2005-11-01,NARE,38238900.0,NARE
2005-11-02,NARE,30495300.0,NARE
2005-11-03,NARE,32067300.0,NARE
2005-11-04,NARE,25635000.0,NARE
2005-11-05,NARE,18858000.0,NARE
2005-11-06,NARE,26195700.0,NARE
2005-11-07,NARE,17460400.0,NARE
2005-11-08,NARE,23828500.0,NARE
2005-11-09,NARE,36848200.0,NARE
2005-11-10,NARE,39115600.0,NARE
2005-11-11,NARE,27798200.0,NARE
2005-11-12,NARE,25916800.0,NARE
2005-11-13,NARE,26277200.0,NARE
2005-11-14,NARE,28583800.0,NARE
2005-11-15,NARE,32321300.0,NARE
2005-11-16,NARE,30768700.0,NARE
2005-11-17,NARE,25935100.0,NARE
2005-11-18,NARE,30394800.0,NARE
2005-11-19,NARE,27047500.0,NARE
2005-11-20,NARE,22316800.0,NARE
2005-11-21,NARE,23532900.0,NARE
2005-11-22,NARE,36999300.0,NARE
2005-11-23,NARE,30217700.0,NARE
2005-11-24,NARE,20242100.0,NARE
2005-11-25,NARE,19962100.0,NARE
2005-11-26,NARE,18639300.0,NARE
2005-11-27,NARE,13616100.0,NARE
2005-11-28,NARE,13906200.0,NARE
2005-11-29,NARE,15698200.0,NARE
2005-11-30,NARE,13199200.0,NARE
2005-12-01,NARE,10503100.0,NARE
2005-12-02,NARE,11477600.0,NARE
2005-12-03,NARE,11480600.0,NARE
2005-12-04,NARE,12093700.0,NARE
2005-12-05,NARE,14058700.0,NARE
2005-12-06,NARE,13483600.0,NARE
2005-12-07,NARE,13787700.0,NARE
2005-12-08,NARE,12009700.0,NARE
2005-12-09,NARE,11592600.0,NARE
2005-12-10,NARE,12186200.0,NARE
2005-12-11,NARE,17762200.0,NARE
2005-12-12,NARE,18005200.0,NARE
2005-12-13,NARE,15279300.0,NARE
2005-12-14,NARE,12159200.0,NARE
2005-12-15,NARE,13049400.0,NARE
2005-12-16,NARE,10325200.0,NARE
2005-12-17,NARE,10211200.0,NARE
2005-12-18,NARE,11695300.0,NARE
2005-12-19,NARE,9316300.0,NARE
2005-12-20,NARE,13299900.0,NARE
2005-12-21,NARE,17850900.0,NARE
2005-12-22,NARE,14263200.0,NARE
2005-12-23,NARE,12792000.0,NARE
2005-12-24,NARE,16423100.0,NARE
2005-12-25,NARE,18285800.0,NARE
2005-12-26,NARE,13441200.0,NARE
2005-12-27,NARE,11053000.0,NARE
2005-12-28,NARE,8642500.0,NARE
2005-12-29,NARE,8685200.0,NARE
2005-12-30,NARE,10707900.0,NARE
2005-12-31,NARE,7546800.0,NARE
2006-01-01,NARE,7579600.0,NARE
2006-01-02,NARE,11699100.0,NARE
2006-01-03,NARE,11298700.0,NARE
2006-01-04,NARE,9009400.0,NARE
2006-01-05,NARE,11928500.0,NARE
2006-01-06,NARE,13422800.0,NARE
2006-01-07,NARE,18282000.0,NARE
2006-01-08,NARE,21061800.0,NARE
2006-01-09,NARE,13706100.0,NARE
2006-01-10,NARE,10827000.0,NARE
2006-01-11,NARE,11177500.0,NARE
2006-01-12,NARE,11874900.0,NARE
2006-01-13,NARE,11667700.0,NARE
2006-01-14,NARE,9329200.0,NARE
2006-01-15,NARE,8322700.0,NARE
2006-01-16,NARE,11230800.0,NARE
2006-01-17,NARE,8590600.0,NARE
2006-01-18,NARE,7568000.0,NARE
2006-01-19,NARE,9451400.0,NARE
2006-01-20,NARE,7153900.0,NARE
2006-01-21,NARE,7321200.0,NARE
2006-01-22,NARE,6682200.0,NARE
2006-01-23,NARE,11375900.0,NARE
2006-01-24,NARE,10132400.0,NARE
2006-01-25,NARE,9536400.0,NARE
2006-01-26,NARE,7421900.0,NARE
2006-01-27,NARE,11079200.0,NARE
2006-01-28,NARE,10768000.0,NARE
2006-01-29,NARE,28022500.0,NARE
2006-01-30,NARE,15337300.0,NARE
2006-01-31,NARE,15813500.0,NARE
2006-02-01,NARE,19896100.0,NARE
2006-02-02,NARE,14207900.0,NARE
2006-02-03,NARE,34133700.0,NARE
2006-02-04,NARE,24707200.0,NARE
2006-02-05,NARE,12943200.0,NARE
2006-02-06,NARE,10088000.0,NARE
2006-02-07,NARE,9812200.0,NARE
2006-02-08,NARE,8000800.0,NARE
2006-02-09,NARE,6502300.0,NARE
2006-02-10,NARE,6840900.0,NARE
2006-02-11,NARE,8665000.0,NARE
2006-02-12,NARE,12865800.0,NARE
2006-02-13,NARE,9109100.0,NARE
2006-02-14,NARE,7678900.0,NARE
2006-02-15,NARE,6938900.0,NARE
2006-02-16,NARE,5800900.0,NARE
2006-02-17,NARE,10238900.0,NARE
2006-02-18,NARE,8674200.0,NARE
2006-02-19,NARE,9119700.0,NARE
2006-02-20,NARE,6516300.0,NARE
2006-02-21,NARE,7515400.0,NARE
2006-02-22,NARE,8634000.0,NARE
2006-02-23,NARE,6893200.0,NARE
2006-02-24,NARE,8663600.0,NARE
2006-02-25,NARE,6070600.0,NARE
2006-02-26,NARE,8734600.0,NARE
2006-02-27,NARE,9809500.0,NARE
2006-02-28,NARE,8566400.0,NARE
2006-03-01,NARE,6344300.0,NARE
2006-03-02,NARE,6124500.0,NARE
2006-03-03,NARE,8000100.0,NARE
2006-03-04,NARE,6856300.0,NARE
2006-03-05,NARE,6401700.0,NARE
2006-03-06,NARE,9836800.0,NARE
2006-03-07,NARE,14977600.0,NARE
2006-03-08,NARE,7096600.0,NARE
2006-03-09,NARE,22516900.0,NARE
2006-03-10,NARE,16328900.0,NARE
2006-03-11,NARE,13379800.0,NARE
2006-03-12,NARE,11031100.0,NARE
2006-03-13,NARE,7856100.0,NARE
2006-03-14,NARE,7958100.0,NARE
2006-03-15,NARE,8285500.0,NARE
2006-03-16,NARE,10430400.0,NARE
2006-03-17,NARE,23528900.0,NARE
2006-03-18,NARE,9458300.0,NARE
2006-03-19,NARE,8246500.0,NARE
2006-03-20,NARE,8786200.0,NARE
2006-03-21,NARE,10405800.0,NARE
2006-03-22,NARE,23053500.0,NARE
2006-03-23,NARE,27659700.0,NARE
2006-03-24,NARE,16617000.0,NARE
2006-03-25,NARE,12378300.0,NARE
2006-03-26,NARE,12446300.0,NARE
2006-03-27,NARE,15147200.0,NARE
2006-03-28,NARE,14281300.0,NARE
2006-03-29,NARE,9974000.0,NARE
2006-03-30,NARE,16298500.0,NARE
2006-03-31,NARE,10406500.0,NARE
2006-04-01,NARE,8532200.0,NARE
2006-04-02,NARE,6459700.0,NARE
2006-04-03,NARE,13847100.0,NARE
2006-04-04,NARE,13620100.0,NARE
2006-04-05,NARE,10618100.0,NARE
2006-04-06,NARE,19887600.0,NARE
2006-04-07,NARE,17243300.0,NARE
2006-04-08,NARE,28874200.0,NARE
2006-04-09,NARE,18833600.0,NARE
2006-04-10,NARE,15136600.0,NARE
2006-04-11,NARE,22837700.0,NARE
2006-04-12,NARE,20998000.0,NARE
2006-04-13,NARE,22981400.0,NARE
2006-04-14,NARE,29689900.0,NARE
2006-04-15,NARE,24337900.0,NARE
2006-04-16,NARE,26108400.0,NARE
2006-04-17,NARE,19627200.0,NARE
2006-04-18,NARE,13929000.0,NARE
2006-04-19,NARE,24678900.0,NARE
2006-04-20,NARE,25196700.0,NARE
2006-04-21,NARE,18608700.0,NARE
2006-04-22,NARE,14660800.0,NARE
2006-04-23,NARE,13907200.0,NARE
2006-04-24,NARE,15132500.0,NARE
2006-04-25,NARE,12717600.0,NARE
2006-04-26,NARE,40874000.0,NARE
2006-04-27,NARE,40874000.0,NARE
2006-04-28,NARE,22916200.0,NARE
2006-04-29,NARE,27594900.0,NARE
2006-04-30,NARE,34095800.0,NARE
2006-05-01,NARE,38638900.0,NARE
2006-05-02,NARE,36752400.0,NARE
2006-05-03,NARE,37482200.0,NARE
2006-05-04,NARE,35303800.0,NARE
2006-05-05,NARE,35880700.0,NARE
2006-05-06,NARE,40632000.0,NARE
2006-05-07,NARE,45374400.0,NARE
2006-05-08,NARE,33985900.0,NARE
2006-05-09,NARE,45694600.0,NARE
2006-05-10,NARE,34252200.0,NARE
2006-05-11,NARE,27275000.0,NARE
2006-05-12,NARE,31604100.0,NARE
2006-05-13,NARE,25858500.0,NARE
2006-05-14,NARE,20425600.0,NARE
2006-05-15,NARE,16124400.0,NARE
2006-05-16,NARE,16045300.0,NARE
2006-05-17,NARE,36562600.0,NARE
2006-05-18,NARE,31794900.0,NARE
2006-05-19,NARE,45673400.0,NARE
2006-05-20,NARE,32291900.0,NARE
2006-05-21,NARE,23728600.0,NARE
2006-05-22,NARE,16976100.0,NARE
2006-05-23,NARE,19529600.0,NARE
2006-05-24,NARE,17041900.0,NARE
2006-05-25,NARE,14201400.0,NARE
2006-05-26,NARE,12499200.0,NARE
2006-05-27,NARE,12646600.0,NARE
2006-05-28,NARE,20787400.0,NARE
2006-05-29,NARE,14254000.0,NARE
2006-05-30,NARE,12622100.0,NARE
2006-05-31,NARE,12267800.0,NARE
2006-06-01,NARE,28427000.0,NARE
2006-06-02,NARE,26959300.0,NARE
2006-06-03,NARE,24896600.0,NARE
2006-06-04,NARE,18838400.0,NARE
2006-06-05,NARE,24203700.0,NARE
2006-06-06,NARE,24485700.0,NARE
2006-06-07,NARE,22835300.0,NARE
2006-06-08,NARE,27292400.0,NARE
2006-06-09,NARE,23253800.0,NARE
2006-06-10,NARE,31443700.0,NARE
2006-06-11,NARE,25966000.0,NARE
2006-06-12,NARE,18535900.0,NARE
2006-06-13,NARE,17321200.0,NARE
2006-06-14,NARE,14744800.0,NARE
2006-06-15,NARE,16092000.0,NARE
2006-06-16,NARE,18156000.0,NARE
2006-06-17,NARE,15639100.0,NARE
2006-06-18,NARE,12901600.0,NARE
2006-06-19,NARE,16229200.0,NARE
2006-06-20,NARE,15604300.0,NARE
2006-06-21,NARE,13446700.0,NARE
2006-06-22,NARE,14688100.0,NARE
2006-06-23,NARE,11025000.0,NARE
2006-06-24,NARE,9425500.0,NARE
2006-06-25,NARE,8493700.0,NARE
2006-06-26,NARE,8892000.0,NARE
2006-06-27,NARE,13852200.0,NARE
2006-06-28,NARE,7427300.0,NARE
2006-06-29,NARE,8509700.0,NARE
2006-06-30,NARE,8489200.0,NARE
2006-07-01,NARE,8716600.0,NARE
2006-07-02,NARE,6394800.0,NARE
2006-07-03,NARE,9593400.0,NARE
2006-07-04,NARE,9313500.0,NARE
2006-07-05,NARE,5472200.0,NARE
2006-07-06,NARE,7522900.0,NARE
2006-07-07,NARE,6972400.0,NARE
2006-07-08,NARE,7236200.0,NARE
2006-07-09,NARE,5765100.0,NARE
2006-07-10,NARE,6844000.0,NARE
2006-07-11,NARE,7370000.0,NARE
2006-07-12,NARE,5868500.0,NARE
2006-07-13,NARE,11509000.0,NARE
2006-07-14,NARE,24418100.0,NARE
2006-07-15,NARE,13977100.0,NARE
2006-07-16,NARE,10736500.0,NARE
2006-07-17,NARE,8783500.0,NARE
2006-07-18,NARE,9986600.0,NARE
2006-07-19,NARE,7345800.0,NARE
2006-07-20,NARE,6175700.0,NARE
2006-07-21,NARE,11142000.0,NARE
2006-07-22,NARE,11556400.0,NARE
2006-07-23,NARE,13904400.0,NARE
2006-07-24,NARE,25543100.0,NARE
2006-07-25,NARE,13213200.0,NARE
2006-07-26,NARE,11368400.0,NARE
2006-07-27,NARE,19755900.0,NARE
2006-07-28,NARE,15241100.0,NARE
2006-07-29,NARE,12168400.0,NARE
2006-07-30,NARE,10419100.0,NARE
2006-07-31,NARE,12519300.0,NARE
2006-08-01,NARE,6675700.0,NARE
2006-08-02,NARE,6674700.0,NARE
2006-08-03,NARE,5197400.0,NARE
2006-08-04,NARE,5731300.0,NARE
2006-08-05,NARE,6607500.0,NARE
2006-08-06,NARE,6312200.0,NARE
2006-08-07,NARE,6681900.0,NARE
2006-08-08,NARE,9162700.0,NARE
2006-08-09,NARE,13821200.0,NARE
2006-08-10,NARE,7090800.0,NARE
2006-08-11,NARE,8114400.0,NARE
2006-08-12,NARE,5595800.0,NARE
2006-08-13,NARE,5455800.0,NARE
2006-08-14,NARE,5981800.0,NARE
2006-08-15,NARE,10714400.0,NARE
2006-08-16,NARE,15486500.0,NARE
2006-08-17,NARE,17424200.0,NARE
2006-08-18,NARE,28711000.0,NARE
2006-08-19,NARE,16375700.0,NARE
2006-08-20,NARE,14689500.0,NARE
2006-08-21,NARE,20509200.0,NARE
2006-08-22,NARE,10955300.0,NARE
2006-08-23,NARE,10729000.0,NARE
2006-08-24,NARE,14004100.0,NARE
2006-08-25,NARE,20053200.0,NARE
2006-08-26,NARE,22928900.0,NARE
2006-08-27,NARE,23450400.0,NARE
2006-08-28,NARE,11250600.0,NARE
2006-08-29,NARE,13166800.0,NARE
2006-08-30,NARE,12966100.0,NARE
2006-08-31,NARE,22198800.0,NARE
2006-09-01,NARE,13468200.0,NARE
2006-09-02,NARE,15028400.0,NARE
2006-09-03,NARE,20377800.0,NARE
2006-09-04,NARE,11956500.0,NARE
2006-09-05,NARE,11096000.0,NARE
2006-09-06,NARE,12087900.0,NARE
2006-09-07,NARE,20030300.0,NARE
2006-09-08,NARE,30141500.0,NARE
2006-09-09,NARE,25377200.0,NARE
2006-09-10,NARE,27088000.0,NARE
2006-09-11,NARE,31013600.0,NARE
2006-09-12,NARE,19762300.0,NARE
2006-09-13,NARE,20466200.0,NARE
2006-09-14,NARE,24954300.0,NARE
2006-09-15,NARE,19507400.0,NARE
2006-09-16,NARE,14929800.0,NARE
2006-09-17,NARE,13748800.0,NARE
2006-09-18,NARE,17725300.0,NARE
2006-09-19,NARE,21540300.0,NARE
2006-09-20,NARE,22423400.0,NARE
2006-09-21,NARE,31861100.0,NARE
2006-09-22,NARE,29368100.0,NARE
2006-09-23,NARE,16552500.0,NARE
2006-09-24,NARE,12856600.0,NARE
2006-09-25,NARE,12354100.0,NARE
2006-09-26,NARE,16338100.0,NARE
2006-09-27,NARE,12221000.0,NARE
2006-09-28,NARE,9335400.0,NARE
2006-09-29,NARE,9405700.0,NARE
2006-09-30,NARE,13274300.0,NARE
2006-10-01,NARE,17764200.0,NARE
2006-10-02,NARE,25502200.0,NARE
2006-10-03,NARE,11612100.0,NARE
2006-10-04,NARE,11839000.0,NARE
2006-10-05,NARE,25502200.0,NARE
2006-10-06,NARE,9492100.0,NARE
2006-10-07,NARE,11093900.0,NARE
2006-10-08,NARE,8295000.0,NARE
2006-10-09,NARE,16467500.0,NARE
2006-10-10,NARE,24274700.0,NARE
2006-10-11,NARE,23494500.0,NARE
2006-10-12,NARE,17891200.0,NARE
2006-10-13,NARE,24431100.0,NARE
2006-10-14,NARE,28056300.0,NARE
2006-10-15,NARE,23586300.0,NARE
2006-10-16,NARE,22371800.0,NARE
2006-10-17,NARE,17336200.0,NARE
2006-10-18,NARE,17928700.0,NARE
2006-10-19,NARE,25984800.0,NARE
2006-10-20,NARE,15458900.0,NARE
2006-10-21,NARE,26961000.0,NARE
2006-10-22,NARE,38358400.0,NARE
2006-10-23,NARE,14622900.0,NARE
2006-10-24,NARE,20485300.0,NARE
2006-10-25,NARE,37867900.0,NARE
2006-10-26,NARE,21386700.0,NARE
2006-10-27,NARE,20806800.0,NARE
2006-10-28,NARE,41600000.0,NARE
2006-10-29,NARE,37693800.0,NARE
2006-10-30,NARE,28194200.0,NARE
2006-10-31,NARE,50208000.0,NARE
2006-11-01,NARE,15603200.0,NARE
2006-11-02,NARE,15697400.0,NARE
2006-11-03,NARE,14073700.0,NARE
2006-11-04,NARE,11725400.0,NARE
2006-11-05,NARE,12184800.0,NARE
2006-11-06,NARE,16479800.0,NARE
2006-11-07,NARE,22254700.0,NARE
2006-11-08,NARE,22704600.0,NARE
2006-11-09,NARE,16470600.0,NARE
2006-11-10,NARE,16967200.0,NARE
2006-11-11,NARE,38594900.0,NARE
2006-11-12,NARE,51775000.0,NARE
2006-11-13,NARE,37938200.0,NARE
2006-11-14,NARE,40813600.0,NARE
2006-11-15,NARE,61237100.0,NARE
2006-11-16,NARE,45227000.0,NARE
2006-11-17,NARE,34197900.0,NARE
2006-11-18,NARE,27584300.0,NARE
2006-11-19,NARE,25975600.0,NARE
2006-11-20,NARE,21760500.0,NARE
2006-11-21,NARE,27307800.0,NARE
2006-11-22,NARE,29777000.0,NARE
2006-11-23,NARE,20929400.0,NARE
2006-11-24,NARE,26781800.0,NARE
2006-11-25,NARE,26331300.0,NARE
2006-11-26,NARE,34250100.0,NARE
2006-11-27,NARE,24870000.0,NARE
2006-11-28,NARE,21808600.0,NARE
2006-11-29,NARE,20943000.0,NARE
2006-11-30,NARE,20117300.0,NARE
2006-12-01,NARE,19336900.0,NARE
2006-12-02,NARE,17160500.0,NARE
2006-12-03,NARE,16892600.0,NARE
2006-12-04,NARE,12268900.0,NARE
2006-12-05,NARE,14480900.0,NARE
2006-12-06,NARE,16761200.0,NARE
2006-12-07,NARE,20008000.0,NARE
2006-12-08,NARE,15479600.0,NARE
2006-12-09,NARE,22945800.0,NARE
2006-12-10,NARE,21493500.0,NARE
2006-12-11,NARE,21626900.0,NARE
2006-12-12,NARE,26346800.0,NARE
2006-12-13,NARE,12508000.0,NARE
2006-12-14,NARE,15268000.0,NARE
2006-12-15,NARE,16595600.0,NARE
2006-12-16,NARE,15078300.0,NARE
2006-12-17,NARE,9917900.0,NARE
2006-12-18,NARE,18083400.0,NARE
2006-12-19,NARE,11826400.0,NARE
2006-12-20,NARE,23535100.0,NARE
2006-12-21,NARE,10229300.0,NARE
2006-12-22,NARE,14717200.0,NARE
2006-12-23,NARE,15114800.0,NARE
2006-12-24,NARE,13227700.0,NARE
2006-12-25,NARE,10809300.0,NARE
2006-12-26,NARE,21068700.0,NARE
2006-12-27,NARE,20575300.0,NARE
2006-12-28,NARE,14005500.0,NARE
2006-12-29,NARE,7011300.0,NARE
2006-12-30,NARE,10814300.0,NARE
2006-12-31,NARE,11732500.0,NARE
2007-01-01,NARE,6922500.0,NARE
2007-01-02,NARE,9995600.0,NARE
2007-01-03,NARE,7731700.0,NARE
2007-01-04,NARE,10804600.0,NARE
2007-01-05,NARE,10516600.0,NARE
2007-01-06,NARE,9082400.0,NARE
2007-01-07,NARE,7517200.0,NARE
2007-01-08,NARE,14221700.0,NARE
2007-01-09,NARE,14776500.0,NARE
2007-01-10,NARE,8675800.0,NARE
2007-01-11,NARE,10109300.0,NARE
2007-01-12,NARE,16000900.0,NARE
2007-01-13,NARE,7349900.0,NARE
2007-01-14,NARE,17990200.0,NARE
2007-01-15,NARE,9598400.0,NARE
2007-01-16,NARE,15742100.0,NARE
2007-01-17,NARE,29012700.0,NARE
2007-01-18,NARE,16577800.0,NARE
2007-01-19,NARE,13275000.0,NARE
2007-01-20,NARE,10333200.0,NARE
2007-01-21,NARE,11473700.0,NARE
2007-01-22,NARE,10106300.0,NARE
2007-01-23,NARE,16857700.0,NARE
2007-01-24,NARE,9225600.0,NARE
2007-01-25,NARE,8677800.0,NARE
2007-01-26,NARE,10199800.0,NARE
2007-01-27,NARE,13781900.0,NARE
2007-01-28,NARE,8808200.0,NARE
2007-01-29,NARE,8533600.0,NARE
2007-01-30,NARE,7312300.0,NARE
2007-01-31,NARE,9105900.0,NARE
2007-02-01,NARE,8273800.0,NARE
2007-02-02,NARE,5134600.0,NARE
2007-02-03,NARE,7262400.0,NARE
2007-02-04,NARE,5936200.0,NARE
2007-02-05,NARE,8443100.0,NARE
2007-02-06,NARE,4657500.0,NARE
2007-02-07,NARE,5958000.0,NARE
2007-02-08,NARE,6614700.0,NARE
2007-02-09,NARE,7795400.0,NARE
2007-02-10,NARE,5816100.0,NARE
2007-02-11,NARE,7450800.0,NARE
2007-02-12,NARE,5496300.0,NARE
2007-02-13,NARE,6000500.0,NARE
2007-02-14,NARE,6536300.0,NARE
2007-02-15,NARE,6330100.0,NARE
2007-02-16,NARE,6412500.0,NARE
2007-02-17,NARE,6105500.0,NARE
2007-02-18,NARE,4570700.0,NARE
2007-02-19,NARE,5849700.0,NARE
2007-02-20,NARE,7092100.0,NARE
2007-02-21,NARE,4784300.0,NARE
2007-02-22,NARE,5412200.0,NARE
2007-02-23,NARE,4598200.0,NARE
2007-02-24,NARE,4588100.0,NARE
2007-02-25,NARE,12173400.0,NARE
2007-02-26,NARE,6735400.0,NARE
2007-02-27,NARE,3892200.0,NARE
2007-02-28,NARE,7319400.0,NARE
2007-03-01,NARE,5134900.0,NARE
2007-03-02,NARE,3971300.0,NARE
2007-03-03,NARE,6825900.0,NARE
2007-03-04,NARE,23255900.0,NARE
2007-03-05,NARE,13523700.0,NARE
2007-03-06,NARE,7953700.0,NARE
2007-03-07,NARE,9500800.0,NARE
2007-03-08,NARE,21911500.0,NARE
2007-03-09,NARE,24523800.0,NARE
2007-03-10,NARE,9198800.0,NARE
2007-03-11,NARE,9521600.0,NARE
2007-03-12,NARE,9929900.0,NARE
2007-03-13,NARE,7828300.0,NARE
2007-03-14,NARE,9476700.0,NARE
2007-03-15,NARE,7565100.0,NARE
2007-03-16,NARE,9232600.0,NARE
2007-03-17,NARE,7043800.0,NARE
2007-03-18,NARE,8953000.0,NARE
2007-03-19,NARE,12144900.0,NARE
2007-03-20,NARE,11711100.0,NARE
2007-03-21,NARE,10300700.0,NARE
2007-03-22,NARE,16046800.0,NARE
2007-03-23,NARE,9720400.0,NARE
2007-03-24,NARE,8422000.0,NARE
2007-03-25,NARE,8560500.0,NARE
2007-03-26,NARE,11389600.0,NARE
2007-03-27,NARE,12159600.0,NARE
2007-03-28,NARE,15091700.0,NARE
2007-03-29,NARE,14300200.0,NARE
2007-03-30,NARE,16840300.0,NARE
2007-03-31,NARE,21571900.0,NARE
2007-04-01,NARE,20116700.0,NARE
2007-04-02,NARE,16886200.0,NARE
2007-04-03,NARE,29666700.0,NARE
2007-04-04,NARE,28901400.0,NARE
2007-04-05,NARE,30561500.0,NARE
2007-04-06,NARE,28483000.0,NARE
2007-04-07,NARE,20000700.0,NARE
2007-04-08,NARE,32656100.0,NARE
2007-04-09,NARE,38444800.0,NARE
2007-04-10,NARE,18156100.0,NARE
2007-04-11,NARE,13864700.0,NARE
2007-04-12,NARE,15068500.0,NARE
2007-04-13,NARE,12217000.0,NARE
2007-04-14,NARE,11841500.0,NARE
2007-04-15,NARE,15457400.0,NARE
2007-04-16,NARE,15864400.0,NARE
2007-04-17,NARE,8870900.0,NARE
2007-04-18,NARE,11171700.0,NARE
2007-04-19,NARE,13807000.0,NARE
2007-04-20,NARE,11900200.0,NARE
2007-04-21,NARE,28298300.0,NARE
2007-04-22,NARE,14056400.0,NARE
2007-04-23,NARE,19237000.0,NARE
2007-04-24,NARE,20851800.0,NARE
2007-04-25,NARE,28274500.0,NARE
2007-04-26,NARE,28437700.0,NARE
2007-04-27,NARE,30193800.0,NARE
2007-04-28,NARE,18517200.0,NARE
2007-04-29,NARE,18411900.0,NARE
2007-04-30,NARE,18934900.0,NARE
2007-05-01,NARE,18514200.0,NARE
2007-05-02,NARE,18054600.0,NARE
2007-05-03,NARE,18026400.0,NARE
2007-05-04,NARE,34741000.0,NARE
2007-05-05,NARE,21714100.0,NARE
2007-05-06,NARE,28487000.0,NARE
2007-05-07,NARE,26800400.0,NARE
2007-05-08,NARE,44139200.0,NARE
2007-05-09,NARE,28077700.0,NARE
2007-05-10,NARE,29930900.0,NARE
2007-05-11,NARE,17948600.0,NARE
2007-05-12,NARE,16232500.0,NARE
2007-05-13,NARE,18056900.0,NARE
2007-05-14,NARE,18169600.0,NARE
2007-05-15,NARE,16291500.0,NARE
2007-05-16,NARE,20598700.0,NARE
2007-05-17,NARE,21179400.0,NARE
2007-05-18,NARE,47691100.0,NARE
2007-05-19,NARE,25222400.0,NARE
2007-05-20,NARE,30250700.0,NARE
2007-05-21,NARE,38827300.0,NARE
2007-05-22,NARE,33299500.0,NARE
2007-05-23,NARE,32844500.0,NARE
2007-05-24,NARE,29571500.0,NARE
2007-05-25,NARE,28286200.0,NARE
2007-05-26,NARE,37424600.0,NARE
2007-05-27,NARE,42677600.0,NARE
2007-05-28,NARE,37135600.0,NARE
2007-05-29,NARE,39268800.0,NARE
2007-05-30,NARE,30686600.0,NARE
2007-05-31,NARE,34972300.0,NARE
2007-06-01,NARE,34667900.0,NARE
2007-06-02,NARE,38489000.0,NARE
2007-06-03,NARE,31522700.0,NARE
2007-06-04,NARE,25293500.0,NARE
2007-06-05,NARE,39501100.0,NARE
2007-06-06,NARE,33736600.0,NARE
2007-06-07,NARE,28931200.0,NARE
2007-06-08,NARE,20023500.0,NARE
2007-06-09,NARE,32580700.0,NARE
2007-06-10,NARE,19424700.0,NARE
2007-06-11,NARE,18285500.0,NARE
2007-06-12,NARE,20187100.0,NARE
2007-06-13,NARE,17476600.0,NARE
2007-06-14,NARE,13553200.0,NARE
2007-06-15,NARE,12233400.0,NARE
2007-06-16,NARE,14443000.0,NARE
2007-06-17,NARE,13363500.0,NARE
2007-06-18,NARE,21510900.0,NARE
2007-06-19,NARE,15572400.0,NARE
2007-06-20,NARE,11988300.0,NARE
2007-06-21,NARE,17883300.0,NARE
2007-06-22,NARE,16904300.0,NARE
2007-06-23,NARE,12341000.0,NARE
2007-06-24,NARE,12469100.0,NARE
2007-06-25,NARE,10401300.0,NARE
2007-06-26,NARE,11529000.0,NARE
2007-06-27,NARE,9412300.0,NARE
2007-06-28,NARE,9051600.0,NARE
2007-06-29,NARE,11370100.0,NARE
2007-06-30,NARE,9394500.0,NARE
2007-07-01,NARE,9019700.0,NARE
2007-07-02,NARE,8980200.0,NARE
2007-07-03,NARE,8978200.0,NARE
2007-07-04,NARE,9071700.0,NARE
2007-07-05,NARE,6939600.0,NARE
2007-07-06,NARE,8063300.0,NARE
2007-07-07,NARE,7398800.0,NARE
2007-07-08,NARE,22386600.0,NARE
2007-07-09,NARE,15993500.0,NARE
2007-07-10,NARE,21248400.0,NARE
2007-07-11,NARE,14605600.0,NARE
2007-07-12,NARE,10775700.0,NARE
2007-07-13,NARE,15719600.0,NARE
2007-07-14,NARE,14214700.0,NARE
2007-07-15,NARE,11393900.0,NARE
2007-07-16,NARE,22540800.0,NARE
2007-07-17,NARE,18170200.0,NARE
2007-07-18,NARE,19853500.0,NARE
2007-07-19,NARE,13832800.0,NARE
2007-07-20,NARE,12536100.0,NARE
2007-07-21,NARE,19985900.0,NARE
2007-07-22,NARE,26355200.0,NARE
2007-07-23,NARE,19801500.0,NARE
2007-07-24,NARE,31150900.0,NARE
2007-07-25,NARE,16618000.0,NARE
2007-07-26,NARE,9805900.0,NARE
2007-07-27,NARE,16796700.0,NARE
2007-07-28,NARE,23233400.0,NARE
2007-07-29,NARE,10161600.0,NARE
2007-07-30,NARE,9896400.0,NARE
2007-07-31,NARE,9812600.0,NARE
2007-08-01,NARE,9100500.0,NARE
2007-08-02,NARE,9246400.0,NARE
2007-08-03,NARE,9963500.0,NARE
2007-08-04,NARE,9357700.0,NARE
2007-08-05,NARE,12239100.0,NARE
2007-08-06,NARE,15167400.0,NARE
2007-08-07,NARE,10183400.0,NARE
2007-08-08,NARE,14599900.0,NARE
2007-08-09,NARE,12828800.0,NARE
2007-08-10,NARE,11181100.0,NARE
2007-08-11,NARE,10987300.0,NARE
2007-08-12,NARE,8194700.0,NARE
2007-08-13,NARE,14680700.0,NARE
2007-08-14,NARE,24025600.0,NARE
2007-08-15,NARE,23350100.0,NARE
2007-08-16,NARE,27458500.0,NARE
2007-08-17,NARE,32247100.0,NARE
2007-08-18,NARE,25819200.0,NARE
2007-08-19,NARE,27607700.0,NARE
2007-08-20,NARE,29953000.0,NARE
2007-08-21,NARE,15353200.0,NARE
2007-08-22,NARE,12571300.0,NARE
2007-08-23,NARE,16884200.0,NARE
2007-08-24,NARE,18247000.0,NARE
2007-08-25,NARE,30065000.0,NARE
2007-08-26,NARE,24604900.0,NARE
2007-08-27,NARE,21712700.0,NARE
2007-08-28,NARE,25595200.0,NARE
2007-08-29,NARE,52177400.0,NARE
2007-08-30,NARE,28270100.0,NARE
2007-08-31,NARE,23746000.0,NARE
2007-09-01,NARE,29215500.0,NARE
2007-09-02,NARE,23204600.0,NARE
2007-09-03,NARE,22926700.0,NARE
2007-09-04,NARE,16365600.0,NARE
2007-09-05,NARE,13212000.0,NARE
2007-09-06,NARE,21861300.0,NARE
2007-09-07,NARE,31806600.0,NARE
2007-09-08,NARE,26944200.0,NARE
2007-09-09,NARE,22941400.0,NARE
2007-09-10,NARE,25467800.0,NARE
2007-09-11,NARE,21831100.0,NARE
2007-09-12,NARE,17026000.0,NARE
2007-09-13,NARE,12274600.0,NARE
2007-09-14,NARE,27675700.0,NARE
2007-09-15,NARE,30203100.0,NARE
2007-09-16,NARE,23371500.0,NARE
2007-09-17,NARE,15056800.0,NARE
2007-09-18,NARE,21508600.0,NARE
2007-09-19,NARE,26642800.0,NARE
2007-09-20,NARE,22682900.0,NARE
2007-09-21,NARE,39826000.0,NARE
2007-09-22,NARE,37991500.0,NARE
2007-09-23,NARE,34180800.0,NARE
2007-09-24,NARE,27358600.0,NARE
2007-09-25,NARE,29731400.0,NARE
2007-09-26,NARE,30104900.0,NARE
2007-09-27,NARE,31441200.0,NARE
2007-09-28,NARE,21965900.0,NARE
2007-09-29,NARE,17333500.0,NARE
2007-09-30,NARE,20290000.0,NARE
2007-10-01,NARE,32056400.0,NARE
2007-10-02,NARE,21700300.0,NARE
2007-10-03,NARE,39706000.0,NARE
2007-10-04,NARE,36955300.0,NARE
2007-10-05,NARE,32959200.0,NARE
2007-10-06,NARE,27676400.0,NARE
2007-10-07,NARE,27579500.0,NARE
2007-10-08,NARE,31874000.0,NARE
2007-10-09,NARE,52557200.0,NARE
2007-10-10,NARE,50056000.0,NARE
2007-10-11,NARE,37592300.0,NARE
2007-10-12,NARE,45918700.0,NARE
2007-10-13,NARE,31199100.0,NARE
2007-10-14,NARE,37767600.0,NARE
2007-10-15,NARE,32999700.0,NARE
2007-10-16,NARE,25410500.0,NARE
2007-10-17,NARE,28050900.0,NARE
2007-10-18,NARE,43619300.0,NARE
2007-10-19,NARE,33401400.0,NARE
2007-10-20,NARE,35585800.0,NARE
2007-10-21,NARE,31563900.0,NARE
2007-10-22,NARE,26318300.0,NARE
2007-10-23,NARE,30924900.0,NARE
2007-10-24,NARE,22549200.0,NARE
2007-10-25,NARE,26972100.0,NARE
2007-10-26,NARE,38517500.0,NARE
2007-10-27,NARE,43236100.0,NARE
2007-10-28,NARE,41715800.0,NARE
2007-10-29,NARE,47641200.0,NARE
2007-10-30,NARE,42983300.0,NARE
2007-10-31,NARE,35888500.0,NARE
2007-11-01,NARE,36534900.0,NARE
2007-11-02,NARE,34626200.0,NARE
2007-11-03,NARE,29788400.0,NARE
2007-11-04,NARE,30402600.0,NARE
2007-11-05,NARE,34205100.0,NARE
2007-11-06,NARE,33007500.0,NARE
2007-11-07,NARE,29566800.0,NARE
2007-11-08,NARE,24883200.0,NARE
2007-11-09,NARE,26018500.0,NARE
2007-11-10,NARE,33231800.0,NARE
2007-11-11,NARE,31791200.0,NARE
2007-11-12,NARE,22842900.0,NARE
2007-11-13,NARE,35812400.0,NARE
2007-11-14,NARE,26535900.0,NARE
2007-11-15,NARE,20183400.0,NARE
2007-11-16,NARE,22737100.0,NARE
2007-11-17,NARE,31947100.0,NARE
2007-11-18,NARE,21921000.0,NARE
2007-11-19,NARE,19461300.0,NARE
2007-11-20,NARE,17488300.0,NARE
2007-11-21,NARE,14502300.0,NARE
2007-11-22,NARE,20469900.0,NARE
2007-11-23,NARE,21494500.0,NARE
2007-11-24,NARE,19400200.0,NARE
2007-11-25,NARE,27903400.0,NARE
2007-11-26,NARE,16393100.0,NARE
2007-11-27,NARE,17015800.0,NARE
2007-11-28,NARE,18962300.0,NARE
2007-11-29,NARE,15089400.0,NARE
2007-11-30,NARE,16147700.0,NARE
2007-12-01,NARE,13826200.0,NARE
2007-12-02,NARE,16762400.0,NARE
2007-12-03,NARE,24073400.0,NARE
2007-12-04,NARE,20139900.0,NARE
2007-12-05,NARE,13789100.0,NARE
2007-12-06,NARE,11624300.0,NARE
2007-12-07,NARE,15173400.0,NARE
2007-12-08,NARE,14457600.0,NARE
2007-12-09,NARE,15140100.0,NARE
2007-12-10,NARE,13990200.0,NARE
2007-12-11,NARE,14142800.0,NARE
2007-12-12,NARE,13562500.0,NARE
2007-12-13,NARE,13646800.0,NARE
2007-12-14,NARE,14438000.0,NARE
2007-12-15,NARE,12244700.0,NARE
2007-12-16,NARE,22020900.0,NARE
2007-12-17,NARE,20281000.0,NARE
2007-12-18,NARE,15082900.0,NARE
2007-12-19,NARE,18981400.0,NARE
2007-12-20,NARE,17408800.0,NARE
2007-12-21,NARE,15801200.0,NARE
2007-12-22,NARE,20763800.0,NARE
2007-12-23,NARE,45878100.0,NARE
2007-12-24,NARE,33166100.0,NARE
2007-12-25,NARE,29669600.0,NARE
2007-12-26,NARE,27761100.0,NARE
2007-12-27,NARE,25748900.0,NARE
2007-12-28,NARE,24302100.0,NARE
2007-12-29,NARE,25319800.0,NARE
2007-12-30,NARE,19571400.0,NARE
2007-12-31,NARE,16851400.0,NARE
2008-01-01,NARE,11870200.0,NARE
2008-01-02,NARE,16654500.0,NARE
2008-01-03,NARE,14005200.0,NARE
2008-01-04,NARE,13992700.0,NARE
2008-01-05,NARE,8250100.0,NARE
2008-01-06,NARE,31170400.0,NARE
2008-01-07,NARE,18897800.0,NARE
2008-01-08,NARE,13773300.0,NARE
2008-01-09,NARE,23600300.0,NARE
2008-01-10,NARE,29474800.0,NARE
2008-01-11,NARE,25031400.0,NARE
2008-01-12,NARE,18210300.0,NARE
2008-01-13,NARE,16063100.0,NARE
2008-01-14,NARE,20908500.0,NARE
2008-01-15,NARE,29227200.0,NARE
2008-01-16,NARE,15490300.0,NARE
2008-01-17,NARE,19303700.0,NARE
2008-01-18,NARE,13060500.0,NARE
2008-01-19,NARE,11840500.0,NARE
2008-01-20,NARE,13083300.0,NARE
2008-01-21,NARE,19435200.0,NARE
2008-01-22,NARE,14180300.0,NARE
2008-01-23,NARE,19336300.0,NARE
2008-01-24,NARE,10215700.0,NARE
2008-01-25,NARE,17763600.0,NARE
2008-01-26,NARE,11611100.0,NARE
2008-01-27,NARE,9746900.0,NARE
2008-01-28,NARE,9266000.0,NARE
2008-01-29,NARE,9334900.0,NARE
2008-01-30,NARE,9088000.0,NARE
2008-01-31,NARE,9549700.0,NARE
2008-02-01,NARE,10245800.0,NARE
2008-02-02,NARE,7529700.0,NARE
2008-02-03,NARE,9625800.0,NARE
2008-02-04,NARE,7749800.0,NARE
2008-02-05,NARE,8735000.0,NARE
2008-02-06,NARE,10227900.0,NARE
2008-02-07,NARE,11570400.0,NARE
2008-02-08,NARE,12364400.0,NARE
2008-02-09,NARE,11078300.0,NARE
2008-02-10,NARE,15371700.0,NARE
2008-02-11,NARE,10378700.0,NARE
2008-02-12,NARE,7487200.0,NARE
2008-02-13,NARE,28341000.0,NARE
2008-02-14,NARE,20027700.0,NARE
2008-02-15,NARE,15893700.0,NARE
2008-02-16,NARE,15186200.0,NARE
2008-02-17,NARE,15783300.0,NARE
2008-02-18,NARE,16485100.0,NARE
2008-02-19,NARE,20668400.0,NARE
2008-02-20,NARE,24187400.0,NARE
2008-02-21,NARE,32023700.0,NARE
2008-02-22,NARE,31817800.0,NARE
2008-02-23,NARE,28491100.0,NARE
2008-02-24,NARE,32722200.0,NARE
2008-02-25,NARE,22851300.0,NARE
2008-02-26,NARE,14215700.0,NARE
2008-02-27,NARE,17054300.0,NARE
2008-02-28,NARE,16587300.0,NARE
2008-02-29,NARE,14704200.0,NARE
2008-03-01,NARE,11515400.0,NARE
2008-03-02,NARE,13757600.0,NARE
2008-03-03,NARE,15352700.0,NARE
2008-03-04,NARE,28433600.0,NARE
2008-03-05,NARE,22532600.0,NARE
2008-03-06,NARE,22678700.0,NARE
2008-03-07,NARE,24524700.0,NARE
2008-03-08,NARE,21407400.0,NARE
2008-03-09,NARE,22645200.0,NARE
2008-03-10,NARE,18438300.0,NARE
2008-03-11,NARE,21502800.0,NARE
2008-03-12,NARE,25856500.0,NARE
2008-03-13,NARE,28709800.0,NARE
2008-03-14,NARE,39896000.0,NARE
2008-03-15,NARE,31912200.0,NARE
2008-03-16,NARE,20889600.0,NARE
2008-03-17,NARE,18625900.0,NARE
2008-03-18,NARE,18268900.0,NARE
2008-03-19,NARE,22055900.0,NARE
2008-03-20,NARE,16637700.0,NARE
2008-03-21,NARE,15440300.0,NARE
2008-03-22,NARE,17104400.0,NARE
2008-03-23,NARE,15691800.0,NARE
2008-03-24,NARE,30935600.0,NARE
2008-03-25,NARE,22614100.0,NARE
2008-03-26,NARE,19696100.0,NARE
2008-03-27,NARE,16495800.0,NARE
2008-03-28,NARE,14065300.0,NARE
2008-03-29,NARE,12493400.0,NARE
2008-03-30,NARE,16040600.0,NARE
2008-03-31,NARE,24788100.0,NARE
2008-04-01,NARE,23284400.0,NARE
2008-04-02,NARE,25144700.0,NARE
2008-04-03,NARE,33024500.0,NARE
2008-04-04,NARE,23961900.0,NARE
2008-04-05,NARE,19221600.0,NARE
2008-04-06,NARE,19563200.0,NARE
2008-04-07,NARE,19028600.0,NARE
2008-04-08,NARE,26990300.0,NARE
2008-04-09,NARE,25767200.0,NARE
2008-04-10,NARE,17257700.0,NARE
2008-04-11,NARE,14858900.0,NARE
2008-04-12,NARE,12985800.0,NARE
2008-04-13,NARE,19248400.0,NARE
2008-04-14,NARE,30996300.0,NARE
2008-04-15,NARE,34441500.0,NARE
2008-04-16,NARE,21686000.0,NARE
2008-04-17,NARE,12606500.0,NARE
2008-04-18,NARE,14228500.0,NARE
2008-04-19,NARE,12127300.0,NARE
2008-04-20,NARE,18458300.0,NARE
2008-04-21,NARE,14976600.0,NARE
2008-04-22,NARE,12805000.0,NARE
2008-04-23,NARE,26646300.0,NARE
2008-04-24,NARE,22621000.0,NARE
2008-04-25,NARE,24574600.0,NARE
2008-04-26,NARE,24172500.0,NARE
2008-04-27,NARE,22656700.0,NARE
2008-04-28,NARE,17158400.0,NARE
2008-04-29,NARE,16359300.0,NARE
2008-04-30,NARE,17463200.0,NARE
2008-05-01,NARE,17501700.0,NARE
2008-05-02,NARE,26903300.0,NARE
2008-05-03,NARE,32241200.0,NARE
2008-05-04,NARE,27328700.0,NARE
2008-05-05,NARE,31670700.0,NARE
2008-05-06,NARE,30463200.0,NARE
2008-05-07,NARE,22152100.0,NARE
2008-05-08,NARE,16632500.0,NARE
2008-05-09,NARE,13880900.0,NARE
2008-05-10,NARE,16332400.0,NARE
2008-05-11,NARE,14185600.0,NARE
2008-05-12,NARE,13268700.0,NARE
2008-05-13,NARE,12092600.0,NARE
2008-05-14,NARE,15543600.0,NARE
2008-05-15,NARE,31301300.0,NARE
2008-05-16,NARE,21006500.0,NARE
2008-05-17,NARE,16406700.0,NARE
2008-05-18,NARE,15793400.0,NARE
2008-05-19,NARE,28548900.0,NARE
2008-05-20,NARE,47416400.0,NARE
2008-05-21,NARE,47836800.0,NARE
2008-05-22,NARE,36885900.0,NARE
2008-05-23,NARE,28649800.0,NARE
2008-05-24,NARE,27016900.0,NARE
2008-05-25,NARE,38390000.0,NARE
2008-05-26,NARE,42460300.0,NARE
2008-05-27,NARE,39388400.0,NARE
2008-05-28,NARE,53176600.0,NARE
2008-05-29,NARE,64174200.0,NARE
2008-05-30,NARE,45771400.0,NARE
2008-05-31,NARE,32045900.0,NARE
2008-06-01,NARE,35784500.0,NARE
2008-06-02,NARE,33698600.0,NARE
2008-06-03,NARE,39787900.0,NARE
2008-06-04,NARE,26841700.0,NARE
2008-06-05,NARE,27117700.0,NARE
2008-06-06,NARE,27097600.0,NARE
2008-06-07,NARE,44353700.0,NARE
2008-06-08,NARE,52067800.0,NARE
2008-06-09,NARE,48710300.0,NARE
2008-06-10,NARE,41416600.0,NARE
2008-06-11,NARE,25819600.0,NARE
2008-06-12,NARE,21899400.0,NARE
2008-06-13,NARE,22919700.0,NARE
2008-06-14,NARE,20835500.0,NARE
2008-06-15,NARE,24441100.0,NARE
2008-06-16,NARE,26134600.0,NARE
2008-06-17,NARE,19760000.0,NARE
2008-06-18,NARE,19799600.0,NARE
2008-06-19,NARE,22012300.0,NARE
2008-06-20,NARE,17474800.0,NARE
2008-06-21,NARE,20645100.0,NARE
2008-06-22,NARE,35861300.0,NARE
2008-06-23,NARE,35966800.0,NARE
2008-06-24,NARE,56084600.0,NARE
2008-06-25,NARE,25702100.0,NARE
2008-06-26,NARE,23687700.0,NARE
2008-06-27,NARE,18973300.0,NARE
2008-06-28,NARE,15859300.0,NARE
2008-06-29,NARE,17989800.0,NARE
2008-06-30,NARE,15364100.0,NARE
2008-07-01,NARE,26185500.0,NARE
2008-07-02,NARE,29453200.0,NARE
2008-07-03,NARE,49818000.0,NARE
2008-07-04,NARE,45361600.0,NARE
2008-07-05,NARE,38491600.0,NARE
2008-07-06,NARE,25999700.0,NARE
2008-07-07,NARE,22564400.0,NARE
2008-07-08,NARE,32706300.0,NARE
2008-07-09,NARE,41701900.0,NARE
2008-07-10,NARE,30181100.0,NARE
2008-07-11,NARE,18313900.0,NARE
2008-07-12,NARE,22288300.0,NARE
2008-07-13,NARE,25592400.0,NARE
2008-07-14,NARE,33608700.0,NARE
2008-07-15,NARE,41138100.0,NARE
2008-07-16,NARE,48437400.0,NARE
2008-07-17,NARE,33397800.0,NARE
2008-07-18,NARE,33628500.0,NARE
2008-07-19,NARE,23987800.0,NARE
2008-07-20,NARE,21386200.0,NARE
2008-07-21,NARE,19597200.0,NARE
2008-07-22,NARE,16230900.0,NARE
2008-07-23,NARE,16873200.0,NARE
2008-07-24,NARE,16025200.0,NARE
2008-07-25,NARE,18014500.0,NARE
2008-07-26,NARE,27134700.0,NARE
2008-07-27,NARE,25198500.0,NARE
2008-07-28,NARE,35722600.0,NARE
2008-07-29,NARE,28434300.0,NARE
2008-07-30,NARE,25890000.0,NARE
2008-07-31,NARE,46855100.0,NARE
2008-08-01,NARE,23730800.0,NARE
2008-08-02,NARE,23530200.0,NARE
2008-08-03,NARE,23151500.0,NARE
2008-08-04,NARE,17744900.0,NARE
2008-08-05,NARE,29915700.0,NARE
2008-08-06,NARE,22875400.0,NARE
2008-08-07,NARE,15465400.0,NARE
2008-08-08,NARE,14377100.0,NARE
2008-08-09,NARE,15477400.0,NARE
2008-08-10,NARE,14719700.0,NARE
2008-08-11,NARE,32956100.0,NARE
2008-08-12,NARE,16230500.0,NARE
2008-08-13,NARE,16241500.0,NARE
2008-08-14,NARE,30315300.0,NARE
2008-08-15,NARE,45798000.0,NARE
2008-08-16,NARE,30482300.0,NARE
2008-08-17,NARE,35711300.0,NARE
2008-08-18,NARE,43391400.0,NARE
2008-08-19,NARE,43640900.0,NARE
2008-08-20,NARE,37989400.0,NARE
2008-08-21,NARE,24639300.0,NARE
2008-08-22,NARE,48423200.0,NARE
2008-08-23,NARE,42115200.0,NARE
2008-08-24,NARE,42810300.0,NARE
2008-08-25,NARE,41466200.0,NARE
2008-08-26,NARE,34108100.0,NARE
2008-08-27,NARE,29183800.0,NARE
2008-08-28,NARE,37410700.0,NARE
2008-08-29,NARE,41982900.0,NARE
2008-08-30,NARE,61489100.0,NARE
2008-08-31,NARE,65573900.0,NARE
2008-09-01,NARE,51891900.0,NARE
2008-09-02,NARE,41564200.0,NARE
2008-09-03,NARE,46978200.0,NARE
2008-09-04,NARE,37772400.0,NARE
2008-09-05,NARE,37302400.0,NARE
2008-09-06,NARE,32603600.0,NARE
2008-09-07,NARE,33833100.0,NARE
2008-09-08,NARE,23341500.0,NARE
2008-09-09,NARE,21791100.0,NARE
2008-09-10,NARE,20195300.0,NARE
2008-09-11,NARE,18432200.0,NARE
2008-09-12,NARE,19677900.0,NARE
2008-09-13,NARE,19471200.0,NARE
2008-09-14,NARE,28068300.0,NARE
2008-09-15,NARE,31215600.0,NARE
2008-09-16,NARE,20398800.0,NARE
2008-09-17,NARE,15541100.0,NARE
2008-09-18,NARE,20450800.0,NARE
2008-09-19,NARE,19148500.0,NARE
2008-09-20,NARE,18545800.0,NARE
2008-09-21,NARE,26063800.0,NARE
2008-09-22,NARE,20313200.0,NARE
2008-09-23,NARE,37319800.0,NARE
2008-09-24,NARE,26941100.0,NARE
2008-09-25,NARE,19224200.0,NARE
2008-09-26,NARE,19767800.0,NARE
2008-09-27,NARE,30999000.0,NARE
2008-09-28,NARE,54597100.0,NARE
2008-09-29,NARE,25380800.0,NARE
2008-09-30,NARE,35133400.0,NARE
2008-10-01,NARE,54671100.0,NARE
2008-10-02,NARE,29115900.0,NARE
2008-10-03,NARE,28662900.0,NARE
2008-10-04,NARE,28552800.0,NARE
2008-10-05,NARE,34191300.0,NARE
2008-10-06,NARE,26293100.0,NARE
2008-10-07,NARE,28242800.0,NARE
2008-10-08,NARE,22150600.0,NARE
2008-10-09,NARE,28825000.0,NARE
2008-10-10,NARE,31320700.0,NARE
2008-10-11,NARE,31133100.0,NARE
2008-10-12,NARE,45459300.0,NARE
2008-10-13,NARE,47815900.0,NARE
2008-10-14,NARE,47154500.0,NARE
2008-10-15,NARE,40621700.0,NARE
2008-10-16,NARE,37098600.0,NARE
2008-10-17,NARE,38535100.0,NARE
2008-10-18,NARE,36659700.0,NARE
2008-10-19,NARE,48666000.0,NARE
2008-10-20,NARE,35146400.0,NARE
2008-10-21,NARE,29096100.0,NARE
2008-10-22,NARE,33731900.0,NARE
2008-10-23,NARE,31918500.0,NARE
2008-10-24,NARE,37599400.0,NARE
2008-10-25,NARE,26719200.0,NARE
2008-10-26,NARE,22833000.0,NARE
2008-10-27,NARE,26493100.0,NARE
2008-10-28,NARE,34166100.0,NARE
2008-10-29,NARE,31798500.0,NARE
2008-10-30,NARE,32297500.0,NARE
2008-10-31,NARE,23359900.0,NARE
2008-11-01,NARE,38163900.0,NARE
2008-11-02,NARE,52284700.0,NARE
2008-11-03,NARE,39030200.0,NARE
2008-11-04,NARE,37154900.0,NARE
2008-11-05,NARE,32568200.0,NARE
2008-11-06,NARE,59870000.0,NARE
2008-11-07,NARE,35228600.0,NARE
2008-11-08,NARE,28662500.0,NARE
2008-11-09,NARE,26880300.0,NARE
2008-11-10,NARE,22358400.0,NARE
2008-11-11,NARE,23101200.0,NARE
2008-11-12,NARE,21697300.0,NARE
2008-11-13,NARE,25741000.0,NARE
2008-11-14,NARE,25425300.0,NARE
2008-11-15,NARE,41132400.0,NARE
2008-11-16,NARE,34207500.0,NARE
2008-11-17,NARE,29125800.0,NARE
2008-11-18,NARE,39780500.0,NARE
2008-11-19,NARE,43152200.0,NARE
2008-11-20,NARE,51447700.0,NARE
2008-11-21,NARE,50345300.0,NARE
2008-11-22,NARE,35272400.0,NARE
2008-11-23,NARE,37283300.0,NARE
2008-11-24,NARE,50366900.0,NARE
2008-11-25,NARE,45117800.0,NARE
2008-11-26,NARE,38765100.0,NARE
2008-11-27,NARE,32945500.0,NARE
2008-11-28,NARE,44877500.0,NARE
2008-11-29,NARE,40620700.0,NARE
2008-11-30,NARE,41632500.0,NARE
2008-12-01,NARE,33778600.0,NARE
2008-12-02,NARE,29802500.0,NARE
2008-12-03,NARE,25365500.0,NARE
2008-12-04,NARE,23299400.0,NARE
2008-12-05,NARE,20913000.0,NARE
2008-12-06,NARE,23728400.0,NARE
2008-12-07,NARE,27641200.0,NARE
2008-12-08,NARE,27659600.0,NARE
2008-12-09,NARE,21670800.0,NARE
2008-12-10,NARE,18928300.0,NARE
2008-12-11,NARE,15853200.0,NARE
2008-12-12,NARE,20369400.0,NARE
2008-12-13,NARE,17362600.0,NARE
2008-12-14,NARE,20543900.0,NARE
2008-12-15,NARE,18863900.0,NARE
2008-12-16,NARE,15920500.0,NARE
2008-12-17,NARE,13373100.0,NARE
2008-12-18,NARE,15915900.0,NARE
2008-12-19,NARE,14410000.0,NARE
2008-12-20,NARE,15506800.0,NARE
2008-12-21,NARE,16418400.0,NARE
2008-12-22,NARE,20683700.0,NARE
2008-12-23,NARE,15709900.0,NARE
2008-12-24,NARE,16805200.0,NARE
2008-12-25,NARE,16314000.0,NARE
2008-12-26,NARE,11475800.0,NARE
2008-12-27,NARE,14247900.0,NARE
2008-12-28,NARE,12322300.0,NARE
2008-12-29,NARE,13038300.0,NARE
2008-12-30,NARE,12630900.0,NARE
2008-12-31,NARE,13536900.0,NARE
2009-01-01,NARE,20953000.0,NARE
2009-01-02,NARE,14179600.0,NARE
2009-01-03,NARE,52942600.0,NARE
2009-01-04,NARE,36756400.0,NARE
2009-01-05,NARE,26021700.0,NARE
2009-01-06,NARE,16133900.0,NARE
2009-01-07,NARE,12735700.0,NARE
2009-01-08,NARE,14135400.0,NARE
2009-01-09,NARE,12980900.0,NARE
2009-01-10,NARE,19706600.0,NARE
2009-01-11,NARE,13547500.0,NARE
2009-01-12,NARE,22266400.0,NARE
2009-01-13,NARE,20931100.0,NARE
2009-01-14,NARE,33361300.0,NARE
2009-01-15,NARE,21784400.0,NARE
2009-01-16,NARE,22692800.0,NARE
2009-01-17,NARE,42231700.0,NARE
2009-01-18,NARE,20807900.0,NARE
2009-01-19,NARE,31864300.0,NARE
2009-01-20,NARE,32422800.0,NARE
2009-01-21,NARE,23402100.0,NARE
2009-01-22,NARE,23235700.0,NARE
2009-01-23,NARE,20331900.0,NARE
2009-01-24,NARE,13870300.0,NARE
2009-01-25,NARE,13877400.0,NARE
2009-01-26,NARE,14255700.0,NARE
2009-01-27,NARE,7683300.0,NARE
2009-01-28,NARE,13246400.0,NARE
2009-01-29,NARE,15741400.0,NARE
2009-01-30,NARE,17458900.0,NARE
2009-01-31,NARE,19525000.0,NARE
2009-02-01,NARE,12377900.0,NARE
2009-02-02,NARE,13230100.0,NARE
2009-02-03,NARE,15239600.0,NARE
2009-02-04,NARE,13747500.0,NARE
2009-02-05,NARE,16194800.0,NARE
2009-02-06,NARE,10999400.0,NARE
2009-02-07,NARE,9696000.0,NARE
2009-02-08,NARE,13065900.0,NARE
2009-02-09,NARE,13958400.0,NARE
2009-02-10,NARE,29050800.0,NARE
2009-02-11,NARE,34510500.0,NARE
2009-02-12,NARE,27226000.0,NARE
2009-02-13,NARE,18008200.0,NARE
2009-02-14,NARE,18337700.0,NARE
2009-02-15,NARE,13873100.0,NARE
2009-02-16,NARE,15912300.0,NARE
2009-02-17,NARE,13836300.0,NARE
2009-02-18,NARE,18862500.0,NARE
2009-02-19,NARE,26265200.0,NARE
2009-02-20,NARE,20045300.0,NARE
2009-02-21,NARE,15556000.0,NARE
2009-02-22,NARE,15850400.0,NARE
2009-02-23,NARE,12445100.0,NARE
2009-02-24,NARE,12780600.0,NARE
2009-02-25,NARE,10682300.0,NARE
2009-02-26,NARE,12014800.0,NARE
2009-02-27,NARE,10897800.0,NARE
2009-02-28,NARE,11583000.0,NARE
2009-03-01,NARE,7857100.0,NARE
2009-03-02,NARE,14766700.0,NARE
2009-03-03,NARE,27383900.0,NARE
2009-03-04,NARE,18139100.0,NARE
2009-03-05,NARE,14079800.0,NARE
2009-03-06,NARE,20013800.0,NARE
2009-03-07,NARE,13291700.0,NARE
2009-03-08,NARE,7608300.0,NARE
2009-03-09,NARE,10661100.0,NARE
2009-03-10,NARE,9858100.0,NARE
2009-03-11,NARE,9038100.0,NARE
2009-03-12,NARE,15582500.0,NARE
2009-03-13,NARE,11487400.0,NARE
2009-03-14,NARE,12196700.0,NARE
2009-03-15,NARE,14979800.0,NARE
2009-03-16,NARE,13289200.0,NARE
2009-03-17,NARE,17473100.0,NARE
2009-03-18,NARE,20797700.0,NARE
2009-03-19,NARE,20143600.0,NARE
2009-03-20,NARE,9155200.0,NARE
2009-03-21,NARE,12301100.0,NARE
2009-03-22,NARE,18029100.0,NARE
2009-03-23,NARE,16271600.0,NARE
2009-03-24,NARE,20815400.0,NARE
2009-03-25,NARE,18306900.0,NARE
2009-03-26,NARE,12787300.0,NARE
2009-03-27,NARE,12657500.0,NARE
2009-03-28,NARE,15692200.0,NARE
2009-03-29,NARE,11981100.0,NARE
2009-03-30,NARE,11321800.0,NARE
2009-03-31,NARE,12245900.0,NARE
2009-04-01,NARE,32785900.0,NARE
2009-04-02,NARE,22621000.0,NARE
2009-04-03,NARE,34546200.0,NARE
2009-04-04,NARE,32452900.0,NARE
2009-04-05,NARE,21789300.0,NARE
2009-04-06,NARE,12984500.0,NARE
2009-04-07,NARE,11300600.0,NARE
2009-04-08,NARE,23573700.0,NARE
2009-04-09,NARE,10762300.0,NARE
2009-04-10,NARE,18002900.0,NARE
2009-04-11,NARE,24003300.0,NARE
2009-04-12,NARE,13051000.0,NARE
2009-04-13,NARE,20458300.0,NARE
2009-04-14,NARE,12611100.0,NARE
2009-04-15,NARE,12029600.0,NARE
2009-04-16,NARE,11392200.0,NARE
2009-04-17,NARE,9517600.0,NARE
2009-04-18,NARE,12091200.0,NARE
2009-04-19,NARE,12028600.0,NARE
2009-04-20,NARE,23684800.0,NARE
2009-04-21,NARE,27245100.0,NARE
2009-04-22,NARE,16954200.0,NARE
2009-04-23,NARE,28953100.0,NARE
2009-04-24,NARE,25899600.0,NARE
2009-04-25,NARE,9806000.0,NARE
2009-04-26,NARE,14640800.0,NARE
2009-04-27,NARE,11006500.0,NARE
2009-04-28,NARE,10132300.0,NARE
2009-04-29,NARE,22160200.0,NARE
2009-04-30,NARE,27606100.0,NARE
2009-05-01,NARE,17547400.0,NARE
2009-05-02,NARE,15104000.0,NARE
2009-05-03,NARE,28565900.0,NARE
2009-05-04,NARE,32157400.0,NARE
2009-05-05,NARE,35176900.0,NARE
2009-05-06,NARE,27210800.0,NARE
2009-05-07,NARE,36413800.0,NARE
2009-05-08,NARE,31102000.0,NARE
2009-05-09,NARE,23563100.0,NARE
2009-05-10,NARE,20709200.0,NARE
2009-05-11,NARE,24389800.0,NARE
2009-05-12,NARE,27243400.0,NARE
2009-05-13,NARE,36002500.0,NARE
2009-05-14,NARE,15779300.0,NARE
2009-05-15,NARE,17813500.0,NARE
2009-05-16,NARE,23063000.0,NARE
2009-05-17,NARE,22639700.0,NARE
2009-05-18,NARE,20301500.0,NARE
2009-05-19,NARE,11984000.0,NARE
2009-05-20,NARE,12521600.0,NARE
2009-05-21,NARE,11988600.0,NARE
2009-05-22,NARE,8419400.0,NARE
2009-05-23,NARE,21225200.0,NARE
2009-05-24,NARE,23316100.0,NARE
2009-05-25,NARE,26488800.0,NARE
2009-05-26,NARE,12568600.0,NARE
2009-05-27,NARE,10245600.0,NARE
2009-05-28,NARE,12901300.0,NARE
2009-05-29,NARE,18218000.0,NARE
2009-05-30,NARE,11406000.0,NARE
2009-05-31,NARE,11016400.0,NARE
2009-06-01,NARE,10090200.0,NARE
2009-06-02,NARE,10151100.0,NARE
2009-06-03,NARE,8046400.0,NARE
2009-06-04,NARE,6350500.0,NARE
2009-06-05,NARE,13926200.0,NARE
2009-06-06,NARE,15390700.0,NARE
2009-06-07,NARE,20938500.0,NARE
2009-06-08,NARE,10577600.0,NARE
2009-06-09,NARE,16498100.0,NARE
2009-06-10,NARE,36419800.0,NARE
2009-06-11,NARE,13121400.0,NARE
2009-06-12,NARE,14672300.0,NARE
2009-06-13,NARE,29446400.0,NARE
2009-06-14,NARE,24504800.0,NARE
2009-06-15,NARE,16309800.0,NARE
2009-06-16,NARE,14766700.0,NARE
2009-06-17,NARE,11113400.0,NARE
2009-06-18,NARE,12142900.0,NARE
2009-06-19,NARE,16611000.0,NARE
2009-06-20,NARE,16136000.0,NARE
2009-06-21,NARE,38459000.0,NARE
2009-06-22,NARE,35212600.0,NARE
2009-06-23,NARE,25852200.0,NARE
2009-06-24,NARE,28910600.0,NARE
2009-06-25,NARE,25027200.0,NARE
2009-06-26,NARE,20739600.0,NARE
2009-06-27,NARE,12850700.0,NARE
2009-06-28,NARE,11904700.0,NARE
2009-06-29,NARE,23175200.0,NARE
2009-06-30,NARE,33030100.0,NARE
2009-07-01,NARE,29740500.0,NARE
2009-07-02,NARE,26594700.0,NARE
2009-07-03,NARE,16818000.0,NARE
2009-07-04,NARE,18919500.0,NARE
2009-07-05,NARE,18047800.0,NARE
2009-07-06,NARE,19084000.0,NARE
2009-07-07,NARE,13326000.0,NARE
2009-07-08,NARE,12329400.0,NARE
2009-07-09,NARE,38027200.0,NARE
2009-07-10,NARE,45603300.0,NARE
2009-07-11,NARE,29741200.0,NARE
2009-07-12,NARE,22059000.0,NARE
2009-07-13,NARE,12835100.0,NARE
2009-07-14,NARE,12817800.0,NARE
2009-07-15,NARE,12466700.0,NARE
2009-07-16,NARE,9371100.0,NARE
2009-07-17,NARE,8107600.0,NARE
2009-07-18,NARE,8460800.0,NARE
2009-07-19,NARE,7564000.0,NARE
2009-07-20,NARE,11335300.0,NARE
2009-07-21,NARE,17076700.0,NARE
2009-07-22,NARE,12493600.0,NARE
2009-07-23,NARE,19864100.0,NARE
2009-07-24,NARE,16513300.0,NARE
2009-07-25,NARE,9387000.0,NARE
2009-07-26,NARE,7805800.0,NARE
2009-07-27,NARE,7175800.0,NARE
2009-07-28,NARE,7816000.0,NARE
2009-07-29,NARE,9443600.0,NARE
2009-07-30,NARE,6014300.0,NARE
2009-07-31,NARE,14669800.0,NARE
2009-08-01,NARE,7605100.0,NARE
2009-08-02,NARE,9303100.0,NARE
2009-08-03,NARE,8079300.0,NARE
2009-08-04,NARE,15336900.0,NARE
2009-08-05,NARE,8882000.0,NARE
2009-08-06,NARE,26836700.0,NARE
2009-08-07,NARE,24792200.0,NARE
2009-08-08,NARE,15258700.0,NARE
2009-08-09,NARE,13780400.0,NARE
2009-08-10,NARE,10347200.0,NARE
2009-08-11,NARE,6260600.0,NARE
2009-08-12,NARE,10285200.0,NARE
2009-08-13,NARE,10772600.0,NARE
2009-08-14,NARE,23101200.0,NARE
2009-08-15,NARE,13970500.0,NARE
2009-08-16,NARE,20523400.0,NARE
2009-08-17,NARE,32199100.0,NARE
2009-08-18,NARE,10597700.0,NARE
2009-08-19,NARE,13717800.0,NARE
2009-08-20,NARE,12249800.0,NARE
2009-08-21,NARE,18999800.0,NARE
2009-08-22,NARE,11518600.0,NARE
2009-08-23,NARE,22688200.0,NARE
2009-08-24,NARE,10178700.0,NARE
2009-08-25,NARE,13248800.0,NARE
2009-08-26,NARE,11040100.0,NARE
2009-08-27,NARE,9197700.0,NARE
2009-08-28,NARE,5866700.0,NARE
2009-08-29,NARE,11592900.0,NARE
2009-08-30,NARE,29862300.0,NARE
2009-08-31,NARE,27389200.0,NARE
2009-09-01,NARE,14425200.0,NARE
2009-09-02,NARE,9318700.0,NARE
2009-09-03,NARE,9868000.0,NARE
2009-09-04,NARE,10604500.0,NARE
2009-09-05,NARE,7880400.0,NARE
2009-09-06,NARE,6046500.0,NARE
2009-09-07,NARE,9412500.0,NARE
2009-09-08,NARE,21433300.0,NARE
2009-09-09,NARE,21674600.0,NARE
2009-09-10,NARE,23989200.0,NARE
2009-09-11,NARE,8843400.0,NARE
2009-09-12,NARE,8649500.0,NARE
2009-09-13,NARE,13745000.0,NARE
2009-09-14,NARE,8911000.0,NARE
2009-09-15,NARE,14408600.0,NARE
2009-09-16,NARE,9581700.0,NARE
2009-09-17,NARE,13866800.0,NARE
2009-09-18,NARE,15851100.0,NARE
2009-09-19,NARE,27456100.0,NARE
2009-09-20,NARE,9794000.0,NARE
2009-09-21,NARE,10868800.0,NARE
2009-09-22,NARE,12017600.0,NARE
2009-09-23,NARE,9738100.0,NARE
2009-09-24,NARE,9203000.0,NARE
2009-09-25,NARE,12804300.0,NARE
2009-09-26,NARE,6683200.0,NARE
2009-09-27,NARE,9113100.0,NARE
2009-09-28,NARE,7097200.0,NARE
2009-09-29,NARE,7437700.0,NARE
2009-09-30,NARE,4910100.0,NARE
2009-10-01,NARE,7134800.0,NARE
2009-10-02,NARE,7502800.0,NARE
2009-10-03,NARE,14679300.0,NARE
2009-10-04,NARE,18889000.0,NARE
2009-10-05,NARE,7536100.0,NARE
2009-10-06,NARE,6086800.0,NARE
2009-10-07,NARE,14251500.0,NARE
2009-10-08,NARE,9021400.0,NARE
2009-10-09,NARE,6435400.0,NARE
2009-10-10,NARE,13665700.0,NARE
2009-10-11,NARE,17816400.0,NARE
2009-10-12,NARE,21262300.0,NARE
2009-10-13,NARE,13336300.0,NARE
2009-10-14,NARE,22926100.0,NARE
2009-10-15,NARE,19755400.0,NARE
2009-10-16,NARE,13197200.0,NARE
2009-10-17,NARE,13196500.0,NARE
2009-10-18,NARE,22084100.0,NARE
2009-10-19,NARE,27418500.0,NARE
2009-10-20,NARE,22180000.0,NARE
2009-10-21,NARE,11076200.0,NARE
2009-10-22,NARE,11158000.0,NARE
2009-10-23,NARE,17094700.0,NARE
2009-10-24,NARE,17791200.0,NARE
2009-10-25,NARE,15714500.0,NARE
2009-10-26,NARE,10468600.0,NARE
2009-10-27,NARE,12288700.0,NARE
2009-10-28,NARE,13229400.0,NARE
2009-10-29,NARE,13346200.0,NARE
2009-10-30,NARE,11168600.0,NARE
2009-10-31,NARE,21011800.0,NARE
2009-11-01,NARE,15803000.0,NARE
2009-11-02,NARE,20173400.0,NARE
2009-11-03,NARE,21507600.0,NARE
2009-11-04,NARE,22602900.0,NARE
2009-11-05,NARE,36206700.0,NARE
2009-11-06,NARE,36323200.0,NARE
2009-11-07,NARE,27218600.0,NARE
2009-11-08,NARE,36447800.0,NARE
2009-11-09,NARE,38977100.0,NARE
2009-11-10,NARE,18391100.0,NARE
2009-11-11,NARE,21488100.0,NARE
2009-11-12,NARE,14512600.0,NARE
2009-11-13,NARE,17159200.0,NARE
2009-11-14,NARE,12095800.0,NARE
2009-11-15,NARE,14516900.0,NARE
2009-11-16,NARE,19350200.0,NARE
2009-11-17,NARE,14550900.0,NARE
2009-11-18,NARE,17249800.0,NARE
2009-11-19,NARE,12930000.0,NARE
2009-11-20,NARE,7679400.0,NARE
2009-11-21,NARE,9973100.0,NARE
2009-11-22,NARE,12116300.0,NARE
2009-11-23,NARE,10621800.0,NARE
2009-11-24,NARE,12999700.0,NARE
2009-11-25,NARE,9914300.0,NARE
2009-11-26,NARE,8689100.0,NARE
2009-11-27,NARE,10277800.0,NARE
2009-11-28,NARE,12847900.0,NARE
2009-11-29,NARE,9880400.0,NARE
2009-11-30,NARE,9357600.0,NARE
2009-12-01,NARE,8132400.0,NARE
2009-12-02,NARE,8708600.0,NARE
2009-12-03,NARE,7815600.0,NARE
2009-12-04,NARE,7537100.0,NARE
2009-12-05,NARE,8021400.0,NARE
2009-12-06,NARE,7759500.0,NARE
2009-12-07,NARE,6076700.0,NARE
2009-12-08,NARE,7202500.0,NARE
2009-12-09,NARE,14896300.0,NARE
2009-12-10,NARE,10711100.0,NARE
2009-12-11,NARE,10141600.0,NARE
2009-12-12,NARE,13071600.0,NARE
2009-12-13,NARE,8588300.0,NARE
2009-12-14,NARE,8340000.0,NARE
2009-12-15,NARE,9888700.0,NARE
2009-12-16,NARE,7036100.0,NARE
2009-12-17,NARE,5724000.0,NARE
2009-12-18,NARE,13764500.0,NARE
2009-12-19,NARE,15405100.0,NARE
2009-12-20,NARE,8964800.0,NARE
2009-12-21,NARE,8309800.0,NARE
2009-12-22,NARE,8150100.0,NARE
2009-12-23,NARE,11250400.0,NARE
2009-12-24,NARE,10426600.0,NARE
2009-12-25,NARE,11390900.0,NARE
2009-12-26,NARE,15146800.0,NARE
2009-12-27,NARE,9064100.0,NARE
2009-12-28,NARE,11098500.0,NARE
2009-12-29,NARE,5688900.0,NARE
2009-12-30,NARE,5921600.0,NARE
2009-12-31,NARE,6410200.0,NARE
2010-01-01,NARE,4491400.0,NARE
2010-01-02,NARE,4491400.0,NARE
2010-01-03,NARE,7014400.0,NARE
2010-01-04,NARE,6561000.0,NARE
2010-01-05,NARE,7432700.0,NARE
2010-01-06,NARE,6712800.0,NARE
2010-01-07,NARE,7338000.0,NARE
2010-01-08,NARE,4910100.0,NARE
2010-01-09,NARE,10780600.0,NARE
2010-01-10,NARE,5967100.0,NARE
2010-01-11,NARE,8728800.0,NARE
2010-01-12,NARE,6521600.0,NARE
2010-01-13,NARE,5873700.0,NARE
2010-01-14,NARE,4950900.0,NARE
2010-01-15,NARE,4644000.0,NARE
2010-01-16,NARE,5814100.0,NARE
2010-01-17,NARE,5131900.0,NARE
2010-01-18,NARE,6330000.0,NARE
2010-01-19,NARE,10005800.0,NARE
2010-01-20,NARE,7806000.0,NARE
2010-01-21,NARE,5045600.0,NARE
2010-01-22,NARE,6163300.0,NARE
2010-01-23,NARE,4488600.0,NARE
2010-01-24,NARE,4630900.0,NARE
2010-01-25,NARE,5040000.0,NARE
2010-01-26,NARE,7769400.0,NARE
2010-01-27,NARE,4304800.0,NARE
2010-01-28,NARE,4949800.0,NARE
2010-01-29,NARE,6459900.0,NARE
2010-01-30,NARE,7531400.0,NARE
2010-01-31,NARE,4532900.0,NARE
2010-02-01,NARE,3280100.0,NARE
2010-02-02,NARE,3451900.0,NARE
2010-02-03,NARE,4554600.0,NARE
2010-02-04,NARE,3259200.0,NARE
2010-02-05,NARE,4143000.0,NARE
2010-02-06,NARE,6092700.0,NARE
2010-02-07,NARE,5677900.0,NARE
2010-02-08,NARE,6708600.0,NARE
2010-02-09,NARE,8771400.0,NARE
2010-02-10,NARE,5372100.0,NARE
2010-02-11,NARE,6657100.0,NARE
2010-02-12,NARE,5346500.0,NARE
2010-02-13,NARE,3827600.0,NARE
2010-02-14,NARE,5428100.0,NARE
2010-02-15,NARE,5921600.0,NARE
2010-02-16,NARE,5277700.0,NARE
2010-02-17,NARE,4115300.0,NARE
2010-02-18,NARE,5149900.0,NARE
2010-02-19,NARE,4314700.0,NARE
2010-02-20,NARE,4390300.0,NARE
2010-02-21,NARE,4034400.0,NARE
2010-02-22,NARE,8019200.0,NARE
2010-02-23,NARE,6873200.0,NARE
2010-02-24,NARE,6442500.0,NARE
2010-02-25,NARE,7065200.0,NARE
2010-02-26,NARE,6994200.0,NARE
2010-02-27,NARE,4684400.0,NARE
2010-02-28,NARE,6700800.0,NARE
2010-03-01,NARE,6659600.0,NARE
2010-03-02,NARE,8918600.0,NARE
2010-03-03,NARE,9695700.0,NARE
2010-03-04,NARE,12379000.0,NARE
2010-03-05,NARE,6860800.0,NARE
2010-03-06,NARE,8322900.0,NARE
2010-03-07,NARE,11553800.0,NARE
2010-03-08,NARE,20077900.0,NARE
2010-03-09,NARE,19877800.0,NARE
2010-03-10,NARE,9752800.0,NARE
2010-03-11,NARE,11377100.0,NARE
2010-03-12,NARE,5781500.0,NARE
2010-03-13,NARE,7731800.0,NARE
2010-03-14,NARE,6961600.0,NARE
2010-03-15,NARE,7814900.0,NARE
2010-03-16,NARE,7122300.0,NARE
2010-03-17,NARE,12834900.0,NARE
2010-03-18,NARE,15257200.0,NARE
2010-03-19,NARE,15540700.0,NARE
2010-03-20,NARE,6701500.0,NARE
2010-03-21,NARE,12477700.0,NARE
2010-03-22,NARE,5995400.0,NARE
2010-03-23,NARE,6214700.0,NARE
2010-03-24,NARE,5462900.0,NARE
2010-03-25,NARE,7682200.0,NARE
2010-03-26,NARE,10185300.0,NARE
2010-03-27,NARE,8049700.0,NARE
2010-03-28,NARE,5137500.0,NARE
2010-03-29,NARE,6462400.0,NARE
2010-03-30,NARE,18314100.0,NARE
2010-03-31,NARE,11484900.0,NARE
2010-04-01,NARE,7918100.0,NARE
2010-04-02,NARE,8012100.0,NARE
2010-04-03,NARE,7498400.0,NARE
2010-04-04,NARE,13754900.0,NARE
2010-04-05,NARE,8547900.0,NARE
2010-04-06,NARE,11598500.0,NARE
2010-04-07,NARE,18094500.0,NARE
2010-04-08,NARE,11993400.0,NARE
2010-04-09,NARE,10663900.0,NARE
2010-04-10,NARE,10896700.0,NARE
2010-04-11,NARE,16748400.0,NARE
2010-04-12,NARE,18960200.0,NARE
2010-04-13,NARE,15102800.0,NARE
2010-04-14,NARE,12631300.0,NARE
2010-04-15,NARE,5987600.0,NARE
2010-04-16,NARE,11464300.0,NARE
2010-04-17,NARE,7846400.0,NARE
2010-04-18,NARE,8493200.0,NARE
2010-04-19,NARE,11273800.0,NARE
2010-04-20,NARE,8747300.0,NARE
2010-04-21,NARE,8939200.0,NARE
2010-04-22,NARE,5336200.0,NARE
2010-04-23,NARE,8425800.0,NARE
2010-04-24,NARE,6299900.0,NARE
2010-04-25,NARE,8027400.0,NARE
2010-04-26,NARE,12919400.0,NARE
2010-04-27,NARE,13952600.0,NARE
2010-04-28,NARE,15125500.0,NARE
2010-04-29,NARE,20746000.0,NARE
2010-04-30,NARE,12408100.0,NARE
2010-05-01,NARE,8720300.0,NARE
2010-05-02,NARE,7813400.0,NARE
2010-05-03,NARE,8612800.0,NARE
2010-05-04,NARE,13867400.0,NARE
2010-05-05,NARE,14998200.0,NARE
2010-05-06,NARE,19071300.0,NARE
2010-05-07,NARE,17951900.0,NARE
2010-05-08,NARE,23640100.0,NARE
2010-05-09,NARE,15919200.0,NARE
2010-05-10,NARE,13787600.0,NARE
2010-05-11,NARE,25275400.0,NARE
2010-05-12,NARE,11331700.0,NARE
2010-05-13,NARE,16173300.0,NARE
2010-05-14,NARE,15590700.0,NARE
2010-05-15,NARE,8355900.0,NARE
2010-05-16,NARE,15337400.0,NARE
2010-05-17,NARE,8044100.0,NARE
2010-05-18,NARE,12957700.0,NARE
2010-05-19,NARE,19915400.0,NARE
2010-05-20,NARE,29724600.0,NARE
2010-05-21,NARE,18403900.0,NARE
2010-05-22,NARE,15006000.0,NARE
2010-05-23,NARE,22050200.0,NARE
2010-05-24,NARE,12025600.0,NARE
2010-05-25,NARE,17146500.0,NARE
2010-05-26,NARE,13962500.0,NARE
2010-05-27,NARE,19141500.0,NARE
2010-05-28,NARE,15294100.0,NARE
2010-05-29,NARE,12931100.0,NARE
2010-05-30,NARE,22407500.0,NARE
2010-05-31,NARE,28457900.0,NARE
2010-06-01,NARE,18870800.0,NARE
2010-06-02,NARE,24368100.0,NARE
2010-06-03,NARE,27270100.0,NARE
2010-06-04,NARE,23432500.0,NARE
2010-06-05,NARE,13224200.0,NARE
2010-06-06,NARE,11469000.0,NARE
2010-06-07,NARE,9254300.0,NARE
2010-06-08,NARE,17383100.0,NARE
2010-06-09,NARE,21599600.0,NARE
2010-06-10,NARE,16421300.0,NARE
2010-06-11,NARE,16834600.0,NARE
2010-06-12,NARE,13054600.0,NARE
2010-06-13,NARE,31087700.0,NARE
2010-06-14,NARE,34478600.0,NARE
2010-06-15,NARE,23525800.0,NARE
2010-06-16,NARE,30662300.0,NARE
2010-06-17,NARE,28400100.0,NARE
2010-06-18,NARE,28400100.0,NARE
2010-06-19,NARE,32837200.0,NARE
2010-06-20,NARE,27940300.0,NARE
2010-06-21,NARE,22468900.0,NARE
2010-06-22,NARE,17150000.0,NARE
2010-06-23,NARE,16310200.0,NARE
2010-06-24,NARE,21657100.0,NARE
2010-06-25,NARE,28303900.0,NARE
2010-06-26,NARE,25099700.0,NARE
2010-06-27,NARE,26890800.0,NARE
2010-06-28,NARE,39647300.0,NARE
2010-06-29,NARE,21579000.0,NARE
2010-06-30,NARE,18850300.0,NARE
2010-07-01,NARE,15844700.0,NARE
2010-07-02,NARE,19376100.0,NARE
2010-07-03,NARE,26273800.0,NARE
2010-07-04,NARE,25143000.0,NARE
2010-07-05,NARE,27690800.0,NARE
2010-07-06,NARE,27965500.0,NARE
2010-07-07,NARE,18581000.0,NARE
2010-07-08,NARE,18924400.0,NARE
2010-07-09,NARE,14385100.0,NARE
2010-07-10,NARE,33295600.0,NARE
2010-07-11,NARE,41603000.0,NARE
2010-07-12,NARE,28336600.0,NARE
2010-07-13,NARE,19950100.0,NARE
2010-07-14,NARE,31404600.0,NARE
2010-07-15,NARE,35518500.0,NARE
2010-07-16,NARE,35074300.0,NARE
2010-07-17,NARE,38864600.0,NARE
2010-07-18,NARE,30277300.0,NARE
2010-07-19,NARE,24865200.0,NARE
2010-07-20,NARE,46246300.0,NARE
2010-07-21,NARE,46094400.0,NARE
2010-07-22,NARE,24608300.0,NARE
2010-07-23,NARE,27716000.0,NARE
2010-07-24,NARE,28312100.0,NARE
2010-07-25,NARE,20699800.0,NARE
2010-07-26,NARE,27297400.0,NARE
2010-07-27,NARE,22105200.0,NARE
2010-07-28,NARE,18350700.0,NARE
2010-07-29,NARE,19338500.0,NARE
2010-07-30,NARE,21480800.0,NARE
2010-07-31,NARE,27868200.0,NARE
2010-08-01,NARE,24641700.0,NARE
2010-08-02,NARE,20786800.0,NARE
2010-08-03,NARE,20637700.0,NARE
2010-08-04,NARE,20329100.0,NARE
2010-08-05,NARE,16134600.0,NARE
2010-08-06,NARE,16036000.0,NARE
2010-08-07,NARE,14157300.0,NARE
2010-08-08,NARE,17018400.0,NARE
2010-08-09,NARE,23438500.0,NARE
2010-08-10,NARE,14949200.0,NARE
2010-08-11,NARE,12976500.0,NARE
2010-08-12,NARE,14205200.0,NARE
2010-08-13,NARE,17305100.0,NARE
2010-08-14,NARE,13719800.0,NARE
2010-08-15,NARE,11015200.0,NARE
2010-08-16,NARE,14415600.0,NARE
2010-08-17,NARE,16247400.0,NARE
2010-08-18,NARE,20254900.0,NARE
2010-08-19,NARE,17636500.0,NARE
2010-08-20,NARE,18208100.0,NARE
2010-08-21,NARE,11777600.0,NARE
2010-08-22,NARE,12224700.0,NARE
2010-08-23,NARE,14473100.0,NARE
2010-08-24,NARE,24558700.0,NARE
2010-08-25,NARE,31724900.0,NARE
2010-08-26,NARE,16666500.0,NARE
2010-08-27,NARE,29621000.0,NARE
2010-08-28,NARE,46541500.0,NARE
2010-08-29,NARE,48455300.0,NARE
2010-08-30,NARE,33601100.0,NARE
2010-08-31,NARE,19204700.0,NARE
2010-09-01,NARE,20076400.0,NARE
2010-09-02,NARE,38662400.0,NARE
2010-09-03,NARE,33843100.0,NARE
2010-09-04,NARE,30066600.0,NARE
2010-09-05,NARE,32290800.0,NARE
2010-09-06,NARE,36320700.0,NARE
2010-09-07,NARE,42490000.0,NARE
2010-09-08,NARE,36022700.0,NARE
2010-09-09,NARE,31751200.0,NARE
2010-09-10,NARE,24702700.0,NARE
2010-09-11,NARE,26307100.0,NARE
2010-09-12,NARE,26179000.0,NARE
2010-09-13,NARE,23236700.0,NARE
2010-09-14,NARE,30582100.0,NARE
2010-09-15,NARE,25135200.0,NARE
2010-09-16,NARE,21113200.0,NARE
2010-09-17,NARE,27585800.0,NARE
2010-09-18,NARE,30497700.0,NARE
2010-09-19,NARE,20008300.0,NARE
2010-09-20,NARE,32297900.0,NARE
2010-09-21,NARE,36966800.0,NARE
2010-09-22,NARE,30272000.0,NARE
2010-09-23,NARE,30321000.0,NARE
2010-09-24,NARE,29125700.0,NARE
2010-09-25,NARE,30833000.0,NARE
2010-09-26,NARE,54351300.0,NARE
2010-09-27,NARE,59849700.0,NARE
2010-09-28,NARE,44022000.0,NARE
2010-09-29,NARE,42277800.0,NARE
2010-09-30,NARE,35185700.0,NARE
2010-10-01,NARE,26443400.0,NARE
2010-10-02,NARE,31903100.0,NARE
2010-10-03,NARE,29884600.0,NARE
2010-10-04,NARE,57835500.0,NARE
2010-10-05,NARE,48726000.0,NARE
2010-10-06,NARE,52104000.0,NARE
2010-10-07,NARE,40914300.0,NARE
2010-10-08,NARE,63718800.0,NARE
2010-10-09,NARE,43544800.0,NARE
2010-10-10,NARE,34521500.0,NARE
2010-10-11,NARE,27358000.0,NARE
2010-10-12,NARE,24207800.0,NARE
2010-10-13,NARE,21563400.0,NARE
2010-10-14,NARE,23255100.0,NARE
2010-10-15,NARE,24279100.0,NARE
2010-10-16,NARE,24674300.0,NARE
2010-10-17,NARE,23684400.0,NARE
2010-10-18,NARE,24766200.0,NARE
2010-10-19,NARE,20733500.0,NARE
2010-10-20,NARE,17180600.0,NARE
2010-10-21,NARE,19920300.0,NARE
2010-10-22,NARE,22473100.0,NARE
2010-10-23,NARE,30165200.0,NARE
2010-10-24,NARE,23436800.0,NARE
2010-10-25,NARE,20448600.0,NARE
2010-10-26,NARE,21392400.0,NARE
2010-10-27,NARE,19994800.0,NARE
2010-10-28,NARE,18678200.0,NARE
2010-10-29,NARE,32911000.0,NARE
2010-10-30,NARE,37873300.0,NARE
2010-10-31,NARE,36087900.0,NARE
2010-11-01,NARE,40241200.0,NARE
2010-11-02,NARE,53801400.0,NARE
2010-11-03,NARE,34768100.0,NARE
2010-11-04,NARE,28023300.0,NARE
2010-11-05,NARE,25244100.0,NARE
2010-11-06,NARE,38244800.0,NARE
2010-11-07,NARE,49433400.0,NARE
2010-11-08,NARE,54028500.0,NARE
2010-11-09,NARE,51985500.0,NARE
2010-11-10,NARE,48615300.0,NARE
2010-11-11,NARE,40988100.0,NARE
2010-11-12,NARE,34041400.0,NARE
2010-11-13,NARE,54734500.0,NARE
2010-11-14,NARE,64234300.0,NARE
2010-11-15,NARE,50870700.0,NARE
2010-11-16,NARE,49422100.0,NARE
2010-11-17,NARE,44875000.0,NARE
2010-11-18,NARE,29265800.0,NARE
2010-11-19,NARE,32478500.0,NARE
2010-11-20,NARE,45027500.0,NARE
2010-11-21,NARE,31481200.0,NARE
2010-11-22,NARE,26302200.0,NARE
2010-11-23,NARE,27192000.0,NARE
2010-11-24,NARE,44545300.0,NARE
2010-11-25,NARE,28605200.0,NARE
2010-11-26,NARE,24055500.0,NARE
2010-11-27,NARE,38466200.0,NARE
2010-11-28,NARE,47293300.0,NARE
2010-11-29,NARE,45167700.0,NARE
2010-11-30,NARE,37605100.0,NARE
2010-12-01,NARE,32621500.0,NARE
2010-12-02,NARE,35406700.0,NARE
2010-12-03,NARE,37379400.0,NARE
2010-12-04,NARE,36044300.0,NARE
2010-12-05,NARE,29169700.0,NARE
2010-12-06,NARE,22230100.0,NARE
2010-12-07,NARE,22230100.0,NARE
2010-12-08,NARE,51005200.0,NARE
2010-12-09,NARE,35338200.0,NARE
2010-12-10,NARE,40360100.0,NARE
2010-12-11,NARE,27979700.0,NARE
2010-12-12,NARE,25647200.0,NARE
2010-12-13,NARE,29960900.0,NARE
2010-12-14,NARE,36344500.0,NARE
2010-12-15,NARE,38023400.0,NARE
2010-12-16,NARE,32562300.0,NARE
2010-12-17,NARE,25015300.0,NARE
2010-12-18,NARE,24247100.0,NARE
2010-12-19,NARE,25207600.0,NARE
2010-12-20,NARE,24705200.0,NARE
2010-12-21,NARE,20295400.0,NARE
2010-12-22,NARE,19950800.0,NARE
2010-12-23,NARE,20781100.0,NARE
2010-12-24,NARE,22433000.0,NARE
2010-12-25,NARE,21367600.0,NARE
2010-12-26,NARE,71360500.0,NARE
2010-12-27,NARE,35813700.0,NARE
2010-12-28,NARE,22158800.0,NARE
2010-12-29,NARE,22190400.0,NARE
2010-12-30,NARE,17721600.0,NARE
2010-12-31,NARE,13900800.0,NARE
2011-01-01,NARE,12649000.0,NARE
2011-01-02,NARE,20496900.0,NARE
2011-01-03,NARE,17041500.0,NARE
2011-01-04,NARE,22345800.0,NARE
2011-01-05,NARE,34511200.0,NARE
2011-01-06,NARE,20969500.0,NARE
2011-01-07,NARE,20938600.0,NARE
2011-01-08,NARE,22872600.0,NARE
2011-01-09,NARE,18952400.0,NARE
2011-01-10,NARE,13127300.0,NARE
2011-01-11,NARE,19573000.0,NARE
2011-01-12,NARE,13292300.0,NARE
2011-01-13,NARE,13720500.0,NARE
2011-01-14,NARE,13230200.0,NARE
2011-01-15,NARE,18533800.0,NARE
2011-01-16,NARE,19852600.0,NARE
2011-01-17,NARE,9354700.0,NARE
2011-01-18,NARE,13614800.0,NARE
2011-01-19,NARE,8679900.0,NARE
2011-01-20,NARE,9839000.0,NARE
2011-01-21,NARE,12847400.0,NARE
2011-01-22,NARE,7339400.0,NARE
2011-01-23,NARE,9734300.0,NARE
2011-01-24,NARE,10501400.0,NARE
2011-01-25,NARE,7732900.0,NARE
2011-01-26,NARE,21706800.0,NARE
2011-01-27,NARE,21706800.0,NARE
2011-01-28,NARE,12554300.0,NARE
2011-01-29,NARE,13588500.0,NARE
2011-01-30,NARE,7470700.0,NARE
2011-01-31,NARE,24942600.0,NARE
2011-02-01,NARE,7471400.0,NARE
2011-02-02,NARE,11575000.0,NARE
2011-02-03,NARE,10379400.0,NARE
2011-02-04,NARE,11053500.0,NARE
2011-02-05,NARE,6318300.0,NARE
2011-02-06,NARE,15235500.0,NARE
2011-02-07,NARE,19733000.0,NARE
2011-02-08,NARE,15877400.0,NARE
2011-02-09,NARE,8682000.0,NARE
2011-02-10,NARE,16105900.0,NARE
2011-02-11,NARE,14124700.0,NARE
2011-02-12,NARE,14721100.0,NARE
2011-02-13,NARE,12897400.0,NARE
2011-02-14,NARE,14742400.0,NARE
2011-02-15,NARE,13464700.0,NARE
2011-02-16,NARE,19581500.0,NARE
2011-02-17,NARE,19838700.0,NARE
2011-02-18,NARE,13999400.0,NARE
2011-02-19,NARE,14800200.0,NARE
2011-02-20,NARE,12297800.0,NARE
2011-02-21,NARE,9644200.0,NARE
2011-02-22,NARE,9874500.0,NARE
2011-02-23,NARE,11474300.0,NARE
2011-02-24,NARE,14218700.0,NARE
2011-02-25,NARE,11611900.0,NARE
2011-02-26,NARE,12913000.0,NARE
2011-02-27,NARE,8723900.0,NARE
2011-02-28,NARE,11302200.0,NARE
2011-03-01,NARE,21341700.0,NARE
2011-03-02,NARE,29402100.0,NARE
2011-03-03,NARE,21896200.0,NARE
2011-03-04,NARE,22115500.0,NARE
2011-03-05,NARE,18862000.0,NARE
2011-03-06,NARE,14118600.0,NARE
2011-03-07,NARE,25333200.0,NARE
2011-03-08,NARE,19724800.0,NARE
2011-03-09,NARE,30562600.0,NARE
2011-03-10,NARE,20335100.0,NARE
2011-03-11,NARE,16488300.0,NARE
2011-03-12,NARE,14719300.0,NARE
2011-03-13,NARE,13067700.0,NARE
2011-03-14,NARE,13181600.0,NARE
2011-03-15,NARE,13424300.0,NARE
2011-03-16,NARE,13414000.0,NARE
2011-03-17,NARE,17405500.0,NARE
2011-03-18,NARE,41929000.0,NARE
2011-03-19,NARE,31319000.0,NARE
2011-03-20,NARE,52587600.0,NARE
2011-03-21,NARE,39717900.0,NARE
2011-03-22,NARE,33418800.0,NARE
2011-03-23,NARE,47258900.0,NARE
2011-03-24,NARE,36589600.0,NARE
2011-03-25,NARE,31685600.0,NARE
2011-03-26,NARE,54852000.0,NARE
2011-03-27,NARE,29872900.0,NARE
2011-03-28,NARE,39752300.0,NARE
2011-03-29,NARE,21521600.0,NARE
2011-03-30,NARE,27892000.0,NARE
2011-03-31,NARE,18406000.0,NARE
2011-04-01,NARE,25344200.0,NARE
2011-04-02,NARE,19904400.0,NARE
2011-04-03,NARE,20503600.0,NARE
2011-04-04,NARE,16405000.0,NARE
2011-04-05,NARE,21477900.0,NARE
2011-04-06,NARE,48023500.0,NARE
2011-04-07,NARE,31854400.0,NARE
2011-04-08,NARE,31854400.0,NARE
2011-04-09,NARE,25264000.0,NARE
2011-04-10,NARE,68801000.0,NARE
2011-04-11,NARE,56166900.0,NARE
2011-04-12,NARE,85218400.0,NARE
2011-04-13,NARE,77328700.0,NARE
2011-04-14,NARE,65950900.0,NARE
2011-04-15,NARE,77090200.0,NARE
2011-04-16,NARE,75312700.0,NARE
2011-04-17,NARE,63428200.0,NARE
2011-04-18,NARE,61540000.0,NARE
2011-04-19,NARE,56725700.0,NARE
2011-04-20,NARE,70525300.0,NARE
2011-04-21,NARE,83331900.0,NARE
2011-04-22,NARE,109871400.0,NARE
2011-04-23,NARE,95591700.0,NARE
2011-04-24,NARE,87782500.0,NARE
2011-04-25,NARE,67156500.0,NARE
2011-04-26,NARE,68397600.0,NARE
2011-04-27,NARE,89043500.0,NARE
2011-04-28,NARE,83923700.0,NARE
2011-04-29,NARE,71065700.0,NARE
2011-04-30,NARE,60903100.0,NARE
2011-05-01,NARE,46964400.0,NARE
2011-05-02,NARE,37598700.0,NARE
2011-05-03,NARE,36181200.0,NARE
2011-05-04,NARE,40326100.0,NARE
2011-05-05,NARE,31634700.0,NARE
2011-05-06,NARE,28885500.0,NARE
2011-05-07,NARE,33680000.0,NARE
2011-05-08,NARE,21671400.0,NARE
2011-05-09,NARE,25131600.0,NARE
2011-05-10,NARE,33634600.0,NARE
2011-05-11,NARE,31838300.0,NARE
2011-05-12,NARE,27140000.0,NARE
2011-05-13,NARE,39276600.0,NARE
2011-05-14,NARE,48461200.0,NARE
2011-05-15,NARE,33074000.0,NARE
2011-05-16,NARE,27383300.0,NARE
2011-05-17,NARE,25426000.0,NARE
2011-05-18,NARE,25992600.0,NARE
2011-05-19,NARE,24149200.0,NARE
2011-05-20,NARE,18515600.0,NARE
2011-05-21,NARE,40686200.0,NARE
2011-05-22,NARE,53235400.0,NARE
2011-05-23,NARE,30103400.0,NARE
2011-05-24,NARE,42359300.0,NARE
2011-05-25,NARE,67648400.0,NARE
2011-05-26,NARE,38002600.0,NARE
2011-05-27,NARE,25191500.0,NARE
2011-05-28,NARE,29869300.0,NARE
2011-05-29,NARE,24399300.0,NARE
2011-05-30,NARE,19343700.0,NARE
2011-05-31,NARE,18419100.0,NARE
2011-06-01,NARE,34889100.0,NARE
2011-06-02,NARE,44948100.0,NARE
2011-06-03,NARE,30558600.0,NARE
2011-06-04,NARE,31483200.0,NARE
2011-06-05,NARE,25362200.0,NARE
2011-06-06,NARE,35785200.0,NARE
2011-06-07,NARE,30770400.0,NARE
2011-06-08,NARE,19820500.0,NARE
2011-06-09,NARE,17451600.0,NARE
2011-06-10,NARE,20859600.0,NARE
2011-06-11,NARE,14656300.0,NARE
2011-06-12,NARE,13805900.0,NARE
2011-06-13,NARE,17431400.0,NARE
2011-06-14,NARE,14008500.0,NARE
2011-06-15,NARE,16236200.0,NARE
2011-06-16,NARE,14947200.0,NARE
2011-06-17,NARE,38720300.0,NARE
2011-06-18,NARE,47296100.0,NARE
2011-06-19,NARE,22208200.0,NARE
2011-06-20,NARE,24241800.0,NARE
2011-06-21,NARE,23303400.0,NARE
2011-06-22,NARE,49739800.0,NARE
2011-06-23,NARE,45001400.0,NARE
2011-06-24,NARE,32923900.0,NARE
2011-06-25,NARE,31522200.0,NARE
2011-06-26,NARE,33460700.0,NARE
2011-06-27,NARE,51144400.0,NARE
2011-06-28,NARE,26055400.0,NARE
2011-06-29,NARE,22928400.0,NARE
2011-06-30,NARE,31239400.0,NARE
2011-07-01,NARE,31491000.0,NARE
2011-07-02,NARE,25639600.0,NARE
2011-07-03,NARE,27767900.0,NARE
2011-07-04,NARE,26757500.0,NARE
2011-07-05,NARE,19482000.0,NARE
2011-07-06,NARE,23052200.0,NARE
2011-07-07,NARE,16454700.0,NARE
2011-07-08,NARE,13865900.0,NARE
2011-07-09,NARE,18394300.0,NARE
2011-07-10,NARE,17356200.0,NARE
2011-07-11,NARE,14309000.0,NARE
2011-07-12,NARE,30036400.0,NARE
2011-07-13,NARE,44393300.0,NARE
2011-07-14,NARE,50522100.0,NARE
2011-07-15,NARE,38976100.0,NARE
2011-07-16,NARE,32966200.0,NARE
2011-07-17,NARE,36220600.0,NARE
2011-07-18,NARE,61590500.0,NARE
2011-07-19,NARE,24819300.0,NARE
2011-07-20,NARE,29201200.0,NARE
2011-07-21,NARE,17353700.0,NARE
2011-07-22,NARE,16609700.0,NARE
2011-07-23,NARE,19748100.0,NARE
2011-07-24,NARE,13015100.0,NARE
2011-07-25,NARE,13609700.0,NARE
2011-07-26,NARE,10939300.0,NARE
2011-07-27,NARE,13757300.0,NARE
2011-07-28,NARE,39289400.0,NARE
2011-07-29,NARE,43448500.0,NARE
2011-07-30,NARE,30826500.0,NARE
2011-07-31,NARE,20738300.0,NARE
2011-08-01,NARE,22354000.0,NARE
2011-08-02,NARE,18556100.0,NARE
2011-08-03,NARE,23112500.0,NARE
2011-08-04,NARE,20283100.0,NARE
2011-08-05,NARE,15553900.0,NARE
2011-08-06,NARE,13313800.0,NARE
2011-08-07,NARE,9242700.0,NARE
2011-08-08,NARE,11778300.0,NARE
2011-08-09,NARE,10125800.0,NARE
2011-08-10,NARE,9469400.0,NARE
2011-08-11,NARE,10975500.0,NARE
2011-08-12,NARE,21666400.0,NARE
2011-08-13,NARE,15470900.0,NARE
2011-08-14,NARE,15896600.0,NARE
2011-08-15,NARE,10066500.0,NARE
2011-08-16,NARE,32138500.0,NARE
2011-08-17,NARE,17509500.0,NARE
2011-08-18,NARE,29263700.0,NARE
2011-08-19,NARE,34308300.0,NARE
2011-08-20,NARE,15131700.0,NARE
2011-08-21,NARE,22176900.0,NARE
2011-08-22,NARE,26906200.0,NARE
2011-08-23,NARE,35516000.0,NARE
2011-08-24,NARE,24990700.0,NARE
2011-08-25,NARE,17921000.0,NARE
2011-08-26,NARE,13761200.0,NARE
2011-08-27,NARE,12658900.0,NARE
2011-08-28,NARE,22595900.0,NARE
2011-08-29,NARE,14761000.0,NARE
2011-08-30,NARE,18014000.0,NARE
2011-08-31,NARE,11811000.0,NARE
2011-09-01,NARE,9859300.0,NARE
2011-09-02,NARE,9822100.0,NARE
2011-09-03,NARE,10916600.0,NARE
2011-09-04,NARE,8861300.0,NARE
2011-09-05,NARE,16696300.0,NARE
2011-09-06,NARE,26933100.0,NARE
2011-09-07,NARE,25584600.0,NARE
2011-09-08,NARE,20719200.0,NARE
2011-09-09,NARE,23950800.0,NARE
2011-09-10,NARE,14720500.0,NARE
2011-09-11,NARE,19997900.0,NARE
2011-09-12,NARE,20583300.0,NARE
2011-09-13,NARE,14126600.0,NARE
2011-09-14,NARE,11434600.0,NARE
2011-09-15,NARE,22872300.0,NARE
2011-09-16,NARE,26921100.0,NARE
2011-09-17,NARE,19609400.0,NARE
2011-09-18,NARE,32981100.0,NARE
2011-09-19,NARE,20255500.0,NARE
2011-09-20,NARE,29152300.0,NARE
2011-09-21,NARE,32147700.0,NARE
2011-09-22,NARE,17877400.0,NARE
2011-09-23,NARE,37257200.0,NARE
2011-09-24,NARE,17116700.0,NARE
2011-09-25,NARE,12983500.0,NARE
2011-09-26,NARE,20397700.0,NARE
2011-09-27,NARE,18171800.0,NARE
2011-09-28,NARE,15605400.0,NARE
2011-09-29,NARE,12348800.0,NARE
2011-09-30,NARE,15941700.0,NARE
2011-10-01,NARE,15222500.0,NARE
2011-10-02,NARE,7251000.0,NARE
2011-10-03,NARE,16489100.0,NARE
2011-10-04,NARE,17502000.0,NARE
2011-10-05,NARE,18587600.0,NARE
2011-10-06,NARE,12059300.0,NARE
2011-10-07,NARE,26024500.0,NARE
2011-10-08,NARE,22896100.0,NARE
2011-10-09,NARE,25006300.0,NARE
2011-10-10,NARE,35776400.0,NARE
2011-10-11,NARE,21530500.0,NARE
2011-10-12,NARE,29934900.0,NARE
2011-10-13,NARE,23463400.0,NARE
2011-10-14,NARE,43375400.0,NARE
2011-10-15,NARE,43993800.0,NARE
2011-10-16,NARE,49138400.0,NARE
2011-10-17,NARE,65728300.0,NARE
2011-10-18,NARE,46255200.0,NARE
2011-10-19,NARE,25197500.0,NARE
2011-10-20,NARE,19470000.0,NARE
2011-10-21,NARE,33415700.0,NARE
2011-10-22,NARE,26895900.0,NARE
2011-10-23,NARE,18690900.0,NARE
2011-10-24,NARE,23847200.0,NARE
2011-10-25,NARE,20736500.0,NARE
2011-10-26,NARE,31625400.0,NARE
2011-10-27,NARE,31931300.0,NARE
2011-10-28,NARE,37479300.0,NARE
2011-10-29,NARE,27594100.0,NARE
2011-10-30,NARE,38898100.0,NARE
2011-10-31,NARE,32259800.0,NARE
2011-11-01,NARE,18166200.0,NARE
2011-11-02,NARE,15121100.0,NARE
2011-11-03,NARE,19277700.0,NARE
2011-11-04,NARE,15848400.0,NARE
2011-11-05,NARE,25604500.0,NARE
2011-11-06,NARE,43006100.0,NARE
2011-11-07,NARE,27907000.0,NARE
2011-11-08,NARE,36674700.0,NARE
2011-11-09,NARE,24156600.0,NARE
2011-11-10,NARE,19909200.0,NARE
2011-11-11,NARE,23129900.0,NARE
2011-11-12,NARE,26549300.0,NARE
2011-11-13,NARE,39376300.0,NARE
2011-11-14,NARE,33168400.0,NARE
2011-11-15,NARE,44548700.0,NARE
2011-11-16,NARE,43572700.0,NARE
2011-11-17,NARE,51618700.0,NARE
2011-11-18,NARE,68321800.0,NARE
2011-11-19,NARE,54023100.0,NARE
2011-11-20,NARE,39261700.0,NARE
2011-11-21,NARE,35279700.0,NARE
2011-11-22,NARE,42587800.0,NARE
2011-11-23,NARE,45549500.0,NARE
2011-11-24,NARE,35568800.0,NARE
2011-11-25,NARE,39102100.0,NARE
2011-11-26,NARE,30443300.0,NARE
2011-11-27,NARE,43801500.0,NARE
2011-11-28,NARE,34048200.0,NARE
2011-11-29,NARE,47259500.0,NARE
2011-11-30,NARE,32203400.0,NARE
2011-12-01,NARE,37159300.0,NARE
2011-12-02,NARE,29562000.0,NARE
2011-12-03,NARE,27899200.0,NARE
2011-12-04,NARE,27457100.0,NARE
2011-12-05,NARE,40694000.0,NARE
2011-12-06,NARE,39733600.0,NARE
2011-12-07,NARE,32316900.0,NARE
2011-12-08,NARE,58292500.0,NARE
2011-12-09,NARE,34642100.0,NARE
2011-12-10,NARE,46018500.0,NARE
2011-12-11,NARE,31645000.0,NARE
2011-12-12,NARE,60804300.0,NARE
2011-12-13,NARE,63075300.0,NARE
2011-12-14,NARE,41441100.0,NARE
2011-12-15,NARE,49595400.0,NARE
2011-12-16,NARE,33876900.0,NARE
2011-12-17,NARE,32960800.0,NARE
2011-12-18,NARE,27883200.0,NARE
2011-12-19,NARE,36983700.0,NARE
2011-12-20,NARE,47366300.0,NARE
2011-12-21,NARE,28627900.0,NARE
2011-12-22,NARE,20259400.0,NARE
2011-12-23,NARE,22597000.0,NARE
2011-12-24,NARE,23411200.0,NARE
2011-12-25,NARE,22934400.0,NARE
2011-12-26,NARE,33336200.0,NARE
2011-12-27,NARE,32228200.0,NARE
2011-12-28,NARE,20945500.0,NARE
2011-12-29,NARE,42301100.0,NARE
2011-12-30,NARE,19639900.0,NARE
2011-12-31,NARE,20731900.0,NARE
2012-01-01,NARE,16375200.0,NARE
2012-01-02,NARE,15547900.0,NARE
2012-01-03,NARE,30074700.0,NARE
2012-01-04,NARE,21593300.0,NARE
2012-01-05,NARE,39007800.0,NARE
2012-01-06,NARE,27656600.0,NARE
2012-01-07,NARE,18476100.0,NARE
2012-01-08,NARE,17435800.0,NARE
2012-01-09,NARE,12842000.0,NARE
2012-01-10,NARE,15500300.0,NARE
2012-01-11,NARE,13927800.0,NARE
2012-01-12,NARE,13578100.0,NARE
2012-01-13,NARE,16351600.0,NARE
2012-01-14,NARE,23666000.0,NARE
2012-01-15,NARE,33195900.0,NARE
2012-01-16,NARE,15435700.0,NARE
2012-01-17,NARE,13727000.0,NARE
2012-01-18,NARE,24935000.0,NARE
2012-01-19,NARE,19849900.0,NARE
2012-01-20,NARE,15863300.0,NARE
2012-01-21,NARE,15715700.0,NARE
2012-01-22,NARE,31578600.0,NARE
2012-01-23,NARE,30771800.0,NARE
2012-01-24,NARE,14410200.0,NARE
2012-01-25,NARE,15152400.0,NARE
2012-01-26,NARE,14765600.0,NARE
2012-01-27,NARE,17898900.0,NARE
2012-01-28,NARE,12216000.0,NARE
2012-01-29,NARE,15984100.0,NARE
2012-01-30,NARE,36535400.0,NARE
2012-01-31,NARE,29267500.0,NARE
2012-02-01,NARE,13738700.0,NARE
2012-02-02,NARE,12274700.0,NARE
2012-02-03,NARE,10484600.0,NARE
2012-02-04,NARE,18645700.0,NARE
2012-02-05,NARE,14550200.0,NARE
2012-02-06,NARE,28709100.0,NARE
2012-02-07,NARE,19763200.0,NARE
2012-02-08,NARE,30660200.0,NARE
2012-02-09,NARE,18020800.0,NARE
2012-02-10,NARE,15106500.0,NARE
2012-02-11,NARE,12251200.0,NARE
2012-02-12,NARE,9719000.0,NARE
2012-02-13,NARE,8500900.0,NARE
2012-02-14,NARE,11930900.0,NARE
2012-02-15,NARE,9675600.0,NARE
2012-02-16,NARE,6770600.0,NARE
2012-02-17,NARE,9251600.0,NARE
2012-02-18,NARE,9521700.0,NARE
2012-02-19,NARE,8510800.0,NARE
2012-02-20,NARE,7105700.0,NARE
2012-02-21,NARE,6950800.0,NARE
2012-02-22,NARE,11061900.0,NARE
2012-02-23,NARE,6609500.0,NARE
2012-02-24,NARE,5369000.0,NARE
2012-02-25,NARE,14200500.0,NARE
2012-02-26,NARE,6831700.0,NARE
2012-02-27,NARE,7786100.0,NARE
2012-02-28,NARE,14759900.0,NARE
2012-02-29,NARE,10423500.0,NARE
2012-03-01,NARE,9990600.0,NARE
2012-03-02,NARE,7347400.0,NARE
2012-03-03,NARE,10978000.0,NARE
2012-03-04,NARE,15885300.0,NARE
2012-03-05,NARE,22005400.0,NARE
2012-03-06,NARE,23001000.0,NARE
2012-03-07,NARE,8580500.0,NARE
2012-03-08,NARE,6280400.0,NARE
2012-03-09,NARE,8886500.0,NARE
2012-03-10,NARE,10932100.0,NARE
2012-03-11,NARE,9597800.0,NARE
2012-03-12,NARE,9740700.0,NARE
2012-03-13,NARE,10312200.0,NARE
2012-03-14,NARE,7626100.0,NARE
2012-03-15,NARE,8072600.0,NARE
2012-03-16,NARE,7340300.0,NARE
2012-03-17,NARE,17654400.0,NARE
2012-03-18,NARE,11040200.0,NARE
2012-03-19,NARE,12716500.0,NARE
2012-03-20,NARE,11014600.0,NARE
2012-03-21,NARE,15031200.0,NARE
2012-03-22,NARE,22035200.0,NARE
2012-03-23,NARE,10811600.0,NARE
2012-03-24,NARE,15165200.0,NARE
2012-03-25,NARE,12945700.0,NARE
2012-03-26,NARE,12548000.0,NARE
2012-03-27,NARE,15796100.0,NARE
2012-03-28,NARE,14510800.0,NARE
2012-03-29,NARE,8226100.0,NARE
2012-03-30,NARE,8267300.0,NARE
2012-03-31,NARE,9655000.0,NARE
2012-04-01,NARE,7076600.0,NARE
2012-04-02,NARE,24338500.0,NARE
2012-04-03,NARE,26587800.0,NARE
2012-04-04,NARE,18175800.0,NARE
2012-04-05,NARE,14238900.0,NARE
2012-04-06,NARE,13487100.0,NARE
2012-04-07,NARE,35447000.0,NARE
2012-04-08,NARE,24310500.0,NARE
2012-04-09,NARE,24133100.0,NARE
2012-04-10,NARE,45820300.0,NARE
2012-04-11,NARE,33626000.0,NARE
2012-04-12,NARE,52588400.0,NARE
2012-04-13,NARE,33826800.0,NARE
2012-04-14,NARE,27369100.0,NARE
2012-04-15,NARE,24177500.0,NARE
2012-04-16,NARE,30278100.0,NARE
2012-04-17,NARE,24803800.0,NARE
2012-04-18,NARE,23793300.0,NARE
2012-04-19,NARE,31067900.0,NARE
2012-04-20,NARE,35841200.0,NARE
2012-04-21,NARE,31410200.0,NARE
2012-04-22,NARE,27424500.0,NARE
2012-04-23,NARE,24844700.0,NARE
2012-04-24,NARE,32661700.0,NARE
2012-04-25,NARE,35458000.0,NARE
2012-04-26,NARE,34810000.0,NARE
2012-04-27,NARE,37678100.0,NARE
2012-04-28,NARE,38827300.0,NARE
2012-04-29,NARE,37617700.0,NARE
2012-04-30,NARE,34907800.0,NARE
2012-05-01,NARE,76254100.0,NARE
2012-05-02,NARE,71603800.0,NARE
2012-05-03,NARE,62040800.0,NARE
2012-05-04,NARE,49919700.0,NARE
2012-05-05,NARE,47989300.0,NARE
2012-05-06,NARE,47819400.0,NARE
2012-05-07,NARE,56480900.0,NARE
2012-05-08,NARE,46852900.0,NARE
2012-05-09,NARE,46374800.0,NARE
2012-05-10,NARE,43042500.0,NARE
2012-05-11,NARE,32388000.0,NARE
2012-05-12,NARE,46678700.0,NARE
2012-05-13,NARE,34747500.0,NARE
2012-05-14,NARE,29521300.0,NARE
2012-05-15,NARE,22735100.0,NARE
2012-05-16,NARE,20646900.0,NARE
2012-05-17,NARE,17649400.0,NARE
2012-05-18,NARE,29279600.0,NARE
2012-05-19,NARE,33180600.0,NARE
2012-05-20,NARE,17529900.0,NARE
2012-05-21,NARE,51104400.0,NARE
2012-05-22,NARE,58037800.0,NARE
2012-05-23,NARE,36739000.0,NARE
2012-05-24,NARE,34114000.0,NARE
2012-05-25,NARE,43645700.0,NARE
2012-05-26,NARE,36298300.0,NARE
2012-05-27,NARE,26146700.0,NARE
2012-05-28,NARE,15152700.0,NARE
2012-05-29,NARE,14562000.0,NARE
2012-05-30,NARE,12915200.0,NARE
2012-05-31,NARE,13785000.0,NARE
2012-06-01,NARE,11416300.0,NARE
2012-06-02,NARE,12395900.0,NARE
2012-06-03,NARE,15538700.0,NARE
2012-06-04,NARE,13692200.0,NARE
2012-06-05,NARE,11454300.0,NARE
2012-06-06,NARE,9687400.0,NARE
2012-06-07,NARE,11447200.0,NARE
2012-06-08,NARE,9138500.0,NARE
2012-06-09,NARE,11350100.0,NARE
2012-06-10,NARE,9600300.0,NARE
2012-06-11,NARE,11690700.0,NARE
2012-06-12,NARE,7919400.0,NARE
2012-06-13,NARE,15169100.0,NARE
2012-06-14,NARE,22227500.0,NARE
2012-06-15,NARE,20301000.0,NARE
2012-06-16,NARE,19903600.0,NARE
2012-06-17,NARE,13028900.0,NARE
2012-06-18,NARE,14317400.0,NARE
2012-06-19,NARE,12526000.0,NARE
2012-06-20,NARE,14544900.0,NARE
2012-06-21,NARE,23067500.0,NARE
2012-06-22,NARE,13284100.0,NARE
2012-06-23,NARE,9162400.0,NARE
2012-06-24,NARE,9565400.0,NARE
2012-06-25,NARE,14560200.0,NARE
2012-06-26,NARE,11330900.0,NARE
2012-06-27,NARE,11924500.0,NARE
2012-06-28,NARE,8471000.0,NARE
2012-06-29,NARE,9617300.0,NARE
2012-06-30,NARE,31357200.0,NARE
2012-07-01,NARE,22074000.0,NARE
2012-07-02,NARE,14335900.0,NARE
2012-07-03,NARE,13094700.0,NARE
2012-07-04,NARE,40077000.0,NARE
2012-07-05,NARE,20075300.0,NARE
2012-07-06,NARE,22329500.0,NARE
2012-07-07,NARE,7519500.0,NARE
2012-07-08,NARE,7195000.0,NARE
2012-07-09,NARE,7912600.0,NARE
2012-07-10,NARE,11168900.0,NARE
2012-07-11,NARE,20325900.0,NARE
2012-07-12,NARE,27829700.0,NARE
2012-07-13,NARE,20739300.0,NARE
2012-07-14,NARE,16430200.0,NARE
2012-07-15,NARE,12502100.0,NARE
2012-07-16,NARE,13567800.0,NARE
2012-07-17,NARE,7280300.0,NARE
2012-07-18,NARE,8476000.0,NARE
2012-07-19,NARE,4849700.0,NARE
2012-07-20,NARE,8129400.0,NARE
2012-07-21,NARE,7660200.0,NARE
2012-07-22,NARE,8814700.0,NARE
2012-07-23,NARE,9728600.0,NARE
2012-07-24,NARE,7606200.0,NARE
2012-07-25,NARE,9822100.0,NARE
2012-07-26,NARE,5623900.0,NARE
2012-07-27,NARE,5978300.0,NARE
2012-07-28,NARE,5687200.0,NARE
2012-07-29,NARE,6327700.0,NARE
2012-07-30,NARE,9449600.0,NARE
2012-07-31,NARE,8239600.0,NARE
2012-08-01,NARE,5717000.0,NARE
2012-08-02,NARE,20504700.0,NARE
2012-08-03,NARE,9666700.0,NARE
2012-08-04,NARE,8300000.0,NARE
2012-08-05,NARE,11161000.0,NARE
2012-08-06,NARE,11559100.0,NARE
2012-08-07,NARE,9506400.0,NARE
2012-08-08,NARE,7096500.0,NARE
2012-08-09,NARE,7096500.0,NARE
2012-08-10,NARE,7462300.0,NARE
2012-08-11,NARE,9507100.0,NARE
2012-08-12,NARE,14201500.0,NARE
2012-08-13,NARE,8278700.0,NARE
2012-08-14,NARE,9893900.0,NARE
2012-08-15,NARE,8579800.0,NARE
2012-08-16,NARE,23592800.0,NARE
2012-08-17,NARE,24328900.0,NARE
2012-08-18,NARE,11905000.0,NARE
2012-08-19,NARE,20965300.0,NARE
2012-08-20,NARE,31916300.0,NARE
2012-08-21,NARE,17534600.0,NARE
2012-08-22,NARE,17014500.0,NARE
2012-08-23,NARE,37919100.0,NARE
2012-08-24,NARE,21211700.0,NARE
2012-08-25,NARE,16462900.0,NARE
2012-08-26,NARE,29853700.0,NARE
2012-08-27,NARE,15573600.0,NARE
2012-08-28,NARE,13196700.0,NARE
2012-08-29,NARE,10209900.0,NARE
2012-08-30,NARE,7866000.0,NARE
2012-08-31,NARE,6746700.0,NARE
2012-09-01,NARE,3771700.0,NARE
2012-09-02,NARE,9124700.0,NARE
2012-09-03,NARE,9672100.0,NARE
2012-09-04,NARE,6127900.0,NARE
2012-09-05,NARE,10896200.0,NARE
2012-09-06,NARE,7068100.0,NARE
2012-09-07,NARE,5484900.0,NARE
2012-09-08,NARE,8575200.0,NARE
2012-09-09,NARE,10193200.0,NARE
2012-09-10,NARE,11439700.0,NARE
2012-09-11,NARE,10264200.0,NARE
2012-09-12,NARE,5150100.0,NARE
2012-09-13,NARE,5246800.0,NARE
2012-09-14,NARE,5859900.0,NARE
2012-09-15,NARE,8327100.0,NARE
2012-09-16,NARE,6153100.0,NARE
2012-09-17,NARE,7299100.0,NARE
2012-09-18,NARE,12020200.0,NARE
2012-09-19,NARE,9460200.0,NARE
2012-09-20,NARE,15293100.0,NARE
2012-09-21,NARE,21484300.0,NARE
2012-09-22,NARE,24311500.0,NARE
2012-09-23,NARE,11798400.0,NARE
2012-09-24,NARE,7718200.0,NARE
2012-09-25,NARE,9524200.0,NARE
2012-09-26,NARE,6609500.0,NARE
2012-09-27,NARE,7897700.0,NARE
2012-09-28,NARE,5241400.0,NARE
2012-09-29,NARE,7278500.0,NARE
2012-09-30,NARE,8347700.0,NARE
2012-10-01,NARE,6378900.0,NARE
2012-10-02,NARE,13460400.0,NARE
2012-10-03,NARE,7199600.0,NARE
2012-10-04,NARE,22009600.0,NARE
2012-10-05,NARE,12824500.0,NARE
2012-10-06,NARE,8667600.0,NARE
2012-10-07,NARE,21855400.0,NARE
2012-10-08,NARE,9363500.0,NARE
2012-10-09,NARE,9211100.0,NARE
2012-10-10,NARE,19322100.0,NARE
2012-10-11,NARE,7015100.0,NARE
2012-10-12,NARE,8449000.0,NARE
2012-10-13,NARE,15118900.0,NARE
2012-10-14,NARE,13362000.0,NARE
2012-10-15,NARE,15072000.0,NARE
2012-10-16,NARE,21297300.0,NARE
2012-10-17,NARE,21951400.0,NARE
2012-10-18,NARE,24941000.0,NARE
2012-10-19,NARE,24617900.0,NARE
2012-10-20,NARE,23304900.0,NARE
2012-10-21,NARE,30361900.0,NARE
2012-10-22,NARE,25058300.0,NARE
2012-10-23,NARE,24416400.0,NARE
2012-10-24,NARE,23416200.0,NARE
2012-10-25,NARE,34540600.0,NARE
2012-10-26,NARE,22312800.0,NARE
2012-10-27,NARE,18426000.0,NARE
2012-10-28,NARE,11762500.0,NARE
2012-10-29,NARE,14439000.0,NARE
2012-10-30,NARE,18397900.0,NARE
2012-10-31,NARE,24024000.0,NARE
2012-11-01,NARE,51024100.0,NARE
2012-11-02,NARE,23257600.0,NARE
2012-11-03,NARE,21917200.0,NARE
2012-11-04,NARE,22063700.0,NARE
2012-11-05,NARE,25528200.0,NARE
2012-11-06,NARE,13528700.0,NARE
2012-11-07,NARE,16483900.0,NARE
2012-11-08,NARE,22286500.0,NARE
2012-11-09,NARE,16304700.0,NARE
2012-11-10,NARE,22661900.0,NARE
2012-11-11,NARE,15730000.0,NARE
2012-11-12,NARE,10441300.0,NARE
2012-11-13,NARE,13730600.0,NARE
2012-11-14,NARE,22651600.0,NARE
2012-11-15,NARE,26559000.0,NARE
2012-11-16,NARE,38526600.0,NARE
2012-11-17,NARE,42792300.0,NARE
2012-11-18,NARE,49321500.0,NARE
2012-11-19,NARE,23240600.0,NARE
2012-11-20,NARE,22586900.0,NARE
2012-11-21,NARE,18090500.0,NARE
2012-11-22,NARE,23330800.0,NARE
2012-11-23,NARE,14248100.0,NARE
2012-11-24,NARE,14246300.0,NARE
2012-11-25,NARE,11874800.0,NARE
2012-11-26,NARE,21841500.0,NARE
2012-11-27,NARE,21184700.0,NARE
2012-11-28,NARE,17430800.0,NARE
2012-11-29,NARE,13431300.0,NARE
2012-11-30,NARE,26057800.0,NARE
2012-12-01,NARE,19363000.0,NARE
2012-12-02,NARE,14104900.0,NARE
2012-12-03,NARE,21292700.0,NARE
2012-12-04,NARE,16402100.0,NARE
2012-12-05,NARE,15501100.0,NARE
2012-12-06,NARE,15068800.0,NARE
2012-12-07,NARE,11608200.0,NARE
2012-12-08,NARE,14550900.0,NARE
2012-12-09,NARE,11862700.0,NARE
2012-12-10,NARE,12036200.0,NARE
2012-12-11,NARE,11466500.0,NARE
2012-12-12,NARE,9020300.0,NARE
2012-12-13,NARE,9706200.0,NARE
2012-12-14,NARE,10900200.0,NARE
2012-12-15,NARE,10312900.0,NARE
2012-12-16,NARE,10898400.0,NARE
2012-12-17,NARE,8483100.0,NARE
2012-12-18,NARE,9945000.0,NARE
2012-12-19,NARE,15852800.0,NARE
2012-12-20,NARE,19475900.0,NARE
2012-12-21,NARE,17832300.0,NARE
2012-12-22,NARE,12243900.0,NARE
2012-12-23,NARE,9677800.0,NARE
2012-12-24,NARE,7500300.0,NARE
2012-12-25,NARE,11995200.0,NARE
2012-12-26,NARE,14298700.0,NARE
2012-12-27,NARE,8531400.0,NARE
2012-12-28,NARE,9334300.0,NARE
2012-12-29,NARE,7584700.0,NARE
2012-12-30,NARE,10022700.0,NARE
2012-12-31,NARE,8137200.0,NARE
2013-01-01,NARE,9498600.0,NARE
2013-01-02,NARE,10429300.0,NARE
2013-01-03,NARE,8189300.0,NARE
2013-01-04,NARE,7956200.0,NARE
2013-01-05,NARE,8175800.0,NARE
2013-01-06,NARE,7592500.0,NARE
2013-01-07,NARE,6318700.0,NARE
2013-01-08,NARE,7487800.0,NARE
2013-01-09,NARE,5133600.0,NARE
2013-01-10,NARE,7177700.0,NARE
2013-01-11,NARE,6287800.0,NARE
2013-01-12,NARE,6918300.0,NARE
2013-01-13,NARE,6148400.0,NARE
2013-01-14,NARE,7025100.0,NARE
2013-01-15,NARE,6851600.0,NARE
2013-01-16,NARE,13865400.0,NARE
2013-01-17,NARE,11933400.0,NARE
2013-01-18,NARE,8889400.0,NARE
2013-01-19,NARE,9226100.0,NARE
2013-01-20,NARE,7886700.0,NARE
2013-01-21,NARE,7667400.0,NARE
2013-01-22,NARE,9053300.0,NARE
2013-01-23,NARE,9296400.0,NARE
2013-01-24,NARE,8195700.0,NARE
2013-01-25,NARE,6965000.0,NARE
2013-01-26,NARE,8138400.0,NARE
2013-01-27,NARE,8045600.0,NARE
2013-01-28,NARE,8501200.0,NARE
2013-01-29,NARE,11631500.0,NARE
2013-01-30,NARE,8084600.0,NARE
2013-01-31,NARE,12031500.0,NARE
2013-02-01,NARE,8372700.0,NARE
2013-02-02,NARE,7472900.0,NARE
2013-02-03,NARE,8394300.0,NARE
2013-02-04,NARE,11211700.0,NARE
2013-02-05,NARE,13465700.0,NARE
2013-02-06,NARE,12647300.0,NARE
2013-02-07,NARE,8718100.0,NARE
2013-02-08,NARE,10788400.0,NARE
2013-02-09,NARE,14663800.0,NARE
2013-02-10,NARE,12442000.0,NARE
2013-02-11,NARE,18406800.0,NARE
2013-02-12,NARE,17172200.0,NARE
2013-02-13,NARE,8124200.0,NARE
2013-02-14,NARE,21581700.0,NARE
2013-02-15,NARE,8706100.0,NARE
2013-02-16,NARE,11509400.0,NARE
2013-02-17,NARE,7592600.0,NARE
2013-02-18,NARE,10410400.0,NARE
2013-02-19,NARE,9097600.0,NARE
2013-02-20,NARE,13412600.0,NARE
2013-02-21,NARE,16082100.0,NARE
2013-02-22,NARE,24464300.0,NARE
2013-02-23,NARE,7263400.0,NARE
2013-02-24,NARE,36120600.0,NARE
2013-02-25,NARE,16153600.0,NARE
2013-02-26,NARE,22532800.0,NARE
2013-02-27,NARE,31228600.0,NARE
2013-02-28,NARE,15887400.0,NARE
2013-03-01,NARE,22200100.0,NARE
2013-03-02,NARE,11747600.0,NARE
2013-03-03,NARE,12079600.0,NARE
2013-03-04,NARE,14557900.0,NARE
2013-03-05,NARE,12006000.0,NARE
2013-03-06,NARE,10125800.0,NARE
2013-03-07,NARE,10513400.0,NARE
2013-03-08,NARE,10369300.0,NARE
2013-03-09,NARE,7978400.0,NARE
2013-03-10,NARE,9282000.0,NARE
2013-03-11,NARE,11720000.0,NARE
2013-03-12,NARE,11172100.0,NARE
2013-03-13,NARE,9376100.0,NARE
2013-03-14,NARE,8981500.0,NARE
2013-03-15,NARE,12547500.0,NARE
2013-03-16,NARE,9855700.0,NARE
2013-03-17,NARE,27928000.0,NARE
2013-03-18,NARE,28585000.0,NARE
2013-03-19,NARE,26652400.0,NARE
2013-03-20,NARE,19188000.0,NARE
2013-03-21,NARE,12560300.0,NARE
2013-03-22,NARE,13206900.0,NARE
2013-03-23,NARE,13609700.0,NARE
2013-03-24,NARE,13870900.0,NARE
2013-03-25,NARE,9159200.0,NARE
2013-03-26,NARE,12573700.0,NARE
2013-03-27,NARE,10665900.0,NARE
2013-03-28,NARE,7952500.0,NARE
2013-03-29,NARE,12723400.0,NARE
2013-03-30,NARE,17424900.0,NARE
2013-03-31,NARE,11621200.0,NARE
2013-04-01,NARE,7638600.0,NARE
2013-04-02,NARE,11256000.0,NARE
2013-04-03,NARE,10239100.0,NARE
2013-04-04,NARE,9299000.0,NARE
2013-04-05,NARE,6619200.0,NARE
2013-04-06,NARE,10192000.0,NARE
2013-04-07,NARE,9907800.0,NARE
2013-04-08,NARE,9325900.0,NARE
2013-04-09,NARE,6263500.0,NARE
2013-04-10,NARE,16689800.0,NARE
2013-04-11,NARE,7979400.0,NARE
2013-04-12,NARE,11725300.0,NARE
2013-04-13,NARE,13726500.0,NARE
2013-04-14,NARE,9071700.0,NARE
2013-04-15,NARE,11999600.0,NARE
2013-04-16,NARE,7458100.0,NARE
2013-04-17,NARE,11821600.0,NARE
2013-04-18,NARE,17027500.0,NARE
2013-04-19,NARE,8404500.0,NARE
2013-04-20,NARE,14075200.0,NARE
2013-04-21,NARE,11823700.0,NARE
2013-04-22,NARE,13684800.0,NARE
2013-04-23,NARE,17111000.0,NARE
2013-04-24,NARE,9947400.0,NARE
2013-04-25,NARE,17800100.0,NARE
2013-04-26,NARE,11478900.0,NARE
2013-04-27,NARE,13303200.0,NARE
2013-04-28,NARE,9215100.0,NARE
2013-04-29,NARE,13804700.0,NARE
2013-04-30,NARE,9822800.0,NARE
2013-05-01,NARE,11078600.0,NARE
2013-05-02,NARE,19506200.0,NARE
2013-05-03,NARE,25293600.0,NARE
2013-05-04,NARE,22206100.0,NARE
2013-05-05,NARE,25035900.0,NARE
2013-05-06,NARE,20774700.0,NARE
2013-05-07,NARE,13698200.0,NARE
2013-05-08,NARE,10813500.0,NARE
2013-05-09,NARE,21991600.0,NARE
2013-05-10,NARE,22251400.0,NARE
2013-05-11,NARE,21869100.0,NARE
2013-05-12,NARE,16521000.0,NARE
2013-05-13,NARE,19315700.0,NARE
2013-05-14,NARE,10805700.0,NARE
2013-05-15,NARE,17842600.0,NARE
2013-05-16,NARE,18464500.0,NARE
2013-05-17,NARE,32402700.0,NARE
2013-05-18,NARE,16634900.0,NARE
2013-05-19,NARE,13441900.0,NARE
2013-05-20,NARE,17165100.0,NARE
2013-05-21,NARE,27420500.0,NARE
2013-05-22,NARE,46814800.0,NARE
2013-05-23,NARE,50771200.0,NARE
2013-05-24,NARE,65787200.0,NARE
2013-05-25,NARE,45105200.0,NARE
2013-05-26,NARE,35383300.0,NARE
2013-05-27,NARE,20754200.0,NARE
2013-05-28,NARE,15932000.0,NARE
2013-05-29,NARE,20360600.0,NARE
2013-05-30,NARE,27064400.0,NARE
2013-05-31,NARE,29509500.0,NARE
2013-06-01,NARE,18355100.0,NARE
2013-06-02,NARE,17238800.0,NARE
2013-06-03,NARE,13193800.0,NARE
2013-06-04,NARE,13674100.0,NARE
2013-06-05,NARE,13684800.0,NARE
2013-06-06,NARE,13959800.0,NARE
2013-06-07,NARE,12329500.0,NARE
2013-06-08,NARE,7991100.0,NARE
2013-06-09,NARE,12292000.0,NARE
2013-06-10,NARE,11863700.0,NARE
2013-06-11,NARE,12098400.0,NARE
2013-06-12,NARE,14428800.0,NARE
2013-06-13,NARE,16406300.0,NARE
2013-06-14,NARE,16098300.0,NARE
2013-06-15,NARE,21011500.0,NARE
2013-06-16,NARE,39455800.0,NARE
2013-06-17,NARE,29048600.0,NARE
2013-06-18,NARE,29750900.0,NARE
2013-06-19,NARE,13879800.0,NARE
2013-06-20,NARE,10480100.0,NARE
2013-06-21,NARE,12190000.0,NARE
2013-06-22,NARE,9880500.0,NARE
2013-06-23,NARE,15362500.0,NARE
2013-06-24,NARE,39396400.0,NARE
2013-06-25,NARE,24553500.0,NARE
2013-06-26,NARE,14639000.0,NARE
2013-06-27,NARE,15687000.0,NARE
2013-06-28,NARE,39370500.0,NARE
2013-06-29,NARE,27780400.0,NARE
2013-06-30,NARE,38534100.0,NARE
2013-07-01,NARE,28548500.0,NARE
2013-07-02,NARE,17219600.0,NARE
2013-07-03,NARE,20630800.0,NARE
2013-07-04,NARE,17312500.0,NARE
2013-07-05,NARE,14476800.0,NARE
2013-07-06,NARE,14997300.0,NARE
2013-07-07,NARE,13234700.0,NARE
2013-07-08,NARE,37953600.0,NARE
2013-07-09,NARE,22054300.0,NARE
2013-07-10,NARE,9866900.0,NARE
2013-07-11,NARE,10507800.0,NARE
2013-07-12,NARE,10664400.0,NARE
2013-07-13,NARE,13818200.0,NARE
2013-07-14,NARE,12193100.0,NARE
2013-07-15,NARE,7992700.0,NARE
2013-07-16,NARE,10410000.0,NARE
2013-07-17,NARE,8587200.0,NARE
2013-07-18,NARE,9638000.0,NARE
2013-07-19,NARE,11830300.0,NARE
2013-07-20,NARE,8240000.0,NARE
2013-07-21,NARE,9308900.0,NARE
2013-07-22,NARE,13717600.0,NARE
2013-07-23,NARE,9789300.0,NARE
2013-07-24,NARE,9934500.0,NARE
2013-07-25,NARE,4991500.0,NARE
2013-07-26,NARE,8599200.0,NARE
2013-07-27,NARE,9140600.0,NARE
2013-07-28,NARE,8647400.0,NARE
2013-07-29,NARE,7087800.0,NARE
2013-07-30,NARE,6301700.0,NARE
2013-07-31,NARE,9758100.0,NARE
2013-08-01,NARE,15272500.0,NARE
2013-08-02,NARE,19408100.0,NARE
2013-08-03,NARE,17757900.0,NARE
2013-08-04,NARE,6869600.0,NARE
2013-08-05,NARE,10075500.0,NARE
2013-08-06,NARE,8900000.0,NARE
2013-08-07,NARE,10797200.0,NARE
2013-08-08,NARE,32694900.0,NARE
2013-08-09,NARE,33740700.0,NARE
2013-08-10,NARE,22523000.0,NARE
2013-08-11,NARE,25774300.0,NARE
2013-08-12,NARE,25270100.0,NARE
2013-08-13,NARE,32306600.0,NARE
2013-08-14,NARE,17854200.0,NARE
2013-08-15,NARE,12360700.0,NARE
2013-08-16,NARE,10801500.0,NARE
2013-08-17,NARE,18980900.0,NARE
2013-08-18,NARE,19561900.0,NARE
2013-08-19,NARE,13618400.0,NARE
2013-08-20,NARE,30020000.0,NARE
2013-08-21,NARE,22168400.0,NARE
2013-08-22,NARE,26012700.0,NARE
2013-08-23,NARE,15677800.0,NARE
2013-08-24,NARE,18417900.0,NARE
2013-08-25,NARE,31595200.0,NARE
2013-08-26,NARE,16725500.0,NARE
2013-08-27,NARE,12424400.0,NARE
2013-08-28,NARE,9718400.0,NARE
2013-08-29,NARE,11440900.0,NARE
2013-08-30,NARE,8910600.0,NARE
2013-08-31,NARE,10614000.0,NARE
2013-09-01,NARE,18067900.0,NARE
2013-09-02,NARE,23686500.0,NARE
2013-09-03,NARE,25833100.0,NARE
2013-09-04,NARE,15042300.0,NARE
2013-09-05,NARE,11592900.0,NARE
2013-09-06,NARE,35180900.0,NARE
2013-09-07,NARE,24674600.0,NARE
2013-09-08,NARE,12724900.0,NARE
2013-09-09,NARE,21691500.0,NARE
2013-09-10,NARE,31681600.0,NARE
2013-09-11,NARE,24475100.0,NARE
2013-09-12,NARE,24336600.0,NARE
2013-09-13,NARE,14645500.0,NARE
2013-09-14,NARE,12755000.0,NARE
2013-09-15,NARE,17330900.0,NARE
2013-09-16,NARE,12827600.0,NARE
2013-09-17,NARE,12011700.0,NARE
2013-09-18,NARE,11561800.0,NARE
2013-09-19,NARE,11560000.0,NARE
2013-09-20,NARE,10209400.0,NARE
2013-09-21,NARE,9129900.0,NARE
2013-09-22,NARE,10085400.0,NARE
2013-09-23,NARE,9045300.0,NARE
2013-09-24,NARE,12844300.0,NARE
2013-09-25,NARE,8660500.0,NARE
2013-09-26,NARE,9420100.0,NARE
2013-09-27,NARE,17037900.0,NARE
2013-09-28,NARE,26591300.0,NARE
2013-09-29,NARE,32035600.0,NARE
2013-09-30,NARE,26757100.0,NARE
2013-10-01,NARE,27926600.0,NARE
2013-10-02,NARE,12783300.0,NARE
2013-10-03,NARE,20280700.0,NARE
2013-10-04,NARE,42211400.0,NARE
2013-10-05,NARE,21196200.0,NARE
2013-10-06,NARE,12973900.0,NARE
2013-10-07,NARE,13188600.0,NARE
2013-10-08,NARE,16387500.0,NARE
2013-10-09,NARE,18985800.0,NARE
2013-10-10,NARE,19397800.0,NARE
2013-10-11,NARE,20791300.0,NARE
2013-10-12,NARE,14983800.0,NARE
2013-10-13,NARE,29673900.0,NARE
2013-10-14,NARE,45555500.0,NARE
2013-10-15,NARE,44947200.0,NARE
2013-10-16,NARE,24192400.0,NARE
2013-10-17,NARE,19638100.0,NARE
2013-10-18,NARE,15378800.0,NARE
2013-10-19,NARE,18195800.0,NARE
2013-10-20,NARE,23956100.0,NARE
2013-10-21,NARE,28026500.0,NARE
2013-10-22,NARE,33136700.0,NARE
2013-10-23,NARE,17154500.0,NARE
2013-10-24,NARE,14463400.0,NARE
2013-10-25,NARE,13253100.0,NARE
2013-10-26,NARE,13613800.0,NARE
2013-10-27,NARE,26095600.0,NARE
2013-10-28,NARE,13259100.0,NARE
2013-10-29,NARE,8920600.0,NARE
2013-10-30,NARE,11981600.0,NARE
2013-10-31,NARE,12548100.0,NARE
2013-11-01,NARE,15333100.0,NARE
2013-11-02,NARE,12595600.0,NARE
2013-11-03,NARE,12402500.0,NARE
2013-11-04,NARE,30352400.0,NARE
2013-11-05,NARE,39223000.0,NARE
2013-11-06,NARE,30104700.0,NARE
2013-11-07,NARE,32929400.0,NARE
2013-11-08,NARE,21143400.0,NARE
2013-11-09,NARE,31010300.0,NARE
2013-11-10,NARE,23193700.0,NARE
2013-11-11,NARE,14604000.0,NARE
2013-11-12,NARE,22736600.0,NARE
2013-11-13,NARE,24296200.0,NARE
2013-11-14,NARE,23875000.0,NARE
2013-11-15,NARE,34518400.0,NARE
2013-11-16,NARE,20022100.0,NARE
2013-11-17,NARE,17681300.0,NARE
2013-11-18,NARE,13959900.0,NARE
2013-11-19,NARE,18050100.0,NARE
2013-11-20,NARE,23733600.0,NARE
2013-11-21,NARE,17437900.0,NARE
2013-11-22,NARE,14736200.0,NARE
2013-11-23,NARE,13208500.0,NARE
2013-11-24,NARE,23927000.0,NARE
2013-11-25,NARE,17290600.0,NARE
2013-11-26,NARE,22763200.0,NARE
2013-11-27,NARE,21893100.0,NARE
2013-11-28,NARE,18678300.0,NARE
2013-11-29,NARE,18708800.0,NARE
2013-11-30,NARE,29968000.0,NARE
2013-12-01,NARE,29033000.0,NARE
2013-12-02,NARE,45648600.0,NARE
2013-12-03,NARE,22637100.0,NARE
2013-12-04,NARE,18834500.0,NARE
2013-12-05,NARE,22286000.0,NARE
2013-12-06,NARE,19623900.0,NARE
2013-12-07,NARE,23621600.0,NARE
2013-12-08,NARE,17206200.0,NARE
2013-12-09,NARE,24557300.0,NARE
2013-12-10,NARE,13858200.0,NARE
2013-12-11,NARE,21249300.0,NARE
2013-12-12,NARE,17022000.0,NARE
2013-12-13,NARE,14270600.0,NARE
2013-12-14,NARE,10136800.0,NARE
2013-12-15,NARE,21904800.0,NARE
2013-12-16,NARE,15046200.0,NARE
2013-12-17,NARE,22747600.0,NARE
2013-12-18,NARE,18991100.0,NARE
2013-12-19,NARE,13482000.0,NARE
2013-12-20,NARE,13180100.0,NARE
2013-12-21,NARE,11210300.0,NARE
2013-12-22,NARE,21077900.0,NARE
2013-12-23,NARE,36020600.0,NARE
2013-12-24,NARE,27582600.0,NARE
2013-12-25,NARE,21237700.0,NARE
2013-12-26,NARE,13143600.0,NARE
2013-12-27,NARE,15535800.0,NARE
2013-12-28,NARE,12175400.0,NARE
2013-12-29,NARE,10309000.0,NARE
2013-12-30,NARE,10178300.0,NARE
2013-12-31,NARE,13866000.0,NARE
2014-01-01,NARE,13276100.0,NARE
2014-01-02,NARE,10073000.0,NARE
2014-01-03,NARE,15347300.0,NARE
2014-01-04,NARE,10824100.0,NARE
2014-01-05,NARE,14797100.0,NARE
2014-01-06,NARE,26003500.0,NARE
2014-01-07,NARE,15331000.0,NARE
2014-01-08,NARE,12604100.0,NARE
2014-01-09,NARE,11462600.0,NARE
2014-01-10,NARE,11641500.0,NARE
2014-01-11,NARE,9491000.0,NARE
2014-01-12,NARE,13542900.0,NARE
2014-01-13,NARE,8100700.0,NARE
2014-01-14,NARE,10415600.0,NARE
2014-01-15,NARE,9088800.0,NARE
2014-01-16,NARE,10808500.0,NARE
2014-01-17,NARE,10021300.0,NARE
2014-01-18,NARE,9160100.0,NARE
2014-01-19,NARE,10891100.0,NARE
2014-01-20,NARE,15531500.0,NARE
2014-01-21,NARE,10894300.0,NARE
2014-01-22,NARE,12196300.0,NARE
2014-01-23,NARE,12171100.0,NARE
2014-01-24,NARE,8818200.0,NARE
2014-01-25,NARE,10630300.0,NARE
2014-01-26,NARE,8718300.0,NARE
2014-01-27,NARE,8806100.0,NARE
2014-01-28,NARE,8945000.0,NARE
2014-01-29,NARE,12855600.0,NARE
2014-01-30,NARE,7646500.0,NARE
2014-01-31,NARE,9032500.0,NARE
2014-02-01,NARE,11264900.0,NARE
2014-02-02,NARE,18730000.0,NARE
2014-02-03,NARE,13167700.0,NARE
2014-02-04,NARE,10464500.0,NARE
2014-02-05,NARE,9587300.0,NARE
2014-02-06,NARE,10744400.0,NARE
2014-02-07,NARE,11589400.0,NARE
2014-02-08,NARE,9507300.0,NARE
2014-02-09,NARE,8891500.0,NARE
2014-02-10,NARE,11431700.0,NARE
2014-02-11,NARE,9223800.0,NARE
2014-02-12,NARE,10774500.0,NARE
2014-02-13,NARE,14171100.0,NARE
2014-02-14,NARE,11011900.0,NARE
2014-02-15,NARE,7945200.0,NARE
2014-02-16,NARE,8133700.0,NARE
2014-02-17,NARE,9372300.0,NARE
2014-02-18,NARE,10976100.0,NARE
2014-02-19,NARE,7575000.0,NARE
2014-02-20,NARE,12327700.0,NARE
2014-02-21,NARE,9697200.0,NARE
2014-02-22,NARE,10067000.0,NARE
2014-02-23,NARE,9766900.0,NARE
2014-02-24,NARE,11072500.0,NARE
2014-02-25,NARE,18844800.0,NARE
2014-02-26,NARE,14434700.0,NARE
2014-02-27,NARE,25572300.0,NARE
2014-02-28,NARE,17896400.0,NARE
2014-03-01,NARE,11864700.0,NARE
2014-03-02,NARE,9656100.0,NARE
2014-03-03,NARE,12173600.0,NARE
2014-03-04,NARE,12435800.0,NARE
2014-03-05,NARE,14532800.0,NARE
2014-03-06,NARE,10738800.0,NARE
2014-03-07,NARE,10955200.0,NARE
2014-03-08,NARE,9494100.0,NARE
2014-03-09,NARE,17813100.0,NARE
2014-03-10,NARE,14210000.0,NARE
2014-03-11,NARE,14853800.0,NARE
2014-03-12,NARE,20816100.0,NARE
2014-03-13,NARE,12846400.0,NARE
2014-03-14,NARE,10830900.0,NARE
2014-03-15,NARE,12388000.0,NARE
2014-03-16,NARE,15806100.0,NARE
2014-03-17,NARE,12205100.0,NARE
2014-03-18,NARE,14592700.0,NARE
2014-03-19,NARE,10196300.0,NARE
2014-03-20,NARE,9866900.0,NARE
2014-03-21,NARE,5378100.0,NARE
2014-03-22,NARE,7986700.0,NARE
2014-03-23,NARE,12121500.0,NARE
2014-03-24,NARE,10428400.0,NARE
2014-03-25,NARE,15536800.0,NARE
2014-03-26,NARE,18710500.0,NARE
2014-03-27,NARE,7978500.0,NARE
2014-03-28,NARE,7868000.0,NARE
2014-03-29,NARE,6421100.0,NARE
2014-03-30,NARE,7386100.0,NARE
2014-03-31,NARE,8083000.0,NARE
2014-04-01,NARE,4546200.0,NARE
2014-04-02,NARE,5522600.0,NARE
2014-04-03,NARE,5967600.0,NARE
2014-04-04,NARE,4484900.0,NARE
2014-04-05,NARE,8201000.0,NARE
2014-04-06,NARE,4997600.0,NARE
2014-04-07,NARE,7008100.0,NARE
2014-04-08,NARE,11595100.0,NARE
2014-04-09,NARE,7553000.0,NARE
2014-04-10,NARE,6971600.0,NARE
2014-04-11,NARE,5418400.0,NARE
2014-04-12,NARE,3861400.0,NARE
2014-04-13,NARE,5467300.0,NARE
2014-04-14,NARE,6556100.0,NARE
2014-04-15,NARE,3963400.0,NARE
2014-04-16,NARE,8353300.0,NARE
2014-04-17,NARE,9698900.0,NARE
2014-04-18,NARE,8203500.0,NARE
2014-04-19,NARE,13289600.0,NARE
2014-04-20,NARE,8719300.0,NARE
2014-04-21,NARE,12070200.0,NARE
2014-04-22,NARE,12242000.0,NARE
2014-04-23,NARE,11627700.0,NARE
2014-04-24,NARE,20339500.0,NARE
2014-04-25,NARE,10943900.0,NARE
2014-04-26,NARE,43194100.0,NARE
2014-04-27,NARE,21802700.0,NARE
2014-04-28,NARE,16518900.0,NARE
2014-04-29,NARE,7855200.0,NARE
2014-04-30,NARE,15156000.0,NARE
2014-05-01,NARE,6688200.0,NARE
2014-05-02,NARE,12713900.0,NARE
2014-05-03,NARE,9233400.0,NARE
2014-05-04,NARE,10018100.0,NARE
2014-05-05,NARE,10453200.0,NARE
2014-05-06,NARE,17749000.0,NARE
2014-05-07,NARE,16213900.0,NARE
2014-05-08,NARE,14976000.0,NARE
2014-05-09,NARE,21289700.0,NARE
2014-05-10,NARE,26872600.0,NARE
2014-05-11,NARE,39117400.0,NARE
2014-05-12,NARE,26979200.0,NARE
2014-05-13,NARE,30311600.0,NARE
2014-05-14,NARE,18067900.0,NARE
2014-05-15,NARE,21698600.0,NARE
2014-05-16,NARE,20562700.0,NARE
2014-05-17,NARE,17170800.0,NARE
2014-05-18,NARE,12685900.0,NARE
2014-05-19,NARE,10379500.0,NARE
2014-05-20,NARE,15505000.0,NARE
2014-05-21,NARE,9610700.0,NARE
2014-05-22,NARE,8713700.0,NARE
2014-05-23,NARE,12789400.0,NARE
2014-05-24,NARE,11646100.0,NARE
2014-05-25,NARE,9844900.0,NARE
2014-05-26,NARE,15233600.0,NARE
2014-05-27,NARE,8733100.0,NARE
2014-05-28,NARE,8733100.0,NARE
2014-05-29,NARE,21042800.0,NARE
2014-05-30,NARE,21037500.0,NARE
2014-05-31,NARE,28191200.0,NARE
2014-06-01,NARE,16914700.0,NARE
2014-06-02,NARE,17811700.0,NARE
2014-06-03,NARE,20517000.0,NARE
2014-06-04,NARE,14915800.0,NARE
2014-06-05,NARE,12108800.0,NARE
2014-06-06,NARE,19555100.0,NARE
2014-06-07,NARE,28648200.0,NARE
2014-06-08,NARE,18452300.0,NARE
2014-06-09,NARE,9956500.0,NARE
2014-06-10,NARE,17540300.0,NARE
2014-06-11,NARE,12065200.0,NARE
2014-06-12,NARE,8669400.0,NARE
2014-06-13,NARE,8068900.0,NARE
2014-06-14,NARE,24346900.0,NARE
2014-06-15,NARE,19862000.0,NARE
2014-06-16,NARE,10589200.0,NARE
2014-06-17,NARE,5510200.0,NARE
2014-06-18,NARE,8457500.0,NARE
2014-06-19,NARE,8457500.0,NARE
2014-06-20,NARE,6150800.0,NARE
2014-06-21,NARE,6279000.0,NARE
2014-06-22,NARE,5334800.0,NARE
2014-06-23,NARE,8995300.0,NARE
2014-06-24,NARE,21589800.0,NARE
2014-06-25,NARE,40018700.0,NARE
2014-06-26,NARE,18708800.0,NARE
2014-06-27,NARE,20181900.0,NARE
2014-06-28,NARE,14432900.0,NARE
2014-06-29,NARE,7047800.0,NARE
2014-06-30,NARE,9738600.0,NARE
2014-07-01,NARE,17147400.0,NARE
2014-07-02,NARE,19810600.0,NARE
2014-07-03,NARE,23449800.0,NARE
2014-07-04,NARE,18361900.0,NARE
2014-07-05,NARE,15248800.0,NARE
2014-07-06,NARE,10763900.0,NARE
2014-07-07,NARE,18446900.0,NARE
2014-07-08,NARE,7814500.0,NARE
2014-07-09,NARE,8975100.0,NARE
2014-07-10,NARE,6748400.0,NARE
2014-07-11,NARE,6746700.0,NARE
2014-07-12,NARE,5793600.0,NARE
2014-07-13,NARE,7008100.0,NARE
2014-07-14,NARE,4704200.0,NARE
2014-07-15,NARE,5774500.0,NARE
2014-07-16,NARE,5666100.0,NARE
2014-07-17,NARE,6486600.0,NARE
2014-07-18,NARE,6280400.0,NARE
2014-07-19,NARE,5963000.0,NARE
2014-07-20,NARE,7587700.0,NARE
2014-07-21,NARE,4630900.0,NARE
2014-07-22,NARE,6760100.0,NARE
2014-07-23,NARE,4984800.0,NARE
2014-07-24,NARE,5867300.0,NARE
2014-07-25,NARE,5208400.0,NARE
2014-07-26,NARE,14057000.0,NARE
2014-07-27,NARE,8841900.0,NARE
2014-07-28,NARE,5618600.0,NARE
2014-07-29,NARE,7481800.0,NARE
2014-07-30,NARE,4803000.0,NARE
2014-07-31,NARE,5559800.0,NARE
2014-08-01,NARE,4025400.0,NARE
2014-08-02,NARE,8254100.0,NARE
2014-08-03,NARE,4108700.0,NARE
2014-08-04,NARE,8457900.0,NARE
2014-08-05,NARE,4164300.0,NARE
2014-08-06,NARE,12252600.0,NARE
2014-08-07,NARE,15531500.0,NARE
2014-08-08,NARE,19419500.0,NARE
2014-08-09,NARE,15466000.0,NARE
2014-08-10,NARE,15315100.0,NARE
2014-08-11,NARE,27198900.0,NARE
2014-08-12,NARE,19051300.0,NARE
2014-08-13,NARE,16485100.0,NARE
2014-08-14,NARE,27255900.0,NARE
2014-08-15,NARE,10905000.0,NARE
2014-08-16,NARE,7281900.0,NARE
2014-08-17,NARE,7503100.0,NARE
2014-08-18,NARE,5439100.0,NARE
2014-08-19,NARE,5233100.0,NARE
2014-08-20,NARE,6540500.0,NARE
2014-08-21,NARE,8261500.0,NARE
2014-08-22,NARE,6435600.0,NARE
2014-08-23,NARE,14995300.0,NARE
2014-08-24,NARE,18540700.0,NARE
2014-08-25,NARE,15307300.0,NARE
2014-08-26,NARE,16325700.0,NARE
2014-08-27,NARE,10076400.0,NARE
2014-08-28,NARE,14050700.0,NARE
2014-08-29,NARE,15089300.0,NARE
2014-08-30,NARE,8924700.0,NARE
2014-08-31,NARE,8884800.0,NARE
2014-09-01,NARE,6392500.0,NARE
2014-09-02,NARE,11448900.0,NARE
2014-09-03,NARE,19242800.0,NARE
2014-09-04,NARE,17722600.0,NARE
2014-09-05,NARE,9095800.0,NARE
2014-09-06,NARE,8007400.0,NARE
2014-09-07,NARE,5686100.0,NARE
2014-09-08,NARE,6867100.0,NARE
2014-09-09,NARE,7530000.0,NARE
2014-09-10,NARE,5791400.0,NARE
2014-09-11,NARE,28289100.0,NARE
2014-09-12,NARE,19225900.0,NARE
2014-09-13,NARE,40491700.0,NARE
2014-09-14,NARE,20305100.0,NARE
2014-09-15,NARE,20898400.0,NARE
2014-09-16,NARE,17625400.0,NARE
2014-09-17,NARE,21159500.0,NARE
2014-09-18,NARE,16943400.0,NARE
2014-09-19,NARE,13617900.0,NARE
2014-09-20,NARE,19606800.0,NARE
2014-09-21,NARE,15745500.0,NARE
2014-09-22,NARE,17550200.0,NARE
2014-09-23,NARE,20160900.0,NARE
2014-09-24,NARE,17645600.0,NARE
2014-09-25,NARE,19665800.0,NARE
2014-09-26,NARE,24454000.0,NARE
2014-09-27,NARE,17510200.0,NARE
2014-09-28,NARE,10736100.0,NARE
2014-09-29,NARE,13229900.0,NARE
2014-09-30,NARE,10841800.0,NARE
2014-10-01,NARE,8538500.0,NARE
2014-10-02,NARE,7055400.0,NARE
2014-10-03,NARE,8401800.0,NARE
2014-10-04,NARE,11668700.0,NARE
2014-10-05,NARE,9571100.0,NARE
2014-10-06,NARE,11217100.0,NARE
2014-10-07,NARE,30379000.0,NARE
2014-10-08,NARE,35739300.0,NARE
2014-10-09,NARE,34970700.0,NARE
2014-10-10,NARE,21344300.0,NARE
2014-10-11,NARE,23722900.0,NARE
2014-10-12,NARE,21382100.0,NARE
2014-10-13,NARE,22750400.0,NARE
2014-10-14,NARE,20782800.0,NARE
2014-10-15,NARE,20038600.0,NARE
2014-10-16,NARE,20092700.0,NARE
2014-10-17,NARE,17856200.0,NARE
2014-10-18,NARE,21299400.0,NARE
2014-10-19,NARE,19938600.0,NARE
2014-10-20,NARE,14376600.0,NARE
2014-10-21,NARE,14538000.0,NARE
2014-10-22,NARE,15405900.0,NARE
2014-10-23,NARE,14600900.0,NARE
2014-10-24,NARE,18856900.0,NARE
2014-10-25,NARE,17893700.0,NARE
2014-10-26,NARE,41881900.0,NARE
2014-10-27,NARE,16512300.0,NARE
2014-10-28,NARE,21368000.0,NARE
2014-10-29,NARE,18023300.0,NARE
2014-10-30,NARE,21123500.0,NARE
2014-10-31,NARE,31185700.0,NARE
2014-11-01,NARE,24179100.0,NARE
2014-11-02,NARE,19075700.0,NARE
2014-11-03,NARE,14827500.0,NARE
2014-11-04,NARE,13565600.0,NARE
2014-11-05,NARE,18999400.0,NARE
2014-11-06,NARE,22840500.0,NARE
2014-11-07,NARE,18226500.0,NARE
2014-11-08,NARE,15299200.0,NARE
2014-11-09,NARE,13992100.0,NARE
2014-11-10,NARE,26350500.0,NARE
2014-11-11,NARE,32602000.0,NARE
2014-11-12,NARE,45546700.0,NARE
2014-11-13,NARE,35429700.0,NARE
2014-11-14,NARE,44818100.0,NARE
2014-11-15,NARE,22926000.0,NARE
2014-11-16,NARE,17086600.0,NARE
2014-11-17,NARE,15005900.0,NARE
2014-11-18,NARE,15626800.0,NARE
2014-11-19,NARE,15225700.0,NARE
2014-11-20,NARE,12671900.0,NARE
2014-11-21,NARE,13541200.0,NARE
2014-11-22,NARE,13998100.0,NARE
2014-11-23,NARE,17296500.0,NARE
2014-11-24,NARE,47386700.0,NARE
2014-11-25,NARE,16774500.0,NARE
2014-11-26,NARE,21097700.0,NARE
2014-11-27,NARE,12650700.0,NARE
2014-11-28,NARE,9981300.0,NARE
2014-11-29,NARE,11964100.0,NARE
2014-11-30,NARE,13070800.0,NARE
2014-12-01,NARE,18127200.0,NARE
2014-12-02,NARE,11034000.0,NARE
2014-12-03,NARE,9292600.0,NARE
2014-12-04,NARE,12119200.0,NARE
2014-12-05,NARE,10407800.0,NARE
2014-12-06,NARE,17883100.0,NARE
2014-12-07,NARE,13270100.0,NARE
2014-12-08,NARE,16141300.0,NARE
2014-12-09,NARE,17782700.0,NARE
2014-12-10,NARE,26073500.0,NARE
2014-12-11,NARE,17435700.0,NARE
2014-12-12,NARE,13082500.0,NARE
2014-12-13,NARE,12248200.0,NARE
2014-12-14,NARE,14182200.0,NARE
2014-12-15,NARE,13489600.0,NARE
2014-12-16,NARE,15166300.0,NARE
2014-12-17,NARE,7595700.0,NARE
2014-12-18,NARE,12154200.0,NARE
2014-12-19,NARE,8994000.0,NARE
2014-12-20,NARE,9978500.0,NARE
2014-12-21,NARE,11062300.0,NARE
2014-12-22,NARE,8023600.0,NARE
2014-12-23,NARE,8214500.0,NARE
2014-12-24,NARE,4700900.0,NARE
2014-12-25,NARE,15616900.0,NARE
2014-12-26,NARE,7750100.0,NARE
2014-12-27,NARE,6402700.0,NARE
2014-12-28,NARE,7765000.0,NARE
2014-12-29,NARE,9047000.0,NARE
2014-12-30,NARE,10173900.0,NARE
2014-12-31,NARE,8994400.0,NARE
2015-01-01,NARE,5458500.0,NARE
2015-01-02,NARE,10286300.0,NARE
2015-01-03,NARE,8805000.0,NARE
2015-01-04,NARE,5819300.0,NARE
2015-01-05,NARE,7028900.0,NARE
2015-01-06,NARE,5978300.0,NARE
2015-01-07,NARE,6821500.0,NARE
2015-01-08,NARE,5196700.0,NARE
2015-01-09,NARE,5720000.0,NARE
2015-01-10,NARE,5070200.0,NARE
2015-01-11,NARE,9536800.0,NARE
2015-01-12,NARE,7858300.0,NARE
2015-01-13,NARE,21419900.0,NARE
2015-01-14,NARE,8314500.0,NARE
2015-01-15,NARE,12434800.0,NARE
2015-01-16,NARE,9369300.0,NARE
2015-01-17,NARE,7967500.0,NARE
2015-01-18,NARE,8246300.0,NARE
2015-01-19,NARE,11458400.0,NARE
2015-01-20,NARE,9879200.0,NARE
2015-01-21,NARE,11940100.0,NARE
2015-01-22,NARE,18629400.0,NARE
2015-01-23,NARE,17317000.0,NARE
2015-01-24,NARE,10899400.0,NARE
2015-01-25,NARE,7798900.0,NARE
2015-01-26,NARE,6189300.0,NARE
2015-01-27,NARE,8169900.0,NARE
2015-01-28,NARE,6748000.0,NARE
2015-01-29,NARE,8664000.0,NARE
2015-01-30,NARE,6131700.0,NARE
2015-01-31,NARE,17121900.0,NARE
2015-02-01,NARE,11326600.0,NARE
2015-02-02,NARE,4797700.0,NARE
2015-02-03,NARE,7990800.0,NARE
2015-02-04,NARE,7629300.0,NARE
2015-02-05,NARE,5808000.0,NARE
2015-02-06,NARE,18305300.0,NARE
2015-02-07,NARE,8905000.0,NARE
2015-02-08,NARE,15712700.0,NARE
2015-02-09,NARE,16039900.0,NARE
2015-02-10,NARE,21761700.0,NARE
2015-02-11,NARE,17470700.0,NARE
2015-02-12,NARE,8890500.0,NARE
2015-02-13,NARE,49103000.0,NARE
2015-02-14,NARE,14690000.0,NARE
2015-02-15,NARE,9654100.0,NARE
2015-02-16,NARE,9383800.0,NARE
2015-02-17,NARE,10323700.0,NARE
2015-02-18,NARE,7528900.0,NARE
2015-02-19,NARE,6554300.0,NARE
2015-02-20,NARE,7900300.0,NARE
2015-02-21,NARE,7887200.0,NARE
2015-02-22,NARE,4914700.0,NARE
2015-02-23,NARE,6435200.0,NARE
2015-02-24,NARE,12561600.0,NARE
2015-02-25,NARE,5963500.0,NARE
2015-02-26,NARE,10365100.0,NARE
2015-02-27,NARE,13333400.0,NARE
2015-02-28,NARE,11887800.0,NARE
2015-03-01,NARE,12735100.0,NARE
2015-03-02,NARE,8756900.0,NARE
2015-03-03,NARE,6338100.0,NARE
2015-03-04,NARE,12337600.0,NARE
2015-03-05,NARE,13631600.0,NARE
2015-03-06,NARE,7950900.0,NARE
2015-03-07,NARE,8639900.0,NARE
2015-03-08,NARE,7621500.0,NARE
2015-03-09,NARE,6300300.0,NARE
2015-03-10,NARE,11312800.0,NARE
2015-03-11,NARE,7079800.0,NARE
2015-03-12,NARE,11465500.0,NARE
2015-03-13,NARE,8179500.0,NARE
2015-03-14,NARE,6772400.0,NARE
2015-03-15,NARE,8119100.0,NARE
2015-03-16,NARE,7798200.0,NARE
2015-03-17,NARE,4762700.0,NARE
2015-03-18,NARE,8469400.0,NARE
2015-03-19,NARE,23058900.0,NARE
2015-03-20,NARE,14542100.0,NARE
2015-03-21,NARE,14540700.0,NARE
2015-03-22,NARE,11192700.0,NARE
2015-03-23,NARE,9583700.0,NARE
2015-03-24,NARE,7815600.0,NARE
2015-03-25,NARE,7036700.0,NARE
2015-03-26,NARE,18186600.0,NARE
2015-03-27,NARE,7581900.0,NARE
2015-03-28,NARE,11199200.0,NARE
2015-03-29,NARE,9821000.0,NARE
2015-03-30,NARE,9837200.0,NARE
2015-03-31,NARE,9058400.0,NARE
2015-04-01,NARE,16522300.0,NARE
2015-04-02,NARE,16068600.0,NARE
2015-04-03,NARE,18539900.0,NARE
2015-04-04,NARE,12244200.0,NARE
2015-04-05,NARE,9744500.0,NARE
2015-04-06,NARE,10186200.0,NARE
2015-04-07,NARE,10494100.0,NARE
2015-04-08,NARE,17825000.0,NARE
2015-04-09,NARE,10069300.0,NARE
2015-04-10,NARE,6687900.0,NARE
2015-04-11,NARE,32502800.0,NARE
2015-04-12,NARE,12750100.0,NARE
2015-04-13,NARE,8379300.0,NARE
2015-04-14,NARE,14938000.0,NARE
2015-04-15,NARE,18122400.0,NARE
2015-04-16,NARE,12960500.0,NARE
2015-04-17,NARE,13461900.0,NARE
2015-04-18,NARE,9502900.0,NARE
2015-04-19,NARE,12592800.0,NARE
2015-04-20,NARE,18778300.0,NARE
2015-04-21,NARE,16755800.0,NARE
2015-04-22,NARE,10160600.0,NARE
2015-04-23,NARE,7901400.0,NARE
2015-04-24,NARE,12132800.0,NARE
2015-04-25,NARE,7253600.0,NARE
2015-04-26,NARE,7528900.0,NARE
2015-04-27,NARE,9841000.0,NARE
2015-04-28,NARE,8725200.0,NARE
2015-04-29,NARE,7671100.0,NARE
2015-04-30,NARE,9756400.0,NARE
2015-05-01,NARE,7104000.0,NARE
2015-05-02,NARE,9484600.0,NARE
2015-05-03,NARE,7000100.0,NARE
2015-05-04,NARE,11909500.0,NARE
2015-05-05,NARE,6773600.0,NARE
2015-05-06,NARE,7243800.0,NARE
2015-05-07,NARE,11367000.0,NARE
2015-05-08,NARE,10509900.0,NARE
2015-05-09,NARE,6959700.0,NARE
2015-05-10,NARE,6114900.0,NARE
2015-05-11,NARE,5838900.0,NARE
2015-05-12,NARE,9502900.0,NARE
2015-05-13,NARE,6255000.0,NARE
2015-05-14,NARE,7115600.0,NARE
2015-05-15,NARE,5074100.0,NARE
2015-05-16,NARE,12184800.0,NARE
2015-05-17,NARE,8516200.0,NARE
2015-05-18,NARE,12857900.0,NARE
2015-05-19,NARE,9382800.0,NARE
2015-05-20,NARE,9088900.0,NARE
2015-05-21,NARE,24625300.0,NARE
2015-05-22,NARE,12572800.0,NARE
2015-05-23,NARE,9588900.0,NARE
2015-05-24,NARE,9509600.0,NARE
2015-05-25,NARE,25529800.0,NARE
2015-05-26,NARE,8076300.0,NARE
2015-05-27,NARE,8546400.0,NARE
2015-05-28,NARE,9879700.0,NARE
2015-05-29,NARE,26720800.0,NARE
2015-05-30,NARE,63349300.0,NARE
2015-05-31,NARE,27431800.0,NARE
2015-06-01,NARE,19813800.0,NARE
2015-06-02,NARE,10942900.0,NARE
2015-06-03,NARE,10393400.0,NARE
2015-06-04,NARE,12183400.0,NARE
2015-06-05,NARE,8382100.0,NARE
2015-06-06,NARE,9711500.0,NARE
2015-06-07,NARE,7365900.0,NARE
2015-06-08,NARE,8885600.0,NARE
2015-06-09,NARE,13010300.0,NARE
2015-06-10,NARE,19065200.0,NARE
2015-06-11,NARE,13920800.0,NARE
2015-06-12,NARE,8544700.0,NARE
2015-06-13,NARE,10176900.0,NARE
2015-06-14,NARE,7681700.0,NARE
2015-06-15,NARE,10559700.0,NARE
2015-06-16,NARE,8940600.0,NARE
2015-06-17,NARE,7245600.0,NARE
2015-06-18,NARE,6205100.0,NARE
2015-06-19,NARE,5809600.0,NARE
2015-06-20,NARE,5524900.0,NARE
2015-06-21,NARE,5308600.0,NARE
2015-06-22,NARE,8114600.0,NARE
2015-06-23,NARE,5012200.0,NARE
2015-06-24,NARE,5646200.0,NARE
2015-06-25,NARE,4525000.0,NARE
2015-06-26,NARE,3721600.0,NARE
2015-06-27,NARE,3774900.0,NARE
2015-06-28,NARE,5956000.0,NARE
2015-06-29,NARE,3740600.0,NARE
2015-06-30,NARE,5565100.0,NARE
2015-07-01,NARE,4208800.0,NARE
2015-07-02,NARE,4345700.0,NARE
2015-07-03,NARE,4515400.0,NARE
2015-07-04,NARE,4110800.0,NARE
2015-07-05,NARE,4040200.0,NARE
2015-07-06,NARE,6554800.0,NARE
2015-07-07,NARE,8156200.0,NARE
2015-07-08,NARE,11805100.0,NARE
2015-07-09,NARE,9903400.0,NARE
2015-07-10,NARE,7514800.0,NARE
2015-07-11,NARE,4540800.0,NARE
2015-07-12,NARE,4626900.0,NARE
2015-07-13,NARE,5533300.0,NARE
2015-07-14,NARE,4447000.0,NARE
2015-07-15,NARE,21852500.0,NARE
2015-07-16,NARE,23787700.0,NARE
2015-07-17,NARE,9875900.0,NARE
2015-07-18,NARE,22998800.0,NARE
2015-07-19,NARE,19486800.0,NARE
2015-07-20,NARE,21524700.0,NARE
2015-07-21,NARE,37352800.0,NARE
2015-07-22,NARE,14757600.0,NARE
2015-07-23,NARE,9207300.0,NARE
2015-07-24,NARE,7966400.0,NARE
2015-07-25,NARE,5866100.0,NARE
2015-07-26,NARE,6072500.0,NARE
2015-07-27,NARE,4238800.0,NARE
2015-07-28,NARE,10886700.0,NARE
2015-07-29,NARE,13782400.0,NARE
2015-07-30,NARE,22302000.0,NARE
2015-07-31,NARE,7325700.0,NARE
2015-08-01,NARE,6436200.0,NARE
2015-08-02,NARE,4749700.0,NARE
2015-08-03,NARE,6801000.0,NARE
2015-08-04,NARE,4018300.0,NARE
2015-08-05,NARE,4739100.0,NARE
2015-08-06,NARE,2449000.0,NARE
2015-08-07,NARE,5880500.0,NARE
2015-08-08,NARE,7877500.0,NARE
2015-08-09,NARE,18984400.0,NARE
2015-08-10,NARE,6888500.0,NARE
2015-08-11,NARE,13659900.0,NARE
2015-08-12,NARE,6107400.0,NARE
2015-08-13,NARE,9791200.0,NARE
2015-08-14,NARE,14589600.0,NARE
2015-08-15,NARE,5556300.0,NARE
2015-08-16,NARE,11575400.0,NARE
2015-08-17,NARE,11775500.0,NARE
2015-08-18,NARE,30456800.0,NARE
2015-08-19,NARE,15753900.0,NARE
2015-08-20,NARE,13450700.0,NARE
2015-08-21,NARE,17333200.0,NARE
2015-08-22,NARE,14232200.0,NARE
2015-08-23,NARE,17789400.0,NARE
2015-08-24,NARE,11269200.0,NARE
2015-08-25,NARE,15166800.0,NARE
2015-08-26,NARE,17574900.0,NARE
2015-08-27,NARE,17132800.0,NARE
2015-08-28,NARE,22938900.0,NARE
2015-08-29,NARE,9429200.0,NARE
2015-08-30,NARE,7297500.0,NARE
2015-08-31,NARE,8896500.0,NARE
2015-09-01,NARE,6307800.0,NARE
2015-09-02,NARE,7275600.0,NARE
2015-09-03,NARE,6461300.0,NARE
2015-09-04,NARE,6703300.0,NARE
2015-09-05,NARE,16120200.0,NARE
2015-09-06,NARE,11332000.0,NARE
2015-09-07,NARE,13338500.0,NARE
2015-09-08,NARE,10158500.0,NARE
2015-09-09,NARE,7142200.0,NARE
2015-09-10,NARE,14740600.0,NARE
2015-09-11,NARE,19591300.0,NARE
2015-09-12,NARE,7299600.0,NARE
2015-09-13,NARE,5465600.0,NARE
2015-09-14,NARE,6568900.0,NARE
2015-09-15,NARE,6529400.0,NARE
2015-09-16,NARE,6318000.0,NARE
2015-09-17,NARE,14014200.0,NARE
2015-09-18,NARE,8689300.0,NARE
2015-09-19,NARE,10186700.0,NARE
2015-09-20,NARE,27193900.0,NARE
2015-09-21,NARE,11090300.0,NARE
2015-09-22,NARE,10120800.0,NARE
2015-09-23,NARE,8218700.0,NARE
2015-09-24,NARE,6978200.0,NARE
2015-09-25,NARE,6475400.0,NARE
2015-09-26,NARE,6760800.0,NARE
2015-09-27,NARE,6308800.0,NARE
2015-09-28,NARE,4835500.0,NARE
2015-09-29,NARE,10443200.0,NARE
2015-09-30,NARE,7583600.0,NARE
2015-10-01,NARE,7597000.0,NARE
2015-10-02,NARE,8053600.0,NARE
2015-10-03,NARE,12035200.0,NARE
2015-10-04,NARE,10278500.0,NARE
2015-10-05,NARE,10433000.0,NARE
2015-10-06,NARE,7971700.0,NARE
2015-10-07,NARE,7023300.0,NARE
2015-10-08,NARE,17823600.0,NARE
2015-10-09,NARE,12188700.0,NARE
2015-10-10,NARE,9169500.0,NARE
2015-10-11,NARE,27598600.0,NARE
2015-10-12,NARE,10102800.0,NARE
2015-10-13,NARE,22358500.0,NARE
2015-10-14,NARE,14060000.0,NARE
2015-10-15,NARE,15721800.0,NARE
2015-10-16,NARE,16718200.0,NARE
2015-10-17,NARE,10159900.0,NARE
2015-10-18,NARE,8167200.0,NARE
2015-10-19,NARE,6647200.0,NARE
2015-10-20,NARE,4279400.0,NARE
2015-10-21,NARE,7632300.0,NARE
2015-10-22,NARE,8381700.0,NARE
2015-10-23,NARE,5376300.0,NARE
2015-10-24,NARE,9659600.0,NARE
2015-10-25,NARE,12948600.0,NARE
2015-10-26,NARE,10706800.0,NARE
2015-10-27,NARE,9683600.0,NARE
2015-10-28,NARE,9441200.0,NARE
2015-10-29,NARE,14190600.0,NARE
2015-10-30,NARE,7407900.0,NARE
2015-10-31,NARE,11185600.0,NARE
2015-11-01,NARE,13978900.0,NARE
2015-11-02,NARE,16475500.0,NARE
2015-11-03,NARE,9700500.0,NARE
2015-11-04,NARE,13100000.0,NARE
2015-11-05,NARE,28074600.0,NARE
2015-11-06,NARE,19099800.0,NARE
2015-11-07,NARE,17597800.0,NARE
2015-11-08,NARE,13296200.0,NARE
2015-11-09,NARE,12992000.0,NARE
2015-11-10,NARE,26056800.0,NARE
2015-11-11,NARE,12058800.0,NARE
2015-11-12,NARE,9405900.0,NARE
2015-11-13,NARE,9216800.0,NARE
2015-11-14,NARE,6606600.0,NARE
2015-11-15,NARE,8325600.0,NARE
2015-11-16,NARE,6613300.0,NARE
2015-11-17,NARE,12651200.0,NARE
2015-11-18,NARE,10368400.0,NARE
2015-11-19,NARE,14455900.0,NARE
2015-11-20,NARE,16350900.0,NARE
2015-11-21,NARE,10362800.0,NARE
2015-11-22,NARE,10972800.0,NARE
2015-11-23,NARE,33012000.0,NARE
2015-11-24,NARE,16118100.0,NARE
2015-11-25,NARE,22245600.0,NARE
2015-11-26,NARE,16350200.0,NARE
2015-11-27,NARE,9694900.0,NARE
2015-11-28,NARE,11064600.0,NARE
2015-11-29,NARE,9289900.0,NARE
2015-11-30,NARE,7485500.0,NARE
2015-12-01,NARE,8424400.0,NARE
2015-12-02,NARE,6421000.0,NARE
2015-12-03,NARE,13339200.0,NARE
2015-12-04,NARE,8543300.0,NARE
2015-12-05,NARE,9072200.0,NARE
2015-12-06,NARE,6876900.0,NARE
2015-12-07,NARE,5998700.0,NARE
2015-12-08,NARE,6329700.0,NARE
2015-12-09,NARE,5247900.0,NARE
2015-12-10,NARE,7309800.0,NARE
2015-12-11,NARE,6042500.0,NARE
2015-12-12,NARE,4929300.0,NARE
2015-12-13,NARE,4961800.0,NARE
2015-12-14,NARE,6736800.0,NARE
2015-12-15,NARE,6557200.0,NARE
2015-12-16,NARE,7615700.0,NARE
2015-12-17,NARE,8031000.0,NARE
2015-12-18,NARE,5583400.0,NARE
2015-12-19,NARE,6671900.0,NARE
2015-12-20,NARE,6738200.0,NARE
2015-12-21,NARE,6351500.0,NARE
2015-12-22,NARE,4023600.0,NARE
2015-12-23,NARE,6195900.0,NARE
2015-12-24,NARE,5144900.0,NARE
2015-12-25,NARE,5677600.0,NARE
2015-12-26,NARE,4737700.0,NARE
2015-12-27,NARE,4654500.0,NARE
2015-12-28,NARE,4414900.0,NARE
2015-12-29,NARE,4062100.0,NARE
2015-12-30,NARE,5241600.0,NARE
2015-12-31,NARE,2626400.0,NARE
2016-01-01,NARE,5969800.0,NARE
2016-01-02,NARE,4713000.0,NARE
2016-01-03,NARE,5951400.0,NARE
2016-01-04,NARE,10983100.0,NARE
2016-01-05,NARE,8264900.0,NARE
2016-01-06,NARE,6590000.0,NARE
2016-01-07,NARE,6139100.0,NARE
2016-01-08,NARE,5044000.0,NARE
2016-01-09,NARE,5982500.0,NARE
2016-01-10,NARE,5086700.0,NARE
2016-01-11,NARE,3801300.0,NARE
2016-01-12,NARE,5456400.0,NARE
2016-01-13,NARE,4975200.0,NARE
2016-01-14,NARE,5421800.0,NARE
2016-01-15,NARE,3753700.0,NARE
2016-01-16,NARE,5411600.0,NARE
2016-01-17,NARE,2568900.0,NARE
2016-01-18,NARE,5401400.0,NARE
2016-01-19,NARE,4595900.0,NARE
2016-01-20,NARE,3881800.0,NARE
2016-01-21,NARE,4921500.0,NARE
2016-01-22,NARE,5414100.0,NARE
2016-01-23,NARE,4237400.0,NARE
2016-01-24,NARE,6677500.0,NARE
2016-01-25,NARE,4463600.0,NARE
2016-01-26,NARE,4406400.0,NARE
2016-01-27,NARE,5644500.0,NARE
2016-01-28,NARE,4651600.0,NARE
2016-01-29,NARE,6426700.0,NARE
2016-01-30,NARE,3959000.0,NARE
2016-01-31,NARE,3172600.0,NARE
2016-02-01,NARE,5720700.0,NARE
2016-02-02,NARE,3881400.0,NARE
2016-02-03,NARE,5299400.0,NARE
2016-02-04,NARE,3661300.0,NARE
2016-02-05,NARE,6339200.0,NARE
2016-02-06,NARE,4950500.0,NARE
2016-02-07,NARE,4108300.0,NARE
2016-02-08,NARE,10466200.0,NARE
2016-02-09,NARE,6254500.0,NARE
2016-02-10,NARE,4204600.0,NARE
2016-02-11,NARE,8023200.0,NARE
2016-02-12,NARE,7871500.0,NARE
2016-02-13,NARE,5064000.0,NARE
2016-02-14,NARE,9102200.0,NARE
2016-02-15,NARE,5432100.0,NARE
2016-02-16,NARE,5410900.0,NARE
2016-02-17,NARE,17865900.0,NARE
2016-02-18,NARE,5553800.0,NARE
2016-02-19,NARE,4018300.0,NARE
2016-02-20,NARE,10862400.0,NARE
2016-02-21,NARE,22827400.0,NARE
2016-02-22,NARE,8820600.0,NARE
2016-02-23,NARE,6150100.0,NARE
2016-02-24,NARE,7015600.0,NARE
2016-02-25,NARE,7914200.0,NARE
2016-02-26,NARE,3344400.0,NARE
2016-02-27,NARE,5231000.0,NARE
2016-02-28,NARE,2488500.0,NARE
2016-02-29,NARE,2679000.0,NARE
2016-03-01,NARE,3446700.0,NARE
2016-03-02,NARE,3136300.0,NARE
2016-03-03,NARE,4907600.0,NARE
2016-03-04,NARE,5182300.0,NARE
2016-03-05,NARE,3495400.0,NARE
2016-03-06,NARE,4148900.0,NARE
2016-03-07,NARE,2768600.0,NARE
2016-03-08,NARE,3855000.0,NARE
2016-03-09,NARE,3266800.0,NARE
2016-03-10,NARE,2168500.0,NARE
2016-03-11,NARE,2416200.0,NARE
2016-03-12,NARE,8342900.0,NARE
2016-03-13,NARE,2274700.0,NARE
2016-03-14,NARE,5280000.0,NARE
2016-03-15,NARE,4189800.0,NARE
2016-03-16,NARE,5292500.0,NARE
2016-03-17,NARE,10004700.0,NARE
2016-03-18,NARE,3936600.0,NARE
2016-03-19,NARE,5165900.0,NARE
2016-03-20,NARE,15882300.0,NARE
2016-03-21,NARE,8287200.0,NARE
2016-03-22,NARE,6493000.0,NARE
2016-03-23,NARE,2861500.0,NARE
2016-03-24,NARE,3466700.0,NARE
2016-03-25,NARE,2206700.0,NARE
2016-03-26,NARE,3409100.0,NARE
2016-03-27,NARE,10741300.0,NARE
2016-03-28,NARE,3707800.0,NARE
2016-03-29,NARE,3073100.0,NARE
2016-03-30,NARE,4784300.0,NARE
2016-03-31,NARE,5164200.0,NARE
2016-04-01,NARE,7291900.0,NARE
2016-04-02,NARE,9540100.0,NARE
2016-04-03,NARE,5588000.0,NARE
2016-04-04,NARE,6143300.0,NARE
2016-04-05,NARE,4855300.0,NARE
2016-04-06,NARE,4089500.0,NARE
2016-04-07,NARE,4092600.0,NARE
2016-04-08,NARE,22189800.0,NARE
2016-04-09,NARE,17817000.0,NARE
2016-04-10,NARE,16448900.0,NARE
2016-04-11,NARE,13161100.0,NARE
2016-04-12,NARE,15758600.0,NARE
2016-04-13,NARE,12912600.0,NARE
2016-04-14,NARE,7889700.0,NARE
2016-04-15,NARE,5534600.0,NARE
2016-04-16,NARE,6430800.0,NARE
2016-04-17,NARE,7513300.0,NARE
2016-04-18,NARE,4843300.0,NARE
2016-04-19,NARE,4605000.0,NARE
2016-04-20,NARE,4670800.0,NARE
2016-04-21,NARE,4019900.0,NARE
2016-04-22,NARE,6455800.0,NARE
2016-04-23,NARE,3340900.0,NARE
2016-04-24,NARE,8764400.0,NARE
2016-04-25,NARE,13914200.0,NARE
2016-04-26,NARE,19240800.0,NARE
2016-04-27,NARE,15509100.0,NARE
2016-04-28,NARE,13636600.0,NARE
2016-04-29,NARE,14177100.0,NARE
2016-04-30,NARE,11887800.0,NARE
2016-05-01,NARE,14552400.0,NARE
2016-05-02,NARE,12826800.0,NARE
2016-05-03,NARE,9789300.0,NARE
2016-05-04,NARE,16973200.0,NARE
2016-05-05,NARE,10215200.0,NARE
2016-05-06,NARE,15566700.0,NARE
2016-05-07,NARE,16843200.0,NARE
2016-05-08,NARE,17262800.0,NARE
2016-05-09,NARE,24300600.0,NARE
2016-05-10,NARE,20448000.0,NARE
2016-05-11,NARE,18902300.0,NARE
2016-05-12,NARE,13353600.0,NARE
2016-05-13,NARE,9809600.0,NARE
2016-05-14,NARE,9865900.0,NARE
2016-05-15,NARE,7862600.0,NARE
2016-05-16,NARE,5757100.0,NARE
2016-05-17,NARE,18400100.0,NARE
2016-05-18,NARE,13701900.0,NARE
2016-05-19,NARE,8305800.0,NARE
2016-05-20,NARE,7476400.0,NARE
2016-05-21,NARE,6217800.0,NARE
2016-05-22,NARE,5320200.0,NARE
2016-05-23,NARE,4816300.0,NARE
2016-05-24,NARE,4466600.0,NARE
2016-05-25,NARE,9409000.0,NARE
2016-05-26,NARE,16958500.0,NARE
2016-05-27,NARE,8579600.0,NARE
2016-05-28,NARE,8797100.0,NARE
2016-05-29,NARE,9718300.0,NARE
2016-05-30,NARE,16430600.0,NARE
2016-05-31,NARE,18858400.0,NARE
2016-06-01,NARE,10048600.0,NARE
2016-06-02,NARE,7897800.0,NARE
2016-06-03,NARE,15486600.0,NARE
2016-06-04,NARE,17429800.0,NARE
2016-06-05,NARE,13789800.0,NARE
2016-06-06,NARE,13656900.0,NARE
2016-06-07,NARE,16737700.0,NARE
2016-06-08,NARE,10864300.0,NARE
2016-06-09,NARE,7533700.0,NARE
2016-06-10,NARE,10163500.0,NARE
2016-06-11,NARE,8461500.0,NARE
2016-06-12,NARE,8539500.0,NARE
2016-06-13,NARE,5975300.0,NARE
2016-06-14,NARE,8437900.0,NARE
2016-06-15,NARE,8527900.0,NARE
2016-06-16,NARE,6433600.0,NARE
2016-06-17,NARE,5968000.0,NARE
2016-06-18,NARE,9453600.0,NARE
2016-06-19,NARE,10870700.0,NARE
2016-06-20,NARE,8494200.0,NARE
2016-06-21,NARE,8955600.0,NARE
2016-06-22,NARE,6896500.0,NARE
2016-06-23,NARE,8831600.0,NARE
2016-06-24,NARE,11999200.0,NARE
2016-06-25,NARE,8348300.0,NARE
2016-06-26,NARE,12888000.0,NARE
2016-06-27,NARE,7499900.0,NARE
2016-06-28,NARE,7283800.0,NARE
2016-06-29,NARE,6603400.0,NARE
2016-06-30,NARE,5837900.0,NARE
2016-07-01,NARE,5926500.0,NARE
2016-07-02,NARE,7912500.0,NARE
2016-07-03,NARE,19123400.0,NARE
2016-07-04,NARE,14072700.0,NARE
2016-07-05,NARE,22823400.0,NARE
2016-07-06,NARE,30832300.0,NARE
2016-07-07,NARE,11322600.0,NARE
2016-07-08,NARE,6301100.0,NARE
2016-07-09,NARE,5840400.0,NARE
2016-07-10,NARE,7128100.0,NARE
2016-07-11,NARE,32978200.0,NARE
2016-07-12,NARE,12745300.0,NARE
2016-07-13,NARE,15513700.0,NARE
2016-07-14,NARE,10940600.0,NARE
2016-07-15,NARE,27434800.0,NARE
2016-07-16,NARE,19787600.0,NARE
2016-07-17,NARE,10649600.0,NARE
2016-07-18,NARE,18493900.0,NARE
2016-07-19,NARE,11844900.0,NARE
2016-07-20,NARE,13711800.0,NARE
2016-07-21,NARE,7079200.0,NARE
2016-07-22,NARE,10608800.0,NARE
2016-07-23,NARE,19266800.0,NARE
2016-07-24,NARE,11720800.0,NARE
2016-07-25,NARE,9205500.0,NARE
2016-07-26,NARE,8989700.0,NARE
2016-07-27,NARE,10293600.0,NARE
2016-07-28,NARE,6901000.0,NARE
2016-07-29,NARE,7089400.0,NARE
2016-07-30,NARE,6552400.0,NARE
2016-07-31,NARE,9801200.0,NARE
2016-08-01,NARE,8534600.0,NARE
2016-08-02,NARE,5466400.0,NARE
2016-08-03,NARE,6934100.0,NARE
2016-08-04,NARE,8891700.0,NARE
2016-08-05,NARE,7320700.0,NARE
2016-08-06,NARE,6392500.0,NARE
2016-08-07,NARE,11242100.0,NARE
2016-08-08,NARE,15944500.0,NARE
2016-08-09,NARE,9521100.0,NARE
2016-08-10,NARE,10672400.0,NARE
2016-08-11,NARE,8018000.0,NARE
2016-08-12,NARE,14049500.0,NARE
2016-08-13,NARE,17055500.0,NARE
2016-08-14,NARE,9318000.0,NARE
2016-08-15,NARE,11456200.0,NARE
2016-08-16,NARE,26624000.0,NARE
2016-08-17,NARE,31834600.0,NARE
2016-08-18,NARE,14669500.0,NARE
2016-08-19,NARE,13007100.0,NARE
2016-08-20,NARE,7756800.0,NARE
2016-08-21,NARE,6494400.0,NARE
2016-08-22,NARE,6087400.0,NARE
2016-08-23,NARE,6101900.0,NARE
2016-08-24,NARE,5984500.0,NARE
2016-08-25,NARE,7626800.0,NARE
2016-08-26,NARE,9243800.0,NARE
2016-08-27,NARE,22758400.0,NARE
2016-08-28,NARE,17550300.0,NARE
2016-08-29,NARE,8907800.0,NARE
2016-08-30,NARE,28420600.0,NARE
2016-08-31,NARE,15497100.0,NARE
2016-09-01,NARE,21369800.0,NARE
2016-09-02,NARE,16835500.0,NARE
2016-09-03,NARE,13748700.0,NARE
2016-09-04,NARE,27018300.0,NARE
2016-09-05,NARE,23325700.0,NARE
2016-09-06,NARE,25985400.0,NARE
2016-09-07,NARE,33397500.0,NARE
2016-09-08,NARE,25834600.0,NARE
2016-09-09,NARE,13452400.0,NARE
2016-09-10,NARE,33254800.0,NARE
2016-09-11,NARE,45562200.0,NARE
2016-09-12,NARE,37966300.0,NARE
2016-09-13,NARE,21563500.0,NARE
2016-09-14,NARE,39969600.0,NARE
2016-09-15,NARE,48531200.0,NARE
2016-09-16,NARE,28262100.0,NARE
2016-09-17,NARE,18525900.0,NARE
2016-09-18,NARE,17013300.0,NARE
2016-09-19,NARE,16209500.0,NARE
2016-09-20,NARE,11881100.0,NARE
2016-09-21,NARE,13910000.0,NARE
2016-09-22,NARE,10980300.0,NARE
2016-09-23,NARE,19304000.0,NARE
2016-09-24,NARE,20854600.0,NARE
2016-09-25,NARE,22137400.0,NARE
2016-09-26,NARE,25823800.0,NARE
2016-09-27,NARE,32691100.0,NARE
2016-09-28,NARE,25120900.0,NARE
2016-09-29,NARE,17481400.0,NARE
2016-09-30,NARE,14518000.0,NARE
2016-10-01,NARE,19084000.0,NARE
2016-10-02,NARE,19657200.0,NARE
2016-10-03,NARE,9265200.0,NARE
2016-10-04,NARE,16030600.0,NARE
2016-10-05,NARE,16376100.0,NARE
2016-10-06,NARE,14501100.0,NARE
2016-10-07,NARE,20410000.0,NARE
2016-10-08,NARE,17488100.0,NARE
2016-10-09,NARE,16921600.0,NARE
2016-10-10,NARE,25999100.0,NARE
2016-10-11,NARE,24154000.0,NARE
2016-10-12,NARE,30467100.0,NARE
2016-10-13,NARE,20727400.0,NARE
2016-10-14,NARE,49890300.0,NARE
2016-10-15,NARE,22055200.0,NARE
2016-10-16,NARE,26997200.0,NARE
2016-10-17,NARE,24105200.0,NARE
2016-10-18,NARE,20572400.0,NARE
2016-10-19,NARE,17952700.0,NARE
2016-10-20,NARE,20489100.0,NARE
2016-10-21,NARE,20316900.0,NARE
2016-10-22,NARE,30382000.0,NARE
2016-10-23,NARE,12346400.0,NARE
2016-10-24,NARE,14448100.0,NARE
2016-10-25,NARE,36839200.0,NARE
2016-10-26,NARE,23227300.0,NARE
2016-10-27,NARE,26879500.0,NARE
2016-10-28,NARE,22897200.0,NARE
2016-10-29,NARE,39761500.0,NARE
2016-10-30,NARE,18469000.0,NARE
2016-10-31,NARE,18185000.0,NARE
2016-11-01,NARE,24301300.0,NARE
2016-11-02,NARE,20629000.0,NARE
2016-11-03,NARE,19067200.0,NARE
2016-11-04,NARE,17519700.0,NARE
2016-11-05,NARE,15310500.0,NARE
2016-11-06,NARE,20103600.0,NARE
2016-11-07,NARE,26041000.0,NARE
2016-11-08,NARE,23465500.0,NARE
2016-11-09,NARE,21732900.0,NARE
2016-11-10,NARE,19028500.0,NARE
2016-11-11,NARE,16992500.0,NARE
2016-11-12,NARE,15605400.0,NARE
2016-11-13,NARE,15102500.0,NARE
2016-11-14,NARE,33956600.0,NARE
2016-11-15,NARE,24647100.0,NARE
2016-11-16,NARE,35413400.0,NARE
2016-11-17,NARE,25345800.0,NARE
2016-11-18,NARE,24406000.0,NARE
2016-11-19,NARE,28091700.0,NARE
2016-11-20,NARE,25146500.0,NARE
2016-11-21,NARE,16068900.0,NARE
2016-11-22,NARE,15965600.0,NARE
2016-11-23,NARE,13499500.0,NARE
2016-11-24,NARE,20236800.0,NARE
2016-11-25,NARE,32082000.0,NARE
2016-11-26,NARE,23147100.0,NARE
2016-11-27,NARE,22181000.0,NARE
2016-11-28,NARE,26666500.0,NARE
2016-11-29,NARE,24124100.0,NARE
2016-11-30,NARE,17784000.0,NARE
2016-12-01,NARE,27404600.0,NARE
2016-12-02,NARE,25728200.0,NARE
2016-12-03,NARE,20542500.0,NARE
2016-12-04,NARE,21164200.0,NARE
2016-12-05,NARE,18083100.0,NARE
2016-12-06,NARE,20582600.0,NARE
2016-12-07,NARE,28624500.0,NARE
2016-12-08,NARE,26480600.0,NARE
2016-12-09,NARE,12418000.0,NARE
2016-12-10,NARE,26175200.0,NARE
2016-12-11,NARE,22718000.0,NARE
2016-12-12,NARE,13976100.0,NARE
2016-12-13,NARE,21419800.0,NARE
2016-12-14,NARE,19311100.0,NARE
2016-12-15,NARE,15549900.0,NARE
2016-12-16,NARE,14548900.0,NARE
2016-12-17,NARE,15288700.0,NARE
2016-12-18,NARE,21185300.0,NARE
2016-12-19,NARE,11044600.0,NARE
2016-12-20,NARE,13406000.0,NARE
2016-12-21,NARE,21254600.0,NARE
2016-12-22,NARE,18392400.0,NARE
2016-12-23,NARE,19373300.0,NARE
2016-12-24,NARE,21481600.0,NARE
2016-12-25,NARE,15685200.0,NARE
2016-12-26,NARE,13781400.0,NARE
2016-12-27,NARE,22396800.0,NARE
2016-12-28,NARE,11617500.0,NARE
2016-12-29,NARE,9722800.0,NARE
2016-12-30,NARE,11321200.0,NARE
2016-12-31,NARE,21315700.0,NARE
2017-01-01,NARE,17337000.0,NARE
2017-01-02,NARE,11233400.0,NARE
2017-01-03,NARE,7628500.0,NARE
2017-01-04,NARE,6040400.0,NARE
2017-01-05,NARE,11041100.0,NARE
2017-01-06,NARE,7628900.0,NARE
2017-01-07,NARE,10831700.0,NARE
2017-01-08,NARE,20179100.0,NARE
2017-01-09,NARE,11530300.0,NARE
2017-01-10,NARE,12198800.0,NARE
2017-01-11,NARE,10478400.0,NARE
2017-01-12,NARE,14475100.0,NARE
2017-01-13,NARE,24905100.0,NARE
2017-01-14,NARE,16626700.0,NARE
2017-01-15,NARE,9357700.0,NARE
2017-01-16,NARE,11468100.0,NARE
2017-01-17,NARE,13422200.0,NARE
2017-01-18,NARE,16033400.0,NARE
2017-01-19,NARE,20013600.0,NARE
2017-01-20,NARE,19118500.0,NARE
2017-01-21,NARE,10616600.0,NARE
2017-01-22,NARE,10104200.0,NARE
2017-01-23,NARE,7419100.0,NARE
2017-01-24,NARE,8984400.0,NARE
2017-01-25,NARE,9381600.0,NARE
2017-01-26,NARE,9125000.0,NARE
2017-01-27,NARE,21507300.0,NARE
2017-01-28,NARE,9958300.0,NARE
2017-01-29,NARE,10497100.0,NARE
2017-01-30,NARE,16887800.0,NARE
2017-01-31,NARE,8831900.0,NARE
2017-02-01,NARE,18801100.0,NARE
2017-02-02,NARE,10062300.0,NARE
2017-02-03,NARE,11348300.0,NARE
2017-02-04,NARE,13867800.0,NARE
2017-02-05,NARE,14286000.0,NARE
2017-02-06,NARE,6992400.0,NARE
2017-02-07,NARE,5152200.0,NARE
2017-02-08,NARE,7560400.0,NARE
2017-02-09,NARE,8517400.0,NARE
2017-02-10,NARE,7591300.0,NARE
2017-02-11,NARE,13338500.0,NARE
2017-02-12,NARE,10768000.0,NARE
2017-02-13,NARE,5611900.0,NARE
2017-02-14,NARE,4954000.0,NARE
2017-02-15,NARE,4271200.0,NARE
2017-02-16,NARE,5395800.0,NARE
2017-02-17,NARE,8586600.0,NARE
2017-02-18,NARE,7061300.0,NARE
2017-02-19,NARE,7406100.0,NARE
2017-02-20,NARE,6511300.0,NARE
2017-02-21,NARE,5150100.0,NARE
2017-02-22,NARE,5072100.0,NARE
2017-02-23,NARE,8613000.0,NARE
2017-02-24,NARE,15516100.0,NARE
2017-02-25,NARE,15923400.0,NARE
2017-02-26,NARE,9150300.0,NARE
2017-02-27,NARE,11308200.0,NARE
2017-02-28,NARE,7443000.0,NARE
2017-03-01,NARE,9275800.0,NARE
2017-03-02,NARE,5880700.0,NARE
2017-03-03,NARE,5988500.0,NARE
2017-03-04,NARE,22913700.0,NARE
2017-03-05,NARE,12214700.0,NARE
2017-03-06,NARE,14259400.0,NARE
2017-03-07,NARE,17580700.0,NARE
2017-03-08,NARE,19655900.0,NARE
2017-03-09,NARE,15450400.0,NARE
2017-03-10,NARE,13939500.0,NARE
2017-03-11,NARE,18432500.0,NARE
2017-03-12,NARE,19788300.0,NARE
2017-03-13,NARE,13640300.0,NARE
2017-03-14,NARE,21602900.0,NARE
2017-03-15,NARE,29691900.0,NARE
2017-03-16,NARE,21563600.0,NARE
2017-03-17,NARE,15447200.0,NARE
2017-03-18,NARE,14633700.0,NARE
2017-03-19,NARE,13472100.0,NARE
2017-03-20,NARE,14200300.0,NARE
2017-03-21,NARE,14024600.0,NARE
2017-03-22,NARE,15362200.0,NARE
2017-03-23,NARE,34102100.0,NARE
2017-03-24,NARE,26925300.0,NARE
2017-03-25,NARE,27204800.0,NARE
2017-03-26,NARE,58663900.0,NARE
2017-03-27,NARE,34995000.0,NARE
2017-03-28,NARE,23938300.0,NARE
2017-03-29,NARE,31403600.0,NARE
2017-03-30,NARE,37653000.0,NARE
2017-03-31,NARE,61581800.0,NARE
2017-04-01,NARE,52274400.0,NARE
2017-04-02,NARE,39847600.0,NARE
2017-04-03,NARE,25546100.0,NARE
2017-04-04,NARE,18772400.0,NARE
2017-04-05,NARE,14739400.0,NARE
2017-04-06,NARE,13023000.0,NARE
2017-04-07,NARE,15553300.0,NARE
2017-04-08,NARE,15188500.0,NARE
2017-04-09,NARE,17618300.0,NARE
2017-04-10,NARE,15086600.0,NARE
2017-04-11,NARE,16018200.0,NARE
2017-04-12,NARE,21162900.0,NARE
2017-04-13,NARE,16532200.0,NARE
2017-04-14,NARE,21485600.0,NARE
2017-04-15,NARE,12429300.0,NARE
2017-04-16,NARE,12535700.0,NARE
2017-04-17,NARE,20040400.0,NARE
2017-04-18,NARE,15383000.0,NARE
2017-04-19,NARE,14661400.0,NARE
2017-04-20,NARE,17142500.0,NARE
2017-04-21,NARE,10816200.0,NARE
2017-04-22,NARE,11571500.0,NARE
2017-04-23,NARE,12285000.0,NARE
2017-04-24,NARE,9110400.0,NARE
2017-04-25,NARE,18506300.0,NARE
2017-04-26,NARE,24560800.0,NARE
2017-04-27,NARE,15755200.0,NARE
2017-04-28,NARE,12029300.0,NARE
2017-04-29,NARE,11082700.0,NARE
2017-04-30,NARE,12273400.0,NARE
2017-05-01,NARE,23493400.0,NARE
2017-05-02,NARE,22817500.0,NARE
2017-05-03,NARE,19455700.0,NARE
2017-05-04,NARE,22088200.0,NARE
2017-05-05,NARE,32157900.0,NARE
2017-05-06,NARE,44748300.0,NARE
2017-05-07,NARE,46175300.0,NARE
2017-05-08,NARE,53798300.0,NARE
2017-05-09,NARE,45943600.0,NARE
2017-05-10,NARE,55824700.0,NARE
2017-05-11,NARE,44123300.0,NARE
2017-05-12,NARE,48010700.0,NARE
2017-05-13,NARE,33841900.0,NARE
2017-05-14,NARE,26717500.0,NARE
2017-05-15,NARE,37611600.0,NARE
2017-05-16,NARE,42578300.0,NARE
2017-05-17,NARE,32176100.0,NARE
2017-05-18,NARE,43559700.0,NARE
2017-05-19,NARE,34037500.0,NARE
2017-05-20,NARE,52644200.0,NARE
2017-05-21,NARE,37565600.0,NARE
2017-05-22,NARE,26597000.0,NARE
2017-05-23,NARE,19268600.0,NARE
2017-05-24,NARE,16860900.0,NARE
2017-05-25,NARE,15865100.0,NARE
2017-05-26,NARE,14035000.0,NARE
2017-05-27,NARE,15121000.0,NARE
2017-05-28,NARE,12623800.0,NARE
2017-05-29,NARE,15446200.0,NARE
2017-05-30,NARE,42130600.0,NARE
2017-05-31,NARE,26066800.0,NARE
2017-06-01,NARE,24765500.0,NARE
2017-06-02,NARE,26716400.0,NARE
2017-06-03,NARE,11880800.0,NARE
2017-06-04,NARE,11643100.0,NARE
2017-06-05,NARE,11808100.0,NARE
2017-06-06,NARE,10040200.0,NARE
2017-06-07,NARE,20140100.0,NARE
2017-06-08,NARE,23594900.0,NARE
2017-06-09,NARE,25187600.0,NARE
2017-06-10,NARE,16380900.0,NARE
2017-06-11,NARE,27223100.0,NARE
2017-06-12,NARE,34196900.0,NARE
2017-06-13,NARE,21431500.0,NARE
2017-06-14,NARE,17986300.0,NARE
2017-06-15,NARE,33960600.0,NARE
2017-06-16,NARE,28206200.0,NARE
2017-06-17,NARE,29004700.0,NARE
2017-06-18,NARE,30472100.0,NARE
2017-06-19,NARE,35338400.0,NARE
2017-06-20,NARE,20575100.0,NARE
2017-06-21,NARE,17070200.0,NARE
2017-06-22,NARE,24262400.0,NARE
2017-06-23,NARE,19240100.0,NARE
2017-06-24,NARE,13759700.0,NARE
2017-06-25,NARE,19141800.0,NARE
2017-06-26,NARE,29182000.0,NARE
2017-06-27,NARE,46224800.0,NARE
2017-06-28,NARE,38820500.0,NARE
2017-06-29,NARE,19549100.0,NARE
2017-06-30,NARE,35783600.0,NARE
2017-07-01,NARE,18350700.0,NARE
2017-07-02,NARE,15569400.0,NARE
2017-07-03,NARE,13835200.0,NARE
2017-07-04,NARE,15147000.0,NARE
2017-07-05,NARE,12603400.0,NARE
2017-07-06,NARE,12372100.0,NARE
2017-07-07,NARE,10313000.0,NARE
2017-07-08,NARE,10945100.0,NARE
2017-07-09,NARE,13432800.0,NARE
2017-07-10,NARE,9383900.0,NARE
2017-07-11,NARE,9906100.0,NARE
2017-07-12,NARE,8012400.0,NARE
2017-07-13,NARE,8931000.0,NARE
2017-07-14,NARE,15363300.0,NARE
2017-07-15,NARE,17155100.0,NARE
2017-07-16,NARE,12895200.0,NARE
2017-07-17,NARE,12099600.0,NARE
2017-07-18,NARE,31249800.0,NARE
2017-07-19,NARE,16008300.0,NARE
2017-07-20,NARE,22996200.0,NARE
2017-07-21,NARE,12526500.0,NARE
2017-07-22,NARE,8222400.0,NARE
2017-07-23,NARE,8281000.0,NARE
2017-07-24,NARE,5917900.0,NARE
2017-07-25,NARE,6683800.0,NARE
2017-07-26,NARE,7466100.0,NARE
2017-07-27,NARE,7711500.0,NARE
2017-07-28,NARE,5423900.0,NARE
2017-07-29,NARE,5534900.0,NARE
2017-07-30,NARE,6582300.0,NARE
2017-07-31,NARE,5382800.0,NARE
2017-08-01,NARE,7018000.0,NARE
2017-08-02,NARE,7179900.0,NARE
2017-08-03,NARE,7204800.0,NARE
2017-08-04,NARE,18038900.0,NARE
2017-08-05,NARE,5251500.0,NARE
2017-08-06,NARE,7261700.0,NARE
2017-08-07,NARE,12583100.0,NARE
2017-08-08,NARE,12478800.0,NARE
2017-08-09,NARE,12834800.0,NARE
2017-08-10,NARE,20474700.0,NARE
2017-08-11,NARE,23757400.0,NARE
2017-08-12,NARE,32544400.0,NARE
2017-08-13,NARE,10530000.0,NARE
2017-08-14,NARE,9782100.0,NARE
2017-08-15,NARE,17139700.0,NARE
2017-08-16,NARE,11642400.0,NARE
2017-08-17,NARE,9240700.0,NARE
2017-08-18,NARE,10965100.0,NARE
2017-08-19,NARE,16850700.0,NARE
2017-08-20,NARE,10400800.0,NARE
2017-08-21,NARE,8238900.0,NARE
2017-08-22,NARE,7428100.0,NARE
2017-08-23,NARE,5755000.0,NARE
2017-08-24,NARE,9231500.0,NARE
2017-08-25,NARE,6041500.0,NARE
2017-08-26,NARE,20028800.0,NARE
2017-08-27,NARE,27029600.0,NARE
2017-08-28,NARE,11496000.0,NARE
2017-08-29,NARE,23947400.0,NARE
2017-08-30,NARE,13125600.0,NARE
2017-08-31,NARE,12106900.0,NARE
2017-09-01,NARE,8297200.0,NARE
2017-09-02,NARE,11021600.0,NARE
2017-09-03,NARE,8513800.0,NARE
2017-09-04,NARE,11441900.0,NARE
2017-09-05,NARE,24611400.0,NARE
2017-09-06,NARE,18811800.0,NARE
2017-09-07,NARE,17465900.0,NARE
2017-09-08,NARE,17576800.0,NARE
2017-09-09,NARE,23012300.0,NARE
2017-09-10,NARE,22818900.0,NARE
2017-09-11,NARE,20753500.0,NARE
2017-09-12,NARE,27840700.0,NARE
2017-09-13,NARE,28356500.0,NARE
2017-09-14,NARE,22896500.0,NARE
2017-09-15,NARE,27710400.0,NARE
2017-09-16,NARE,44985300.0,NARE
2017-09-17,NARE,35076400.0,NARE
2017-09-18,NARE,16845400.0,NARE
2017-09-19,NARE,16959200.0,NARE
2017-09-20,NARE,27419400.0,NARE
2017-09-21,NARE,14638200.0,NARE
2017-09-22,NARE,20127100.0,NARE
2017-09-23,NARE,28952700.0,NARE
2017-09-24,NARE,15395600.0,NARE
2017-09-25,NARE,10468200.0,NARE
2017-09-26,NARE,11497700.0,NARE
2017-09-27,NARE,10468200.0,NARE
2017-09-28,NARE,8796500.0,NARE
2017-09-29,NARE,15114400.0,NARE
2017-09-30,NARE,22185800.0,NARE
2017-10-01,NARE,16324400.0,NARE
2017-10-02,NARE,24322400.0,NARE
2017-10-03,NARE,26404200.0,NARE
2017-10-04,NARE,20357400.0,NARE
2017-10-05,NARE,22767900.0,NARE
2017-10-06,NARE,19189600.0,NARE
2017-10-07,NARE,14788900.0,NARE
2017-10-08,NARE,14803600.0,NARE
2017-10-09,NARE,11545800.0,NARE
2017-10-10,NARE,13292000.0,NARE
2017-10-11,NARE,16109500.0,NARE
2017-10-12,NARE,22924200.0,NARE
2017-10-13,NARE,15461300.0,NARE
2017-10-14,NARE,16810000.0,NARE
2017-10-15,NARE,11374800.0,NARE
2017-10-16,NARE,8069300.0,NARE
2017-10-17,NARE,6277800.0,NARE
2017-10-18,NARE,7582600.0,NARE
2017-10-19,NARE,7159900.0,NARE
2017-10-20,NARE,14555700.0,NARE
2017-10-21,NARE,12622100.0,NARE
2017-10-22,NARE,8894800.0,NARE
2017-10-23,NARE,8141600.0,NARE
2017-10-24,NARE,6801700.0,NARE
2017-10-25,NARE,5137400.0,NARE
2017-10-26,NARE,20547100.0,NARE
2017-10-27,NARE,12900500.0,NARE
2017-10-28,NARE,21991200.0,NARE
2017-10-29,NARE,12305700.0,NARE
2017-10-30,NARE,10573200.0,NARE
2017-10-31,NARE,17037500.0,NARE
2017-11-01,NARE,13292000.0,NARE
2017-11-02,NARE,10608700.0,NARE
2017-11-03,NARE,19886900.0,NARE
2017-11-04,NARE,35051500.0,NARE
2017-11-05,NARE,13446200.0,NARE
2017-11-06,NARE,10507200.0,NARE
2017-11-07,NARE,8583700.0,NARE
2017-11-08,NARE,11078800.0,NARE
2017-11-09,NARE,8088300.0,NARE
2017-11-10,NARE,15309600.0,NARE
2017-11-11,NARE,10500500.0,NARE
2017-11-12,NARE,8419000.0,NARE
2017-11-13,NARE,8595300.0,NARE
2017-11-14,NARE,11101000.0,NARE
2017-11-15,NARE,25470600.0,NARE
2017-11-16,NARE,23335000.0,NARE
2017-11-17,NARE,20819500.0,NARE
2017-11-18,NARE,33361200.0,NARE
2017-11-19,NARE,31418000.0,NARE
2017-11-20,NARE,18475700.0,NARE
2017-11-21,NARE,12576800.0,NARE
2017-11-22,NARE,15801900.0,NARE
2017-11-23,NARE,16090900.0,NARE
2017-11-24,NARE,10763200.0,NARE
2017-11-25,NARE,13395900.0,NARE
2017-11-26,NARE,10966800.0,NARE
2017-11-27,NARE,8750500.0,NARE
2017-11-28,NARE,11228400.0,NARE
2017-11-29,NARE,8622700.0,NARE
2017-11-30,NARE,7977700.0,NARE
2017-12-01,NARE,8733300.0,NARE
2017-12-02,NARE,11089400.0,NARE
2017-12-03,NARE,10538500.0,NARE
2017-12-04,NARE,14614400.0,NARE
2017-12-05,NARE,14243900.0,NARE
2017-12-06,NARE,6894100.0,NARE
2017-12-07,NARE,9192600.0,NARE
2017-12-08,NARE,14380200.0,NARE
2017-12-09,NARE,34937700.0,NARE
2017-12-10,NARE,20817800.0,NARE
2017-12-11,NARE,16030100.0,NARE
2017-12-12,NARE,25878600.0,NARE
2017-12-13,NARE,18616500.0,NARE
2017-12-14,NARE,9881100.0,NARE
2017-12-15,NARE,9793700.0,NARE
2017-12-16,NARE,9262400.0,NARE
2017-12-17,NARE,6626500.0,NARE
2017-12-18,NARE,5892300.0,NARE
2017-12-19,NARE,6095300.0,NARE
2017-12-20,NARE,6823200.0,NARE
2017-12-21,NARE,6027100.0,NARE
2017-12-22,NARE,6988900.0,NARE
2017-12-23,NARE,7335400.0,NARE
2017-12-24,NARE,7733600.0,NARE
2017-12-25,NARE,8834400.0,NARE
2017-12-26,NARE,7025800.0,NARE
2017-12-27,NARE,15131900.0,NARE
2017-12-28,NARE,8885300.0,NARE
2017-12-29,NARE,10965400.0,NARE
2017-12-30,NARE,9478000.0,NARE
2017-12-31,NARE,9749500.0,NARE
2018-01-01,NARE,8991800.0,NARE
2018-01-02,NARE,12380600.0,NARE
2018-01-03,NARE,15424300.0,NARE
2018-01-04,NARE,19625100.0,NARE
2018-01-05,NARE,14447500.0,NARE
2018-01-06,NARE,11508000.0,NARE
2018-01-07,NARE,7513300.0,NARE
2018-01-08,NARE,5136700.0,NARE
2018-01-09,NARE,16619700.0,NARE
2018-01-10,NARE,17542600.0,NARE
2018-01-11,NARE,17020300.0,NARE
2018-01-12,NARE,13975600.0,NARE
2018-01-13,NARE,9977600.0,NARE
2018-01-14,NARE,9007700.0,NARE
2018-01-15,NARE,8839200.0,NARE
2018-01-16,NARE,7682900.0,NARE
2018-01-17,NARE,22626900.0,NARE
2018-01-18,NARE,18857800.0,NARE
2018-01-19,NARE,14941700.0,NARE
2018-01-20,NARE,14880500.0,NARE
2018-01-21,NARE,11648200.0,NARE
2018-01-22,NARE,6498500.0,NARE
2018-01-23,NARE,6975800.0,NARE
2018-01-24,NARE,8671700.0,NARE
2018-01-25,NARE,6425300.0,NARE
2018-01-26,NARE,6188800.0,NARE
2018-01-27,NARE,7580300.0,NARE
2018-01-28,NARE,10763300.0,NARE
2018-01-29,NARE,10556100.0,NARE
2018-01-30,NARE,12030200.0,NARE
2018-01-31,NARE,5799100.0,NARE
2018-02-01,NARE,6386600.0,NARE
2018-02-02,NARE,6313300.0,NARE
2018-02-03,NARE,10639700.0,NARE
2018-02-04,NARE,6809600.0,NARE
2018-02-05,NARE,5210900.0,NARE
2018-02-06,NARE,6501200.0,NARE
2018-02-07,NARE,5553300.0,NARE
2018-02-08,NARE,4470600.0,NARE
2018-02-09,NARE,4023900.0,NARE
2018-02-10,NARE,6127500.0,NARE
2018-02-11,NARE,13015000.0,NARE
2018-02-12,NARE,14880100.0,NARE
2018-02-13,NARE,6131200.0,NARE
2018-02-14,NARE,3481100.0,NARE
2018-02-15,NARE,4692700.0,NARE
2018-02-16,NARE,4697000.0,NARE
2018-02-17,NARE,8861500.0,NARE
2018-02-18,NARE,4695400.0,NARE
2018-02-19,NARE,6139800.0,NARE
2018-02-20,NARE,6132500.0,NARE
2018-02-21,NARE,3089700.0,NARE
2018-02-22,NARE,6635700.0,NARE
2018-02-23,NARE,10745300.0,NARE
2018-02-24,NARE,9423100.0,NARE
2018-02-25,NARE,9642900.0,NARE
2018-02-26,NARE,7668500.0,NARE
2018-02-27,NARE,4768000.0,NARE
2018-02-28,NARE,4773600.0,NARE
2018-03-01,NARE,3563300.0,NARE
2018-03-02,NARE,5932000.0,NARE
2018-03-03,NARE,6621400.0,NARE
2018-03-04,NARE,6008900.0,NARE
2018-03-05,NARE,11124600.0,NARE
2018-03-06,NARE,8147500.0,NARE
2018-03-07,NARE,8892200.0,NARE
2018-03-08,NARE,5436100.0,NARE
2018-03-09,NARE,7283500.0,NARE
2018-03-10,NARE,7621200.0,NARE
2018-03-11,NARE,5657200.0,NARE
2018-03-12,NARE,5655200.0,NARE
2018-03-13,NARE,11293200.0,NARE
2018-03-14,NARE,10014200.0,NARE
2018-03-15,NARE,11928300.0,NARE
2018-03-16,NARE,11944300.0,NARE
2018-03-17,NARE,6241100.0,NARE
2018-03-18,NARE,12049500.0,NARE
2018-03-19,NARE,8778300.0,NARE
2018-03-20,NARE,9910000.0,NARE
2018-03-21,NARE,15943900.0,NARE
2018-03-22,NARE,7410400.0,NARE
2018-03-23,NARE,19663100.0,NARE
2018-03-24,NARE,12303300.0,NARE
2018-03-25,NARE,14218700.0,NARE
2018-03-26,NARE,8510200.0,NARE
2018-03-27,NARE,6804600.0,NARE
2018-03-28,NARE,6913800.0,NARE
2018-03-29,NARE,9379400.0,NARE
2018-03-30,NARE,7420400.0,NARE
2018-03-31,NARE,14102800.0,NARE
2018-04-01,NARE,13819700.0,NARE
2018-04-02,NARE,18790500.0,NARE
2018-04-03,NARE,14693300.0,NARE
2018-04-04,NARE,16227300.0,NARE
2018-04-05,NARE,18315600.0,NARE
2018-04-06,NARE,27407600.0,NARE
2018-04-07,NARE,18058100.0,NARE
2018-04-08,NARE,15713100.0,NARE
2018-04-09,NARE,23672700.0,NARE
2018-04-10,NARE,21347400.0,NARE
2018-04-11,NARE,20103700.0,NARE
2018-04-12,NARE,28403100.0,NARE
2018-04-13,NARE,29373300.0,NARE
2018-04-14,NARE,20437500.0,NARE
2018-04-15,NARE,13560600.0,NARE
2018-04-16,NARE,15168900.0,NARE
2018-04-17,NARE,11092300.0,NARE
2018-04-18,NARE,10974100.0,NARE
2018-04-19,NARE,19319100.0,NARE
2018-04-20,NARE,9586900.0,NARE
2018-04-21,NARE,7246900.0,NARE
2018-04-22,NARE,15167200.0,NARE
2018-04-23,NARE,10853900.0,NARE
2018-04-24,NARE,12519100.0,NARE
2018-04-25,NARE,29399200.0,NARE
2018-04-26,NARE,18200300.0,NARE
2018-04-27,NARE,40786000.0,NARE
2018-04-28,NARE,38893200.0,NARE
2018-04-29,NARE,40227800.0,NARE
2018-04-30,NARE,25079500.0,NARE
2018-05-01,NARE,23219100.0,NARE
2018-05-02,NARE,21407300.0,NARE
2018-05-03,NARE,19502600.0,NARE
2018-05-04,NARE,29403900.0,NARE
2018-05-05,NARE,21686700.0,NARE
2018-05-06,NARE,23754700.0,NARE
2018-05-07,NARE,29834200.0,NARE
2018-05-08,NARE,45953000.0,NARE
2018-05-09,NARE,48350600.0,NARE
2018-05-10,NARE,48912100.0,NARE
2018-05-11,NARE,24590600.0,NARE
2018-05-12,NARE,30859700.0,NARE
2018-05-13,NARE,41320500.0,NARE
2018-05-14,NARE,52035800.0,NARE
2018-05-15,NARE,52450500.0,NARE
2018-05-16,NARE,35987400.0,NARE
2018-05-17,NARE,36110900.0,NARE
2018-05-18,NARE,40537200.0,NARE
2018-05-19,NARE,62388800.0,NARE
2018-05-20,NARE,58569300.0,NARE
2018-05-21,NARE,54705300.0,NARE
2018-05-22,NARE,39647900.0,NARE
2018-05-23,NARE,35464800.0,NARE
2018-05-24,NARE,24529300.0,NARE
2018-05-25,NARE,22388500.0,NARE
2018-05-26,NARE,20234300.0,NARE
2018-05-27,NARE,63077500.0,NARE
2018-05-28,NARE,54518700.0,NARE
2018-05-29,NARE,29736600.0,NARE
2018-05-30,NARE,25247400.0,NARE
2018-05-31,NARE,20695900.0,NARE
2018-06-01,NARE,34907300.0,NARE
2018-06-02,NARE,32562200.0,NARE
2018-06-03,NARE,37191300.0,NARE
2018-06-04,NARE,28009700.0,NARE
2018-06-05,NARE,16775900.0,NARE
2018-06-06,NARE,15757700.0,NARE
2018-06-07,NARE,17417700.0,NARE
2018-06-08,NARE,15318800.0,NARE
2018-06-09,NARE,12905800.0,NARE
2018-06-10,NARE,12947400.0,NARE
2018-06-11,NARE,24550700.0,NARE
2018-06-12,NARE,18281300.0,NARE
2018-06-13,NARE,13114300.0,NARE
2018-06-14,NARE,17163500.0,NARE
2018-06-15,NARE,13801000.0,NARE
2018-06-16,NARE,12011500.0,NARE
2018-06-17,NARE,13068700.0,NARE
2018-06-18,NARE,10628000.0,NARE
2018-06-19,NARE,9835700.0,NARE
2018-06-20,NARE,13061300.0,NARE
2018-06-21,NARE,15351400.0,NARE
2018-06-22,NARE,14109100.0,NARE
2018-06-23,NARE,20974700.0,NARE
2018-06-24,NARE,29940100.0,NARE
2018-06-25,NARE,13959900.0,NARE
2018-06-26,NARE,13983600.0,NARE
2018-06-27,NARE,27925800.0,NARE
2018-06-28,NARE,21591100.0,NARE
2018-06-29,NARE,35641300.0,NARE
2018-06-30,NARE,19602500.0,NARE
2018-07-01,NARE,35290700.0,NARE
2018-07-02,NARE,31442400.0,NARE
2018-07-03,NARE,29068400.0,NARE
2018-07-04,NARE,15554900.0,NARE
2018-07-05,NARE,14976300.0,NARE
2018-07-06,NARE,11819000.0,NARE
2018-07-07,NARE,9996900.0,NARE
2018-07-08,NARE,10133900.0,NARE
2018-07-09,NARE,10931600.0,NARE
2018-07-10,NARE,11105800.0,NARE
2018-07-11,NARE,11116000.0,NARE
2018-07-12,NARE,8138800.0,NARE
2018-07-13,NARE,8719000.0,NARE
2018-07-14,NARE,6778200.0,NARE
2018-07-15,NARE,11077700.0,NARE
2018-07-16,NARE,10888100.0,NARE
2018-07-17,NARE,7948800.0,NARE
2018-07-18,NARE,18683100.0,NARE
2018-07-19,NARE,6922500.0,NARE
2018-07-20,NARE,8645100.0,NARE
2018-07-21,NARE,10997500.0,NARE
2018-07-22,NARE,11162700.0,NARE
2018-07-23,NARE,8682000.0,NARE
2018-07-24,NARE,18522300.0,NARE
2018-07-25,NARE,8681300.0,NARE
2018-07-26,NARE,5777800.0,NARE
2018-07-27,NARE,19565200.0,NARE
2018-07-28,NARE,22027300.0,NARE
2018-07-29,NARE,12261400.0,NARE
2018-07-30,NARE,14765600.0,NARE
2018-07-31,NARE,17338000.0,NARE
2018-08-01,NARE,8220600.0,NARE
2018-08-02,NARE,8603700.0,NARE
2018-08-03,NARE,38133800.0,NARE
2018-08-04,NARE,23313100.0,NARE
2018-08-05,NARE,24639600.0,NARE
2018-08-06,NARE,12793600.0,NARE
2018-08-07,NARE,8177400.0,NARE
2018-08-08,NARE,8027600.0,NARE
2018-08-09,NARE,8029900.0,NARE
2018-08-10,NARE,5774100.0,NARE
2018-08-11,NARE,8104800.0,NARE
2018-08-12,NARE,5862100.0,NARE
2018-08-13,NARE,10527800.0,NARE
2018-08-14,NARE,12864200.0,NARE
2018-08-15,NARE,10773600.0,NARE
2018-08-16,NARE,9172300.0,NARE
2018-08-17,NARE,6093900.0,NARE
2018-08-18,NARE,5971600.0,NARE
2018-08-19,NARE,16561400.0,NARE
2018-08-20,NARE,8392900.0,NARE
2018-08-21,NARE,6195800.0,NARE
2018-08-22,NARE,6172100.0,NARE
2018-08-23,NARE,7965300.0,NARE
2018-08-24,NARE,15369400.0,NARE
2018-08-25,NARE,8100800.0,NARE
2018-08-26,NARE,19545500.0,NARE
2018-08-27,NARE,19947500.0,NARE
2018-08-28,NARE,7419400.0,NARE
2018-08-29,NARE,6736700.0,NARE
2018-08-30,NARE,10815200.0,NARE
2018-08-31,NARE,8505800.0,NARE
2018-09-01,NARE,10809900.0,NARE
2018-09-02,NARE,26629600.0,NARE
2018-09-03,NARE,8522500.0,NARE
2018-09-04,NARE,14645700.0,NARE
2018-09-05,NARE,15294500.0,NARE
2018-09-06,NARE,15464600.0,NARE
2018-09-07,NARE,23523200.0,NARE
2018-09-08,NARE,23765300.0,NARE
2018-09-09,NARE,15534200.0,NARE
2018-09-10,NARE,10892500.0,NARE
2018-09-11,NARE,13920300.0,NARE
2018-09-12,NARE,14827200.0,NARE
2018-09-13,NARE,13109300.0,NARE
2018-09-14,NARE,15889900.0,NARE
2018-09-15,NARE,22249600.0,NARE
2018-09-16,NARE,26121000.0,NARE
2018-09-17,NARE,15857000.0,NARE
2018-09-18,NARE,17984900.0,NARE
2018-09-19,NARE,21804600.0,NARE
2018-09-20,NARE,13090600.0,NARE
2018-09-21,NARE,15833300.0,NARE
2018-09-22,NARE,20584700.0,NARE
2018-09-23,NARE,9097300.0,NARE
2018-09-24,NARE,9082300.0,NARE
2018-09-25,NARE,8672700.0,NARE
2018-09-26,NARE,9784400.0,NARE
2018-09-27,NARE,22833800.0,NARE
2018-09-28,NARE,24517300.0,NARE
2018-09-29,NARE,23378300.0,NARE
2018-09-30,NARE,20731200.0,NARE
2018-10-01,NARE,12498500.0,NARE
2018-10-02,NARE,12208400.0,NARE
2018-10-03,NARE,12243000.0,NARE
2018-10-04,NARE,15886600.0,NARE
2018-10-05,NARE,26940000.0,NARE
2018-10-06,NARE,15939600.0,NARE
2018-10-07,NARE,16095800.0,NARE
2018-10-08,NARE,11559600.0,NARE
2018-10-09,NARE,16176400.0,NARE
2018-10-10,NARE,25415900.0,NARE
2018-10-11,NARE,30132600.0,NARE
2018-10-12,NARE,18614000.0,NARE
2018-10-13,NARE,14002500.0,NARE
2018-10-14,NARE,18714600.0,NARE
2018-10-15,NARE,16387200.0,NARE
2018-10-16,NARE,16779900.0,NARE
2018-10-17,NARE,22054100.0,NARE
2018-10-18,NARE,22237300.0,NARE
2018-10-19,NARE,15067600.0,NARE
2018-10-20,NARE,21267100.0,NARE
2018-10-21,NARE,28414700.0,NARE
2018-10-22,NARE,21933500.0,NARE
2018-10-23,NARE,20291900.0,NARE
2018-10-24,NARE,28809700.0,NARE
2018-10-25,NARE,25034900.0,NARE
2018-10-26,NARE,29600100.0,NARE
2018-10-27,NARE,19336400.0,NARE
2018-10-28,NARE,15632800.0,NARE
2018-10-29,NARE,14766600.0,NARE
2018-10-30,NARE,23892200.0,NARE
2018-10-31,NARE,23892200.0,NARE
2018-11-01,NARE,12778900.0,NARE
2018-11-02,NARE,18429100.0,NARE
2018-11-03,NARE,22018800.0,NARE
2018-11-04,NARE,30787700.0,NARE
2018-11-05,NARE,28261500.0,NARE
2018-11-06,NARE,32431000.0,NARE
2018-11-07,NARE,27119200.0,NARE
2018-11-08,NARE,19673400.0,NARE
2018-11-09,NARE,21219500.0,NARE
2018-11-10,NARE,19875300.0,NARE
2018-11-11,NARE,14549400.0,NARE
2018-11-12,NARE,13817000.0,NARE
2018-11-13,NARE,17987800.0,NARE
2018-11-14,NARE,21608500.0,NARE
2018-11-15,NARE,13094300.0,NARE
2018-11-16,NARE,14548100.0,NARE
2018-11-17,NARE,14122400.0,NARE
2018-11-18,NARE,28114300.0,NARE
2018-11-19,NARE,20281600.0,NARE
2018-11-20,NARE,18008500.0,NARE
2018-11-21,NARE,17815000.0,NARE
2018-11-22,NARE,19045300.0,NARE
2018-11-23,NARE,28244200.0,NARE
2018-11-24,NARE,28083000.0,NARE
2018-11-25,NARE,25463200.0,NARE
2018-11-26,NARE,22936300.0,NARE
2018-11-27,NARE,21180500.0,NARE
2018-11-28,NARE,21333000.0,NARE
2018-11-29,NARE,21425600.0,NARE
2018-11-30,NARE,19147200.0,NARE
2018-12-01,NARE,19378300.0,NARE
2018-12-02,NARE,17123600.0,NARE
2018-12-03,NARE,15805700.0,NARE
2018-12-04,NARE,15155900.0,NARE
2018-12-05,NARE,16460800.0,NARE
2018-12-06,NARE,16487800.0,NARE
2018-12-07,NARE,14617700.0,NARE
2018-12-08,NARE,13678500.0,NARE
2018-12-09,NARE,11960300.0,NARE
2018-12-10,NARE,11687800.0,NARE
2018-12-11,NARE,13058300.0,NARE
2018-12-12,NARE,15821000.0,NARE
2018-12-13,NARE,13785700.0,NARE
2018-12-14,NARE,12724900.0,NARE
2018-12-15,NARE,12258700.0,NARE
2018-12-16,NARE,11934600.0,NARE
2018-12-17,NARE,10857900.0,NARE
2018-12-18,NARE,10248000.0,NARE
2018-12-19,NARE,10557100.0,NARE
2018-12-20,NARE,9999600.0,NARE
2018-12-21,NARE,9816100.0,NARE
2018-12-22,NARE,9583600.0,NARE
2018-12-23,NARE,9416100.0,NARE
2018-12-24,NARE,9216900.0,NARE
2018-12-25,NARE,10248000.0,NARE
2018-12-26,NARE,8974100.0,NARE
2018-12-27,NARE,8710700.0,NARE
2018-12-28,NARE,8561500.0,NARE
2018-12-29,NARE,8527200.0,NARE
2018-12-30,NARE,8518500.0,NARE
2018-12-31,NARE,8705000.0,NARE
2019-01-01,NARE,8365300.0,NARE
2019-01-02,NARE,8190100.0,NARE
2019-01-03,NARE,7924700.0,NARE
2019-01-04,NARE,7759800.0,NARE
2019-01-05,NARE,7684200.0,NARE
2019-01-06,NARE,7751800.0,NARE
2019-01-07,NARE,9676200.0,NARE
2019-01-08,NARE,8589800.0,NARE
2019-01-09,NARE,11614900.0,NARE
2019-01-10,NARE,10721300.0,NARE
2019-01-11,NARE,11501300.0,NARE
2019-01-12,NARE,10574800.0,NARE
2019-01-13,NARE,9143300.0,NARE
2019-01-14,NARE,8725300.0,NARE
2019-01-15,NARE,8730000.0,NARE
2019-01-16,NARE,9763400.0,NARE
2019-01-17,NARE,9908700.0,NARE
2019-01-18,NARE,10477800.0,NARE
2019-01-19,NARE,9404100.0,NARE
2019-01-20,NARE,9136300.0,NARE
2019-01-21,NARE,9637200.0,NARE
2019-01-22,NARE,9186900.0,NARE
2019-01-23,NARE,8280700.0,NARE
2019-01-24,NARE,7936300.0,NARE
2019-01-25,NARE,7892000.0,NARE
2019-01-26,NARE,8213100.0,NARE
2019-01-27,NARE,8248100.0,NARE
2019-01-28,NARE,8101500.0,NARE
2019-01-29,NARE,8642400.0,NARE
2019-01-30,NARE,7678500.0,NARE
2019-01-31,NARE,7458100.0,NARE
2019-02-01,NARE,7359800.0,NARE
2019-02-02,NARE,7649600.0,NARE
2019-02-03,NARE,7399800.0,NARE
2019-02-04,NARE,7236600.0,NARE
2019-02-05,NARE,7128000.0,NARE
2019-02-06,NARE,7007100.0,NARE
2019-02-07,NARE,6868500.0,NARE
2019-02-08,NARE,6873200.0,NARE
2019-02-09,NARE,6839600.0,NARE
2019-02-10,NARE,7414800.0,NARE
2019-02-11,NARE,7258900.0,NARE
2019-02-12,NARE,8015200.0,NARE
2019-02-13,NARE,7692200.0,NARE
2019-02-14,NARE,7876000.0,NARE
2019-02-15,NARE,7508700.0,NARE
2019-02-16,NARE,6769600.0,NARE
2019-02-17,NARE,6733000.0,NARE
2019-02-18,NARE,6672400.0,NARE
2019-02-19,NARE,7534700.0,NARE
2019-02-20,NARE,8227100.0,NARE
2019-02-21,NARE,8005300.0,NARE
2019-02-22,NARE,9090700.0,NARE
2019-02-23,NARE,8580100.0,NARE
2019-02-24,NARE,9418100.0,NARE
2019-02-25,NARE,8231700.0,NARE
2019-02-26,NARE,7257600.0,NARE
2019-02-27,NARE,10533800.0,NARE
2019-02-28,NARE,16354900.0,NARE
2019-03-01,NARE,10723600.0,NARE
2019-03-02,NARE,14815500.0,NARE
2019-03-03,NARE,10864800.0,NARE
2019-03-04,NARE,8546500.0,NARE
2019-03-05,NARE,8775300.0,NARE
2019-03-06,NARE,16354900.0,NARE
2019-03-07,NARE,8091500.0,NARE
2019-03-08,NARE,7737800.0,NARE
2019-03-09,NARE,8014600.0,NARE
2019-03-10,NARE,7560300.0,NARE
2019-03-11,NARE,8036200.0,NARE
2019-03-12,NARE,8803600.0,NARE
2019-03-13,NARE,7872700.0,NARE
2019-03-14,NARE,7105300.0,NARE
2019-03-15,NARE,7052400.0,NARE
2019-03-16,NARE,7345100.0,NARE
2019-03-17,NARE,7447100.0,NARE
2019-03-18,NARE,8123800.0,NARE
2019-03-19,NARE,9452000.0,NARE
2019-03-20,NARE,9650900.0,NARE
2019-03-21,NARE,9341100.0,NARE
2019-03-22,NARE,14049300.0,NARE
2019-03-23,NARE,10883400.0,NARE
2019-03-24,NARE,9140600.0,NARE
2019-03-25,NARE,10919400.0,NARE
2019-03-26,NARE,10402800.0,NARE
2019-03-27,NARE,9101600.0,NARE
2019-03-28,NARE,7739300.0,NARE
2019-03-29,NARE,9891900.0,NARE
2019-03-30,NARE,11852400.0,NARE
2019-03-31,NARE,8245500.0,NARE
2019-04-01,NARE,9935500.0,NARE
2019-04-02,NARE,19359400.0,NARE
2019-04-03,NARE,9101600.0,NARE
2019-04-04,NARE,9780800.0,NARE
2019-04-05,NARE,18999600.0,NARE
2019-04-06,NARE,27191200.0,NARE
2019-04-07,NARE,29166600.0,NARE
2019-04-08,NARE,20196300.0,NARE
2019-04-09,NARE,16390200.0,NARE
2019-04-10,NARE,17006900.0,NARE
2019-04-11,NARE,20536200.0,NARE
2019-04-12,NARE,14456700.0,NARE
2019-04-13,NARE,12357600.0,NARE
2019-04-14,NARE,15713000.0,NARE
2019-04-15,NARE,16690900.0,NARE
2019-04-16,NARE,13206100.0,NARE
2019-04-17,NARE,12201900.0,NARE
2019-04-18,NARE,17599600.0,NARE
2019-04-19,NARE,24794700.0,NARE
2019-04-20,NARE,25170900.0,NARE
2019-04-21,NARE,25467600.0,NARE
2019-04-22,NARE,33773600.0,NARE
2019-04-23,NARE,30552900.0,NARE
2019-04-24,NARE,32202700.0,NARE
2019-04-25,NARE,21498500.0,NARE
2019-04-26,NARE,20360300.0,NARE
2019-04-27,NARE,18478700.0,NARE
2019-04-28,NARE,15468900.0,NARE
2019-04-29,NARE,14073200.0,NARE
2019-04-30,NARE,13055100.0,NARE
2019-05-01,NARE,12211600.0,NARE
2019-05-02,NARE,11694400.0,NARE
2019-05-03,NARE,10814600.0,NARE
2019-05-04,NARE,9994000.0,NARE
2019-05-05,NARE,9664800.0,NARE
2019-05-06,NARE,9278300.0,NARE
2019-05-07,NARE,9007800.0,NARE
2019-05-08,NARE,14422500.0,NARE
2019-05-09,NARE,15137200.0,NARE
2019-05-10,NARE,25777900.0,NARE
2019-05-11,NARE,15775900.0,NARE
2019-05-12,NARE,29578700.0,NARE
2019-05-13,NARE,16864200.0,NARE
2019-05-14,NARE,28468100.0,NARE
2019-05-15,NARE,26718200.0,NARE
2019-05-16,NARE,19672800.0,NARE
2019-05-17,NARE,24537900.0,NARE
2019-05-18,NARE,22677900.0,NARE
2019-05-19,NARE,29574300.0,NARE
2019-05-20,NARE,35018600.0,NARE
2019-05-21,NARE,30885800.0,NARE
2019-05-22,NARE,28888500.0,NARE
2019-05-23,NARE,34837900.0,NARE
2019-05-24,NARE,33195200.0,NARE
2019-05-25,NARE,36459100.0,NARE
2019-05-26,NARE,45946900.0,NARE
2019-05-27,NARE,53721400.0,NARE
2019-05-28,NARE,42248200.0,NARE
2019-05-29,NARE,42673300.0,NARE
2019-05-30,NARE,40899800.0,NARE
2019-05-31,NARE,45975200.0,NARE
2019-06-01,NARE,43412400.0,NARE
2019-06-02,NARE,47777300.0,NARE
2019-06-03,NARE,35657200.0,NARE
2019-06-04,NARE,26261800.0,NARE
2019-06-05,NARE,25068800.0,NARE
2019-06-06,NARE,21337200.0,NARE
2019-06-07,NARE,31439600.0,NARE
2019-06-08,NARE,29923200.0,NARE
2019-06-09,NARE,21923200.0,NARE
2019-06-10,NARE,19292900.0,NARE
2019-06-11,NARE,17887000.0,NARE
2019-06-12,NARE,19797800.0,NARE
2019-06-13,NARE,18453100.0,NARE
2019-06-14,NARE,22177700.0,NARE
2019-06-15,NARE,24310400.0,NARE
2019-06-16,NARE,20947000.0,NARE
2019-06-17,NARE,17252000.0,NARE
2019-06-18,NARE,14881500.0,NARE
2019-06-19,NARE,13870000.0,NARE
2019-06-20,NARE,13244000.0,NARE
2019-06-21,NARE,12942700.0,NARE
2019-06-22,NARE,11931500.0,NARE
2019-06-23,NARE,11666400.0,NARE
2019-06-24,NARE,12768400.0,NARE
2019-06-25,NARE,12934000.0,NARE
2019-06-26,NARE,12083500.0,NARE
2019-06-27,NARE,10806900.0,NARE
2019-06-28,NARE,10508600.0,NARE
2019-06-29,NARE,10228500.0,NARE
2019-06-30,NARE,10121800.0,NARE
2019-07-01,NARE,10557200.0,NARE
2019-07-02,NARE,11401000.0,NARE
2019-07-03,NARE,30211600.0,NARE
2019-07-04,NARE,19476500.0,NARE
2019-07-05,NARE,19371400.0,NARE
2019-07-06,NARE,21664800.0,NARE
2019-07-07,NARE,13725400.0,NARE
2019-07-08,NARE,11846400.0,NARE
2019-07-09,NARE,11844000.0,NARE
2019-07-10,NARE,11959600.0,NARE
2019-07-11,NARE,11347400.0,NARE
2019-07-12,NARE,11099600.0,NARE
2019-07-13,NARE,19649200.0,NARE
2019-07-14,NARE,20379300.0,NARE
2019-07-15,NARE,26924100.0,NARE
2019-07-16,NARE,18864600.0,NARE
2019-07-17,NARE,15023700.0,NARE
2019-07-18,NARE,13899800.0,NARE
2019-07-19,NARE,12330200.0,NARE
2019-07-20,NARE,11515700.0,NARE
2019-07-21,NARE,10935400.0,NARE
2019-07-22,NARE,10741500.0,NARE
2019-07-23,NARE,23065400.0,NARE
2019-07-24,NARE,19821900.0,NARE
2019-07-25,NARE,12750700.0,NARE
2019-07-26,NARE,11902800.0,NARE
2019-07-27,NARE,9733700.0,NARE
2019-07-28,NARE,9787900.0,NARE
2019-07-29,NARE,6425600.0,NARE
2019-07-30,NARE,11700100.0,NARE
2019-07-31,NARE,8934600.0,NARE
2019-08-01,NARE,6490900.0,NARE
2019-08-02,NARE,17819800.0,NARE
2019-08-03,NARE,9078700.0,NARE
2019-08-04,NARE,8211600.0,NARE
2019-08-05,NARE,6687200.0,NARE
2019-08-06,NARE,6832600.0,NARE
2019-08-07,NARE,4363700.0,NARE
2019-08-08,NARE,7581500.0,NARE
2019-08-09,NARE,6570700.0,NARE
2019-08-10,NARE,3443700.0,NARE
2019-08-11,NARE,4794800.0,NARE
2019-08-12,NARE,4691500.0,NARE
2019-08-13,NARE,6724500.0,NARE
2019-08-14,NARE,7404500.0,NARE
2019-08-15,NARE,5021700.0,NARE
2019-08-16,NARE,6586200.0,NARE
2019-08-17,NARE,5356300.0,NARE
2019-08-18,NARE,7041600.0,NARE
2019-08-19,NARE,4849700.0,NARE
2019-08-20,NARE,6567000.0,NARE
2019-08-21,NARE,5070800.0,NARE
2019-08-22,NARE,6945400.0,NARE
2019-08-23,NARE,3075200.0,NARE
2019-08-24,NARE,1978900.0,NARE
2019-08-25,NARE,5070800.0,NARE
2019-08-26,NARE,3611400.0,NARE
2019-08-27,NARE,7631000.0,NARE
2019-08-28,NARE,4585100.0,NARE
2019-08-29,NARE,5569300.0,NARE
2019-08-30,NARE,4412500.0,NARE
2019-08-31,NARE,6432700.0,NARE
2019-09-01,NARE,9171300.0,NARE
2019-09-02,NARE,7386300.0,NARE
2019-09-03,NARE,5976600.0,NARE
2019-09-04,NARE,6785500.0,NARE
2019-09-05,NARE,5971200.0,NARE
2019-09-06,NARE,9397800.0,NARE
2019-09-07,NARE,6938600.0,NARE
2019-09-08,NARE,4640300.0,NARE
2019-09-09,NARE,5471100.0,NARE
2019-09-10,NARE,11983200.0,NARE
2019-09-11,NARE,9436500.0,NARE
2019-09-12,NARE,16451200.0,NARE
2019-09-13,NARE,18341200.0,NARE
2019-09-14,NARE,6765900.0,NARE
2019-09-15,NARE,7035200.0,NARE
2019-09-16,NARE,24818700.0,NARE
2019-09-17,NARE,11958600.0,NARE
2019-09-18,NARE,15866200.0,NARE
2019-09-19,NARE,14586500.0,NARE
2019-09-20,NARE,15810700.0,NARE
2019-09-21,NARE,8311900.0,NARE
2019-09-22,NARE,30266500.0,NARE
2019-09-23,NARE,24227600.0,NARE
2019-09-24,NARE,7124800.0,NARE
2019-09-25,NARE,19646200.0,NARE
2019-09-26,NARE,23169700.0,NARE
2019-09-27,NARE,8675800.0,NARE
2019-09-28,NARE,10834400.0,NARE
2019-09-29,NARE,5295000.0,NARE
2019-09-30,NARE,10423800.0,NARE
2019-10-01,NARE,16394300.0,NARE
2019-10-02,NARE,17628300.0,NARE
2019-10-03,NARE,9359400.0,NARE
2019-10-04,NARE,8647900.0,NARE
2019-10-05,NARE,12131700.0,NARE
2019-10-06,NARE,15810700.0,NARE
2019-10-07,NARE,16319900.0,NARE
2019-10-08,NARE,12547700.0,NARE
2019-10-09,NARE,6661600.0,NARE
2019-10-10,NARE,11821000.0,NARE
2019-10-11,NARE,16448500.0,NARE
2019-10-12,NARE,32268900.0,NARE
2019-10-13,NARE,34692100.0,NARE
2019-10-14,NARE,15077200.0,NARE
2019-10-15,NARE,16419600.0,NARE
2019-10-16,NARE,10508200.0,NARE
2019-10-17,NARE,12375300.0,NARE
2019-10-18,NARE,8292100.0,NARE
2019-10-19,NARE,12406700.0,NARE
2019-10-20,NARE,18603400.0,NARE
2019-10-21,NARE,14506300.0,NARE
2019-10-22,NARE,10367200.0,NARE
2019-10-23,NARE,22856000.0,NARE
2019-10-24,NARE,14578000.0,NARE
2019-10-25,NARE,18792600.0,NARE
2019-10-26,NARE,27243500.0,NARE
2019-10-27,NARE,33661100.0,NARE
2019-10-28,NARE,19010700.0,NARE
2019-10-29,NARE,21184800.0,NARE
2019-10-30,NARE,19881100.0,NARE
2019-10-31,NARE,21309700.0,NARE
2019-11-01,NARE,14921000.0,NARE
2019-11-02,NARE,15151900.0,NARE
2019-11-03,NARE,13245100.0,NARE
2019-11-04,NARE,11380700.0,NARE
2019-11-05,NARE,14041500.0,NARE
2019-11-06,NARE,10790600.0,NARE
2019-11-07,NARE,9410600.0,NARE
2019-11-08,NARE,10684300.0,NARE
2019-11-09,NARE,8641500.0,NARE
2019-11-10,NARE,12105400.0,NARE
2019-11-11,NARE,12958700.0,NARE
2019-11-12,NARE,20770800.0,NARE
2019-11-13,NARE,24080900.0,NARE
2019-11-14,NARE,19645200.0,NARE
2019-11-15,NARE,17433100.0,NARE
2019-11-16,NARE,19533400.0,NARE
2019-11-17,NARE,15256600.0,NARE
2019-11-18,NARE,15472700.0,NARE
2019-11-19,NARE,15932200.0,NARE
2019-11-20,NARE,18507800.0,NARE
2019-11-21,NARE,14146500.0,NARE
2019-11-22,NARE,13865500.0,NARE
2019-11-23,NARE,16287300.0,NARE
2019-11-24,NARE,8325700.0,NARE
2019-11-25,NARE,13157600.0,NARE
2019-11-26,NARE,10127900.0,NARE
2019-11-27,NARE,12111100.0,NARE
2019-11-28,NARE,11957600.0,NARE
2019-11-29,NARE,14921000.0,NARE
2019-11-30,NARE,11843200.0,NARE
2019-12-01,NARE,9189500.0,NARE
2019-12-02,NARE,8272900.0,NARE
2019-12-03,NARE,9563700.0,NARE
2019-12-04,NARE,7544200.0,NARE
2019-12-05,NARE,10777200.0,NARE
2019-12-06,NARE,10541900.0,NARE
2019-12-07,NARE,10580900.0,NARE
2019-12-08,NARE,8477200.0,NARE
2019-12-09,NARE,7050000.0,NARE
2019-12-10,NARE,8295100.0,NARE
2019-12-11,NARE,6615500.0,NARE
2019-12-12,NARE,5620500.0,NARE
2019-12-13,NARE,11792000.0,NARE
2019-12-14,NARE,19114000.0,NARE
2019-12-15,NARE,18860200.0,NARE
2019-12-16,NARE,11533900.0,NARE
2019-12-17,NARE,8528000.0,NARE
2019-12-18,NARE,8833700.0,NARE
2019-12-19,NARE,11906800.0,NARE
2019-12-20,NARE,19206300.0,NARE
2019-12-21,NARE,8655900.0,NARE
2019-12-22,NARE,7837700.0,NARE
2019-12-23,NARE,9799400.0,NARE
2019-12-24,NARE,6377500.0,NARE
2019-12-25,NARE,14915600.0,NARE
2019-12-26,NARE,8528000.0,NARE
2019-12-27,NARE,10674500.0,NARE
2019-12-28,NARE,6385300.0,NARE
2019-12-29,NARE,6515900.0,NARE
2019-12-30,NARE,10038400.0,NARE
2019-12-31,NARE,26277200.0,NARE
2020-01-01,NARE,15405700.0,NARE
2020-01-02,NARE,11117500.0,NARE
2020-01-03,NARE,9469200.0,NARE
2020-01-04,NARE,8086800.0,NARE
2020-01-05,NARE,8041300.0,NARE
2020-01-06,NARE,7599400.0,NARE
2020-01-07,NARE,7396100.0,NARE
2020-01-08,NARE,7191100.0,NARE
2020-01-09,NARE,7037600.0,NARE
2020-01-10,NARE,6919400.0,NARE
2020-01-11,NARE,6766300.0,NARE
2020-01-12,NARE,6672700.0,NARE
2020-01-13,NARE,6640100.0,NARE
2020-01-14,NARE,6634300.0,NARE
2020-01-15,NARE,6652500.0,NARE
2020-01-16,NARE,6589200.0,NARE
2020-01-17,NARE,6589200.0,NARE
2020-01-18,NARE,6398000.0,NARE
2020-01-19,NARE,6474100.0,NARE
2020-01-20,NARE,6403400.0,NARE
2020-01-21,NARE,6612500.0,NARE
2020-01-22,NARE,8439500.0,NARE
2020-01-23,NARE,7269200.0,NARE
2020-01-24,NARE,8591700.0,NARE
2020-01-25,NARE,7218700.0,NARE
2020-01-26,NARE,6620200.0,NARE
2020-01-27,NARE,6934900.0,NARE
2020-01-28,NARE,7750800.0,NARE
2020-01-29,NARE,5386900.0,NARE
2020-01-30,NARE,6373500.0,NARE
2020-01-31,NARE,6277200.0,NARE
2020-02-01,NARE,6208900.0,NARE
2020-02-02,NARE,6748100.0,NARE
2020-02-03,NARE,6311900.0,NARE
2020-02-04,NARE,6311900.0,NARE
2020-02-05,NARE,6221300.0,NARE
2020-02-06,NARE,5960800.0,NARE
2020-02-07,NARE,6032800.0,NARE
2020-02-08,NARE,5995800.0,NARE
2020-02-09,NARE,5929500.0,NARE
2020-02-10,NARE,5845700.0,NARE
2020-02-11,NARE,5697900.0,NARE
2020-02-12,NARE,5537700.0,NARE
2020-02-13,NARE,5811700.0,NARE
2020-02-14,NARE,6046300.0,NARE
2020-02-15,NARE,8397800.0,NARE
2020-02-16,NARE,7047300.0,NARE
2020-02-17,NARE,7222400.0,NARE
2020-02-18,NARE,6270800.0,NARE
2020-02-19,NARE,5943300.0,NARE
2020-02-20,NARE,6253300.0,NARE
2020-02-21,NARE,6584900.0,NARE
2020-02-22,NARE,8824600.0,NARE
2020-02-23,NARE,8835400.0,NARE
2020-02-24,NARE,7022400.0,NARE
2020-02-25,NARE,6708100.0,NARE
2020-02-26,NARE,6627300.0,NARE
2020-02-27,NARE,6326400.0,NARE
2020-02-28,NARE,6197100.0,NARE
2020-02-29,NARE,6225000.0,NARE
2020-03-01,NARE,6089700.0,NARE
2020-03-02,NARE,6085300.0,NARE
2020-03-03,NARE,6689500.0,NARE
2020-03-04,NARE,7780100.0,NARE
2020-03-05,NARE,6908700.0,NARE
2020-03-06,NARE,6298100.0,NARE
2020-03-07,NARE,6143200.0,NARE
2020-03-08,NARE,6301800.0,NARE
2020-03-09,NARE,6310700.0,NARE
2020-03-10,NARE,6202700.0,NARE
2020-03-11,NARE,10274600.0,NARE
2020-03-12,NARE,7261100.0,NARE
2020-03-13,NARE,6999500.0,NARE
2020-03-14,NARE,9214900.0,NARE
2020-03-15,NARE,7527900.0,NARE
2020-03-16,NARE,6891200.0,NARE
2020-03-17,NARE,6534300.0,NARE
2020-03-18,NARE,6307200.0,NARE
2020-03-19,NARE,6503200.0,NARE
2020-03-20,NARE,9397300.0,NARE
2020-03-21,NARE,8454000.0,NARE
2020-03-22,NARE,8638900.0,NARE
2020-03-23,NARE,9636600.0,NARE
2020-03-24,NARE,7191200.0,NARE
2020-03-25,NARE,6940500.0,NARE
2020-03-26,NARE,6587600.0,NARE
2020-03-27,NARE,6501500.0,NARE
2020-03-28,NARE,6443800.0,NARE
2020-03-29,NARE,6441200.0,NARE
2020-03-30,NARE,10421400.0,NARE
2020-03-31,NARE,13518800.0,NARE
2020-04-01,NARE,14781100.0,NARE
2020-04-02,NARE,9600500.0,NARE
2020-04-03,NARE,7667500.0,NARE
2020-04-04,NARE,9136400.0,NARE
2020-04-05,NARE,8196100.0,NARE
2020-04-06,NARE,7038700.0,NARE
2020-04-07,NARE,7548400.0,NARE
2020-04-08,NARE,7153800.0,NARE
2020-04-09,NARE,8960200.0,NARE
2020-04-10,NARE,8439100.0,NARE
2020-04-11,NARE,9632300.0,NARE
2020-04-12,NARE,10211500.0,NARE
2020-04-13,NARE,8085400.0,NARE
2020-04-14,NARE,10099700.0,NARE
2020-04-15,NARE,12127900.0,NARE
2020-04-16,NARE,9839200.0,NARE
2020-04-17,NARE,8260200.0,NARE
2020-04-18,NARE,7544000.0,NARE
2020-04-19,NARE,9529300.0,NARE
2020-04-20,NARE,9942100.0,NARE
2020-04-21,NARE,10427100.0,NARE
2020-04-22,NARE,9543800.0,NARE
2020-04-23,NARE,10463200.0,NARE
2020-04-24,NARE,9659300.0,NARE
2020-04-25,NARE,8283200.0,NARE
2020-04-26,NARE,8329100.0,NARE
2020-04-27,NARE,8221700.0,NARE
2020-04-28,NARE,7034700.0,NARE
2020-04-29,NARE,8926500.0,NARE
2020-04-30,NARE,8476200.0,NARE
2020-05-01,NARE,8906600.0,NARE
2020-05-02,NARE,8801600.0,NARE
2020-05-03,NARE,9104000.0,NARE
2020-05-04,NARE,7966900.0,NARE
2020-05-05,NARE,8829600.0,NARE
2020-05-06,NARE,7963900.0,NARE
2020-05-07,NARE,9012600.0,NARE
2020-05-08,NARE,8231200.0,NARE
2020-05-09,NARE,7710700.0,NARE
2020-05-10,NARE,7397900.0,NARE
2020-05-11,NARE,7376600.0,NARE
2020-05-12,NARE,7316500.0,NARE
2020-05-13,NARE,8361100.0,NARE
2020-05-14,NARE,7654400.0,NARE
2020-05-15,NARE,7011000.0,NARE
2020-05-16,NARE,7899700.0,NARE
2020-05-17,NARE,7239600.0,NARE
2020-05-18,NARE,7939600.0,NARE
2020-05-19,NARE,10921300.0,NARE
2020-05-20,NARE,9259000.0,NARE
2020-05-21,NARE,7559200.0,NARE
2020-05-22,NARE,7112600.0,NARE
2020-05-23,NARE,7327000.0,NARE
2020-05-24,NARE,7088300.0,NARE
2020-05-25,NARE,6858200.0,NARE
2020-05-26,NARE,6852100.0,NARE
2020-05-27,NARE,6848000.0,NARE
2020-05-28,NARE,7638200.0,NARE
2020-05-29,NARE,8013800.0,NARE
2020-05-30,NARE,11125100.0,NARE
2020-05-31,NARE,9997100.0,NARE
2020-06-01,NARE,8734800.0,NARE
2020-06-02,NARE,8049300.0,NARE
2020-06-03,NARE,7844400.0,NARE
2020-06-04,NARE,8282500.0,NARE
2020-06-05,NARE,7387400.0,NARE
2020-06-06,NARE,7706300.0,NARE
2020-06-07,NARE,7292900.0,NARE
2020-06-08,NARE,7000600.0,NARE
2020-06-09,NARE,6781900.0,NARE
2020-06-10,NARE,7558200.0,NARE
2020-06-11,NARE,8455300.0,NARE
2020-06-12,NARE,14093300.0,NARE
2020-06-13,NARE,10029200.0,NARE
2020-06-14,NARE,9318700.0,NARE
2020-06-15,NARE,9041600.0,NARE
2020-06-16,NARE,7932500.0,NARE
2020-06-17,NARE,9029100.0,NARE
2020-06-18,NARE,8748600.0,NARE
2020-06-19,NARE,8074600.0,NARE
2020-06-20,NARE,15058300.0,NARE
2020-06-21,NARE,30840900.0,NARE
2020-06-22,NARE,20080000.0,NARE
2020-06-23,NARE,11201100.0,NARE
2020-06-24,NARE,10727500.0,NARE
2020-06-25,NARE,9139500.0,NARE
2020-06-26,NARE,19456900.0,NARE
2020-06-27,NARE,18435900.0,NARE
2020-06-28,NARE,17138800.0,NARE
2020-06-29,NARE,13051400.0,NARE
2020-06-30,NARE,11780300.0,NARE
2020-07-01,NARE,14314700.0,NARE
2020-07-02,NARE,24094800.0,NARE
2020-07-03,NARE,16941300.0,NARE
2020-07-04,NARE,22994800.0,NARE
2020-07-05,NARE,39143000.0,NARE
2020-07-06,NARE,33875300.0,NARE
2020-07-07,NARE,20780700.0,NARE
2020-07-08,NARE,18107500.0,NARE
2020-07-09,NARE,34504100.0,NARE
2020-07-10,NARE,23081900.0,NARE
2020-07-11,NARE,28187600.0,NARE
2020-07-12,NARE,23155200.0,NARE
2020-07-13,NARE,19377600.0,NARE
2020-07-14,NARE,26382200.0,NARE
2020-07-15,NARE,18552300.0,NARE
2020-07-16,NARE,14175000.0,NARE
2020-07-17,NARE,12577200.0,NARE
2020-07-18,NARE,11312800.0,NARE
2020-07-19,NARE,10504800.0,NARE
2020-07-20,NARE,9887400.0,NARE
2020-07-21,NARE,10667400.0,NARE
2020-07-22,NARE,12752700.0,NARE
2020-07-23,NARE,12553900.0,NARE
2020-07-24,NARE,21925600.0,NARE
2020-07-25,NARE,21685200.0,NARE
2020-07-26,NARE,16175500.0,NARE
2020-07-27,NARE,21697100.0,NARE
2020-07-28,NARE,24947400.0,NARE
2020-07-29,NARE,21771300.0,NARE
2020-07-30,NARE,18581700.0,NARE
2020-07-31,NARE,14459500.0,NARE
2020-08-01,NARE,12474200.0,NARE
2020-08-02,NARE,11025600.0,NARE
2020-08-03,NARE,10210400.0,NARE
2020-08-04,NARE,9490500.0,NARE
2020-08-05,NARE,10628000.0,NARE
2020-08-06,NARE,10525700.0,NARE
2020-08-07,NARE,11160900.0,NARE
2020-08-08,NARE,10737000.0,NARE
2020-08-09,NARE,10767700.0,NARE
2020-08-10,NARE,9629900.0,NARE
2020-08-11,NARE,7937200.0,NARE
2020-08-12,NARE,7912600.0,NARE
2020-08-13,NARE,13927300.0,NARE
2020-08-14,NARE,16906900.0,NARE
2020-08-15,NARE,15215900.0,NARE
2020-08-16,NARE,11946000.0,NARE
2020-08-17,NARE,16446900.0,NARE
2020-08-18,NARE,12930500.0,NARE
2020-08-19,NARE,13296100.0,NARE
2020-08-20,NARE,33899900.0,NARE
2020-08-21,NARE,22231400.0,NARE
2020-08-22,NARE,23669900.0,NARE
2020-08-23,NARE,20552500.0,NARE
2020-08-24,NARE,9576600.0,NARE
2020-08-25,NARE,20578800.0,NARE
2020-08-26,NARE,28754300.0,NARE
2020-08-27,NARE,18553400.0,NARE
2020-08-28,NARE,17330200.0,NARE
2020-08-29,NARE,14191200.0,NARE
2020-08-30,NARE,14049800.0,NARE
2020-08-31,NARE,13232000.0,NARE
2020-09-01,NARE,16755400.0,NARE
2020-09-02,NARE,21221100.0,NARE
2020-09-03,NARE,19642500.0,NARE
2020-09-04,NARE,22810200.0,NARE
2020-09-05,NARE,27334700.0,NARE
2020-09-06,NARE,28684800.0,NARE
2020-09-07,NARE,22225600.0,NARE
2020-09-08,NARE,30286700.0,NARE
2020-09-09,NARE,26276200.0,NARE
2020-09-10,NARE,21680500.0,NARE
2020-09-11,NARE,18687700.0,NARE
2020-09-12,NARE,22783200.0,NARE
2020-09-13,NARE,25933700.0,NARE
2020-09-14,NARE,17590400.0,NARE
2020-09-15,NARE,16494500.0,NARE
2020-09-16,NARE,22758900.0,NARE
2020-09-17,NARE,19544300.0,NARE
2020-09-18,NARE,19945600.0,NARE
2020-09-19,NARE,27693800.0,NARE
2020-09-20,NARE,24124500.0,NARE
2020-09-21,NARE,21825000.0,NARE
2020-09-22,NARE,7214900.0,NARE
2020-09-23,NARE,17605300.0,NARE
2020-09-24,NARE,16735500.0,NARE
2020-09-25,NARE,14959100.0,NARE
2020-09-26,NARE,18018700.0,NARE
2020-09-27,NARE,24740500.0,NARE
2020-09-28,NARE,18457200.0,NARE
2020-09-29,NARE,15642200.0,NARE
2020-09-30,NARE,19201100.0,NARE
2020-10-01,NARE,15287500.0,NARE
2020-10-02,NARE,15017500.0,NARE
2020-10-03,NARE,15651300.0,NARE
2020-10-04,NARE,22085900.0,NARE
2020-10-05,NARE,21710900.0,NARE
2020-10-06,NARE,25250200.0,NARE
2020-10-07,NARE,18049800.0,NARE
2020-10-08,NARE,15046100.0,NARE
2020-10-09,NARE,13905000.0,NARE
2020-10-10,NARE,13114800.0,NARE
2020-10-11,NARE,11895700.0,NARE
2020-10-12,NARE,11486600.0,NARE
2020-10-13,NARE,20979100.0,NARE
2020-10-14,NARE,14016400.0,NARE
2020-10-15,NARE,12233200.0,NARE
2020-10-16,NARE,10868300.0,NARE
2020-10-17,NARE,10380900.0,NARE
2020-10-18,NARE,10341700.0,NARE
2020-10-19,NARE,12362200.0,NARE
2020-10-20,NARE,10691100.0,NARE
2020-10-21,NARE,13992100.0,NARE
2020-10-22,NARE,11423200.0,NARE
2020-10-23,NARE,10774400.0,NARE
2020-10-24,NARE,14348500.0,NARE
2020-10-25,NARE,14881100.0,NARE
2020-10-26,NARE,13318000.0,NARE
2020-10-27,NARE,10985400.0,NARE
2020-10-28,NARE,17082800.0,NARE
2020-10-29,NARE,17758500.0,NARE
2020-10-30,NARE,16472200.0,NARE
2020-10-31,NARE,18885800.0,NARE
2020-11-01,NARE,35104900.0,NARE
2020-11-02,NARE,24782400.0,NARE
2020-11-03,NARE,17274800.0,NARE
2020-11-04,NARE,16518400.0,NARE
2020-11-05,NARE,15744100.0,NARE
2020-11-06,NARE,16467500.0,NARE
2020-11-07,NARE,16111000.0,NARE
2020-11-08,NARE,16868100.0,NARE
2020-11-09,NARE,15501800.0,NARE
2020-11-10,NARE,17993400.0,NARE
2020-11-11,NARE,39956100.0,NARE
2020-11-12,NARE,24990300.0,NARE
2020-11-13,NARE,29104700.0,NARE
2020-11-14,NARE,38609400.0,NARE
2020-11-15,NARE,24399900.0,NARE
2020-11-16,NARE,32275400.0,NARE
2020-11-17,NARE,25138800.0,NARE
2020-11-18,NARE,30313000.0,NARE
2020-11-19,NARE,22134800.0,NARE
2020-11-20,NARE,19040700.0,NARE
2020-11-21,NARE,22074700.0,NARE
2020-11-22,NARE,24919100.0,NARE
2020-11-23,NARE,18753800.0,NARE
2020-11-24,NARE,16821200.0,NARE
2020-11-25,NARE,14817300.0,NARE
2020-11-26,NARE,13335900.0,NARE
2020-11-27,NARE,14780200.0,NARE
2020-11-28,NARE,27616200.0,NARE
2020-11-29,NARE,24134700.0,NARE
2020-11-30,NARE,17149600.0,NARE
2020-12-01,NARE,22454500.0,NARE
2020-12-02,NARE,16664600.0,NARE
2020-12-03,NARE,33565400.0,NARE
2020-12-04,NARE,25103000.0,NARE
2020-12-05,NARE,16981500.0,NARE
2020-12-06,NARE,20053700.0,NARE
2020-12-07,NARE,16139000.0,NARE
2020-12-08,NARE,14237100.0,NARE
2020-12-09,NARE,14346100.0,NARE
2020-12-10,NARE,13072300.0,NARE
2020-12-11,NARE,12343300.0,NARE
2020-12-12,NARE,11926100.0,NARE
2020-12-13,NARE,11587200.0,NARE
2020-12-14,NARE,11289800.0,NARE
2020-12-15,NARE,14854100.0,NARE
2020-12-16,NARE,12956500.0,NARE
2020-12-17,NARE,12337500.0,NARE
2020-12-18,NARE,11029900.0,NARE
2020-12-19,NARE,10185800.0,NARE
2020-12-20,NARE,11904100.0,NARE
2020-12-21,NARE,12011100.0,NARE
2020-12-22,NARE,9917100.0,NARE
2020-12-23,NARE,9416600.0,NARE
2020-12-24,NARE,9146900.0,NARE
2020-12-25,NARE,18964100.0,NARE
2020-12-26,NARE,22928700.0,NARE
2020-12-27,NARE,22608400.0,NARE
2020-12-28,NARE,20661500.0,NARE
2020-12-29,NARE,14981000.0,NARE
2020-12-30,NARE,12867100.0,NARE
2020-12-31,NARE,11932500.0,NARE
2021-01-01,NARE,10982700.0,NARE
2021-01-02,NARE,11389100.0,NARE
2021-01-03,NARE,13530300.0,NARE
2021-01-04,NARE,12654400.0,NARE
2021-01-05,NARE,10290100.0,NARE
2021-01-06,NARE,11578800.0,NARE
2021-01-07,NARE,11085300.0,NARE
2021-01-08,NARE,11035000.0,NARE
2021-01-09,NARE,10767400.0,NARE
2021-01-10,NARE,13966400.0,NARE
2021-01-11,NARE,22724800.0,NARE
2021-01-12,NARE,19182200.0,NARE
2021-01-13,NARE,12788100.0,NARE
2021-01-14,NARE,11834600.0,NARE
2021-01-15,NARE,10748800.0,NARE
2021-01-16,NARE,11670600.0,NARE
2021-01-17,NARE,10949600.0,NARE
2021-01-18,NARE,10180700.0,NARE
2021-01-19,NARE,9509400.0,NARE
2021-01-20,NARE,9267100.0,NARE
2021-01-21,NARE,9131000.0,NARE
2021-01-22,NARE,9052400.0,NARE
2021-01-23,NARE,11000200.0,NARE
2021-01-24,NARE,10864200.0,NARE
2021-01-25,NARE,10659000.0,NARE
2021-01-26,NARE,11147400.0,NARE
2021-01-27,NARE,10297200.0,NARE
2021-01-28,NARE,9575200.0,NARE
2021-01-29,NARE,9302200.0,NARE
2021-01-30,NARE,9025400.0,NARE
2021-01-31,NARE,8773300.0,NARE
2021-02-01,NARE,8552900.0,NARE
2021-02-02,NARE,8627500.0,NARE
2021-02-03,NARE,8689900.0,NARE
2021-02-04,NARE,9179300.0,NARE
2021-02-05,NARE,9168800.0,NARE
2021-02-06,NARE,9278200.0,NARE
2021-02-07,NARE,9816500.0,NARE
2021-02-08,NARE,7700300.0,NARE
2021-02-09,NARE,8379700.0,NARE
2021-02-10,NARE,16754000.0,NARE
2021-02-11,NARE,9432100.0,NARE
2021-02-12,NARE,8250400.0,NARE
2021-02-13,NARE,8206600.0,NARE
2021-02-14,NARE,7863300.0,NARE
2021-02-15,NARE,8194700.0,NARE
2021-02-16,NARE,7667500.0,NARE
2021-02-17,NARE,7479200.0,NARE
2021-02-18,NARE,9483700.0,NARE
2021-02-19,NARE,15268900.0,NARE
2021-02-20,NARE,9494200.0,NARE
2021-02-21,NARE,16254800.0,NARE
2021-02-22,NARE,13374700.0,NARE
2021-02-23,NARE,12255800.0,NARE
2021-02-24,NARE,11062700.0,NARE
2021-02-25,NARE,10331300.0,NARE
2021-02-26,NARE,9393600.0,NARE
2021-02-27,NARE,9668700.0,NARE
2021-02-28,NARE,9867500.0,NARE
2021-03-01,NARE,12171100.0,NARE
2021-03-02,NARE,20412100.0,NARE
2021-03-03,NARE,14470300.0,NARE
2021-03-04,NARE,13906000.0,NARE
2021-03-05,NARE,19091400.0,NARE
2021-03-06,NARE,12468800.0,NARE
2021-03-07,NARE,17967800.0,NARE
2021-03-08,NARE,24528200.0,NARE
2021-03-09,NARE,15666500.0,NARE
2021-03-10,NARE,14151000.0,NARE
2021-03-11,NARE,16730100.0,NARE
2021-03-12,NARE,32146500.0,NARE
2021-03-13,NARE,36284800.0,NARE
2021-03-14,NARE,25287000.0,NARE
2021-03-15,NARE,19576700.0,NARE
2021-03-16,NARE,41920100.0,NARE
2021-03-17,NARE,30087200.0,NARE
2021-03-18,NARE,56399900.0,NARE
2021-03-19,NARE,59350900.0,NARE
2021-03-20,NARE,67803800.0,NARE
2021-03-21,NARE,57614000.0,NARE
2021-03-22,NARE,50549600.0,NARE
2021-03-23,NARE,47333700.0,NARE
2021-03-24,NARE,55050800.0,NARE
2021-03-25,NARE,38343100.0,NARE
2021-03-26,NARE,27575000.0,NARE
2021-03-27,NARE,33138100.0,NARE
2021-03-28,NARE,24225800.0,NARE
2021-03-29,NARE,21741900.0,NARE
2021-03-30,NARE,28825600.0,NARE
2021-03-31,NARE,21648500.0,NARE
2021-04-01,NARE,21697700.0,NARE
2021-04-02,NARE,20861700.0,NARE
2021-04-03,NARE,28371300.0,NARE
2021-04-04,NARE,25498600.0,NARE
2021-04-05,NARE,21232600.0,NARE
2021-04-06,NARE,39442400.0,NARE
2021-04-07,NARE,25515500.0,NARE
2021-04-08,NARE,22425100.0,NARE
2021-04-09,NARE,27154800.0,NARE
2021-04-10,NARE,22505100.0,NARE
2021-04-11,NARE,26271500.0,NARE
2021-04-12,NARE,23771800.0,NARE
2021-04-13,NARE,19386000.0,NARE
2021-04-14,NARE,18312000.0,NARE
2021-04-15,NARE,17602900.0,NARE
2021-04-16,NARE,28672700.0,NARE
2021-04-17,NARE,20269700.0,NARE
2021-04-18,NARE,18528400.0,NARE
2021-04-19,NARE,17810100.0,NARE
2021-04-20,NARE,16368900.0,NARE
2021-04-21,NARE,16797600.0,NARE
2021-04-22,NARE,16566700.0,NARE
2021-04-23,NARE,17172900.0,NARE
2021-04-24,NARE,16490400.0,NARE
2021-04-25,NARE,15918600.0,NARE
2021-04-26,NARE,15538600.0,NARE
2021-04-27,NARE,17284300.0,NARE
2021-04-28,NARE,18875000.0,NARE
2021-04-29,NARE,27869700.0,NARE
2021-04-30,NARE,29440900.0,NARE
2021-05-01,NARE,21483700.0,NARE
2021-05-02,NARE,21760800.0,NARE
2021-05-03,NARE,42406500.0,NARE
2021-05-04,NARE,49681800.0,NARE
2021-05-05,NARE,39238500.0,NARE
2021-05-06,NARE,34462600.0,NARE
2021-05-07,NARE,40280800.0,NARE
2021-05-08,NARE,42411600.0,NARE
2021-05-09,NARE,35347500.0,NARE
2021-05-10,NARE,44271300.0,NARE
2021-05-11,NARE,25183000.0,NARE
2021-05-12,NARE,19605100.0,NARE
2021-05-13,NARE,19461300.0,NARE
2021-05-14,NARE,18076800.0,NARE
2021-05-15,NARE,17625200.0,NARE
2021-05-16,NARE,20338200.0,NARE
2021-05-17,NARE,46691000.0,NARE
2021-05-18,NARE,50122700.0,NARE
2021-05-19,NARE,41572800.0,NARE
2021-05-20,NARE,31978700.0,NARE
2021-05-21,NARE,23014700.0,NARE
2021-05-22,NARE,30327900.0,NARE
2021-05-23,NARE,34101400.0,NARE
2021-05-24,NARE,25406100.0,NARE
2021-05-25,NARE,21826700.0,NARE
2021-05-26,NARE,34277600.0,NARE
2021-05-27,NARE,29625800.0,NARE
2021-05-28,NARE,28172500.0,NARE
2021-05-29,NARE,26669800.0,NARE
2021-05-30,NARE,30349100.0,NARE
2021-05-31,NARE,27603400.0,NARE
2021-06-01,NARE,47351800.0,NARE
2021-06-02,NARE,79149800.0,NARE
2021-06-03,NARE,43416800.0,NARE
2021-06-04,NARE,29334300.0,NARE
2021-06-05,NARE,22752300.0,NARE
2021-06-06,NARE,23886800.0,NARE
2021-06-07,NARE,26209300.0,NARE
2021-06-08,NARE,38229400.0,NARE
2021-06-09,NARE,57400000.0,NARE
2021-06-10,NARE,37919300.0,NARE
2021-06-11,NARE,26781800.0,NARE
2021-06-12,NARE,41469300.0,NARE
2021-06-13,NARE,39639300.0,NARE
2021-06-14,NARE,36066700.0,NARE
2021-06-15,NARE,32797100.0,NARE
2021-06-16,NARE,30652300.0,NARE
2021-06-17,NARE,24718800.0,NARE
2021-06-18,NARE,33018000.0,NARE
2021-06-19,NARE,25279100.0,NARE
2021-06-20,NARE,25599700.0,NARE
2021-06-21,NARE,58231600.0,NARE
2021-06-22,NARE,33491600.0,NARE
2021-06-23,NARE,27431400.0,NARE
2021-06-24,NARE,39985800.0,NARE
2021-06-25,NARE,37649800.0,NARE
2021-06-26,NARE,29046900.0,NARE
2021-06-27,NARE,24539700.0,NARE
2021-06-28,NARE,36324100.0,NARE
2021-06-29,NARE,36013700.0,NARE
2021-06-30,NARE,24126000.0,NARE
2021-07-01,NARE,21308700.0,NARE
2021-07-02,NARE,19637900.0,NARE
2021-07-03,NARE,17988000.0,NARE
2021-07-04,NARE,17183700.0,NARE
2021-07-05,NARE,16322600.0,NARE
2021-07-06,NARE,15629300.0,NARE
2021-07-07,NARE,15647200.0,NARE
2021-07-08,NARE,15299200.0,NARE
2021-07-09,NARE,15787900.0,NARE
2021-07-10,NARE,20648100.0,NARE
2021-07-11,NARE,18259300.0,NARE
2021-07-12,NARE,14669700.0,NARE
2021-07-13,NARE,16152500.0,NARE
2021-07-14,NARE,13576900.0,NARE
2021-07-15,NARE,12683700.0,NARE
2021-07-16,NARE,18335400.0,NARE
2021-07-17,NARE,35997300.0,NARE
2021-07-18,NARE,27134200.0,NARE
2021-07-19,NARE,17973500.0,NARE
2021-07-20,NARE,14749500.0,NARE
2021-07-21,NARE,13181500.0,NARE
2021-07-22,NARE,12364700.0,NARE
2021-07-23,NARE,12327500.0,NARE
2021-07-24,NARE,12103000.0,NARE
2021-07-25,NARE,16491000.0,NARE
2021-07-26,NARE,16051700.0,NARE
2021-07-27,NARE,20242600.0,NARE
2021-07-28,NARE,17058900.0,NARE
2021-07-29,NARE,20199300.0,NARE
2021-07-30,NARE,15003900.0,NARE
2021-07-31,NARE,13502500.0,NARE
2021-08-01,NARE,12554800.0,NARE
2021-08-02,NARE,11567500.0,NARE
2021-08-03,NARE,10983400.0,NARE
2021-08-04,NARE,10813000.0,NARE
2021-08-05,NARE,10699000.0,NARE
2021-08-06,NARE,11267900.0,NARE
2021-08-07,NARE,10754100.0,NARE
2021-08-08,NARE,12350900.0,NARE
2021-08-09,NARE,13500800.0,NARE
2021-08-10,NARE,15362700.0,NARE
2021-08-11,NARE,17194600.0,NARE
2021-08-12,NARE,19092700.0,NARE
2021-08-13,NARE,23848400.0,NARE
2021-08-14,NARE,25677800.0,NARE
2021-08-15,NARE,43618900.0,NARE
2021-08-16,NARE,33507400.0,NARE
2021-08-17,NARE,32759200.0,NARE
2021-08-18,NARE,34612000.0,NARE
2021-08-19,NARE,24403100.0,NARE
2021-08-20,NARE,32672600.0,NARE
2021-08-21,NARE,19263500.0,NARE
2021-08-22,NARE,16972700.0,NARE
2021-08-23,NARE,24355700.0,NARE
2021-08-24,NARE,24428100.0,NARE
2021-08-25,NARE,27625300.0,NARE
2021-08-26,NARE,25269300.0,NARE
2021-08-27,NARE,21780800.0,NARE
2021-08-28,NARE,20953600.0,NARE
2021-08-29,NARE,17167200.0,NARE
2021-08-30,NARE,26003900.0,NARE
2021-08-31,NARE,35980800.0,NARE
2021-09-01,NARE,38202200.0,NARE
2021-09-02,NARE,28242600.0,NARE
2021-09-03,NARE,21470400.0,NARE
2021-09-04,NARE,21664800.0,NARE
2021-09-05,NARE,29511900.0,NARE
2021-09-06,NARE,27877300.0,NARE
2021-09-07,NARE,25884500.0,NARE
2021-09-08,NARE,33460300.0,NARE
2021-09-09,NARE,26380000.0,NARE
2021-09-10,NARE,22175900.0,NARE
2021-09-11,NARE,27235400.0,NARE
2021-09-12,NARE,25282100.0,NARE
2021-09-13,NARE,20330500.0,NARE
2021-09-14,NARE,19695700.0,NARE
2021-09-15,NARE,24746700.0,NARE
2021-09-16,NARE,20281200.0,NARE
2021-09-17,NARE,17346800.0,NARE
2021-09-18,NARE,15682400.0,NARE
2021-09-19,NARE,19471100.0,NARE
2021-09-20,NARE,16477900.0,NARE
2021-09-21,NARE,18602900.0,NARE
2021-09-22,NARE,15481800.0,NARE
2021-09-23,NARE,42852400.0,NARE
2021-09-24,NARE,36077800.0,NARE
2021-09-25,NARE,22563500.0,NARE
2021-09-26,NARE,19075400.0,NARE
2021-09-27,NARE,17546300.0,NARE
2021-09-28,NARE,16797100.0,NARE
2021-09-29,NARE,17441100.0,NARE
2021-09-30,NARE,32573900.0,NARE
2021-10-01,NARE,24182600.0,NARE
2021-10-02,NARE,27178200.0,NARE
2021-10-03,NARE,24651300.0,NARE
2021-10-04,NARE,18103700.0,NARE
2021-10-05,NARE,25437400.0,NARE
2021-10-06,NARE,19454200.0,NARE
2021-10-07,NARE,27909400.0,NARE
2021-10-08,NARE,19045000.0,NARE
2021-10-09,NARE,16723700.0,NARE
2021-10-10,NARE,17453300.0,NARE
2021-10-11,NARE,20542600.0,NARE
2021-10-12,NARE,16283700.0,NARE
2021-10-13,NARE,20842600.0,NARE
2021-10-14,NARE,19258400.0,NARE
2021-10-15,NARE,21820800.0,NARE
2021-10-16,NARE,20140500.0,NARE
2021-10-17,NARE,28739100.0,NARE
2021-10-18,NARE,25576400.0,NARE
2021-10-19,NARE,19086600.0,NARE
2021-10-20,NARE,21448000.0,NARE
2021-10-21,NARE,18905600.0,NARE
2021-10-22,NARE,20396200.0,NARE
2021-10-23,NARE,21361500.0,NARE
2021-10-24,NARE,20216900.0,NARE
2021-10-25,NARE,14268900.0,NARE
2021-10-26,NARE,26112100.0,NARE
2021-10-27,NARE,44679900.0,NARE
2021-10-28,NARE,29828800.0,NARE
2021-10-29,NARE,27724100.0,NARE
2021-10-30,NARE,27725400.0,NARE
2021-10-31,NARE,32210600.0,NARE
2021-11-01,NARE,31243300.0,NARE
2021-11-02,NARE,33397400.0,NARE
2021-11-03,NARE,30920000.0,NARE
2021-11-04,NARE,33935500.0,NARE
2021-11-05,NARE,22904800.0,NARE
2021-11-06,NARE,20588600.0,NARE
2021-11-07,NARE,19493800.0,NARE
2021-11-08,NARE,20767900.0,NARE
2021-11-09,NARE,29016800.0,NARE
2021-11-10,NARE,31157400.0,NARE
2021-11-11,NARE,26902900.0,NARE
2021-11-12,NARE,20451600.0,NARE
2021-11-13,NARE,22474900.0,NARE
2021-11-14,NARE,23895400.0,NARE
2021-11-15,NARE,21118600.0,NARE
2021-11-16,NARE,20773300.0,NARE
2021-11-17,NARE,17620400.0,NARE
2021-11-18,NARE,16646000.0,NARE
2021-11-19,NARE,18347600.0,NARE
2021-11-20,NARE,19533400.0,NARE
2021-11-21,NARE,26035300.0,NARE
2021-11-22,NARE,23073200.0,NARE
2021-11-23,NARE,25222300.0,NARE
2021-11-24,NARE,32680700.0,NARE
2021-11-25,NARE,44958900.0,NARE
2021-11-26,NARE,47283500.0,NARE
2021-11-27,NARE,43930700.0,NARE
2021-11-28,NARE,29239700.0,NARE
2021-11-29,NARE,23480400.0,NARE
2021-11-30,NARE,27910800.0,NARE
2021-12-01,NARE,32202200.0,NARE
2021-12-02,NARE,23901800.0,NARE
2021-12-03,NARE,21943900.0,NARE
2021-12-04,NARE,27737300.0,NARE
2021-12-05,NARE,23494600.0,NARE
2021-12-06,NARE,19701100.0,NARE
2021-12-07,NARE,18125300.0,NARE
2021-12-08,NARE,16591800.0,NARE
2021-12-09,NARE,15869100.0,NARE
2021-12-10,NARE,15098200.0,NARE
2021-12-11,NARE,14005800.0,NARE
2021-12-12,NARE,15024200.0,NARE
2021-12-13,NARE,13990200.0,NARE
2021-12-14,NARE,14333900.0,NARE
2021-12-15,NARE,13010700.0,NARE
2021-12-16,NARE,12612700.0,NARE
2021-12-17,NARE,14264900.0,NARE
2021-12-18,NARE,16658800.0,NARE
2021-12-19,NARE,13056700.0,NARE
2021-12-20,NARE,12035000.0,NARE
2021-12-21,NARE,13181500.0,NARE
2021-12-22,NARE,13388200.0,NARE
2021-12-23,NARE,12120500.0,NARE
2021-12-24,NARE,11506000.0,NARE
2021-12-25,NARE,11886800.0,NARE
2021-12-26,NARE,12292400.0,NARE
2021-12-27,NARE,14237100.0,NARE
2021-12-28,NARE,14304400.0,NARE
2021-12-29,NARE,13420300.0,NARE
2021-12-30,NARE,14824300.0,NARE
2021-12-31,NARE,11831700.0,NARE
2022-01-01,NARE,11004400.0,NARE
2022-01-02,NARE,13150100.0,NARE
2022-01-03,NARE,13877300.0,NARE
2022-01-04,NARE,11924700.0,NARE
2022-01-05,NARE,12854800.0,NARE
2022-01-06,NARE,12989100.0,NARE
2022-01-07,NARE,20717100.0,NARE
2022-01-08,NARE,17135400.0,NARE
2022-01-09,NARE,12784500.0,NARE
2022-01-10,NARE,11344300.0,NARE
2022-01-11,NARE,11469800.0,NARE
2022-01-12,NARE,11847900.0,NARE
2022-01-13,NARE,17948400.0,NARE
2022-01-14,NARE,23442500.0,NARE
2022-01-15,NARE,14128600.0,NARE
2022-01-16,NARE,12639400.0,NARE
2022-01-17,NARE,12462800.0,NARE
2022-01-18,NARE,12859600.0,NARE
2022-01-19,NARE,11969700.0,NARE
2022-01-20,NARE,10707100.0,NARE
2022-01-21,NARE,10835300.0,NARE
2022-01-22,NARE,10003300.0,NARE
2022-01-23,NARE,10203800.0,NARE
2022-01-24,NARE,9524300.0,NARE
2022-01-25,NARE,9699900.0,NARE
2022-01-26,NARE,11549300.0,NARE
2022-01-27,NARE,10260000.0,NARE
2022-01-28,NARE,9199600.0,NARE
2022-01-29,NARE,8783000.0,NARE
2022-01-30,NARE,8638200.0,NARE
2022-01-31,NARE,8526900.0,NARE
2022-02-01,NARE,8077800.0,NARE
2022-02-02,NARE,7794000.0,NARE
2022-02-03,NARE,7676600.0,NARE
2022-02-04,NARE,8523900.0,NARE
2022-02-05,NARE,11837400.0,NARE
2022-02-06,NARE,10396300.0,NARE
2022-02-07,NARE,13549200.0,NARE
2022-02-08,NARE,12320400.0,NARE
2022-02-09,NARE,11283800.0,NARE
2022-02-10,NARE,11975800.0,NARE
2022-02-11,NARE,9663400.0,NARE
2022-02-12,NARE,8468100.0,NARE
2022-02-13,NARE,8326400.0,NARE
2022-02-14,NARE,8479600.0,NARE
2022-02-15,NARE,8732200.0,NARE
2022-02-16,NARE,9535800.0,NARE
2022-02-17,NARE,8678100.0,NARE
2022-02-18,NARE,8262800.0,NARE
2022-02-19,NARE,9766500.0,NARE
2022-02-20,NARE,13284700.0,NARE
2022-02-21,NARE,18089500.0,NARE
2022-02-22,NARE,15827800.0,NARE
2022-02-23,NARE,10618800.0,NARE
2022-02-24,NARE,10369200.0,NARE
2022-02-25,NARE,8788000.0,NARE
2022-02-26,NARE,9048500.0,NARE
2022-02-27,NARE,9151600.0,NARE
2022-02-28,NARE,12986700.0,NARE
2022-03-01,NARE,24324300.0,NARE
2022-03-02,NARE,28458000.0,NARE
2022-03-03,NARE,20307500.0,NARE
2022-03-04,NARE,14946400.0,NARE
2022-03-05,NARE,16750800.0,NARE
2022-03-06,NARE,24596900.0,NARE
2022-03-07,NARE,29479500.0,NARE
2022-03-08,NARE,24000600.0,NARE
2022-03-09,NARE,15854900.0,NARE
2022-03-10,NARE,20300400.0,NARE
2022-03-11,NARE,16918600.0,NARE
2022-03-12,NARE,23606600.0,NARE
2022-03-13,NARE,20649200.0,NARE
2022-03-14,NARE,13800500.0,NARE
2022-03-15,NARE,23373200.0,NARE
2022-03-16,NARE,14433600.0,NARE
2022-03-17,NARE,15293400.0,NARE
2022-03-18,NARE,14326400.0,NARE
2022-03-19,NARE,15740900.0,NARE
2022-03-20,NARE,17330500.0,NARE
2022-03-21,NARE,13170000.0,NARE
2022-03-22,NARE,19425500.0,NARE
2022-03-23,NARE,18447700.0,NARE
2022-03-24,NARE,13758200.0,NARE
2022-03-25,NARE,14360900.0,NARE
2022-03-26,NARE,15613000.0,NARE
2022-03-27,NARE,21457200.0,NARE
2022-03-28,NARE,18025200.0,NARE
2022-03-29,NARE,23369500.0,NARE
2022-03-30,NARE,24708500.0,NARE
2022-03-31,NARE,24891500.0,NARE
2022-04-01,NARE,35976000.0,NARE
2022-04-02,NARE,36024700.0,NARE
2022-04-03,NARE,21620500.0,NARE
2022-04-04,NARE,20604500.0,NARE
2022-04-05,NARE,29346900.0,NARE
2022-04-06,NARE,25949400.0,NARE
2022-04-07,NARE,39156700.0,NARE
2022-04-08,NARE,41224200.0,NARE
2022-04-09,NARE,31413400.0,NARE
2022-04-10,NARE,29757800.0,NARE
2022-04-11,NARE,21728100.0,NARE
2022-04-12,NARE,20358300.0,NARE
2022-04-13,NARE,18965800.0,NARE
2022-04-14,NARE,16442300.0,NARE
2022-04-15,NARE,15439500.0,NARE
2022-04-16,NARE,16704500.0,NARE
2022-04-17,NARE,20056600.0,NARE
2022-04-18,NARE,19962900.0,NARE
2022-04-19,NARE,27359800.0,NARE
2022-04-20,NARE,30712300.0,NARE
2022-04-21,NARE,33711600.0,NARE
2022-04-22,NARE,69606200.0,NARE
2022-04-23,NARE,70598200.0,NARE
2022-04-24,NARE,34859900.0,NARE
2022-04-25,NARE,32281000.0,NARE
2022-04-26,NARE,25632900.0,NARE
2022-04-27,NARE,28920700.0,NARE
2022-04-28,NARE,20625100.0,NARE
2022-04-29,NARE,28786400.0,NARE
2022-04-30,NARE,20361000.0,NARE
2022-05-01,NARE,19061900.0,NARE
2022-05-02,NARE,18850500.0,NARE
2022-05-03,NARE,16864400.0,NARE
2022-05-04,NARE,13825200.0,NARE
2022-05-05,NARE,18480100.0,NARE
2022-05-06,NARE,23030600.0,NARE
2022-05-07,NARE,39940300.0,NARE
2022-05-08,NARE,45325900.0,NARE
2022-05-09,NARE,27242500.0,NARE
2022-05-10,NARE,23213200.0,NARE
2022-05-11,NARE,25780300.0,NARE
2022-05-12,NARE,30779600.0,NARE
2022-05-13,NARE,24415900.0,NARE
2022-05-14,NARE,24600300.0,NARE
2022-05-15,NARE,26088100.0,NARE
2022-05-16,NARE,35788300.0,NARE
2022-05-17,NARE,24365500.0,NARE
2022-05-18,NARE,28904100.0,NARE
2022-05-19,NARE,26864300.0,NARE
2022-05-20,NARE,22918600.0,NARE
2022-05-21,NARE,20125900.0,NARE
2022-05-22,NARE,19044000.0,NARE
2022-05-23,NARE,20110700.0,NARE
2022-05-24,NARE,17934600.0,NARE
2022-05-25,NARE,18002900.0,NARE
2022-05-26,NARE,17609900.0,NARE
2022-05-27,NARE,16217100.0,NARE
2022-05-28,NARE,14820900.0,NARE
2022-05-29,NARE,15858200.0,NARE
2022-05-30,NARE,24355100.0,NARE
2022-05-31,NARE,23866300.0,NARE
2022-06-01,NARE,21202000.0,NARE
2022-06-02,NARE,33268200.0,NARE
2022-06-03,NARE,37506400.0,NARE
2022-06-04,NARE,19433300.0,NARE
2022-06-05,NARE,27906000.0,NARE
2022-06-06,NARE,25171300.0,NARE
2022-06-07,NARE,32440700.0,NARE
2022-06-08,NARE,26920200.0,NARE
2022-06-09,NARE,24821000.0,NARE
2022-06-10,NARE,27442100.0,NARE
2022-06-11,NARE,25811200.0,NARE
2022-06-12,NARE,29617200.0,NARE
2022-06-13,NARE,25198500.0,NARE
2022-06-14,NARE,29371400.0,NARE
2022-06-15,NARE,30713900.0,NARE
2022-06-16,NARE,27894800.0,NARE
2022-06-17,NARE,28522100.0,NARE
2022-06-18,NARE,24784600.0,NARE
2022-06-19,NARE,33187500.0,NARE
2022-06-20,NARE,29410500.0,NARE
2022-06-21,NARE,26758600.0,NARE
2022-06-22,NARE,26613500.0,NARE
2022-06-23,NARE,26616600.0,NARE
2022-06-24,NARE,20158700.0,NARE
2022-06-25,NARE,20537900.0,NARE
2022-06-26,NARE,48866000.0,NARE
2022-06-27,NARE,43686600.0,NARE
2022-06-28,NARE,46140100.0,NARE
2022-06-29,NARE,58950100.0,NARE
2022-06-30,NARE,49143100.0,NARE
2022-07-01,NARE,42705900.0,NARE
2022-07-02,NARE,42792700.0,NARE
2022-07-03,NARE,30831900.0,NARE
2022-07-04,NARE,27890800.0,NARE
2022-07-05,NARE,24829900.0,NARE
2022-07-06,NARE,23285800.0,NARE
2022-07-07,NARE,19660500.0,NARE
2022-07-08,NARE,19137100.0,NARE
2022-07-09,NARE,18499600.0,NARE
2022-07-10,NARE,19410900.0,NARE
2022-07-11,NARE,30226100.0,NARE
2022-07-12,NARE,22452100.0,NARE
2022-07-13,NARE,23280000.0,NARE
2022-07-14,NARE,19711300.0,NARE
2022-07-15,NARE,17626000.0,NARE
2022-07-16,NARE,17967300.0,NARE
2022-07-17,NARE,17950200.0,NARE
2022-07-18,NARE,15992000.0,NARE
2022-07-19,NARE,14196600.0,NARE
2022-07-20,NARE,12919100.0,NARE
2022-07-21,NARE,13200800.0,NARE
2022-07-22,NARE,15332400.0,NARE
2022-07-23,NARE,17032100.0,NARE
2022-07-24,NARE,24637500.0,NARE
2022-07-25,NARE,31738500.0,NARE
2022-07-26,NARE,38131800.0,NARE
2022-07-27,NARE,30096300.0,NARE
2022-07-28,NARE,56568400.0,NARE
2022-07-29,NARE,71603400.0,NARE
2022-07-30,NARE,36393600.0,NARE
2022-07-31,NARE,26333800.0,NARE
2022-08-01,NARE,40344800.0,NARE
2022-08-02,NARE,46411500.0,NARE
2022-08-03,NARE,41123000.0,NARE
2022-08-04,NARE,31559000.0,NARE
2022-08-05,NARE,38231600.0,NARE
2022-08-06,NARE,49207500.0,NARE
2022-08-07,NARE,40304600.0,NARE
2022-08-08,NARE,27050700.0,NARE
2022-08-09,NARE,25657100.0,NARE
2022-08-10,NARE,21328600.0,NARE
2022-08-11,NARE,19639800.0,NARE
2022-08-12,NARE,19081900.0,NARE
2022-08-13,NARE,19634300.0,NARE
2022-08-14,NARE,19730700.0,NARE
2022-08-15,NARE,39140900.0,NARE
2022-08-16,NARE,29940000.0,NARE
2022-08-17,NARE,20205800.0,NARE
2022-08-18,NARE,19664300.0,NARE
2022-08-19,NARE,18369800.0,NARE
2022-08-20,NARE,35398800.0,NARE
2022-08-21,NARE,20363800.0,NARE
2022-08-22,NARE,35416500.0,NARE
2022-08-23,NARE,26392400.0,NARE
2022-08-24,NARE,18905800.0,NARE
2022-08-25,NARE,17056300.0,NARE
2022-08-26,NARE,14587200.0,NARE
2022-08-27,NARE,15498500.0,NARE
2022-08-28,NARE,23362100.0,NARE
2022-08-29,NARE,30801300.0,NARE
2022-08-30,NARE,14988700.0,NARE
2022-08-31,NARE,21354100.0,NARE
2022-09-01,NARE,18841800.0,NARE
2022-09-02,NARE,19875100.0,NARE
2022-09-03,NARE,23420300.0,NARE
2022-09-04,NARE,21500900.0,NARE
2022-09-05,NARE,17927800.0,NARE
2022-09-06,NARE,18625600.0,NARE
2022-09-07,NARE,16245100.0,NARE
2022-09-08,NARE,18626600.0,NARE
2022-09-09,NARE,27795500.0,NARE
2022-09-10,NARE,20625700.0,NARE
2022-09-11,NARE,17598400.0,NARE
2022-09-12,NARE,23745500.0,NARE
2022-09-13,NARE,24689900.0,NARE
2022-09-14,NARE,35214600.0,NARE
2022-09-15,NARE,24254300.0,NARE
2022-09-16,NARE,45891800.0,NARE
2022-09-17,NARE,36789300.0,NARE
2022-09-18,NARE,35490400.0,NARE
2022-09-19,NARE,37863800.0,NARE
2022-09-20,NARE,26860300.0,NARE
2022-09-21,NARE,33435500.0,NARE
2022-09-22,NARE,30745400.0,NARE
2022-09-23,NARE,32686900.0,NARE
2022-09-24,NARE,36503300.0,NARE
2022-09-25,NARE,36187200.0,NARE
2022-09-26,NARE,27742400.0,NARE
2022-09-27,NARE,24035000.0,NARE
2022-09-28,NARE,28549100.0,NARE
2022-09-29,NARE,31773200.0,NARE
2022-09-30,NARE,25996600.0,NARE
2022-10-01,NARE,24600400.0,NARE
2022-10-02,NARE,19372800.0,NARE
2022-10-03,NARE,18349700.0,NARE
2022-10-04,NARE,18764500.0,NARE
2022-10-05,NARE,28512700.0,NARE
2022-10-06,NARE,25506900.0,NARE
2022-10-07,NARE,28055000.0,NARE
2022-10-08,NARE,47519400.0,NARE
2022-10-09,NARE,34858400.0,NARE
2022-10-10,NARE,23671000.0,NARE
2022-10-11,NARE,20934200.0,NARE
2022-10-12,NARE,19067600.0,NARE
2022-10-13,NARE,19687800.0,NARE
2022-10-14,NARE,25071300.0,NARE
2022-10-15,NARE,18729100.0,NARE
2022-10-16,NARE,18929300.0,NARE
2022-10-17,NARE,19250500.0,NARE
2022-10-18,NARE,22504200.0,NARE
2022-10-19,NARE,30976000.0,NARE
2022-10-20,NARE,40204500.0,NARE
2022-10-21,NARE,25260700.0,NARE
2022-10-22,NARE,22736100.0,NARE
2022-10-23,NARE,46998600.0,NARE
2022-10-24,NARE,41457000.0,NARE
2022-10-25,NARE,36325500.0,NARE
2022-10-26,NARE,26299400.0,NARE
2022-10-27,NARE,34619600.0,NARE
2022-10-28,NARE,70202000.0,NARE
2022-10-29,NARE,87896200.0,NARE
2022-10-30,NARE,54044100.0,NARE
2022-10-31,NARE,35118500.0,NARE
2022-11-01,NARE,29450900.0,NARE
2022-11-02,NARE,24689900.0,NARE
2022-11-03,NARE,28159500.0,NARE
2022-11-04,NARE,28095200.0,NARE
2022-11-05,NARE,27785300.0,NARE
2022-11-06,NARE,29993100.0,NARE
2022-11-07,NARE,33697400.0,NARE
2022-11-08,NARE,34279700.0,NARE
2022-11-09,NARE,58540200.0,NARE
2022-11-10,NARE,88006500.0,NARE
2022-11-11,NARE,52440800.0,NARE
2022-11-12,NARE,44218000.0,NARE
2022-11-13,NARE,56301400.0,NARE
2022-11-14,NARE,45198400.0,NARE
2022-11-15,NARE,43949600.0,NARE
2022-11-16,NARE,38069200.0,NARE
2022-11-17,NARE,30166500.0,NARE
2022-11-18,NARE,29415500.0,NARE
2022-11-19,NARE,32999900.0,NARE
2022-11-20,NARE,29487000.0,NARE
2022-11-21,NARE,29607300.0,NARE
2022-11-22,NARE,29441800.0,NARE
2022-11-23,NARE,41156700.0,NARE
2022-11-24,NARE,45762800.0,NARE
2022-11-25,NARE,32695500.0,NARE
2022-11-26,NARE,28824000.0,NARE
2022-11-27,NARE,26644100.0,NARE
2022-11-28,NARE,50513600.0,NARE
2022-11-29,NARE,40428200.0,NARE
2022-11-30,NARE,33601000.0,NARE
2022-12-01,NARE,25900300.0,NARE
2022-12-02,NARE,22618300.0,NARE
2022-12-03,NARE,20107300.0,NARE
2022-12-04,NARE,19620300.0,NARE
2022-12-05,NARE,23936900.0,NARE
2022-12-06,NARE,25119700.0,NARE
2022-12-07,NARE,18071500.0,NARE
2022-12-08,NARE,18923900.0,NARE
2022-12-09,NARE,21268300.0,NARE
2022-12-10,NARE,20428200.0,NARE
2022-12-11,NARE,18070100.0,NARE
2022-12-12,NARE,18229800.0,NARE
2022-12-13,NARE,19200800.0,NARE
2022-12-14,NARE,17168000.0,NARE
2022-12-15,NARE,16082600.0,NARE
2022-12-16,NARE,14709500.0,NARE
2022-12-17,NARE,13762400.0,NARE
2022-12-18,NARE,13754500.0,NARE
2022-12-19,NARE,14970300.0,NARE
2022-12-20,NARE,13662900.0,NARE
2022-12-21,NARE,13107800.0,NARE
2022-12-22,NARE,12683800.0,NARE
2022-12-23,NARE,12409300.0,NARE
2022-12-24,NARE,19202500.0,NARE
2022-12-25,NARE,12131800.0,NARE
2022-12-26,NARE,12170300.0,NARE
2022-12-27,NARE,16166700.0,NARE
2022-12-28,NARE,13010100.0,NARE
2022-12-29,NARE,12613700.0,NARE
2022-12-30,NARE,11708800.0,NARE
2022-12-31,NARE,12135900.0,NARE
2023-01-01,NARE,11776600.0,NARE
2023-01-02,NARE,12531600.0,NARE
2023-01-03,NARE,12154600.0,NARE
2023-01-04,NARE,21040100.0,NARE
2023-01-05,NARE,12077300.0,NARE
2023-01-06,NARE,14723800.0,NARE
2023-01-07,NARE,16035600.0,NARE
2023-01-08,NARE,18186600.0,NARE
2023-01-09,NARE,17335900.0,NARE
2023-01-10,NARE,24235600.0,NARE
2023-01-11,NARE,15911000.0,NARE
2023-01-12,NARE,15211500.0,NARE
2023-01-13,NARE,14196200.0,NARE
2023-01-14,NARE,13046200.0,NARE
2023-01-15,NARE,14293000.0,NARE
2023-01-16,NARE,12773700.0,NARE
2023-01-17,NARE,12002700.0,NARE
2023-01-18,NARE,13037300.0,NARE
2023-01-19,NARE,12985200.0,NARE
2023-01-20,NARE,11741100.0,NARE
2023-01-21,NARE,10957900.0,NARE
2023-01-22,NARE,10473200.0,NARE
2023-01-23,NARE,10324400.0,NARE
2023-01-24,NARE,10276100.0,NARE
2023-01-25,NARE,10094900.0,NARE
2023-01-26,NARE,9824100.0,NARE
2023-01-27,NARE,9791100.0,NARE
2023-01-28,NARE,9587800.0,NARE
2023-01-29,NARE,9457000.0,NARE
2023-01-30,NARE,9464200.0,NARE
2023-01-31,NARE,9237700.0,NARE
2023-02-01,NARE,9088900.0,NARE
2023-02-02,NARE,9019700.0,NARE
2023-02-03,NARE,8923700.0,NARE
2023-02-04,NARE,8872600.0,NARE
2023-02-05,NARE,8946200.0,NARE
2023-02-06,NARE,8734300.0,NARE
2023-02-07,NARE,8831100.0,NARE
2023-02-08,NARE,8535100.0,NARE
2023-02-09,NARE,8698900.0,NARE
2023-02-10,NARE,8649200.0,NARE
2023-02-11,NARE,8711900.0,NARE
2023-02-12,NARE,8992500.0,NARE
2023-02-13,NARE,9955900.0,NARE
2023-02-14,NARE,9047000.0,NARE
2023-02-15,NARE,11870600.0,NARE
2023-02-16,NARE,9974000.0,NARE
2023-02-17,NARE,9755300.0,NARE
2023-02-18,NARE,8792900.0,NARE
2023-02-19,NARE,8453000.0,NARE
2023-02-20,NARE,9513900.0,NARE
2023-02-21,NARE,8622000.0,NARE
2023-02-22,NARE,8821500.0,NARE
2023-02-23,NARE,8457500.0,NARE
2023-02-24,NARE,8017100.0,NARE
2023-02-25,NARE,7825700.0,NARE
2023-02-26,NARE,7743700.0,NARE
2023-02-27,NARE,7847200.0,NARE
2023-02-28,NARE,8104000.0,NARE
2023-03-01,NARE,8683600.0,NARE
2023-03-02,NARE,7828100.0,NARE
2023-03-03,NARE,12006100.0,NARE
2023-03-04,NARE,9219300.0,NARE
2023-03-05,NARE,10332900.0,NARE
2023-03-06,NARE,21165100.0,NARE
2023-03-07,NARE,12974300.0,NARE
2023-03-08,NARE,19985100.0,NARE
2023-03-09,NARE,21117100.0,NARE
2023-03-10,NARE,12628600.0,NARE
2023-03-11,NARE,16394900.0,NARE
2023-03-12,NARE,18512800.0,NARE
2023-03-13,NARE,37471500.0,NARE
2023-03-14,NARE,25473500.0,NARE
2023-03-15,NARE,25149700.0,NARE
2023-03-16,NARE,19285200.0,NARE
2023-03-17,NARE,25930900.0,NARE
2023-03-18,NARE,26851500.0,NARE
2023-03-19,NARE,21086800.0,NARE
2023-03-20,NARE,16053300.0,NARE
2023-03-21,NARE,13749800.0,NARE
2023-03-22,NARE,11578000.0,NARE
2023-03-23,NARE,11884900.0,NARE
2023-03-24,NARE,12244800.0,NARE
2023-03-25,NARE,16878500.0,NARE
2023-03-26,NARE,12393300.0,NARE
2023-03-27,NARE,12628600.0,NARE
2023-03-28,NARE,14207800.0,NARE
2023-03-29,NARE,13531100.0,NARE
2023-03-30,NARE,13732700.0,NARE
2023-03-31,NARE,12081400.0,NARE
2023-04-01,NARE,11587600.0,NARE
2023-04-02,NARE,14676800.0,NARE
2023-04-03,NARE,11237100.0,NARE
2023-04-04,NARE,10575400.0,NARE
2023-04-05,NARE,10461300.0,NARE
2023-04-06,NARE,10334300.0,NARE
2023-04-07,NARE,12249900.0,NARE
2023-04-08,NARE,17413200.0,NARE
2023-04-09,NARE,10929600.0,NARE
2023-04-10,NARE,10093900.0,NARE
2023-04-11,NARE,11014700.0,NARE
2023-04-12,NARE,10531100.0,NARE
2023-04-13,NARE,9566700.0,NARE
2023-04-14,NARE,9303100.0,NARE
2023-04-15,NARE,9295200.0,NARE
2023-04-16,NARE,14016100.0,NARE
2023-04-17,NARE,15719900.0,NARE
2023-04-18,NARE,25298800.0,NARE
2023-04-19,NARE,18310200.0,NARE
2023-04-20,NARE,19203800.0,NARE
2023-04-21,NARE,20176100.0,NARE
2023-04-22,NARE,21084400.0,NARE
2023-04-23,NARE,16836600.0,NARE
2023-04-24,NARE,20902200.0,NARE
2023-04-25,NARE,17723100.0,NARE
2023-04-26,NARE,17033800.0,NARE
2023-04-27,NARE,15538100.0,NARE
2023-04-28,NARE,21319400.0,NARE
2023-04-29,NARE,19137100.0,NARE
2023-04-30,NARE,19010700.0,NARE
2023-05-01,NARE,16286200.0,NARE
2023-05-02,NARE,12777700.0,NARE
2023-05-03,NARE,11922600.0,NARE
2023-05-04,NARE,11447900.0,NARE
2023-05-05,NARE,10884800.0,NARE
2023-05-06,NARE,10540900.0,NARE
2023-05-07,NARE,10304200.0,NARE
2023-05-08,NARE,10612900.0,NARE
2023-05-09,NARE,10240000.0,NARE
2023-05-10,NARE,10519700.0,NARE
2023-05-11,NARE,11273700.0,NARE
2023-05-12,NARE,10570900.0,NARE
2023-05-13,NARE,11903100.0,NARE
2023-05-14,NARE,10562400.0,NARE
2023-05-15,NARE,10356500.0,NARE
2023-05-16,NARE,9768100.0,NARE
2023-05-17,NARE,26794600.0,NARE
2023-05-18,NARE,15498000.0,NARE
2023-05-19,NARE,11085600.0,NARE
2023-05-20,NARE,13801100.0,NARE
2023-05-21,NARE,15856900.0,NARE
2023-05-22,NARE,16540900.0,NARE
2023-05-23,NARE,33005700.0,NARE
2023-05-24,NARE,39110200.0,NARE
2023-05-25,NARE,32250000.0,NARE
2023-05-26,NARE,43036400.0,NARE
2023-05-27,NARE,29996500.0,NARE
2023-05-28,NARE,51990700.0,NARE
2023-05-29,NARE,44744200.0,NARE
2023-05-30,NARE,45144400.0,NARE
2023-05-31,NARE,41869200.0,NARE
2023-06-01,NARE,34009700.0,NARE
2023-06-02,NARE,27869300.0,NARE
2023-06-03,NARE,23096900.0,NARE
2023-06-04,NARE,20300800.0,NARE
2023-06-05,NARE,18438300.0,NARE
2023-06-06,NARE,25214900.0,NARE
2023-06-07,NARE,19097300.0,NARE
2023-06-08,NARE,17589700.0,NARE
2023-06-09,NARE,34552000.0,NARE
2023-06-10,NARE,17073300.0,NARE
2023-06-11,NARE,23216400.0,NARE
2023-06-12,NARE,16661500.0,NARE
2023-06-13,NARE,13548100.0,NARE
2023-06-14,NARE,12673200.0,NARE
2023-06-15,NARE,12324200.0,NARE
2023-06-16,NARE,11889800.0,NARE
2023-06-17,NARE,11898300.0,NARE
2023-06-18,NARE,11754600.0,NARE
2023-06-19,NARE,11406600.0,NARE
2023-06-20,NARE,11254900.0,NARE
2023-06-21,NARE,10902200.0,NARE
2023-06-22,NARE,10846500.0,NARE
2023-06-23,NARE,15343600.0,NARE
2023-06-24,NARE,13069000.0,NARE
2023-06-25,NARE,22867100.0,NARE
2023-06-26,NARE,26958200.0,NARE
2023-06-27,NARE,16553200.0,NARE
2023-06-28,NARE,16593900.0,NARE
2023-06-29,NARE,14160000.0,NARE
2023-06-30,NARE,13109300.0,NARE
2023-07-01,NARE,12142100.0,NARE
2023-07-02,NARE,12231000.0,NARE
2023-07-03,NARE,13133500.0,NARE
2023-07-04,NARE,18239700.0,NARE
2023-07-05,NARE,14641300.0,NARE
2023-07-06,NARE,15332700.0,NARE
2023-07-07,NARE,25468300.0,NARE
2023-07-08,NARE,32436600.0,NARE
2023-07-09,NARE,24243600.0,NARE
2023-07-10,NARE,21464000.0,NARE
2023-07-11,NARE,14446900.0,NARE
2023-07-12,NARE,13189800.0,NARE
2023-07-13,NARE,12782600.0,NARE
2023-07-14,NARE,13382500.0,NARE
2023-07-15,NARE,12232700.0,NARE
2023-07-16,NARE,11475000.0,NARE
2023-07-17,NARE,30300500.0,NARE
2023-07-18,NARE,16152500.0,NARE
2023-07-19,NARE,13295400.0,NARE
2023-07-20,NARE,12691100.0,NARE
2023-07-21,NARE,11097500.0,NARE
2023-07-22,NARE,11096200.0,NARE
2023-07-23,NARE,10544500.0,NARE
2023-07-24,NARE,10230200.0,NARE
2023-07-25,NARE,10088100.0,NARE
2023-07-26,NARE,11259800.0,NARE
2023-07-27,NARE,10749800.0,NARE
2023-07-28,NARE,13658200.0,NARE
2023-07-29,NARE,12235100.0,NARE
2023-07-30,NARE,10188900.0,NARE
2023-07-31,NARE,9687100.0,NARE
2023-08-01,NARE,9238900.0,NARE
2023-08-02,NARE,8971100.0,NARE
2023-08-03,NARE,8676600.0,NARE
2023-08-04,NARE,8479200.0,NARE
2023-08-05,NARE,8346600.0,NARE
2023-08-06,NARE,8279300.0,NARE
2023-08-07,NARE,8287900.0,NARE
2023-08-08,NARE,8074700.0,NARE
2023-08-09,NARE,8042300.0,NARE
2023-08-10,NARE,7611200.0,NARE
2023-08-11,NARE,10470400.0,NARE
2023-08-12,NARE,9152500.0,NARE
2023-08-13,NARE,10778100.0,NARE
2023-08-14,NARE,9004600.0,NARE
2023-08-15,NARE,10657600.0,NARE
2023-08-16,NARE,9349900.0,NARE
2023-08-17,NARE,8693000.0,NARE
2023-08-18,NARE,12046500.0,NARE
2023-08-19,NARE,10618300.0,NARE
2023-08-20,NARE,10625800.0,NARE
2023-08-21,NARE,13436100.0,NARE
2023-08-22,NARE,22141100.0,NARE
2023-08-23,NARE,22152400.0,NARE
2023-08-24,NARE,14094400.0,NARE
2023-08-25,NARE,12580800.0,NARE
2023-08-26,NARE,10589900.0,NARE
2023-08-27,NARE,10013600.0,NARE
2023-08-28,NARE,9717100.0,NARE
2023-08-29,NARE,11124200.0,NARE
2023-08-30,NARE,9876700.0,NARE
2023-08-31,NARE,8901100.0,NARE
2023-09-01,NARE,3348000.0,NARE CP
2023-09-02,NARE,3568300.0,NARE CP
2023-09-03,NARE,3608700.0,NARE CP
2023-09-04,NARE,6099900.0,NARE CP
2023-09-05,NARE,3843700.0,NARE CP
2023-09-06,NARE,3330300.0,NARE CP
2023-09-07,NARE,3103100.0,NARE CP
2023-09-08,NARE,2976700.0,NARE CP
2023-09-09,NARE,2993400.0,NARE CP
2023-09-10,NARE,3657200.0,NARE CP
2023-09-11,NARE,7124400.0,NARE CP
2023-09-12,NARE,4191400.0,NARE CP
2023-09-13,NARE,4069800.0,NARE CP
2023-09-14,NARE,4614000.0,NARE CP
2023-09-15,NARE,3718000.0,NARE CP
2023-09-16,NARE,3360300.0,NARE CP
2023-09-17,NARE,4023400.0,NARE CP
2023-09-18,NARE,3523300.0,NARE CP
2023-09-19,NARE,3205600.0,NARE CP
2023-09-20,NARE,3070000.0,NARE CP
2023-09-21,NARE,2934700.0,NARE CP
2023-09-22,NARE,3148900.0,NARE CP
2023-09-23,NARE,3959500.0,NARE CP
2023-09-24,NARE,3086700.0,NARE CP
2023-09-25,NARE,3082600.0,NARE CP
2023-09-26,NARE,3168000.0,NARE CP
2023-09-27,NARE,2957900.0,NARE CP
2023-09-28,NARE,2820900.0,NARE CP
2023-09-29,NARE,3057700.0,NARE CP
2023-09-30,NARE,3085000.0,NARE CP
2023-10-01,NARE,4386500.0,NARE CP
2023-10-02,NARE,3590200.0,NARE CP
2023-10-03,NARE,3592300.0,NARE CP
2023-10-04,NARE,4754000.0,NARE CP
2023-10-05,NARE,6091700.0,NARE CP
2023-10-06,NARE,4929300.0,NARE CP
2023-10-07,NARE,5893300.0,NARE CP
2023-10-08,NARE,11279300.0,NARE CP
2023-10-09,NARE,5398300.0,NARE CP
2023-10-10,NARE,4205100.0,NARE CP
2023-10-11,NARE,3843700.0,NARE CP
2023-10-12,NARE,3584700.0,NARE CP
2023-10-13,NARE,4137800.0,NARE CP
2023-10-14,NARE,4342100.0,NARE CP
2023-10-15,NARE,3725100.0,NARE CP
2023-10-16,NARE,3630200.0,NARE CP
2023-10-17,NARE,3376000.0,NARE CP
2023-10-18,NARE,3255100.0,NARE CP
2023-10-19,NARE,3435500.0,NARE CP
2023-10-20,NARE,3175200.0,NARE CP
2023-10-21,NARE,3507200.0,NARE CP
2023-10-22,NARE,3789700.0,NARE CP
2023-10-23,NARE,4003900.0,NARE CP
2023-10-24,NARE,6597000.0,NARE CP
2023-10-25,NARE,4757500.0,NARE CP
2023-10-26,NARE,5381200.0,NARE CP
2023-10-27,NARE,5777100.0,NARE CP
2023-10-28,NARE,4102600.0,NARE CP
2023-10-29,NARE,4794000.0,NARE CP
2023-10-30,NARE,9351300.0,NARE CP
2023-10-31,NARE,9092700.0,NARE CP
2023-11-01,NARE,14538800.0,NARE CP
2023-11-02,NARE,13515000.0,NARE CP
2023-11-03,NARE,9916300.0,NARE CP
2023-11-04,NARE,7938400.0,NARE CP
2023-11-05,NARE,6887300.0,NARE CP
2023-11-06,NARE,6393700.0,NARE CP
2023-11-07,NARE,6308000.0,NARE CP
2023-11-08,NARE,5368200.0,NARE CP
2023-11-09,NARE,4861000.0,NARE CP
2023-11-10,NARE,4531700.0,NARE CP
2023-11-11,NARE,4367700.0,NARE CP
2023-11-12,NARE,4406300.0,NARE CP
2023-11-13,NARE,4096800.0,NARE CP
2023-11-14,NARE,3928700.0,NARE CP
2023-11-15,NARE,4918300.0,NARE CP
2023-11-16,NARE,5820900.0,NARE CP
2023-11-17,NARE,4961000.0,NARE CP
2023-11-18,NARE,9404600.0,NARE CP
2023-11-19,NARE,8132100.0,NARE CP
2023-11-20,NARE,8295100.0,NARE CP
2023-11-21,NARE,6096200.0,NARE CP
2023-11-22,NARE,5108600.0,NARE CP
2023-11-23,NARE,4560000.0,NARE CP
2023-11-24,NARE,4448600.0,NARE CP
2023-11-25,NARE,4994500.0,NARE CP
2023-11-26,NARE,4445900.0,NARE CP
2023-11-27,NARE,4172600.0,NARE CP
2023-11-28,NARE,3795900.0,NARE CP
2023-11-29,NARE,3663700.0,NARE CP
2023-11-30,NARE,3638000.0,NARE CP
2023-12-01,NARE,3645900.0,NARE CP
2023-12-02,NARE,3531500.0,NARE CP
2023-12-03,NARE,3610400.0,NARE CP
2023-12-04,NARE,3479200.0,NARE CP
2023-12-05,NARE,3412200.0,NARE CP
2023-12-06,NARE,3292000.0,NARE CP
2023-12-07,NARE,3343900.0,NARE CP
2023-12-08,NARE,3476800.0,NARE CP
2023-12-09,NARE,3241400.0,NARE CP
2023-12-10,NARE,3158400.0,NARE CP
2023-12-11,NARE,3130800.0,NARE CP
2023-12-12,NARE,3972800.0,NARE CP
2023-12-13,NARE,3002000.0,NARE CP
2023-12-14,NARE,2976000.0,NARE CP
2023-12-15,NARE,3504500.0,NARE CP
2023-12-16,NARE,3794500.0,NARE CP
2023-12-17,NARE,6233200.0,NARE CP
2023-12-18,NARE,3852900.0,NARE CP
2023-12-19,NARE,3939700.0,NARE CP
2023-12-20,NARE,3199800.0,NARE CP
2023-12-21,NARE,3016700.0,NARE CP
2023-12-22,NARE,3060700.0,NARE CP
2023-12-23,NARE,2943900.0,NARE CP
2023-12-24,NARE,2927500.0,NARE CP
2023-12-25,NARE,2923400.0,NARE CP
2023-12-26,NARE,3729600.0,NARE CP
2023-12-27,NARE,3035100.0,NARE CP
2023-12-28,NARE,3088700.0,NARE CP
2023-12-29,NARE,4737300.0,NARE CP
2023-12-30,NARE,3630900.0,NARE CP
2023-12-31,NARE,3147500.0,NARE CP
2024-01-01,NARE,3277000.0,NARE CP
2024-01-02,NARE,2975000.0,NARE CP
2024-01-03,NARE,3048400.0,NARE CP
2024-01-04,NARE,2862600.0,NARE CP
2024-01-05,NARE,2744400.0,NARE CP
2024-01-06,NARE,2757000.0,NARE CP
2024-01-07,NARE,2646400.0,NARE CP
2024-01-08,NARE,2707200.0,NARE CP
2024-01-09,NARE,2699700.0,NARE CP
2024-01-10,NARE,3023800.0,NARE CP
2024-01-11,NARE,2741700.0,NARE CP
2024-01-12,NARE,2742400.0,NARE CP
2024-01-13,NARE,2626200.0,NARE CP
2024-01-14,NARE,2563000.0,NARE CP
2024-01-15,NARE,2609500.0,NARE CP
2024-01-16,NARE,2541500.0,NARE CP
2024-01-17,NARE,2465000.0,NARE CP
2024-01-18,NARE,2487900.0,NARE CP
2024-01-19,NARE,2390900.0,NARE CP
2024-01-20,NARE,2509000.0,NARE CP
2024-01-21,NARE,2375500.0,NARE CP
2024-01-22,NARE,2473900.0,NARE CP
2024-01-23,NARE,2357400.0,NARE CP
2024-01-24,NARE,2358400.0,NARE CP
2024-01-25,NARE,2275700.0,NARE CP
2024-01-26,NARE,2269900.0,NARE CP
2024-01-27,NARE,2287300.0,NARE CP
2024-01-28,NARE,2225200.0,NARE CP
2024-01-29,NARE,2225500.0,NARE CP
2024-01-30,NARE,2506000.0,NARE CP
2024-01-31,NARE,2485100.0,NARE CP
2024-02-01,NARE,2551400.0,NARE CP
2024-02-02,NARE,2386400.0,NARE CP
2024-02-03,NARE,6516700.0,NARE CP
2024-02-04,NARE,4933400.0,NARE CP
2024-02-05,NARE,3390000.0,NARE CP
2024-02-06,NARE,3204200.0,NARE CP
2024-02-07,NARE,3053600.0,NARE CP
2024-02-08,NARE,3058300.0,NARE CP
2024-02-09,NARE,2928900.0,NARE CP
2024-02-10,NARE,2697300.0,NARE CP
2024-02-11,NARE,2741300.0,NARE CP
2024-02-12,NARE,2613600.0,NARE CP
2024-02-13,NARE,2459900.0,NARE CP
2024-02-14,NARE,2871500.0,NARE CP
2024-02-15,NARE,2698300.0,NARE CP
2024-02-16,NARE,2419900.0,NARE CP
2024-02-17,NARE,2304400.0,NARE CP
2024-02-18,NARE,2309600.0,NARE CP
2024-02-19,NARE,2201600.0,NARE CP
2024-02-20,NARE,2275700.0,NARE CP
2024-02-21,NARE,2256600.0,NARE CP
2024-02-22,NARE,2524100.0,NARE CP
2024-02-23,NARE,2521300.0,NARE CP
2024-02-24,NARE,2271600.0,NARE CP
2024-02-25,NARE,2263100.0,NARE CP
2024-02-26,NARE,2278100.0,NARE CP
2024-02-27,NARE,2356400.0,NARE CP
2024-02-28,NARE,2186200.0,NARE CP
2024-02-29,NARE,2162000.0,NARE CP
2024-03-01,NARE,2051000.0,NARE CP
2024-03-02,NARE,2112400.0,NARE CP
2024-03-03,NARE,2205400.0,NARE CP
2024-03-04,NARE,2535300.0,NARE CP
2024-03-05,NARE,2154500.0,NARE CP
2024-03-06,NARE,2084400.0,NARE CP
2024-03-07,NARE,2061200.0,NARE CP
2024-03-08,NARE,2127500.0,NARE CP
2024-03-09,NARE,2830100.0,NARE CP
2024-03-10,NARE,2289700.0,NARE CP
2024-03-11,NARE,2632400.0,NARE CP
2024-03-12,NARE,2502600.0,NARE CP
2024-03-13,NARE,2277400.0,NARE CP
2024-03-14,NARE,2202300.0,NARE CP
2024-03-15,NARE,2194400.0,NARE CP
2024-03-16,NARE,2078300.0,NARE CP
2024-03-17,NARE,2096100.0,NARE CP
2024-03-18,NARE,2431500.0,NARE CP
2024-03-19,NARE,2403200.0,NARE CP
2024-03-20,NARE,2145200.0,NARE CP
2024-03-21,NARE,2114500.0,NARE CP
2024-03-22,NARE,2045200.0,NARE CP
2024-03-23,NARE,2019200.0,NARE CP
2024-03-24,NARE,2031800.0,NARE CP
2024-03-25,NARE,1928700.0,NARE CP
2024-03-26,NARE,2052700.0,NARE CP
2024-03-27,NARE,2013000.0,NARE CP
2024-03-28,NARE,2215300.0,NARE CP
2024-03-29,NARE,2001100.0,NARE CP
2024-03-30,NARE,1952900.0,NARE CP
2024-03-31,NARE,2294900.0,NARE CP
2024-04-01,NARE,2578400.0,NARE CP
2024-04-02,NARE,3463500.0,NARE CP
2024-04-03,NARE,2750200.0,NARE CP
2024-04-04,NARE,3618900.0,NARE CP
2024-04-05,NARE,4245400.0,NARE CP
2024-04-06,NARE,3362400.0,NARE CP
2024-04-07,NARE,2631000.0,NARE CP
2024-04-08,NARE,2331100.0,NARE CP
2024-04-09,NARE,2300700.0,NARE CP
2024-04-10,NARE,2165700.0,NARE CP
2024-04-11,NARE,2181500.0,NARE CP
2024-04-12,NARE,2083100.0,NARE CP
2024-04-13,NARE,2241200.0,NARE CP
2024-04-14,NARE,1949500.0,NARE CP
2024-04-15,NARE,2034200.0,NARE CP
2024-04-16,NARE,2023600.0,NARE CP
2024-04-17,NARE,2162000.0,NARE CP
2024-04-18,NARE,2070400.0,NARE CP
2024-04-19,NARE,2176000.0,NARE CP
2024-04-20,NARE,2333800.0,NARE CP
2024-04-21,NARE,3591600.0,NARE CP
2024-04-22,NARE,5099400.0,NARE CP
2024-04-23,NARE,5031100.0,NARE CP
2024-04-24,NARE,3427600.0,NARE CP
2024-04-25,NARE,3463500.0,NARE CP
2024-04-26,NARE,3378400.0,NARE CP
2024-04-27,NARE,5322500.0,NARE CP
2024-04-28,NARE,5186200.0,NARE CP
2024-04-29,NARE,4973700.0,NARE CP
2024-04-30,NARE,3477100.0,NARE CP
2024-05-01,NARE,3653400.0,NARE CP
2024-05-02,NARE,4375900.0,NARE CP
2024-05-03,NARE,5130800.0,NARE CP
2024-05-04,NARE,10123000.0,NARE CP
2024-05-05,NARE,8240400.0,NARE CP
2024-05-06,NARE,4759200.0,NARE CP
2024-05-07,NARE,3856700.0,NARE CP
2024-05-08,NARE,8013900.0,NARE CP
2024-05-09,NARE,12736900.0,NARE CP
2024-05-10,NARE,12211800.0,NARE CP
2024-05-11,NARE,8064500.0,NARE CP
2024-05-12,NARE,8161500.0,NARE CP
2024-05-13,NARE,6561800.0,NARE CP
2024-05-14,NARE,5694100.0,NARE CP
2024-05-15,NARE,9626900.0,NARE CP
2024-05-16,NARE,10966400.0,NARE CP
2024-05-17,NARE,7304400.0,NARE CP
2024-05-18,NARE,5307800.0,NARE CP
2024-05-19,NARE,5174500.0,NARE CP
2024-05-20,NARE,4399800.0,NARE CP
2024-05-21,NARE,4308200.0,NARE CP
2024-05-22,NARE,4509100.0,NARE CP
2024-05-23,NARE,4870900.0,NARE CP
2024-05-24,NARE,9528600.0,NARE CP
2024-05-25,NARE,6128300.0,NARE CP
2024-05-26,NARE,4508800.0,NARE CP
2024-05-27,NARE,4413100.0,NARE CP
2024-05-28,NARE,6517400.0,NARE CP
2024-05-29,NARE,6358500.0,NARE CP
2024-05-30,NARE,5349800.0,NARE CP
2024-05-31,NARE,9682300.0,NARE CP
2024-06-01,NARE,6837400.0,NARE CP
2024-06-02,NARE,5490500.0,NARE CP
2024-06-03,NARE,6841500.0,NARE CP
2024-06-04,NARE,7166800.0,NARE CP
2024-06-05,NARE,5424900.0,NARE CP
2024-06-06,NARE,4710700.0,NARE CP
2024-06-07,NARE,2663400.0,NARE CP
2024-06-08,NARE,4617700.0,NARE CP
2024-06-09,NARE,7214200.0,NARE CP
2024-06-10,NARE,6243800.0,NARE CP
2024-06-11,NARE,7458800.0,NARE CP
2024-06-12,NARE,5345700.0,NARE CP
2024-06-13,NARE,5877900.0,NARE CP
2024-06-14,NARE,7015400.0,NARE CP
2024-06-15,NARE,14330800.0,NARE CP
2024-06-16,NARE,16096800.0,NARE CP
2024-06-17,NARE,11984700.0,NARE CP
2024-06-18,NARE,8872400.0,NARE CP
2024-06-19,NARE,9467800.0,NARE CP
2024-06-20,NARE,8815300.0,NARE CP
2024-06-21,NARE,7827400.0,NARE CP
2024-06-22,NARE,7871800.0,NARE CP
2024-06-23,NARE,14040400.0,NARE CP
2024-06-24,NARE,8429300.0,NARE CP
2024-06-25,NARE,8042600.0,NARE CP
2024-06-26,NARE,14071500.0,NARE CP
2024-06-27,NARE,12421200.0,NARE CP
2024-06-28,NARE,14154500.0,NARE CP
2024-06-29,NARE,12999200.0,NARE CP
2024-06-30,NARE,9899200.0,NARE CP
2024-07-01,NARE,11289500.0,NARE CP
2024-07-02,NARE,11541300.0,NARE CP
2024-07-03,NARE,13203200.0,NARE CP
2024-07-04,NARE,11063000.0,NARE CP
2024-07-05,NARE,11336300.0,NARE CP
2024-07-06,NARE,10084000.0,NARE CP
2024-07-07,NARE,8144100.0,NARE CP
2024-07-08,NARE,7152100.0,NARE CP
2024-07-09,NARE,6705300.0,NARE CP
2024-07-10,NARE,6195000.0,NARE CP
2024-07-11,NARE,5896500.0,NARE CP
2024-07-12,NARE,8050000.0,NARE CP
2024-07-13,NARE,7353400.0,NARE CP
2024-07-14,NARE,5535300.0,NARE CP
2024-07-15,NARE,5127300.0,NARE CP
2024-07-16,NARE,4947900.0,NARE CP
2024-07-17,NARE,4745600.0,NARE CP
2024-07-18,NARE,4683200.0,NARE CP
2024-07-19,NARE,4472400.0,NARE CP
2024-07-20,NARE,4478100.0,NARE CP
2024-07-21,NARE,4628600.0,NARE CP
2024-07-22,NARE,4424600.0,NARE CP
2024-07-23,NARE,4149700.0,NARE CP
2024-07-24,NARE,4023400.0,NARE CP
2024-07-25,NARE,3872000.0,NARE CP
2024-07-26,NARE,3731100.0,NARE CP
2024-07-27,NARE,5930600.0,NARE CP
2024-07-28,NARE,4684200.0,NARE CP
2024-07-29,NARE,3885600.0,NARE CP
2024-07-30,NARE,3809900.0,NARE CP
2024-07-31,NARE,3737600.0,NARE CP
2024-08-01,NARE,3612400.0,NARE CP
2024-08-02,NARE,3394100.0,NARE CP
2024-08-03,NARE,4018700.0,NARE CP
2024-08-04,NARE,3694600.0,NARE CP
2024-08-05,NARE,5512100.0,NARE CP
2024-08-06,NARE,11014600.0,NARE CP
2024-08-07,NARE,8712400.0,NARE CP
2024-08-08,NARE,5196200.0,NARE CP
2024-08-09,NARE,5041000.0,NARE CP
2024-08-10,NARE,5121200.0,NARE CP
2024-08-11,NARE,4688600.0,NARE CP
2024-08-12,NARE,4502700.0,NARE CP
2024-08-13,NARE,8220200.0,NARE CP
2024-08-14,NARE,5015100.0,NARE CP
2024-08-15,NARE,4232500.0,NARE CP
2024-08-16,NARE,4120300.0,NARE CP
2024-08-17,NARE,4243100.0,NARE CP
2024-08-18,NARE,3910500.0,NARE CP
2024-08-19,NARE,3737900.0,NARE CP
2024-08-20,NARE,3609000.0,NARE CP
2024-08-21,NARE,3503200.0,NARE CP
2024-08-22,NARE,4194700.0,NARE CP
2024-08-23,NARE,5395100.0,NARE CP
2024-08-24,NARE,6140700.0,NARE CP
2024-08-25,NARE,5587100.0,NARE CP
2024-08-26,NARE,4445100.0,NARE CP
2024-08-27,NARE,3970900.0,NARE CP
2024-08-28,NARE,3788100.0,NARE CP
2024-08-29,NARE,4353000.0,NARE CP
2024-08-30,NARE,3782600.0,NARE CP
2024-08-31,NARE,3423100.0,NARE CP
2024-09-01,NARE,5282200.0,NARE CP
2024-09-02,NARE,6196700.0,NARE CP
2024-09-03,NARE,4962900.0,NARE CP
2024-09-04,NARE,4436900.0,NARE CP
2024-09-05,NARE,7751500.0,NARE CP
2024-09-06,NARE,4623500.0,NARE CP
2024-09-07,NARE,4625500.0,NARE CP
2024-09-08,NARE,4057600.0,NARE CP
2024-09-09,NARE,3736900.0,NARE CP
2024-09-10,NARE,3590600.0,NARE CP
2024-09-11,NARE,3463000.0,NARE CP
2024-09-12,NARE,3590200.0,NARE CP
2024-09-13,NARE,4140800.0,NARE CP
2024-09-14,NARE,3463300.0,NARE CP
2024-09-15,NARE,3311900.0,NARE CP
2024-09-16,NARE,3326200.0,NARE CP
2024-09-17,NARE,4872800.0,NARE CP
2024-09-18,NARE,3413200.0,NARE CP
2024-09-19,NARE,3188100.0,NARE CP
2024-09-20,NARE,3440100.0,NARE CP
2024-09-21,NARE,5609600.0,NARE CP
2024-09-22,NARE,4351300.0,NARE CP
2024-09-23,NARE,4345100.0,NARE CP
2024-09-24,NARE,3741700.0,NARE CP
2024-09-25,NARE,4075600.0,NARE CP
2024-09-26,NARE,4637100.0,NARE CP
2024-09-27,NARE,4424900.0,NARE CP
2024-09-28,NARE,3916300.0,NARE CP
2024-09-29,NARE,4222700.0,NARE CP
2024-09-30,NARE,4864600.0,NARE CP
2024-10-01,NARE,5037200.0,NARE CP
2024-10-02,NARE,4962900.0,NARE CP
2024-10-03,NARE,4099200.0,NARE CP
2024-10-04,NARE,3843700.0,NARE CP
2024-10-05,NARE,6800500.0,NARE CP
2024-10-06,NARE,5781900.0,NARE CP
2024-10-07,NARE,5532900.0,NARE CP
2024-10-08,NARE,5901600.0,NARE CP
2024-10-09,NARE,5959300.0,NARE CP
2024-10-10,NARE,6553500.0,NARE CP
2024-10-11,NARE,5481700.0,NARE CP
2024-10-12,NARE,4549400.0,NARE CP
2024-10-13,NARE,4730200.0,NARE CP
2024-10-14,NARE,4116600.0,NARE CP
2024-10-15,NARE,4054500.0,NARE CP
2024-10-16,NARE,3739300.0,NARE CP
2024-10-17,NARE,4161600.0,NARE CP
2024-10-18,NARE,3755000.0,NARE CP
2024-10-19,NARE,3807200.0,NARE CP
2024-10-20,NARE,4702300.0,NARE CP
2024-10-21,NARE,7804400.0,NARE CP
2024-10-22,NARE,7474800.0,NARE CP
2024-10-23,NARE,7142600.0,NARE CP
2024-10-24,NARE,6130500.0,NARE CP
2024-10-25,NARE,5440400.0,NARE CP
2024-10-26,NARE,4964900.0,NARE CP
2024-10-27,NARE,5031100.0,NARE CP
2024-10-28,NARE,4416400.0,NARE CP
2024-10-29,NARE,4073200.0,NARE CP
2024-10-30,NARE,4173900.0,NARE CP
2024-10-31,NARE,5163100.0,NARE CP
2024-11-01,NARE,4469300.0,NARE CP
2024-11-02,NARE,4313700.0,NARE CP
2024-11-03,NARE,4210400.0,NARE CP
2024-11-04,NARE,5656400.0,NARE CP
2024-11-05,NARE,6614900.0,NARE CP
2024-11-06,NARE,5659100.0,NARE CP
2024-11-07,NARE,5049900.0,NARE CP
2024-11-08,NARE,7397100.0,NARE CP
2024-11-09,NARE,6960100.0,NARE CP
2024-11-10,NARE,9341100.0,NARE CP
2024-11-11,NARE,8567800.0,NARE CP
2024-11-12,NARE,7822400.0,NARE CP
2024-11-13,NARE,9276900.0,NARE CP
2024-11-14,NARE,9741500.0,NARE CP
2024-11-15,NARE,9708500.0,NARE CP
2024-11-16,NARE,7355400.0,NARE CP
2024-11-17,NARE,6622100.0,NARE CP
2024-11-18,NARE,5671700.0,NARE CP
2024-11-19,NARE,6657500.0,NARE CP
2024-11-20,NARE,6973700.0,NARE CP
2024-11-21,NARE,9379600.0,NARE CP
2024-11-22,NARE,7272200.0,NARE CP
2024-11-23,NARE,7725900.0,NARE CP
2024-11-24,NARE,6791200.0,NARE CP
2024-11-25,NARE,5714300.0,NARE CP
2024-11-26,NARE,5417900.0,NARE CP
2024-11-27,NARE,5907800.0,NARE CP
2024-11-28,NARE,5450300.0,NARE CP
2024-11-29,NARE,5823500.0,NARE CP
2024-11-30,NARE,4978600.0,NARE CP
2024-12-01,NARE,5079900.0,NARE CP
2024-12-02,NARE,4801200.0,NARE CP
2024-12-03,NARE,4507500.0,NARE CP
2024-12-04,NARE,4520100.0,NARE CP
2024-12-05,NARE,4371000.0,NARE CP
2024-12-06,NARE,4259500.0,NARE CP
2024-12-07,NARE,4156500.0,NARE CP
2024-12-08,NARE,4009100.0,NARE CP
2024-12-09,NARE,3953200.0,NARE CP
2024-12-10,NARE,3983200.0,NARE CP
2024-12-11,NARE,3879500.0,NARE CP
2024-12-12,NARE,3782600.0,NARE CP
2024-12-13,NARE,3679900.0,NARE CP
2024-12-14,NARE,3641400.0,NARE CP
2024-12-15,NARE,4978600.0,NARE CP
2024-12-16,NARE,4800800.0,NARE CP
2024-12-17,NARE,4210700.0,NARE CP
2024-12-18,NARE,4048700.0,NARE CP
2024-12-19,NARE,3876800.0,NARE CP
2024-12-20,NARE,3820100.0,NARE CP
2024-12-21,NARE,4034000.0,NARE CP
2024-12-22,NARE,4206600.0,NARE CP
2024-12-23,NARE,5883500.0,NARE CP
2024-12-24,NARE,4756500.0,NARE CP
2024-12-25,NARE,4545700.0,NARE CP
2024-12-26,NARE,5290700.0,NARE CP
2024-12-27,NARE,6149600.0,NARE CP
2024-12-28,NARE,4538200.0,NARE CP
2024-12-29,NARE,4371000.0,NARE CP
2024-12-30,NARE,4704000.0,NARE CP
2024-12-31,NARE,4625900.0,NARE CP
2025-01-01,NARE,4268700.0,NARE CP
2025-01-02,NARE,4536500.0,NARE CP
2025-01-03,NARE,5060100.0,NARE CP
2025-01-04,NARE,6466200.0,NARE CP
2025-01-05,NARE,7923400.0,NARE CP
2025-01-06,NARE,6593400.0,NARE CP
2025-01-07,NARE,5142600.0,NARE CP
2025-01-08,NARE,4640900.0,NARE CP
2025-01-09,NARE,4400000.0,NARE CP
2025-01-10,NARE,4549800.0,NARE CP
2025-01-11,NARE,4105300.0,NARE CP
2025-01-12,NARE,3876100.0,NARE CP
2025-01-13,NARE,3762200.0,NARE CP
2025-01-14,NARE,3621600.0,NARE CP
2025-01-15,NARE,3470500.0,NARE CP
2025-01-16,NARE,3449300.0,NARE CP
2025-01-17,NARE,3393400.0,NARE CP
2025-01-18,NARE,3250500.0,NARE CP
2025-01-19,NARE,3293500.0,NARE CP
2025-01-20,NARE,3205500.0,NARE CP
2025-01-21,NARE,3163200.0,NARE CP
2025-01-22,NARE,3099700.0,NARE CP
2025-01-23,NARE,3053300.0,NARE CP
2025-01-24,NARE,3034900.0,NARE CP
2025-01-25,NARE,3188700.0,NARE CP
2025-01-26,NARE,4180000.0,NARE CP
2025-01-27,NARE,3452400.0,NARE CP
2025-01-28,NARE,3267500.0,NARE CP
2025-01-29,NARE,3306100.0,NARE CP
2025-01-30,NARE,4314400.0,NARE CP
2025-01-31,NARE,4722400.0,NARE CP
2025-02-01,NARE,3457100.0,NARE CP
2025-02-02,NARE,3266300.0,NARE CP
2025-02-03,NARE,5362900.0,NARE CP
2025-02-04,NARE,3883400.0,NARE CP
2025-02-05,NARE,7138700.0,NARE CP
2025-02-06,NARE,4631200.0,NARE CP
2025-02-07,NARE,4177500.0,NARE CP
2025-02-08,NARE,4654200.0,NARE CP
2025-02-09,NARE,4497000.0,NARE CP
2025-02-10,NARE,4183000.0,NARE CP
2025-02-11,NARE,4547500.0,NARE CP
2025-02-12,NARE,4728700.0,NARE CP
2025-02-13,NARE,5209200.0,NARE CP
2025-02-14,NARE,6989400.0,NARE CP
2025-02-15,NARE,5354000.0,NARE CP
2025-02-16,NARE,6799600.0,NARE CP
2025-02-17,NARE,9714800.0,NARE CP
2025-02-18,NARE,8845400.0,NARE CP
2025-02-19,NARE,6601200.0,NARE CP
2025-02-20,NARE,6025300.0,NARE CP
2025-02-21,NARE,4899900.0,NARE CP
2025-02-22,NARE,5988600.0,NARE CP
2025-02-23,NARE,5034800.0,NARE CP
2025-02-24,NARE,4687100.0,NARE CP
2025-02-25,NARE,5627900.0,NARE CP
2025-02-26,NARE,4657300.0,NARE CP
2025-02-27,NARE,4542700.0,NARE CP
2025-02-28,NARE,4506600.0,NARE CP
2025-03-01,NARE,4465100.0,NARE CP
2025-03-02,NARE,5642300.0,NARE CP
2025-03-03,NARE,4372400.0,NARE CP
2025-03-04,NARE,4616100.0,NARE CP
2025-03-05,NARE,5748700.0,NARE CP
2025-03-06,NARE,5203000.0,NARE CP
2025-03-07,NARE,5275100.0,NARE CP
2025-03-08,NARE,4846100.0,NARE CP
2025-03-09,NARE,4200800.0,NARE CP
2025-03-10,NARE,4032700.0,NARE CP
2025-03-11,NARE,4537200.0,NARE CP
2025-03-12,NARE,5700600.0,NARE CP
2025-03-13,NARE,4650400.0,NARE CP
2025-03-14,NARE,5879100.0,NARE CP
2025-03-15,NARE,5151500.0,NARE CP
2025-03-16,NARE,5731500.0,NARE CP
2025-03-17,NARE,7104300.0,NARE CP
2025-03-18,NARE,4691600.0,NARE CP
2025-03-19,NARE,4334700.0,NARE CP
2025-03-20,NARE,4420500.0,NARE CP
2025-03-21,NARE,5621700.0,NARE CP
2025-03-22,NARE,5529000.0,NARE CP
2025-03-23,NARE,4482300.0,NARE CP
2025-03-24,NARE,3998300.0,NARE CP
2025-03-25,NARE,3830200.0,NARE CP
2025-03-26,NARE,3888500.0,NARE CP
2025-03-27,NARE,3754700.0,NARE CP
2025-03-28,NARE,4145900.0,NARE CP
2025-03-29,NARE,4959300.0,NARE CP
2025-03-30,NARE,5467300.0,NARE CP
2025-03-31,NARE,5161800.0,NARE CP
2025-04-01,NARE,5625100.0,NARE CP
2025-04-02,NARE,6342400.0,NARE CP
2025-04-03,NARE,6098700.0,NARE CP
2025-04-04,NARE,7282800.0,NARE CP
2025-04-05,NARE,9173900.0,NARE CP
2025-04-06,NARE,10258400.0,NARE CP
2025-04-07,NARE,9287100.0,NARE CP
2025-04-08,NARE,9874000.0,NARE CP
2025-04-09,NARE,6757700.0,NARE CP
2025-04-10,NARE,16758700.0,NARE CP
2025-04-11,NARE,21735200.0,NARE CP
2025-04-12,NARE,20032900.0,NARE CP
2025-04-13,NARE,12499500.0,NARE CP
2025-04-14,NARE,9235600.0,NARE CP
2025-04-15,NARE,7622600.0,NARE CP
2025-04-16,NARE,6596400.0,NARE CP
2025-04-17,NARE,6819500.0,NARE CP
2025-04-18,NARE,5916900.0,NARE CP
2025-04-19,NARE,7574500.0,NARE CP
2025-04-20,NARE,7327400.0,NARE CP
2025-04-21,NARE,6150200.0,NARE CP
2025-04-22,NARE,7173000.0,NARE CP
2025-04-23,NARE,8020700.0,NARE CP
2025-04-24,NARE,14095400.0,NARE CP
2025-04-25,NARE,14788700.0,NARE CP
2025-04-26,NARE,11473300.0,NARE CP
2025-04-27,NARE,11545400.0,NARE CP
2025-04-28,NARE,13004000.0,NARE CP
2025-04-29,NARE,12990300.0,NARE CP
2025-04-30,NARE,23725700.0,NARE CP
2025-05-01,NARE,18176100.0,NARE CP
2025-05-02,NARE,14119400.0,NARE CP
2025-05-03,NARE,13062400.0,NARE CP
2025-05-04,NARE,10371600.0,NARE CP
2025-05-05,NARE,13841400.0,NARE CP
2025-05-06,NARE,14792100.0,NARE CP
2025-05-07,NARE,15015200.0,NARE CP
2025-05-08,NARE,12938800.0,NARE CP
2025-05-09,NARE,12609300.0,NARE CP
2025-05-10,NARE,10303000.0,NARE CP
2025-05-11,NARE,8415400.0,NARE CP
2025-05-12,NARE,8089300.0,NARE CP
2025-05-13,NARE,7073500.0,NARE CP
2025-05-14,NARE,6558600.0,NARE CP
2025-05-15,NARE,7763300.0,NARE CP
2025-05-16,NARE,6833200.0,NARE CP
2025-05-17,NARE,14922500.0,NARE CP
2025-05-18,NARE,12588800.0,NARE CP
2025-05-19,NARE,10872700.0,NARE CP
2025-05-20,NARE,14678900.0,NARE CP
2025-05-21,NARE,12678000.0,NARE CP
2025-05-22,NARE,10903600.0,NARE CP
2025-05-23,NARE,8803200.0,NARE CP
2025-05-24,NARE,8961100.0,NARE CP
2025-05-25,NARE,7265600.0,NARE CP
2025-05-26,NARE,6689100.0,NARE CP
2025-05-27,NARE,8161400.0,NARE CP
2025-05-28,NARE,6617000.0,NARE CP
2025-05-29,NARE,5913400.0,NARE CP
2025-05-30,NARE,5937400.0,NARE CP
2025-05-31,NARE,6153700.0,NARE CP
2025-06-01,NARE,5549300.0,NARE CP
2025-06-02,NARE,5721200.0,NARE CP
2025-06-03,NARE,5384200.0,NARE CP
2025-06-04,NARE,7650000.0,NARE CP
2025-06-05,NARE,5456400.0,NARE CP
2025-06-06,NARE,6374500.0,NARE CP
2025-06-07,NARE,8334200.0,NARE CP
2025-06-08,NARE,5631800.0,NARE CP
2025-06-09,NARE,6261000.0,NARE CP
2025-06-10,NARE,6701100.0,NARE CP
2025-06-11,NARE,8623000.0,NARE CP
2025-06-12,NARE,6780200.0,NARE CP
2025-06-13,NARE,12195400.0,NARE CP
2025-06-14,NARE,14784300.0,NARE CP
2025-06-15,NARE,12704200.0,NARE CP
2025-06-16,NARE,8581800.0,NARE CP
2025-06-17,NARE,13584400.0,NARE CP
2025-06-18,NARE,16744100.0,NARE CP
2025-06-19,NARE,10008600.0,NARE CP
2025-06-20,NARE,7815100.0,NARE CP
2025-06-21,NARE,7075800.0,NARE CP
2025-06-22,NARE,7399000.0,NARE CP
2025-06-23,NARE,13983200.0,NARE CP
2025-06-24,NARE,21389100.0,NARE CP
2025-06-25,NARE,12862400.0,NARE CP
2025-06-26,NARE,8798400.0,NARE CP
2025-06-27,NARE,8385800.0,NARE CP
2025-06-28,NARE,10465900.0,NARE CP
2025-06-29,NARE,8884400.0,NARE CP
2025-06-30,NARE,7505600.0,NARE CP
2025-07-01,NARE,7299300.0,NARE CP
2025-07-02,NARE,6642600.0,NARE CP
2025-07-03,NARE,6436300.0,NARE CP
2025-07-04,NARE,6243800.0,NARE CP
2025-07-05,NARE,6419100.0,NARE CP
2025-07-06,NARE,5872500.0,NARE CP
2025-07-07,NARE,5779600.0,NARE CP
2025-07-08,NARE,5466800.0,NARE CP
2025-07-09,NARE,5583700.0,NARE CP
2025-07-10,NARE,5480500.0,NARE CP
2025-07-11,NARE,5968700.0,NARE CP
2025-07-12,NARE,5432400.0,NARE CP
2025-07-13,NARE,4889100.0,NARE CP
2025-07-14,NARE,5150400.0,NARE CP
2025-07-15,NARE,4792900.0,NARE CP
2025-07-16,NARE,4524700.0,NARE CP
2025-07-17,NARE,4579700.0,NARE CP
2025-07-18,NARE,4373400.0,NARE CP
2025-07-19,NARE,4253100.0,NARE CP
2025-07-20,NARE,4246200.0,NARE CP
2025-07-21,NARE,4194600.0,NARE CP
2025-07-22,NARE,4225600.0,NARE CP
2025-07-23,NARE,4088000.0,NARE CP
2025-07-24,NARE,3933300.0,NARE CP
2025-07-25,NARE,4064000.0,NARE CP
2025-07-26,NARE,4651900.0,NARE CP
2025-07-27,NARE,7409400.0,NARE CP
2025-07-28,NARE,6972700.0,NARE CP
2025-07-29,NARE,6020300.0,NARE CP
2025-07-30,NARE,6121100.0,NARE CP
2025-07-31,NARE,4902896.02,NARE CP
2025-08-01,NARE,4438736.86,NARE CP
2025-08-02,NARE,4160996.4,NARE CP
2025-08-03,NARE,5089483.2,NARE CP
2025-08-04,NARE,4195384.8,NARE CP
2025-08-05,NARE,3947788.32,NARE CP
2025-08-06,NARE,3865256.16,NARE CP
2025-08-07,NARE,4754158.87,NARE CP
2025-08-08,NARE,7023267.14,NARE CP
2025-08-09,NARE,7749930.22,NARE CP
2025-08-10,NARE,5408841.17,NARE CP
2025-08-11,NARE,8456027.35,NARE CP
2025-08-12,NARE,5665915.37,NARE CP
2025-08-13,NARE,4908403.39,NARE CP
2025-08-14,NARE,4740448.25,NARE CP
2025-08-15,NARE,5871574.73,NARE CP
2025-08-16,NARE,7184366.98,NARE CP
2025-08-17,NARE,7054116.05,NARE CP
2025-08-18,NARE,13306160.59,NARE CP
2025-08-19,NARE,8911905.6,NARE CP
2025-08-20,NARE,6879305.59,NARE CP
2025-08-21,NARE,12445818.94,NARE CP
2025-08-22,NARE,10841675.93,NARE CP
2025-08-23,NARE,10097874.58,NARE CP
2025-08-24,NARE,9350645.57,NARE CP
2025-08-25,NARE,7736219.59,NARE CP
2025-08-26,NARE,6666790.92,NARE CP
2025-08-27,NARE,5772172.7,NARE CP
2025-08-28,NARE,5364281.64,NARE CP
2025-08-29,NARE,5175760.56,NARE CP
2025-08-30,NARE,4682178.1,NARE CP
2025-08-31,NARE,4761014.18,NARE CP
2025-09-01,NARE,5470538.98,NARE CP
2025-09-02,NARE,9210111.67,NARE CP
2025-09-03,NARE,13326726.53,NARE CP
2025-09-04,NARE,9131275.58,NARE CP
2025-09-05,NARE,6807324.82,NARE CP
2025-09-06,NARE,6101227.68,NARE CP
2025-09-07,NARE,11235856.37,NARE CP
2025-09-08,NARE,9453475.25,NARE CP
2025-09-09,NARE,8678824.99,NARE CP
2025-09-10,NARE,6563961.24,NARE CP
2025-09-11,NARE,6015536.28,NARE CP
2025-09-12,NARE,5377992.26,NARE CP
2025-09-13,NARE,5189471.18,NARE CP
2025-09-14,NARE,4987239.48,NARE CP
2025-09-15,NARE,5593934.59,NARE CP
2025-09-16,NARE,4767869.5,NARE CP
2025-09-17,NARE,4658184.5,NARE CP
2025-09-18,NARE,7592258.04,NARE CP
2025-09-19,NARE,7266630.72,NARE CP
2025-09-20,NARE,6005253.31,NARE CP
2025-09-21,NARE,4956390.58,NARE CP
2025-09-22,NARE,4791863.09,NARE CP
2025-09-23,NARE,4620480.29,NARE CP
2025-09-24,NARE,4887837.46,NARE CP
2025-09-25,NARE,5131201.03,NARE CP
2025-09-26,NARE,4915258.7,NARE CP
2025-09-27,NARE,4637618.57,NARE CP
2025-09-28,NARE,7825338.65,NARE CP
2025-09-29,NARE,7129524.48,NARE CP
2025-09-30,NARE,7540843.2,NARE CP
2025-10-01,NARE,5916134.26,NARE CP
2025-10-02,NARE,7033550.11,NARE CP
2025-10-03,NARE,6601665.46,NARE CP
2025-10-04,NARE,6577671.86,NARE CP
2025-10-05,NARE,5994970.34,NARE CP
2025-10-06,NARE,7314617.9,NARE CP
2025-10-07,NARE,6786758.88,NARE CP
2025-10-08,NARE,7150090.42,NARE CP
2025-10-09,NARE,7732791.94,NARE CP
2025-10-10,NARE,7780779.12,NARE CP
2025-10-11,NARE,6694212.17,NARE CP
2025-10-12,NARE,11263277.62,NARE CP
2025-10-13,NARE,7366032.74,NARE CP
2025-10-14,NARE,6426855.0,NARE CP
2025-10-15,NARE,5905851.29,NARE CP
2025-10-16,NARE,10841675.93,NARE CP
2025-10-17,NARE,7071254.33,NARE CP
2025-10-18,NARE,7396881.65,NARE CP
2025-10-19,NARE,6423427.34,NARE CP
2025-10-20,NARE,7270058.38,NARE CP
2025-10-21,NARE,6478269.84,NARE CP
2025-10-22,NARE,8030998.01,NARE CP
2025-10-23,NARE,9326651.98,NARE CP
2025-10-24,NARE,8805648.26,NARE CP
2025-10-25,NARE,8240085.02,NARE CP
2025-10-26,NARE,7684804.75,NARE CP
2025-10-27,NARE,10063598.02,NARE CP
2025-10-28,NARE,9124420.27,NARE CP
2025-10-29,NARE,7208360.57,NARE CP
2025-10-30,NARE,6368584.85,NARE CP
2025-10-31,NARE,7246064.78,NARE CP
2025-11-01,NARE,6036102.22,NARE CP
2025-11-02,NARE,6443993.28,NARE CP
2025-11-03,NARE,6841601.38,NARE CP
2025-11-04,NARE,7701943.03,NARE CP
2025-11-05,NARE,9220394.64,NARE CP
2025-11-06,NARE,8867346.07,NARE CP
2025-11-07,NARE,6807324.82,NARE CP
2025-11-08,NARE,5827015.2,NARE CP
2025-11-09,NARE,5878430.04,NARE CP
2025-11-10,NARE,9134703.24,NARE CP
2025-11-11,NARE,5898995.98,NARE CP
2025-11-12,NARE,5528809.13,NARE CP
2025-11-13,NARE,6327452.98,NARE CP
2025-11-14,NARE,9309513.7,NARE CP
2025-11-15,NARE,7986438.48,NARE CP
2025-11-16,NARE,16864067.52,NARE CP
2025-11-17,NARE,14310463.8,NARE CP
2025-11-18,NARE,11424377.45,NARE CP
2025-11-19,NARE,10135578.79,NARE CP
2025-11-20,NARE,8929043.88,NARE CP
2025-11-21,NARE,7893891.77,NARE CP
2025-11-22,NARE,6958141.68,NARE CP
2025-11-23,NARE,6488552.81,NARE CP
2025-11-24,NARE,6419999.69,NARE CP
2025-11-25,NARE,6049812.84,NARE CP
2025-11-26,NARE,5940127.85,NARE CP
2025-11-27,NARE,5508243.19,NARE CP
2025-11-28,NARE,5480821.94,NARE CP
2025-11-29,NARE,5381419.92,NARE CP
2025-11-30,NARE,5957266.13,NARE CP
2025-12-01,NARE,9163474.49,NARE CP
2025-12-02,NARE,8902739.16,NARE CP
2025-12-03,NARE,11036651.98,NARE CP
2025-12-04,NARE,7701984.36,NARE CP
2025-12-05,NARE,12124192.75,NARE CP
2025-12-06,NARE,8789525.14,NARE CP
2025-12-07,NARE,8123963.9,NARE CP
2025-12-08,NARE,7585339.61,NARE CP
2025-12-09,NARE,7993596.24,NARE CP
2025-12-10,NARE,6202756.22,NARE CP
2025-12-11,NARE,5966035.99,NARE CP
2025-12-12,NARE,6484075.92,NARE CP
2025-12-13,NARE,5859683.42,NARE CP
2025-12-14,NARE,5496026.26,NARE CP
2025-12-15,NARE,5279890.39,NARE CP
2025-12-16,NARE,5307336.22,NARE CP
2025-12-17,NARE,5399965.87,NARE CP
2025-12-18,NARE,4957401.96,NARE CP
2025-12-19,NARE,5458288.25,NARE CP
2025-12-20,NARE,6346846.8,NARE CP
2025-12-21,NARE,5430842.42,NARE CP
2025-12-22,NARE,4984847.78,NARE CP
2025-12-23,NARE,4772142.65,NARE CP
2025-12-24,NARE,4573160.42,NARE CP
2025-12-25,NARE,4483961.5,NARE CP
2025-12-26,NARE,4473669.31,NARE CP
2025-12-27,NARE,4360455.29,NARE CP
2025-12-28,NARE,4288410.0,NARE CP
2025-12-29,NARE,4202641.8,NARE CP
2025-12-30,NARE,4192349.62,NARE CP
2025-12-31,NARE,4123735.06,NARE CP
2026-01-01,NARE,4120304.33,NARE CP
2026-01-02,NARE,4243810.54,NARE CP
2026-01-03,NARE,4669220.81,NARE CP
2026-01-04,NARE,4706958.82,NARE CP
2026-01-05,NARE,6000343.27,NARE CP
2026-01-06,NARE,6038081.28,NARE CP
2026-01-07,NARE,7101606.96,NARE CP
2026-01-08,NARE,5166676.37,NARE CP
2026-01-09,NARE,4892218.13,NARE CP
2026-01-10,NARE,4933386.86,NARE CP
2026-01-11,NARE,4967694.14,NARE CP
2026-01-12,NARE,7118760.6,NARE CP
2026-01-13,NARE,6470353.01,NARE CP
2026-01-14,NARE,8803248.05,NARE CP
2026-01-15,NARE,7231974.62,NARE CP
2026-01-16,NARE,6264509.33,NARE CP
2026-01-17,NARE,5355366.41,NARE CP
2026-01-18,NARE,4923094.68,NARE CP
2026-01-19,NARE,4857910.85,NARE CP
2026-01-20,NARE,4669220.81,NARE CP
2026-01-21,NARE,4628052.07,NARE CP
2026-01-22,NARE,4562868.24,NARE CP
2026-01-23,NARE,5002001.42,NARE CP
2026-01-24,NARE,4336440.19,NARE CP
2026-01-25,NARE,4192349.62,NARE CP
2026-01-26,NARE,4686374.45,NARE CP
2026-01-27,NARE,6075819.29,NARE CP
2026-01-28,NARE,5722454.3,NARE CP
2026-01-29,NARE,6147864.58,NARE CP
2026-01-30,NARE,4676082.26,NARE CP
2026-01-31,NARE,6442907.18,NARE CP
2026-02-01,NARE,6106695.84,NARE CP
2026-02-02,NARE,7986734.78,NARE CP
2026-02-03,NARE,5924867.26,NARE CP
2026-02-04,NARE,5331351.31,NARE CP
2026-02-05,NARE,4888787.4,NARE CP
2026-02-06,NARE,11112127.99,NARE CP
2026-02-07,NARE,8079364.44,NARE CP
2026-02-08,NARE,6648750.86,NARE CP
2026-02-09,NARE,5509749.17,NARE CP
2026-02-10,NARE,5074046.71,NARE CP
2026-02-11,NARE,4950540.5,NARE CP
2026-02-12,NARE,4724112.46,NARE CP
2026-02-13,NARE,4768711.92,NARE CP
2026-02-14,NARE,5207845.1,NARE CP
2026-02-15,NARE,5053462.34,NARE CP
2026-02-16,NARE,6243924.96,NARE CP
2026-02-17,NARE,5791068.86,NARE CP
2026-02-18,NARE,6576705.58,NARE CP
2026-02-19,NARE,5249013.84,NARE CP
2026-02-20,NARE,4730973.91,NARE CP
2026-02-21,NARE,4590314.06,NARE CP
2026-02-22,NARE,4367316.74,NARE CP
2026-02-23,NARE,5616101.74,NARE CP
2026-02-24,NARE,7780891.1,NARE CP
2026-02-25,NARE,7780891.1,NARE CP
2026-02-26,NARE,5904282.89,NARE CP
2026-02-27,NARE,5358797.14,NARE CP
2026-02-28,NARE,4885356.67,NARE CP
2026-03-01,NARE,4628052.07,NARE CP
2026-03-02,NARE,4552576.06,NARE CP
2026-03-03,NARE,4168334.52,NARE CP
2026-03-04,NARE,4689805.18,NARE CP
2026-03-05,NARE,4604036.98,NARE CP
2026-03-06,NARE,4329578.74,NARE CP
2026-03-07,NARE,4147750.15,NARE CP
2026-03-08,NARE,4254102.72,NARE CP
2026-03-09,NARE,4278117.82,NARE CP
2026-03-10,NARE,4357024.56,NARE CP
2026-03-11,NARE,4734404.64,NARE CP
2026-03-12,NARE,4487392.22,NARE CP
2026-03-13,NARE,4905941.04,NARE CP
2026-03-14,NARE,3996798.12,NARE CP
2026-03-15,NARE,3763508.62,NARE CP
2026-03-16,NARE,4206072.53,NARE CP
2026-03-17,NARE,4219795.44,NARE CP
2026-03-18,NARE,13654297.44,NARE CP
2026-03-19,NARE,7328035.01,NARE CP
2026-03-20,NARE,6079250.02,NARE CP
2026-03-21,NARE,5417119.51,NARE CP
2026-03-22,NARE,6309108.79,NARE CP
2026-03-23,NARE,5423980.97,NARE CP
2026-03-24,NARE,5194122.19,NARE CP
2026-03-25,NARE,4809880.66,NARE CP
2026-03-26,NARE,4435931.3,NARE CP
2026-03-27,NARE,4435931.3,NARE CP
2026-03-28,NARE,4586883.34,NARE CP
2026-03-29,NARE,4370747.47,NARE CP
2026-03-30,NARE,4933386.86,NARE CP
2026-03-31,NARE,5598948.1,NARE CP
2026-04-01,NARE,7005546.58,NARE CP
2026-04-02,NARE,9894219.55,NARE CP
2026-04-03,NARE,5828806.87,NARE CP
2026-04-04,NARE,5609240.28,NARE CP
2026-04-05,NARE,5118646.18,NARE CP
2026-04-06,NARE,4881925.94,NARE CP
2026-04-07,NARE,4398193.3,NARE CP
2026-04-08,NARE,5842529.78,NARE CP
2026-04-09,NARE,5842529.78,NARE CP
2026-04-10,NARE,4631482.8,NARE CP
2026-04-11,NARE,5533764.26,NARE CP
2026-04-12,NARE,4250671.99,NARE CP
2026-04-13,NARE,4477100.04,NARE CP
2026-04-14,NARE,5070615.98,NARE CP
2026-04-15,NARE,5173537.82,NARE CP
2026-04-16,NARE,8240608.66,NARE CP
2026-04-17,NARE,17057579.62,NARE CP
2026-04-18,NARE,11245926.38,NARE CP
2026-04-19,NARE,8497913.26,NARE CP
2026-04-20,NARE,10642118.26,NARE CP
2026-04-21,NARE,8696895.48,NARE CP
2026-04-22,NARE,7976442.6,NARE CP
2026-04-23,NARE,7389788.11,NARE CP
2026-04-24,NARE,6827148.72,NARE CP
2026-04-25,NARE,10045171.58,NARE CP
2026-04-26,NARE,14398765.42,NARE CP
2026-04-27,NARE,8597404.37,NARE CP
2026-04-28,NARE,9369318.17,NARE CP
2026-04-29,NARE,6995254.39,NARE CP
2026-04-30,NARE,5921436.53,NARE CP
2026-05-01,NARE,4950540.5,NARE CP
2026-05-02,NARE,10336783.46,NARE CP
2026-05-03,NARE,7118760.6,NARE CP
2026-05-04,NARE,10357367.83,NARE CP
2026-05-05,NARE,8103379.54,NARE CP
2026-05-06,NARE,5993481.82,NARE CP
2026-05-07,NARE,5526902.81,NARE CP
2026-05-08,NARE,4977986.33,NARE CP
2026-05-09,NARE,4700097.36,NARE CP
2026-05-10,NARE,4641774.98,NARE CP
2026-05-11,NARE,4497684.41,NARE CP
2026-05-12,NARE,4418777.66,NARE CP
2026-05-13,NARE,4264394.9,NARE CP
2026-05-14,NARE,5050031.62,NARE CP
2026-05-15,NARE,4607467.7,NARE CP
2026-05-16,NARE,4453084.94,NARE CP
2026-05-17,NARE,4199211.07,NARE CP
2026-05-18,NARE,4298702.18,NARE CP
2026-05-19,NARE,4267825.63,NARE CP
2026-05-20,NARE,3852707.54,NARE CP
2026-05-21,NARE,3900737.74,NARE CP
2026-05-22,NARE,5550917.9,NARE CP
2026-05-23,NARE,4267825.63,NARE CP
2026-05-24,NARE,5228429.47,NARE CP
2026-05-25,NARE,3948767.93,NARE CP
2026-05-26,NARE,3753216.43,NARE CP
2026-05-27,NARE,3640002.41,NARE CP
2026-05-28,NARE,4010521.03,NARE CP
2026-05-29,NARE,3725770.61,NARE CP
2026-05-30,NARE,4024243.94,NARE CP
2026-05-31,NARE,3670878.96,NARE CP
2026-06-01,NARE,3331236.89,NARE CP
2026-06-02,NARE,3194007.77,NARE CP
2026-06-03,NARE,3845846.09,NARE CP
2026-06-04,NARE,3845846.09,NARE CP
2026-06-05,NARE,4360455.29,NARE CP
2026-06-06,NARE,3619418.04,NARE CP
2026-06-07,NARE,4758419.74,NARE CP
2026-06-08,NARE,8055349.34,NARE CP
2026-06-09,NARE,7955858.23,NARE CP
2026-06-10,NARE,5924867.26,NARE CP
2026-06-11,NARE,5279890.39,NARE CP
2026-06-12,NARE,3904168.46,NARE CP
2026-06-13,NARE,3904168.46,NARE CP
2026-06-14,NARE,4449654.22,NARE CP
2026-06-15,NARE,4182057.43,NARE CP
2026-06-16,NARE,4027674.67,NARE CP
2026-06-17,NARE,3519926.93,NARE CP
2026-06-18,NARE,4871633.76,NARE CP
2026-06-19,NARE,6027789.1,NARE CP
2026-06-20,NARE,5983189.63,NARE CP
2026-06-21,NARE,6799702.9,NARE CP
2026-06-22,NARE,5818514.69,NARE CP
2026-06-23,NARE,11990394.36,NARE CP
2026-06-24,NARE,6611012.86,NARE CP
2026-06-25,NARE,4267825.63,NARE CP
2026-06-26,NARE,4240379.81,NARE CP
2026-06-27,NARE,3979644.48,NARE CP
2026-06-28,NARE,3838984.63,NARE CP
2026-06-29,NARE,3619418.04,NARE CP
2026-06-30,NARE,3492481.1,NARE CP
2026-07-01,NARE,3736062.79,NARE CP
2026-07-02,NARE,3773800.8,NARE CP
2026-07-03,NARE,3684601.87,NARE CP
2026-07-04,NARE,3564526.39,NARE CP
2026-07-05,NARE,3509634.74,NARE CP
2026-07-06,NARE,3461604.55,NARE CP
2026-07-07,NARE,3266053.06,NARE CP
2026-07-08,NARE,3197438.5,NARE CP
2026-07-09,NARE,3283206.7,NARE CP
2026-07-10,NARE,3214592.14,NARE CP
2026-07-11,NARE,3283206.7,NARE CP
2026-07-12,NARE,4072274.14,NARE CP
2026-07-13,NARE,3561095.66,NARE CP
2026-07-14,NARE,3180284.86,NARE CP
2026-07-15,NARE,2991594.82,NARE CP
2026-07-16,NARE,3019040.64,NARE CP
2026-07-17,NARE,2871519.34,NARE CP
2026-07-18,NARE,2909257.34,NARE CP
2026-07-19,NARE,2895534.43,NARE CP
2026-07-20,NARE,5640116.83,NARE CP
2026-07-21,NARE,6542398.3,NARE CP
2026-07-22,NARE,3780662.26,NARE CP
2026-07-23,NARE,5496026.26,NARE CP
2026-07-24,NARE,7801475.47,NARE CP
2026-07-25,NARE,4048259.04,NARE CP
2026-07-26,NARE,5204414.38,NARE CP
2026-07-27,NARE,3962490.84,NARE CP
2026-07-28,NARE,3609125.86,NARE CP
2026-07-29,NARE,3674309.69,NARE CP
2026-07-30,NARE,3303791.06,NARE CP
2026-07-31,NARE,3163131.22,NARE CP
2026-08-01,NARE,3060209.38,NARE CP
2026-08-02,NARE,2964148.99,NARE CP
2026-08-03,NARE,2950426.08,NARE CP
2026-08-04,NARE,3043055.74,NARE CP
2026-08-05,NARE,3169992.67,NARE CP
2026-08-06,NARE,2971902.74,NARE CP
2026-08-07,NARE,2882366.86,NARE CP
2026-08-08,NARE,2827267.85,NARE CP
2026-08-09,NARE,2899585.3,NARE CP
2026-08-10,NARE,2810049.41,NARE CP
2026-08-11,NARE,2668858.2,NARE CP
2026-08-12,NARE,2679189.26,NARE CP
2026-08-13,NARE,2606871.82,NARE CP
2026-08-14,NARE,2593097.06,NARE CP
2026-08-15,NARE,2534554.37,NARE CP
2026-08-16,NARE,2723957.21,NARE CP
2026-08-17,NARE,4621429.3,NARE CP
2026-08-18,NARE,5203412.57,NARE CP
2026-08-19,NARE,3433356.94,NARE CP
2026-08-20,NARE,3051107.57,NARE CP
2026-08-21,NARE,2992564.87,NARE CP
2026-08-22,NARE,2954684.3,NARE CP
2026-08-23,NARE,2861704.73,NARE CP
2026-08-24,NARE,2789387.28,NARE CP
2026-08-25,NARE,2706738.77,NARE CP
2026-08-26,NARE,2675745.58,NARE CP
2026-08-27,NARE,2651639.76,NARE CP
2026-08-28,NARE,2789387.28,NARE CP
2026-08-29,NARE,4001565.46,NARE CP
2026-08-30,NARE,4325272.13,NARE CP
2026-08-31,NARE,3164749.27,NARE CP
2026-09-01,NARE,5045002.92,NARE CP
2026-09-02,NARE,7207638.98,NARE CP
2026-09-03,NARE,3812162.62,NARE CP
2026-09-04,NARE,3144087.14,NARE CP
2026-09-05,NARE,2940909.55,NARE CP
2026-09-06,NARE,2916803.74,NARE CP
2026-09-07,NARE,2720513.52,NARE CP
2026-09-08,NARE,2692964.02,NARE CP
2026-09-09,NARE,2586209.69,NARE CP
2026-09-10,NARE,3130312.39,NARE CP
2026-09-11,NARE,4752289.44,NARE CP
2026-09-12,NARE,3302496.79,NARE CP
