fecha,allsky_sfc_sw_dwn,clrsky_sfc_sw_dwn,t2m
2000-01-01,4.2014,6.1354,24.97
2000-01-02,3.8287,6.1627,24.56
2000-01-03,3.8006,6.0398,24.78
2000-01-04,4.3056,6.1586,24.54
2000-01-05,4.3682,6.0602,24.46
2000-01-06,4.4834,6.1874,24.42
2000-01-07,4.3598,6.1798,24.03
2000-01-08,4.7959,6.2935,24.25
2000-01-09,4.3375,6.1639,24.49
2000-01-10,4.2437,6.2758,24.4
2000-01-11,3.9024,6.2112,24.61
2000-01-12,4.547,6.3547,24.96
2000-01-13,4.8091,6.384,24.12
2000-01-14,5.1905,6.4044,23.77
2000-01-15,5.1295,6.3905,23.9
2000-01-16,4.9102,6.419,23.51
2000-01-17,4.8809,6.3005,23.26
2000-01-18,4.782,6.3197,23.46
2000-01-19,3.517,6.4843,24.09
2000-01-20,4.2295,6.2069,24.26
2000-01-21,3.2652,6.0701,24.54
2000-01-22,3.6852,6.2011,25.89
2000-01-23,3.6698,6.4766,26.37
2000-01-24,3.641,6.3022,26.17
2000-01-25,3.6125,6.3276,24.96
2000-01-26,3.2285,6.57,24.07
2000-01-27,3.9698,6.2102,24.1
2000-01-28,4.2403,6.343,24.7
2000-01-29,2.8368,6.6367,24.2
2000-01-30,3.1853,6.3946,24.87
2000-01-31,4.1347,6.0266,25.04
2000-02-01,3.0348,6.499,24.08
2000-02-02,3.2825,6.6948,24.3
2000-02-03,3.6701,6.3658,24.74
2000-02-04,1.4794,6.7452,24.42
2000-02-05,3.7872,6.5544,24.66
2000-02-06,4.541,6.5554,26.03
2000-02-07,4.0531,6.7558,26.04
2000-02-08,3.5966,6.5923,25.76
2000-02-09,3.5606,6.5539,25.45
2000-02-10,4.1861,6.9907,25.36
2000-02-11,4.5998,6.624,25.26
2000-02-12,4.1592,6.6866,25.71
2000-02-13,5.2193,6.8258,26.04
2000-02-14,5.7612,6.7774,25.74
2000-02-15,5.0222,7.0128,25.3
2000-02-16,3.0787,6.9473,24.75
2000-02-17,3.7102,6.8942,25.46
2000-02-18,5.5822,6.7385,25.73
2000-02-19,5.1667,6.7438,25.79
2000-02-20,3.4426,7.0181,25.65
2000-02-21,4.493,6.8587,25.29
2000-02-22,4.0596,7.0382,25.01
2000-02-23,3.1831,5.9429,24.78
2000-02-24,3.0775,7.0222,24.79
2000-02-25,3.5575,6.6374,25.5
2000-02-26,4.4256,6.6631,25.88
2000-02-27,2.8325,6.9403,25.26
2000-02-28,3.3838,7.0836,24.73
2000-02-29,4.3234,7.085,25.23
2000-03-01,3.2196,6.9451,25.47
2000-03-02,3.5597,6.4822,25.71
2000-03-03,3.0821,6.6588,25.82
2000-03-04,2.8382,7.087,25.43
2000-03-05,3.1819,6.3763,26.14
2000-03-06,3.3634,7.0488,26.42
2000-03-07,2.8505,6.5683,25.44
2000-03-08,2.8486,6.9962,25.65
2000-03-09,3.203,7.0558,24.63
2000-03-10,4.4306,6.7572,25.46
2000-03-11,4.2737,6.2827,25.99
2000-03-12,3.815,6.505,26.31
2000-03-13,4.5878,6.7111,25.48
2000-03-14,4.2624,6.5232,25.74
2000-03-15,4.1918,6.0043,27.19
2000-03-16,2.9909,7.0414,26.28
2000-03-17,4.2185,6.8141,26.58
2000-03-18,4.4083,6.3151,26.88
2000-03-19,4.5209,6.7234,26.68
2000-03-20,5.3263,6.9312,26.61
2000-03-21,3.8443,6.8448,25.2
2000-03-22,4.0416,6.8539,25.06
2000-03-23,4.3339,6.995,24.7
2000-03-24,6.0998,7.1777,24.38
2000-03-25,4.122,7.1141,24.25
2000-03-26,4.9646,7.1122,24.32
2000-03-27,5.4398,6.9079,25.68
2000-03-28,5.4946,7.0742,26.97
2000-03-29,4.3337,6.7944,27.13
2000-03-30,2.8462,7.1875,26.76
2000-03-31,4.4172,6.3984,26.33
2000-04-01,3.8311,6.8966,27.69
2000-04-02,3.5345,7.0234,27.59
2000-04-03,3.1351,7.057,26.2
2000-04-04,3.3828,6.7721,25.25
2000-04-05,3.2954,6.3734,24.72
2000-04-06,3.7037,6.2597,25.5
2000-04-07,3.623,7.0135,25.39
2000-04-08,4.541,6.5842,27.3
2000-04-09,4.4323,6.9905,27.56
2000-04-10,4.206,7.0116,27.78
2000-04-11,3.0893,7.1628,26.33
2000-04-12,3.8098,6.9588,26.18
2000-04-13,3.8914,6.8786,26.45
2000-04-14,3.9389,7.1165,25.49
2000-04-15,5.9532,7.1462,25.03
2000-04-16,3.233,7.0711,25.18
2000-04-17,3.5503,7.1273,25.2
2000-04-18,4.4158,7.1306,24.7
2000-04-19,3.6274,7.2533,25.28
2000-04-20,3.9017,7.1885,26.69
2000-04-21,2.9201,7.0968,26.43
2000-04-22,4.0334,7.1129,26.99
2000-04-23,4.0368,6.912,25.89
2000-04-24,3.8626,7.4446,26.13
2000-04-25,4.1628,7.1165,25.61
2000-04-26,4.4239,7.0742,26.51
2000-04-27,3.6742,7.217,27.5
2000-04-28,4.0889,7.1513,26.94
2000-04-29,4.1321,7.1945,25.75
2000-04-30,4.2504,6.8659,25.95
2000-05-01,4.8041,7.0404,26.55
2000-05-02,4.6903,7.0409,26.62
2000-05-03,4.1189,7.0056,26.93
2000-05-04,3.3622,7.3286,25.79
2000-05-05,3.8918,7.2595,25.2
2000-05-06,4.4798,7.2041,25.83
2000-05-07,4.9087,7.1206,26.13
2000-05-08,4.5434,7.1734,25.23
2000-05-09,4.8324,7.0586,26.76
2000-05-10,3.935,7.1028,25.33
2000-05-11,4.2758,7.0344,26.38
2000-05-12,3.624,7.2348,25.22
2000-05-13,3.6886,7.3291,25.64
2000-05-14,4.8101,7.1294,25.64
2000-05-15,2.6822,7.1561,24.95
2000-05-16,4.0644,6.9924,25.93
2000-05-17,4.9745,7.1446,26.18
2000-05-18,4.067,7.1234,26.72
2000-05-19,3.6701,7.165,25.71
2000-05-20,4.5715,7.1282,25.36
2000-05-21,4.5682,7.1009,25.53
2000-05-22,3.7882,7.1323,25.98
2000-05-23,4.6798,7.0574,26.93
2000-05-24,4.5694,7.068,25.06
2000-05-25,4.746,7.093,25.33
2000-05-26,5.0914,7.0615,25.66
2000-05-27,3.9799,7.0522,26.3
2000-05-28,2.7238,7.1983,25.4
2000-05-29,4.3056,7.1208,25.89
2000-05-30,4.206,7.0337,25.83
2000-05-31,4.1681,7.1182,26.69
2000-06-01,4.056,7.0922,25.22
2000-06-02,4.0735,7.1256,26.25
2000-06-03,4.8005,6.9785,27.27
2000-06-04,3.3007,7.1575,25.47
2000-06-05,4.9318,6.9662,25.61
2000-06-06,4.7477,7.133,25.56
2000-06-07,4.1971,6.9814,24.66
2000-06-08,4.2226,6.9974,25.72
2000-06-09,4.7909,6.8822,25.24
2000-06-10,4.5187,6.9523,24.97
2000-06-11,4.5634,6.8966,25.53
2000-06-12,3.7152,7.1064,25.87
2000-06-13,4.7652,6.9074,25.91
2000-06-14,4.5948,6.989,26.14
2000-06-15,4.4494,6.7056,26.1
2000-06-16,4.5262,6.8746,25.89
2000-06-17,3.6626,7.121,24.09
2000-06-18,4.1282,6.8378,25.35
2000-06-19,4.2874,6.9667,26.05
2000-06-20,4.3426,6.8801,27.35
2000-06-21,4.1508,7.015,25.55
2000-06-22,4.5156,6.96,24.92
2000-06-23,3.4094,7.0925,24.02
2000-06-24,4.7071,6.9919,25.58
2000-06-25,4.8098,6.9288,25.43
2000-06-26,4.1616,6.8561,26.15
2000-06-27,4.1558,6.5662,26.12
2000-06-28,4.399,6.7872,27.03
2000-06-29,4.3193,6.8018,26.88
2000-06-30,3.7915,7.015,26.91
2000-07-01,5.0935,6.9708,25.72
2000-07-02,3.6602,7.1095,26.31
2000-07-03,5.2426,7.032,26.74
2000-07-04,4.4618,7.0392,25.1
2000-07-05,4.8569,7.1302,25.04
2000-07-06,3.8018,7.092,24.16
2000-07-07,4.1892,7.0207,23.78
2000-07-08,4.709,6.6866,25.12
2000-07-09,3.883,7.1126,26.7
2000-07-10,4.7441,6.8911,26.5
2000-07-11,4.2869,7.0507,26.59
2000-07-12,4.4477,6.9804,26.23
2000-07-13,3.3994,7.1258,26.45
2000-07-14,3.7702,7.0176,26.39
2000-07-15,4.5226,6.9626,25.22
2000-07-16,4.5727,7.0478,26.06
2000-07-17,4.2283,7.0109,26.21
2000-07-18,5.2862,7.0358,25.76
2000-07-19,5.016,7.0435,25.25
2000-07-20,5.0983,6.9778,25.05
2000-07-21,4.4122,7.2804,24.76
2000-07-22,5.413,7.043,25.01
2000-07-23,4.5761,6.7459,27.15
2000-07-24,4.3596,7.0704,25.93
2000-07-25,4.7186,7.1681,25.62
2000-07-26,4.6702,6.9888,24.69
2000-07-27,4.7798,7.0154,24.88
2000-07-28,3.8693,7.2226,23.72
2000-07-29,4.1719,7.0445,23.71
2000-07-30,4.5374,6.8659,23.74
2000-07-31,5.1893,6.965,24.25
2000-08-01,4.277,7.2773,25.62
2000-08-02,4.9313,7.097,24.66
2000-08-03,5.0206,7.1441,24.52
2000-08-04,4.6099,7.236,24.28
2000-08-05,4.0042,7.2806,23.73
2000-08-06,4.849,7.0675,24.47
2000-08-07,5.0806,7.0262,25.31
2000-08-08,4.5173,7.2454,24.0
2000-08-09,2.8447,7.2379,25.09
2000-08-10,5.0074,7.1388,24.75
2000-08-11,5.1283,7.085,25.73
2000-08-12,4.4532,7.2211,25.2
2000-08-13,4.711,7.1926,25.09
2000-08-14,4.4652,6.9034,24.48
2000-08-15,5.0189,7.1544,25.57
2000-08-16,4.7971,7.0843,25.61
2000-08-17,5.305,7.0709,25.84
2000-08-18,3.409,7.2775,25.29
2000-08-19,5.4077,7.0666,25.53
2000-08-20,4.5358,7.0282,25.74
2000-08-21,4.788,7.127,26.2
2000-08-22,4.152,6.6005,26.91
2000-08-23,4.9109,7.176,25.35
2000-08-24,3.7214,7.1213,25.03
2000-08-25,4.4933,7.2617,24.76
2000-08-26,4.3678,7.164,24.77
2000-08-27,4.9114,6.9391,25.63
2000-08-28,3.515,7.3392,25.3
2000-08-29,4.4599,7.3306,24.21
2000-08-30,5.2543,7.1765,25.35
2000-08-31,3.4925,7.0786,24.78
2000-09-01,4.2631,7.2415,24.69
2000-09-02,4.4537,7.0291,24.23
2000-09-03,4.337,7.11,24.42
2000-09-04,3.1414,7.2122,23.7
2000-09-05,4.3591,7.3042,24.39
2000-09-06,4.9236,7.1148,24.54
2000-09-07,4.6764,6.995,25.11
2000-09-08,5.2111,7.0824,24.67
2000-09-09,4.9142,7.2401,24.53
2000-09-10,4.6308,7.181,24.63
2000-09-11,3.8986,6.7757,23.98
2000-09-12,5.8058,7.1873,24.97
2000-09-13,4.5617,7.1436,25.7
2000-09-14,4.4191,7.3051,24.97
2000-09-15,4.8569,7.0039,23.76
2000-09-16,5.2123,7.0946,23.97
2000-09-17,4.3798,7.2528,24.97
2000-09-18,5.1235,7.0147,24.93
2000-09-19,4.1801,7.1021,24.18
2000-09-20,2.7751,7.3162,23.95
2000-09-21,5.0422,7.123,24.85
2000-09-22,4.543,7.1047,25.48
2000-09-23,4.2487,7.1599,25.13
2000-09-24,4.3008,7.3013,24.03
2000-09-25,5.3717,7.2444,24.16
2000-09-26,4.4162,7.1873,24.46
2000-09-27,1.7964,7.2869,23.9
2000-09-28,4.8355,7.1395,23.92
2000-09-29,2.9546,7.2744,23.32
2000-09-30,5.0153,7.1359,24.19
2000-10-01,5.2234,6.9706,23.99
2000-10-02,4.0366,7.285,24.59
2000-10-03,5.807,7.1374,24.39
2000-10-04,4.439,7.0901,24.06
2000-10-05,5.1022,7.1081,24.38
2000-10-06,4.3478,6.9038,25.69
2000-10-07,3.7937,7.0128,25.36
2000-10-08,3.5522,7.1522,25.17
2000-10-09,4.2955,6.7291,24.55
2000-10-10,4.3874,6.887,24.55
2000-10-11,4.3226,6.4896,25.06
2000-10-12,4.3798,6.7999,23.77
2000-10-13,4.379,6.9821,24.38
2000-10-14,5.2548,6.9322,24.33
2000-10-15,3.2393,7.1069,24.28
2000-10-16,5.0398,6.9982,24.68
2000-10-17,4.0373,6.6722,25.7
2000-10-18,4.0454,6.9386,25.12
2000-10-19,4.2482,6.6091,24.39
2000-10-20,4.8355,6.8731,24.12
2000-10-21,2.8625,6.9283,24.15
2000-10-22,4.5072,6.8887,25.16
2000-10-23,3.9941,6.5633,24.63
2000-10-24,2.173,7.0044,24.51
2000-10-25,4.4755,6.9098,25.32
2000-10-26,5.027,6.6156,24.54
2000-10-27,3.8707,6.9871,24.9
2000-10-28,3.7723,6.6247,25.49
2000-10-29,3.9178,6.7493,25.28
2000-10-30,4.7114,6.7315,24.05
2000-10-31,4.9874,6.7495,24.09
2000-11-01,4.2086,6.5738,24.26
2000-11-02,2.7847,6.7591,23.92
2000-11-03,4.8487,6.5786,24.68
2000-11-04,4.5022,6.5779,24.91
2000-11-05,4.1801,6.6919,24.92
2000-11-06,5.1166,6.443,25.11
2000-11-07,4.7076,6.5501,24.59
2000-11-08,4.6997,6.499,24.02
2000-11-09,5.2937,6.6094,24.38
2000-11-10,5.0134,6.7097,23.91
2000-11-11,2.8574,6.7214,23.97
2000-11-12,5.581,6.672,24.0
2000-11-13,5.9167,6.6614,24.32
2000-11-14,5.0834,6.4685,24.04
2000-11-15,4.3762,6.2702,25.35
2000-11-16,4.3802,6.3823,25.85
2000-11-17,4.3778,6.4044,24.73
2000-11-18,3.2242,6.6144,24.69
2000-11-19,4.0596,6.0619,24.06
2000-11-20,3.9444,6.1774,25.48
2000-11-21,5.196,6.3679,25.37
2000-11-22,5.0282,6.3694,25.36
2000-11-23,4.0272,6.1958,25.27
2000-11-24,4.3138,6.2554,25.37
2000-11-25,3.4843,6.0744,25.1
2000-11-26,4.3046,6.4375,25.02
2000-11-27,3.5126,6.3922,25.38
2000-11-28,3.8882,5.9986,25.3
2000-11-29,3.5959,6.4694,25.27
2000-11-30,4.3145,6.2323,25.62
2000-12-01,3.708,6.1404,24.5
2000-12-02,3.294,6.2592,24.25
2000-12-03,3.4486,6.2602,24.27
2000-12-04,4.6277,6.2503,24.63
2000-12-05,3.4546,6.4157,24.03
2000-12-06,3.157,6.3326,24.19
2000-12-07,3.3259,5.9539,24.66
2000-12-08,3.8906,6.0636,25.67
2000-12-09,3.4054,6.3026,25.85
2000-12-10,2.3755,6.2971,25.26
2000-12-11,1.53,6.293,25.47
2000-12-12,4.1093,6.0389,26.09
2000-12-13,4.7016,6.2873,25.02
2000-12-14,3.3091,6.0547,25.1
2000-12-15,3.9149,6.0163,24.6
2000-12-16,4.0877,6.2813,24.19
2000-12-17,5.0753,6.1178,24.8
2000-12-18,4.872,6.1373,24.7
2000-12-19,3.1433,6.2525,24.53
2000-12-20,4.0222,6.1726,24.9
2000-12-21,3.6958,6.1627,25.32
2000-12-22,4.4126,6.1512,24.8
2000-12-23,3.8006,6.0583,25.66
2000-12-24,3.5935,6.2407,25.62
2000-12-25,2.7617,6.2705,24.96
2000-12-26,3.6346,6.0946,26.03
2000-12-27,2.7192,6.2866,24.92
2000-12-28,4.0572,6.1757,24.5
2000-12-29,4.0274,6.2146,24.55
2000-12-30,3.5786,6.0355,23.97
2000-12-31,4.0922,6.0398,25.22
2001-01-01,3.8592,6.3046,25.03
2001-01-02,4.3099,6.4397,25.89
2001-01-03,4.2742,6.2825,25.45
2001-01-04,3.7049,6.3226,24.55
2001-01-05,3.7226,6.1025,24.62
2001-01-06,3.995,6.209,24.33
2001-01-07,3.5112,6.2124,24.69
2001-01-08,3.0941,6.3346,25.23
2001-01-09,4.5002,6.2203,25.69
2001-01-10,3.269,6.0586,24.88
2001-01-11,3.2642,5.6508,24.69
2001-01-12,3.9862,6.0516,24.8
2001-01-13,3.9082,6.2534,24.86
2001-01-14,4.3236,6.313,25.41
2001-01-15,4.5552,6.2923,25.14
2001-01-16,4.1618,6.1301,25.05
2001-01-17,4.0452,6.1634,24.8
2001-01-18,3.87,6.1793,25.02
2001-01-19,3.1526,6.2923,25.04
2001-01-20,4.3274,6.4922,24.78
2001-01-21,4.3351,6.3821,24.85
2001-01-22,3.6547,6.2074,24.55
2001-01-23,2.9849,6.1687,24.19
2001-01-24,3.372,6.3797,24.99
2001-01-25,4.2701,6.4738,25.85
2001-01-26,4.3154,6.5174,25.91
2001-01-27,4.0346,5.9047,25.93
2001-01-28,4.6505,6.5414,25.19
2001-01-29,5.501,6.7164,25.82
2001-01-30,5.1809,6.6466,25.67
2001-01-31,5.0515,6.5714,25.8
2001-02-01,5.2289,6.6254,25.43
2001-02-02,5.3299,6.6506,25.33
2001-02-03,4.4443,6.139,25.36
2001-02-04,5.0314,6.4147,25.92
2001-02-05,3.972,6.4382,26.22
2001-02-06,4.6274,6.6305,26.84
2001-02-07,4.177,6.8294,27.4
2001-02-08,4.345,6.7886,27.62
2001-02-09,4.5898,6.8897,27.02
2001-02-10,4.9008,7.0236,27.49
2001-02-11,4.3538,6.7951,27.46
2001-02-12,4.7873,6.7272,27.64
2001-02-13,4.8062,6.9238,27.95
2001-02-14,4.3884,6.9403,26.73
2001-02-15,4.7592,6.619,26.85
2001-02-16,4.6241,6.3422,27.26
2001-02-17,4.1964,6.4183,27.01
2001-02-18,3.4459,6.6492,26.8
2001-02-19,4.019,6.2964,26.46
2001-02-20,3.3034,6.4459,26.54
2001-02-21,4.5482,6.6979,26.07
2001-02-22,5.527,6.8693,26.05
2001-02-23,4.6502,6.3593,26.4
2001-02-24,4.5799,6.6274,25.99
2001-02-25,3.4697,6.4615,26.01
2001-02-26,3.071,6.8196,26.02
2001-02-27,4.4688,6.8542,26.15
2001-02-28,4.8559,7.0747,26.24
2001-03-01,4.6889,6.9065,26.12
2001-03-02,4.5814,7.0027,26.48
2001-03-03,4.0802,6.9857,26.87
2001-03-04,3.6857,6.851,26.95
2001-03-05,2.9026,6.8604,26.03
2001-03-06,2.5788,6.6593,25.46
2001-03-07,2.0119,6.8203,23.88
2001-03-08,3.1783,6.9881,25.7
2001-03-09,3.2263,6.5551,26.47
2001-03-10,3.833,6.8155,26.95
2001-03-11,3.6005,7.103,27.33
2001-03-12,5.3333,7.002,27.96
2001-03-13,4.4268,6.7406,27.99
2001-03-14,3.9384,6.4126,28.11
2001-03-15,4.4856,6.4882,27.78
2001-03-16,4.4287,6.0262,27.58
2001-03-17,4.4988,6.0528,27.21
2001-03-18,4.2828,5.8032,26.94
2001-03-19,3.9598,6.6617,26.7
2001-03-20,3.7697,6.5614,26.15
2001-03-21,2.9225,6.4574,25.31
2001-03-22,4.3512,6.6245,25.55
2001-03-23,4.0906,6.5386,25.82
2001-03-24,3.8354,6.9996,26.23
2001-03-25,3.8537,6.8004,25.72
2001-03-26,3.5114,7.0469,25.68
2001-03-27,3.8786,7.0373,26.75
2001-03-28,4.2607,6.7102,27.55
2001-03-29,2.0683,6.743,27.36
2001-03-30,5.015,6.9497,26.82
2001-03-31,3.9528,6.8796,27.84
2001-04-01,4.2677,6.839,27.59
2001-04-02,4.3963,6.8011,27.36
2001-04-03,3.9566,6.8616,27.88
2001-04-04,3.3674,6.7608,27.69
2001-04-05,4.0654,6.6259,27.37
2001-04-06,3.678,6.7306,27.31
2001-04-07,3.3828,6.6756,27.74
2001-04-08,4.8007,7.0639,26.25
2001-04-09,3.6,7.1801,27.12
2001-04-10,3.5441,6.9456,26.32
2001-04-11,3.7306,7.0997,26.16
2001-04-12,4.4659,7.1383,26.72
2001-04-13,3.8916,7.0896,26.15
2001-04-14,3.3223,6.9113,27.16
2001-04-15,4.6932,7.0728,26.4
2001-04-16,3.7939,7.0262,26.29
2001-04-17,3.9204,6.9962,25.99
2001-04-18,4.1566,7.0666,26.96
2001-04-19,2.7698,7.2528,25.99
2001-04-20,4.2367,6.9833,25.78
2001-04-21,4.5924,7.001,27.8
2001-04-22,4.2751,7.1441,27.03
2001-04-23,4.602,7.1206,27.74
2001-04-24,4.6325,7.0529,28.06
2001-04-25,3.4445,6.9816,27.31
2001-04-26,3.3269,6.9893,26.55
2001-04-27,3.6742,7.1854,28.38
2001-04-28,4.2946,7.2658,28.17
2001-04-29,4.2684,7.2773,27.19
2001-04-30,3.4894,7.2763,27.64
2001-05-01,4.1328,7.3915,26.79
2001-05-02,3.3199,7.1558,26.77
2001-05-03,3.1214,7.1782,26.17
2001-05-04,3.9593,7.0781,25.45
2001-05-05,3.4769,7.1659,27.08
2001-05-06,4.3574,7.1263,26.91
2001-05-07,3.396,7.0579,26.6
2001-05-08,3.7169,7.1251,26.22
2001-05-09,4.2602,7.1206,26.41
2001-05-10,4.5922,7.259,27.56
2001-05-11,4.2487,7.2382,28.6
2001-05-12,2.8922,7.0596,26.98
2001-05-13,2.4814,6.8683,27.1
2001-05-14,5.0062,7.0517,26.12
2001-05-15,3.4937,7.0757,24.99
2001-05-16,4.873,7.0915,25.18
2001-05-17,4.2643,7.2809,26.71
2001-05-18,3.7697,7.0673,26.07
2001-05-19,3.0329,7.1273,26.06
2001-05-20,4.8869,7.0416,25.32
2001-05-21,3.438,7.2511,24.78
2001-05-22,5.3844,7.1846,25.36
2001-05-23,4.0433,7.2497,25.24
2001-05-24,4.6697,7.319,25.1
2001-05-25,4.5175,7.1198,24.91
2001-05-26,4.8,7.1592,24.43
2001-05-27,4.7676,7.0217,24.36
2001-05-28,5.1089,7.0478,24.39
2001-05-29,4.3603,7.1602,25.31
2001-05-30,4.7153,7.0735,25.34
2001-05-31,3.7248,7.1592,24.49
2001-06-01,3.5794,7.087,23.74
2001-06-02,4.3867,7.1676,24.09
2001-06-03,4.6733,7.1227,24.85
2001-06-04,4.4107,7.0524,24.02
2001-06-05,3.9638,6.9014,24.74
2001-06-06,4.9462,6.9074,25.07
2001-06-07,3.6797,7.0284,25.53
2001-06-08,5.1204,7.0855,24.92
2001-06-09,4.6176,7.0723,26.32
2001-06-10,4.3656,6.985,24.95
2001-06-11,3.8551,7.0978,24.96
2001-06-12,4.5792,6.9859,25.48
2001-06-13,4.7448,7.0402,25.05
2001-06-14,3.564,7.0678,24.06
2001-06-15,4.4743,6.9816,24.67
2001-06-16,3.2124,7.0435,25.52
2001-06-17,4.3886,7.146,25.6
2001-06-18,4.8048,7.1398,25.61
2001-06-19,4.6632,7.1455,26.34
2001-06-20,3.881,7.1172,26.8
2001-06-21,5.0074,7.157,25.32
2001-06-22,4.6459,7.019,25.17
2001-06-23,4.5336,6.9569,25.29
2001-06-24,4.1796,7.0694,25.16
2001-06-25,4.6226,7.099,25.26
2001-06-26,4.9294,6.9631,27.01
2001-06-27,4.7042,7.0207,26.08
2001-06-28,3.9638,7.019,26.23
2001-06-29,3.1709,6.8654,25.35
2001-06-30,2.9383,6.863,24.65
2001-07-01,4.3291,6.9679,24.62
2001-07-02,4.3536,7.0034,25.18
2001-07-03,4.5624,7.0615,25.7
2001-07-04,4.0903,7.1006,25.72
2001-07-05,2.9986,6.8129,25.46
2001-07-06,4.4786,6.9778,24.6
2001-07-07,4.4614,7.0673,25.46
2001-07-08,4.1868,6.971,24.97
2001-07-09,3.9917,7.085,24.12
2001-07-10,3.5138,7.0622,24.42
2001-07-11,4.385,7.0315,24.85
2001-07-12,3.9187,7.0853,24.82
2001-07-13,4.7196,7.1076,25.85
2001-07-14,3.0953,6.977,24.74
2001-07-15,4.2074,7.0414,24.17
2001-07-16,5.5262,7.1326,25.57
2001-07-17,4.1359,7.1201,26.79
2001-07-18,5.19,7.1292,25.1
2001-07-19,4.5854,7.1798,24.08
2001-07-20,4.2619,7.0999,23.63
2001-07-21,3.9024,7.1124,24.68
2001-07-22,4.6207,7.0344,24.18
2001-07-23,4.5636,7.1364,24.04
2001-07-24,5.286,7.0838,24.72
2001-07-25,4.9409,7.1971,24.83
2001-07-26,4.152,7.0752,24.81
2001-07-27,4.5715,7.2139,23.91
2001-07-28,5.0179,7.1201,25.08
2001-07-29,5.4118,7.1676,26.31
2001-07-30,4.0586,6.8964,25.34
2001-07-31,4.9567,6.888,24.85
2001-08-01,4.9433,7.1018,25.56
2001-08-02,4.7179,7.2773,25.03
2001-08-03,4.9094,7.0913,25.37
2001-08-04,3.5597,7.1839,24.56
2001-08-05,4.5014,7.0466,25.3
2001-08-06,4.5929,7.145,26.11
2001-08-07,4.4914,7.2305,25.27
2001-08-08,5.1221,7.0692,24.85
2001-08-09,4.818,7.0786,25.14
2001-08-10,5.2687,7.1813,24.95
2001-08-11,3.7901,7.1232,25.47
2001-08-12,5.1346,7.2108,26.36
2001-08-13,3.3854,7.1371,26.27
2001-08-14,4.7486,7.0322,26.11
2001-08-15,4.2924,6.9626,26.04
2001-08-16,4.3882,6.9012,25.48
2001-08-17,4.9394,7.0051,26.24
2001-08-18,4.1686,7.0474,25.85
2001-08-19,4.4614,7.0001,25.51
2001-08-20,4.4753,7.1417,25.72
2001-08-21,4.6368,7.2214,25.46
2001-08-22,5.2382,7.0488,24.75
2001-08-23,3.8203,7.1143,24.94
2001-08-24,4.7345,7.133,25.94
2001-08-25,4.4179,7.1938,24.49
2001-08-26,4.7242,7.0951,24.88
2001-08-27,5.2505,7.3541,25.16
2001-08-28,4.4405,7.2814,25.4
2001-08-29,5.4125,7.3298,25.26
2001-08-30,5.6518,7.4314,25.73
2001-08-31,5.2572,7.3114,25.72
2001-09-01,4.6481,7.1616,25.24
2001-09-02,2.617,7.0764,24.65
2001-09-03,4.5852,7.2283,24.71
2001-09-04,4.1719,7.1834,24.04
2001-09-05,4.307,7.3212,23.62
2001-09-06,4.5024,7.1822,24.15
2001-09-07,5.2838,7.2703,24.87
2001-09-08,4.3999,7.3822,24.74
2001-09-09,4.3822,7.219,24.41
2001-09-10,4.6848,7.2994,24.71
2001-09-11,5.2006,7.1858,24.68
2001-09-12,2.8512,7.0862,23.99
2001-09-13,4.4926,7.2259,24.12
2001-09-14,4.7232,7.3094,24.66
2001-09-15,5.1122,7.4105,23.34
2001-09-16,4.9238,7.4443,25.27
2001-09-17,4.7741,7.3289,25.97
2001-09-18,4.4537,7.2768,24.51
2001-09-19,4.5518,7.1208,24.09
2001-09-20,4.6776,7.0999,24.62
2001-09-21,4.3169,7.1172,24.91
2001-09-22,4.0646,7.1724,24.45
2001-09-23,4.2094,7.177,24.27
2001-09-24,4.7246,7.3097,23.62
2001-09-25,4.8214,7.2374,25.01
2001-09-26,4.8895,7.2701,25.18
2001-09-27,2.6738,7.2103,24.55
2001-09-28,4.9481,7.1618,23.99
2001-09-29,5.2006,7.002,24.0
2001-09-30,3.265,7.2235,24.36
2001-10-01,4.0171,7.2096,25.64
2001-10-02,4.853,7.1712,25.74
2001-10-03,5.1686,7.0735,25.87
2001-10-04,4.7688,6.8208,25.06
2001-10-05,4.8672,7.0848,24.72
2001-10-06,4.3039,7.175,24.65
2001-10-07,4.2614,7.129,24.79
2001-10-08,4.0195,7.1532,25.19
2001-10-09,4.2739,7.0282,25.11
2001-10-10,2.7017,6.9722,25.15
2001-10-11,4.71,6.8933,24.61
2001-10-12,4.3435,6.9413,26.0
2001-10-13,3.085,6.8086,25.1
2001-10-14,4.1436,6.8153,25.06
2001-10-15,4.9766,6.9775,24.98
2001-10-16,2.8176,7.0565,24.7
2001-10-17,4.3279,6.8626,23.3
2001-10-18,5.6112,6.9146,24.3
2001-10-19,4.9267,6.8971,25.41
2001-10-20,4.5576,6.923,25.15
2001-10-21,4.4854,6.8184,24.27
2001-10-22,4.4436,6.8033,23.91
2001-10-23,2.9472,6.8741,24.3
2001-10-24,4.5713,6.7339,24.48
2001-10-25,4.1237,6.7555,25.9
2001-10-26,3.8119,6.6559,25.68
2001-10-27,4.4261,6.5762,25.05
2001-10-28,4.6159,6.8189,24.86
2001-10-29,5.2733,6.8525,25.29
2001-10-30,4.4714,6.8359,23.97
2001-10-31,4.1213,6.7846,24.42
2001-11-01,4.4791,6.7351,24.36
2001-11-02,4.7194,6.8472,23.96
2001-11-03,6.1106,6.851,24.43
2001-11-04,5.1055,6.8443,24.84
2001-11-05,3.9857,6.7416,24.99
2001-11-06,3.1272,6.6682,24.56
2001-11-07,4.2542,6.4817,24.87
2001-11-08,4.2048,6.4224,25.41
2001-11-09,4.8355,6.5822,23.97
2001-11-10,4.1388,6.4663,24.39
2001-11-11,4.2581,6.3722,24.82
2001-11-12,4.7167,6.4848,25.58
2001-11-13,3.9137,6.576,24.9
2001-11-14,4.2475,6.6178,25.01
2001-11-15,4.5475,6.6053,24.92
2001-11-16,4.3584,6.6007,24.32
2001-11-17,4.1153,6.4745,24.85
2001-11-18,4.4366,6.4373,24.6
2001-11-19,4.4227,6.2263,24.18
2001-11-20,4.3771,5.9129,24.08
2001-11-21,4.1304,6.3098,24.12
2001-11-22,4.4724,6.3439,24.06
2001-11-23,4.326,6.4646,25.02
2001-11-24,3.661,6.4591,24.48
2001-11-25,2.5783,6.3859,25.1
2001-11-26,3.7236,6.3994,23.97
2001-11-27,3.4147,6.198,24.06
2001-11-28,4.8238,6.2642,24.48
2001-11-29,4.7441,6.3638,24.84
2001-11-30,5.0875,6.4224,24.64
2001-12-01,4.9198,6.4387,24.04
2001-12-02,5.2392,6.4634,23.61
2001-12-03,4.5946,6.3221,23.95
2001-12-04,4.8691,6.2731,25.6
2001-12-05,3.8009,6.1882,25.71
2001-12-06,4.308,6.2316,26.23
2001-12-07,2.7214,6.2155,25.68
2001-12-08,1.6975,6.2866,25.06
2001-12-09,4.4414,6.2914,24.55
2001-12-10,3.3338,6.3132,25.31
2001-12-11,3.48,6.2678,25.9
2001-12-12,3.5239,6.2162,25.5
2001-12-13,1.7798,6.329,25.58
2001-12-14,5.0446,6.3751,25.5
2001-12-15,5.1691,6.4037,25.21
2001-12-16,3.6708,6.2674,25.3
2001-12-17,2.849,6.173,25.33
2001-12-18,1.4954,6.217,25.61
2001-12-19,4.4957,6.1442,25.23
2001-12-20,3.5225,6.1685,24.03
2001-12-21,2.0222,6.0492,24.39
2001-12-22,4.8312,6.1114,25.42
2001-12-23,3.9679,6.1994,26.04
2001-12-24,2.5099,6.2669,25.13
2001-12-25,4.1515,6.1337,25.1
2001-12-26,4.4225,6.1908,25.18
2001-12-27,4.6502,6.0451,25.72
2001-12-28,3.5534,6.1001,26.56
2001-12-29,2.9386,6.2206,25.41
2001-12-30,2.6486,6.1865,25.0
2001-12-31,4.8168,6.3533,26.1
2002-01-01,5.0146,6.4162,26.19
2002-01-02,3.8417,6.4478,25.72
2002-01-03,2.6962,6.3607,25.22
2002-01-04,4.505,6.3017,25.81
2002-01-05,4.9058,6.329,25.96
2002-01-06,2.9638,6.1824,26.22
2002-01-07,3.5107,6.1949,25.43
2002-01-08,3.9396,6.0955,25.1
2002-01-09,3.7814,6.2069,24.78
2002-01-10,4.2715,6.2719,24.73
2002-01-11,5.1542,6.2446,25.48
2002-01-12,4.6246,6.234,25.63
2002-01-13,3.7426,6.0516,25.12
2002-01-14,3.2335,6.1598,25.6
2002-01-15,3.3434,6.1481,25.94
2002-01-16,3.9612,6.2234,25.96
2002-01-17,3.8232,6.2522,25.7
2002-01-18,4.5482,6.367,25.73
2002-01-19,4.3358,6.4543,25.93
2002-01-20,4.6217,6.3218,26.35
2002-01-21,3.9199,6.407,26.48
2002-01-22,4.3169,6.4339,26.32
2002-01-23,4.1297,6.2633,25.74
2002-01-24,4.7369,6.4891,26.53
2002-01-25,3.265,6.4666,25.93
2002-01-26,4.309,6.4121,26.23
2002-01-27,4.7755,6.6252,25.73
2002-01-28,4.6402,6.6163,26.47
2002-01-29,4.0942,6.563,26.65
2002-01-30,3.9684,6.5256,27.02
2002-01-31,3.5134,6.4598,26.47
2002-02-01,3.0166,6.6917,26.07
2002-02-02,3.3382,6.5729,25.64
2002-02-03,3.5426,6.4238,26.87
2002-02-04,4.3502,6.588,25.89
2002-02-05,5.4564,6.8026,25.2
2002-02-06,4.943,6.7992,25.61
2002-02-07,2.8966,6.6293,25.66
2002-02-08,4.5115,6.5446,25.71
2002-02-09,4.3037,6.4315,25.24
2002-02-10,4.5103,6.6043,26.4
2002-02-11,3.859,6.3974,26.56
2002-02-12,4.3762,6.6154,26.25
2002-02-13,4.1882,6.7428,26.3
2002-02-14,4.4806,6.6504,26.57
2002-02-15,4.405,6.4894,26.66
2002-02-16,3.8186,6.6847,26.72
2002-02-17,3.8213,6.5664,26.81
2002-02-18,3.1615,6.7709,26.56
2002-02-19,4.6898,6.671,27.25
2002-02-20,4.6418,6.7418,27.66
2002-02-21,4.7664,6.7555,27.63
2002-02-22,3.9156,6.6751,26.35
2002-02-23,2.3525,6.7296,25.01
2002-02-24,4.9826,6.6655,26.87
2002-02-25,3.955,6.8561,27.18
2002-02-26,3.6866,6.9946,27.24
2002-02-27,3.5738,6.7483,26.49
2002-02-28,4.7306,6.5983,26.79
2002-03-01,4.8845,6.8618,26.89
2002-03-02,4.4033,6.9782,27.11
2002-03-03,3.4457,6.948,27.45
2002-03-04,4.667,6.7438,27.65
2002-03-05,4.8948,6.9326,27.39
2002-03-06,3.8342,6.81,26.69
2002-03-07,5.1322,6.7178,27.23
2002-03-08,4.296,6.773,27.56
2002-03-09,4.2768,6.727,27.26
2002-03-10,3.9214,6.5016,27.59
2002-03-11,3.9828,6.4752,27.18
2002-03-12,3.037,6.498,28.05
2002-03-13,3.9869,6.9667,27.69
2002-03-14,3.4807,7.0118,27.32
2002-03-15,4.4873,6.7356,26.96
2002-03-16,4.2266,6.9605,28.25
2002-03-17,4.8835,6.9043,28.69
2002-03-18,4.9152,6.9372,29.0
2002-03-19,3.623,7.0567,27.2
2002-03-20,5.4377,7.0195,27.51
2002-03-21,4.4628,6.9682,26.48
2002-03-22,4.458,7.1366,25.69
2002-03-23,4.7323,7.0759,27.24
2002-03-24,4.1386,7.189,28.13
2002-03-25,4.5506,7.2826,29.05
2002-03-26,4.5542,7.2994,29.52
2002-03-27,4.0051,7.267,28.32
2002-03-28,3.4954,7.3087,26.78
2002-03-29,4.5948,7.4549,26.35
2002-03-30,5.3455,7.285,27.41
2002-03-31,4.9471,7.3246,28.99
2002-04-01,4.4006,7.0829,28.17
2002-04-02,4.3109,7.307,27.53
2002-04-03,2.2898,7.1023,27.74
2002-04-04,3.8918,7.2509,27.89
2002-04-05,2.9474,7.1472,27.42
2002-04-06,3.4992,7.3022,25.78
2002-04-07,4.1383,7.3649,25.12
2002-04-08,4.4114,7.285,26.83
2002-04-09,4.4246,7.1765,27.13
2002-04-10,5.1091,7.2247,26.95
2002-04-11,3.8105,7.4618,26.26
2002-04-12,5.335,7.2934,25.74
2002-04-13,5.1667,7.1359,26.3
2002-04-14,5.364,7.1933,26.32
2002-04-15,4.3742,7.1741,26.68
2002-04-16,3.4466,7.2634,27.47
2002-04-17,4.5418,7.1374,27.65
2002-04-18,3.552,7.2806,26.52
2002-04-19,4.1263,7.3094,26.55
2002-04-20,4.6829,7.309,26.51
2002-04-21,4.3142,7.1909,27.04
2002-04-22,4.2593,7.1093,25.87
2002-04-23,3.8285,7.2262,26.89
2002-04-24,3.773,7.2115,26.48
2002-04-25,4.0579,7.2389,24.98
2002-04-26,4.1426,7.2742,25.92
2002-04-27,4.5427,7.1762,26.39
2002-04-28,4.6987,7.1688,26.91
2002-04-29,5.0371,7.2286,27.65
2002-04-30,2.9861,7.2324,26.68
2002-05-01,4.2984,7.1054,28.13
2002-05-02,4.2842,7.1314,28.07
2002-05-03,4.805,7.1338,27.65
2002-05-04,4.0817,7.3253,27.39
2002-05-05,4.6116,7.2588,28.31
2002-05-06,4.2072,7.3246,27.96
2002-05-07,4.8811,7.1568,27.39
2002-05-08,3.6132,7.1098,27.37
2002-05-09,4.0606,7.1393,26.71
2002-05-10,4.6337,7.1496,26.45
2002-05-11,3.2582,7.2254,26.81
2002-05-12,4.2646,7.1208,26.92
2002-05-13,4.7928,7.2725,27.05
2002-05-14,4.6603,7.0486,27.27
2002-05-15,4.0702,7.044,27.05
2002-05-16,4.5286,7.0548,26.73
2002-05-17,1.134,7.0334,26.16
2002-05-18,5.0198,7.2029,25.78
2002-05-19,4.4386,7.1196,25.65
2002-05-20,2.9597,7.2545,25.07
2002-05-21,5.011,6.9826,25.07
2002-05-22,4.1234,7.1004,25.02
2002-05-23,4.6848,7.0037,26.22
2002-05-24,5.8572,7.152,25.46
2002-05-25,2.6537,7.1563,25.32
2002-05-26,6.0511,7.325,24.95
2002-05-27,6.1387,7.3531,25.57
2002-05-28,6.4145,7.2684,25.28
2002-05-29,5.8342,7.2106,24.97
2002-05-30,4.5842,6.9962,25.28
2002-05-31,4.0692,6.9658,25.52
2002-06-01,3.5988,7.1278,24.67
2002-06-02,4.9529,6.9852,24.21
2002-06-03,3.9142,7.104,24.57
2002-06-04,4.4472,6.9403,24.59
2002-06-05,3.9168,6.9137,24.61
2002-06-06,5.3986,7.0018,25.1
2002-06-07,4.8485,7.021,24.37
2002-06-08,4.8665,7.0618,25.08
2002-06-09,3.6274,7.1866,24.31
2002-06-10,4.2384,7.1045,24.23
2002-06-11,4.5497,6.9842,24.55
2002-06-12,5.4701,7.061,24.52
2002-06-13,3.6197,6.9094,25.08
2002-06-14,4.5926,7.087,24.7
2002-06-15,3.9787,6.8825,25.89
2002-06-16,4.3824,6.8784,25.92
2002-06-17,4.6817,6.9178,24.77
2002-06-18,4.5953,6.8959,24.84
2002-06-19,4.7894,7.08,25.53
2002-06-20,4.3752,7.0488,25.99
2002-06-21,4.2238,6.99,25.5
2002-06-22,4.5408,6.8414,26.92
2002-06-23,4.0946,6.925,26.07
2002-06-24,4.1138,6.899,25.28
2002-06-25,4.2048,6.8251,25.94
2002-06-26,4.476,6.9713,25.86
2002-06-27,4.5202,6.9211,26.24
2002-06-28,4.332,6.8892,25.77
2002-06-29,3.8602,6.9725,26.14
2002-06-30,4.5965,7.133,26.76
2002-07-01,4.739,7.0848,26.8
2002-07-02,4.014,6.8957,26.76
2002-07-03,4.5228,7.027,26.13
2002-07-04,3.7553,7.057,25.74
2002-07-05,2.8771,7.0846,24.69
2002-07-06,3.9782,7.3085,25.52
2002-07-07,4.3848,7.2742,25.04
2002-07-08,4.423,7.1724,26.05
2002-07-09,4.7573,7.2026,26.66
2002-07-10,3.5827,6.9314,26.3
2002-07-11,3.7361,7.0082,25.44
2002-07-12,4.9898,7.1069,24.73
2002-07-13,5.0798,7.0517,26.04
2002-07-14,4.1887,7.1815,25.92
2002-07-15,4.6598,7.045,25.49
2002-07-16,4.7446,7.0464,25.06
2002-07-17,3.966,7.0718,25.34
2002-07-18,4.1359,7.1472,24.96
2002-07-19,4.4249,6.9905,24.42
2002-07-20,4.381,7.1232,25.39
2002-07-21,4.1438,7.1213,25.19
2002-07-22,4.4086,6.8335,25.53
2002-07-23,3.6454,7.1695,25.29
2002-07-24,4.4712,7.0339,25.61
2002-07-25,4.7302,7.267,25.29
2002-07-26,4.6291,7.0836,24.87
2002-07-27,4.651,7.1357,25.65
2002-07-28,4.4086,7.1225,25.53
2002-07-29,5.0191,7.1136,26.2
2002-07-30,5.4082,7.2014,25.03
2002-07-31,3.3845,7.0793,24.86
2002-08-01,5.125,7.1914,25.64
2002-08-02,4.8329,7.1326,25.62
2002-08-03,5.2486,7.1623,25.52
2002-08-04,5.1948,7.0646,24.72
2002-08-05,5.7362,7.2434,25.16
2002-08-06,4.7266,7.1724,25.45
2002-08-07,3.5362,7.1052,25.25
2002-08-08,4.3277,7.1419,24.6
2002-08-09,3.7565,7.182,25.07
2002-08-10,5.1012,7.2305,25.66
2002-08-11,4.4525,7.1158,26.02
2002-08-12,4.0541,7.1266,25.57
2002-08-13,4.4714,7.1198,26.25
2002-08-14,4.8494,7.1261,26.38
2002-08-15,4.608,7.1942,26.92
2002-08-16,5.0525,7.1042,26.87
2002-08-17,5.231,7.2259,26.38
2002-08-18,4.8737,7.1904,25.85
2002-08-19,3.2834,6.9276,25.55
2002-08-20,4.5576,6.9828,24.79
2002-08-21,4.4995,7.2233,25.68
2002-08-22,4.7122,7.1549,25.38
2002-08-23,3.7174,7.0822,25.35
2002-08-24,4.4774,7.3711,25.23
2002-08-25,4.4035,7.0426,25.1
2002-08-26,4.1371,7.2857,24.79
2002-08-27,3.7296,7.1957,24.67
2002-08-28,5.029,7.3094,24.99
2002-08-29,3.8405,7.3848,24.67
2002-08-30,5.46,7.3692,24.27
2002-08-31,4.2218,7.3171,25.68
2002-09-01,4.3603,7.122,24.73
2002-09-02,5.1312,7.2046,24.37
2002-09-03,4.1179,7.3234,24.65
2002-09-04,4.2257,7.0025,25.33
2002-09-05,4.5979,7.0764,25.88
2002-09-06,4.1431,7.3027,25.08
2002-09-07,5.3141,7.3488,25.19
2002-09-08,4.1189,7.3879,25.43
2002-09-09,4.9584,7.1899,25.38
2002-09-10,3.4874,7.1822,25.26
2002-09-11,4.3589,7.1652,24.47
2002-09-12,2.233,7.116,24.42
2002-09-13,4.7174,7.2578,25.34
2002-09-14,2.5106,7.1861,25.5
2002-09-15,4.6596,7.2744,25.87
2002-09-16,4.8422,7.3236,24.82
2002-09-17,4.2785,7.3234,24.51
2002-09-18,3.8959,7.2775,24.2
2002-09-19,4.4998,7.056,24.74
2002-09-20,4.3922,7.0658,24.6
2002-09-21,4.4585,7.164,24.81
2002-09-22,4.7758,7.1897,25.28
2002-09-23,5.1362,7.2454,24.99
2002-09-24,4.5804,7.1122,24.35
2002-09-25,4.1534,7.2101,24.42
2002-09-26,4.6975,7.0721,24.44
2002-09-27,5.7048,7.0894,25.18
2002-09-28,3.6341,6.9283,24.89
2002-09-29,4.9202,6.9806,24.48
2002-09-30,4.5101,7.1782,24.98
2002-10-01,5.153,7.2574,25.09
2002-10-02,4.9344,7.2463,25.15
2002-10-03,3.2873,7.1741,25.15
2002-10-04,4.0394,7.2626,25.26
2002-10-05,4.7794,7.1354,26.24
2002-10-06,4.5024,7.1122,25.69
2002-10-07,3.948,6.9823,24.92
2002-10-08,4.9762,7.0164,25.1
2002-10-09,4.7995,7.0502,25.84
2002-10-10,4.3728,7.0538,25.78
2002-10-11,3.1733,7.0265,25.28
2002-10-12,4.4282,6.8201,24.47
2002-10-13,5.1127,7.0877,25.22
2002-10-14,4.668,7.0226,26.17
2002-10-15,4.3781,7.1162,25.03
2002-10-16,4.3975,6.9802,25.25
2002-10-17,4.686,6.9696,24.96
2002-10-18,4.4878,7.0152,25.13
2002-10-19,4.3706,6.9019,24.93
2002-10-20,4.572,6.929,24.96
2002-10-21,4.3898,6.8299,24.53
2002-10-22,3.8506,6.6878,25.81
2002-10-23,4.2055,6.8678,24.73
2002-10-24,4.4719,6.9113,25.2
2002-10-25,5.0693,6.875,25.05
2002-10-26,4.361,6.8309,24.88
2002-10-27,4.0728,6.7997,24.38
2002-10-28,5.0974,6.7973,24.38
2002-10-29,5.0566,6.9578,24.05
2002-10-30,4.4006,6.5102,24.62
2002-10-31,4.7873,6.6017,25.51
2002-11-01,3.4937,6.6502,25.49
2002-11-02,4.6342,6.5846,25.03
2002-11-03,4.3963,6.5071,25.16
2002-11-04,4.3548,6.5734,25.08
2002-11-05,4.787,6.6521,25.51
2002-11-06,5.01,6.5902,25.18
2002-11-07,4.0771,6.4836,24.27
2002-11-08,4.1105,6.4946,24.08
2002-11-09,4.9951,6.5503,25.1
2002-11-10,4.5137,6.6727,25.94
2002-11-11,4.265,6.6722,25.92
2002-11-12,3.5935,6.5268,25.73
2002-11-13,4.0301,6.3278,24.54
2002-11-14,4.1909,6.5304,25.25
2002-11-15,3.8232,6.4802,25.73
2002-11-16,4.2334,6.3696,25.92
2002-11-17,2.7338,6.3636,25.24
2002-11-18,4.5343,6.4063,25.06
2002-11-19,4.4496,6.5242,25.39
2002-11-20,4.0841,6.4591,26.1
2002-11-21,3.6242,6.4274,25.11
2002-11-22,4.0097,6.415,25.45
2002-11-23,3.0998,6.3079,25.15
2002-11-24,4.6975,6.4054,25.02
2002-11-25,4.3351,6.5326,26.87
2002-11-26,3.7877,6.3895,27.04
2002-11-27,3.6886,6.2902,26.87
2002-11-28,3.8554,6.3564,27.07
2002-11-29,2.7881,6.2002,25.66
2002-11-30,4.2948,6.3751,26.15
2002-12-01,4.4352,6.2988,27.33
2002-12-02,3.6497,6.3139,26.93
2002-12-03,4.086,6.2076,27.38
2002-12-04,3.1152,6.1678,26.13
2002-12-05,4.3476,6.223,25.43
2002-12-06,4.3325,6.2482,26.13
2002-12-07,3.8561,6.1116,26.12
2002-12-08,3.8105,6.0252,26.11
2002-12-09,4.313,6.1692,25.98
2002-12-10,3.6094,6.2417,26.35
2002-12-11,4.4921,6.2114,26.55
2002-12-12,3.5604,6.1061,26.65
2002-12-13,3.1978,6.1315,26.41
2002-12-14,3.5525,6.0977,25.82
2002-12-15,2.5306,6.083,24.81
2002-12-16,3.425,6.2954,24.71
2002-12-17,3.2628,6.3406,23.64
2002-12-18,4.5586,6.031,24.63
2002-12-19,3.5834,6.139,25.45
2002-12-20,3.395,6.2208,25.77
2002-12-21,3.5801,6.1711,26.04
2002-12-22,3.887,6.2566,26.31
2002-12-23,4.0183,6.2525,26.85
2002-12-24,3.9706,6.2304,26.78
2002-12-25,4.0714,6.0264,26.9
2002-12-26,4.1035,6.193,27.06
2002-12-27,4.3366,6.2273,26.96
2002-12-28,3.8225,6.115,26.4
2002-12-29,4.5778,6.012,26.45
2002-12-30,3.8318,5.9095,26.07
2002-12-31,3.9478,5.9278,26.51
2003-01-01,3.6588,6.305,26.99
2003-01-02,4.8886,6.36,27.27
2003-01-03,3.8314,6.0965,27.16
2003-01-04,3.204,6.1555,26.79
2003-01-05,3.6355,6.2407,27.23
2003-01-06,4.0162,6.3547,27.62
2003-01-07,3.8621,6.2256,27.4
2003-01-08,3.6871,6.1135,27.12
2003-01-09,4.1002,6.1721,27.03
2003-01-10,3.7718,6.1656,27.27
2003-01-11,3.4459,6.2748,27.67
2003-01-12,3.4596,6.294,27.41
2003-01-13,4.7844,6.2935,27.69
2003-01-14,4.0562,6.1836,27.15
2003-01-15,3.8033,6.1159,27.1
2003-01-16,4.9135,6.2446,27.02
2003-01-17,3.8179,6.2626,27.08
2003-01-18,3.9718,6.1949,26.81
2003-01-19,3.6982,6.108,26.97
2003-01-20,4.727,6.2402,26.83
2003-01-21,4.9008,6.511,26.59
2003-01-22,3.1267,6.4985,26.0
2003-01-23,5.0741,6.2599,26.16
2003-01-24,4.3606,6.2525,25.51
2003-01-25,4.0205,6.0778,26.57
2003-01-26,3.335,5.9513,26.95
2003-01-27,4.451,6.0617,27.56
2003-01-28,4.3104,6.3197,27.34
2003-01-29,4.7712,6.4723,27.62
2003-01-30,4.8768,6.4594,27.73
2003-01-31,3.8633,6.3002,27.11
2003-02-01,4.1417,6.3518,26.32
2003-02-02,4.499,5.9064,26.83
2003-02-03,4.4479,6.6166,27.48
2003-02-04,3.9859,6.727,27.83
2003-02-05,4.2624,6.6329,28.34
2003-02-06,4.8329,6.5285,28.71
2003-02-07,4.1498,6.6362,28.62
2003-02-08,3.9122,6.4608,28.34
2003-02-09,4.421,6.7006,28.74
2003-02-10,3.9602,6.678,28.43
2003-02-11,3.9271,6.2921,28.15
2003-02-12,4.2166,6.6235,28.06
2003-02-13,3.8585,6.6271,27.94
2003-02-14,4.237,6.7116,27.7
2003-02-15,4.0536,6.5983,28.14
2003-02-16,3.7654,6.6084,28.32
2003-02-17,4.0685,6.4126,28.12
2003-02-18,3.767,6.2969,26.35
2003-02-19,4.2437,6.432,27.34
2003-02-20,4.4155,6.4656,28.25
2003-02-21,4.7964,6.7164,27.66
2003-02-22,3.2057,6.774,27.11
2003-02-23,3.8515,6.5304,27.24
2003-02-24,4.8334,6.3655,28.18
2003-02-25,3.7498,6.4831,28.3
2003-02-26,3.6372,6.5969,27.62
2003-02-27,4.4153,6.3502,27.33
2003-02-28,4.3922,6.5448,28.49
2003-03-01,3.9444,6.6538,28.97
2003-03-02,3.5558,6.7512,27.98
2003-03-03,3.9439,6.6218,27.96
2003-03-04,4.9882,6.7406,29.28
2003-03-05,3.8465,7.1134,29.82
2003-03-06,3.7555,6.9662,29.97
2003-03-07,4.4554,6.7841,29.88
2003-03-08,4.3834,6.3293,29.8
2003-03-09,3.7548,6.3259,29.24
2003-03-10,4.2953,5.88,28.92
2003-03-11,3.7126,5.9465,28.8
2003-03-12,3.4906,6.0089,28.33
2003-03-13,3.0492,5.4533,28.06
2003-03-14,4.2389,6.4217,28.46
2003-03-15,4.351,6.4982,27.43
2003-03-16,5.8205,6.821,27.76
2003-03-17,5.4166,6.9312,27.12
2003-03-18,5.6057,7.0157,27.98
2003-03-19,5.8646,7.1357,27.65
2003-03-20,5.7077,6.6782,27.6
2003-03-21,5.321,7.0207,26.14
2003-03-22,4.896,7.0229,27.7
2003-03-23,5.088,6.7418,27.21
2003-03-24,4.6562,6.5218,26.53
2003-03-25,4.7009,6.5971,25.79
2003-03-26,3.9929,6.3514,26.45
2003-03-27,4.6534,6.7157,26.24
2003-03-28,4.681,6.4951,27.07
2003-03-29,3.1152,6.1346,27.03
2003-03-30,2.7677,6.6732,26.33
2003-03-31,3.7058,6.5078,25.58
2003-04-01,4.2828,6.7524,27.34
2003-04-02,5.1401,6.965,28.38
2003-04-03,4.1568,6.7284,28.37
2003-04-04,3.7056,6.5957,28.13
2003-04-05,3.0638,7.0697,27.91
2003-04-06,3.7728,6.7438,28.89
2003-04-07,4.2312,7.0279,29.19
2003-04-08,2.8546,6.7063,28.27
2003-04-09,2.9422,6.9698,27.1
2003-04-10,4.5888,7.0171,27.43
2003-04-11,3.48,7.0342,26.72
2003-04-12,3.3662,6.8938,26.98
2003-04-13,2.3126,6.5386,25.07
2003-04-14,5.3606,6.9715,26.18
2003-04-15,2.472,7.0478,25.67
2003-04-16,5.814,7.0464,26.92
2003-04-17,5.7982,7.3022,27.55
2003-04-18,3.9086,7.3793,27.11
2003-04-19,4.5962,7.3195,27.5
2003-04-20,4.4141,7.2581,26.66
2003-04-21,2.7614,7.2269,25.97
2003-04-22,4.6313,7.123,25.21
2003-04-23,4.4297,7.2643,25.24
2003-04-24,3.8153,7.2187,24.78
2003-04-25,3.781,7.1462,26.09
2003-04-26,4.4753,7.1126,26.3
2003-04-27,4.1566,7.182,24.96
2003-04-28,4.7287,7.2629,26.87
2003-04-29,5.028,7.2593,26.67
2003-04-30,5.0477,7.0166,26.14
2003-05-01,4.4465,7.2564,28.29
2003-05-02,4.8938,7.1918,26.88
2003-05-03,5.2068,7.1126,26.1
2003-05-04,4.122,7.0608,26.49
2003-05-05,5.3347,7.1753,26.26
2003-05-06,3.883,7.2113,26.54
2003-05-07,4.8214,7.1518,26.5
2003-05-08,3.5326,7.1933,25.65
2003-05-09,2.8162,7.3409,25.06
2003-05-10,4.5151,7.2533,25.31
2003-05-11,3.966,7.2199,25.15
2003-05-12,4.3032,7.163,25.22
2003-05-13,4.5986,7.2384,26.11
2003-05-14,2.4101,7.26,25.25
2003-05-15,4.2473,7.1378,25.58
2003-05-16,4.2725,7.3224,26.31
2003-05-17,4.008,7.1455,26.2
2003-05-18,2.3062,7.0634,24.68
2003-05-19,4.1234,7.2742,24.78
2003-05-20,3.7637,7.1676,26.12
2003-05-21,4.0015,7.2823,26.27
2003-05-22,2.9798,7.3159,26.43
2003-05-23,4.1311,7.2838,26.55
2003-05-24,4.2919,7.2391,25.68
2003-05-25,3.918,7.2631,24.86
2003-05-26,3.7054,6.99,25.04
2003-05-27,4.5806,7.1767,24.88
2003-05-28,4.483,7.0015,24.82
2003-05-29,3.605,7.0927,26.0
2003-05-30,5.1386,7.061,24.19
2003-05-31,4.5941,6.8242,24.98
2003-06-01,2.1446,7.068,25.33
2003-06-02,4.3056,6.9223,25.44
2003-06-03,2.5891,6.9355,24.21
2003-06-04,4.9205,7.0318,25.08
2003-06-05,2.8243,7.0534,24.84
2003-06-06,3.582,6.983,24.46
2003-06-07,4.759,7.0435,24.86
2003-06-08,4.7213,7.0776,26.06
2003-06-09,3.7402,6.8575,25.79
2003-06-10,4.4875,6.9629,25.77
2003-06-11,3.0499,6.8561,25.34
2003-06-12,4.0644,6.9986,24.15
2003-06-13,4.3222,7.0087,24.6
2003-06-14,5.1566,6.9936,25.51
2003-06-15,3.6499,7.0099,25.39
2003-06-16,4.7482,6.9156,25.5
2003-06-17,4.7057,6.7056,24.6
2003-06-18,2.7002,6.7082,24.13
2003-06-19,4.8293,6.7632,24.67
2003-06-20,3.8873,7.0142,25.75
2003-06-21,3.4728,7.128,25.21
2003-06-22,4.6692,6.9526,24.22
2003-06-23,4.0452,7.0577,23.88
2003-06-24,4.4095,6.9614,24.26
2003-06-25,4.529,6.9298,25.29
2003-06-26,4.609,7.1143,25.62
2003-06-27,4.5338,6.93,24.92
2003-06-28,4.7383,6.9538,26.35
2003-06-29,4.6927,6.9564,24.8
2003-06-30,3.5983,6.9552,24.79
2003-07-01,5.1605,6.9168,24.29
2003-07-02,4.4782,7.0315,24.65
2003-07-03,3.8369,7.1064,24.8
2003-07-04,3.6919,6.9631,24.37
2003-07-05,3.8095,6.9362,24.69
2003-07-06,4.6747,7.1371,25.03
2003-07-07,3.7351,7.0298,25.55
2003-07-08,4.7839,6.8393,25.21
2003-07-09,4.7765,6.8537,23.65
2003-07-10,4.9759,7.08,25.56
2003-07-11,3.8167,6.9036,24.68
2003-07-12,3.6521,7.1897,24.87
2003-07-13,4.6066,7.0637,25.49
2003-07-14,4.4777,6.943,25.6
2003-07-15,4.224,6.9523,25.26
2003-07-16,4.0834,6.7272,24.86
2003-07-17,4.9774,7.0214,24.49
2003-07-18,4.5338,7.0368,25.87
2003-07-19,5.201,7.128,26.7
2003-07-20,4.3152,7.0104,26.65
2003-07-21,3.9084,6.839,25.87
2003-07-22,4.1592,6.8225,25.43
2003-07-23,3.8842,6.9394,24.57
2003-07-24,3.5628,7.0226,25.52
2003-07-25,4.0886,7.0694,24.8
2003-07-26,4.0879,6.9713,24.23
2003-07-27,4.4952,7.062,24.69
2003-07-28,4.0385,7.2487,26.28
2003-07-29,3.4982,7.0632,26.18
2003-07-30,4.5379,6.9785,24.98
2003-07-31,3.6391,7.0634,24.52
2003-08-01,4.8017,6.9806,24.37
2003-08-02,3.8386,7.1395,24.87
2003-08-03,4.2636,7.1323,24.71
2003-08-04,4.9877,7.2175,25.48
2003-08-05,3.3641,7.1263,25.59
2003-08-06,5.167,7.225,25.73
2003-08-07,4.2257,7.0402,25.82
2003-08-08,4.3937,7.1122,25.17
2003-08-09,3.865,7.1616,24.17
2003-08-10,4.7863,7.247,25.32
2003-08-11,4.9058,7.1688,25.28
2003-08-12,4.1316,6.9631,25.59
2003-08-13,3.311,7.1741,25.41
2003-08-14,4.0222,7.0087,24.52
2003-08-15,4.4899,7.0524,24.7
2003-08-16,5.1187,7.1318,24.54
2003-08-17,4.7712,7.0766,25.43
2003-08-18,5.4898,7.2686,25.72
2003-08-19,5.3902,7.2835,26.14
2003-08-20,2.6962,7.2636,25.49
2003-08-21,5.064,7.1959,25.02
2003-08-22,4.6152,7.1477,24.98
2003-08-23,5.4295,7.2163,25.13
2003-08-24,5.3237,7.3171,24.82
2003-08-25,4.8638,7.2984,25.67
2003-08-26,4.614,7.1023,25.35
2003-08-27,4.3757,6.9247,24.38
2003-08-28,4.409,7.0922,24.89
2003-08-29,3.8083,7.362,25.08
2003-08-30,5.1204,7.176,24.89
2003-08-31,4.8974,7.2576,25.29
2003-09-01,4.9075,6.9391,25.78
2003-09-02,4.9368,7.1357,25.49
2003-09-03,4.1849,7.2509,26.0
2003-09-04,5.3866,7.1892,25.2
2003-09-05,3.3638,7.0963,24.64
2003-09-06,4.9049,7.1486,24.83
2003-09-07,3.2455,7.2533,24.95
2003-09-08,4.4472,7.2281,24.54
2003-09-09,4.9214,7.218,24.72
2003-09-10,5.3621,7.1652,24.34
2003-09-11,5.4708,7.2386,24.32
2003-09-12,4.4784,6.9898,24.55
2003-09-13,4.5046,7.236,24.81
2003-09-14,5.0578,7.343,25.02
2003-09-15,4.8857,7.0546,24.78
2003-09-16,4.7244,7.043,24.88
2003-09-17,3.5009,7.1388,23.89
2003-09-18,2.4586,7.1568,24.48
2003-09-19,4.6937,7.0555,24.03
2003-09-20,3.822,6.8866,24.46
2003-09-21,4.2701,6.899,24.56
2003-09-22,3.9259,6.93,24.89
2003-09-23,4.8346,6.953,24.4
2003-09-24,4.7736,7.1383,23.97
2003-09-25,4.9586,7.0104,24.21
2003-09-26,5.1046,7.2226,24.92
2003-09-27,4.4746,7.1758,25.41
2003-09-28,5.418,7.1618,25.17
2003-09-29,4.8094,6.973,24.5
2003-09-30,3.8006,7.0774,25.3
2003-10-01,3.7306,7.1194,24.68
2003-10-02,4.045,7.1424,24.35
2003-10-03,5.0422,7.027,25.21
2003-10-04,3.7913,6.9847,25.34
2003-10-05,4.4568,7.1225,25.09
2003-10-06,3.5405,6.9408,24.41
2003-10-07,4.3699,6.9451,24.46
2003-10-08,4.4808,6.8371,24.27
2003-10-09,4.3078,6.8654,24.36
2003-10-10,3.5765,6.9706,24.36
2003-10-11,5.0518,6.9415,25.48
2003-10-12,3.888,6.9535,25.09
2003-10-13,4.0296,6.887,24.7
2003-10-14,4.045,7.0001,24.97
2003-10-15,4.7323,7.1162,24.77
2003-10-16,4.9178,7.23,25.27
2003-10-17,4.0145,6.9571,25.37
2003-10-18,3.8083,7.0622,24.85
2003-10-19,3.2868,6.9281,24.64
2003-10-20,3.8839,6.8263,24.74
2003-10-21,4.3409,6.841,24.31
2003-10-22,4.5835,6.8688,25.49
2003-10-23,4.841,6.8686,25.95
2003-10-24,4.0428,6.7944,25.42
2003-10-25,4.8562,6.8198,25.21
2003-10-26,4.4405,6.737,25.0
2003-10-27,4.5288,6.8107,24.94
2003-10-28,5.3465,6.7788,24.66
2003-10-29,5.1072,6.7606,24.02
2003-10-30,4.9786,6.4207,24.92
2003-10-31,4.7525,6.541,24.76
2003-11-01,4.9147,6.8191,24.08
2003-11-02,4.7693,6.6778,25.14
2003-11-03,4.956,6.6948,24.74
2003-11-04,3.618,6.5594,25.37
2003-11-05,4.2226,6.4495,25.94
2003-11-06,4.2504,6.5374,25.13
2003-11-07,3.9557,6.5628,24.76
2003-11-08,4.6543,6.5798,23.88
2003-11-09,4.1978,6.533,25.28
2003-11-10,4.6481,6.408,24.52
2003-11-11,3.6482,6.5026,24.55
2003-11-12,4.5619,6.379,24.42
2003-11-13,3.6626,6.4913,25.17
2003-11-14,3.6334,6.5837,25.59
2003-11-15,4.4508,6.4238,25.66
2003-11-16,3.9634,6.3926,25.52
2003-11-17,4.1491,6.4466,26.22
2003-11-18,5.2054,6.4248,25.29
2003-11-19,4.5641,6.281,25.39
2003-11-20,3.9749,6.2897,25.68
2003-11-21,4.5497,6.3271,24.73
2003-11-22,4.0886,6.3355,24.83
2003-11-23,4.5775,6.2916,24.47
2003-11-24,4.2312,6.2191,24.77
2003-11-25,4.3164,6.2498,24.29
2003-11-26,4.0224,6.2028,25.11
2003-11-27,4.1734,6.217,25.97
2003-11-28,3.8988,6.1742,25.42
2003-11-29,3.3605,6.3552,24.42
2003-11-30,4.7606,6.2666,24.29
2003-12-01,4.3452,6.2899,24.54
2003-12-02,4.0898,6.2105,24.2
2003-12-03,3.5923,6.347,24.77
2003-12-04,4.6646,6.2753,24.91
2003-12-05,4.8434,6.2045,24.6
2003-12-06,4.7638,6.1618,25.05
2003-12-07,4.6934,6.1394,25.25
2003-12-08,4.3574,6.1471,24.84
2003-12-09,3.6163,6.252,25.86
2003-12-10,3.846,6.1759,26.37
2003-12-11,3.03,6.1507,24.69
2003-12-12,4.0687,6.0103,25.77
2003-12-13,4.3649,6.2102,25.77
2003-12-14,4.0889,5.9105,25.36
2003-12-15,4.3946,6.1591,25.83
2003-12-16,4.0282,6.3638,26.13
2003-12-17,4.2182,6.2806,26.29
2003-12-18,4.4645,5.9952,26.12
2003-12-19,2.1007,6.1646,24.9
2003-12-20,3.4524,6.1015,25.21
2003-12-21,3.683,6.0154,25.68
2003-12-22,2.9198,5.9438,25.78
2003-12-23,3.5873,6.1142,26.12
2003-12-24,3.6293,6.1776,26.13
2003-12-25,2.4595,6.2054,25.69
2003-12-26,2.2015,6.1925,25.3
2003-12-27,4.0171,6.1781,24.11
2003-12-28,4.439,6.2674,24.43
2003-12-29,4.7801,6.229,24.71
2003-12-30,4.5014,6.2318,24.42
2003-12-31,5.2152,6.3149,23.52
2004-01-01,5.7754,6.4109,23.96
2004-01-02,4.7585,6.3521,25.65
2004-01-03,4.4054,6.2904,25.21
2004-01-04,3.7894,6.3223,24.62
2004-01-05,2.3362,6.1723,24.59
2004-01-06,2.6803,6.1265,25.06
2004-01-07,3.647,6.084,25.74
2004-01-08,3.3576,6.1598,25.71
2004-01-09,2.8632,6.2602,25.13
2004-01-10,2.8579,6.1925,25.9
2004-01-11,3.3818,6.1642,25.41
2004-01-12,3.0667,5.9866,25.52
2004-01-13,4.1436,6.157,25.22
2004-01-14,4.8607,6.4805,25.01
2004-01-15,4.8276,6.4265,24.87
2004-01-16,5.149,6.4102,24.65
2004-01-17,4.9476,6.319,24.59
2004-01-18,5.2181,6.3715,24.78
2004-01-19,4.8917,6.2794,25.06
2004-01-20,4.0116,6.1358,24.5
2004-01-21,4.1945,6.3022,24.38
2004-01-22,4.5547,6.4085,24.5
2004-01-23,3.9653,6.3706,24.19
2004-01-24,4.9356,6.438,24.68
2004-01-25,5.1226,6.4642,24.68
2004-01-26,5.2075,6.5484,25.17
2004-01-27,5.173,6.6235,25.4
2004-01-28,5.2706,6.5578,25.39
2004-01-29,5.2399,6.4536,25.71
2004-01-30,4.9368,6.6197,25.73
2004-01-31,4.7746,6.4236,25.63
2004-02-01,5.7754,6.5755,25.67
2004-02-02,4.7424,6.6384,25.52
2004-02-03,4.0603,6.4387,25.8
2004-02-04,4.8828,6.8117,26.51
2004-02-05,5.809,6.8854,26.13
2004-02-06,5.3042,6.7349,26.47
2004-02-07,5.4254,6.5693,25.97
2004-02-08,5.641,6.7445,25.89
2004-02-09,6.0761,6.7298,26.45
2004-02-10,5.351,6.6065,26.68
2004-02-11,4.2005,6.5693,26.6
2004-02-12,3.9869,6.4642,26.8
2004-02-13,3.3382,6.5076,26.45
2004-02-14,4.3711,6.6216,26.74
2004-02-15,4.4724,6.7975,26.94
2004-02-16,4.9205,6.7774,26.78
2004-02-17,4.9894,6.6998,27.05
2004-02-18,4.3538,6.6228,27.11
2004-02-19,4.0898,6.4783,25.83
2004-02-20,4.3589,6.6653,25.67
2004-02-21,5.2162,7.0327,25.89
2004-02-22,5.1276,6.8083,26.11
2004-02-23,2.9906,6.7601,25.55
2004-02-24,5.3042,6.9881,26.4
2004-02-25,6.1109,7.0322,26.62
2004-02-26,5.7886,7.2161,26.52
2004-02-27,4.5854,6.763,26.21
2004-02-28,3.1486,6.5868,25.78
2004-02-29,5.183,6.8806,26.75
2004-03-01,3.4147,6.7663,27.19
2004-03-02,4.411,6.8928,27.61
2004-03-03,4.8866,6.8081,28.06
2004-03-04,4.9481,6.9691,28.4
2004-03-05,4.2415,6.7562,28.19
2004-03-06,4.3606,6.8726,28.14
2004-03-07,2.509,6.7536,27.61
2004-03-08,4.5295,6.9986,27.65
2004-03-09,3.264,6.9209,27.27
2004-03-10,3.1514,6.635,26.26
2004-03-11,3.7442,6.9288,26.58
2004-03-12,4.5934,7.1083,28.02
2004-03-13,4.7518,6.78,28.66
2004-03-14,4.4736,7.0195,28.61
2004-03-15,4.2254,6.7848,28.38
2004-03-16,4.0819,6.8354,28.8
2004-03-17,4.3085,6.8438,29.03
2004-03-18,4.855,6.8431,29.14
2004-03-19,4.5175,6.569,28.76
2004-03-20,3.9223,6.6977,28.22
2004-03-21,3.4286,6.8705,28.23
2004-03-22,3.4073,6.6432,27.34
2004-03-23,4.5221,6.7596,28.04
2004-03-24,3.7877,6.533,27.6
2004-03-25,3.2489,7.025,27.89
2004-03-26,4.4215,7.013,27.78
2004-03-27,4.5192,7.1198,27.29
2004-03-28,5.5308,7.2089,27.09
2004-03-29,5.6002,7.4006,27.27
2004-03-30,6.0343,7.3534,26.96
2004-03-31,3.6622,7.0742,27.19
2004-04-01,3.2126,6.557,26.73
2004-04-02,3.391,6.4459,25.4
2004-04-03,1.7585,6.8599,24.37
2004-04-04,3.5306,7.1414,24.75
2004-04-05,4.6075,7.237,25.34
2004-04-06,3.521,7.1909,26.28
2004-04-07,3.8203,7.2096,26.55
2004-04-08,2.7727,7.1465,26.84
2004-04-09,3.7382,7.259,25.6
2004-04-10,3.3055,7.1659,24.89
2004-04-11,4.583,7.123,25.44
2004-04-12,5.1382,7.194,26.86
2004-04-13,1.1978,7.2643,26.53
2004-04-14,3.8028,7.1234,25.17
2004-04-15,4.5338,7.0289,24.77
2004-04-16,4.452,7.1009,24.83
2004-04-17,4.4717,7.1196,25.31
2004-04-18,4.7532,7.0666,26.18
2004-04-19,4.2941,7.1614,25.53
2004-04-20,1.7738,7.0819,25.07
2004-04-21,5.0851,7.2178,25.91
2004-04-22,4.459,7.2161,25.45
2004-04-23,3.5434,7.3522,24.91
2004-04-24,4.2799,7.339,25.76
2004-04-25,4.4808,7.3822,24.93
2004-04-26,3.7759,7.3502,26.46
2004-04-27,4.9378,7.2595,25.43
2004-04-28,4.6375,7.2293,26.25
2004-04-29,4.5634,7.2893,26.66
2004-04-30,2.1067,7.2744,25.71
2004-05-01,5.0722,7.2235,26.22
2004-05-02,4.9824,7.3402,25.87
2004-05-03,4.5115,7.229,26.02
2004-05-04,4.2252,7.1628,25.74
2004-05-05,4.4623,7.2058,26.11
2004-05-06,4.0471,7.3375,26.26
2004-05-07,3.9343,7.2463,27.53
2004-05-08,4.7743,7.2036,27.08
2004-05-09,3.9322,7.1508,26.54
2004-05-10,4.3814,7.1935,26.04
2004-05-11,4.6915,7.3392,26.53
2004-05-12,3.0521,7.1374,26.4
2004-05-13,4.584,7.1018,26.54
2004-05-14,3.7699,7.0836,26.51
2004-05-15,2.2039,7.1258,25.76
2004-05-16,3.6338,7.211,25.88
2004-05-17,4.0313,7.0342,25.5
2004-05-18,2.8428,7.1731,25.17
2004-05-19,2.4857,7.2511,24.22
2004-05-20,5.0822,7.2946,24.5
2004-05-21,4.9061,7.243,24.73
2004-05-22,4.9142,7.1234,25.52
2004-05-23,5.0146,7.2091,25.72
2004-05-24,5.1895,7.0625,25.4
2004-05-25,4.5307,7.1196,26.03
2004-05-26,4.8516,7.1412,26.02
2004-05-27,4.9399,7.2482,25.08
2004-05-28,3.6907,7.1976,24.36
2004-05-29,4.8238,7.0918,24.12
2004-05-30,4.9421,7.2242,25.04
2004-05-31,4.6807,7.1078,25.51
2004-06-01,4.5264,7.1441,24.83
2004-06-02,4.4506,7.199,24.49
2004-06-03,4.6766,7.2696,25.27
2004-06-04,3.7001,6.9936,24.97
2004-06-05,3.2642,7.0466,24.8
2004-06-06,5.0371,7.0867,23.99
2004-06-07,4.4719,7.1803,26.12
2004-06-08,4.1563,7.02,25.59
2004-06-09,5.4672,7.0963,25.1
2004-06-10,4.3457,7.1167,24.69
2004-06-11,4.8998,7.1477,26.44
2004-06-12,4.836,7.1822,26.14
2004-06-13,4.6397,6.9012,26.03
2004-06-14,4.1354,6.8287,25.71
2004-06-15,3.847,6.9257,25.09
2004-06-16,3.906,6.8875,25.39
2004-06-17,4.5245,6.8066,25.71
2004-06-18,4.2535,6.9072,26.19
2004-06-19,3.8863,6.8275,25.62
2004-06-20,3.3564,6.8683,24.87
2004-06-21,4.3793,6.7786,24.74
2004-06-22,5.0906,7.0944,26.45
2004-06-23,4.8053,6.9754,26.25
2004-06-24,4.787,6.9888,25.65
2004-06-25,4.5074,6.9026,26.22
2004-06-26,5.1326,7.1182,26.35
2004-06-27,4.7323,6.9924,26.68
2004-06-28,4.3714,6.9624,25.6
2004-06-29,4.493,6.9156,25.66
2004-06-30,4.7237,7.1189,24.96
2004-07-01,4.5583,6.8758,25.05
2004-07-02,5.0126,6.9919,25.39
2004-07-03,3.6905,7.0805,25.49
2004-07-04,2.9878,6.6905,24.95
2004-07-05,4.6073,6.9007,24.59
2004-07-06,3.8662,6.9744,24.9
2004-07-07,4.0284,7.033,24.76
2004-07-08,4.8199,7.0183,24.42
2004-07-09,5.5846,7.0694,24.98
2004-07-10,4.5571,6.9775,25.27
2004-07-11,4.4314,7.0164,24.92
2004-07-12,4.8214,7.1434,24.55
2004-07-13,4.6382,7.0457,24.9
2004-07-14,4.4174,7.0452,25.3
2004-07-15,4.8655,6.815,23.77
2004-07-16,4.0723,6.8575,24.77
2004-07-17,4.0826,7.0673,25.6
2004-07-18,4.7633,7.0865,25.31
2004-07-19,4.9778,7.1366,25.11
2004-07-20,4.8146,7.1126,24.68
2004-07-21,4.7597,7.099,24.71
2004-07-22,4.3985,7.1366,24.49
2004-07-23,3.859,6.9617,24.67
2004-07-24,3.846,7.0253,24.82
2004-07-25,4.3747,7.0505,25.42
2004-07-26,4.5139,7.1983,25.85
2004-07-27,4.1263,7.2199,25.3
2004-07-28,4.0606,7.1899,24.45
2004-07-29,4.6954,7.1431,25.44
2004-07-30,4.8547,7.3078,25.27
2004-07-31,3.6074,7.1282,25.55
2004-08-01,4.9519,6.9091,25.94
2004-08-02,4.9258,7.2761,26.04
2004-08-03,5.3023,7.039,25.67
2004-08-04,4.8041,7.2139,24.92
2004-08-05,4.1688,7.231,23.96
2004-08-06,4.3942,7.169,24.27
2004-08-07,4.8535,7.127,25.97
2004-08-08,4.9798,6.9374,26.91
2004-08-09,4.5266,6.9991,26.93
2004-08-10,5.0803,7.1551,25.99
2004-08-11,6.0864,7.1134,26.19
2004-08-12,4.8919,7.1765,24.94
2004-08-13,5.1835,7.206,25.92
2004-08-14,3.233,7.0078,25.35
2004-08-15,4.5086,7.1873,25.32
2004-08-16,4.9066,7.0728,26.03
2004-08-17,4.183,7.1614,26.21
2004-08-18,5.5457,7.2557,26.13
2004-08-19,4.4335,7.2646,25.9
2004-08-20,4.6649,7.2722,25.17
2004-08-21,4.6174,7.1222,25.42
2004-08-22,5.5963,7.3781,25.19
2004-08-23,4.518,7.3188,26.04
2004-08-24,4.5595,7.3284,24.67
2004-08-25,4.213,7.2965,24.19
2004-08-26,4.8089,7.326,24.4
2004-08-27,4.4266,7.3106,25.28
2004-08-28,4.5324,7.1455,24.92
2004-08-29,3.6996,7.2797,24.79
2004-08-30,4.2401,7.2605,24.21
2004-08-31,5.2922,7.4107,24.72
2004-09-01,4.885,7.1983,25.31
2004-09-02,4.9138,7.0462,26.59
2004-09-03,3.9511,7.1496,25.96
2004-09-04,4.0366,7.1849,24.7
2004-09-05,4.3294,7.3394,23.66
2004-09-06,4.4726,7.128,23.77
2004-09-07,4.0308,7.1453,24.13
2004-09-08,4.3363,7.1791,23.96
2004-09-09,4.9802,7.1674,24.39
2004-09-10,4.4585,7.3354,24.31
2004-09-11,4.1846,7.2518,24.9
2004-09-12,5.5745,7.1599,25.02
2004-09-13,4.3536,7.1707,25.45
2004-09-14,4.6733,7.2319,25.49
2004-09-15,3.0677,7.1081,24.12
2004-09-16,4.9157,7.2962,25.35
2004-09-17,4.3733,7.1813,24.37
2004-09-18,4.6164,7.037,25.18
2004-09-19,4.8343,7.1371,25.1
2004-09-20,4.3951,7.1854,24.54
2004-09-21,4.3505,7.2485,24.62
2004-09-22,5.1206,7.2823,24.89
2004-09-23,3.9019,7.2391,25.9
2004-09-24,4.1818,7.1858,25.02
2004-09-25,5.0801,7.1129,25.76
2004-09-26,3.6221,7.2624,24.52
2004-09-27,3.5844,7.139,24.84
2004-09-28,4.8283,7.1623,24.26
2004-09-29,1.7287,7.1906,24.36
2004-09-30,4.8041,7.2242,23.66
2004-10-01,4.9195,7.0843,24.4
2004-10-02,4.7076,7.2139,26.17
2004-10-03,3.9648,7.177,25.65
2004-10-04,3.2806,7.1021,24.99
2004-10-05,4.6025,6.9739,24.28
2004-10-06,4.4436,6.767,24.5
2004-10-07,4.7542,6.9367,24.48
2004-10-08,4.9774,6.9612,25.07
2004-10-09,4.716,6.9876,25.53
2004-10-10,4.4642,7.0493,25.82
2004-10-11,3.8592,7.0339,24.99
2004-10-12,4.477,7.009,25.01
2004-10-13,5.0431,6.931,26.09
2004-10-14,4.2634,7.116,25.07
2004-10-15,4.9248,6.9065,25.49
2004-10-16,3.0322,6.9379,25.47
2004-10-17,4.0637,6.8791,25.19
2004-10-18,4.5372,6.996,24.47
2004-10-19,4.9375,6.9101,25.15
2004-10-20,4.6999,6.978,24.9
2004-10-21,4.2422,7.0121,24.23
2004-10-22,3.4747,6.9979,24.32
2004-10-23,5.6184,6.9946,24.05
2004-10-24,5.1245,6.9401,24.7
2004-10-25,4.6882,6.8794,25.08
2004-10-26,5.0045,6.7164,24.73
2004-10-27,4.6118,6.6379,24.6
2004-10-28,4.3138,6.7075,24.66
2004-10-29,4.8166,6.6574,24.2
2004-10-30,5.0503,6.7692,24.16
2004-10-31,4.8972,6.685,25.07
2004-11-01,4.4813,6.7709,25.84
2004-11-02,3.9362,6.7061,25.27
2004-11-03,4.5929,6.7781,24.44
2004-11-04,4.6241,6.7282,24.06
2004-11-05,4.6675,6.6175,24.59
2004-11-06,4.783,6.6797,24.66
2004-11-07,4.8564,6.5633,24.92
2004-11-08,4.4275,6.5678,24.74
2004-11-09,4.0526,6.6106,25.04
2004-11-10,3.9518,6.661,24.76
2004-11-11,4.6056,6.6869,25.01
2004-11-12,4.943,6.6194,24.39
2004-11-13,5.0671,6.679,24.91
2004-11-14,4.5161,6.5935,24.79
2004-11-15,4.975,6.5642,25.15
2004-11-16,4.5103,6.3715,25.07
2004-11-17,3.3982,6.4608,24.24
2004-11-18,4.3411,6.3874,24.82
2004-11-19,4.0536,6.5302,24.25
2004-11-20,4.4592,6.3931,24.55
2004-11-21,3.7714,6.3998,24.99
2004-11-22,3.9019,6.4063,25.71
2004-11-23,3.4918,6.3953,25.73
2004-11-24,4.2319,6.4034,24.9
2004-11-25,3.5839,6.2323,24.66
2004-11-26,3.8777,6.336,24.24
2004-11-27,4.6037,6.3103,25.0
2004-11-28,4.5041,6.2858,25.8
2004-11-29,4.487,6.2455,25.27
2004-11-30,3.8563,6.1183,25.88
2004-12-01,3.3739,6.3458,25.23
2004-12-02,3.8558,6.2832,25.53
2004-12-03,3.7642,6.1982,24.96
2004-12-04,3.6053,6.1934,25.23
2004-12-05,3.6492,6.1745,25.53
2004-12-06,3.1452,6.1709,25.74
2004-12-07,3.1394,6.1454,25.67
2004-12-08,3.7922,6.199,24.64
2004-12-09,3.5573,6.1692,25.13
2004-12-10,3.433,6.3346,24.82
2004-12-11,3.2234,6.4274,24.26
2004-12-12,3.4282,6.3394,24.48
2004-12-13,4.2821,6.1908,25.42
2004-12-14,3.8431,6.0658,25.16
2004-12-15,2.179,6.139,25.26
2004-12-16,4.2883,5.9532,25.28
2004-12-17,3.7394,6.1445,25.36
2004-12-18,4.5502,6.0578,25.8
2004-12-19,3.5443,6.0691,25.3
2004-12-20,3.9295,6.0022,24.51
2004-12-21,3.8477,6.0494,25.91
2004-12-22,4.0925,6.0413,26.29
2004-12-23,3.7277,6.2323,26.32
2004-12-24,4.5338,6.1565,25.69
2004-12-25,3.6974,6.1526,24.83
2004-12-26,4.6001,6.2095,24.79
2004-12-27,5.0971,6.2515,24.38
2004-12-28,4.2684,6.2006,23.86
2004-12-29,4.7455,6.1764,24.57
2004-12-30,4.7347,6.0727,24.77
2004-12-31,4.1633,6.1061,25.29
2005-01-01,4.0958,6.1298,25.55
2005-01-02,3.9034,6.1858,25.99
2005-01-03,4.8386,6.1418,26.02
2005-01-04,4.421,6.2148,25.26
2005-01-05,3.953,6.1327,25.54
2005-01-06,3.15,6.2506,25.63
2005-01-07,3.4615,6.2285,26.32
2005-01-08,3.9761,6.0216,26.63
2005-01-09,2.9016,6.0638,24.93
2005-01-10,3.0588,6.2244,24.99
2005-01-11,3.7546,5.9849,26.32
2005-01-12,3.8525,6.2921,26.9
2005-01-13,3.6312,6.4034,26.23
2005-01-14,2.1149,6.3199,26.19
2005-01-15,3.6948,6.1651,26.42
2005-01-16,3.2834,6.3348,25.81
2005-01-17,4.0097,6.4394,24.49
2005-01-18,5.8181,6.5496,23.77
2005-01-19,5.7142,6.6494,24.13
2005-01-20,5.0796,6.6792,24.06
2005-01-21,5.1343,6.6281,24.22
2005-01-22,5.0381,6.5606,24.84
2005-01-23,4.548,6.5839,25.28
2005-01-24,4.6481,6.5962,24.75
2005-01-25,3.6293,6.4934,24.34
2005-01-26,4.248,6.456,25.47
2005-01-27,4.1129,6.6542,26.28
2005-01-28,4.2266,6.4205,26.64
2005-01-29,4.0289,6.337,26.54
2005-01-30,4.5235,6.4855,26.11
2005-01-31,3.755,6.3168,26.09
2005-02-01,4.2912,6.4687,25.93
2005-02-02,4.2538,6.4397,25.83
2005-02-03,3.4843,6.4459,25.74
2005-02-04,2.9155,6.4226,24.85
2005-02-05,3.6305,6.5069,24.6
2005-02-06,2.4893,6.6482,24.93
2005-02-07,2.7346,6.661,25.45
2005-02-08,3.5395,6.6151,25.29
2005-02-09,4.4234,6.7639,25.15
2005-02-10,3.257,6.7747,25.18
2005-02-11,3.1094,6.829,24.82
2005-02-12,3.7963,6.7574,24.1
2005-02-13,4.0116,6.8153,24.87
2005-02-14,4.5389,6.9338,26.48
2005-02-15,4.872,6.8378,26.88
2005-02-16,3.8568,6.745,26.38
2005-02-17,4.3594,6.8546,26.41
2005-02-18,4.5134,6.6557,27.03
2005-02-19,3.4478,6.737,26.56
2005-02-20,3.6958,6.6842,26.81
2005-02-21,3.4759,6.8287,27.04
2005-02-22,4.2722,6.9293,27.42
2005-02-23,3.6998,6.588,27.39
2005-02-24,3.5856,6.7793,27.23
2005-02-25,3.6821,6.9379,28.41
2005-02-26,3.107,6.8645,28.43
2005-02-27,3.6223,6.8218,27.22
2005-02-28,4.139,6.6979,27.01
2005-03-01,3.6353,6.7243,27.41
2005-03-02,3.0317,6.3533,27.04
2005-03-03,2.3724,6.7075,26.79
2005-03-04,3.3422,6.7392,25.15
2005-03-05,3.036,7.0027,26.22
2005-03-06,3.913,6.8326,27.08
2005-03-07,4.315,6.7243,27.2
2005-03-08,2.8658,6.9569,27.13
2005-03-09,3.714,7.0298,27.07
2005-03-10,4.1182,7.1018,26.98
2005-03-11,4.2929,6.9722,27.52
2005-03-12,3.7058,7.081,27.27
2005-03-13,4.5826,6.7879,28.23
2005-03-14,4.4938,6.8647,28.57
2005-03-15,4.8607,6.8198,29.02
2005-03-16,4.2168,6.7157,28.18
2005-03-17,3.6372,6.9578,27.95
2005-03-18,4.975,6.7416,26.88
2005-03-19,3.33,6.9749,27.86
2005-03-20,3.3672,6.8383,27.2
2005-03-21,4.3826,6.9485,27.54
2005-03-22,4.3414,7.0925,29.22
2005-03-23,4.2497,7.056,28.47
2005-03-24,3.6245,6.9266,26.36
2005-03-25,4.2648,6.9504,27.41
2005-03-26,3.8441,6.9677,26.76
2005-03-27,5.099,7.1014,27.89
2005-03-28,4.2422,7.1772,26.58
2005-03-29,4.3339,7.0481,26.62
2005-03-30,4.3783,6.8998,26.93
2005-03-31,4.3217,6.8753,28.05
2005-04-01,4.2072,6.4411,26.97
2005-04-02,3.8422,6.8405,26.92
2005-04-03,2.8178,6.9473,26.3
2005-04-04,4.3951,7.1633,26.55
2005-04-05,3.6605,7.0891,27.11
2005-04-06,3.8662,7.0404,26.43
2005-04-07,4.2384,7.2374,26.7
2005-04-08,4.9634,7.2869,26.41
2005-04-09,3.9914,7.3435,27.53
2005-04-10,4.3627,7.2883,27.25
2005-04-11,3.769,7.0745,26.4
2005-04-12,5.0225,7.1158,26.54
2005-04-13,4.5036,7.0666,27.05
2005-04-14,3.1644,6.9874,26.64
2005-04-15,3.0907,7.1443,26.36
2005-04-16,4.405,7.175,26.24
2005-04-17,3.8801,7.2418,27.13
2005-04-18,3.689,7.2682,27.59
2005-04-19,4.1474,7.1426,25.81
2005-04-20,2.8099,6.9686,27.19
2005-04-21,4.7155,6.9612,27.19
2005-04-22,4.7376,7.0805,27.14
2005-04-23,4.4645,7.1042,27.17
2005-04-24,5.8447,7.1906,26.47
2005-04-25,5.4242,7.1417,26.0
2005-04-26,4.3099,7.1011,27.24
2005-04-27,3.931,7.1026,27.37
2005-04-28,4.1671,7.1318,27.13
2005-04-29,3.8825,7.008,26.16
2005-04-30,4.6339,7.0001,26.74
2005-05-01,4.7597,7.0934,25.96
2005-05-02,2.3268,7.2415,25.62
2005-05-03,4.7546,7.2866,24.68
2005-05-04,5.7955,7.3058,26.06
2005-05-05,4.6879,7.0831,25.59
2005-05-06,5.0594,7.2504,25.18
2005-05-07,4.8487,7.1218,26.2
2005-05-08,4.501,7.2842,25.87
2005-05-09,4.2485,7.2418,25.85
2005-05-10,4.0963,7.272,25.79
2005-05-11,4.6709,7.1606,25.96
2005-05-12,3.2662,7.0901,26.81
2005-05-13,3.9713,7.0805,25.91
2005-05-14,3.3761,7.2182,25.9
2005-05-15,4.4026,6.9077,25.07
2005-05-16,5.561,6.9478,26.23
2005-05-17,3.005,7.1196,24.91
2005-05-18,5.2198,7.1762,26.16
2005-05-19,4.0997,7.1654,25.76
2005-05-20,6.066,7.169,26.46
2005-05-21,4.4054,7.1722,25.68
2005-05-22,5.0064,7.1472,26.25
2005-05-23,4.0735,7.1803,24.64
2005-05-24,5.7014,7.1198,25.92
2005-05-25,4.2859,7.0234,25.07
2005-05-26,3.8575,7.1417,26.39
2005-05-27,4.5439,7.0694,25.73
2005-05-28,5.3822,7.0622,26.38
2005-05-29,4.7686,7.1189,26.97
2005-05-30,4.7114,7.1678,26.47
2005-05-31,4.8631,6.9943,25.24
2005-06-01,4.2058,6.9106,25.03
2005-06-02,4.9447,6.8894,25.5
2005-06-03,4.1189,6.9242,25.52
2005-06-04,3.4582,6.9667,25.56
2005-06-05,4.3891,6.949,25.33
2005-06-06,3.774,6.8376,24.84
2005-06-07,4.955,6.7385,25.85
2005-06-08,4.5012,6.864,25.5
2005-06-09,4.6294,6.9418,25.79
2005-06-10,3.4145,6.9739,25.73
2005-06-11,4.1206,6.9864,24.9
2005-06-12,5.2373,6.9821,26.0
2005-06-13,4.1131,6.9475,24.98
2005-06-14,3.9734,6.7608,24.93
2005-06-15,4.6358,7.0114,24.87
2005-06-16,4.4578,6.9581,26.03
2005-06-17,4.0118,6.9552,26.19
2005-06-18,4.1155,7.008,26.22
2005-06-19,3.8105,7.0404,25.66
2005-06-20,3.9566,6.9826,25.09
2005-06-21,4.3162,7.0879,25.44
2005-06-22,4.7794,6.9912,24.77
2005-06-23,4.1815,6.8844,24.78
2005-06-24,4.6282,6.6228,24.93
2005-06-25,4.5986,6.9418,24.9
2005-06-26,4.5017,6.8002,25.57
2005-06-27,4.2794,6.9502,26.23
2005-06-28,3.9281,6.8832,25.15
2005-06-29,2.8099,6.8846,24.19
2005-06-30,3.5777,6.697,24.34
2005-07-01,4.3447,6.9103,25.9
2005-07-02,4.5713,6.9041,25.94
2005-07-03,4.9802,7.0805,25.59
2005-07-04,5.1254,7.063,26.97
2005-07-05,5.1017,7.0418,26.46
2005-07-06,5.2116,7.1539,25.67
2005-07-07,5.6196,7.0373,26.18
2005-07-08,4.674,7.0874,26.72
2005-07-09,4.8756,6.9223,26.43
2005-07-10,4.7172,6.7481,25.52
2005-07-11,5.2997,6.9763,25.04
2005-07-12,4.224,6.7078,24.82
2005-07-13,4.4726,6.8779,24.17
2005-07-14,4.2936,6.8719,24.11
2005-07-15,5.0813,6.9938,24.76
2005-07-16,4.5857,6.923,24.27
2005-07-17,4.4578,6.996,25.35
2005-07-18,4.1719,6.9552,24.89
2005-07-19,4.7242,6.9874,25.15
2005-07-20,5.0695,6.989,24.42
2005-07-21,4.4611,6.9991,25.12
2005-07-22,4.7364,7.0414,25.97
2005-07-23,5.1934,7.1412,26.08
2005-07-24,4.6402,7.1107,25.86
2005-07-25,4.2204,7.0522,25.95
2005-07-26,4.6927,6.9096,26.4
2005-07-27,4.6632,7.0133,26.07
2005-07-28,4.4342,7.0118,26.29
2005-07-29,4.8346,7.0718,26.15
2005-07-30,4.3968,6.8837,26.43
2005-07-31,4.3529,7.1666,25.09
2005-08-01,3.0696,7.009,25.64
2005-08-02,4.427,7.2197,25.71
2005-08-03,4.8262,6.9746,26.0
2005-08-04,4.2804,6.9396,25.91
2005-08-05,2.6222,6.864,24.89
2005-08-06,4.5703,6.9744,25.09
2005-08-07,4.469,7.1666,25.77
2005-08-08,4.6075,6.9816,25.94
2005-08-09,4.6678,6.9677,24.76
2005-08-10,4.5912,6.8131,25.39
2005-08-11,2.4732,6.7843,25.78
2005-08-12,4.1462,6.7534,25.13
2005-08-13,3.313,6.8198,24.58
2005-08-14,4.829,6.8952,24.88
2005-08-15,3.9158,7.1042,24.31
2005-08-16,3.8016,6.9862,24.34
2005-08-17,2.9618,6.7061,24.01
2005-08-18,4.955,6.8482,23.99
2005-08-19,5.1694,7.038,25.73
2005-08-20,4.633,7.1242,26.19
2005-08-21,4.3908,7.0603,24.46
2005-08-22,3.3331,6.9924,23.94
2005-08-23,4.9294,7.1496,25.25
2005-08-24,3.329,7.1882,25.4
2005-08-25,4.403,6.9055,25.02
2005-08-26,4.5242,6.9902,25.0
2005-08-27,5.0558,7.1198,24.4
2005-08-28,4.3536,7.2022,24.55
2005-08-29,4.7006,7.1952,25.16
2005-08-30,5.0021,7.2634,25.89
2005-08-31,4.9603,7.2391,26.03
2005-09-01,4.7954,7.2329,25.87
2005-09-02,3.5734,7.0721,25.27
2005-09-03,5.2147,7.3776,25.14
2005-09-04,4.3682,7.187,24.91
2005-09-05,4.6987,7.2636,25.48
2005-09-06,4.4323,7.1503,25.2
2005-09-07,4.7047,7.1256,26.11
2005-09-08,5.0743,7.2715,25.41
2005-09-09,4.5895,7.0769,25.59
2005-09-10,4.7383,7.2662,26.11
2005-09-11,4.7618,7.1114,26.07
2005-09-12,3.7358,6.9646,25.76
2005-09-13,4.6363,7.0181,24.98
2005-09-14,4.4885,7.1424,25.07
2005-09-15,4.6574,7.1371,24.92
2005-09-16,4.5682,7.1076,25.59
2005-09-17,4.0126,7.0322,25.07
2005-09-18,4.6397,7.0704,25.32
2005-09-19,3.859,7.0858,24.79
2005-09-20,3.6374,6.5856,24.22
2005-09-21,2.9566,6.8714,24.47
2005-09-22,4.4729,6.7649,24.68
2005-09-23,4.2223,6.9854,24.75
2005-09-24,4.8936,7.097,25.3
2005-09-25,4.6171,7.0543,25.68
2005-09-26,4.5977,6.7498,25.15
2005-09-27,5.0237,6.8196,24.94
2005-09-28,4.6522,6.8035,24.27
2005-09-29,5.1312,7.0054,24.46
2005-09-30,4.9212,7.0068,25.11
2005-10-01,3.8203,7.0615,24.45
2005-10-02,5.909,7.0555,24.89
2005-10-03,5.2152,7.145,24.96
2005-10-04,5.3208,7.1585,24.81
2005-10-05,5.5694,7.2067,25.55
2005-10-06,5.1631,7.1148,24.98
2005-10-07,4.9178,7.123,24.58
2005-10-08,4.9258,7.1674,24.43
2005-10-09,3.1526,7.1424,23.93
2005-10-10,5.8445,7.2122,24.76
2005-10-11,5.5692,7.1551,24.95
2005-10-12,2.5646,7.1107,25.02
2005-10-13,5.6126,7.1143,25.23
2005-10-14,5.37,7.0632,25.11
2005-10-15,5.4607,6.9936,24.68
2005-10-16,5.6844,7.1002,25.23
2005-10-17,5.693,7.1088,25.21
2005-10-18,3.2556,7.0212,25.04
2005-10-19,5.8399,6.985,24.72
2005-10-20,2.9395,6.8378,24.65
2005-10-21,5.8366,7.0368,24.34
2005-10-22,3.329,6.9098,24.21
2005-10-23,4.4899,6.919,24.17
2005-10-24,4.6913,6.8563,24.66
2005-10-25,4.4114,6.7795,23.95
2005-10-26,4.782,6.8798,23.73
2005-10-27,5.0933,6.7068,24.8
2005-10-28,3.6338,6.6065,24.81
2005-10-29,4.9601,6.6648,24.65
2005-10-30,5.0995,6.7853,24.92
2005-10-31,4.2485,6.678,24.44
2005-11-01,3.1778,6.7162,24.01
2005-11-02,4.9008,6.8479,24.68
2005-11-03,3.827,6.7913,24.45
2005-11-04,4.211,6.7457,24.03
2005-11-05,4.5766,6.6314,24.11
2005-11-06,3.6847,6.6581,25.73
2005-11-07,5.0011,6.5918,24.69
2005-11-08,4.374,6.6365,24.26
2005-11-09,4.2494,6.5326,24.98
2005-11-10,4.3615,6.3967,24.52
2005-11-11,2.7245,6.5645,23.64
2005-11-12,4.4566,6.5537,24.14
2005-11-13,5.0047,6.4778,24.9
2005-11-14,4.6066,6.4994,24.53
2005-11-15,4.9142,6.5179,24.88
2005-11-16,4.7993,6.534,24.91
2005-11-17,4.6649,6.5669,24.46
2005-11-18,3.7099,6.5304,24.67
2005-11-19,4.3241,6.4085,25.22
2005-11-20,5.118,6.4001,25.2
2005-11-21,4.4806,6.2618,25.08
2005-11-22,3.4884,6.619,24.22
2005-11-23,4.1986,6.534,23.65
2005-11-24,4.6286,6.383,24.27
2005-11-25,3.8702,6.366,25.01
2005-11-26,4.2355,6.3209,25.56
2005-11-27,4.159,6.3223,25.17
2005-11-28,5.0275,6.3353,25.45
2005-11-29,3.9763,6.3382,25.1
2005-11-30,3.7318,6.2796,25.03
2005-12-01,3.6967,6.2477,24.69
2005-12-02,4.217,6.229,24.71
2005-12-03,4.272,6.0694,25.03
2005-12-04,3.9806,5.993,25.29
2005-12-05,3.8858,6.0864,24.55
2005-12-06,4.9159,6.1793,25.17
2005-12-07,3.7682,6.2746,25.38
2005-12-08,3.8383,6.1183,25.67
2005-12-09,4.0884,6.1433,25.65
2005-12-10,3.4075,6.2338,25.9
2005-12-11,3.8993,6.1368,24.89
2005-12-12,2.5476,6.1622,24.33
2005-12-13,3.9067,6.1421,25.06
2005-12-14,3.8957,6.1867,25.32
2005-12-15,4.417,6.1714,25.18
2005-12-16,4.4419,6.2256,25.25
2005-12-17,4.1736,6.2114,24.96
2005-12-18,3.8122,6.2062,25.71
2005-12-19,4.2247,6.0314,25.71
2005-12-20,3.4051,6.0622,24.86
2005-12-21,2.7785,6.2705,24.82
2005-12-22,3.7423,6.185,24.77
2005-12-23,3.2465,6.0852,24.7
2005-12-24,3.0355,6.359,24.04
2005-12-25,2.695,6.3048,23.46
2005-12-26,4.4398,6.109,24.83
2005-12-27,4.0934,6.2796,25.33
2005-12-28,4.3577,6.2254,25.63
2005-12-29,4.3397,6.2448,24.72
2005-12-30,4.5708,6.3977,25.04
2005-12-31,4.8437,6.3857,24.74
2006-01-01,5.1929,6.2772,25.18
2006-01-02,3.8441,6.3214,23.72
2006-01-03,4.5941,6.228,24.55
2006-01-04,4.1278,6.2052,24.24
2006-01-05,3.7565,6.2834,24.12
2006-01-06,3.9473,6.2042,23.54
2006-01-07,4.0582,6.355,24.22
2006-01-08,4.3272,6.2045,25.1
2006-01-09,4.3282,6.1397,25.06
2006-01-10,3.8674,6.179,25.42
2006-01-11,3.7778,6.2602,25.45
2006-01-12,4.2826,6.2141,25.96
2006-01-13,4.6596,6.2722,26.31
2006-01-14,3.8465,6.193,26.08
2006-01-15,4.2439,5.9866,25.78
2006-01-16,4.2305,6.229,25.86
2006-01-17,3.9948,6.3542,25.42
2006-01-18,4.2648,6.2633,26.23
2006-01-19,5.0818,6.5971,25.51
2006-01-20,5.5248,6.5429,24.83
2006-01-21,4.7438,6.3862,25.1
2006-01-22,3.7339,6.5306,26.52
2006-01-23,3.6871,6.5676,26.66
2006-01-24,3.4999,6.4589,26.79
2006-01-25,3.378,6.5246,26.58
2006-01-26,3.2683,6.3185,26.54
2006-01-27,3.9084,6.4937,25.79
2006-01-28,3.8587,6.5045,26.54
2006-01-29,2.6794,6.6245,25.92
2006-01-30,3.6487,6.545,26.57
2006-01-31,3.3576,6.4618,26.1
2006-02-01,2.7691,6.5969,26.17
2006-02-02,2.9251,6.5333,24.46
2006-02-03,3.0912,6.5261,24.86
2006-02-04,2.3278,6.7008,23.78
2006-02-05,4.0507,6.642,24.19
2006-02-06,4.6555,6.7783,25.71
2006-02-07,4.3123,6.7486,25.2
2006-02-08,4.1311,6.691,25.58
2006-02-09,4.4551,6.4625,25.66
2006-02-10,4.2545,6.3662,25.98
2006-02-11,4.056,6.641,26.23
2006-02-12,3.0696,6.5016,26.53
2006-02-13,3.9588,6.5184,25.76
2006-02-14,5.009,6.7685,26.11
2006-02-15,5.6594,6.9463,26.47
2006-02-16,5.5963,6.8285,26.98
2006-02-17,4.7551,6.4838,26.97
2006-02-18,4.783,6.5815,27.2
2006-02-19,4.7834,6.7248,26.72
2006-02-20,5.599,7.0306,26.35
2006-02-21,5.2284,6.7877,26.52
2006-02-22,5.4353,6.8023,27.32
2006-02-23,4.6416,6.8107,28.26
2006-02-24,4.6234,6.6758,27.16
2006-02-25,4.4506,6.8544,27.52
2006-02-26,4.1309,7.0042,27.61
2006-02-27,3.5311,6.6902,26.47
2006-02-28,4.3574,6.6456,27.34
2006-03-01,4.4045,6.9288,27.32
2006-03-02,3.5904,6.8815,27.45
2006-03-03,3.3115,6.8081,27.09
2006-03-04,3.7056,6.7315,26.93
2006-03-05,3.9166,6.4037,27.5
2006-03-06,2.9767,6.659,26.49
2006-03-07,2.4264,6.7764,24.81
2006-03-08,3.93,6.8006,25.49
2006-03-09,3.7423,6.3115,25.93
2006-03-10,4.8984,6.8568,27.0
2006-03-11,4.3798,6.9636,27.24
2006-03-12,4.3274,6.9437,27.23
2006-03-13,4.9834,7.1702,27.34
2006-03-14,5.1862,7.1098,27.31
2006-03-15,5.052,6.8196,27.63
2006-03-16,4.7501,6.6842,27.69
2006-03-17,3.805,6.8297,26.67
2006-03-18,4.3762,6.9194,27.29
2006-03-19,4.2492,6.9703,27.4
2006-03-20,4.3387,6.8724,27.52
2006-03-21,4.2859,6.9768,27.4
2006-03-22,2.9167,6.8827,25.17
2006-03-23,4.2953,6.8417,23.83
2006-03-24,4.465,7.0042,25.11
2006-03-25,3.924,6.9763,25.82
2006-03-26,3.6761,7.2698,26.07
2006-03-27,4.2842,7.0392,25.94
2006-03-28,4.5734,7.2914,27.23
2006-03-29,4.5986,7.2818,28.2
2006-03-30,3.5134,7.1081,27.36
2006-03-31,4.3229,6.9763,27.87
2006-04-01,3.9144,7.1712,27.9
2006-04-02,3.5076,6.9967,26.1
2006-04-03,3.5237,7.0553,27.15
2006-04-04,2.8759,7.0298,26.96
2006-04-05,5.0258,7.0373,25.91
2006-04-06,5.0244,7.3205,26.85
2006-04-07,3.7692,7.2053,25.6
2006-04-08,3.9146,7.0721,25.94
2006-04-09,2.1362,7.2074,24.59
2006-04-10,5.2572,7.1772,26.57
2006-04-11,4.8634,7.218,26.99
2006-04-12,2.6354,7.1722,26.15
2006-04-13,5.4689,7.398,25.03
2006-04-14,6.06,7.3757,25.28
2006-04-15,4.9274,7.361,25.15
2006-04-16,5.6117,7.2878,26.34
2006-04-17,3.4051,7.0514,27.09
2006-04-18,4.2372,7.1594,25.31
2006-04-19,5.2322,7.2331,26.89
2006-04-20,4.4537,7.123,27.47
2006-04-21,5.1089,7.2391,27.79
2006-04-22,3.667,7.2463,28.67
2006-04-23,1.2041,7.0358,26.24
2006-04-24,3.3262,7.0654,26.75
2006-04-25,1.8427,7.207,26.62
2006-04-26,5.2656,7.0543,25.69
2006-04-27,5.2673,7.2283,26.06
2006-04-28,5.1202,7.2931,25.89
2006-04-29,4.6042,7.2362,25.99
2006-04-30,4.3685,7.2346,25.34
2006-05-01,4.47,7.291,25.37
2006-05-02,3.7344,7.1215,25.23
2006-05-03,4.6637,6.9149,25.95
2006-05-04,4.0253,7.1328,26.93
2006-05-05,4.3486,7.0999,26.15
2006-05-06,4.6356,7.1902,24.81
2006-05-07,4.4381,7.1818,24.89
2006-05-08,4.5732,7.2106,25.44
2006-05-09,4.1455,7.1556,25.12
2006-05-10,3.3,7.0368,26.0
2006-05-11,3.7013,7.1674,25.28
2006-05-12,4.5166,7.1518,25.07
2006-05-13,4.1784,7.2134,25.08
2006-05-14,4.9673,7.1618,25.55
2006-05-15,3.5357,7.2559,26.17
2006-05-16,3.0811,7.1388,25.51
2006-05-17,4.7249,7.3589,24.94
2006-05-18,4.6886,7.069,25.99
2006-05-19,4.1388,7.1712,25.12
2006-05-20,4.9351,7.2823,26.32
2006-05-21,4.6054,7.2499,26.74
2006-05-22,5.274,7.229,27.33
2006-05-23,4.9478,7.2439,27.0
2006-05-24,3.025,7.1328,26.58
2006-05-25,4.2907,7.1321,26.32
2006-05-26,3.8436,7.0582,25.49
2006-05-27,3.9744,7.0735,25.84
2006-05-28,4.0514,7.0668,24.47
2006-05-29,4.3414,7.0447,25.43
2006-05-30,4.6466,7.0188,26.83
2006-05-31,2.6784,7.0903,25.83
2006-06-01,1.7573,6.9941,25.18
2006-06-02,5.1466,7.1755,24.15
2006-06-03,4.5072,7.0234,23.97
2006-06-04,3.0655,6.9506,24.82
2006-06-05,4.6879,7.0241,24.75
2006-06-06,3.9974,6.919,24.21
2006-06-07,3.7534,7.1321,24.15
2006-06-08,4.6505,6.9434,25.09
2006-06-09,4.4688,7.0745,25.02
2006-06-10,4.2048,6.9526,24.04
2006-06-11,4.3906,6.8575,24.45
2006-06-12,5.0602,7.031,26.3
2006-06-13,5.153,6.9408,25.26
2006-06-14,5.2015,6.8717,24.83
2006-06-15,5.2109,6.99,24.43
2006-06-16,4.656,7.0375,25.54
2006-06-17,4.5221,6.9881,25.44
2006-06-18,4.5912,7.1201,25.38
2006-06-19,3.5246,7.0037,25.47
2006-06-20,4.5365,6.8479,26.87
2006-06-21,3.666,6.8654,24.97
2006-06-22,4.4798,6.9811,25.45
2006-06-23,2.855,6.9458,25.47
2006-06-24,3.7219,6.7222,24.96
2006-06-25,4.4484,6.9343,25.61
2006-06-26,4.9596,6.9377,25.25
2006-06-27,4.1784,6.8369,25.73
2006-06-28,3.1997,6.6312,26.53
2006-06-29,4.962,6.811,27.17
2006-06-30,4.4686,6.833,26.92
2006-07-01,4.4544,6.9283,27.33
2006-07-02,4.0769,6.8916,26.88
2006-07-03,4.2175,6.7289,26.65
2006-07-04,3.0142,7.002,24.98
2006-07-05,4.0421,6.7865,25.47
2006-07-06,3.899,6.7349,25.86
2006-07-07,3.6403,6.9437,25.85
2006-07-08,4.819,6.9343,25.45
2006-07-09,3.9523,6.9816,25.36
2006-07-10,3.7524,7.068,25.95
2006-07-11,4.9546,7.0603,25.96
2006-07-12,4.3752,6.895,25.69
2006-07-13,3.6365,6.937,25.39
2006-07-14,4.5718,6.8482,25.1
2006-07-15,4.3819,7.056,25.53
2006-07-16,4.7789,7.0241,25.37
2006-07-17,4.2689,7.0594,25.51
2006-07-18,4.7242,7.1141,24.01
2006-07-19,3.7913,7.0471,24.69
2006-07-20,4.0334,7.1707,25.05
2006-07-21,4.0428,6.7735,24.65
2006-07-22,3.7092,6.7709,24.98
2006-07-23,3.8479,6.8974,24.83
2006-07-24,4.4604,6.9852,26.15
2006-07-25,4.686,7.001,25.92
2006-07-26,3.6799,6.942,24.52
2006-07-27,5.1175,7.1131,23.73
2006-07-28,4.2466,7.0704,25.21
2006-07-29,4.9404,6.8335,24.72
2006-07-30,5.2066,7.0966,24.55
2006-07-31,4.9279,7.3164,25.65
2006-08-01,5.0134,7.2199,26.61
2006-08-02,5.304,7.0778,25.38
2006-08-03,4.715,6.9526,25.93
2006-08-04,4.6226,7.0951,25.71
2006-08-05,5.2591,7.2473,25.5
2006-08-06,4.8626,7.1136,26.15
2006-08-07,3.059,6.9806,25.2
2006-08-08,4.6051,7.1342,25.03
2006-08-09,5.4036,7.2024,25.19
2006-08-10,4.284,7.3322,26.37
2006-08-11,3.2446,7.2362,25.95
2006-08-12,5.5553,7.2583,24.99
2006-08-13,5.1936,7.267,26.67
2006-08-14,5.0112,7.2588,26.34
2006-08-15,4.0339,7.1278,26.07
2006-08-16,3.5515,7.0224,25.01
2006-08-17,3.8945,6.9996,25.06
2006-08-18,2.7461,7.0668,24.49
2006-08-19,5.0227,7.0457,24.23
2006-08-20,5.6482,7.218,24.91
2006-08-21,5.1804,7.211,25.93
2006-08-22,5.1691,7.2343,25.93
2006-08-23,5.3942,7.0406,25.3
2006-08-24,4.9411,7.0308,24.74
2006-08-25,4.0226,7.0538,24.78
2006-08-26,4.7868,7.1796,22.98
2006-08-27,4.8624,7.1645,24.67
2006-08-28,5.4758,7.3025,25.77
2006-08-29,5.8915,7.261,25.68
2006-08-30,4.6963,7.0296,24.58
2006-08-31,4.7998,7.2178,24.54
2006-09-01,3.3194,7.2286,24.99
2006-09-02,5.431,7.2686,24.95
2006-09-03,4.7441,7.3219,25.14
2006-09-04,4.487,7.2967,25.7
2006-09-05,4.8264,7.231,24.89
2006-09-06,5.4538,7.3421,24.62
2006-09-07,4.9699,7.0889,25.12
2006-09-08,5.0302,6.9998,24.19
2006-09-09,4.5559,7.0766,24.67
2006-09-10,5.0832,7.295,24.93
2006-09-11,4.926,7.3452,25.0
2006-09-12,5.1055,7.223,24.31
2006-09-13,4.4412,7.2451,24.7
2006-09-14,3.7786,7.2223,24.37
2006-09-15,4.9807,7.1304,24.87
2006-09-16,4.7239,7.2533,25.05
2006-09-17,4.5355,7.1417,24.4
2006-09-18,4.4441,7.0951,24.45
2006-09-19,5.0496,7.1846,24.05
2006-09-20,5.7941,7.3099,25.48
2006-09-21,5.0107,7.3116,25.94
2006-09-22,4.8737,7.3903,24.97
2006-09-23,5.5078,7.2442,25.32
2006-09-24,3.1219,7.261,25.36
2006-09-25,5.1833,7.1232,25.1
2006-09-26,5.1197,7.3152,24.38
2006-09-27,5.7134,7.3966,26.37
2006-09-28,5.1581,7.2274,25.99
2006-09-29,4.5535,7.2598,26.12
2006-09-30,4.0877,6.9912,25.73
2006-10-01,4.5535,6.8362,25.5
2006-10-02,4.0546,7.0637,25.52
2006-10-03,2.6945,6.8693,24.7
2006-10-04,4.6469,6.8645,25.03
2006-10-05,4.2106,7.039,25.22
2006-10-06,3.7039,7.0718,26.15
2006-10-07,4.4537,6.9854,25.25
2006-10-08,3.6151,7.0625,25.11
2006-10-09,4.2818,6.8561,24.88
2006-10-10,3.4882,6.8508,25.54
2006-10-11,2.0129,6.9144,25.22
2006-10-12,5.358,6.8554,25.24
2006-10-13,5.1715,6.9132,24.96
2006-10-14,4.351,6.8556,24.72
2006-10-15,4.7496,6.7754,24.31
2006-10-16,4.717,6.8897,23.79
2006-10-17,4.6452,6.935,23.57
2006-10-18,5.496,6.9252,24.85
2006-10-19,5.6777,6.947,24.95
2006-10-20,5.3275,6.9497,24.81
2006-10-21,5.683,6.9852,24.76
2006-10-22,5.5152,6.9511,25.28
2006-10-23,3.7704,6.5347,24.89
2006-10-24,4.5701,6.8304,25.23
2006-10-25,4.381,6.6518,25.02
2006-10-26,4.5638,6.7459,24.91
2006-10-27,4.3589,6.672,25.46
2006-10-28,3.5578,6.6826,24.91
2006-10-29,4.6121,6.6024,24.55
2006-10-30,4.1554,6.6379,24.98
2006-10-31,4.2986,6.7538,24.31
2006-11-01,4.5473,6.6281,24.94
2006-11-02,5.0246,6.6514,25.55
2006-11-03,5.0333,6.7666,26.25
2006-11-04,5.2656,6.6758,26.77
2006-11-05,2.0758,6.5544,26.17
2006-11-06,5.6232,6.6398,25.55
2006-11-07,4.4914,6.593,24.69
2006-11-08,4.5444,6.6408,23.62
2006-11-09,5.5565,6.6775,25.06
2006-11-10,3.7404,6.4325,25.57
2006-11-11,3.0972,6.2849,25.04
2006-11-12,4.6589,6.4414,24.56
2006-11-13,3.7651,6.4099,23.78
2006-11-14,4.4146,6.4212,23.45
2006-11-15,4.0186,6.5054,23.19
2006-11-16,5.2702,6.5261,24.09
2006-11-17,5.0486,6.4846,25.41
2006-11-18,4.6574,6.3578,23.94
2006-11-19,5.4583,6.3982,24.71
2006-11-20,2.5373,6.5062,24.69
2006-11-21,4.0826,6.4262,24.22
2006-11-22,4.5912,6.4406,24.93
2006-11-23,4.3699,6.3804,24.31
2006-11-24,5.0722,6.3398,24.41
2006-11-25,3.9233,6.4111,24.46
2006-11-26,3.9245,6.3014,24.8
2006-11-27,4.0289,6.27,25.0
2006-11-28,3.7027,6.3156,24.97
2006-11-29,4.385,6.2702,23.87
2006-11-30,3.9576,6.3746,25.61
2006-12-01,4.0382,6.2222,25.12
2006-12-02,4.23,6.2491,25.28
2006-12-03,4.4335,6.1572,25.52
2006-12-04,4.2389,6.0146,24.97
2006-12-05,4.0397,6.2114,25.1
2006-12-06,4.2521,6.0763,25.61
2006-12-07,3.6048,6.0468,25.71
2006-12-08,4.5084,6.0533,25.73
2006-12-09,3.7118,6.1826,25.24
2006-12-10,3.7776,6.1058,24.65
2006-12-11,4.0874,6.2964,24.75
2006-12-12,4.0361,6.005,24.23
2006-12-13,4.4453,5.9424,23.71
2006-12-14,4.7134,6.169,24.65
2006-12-15,4.1304,6.2393,25.52
2006-12-16,4.1834,6.215,25.57
2006-12-17,4.5156,6.2342,25.81
2006-12-18,3.9862,5.9395,25.75
2006-12-19,3.6924,5.903,25.94
2006-12-20,2.1266,6.018,25.83
2006-12-21,3.571,6.1901,24.8
2006-12-22,3.6379,6.0646,25.98
2006-12-23,3.673,5.9213,24.86
2006-12-24,3.0497,5.9822,25.57
2006-12-25,3.4843,6.0053,25.32
2006-12-26,3.6744,6.1234,24.95
2006-12-27,3.7339,6.2753,23.63
2006-12-28,4.247,6.1651,25.19
2006-12-29,3.2928,6.1454,26.39
2006-12-30,4.3721,6.1745,26.52
2006-12-31,4.273,6.0072,26.55
2007-01-01,3.9595,6.1428,26.7
2007-01-02,4.4095,6.0749,26.72
2007-01-03,4.1158,6.1997,26.15
2007-01-04,4.061,6.0893,26.25
2007-01-05,3.8414,6.0314,26.18
2007-01-06,4.2242,6.06,25.9
2007-01-07,4.7105,5.9988,25.71
2007-01-08,3.5467,6.0586,25.39
2007-01-09,3.2266,5.9026,25.19
2007-01-10,3.5863,5.9254,25.3
2007-01-11,3.8155,6.0598,25.89
2007-01-12,4.2259,5.9503,26.22
2007-01-13,4.105,5.9808,26.16
2007-01-14,4.0049,6.1243,26.57
2007-01-15,3.4711,6.263,26.48
2007-01-16,3.1819,6.3326,26.17
2007-01-17,3.6055,6.246,26.14
2007-01-18,3.7752,6.1673,25.79
2007-01-19,4.3723,6.2263,25.02
2007-01-20,3.9785,6.2789,25.43
2007-01-21,3.4884,6.1562,25.17
2007-01-22,3.1598,6.2354,26.34
2007-01-23,3.9108,6.2244,26.28
2007-01-24,3.7176,6.2969,26.22
2007-01-25,3.4591,6.3468,25.76
2007-01-26,2.9378,6.4867,24.64
2007-01-27,3.7925,6.2431,25.43
2007-01-28,2.7622,6.2928,26.2
2007-01-29,3.6941,6.3996,26.51
2007-01-30,3.4726,6.1085,26.23
2007-01-31,3.7423,6.4826,26.58
2007-02-01,4.931,6.5861,26.09
2007-02-02,4.4323,6.6367,25.99
2007-02-03,4.6531,6.6082,26.09
2007-02-04,5.2018,6.6319,25.95
2007-02-05,5.2092,6.6322,26.48
2007-02-06,4.2583,6.4291,26.06
2007-02-07,5.0755,6.606,25.76
2007-02-08,5.0297,6.5299,25.85
2007-02-09,3.6314,6.2813,25.93
2007-02-10,3.8246,6.3566,26.0
2007-02-11,4.0546,6.5844,26.29
2007-02-12,4.6927,6.5767,26.84
2007-02-13,4.2883,6.277,26.56
2007-02-14,5.0443,6.5251,25.87
2007-02-15,4.8379,6.5261,25.76
2007-02-16,4.4748,6.6934,25.01
2007-02-17,4.8614,6.7042,25.24
2007-02-18,5.6981,6.7824,25.19
2007-02-19,4.097,6.7721,25.54
2007-02-20,6.1541,7.0154,26.16
2007-02-21,5.6923,7.0166,26.33
2007-02-22,6.1716,6.912,26.82
2007-02-23,5.6042,6.9509,26.78
2007-02-24,4.4657,6.4915,26.61
2007-02-25,4.3572,6.1399,27.72
2007-02-26,4.5161,6.9118,27.63
2007-02-27,4.9882,6.9722,28.81
2007-02-28,5.0309,6.9403,28.86
2007-03-01,4.6075,6.589,29.11
2007-03-02,3.3653,7.0032,27.71
2007-03-03,3.9569,6.9139,28.91
2007-03-04,4.0248,6.69,28.52
2007-03-05,3.2719,6.7198,27.64
2007-03-06,3.7159,6.7562,27.68
2007-03-07,3.9566,6.7901,27.28
2007-03-08,3.5784,6.1685,26.13
2007-03-09,2.8817,6.4224,27.11
2007-03-10,4.4438,6.581,27.15
2007-03-11,3.2914,6.8642,27.23
2007-03-12,4.2278,6.791,27.56
2007-03-13,2.951,6.8258,27.27
2007-03-14,4.3884,6.5731,27.28
2007-03-15,4.2067,6.5261,25.87
2007-03-16,2.0222,6.2239,26.09
2007-03-17,2.7175,6.4142,25.8
2007-03-18,4.0193,6.7346,25.69
2007-03-19,3.6948,6.5071,26.89
2007-03-20,3.4207,6.8297,27.29
2007-03-21,3.3631,6.6108,26.74
2007-03-22,3.7644,6.8938,26.63
2007-03-23,4.8377,6.9389,26.46
2007-03-24,4.3982,6.9626,25.53
2007-03-25,4.4239,6.8887,25.96
2007-03-26,4.1854,6.6982,25.84
2007-03-27,4.0234,7.0954,26.4
2007-03-28,4.4359,7.235,26.45
2007-03-29,4.2718,7.1213,26.43
2007-03-30,3.4747,6.9818,25.89
2007-03-31,4.3258,7.2377,27.92
2007-04-01,3.9367,7.1544,27.73
2007-04-02,3.1123,7.2746,26.73
2007-04-03,4.4611,7.331,25.51
2007-04-04,4.0526,7.3032,26.55
2007-04-05,4.493,7.1398,25.58
2007-04-06,4.895,7.2367,26.89
2007-04-07,3.4711,7.3272,26.13
2007-04-08,3.9521,7.211,25.19
2007-04-09,4.3582,7.2266,25.89
2007-04-10,5.1924,7.1813,26.21
2007-04-11,5.7694,7.2523,25.81
2007-04-12,4.6238,7.1184,25.87
2007-04-13,4.1988,7.0483,27.11
2007-04-14,4.5046,7.3248,26.31
2007-04-15,4.3116,7.1998,24.81
2007-04-16,3.2894,7.001,25.55
2007-04-17,3.6859,6.8808,26.01
2007-04-18,3.3374,7.3786,25.45
2007-04-19,4.4347,7.05,24.09
2007-04-20,3.3859,7.1472,24.74
2007-04-21,5.0374,7.0877,24.1
2007-04-22,5.0556,7.1981,25.67
2007-04-23,4.7208,7.2218,25.25
2007-04-24,4.686,7.1054,24.19
2007-04-25,3.8779,6.9725,24.14
2007-04-26,4.1741,6.9888,25.09
2007-04-27,4.8086,7.1136,24.71
2007-04-28,4.5912,7.235,25.22
2007-04-29,4.2055,7.2377,25.16
2007-04-30,3.9442,7.1969,24.84
2007-05-01,4.1143,7.1299,25.17
2007-05-02,4.3066,7.3654,25.06
2007-05-03,4.2902,7.1141,25.66
2007-05-04,4.1863,7.3822,25.21
2007-05-05,4.41,7.3015,25.6
2007-05-06,3.3931,7.2019,26.31
2007-05-07,4.4352,7.2785,25.5
2007-05-08,4.8,7.3351,25.31
2007-05-09,3.9262,7.356,24.89
2007-05-10,3.8604,7.2274,25.46
2007-05-11,4.0764,7.2936,26.48
2007-05-12,2.6854,7.0346,27.07
2007-05-13,3.7716,6.8964,26.37
2007-05-14,4.4237,7.1054,26.08
2007-05-15,4.5552,7.087,26.35
2007-05-16,2.2538,7.2062,26.01
2007-05-17,4.5523,7.1911,25.98
2007-05-18,4.9102,7.2581,24.71
2007-05-19,4.9776,7.0934,24.3
2007-05-20,4.3226,7.0771,24.32
2007-05-21,3.587,7.0872,24.4
2007-05-22,4.5478,7.3457,24.63
2007-05-23,4.3409,7.2146,24.56
2007-05-24,4.0289,7.0392,24.48
2007-05-25,3.0787,6.9773,25.11
2007-05-26,4.6553,6.931,25.29
2007-05-27,4.7318,6.9938,25.48
2007-05-28,4.4726,7.0944,25.15
2007-05-29,4.1558,7.0668,24.36
2007-05-30,4.1033,7.1326,25.29
2007-05-31,4.7338,7.1374,24.87
2007-06-01,4.8185,7.0042,24.51
2007-06-02,3.8378,7.1198,24.42
2007-06-03,4.2564,7.1815,24.62
2007-06-04,4.2446,7.0334,25.69
2007-06-05,5.5229,7.2557,24.62
2007-06-06,4.2958,6.9924,24.32
2007-06-07,4.4419,6.9502,26.15
2007-06-08,4.9375,7.0519,24.81
2007-06-09,4.8823,7.1136,24.55
2007-06-10,4.2749,7.0937,24.62
2007-06-11,3.5942,7.085,25.46
2007-06-12,5.0566,7.1107,25.93
2007-06-13,5.345,7.1306,25.8
2007-06-14,4.6025,6.979,25.33
2007-06-15,4.5914,7.0855,24.44
2007-06-16,4.152,6.9528,25.45
2007-06-17,4.6082,6.9665,26.25
2007-06-18,4.4035,6.9187,25.89
2007-06-19,4.1141,7.015,26.13
2007-06-20,4.5931,6.9953,25.63
2007-06-21,5.0578,7.1758,25.3
2007-06-22,4.2269,7.0219,25.61
2007-06-23,4.3462,7.0548,25.45
2007-06-24,5.0556,7.1165,25.18
2007-06-25,4.3438,7.0562,25.89
2007-06-26,4.0824,7.0291,25.64
2007-06-27,5.5519,6.8659,24.98
2007-06-28,4.6248,7.0219,25.99
2007-06-29,3.2186,6.7807,25.71
2007-06-30,3.8491,6.5153,24.75
2007-07-01,4.0877,6.7558,25.61
2007-07-02,5.2649,7.0049,25.48
2007-07-03,4.865,7.0726,26.12
2007-07-04,5.0177,6.937,26.47
2007-07-05,4.9913,7.0339,26.09
2007-07-06,5.2466,6.9485,25.38
2007-07-07,4.2156,7.0085,25.04
2007-07-08,4.764,6.9122,24.5
2007-07-09,4.5583,6.961,25.69
2007-07-10,4.3195,7.0039,25.33
2007-07-11,5.291,7.0639,25.29
2007-07-12,4.6675,7.1057,26.02
2007-07-13,3.8417,6.9838,25.57
2007-07-14,4.9932,6.9972,25.9
2007-07-15,3.8074,7.0296,25.31
2007-07-16,4.5278,6.8957,24.15
2007-07-17,4.5823,7.1256,25.09
2007-07-18,4.8422,7.1616,25.45
2007-07-19,5.2985,6.9322,25.01
2007-07-20,5.041,6.9974,24.41
2007-07-21,4.409,6.9785,23.93
2007-07-22,4.3886,6.9612,23.52
2007-07-23,4.9006,7.1645,24.62
2007-07-24,5.053,6.9874,24.73
2007-07-25,5.1742,7.1782,24.68
2007-07-26,4.697,7.1657,24.92
2007-07-27,4.0598,7.2307,25.28
2007-07-28,5.022,7.2451,24.41
2007-07-29,4.9896,7.2302,24.91
2007-07-30,5.345,7.2636,26.0
2007-07-31,4.77,7.1561,25.22
2007-08-01,4.4333,6.9569,25.5
2007-08-02,4.2571,7.0634,25.53
2007-08-03,4.6678,7.1256,25.85
2007-08-04,4.339,6.9578,25.32
2007-08-05,4.9452,7.057,24.52
2007-08-06,4.6351,7.0903,24.47
2007-08-07,5.1842,7.067,24.72
2007-08-08,4.6783,7.2737,25.16
2007-08-09,4.8305,6.9833,24.38
2007-08-10,3.9598,7.0565,24.64
2007-08-11,4.2456,6.839,24.63
2007-08-12,4.751,7.0001,25.72
2007-08-13,3.3864,7.0279,24.54
2007-08-14,4.8367,7.1318,24.2
2007-08-15,3.8681,7.1503,25.0
2007-08-16,4.8101,7.1899,25.34
2007-08-17,2.9035,7.081,24.63
2007-08-18,5.0714,7.1083,24.02
2007-08-19,4.9951,7.1719,24.5
2007-08-20,3.4214,6.8762,25.04
2007-08-21,4.3174,6.9852,24.85
2007-08-22,5.0203,6.9823,24.98
2007-08-23,4.9248,7.1686,25.08
2007-08-24,3.87,7.2319,24.63
2007-08-25,3.6996,7.267,23.08
2007-08-26,4.422,7.3164,23.7
2007-08-27,5.7679,7.3133,25.28
2007-08-28,4.787,7.3459,25.61
2007-08-29,4.4537,7.3334,24.9
2007-08-30,3.3706,7.1326,23.69
2007-08-31,4.4179,7.1482,25.0
2007-09-01,5.0714,7.049,24.17
2007-09-02,5.2044,6.9281,25.16
2007-09-03,4.9325,6.9372,25.13
2007-09-04,5.4098,7.0447,24.11
2007-09-05,5.4151,7.2192,24.84
2007-09-06,4.5158,7.2362,24.92
2007-09-07,5.0892,7.3262,24.72
2007-09-08,5.0021,7.2521,25.25
2007-09-09,3.8693,7.1707,23.92
2007-09-10,4.3656,7.2782,24.77
2007-09-11,4.5442,7.3296,25.37
2007-09-12,4.2917,7.2192,25.26
2007-09-13,3.431,7.1383,25.16
2007-09-14,4.926,7.2902,24.15
2007-09-15,3.3343,7.4522,23.97
2007-09-16,5.1499,7.0908,23.88
2007-09-17,5.1132,7.0174,25.33
2007-09-18,4.3469,7.0594,25.77
2007-09-19,3.6773,7.0625,25.33
2007-09-20,5.9777,7.2168,24.63
2007-09-21,3.8215,7.1887,25.02
2007-09-22,5.3849,7.279,24.87
2007-09-23,5.3141,7.3126,25.03
2007-09-24,4.6769,7.2202,24.74
2007-09-25,4.3171,7.3723,23.72
2007-09-26,5.1288,7.0454,25.17
2007-09-27,4.6841,6.9989,24.77
2007-09-28,5.1178,7.1189,25.23
2007-09-29,4.433,7.0793,24.97
2007-09-30,4.9145,7.0015,25.12
2007-10-01,4.3231,6.9211,24.9
2007-10-02,5.7881,7.0507,25.28
2007-10-03,4.71,7.0829,24.77
2007-10-04,4.493,7.1546,24.19
2007-10-05,5.2658,7.1083,24.49
2007-10-06,5.3474,7.0433,25.11
2007-10-07,5.3422,6.9914,25.15
2007-10-08,5.3371,7.0994,25.41
2007-10-09,4.8108,6.8803,24.55
2007-10-10,5.1482,6.8861,24.44
2007-10-11,4.4585,7.1606,25.04
2007-10-12,5.0011,6.9605,24.35
2007-10-13,4.614,6.901,24.46
2007-10-14,4.9637,6.8839,25.36
2007-10-15,5.4271,7.091,24.81
2007-10-16,4.9745,6.9818,24.13
2007-10-17,3.9636,6.7046,24.53
2007-10-18,4.2866,6.9266,24.82
2007-10-19,4.7645,6.87,23.78
2007-10-20,3.7908,7.0032,23.34
2007-10-21,4.0166,6.9986,23.88
2007-10-22,4.9356,6.8309,24.64
2007-10-23,4.7906,6.9192,24.65
2007-10-24,4.5221,6.8645,24.67
2007-10-25,5.3551,6.853,24.51
2007-10-26,5.4038,6.9444,24.58
2007-10-27,4.6579,6.931,24.34
2007-10-28,4.3843,6.9408,24.06
2007-10-29,4.3834,6.8926,24.39
2007-10-30,4.2792,6.6739,24.42
2007-10-31,3.804,6.3972,24.78
2007-11-01,3.66,6.695,24.42
2007-11-02,4.8778,6.6778,24.61
2007-11-03,4.722,6.7428,25.0
2007-11-04,4.4126,6.5347,24.52
2007-11-05,5.1422,6.3046,24.63
2007-11-06,4.9402,6.5498,24.83
2007-11-07,4.3798,6.5822,25.01
2007-11-08,4.3966,6.5678,25.07
2007-11-09,2.5565,6.821,24.13
2007-11-10,4.589,6.7805,23.26
2007-11-11,4.5936,6.5618,24.2
2007-11-12,4.0046,6.553,24.51
2007-11-13,4.1225,6.505,24.75
2007-11-14,4.237,6.4174,24.25
2007-11-15,3.967,6.7198,25.63
2007-11-16,4.0099,6.4178,26.01
2007-11-17,3.3468,6.5117,25.4
2007-11-18,3.9528,6.4318,25.84
2007-11-19,4.5031,6.5162,25.98
2007-11-20,3.3792,6.5266,25.26
2007-11-21,2.0868,6.541,25.91
2007-11-22,4.0644,6.4874,25.02
2007-11-23,3.4109,6.5297,25.3
2007-11-24,4.3774,6.4618,25.12
2007-11-25,3.8393,6.4205,24.72
2007-11-26,3.9425,6.4591,25.76
2007-11-27,3.132,6.4272,26.05
2007-11-28,4.0202,6.4723,25.53
2007-11-29,4.2425,6.3665,25.11
2007-11-30,3.0271,6.4997,24.9
2007-12-01,4.1249,6.2551,24.5
2007-12-02,5.3542,6.4063,24.63
2007-12-03,4.3318,6.1817,24.27
2007-12-04,4.6248,6.2184,24.41
2007-12-05,4.9505,6.437,24.24
2007-12-06,4.3289,6.3377,24.77
2007-12-07,4.542,6.0823,24.66
2007-12-08,4.5276,6.0451,25.7
2007-12-09,4.4302,6.2506,25.79
2007-12-10,4.0973,6.264,25.41
2007-12-11,2.5978,6.1826,23.67
2007-12-12,3.0314,6.1603,24.75
2007-12-13,3.4862,6.1596,25.02
2007-12-14,3.9254,6.4126,24.98
2007-12-15,4.013,6.3547,23.57
2007-12-16,4.5346,6.3614,23.39
2007-12-17,4.3946,6.2244,24.77
2007-12-18,4.6034,6.1534,24.48
2007-12-19,4.5274,6.2242,25.08
2007-12-20,4.1592,6.2045,25.33
2007-12-21,4.0817,6.101,25.27
2007-12-22,4.1654,6.036,25.25
2007-12-23,3.246,5.8692,25.24
2007-12-24,3.7831,5.915,25.2
2007-12-25,3.3161,6.0466,25.08
2007-12-26,2.1974,6.1608,24.94
2007-12-27,3.6235,5.9897,24.76
2007-12-28,4.068,6.1572,25.24
2007-12-29,3.929,6.1992,26.46
2007-12-30,3.899,6.3446,25.72
2007-12-31,3.9797,6.3269,25.76
2008-01-01,4.8257,6.336,25.47
2008-01-02,5.2651,6.3146,24.53
2008-01-03,5.1718,6.2911,24.11
2008-01-04,4.6843,6.2268,24.55
2008-01-05,4.4537,6.2698,25.4
2008-01-06,3.558,6.2654,25.32
2008-01-07,3.3235,6.0914,25.49
2008-01-08,3.7898,6.0168,24.65
2008-01-09,3.5969,6.037,24.39
2008-01-10,4.4578,6.2604,24.37
2008-01-11,5.2433,6.3302,23.88
2008-01-12,4.5811,6.114,24.17
2008-01-13,3.8261,6.0305,24.61
2008-01-14,3.9005,6.1279,25.56
2008-01-15,3.7272,6.2609,25.83
2008-01-16,3.8993,6.2054,25.75
2008-01-17,4.9037,6.3334,25.29
2008-01-18,4.1234,6.4058,25.92
2008-01-19,4.2564,6.462,26.2
2008-01-20,4.0922,6.383,26.63
2008-01-21,4.1206,6.2911,26.53
2008-01-22,3.7735,6.335,25.23
2008-01-23,4.2041,6.3919,26.36
2008-01-24,4.0913,6.301,26.71
2008-01-25,3.2741,6.1625,26.25
2008-01-26,4.649,6.2887,26.39
2008-01-27,4.7306,6.4442,26.11
2008-01-28,5.4547,6.629,25.35
2008-01-29,5.9424,6.8234,25.08
2008-01-30,4.9222,6.3902,25.27
2008-01-31,5.0909,6.5119,25.65
2008-02-01,5.1454,6.3396,24.98
2008-02-02,5.3858,6.7649,24.63
2008-02-03,5.9314,6.846,24.69
2008-02-04,5.2601,6.5186,25.46
2008-02-05,4.3236,6.6502,26.2
2008-02-06,3.9708,6.4094,27.11
2008-02-07,3.3334,6.6067,27.39
2008-02-08,3.876,6.6266,27.61
2008-02-09,3.3478,6.558,27.28
2008-02-10,4.1508,6.6293,27.77
2008-02-11,4.5125,6.593,27.59
2008-02-12,3.2282,6.6814,27.77
2008-02-13,3.8741,6.7394,26.98
2008-02-14,3.9079,6.6922,27.47
2008-02-15,4.0951,6.8328,28.02
2008-02-16,2.7598,7.0039,26.73
2008-02-17,4.8485,6.8378,25.26
2008-02-18,4.7767,6.9744,25.8
2008-02-19,4.8302,6.9454,25.71
2008-02-20,4.1794,6.7212,25.39
2008-02-21,4.0044,6.504,26.13
2008-02-22,5.3544,6.8378,26.97
2008-02-23,5.3405,6.9631,26.99
2008-02-24,4.6879,6.9058,27.67
2008-02-25,4.8883,6.8678,27.21
2008-02-26,4.2218,6.9072,26.43
2008-02-27,4.5624,6.9377,26.58
2008-02-28,3.9038,6.6089,25.87
2008-02-29,4.6198,6.9811,27.3
2008-03-01,4.6493,6.7824,27.43
2008-03-02,4.2557,6.7054,27.31
2008-03-03,3.9648,6.2395,27.43
2008-03-04,3.6845,6.389,26.92
2008-03-05,3.2762,6.5743,26.69
2008-03-06,3.6091,6.8266,26.52
2008-03-07,5.2858,6.9782,26.95
2008-03-08,5.0052,7.0558,26.28
2008-03-09,5.5236,7.0202,26.82
2008-03-10,3.977,6.9686,26.45
2008-03-11,5.5822,7.0265,26.55
2008-03-12,4.8118,6.4385,26.93
2008-03-13,3.8033,6.5623,25.7
2008-03-14,2.6974,7.0973,24.24
2008-03-15,5.0386,7.2684,26.12
2008-03-16,5.239,7.1371,28.05
2008-03-17,4.7575,7.0169,28.48
2008-03-18,4.2216,7.1141,27.56
2008-03-19,4.464,7.0841,28.08
2008-03-20,4.3826,6.8263,28.22
2008-03-21,4.4474,6.7946,27.84
2008-03-22,3.9943,6.9036,26.7
2008-03-23,4.1738,6.8071,26.16
2008-03-24,4.1654,7.2545,25.96
2008-03-25,3.2681,6.9326,26.87
2008-03-26,3.8222,6.949,28.01
2008-03-27,3.6444,6.9857,27.48
2008-03-28,3.3552,6.7778,27.7
2008-03-29,3.6931,6.7469,27.12
2008-03-30,3.6646,6.7462,26.47
2008-03-31,3.0794,7.151,26.44
2008-04-01,5.5126,7.134,26.36
2008-04-02,6.0648,7.4515,26.91
2008-04-03,5.8145,7.3123,27.62
2008-04-04,5.6657,7.3471,28.16
2008-04-05,5.0719,7.1342,28.38
2008-04-06,4.6207,6.9386,28.01
2008-04-07,3.7445,7.189,26.43
2008-04-08,4.1909,7.1784,26.33
2008-04-09,3.0754,7.2497,25.79
2008-04-10,3.7954,7.2127,25.34
2008-04-11,3.7246,7.0123,25.52
2008-04-12,4.4285,7.1352,26.5
2008-04-13,3.8052,6.9504,24.9
2008-04-14,3.9936,7.0116,25.28
2008-04-15,4.0044,7.1285,25.1
2008-04-16,4.1938,7.1374,26.58
2008-04-17,4.7522,7.3306,27.54
2008-04-18,5.0273,7.2298,28.84
2008-04-19,3.0396,7.1016,26.84
2008-04-20,3.7082,7.3051,26.63
2008-04-21,4.2674,7.1237,27.01
2008-04-22,4.2523,7.1962,26.45
2008-04-23,2.5596,6.9442,26.29
2008-04-24,4.4405,6.9142,26.55
2008-04-25,4.4674,7.1882,26.65
2008-04-26,4.8168,7.1016,27.27
2008-04-27,3.4267,7.1527,26.72
2008-04-28,4.4172,7.0646,27.05
2008-04-29,4.4549,6.9646,26.55
2008-04-30,4.2857,7.0553,26.34
2008-05-01,4.6937,7.2389,24.58
2008-05-02,4.7477,7.1844,24.64
2008-05-03,4.8468,7.11,25.27
2008-05-04,4.7736,7.1544,25.8
2008-05-05,4.6368,7.0997,26.53
2008-05-06,4.061,7.3627,26.42
2008-05-07,4.4249,7.117,27.0
2008-05-08,2.1794,7.0992,25.93
2008-05-09,2.6534,7.2274,25.0
2008-05-10,4.9798,7.2132,25.9
2008-05-11,4.7892,7.2662,24.96
2008-05-12,4.2346,7.0985,25.36
2008-05-13,4.3798,7.1446,26.6
2008-05-14,3.7997,7.0301,27.45
2008-05-15,1.7986,6.9298,27.28
2008-05-16,4.1184,6.8626,25.76
2008-05-17,3.2158,6.9209,25.31
2008-05-18,4.6138,7.0106,25.76
2008-05-19,4.3318,7.0056,24.71
2008-05-20,4.705,6.9782,24.29
2008-05-21,4.4218,6.9595,23.58
2008-05-22,3.5966,7.1002,24.53
2008-05-23,5.1158,6.9214,24.64
2008-05-24,4.2934,6.9082,24.43
2008-05-25,4.6464,6.9799,24.2
2008-05-26,4.8223,6.9833,24.2
2008-05-27,4.0975,7.032,23.63
2008-05-28,4.4256,7.0404,23.98
2008-05-29,4.1933,7.1386,25.05
2008-05-30,4.7717,7.051,24.74
2008-05-31,4.2629,6.9941,24.71
2008-06-01,4.5089,6.935,24.17
2008-06-02,4.6368,6.9766,24.81
2008-06-03,4.7669,6.953,24.05
2008-06-04,4.5079,7.0555,24.03
2008-06-05,4.2677,7.117,25.16
2008-06-06,4.26,7.0714,24.25
2008-06-07,3.3874,7.0985,25.11
2008-06-08,5.2697,7.069,24.79
2008-06-09,3.7985,7.0219,25.08
2008-06-10,4.8689,6.8354,24.79
2008-06-11,4.891,6.8232,25.95
2008-06-12,4.7489,7.0435,25.67
2008-06-13,5.1523,7.0061,25.63
2008-06-14,3.409,6.9655,25.42
2008-06-15,5.19,6.9168,24.26
2008-06-16,3.7788,6.8947,24.85
2008-06-17,4.5091,6.9401,26.03
2008-06-18,4.7741,6.9994,24.82
2008-06-19,4.9253,7.0706,25.19
2008-06-20,4.1417,7.0445,25.5
2008-06-21,4.3997,6.8707,25.26
2008-06-22,4.1354,6.7918,24.37
2008-06-23,4.3649,6.774,23.8
2008-06-24,4.7518,6.893,25.14
2008-06-25,3.379,6.9691,24.86
2008-06-26,5.4703,7.061,24.74
2008-06-27,5.059,7.1038,25.76
2008-06-28,4.5031,7.014,25.39
2008-06-29,4.6529,6.8302,25.09
2008-06-30,3.0163,6.9298,24.9
2008-07-01,3.9132,6.9403,24.71
2008-07-02,3.6816,6.7778,24.17
2008-07-03,4.1693,6.8141,24.66
2008-07-04,3.9641,6.7922,24.54
2008-07-05,4.2929,6.7711,24.18
2008-07-06,3.36,6.9482,23.89
2008-07-07,4.675,7.0164,24.27
2008-07-08,3.4519,6.9804,24.43
2008-07-09,4.4177,7.1258,24.26
2008-07-10,4.3668,6.8534,23.95
2008-07-11,4.5245,7.0711,25.45
2008-07-12,4.7791,6.9888,24.67
2008-07-13,4.2538,6.9677,23.83
2008-07-14,4.5274,6.8966,23.87
2008-07-15,4.1364,6.7906,24.69
2008-07-16,4.6584,7.0531,24.03
2008-07-17,4.5631,6.8578,24.28
2008-07-18,4.6639,6.9125,25.15
2008-07-19,5.5651,7.127,25.14
2008-07-20,5.0856,7.0637,25.35
2008-07-21,5.1331,7.0368,24.39
2008-07-22,3.924,6.9943,24.69
2008-07-23,4.7232,7.1002,25.22
2008-07-24,4.4935,7.0114,25.21
2008-07-25,4.5725,7.2036,25.63
2008-07-26,4.3759,6.9101,25.31
2008-07-27,4.3418,6.9391,24.77
2008-07-28,5.2562,7.1126,24.9
2008-07-29,4.2218,6.9797,24.26
2008-07-30,4.471,7.0934,25.79
2008-07-31,4.1806,7.0817,24.66
2008-08-01,4.6382,7.1314,24.89
2008-08-02,4.2389,7.1981,24.89
2008-08-03,4.6126,6.8669,24.24
2008-08-04,4.0423,6.995,25.01
2008-08-05,4.4136,7.2247,24.88
2008-08-06,4.4678,6.9986,26.09
2008-08-07,4.6032,7.1772,25.56
2008-08-08,5.0165,7.2031,25.22
2008-08-09,4.0999,7.0406,25.21
2008-08-10,4.0058,7.1863,24.24
2008-08-11,3.7414,6.9684,23.46
2008-08-12,5.2001,6.9691,25.35
2008-08-13,4.2024,7.1549,24.3
2008-08-14,3.5357,7.1004,25.34
2008-08-15,4.8386,7.2322,24.28
2008-08-16,4.5564,7.0327,23.68
2008-08-17,4.4534,7.0922,24.15
2008-08-18,4.6241,7.1398,24.61
2008-08-19,4.6094,7.1587,24.51
2008-08-20,4.7642,7.134,25.21
2008-08-21,4.3171,7.1753,25.13
2008-08-22,5.4482,7.1078,24.15
2008-08-23,5.2466,6.9048,24.58
2008-08-24,4.4143,7.1791,25.07
2008-08-25,5.3095,7.1446,24.97
2008-08-26,4.9356,7.1549,24.56
2008-08-27,5.0798,7.1328,25.24
2008-08-28,4.9135,6.9886,25.07
2008-08-29,4.5715,6.8962,24.98
2008-08-30,4.8672,7.1633,24.84
2008-08-31,4.6416,7.3118,24.89
2008-09-01,4.7129,7.2418,24.36
2008-09-02,4.0121,7.2197,24.56
2008-09-03,4.2679,7.0879,24.27
2008-09-04,3.2988,7.0718,24.51
2008-09-05,5.2534,7.2972,25.13
2008-09-06,4.7983,7.2794,26.07
2008-09-07,4.5372,7.1774,25.23
2008-09-08,5.3227,6.9194,24.13
2008-09-09,4.3082,7.1882,24.53
2008-09-10,5.2817,7.1566,24.67
2008-09-11,5.2754,7.3042,25.18
2008-09-12,4.9788,7.2655,25.17
2008-09-13,5.3419,7.1993,25.03
2008-09-14,4.3639,7.1508,25.36
2008-09-15,4.9632,7.1683,24.69
2008-09-16,3.605,7.0435,24.47
2008-09-17,3.947,6.8527,24.19
2008-09-18,4.1117,6.7586,23.75
2008-09-19,5.2068,6.9905,24.5
2008-09-20,2.9683,6.9874,24.33
2008-09-21,5.803,7.1474,24.57
2008-09-22,4.3834,7.0606,24.63
2008-09-23,4.8845,6.9833,23.36
2008-09-24,5.4934,7.0634,24.76
2008-09-25,5.4523,7.2031,26.35
2008-09-26,4.6138,7.1878,25.79
2008-09-27,5.0602,7.2859,25.11
2008-09-28,4.7671,7.1695,24.27
2008-09-29,5.2663,7.1594,24.68
2008-09-30,4.6114,7.0819,24.33
2008-10-01,4.7539,7.0678,24.09
2008-10-02,4.003,7.0082,23.93
2008-10-03,4.4839,7.0807,23.93
2008-10-04,5.2711,7.0615,24.22
2008-10-05,5.0196,6.978,25.01
2008-10-06,5.2519,6.899,24.7
2008-10-07,4.4028,6.9065,24.75
2008-10-08,5.5198,6.8477,24.55
2008-10-09,3.8585,7.085,24.72
2008-10-10,3.4613,7.103,24.15
2008-10-11,4.7801,6.9562,24.71
2008-10-12,4.4885,6.9485,24.49
2008-10-13,5.0638,7.1345,25.02
2008-10-14,5.2745,7.0243,24.92
2008-10-15,5.2246,6.9382,24.55
2008-10-16,4.8804,6.8434,24.8
2008-10-17,4.4734,6.9305,24.41
2008-10-18,4.5602,6.9888,25.21
2008-10-19,4.9219,6.9041,25.19
2008-10-20,5.2039,6.8069,25.36
2008-10-21,4.301,6.6168,24.16
2008-10-22,4.3346,6.858,24.71
2008-10-23,4.7561,6.9437,25.56
2008-10-24,5.2006,6.9967,25.34
2008-10-25,5.088,7.0078,25.38
2008-10-26,5.1038,6.8954,26.14
2008-10-27,3.8232,6.8431,25.72
2008-10-28,3.9523,6.7613,25.19
2008-10-29,4.1585,6.8942,24.73
2008-10-30,4.2965,6.779,25.55
2008-10-31,4.56,6.869,25.5
2008-11-01,3.5844,6.9924,23.89
2008-11-02,3.5592,6.8227,24.16
2008-11-03,4.7674,6.666,24.7
2008-11-04,3.7937,6.7054,24.04
2008-11-05,4.2038,6.6511,24.54
2008-11-06,3.9804,6.5587,24.17
2008-11-07,4.417,6.4843,25.31
2008-11-08,4.8569,6.6545,24.15
2008-11-09,4.8655,6.5227,24.93
2008-11-10,4.7878,6.563,25.7
2008-11-11,4.0591,6.3734,25.49
2008-11-12,4.6243,6.462,25.14
2008-11-13,4.1246,6.4426,24.8
2008-11-14,4.6313,6.5239,24.88
2008-11-15,4.4129,6.3986,24.02
2008-11-16,4.7134,6.3437,24.38
2008-11-17,4.5919,6.3482,25.01
2008-11-18,4.717,6.4056,25.0
2008-11-19,4.3174,6.3701,24.03
2008-11-20,4.0915,6.2498,24.78
2008-11-21,4.5907,6.2417,24.63
2008-11-22,4.2029,6.3031,24.75
2008-11-23,4.4261,6.4018,25.98
2008-11-24,2.7468,6.4013,25.04
2008-11-25,2.5639,6.2933,24.77
2008-11-26,1.824,6.2962,23.66
2008-11-27,3.347,6.437,23.79
2008-11-28,4.0853,6.3672,23.33
2008-11-29,3.8981,6.3905,24.29
2008-11-30,4.1309,6.3331,25.16
2008-12-01,3.8767,6.258,24.22
2008-12-02,4.2451,6.3367,24.73
2008-12-03,4.2384,6.2815,24.64
2008-12-04,4.5302,6.264,24.87
2008-12-05,4.5862,6.2244,25.32
2008-12-06,4.0697,6.1414,25.23
2008-12-07,2.8246,6.1529,24.85
2008-12-08,3.7865,6.0334,24.87
2008-12-09,3.263,6.0619,24.96
2008-12-10,3.2362,6.2472,24.9
2008-12-11,1.913,6.2614,24.77
2008-12-12,3.6679,6.1721,24.76
2008-12-13,5.0249,6.1301,24.65
2008-12-14,4.6286,5.9909,24.89
2008-12-15,4.189,5.9724,25.08
2008-12-16,4.5722,6.3065,25.39
2008-12-17,5.0066,6.1949,24.71
2008-12-18,4.9246,6.1361,24.3
2008-12-19,3.8832,6.0403,24.46
2008-12-20,3.347,6.1051,24.0
2008-12-21,3.6446,6.1682,23.99
2008-12-22,3.8263,6.0682,24.34
2008-12-23,4.296,6.0,24.89
2008-12-24,4.1652,6.1438,25.09
2008-12-25,4.8204,6.1313,25.18
2008-12-26,4.1978,6.2573,24.99
2008-12-27,3.7956,6.2057,24.47
2008-12-28,4.5014,6.3938,25.12
2008-12-29,4.452,6.2604,24.87
2008-12-30,3.6053,6.1757,24.72
2008-12-31,2.8373,6.2004,25.12
2009-01-01,4.1148,6.2827,25.33
2009-01-02,3.0833,6.0262,25.21
2009-01-03,3.6271,6.1118,25.64
2009-01-04,3.2266,6.2429,25.93
2009-01-05,3.7464,6.1591,26.02
2009-01-06,3.8698,6.1735,25.16
2009-01-07,4.1482,6.1344,25.53
2009-01-08,3.4459,6.103,25.06
2009-01-09,3.5426,6.1234,25.13
2009-01-10,2.8426,5.9009,25.09
2009-01-11,2.7914,6.1889,25.14
2009-01-12,3.0178,6.102,25.61
2009-01-13,3.0898,6.1536,24.63
2009-01-14,2.3988,6.3672,24.93
2009-01-15,4.145,6.3533,24.69
2009-01-16,3.2462,6.3343,23.92
2009-01-17,3.1944,6.5009,23.96
2009-01-18,3.4738,6.3326,24.01
2009-01-19,4.3618,6.1231,23.97
2009-01-20,4.6608,6.2446,24.97
2009-01-21,3.5242,6.0931,24.41
2009-01-22,3.2453,6.3331,23.78
2009-01-23,3.737,6.15,25.45
2009-01-24,4.6133,6.1829,25.17
2009-01-25,4.6692,6.3146,25.05
2009-01-26,4.3104,6.3761,24.95
2009-01-27,5.2853,6.5117,25.71
2009-01-28,4.3798,6.4066,25.68
2009-01-29,3.7046,6.3187,25.69
2009-01-30,2.718,6.4788,24.33
2009-01-31,3.2342,6.3434,24.33
2009-02-01,4.4527,6.5018,25.59
2009-02-02,3.9535,6.5388,25.6
2009-02-03,4.199,6.607,25.64
2009-02-04,4.0466,6.4939,25.44
2009-02-05,4.165,6.4145,25.8
2009-02-06,4.459,6.4975,25.61
2009-02-07,5.1343,6.6024,24.75
2009-02-08,3.9871,6.4529,25.31
2009-02-09,3.235,6.5102,25.26
2009-02-10,3.5645,6.5878,24.59
2009-02-11,3.5942,6.4373,25.48
2009-02-12,2.7528,6.5772,25.86
2009-02-13,2.8157,6.5777,25.18
2009-02-14,4.045,6.6626,25.61
2009-02-15,4.7302,6.7658,24.93
2009-02-16,5.239,6.7308,25.0
2009-02-17,4.7873,6.696,24.68
2009-02-18,4.1453,6.7774,25.25
2009-02-19,4.3685,6.6636,24.64
2009-02-20,3.0475,6.6413,25.96
2009-02-21,4.1234,6.6449,26.14
2009-02-22,3.8054,7.0474,26.25
2009-02-23,3.9797,6.7793,25.49
2009-02-24,3.253,6.8326,24.91
2009-02-25,3.8498,6.653,25.37
2009-02-26,3.8714,6.7831,25.42
2009-02-27,4.6274,6.9278,25.99
2009-02-28,4.1364,6.8861,26.22
2009-03-01,2.9688,6.882,25.69
2009-03-02,2.6448,6.7877,24.67
2009-03-03,3.5928,6.8923,24.82
2009-03-04,3.5796,6.9446,25.25
2009-03-05,4.5173,6.7891,26.14
2009-03-06,4.4894,6.8438,26.29
2009-03-07,4.1018,6.8671,26.25
2009-03-08,4.3582,6.743,26.47
2009-03-09,3.9468,6.8784,25.82
2009-03-10,3.576,6.9982,25.38
2009-03-11,2.8706,7.0966,24.78
2009-03-12,4.001,6.8957,25.17
2009-03-13,4.193,6.7073,25.09
2009-03-14,4.825,6.9185,25.34
2009-03-15,4.5005,6.8954,25.47
2009-03-16,4.1971,6.8294,25.64
2009-03-17,2.3618,6.9209,25.11
2009-03-18,3.3787,7.0262,24.07
2009-03-19,3.0454,7.2346,24.97
2009-03-20,3.1702,7.0958,25.33
2009-03-21,3.145,7.0908,24.4
2009-03-22,3.9799,7.0723,24.98
2009-03-23,3.7483,7.2182,25.68
2009-03-24,4.5912,7.0903,25.1
2009-03-25,4.5967,7.0426,26.04
2009-03-26,4.3042,6.9209,26.08
2009-03-27,5.0854,7.1131,26.45
2009-03-28,4.3906,7.039,25.5
2009-03-29,4.7398,6.8774,23.7
2009-03-30,4.1978,7.0416,26.14
2009-03-31,3.2234,7.026,25.16
2009-04-01,4.038,7.1131,24.07
2009-04-02,5.4122,7.1028,24.92
2009-04-03,4.9558,7.1772,24.95
2009-04-04,5.3378,7.068,25.59
2009-04-05,5.3964,7.3517,25.5
2009-04-06,4.6222,7.1558,25.38
2009-04-07,3.972,7.1513,25.32
2009-04-08,4.3526,6.6785,24.7
2009-04-09,4.0824,6.7961,25.24
2009-04-10,4.6284,7.002,25.32
2009-04-11,3.2746,7.1707,25.16
2009-04-12,4.1748,7.2089,26.09
2009-04-13,4.6774,7.1962,26.0
2009-04-14,3.8789,7.1558,25.57
2009-04-15,4.7695,7.2005,26.76
2009-04-16,3.5458,6.9967,26.69
2009-04-17,3.3756,6.9859,25.63
2009-04-18,3.6581,6.8813,25.38
2009-04-19,3.3996,7.1119,26.91
2009-04-20,3.7354,6.894,27.13
2009-04-21,2.5135,6.8942,25.74
2009-04-22,3.7807,7.2756,25.81
2009-04-23,4.7489,7.1746,25.56
2009-04-24,4.9092,7.0138,25.59
2009-04-25,3.558,7.1923,26.16
2009-04-26,3.8681,7.1107,25.86
2009-04-27,4.0529,7.0488,27.38
2009-04-28,3.5868,7.0512,26.44
2009-04-29,2.8591,6.9434,26.27
2009-04-30,4.0766,7.0975,25.23
2009-05-01,4.458,7.1527,24.85
2009-05-02,3.6958,6.9982,25.68
2009-05-03,4.0798,7.2158,24.78
2009-05-04,5.3285,7.2578,25.27
2009-05-05,4.8094,7.2912,25.19
2009-05-06,5.0878,7.1844,25.95
2009-05-07,4.6541,7.2482,25.31
2009-05-08,4.7508,7.1047,25.11
2009-05-09,3.9413,7.3282,26.59
2009-05-10,4.4167,7.2324,25.33
2009-05-11,4.0507,7.1494,26.56
2009-05-12,4.6963,7.2192,26.01
2009-05-13,4.0056,7.3745,25.53
2009-05-14,4.5578,7.1746,25.64
2009-05-15,4.7731,7.1887,25.97
2009-05-16,4.764,7.213,26.12
2009-05-17,5.0952,7.1832,25.71
2009-05-18,4.6226,7.1179,26.53
2009-05-19,4.2254,7.0817,25.93
2009-05-20,4.1172,7.2454,25.34
2009-05-21,3.5285,7.0764,25.7
2009-05-22,4.5442,7.0877,25.61
2009-05-23,2.5584,7.0747,25.7
2009-05-24,4.2737,7.1945,25.95
2009-05-25,4.6325,7.1518,25.55
2009-05-26,4.6601,7.0896,25.73
2009-05-27,4.968,7.1054,25.24
2009-05-28,2.5577,7.0178,25.71
2009-05-29,4.5737,6.8546,24.78
2009-05-30,4.8406,7.0522,25.49
2009-05-31,3.8006,7.0042,25.19
2009-06-01,4.093,7.0706,26.29
2009-06-02,4.2871,7.1395,26.92
2009-06-03,3.8851,6.9146,26.18
2009-06-04,3.1294,6.7567,26.22
2009-06-05,2.3544,6.9919,24.87
2009-06-06,5.1134,6.9907,24.34
2009-06-07,4.0258,6.9578,24.38
2009-06-08,4.2768,7.0805,25.11
2009-06-09,4.3066,6.9888,25.47
2009-06-10,3.9094,7.2708,25.37
2009-06-11,5.2498,7.0356,25.22
2009-06-12,3.6422,7.0723,24.83
2009-06-13,2.6606,6.677,24.14
2009-06-14,4.4527,6.9946,23.95
2009-06-15,4.7338,6.9821,25.47
2009-06-16,4.4916,6.9749,25.06
2009-06-17,4.4347,7.109,25.57
2009-06-18,3.9134,6.8933,24.96
2009-06-19,4.1297,6.9751,25.38
2009-06-20,4.2756,6.942,25.85
2009-06-21,3.9211,6.8755,24.25
2009-06-22,3.8026,6.943,23.04
2009-06-23,5.4053,7.0824,24.03
2009-06-24,3.7363,7.1364,24.63
2009-06-25,4.9291,6.9866,24.37
2009-06-26,4.5895,7.1854,25.41
2009-06-27,5.7257,6.8815,25.28
2009-06-28,1.9666,6.9857,25.49
2009-06-29,4.9082,6.9502,25.46
2009-06-30,4.2756,7.0034,25.16
2009-07-01,3.8102,7.0541,25.11
2009-07-02,4.6697,7.0536,25.43
2009-07-03,4.385,7.0853,25.12
2009-07-04,4.248,6.983,24.7
2009-07-05,4.758,6.8426,24.25
2009-07-06,4.3075,6.8508,25.69
2009-07-07,4.9402,7.0555,26.23
2009-07-08,4.8022,6.9262,24.64
2009-07-09,4.5228,6.9895,24.76
2009-07-10,3.7042,7.1273,25.37
2009-07-11,5.1482,7.0332,24.84
2009-07-12,5.0477,7.0488,25.61
2009-07-13,4.631,7.1496,26.98
2009-07-14,4.2898,7.0582,26.61
2009-07-15,5.8236,7.0913,26.81
2009-07-16,5.4026,7.0234,26.9
2009-07-17,4.4592,7.0534,26.8
2009-07-18,4.4798,7.0476,25.92
2009-07-19,4.5588,7.0925,26.62
2009-07-20,3.0154,6.8988,25.66
2009-07-21,4.7381,6.865,25.51
2009-07-22,4.2696,7.0606,25.38
2009-07-23,4.8648,7.1076,26.33
2009-07-24,4.2394,6.9854,25.77
2009-07-25,4.5499,7.1484,26.52
2009-07-26,4.6925,7.1556,26.69
2009-07-27,4.3577,7.0558,26.21
2009-07-28,5.0669,7.2178,26.6
2009-07-29,3.4198,6.8534,26.27
2009-07-30,5.3002,6.9511,25.06
2009-07-31,5.4607,7.0346,25.38
2009-08-01,5.5819,7.1633,26.27
2009-08-02,4.5617,7.1962,26.8
2009-08-03,4.4273,7.1902,26.37
2009-08-04,4.8103,7.08,26.13
2009-08-05,2.8414,6.9866,26.33
2009-08-06,3.3922,6.8458,24.93
2009-08-07,3.4927,7.032,24.77
2009-08-08,4.5161,7.0608,25.06
2009-08-09,4.3687,7.1722,25.01
2009-08-10,5.5514,7.1136,25.73
2009-08-11,4.9598,7.2622,26.43
2009-08-12,4.1839,7.0985,26.31
2009-08-13,4.7806,7.2749,24.98
2009-08-14,3.4922,7.0786,24.71
2009-08-15,4.6037,6.9286,24.22
2009-08-16,3.7949,7.0978,24.23
2009-08-17,4.853,7.1105,25.22
2009-08-18,4.4638,7.2077,24.88
2009-08-19,4.7057,7.1582,25.7
2009-08-20,3.9694,7.2048,24.72
2009-08-21,4.9296,6.9943,25.12
2009-08-22,3.6538,7.0721,25.69
2009-08-23,4.7239,7.129,25.99
2009-08-24,5.1312,7.1712,25.15
2009-08-25,4.6171,7.3294,25.37
2009-08-26,4.753,7.2742,25.77
2009-08-27,4.4232,7.3308,25.89
2009-08-28,4.9601,7.0841,25.5
2009-08-29,2.975,7.1832,25.35
2009-08-30,4.1971,7.0658,24.56
2009-08-31,4.5696,7.237,25.44
2009-09-01,4.7148,7.3039,25.97
2009-09-02,4.0834,7.249,26.47
2009-09-03,4.4784,7.1738,25.61
2009-09-04,5.706,7.1738,25.65
2009-09-05,4.8797,7.483,26.42
2009-09-06,6.1152,7.501,26.83
2009-09-07,4.9186,7.3716,25.84
2009-09-08,4.453,7.1554,25.97
2009-09-09,3.582,7.1496,25.62
2009-09-10,5.5788,7.3788,25.59
2009-09-11,5.3434,7.3891,25.44
2009-09-12,4.2943,7.2182,25.09
2009-09-13,5.3618,7.0817,24.7
2009-09-14,4.668,7.2019,25.94
2009-09-15,3.7373,7.0406,25.34
2009-09-16,4.5732,7.3978,24.33
2009-09-17,4.2953,7.146,23.88
2009-09-18,4.7731,7.2238,25.67
2009-09-19,4.247,7.3159,25.88
2009-09-20,4.7364,7.1503,26.39
2009-09-21,4.344,7.1323,25.59
2009-09-22,3.1586,7.0709,25.43
2009-09-23,5.6491,7.1256,25.41
2009-09-24,5.1269,7.3022,25.81
2009-09-25,4.7052,7.1318,25.83
2009-09-26,4.7424,7.0747,25.92
2009-09-27,3.215,6.9871,25.85
2009-09-28,5.01,7.0246,24.93
2009-09-29,4.6582,7.1933,25.38
2009-09-30,5.3388,7.3894,26.18
2009-10-01,2.7288,7.1126,25.3
2009-10-02,3.9487,6.8722,25.27
2009-10-03,4.5252,6.8734,25.61
2009-10-04,4.1782,6.8652,24.57
2009-10-05,4.368,7.001,25.5
2009-10-06,4.3414,7.0097,25.81
2009-10-07,3.9046,7.1738,26.03
2009-10-08,4.8144,7.0481,25.47
2009-10-09,4.7803,6.9343,25.98
2009-10-10,4.2302,6.9185,26.09
2009-10-11,4.5089,7.0152,25.54
2009-10-12,4.2864,7.0788,24.93
2009-10-13,5.052,6.8798,25.03
2009-10-14,4.3181,7.0925,24.68
2009-10-15,4.8353,7.0716,23.86
2009-10-16,4.7887,7.1597,25.51
2009-10-17,4.3766,6.893,25.03
2009-10-18,4.8646,6.834,24.51
2009-10-19,4.9229,6.8083,25.16
2009-10-20,4.7026,6.9233,24.69
2009-10-21,4.9222,6.9473,25.32
2009-10-22,5.0294,6.9403,25.59
2009-10-23,4.8694,6.8114,24.59
2009-10-24,3.2722,6.6953,25.33
2009-10-25,4.0114,6.7363,25.11
2009-10-26,4.4412,6.7858,25.84
2009-10-27,3.5052,6.798,25.45
2009-10-28,5.0904,6.7517,24.33
2009-10-29,4.0639,6.6725,24.36
2009-10-30,4.6282,6.6953,25.27
2009-10-31,3.7985,6.5534,25.17
2009-11-01,4.9313,6.6233,24.49
2009-11-02,4.3982,6.6941,23.49
2009-11-03,4.7806,6.5698,23.66
2009-11-04,4.8487,6.6456,25.07
2009-11-05,4.9366,6.6552,24.95
2009-11-06,4.2403,6.6665,24.42
2009-11-07,4.847,6.6336,24.36
2009-11-08,4.6332,6.5789,24.86
2009-11-09,4.9937,6.5194,24.32
2009-11-10,4.3961,6.4709,24.91
2009-11-11,4.2302,6.4951,25.41
2009-11-12,4.8014,6.4942,25.32
2009-11-13,4.2142,6.5494,25.01
2009-11-14,4.6874,6.515,24.93
2009-11-15,3.6202,6.3701,25.02
2009-11-16,4.4686,6.5198,25.02
2009-11-17,4.8677,6.4709,25.43
2009-11-18,2.7701,6.4226,24.91
2009-11-19,4.0987,6.3732,25.22
2009-11-20,2.7038,6.3595,26.07
2009-11-21,3.6367,6.2813,26.17
2009-11-22,3.1654,6.3662,26.11
2009-11-23,3.7766,6.3439,25.64
2009-11-24,3.6254,6.3142,25.82
2009-11-25,5.0287,6.3794,24.81
2009-11-26,4.255,6.2671,24.94
2009-11-27,3.6811,6.2237,25.71
2009-11-28,2.8296,6.1963,24.87
2009-11-29,4.392,6.1788,25.42
2009-11-30,3.847,6.175,25.97
2009-12-01,4.2298,6.1944,26.44
2009-12-02,4.0073,6.2263,26.83
2009-12-03,4.391,6.3744,27.03
2009-12-04,4.3265,6.2837,26.66
2009-12-05,4.35,6.2539,26.81
2009-12-06,4.3709,6.1985,26.72
2009-12-07,4.4582,6.1846,26.32
2009-12-08,3.6238,6.1738,25.37
2009-12-09,3.8904,6.1774,25.55
2009-12-10,4.2262,6.1903,25.72
2009-12-11,4.3217,6.1445,26.26
2009-12-12,3.1241,6.1183,25.43
2009-12-13,3.865,6.2326,25.86
2009-12-14,4.0505,6.2273,26.19
2009-12-15,4.3164,6.0991,26.43
2009-12-16,3.7526,6.1469,25.46
2009-12-17,3.1798,6.1258,25.86
2009-12-18,3.9029,6.0197,25.75
2009-12-19,3.7224,6.4346,24.51
2009-12-20,3.8743,6.2712,25.34
2009-12-21,1.699,6.2976,24.68
2009-12-22,3.245,6.2753,24.54
2009-12-23,4.103,6.2146,25.1
2009-12-24,4.0982,6.1654,25.56
2009-12-25,3.991,6.0454,26.17
2009-12-26,3.5292,6.024,25.32
2009-12-27,3.8098,6.1678,25.23
2009-12-28,4.8902,6.1421,25.45
2009-12-29,4.4266,6.0828,25.85
2009-12-30,4.2103,6.0926,25.96
2009-12-31,4.4268,6.1567,25.99
2010-01-01,5.4617,6.4032,25.75
2010-01-02,5.0791,6.3703,25.64
2010-01-03,4.9651,6.3564,25.42
2010-01-04,4.9577,6.4541,25.46
2010-01-05,4.5017,6.2419,25.37
2010-01-06,4.7254,6.0552,25.23
2010-01-07,4.3685,6.1922,25.98
2010-01-08,3.2863,6.1502,26.07
2010-01-09,3.4524,6.1339,26.15
2010-01-10,3.8664,6.1056,25.33
2010-01-11,4.6154,6.1627,24.7
2010-01-12,5.1211,6.215,25.09
2010-01-13,5.3287,6.1534,25.33
2010-01-14,5.3254,6.3281,25.75
2010-01-15,4.6788,6.1711,26.24
2010-01-16,5.0004,6.2563,26.86
2010-01-17,3.5801,6.2069,26.6
2010-01-18,3.6226,6.271,26.49
2010-01-19,3.6168,6.3485,26.54
2010-01-20,4.8278,6.5921,26.74
2010-01-21,4.1203,6.4483,26.62
2010-01-22,3.9007,6.1428,26.47
2010-01-23,3.8532,6.1584,25.22
2010-01-24,4.1026,6.2323,25.64
2010-01-25,4.447,6.1342,25.95
2010-01-26,3.2566,5.9251,24.94
2010-01-27,3.1841,6.0955,26.1
2010-01-28,4.231,6.3744,26.08
2010-01-29,4.5475,6.4462,26.17
2010-01-30,4.1208,6.4289,26.39
2010-01-31,3.7205,6.5921,26.58
2010-02-01,4.3906,6.6362,26.79
2010-02-02,4.273,6.653,27.61
2010-02-03,3.0679,6.4015,27.34
2010-02-04,3.3053,6.3134,27.14
2010-02-05,3.3833,6.4877,25.98
2010-02-06,3.7476,6.1985,26.43
2010-02-07,4.3498,6.6653,25.41
2010-02-08,3.9922,6.6482,25.14
2010-02-09,3.6715,6.4567,26.43
2010-02-10,2.8774,6.4824,26.03
2010-02-11,3.1502,6.2474,26.28
2010-02-12,4.1849,6.4284,26.05
2010-02-13,3.5734,6.7291,26.61
2010-02-14,3.979,6.3386,25.6
2010-02-15,3.6463,6.4226,25.62
2010-02-16,3.563,5.9474,26.87
2010-02-17,2.9004,6.1937,26.28
2010-02-18,3.9252,6.4075,26.43
2010-02-19,3.5429,6.361,27.29
2010-02-20,2.9669,6.4483,27.68
2010-02-21,3.7044,6.7826,27.15
2010-02-22,3.8899,6.7394,27.64
2010-02-23,3.6482,7.0601,27.38
2010-02-24,4.603,7.0294,27.41
2010-02-25,3.8311,6.8124,25.83
2010-02-26,4.603,6.6355,25.69
2010-02-27,4.0512,6.8515,26.09
2010-02-28,4.4167,6.3893,27.06
2010-03-01,4.1287,6.7104,27.57
2010-03-02,4.051,6.5635,26.08
2010-03-03,3.3674,6.7678,25.24
2010-03-04,4.441,6.6432,25.59
2010-03-05,3.4867,6.607,25.06
2010-03-06,3.0977,6.5798,25.51
2010-03-07,3.6701,6.7447,25.93
2010-03-08,2.8198,6.8405,24.98
2010-03-09,3.2993,7.0003,26.45
2010-03-10,3.6694,6.9886,26.38
2010-03-11,3.9965,6.9089,26.25
2010-03-12,4.0786,6.7003,26.09
2010-03-13,4.0949,6.7687,26.22
2010-03-14,4.1302,6.8383,26.33
2010-03-15,3.9797,6.929,26.15
2010-03-16,3.8472,6.2105,26.27
2010-03-17,1.5605,6.3833,25.66
2010-03-18,3.4591,6.599,25.3
2010-03-19,3.9074,7.0879,26.13
2010-03-20,3.8966,6.7771,26.53
2010-03-21,5.0921,7.1196,26.72
2010-03-22,3.6478,7.1266,26.71
2010-03-23,4.9128,7.1352,27.4
2010-03-24,4.037,7.145,27.61
2010-03-25,3.7601,6.4301,27.21
2010-03-26,3.9562,6.5292,26.68
2010-03-27,3.3002,6.7265,26.63
2010-03-28,3.9283,6.7207,27.12
2010-03-29,1.7482,6.7507,25.9
2010-03-30,2.8505,6.5268,25.33
2010-03-31,3.4411,6.787,25.75
2010-04-01,4.1412,6.9221,25.93
2010-04-02,3.6454,7.0946,26.84
2010-04-03,4.331,6.948,26.47
2010-04-04,2.2721,6.8621,25.89
2010-04-05,3.6029,6.6559,26.08
2010-04-06,3.515,7.1201,26.51
2010-04-07,5.245,7.284,27.14
2010-04-08,4.249,7.4064,26.43
2010-04-09,4.7954,7.1333,26.63
2010-04-10,4.6241,7.1467,25.89
2010-04-11,2.8766,7.2794,26.47
2010-04-12,5.1605,7.2403,25.41
2010-04-13,5.2248,7.2274,25.62
2010-04-14,5.1007,7.3366,26.39
2010-04-15,5.2375,7.2742,26.27
2010-04-16,3.8018,7.2761,26.01
2010-04-17,4.5475,7.3867,25.86
2010-04-18,5.0381,7.3692,26.72
2010-04-19,3.0394,7.1522,27.18
2010-04-20,3.5954,7.3082,26.41
2010-04-21,5.2802,7.3354,26.3
2010-04-22,4.2497,7.3332,27.7
2010-04-23,4.4107,7.3519,27.61
2010-04-24,3.0348,7.3385,27.14
2010-04-25,4.3558,7.177,25.83
2010-04-26,4.9387,7.2737,25.7
2010-04-27,4.5149,7.1542,26.66
2010-04-28,3.1315,7.0702,26.57
2010-04-29,4.5986,7.1822,26.03
2010-04-30,5.3851,7.2266,24.95
2010-05-01,4.9183,7.1333,26.39
2010-05-02,3.9557,7.1594,25.88
2010-05-03,3.3823,7.1758,25.28
2010-05-04,5.7079,7.2082,25.12
2010-05-05,4.3274,7.1227,25.67
2010-05-06,4.5701,7.2497,26.45
2010-05-07,4.8859,7.265,26.04
2010-05-08,3.9883,7.2485,25.79
2010-05-09,4.5578,7.2199,26.6
2010-05-10,4.6966,7.1393,26.31
2010-05-11,4.0493,7.1357,26.65
2010-05-12,3.217,7.1846,27.04
2010-05-13,5.0604,7.1474,26.55
2010-05-14,4.6608,7.1047,26.69
2010-05-15,4.4311,7.1354,25.84
2010-05-16,4.8533,7.2065,26.43
2010-05-17,4.9128,7.2523,26.68
2010-05-18,4.5528,6.9715,26.7
2010-05-19,2.8116,7.1357,26.96
2010-05-20,4.8182,6.9917,26.3
2010-05-21,2.9563,7.2905,24.97
2010-05-22,5.4259,7.0886,26.15
2010-05-23,5.0522,7.2257,25.71
2010-05-24,4.1004,7.2523,25.32
2010-05-25,5.959,7.2804,26.16
2010-05-26,4.0946,7.3872,25.33
2010-05-27,3.4046,7.3181,25.54
2010-05-28,4.7767,7.3666,25.98
2010-05-29,5.5454,7.1618,26.31
2010-05-30,4.6846,6.9614,26.51
2010-05-31,3.4634,7.0591,25.32
2010-06-01,4.7772,7.0178,25.93
2010-06-02,4.6042,7.0421,25.46
2010-06-03,5.555,7.0111,26.08
2010-06-04,4.477,7.1971,25.88
2010-06-05,4.241,7.0678,26.02
2010-06-06,4.5758,6.9878,25.73
2010-06-07,4.4107,6.8626,25.46
2010-06-08,5.1749,6.8918,23.69
2010-06-09,2.4367,6.8414,24.57
2010-06-10,4.1654,6.8954,24.22
2010-06-11,4.6493,7.1213,25.86
2010-06-12,3.9223,7.0534,25.53
2010-06-13,4.8991,7.0483,24.72
2010-06-14,4.65,7.0505,24.65
2010-06-15,4.5516,6.8026,24.43
2010-06-16,4.3414,6.8426,25.56
2010-06-17,4.6663,7.0639,25.61
2010-06-18,4.6013,6.9986,25.37
2010-06-19,4.0322,6.9418,24.89
2010-06-20,4.1314,6.9806,24.27
2010-06-21,4.8245,7.007,25.32
2010-06-22,5.2886,7.056,25.81
2010-06-23,4.3128,7.1158,25.81
2010-06-24,5.2025,7.0214,25.48
2010-06-25,4.9805,7.0039,25.45
2010-06-26,4.2398,7.1239,26.09
2010-06-27,3.9504,7.0457,24.78
2010-06-28,4.2907,6.989,25.77
2010-06-29,4.206,7.2415,24.52
2010-06-30,4.1148,6.9478,25.47
2010-07-01,4.4731,6.9221,25.33
2010-07-02,4.6903,6.9542,24.77
2010-07-03,4.4414,7.0308,25.08
2010-07-04,4.836,6.9408,25.03
2010-07-05,3.1598,6.9586,24.59
2010-07-06,5.1907,6.8477,24.66
2010-07-07,5.027,7.092,25.04
2010-07-08,4.8641,6.9317,24.22
2010-07-09,4.2982,6.9674,24.74
2010-07-10,5.0326,7.0404,24.61
2010-07-11,3.1315,7.0574,24.68
2010-07-12,4.9927,6.875,24.36
2010-07-13,4.5886,7.092,25.12
2010-07-14,4.2874,7.049,24.64
2010-07-15,4.872,7.2384,24.54
2010-07-16,3.3751,7.0495,24.69
2010-07-17,4.8307,6.9401,24.83
2010-07-18,3.6595,6.715,25.42
2010-07-19,4.4035,6.9384,25.67
2010-07-20,4.7741,7.1066,25.89
2010-07-21,3.3605,7.1496,24.24
2010-07-22,5.4,7.0435,24.98
2010-07-23,4.6591,7.1587,25.98
2010-07-24,4.9555,6.9782,26.34
2010-07-25,4.6649,7.0042,25.96
2010-07-26,4.4676,7.1674,24.97
2010-07-27,3.4656,7.1196,24.94
2010-07-28,4.0572,7.2499,24.1
2010-07-29,4.6646,7.0769,25.44
2010-07-30,4.3337,7.0771,24.81
2010-07-31,3.6996,7.3116,24.53
2010-08-01,4.6697,7.2535,24.45
2010-08-02,5.471,7.1179,25.36
2010-08-03,3.9151,7.2031,25.24
2010-08-04,5.1377,7.1594,25.07
2010-08-05,5.3676,7.1959,25.17
2010-08-06,4.2514,7.0963,25.42
2010-08-07,4.3178,7.0334,25.18
2010-08-08,4.2442,6.8294,25.61
2010-08-09,4.9174,7.0008,25.2
2010-08-10,4.1282,7.1297,25.26
2010-08-11,4.2314,7.1376,25.48
2010-08-12,3.9638,7.1246,24.61
2010-08-13,4.8221,7.1282,24.88
2010-08-14,4.9824,6.9182,25.96
2010-08-15,4.7587,7.2257,24.66
2010-08-16,5.7271,7.3231,24.21
2010-08-17,4.7333,6.9235,24.83
2010-08-18,5.0119,7.0574,24.47
2010-08-19,4.8336,7.1606,24.19
2010-08-20,5.0381,7.2974,24.42
2010-08-21,4.573,7.2626,25.32
2010-08-22,4.111,6.8038,24.7
2010-08-23,4.2986,7.0289,25.59
2010-08-24,5.0066,7.0598,24.94
2010-08-25,4.7047,7.0138,24.76
2010-08-26,4.2962,7.1561,24.36
2010-08-27,4.2624,7.068,24.36
2010-08-28,4.6906,7.1609,24.43
2010-08-29,4.2869,7.1966,24.21
2010-08-30,4.6668,7.3128,24.94
2010-08-31,4.7333,7.103,24.75
2010-09-01,4.3891,7.1947,23.47
2010-09-02,2.9278,7.2473,23.83
2010-09-03,4.452,7.0999,24.01
2010-09-04,3.4944,7.1004,24.69
2010-09-05,5.0635,7.2202,24.09
2010-09-06,4.4827,7.1438,24.83
2010-09-07,4.044,7.0692,23.69
2010-09-08,4.6373,7.1983,23.3
2010-09-09,5.5646,7.1544,24.85
2010-09-10,5.0326,7.1554,25.09
2010-09-11,4.9411,7.1918,25.49
2010-09-12,5.4761,7.2259,25.06
2010-09-13,4.3123,7.2439,24.57
2010-09-14,5.2627,7.0834,25.82
2010-09-15,4.3392,7.205,25.8
2010-09-16,3.4171,7.1249,24.91
2010-09-17,4.6594,7.2962,23.58
2010-09-18,4.8619,6.9602,23.99
2010-09-19,4.1395,6.871,24.71
2010-09-20,3.9353,6.7505,24.27
2010-09-21,4.5252,6.8882,24.69
2010-09-22,4.8336,6.8736,24.68
2010-09-23,4.1388,7.1369,24.36
2010-09-24,4.3474,7.1309,23.63
2010-09-25,4.6507,7.051,24.6
2010-09-26,4.7347,6.9732,24.29
2010-09-27,2.9573,7.1304,24.28
2010-09-28,5.2212,7.2182,24.81
2010-09-29,5.209,7.1546,24.89
2010-09-30,4.6166,7.1438,25.21
2010-10-01,4.6745,7.1532,25.01
2010-10-02,3.8666,7.111,25.08
2010-10-03,4.307,6.9888,24.86
2010-10-04,5.1576,7.1962,24.26
2010-10-05,5.1583,6.9242,24.84
2010-10-06,4.5029,6.8767,24.81
2010-10-07,5.3311,6.9725,25.19
2010-10-08,5.1348,7.1983,25.33
2010-10-09,4.5878,7.1234,25.41
2010-10-10,4.5178,7.1088,25.15
2010-10-11,4.2722,7.013,25.51
2010-10-12,5.035,6.9509,25.12
2010-10-13,5.1084,6.9701,26.27
2010-10-14,4.5694,7.0032,25.52
2010-10-15,3.431,6.8561,25.54
2010-10-16,4.127,6.9223,24.36
2010-10-17,2.6722,6.9139,23.85
2010-10-18,4.2818,6.7498,23.81
2010-10-19,4.9092,6.8501,25.01
2010-10-20,4.3368,6.9403,24.78
2010-10-21,5.4838,6.8688,24.57
2010-10-22,4.9783,6.8638,24.1
2010-10-23,4.3217,6.871,23.52
2010-10-24,5.2877,6.7862,24.44
2010-10-25,4.9865,6.8364,23.42
2010-10-26,5.2166,6.7099,24.93
2010-10-27,4.1244,6.6053,24.6
2010-10-28,5.2068,6.8009,24.36
2010-10-29,4.5598,6.7078,25.12
2010-10-30,4.8466,6.7046,24.65
2010-10-31,4.9378,6.7387,25.25
2010-11-01,4.1693,6.6574,24.82
2010-11-02,3.954,6.589,24.39
2010-11-03,4.0507,6.5753,24.12
2010-11-04,4.6051,6.6768,24.24
2010-11-05,4.482,6.5357,24.05
2010-11-06,3.8302,6.5376,23.76
2010-11-07,4.6375,6.5844,24.7
2010-11-08,3.115,6.7243,24.06
2010-11-09,4.4964,6.6178,24.55
2010-11-10,4.4189,6.5057,24.43
2010-11-11,3.2635,6.5268,23.75
2010-11-12,3.7253,6.4378,22.89
2010-11-13,4.2355,6.6802,23.38
2010-11-14,3.8117,6.6158,23.57
2010-11-15,4.8617,6.4836,24.29
2010-11-16,4.5233,6.4478,24.64
2010-11-17,4.0159,6.4358,23.64
2010-11-18,3.6487,6.6365,24.16
2010-11-19,4.117,6.4231,24.71
2010-11-20,4.5242,6.5045,25.11
2010-11-21,3.9432,6.3146,24.93
2010-11-22,4.4959,6.2203,23.75
2010-11-23,4.3819,6.3154,24.35
2010-11-24,4.2202,6.4786,24.53
2010-11-25,4.459,6.3089,24.64
2010-11-26,4.2857,6.2969,24.51
2010-11-27,4.4508,6.2822,24.36
2010-11-28,4.1976,6.3329,24.36
2010-11-29,4.6291,6.3814,24.87
2010-11-30,4.0829,6.4584,24.56
2010-12-01,4.1215,6.5698,23.7
2010-12-02,3.7488,6.4207,24.36
2010-12-03,2.1648,6.5302,23.54
2010-12-04,3.7632,6.5482,23.53
2010-12-05,3.8446,6.3029,24.22
2010-12-06,3.9722,6.2359,24.93
2010-12-07,3.5926,6.0902,24.42
2010-12-08,4.2545,6.1361,23.93
2010-12-09,3.4848,6.1958,24.33
2010-12-10,4.0102,6.2606,25.04
2010-12-11,3.5246,6.175,24.68
2010-12-12,3.8482,6.1553,25.0
2010-12-13,2.9542,6.2623,23.38
2010-12-14,3.6113,6.1937,23.21
2010-12-15,1.9536,6.1013,23.2
2010-12-16,3.2088,6.1543,23.92
2010-12-17,3.2993,6.1978,24.74
2010-12-18,3.2374,6.0552,24.14
2010-12-19,3.4248,6.0089,23.2
2010-12-20,4.6553,6.1423,23.54
2010-12-21,4.3087,6.1577,22.99
2010-12-22,3.7178,6.09,24.13
2010-12-23,4.3279,6.1181,23.82
2010-12-24,3.5731,6.137,24.42
2010-12-25,3.1522,6.0595,25.17
2010-12-26,2.976,6.3041,24.21
2010-12-27,3.4008,6.2174,24.19
2010-12-28,4.1261,6.217,24.93
2010-12-29,3.7385,6.3113,25.17
2010-12-30,4.0296,6.2575,24.82
2010-12-31,4.5058,6.2801,24.86
2011-01-01,4.633,6.4152,24.74
2011-01-02,4.6205,6.2966,25.06
2011-01-03,2.2946,6.1877,23.83
2011-01-04,2.9417,6.1848,23.34
2011-01-05,4.4693,6.2962,24.49
2011-01-06,4.4806,6.1918,24.42
2011-01-07,3.3427,6.3912,23.91
2011-01-08,3.1634,6.2203,24.69
2011-01-09,3.7344,6.2952,24.24
2011-01-10,3.6826,6.221,24.71
2011-01-11,3.9713,6.2942,25.16
2011-01-12,3.3588,6.0643,25.17
2011-01-13,3.9324,6.0742,24.73
2011-01-14,3.2666,6.2969,25.83
2011-01-15,3.5532,6.2575,24.53
2011-01-16,4.1462,6.2167,25.38
2011-01-17,3.1978,6.2803,25.69
2011-01-18,3.8712,6.084,25.51
2011-01-19,3.4282,6.2316,25.56
2011-01-20,4.8082,6.3043,25.83
2011-01-21,3.7267,6.3365,24.65
2011-01-22,4.2125,6.2746,25.08
2011-01-23,4.3337,6.3166,24.76
2011-01-24,4.2218,6.1805,25.39
2011-01-25,3.9396,6.0283,25.2
2011-01-26,3.2774,6.3086,24.16
2011-01-27,3.4325,6.2374,24.91
2011-01-28,4.4846,6.4399,24.95
2011-01-29,4.9289,6.4613,25.29
2011-01-30,4.4251,6.3161,25.31
2011-01-31,4.0589,6.3336,25.09
2011-02-01,4.1287,6.4807,25.44
2011-02-02,3.4704,6.6374,26.07
2011-02-03,4.4239,6.492,25.81
2011-02-04,4.7664,6.4529,25.36
2011-02-05,4.2154,6.6125,24.73
2011-02-06,5.0597,6.5568,24.97
2011-02-07,3.7927,6.4678,25.42
2011-02-08,4.207,6.571,24.96
2011-02-09,4.8595,6.5424,25.41
2011-02-10,4.6814,6.6526,25.6
2011-02-11,4.6546,6.6,25.28
2011-02-12,4.2338,6.6046,25.5
2011-02-13,4.4842,6.5052,25.0
2011-02-14,4.549,6.4464,25.21
2011-02-15,3.7853,6.6199,25.22
2011-02-16,2.5526,6.8472,25.35
2011-02-17,4.6742,6.9367,24.82
2011-02-18,4.1892,6.768,25.24
2011-02-19,5.1521,6.827,25.1
2011-02-20,5.5666,7.0536,24.98
2011-02-21,5.4802,6.9295,24.81
2011-02-22,4.8413,6.7284,25.07
2011-02-23,3.9766,6.5102,25.3
2011-02-24,3.4752,6.881,24.82
2011-02-25,4.9483,6.8801,25.56
2011-02-26,4.6798,6.7673,25.81
2011-02-27,4.3166,6.6929,25.49
2011-02-28,3.0432,6.8585,25.33
2011-03-01,2.9326,7.193,25.04
2011-03-02,3.7934,7.1592,24.22
2011-03-03,4.0003,6.947,23.82
2011-03-04,4.7882,7.0558,24.77
2011-03-05,5.3117,7.0742,25.05
2011-03-06,4.9644,6.8155,24.86
2011-03-07,4.9627,6.8858,25.06
2011-03-08,4.2281,6.8724,25.66
2011-03-09,4.8149,7.0423,25.85
2011-03-10,5.3645,7.0906,24.22
2011-03-11,5.214,7.1383,23.61
2011-03-12,6.4553,7.41,23.91
2011-03-13,7.0214,7.4232,23.99
2011-03-14,6.6629,7.3954,24.68
2011-03-15,3.1567,7.1599,24.78
2011-03-16,5.7122,7.098,25.25
2011-03-17,4.7542,6.9156,25.62
2011-03-18,3.413,6.8326,24.9
2011-03-19,4.2144,7.1952,25.19
2011-03-20,2.8694,7.1926,24.59
2011-03-21,2.2097,6.9629,24.29
2011-03-22,4.7386,7.0781,23.95
2011-03-23,4.4954,7.2629,24.81
2011-03-24,4.4827,7.2041,25.33
2011-03-25,3.9204,7.2456,24.42
2011-03-26,4.0891,7.3171,24.81
2011-03-27,4.7282,7.2367,25.93
2011-03-28,4.0368,7.2804,26.33
2011-03-29,3.4514,7.1741,26.54
2011-03-30,4.0678,7.1686,25.69
2011-03-31,4.2521,7.3404,24.86
2011-04-01,4.5098,7.182,25.57
2011-04-02,4.5144,7.2254,26.33
2011-04-03,2.8826,7.1189,25.89
2011-04-04,5.2752,6.9583,25.85
2011-04-05,3.869,6.9362,25.1
2011-04-06,5.3196,6.8801,24.38
2011-04-07,4.5574,7.2893,24.52
2011-04-08,5.3582,7.2665,24.72
2011-04-09,4.8391,7.297,24.97
2011-04-10,3.6271,7.4364,24.41
2011-04-11,5.1401,7.333,24.46
2011-04-12,4.1669,7.2562,25.22
2011-04-13,5.2526,7.3637,24.58
2011-04-14,4.6747,7.2725,24.82
2011-04-15,4.6133,7.2946,25.41
2011-04-16,3.5578,7.1191,24.44
2011-04-17,4.6294,7.1136,24.67
2011-04-18,3.4795,7.0778,24.27
2011-04-19,4.0495,7.0642,24.17
2011-04-20,3.799,7.1386,24.18
2011-04-21,4.5667,7.1628,24.19
2011-04-22,5.5894,6.9792,24.46
2011-04-23,4.1798,7.1573,24.56
2011-04-24,4.8622,7.0649,24.76
2011-04-25,3.1344,7.0344,25.36
2011-04-26,4.4206,7.1518,25.02
2011-04-27,4.9356,7.2986,24.91
2011-04-28,4.9867,7.2571,25.01
2011-04-29,5.1504,7.3058,25.38
2011-04-30,4.1748,7.1002,25.86
2011-05-01,4.0987,7.1856,25.78
2011-05-02,5.1223,7.1993,26.43
2011-05-03,2.771,7.2338,25.55
2011-05-04,4.2946,7.2468,26.01
2011-05-05,4.2823,7.2384,26.17
2011-05-06,4.3277,6.9418,25.58
2011-05-07,4.4114,6.9629,25.56
2011-05-08,2.1638,7.0898,26.34
2011-05-09,4.9435,7.0274,26.25
2011-05-10,4.6346,6.857,25.75
2011-05-11,2.9054,6.9398,25.65
2011-05-12,4.5017,7.1863,26.19
2011-05-13,2.8754,7.2943,25.19
2011-05-14,3.3893,7.2295,25.11
2011-05-15,4.7052,7.0726,25.03
2011-05-16,4.3781,7.062,25.25
2011-05-17,4.9279,7.1266,25.33
2011-05-18,5.4838,7.0718,25.31
2011-05-19,5.5884,6.9746,25.39
2011-05-20,5.3201,6.9938,24.28
2011-05-21,4.4318,7.0118,24.26
2011-05-22,4.7462,6.9509,22.98
2011-05-23,4.8002,7.0658,24.79
2011-05-24,4.4448,6.9631,23.88
2011-05-25,4.0548,7.1131,24.75
2011-05-26,3.8868,7.0327,24.98
2011-05-27,4.5108,7.0361,25.01
2011-05-28,4.1938,7.2062,24.7
2011-05-29,5.483,7.0879,25.17
2011-05-30,4.3738,7.1628,25.62
2011-05-31,4.1357,7.0558,24.92
2011-06-01,4.0358,7.0433,25.49
2011-06-02,3.8268,7.025,24.76
2011-06-03,3.7673,7.127,25.68
2011-06-04,4.6757,7.0246,25.69
2011-06-05,4.5317,7.117,24.48
2011-06-06,5.4646,7.0483,25.43
2011-06-07,5.0702,7.1429,25.47
2011-06-08,4.3678,7.1234,25.12
2011-06-09,4.542,6.9266,26.53
2011-06-10,4.3783,7.0495,26.13
2011-06-11,4.1407,7.181,26.99
2011-06-12,4.7232,7.0442,26.4
2011-06-13,3.731,6.9734,26.1
2011-06-14,4.9558,7.1249,26.33
2011-06-15,4.3414,7.0104,26.13
2011-06-16,3.865,7.0236,25.04
2011-06-17,4.3037,6.8575,24.77
2011-06-18,4.583,6.9091,26.02
2011-06-19,3.9835,6.9482,23.92
2011-06-20,4.5185,7.0243,24.74
2011-06-21,4.8665,7.1141,25.67
2011-06-22,3.2928,7.0678,25.94
2011-06-23,4.4916,7.0044,25.18
2011-06-24,4.7479,6.8856,24.53
2011-06-25,3.8618,6.6943,23.72
2011-06-26,4.8082,6.7872,24.15
2011-06-27,3.4133,6.977,25.03
2011-06-28,5.557,7.1045,26.03
2011-06-29,4.6351,7.001,25.38
2011-06-30,3.8083,7.122,25.05
2011-07-01,5.1134,7.0006,24.68
2011-07-02,4.53,7.067,24.62
2011-07-03,4.5842,7.0483,24.23
2011-07-04,3.1006,6.9794,25.22
2011-07-05,4.4218,6.8945,25.63
2011-07-06,4.4731,6.8107,25.65
2011-07-07,4.4364,6.9948,24.88
2011-07-08,4.279,7.0159,26.06
2011-07-09,4.5317,7.1266,25.78
2011-07-10,4.3819,7.0193,25.47
2011-07-11,4.4904,6.8933,24.16
2011-07-12,3.875,6.851,23.65
2011-07-13,4.1386,6.8138,23.58
2011-07-14,4.2823,7.0452,24.11
2011-07-15,5.0124,7.128,23.87
2011-07-16,4.8348,7.1112,24.63
2011-07-17,3.7894,7.0286,24.65
2011-07-18,4.4549,7.099,24.84
2011-07-19,4.4472,6.9554,25.48
2011-07-20,4.9366,7.0042,25.77
2011-07-21,4.3318,6.9151,26.05
2011-07-22,4.2679,6.912,25.71
2011-07-23,4.7436,7.0526,26.58
2011-07-24,4.5636,6.8498,26.6
2011-07-25,4.8072,6.9358,26.45
2011-07-26,4.5283,7.0255,26.43
2011-07-27,3.9043,6.9485,25.23
2011-07-28,3.7349,7.0138,24.97
2011-07-29,5.071,7.1594,24.12
2011-07-30,3.8527,7.0171,24.18
2011-07-31,4.5475,7.0987,23.89
2011-08-01,4.5674,7.2468,25.34
2011-08-02,4.6699,7.0783,24.72
2011-08-03,4.2235,7.1664,25.17
2011-08-04,4.8242,7.1006,25.96
2011-08-05,5.0465,7.0836,26.42
2011-08-06,5.3748,7.1765,26.35
2011-08-07,5.4031,7.0831,25.36
2011-08-08,5.3561,7.2029,25.36
2011-08-09,4.5415,7.1774,26.12
2011-08-10,5.5699,7.224,26.08
2011-08-11,5.2356,7.1359,25.66
2011-08-12,3.287,7.014,24.52
2011-08-13,4.4251,7.1513,24.56
2011-08-14,4.2312,7.0654,24.32
2011-08-15,5.0069,6.9091,24.3
2011-08-16,3.2023,6.9871,24.19
2011-08-17,5.525,7.2439,24.14
2011-08-18,5.0275,7.3085,24.97
2011-08-19,5.1919,7.5019,24.32
2011-08-20,5.2862,7.146,24.56
2011-08-21,3.9535,6.9986,24.94
2011-08-22,4.68,7.0709,25.3
2011-08-23,4.854,7.0915,24.6
2011-08-24,4.9282,7.2691,24.77
2011-08-25,5.3491,6.9986,25.1
2011-08-26,4.8581,7.3164,25.84
2011-08-27,5.0074,7.2002,25.59
2011-08-28,5.094,7.3894,24.83
2011-08-29,5.7175,7.3699,25.65
2011-08-30,5.9755,7.379,25.84
2011-08-31,4.6212,7.2701,25.78
2011-09-01,4.7311,7.2329,25.89
2011-09-02,4.5967,7.2922,24.46
2011-09-03,3.9535,7.0375,24.41
2011-09-04,5.1211,7.2422,24.84
2011-09-05,4.969,7.3699,25.92
2011-09-06,4.8504,7.2492,25.76
2011-09-07,4.1266,7.1861,25.22
2011-09-08,3.8642,7.147,23.92
2011-09-09,4.5869,7.3183,23.99
2011-09-10,5.0544,7.3097,24.67
2011-09-11,5.73,7.2554,25.17
2011-09-12,4.1076,7.2353,24.89
2011-09-13,5.7173,7.1945,25.99
2011-09-14,4.1558,7.2785,26.25
2011-09-15,5.0777,7.1282,25.34
2011-09-16,3.883,7.1755,23.4
2011-09-17,4.865,7.0356,24.44
2011-09-18,4.6363,7.1825,24.78
2011-09-19,4.9104,7.1318,24.66
2011-09-20,4.4239,7.3294,24.7
2011-09-21,4.6754,6.9766,25.68
2011-09-22,4.2221,6.9334,25.65
2011-09-23,5.0779,6.875,26.51
2011-09-24,4.7239,7.1482,25.83
2011-09-25,4.4647,7.1095,24.42
2011-09-26,5.0194,7.0802,23.84
2011-09-27,4.775,7.2703,25.94
2011-09-28,4.6013,7.1702,26.22
2011-09-29,5.4358,7.1832,25.63
2011-09-30,4.7213,7.1486,24.96
2011-10-01,3.8407,7.0042,24.97
2011-10-02,5.0662,7.0524,25.0
2011-10-03,4.8566,7.1803,24.92
2011-10-04,3.7279,7.2418,24.16
2011-10-05,5.3446,7.1232,24.83
2011-10-06,5.7115,7.2629,25.32
2011-10-07,5.0146,7.0685,25.56
2011-10-08,3.3857,7.1959,25.4
2011-10-09,5.3172,7.0668,24.74
2011-10-10,5.0429,6.8942,24.05
2011-10-11,4.6255,6.7241,24.25
2011-10-12,4.5348,6.8772,24.22
2011-10-13,5.3918,6.9994,24.74
2011-10-14,3.7342,6.9989,23.96
2011-10-15,3.5388,7.1496,24.24
2011-10-16,4.6476,6.8376,23.68
2011-10-17,3.7406,6.8815,23.77
2011-10-18,3.8059,6.9874,23.16
2011-10-19,3.9799,6.6845,23.42
2011-10-20,4.4906,6.9082,23.11
2011-10-21,5.5754,6.8227,23.54
2011-10-22,6.1207,7.1798,23.6
2011-10-23,4.8718,6.9098,24.48
2011-10-24,4.1246,6.8503,24.1
2011-10-25,4.6666,6.858,24.45
2011-10-26,4.8514,6.6538,24.46
2011-10-27,4.5127,6.8004,24.33
2011-10-28,3.2191,6.7493,24.48
2011-10-29,3.5112,6.991,23.73
2011-10-30,3.0389,6.983,23.24
2011-10-31,4.1568,6.6204,23.71
2011-11-01,4.5132,6.7673,24.64
2011-11-02,4.381,6.5808,25.01
2011-11-03,3.4094,6.7121,25.52
2011-11-04,4.9356,6.498,25.28
2011-11-05,4.5132,6.4898,25.32
2011-11-06,4.4141,6.4853,25.01
2011-11-07,4.6958,6.6257,25.72
2011-11-08,4.0459,6.4822,24.85
2011-11-09,5.0479,6.3178,24.48
2011-11-10,4.3819,6.4771,25.14
2011-11-11,4.225,6.3953,24.59
2011-11-12,3.3175,6.3794,23.83
2011-11-13,4.3819,6.2988,23.67
2011-11-14,4.7734,6.5342,24.61
2011-11-15,4.1885,6.4721,25.17
2011-11-16,4.2782,6.5009,24.37
2011-11-17,4.0625,6.612,23.25
2011-11-18,3.3533,6.557,22.9
2011-11-19,4.4585,6.4848,23.54
2011-11-20,4.6044,6.4493,24.49
2011-11-21,4.6483,6.4685,24.77
2011-11-22,4.3966,6.3682,24.96
2011-11-23,4.609,6.4282,24.38
2011-11-24,3.8561,6.3017,24.55
2011-11-25,4.3733,6.0888,24.15
2011-11-26,3.9461,6.1382,24.77
2011-11-27,4.0354,6.3,25.01
2011-11-28,2.6753,6.5165,24.0
2011-11-29,4.0421,6.397,24.35
2011-11-30,2.3153,6.5069,24.34
2011-12-01,3.7248,6.3379,24.49
2011-12-02,3.4663,6.3139,24.69
2011-12-03,3.8424,6.2234,25.79
2011-12-04,4.38,6.1682,25.68
2011-12-05,4.1585,6.2436,24.89
2011-12-06,3.605,6.3101,24.64
2011-12-07,2.3503,6.2906,23.75
2011-12-08,3.6941,6.216,23.74
2011-12-09,4.356,6.2614,25.23
2011-12-10,4.0531,6.1438,25.42
2011-12-11,2.7926,6.3341,24.81
2011-12-12,3.5042,6.319,24.27
2011-12-13,4.3104,6.2083,24.33
2011-12-14,3.9394,6.3715,23.9
2011-12-15,3.557,6.5057,23.62
2011-12-16,3.3991,6.4162,24.46
2011-12-17,4.181,6.1526,24.65
2011-12-18,3.1841,6.1284,25.15
2011-12-19,2.6446,6.2702,24.46
2011-12-20,3.9677,6.1625,24.02
2011-12-21,3.3814,6.2537,25.13
2011-12-22,3.8642,6.223,26.1
2011-12-23,3.6542,6.2827,25.27
2011-12-24,1.7863,6.2839,24.33
2011-12-25,3.7399,6.4354,25.38
2011-12-26,2.8478,6.2249,24.94
2011-12-27,3.0365,6.1687,24.95
2011-12-28,2.4199,6.0706,25.33
2011-12-29,1.8919,6.1332,24.64
2011-12-30,3.5789,6.0914,25.88
2011-12-31,3.7313,6.2335,25.71
2012-01-01,4.2098,6.2474,25.22
2012-01-02,2.7955,6.1774,24.93
2012-01-03,2.5068,5.9006,24.23
2012-01-04,3.7622,5.9534,24.63
2012-01-05,3.7018,5.9059,24.43
2012-01-06,3.8297,6.1027,24.78
2012-01-07,3.697,6.3367,25.1
2012-01-08,3.5369,6.1495,25.38
2012-01-09,3.125,6.2935,25.21
2012-01-10,2.898,6.317,24.65
2012-01-11,3.8669,6.175,25.13
2012-01-12,3.9295,6.162,25.01
2012-01-13,3.4339,6.1637,25.52
2012-01-14,2.6148,6.2964,25.13
2012-01-15,2.4972,6.4378,24.79
2012-01-16,4.0877,6.2918,24.66
2012-01-17,4.0361,6.2018,24.81
2012-01-18,3.7094,6.2635,25.33
2012-01-19,4.1198,6.1224,24.97
2012-01-20,4.5566,6.3293,24.63
2012-01-21,5.0729,6.3804,24.36
2012-01-22,4.2984,6.305,24.73
2012-01-23,3.8131,6.287,25.02
2012-01-24,3.9554,6.2165,24.83
2012-01-25,4.9742,6.455,24.93
2012-01-26,4.3039,6.4032,24.78
2012-01-27,3.294,6.4183,25.03
2012-01-28,3.9634,6.4723,25.42
2012-01-29,3.0823,6.4754,25.0
2012-01-30,3.2002,6.3893,25.0
2012-01-31,3.3288,6.5311,25.14
2012-02-01,3.8988,6.3994,24.9
2012-02-02,3.5846,6.593,24.67
2012-02-03,3.5311,6.6077,24.96
2012-02-04,3.3106,6.5974,24.8
2012-02-05,2.6702,6.6648,25.55
2012-02-06,1.7782,6.7325,24.5
2012-02-07,3.1723,6.7375,26.0
2012-02-08,2.9482,6.581,25.33
2012-02-09,2.9842,6.841,24.15
2012-02-10,3.839,6.7843,25.22
2012-02-11,4.8605,6.6744,25.68
2012-02-12,3.8712,6.5251,24.49
2012-02-13,4.6838,6.6346,25.05
2012-02-14,5.0549,6.8926,24.99
2012-02-15,5.1259,6.7826,25.05
2012-02-16,5.3638,6.8042,25.04
2012-02-17,4.8814,6.775,24.98
2012-02-18,4.4878,6.6178,25.17
2012-02-19,5.3374,6.665,25.24
2012-02-20,5.1096,6.5966,25.04
2012-02-21,4.9493,6.8741,25.32
2012-02-22,4.7491,6.8501,25.53
2012-02-23,5.0285,6.8554,25.62
2012-02-24,4.8458,6.7889,26.25
2012-02-25,3.7896,6.5431,25.91
2012-02-26,3.9139,6.5981,26.04
2012-02-27,5.1974,6.8844,25.98
2012-02-28,3.6142,6.7296,25.46
2012-02-29,4.3099,6.6245,25.96
2012-03-01,5.3695,6.8198,26.02
2012-03-02,4.8014,6.9468,26.3
2012-03-03,4.0877,6.9494,25.13
2012-03-04,3.5251,6.8702,25.22
2012-03-05,4.0325,6.858,25.57
2012-03-06,1.6126,6.9319,25.78
2012-03-07,4.795,6.8131,26.32
2012-03-08,5.4336,6.7918,26.17
2012-03-09,5.4055,6.9235,26.52
2012-03-10,4.2691,6.7812,26.49
2012-03-11,4.8758,7.1071,26.41
2012-03-12,4.7554,7.1278,26.82
2012-03-13,5.478,7.2185,27.11
2012-03-14,4.8372,6.9353,27.52
2012-03-15,4.2127,7.0891,27.35
2012-03-16,4.6049,7.0421,26.18
2012-03-17,2.327,7.0651,25.51
2012-03-18,4.3704,7.044,25.88
2012-03-19,4.2535,7.045,24.82
2012-03-20,3.4512,7.0008,25.5
2012-03-21,4.182,7.1671,26.37
2012-03-22,4.9152,7.1186,26.11
2012-03-23,5.0122,7.1273,26.14
2012-03-24,4.1556,7.1386,25.72
2012-03-25,5.2123,7.1479,25.75
2012-03-26,4.7213,7.1616,25.99
2012-03-27,4.8053,7.337,25.64
2012-03-28,5.4682,7.2955,27.14
2012-03-29,4.1938,7.2756,27.02
2012-03-30,4.573,7.4162,26.68
2012-03-31,3.6334,7.3104,26.4
2012-04-01,2.9222,7.1251,25.05
2012-04-02,3.8623,7.2811,25.6
2012-04-03,2.1792,7.2708,25.15
2012-04-04,3.9751,7.2293,25.96
2012-04-05,1.3522,7.0747,25.34
2012-04-06,5.741,7.213,25.95
2012-04-07,4.5737,7.1189,25.59
2012-04-08,2.9623,7.1443,24.68
2012-04-09,4.3255,7.2036,24.89
2012-04-10,5.557,7.1232,25.41
2012-04-11,4.4731,7.0946,24.98
2012-04-12,4.9687,7.129,25.32
2012-04-13,4.9795,7.0774,25.41
2012-04-14,5.5157,7.218,25.17
2012-04-15,5.8598,7.4712,26.23
2012-04-16,4.5984,7.1969,26.05
2012-04-17,4.0349,7.121,24.74
2012-04-18,5.4077,6.9504,25.58
2012-04-19,4.9339,6.8923,24.97
2012-04-20,4.8257,7.1148,25.51
2012-04-21,5.8817,7.1482,25.65
2012-04-22,5.3102,7.2667,25.26
2012-04-23,4.5629,6.9586,24.8
2012-04-24,3.7394,6.9163,24.65
2012-04-25,4.501,7.367,25.43
2012-04-26,4.6476,7.3034,25.3
2012-04-27,4.7434,7.1777,24.48
2012-04-28,4.2629,7.248,25.11
2012-04-29,5.1046,7.2444,25.47
2012-04-30,4.2178,7.23,25.88
2012-05-01,3.4363,7.4638,24.73
2012-05-02,4.6788,7.3334,24.81
2012-05-03,5.5896,6.9965,25.83
2012-05-04,1.7266,7.0682,25.17
2012-05-05,4.6613,6.9319,25.47
2012-05-06,4.5629,7.2506,25.09
2012-05-07,2.1485,7.0524,24.99
2012-05-08,5.7746,7.0164,25.45
2012-05-09,4.511,7.0301,25.01
2012-05-10,4.5965,7.0517,25.27
2012-05-11,3.5105,7.1714,25.84
2012-05-12,4.3301,7.0658,26.03
2012-05-13,4.4662,7.1561,25.22
2012-05-14,3.798,7.0356,24.52
2012-05-15,4.32,7.2547,25.57
2012-05-16,4.3464,7.0774,26.15
2012-05-17,4.8338,7.247,26.37
2012-05-18,4.0975,7.0176,26.43
2012-05-19,4.3618,6.9773,25.1
2012-05-20,3.7922,7.0526,24.39
2012-05-21,4.6666,6.9698,25.09
2012-05-22,3.9516,7.0327,23.94
2012-05-23,4.9826,7.0493,24.98
2012-05-24,4.2917,7.1707,25.79
2012-05-25,3.8186,6.985,25.19
2012-05-26,4.435,7.0085,24.64
2012-05-27,4.7522,7.057,26.1
2012-05-28,4.4194,7.224,26.39
2012-05-29,3.6497,7.153,26.26
2012-05-30,4.0781,7.0805,25.98
2012-05-31,4.9445,6.8594,26.12
2012-06-01,3.7997,6.779,26.35
2012-06-02,4.2583,7.0862,25.62
2012-06-03,5.0609,6.8746,25.31
2012-06-04,4.2821,7.056,25.7
2012-06-05,5.1835,7.1179,26.83
2012-06-06,4.5763,7.1606,27.08
2012-06-07,4.4338,7.1551,26.62
2012-06-08,4.2233,7.0891,25.69
2012-06-09,4.2048,7.0442,25.43
2012-06-10,4.0714,6.9576,26.35
2012-06-11,4.002,6.8774,26.06
2012-06-12,3.5995,6.9876,25.28
2012-06-13,4.224,6.8537,24.41
2012-06-14,3.787,7.0356,24.14
2012-06-15,4.0769,7.0438,24.12
2012-06-16,5.299,7.0248,24.51
2012-06-17,4.8096,6.9314,24.59
2012-06-18,4.3706,7.2629,26.02
2012-06-19,4.7093,7.0922,26.31
2012-06-20,4.6908,7.1314,26.17
2012-06-21,3.6017,6.9473,25.05
2012-06-22,5.7689,7.0752,25.58
2012-06-23,4.7117,7.063,25.78
2012-06-24,3.0343,7.015,25.55
2012-06-25,5.5207,6.7488,24.51
2012-06-26,3.4793,6.8292,23.26
2012-06-27,5.0047,6.7363,24.48
2012-06-28,3.7224,6.9434,25.56
2012-06-29,4.6327,6.8587,25.33
2012-06-30,4.2307,6.9984,24.22
2012-07-01,5.6551,7.0291,24.36
2012-07-02,5.0695,7.1218,26.12
2012-07-03,2.1358,6.9278,25.84
2012-07-04,4.5826,6.9636,25.49
2012-07-05,4.0538,6.9192,24.82
2012-07-06,4.7566,6.9331,24.24
2012-07-07,3.8798,6.9862,25.18
2012-07-08,4.3891,7.0625,25.93
2012-07-09,4.2905,6.9722,25.92
2012-07-10,4.3224,7.0159,26.69
2012-07-11,2.8601,7.0786,26.05
2012-07-12,5.1554,6.8899,24.76
2012-07-13,4.1712,6.8995,24.47
2012-07-14,5.8406,7.0985,25.47
2012-07-15,4.6848,7.0838,25.82
2012-07-16,4.4738,7.0618,26.07
2012-07-17,2.8008,7.0694,25.26
2012-07-18,5.3551,6.9893,25.58
2012-07-19,4.2802,7.0094,25.22
2012-07-20,4.3094,7.0745,24.97
2012-07-21,4.0704,6.8287,25.11
2012-07-22,4.7882,6.9799,25.01
2012-07-23,4.8384,7.0786,26.3
2012-07-24,4.0195,7.0541,25.33
2012-07-25,4.6548,7.157,26.38
2012-07-26,4.943,7.0159,26.82
2012-07-27,4.6282,6.9794,26.32
2012-07-28,4.2358,6.882,25.77
2012-07-29,3.7378,6.829,24.92
2012-07-30,3.1709,6.8683,24.82
2012-07-31,5.3419,6.8976,24.69
2012-08-01,4.295,7.063,25.48
2012-08-02,5.1458,7.1587,23.95
2012-08-03,5.045,7.0493,23.95
2012-08-04,3.8237,7.0426,25.51
2012-08-05,4.5302,7.2418,25.09
2012-08-06,4.6133,7.0783,25.18
2012-08-07,5.1991,7.1107,25.08
2012-08-08,4.4659,7.0954,24.47
2012-08-09,4.9889,7.0692,25.28
2012-08-10,4.6771,7.1923,24.93
2012-08-11,4.1467,7.0865,25.71
2012-08-12,4.8713,7.1854,24.67
2012-08-13,4.5622,7.1616,24.59
2012-08-14,4.9363,6.8755,23.58
2012-08-15,4.8408,7.1748,25.29
2012-08-16,4.3099,7.188,25.4
2012-08-17,4.3958,7.1213,24.66
2012-08-18,5.189,7.0906,24.94
2012-08-19,3.9994,7.1594,24.47
2012-08-20,5.3738,7.1954,25.6
2012-08-21,4.5905,7.2576,24.37
2012-08-22,4.5907,7.1232,24.97
2012-08-23,5.1605,7.0322,24.95
2012-08-24,4.188,6.9866,24.65
2012-08-25,5.2337,7.0032,24.28
2012-08-26,4.1405,7.2754,25.12
2012-08-27,3.6982,7.2036,25.31
2012-08-28,4.7249,7.2413,25.68
2012-08-29,5.0724,7.0709,25.4
2012-08-30,4.6102,7.141,25.99
2012-08-31,4.397,7.2266,25.02
2012-09-01,5.0035,7.2055,25.55
2012-09-02,5.0482,7.283,25.35
2012-09-03,5.1977,7.1419,24.47
2012-09-04,5.1528,7.2518,24.99
2012-09-05,4.7731,7.3258,24.69
2012-09-06,5.4403,7.4417,25.72
2012-09-07,4.4424,7.3246,25.16
2012-09-08,4.8586,7.3908,24.14
2012-09-09,4.7237,7.343,25.29
2012-09-10,5.2411,7.3661,25.47
2012-09-11,5.1427,7.2605,25.25
2012-09-12,3.0929,7.0493,25.25
2012-09-13,3.576,7.1112,24.58
2012-09-14,4.8833,7.0342,25.52
2012-09-15,4.5912,7.0978,25.21
2012-09-16,4.5686,7.0637,25.27
2012-09-17,3.1886,7.151,25.03
2012-09-18,5.1542,7.0932,24.22
2012-09-19,4.8139,7.2158,24.52
2012-09-20,4.9313,7.2722,25.6
2012-09-21,4.2242,7.2494,25.31
2012-09-22,4.4906,7.4359,24.44
2012-09-23,3.9576,7.2475,24.98
2012-09-24,2.1869,7.097,24.58
2012-09-25,3.6986,6.919,24.03
2012-09-26,3.955,7.2151,25.1
2012-09-27,4.5917,7.2036,25.11
2012-09-28,4.3406,6.9838,25.06
2012-09-29,3.6886,6.7452,24.89
2012-09-30,3.8856,7.1186,24.73
2012-10-01,4.0814,6.8124,24.95
2012-10-02,4.5218,7.0147,25.45
2012-10-03,5.2752,7.1834,24.71
2012-10-04,3.689,7.0397,25.06
2012-10-05,4.9063,6.9365,24.95
2012-10-06,4.2571,6.8587,25.01
2012-10-07,4.644,7.0171,25.34
2012-10-08,4.481,7.1822,25.23
2012-10-09,4.1868,7.0306,24.84
2012-10-10,3.7915,7.1712,25.05
2012-10-11,5.8334,7.0061,25.04
2012-10-12,5.1984,6.8825,25.17
2012-10-13,5.0136,6.7637,25.38
2012-10-14,4.4995,7.0752,24.96
2012-10-15,4.4906,7.122,24.62
2012-10-16,4.4362,7.1059,24.03
2012-10-17,5.4161,7.0922,23.67
2012-10-18,3.0984,7.2425,23.61
2012-10-19,5.4722,7.0632,24.31
2012-10-20,5.6021,7.0853,25.3
2012-10-21,5.7936,7.0615,24.78
2012-10-22,6.036,7.1755,24.39
2012-10-23,3.8134,6.979,24.31
2012-10-24,4.1832,7.0301,24.53
2012-10-25,5.6038,6.9276,24.49
2012-10-26,4.8972,6.8232,24.3
2012-10-27,4.0718,6.9079,25.33
2012-10-28,4.5823,6.8491,25.07
2012-10-29,3.9058,6.7958,24.16
2012-10-30,4.3632,6.5006,23.99
2012-10-31,3.9298,6.797,23.62
2012-11-01,4.6721,6.7001,23.94
2012-11-02,4.6985,6.5952,24.75
2012-11-03,4.331,6.6698,25.23
2012-11-04,4.3562,6.6461,25.76
2012-11-05,4.4743,6.6197,24.59
2012-11-06,4.2398,6.5741,25.09
2012-11-07,4.4045,6.647,25.31
2012-11-08,4.4652,6.6026,25.3
2012-11-09,3.7987,6.6619,25.36
2012-11-10,3.9401,6.497,25.6
2012-11-11,3.3818,6.5477,25.33
2012-11-12,4.098,6.5626,25.36
2012-11-13,4.3493,6.4255,25.66
2012-11-14,4.0558,6.432,25.57
2012-11-15,3.6768,6.4034,24.87
2012-11-16,4.6574,6.4126,25.09
2012-11-17,4.7222,6.4829,25.1
2012-11-18,3.877,6.3521,25.06
2012-11-19,4.7765,6.4054,25.37
2012-11-20,3.8998,6.455,25.57
2012-11-21,2.2202,6.4838,24.93
2012-11-22,3.4445,6.4711,24.22
2012-11-23,4.225,6.3017,25.02
2012-11-24,3.9247,6.2388,24.6
2012-11-25,3.6331,6.475,25.77
2012-11-26,4.0795,6.2856,25.96
2012-11-27,4.4789,6.2765,25.58
2012-11-28,4.1762,6.294,25.73
2012-11-29,3.7236,6.3134,24.57
2012-11-30,4.1587,6.2338,24.48
2012-12-01,4.4395,6.1927,24.42
2012-12-02,3.8405,6.2604,24.63
2012-12-03,5.0791,6.294,24.54
2012-12-04,5.123,6.227,24.6
2012-12-05,4.6934,6.1901,24.75
2012-12-06,4.5422,6.2861,24.42
2012-12-07,4.0145,6.2446,24.94
2012-12-08,3.5633,6.1555,25.6
2012-12-09,3.9811,6.1894,26.35
2012-12-10,3.9778,6.2196,26.25
2012-12-11,3.168,6.2899,24.74
2012-12-12,3.617,6.0461,25.08
2012-12-13,3.5386,6.037,24.68
2012-12-14,4.3001,6.1082,24.94
2012-12-15,4.8394,6.2146,24.0
2012-12-16,4.8019,6.2518,25.2
2012-12-17,4.2506,6.085,25.26
2012-12-18,3.8546,6.0996,25.32
2012-12-19,3.497,5.9088,25.27
2012-12-20,3.5474,6.1999,25.22
2012-12-21,3.63,6.1716,24.8
2012-12-22,3.3269,6.1601,24.18
2012-12-23,4.0754,5.971,25.47
2012-12-24,3.1202,6.0761,25.28
2012-12-25,3.7862,6.222,25.53
2012-12-26,3.671,6.1075,25.82
2012-12-27,3.4442,6.2755,25.82
2012-12-28,3.9722,6.294,25.13
2012-12-29,3.091,6.4142,25.59
2012-12-30,3.781,6.1382,26.24
2012-12-31,3.8914,6.2573,26.31
2013-01-01,4.2946,6.3168,25.34
2013-01-02,3.7015,6.3329,25.69
2013-01-03,4.1201,6.3362,26.22
2013-01-04,4.2271,6.3067,26.47
2013-01-05,4.7479,6.2623,26.24
2013-01-06,5.4696,6.4394,25.97
2013-01-07,5.1787,6.4397,26.08
2013-01-08,5.2358,6.4788,26.33
2013-01-09,5.2382,6.4025,26.61
2013-01-10,4.7839,6.3518,26.35
2013-01-11,4.4926,6.3893,25.25
2013-01-12,5.0791,6.3787,25.36
2013-01-13,4.1506,6.1154,25.35
2013-01-14,5.087,6.2054,25.37
2013-01-15,4.5494,6.2294,25.32
2013-01-16,4.1407,6.1284,24.99
2013-01-17,3.8854,6.0586,24.95
2013-01-18,4.3644,6.2124,24.81
2013-01-19,3.6883,6.0701,24.88
2013-01-20,3.5426,6.096,25.24
2013-01-21,3.2638,5.9626,25.52
2013-01-22,3.293,6.0871,25.48
2013-01-23,3.0684,5.9681,25.59
2013-01-24,3.4349,5.94,25.66
2013-01-25,3.3742,5.988,25.51
2013-01-26,3.9228,6.2662,25.82
2013-01-27,3.6569,6.4466,25.99
2013-01-28,3.4946,6.4973,26.27
2013-01-29,3.7529,6.2962,26.39
2013-01-30,3.354,6.433,26.39
2013-01-31,4.104,6.2042,26.4
2013-02-01,2.8474,6.2107,25.75
2013-02-02,2.178,6.343,24.89
2013-02-03,2.7158,6.4224,25.12
2013-02-04,3.2213,6.197,24.89
2013-02-05,2.9407,5.9731,24.8
2013-02-06,3.0794,6.3134,24.89
2013-02-07,2.8272,6.5266,24.41
2013-02-08,3.1469,6.6026,24.63
2013-02-09,5.0018,6.4013,25.13
2013-02-10,4.0826,6.5616,24.44
2013-02-11,4.7647,6.5597,25.69
2013-02-12,4.8468,6.6358,25.98
2013-02-13,5.37,6.9199,25.21
2013-02-14,4.3178,6.6852,25.24
2013-02-15,4.7534,6.8215,25.59
2013-02-16,3.3346,6.4277,25.97
2013-02-17,3.5688,6.4421,24.92
2013-02-18,3.6636,6.6425,25.89
2013-02-19,4.5346,6.8417,26.51
2013-02-20,5.0462,6.8038,27.12
2013-02-21,4.5113,6.7061,27.21
2013-02-22,4.3598,6.5333,27.75
2013-02-23,3.3895,6.6406,27.07
2013-02-24,2.909,6.5902,27.11
2013-02-25,4.3541,6.7661,27.85
2013-02-26,3.7397,6.8227,27.51
2013-02-27,3.9922,6.8278,26.54
2013-02-28,2.8805,6.7138,24.93
2013-03-01,2.9244,6.8395,25.34
2013-03-02,3.8232,7.0277,24.79
2013-03-03,2.4535,6.9598,24.5
2013-03-04,4.1321,6.7162,24.85
2013-03-05,3.7495,6.8554,25.72
2013-03-06,3.8467,6.6708,26.52
2013-03-07,4.2101,6.4848,26.03
2013-03-08,3.7471,6.7111,26.97
2013-03-09,3.2057,6.721,26.59
2013-03-10,2.9129,6.5815,26.39
2013-03-11,3.4032,6.827,26.54
2013-03-12,3.3715,6.8261,26.18
2013-03-13,2.9028,6.6238,25.11
2013-03-14,2.2745,6.8263,25.61
2013-03-15,3.1973,6.93,24.87
2013-03-16,3.5916,7.0145,25.21
2013-03-17,3.8292,6.774,24.81
2013-03-18,4.327,6.9254,25.67
2013-03-19,4.5401,6.9247,24.85
2013-03-20,3.8959,7.0786,25.33
2013-03-21,3.2669,6.9631,24.47
2013-03-22,4.4614,6.7603,24.89
2013-03-23,4.2158,6.9185,25.84
2013-03-24,4.2101,7.1189,26.29
2013-03-25,3.0653,6.9487,25.08
2013-03-26,4.3008,6.7982,25.38
2013-03-27,3.8935,7.0241,25.36
2013-03-28,3.7987,6.9526,24.74
2013-03-29,4.2307,6.9269,24.95
2013-03-30,4.0229,7.1362,26.75
2013-03-31,5.1024,7.1525,26.02
2013-04-01,3.5059,6.9862,26.87
2013-04-02,3.0643,7.1292,25.75
2013-04-03,4.4117,7.0714,26.29
2013-04-04,4.5821,6.9005,26.47
2013-04-05,4.0644,6.8232,25.29
2013-04-06,3.3917,6.7358,25.83
2013-04-07,3.4975,6.919,25.71
2013-04-08,4.2182,6.8378,25.58
2013-04-09,3.7111,7.0764,27.0
2013-04-10,3.6041,6.763,26.19
2013-04-11,4.3085,6.9007,26.22
2013-04-12,4.4436,6.9422,26.45
2013-04-13,3.4615,6.9492,26.81
2013-04-14,3.492,6.7634,26.21
2013-04-15,3.2482,6.8527,25.81
2013-04-16,4.2504,7.2372,25.82
2013-04-17,2.1737,7.2086,25.51
2013-04-18,4.1707,7.2622,25.48
2013-04-19,1.9651,7.4678,25.14
2013-04-20,4.8646,7.2569,24.91
2013-04-21,4.8204,7.2101,25.45
2013-04-22,4.8425,7.1573,25.17
2013-04-23,4.9562,7.0702,25.0
2013-04-24,4.5276,7.0286,25.78
2013-04-25,4.6188,6.9708,25.7
2013-04-26,2.3134,6.8856,25.04
2013-04-27,3.0799,7.0966,25.18
2013-04-28,5.0254,7.0541,24.95
2013-04-29,4.6114,7.0584,25.69
2013-04-30,4.273,7.1244,25.61
2013-05-01,2.6558,7.1141,25.76
2013-05-02,4.7234,7.0632,25.06
2013-05-03,4.9164,7.097,26.27
2013-05-04,4.8238,7.1758,25.45
2013-05-05,3.8897,6.7975,25.0
2013-05-06,4.5338,6.9108,24.94
2013-05-07,4.2974,6.9564,25.35
2013-05-08,4.4873,7.0841,25.73
2013-05-09,3.7565,7.2036,25.52
2013-05-10,4.6332,7.2499,24.85
2013-05-11,4.0387,7.189,25.93
2013-05-12,4.4731,7.2574,26.68
2013-05-13,3.5122,7.1618,26.71
2013-05-14,2.3242,7.0814,26.57
2013-05-15,2.7619,7.0915,25.12
2013-05-16,4.4851,7.0654,24.92
2013-05-17,3.9758,7.038,25.57
2013-05-18,4.1318,7.2235,25.89
2013-05-19,4.2694,7.0034,25.57
2013-05-20,2.9998,7.277,24.67
2013-05-21,3.6811,7.2602,24.86
2013-05-22,3.9533,7.3534,24.78
2013-05-23,3.8398,7.2902,25.27
2013-05-24,3.9218,7.1966,24.65
2013-05-25,4.4954,7.1563,24.78
2013-05-26,3.9554,6.8777,25.83
2013-05-27,3.5707,6.9806,25.62
2013-05-28,3.6106,6.9418,25.15
2013-05-29,4.3963,7.0186,24.9
2013-05-30,4.4311,7.0704,24.69
2013-05-31,3.4548,7.0853,24.59
2013-06-01,5.4199,7.0471,23.66
2013-06-02,5.43,7.1002,25.4
2013-06-03,4.579,7.0543,25.44
2013-06-04,5.2526,7.0162,25.64
2013-06-05,4.2446,7.2468,25.54
2013-06-06,4.6807,6.966,24.29
2013-06-07,3.7099,6.9413,25.62
2013-06-08,3.1644,6.9233,25.71
2013-06-09,4.8113,7.0142,26.09
2013-06-10,4.7546,7.1237,26.39
2013-06-11,3.3334,7.0097,25.72
2013-06-12,4.7338,7.1126,24.56
2013-06-13,4.2535,7.1578,25.7
2013-06-14,3.7949,7.0546,25.95
2013-06-15,5.346,6.9528,25.23
2013-06-16,4.3092,7.056,26.28
2013-06-17,4.4618,7.0819,26.23
2013-06-18,4.7688,7.0606,26.61
2013-06-19,3.007,7.122,25.65
2013-06-20,4.1489,6.9905,25.26
2013-06-21,4.3591,7.1201,24.96
2013-06-22,3.4454,6.8844,25.8
2013-06-23,4.0634,7.0246,26.15
2013-06-24,3.5743,6.853,25.1
2013-06-25,4.1412,6.798,24.91
2013-06-26,4.2187,7.0327,25.85
2013-06-27,2.9808,7.0486,25.8
2013-06-28,2.4535,7.0241,24.37
2013-06-29,5.1499,6.9514,24.34
2013-06-30,4.5221,6.8215,25.32
2013-07-01,4.2792,6.9046,24.62
2013-07-02,5.3563,7.0198,25.02
2013-07-03,5.0861,7.0886,25.76
2013-07-04,4.3956,7.0481,25.98
2013-07-05,4.356,7.0154,24.89
2013-07-06,5.4079,6.9886,25.46
2013-07-07,3.785,7.2146,25.8
2013-07-08,5.255,7.1282,25.43
2013-07-09,4.6894,7.0337,25.61
2013-07-10,4.1878,6.8263,25.25
2013-07-11,5.1077,6.9379,24.16
2013-07-12,4.6294,7.0423,25.3
2013-07-13,4.919,7.1069,25.9
2013-07-14,5.015,7.098,25.6
2013-07-15,2.8339,6.7865,25.19
2013-07-16,4.2847,6.6658,26.38
2013-07-17,4.2334,6.9996,26.24
2013-07-18,3.5702,7.0582,25.0
2013-07-19,3.7778,7.1534,25.17
2013-07-20,3.9967,6.9468,25.38
2013-07-21,4.3757,7.122,25.19
2013-07-22,4.6973,7.1299,24.44
2013-07-23,5.3038,7.2792,25.58
2013-07-24,5.1458,7.1426,25.99
2013-07-25,5.5937,7.075,26.48
2013-07-26,4.7141,6.8899,25.8
2013-07-27,5.135,7.0858,25.26
2013-07-28,4.5744,7.2518,25.22
2013-07-29,5.4286,7.1062,26.02
2013-07-30,4.6584,7.0555,25.61
2013-07-31,5.2956,7.1484,25.39
2013-08-01,3.7344,7.063,24.83
2013-08-02,4.1134,6.9842,24.54
2013-08-03,4.489,7.0848,25.94
2013-08-04,4.9529,7.0819,25.1
2013-08-05,4.2924,7.2247,25.87
2013-08-06,3.8302,7.0752,25.75
2013-08-07,4.1957,6.7925,25.85
2013-08-08,2.4341,6.8009,24.47
2013-08-09,4.854,7.1525,24.19
2013-08-10,3.834,7.1791,25.47
2013-08-11,4.6046,7.3913,25.73
2013-08-12,5.171,7.2797,24.32
2013-08-13,5.2274,7.2931,25.41
2013-08-14,4.5274,7.2718,26.31
2013-08-15,4.6205,7.3322,25.44
2013-08-16,4.6243,7.1698,25.24
2013-08-17,3.7207,7.1623,25.46
2013-08-18,4.7338,7.1839,24.93
2013-08-19,3.6322,7.1539,25.14
2013-08-20,4.962,7.0656,25.04
2013-08-21,3.8402,7.211,24.54
2013-08-22,5.3928,7.1779,24.19
2013-08-23,4.9032,7.2002,25.14
2013-08-24,2.9837,7.2542,24.44
2013-08-25,4.5518,7.1789,24.58
2013-08-26,4.2326,7.181,24.93
2013-08-27,4.6783,7.1736,24.33
2013-08-28,4.5331,7.1813,24.6
2013-08-29,5.0004,7.1705,25.53
2013-08-30,5.1826,6.8993,24.68
2013-08-31,4.6301,7.1124,24.72
2013-09-01,4.2768,6.9905,23.47
2013-09-02,4.7148,7.1386,23.42
2013-09-03,4.9318,7.2792,25.0
2013-09-04,4.8602,6.997,24.06
2013-09-05,4.2082,7.1278,25.14
2013-09-06,3.313,6.9905,24.19
2013-09-07,4.7316,7.1254,24.03
2013-09-08,4.0495,7.117,25.65
2013-09-09,4.2754,7.3114,24.6
2013-09-10,4.5427,7.1318,24.07
2013-09-11,4.3423,7.301,23.61
2013-09-12,4.7083,7.1258,24.26
2013-09-13,5.1115,7.1378,24.3
2013-09-14,3.7034,7.0973,25.34
2013-09-15,4.159,7.1138,25.53
2013-09-16,5.0928,7.253,25.61
2013-09-17,3.8405,7.009,25.6
2013-09-18,4.4338,7.1599,24.54
2013-09-19,3.8282,6.9504,24.3
2013-09-20,5.2654,7.2643,26.01
2013-09-21,4.991,7.2511,25.54
2013-09-22,3.1757,7.3999,25.72
2013-09-23,4.2209,7.1952,25.86
2013-09-24,4.3267,7.2026,25.45
2013-09-25,3.9331,7.278,24.94
2013-09-26,3.5942,6.8969,24.81
2013-09-27,3.959,6.937,25.44
2013-09-28,5.0227,7.0462,25.19
2013-09-29,4.6565,7.2125,25.02
2013-09-30,4.8943,7.1333,23.98
2013-10-01,5.557,7.1225,24.09
2013-10-02,4.2521,7.1484,25.71
2013-10-03,4.2847,7.0997,25.06
2013-10-04,3.4884,7.0361,24.15
2013-10-05,4.457,7.1246,25.58
2013-10-06,4.6531,7.1453,25.29
2013-10-07,4.3522,7.0778,25.42
2013-10-08,4.2233,6.9581,25.24
2013-10-09,4.1726,6.9367,24.81
2013-10-10,3.6562,7.0356,25.01
2013-10-11,4.2566,7.1014,24.52
2013-10-12,3.8868,6.8261,25.34
2013-10-13,4.8396,7.0591,24.84
2013-10-14,3.7577,7.1371,24.8
2013-10-15,4.3008,6.9756,24.66
2013-10-16,4.555,6.9098,24.45
2013-10-17,4.0771,6.5698,25.22
2013-10-18,4.1189,6.7519,24.6
2013-10-19,4.841,6.9269,25.41
2013-10-20,4.5492,6.8297,24.8
2013-10-21,3.9787,6.9348,24.6
2013-10-22,4.913,6.8554,24.31
2013-10-23,4.7426,6.8042,24.82
2013-10-24,3.2194,6.9017,25.34
2013-10-25,4.3068,6.8513,25.08
2013-10-26,4.5365,6.7642,24.85
2013-10-27,4.7443,6.793,24.93
2013-10-28,4.866,6.7678,25.19
2013-10-29,3.9859,6.8117,25.35
2013-10-30,4.969,6.6497,24.74
2013-10-31,4.5257,6.8189,24.59
2013-11-01,4.5895,6.8861,24.18
2013-11-02,5.5759,6.8402,24.93
2013-11-03,5.1163,6.75,24.65
2013-11-04,4.6198,6.4176,24.47
2013-11-05,4.1093,6.4152,25.12
2013-11-06,3.8767,6.4584,24.67
2013-11-07,3.4637,6.4997,23.86
2013-11-08,4.0387,6.5738,23.98
2013-11-09,4.6829,6.5681,24.41
2013-11-10,4.0145,6.4582,24.26
2013-11-11,3.9581,6.4656,24.82
2013-11-12,4.3174,6.6526,24.75
2013-11-13,4.259,6.3842,25.0
2013-11-14,4.3138,6.3074,24.7
2013-11-15,4.2158,6.4114,25.38
2013-11-16,4.3075,6.4049,25.33
2013-11-17,4.1616,6.4697,26.45
2013-11-18,3.2686,6.4699,25.67
2013-11-19,4.5067,6.4488,24.33
2013-11-20,4.4585,6.3775,24.3
2013-11-21,4.3078,6.2441,25.2
2013-11-22,3.9902,6.2191,25.13
2013-11-23,3.497,6.2117,25.2
2013-11-24,4.4482,6.1822,24.12
2013-11-25,4.4381,6.2174,24.7
2013-11-26,4.0596,6.133,24.38
2013-11-27,4.687,6.3526,24.78
2013-11-28,4.3351,6.4219,25.13
2013-11-29,3.9917,6.2736,24.58
2013-11-30,3.7594,6.3336,24.81
2013-12-01,4.476,6.2575,25.11
2013-12-02,4.2026,6.2489,24.4
2013-12-03,4.027,6.2743,24.2
2013-12-04,3.9274,6.1997,24.85
2013-12-05,4.3956,6.1159,25.53
2013-12-06,3.9314,6.2837,24.76
2013-12-07,3.9766,6.132,24.82
2013-12-08,4.1551,6.421,24.17
2013-12-09,4.4009,6.2616,24.03
2013-12-10,3.7766,6.1404,23.34
2013-12-11,3.8964,6.155,25.61
2013-12-12,3.3326,6.1817,25.86
2013-12-13,2.2558,6.1267,25.8
2013-12-14,4.1059,6.2311,25.19
2013-12-15,3.918,6.2616,25.21
2013-12-16,3.9038,5.9566,25.77
2013-12-17,2.106,6.1742,25.12
2013-12-18,4.9543,6.3065,23.77
2013-12-19,4.4736,6.1697,25.13
2013-12-20,4.6231,6.1272,25.57
2013-12-21,3.893,6.2134,25.33
2013-12-22,4.489,6.1903,24.99
2013-12-23,4.6654,6.1186,24.88
2013-12-24,4.6877,6.1414,24.71
2013-12-25,5.1103,6.2981,24.31
2013-12-26,4.5458,6.1788,24.37
2013-12-27,3.4558,6.1651,24.86
2013-12-28,3.8378,6.1618,26.84
2013-12-29,3.9149,6.1315,26.54
2013-12-30,3.5081,6.1831,26.03
2013-12-31,3.378,6.1356,26.07
2014-01-01,3.5666,6.2304,26.49
2014-01-02,3.7483,6.186,24.87
2014-01-03,2.9573,6.1546,26.0
2014-01-04,3.3041,6.1702,26.72
2014-01-05,2.3616,6.0607,25.21
2014-01-06,2.767,6.1152,24.81
2014-01-07,4.0378,6.1577,24.69
2014-01-08,3.8842,5.7504,25.28
2014-01-09,4.3008,6.1212,25.76
2014-01-10,3.6403,6.1759,25.74
2014-01-11,4.3858,6.2614,25.79
2014-01-12,4.7287,6.2311,25.6
2014-01-13,3.9581,6.0953,25.62
2014-01-14,3.5258,6.0972,25.17
2014-01-15,3.3943,6.1702,25.61
2014-01-16,3.4454,6.313,25.34
2014-01-17,3.8081,6.113,25.7
2014-01-18,3.2086,6.1613,25.4
2014-01-19,3.5604,6.1303,25.58
2014-01-20,3.3199,6.0278,26.47
2014-01-21,2.8814,6.2347,26.29
2014-01-22,2.4754,6.0979,25.16
2014-01-23,3.6125,6.2846,25.35
2014-01-24,4.2521,6.1673,25.76
2014-01-25,4.1623,6.1572,25.18
2014-01-26,3.9233,6.2141,24.98
2014-01-27,5.0885,6.5345,25.12
2014-01-28,4.614,6.2878,25.49
2014-01-29,4.007,6.257,26.13
2014-01-30,3.9852,6.0715,25.8
2014-01-31,3.923,6.234,25.63
2014-02-01,3.7205,6.2731,25.73
2014-02-02,3.4154,6.1958,25.68
2014-02-03,4.0896,6.2246,25.35
2014-02-04,4.392,6.2316,25.98
2014-02-05,4.6558,6.2578,25.62
2014-02-06,4.8367,6.3638,25.75
2014-02-07,4.746,6.0852,25.45
2014-02-08,4.29,6.5194,25.92
2014-02-09,3.9422,6.5561,26.09
2014-02-10,3.5945,6.5477,26.66
2014-02-11,3.919,6.4834,25.79
2014-02-12,3.647,6.811,26.52
2014-02-13,4.0718,6.443,24.95
2014-02-14,3.3943,6.5237,25.16
2014-02-15,4.2974,6.4894,24.58
2014-02-16,4.6514,6.3516,26.05
2014-02-17,4.4971,6.401,26.07
2014-02-18,4.4335,6.1382,25.66
2014-02-19,4.0034,6.3514,25.37
2014-02-20,4.2137,6.5143,25.75
2014-02-21,4.4078,6.5503,26.33
2014-02-22,4.3517,6.5791,25.93
2014-02-23,3.708,6.1474,26.21
2014-02-24,3.6192,6.4932,26.02
2014-02-25,3.9454,6.5364,25.75
2014-02-26,3.5513,6.5616,25.36
2014-02-27,2.8939,6.18,25.18
2014-02-28,2.9786,6.8052,25.82
2014-03-01,3.3504,6.7464,25.56
2014-03-02,4.9723,6.9456,24.54
2014-03-03,5.1684,6.943,24.88
2014-03-04,5.1019,6.8911,25.63
2014-03-05,4.1844,6.6893,25.7
2014-03-06,4.3037,6.6163,26.26
2014-03-07,2.8373,6.6422,24.89
2014-03-08,2.6743,6.7522,24.73
2014-03-09,4.2569,6.4781,25.25
2014-03-10,4.6985,6.8998,25.09
2014-03-11,4.4213,6.8234,25.15
2014-03-12,3.4966,6.6917,25.59
2014-03-13,4.1654,6.5671,26.13
2014-03-14,4.6673,6.6482,25.51
2014-03-15,3.8266,6.6343,26.45
2014-03-16,4.1537,6.7908,26.65
2014-03-17,4.591,6.7349,26.49
2014-03-18,3.3926,6.407,26.86
2014-03-19,3.3802,6.869,27.43
2014-03-20,4.2605,7.115,27.84
2014-03-21,3.5158,6.8393,28.03
2014-03-22,3.4027,6.9696,27.13
2014-03-23,3.8374,6.8328,26.86
2014-03-24,4.3205,6.9096,27.15
2014-03-25,4.453,6.8748,25.6
2014-03-26,4.0015,6.8556,25.7
2014-03-27,4.6476,7.0001,27.85
2014-03-28,5.2301,7.1525,28.09
2014-03-29,4.7858,6.8354,28.3
2014-03-30,4.8778,6.9317,27.53
2014-03-31,5.3988,6.8582,27.08
2014-04-01,5.5649,7.0486,27.63
2014-04-02,3.5407,6.893,27.58
2014-04-03,4.5403,6.9878,27.31
2014-04-04,5.033,7.1057,28.02
2014-04-05,4.045,7.2293,28.63
2014-04-06,3.5801,7.0006,27.66
2014-04-07,4.6224,7.2367,26.15
2014-04-08,3.8825,7.104,25.93
2014-04-09,3.5381,6.9809,26.23
2014-04-10,4.7386,7.2372,27.36
2014-04-11,5.513,7.2408,28.96
2014-04-12,4.0207,7.11,27.31
2014-04-13,3.991,7.097,26.48
2014-04-14,3.7034,7.1314,27.18
2014-04-15,2.4158,6.8844,25.92
2014-04-16,4.8134,6.9156,26.61
2014-04-17,4.2811,7.0102,26.93
2014-04-18,4.0846,7.0097,26.98
2014-04-19,3.9278,7.1736,26.49
2014-04-20,2.2032,7.2238,26.24
2014-04-21,3.9202,7.3123,26.32
2014-04-22,4.6296,7.3022,25.99
2014-04-23,1.9678,7.2552,26.37
2014-04-24,4.9673,7.2386,26.75
2014-04-25,2.8973,7.2283,26.24
2014-04-26,5.1857,7.2775,25.17
2014-04-27,5.7917,7.3541,26.43
2014-04-28,4.765,7.2497,27.54
2014-04-29,3.421,7.2643,25.96
2014-04-30,3.2503,7.1551,25.34
2014-05-01,4.506,7.0877,25.54
2014-05-02,2.0837,7.0529,25.01
2014-05-03,4.5602,7.2245,26.01
2014-05-04,3.8856,7.0058,25.07
2014-05-05,4.9915,7.1386,26.01
2014-05-06,3.3468,7.0982,25.86
2014-05-07,3.4762,7.2173,26.33
2014-05-08,4.9171,6.9264,25.69
2014-05-09,4.279,7.1878,26.19
2014-05-10,5.341,7.0478,25.56
2014-05-11,5.299,7.1585,25.71
2014-05-12,4.7693,7.2965,25.8
2014-05-13,4.8763,7.2163,27.07
2014-05-14,2.2942,7.1119,25.72
2014-05-15,3.7073,6.9816,25.43
2014-05-16,4.6308,7.0164,25.94
2014-05-17,3.953,7.1621,25.55
2014-05-18,3.9228,7.0294,25.53
2014-05-19,3.733,7.0762,25.85
2014-05-20,1.2749,7.1314,25.78
2014-05-21,5.3587,7.1678,25.45
2014-05-22,5.1108,7.1419,25.37
2014-05-23,3.0264,7.2941,25.74
2014-05-24,5.2301,7.2588,25.95
2014-05-25,4.9298,7.229,26.09
2014-05-26,4.4842,7.1868,26.25
2014-05-27,4.2384,6.7994,26.17
2014-05-28,3.6394,7.1707,25.99
2014-05-29,3.8148,7.1436,25.6
2014-05-30,4.2451,7.1402,25.43
2014-05-31,4.6051,7.1964,25.59
2014-06-01,3.7483,7.0884,26.03
2014-06-02,4.1273,6.8825,25.62
2014-06-03,4.7734,6.9283,25.29
2014-06-04,4.4462,6.9504,25.12
2014-06-05,3.9398,7.0459,26.05
2014-06-06,4.0711,6.9074,26.25
2014-06-07,2.6294,6.9137,25.98
2014-06-08,4.085,7.1998,25.28
2014-06-09,4.5893,7.05,25.36
2014-06-10,4.7623,6.9931,25.09
2014-06-11,4.4995,7.0613,26.54
2014-06-12,3.4039,6.965,26.33
2014-06-13,3.8093,7.0039,26.2
2014-06-14,4.4059,6.9691,25.68
2014-06-15,5.1535,7.044,26.11
2014-06-16,4.825,7.0265,26.36
2014-06-17,4.4844,6.8714,25.91
2014-06-18,4.7798,6.743,25.62
2014-06-19,3.8018,6.9562,26.37
2014-06-20,4.6214,7.0066,25.91
2014-06-21,5.2625,6.9926,25.85
2014-06-22,4.5895,7.0658,26.47
2014-06-23,3.7051,6.9086,26.33
2014-06-24,4.0567,7.0246,26.3
2014-06-25,3.4363,6.8376,25.62
2014-06-26,4.0366,6.7687,25.25
2014-06-27,4.1083,6.6898,25.58
2014-06-28,5.4533,6.8551,25.23
2014-06-29,4.9236,7.0265,26.61
2014-06-30,4.2098,6.9034,26.04
2014-07-01,4.9618,7.0238,24.66
2014-07-02,4.2578,6.9682,25.56
2014-07-03,5.0698,6.9211,26.07
2014-07-04,4.2031,6.8765,26.34
2014-07-05,4.2329,6.9838,25.08
2014-07-06,3.8988,6.9943,25.68
2014-07-07,4.5202,7.0337,25.52
2014-07-08,4.6572,7.1069,25.85
2014-07-09,5.2298,6.9408,26.34
2014-07-10,4.7474,7.2617,26.19
2014-07-11,4.4618,6.917,25.94
2014-07-12,4.4316,6.8256,25.66
2014-07-13,4.7863,6.9379,26.03
2014-07-14,4.5451,7.0447,26.25
2014-07-15,4.7597,7.067,26.7
2014-07-16,3.5177,7.003,26.38
2014-07-17,4.1599,7.1294,25.54
2014-07-18,3.667,6.9595,25.76
2014-07-19,4.8096,6.9408,26.57
2014-07-20,4.4441,7.0514,26.26
2014-07-21,5.2627,6.9859,26.13
2014-07-22,4.2499,7.1112,26.81
2014-07-23,4.4856,7.0584,26.85
2014-07-24,5.0681,7.1458,26.03
2014-07-25,4.9529,7.1143,25.87
2014-07-26,4.638,7.2934,25.19
2014-07-27,5.1403,7.0061,23.73
2014-07-28,4.249,7.1825,26.01
2014-07-29,4.7522,7.1851,26.22
2014-07-30,5.3575,7.0745,26.07
2014-07-31,3.7296,7.1131,25.53
2014-08-01,4.962,7.1453,25.76
2014-08-02,3.9355,7.1966,25.27
2014-08-03,4.6229,7.0092,24.18
2014-08-04,4.7028,6.9655,25.5
2014-08-05,4.7314,7.1748,26.16
2014-08-06,4.397,6.9545,25.86
2014-08-07,4.9373,7.0294,24.67
2014-08-08,5.0354,7.1102,25.07
2014-08-09,4.5893,7.2643,25.82
2014-08-10,4.4383,7.225,25.56
2014-08-11,4.8098,7.2103,24.07
2014-08-12,4.5456,7.1878,24.99
2014-08-13,4.3315,7.277,25.37
2014-08-14,4.8487,7.182,26.63
2014-08-15,5.4182,7.1928,26.36
2014-08-16,4.5756,7.079,26.44
2014-08-17,4.1599,7.1318,25.9
2014-08-18,4.6406,7.1556,24.87
2014-08-19,4.1206,6.9797,24.26
2014-08-20,4.4983,6.7027,25.47
2014-08-21,4.7326,6.9859,24.52
2014-08-22,4.6162,7.0267,25.66
2014-08-23,4.1753,7.086,24.34
2014-08-24,4.8797,7.1328,24.96
2014-08-25,2.7756,7.0968,24.62
2014-08-26,3.8448,7.164,24.19
2014-08-27,4.8684,7.1359,23.11
2014-08-28,3.7087,6.8837,23.11
2014-08-29,5.2296,7.0435,24.27
2014-08-30,5.9316,7.4321,25.96
2014-08-31,5.5054,7.3795,26.66
2014-09-01,5.1422,7.1618,26.38
2014-09-02,2.3405,7.1314,25.19
2014-09-03,4.3769,7.1174,24.91
2014-09-04,4.9392,7.1698,24.98
2014-09-05,5.088,7.2317,25.23
2014-09-06,4.015,7.1234,25.59
2014-09-07,5.0386,7.1736,24.99
2014-09-08,4.897,7.1854,24.85
2014-09-09,4.5276,7.2067,25.26
2014-09-10,3.7954,7.2043,25.45
2014-09-11,3.8954,7.2862,24.6
2014-09-12,3.9362,7.3536,23.74
2014-09-13,4.7443,7.3058,24.19
2014-09-14,3.5424,7.2223,24.46
2014-09-15,4.859,7.1736,24.42
2014-09-16,4.3598,7.2331,25.36
2014-09-17,5.4473,7.206,24.26
2014-09-18,5.1072,6.9634,23.67
2014-09-19,4.1146,7.1477,24.68
2014-09-20,5.0894,7.2094,23.82
2014-09-21,3.7212,7.0819,25.02
2014-09-22,4.331,7.1426,25.32
2014-09-23,5.4989,7.14,24.79
2014-09-24,5.4264,7.2118,25.86
2014-09-25,3.3055,7.2034,25.69
2014-09-26,5.0446,7.2014,24.72
2014-09-27,4.9687,7.1738,26.05
2014-09-28,3.2873,7.1153,24.62
2014-09-29,4.3927,7.1698,24.93
2014-09-30,4.6872,7.1074,25.76
2014-10-01,4.5958,7.1184,26.04
2014-10-02,4.1318,7.0886,25.86
2014-10-03,4.0961,7.0366,25.43
2014-10-04,5.071,6.9648,24.79
2014-10-05,4.1969,7.0236,25.76
2014-10-06,3.7658,7.1131,25.1
2014-10-07,4.0318,7.025,24.42
2014-10-08,4.4371,7.2727,24.94
2014-10-09,4.1678,7.2266,24.08
2014-10-10,4.9502,6.9456,25.11
2014-10-11,4.9793,7.0056,25.39
2014-10-12,4.403,6.9312,25.22
2014-10-13,4.1318,6.9446,24.26
2014-10-14,3.9226,6.953,24.16
2014-10-15,3.9278,6.8263,25.28
2014-10-16,3.9761,6.9617,25.41
2014-10-17,2.219,6.9698,25.01
2014-10-18,4.2814,6.7877,24.89
2014-10-19,4.6553,7.2014,25.04
2014-10-20,4.5374,7.1033,24.46
2014-10-21,4.8065,7.0495,25.21
2014-10-22,4.3798,6.797,24.86
2014-10-23,4.5101,6.7661,25.47
2014-10-24,3.6977,6.8722,25.55
2014-10-25,5.1857,6.653,24.83
2014-10-26,3.6706,6.7944,24.19
2014-10-27,5.2781,6.7877,24.37
2014-10-28,4.1664,6.8587,25.32
2014-10-29,4.5936,6.7435,25.46
2014-10-30,4.6639,6.8112,24.88
2014-10-31,4.0822,6.9626,24.27
2014-11-01,4.7249,6.6442,25.12
2014-11-02,4.2199,6.7066,25.66
2014-11-03,4.6992,6.5959,26.2
2014-11-04,4.3332,6.7649,26.47
2014-11-05,4.6236,6.6024,25.36
2014-11-06,4.1215,6.6895,23.99
2014-11-07,4.6822,6.6451,25.0
2014-11-08,4.369,6.451,25.12
2014-11-09,4.0366,6.6065,24.86
2014-11-10,3.4354,6.6982,24.39
2014-11-11,4.0742,6.3809,23.96
2014-11-12,4.0858,6.3713,24.73
2014-11-13,4.6118,6.5849,23.21
2014-11-14,4.9392,6.5112,24.46
2014-11-15,4.9579,6.6442,24.13
2014-11-16,3.8573,6.4322,24.34
2014-11-17,3.9986,5.9842,24.3
2014-11-18,4.3306,6.3576,25.31
2014-11-19,4.3862,6.4466,24.75
2014-11-20,4.5007,6.557,25.12
2014-11-21,4.4952,6.4433,25.58
2014-11-22,4.4465,6.3079,25.37
2014-11-23,4.0526,6.3408,25.77
2014-11-24,3.882,6.2206,25.81
2014-11-25,3.1865,6.2693,25.11
2014-11-26,3.6386,6.4512,24.18
2014-11-27,4.7789,6.2659,24.92
2014-11-28,3.7332,6.2386,25.51
2014-11-29,4.1844,6.2918,25.82
2014-11-30,3.6449,6.1272,26.05
2014-12-01,3.869,6.3636,25.91
2014-12-02,2.4816,6.3982,25.32
2014-12-03,3.3103,6.4272,24.62
2014-12-04,3.3221,6.288,25.64
2014-12-05,2.891,6.2431,24.91
2014-12-06,4.7849,6.4375,25.16
2014-12-07,4.2785,6.4135,25.19
2014-12-08,4.0759,6.2112,25.3
2014-12-09,2.6016,6.0353,24.67
2014-12-10,4.2881,6.0218,25.16
2014-12-11,4.9858,6.1274,25.07
2014-12-12,4.199,6.0912,25.03
2014-12-13,3.2674,6.2652,24.09
2014-12-14,4.4815,6.2832,24.28
2014-12-15,4.471,6.3523,24.15
2014-12-16,4.2494,6.1618,24.94
2014-12-17,4.4395,6.1176,25.15
2014-12-18,3.9758,6.1327,26.04
2014-12-19,4.2362,5.9942,26.02
2014-12-20,3.72,5.9938,25.78
2014-12-21,3.6194,6.0106,25.51
2014-12-22,4.1628,6.1284,26.07
2014-12-23,4.6915,6.2398,26.07
2014-12-24,4.3068,6.1404,26.58
2014-12-25,3.7241,6.2078,26.51
2014-12-26,4.8667,6.1798,26.35
2014-12-27,4.1282,6.1855,26.14
2014-12-28,4.2516,6.0235,26.4
2014-12-29,4.1904,6.1997,26.26
2014-12-30,4.3061,6.2323,26.58
2014-12-31,4.5077,6.1937,26.74
2015-01-01,5.2994,6.3629,26.25
2015-01-02,5.6342,6.4008,25.97
2015-01-03,5.6926,6.4162,26.14
2015-01-04,5.7979,6.4092,25.71
2015-01-05,4.9572,6.3617,25.7
2015-01-06,6.1212,6.5304,25.23
2015-01-07,5.9906,6.4963,25.17
2015-01-08,4.4921,6.1135,25.47
2015-01-09,3.4474,6.1963,25.44
2015-01-10,4.2514,6.2218,25.95
2015-01-11,4.5461,6.1824,26.43
2015-01-12,4.1189,6.1812,26.47
2015-01-13,4.4748,6.2693,26.61
2015-01-14,3.7246,6.0754,26.35
2015-01-15,3.9737,6.1661,26.33
2015-01-16,3.2366,6.2724,25.67
2015-01-17,2.6916,6.0115,24.78
2015-01-18,3.9456,5.9537,25.14
2015-01-19,3.3048,6.2642,25.68
2015-01-20,2.5246,6.2849,24.41
2015-01-21,2.8975,6.3835,23.94
2015-01-22,1.721,6.1322,24.22
2015-01-23,4.2665,6.2734,25.08
2015-01-24,3.8748,6.3478,25.37
2015-01-25,4.8158,6.3139,25.58
2015-01-26,3.8318,6.3533,25.47
2015-01-27,3.9182,6.2892,25.48
2015-01-28,4.644,6.313,25.19
2015-01-29,4.4741,6.5429,25.92
2015-01-30,3.2002,6.3,25.95
2015-01-31,2.1425,6.293,25.31
2015-02-01,4.277,6.4836,26.54
2015-02-02,4.321,6.545,26.67
2015-02-03,4.0015,6.6526,26.46
2015-02-04,4.3985,6.6403,27.09
2015-02-05,4.4131,6.4699,26.04
2015-02-06,3.5988,6.2638,25.71
2015-02-07,3.984,6.3998,25.56
2015-02-08,2.592,6.5676,24.75
2015-02-09,4.2665,6.5477,24.55
2015-02-10,4.8907,6.6197,25.14
2015-02-11,3.4836,6.6674,24.42
2015-02-12,4.847,6.4094,25.45
2015-02-13,4.062,6.4306,26.01
2015-02-14,3.3463,6.6346,26.57
2015-02-15,3.9221,6.6187,26.78
2015-02-16,4.9438,6.7682,27.15
2015-02-17,4.4287,6.8758,27.35
2015-02-18,4.1261,6.7212,26.97
2015-02-19,4.3469,7.0788,26.07
2015-02-20,5.9791,6.924,25.13
2015-02-21,5.6688,6.893,26.23
2015-02-22,6.2189,7.0037,27.61
2015-02-23,5.597,6.6595,27.68
2015-02-24,3.7846,6.7121,26.62
2015-02-25,4.5168,6.7104,26.71
2015-02-26,4.5228,6.5491,26.75
2015-02-27,4.5288,6.7834,27.32
2015-02-28,3.5798,6.7656,27.74
2015-03-01,4.8142,6.7498,27.0
2015-03-02,4.0339,6.8628,27.28
2015-03-03,5.9381,7.135,27.36
2015-03-04,6.1243,7.0241,27.64
2015-03-05,6.1066,6.9552,28.35
2015-03-06,5.4677,6.701,28.28
2015-03-07,4.8497,6.6439,27.72
2015-03-08,5.4458,7.0474,27.85
2015-03-09,4.4774,7.0486,28.07
2015-03-10,4.368,7.0747,28.1
2015-03-11,4.4561,7.0536,28.91
2015-03-12,4.9368,6.9566,29.27
2015-03-13,4.5845,6.7716,28.54
2015-03-14,4.1657,6.5741,28.54
2015-03-15,4.2502,6.853,28.27
2015-03-16,3.984,6.7649,27.71
2015-03-17,3.6211,6.8294,26.21
2015-03-18,3.5686,6.5227,24.78
2015-03-19,5.213,7.025,26.31
2015-03-20,5.2087,6.9674,26.17
2015-03-21,4.8893,6.9938,26.36
2015-03-22,6.2083,7.2929,26.61
2015-03-23,5.5562,7.3795,26.8
2015-03-24,4.5646,7.0406,26.78
2015-03-25,5.3294,6.8215,26.64
2015-03-26,4.4964,6.8179,26.32
2015-03-27,3.8047,6.2059,27.45
2015-03-28,2.6964,6.2765,26.3
2015-03-29,3.0029,6.8614,24.86
2015-03-30,4.1822,6.7644,26.12
2015-03-31,3.4464,7.0265,26.43
2015-04-01,3.3437,6.918,26.75
2015-04-02,3.6029,6.918,26.72
2015-04-03,2.9352,6.8112,26.26
2015-04-04,3.7658,7.0368,26.15
2015-04-05,4.4791,7.0085,26.71
2015-04-06,4.2617,7.1998,27.1
2015-04-07,4.5713,7.0968,26.88
2015-04-08,3.8902,7.265,26.62
2015-04-09,4.6097,7.0658,28.57
2015-04-10,4.5941,7.0073,27.14
2015-04-11,3.2851,7.2137,26.94
2015-04-12,4.2686,7.217,26.75
2015-04-13,3.4082,7.3872,27.22
2015-04-14,4.3162,7.1129,26.04
2015-04-15,3.036,7.3378,25.64
2015-04-16,4.6051,7.0843,26.53
2015-04-17,3.8774,6.8784,25.75
2015-04-18,5.1622,7.105,26.46
2015-04-19,3.6826,7.2626,25.2
2015-04-20,4.763,7.1455,25.04
2015-04-21,5.0748,7.085,25.22
2015-04-22,4.5528,7.2365,26.35
2015-04-23,4.5898,7.2941,27.87
2015-04-24,3.7462,7.0418,27.44
2015-04-25,3.0876,6.8203,25.93
2015-04-26,3.9149,7.0574,25.47
2015-04-27,4.62,7.2276,26.23
2015-04-28,3.5402,7.079,26.56
2015-04-29,4.6063,7.1755,26.39
2015-04-30,3.7466,7.2221,25.57
2015-05-01,4.0973,7.1412,25.53
2015-05-02,4.3733,7.1544,25.78
2015-05-03,3.0269,7.098,25.31
2015-05-04,4.9555,7.0262,26.06
2015-05-05,4.459,7.0726,25.8
2015-05-06,4.331,7.0159,26.57
2015-05-07,4.763,7.0486,27.06
2015-05-08,4.6495,7.3001,26.54
2015-05-09,4.5782,7.111,26.53
2015-05-10,3.9814,7.2247,25.91
2015-05-11,3.5441,7.1916,26.8
2015-05-12,5.0947,7.0322,28.24
2015-05-13,4.0963,7.0214,27.23
2015-05-14,4.0118,7.141,26.87
2015-05-15,3.8861,7.2566,26.31
2015-05-16,3.9365,7.2012,25.29
2015-05-17,4.2737,7.272,25.36
2015-05-18,4.5778,7.1143,26.23
2015-05-19,4.7083,6.9991,25.79
2015-05-20,3.6533,7.0817,26.2
2015-05-21,3.0019,7.1388,24.99
2015-05-22,4.243,7.2132,25.95
2015-05-23,4.9819,7.1808,27.28
2015-05-24,4.7438,7.1263,26.06
2015-05-25,4.2638,6.9977,25.41
2015-05-26,4.6774,7.1465,26.04
2015-05-27,2.9105,6.9648,25.0
2015-05-28,3.3727,6.791,24.44
2015-05-29,4.0092,6.9679,24.33
2015-05-30,4.374,6.9149,24.36
2015-05-31,4.4861,7.0752,26.28
2015-06-01,3.7543,7.0166,25.62
2015-06-02,4.56,7.073,25.35
2015-06-03,4.2509,6.9655,25.75
2015-06-04,4.2115,7.0104,26.06
2015-06-05,3.0439,6.9552,25.28
2015-06-06,4.7736,6.978,24.79
2015-06-07,4.1789,6.9665,25.3
2015-06-08,3.9182,7.0296,24.52
2015-06-09,3.8798,6.7243,24.1
2015-06-10,4.3006,6.9034,25.39
2015-06-11,4.7467,7.1014,26.17
2015-06-12,4.5636,7.045,25.45
2015-06-13,4.8302,7.0013,26.49
2015-06-14,4.373,6.9756,26.24
2015-06-15,5.1014,6.9629,25.98
2015-06-16,4.9402,7.0126,26.83
2015-06-17,3.4217,6.7735,26.32
2015-06-18,4.1854,7.0752,27.19
2015-06-19,5.1442,6.9487,27.26
2015-06-20,3.8952,6.8803,26.68
2015-06-21,3.827,6.9386,25.81
2015-06-22,4.1074,6.9269,26.08
2015-06-23,5.0009,6.9607,27.4
2015-06-24,5.5087,6.995,27.68
2015-06-25,5.3513,7.0385,27.41
2015-06-26,4.7254,7.0049,26.81
2015-06-27,4.7122,7.1167,26.56
2015-06-28,4.6846,6.8369,26.77
2015-06-29,3.5887,6.4966,26.39
2015-06-30,4.5574,6.8446,26.18
2015-07-01,5.2459,6.9924,26.92
2015-07-02,5.3642,7.055,26.77
2015-07-03,4.651,6.912,26.89
2015-07-04,4.4962,6.9538,26.8
2015-07-05,3.1337,6.9206,26.47
2015-07-06,3.6377,6.8532,26.22
2015-07-07,3.7598,6.8153,25.17
2015-07-08,4.1724,6.9425,25.04
2015-07-09,4.8178,6.9883,25.76
2015-07-10,3.9547,6.9446,25.55
2015-07-11,3.438,6.977,24.87
2015-07-12,3.5237,6.9756,25.31
2015-07-13,4.7503,7.0994,26.01
2015-07-14,4.2062,6.936,24.82
2015-07-15,3.3192,6.9432,25.07
2015-07-16,4.8173,6.9562,25.34
2015-07-17,3.9218,7.1278,25.1
2015-07-18,3.8554,6.9746,24.76
2015-07-19,4.266,6.8897,24.14
2015-07-20,4.7765,6.9708,25.01
2015-07-21,4.3822,6.9427,25.04
2015-07-22,3.2366,7.0001,25.36
2015-07-23,3.3864,6.9554,25.59
2015-07-24,5.8469,7.1647,25.67
2015-07-25,5.2651,7.121,27.0
2015-07-26,5.0726,7.0577,26.42
2015-07-27,3.6019,7.1232,25.76
2015-07-28,4.5794,6.9972,25.6
2015-07-29,4.8516,7.2283,25.57
2015-07-30,2.9407,7.067,24.98
2015-07-31,4.2293,6.8885,25.18
2015-08-01,4.5216,7.0582,24.99
2015-08-02,4.4705,7.11,25.87
2015-08-03,4.9774,7.1758,26.54
2015-08-04,4.9798,7.0642,26.72
2015-08-05,5.1276,7.1638,27.55
2015-08-06,5.3292,7.0442,27.01
2015-08-07,3.2899,7.0214,26.61
2015-08-08,3.282,7.0642,26.06
2015-08-09,2.8459,7.0742,23.72
2015-08-10,4.7393,7.1122,24.42
2015-08-11,4.2689,7.2197,25.16
2015-08-12,4.9238,7.2646,25.89
2015-08-13,2.6623,7.0668,25.81
2015-08-14,4.2139,7.1933,25.96
2015-08-15,3.9749,7.086,25.25
2015-08-16,4.259,7.103,26.09
2015-08-17,4.5679,7.1834,25.64
2015-08-18,5.621,7.2156,25.49
2015-08-19,5.1809,7.2317,26.2
2015-08-20,3.7541,7.2024,26.0
2015-08-21,4.5026,7.2166,26.13
2015-08-22,5.1458,7.0702,25.69
2015-08-23,4.1856,6.967,25.94
2015-08-24,3.691,7.0286,25.23
2015-08-25,4.5758,6.9026,25.03
2015-08-26,4.1662,7.0968,25.06
2015-08-27,4.4498,6.9454,25.31
2015-08-28,4.4134,7.1412,26.32
2015-08-29,4.3766,7.225,25.59
2015-08-30,4.9985,7.271,25.61
2015-08-31,4.6546,7.1806,25.79
2015-09-01,4.41,6.913,26.0
2015-09-02,5.2418,7.1467,25.42
2015-09-03,4.6243,7.1076,24.87
2015-09-04,4.9651,7.1945,25.95
2015-09-05,3.8266,7.2038,25.97
2015-09-06,4.7407,7.0692,25.53
2015-09-07,4.4261,6.9235,25.46
2015-09-08,4.4107,7.1539,25.27
2015-09-09,4.8175,7.1443,25.86
2015-09-10,3.6014,7.2084,24.66
2015-09-11,3.5052,7.1791,24.69
2015-09-12,4.6082,7.2163,25.88
2015-09-13,5.0364,7.3776,25.93
2015-09-14,4.1717,7.2782,26.04
2015-09-15,5.4497,7.2559,26.54
2015-09-16,4.1942,7.0716,26.19
2015-09-17,4.6435,7.0769,25.86
2015-09-18,3.0593,6.9881,26.0
2015-09-19,4.6841,7.0824,25.52
2015-09-20,3.7078,7.2581,25.91
2015-09-21,4.3567,7.1676,25.3
2015-09-22,4.3572,7.2686,25.32
2015-09-23,4.0524,7.1282,25.29
2015-09-24,4.6618,7.0949,25.38
2015-09-25,4.878,7.1964,25.8
2015-09-26,4.9973,7.0397,26.16
2015-09-27,5.0311,7.205,26.01
2015-09-28,5.0798,7.211,26.07
2015-09-29,4.6082,7.0829,25.74
2015-09-30,5.4775,6.9598,26.24
2015-10-01,3.8309,6.9065,24.65
2015-10-02,5.683,6.9876,25.75
2015-10-03,5.3251,6.9506,26.61
2015-10-04,4.2989,7.0231,25.68
2015-10-05,4.7671,7.0195,26.48
2015-10-06,3.5678,6.9504,25.67
2015-10-07,4.7621,6.8628,25.16
2015-10-08,4.2353,6.8671,25.65
2015-10-09,2.9434,6.9535,25.8
2015-10-10,4.2674,6.888,25.05
2015-10-11,4.2391,6.9444,24.68
2015-10-12,4.3894,6.6314,24.91
2015-10-13,4.2091,6.685,25.43
2015-10-14,4.1038,6.834,24.71
2015-10-15,4.3202,6.8306,25.21
2015-10-16,3.7423,6.7687,24.16
2015-10-17,4.9363,6.8952,24.98
2015-10-18,4.5938,6.9422,25.96
2015-10-19,5.2699,6.8808,26.02
2015-10-20,4.1484,6.8916,26.49
2015-10-21,5.1984,6.9218,25.9
2015-10-22,4.9219,6.8131,25.55
2015-10-23,3.0278,6.6235,25.63
2015-10-24,3.7426,6.5837,24.94
2015-10-25,3.9401,6.7841,25.23
2015-10-26,3.5112,6.7519,25.03
2015-10-27,4.0992,6.5892,25.15
2015-10-28,4.1578,6.6271,25.61
2015-10-29,4.4407,6.6847,25.32
2015-10-30,3.1538,6.6792,25.52
2015-10-31,4.4695,6.6694,25.41
2015-11-01,4.3594,6.6485,24.5
2015-11-02,4.4851,6.8383,24.27
2015-11-03,5.1036,6.7318,24.62
2015-11-04,4.5946,6.4073,25.15
2015-11-05,4.223,6.4685,25.06
2015-11-06,4.7026,6.4884,24.41
2015-11-07,4.0512,6.361,24.96
2015-11-08,3.8042,6.4411,24.82
2015-11-09,2.2884,6.4022,24.93
2015-11-10,4.4818,6.5232,25.84
2015-11-11,4.4095,6.5018,25.02
2015-11-12,4.1506,6.4793,25.91
2015-11-13,4.4765,6.5258,25.98
2015-11-14,3.4313,6.4925,25.86
2015-11-15,2.7943,6.499,26.18
2015-11-16,2.2243,6.36,25.09
2015-11-17,2.3662,6.4238,23.93
2015-11-18,3.5894,6.2242,24.22
2015-11-19,4.5485,6.3271,25.19
2015-11-20,4.3214,6.18,25.46
2015-11-21,3.6751,6.318,25.93
2015-11-22,3.6223,6.3701,26.33
2015-11-23,4.2415,6.2179,25.98
2015-11-24,3.4512,6.2431,25.95
2015-11-25,4.3342,6.2496,25.41
2015-11-26,4.0824,6.1762,25.2
2015-11-27,3.4553,6.1891,25.77
2015-11-28,3.7949,6.1663,26.13
2015-11-29,4.4844,6.2042,26.43
2015-11-30,3.2832,6.2928,26.66
2015-12-01,3.7397,6.2506,25.86
2015-12-02,4.0162,6.2198,26.68
2015-12-03,3.828,6.1363,25.8
2015-12-04,3.618,6.1738,25.71
2015-12-05,3.9329,6.1798,25.67
2015-12-06,4.4184,6.1874,26.0
2015-12-07,3.7025,6.2011,25.66
2015-12-08,3.607,6.1745,25.16
2015-12-09,3.8254,6.1255,25.93
2015-12-10,3.8501,6.1555,26.46
2015-12-11,3.6994,6.2002,26.49
2015-12-12,4.4374,6.1896,27.01
2015-12-13,1.6505,6.0828,25.38
2015-12-14,2.6935,6.095,25.07
2015-12-15,3.8069,5.8102,25.46
2015-12-16,3.3394,6.0252,26.05
2015-12-17,3.9521,5.9976,26.52
2015-12-18,2.9995,6.0158,25.78
2015-12-19,4.1726,6.0787,25.68
2015-12-20,3.8633,6.3151,26.27
2015-12-21,4.2696,6.1241,26.12
2015-12-22,4.4561,6.0547,26.66
2015-12-23,4.4558,6.1507,27.06
2015-12-24,4.6826,6.2086,26.55
2015-12-25,4.9397,6.281,27.12
2015-12-26,5.2457,6.2635,26.55
2015-12-27,4.7506,6.0946,26.52
2015-12-28,3.8875,6.0845,26.54
2015-12-29,3.7937,6.0211,26.23
2015-12-30,4.337,6.1577,27.29
2015-12-31,4.0042,6.1094,26.19
2016-01-01,3.8786,6.2047,26.0
2016-01-02,4.8982,6.1925,26.65
2016-01-03,4.6406,6.2395,26.68
2016-01-04,4.105,6.0994,26.19
2016-01-05,4.3438,6.2326,26.16
2016-01-06,4.0447,6.203,25.84
2016-01-07,3.9418,6.0881,26.11
2016-01-08,4.6795,6.246,25.96
2016-01-09,4.5209,6.1932,25.6
2016-01-10,5.119,6.139,25.44
2016-01-11,2.8894,5.6885,25.3
2016-01-12,4.1227,6.0406,25.78
2016-01-13,4.6092,6.0154,25.66
2016-01-14,4.4486,5.8008,25.5
2016-01-15,4.3574,6.3298,26.12
2016-01-16,4.6817,6.2074,25.7
2016-01-17,4.5922,6.2614,26.04
2016-01-18,4.475,6.2818,25.54
2016-01-19,4.6313,6.4015,25.73
2016-01-20,5.0107,6.3228,26.34
2016-01-21,3.7498,5.9498,25.71
2016-01-22,4.0032,6.1387,25.79
2016-01-23,3.2755,6.1937,25.33
2016-01-24,3.209,6.0583,24.89
2016-01-25,4.8684,6.2938,25.66
2016-01-26,4.3692,6.2906,26.15
2016-01-27,3.8038,6.3977,26.19
2016-01-28,3.8093,6.2952,25.85
2016-01-29,3.0564,6.1685,25.25
2016-01-30,4.9567,6.0617,25.44
2016-01-31,5.009,6.3847,25.36
2016-02-01,5.172,6.2282,25.88
2016-02-02,4.0025,6.2522,25.93
2016-02-03,4.338,6.1867,26.34
2016-02-04,4.4498,6.2628,25.96
2016-02-05,4.5326,6.3158,25.59
2016-02-06,4.4304,6.3991,26.04
2016-02-07,3.2621,6.2832,26.07
2016-02-08,3.679,6.0317,26.51
2016-02-09,3.1939,6.3173,26.88
2016-02-10,2.7103,6.4498,26.94
2016-02-11,4.2533,6.455,27.43
2016-02-12,4.5607,6.4898,27.2
2016-02-13,3.8582,6.5299,26.63
2016-02-14,3.9149,6.3602,27.13
2016-02-15,3.3926,6.385,27.88
2016-02-16,3.3406,6.6278,27.46
2016-02-17,3.4939,6.2746,26.16
2016-02-18,4.115,6.499,27.31
2016-02-19,4.3327,6.45,27.62
2016-02-20,3.84,6.2681,26.33
2016-02-21,3.3134,6.6427,26.72
2016-02-22,3.8474,6.4838,27.07
2016-02-23,3.5198,6.5047,27.71
2016-02-24,2.8766,6.3554,28.01
2016-02-25,3.294,6.5662,27.08
2016-02-26,4.296,6.4133,26.25
2016-02-27,3.3233,6.7282,26.84
2016-02-28,3.5827,6.6178,26.67
2016-02-29,3.1349,6.5525,26.82
2016-03-01,3.6646,6.437,27.21
2016-03-02,3.3125,5.5229,27.75
2016-03-03,3.3559,6.2254,27.35
2016-03-04,3.0655,6.4327,25.74
2016-03-05,3.6288,6.6209,26.56
2016-03-06,4.465,6.4039,26.46
2016-03-07,3.6446,6.287,26.69
2016-03-08,4.2415,6.5441,27.02
2016-03-09,4.7323,6.7373,28.54
2016-03-10,4.5192,6.5018,28.47
2016-03-11,4.6582,6.4457,28.66
2016-03-12,4.734,6.7471,28.33
2016-03-13,4.009,6.0485,27.38
2016-03-14,4.7119,5.556,26.86
2016-03-15,3.8594,6.3257,27.3
2016-03-16,2.063,5.6542,27.58
2016-03-17,2.9124,6.2882,27.21
2016-03-18,3.365,6.7519,27.95
2016-03-19,2.641,6.7246,28.05
2016-03-20,3.0492,6.9629,26.82
2016-03-21,3.1411,6.8002,27.5
2016-03-22,3.144,6.8052,28.38
2016-03-23,3.5974,6.7843,28.75
2016-03-24,3.6835,6.685,28.9
2016-03-25,5.1631,6.3722,29.4
2016-03-26,3.8359,6.4958,29.79
2016-03-27,3.8494,6.5616,29.84
2016-03-28,4.1208,6.1534,28.0
2016-03-29,4.4897,6.2194,28.64
2016-03-30,2.9182,5.815,27.14
2016-03-31,3.7397,6.3293,28.31
2016-04-01,3.6998,6.2842,28.92
2016-04-02,3.035,5.6102,28.18
2016-04-03,4.836,6.4262,28.17
2016-04-04,4.6327,7.0733,28.49
2016-04-05,4.0375,6.4711,27.55
2016-04-06,4.3334,6.7644,28.1
2016-04-07,2.9071,6.8777,27.45
2016-04-08,3.2633,7.1021,27.75
2016-04-09,3.427,6.9895,27.16
2016-04-10,3.2693,7.0956,26.55
2016-04-11,3.8033,6.7812,27.11
2016-04-12,2.9868,6.8712,25.85
2016-04-13,4.8778,6.8359,26.27
2016-04-14,4.9382,7.1148,27.1
2016-04-15,4.4306,7.2324,27.95
2016-04-16,3.9782,6.7538,27.24
2016-04-17,4.1474,7.1916,26.36
2016-04-18,4.5816,7.159,26.31
2016-04-19,2.6246,7.3133,27.33
2016-04-20,4.1563,7.3486,26.24
2016-04-21,4.3207,7.3294,26.57
2016-04-22,2.7391,7.1016,26.08
2016-04-23,3.1603,6.8616,26.76
2016-04-24,1.5499,7.0159,25.61
2016-04-25,4.7926,7.229,26.7
2016-04-26,4.2499,7.3786,25.43
2016-04-27,4.1786,7.0502,25.71
2016-04-28,4.1616,6.8892,25.36
2016-04-29,4.6915,7.2374,26.99
2016-04-30,3.491,7.1534,26.0
2016-05-01,4.2559,7.0822,26.18
2016-05-02,4.483,7.0063,24.95
2016-05-03,4.9865,7.0625,25.12
2016-05-04,4.2079,6.9312,26.04
2016-05-05,4.1527,6.9672,26.05
2016-05-06,1.6056,7.2754,25.86
2016-05-07,4.561,7.092,26.54
2016-05-08,3.7226,7.1777,26.31
2016-05-09,3.853,7.1717,25.63
2016-05-10,3.0778,7.0387,25.58
2016-05-11,5.231,7.0226,26.58
2016-05-12,4.757,7.1935,26.46
2016-05-13,4.0438,7.0186,26.25
2016-05-14,2.664,7.0373,26.62
2016-05-15,4.8641,7.1302,27.14
2016-05-16,4.0356,7.2821,26.78
2016-05-17,4.6598,7.169,26.61
2016-05-18,3.9934,7.0111,26.81
2016-05-19,4.3109,6.9708,26.59
2016-05-20,3.8282,7.1503,26.58
2016-05-21,4.3044,6.7766,26.57
2016-05-22,4.0517,7.1897,26.55
2016-05-23,4.1462,7.1779,26.52
2016-05-24,3.173,7.122,26.63
2016-05-25,3.6139,6.9648,26.25
2016-05-26,4.7482,6.9667,26.78
2016-05-27,3.57,6.9542,26.2
2016-05-28,4.117,7.1861,25.69
2016-05-29,2.1425,7.0476,25.11
2016-05-30,4.4911,6.8774,25.74
2016-05-31,4.7249,7.0034,26.04
2016-06-01,1.7654,6.953,25.27
2016-06-02,4.5713,7.0373,24.54
2016-06-03,3.7454,6.9451,24.2
2016-06-04,5.4718,7.163,25.9
2016-06-05,4.807,7.1674,26.41
2016-06-06,4.7215,7.1222,26.06
2016-06-07,4.0229,7.038,24.7
2016-06-08,5.1554,6.9403,25.87
2016-06-09,4.7162,6.9869,25.93
2016-06-10,4.6231,6.913,24.75
2016-06-11,4.5084,7.0872,24.0
2016-06-12,5.3263,7.0716,25.45
2016-06-13,4.0046,7.0963,25.12
2016-06-14,4.0018,6.8866,25.12
2016-06-15,3.6509,6.8323,25.55
2016-06-16,5.0441,6.9804,26.49
2016-06-17,4.7335,7.0565,26.07
2016-06-18,4.5019,7.045,25.55
2016-06-19,4.0099,6.7032,25.81
2016-06-20,4.0512,6.9053,25.09
2016-06-21,4.0085,7.0097,25.3
2016-06-22,4.8005,6.8208,25.75
2016-06-23,4.8869,6.8916,26.23
2016-06-24,2.3146,6.937,25.55
2016-06-25,4.5084,7.0111,24.84
2016-06-26,4.524,6.9586,24.84
2016-06-27,5.1348,7.0039,26.03
2016-06-28,4.9394,7.0152,26.21
2016-06-29,4.5182,7.0116,26.91
2016-06-30,4.0222,6.8191,26.84
2016-07-01,4.1088,6.9427,25.49
2016-07-02,3.9626,6.9586,25.54
2016-07-03,4.0862,6.6996,25.98
2016-07-04,4.4974,6.9898,26.58
2016-07-05,3.9715,6.949,26.34
2016-07-06,4.9282,7.1016,26.2
2016-07-07,4.6735,7.0639,26.19
2016-07-08,4.6675,6.9046,26.96
2016-07-09,4.5766,7.0975,26.83
2016-07-10,4.147,7.0219,25.69
2016-07-11,4.3658,6.9806,25.84
2016-07-12,4.5842,6.9113,25.46
2016-07-13,3.8753,6.9948,25.75
2016-07-14,4.7515,6.9324,25.23
2016-07-15,4.1626,7.0591,24.72
2016-07-16,3.4505,6.762,25.49
2016-07-17,4.7813,6.9055,24.45
2016-07-18,4.752,6.8311,24.57
2016-07-19,4.4971,7.019,25.1
2016-07-20,4.2214,7.0738,25.56
2016-07-21,3.6406,6.9439,25.69
2016-07-22,5.6376,6.9883,25.98
2016-07-23,3.7042,6.9653,23.95
2016-07-24,4.6613,6.8628,24.25
2016-07-25,5.5176,7.0382,24.73
2016-07-26,4.3082,7.2002,26.36
2016-07-27,4.1266,7.075,26.25
2016-07-28,5.1269,7.0973,25.39
2016-07-29,4.2862,7.11,25.47
2016-07-30,3.1478,7.0241,25.06
2016-07-31,4.819,7.2168,25.59
2016-08-01,4.6505,7.157,25.5
2016-08-02,4.6044,7.0488,24.93
2016-08-03,4.3205,7.0824,24.97
2016-08-04,3.6132,6.7553,24.67
2016-08-05,4.8977,7.0212,25.79
2016-08-06,4.3327,7.1014,27.19
2016-08-07,5.407,7.1856,26.4
2016-08-08,4.573,7.1453,26.13
2016-08-09,4.7134,7.0538,25.88
2016-08-10,4.8137,7.1167,25.58
2016-08-11,4.7016,7.0644,25.37
2016-08-12,4.909,7.2139,25.05
2016-08-13,4.7105,7.1854,25.48
2016-08-14,3.8659,7.2422,25.7
2016-08-15,4.6099,7.1825,25.09
2016-08-16,4.295,7.357,25.79
2016-08-17,4.3786,7.1597,26.61
2016-08-18,3.6744,7.2811,26.21
2016-08-19,5.1156,7.23,25.65
2016-08-20,5.0515,7.3342,25.61
2016-08-21,4.8178,7.2948,26.16
2016-08-22,4.5146,7.2017,26.02
2016-08-23,4.9034,7.2953,25.57
2016-08-24,5.263,7.2269,25.88
2016-08-25,4.3351,7.1357,24.58
2016-08-26,3.474,7.0786,22.46
2016-08-27,5.0666,7.2864,24.67
2016-08-28,4.7719,7.1362,24.99
2016-08-29,4.7333,7.1909,26.11
2016-08-30,5.6383,7.3651,24.96
2016-08-31,4.6229,7.151,24.77
2016-09-01,3.9698,7.4179,24.14
2016-09-02,4.6344,7.0728,24.8
2016-09-03,4.903,7.1854,25.85
2016-09-04,4.9272,7.2415,25.22
2016-09-05,4.9164,7.169,24.6
2016-09-06,4.3764,7.2794,24.4
2016-09-07,3.5011,7.1006,24.54
2016-09-08,5.5332,7.0632,25.36
2016-09-09,3.9739,7.1933,25.55
2016-09-10,4.5346,7.1561,24.75
2016-09-11,4.4779,7.2122,25.39
2016-09-12,4.4527,7.2857,23.21
2016-09-13,5.1257,7.14,24.74
2016-09-14,4.807,7.1491,24.72
2016-09-15,4.2854,7.416,25.03
2016-09-16,5.3362,7.3296,25.73
2016-09-17,4.9241,7.3906,26.28
2016-09-18,4.8564,7.1671,25.8
2016-09-19,4.3738,7.0932,25.72
2016-09-20,4.5758,7.1978,25.28
2016-09-21,3.6682,7.3001,24.69
2016-09-22,4.6198,7.0716,24.22
2016-09-23,4.3846,7.1842,25.55
2016-09-24,3.6727,7.1098,25.47
2016-09-25,4.5487,7.1458,25.07
2016-09-26,4.3937,7.0075,24.65
2016-09-27,4.3368,7.1081,25.0
2016-09-28,4.6634,7.0507,25.89
2016-09-29,4.8394,7.0853,25.81
2016-09-30,5.6244,7.0433,25.4
2016-10-01,4.9154,7.1062,24.78
2016-10-02,4.8379,7.0176,24.94
2016-10-03,5.0484,7.0625,25.37
2016-10-04,5.4912,7.1453,25.42
2016-10-05,4.7287,7.1208,25.54
2016-10-06,4.1626,7.1436,24.88
2016-10-07,4.6992,7.0214,24.54
2016-10-08,5.1434,7.0709,24.64
2016-10-09,4.4758,6.9034,24.8
2016-10-10,3.8832,6.8772,24.25
2016-10-11,4.3226,6.8902,25.06
2016-10-12,3.757,6.9559,24.79
2016-10-13,4.0474,6.9677,25.21
2016-10-14,4.5175,6.9912,25.37
2016-10-15,4.3522,7.0721,25.5
2016-10-16,5.0986,6.8933,24.58
2016-10-17,4.625,6.8158,24.67
2016-10-18,2.6446,7.1354,24.86
2016-10-19,5.2738,6.9619,25.27
2016-10-20,4.9656,6.8722,25.63
2016-10-21,2.7713,6.9931,25.13
2016-10-22,4.4482,6.805,24.57
2016-10-23,4.6606,6.7277,24.88
2016-10-24,3.4927,6.7903,25.08
2016-10-25,4.0447,6.7788,25.34
2016-10-26,3.8083,7.0301,24.91
2016-10-27,5.0942,6.81,25.57
2016-10-28,4.5684,6.7615,25.35
2016-10-29,4.0694,6.5983,25.06
2016-10-30,3.8981,6.6305,25.18
2016-10-31,2.7929,6.5417,24.46
2016-11-01,4.6613,6.7025,24.36
2016-11-02,4.6781,6.8537,24.82
2016-11-03,5.2469,6.8083,25.02
2016-11-04,4.487,6.7601,25.25
2016-11-05,4.1801,6.7759,25.28
2016-11-06,3.3182,6.517,24.7
2016-11-07,4.6236,6.3984,25.3
2016-11-08,4.0481,6.5525,24.94
2016-11-09,4.4664,6.6319,25.71
2016-11-10,3.1085,6.408,25.84
2016-11-11,3.5765,6.3876,25.19
2016-11-12,3.649,6.4248,25.06
2016-11-13,4.9654,6.39,24.91
2016-11-14,4.1964,6.4687,24.98
2016-11-15,5.0429,6.385,24.48
2016-11-16,4.7746,6.6017,24.51
2016-11-17,4.7196,6.5724,24.19
2016-11-18,4.2902,6.5126,24.01
2016-11-19,4.1974,6.4795,23.57
2016-11-20,4.6248,6.6216,24.32
2016-11-21,5.9935,6.6274,24.79
2016-11-22,5.8886,6.571,25.15
2016-11-23,4.3027,6.402,25.37
2016-11-24,3.9941,6.3386,24.67
2016-11-25,3.227,6.337,24.72
2016-11-26,4.3913,6.2335,25.05
2016-11-27,4.0982,6.3288,24.01
2016-11-28,4.3344,6.4963,25.3
2016-11-29,4.1047,6.3454,24.24
2016-11-30,3.9019,6.3082,24.95
2016-12-01,3.641,6.3209,24.67
2016-12-02,3.0187,6.2544,24.92
2016-12-03,4.153,6.0758,24.11
2016-12-04,3.937,6.1282,24.58
2016-12-05,3.5633,6.174,25.38
2016-12-06,4.2214,6.0674,25.11
2016-12-07,3.8191,6.0636,23.83
2016-12-08,3.7771,5.9726,24.2
2016-12-09,4.6231,6.1829,24.08
2016-12-10,4.8554,6.2095,25.29
2016-12-11,4.5281,6.247,24.62
2016-12-12,3.7039,6.2993,25.48
2016-12-13,4.0531,6.2033,25.66
2016-12-14,3.7066,6.2201,25.92
2016-12-15,3.6946,6.1027,25.64
2016-12-16,3.9139,6.0535,25.86
2016-12-17,4.2024,6.1037,26.13
2016-12-18,3.935,6.2134,26.12
2016-12-19,4.7858,6.2386,25.54
2016-12-20,5.3438,6.3535,24.62
2016-12-21,3.9182,6.157,25.06
2016-12-22,4.9044,6.2906,24.82
2016-12-23,4.3894,6.1992,24.8
2016-12-24,3.5218,5.9664,25.53
2016-12-25,3.8102,6.1138,24.78
2016-12-26,3.2952,6.1606,24.17
2016-12-27,3.3298,6.1915,24.26
2016-12-28,4.1842,6.2398,25.44
2016-12-29,3.6559,6.145,25.53
2016-12-30,2.1739,5.9791,25.5
2016-12-31,3.7646,5.8894,26.03
2017-01-01,3.7344,6.2078,26.39
2017-01-02,3.8054,6.2815,26.34
2017-01-03,3.27,6.2155,25.87
2017-01-04,3.2028,6.2285,25.91
2017-01-05,3.5866,6.0751,25.58
2017-01-06,2.6131,6.0737,25.44
2017-01-07,3.666,6.1303,25.64
2017-01-08,2.0006,5.7696,24.77
2017-01-09,2.8606,5.8178,24.48
2017-01-10,5.2248,6.3322,25.04
2017-01-11,4.2494,6.3734,24.06
2017-01-12,4.1119,6.1625,24.25
2017-01-13,4.2389,6.145,24.99
2017-01-14,4.2665,6.1097,24.28
2017-01-15,4.6246,6.3276,24.13
2017-01-16,4.9591,6.2458,24.54
2017-01-17,4.7664,6.2482,24.91
2017-01-18,4.807,6.1531,24.94
2017-01-19,4.7993,6.3434,24.94
2017-01-20,5.0606,6.3542,24.77
2017-01-21,5.525,6.4334,24.41
2017-01-22,5.8128,6.7327,24.24
2017-01-23,5.5598,6.8796,24.02
2017-01-24,4.77,6.587,24.0
2017-01-25,4.4441,6.3686,23.64
2017-01-26,4.7052,6.4255,25.54
2017-01-27,4.553,6.2911,26.2
2017-01-28,3.8995,6.2813,25.51
2017-01-29,2.8601,6.3852,25.64
2017-01-30,3.5887,6.2995,25.11
2017-01-31,4.1254,6.2155,25.73
2017-02-01,4.1827,6.3982,25.99
2017-02-02,5.0491,6.5438,24.99
2017-02-03,3.8508,6.5352,26.0
2017-02-04,4.4198,6.6187,26.55
2017-02-05,5.2373,6.7219,26.91
2017-02-06,4.6378,6.7327,26.99
2017-02-07,4.4294,6.7162,26.84
2017-02-08,4.4902,6.5698,26.57
2017-02-09,4.3042,6.5794,26.95
2017-02-10,5.4799,6.5172,26.3
2017-02-11,5.6736,6.7541,25.06
2017-02-12,5.663,6.8858,25.59
2017-02-13,5.8087,6.9852,25.47
2017-02-14,6.3204,7.1218,25.54
2017-02-15,5.8246,7.109,25.47
2017-02-16,5.7564,7.0891,24.89
2017-02-17,5.9436,6.9821,24.89
2017-02-18,6.0554,7.0534,24.85
2017-02-19,5.3126,6.9072,25.53
2017-02-20,5.2975,6.9281,25.57
2017-02-21,4.4798,7.0805,25.26
2017-02-22,5.951,7.1683,24.7
2017-02-23,6.205,7.157,25.2
2017-02-24,5.957,7.1825,25.22
2017-02-25,6.2294,6.9797,25.22
2017-02-26,5.6086,6.8309,25.54
2017-02-27,4.4146,6.6276,26.11
2017-02-28,5.0129,6.6991,26.35
2017-03-01,5.1329,6.924,26.5
2017-03-02,4.8557,6.8832,26.46
2017-03-03,3.5438,6.883,25.81
2017-03-04,3.7788,6.8827,27.0
2017-03-05,4.5367,6.7891,26.99
2017-03-06,4.4422,6.8446,25.95
2017-03-07,3.6979,7.0212,25.85
2017-03-08,3.4884,7.0241,26.01
2017-03-09,4.3598,7.1282,26.26
2017-03-10,2.8894,7.1383,26.82
2017-03-11,4.3327,6.9286,25.66
2017-03-12,3.7279,7.0183,24.7
2017-03-13,4.9694,7.0519,25.74
2017-03-14,3.0996,7.1369,25.36
2017-03-15,2.5783,7.014,25.34
2017-03-16,5.365,7.1107,25.67
2017-03-17,4.8062,7.1448,26.0
2017-03-18,4.279,6.9586,25.48
2017-03-19,4.008,6.623,24.88
2017-03-20,5.4811,6.9715,24.63
2017-03-21,4.8305,6.9211,25.26
2017-03-22,3.618,6.8196,24.67
2017-03-23,2.0153,6.9919,23.8
2017-03-24,4.0289,7.0229,25.02
2017-03-25,4.7594,7.0409,25.27
2017-03-26,4.0226,7.2154,24.88
2017-03-27,5.3179,7.2475,25.76
2017-03-28,4.8984,7.4038,25.96
2017-03-29,3.7226,7.043,24.82
2017-03-30,3.9187,7.0325,25.47
2017-03-31,4.3783,7.1011,25.83
2017-04-01,4.3114,7.1314,25.62
2017-04-02,4.9534,7.2876,27.35
2017-04-03,4.667,7.3848,27.88
2017-04-04,5.047,7.2718,26.82
2017-04-05,4.584,7.171,26.72
2017-04-06,5.214,7.123,27.65
2017-04-07,4.5084,6.863,26.3
2017-04-08,3.8765,6.9084,25.61
2017-04-09,4.338,6.9461,25.27
2017-04-10,5.4017,7.1885,25.55
2017-04-11,5.0897,7.3366,25.56
2017-04-12,4.6361,7.1004,26.03
2017-04-13,4.025,7.1623,26.31
2017-04-14,2.9592,7.1551,25.99
2017-04-15,5.0362,7.2113,26.9
2017-04-16,4.925,7.1844,25.93
2017-04-17,2.8046,6.7913,26.68
2017-04-18,4.3236,7.0164,26.12
2017-04-19,3.0103,7.2516,25.69
2017-04-20,4.1434,7.1441,25.29
2017-04-21,6.1358,7.3308,26.29
2017-04-22,5.4734,7.333,26.88
2017-04-23,4.2862,7.3241,26.29
2017-04-24,3.9634,7.2698,26.03
2017-04-25,4.1347,7.1376,26.41
2017-04-26,1.2334,7.1417,26.22
2017-04-27,6.5974,7.2878,25.66
2017-04-28,4.9692,7.1306,25.66
2017-04-29,3.7464,7.2053,25.87
2017-04-30,2.8505,7.1621,26.13
2017-05-01,3.9881,6.953,25.5
2017-05-02,4.7165,7.1314,25.32
2017-05-03,4.2492,7.091,25.16
2017-05-04,4.4141,7.1765,26.47
2017-05-05,3.4997,7.1311,25.4
2017-05-06,4.7218,7.3102,24.78
2017-05-07,5.562,7.2502,24.37
2017-05-08,4.9867,7.0445,25.16
2017-05-09,2.9222,7.2247,24.6
2017-05-10,4.759,7.1998,24.62
2017-05-11,4.7256,7.1513,25.24
2017-05-12,3.6031,6.9902,25.89
2017-05-13,4.3166,7.0214,26.17
2017-05-14,5.2378,7.0392,26.97
2017-05-15,4.8838,7.1767,26.03
2017-05-16,5.2824,7.1654,25.9
2017-05-17,5.0086,6.9401,25.07
2017-05-18,4.5053,7.1203,26.14
2017-05-19,4.6675,7.2629,26.43
2017-05-20,3.7596,7.3296,25.46
2017-05-21,4.6358,7.1566,24.89
2017-05-22,4.5478,6.9034,25.07
2017-05-23,4.4868,7.0841,25.94
2017-05-24,4.0277,6.893,26.95
2017-05-25,4.1813,7.0956,26.37
2017-05-26,3.2688,7.1726,25.67
2017-05-27,4.1412,6.9914,25.64
2017-05-28,4.5646,6.9821,25.79
2017-05-29,3.7884,7.205,25.28
2017-05-30,4.3666,7.1167,25.48
2017-05-31,3.6794,7.2754,26.19
2017-06-01,4.4366,6.9367,26.39
2017-06-02,4.0596,6.9703,27.33
2017-06-03,4.4342,7.0778,27.66
2017-06-04,3.9038,7.038,26.61
2017-06-05,3.8736,6.923,26.52
2017-06-06,4.8108,7.0159,27.63
2017-06-07,3.1572,7.1002,25.94
2017-06-08,2.7341,6.9398,24.4
2017-06-09,4.4388,6.6617,25.64
2017-06-10,4.6634,6.9504,25.93
2017-06-11,4.2739,7.105,25.9
2017-06-12,4.2233,6.9797,25.82
2017-06-13,5.2298,7.0738,25.14
2017-06-14,5.1394,7.0349,25.89
2017-06-15,4.3087,6.8729,24.6
2017-06-16,4.6306,7.1261,23.94
2017-06-17,4.2041,6.9115,24.32
2017-06-18,4.9315,6.864,24.15
2017-06-19,4.7407,6.9818,25.55
2017-06-20,3.6108,6.9485,25.87
2017-06-21,3.8546,6.9828,24.95
2017-06-22,4.1604,6.8009,25.19
2017-06-23,4.2154,6.9624,25.26
2017-06-24,4.9514,6.9823,26.0
2017-06-25,4.6274,6.791,25.8
2017-06-26,4.2778,6.8525,24.41
2017-06-27,4.3764,7.0162,23.8
2017-06-28,4.1942,6.9528,25.52
2017-06-29,5.2027,7.087,26.49
2017-06-30,5.5891,7.0894,25.67
2017-07-01,4.6356,7.021,26.81
2017-07-02,5.1677,7.2511,26.14
2017-07-03,4.6987,6.9434,26.01
2017-07-04,4.7345,6.9,26.2
2017-07-05,4.685,7.1071,26.46
2017-07-06,4.9147,7.104,25.53
2017-07-07,4.5175,7.1794,25.19
2017-07-08,4.7256,7.009,25.83
2017-07-09,3.8318,7.0927,25.65
2017-07-10,4.0318,6.9581,25.31
2017-07-11,4.073,6.9432,23.59
2017-07-12,4.9865,6.894,25.08
2017-07-13,4.0903,7.1038,26.21
2017-07-14,4.4772,7.1126,25.55
2017-07-15,4.3882,6.9528,24.22
2017-07-16,5.5414,7.0385,24.68
2017-07-17,5.3606,6.9679,25.74
2017-07-18,3.9526,7.1868,25.08
2017-07-19,5.0506,6.9768,25.38
2017-07-20,4.7407,7.0999,24.89
2017-07-21,4.1628,7.1309,25.96
2017-07-22,4.5571,7.1616,25.48
2017-07-23,4.3658,7.0706,25.64
2017-07-24,4.578,7.0606,25.81
2017-07-25,4.4789,7.1006,25.68
2017-07-26,5.1403,6.9953,25.95
2017-07-27,4.6838,6.8698,26.25
2017-07-28,4.283,7.0262,25.53
2017-07-29,4.4014,7.0838,25.29
2017-07-30,3.107,7.0634,24.49
2017-07-31,3.5395,7.1705,24.24
2017-08-01,4.6176,7.2089,25.22
2017-08-02,5.1511,7.0351,25.78
2017-08-03,5.0196,7.1998,26.72
2017-08-04,5.0532,6.9041,25.79
2017-08-05,4.9351,6.8638,24.97
2017-08-06,4.603,7.1388,25.94
2017-08-07,4.4794,7.1945,25.58
2017-08-08,4.6697,7.109,25.61
2017-08-09,3.9235,7.0932,26.21
2017-08-10,5.0998,6.9497,25.47
2017-08-11,4.4978,7.163,25.5
2017-08-12,4.7093,7.1801,24.84
2017-08-13,4.7868,7.2134,24.92
2017-08-14,4.6042,7.2756,25.62
2017-08-15,5.0868,7.1962,25.93
2017-08-16,5.3683,7.1078,25.65
2017-08-17,4.5979,7.2686,25.88
2017-08-18,4.721,7.1962,25.57
2017-08-19,3.8496,7.3637,24.87
2017-08-20,4.4208,7.1746,23.9
2017-08-21,4.8098,7.1966,25.85
2017-08-22,4.7078,7.2701,26.53
2017-08-23,5.016,7.2703,24.83
2017-08-24,5.31,7.1122,24.1
2017-08-25,4.5223,7.267,25.23
2017-08-26,3.8806,7.2494,25.87
2017-08-27,5.4624,7.2038,25.78
2017-08-28,4.1095,7.0778,24.66
2017-08-29,4.6802,7.1974,25.18
2017-08-30,4.369,7.3538,24.39
2017-08-31,5.0518,7.285,25.77
2017-09-01,5.7221,7.3826,26.75
2017-09-02,3.5402,7.3123,26.03
2017-09-03,4.1578,7.0908,25.09
2017-09-04,4.1234,7.4376,26.03
2017-09-05,5.471,7.3106,26.19
2017-09-06,4.3678,7.2655,25.81
2017-09-07,4.8622,7.1381,25.71
2017-09-08,4.368,7.1818,25.11
2017-09-09,4.002,7.4573,24.3
2017-09-10,5.358,7.237,24.49
2017-09-11,4.7897,7.2886,26.12
2017-09-12,5.0597,7.2734,25.02
2017-09-13,3.6377,7.1354,24.78
2017-09-14,4.285,7.033,24.92
2017-09-15,4.2761,7.1525,24.46
2017-09-16,4.818,7.2367,25.59
2017-09-17,4.0459,7.0802,24.68
2017-09-18,5.1286,7.2019,25.49
2017-09-19,5.3242,7.2494,25.48
2017-09-20,5.3935,7.385,25.13
2017-09-21,4.6562,7.1167,26.2
2017-09-22,4.5389,7.0277,25.71
2017-09-23,4.2228,7.093,25.14
2017-09-24,5.2786,7.1047,25.12
2017-09-25,4.5026,7.0709,24.38
2017-09-26,5.261,7.193,24.14
2017-09-27,4.8662,7.1909,25.08
2017-09-28,2.423,7.1611,25.34
2017-09-29,5.3662,7.313,25.09
2017-09-30,3.6634,7.32,24.72
2017-10-01,4.649,7.0126,24.22
2017-10-02,5.6647,7.2655,24.47
2017-10-03,5.1466,7.1258,24.37
2017-10-04,4.849,7.3025,24.77
2017-10-05,2.7866,6.9859,23.81
2017-10-06,3.9341,7.1938,23.39
2017-10-07,5.5687,7.1016,25.56
2017-10-08,5.3959,7.0054,26.15
2017-10-09,1.8722,7.0294,25.35
2017-10-10,6.1457,7.0596,25.25
2017-10-11,4.8722,7.0231,25.75
2017-10-12,5.1442,7.0037,25.88
2017-10-13,4.5914,6.9382,26.15
2017-10-14,4.8972,6.8594,25.62
2017-10-15,4.38,6.6768,25.47
2017-10-16,4.374,6.8676,26.0
2017-10-17,4.7345,6.9077,26.98
2017-10-18,5.2402,6.9029,26.76
2017-10-19,4.535,6.7855,26.31
2017-10-20,4.6346,6.8431,26.32
2017-10-21,4.3594,6.9031,25.52
2017-10-22,5.1809,6.7939,26.03
2017-10-23,3.4735,6.8724,25.51
2017-10-24,1.7575,6.9545,24.72
2017-10-25,4.2626,6.7241,24.86
2017-10-26,5.413,6.6742,25.01
2017-10-27,4.1174,6.7994,24.84
2017-10-28,3.9838,6.756,24.36
2017-10-29,4.463,6.8419,24.49
2017-10-30,4.0745,6.7661,25.04
2017-10-31,4.9387,6.6746,25.53
2017-11-01,4.5384,6.6473,26.43
2017-11-02,4.782,6.762,26.25
2017-11-03,4.7009,6.6348,24.82
2017-11-04,5.0098,6.7346,25.01
2017-11-05,4.615,6.7054,24.24
2017-11-06,4.5314,6.6533,25.21
2017-11-07,4.0898,6.7066,25.3
2017-11-08,3.703,6.4042,24.89
2017-11-09,4.4119,6.5568,24.55
2017-11-10,4.5936,6.6214,25.28
2017-11-11,3.936,6.4601,25.75
2017-11-12,3.9154,6.5842,25.6
2017-11-13,2.3796,6.5251,24.79
2017-11-14,3.5681,6.3499,24.39
2017-11-15,3.6005,6.738,22.6
2017-11-16,4.1098,6.4375,24.03
2017-11-17,4.111,6.5131,24.43
2017-11-18,4.1988,6.499,24.55
2017-11-19,4.8766,6.493,24.8
2017-11-20,4.3418,6.3204,24.8
2017-11-21,3.6622,6.5083,25.11
2017-11-22,4.3454,6.3338,24.79
2017-11-23,3.977,6.4025,25.3
2017-11-24,4.1587,6.1416,24.28
2017-11-25,4.5482,6.3046,25.32
2017-11-26,3.306,6.2105,25.57
2017-11-27,3.1145,6.0751,25.14
2017-11-28,3.6389,6.1879,25.59
2017-11-29,3.4882,6.2489,25.68
2017-11-30,3.5539,6.0108,24.46
2017-12-01,2.911,6.1284,24.77
2017-12-02,4.1623,6.2275,25.46
2017-12-03,3.9701,6.2729,25.74
2017-12-04,4.3404,6.2472,26.07
2017-12-05,3.5366,6.3878,26.63
2017-12-06,3.9566,6.3823,26.09
2017-12-07,3.6595,6.3113,25.91
2017-12-08,2.0434,6.229,25.23
2017-12-09,4.6685,6.2827,25.19
2017-12-10,4.5626,6.1651,25.05
2017-12-11,4.1059,6.1284,25.28
2017-12-12,4.482,6.149,24.09
2017-12-13,5.3549,6.3979,24.17
2017-12-14,5.213,6.503,24.77
2017-12-15,4.4681,6.2647,25.87
2017-12-16,4.4866,6.1826,26.22
2017-12-17,5.425,6.283,25.4
2017-12-18,5.8294,6.2321,25.27
2017-12-19,5.5776,6.3691,25.37
2017-12-20,5.208,6.325,25.78
2017-12-21,4.6973,6.1819,25.88
2017-12-22,4.1189,6.15,25.98
2017-12-23,4.5062,6.1382,25.96
2017-12-24,3.7428,6.0336,25.78
2017-12-25,3.1894,6.174,25.62
2017-12-26,4.3114,6.2198,25.44
2017-12-27,3.3797,6.1891,25.35
2017-12-28,2.7437,5.9314,25.11
2017-12-29,4.4842,6.1716,24.39
2017-12-30,4.0394,6.1858,24.76
2017-12-31,3.7946,6.1781,24.16
2018-01-01,4.363,6.2506,25.08
2018-01-02,5.1962,6.2107,23.91
2018-01-03,4.1669,6.2011,23.92
2018-01-04,4.8797,6.3278,24.99
2018-01-05,4.806,6.3137,24.68
2018-01-06,4.8211,6.287,24.92
2018-01-07,5.2051,6.2969,25.36
2018-01-08,3.8544,6.305,24.49
2018-01-09,2.6066,6.289,24.45
2018-01-10,5.8452,6.4046,24.18
2018-01-11,4.2636,6.2789,25.19
2018-01-12,3.0362,6.2882,23.49
2018-01-13,3.079,6.1656,23.78
2018-01-14,3.6739,6.1514,23.85
2018-01-15,3.737,6.3216,24.33
2018-01-16,3.6564,6.2371,24.73
2018-01-17,4.0934,6.1392,24.08
2018-01-18,3.8323,5.9868,23.84
2018-01-19,3.5618,6.1253,24.16
2018-01-20,4.1604,6.4642,25.84
2018-01-21,4.0474,6.4277,25.43
2018-01-22,3.6797,6.487,24.5
2018-01-23,2.8222,6.312,24.68
2018-01-24,4.1064,6.5078,25.85
2018-01-25,4.2646,6.5275,25.76
2018-01-26,5.1031,6.5297,26.07
2018-01-27,4.9918,6.4954,25.78
2018-01-28,5.1048,6.432,26.05
2018-01-29,3.6,6.5614,26.27
2018-01-30,3.9972,6.5911,26.31
2018-01-31,5.0136,6.6002,26.51
2018-02-01,5.2094,6.5167,26.33
2018-02-02,4.0956,6.4003,25.79
2018-02-03,4.5022,6.4212,25.17
2018-02-04,4.5986,6.4224,25.13
2018-02-05,4.3318,6.5203,25.23
2018-02-06,5.1262,6.5938,25.36
2018-02-07,5.4185,6.8141,25.66
2018-02-08,5.8807,6.7961,25.21
2018-02-09,6.0178,6.8081,25.76
2018-02-10,4.7654,6.6406,26.0
2018-02-11,4.1988,6.8654,25.82
2018-02-12,4.6253,6.5635,26.34
2018-02-13,5.2966,6.6761,25.67
2018-02-14,4.8113,6.7594,25.19
2018-02-15,5.4134,6.7651,25.68
2018-02-16,4.675,6.703,25.71
2018-02-17,4.5686,6.5093,26.02
2018-02-18,5.4252,6.87,26.14
2018-02-19,5.7367,6.9634,25.85
2018-02-20,5.5735,6.8023,25.78
2018-02-21,6.1433,6.8842,25.16
2018-02-22,5.8697,6.8606,25.44
2018-02-23,5.6633,6.8489,25.49
2018-02-24,5.6491,7.026,25.44
2018-02-25,6.2112,7.1594,25.26
2018-02-26,6.047,7.2377,25.42
2018-02-27,5.959,7.2206,25.0
2018-02-28,5.9035,7.2014,24.27
2018-03-01,5.9033,7.2269,25.06
2018-03-02,5.4504,6.8263,25.62
2018-03-03,4.033,6.7651,25.0
2018-03-04,3.9218,6.9418,24.32
2018-03-05,5.371,6.9924,23.94
2018-03-06,4.6742,6.8645,24.6
2018-03-07,4.0589,6.9538,25.98
2018-03-08,3.1939,7.026,26.37
2018-03-09,3.6425,7.1081,25.22
2018-03-10,3.943,7.2298,26.96
2018-03-11,5.1259,7.3265,27.47
2018-03-12,4.543,7.1258,27.19
2018-03-13,3.1783,6.925,26.71
2018-03-14,3.451,7.0366,25.78
2018-03-15,4.1522,6.8726,26.27
2018-03-16,3.6329,6.9259,26.61
2018-03-17,4.2422,6.8594,26.74
2018-03-18,4.0627,6.7783,25.88
2018-03-19,4.0702,6.6979,25.37
2018-03-20,2.9657,6.7018,24.9
2018-03-21,3.911,6.7577,26.0
2018-03-22,2.6268,6.5465,26.53
2018-03-23,5.0093,6.9187,26.31
2018-03-24,4.8718,6.8899,27.46
2018-03-25,5.3597,7.1803,27.48
2018-03-26,4.9447,7.0603,27.51
2018-03-27,4.4585,6.977,27.45
2018-03-28,4.7438,6.7565,27.17
2018-03-29,4.2209,6.977,28.04
2018-03-30,4.6738,7.1057,27.4
2018-03-31,4.4246,7.1599,25.65
2018-04-01,3.6271,7.1342,25.24
2018-04-02,3.6362,7.0049,25.62
2018-04-03,4.2389,6.9847,25.21
2018-04-04,5.0954,6.9223,26.3
2018-04-05,5.1653,7.1861,25.96
2018-04-06,5.7691,7.2432,24.76
2018-04-07,6.2405,7.1666,26.59
2018-04-08,6.2124,7.2194,26.23
2018-04-09,4.7335,7.0394,27.07
2018-04-10,4.2614,6.9622,26.15
2018-04-11,4.8662,7.2478,23.97
2018-04-12,5.4706,7.122,24.99
2018-04-13,3.1915,7.0462,24.05
2018-04-14,5.4317,7.0085,25.18
2018-04-15,5.2054,7.14,25.94
2018-04-16,3.0046,7.1558,26.41
2018-04-17,3.8119,7.0152,26.6
2018-04-18,4.6932,7.0987,26.62
2018-04-19,4.6555,7.2216,26.72
2018-04-20,3.8186,7.1566,25.34
2018-04-21,3.061,7.3699,26.31
2018-04-22,2.6462,7.3178,25.91
2018-04-23,4.8854,7.4009,25.96
2018-04-24,2.861,7.249,26.62
2018-04-25,3.0394,7.1261,25.88
2018-04-26,3.0451,7.1554,25.32
2018-04-27,4.4208,7.0584,25.61
2018-04-28,3.9569,7.1952,26.07
2018-04-29,4.0349,7.291,25.9
2018-04-30,4.284,7.2574,26.33
2018-05-01,3.2743,7.1518,25.76
2018-05-02,4.4664,7.2034,25.53
2018-05-03,1.6205,7.0056,25.87
2018-05-04,4.7335,7.1582,26.01
2018-05-05,3.217,7.0855,24.79
2018-05-06,4.8151,7.0457,25.3
2018-05-07,4.6068,7.147,24.65
2018-05-08,4.5504,7.1359,24.42
2018-05-09,4.721,6.9962,25.22
2018-05-10,4.5374,6.9866,24.43
2018-05-11,3.9542,6.9079,24.69
2018-05-12,4.6956,6.9838,26.32
2018-05-13,4.2598,7.0968,25.12
2018-05-14,3.851,7.0817,25.12
2018-05-15,5.5334,7.103,25.27
2018-05-16,2.7058,7.3308,25.57
2018-05-17,5.2253,7.2058,25.02
2018-05-18,3.385,7.3006,25.45
2018-05-19,5.1763,7.0942,25.08
2018-05-20,4.5768,7.1321,25.12
2018-05-21,2.7374,7.0949,24.36
2018-05-22,4.8907,7.1148,25.03
2018-05-23,4.1669,7.0253,25.13
2018-05-24,4.3973,7.1131,25.61
2018-05-25,4.3342,7.0531,26.23
2018-05-26,3.0454,7.0663,25.19
2018-05-27,5.3256,7.0298,24.74
2018-05-28,4.649,6.9624,24.49
2018-05-29,3.827,6.9374,25.32
2018-05-30,4.5012,6.9533,25.45
2018-05-31,4.5691,6.9281,25.87
2018-06-01,1.319,7.0488,25.38
2018-06-02,5.4629,7.0776,26.4
2018-06-03,4.3742,7.181,26.1
2018-06-04,3.8882,6.9394,26.0
2018-06-05,4.2041,6.9518,26.18
2018-06-06,2.9515,7.0418,25.33
2018-06-07,4.9718,7.0406,26.71
2018-06-08,4.6351,7.0351,26.45
2018-06-09,2.7761,6.8311,26.26
2018-06-10,3.6398,7.0498,25.33
2018-06-11,3.6917,6.9943,24.97
2018-06-12,5.0563,6.7836,25.7
2018-06-13,4.0313,6.9943,26.44
2018-06-14,4.2382,6.8885,25.0
2018-06-15,4.8355,6.9154,24.71
2018-06-16,4.4278,6.9475,24.91
2018-06-17,3.9722,7.0037,25.76
2018-06-18,3.919,6.9156,25.39
2018-06-19,4.6646,7.0771,24.37
2018-06-20,5.2562,7.0181,24.59
2018-06-21,3.9614,6.9643,25.57
2018-06-22,3.8719,7.061,25.23
2018-06-23,4.6018,7.1438,25.23
2018-06-24,4.5271,7.0822,24.24
2018-06-25,4.2518,6.9108,24.8
2018-06-26,4.5614,7.1021,25.12
2018-06-27,4.3109,6.972,25.12
2018-06-28,4.0332,7.0061,25.03
2018-06-29,4.9351,7.0262,25.71
2018-06-30,4.8576,6.8686,25.56
2018-07-01,4.9855,7.0339,25.4
2018-07-02,4.5166,7.0066,24.58
2018-07-03,5.0148,7.0596,23.95
2018-07-04,5.1218,7.0459,26.18
2018-07-05,4.5118,7.0723,25.92
2018-07-06,4.3327,6.911,25.61
2018-07-07,4.7093,6.8347,25.34
2018-07-08,4.6704,6.8621,26.45
2018-07-09,3.2086,7.0205,26.73
2018-07-10,4.609,7.0951,25.7
2018-07-11,5.9772,7.0318,24.83
2018-07-12,4.7126,7.1525,25.79
2018-07-13,4.7671,6.9936,25.44
2018-07-14,4.6478,6.9338,25.5
2018-07-15,4.536,7.0601,25.77
2018-07-16,5.1511,7.1465,25.78
2018-07-17,4.8991,7.086,26.29
2018-07-18,5.0064,7.0634,26.71
2018-07-19,4.7189,7.099,26.26
2018-07-20,3.3972,6.9312,25.73
2018-07-21,4.8658,6.8854,26.4
2018-07-22,2.6933,6.9523,25.12
2018-07-23,3.9468,6.9218,26.2
2018-07-24,4.1671,7.0769,25.8
2018-07-25,4.2151,7.1635,26.17
2018-07-26,3.2026,7.2014,25.72
2018-07-27,4.8526,7.0183,24.64
2018-07-28,4.3382,7.0728,25.77
2018-07-29,4.2994,7.0013,25.36
2018-07-30,4.9159,7.0788,24.11
2018-07-31,5.3916,7.0262,24.38
2018-08-01,4.7837,6.9526,24.42
2018-08-02,5.3479,7.1654,24.83
2018-08-03,4.8866,7.2396,24.96
2018-08-04,4.931,7.2919,25.57
2018-08-05,3.03,6.8942,25.1
2018-08-06,5.8181,7.2614,25.83
2018-08-07,4.9716,7.1959,26.06
2018-08-08,5.2068,7.0762,26.19
2018-08-09,4.6716,7.0781,26.16
2018-08-10,5.2058,7.2631,26.02
2018-08-11,5.5985,7.3013,26.3
2018-08-12,4.5156,7.1959,26.31
2018-08-13,4.159,7.0994,25.69
2018-08-14,3.912,6.9679,24.39
2018-08-15,4.9231,7.1006,24.13
2018-08-16,5.4936,7.3282,26.05
2018-08-17,5.2728,7.2624,25.83
2018-08-18,4.8353,7.157,25.41
2018-08-19,4.4585,7.1395,24.46
2018-08-20,5.347,7.2938,25.91
2018-08-21,4.8014,7.2312,25.4
2018-08-22,4.7191,7.35,24.49
2018-08-23,3.6694,7.1995,24.79
2018-08-24,4.8732,6.9598,25.51
2018-08-25,4.8926,7.1957,25.13
2018-08-26,3.959,7.1362,26.02
2018-08-27,3.9758,7.2593,26.32
2018-08-28,4.8595,7.249,25.52
2018-08-29,4.2041,7.2154,25.3
2018-08-30,5.3429,7.2271,25.11
2018-08-31,4.9394,7.3022,25.84
2018-09-01,4.4189,7.2446,26.02
2018-09-02,4.5271,7.3375,25.68
2018-09-03,4.7004,7.3584,25.45
2018-09-04,4.7911,7.3246,25.63
2018-09-05,4.4647,7.2768,24.81
2018-09-06,5.0083,7.0555,24.38
2018-09-07,4.5998,7.1981,24.67
2018-09-08,4.9927,7.0577,24.35
2018-09-09,3.7186,7.2854,25.47
2018-09-10,4.7774,7.1611,25.95
2018-09-11,4.8377,7.1856,25.01
2018-09-12,5.2949,7.1539,24.64
2018-09-13,3.9838,7.0298,24.56
2018-09-14,4.9577,6.8323,24.22
2018-09-15,4.6102,6.8976,24.59
2018-09-16,5.5099,7.1983,24.1
2018-09-17,4.8348,7.3238,25.46
2018-09-18,4.08,7.2401,26.24
2018-09-19,5.3767,7.2502,25.63
2018-09-20,5.5548,7.2569,26.11
2018-09-21,5.2682,7.2936,25.15
2018-09-22,3.6012,6.949,25.56
2018-09-23,5.0246,7.2314,25.17
2018-09-24,2.4545,6.991,24.68
2018-09-25,4.6776,7.0752,25.77
2018-09-26,2.9606,7.0147,24.27
2018-09-27,4.2466,6.9696,23.78
2018-09-28,4.1597,7.0963,25.06
2018-09-29,4.2254,7.1938,24.66
2018-09-30,4.7858,7.0817,25.3
2018-10-01,4.7179,6.9043,25.47
2018-10-02,5.4396,7.1849,24.84
2018-10-03,4.9068,7.242,25.27
2018-10-04,5.6323,7.2871,24.97
2018-10-05,5.8262,7.1777,24.21
2018-10-06,5.6597,7.2295,25.03
2018-10-07,4.7222,7.0975,24.75
2018-10-08,3.6185,7.0459,25.33
2018-10-09,3.9646,7.3651,24.07
2018-10-10,4.6714,7.1042,24.96
2018-10-11,5.1518,6.8914,24.16
2018-10-12,5.1917,6.9182,24.59
2018-10-13,5.9448,7.1914,24.08
2018-10-14,5.5433,7.1167,24.61
2018-10-15,4.4484,6.9588,24.96
2018-10-16,3.7802,6.9396,24.53
2018-10-17,4.3968,6.9482,24.93
2018-10-18,4.2245,7.0066,24.24
2018-10-19,5.028,6.882,24.48
2018-10-20,3.8738,6.8191,24.84
2018-10-21,4.0594,6.7488,25.25
2018-10-22,4.5768,6.7819,24.82
2018-10-23,5.1516,6.9199,24.95
2018-10-24,5.2486,6.8702,24.92
2018-10-25,4.8466,6.9235,25.63
2018-10-26,4.249,6.6718,24.76
2018-10-27,4.5427,6.5789,25.02
2018-10-28,4.1314,6.582,25.53
2018-10-29,4.7388,6.5657,25.52
2018-10-30,4.0754,6.5018,25.23
2018-10-31,3.2808,6.6626,25.23
2018-11-01,3.8282,6.6938,25.59
2018-11-02,2.8224,6.6269,24.55
2018-11-03,3.3276,6.7123,24.07
2018-11-04,4.284,6.6854,24.81
2018-11-05,4.1914,6.4714,24.88
2018-11-06,4.7611,6.4766,24.63
2018-11-07,4.471,6.6586,25.68
2018-11-08,4.0428,6.5537,25.76
2018-11-09,3.7241,6.4781,25.38
2018-11-10,3.9948,6.5587,25.45
2018-11-11,3.5971,6.4253,26.07
2018-11-12,3.8126,6.5491,25.78
2018-11-13,3.8942,6.4596,25.53
2018-11-14,4.1897,6.306,24.75
2018-11-15,4.5454,6.3607,25.6
2018-11-16,3.8016,6.2815,25.98
2018-11-17,3.9194,6.4157,25.29
2018-11-18,3.738,6.2537,25.87
2018-11-19,4.5948,6.101,25.36
2018-11-20,4.7162,6.4061,25.19
2018-11-21,4.1038,6.4346,24.98
2018-11-22,4.4918,6.2263,24.67
2018-11-23,4.2962,6.1992,25.47
2018-11-24,3.348,6.2988,25.45
2018-11-25,3.7572,6.0725,25.94
2018-11-26,3.5942,6.3451,25.47
2018-11-27,3.9331,6.2006,24.67
2018-11-28,4.6718,6.3235,24.47
2018-11-29,3.8527,6.2388,25.12
2018-11-30,4.266,6.1831,25.59
2018-12-01,4.9274,6.3365,25.98
2018-12-02,5.0995,6.4188,25.56
2018-12-03,4.0303,6.3811,25.39
2018-12-04,3.6151,6.377,25.05
2018-12-05,4.4376,6.432,25.14
2018-12-06,5.1427,6.3744,25.37
2018-12-07,4.8682,6.2614,25.39
2018-12-08,3.911,6.1332,25.36
2018-12-09,3.623,6.2556,25.28
2018-12-10,4.5218,6.2501,25.84
2018-12-11,3.3907,6.0674,25.8
2018-12-12,4.0944,5.8718,25.96
2018-12-13,3.8568,6.1075,26.04
2018-12-14,4.0495,6.1106,26.66
2018-12-15,4.0678,6.1814,26.54
2018-12-16,4.6246,6.2412,26.13
2018-12-17,4.4338,6.2861,25.46
2018-12-18,3.8467,6.1243,25.69
2018-12-19,3.9134,6.119,25.94
2018-12-20,3.6504,6.0415,24.8
2018-12-21,4.0596,5.9434,25.09
2018-12-22,4.8295,6.2645,25.97
2018-12-23,4.427,6.2028,25.51
2018-12-24,5.2037,6.264,25.84
2018-12-25,4.3802,6.264,25.42
2018-12-26,4.2209,6.2532,25.65
2018-12-27,4.4112,6.2201,25.67
2018-12-28,4.7957,6.2621,25.81
2018-12-29,4.956,6.1675,25.78
2018-12-30,4.956,6.1183,25.58
2018-12-31,4.7386,6.2412,25.71
2019-01-01,4.9188,6.379,25.87
2019-01-02,4.6368,6.3538,25.8
2019-01-03,4.9608,6.2986,26.05
2019-01-04,4.8082,6.2863,26.46
2019-01-05,3.9142,6.222,25.85
2019-01-06,3.8124,5.904,25.43
2019-01-07,3.9775,5.9532,25.3
2019-01-08,5.0556,5.9647,24.97
2019-01-09,3.528,5.9858,24.47
2019-01-10,4.8314,6.246,23.94
2019-01-11,5.6318,6.4282,23.6
2019-01-12,4.9303,6.1884,24.34
2019-01-13,5.0729,6.3053,24.89
2019-01-14,3.1466,6.1157,25.02
2019-01-15,3.2873,6.2366,25.33
2019-01-16,3.2366,6.1423,25.33
2019-01-17,4.0279,6.1229,25.39
2019-01-18,3.4394,6.3415,25.49
2019-01-19,4.3555,6.3259,25.96
2019-01-20,3.7044,6.3478,25.96
2019-01-21,3.829,6.229,25.8
2019-01-22,3.761,6.2364,26.05
2019-01-23,4.4981,6.4591,26.13
2019-01-24,4.7626,6.439,26.34
2019-01-25,3.744,6.4243,26.32
2019-01-26,4.0092,6.4589,26.57
2019-01-27,4.0534,6.5494,25.89
2019-01-28,3.8299,6.2671,25.33
2019-01-29,4.9118,6.5844,25.82
2019-01-30,3.7253,6.5323,24.76
2019-01-31,3.6686,6.355,24.78
2019-02-01,3.9422,6.4781,25.98
2019-02-02,4.1239,6.4726,25.89
2019-02-03,4.7227,6.5477,25.76
2019-02-04,4.3526,6.5218,25.6
2019-02-05,4.2605,6.481,26.22
2019-02-06,4.5725,6.5278,25.98
2019-02-07,4.3776,6.3902,26.21
2019-02-08,4.7938,6.4238,26.35
2019-02-09,4.5118,5.9887,26.01
2019-02-10,4.1076,6.3125,26.03
2019-02-11,3.4601,6.5532,26.48
2019-02-12,3.912,6.6182,27.24
2019-02-13,2.6986,6.6286,26.46
2019-02-14,4.218,6.6127,26.81
2019-02-15,3.8146,6.7529,26.36
2019-02-16,5.2498,6.8906,26.63
2019-02-17,4.1976,6.7721,26.75
2019-02-18,4.4825,6.7106,26.7
2019-02-19,3.1514,6.5681,26.36
2019-02-20,4.2514,6.9763,26.32
2019-02-21,5.6578,7.0337,27.83
2019-02-22,4.5281,6.8606,27.47
2019-02-23,2.4818,6.5786,26.68
2019-02-24,4.6042,6.6852,27.65
2019-02-25,4.163,6.7392,27.76
2019-02-26,4.6058,6.7332,26.93
2019-02-27,4.3829,6.336,27.29
2019-02-28,5.0815,6.7603,27.66
2019-03-01,4.6387,6.7078,26.78
2019-03-02,5.1154,6.6422,27.33
2019-03-03,4.3591,6.6413,26.15
2019-03-04,3.5431,6.2736,26.8
2019-03-05,3.7118,6.6252,26.92
2019-03-06,3.5191,6.5861,26.48
2019-03-07,3.7769,6.4831,26.7
2019-03-08,4.1484,6.7469,27.22
2019-03-09,3.7718,6.894,28.34
2019-03-10,3.4202,6.6799,27.41
2019-03-11,4.4786,6.6643,28.66
2019-03-12,4.7863,7.0613,28.14
2019-03-13,4.1537,7.151,27.22
2019-03-14,3.7382,6.7723,27.59
2019-03-15,4.5202,6.563,27.63
2019-03-16,4.4119,6.6878,28.17
2019-03-17,3.7286,6.6811,28.08
2019-03-18,2.7742,6.4968,27.57
2019-03-19,1.9646,6.7454,25.26
2019-03-20,4.691,6.6266,26.49
2019-03-21,4.1201,6.6619,26.38
2019-03-22,3.9372,6.527,25.61
2019-03-23,3.4229,6.7894,26.05
2019-03-24,3.2858,6.6312,27.91
2019-03-25,4.0034,6.8897,27.31
2019-03-26,3.5801,6.5897,27.02
2019-03-27,4.0229,6.45,26.17
2019-03-28,2.2992,6.6782,25.58
2019-03-29,3.7358,6.6864,25.8
2019-03-30,4.1827,6.7282,26.65
2019-03-31,3.1174,6.7728,26.96
2019-04-01,3.0624,7.0387,25.11
2019-04-02,2.7014,6.9859,25.9
2019-04-03,5.471,7.0824,26.39
2019-04-04,3.9166,7.0267,27.0
2019-04-05,3.3634,7.1866,26.41
2019-04-06,4.7496,7.0987,26.72
2019-04-07,3.9077,6.9427,27.03
2019-04-08,3.6823,6.8268,27.31
2019-04-09,3.6924,6.9406,27.15
2019-04-10,4.2792,6.7824,26.77
2019-04-11,5.028,6.8772,25.63
2019-04-12,4.0442,6.139,27.77
2019-04-13,3.2347,6.5818,26.98
2019-04-14,2.4506,6.8016,25.43
2019-04-15,3.6254,6.9547,27.37
2019-04-16,3.9996,6.7366,27.44
2019-04-17,3.438,7.0795,25.96
2019-04-18,3.7646,6.9631,26.36
2019-04-19,3.8863,7.0171,26.4
2019-04-20,1.7122,7.0214,25.48
2019-04-21,4.4076,6.8995,25.65
2019-04-22,4.0157,6.8726,25.14
2019-04-23,4.7066,7.2014,25.52
2019-04-24,5.189,7.1933,25.82
2019-04-25,4.254,6.9607,25.64
2019-04-26,3.6782,7.1364,26.37
2019-04-27,4.2391,7.1112,25.92
2019-04-28,5.3522,7.1206,26.97
2019-04-29,3.7942,7.303,27.4
2019-04-30,3.241,7.14,26.71
2019-05-01,4.8074,7.3219,27.01
2019-05-02,4.7894,7.2019,26.55
2019-05-03,4.2506,7.1858,26.34
2019-05-04,3.8508,7.1484,25.99
2019-05-05,4.3898,7.3318,26.99
2019-05-06,3.4567,7.1971,26.62
2019-05-07,3.5369,7.1194,26.84
2019-05-08,4.0406,7.1201,25.82
2019-05-09,4.4321,6.9396,25.15
2019-05-10,3.3158,7.0032,25.66
2019-05-11,5.339,7.1246,25.45
2019-05-12,5.3501,7.235,25.84
2019-05-13,2.0933,7.1362,25.66
2019-05-14,4.7558,7.1381,25.94
2019-05-15,3.5491,6.9458,26.08
2019-05-16,4.4316,7.0385,25.23
2019-05-17,4.799,7.1659,25.53
2019-05-18,4.6351,7.1311,25.07
2019-05-19,4.9003,7.2329,24.7
2019-05-20,5.3251,7.0046,25.64
2019-05-21,4.926,6.6835,25.61
2019-05-22,4.1964,6.991,25.95
2019-05-23,4.3555,6.9425,25.29
2019-05-24,4.7518,7.0963,25.58
2019-05-25,3.9482,7.0397,25.26
2019-05-26,4.897,7.0846,24.95
2019-05-27,5.3273,7.0152,25.82
2019-05-28,3.3566,7.1695,24.56
2019-05-29,5.0518,6.9835,24.9
2019-05-30,4.0298,7.0308,23.99
2019-05-31,4.9351,7.0495,25.58
2019-06-01,5.011,7.0906,25.75
2019-06-02,5.1912,7.0344,26.06
2019-06-03,4.0728,6.9746,25.77
2019-06-04,4.6327,7.1712,26.28
2019-06-05,4.2348,7.1503,26.27
2019-06-06,4.1882,7.0853,25.55
2019-06-07,3.5306,7.0351,25.0
2019-06-08,4.7813,6.9989,25.97
2019-06-09,4.0618,7.062,25.89
2019-06-10,4.0999,7.0546,25.56
2019-06-11,4.4777,6.9619,25.53
2019-06-12,4.6272,6.9727,26.17
2019-06-13,4.0574,6.9312,25.77
2019-06-14,2.9698,6.9264,26.18
2019-06-15,4.2108,6.8851,25.48
2019-06-16,4.7088,6.9307,26.08
2019-06-17,4.969,6.9185,26.92
2019-06-18,4.7801,6.9228,27.09
2019-06-19,4.2838,6.9168,26.77
2019-06-20,3.9158,7.0061,27.43
2019-06-21,4.8362,6.9926,26.27
2019-06-22,4.3354,7.0999,26.26
2019-06-23,2.9506,6.8424,26.12
2019-06-24,3.0334,6.8741,25.36
2019-06-25,3.8213,6.8474,25.61
2019-06-26,4.4755,7.0855,26.78
2019-06-27,4.3721,7.0507,26.77
2019-06-28,3.2426,7.0164,26.4
2019-06-29,4.0692,6.8707,26.42
2019-06-30,4.0188,6.798,25.99
2019-07-01,3.9883,6.7087,26.26
2019-07-02,4.5415,6.9586,25.72
2019-07-03,5.1343,6.875,25.61
2019-07-04,4.1993,7.0181,26.15
2019-07-05,4.6488,7.0925,26.46
2019-07-06,4.6217,7.1974,26.92
2019-07-07,5.3407,7.116,26.51
2019-07-08,4.5454,7.1297,25.14
2019-07-09,3.8623,6.9835,25.14
2019-07-10,4.3152,6.9257,25.66
2019-07-11,5.1216,6.9557,25.95
2019-07-12,4.9798,6.9518,26.21
2019-07-13,4.9063,7.0541,26.15
2019-07-14,4.1918,7.067,25.57
2019-07-15,3.8654,7.1515,24.88
2019-07-16,6.3646,7.1719,25.13
2019-07-17,5.4485,6.9979,26.5
2019-07-18,5.1374,7.0846,26.78
2019-07-19,5.0825,7.1482,27.07
2019-07-20,5.3074,7.0733,27.04
2019-07-21,4.6282,7.0558,27.22
2019-07-22,3.593,6.9941,25.78
2019-07-23,4.5895,6.9278,24.53
2019-07-24,4.2667,7.1789,25.5
2019-07-25,4.5634,7.0339,25.39
2019-07-26,5.1338,6.8974,25.61
2019-07-27,5.2178,7.0944,26.13
2019-07-28,5.1002,7.0726,26.97
2019-07-29,4.5053,7.0963,26.39
2019-07-30,4.3954,7.1731,26.11
2019-07-31,5.033,7.1918,26.13
2019-08-01,3.996,6.9233,25.95
2019-08-02,4.1906,6.9312,24.97
2019-08-03,4.3846,7.0435,25.24
2019-08-04,4.9723,7.033,25.71
2019-08-05,4.6999,7.0848,26.36
2019-08-06,4.6392,7.0109,25.17
2019-08-07,5.1264,7.0901,24.95
2019-08-08,4.4544,7.0457,25.81
2019-08-09,4.7042,7.3411,26.21
2019-08-10,4.6294,7.1806,26.32
2019-08-11,4.769,7.2082,27.0
2019-08-12,5.0628,7.2468,26.73
2019-08-13,3.1286,7.1736,25.78
2019-08-14,4.6217,7.1518,26.09
2019-08-15,3.9814,6.9631,24.84
2019-08-16,3.9706,6.9365,23.73
2019-08-17,5.3321,6.8794,25.15
2019-08-18,4.8838,6.8854,25.64
2019-08-19,3.967,7.1645,25.89
2019-08-20,5.8231,7.3001,26.47
2019-08-21,4.5802,7.2864,26.18
2019-08-22,4.9493,7.3296,26.6
2019-08-23,4.4856,7.2127,26.68
2019-08-24,4.165,7.1978,26.21
2019-08-25,4.6675,7.3265,25.98
2019-08-26,4.9992,7.128,25.76
2019-08-27,5.4197,7.1465,26.6
2019-08-28,2.2238,7.2146,26.03
2019-08-29,5.3033,7.1942,25.1
2019-08-30,4.9613,7.3171,25.36
2019-08-31,3.463,7.0495,26.1
2019-09-01,4.8862,7.2924,25.62
2019-09-02,2.7953,7.1666,25.93
2019-09-03,4.4882,7.0142,26.01
2019-09-04,3.2081,7.1537,25.95
2019-09-05,5.279,7.1743,24.88
2019-09-06,4.0066,7.2115,25.26
2019-09-07,4.9601,7.2559,25.24
2019-09-08,3.7644,7.279,25.72
2019-09-09,5.3222,7.2098,26.17
2019-09-10,4.8516,7.2142,26.68
2019-09-11,4.5876,7.1794,26.67
2019-09-12,4.4323,7.2674,26.31
2019-09-13,5.2078,7.0639,25.89
2019-09-14,2.7941,7.068,24.6
2019-09-15,3.4253,7.0092,25.54
2019-09-16,4.5607,7.097,25.34
2019-09-17,4.2797,7.0745,26.12
2019-09-18,4.4412,6.9569,24.51
2019-09-19,4.0123,6.8208,24.34
2019-09-20,4.9159,6.9698,25.15
2019-09-21,3.6713,7.116,24.39
2019-09-22,4.6183,7.1494,24.76
2019-09-23,5.2411,7.1566,25.32
2019-09-24,5.6911,7.2254,25.35
2019-09-25,5.1053,7.2166,25.57
2019-09-26,4.6574,7.3015,25.22
2019-09-27,4.866,7.1616,25.91
2019-09-28,4.1441,7.2782,25.58
2019-09-29,3.2071,7.0848,25.67
2019-09-30,5.2908,7.0123,24.59
2019-10-01,5.5032,7.1681,25.4
2019-10-02,3.2306,7.164,25.2
2019-10-03,4.1484,7.2067,24.93
2019-10-04,4.5353,7.0034,25.7
2019-10-05,5.2075,7.0363,25.89
2019-10-06,4.3699,7.0183,25.32
2019-10-07,4.7506,7.159,25.23
2019-10-08,4.3483,7.0366,25.51
2019-10-09,4.7482,6.953,25.27
2019-10-10,4.6404,6.7298,24.81
2019-10-11,3.2486,6.8412,25.25
2019-10-12,5.3825,7.237,24.9
2019-10-13,4.362,6.8582,25.21
2019-10-14,4.2583,6.9854,24.82
2019-10-15,4.0286,6.9734,25.12
2019-10-16,4.5869,6.9202,25.11
2019-10-17,4.6042,6.8486,25.07
2019-10-18,4.1938,6.8765,24.62
2019-10-19,3.4498,7.1035,24.49
2019-10-20,4.7678,6.9026,24.45
2019-10-21,4.0114,6.7411,24.76
2019-10-22,4.5991,6.8642,24.09
2019-10-23,4.9634,6.8477,24.69
2019-10-24,4.884,6.8705,24.77
2019-10-25,5.1602,6.731,25.1
2019-10-26,4.4105,6.8806,25.33
2019-10-27,4.68,6.7925,25.73
2019-10-28,4.6286,6.7831,25.57
2019-10-29,4.7539,6.6977,24.98
2019-10-30,4.4832,6.6977,25.16
2019-10-31,4.4786,6.6401,25.84
2019-11-01,4.5238,6.667,25.3
2019-11-02,4.8094,6.6283,25.19
2019-11-03,3.8971,6.6521,25.46
2019-11-04,4.1741,6.631,25.61
2019-11-05,2.4444,6.774,25.19
2019-11-06,4.3466,6.5767,26.07
2019-11-07,4.2804,6.6559,26.58
2019-11-08,2.4144,6.6902,26.47
2019-11-09,1.6913,6.7166,25.75
2019-11-10,4.8065,6.4618,25.77
2019-11-11,4.6495,6.6305,25.18
2019-11-12,2.5159,6.6161,25.5
2019-11-13,4.4693,6.6269,24.59
2019-11-14,4.4098,6.4994,24.58
2019-11-15,4.6246,6.3,25.15
2019-11-16,4.7124,6.4272,25.23
2019-11-17,3.7534,6.5122,25.16
2019-11-18,4.4338,6.4762,24.99
2019-11-19,4.4436,6.4334,24.78
2019-11-20,4.7772,6.3763,25.08
2019-11-21,4.4556,6.3322,25.23
2019-11-22,4.974,6.3125,25.19
2019-11-23,5.029,6.4476,25.16
2019-11-24,4.4866,6.3326,25.56
2019-11-25,3.4843,6.2705,25.94
2019-11-26,3.4908,6.2105,26.91
2019-11-27,4.195,6.312,26.54
2019-11-28,3.6662,6.3451,26.07
2019-11-29,3.1315,6.4764,24.85
2019-11-30,4.301,6.3842,25.51
2019-12-01,4.0495,6.371,26.26
2019-12-02,3.7788,6.3348,26.33
2019-12-03,1.9214,6.2021,25.04
2019-12-04,4.2007,6.193,25.72
2019-12-05,3.8206,6.2285,25.7
2019-12-06,3.7382,6.2208,26.16
2019-12-07,4.0548,6.1838,25.96
2019-12-08,4.9008,6.2035,25.01
2019-12-09,4.763,6.2623,25.75
2019-12-10,3.0898,6.2366,26.15
2019-12-11,4.2566,6.137,25.93
2019-12-12,4.7671,6.2004,26.0
2019-12-13,3.9346,6.2566,25.99
2019-12-14,4.7554,6.2158,25.2
2019-12-15,3.8866,6.2815,25.41
2019-12-16,4.2132,6.0514,25.88
2019-12-17,3.3456,6.1877,25.98
2019-12-18,3.8062,6.0703,25.5
2019-12-19,3.8472,6.2066,25.96
2019-12-20,3.7476,6.21,26.43
2019-12-21,3.9211,6.1466,26.61
2019-12-22,2.5658,6.1896,26.06
2019-12-23,3.3478,6.1438,25.62
2019-12-24,3.1147,6.1202,26.22
2019-12-25,1.7729,6.0845,25.82
2019-12-26,3.2184,6.0948,25.85
2019-12-27,2.7456,6.0888,25.7
2019-12-28,3.5242,6.1618,25.7
2019-12-29,3.1313,6.1762,26.09
2019-12-30,1.3066,6.1582,25.55
2019-12-31,3.707,6.4534,25.36
2020-01-01,4.7069,6.4018,25.43
2020-01-02,4.139,6.1334,25.86
2020-01-03,4.5398,6.4483,26.36
2020-01-04,5.2075,6.4195,26.6
2020-01-05,5.401,6.3703,25.64
2020-01-06,5.1763,6.3631,25.42
2020-01-07,5.3405,6.4409,25.56
2020-01-08,5.6263,6.3638,25.92
2020-01-09,5.5606,6.3538,26.23
2020-01-10,5.8236,6.469,25.22
2020-01-11,5.3158,6.5074,25.92
2020-01-12,5.5747,6.5472,26.14
2020-01-13,5.2798,6.4157,25.98
2020-01-14,5.3942,6.4718,25.97
2020-01-15,4.6358,6.3206,26.18
2020-01-16,4.829,6.4469,26.76
2020-01-17,4.4532,6.4171,27.45
2020-01-18,4.5326,6.3646,27.72
2020-01-19,4.6032,6.3442,26.75
2020-01-20,2.7533,6.2899,26.51
2020-01-21,3.8822,6.3814,25.66
2020-01-22,4.469,6.2861,24.77
2020-01-23,5.2721,6.4882,25.44
2020-01-24,3.9502,6.3576,25.35
2020-01-25,3.1596,6.1298,25.23
2020-01-26,4.1374,6.4702,24.86
2020-01-27,4.5238,6.5242,24.46
2020-01-28,4.3805,6.3295,25.07
2020-01-29,5.4211,6.5594,25.38
2020-01-30,5.7024,6.6125,26.01
2020-01-31,4.1354,6.4298,26.35
2020-02-01,4.073,6.4538,26.44
2020-02-02,3.4615,6.3384,25.93
2020-02-03,4.0961,6.4543,26.87
2020-02-04,4.9044,6.6526,27.06
2020-02-05,5.0088,6.7798,26.93
2020-02-06,5.5198,6.6295,26.85
2020-02-07,5.8562,6.5638,27.07
2020-02-08,5.1547,6.4476,26.56
2020-02-09,5.7871,6.6038,26.21
2020-02-10,6.0254,6.5846,26.48
2020-02-11,5.3052,6.7075,27.25
2020-02-12,4.9073,6.5539,27.29
2020-02-13,5.4946,6.6883,27.31
2020-02-14,4.536,6.5299,26.91
2020-02-15,4.8146,6.5638,27.33
2020-02-16,3.7714,6.7687,27.55
2020-02-17,3.954,6.9456,27.6
2020-02-18,4.8283,6.9749,28.29
2020-02-19,4.7196,6.7975,28.05
2020-02-20,4.865,6.8717,27.88
2020-02-21,4.147,6.5585,26.45
2020-02-22,4.2586,6.3658,25.36
2020-02-23,5.1058,6.6461,25.35
2020-02-24,3.7956,6.6907,25.57
2020-02-25,2.9942,6.8669,25.85
2020-02-26,5.6592,7.0176,26.41
2020-02-27,4.224,6.8287,26.11
2020-02-28,5.827,6.9307,26.3
2020-02-29,4.0798,6.667,26.78
2020-03-01,4.7933,6.7834,26.73
2020-03-02,3.625,6.7882,27.69
2020-03-03,4.1434,6.7673,27.83
2020-03-04,4.7969,6.7512,28.11
2020-03-05,4.6198,6.9742,28.02
2020-03-06,4.4549,6.7778,28.16
2020-03-07,4.2055,6.7558,26.62
2020-03-08,4.7542,6.5731,26.73
2020-03-09,5.1478,6.5467,27.5
2020-03-10,4.2283,6.5928,26.95
2020-03-11,2.4694,5.9165,26.41
2020-03-12,3.0977,6.8419,26.06
2020-03-13,4.4364,6.8839,26.42
2020-03-14,5.0268,6.8861,26.73
2020-03-15,4.9032,6.8554,27.37
2020-03-16,5.7058,6.9396,27.84
2020-03-17,5.7106,7.0678,27.43
2020-03-18,5.4914,6.8614,27.19
2020-03-19,5.3681,6.5105,26.97
2020-03-20,4.8982,6.797,25.98
2020-03-21,6.3581,7.0742,26.13
2020-03-22,5.8368,7.045,26.84
2020-03-23,5.7929,6.8741,27.4
2020-03-24,4.8017,5.9352,27.71
2020-03-25,5.081,6.577,27.38
2020-03-26,4.2218,6.6458,26.95
2020-03-27,5.6549,7.0841,26.83
2020-03-28,5.7499,7.1486,27.27
2020-03-29,3.5904,6.5806,27.29
2020-03-30,4.3058,6.6835,27.27
2020-03-31,3.1711,6.8196,27.16
2020-04-01,2.5188,6.1769,26.92
2020-04-02,3.8693,6.8321,27.18
2020-04-03,3.2638,6.8018,26.69
2020-04-04,3.7464,6.9739,26.79
2020-04-05,3.7462,6.8038,27.34
2020-04-06,2.2147,7.0296,27.24
2020-04-07,4.4021,7.1376,27.56
2020-04-08,4.122,6.9718,27.46
2020-04-09,2.7331,7.0709,27.83
2020-04-10,3.2976,6.995,27.75
2020-04-11,3.1699,6.8657,27.36
2020-04-12,3.5491,6.9216,29.09
2020-04-13,4.3958,7.0999,28.2
2020-04-14,4.2463,7.032,27.68
2020-04-15,6.2738,7.1794,27.7
2020-04-16,5.0978,6.937,27.91
2020-04-17,5.1566,6.7205,27.85
2020-04-18,3.7747,6.3794,26.83
2020-04-19,5.377,6.893,25.76
2020-04-20,4.8756,6.9972,27.15
2020-04-21,3.5374,6.9982,26.22
2020-04-22,4.2259,7.0176,25.42
2020-04-23,3.8599,6.6977,25.66
2020-04-24,4.3138,7.0903,26.29
2020-04-25,5.2457,7.1443,26.82
2020-04-26,4.02,7.1755,25.77
2020-04-27,3.8609,6.9744,27.06
2020-04-28,3.5009,7.2101,26.65
2020-04-29,3.7838,6.9547,27.03
2020-04-30,3.1238,6.8928,25.7
2020-05-01,3.409,6.8314,27.07
2020-05-02,4.009,6.8914,28.01
2020-05-03,3.5414,7.0298,27.6
2020-05-04,3.3367,7.1141,26.79
2020-05-05,4.2377,7.2324,26.24
2020-05-06,4.3344,7.1208,26.11
2020-05-07,4.4335,7.152,26.29
2020-05-08,4.0553,7.0262,26.58
2020-05-09,4.1561,7.1225,27.18
2020-05-10,4.7338,7.0279,28.0
2020-05-11,3.8417,7.051,27.07
2020-05-12,3.2117,6.9686,26.16
2020-05-13,4.4395,6.799,25.78
2020-05-14,4.4808,6.9058,26.85
2020-05-15,4.782,7.0505,25.67
2020-05-16,3.535,7.0253,27.09
2020-05-17,2.8442,7.0082,26.26
2020-05-18,4.1729,7.105,26.4
2020-05-19,3.5897,6.9732,25.3
2020-05-20,5.3374,7.0925,26.4
2020-05-21,3.4742,7.2228,26.2
2020-05-22,4.3034,7.0382,26.21
2020-05-23,4.866,7.1494,27.05
2020-05-24,4.2103,7.0872,26.05
2020-05-25,3.5393,6.9907,26.07
2020-05-26,4.5036,6.9811,26.27
2020-05-27,3.0017,6.9302,25.86
2020-05-28,3.6437,6.8923,25.06
2020-05-29,5.0556,6.9919,25.69
2020-05-30,3.1171,7.1117,24.66
2020-05-31,4.9582,6.937,24.14
2020-06-01,3.901,6.9041,25.82
2020-06-02,2.1727,6.8815,25.25
2020-06-03,4.2142,6.9862,25.54
2020-06-04,4.5122,7.0764,25.72
2020-06-05,3.6874,6.9391,25.55
2020-06-06,2.9208,7.0169,25.36
2020-06-07,5.4067,6.9941,25.73
2020-06-08,4.7383,7.0848,26.53
2020-06-09,3.8986,6.984,26.01
2020-06-10,3.4666,7.0061,24.21
2020-06-11,5.0585,6.9504,25.15
2020-06-12,5.1569,6.9398,25.96
2020-06-13,4.8502,6.9835,25.49
2020-06-14,4.116,6.8854,24.85
2020-06-15,3.8374,7.0531,24.97
2020-06-16,3.6144,6.8851,26.03
2020-06-17,3.6324,6.8654,26.4
2020-06-18,4.721,6.9629,25.71
2020-06-19,4.4294,6.9938,25.84
2020-06-20,4.7266,6.9581,26.09
2020-06-21,4.5132,6.9626,25.84
2020-06-22,4.4131,6.8352,26.81
2020-06-23,3.7918,6.8455,26.67
2020-06-24,4.5274,6.7538,26.43
2020-06-25,3.8359,6.8712,26.64
2020-06-26,4.2382,7.032,26.04
2020-06-27,4.8245,6.8246,26.39
2020-06-28,4.6097,6.9269,24.9
2020-06-29,4.211,6.9338,25.86
2020-06-30,4.3596,6.9396,25.57
2020-07-01,4.6462,6.9396,25.58
2020-07-02,4.4371,6.9106,25.39
2020-07-03,4.7801,6.8602,25.92
2020-07-04,3.9276,6.762,25.25
2020-07-05,3.569,6.8784,25.37
2020-07-06,5.0573,6.9262,26.11
2020-07-07,4.099,6.979,26.7
2020-07-08,5.544,7.1323,25.41
2020-07-09,4.608,7.1482,26.16
2020-07-10,3.3542,7.2046,25.39
2020-07-11,4.6438,6.943,24.51
2020-07-12,4.8389,6.8909,24.62
2020-07-13,5.0359,7.1206,26.19
2020-07-14,4.889,7.1364,25.3
2020-07-15,5.1343,7.0646,26.14
2020-07-16,3.5981,7.1124,25.46
2020-07-17,5.0458,7.1093,26.65
2020-07-18,4.5463,7.0826,26.09
2020-07-19,4.9068,6.9518,25.43
2020-07-20,3.0727,6.9876,25.33
2020-07-21,4.8293,6.9931,24.83
2020-07-22,4.122,6.9041,24.48
2020-07-23,4.3162,6.9276,25.61
2020-07-24,4.7738,7.0562,24.72
2020-07-25,4.5862,6.8527,24.24
2020-07-26,4.6061,7.1993,25.56
2020-07-27,4.8689,7.0586,25.12
2020-07-28,5.165,7.045,26.02
2020-07-29,4.6495,7.1213,26.8
2020-07-30,4.4539,7.1525,26.68
2020-07-31,4.8038,7.1184,26.12
2020-08-01,5.508,7.1441,26.29
2020-08-02,5.0904,7.0942,27.03
2020-08-03,3.8242,7.2262,26.09
2020-08-04,4.6776,6.875,25.41
2020-08-05,3.8671,6.9499,25.34
2020-08-06,3.5453,6.967,24.71
2020-08-07,4.265,7.0783,25.83
2020-08-08,5.1931,7.0522,27.03
2020-08-09,5.1156,7.1208,25.9
2020-08-10,4.3978,6.816,25.95
2020-08-11,2.7766,6.9346,26.13
2020-08-12,4.5979,7.0032,26.41
2020-08-13,3.8042,7.2384,26.58
2020-08-14,5.0597,7.0392,25.73
2020-08-15,4.4299,6.9778,24.89
2020-08-16,3.5683,7.254,25.47
2020-08-17,3.9384,7.1587,26.05
2020-08-18,4.7594,7.0519,25.13
2020-08-19,4.9685,7.0658,25.1
2020-08-20,4.5082,7.1962,24.72
2020-08-21,4.584,7.0738,25.01
2020-08-22,5.3402,7.248,25.09
2020-08-23,5.1605,7.1414,25.25
2020-08-24,5.4653,7.2684,25.58
2020-08-25,3.6732,7.3493,25.0
2020-08-26,4.2888,7.0526,24.72
2020-08-27,3.0305,7.2504,25.21
2020-08-28,4.0951,7.2744,26.08
2020-08-29,4.2389,7.2031,24.54
2020-08-30,5.8212,7.2029,25.35
2020-08-31,4.5962,7.2962,25.9
2020-09-01,5.1694,7.2108,25.44
2020-09-02,4.0097,7.0349,24.95
2020-09-03,4.7659,7.1177,24.94
2020-09-04,4.2089,7.2794,25.21
2020-09-05,5.1041,7.1671,26.2
2020-09-06,4.0416,7.3399,25.52
2020-09-07,4.8307,7.3171,24.39
2020-09-08,3.3838,7.3615,24.03
2020-09-09,5.1583,7.1938,25.11
2020-09-10,5.0143,7.3932,25.07
2020-09-11,4.5785,7.23,25.54
2020-09-12,5.5476,7.3469,25.24
2020-09-13,4.6282,7.1554,25.14
2020-09-14,5.0338,7.2818,26.0
2020-09-15,3.5066,7.2569,25.58
2020-09-16,4.8703,7.3663,25.74
2020-09-17,5.4948,7.3188,25.26
2020-09-18,4.842,7.3337,24.12
2020-09-19,5.6275,7.2912,25.68
2020-09-20,4.9301,7.2247,25.31
2020-09-21,4.2881,7.2026,25.02
2020-09-22,5.0407,7.315,25.28
2020-09-23,4.3745,7.3044,25.5
2020-09-24,4.458,7.2665,25.33
2020-09-25,3.473,7.3584,24.95
2020-09-26,4.9716,7.2065,25.38
2020-09-27,4.991,7.2533,24.95
2020-09-28,4.6061,7.3548,25.18
2020-09-29,4.4671,7.272,25.47
2020-09-30,4.854,7.091,23.74
2020-10-01,5.0724,7.2302,25.39
2020-10-02,4.6529,7.2794,25.38
2020-10-03,4.339,7.2161,24.54
2020-10-04,5.4214,7.2125,24.59
2020-10-05,5.9218,7.2379,25.37
2020-10-06,2.9338,7.1117,25.61
2020-10-07,3.4128,7.039,25.02
2020-10-08,5.3482,7.0382,24.47
2020-10-09,4.4986,7.1302,25.3
2020-10-10,4.9872,7.241,26.17
2020-10-11,5.3868,7.2802,25.86
2020-10-12,5.5558,7.1587,25.32
2020-10-13,4.5895,7.1858,24.66
2020-10-14,5.4593,7.1302,25.04
2020-10-15,4.2314,7.1323,25.29
2020-10-16,4.4434,7.1933,26.56
2020-10-17,2.8322,7.0877,25.82
2020-10-18,4.999,7.0507,26.0
2020-10-19,4.4657,6.925,25.27
2020-10-20,5.045,6.955,25.25
2020-10-21,5.275,6.9098,26.28
2020-10-22,5.1569,6.774,25.15
2020-10-23,4.697,6.7464,25.67
2020-10-24,3.7409,6.6943,24.35
2020-10-25,5.4778,6.7668,24.31
2020-10-26,5.3242,6.8606,25.52
2020-10-27,5.0345,6.8321,25.9
2020-10-28,4.4417,6.9377,25.61
2020-10-29,6.108,6.8736,25.53
2020-10-30,5.7346,6.9929,25.51
2020-10-31,5.184,6.7649,24.56
2020-11-01,4.6315,6.6833,24.94
2020-11-02,5.5258,6.8098,24.84
2020-11-03,5.6762,6.8693,25.37
2020-11-04,4.6008,6.8662,25.68
2020-11-05,4.2715,6.7114,25.21
2020-11-06,4.0966,6.5057,24.74
2020-11-07,4.8146,6.6338,24.56
2020-11-08,4.2487,6.5585,25.01
2020-11-09,3.685,6.5873,25.07
2020-11-10,4.0687,6.3252,23.92
2020-11-11,3.4565,6.3406,24.04
2020-11-12,5.053,6.5042,24.97
2020-11-13,5.0263,6.6134,24.5
2020-11-14,3.9137,6.5866,24.17
2020-11-15,4.5214,6.3823,23.85
2020-11-16,4.5067,6.2645,25.19
2020-11-17,4.4234,6.1409,25.34
2020-11-18,4.2523,6.3113,25.4
2020-11-19,4.6174,6.4181,25.45
2020-11-20,4.1165,6.4116,24.66
2020-11-21,4.7244,6.444,24.17
2020-11-22,4.7873,6.3334,25.16
2020-11-23,4.1616,6.33,25.87
2020-11-24,3.5842,6.3086,25.55
2020-11-25,4.1772,6.2822,25.36
2020-11-26,4.1921,6.2638,25.57
2020-11-27,4.0951,6.1913,25.19
2020-11-28,4.6711,6.2527,24.85
2020-11-29,4.4047,6.3684,25.65
2020-11-30,3.8866,6.2491,24.73
2020-12-01,4.3639,6.5062,24.59
2020-12-02,4.2612,6.2676,24.65
2020-12-03,4.3018,6.3086,24.35
2020-12-04,4.4033,6.3132,25.83
2020-12-05,3.7567,6.3077,25.66
2020-12-06,3.5381,6.3377,25.39
2020-12-07,3.6074,6.1426,25.22
2020-12-08,3.5095,5.9854,25.82
2020-12-09,3.2621,6.1476,25.05
2020-12-10,4.4234,6.0742,26.1
2020-12-11,3.9766,6.2964,25.24
2020-12-12,4.0615,6.1646,25.68
2020-12-13,4.5137,6.299,26.06
2020-12-14,3.9862,6.2294,25.8
2020-12-15,4.2914,6.1615,25.85
2020-12-16,4.2103,6.1075,25.62
2020-12-17,3.9074,6.1958,25.78
2020-12-18,3.8398,6.0864,26.25
2020-12-19,3.6538,6.1373,26.49
2020-12-20,3.619,6.1558,26.27
2020-12-21,3.8662,6.1001,25.7
2020-12-22,4.3464,6.0804,25.95
2020-12-23,3.931,6.097,26.51
2020-12-24,3.889,6.2489,26.27
2020-12-25,4.3274,6.1697,25.49
2020-12-26,3.7934,6.2131,24.94
2020-12-27,3.365,6.3502,24.73
2020-12-28,4.7926,6.3029,24.89
2020-12-29,4.5487,6.2722,25.17
2020-12-30,4.3723,6.1673,25.21
2020-12-31,4.181,6.1471,25.47
2021-01-01,5.0722,6.3418,25.55
2021-01-02,4.1117,6.4699,25.91
2021-01-03,4.5137,6.3442,26.31
2021-01-04,4.9685,6.3206,25.3
2021-01-05,4.8451,6.3406,25.19
2021-01-06,3.7356,6.3775,25.11
2021-01-07,4.0394,6.3574,24.97
2021-01-08,3.5525,6.2009,25.17
2021-01-09,3.0545,6.0655,24.78
2021-01-10,4.2734,6.3451,24.9
2021-01-11,3.7694,6.1202,25.19
2021-01-12,3.8911,6.456,26.23
2021-01-13,3.7622,6.481,26.1
2021-01-14,4.0529,6.373,25.52
2021-01-15,3.4646,6.4181,25.03
2021-01-16,3.943,6.4625,25.49
2021-01-17,4.9687,6.5038,25.79
2021-01-18,5.2205,6.5662,25.43
2021-01-19,5.7854,6.5597,26.04
2021-01-20,4.9994,6.5928,25.9
2021-01-21,4.5336,6.271,26.21
2021-01-22,4.1434,6.3763,26.12
2021-01-23,3.9638,6.3653,26.15
2021-01-24,4.2036,6.4082,25.71
2021-01-25,4.7285,6.479,26.2
2021-01-26,3.7766,6.3166,26.02
2021-01-27,4.357,6.4118,25.88
2021-01-28,4.1585,6.3876,26.25
2021-01-29,4.823,6.6101,25.54
2021-01-30,5.8531,6.7368,25.59
2021-01-31,5.2771,6.7639,26.38
2021-02-01,4.1479,6.5981,25.97
2021-02-02,3.6586,6.6722,26.01
2021-02-03,3.6912,6.5237,25.47
2021-02-04,3.5328,6.5782,26.5
2021-02-05,3.5885,6.6811,27.0
2021-02-06,4.7897,6.6506,27.36
2021-02-07,3.3151,6.5791,27.02
2021-02-08,4.5319,6.5066,26.66
2021-02-09,4.0994,6.535,26.64
2021-02-10,5.1019,6.5758,26.6
2021-02-11,5.2368,6.713,27.0
2021-02-12,4.6046,6.8035,26.95
2021-02-13,4.518,6.6199,25.6
2021-02-14,3.5952,6.5791,26.05
2021-02-15,4.5982,6.7663,27.1
2021-02-16,5.1019,6.8376,26.51
2021-02-17,4.7352,6.7582,26.19
2021-02-18,4.5067,6.749,25.76
2021-02-19,5.0011,7.0008,26.01
2021-02-20,4.7935,6.8239,26.13
2021-02-21,5.4569,6.8374,26.16
2021-02-22,5.2361,6.8592,26.25
2021-02-23,3.4164,6.8172,26.44
2021-02-24,4.8521,6.881,27.73
2021-02-25,4.0603,6.8467,28.18
2021-02-26,4.4887,6.9919,27.89
2021-02-27,4.505,7.0078,28.03
2021-02-28,4.998,6.7118,28.0
2021-03-01,5.6659,7.0051,27.76
2021-03-02,5.8049,6.9893,26.78
2021-03-03,5.1247,6.9079,25.34
2021-03-04,5.0258,6.9799,25.92
2021-03-05,4.8089,7.0426,25.94
2021-03-06,4.1174,6.786,26.22
2021-03-07,4.2209,6.9115,27.1
2021-03-08,2.8546,6.9065,26.12
2021-03-09,3.3571,7.1266,25.11
2021-03-10,2.6258,7.0236,26.31
2021-03-11,3.8064,7.1417,25.7
2021-03-12,5.4199,7.1911,26.41
2021-03-13,6.2074,7.2336,25.91
2021-03-14,5.0628,7.0152,26.0
2021-03-15,4.6658,7.0366,25.85
2021-03-16,4.5895,6.9139,26.32
2021-03-17,5.3285,7.1179,25.28
2021-03-18,3.5712,7.0598,25.67
2021-03-19,4.9327,7.2674,24.92
2021-03-20,4.4042,7.1796,26.04
2021-03-21,5.8438,7.2331,26.77
2021-03-22,4.8173,7.0469,26.03
2021-03-23,5.1341,7.355,27.18
2021-03-24,5.9645,7.2566,27.81
2021-03-25,5.0393,7.0608,26.99
2021-03-26,5.125,7.0783,28.38
2021-03-27,5.483,7.187,27.81
2021-03-28,5.219,7.242,27.73
2021-03-29,3.9737,7.2696,27.37
2021-03-30,4.7803,7.393,27.85
2021-03-31,4.8372,7.3116,28.73
2021-04-01,3.48,7.2499,27.81
2021-04-02,2.759,7.4556,26.67
2021-04-03,3.4582,7.3104,26.79
2021-04-04,4.1822,7.2175,27.38
2021-04-05,3.4632,7.273,25.79
2021-04-06,3.294,7.1784,27.14
2021-04-07,4.614,7.1542,25.9
2021-04-08,4.5862,7.4563,25.35
2021-04-09,2.5152,7.327,25.19
2021-04-10,4.4112,7.0536,27.2
2021-04-11,4.067,7.3243,26.42
2021-04-12,3.6612,7.224,27.72
2021-04-13,4.836,7.3586,26.63
2021-04-14,3.2832,7.2581,26.31
2021-04-15,2.4055,7.1218,26.06
2021-04-16,4.2065,7.1542,26.31
2021-04-17,4.5103,7.1722,24.91
2021-04-18,4.2912,7.1825,25.18
2021-04-19,4.793,7.1894,26.9
2021-04-20,4.7078,7.2391,26.4
2021-04-21,5.0678,7.2346,27.54
2021-04-22,4.5218,7.1045,27.75
2021-04-23,3.995,7.0778,27.91
2021-04-24,4.8242,7.1381,27.29
2021-04-25,4.8583,6.8971,27.2
2021-04-26,3.8606,7.0858,26.46
2021-04-27,2.2884,7.1107,26.01
2021-04-28,4.5478,7.0872,25.73
2021-04-29,5.7358,7.2475,25.94
2021-04-30,5.2351,7.187,26.66
2021-05-01,2.7348,7.2732,26.89
2021-05-02,5.2848,7.2288,25.55
2021-05-03,4.9056,7.29,24.97
2021-05-04,5.2085,7.2931,26.57
2021-05-05,4.8391,7.1726,26.36
2021-05-06,4.553,7.1225,25.97
2021-05-07,5.8229,7.1962,25.7
2021-05-08,5.1866,7.158,26.86
2021-05-09,4.5571,7.1554,26.72
2021-05-10,4.23,7.3054,26.7
2021-05-11,5.0458,7.1762,27.81
2021-05-12,4.7069,7.0438,27.18
2021-05-13,4.3166,7.1609,28.58
2021-05-14,2.9729,7.2722,28.76
2021-05-15,3.6605,7.2314,28.34
2021-05-16,3.3914,7.2612,27.69
2021-05-17,4.357,7.2689,26.54
2021-05-18,4.3898,7.1717,26.38
2021-05-19,4.8154,7.1059,27.0
2021-05-20,4.6615,7.1412,27.11
2021-05-21,1.2247,7.1405,26.89
2021-05-22,3.7817,7.1503,27.91
2021-05-23,3.1687,7.0025,27.26
2021-05-24,3.9014,7.043,27.15
2021-05-25,4.824,7.0608,26.41
2021-05-26,4.6704,7.1633,27.4
2021-05-27,4.3572,7.0658,26.25
2021-05-28,4.6068,6.9192,25.5
2021-05-29,3.7963,7.0118,25.31
2021-05-30,5.0998,6.9751,25.55
2021-05-31,2.5502,7.0466,26.29
2021-06-01,4.4052,6.8882,25.39
2021-06-02,4.5706,7.1268,25.84
2021-06-03,4.0766,6.8683,26.75
2021-06-04,3.54,6.8964,26.09
2021-06-05,2.2716,6.8976,26.18
2021-06-06,4.0049,7.032,25.78
2021-06-07,3.0245,6.9811,25.46
2021-06-08,3.9878,6.9125,24.65
2021-06-09,2.9688,6.9826,24.38
2021-06-10,5.1247,6.8774,26.2
2021-06-11,4.3601,7.1026,26.17
2021-06-12,3.8894,7.0375,25.18
2021-06-13,3.3502,6.9638,25.0
2021-06-14,4.1201,6.7582,25.05
2021-06-15,5.262,6.8851,24.98
2021-06-16,5.227,7.0212,26.67
2021-06-17,4.0178,6.8251,25.95
2021-06-18,5.0117,6.8201,25.47
2021-06-19,4.1681,6.9422,26.35
2021-06-20,4.2756,6.9086,26.37
2021-06-21,4.8166,7.1126,26.51
2021-06-22,4.4196,7.1201,25.15
2021-06-23,5.0938,6.81,23.89
2021-06-24,4.5905,6.9362,24.85
2021-06-25,4.7369,6.9677,24.9
2021-06-26,4.7753,6.9598,24.57
2021-06-27,4.3111,6.9862,24.01
2021-06-28,4.8106,6.9833,24.79
2021-06-29,4.6829,7.0178,25.64
2021-06-30,3.9646,6.9643,25.41
2021-07-01,4.1222,7.0138,26.54
2021-07-02,5.5906,7.0334,25.67
2021-07-03,4.4549,7.0594,25.09
2021-07-04,4.727,6.9358,25.44
2021-07-05,5.4718,7.003,25.18
2021-07-06,4.9303,6.9859,26.13
2021-07-07,4.3589,7.0702,27.11
2021-07-08,4.8734,7.0303,26.58
2021-07-09,3.5371,6.8503,26.27
2021-07-10,3.5146,7.0046,25.25
2021-07-11,4.7897,6.9235,26.15
2021-07-12,4.7827,6.9502,26.1
2021-07-13,5.0378,7.1698,25.7
2021-07-14,4.4064,7.0193,25.85
2021-07-15,3.5714,6.9991,26.7
2021-07-16,3.6982,7.0128,25.55
2021-07-17,4.6663,7.1177,26.8
2021-07-18,4.643,7.0159,26.83
2021-07-19,5.015,7.0514,26.55
2021-07-20,5.4187,7.1714,27.18
2021-07-21,4.8895,6.744,27.11
2021-07-22,4.4069,6.8028,26.25
2021-07-23,4.6279,7.0118,26.16
2021-07-24,2.6273,6.833,24.56
2021-07-25,2.6203,6.834,24.12
2021-07-26,4.8778,6.7351,25.5
2021-07-27,2.9638,7.0313,24.71
2021-07-28,4.825,7.0495,26.12
2021-07-29,4.2761,7.1561,26.34
2021-07-30,5.3477,6.948,25.47
2021-07-31,5.377,6.9451,27.9
2021-08-01,4.1623,7.115,26.36
2021-08-02,5.3225,7.0236,25.49
2021-08-03,4.7042,7.0774,24.94
2021-08-04,5.1353,7.0373,25.82
2021-08-05,4.5242,7.1381,26.47
2021-08-06,4.8403,7.1285,24.81
2021-08-07,4.1062,6.985,25.28
2021-08-08,5.1425,7.1662,25.44
2021-08-09,5.7569,7.2545,26.51
2021-08-10,4.4431,7.283,26.16
2021-08-11,4.117,7.1366,25.66
2021-08-12,4.5343,7.3111,26.44
2021-08-13,4.3056,7.1659,25.37
2021-08-14,4.3999,7.2403,25.06
2021-08-15,4.8595,7.2394,24.56
2021-08-16,4.6267,7.3118,25.22
2021-08-17,5.6494,7.3354,24.97
2021-08-18,3.9614,7.3392,24.46
2021-08-19,4.277,7.3822,24.84
2021-08-20,5.1898,7.2286,24.45
2021-08-21,5.5476,7.3373,25.35
2021-08-22,5.6174,7.283,24.88
2021-08-23,5.22,7.1712,24.37
2021-08-24,5.2104,7.2866,25.37
2021-08-25,3.5803,7.3877,24.79
2021-08-26,4.4254,7.0296,24.14
2021-08-27,4.1914,7.0169,24.21
2021-08-28,4.3805,7.0903,24.88
2021-08-29,3.061,7.0932,25.91
2021-08-30,4.3039,7.0512,25.02
2021-08-31,4.4681,6.925,23.46
2021-09-01,5.334,7.1945,25.5
2021-09-02,5.3878,7.369,26.15
2021-09-03,5.298,7.2984,25.89
2021-09-04,4.531,7.3711,25.83
2021-09-05,4.6872,7.212,25.26
2021-09-06,4.9577,7.1798,25.02
2021-09-07,5.5126,7.2905,25.18
2021-09-08,4.763,7.0944,24.65
2021-09-09,4.6889,7.3349,25.32
2021-09-10,4.981,7.3212,25.9
2021-09-11,4.1273,7.1326,24.86
2021-09-12,4.2374,7.1654,24.52
2021-09-13,5.2562,7.2984,25.3
2021-09-14,4.7378,7.2794,24.89
2021-09-15,5.3434,7.4318,24.62
2021-09-16,5.1329,7.3159,25.53
2021-09-17,5.4127,7.2074,26.73
2021-09-18,5.0184,7.2288,25.31
2021-09-19,5.4494,7.1832,25.56
2021-09-20,4.855,7.2365,25.31
2021-09-21,3.9586,7.1866,25.5
2021-09-22,4.5499,7.2598,24.58
2021-09-23,4.615,7.1573,24.01
2021-09-24,4.5804,7.0188,24.4
2021-09-25,4.3094,7.1136,26.12
2021-09-26,5.5843,7.3039,25.27
2021-09-27,5.4593,7.2228,25.41
2021-09-28,3.3427,7.0277,25.55
2021-09-29,4.8382,7.0483,24.3
2021-09-30,5.0518,7.1551,25.5
2021-10-01,4.9514,7.183,24.5
2021-10-02,4.5504,7.1498,24.67
2021-10-03,4.6512,7.1198,24.69
2021-10-04,5.4586,7.0764,26.25
2021-10-05,4.9238,7.0608,25.76
2021-10-06,3.0703,7.0901,25.63
2021-10-07,4.691,7.0066,25.91
2021-10-08,4.7916,7.001,25.5
2021-10-09,4.1357,6.9922,25.85
2021-10-10,4.2072,6.8899,25.57
2021-10-11,4.6891,7.0562,26.01
2021-10-12,4.0246,7.0015,24.9
2021-10-13,5.483,6.9398,25.2
2021-10-14,4.956,6.8753,26.38
2021-10-15,5.1768,6.9804,26.18
2021-10-16,4.3843,6.8369,25.22
2021-10-17,4.7734,7.0752,25.56
2021-10-18,4.3378,6.8707,24.97
2021-10-19,4.3973,6.821,25.59
2021-10-20,4.7376,7.0157,26.09
2021-10-21,4.6579,6.8647,25.29
2021-10-22,5.1158,6.8796,24.83
2021-10-23,4.4306,6.9451,25.07
2021-10-24,5.2529,6.7982,24.8
2021-10-25,4.9318,6.7769,25.49
2021-10-26,4.9831,6.8652,25.93
2021-10-27,4.4057,6.7555,25.19
2021-10-28,4.8106,6.5724,25.88
2021-10-29,3.3941,6.8863,25.42
2021-10-30,4.9632,6.8194,25.0
2021-10-31,4.6771,6.8076,24.43
2021-11-01,3.7409,6.8393,23.82
2021-11-02,4.5082,6.9022,24.84
2021-11-03,4.4369,6.894,24.08
2021-11-04,5.3606,6.8868,25.27
2021-11-05,4.8427,6.7685,25.14
2021-11-06,4.5346,6.6617,26.1
2021-11-07,4.4419,6.6744,25.03
2021-11-08,3.9158,6.534,25.06
2021-11-09,3.8926,6.5335,25.13
2021-11-10,4.1532,6.4411,25.56
2021-11-11,4.9409,6.5806,26.43
2021-11-12,4.6514,6.6446,26.68
2021-11-13,3.5921,6.673,25.99
2021-11-14,4.3466,6.479,25.12
2021-11-15,3.6089,6.5064,25.19
2021-11-16,4.4364,6.6206,25.65
2021-11-17,4.11,6.5794,26.36
2021-11-18,4.9802,6.6854,26.36
2021-11-19,4.4299,6.534,26.18
2021-11-20,4.626,6.5095,25.88
2021-11-21,4.1882,6.4663,24.49
2021-11-22,4.2701,6.3739,24.78
2021-11-23,3.9012,6.5467,24.4
2021-11-24,3.9506,6.54,24.25
2021-11-25,3.8544,6.4416,24.94
2021-11-26,4.223,6.4222,24.49
2021-11-27,4.1621,6.2573,25.25
2021-11-28,4.2984,6.3595,25.78
2021-11-29,3.858,6.4243,25.35
2021-11-30,2.9796,6.3574,25.08
2021-12-01,4.3387,6.2309,24.79
2021-12-02,4.4239,6.4015,25.79
2021-12-03,3.589,6.2777,26.46
2021-12-04,3.2318,6.4457,25.81
2021-12-05,2.7922,6.3732,25.98
2021-12-06,3.7411,6.413,26.79
2021-12-07,3.6986,6.3382,27.06
2021-12-08,3.7207,6.1937,26.28
2021-12-09,3.9756,6.3173,26.66
2021-12-10,4.4388,6.2945,26.18
2021-12-11,3.3888,6.4469,25.28
2021-12-12,3.0564,6.4968,24.91
2021-12-13,4.8442,6.3799,25.74
2021-12-14,4.385,6.4075,25.36
2021-12-15,4.1206,6.2995,24.94
2021-12-16,3.925,6.2446,25.16
2021-12-17,3.5076,6.2347,25.64
2021-12-18,2.779,6.3326,24.93
2021-12-19,3.5102,6.3031,24.99
2021-12-20,3.0643,6.4464,24.24
2021-12-21,2.1907,6.2381,24.32
2021-12-22,4.4184,6.2278,24.47
2021-12-23,4.1071,6.2897,25.39
2021-12-24,3.6936,6.1865,25.28
2021-12-25,4.0898,6.2542,25.84
2021-12-26,3.0602,6.3202,25.72
2021-12-27,3.4325,6.2938,25.77
2021-12-28,3.2923,6.1351,25.36
2021-12-29,3.1925,6.1531,25.33
2021-12-30,3.3223,6.1735,25.72
2021-12-31,4.0265,5.9779,25.93
2022-01-01,3.5832,6.1394,25.88
2022-01-02,2.7343,6.2328,26.36
2022-01-03,4.5629,6.325,26.29
2022-01-04,5.0777,6.3434,26.24
2022-01-05,5.1317,6.4094,25.56
2022-01-06,3.396,6.1522,25.14
2022-01-07,3.5926,6.2244,24.58
2022-01-08,4.4078,6.2508,24.8
2022-01-09,4.2509,6.0725,25.4
2022-01-10,2.3386,6.3108,24.62
2022-01-11,2.8087,6.2666,24.72
2022-01-12,5.1252,6.3926,24.58
2022-01-13,4.441,6.2755,23.59
2022-01-14,5.2735,6.2902,23.91
2022-01-15,4.122,6.1526,24.74
2022-01-16,3.9365,6.2767,25.23
2022-01-17,4.253,6.1783,25.36
2022-01-18,4.091,6.1346,25.64
2022-01-19,4.3267,6.4162,25.8
2022-01-20,3.8909,6.4236,26.29
2022-01-21,3.342,6.499,25.47
2022-01-22,4.2475,6.3806,26.21
2022-01-23,4.4124,6.5441,25.78
2022-01-24,4.4225,6.5455,25.18
2022-01-25,4.063,6.323,25.26
2022-01-26,4.2528,6.5688,25.38
2022-01-27,4.439,6.4939,25.36
2022-01-28,5.3962,6.6715,25.59
2022-01-29,4.8605,6.6418,24.94
2022-01-30,4.7278,6.6182,24.16
2022-01-31,5.9237,6.8892,24.74
2022-02-01,5.7391,6.672,25.24
2022-02-02,5.5106,6.6269,25.67
2022-02-03,4.7302,6.4685,25.97
2022-02-04,4.6152,6.4908,25.91
2022-02-05,5.0916,6.7661,25.38
2022-02-06,5.4187,6.7231,25.3
2022-02-07,3.5681,6.4788,24.92
2022-02-08,4.2017,6.69,24.67
2022-02-09,2.5397,6.4541,25.43
2022-02-10,4.818,6.6934,25.47
2022-02-11,5.0074,6.9149,25.99
2022-02-12,5.2325,6.9067,26.4
2022-02-13,3.0389,6.7106,25.1
2022-02-14,3.6194,6.7087,24.97
2022-02-15,4.8595,6.6185,26.06
2022-02-16,5.0278,6.7282,26.3
2022-02-17,4.62,6.755,26.6
2022-02-18,4.8046,6.708,26.93
2022-02-19,3.9526,6.979,24.81
2022-02-20,5.712,6.883,25.87
2022-02-21,5.874,6.9629,25.99
2022-02-22,5.8404,6.7267,26.3
2022-02-23,5.4816,6.8282,26.39
2022-02-24,5.4103,6.6362,26.28
2022-02-25,4.895,6.6974,26.24
2022-02-26,4.8847,6.8472,25.81
2022-02-27,2.5394,7.0704,25.17
2022-02-28,2.4701,6.9233,24.25
2022-03-01,3.5251,6.8472,25.48
2022-03-02,2.3558,7.0354,25.85
2022-03-03,4.5802,7.091,26.21
2022-03-04,3.2626,7.0013,25.65
2022-03-05,3.1517,6.9869,25.11
2022-03-06,2.808,7.1299,25.37
2022-03-07,6.025,7.2154,25.69
2022-03-08,5.537,7.2264,25.8
2022-03-09,5.5654,7.3202,26.15
2022-03-10,6.1855,7.2223,26.17
2022-03-11,6.3497,7.2725,26.19
2022-03-12,5.0707,7.2607,26.6
2022-03-13,5.3534,7.2055,26.82
2022-03-14,4.8101,7.11,26.76
2022-03-15,4.6291,7.1935,26.49
2022-03-16,5.3038,7.188,26.58
2022-03-17,4.141,7.0613,25.68
2022-03-18,4.6253,7.0387,25.7
2022-03-19,3.7123,7.0985,26.06
2022-03-20,3.7865,7.0754,25.76
2022-03-21,4.4326,7.0042,26.43
2022-03-22,5.0974,7.0505,26.57
2022-03-23,4.4813,7.0262,27.22
2022-03-24,4.8619,7.0339,27.41
2022-03-25,4.0308,6.846,26.62
2022-03-26,3.8962,6.8654,25.76
2022-03-27,2.3023,6.9972,25.5
2022-03-28,4.5538,7.0805,25.13
2022-03-29,3.383,7.0481,25.63
2022-03-30,5.4974,7.1095,25.43
2022-03-31,3.3209,7.2612,25.37
2022-04-01,4.6346,7.1429,26.23
2022-04-02,4.8151,7.0404,25.88
2022-04-03,2.9304,6.8513,25.11
2022-04-04,3.2873,7.0978,26.08
2022-04-05,4.59,7.2031,26.2
2022-04-06,3.6252,7.2857,25.43
2022-04-07,4.8,7.1148,25.14
2022-04-08,3.9516,6.9046,25.52
2022-04-09,4.3694,7.0445,25.42
2022-04-10,3.3619,6.7541,26.55
2022-04-11,4.2991,6.9667,26.07
2022-04-12,4.2874,6.9593,25.58
2022-04-13,3.7464,7.0176,27.3
2022-04-14,4.2218,7.1191,26.12
2022-04-15,4.7909,7.0015,27.31
2022-04-16,1.1218,7.2221,26.54
2022-04-17,5.173,7.1647,26.35
2022-04-18,4.4042,7.1657,24.67
2022-04-19,3.9077,7.0296,24.58
2022-04-20,4.8053,7.1842,25.29
2022-04-21,5.16,7.2706,25.3
2022-04-22,5.6374,7.2835,25.24
2022-04-23,6.0437,7.3819,25.45
2022-04-24,4.9032,7.2329,25.61
2022-04-25,5.3155,7.1573,25.22
2022-04-26,3.1402,7.1066,25.85
2022-04-27,4.6457,7.0848,26.34
2022-04-28,5.1372,7.0721,25.39
2022-04-29,5.0316,7.0687,25.7
2022-04-30,3.6785,7.0082,25.44
2022-05-01,4.8646,7.2562,25.3
2022-05-02,4.9003,7.2559,25.34
2022-05-03,5.3945,7.2506,26.75
2022-05-04,2.8342,7.3666,26.68
2022-05-05,2.2378,7.129,25.8
2022-05-06,4.0104,7.1719,24.58
2022-05-07,4.4047,7.0766,26.23
2022-05-08,4.6646,7.1088,26.36
2022-05-09,3.2714,7.1563,25.94
2022-05-10,4.8367,7.0466,26.04
2022-05-11,4.2502,7.1052,25.7
2022-05-12,5.2824,7.2425,25.68
2022-05-13,3.0946,7.255,25.75
2022-05-14,3.8441,7.1863,24.72
2022-05-15,4.187,7.043,25.84
2022-05-16,3.8875,7.2571,26.06
2022-05-17,3.929,7.1837,25.4
2022-05-18,3.4634,7.0975,25.89
2022-05-19,4.0339,7.2883,24.95
2022-05-20,4.9265,7.2722,25.13
2022-05-21,4.8775,7.0387,24.7
2022-05-22,4.4587,7.0858,26.42
2022-05-23,4.1914,7.3085,26.03
2022-05-24,4.9313,6.9209,26.11
2022-05-25,4.3157,6.7798,25.66
2022-05-26,3.6014,6.8126,24.82
2022-05-27,4.3051,7.0116,25.44
2022-05-28,3.4721,7.0354,25.36
2022-05-29,4.1302,7.0668,25.69
2022-05-30,3.7932,7.0265,25.27
2022-05-31,4.1983,7.049,25.82
2022-06-01,4.938,6.9497,24.92
2022-06-02,4.429,6.9014,24.15
2022-06-03,4.7069,6.7135,24.72
2022-06-04,4.2007,6.756,25.24
2022-06-05,3.5141,6.9,25.36
2022-06-06,4.5518,6.7872,24.54
2022-06-07,3.3346,7.1501,25.36
2022-06-08,5.3563,6.9967,25.23
2022-06-09,4.8295,6.859,24.23
2022-06-10,4.9565,6.8909,25.2
2022-06-11,3.107,6.9437,25.08
2022-06-12,4.7616,6.9706,24.58
2022-06-13,4.0651,6.9636,24.4
2022-06-14,4.3687,7.0159,24.59
2022-06-15,4.4954,6.8378,24.82
2022-06-16,4.5002,6.8191,24.25
2022-06-17,2.9808,6.9847,24.26
2022-06-18,4.687,6.9463,23.82
2022-06-19,4.5984,6.6816,25.19
2022-06-20,4.1244,6.7315,25.17
2022-06-21,3.929,6.8758,24.8
2022-06-22,4.4158,6.7279,24.98
2022-06-23,4.2264,6.9758,25.28
2022-06-24,3.8268,6.8952,25.14
2022-06-25,2.849,6.9662,24.87
2022-06-26,3.942,6.9494,24.21
2022-06-27,4.6006,6.6883,24.74
2022-06-28,4.8742,6.8827,23.95
2022-06-29,4.3042,6.9552,25.8
2022-06-30,4.5991,6.875,25.02
2022-07-01,5.4718,6.875,24.68
2022-07-02,4.6334,6.943,25.52
2022-07-03,4.3205,6.905,25.93
2022-07-04,3.7968,6.9077,25.74
2022-07-05,4.8516,6.8878,25.62
2022-07-06,4.5238,7.0392,24.88
2022-07-07,4.1957,6.9038,25.64
2022-07-08,4.6469,6.7802,25.99
2022-07-09,4.567,6.9655,26.94
2022-07-10,4.3795,6.8501,26.61
2022-07-11,4.039,6.8093,25.92
2022-07-12,4.3217,6.7987,25.29
2022-07-13,4.1393,6.8782,25.69
2022-07-14,4.7887,7.067,25.69
2022-07-15,5.297,6.9658,26.4
2022-07-16,4.3646,6.9022,25.68
2022-07-17,4.4563,7.0284,25.52
2022-07-18,4.7486,7.0046,26.56
2022-07-19,4.249,6.9415,26.45
2022-07-20,3.6264,7.0022,25.78
2022-07-21,4.4162,6.9228,24.8
2022-07-22,4.3721,6.9014,25.0
2022-07-23,3.4512,6.9466,25.82
2022-07-24,4.5638,6.882,24.3
2022-07-25,4.019,6.9178,24.29
2022-07-26,4.7998,6.8573,24.2
2022-07-27,4.4119,7.1095,25.28
2022-07-28,3.8592,7.0802,23.93
2022-07-29,4.5533,7.0008,25.46
2022-07-30,4.4494,7.1729,26.61
2022-07-31,2.6542,7.0474,26.3
2022-08-01,4.2605,7.1503,25.5
2022-08-02,4.2264,7.1551,24.41
2022-08-03,4.277,7.0006,24.51
2022-08-04,4.3697,6.9566,24.98
2022-08-05,3.667,7.081,25.56
2022-08-06,3.8861,7.0805,24.35
2022-08-07,5.0467,7.0186,25.4
2022-08-08,4.9546,7.1933,25.97
2022-08-09,4.5624,6.9864,26.48
2022-08-10,4.6541,6.9814,25.84
2022-08-11,4.5898,6.9982,24.58
2022-08-12,4.8295,7.0421,24.76
2022-08-13,5.0184,7.181,24.59
2022-08-14,4.6697,7.1064,25.85
2022-08-15,4.2862,7.2458,24.51
2022-08-16,4.6176,7.2082,25.49
2022-08-17,5.7698,7.2535,26.02
2022-08-18,4.6769,7.3123,26.36
2022-08-19,4.2187,7.1551,26.84
2022-08-20,4.0416,7.1789,26.47
2022-08-21,4.9145,7.1093,24.93
2022-08-22,3.5249,7.1501,24.61
2022-08-23,5.2836,7.0634,24.77
2022-08-24,4.8295,7.188,25.93
2022-08-25,4.0658,7.0642,25.82
2022-08-26,4.5358,7.0658,24.8
2022-08-27,4.4594,7.002,25.07
2022-08-28,4.4561,7.17,24.63
2022-08-29,4.6157,7.1618,24.08
2022-08-30,4.9001,7.1894,25.47
2022-08-31,4.77,7.129,26.01
2022-09-01,4.8634,7.0486,24.64
2022-09-02,5.105,6.9636,25.06
2022-09-03,5.0122,7.2588,25.8
2022-09-04,4.5298,7.0214,25.26
2022-09-05,5.1334,6.9562,25.21
2022-09-06,4.0817,7.177,25.97
2022-09-07,4.4796,7.1059,25.75
2022-09-08,4.8607,7.1146,24.92
2022-09-09,5.2966,7.1438,25.48
2022-09-10,4.4489,7.1515,26.3
2022-09-11,4.5809,7.0879,24.52
2022-09-12,5.1732,7.135,25.01
2022-09-13,5.2054,7.177,25.07
2022-09-14,3.9439,7.0174,24.64
2022-09-15,4.7801,7.1573,24.71
2022-09-16,4.9094,7.1842,24.49
2022-09-17,4.8586,6.9413,24.28
2022-09-18,4.2418,7.032,24.93
2022-09-19,3.4644,7.1477,24.53
2022-09-20,4.8038,7.0651,25.14
2022-09-21,5.1698,7.0634,24.24
2022-09-22,4.8319,7.1045,25.31
2022-09-23,5.0275,7.0882,25.55
2022-09-24,5.051,7.08,25.36
2022-09-25,5.3297,6.9914,25.19
2022-09-26,4.7892,7.0788,25.72
2022-09-27,4.3819,7.049,24.88
2022-09-28,4.6404,6.9814,25.4
2022-09-29,4.8653,6.8846,24.6
2022-09-30,4.469,7.0296,24.87
2022-10-01,4.415,7.1254,24.48
2022-10-02,4.4542,6.9598,25.49
2022-10-03,4.6798,7.0522,26.2
2022-10-04,3.5921,7.2041,25.86
2022-10-05,4.3022,6.99,25.58
2022-10-06,4.9872,6.9571,25.64
2022-10-07,5.3563,6.851,25.46
2022-10-08,3.1726,7.1453,24.68
2022-10-09,4.1587,6.9062,24.38
2022-10-10,4.1314,7.044,25.08
2022-10-11,4.2552,6.978,24.98
2022-10-12,3.9382,6.9986,25.8
2022-10-13,3.606,6.9782,25.05
2022-10-14,4.9063,6.858,25.33
2022-10-15,4.6085,6.7901,25.06
2022-10-16,4.6555,6.8194,25.45
2022-10-17,4.2818,6.7747,25.32
2022-10-18,5.0491,6.9355,25.46
2022-10-19,4.6392,6.9346,25.53
2022-10-20,4.3733,6.7805,25.0
2022-10-21,4.5096,6.689,25.29
2022-10-22,4.4434,6.8482,24.88
2022-10-23,4.3646,6.93,25.26
2022-10-24,3.739,6.7594,24.78
2022-10-25,4.7868,6.6926,25.02
2022-10-26,4.4892,6.7471,25.51
2022-10-27,4.6488,6.7378,25.22
2022-10-28,4.5804,6.7891,25.2
2022-10-29,5.9383,6.9226,25.16
2022-10-30,5.8651,6.8988,24.96
2022-10-31,5.3976,6.8297,25.22
2022-11-01,4.5977,6.631,25.38
2022-11-02,4.5206,6.5846,26.15
2022-11-03,4.0462,6.4642,25.31
2022-11-04,4.2132,6.7534,24.55
2022-11-05,3.2105,6.7217,23.94
2022-11-06,4.2046,6.5573,24.36
2022-11-07,4.3214,6.4399,25.14
2022-11-08,4.5094,6.5412,24.86
2022-11-09,3.779,6.4728,24.27
2022-11-10,5.1247,6.4334,24.6
2022-11-11,3.943,6.4327,24.94
2022-11-12,4.3548,6.4982,24.8
2022-11-13,4.2451,6.3173,24.36
2022-11-14,4.697,6.379,25.17
2022-11-15,4.3992,6.3137,26.04
2022-11-16,3.6293,6.3259,25.38
2022-11-17,3.6264,6.3881,24.93
2022-11-18,3.8832,6.3924,25.53
2022-11-19,4.2439,6.1529,25.88
2022-11-20,4.2274,6.1694,26.09
2022-11-21,4.3711,6.2124,24.79
2022-11-22,4.494,6.45,25.66
2022-11-23,4.9834,6.3756,25.63
2022-11-24,4.6092,6.3833,25.08
2022-11-25,4.4892,6.2786,25.63
2022-11-26,3.6787,6.1661,24.79
2022-11-27,3.9876,6.0559,24.79
2022-11-28,4.0018,6.2458,24.41
2022-11-29,4.1347,6.2794,24.11
2022-11-30,4.2701,6.2174,24.79
2022-12-01,4.4472,6.3787,25.22
2022-12-02,5.041,6.4728,24.9
2022-12-03,4.8802,6.3826,25.31
2022-12-04,3.5326,6.3785,25.3
2022-12-05,4.9349,6.2784,25.17
2022-12-06,3.6655,6.2638,24.62
2022-12-07,5.4048,6.4212,24.68
2022-12-08,4.542,6.2966,24.62
2022-12-09,3.3965,6.073,24.52
2022-12-10,4.0255,6.0754,24.69
2022-12-11,3.5791,6.0679,24.3
2022-12-12,2.4768,6.2587,24.65
2022-12-13,3.7015,6.1769,24.93
2022-12-14,4.0879,5.9933,24.85
2022-12-15,3.5537,6.0048,25.43
2022-12-16,4.1503,6.0857,25.89
2022-12-17,3.8285,5.9623,25.86
2022-12-18,3.6014,5.8783,25.37
2022-12-19,4.35,6.1594,25.5
2022-12-20,3.8662,5.9381,25.72
2022-12-21,3.3055,6.0398,25.73
2022-12-22,4.1198,5.9484,26.04
2022-12-23,3.9454,6.0533,26.02
2022-12-24,4.2662,6.0298,25.75
2022-12-25,3.7843,5.9952,25.12
2022-12-26,4.1018,6.0343,25.11
2022-12-27,3.0432,6.1781,25.25
2022-12-28,3.4692,6.0936,24.25
2022-12-29,4.2878,6.1464,26.02
2022-12-30,4.6982,6.1548,26.07
2022-12-31,4.283,6.0806,25.59
2023-01-01,4.5809,6.2712,23.76
2023-01-02,4.709,6.3026,23.32
2023-01-03,5.0345,6.2719,24.72
2023-01-04,5.5553,6.3499,25.02
2023-01-05,4.7412,6.1466,25.24
2023-01-06,3.09,6.0624,25.09
2023-01-07,4.2533,6.0566,25.63
2023-01-08,4.6438,6.0814,25.27
2023-01-09,3.3348,6.0206,25.06
2023-01-10,2.5932,5.9388,24.0
2023-01-11,4.4213,6.09,24.54
2023-01-12,3.6936,6.0622,24.96
2023-01-13,3.8131,6.2266,25.01
2023-01-14,2.9369,6.3514,24.2
2023-01-15,4.1542,6.2242,24.45
2023-01-16,4.3454,6.3307,25.12
2023-01-17,4.5703,6.3446,25.25
2023-01-18,3.6761,6.3576,24.87
2023-01-19,5.0525,6.4226,25.14
2023-01-20,5.1331,6.3871,25.22
2023-01-21,4.9865,6.4404,25.23
2023-01-22,3.8285,6.4733,25.84
2023-01-23,4.1611,6.4246,24.58
2023-01-24,4.2511,6.4226,26.02
2023-01-25,4.315,6.4966,26.35
2023-01-26,4.0781,6.5126,25.95
2023-01-27,5.3455,6.5916,25.37
2023-01-28,6.0564,6.7178,25.44
2023-01-29,5.8596,6.7094,24.98
2023-01-30,5.5522,6.6845,25.53
2023-01-31,5.4814,6.7226,25.14
2023-02-01,6.0526,6.6586,24.52
2023-02-02,6.211,6.5938,25.05
2023-02-03,4.4465,6.2376,25.67
2023-02-04,3.756,6.2974,25.25
2023-02-05,3.781,6.5213,25.43
2023-02-06,3.8928,6.204,26.13
2023-02-07,5.2673,6.5604,26.43
2023-02-08,5.2414,6.6029,26.59
2023-02-09,4.7758,6.5945,26.48
2023-02-10,4.3704,6.5489,26.22
2023-02-11,4.5643,6.4159,26.64
2023-02-12,3.8542,6.3818,26.19
2023-02-13,3.809,6.5323,26.28
2023-02-14,3.487,6.6708,25.93
2023-02-15,3.0811,6.7589,26.18
2023-02-16,3.6182,6.5155,26.38
2023-02-17,4.5209,6.7759,26.42
2023-02-18,5.6803,6.9862,25.68
2023-02-19,6.4601,6.9557,25.35
2023-02-20,6.0408,6.7961,25.19
2023-02-21,5.2469,6.6499,25.72
2023-02-22,4.7849,6.5011,25.3
2023-02-23,5.2908,6.7277,26.07
2023-02-24,5.3326,6.816,25.97
2023-02-25,5.7005,6.9401,25.62
2023-02-26,5.4638,6.8131,26.05
2023-02-27,4.5934,6.7356,26.33
2023-02-28,3.6893,6.6516,26.06
2023-03-01,3.4298,6.6163,26.36
2023-03-02,4.0505,6.767,26.55
2023-03-03,3.1354,6.6859,25.8
2023-03-04,4.111,6.7246,26.93
2023-03-05,2.6935,6.8146,25.67
2023-03-06,3.0314,6.8342,25.38
2023-03-07,3.7658,6.6458,25.76
2023-03-08,4.2394,6.5527,25.37
2023-03-09,4.7002,6.6811,24.63
2023-03-10,4.8708,6.8942,25.4
2023-03-11,3.6643,6.8856,25.42
2023-03-12,4.7232,6.9146,26.17
2023-03-13,3.3014,6.4889,26.02
2023-03-14,3.9262,6.9266,25.05
2023-03-15,4.8986,7.0032,24.79
2023-03-16,4.8432,7.0548,25.01
2023-03-17,3.6914,7.1587,25.3
2023-03-18,4.9416,6.9787,25.54
2023-03-19,5.1233,7.0742,25.96
2023-03-20,5.3083,7.0207,26.87
2023-03-21,5.2973,6.7946,27.28
2023-03-22,5.2243,6.7426,26.75
2023-03-23,4.7705,6.8064,26.78
2023-03-24,4.5974,6.9127,26.22
2023-03-25,3.6792,7.0738,26.82
2023-03-26,4.0291,6.8016,25.42
2023-03-27,2.8356,6.288,26.14
2023-03-28,3.984,6.8945,26.45
2023-03-29,4.7942,6.9019,26.51
2023-03-30,5.1274,7.0663,26.44
2023-03-31,4.3862,6.8928,25.45
2023-04-01,4.615,6.7788,26.8
2023-04-02,4.4875,7.0754,26.27
2023-04-03,4.8953,7.2689,27.74
2023-04-04,5.0962,7.0013,27.84
2023-04-05,5.0364,7.0135,26.68
2023-04-06,4.9894,6.8431,26.49
2023-04-07,5.094,7.0368,25.69
2023-04-08,6.0787,7.2163,25.35
2023-04-09,4.9385,7.374,26.62
2023-04-10,4.1251,7.0399,26.28
2023-04-11,3.5614,7.0656,26.14
2023-04-12,4.0774,7.0711,25.36
2023-04-13,3.949,6.972,26.6
2023-04-14,4.362,6.9139,26.86
2023-04-15,2.9544,7.0282,26.03
2023-04-16,2.2075,7.0582,25.64
2023-04-17,4.8262,7.0829,26.04
2023-04-18,5.5536,7.1712,26.3
2023-04-19,4.9438,7.2293,26.51
2023-04-20,3.2002,6.9307,25.49
2023-04-21,4.327,6.8938,24.35
2023-04-22,5.8433,7.0591,25.82
2023-04-23,4.523,7.2307,26.26
2023-04-24,5.5716,7.2298,25.46
2023-04-25,5.6947,7.1866,26.61
2023-04-26,4.5101,7.1897,26.64
2023-04-27,4.6937,7.1057,24.84
2023-04-28,4.3375,7.2482,25.38
2023-04-29,3.7243,6.9967,25.41
2023-04-30,3.0298,6.9089,25.37
2023-05-01,4.7446,7.1726,26.95
2023-05-02,5.297,7.2341,27.5
2023-05-03,4.9238,7.2331,27.65
2023-05-04,5.0573,7.2312,28.24
2023-05-05,4.4105,7.026,27.8
2023-05-06,4.2902,6.9588,27.9
2023-05-07,4.4582,7.1021,27.46
2023-05-08,4.4654,6.8335,27.77
2023-05-09,4.2403,6.8863,26.3
2023-05-10,2.8877,7.1033,26.79
2023-05-11,5.4782,7.0392,26.77
2023-05-12,4.6975,7.1177,26.77
2023-05-13,4.505,6.9298,26.67
2023-05-14,2.3923,6.8957,26.4
2023-05-15,2.2169,6.9221,26.69
2023-05-16,3.8566,6.8988,25.66
2023-05-17,5.034,7.1006,25.96
2023-05-18,4.6519,7.1494,27.75
2023-05-19,3.7118,7.0656,26.82
2023-05-20,1.7359,6.997,26.5
2023-05-21,3.2021,6.8534,26.09
2023-05-22,4.679,6.881,25.87
2023-05-23,3.6206,6.923,26.07
2023-05-24,2.988,7.0486,25.51
2023-05-25,4.8302,7.0272,26.37
2023-05-26,4.8965,7.0726,25.73
2023-05-27,4.9752,7.025,25.79
2023-05-28,5.0506,6.9658,26.53
2023-05-29,3.2275,6.9698,25.32
2023-05-30,5.7331,6.9617,25.36
2023-05-31,4.2917,6.919,25.21
2023-06-01,3.0662,6.696,25.11
2023-06-02,5.3066,6.8587,25.01
2023-06-03,5.0054,6.8974,26.84
2023-06-04,3.6278,7.0433,25.39
2023-06-05,5.1698,6.8798,25.79
2023-06-06,4.3325,7.0061,25.81
2023-06-07,4.9829,6.9461,26.23
2023-06-08,4.5826,7.1083,25.73
2023-06-09,5.0501,6.8808,25.08
2023-06-10,4.423,6.9924,26.15
2023-06-11,5.3131,7.0063,26.84
2023-06-12,4.2482,7.1767,26.76
2023-06-13,4.5281,6.9785,26.77
2023-06-14,4.9488,6.8846,26.57
2023-06-15,4.1724,6.8556,26.26
2023-06-16,4.1119,6.7937,26.83
2023-06-17,4.1599,6.7706,25.59
2023-06-18,6.0163,6.8563,27.6
2023-06-19,4.6764,6.8575,27.17
2023-06-20,4.8898,6.8918,27.94
2023-06-21,3.8434,6.8066,26.86
2023-06-22,3.5354,6.7154,26.23
2023-06-23,4.1724,6.6845,25.88
2023-06-24,4.5742,6.8474,25.75
2023-06-25,4.1964,6.7954,24.73
2023-06-26,3.9816,6.7298,24.78
2023-06-27,4.775,6.8328,26.35
2023-06-28,4.3642,6.942,25.96
2023-06-29,4.7246,6.8527,27.13
2023-06-30,4.4227,6.8921,26.74
2023-07-01,2.5882,6.7538,26.18
2023-07-02,2.7696,6.7558,26.01
2023-07-03,5.2481,6.8827,25.37
2023-07-04,2.7655,6.96,25.6
2023-07-05,4.5218,6.8654,26.19
2023-07-06,3.967,6.9281,24.98
2023-07-07,5.2922,6.8318,24.6
2023-07-08,3.9475,6.8796,25.47
2023-07-09,4.6702,7.0464,25.67
2023-07-10,4.787,7.003,26.7
2023-07-11,5.2212,7.0567,26.83
2023-07-12,5.657,7.0505,26.49
2023-07-13,4.8672,6.989,26.71
2023-07-14,4.6754,6.8093,26.76
2023-07-15,4.7959,6.9612,26.05
2023-07-16,4.8204,6.9751,26.11
2023-07-17,4.6622,6.9398,25.03
2023-07-18,4.8955,6.9571,26.35
2023-07-19,5.5296,7.0673,28.03
2023-07-20,5.7794,7.0579,28.08
2023-07-21,4.2581,7.0462,27.45
2023-07-22,3.3698,6.93,26.44
2023-07-23,4.2396,6.9163,26.67
2023-07-24,3.5736,6.9847,26.79
2023-07-25,3.168,6.9132,26.89
2023-07-26,4.8235,6.8232,25.96
2023-07-27,5.1571,6.8422,26.61
2023-07-28,5.0614,6.9398,25.93
2023-07-29,4.506,7.0805,26.9
2023-07-30,4.3447,6.9492,27.17
2023-07-31,4.8022,6.9396,25.94
2023-08-01,4.8965,6.9331,25.88
2023-08-02,4.985,7.0718,26.3
2023-08-03,4.8677,7.1297,27.34
2023-08-04,5.4516,7.1297,27.25
2023-08-05,5.159,7.0416,27.11
2023-08-06,4.2444,6.977,26.54
2023-08-07,4.0874,6.9826,26.31
2023-08-08,4.608,7.1136,26.34
2023-08-09,3.0622,6.9619,26.81
2023-08-10,4.9666,6.9917,26.89
2023-08-11,4.7705,7.007,26.5
2023-08-12,3.8854,7.0742,25.74
2023-08-13,3.4738,7.0956,26.65
2023-08-14,5.1946,7.1441,25.69
2023-08-15,4.14,7.1808,25.08
2023-08-16,4.9711,7.0752,25.14
2023-08-17,5.0923,7.043,25.96
2023-08-18,5.077,7.1237,25.66
2023-08-19,4.5907,7.1299,26.39
2023-08-20,4.3745,7.1011,26.21
2023-08-21,4.4285,7.1059,25.84
2023-08-22,4.0056,6.8191,25.24
2023-08-23,5.1478,7.0277,25.7
2023-08-24,5.3587,7.259,25.44
2023-08-25,5.2198,7.1969,25.83
2023-08-26,5.1084,7.2449,26.27
2023-08-27,6.0314,7.218,25.61
2023-08-28,5.7679,7.2264,26.35
2023-08-29,5.4139,7.2444,27.3
2023-08-30,5.7926,7.2809,28.08
2023-08-31,5.0954,7.0824,27.47
2023-09-01,5.1888,7.0709,27.8
2023-09-02,2.1552,7.2562,27.06
2023-09-03,5.1746,7.0236,25.89
2023-09-04,4.9133,7.1242,25.32
2023-09-05,4.8485,7.1791,26.49
2023-09-06,4.9034,7.1794,26.77
2023-09-07,3.6962,7.0766,26.26
2023-09-08,4.5353,7.0068,26.34
2023-09-09,2.5174,7.0668,25.84
2023-09-10,4.7194,6.8983,25.45
2023-09-11,4.3183,7.1974,26.83
2023-09-12,4.2715,7.2247,26.25
2023-09-13,5.1653,7.1309,26.44
2023-09-14,4.949,7.153,26.83
2023-09-15,3.9811,7.0411,25.87
2023-09-16,4.5041,7.1225,25.86
2023-09-17,4.4513,7.0356,25.89
2023-09-18,4.0428,7.1189,25.82
2023-09-19,4.9978,6.9806,25.76
2023-09-20,4.9675,7.0334,26.27
2023-09-21,5.1835,7.1306,25.62
2023-09-22,3.8398,7.1954,26.56
2023-09-23,3.6238,7.2072,27.19
2023-09-24,4.9958,7.0906,26.41
2023-09-25,4.8924,7.1124,26.05
2023-09-26,4.0546,7.0673,26.41
2023-09-27,4.3097,7.2158,26.31
2023-09-28,4.9354,7.1434,26.35
2023-09-29,4.5458,6.9511,26.92
2023-09-30,4.2689,7.0238,26.26
2023-10-01,4.3634,7.0783,26.2
2023-10-02,3.7044,6.8986,26.01
2023-10-03,4.116,6.9096,25.73
2023-10-04,3.6811,7.049,25.17
2023-10-05,4.6322,6.9946,25.8
2023-10-06,4.819,6.9516,26.58
2023-10-07,4.6447,7.0272,26.45
2023-10-08,4.7582,7.1455,26.23
2023-10-09,4.5631,6.7975,26.08
2023-10-10,3.3122,6.8678,26.58
2023-10-11,4.1633,6.8462,26.27
2023-10-12,4.764,6.8309,26.85
2023-10-13,4.2163,6.8482,26.14
2023-10-14,4.8648,6.816,26.58
2023-10-15,4.6421,6.7692,25.81
2023-10-16,4.3027,6.8016,25.86
2023-10-17,4.8264,6.6658,26.24
2023-10-18,4.3615,6.7735,26.62
2023-10-19,3.6982,6.791,26.77
2023-10-20,3.749,6.6953,25.98
2023-10-21,4.0968,6.7685,25.99
2023-10-22,4.6229,6.5491,26.52
2023-10-23,4.476,6.655,26.5
2023-10-24,4.5905,6.7678,25.51
2023-10-25,3.2443,6.7315,25.4
2023-10-26,3.9662,6.6847,24.81
2023-10-27,2.9009,6.7406,25.12
2023-10-28,4.4458,6.8342,24.52
2023-10-29,5.0666,6.66,25.88
2023-10-30,4.3742,6.7154,25.44
2023-10-31,5.0314,6.5676,25.12
2023-11-01,4.3663,6.6113,24.57
2023-11-02,4.903,6.4658,25.19
2023-11-03,4.6766,6.4999,25.09
2023-11-04,4.6949,6.4735,26.09
2023-11-05,3.6178,6.4006,26.43
2023-11-06,4.8946,6.4826,25.61
2023-11-07,4.547,6.3161,25.88
2023-11-08,3.7315,6.4253,26.67
2023-11-09,4.4782,6.3893,26.85
2023-11-10,4.3999,6.373,26.79
2023-11-11,3.9542,6.3163,26.44
2023-11-12,3.047,6.3079,26.24
2023-11-13,4.0874,6.2645,26.79
2023-11-14,3.0713,6.4658,26.51
2023-11-15,3.2563,6.3866,26.42
2023-11-16,4.5389,6.337,25.88
2023-11-17,4.5182,6.3461,26.2
2023-11-18,5.0527,6.3264,25.53
2023-11-19,4.8072,6.3696,25.64
2023-11-20,4.7378,6.3451,25.58
2023-11-21,4.8384,6.3888,25.61
2023-11-22,4.3841,6.3888,24.94
2023-11-23,4.7578,6.3938,26.48
2023-11-24,4.0171,6.317,26.71
2023-11-25,4.8094,6.3314,25.66
2023-11-26,4.2965,6.1586,26.51
2023-11-27,4.2228,6.2748,27.71
2023-11-28,4.5077,6.2467,27.22
2023-11-29,3.7459,6.3182,25.93
2023-11-30,3.9542,6.233,26.0
2023-12-01,4.481,6.2818,27.01
2023-12-02,4.8552,6.2359,27.13
2023-12-03,4.1556,6.1716,27.62
2023-12-04,3.9394,6.0845,27.54
2023-12-05,4.2521,6.1922,27.29
2023-12-06,4.0606,6.1471,26.49
2023-12-07,3.4128,6.0516,25.5
2023-12-08,3.5866,6.0761,26.59
2023-12-09,4.2554,6.0869,27.28
2023-12-10,2.7773,6.0158,26.72
2023-12-11,3.6082,6.0593,27.19
2023-12-12,3.6067,6.1567,27.05
2023-12-13,3.6005,6.0458,26.71
2023-12-14,3.1507,6.1687,26.49
2023-12-15,4.0522,5.9604,26.78
2023-12-16,3.533,6.0451,25.69
2023-12-17,4.387,6.0785,26.29
2023-12-18,4.1354,6.1418,26.69
2023-12-19,5.0117,6.1841,26.59
2023-12-20,4.1016,6.1769,26.51
2023-12-21,4.6426,6.2561,26.64
2023-12-22,4.2547,6.1394,27.31
2023-12-23,3.8071,5.9155,27.1
2023-12-24,3.5628,5.9266,27.02
2023-12-25,2.8814,5.7883,26.35
2023-12-26,3.4397,5.9474,26.63
2023-12-27,3.8556,5.987,26.19
2023-12-28,3.4217,5.9993,25.45
2023-12-29,3.7522,6.1286,24.59
2023-12-30,4.3332,6.1346,25.48
2023-12-31,4.2643,6.1421,26.49
2024-01-01,4.0699,6.157,26.63
2024-01-02,3.9638,6.2609,26.32
2024-01-03,4.7683,6.1927,26.8
2024-01-04,4.8362,6.2381,27.0
2024-01-05,4.7587,6.2386,27.32
2024-01-06,5.0309,6.373,27.29
2024-01-07,3.792,6.2078,27.35
2024-01-08,4.0754,6.1282,27.49
2024-01-09,5.2442,6.1814,27.47
2024-01-10,4.0771,6.0768,27.38
2024-01-11,4.7484,6.2215,27.08
2024-01-12,3.6974,6.1872,26.46
2024-01-13,4.9771,6.1538,26.39
2024-01-14,4.871,6.27,27.0
2024-01-15,4.68,6.3934,27.42
2024-01-16,5.0172,6.3775,27.81
2024-01-17,4.5067,6.3187,28.02
2024-01-18,4.842,6.3062,27.91
2024-01-19,3.9115,6.257,27.58
2024-01-20,4.1117,6.2659,27.54
2024-01-21,4.0022,6.1824,27.33
2024-01-22,3.9194,6.3888,27.71
2024-01-23,4.806,6.3281,27.65
2024-01-24,4.5984,6.2491,27.83
2024-01-25,4.877,6.3319,28.03
2024-01-26,4.5914,6.0888,27.66
2024-01-27,4.2581,6.289,27.6
2024-01-28,4.5437,6.3533,27.53
2024-01-29,3.989,6.2191,26.92
2024-01-30,4.9565,6.2916,26.9
2024-01-31,3.0833,6.0835,26.74
2024-02-01,3.127,5.8003,26.27
2024-02-02,2.9282,5.8555,25.05
2024-02-03,4.2194,6.0031,25.46
2024-02-04,3.797,6.2705,26.68
2024-02-05,3.701,6.3427,26.59
2024-02-06,4.8523,6.6199,27.0
2024-02-07,3.0802,6.6151,25.04
2024-02-08,4.4635,6.6559,25.59
2024-02-09,3.9281,6.6101,26.08
2024-02-10,4.6159,6.7778,27.65
2024-02-11,5.0849,6.6893,28.58
2024-02-12,5.0335,6.7831,28.79
2024-02-13,4.225,6.8239,27.63
2024-02-14,4.2386,6.6319,27.88
2024-02-15,3.7404,6.5402,28.35
2024-02-16,4.423,6.5813,28.72
2024-02-17,3.4128,6.5366,27.96
2024-02-18,4.477,6.7534,29.16
2024-02-19,4.6526,6.7536,27.74
2024-02-20,4.6757,6.7697,27.63
2024-02-21,2.9777,6.7334,26.27
2024-02-22,5.9774,7.0951,26.19
2024-02-23,5.3412,7.0589,26.94
2024-02-24,5.2262,6.7469,27.04
2024-02-25,5.2963,6.6415,27.05
2024-02-26,4.878,6.5136,27.39
2024-02-27,5.3119,6.8194,28.04
2024-02-28,5.6729,6.8974,28.5
2024-02-29,5.5774,6.8887,28.37
2024-03-01,5.0335,6.6725,28.9
2024-03-02,5.0914,6.8664,27.95
2024-03-03,4.4683,6.733,27.66
2024-03-04,4.6392,6.8688,28.35
2024-03-05,4.6322,6.7598,28.44
2024-03-06,4.2134,6.6749,28.9
2024-03-07,4.0586,6.5702,28.5
2024-03-08,2.8546,6.6312,28.5
2024-03-09,4.3956,6.612,29.02
2024-03-10,3.9984,6.8458,29.1
2024-03-11,3.4433,6.6638,28.57
2024-03-12,3.5261,6.6504,29.12
2024-03-13,3.5652,6.7483,28.22
2024-03-14,3.5974,6.7418,29.11
2024-03-15,3.6178,6.6878,29.94
2024-03-16,4.1993,6.8866,29.91
2024-03-17,3.2326,6.5659,30.2
2024-03-18,3.7682,6.9211,29.46
2024-03-19,3.3379,6.7512,27.56
2024-03-20,2.3664,6.7874,26.78
2024-03-21,3.9624,6.9094,27.3
2024-03-22,5.3839,6.9065,28.94
2024-03-23,3.7903,6.7075,27.74
2024-03-24,4.7131,7.0661,27.76
2024-03-25,5.3832,7.0596,28.33
2024-03-26,5.9698,7.272,28.1
2024-03-27,4.2444,7.1875,27.92
2024-03-28,5.6522,7.1225,28.26
2024-03-29,5.5452,7.0529,28.0
2024-03-30,4.6214,6.8002,27.63
2024-03-31,4.0363,6.4236,27.95
2024-04-01,3.9943,6.7313,27.66
2024-04-02,4.5012,6.4769,27.76
2024-04-03,4.7143,6.9062,26.26
2024-04-04,3.3526,6.9386,25.51
2024-04-05,4.3154,6.9391,28.03
2024-04-06,4.471,6.8429,28.61
2024-04-07,4.2758,7.0171,28.3
2024-04-08,4.2672,7.0272,27.32
2024-04-09,4.884,7.0106,28.05
2024-04-10,4.4448,7.1098,28.35
2024-04-11,4.7182,6.9962,28.99
2024-04-12,5.4701,6.8969,29.52
2024-04-13,4.7652,6.7214,28.9
2024-04-14,4.2499,6.5378,29.11
2024-04-15,3.9293,6.8081,28.83
2024-04-16,3.9269,6.8998,28.41
2024-04-17,3.553,6.3038,27.76
2024-04-18,3.0907,6.4586,27.14
2024-04-19,1.5449,6.2779,25.82
2024-04-20,4.9978,6.8422,26.95
2024-04-21,4.0526,7.0118,26.09
2024-04-22,3.3427,7.0272,26.29
2024-04-23,5.3638,7.0253,25.67
2024-04-24,3.7608,7.2108,26.14
2024-04-25,3.1891,7.1105,25.92
2024-04-26,4.9063,7.0942,25.45
2024-04-27,4.5048,7.0954,26.55
2024-04-28,3.0389,7.2062,25.93
2024-04-29,5.7454,7.2274,27.21
2024-04-30,2.6916,7.2067,27.66
2024-05-01,4.074,6.9605,26.78
2024-05-02,3.2285,6.9809,26.27
2024-05-03,3.9269,6.9528,26.82
2024-05-04,2.25,6.7894,26.29
2024-05-05,4.7549,6.8424,27.02
2024-05-06,3.876,7.0646,27.13
2024-05-07,2.5735,7.0212,26.84
2024-05-08,4.7482,6.9185,26.36
2024-05-09,4.6615,6.8642,25.95
2024-05-10,5.3266,6.9998,27.19
2024-05-11,4.8953,7.0138,26.18
2024-05-12,4.6056,7.1054,26.32
2024-05-13,4.3171,7.0265,27.82
2024-05-14,4.2264,7.0265,26.85
2024-05-15,4.4549,6.876,27.59
2024-05-16,4.1074,6.7582,27.0
2024-05-17,4.5168,6.817,26.29
2024-05-18,4.5821,6.8842,25.99
2024-05-19,3.7114,6.756,27.35
2024-05-20,3.8201,6.9118,26.97
2024-05-21,4.6286,6.943,26.8
2024-05-22,3.9103,6.8976,25.67
2024-05-23,4.194,7.1004,25.92
2024-05-24,4.2259,6.9415,26.13
2024-05-25,4.5182,7.1112,25.92
2024-05-26,4.2108,7.0399,27.02
2024-05-27,3.8578,6.9538,26.19
2024-05-28,5.0765,6.9442,25.68
2024-05-29,4.241,6.9178,25.93
2024-05-30,5.1298,6.8666,26.16
2024-05-31,4.0423,7.0243,26.11
2024-06-01,4.2432,7.0147,27.73
2024-06-02,3.8182,6.9986,27.78
2024-06-03,5.3069,6.9931,26.78
2024-06-04,4.0454,6.793,26.11
2024-06-05,5.2291,6.8059,26.26
2024-06-06,2.0381,6.8218,25.15
2024-06-07,5.07,6.817,26.22
2024-06-08,4.0733,6.7968,27.15
2024-06-09,4.7866,6.8638,26.42
2024-06-10,4.4398,6.7922,25.82
2024-06-11,4.6135,6.7613,26.28
2024-06-12,4.3111,6.8645,26.04
2024-06-13,5.0441,6.7814,25.9
2024-06-14,3.899,6.857,25.11
2024-06-15,4.1926,7.0433,24.83
2024-06-16,2.8339,6.767,25.05
2024-06-17,4.9658,6.8275,26.48
2024-06-18,2.3035,6.875,26.26
2024-06-19,4.9051,6.7224,25.64
2024-06-20,4.5096,6.8071,24.2
2024-06-21,4.2038,6.9048,25.56
2024-06-22,3.7606,6.8136,26.79
2024-06-23,3.7622,6.7884,26.76
2024-06-24,4.6495,6.7776,25.82
2024-06-25,4.7136,6.8726,25.74
2024-06-26,4.632,6.8681,24.99
2024-06-27,4.883,6.8621,24.64
2024-06-28,5.1876,6.8518,24.35
2024-06-29,4.5576,6.8251,25.85
2024-06-30,4.7066,6.9432,26.46
2024-07-01,4.6714,6.9826,26.81
2024-07-02,4.5211,6.781,25.83
2024-07-03,4.8677,6.8378,25.2
2024-07-04,4.3656,6.8914,24.81
2024-07-05,3.3041,6.8558,24.29
2024-07-06,4.9514,6.871,25.73
2024-07-07,5.0623,6.8604,26.77
2024-07-08,5.9136,7.0277,26.96
2024-07-09,4.2514,6.8374,27.11
2024-07-10,4.338,6.6744,26.13
2024-07-11,4.8194,6.8532,25.82
2024-07-12,5.3414,6.8438,26.59
2024-07-13,4.805,6.9348,26.38
2024-07-14,5.7077,7.003,27.71
2024-07-15,5.3736,6.9413,27.95
2024-07-16,4.321,6.954,27.28
2024-07-17,4.9766,6.7354,27.15
2024-07-18,4.7628,6.8657,25.57
2024-07-19,4.4482,6.6581,25.98
2024-07-20,4.4926,6.9629,26.13
2024-07-21,4.2826,6.9521,26.96
2024-07-22,4.7191,6.8544,27.26
2024-07-23,4.5792,6.8383,25.86
2024-07-24,5.1557,6.8765,26.05
2024-07-25,3.8311,6.8803,26.44
2024-07-26,4.4681,6.8585,26.02
2024-07-27,4.9483,6.7582,26.26
2024-07-28,4.1335,6.8803,26.57
2024-07-29,5.0484,6.9931,27.21
2024-07-30,3.5578,6.7982,26.89
2024-07-31,4.9318,6.9641,26.28
2024-08-01,3.4481,6.9461,25.86
2024-08-02,5.2973,7.032,24.99
2024-08-03,3.3166,7.0618,25.67
2024-08-04,4.6858,7.009,26.09
2024-08-05,3.6862,7.0253,26.59
2024-08-06,5.0455,6.9118,25.0
2024-08-07,3.444,6.4886,25.21
2024-08-08,5.1391,6.8662,26.03
2024-08-09,3.0598,7.1863,26.07
2024-08-10,4.5103,7.0109,25.01
2024-08-11,5.6021,6.9492,24.57
2024-08-12,4.4779,7.0694,26.13
2024-08-13,5.2272,7.1554,26.7
2024-08-14,4.909,7.0123,26.63
2024-08-15,4.2394,7.0176,26.97
2024-08-16,4.921,7.0898,27.06
2024-08-17,4.0534,7.0934,26.45
2024-08-18,5.833,7.1501,26.98
2024-08-19,4.1954,7.0106,27.01
2024-08-20,4.6171,7.0058,27.07
2024-08-21,4.7556,7.0447,26.14
2024-08-22,4.6013,6.9996,25.92
2024-08-23,5.1737,6.9581,25.78
2024-08-24,4.4849,7.0666,25.39
2024-08-25,4.0682,6.9859,25.61
2024-08-26,4.1455,7.0171,25.03
2024-08-27,4.9226,7.1179,26.45
2024-08-28,5.6424,7.2096,27.29
2024-08-29,4.1326,7.1026,26.79
2024-08-30,5.3227,7.0838,25.79
2024-08-31,4.4729,7.0159,25.91
2024-09-01,4.9958,7.0447,25.61
2024-09-02,4.6152,6.9122,25.67
2024-09-03,3.6242,6.8465,25.84
2024-09-04,5.3263,7.0706,26.36
2024-09-05,4.777,7.007,25.94
2024-09-06,4.5317,7.0085,26.57
2024-09-07,4.7669,6.9209,25.69
2024-09-08,3.0869,6.8666,25.9
2024-09-09,4.5278,6.9696,26.43
2024-09-10,4.9068,7.1306,26.91
2024-09-11,5.0052,6.8966,26.31
2024-09-12,2.6664,6.937,25.44
2024-09-13,4.6637,6.8563,26.25
2024-09-14,4.3642,6.9451,27.27
2024-09-15,4.4722,7.1712,27.9
2024-09-16,2.791,7.0942,27.56
2024-09-17,5.0203,7.266,27.67
2024-09-18,5.2198,7.0946,26.85
2024-09-19,4.8343,7.0195,27.26
2024-09-20,4.0927,7.0565,25.87
2024-09-21,4.1117,7.1182,24.71
2024-09-22,4.0529,7.1342,24.67
2024-09-23,5.8598,7.1693,25.32
2024-09-24,5.5733,7.1268,26.14
2024-09-25,3.7966,7.145,25.01
2024-09-26,4.6879,6.8798,24.71
2024-09-27,4.691,7.0714,26.02
2024-09-28,4.4237,7.2468,25.07
2024-09-29,4.0742,7.3949,24.43
2024-09-30,5.8202,7.285,25.32
2024-10-01,4.4868,7.0553,25.16
2024-10-02,4.8089,6.8707,25.81
2024-10-03,5.2498,7.0498,26.02
2024-10-04,3.8974,7.153,26.0
2024-10-05,5.0741,6.829,25.98
2024-10-06,4.6718,6.9962,26.07
2024-10-07,3.7152,6.9564,25.98
2024-10-08,3.6653,7.195,24.91
2024-10-09,5.3206,6.9475,25.09
2024-10-10,3.0108,6.9881,25.12
2024-10-11,4.6793,6.8494,25.25
2024-10-12,4.1398,6.8664,25.77
2024-10-13,3.5534,7.0262,26.04
2024-10-14,4.8319,7.0315,26.19
2024-10-15,4.519,6.9574,25.26
2024-10-16,3.9876,6.8522,25.56
2024-10-17,4.4494,6.8506,26.29
2024-10-18,4.3054,6.798,26.47
2024-10-19,4.0212,6.6912,25.89
2024-10-20,4.9159,6.732,25.73
2024-10-21,4.9476,6.7188,25.77
2024-10-22,5.0501,6.6866,25.51
2024-10-23,4.2917,6.6182,26.05
2024-10-24,4.2118,6.589,26.66
2024-10-25,4.4268,6.66,26.43
2024-10-26,3.7075,6.7901,26.96
2024-10-27,4.313,6.7217,26.63
2024-10-28,4.6982,6.4982,26.22
2024-10-29,3.6103,6.6353,26.16
2024-10-30,2.934,6.6595,26.25
2024-10-31,4.3759,6.8407,25.61
2024-11-01,3.9619,6.7188,24.34
2024-11-02,3.2057,6.5376,24.75
2024-11-03,2.8752,6.5604,24.24
2024-11-04,3.4613,6.5947,25.31
2024-11-05,4.9531,6.5945,25.6
2024-11-06,3.8981,6.4529,25.95
2024-11-07,4.037,6.6029,25.07
2024-11-08,1.9934,6.5698,24.98
2024-11-09,4.4371,6.7195,24.38
2024-11-10,4.9994,6.529,25.25
2024-11-11,4.0697,6.5462,23.77
2024-11-12,5.5246,6.5153,24.75
2024-11-13,5.5915,6.5986,24.91
2024-11-14,5.0172,6.3816,25.0
2024-11-15,4.8432,6.3672,24.81
2024-11-16,4.7976,6.3211,24.94
2024-11-17,3.7536,6.3466,24.97
2024-11-18,4.0248,6.3067,25.28
2024-11-19,3.9653,6.2981,26.06
2024-11-20,5.2327,6.384,25.05
2024-11-21,4.9178,6.4241,25.07
2024-11-22,2.6635,6.5201,25.06
2024-11-23,4.2864,6.4582,24.59
2024-11-24,3.6672,6.2206,25.57
2024-11-25,4.3042,6.2618,25.67
2024-11-26,3.6439,6.2467,25.52
2024-11-27,4.8804,6.2033,25.34
2024-11-28,4.3327,6.167,25.26
2024-11-29,3.6401,6.0888,25.29
2024-11-30,3.7195,6.2078,25.99
2024-12-01,3.8926,6.1697,26.17
2024-12-02,3.8513,6.1354,25.5
2024-12-03,4.4232,6.1157,26.3
2024-12-04,3.8614,6.1037,25.04
2024-12-05,4.2862,6.223,26.12
2024-12-06,4.2967,6.1483,26.32
2024-12-07,5.0978,6.2642,25.68
2024-12-08,5.4734,6.2935,25.55
2024-12-09,4.5511,6.1315,26.45
2024-12-10,4.0428,6.1404,26.91
2024-12-11,3.7313,6.2916,26.89
2024-12-12,4.4969,6.1044,26.92
2024-12-13,5.0059,6.2095,26.38
2024-12-14,4.0939,6.0024,25.34
2024-12-15,3.827,6.0833,25.36
2024-12-16,3.5784,6.0566,25.3
2024-12-17,3.6132,5.8958,26.37
2024-12-18,3.739,5.9038,26.6
2024-12-19,1.5936,6.0886,26.3
2024-12-20,3.613,6.0209,26.2
2024-12-21,3.1342,5.9143,25.58
2024-12-22,3.8402,6.0365,25.77
2024-12-23,2.6273,6.1003,25.18
2024-12-24,3.9895,6.0953,25.33
2024-12-25,4.0334,6.0074,25.16
2024-12-26,2.3899,6.1128,24.34
2024-12-27,4.4194,6.0497,25.19
2024-12-28,4.0766,6.0996,25.33
2024-12-29,3.9077,6.0948,25.31
2024-12-30,3.4325,6.1709,24.57
2024-12-31,4.351,6.2364,24.06
2025-01-01,3.209,6.175,24.59
2025-01-02,3.9562,6.078,25.15
2025-01-03,4.068,6.0317,24.53
2025-01-04,3.8002,6.0473,24.54
2025-01-05,4.3807,5.993,25.27
2025-01-06,3.2986,6.1589,25.63
2025-01-07,4.0466,6.1745,26.08
2025-01-08,4.0522,6.1639,26.52
2025-01-09,3.4694,6.0382,26.02
2025-01-10,4.261,6.0758,26.29
2025-01-11,3.3893,6.0802,25.82
2025-01-12,4.8043,6.0535,26.1
2025-01-13,4.8461,6.2554,26.64
2025-01-14,5.0215,6.1529,26.37
2025-01-15,4.7086,6.1841,26.22
2025-01-16,4.3853,6.2542,26.09
2025-01-17,4.632,6.3062,26.02
2025-01-18,5.1005,6.3761,26.03
2025-01-19,4.5821,6.301,26.52
2025-01-20,4.6682,6.372,26.64
2025-01-21,4.9608,6.4356,26.58
2025-01-22,4.4815,6.407,26.63
2025-01-23,5.0369,6.4646,26.84
2025-01-24,3.8222,6.1318,26.1
2025-01-25,4.6822,6.1867,26.3
2025-01-26,4.2828,6.2328,25.98
2025-01-27,4.1964,6.2179,25.75
2025-01-28,2.7542,6.2959,25.55
2025-01-29,3.6432,6.2918,25.98
2025-01-30,3.689,6.5352,26.74
2025-01-31,3.5222,6.3751,26.24
2025-02-01,3.8654,6.4332,26.47
2025-02-02,3.9458,6.2642,26.24
2025-02-03,4.4546,6.2626,26.34
2025-02-04,4.1434,6.2414,25.56
2025-02-05,4.663,6.1927,26.46
2025-02-06,4.4208,6.2837,26.16
2025-02-07,4.6078,6.3293,26.51
2025-02-08,2.7936,6.479,25.19
2025-02-09,2.3866,6.3552,25.98
2025-02-10,3.9893,6.4877,25.37
2025-02-11,4.2794,6.3869,25.93
2025-02-12,5.3386,6.6727,26.51
2025-02-13,4.577,6.7502,26.01
2025-02-14,4.8703,6.6749,25.96
2025-02-15,4.3219,6.5292,25.85
2025-02-16,4.5041,6.7529,24.72
2025-02-17,4.357,6.8479,25.19
2025-02-18,4.4995,6.7994,25.48
2025-02-19,4.6685,6.6905,25.44
2025-02-20,4.0457,6.667,26.22
2025-02-21,4.1611,6.5899,26.48
2025-02-22,4.2559,6.6007,26.57
2025-02-23,3.6646,6.7483,26.14
2025-02-24,3.1339,6.7493,25.5
2025-02-25,3.8609,6.785,25.97
2025-02-26,3.462,6.7922,25.24
2025-02-27,3.7512,6.6125,26.3
2025-02-28,2.9054,6.8074,25.43
2025-03-01,4.7496,6.8556,26.36
2025-03-02,4.8166,6.9694,25.8
2025-03-03,3.8568,6.7476,24.69
2025-03-04,3.132,6.7058,25.17
2025-03-05,4.2458,6.864,25.23
2025-03-06,3.174,6.8381,24.52
2025-03-07,4.6303,6.7632,24.89
2025-03-08,5.8625,6.9182,26.55
2025-03-09,4.3133,7.0234,26.33
2025-03-10,5.016,6.7646,26.08
2025-03-11,4.1698,6.4867,25.99
2025-03-12,5.2392,6.7704,25.87
2025-03-13,4.1748,6.702,26.05
2025-03-14,4.1266,6.6662,25.71
2025-03-15,4.7767,6.714,25.93
2025-03-16,4.1503,6.8275,25.71
2025-03-17,3.7536,6.8419,26.09
2025-03-18,3.6271,6.9739,24.46
2025-03-19,3.769,6.8381,25.77
2025-03-20,3.4577,6.7843,26.27
2025-03-21,3.8729,6.7891,26.81
2025-03-22,3.9946,6.9427,27.12
2025-03-23,4.4626,6.8539,27.42
2025-03-24,4.9582,6.8887,28.26
2025-03-25,2.3422,6.853,27.34
2025-03-26,4.9901,6.8952,26.25
2025-03-27,4.3406,6.9547,26.63
2025-03-28,2.832,6.8069,25.66
2025-03-29,5.2495,6.8983,25.84
2025-03-30,2.7286,6.9046,25.3
2025-03-31,6.313,6.9288,26.48
2025-04-01,4.4174,7.1282,26.61
2025-04-02,3.7632,7.134,25.93
2025-04-03,4.1909,7.0289,25.59
2025-04-04,4.8343,7.1726,26.45
2025-04-05,4.2646,7.309,26.73
2025-04-06,2.7254,7.2588,25.6
2025-04-07,5.1545,7.2917,26.21
2025-04-08,4.9027,7.4333,26.66
2025-04-09,3.991,7.1052,26.2
2025-04-10,2.9726,6.9631,25.4
2025-04-11,4.8422,7.1534,25.85
2025-04-12,5.1972,7.3538,25.66
2025-04-13,4.847,7.3478,26.94
2025-04-14,4.9915,7.3246,27.81
2025-04-15,4.997,7.104,27.61
2025-04-16,4.1282,7.0382,27.06
2025-04-17,4.6632,6.8935,27.45
2025-04-18,4.0997,7.0534,27.4
2025-04-19,4.7407,7.0889,26.72
2025-04-20,3.8976,7.1786,26.07
2025-04-21,4.3234,7.0843,26.53
2025-04-22,4.7599,7.2602,25.44
2025-04-23,4.8607,7.2881,25.25
2025-04-24,5.1113,7.3058,25.99
2025-04-25,4.2391,7.1731,25.9
2025-04-26,3.3766,7.2444,25.44
2025-04-27,5.2896,7.1772,26.25
2025-04-28,3.7176,7.1422,25.07
2025-04-29,4.4969,7.0018,24.58
2025-04-30,4.6296,7.2432,25.26
2025-05-01,3.5297,7.0716,24.7
2025-05-02,4.4268,6.9598,25.96
2025-05-03,4.7762,7.0402,25.36
2025-05-04,3.9972,6.9475,25.19
2025-05-05,4.4362,7.0956,25.11
2025-05-06,4.7153,7.1438,25.46
2025-05-07,4.0378,7.217,24.93
2025-05-08,4.1126,7.1306,24.69
2025-05-09,4.9584,7.2271,26.18
2025-05-10,4.9231,7.2588,26.41
2025-05-11,4.7434,7.1167,26.82
2025-05-12,4.3286,7.0747,27.39
2025-05-13,3.4565,6.691,26.72
2025-05-14,4.7369,7.0178,25.42
2025-05-15,3.8832,7.1585,25.05
2025-05-16,3.9125,7.0582,24.7
2025-05-17,5.3335,7.1009,25.96
2025-05-18,4.5379,7.0802,25.81
2025-05-19,5.7977,7.0613,25.14
2025-05-20,4.26,7.069,25.02
2025-05-21,4.6632,7.1462,25.37
2025-05-22,4.8245,7.0586,26.3
2025-05-23,3.5873,7.0229,27.0
2025-05-24,4.5396,6.9444,26.83
2025-05-25,4.5026,7.0157,26.92
2025-05-26,4.0985,6.881,25.99
2025-05-27,4.9807,6.9538,26.19
2025-05-28,5.0839,6.9466,26.71
2025-05-29,4.4489,7.0154,25.81
2025-05-30,4.2254,7.0102,26.11
2025-05-31,4.1602,6.8261,26.42
2025-06-01,4.0279,6.8746,25.91
2025-06-02,4.0646,6.7099,25.92
2025-06-03,3.7754,7.0697,25.26
2025-06-04,3.9938,6.8203,25.09
2025-06-05,3.3972,6.865,24.97
2025-06-06,4.555,6.8011,24.95
2025-06-07,5.0803,6.9389,26.79
2025-06-08,4.2295,6.8551,26.8
2025-06-09,3.439,6.8904,26.3
2025-06-10,3.6475,6.7723,25.4
2025-06-11,4.5686,6.6437,24.28
2025-06-12,2.5308,6.876,25.17
2025-06-13,3.9878,6.9475,24.83
2025-06-14,5.0762,7.0886,25.84
2025-06-15,4.4777,7.0186,26.35
2025-06-16,2.9846,6.8719,25.61
2025-06-17,4.507,6.876,26.1
2025-06-18,4.7782,6.8827,26.36
2025-06-19,5.2846,6.9722,27.22
2025-06-20,3.99,6.7757,27.07
2025-06-21,4.4306,6.773,26.51
2025-06-22,3.053,6.797,25.0
2025-06-23,4.2888,6.905,25.35
2025-06-24,4.5917,7.0092,25.14
2025-06-25,4.3742,6.942,26.21
2025-06-26,4.6704,6.8786,26.33
2025-06-27,3.6418,6.8254,26.63
2025-06-28,4.9666,6.785,26.03
2025-06-29,4.8564,6.8659,26.16
2025-06-30,3.9739,6.9809,26.59
2025-07-01,4.2636,6.8851,26.58
2025-07-02,4.859,6.9946,25.63
2025-07-03,4.9094,6.9722,25.44
2025-07-04,3.5762,6.8887,25.7
2025-07-05,3.4843,7.0063,25.13
2025-07-06,4.7278,6.9103,24.8
2025-07-07,4.8802,7.0498,25.32
2025-07-08,3.677,6.9972,25.29
2025-07-09,3.4985,6.8705,26.07
2025-07-10,4.4594,6.8585,25.4
2025-07-11,4.3752,6.6862,24.98
2025-07-12,4.3788,6.8496,25.37
2025-07-13,4.3469,6.9463,25.79
2025-07-14,5.4386,6.9096,26.1
2025-07-15,4.6502,7.009,26.51
2025-07-16,4.5701,7.0042,26.74
2025-07-17,4.8466,6.9859,27.0
2025-07-18,5.16,6.8458,27.16
2025-07-19,4.974,6.9586,26.91
2025-07-20,4.4976,6.9161,26.93
2025-07-21,3.9648,6.9362,26.75
2025-07-22,3.648,6.8033,25.65
2025-07-23,4.0145,6.8304,26.06
2025-07-24,4.2557,6.9624,26.79
2025-07-25,3.8993,7.1203,26.17
2025-07-26,4.8326,7.0222,25.93
2025-07-27,5.3974,7.0339,25.81
2025-07-28,5.2195,7.0706,26.26
2025-07-29,4.4669,7.0318,25.6
2025-07-30,4.338,7.1458,25.67
2025-07-31,4.6661,7.1338,25.81
2025-08-01,4.7263,7.0925,26.58
2025-08-02,3.4567,6.9672,26.32
2025-08-03,4.7988,7.0589,25.7
2025-08-04,4.255,7.0898,25.54
2025-08-05,4.8991,7.1501,25.4
2025-08-06,5.4242,7.1311,25.79
2025-08-07,4.6718,7.1203,25.91
2025-08-08,4.9471,7.1323,26.04
2025-08-09,4.7042,7.1064,25.03
2025-08-10,5.0062,7.0462,24.81
2025-08-11,4.1854,7.1506,25.33
2025-08-12,5.3633,7.1282,26.27
2025-08-13,4.8434,6.9931,25.98
2025-08-14,4.7712,7.1381,26.4
2025-08-15,3.6761,7.0162,24.68
2025-08-16,4.4083,6.9622,24.15
2025-08-17,4.8427,7.0205,25.17
2025-08-18,4.8665,7.1609,25.63
2025-08-19,4.8955,7.2163,25.91
2025-08-20,4.3999,7.1494,26.87
2025-08-21,5.646,7.1808,25.69
2025-08-22,4.5535,7.1746,26.16
2025-08-23,4.6598,7.1822,25.53
2025-08-24,4.5125,7.2442,26.55
2025-08-25,4.5749,7.2506,26.97
2025-08-26,4.8542,7.1611,26.04
2025-08-27,5.2282,7.2072,26.65
2025-08-28,5.155,7.0716,26.33
2025-08-29,5.6719,7.2326,25.86
2025-08-30,4.3634,7.255,26.31
2025-08-31,3.5326,7.1186,26.23
2025-09-01,4.9198,7.0087,25.63
2025-09-02,4.8185,7.1892,25.94
2025-09-03,4.6831,7.2305,26.08
2025-09-04,3.9182,7.1976,25.67
2025-09-05,4.0786,7.044,24.56
2025-09-06,4.1957,7.0195,24.64
2025-09-07,5.0107,7.1261,24.4
2025-09-08,4.3303,7.1078,25.64
2025-09-09,4.2557,7.2814,26.42
2025-09-10,4.5161,7.1966,26.64
2025-09-11,3.6449,7.2691,26.35
2025-09-12,4.6778,7.2154,25.31
2025-09-13,4.4477,7.1266,25.53
2025-09-14,4.0126,7.0615,25.58
2025-09-15,3.9895,7.0963,26.27
2025-09-16,3.8568,7.1282,25.69
2025-09-17,4.5862,6.9562,24.13
2025-09-18,4.2127,6.9761,24.93
2025-09-19,4.6793,6.9979,25.26
2025-09-20,4.717,7.1095,25.67
2025-09-21,4.89,7.2355,25.6
2025-09-22,4.8314,7.1076,25.65
2025-09-23,4.6848,7.1801,26.72
2025-09-24,2.8481,7.0639,25.91
2025-09-25,5.6729,7.0162,24.95
2025-09-26,2.5855,7.087,24.91
2025-09-27,5.1482,6.9149,24.73
2025-09-28,4.2564,6.9864,25.45
2025-09-29,4.6303,7.0198,25.5
2025-09-30,4.2905,7.0214,25.02
2025-10-01,4.4825,6.9317,25.2
2025-10-02,4.6754,7.0457,24.61
2025-10-03,3.69,6.9031,24.35
2025-10-04,4.933,7.0738,24.15
2025-10-05,4.451,6.9907,25.26
2025-10-06,4.3994,7.0219,25.07
2025-10-07,5.2154,6.9593,25.54
2025-10-08,3.5371,6.9994,25.31
2025-10-09,4.8701,6.9278,25.07
2025-10-10,4.2346,6.8964,24.53
2025-10-11,3.7918,6.8496,24.89
2025-10-12,4.811,6.9475,25.65
2025-10-13,5.0191,6.9708,25.56
2025-10-14,4.2223,6.9156,25.88
2025-10-15,4.3471,6.973,24.44
2025-10-16,4.9745,7.0939,25.14
2025-10-17,4.6982,7.1414,25.71
2025-10-18,3.8182,6.8573,25.35
2025-10-19,4.4664,6.6478,25.75
2025-10-20,5.2003,6.8966,25.65
2025-10-21,4.0702,6.7462,25.63
2025-10-22,4.4503,6.8923,25.67
2025-10-23,4.2814,6.828,25.72
2025-10-24,4.3598,6.743,25.83
2025-10-25,5.274,6.8988,26.16
2025-10-26,4.8324,6.6756,26.19
2025-10-27,4.1234,7.0195,25.52
2025-10-28,4.3183,6.7409,25.43
2025-10-29,4.7911,6.5496,25.47
2025-10-30,4.6742,6.72,25.03
2025-10-31,3.7872,6.6581,24.43
2025-11-01,4.6951,6.5892,25.04
2025-11-02,3.7308,6.7752,25.04
2025-11-03,3.5638,6.5681,25.64
2025-11-04,4.6848,6.4666,26.08
2025-11-05,4.4582,6.7094,24.89
2025-11-06,4.6495,6.449,25.21
2025-11-07,3.5659,6.6115,25.68
2025-11-08,4.2739,6.4838,26.61
2025-11-09,3.767,6.3768,26.77
2025-11-10,4.4856,6.3785,25.29
2025-11-11,4.2768,6.3492,24.75
2025-11-12,4.2864,6.4308,25.47
2025-11-13,4.2151,6.599,25.05
2025-11-14,3.7426,6.4476,24.85
2025-11-15,3.7819,6.3074,24.59
2025-11-16,4.0644,6.6367,25.03
2025-11-17,4.4422,6.4831,25.2
2025-11-18,4.4309,6.5268,25.64
2025-11-19,3.9187,6.5081,25.4
2025-11-20,4.7467,6.4951,25.76
2025-11-21,4.5,6.4058,25.11
2025-11-22,3.9365,6.3612,25.65
2025-11-23,2.6184,6.4198,25.07
2025-11-24,3.0876,6.2762,25.39
2025-11-25,3.3854,6.115,25.64
2025-11-26,3.5906,6.4176,25.79
2025-11-27,3.8818,6.3511,26.14
2025-11-28,2.5121,6.4133,24.94
2025-11-29,3.4992,6.4018,24.62
2025-11-30,4.4083,6.2618,24.81
2025-12-01,3.6876,6.3761,24.28
2025-12-02,4.6745,6.3358,24.21
2025-12-03,4.5166,6.2926,24.85
2025-12-04,4.375,6.2592,25.06
2025-12-05,4.3397,6.2088,25.31
2025-12-06,4.8734,6.15,25.21
2025-12-07,4.405,6.0994,24.48
2025-12-08,4.1407,6.0977,25.22
2025-12-09,4.3478,6.1385,25.51
2025-12-10,3.84,5.9959,26.0
2025-12-11,3.317,6.0444,25.78
2025-12-12,2.844,5.9906,25.75
2025-12-13,3.9394,6.0144,25.04
2025-12-14,3.0358,6.0782,25.34
2025-12-15,4.1035,6.138,25.03
2025-12-16,4.1426,6.1363,25.62
2025-12-17,3.6938,6.1349,25.06
2025-12-18,3.8491,6.0355,25.42
2025-12-19,4.073,6.0924,25.79
2025-12-20,4.2739,6.1147,25.59
2025-12-21,3.1498,6.0542,25.47
2025-12-22,3.6403,5.9688,25.89
2025-12-23,4.0618,6.0612,26.22
2025-12-24,3.978,6.0286,25.75
2025-12-25,4.6498,6.1474,25.59
2025-12-26,3.9502,6.1174,25.58
2025-12-27,4.609,6.1138,25.44
2025-12-28,3.6665,6.1219,25.89
2025-12-29,3.7805,6.2681,25.97
2025-12-30,3.7771,6.0974,25.11
2025-12-31,2.293,6.1958,25.24
2026-01-01,3.6346,6.0614,25.3
2026-01-02,2.5073,5.9657,24.9
2026-01-03,3.3898,5.8678,25.22
2026-01-04,2.7108,5.9414,24.99
2026-01-05,2.1228,5.9107,24.94
2026-01-06,2.479,6.0842,25.04
2026-01-07,4.5708,6.1159,25.4
2026-01-08,3.3115,6.133,25.97
2026-01-09,2.4154,5.9863,25.71
2026-01-10,1.3644,5.9398,25.0
2026-01-11,3.1147,5.9842,25.01
2026-01-12,2.2738,6.3324,24.41
2026-01-13,3.8314,6.1411,24.39
2026-01-14,3.1538,6.2124,25.24
2026-01-15,1.9022,6.0898,25.19
2026-01-16,4.2864,6.1224,24.22
2026-01-17,3.4757,6.3749,25.95
2026-01-18,3.8642,6.3048,26.32
2026-01-19,2.8452,5.8054,25.02
2026-01-20,3.359,6.0574,25.48
2026-01-21,3.7836,6.2292,25.12
2026-01-22,3.8796,6.0816,25.99
2026-01-23,3.805,6.1234,25.04
2026-01-24,4.2065,6.0326,25.55
2026-01-25,4.5977,6.0629,25.93
2026-01-26,3.9756,6.2028,25.31
2026-01-27,3.8616,6.1406,25.52
2026-01-28,3.7723,6.3324,25.65
2026-01-29,3.425,6.3211,24.92
2026-01-30,2.3998,6.1138,23.95
2026-01-31,2.5493,6.1786,24.08
2026-02-01,1.4498,6.2539,23.99
2026-02-02,1.71,6.3622,23.84
2026-02-03,3.0746,6.5875,24.93
2026-02-04,4.8938,6.6106,25.59
2026-02-05,3.5947,6.5993,25.69
2026-02-06,2.993,6.479,24.26
2026-02-07,4.0704,6.3442,24.48
2026-02-08,2.8982,6.4973,24.24
2026-02-09,4.0169,6.4368,25.44
2026-02-10,4.5221,6.4608,26.15
2026-02-11,4.4738,6.4754,26.24
2026-02-12,4.3987,6.5047,25.99
2026-02-13,4.463,6.3876,26.08
2026-02-14,2.3299,6.5302,25.2
2026-02-15,1.9795,6.1781,25.03
2026-02-16,4.5547,6.5964,24.71
2026-02-17,4.0037,6.6374,24.59
2026-02-18,4.0152,6.659,25.46
2026-02-19,3.731,6.6216,26.07
2026-02-20,3.7159,6.7037,26.38
2026-02-21,3.4754,6.5916,26.59
2026-02-22,2.3772,6.7524,25.73
2026-02-23,3.9494,6.7543,25.17
2026-02-24,3.7577,6.8016,24.66
2026-02-25,4.5886,6.6456,25.09
2026-02-26,3.9802,6.864,26.16
2026-02-27,4.3462,6.846,26.57
2026-02-28,4.6109,6.726,26.49
2026-03-01,5.263,7.3133,26.46
2026-03-02,5.3786,7.085,25.83
2026-03-03,4.6174,6.7442,26.08
2026-03-04,4.2002,6.6996,25.93
2026-03-05,4.3954,6.7296,26.53
2026-03-06,3.2698,6.6146,26.24
2026-03-07,4.1242,6.8311,26.08
2026-03-08,2.8394,6.9384,25.64
2026-03-09,5.3822,7.1424,25.62
2026-03-10,5.0527,7.0726,26.37
2026-03-11,5.123,7.0202,26.13
2026-03-12,5.2298,7.0723,25.61
2026-03-13,5.9246,7.1959,25.59
2026-03-14,5.6033,7.2041,25.55
2026-03-15,5.3098,7.092,25.93
2026-03-16,5.9275,7.1921,26.43
2026-03-17,5.641,7.0634,26.21
2026-03-18,5.7648,7.0997,26.04
2026-03-19,5.5913,7.2984,25.63
2026-03-20,5.7701,7.302,25.16
2026-03-21,4.681,7.2245,24.91
2026-03-22,6.2186,7.2914,25.05
2026-03-23,4.3812,7.0817,25.1
2026-03-24,4.6579,7.1522,25.39
2026-03-25,4.7902,7.1002,25.59
2026-03-26,4.782,7.0685,26.16
2026-03-27,3.1414,7.0942,25.97
2026-03-28,4.843,7.0997,26.38
2026-03-29,5.533,7.2072,26.67
2026-03-30,5.2812,7.133,26.6
2026-03-31,5.3856,7.1777,26.67
2026-04-01,4.6562,7.5761,25.67
2026-04-02,5.6508,7.4508,25.98
2026-04-03,5.1545,7.2982,26.65
2026-04-04,4.687,7.2744,26.99
2026-04-05,4.0853,7.044,26.88
2026-04-06,3.6636,6.8518,26.02
2026-04-07,3.2825,6.8093,26.74
2026-04-08,2.7242,6.967,26.18
2026-04-09,4.1993,6.978,26.27
2026-04-10,4.0476,7.1549,25.99
2026-04-11,4.8113,7.1131,26.27
2026-04-12,4.375,6.9442,27.02
2026-04-13,2.1396,6.8916,25.89
2026-04-14,2.3227,6.8131,25.65
2026-04-15,4.668,6.8878,25.91
2026-04-16,5.3323,7.2343,25.63
2026-04-17,5.5226,7.2806,25.98
2026-04-18,5.6038,7.1369,25.89
2026-04-19,5.8454,7.2792,25.65
2026-04-20,6.09,7.4326,25.41
2026-04-21,5.4014,7.1952,25.46
2026-04-22,5.2495,7.0478,26.12
2026-04-23,5.4734,7.1494,26.18
2026-04-24,5.2418,7.2842,26.08
2026-04-25,5.3986,7.303,26.14
2026-04-26,5.0357,7.2658,25.1
2026-04-27,5.1389,7.2014,26.12
2026-04-28,4.3618,7.068,26.31
2026-04-29,3.6089,7.0937,25.52
2026-04-30,3.5954,7.039,26.39
2026-05-01,2.8651,7.4347,26.31
2026-05-02,2.2296,7.1323,26.08
2026-05-03,4.2689,7.013,26.42
2026-05-04,3.6588,6.9353,25.84
2026-05-05,3.6552,6.9638,26.28
2026-05-06,4.2473,7.0176,26.54
2026-05-07,4.453,6.9367,26.73
2026-05-08,4.5799,6.9247,26.62
2026-05-09,4.5989,6.7654,27.11
2026-05-10,3.7586,6.8064,26.4
2026-05-11,1.8672,6.6545,26.51
2026-05-12,4.3044,6.775,26.32
2026-05-13,4.5782,7.1618,25.74
2026-05-14,3.6578,7.1323,26.41
2026-05-15,4.1436,7.0961,26.61
2026-05-16,3.2462,6.7349,26.87
2026-05-17,2.7269,6.6437,27.18
2026-05-18,4.6762,6.8942,27.25
2026-05-19,2.8555,6.8906,26.89
2026-05-20,4.7671,6.8129,27.03
2026-05-21,4.3526,6.9132,26.91
2026-05-22,3.8813,6.8926,27.73
2026-05-23,1.4074,6.9526,27.25
2026-05-24,5.0398,6.9151,26.92
2026-05-25,3.0065,6.9775,27.42
2026-05-26,4.351,6.7198,26.98
2026-05-27,4.3178,6.8842,26.37
2026-05-28,3.8981,6.8342,26.65
2026-05-29,2.1041,6.7716,26.0
2026-05-30,4.9123,6.8815,26.6
2026-05-31,2.8277,-999.0,27.13
2026-06-01,3.5664,-999.0,27.35
2026-06-02,4.0306,-999.0,27.11
2026-06-03,1.7354,-999.0,26.75
2026-06-04,3.6701,-999.0,25.26
2026-06-05,3.7956,-999.0,25.27
2026-06-06,2.6712,-999.0,24.46
2026-06-07,1.9474,-999.0,24.33
2026-06-08,4.0464,-999.0,25.23
2026-06-09,4.7093,-999.0,24.87
2026-06-10,6.0698,-999.0,27.02
2026-06-11,4.8096,-999.0,27.1
2026-06-12,4.0166,-999.0,27.31
2026-06-13,1.9058,-999.0,26.44
2026-06-14,5.0515,-999.0,27.31
2026-06-15,3.3288,-999.0,26.54
2026-06-16,4.8787,-999.0,26.31
2026-06-17,4.1225,-999.0,25.7
2026-06-18,-999.0,-999.0,25.39
2026-06-19,3.3458,-999.0,26.03
2026-06-20,4.7575,-999.0,26.53
2026-06-21,5.2169,-999.0,26.89
2026-06-22,4.6963,-999.0,26.9
2026-06-23,4.0567,-999.0,26.22
2026-06-24,5.4158,-999.0,26.75
2026-06-25,3.4754,-999.0,26.41
2026-06-26,3.7219,-999.0,26.75
2026-06-27,5.3026,-999.0,27.37
2026-06-28,4.8022,-999.0,27.33
2026-06-29,4.89,-999.0,27.32
2026-06-30,4.8314,-999.0,27.54
2026-07-01,2.8382,-999.0,26.95
2026-07-02,3.971,-999.0,27.58
2026-07-03,4.7942,-999.0,26.43
2026-07-04,3.9218,-999.0,25.58
2026-07-05,4.7923,-999.0,26.68
2026-07-06,3.8398,-999.0,27.3
2026-07-07,5.4271,-999.0,28.13
2026-07-08,4.4496,-999.0,27.23
2026-07-09,3.161,-999.0,27.02
2026-07-10,4.7515,-999.0,26.42
2026-07-11,4.457,-999.0,26.37
2026-07-12,2.8805,-999.0,26.39
2026-07-13,5.2075,-999.0,26.23
2026-07-14,5.6496,-999.0,26.95
2026-07-15,4.5835,-999.0,26.41
2026-07-16,5.3803,-999.0,26.61
2026-07-17,5.705,-999.0,27.47
2026-07-18,5.2687,-999.0,27.37
2026-07-19,3.4426,-999.0,26.02
2026-07-20,3.9977,-999.0,25.48
2026-07-21,4.1054,-999.0,25.65
2026-07-22,4.3646,-999.0,26.25
2026-07-23,0.3643,-999.0,25.39
2026-07-24,4.6289,-999.0,25.92
2026-07-25,5.4607,-999.0,26.38
2026-07-26,3.516,-999.0,26.33
2026-07-27,4.4225,-999.0,25.75
2026-07-28,5.8891,-999.0,26.28
2026-07-29,5.5418,-999.0,27.21
2026-07-30,5.1482,-999.0,27.3
2026-07-31,3.6799,-999.0,26.78
2026-08-01,4.511,-999.0,27.14
2026-08-02,5.5534,-999.0,27.17
2026-08-03,2.958,-999.0,26.68
2026-08-04,4.3051,-999.0,26.73
2026-08-05,4.1834,-999.0,26.47
2026-08-06,1.782,-999.0,25.95
2026-08-07,5.0863,-999.0,26.67
2026-08-08,3.559,-999.0,27.09
2026-08-09,4.5103,-999.0,26.75
2026-08-10,5.5754,-999.0,27.58
2026-08-11,4.8713,-999.0,27.47
2026-08-12,4.8595,-999.0,27.7
2026-08-13,5.2632,-999.0,27.05
2026-08-14,4.5,-999.0,27.26
2026-08-15,4.7278,-999.0,27.01
2026-08-16,4.422,-999.0,26.29
2026-08-17,2.327,-999.0,23.91
2026-08-18,4.4292,-999.0,25.64
2026-08-19,5.352,-999.0,26.91
2026-08-20,5.4389,-999.0,26.97
2026-08-21,4.5934,-999.0,27.4
2026-08-22,2.2906,-999.0,25.84
2026-08-23,4.5869,-999.0,26.89
2026-08-24,4.0162,-999.0,26.93
2026-08-25,4.153,-999.0,27.46
2026-08-26,3.774,-999.0,27.27
2026-08-27,4.3078,-999.0,27.34
2026-08-28,3.4663,-999.0,27.31
2026-08-29,3.7966,-999.0,27.21
2026-08-30,4.9536,-999.0,27.17
2026-08-31,3.8585,-999.0,25.94
