fecha,allsky_sfc_sw_dwn,clrsky_sfc_sw_dwn,t2m
2000-01-01,5.4528,6.559,19.81
2000-01-02,4.3634,6.4411,19.92
2000-01-03,4.8199,6.301,19.35
2000-01-04,4.6327,6.3634,19.35
2000-01-05,5.1031,6.6094,18.93
2000-01-06,3.1714,6.3084,18.1
2000-01-07,4.1549,6.3658,18.01
2000-01-08,4.0229,6.4802,18.43
2000-01-09,4.187,6.3742,18.07
2000-01-10,5.0515,6.5251,18.86
2000-01-11,4.3596,6.3554,19.33
2000-01-12,5.6657,6.5897,19.3
2000-01-13,5.2152,6.5318,19.35
2000-01-14,5.5478,6.7414,18.54
2000-01-15,4.5725,6.4404,18.58
2000-01-16,4.1424,6.4078,18.08
2000-01-17,4.1774,6.4298,17.35
2000-01-18,4.5864,6.5174,18.6
2000-01-19,4.3231,6.4193,18.96
2000-01-20,4.5754,6.5318,19.12
2000-01-21,4.7256,6.3977,19.92
2000-01-22,5.9806,6.7392,20.62
2000-01-23,5.2992,6.7128,20.37
2000-01-24,3.5045,6.4438,19.56
2000-01-25,4.2684,6.5861,19.87
2000-01-26,2.8169,6.8818,18.83
2000-01-27,5.5349,6.6972,19.05
2000-01-28,5.2034,6.7142,19.41
2000-01-29,3.1798,6.9365,18.58
2000-01-30,4.0238,6.425,18.65
2000-01-31,4.3752,6.5585,19.66
2000-02-01,3.3278,6.9259,20.2
2000-02-02,4.1364,6.4202,20.45
2000-02-03,4.7969,6.3787,20.57
2000-02-04,3.7466,7.0068,19.97
2000-02-05,4.079,6.5544,19.94
2000-02-06,5.4062,6.9725,19.86
2000-02-07,6.1498,7.0051,20.3
2000-02-08,5.2135,6.8052,20.53
2000-02-09,5.8697,6.8652,20.31
2000-02-10,5.4667,6.9422,19.99
2000-02-11,4.7986,7.0781,19.65
2000-02-12,5.1912,7.0008,19.86
2000-02-13,5.6897,7.0944,19.84
2000-02-14,5.8968,7.237,19.26
2000-02-15,5.4665,7.0493,19.45
2000-02-16,3.2794,6.8028,19.45
2000-02-17,3.2066,7.1318,18.8
2000-02-18,5.3023,7.0106,18.75
2000-02-19,5.04,6.9811,19.75
2000-02-20,2.9666,6.4193,19.46
2000-02-21,3.9833,6.7392,18.15
2000-02-22,4.278,6.8844,18.82
2000-02-23,3.2122,7.163,18.47
2000-02-24,3.0722,6.744,18.82
2000-02-25,3.6257,7.2809,18.38
2000-02-26,4.027,7.1095,19.5
2000-02-27,3.0684,7.2156,18.52
2000-02-28,3.9228,6.5894,19.01
2000-02-29,4.0879,7.0224,19.35
2000-03-01,3.4214,7.0025,19.61
2000-03-02,4.1294,6.9761,20.66
2000-03-03,3.9869,6.8093,20.82
2000-03-04,4.1004,6.6154,20.25
2000-03-05,5.5135,6.9336,20.73
2000-03-06,4.8948,6.8184,20.75
2000-03-07,4.3274,7.1285,20.28
2000-03-08,3.3794,6.9079,20.21
2000-03-09,4.2998,6.9187,20.16
2000-03-10,6.0528,7.1988,19.74
2000-03-11,4.7978,7.1256,19.9
2000-03-12,3.2323,6.9298,19.87
2000-03-13,4.7242,7.0896,20.45
2000-03-14,4.7585,7.0978,20.39
2000-03-15,5.063,6.7226,20.98
2000-03-16,4.2883,6.9058,21.18
2000-03-17,4.3747,7.1417,20.75
2000-03-18,5.7898,7.249,20.19
2000-03-19,5.6981,7.0843,19.93
2000-03-20,5.6357,7.3848,19.52
2000-03-21,5.0666,6.8798,19.55
2000-03-22,4.5106,6.9739,20.26
2000-03-23,4.325,6.9713,19.41
2000-03-24,4.1654,6.9614,18.6
2000-03-25,4.0646,7.3788,18.79
2000-03-26,3.9574,7.2204,18.68
2000-03-27,4.1777,7.321,18.93
2000-03-28,6.7735,7.5878,20.54
2000-03-29,5.167,7.2732,20.16
2000-03-30,4.1534,7.4544,20.47
2000-03-31,5.3563,7.4014,20.89
2000-04-01,4.6404,6.9504,20.29
2000-04-02,5.2279,7.2058,20.46
2000-04-03,3.5412,7.0826,20.41
2000-04-04,3.7997,6.9086,18.96
2000-04-05,4.3973,7.1246,19.16
2000-04-06,4.6073,7.1546,19.14
2000-04-07,4.5319,7.3709,20.41
2000-04-08,5.9498,7.3884,21.18
2000-04-09,6.1106,7.2401,21.21
2000-04-10,5.2788,7.3529,21.18
2000-04-11,3.0204,7.0224,20.59
2000-04-12,3.2285,7.2266,19.43
2000-04-13,4.2934,6.7058,20.1
2000-04-14,3.3245,7.5451,19.54
2000-04-15,4.9512,7.182,19.22
2000-04-16,4.2036,6.8654,20.49
2000-04-17,3.2578,7.3049,20.4
2000-04-18,4.771,7.1426,20.67
2000-04-19,4.2612,7.1508,19.28
2000-04-20,5.3971,7.247,20.84
2000-04-21,3.3439,7.4911,20.28
2000-04-22,4.3332,7.2029,19.78
2000-04-23,3.571,7.2192,20.35
2000-04-24,3.9814,7.2518,20.71
2000-04-25,5.4698,7.225,20.88
2000-04-26,4.4688,7.3174,20.65
2000-04-27,5.0767,7.2934,20.95
2000-04-28,5.9618,7.3445,21.03
2000-04-29,4.9123,7.2914,21.13
2000-04-30,3.8402,7.2401,21.12
2000-05-01,4.2787,7.2876,20.07
2000-05-02,4.6994,7.255,19.99
2000-05-03,5.7763,7.339,19.88
2000-05-04,3.8258,7.5022,20.26
2000-05-05,4.2086,7.037,20.77
2000-05-06,4.6274,7.2348,20.5
2000-05-07,5.0064,7.2293,20.48
2000-05-08,4.7844,7.2358,19.85
2000-05-09,5.0018,7.2797,20.6
2000-05-10,4.987,7.1203,20.84
2000-05-11,5.6285,7.1923,20.23
2000-05-12,4.8492,7.3637,20.17
2000-05-13,4.129,7.2538,20.13
2000-05-14,5.0249,7.1762,20.23
2000-05-15,4.6738,7.4753,20.05
2000-05-16,5.5133,7.3541,19.29
2000-05-17,5.7984,7.3459,21.11
2000-05-18,5.0146,7.3342,21.22
2000-05-19,3.7843,7.1791,20.61
2000-05-20,4.6054,6.8578,20.11
2000-05-21,4.8442,7.3229,19.96
2000-05-22,4.6234,7.2874,20.29
2000-05-23,6.017,7.4664,20.6
2000-05-24,5.7043,7.2511,20.19
2000-05-25,5.484,7.2079,20.42
2000-05-26,6.5575,7.3013,21.0
2000-05-27,5.7797,7.2425,20.65
2000-05-28,4.7414,7.3596,20.56
2000-05-29,4.2046,7.1722,19.18
2000-05-30,4.7273,6.8383,19.37
2000-05-31,4.2329,7.2984,19.95
2000-06-01,5.0419,6.8369,19.64
2000-06-02,5.2692,7.2533,20.5
2000-06-03,6.1387,7.1846,20.97
2000-06-04,4.2972,7.2432,19.83
2000-06-05,6.2842,7.1302,20.59
2000-06-06,4.5672,6.9583,20.19
2000-06-07,5.0474,7.1028,19.56
2000-06-08,3.4166,7.1556,19.6
2000-06-09,4.2041,6.8119,19.65
2000-06-10,4.4294,6.899,20.11
2000-06-11,6.6962,7.2562,20.78
2000-06-12,3.5508,7.1566,20.68
2000-06-13,5.0825,6.8611,20.77
2000-06-14,5.9045,7.1746,20.09
2000-06-15,4.6769,7.2127,19.47
2000-06-16,4.8605,6.8772,20.59
2000-06-17,4.9457,7.2067,18.75
2000-06-18,3.9958,7.2034,20.13
2000-06-19,4.8466,7.1647,20.02
2000-06-20,5.567,6.9516,20.25
2000-06-21,5.1631,7.0723,20.49
2000-06-22,4.859,6.6689,20.12
2000-06-23,4.3099,6.966,19.58
2000-06-24,3.6713,7.243,19.47
2000-06-25,5.6652,7.1105,19.54
2000-06-26,5.5692,7.0639,20.77
2000-06-27,6.149,7.0946,20.97
2000-06-28,6.0017,7.0582,21.1
2000-06-29,6.12,7.0224,20.0
2000-06-30,5.4739,7.0054,20.53
2000-07-01,6.5858,7.1986,20.91
2000-07-02,5.7787,6.948,20.44
2000-07-03,5.6818,7.1208,20.69
2000-07-04,6.0528,7.1206,19.66
2000-07-05,4.519,7.236,19.65
2000-07-06,4.0704,6.7769,19.14
2000-07-07,5.3299,7.068,19.91
2000-07-08,5.5284,7.0378,20.4
2000-07-09,5.9218,7.1119,20.47
2000-07-10,4.4782,7.0049,20.34
2000-07-11,6.3564,7.1974,20.62
2000-07-12,6.1025,7.0502,20.69
2000-07-13,5.3815,7.152,20.15
2000-07-14,4.0874,7.2192,19.79
2000-07-15,5.1799,6.9331,19.68
2000-07-16,5.6983,7.2622,20.11
2000-07-17,5.2788,6.9998,20.07
2000-07-18,5.6407,7.1354,19.35
2000-07-19,4.83,7.1138,19.44
2000-07-20,5.1494,7.0013,18.98
2000-07-21,4.6798,7.0598,19.63
2000-07-22,5.2337,7.3656,18.86
2000-07-23,6.6223,7.2974,20.76
2000-07-24,6.1171,7.1674,20.82
2000-07-25,6.336,7.3404,19.89
2000-07-26,5.485,7.1326,19.82
2000-07-27,5.4679,7.2749,19.59
2000-07-28,4.7455,7.2202,19.13
2000-07-29,3.991,6.8335,19.04
2000-07-30,4.4664,7.129,18.86
2000-07-31,6.019,7.0476,19.39
2000-08-01,5.0599,6.9125,19.75
2000-08-02,5.6369,7.0956,19.51
2000-08-03,5.3544,7.0337,20.02
2000-08-04,5.2529,7.2058,19.98
2000-08-05,3.1838,7.2955,19.65
2000-08-06,3.2287,7.0162,19.53
2000-08-07,5.705,7.3018,20.18
2000-08-08,5.4218,7.2487,19.83
2000-08-09,5.1197,6.9091,20.05
2000-08-10,5.8375,7.3044,20.09
2000-08-11,6.5095,7.4635,20.33
2000-08-12,6.8234,7.4326,20.0
2000-08-13,4.7765,7.4702,19.49
2000-08-14,6.1942,7.2926,19.9
2000-08-15,6.3307,7.3219,20.75
2000-08-16,6.4426,7.3606,20.76
2000-08-17,6.8309,7.3567,20.68
2000-08-18,5.4953,7.4642,20.45
2000-08-19,6.2736,7.2725,20.53
2000-08-20,6.5184,7.3591,20.43
2000-08-21,7.0891,7.5269,21.68
2000-08-22,6.1951,7.3243,21.96
2000-08-23,5.6422,7.3901,21.48
2000-08-24,5.3806,7.3944,20.69
2000-08-25,5.7065,7.2634,20.38
2000-08-26,6.0655,7.6411,20.13
2000-08-27,6.2405,7.2804,21.39
2000-08-28,5.2344,7.4844,21.13
2000-08-29,5.3748,6.9288,19.88
2000-08-30,5.7358,7.3968,20.73
2000-08-31,4.4234,7.3906,21.06
2000-09-01,2.9138,7.5982,20.14
2000-09-02,4.8754,7.229,20.04
2000-09-03,4.9193,7.0452,19.93
2000-09-04,4.4868,7.476,18.86
2000-09-05,3.3742,7.5598,18.77
2000-09-06,4.5818,7.0555,19.79
2000-09-07,3.5527,7.4753,19.91
2000-09-08,5.688,7.4006,20.05
2000-09-09,5.2188,7.3471,19.76
2000-09-10,4.1153,7.5845,19.53
2000-09-11,5.1348,6.9415,19.69
2000-09-12,6.7826,7.5504,20.08
2000-09-13,6.4373,7.3994,20.21
2000-09-14,4.7016,7.3723,20.39
2000-09-15,4.4246,7.5185,18.99
2000-09-16,4.325,7.3519,19.59
2000-09-17,3.6578,7.5384,20.08
2000-09-18,6.0958,7.3663,19.92
2000-09-19,5.6705,7.3411,19.93
2000-09-20,3.337,7.5499,18.21
2000-09-21,5.0362,7.321,19.73
2000-09-22,5.2918,7.3147,19.13
2000-09-23,4.0361,7.2941,19.16
2000-09-24,4.0879,7.3202,18.84
2000-09-25,5.6779,7.4446,20.11
2000-09-26,6.0418,7.3255,20.21
2000-09-27,3.1654,7.5209,19.03
2000-09-28,4.3949,7.2012,19.42
2000-09-29,3.2734,7.4957,18.82
2000-09-30,4.2103,7.3596,18.83
2000-10-01,6.0521,7.3663,19.38
2000-10-02,5.4984,7.2898,18.97
2000-10-03,5.3983,7.3555,18.98
2000-10-04,5.004,7.3404,19.71
2000-10-05,5.8788,7.3061,20.32
2000-10-06,5.9455,7.4592,20.5
2000-10-07,5.3378,7.0618,20.18
2000-10-08,3.707,7.3015,20.06
2000-10-09,4.7866,7.1422,19.96
2000-10-10,6.6994,7.4414,20.37
2000-10-11,5.4761,7.2768,20.8
2000-10-12,5.1206,7.2326,20.35
2000-10-13,4.4866,6.894,20.05
2000-10-14,5.4763,7.2547,20.25
2000-10-15,3.691,7.4066,20.36
2000-10-16,5.4521,7.2211,20.62
2000-10-17,4.7347,6.9521,20.6
2000-10-18,2.9386,7.3471,20.66
2000-10-19,5.2922,7.3087,21.06
2000-10-20,5.2882,7.249,19.74
2000-10-21,4.037,7.17,19.38
2000-10-22,5.1091,7.0954,19.89
2000-10-23,4.2528,7.1198,19.2
2000-10-24,2.1461,7.2708,17.77
2000-10-25,3.7606,6.9602,17.04
2000-10-26,4.2187,6.4891,19.4
2000-10-27,3.6096,7.2547,19.03
2000-10-28,4.4393,7.0116,20.1
2000-10-29,3.8998,6.931,19.04
2000-10-30,4.2547,7.0596,19.93
2000-10-31,4.7544,6.912,19.46
2000-11-01,4.1918,6.8611,19.14
2000-11-02,3.0802,7.1491,19.28
2000-11-03,5.286,7.1551,19.95
2000-11-04,4.309,6.6194,19.8
2000-11-05,3.9029,6.9864,20.09
2000-11-06,4.8422,6.6125,20.5
2000-11-07,4.9879,6.8162,19.9
2000-11-08,4.7839,6.6259,19.3
2000-11-09,4.6097,6.5974,19.43
2000-11-10,4.319,6.9521,19.75
2000-11-11,3.7606,6.8962,19.13
2000-11-12,5.0215,6.8378,18.69
2000-11-13,4.4688,6.9487,18.87
2000-11-14,5.3004,6.7884,18.81
2000-11-15,4.9968,6.7126,19.1
2000-11-16,4.7556,6.6562,19.6
2000-11-17,4.8526,6.6602,19.23
2000-11-18,3.5234,6.953,18.94
2000-11-19,4.4887,6.6305,19.91
2000-11-20,5.1374,6.6091,19.95
2000-11-21,6.3602,6.9974,19.73
2000-11-22,5.6978,6.9504,18.76
2000-11-23,4.8562,6.6686,19.12
2000-11-24,4.8492,6.6305,20.31
2000-11-25,5.4684,6.8081,20.72
2000-11-26,5.3808,6.8078,20.53
2000-11-27,4.2881,6.6782,20.24
2000-11-28,4.709,6.6919,20.02
2000-11-29,4.0682,6.5731,19.9
2000-11-30,5.5565,6.6338,20.25
2000-12-01,4.8646,6.4027,20.11
2000-12-02,4.5569,6.6761,20.45
2000-12-03,3.5642,6.4622,20.08
2000-12-04,3.9869,6.3535,19.57
2000-12-05,4.4899,6.1994,18.72
2000-12-06,3.672,6.7457,20.42
2000-12-07,4.2998,6.4306,19.99
2000-12-08,4.6817,6.4178,20.78
2000-12-09,5.6662,6.6115,20.35
2000-12-10,4.2835,6.372,20.55
2000-12-11,3.6127,6.7039,20.56
2000-12-12,4.8098,6.4946,20.33
2000-12-13,4.9186,6.3761,19.63
2000-12-14,3.9427,6.3235,18.56
2000-12-15,3.9178,6.3902,18.33
2000-12-16,4.2708,6.4831,17.29
2000-12-17,4.603,6.3662,18.08
2000-12-18,3.6998,6.1822,18.68
2000-12-19,2.3724,6.5621,17.62
2000-12-20,3.6566,6.324,18.43
2000-12-21,4.6296,6.4135,19.74
2000-12-22,5.3832,6.395,20.41
2000-12-23,5.3995,6.449,20.3
2000-12-24,4.5972,6.3187,20.7
2000-12-25,2.916,6.5933,19.74
2000-12-26,5.3688,6.5501,20.32
2000-12-27,2.3366,6.605,20.02
2000-12-28,3.8366,6.3538,19.78
2000-12-29,2.9854,6.6206,19.75
2000-12-30,4.5802,6.4565,19.72
2000-12-31,5.6234,6.5194,19.88
2001-01-01,5.8176,6.5417,20.05
2001-01-02,5.8702,6.6516,20.15
2001-01-03,4.9519,6.6235,19.65
2001-01-04,4.5053,6.617,19.55
2001-01-05,4.6634,6.4814,18.85
2001-01-06,3.9036,6.3394,18.67
2001-01-07,4.301,6.4291,19.02
2001-01-08,5.9266,6.6197,19.75
2001-01-09,5.0926,6.6,19.42
2001-01-10,3.8587,6.5496,18.99
2001-01-11,4.5924,6.4704,19.18
2001-01-12,4.6474,6.5722,19.33
2001-01-13,4.6985,6.5954,19.5
2001-01-14,4.9207,6.5918,19.7
2001-01-15,5.3455,6.6038,19.53
2001-01-16,4.2058,6.481,19.72
2001-01-17,3.1793,6.2933,18.59
2001-01-18,3.8438,6.5297,19.35
2001-01-19,4.2919,6.6746,20.25
2001-01-20,3.6067,6.7822,19.37
2001-01-21,4.5725,6.7553,18.94
2001-01-22,3.8969,6.5246,19.19
2001-01-23,3.5242,6.6708,19.32
2001-01-24,4.9651,6.7579,19.24
2001-01-25,4.9795,6.7656,19.73
2001-01-26,5.6534,6.889,19.22
2001-01-27,4.59,6.7358,19.79
2001-01-28,6.1692,6.8988,19.81
2001-01-29,6.4682,6.9199,19.5
2001-01-30,6.3533,6.8674,19.81
2001-01-31,6.2208,6.9454,19.59
2001-02-01,5.8992,6.877,19.5
2001-02-02,5.3983,6.8748,19.8
2001-02-03,4.3447,6.6127,18.69
2001-02-04,5.1485,6.7644,19.29
2001-02-05,4.8583,6.7267,20.37
2001-02-06,5.0105,6.7807,21.01
2001-02-07,6.1428,7.0104,22.04
2001-02-08,5.6234,6.9161,21.41
2001-02-09,5.4854,7.0404,21.4
2001-02-10,5.6004,7.1297,21.85
2001-02-11,5.5934,7.0195,22.14
2001-02-12,5.2073,6.9463,22.59
2001-02-13,6.8405,7.109,22.9
2001-02-14,5.2178,7.0738,22.75
2001-02-15,4.901,6.8882,22.63
2001-02-16,3.9629,6.9559,22.55
2001-02-17,3.989,6.8321,21.56
2001-02-18,4.6574,6.6439,21.69
2001-02-19,3.7692,6.3346,21.77
2001-02-20,3.5465,6.7046,20.99
2001-02-21,3.1898,6.7457,20.74
2001-02-22,4.7023,6.7622,21.09
2001-02-23,4.1054,6.6247,20.93
2001-02-24,3.4375,6.4495,21.06
2001-02-25,3.5568,6.6914,21.54
2001-02-26,1.758,6.6744,19.64
2001-02-27,4.3644,6.8933,20.39
2001-02-28,4.9982,6.9005,20.0
2001-03-01,4.1506,6.8606,19.7
2001-03-02,5.6129,7.3428,21.1
2001-03-03,5.6542,7.0805,21.54
2001-03-04,4.1047,6.8479,21.71
2001-03-05,4.7986,7.0435,20.9
2001-03-06,3.4752,6.6614,19.8
2001-03-07,3.5544,7.0238,21.31
2001-03-08,4.8125,7.0906,20.98
2001-03-09,4.9685,6.9259,21.38
2001-03-10,4.6078,7.1172,22.07
2001-03-11,4.0838,7.3994,21.83
2001-03-12,6.0991,7.1609,21.96
2001-03-13,4.981,6.8491,22.86
2001-03-14,4.033,6.4829,22.6
2001-03-15,4.475,6.7766,22.3
2001-03-16,4.1122,6.3662,21.76
2001-03-17,3.3038,6.2551,21.52
2001-03-18,3.2095,6.3482,21.08
2001-03-19,2.867,5.9645,20.82
2001-03-20,3.8134,6.1157,19.12
2001-03-21,2.6318,7.0913,20.16
2001-03-22,3.8258,6.8208,19.95
2001-03-23,4.6966,7.1004,20.22
2001-03-24,4.483,7.2466,20.74
2001-03-25,5.3674,6.9062,21.05
2001-03-26,5.2567,7.4057,21.44
2001-03-27,5.683,7.1873,20.8
2001-03-28,5.3023,7.0822,21.88
2001-03-29,4.0159,7.0188,21.41
2001-03-30,5.6974,7.0668,21.31
2001-03-31,5.599,7.1405,21.76
2001-04-01,5.2625,6.9434,21.56
2001-04-02,5.5586,7.1417,21.67
2001-04-03,5.6323,6.9211,22.17
2001-04-04,3.4006,7.0939,21.58
2001-04-05,4.4434,6.617,19.97
2001-04-06,5.3412,6.7123,21.62
2001-04-07,3.853,6.9194,22.26
2001-04-08,6.3703,7.345,22.62
2001-04-09,5.1823,7.3574,21.33
2001-04-10,5.4324,7.0663,21.25
2001-04-11,4.1741,7.2086,20.66
2001-04-12,5.9191,7.3932,20.64
2001-04-13,4.6534,7.0997,21.27
2001-04-14,3.4625,7.1482,20.0
2001-04-15,4.5341,7.0874,19.94
2001-04-16,3.911,7.1304,19.98
2001-04-17,2.6654,7.0042,19.55
2001-04-18,5.0813,7.2557,21.01
2001-04-19,3.7006,7.2185,20.25
2001-04-20,5.0059,7.4126,20.2
2001-04-21,5.8423,7.3022,21.02
2001-04-22,4.4813,7.3073,20.97
2001-04-23,4.1525,7.2209,19.85
2001-04-24,4.9562,7.2192,20.94
2001-04-25,4.5658,7.3966,21.22
2001-04-26,5.2085,7.4059,20.72
2001-04-27,5.627,7.3822,21.56
2001-04-28,5.1173,7.5905,21.84
2001-04-29,4.9361,7.5058,22.13
2001-04-30,5.7238,7.4844,21.76
2001-05-01,6.2522,7.5425,21.45
2001-05-02,4.4458,7.3697,21.37
2001-05-03,4.7093,7.4105,21.54
2001-05-04,4.1278,7.5317,21.93
2001-05-05,4.6358,7.3872,21.85
2001-05-06,4.0063,7.289,21.35
2001-05-07,4.0766,7.3673,21.32
2001-05-08,2.3554,7.476,19.67
2001-05-09,3.917,7.4724,20.25
2001-05-10,5.7408,7.6094,20.14
2001-05-11,5.6969,7.529,21.64
2001-05-12,5.8282,7.4959,21.73
2001-05-13,4.751,7.1057,21.72
2001-05-14,5.8109,7.4014,21.23
2001-05-15,4.9534,7.3248,20.64
2001-05-16,4.3426,7.4522,19.82
2001-05-17,6.4591,7.542,21.01
2001-05-18,5.7218,7.253,21.7
2001-05-19,4.8922,7.2156,20.58
2001-05-20,5.6249,7.0382,20.52
2001-05-21,2.6736,7.217,18.96
2001-05-22,5.1881,7.2046,20.31
2001-05-23,6.3922,7.3723,19.73
2001-05-24,4.3109,7.1882,19.73
2001-05-25,6.1867,7.1878,19.08
2001-05-26,3.8004,7.2624,19.87
2001-05-27,4.9402,7.2254,19.49
2001-05-28,5.9717,7.2442,19.99
2001-05-29,6.3622,7.2965,20.42
2001-05-30,6.1073,7.1174,20.41
2001-05-31,5.4293,7.249,20.23
2001-06-01,3.036,7.2456,19.2
2001-06-02,3.1894,7.2941,18.45
2001-06-03,4.6634,7.3092,19.8
2001-06-04,5.6825,7.1851,19.5
2001-06-05,5.5819,7.1333,19.86
2001-06-06,5.5267,7.061,20.21
2001-06-07,5.784,7.1846,20.53
2001-06-08,6.6619,7.3234,20.61
2001-06-09,6.1423,7.1554,20.91
2001-06-10,5.8502,7.169,21.12
2001-06-11,5.526,7.2622,20.38
2001-06-12,4.7798,7.1726,19.46
2001-06-13,5.3652,7.2842,19.32
2001-06-14,4.0166,7.0795,20.21
2001-06-15,5.9342,7.0214,19.88
2001-06-16,4.3826,7.2286,20.38
2001-06-17,5.3837,7.3265,20.71
2001-06-18,6.2885,7.289,20.9
2001-06-19,5.298,7.2372,20.38
2001-06-20,5.2409,7.2871,20.63
2001-06-21,5.9345,7.1539,20.61
2001-06-22,6.2429,7.1419,20.62
2001-06-23,5.1624,7.0819,21.12
2001-06-24,4.9406,7.135,20.35
2001-06-25,6.1745,7.1546,21.41
2001-06-26,6.9785,7.3046,22.88
2001-06-27,5.7883,7.1575,22.69
2001-06-28,5.8483,7.0334,22.1
2001-06-29,4.344,7.0958,21.4
2001-06-30,4.8919,7.1052,20.46
2001-07-01,4.9831,7.117,21.49
2001-07-02,5.6138,7.1323,22.34
2001-07-03,6.1918,7.1549,22.75
2001-07-04,5.7946,7.2154,23.27
2001-07-05,5.5174,7.0498,22.27
2001-07-06,5.0705,7.0958,22.18
2001-07-07,6.1829,7.0817,22.63
2001-07-08,4.9262,6.9948,20.29
2001-07-09,4.9262,7.1186,20.45
2001-07-10,4.6985,7.0514,21.13
2001-07-11,5.2531,7.123,20.86
2001-07-12,5.6026,7.2,21.29
2001-07-13,6.0204,7.1573,21.85
2001-07-14,4.5878,7.0697,21.0
2001-07-15,2.5241,7.272,20.68
2001-07-16,6.1493,7.38,20.5
2001-07-17,5.3278,7.0963,21.41
2001-07-18,6.6168,7.2418,21.28
2001-07-19,4.5427,7.2787,20.52
2001-07-20,5.4818,7.193,20.24
2001-07-21,5.387,7.3085,21.38
2001-07-22,4.8274,7.3174,20.55
2001-07-23,5.4641,7.2334,20.86
2001-07-24,6.6101,7.2888,21.29
2001-07-25,6.6504,7.4455,21.43
2001-07-26,4.1971,7.2564,20.38
2001-07-27,5.7922,7.3774,19.99
2001-07-28,4.9522,7.3303,20.26
2001-07-29,6.3468,7.3042,21.02
2001-07-30,3.5491,7.1362,21.59
2001-07-31,5.3429,6.9917,21.61
2001-08-01,6.3242,7.2696,22.38
2001-08-02,6.1702,7.3099,22.7
2001-08-03,6.1531,7.2067,22.49
2001-08-04,5.2289,7.3694,21.34
2001-08-05,5.0868,7.1234,21.47
2001-08-06,5.7962,7.3222,22.16
2001-08-07,5.4377,7.296,22.42
2001-08-08,5.6364,7.1909,22.42
2001-08-09,6.4642,7.2463,22.33
2001-08-10,6.4006,7.3524,22.72
2001-08-11,5.7451,7.3226,22.81
2001-08-12,6.5525,7.368,23.45
2001-08-13,5.305,7.2864,22.46
2001-08-14,5.369,7.1827,22.67
2001-08-15,4.5924,7.0378,23.71
2001-08-16,5.7763,7.1062,24.42
2001-08-17,5.7463,7.1184,24.33
2001-08-18,5.7866,7.1988,24.81
2001-08-19,4.9658,7.1366,24.45
2001-08-20,6.2688,7.339,23.93
2001-08-21,6.1368,7.361,23.15
2001-08-22,5.4895,7.2492,22.8
2001-08-23,5.7245,7.0174,22.78
2001-08-24,6.4416,7.2391,22.98
2001-08-25,5.479,7.1796,22.2
2001-08-26,5.4086,7.3354,21.71
2001-08-27,6.8551,7.4861,22.24
2001-08-28,6.0067,7.3886,23.04
2001-08-29,6.3559,7.4666,23.07
2001-08-30,7.2514,7.5523,23.82
2001-08-31,6.4471,7.3764,23.96
2001-09-01,5.5807,7.1928,21.34
2001-09-02,4.3982,7.2986,20.66
2001-09-03,5.0858,7.2691,23.24
2001-09-04,5.7074,7.3745,22.68
2001-09-05,4.9217,7.4623,23.41
2001-09-06,4.9212,7.3656,22.65
2001-09-07,6.1526,7.5132,21.83
2001-09-08,5.538,7.4753,21.46
2001-09-09,5.4422,7.5974,20.46
2001-09-10,5.5202,7.4556,21.33
2001-09-11,6.0497,7.3147,21.23
2001-09-12,3.1346,7.3315,20.73
2001-09-13,3.9926,7.5216,20.45
2001-09-14,3.313,7.4472,20.46
2001-09-15,6.0206,7.4206,20.23
2001-09-16,7.2833,7.6642,21.75
2001-09-17,6.4855,7.5617,21.85
2001-09-18,4.7539,7.4244,18.59
2001-09-19,4.6632,7.4846,20.43
2001-09-20,5.1943,7.2509,18.74
2001-09-21,5.4989,7.4657,20.14
2001-09-22,4.8422,7.3742,19.99
2001-09-23,4.9975,7.489,20.68
2001-09-24,6.1814,7.5775,20.94
2001-09-25,6.3638,7.4376,21.16
2001-09-26,5.4348,7.4563,20.5
2001-09-27,4.6013,7.3224,20.6
2001-09-28,5.215,7.4729,20.47
2001-09-29,5.5423,7.2912,20.89
2001-09-30,3.4853,7.5163,20.65
2001-10-01,5.5356,7.583,20.18
2001-10-02,6.0626,7.4945,21.93
2001-10-03,5.981,7.3114,22.3
2001-10-04,5.7648,7.151,22.0
2001-10-05,6.0814,7.2682,21.25
2001-10-06,5.4653,7.271,20.67
2001-10-07,5.5999,7.3258,20.19
2001-10-08,5.8354,7.4131,21.68
2001-10-09,5.4768,7.2946,21.2
2001-10-10,3.8892,7.1647,20.11
2001-10-11,5.4024,7.1839,19.95
2001-10-12,5.3117,7.1095,21.32
2001-10-13,4.1549,7.157,22.07
2001-10-14,3.9725,7.2108,20.39
2001-10-15,5.1809,7.2754,20.83
2001-10-16,2.9854,7.4275,19.23
2001-10-17,3.7066,7.3255,19.6
2001-10-18,4.1899,7.127,20.04
2001-10-19,5.2661,7.1054,20.28
2001-10-20,5.1598,7.2413,19.79
2001-10-21,5.227,7.1323,20.24
2001-10-22,5.0758,7.1388,20.2
2001-10-23,3.8006,6.9682,19.45
2001-10-24,4.2468,7.0709,20.24
2001-10-25,5.2934,7.0123,20.46
2001-10-26,4.3462,6.9638,21.38
2001-10-27,4.0829,7.039,19.83
2001-10-28,4.1462,7.1662,19.92
2001-10-29,4.6591,7.146,20.34
2001-10-30,3.673,7.1191,19.95
2001-10-31,3.0919,6.99,19.12
2001-11-01,3.7354,6.9996,19.98
2001-11-02,3.21,6.9562,19.62
2001-11-03,6.0818,7.0831,19.86
2001-11-04,5.7847,7.0044,20.15
2001-11-05,4.7134,6.9223,20.22
2001-11-06,4.765,6.8875,19.9
2001-11-07,5.6035,6.732,20.96
2001-11-08,4.6147,6.7555,21.08
2001-11-09,4.9562,6.829,20.09
2001-11-10,4.2682,6.6084,20.7
2001-11-11,4.7911,6.709,20.08
2001-11-12,3.6965,6.7966,20.96
2001-11-13,3.8738,6.8407,20.52
2001-11-14,4.1611,6.7922,19.49
2001-11-15,4.1635,6.8592,19.39
2001-11-16,5.5418,6.8314,19.89
2001-11-17,5.6076,6.7488,19.72
2001-11-18,4.8674,6.5122,20.54
2001-11-19,3.774,6.4238,20.53
2001-11-20,4.5182,6.5645,19.85
2001-11-21,4.0044,6.4975,19.84
2001-11-22,4.9291,6.6487,20.44
2001-11-23,5.3707,6.7452,20.45
2001-11-24,3.7474,6.6684,19.72
2001-11-25,3.0538,6.593,19.91
2001-11-26,3.6499,6.6235,19.25
2001-11-27,3.6622,6.5892,19.48
2001-11-28,4.0601,6.5014,19.79
2001-11-29,4.7323,6.5695,19.84
2001-11-30,4.0661,6.6235,19.43
2001-12-01,3.3562,6.5244,19.26
2001-12-02,4.0133,6.6139,18.86
2001-12-03,4.4184,6.4814,19.01
2001-12-04,4.9073,6.4786,19.98
2001-12-05,4.8931,6.4637,20.93
2001-12-06,4.2,6.4303,20.63
2001-12-07,3.972,6.3994,20.6
2001-12-08,2.8735,6.3902,20.61
2001-12-09,4.349,6.469,19.76
2001-12-10,4.3351,6.5525,19.54
2001-12-11,4.8206,6.4627,20.76
2001-12-12,4.8254,6.443,21.59
2001-12-13,2.237,6.5465,19.92
2001-12-14,4.776,6.6432,20.75
2001-12-15,4.6159,6.6768,20.43
2001-12-16,3.6269,6.5926,20.27
2001-12-17,2.8212,6.3586,19.7
2001-12-18,3.1615,6.4128,18.51
2001-12-19,4.1659,6.4843,20.23
2001-12-20,4.4688,6.3866,20.51
2001-12-21,3.8225,6.3362,20.19
2001-12-22,4.7974,6.5542,20.7
2001-12-23,5.0189,6.5729,20.71
2001-12-24,3.9986,6.618,20.24
2001-12-25,3.9953,6.5479,19.94
2001-12-26,3.8827,6.4318,18.84
2001-12-27,4.6066,6.4546,19.26
2001-12-28,5.3813,6.4824,20.99
2001-12-29,4.4575,6.4802,20.81
2001-12-30,3.7639,6.479,20.3
2001-12-31,5.2632,6.6322,21.22
2002-01-01,5.3381,6.63,20.78
2002-01-02,5.5133,6.7627,20.21
2002-01-03,4.6555,6.6494,20.9
2002-01-04,5.2694,6.7385,20.28
2002-01-05,6.0401,6.6403,20.47
2002-01-06,4.7177,6.5602,21.15
2002-01-07,4.8182,6.4846,20.89
2002-01-08,4.368,6.4601,20.37
2002-01-09,4.8677,6.365,19.57
2002-01-10,5.6431,6.565,19.03
2002-01-11,5.4545,6.5753,19.73
2002-01-12,4.8305,6.4056,19.6
2002-01-13,3.9156,6.3924,19.2
2002-01-14,3.9137,6.3029,20.28
2002-01-15,5.3974,6.5378,20.17
2002-01-16,4.8859,6.5755,20.74
2002-01-17,5.3791,6.5938,20.75
2002-01-18,5.1941,6.7289,20.17
2002-01-19,5.5973,6.6876,20.47
2002-01-20,4.5689,6.5897,20.9
2002-01-21,5.1034,6.593,21.51
2002-01-22,5.0563,6.6672,21.12
2002-01-23,5.5474,6.6763,22.21
2002-01-24,5.5214,6.7426,21.54
2002-01-25,5.1478,6.7502,22.18
2002-01-26,4.679,6.7949,22.31
2002-01-27,6.097,6.9492,22.59
2002-01-28,5.509,6.853,23.17
2002-01-29,5.7763,6.8278,23.0
2002-01-30,3.4135,6.6209,21.24
2002-01-31,4.2127,6.701,20.77
2002-02-01,5.4598,6.7994,22.35
2002-02-02,4.3452,6.737,22.77
2002-02-03,3.8146,6.7754,20.47
2002-02-04,3.763,6.8666,21.3
2002-02-05,5.063,6.9367,21.43
2002-02-06,5.3503,6.905,21.13
2002-02-07,3.1099,6.881,20.17
2002-02-08,3.2738,7.0476,20.28
2002-02-09,3.6108,6.7399,20.49
2002-02-10,4.6706,6.7678,21.16
2002-02-11,5.0189,6.8059,21.88
2002-02-12,5.1818,6.9562,22.04
2002-02-13,4.7201,6.9646,22.6
2002-02-14,5.2253,7.0176,22.41
2002-02-15,5.3158,7.001,22.66
2002-02-16,5.8274,7.0598,22.6
2002-02-17,4.8314,6.9622,23.01
2002-02-18,5.2834,6.9593,22.65
2002-02-19,3.571,7.0997,22.48
2002-02-20,5.1055,7.0534,23.26
2002-02-21,5.8478,7.0332,23.58
2002-02-22,5.3856,7.0171,23.3
2002-02-23,4.6682,7.0819,22.93
2002-02-24,5.6254,7.1472,23.6
2002-02-25,6.0634,7.139,23.88
2002-02-26,5.1158,7.1695,23.05
2002-02-27,3.9967,6.6295,22.85
2002-02-28,5.6808,6.8935,22.8
2002-03-01,6.2376,7.1947,23.46
2002-03-02,6.7171,7.3195,24.02
2002-03-03,5.5258,7.0006,24.4
2002-03-04,5.5682,6.9994,24.03
2002-03-05,5.4842,7.0495,23.13
2002-03-06,4.8938,7.0022,22.04
2002-03-07,5.0597,6.9101,22.41
2002-03-08,5.6506,7.0198,23.61
2002-03-09,5.6268,6.9178,23.63
2002-03-10,5.2481,6.7862,23.63
2002-03-11,4.0932,6.5719,22.0
2002-03-12,3.5402,6.6907,21.2
2002-03-13,6.235,7.3334,23.43
2002-03-14,4.6363,7.158,22.22
2002-03-15,3.4934,6.9864,21.93
2002-03-16,5.5894,7.3795,22.59
2002-03-17,4.6056,7.3898,22.57
2002-03-18,4.7424,7.0793,22.44
2002-03-19,3.2186,7.3397,21.96
2002-03-20,4.098,7.3025,20.74
2002-03-21,3.5184,7.4237,21.79
2002-03-22,3.7522,7.518,20.02
2002-03-23,4.5653,7.4834,21.33
2002-03-24,5.5469,7.4465,22.05
2002-03-25,6.8448,7.5677,23.19
2002-03-26,5.5927,7.6526,23.37
2002-03-27,3.4042,7.5766,21.34
2002-03-28,4.5178,7.5974,20.94
2002-03-29,3.1675,7.6622,21.28
2002-03-30,6.0053,7.2946,21.81
2002-03-31,6.4709,7.5389,23.1
2002-04-01,4.1899,7.6082,22.11
2002-04-02,3.2076,7.559,21.0
2002-04-03,4.5065,7.4784,22.76
2002-04-04,5.4516,7.5026,22.28
2002-04-05,5.0422,7.5456,22.3
2002-04-06,4.4292,7.5708,21.07
2002-04-07,3.8357,7.3186,19.28
2002-04-08,4.6397,7.4136,18.69
2002-04-09,4.1438,7.3594,20.48
2002-04-10,4.5703,7.3764,19.64
2002-04-11,3.2426,7.3834,19.6
2002-04-12,4.4237,7.2341,19.21
2002-04-13,4.0726,7.4062,19.21
2002-04-14,4.6632,7.3975,19.08
2002-04-15,5.4206,7.4962,20.08
2002-04-16,4.8324,7.3831,20.39
2002-04-17,4.6906,7.2732,21.25
2002-04-18,3.3228,7.6944,20.91
2002-04-19,3.5662,7.6342,20.17
2002-04-20,4.6349,7.5019,19.51
2002-04-21,4.0238,7.4947,19.5
2002-04-22,5.1732,7.175,21.44
2002-04-23,4.235,7.4446,20.88
2002-04-24,4.2211,7.3138,20.51
2002-04-25,2.9693,7.4366,19.29
2002-04-26,4.0764,7.4666,20.01
2002-04-27,4.3346,7.4179,19.54
2002-04-28,3.833,7.2655,20.7
2002-04-29,5.7499,7.5269,20.98
2002-04-30,3.5494,7.2269,19.6
2002-05-01,5.0933,7.2806,21.16
2002-05-02,6.047,7.2406,22.04
2002-05-03,6.4486,7.4088,20.65
2002-05-04,6.6413,7.3634,21.65
2002-05-05,6.7637,7.4338,22.18
2002-05-06,6.4339,7.3332,22.63
2002-05-07,5.8795,7.2446,22.12
2002-05-08,3.9514,7.1784,21.86
2002-05-09,5.497,7.2814,22.27
2002-05-10,6.1879,7.3658,21.82
2002-05-11,4.2535,7.3142,21.94
2002-05-12,6.8292,7.4064,21.91
2002-05-13,4.7016,7.3358,21.77
2002-05-14,5.9659,7.325,22.25
2002-05-15,5.5553,7.325,21.59
2002-05-16,5.376,7.1575,21.52
2002-05-17,4.3478,7.3188,21.3
2002-05-18,4.8593,7.2871,20.11
2002-05-19,4.5936,7.362,21.1
2002-05-20,4.4256,7.3978,20.42
2002-05-21,4.6574,7.3272,20.74
2002-05-22,3.0691,7.3022,19.86
2002-05-23,4.8838,7.2079,20.85
2002-05-24,6.1027,7.2139,20.89
2002-05-25,3.1032,7.1227,19.84
2002-05-26,4.879,7.3769,19.73
2002-05-27,4.6966,7.3025,20.08
2002-05-28,4.6634,7.375,19.52
2002-05-29,4.7822,7.356,19.5
2002-05-30,4.1501,7.308,19.6
2002-05-31,4.1503,7.2638,19.87
2002-06-01,5.6417,7.3159,20.72
2002-06-02,3.7392,7.2708,20.96
2002-06-03,5.3585,7.2511,20.99
2002-06-04,2.9695,7.0663,20.74
2002-06-05,3.3677,7.1023,19.5
2002-06-06,3.9737,6.9122,19.45
2002-06-07,4.0512,7.1462,18.82
2002-06-08,5.4677,7.2588,20.02
2002-06-09,4.4114,7.129,19.79
2002-06-10,6.0706,7.1669,20.23
2002-06-11,5.705,7.0598,20.13
2002-06-12,5.0018,7.1933,19.88
2002-06-13,4.8396,7.0138,20.08
2002-06-14,5.893,7.1208,20.29
2002-06-15,4.4105,7.0164,20.46
2002-06-16,6.4706,7.1309,20.64
2002-06-17,5.5378,6.894,20.15
2002-06-18,5.0952,6.948,20.45
2002-06-19,6.5052,7.1882,21.19
2002-06-20,6.0907,7.1926,20.83
2002-06-21,5.8411,6.9499,20.77
2002-06-22,6.095,7.0841,21.04
2002-06-23,5.5858,7.1261,20.98
2002-06-24,5.549,7.0488,20.42
2002-06-25,5.7288,7.0294,20.69
2002-06-26,6.2794,7.1832,21.18
2002-06-27,5.933,7.1333,21.37
2002-06-28,4.9788,6.9806,21.51
2002-06-29,4.9891,6.8479,19.63
2002-06-30,6.1668,7.1182,20.82
2002-07-01,5.9729,7.1052,21.2
2002-07-02,5.3194,7.1244,22.16
2002-07-03,5.9983,7.1486,22.36
2002-07-04,4.5809,7.0834,21.56
2002-07-05,3.343,7.1066,20.21
2002-07-06,3.2676,7.1717,20.08
2002-07-07,5.7084,7.0716,20.49
2002-07-08,6.077,7.2542,21.33
2002-07-09,5.8793,7.0608,21.75
2002-07-10,4.7647,6.8808,21.12
2002-07-11,4.951,6.9898,21.26
2002-07-12,6.4685,7.1071,21.2
2002-07-13,6.3252,7.1923,21.5
2002-07-14,5.4266,7.0858,21.46
2002-07-15,5.1799,7.2223,21.88
2002-07-16,5.6959,7.1179,21.01
2002-07-17,5.1334,6.9545,19.95
2002-07-18,4.219,7.1218,20.91
2002-07-19,5.5243,7.0745,20.5
2002-07-20,4.4321,7.1954,19.84
2002-07-21,4.6445,6.9905,19.63
2002-07-22,5.0983,6.9293,20.43
2002-07-23,6.0679,7.2473,21.35
2002-07-24,5.3098,7.2746,20.2
2002-07-25,5.6414,7.2538,20.4
2002-07-26,6.942,7.3238,20.62
2002-07-27,5.7665,7.2427,20.47
2002-07-28,5.8697,7.2341,21.58
2002-07-29,6.4399,7.471,21.67
2002-07-30,6.541,7.4076,21.38
2002-07-31,4.3315,7.2768,21.1
2002-08-01,6.0422,7.176,21.99
2002-08-02,6.5398,7.4141,22.0
2002-08-03,6.3226,7.3097,21.23
2002-08-04,6.4697,7.3073,21.29
2002-08-05,6.2472,7.4518,21.12
2002-08-06,6.582,7.3526,22.02
2002-08-07,5.3218,7.3219,22.33
2002-08-08,5.6146,7.1189,20.82
2002-08-09,5.7038,7.2629,20.95
2002-08-10,6.3766,7.1654,22.05
2002-08-11,5.881,7.2,22.8
2002-08-12,6.3242,7.1621,22.65
2002-08-13,6.2083,7.1736,23.13
2002-08-14,6.1253,7.2106,23.47
2002-08-15,6.1896,7.247,23.87
2002-08-16,6.1478,7.2175,24.2
2002-08-17,6.6391,7.3812,23.99
2002-08-18,5.9959,7.1635,23.39
2002-08-19,4.5218,7.2206,23.22
2002-08-20,5.7142,7.2012,23.72
2002-08-21,6.751,7.4052,23.99
2002-08-22,6.2434,7.2046,23.79
2002-08-23,5.1,7.3303,23.25
2002-08-24,6.5998,7.3006,23.29
2002-08-25,5.3052,7.2418,23.07
2002-08-26,4.9862,7.3373,20.36
2002-08-27,3.6602,7.2389,21.26
2002-08-28,4.723,7.4057,20.09
2002-08-29,3.5585,7.259,21.43
2002-08-30,4.8089,7.3754,20.63
2002-08-31,4.1542,7.3754,21.45
2002-09-01,5.2709,7.2418,21.62
2002-09-02,5.0813,7.2338,21.24
2002-09-03,6.0353,7.4093,21.94
2002-09-04,7.0034,7.5122,22.37
2002-09-05,5.5042,7.4484,21.61
2002-09-06,6.1944,7.4506,22.47
2002-09-07,6.3665,7.4054,22.91
2002-09-08,7.2058,7.6224,23.24
2002-09-09,5.8944,7.3447,22.52
2002-09-10,4.9543,7.2046,22.6
2002-09-11,5.4458,7.0627,21.18
2002-09-12,5.2229,7.3598,22.97
2002-09-13,6.036,7.3802,22.93
2002-09-14,4.9915,7.4167,21.52
2002-09-15,6.209,7.4616,22.4
2002-09-16,5.712,7.3308,22.71
2002-09-17,3.4654,7.6181,21.58
2002-09-18,3.965,7.3152,20.41
2002-09-19,5.6822,7.319,20.97
2002-09-20,5.1122,7.1993,22.1
2002-09-21,6.0794,7.4594,22.0
2002-09-22,5.6993,7.3721,21.84
2002-09-23,6.0617,7.4647,21.55
2002-09-24,4.5406,7.4575,21.07
2002-09-25,5.5454,7.2713,20.66
2002-09-26,4.3754,7.2422,20.47
2002-09-27,4.901,7.1242,19.79
2002-09-28,4.0399,7.0166,19.52
2002-09-29,4.8581,7.3459,20.74
2002-09-30,5.989,7.4417,21.69
2002-10-01,6.0917,7.6234,20.44
2002-10-02,6.7582,7.5914,21.87
2002-10-03,5.6378,7.4832,22.64
2002-10-04,5.7518,7.4698,23.06
2002-10-05,6.1867,7.3699,23.35
2002-10-06,5.9306,7.4681,21.87
2002-10-07,4.2994,7.259,21.01
2002-10-08,4.7878,7.2797,21.4
2002-10-09,4.7539,7.3286,21.62
2002-10-10,5.2663,7.3274,20.62
2002-10-11,3.8642,6.9636,21.46
2002-10-12,5.5987,7.1347,21.16
2002-10-13,5.9978,7.1669,21.42
2002-10-14,6.1714,7.2192,21.85
2002-10-15,4.945,7.3145,20.5
2002-10-16,4.9805,7.1143,20.79
2002-10-17,4.7851,7.1705,18.88
2002-10-18,4.3368,6.9814,20.28
2002-10-19,5.1578,7.0906,19.79
2002-10-20,4.3248,6.9482,19.52
2002-10-21,4.9894,7.0399,20.0
2002-10-22,3.4553,6.9958,20.45
2002-10-23,4.8211,7.0968,19.51
2002-10-24,4.9068,7.2089,19.96
2002-10-25,5.0789,7.1426,19.55
2002-10-26,4.2218,7.0606,19.33
2002-10-27,3.6324,7.2029,18.92
2002-10-28,4.2826,7.1974,19.85
2002-10-29,4.3145,6.9648,19.88
2002-10-30,3.5323,6.7685,19.26
2002-10-31,4.9925,7.1465,19.5
2002-11-01,4.6466,6.983,19.83
2002-11-02,3.7661,7.0046,19.47
2002-11-03,3.907,6.7894,19.6
2002-11-04,5.0016,6.9998,19.97
2002-11-05,5.3873,6.971,19.5
2002-11-06,4.7002,7.0111,18.88
2002-11-07,3.7877,6.9156,18.14
2002-11-08,3.9538,6.8782,18.16
2002-11-09,5.1,6.9211,19.19
2002-11-10,6.1594,6.9866,19.86
2002-11-11,5.7434,7.0022,20.31
2002-11-12,4.9034,6.7526,20.46
2002-11-13,4.0092,6.7073,19.84
2002-11-14,5.2606,6.7553,19.2
2002-11-15,5.7218,6.7097,20.51
2002-11-16,5.9038,6.6866,20.69
2002-11-17,3.611,6.6598,20.16
2002-11-18,4.7623,6.7805,19.66
2002-11-19,5.0002,6.8486,19.71
2002-11-20,5.8543,6.8998,20.41
2002-11-21,5.406,6.7464,21.0
2002-11-22,5.9431,6.7464,20.85
2002-11-23,4.7873,6.7315,20.07
2002-11-24,5.3052,6.7668,20.88
2002-11-25,5.6942,6.8182,20.75
2002-11-26,5.2447,6.6031,20.93
2002-11-27,3.8594,6.7553,21.25
2002-11-28,3.7231,6.6871,20.39
2002-11-29,4.3085,6.6151,21.05
2002-11-30,4.7434,6.637,21.25
2002-12-01,5.6885,6.6569,21.22
2002-12-02,5.7274,6.7186,21.27
2002-12-03,3.8042,6.5947,21.22
2002-12-04,5.4192,6.5498,21.21
2002-12-05,4.6466,6.5542,20.31
2002-12-06,4.177,6.5882,20.42
2002-12-07,4.4926,6.3948,20.74
2002-12-08,3.594,6.5047,19.8
2002-12-09,3.9833,6.5897,19.88
2002-12-10,4.6464,6.5573,19.97
2002-12-11,3.9446,6.5282,20.42
2002-12-12,4.3546,6.5064,20.69
2002-12-13,3.8002,6.3977,20.67
2002-12-14,2.8404,6.2604,19.22
2002-12-15,1.6985,6.5232,18.39
2002-12-16,3.5676,6.4932,18.81
2002-12-17,3.2928,6.679,19.19
2002-12-18,3.6142,6.397,19.67
2002-12-19,4.8984,6.4582,19.88
2002-12-20,4.4107,6.3686,20.53
2002-12-21,4.4321,6.4198,19.86
2002-12-22,5.3042,6.5633,20.31
2002-12-23,5.6918,6.4447,20.32
2002-12-24,5.6698,6.4867,20.72
2002-12-25,4.2845,6.4241,20.98
2002-12-26,5.1835,6.4565,21.47
2002-12-27,4.8209,6.3636,20.85
2002-12-28,4.5497,6.3295,20.83
2002-12-29,4.2672,6.3475,20.38
2002-12-30,4.1863,6.4116,20.46
2002-12-31,4.6978,6.5364,21.04
2003-01-01,5.3758,6.4778,21.55
2003-01-02,5.9467,6.595,22.14
2003-01-03,4.2334,6.4942,21.64
2003-01-04,5.0628,6.5074,21.55
2003-01-05,5.6374,6.547,21.92
2003-01-06,5.6695,6.6823,22.5
2003-01-07,5.16,6.5856,22.91
2003-01-08,5.3827,6.3878,23.04
2003-01-09,4.9315,6.4387,23.2
2003-01-10,6.0151,6.6358,23.37
2003-01-11,5.0772,6.5678,22.42
2003-01-12,5.2313,6.3247,23.13
2003-01-13,5.333,6.605,23.01
2003-01-14,4.7114,6.6108,22.41
2003-01-15,4.8502,6.4284,22.3
2003-01-16,5.64,6.457,22.39
2003-01-17,4.7381,6.3269,22.56
2003-01-18,4.2276,6.5143,22.98
2003-01-19,3.6806,6.4776,21.35
2003-01-20,5.214,6.456,21.5
2003-01-21,6.0679,6.7291,22.08
2003-01-22,5.5121,6.7946,21.8
2003-01-23,2.9417,6.6067,20.4
2003-01-24,3.4248,6.4567,21.3
2003-01-25,4.6807,6.4015,21.5
2003-01-26,4.8317,6.5026,23.01
2003-01-27,3.9581,6.4046,22.73
2003-01-28,5.5939,6.3446,22.92
2003-01-29,5.687,6.7294,23.71
2003-01-30,5.1264,6.7759,23.88
2003-01-31,4.5679,6.5431,22.92
2003-02-01,4.4597,6.6398,22.84
2003-02-02,4.555,6.5376,22.71
2003-02-03,6.3214,6.8544,23.78
2003-02-04,6.6914,7.0003,24.47
2003-02-05,5.8087,6.8062,24.05
2003-02-06,5.46,6.7973,24.55
2003-02-07,5.2711,6.798,24.81
2003-02-08,4.2895,6.5815,22.34
2003-02-09,5.232,6.7846,22.56
2003-02-10,4.7083,6.8796,23.2
2003-02-11,3.3242,6.691,22.77
2003-02-12,4.3183,6.8674,23.32
2003-02-13,4.4398,6.7526,22.52
2003-02-14,4.3044,6.7627,23.0
2003-02-15,4.4906,6.8002,23.07
2003-02-16,4.458,6.7471,22.72
2003-02-17,3.6924,6.6936,22.15
2003-02-18,2.7194,6.2753,20.63
2003-02-19,4.8358,6.5539,21.09
2003-02-20,5.1475,6.6228,22.17
2003-02-21,5.7077,6.7382,22.64
2003-02-22,6.1507,6.5858,23.06
2003-02-23,5.6107,6.4896,21.3
2003-02-24,6.0281,6.6782,22.29
2003-02-25,6.3314,6.7534,22.38
2003-02-26,6.2261,6.713,22.23
2003-02-27,6.1183,6.5472,21.57
2003-02-28,6.4262,6.7838,22.37
2003-03-01,5.5481,6.8904,22.07
2003-03-02,4.7095,7.1419,23.26
2003-03-03,4.729,7.0114,22.4
2003-03-04,5.5814,7.1347,23.99
2003-03-05,6.6974,7.506,25.0
2003-03-06,6.913,7.1522,24.72
2003-03-07,5.5807,7.0949,24.19
2003-03-08,5.587,7.0644,24.61
2003-03-09,5.0086,6.205,24.6
2003-03-10,3.6564,5.9962,24.11
2003-03-11,4.2902,6.3346,24.64
2003-03-12,4.5394,5.7967,24.97
2003-03-13,4.0102,6.3043,22.34
2003-03-14,4.9193,7.1297,21.46
2003-03-15,1.6375,6.6307,21.64
2003-03-16,4.7467,7.1585,20.54
2003-03-17,4.4618,6.8846,20.07
2003-03-18,4.2895,7.0342,20.4
2003-03-19,3.2698,6.8472,19.41
2003-03-20,4.2775,7.0358,19.82
2003-03-21,4.1105,6.835,20.25
2003-03-22,4.4081,6.7798,20.52
2003-03-23,5.2366,6.6727,21.4
2003-03-24,5.3362,6.7985,20.91
2003-03-25,3.8134,6.2191,19.76
2003-03-26,2.3702,6.3041,19.0
2003-03-27,3.804,6.5177,19.88
2003-03-28,4.7177,5.8954,20.43
2003-03-29,3.7282,6.8407,20.09
2003-03-30,4.2766,6.6151,21.41
2003-03-31,4.5072,6.3389,20.41
2003-04-01,4.9382,6.8777,21.63
2003-04-02,6.4942,6.9401,22.49
2003-04-03,4.9486,6.8465,23.18
2003-04-04,2.9993,6.2774,22.5
2003-04-05,5.7828,7.037,22.6
2003-04-06,5.261,6.8602,21.97
2003-04-07,5.4871,6.7157,22.76
2003-04-08,3.9,6.929,20.7
2003-04-09,2.7996,7.1191,21.43
2003-04-10,4.6836,7.284,20.97
2003-04-11,4.2329,6.761,21.83
2003-04-12,2.8754,6.6912,20.09
2003-04-13,2.8529,6.647,20.34
2003-04-14,4.8355,7.2355,20.72
2003-04-15,3.1517,7.459,19.01
2003-04-16,5.2274,6.8664,20.41
2003-04-17,4.2722,7.403,20.92
2003-04-18,5.7046,7.5768,20.17
2003-04-19,4.8526,7.5077,19.49
2003-04-20,5.4566,7.5401,20.83
2003-04-21,3.1231,7.3001,20.09
2003-04-22,4.6106,7.578,19.26
2003-04-23,4.2442,7.4604,19.74
2003-04-24,5.118,7.3877,19.51
2003-04-25,3.6614,7.1714,19.7
2003-04-26,4.7222,7.4503,20.75
2003-04-27,5.215,7.212,19.39
2003-04-28,7.0951,7.5072,21.41
2003-04-29,5.7485,7.4126,20.96
2003-04-30,5.4353,7.3507,21.21
2003-05-01,6.9662,7.4789,22.46
2003-05-02,5.9659,7.457,21.22
2003-05-03,5.2507,7.3433,20.96
2003-05-04,4.5478,7.3517,20.13
2003-05-05,5.4425,7.446,20.98
2003-05-06,4.6997,7.3884,21.28
2003-05-07,5.4463,7.4117,20.88
2003-05-08,5.1749,7.374,20.11
2003-05-09,3.5933,7.3584,20.39
2003-05-10,5.8752,7.4731,20.77
2003-05-11,5.501,7.4311,20.82
2003-05-12,5.9158,7.2972,20.94
2003-05-13,6.3312,7.499,21.24
2003-05-14,4.89,7.3493,21.51
2003-05-15,6.0305,7.3565,21.64
2003-05-16,5.3266,7.482,21.49
2003-05-17,5.7024,7.345,21.13
2003-05-18,3.2753,7.3884,20.66
2003-05-19,3.7812,7.3262,20.76
2003-05-20,4.4575,7.1494,21.44
2003-05-21,4.9313,7.3483,21.04
2003-05-22,4.2259,7.3543,21.15
2003-05-23,5.9318,7.3284,22.03
2003-05-24,5.6071,7.2782,20.59
2003-05-25,4.693,7.1206,19.92
2003-05-26,5.0618,7.2166,20.8
2003-05-27,5.4806,7.2694,20.24
2003-05-28,5.521,7.3116,20.57
2003-05-29,5.9422,7.2497,21.12
2003-05-30,5.9388,7.1808,21.02
2003-05-31,4.3764,7.0733,20.64
2003-06-01,3.9905,7.0714,20.45
2003-06-02,5.0362,7.0661,19.8
2003-06-03,3.0886,7.1938,19.46
2003-06-04,5.4521,7.1705,19.41
2003-06-05,2.7907,7.2228,19.35
2003-06-06,5.0628,7.225,19.41
2003-06-07,4.9493,7.2389,20.45
2003-06-08,6.2556,7.0027,20.7
2003-06-09,5.3026,7.0632,20.66
2003-06-10,5.7005,7.1306,20.44
2003-06-11,4.2382,7.117,19.41
2003-06-12,4.7038,7.2173,19.64
2003-06-13,3.985,7.1275,19.33
2003-06-14,5.5541,7.1935,20.37
2003-06-15,4.1602,7.0656,20.29
2003-06-16,4.8305,7.1542,19.52
2003-06-17,4.3687,7.0937,19.87
2003-06-18,3.4675,7.116,18.93
2003-06-19,4.6994,7.1635,19.45
2003-06-20,5.9138,7.2425,19.77
2003-06-21,4.4306,7.213,20.52
2003-06-22,4.6853,6.954,19.88
2003-06-23,5.4295,7.1465,20.22
2003-06-24,5.6921,7.2802,20.46
2003-06-25,5.8517,7.11,20.87
2003-06-26,5.9801,7.0649,21.04
2003-06-27,6.4435,7.1376,20.38
2003-06-28,5.389,7.111,20.45
2003-06-29,3.7536,6.8731,20.3
2003-06-30,5.2138,7.05,20.04
2003-07-01,4.8331,7.1563,18.92
2003-07-02,6.3516,7.3104,20.46
2003-07-03,4.9219,7.1693,20.33
2003-07-04,4.4218,6.99,20.06
2003-07-05,4.6747,7.2451,20.13
2003-07-06,6.1711,7.2713,20.63
2003-07-07,5.5226,7.1887,20.9
2003-07-08,4.7635,7.0745,20.02
2003-07-09,5.4223,7.0889,19.75
2003-07-10,5.3489,7.2768,20.25
2003-07-11,4.1935,7.1597,20.54
2003-07-12,5.4408,7.1554,19.91
2003-07-13,5.5759,7.1542,20.11
2003-07-14,6.2352,6.9199,20.28
2003-07-15,6.3094,7.0968,20.73
2003-07-16,4.9181,7.1198,20.74
2003-07-17,5.5274,7.0728,20.4
2003-07-18,6.9631,7.3229,20.63
2003-07-19,6.7697,7.2552,21.38
2003-07-20,5.6153,7.164,21.72
2003-07-21,5.4077,6.9209,21.67
2003-07-22,5.5934,6.9566,21.59
2003-07-23,5.6777,7.2406,20.99
2003-07-24,5.3868,7.3058,21.22
2003-07-25,5.8992,7.3181,20.65
2003-07-26,4.7753,7.1443,20.81
2003-07-27,6.1738,7.3663,20.86
2003-07-28,7.0318,7.3529,21.99
2003-07-29,5.4672,7.188,22.53
2003-07-30,5.5397,7.2235,20.81
2003-07-31,5.6172,7.2991,21.01
2003-08-01,4.517,7.1592,19.82
2003-08-02,4.721,7.302,19.98
2003-08-03,4.6802,7.3286,19.79
2003-08-04,6.2803,7.3558,20.48
2003-08-05,5.3767,7.3591,21.47
2003-08-06,6.5479,7.4892,22.08
2003-08-07,5.0129,7.3745,21.97
2003-08-08,4.793,7.3277,21.4
2003-08-09,5.9071,7.2175,20.47
2003-08-10,6.8285,7.5278,20.88
2003-08-11,6.175,7.2955,21.39
2003-08-12,5.232,7.1741,22.01
2003-08-13,5.6542,7.109,22.57
2003-08-14,5.7809,7.4441,21.82
2003-08-15,5.4893,7.3874,21.3
2003-08-16,5.5344,7.3164,21.58
2003-08-17,5.4694,7.2749,20.54
2003-08-18,6.3566,7.451,21.34
2003-08-19,6.7186,7.5019,21.68
2003-08-20,4.6829,7.4052,21.21
2003-08-21,5.1674,7.391,19.99
2003-08-22,4.9123,7.4818,20.35
2003-08-23,5.9657,7.507,20.76
2003-08-24,6.247,7.5456,20.56
2003-08-25,6.1042,7.5379,22.05
2003-08-26,5.7221,7.3378,21.25
2003-08-27,4.68,7.1306,21.37
2003-08-28,6.6461,7.4422,20.77
2003-08-29,5.4754,7.2386,20.51
2003-08-30,6.0406,7.393,20.77
2003-08-31,6.5316,7.2334,21.28
2003-09-01,5.4595,7.2722,22.24
2003-09-02,6.1421,7.3272,22.7
2003-09-03,6.486,7.415,22.33
2003-09-04,6.5549,7.4563,22.18
2003-09-05,4.8914,7.1784,20.82
2003-09-06,5.4754,7.4086,21.27
2003-09-07,4.4419,7.5278,20.24
2003-09-08,5.8006,7.5353,20.81
2003-09-09,5.6057,7.4806,21.26
2003-09-10,5.7185,7.523,19.77
2003-09-11,5.6095,7.5828,20.29
2003-09-12,4.5864,7.4143,21.52
2003-09-13,6.4229,7.518,20.98
2003-09-14,6.3624,7.4602,22.06
2003-09-15,5.1372,7.4047,21.54
2003-09-16,5.7898,7.3682,21.84
2003-09-17,5.0899,7.3512,21.45
2003-09-18,3.6384,7.4112,21.02
2003-09-19,4.6867,7.387,20.48
2003-09-20,3.6698,7.259,20.86
2003-09-21,3.6605,7.291,19.74
2003-09-22,4.4602,7.3097,20.62
2003-09-23,5.3386,7.4707,20.08
2003-09-24,5.3914,7.3445,20.89
2003-09-25,5.3066,7.3346,20.65
2003-09-26,5.3446,7.5874,20.21
2003-09-27,4.7623,7.4688,20.58
2003-09-28,4.1995,7.4842,19.44
2003-09-29,4.0757,7.3154,19.16
2003-09-30,3.6806,7.2595,20.48
2003-10-01,4.2065,7.2914,20.98
2003-10-02,5.209,7.3699,21.33
2003-10-03,5.6398,7.373,21.28
2003-10-04,4.5924,7.3085,20.12
2003-10-05,4.9284,7.3666,19.74
2003-10-06,3.5316,7.1923,20.42
2003-10-07,2.957,7.3613,19.74
2003-10-08,4.1405,7.0534,19.31
2003-10-09,3.5071,7.0603,19.8
2003-10-10,4.2809,7.2358,19.5
2003-10-11,5.4317,7.1966,20.92
2003-10-12,4.4376,7.1122,20.1
2003-10-13,3.6953,7.0843,19.27
2003-10-14,3.6166,7.1645,19.75
2003-10-15,3.9202,7.3178,18.74
2003-10-16,3.2203,7.3433,19.69
2003-10-17,5.7924,7.3699,19.63
2003-10-18,3.7471,7.3721,20.27
2003-10-19,3.5897,7.1578,19.45
2003-10-20,4.0776,7.0042,19.51
2003-10-21,4.236,7.1558,19.77
2003-10-22,5.0395,7.1606,20.49
2003-10-23,4.6507,7.2581,21.16
2003-10-24,5.7048,7.1316,20.68
2003-10-25,4.9488,7.176,20.26
2003-10-26,5.1482,7.1484,20.11
2003-10-27,3.5158,7.0279,20.23
2003-10-28,4.4791,7.0524,20.18
2003-10-29,3.7176,6.9456,19.3
2003-10-30,4.7057,6.821,19.52
2003-10-31,3.4289,6.9799,19.42
2003-11-01,3.6046,7.1438,19.83
2003-11-02,5.1108,7.0954,19.26
2003-11-03,4.5742,7.0342,18.96
2003-11-04,4.9982,6.7332,19.9
2003-11-05,5.25,6.8801,20.64
2003-11-06,4.8631,6.9816,19.87
2003-11-07,4.2403,6.8666,19.26
2003-11-08,4.0596,6.9149,20.05
2003-11-09,4.9819,6.984,20.13
2003-11-10,4.4042,6.8563,19.58
2003-11-11,2.4588,6.5515,19.2
2003-11-12,4.1227,6.7289,20.08
2003-11-13,5.7142,6.9014,20.65
2003-11-14,4.0781,6.8446,20.46
2003-11-15,5.5147,6.7565,19.89
2003-11-16,4.7993,6.6874,20.69
2003-11-17,5.2327,6.8074,21.43
2003-11-18,4.2259,6.8486,20.53
2003-11-19,5.4396,6.7212,20.25
2003-11-20,4.2557,6.803,19.54
2003-11-21,4.5828,6.7718,20.31
2003-11-22,4.0884,6.7121,19.08
2003-11-23,4.7861,6.7315,20.21
2003-11-24,4.5398,6.4512,19.83
2003-11-25,3.6602,6.6538,19.68
2003-11-26,5.3482,6.6262,20.46
2003-11-27,5.5824,6.6612,21.07
2003-11-28,5.081,6.5652,21.07
2003-11-29,3.8767,6.732,19.95
2003-11-30,3.6631,6.7102,19.38
2003-12-01,3.9235,6.5846,19.3
2003-12-02,3.8129,6.5604,19.27
2003-12-03,4.0452,6.7882,20.17
2003-12-04,4.7366,6.6996,20.23
2003-12-05,4.5038,6.5964,19.95
2003-12-06,3.3734,6.4373,19.63
2003-12-07,4.4827,6.4217,19.76
2003-12-08,4.7182,6.5498,19.62
2003-12-09,5.8697,6.5482,20.45
2003-12-10,5.1756,6.4714,20.47
2003-12-11,3.0881,6.5069,19.97
2003-12-12,4.446,6.1927,19.98
2003-12-13,4.5929,6.5208,19.77
2003-12-14,4.0934,6.3473,19.55
2003-12-15,4.3726,6.5983,20.14
2003-12-16,6.5928,6.7471,20.45
2003-12-17,6.0926,6.6506,20.25
2003-12-18,4.2487,6.4327,20.62
2003-12-19,3.8796,6.4102,20.2
2003-12-20,3.8328,6.437,20.34
2003-12-21,3.9665,6.4322,19.71
2003-12-22,3.2004,6.2777,20.72
2003-12-23,5.1938,6.3454,20.99
2003-12-24,5.0676,6.4529,21.03
2003-12-25,2.2982,6.3886,20.2
2003-12-26,3.6209,6.3588,20.39
2003-12-27,4.157,6.4714,19.73
2003-12-28,3.6785,6.3473,19.76
2003-12-29,4.2506,6.5095,19.38
2003-12-30,4.7386,6.6571,19.43
2003-12-31,5.6407,6.7054,19.02
2004-01-01,6.2182,6.7826,20.54
2004-01-02,6.1104,6.762,21.35
2004-01-03,6.0156,6.7109,21.35
2004-01-04,5.5361,6.5455,20.04
2004-01-05,2.4055,6.5875,19.72
2004-01-06,2.8992,6.5138,20.38
2004-01-07,3.9931,6.4469,20.17
2004-01-08,2.7883,6.4178,19.64
2004-01-09,3.5194,6.5438,19.59
2004-01-10,2.5166,6.2983,19.25
2004-01-11,3.0862,6.4142,19.45
2004-01-12,4.0222,6.3019,19.58
2004-01-13,5.2781,6.499,20.8
2004-01-14,5.401,6.6749,19.99
2004-01-15,4.7928,6.5614,19.06
2004-01-16,4.951,6.6619,19.1
2004-01-17,4.3764,6.5146,18.89
2004-01-18,5.1511,6.702,19.2
2004-01-19,5.01,6.5849,19.45
2004-01-20,4.3606,6.384,19.34
2004-01-21,3.6492,6.6048,18.9
2004-01-22,4.5655,6.8246,18.75
2004-01-23,4.4729,6.6912,18.61
2004-01-24,5.7017,6.8011,18.85
2004-01-25,5.7012,6.9065,19.78
2004-01-26,6.1423,6.9494,19.31
2004-01-27,6.1666,7.003,19.47
2004-01-28,5.6424,7.0097,19.84
2004-01-29,6.5683,7.0114,19.44
2004-01-30,6.0708,7.0253,19.95
2004-01-31,5.6119,6.8566,19.98
2004-02-01,6.0936,7.0711,19.95
2004-02-02,6.3374,7.0262,20.31
2004-02-03,4.7592,6.9535,20.33
2004-02-04,6.5575,7.2305,20.95
2004-02-05,6.8712,7.1683,20.97
2004-02-06,6.6696,7.1318,21.44
2004-02-07,6.4058,6.9614,21.17
2004-02-08,5.4365,7.0601,20.65
2004-02-09,6.4164,7.0402,21.03
2004-02-10,5.6544,7.0346,21.86
2004-02-11,5.2651,6.9526,21.77
2004-02-12,5.005,6.8563,21.58
2004-02-13,3.8131,7.0762,21.43
2004-02-14,5.7302,7.1755,22.48
2004-02-15,5.7739,7.1914,22.44
2004-02-16,5.8973,7.0114,22.44
2004-02-17,5.3611,7.0282,22.38
2004-02-18,4.5818,6.917,22.21
2004-02-19,3.7946,6.8839,20.88
2004-02-20,3.4762,6.8438,21.23
2004-02-21,4.5461,6.7375,20.59
2004-02-22,4.452,7.0212,20.71
2004-02-23,2.8298,6.9958,20.1
2004-02-24,6.0511,7.297,20.75
2004-02-25,5.0278,7.1628,20.25
2004-02-26,6.2906,7.295,21.51
2004-02-27,4.7748,6.895,21.08
2004-02-28,4.4786,6.9506,20.16
2004-02-29,4.5022,7.0478,20.58
2004-03-01,3.8088,6.943,20.97
2004-03-02,5.5538,7.1251,21.79
2004-03-03,5.2342,7.1858,22.26
2004-03-04,5.4965,7.2672,23.03
2004-03-05,5.1163,7.2137,22.38
2004-03-06,3.425,7.0366,22.02
2004-03-07,3.18,6.8249,21.29
2004-03-08,5.0203,7.1369,20.96
2004-03-09,5.0446,7.2048,21.93
2004-03-10,4.1676,7.295,22.91
2004-03-11,4.5516,7.1023,22.29
2004-03-12,6.3622,7.428,23.23
2004-03-13,5.6827,7.2425,23.61
2004-03-14,6.5482,7.3001,24.56
2004-03-15,5.4115,7.1359,24.02
2004-03-16,5.3398,7.0915,23.82
2004-03-17,5.9239,7.3428,23.64
2004-03-18,5.6496,7.2206,24.15
2004-03-19,4.8924,7.1474,23.74
2004-03-20,5.4485,7.0354,23.8
2004-03-21,3.0998,6.9377,23.0
2004-03-22,4.2828,6.6874,21.94
2004-03-23,5.3748,6.977,21.8
2004-03-24,4.8881,6.9823,23.28
2004-03-25,3.3197,7.3786,22.14
2004-03-26,4.5833,7.2626,22.31
2004-03-27,4.3226,7.2154,21.31
2004-03-28,4.5768,7.3087,19.75
2004-03-29,4.9046,7.4273,20.66
2004-03-30,5.4595,7.2905,21.13
2004-03-31,5.3083,6.8868,21.49
2004-04-01,3.0958,6.4224,20.96
2004-04-02,3.4517,6.5275,20.48
2004-04-03,3.4219,6.9528,19.75
2004-04-04,5.7886,7.3574,21.68
2004-04-05,6.624,7.4285,22.63
2004-04-06,5.8598,7.2938,22.75
2004-04-07,6.3334,7.2446,22.7
2004-04-08,4.9051,7.1285,21.43
2004-04-09,4.7419,7.3258,22.27
2004-04-10,4.338,7.3078,21.76
2004-04-11,5.0882,7.4098,21.29
2004-04-12,5.136,7.351,21.54
2004-04-13,1.481,7.5439,21.05
2004-04-14,3.75,7.5053,20.64
2004-04-15,3.4536,7.2581,19.8
2004-04-16,4.8629,7.3694,20.25
2004-04-17,4.7875,7.3486,20.14
2004-04-18,4.5461,7.2828,20.51
2004-04-19,4.9805,7.176,21.14
2004-04-20,1.9795,7.3517,21.53
2004-04-21,5.1641,7.3764,20.78
2004-04-22,4.0939,7.5792,20.44
2004-04-23,3.4375,7.6265,19.54
2004-04-24,4.7402,7.4659,20.3
2004-04-25,3.1762,7.4006,19.31
2004-04-26,5.9508,7.4957,20.75
2004-04-27,4.4455,7.3502,19.61
2004-04-28,6.0408,7.477,20.84
2004-04-29,6.1946,7.494,20.96
2004-04-30,4.0538,7.3373,20.69
2004-05-01,4.9908,7.3704,20.95
2004-05-02,5.2793,7.4549,20.51
2004-05-03,4.3697,7.3862,20.65
2004-05-04,4.0598,7.3493,20.07
2004-05-05,5.2087,7.4782,21.33
2004-05-06,5.7811,7.4731,20.56
2004-05-07,6.0542,7.4477,22.03
2004-05-08,6.5374,7.4894,22.88
2004-05-09,3.4942,7.3133,22.49
2004-05-10,6.1745,7.4489,22.29
2004-05-11,5.9803,7.326,22.38
2004-05-12,3.8904,7.1911,21.84
2004-05-13,5.1101,7.1546,21.45
2004-05-14,5.8183,7.2593,22.07
2004-05-15,2.1893,7.3178,20.36
2004-05-16,3.731,7.3277,21.14
2004-05-17,3.8035,7.3303,19.82
2004-05-18,3.3713,7.4117,21.25
2004-05-19,2.6779,7.3841,20.22
2004-05-20,4.8578,7.5439,20.29
2004-05-21,4.555,7.5211,19.78
2004-05-22,4.1273,7.5235,19.06
2004-05-23,4.9085,7.4873,20.13
2004-05-24,4.1314,7.3726,19.32
2004-05-25,5.7106,7.3471,20.77
2004-05-26,5.1708,7.1842,21.64
2004-05-27,4.7957,7.2622,21.27
2004-05-28,4.247,7.2638,20.0
2004-05-29,4.3745,7.3505,19.62
2004-05-30,5.604,7.4167,19.63
2004-05-31,5.9201,7.3697,20.15
2004-06-01,5.455,7.2055,20.43
2004-06-02,6.3113,7.2684,20.77
2004-06-03,6.3103,7.2761,21.05
2004-06-04,5.4108,7.1578,20.55
2004-06-05,4.2667,7.3584,19.49
2004-06-06,4.4755,7.3133,19.87
2004-06-07,6.9444,7.4102,21.19
2004-06-08,6.3034,7.1342,21.47
2004-06-09,6.3809,7.2053,20.79
2004-06-10,5.5678,7.2266,20.85
2004-06-11,7.0735,7.3822,21.16
2004-06-12,5.5414,7.0416,21.52
2004-06-13,6.3449,7.1316,20.86
2004-06-14,5.141,7.0354,19.91
2004-06-15,5.4974,6.8304,20.36
2004-06-16,6.1025,7.165,21.29
2004-06-17,4.8468,6.9629,21.14
2004-06-18,6.479,7.1549,22.09
2004-06-19,5.3866,6.9494,22.25
2004-06-20,4.3538,6.8429,21.3
2004-06-21,5.879,7.261,21.58
2004-06-22,7.117,7.3908,21.81
2004-06-23,5.8318,7.1405,22.57
2004-06-24,5.8308,7.1203,21.96
2004-06-25,5.7228,7.0709,21.61
2004-06-26,6.3096,7.211,21.79
2004-06-27,5.7742,7.1995,22.04
2004-06-28,4.8312,7.0082,20.37
2004-06-29,6.1639,7.0889,20.38
2004-06-30,5.4698,7.0795,21.1
2004-07-01,4.7734,6.9893,20.33
2004-07-02,6.0989,7.2446,19.92
2004-07-03,4.1388,7.0586,21.01
2004-07-04,3.841,6.767,20.11
2004-07-05,5.1845,7.0702,20.13
2004-07-06,5.5956,7.1506,19.78
2004-07-07,5.274,7.176,19.8
2004-07-08,5.3882,7.2374,19.4
2004-07-09,5.4103,7.3498,19.85
2004-07-10,4.7736,7.1374,20.59
2004-07-11,5.9273,7.2631,20.71
2004-07-12,6.1183,7.3481,20.37
2004-07-13,5.3297,7.2202,20.8
2004-07-14,5.0609,7.0099,20.25
2004-07-15,4.8475,7.1196,19.82
2004-07-16,4.1767,7.2466,19.76
2004-07-17,6.0552,7.285,20.73
2004-07-18,5.7922,7.2842,21.16
2004-07-19,5.9911,7.3435,21.66
2004-07-20,5.3316,7.1724,21.13
2004-07-21,6.3055,7.3418,20.62
2004-07-22,5.0138,7.1263,19.71
2004-07-23,5.0635,7.2432,20.57
2004-07-24,5.3777,7.1462,20.21
2004-07-25,5.2843,7.1777,20.21
2004-07-26,6.3497,7.3838,20.84
2004-07-27,5.9059,7.4165,20.41
2004-07-28,3.979,7.2607,20.75
2004-07-29,6.1315,7.3951,20.0
2004-07-30,7.0085,7.3951,20.82
2004-07-31,5.669,7.4347,20.93
2004-08-01,6.7625,7.2406,21.44
2004-08-02,6.8424,7.4242,21.9
2004-08-03,5.3741,7.2425,22.36
2004-08-04,5.8918,7.3678,21.85
2004-08-05,5.8901,7.4299,20.61
2004-08-06,4.3346,7.2235,19.84
2004-08-07,7.158,7.368,20.92
2004-08-08,6.4702,7.3346,21.32
2004-08-09,6.8587,7.4702,21.73
2004-08-10,6.4147,7.2929,21.71
2004-08-11,6.3898,7.327,21.65
2004-08-12,6.5518,7.2701,22.2
2004-08-13,6.5962,7.2847,22.32
2004-08-14,5.1576,7.1561,22.33
2004-08-15,5.915,7.1645,22.7
2004-08-16,6.3583,7.325,21.79
2004-08-17,5.9818,7.32,21.73
2004-08-18,6.3079,7.3858,21.18
2004-08-19,6.0492,7.4304,21.96
2004-08-20,6.192,7.3973,21.26
2004-08-21,4.9822,7.3092,20.46
2004-08-22,6.9391,7.5653,22.57
2004-08-23,5.7487,7.3531,22.87
2004-08-24,5.2334,7.4712,21.46
2004-08-25,6.2297,7.4782,21.57
2004-08-26,5.8776,7.4539,21.03
2004-08-27,5.55,7.5722,20.47
2004-08-28,4.6726,7.391,20.37
2004-08-29,4.7134,7.4674,21.06
2004-08-30,5.8982,7.4381,21.57
2004-08-31,6.5988,7.5401,21.7
2004-09-01,5.6467,7.5768,20.65
2004-09-02,7.081,7.5658,22.72
2004-09-03,5.6086,7.4071,22.7
2004-09-04,4.4832,7.3152,21.25
2004-09-05,4.326,7.3279,21.26
2004-09-06,4.4736,7.1328,21.04
2004-09-07,3.5921,7.4971,20.12
2004-09-08,4.1813,7.506,20.3
2004-09-09,4.3236,7.5612,19.85
2004-09-10,4.7729,7.6301,20.61
2004-09-11,4.0171,7.5732,20.8
2004-09-12,4.9558,7.2994,20.68
2004-09-13,6.2738,7.3606,21.08
2004-09-14,4.1501,7.469,22.16
2004-09-15,4.1246,7.3332,20.1
2004-09-16,6.4306,7.278,21.29
2004-09-17,5.3808,7.3366,20.82
2004-09-18,5.4746,7.3534,20.62
2004-09-19,5.0666,7.4784,20.25
2004-09-20,4.3404,7.5785,20.48
2004-09-21,5.861,7.5362,20.48
2004-09-22,5.9803,7.4897,20.91
2004-09-23,6.0343,7.4794,22.7
2004-09-24,5.477,7.4594,19.71
2004-09-25,4.5845,7.4525,20.59
2004-09-26,4.9274,7.5029,20.38
2004-09-27,4.2576,7.177,21.07
2004-09-28,4.6961,7.4465,20.22
2004-09-29,4.165,7.4849,20.6
2004-09-30,5.5279,7.4683,20.6
2004-10-01,4.9418,7.2619,20.08
2004-10-02,6.6902,7.4758,22.15
2004-10-03,5.4494,7.4016,22.49
2004-10-04,3.6943,7.4042,21.1
2004-10-05,4.6169,7.2679,20.63
2004-10-06,4.5984,7.115,19.58
2004-10-07,4.1062,7.3704,20.2
2004-10-08,3.6415,7.1978,20.63
2004-10-09,4.9877,7.35,21.5
2004-10-10,4.6382,7.4333,21.65
2004-10-11,5.1142,7.3798,20.38
2004-10-12,5.136,7.2989,21.05
2004-10-13,5.7115,7.2564,21.14
2004-10-14,6.1685,7.2929,22.56
2004-10-15,6.1478,7.243,22.93
2004-10-16,5.3998,7.2163,21.01
2004-10-17,5.8706,7.2329,19.89
2004-10-18,4.4899,7.1998,19.4
2004-10-19,4.9543,7.3138,19.96
2004-10-20,5.1055,7.2816,19.74
2004-10-21,4.4443,7.355,20.04
2004-10-22,4.1551,7.3877,19.41
2004-10-23,4.9282,7.3426,18.86
2004-10-24,5.4624,7.308,19.07
2004-10-25,5.5922,7.241,19.26
2004-10-26,5.0083,7.0351,19.52
2004-10-27,5.597,7.1042,19.02
2004-10-28,4.0874,7.0574,19.42
2004-10-29,4.7501,7.0908,20.1
2004-10-30,4.9274,7.1174,19.96
2004-10-31,5.6333,7.1297,20.15
2004-11-01,5.7674,7.0442,20.0
2004-11-02,4.3867,6.9446,20.0
2004-11-03,5.0683,6.9816,19.19
2004-11-04,5.1614,7.003,20.47
2004-11-05,4.7762,6.9077,20.9
2004-11-06,4.014,6.9653,19.44
2004-11-07,4.3632,6.871,19.2
2004-11-08,4.5559,6.9319,19.68
2004-11-09,3.7222,6.8213,19.87
2004-11-10,4.8948,6.9578,20.24
2004-11-11,3.6079,7.0598,19.93
2004-11-12,4.0066,7.0058,19.6
2004-11-13,4.7957,6.9048,20.21
2004-11-14,3.708,6.8534,19.3
2004-11-15,5.2608,6.8738,19.43
2004-11-16,4.8125,6.577,18.84
2004-11-17,3.8551,6.7205,19.37
2004-11-18,4.5715,6.7682,19.24
2004-11-19,4.7539,6.6401,20.05
2004-11-20,5.4444,6.8021,20.15
2004-11-21,5.97,6.677,20.19
2004-11-22,5.7773,6.7541,21.11
2004-11-23,4.6841,6.5969,20.98
2004-11-24,4.7974,6.6737,19.87
2004-11-25,4.1484,6.4668,18.96
2004-11-26,4.1736,6.5969,19.92
2004-11-27,4.6625,6.6818,19.76
2004-11-28,5.1149,6.6355,19.89
2004-11-29,4.777,6.642,20.46
2004-11-30,4.777,6.4598,20.3
2004-12-01,4.3392,6.6878,19.9
2004-12-02,4.0469,6.6158,19.89
2004-12-03,3.7358,6.6005,20.09
2004-12-04,4.8384,6.515,20.61
2004-12-05,4.6366,6.4567,20.01
2004-12-06,4.8691,6.5827,20.88
2004-12-07,3.8143,6.3602,20.54
2004-12-08,4.5084,6.5587,20.05
2004-12-09,4.2002,6.5124,20.03
2004-12-10,4.9138,6.5974,19.58
2004-12-11,2.7876,6.5218,18.08
2004-12-12,3.7087,6.4546,18.99
2004-12-13,4.6901,6.4807,20.31
2004-12-14,4.061,6.5479,20.07
2004-12-15,2.9534,6.3353,18.99
2004-12-16,4.404,6.2306,19.46
2004-12-17,4.8502,6.4546,20.35
2004-12-18,4.6649,6.4956,20.14
2004-12-19,5.2193,6.5839,19.67
2004-12-20,4.5965,6.3254,18.9
2004-12-21,5.359,6.4596,20.27
2004-12-22,4.2295,6.5566,20.86
2004-12-23,4.8132,6.679,20.26
2004-12-24,5.5394,6.5784,20.55
2004-12-25,4.5766,6.4666,19.22
2004-12-26,4.7124,6.6605,19.68
2004-12-27,5.0717,6.595,19.18
2004-12-28,4.4124,6.5849,18.87
2004-12-29,4.4292,6.581,19.03
2004-12-30,4.5907,6.3698,18.94
2004-12-31,4.5962,6.5093,20.04
2005-01-01,5.2661,6.4706,20.05
2005-01-02,4.7981,6.4202,19.7
2005-01-03,4.5962,6.4858,20.49
2005-01-04,4.5804,6.5563,20.52
2005-01-05,3.1649,6.4409,19.18
2005-01-06,3.5923,6.473,20.0
2005-01-07,4.4143,6.5419,20.85
2005-01-08,3.7819,6.3372,20.95
2005-01-09,3.2342,6.4416,19.4
2005-01-10,4.1342,6.5081,20.98
2005-01-11,3.7903,6.385,20.03
2005-01-12,4.7846,6.5347,21.06
2005-01-13,4.9882,6.6108,21.54
2005-01-14,3.7853,6.6173,20.44
2005-01-15,4.1033,6.5861,19.81
2005-01-16,3.0533,6.6518,19.33
2005-01-17,3.7363,6.6811,19.71
2005-01-18,4.6457,6.6002,19.07
2005-01-19,5.0779,6.8006,19.01
2005-01-20,3.8395,6.8647,18.7
2005-01-21,3.5551,6.7963,19.0
2005-01-22,4.9025,6.4754,19.66
2005-01-23,5.7336,6.8338,20.09
2005-01-24,5.737,6.8705,19.79
2005-01-25,3.8314,6.6365,20.15
2005-01-26,6.0178,6.8705,20.7
2005-01-27,5.6006,6.9516,21.74
2005-01-28,5.365,6.7387,21.92
2005-01-29,4.2792,6.7774,20.09
2005-01-30,4.9934,6.6742,21.19
2005-01-31,4.475,6.6545,21.05
2005-02-01,4.9598,6.8825,20.28
2005-02-02,4.1436,6.5846,21.2
2005-02-03,4.3954,6.8189,21.52
2005-02-04,4.788,6.8587,21.84
2005-02-05,3.9262,6.851,22.0
2005-02-06,4.7779,6.7627,22.11
2005-02-07,4.3382,6.4188,22.05
2005-02-08,4.1381,6.8266,21.78
2005-02-09,3.7951,7.0234,22.26
2005-02-10,3.8402,6.8458,21.49
2005-02-11,3.3718,7.0082,20.19
2005-02-12,4.1057,6.967,20.71
2005-02-13,5.1929,7.1138,21.19
2005-02-14,6.0288,7.2091,21.87
2005-02-15,5.3657,7.2386,21.94
2005-02-16,2.3755,6.9084,20.51
2005-02-17,4.9102,6.9857,21.7
2005-02-18,5.0738,6.9367,22.93
2005-02-19,4.735,7.007,23.25
2005-02-20,4.7906,7.0378,22.27
2005-02-21,5.2838,7.1947,23.0
2005-02-22,5.9458,7.2353,23.06
2005-02-23,5.8104,7.0853,23.22
2005-02-24,5.8411,7.1654,23.08
2005-02-25,6.1337,7.2631,23.94
2005-02-26,4.146,7.1892,23.54
2005-02-27,4.9966,6.8525,21.46
2005-02-28,4.6416,7.081,21.2
2005-03-01,4.4995,7.1158,21.94
2005-03-02,3.69,6.9907,22.44
2005-03-03,3.5791,7.0476,22.24
2005-03-04,3.3708,6.9828,21.36
2005-03-05,5.0683,7.3783,21.63
2005-03-06,2.9611,6.93,22.17
2005-03-07,4.9522,7.0502,23.31
2005-03-08,4.8941,7.1393,22.85
2005-03-09,4.5991,7.343,23.16
2005-03-10,5.4302,7.2948,23.61
2005-03-11,5.723,7.3253,23.48
2005-03-12,6.0245,7.2545,23.58
2005-03-13,6.719,7.5838,24.28
2005-03-14,5.3117,7.1938,23.9
2005-03-15,5.8104,7.0822,24.52
2005-03-16,5.243,7.0699,24.18
2005-03-17,4.9589,7.0459,22.47
2005-03-18,4.5859,6.793,21.72
2005-03-19,6.0554,7.0351,23.06
2005-03-20,5.6083,7.11,22.71
2005-03-21,5.4242,7.1918,21.97
2005-03-22,6.2146,7.2727,23.8
2005-03-23,6.0744,7.41,23.82
2005-03-24,4.5329,7.2218,23.11
2005-03-25,5.5063,7.2336,23.61
2005-03-26,4.4981,7.2883,22.55
2005-03-27,4.7338,7.4362,23.82
2005-03-28,4.5857,7.4693,22.92
2005-03-29,4.8276,7.3082,23.45
2005-03-30,4.7587,7.4527,23.69
2005-03-31,5.1818,7.0577,22.0
2005-04-01,4.8026,7.1686,20.73
2005-04-02,4.3037,7.0277,20.65
2005-04-03,3.895,7.0332,21.08
2005-04-04,6.1195,7.3757,23.21
2005-04-05,5.2958,7.2062,23.78
2005-04-06,3.5738,7.3582,22.99
2005-04-07,5.0218,7.2398,23.36
2005-04-08,5.8037,7.3762,23.06
2005-04-09,5.1936,7.4844,22.91
2005-04-10,5.4562,7.3596,22.79
2005-04-11,4.6543,7.3589,20.59
2005-04-12,4.3123,7.3783,22.32
2005-04-13,5.4048,7.3061,21.2
2005-04-14,4.2706,7.3262,22.49
2005-04-15,4.7426,7.2936,22.56
2005-04-16,6.0658,7.3634,22.51
2005-04-17,3.5206,7.3154,22.27
2005-04-18,5.3374,7.4479,22.32
2005-04-19,4.8257,7.2602,21.06
2005-04-20,2.6654,7.2955,20.66
2005-04-21,4.6078,7.2787,21.15
2005-04-22,4.319,7.3882,20.77
2005-04-23,3.9161,7.3126,20.59
2005-04-24,3.9874,7.3452,20.59
2005-04-25,4.8624,7.3286,19.83
2005-04-26,5.1737,7.3757,21.11
2005-04-27,5.0635,7.2739,21.8
2005-04-28,4.7537,7.4486,21.93
2005-04-29,3.9154,7.4158,20.54
2005-04-30,5.225,7.2343,19.61
2005-05-01,4.9498,7.273,19.67
2005-05-02,4.2864,7.4599,20.48
2005-05-03,4.6219,7.5365,19.29
2005-05-04,5.1007,7.5031,19.48
2005-05-05,5.3335,7.4059,20.8
2005-05-06,5.304,7.4947,21.14
2005-05-07,6.1169,7.4714,20.72
2005-05-08,6.4452,7.5113,20.79
2005-05-09,4.9694,7.3205,21.09
2005-05-10,6.7188,7.357,21.43
2005-05-11,5.3746,7.2463,22.46
2005-05-12,5.2459,7.1801,22.65
2005-05-13,5.6273,7.2178,21.38
2005-05-14,3.6274,7.2324,21.07
2005-05-15,3.8395,7.1004,20.56
2005-05-16,5.1533,7.2024,20.22
2005-05-17,2.2632,7.3642,19.33
2005-05-18,4.5425,7.3526,20.18
2005-05-19,3.7159,7.3248,19.87
2005-05-20,5.9292,7.3829,20.15
2005-05-21,3.9235,7.4417,19.46
2005-05-22,6.0038,7.4299,19.96
2005-05-23,4.5329,7.4179,19.5
2005-05-24,4.9346,7.3486,19.58
2005-05-25,5.0945,7.2348,20.38
2005-05-26,5.6359,7.3181,21.14
2005-05-27,5.545,7.2557,21.21
2005-05-28,6.1507,7.1777,21.43
2005-05-29,7.0454,7.4066,21.7
2005-05-30,5.4041,7.1033,20.5
2005-05-31,4.8612,7.1738,20.77
2005-06-01,5.1871,7.2115,21.21
2005-06-02,4.4803,7.0843,20.86
2005-06-03,5.0815,7.1112,20.15
2005-06-04,4.8305,7.1774,20.36
2005-06-05,3.8086,7.1117,20.44
2005-06-06,3.7589,7.055,20.33
2005-06-07,4.1714,7.0553,20.68
2005-06-08,4.6915,6.8345,21.06
2005-06-09,5.0114,7.1311,20.44
2005-06-10,3.9485,7.0205,20.83
2005-06-11,4.1414,7.1614,20.29
2005-06-12,5.9244,7.2991,20.75
2005-06-13,5.5601,7.2682,21.25
2005-06-14,4.4309,7.0596,20.95
2005-06-15,5.0206,7.0757,20.91
2005-06-16,6.5371,7.1815,21.48
2005-06-17,6.133,7.2324,21.83
2005-06-18,5.149,7.176,21.57
2005-06-19,5.31,7.2754,21.09
2005-06-20,4.6068,7.1753,20.57
2005-06-21,6.0926,7.2396,21.29
2005-06-22,5.9662,7.074,21.23
2005-06-23,5.4192,7.045,20.83
2005-06-24,5.6386,6.905,20.98
2005-06-25,5.5531,6.9646,20.69
2005-06-26,5.0352,6.8786,20.78
2005-06-27,5.0014,7.1568,20.74
2005-06-28,5.0652,7.1347,19.7
2005-06-29,3.7114,7.1388,19.46
2005-06-30,3.8292,7.1743,19.92
2005-07-01,5.1211,6.966,19.71
2005-07-02,5.1425,7.2314,20.46
2005-07-03,6.4214,7.2749,20.58
2005-07-04,5.9297,7.242,20.73
2005-07-05,5.9326,7.3166,19.75
2005-07-06,5.6318,7.3498,20.17
2005-07-07,6.4015,7.2773,20.18
2005-07-08,6.5858,7.2689,20.08
2005-07-09,5.1634,7.2396,20.47
2005-07-10,6.2364,6.9264,19.77
2005-07-11,6.4003,7.0858,20.34
2005-07-12,5.1103,6.8626,20.08
2005-07-13,4.4347,7.0675,20.01
2005-07-14,4.8115,7.1518,19.66
2005-07-15,4.9433,7.1258,20.07
2005-07-16,5.4334,7.0742,20.5
2005-07-17,5.5178,7.159,20.48
2005-07-18,5.8846,7.099,20.46
2005-07-19,4.9471,7.2547,20.25
2005-07-20,5.603,7.0992,21.28
2005-07-21,5.7115,7.2504,20.66
2005-07-22,6.3432,7.2907,21.27
2005-07-23,6.2302,7.2929,21.35
2005-07-24,6.7056,7.2062,21.14
2005-07-25,6.1459,7.1983,21.26
2005-07-26,7.063,7.3654,22.31
2005-07-27,6.2681,7.266,22.12
2005-07-28,6.3876,7.307,21.45
2005-07-29,6.5304,7.3202,21.75
2005-07-30,5.478,7.1515,21.67
2005-07-31,5.7847,7.2014,21.82
2005-08-01,5.5471,7.2492,21.64
2005-08-02,5.7509,7.0066,21.99
2005-08-03,5.2999,7.1568,22.2
2005-08-04,5.4509,7.1592,21.58
2005-08-05,4.4818,6.7579,21.61
2005-08-06,5.843,7.1057,21.52
2005-08-07,6.5779,7.3248,22.28
2005-08-08,6.1493,7.3061,22.08
2005-08-09,5.4936,7.1491,20.55
2005-08-10,6.2506,6.941,21.75
2005-08-11,4.6003,6.7567,20.92
2005-08-12,6.0029,6.8892,21.64
2005-08-13,3.1685,6.9091,21.96
2005-08-14,4.769,7.0387,21.58
2005-08-15,4.4023,7.0634,19.47
2005-08-16,4.6025,7.141,20.35
2005-08-17,3.9084,6.9454,20.47
2005-08-18,4.6632,7.044,21.2
2005-08-19,6.2258,7.3634,20.71
2005-08-20,6.4992,7.1686,22.14
2005-08-21,5.5447,7.2002,21.26
2005-08-22,4.4501,7.1038,19.3
2005-08-23,6.4968,7.4556,20.28
2005-08-24,4.2223,7.4506,18.88
2005-08-25,5.4571,7.3457,21.0
2005-08-26,3.7913,7.356,20.67
2005-08-27,5.4497,7.4386,20.61
2005-08-28,4.3572,7.4448,21.37
2005-08-29,5.4662,7.2967,20.36
2005-08-30,5.8154,7.511,19.91
2005-08-31,6.6622,7.5338,22.07
2005-09-01,6.7668,7.5022,21.59
2005-09-02,5.5771,7.4659,21.95
2005-09-03,6.1298,7.4472,21.91
2005-09-04,5.8606,7.4062,21.35
2005-09-05,6.0746,7.441,21.73
2005-09-06,5.6225,7.3159,21.01
2005-09-07,6.103,7.3932,21.79
2005-09-08,6.4414,7.3944,22.13
2005-09-09,5.6486,7.0855,22.34
2005-09-10,7.1232,7.5566,22.69
2005-09-11,4.7839,7.3922,22.36
2005-09-12,5.3642,7.283,22.31
2005-09-13,5.0628,7.3651,21.44
2005-09-14,5.7118,7.3795,22.31
2005-09-15,5.1742,7.1134,22.34
2005-09-16,5.6813,7.1914,23.12
2005-09-17,6.3372,7.0601,23.95
2005-09-18,5.7893,7.0344,22.45
2005-09-19,5.2116,6.9792,23.35
2005-09-20,3.9946,6.8275,22.8
2005-09-21,3.4817,7.0567,21.16
2005-09-22,3.8585,7.1316,21.53
2005-09-23,3.6878,7.2194,20.74
2005-09-24,4.5168,7.3745,21.4
2005-09-25,5.485,7.4904,21.5
2005-09-26,4.5211,7.447,20.96
2005-09-27,5.1034,7.284,20.47
2005-09-28,5.3333,7.379,20.41
2005-09-29,4.6642,7.0661,20.66
2005-09-30,5.869,7.337,20.58
2005-10-01,4.0133,7.4558,19.34
2005-10-02,5.0455,7.4378,20.43
2005-10-03,5.1007,7.4131,20.22
2005-10-04,5.4185,7.409,20.12
2005-10-05,5.8733,7.3692,20.39
2005-10-06,5.8356,7.3558,20.56
2005-10-07,5.2325,7.3013,20.61
2005-10-08,5.4245,7.3826,20.98
2005-10-09,3.0446,7.3032,19.33
2005-10-10,4.751,7.3836,19.94
2005-10-11,5.5222,7.4112,20.55
2005-10-12,4.2588,7.3673,19.92
2005-10-13,5.2207,7.4081,19.7
2005-10-14,4.8161,7.291,20.11
2005-10-15,3.7397,7.2194,19.29
2005-10-16,5.0839,7.2178,19.9
2005-10-17,5.7857,7.2888,20.79
2005-10-18,5.017,7.2348,19.7
2005-10-19,5.641,7.1309,20.3
2005-10-20,4.5998,7.0824,20.45
2005-10-21,5.4374,7.116,19.49
2005-10-22,4.2202,7.0514,20.27
2005-10-23,4.1609,7.057,20.2
2005-10-24,3.053,6.8923,18.53
2005-10-25,3.9778,6.9806,19.18
2005-10-26,4.2473,7.0894,18.84
2005-10-27,4.8946,7.0894,19.92
2005-10-28,3.0029,7.0034,19.86
2005-10-29,4.0075,6.9461,19.57
2005-10-30,4.7954,7.1626,19.76
2005-10-31,5.3338,7.039,19.8
2005-11-01,4.5533,6.8136,18.89
2005-11-02,5.4929,6.9338,19.96
2005-11-03,5.8366,6.9197,20.39
2005-11-04,4.1993,6.931,20.36
2005-11-05,4.7693,6.9499,20.11
2005-11-06,5.5774,7.0176,20.47
2005-11-07,5.868,6.99,20.63
2005-11-08,4.9666,6.9557,19.28
2005-11-09,4.2266,6.8239,19.49
2005-11-10,4.8415,6.8707,19.6
2005-11-11,3.5129,7.0039,19.13
2005-11-12,4.1388,7.0493,20.09
2005-11-13,3.9182,6.9144,19.46
2005-11-14,4.0385,7.0301,20.03
2005-11-15,5.0496,7.0126,20.48
2005-11-16,4.6483,6.8383,20.51
2005-11-17,4.3927,6.8371,19.52
2005-11-18,3.6458,6.7615,20.15
2005-11-19,4.5038,6.6607,20.4
2005-11-20,5.442,6.7169,20.35
2005-11-21,3.9718,6.5294,20.32
2005-11-22,3.3881,6.8719,19.89
2005-11-23,3.4771,6.9084,19.2
2005-11-24,4.5355,6.9096,19.28
2005-11-25,4.7047,6.6562,19.97
2005-11-26,4.8643,6.6242,19.91
2005-11-27,5.2966,6.6821,19.84
2005-11-28,6.198,6.8136,20.0
2005-11-29,4.8175,6.6996,19.97
2005-11-30,4.74,6.511,19.75
2005-12-01,4.7849,6.3238,20.26
2005-12-02,5.1458,6.5506,19.87
2005-12-03,4.9462,6.3895,19.81
2005-12-04,4.1467,6.3322,19.87
2005-12-05,4.1266,6.3298,19.11
2005-12-06,3.6708,6.6931,18.69
2005-12-07,3.8184,6.6307,18.95
2005-12-08,4.2773,6.5323,19.06
2005-12-09,5.0702,6.6204,20.2
2005-12-10,5.8526,6.5174,20.8
2005-12-11,4.7045,6.4692,21.18
2005-12-12,3.6564,6.3274,20.08
2005-12-13,4.3075,6.5112,19.83
2005-12-14,3.8482,6.5078,19.58
2005-12-15,4.5204,6.5722,19.59
2005-12-16,5.2481,6.6204,19.74
2005-12-17,4.4088,6.5587,19.88
2005-12-18,5.1245,6.593,20.36
2005-12-19,3.1032,6.3814,20.2
2005-12-20,4.6198,6.4872,19.52
2005-12-21,4.0097,6.4992,19.09
2005-12-22,3.151,6.3924,18.99
2005-12-23,3.6607,6.3485,19.22
2005-12-24,4.2686,6.5174,20.22
2005-12-25,4.1465,6.6396,19.59
2005-12-26,4.1743,6.5597,19.56
2005-12-27,5.1418,6.5911,19.83
2005-12-28,5.7322,6.6869,19.32
2005-12-29,5.2968,6.7572,19.91
2005-12-30,6.1099,6.8374,18.96
2005-12-31,6.1474,6.6941,18.95
2006-01-01,5.1132,6.6154,19.44
2006-01-02,5.3729,6.6571,19.97
2006-01-03,4.3298,6.697,19.96
2006-01-04,4.0692,6.5119,18.43
2006-01-05,2.9455,6.3698,18.0
2006-01-06,3.6079,6.481,18.24
2006-01-07,3.6257,6.4003,18.84
2006-01-08,4.5346,6.353,19.58
2006-01-09,5.2886,6.5489,19.18
2006-01-10,4.1388,6.5129,19.72
2006-01-11,4.8528,6.4577,19.56
2006-01-12,4.9416,6.5186,20.14
2006-01-13,5.2498,6.5134,20.07
2006-01-14,4.5744,6.4723,20.64
2006-01-15,3.8443,6.2196,20.63
2006-01-16,4.6596,6.5227,20.54
2006-01-17,4.8691,6.5909,20.93
2006-01-18,4.74,6.3725,20.64
2006-01-19,6.3912,6.8105,20.53
2006-01-20,6.1279,6.7622,20.09
2006-01-21,4.152,6.8134,20.1
2006-01-22,6.2218,6.7034,22.08
2006-01-23,4.9853,6.7358,22.14
2006-01-24,3.1754,6.6058,21.04
2006-01-25,4.5374,6.6482,22.2
2006-01-26,4.6598,6.6886,22.52
2006-01-27,3.0442,6.8028,21.08
2006-01-28,5.1444,6.7306,23.29
2006-01-29,4.2761,6.6967,22.54
2006-01-30,4.9462,6.7812,21.82
2006-01-31,4.1182,6.7037,22.18
2006-02-01,4.1198,6.5599,21.21
2006-02-02,4.3126,6.6211,20.96
2006-02-03,3.7853,6.8722,21.41
2006-02-04,2.4175,6.8772,21.04
2006-02-05,3.4793,7.003,20.87
2006-02-06,6.0209,7.0262,21.79
2006-02-07,4.5667,6.996,20.3
2006-02-08,5.1031,6.9516,20.56
2006-02-09,4.9349,6.7426,21.14
2006-02-10,5.2476,6.701,21.32
2006-02-11,5.7314,6.9427,22.88
2006-02-12,5.2178,7.0142,23.05
2006-02-13,5.0321,6.9101,22.28
2006-02-14,6.0514,7.0963,22.22
2006-02-15,5.5514,7.1926,22.56
2006-02-16,6.337,7.1729,23.06
2006-02-17,3.8602,6.8431,22.92
2006-02-18,4.7748,6.7601,22.51
2006-02-19,5.1914,6.9667,22.28
2006-02-20,6.5335,7.273,22.98
2006-02-21,5.7415,7.1131,22.89
2006-02-22,5.6647,7.0872,23.11
2006-02-23,6.1344,6.9605,24.76
2006-02-24,4.423,7.0152,23.69
2006-02-25,5.9825,7.1179,24.06
2006-02-26,3.4987,6.9427,24.5
2006-02-27,4.4647,6.7613,22.04
2006-02-28,6.1994,7.1201,23.65
2006-03-01,5.6158,7.2029,24.42
2006-03-02,5.197,7.1256,24.14
2006-03-03,3.9946,7.0142,22.3
2006-03-04,4.6346,6.8712,21.35
2006-03-05,3.7814,6.9934,21.49
2006-03-06,3.3578,6.9,20.27
2006-03-07,3.4586,6.9914,19.77
2006-03-08,3.1315,7.0762,20.54
2006-03-09,3.1531,7.1894,20.32
2006-03-10,4.5574,7.1666,21.78
2006-03-11,4.2734,7.1765,22.08
2006-03-12,4.5691,7.2346,21.34
2006-03-13,5.7358,7.47,21.62
2006-03-14,5.015,7.1868,20.6
2006-03-15,4.1074,7.1112,21.83
2006-03-16,5.3143,7.2569,21.97
2006-03-17,4.0788,7.2686,22.03
2006-03-18,4.8302,6.9614,20.76
2006-03-19,5.2116,7.387,21.78
2006-03-20,4.855,7.0985,21.7
2006-03-21,4.385,6.9113,22.71
2006-03-22,4.6538,7.2002,21.61
2006-03-23,5.171,7.1726,20.51
2006-03-24,4.7472,7.3366,19.65
2006-03-25,4.3826,7.3356,20.5
2006-03-26,4.0042,7.2314,20.12
2006-03-27,4.7839,7.4311,21.48
2006-03-28,6.367,7.4568,22.51
2006-03-29,6.7934,7.4827,23.47
2006-03-30,4.8646,7.2276,22.63
2006-03-31,4.3428,7.3932,22.84
2006-04-01,4.0927,7.2734,21.05
2006-04-02,2.9659,7.1688,22.19
2006-04-03,4.4359,7.0382,22.17
2006-04-04,3.4277,7.1796,20.83
2006-04-05,3.9574,7.3385,20.75
2006-04-06,5.465,7.3474,21.14
2006-04-07,4.1798,7.2797,21.55
2006-04-08,5.2634,7.175,20.66
2006-04-09,3.9984,7.4287,20.63
2006-04-10,4.5871,7.2634,21.11
2006-04-11,4.7148,7.3531,20.98
2006-04-12,2.4934,7.4614,18.88
2006-04-13,3.6497,7.4851,19.63
2006-04-14,3.9814,7.4052,18.12
2006-04-15,5.0537,7.4484,18.9
2006-04-16,5.2205,7.3858,19.41
2006-04-17,4.8917,7.2031,21.67
2006-04-18,4.2929,7.2084,20.41
2006-04-19,5.0436,7.3735,21.1
2006-04-20,5.7706,7.4206,21.41
2006-04-21,5.3009,7.4671,21.56
2006-04-22,6.1013,7.3582,23.54
2006-04-23,2.3054,7.115,22.03
2006-04-24,4.5821,7.1659,22.0
2006-04-25,4.2898,7.254,20.66
2006-04-26,3.8686,6.9511,20.56
2006-04-27,4.9373,7.405,20.57
2006-04-28,4.1369,7.3985,20.15
2006-04-29,4.5646,7.387,20.54
2006-04-30,3.6418,7.4806,19.82
2006-05-01,4.8775,7.3606,20.88
2006-05-02,4.8154,7.349,19.98
2006-05-03,4.824,7.23,20.49
2006-05-04,5.4562,7.4652,20.97
2006-05-05,4.3958,7.3558,20.34
2006-05-06,4.6673,7.3658,20.54
2006-05-07,4.0625,7.3586,20.45
2006-05-08,4.7359,7.4914,19.95
2006-05-09,3.9115,7.2674,20.48
2006-05-10,3.7315,7.3442,20.76
2006-05-11,3.9905,7.3632,20.66
2006-05-12,4.7851,7.3116,20.55
2006-05-13,4.8547,7.4791,19.96
2006-05-14,6.7217,7.4035,21.02
2006-05-15,5.9165,7.3118,21.74
2006-05-16,4.7302,7.3226,21.4
2006-05-17,4.6025,7.5103,20.21
2006-05-18,4.9822,7.249,20.0
2006-05-19,4.1376,7.463,20.38
2006-05-20,5.4936,7.5089,20.86
2006-05-21,5.1523,7.463,21.06
2006-05-22,6.8654,7.6572,21.44
2006-05-23,6.5254,7.3452,21.09
2006-05-24,4.2655,7.2499,21.39
2006-05-25,6.2198,7.2922,21.11
2006-05-26,5.1682,7.2727,21.34
2006-05-27,5.0038,7.2396,21.02
2006-05-28,4.3982,7.1722,21.06
2006-05-29,3.6197,7.2058,20.58
2006-05-30,5.8754,7.3183,21.31
2006-05-31,5.2159,7.2607,21.16
2006-06-01,3.4829,7.2588,20.31
2006-06-02,5.7115,7.1798,20.69
2006-06-03,5.0386,7.1443,19.5
2006-06-04,4.5494,7.2394,20.23
2006-06-05,4.973,7.0243,20.39
2006-06-06,3.3672,7.1983,19.58
2006-06-07,2.9354,7.1743,19.34
2006-06-08,3.9636,7.1242,19.89
2006-06-09,4.3159,7.219,19.49
2006-06-10,3.7862,7.1918,18.66
2006-06-11,4.2689,7.1122,19.01
2006-06-12,5.8646,7.2557,20.17
2006-06-13,5.0969,7.0622,20.36
2006-06-14,5.0458,6.9048,20.35
2006-06-15,5.7007,7.1498,20.06
2006-06-16,4.8206,7.0973,20.47
2006-06-17,6.2892,7.1532,20.89
2006-06-18,6.012,7.0109,20.65
2006-06-19,6.1222,7.0915,20.75
2006-06-20,5.6131,6.8945,21.2
2006-06-21,3.3552,7.0644,20.56
2006-06-22,6.6302,7.1875,21.07
2006-06-23,5.7082,7.1594,20.77
2006-06-24,4.303,6.9751,19.96
2006-06-25,5.9647,7.099,20.67
2006-06-26,6.1231,7.0884,21.4
2006-06-27,6.0902,7.0082,21.04
2006-06-28,4.6937,6.7663,21.17
2006-06-29,6.8023,7.1695,21.0
2006-06-30,5.9779,7.1112,21.51
2006-07-01,5.6978,7.1918,21.64
2006-07-02,5.4494,7.0488,21.67
2006-07-03,5.2781,6.8546,22.44
2006-07-04,5.2322,6.9319,20.97
2006-07-05,5.6347,6.9048,21.36
2006-07-06,5.5752,6.8119,22.25
2006-07-07,5.5253,6.8959,22.02
2006-07-08,6.061,7.0438,21.93
2006-07-09,5.011,6.9473,22.33
2006-07-10,5.3335,7.1386,22.77
2006-07-11,6.257,7.0663,22.44
2006-07-12,5.8601,6.9881,23.04
2006-07-13,5.3688,6.9823,22.97
2006-07-14,4.6015,6.9276,22.12
2006-07-15,5.8241,7.1695,23.02
2006-07-16,6.0866,7.0361,22.65
2006-07-17,5.5126,7.1345,22.78
2006-07-18,5.5728,7.0781,21.7
2006-07-19,5.4302,7.0774,22.55
2006-07-20,5.934,6.971,22.56
2006-07-21,5.1638,6.8786,22.79
2006-07-22,4.452,6.8606,21.72
2006-07-23,5.106,6.9458,21.63
2006-07-24,5.5358,7.0675,23.15
2006-07-25,5.9155,7.0709,23.17
2006-07-26,4.1954,7.0243,22.87
2006-07-27,4.5281,7.1772,21.61
2006-07-28,3.1022,7.0471,20.63
2006-07-29,4.9944,6.8062,21.86
2006-07-30,6.169,7.3596,22.14
2006-07-31,6.6893,7.5007,21.34
2006-08-01,6.7104,7.3471,23.48
2006-08-02,6.4548,7.4107,23.94
2006-08-03,6.4337,7.4057,22.74
2006-08-04,6.3835,7.3654,21.98
2006-08-05,6.6314,7.3474,23.47
2006-08-06,6.3744,7.3946,24.24
2006-08-07,4.3949,7.1318,23.64
2006-08-08,5.1197,7.2706,22.67
2006-08-09,5.1703,7.1597,21.83
2006-08-10,6.8122,7.3831,24.18
2006-08-11,4.0526,7.2485,22.3
2006-08-12,6.0336,7.3344,23.66
2006-08-13,6.9655,7.3723,24.81
2006-08-14,6.8198,7.4074,24.88
2006-08-15,4.831,7.147,23.24
2006-08-16,4.9171,7.1645,21.26
2006-08-17,4.0121,6.9622,21.83
2006-08-18,3.7656,7.007,19.42
2006-08-19,5.7427,7.1676,21.21
2006-08-20,6.5146,7.3166,22.12
2006-08-21,5.1974,7.1366,21.82
2006-08-22,6.7666,7.3697,22.75
2006-08-23,6.0905,7.2331,22.97
2006-08-24,3.6799,7.2804,22.09
2006-08-25,3.9605,7.0738,20.13
2006-08-26,4.3279,7.4446,20.48
2006-08-27,5.1679,7.4232,20.36
2006-08-28,5.8704,7.4309,20.46
2006-08-29,6.5206,7.433,21.28
2006-08-30,5.5267,7.2756,22.17
2006-08-31,6.491,7.3702,21.72
2006-09-01,4.5619,7.2456,22.0
2006-09-02,6.1982,7.5314,22.12
2006-09-03,6.1466,7.5158,21.65
2006-09-04,4.0704,7.3812,21.41
2006-09-05,5.9962,7.3488,21.92
2006-09-06,5.9292,7.379,20.22
2006-09-07,4.3404,7.2475,21.42
2006-09-08,5.3796,7.1429,20.11
2006-09-09,5.6698,7.3147,21.01
2006-09-10,5.8831,7.5298,22.51
2006-09-11,5.5922,7.5482,22.18
2006-09-12,5.6844,7.4465,20.81
2006-09-13,3.2945,7.4347,20.94
2006-09-14,5.9184,7.566,20.66
2006-09-15,5.369,7.5374,19.91
2006-09-16,5.8272,7.4974,20.88
2006-09-17,4.7657,7.3315,20.57
2006-09-18,4.955,7.1962,20.55
2006-09-19,5.1307,7.3277,19.3
2006-09-20,6.4166,7.5833,21.02
2006-09-21,6.5998,7.5794,21.27
2006-09-22,6.6806,7.4287,20.8
2006-09-23,6.7891,7.5149,21.16
2006-09-24,4.795,7.4218,21.66
2006-09-25,6.4572,7.2835,21.06
2006-09-26,6.9012,7.4566,21.26
2006-09-27,7.1297,7.483,21.83
2006-09-28,5.8771,7.3018,22.27
2006-09-29,5.7115,7.3805,21.9
2006-09-30,5.1031,7.0116,22.06
2006-10-01,5.7708,7.2533,21.31
2006-10-02,4.7374,7.2742,20.62
2006-10-03,3.667,7.0433,20.85
2006-10-04,4.7654,7.1146,21.85
2006-10-05,6.1654,7.2432,21.54
2006-10-06,5.5123,7.225,23.57
2006-10-07,6.0463,7.1827,22.43
2006-10-08,4.8142,7.1755,23.05
2006-10-09,4.1158,7.163,20.44
2006-10-10,5.7166,7.1978,21.35
2006-10-11,3.1154,7.2108,19.28
2006-10-12,4.9313,7.2113,19.3
2006-10-13,4.32,7.3234,20.5
2006-10-14,3.9588,7.063,19.61
2006-10-15,3.9298,7.206,18.75
2006-10-16,3.9391,7.2312,19.54
2006-10-17,2.9371,7.1652,19.3
2006-10-18,5.029,7.302,20.29
2006-10-19,4.0025,7.123,20.7
2006-10-20,4.7698,7.1568,19.93
2006-10-21,5.8469,7.2854,20.03
2006-10-22,5.4737,7.1119,19.6
2006-10-23,3.7231,6.8611,20.22
2006-10-24,6.233,7.0762,20.97
2006-10-25,5.7178,7.0908,20.88
2006-10-26,4.4491,7.2173,20.31
2006-10-27,5.8642,7.0435,20.93
2006-10-28,4.6891,7.0718,20.13
2006-10-29,5.3162,7.0027,20.38
2006-10-30,4.4258,7.092,19.94
2006-10-31,5.0234,7.079,19.9
2006-11-01,4.1844,7.0642,19.47
2006-11-02,4.8972,7.0411,20.15
2006-11-03,5.6213,7.0284,20.26
2006-11-04,5.2162,6.8522,20.6
2006-11-05,3.8652,6.7399,20.89
2006-11-06,3.3394,6.6578,20.29
2006-11-07,3.9074,6.8112,19.67
2006-11-08,3.671,6.8842,19.17
2006-11-09,4.3457,6.733,19.43
2006-11-10,4.699,6.7082,19.91
2006-11-11,4.7491,6.6053,20.8
2006-11-12,3.984,6.6552,19.96
2006-11-13,3.9166,6.4906,19.61
2006-11-14,4.0915,6.7214,19.75
2006-11-15,3.2765,6.63,19.19
2006-11-16,4.3622,6.822,18.53
2006-11-17,4.0289,6.719,19.35
2006-11-18,3.9382,6.493,18.33
2006-11-19,4.5694,6.5832,19.66
2006-11-20,4.7333,6.6401,19.25
2006-11-21,4.267,6.665,18.81
2006-11-22,4.0387,6.6617,19.61
2006-11-23,4.9056,6.6204,18.25
2006-11-24,4.1926,6.5566,18.8
2006-11-25,4.2994,6.487,19.21
2006-11-26,4.5106,6.451,20.11
2006-11-27,4.1395,6.4922,20.56
2006-11-28,3.8448,6.5846,19.78
2006-11-29,4.3402,6.5383,20.44
2006-11-30,5.0501,6.5633,20.67
2006-12-01,4.788,6.5314,20.9
2006-12-02,4.6387,6.5635,20.92
2006-12-03,4.1026,6.4992,20.7
2006-12-04,5.1242,6.3617,20.39
2006-12-05,4.4446,6.4483,20.1
2006-12-06,4.0661,6.2066,20.06
2006-12-07,3.6067,6.3024,19.6
2006-12-08,3.8659,6.379,20.0
2006-12-09,3.3557,6.3919,20.24
2006-12-10,4.9289,6.5177,19.79
2006-12-11,4.6591,6.4577,19.43
2006-12-12,3.0722,6.4721,19.67
2006-12-13,3.3576,6.409,19.15
2006-12-14,4.6848,6.4987,19.5
2006-12-15,5.304,6.5102,19.75
2006-12-16,4.704,6.5489,20.01
2006-12-17,4.5449,6.517,19.91
2006-12-18,3.9552,6.3564,20.07
2006-12-19,3.8659,6.3007,19.38
2006-12-20,2.1593,6.5026,19.01
2006-12-21,4.2619,6.4968,19.48
2006-12-22,5.2658,6.3103,20.71
2006-12-23,4.0898,6.0562,20.02
2006-12-24,4.4143,6.1942,20.23
2006-12-25,3.5321,6.3552,20.04
2006-12-26,4.4993,6.403,20.19
2006-12-27,4.512,6.3569,19.28
2006-12-28,4.865,6.4831,19.64
2006-12-29,6.0686,6.5352,20.8
2006-12-30,5.7449,6.5623,21.38
2006-12-31,3.9672,6.4666,20.78
2007-01-01,4.9802,6.4987,20.61
2007-01-02,4.8432,6.4361,21.25
2007-01-03,5.6854,6.4978,21.25
2007-01-04,4.56,6.4726,20.59
2007-01-05,4.6514,6.4507,20.72
2007-01-06,5.0558,6.4699,20.69
2007-01-07,4.2139,6.3065,20.58
2007-01-08,4.141,6.4205,20.57
2007-01-09,2.3594,6.1973,20.16
2007-01-10,3.8544,6.3434,19.92
2007-01-11,4.2127,6.4234,20.67
2007-01-12,4.6094,6.427,20.54
2007-01-13,4.1714,6.6516,20.3
2007-01-14,3.9209,6.5633,21.11
2007-01-15,4.7477,6.7032,20.87
2007-01-16,4.3241,6.6691,21.13
2007-01-17,3.5981,6.5755,19.93
2007-01-18,4.2672,6.5078,20.41
2007-01-19,4.4863,6.653,19.84
2007-01-20,4.4863,6.6322,20.44
2007-01-21,4.721,6.583,21.47
2007-01-22,5.682,6.6206,21.91
2007-01-23,4.5864,6.3581,21.91
2007-01-24,5.5896,6.7838,21.41
2007-01-25,3.0845,6.583,20.84
2007-01-26,3.1546,6.577,19.44
2007-01-27,3.9314,6.5686,20.71
2007-01-28,6.0281,6.629,21.52
2007-01-29,5.7785,6.8107,21.19
2007-01-30,5.1977,6.8294,21.49
2007-01-31,4.7501,6.883,21.11
2007-02-01,5.9054,6.9283,21.04
2007-02-02,6.6386,7.0022,20.78
2007-02-03,6.3694,6.9761,21.05
2007-02-04,6.5515,6.9463,20.38
2007-02-05,6.6086,6.9912,20.93
2007-02-06,6.1469,6.9233,21.1
2007-02-07,5.8202,7.0368,20.88
2007-02-08,5.5133,6.8158,21.5
2007-02-09,5.0556,6.7267,21.63
2007-02-10,5.3026,6.7968,22.26
2007-02-11,5.5692,6.8393,22.42
2007-02-12,5.4422,6.8448,22.66
2007-02-13,4.9538,6.8198,22.74
2007-02-14,5.5027,6.8057,21.83
2007-02-15,4.1698,6.8695,21.72
2007-02-16,5.039,7.025,21.38
2007-02-17,3.9931,6.9346,20.24
2007-02-18,5.0705,7.0044,20.27
2007-02-19,4.356,6.9905,21.1
2007-02-20,6.6173,7.3644,21.55
2007-02-21,6.5606,7.2638,21.94
2007-02-22,6.8539,7.2818,21.93
2007-02-23,6.5114,7.2187,22.13
2007-02-24,5.1931,6.4538,23.03
2007-02-25,3.3386,6.4922,23.27
2007-02-26,6.3888,7.1964,24.39
2007-02-27,6.7085,7.1856,24.49
2007-02-28,6.4445,7.2583,24.69
2007-03-01,5.0172,7.1453,24.78
2007-03-02,6.0653,7.1438,24.72
2007-03-03,6.2743,7.3094,25.34
2007-03-04,4.1693,6.9979,21.22
2007-03-05,3.7104,6.8875,22.31
2007-03-06,3.624,7.0826,22.6
2007-03-07,4.459,7.0032,21.82
2007-03-08,3.6192,6.5786,21.56
2007-03-09,2.9335,6.9876,21.73
2007-03-10,5.1048,6.9982,23.1
2007-03-11,3.9665,7.2782,22.45
2007-03-12,5.0249,7.1659,22.83
2007-03-13,4.5166,7.0459,23.01
2007-03-14,4.0205,6.5806,22.54
2007-03-15,4.807,6.6211,21.7
2007-03-16,2.4862,6.6696,21.75
2007-03-17,3.3096,6.9022,20.43
2007-03-18,4.4647,6.7246,20.92
2007-03-19,4.2792,6.9074,22.58
2007-03-20,4.6274,6.9502,23.38
2007-03-21,3.8666,7.1419,22.05
2007-03-22,3.2954,7.2562,21.22
2007-03-23,4.2967,6.9478,21.6
2007-03-24,4.7945,6.9439,21.29
2007-03-25,2.713,7.1736,20.95
2007-03-26,3.7404,7.0932,20.28
2007-03-27,3.0194,7.453,19.56
2007-03-28,4.6241,7.3944,20.19
2007-03-29,4.368,7.3114,20.93
2007-03-30,3.8849,7.3231,21.14
2007-03-31,4.6013,7.4539,20.79
2007-04-01,6.0535,7.4124,21.78
2007-04-02,4.027,7.2326,22.24
2007-04-03,4.2578,7.4388,21.02
2007-04-04,4.307,7.4462,20.58
2007-04-05,4.8031,7.2926,19.69
2007-04-06,5.1991,7.6027,20.25
2007-04-07,4.6958,7.3783,20.94
2007-04-08,3.9058,7.2468,20.52
2007-04-09,4.1467,7.4623,21.52
2007-04-10,5.0998,7.6728,20.84
2007-04-11,5.5793,7.5089,21.18
2007-04-12,5.1492,7.3546,21.16
2007-04-13,5.3179,7.4614,20.6
2007-04-14,4.2557,7.4851,20.64
2007-04-15,5.3314,7.4201,20.38
2007-04-16,4.0301,7.2643,20.79
2007-04-17,5.177,7.2377,20.73
2007-04-18,3.2131,7.3505,20.53
2007-04-19,4.6562,7.2583,20.53
2007-04-20,1.9644,7.3598,19.21
2007-04-21,4.4736,7.4518,20.67
2007-04-22,4.1909,7.4431,19.92
2007-04-23,5.0558,7.4554,21.2
2007-04-24,4.4887,7.427,19.68
2007-04-25,4.7438,7.397,19.58
2007-04-26,4.4443,7.3318,20.05
2007-04-27,5.0954,7.4978,21.05
2007-04-28,5.2574,7.2794,20.45
2007-04-29,4.4664,7.2233,20.32
2007-04-30,5.3772,7.3282,20.6
2007-05-01,4.6217,7.4153,19.99
2007-05-02,4.9253,7.4549,21.02
2007-05-03,4.5115,7.3265,20.66
2007-05-04,4.5058,7.3925,20.11
2007-05-05,6.4138,7.404,21.24
2007-05-06,4.2982,7.2936,20.94
2007-05-07,4.6766,7.3632,20.8
2007-05-08,4.5036,7.5158,21.12
2007-05-09,4.8516,7.3778,21.24
2007-05-10,5.3074,7.2326,21.09
2007-05-11,6.7003,7.4561,21.05
2007-05-12,4.6889,7.1179,22.22
2007-05-13,5.118,7.17,21.64
2007-05-14,5.3712,7.2118,21.8
2007-05-15,5.4187,7.2722,22.18
2007-05-16,4.2214,7.2329,21.16
2007-05-17,5.4881,7.2461,20.39
2007-05-18,4.277,7.2144,19.82
2007-05-19,5.2186,7.1309,19.85
2007-05-20,4.8338,7.1438,20.06
2007-05-21,4.1278,7.428,19.78
2007-05-22,4.7033,7.494,19.71
2007-05-23,4.4911,7.391,20.38
2007-05-24,4.3673,7.1892,20.5
2007-05-25,4.6644,7.187,19.3
2007-05-26,3.7973,7.2247,18.76
2007-05-27,4.0591,7.2485,18.84
2007-05-28,4.56,7.2917,18.54
2007-05-29,3.3065,7.3301,19.88
2007-05-30,4.4201,7.3044,20.09
2007-05-31,4.5713,7.363,19.11
2007-06-01,4.6855,7.2228,19.88
2007-06-02,4.1474,7.3423,19.72
2007-06-03,4.0495,7.3685,20.43
2007-06-04,5.7526,7.3493,20.98
2007-06-05,5.1614,7.2091,19.67
2007-06-06,4.9519,7.1892,20.4
2007-06-07,5.5625,7.1978,20.97
2007-06-08,5.6266,7.2134,21.07
2007-06-09,5.9074,7.2996,20.32
2007-06-10,5.1235,7.1722,20.33
2007-06-11,6.0888,7.177,21.07
2007-06-12,6.3706,7.3334,21.0
2007-06-13,6.7282,7.4078,21.41
2007-06-14,5.8555,7.3315,20.93
2007-06-15,6.0242,7.0334,20.74
2007-06-16,5.6556,7.2334,20.34
2007-06-17,5.9825,7.1729,20.77
2007-06-18,4.7095,7.0565,20.43
2007-06-19,6.0226,7.1998,21.15
2007-06-20,5.8637,7.2607,20.89
2007-06-21,6.5981,7.2722,21.08
2007-06-22,4.3584,7.2329,20.53
2007-06-23,4.6049,7.1911,20.78
2007-06-24,5.7773,7.2415,21.25
2007-06-25,5.9254,7.2526,21.4
2007-06-26,4.4647,7.0548,21.76
2007-06-27,5.8226,7.1273,21.23
2007-06-28,5.8358,7.1062,21.36
2007-06-29,4.7928,6.8131,21.43
2007-06-30,5.6614,6.9154,20.91
2007-07-01,6.0905,6.9794,21.43
2007-07-02,6.5854,7.229,21.4
2007-07-03,6.3881,7.2226,21.68
2007-07-04,6.8249,7.1573,21.82
2007-07-05,6.7378,7.1892,22.14
2007-07-06,6.306,7.141,22.3
2007-07-07,5.5061,6.979,22.02
2007-07-08,5.1722,7.1558,20.5
2007-07-09,5.2843,7.1014,20.92
2007-07-10,5.496,7.1143,21.42
2007-07-11,6.1337,7.2516,21.62
2007-07-12,5.3986,7.2226,22.0
2007-07-13,5.6657,7.1746,22.3
2007-07-14,5.4444,7.1918,21.77
2007-07-15,5.0191,7.0608,20.33
2007-07-16,4.9332,7.1194,20.09
2007-07-17,5.6352,7.3121,20.93
2007-07-18,5.6894,7.236,20.94
2007-07-19,5.49,7.1446,20.64
2007-07-20,4.9462,7.1702,19.56
2007-07-21,4.1746,7.0814,20.23
2007-07-22,4.038,6.9967,19.15
2007-07-23,4.8862,7.2953,19.59
2007-07-24,4.7114,7.3961,19.97
2007-07-25,5.7718,7.3255,19.94
2007-07-26,6.6514,7.3668,20.39
2007-07-27,6.1642,7.423,20.0
2007-07-28,5.6388,7.253,20.04
2007-07-29,6.9641,7.4388,20.58
2007-07-30,6.8714,7.3752,20.67
2007-07-31,6.1762,7.1849,21.03
2007-08-01,5.1002,6.9696,20.87
2007-08-02,5.9976,7.1119,21.28
2007-08-03,5.7038,7.219,21.44
2007-08-04,5.4638,7.0459,20.45
2007-08-05,5.0302,6.9336,20.28
2007-08-06,5.1319,7.2125,21.26
2007-08-07,5.4302,7.2098,21.01
2007-08-08,5.0549,7.1599,20.99
2007-08-09,4.6289,7.2792,20.87
2007-08-10,4.9109,7.284,21.49
2007-08-11,4.8451,7.0838,21.71
2007-08-12,5.7799,7.2418,21.91
2007-08-13,5.0234,7.2302,20.89
2007-08-14,4.7081,7.2694,19.78
2007-08-15,4.7395,7.2984,20.83
2007-08-16,6.1627,7.4364,20.84
2007-08-17,3.9149,7.3721,20.28
2007-08-18,4.7794,7.3231,20.14
2007-08-19,5.4847,7.3543,20.21
2007-08-20,4.3692,6.9161,19.83
2007-08-21,5.011,7.2353,20.98
2007-08-22,5.5687,7.2425,21.12
2007-08-23,5.3779,7.3992,20.78
2007-08-24,4.4602,7.3253,18.93
2007-08-25,3.0814,7.6298,18.53
2007-08-26,3.5002,7.7261,19.45
2007-08-27,5.8651,7.5341,19.95
2007-08-28,6.7342,7.608,21.53
2007-08-29,4.0627,7.4208,20.72
2007-08-30,5.1811,7.4767,20.18
2007-08-31,5.2793,7.4921,19.55
2007-09-01,4.5758,7.3123,19.69
2007-09-02,6.0506,7.3286,19.67
2007-09-03,5.1098,7.2012,20.81
2007-09-04,5.4211,7.3433,19.94
2007-09-05,5.7823,7.3265,20.41
2007-09-06,6.1246,7.5151,20.59
2007-09-07,6.6276,7.5298,20.47
2007-09-08,6.0854,7.3985,20.85
2007-09-09,4.7453,7.1026,20.59
2007-09-10,6.6482,7.5043,21.25
2007-09-11,6.1298,7.5446,22.04
2007-09-12,5.9705,7.4398,21.1
2007-09-13,4.2866,7.3207,21.43
2007-09-14,5.4185,7.553,20.65
2007-09-15,3.641,7.6126,18.88
2007-09-16,4.5022,7.374,20.6
2007-09-17,6.1114,7.4081,21.0
2007-09-18,6.1224,7.5538,20.65
2007-09-19,4.8842,7.4894,21.48
2007-09-20,6.4258,7.5197,20.44
2007-09-21,5.9822,7.5869,21.03
2007-09-22,6.5431,7.585,20.73
2007-09-23,5.827,7.6176,20.16
2007-09-24,5.4341,7.6406,19.17
2007-09-25,5.6134,7.4016,20.85
2007-09-26,4.7386,7.1426,20.45
2007-09-27,5.2495,7.3548,20.89
2007-09-28,6.4884,7.441,21.74
2007-09-29,5.3491,7.4066,22.28
2007-09-30,5.982,7.2696,20.88
2007-10-01,3.5126,7.098,19.47
2007-10-02,6.3026,7.2372,20.68
2007-10-03,6.101,7.355,20.86
2007-10-04,6.1589,7.5514,20.55
2007-10-05,5.6143,7.5456,20.29
2007-10-06,4.5804,7.4114,20.15
2007-10-07,4.5058,7.4729,19.48
2007-10-08,5.4408,7.3596,20.28
2007-10-09,3.5772,7.0958,19.46
2007-10-10,4.5907,7.2298,20.01
2007-10-11,4.6961,7.3687,19.77
2007-10-12,3.4548,7.2562,20.12
2007-10-13,4.4714,7.2962,19.75
2007-10-14,4.7064,7.3363,20.07
2007-10-15,4.507,7.3795,19.41
2007-10-16,4.5127,7.0037,19.08
2007-10-17,5.5121,6.9526,20.88
2007-10-18,3.9958,7.1256,19.06
2007-10-19,4.5828,7.1162,19.11
2007-10-20,3.0881,7.1542,18.75
2007-10-21,3.0254,7.1244,18.37
2007-10-22,4.8622,7.085,19.25
2007-10-23,4.8886,7.1494,19.64
2007-10-24,3.8796,7.139,18.98
2007-10-25,5.2793,7.1357,19.33
2007-10-26,5.255,7.2545,20.13
2007-10-27,3.8837,7.1393,19.35
2007-10-28,4.067,7.2588,18.94
2007-10-29,4.3997,7.1717,19.44
2007-10-30,3.7483,6.8842,18.92
2007-10-31,3.3893,6.829,19.5
2007-11-01,3.5875,6.9322,19.27
2007-11-02,4.3078,6.9994,19.28
2007-11-03,4.5538,7.027,19.55
2007-11-04,4.003,6.851,19.77
2007-11-05,5.3561,6.9182,19.76
2007-11-06,5.0705,6.9566,19.97
2007-11-07,4.1489,6.7704,19.95
2007-11-08,4.7232,6.7685,19.59
2007-11-09,2.5651,6.8983,17.71
2007-11-10,4.1635,6.9142,18.79
2007-11-11,4.3142,6.9391,19.36
2007-11-12,4.8893,6.7082,19.33
2007-11-13,4.8732,6.8412,20.28
2007-11-14,4.5065,6.8054,19.82
2007-11-15,6.3334,6.9274,20.94
2007-11-16,4.1837,6.7956,20.55
2007-11-17,3.2755,6.6422,19.97
2007-11-18,5.8351,6.7574,20.73
2007-11-19,6.7906,6.8909,21.34
2007-11-20,4.7827,6.8218,21.25
2007-11-21,4.4417,6.7003,20.86
2007-11-22,4.614,6.6283,19.45
2007-11-23,3.455,6.599,20.46
2007-11-24,4.4702,6.671,19.24
2007-11-25,5.8037,6.7668,20.91
2007-11-26,6.3206,6.7649,21.26
2007-11-27,4.9774,6.785,21.02
2007-11-28,4.0824,6.6684,20.25
2007-11-29,4.6176,6.6314,20.2
2007-11-30,3.4342,6.7008,20.46
2007-12-01,3.0386,6.7135,19.32
2007-12-02,5.3006,6.7375,19.22
2007-12-03,4.1148,6.6569,19.19
2007-12-04,4.1753,6.6259,18.59
2007-12-05,4.5545,6.7231,18.86
2007-12-06,3.6449,6.6271,20.03
2007-12-07,4.837,6.438,19.69
2007-12-08,4.2998,6.4337,20.23
2007-12-09,5.2682,6.6468,20.63
2007-12-10,5.2714,6.6192,20.49
2007-12-11,3.5239,6.4637,20.05
2007-12-12,3.8002,6.3725,20.1
2007-12-13,4.2298,6.3869,20.43
2007-12-14,4.4412,6.3823,19.77
2007-12-15,3.3758,6.5405,19.53
2007-12-16,3.6502,6.631,18.62
2007-12-17,4.1594,6.4483,18.1
2007-12-18,4.4434,6.3972,18.73
2007-12-19,5.16,6.4378,19.3
2007-12-20,4.8166,6.4966,19.9
2007-12-21,4.1354,6.3223,20.49
2007-12-22,4.0346,6.3046,20.73
2007-12-23,4.0493,5.797,20.33
2007-12-24,4.4983,6.1656,19.89
2007-12-25,3.9079,6.2186,19.29
2007-12-26,3.1202,6.4034,20.69
2007-12-27,3.3403,6.4277,19.49
2007-12-28,5.125,6.5134,21.01
2007-12-29,4.4453,6.5801,21.46
2007-12-30,4.7789,6.5237,20.93
2007-12-31,6.0696,6.6,21.11
2008-01-01,5.9165,6.6761,20.44
2008-01-02,4.9452,6.6542,19.75
2008-01-03,3.2882,6.4075,19.2
2008-01-04,5.0474,6.5318,21.03
2008-01-05,5.3057,6.5006,22.3
2008-01-06,4.8269,6.4279,22.28
2008-01-07,3.197,6.3684,22.12
2008-01-08,4.4933,6.3499,21.06
2008-01-09,2.4274,6.2616,19.2
2008-01-10,3.0934,6.5249,18.87
2008-01-11,3.9497,6.3038,18.76
2008-01-12,4.3303,6.354,20.33
2008-01-13,3.9722,6.4378,20.44
2008-01-14,3.9746,6.5011,19.79
2008-01-15,4.1246,6.5873,21.38
2008-01-16,4.266,6.497,21.21
2008-01-17,4.158,6.6624,20.41
2008-01-18,5.0822,6.8326,21.3
2008-01-19,5.3626,6.9108,22.3
2008-01-20,4.835,6.7318,21.79
2008-01-21,4.9284,6.6665,22.15
2008-01-22,4.9574,6.8189,22.61
2008-01-23,5.3131,6.8357,22.76
2008-01-24,3.9247,6.725,22.78
2008-01-25,3.7138,6.6593,22.11
2008-01-26,4.7366,6.6698,21.76
2008-01-27,4.9032,6.8009,21.69
2008-01-28,6.1392,6.8899,21.36
2008-01-29,6.7166,7.0548,21.64
2008-01-30,5.2313,6.7428,21.41
2008-01-31,4.9524,6.6967,21.34
2008-02-01,5.1468,6.6766,20.34
2008-02-02,5.5918,7.0517,19.98
2008-02-03,5.5006,7.0018,20.18
2008-02-04,5.8262,7.0274,21.56
2008-02-05,5.6021,6.9922,22.9
2008-02-06,4.3063,6.7488,23.17
2008-02-07,4.9886,6.8198,22.41
2008-02-08,5.4586,6.9972,23.75
2008-02-09,4.8494,6.7848,21.5
2008-02-10,3.5664,6.8858,21.6
2008-02-11,4.2907,6.9295,23.0
2008-02-12,4.4474,7.0778,23.73
2008-02-13,5.4199,7.0414,23.08
2008-02-14,4.6368,7.1227,23.45
2008-02-15,4.7923,7.1357,23.49
2008-02-16,2.7694,6.9799,22.48
2008-02-17,4.2554,7.1134,21.88
2008-02-18,4.3572,7.289,21.76
2008-02-19,3.5693,7.0433,21.36
2008-02-20,3.5688,7.0598,21.28
2008-02-21,3.5736,7.1122,21.93
2008-02-22,4.7714,7.229,22.32
2008-02-23,5.2368,7.0462,23.52
2008-02-24,5.8627,7.1597,23.61
2008-02-25,5.5154,6.9444,23.78
2008-02-26,5.0002,7.247,23.43
2008-02-27,4.7369,7.0865,22.83
2008-02-28,3.6749,6.9794,22.46
2008-02-29,6.1567,7.2389,22.74
2008-03-01,5.4158,7.1261,23.69
2008-03-02,4.2698,6.9094,23.18
2008-03-03,3.7306,6.8258,23.65
2008-03-04,3.048,6.9506,23.26
2008-03-05,3.0972,6.8165,22.08
2008-03-06,2.9954,7.0507,21.18
2008-03-07,3.9029,6.9907,22.12
2008-03-08,4.4762,7.3025,20.47
2008-03-09,5.1098,7.2941,21.78
2008-03-10,2.3467,7.045,20.02
2008-03-11,3.997,7.1602,20.02
2008-03-12,3.3178,6.5659,20.57
2008-03-13,3.2395,6.7582,20.62
2008-03-14,2.4979,7.3699,19.92
2008-03-15,6.1003,7.4522,22.08
2008-03-16,6.1078,7.3721,23.28
2008-03-17,5.0914,7.4546,24.35
2008-03-18,5.6107,7.3387,23.77
2008-03-19,4.3606,7.0908,23.42
2008-03-20,5.0882,6.9264,24.16
2008-03-21,4.375,7.2816,23.76
2008-03-22,4.0558,6.9811,22.51
2008-03-23,3.9706,7.3882,22.82
2008-03-24,6.3718,7.4755,24.22
2008-03-25,4.2614,7.1047,23.74
2008-03-26,5.1614,7.3495,24.61
2008-03-27,4.5223,7.1806,24.53
2008-03-28,2.9681,7.037,23.79
2008-03-29,4.1186,6.9214,22.26
2008-03-30,3.9768,7.1674,21.13
2008-03-31,3.1572,7.4834,21.23
2008-04-01,4.0332,7.3644,20.28
2008-04-02,5.2956,7.4242,20.12
2008-04-03,4.2163,7.2804,20.51
2008-04-04,5.2812,7.2742,21.38
2008-04-05,5.0434,7.3416,22.26
2008-04-06,5.0304,7.3471,22.59
2008-04-07,4.6634,7.433,21.83
2008-04-08,4.8763,7.3224,22.07
2008-04-09,4.7371,7.3867,21.22
2008-04-10,4.8086,7.3747,21.64
2008-04-11,4.0505,7.141,20.05
2008-04-12,4.3673,7.1765,21.43
2008-04-13,3.7082,7.207,21.36
2008-04-14,4.1988,7.2228,20.57
2008-04-15,4.6224,7.1239,20.97
2008-04-16,6.3319,7.2847,23.21
2008-04-17,6.5052,7.4537,24.68
2008-04-18,5.6182,7.3622,25.15
2008-04-19,5.2805,7.195,23.95
2008-04-20,5.0474,7.3277,22.01
2008-04-21,3.7037,7.3445,22.86
2008-04-22,4.7779,7.2218,22.18
2008-04-23,3.3742,7.2122,22.3
2008-04-24,3.9324,7.2785,20.7
2008-04-25,3.7505,7.3982,20.06
2008-04-26,4.6747,7.1849,22.09
2008-04-27,2.9542,7.1909,20.81
2008-04-28,4.7062,7.2725,23.16
2008-04-29,5.3825,7.2998,22.37
2008-04-30,4.8494,7.3961,21.98
2008-05-01,4.457,7.241,20.52
2008-05-02,4.7834,7.2348,20.15
2008-05-03,3.9082,7.314,20.63
2008-05-04,4.4232,7.3627,20.16
2008-05-05,4.2605,7.4242,21.78
2008-05-06,4.5377,7.2233,21.01
2008-05-07,5.9774,7.2487,23.59
2008-05-08,4.5924,7.2859,23.19
2008-05-09,4.8242,7.195,23.79
2008-05-10,6.7013,7.4335,23.19
2008-05-11,5.6405,7.2274,21.65
2008-05-12,6.1382,7.2641,22.61
2008-05-13,5.0882,7.2826,21.99
2008-05-14,5.4242,7.3238,22.98
2008-05-15,4.5859,7.0128,23.23
2008-05-16,4.915,7.0978,22.85
2008-05-17,2.8128,7.1422,22.16
2008-05-18,5.021,7.1306,22.98
2008-05-19,4.0183,7.2739,21.18
2008-05-20,4.7426,7.3517,21.1
2008-05-21,3.8138,7.1402,21.04
2008-05-22,4.2,7.1374,22.47
2008-05-23,4.0495,7.015,21.14
2008-05-24,3.6506,7.0798,20.35
2008-05-25,4.3526,7.2077,19.9
2008-05-26,4.0471,7.1431,19.42
2008-05-27,4.0471,7.2698,20.12
2008-05-28,3.1152,7.147,20.87
2008-05-29,4.3236,7.2168,21.74
2008-05-30,5.1022,7.1873,21.32
2008-05-31,5.6578,7.2542,22.03
2008-06-01,4.7182,6.9218,22.55
2008-06-02,5.1574,7.1446,22.88
2008-06-03,3.9658,7.0447,22.33
2008-06-04,6.3005,7.2468,22.42
2008-06-05,5.0194,7.2125,22.33
2008-06-06,5.0863,7.1086,22.84
2008-06-07,4.0246,6.9758,22.98
2008-06-08,6.2582,7.2334,23.89
2008-06-09,4.9414,7.0697,22.49
2008-06-10,5.0986,6.8482,21.78
2008-06-11,5.0014,7.0663,21.55
2008-06-12,6.1049,7.2518,23.4
2008-06-13,5.7254,7.1234,24.12
2008-06-14,3.888,6.9902,22.74
2008-06-15,4.5274,6.907,22.86
2008-06-16,5.9659,6.9799,23.65
2008-06-17,5.1312,6.9797,22.53
2008-06-18,5.1912,7.1069,22.88
2008-06-19,5.399,7.2142,23.04
2008-06-20,5.3585,7.2206,24.29
2008-06-21,4.3714,6.9163,23.62
2008-06-22,4.2638,6.9758,21.18
2008-06-23,5.1653,6.8767,22.37
2008-06-24,5.1631,6.9154,21.85
2008-06-25,3.9689,7.0759,21.4
2008-06-26,5.826,7.1688,21.38
2008-06-27,6.3516,7.2127,21.4
2008-06-28,4.4969,6.9499,23.5
2008-06-29,5.7103,7.0766,23.6
2008-06-30,5.2668,7.1218,22.23
2008-07-01,4.4477,7.015,22.63
2008-07-02,3.9706,6.906,22.19
2008-07-03,4.6798,7.0178,21.3
2008-07-04,4.8775,7.0099,22.61
2008-07-05,3.9617,7.0817,22.9
2008-07-06,4.4527,7.1282,21.83
2008-07-07,4.9445,7.0512,22.27
2008-07-08,3.7793,7.0253,22.84
2008-07-09,5.1233,7.0812,21.6
2008-07-10,4.027,7.0411,23.03
2008-07-11,5.6626,7.0267,23.22
2008-07-12,5.6011,7.1162,24.24
2008-07-13,4.1503,6.9893,23.11
2008-07-14,4.5382,7.0342,22.57
2008-07-15,4.5473,7.1167,21.62
2008-07-16,4.0716,7.0613,20.42
2008-07-17,4.6176,7.0078,20.6
2008-07-18,5.2534,7.1232,20.71
2008-07-19,6.0336,7.3015,22.41
2008-07-20,6.2239,7.3274,23.44
2008-07-21,5.9839,6.9427,22.51
2008-07-22,5.1936,7.1772,22.32
2008-07-23,6.5167,7.2492,23.16
2008-07-24,6.0204,7.2348,24.44
2008-07-25,6.0518,7.2336,24.02
2008-07-26,4.8852,7.0615,21.39
2008-07-27,5.3292,7.1818,22.97
2008-07-28,5.9858,7.145,23.28
2008-07-29,4.572,7.2086,23.67
2008-07-30,5.6282,7.3207,23.24
2008-07-31,4.7861,7.2305,21.78
2008-08-01,6.4015,7.3296,23.16
2008-08-02,4.3061,7.2614,22.7
2008-08-03,5.1986,7.0524,22.46
2008-08-04,4.9903,7.2682,23.64
2008-08-05,5.5939,7.3092,22.66
2008-08-06,4.7858,7.2401,23.16
2008-08-07,7.1628,7.4959,24.23
2008-08-08,5.7826,7.3646,25.05
2008-08-09,5.6858,7.1827,24.3
2008-08-10,4.9646,7.249,22.51
2008-08-11,3.7025,7.135,20.47
2008-08-12,5.2102,7.2223,20.67
2008-08-13,5.3513,7.3373,22.21
2008-08-14,4.6313,7.4237,22.46
2008-08-15,5.7725,7.3894,22.58
2008-08-16,4.4947,7.1921,22.1
2008-08-17,4.1506,7.4705,22.15
2008-08-18,4.6315,7.4753,21.47
2008-08-19,4.6447,7.4837,21.29
2008-08-20,4.9354,7.3822,21.98
2008-08-21,4.4986,7.4606,20.94
2008-08-22,4.4573,7.356,19.18
2008-08-23,4.446,7.3937,19.27
2008-08-24,3.6665,7.381,20.23
2008-08-25,4.752,7.357,21.12
2008-08-26,4.6102,7.1102,22.22
2008-08-27,4.7333,7.3805,21.35
2008-08-28,4.5605,7.345,20.72
2008-08-29,4.5554,7.4064,22.44
2008-08-30,5.0062,7.4302,21.61
2008-08-31,5.4358,7.5089,22.73
2008-09-01,5.5013,7.4688,22.72
2008-09-02,3.8465,7.4491,22.59
2008-09-03,3.623,7.4088,20.93
2008-09-04,3.468,7.4525,21.01
2008-09-05,5.525,7.6258,22.92
2008-09-06,6.1582,7.5468,23.81
2008-09-07,5.4298,7.4215,24.0
2008-09-08,5.4703,7.452,23.09
2008-09-09,5.5771,7.2581,23.19
2008-09-10,6.4625,7.4599,23.95
2008-09-11,6.6569,7.4388,24.16
2008-09-12,6.2599,7.4952,24.12
2008-09-13,6.1898,7.5391,24.38
2008-09-14,5.7238,7.4794,23.81
2008-09-15,4.1522,7.2857,23.8
2008-09-16,4.7688,7.1496,21.86
2008-09-17,4.3099,7.0411,23.4
2008-09-18,5.13,7.3013,22.29
2008-09-19,4.3853,7.411,20.52
2008-09-20,4.4666,7.314,21.58
2008-09-21,5.471,7.339,21.77
2008-09-22,3.7406,7.1887,23.37
2008-09-23,4.6212,7.3315,21.87
2008-09-24,5.1744,7.3896,21.61
2008-09-25,6.2803,7.4726,24.0
2008-09-26,5.8409,7.421,22.31
2008-09-27,5.4466,7.397,23.58
2008-09-28,5.4012,7.4472,21.68
2008-09-29,5.6962,7.4928,22.26
2008-09-30,4.9834,7.3694,21.4
2008-10-01,4.8953,7.3476,21.24
2008-10-02,4.5211,7.3711,22.11
2008-10-03,5.0076,7.2804,22.13
2008-10-04,3.6768,7.4047,21.45
2008-10-05,4.2178,7.3994,20.67
2008-10-06,4.2662,7.339,20.0
2008-10-07,2.7533,7.176,20.4
2008-10-08,5.1662,7.2782,20.78
2008-10-09,5.1499,7.3666,20.94
2008-10-10,3.2218,7.4484,19.37
2008-10-11,4.507,7.4172,19.76
2008-10-12,4.2905,7.3877,18.51
2008-10-13,4.4866,7.2778,19.08
2008-10-14,5.1662,7.3363,19.58
2008-10-15,4.843,7.351,19.96
2008-10-16,4.7402,7.2569,19.99
2008-10-17,5.3669,7.3186,19.59
2008-10-18,5.719,7.3078,21.04
2008-10-19,5.7535,7.3466,20.78
2008-10-20,5.6923,7.1314,20.38
2008-10-21,5.1002,7.0702,21.33
2008-10-22,5.2894,7.1947,20.74
2008-10-23,6.3302,7.2643,21.92
2008-10-24,6.0809,7.3306,20.82
2008-10-25,4.1503,7.2204,19.58
2008-10-26,5.8826,7.181,21.45
2008-10-27,4.6793,6.9967,21.43
2008-10-28,5.1288,6.9679,21.27
2008-10-29,5.2798,7.0738,22.05
2008-10-30,5.8596,7.1952,22.22
2008-10-31,5.4149,7.176,22.56
2008-11-01,3.1884,7.0915,20.16
2008-11-02,3.8978,7.1321,20.8
2008-11-03,4.8514,6.8666,20.62
2008-11-04,3.6706,6.7894,20.05
2008-11-05,4.0956,6.8256,20.55
2008-11-06,4.8182,6.9065,20.55
2008-11-07,5.1811,6.9989,21.41
2008-11-08,4.0183,6.9046,21.07
2008-11-09,5.063,6.8496,20.65
2008-11-10,5.5742,6.9641,22.47
2008-11-11,4.9867,6.7502,22.55
2008-11-12,4.1033,6.6929,21.27
2008-11-13,3.9194,6.6614,19.9
2008-11-14,3.9977,6.4428,19.39
2008-11-15,3.4322,6.6096,19.86
2008-11-16,3.8088,6.6602,19.42
2008-11-17,4.3709,6.6977,19.94
2008-11-18,4.3219,6.7466,19.41
2008-11-19,4.1095,6.7193,19.66
2008-11-20,3.8916,6.8527,20.22
2008-11-21,4.4623,6.8986,19.91
2008-11-22,4.357,6.8364,20.62
2008-11-23,4.6078,6.7502,20.03
2008-11-24,3.2671,6.463,20.37
2008-11-25,2.4408,6.5878,19.83
2008-11-26,2.465,6.6686,18.49
2008-11-27,2.9436,6.7255,19.2
2008-11-28,3.6355,6.649,19.98
2008-11-29,3.9799,6.72,19.85
2008-11-30,4.3102,6.4354,19.36
2008-12-01,4.116,6.6454,19.27
2008-12-02,4.5607,6.6773,19.11
2008-12-03,5.1696,6.6499,19.64
2008-12-04,4.1388,6.739,18.81
2008-12-05,5.2006,6.5688,19.5
2008-12-06,5.3141,6.5729,20.1
2008-12-07,3.4049,6.229,20.07
2008-12-08,4.9042,6.3221,20.72
2008-12-09,5.6671,6.5254,21.13
2008-12-10,5.4857,6.6041,21.11
2008-12-11,2.3741,6.6127,19.7
2008-12-12,4.1371,6.4843,18.8
2008-12-13,4.4266,6.3785,18.9
2008-12-14,4.601,6.2736,19.75
2008-12-15,4.3054,6.4769,20.58
2008-12-16,5.5162,6.5402,19.65
2008-12-17,5.7437,6.684,19.61
2008-12-18,5.0213,6.6173,18.88
2008-12-19,3.0948,6.3847,19.35
2008-12-20,2.2553,6.4114,18.88
2008-12-21,2.9714,6.4368,18.62
2008-12-22,3.9638,6.4404,18.13
2008-12-23,4.6675,6.4517,19.54
2008-12-24,5.25,6.5484,20.21
2008-12-25,4.8122,6.6305,19.86
2008-12-26,4.902,6.492,20.09
2008-12-27,5.1034,6.6293,19.45
2008-12-28,5.4653,6.7056,20.53
2008-12-29,4.9224,6.619,20.03
2008-12-30,3.912,6.5729,20.34
2008-12-31,4.7635,6.4865,20.96
2009-01-01,4.1717,6.4003,20.51
2009-01-02,5.0585,6.4865,21.68
2009-01-03,5.1979,6.5342,21.8
2009-01-04,5.3873,6.5458,21.36
2009-01-05,4.4825,6.3859,21.4
2009-01-06,4.1808,6.5275,21.45
2009-01-07,4.3061,6.4553,21.28
2009-01-08,3.541,6.522,20.89
2009-01-09,3.5585,6.527,20.29
2009-01-10,3.9065,6.521,20.48
2009-01-11,5.1266,6.6588,21.85
2009-01-12,4.7035,6.3084,22.31
2009-01-13,4.3577,6.4188,21.57
2009-01-14,2.8234,6.5143,20.55
2009-01-15,4.6944,6.6751,20.04
2009-01-16,3.2328,6.6199,19.32
2009-01-17,2.1586,6.4282,18.92
2009-01-18,3.8825,6.6286,19.82
2009-01-19,3.8371,6.4627,19.21
2009-01-20,4.147,6.5477,19.17
2009-01-21,3.6353,6.5654,19.72
2009-01-22,3.8148,6.6833,19.06
2009-01-23,3.677,6.6862,18.61
2009-01-24,4.7923,6.5448,20.24
2009-01-25,4.7141,6.7658,20.0
2009-01-26,5.471,6.9384,19.96
2009-01-27,5.939,6.9218,20.67
2009-01-28,4.8139,6.6187,21.33
2009-01-29,4.4959,6.6286,20.45
2009-01-30,4.1165,6.7757,20.04
2009-01-31,3.5124,6.4558,19.41
2009-02-01,4.6877,6.8446,20.35
2009-02-02,5.0914,6.9118,21.38
2009-02-03,5.2728,7.0027,20.99
2009-02-04,4.878,6.8825,20.86
2009-02-05,4.6999,6.9187,20.18
2009-02-06,4.0025,6.8558,21.13
2009-02-07,4.6116,6.9082,20.45
2009-02-08,3.714,6.9914,20.78
2009-02-09,2.9719,6.889,19.33
2009-02-10,3.9322,6.8772,20.58
2009-02-11,5.4828,6.9146,21.88
2009-02-12,3.5705,6.7762,21.11
2009-02-13,3.9504,6.8494,20.39
2009-02-14,4.2538,6.9833,20.06
2009-02-15,5.4696,7.0198,19.3
2009-02-16,4.7105,7.0399,19.03
2009-02-17,3.9168,6.9463,19.56
2009-02-18,5.1905,6.9758,20.62
2009-02-19,4.662,6.971,20.14
2009-02-20,4.0742,7.032,20.41
2009-02-21,3.8935,7.1112,20.23
2009-02-22,4.2156,7.2506,21.03
2009-02-23,3.8618,7.2852,20.13
2009-02-24,4.572,7.0826,20.97
2009-02-25,3.7553,7.0118,19.76
2009-02-26,3.8597,7.1854,19.69
2009-02-27,4.3954,7.1995,20.15
2009-02-28,5.2416,7.2346,20.8
2009-03-01,4.1834,6.9314,21.62
2009-03-02,3.384,6.9602,19.37
2009-03-03,3.307,7.1724,19.96
2009-03-04,4.3591,7.1844,20.3
2009-03-05,4.1856,7.1405,20.97
2009-03-06,4.7779,7.1822,20.78
2009-03-07,3.6583,7.085,20.03
2009-03-08,4.7839,7.1419,22.12
2009-03-09,4.7827,7.1155,20.56
2009-03-10,4.9236,7.0438,21.2
2009-03-11,4.849,7.091,21.29
2009-03-12,4.7702,6.99,20.48
2009-03-13,4.4712,6.9454,19.99
2009-03-14,5.3534,7.104,20.66
2009-03-15,5.0297,7.1746,21.82
2009-03-16,3.701,7.1794,21.66
2009-03-17,3.0437,7.0267,19.93
2009-03-18,3.4171,7.3356,19.86
2009-03-19,3.8311,7.2967,20.7
2009-03-20,4.0738,7.3534,19.48
2009-03-21,4.0546,7.4033,20.83
2009-03-22,4.4088,7.1482,19.43
2009-03-23,4.6421,7.4383,20.03
2009-03-24,3.9629,7.5053,19.61
2009-03-25,4.3078,7.2602,20.11
2009-03-26,4.319,7.2912,19.92
2009-03-27,5.2951,7.4071,20.77
2009-03-28,4.1767,7.2725,20.74
2009-03-29,3.8566,7.3102,19.51
2009-03-30,5.2774,7.4887,20.65
2009-03-31,4.134,7.3915,20.98
2009-04-01,3.5995,7.2154,20.6
2009-04-02,4.59,7.2614,19.7
2009-04-03,4.3615,7.3529,19.72
2009-04-04,5.0484,7.1808,19.75
2009-04-05,6.5779,7.5367,20.46
2009-04-06,5.7535,7.5067,20.33
2009-04-07,4.4688,7.0831,20.7
2009-04-08,4.7102,7.0286,19.86
2009-04-09,4.3186,6.9091,20.6
2009-04-10,3.6622,7.2317,20.34
2009-04-11,4.8134,7.4352,19.36
2009-04-12,5.0484,7.5115,19.73
2009-04-13,5.327,7.5703,20.01
2009-04-14,3.7879,7.4923,19.65
2009-04-15,5.1607,7.4825,20.56
2009-04-16,5.2493,7.3774,20.3
2009-04-17,4.3435,7.2713,21.22
2009-04-18,4.0486,6.8645,21.17
2009-04-19,5.2848,7.1633,21.6
2009-04-20,3.5575,7.2696,22.0
2009-04-21,4.3322,7.2686,21.86
2009-04-22,5.5001,7.5151,20.03
2009-04-23,4.6702,7.2624,20.72
2009-04-24,4.331,7.3315,20.92
2009-04-25,4.8439,7.3704,21.31
2009-04-26,4.1846,7.3438,21.26
2009-04-27,5.286,7.2602,22.12
2009-04-28,4.3279,7.1345,22.25
2009-04-29,4.3169,7.247,21.75
2009-04-30,3.8698,7.3723,19.47
2009-05-01,4.8353,7.422,20.12
2009-05-02,4.3982,7.2358,19.99
2009-05-03,3.8522,7.2722,19.42
2009-05-04,3.8554,7.5816,19.21
2009-05-05,5.2562,7.6565,20.16
2009-05-06,4.7069,7.5458,20.01
2009-05-07,5.8769,7.4467,20.67
2009-05-08,5.7377,7.3649,19.6
2009-05-09,6.0444,7.4486,21.06
2009-05-10,6.48,7.4868,21.49
2009-05-11,4.5593,7.3447,21.52
2009-05-12,6.3372,7.5154,20.99
2009-05-13,4.877,7.5312,19.38
2009-05-14,5.4077,7.3459,19.93
2009-05-15,3.721,7.3039,18.87
2009-05-16,5.2068,7.3944,18.35
2009-05-17,4.9483,7.2989,20.69
2009-05-18,5.1209,7.4664,19.81
2009-05-19,4.6229,7.29,20.93
2009-05-20,6.0924,7.4112,21.41
2009-05-21,4.7191,7.2182,21.01
2009-05-22,5.1036,7.1746,21.0
2009-05-23,5.0129,7.2353,20.85
2009-05-24,6.0293,7.3817,20.74
2009-05-25,5.6479,7.206,20.36
2009-05-26,6.0857,7.416,20.41
2009-05-27,6.2376,7.4179,21.28
2009-05-28,3.5054,6.9151,20.19
2009-05-29,4.1681,6.9461,19.09
2009-05-30,5.2286,7.2396,19.78
2009-05-31,4.5199,7.3078,20.64
2009-06-01,6.3185,7.3483,20.8
2009-06-02,7.153,7.3994,21.7
2009-06-03,5.4269,7.0668,21.86
2009-06-04,5.0148,6.8808,21.4
2009-06-05,2.844,7.0272,20.53
2009-06-06,5.8246,7.2043,20.92
2009-06-07,4.2732,7.1897,20.51
2009-06-08,5.5087,7.2934,21.0
2009-06-09,5.7718,7.3346,21.42
2009-06-10,4.8526,7.3327,19.73
2009-06-11,5.1072,7.2326,20.07
2009-06-12,5.2032,7.2082,20.44
2009-06-13,3.5306,7.0452,19.95
2009-06-14,3.4318,6.9391,19.36
2009-06-15,5.2008,7.1966,19.49
2009-06-16,5.087,7.2598,19.38
2009-06-17,6.1303,7.0814,20.77
2009-06-18,4.5418,6.9458,21.4
2009-06-19,5.5073,7.1621,20.7
2009-06-20,5.2397,7.0498,21.01
2009-06-21,4.6942,6.9866,20.3
2009-06-22,3.3199,6.846,19.29
2009-06-23,3.3101,7.1602,19.23
2009-06-24,5.1264,7.2809,19.92
2009-06-25,4.5098,7.241,20.43
2009-06-26,6.125,7.1803,21.02
2009-06-27,6.149,7.0872,20.31
2009-06-28,4.879,7.1311,20.52
2009-06-29,5.3359,7.1448,20.38
2009-06-30,5.0172,7.068,20.54
2009-07-01,5.3186,7.0781,20.38
2009-07-02,5.9251,7.2072,20.45
2009-07-03,4.4654,7.05,20.13
2009-07-04,5.0002,7.0627,20.33
2009-07-05,5.5368,7.1249,20.18
2009-07-06,3.3862,6.8974,20.39
2009-07-07,6.4658,7.207,21.31
2009-07-08,3.774,7.0397,20.37
2009-07-09,6.2206,7.2756,20.5
2009-07-10,6.163,7.2739,20.54
2009-07-11,5.5351,7.2142,20.17
2009-07-12,5.6398,7.0942,20.48
2009-07-13,6.8148,7.3034,21.71
2009-07-14,6.1572,7.201,21.52
2009-07-15,6.1306,7.2084,21.11
2009-07-16,6.6386,7.2485,21.58
2009-07-17,6.0612,7.2372,22.48
2009-07-18,6.5568,7.2499,21.59
2009-07-19,6.7793,7.2487,21.91
2009-07-20,4.747,7.0582,20.78
2009-07-21,4.0404,7.0226,20.06
2009-07-22,4.7407,7.2706,19.72
2009-07-23,5.8238,7.1815,20.98
2009-07-24,6.0338,7.2866,21.29
2009-07-25,6.1178,7.3702,21.58
2009-07-26,5.5126,7.2007,22.3
2009-07-27,6.2657,7.2953,22.16
2009-07-28,6.7464,7.3531,22.15
2009-07-29,5.3117,7.0822,22.21
2009-07-30,5.9458,7.1681,21.62
2009-07-31,5.9678,7.3586,20.77
2009-08-01,6.7687,7.3968,22.0
2009-08-02,6.6019,7.4124,22.59
2009-08-03,6.7342,7.38,22.82
2009-08-04,4.5754,7.0697,22.93
2009-08-05,5.2034,7.1803,21.44
2009-08-06,4.1724,6.8743,20.38
2009-08-07,4.9229,7.0745,20.17
2009-08-08,4.8458,7.0639,20.65
2009-08-09,5.6292,7.3186,20.79
2009-08-10,6.6737,7.4698,21.68
2009-08-11,6.3972,7.4527,22.27
2009-08-12,6.1699,7.3716,21.71
2009-08-13,6.0096,7.1837,21.51
2009-08-14,4.7282,7.0128,21.31
2009-08-15,4.9622,7.1916,21.35
2009-08-16,4.5341,7.1748,20.36
2009-08-17,5.2757,7.2737,20.77
2009-08-18,5.2896,7.458,21.74
2009-08-19,5.3899,7.5274,21.34
2009-08-20,4.6001,7.2629,20.64
2009-08-21,4.2228,7.2264,21.01
2009-08-22,5.7571,7.416,21.06
2009-08-23,5.3184,7.4222,21.37
2009-08-24,5.6038,7.4794,21.19
2009-08-25,6.2801,7.4489,21.85
2009-08-26,6.139,7.488,21.61
2009-08-27,6.6199,7.5247,22.51
2009-08-28,5.8747,7.3022,22.47
2009-08-29,5.2577,7.1741,21.83
2009-08-30,5.2423,7.3092,19.98
2009-08-31,6.709,7.4534,20.85
2009-09-01,5.821,7.4777,22.35
2009-09-02,6.1284,7.4503,23.12
2009-09-03,5.8034,7.2473,22.71
2009-09-04,6.1728,7.4866,22.26
2009-09-05,6.4555,7.5708,22.37
2009-09-06,7.5922,7.7158,23.62
2009-09-07,5.7214,7.471,21.5
2009-09-08,5.7722,7.4297,22.61
2009-09-09,5.4595,7.4105,22.4
2009-09-10,6.4222,7.6586,23.15
2009-09-11,6.5969,7.5206,22.81
2009-09-12,4.8552,7.4268,21.21
2009-09-13,4.6181,7.3829,20.92
2009-09-14,5.4458,7.4038,21.88
2009-09-15,3.9264,7.3702,20.67
2009-09-16,4.2372,7.6296,19.51
2009-09-17,4.0973,7.4141,19.41
2009-09-18,6.4865,7.4614,21.27
2009-09-19,5.7526,7.5667,21.67
2009-09-20,6.2671,7.4779,22.18
2009-09-21,6.3782,7.4045,21.96
2009-09-22,4.1088,7.3728,20.93
2009-09-23,7.1201,7.5074,22.75
2009-09-24,7.273,7.5682,22.8
2009-09-25,6.3545,7.4662,22.5
2009-09-26,6.3295,7.3169,23.52
2009-09-27,5.2865,7.1666,23.47
2009-09-28,5.5598,7.3162,23.03
2009-09-29,6.9264,7.5545,23.42
2009-09-30,6.8081,7.5506,24.05
2009-10-01,4.4527,7.2461,23.32
2009-10-02,5.7739,7.2218,22.04
2009-10-03,4.477,6.9811,21.02
2009-10-04,4.2118,7.0956,21.95
2009-10-05,4.5497,7.1568,22.82
2009-10-06,5.3364,7.2828,23.12
2009-10-07,4.8665,7.35,22.31
2009-10-08,5.2337,7.3226,22.04
2009-10-09,7.1755,7.3946,23.0
2009-10-10,5.3062,7.2588,22.64
2009-10-11,4.6094,7.2698,21.79
2009-10-12,5.1703,7.368,20.7
2009-10-13,4.5912,7.3675,21.04
2009-10-14,4.3956,7.4023,19.31
2009-10-15,4.08,7.2991,19.07
2009-10-16,5.4689,7.231,20.9
2009-10-17,5.1516,7.2329,21.86
2009-10-18,5.6539,7.2641,20.2
2009-10-19,4.0152,7.2089,19.77
2009-10-20,3.8878,7.104,19.09
2009-10-21,5.1485,7.3778,20.43
2009-10-22,5.9052,7.189,20.46
2009-10-23,5.4118,7.0075,20.95
2009-10-24,3.9418,6.8892,19.98
2009-10-25,6.0384,7.0783,20.41
2009-10-26,6.5388,7.182,21.67
2009-10-27,4.2348,6.9029,18.89
2009-10-28,5.0362,7.0735,18.99
2009-10-29,5.179,6.9857,20.29
2009-10-30,3.1903,6.9862,19.5
2009-10-31,3.6197,6.7613,19.87
2009-11-01,4.6205,6.9725,19.96
2009-11-02,3.9295,7.0253,19.36
2009-11-03,4.157,7.02,19.45
2009-11-04,4.572,6.8945,19.8
2009-11-05,4.0486,6.895,19.8
2009-11-06,3.6641,6.9511,19.04
2009-11-07,4.3243,6.965,19.71
2009-11-08,3.9622,6.8002,19.68
2009-11-09,4.801,6.8791,19.43
2009-11-10,4.9687,6.9797,20.26
2009-11-11,4.9908,6.8954,20.44
2009-11-12,4.9673,6.942,19.7
2009-11-13,4.884,6.9221,20.88
2009-11-14,5.0016,6.8686,19.96
2009-11-15,4.6219,6.8602,20.75
2009-11-16,5.5265,6.9173,20.09
2009-11-17,4.8074,6.7817,20.19
2009-11-18,4.632,6.7133,20.12
2009-11-19,5.1559,6.8477,20.8
2009-11-20,4.7004,6.7375,20.73
2009-11-21,4.9716,6.6247,21.97
2009-11-22,4.5679,6.5393,21.12
2009-11-23,4.9118,6.5561,21.2
2009-11-24,4.0426,6.7301,20.87
2009-11-25,4.7119,6.6312,20.96
2009-11-26,4.6404,6.6684,20.54
2009-11-27,4.8274,6.6036,20.56
2009-11-28,3.6713,6.4759,19.89
2009-11-29,4.4119,6.5273,20.24
2009-11-30,4.8569,6.3821,19.96
2009-12-01,5.0083,6.5858,21.25
2009-12-02,5.5361,6.6674,21.1
2009-12-03,5.3654,6.6017,21.02
2009-12-04,5.5601,6.7308,20.91
2009-12-05,5.8267,6.6696,21.26
2009-12-06,5.6326,6.5986,20.97
2009-12-07,5.5109,6.6271,20.69
2009-12-08,4.5014,6.5928,21.45
2009-12-09,4.0334,6.6017,20.34
2009-12-10,4.2432,6.4896,20.93
2009-12-11,4.8629,6.5671,21.35
2009-12-12,3.9996,6.5386,20.06
2009-12-13,5.315,6.5774,21.17
2009-12-14,5.2327,6.5856,21.27
2009-12-15,5.2906,6.5374,22.07
2009-12-16,3.7606,6.5122,21.92
2009-12-17,4.4302,6.468,21.38
2009-12-18,2.7067,6.3379,20.19
2009-12-19,2.6436,6.5064,19.52
2009-12-20,4.3865,6.4843,19.58
2009-12-21,3.4858,6.5203,20.29
2009-12-22,3.7363,6.4457,20.04
2009-12-23,3.8969,6.4037,20.7
2009-12-24,4.5658,6.5424,20.49
2009-12-25,3.5362,6.4078,19.79
2009-12-26,4.421,6.4956,19.29
2009-12-27,4.2341,6.6638,20.11
2009-12-28,4.3082,6.593,20.77
2009-12-29,4.9692,6.6043,19.95
2009-12-30,5.279,6.4615,20.33
2009-12-31,5.7389,6.6286,20.26
2010-01-01,5.7605,6.7747,20.05
2010-01-02,5.9971,6.7738,20.1
2010-01-03,6.5789,6.7776,20.53
2010-01-04,5.9318,6.667,20.74
2010-01-05,6.0338,6.6698,21.26
2010-01-06,6.0053,6.6079,20.9
2010-01-07,5.9426,6.4901,21.89
2010-01-08,5.6256,6.5633,22.87
2010-01-09,5.6004,6.5587,22.87
2010-01-10,5.0496,6.5477,22.45
2010-01-11,5.983,6.5021,21.94
2010-01-12,5.5416,6.5038,21.82
2010-01-13,5.9748,6.6041,21.87
2010-01-14,6.0826,6.6958,22.52
2010-01-15,5.6609,6.5561,23.0
2010-01-16,5.921,6.6377,24.22
2010-01-17,5.3054,6.6986,23.71
2010-01-18,5.6722,6.6514,23.85
2010-01-19,5.7929,6.7346,24.16
2010-01-20,6.0922,6.767,24.51
2010-01-21,6.6269,6.8964,24.61
2010-01-22,5.1487,6.8638,23.77
2010-01-23,3.9574,6.5412,21.34
2010-01-24,4.2511,6.6067,22.34
2010-01-25,4.6193,6.535,21.73
2010-01-26,3.0432,6.3653,21.86
2010-01-27,4.4232,6.5635,21.29
2010-01-28,4.8118,6.7164,22.79
2010-01-29,4.5713,6.8366,22.35
2010-01-30,4.8079,6.8806,23.46
2010-01-31,6.2441,6.9797,24.08
2010-02-01,6.2525,7.0762,24.76
2010-02-02,6.2184,6.9773,25.78
2010-02-03,5.2498,6.756,25.82
2010-02-04,5.2987,6.725,26.16
2010-02-05,4.5132,6.7754,23.99
2010-02-06,4.3344,6.9254,23.28
2010-02-07,6.067,7.1587,23.33
2010-02-08,4.8026,7.0241,23.93
2010-02-09,3.029,6.6295,21.38
2010-02-10,4.2852,6.9965,23.06
2010-02-11,4.9145,6.6698,23.44
2010-02-12,6.1795,6.9713,25.13
2010-02-13,5.1362,7.0733,23.25
2010-02-14,2.4701,6.8789,22.9
2010-02-15,5.1742,6.558,23.58
2010-02-16,4.3637,6.1594,24.06
2010-02-17,4.4009,6.4865,23.48
2010-02-18,5.0299,6.6535,24.55
2010-02-19,3.2028,6.1603,25.56
2010-02-20,4.9313,6.6466,26.04
2010-02-21,4.931,7.1803,24.61
2010-02-22,4.6975,6.8705,23.71
2010-02-23,3.803,7.3373,23.77
2010-02-24,4.6438,7.1638,22.74
2010-02-25,3.9401,6.8621,20.4
2010-02-26,3.4954,6.8357,21.22
2010-02-27,5.5524,7.2612,22.6
2010-02-28,5.4046,7.1189,21.19
2010-03-01,5.9582,7.0819,23.7
2010-03-02,4.6174,6.6696,22.3
2010-03-03,5.5879,6.8964,21.19
2010-03-04,5.6278,6.9502,21.56
2010-03-05,4.7412,6.8657,22.5
2010-03-06,5.0162,7.0306,21.82
2010-03-07,4.6642,6.7613,21.41
2010-03-08,3.492,7.1333,21.14
2010-03-09,4.807,7.0483,22.72
2010-03-10,5.7862,7.2902,23.44
2010-03-11,5.4605,7.3039,23.25
2010-03-12,5.2375,7.0294,22.55
2010-03-13,5.6798,7.1707,21.52
2010-03-14,5.4055,7.1844,22.33
2010-03-15,5.6911,7.2398,24.09
2010-03-16,4.6567,6.9274,23.02
2010-03-17,2.3714,6.7202,20.83
2010-03-18,4.6524,7.1261,19.59
2010-03-19,5.7929,7.404,22.51
2010-03-20,5.0758,6.948,23.94
2010-03-21,5.9285,7.4386,23.08
2010-03-22,5.2634,7.548,23.36
2010-03-23,6.4805,7.3865,23.84
2010-03-24,6.7145,7.3764,24.56
2010-03-25,5.0501,6.9403,23.57
2010-03-26,4.9586,6.731,21.11
2010-03-27,5.2927,7.0474,22.01
2010-03-28,4.6867,6.9408,22.68
2010-03-29,3.4982,7.1155,23.46
2010-03-30,2.599,6.4471,21.29
2010-03-31,4.8252,6.8738,22.08
2010-04-01,5.0489,7.1966,22.63
2010-04-02,4.3301,7.1676,21.96
2010-04-03,4.4426,7.2326,22.11
2010-04-04,3.0326,7.1131,22.35
2010-04-05,3.8798,7.0646,21.71
2010-04-06,3.2398,7.4657,20.83
2010-04-07,4.6387,7.5329,20.69
2010-04-08,4.0284,7.4726,21.6
2010-04-09,4.4117,7.3042,20.79
2010-04-10,4.9946,7.2038,20.93
2010-04-11,2.9232,7.3301,21.1
2010-04-12,4.4422,7.2233,20.75
2010-04-13,4.5245,7.4376,20.88
2010-04-14,5.0698,7.4369,21.07
2010-04-15,5.2601,7.5413,20.87
2010-04-16,3.6271,7.5113,20.7
2010-04-17,5.8058,7.6164,21.61
2010-04-18,6.4481,7.6423,21.44
2010-04-19,3.3826,7.4563,20.63
2010-04-20,6.3504,7.5967,22.13
2010-04-21,6.3235,7.5962,21.82
2010-04-22,7.0466,7.6862,23.37
2010-04-23,6.0972,7.6838,24.11
2010-04-24,4.6514,7.4568,23.71
2010-04-25,5.4583,7.4849,21.97
2010-04-26,4.3987,7.4275,20.57
2010-04-27,4.4266,7.3766,20.92
2010-04-28,3.3074,7.3044,20.29
2010-04-29,4.4592,7.4707,20.85
2010-04-30,4.8322,7.4424,20.03
2010-05-01,5.0388,7.4861,21.41
2010-05-02,3.5986,7.4359,20.07
2010-05-03,4.0778,7.3104,19.76
2010-05-04,5.0873,7.506,19.91
2010-05-05,4.0778,7.3997,19.04
2010-05-06,5.0952,7.5218,20.19
2010-05-07,6.1349,7.4741,20.58
2010-05-08,6.0607,7.3651,21.42
2010-05-09,6.301,7.3891,21.93
2010-05-10,5.3141,7.398,22.02
2010-05-11,4.9838,7.2218,21.22
2010-05-12,4.1808,7.2293,20.53
2010-05-13,5.9719,7.3219,21.04
2010-05-14,5.7449,7.2593,22.23
2010-05-15,5.8589,7.3512,22.04
2010-05-16,6.2347,7.4249,21.55
2010-05-17,5.7492,7.3025,22.03
2010-05-18,5.0141,7.212,21.71
2010-05-19,5.1389,7.2876,21.98
2010-05-20,4.8298,7.1851,21.3
2010-05-21,3.6826,7.3421,20.33
2010-05-22,4.3932,7.2552,21.36
2010-05-23,4.2134,7.3786,20.38
2010-05-24,4.6843,7.4458,20.43
2010-05-25,5.2994,7.4784,20.48
2010-05-26,3.9106,7.3716,20.34
2010-05-27,2.4847,7.211,19.72
2010-05-28,4.8276,7.2408,20.52
2010-05-29,4.8348,7.3982,20.42
2010-05-30,5.6875,7.3075,20.31
2010-05-31,4.175,7.157,20.17
2010-06-01,4.5698,7.1033,21.41
2010-06-02,5.1074,7.1359,20.45
2010-06-03,5.315,7.2734,20.85
2010-06-04,5.2051,7.2007,20.16
2010-06-05,7.093,7.2386,21.13
2010-06-06,6.3533,7.3061,21.08
2010-06-07,5.5325,6.8897,21.1
2010-06-08,4.7218,6.8858,20.63
2010-06-09,4.4282,6.989,19.74
2010-06-10,4.3589,7.2895,20.51
2010-06-11,6.1826,7.2242,19.49
2010-06-12,5.1161,7.1635,20.6
2010-06-13,5.1617,7.1609,19.61
2010-06-14,4.8034,7.0764,19.32
2010-06-15,4.398,7.0702,19.91
2010-06-16,4.2146,6.9775,20.06
2010-06-17,5.9964,7.2298,20.84
2010-06-18,5.5169,7.043,20.6
2010-06-19,4.7916,7.1623,20.58
2010-06-20,3.047,7.1525,19.62
2010-06-21,4.3843,7.3121,20.17
2010-06-22,4.7928,7.351,20.23
2010-06-23,5.461,7.303,20.73
2010-06-24,5.465,7.3356,20.14
2010-06-25,5.0194,7.2223,19.67
2010-06-26,5.892,7.2317,20.57
2010-06-27,4.3207,7.1357,19.77
2010-06-28,4.5847,7.1028,19.63
2010-06-29,5.37,7.2125,20.42
2010-06-30,4.0106,7.1143,20.5
2010-07-01,3.9329,7.0474,20.18
2010-07-02,4.1431,6.8971,20.05
2010-07-03,4.4808,6.8753,19.82
2010-07-04,4.817,7.0327,19.61
2010-07-05,4.3082,7.038,19.27
2010-07-06,4.2763,7.2319,19.5
2010-07-07,3.8813,7.2336,19.2
2010-07-08,4.2926,7.0174,19.41
2010-07-09,5.4362,7.2101,19.83
2010-07-10,5.5944,7.175,20.53
2010-07-11,3.7236,7.1201,18.92
2010-07-12,4.4306,7.1287,19.93
2010-07-13,4.1134,7.3202,18.79
2010-07-14,5.268,7.1501,20.14
2010-07-15,3.9547,7.2163,19.76
2010-07-16,3.0494,7.248,19.25
2010-07-17,4.8526,7.1201,19.09
2010-07-18,3.9677,7.0855,19.88
2010-07-19,5.459,7.2679,20.3
2010-07-20,4.7417,7.3358,20.46
2010-07-21,4.6997,7.3418,20.11
2010-07-22,5.8788,7.2931,20.64
2010-07-23,5.6695,7.3234,20.28
2010-07-24,6.2743,7.2761,21.18
2010-07-25,5.5025,7.158,21.19
2010-07-26,4.6826,7.2072,19.94
2010-07-27,4.6246,7.1594,19.59
2010-07-28,4.4551,7.2586,19.8
2010-07-29,4.6956,7.1141,19.89
2010-07-30,4.9517,7.2722,19.71
2010-07-31,3.5441,7.2802,19.49
2010-08-01,3.9458,7.2888,19.12
2010-08-02,5.6441,7.3426,20.0
2010-08-03,4.0978,7.4542,19.27
2010-08-04,5.7691,7.4006,20.19
2010-08-05,6.661,7.4249,20.57
2010-08-06,5.1804,7.296,20.64
2010-08-07,4.512,7.195,20.43
2010-08-08,4.5653,7.1875,20.05
2010-08-09,5.1209,7.1935,20.32
2010-08-10,5.3674,7.3346,20.62
2010-08-11,5.1756,7.2024,21.0
2010-08-12,4.2888,7.0699,20.56
2010-08-13,4.5614,7.1129,20.71
2010-08-14,5.1977,7.2806,20.19
2010-08-15,6.431,7.5384,20.16
2010-08-16,5.7101,7.3094,19.79
2010-08-17,5.063,7.0394,19.99
2010-08-18,4.0474,7.0351,19.75
2010-08-19,4.4971,7.2782,19.25
2010-08-20,4.7083,7.2437,19.52
2010-08-21,5.8066,7.3106,20.4
2010-08-22,5.1946,6.7723,20.18
2010-08-23,5.7026,7.1009,21.0
2010-08-24,4.7234,7.1304,20.32
2010-08-25,5.1034,7.1294,19.5
2010-08-26,3.5923,7.2754,19.41
2010-08-27,3.8942,7.1762,19.73
2010-08-28,5.5051,7.4266,19.3
2010-08-29,4.5247,7.4986,19.83
2010-08-30,6.3432,7.5442,20.47
2010-08-31,4.8677,7.3445,20.53
2010-09-01,3.8858,7.3958,19.33
2010-09-02,3.558,7.1678,19.61
2010-09-03,4.699,7.4834,20.19
2010-09-04,4.9392,7.2929,19.78
2010-09-05,5.3016,7.4047,20.2
2010-09-06,4.4582,7.3795,19.53
2010-09-07,4.2029,7.4018,19.95
2010-09-08,4.1009,7.2703,19.9
2010-09-09,5.3707,7.5082,19.86
2010-09-10,4.2334,7.6046,20.08
2010-09-11,4.6291,7.3627,20.16
2010-09-12,5.1794,7.4309,19.97
2010-09-13,4.6135,7.4105,20.37
2010-09-14,5.7835,7.1064,20.95
2010-09-15,5.2579,7.3574,21.37
2010-09-16,3.6708,7.3644,20.01
2010-09-17,4.6603,7.3361,19.99
2010-09-18,4.2521,7.2778,20.17
2010-09-19,3.6718,7.1568,19.08
2010-09-20,4.104,7.2182,18.42
2010-09-21,4.6394,7.2682,19.9
2010-09-22,4.2199,7.2727,19.87
2010-09-23,4.6421,7.5228,19.79
2010-09-24,3.9595,7.4405,20.08
2010-09-25,4.302,7.3982,19.79
2010-09-26,4.525,7.4093,19.77
2010-09-27,2.9702,7.32,18.54
2010-09-28,4.7779,7.5341,19.63
2010-09-29,5.5889,7.5706,20.53
2010-09-30,4.6505,7.5137,18.95
2010-10-01,5.0131,7.4582,20.12
2010-10-02,3.5455,7.3942,18.32
2010-10-03,4.7765,7.4042,19.86
2010-10-04,4.3637,7.625,19.37
2010-10-05,5.2164,7.5564,19.64
2010-10-06,3.851,7.291,19.74
2010-10-07,5.7862,7.4148,20.04
2010-10-08,5.8056,7.5811,20.11
2010-10-09,6.5815,7.5142,21.19
2010-10-10,6.2316,7.3723,21.26
2010-10-11,6.2926,7.2593,21.13
2010-10-12,6.4442,7.3219,21.15
2010-10-13,5.5944,7.2307,20.97
2010-10-14,4.4988,7.2804,20.91
2010-10-15,3.8796,7.2379,20.73
2010-10-16,3.6295,7.0874,19.5
2010-10-17,3.1577,7.1162,19.42
2010-10-18,3.306,7.0265,19.25
2010-10-19,4.9243,7.127,19.28
2010-10-20,4.2792,7.1878,19.71
2010-10-21,4.95,7.1537,19.41
2010-10-22,4.1503,7.1664,20.24
2010-10-23,4.1484,7.2053,19.82
2010-10-24,4.7352,7.1748,19.29
2010-10-25,4.4542,7.1683,19.53
2010-10-26,4.8269,7.0922,20.09
2010-10-27,4.3603,7.0666,19.2
2010-10-28,5.3126,7.1122,19.38
2010-10-29,4.0234,7.0706,18.69
2010-10-30,3.8064,7.0762,19.39
2010-10-31,4.775,7.079,19.4
2010-11-01,3.6797,6.8813,19.4
2010-11-02,3.7068,6.8614,19.14
2010-11-03,4.079,6.9115,20.11
2010-11-04,4.6102,6.8275,20.01
2010-11-05,4.1786,6.7601,19.6
2010-11-06,3.8419,6.8743,20.08
2010-11-07,4.4474,6.8508,19.64
2010-11-08,3.8707,6.7934,19.33
2010-11-09,4.1645,6.9852,19.18
2010-11-10,3.8628,6.775,19.47
2010-11-11,3.817,6.8395,19.87
2010-11-12,4.1482,6.691,19.84
2010-11-13,3.9864,6.888,19.05
2010-11-14,3.9648,6.8578,19.53
2010-11-15,3.8798,6.9674,19.4
2010-11-16,3.9686,6.7942,19.24
2010-11-17,3.7795,6.9053,18.49
2010-11-18,4.3906,6.8806,17.73
2010-11-19,4.1191,6.7697,18.36
2010-11-20,4.3339,6.7044,18.85
2010-11-21,4.596,6.6905,18.18
2010-11-22,4.1479,6.6372,19.59
2010-11-23,4.116,6.5462,19.53
2010-11-24,3.684,6.708,19.09
2010-11-25,4.1098,6.6535,19.14
2010-11-26,4.5708,6.6089,19.44
2010-11-27,3.9192,6.6398,19.26
2010-11-28,4.2007,6.6914,19.89
2010-11-29,4.2773,6.7745,19.29
2010-11-30,4.1047,6.5995,19.96
2010-12-01,3.8712,6.7061,20.12
2010-12-02,3.7061,6.7164,18.9
2010-12-03,3.5268,6.8489,19.32
2010-12-04,2.55,6.7934,18.63
2010-12-05,5.1737,6.6415,19.55
2010-12-06,4.8619,6.3641,20.29
2010-12-07,3.7925,6.2232,20.33
2010-12-08,4.0178,6.4788,19.4
2010-12-09,4.3378,6.528,19.27
2010-12-10,4.5295,6.5957,18.74
2010-12-11,4.4345,6.5141,20.11
2010-12-12,4.8583,6.4889,20.15
2010-12-13,2.861,6.4666,20.17
2010-12-14,3.7284,6.4349,18.02
2010-12-15,3.5782,6.6098,18.07
2010-12-16,3.6401,6.5885,18.97
2010-12-17,4.0716,6.4548,19.23
2010-12-18,4.4237,6.3473,18.82
2010-12-19,3.3715,6.4637,18.77
2010-12-20,4.1083,6.5693,17.37
2010-12-21,3.84,6.5268,18.12
2010-12-22,5.197,6.3581,19.6
2010-12-23,4.405,6.4082,19.02
2010-12-24,4.152,6.3067,18.73
2010-12-25,4.441,6.4685,20.19
2010-12-26,4.2677,6.5011,19.47
2010-12-27,4.6164,6.553,19.19
2010-12-28,5.6371,6.6307,19.61
2010-12-29,5.2966,6.5662,20.36
2010-12-30,5.3201,6.6871,20.42
2010-12-31,5.7948,6.797,19.68
2011-01-01,5.9602,6.7704,19.8
2011-01-02,5.4322,6.6216,19.58
2011-01-03,4.447,6.5357,18.88
2011-01-04,3.4478,6.5719,19.1
2011-01-05,5.2594,6.6041,19.2
2011-01-06,5.1485,6.5503,19.58
2011-01-07,3.1968,6.4958,18.38
2011-01-08,4.2202,6.5148,19.04
2011-01-09,4.4849,6.6504,19.76
2011-01-10,4.8898,6.6929,20.57
2011-01-11,5.4228,6.6902,20.12
2011-01-12,4.5578,6.7872,20.18
2011-01-13,3.5035,6.6958,20.06
2011-01-14,5.1514,6.6557,20.62
2011-01-15,4.5528,6.6938,20.64
2011-01-16,3.931,6.601,19.81
2011-01-17,4.6721,6.6586,20.7
2011-01-18,4.5118,6.5112,20.44
2011-01-19,5.3854,6.6511,20.68
2011-01-20,5.8066,6.7534,20.31
2011-01-21,5.0503,6.8261,19.91
2011-01-22,5.8339,6.8563,19.66
2011-01-23,5.4005,6.6086,20.06
2011-01-24,5.3227,6.661,19.75
2011-01-25,5.0635,6.792,20.22
2011-01-26,4.2924,6.7735,20.08
2011-01-27,4.8492,6.7006,19.44
2011-01-28,5.0621,6.9382,20.1
2011-01-29,5.2495,6.7968,19.76
2011-01-30,4.7189,6.7678,19.55
2011-01-31,4.6373,6.8969,20.17
2011-02-01,5.4545,6.9917,20.5
2011-02-02,6.3576,7.1062,20.87
2011-02-03,5.9222,6.8772,20.65
2011-02-04,4.7767,6.9247,19.97
2011-02-05,5.1173,7.0111,20.06
2011-02-06,4.5142,6.899,19.67
2011-02-07,1.9858,6.7188,18.61
2011-02-08,3.2854,5.9635,19.03
2011-02-09,5.0191,6.8724,19.69
2011-02-10,5.0942,7.0303,19.36
2011-02-11,4.9666,6.9082,19.37
2011-02-12,4.6649,6.6444,20.38
2011-02-13,4.1527,6.6533,19.99
2011-02-14,3.7579,6.8484,20.01
2011-02-15,4.235,6.8664,20.47
2011-02-16,3.7661,7.0913,19.62
2011-02-17,3.8078,7.1167,18.46
2011-02-18,4.4537,6.9463,19.87
2011-02-19,5.0652,6.9646,19.98
2011-02-20,5.5104,6.9442,19.76
2011-02-21,5.7701,7.1844,20.21
2011-02-22,4.8307,7.1009,20.25
2011-02-23,2.3381,6.6636,19.4
2011-02-24,2.7547,6.7121,18.52
2011-02-25,5.4934,7.1566,19.7
2011-02-26,5.5217,7.2996,20.59
2011-02-27,3.6139,7.0939,20.48
2011-02-28,4.4405,7.1006,20.07
2011-03-01,3.7394,7.3752,19.31
2011-03-02,3.2986,7.2451,18.89
2011-03-03,3.2455,7.2842,18.58
2011-03-04,4.6342,7.1921,18.77
2011-03-05,4.0188,7.0284,19.37
2011-03-06,4.0546,6.845,19.45
2011-03-07,4.5384,6.9761,18.92
2011-03-08,4.1642,6.9641,19.63
2011-03-09,5.0748,7.247,19.66
2011-03-10,4.1388,7.3932,18.91
2011-03-11,3.7152,7.3788,19.39
2011-03-12,4.6728,7.242,19.17
2011-03-13,5.2097,7.4321,19.34
2011-03-14,5.2478,7.5062,19.13
2011-03-15,4.6908,7.2756,19.44
2011-03-16,5.5709,7.2655,19.6
2011-03-17,4.3541,7.1609,20.48
2011-03-18,4.5353,7.0301,20.57
2011-03-19,4.9555,7.3711,20.8
2011-03-20,3.8242,7.3423,19.02
2011-03-21,3.589,7.1638,19.03
2011-03-22,3.7138,7.4592,19.64
2011-03-23,4.063,7.4854,19.39
2011-03-24,4.776,7.5269,20.86
2011-03-25,5.2229,7.5278,19.85
2011-03-26,5.5457,7.4011,20.17
2011-03-27,5.0602,7.5696,21.14
2011-03-28,4.7513,7.4066,21.16
2011-03-29,5.3292,7.5338,20.63
2011-03-30,5.2829,7.4988,21.4
2011-03-31,5.9011,7.523,20.58
2011-04-01,5.3921,7.4964,20.85
2011-04-02,5.3213,7.4064,20.7
2011-04-03,3.7217,7.4122,20.41
2011-04-04,4.8154,7.272,20.92
2011-04-05,3.8758,7.218,20.63
2011-04-06,4.4071,7.1902,20.71
2011-04-07,4.8898,7.4414,21.21
2011-04-08,5.2577,7.4882,20.35
2011-04-09,4.0548,7.4959,20.43
2011-04-10,3.0679,7.6795,19.41
2011-04-11,4.2499,7.6769,19.85
2011-04-12,3.8832,7.5996,19.39
2011-04-13,4.1038,7.2929,18.55
2011-04-14,4.3896,7.4234,19.49
2011-04-15,3.4193,7.2391,19.41
2011-04-16,4.117,7.3642,19.19
2011-04-17,3.9972,7.4616,19.21
2011-04-18,3.9953,7.3836,19.19
2011-04-19,4.0649,7.4638,19.42
2011-04-20,2.9086,7.5067,18.54
2011-04-21,4.1141,7.5046,18.88
2011-04-22,3.9838,7.3464,18.96
2011-04-23,4.0174,7.2434,19.59
2011-04-24,4.5698,7.2943,19.71
2011-04-25,3.721,7.3406,19.42
2011-04-26,4.8869,7.391,20.29
2011-04-27,6.1608,7.5562,20.64
2011-04-28,4.8511,7.3742,20.25
2011-04-29,5.0498,7.313,20.13
2011-04-30,4.4486,7.3795,19.68
2011-05-01,3.977,7.3632,19.82
2011-05-02,5.353,7.3932,20.19
2011-05-03,1.5905,7.3901,21.34
2011-05-04,5.1941,7.3061,21.05
2011-05-05,4.5149,7.3087,21.28
2011-05-06,5.4137,7.1954,21.33
2011-05-07,5.4706,7.0423,20.93
2011-05-08,5.3914,7.4724,21.0
2011-05-09,5.2963,7.2386,21.57
2011-05-10,5.4041,7.2353,20.8
2011-05-11,3.7303,7.3236,21.14
2011-05-12,3.7757,7.2898,20.64
2011-05-13,3.7375,7.3867,19.87
2011-05-14,3.5395,7.4873,19.56
2011-05-15,4.2617,7.2998,19.84
2011-05-16,4.0358,7.2886,19.45
2011-05-17,4.5473,7.3188,19.67
2011-05-18,3.3703,7.2977,20.16
2011-05-19,4.9447,7.1299,19.92
2011-05-20,4.6294,6.9295,19.64
2011-05-21,4.818,7.152,19.74
2011-05-22,4.615,7.3039,19.16
2011-05-23,5.0398,7.3582,19.94
2011-05-24,4.9181,7.3277,19.16
2011-05-25,5.0018,7.2943,20.16
2011-05-26,4.9915,7.1246,20.57
2011-05-27,5.8291,7.2264,21.06
2011-05-28,5.0081,7.235,20.51
2011-05-29,5.4773,7.2557,20.36
2011-05-30,5.8966,7.2545,20.97
2011-05-31,4.2569,7.2082,21.36
2011-06-01,4.0097,7.1491,20.52
2011-06-02,3.5885,7.2077,20.21
2011-06-03,3.4997,7.3085,19.78
2011-06-04,4.2989,7.2607,20.16
2011-06-05,4.7388,7.3188,19.37
2011-06-06,5.2985,7.2581,20.47
2011-06-07,4.0654,7.3949,20.01
2011-06-08,5.1667,7.3174,20.16
2011-06-09,6.0823,7.3246,21.41
2011-06-10,5.9047,7.2907,21.36
2011-06-11,6.1416,7.3632,21.75
2011-06-12,6.157,7.1556,21.53
2011-06-13,6.0226,7.2718,21.18
2011-06-14,5.8447,7.2559,21.12
2011-06-15,5.6285,7.0342,20.73
2011-06-16,4.9078,6.9802,20.08
2011-06-17,4.2758,6.9619,19.9
2011-06-18,5.2464,7.1988,20.72
2011-06-19,4.3042,7.0229,20.03
2011-06-20,4.7357,7.2096,20.13
2011-06-21,6.6055,7.2612,20.23
2011-06-22,5.6021,7.1834,20.92
2011-06-23,4.6826,7.068,20.71
2011-06-24,5.2654,6.9103,19.9
2011-06-25,3.9922,6.9334,19.74
2011-06-26,4.6944,6.8897,19.89
2011-06-27,5.1,7.1782,20.06
2011-06-28,6.4116,7.2698,20.63
2011-06-29,4.111,7.0862,21.06
2011-06-30,4.3973,7.129,19.76
2011-07-01,5.646,7.0968,20.15
2011-07-02,4.3841,7.0519,20.33
2011-07-03,6.2983,7.2626,20.6
2011-07-04,3.9002,7.0805,19.67
2011-07-05,5.616,6.9665,20.78
2011-07-06,4.7153,7.1359,20.5
2011-07-07,6.1829,7.2458,20.27
2011-07-08,7.1189,7.284,21.25
2011-07-09,6.167,7.2233,21.29
2011-07-10,5.7298,7.2158,21.27
2011-07-11,5.9652,7.1381,21.06
2011-07-12,5.0952,7.0447,19.98
2011-07-13,4.962,7.0769,19.45
2011-07-14,4.2866,7.17,19.0
2011-07-15,4.1594,7.1861,18.44
2011-07-16,5.7986,7.3102,19.36
2011-07-17,5.3822,7.0762,20.28
2011-07-18,5.5471,7.1479,19.91
2011-07-19,5.8476,7.2286,20.75
2011-07-20,6.1819,7.3471,20.89
2011-07-21,5.3004,7.0262,21.42
2011-07-22,6.3127,7.2034,21.27
2011-07-23,6.3187,7.1921,20.5
2011-07-24,5.6599,6.9883,20.67
2011-07-25,6.683,7.2022,20.84
2011-07-26,5.3777,7.1537,20.59
2011-07-27,4.7959,7.2324,19.79
2011-07-28,4.2826,7.1686,20.1
2011-07-29,3.7356,7.3457,19.81
2011-07-30,3.6456,7.3279,19.31
2011-07-31,4.9781,7.3582,19.41
2011-08-01,5.8805,7.3757,19.69
2011-08-02,5.2414,7.3354,19.99
2011-08-03,5.0707,7.3258,19.58
2011-08-04,6.1123,7.3063,20.69
2011-08-05,6.7457,7.3944,21.05
2011-08-06,6.6072,7.362,21.45
2011-08-07,6.5887,7.3637,21.29
2011-08-08,6.6478,7.4088,21.31
2011-08-09,6.1051,7.4162,21.6
2011-08-10,6.5983,7.4527,21.4
2011-08-11,5.5205,7.3877,21.24
2011-08-12,4.218,7.2226,19.29
2011-08-13,5.7854,7.3027,20.39
2011-08-14,5.7166,7.3289,20.13
2011-08-15,4.8912,7.0591,20.16
2011-08-16,5.25,7.265,19.73
2011-08-17,5.6698,7.4582,19.72
2011-08-18,6.4694,7.5305,20.38
2011-08-19,5.6102,7.4875,19.3
2011-08-20,4.2929,7.3051,19.49
2011-08-21,5.2351,7.3128,20.21
2011-08-22,4.3596,7.2547,20.18
2011-08-23,4.3114,7.2389,19.62
2011-08-24,4.2413,7.3651,18.91
2011-08-25,5.6357,7.303,19.66
2011-08-26,5.8274,7.2595,20.67
2011-08-27,5.8942,7.5077,20.14
2011-08-28,5.1456,7.579,19.73
2011-08-29,5.7523,7.56,20.02
2011-08-30,6.9492,7.5804,21.1
2011-08-31,6.0418,7.4474,21.88
2011-09-01,6.4435,7.5262,21.1
2011-09-02,6.7078,7.5305,20.82
2011-09-03,4.1542,7.367,19.32
2011-09-04,5.9294,7.4431,20.26
2011-09-05,7.3123,7.6697,20.92
2011-09-06,5.9491,7.6126,20.46
2011-09-07,6.0768,7.481,20.78
2011-09-08,3.7788,7.489,19.34
2011-09-09,4.771,7.5365,19.83
2011-09-10,5.1787,7.6068,19.98
2011-09-11,4.8197,7.4647,19.73
2011-09-12,5.9208,7.5475,19.67
2011-09-13,6.6523,7.6039,20.5
2011-09-14,6.3715,7.4359,20.92
2011-09-15,5.7564,7.4359,20.88
2011-09-16,4.5907,7.3318,19.91
2011-09-17,5.549,7.4155,19.46
2011-09-18,4.5571,7.517,19.89
2011-09-19,5.4756,7.4875,19.16
2011-09-20,5.0342,7.4522,19.24
2011-09-21,5.5517,7.4846,20.62
2011-09-22,6.3876,7.3699,20.23
2011-09-23,5.4475,7.3846,20.99
2011-09-24,5.4818,7.4986,20.61
2011-09-25,5.1358,7.3512,19.1
2011-09-26,5.5368,7.332,20.51
2011-09-27,6.9732,7.5156,21.26
2011-09-28,6.1939,7.5067,21.32
2011-09-29,6.2126,7.5456,20.59
2011-09-30,5.3674,7.2984,20.43
2011-10-01,4.5298,7.187,19.33
2011-10-02,5.0818,7.4465,20.45
2011-10-03,5.0568,7.3697,20.36
2011-10-04,3.8057,7.447,19.9
2011-10-05,4.3438,7.4614,19.72
2011-10-06,4.7806,7.459,19.99
2011-10-07,5.1907,7.4623,20.13
2011-10-08,3.0912,7.4021,19.15
2011-10-09,4.4251,7.285,19.17
2011-10-10,4.1266,7.0296,19.73
2011-10-11,3.6773,7.1554,18.96
2011-10-12,3.6166,7.1419,19.5
2011-10-13,4.9361,7.3037,19.85
2011-10-14,3.8054,7.277,19.91
2011-10-15,3.6024,7.3356,19.98
2011-10-16,3.7152,7.0574,19.54
2011-10-17,3.3734,7.1549,19.74
2011-10-18,3.6797,7.2418,18.45
2011-10-19,3.6893,7.1918,18.91
2011-10-20,4.2802,6.7459,18.72
2011-10-21,5.323,7.236,19.12
2011-10-22,6.2374,7.3176,19.35
2011-10-23,4.6726,7.2948,18.91
2011-10-24,5.1818,7.285,18.88
2011-10-25,4.4568,7.2401,19.34
2011-10-26,4.5209,7.0082,20.32
2011-10-27,5.6225,7.0181,20.27
2011-10-28,3.5426,6.9074,19.08
2011-10-29,3.8237,7.1534,19.07
2011-10-30,3.0703,7.0966,17.71
2011-10-31,5.3861,7.0397,19.68
2011-11-01,5.544,7.1467,20.46
2011-11-02,4.7105,6.8556,20.73
2011-11-03,3.6223,6.966,19.34
2011-11-04,3.8753,6.9338,18.83
2011-11-05,4.7033,6.8664,18.17
2011-11-06,4.3918,6.9149,19.7
2011-11-07,4.3358,6.8743,20.47
2011-11-08,3.4332,6.6996,19.57
2011-11-09,4.0445,6.7502,20.02
2011-11-10,3.4673,6.8405,20.32
2011-11-11,3.9425,6.8561,20.09
2011-11-12,3.5921,6.7709,18.75
2011-11-13,3.4399,6.6446,18.68
2011-11-14,4.5727,6.8016,19.29
2011-11-15,4.585,6.8702,19.64
2011-11-16,3.9055,6.8198,19.2
2011-11-17,3.8693,6.8966,18.9
2011-11-18,3.4517,7.0025,18.95
2011-11-19,4.1549,6.8611,19.19
2011-11-20,3.8556,6.5717,18.69
2011-11-21,4.507,6.6456,18.88
2011-11-22,4.0195,6.6804,19.74
2011-11-23,4.1038,6.4798,19.82
2011-11-24,4.1328,6.509,19.18
2011-11-25,3.9734,6.3883,19.51
2011-11-26,4.4376,6.54,19.93
2011-11-27,4.0812,6.5378,19.73
2011-11-28,3.6653,6.822,19.46
2011-11-29,4.051,6.7858,19.15
2011-11-30,3.0377,6.781,19.75
2011-12-01,4.2065,6.629,19.9
2011-12-02,4.1942,6.5765,19.08
2011-12-03,4.4959,6.497,18.38
2011-12-04,4.3567,6.5383,18.27
2011-12-05,3.5179,6.509,18.15
2011-12-06,3.8825,6.5609,19.04
2011-12-07,3.8162,6.5002,19.55
2011-12-08,3.5657,6.511,19.78
2011-12-09,4.6027,6.5796,20.31
2011-12-10,4.4693,6.6703,20.44
2011-12-11,4.7126,6.6331,20.52
2011-12-12,4.3366,6.606,19.44
2011-12-13,3.8986,6.4579,19.55
2011-12-14,3.9125,6.5676,19.31
2011-12-15,3.4826,6.6893,19.02
2011-12-16,3.7862,6.6485,19.4
2011-12-17,4.1978,6.5198,19.53
2011-12-18,3.8498,6.3919,19.54
2011-12-19,3.5136,6.5602,18.74
2011-12-20,4.8917,6.487,19.88
2011-12-21,5.682,6.5621,20.49
2011-12-22,5.7929,6.595,20.9
2011-12-23,4.3649,6.4958,21.42
2011-12-24,3.87,6.5928,21.27
2011-12-25,4.6034,6.5218,20.12
2011-12-26,2.6914,6.5285,20.48
2011-12-27,3.8921,6.4702,20.6
2011-12-28,4.0735,6.4702,20.54
2011-12-29,3.5832,6.3936,21.0
2011-12-30,3.7958,6.593,19.89
2011-12-31,4.489,6.7298,20.73
2012-01-01,5.8325,6.6888,20.77
2012-01-02,3.3055,6.4622,20.24
2012-01-03,2.3827,6.1798,19.63
2012-01-04,4.0529,6.2794,19.56
2012-01-05,3.523,6.1915,18.82
2012-01-06,4.2398,6.4315,19.55
2012-01-07,4.6882,6.5417,19.98
2012-01-08,5.1355,6.5292,20.04
2012-01-09,5.4377,6.6389,20.06
2012-01-10,4.8533,6.6235,20.41
2012-01-11,4.6375,6.6672,20.18
2012-01-12,4.7458,6.5563,20.66
2012-01-13,4.7842,6.6502,20.37
2012-01-14,5.1005,6.4898,20.77
2012-01-15,4.0358,6.6881,20.42
2012-01-16,5.1619,6.7111,19.97
2012-01-17,3.9348,6.5472,19.39
2012-01-18,2.9662,6.587,19.35
2012-01-19,3.6326,6.3161,18.95
2012-01-20,5.1197,6.6336,19.33
2012-01-21,3.9646,6.6984,18.84
2012-01-22,3.3955,6.7056,18.71
2012-01-23,4.5552,6.6523,19.54
2012-01-24,3.5364,6.5256,18.99
2012-01-25,5.7204,6.768,19.57
2012-01-26,4.831,6.7114,19.82
2012-01-27,3.6912,6.7776,20.06
2012-01-28,4.3202,6.6007,20.35
2012-01-29,4.6699,6.7243,20.27
2012-01-30,3.8587,6.7416,19.84
2012-01-31,4.2067,6.9142,20.04
2012-02-01,4.9858,6.8635,20.46
2012-02-02,5.1192,6.8813,20.17
2012-02-03,4.4623,6.9948,20.7
2012-02-04,5.7067,7.0807,20.88
2012-02-05,4.5926,6.7546,21.15
2012-02-06,3.4778,6.917,19.26
2012-02-07,6.0701,7.0498,20.95
2012-02-08,2.2255,6.9943,19.1
2012-02-09,5.0244,7.1549,19.74
2012-02-10,4.2199,7.1102,19.9
2012-02-11,5.0611,7.0901,19.9
2012-02-12,5.2474,6.991,20.02
2012-02-13,5.6801,6.9768,19.67
2012-02-14,6.2635,7.237,19.68
2012-02-15,6.3271,7.1328,19.88
2012-02-16,5.9544,7.1683,19.93
2012-02-17,5.7127,7.1544,19.58
2012-02-18,4.9589,6.9238,19.16
2012-02-19,6.2748,7.1359,19.62
2012-02-20,6.5402,7.2386,19.94
2012-02-21,6.4699,7.2938,20.12
2012-02-22,6.3036,7.1926,20.1
2012-02-23,6.0214,7.26,20.21
2012-02-24,5.705,7.1431,20.35
2012-02-25,4.6882,6.8494,19.56
2012-02-26,4.8348,7.0171,20.45
2012-02-27,5.7497,7.2881,19.81
2012-02-28,4.3198,7.1018,19.78
2012-02-29,3.8782,7.1182,19.29
2012-03-01,5.1204,6.973,20.24
2012-03-02,5.689,7.1734,21.31
2012-03-03,5.0441,7.1206,21.71
2012-03-04,5.4154,7.3109,20.98
2012-03-05,4.1933,7.3474,20.76
2012-03-06,3.906,7.3872,21.02
2012-03-07,4.56,7.1986,21.34
2012-03-08,4.9246,7.0733,20.99
2012-03-09,4.7786,7.1326,19.16
2012-03-10,2.2308,7.1969,19.51
2012-03-11,4.6687,7.3985,20.91
2012-03-12,5.273,7.297,20.89
2012-03-13,6.6214,7.5545,21.07
2012-03-14,3.3617,7.3159,20.61
2012-03-15,5.8246,7.4282,21.59
2012-03-16,3.486,7.3834,20.53
2012-03-17,3.3881,7.41,20.68
2012-03-18,4.5598,7.2427,21.22
2012-03-19,3.4397,7.2233,19.13
2012-03-20,2.8598,7.2701,20.5
2012-03-21,4.1534,7.475,19.06
2012-03-22,4.4158,7.5288,18.16
2012-03-23,5.1605,7.6464,20.4
2012-03-24,4.0034,7.4858,20.07
2012-03-25,4.476,7.2907,20.16
2012-03-26,2.6167,7.4626,19.15
2012-03-27,5.6582,7.5482,20.8
2012-03-28,5.0993,7.4556,19.29
2012-03-29,5.6666,7.6531,21.09
2012-03-30,3.8688,7.656,20.94
2012-03-31,6.5736,7.6661,22.02
2012-04-01,4.5624,7.5708,21.49
2012-04-02,5.8841,7.4947,20.95
2012-04-03,5.3354,7.4052,20.77
2012-04-04,4.3073,7.4354,20.24
2012-04-05,2.039,7.3272,20.38
2012-04-06,4.3003,7.4004,19.13
2012-04-07,3.996,7.4376,18.75
2012-04-08,4.0836,7.5154,19.55
2012-04-09,4.2478,7.3855,19.6
2012-04-10,4.6956,7.1849,19.62
2012-04-11,3.8647,7.3217,19.89
2012-04-12,2.7907,7.3224,19.22
2012-04-13,4.7009,7.4794,20.3
2012-04-14,4.2701,7.549,19.29
2012-04-15,4.9356,7.4191,19.01
2012-04-16,4.0824,7.4669,20.08
2012-04-17,3.8153,7.5019,20.12
2012-04-18,3.6742,7.3435,20.03
2012-04-19,4.0426,7.2852,20.59
2012-04-20,4.2766,7.271,19.88
2012-04-21,4.9039,7.309,20.03
2012-04-22,4.1626,7.3879,19.74
2012-04-23,4.7926,7.405,20.59
2012-04-24,4.7378,7.5602,19.74
2012-04-25,6.557,7.4251,21.3
2012-04-26,5.7254,7.4532,20.39
2012-04-27,5.7202,7.463,21.18
2012-04-28,3.654,7.3325,20.39
2012-04-29,5.1389,7.4033,20.29
2012-04-30,4.6356,7.4242,20.13
2012-05-01,4.4167,7.4666,20.07
2012-05-02,4.9754,7.5156,20.1
2012-05-03,6.2225,7.2149,20.84
2012-05-04,3.5743,7.2259,20.9
2012-05-05,4.0159,7.3795,20.3
2012-05-06,5.1557,7.621,19.68
2012-05-07,2.9662,7.5626,19.52
2012-05-08,5.9002,7.5478,20.39
2012-05-09,4.1165,7.3819,19.8
2012-05-10,5.2716,7.518,20.34
2012-05-11,3.774,7.3915,20.15
2012-05-12,5.1036,7.3361,20.75
2012-05-13,5.4497,7.2682,20.3
2012-05-14,4.2074,7.2396,19.79
2012-05-15,6.7685,7.4189,20.78
2012-05-16,5.9714,7.3874,21.25
2012-05-17,6.0043,7.3687,20.53
2012-05-18,4.8151,7.3759,20.91
2012-05-19,4.0198,7.3176,19.72
2012-05-20,3.3293,7.3157,20.33
2012-05-21,5.6011,7.3046,19.52
2012-05-22,5.3206,7.3985,20.24
2012-05-23,4.7676,7.3466,20.11
2012-05-24,5.6518,7.325,20.99
2012-05-25,4.859,7.2206,20.12
2012-05-26,6.3706,7.3207,20.22
2012-05-27,6.9972,7.3721,20.97
2012-05-28,5.8934,7.3774,21.66
2012-05-29,6.329,7.2564,21.9
2012-05-30,4.985,7.2041,21.14
2012-05-31,5.9983,7.0639,20.91
2012-06-01,4.7714,6.9874,20.65
2012-06-02,5.8034,7.2245,21.03
2012-06-03,5.5325,7.0507,20.88
2012-06-04,4.7076,7.1866,21.49
2012-06-05,6.6732,7.3872,21.12
2012-06-06,6.3511,7.3392,21.99
2012-06-07,6.8858,7.3022,21.75
2012-06-08,5.6986,7.123,21.64
2012-06-09,6.0022,7.1074,20.82
2012-06-10,5.8022,7.1371,21.58
2012-06-11,5.2042,7.133,21.37
2012-06-12,3.7505,7.0826,20.7
2012-06-13,3.9967,6.7891,20.23
2012-06-14,4.6874,7.1851,20.58
2012-06-15,5.904,7.2166,20.14
2012-06-16,4.0058,7.2684,20.41
2012-06-17,5.1206,7.205,19.68
2012-06-18,6.1558,7.2509,20.68
2012-06-19,6.5071,7.3433,21.23
2012-06-20,5.7598,7.3562,21.11
2012-06-21,4.4299,7.1539,20.05
2012-06-22,7.0164,7.375,20.41
2012-06-23,5.8723,7.1623,20.63
2012-06-24,5.3695,7.1278,20.14
2012-06-25,5.0722,7.0282,20.04
2012-06-26,5.1518,7.0339,19.82
2012-06-27,6.0706,7.0702,19.78
2012-06-28,6.3168,7.1482,20.58
2012-06-29,5.0683,7.1652,20.3
2012-06-30,5.2392,7.086,19.88
2012-07-01,6.6744,7.206,19.47
2012-07-02,6.4272,7.2624,20.48
2012-07-03,4.511,6.9821,20.11
2012-07-04,5.615,6.96,20.46
2012-07-05,5.4115,7.0826,19.79
2012-07-06,5.6381,7.0649,19.77
2012-07-07,5.4665,7.0882,20.88
2012-07-08,6.3031,7.2499,21.25
2012-07-09,5.7192,7.1522,21.11
2012-07-10,5.2003,7.1544,21.35
2012-07-11,5.1751,7.1899,20.1
2012-07-12,4.8449,7.061,20.37
2012-07-13,3.1524,7.2142,18.91
2012-07-14,6.3732,7.3298,19.99
2012-07-15,6.0552,7.2886,20.68
2012-07-16,6.481,7.1885,20.35
2012-07-17,5.9105,7.2547,20.35
2012-07-18,6.203,7.0954,20.38
2012-07-19,6.3742,7.1849,20.89
2012-07-20,5.407,7.2185,19.79
2012-07-21,5.5639,6.8719,20.39
2012-07-22,5.8039,7.0906,21.08
2012-07-23,5.9047,7.199,21.13
2012-07-24,6.0259,7.314,20.51
2012-07-25,6.546,7.3764,21.29
2012-07-26,5.8418,7.2206,21.69
2012-07-27,5.3405,7.0994,21.39
2012-07-28,4.9906,7.0387,21.1
2012-07-29,5.2529,6.9005,20.73
2012-07-30,4.1086,7.1318,19.85
2012-07-31,4.92,6.9466,19.94
2012-08-01,5.6534,7.2485,20.1
2012-08-02,5.8692,7.4141,20.23
2012-08-03,4.5967,7.3387,19.86
2012-08-04,5.3746,7.3421,19.98
2012-08-05,5.2514,7.3073,19.71
2012-08-06,5.6484,7.3138,19.83
2012-08-07,4.6037,7.129,20.8
2012-08-08,5.0834,7.2504,21.23
2012-08-09,4.9128,7.0262,21.01
2012-08-10,6.0718,7.3992,21.34
2012-08-11,5.5195,7.267,20.88
2012-08-12,4.9034,7.1654,19.76
2012-08-13,4.885,7.1652,20.84
2012-08-14,5.7619,7.3195,20.25
2012-08-15,6.0079,7.4052,20.47
2012-08-16,5.3796,7.2643,21.07
2012-08-17,4.9865,7.3474,20.5
2012-08-18,5.9366,7.1779,19.87
2012-08-19,6.1805,7.4338,20.21
2012-08-20,5.7156,7.4803,20.15
2012-08-21,5.207,7.2708,20.27
2012-08-22,5.2512,7.4628,20.07
2012-08-23,5.6146,7.4822,20.15
2012-08-24,3.857,7.4429,19.27
2012-08-25,4.7928,7.387,20.27
2012-08-26,6.161,7.361,20.08
2012-08-27,6.3302,7.3322,20.78
2012-08-28,6.6605,7.379,21.07
2012-08-29,5.7422,7.403,20.83
2012-08-30,6.4094,7.4986,21.24
2012-08-31,5.5565,7.339,20.65
2012-09-01,6.7049,7.4369,21.08
2012-09-02,6.3886,7.5055,21.31
2012-09-03,5.8279,7.4657,20.95
2012-09-04,5.7221,7.5353,21.09
2012-09-05,4.9898,7.519,20.84
2012-09-06,6.7901,7.5218,21.19
2012-09-07,6.3276,7.6008,21.57
2012-09-08,6.3005,7.5302,21.39
2012-09-09,7.1467,7.6114,21.39
2012-09-10,6.7762,7.6788,21.57
2012-09-11,5.8668,7.5101,21.59
2012-09-12,5.1619,7.231,20.91
2012-09-13,5.31,7.0548,21.3
2012-09-14,7.0625,7.3034,21.92
2012-09-15,6.3696,7.3262,21.96
2012-09-16,5.6436,7.4038,21.49
2012-09-17,4.9428,7.4659,20.36
2012-09-18,5.6962,7.4568,20.03
2012-09-19,5.5699,7.4642,19.8
2012-09-20,4.9063,7.5478,21.35
2012-09-21,5.905,7.4419,20.34
2012-09-22,6.0331,7.4342,20.42
2012-09-23,4.9409,7.4683,20.49
2012-09-24,3.2573,7.345,19.15
2012-09-25,3.7735,7.3798,20.29
2012-09-26,5.7643,7.4371,20.91
2012-09-27,4.9195,7.3572,20.95
2012-09-28,5.0035,7.3246,20.05
2012-09-29,5.6285,7.2144,21.35
2012-09-30,5.6098,7.3174,21.05
2012-10-01,4.6874,7.195,21.03
2012-10-02,4.4887,7.0822,21.09
2012-10-03,6.3991,7.4894,21.38
2012-10-04,4.872,7.2821,20.95
2012-10-05,4.1285,7.3937,19.17
2012-10-06,3.7224,7.1741,19.27
2012-10-07,4.039,7.3709,20.04
2012-10-08,4.5852,7.1741,20.93
2012-10-09,5.676,7.387,20.9
2012-10-10,4.8504,7.4021,19.6
2012-10-11,5.4175,7.393,20.11
2012-10-12,5.076,7.1398,19.12
2012-10-13,4.92,7.193,18.81
2012-10-14,4.1484,7.3222,19.27
2012-10-15,4.6776,7.3843,19.95
2012-10-16,3.6298,7.4779,19.6
2012-10-17,4.5542,7.4081,19.74
2012-10-18,2.9839,7.2504,19.2
2012-10-19,4.164,7.1186,19.26
2012-10-20,5.0086,7.3054,19.82
2012-10-21,5.6962,7.2422,19.41
2012-10-22,5.0626,7.369,19.92
2012-10-23,5.19,7.3039,20.51
2012-10-24,4.0615,6.9811,19.91
2012-10-25,5.928,7.201,19.95
2012-10-26,4.1818,7.0949,19.91
2012-10-27,5.4598,7.165,20.15
2012-10-28,6.061,7.1335,21.03
2012-10-29,5.3405,7.0498,20.73
2012-10-30,3.8602,6.7903,19.86
2012-10-31,4.7345,6.9391,19.29
2012-11-01,5.7602,7.0291,19.82
2012-11-02,4.4014,7.0406,19.76
2012-11-03,5.6107,6.9845,19.51
2012-11-04,5.2018,6.8904,20.21
2012-11-05,4.3034,6.8995,20.5
2012-11-06,5.4749,6.9682,20.12
2012-11-07,4.537,7.0222,20.58
2012-11-08,5.484,7.0289,20.28
2012-11-09,4.805,6.9178,20.61
2012-11-10,4.7916,6.8969,20.69
2012-11-11,3.7142,6.8232,19.38
2012-11-12,3.4214,6.8474,20.04
2012-11-13,4.3824,6.7982,20.18
2012-11-14,4.3879,6.7591,19.72
2012-11-15,3.9233,6.8321,19.01
2012-11-16,4.549,6.774,19.81
2012-11-17,4.2619,6.8993,18.65
2012-11-18,3.15,6.8522,19.11
2012-11-19,4.8334,6.7807,19.88
2012-11-20,4.6913,6.7942,20.51
2012-11-21,3.3204,6.8023,20.03
2012-11-22,3.3542,6.6511,19.53
2012-11-23,4.5672,6.4898,19.38
2012-11-24,5.279,6.6617,20.44
2012-11-25,5.2106,6.7126,20.57
2012-11-26,4.8706,6.6631,20.78
2012-11-27,5.0191,6.7135,20.11
2012-11-28,4.5254,6.618,20.45
2012-11-29,3.755,6.6202,19.52
2012-11-30,3.7402,6.593,19.52
2012-12-01,3.8326,6.6338,19.67
2012-12-02,3.9706,6.5717,19.66
2012-12-03,4.6284,6.629,19.91
2012-12-04,4.9294,6.5162,19.39
2012-12-05,4.5809,6.5434,19.38
2012-12-06,5.0726,6.5496,19.81
2012-12-07,5.3918,6.5285,19.86
2012-12-08,4.7942,6.5616,20.69
2012-12-09,4.9154,6.5906,21.48
2012-12-10,5.7624,6.6187,21.24
2012-12-11,4.3781,6.5762,20.0
2012-12-12,4.1645,6.4987,19.85
2012-12-13,4.6922,6.4178,19.68
2012-12-14,3.9806,6.4121,19.05
2012-12-15,4.1635,6.3799,19.06
2012-12-16,4.5703,6.5074,19.05
2012-12-17,4.0817,6.5254,18.44
2012-12-18,3.3991,6.3065,18.54
2012-12-19,4.3193,6.3835,19.59
2012-12-20,4.5518,6.4087,19.58
2012-12-21,4.3063,6.4973,20.07
2012-12-22,4.8091,6.3634,20.0
2012-12-23,3.8978,6.2724,20.13
2012-12-24,3.3065,6.3228,20.11
2012-12-25,4.3248,6.4154,19.9
2012-12-26,4.3752,6.528,19.83
2012-12-27,5.0546,6.4999,20.33
2012-12-28,5.5022,6.6307,21.18
2012-12-29,5.0306,6.6398,20.55
2012-12-30,4.3793,6.6221,20.14
2012-12-31,5.6429,6.6941,20.51
2013-01-01,5.7444,6.6641,20.81
2013-01-02,6.139,6.7289,20.43
2013-01-03,5.1919,6.7222,20.52
2013-01-04,5.3158,6.7558,21.19
2013-01-05,6.2011,6.822,20.82
2013-01-06,6.2544,6.8309,20.21
2013-01-07,6.2009,6.7598,20.03
2013-01-08,6.6331,6.835,20.86
2013-01-09,5.9885,6.7793,21.6
2013-01-10,5.8807,6.7318,21.15
2013-01-11,6.0161,6.743,20.69
2013-01-12,5.8618,6.5964,19.13
2013-01-13,3.3161,6.2688,18.35
2013-01-14,4.1849,6.3204,19.2
2013-01-15,3.1615,6.4786,20.06
2013-01-16,3.143,6.215,19.81
2013-01-17,3.8227,6.1978,20.39
2013-01-18,3.7997,6.1318,20.09
2013-01-19,4.6586,6.2974,20.3
2013-01-20,3.6912,6.4759,20.92
2013-01-21,3.8249,6.4579,21.22
2013-01-22,3.6115,6.396,21.28
2013-01-23,3.4294,6.1447,20.51
2013-01-24,3.7171,6.1277,20.18
2013-01-25,2.8915,6.2261,20.31
2013-01-26,3.9982,6.7066,20.66
2013-01-27,5.4684,6.7766,21.54
2013-01-28,5.4283,6.6432,22.08
2013-01-29,4.8907,6.6634,22.41
2013-01-30,4.8446,6.7805,21.77
2013-01-31,4.5089,6.6778,20.78
2013-02-01,2.801,6.3821,19.6
2013-02-02,1.7266,6.474,19.3
2013-02-03,3.7903,6.6662,20.51
2013-02-04,3.9312,6.637,20.34
2013-02-05,3.4673,6.2993,19.44
2013-02-06,3.5635,6.5993,19.89
2013-02-07,4.5792,6.7786,20.25
2013-02-08,3.9149,6.7358,20.2
2013-02-09,4.6289,6.6979,19.51
2013-02-10,3.45,6.7716,19.48
2013-02-11,4.1858,6.9178,19.24
2013-02-12,3.9974,6.8638,19.59
2013-02-13,5.3998,7.0051,19.77
2013-02-14,3.4961,6.9624,19.2
2013-02-15,5.2608,7.1722,19.82
2013-02-16,4.6044,6.8314,20.65
2013-02-17,2.1326,6.3619,19.55
2013-02-18,5.3678,6.9598,19.41
2013-02-19,5.7178,7.1282,21.44
2013-02-20,5.3045,6.9984,21.2
2013-02-21,4.0085,7.0087,21.18
2013-02-22,4.7474,6.5978,21.46
2013-02-23,5.2754,6.9396,21.57
2013-02-24,4.2679,6.8177,21.34
2013-02-25,5.1125,6.8969,21.37
2013-02-26,4.7954,7.0759,21.84
2013-02-27,5.2248,6.995,21.54
2013-02-28,4.5209,7.081,21.13
2013-03-01,4.2125,7.1218,20.43
2013-03-02,5.8459,7.463,21.45
2013-03-03,4.1045,7.2482,21.36
2013-03-04,4.0375,6.7392,20.5
2013-03-05,5.6813,7.104,21.5
2013-03-06,4.6229,6.9557,21.31
2013-03-07,4.619,7.0478,21.14
2013-03-08,5.1187,7.0123,21.75
2013-03-09,5.233,7.1059,22.83
2013-03-10,4.3433,6.7219,21.77
2013-03-11,4.8504,7.1659,22.0
2013-03-12,5.1322,7.1006,21.27
2013-03-13,3.8066,7.145,21.74
2013-03-14,3.6396,7.0978,19.7
2013-03-15,3.7385,7.0762,20.05
2013-03-16,5.7838,7.1779,20.87
2013-03-17,3.9132,7.0862,20.69
2013-03-18,4.3368,7.2948,21.0
2013-03-19,4.2936,7.3764,20.18
2013-03-20,4.6822,7.2698,20.18
2013-03-21,2.4845,6.9182,19.83
2013-03-22,4.4885,7.0968,19.99
2013-03-23,4.3123,7.4755,19.99
2013-03-24,5.7482,7.4177,21.22
2013-03-25,4.9462,7.3394,20.27
2013-03-26,6.0348,7.4702,21.34
2013-03-27,5.1497,7.451,21.31
2013-03-28,5.1077,7.3006,21.2
2013-03-29,4.2787,7.1273,19.81
2013-03-30,4.8362,7.2288,21.41
2013-03-31,6.3115,7.2962,22.15
2013-04-01,5.3186,7.4878,21.3
2013-04-02,4.5806,7.415,20.81
2013-04-03,5.0405,7.253,21.13
2013-04-04,5.7646,7.265,21.84
2013-04-05,4.8677,7.169,20.55
2013-04-06,4.7808,7.1611,20.88
2013-04-07,5.6935,7.2732,20.61
2013-04-08,4.8962,7.0622,21.23
2013-04-09,5.9717,7.2158,21.34
2013-04-10,4.3296,7.1957,20.76
2013-04-11,4.9992,7.0745,20.12
2013-04-12,4.6169,7.1856,21.64
2013-04-13,5.2522,7.0277,22.19
2013-04-14,3.7747,6.967,22.22
2013-04-15,4.5773,7.3498,22.01
2013-04-16,6.3084,7.4592,21.46
2013-04-17,4.2434,7.5173,20.41
2013-04-18,4.1398,7.477,20.2
2013-04-19,2.9006,7.631,20.87
2013-04-20,4.6752,7.4462,20.75
2013-04-21,3.7183,7.3001,20.45
2013-04-22,4.8826,7.5331,20.23
2013-04-23,5.1588,7.3135,19.94
2013-04-24,5.255,7.4753,20.7
2013-04-25,5.3904,7.2833,20.32
2013-04-26,4.5098,7.1635,19.49
2013-04-27,4.7482,7.2802,19.59
2013-04-28,4.7359,7.2622,19.72
2013-04-29,3.1452,7.3128,20.29
2013-04-30,6.0012,7.4227,20.45
2013-05-01,3.7092,7.3373,19.65
2013-05-02,3.863,7.4182,20.38
2013-05-03,4.6783,7.4592,20.26
2013-05-04,5.2056,7.3447,20.53
2013-05-05,3.5587,7.2317,19.61
2013-05-06,4.7753,7.0541,20.29
2013-05-07,3.0634,7.3145,18.81
2013-05-08,5.5049,7.4558,20.66
2013-05-09,4.5636,7.2936,21.28
2013-05-10,5.1305,7.2775,21.22
2013-05-11,5.1888,7.381,21.02
2013-05-12,5.6635,7.499,20.18
2013-05-13,3.9358,7.3003,20.94
2013-05-14,5.0911,7.2384,21.47
2013-05-15,3.469,7.2569,20.94
2013-05-16,4.6774,7.2727,20.19
2013-05-17,3.5314,7.3008,19.59
2013-05-18,5.4653,7.3166,20.69
2013-05-19,5.4127,7.2686,20.99
2013-05-20,4.759,7.3714,20.33
2013-05-21,4.1851,7.3217,20.07
2013-05-22,4.6361,7.4268,19.41
2013-05-23,4.3764,7.321,19.24
2013-05-24,4.9716,7.2905,20.24
2013-05-25,5.7742,7.3589,21.33
2013-05-26,4.8384,7.2538,20.47
2013-05-27,4.548,7.333,20.99
2013-05-28,4.5607,7.1575,20.51
2013-05-29,4.7239,7.2725,20.08
2013-05-30,4.7249,7.2828,19.17
2013-05-31,4.2986,7.2552,20.02
2013-06-01,5.2963,7.1916,19.77
2013-06-02,6.2662,7.385,20.22
2013-06-03,5.6657,7.1518,20.9
2013-06-04,6.3115,7.2734,20.71
2013-06-05,5.3177,7.2504,20.46
2013-06-06,4.7942,6.9314,19.03
2013-06-07,6.1651,7.0493,20.09
2013-06-08,5.9071,7.0147,20.88
2013-06-09,6.5789,7.1978,20.95
2013-06-10,5.3518,7.1834,21.17
2013-06-11,4.932,7.1381,20.74
2013-06-12,5.843,7.1779,20.87
2013-06-13,6.4111,7.2595,20.63
2013-06-14,4.327,7.2197,20.53
2013-06-15,4.9896,7.032,21.01
2013-06-16,6.8126,7.2751,21.48
2013-06-17,5.6174,7.2706,20.85
2013-06-18,6.0763,7.2811,21.57
2013-06-19,4.5953,7.1664,21.15
2013-06-20,5.7778,7.1779,21.15
2013-06-21,6.0163,7.0687,20.65
2013-06-22,4.9838,7.0524,21.79
2013-06-23,6.0156,7.1885,21.37
2013-06-24,5.1523,7.0663,20.58
2013-06-25,5.5087,7.0846,20.17
2013-06-26,6.1135,7.1882,20.71
2013-06-27,4.5264,7.1923,20.74
2013-06-28,3.5424,7.0766,19.93
2013-06-29,5.052,7.17,19.64
2013-06-30,4.7294,6.9833,18.83
2013-07-01,4.081,6.9252,19.51
2013-07-02,6.3569,7.1515,20.77
2013-07-03,4.7431,7.2994,20.24
2013-07-04,5.2094,7.2648,20.61
2013-07-05,4.3946,7.1098,19.92
2013-07-06,6.6785,7.3094,20.7
2013-07-07,6.3118,7.2398,20.9
2013-07-08,6.9394,7.3534,21.14
2013-07-09,5.5927,7.1861,20.23
2013-07-10,5.2668,6.9312,20.43
2013-07-11,5.6186,7.0613,20.2
2013-07-12,5.8966,7.1873,20.46
2013-07-13,6.2203,7.3241,20.79
2013-07-14,5.9376,7.1832,20.83
2013-07-15,3.8609,7.0118,20.55
2013-07-16,6.7255,7.2516,21.26
2013-07-17,5.8968,7.195,21.15
2013-07-18,5.3714,7.3414,20.86
2013-07-19,4.1266,7.3063,20.37
2013-07-20,4.499,7.0774,20.44
2013-07-21,6.3019,7.3094,20.57
2013-07-22,5.4883,7.4244,20.57
2013-07-23,5.7185,7.2288,21.03
2013-07-24,6.755,7.3183,21.44
2013-07-25,6.6466,7.2972,21.23
2013-07-26,5.1024,7.0462,20.5
2013-07-27,6.5182,7.2362,20.61
2013-07-28,6.4226,7.4093,20.83
2013-07-29,6.5506,7.2485,21.12
2013-07-30,5.3158,7.0994,21.05
2013-07-31,6.3492,7.4141,21.09
2013-08-01,5.4898,7.2754,20.32
2013-08-02,5.3642,7.2504,20.02
2013-08-03,5.7758,7.2019,20.93
2013-08-04,6.2741,7.1846,21.32
2013-08-05,6.6101,7.4458,21.66
2013-08-06,5.0683,7.2156,21.96
2013-08-07,4.201,7.0306,21.07
2013-08-08,3.5189,6.8748,20.09
2013-08-09,5.3558,7.2838,19.65
2013-08-10,5.8522,7.3301,19.96
2013-08-11,4.0618,7.4681,18.52
2013-08-12,4.9723,7.3946,18.9
2013-08-13,3.7889,7.3922,20.1
2013-08-14,6.9691,7.5444,21.1
2013-08-15,5.6218,7.4179,21.09
2013-08-16,5.9158,7.4378,21.17
2013-08-17,5.1665,7.4786,21.09
2013-08-18,4.9301,7.3274,19.89
2013-08-19,4.9675,7.3718,20.34
2013-08-20,5.3976,7.398,20.73
2013-08-21,5.0414,7.3685,20.52
2013-08-22,6.0629,7.518,20.34
2013-08-23,5.5954,7.4484,20.84
2013-08-24,4.3291,7.1842,20.03
2013-08-25,5.9508,7.4045,20.21
2013-08-26,5.677,7.415,20.18
2013-08-27,5.7307,7.3846,20.47
2013-08-28,6.5928,7.4906,20.88
2013-08-29,5.845,7.3764,20.56
2013-08-30,5.7989,7.302,20.1
2013-08-31,6.0163,7.23,20.67
2013-09-01,4.951,7.1369,20.21
2013-09-02,5.9522,7.5977,19.74
2013-09-03,5.6455,7.5701,20.17
2013-09-04,3.8273,7.409,19.77
2013-09-05,5.6412,7.399,20.33
2013-09-06,3.535,6.9713,20.09
2013-09-07,3.6974,7.2502,20.37
2013-09-08,5.1377,7.4434,20.18
2013-09-09,4.8046,7.4297,19.51
2013-09-10,5.2721,7.4381,19.99
2013-09-11,3.7553,7.5209,19.89
2013-09-12,5.1108,7.5386,19.45
2013-09-13,4.7938,7.4542,19.43
2013-09-14,4.4532,7.4165,21.04
2013-09-15,5.939,7.2811,21.29
2013-09-16,5.9837,7.3889,21.73
2013-09-17,4.8924,7.356,21.36
2013-09-18,5.4545,7.4854,20.93
2013-09-19,4.5458,7.248,20.94
2013-09-20,7.2794,7.6534,21.7
2013-09-21,6.8633,7.5379,21.44
2013-09-22,5.3225,7.585,21.66
2013-09-23,6.4634,7.5259,22.15
2013-09-24,5.7686,7.5672,21.94
2013-09-25,5.7398,7.373,22.28
2013-09-26,3.9869,7.182,20.56
2013-09-27,4.8614,7.2072,21.01
2013-09-28,3.9358,7.357,20.12
2013-09-29,4.8106,7.3644,19.22
2013-09-30,5.6261,7.4256,20.09
2013-10-01,4.1093,7.391,19.77
2013-10-02,6.1404,7.4323,21.14
2013-10-03,4.8703,7.3896,20.17
2013-10-04,4.3142,7.3349,19.82
2013-10-05,6.6698,7.4287,20.71
2013-10-06,6.521,7.3999,21.74
2013-10-07,5.3282,7.3385,21.03
2013-10-08,5.4756,7.111,20.99
2013-10-09,5.9916,7.2701,21.14
2013-10-10,5.4286,7.3596,20.26
2013-10-11,5.0947,7.2473,19.52
2013-10-12,4.6565,7.3102,20.22
2013-10-13,4.7539,7.3733,19.22
2013-10-14,2.4658,7.2298,20.14
2013-10-15,4.4539,7.2768,20.02
2013-10-16,3.1039,7.1726,18.4
2013-10-17,5.0129,7.0987,19.48
2013-10-18,6.0384,7.3639,20.56
2013-10-19,6.4514,7.2972,21.02
2013-10-20,5.256,7.2782,20.68
2013-10-21,4.5912,7.1705,20.3
2013-10-22,4.38,7.1309,19.6
2013-10-23,4.974,7.121,19.69
2013-10-24,5.2318,7.1263,20.71
2013-10-25,6.2165,7.2132,21.43
2013-10-26,4.6248,7.0435,20.64
2013-10-27,4.164,6.9115,18.76
2013-10-28,5.9474,7.1002,20.59
2013-10-29,4.391,7.103,19.96
2013-10-30,4.3817,7.0176,19.89
2013-10-31,4.5166,7.2086,19.23
2013-11-01,4.8427,7.2175,19.25
2013-11-02,5.0594,7.1383,19.74
2013-11-03,4.2343,7.0433,19.64
2013-11-04,4.0404,6.7548,18.82
2013-11-05,3.8136,6.6977,18.28
2013-11-06,4.542,6.8882,18.63
2013-11-07,3.5081,6.7502,19.13
2013-11-08,4.1986,6.8942,19.73
2013-11-09,4.3651,6.7555,19.26
2013-11-10,4.2247,6.7865,19.03
2013-11-11,5.6383,6.8707,20.46
2013-11-12,5.0107,6.7195,20.85
2013-11-13,5.3806,6.6218,20.31
2013-11-14,5.412,6.6418,20.3
2013-11-15,5.0424,6.6746,19.88
2013-11-16,4.9867,6.6953,19.86
2013-11-17,5.0522,6.8122,20.67
2013-11-18,4.3188,6.7774,19.2
2013-11-19,4.2226,6.6686,19.22
2013-11-20,4.121,6.731,19.49
2013-11-21,5.1257,6.7548,19.07
2013-11-22,4.8298,6.6871,19.71
2013-11-23,3.9005,6.6082,20.01
2013-11-24,3.0869,6.5371,19.62
2013-11-25,4.8026,6.6384,18.81
2013-11-26,4.007,6.6542,19.49
2013-11-27,5.3796,6.7166,19.48
2013-11-28,3.775,6.5011,18.52
2013-11-29,4.3327,6.5275,19.27
2013-11-30,3.1918,6.5779,19.29
2013-12-01,3.6934,6.5489,19.62
2013-12-02,3.0994,6.4138,19.65
2013-12-03,3.4646,6.4697,19.14
2013-12-04,4.975,6.4008,19.95
2013-12-05,5.0237,6.4678,20.31
2013-12-06,5.5186,6.5412,20.55
2013-12-07,4.1098,6.307,19.64
2013-12-08,3.805,6.4668,19.27
2013-12-09,3.467,6.2426,19.46
2013-12-10,4.4498,6.383,19.52
2013-12-11,5.0628,6.4322,20.29
2013-12-12,4.2763,6.4313,21.02
2013-12-13,3.0502,6.2537,19.79
2013-12-14,5.4994,6.4783,20.96
2013-12-15,5.2037,6.5688,21.0
2013-12-16,4.6075,6.4358,20.75
2013-12-17,3.6653,6.4238,20.5
2013-12-18,3.6055,6.4234,19.72
2013-12-19,4.199,6.3334,19.63
2013-12-20,4.237,6.4747,20.09
2013-12-21,4.6903,6.5928,19.77
2013-12-22,3.5412,6.5866,19.26
2013-12-23,2.8042,6.5131,17.77
2013-12-24,3.911,6.4704,18.54
2013-12-25,4.5502,6.4694,19.29
2013-12-26,4.9092,6.4834,19.58
2013-12-27,5.8058,6.5318,20.38
2013-12-28,6.3583,6.553,21.33
2013-12-29,6.1934,6.5561,21.26
2013-12-30,4.3284,6.5441,20.63
2013-12-31,4.7381,6.5702,20.33
2014-01-01,4.5149,6.5198,20.95
2014-01-02,4.0541,6.5482,19.76
2014-01-03,3.7601,6.4642,20.53
2014-01-04,5.125,6.4385,21.42
2014-01-05,4.2202,6.3787,19.97
2014-01-06,1.9018,6.2772,19.02
2014-01-07,4.4376,6.4272,19.05
2014-01-08,3.834,6.2995,19.02
2014-01-09,4.5353,6.5839,19.76
2014-01-10,4.5737,6.5983,19.94
2014-01-11,4.735,6.6238,19.66
2014-01-12,3.8834,6.5386,19.85
2014-01-13,4.8134,6.4147,20.17
2014-01-14,4.9238,6.4414,20.21
2014-01-15,4.9157,6.504,20.42
2014-01-16,5.1895,6.6202,20.3
2014-01-17,4.8286,6.6293,20.34
2014-01-18,5.004,6.4188,20.74
2014-01-19,3.9286,6.1505,19.83
2014-01-20,4.0951,6.5628,20.63
2014-01-21,3.0737,6.4891,20.18
2014-01-22,2.989,6.3715,19.93
2014-01-23,5.0033,6.6662,20.28
2014-01-24,4.9745,6.5774,20.66
2014-01-25,4.4333,6.5172,20.26
2014-01-26,3.2875,6.3929,19.67
2014-01-27,5.3818,6.6802,19.87
2014-01-28,4.3039,6.5251,20.53
2014-01-29,4.8137,6.6739,20.62
2014-01-30,3.7764,6.6636,20.19
2014-01-31,5.1804,6.7874,20.71
2014-02-01,4.6771,6.7992,20.55
2014-02-02,3.3062,6.3494,20.38
2014-02-03,4.6044,6.8794,19.91
2014-02-04,4.9706,6.5302,20.21
2014-02-05,4.5936,6.5909,19.95
2014-02-06,4.5703,6.7956,20.21
2014-02-07,4.5043,6.6365,20.63
2014-02-08,4.6198,6.9046,20.2
2014-02-09,4.6507,6.8393,19.32
2014-02-10,4.6699,6.7778,20.51
2014-02-11,4.8295,6.8424,20.81
2014-02-12,5.6498,7.1246,21.22
2014-02-13,3.7685,6.9396,20.4
2014-02-14,3.9852,7.0308,19.78
2014-02-15,5.4031,7.0133,19.79
2014-02-16,5.6148,6.9082,21.09
2014-02-17,4.5173,6.7226,20.6
2014-02-18,4.4662,6.6718,19.98
2014-02-19,3.438,6.7759,20.04
2014-02-20,3.3206,6.4927,20.54
2014-02-21,4.3394,6.4006,19.71
2014-02-22,3.0653,6.5887,20.6
2014-02-23,3.8465,6.7805,20.95
2014-02-24,5.0167,6.9367,20.6
2014-02-25,3.2698,6.6168,20.12
2014-02-26,4.4018,6.9422,19.38
2014-02-27,3.0744,6.9118,19.98
2014-02-28,3.5808,7.075,20.19
2014-03-01,4.2907,7.0994,19.41
2014-03-02,4.6488,7.051,19.59
2014-03-03,4.1326,7.0901,19.44
2014-03-04,4.194,6.9782,19.91
2014-03-05,3.835,7.0109,19.36
2014-03-06,4.4652,7.0078,19.67
2014-03-07,3.6146,6.9322,20.6
2014-03-08,3.2774,6.6262,18.86
2014-03-09,3.6055,7.0138,19.98
2014-03-10,4.6963,7.2137,20.08
2014-03-11,4.1796,7.0714,19.99
2014-03-12,3.3079,6.9886,20.42
2014-03-13,3.1394,6.5419,20.55
2014-03-14,3.8196,6.941,20.29
2014-03-15,4.6478,6.6398,20.7
2014-03-16,4.8557,6.9934,20.36
2014-03-17,4.913,6.9058,21.14
2014-03-18,3.5251,6.564,21.26
2014-03-19,5.543,7.2254,21.51
2014-03-20,5.9244,7.2809,21.78
2014-03-21,4.435,6.9878,21.98
2014-03-22,5.1713,7.315,21.26
2014-03-23,4.8535,7.0886,20.27
2014-03-24,4.4196,7.3171,19.86
2014-03-25,4.7654,7.2799,20.36
2014-03-26,4.597,7.2314,20.73
2014-03-27,5.8574,7.3462,21.35
2014-03-28,6.5784,7.4729,21.87
2014-03-29,5.8793,7.2677,21.81
2014-03-30,5.5757,7.0699,21.19
2014-03-31,5.4242,6.7634,20.93
2014-04-01,6.6269,7.0498,21.81
2014-04-02,5.0714,6.7997,21.86
2014-04-03,4.3939,7.3932,21.0
2014-04-04,5.4732,7.3272,21.87
2014-04-05,5.736,7.3085,22.09
2014-04-06,5.6606,7.3102,22.89
2014-04-07,5.7194,7.1726,22.57
2014-04-08,4.9334,7.2593,22.5
2014-04-09,4.1026,7.4184,21.63
2014-04-10,6.24,7.6337,22.35
2014-04-11,5.8786,7.5108,23.06
2014-04-12,4.704,7.207,22.59
2014-04-13,6.2909,7.3308,22.19
2014-04-14,5.5361,7.1479,22.85
2014-04-15,2.4509,7.0058,20.17
2014-04-16,4.5319,7.1448,21.28
2014-04-17,4.4244,7.1969,21.19
2014-04-18,4.441,7.3966,21.14
2014-04-19,5.0268,7.333,21.44
2014-04-20,5.0772,7.4263,21.42
2014-04-21,4.3145,7.3579,21.42
2014-04-22,5.0707,7.4954,21.3
2014-04-23,4.2026,7.4186,20.92
2014-04-24,3.7608,7.3418,21.54
2014-04-25,5.5879,7.5118,21.21
2014-04-26,4.2074,7.4477,20.48
2014-04-27,5.4538,7.4688,20.71
2014-04-28,5.1487,7.3646,21.3
2014-04-29,5.6047,7.4155,22.22
2014-04-30,4.7484,7.4618,21.45
2014-05-01,4.5974,7.3157,20.46
2014-05-02,3.3098,7.2118,19.99
2014-05-03,6.0218,7.3795,20.73
2014-05-04,4.3294,7.3166,19.8
2014-05-05,6.0607,7.4494,20.19
2014-05-06,4.3404,7.3946,19.64
2014-05-07,2.9311,7.3202,20.87
2014-05-08,3.6228,7.2346,19.86
2014-05-09,2.9244,7.5391,19.22
2014-05-10,3.7481,7.2845,20.21
2014-05-11,4.5689,7.3922,19.8
2014-05-12,5.2558,7.4647,20.37
2014-05-13,6.6127,7.3476,20.89
2014-05-14,4.3642,7.2754,21.29
2014-05-15,4.0166,7.1983,20.65
2014-05-16,5.8253,7.3217,20.55
2014-05-17,5.1835,7.2571,19.79
2014-05-18,4.4585,7.1016,20.88
2014-05-19,5.5421,7.183,20.78
2014-05-20,4.3939,7.3325,20.78
2014-05-21,4.4282,7.4158,20.33
2014-05-22,5.9791,7.452,20.33
2014-05-23,4.4981,7.4383,21.15
2014-05-24,7.1582,7.5768,20.9
2014-05-25,6.7476,7.4618,21.45
2014-05-26,5.8462,7.333,21.67
2014-05-27,4.1129,7.0423,21.59
2014-05-28,5.9146,7.3586,20.7
2014-05-29,3.469,7.2511,20.25
2014-05-30,5.9069,7.2377,20.93
2014-05-31,6.5489,7.3469,20.57
2014-06-01,4.9596,7.1978,20.78
2014-06-02,4.6512,7.0805,21.47
2014-06-03,5.4482,7.0142,20.22
2014-06-04,5.7574,7.2576,20.88
2014-06-05,4.8084,7.235,20.63
2014-06-06,5.3849,7.1352,21.3
2014-06-07,4.908,7.1268,20.83
2014-06-08,5.4439,7.169,21.13
2014-06-09,5.9388,7.2821,21.49
2014-06-10,5.845,7.3015,20.73
2014-06-11,6.3533,7.1604,21.37
2014-06-12,5.4542,7.1503,21.58
2014-06-13,5.8769,7.1597,21.62
2014-06-14,5.6383,7.177,21.0
2014-06-15,6.8731,7.2852,21.29
2014-06-16,6.4814,7.2211,20.79
2014-06-17,6.3514,7.086,21.17
2014-06-18,5.3206,6.7682,20.91
2014-06-19,6.042,7.1635,21.45
2014-06-20,5.7041,7.2305,21.12
2014-06-21,6.0391,7.3051,21.39
2014-06-22,6.3072,7.2929,21.92
2014-06-23,5.4046,7.1359,21.11
2014-06-24,5.2202,7.1234,20.93
2014-06-25,3.5074,7.0726,19.98
2014-06-26,5.7694,6.8119,20.79
2014-06-27,6.3862,6.9182,21.1
2014-06-28,4.5554,6.9122,20.42
2014-06-29,6.6252,7.2454,21.78
2014-06-30,4.6666,7.0486,21.14
2014-07-01,5.341,7.1282,20.88
2014-07-02,5.9237,7.1758,20.7
2014-07-03,6.42,7.2504,21.47
2014-07-04,5.4257,6.9494,21.3
2014-07-05,6.7118,7.2782,20.77
2014-07-06,5.5896,7.1434,21.3
2014-07-07,5.053,7.2228,21.07
2014-07-08,6.3187,7.2305,21.31
2014-07-09,6.3358,7.248,21.2
2014-07-10,5.9647,7.2492,21.3
2014-07-11,5.9856,7.1813,21.96
2014-07-12,5.765,6.9516,21.96
2014-07-13,6.5057,7.1902,21.75
2014-07-14,6.3792,7.2917,22.25
2014-07-15,6.089,7.2053,22.19
2014-07-16,5.4283,7.1335,22.46
2014-07-17,5.9753,7.2439,22.61
2014-07-18,5.3448,7.201,22.1
2014-07-19,6.6382,7.3154,22.86
2014-07-20,6.3108,7.2538,22.72
2014-07-21,6.1925,7.2118,22.72
2014-07-22,5.8682,7.3025,23.6
2014-07-23,6.0182,7.3049,24.21
2014-07-24,6.2458,7.235,23.85
2014-07-25,6.8491,7.4626,23.77
2014-07-26,5.4365,7.2226,22.56
2014-07-27,5.7053,7.345,21.2
2014-07-28,7.2115,7.3543,23.33
2014-07-29,6.3722,7.3442,24.06
2014-07-30,6.48,7.3346,23.78
2014-07-31,6.0984,7.2478,23.93
2014-08-01,6.4975,7.4702,24.08
2014-08-02,5.2673,7.3286,22.78
2014-08-03,5.8632,7.289,22.76
2014-08-04,6.0146,7.3162,23.04
2014-08-05,6.1764,7.4112,23.43
2014-08-06,5.4665,7.2785,22.46
2014-08-07,5.6532,7.3121,21.62
2014-08-08,5.707,7.4066,21.24
2014-08-09,6.4594,7.4467,22.59
2014-08-10,5.9035,7.3493,21.4
2014-08-11,5.7734,7.3452,20.73
2014-08-12,5.7732,7.2312,20.9
2014-08-13,5.6167,7.4681,21.5
2014-08-14,5.9508,7.3524,22.07
2014-08-15,6.8902,7.4885,23.14
2014-08-16,5.994,7.3142,23.34
2014-08-17,6.1663,7.3531,23.36
2014-08-18,5.7806,7.3162,21.98
2014-08-19,5.0971,7.2348,21.79
2014-08-20,6.1546,7.2022,22.89
2014-08-21,5.8267,7.0922,22.93
2014-08-22,4.9193,7.3495,21.22
2014-08-23,4.7498,7.308,19.62
2014-08-24,6.1178,7.2773,20.11
2014-08-25,4.9658,7.1438,19.56
2014-08-26,5.1511,7.3896,19.94
2014-08-27,4.667,7.3157,20.07
2014-08-28,4.7095,7.2242,20.34
2014-08-29,6.6768,7.3915,21.09
2014-08-30,7.6838,7.7357,21.82
2014-08-31,7.1645,7.6922,22.51
2014-09-01,6.5244,7.4234,23.34
2014-09-02,4.0097,7.4808,21.79
2014-09-03,5.4355,7.2002,21.7
2014-09-04,6.6569,7.5298,21.6
2014-09-05,6.3444,7.5101,22.33
2014-09-06,5.3395,7.3452,22.07
2014-09-07,5.3426,7.4304,22.46
2014-09-08,6.5618,7.4834,22.46
2014-09-09,6.869,7.4981,23.14
2014-09-10,4.945,7.409,20.73
2014-09-11,4.8353,7.3745,20.85
2014-09-12,4.9682,7.403,19.89
2014-09-13,5.8939,7.4844,20.27
2014-09-14,5.2099,7.4258,20.17
2014-09-15,5.1794,7.26,20.38
2014-09-16,6.4226,7.5103,20.65
2014-09-17,5.4598,7.4729,20.23
2014-09-18,4.2761,7.3937,20.13
2014-09-19,4.451,7.5077,20.87
2014-09-20,4.9409,7.5014,19.42
2014-09-21,4.4275,7.1575,20.26
2014-09-22,5.1646,7.3421,20.5
2014-09-23,6.5076,7.547,19.92
2014-09-24,6.1613,7.511,20.5
2014-09-25,5.2637,7.4899,20.69
2014-09-26,5.4854,7.5492,20.38
2014-09-27,6.2254,7.4568,20.62
2014-09-28,5.401,7.3757,21.42
2014-09-29,6.5302,7.5182,21.56
2014-09-30,7.181,7.4899,22.29
2014-10-01,5.7922,7.2881,22.07
2014-10-02,5.5642,7.3961,22.49
2014-10-03,5.8241,7.2797,21.83
2014-10-04,5.5058,7.379,20.86
2014-10-05,5.1998,7.3781,20.68
2014-10-06,5.2812,7.379,20.02
2014-10-07,4.4813,7.2192,19.27
2014-10-08,3.6847,7.4748,20.06
2014-10-09,2.7307,7.577,19.84
2014-10-10,3.5083,7.2881,19.56
2014-10-11,4.3939,7.2,20.15
2014-10-12,5.2265,7.1566,19.77
2014-10-13,4.519,7.1964,19.7
2014-10-14,4.4057,7.1292,20.34
2014-10-15,4.7782,7.1422,20.24
2014-10-16,5.1744,7.2322,20.67
2014-10-17,4.105,7.1206,20.34
2014-10-18,3.4222,7.1707,19.83
2014-10-19,4.0711,7.326,18.87
2014-10-20,3.8914,7.1314,18.84
2014-10-21,5.5421,7.3008,19.49
2014-10-22,4.9358,7.0678,20.21
2014-10-23,5.941,7.218,20.67
2014-10-24,4.0493,7.1551,19.74
2014-10-25,4.1206,6.907,19.53
2014-10-26,2.9158,7.1251,19.62
2014-10-27,5.1511,7.1549,19.59
2014-10-28,5.0232,7.1477,20.48
2014-10-29,4.655,7.1354,18.83
2014-10-30,4.5504,7.117,19.62
2014-10-31,4.5691,6.9571,19.78
2014-11-01,4.903,6.8544,19.62
2014-11-02,5.2896,6.9458,19.85
2014-11-03,5.4672,6.9792,20.69
2014-11-04,4.5722,6.9818,20.72
2014-11-05,3.3271,6.8311,19.91
2014-11-06,4.0363,7.0339,19.57
2014-11-07,4.4102,6.918,20.61
2014-11-08,4.2053,6.8746,20.51
2014-11-09,4.0061,6.72,19.68
2014-11-10,3.5354,6.7157,19.42
2014-11-11,3.917,6.7913,19.25
2014-11-12,3.1118,6.7805,18.97
2014-11-13,4.147,6.815,19.68
2014-11-14,4.3169,6.9202,19.64
2014-11-15,4.9618,6.7937,19.81
2014-11-16,4.5458,6.593,19.69
2014-11-17,5.2999,6.5302,20.2
2014-11-18,4.4844,6.7476,20.02
2014-11-19,4.2905,6.7934,19.43
2014-11-20,4.5154,6.8772,19.32
2014-11-21,4.8578,6.7577,19.63
2014-11-22,4.2331,6.5422,19.84
2014-11-23,5.0777,6.6802,20.2
2014-11-24,4.2398,6.6043,20.07
2014-11-25,4.031,6.6146,20.17
2014-11-26,3.3482,6.7512,19.63
2014-11-27,4.4038,6.545,19.78
2014-11-28,5.1343,6.5789,20.47
2014-11-29,5.0815,6.5362,21.02
2014-11-30,4.0946,6.4603,21.27
2014-12-01,5.1638,6.559,21.25
2014-12-02,5.1574,6.6994,21.44
2014-12-03,3.497,6.6967,20.6
2014-12-04,4.8809,6.6576,20.3
2014-12-05,4.2526,6.5832,19.59
2014-12-06,3.6516,6.7152,19.19
2014-12-07,3.1368,6.565,19.58
2014-12-08,4.1669,6.2527,19.84
2014-12-09,3.161,6.4099,18.44
2014-12-10,4.1856,6.3374,19.61
2014-12-11,4.5739,6.5042,18.92
2014-12-12,5.1641,6.4992,19.57
2014-12-13,2.4526,6.468,19.29
2014-12-14,4.3253,6.6538,19.39
2014-12-15,4.217,6.575,19.44
2014-12-16,5.166,6.3948,19.62
2014-12-17,4.5799,6.4471,20.25
2014-12-18,5.1259,6.5921,20.42
2014-12-19,5.2764,6.4486,20.13
2014-12-20,4.9013,6.4236,20.12
2014-12-21,4.5773,6.4022,19.7
2014-12-22,5.9635,6.7236,20.28
2014-12-23,6.3922,6.667,20.58
2014-12-24,5.4113,6.5618,21.2
2014-12-25,5.357,6.6564,21.03
2014-12-26,6.5664,6.8246,20.54
2014-12-27,5.2694,6.517,21.05
2014-12-28,5.3383,6.4963,21.3
2014-12-29,5.7278,6.6274,20.74
2014-12-30,5.6112,6.5758,20.89
2014-12-31,5.9006,6.629,21.22
2015-01-01,5.8742,6.7985,20.43
2015-01-02,6.2669,6.7291,20.66
2015-01-03,6.7337,6.8273,20.42
2015-01-04,6.3842,6.7433,20.57
2015-01-05,6.1543,6.7526,20.16
2015-01-06,6.7325,6.8825,19.56
2015-01-07,6.701,6.8798,19.41
2015-01-08,5.0822,6.6014,19.91
2015-01-09,5.587,6.5911,20.8
2015-01-10,5.7758,6.6348,20.85
2015-01-11,5.8915,6.5832,21.52
2015-01-12,5.2824,6.5326,21.49
2015-01-13,3.6874,6.7121,20.54
2015-01-14,3.7337,6.5986,19.53
2015-01-15,4.3771,6.5964,21.06
2015-01-16,4.1609,6.672,20.29
2015-01-17,3.8712,6.5635,18.28
2015-01-18,4.5163,6.7402,19.86
2015-01-19,4.7664,6.6794,19.59
2015-01-20,5.3143,6.6166,19.46
2015-01-21,3.8974,6.51,19.48
2015-01-22,3.9151,6.4438,18.81
2015-01-23,4.2379,6.7507,19.68
2015-01-24,4.8094,6.7188,19.87
2015-01-25,4.4743,6.7138,19.37
2015-01-26,5.1905,6.6991,20.41
2015-01-27,3.4469,6.0775,20.13
2015-01-28,3.6156,6.7699,19.84
2015-01-29,5.3887,6.7855,20.42
2015-01-30,4.4426,6.7116,20.99
2015-01-31,4.0906,6.5167,19.46
2015-02-01,5.0722,6.7274,20.53
2015-02-02,5.346,6.9341,21.82
2015-02-03,4.889,6.9149,21.39
2015-02-04,5.6616,7.0668,21.94
2015-02-05,3.4438,7.0109,21.72
2015-02-06,2.8471,6.6828,19.85
2015-02-07,3.3914,6.5594,19.75
2015-02-08,2.7895,6.727,18.81
2015-02-09,3.6797,6.8508,19.23
2015-02-10,3.7099,6.9893,19.91
2015-02-11,3.763,6.7934,19.53
2015-02-12,4.6339,6.5273,20.05
2015-02-13,4.2458,6.8388,20.34
2015-02-14,4.7182,6.7817,20.84
2015-02-15,4.5938,6.937,21.46
2015-02-16,5.7451,7.2192,21.43
2015-02-17,5.76,7.3044,21.61
2015-02-18,4.9846,7.1047,21.17
2015-02-19,4.5511,6.9108,20.9
2015-02-20,5.4329,7.001,20.44
2015-02-21,6.5662,7.3416,20.18
2015-02-22,6.6617,7.2072,21.05
2015-02-23,5.5589,6.8189,21.49
2015-02-24,4.8922,7.1105,20.38
2015-02-25,5.1466,6.9511,21.08
2015-02-26,4.3891,6.9394,20.34
2015-02-27,5.0822,7.241,21.18
2015-02-28,4.5742,7.1875,22.24
2015-03-01,5.3345,7.0649,21.72
2015-03-02,5.0124,7.1542,20.95
2015-03-03,5.425,7.2449,21.5
2015-03-04,5.4041,7.1993,21.85
2015-03-05,4.6606,7.0099,22.19
2015-03-06,3.4867,6.9149,21.74
2015-03-07,4.1422,6.9058,22.1
2015-03-08,6.2366,7.2379,22.74
2015-03-09,6.7716,7.3342,24.19
2015-03-10,6.4862,7.253,24.24
2015-03-11,6.3552,7.2684,24.41
2015-03-12,5.1598,7.2434,22.55
2015-03-13,4.0349,6.9082,22.25
2015-03-14,3.2023,6.5196,22.04
2015-03-15,3.6278,6.7003,22.26
2015-03-16,3.8702,7.0198,22.62
2015-03-17,4.1647,6.9235,21.31
2015-03-18,3.1154,7.223,19.73
2015-03-19,2.3527,7.1815,19.66
2015-03-20,3.9055,6.997,19.89
2015-03-21,3.6312,7.2156,19.8
2015-03-22,4.5718,7.4698,20.18
2015-03-23,5.55,7.3474,20.84
2015-03-24,5.2001,7.2876,20.78
2015-03-25,4.8175,7.3308,21.28
2015-03-26,5.2651,7.0265,21.09
2015-03-27,4.6186,6.8395,20.69
2015-03-28,3.6634,6.7205,20.62
2015-03-29,3.3024,7.243,20.4
2015-03-30,4.7971,7.3567,20.53
2015-03-31,4.3452,7.41,20.39
2015-04-01,4.829,7.3178,21.33
2015-04-02,5.0359,7.2151,20.75
2015-04-03,2.407,6.7181,20.71
2015-04-04,3.8808,7.2434,19.65
2015-04-05,3.9444,7.1813,19.86
2015-04-06,4.4964,7.4182,20.81
2015-04-07,4.4592,7.2557,21.51
2015-04-08,4.2466,7.3752,20.65
2015-04-09,5.327,7.2742,21.82
2015-04-10,5.4576,7.3886,21.84
2015-04-11,3.2417,7.2588,20.4
2015-04-12,6.5916,7.4825,21.62
2015-04-13,4.1033,7.5814,21.16
2015-04-14,4.0454,7.2898,20.21
2015-04-15,4.5732,7.4827,20.83
2015-04-16,4.6625,7.0699,21.26
2015-04-17,3.835,7.2835,20.93
2015-04-18,5.5356,7.4551,20.64
2015-04-19,3.6953,7.2972,21.27
2015-04-20,5.5361,7.3615,20.95
2015-04-21,4.745,7.3188,20.67
2015-04-22,6.1903,7.4983,21.3
2015-04-23,6.3473,7.5254,21.5
2015-04-24,5.927,7.2346,22.33
2015-04-25,3.7135,7.0848,21.56
2015-04-26,6.4118,7.1436,22.43
2015-04-27,7.2437,7.5638,23.02
2015-04-28,5.731,7.5528,22.59
2015-04-29,5.7252,7.3274,21.92
2015-04-30,4.3795,7.3421,21.1
2015-05-01,4.8442,7.2595,20.64
2015-05-02,5.833,7.4206,22.08
2015-05-03,5.209,7.4575,21.62
2015-05-04,4.901,7.0762,20.64
2015-05-05,6.1757,7.1851,21.98
2015-05-06,4.9267,7.2168,21.97
2015-05-07,6.7766,7.333,22.7
2015-05-08,6.1541,7.2036,23.1
2015-05-09,5.7722,7.1057,23.0
2015-05-10,6.0482,7.1676,22.27
2015-05-11,5.1782,7.3987,23.73
2015-05-12,6.7404,7.4014,23.96
2015-05-13,5.3357,7.1657,24.03
2015-05-14,5.6023,7.2451,22.3
2015-05-15,5.1499,7.3658,22.44
2015-05-16,5.652,7.2598,21.96
2015-05-17,4.3001,7.1904,21.28
2015-05-18,5.1696,7.2823,21.82
2015-05-19,4.7318,7.3217,22.85
2015-05-20,5.5522,7.2127,22.88
2015-05-21,4.9006,7.3303,22.18
2015-05-22,5.3882,7.2449,21.5
2015-05-23,6.5138,7.4162,22.51
2015-05-24,6.3355,7.237,22.1
2015-05-25,4.3433,7.1179,20.57
2015-05-26,5.8478,7.225,20.68
2015-05-27,4.2547,7.0795,21.1
2015-05-28,3.8213,6.847,20.12
2015-05-29,4.7501,7.0759,20.44
2015-05-30,4.8511,6.9029,19.33
2015-05-31,6.3478,7.2485,20.87
2015-06-01,5.0508,7.0207,21.5
2015-06-02,6.0271,7.2358,21.81
2015-06-03,5.7274,7.1614,21.86
2015-06-04,4.9399,7.1906,21.51
2015-06-05,4.205,7.1119,21.49
2015-06-06,5.9959,7.2434,21.36
2015-06-07,4.8643,6.9775,20.65
2015-06-08,4.4914,7.1018,20.67
2015-06-09,4.4419,7.073,19.44
2015-06-10,4.7369,7.2108,20.44
2015-06-11,5.6568,7.0994,20.78
2015-06-12,6.3732,7.2326,21.93
2015-06-13,4.8322,7.1746,21.88
2015-06-14,5.3642,7.075,21.96
2015-06-15,5.4974,7.1194,21.26
2015-06-16,6.6778,7.2521,22.25
2015-06-17,4.8636,7.0363,22.59
2015-06-18,5.6957,7.0178,23.02
2015-06-19,6.7829,7.2473,23.2
2015-06-20,5.3381,7.0447,23.04
2015-06-21,5.3419,6.9667,21.92
2015-06-22,5.4394,7.0279,22.23
2015-06-23,6.5345,7.2427,23.47
2015-06-24,7.0358,7.2677,24.47
2015-06-25,6.5806,7.3082,24.27
2015-06-26,6.3247,7.2103,23.83
2015-06-27,5.6093,7.266,23.4
2015-06-28,5.7989,7.133,23.51
2015-06-29,4.8739,6.9091,23.61
2015-06-30,6.0425,7.0085,23.89
2015-07-01,6.6372,7.2689,24.97
2015-07-02,6.3862,7.2403,24.9
2015-07-03,6.1541,7.182,24.94
2015-07-04,5.2661,7.0613,24.3
2015-07-05,4.7582,6.9235,24.05
2015-07-06,4.5108,7.0584,22.94
2015-07-07,3.887,6.9845,21.94
2015-07-08,6.2309,7.1594,21.48
2015-07-09,5.8726,7.1806,22.68
2015-07-10,5.6206,7.1033,23.05
2015-07-11,5.3652,7.0788,22.51
2015-07-12,5.4694,7.1518,22.86
2015-07-13,5.5874,7.0541,23.56
2015-07-14,5.1936,7.0966,22.4
2015-07-15,4.1359,7.0406,20.83
2015-07-16,5.6318,7.0673,22.04
2015-07-17,5.9777,7.2938,21.64
2015-07-18,4.5199,7.0951,20.83
2015-07-19,5.1926,6.9626,21.38
2015-07-20,4.6798,7.1515,20.1
2015-07-21,5.3842,7.1146,20.03
2015-07-22,5.6966,7.1666,20.2
2015-07-23,4.831,7.0279,21.38
2015-07-24,6.8222,7.3867,21.43
2015-07-25,7.0426,7.3992,22.38
2015-07-26,5.8961,7.1808,22.53
2015-07-27,5.8613,7.1323,22.67
2015-07-28,6.325,7.1645,22.44
2015-07-29,6.1788,7.1995,21.74
2015-07-30,4.8014,7.1662,22.15
2015-07-31,5.8519,7.1717,22.97
2015-08-01,6.3029,7.2372,22.82
2015-08-02,5.4295,7.1906,23.46
2015-08-03,6.7147,7.3325,24.44
2015-08-04,6.5304,7.3322,24.48
2015-08-05,6.8566,7.416,24.92
2015-08-06,6.3768,7.3433,24.69
2015-08-07,5.1149,7.273,23.2
2015-08-08,4.0483,7.1436,21.05
2015-08-09,3.5309,7.2115,21.26
2015-08-10,4.8674,7.2314,21.07
2015-08-11,6.2426,7.4424,22.26
2015-08-12,5.2889,7.476,23.3
2015-08-13,5.0789,7.2866,22.98
2015-08-14,4.4654,7.1921,22.95
2015-08-15,5.3388,7.241,22.47
2015-08-16,4.6853,7.2881,22.59
2015-08-17,6.0694,7.3944,22.41
2015-08-18,6.4378,7.4309,21.84
2015-08-19,6.6494,7.3694,23.08
2015-08-20,6.6389,7.3915,22.37
2015-08-21,5.8879,7.3613,21.55
2015-08-22,5.1415,7.141,21.42
2015-08-23,5.4943,7.2749,21.49
2015-08-24,5.2438,7.1683,20.27
2015-08-25,5.4014,7.3862,21.21
2015-08-26,5.4754,7.3159,21.0
2015-08-27,5.4506,7.2482,19.96
2015-08-28,6.5952,7.3265,21.24
2015-08-29,7.265,7.5725,22.57
2015-08-30,5.4384,7.422,22.18
2015-08-31,6.3785,7.4558,22.74
2015-09-01,5.6208,7.1926,22.83
2015-09-02,6.0766,7.2583,22.59
2015-09-03,6.1824,7.3634,22.35
2015-09-04,6.4368,7.4544,23.32
2015-09-05,5.7888,7.3567,22.1
2015-09-06,4.7388,7.374,21.43
2015-09-07,5.0928,7.3061,22.26
2015-09-08,5.7293,7.5739,22.4
2015-09-09,5.5843,7.4849,22.34
2015-09-10,4.5082,7.5415,20.17
2015-09-11,3.7397,7.2593,20.61
2015-09-12,7.177,7.4806,22.13
2015-09-13,7.3562,7.6884,23.17
2015-09-14,5.9712,7.5341,22.81
2015-09-15,6.0696,7.3745,23.17
2015-09-16,6.4529,7.3488,22.88
2015-09-17,5.6738,7.3022,20.95
2015-09-18,4.1383,7.3303,21.35
2015-09-19,5.9328,7.3373,19.79
2015-09-20,4.2115,7.3762,21.22
2015-09-21,6.0917,7.5022,21.6
2015-09-22,6.0763,7.4969,22.48
2015-09-23,5.5298,7.4134,22.75
2015-09-24,6.6398,7.5941,22.23
2015-09-25,6.4728,7.4837,23.27
2015-09-26,6.7008,7.385,22.36
2015-09-27,6.5942,7.5259,22.15
2015-09-28,7.093,7.5533,22.71
2015-09-29,5.7792,7.4069,22.2
2015-09-30,4.8125,7.3572,22.12
2015-10-01,3.2263,7.1669,19.92
2015-10-02,5.1478,7.3858,20.96
2015-10-03,4.0306,7.3046,21.97
2015-10-04,5.5068,7.3332,21.91
2015-10-05,6.533,7.4076,23.04
2015-10-06,5.8879,7.3934,23.39
2015-10-07,5.9513,7.1042,22.66
2015-10-08,5.3131,7.2235,21.64
2015-10-09,3.9698,7.1323,21.23
2015-10-10,5.2994,7.2274,21.24
2015-10-11,3.661,7.111,20.89
2015-10-12,4.2802,7.1239,20.49
2015-10-13,4.075,6.9655,20.11
2015-10-14,4.4513,7.0471,19.84
2015-10-15,4.2754,6.9994,19.8
2015-10-16,4.8173,7.0618,19.58
2015-10-17,5.8332,7.1618,20.7
2015-10-18,5.089,7.2994,21.16
2015-10-19,6.0506,7.2622,20.16
2015-10-20,5.9309,7.2718,21.4
2015-10-21,5.3321,7.2379,21.46
2015-10-22,5.7427,7.2082,21.38
2015-10-23,4.349,7.0344,21.6
2015-10-24,2.4012,6.9691,20.0
2015-10-25,4.0697,7.0217,19.67
2015-10-26,2.9342,6.9583,20.45
2015-10-27,3.3259,6.7886,20.62
2015-10-28,5.2174,6.9708,21.0
2015-10-29,4.7062,6.9905,21.17
2015-10-30,5.2207,7.0495,20.74
2015-10-31,4.9718,7.0778,20.57
2015-11-01,4.5002,7.0126,20.38
2015-11-02,3.6881,7.001,19.87
2015-11-03,4.5094,6.9619,19.1
2015-11-04,4.1904,6.7174,19.56
2015-11-05,3.6631,6.6782,19.06
2015-11-06,4.415,6.6725,19.35
2015-11-07,4.1018,6.8126,19.35
2015-11-08,4.9944,6.7786,19.73
2015-11-09,4.1191,6.7049,19.96
2015-11-10,6.1598,6.8482,20.91
2015-11-11,5.3237,6.8765,20.82
2015-11-12,5.1353,6.8158,21.34
2015-11-13,5.4228,6.8033,20.14
2015-11-14,5.1629,6.7596,21.57
2015-11-15,3.3782,6.762,20.81
2015-11-16,3.4925,6.6514,20.13
2015-11-17,3.3178,6.5681,19.46
2015-11-18,2.9626,6.4421,19.8
2015-11-19,3.6305,6.5371,18.65
2015-11-20,4.7386,6.6674,20.42
2015-11-21,4.5598,6.6497,20.75
2015-11-22,4.8739,6.6725,20.45
2015-11-23,4.445,6.6389,20.55
2015-11-24,4.3944,6.54,19.57
2015-11-25,5.2985,6.5772,20.02
2015-11-26,5.3837,6.618,21.18
2015-11-27,4.0471,6.6866,20.54
2015-11-28,3.2885,6.5093,19.78
2015-11-29,4.7496,6.3557,19.9
2015-11-30,5.3798,6.5568,21.27
2015-12-01,3.9521,6.4442,22.05
2015-12-02,5.0398,6.6002,21.09
2015-12-03,5.0546,6.4231,21.63
2015-12-04,4.4184,6.4476,20.25
2015-12-05,5.3143,6.5107,20.79
2015-12-06,5.231,6.5844,20.59
2015-12-07,4.6291,6.5234,20.69
2015-12-08,4.4352,6.5292,20.63
2015-12-09,4.758,6.5779,20.87
2015-12-10,5.4058,6.4882,21.86
2015-12-11,5.2075,6.3305,21.61
2015-12-12,6.3358,6.5242,22.14
2015-12-13,4.1784,6.5911,21.53
2015-12-14,3.6581,6.2986,20.16
2015-12-15,4.5749,6.3408,20.25
2015-12-16,5.1514,6.4918,21.31
2015-12-17,4.4796,6.349,21.27
2015-12-18,4.207,6.2983,21.78
2015-12-19,4.7683,6.4231,21.62
2015-12-20,5.8757,6.5064,22.11
2015-12-21,5.6378,6.5719,22.58
2015-12-22,4.8286,6.5532,22.87
2015-12-23,5.9702,6.5558,22.61
2015-12-24,6.167,6.6178,22.45
2015-12-25,6.5314,6.6749,22.95
2015-12-26,6.2242,6.6991,22.38
2015-12-27,5.665,6.5945,22.45
2015-12-28,4.5792,6.485,22.71
2015-12-29,6.4164,6.5976,23.82
2015-12-30,5.9117,6.516,24.41
2015-12-31,5.8781,6.5119,24.54
2016-01-01,4.7227,6.5297,23.27
2016-01-02,3.2539,6.5299,21.33
2016-01-03,4.9879,6.6293,21.58
2016-01-04,3.5424,6.5023,19.5
2016-01-05,4.2151,6.4298,21.93
2016-01-06,4.608,6.4997,19.86
2016-01-07,5.3772,6.6401,21.22
2016-01-08,5.1694,6.5594,21.38
2016-01-09,5.3964,6.461,21.54
2016-01-10,5.4374,6.5683,21.39
2016-01-11,2.6174,6.3274,21.23
2016-01-12,5.2214,6.2542,22.02
2016-01-13,4.9459,6.3802,21.7
2016-01-14,5.0455,6.3134,21.01
2016-01-15,6.4973,6.7274,22.62
2016-01-16,5.9498,6.3972,22.84
2016-01-17,6.5873,6.7728,22.77
2016-01-18,6.0427,6.5009,22.6
2016-01-19,5.6822,6.5722,22.13
2016-01-20,6.0031,6.6283,22.95
2016-01-21,5.1828,6.361,23.37
2016-01-22,4.842,6.4627,22.58
2016-01-23,4.6361,6.4879,22.89
2016-01-24,3.48,6.5803,21.48
2016-01-25,5.2831,6.6926,22.89
2016-01-26,5.3554,6.5981,23.25
2016-01-27,5.8555,6.715,23.37
2016-01-28,5.0021,6.4992,22.98
2016-01-29,4.4844,6.3612,22.41
2016-01-30,5.7274,6.6869,22.14
2016-01-31,5.4742,6.6415,23.05
2016-02-01,5.0059,6.6583,22.83
2016-02-02,4.9673,6.6727,22.81
2016-02-03,4.8418,6.5148,22.94
2016-02-04,5.1506,6.3554,23.05
2016-02-05,3.8995,6.5345,21.65
2016-02-06,5.9266,6.7469,23.14
2016-02-07,4.4674,6.6218,23.11
2016-02-08,4.176,6.6394,22.74
2016-02-09,5.0794,6.8275,24.0
2016-02-10,5.1806,6.6811,24.13
2016-02-11,4.0152,6.9972,22.93
2016-02-12,4.7045,6.7102,23.87
2016-02-13,4.278,6.797,23.32
2016-02-14,4.6094,6.7159,24.41
2016-02-15,5.3693,6.8254,25.03
2016-02-16,6.1855,7.0764,25.04
2016-02-17,5.1703,6.6166,23.58
2016-02-18,6.0682,6.9041,24.02
2016-02-19,4.8684,6.7766,23.03
2016-02-20,4.2485,6.7277,22.7
2016-02-21,1.9706,7.0212,21.7
2016-02-22,3.8738,6.7207,22.11
2016-02-23,5.2272,6.9523,23.47
2016-02-24,4.6421,6.9866,23.8
2016-02-25,4.2523,6.581,23.01
2016-02-26,4.8149,6.4464,22.4
2016-02-27,5.6815,6.8962,23.65
2016-02-28,4.6169,6.7298,23.3
2016-02-29,4.4136,6.2779,23.66
2016-03-01,5.0443,6.485,23.45
2016-03-02,5.123,6.276,23.24
2016-03-03,5.0122,6.6134,22.95
2016-03-04,4.1213,5.9875,23.26
2016-03-05,5.039,6.4802,23.08
2016-03-06,3.3727,6.3838,22.28
2016-03-07,4.187,6.3218,20.61
2016-03-08,4.9963,6.48,21.44
2016-03-09,5.334,6.3516,23.3
2016-03-10,4.5883,6.4298,22.59
2016-03-11,5.7617,7.026,23.53
2016-03-12,5.3506,6.654,23.54
2016-03-13,4.0399,6.1906,21.67
2016-03-14,2.8361,5.9616,21.5
2016-03-15,4.3778,6.0379,22.22
2016-03-16,4.4134,5.7816,23.47
2016-03-17,3.3247,6.1661,21.41
2016-03-18,5.5682,7.283,23.31
2016-03-19,4.9706,6.9864,23.2
2016-03-20,4.8127,7.3207,22.82
2016-03-21,4.7839,7.0848,23.4
2016-03-22,4.6176,6.8942,22.88
2016-03-23,6.2734,6.823,24.95
2016-03-24,5.8181,6.9125,24.79
2016-03-25,6.0689,6.6826,24.82
2016-03-26,5.5918,6.7778,25.88
2016-03-27,4.5185,7.236,24.49
2016-03-28,4.1784,6.1243,24.06
2016-03-29,5.051,5.6407,23.91
2016-03-30,3.1289,5.6398,22.61
2016-03-31,4.3363,6.5458,22.27
2016-04-01,4.6224,7.1014,22.36
2016-04-02,3.0314,6.2326,20.87
2016-04-03,3.5472,6.8278,21.81
2016-04-04,5.5255,6.9982,22.24
2016-04-05,4.6046,6.9929,21.93
2016-04-06,4.2864,6.9595,22.72
2016-04-07,3.7781,6.8777,23.22
2016-04-08,4.9877,7.1995,24.02
2016-04-09,3.1157,7.0668,22.28
2016-04-10,3.9098,6.9847,22.17
2016-04-11,4.2833,7.1774,22.12
2016-04-12,1.7806,7.0764,20.97
2016-04-13,3.7586,7.392,20.07
2016-04-14,4.8826,7.1081,21.37
2016-04-15,6.216,7.3378,22.74
2016-04-16,3.5311,6.9062,20.93
2016-04-17,4.9846,7.3591,21.96
2016-04-18,6.0564,7.4928,22.84
2016-04-19,4.7851,7.6577,23.81
2016-04-20,5.3659,7.4378,23.02
2016-04-21,6.5568,7.507,24.24
2016-04-22,5.0518,7.146,24.15
2016-04-23,4.5926,7.1191,23.37
2016-04-24,4.031,7.4357,20.84
2016-04-25,5.5087,7.477,22.19
2016-04-26,4.0262,7.2938,20.91
2016-04-27,4.1009,7.2014,21.88
2016-04-28,3.4478,7.3553,20.54
2016-04-29,4.8605,7.3949,20.68
2016-04-30,4.1962,7.2972,20.94
2016-05-01,4.1494,7.3726,20.88
2016-05-02,2.8466,7.0584,20.54
2016-05-03,4.5766,7.3025,20.86
2016-05-04,3.8326,7.4098,20.31
2016-05-05,5.7799,7.5144,22.05
2016-05-06,2.5862,7.5329,20.65
2016-05-07,4.9303,7.3116,21.22
2016-05-08,3.9646,7.3514,20.58
2016-05-09,4.4652,7.4153,19.69
2016-05-10,2.3837,7.2847,20.0
2016-05-11,5.4187,7.4333,20.8
2016-05-12,6.0192,7.2602,21.32
2016-05-13,5.5754,7.1273,21.86
2016-05-14,4.3481,7.2948,22.04
2016-05-15,6.6638,7.4042,22.27
2016-05-16,6.2042,7.4258,22.02
2016-05-17,6.3811,7.3418,22.4
2016-05-18,4.9375,7.3481,22.09
2016-05-19,5.5656,7.2444,22.31
2016-05-20,5.6599,7.302,21.18
2016-05-21,6.7771,7.2778,22.54
2016-05-22,5.4797,7.3114,22.84
2016-05-23,6.4255,7.3882,23.19
2016-05-24,4.9027,7.2089,22.93
2016-05-25,5.219,7.2418,21.64
2016-05-26,4.2785,7.3476,20.64
2016-05-27,4.6018,7.0702,21.61
2016-05-28,3.6958,7.0934,20.28
2016-05-29,3.145,7.0553,19.85
2016-05-30,5.3002,7.0886,20.3
2016-05-31,4.2166,6.9473,20.07
2016-06-01,4.6094,7.0344,21.05
2016-06-02,5.375,7.2384,20.43
2016-06-03,4.4141,7.158,21.31
2016-06-04,6.0859,7.2653,20.88
2016-06-05,6.695,7.3771,21.59
2016-06-06,4.4441,7.2679,19.84
2016-06-07,3.9672,7.1208,19.81
2016-06-08,6.2186,7.0502,20.94
2016-06-09,5.2987,7.1515,20.8
2016-06-10,5.0285,7.1186,21.05
2016-06-11,6.1313,7.2194,20.81
2016-06-12,6.6211,7.2775,21.1
2016-06-13,5.6971,7.1148,20.64
2016-06-14,4.1162,7.1023,20.59
2016-06-15,5.3074,6.9526,20.74
2016-06-16,6.5062,7.2058,21.76
2016-06-17,6.2566,7.2012,21.47
2016-06-18,5.7821,7.0884,20.73
2016-06-19,5.1149,7.061,19.9
2016-06-20,3.684,6.9809,20.25
2016-06-21,6.1159,7.153,20.73
2016-06-22,6.7229,7.2852,21.14
2016-06-23,5.9186,7.0435,21.12
2016-06-24,4.8742,7.1376,20.76
2016-06-25,5.477,7.1638,20.68
2016-06-26,5.7533,7.0495,20.92
2016-06-27,6.8537,7.1693,22.2
2016-06-28,6.3204,7.2242,21.89
2016-06-29,5.4456,7.0186,22.11
2016-06-30,5.3606,7.0915,22.16
2016-07-01,4.9886,7.1232,21.82
2016-07-02,5.0921,7.1278,20.97
2016-07-03,4.8641,7.1136,20.77
2016-07-04,5.7185,7.1172,21.59
2016-07-05,4.5451,7.0512,20.95
2016-07-06,5.1708,7.1693,21.13
2016-07-07,6.4097,7.2317,21.53
2016-07-08,6.3202,7.2816,22.3
2016-07-09,7.1194,7.3034,23.03
2016-07-10,5.7763,7.2197,22.16
2016-07-11,5.5745,7.0459,22.32
2016-07-12,4.7222,7.0793,21.3
2016-07-13,4.2922,7.1222,21.1
2016-07-14,5.7425,7.0447,20.74
2016-07-15,4.8564,7.1702,20.37
2016-07-16,3.7942,7.0514,19.7
2016-07-17,5.5918,7.1885,20.5
2016-07-18,5.1557,6.9636,20.7
2016-07-19,6.007,7.2374,20.45
2016-07-20,5.0614,7.1405,20.93
2016-07-21,5.9102,7.2161,21.15
2016-07-22,5.737,7.2108,21.06
2016-07-23,4.9068,7.1614,20.48
2016-07-24,4.3975,7.122,19.34
2016-07-25,5.8476,7.3162,20.24
2016-07-26,6.6228,7.3661,22.19
2016-07-27,5.6916,7.2038,22.01
2016-07-28,6.7807,7.3922,21.45
2016-07-29,5.5658,7.0966,21.1
2016-07-30,5.0134,7.1304,20.59
2016-07-31,5.6556,7.189,21.92
2016-08-01,6.4027,7.2998,22.5
2016-08-02,5.2541,7.1383,21.56
2016-08-03,5.831,7.0834,21.33
2016-08-04,3.8842,6.6974,21.29
2016-08-05,6.0924,7.1184,21.92
2016-08-06,6.696,7.3322,22.88
2016-08-07,6.1733,7.3303,22.88
2016-08-08,6.1759,7.3654,22.38
2016-08-09,5.8536,7.1952,21.75
2016-08-10,5.9621,7.267,21.2
2016-08-11,6.2995,7.3493,21.55
2016-08-12,5.8486,7.3486,21.08
2016-08-13,6.2748,7.3234,21.46
2016-08-14,6.3242,7.3277,21.31
2016-08-15,5.4074,7.3918,20.5
2016-08-16,5.8231,7.4014,20.99
2016-08-17,6.0209,7.375,22.01
2016-08-18,4.9138,7.3788,21.28
2016-08-19,6.293,7.393,20.51
2016-08-20,6.6439,7.5797,21.1
2016-08-21,6.3665,7.4647,21.4
2016-08-22,5.8838,7.4767,20.9
2016-08-23,7.075,7.5043,21.84
2016-08-24,5.6863,7.5262,21.14
2016-08-25,5.5272,7.4026,21.23
2016-08-26,4.4038,7.2686,21.32
2016-08-27,5.832,7.3805,20.21
2016-08-28,4.837,7.2526,20.61
2016-08-29,5.4905,7.4143,21.14
2016-08-30,5.9232,7.5,20.66
2016-08-31,4.8552,7.3546,20.93
2016-09-01,3.3569,7.4539,20.76
2016-09-02,4.1863,7.3219,20.23
2016-09-03,5.3042,7.4014,20.17
2016-09-04,5.9326,7.4182,20.14
2016-09-05,5.9642,7.4215,21.15
2016-09-06,5.9292,7.3771,21.13
2016-09-07,3.3446,7.231,20.57
2016-09-08,5.8313,7.387,20.97
2016-09-09,5.4835,7.3966,21.17
2016-09-10,5.2949,7.5252,21.14
2016-09-11,5.2855,7.4174,21.13
2016-09-12,4.278,7.2127,20.38
2016-09-13,5.0414,7.4414,20.38
2016-09-14,4.9387,7.3838,19.99
2016-09-15,5.67,7.5631,20.59
2016-09-16,6.5002,7.6553,20.76
2016-09-17,6.355,7.5504,21.62
2016-09-18,5.4134,7.457,21.1
2016-09-19,5.1869,7.3118,20.91
2016-09-20,6.4666,7.5391,21.04
2016-09-21,4.8991,7.5521,20.16
2016-09-22,4.3824,7.375,20.1
2016-09-23,6.4735,7.4822,21.04
2016-09-24,4.9061,7.3824,20.63
2016-09-25,5.9304,7.3339,21.06
2016-09-26,5.9642,7.3231,20.17
2016-09-27,5.5747,7.4693,20.54
2016-09-28,5.2411,7.3548,21.11
2016-09-29,5.6551,7.4124,21.31
2016-09-30,5.9498,7.3651,20.86
2016-10-01,3.6962,7.3447,19.92
2016-10-02,5.1305,7.4762,20.43
2016-10-03,5.5534,7.3366,20.84
2016-10-04,4.722,7.4218,20.42
2016-10-05,4.0315,7.5038,19.87
2016-10-06,4.5614,7.5396,19.56
2016-10-07,3.9002,7.4911,19.55
2016-10-08,4.339,7.3639,20.49
2016-10-09,4.1018,7.2516,20.31
2016-10-10,5.0606,7.3121,19.69
2016-10-11,4.6639,7.0805,20.01
2016-10-12,3.5419,7.2564,19.73
2016-10-13,4.5778,7.2262,20.73
2016-10-14,6.2328,7.2703,20.03
2016-10-15,5.1962,7.2564,21.05
2016-10-16,4.8979,7.2144,20.27
2016-10-17,5.0323,7.2127,19.25
2016-10-18,2.629,7.3937,18.6
2016-10-19,5.3436,7.1155,20.55
2016-10-20,5.5282,7.1974,20.77
2016-10-21,4.9138,7.205,20.44
2016-10-22,5.3767,7.1645,19.53
2016-10-23,4.4731,7.1501,19.19
2016-10-24,5.171,7.0913,19.29
2016-10-25,3.6672,7.0339,19.37
2016-10-26,4.2271,7.2602,19.41
2016-10-27,5.1072,7.1647,20.54
2016-10-28,5.1048,7.1366,19.26
2016-10-29,4.1669,6.9542,19.38
2016-10-30,5.5356,6.943,20.65
2016-10-31,4.4957,7.0217,19.49
2016-11-01,3.9451,7.1532,19.51
2016-11-02,4.2384,7.1352,19.42
2016-11-03,4.4719,7.0826,20.15
2016-11-04,4.4938,6.8794,19.34
2016-11-05,4.6666,7.074,20.59
2016-11-06,4.4736,6.81,19.89
2016-11-07,3.6245,6.7476,20.65
2016-11-08,4.3301,6.9626,20.11
2016-11-09,5.2058,6.8993,19.47
2016-11-10,3.7536,6.8362,20.6
2016-11-11,3.0835,6.6017,20.17
2016-11-12,3.2875,6.7236,20.61
2016-11-13,4.7592,6.7786,19.98
2016-11-14,4.1386,6.7826,20.04
2016-11-15,4.5223,6.7349,18.73
2016-11-16,4.8019,6.8885,19.91
2016-11-17,3.9396,6.8201,19.72
2016-11-18,4.4789,6.6758,19.71
2016-11-19,3.3497,6.5868,19.06
2016-11-20,4.1419,6.9226,19.22
2016-11-21,6.697,6.96,20.53
2016-11-22,6.4346,6.8825,20.92
2016-11-23,4.9735,6.6079,20.47
2016-11-24,4.0099,6.6372,19.66
2016-11-25,2.8658,6.5052,20.12
2016-11-26,3.3593,6.6384,19.92
2016-11-27,3.6163,6.6518,19.93
2016-11-28,4.4563,6.677,20.75
2016-11-29,3.8256,6.5194,20.0
2016-11-30,4.5523,6.5834,21.19
2016-12-01,2.8855,6.5851,20.22
2016-12-02,3.7937,6.467,19.55
2016-12-03,3.0473,6.2866,18.55
2016-12-04,4.6351,6.5364,19.44
2016-12-05,4.1563,6.5614,19.01
2016-12-06,4.4671,6.4798,20.09
2016-12-07,4.0486,6.4418,20.18
2016-12-08,4.2449,6.5693,19.57
2016-12-09,4.2862,6.5282,19.67
2016-12-10,4.979,6.528,19.91
2016-12-11,5.689,6.6002,20.45
2016-12-12,4.501,6.6173,20.59
2016-12-13,4.3382,6.4774,20.46
2016-12-14,4.9092,6.6074,20.43
2016-12-15,4.9409,6.6847,20.52
2016-12-16,4.1172,6.4838,19.82
2016-12-17,4.7902,6.4536,20.61
2016-12-18,5.6575,6.5844,20.64
2016-12-19,5.4922,6.6523,20.23
2016-12-20,5.1977,6.5218,18.6
2016-12-21,2.6916,6.4351,18.53
2016-12-22,3.9538,6.4553,18.9
2016-12-23,3.7927,6.4886,19.41
2016-12-24,4.722,6.4502,19.09
2016-12-25,3.8508,6.4109,19.71
2016-12-26,4.2816,6.5124,19.48
2016-12-27,4.1381,6.5359,18.55
2016-12-28,5.3268,6.6564,20.17
2016-12-29,4.7362,6.5868,20.26
2016-12-30,2.7494,6.5088,20.12
2016-12-31,3.8287,6.3089,19.91
2017-01-01,5.3184,6.6055,21.04
2017-01-02,5.6006,6.649,21.0
2017-01-03,5.2702,6.6962,20.48
2017-01-04,4.7441,6.5674,20.51
2017-01-05,3.0118,6.2393,19.7
2017-01-06,4.6154,6.4627,20.84
2017-01-07,4.1597,6.4939,20.07
2017-01-08,3.6178,6.2837,19.62
2017-01-09,3.132,6.2395,19.24
2017-01-10,4.7218,6.5407,19.22
2017-01-11,5.1538,6.7015,18.39
2017-01-12,4.3927,6.541,19.75
2017-01-13,4.7496,6.6154,20.25
2017-01-14,4.3874,6.6972,19.62
2017-01-15,2.7619,6.8004,18.69
2017-01-16,4.3634,6.7565,18.37
2017-01-17,4.1906,6.5861,19.34
2017-01-18,3.4169,6.6034,19.13
2017-01-19,4.871,6.6994,19.75
2017-01-20,4.9178,6.649,19.76
2017-01-21,5.7518,6.6811,19.58
2017-01-22,6.3586,7.0147,18.82
2017-01-23,6.1723,6.9979,19.14
2017-01-24,4.6644,6.8707,18.87
2017-01-25,5.2786,6.6146,18.7
2017-01-26,5.537,6.81,20.3
2017-01-27,4.7774,6.6708,20.42
2017-01-28,4.4062,6.7111,20.43
2017-01-29,5.483,6.7855,21.21
2017-01-30,3.4339,6.5796,19.98
2017-01-31,4.933,6.5933,20.3
2017-02-01,5.3772,6.9682,20.37
2017-02-02,4.5146,6.882,20.08
2017-02-03,5.4672,6.7212,20.67
2017-02-04,6.2702,6.9372,20.64
2017-02-05,6.7543,7.0582,21.18
2017-02-06,5.9926,6.9912,21.24
2017-02-07,6.3718,7.075,21.4
2017-02-08,6.0828,7.043,22.04
2017-02-09,5.749,7.0613,21.6
2017-02-10,5.3916,6.7862,20.85
2017-02-11,5.2325,6.9982,20.1
2017-02-12,4.0697,7.1657,19.13
2017-02-13,5.3558,7.1518,20.33
2017-02-14,6.4284,7.4842,20.84
2017-02-15,6.0394,7.3349,20.41
2017-02-16,5.4182,7.2634,20.48
2017-02-17,4.297,7.1347,19.68
2017-02-18,5.4571,7.1885,19.53
2017-02-19,5.3957,7.1201,20.05
2017-02-20,5.7989,7.1177,20.34
2017-02-21,5.1643,7.0519,20.38
2017-02-22,5.351,7.1554,20.23
2017-02-23,5.3407,7.1501,19.85
2017-02-24,4.7074,7.1789,19.86
2017-02-25,5.3935,7.1544,19.72
2017-02-26,6.1234,7.2576,19.34
2017-02-27,4.6346,6.9634,20.32
2017-02-28,4.5175,7.039,20.3
2017-03-01,5.4871,7.1726,20.47
2017-03-02,4.4198,7.1686,20.32
2017-03-03,4.3046,7.1822,20.42
2017-03-04,5.503,7.1311,20.71
2017-03-05,3.4224,7.2614,20.3
2017-03-06,4.8312,7.2475,21.04
2017-03-07,3.8395,7.2494,19.78
2017-03-08,2.3299,7.4126,19.47
2017-03-09,4.9118,7.3536,20.28
2017-03-10,1.7213,7.267,20.43
2017-03-11,3.9067,7.116,19.69
2017-03-12,2.5296,7.2204,19.66
2017-03-13,4.1664,7.4926,20.29
2017-03-14,4.259,7.3954,20.65
2017-03-15,4.0493,7.199,20.24
2017-03-16,6.0168,7.2962,20.28
2017-03-17,5.0338,7.3013,20.05
2017-03-18,4.5566,7.1736,20.1
2017-03-19,3.6766,7.0889,20.52
2017-03-20,3.7733,6.961,20.34
2017-03-21,4.3195,6.8534,20.27
2017-03-22,3.1579,6.817,20.57
2017-03-23,3.2914,6.5213,19.36
2017-03-24,2.976,7.2326,19.1
2017-03-25,4.4124,7.2842,20.06
2017-03-26,3.738,7.4078,19.25
2017-03-27,6.1298,7.4542,20.53
2017-03-28,5.1749,7.2876,21.38
2017-03-29,3.6593,7.3253,18.94
2017-03-30,3.5525,7.327,19.7
2017-03-31,3.9528,7.1726,20.16
2017-04-01,5.5848,7.2502,21.41
2017-04-02,6.174,7.512,21.68
2017-04-03,6.1637,7.6716,21.89
2017-04-04,6.1202,7.5869,21.34
2017-04-05,5.8236,7.4827,21.29
2017-04-06,5.7684,7.4261,21.93
2017-04-07,5.2006,7.1712,20.69
2017-04-08,3.781,7.0939,19.89
2017-04-09,2.9878,7.3759,19.47
2017-04-10,5.1636,7.4006,21.01
2017-04-11,4.4849,7.3798,20.2
2017-04-12,4.4016,7.0714,20.7
2017-04-13,5.257,7.1695,21.49
2017-04-14,1.7537,7.3505,20.17
2017-04-15,6.6598,7.4544,21.64
2017-04-16,5.053,7.3272,21.25
2017-04-17,3.035,6.966,20.26
2017-04-18,4.3634,7.3099,21.11
2017-04-19,3.6288,7.5286,19.56
2017-04-20,2.9647,7.3584,19.4
2017-04-21,4.3714,7.427,18.92
2017-04-22,5.5409,7.482,20.67
2017-04-23,5.5217,7.3589,21.56
2017-04-24,3.9043,7.4662,20.72
2017-04-25,4.8139,7.3598,20.96
2017-04-26,3.5321,7.3946,19.6
2017-04-27,6.096,7.4916,21.6
2017-04-28,5.6695,7.2146,20.92
2017-04-29,4.8511,7.3402,20.93
2017-04-30,2.6448,7.0306,20.13
2017-05-01,3.9175,7.2214,20.62
2017-05-02,4.5058,7.4597,20.32
2017-05-03,2.7072,7.3692,19.44
2017-05-04,5.6374,7.5655,21.07
2017-05-05,4.1398,7.3637,21.14
2017-05-06,4.5823,7.4292,20.66
2017-05-07,4.1285,7.343,20.04
2017-05-08,4.6802,7.3709,19.87
2017-05-09,3.3816,7.2874,20.14
2017-05-10,4.1186,7.3498,20.13
2017-05-11,3.9101,7.4021,19.82
2017-05-12,2.7924,7.3303,20.41
2017-05-13,4.4419,7.3032,20.84
2017-05-14,4.818,7.301,20.41
2017-05-15,4.716,7.261,19.85
2017-05-16,5.4974,7.363,20.76
2017-05-17,4.7525,7.2518,20.6
2017-05-18,5.8253,7.4213,20.92
2017-05-19,6.6787,7.4786,21.53
2017-05-20,4.4177,7.3613,20.1
2017-05-21,4.871,7.3474,21.38
2017-05-22,3.3334,7.1846,20.29
2017-05-23,5.9429,7.277,21.22
2017-05-24,6.5717,7.2991,22.29
2017-05-25,6.0518,7.2466,21.97
2017-05-26,5.634,7.2413,21.03
2017-05-27,5.0076,7.0442,20.89
2017-05-28,6.1339,7.1945,20.94
2017-05-29,5.2733,7.2674,20.95
2017-05-30,5.881,7.308,20.81
2017-05-31,4.5012,7.1705,19.53
2017-06-01,5.3292,7.0829,19.95
2017-06-02,6.2414,7.0802,20.87
2017-06-03,6.8345,7.2526,21.59
2017-06-04,5.0614,7.0529,21.51
2017-06-05,4.9471,7.0706,21.68
2017-06-06,6.3545,7.2679,21.22
2017-06-07,3.3902,7.2358,21.3
2017-06-08,2.3196,6.9917,19.25
2017-06-09,3.828,6.8686,20.73
2017-06-10,6.0768,7.2562,21.07
2017-06-11,4.9322,7.2746,20.04
2017-06-12,4.2403,7.0536,20.69
2017-06-13,5.1614,7.1849,19.74
2017-06-14,5.2097,7.2062,20.65
2017-06-15,3.0929,7.0632,20.64
2017-06-16,6.0259,7.0678,20.62
2017-06-17,3.4834,7.0975,19.91
2017-06-18,4.1854,7.0572,19.39
2017-06-19,4.4453,7.033,19.45
2017-06-20,4.9682,7.1837,19.57
2017-06-21,4.7148,7.1117,20.52
2017-06-22,5.3813,7.0608,20.93
2017-06-23,4.8754,7.1616,20.23
2017-06-24,6.3792,7.1717,20.34
2017-06-25,4.739,7.0817,20.22
2017-06-26,4.6807,6.9862,20.38
2017-06-27,5.0345,7.1654,20.28
2017-06-28,5.4554,7.1383,20.41
2017-06-29,5.7665,7.2797,20.89
2017-06-30,5.8133,7.1566,20.54
2017-07-01,6.815,7.2672,21.08
2017-07-02,6.0358,7.194,19.87
2017-07-03,5.6105,7.1239,20.32
2017-07-04,6.0019,7.0644,20.84
2017-07-05,5.9078,7.1371,21.0
2017-07-06,5.4355,7.2151,20.82
2017-07-07,6.4908,7.3145,20.99
2017-07-08,6.1538,7.0956,21.24
2017-07-09,6.149,7.175,21.22
2017-07-10,5.0621,7.0723,21.38
2017-07-11,5.0947,7.1143,20.54
2017-07-12,5.3191,7.0603,20.4
2017-07-13,5.9318,7.3135,20.96
2017-07-14,5.1175,7.2017,20.48
2017-07-15,4.2026,7.1304,20.17
2017-07-16,5.7751,7.3193,20.87
2017-07-17,4.7383,7.2326,20.31
2017-07-18,6.1286,7.1489,20.51
2017-07-19,5.7031,7.0608,20.22
2017-07-20,4.4208,7.0826,20.14
2017-07-21,6.1896,7.2958,20.7
2017-07-22,5.7787,7.134,21.03
2017-07-23,5.3664,7.086,21.09
2017-07-24,6.3446,7.2209,21.4
2017-07-25,6.258,7.1806,20.95
2017-07-26,5.8188,7.1938,20.97
2017-07-27,5.6729,6.9245,21.0
2017-07-28,5.9244,7.157,21.69
2017-07-29,5.9887,7.2437,20.99
2017-07-30,4.2185,7.2367,19.7
2017-07-31,4.3951,7.3802,19.84
2017-08-01,5.0532,7.308,20.22
2017-08-02,6.1006,7.3514,20.85
2017-08-03,5.9587,7.0978,20.84
2017-08-04,5.0611,7.0188,20.83
2017-08-05,5.6983,7.0778,20.21
2017-08-06,6.5117,7.3426,20.99
2017-08-07,5.8961,7.4558,21.03
2017-08-08,5.6374,7.2,20.99
2017-08-09,5.0746,7.2439,21.25
2017-08-10,5.2135,7.1808,21.01
2017-08-11,5.6827,7.3507,20.16
2017-08-12,4.5403,7.3574,20.47
2017-08-13,6.0271,7.3358,20.44
2017-08-14,6.4598,7.4155,21.34
2017-08-15,5.365,7.3452,20.12
2017-08-16,5.2106,7.3949,20.76
2017-08-17,6.5602,7.5355,21.26
2017-08-18,5.3107,7.4436,20.64
2017-08-19,2.7893,7.4465,20.58
2017-08-20,4.4748,7.2494,19.82
2017-08-21,6.0348,7.3901,20.24
2017-08-22,5.8346,7.4424,21.33
2017-08-23,6.0967,7.4402,20.99
2017-08-24,4.5406,7.0862,20.31
2017-08-25,6.1085,7.4846,20.71
2017-08-26,4.9817,7.4527,20.61
2017-08-27,5.8915,7.5276,20.3
2017-08-28,5.1024,7.4453,19.69
2017-08-29,5.8243,7.4153,19.23
2017-08-30,5.8591,7.627,19.85
2017-08-31,6.3679,7.5396,20.96
2017-09-01,7.4544,7.6663,21.39
2017-09-02,4.1868,7.4184,21.34
2017-09-03,4.8982,7.284,20.3
2017-09-04,6.6029,7.5103,20.95
2017-09-05,5.4206,7.5624,20.92
2017-09-06,6.2815,7.5958,20.46
2017-09-07,4.9939,7.4609,20.48
2017-09-08,3.5011,7.3598,20.11
2017-09-09,3.6578,7.5826,19.31
2017-09-10,4.6457,7.4455,20.3
2017-09-11,6.1843,7.5473,20.77
2017-09-12,4.9008,7.5473,20.31
2017-09-13,4.9699,7.4935,20.52
2017-09-14,5.4247,7.1988,21.06
2017-09-15,5.6076,7.2674,20.53
2017-09-16,5.873,7.4083,21.37
2017-09-17,5.0294,7.3903,20.46
2017-09-18,6.2369,7.4998,21.33
2017-09-19,5.7343,7.5574,20.34
2017-09-20,5.1118,7.5641,20.62
2017-09-21,5.4698,7.2713,20.85
2017-09-22,5.2889,6.8359,20.39
2017-09-23,4.7556,7.1086,20.36
2017-09-24,5.9153,7.2809,20.71
2017-09-25,5.8406,7.2955,20.95
2017-09-26,4.3272,7.2451,20.61
2017-09-27,6.4294,7.4813,21.06
2017-09-28,3.7699,7.4916,19.74
2017-09-29,4.8653,7.501,20.0
2017-09-30,3.6278,7.3272,19.35
2017-10-01,4.5612,7.1597,19.79
2017-10-02,5.5378,7.3697,19.67
2017-10-03,5.0328,7.463,19.81
2017-10-04,3.743,7.4174,20.37
2017-10-05,2.0866,7.2034,19.31
2017-10-06,5.0366,7.3188,19.28
2017-10-07,5.591,7.3462,20.35
2017-10-08,5.6064,7.2494,21.23
2017-10-09,2.8944,7.2449,20.02
2017-10-10,6.0017,7.3646,20.35
2017-10-11,4.1182,7.4186,20.68
2017-10-12,5.5738,7.3644,20.87
2017-10-13,5.2634,7.2701,21.1
2017-10-14,4.8218,7.2127,21.46
2017-10-15,5.7974,7.1153,20.96
2017-10-16,6.0365,7.1906,22.12
2017-10-17,6.4937,7.2468,22.2
2017-10-18,6.299,7.121,22.06
2017-10-19,5.0398,7.0601,21.56
2017-10-20,5.1758,7.1731,21.45
2017-10-21,4.7666,7.1534,20.96
2017-10-22,4.3308,6.947,20.08
2017-10-23,3.2609,6.8767,20.45
2017-10-24,2.3866,7.0764,20.04
2017-10-25,4.0301,7.0394,19.49
2017-10-26,2.7358,6.9926,19.04
2017-10-27,4.9906,7.0793,20.52
2017-10-28,2.6042,6.9648,19.53
2017-10-29,3.3425,7.027,19.15
2017-10-30,4.1266,6.9223,19.11
2017-10-31,4.4777,7.0274,20.25
2017-11-01,5.0909,6.9958,20.39
2017-11-02,5.7204,7.2312,19.79
2017-11-03,4.6474,7.0195,20.32
2017-11-04,4.4335,7.0498,19.55
2017-11-05,3.8213,7.0534,19.74
2017-11-06,5.526,6.9691,19.75
2017-11-07,4.5125,6.8527,20.39
2017-11-08,3.5489,6.7663,20.02
2017-11-09,3.5712,6.9768,19.39
2017-11-10,4.5754,6.8359,20.24
2017-11-11,4.3519,6.8916,20.15
2017-11-12,5.196,6.953,20.6
2017-11-13,3.366,6.7178,20.49
2017-11-14,3.4874,6.822,20.77
2017-11-15,3.8042,7.0171,19.03
2017-11-16,4.6032,6.9374,19.92
2017-11-17,4.2276,6.9362,20.1
2017-11-18,4.0099,6.6737,19.61
2017-11-19,3.9194,6.6718,19.98
2017-11-20,4.1926,6.6758,19.79
2017-11-21,4.6553,6.7584,19.49
2017-11-22,4.6092,6.7543,19.59
2017-11-23,4.7242,6.5573,20.18
2017-11-24,4.3913,6.6317,19.37
2017-11-25,5.0611,6.643,19.94
2017-11-26,4.7138,6.5016,20.81
2017-11-27,3.5422,6.5846,19.44
2017-11-28,4.4633,6.6504,20.38
2017-11-29,4.5194,6.6053,20.59
2017-11-30,3.899,6.6007,20.45
2017-12-01,3.8474,6.5863,19.1
2017-12-02,4.3411,6.6233,19.64
2017-12-03,4.3013,6.6578,20.19
2017-12-04,4.8526,6.6096,20.6
2017-12-05,6.0324,6.6823,21.58
2017-12-06,5.0674,6.7207,21.41
2017-12-07,5.0981,6.6072,20.57
2017-12-08,4.3814,6.5314,19.77
2017-12-09,4.5922,6.5563,20.02
2017-12-10,4.2874,6.5038,20.16
2017-12-11,4.4705,6.4063,19.56
2017-12-12,3.9835,6.4906,19.2
2017-12-13,4.7954,6.6554,19.53
2017-12-14,5.8483,6.8482,19.9
2017-12-15,5.868,6.6058,20.58
2017-12-16,5.4154,6.589,20.85
2017-12-17,5.701,6.6758,20.33
2017-12-18,6.695,6.8066,19.35
2017-12-19,6.3982,6.7829,18.8
2017-12-20,6.2551,6.6643,19.45
2017-12-21,5.4218,6.5911,19.48
2017-12-22,5.0798,6.5698,20.39
2017-12-23,5.5013,6.587,20.29
2017-12-24,3.7289,6.4886,18.88
2017-12-25,3.9432,6.318,19.18
2017-12-26,4.5986,6.5256,19.28
2017-12-27,3.1301,6.522,19.0
2017-12-28,3.2146,6.3838,19.13
2017-12-29,3.1094,6.3293,19.13
2017-12-30,4.2264,6.5208,18.61
2017-12-31,4.3087,6.5078,18.86
2018-01-01,4.5898,6.5796,19.86
2018-01-02,4.2799,6.4814,20.33
2018-01-03,5.4526,6.5726,19.87
2018-01-04,5.0609,6.6504,19.94
2018-01-05,4.5108,6.6778,19.81
2018-01-06,5.2634,6.5676,19.54
2018-01-07,6.1774,6.665,18.22
2018-01-08,4.7508,6.5798,19.36
2018-01-09,2.7655,6.5112,19.49
2018-01-10,5.1055,6.6686,19.63
2018-01-11,4.4501,6.6754,19.61
2018-01-12,3.3883,6.636,19.29
2018-01-13,4.032,6.5626,19.18
2018-01-14,4.5396,6.439,19.21
2018-01-15,4.2761,6.6209,19.17
2018-01-16,3.6058,6.6386,19.28
2018-01-17,3.5242,6.5674,19.93
2018-01-18,4.0584,6.571,19.55
2018-01-19,4.8199,6.5285,19.62
2018-01-20,6.1433,6.8227,20.47
2018-01-21,5.4298,6.6854,20.04
2018-01-22,4.2314,6.8227,20.48
2018-01-23,4.7263,6.9166,20.18
2018-01-24,5.1017,6.9101,19.92
2018-01-25,6.0094,6.8446,20.52
2018-01-26,3.9713,6.7697,19.7
2018-01-27,5.3664,6.8674,20.24
2018-01-28,4.5096,6.8616,20.26
2018-01-29,5.4497,6.8902,20.5
2018-01-30,4.591,6.8498,20.97
2018-01-31,5.1132,6.8683,20.56
2018-02-01,4.9896,6.8153,20.52
2018-02-02,3.871,6.7594,20.07
2018-02-03,3.2645,6.7114,19.21
2018-02-04,4.5571,6.7322,20.45
2018-02-05,3.8885,6.8182,20.41
2018-02-06,5.5646,6.8054,20.36
2018-02-07,6.401,7.0814,20.52
2018-02-08,5.3722,7.0349,20.04
2018-02-09,5.2954,7.1189,19.94
2018-02-10,5.0633,7.0574,21.0
2018-02-11,3.0886,6.9533,19.99
2018-02-12,4.6466,6.9746,19.86
2018-02-13,5.2385,7.1105,20.18
2018-02-14,3.4855,7.0056,19.26
2018-02-15,4.4748,6.9962,20.3
2018-02-16,4.451,6.9794,21.14
2018-02-17,4.3006,6.9211,20.47
2018-02-18,5.2274,7.1045,20.17
2018-02-19,5.8368,7.2077,19.78
2018-02-20,5.0242,7.2698,19.8
2018-02-21,5.9698,7.0498,19.68
2018-02-22,3.9202,6.942,19.46
2018-02-23,4.2982,6.9593,19.02
2018-02-24,4.3704,7.0171,18.53
2018-02-25,4.7791,7.2034,18.5
2018-02-26,5.9952,7.302,19.57
2018-02-27,4.5943,7.1354,19.4
2018-02-28,5.1595,7.1748,19.58
2018-03-01,5.994,7.3632,20.19
2018-03-02,3.745,6.9139,20.17
2018-03-03,4.8322,6.9038,20.21
2018-03-04,4.285,6.9338,19.68
2018-03-05,4.8828,7.0183,19.83
2018-03-06,3.953,6.9893,18.96
2018-03-07,5.8723,7.2583,21.01
2018-03-08,5.5846,7.4666,21.75
2018-03-09,5.7202,7.4062,21.75
2018-03-10,6.7555,7.4196,22.4
2018-03-11,7.3793,7.5401,23.16
2018-03-12,5.6458,7.482,22.75
2018-03-13,4.1126,7.3913,20.85
2018-03-14,6.3067,7.3378,21.58
2018-03-15,2.8301,7.0022,20.02
2018-03-16,5.903,7.3049,21.03
2018-03-17,4.9872,7.1429,21.43
2018-03-18,4.4018,7.0603,20.22
2018-03-19,4.3985,6.9787,19.59
2018-03-20,3.9312,7.1575,20.79
2018-03-21,4.5288,6.8275,21.13
2018-03-22,3.1068,7.0841,20.59
2018-03-23,4.8533,6.972,20.52
2018-03-24,4.4472,7.1664,20.69
2018-03-25,4.4095,7.248,21.42
2018-03-26,4.909,7.0198,21.15
2018-03-27,5.2486,6.8904,21.74
2018-03-28,4.6114,6.8774,21.1
2018-03-29,2.6042,7.4347,21.23
2018-03-30,3.4349,7.3246,21.1
2018-03-31,4.307,7.3843,20.43
2018-04-01,4.0306,7.3922,20.01
2018-04-02,3.1063,7.2178,19.91
2018-04-03,3.9146,7.2254,19.1
2018-04-04,4.2204,7.241,19.44
2018-04-05,4.9406,7.4316,20.35
2018-04-06,3.6281,7.4472,18.99
2018-04-07,4.5178,7.3349,19.21
2018-04-08,5.6532,7.3421,20.26
2018-04-09,5.8634,7.4011,20.66
2018-04-10,3.3778,7.2382,19.25
2018-04-11,3.9494,7.2557,19.81
2018-04-12,3.7015,7.4527,20.14
2018-04-13,4.0476,7.2595,19.83
2018-04-14,4.7534,7.2931,20.02
2018-04-15,5.4022,7.435,20.91
2018-04-16,3.3298,7.2154,20.23
2018-04-17,3.637,7.2401,20.19
2018-04-18,3.6238,7.3913,20.28
2018-04-19,5.6254,7.3949,20.47
2018-04-20,4.2929,7.4191,19.98
2018-04-21,5.3261,7.5098,20.7
2018-04-22,3.6204,7.5156,20.47
2018-04-23,6.3989,7.6243,20.5
2018-04-24,4.5965,7.4304,21.39
2018-04-25,4.7285,7.4124,20.1
2018-04-26,5.0801,7.253,20.55
2018-04-27,3.7502,7.0661,20.09
2018-04-28,4.1556,7.4059,20.34
2018-04-29,3.775,7.3925,20.5
2018-04-30,5.9059,7.4791,20.75
2018-05-01,4.4846,7.2838,19.88
2018-05-02,5.7991,7.3726,20.08
2018-05-03,4.1566,7.2086,21.23
2018-05-04,4.321,7.338,20.58
2018-05-05,3.433,7.303,19.15
2018-05-06,4.2643,7.1659,20.35
2018-05-07,4.6457,7.3421,20.16
2018-05-08,4.2065,7.3536,19.18
2018-05-09,4.8905,7.3212,19.53
2018-05-10,4.5329,7.2396,20.64
2018-05-11,4.0764,7.1585,19.79
2018-05-12,4.7693,7.2684,20.68
2018-05-13,4.6445,7.1683,19.72
2018-05-14,4.4666,7.3334,18.74
2018-05-15,4.7674,7.3486,19.77
2018-05-16,4.6063,7.4237,20.22
2018-05-17,5.6556,7.3982,20.77
2018-05-18,4.4748,7.2754,20.06
2018-05-19,5.0947,7.2569,19.94
2018-05-20,4.6097,7.2202,20.02
2018-05-21,3.4363,7.1222,19.42
2018-05-22,5.4238,7.3046,20.85
2018-05-23,5.1007,7.2118,20.39
2018-05-24,5.2678,7.2415,20.83
2018-05-25,5.6266,7.2206,20.81
2018-05-26,3.9886,7.1014,20.78
2018-05-27,4.6414,7.0968,20.63
2018-05-28,4.1724,7.0958,19.2
2018-05-29,4.9087,7.1856,20.29
2018-05-30,4.2694,7.1503,20.51
2018-05-31,5.659,7.212,21.14
2018-06-01,3.9667,7.159,20.8
2018-06-02,6.6674,7.3378,20.94
2018-06-03,5.7694,7.2804,21.05
2018-06-04,5.37,7.0762,20.66
2018-06-05,4.6841,7.2022,21.07
2018-06-06,5.1463,7.2204,21.15
2018-06-07,5.0801,7.2187,21.2
2018-06-08,5.5291,7.081,21.66
2018-06-09,4.9915,6.9907,21.91
2018-06-10,4.5737,7.1234,21.08
2018-06-11,4.6212,7.0404,20.77
2018-06-12,6.0492,7.2038,20.07
2018-06-13,5.5174,7.0454,21.22
2018-06-14,4.7806,7.0284,20.24
2018-06-15,5.3146,6.9955,20.86
2018-06-16,5.7062,7.0872,20.15
2018-06-17,6.0773,7.139,20.91
2018-06-18,5.3179,6.9974,20.68
2018-06-19,5.8135,7.0838,20.63
2018-06-20,5.5577,7.2122,20.14
2018-06-21,5.6772,7.0956,20.49
2018-06-22,5.5214,7.1006,20.11
2018-06-23,6.2354,7.3819,19.94
2018-06-24,5.7917,7.0867,19.94
2018-06-25,5.2793,7.1148,20.3
2018-06-26,5.3604,7.092,20.59
2018-06-27,4.8852,7.1926,20.3
2018-06-28,4.8442,7.11,19.72
2018-06-29,4.8725,7.1438,20.51
2018-06-30,4.8451,6.9701,20.37
2018-07-01,5.821,7.1554,20.25
2018-07-02,5.1583,7.1544,19.84
2018-07-03,5.4098,7.2144,19.43
2018-07-04,6.792,7.2691,20.68
2018-07-05,5.7574,7.0241,20.67
2018-07-06,5.0309,7.0608,20.72
2018-07-07,5.1958,7.0548,20.4
2018-07-08,5.9558,7.1184,21.37
2018-07-09,5.7029,7.2077,21.14
2018-07-10,5.7835,7.1875,20.67
2018-07-11,6.2177,7.2708,20.1
2018-07-12,6.4387,7.315,21.22
2018-07-13,5.801,7.0865,21.06
2018-07-14,6.5129,7.2257,20.86
2018-07-15,5.7658,7.1311,20.98
2018-07-16,6.2674,7.3358,21.51
2018-07-17,6.2016,7.1688,21.16
2018-07-18,5.8294,7.2931,21.25
2018-07-19,5.8438,7.1671,21.29
2018-07-20,5.4667,7.0416,20.92
2018-07-21,4.5818,6.8455,21.31
2018-07-22,5.4857,7.1122,21.29
2018-07-23,4.8242,7.1045,20.94
2018-07-24,4.6181,7.1501,20.44
2018-07-25,6.5249,7.3421,20.26
2018-07-26,4.8545,7.2194,20.37
2018-07-27,4.7326,7.1126,20.38
2018-07-28,5.8498,7.2895,20.57
2018-07-29,5.2795,7.1273,21.26
2018-07-30,3.8938,7.1736,20.75
2018-07-31,3.8213,7.2358,20.27
2018-08-01,5.8944,7.0284,19.89
2018-08-02,5.6237,7.3927,20.04
2018-08-03,5.4125,7.4743,19.86
2018-08-04,5.2531,7.385,19.86
2018-08-05,2.778,6.8803,19.28
2018-08-06,6.8191,7.4177,21.0
2018-08-07,6.9763,7.4609,21.94
2018-08-08,6.6929,7.2127,21.49
2018-08-09,6.2978,7.3812,21.19
2018-08-10,6.96,7.5658,20.67
2018-08-11,7.3447,7.6018,21.34
2018-08-12,5.9114,7.4518,21.29
2018-08-13,5.713,7.2437,21.5
2018-08-14,3.7114,7.2538,19.78
2018-08-15,5.3455,7.2857,19.68
2018-08-16,7.4762,7.6646,21.27
2018-08-17,6.2726,7.488,22.11
2018-08-18,5.7559,7.3397,21.36
2018-08-19,5.8894,7.4004,20.61
2018-08-20,6.5813,7.5526,21.84
2018-08-21,5.8236,7.4957,21.66
2018-08-22,5.8478,7.4767,21.38
2018-08-23,5.7192,7.4446,20.97
2018-08-24,5.8853,7.218,21.42
2018-08-25,6.6362,7.4326,21.93
2018-08-26,5.5051,7.4491,21.49
2018-08-27,6.323,7.4318,20.95
2018-08-28,6.4049,7.4686,22.04
2018-08-29,5.6856,7.3284,21.24
2018-08-30,5.8267,7.4818,21.47
2018-08-31,6.571,7.5132,20.61
2018-09-01,5.9246,7.4782,21.73
2018-09-02,6.013,7.3805,21.54
2018-09-03,6.0557,7.513,22.16
2018-09-04,4.5226,7.3752,20.6
2018-09-05,5.0767,7.4215,20.64
2018-09-06,4.6584,7.3682,20.34
2018-09-07,4.6534,7.0572,20.8
2018-09-08,5.8985,7.3879,20.73
2018-09-09,5.3134,7.4618,21.06
2018-09-10,5.5046,7.4609,21.21
2018-09-11,5.4281,7.5394,20.42
2018-09-12,4.4551,7.4165,19.84
2018-09-13,3.9276,7.3255,19.11
2018-09-14,4.0392,7.3978,19.41
2018-09-15,4.1494,7.5062,19.33
2018-09-16,4.4698,7.6694,19.68
2018-09-17,6.8045,7.4822,20.74
2018-09-18,6.0391,7.4892,21.09
2018-09-19,6.9029,7.542,21.47
2018-09-20,6.6353,7.5737,21.96
2018-09-21,6.5623,7.4393,21.97
2018-09-22,4.319,7.1918,20.83
2018-09-23,5.9465,7.2967,21.08
2018-09-24,4.475,7.1846,20.77
2018-09-25,6.227,7.1772,21.3
2018-09-26,5.0578,7.3171,21.31
2018-09-27,4.7947,7.4604,20.38
2018-09-28,5.273,7.4654,19.35
2018-09-29,5.9455,7.5072,20.73
2018-09-30,4.9644,7.3085,20.21
2018-10-01,5.3009,7.249,20.46
2018-10-02,4.4803,7.5082,19.87
2018-10-03,4.7777,7.5521,20.73
2018-10-04,5.7502,7.5562,19.1
2018-10-05,4.5151,7.3152,19.1
2018-10-06,4.6706,7.3658,19.35
2018-10-07,5.3753,7.3498,19.19
2018-10-08,4.5142,7.3538,20.16
2018-10-09,3.6629,7.4626,19.46
2018-10-10,4.2713,7.4446,19.82
2018-10-11,4.2343,7.3898,19.79
2018-10-12,4.015,7.2036,20.53
2018-10-13,5.2754,7.2024,20.42
2018-10-14,4.7237,7.1623,19.86
2018-10-15,5.4859,7.2449,19.55
2018-10-16,4.279,7.3375,20.66
2018-10-17,5.1346,7.2674,20.55
2018-10-18,4.5209,7.3387,19.67
2018-10-19,4.6884,7.0673,19.22
2018-10-20,4.4124,7.0397,19.57
2018-10-21,3.8035,7.1376,19.5
2018-10-22,3.8822,7.0346,18.54
2018-10-23,4.6644,7.1016,19.2
2018-10-24,4.4988,7.1849,19.85
2018-10-25,4.2965,7.1698,19.47
2018-10-26,3.871,6.9226,19.9
2018-10-27,4.7808,6.9377,20.72
2018-10-28,4.3918,6.8443,20.0
2018-10-29,4.5977,6.9283,19.81
2018-10-30,4.4273,6.9199,20.89
2018-10-31,5.057,6.937,20.62
2018-11-01,4.1134,6.9468,20.93
2018-11-02,3.4898,6.8083,19.4
2018-11-03,3.8414,7.0502,18.92
2018-11-04,3.5294,6.9319,19.44
2018-11-05,3.3948,6.8201,19.32
2018-11-06,3.9391,6.9022,19.72
2018-11-07,4.4102,6.8779,20.32
2018-11-08,3.2088,6.7961,19.47
2018-11-09,3.7128,6.7546,19.46
2018-11-10,4.3978,6.7579,20.32
2018-11-11,3.9571,6.738,19.78
2018-11-12,4.3906,6.8496,19.64
2018-11-13,3.582,6.6139,19.58
2018-11-14,4.2504,6.6242,20.26
2018-11-15,4.2679,6.7423,20.17
2018-11-16,4.6454,6.6595,19.98
2018-11-17,4.4071,6.5635,19.77
2018-11-18,4.3409,6.5436,20.43
2018-11-19,4.1362,6.4915,19.96
2018-11-20,4.992,6.5549,20.67
2018-11-21,4.3298,6.636,20.54
2018-11-22,4.38,6.733,20.29
2018-11-23,4.1254,6.5753,20.34
2018-11-24,4.1266,6.4435,19.3
2018-11-25,4.2091,6.4428,20.2
2018-11-26,4.0308,6.6106,20.26
2018-11-27,3.882,6.4514,20.17
2018-11-28,3.8974,6.559,19.35
2018-11-29,4.8029,6.4877,20.26
2018-11-30,3.943,6.5086,19.74
2018-12-01,4.74,6.7414,19.32
2018-12-02,5.4931,6.7714,19.0
2018-12-03,5.0498,6.6288,19.79
2018-12-04,4.1558,6.7229,19.44
2018-12-05,3.7906,6.6878,19.26
2018-12-06,5.5927,6.6434,19.06
2018-12-07,5.1658,6.534,18.88
2018-12-08,4.6013,6.5335,19.42
2018-12-09,5.178,6.5546,19.91
2018-12-10,5.0618,6.5638,20.28
2018-12-11,4.2626,6.4358,20.69
2018-12-12,4.3757,6.2479,20.5
2018-12-13,4.8305,6.5393,20.34
2018-12-14,4.627,6.6338,19.28
2018-12-15,4.4227,6.5719,20.24
2018-12-16,5.7127,6.7018,19.84
2018-12-17,4.6037,6.6518,19.99
2018-12-18,4.1918,6.4742,19.89
2018-12-19,4.8936,6.403,19.96
2018-12-20,4.2662,6.4536,20.16
2018-12-21,4.6735,6.5518,19.8
2018-12-22,4.1935,6.6362,19.85
2018-12-23,5.3352,6.521,19.67
2018-12-24,5.5169,6.5578,20.22
2018-12-25,5.4917,6.5974,19.82
2018-12-26,5.7648,6.5582,19.76
2018-12-27,5.9837,6.5393,20.4
2018-12-28,5.5464,6.6017,20.7
2018-12-29,5.4132,6.6209,20.71
2018-12-30,5.5394,6.6367,20.4
2018-12-31,5.5279,6.642,20.47
2019-01-01,6.6149,6.7397,21.14
2019-01-02,6.6852,6.7697,20.44
2019-01-03,6.4927,6.7394,21.28
2019-01-04,6.343,6.5964,21.17
2019-01-05,4.9826,6.5748,21.42
2019-01-06,4.3699,6.1723,20.24
2019-01-07,3.3449,6.1226,19.45
2019-01-08,4.2516,5.9026,20.16
2019-01-09,3.2494,6.198,19.49
2019-01-10,3.9317,6.4442,19.21
2019-01-11,4.7458,6.5342,19.1
2019-01-12,4.2811,6.5638,18.98
2019-01-13,4.1448,6.4865,19.31
2019-01-14,3.3806,6.533,19.23
2019-01-15,4.933,6.5364,19.73
2019-01-16,4.3162,6.421,20.36
2019-01-17,3.294,6.4538,19.57
2019-01-18,4.9944,6.7462,20.28
2019-01-19,5.2577,6.7339,21.18
2019-01-20,4.8444,6.6936,21.9
2019-01-21,3.8945,6.5652,20.75
2019-01-22,5.8325,6.7927,21.58
2019-01-23,6.0238,6.8638,22.11
2019-01-24,6.2074,6.8959,22.02
2019-01-25,4.3099,6.7517,21.66
2019-01-26,5.9218,6.8818,22.0
2019-01-27,3.7891,6.8321,21.57
2019-01-28,2.8428,6.4922,20.57
2019-01-29,5.3614,6.6175,20.44
2019-01-30,4.9459,6.7018,20.54
2019-01-31,4.7462,6.8074,20.79
2019-02-01,5.2862,6.8834,21.16
2019-02-02,4.7544,6.7212,20.59
2019-02-03,5.5807,6.8225,21.46
2019-02-04,4.8346,6.7318,21.67
2019-02-05,4.7486,6.7325,21.89
2019-02-06,4.4806,6.7229,21.35
2019-02-07,4.0358,6.359,21.06
2019-02-08,4.0109,6.4519,21.62
2019-02-09,3.7322,6.588,20.49
2019-02-10,3.9768,6.8306,20.43
2019-02-11,4.7143,6.8429,21.9
2019-02-12,4.278,6.7982,22.06
2019-02-13,4.913,6.7742,22.58
2019-02-14,4.434,6.3518,21.49
2019-02-15,6.1212,7.0754,22.65
2019-02-16,5.5068,7.355,22.61
2019-02-17,4.2341,7.1402,21.81
2019-02-18,4.4093,6.6005,21.59
2019-02-19,2.5202,7.0121,20.78
2019-02-20,5.0822,7.2072,20.93
2019-02-21,5.4934,7.0918,21.57
2019-02-22,5.7595,6.9478,21.9
2019-02-23,3.144,6.9175,21.23
2019-02-24,4.3409,6.6665,20.77
2019-02-25,4.7741,6.9022,21.51
2019-02-26,3.733,6.9703,20.46
2019-02-27,2.3875,6.817,20.32
2019-02-28,4.5269,6.7894,20.31
2019-03-01,4.7482,6.8374,21.51
2019-03-02,4.4218,7.0759,20.23
2019-03-03,4.9258,6.8772,21.26
2019-03-04,4.3037,6.9655,21.44
2019-03-05,4.2336,6.6883,19.94
2019-03-06,4.2161,6.7109,20.39
2019-03-07,4.1215,6.7817,21.64
2019-03-08,4.0853,6.9977,21.33
2019-03-09,5.8838,7.1201,22.88
2019-03-10,4.2506,7.079,21.29
2019-03-11,5.0006,6.9646,21.22
2019-03-12,5.73,7.3466,22.91
2019-03-13,5.971,7.2919,22.6
2019-03-14,3.8911,6.9326,21.59
2019-03-15,4.3092,6.6756,20.71
2019-03-16,4.3783,7.0711,21.96
2019-03-17,4.5302,6.9113,21.16
2019-03-18,2.9916,6.8174,21.31
2019-03-19,2.7982,6.7387,20.09
2019-03-20,3.8909,6.8074,21.41
2019-03-21,3.9149,6.7075,20.9
2019-03-22,3.5962,6.761,20.09
2019-03-23,4.4801,6.8779,19.73
2019-03-24,3.7517,6.8714,20.88
2019-03-25,5.1665,7.0291,21.48
2019-03-26,3.2323,6.7174,19.97
2019-03-27,3.5198,6.1013,21.24
2019-03-28,4.2221,6.2906,21.06
2019-03-29,2.7914,6.5114,19.89
2019-03-30,4.787,6.5837,20.68
2019-03-31,4.9102,6.8746,21.78
2019-04-01,4.8161,7.1822,20.94
2019-04-02,3.8378,6.9914,20.12
2019-04-03,5.0405,7.3368,20.44
2019-04-04,3.9031,7.4587,20.31
2019-04-05,3.3756,7.4162,20.51
2019-04-06,4.956,7.2386,19.68
2019-04-07,4.5166,6.9485,19.4
2019-04-08,5.0914,7.2314,20.33
2019-04-09,3.5796,7.1923,20.43
2019-04-10,3.223,6.8669,19.53
2019-04-11,5.4816,7.0001,20.11
2019-04-12,4.8194,6.5472,21.41
2019-04-13,4.4714,6.7454,21.61
2019-04-14,4.843,6.6924,21.2
2019-04-15,5.5531,7.1964,21.05
2019-04-16,5.1761,6.9257,21.46
2019-04-17,3.5297,7.3217,21.12
2019-04-18,3.8518,7.1616,20.74
2019-04-19,4.189,7.2132,20.2
2019-04-20,4.2826,7.3092,20.08
2019-04-21,4.284,7.3915,20.1
2019-04-22,3.8064,7.3375,19.52
2019-04-23,5.2723,7.5598,19.67
2019-04-24,4.9015,7.3308,20.68
2019-04-25,4.5098,7.2809,21.43
2019-04-26,4.7424,7.422,21.17
2019-04-27,4.518,7.4592,20.81
2019-04-28,5.6107,7.5413,21.38
2019-04-29,5.2618,7.3505,22.48
2019-04-30,5.359,7.3867,22.16
2019-05-01,7.0411,7.553,21.88
2019-05-02,5.9227,7.458,22.55
2019-05-03,5.49,7.3519,21.86
2019-05-04,4.2708,7.3824,21.33
2019-05-05,6.1246,7.2718,21.97
2019-05-06,5.9074,7.2518,22.46
2019-05-07,5.3496,7.313,22.52
2019-05-08,2.6897,7.3258,21.4
2019-05-09,4.392,7.2677,21.03
2019-05-10,4.47,7.1537,20.58
2019-05-11,4.3301,7.367,20.0
2019-05-12,5.4886,7.2898,20.98
2019-05-13,4.1182,7.2816,21.61
2019-05-14,5.8171,7.3711,21.21
2019-05-15,4.4273,7.2775,20.84
2019-05-16,5.3794,7.3471,20.68
2019-05-17,5.0086,7.2746,21.13
2019-05-18,4.2247,7.2946,20.54
2019-05-19,4.8156,7.2612,21.0
2019-05-20,5.4838,7.3188,19.72
2019-05-21,5.6086,7.2206,20.93
2019-05-22,5.6422,7.2418,20.69
2019-05-23,3.415,7.1126,19.41
2019-05-24,6.0062,7.3512,20.66
2019-05-25,4.1419,7.3596,20.48
2019-05-26,5.4473,7.2818,20.76
2019-05-27,5.4084,7.3111,20.07
2019-05-28,2.9861,7.351,20.32
2019-05-29,5.1751,7.1988,20.12
2019-05-30,3.4486,7.3862,19.96
2019-05-31,4.333,7.3426,20.56
2019-06-01,4.4054,7.3351,20.11
2019-06-02,4.89,7.2758,20.59
2019-06-03,5.545,7.0966,21.31
2019-06-04,6.5978,7.2454,21.6
2019-06-05,5.5092,7.2866,20.33
2019-06-06,4.7755,7.0855,20.28
2019-06-07,3.6991,7.1998,20.09
2019-06-08,6.049,7.1069,20.66
2019-06-09,5.6582,7.207,20.73
2019-06-10,4.781,7.1208,21.17
2019-06-11,5.8301,7.1594,20.5
2019-06-12,5.2622,7.1806,20.5
2019-06-13,4.5257,7.23,20.24
2019-06-14,4.7314,7.175,20.4
2019-06-15,4.5262,7.1448,21.12
2019-06-16,5.9671,7.0834,20.83
2019-06-17,6.5563,7.2014,21.43
2019-06-18,6.0535,7.1419,21.33
2019-06-19,4.9733,7.1129,21.6
2019-06-20,5.2027,7.0918,21.46
2019-06-21,5.6575,7.0781,20.2
2019-06-22,6.0086,6.9979,20.8
2019-06-23,4.1443,6.9288,20.82
2019-06-24,4.2914,6.9876,20.97
2019-06-25,5.004,7.0584,20.76
2019-06-26,6.5779,7.2895,21.15
2019-06-27,5.5529,7.1616,21.37
2019-06-28,4.603,7.0498,21.39
2019-06-29,5.3772,6.9974,21.29
2019-06-30,5.2642,6.8465,21.11
2019-07-01,5.0189,7.0034,20.33
2019-07-02,5.2097,7.1213,20.06
2019-07-03,5.0201,7.1153,19.84
2019-07-04,5.4751,7.2295,20.86
2019-07-05,6.324,7.2905,20.6
2019-07-06,6.7994,7.279,21.18
2019-07-07,6.8066,7.405,21.36
2019-07-08,5.214,7.0565,20.28
2019-07-09,4.8682,7.0519,20.4
2019-07-10,5.9285,7.2809,20.55
2019-07-11,5.6563,7.2106,21.0
2019-07-12,5.3124,7.2698,20.89
2019-07-13,5.4094,7.1604,20.6
2019-07-14,6.0518,7.2818,20.67
2019-07-15,5.2226,7.2612,20.18
2019-07-16,5.2106,7.3298,19.38
2019-07-17,6.8957,7.3428,20.49
2019-07-18,6.901,7.297,21.52
2019-07-19,6.791,7.361,21.68
2019-07-20,6.7541,7.2317,21.54
2019-07-21,6.4502,7.2936,21.83
2019-07-22,4.4534,7.1398,20.79
2019-07-23,5.0983,6.9559,20.05
2019-07-24,4.8835,7.2106,20.55
2019-07-25,5.2474,7.2799,20.77
2019-07-26,5.5123,7.1561,20.07
2019-07-27,6.3583,7.1758,20.7
2019-07-28,6.017,7.2763,21.3
2019-07-29,6.245,7.2739,20.82
2019-07-30,6.2316,7.35,21.79
2019-07-31,6.083,7.3558,21.88
2019-08-01,4.1158,7.1405,20.78
2019-08-02,4.9702,7.219,20.82
2019-08-03,5.1581,7.1191,20.85
2019-08-04,6.4675,7.3438,20.78
2019-08-05,6.5892,7.2996,20.52
2019-08-06,5.6122,7.1285,20.4
2019-08-07,6.0425,7.121,21.3
2019-08-08,6.2052,7.1688,21.47
2019-08-09,6.4068,7.2161,21.69
2019-08-10,6.0634,7.3764,22.08
2019-08-11,5.9134,7.3435,22.01
2019-08-12,6.4831,7.3754,21.74
2019-08-13,5.0558,7.2298,21.51
2019-08-14,6.1903,7.3313,20.88
2019-08-15,5.6522,7.0951,20.27
2019-08-16,2.9796,6.1622,20.2
2019-08-17,4.8725,7.1741,19.33
2019-08-18,6.3422,7.1921,21.36
2019-08-19,5.7276,7.2787,21.86
2019-08-20,6.6214,7.4246,21.67
2019-08-21,6.2779,7.518,22.0
2019-08-22,5.9803,7.5478,22.22
2019-08-23,5.0321,7.3908,22.38
2019-08-24,6.204,7.3973,21.72
2019-08-25,6.4262,7.3457,21.91
2019-08-26,6.3389,7.4086,22.44
2019-08-27,6.9542,7.4261,23.13
2019-08-28,3.4858,7.3546,23.32
2019-08-29,6.9929,7.5821,22.32
2019-08-30,6.3518,7.5269,22.55
2019-08-31,4.8151,7.3056,22.56
2019-09-01,6.0118,7.3733,22.06
2019-09-02,4.453,7.2442,22.03
2019-09-03,7.1815,7.5391,22.46
2019-09-04,5.2207,7.5422,22.92
2019-09-05,5.7202,7.4182,22.31
2019-09-06,4.0879,7.5002,22.12
2019-09-07,6.0629,7.5744,22.72
2019-09-08,5.3657,7.301,22.39
2019-09-09,6.0274,7.4767,23.77
2019-09-10,5.958,7.3798,23.93
2019-09-11,5.3899,7.4693,23.29
2019-09-12,5.9873,7.5055,22.62
2019-09-13,5.7792,7.0438,22.61
2019-09-14,4.7122,7.2886,22.69
2019-09-15,5.3959,7.2518,22.41
2019-09-16,4.8362,7.2854,21.6
2019-09-17,4.6788,7.2571,21.11
2019-09-18,3.4207,7.1498,19.46
2019-09-19,3.9888,7.1076,19.09
2019-09-20,4.271,7.255,19.71
2019-09-21,4.3505,7.4443,20.34
2019-09-22,5.6546,7.3805,20.31
2019-09-23,4.9219,7.4758,19.8
2019-09-24,4.961,7.4191,19.85
2019-09-25,5.3676,7.4225,20.77
2019-09-26,4.5266,7.2372,20.42
2019-09-27,5.9479,7.4515,21.36
2019-09-28,6.0247,7.5744,20.9
2019-09-29,4.625,7.368,19.9
2019-09-30,4.8427,7.343,20.04
2019-10-01,5.8375,7.397,20.97
2019-10-02,4.0406,7.4532,20.38
2019-10-03,3.5371,7.4978,19.96
2019-10-04,5.9405,7.3183,20.75
2019-10-05,5.1223,7.4196,20.09
2019-10-06,4.7954,7.3733,19.61
2019-10-07,5.9803,7.4899,20.24
2019-10-08,4.4388,7.3126,20.8
2019-10-09,5.5812,7.1914,20.38
2019-10-10,4.0409,7.0682,20.05
2019-10-11,3.7486,7.231,19.6
2019-10-12,4.9584,7.224,19.68
2019-10-13,4.8425,7.2101,20.07
2019-10-14,4.5262,7.2319,19.48
2019-10-15,5.0887,7.2002,19.99
2019-10-16,4.8583,7.2233,20.07
2019-10-17,5.3342,7.211,20.39
2019-10-18,4.9841,7.1842,19.41
2019-10-19,4.1854,7.2691,18.87
2019-10-20,4.615,7.0942,19.43
2019-10-21,3.4548,7.1585,19.23
2019-10-22,4.7122,7.1909,18.67
2019-10-23,4.9399,7.0994,19.2
2019-10-24,4.0942,7.1966,19.63
2019-10-25,4.5394,7.0555,20.42
2019-10-26,5.2478,7.092,20.18
2019-10-27,4.739,6.9934,19.63
2019-10-28,5.7281,6.8933,21.07
2019-10-29,5.647,7.0051,20.76
2019-10-30,5.4192,7.0968,20.11
2019-10-31,5.0808,6.9622,20.27
2019-11-01,4.7758,6.7814,19.59
2019-11-02,4.8432,6.882,20.07
2019-11-03,4.2689,6.9492,20.46
2019-11-04,5.3726,7.0051,20.86
2019-11-05,3.6643,6.9653,20.89
2019-11-06,5.4598,7.0258,20.69
2019-11-07,5.6602,6.9586,21.11
2019-11-08,4.6781,6.8208,21.74
2019-11-09,1.9877,6.9458,19.93
2019-11-10,4.2785,6.6835,20.24
2019-11-11,5.0642,6.7289,20.03
2019-11-12,3.0144,6.8743,19.61
2019-11-13,3.1202,6.8294,19.43
2019-11-14,3.689,6.8266,19.02
2019-11-15,4.146,6.7699,19.79
2019-11-16,4.8775,6.8506,20.06
2019-11-17,4.1335,6.8662,20.03
2019-11-18,4.6498,6.9026,20.12
2019-11-19,4.278,6.7637,19.98
2019-11-20,4.5101,6.7051,19.93
2019-11-21,4.9241,6.6245,19.24
2019-11-22,4.8432,6.5501,19.71
2019-11-23,4.8386,6.6559,19.79
2019-11-24,4.6104,6.4985,20.31
2019-11-25,5.0002,6.5664,20.95
2019-11-26,5.1257,6.5282,21.67
2019-11-27,5.221,6.6377,21.79
2019-11-28,4.3138,6.6562,21.42
2019-11-29,3.7858,6.7001,20.0
2019-11-30,4.5271,6.7058,19.99
2019-12-01,5.9069,6.7373,20.65
2019-12-02,5.2781,6.5345,21.59
2019-12-03,4.0219,6.4706,20.42
2019-12-04,5.1406,6.5767,20.31
2019-12-05,5.4142,6.619,20.85
2019-12-06,4.9639,6.6331,20.29
2019-12-07,3.8628,6.6437,20.71
2019-12-08,4.2202,6.5234,20.23
2019-12-09,5.7869,6.5659,20.12
2019-12-10,4.506,6.3972,20.5
2019-12-11,4.4748,6.4087,20.22
2019-12-12,4.6339,6.4723,19.36
2019-12-13,3.6187,6.553,18.47
2019-12-14,3.3552,6.4985,19.06
2019-12-15,3.7699,6.33,19.97
2019-12-16,4.6841,6.3511,21.11
2019-12-17,4.2019,6.4097,20.32
2019-12-18,3.9641,6.3499,20.09
2019-12-19,4.9231,6.5266,21.11
2019-12-20,4.9368,6.5297,20.83
2019-12-21,4.5432,6.3514,21.29
2019-12-22,4.1011,6.4368,20.81
2019-12-23,4.5,6.5393,21.45
2019-12-24,5.5764,6.4973,21.97
2019-12-25,3.9482,6.3922,20.57
2019-12-26,5.3683,6.3943,21.55
2019-12-27,2.8702,6.3953,21.69
2019-12-28,4.8151,6.4306,21.1
2019-12-29,4.351,6.4992,21.53
2019-12-30,2.8109,6.4049,20.1
2019-12-31,3.089,6.3096,19.78
2020-01-01,3.9991,6.5155,20.29
2020-01-02,5.209,6.5544,20.53
2020-01-03,6.013,6.7046,20.55
2020-01-04,6.0559,6.6002,20.43
2020-01-05,5.6414,6.4704,20.1
2020-01-06,5.7586,6.631,20.01
2020-01-07,6.4198,6.7241,20.12
2020-01-08,6.1152,6.7558,19.86
2020-01-09,6.6154,6.8825,20.28
2020-01-10,6.6182,6.852,19.98
2020-01-11,6.5652,6.9062,19.91
2020-01-12,6.0166,6.8419,20.75
2020-01-13,6.2402,6.8011,20.99
2020-01-14,5.6477,6.7015,20.81
2020-01-15,4.1578,6.6564,21.0
2020-01-16,5.9071,6.6991,21.63
2020-01-17,5.6741,6.7301,22.45
2020-01-18,5.5303,6.5707,22.92
2020-01-19,5.285,6.5482,22.51
2020-01-20,2.7554,6.6768,20.94
2020-01-21,4.7004,6.5899,20.21
2020-01-22,3.1042,6.5772,19.5
2020-01-23,4.2775,6.1903,20.43
2020-01-24,4.0147,6.3763,20.36
2020-01-25,5.4586,6.4426,20.66
2020-01-26,4.8907,6.7006,20.6
2020-01-27,5.147,6.6718,19.97
2020-01-28,4.369,6.762,20.2
2020-01-29,5.4965,6.8158,20.6
2020-01-30,5.8214,6.8762,20.45
2020-01-31,5.7619,6.7483,21.46
2020-02-01,5.9472,6.6742,21.96
2020-02-02,4.295,6.8309,20.22
2020-02-03,6.0456,6.7068,21.37
2020-02-04,6.4454,7.1162,21.76
2020-02-05,6.5378,7.2446,21.38
2020-02-06,6.7711,7.1448,21.56
2020-02-07,5.6599,7.0709,21.15
2020-02-08,5.6549,6.8515,20.39
2020-02-09,6.0422,6.9271,20.6
2020-02-10,6.7958,7.0802,21.36
2020-02-11,6.4332,7.1191,22.61
2020-02-12,5.4718,6.7867,22.65
2020-02-13,5.5171,7.0099,22.45
2020-02-14,4.7266,6.889,20.98
2020-02-15,4.2588,6.9283,21.51
2020-02-16,5.6743,7.123,23.11
2020-02-17,5.7655,7.2127,23.63
2020-02-18,7.1777,7.2946,24.56
2020-02-19,6.4121,7.1856,24.59
2020-02-20,5.4955,7.009,23.31
2020-02-21,4.7621,6.7726,22.16
2020-02-22,3.7795,6.6434,20.94
2020-02-23,4.2521,6.6636,20.64
2020-02-24,4.1885,6.589,21.31
2020-02-25,5.5034,7.0481,21.4
2020-02-26,5.0918,6.7514,20.1
2020-02-27,5.1876,7.031,21.23
2020-02-28,5.4583,6.8762,21.15
2020-02-29,4.759,6.9252,21.57
2020-03-01,4.5725,6.9451,20.76
2020-03-02,4.979,7.0764,22.15
2020-03-03,5.16,7.0157,22.71
2020-03-04,4.8816,7.1957,22.2
2020-03-05,6.6895,7.2886,23.28
2020-03-06,6.1433,7.32,23.0
2020-03-07,4.9411,6.6278,22.55
2020-03-08,4.0538,6.3031,21.64
2020-03-09,4.5773,6.5998,22.11
2020-03-10,3.5633,6.4997,22.52
2020-03-11,3.793,6.7459,20.74
2020-03-12,4.4045,6.8801,21.52
2020-03-13,4.212,6.8786,21.29
2020-03-14,4.3382,7.0778,20.96
2020-03-15,5.0062,6.6636,21.52
2020-03-16,5.7722,6.9122,21.9
2020-03-17,6.1654,6.9262,21.97
2020-03-18,5.3542,6.623,21.72
2020-03-19,4.435,6.1267,21.4
2020-03-20,2.6172,5.609,20.27
2020-03-21,4.5146,6.9293,19.84
2020-03-22,6.0744,7.0949,20.84
2020-03-23,5.088,6.6233,21.49
2020-03-24,3.4958,5.634,21.8
2020-03-25,5.3957,6.5777,21.92
2020-03-26,5.1036,6.7147,21.95
2020-03-27,5.5618,6.7301,22.14
2020-03-28,5.7578,6.9401,21.86
2020-03-29,4.1126,6.5383,21.1
2020-03-30,4.505,6.486,21.82
2020-03-31,4.3692,6.7032,20.98
2020-04-01,3.3038,6.9581,20.25
2020-04-02,5.4329,6.7898,22.34
2020-04-03,5.213,6.8724,22.39
2020-04-04,5.0825,7.0726,22.27
2020-04-05,4.6982,7.3994,21.75
2020-04-06,3.785,7.1827,21.83
2020-04-07,5.5826,7.2725,22.61
2020-04-08,5.3335,7.2046,23.04
2020-04-09,4.7815,7.3462,21.91
2020-04-10,4.0762,7.2302,21.85
2020-04-11,4.2408,6.9204,20.98
2020-04-12,4.2163,7.158,22.17
2020-04-13,4.2031,7.4455,22.17
2020-04-14,3.8393,6.8455,21.31
2020-04-15,5.2786,7.0925,20.54
2020-04-16,5.2918,7.0123,21.2
2020-04-17,4.7942,6.865,21.11
2020-04-18,3.3521,6.9432,20.24
2020-04-19,4.5298,6.9816,21.02
2020-04-20,5.2728,7.2674,21.44
2020-04-21,3.3382,7.2938,20.12
2020-04-22,5.1367,7.1407,20.11
2020-04-23,4.3594,6.9072,20.58
2020-04-24,4.2108,7.4666,21.24
2020-04-25,5.22,7.3445,21.35
2020-04-26,5.9328,7.4105,21.69
2020-04-27,5.1487,7.2202,21.64
2020-04-28,6.1166,7.2115,22.13
2020-04-29,4.5583,7.0058,21.75
2020-04-30,4.4654,7.0474,21.34
2020-05-01,4.0284,7.1527,21.44
2020-05-02,5.1115,6.954,22.68
2020-05-03,4.7957,7.212,22.77
2020-05-04,5.9129,7.3548,21.51
2020-05-05,6.5659,7.4498,22.77
2020-05-06,5.819,7.4254,22.57
2020-05-07,4.9678,7.4047,22.37
2020-05-08,5.7024,7.2403,23.77
2020-05-09,6.3962,7.2242,24.0
2020-05-10,6.0449,7.3812,22.81
2020-05-11,3.234,7.1472,22.44
2020-05-12,4.4597,6.9504,21.79
2020-05-13,3.8018,6.923,21.04
2020-05-14,5.7276,7.2761,22.17
2020-05-15,5.2877,7.3817,22.24
2020-05-16,5.9635,7.3735,22.92
2020-05-17,4.6932,7.0255,21.98
2020-05-18,6.157,7.363,22.24
2020-05-19,2.8452,7.2026,21.07
2020-05-20,7.0176,7.4021,22.76
2020-05-21,6.1898,7.3807,23.27
2020-05-22,4.902,7.3217,23.01
2020-05-23,6.1195,7.3721,23.31
2020-05-24,6.0454,7.2804,23.55
2020-05-25,5.2466,7.2262,22.4
2020-05-26,5.9604,7.1801,22.69
2020-05-27,4.3087,7.079,21.45
2020-05-28,3.1435,7.1434,20.39
2020-05-29,3.8518,7.278,20.28
2020-05-30,2.7223,7.2816,19.91
2020-05-31,4.0042,7.1683,20.2
2020-06-01,5.2814,7.3406,19.57
2020-06-02,3.773,7.1542,21.26
2020-06-03,2.0064,7.2156,20.55
2020-06-04,6.4987,7.3075,21.38
2020-06-05,4.6678,7.067,22.03
2020-06-06,3.8654,7.0279,21.27
2020-06-07,6.2671,7.3498,22.16
2020-06-08,6.1351,7.2948,22.12
2020-06-09,4.9037,7.1477,21.87
2020-06-10,3.0778,7.2014,19.89
2020-06-11,4.7712,7.1484,20.31
2020-06-12,4.0507,7.2869,19.64
2020-06-13,5.8349,7.1791,21.08
2020-06-14,5.2973,7.0363,20.05
2020-06-15,4.7294,6.887,20.64
2020-06-16,5.4552,7.043,21.22
2020-06-17,2.8495,7.1621,22.18
2020-06-18,5.1907,7.1813,21.18
2020-06-19,5.3141,7.1016,20.66
2020-06-20,5.1811,6.8923,21.49
2020-06-21,5.88,7.0946,21.69
2020-06-22,5.6854,6.8527,21.85
2020-06-23,5.682,6.9931,21.48
2020-06-24,5.0054,6.7728,21.37
2020-06-25,5.4919,6.9499,22.28
2020-06-26,5.1768,7.1374,21.38
2020-06-27,4.8828,6.9941,21.79
2020-06-28,4.1198,7.1611,20.9
2020-06-29,5.7077,7.1002,21.26
2020-06-30,5.4226,7.2322,21.18
2020-07-01,5.2404,7.1206,20.41
2020-07-02,5.0789,7.1628,20.1
2020-07-03,5.3018,7.2876,20.64
2020-07-04,4.3219,6.8957,20.14
2020-07-05,3.5506,7.0426,20.03
2020-07-06,5.5104,7.1333,20.62
2020-07-07,4.8007,7.1354,20.42
2020-07-08,5.3594,7.2564,20.56
2020-07-09,6.1853,7.3438,20.07
2020-07-10,4.7832,7.1328,19.34
2020-07-11,4.4671,7.0454,19.59
2020-07-12,4.4686,7.2257,19.44
2020-07-13,6.03,7.3212,20.45
2020-07-14,6.191,7.3313,20.7
2020-07-15,5.0993,7.224,20.79
2020-07-16,5.7125,7.2934,20.45
2020-07-17,6.7066,7.3198,21.16
2020-07-18,6.4834,7.3531,21.36
2020-07-19,6.4481,7.2821,20.88
2020-07-20,4.7815,7.0462,21.03
2020-07-21,5.0038,7.0085,20.69
2020-07-22,4.2684,7.0426,19.46
2020-07-23,3.6348,7.0764,20.43
2020-07-24,5.0345,7.0889,19.76
2020-07-25,4.8156,7.2026,19.67
2020-07-26,5.172,7.2785,19.26
2020-07-27,5.5834,7.3613,20.18
2020-07-28,5.9378,7.2338,20.57
2020-07-29,6.0254,7.3548,21.1
2020-07-30,5.6074,7.4796,21.12
2020-07-31,6.1682,7.4045,21.41
2020-08-01,6.3828,7.4306,21.11
2020-08-02,6.864,7.3745,21.35
2020-08-03,6.1982,7.3658,21.71
2020-08-04,6.0142,7.128,20.87
2020-08-05,5.2781,6.9756,21.55
2020-08-06,5.1926,6.9989,21.66
2020-08-07,5.617,7.2017,21.84
2020-08-08,6.2952,7.1983,22.62
2020-08-09,5.9825,7.2029,22.51
2020-08-10,5.1259,6.8868,22.05
2020-08-11,5.1612,7.0258,21.09
2020-08-12,6.2028,7.1863,22.0
2020-08-13,4.9783,7.2878,21.06
2020-08-14,4.9603,7.1803,21.47
2020-08-15,5.3107,7.2497,20.91
2020-08-16,4.1405,7.3529,20.37
2020-08-17,4.4822,7.2449,20.39
2020-08-18,5.1778,7.2917,20.72
2020-08-19,4.0754,7.4671,20.98
2020-08-20,5.5661,7.4674,21.27
2020-08-21,4.7009,7.4388,20.41
2020-08-22,3.708,7.5187,20.28
2020-08-23,4.6325,7.4722,18.79
2020-08-24,5.0138,7.4863,20.15
2020-08-25,4.0644,7.4035,19.25
2020-08-26,4.2506,7.4225,19.58
2020-08-27,4.4849,7.4354,20.13
2020-08-28,5.7523,7.4597,20.6
2020-08-29,5.2126,7.5218,20.64
2020-08-30,4.1342,7.392,18.78
2020-08-31,5.8704,7.4914,20.39
2020-09-01,5.5663,7.542,20.44
2020-09-02,4.039,7.5338,18.62
2020-09-03,5.34,7.5298,20.06
2020-09-04,5.3028,7.579,20.28
2020-09-05,7.2461,7.6654,21.38
2020-09-06,5.8541,7.5593,20.15
2020-09-07,4.6373,7.5485,20.72
2020-09-08,3.966,7.5725,19.68
2020-09-09,5.0086,7.487,20.49
2020-09-10,6.3967,7.6313,20.46
2020-09-11,5.3705,7.4882,21.15
2020-09-12,5.1439,7.2374,20.39
2020-09-13,6.0816,7.4292,21.44
2020-09-14,6.4855,7.5756,21.91
2020-09-15,5.0321,7.6046,21.07
2020-09-16,5.3962,7.7002,20.82
2020-09-17,5.0513,7.5802,20.31
2020-09-18,4.7362,7.62,20.23
2020-09-19,5.3813,7.6457,20.77
2020-09-20,4.9798,7.5209,20.43
2020-09-21,5.077,7.5007,20.56
2020-09-22,7.1731,7.6075,21.4
2020-09-23,5.2392,7.5852,20.69
2020-09-24,5.8339,7.4592,21.08
2020-09-25,5.933,7.4978,20.81
2020-09-26,4.7246,7.537,20.28
2020-09-27,5.2202,7.5554,19.4
2020-09-28,5.7737,7.4789,20.46
2020-09-29,5.1922,7.4887,21.06
2020-09-30,5.4775,7.4407,20.85
2020-10-01,5.8946,7.3483,20.93
2020-10-02,5.16,7.5218,20.62
2020-10-03,4.5842,7.4388,20.86
2020-10-04,4.8912,7.4474,20.3
2020-10-05,5.4149,7.445,21.37
2020-10-06,4.8034,7.2746,20.59
2020-10-07,4.5574,7.4357,21.61
2020-10-08,5.3062,7.2991,21.78
2020-10-09,5.3434,7.2946,21.58
2020-10-10,6.7279,7.4542,21.57
2020-10-11,6.2062,7.4477,21.74
2020-10-12,5.4566,7.3176,20.74
2020-10-13,4.7467,7.3186,19.75
2020-10-14,5.147,7.2022,21.12
2020-10-15,5.5579,7.3385,21.01
2020-10-16,5.2301,7.3289,21.01
2020-10-17,4.8463,7.1844,21.96
2020-10-18,4.932,7.091,20.27
2020-10-19,3.2815,7.1897,20.23
2020-10-20,4.7438,7.1424,20.34
2020-10-21,5.1199,7.0889,20.88
2020-10-22,4.8698,6.991,20.73
2020-10-23,5.3844,7.1131,21.44
2020-10-24,3.7922,7.1566,20.51
2020-10-25,4.4794,7.0217,20.5
2020-10-26,5.1883,7.1189,21.11
2020-10-27,4.9598,7.0637,20.55
2020-10-28,4.2979,7.105,19.56
2020-10-29,4.8494,7.0898,19.67
2020-10-30,4.1309,7.1306,20.7
2020-10-31,4.2036,7.0241,20.37
2020-11-01,4.3824,7.1071,20.5
2020-11-02,5.5574,7.1945,21.3
2020-11-03,4.5163,7.2163,20.33
2020-11-04,4.3145,7.1102,20.85
2020-11-05,3.768,6.9326,19.99
2020-11-06,3.2712,6.7997,20.65
2020-11-07,5.4667,6.7877,20.33
2020-11-08,4.3692,6.8534,21.04
2020-11-09,2.9374,6.8227,20.86
2020-11-10,4.157,6.4346,19.51
2020-11-11,3.3953,6.9209,19.39
2020-11-12,4.0142,6.9182,20.42
2020-11-13,4.565,6.8407,20.26
2020-11-14,4.0104,6.9355,20.76
2020-11-15,5.1636,6.785,19.7
2020-11-16,4.632,6.6823,20.43
2020-11-17,3.6598,6.4675,19.39
2020-11-18,4.3013,6.7049,20.03
2020-11-19,4.728,6.7865,20.48
2020-11-20,4.5329,6.755,19.91
2020-11-21,4.937,6.8098,20.01
2020-11-22,5.3743,6.8244,20.79
2020-11-23,5.4077,6.7867,20.67
2020-11-24,4.7599,6.7358,20.49
2020-11-25,4.7369,6.6612,20.1
2020-11-26,4.2929,6.3302,21.03
2020-11-27,4.0286,6.3562,20.12
2020-11-28,4.8802,6.5611,20.72
2020-11-29,5.7341,6.7267,20.81
2020-11-30,3.9818,6.6391,21.13
2020-12-01,4.5948,6.6636,20.59
2020-12-02,4.3282,6.6977,20.82
2020-12-03,5.005,6.6384,20.35
2020-12-04,5.4079,6.7207,20.97
2020-12-05,4.9001,6.6902,21.55
2020-12-06,5.0498,6.63,20.91
2020-12-07,4.0697,6.5078,21.59
2020-12-08,4.8055,6.5858,21.27
2020-12-09,4.4347,6.4872,19.67
2020-12-10,5.6186,6.6571,20.35
2020-12-11,5.3239,6.672,20.01
2020-12-12,4.4467,6.5942,20.74
2020-12-13,5.3402,6.7246,21.06
2020-12-14,5.1144,6.6715,21.54
2020-12-15,4.5502,6.5532,21.63
2020-12-16,4.8259,6.5026,21.82
2020-12-17,4.4119,6.3626,21.86
2020-12-18,3.972,6.5916,21.99
2020-12-19,4.8782,6.7025,22.73
2020-12-20,4.475,6.6511,22.55
2020-12-21,4.7045,6.5983,22.31
2020-12-22,4.4993,6.5405,22.25
2020-12-23,5.3129,6.5165,22.59
2020-12-24,4.8266,6.5011,22.48
2020-12-25,4.3082,6.552,21.86
2020-12-26,4.2094,6.4913,20.92
2020-12-27,3.6665,6.6017,19.39
2020-12-28,5.0078,6.5446,20.82
2020-12-29,5.1305,6.511,20.49
2020-12-30,4.7894,6.4498,20.52
2020-12-31,5.2618,6.4529,20.58
2021-01-01,4.7076,6.7241,20.44
2021-01-02,4.961,6.521,21.01
2021-01-03,5.0114,6.713,20.99
2021-01-04,5.8174,6.7944,20.71
2021-01-05,5.3489,6.8196,19.61
2021-01-06,5.0167,6.6826,19.05
2021-01-07,4.7834,6.552,20.54
2021-01-08,3.0401,6.4385,20.37
2021-01-09,4.4323,6.5388,20.93
2021-01-10,5.647,6.6408,21.37
2021-01-11,4.7412,6.5225,21.21
2021-01-12,5.5867,6.8335,21.61
2021-01-13,5.9412,6.7039,22.18
2021-01-14,5.6858,6.8575,22.25
2021-01-15,5.73,6.8983,21.41
2021-01-16,5.8514,6.8846,21.47
2021-01-17,6.3634,6.9139,21.41
2021-01-18,5.9107,6.7699,21.34
2021-01-19,6.3374,6.954,21.43
2021-01-20,5.6959,6.967,21.88
2021-01-21,4.9678,6.7224,22.08
2021-01-22,5.4374,6.8508,22.51
2021-01-23,4.578,6.8021,21.58
2021-01-24,5.2152,6.7949,22.24
2021-01-25,5.4559,6.852,22.7
2021-01-26,4.1038,6.8196,21.79
2021-01-27,5.8092,6.9722,21.61
2021-01-28,4.9123,6.9797,21.69
2021-01-29,5.7864,6.8911,21.15
2021-01-30,6.4138,7.0486,22.29
2021-01-31,6.3881,7.1186,23.06
2021-02-01,5.041,6.7985,22.08
2021-02-02,5.7118,7.0848,20.97
2021-02-03,5.0069,7.0322,21.81
2021-02-04,5.7991,6.9629,22.72
2021-02-05,4.501,7.0495,21.98
2021-02-06,5.2678,6.7726,20.98
2021-02-07,5.1516,6.9156,22.41
2021-02-08,4.3198,7.0066,21.58
2021-02-09,3.8047,6.918,22.52
2021-02-10,4.7527,6.797,21.46
2021-02-11,5.0554,7.0387,21.97
2021-02-12,3.2798,7.0493,20.99
2021-02-13,4.1518,6.9665,21.63
2021-02-14,4.0697,6.8275,20.57
2021-02-15,5.52,7.0733,22.61
2021-02-16,5.4101,7.0274,20.16
2021-02-17,4.793,6.8626,20.41
2021-02-18,3.6106,7.1448,20.67
2021-02-19,3.7481,7.0214,20.14
2021-02-20,4.4114,7.098,20.96
2021-02-21,4.0313,7.1071,21.06
2021-02-22,4.3766,7.0908,21.81
2021-02-23,3.9022,7.1431,22.01
2021-02-24,5.4578,7.1292,22.86
2021-02-25,5.0542,7.1069,23.71
2021-02-26,5.0938,7.2559,23.59
2021-02-27,4.4818,7.3586,21.59
2021-02-28,4.6327,7.277,22.4
2021-03-01,5.4043,7.3882,22.17
2021-03-02,5.0998,7.271,21.38
2021-03-03,4.1477,7.1486,21.26
2021-03-04,3.8942,6.9336,20.96
2021-03-05,3.9974,7.0008,21.45
2021-03-06,3.9254,6.9329,22.53
2021-03-07,3.8141,6.9612,22.07
2021-03-08,3.9024,7.218,22.06
2021-03-09,4.6217,7.4786,21.53
2021-03-10,3.6708,7.3296,20.82
2021-03-11,3.2532,7.1066,20.1
2021-03-12,2.461,7.3198,20.54
2021-03-13,3.7205,7.2007,20.98
2021-03-14,4.1242,7.0841,20.05
2021-03-15,4.506,7.1546,20.75
2021-03-16,4.8144,7.3099,21.69
2021-03-17,4.8108,7.3253,21.34
2021-03-18,4.4323,7.3488,20.38
2021-03-19,4.8646,7.4974,20.58
2021-03-20,4.5259,7.4638,20.81
2021-03-21,5.4029,7.4714,21.86
2021-03-22,3.0026,7.3726,21.03
2021-03-23,3.6406,7.2619,21.84
2021-03-24,4.447,7.3097,21.94
2021-03-25,5.107,7.4858,22.24
2021-03-26,4.4136,7.4491,22.67
2021-03-27,5.251,7.47,21.26
2021-03-28,4.1537,7.5775,23.06
2021-03-29,4.0493,7.5533,23.27
2021-03-30,6.2366,7.506,23.74
2021-03-31,5.5174,7.4383,23.81
2021-04-01,3.2479,7.5,22.92
2021-04-02,4.2492,7.4827,21.57
2021-04-03,5.1408,7.5262,24.15
2021-04-04,5.0654,7.4477,22.84
2021-04-05,4.8698,7.41,23.89
2021-04-06,4.8274,7.4258,22.17
2021-04-07,5.0033,7.3721,23.82
2021-04-08,5.1886,7.4311,22.69
2021-04-09,3.8078,7.405,20.7
2021-04-10,4.9918,7.4359,23.12
2021-04-11,6.1392,7.5146,22.49
2021-04-12,4.331,7.4578,22.08
2021-04-13,6.3934,7.5533,23.96
2021-04-14,4.3541,7.4016,22.14
2021-04-15,4.3942,7.2948,23.02
2021-04-16,4.8437,7.523,21.5
2021-04-17,5.5738,7.5972,21.51
2021-04-18,5.01,7.2314,19.99
2021-04-19,6.0317,7.3733,21.41
2021-04-20,6.0578,7.5408,20.67
2021-04-21,5.2913,7.529,21.09
2021-04-22,5.9736,7.4971,21.71
2021-04-23,3.8414,7.3649,22.4
2021-04-24,5.095,7.3253,22.3
2021-04-25,5.4396,7.3858,21.54
2021-04-26,4.9294,7.5115,21.88
2021-04-27,1.9882,7.459,20.9
2021-04-28,3.4186,7.3517,20.18
2021-04-29,3.66,7.3481,20.44
2021-04-30,3.7742,7.4088,20.89
2021-05-01,3.798,7.4863,21.31
2021-05-02,4.4556,7.4462,20.4
2021-05-03,4.3286,7.4256,20.83
2021-05-04,5.2169,7.4215,21.52
2021-05-05,4.1861,7.309,21.11
2021-05-06,4.8204,7.2905,20.5
2021-05-07,5.2498,7.4134,20.91
2021-05-08,4.7928,7.2869,21.56
2021-05-09,5.2711,7.2696,22.96
2021-05-10,4.1119,7.1148,23.68
2021-05-11,5.9918,7.2994,23.62
2021-05-12,5.9861,7.4914,24.2
2021-05-13,6.4265,7.4246,25.15
2021-05-14,5.0088,7.374,25.24
2021-05-15,5.173,7.3562,24.71
2021-05-16,5.0316,7.3678,23.93
2021-05-17,4.9166,7.3781,22.2
2021-05-18,4.6166,7.387,23.64
2021-05-19,6.4934,7.4544,24.16
2021-05-20,5.5337,7.2758,22.64
2021-05-21,3.9271,7.3534,23.73
2021-05-22,4.9526,7.2655,24.05
2021-05-23,5.0556,7.2458,23.93
2021-05-24,4.7602,7.2228,24.38
2021-05-25,5.6594,7.0814,23.79
2021-05-26,6.0761,7.2732,24.46
2021-05-27,4.8151,7.2602,24.08
2021-05-28,3.9634,7.2194,20.33
2021-05-29,3.2861,7.2187,19.76
2021-05-30,4.7189,7.195,22.92
2021-05-31,4.5019,7.2586,22.09
2021-06-01,4.8974,7.1666,24.09
2021-06-02,5.3186,7.3066,22.42
2021-06-03,5.5034,7.177,23.15
2021-06-04,5.3294,7.1107,23.64
2021-06-05,4.0968,7.0582,21.58
2021-06-06,4.7287,7.0063,21.85
2021-06-07,3.8587,7.1045,21.85
2021-06-08,3.9653,7.0452,20.93
2021-06-09,2.6155,7.0286,21.02
2021-06-10,4.0951,6.9468,22.11
2021-06-11,5.3278,7.0694,23.09
2021-06-12,4.9114,6.9226,20.98
2021-06-13,3.6646,6.899,22.01
2021-06-14,4.0601,6.923,20.46
2021-06-15,4.7064,7.0894,22.06
2021-06-16,5.3522,7.1498,22.79
2021-06-17,5.2994,6.9782,23.1
2021-06-18,5.7266,7.0949,23.53
2021-06-19,5.701,7.1467,23.1
2021-06-20,4.8245,7.0807,22.82
2021-06-21,5.4146,7.2326,22.95
2021-06-22,3.5285,7.1681,22.05
2021-06-23,5.298,7.1554,22.19
2021-06-24,4.6735,6.9998,20.82
2021-06-25,5.5462,7.1916,22.69
2021-06-26,4.7626,7.1786,21.68
2021-06-27,4.8353,7.0788,21.69
2021-06-28,5.6071,7.2629,22.93
2021-06-29,6.1637,7.1832,23.92
2021-06-30,4.9061,6.9175,23.18
2021-07-01,4.8494,7.1486,22.54
2021-07-02,5.8392,7.2881,22.56
2021-07-03,5.3489,7.2276,22.55
2021-07-04,5.9458,7.1508,22.94
2021-07-05,5.5442,7.2434,23.38
2021-07-06,5.8255,7.2533,23.98
2021-07-07,6.2328,7.2449,24.63
2021-07-08,6.0408,7.229,24.68
2021-07-09,4.4333,7.0118,23.24
2021-07-10,4.0666,6.9794,22.13
2021-07-11,5.3129,7.0176,22.72
2021-07-12,5.8178,7.195,24.44
2021-07-13,5.761,7.1006,23.58
2021-07-14,5.7595,7.1054,24.31
2021-07-15,5.9698,6.997,23.39
2021-07-16,5.7811,7.1784,23.43
2021-07-17,6.3617,7.327,22.72
2021-07-18,5.8538,7.0987,24.58
2021-07-19,6.5549,7.3692,24.15
2021-07-20,6.767,7.2739,24.84
2021-07-21,5.7422,7.0387,24.8
2021-07-22,5.3669,7.0514,24.16
2021-07-23,6.1349,7.2053,24.65
2021-07-24,3.4546,6.9912,21.5
2021-07-25,3.42,6.8962,20.2
2021-07-26,4.915,6.9792,22.89
2021-07-27,3.3322,7.2542,21.49
2021-07-28,5.227,7.1779,21.93
2021-07-29,5.6311,7.1278,24.47
2021-07-30,6.1757,7.2113,24.65
2021-07-31,6.7706,7.3073,23.6
2021-08-01,5.9458,7.2058,23.84
2021-08-02,6.4114,7.3378,23.41
2021-08-03,5.7312,7.2785,22.73
2021-08-04,6.2755,7.2425,22.35
2021-08-05,6.7858,7.2852,23.75
2021-08-06,6.3247,7.3514,23.31
2021-08-07,5.6078,7.2456,23.73
2021-08-08,5.3815,7.3934,22.3
2021-08-09,6.2921,7.4645,23.59
2021-08-10,4.6375,7.3066,24.05
2021-08-11,5.1672,7.2634,22.86
2021-08-12,4.8569,7.4794,22.1
2021-08-13,5.2171,7.3574,23.48
2021-08-14,3.9199,7.1998,22.46
2021-08-15,5.2476,7.4798,21.96
2021-08-16,4.9538,7.4522,22.27
2021-08-17,5.4403,7.5139,22.31
2021-08-18,4.8715,7.4803,22.76
2021-08-19,3.198,7.2314,21.56
2021-08-20,4.1575,7.477,21.04
2021-08-21,5.6321,7.5475,20.81
2021-08-22,5.849,7.3176,21.9
2021-08-23,5.2524,7.4957,19.82
2021-08-24,4.7462,7.314,21.06
2021-08-25,3.907,7.3018,21.68
2021-08-26,4.0968,7.1981,21.63
2021-08-27,5.1941,7.3404,20.7
2021-08-28,4.7465,7.4465,23.03
2021-08-29,5.3059,7.2552,22.71
2021-08-30,4.0277,7.3018,22.43
2021-08-31,3.5486,7.151,22.28
2021-09-01,4.8228,7.3039,22.41
2021-09-02,6.6977,7.6097,23.36
2021-09-03,5.9774,7.5619,21.92
2021-09-04,5.1324,7.5103,22.24
2021-09-05,5.4434,7.5115,21.42
2021-09-06,4.314,7.4882,21.85
2021-09-07,4.7587,7.4734,22.17
2021-09-08,3.997,7.3774,22.74
2021-09-09,6.1416,7.619,23.23
2021-09-10,6.1886,7.5888,23.4
2021-09-11,4.8562,7.2528,22.52
2021-09-12,5.1816,7.3646,22.41
2021-09-13,6.3763,7.5322,22.24
2021-09-14,5.7163,7.5605,20.73
2021-09-15,6.1152,7.5348,22.23
2021-09-16,6.9598,7.5881,22.99
2021-09-17,7.2254,7.5737,23.49
2021-09-18,6.0895,7.482,22.68
2021-09-19,6.3792,7.5391,22.33
2021-09-20,5.8262,7.5888,22.1
2021-09-21,5.0844,7.4297,23.18
2021-09-22,5.0357,7.4966,23.0
2021-09-23,4.8698,7.559,21.78
2021-09-24,5.5524,7.446,22.3
2021-09-25,6.6377,7.4479,23.36
2021-09-26,7.4062,7.7069,23.26
2021-09-27,5.8615,7.4074,23.22
2021-09-28,2.689,7.1796,22.54
2021-09-29,4.6236,7.5012,21.53
2021-09-30,5.0114,7.4717,21.7
2021-10-01,5.0496,7.2984,22.05
2021-10-02,4.7542,7.4525,22.71
2021-10-03,5.8092,7.4426,22.48
2021-10-04,5.7317,7.373,21.74
2021-10-05,4.6838,7.3387,20.75
2021-10-06,4.7813,7.147,22.12
2021-10-07,5.6268,7.2706,21.49
2021-10-08,4.4441,7.1561,21.43
2021-10-09,4.5473,7.3438,20.55
2021-10-10,4.2,7.249,20.07
2021-10-11,4.1479,7.4069,20.9
2021-10-12,4.7018,7.2953,21.47
2021-10-13,4.6793,7.2434,21.7
2021-10-14,4.2482,7.2545,20.91
2021-10-15,6.1404,7.3373,21.51
2021-10-16,4.639,7.2528,20.58
2021-10-17,4.7647,7.2677,20.23
2021-10-18,5.3887,7.1959,20.08
2021-10-19,5.5111,7.2823,21.08
2021-10-20,4.6114,7.1899,20.79
2021-10-21,4.693,7.2127,20.38
2021-10-22,4.8953,7.2713,20.91
2021-10-23,4.8314,7.2252,21.23
2021-10-24,5.7091,7.1074,20.46
2021-10-25,5.4523,7.1237,20.81
2021-10-26,4.6553,7.0946,20.93
2021-10-27,4.285,6.8002,19.82
2021-10-28,4.9272,6.823,21.1
2021-10-29,3.5513,7.1549,19.02
2021-10-30,4.0106,7.1201,20.39
2021-10-31,4.4107,7.1911,20.65
2021-11-01,4.3433,7.2331,19.42
2021-11-02,4.3714,7.141,19.69
2021-11-03,4.1642,7.2636,19.87
2021-11-04,4.423,7.2482,19.71
2021-11-05,5.1996,6.9746,20.81
2021-11-06,5.2678,7.0066,20.82
2021-11-07,5.0722,6.8734,21.57
2021-11-08,4.2247,6.8292,19.67
2021-11-09,4.2598,6.8786,19.8
2021-11-10,4.1863,6.9223,20.29
2021-11-11,5.9666,7.1098,21.28
2021-11-12,5.3604,7.0488,21.07
2021-11-13,4.0961,6.8446,21.14
2021-11-14,4.2854,6.817,20.99
2021-11-15,3.6238,6.7795,19.72
2021-11-16,5.0323,6.852,20.77
2021-11-17,5.3388,6.9425,21.26
2021-11-18,6.0722,6.8966,20.93
2021-11-19,4.6582,6.9396,20.62
2021-11-20,4.7671,6.9614,21.33
2021-11-21,4.2636,6.7109,20.04
2021-11-22,3.5585,6.7438,18.99
2021-11-23,3.2503,6.7994,19.09
2021-11-24,3.9737,6.6535,18.77
2021-11-25,4.2252,6.648,19.58
2021-11-26,3.3336,6.5868,19.43
2021-11-27,5.1886,6.7152,20.25
2021-11-28,5.6782,6.7087,20.73
2021-11-29,4.2266,6.6139,19.67
2021-11-30,3.8357,6.6427,19.83
2021-12-01,4.4338,6.6341,20.36
2021-12-02,5.9815,6.7488,20.1
2021-12-03,3.9878,6.6391,19.36
2021-12-04,4.1035,6.5767,20.71
2021-12-05,4.5408,6.5978,20.83
2021-12-06,4.9176,6.7298,21.0
2021-12-07,5.5104,6.7344,21.13
2021-12-08,4.417,6.5633,21.55
2021-12-09,4.7582,6.6214,21.04
2021-12-10,5.1986,6.5988,21.5
2021-12-11,3.8263,6.6257,19.8
2021-12-12,2.2541,6.707,19.31
2021-12-13,6.3634,6.7682,19.9
2021-12-14,5.0736,6.6739,19.6
2021-12-15,4.9822,6.511,20.79
2021-12-16,4.4741,6.5566,20.81
2021-12-17,3.4762,6.5885,19.5
2021-12-18,2.3726,6.5645,19.86
2021-12-19,4.7282,6.5594,19.15
2021-12-20,4.5504,6.5554,20.93
2021-12-21,3.3348,6.5208,19.97
2021-12-22,5.0028,6.7013,19.33
2021-12-23,5.0436,6.6682,20.43
2021-12-24,4.7726,6.4966,20.4
2021-12-25,5.2222,6.607,20.88
2021-12-26,4.063,6.6002,20.2
2021-12-27,3.3533,6.5393,20.6
2021-12-28,4.014,6.5246,19.65
2021-12-29,3.1978,6.3799,19.34
2021-12-30,4.2924,6.241,19.88
2021-12-31,4.5631,6.2575,20.07
2022-01-01,3.6125,6.5453,19.59
2022-01-02,3.6242,6.5794,20.62
2022-01-03,5.567,6.6982,20.77
2022-01-04,5.977,6.7152,20.38
2022-01-05,5.6124,6.7118,20.42
2022-01-06,3.2309,6.6118,19.57
2022-01-07,2.6542,6.6096,19.23
2022-01-08,3.9295,6.3842,19.22
2022-01-09,3.5765,6.329,19.62
2022-01-10,2.9918,6.5182,19.53
2022-01-11,2.8344,6.5779,19.25
2022-01-12,4.4614,6.6271,19.5
2022-01-13,4.3978,6.6019,19.07
2022-01-14,4.4225,6.6679,19.29
2022-01-15,5.2798,6.5508,19.78
2022-01-16,5.0491,6.3005,20.77
2022-01-17,3.9106,6.5273,19.91
2022-01-18,3.377,6.6907,20.06
2022-01-19,5.959,6.7586,21.25
2022-01-20,5.569,6.8966,22.48
2022-01-21,4.5581,6.6922,21.48
2022-01-22,4.5564,6.8582,20.83
2022-01-23,5.7314,6.9737,21.4
2022-01-24,4.3426,6.8616,21.43
2022-01-25,3.9365,6.691,20.79
2022-01-26,4.7549,6.7994,21.2
2022-01-27,4.6207,6.9067,21.25
2022-01-28,6.2256,7.0109,20.86
2022-01-29,5.5186,6.8124,20.44
2022-01-30,6.1063,6.9994,20.44
2022-01-31,6.0264,6.9125,20.82
2022-02-01,5.5087,6.8657,20.52
2022-02-02,5.4922,6.9756,21.04
2022-02-03,4.963,6.9715,21.92
2022-02-04,4.1731,6.6965,20.71
2022-02-05,3.8786,6.7524,20.55
2022-02-06,4.2545,6.8621,20.76
2022-02-07,3.3622,6.7937,19.87
2022-02-08,3.2335,6.9463,19.26
2022-02-09,2.911,6.8798,20.24
2022-02-10,5.2082,6.9576,21.01
2022-02-11,6.3984,7.1628,21.15
2022-02-12,5.5214,7.0982,21.45
2022-02-13,3.8551,7.1066,21.35
2022-02-14,2.9498,6.9281,20.47
2022-02-15,4.5451,6.9242,20.75
2022-02-16,4.9306,7.0615,21.26
2022-02-17,4.7215,6.9691,21.97
2022-02-18,1.6171,7.0589,21.98
2022-02-19,4.6186,7.0361,20.11
2022-02-20,4.3418,7.1323,19.61
2022-02-21,5.6669,7.2175,20.02
2022-02-22,5.2226,6.9672,20.6
2022-02-23,5.1463,6.8378,21.63
2022-02-24,4.5706,6.7286,21.7
2022-02-25,4.7837,6.9907,21.18
2022-02-26,2.8166,6.9276,21.27
2022-02-27,3.5494,7.0097,20.22
2022-02-28,3.2174,7.1784,19.28
2022-03-01,4.4969,7.1338,19.87
2022-03-02,2.1674,7.3771,19.39
2022-03-03,5.3251,7.3766,20.63
2022-03-04,3.9967,7.207,19.68
2022-03-05,3.3077,7.2156,20.12
2022-03-06,2.1934,7.193,18.86
2022-03-07,4.5946,7.4136,19.77
2022-03-08,4.7021,7.4474,20.5
2022-03-09,4.1299,7.4532,20.59
2022-03-10,5.1516,7.3138,20.3
2022-03-11,5.4425,7.2775,20.15
2022-03-12,5.6326,7.3582,19.54
2022-03-13,5.1895,7.218,20.43
2022-03-14,5.7487,7.3778,20.19
2022-03-15,4.9452,7.5662,20.81
2022-03-16,4.8245,7.4198,20.77
2022-03-17,4.8874,7.4182,20.26
2022-03-18,4.9493,7.3126,21.26
2022-03-19,4.7314,7.4347,20.96
2022-03-20,4.6111,7.3754,20.62
2022-03-21,4.5646,7.303,19.49
2022-03-22,4.5331,7.4071,21.38
2022-03-23,4.1458,7.2566,21.1
2022-03-24,5.3179,7.1186,21.08
2022-03-25,3.9281,7.074,21.36
2022-03-26,4.2096,7.0409,20.73
2022-03-27,3.053,7.3488,20.51
2022-03-28,4.7057,7.4023,20.9
2022-03-29,4.7441,7.3886,20.6
2022-03-30,4.8782,7.5024,20.71
2022-03-31,3.9214,7.3524,19.18
2022-04-01,4.1374,7.464,20.38
2022-04-02,4.986,7.326,20.32
2022-04-03,3.8753,7.2166,19.95
2022-04-04,4.7393,7.4671,20.28
2022-04-05,5.1629,7.5432,19.99
2022-04-06,5.5884,7.5706,20.72
2022-04-07,4.6522,7.2401,20.46
2022-04-08,4.0639,7.1966,20.66
2022-04-09,4.674,7.2552,19.98
2022-04-10,4.0802,7.2199,20.79
2022-04-11,4.9685,7.1839,20.88
2022-04-12,5.0635,7.2449,21.38
2022-04-13,4.6704,7.3649,21.27
2022-04-14,4.6894,7.2502,20.16
2022-04-15,4.8622,7.2041,21.95
2022-04-16,2.7355,7.4638,20.71
2022-04-17,3.8136,7.3555,19.61
2022-04-18,2.8685,7.3802,19.1
2022-04-19,3.5429,7.4294,19.37
2022-04-20,3.9893,7.5144,19.56
2022-04-21,4.2655,7.5298,19.27
2022-04-22,4.1839,7.5559,19.21
2022-04-23,4.9212,7.5998,19.38
2022-04-24,4.499,7.3421,20.15
2022-04-25,3.7106,7.447,19.2
2022-04-26,4.6901,7.6025,20.53
2022-04-27,4.759,7.4424,19.58
2022-04-28,4.4486,7.4323,20.35
2022-04-29,5.3311,7.4006,21.24
2022-04-30,5.3234,7.379,20.74
2022-05-01,6.2784,7.4688,20.28
2022-05-02,4.8211,7.4746,20.73
2022-05-03,6.9319,7.5137,21.83
2022-05-04,5.1218,7.5756,22.22
2022-05-05,3.7781,7.541,21.02
2022-05-06,3.0941,7.4078,19.92
2022-05-07,3.653,7.4198,20.49
2022-05-08,5.5862,7.5062,20.39
2022-05-09,4.2161,7.4959,20.78
2022-05-10,4.3358,7.4126,19.7
2022-05-11,3.9542,7.465,19.85
2022-05-12,5.0213,7.5154,20.31
2022-05-13,4.5086,7.4419,20.82
2022-05-14,5.1434,7.2139,21.44
2022-05-15,5.243,7.1808,20.91
2022-05-16,5.2654,7.4844,21.26
2022-05-17,4.0226,7.2814,20.83
2022-05-18,4.1928,7.2365,20.39
2022-05-19,4.3865,7.4762,20.33
2022-05-20,4.9594,7.3618,20.65
2022-05-21,4.5799,7.265,20.29
2022-05-22,5.808,7.3282,20.82
2022-05-23,4.8355,7.41,21.39
2022-05-24,4.9606,7.1112,20.0
2022-05-25,4.493,7.1753,20.83
2022-05-26,3.6449,7.0354,20.32
2022-05-27,5.0124,7.0003,20.15
2022-05-28,4.5038,7.2502,20.08
2022-05-29,4.5458,7.3438,20.56
2022-05-30,4.4297,7.3226,20.28
2022-05-31,3.931,7.2509,20.49
2022-06-01,5.1125,7.1844,19.47
2022-06-02,4.6157,7.1582,19.18
2022-06-03,3.3821,7.0366,19.26
2022-06-04,3.805,7.0078,20.24
2022-06-05,4.4078,7.2067,19.8
2022-06-06,4.723,7.1902,20.69
2022-06-07,2.4998,7.3154,19.42
2022-06-08,4.6697,7.0963,19.76
2022-06-09,4.0049,7.1371,19.46
2022-06-10,5.159,7.0586,20.15
2022-06-11,4.0673,7.1146,19.69
2022-06-12,4.1911,6.948,20.12
2022-06-13,4.5974,7.0896,20.32
2022-06-14,3.9574,6.9312,19.96
2022-06-15,4.2922,6.8453,20.08
2022-06-16,4.8734,6.9821,20.2
2022-06-17,3.1471,7.2305,19.52
2022-06-18,4.2451,6.9266,19.66
2022-06-19,4.1741,6.8642,19.94
2022-06-20,4.3922,7.0147,20.07
2022-06-21,4.1232,7.0322,20.18
2022-06-22,5.3914,7.1467,20.36
2022-06-23,4.8919,7.0229,20.14
2022-06-24,4.7083,7.0975,20.54
2022-06-25,4.326,7.0306,20.06
2022-06-26,4.5338,7.031,19.65
2022-06-27,3.6,7.0546,19.35
2022-06-28,4.5718,7.1489,19.53
2022-06-29,4.8838,7.1263,19.49
2022-06-30,4.4448,7.1047,20.05
2022-07-01,5.1062,7.1674,19.64
2022-07-02,4.8751,7.0378,20.01
2022-07-03,5.5735,7.1014,21.54
2022-07-04,4.493,7.1158,21.19
2022-07-05,5.3026,7.0452,20.97
2022-07-06,4.961,7.0946,20.68
2022-07-07,4.992,7.1138,21.01
2022-07-08,4.8994,6.9869,21.09
2022-07-09,6.3305,7.1311,21.29
2022-07-10,5.2459,7.105,21.22
2022-07-11,4.1498,6.8513,20.66
2022-07-12,4.7902,7.0721,20.42
2022-07-13,5.1934,7.0759,20.82
2022-07-14,4.8125,7.1659,20.59
2022-07-15,5.2795,7.2144,20.65
2022-07-16,4.9812,7.2113,20.37
2022-07-17,5.6786,7.2641,20.74
2022-07-18,5.8757,7.1822,20.78
2022-07-19,6.2496,7.2326,20.76
2022-07-20,5.3328,7.0913,20.73
2022-07-21,4.8895,7.0591,20.56
2022-07-22,4.5,7.0682,20.59
2022-07-23,3.2239,7.1527,19.03
2022-07-24,4.7206,7.1251,19.18
2022-07-25,4.3745,7.1328,19.86
2022-07-26,4.3322,7.1832,19.88
2022-07-27,4.6205,7.2986,19.51
2022-07-28,4.4066,7.2706,19.59
2022-07-29,5.9602,7.17,20.01
2022-07-30,6.0386,7.2598,20.79
2022-07-31,4.3606,7.1554,20.85
2022-08-01,5.0666,7.337,20.27
2022-08-02,4.7076,7.3294,18.91
2022-08-03,5.1557,7.1282,20.47
2022-08-04,5.1058,7.3387,19.96
2022-08-05,4.5247,7.351,19.94
2022-08-06,4.4866,7.2737,20.13
2022-08-07,6.0602,7.4722,20.58
2022-08-08,6.8405,7.482,21.5
2022-08-09,5.1876,7.3344,21.23
2022-08-10,5.6083,7.2547,21.39
2022-08-11,5.7799,7.4606,20.56
2022-08-12,5.1122,7.4484,20.47
2022-08-13,4.3721,7.3637,19.8
2022-08-14,5.2366,7.2869,19.33
2022-08-15,4.8998,7.4573,20.34
2022-08-16,4.9514,7.4686,20.24
2022-08-17,6.5429,7.6142,20.87
2022-08-18,5.4535,7.6042,20.78
2022-08-19,6.3041,7.475,20.95
2022-08-20,5.1715,7.3205,20.58
2022-08-21,4.1496,7.4114,20.25
2022-08-22,3.7291,7.3457,19.46
2022-08-23,5.2157,7.3217,19.81
2022-08-24,6.3103,7.3714,20.56
2022-08-25,5.1146,7.2641,20.44
2022-08-26,4.7981,7.1323,20.45
2022-08-27,4.6992,7.321,19.93
2022-08-28,4.0613,7.4093,19.69
2022-08-29,5.0957,7.4532,20.12
2022-08-30,6.6298,7.5098,20.3
2022-08-31,5.0035,7.5374,20.69
2022-09-01,3.3823,7.423,20.23
2022-09-02,4.9351,7.3481,20.32
2022-09-03,5.9146,7.3733,19.81
2022-09-04,4.9526,7.2238,20.49
2022-09-05,6.0019,6.9948,21.01
2022-09-06,5.789,7.3846,20.91
2022-09-07,5.1391,7.3394,21.16
2022-09-08,5.2874,7.4693,20.19
2022-09-09,5.3738,7.4369,20.03
2022-09-10,5.7458,7.3368,21.08
2022-09-11,5.6623,7.3654,20.74
2022-09-12,4.5331,7.4549,19.39
2022-09-13,5.3678,7.5497,19.72
2022-09-14,4.5634,7.4626,20.07
2022-09-15,5.375,7.4374,20.41
2022-09-16,5.5675,7.4299,19.45
2022-09-17,4.7611,7.4374,20.58
2022-09-18,4.4798,7.5437,20.27
2022-09-19,3.7301,7.4117,19.47
2022-09-20,4.5086,7.5372,19.78
2022-09-21,4.933,7.5415,19.08
2022-09-22,4.1422,7.5626,19.45
2022-09-23,5.3153,7.5696,19.78
2022-09-24,4.1928,7.4402,20.08
2022-09-25,5.4773,7.2578,19.88
2022-09-26,5.7586,7.3745,20.66
2022-09-27,4.6896,7.3913,20.91
2022-09-28,4.0534,7.3315,20.15
2022-09-29,4.194,7.2926,19.45
2022-09-30,3.7966,7.4434,19.24
2022-10-01,3.96,7.2811,19.84
2022-10-02,5.8022,7.2696,20.38
2022-10-03,6.4937,7.4746,21.1
2022-10-04,4.1777,7.4412,20.49
2022-10-05,3.9072,7.4366,19.18
2022-10-06,4.6908,7.3334,19.51
2022-10-07,4.6272,7.2437,19.55
2022-10-08,3.7874,7.2701,20.47
2022-10-09,3.2196,7.3615,19.44
2022-10-10,5.5003,7.3277,20.48
2022-10-11,5.3878,7.2914,20.99
2022-10-12,4.5283,7.2058,20.47
2022-10-13,3.9274,7.231,19.08
2022-10-14,4.0836,7.1558,19.79
2022-10-15,4.5708,7.026,20.56
2022-10-16,4.8029,7.1388,19.78
2022-10-17,4.5036,7.1964,19.38
2022-10-18,4.1782,7.3171,19.88
2022-10-19,3.9763,7.2972,19.37
2022-10-20,3.3948,7.147,19.11
2022-10-21,4.0776,7.1038,19.49
2022-10-22,4.0896,7.0656,19.19
2022-10-23,3.9943,7.163,19.66
2022-10-24,3.9094,7.0186,19.44
2022-10-25,4.8238,7.0546,18.99
2022-10-26,3.1658,7.0085,18.95
2022-10-27,4.1635,7.189,18.89
2022-10-28,3.5002,7.1539,19.26
2022-10-29,5.2954,7.193,19.96
2022-10-30,5.5063,7.2547,20.53
2022-10-31,5.5858,7.11,19.68
2022-11-01,5.7202,7.0054,19.73
2022-11-02,4.633,6.7735,20.46
2022-11-03,4.3234,6.7548,20.52
2022-11-04,3.1798,6.9996,20.17
2022-11-05,3.8016,6.9149,19.49
2022-11-06,3.9934,6.9754,19.75
2022-11-07,4.0068,6.7795,19.81
2022-11-08,4.4371,6.8822,19.41
2022-11-09,4.0608,6.8395,19.69
2022-11-10,4.5434,6.9113,18.77
2022-11-11,4.037,6.853,19.07
2022-11-12,4.279,6.7399,19.65
2022-11-13,4.0106,6.6487,19.71
2022-11-14,4.355,6.69,19.67
2022-11-15,4.4306,6.5362,20.13
2022-11-16,4.3466,6.6161,20.95
2022-11-17,4.4753,6.5818,20.62
2022-11-18,3.324,6.5669,19.54
2022-11-19,4.4856,6.6077,19.89
2022-11-20,3.9007,6.6982,20.39
2022-11-21,4.0027,6.659,19.86
2022-11-22,4.4736,6.8011,19.75
2022-11-23,4.2384,6.6425,19.25
2022-11-24,3.8141,6.6276,19.63
2022-11-25,4.6754,6.6406,19.36
2022-11-26,3.2462,6.6662,19.03
2022-11-27,4.2233,6.5518,19.11
2022-11-28,3.575,6.5683,18.77
2022-11-29,3.6934,6.4807,18.33
2022-11-30,4.1234,6.565,18.25
2022-12-01,5.6148,6.8196,19.35
2022-12-02,5.9338,6.894,18.9
2022-12-03,5.593,6.7608,19.37
2022-12-04,3.1282,6.6775,18.26
2022-12-05,4.2792,6.6514,18.81
2022-12-06,4.0224,6.6919,18.69
2022-12-07,4.9889,6.7577,18.38
2022-12-08,3.7987,6.6593,18.42
2022-12-09,4.0226,6.3943,19.16
2022-12-10,3.8004,6.354,18.88
2022-12-11,4.3262,6.4068,19.55
2022-12-12,4.063,6.5347,19.75
2022-12-13,4.2775,6.4908,18.8
2022-12-14,4.5089,6.3802,20.12
2022-12-15,5.2742,6.3554,20.01
2022-12-16,5.0486,6.4822,20.35
2022-12-17,4.8067,6.4411,20.02
2022-12-18,3.881,6.3768,19.74
2022-12-19,5.2666,6.4853,19.49
2022-12-20,5.4178,6.397,20.14
2022-12-21,4.6874,6.4022,19.69
2022-12-22,5.3282,6.3799,19.81
2022-12-23,4.915,6.5311,20.2
2022-12-24,4.6649,6.5222,19.2
2022-12-25,4.878,6.4788,19.2
2022-12-26,3.2522,6.3818,18.64
2022-12-27,2.6918,6.5414,19.46
2022-12-28,4.5062,6.5698,19.89
2022-12-29,4.6104,6.535,19.99
2022-12-30,4.8317,6.5482,20.02
2022-12-31,4.5778,6.4342,19.32
2023-01-01,4.5005,6.5885,19.39
2023-01-02,4.8533,6.5904,19.22
2023-01-03,3.39,6.6228,19.01
2023-01-04,5.4955,6.6914,18.56
2023-01-05,3.967,6.4337,19.0
2023-01-06,3.397,6.2206,19.18
2023-01-07,3.5875,6.4018,18.75
2023-01-08,3.8952,6.3578,19.24
2023-01-09,3.3298,6.3994,19.02
2023-01-10,2.8946,6.3763,18.44
2023-01-11,3.839,6.4903,17.4
2023-01-12,3.9012,6.4262,18.39
2023-01-13,4.7294,6.6528,20.26
2023-01-14,4.4515,6.6636,18.9
2023-01-15,5.005,6.6355,18.83
2023-01-16,5.0359,6.6384,19.22
2023-01-17,4.2991,6.6151,19.16
2023-01-18,4.1921,6.6914,19.04
2023-01-19,5.3938,6.7214,19.24
2023-01-20,5.2774,6.7241,19.45
2023-01-21,5.003,6.6636,18.45
2023-01-22,3.6571,6.6226,19.36
2023-01-23,5.323,6.7126,20.33
2023-01-24,5.1158,6.7066,19.95
2023-01-25,5.8099,6.7788,20.72
2023-01-26,5.8306,6.9533,19.77
2023-01-27,6.6941,6.9674,19.73
2023-01-28,6.7502,7.055,19.17
2023-01-29,6.5354,7.099,19.26
2023-01-30,6.073,7.1047,19.6
2023-01-31,6.5971,7.0178,18.34
2023-02-01,6.4142,7.0426,18.89
2023-02-02,6.0394,6.973,19.48
2023-02-03,4.812,6.763,19.97
2023-02-04,4.0001,6.6739,19.94
2023-02-05,6.0646,6.7512,20.17
2023-02-06,4.2979,6.6228,20.49
2023-02-07,5.5027,6.9629,20.86
2023-02-08,5.3633,7.0392,21.01
2023-02-09,4.7894,6.9454,20.31
2023-02-10,4.673,6.9461,20.22
2023-02-11,3.4346,6.6912,20.26
2023-02-12,3.3792,6.7085,20.26
2023-02-13,3.5597,6.7925,20.77
2023-02-14,4.4914,6.8496,20.71
2023-02-15,4.451,6.965,19.97
2023-02-16,2.9018,6.9106,19.47
2023-02-17,5.1137,7.1489,20.95
2023-02-18,5.8944,7.2262,20.01
2023-02-19,5.4636,7.1882,20.11
2023-02-20,4.5986,7.0318,19.98
2023-02-21,3.9326,6.8189,19.55
2023-02-22,3.2064,6.5892,19.78
2023-02-23,6.078,6.9466,20.79
2023-02-24,5.4122,7.0858,20.83
2023-02-25,5.9268,7.2202,20.41
2023-02-26,5.2716,7.1018,20.8
2023-02-27,5.2637,6.9132,21.13
2023-02-28,5.9503,6.857,21.91
2023-03-01,5.1082,6.8359,21.26
2023-03-02,4.9274,7.0176,21.66
2023-03-03,4.6248,7.105,21.05
2023-03-04,4.7928,7.0802,22.07
2023-03-05,3.3586,7.0195,20.08
2023-03-06,4.7938,7.0411,20.06
2023-03-07,3.3391,7.147,19.13
2023-03-08,2.653,7.1554,19.35
2023-03-09,2.9748,7.0162,19.23
2023-03-10,3.7865,7.0512,19.89
2023-03-11,2.6026,7.1011,19.23
2023-03-12,3.8741,7.2338,19.46
2023-03-13,3.2172,7.2192,18.33
2023-03-14,3.7001,7.3478,18.55
2023-03-15,2.4038,7.2713,19.46
2023-03-16,4.4726,7.3104,18.78
2023-03-17,4.1626,7.3099,20.11
2023-03-18,3.9223,7.3027,19.86
2023-03-19,5.4811,7.4162,19.54
2023-03-20,5.5082,7.3418,20.5
2023-03-21,5.791,7.1143,20.86
2023-03-22,5.4202,6.8426,20.44
2023-03-23,4.0651,6.9967,20.17
2023-03-24,4.2574,7.2874,20.08
2023-03-25,3.7822,7.2317,19.76
2023-03-26,3.8263,6.8357,20.37
2023-03-27,4.1105,6.75,19.42
2023-03-28,5.7475,7.1419,20.91
2023-03-29,4.3231,7.2696,19.34
2023-03-30,4.6063,7.2485,20.31
2023-03-31,3.9322,6.9216,21.05
2023-04-01,4.3723,7.0109,20.7
2023-04-02,3.6444,7.4232,20.64
2023-04-03,5.8152,7.6034,21.25
2023-04-04,4.4033,7.3505,21.38
2023-04-05,5.1362,7.231,19.81
2023-04-06,3.7862,7.4446,20.75
2023-04-07,4.2192,7.3939,19.69
2023-04-08,4.9258,7.4395,20.59
2023-04-09,5.6338,7.4544,21.2
2023-04-10,4.783,7.2756,20.61
2023-04-11,4.2074,7.3594,21.36
2023-04-12,4.5005,7.2439,20.77
2023-04-13,4.4472,7.2204,21.17
2023-04-14,3.4697,7.3433,20.97
2023-04-15,4.7302,7.1364,20.77
2023-04-16,3.5606,7.014,19.99
2023-04-17,4.3519,7.2948,20.11
2023-04-18,4.0361,7.2077,19.31
2023-04-19,5.4766,7.2871,21.26
2023-04-20,3.4222,7.2943,19.96
2023-04-21,3.7896,7.2247,20.21
2023-04-22,3.7934,6.8894,20.17
2023-04-23,5.0786,7.445,21.04
2023-04-24,4.7736,7.4748,21.04
2023-04-25,4.7429,7.4916,20.54
2023-04-26,4.8427,7.4138,20.74
2023-04-27,4.7534,7.375,20.04
2023-04-28,5.6604,7.3224,20.89
2023-04-29,4.1834,7.3303,21.21
2023-04-30,4.5156,7.379,21.45
2023-05-01,6.9026,7.5734,21.6
2023-05-02,7.027,7.5353,21.78
2023-05-03,6.9552,7.5814,22.39
2023-05-04,7.302,7.6286,23.07
2023-05-05,6.3233,7.3973,22.55
2023-05-06,5.423,7.2199,21.71
2023-05-07,6.3782,7.2857,22.32
2023-05-08,6.3372,7.1681,22.84
2023-05-09,5.5781,7.3027,22.28
2023-05-10,2.8474,7.1522,21.06
2023-05-11,5.5776,7.4028,21.66
2023-05-12,4.6826,7.4088,22.21
2023-05-13,4.5022,7.2473,22.16
2023-05-14,4.4683,7.2127,21.48
2023-05-15,2.2802,7.0752,21.25
2023-05-16,4.5955,7.2773,21.07
2023-05-17,4.7232,7.3068,20.98
2023-05-18,6.7834,7.3829,22.18
2023-05-19,4.7604,7.2125,21.57
2023-05-20,4.1974,7.0109,21.45
2023-05-21,2.5241,7.134,21.0
2023-05-22,4.2341,6.8626,20.74
2023-05-23,4.0994,7.2869,20.26
2023-05-24,4.4114,7.1364,20.32
2023-05-25,4.147,7.2751,20.76
2023-05-26,4.2362,7.3363,20.75
2023-05-27,5.9378,7.3253,20.78
2023-05-28,4.9836,7.2545,20.99
2023-05-29,5.7154,7.2432,20.87
2023-05-30,4.7995,7.2833,20.45
2023-05-31,5.8541,7.2862,21.14
2023-06-01,3.9696,7.0231,21.01
2023-06-02,5.2637,7.2199,20.85
2023-06-03,6.084,7.2394,20.94
2023-06-04,4.1796,7.271,21.36
2023-06-05,5.0345,7.092,21.53
2023-06-06,5.2579,7.2077,21.34
2023-06-07,5.9551,7.2583,21.35
2023-06-08,4.1568,7.1621,21.01
2023-06-09,5.4468,7.1616,21.43
2023-06-10,4.457,7.1342,20.82
2023-06-11,6.329,7.218,21.15
2023-06-12,6.229,7.301,21.59
2023-06-13,6.785,7.241,22.44
2023-06-14,4.7064,7.1273,21.95
2023-06-15,5.5202,7.1592,20.52
2023-06-16,5.3856,6.9778,21.45
2023-06-17,5.0393,7.0658,21.03
2023-06-18,6.5186,7.1616,20.61
2023-06-19,7.1273,7.2775,21.5
2023-06-20,6.6751,7.29,21.94
2023-06-21,5.5759,7.1009,22.16
2023-06-22,4.8672,6.8914,21.67
2023-06-23,4.7597,7.0094,21.2
2023-06-24,4.3589,7.0022,20.47
2023-06-25,4.1467,6.9922,20.51
2023-06-26,4.1323,7.0829,20.55
2023-06-27,5.1062,7.0723,20.67
2023-06-28,5.2325,7.1143,21.43
2023-06-29,6.6955,7.2082,22.44
2023-06-30,5.2718,7.063,21.24
2023-07-01,5.4367,7.0574,21.02
2023-07-02,4.3795,7.1345,21.08
2023-07-03,4.6699,7.0858,20.71
2023-07-04,3.8736,7.0891,20.28
2023-07-05,5.5961,7.0812,20.7
2023-07-06,4.9399,7.0781,21.46
2023-07-07,4.7393,7.103,20.25
2023-07-08,5.0501,7.0538,20.11
2023-07-09,6.2302,7.3222,21.6
2023-07-10,5.9395,7.2641,21.82
2023-07-11,5.9938,7.2917,21.41
2023-07-12,6.2897,7.2703,21.15
2023-07-13,6.3322,7.3522,21.39
2023-07-14,5.2502,7.1674,21.5
2023-07-15,6.4351,7.2854,21.25
2023-07-16,6.0019,7.2454,21.68
2023-07-17,5.6561,7.2612,20.91
2023-07-18,5.8726,7.2802,21.41
2023-07-19,6.307,7.2847,21.54
2023-07-20,7.1302,7.4345,21.35
2023-07-21,4.9932,7.3354,21.64
2023-07-22,5.2572,7.0994,22.19
2023-07-23,6.5347,7.164,22.05
2023-07-24,6.3648,7.2847,22.05
2023-07-25,5.0993,7.2372,21.75
2023-07-26,2.8418,7.2067,20.78
2023-07-27,5.0074,7.1717,21.17
2023-07-28,5.9371,7.2127,21.88
2023-07-29,6.5736,7.3418,22.64
2023-07-30,5.9102,7.1573,22.46
2023-07-31,5.6026,7.1592,20.36
2023-08-01,5.7382,7.2437,20.87
2023-08-02,6.3242,7.3812,20.64
2023-08-03,6.4272,7.4477,21.68
2023-08-04,6.7973,7.411,22.12
2023-08-05,6.7582,7.3716,22.54
2023-08-06,5.2051,7.1383,22.68
2023-08-07,4.6555,7.2446,22.56
2023-08-08,6.971,7.4556,22.56
2023-08-09,4.8089,7.4198,22.56
2023-08-10,5.4259,7.295,21.73
2023-08-11,5.8267,7.3183,21.66
2023-08-12,5.3014,7.2912,21.62
2023-08-13,4.3898,7.1815,21.9
2023-08-14,6.1709,7.4508,22.2
2023-08-15,5.7778,7.428,21.63
2023-08-16,5.2142,7.3666,21.55
2023-08-17,5.9455,7.3889,21.48
2023-08-18,5.4996,7.3886,21.0
2023-08-19,4.986,7.4302,20.82
2023-08-20,4.6068,7.2794,21.28
2023-08-21,3.959,7.2655,21.43
2023-08-22,3.925,7.1827,20.29
2023-08-23,4.9154,7.2362,21.65
2023-08-24,5.0796,7.3735,21.25
2023-08-25,6.0504,7.5218,20.73
2023-08-26,7.1035,7.6229,22.12
2023-08-27,6.5748,7.6322,22.19
2023-08-28,6.8534,7.4921,22.22
2023-08-29,6.1913,7.5396,22.1
2023-08-30,7.1839,7.5943,23.22
2023-08-31,5.8219,7.5005,23.24
2023-09-01,6.3432,7.3723,23.23
2023-09-02,2.4283,7.513,22.03
2023-09-03,5.9734,7.3567,21.27
2023-09-04,5.8618,7.3478,21.47
2023-09-05,6.4958,7.5545,22.84
2023-09-06,7.0253,7.5384,23.09
2023-09-07,5.3659,7.2977,22.28
2023-09-08,5.256,7.2206,22.13
2023-09-09,5.2464,7.3054,22.37
2023-09-10,5.2867,7.3138,21.6
2023-09-11,6.8446,7.6126,22.12
2023-09-12,6.018,7.5682,23.22
2023-09-13,5.879,7.5,22.13
2023-09-14,5.9292,7.609,22.59
2023-09-15,5.4653,7.433,22.58
2023-09-16,6.2364,7.433,22.21
2023-09-17,4.7914,7.3699,22.29
2023-09-18,5.6846,7.3226,22.04
2023-09-19,6.3278,7.3774,22.97
2023-09-20,5.6657,7.4095,23.63
2023-09-21,6.9814,7.5338,23.34
2023-09-22,6.1978,7.4237,22.73
2023-09-23,6.2477,7.493,22.72
2023-09-24,5.4881,7.4222,23.01
2023-09-25,5.8394,7.5096,22.86
2023-09-26,4.9949,7.4134,22.57
2023-09-27,4.5242,7.4633,21.78
2023-09-28,5.423,7.4506,21.87
2023-09-29,6.0444,7.4285,22.65
2023-09-30,6.5426,7.4011,23.25
2023-10-01,5.7814,7.4234,22.74
2023-10-02,4.973,7.3344,21.98
2023-10-03,4.7419,7.319,21.38
2023-10-04,3.0744,7.4642,21.43
2023-10-05,3.9413,7.2864,21.11
2023-10-06,4.3644,7.3114,21.0
2023-10-07,5.4,7.3627,21.38
2023-10-08,3.7159,7.3046,21.38
2023-10-09,4.7897,7.194,21.66
2023-10-10,4.4011,7.1069,22.44
2023-10-11,4.2113,7.2139,20.47
2023-10-12,5.1322,7.3418,22.67
2023-10-13,5.113,7.163,20.7
2023-10-14,5.2726,7.2007,21.09
2023-10-15,5.2169,7.1455,20.89
2023-10-16,4.5242,7.1006,21.31
2023-10-17,4.6123,7.0855,22.09
2023-10-18,5.3266,7.1995,21.53
2023-10-19,4.5792,7.1282,21.85
2023-10-20,2.8514,6.9554,22.07
2023-10-21,2.7888,6.936,20.33
2023-10-22,3.9442,6.8258,20.2
2023-10-23,6.029,7.0488,21.53
2023-10-24,3.2426,7.2024,20.68
2023-10-25,3.3533,7.0522,20.48
2023-10-26,3.5182,7.0042,19.96
2023-10-27,3.6408,7.1035,19.92
2023-10-28,4.0282,7.2144,20.67
2023-10-29,4.8617,7.0459,19.79
2023-10-30,4.3296,7.0274,20.56
2023-10-31,4.6826,7.0013,19.68
2023-11-01,3.2594,6.9026,19.79
2023-11-02,4.1028,6.989,19.73
2023-11-03,4.7594,6.9274,19.92
2023-11-04,4.3889,6.8237,19.3
2023-11-05,4.2564,6.7258,20.66
2023-11-06,3.8573,6.7082,20.18
2023-11-07,4.7918,6.8443,20.95
2023-11-08,5.2198,6.8606,21.73
2023-11-09,5.4074,6.8294,21.59
2023-11-10,4.889,6.6127,21.4
2023-11-11,5.2531,6.6425,21.99
2023-11-12,3.4939,6.7555,22.24
2023-11-13,5.5558,6.7759,22.2
2023-11-14,5.3059,6.8546,21.4
2023-11-15,3.1963,6.7925,19.8
2023-11-16,4.4678,6.6938,20.61
2023-11-17,4.8382,6.8515,21.66
2023-11-18,4.0315,6.7951,20.7
2023-11-19,3.894,6.7843,20.77
2023-11-20,3.9458,6.8402,20.78
2023-11-21,4.7628,6.8554,20.54
2023-11-22,5.1475,6.809,20.02
2023-11-23,5.6287,6.8926,21.18
2023-11-24,4.807,6.7637,20.9
2023-11-25,4.447,6.6905,20.58
2023-11-26,5.7768,6.421,20.95
2023-11-27,6.277,6.7519,22.01
2023-11-28,5.9172,6.7978,22.5
2023-11-29,5.6894,6.7454,21.53
2023-11-30,5.0198,6.6955,20.94
2023-12-01,5.9628,6.6098,21.34
2023-12-02,5.6323,6.7188,21.91
2023-12-03,5.4372,6.6331,22.32
2023-12-04,5.2574,6.5974,22.75
2023-12-05,5.8162,6.6511,22.47
2023-12-06,4.0421,6.5443,21.79
2023-12-07,4.1806,6.3463,21.0
2023-12-08,5.0734,6.3984,22.14
2023-12-09,5.795,6.486,23.41
2023-12-10,4.1081,6.4606,22.51
2023-12-11,5.634,6.4385,21.67
2023-12-12,5.6194,6.4925,22.77
2023-12-13,4.1717,6.5486,23.29
2023-12-14,3.7644,6.3653,22.76
2023-12-15,2.4158,6.2314,20.55
2023-12-16,3.5297,6.2573,20.78
2023-12-17,4.3531,6.402,21.04
2023-12-18,4.6757,6.5352,21.22
2023-12-19,5.0227,6.4884,21.56
2023-12-20,5.0426,6.5126,22.13
2023-12-21,5.0928,6.5347,21.85
2023-12-22,5.0971,6.4476,22.83
2023-12-23,4.3954,6.2794,22.96
2023-12-24,4.5353,6.2789,22.63
2023-12-25,3.9518,6.2153,20.88
2023-12-26,4.4434,6.3871,20.97
2023-12-27,4.5053,6.4303,20.83
2023-12-28,4.1602,6.3893,21.31
2023-12-29,3.8693,6.4814,20.9
2023-12-30,4.002,6.4582,20.61
2023-12-31,5.311,6.5189,21.78
2024-01-01,4.9642,6.5107,21.2
2024-01-02,4.9922,6.619,22.13
2024-01-03,5.9174,6.6353,22.19
2024-01-04,5.9525,6.7762,22.18
2024-01-05,5.6371,6.7973,22.02
2024-01-06,6.4627,6.6991,22.16
2024-01-07,6.0199,6.5755,22.72
2024-01-08,5.5478,6.5758,22.69
2024-01-09,5.3518,6.6751,23.43
2024-01-10,4.8017,6.654,23.69
2024-01-11,5.5963,6.6566,22.75
2024-01-12,5.1725,6.6262,23.31
2024-01-13,5.0902,6.5875,22.92
2024-01-14,5.9028,6.7375,23.17
2024-01-15,6.3934,6.8215,23.29
2024-01-16,6.6463,6.8311,23.61
2024-01-17,6.4234,6.7051,24.69
2024-01-18,6.5376,6.7409,24.83
2024-01-19,5.5128,6.7608,24.85
2024-01-20,5.2238,6.7123,24.7
2024-01-21,4.9898,6.6691,25.04
2024-01-22,5.9726,6.7574,24.45
2024-01-23,6.5335,6.8479,25.4
2024-01-24,6.503,6.7601,25.21
2024-01-25,6.1793,6.7673,25.12
2024-01-26,5.0124,6.8064,24.69
2024-01-27,5.231,6.7627,24.64
2024-01-28,5.7302,6.7613,24.4
2024-01-29,5.2433,6.6998,23.58
2024-01-30,4.4326,6.5834,22.92
2024-01-31,4.801,6.4973,23.99
2024-02-01,2.8313,6.3058,23.28
2024-02-02,3.9134,6.2686,22.63
2024-02-03,3.8546,6.4152,20.37
2024-02-04,3.2945,6.5448,20.92
2024-02-05,3.1529,6.5558,21.61
2024-02-06,4.2658,6.7678,22.04
2024-02-07,4.0634,6.8366,22.21
2024-02-08,4.2821,7.0387,20.9
2024-02-09,5.0554,6.931,22.67
2024-02-10,6.3574,7.1753,24.62
2024-02-11,5.9563,7.1489,24.41
2024-02-12,6.4356,7.2677,24.99
2024-02-13,6.2762,7.2223,24.28
2024-02-14,5.351,6.9014,24.28
2024-02-15,6.5194,6.9763,26.1
2024-02-16,5.8157,7.0546,25.08
2024-02-17,5.5279,7.0392,24.9
2024-02-18,6.2796,7.033,25.21
2024-02-19,5.9045,7.0908,23.66
2024-02-20,6.3706,7.0608,23.94
2024-02-21,4.9742,6.7356,22.6
2024-02-22,5.6484,7.2223,22.17
2024-02-23,5.9479,7.3706,22.77
2024-02-24,5.4242,7.187,23.02
2024-02-25,4.638,6.8431,22.76
2024-02-26,4.9426,6.6089,21.88
2024-02-27,5.868,6.9293,23.06
2024-02-28,6.1387,7.0834,23.85
2024-02-29,5.8613,7.1604,23.45
2024-03-01,5.13,7.0306,23.37
2024-03-02,6.0605,7.0903,23.74
2024-03-03,5.1108,6.9274,23.25
2024-03-04,5.0904,6.9658,23.4
2024-03-05,5.1038,7.1021,24.48
2024-03-06,4.5905,6.8414,24.34
2024-03-07,5.5058,6.6751,25.44
2024-03-08,4.4047,6.5047,24.75
2024-03-09,3.3907,6.6581,22.87
2024-03-10,5.6551,7.0601,23.44
2024-03-11,3.8335,6.9576,24.21
2024-03-12,5.2603,6.8666,24.6
2024-03-13,4.8494,6.7529,24.5
2024-03-14,4.5,6.696,24.81
2024-03-15,5.237,6.7546,25.86
2024-03-16,4.8643,6.8182,26.1
2024-03-17,3.6682,6.7915,25.59
2024-03-18,5.9542,7.0452,26.14
2024-03-19,4.7246,7.0416,24.49
2024-03-20,3.6996,7.027,23.95
2024-03-21,3.9067,7.235,23.25
2024-03-22,5.947,7.1652,24.86
2024-03-23,4.4285,7.0332,22.95
2024-03-24,5.2723,7.1335,24.19
2024-03-25,5.419,7.1515,23.79
2024-03-26,5.4722,7.0834,23.29
2024-03-27,3.9437,6.8719,23.16
2024-03-28,4.8785,6.9866,23.52
2024-03-29,5.2637,7.147,21.92
2024-03-30,4.6762,6.48,23.15
2024-03-31,3.283,6.5621,21.68
2024-04-01,4.3442,6.5453,23.32
2024-04-02,3.3379,6.533,22.96
2024-04-03,4.2281,7.2086,20.8
2024-04-04,2.8733,7.0884,21.35
2024-04-05,6.0233,7.2281,23.27
2024-04-06,5.1041,7.2139,23.49
2024-04-07,5.8874,7.2876,24.68
2024-04-08,5.3885,7.1875,24.2
2024-04-09,5.6947,7.229,23.25
2024-04-10,6.3533,7.4086,23.4
2024-04-11,5.3434,7.2761,24.43
2024-04-12,6.4351,7.2883,24.31
2024-04-13,5.8786,6.9326,24.14
2024-04-14,4.9291,6.7142,24.66
2024-04-15,5.2886,6.8746,24.91
2024-04-16,5.112,6.9466,23.61
2024-04-17,3.3487,6.7087,22.64
2024-04-18,3.9842,6.51,21.45
2024-04-19,3.066,6.6566,22.03
2024-04-20,5.6942,7.3322,21.64
2024-04-21,3.6221,7.343,21.87
2024-04-22,2.7401,7.4064,20.47
2024-04-23,5.4262,7.3903,22.01
2024-04-24,5.9729,7.4018,21.62
2024-04-25,5.0378,7.4458,20.97
2024-04-26,4.0793,7.4647,21.59
2024-04-27,4.41,7.5,21.09
2024-04-28,3.0998,7.4854,19.89
2024-04-29,5.1382,7.6039,20.74
2024-04-30,4.6219,7.3908,22.49
2024-05-01,4.9426,7.291,20.7
2024-05-02,2.3153,7.2473,21.47
2024-05-03,4.2864,7.1861,21.56
2024-05-04,2.6585,7.0387,20.66
2024-05-05,5.0894,7.1568,21.51
2024-05-06,5.3568,7.368,21.77
2024-05-07,4.8842,7.3258,21.02
2024-05-08,4.3754,7.0529,21.26
2024-05-09,2.9155,7.1251,21.0
2024-05-10,4.7534,7.2622,21.69
2024-05-11,4.6099,7.0956,21.72
2024-05-12,3.3998,7.231,21.07
2024-05-13,6.457,7.3154,21.96
2024-05-14,4.807,7.3759,22.3
2024-05-15,4.4088,7.015,21.67
2024-05-16,4.5535,7.098,21.52
2024-05-17,4.8353,7.0783,21.42
2024-05-18,4.9555,6.929,22.39
2024-05-19,5.7372,6.9619,22.7
2024-05-20,4.7158,7.025,21.84
2024-05-21,3.7706,6.7046,21.09
2024-05-22,4.6229,7.1772,22.19
2024-05-23,4.7407,7.284,21.64
2024-05-24,4.7119,7.11,21.67
2024-05-25,4.6831,7.2682,20.77
2024-05-26,5.6095,7.2526,21.88
2024-05-27,4.6517,7.0649,21.46
2024-05-28,5.4684,7.2504,22.01
2024-05-29,4.0373,7.0958,21.4
2024-05-30,4.3392,7.0826,21.41
2024-05-31,5.1288,7.1688,21.86
2024-06-01,6.8758,7.2977,22.59
2024-06-02,5.2706,7.1964,22.74
2024-06-03,5.64,7.0963,21.52
2024-06-04,3.8239,6.9612,21.57
2024-06-05,4.6428,7.0291,21.59
2024-06-06,3.859,7.0788,20.97
2024-06-07,5.0052,7.0051,21.34
2024-06-08,5.8111,7.1232,21.53
2024-06-09,4.4153,6.888,20.97
2024-06-10,4.7791,6.9977,21.41
2024-06-11,4.4726,6.8791,21.51
2024-06-12,5.9105,7.0798,21.65
2024-06-13,5.1487,7.0843,20.79
2024-06-14,3.8909,6.9826,20.58
2024-06-15,4.1546,7.0541,20.93
2024-06-16,4.0092,6.8837,20.27
2024-06-17,6.1548,7.1746,21.09
2024-06-18,4.2101,6.9622,20.29
2024-06-19,4.3901,7.0793,20.0
2024-06-20,5.1878,6.9761,20.49
2024-06-21,4.8439,7.0186,20.82
2024-06-22,4.445,7.0915,21.33
2024-06-23,4.5648,7.0164,20.88
2024-06-24,5.0986,7.0565,20.49
2024-06-25,5.0743,7.0798,20.07
2024-06-26,5.0419,7.1383,20.86
2024-06-27,4.6586,7.1218,20.32
2024-06-28,3.8753,7.021,20.01
2024-06-29,5.2663,7.0027,19.97
2024-06-30,5.3342,7.1174,21.05
2024-07-01,6.1649,7.2149,21.24
2024-07-02,4.5612,7.1664,20.46
2024-07-03,4.9978,7.1453,20.62
2024-07-04,4.175,7.1131,20.63
2024-07-05,2.2548,7.0577,20.25
2024-07-06,5.8248,6.9643,20.96
2024-07-07,5.9304,7.1609,21.6
2024-07-08,6.997,7.267,21.14
2024-07-09,5.6962,7.0682,21.68
2024-07-10,5.4449,7.037,22.16
2024-07-11,5.845,7.0481,20.9
2024-07-12,4.8545,7.0315,20.98
2024-07-13,6.3226,7.2302,20.82
2024-07-14,6.6708,7.2322,21.48
2024-07-15,6.0564,7.2802,21.54
2024-07-16,6.1481,7.1942,21.36
2024-07-17,5.9498,7.1069,21.41
2024-07-18,5.5565,7.1054,20.51
2024-07-19,4.8552,6.8479,20.79
2024-07-20,6.6974,7.2449,21.63
2024-07-21,6.1925,7.3006,21.99
2024-07-22,6.3259,7.139,21.63
2024-07-23,5.857,7.1664,21.98
2024-07-24,6.4277,7.2046,22.08
2024-07-25,5.0837,7.1338,21.43
2024-07-26,4.9366,7.0608,21.16
2024-07-27,5.4206,7.0668,21.51
2024-07-28,5.761,7.1086,21.5
2024-07-29,7.0224,7.2881,22.01
2024-07-30,5.4228,7.0915,21.86
2024-07-31,6.2009,7.2578,21.24
2024-08-01,5.5286,7.1681,20.95
2024-08-02,6.7486,7.3411,20.91
2024-08-03,4.7237,7.1923,20.67
2024-08-04,5.6126,7.2792,20.87
2024-08-05,5.1466,7.1813,21.22
2024-08-06,5.0338,7.2502,20.21
2024-08-07,4.5926,7.0742,19.96
2024-08-08,4.627,7.2072,20.76
2024-08-09,3.8227,7.3375,20.8
2024-08-10,4.9601,7.2394,20.21
2024-08-11,5.8164,7.3397,20.8
2024-08-12,6.2225,7.326,20.95
2024-08-13,6.5311,7.3694,20.96
2024-08-14,6.7493,7.2305,21.12
2024-08-15,6.9444,7.3399,22.08
2024-08-16,5.7466,7.4155,21.88
2024-08-17,6.5378,7.3226,21.32
2024-08-18,7.1028,7.3154,21.77
2024-08-19,5.6748,7.2946,21.97
2024-08-20,5.9054,7.2785,22.07
2024-08-21,5.9606,7.368,21.49
2024-08-22,5.2361,7.3006,21.52
2024-08-23,5.2646,7.2588,21.12
2024-08-24,5.449,7.3812,21.23
2024-08-25,3.9713,7.1774,21.4
2024-08-26,4.4465,7.1354,21.16
2024-08-27,6.6874,7.3865,21.19
2024-08-28,6.5462,7.3944,22.05
2024-08-29,5.808,7.3901,21.93
2024-08-30,7.2137,7.4232,21.26
2024-08-31,5.7696,7.3308,20.79
2024-09-01,5.2466,7.2365,20.36
2024-09-02,5.8015,7.0661,20.88
2024-09-03,5.1737,7.1434,20.94
2024-09-04,6.5018,7.1892,21.84
2024-09-05,5.9518,7.0918,22.15
2024-09-06,6.7075,7.2533,22.12
2024-09-07,5.1499,7.0754,20.76
2024-09-08,5.1703,6.9238,22.24
2024-09-09,6.4426,7.2002,22.56
2024-09-10,5.6928,7.4683,22.69
2024-09-11,5.935,7.277,22.14
2024-09-12,4.511,7.1117,21.55
2024-09-13,5.2555,6.9278,21.4
2024-09-14,6.2616,7.3375,22.27
2024-09-15,6.8102,7.6039,22.82
2024-09-16,6.0612,7.4892,22.55
2024-09-17,6.6019,7.4844,22.84
2024-09-18,6.9348,7.459,22.56
2024-09-19,5.358,7.3697,22.5
2024-09-20,5.3167,7.2929,21.83
2024-09-21,5.424,7.1712,21.37
2024-09-22,4.9447,7.386,20.31
2024-09-23,5.3654,7.5146,20.92
2024-09-24,6.2498,7.4407,20.83
2024-09-25,4.769,7.297,21.22
2024-09-26,4.5413,7.2547,18.94
2024-09-27,4.7376,7.4047,20.19
2024-09-28,4.1731,7.4102,19.84
2024-09-29,3.6242,7.3798,19.56
2024-09-30,5.039,7.4489,20.45
2024-10-01,5.244,7.4611,20.83
2024-10-02,5.0186,7.2821,20.18
2024-10-03,6.7692,7.5746,21.12
2024-10-04,4.6879,7.302,20.26
2024-10-05,5.3791,7.3246,20.41
2024-10-06,4.573,7.3961,20.93
2024-10-07,4.2725,7.3944,20.46
2024-10-08,3.7044,7.5293,19.91
2024-10-09,5.6914,7.4486,20.66
2024-10-10,3.7778,7.2643,19.63
2024-10-11,6.2551,7.3483,20.98
2024-10-12,6.2599,7.4064,21.74
2024-10-13,6.1884,7.3666,21.99
2024-10-14,5.4384,7.3488,21.62
2024-10-15,4.5749,7.1606,21.12
2024-10-16,4.7527,7.1652,21.15
2024-10-17,6.023,7.2905,21.17
2024-10-18,6.367,7.3159,21.65
2024-10-19,4.1102,7.2257,20.88
2024-10-20,5.5162,7.279,19.97
2024-10-21,4.8737,7.2523,20.38
2024-10-22,4.4417,7.2262,20.47
2024-10-23,5.285,7.0829,20.1
2024-10-24,5.443,7.0937,20.76
2024-10-25,6.629,7.129,21.84
2024-10-26,5.0102,7.1426,21.63
2024-10-27,4.0411,7.1141,21.52
2024-10-28,4.8878,6.9593,21.91
2024-10-29,5.3556,7.003,21.82
2024-10-30,4.8518,7.0591,20.94
2024-10-31,4.9282,7.1237,20.54
2024-11-01,3.3466,7.092,19.55
2024-11-02,4.2046,7.0459,19.71
2024-11-03,3.4282,6.9535,20.46
2024-11-04,3.095,6.8796,20.41
2024-11-05,5.3441,6.9142,20.79
2024-11-06,5.3738,6.8777,20.17
2024-11-07,4.2322,6.8513,19.64
2024-11-08,2.2678,6.9662,19.43
2024-11-09,4.6337,7.079,20.18
2024-11-10,4.4227,6.9269,19.74
2024-11-11,3.4397,6.7505,19.29
2024-11-12,4.2187,6.7565,19.88
2024-11-13,4.2626,6.8606,19.78
2024-11-14,3.9593,6.6804,18.88
2024-11-15,3.9629,6.6842,19.97
2024-11-16,3.4742,6.6624,19.67
2024-11-17,3.6924,6.6401,19.51
2024-11-18,4.6692,6.6624,19.73
2024-11-19,4.0099,6.7577,19.69
2024-11-20,4.2074,6.6936,18.97
2024-11-21,4.2552,6.6077,18.71
2024-11-22,3.4135,6.7068,19.1
2024-11-23,3.673,6.5374,18.75
2024-11-24,4.3286,6.5842,20.82
2024-11-25,5.3868,6.7001,21.4
2024-11-26,5.1166,6.6242,20.83
2024-11-27,4.2034,6.535,20.52
2024-11-28,4.4904,6.5513,20.47
2024-11-29,4.5648,6.469,20.47
2024-11-30,6.2081,6.588,20.96
2024-12-01,4.7198,6.5194,20.92
2024-12-02,4.3934,6.413,19.97
2024-12-03,4.3003,6.4531,20.86
2024-12-04,4.8286,6.4865,20.66
2024-12-05,5.0585,6.577,20.83
2024-12-06,4.6625,6.4697,20.08
2024-12-07,5.1346,6.5561,19.68
2024-12-08,6.3264,6.6103,19.29
2024-12-09,5.4118,6.5246,20.31
2024-12-10,4.4606,6.5698,20.56
2024-12-11,4.6217,6.5398,20.91
2024-12-12,4.8103,6.5006,19.97
2024-12-13,4.7666,6.4951,20.34
2024-12-14,4.2398,6.4502,19.99
2024-12-15,3.3374,6.4663,19.08
2024-12-16,3.0845,6.2964,19.0
2024-12-17,4.5883,6.2251,20.74
2024-12-18,4.7695,6.2443,21.1
2024-12-19,3.1949,6.4426,20.51
2024-12-20,4.1902,6.4042,20.31
2024-12-21,3.2669,6.2669,19.61
2024-12-22,4.5058,6.3974,19.8
2024-12-23,4.1057,6.4042,20.44
2024-12-24,3.695,6.5182,20.68
2024-12-25,4.2348,6.3679,20.6
2024-12-26,3.5419,6.4591,19.58
2024-12-27,3.5628,6.5155,20.25
2024-12-28,3.9559,6.355,20.02
2024-12-29,3.8506,6.4584,19.58
2024-12-30,2.9093,6.4735,19.11
2024-12-31,4.1333,6.5611,18.76
2025-01-01,3.4721,6.5957,19.11
2025-01-02,4.601,6.4171,19.72
2025-01-03,3.271,6.3396,19.61
2025-01-04,4.2166,6.455,19.34
2025-01-05,4.4083,6.3972,18.99
2025-01-06,5.1614,6.5398,20.56
2025-01-07,4.8336,6.6809,20.55
2025-01-08,4.8898,6.6794,20.75
2025-01-09,4.2259,6.5266,20.31
2025-01-10,4.7398,6.5527,20.4
2025-01-11,4.6771,6.4807,20.47
2025-01-12,5.8872,6.5666,20.19
2025-01-13,6.2587,6.6893,20.37
2025-01-14,6.007,6.6185,20.91
2025-01-15,6.1567,6.7027,20.72
2025-01-16,5.766,6.7001,20.81
2025-01-17,5.7286,6.793,20.2
2025-01-18,6.5258,6.9398,19.75
2025-01-19,5.6686,6.7718,20.08
2025-01-20,6.0804,6.8671,20.02
2025-01-21,6.1426,6.8705,20.18
2025-01-22,6.1411,6.859,20.78
2025-01-23,6.3295,6.8794,21.19
2025-01-24,3.2515,6.6132,20.77
2025-01-25,4.3402,6.588,20.21
2025-01-26,4.8276,6.7217,20.86
2025-01-27,5.1211,6.8162,21.27
2025-01-28,4.9157,6.708,21.33
2025-01-29,5.7118,6.7387,20.68
2025-01-30,5.6513,6.883,21.72
2025-01-31,5.2327,6.774,21.88
2025-02-01,4.8341,6.937,21.51
2025-02-02,4.4957,6.6439,20.51
2025-02-03,4.0973,6.7656,20.92
2025-02-04,4.1621,6.7219,19.91
2025-02-05,2.861,6.6115,19.83
2025-02-06,4.4131,6.6982,20.11
2025-02-07,4.4942,6.7164,19.31
2025-02-08,3.2966,6.4416,19.54
2025-02-09,1.9488,6.5486,20.1
2025-02-10,4.3747,6.7416,20.05
2025-02-11,2.1965,6.8222,19.83
2025-02-12,3.8436,6.9703,20.34
2025-02-13,4.0008,7.0382,20.48
2025-02-14,3.7051,7.0054,19.33
2025-02-15,3.6886,7.019,19.55
2025-02-16,3.3701,7.1426,19.93
2025-02-17,4.201,7.1794,20.52
2025-02-18,3.9898,6.9799,19.74
2025-02-19,3.6785,7.0205,19.99
2025-02-20,5.0196,7.0322,20.86
2025-02-21,4.4873,6.965,20.65
2025-02-22,3.6869,6.9648,20.18
2025-02-23,4.3118,7.0459,20.25
2025-02-24,3.9646,7.0898,21.32
2025-02-25,3.3002,7.091,20.46
2025-02-26,4.8199,6.9902,21.21
2025-02-27,4.5497,6.9134,20.71
2025-02-28,3.4853,7.1405,20.76
2025-03-01,4.8502,7.1465,20.67
2025-03-02,5.2272,7.1724,20.3
2025-03-03,4.0555,6.9456,20.24
2025-03-04,4.0913,6.9859,19.53
2025-03-05,3.7958,7.0265,20.45
2025-03-06,3.7382,7.0229,19.54
2025-03-07,3.8093,7.0973,19.62
2025-03-08,5.543,7.1234,21.01
2025-03-09,5.4082,7.2864,21.35
2025-03-10,5.3578,7.1486,21.07
2025-03-11,4.4294,6.997,19.99
2025-03-12,3.7166,6.9583,20.5
2025-03-13,4.6841,6.9216,20.32
2025-03-14,3.7678,6.6924,20.55
2025-03-15,4.5782,6.9682,20.86
2025-03-16,5.04,7.1825,20.59
2025-03-17,4.4126,7.3313,20.24
2025-03-18,4.3531,7.2598,19.7
2025-03-19,5.3947,7.1182,20.8
2025-03-20,4.8602,7.1513,21.37
2025-03-21,5.2906,7.1362,20.2
2025-03-22,5.7319,7.2046,21.63
2025-03-23,5.7593,7.284,22.39
2025-03-24,5.6326,7.3087,21.61
2025-03-25,3.5006,7.1242,22.13
2025-03-26,5.3417,7.1028,20.81
2025-03-27,5.063,7.2566,20.68
2025-03-28,3.3833,7.0958,20.4
2025-03-29,4.0126,7.2938,20.3
2025-03-30,3.143,6.9653,20.02
2025-03-31,4.0142,7.2463,20.22
2025-04-01,4.4429,7.3942,19.85
2025-04-02,4.4443,7.235,20.83
2025-04-03,3.7171,7.3054,20.63
2025-04-04,4.1347,7.1846,20.54
2025-04-05,4.1978,7.506,20.21
2025-04-06,3.661,7.3874,20.4
2025-04-07,5.7187,7.6058,19.41
2025-04-08,4.169,7.4825,20.89
2025-04-09,4.1033,7.1681,21.05
2025-04-10,3.7822,7.2874,20.43
2025-04-11,5.165,7.4225,19.99
2025-04-12,6.0046,7.6937,20.93
2025-04-13,6.3149,7.5965,21.54
2025-04-14,6.5364,7.6618,22.17
2025-04-15,5.7722,7.4146,23.01
2025-04-16,5.3712,7.291,21.6
2025-04-17,4.7906,7.2874,21.48
2025-04-18,5.8454,7.3046,21.63
2025-04-19,5.3354,7.3049,21.64
2025-04-20,5.004,7.5106,21.4
2025-04-21,3.7634,7.481,20.32
2025-04-22,3.7572,7.5602,20.33
2025-04-23,4.7678,7.5617,20.77
2025-04-24,5.0815,7.5079,20.45
2025-04-25,4.4153,7.3186,20.14
2025-04-26,4.3231,7.3428,20.68
2025-04-27,4.5641,7.4707,20.97
2025-04-28,4.0598,7.3771,20.66
2025-04-29,4.47,7.421,20.28
2025-04-30,4.3949,7.332,19.97
2025-05-01,3.7404,7.4059,21.08
2025-05-02,3.9475,7.4141,20.9
2025-05-03,3.5395,7.3397,19.25
2025-05-04,4.4232,7.2703,20.27
2025-05-05,4.4098,7.4045,19.93
2025-05-06,4.7321,7.439,19.48
2025-05-07,3.3055,7.1981,19.51
2025-05-08,3.9034,7.4256,19.8
2025-05-09,6.3374,7.5456,20.49
2025-05-10,6.8966,7.5334,21.98
2025-05-11,5.4403,7.3687,21.48
2025-05-12,6.5378,7.363,22.67
2025-05-13,3.8868,7.2019,21.12
2025-05-14,4.2742,7.3034,20.86
2025-05-15,3.7951,7.3099,20.52
2025-05-16,3.9845,7.2679,20.0
2025-05-17,4.0186,7.3735,21.1
2025-05-18,4.151,7.4095,20.73
2025-05-19,5.1134,7.4167,19.66
2025-05-20,4.9502,7.3745,20.5
2025-05-21,5.1653,7.3985,21.36
2025-05-22,5.2138,7.2518,21.12
2025-05-23,6.1188,7.3054,21.84
2025-05-24,5.8793,7.2482,21.73
2025-05-25,6.2263,7.2982,22.48
2025-05-26,4.4964,7.0332,20.95
2025-05-27,3.9022,7.0903,20.67
2025-05-28,6.6072,7.2427,21.75
2025-05-29,6.4346,7.2034,22.48
2025-05-30,5.1922,7.0838,22.06
2025-05-31,5.694,7.2005,21.46
2025-06-01,4.657,7.0644,21.61
2025-06-02,5.2032,7.0675,20.98
2025-06-03,5.8706,7.141,21.15
2025-06-04,5.6134,7.1234,20.7
2025-06-05,4.5859,7.0104,20.91
2025-06-06,5.1079,7.068,20.84
2025-06-07,6.9276,7.2605,21.29
2025-06-08,6.2866,7.1846,22.19
2025-06-09,4.1042,7.0622,21.67
2025-06-10,4.8619,6.9322,19.99
2025-06-11,3.8527,6.9274,20.22
2025-06-12,3.8028,6.9715,19.66
2025-06-13,3.5645,7.0706,19.56
2025-06-14,4.0346,7.2958,20.24
2025-06-15,5.6592,7.2062,19.98
2025-06-16,4.0889,7.0718,20.97
2025-06-17,5.9731,7.1126,20.57
2025-06-18,6.24,7.1945,21.47
2025-06-19,6.883,7.2737,21.54
2025-06-20,6.1025,7.1028,21.66
2025-06-21,5.4953,6.9854,21.76
2025-06-22,3.5959,7.0399,20.79
2025-06-23,4.0409,7.0903,19.97
2025-06-24,3.2462,7.1798,19.82
2025-06-25,6.3662,7.2842,21.07
2025-06-26,6.1418,7.1381,21.5
2025-06-27,5.2565,7.1016,21.17
2025-06-28,5.3918,7.1508,20.85
2025-06-29,5.7614,7.1621,21.09
2025-06-30,6.2191,7.1162,21.51
2025-07-01,5.2363,6.8952,21.51
2025-07-02,6.1265,7.1306,21.36
2025-07-03,4.9728,7.0927,20.1
2025-07-04,4.5662,7.0222,19.94
2025-07-05,5.647,7.0966,19.87
2025-07-06,4.7899,7.0018,20.05
2025-07-07,6.9557,7.3068,20.42
2025-07-08,5.7031,7.0752,20.93
2025-07-09,5.2699,7.0541,20.85
2025-07-10,5.3844,6.9677,20.79
2025-07-11,4.8065,6.6511,20.65
2025-07-12,6.0785,7.0891,20.84
2025-07-13,5.4756,7.1556,20.94
2025-07-14,6.1747,7.1676,20.84
2025-07-15,6.5285,7.2895,21.0
2025-07-16,6.2006,7.2427,21.53
2025-07-17,6.5354,7.0817,21.93
2025-07-18,6.2498,7.1494,21.98
2025-07-19,5.903,7.2122,21.17
2025-07-20,6.317,7.1858,21.22
2025-07-21,4.9944,7.0788,21.07
2025-07-22,5.0462,7.0752,20.18
2025-07-23,4.9925,7.1712,21.06
2025-07-24,5.8639,7.2173,21.63
2025-07-25,5.0436,7.1527,20.95
2025-07-26,5.0813,7.1592,21.03
2025-07-27,6.2314,7.2588,21.01
2025-07-28,6.361,7.2566,21.63
2025-07-29,5.035,7.2403,21.05
2025-07-30,6.2362,7.2456,20.77
2025-07-31,6.1898,7.2401,21.18
2025-08-01,6.361,7.1146,21.54
2025-08-02,4.4083,7.1326,21.56
2025-08-03,5.929,7.2626,20.92
2025-08-04,5.0148,7.2758,21.02
2025-08-05,5.7338,7.4263,20.81
2025-08-06,6.096,7.3651,20.09
2025-08-07,4.0075,7.3075,19.62
2025-08-08,5.0623,7.2989,18.99
2025-08-09,5.1151,7.3219,19.2
2025-08-10,5.1166,7.2895,19.97
2025-08-11,6.3566,7.3284,20.6
2025-08-12,6.4586,7.4328,20.89
2025-08-13,4.5523,7.055,20.34
2025-08-14,4.5797,7.3601,20.47
2025-08-15,3.9934,7.1148,20.28
2025-08-16,3.4058,6.9161,19.36
2025-08-17,4.3865,7.3087,20.07
2025-08-18,5.6549,7.3682,20.46
2025-08-19,5.6026,7.5142,20.57
2025-08-20,6.0866,7.4686,21.53
2025-08-21,5.9292,7.3238,20.89
2025-08-22,4.2454,7.3219,20.74
2025-08-23,5.6851,7.4892,20.52
2025-08-24,6.5153,7.5389,21.39
2025-08-25,5.3143,7.4278,21.69
2025-08-26,6.0598,7.3793,21.81
2025-08-27,5.7038,7.3985,21.56
2025-08-28,5.8387,7.4582,21.51
2025-08-29,7.193,7.5425,21.52
2025-08-30,5.7607,7.4393,20.9
2025-08-31,4.1407,7.2811,20.93
2025-09-01,4.885,7.2797,21.09
2025-09-02,6.049,7.4098,21.13
2025-09-03,5.6719,7.4592,20.71
2025-09-04,4.931,7.4743,20.98
2025-09-05,4.805,7.3397,20.22
2025-09-06,5.1065,7.3502,20.23
2025-09-07,4.6754,7.4484,19.13
2025-09-08,5.3268,7.3214,20.0
2025-09-09,6.9365,7.5468,21.59
2025-09-10,6.0727,7.507,22.15
2025-09-11,5.8771,7.385,21.52
2025-09-12,5.2961,7.3274,21.32
2025-09-13,6.305,7.3421,21.79
2025-09-14,5.7617,7.2641,21.44
2025-09-15,6.1262,7.5247,21.98
2025-09-16,5.2901,7.3243,21.73
2025-09-17,4.421,7.29,19.33
2025-09-18,3.3917,7.2634,19.11
2025-09-19,4.5792,7.4582,19.3
2025-09-20,6.1387,7.4844,20.44
2025-09-21,6.0662,7.4659,21.36
2025-09-22,5.5769,7.3207,20.88
2025-09-23,6.4308,7.4191,21.14
2025-09-24,5.7374,7.309,21.92
2025-09-25,5.693,7.4045,20.74
2025-09-26,5.0945,7.309,21.43
2025-09-27,4.9994,7.3181,20.2
2025-09-28,5.0578,7.3495,20.49
2025-09-29,4.644,7.3752,19.96
2025-09-30,3.205,7.2991,19.7
2025-10-01,4.8629,7.2814,20.52
2025-10-02,5.8097,7.2398,21.01
2025-10-03,4.9102,7.1011,20.76
2025-10-04,5.0172,7.3049,19.93
2025-10-05,5.31,7.3229,20.51
2025-10-06,4.6339,7.2998,19.84
2025-10-07,5.4838,7.29,20.44
2025-10-08,3.1426,7.2125,19.91
2025-10-09,4.9464,7.2679,20.27
2025-10-10,3.552,7.1722,19.79
2025-10-11,4.5377,7.309,20.04
2025-10-12,3.7714,7.3385,19.47
2025-10-13,3.9312,7.3313,19.6
2025-10-14,4.7434,7.2494,19.97
2025-10-15,4.2173,7.1743,20.23
2025-10-16,4.8355,7.3361,19.22
2025-10-17,4.6246,7.2202,20.2
2025-10-18,5.3618,6.9958,19.6
2025-10-19,5.1305,7.0418,21.02
2025-10-20,4.715,7.0759,20.76
2025-10-21,4.7455,7.0896,20.12
2025-10-22,4.1078,7.0802,19.82
2025-10-23,4.0894,7.0118,19.98
2025-10-24,4.2432,7.0769,20.82
2025-10-25,4.7479,7.0942,20.57
2025-10-26,4.6133,7.0692,20.22
2025-10-27,3.925,7.1525,19.95
2025-10-28,4.4563,6.8561,21.47
2025-10-29,4.8907,6.9288,20.77
2025-10-30,4.2398,7.043,19.66
2025-10-31,5.3462,6.9233,19.79
2025-11-01,5.3402,6.973,20.66
2025-11-02,5.0323,6.9362,20.88
2025-11-03,4.1342,6.852,20.95
2025-11-04,3.9734,6.907,20.69
2025-11-05,4.4078,7.0152,20.85
2025-11-06,4.6649,6.8174,19.62
2025-11-07,5.4362,6.8345,20.49
2025-11-08,4.8542,6.7668,20.88
2025-11-09,4.5209,6.5674,21.3
2025-11-10,5.082,6.7771,21.28
2025-11-11,4.8156,6.655,20.5
2025-11-12,4.4347,6.6497,20.43
2025-11-13,4.6085,6.7997,19.96
2025-11-14,3.5707,6.7445,19.69
2025-11-15,3.4908,6.7589,19.21
2025-11-16,3.7754,6.7502,18.77
2025-11-17,4.806,6.5616,19.25
2025-11-18,4.7232,6.7548,20.32
2025-11-19,4.2235,6.6552,19.99
2025-11-20,3.7908,6.7087,20.26
2025-11-21,4.3418,6.6017,19.58
2025-11-22,5.2409,6.6682,20.18
2025-11-23,3.3862,6.6144,20.3
2025-11-24,3.4519,6.5095,20.06
2025-11-25,4.56,6.4159,20.35
2025-11-26,4.6481,6.6053,20.63
2025-11-27,2.7086,6.5494,20.05
2025-11-28,3.2018,6.695,19.36
2025-11-29,3.6096,6.5429,19.47
2025-11-30,3.9888,6.5124,20.26
2025-12-01,3.3005,6.6996,18.69
2025-12-02,4.2552,6.6955,19.56
2025-12-03,4.1959,6.5777,19.94
2025-12-04,3.725,6.6698,19.84
2025-12-05,3.2738,6.5489,19.01
2025-12-06,4.3157,6.4495,19.39
2025-12-07,4.4419,6.4421,19.13
2025-12-08,5.0767,6.4805,19.58
2025-12-09,4.9238,6.4747,19.08
2025-12-10,4.4837,6.3965,19.81
2025-12-11,4.9049,6.3746,20.52
2025-12-12,3.2724,6.275,20.61
2025-12-13,4.5125,6.3312,20.13
2025-12-14,4.4933,6.3617,20.4
2025-12-15,4.3514,6.4087,20.27
2025-12-16,3.9386,6.3468,19.87
2025-12-17,4.2223,6.433,19.62
2025-12-18,4.2079,6.3439,19.83
2025-12-19,4.5434,6.4265,19.41
2025-12-20,5.1929,6.5107,19.43
2025-12-21,4.2864,6.2813,19.93
2025-12-22,3.2993,6.3305,19.69
2025-12-23,5.3258,6.4985,19.93
2025-12-24,4.253,6.5074,18.97
2025-12-25,4.2358,6.6257,19.4
2025-12-26,4.2898,6.5604,19.19
2025-12-27,5.6902,6.5628,19.47
2025-12-28,5.3849,6.4894,19.32
2025-12-29,5.4751,6.6055,20.41
2025-12-30,4.7429,6.4534,20.23
2025-12-31,5.3062,6.5398,20.43
2026-01-01,4.4227,6.3552,20.09
2026-01-02,3.2962,6.3206,19.8
2026-01-03,3.384,6.2969,19.25
2026-01-04,3.7373,6.4022,19.72
2026-01-05,3.1469,6.3154,19.28
2026-01-06,3.6482,6.2902,19.08
2026-01-07,4.1033,6.3912,19.11
2026-01-08,2.7034,6.4872,19.35
2026-01-09,3.3254,6.3278,19.36
2026-01-10,2.8447,6.3504,19.69
2026-01-11,2.7869,6.3593,18.89
2026-01-12,2.5109,6.4711,18.46
2026-01-13,3.4339,6.516,18.71
2026-01-14,4.5511,6.5556,19.18
2026-01-15,2.9606,6.5503,19.8
2026-01-16,4.1347,6.5102,19.18
2026-01-17,5.8306,6.6602,20.97
2026-01-18,4.927,6.534,20.56
2026-01-19,3.2575,6.4474,19.99
2026-01-20,4.4909,6.5405,20.24
2026-01-21,4.7198,6.618,20.34
2026-01-22,3.5906,6.7522,19.68
2026-01-23,4.5074,6.5899,19.83
2026-01-24,5.0414,6.5335,19.75
2026-01-25,4.0613,6.4824,20.07
2026-01-26,3.869,6.5986,19.7
2026-01-27,3.8309,6.4469,19.69
2026-01-28,4.1686,6.6084,20.07
2026-01-29,3.8522,6.5729,20.01
2026-01-30,2.6638,6.6142,19.54
2026-01-31,3.9806,6.5556,19.81
2026-02-01,1.8905,6.5479,19.05
2026-02-02,3.7061,6.7596,19.76
2026-02-03,4.1906,6.8779,19.81
2026-02-04,4.829,6.8594,19.88
2026-02-05,5.4422,6.876,20.95
2026-02-06,3.2554,6.7555,19.02
2026-02-07,4.4234,6.6761,19.35
2026-02-08,3.0823,6.595,19.21
2026-02-09,4.9037,6.829,20.11
2026-02-10,4.213,6.708,19.92
2026-02-11,5.3405,6.7373,20.42
2026-02-12,4.9097,6.8064,20.72
2026-02-13,4.3474,6.7541,20.12
2026-02-14,3.673,6.8028,19.34
2026-02-15,2.5445,6.8287,19.57
2026-02-16,3.827,7.0037,19.24
2026-02-17,4.5125,7.0466,19.64
2026-02-18,4.8766,7.0735,19.48
2026-02-19,4.3073,6.9401,19.58
2026-02-20,4.4431,7.0361,20.59
2026-02-21,4.2955,7.1362,20.92
2026-02-22,3.0017,7.0529,19.95
2026-02-23,3.4589,7.0826,18.76
2026-02-24,3.8369,7.1162,18.82
2026-02-25,4.757,7.134,19.83
2026-02-26,5.5375,7.2026,20.7
2026-02-27,5.8915,7.283,21.24
2026-02-28,5.6095,7.1746,21.13
2026-03-01,6.2417,7.6634,20.93
2026-03-02,6.3674,7.3538,20.99
2026-03-03,4.4311,6.9235,19.99
2026-03-04,3.8971,6.917,19.68
2026-03-05,4.5931,6.8854,20.18
2026-03-06,3.2724,6.8618,19.37
2026-03-07,5.4113,7.0034,20.48
2026-03-08,2.0842,7.1064,19.87
2026-03-09,5.1331,7.1083,20.94
2026-03-10,5.1053,7.2526,20.92
2026-03-11,4.6634,7.3411,19.85
2026-03-12,4.8168,7.3006,20.11
2026-03-13,5.1089,7.3462,20.96
2026-03-14,5.437,7.3793,20.86
2026-03-15,5.5236,7.3822,21.2
2026-03-16,5.8709,7.3399,21.6
2026-03-17,4.4326,6.9156,20.76
2026-03-18,3.8801,7.2751,20.51
2026-03-19,5.2375,7.4254,19.4
2026-03-20,5.364,7.3982,19.73
2026-03-21,3.6492,7.4513,20.02
2026-03-22,4.8631,7.344,20.41
2026-03-23,4.5528,7.0342,19.41
2026-03-24,3.4298,7.0853,19.43
2026-03-25,4.4688,7.0087,19.72
2026-03-26,5.1254,7.1789,19.98
2026-03-27,2.3431,7.4028,19.88
2026-03-28,5.5584,7.0997,21.07
2026-03-29,5.0736,7.157,20.34
2026-03-30,4.6219,7.3334,19.94
2026-03-31,5.4074,7.2917,21.01
2026-04-01,5.1322,7.746,19.93
2026-04-02,4.7021,7.5631,20.53
2026-04-03,4.9224,7.4302,20.56
2026-04-04,5.2231,7.4695,20.14
2026-04-05,3.4332,7.2638,20.13
2026-04-06,4.0145,7.1503,21.42
2026-04-07,4.8307,7.2314,21.33
2026-04-08,3.3192,7.3265,21.07
2026-04-09,5.4734,7.4105,21.39
2026-04-10,5.4149,7.3901,21.49
2026-04-11,4.7378,7.1974,21.37
2026-04-12,5.4658,7.2074,21.55
2026-04-13,3.4462,7.067,20.49
2026-04-14,3.5647,7.2581,21.25
2026-04-15,4.2478,7.3498,19.92
2026-04-16,4.0253,7.4143,19.94
2026-04-17,4.5605,7.5365,21.09
2026-04-18,4.776,7.3106,20.88
2026-04-19,4.6286,7.5521,20.49
2026-04-20,5.2166,7.5919,20.14
2026-04-21,4.2883,7.5235,19.97
2026-04-22,4.6476,7.3145,20.62
2026-04-23,4.9058,7.3505,20.38
2026-04-24,4.3882,7.481,20.09
2026-04-25,4.53,7.5314,19.98
2026-04-26,5.0657,7.525,20.42
2026-04-27,4.5257,7.423,19.88
2026-04-28,4.5494,7.3519,20.54
2026-04-29,3.7894,7.182,20.42
2026-04-30,5.1074,7.3716,21.03
2026-05-01,5.3052,7.5823,20.96
2026-05-02,3.5213,7.3874,20.56
2026-05-03,4.542,7.2274,21.1
2026-05-04,4.7741,7.183,21.47
2026-05-05,5.4571,7.2334,21.2
2026-05-06,5.2068,7.3037,21.4
2026-05-07,5.8164,7.2506,21.94
2026-05-08,4.6222,7.2214,21.37
2026-05-09,5.7691,7.1225,21.57
2026-05-10,4.9862,7.0282,22.31
2026-05-11,4.2204,6.9718,21.42
2026-05-12,5.0486,7.1177,21.11
2026-05-13,4.9903,7.296,20.96
2026-05-14,5.3004,7.2233,21.57
2026-05-15,5.8958,7.2197,21.98
2026-05-16,4.4734,7.0538,22.01
2026-05-17,3.8585,6.961,21.27
2026-05-18,5.5008,7.2605,22.51
2026-05-19,3.5443,7.2622,22.32
2026-05-20,6.3905,7.2005,22.69
2026-05-21,4.8677,7.1899,21.37
2026-05-22,5.8277,7.2821,21.51
2026-05-23,5.4382,7.2804,22.07
2026-05-24,5.8322,7.075,22.02
2026-05-25,4.6666,6.8849,22.28
2026-05-26,5.1192,7.0318,22.53
2026-05-27,5.4706,7.0656,20.69
2026-05-28,5.0062,6.9434,22.0
2026-05-29,3.6713,6.9667,22.32
2026-05-30,4.8665,7.0642,21.17
2026-05-31,5.3758,-999.0,22.22
2026-06-01,5.917,-999.0,22.82
2026-06-02,5.6314,-999.0,22.64
2026-06-03,3.4454,-999.0,21.44
2026-06-04,4.5319,-999.0,20.97
2026-06-05,3.6842,-999.0,20.98
2026-06-06,2.9568,-999.0,20.15
2026-06-07,1.9339,-999.0,20.21
2026-06-08,4.1825,-999.0,19.91
2026-06-09,4.6673,-999.0,19.85
2026-06-10,5.3023,-999.0,21.22
2026-06-11,6.9475,7.093,21.78
2026-06-12,6.3686,-999.0,21.99
2026-06-13,4.033,-999.0,22.68
2026-06-14,6.1111,-999.0,22.6
2026-06-15,5.544,-999.0,21.6
2026-06-16,4.7746,-999.0,20.82
2026-06-17,5.4701,-999.0,21.16
2026-06-18,-999.0,-999.0,19.49
2026-06-19,5.6369,-999.0,20.24
2026-06-20,6.1594,-999.0,20.83
2026-06-21,5.9534,-999.0,21.48
2026-06-22,5.8728,-999.0,21.53
2026-06-23,5.9575,-999.0,21.05
2026-06-24,6.8299,-999.0,21.12
2026-06-25,5.4895,-999.0,22.16
2026-06-26,4.9841,-999.0,22.07
2026-06-27,6.594,-999.0,22.34
2026-06-28,5.017,-999.0,22.39
2026-06-29,5.8958,-999.0,22.1
2026-06-30,4.3394,-999.0,22.27
2026-07-01,6.318,-999.0,22.14
2026-07-02,4.1892,-999.0,22.22
2026-07-03,4.9711,-999.0,21.46
2026-07-04,3.5042,-999.0,21.25
2026-07-05,6.1541,-999.0,21.82
2026-07-06,6.6449,-999.0,21.93
2026-07-07,6.0852,-999.0,22.65
2026-07-08,6.2381,-999.0,22.78
2026-07-09,4.1762,-999.0,21.83
2026-07-10,6.1838,-999.0,21.67
2026-07-11,5.4432,-999.0,22.32
2026-07-12,3.5402,-999.0,21.14
2026-07-13,6.4654,-999.0,21.45
2026-07-14,6.3701,7.0793,22.35
2026-07-15,5.0796,-999.0,22.65
2026-07-16,6.7714,-999.0,23.19
2026-07-17,6.75,-999.0,23.15
2026-07-18,6.1865,-999.0,22.64
2026-07-19,4.0339,-999.0,20.84
2026-07-20,3.5287,-999.0,20.66
2026-07-21,6.7697,-999.0,20.22
2026-07-22,5.8438,-999.0,21.67
2026-07-23,3.667,-999.0,19.68
2026-07-24,6.8314,-999.0,21.86
2026-07-25,5.6791,-999.0,22.1
2026-07-26,5.028,-999.0,21.59
2026-07-27,6.0242,-999.0,21.92
2026-07-28,6.7944,-999.0,22.01
2026-07-29,6.485,-999.0,22.26
2026-07-30,6.3821,-999.0,23.38
2026-07-31,5.9626,-999.0,23.67
2026-08-01,6.071,-999.0,22.21
2026-08-02,6.2443,-999.0,22.33
2026-08-03,4.4806,-999.0,22.06
2026-08-04,5.1461,-999.0,21.94
2026-08-05,5.5711,-999.0,21.39
2026-08-06,3.8494,-999.0,21.55
2026-08-07,6.2218,-999.0,21.94
2026-08-08,5.3234,-999.0,22.37
2026-08-09,5.9414,-999.0,22.88
2026-08-10,7.2115,7.3567,22.71
2026-08-11,6.5947,-999.0,22.67
2026-08-12,6.3329,-999.0,22.28
2026-08-13,6.4236,-999.0,22.42
2026-08-14,5.8224,-999.0,22.82
2026-08-15,5.3376,-999.0,22.95
2026-08-16,6.0893,-999.0,21.84
2026-08-17,2.863,-999.0,20.78
2026-08-18,5.148,-999.0,21.5
2026-08-19,6.6934,-999.0,22.61
2026-08-20,5.7914,-999.0,23.03
2026-08-21,5.9506,-999.0,22.99
2026-08-22,4.2386,-999.0,22.18
2026-08-23,5.4914,-999.0,22.66
2026-08-24,5.4955,-999.0,22.97
2026-08-25,5.4871,-999.0,22.86
2026-08-26,5.7811,-999.0,22.0
2026-08-27,6.654,-999.0,22.99
2026-08-28,6.4673,-999.0,23.41
2026-08-29,5.0683,-999.0,23.0
2026-08-30,5.6242,-999.0,22.25
2026-08-31,5.6304,-999.0,22.56
