{
  "type": "FeatureCollection",
  "features": [
    {
      "type": "Feature",
      "properties": {
        "nombre": "Cuenca aportante - Embalse Peñol-Guatapé (punto de desfogue: Presa Santa Rita, río Nare)",
        "metodo": "SRTM 30m + pysheds (D8), punto de max. acumulación de flujo en radio de búsqueda",
        "area_km2_aprox": 1071.7,
        "estado": "PRELIMINAR - consistente con 2 corridas previas (1047.6 y 1209.9 km2) y con cifra de fuente secundaria (1210 km2, CORNARE, no confirmada en documento primario por bloqueo de verificacion bot)",
        "punto_desfogue_entrada": "Presa Santa Rita (6.2611, -75.1900) - coincide con coordenada de infobox de Wikipedia para Embalse Peñol-Guatape",
        "fecha": "2026-09-10"
      },
      "geometry": {
        "type": "Polygon",
        "coordinates": [
          [
            [
              -75.45222222222223,
              6.335544444444444
            ],
            [
              -75.45222222222223,
              6.333600000000001
            ],
            [
              -75.4525,
              6.333600000000001
            ],
            [
              -75.4525,
              6.333044444444445
            ],
            [
              -75.45222222222223,
              6.333044444444445
            ],
            [
              -75.45222222222223,
              6.332766666666667
            ],
            [
              -75.45194444444445,
              6.332766666666667
            ],
            [
              -75.45194444444445,
              6.331377777777778
            ],
            [
              -75.45166666666667,
              6.331377777777778
            ],
            [
              -75.45166666666667,
              6.330822222222222
            ],
            [
              -75.45194444444445,
              6.330822222222222
            ],
            [
              -75.45194444444445,
              6.3305444444444445
            ],
            [
              -75.45277777777778,
              6.3305444444444445
            ],
            [
              -75.45277777777778,
              6.330266666666667
            ],
            [
              -75.45305555555557,
              6.330266666666667
            ],
            [
              -75.45305555555557,
              6.329988888888889
            ],
            [
              -75.45333333333333,
              6.329988888888889
            ],
            [
              -75.45333333333333,
              6.329711111111111
            ],
            [
              -75.45416666666667,
              6.329711111111111
            ],
            [
              -75.45416666666667,
              6.329155555555555
            ],
            [
              -75.45444444444445,
              6.329155555555555
            ],
            [
              -75.45444444444445,
              6.3288777777777785
            ],
            [
              -75.45472222222223,
              6.3288777777777785
            ],
            [
              -75.45472222222223,
              6.3286
            ],
            [
              -75.455,
              6.3286
            ],
            [
              -75.455,
              6.327488888888889
            ],
            [
              -75.45527777777778,
              6.327488888888889
            ],
            [
              -75.45527777777778,
              6.327211111111112
            ],
            [
              -75.45555555555556,
              6.327211111111112
            ],
            [
              -75.45555555555556,
              6.326933333333334
            ],
            [
              -75.4563888888889,
              6.326933333333334
            ],
            [
              -75.4563888888889,
              6.326655555555556
            ],
            [
              -75.45722222222223,
              6.326655555555556
            ],
            [
              -75.45722222222223,
              6.326377777777778
            ],
            [
              -75.45750000000001,
              6.326377777777778
            ],
            [
              -75.45750000000001,
              6.3261
            ],
            [
              -75.45777777777778,
              6.3261
            ],
            [
              -75.45777777777778,
              6.3258222222222225
            ],
            [
              -75.4588888888889,
              6.3258222222222225
            ],
            [
              -75.4588888888889,
              6.325544444444445
            ],
            [
              -75.45916666666668,
              6.325544444444445
            ],
            [
              -75.45916666666668,
              6.325266666666667
            ],
            [
              -75.45972222222223,
              6.325266666666667
            ],
            [
              -75.45972222222223,
              6.324988888888889
            ],
            [
              -75.46055555555556,
              6.324988888888889
            ],
            [
              -75.46055555555556,
              6.324711111111111
            ],
            [
              -75.46083333333334,
              6.324711111111111
            ],
            [
              -75.46083333333334,
              6.324433333333333
            ],
            [
              -75.46166666666667,
              6.324433333333333
            ],
            [
              -75.46166666666667,
              6.3241555555555555
            ],
            [
              -75.46194444444444,
              6.3241555555555555
            ],
            [
              -75.46194444444444,
              6.324433333333333
            ],
            [
              -75.46222222222222,
              6.324433333333333
            ],
            [
              -75.46222222222222,
              6.3241555555555555
            ],
            [
              -75.46388888888889,
              6.3241555555555555
            ],
            [
              -75.46388888888889,
              6.323877777777778
            ],
            [
              -75.46472222222222,
              6.323877777777778
            ],
            [
              -75.46472222222222,
              6.323044444444445
            ],
            [
              -75.465,
              6.323044444444445
            ],
            [
              -75.465,
              6.3224888888888895
            ],
            [
              -75.46472222222222,
              6.3224888888888895
            ],
            [
              -75.46472222222222,
              6.320822222222223
            ],
            [
              -75.46527777777779,
              6.320822222222223
            ],
            [
              -75.46527777777779,
              6.320544444444445
            ],
            [
              -75.46638888888889,
              6.320544444444445
            ],
            [
              -75.46638888888889,
              6.320266666666667
            ],
            [
              -75.46666666666667,
              6.320266666666667
            ],
            [
              -75.46666666666667,
              6.319988888888889
            ],
            [
              -75.46722222222222,
              6.319988888888889
            ],
            [
              -75.46722222222222,
              6.319711111111111
            ],
            [
              -75.4675,
              6.319711111111111
            ],
            [
              -75.4675,
              6.3194333333333335
            ],
            [
              -75.4688888888889,
              6.3194333333333335
            ],
            [
              -75.4688888888889,
              6.319155555555556
            ],
            [
              -75.46944444444445,
              6.319155555555556
            ],
            [
              -75.46944444444445,
              6.318877777777778
            ],
            [
              -75.47027777777778,
              6.318877777777778
            ],
            [
              -75.47027777777778,
              6.3186
            ],
            [
              -75.47055555555556,
              6.3186
            ],
            [
              -75.47055555555556,
              6.318322222222222
            ],
            [
              -75.47166666666666,
              6.318322222222222
            ],
            [
              -75.47166666666666,
              6.3186
            ],
            [
              -75.47333333333334,
              6.3186
            ],
            [
              -75.47333333333334,
              6.318322222222222
            ],
            [
              -75.4738888888889,
              6.318322222222222
            ],
            [
              -75.4738888888889,
              6.318044444444444
            ],
            [
              -75.47444444444444,
              6.318044444444444
            ],
            [
              -75.47444444444444,
              6.3177666666666665
            ],
            [
              -75.47500000000001,
              6.3177666666666665
            ],
            [
              -75.47500000000001,
              6.317488888888889
            ],
            [
              -75.47611111111111,
              6.317488888888889
            ],
            [
              -75.47611111111111,
              6.3177666666666665
            ],
            [
              -75.47638888888889,
              6.3177666666666665
            ],
            [
              -75.47638888888889,
              6.318322222222222
            ],
            [
              -75.47666666666667,
              6.318322222222222
            ],
            [
              -75.47666666666667,
              6.318044444444444
            ],
            [
              -75.47833333333334,
              6.318044444444444
            ],
            [
              -75.47833333333334,
              6.318322222222222
            ],
            [
              -75.47916666666667,
              6.318322222222222
            ],
            [
              -75.47916666666667,
              6.3186
            ],
            [
              -75.47944444444445,
              6.3186
            ],
            [
              -75.47944444444445,
              6.319711111111111
            ],
            [
              -75.47972222222222,
              6.319711111111111
            ],
            [
              -75.47972222222222,
              6.319988888888889
            ],
            [
              -75.48055555555555,
              6.319988888888889
            ],
            [
              -75.48055555555555,
              6.320266666666667
            ],
            [
              -75.48111111111112,
              6.320266666666667
            ],
            [
              -75.48111111111112,
              6.320544444444445
            ],
            [
              -75.48138888888889,
              6.320544444444445
            ],
            [
              -75.48138888888889,
              6.320822222222223
            ],
            [
              -75.48166666666667,
              6.320822222222223
            ],
            [
              -75.48166666666667,
              6.320544444444445
            ],
            [
              -75.48194444444445,
              6.320544444444445
            ],
            [
              -75.48194444444445,
              6.320266666666667
            ],
            [
              -75.48222222222222,
              6.320266666666667
            ],
            [
              -75.48222222222222,
              6.319988888888889
            ],
            [
              -75.4825,
              6.319988888888889
            ],
            [
              -75.4825,
              6.3177666666666665
            ],
            [
              -75.48222222222222,
              6.3177666666666665
            ],
            [
              -75.48222222222222,
              6.316933333333334
            ],
            [
              -75.48194444444445,
              6.316933333333334
            ],
            [
              -75.48194444444445,
              6.315822222222223
            ],
            [
              -75.4825,
              6.315822222222223
            ],
            [
              -75.4825,
              6.313877777777778
            ],
            [
              -75.48222222222222,
              6.313877777777778
            ],
            [
              -75.48222222222222,
              6.3136
            ],
            [
              -75.48194444444445,
              6.3136
            ],
            [
              -75.48194444444445,
              6.311933333333333
            ],
            [
              -75.48222222222222,
              6.311933333333333
            ],
            [
              -75.48222222222222,
              6.311655555555555
            ],
            [
              -75.4825,
              6.311655555555555
            ],
            [
              -75.4825,
              6.311100000000001
            ],
            [
              -75.48361111111112,
              6.311100000000001
            ],
            [
              -75.48361111111112,
              6.310822222222223
            ],
            [
              -75.4838888888889,
              6.310822222222223
            ],
            [
              -75.4838888888889,
              6.310544444444445
            ],
            [
              -75.48416666666667,
              6.310544444444445
            ],
            [
              -75.48416666666667,
              6.310266666666667
            ],
            [
              -75.48527777777778,
              6.310266666666667
            ],
            [
              -75.48527777777778,
              6.309988888888889
            ],
            [
              -75.48555555555556,
              6.309988888888889
            ],
            [
              -75.48555555555556,
              6.309433333333334
            ],
            [
              -75.48583333333333,
              6.309433333333334
            ],
            [
              -75.48583333333333,
              6.309155555555556
            ],
            [
              -75.48611111111111,
              6.309155555555556
            ],
            [
              -75.48611111111111,
              6.308877777777778
            ],
            [
              -75.48666666666666,
              6.308877777777778
            ],
            [
              -75.48666666666666,
              6.3086
            ],
            [
              -75.48694444444445,
              6.3086
            ],
            [
              -75.48694444444445,
              6.308322222222222
            ],
            [
              -75.48777777777778,
              6.308322222222222
            ],
            [
              -75.48777777777778,
              6.308044444444445
            ],
            [
              -75.48861111111111,
              6.308044444444445
            ],
            [
              -75.48861111111111,
              6.307766666666667
            ],
            [
              -75.4888888888889,
              6.307766666666667
            ],
            [
              -75.4888888888889,
              6.307488888888889
            ],
            [
              -75.48944444444444,
              6.307488888888889
            ],
            [
              -75.48944444444444,
              6.307211111111111
            ],
            [
              -75.49083333333334,
              6.307211111111111
            ],
            [
              -75.49083333333334,
              6.306377777777778
            ],
            [
              -75.49111111111111,
              6.306377777777778
            ],
            [
              -75.49111111111111,
              6.305544444444445
            ],
            [
              -75.49083333333334,
              6.305544444444445
            ],
            [
              -75.49083333333334,
              6.305266666666667
            ],
            [
              -75.49055555555556,
              6.305266666666667
            ],
            [
              -75.49055555555556,
              6.304711111111112
            ],
            [
              -75.49027777777778,
              6.304711111111112
            ],
            [
              -75.49027777777778,
              6.304433333333334
            ],
            [
              -75.49000000000001,
              6.304433333333334
            ],
            [
              -75.49000000000001,
              6.304155555555556
            ],
            [
              -75.48972222222223,
              6.304155555555556
            ],
            [
              -75.48972222222223,
              6.303877777777778
            ],
            [
              -75.49000000000001,
              6.303877777777778
            ],
            [
              -75.49000000000001,
              6.3033222222222225
            ],
            [
              -75.48972222222223,
              6.3033222222222225
            ],
            [
              -75.48972222222223,
              6.301933333333333
            ],
            [
              -75.49000000000001,
              6.301933333333333
            ],
            [
              -75.49000000000001,
              6.300822222222222
            ],
            [
              -75.48972222222223,
              6.300822222222222
            ],
            [
              -75.48972222222223,
              6.300544444444444
            ],
            [
              -75.48944444444444,
              6.300544444444444
            ],
            [
              -75.48944444444444,
              6.300266666666667
            ],
            [
              -75.48777777777778,
              6.300266666666667
            ],
            [
              -75.48777777777778,
              6.2999888888888895
            ],
            [
              -75.4875,
              6.2999888888888895
            ],
            [
              -75.4875,
              6.299433333333334
            ],
            [
              -75.48722222222223,
              6.299433333333334
            ],
            [
              -75.48722222222223,
              6.298877777777778
            ],
            [
              -75.48777777777778,
              6.298877777777778
            ],
            [
              -75.48777777777778,
              6.298322222222223
            ],
            [
              -75.48805555555556,
              6.298322222222223
            ],
            [
              -75.48805555555556,
              6.296655555555556
            ],
            [
              -75.48833333333333,
              6.296655555555556
            ],
            [
              -75.48833333333333,
              6.296377777777778
            ],
            [
              -75.48861111111111,
              6.296377777777778
            ],
            [
              -75.48861111111111,
              6.2961
            ],
            [
              -75.4888888888889,
              6.2961
            ],
            [
              -75.4888888888889,
              6.295822222222222
            ],
            [
              -75.48916666666668,
              6.295822222222222
            ],
            [
              -75.48916666666668,
              6.294988888888889
            ],
            [
              -75.48861111111111,
              6.294988888888889
            ],
            [
              -75.48861111111111,
              6.294711111111111
            ],
            [
              -75.48805555555556,
              6.294711111111111
            ],
            [
              -75.48805555555556,
              6.294433333333334
            ],
            [
              -75.48777777777778,
              6.294433333333334
            ],
            [
              -75.48777777777778,
              6.294155555555556
            ],
            [
              -75.4875,
              6.294155555555556
            ],
            [
              -75.4875,
              6.293877777777778
            ],
            [
              -75.48694444444445,
              6.293877777777778
            ],
            [
              -75.48694444444445,
              6.2936000000000005
            ],
            [
              -75.48666666666666,
              6.2936000000000005
            ],
            [
              -75.48666666666666,
              6.293322222222223
            ],
            [
              -75.4863888888889,
              6.293322222222223
            ],
            [
              -75.4863888888889,
              6.292488888888889
            ],
            [
              -75.48583333333333,
              6.292488888888889
            ],
            [
              -75.48583333333333,
              6.291655555555556
            ],
            [
              -75.48555555555556,
              6.291655555555556
            ],
            [
              -75.48555555555556,
              6.291377777777778
            ],
            [
              -75.485,
              6.291377777777778
            ],
            [
              -75.485,
              6.2911
            ],
            [
              -75.48472222222223,
              6.2911
            ],
            [
              -75.48472222222223,
              6.290822222222222
            ],
            [
              -75.48444444444445,
              6.290822222222222
            ],
            [
              -75.48444444444445,
              6.2905444444444445
            ],
            [
              -75.48472222222223,
              6.2905444444444445
            ],
            [
              -75.48472222222223,
              6.289711111111111
            ],
            [
              -75.485,
              6.289711111111111
            ],
            [
              -75.485,
              6.289433333333333
            ],
            [
              -75.48555555555556,
              6.289433333333333
            ],
            [
              -75.48555555555556,
              6.288877777777778
            ],
            [
              -75.48583333333333,
              6.288877777777778
            ],
            [
              -75.48583333333333,
              6.288600000000001
            ],
            [
              -75.48555555555556,
              6.288600000000001
            ],
            [
              -75.48555555555556,
              6.288322222222223
            ],
            [
              -75.48527777777778,
              6.288322222222223
            ],
            [
              -75.48527777777778,
              6.288044444444445
            ],
            [
              -75.485,
              6.288044444444445
            ],
            [
              -75.485,
              6.2872111111111115
            ],
            [
              -75.48472222222223,
              6.2872111111111115
            ],
            [
              -75.48472222222223,
              6.286377777777778
            ],
            [
              -75.48444444444445,
              6.286377777777778
            ],
            [
              -75.48444444444445,
              6.2861
            ],
            [
              -75.48472222222223,
              6.2861
            ],
            [
              -75.48472222222223,
              6.284433333333333
            ],
            [
              -75.48444444444445,
              6.284433333333333
            ],
            [
              -75.48444444444445,
              6.283877777777778
            ],
            [
              -75.48472222222223,
              6.283877777777778
            ],
            [
              -75.48472222222223,
              6.282211111111112
            ],
            [
              -75.48444444444445,
              6.282211111111112
            ],
            [
              -75.48444444444445,
              6.281377777777778
            ],
            [
              -75.48416666666667,
              6.281377777777778
            ],
            [
              -75.48416666666667,
              6.279988888888889
            ],
            [
              -75.4838888888889,
              6.279988888888889
            ],
            [
              -75.4838888888889,
              6.279711111111111
            ],
            [
              -75.48416666666667,
              6.279711111111111
            ],
            [
              -75.48416666666667,
              6.278877777777778
            ],
            [
              -75.4838888888889,
              6.278877777777778
            ],
            [
              -75.4838888888889,
              6.277211111111112
            ],
            [
              -75.48361111111112,
              6.277211111111112
            ],
            [
              -75.48361111111112,
              6.276655555555556
            ],
            [
              -75.48333333333333,
              6.276655555555556
            ],
            [
              -75.48333333333333,
              6.276377777777778
            ],
            [
              -75.48305555555555,
              6.276377777777778
            ],
            [
              -75.48305555555555,
              6.2761000000000005
            ],
            [
              -75.48277777777778,
              6.2761000000000005
            ],
            [
              -75.48277777777778,
              6.275544444444445
            ],
            [
              -75.4825,
              6.275544444444445
            ],
            [
              -75.4825,
              6.2744333333333335
            ],
            [
              -75.48277777777778,
              6.2744333333333335
            ],
            [
              -75.48277777777778,
              6.274155555555556
            ],
            [
              -75.48305555555555,
              6.274155555555556
            ],
            [
              -75.48305555555555,
              6.2736
            ],
            [
              -75.48277777777778,
              6.2736
            ],
            [
              -75.48277777777778,
              6.271100000000001
            ],
            [
              -75.4825,
              6.271100000000001
            ],
            [
              -75.4825,
              6.2697111111111115
            ],
            [
              -75.48277777777778,
              6.2697111111111115
            ],
            [
              -75.48277777777778,
              6.268877777777778
            ],
            [
              -75.4825,
              6.268877777777778
            ],
            [
              -75.4825,
              6.267766666666667
            ],
            [
              -75.48222222222222,
              6.267766666666667
            ],
            [
              -75.48222222222222,
              6.267488888888889
            ],
            [
              -75.4825,
              6.267488888888889
            ],
            [
              -75.4825,
              6.266933333333333
            ],
            [
              -75.48305555555555,
              6.266933333333333
            ],
            [
              -75.48305555555555,
              6.2663777777777785
            ],
            [
              -75.48361111111112,
              6.2663777777777785
            ],
            [
              -75.48361111111112,
              6.2661
            ],
            [
              -75.48416666666667,
              6.2661
            ],
            [
              -75.48416666666667,
              6.265822222222223
            ],
            [
              -75.48444444444445,
              6.265822222222223
            ],
            [
              -75.48444444444445,
              6.264988888888889
            ],
            [
              -75.48472222222223,
              6.264988888888889
            ],
            [
              -75.48472222222223,
              6.264711111111112
            ],
            [
              -75.485,
              6.264711111111112
            ],
            [
              -75.485,
              6.264433333333334
            ],
            [
              -75.48527777777778,
              6.264433333333334
            ],
            [
              -75.48527777777778,
              6.2636
            ],
            [
              -75.48555555555556,
              6.2636
            ],
            [
              -75.48555555555556,
              6.263044444444445
            ],
            [
              -75.48583333333333,
              6.263044444444445
            ],
            [
              -75.48583333333333,
              6.262766666666667
            ],
            [
              -75.48555555555556,
              6.262766666666667
            ],
            [
              -75.48555555555556,
              6.262211111111111
            ],
            [
              -75.48527777777778,
              6.262211111111111
            ],
            [
              -75.48527777777778,
              6.2616555555555555
            ],
            [
              -75.485,
              6.2616555555555555
            ],
            [
              -75.485,
              6.261377777777778
            ],
            [
              -75.48472222222223,
              6.261377777777778
            ],
            [
              -75.48472222222223,
              6.2611
            ],
            [
              -75.48361111111112,
              6.2611
            ],
            [
              -75.48361111111112,
              6.260544444444445
            ],
            [
              -75.48333333333333,
              6.260544444444445
            ],
            [
              -75.48333333333333,
              6.259711111111112
            ],
            [
              -75.48305555555555,
              6.259711111111112
            ],
            [
              -75.48305555555555,
              6.259433333333334
            ],
            [
              -75.48222222222222,
              6.259433333333334
            ],
            [
              -75.48222222222222,
              6.259155555555556
            ],
            [
              -75.48166666666667,
              6.259155555555556
            ],
            [
              -75.48166666666667,
              6.2586
            ],
            [
              -75.48138888888889,
              6.2586
            ],
            [
              -75.48138888888889,
              6.257766666666667
            ],
            [
              -75.48111111111112,
              6.257766666666667
            ],
            [
              -75.48111111111112,
              6.257488888888889
            ],
            [
              -75.48138888888889,
              6.257488888888889
            ],
            [
              -75.48138888888889,
              6.257211111111111
            ],
            [
              -75.48166666666667,
              6.257211111111111
            ],
            [
              -75.48166666666667,
              6.256655555555556
            ],
            [
              -75.48194444444445,
              6.256655555555556
            ],
            [
              -75.48194444444445,
              6.256377777777778
            ],
            [
              -75.48222222222222,
              6.256377777777778
            ],
            [
              -75.48222222222222,
              6.255544444444444
            ],
            [
              -75.48194444444445,
              6.255544444444444
            ],
            [
              -75.48194444444445,
              6.254988888888889
            ],
            [
              -75.48083333333334,
              6.254988888888889
            ],
            [
              -75.48083333333334,
              6.254711111111112
            ],
            [
              -75.48055555555555,
              6.254711111111112
            ],
            [
              -75.48055555555555,
              6.254433333333334
            ],
            [
              -75.48027777777779,
              6.254433333333334
            ],
            [
              -75.48027777777779,
              6.254155555555556
            ],
            [
              -75.48,
              6.254155555555556
            ],
            [
              -75.48,
              6.253877777777778
            ],
            [
              -75.47972222222222,
              6.253877777777778
            ],
            [
              -75.47972222222222,
              6.253044444444445
            ],
            [
              -75.47944444444445,
              6.253044444444445
            ],
            [
              -75.47944444444445,
              6.252766666666667
            ],
            [
              -75.47916666666667,
              6.252766666666667
            ],
            [
              -75.47916666666667,
              6.251655555555556
            ],
            [
              -75.47888888888889,
              6.251655555555556
            ],
            [
              -75.47888888888889,
              6.251377777777778
            ],
            [
              -75.47861111111112,
              6.251377777777778
            ],
            [
              -75.47861111111112,
              6.2511
            ],
            [
              -75.47833333333334,
              6.2511
            ],
            [
              -75.47833333333334,
              6.250822222222222
            ],
            [
              -75.47777777777777,
              6.250822222222222
            ],
            [
              -75.47777777777777,
              6.2511
            ],
            [
              -75.4775,
              6.2511
            ],
            [
              -75.4775,
              6.250822222222222
            ],
            [
              -75.47722222222222,
              6.250822222222222
            ],
            [
              -75.47722222222222,
              6.249988888888889
            ],
            [
              -75.47694444444444,
              6.249988888888889
            ],
            [
              -75.47694444444444,
              6.249711111111111
            ],
            [
              -75.47666666666667,
              6.249711111111111
            ],
            [
              -75.47666666666667,
              6.249155555555555
            ],
            [
              -75.47638888888889,
              6.249155555555555
            ],
            [
              -75.47638888888889,
              6.248600000000001
            ],
            [
              -75.47555555555556,
              6.248600000000001
            ],
            [
              -75.47555555555556,
              6.248877777777778
            ],
            [
              -75.47527777777778,
              6.248877777777778
            ],
            [
              -75.47527777777778,
              6.249155555555555
            ],
            [
              -75.47500000000001,
              6.249155555555555
            ],
            [
              -75.47500000000001,
              6.249433333333333
            ],
            [
              -75.47472222222223,
              6.249433333333333
            ],
            [
              -75.47472222222223,
              6.249155555555555
            ],
            [
              -75.47444444444444,
              6.249155555555555
            ],
            [
              -75.47444444444444,
              6.248877777777778
            ],
            [
              -75.4738888888889,
              6.248877777777778
            ],
            [
              -75.4738888888889,
              6.243877777777778
            ],
            [
              -75.47333333333334,
              6.243877777777778
            ],
            [
              -75.47333333333334,
              6.243322222222222
            ],
            [
              -75.47277777777778,
              6.243322222222222
            ],
            [
              -75.47277777777778,
              6.243044444444445
            ],
            [
              -75.4725,
              6.243044444444445
            ],
            [
              -75.4725,
              6.242766666666667
            ],
            [
              -75.47222222222223,
              6.242766666666667
            ],
            [
              -75.47222222222223,
              6.242211111111112
            ],
            [
              -75.4725,
              6.242211111111112
            ],
            [
              -75.4725,
              6.2411
            ],
            [
              -75.47277777777778,
              6.2411
            ],
            [
              -75.47277777777778,
              6.2408222222222225
            ],
            [
              -75.47305555555556,
              6.2408222222222225
            ],
            [
              -75.47305555555556,
              6.240544444444445
            ],
            [
              -75.47333333333334,
              6.240544444444445
            ],
            [
              -75.47333333333334,
              6.240266666666667
            ],
            [
              -75.47416666666668,
              6.240266666666667
            ],
            [
              -75.47416666666668,
              6.239711111111111
            ],
            [
              -75.4738888888889,
              6.239711111111111
            ],
            [
              -75.4738888888889,
              6.2386
            ],
            [
              -75.47333333333334,
              6.2386
            ],
            [
              -75.47333333333334,
              6.238322222222222
            ],
            [
              -75.47305555555556,
              6.238322222222222
            ],
            [
              -75.47305555555556,
              6.2374888888888895
            ],
            [
              -75.47277777777778,
              6.2374888888888895
            ],
            [
              -75.47277777777778,
              6.236655555555556
            ],
            [
              -75.47416666666668,
              6.236655555555556
            ],
            [
              -75.47416666666668,
              6.236377777777778
            ],
            [
              -75.47472222222223,
              6.236377777777778
            ],
            [
              -75.47472222222223,
              6.2361
            ],
            [
              -75.47527777777778,
              6.2361
            ],
            [
              -75.47527777777778,
              6.236377777777778
            ],
            [
              -75.47611111111111,
              6.236377777777778
            ],
            [
              -75.47611111111111,
              6.2361
            ],
            [
              -75.47666666666667,
              6.2361
            ],
            [
              -75.47666666666667,
              6.236377777777778
            ],
            [
              -75.47777777777777,
              6.236377777777778
            ],
            [
              -75.47777777777777,
              6.235544444444445
            ],
            [
              -75.47805555555556,
              6.235544444444445
            ],
            [
              -75.47805555555556,
              6.235266666666667
            ],
            [
              -75.47888888888889,
              6.235266666666667
            ],
            [
              -75.47888888888889,
              6.234711111111111
            ],
            [
              -75.47916666666667,
              6.234711111111111
            ],
            [
              -75.47916666666667,
              6.2344333333333335
            ],
            [
              -75.47888888888889,
              6.2344333333333335
            ],
            [
              -75.47888888888889,
              6.233322222222222
            ],
            [
              -75.47916666666667,
              6.233322222222222
            ],
            [
              -75.47916666666667,
              6.233044444444444
            ],
            [
              -75.47972222222222,
              6.233044444444444
            ],
            [
              -75.47972222222222,
              6.232211111111111
            ],
            [
              -75.48055555555555,
              6.232211111111111
            ],
            [
              -75.48055555555555,
              6.231933333333334
            ],
            [
              -75.48083333333334,
              6.231933333333334
            ],
            [
              -75.48083333333334,
              6.231655555555556
            ],
            [
              -75.48111111111112,
              6.231655555555556
            ],
            [
              -75.48111111111112,
              6.231377777777778
            ],
            [
              -75.48138888888889,
              6.231377777777778
            ],
            [
              -75.48138888888889,
              6.2311000000000005
            ],
            [
              -75.4825,
              6.2311000000000005
            ],
            [
              -75.4825,
              6.230822222222223
            ],
            [
              -75.48277777777778,
              6.230822222222223
            ],
            [
              -75.48277777777778,
              6.230544444444445
            ],
            [
              -75.48361111111112,
              6.230544444444445
            ],
            [
              -75.48361111111112,
              6.230822222222223
            ],
            [
              -75.48416666666667,
              6.230822222222223
            ],
            [
              -75.48416666666667,
              6.2311000000000005
            ],
            [
              -75.48444444444445,
              6.2311000000000005
            ],
            [
              -75.48444444444445,
              6.231377777777778
            ],
            [
              -75.48472222222223,
              6.231377777777778
            ],
            [
              -75.48472222222223,
              6.231655555555556
            ],
            [
              -75.485,
              6.231655555555556
            ],
            [
              -75.485,
              6.231933333333334
            ],
            [
              -75.48555555555556,
              6.231933333333334
            ],
            [
              -75.48555555555556,
              6.231655555555556
            ],
            [
              -75.48583333333333,
              6.231655555555556
            ],
            [
              -75.48583333333333,
              6.231377777777778
            ],
            [
              -75.4863888888889,
              6.231377777777778
            ],
            [
              -75.4863888888889,
              6.2311000000000005
            ],
            [
              -75.48694444444445,
              6.2311000000000005
            ],
            [
              -75.48694444444445,
              6.230822222222223
            ],
            [
              -75.48777777777778,
              6.230822222222223
            ],
            [
              -75.48777777777778,
              6.230544444444445
            ],
            [
              -75.48833333333333,
              6.230544444444445
            ],
            [
              -75.48833333333333,
              6.230266666666667
            ],
            [
              -75.48916666666668,
              6.230266666666667
            ],
            [
              -75.48916666666668,
              6.229988888888889
            ],
            [
              -75.49027777777778,
              6.229988888888889
            ],
            [
              -75.49027777777778,
              6.229711111111111
            ],
            [
              -75.49111111111111,
              6.229711111111111
            ],
            [
              -75.49111111111111,
              6.229433333333334
            ],
            [
              -75.49166666666667,
              6.229433333333334
            ],
            [
              -75.49166666666667,
              6.2286
            ],
            [
              -75.49194444444444,
              6.2286
            ],
            [
              -75.49194444444444,
              6.2280444444444445
            ],
            [
              -75.49166666666667,
              6.2280444444444445
            ],
            [
              -75.49166666666667,
              6.227488888888889
            ],
            [
              -75.49111111111111,
              6.227488888888889
            ],
            [
              -75.49111111111111,
              6.227211111111111
            ],
            [
              -75.49083333333334,
              6.227211111111111
            ],
            [
              -75.49083333333334,
              6.226377777777778
            ],
            [
              -75.49055555555556,
              6.226377777777778
            ],
            [
              -75.49055555555556,
              6.226100000000001
            ],
            [
              -75.49083333333334,
              6.226100000000001
            ],
            [
              -75.49083333333334,
              6.225266666666667
            ],
            [
              -75.49055555555556,
              6.225266666666667
            ],
            [
              -75.49055555555556,
              6.2236
            ],
            [
              -75.49027777777778,
              6.2236
            ],
            [
              -75.49027777777778,
              6.223322222222222
            ],
            [
              -75.49055555555556,
              6.223322222222222
            ],
            [
              -75.49055555555556,
              6.223044444444445
            ],
            [
              -75.49083333333334,
              6.223044444444445
            ],
            [
              -75.49083333333334,
              6.221933333333333
            ],
            [
              -75.49111111111111,
              6.221933333333333
            ],
            [
              -75.49111111111111,
              6.220266666666667
            ],
            [
              -75.49138888888889,
              6.220266666666667
            ],
            [
              -75.49138888888889,
              6.219711111111112
            ],
            [
              -75.49111111111111,
              6.219711111111112
            ],
            [
              -75.49111111111111,
              6.219433333333334
            ],
            [
              -75.49083333333334,
              6.219433333333334
            ],
            [
              -75.49083333333334,
              6.219155555555556
            ],
            [
              -75.49055555555556,
              6.219155555555556
            ],
            [
              -75.49055555555556,
              6.2183222222222225
            ],
            [
              -75.49083333333334,
              6.2183222222222225
            ],
            [
              -75.49083333333334,
              6.217766666666667
            ],
            [
              -75.49111111111111,
              6.217766666666667
            ],
            [
              -75.49111111111111,
              6.217211111111111
            ],
            [
              -75.49138888888889,
              6.217211111111111
            ],
            [
              -75.49138888888889,
              6.216655555555556
            ],
            [
              -75.49111111111111,
              6.216655555555556
            ],
            [
              -75.49111111111111,
              6.216377777777778
            ],
            [
              -75.49083333333334,
              6.216377777777778
            ],
            [
              -75.49083333333334,
              6.215822222222222
            ],
            [
              -75.49027777777778,
              6.215822222222222
            ],
            [
              -75.49027777777778,
              6.215544444444444
            ],
            [
              -75.48972222222223,
              6.215544444444444
            ],
            [
              -75.48972222222223,
              6.21498888888889
            ],
            [
              -75.48944444444444,
              6.21498888888889
            ],
            [
              -75.48944444444444,
              6.214433333333334
            ],
            [
              -75.48916666666668,
              6.214433333333334
            ],
            [
              -75.48916666666668,
              6.214155555555556
            ],
            [
              -75.4888888888889,
              6.214155555555556
            ],
            [
              -75.4888888888889,
              6.213877777777778
            ],
            [
              -75.48861111111111,
              6.213877777777778
            ],
            [
              -75.48861111111111,
              6.213322222222223
            ],
            [
              -75.48805555555556,
              6.213322222222223
            ],
            [
              -75.48805555555556,
              6.213044444444445
            ],
            [
              -75.48722222222223,
              6.213044444444445
            ],
            [
              -75.48722222222223,
              6.212766666666667
            ],
            [
              -75.48694444444445,
              6.212766666666667
            ],
            [
              -75.48694444444445,
              6.212488888888889
            ],
            [
              -75.48611111111111,
              6.212488888888889
            ],
            [
              -75.48611111111111,
              6.2119333333333335
            ],
            [
              -75.48583333333333,
              6.2119333333333335
            ],
            [
              -75.48583333333333,
              6.2111
            ],
            [
              -75.48555555555556,
              6.2111
            ],
            [
              -75.48555555555556,
              6.210822222222222
            ],
            [
              -75.48527777777778,
              6.210822222222222
            ],
            [
              -75.48527777777778,
              6.210266666666667
            ],
            [
              -75.485,
              6.210266666666667
            ],
            [
              -75.485,
              6.209711111111111
            ],
            [
              -75.48472222222223,
              6.209711111111111
            ],
            [
              -75.48472222222223,
              6.209155555555556
            ],
            [
              -75.48444444444445,
              6.209155555555556
            ],
            [
              -75.48444444444445,
              6.208877777777778
            ],
            [
              -75.48472222222223,
              6.208877777777778
            ],
            [
              -75.48472222222223,
              6.208044444444445
            ],
            [
              -75.485,
              6.208044444444445
            ],
            [
              -75.485,
              6.206933333333334
            ],
            [
              -75.48527777777778,
              6.206933333333334
            ],
            [
              -75.48527777777778,
              6.206377777777778
            ],
            [
              -75.48555555555556,
              6.206377777777778
            ],
            [
              -75.48555555555556,
              6.2061
            ],
            [
              -75.48583333333333,
              6.2061
            ],
            [
              -75.48583333333333,
              6.204988888888889
            ],
            [
              -75.48555555555556,
              6.204988888888889
            ],
            [
              -75.48555555555556,
              6.2038777777777785
            ],
            [
              -75.48583333333333,
              6.2038777777777785
            ],
            [
              -75.48583333333333,
              6.201377777777778
            ],
            [
              -75.48555555555556,
              6.201377777777778
            ],
            [
              -75.48555555555556,
              6.2008222222222225
            ],
            [
              -75.485,
              6.2008222222222225
            ],
            [
              -75.485,
              6.200544444444445
            ],
            [
              -75.48472222222223,
              6.200544444444445
            ],
            [
              -75.48472222222223,
              6.199988888888889
            ],
            [
              -75.48444444444445,
              6.199988888888889
            ],
            [
              -75.48444444444445,
              6.199433333333333
            ],
            [
              -75.4838888888889,
              6.199433333333333
            ],
            [
              -75.4838888888889,
              6.1991555555555555
            ],
            [
              -75.48333333333333,
              6.1991555555555555
            ],
            [
              -75.48333333333333,
              6.198322222222222
            ],
            [
              -75.48305555555555,
              6.198322222222222
            ],
            [
              -75.48305555555555,
              6.1974888888888895
            ],
            [
              -75.48333333333333,
              6.1974888888888895
            ],
            [
              -75.48333333333333,
              6.196933333333334
            ],
            [
              -75.48361111111112,
              6.196933333333334
            ],
            [
              -75.48361111111112,
              6.195266666666667
            ],
            [
              -75.4838888888889,
              6.195266666666667
            ],
            [
              -75.4838888888889,
              6.194988888888889
            ],
            [
              -75.48416666666667,
              6.194988888888889
            ],
            [
              -75.48416666666667,
              6.194155555555556
            ],
            [
              -75.48444444444445,
              6.194155555555556
            ],
            [
              -75.48444444444445,
              6.193877777777778
            ],
            [
              -75.485,
              6.193877777777778
            ],
            [
              -75.485,
              6.1936
            ],
            [
              -75.48527777777778,
              6.1936
            ],
            [
              -75.48527777777778,
              6.1927666666666665
            ],
            [
              -75.48555555555556,
              6.1927666666666665
            ],
            [
              -75.48555555555556,
              6.190822222222223
            ],
            [
              -75.4875,
              6.190822222222223
            ],
            [
              -75.4875,
              6.1911000000000005
            ],
            [
              -75.48833333333333,
              6.1911000000000005
            ],
            [
              -75.48833333333333,
              6.190822222222223
            ],
            [
              -75.48861111111111,
              6.190822222222223
            ],
            [
              -75.48861111111111,
              6.1911000000000005
            ],
            [
              -75.4888888888889,
              6.1911000000000005
            ],
            [
              -75.4888888888889,
              6.191377777777778
            ],
            [
              -75.48916666666668,
              6.191377777777778
            ],
            [
              -75.48916666666668,
              6.191655555555556
            ],
            [
              -75.49027777777778,
              6.191655555555556
            ],
            [
              -75.49027777777778,
              6.191377777777778
            ],
            [
              -75.49111111111111,
              6.191377777777778
            ],
            [
              -75.49111111111111,
              6.1911000000000005
            ],
            [
              -75.49138888888889,
              6.1911000000000005
            ],
            [
              -75.49138888888889,
              6.190544444444445
            ],
            [
              -75.49166666666667,
              6.190544444444445
            ],
            [
              -75.49166666666667,
              6.190266666666667
            ],
            [
              -75.49222222222222,
              6.190266666666667
            ],
            [
              -75.49222222222222,
              6.190544444444445
            ],
            [
              -75.4925,
              6.190544444444445
            ],
            [
              -75.4925,
              6.190822222222223
            ],
            [
              -75.49361111111111,
              6.190822222222223
            ],
            [
              -75.49361111111111,
              6.1911000000000005
            ],
            [
              -75.49388888888889,
              6.1911000000000005
            ],
            [
              -75.49388888888889,
              6.191377777777778
            ],
            [
              -75.49444444444445,
              6.191377777777778
            ],
            [
              -75.49444444444445,
              6.191655555555556
            ],
            [
              -75.49555555555555,
              6.191655555555556
            ],
            [
              -75.49555555555555,
              6.191933333333334
            ],
            [
              -75.49666666666667,
              6.191933333333334
            ],
            [
              -75.49666666666667,
              6.192211111111112
            ],
            [
              -75.4975,
              6.192211111111112
            ],
            [
              -75.4975,
              6.191933333333334
            ],
            [
              -75.49805555555555,
              6.191933333333334
            ],
            [
              -75.49805555555555,
              6.191655555555556
            ],
            [
              -75.49833333333333,
              6.191655555555556
            ],
            [
              -75.49833333333333,
              6.1911000000000005
            ],
            [
              -75.49861111111112,
              6.1911000000000005
            ],
            [
              -75.49861111111112,
              6.190266666666667
            ],
            [
              -75.49833333333333,
              6.190266666666667
            ],
            [
              -75.49833333333333,
              6.189988888888889
            ],
            [
              -75.49861111111112,
              6.189988888888889
            ],
            [
              -75.49861111111112,
              6.189711111111111
            ],
            [
              -75.49944444444445,
              6.189711111111111
            ],
            [
              -75.49944444444445,
              6.189988888888889
            ],
            [
              -75.49972222222223,
              6.189988888888889
            ],
            [
              -75.49972222222223,
              6.189711111111111
            ],
            [
              -75.50055555555556,
              6.189711111111111
            ],
            [
              -75.50055555555556,
              6.190266666666667
            ],
            [
              -75.50083333333333,
              6.190266666666667
            ],
            [
              -75.50083333333333,
              6.189988888888889
            ],
            [
              -75.50111111111111,
              6.189988888888889
            ],
            [
              -75.50111111111111,
              6.189711111111111
            ],
            [
              -75.50166666666667,
              6.189711111111111
            ],
            [
              -75.50166666666667,
              6.189988888888889
            ],
            [
              -75.50361111111111,
              6.189988888888889
            ],
            [
              -75.50361111111111,
              6.190266666666667
            ],
            [
              -75.5038888888889,
              6.190266666666667
            ],
            [
              -75.5038888888889,
              6.190544444444445
            ],
            [
              -75.50416666666668,
              6.190544444444445
            ],
            [
              -75.50416666666668,
              6.190822222222223
            ],
            [
              -75.50444444444445,
              6.190822222222223
            ],
            [
              -75.50444444444445,
              6.190544444444445
            ],
            [
              -75.50472222222223,
              6.190544444444445
            ],
            [
              -75.50472222222223,
              6.190822222222223
            ],
            [
              -75.50500000000001,
              6.190822222222223
            ],
            [
              -75.50500000000001,
              6.1911000000000005
            ],
            [
              -75.50527777777778,
              6.1911000000000005
            ],
            [
              -75.50527777777778,
              6.191377777777778
            ],
            [
              -75.50611111111111,
              6.191377777777778
            ],
            [
              -75.50611111111111,
              6.1911000000000005
            ],
            [
              -75.50666666666667,
              6.1911000000000005
            ],
            [
              -75.50666666666667,
              6.191377777777778
            ],
            [
              -75.50694444444444,
              6.191377777777778
            ],
            [
              -75.50694444444444,
              6.191655555555556
            ],
            [
              -75.50750000000001,
              6.191655555555556
            ],
            [
              -75.50750000000001,
              6.191933333333334
            ],
            [
              -75.50805555555556,
              6.191933333333334
            ],
            [
              -75.50805555555556,
              6.193044444444444
            ],
            [
              -75.50861111111111,
              6.193044444444444
            ],
            [
              -75.50861111111111,
              6.193322222222222
            ],
            [
              -75.50888888888889,
              6.193322222222222
            ],
            [
              -75.50888888888889,
              6.193877777777778
            ],
            [
              -75.50916666666667,
              6.193877777777778
            ],
            [
              -75.50916666666667,
              6.194155555555556
            ],
            [
              -75.51,
              6.194155555555556
            ],
            [
              -75.51,
              6.193877777777778
            ],
            [
              -75.51111111111112,
              6.193877777777778
            ],
            [
              -75.51111111111112,
              6.194155555555556
            ],
            [
              -75.51194444444445,
              6.194155555555556
            ],
            [
              -75.51194444444445,
              6.1944333333333335
            ],
            [
              -75.51222222222222,
              6.1944333333333335
            ],
            [
              -75.51222222222222,
              6.194711111111111
            ],
            [
              -75.51333333333334,
              6.194711111111111
            ],
            [
              -75.51333333333334,
              6.194988888888889
            ],
            [
              -75.51361111111112,
              6.194988888888889
            ],
            [
              -75.51361111111112,
              6.195266666666667
            ],
            [
              -75.51416666666667,
              6.195266666666667
            ],
            [
              -75.51416666666667,
              6.195544444444445
            ],
            [
              -75.51472222222223,
              6.195544444444445
            ],
            [
              -75.51472222222223,
              6.194988888888889
            ],
            [
              -75.51527777777778,
              6.194988888888889
            ],
            [
              -75.51527777777778,
              6.194711111111111
            ],
            [
              -75.51611111111112,
              6.194711111111111
            ],
            [
              -75.51611111111112,
              6.194988888888889
            ],
            [
              -75.5163888888889,
              6.194988888888889
            ],
            [
              -75.5163888888889,
              6.195266666666667
            ],
            [
              -75.51666666666667,
              6.195266666666667
            ],
            [
              -75.51666666666667,
              6.195544444444445
            ],
            [
              -75.51722222222223,
              6.195544444444445
            ],
            [
              -75.51722222222223,
              6.194988888888889
            ],
            [
              -75.5175,
              6.194988888888889
            ],
            [
              -75.5175,
              6.194711111111111
            ],
            [
              -75.51972222222223,
              6.194711111111111
            ],
            [
              -75.51972222222223,
              6.1944333333333335
            ],
            [
              -75.52027777777778,
              6.1944333333333335
            ],
            [
              -75.52027777777778,
              6.194155555555556
            ],
            [
              -75.52083333333334,
              6.194155555555556
            ],
            [
              -75.52083333333334,
              6.1936
            ],
            [
              -75.5213888888889,
              6.1936
            ],
            [
              -75.5213888888889,
              6.193877777777778
            ],
            [
              -75.52222222222223,
              6.193877777777778
            ],
            [
              -75.52222222222223,
              6.194155555555556
            ],
            [
              -75.52250000000001,
              6.194155555555556
            ],
            [
              -75.52250000000001,
              6.193877777777778
            ],
            [
              -75.52277777777778,
              6.193877777777778
            ],
            [
              -75.52277777777778,
              6.1936
            ],
            [
              -75.52333333333334,
              6.1936
            ],
            [
              -75.52333333333334,
              6.193877777777778
            ],
            [
              -75.52361111111111,
              6.193877777777778
            ],
            [
              -75.52361111111111,
              6.1944333333333335
            ],
            [
              -75.52388888888889,
              6.1944333333333335
            ],
            [
              -75.52388888888889,
              6.1961
            ],
            [
              -75.52444444444444,
              6.1961
            ],
            [
              -75.52444444444444,
              6.195822222222223
            ],
            [
              -75.52472222222222,
              6.195822222222223
            ],
            [
              -75.52472222222222,
              6.195544444444445
            ],
            [
              -75.525,
              6.195544444444445
            ],
            [
              -75.525,
              6.195266666666667
            ],
            [
              -75.52527777777779,
              6.195266666666667
            ],
            [
              -75.52527777777779,
              6.194988888888889
            ],
            [
              -75.52555555555556,
              6.194988888888889
            ],
            [
              -75.52555555555556,
              6.194711111111111
            ],
            [
              -75.52583333333334,
              6.194711111111111
            ],
            [
              -75.52583333333334,
              6.1944333333333335
            ],
            [
              -75.52611111111112,
              6.1944333333333335
            ],
            [
              -75.52611111111112,
              6.194155555555556
            ],
            [
              -75.52694444444445,
              6.194155555555556
            ],
            [
              -75.52694444444445,
              6.193322222222222
            ],
            [
              -75.52722222222222,
              6.193322222222222
            ],
            [
              -75.52722222222222,
              6.1927666666666665
            ],
            [
              -75.5275,
              6.1927666666666665
            ],
            [
              -75.5275,
              6.192488888888889
            ],
            [
              -75.52777777777779,
              6.192488888888889
            ],
            [
              -75.52777777777779,
              6.191933333333334
            ],
            [
              -75.52805555555555,
              6.191933333333334
            ],
            [
              -75.52805555555555,
              6.191377777777778
            ],
            [
              -75.52833333333334,
              6.191377777777778
            ],
            [
              -75.52833333333334,
              6.190544444444445
            ],
            [
              -75.52888888888889,
              6.190544444444445
            ],
            [
              -75.52888888888889,
              6.189711111111111
            ],
            [
              -75.52833333333334,
              6.189711111111111
            ],
            [
              -75.52833333333334,
              6.189433333333334
            ],
            [
              -75.52805555555555,
              6.189433333333334
            ],
            [
              -75.52805555555555,
              6.189155555555556
            ],
            [
              -75.52777777777779,
              6.189155555555556
            ],
            [
              -75.52777777777779,
              6.188322222222222
            ],
            [
              -75.52805555555555,
              6.188322222222222
            ],
            [
              -75.52805555555555,
              6.187766666666667
            ],
            [
              -75.52777777777779,
              6.187766666666667
            ],
            [
              -75.52777777777779,
              6.187488888888889
            ],
            [
              -75.52805555555555,
              6.187488888888889
            ],
            [
              -75.52805555555555,
              6.186933333333333
            ],
            [
              -75.52833333333334,
              6.186933333333333
            ],
            [
              -75.52833333333334,
              6.186655555555555
            ],
            [
              -75.52861111111112,
              6.186655555555555
            ],
            [
              -75.52861111111112,
              6.186933333333333
            ],
            [
              -75.52916666666667,
              6.186933333333333
            ],
            [
              -75.52916666666667,
              6.186655555555555
            ],
            [
              -75.52944444444445,
              6.186655555555555
            ],
            [
              -75.52944444444445,
              6.186377777777778
            ],
            [
              -75.52916666666667,
              6.186377777777778
            ],
            [
              -75.52916666666667,
              6.185822222222223
            ],
            [
              -75.52944444444445,
              6.185822222222223
            ],
            [
              -75.52944444444445,
              6.1847111111111115
            ],
            [
              -75.52972222222222,
              6.1847111111111115
            ],
            [
              -75.52972222222222,
              6.184433333333334
            ],
            [
              -75.53,
              6.184433333333334
            ],
            [
              -75.53,
              6.183877777777778
            ],
            [
              -75.53027777777778,
              6.183877777777778
            ],
            [
              -75.53027777777778,
              6.1836
            ],
            [
              -75.53055555555557,
              6.1836
            ],
            [
              -75.53055555555557,
              6.182211111111111
            ],
            [
              -75.53083333333333,
              6.182211111111111
            ],
            [
              -75.53083333333333,
              6.181377777777778
            ],
            [
              -75.5313888888889,
              6.181377777777778
            ],
            [
              -75.5313888888889,
              6.179988888888889
            ],
            [
              -75.53166666666667,
              6.179988888888889
            ],
            [
              -75.53166666666667,
              6.179711111111112
            ],
            [
              -75.53194444444445,
              6.179711111111112
            ],
            [
              -75.53194444444445,
              6.178877777777778
            ],
            [
              -75.53166666666667,
              6.178877777777778
            ],
            [
              -75.53166666666667,
              6.1786
            ],
            [
              -75.5313888888889,
              6.1786
            ],
            [
              -75.5313888888889,
              6.176655555555556
            ],
            [
              -75.53194444444445,
              6.176655555555556
            ],
            [
              -75.53194444444445,
              6.176377777777778
            ],
            [
              -75.5325,
              6.176377777777778
            ],
            [
              -75.5325,
              6.1761
            ],
            [
              -75.53305555555556,
              6.1761
            ],
            [
              -75.53305555555556,
              6.175544444444444
            ],
            [
              -75.53333333333333,
              6.175544444444444
            ],
            [
              -75.53333333333333,
              6.175266666666667
            ],
            [
              -75.53444444444445,
              6.175266666666667
            ],
            [
              -75.53444444444445,
              6.1749888888888895
            ],
            [
              -75.53472222222223,
              6.1749888888888895
            ],
            [
              -75.53472222222223,
              6.174433333333334
            ],
            [
              -75.535,
              6.174433333333334
            ],
            [
              -75.535,
              6.173877777777778
            ],
            [
              -75.53527777777778,
              6.173877777777778
            ],
            [
              -75.53527777777778,
              6.1736
            ],
            [
              -75.53583333333334,
              6.1736
            ],
            [
              -75.53583333333334,
              6.173322222222223
            ],
            [
              -75.53611111111111,
              6.173322222222223
            ],
            [
              -75.53611111111111,
              6.173044444444445
            ],
            [
              -75.5363888888889,
              6.173044444444445
            ],
            [
              -75.5363888888889,
              6.172211111111111
            ],
            [
              -75.53666666666668,
              6.172211111111111
            ],
            [
              -75.53666666666668,
              6.1719333333333335
            ],
            [
              -75.53722222222223,
              6.1719333333333335
            ],
            [
              -75.53722222222223,
              6.171655555555556
            ],
            [
              -75.53777777777778,
              6.171655555555556
            ],
            [
              -75.53777777777778,
              6.170544444444444
            ],
            [
              -75.53888888888889,
              6.170544444444444
            ],
            [
              -75.53888888888889,
              6.169988888888889
            ],
            [
              -75.53972222222222,
              6.169988888888889
            ],
            [
              -75.53972222222222,
              6.170266666666667
            ],
            [
              -75.54,
              6.170266666666667
            ],
            [
              -75.54,
              6.169711111111111
            ],
            [
              -75.54027777777777,
              6.169711111111111
            ],
            [
              -75.54027777777777,
              6.169433333333334
            ],
            [
              -75.54055555555556,
              6.169433333333334
            ],
            [
              -75.54055555555556,
              6.1686000000000005
            ],
            [
              -75.54083333333334,
              6.1686000000000005
            ],
            [
              -75.54083333333334,
              6.168322222222223
            ],
            [
              -75.54111111111112,
              6.168322222222223
            ],
            [
              -75.54111111111112,
              6.166933333333334
            ],
            [
              -75.54083333333334,
              6.166933333333334
            ],
            [
              -75.54083333333334,
              6.166655555555556
            ],
            [
              -75.54111111111112,
              6.166655555555556
            ],
            [
              -75.54111111111112,
              6.1661
            ],
            [
              -75.54138888888889,
              6.1661
            ],
            [
              -75.54138888888889,
              6.165822222222222
            ],
            [
              -75.54166666666667,
              6.165822222222222
            ],
            [
              -75.54166666666667,
              6.164711111111111
            ],
            [
              -75.54138888888889,
              6.164711111111111
            ],
            [
              -75.54138888888889,
              6.164155555555555
            ],
            [
              -75.54111111111112,
              6.164155555555555
            ],
            [
              -75.54111111111112,
              6.1622111111111115
            ],
            [
              -75.54138888888889,
              6.1622111111111115
            ],
            [
              -75.54138888888889,
              6.161933333333334
            ],
            [
              -75.5425,
              6.161933333333334
            ],
            [
              -75.5425,
              6.161377777777778
            ],
            [
              -75.54222222222222,
              6.161377777777778
            ],
            [
              -75.54222222222222,
              6.1611
            ],
            [
              -75.5425,
              6.1611
            ],
            [
              -75.5425,
              6.159711111111111
            ],
            [
              -75.54277777777779,
              6.159711111111111
            ],
            [
              -75.54277777777779,
              6.159433333333333
            ],
            [
              -75.5425,
              6.159433333333333
            ],
            [
              -75.5425,
              6.158877777777778
            ],
            [
              -75.54166666666667,
              6.158877777777778
            ],
            [
              -75.54166666666667,
              6.158322222222223
            ],
            [
              -75.54222222222222,
              6.158322222222223
            ],
            [
              -75.54222222222222,
              6.156655555555556
            ],
            [
              -75.5425,
              6.156655555555556
            ],
            [
              -75.5425,
              6.154988888888889
            ],
            [
              -75.54222222222222,
              6.154988888888889
            ],
            [
              -75.54222222222222,
              6.154711111111111
            ],
            [
              -75.54194444444445,
              6.154711111111111
            ],
            [
              -75.54194444444445,
              6.154433333333333
            ],
            [
              -75.54222222222222,
              6.154433333333333
            ],
            [
              -75.54222222222222,
              6.154155555555556
            ],
            [
              -75.54194444444445,
              6.154155555555556
            ],
            [
              -75.54194444444445,
              6.15248888888889
            ],
            [
              -75.54222222222222,
              6.15248888888889
            ],
            [
              -75.54222222222222,
              6.152211111111112
            ],
            [
              -75.54277777777779,
              6.152211111111112
            ],
            [
              -75.54277777777779,
              6.151933333333334
            ],
            [
              -75.54361111111112,
              6.151933333333334
            ],
            [
              -75.54361111111112,
              6.151655555555556
            ],
            [
              -75.54388888888889,
              6.151655555555556
            ],
            [
              -75.54388888888889,
              6.151377777777778
            ],
            [
              -75.54416666666667,
              6.151377777777778
            ],
            [
              -75.54416666666667,
              6.1511000000000005
            ],
            [
              -75.54444444444445,
              6.1511000000000005
            ],
            [
              -75.54444444444445,
              6.150822222222223
            ],
            [
              -75.54472222222222,
              6.150822222222223
            ],
            [
              -75.54472222222222,
              6.150544444444445
            ],
            [
              -75.54555555555555,
              6.150544444444445
            ],
            [
              -75.54555555555555,
              6.150266666666667
            ],
            [
              -75.5463888888889,
              6.150266666666667
            ],
            [
              -75.5463888888889,
              6.149711111111111
            ],
            [
              -75.54666666666667,
              6.149711111111111
            ],
            [
              -75.54666666666667,
              6.1494333333333335
            ],
            [
              -75.5475,
              6.1494333333333335
            ],
            [
              -75.5475,
              6.148877777777778
            ],
            [
              -75.54777777777778,
              6.148877777777778
            ],
            [
              -75.54777777777778,
              6.1486
            ],
            [
              -75.5475,
              6.1486
            ],
            [
              -75.5475,
              6.148322222222222
            ],
            [
              -75.54694444444445,
              6.148322222222222
            ],
            [
              -75.54694444444445,
              6.148044444444444
            ],
            [
              -75.54666666666667,
              6.148044444444444
            ],
            [
              -75.54666666666667,
              6.147766666666667
            ],
            [
              -75.5463888888889,
              6.147766666666667
            ],
            [
              -75.5463888888889,
              6.147488888888889
            ],
            [
              -75.54583333333333,
              6.147488888888889
            ],
            [
              -75.54583333333333,
              6.146655555555556
            ],
            [
              -75.54611111111112,
              6.146655555555556
            ],
            [
              -75.54611111111112,
              6.145822222222223
            ],
            [
              -75.54555555555555,
              6.145822222222223
            ],
            [
              -75.54555555555555,
              6.145544444444445
            ],
            [
              -75.54527777777778,
              6.145544444444445
            ],
            [
              -75.54527777777778,
              6.144155555555556
            ],
            [
              -75.545,
              6.144155555555556
            ],
            [
              -75.545,
              6.143877777777778
            ],
            [
              -75.54472222222222,
              6.143877777777778
            ],
            [
              -75.54472222222222,
              6.1436
            ],
            [
              -75.54444444444445,
              6.1436
            ],
            [
              -75.54444444444445,
              6.141933333333333
            ],
            [
              -75.545,
              6.141933333333333
            ],
            [
              -75.545,
              6.1411
            ],
            [
              -75.54472222222222,
              6.1411
            ],
            [
              -75.54472222222222,
              6.139711111111112
            ],
            [
              -75.545,
              6.139711111111112
            ],
            [
              -75.545,
              6.138877777777778
            ],
            [
              -75.54472222222222,
              6.138877777777778
            ],
            [
              -75.54472222222222,
              6.138044444444445
            ],
            [
              -75.54444444444445,
              6.138044444444445
            ],
            [
              -75.54444444444445,
              6.137488888888889
            ],
            [
              -75.54416666666667,
              6.137488888888889
            ],
            [
              -75.54416666666667,
              6.136377777777778
            ],
            [
              -75.54388888888889,
              6.136377777777778
            ],
            [
              -75.54388888888889,
              6.1349888888888895
            ],
            [
              -75.54361111111112,
              6.1349888888888895
            ],
            [
              -75.54361111111112,
              6.134155555555556
            ],
            [
              -75.54333333333334,
              6.134155555555556
            ],
            [
              -75.54333333333334,
              6.133877777777778
            ],
            [
              -75.54361111111112,
              6.133877777777778
            ],
            [
              -75.54361111111112,
              6.132488888888889
            ],
            [
              -75.54305555555555,
              6.132488888888889
            ],
            [
              -75.54305555555555,
              6.132211111111111
            ],
            [
              -75.54277777777779,
              6.132211111111111
            ],
            [
              -75.54277777777779,
              6.131377777777778
            ],
            [
              -75.54305555555555,
              6.131377777777778
            ],
            [
              -75.54305555555555,
              6.130822222222222
            ],
            [
              -75.54333333333334,
              6.130822222222222
            ],
            [
              -75.54333333333334,
              6.1302666666666665
            ],
            [
              -75.54305555555555,
              6.1302666666666665
            ],
            [
              -75.54305555555555,
              6.129155555555556
            ],
            [
              -75.54361111111112,
              6.129155555555556
            ],
            [
              -75.54361111111112,
              6.128877777777778
            ],
            [
              -75.54333333333334,
              6.128877777777778
            ],
            [
              -75.54333333333334,
              6.127488888888889
            ],
            [
              -75.54305555555555,
              6.127488888888889
            ],
            [
              -75.54305555555555,
              6.127211111111111
            ],
            [
              -75.54277777777779,
              6.127211111111111
            ],
            [
              -75.54277777777779,
              6.126933333333334
            ],
            [
              -75.54305555555555,
              6.126933333333334
            ],
            [
              -75.54305555555555,
              6.1255444444444445
            ],
            [
              -75.54333333333334,
              6.1255444444444445
            ],
            [
              -75.54333333333334,
              6.124433333333334
            ],
            [
              -75.54361111111112,
              6.124433333333334
            ],
            [
              -75.54361111111112,
              6.124155555555555
            ],
            [
              -75.54388888888889,
              6.124155555555555
            ],
            [
              -75.54388888888889,
              6.123322222222223
            ],
            [
              -75.54361111111112,
              6.123322222222223
            ],
            [
              -75.54361111111112,
              6.122488888888889
            ],
            [
              -75.54333333333334,
              6.122488888888889
            ],
            [
              -75.54333333333334,
              6.1222111111111115
            ],
            [
              -75.54305555555555,
              6.1222111111111115
            ],
            [
              -75.54305555555555,
              6.1211
            ],
            [
              -75.54277777777779,
              6.1211
            ],
            [
              -75.54277777777779,
              6.120544444444445
            ],
            [
              -75.5425,
              6.120544444444445
            ],
            [
              -75.5425,
              6.119988888888889
            ],
            [
              -75.54222222222222,
              6.119988888888889
            ],
            [
              -75.54222222222222,
              6.1191555555555555
            ],
            [
              -75.5425,
              6.1191555555555555
            ],
            [
              -75.5425,
              6.118877777777778
            ],
            [
              -75.54277777777779,
              6.118877777777778
            ],
            [
              -75.54277777777779,
              6.118600000000001
            ],
            [
              -75.54305555555555,
              6.118600000000001
            ],
            [
              -75.54305555555555,
              6.116377777777778
            ],
            [
              -75.54361111111112,
              6.116377777777778
            ],
            [
              -75.54361111111112,
              6.1161
            ],
            [
              -75.54416666666667,
              6.1161
            ],
            [
              -75.54416666666667,
              6.1158222222222225
            ],
            [
              -75.54444444444445,
              6.1158222222222225
            ],
            [
              -75.54444444444445,
              6.115544444444445
            ],
            [
              -75.54472222222222,
              6.115544444444445
            ],
            [
              -75.54472222222222,
              6.1158222222222225
            ],
            [
              -75.54527777777778,
              6.1158222222222225
            ],
            [
              -75.54527777777778,
              6.115544444444445
            ],
            [
              -75.54555555555555,
              6.115544444444445
            ],
            [
              -75.54555555555555,
              6.115266666666667
            ],
            [
              -75.54583333333333,
              6.115266666666667
            ],
            [
              -75.54583333333333,
              6.114988888888889
            ],
            [
              -75.54611111111112,
              6.114988888888889
            ],
            [
              -75.54611111111112,
              6.114711111111111
            ],
            [
              -75.54666666666667,
              6.114711111111111
            ],
            [
              -75.54666666666667,
              6.112766666666667
            ],
            [
              -75.54694444444445,
              6.112766666666667
            ],
            [
              -75.54694444444445,
              6.111377777777778
            ],
            [
              -75.54722222222223,
              6.111377777777778
            ],
            [
              -75.54722222222223,
              6.110822222222223
            ],
            [
              -75.5475,
              6.110822222222223
            ],
            [
              -75.5475,
              6.109988888888889
            ],
            [
              -75.54777777777778,
              6.109988888888889
            ],
            [
              -75.54777777777778,
              6.109711111111111
            ],
            [
              -75.54805555555556,
              6.109711111111111
            ],
            [
              -75.54805555555556,
              6.1094333333333335
            ],
            [
              -75.54833333333333,
              6.1094333333333335
            ],
            [
              -75.54833333333333,
              6.109155555555556
            ],
            [
              -75.54861111111111,
              6.109155555555556
            ],
            [
              -75.54861111111111,
              6.1086
            ],
            [
              -75.5488888888889,
              6.1086
            ],
            [
              -75.5488888888889,
              6.107766666666667
            ],
            [
              -75.54916666666666,
              6.107766666666667
            ],
            [
              -75.54916666666666,
              6.107488888888889
            ],
            [
              -75.55,
              6.107488888888889
            ],
            [
              -75.55,
              6.107211111111111
            ],
            [
              -75.55027777777778,
              6.107211111111111
            ],
            [
              -75.55027777777778,
              6.106933333333334
            ],
            [
              -75.55055555555556,
              6.106933333333334
            ],
            [
              -75.55055555555556,
              6.106655555555556
            ],
            [
              -75.55083333333333,
              6.106655555555556
            ],
            [
              -75.55083333333333,
              6.1061000000000005
            ],
            [
              -75.55111111111111,
              6.1061000000000005
            ],
            [
              -75.55111111111111,
              6.105822222222223
            ],
            [
              -75.5513888888889,
              6.105822222222223
            ],
            [
              -75.5513888888889,
              6.105544444444445
            ],
            [
              -75.55194444444444,
              6.105544444444445
            ],
            [
              -75.55194444444444,
              6.105266666666667
            ],
            [
              -75.55277777777778,
              6.105266666666667
            ],
            [
              -75.55277777777778,
              6.104988888888889
            ],
            [
              -75.55305555555556,
              6.104988888888889
            ],
            [
              -75.55305555555556,
              6.104711111111111
            ],
            [
              -75.55611111111111,
              6.104711111111111
            ],
            [
              -75.55611111111111,
              6.104988888888889
            ],
            [
              -75.55916666666667,
              6.104988888888889
            ],
            [
              -75.55916666666667,
              6.104711111111111
            ],
            [
              -75.55944444444445,
              6.104711111111111
            ],
            [
              -75.55944444444445,
              6.104988888888889
            ],
            [
              -75.55972222222222,
              6.104988888888889
            ],
            [
              -75.55972222222222,
              6.105266666666667
            ],
            [
              -75.56,
              6.105266666666667
            ],
            [
              -75.56,
              6.105544444444445
            ],
            [
              -75.56055555555555,
              6.105544444444445
            ],
            [
              -75.56055555555555,
              6.105822222222223
            ],
            [
              -75.56305555555556,
              6.105822222222223
            ],
            [
              -75.56305555555556,
              6.1061000000000005
            ],
            [
              -75.5638888888889,
              6.1061000000000005
            ],
            [
              -75.5638888888889,
              6.106377777777778
            ],
            [
              -75.56444444444445,
              6.106377777777778
            ],
            [
              -75.56444444444445,
              6.1061000000000005
            ],
            [
              -75.56472222222223,
              6.1061000000000005
            ],
            [
              -75.56472222222223,
              6.106377777777778
            ],
            [
              -75.56527777777778,
              6.106377777777778
            ],
            [
              -75.56527777777778,
              6.106655555555556
            ],
            [
              -75.56583333333333,
              6.106655555555556
            ],
            [
              -75.56583333333333,
              6.106377777777778
            ],
            [
              -75.56611111111111,
              6.106377777777778
            ],
            [
              -75.56611111111111,
              6.104711111111111
            ],
            [
              -75.5663888888889,
              6.104711111111111
            ],
            [
              -75.5663888888889,
              6.103877777777778
            ],
            [
              -75.56694444444445,
              6.103877777777778
            ],
            [
              -75.56694444444445,
              6.1036
            ],
            [
              -75.56861111111111,
              6.1036
            ],
            [
              -75.56861111111111,
              6.103322222222222
            ],
            [
              -75.56888888888889,
              6.103322222222222
            ],
            [
              -75.56888888888889,
              6.1030444444444445
            ],
            [
              -75.56944444444444,
              6.1030444444444445
            ],
            [
              -75.56944444444444,
              6.102766666666667
            ],
            [
              -75.56972222222223,
              6.102766666666667
            ],
            [
              -75.56972222222223,
              6.101377777777778
            ],
            [
              -75.57000000000001,
              6.101377777777778
            ],
            [
              -75.57000000000001,
              6.101100000000001
            ],
            [
              -75.57055555555556,
              6.101100000000001
            ],
            [
              -75.57055555555556,
              6.100822222222223
            ],
            [
              -75.57083333333334,
              6.100822222222223
            ],
            [
              -75.57083333333334,
              6.100544444444445
            ],
            [
              -75.57138888888889,
              6.100544444444445
            ],
            [
              -75.57138888888889,
              6.100266666666667
            ],
            [
              -75.57222222222222,
              6.100266666666667
            ],
            [
              -75.57222222222222,
              6.099988888888889
            ],
            [
              -75.5725,
              6.099988888888889
            ],
            [
              -75.5725,
              6.099433333333334
            ],
            [
              -75.57333333333334,
              6.099433333333334
            ],
            [
              -75.57333333333334,
              6.099155555555556
            ],
            [
              -75.57388888888889,
              6.099155555555556
            ],
            [
              -75.57388888888889,
              6.0986
            ],
            [
              -75.57444444444445,
              6.0986
            ],
            [
              -75.57444444444445,
              6.098044444444445
            ],
            [
              -75.57472222222222,
              6.098044444444445
            ],
            [
              -75.57472222222222,
              6.097488888888889
            ],
            [
              -75.57527777777779,
              6.097488888888889
            ],
            [
              -75.57527777777779,
              6.0966555555555555
            ],
            [
              -75.57555555555555,
              6.0966555555555555
            ],
            [
              -75.57555555555555,
              6.096377777777778
            ],
            [
              -75.57583333333334,
              6.096377777777778
            ],
            [
              -75.57583333333334,
              6.0961
            ],
            [
              -75.57638888888889,
              6.0961
            ],
            [
              -75.57638888888889,
              6.095544444444444
            ],
            [
              -75.57666666666667,
              6.095544444444444
            ],
            [
              -75.57666666666667,
              6.0949888888888895
            ],
            [
              -75.57694444444445,
              6.0949888888888895
            ],
            [
              -75.57694444444445,
              6.094711111111112
            ],
            [
              -75.57722222222223,
              6.094711111111112
            ],
            [
              -75.57722222222223,
              6.094433333333334
            ],
            [
              -75.5775,
              6.094433333333334
            ],
            [
              -75.5775,
              6.094155555555556
            ],
            [
              -75.57777777777778,
              6.094155555555556
            ],
            [
              -75.57777777777778,
              6.093877777777778
            ],
            [
              -75.57805555555557,
              6.093877777777778
            ],
            [
              -75.57805555555557,
              6.0936
            ],
            [
              -75.57833333333333,
              6.0936
            ],
            [
              -75.57833333333333,
              6.092766666666667
            ],
            [
              -75.57861111111112,
              6.092766666666667
            ],
            [
              -75.57861111111112,
              6.091655555555556
            ],
            [
              -75.5788888888889,
              6.091655555555556
            ],
            [
              -75.5788888888889,
              6.091377777777778
            ],
            [
              -75.57944444444445,
              6.091377777777778
            ],
            [
              -75.57944444444445,
              6.090822222222222
            ],
            [
              -75.57916666666667,
              6.090822222222222
            ],
            [
              -75.57916666666667,
              6.090544444444444
            ],
            [
              -75.57944444444445,
              6.090544444444444
            ],
            [
              -75.57944444444445,
              6.0886000000000005
            ],
            [
              -75.57972222222223,
              6.0886000000000005
            ],
            [
              -75.57972222222223,
              6.088044444444445
            ],
            [
              -75.58,
              6.088044444444445
            ],
            [
              -75.58,
              6.087766666666667
            ],
            [
              -75.58166666666666,
              6.087766666666667
            ],
            [
              -75.58166666666666,
              6.087488888888889
            ],
            [
              -75.58250000000001,
              6.087488888888889
            ],
            [
              -75.58250000000001,
              6.0869333333333335
            ],
            [
              -75.58277777777778,
              6.0869333333333335
            ],
            [
              -75.58277777777778,
              6.086377777777778
            ],
            [
              -75.58305555555556,
              6.086377777777778
            ],
            [
              -75.58305555555556,
              6.085822222222222
            ],
            [
              -75.58333333333334,
              6.085822222222222
            ],
            [
              -75.58333333333334,
              6.084988888888889
            ],
            [
              -75.58361111111111,
              6.084988888888889
            ],
            [
              -75.58361111111111,
              6.084433333333333
            ],
            [
              -75.5838888888889,
              6.084433333333333
            ],
            [
              -75.5838888888889,
              6.084155555555556
            ],
            [
              -75.58416666666668,
              6.084155555555556
            ],
            [
              -75.58416666666668,
              6.083044444444445
            ],
            [
              -75.5838888888889,
              6.083044444444445
            ],
            [
              -75.5838888888889,
              6.082766666666667
            ],
            [
              -75.58416666666668,
              6.082766666666667
            ],
            [
              -75.58416666666668,
              6.082488888888889
            ],
            [
              -75.58444444444444,
              6.082488888888889
            ],
            [
              -75.58444444444444,
              6.081933333333334
            ],
            [
              -75.58472222222223,
              6.081933333333334
            ],
            [
              -75.58472222222223,
              6.081655555555556
            ],
            [
              -75.58444444444444,
              6.081655555555556
            ],
            [
              -75.58444444444444,
              6.0811
            ],
            [
              -75.58472222222223,
              6.0811
            ],
            [
              -75.58472222222223,
              6.080266666666667
            ],
            [
              -75.58500000000001,
              6.080266666666667
            ],
            [
              -75.58500000000001,
              6.079988888888889
            ],
            [
              -75.58527777777778,
              6.079988888888889
            ],
            [
              -75.58527777777778,
              6.079433333333333
            ],
            [
              -75.58555555555556,
              6.079433333333333
            ],
            [
              -75.58555555555556,
              6.079155555555555
            ],
            [
              -75.58638888888889,
              6.079155555555555
            ],
            [
              -75.58638888888889,
              6.0758222222222225
            ],
            [
              -75.58666666666667,
              6.0758222222222225
            ],
            [
              -75.58666666666667,
              6.074711111111111
            ],
            [
              -75.58638888888889,
              6.074711111111111
            ],
            [
              -75.58638888888889,
              6.0724888888888895
            ],
            [
              -75.58666666666667,
              6.0724888888888895
            ],
            [
              -75.58666666666667,
              6.071377777777778
            ],
            [
              -75.58638888888889,
              6.071377777777778
            ],
            [
              -75.58638888888889,
              6.070266666666667
            ],
            [
              -75.58611111111111,
              6.070266666666667
            ],
            [
              -75.58611111111111,
              6.069711111111111
            ],
            [
              -75.58583333333334,
              6.069711111111111
            ],
            [
              -75.58583333333334,
              6.067488888888889
            ],
            [
              -75.58555555555556,
              6.067488888888889
            ],
            [
              -75.58555555555556,
              6.066933333333334
            ],
            [
              -75.58527777777778,
              6.066933333333334
            ],
            [
              -75.58527777777778,
              6.066655555555556
            ],
            [
              -75.58472222222223,
              6.066655555555556
            ],
            [
              -75.58472222222223,
              6.0661000000000005
            ],
            [
              -75.58444444444444,
              6.0661000000000005
            ],
            [
              -75.58444444444444,
              6.065544444444445
            ],
            [
              -75.5838888888889,
              6.065544444444445
            ],
            [
              -75.5838888888889,
              6.065266666666667
            ],
            [
              -75.58333333333334,
              6.065266666666667
            ],
            [
              -75.58333333333334,
              6.064988888888889
            ],
            [
              -75.58277777777778,
              6.064988888888889
            ],
            [
              -75.58277777777778,
              6.064711111111111
            ],
            [
              -75.58250000000001,
              6.064711111111111
            ],
            [
              -75.58250000000001,
              6.064433333333334
            ],
            [
              -75.58222222222223,
              6.064433333333334
            ],
            [
              -75.58222222222223,
              6.064155555555556
            ],
            [
              -75.5813888888889,
              6.064155555555556
            ],
            [
              -75.5813888888889,
              6.063877777777778
            ],
            [
              -75.58111111111111,
              6.063877777777778
            ],
            [
              -75.58111111111111,
              6.0630444444444445
            ],
            [
              -75.58083333333333,
              6.0630444444444445
            ],
            [
              -75.58083333333333,
              6.062488888888889
            ],
            [
              -75.58055555555556,
              6.062488888888889
            ],
            [
              -75.58055555555556,
              6.062211111111111
            ],
            [
              -75.58027777777778,
              6.062211111111111
            ],
            [
              -75.58027777777778,
              6.061933333333334
            ],
            [
              -75.58083333333333,
              6.061933333333334
            ],
            [
              -75.58083333333333,
              6.061377777777778
            ],
            [
              -75.58111111111111,
              6.061377777777778
            ],
            [
              -75.58111111111111,
              6.061100000000001
            ],
            [
              -75.58166666666666,
              6.061100000000001
            ],
            [
              -75.58166666666666,
              6.060544444444445
            ],
            [
              -75.58194444444445,
              6.060544444444445
            ],
            [
              -75.58194444444445,
              6.060266666666667
            ],
            [
              -75.58222222222223,
              6.060266666666667
            ],
            [
              -75.58222222222223,
              6.058877777777778
            ],
            [
              -75.58194444444445,
              6.058877777777778
            ],
            [
              -75.58194444444445,
              6.058044444444445
            ],
            [
              -75.58166666666666,
              6.058044444444445
            ],
            [
              -75.58166666666666,
              6.057488888888889
            ],
            [
              -75.5813888888889,
              6.057488888888889
            ],
            [
              -75.5813888888889,
              6.056377777777778
            ],
            [
              -75.58111111111111,
              6.056377777777778
            ],
            [
              -75.58111111111111,
              6.055822222222222
            ],
            [
              -75.58083333333333,
              6.055822222222222
            ],
            [
              -75.58083333333333,
              6.051655555555556
            ],
            [
              -75.58055555555556,
              6.051655555555556
            ],
            [
              -75.58055555555556,
              6.051377777777778
            ],
            [
              -75.58027777777778,
              6.051377777777778
            ],
            [
              -75.58027777777778,
              6.050822222222222
            ],
            [
              -75.58,
              6.050822222222222
            ],
            [
              -75.58,
              6.049433333333334
            ],
            [
              -75.57972222222223,
              6.049433333333334
            ],
            [
              -75.57972222222223,
              6.048877777777778
            ],
            [
              -75.57916666666667,
              6.048877777777778
            ],
            [
              -75.57916666666667,
              6.0486
            ],
            [
              -75.57861111111112,
              6.0486
            ],
            [
              -75.57861111111112,
              6.048322222222223
            ],
            [
              -75.57805555555557,
              6.048322222222223
            ],
            [
              -75.57805555555557,
              6.048044444444445
            ],
            [
              -75.57777777777778,
              6.048044444444445
            ],
            [
              -75.57777777777778,
              6.047766666666667
            ],
            [
              -75.57722222222223,
              6.047766666666667
            ],
            [
              -75.57722222222223,
              6.047488888888889
            ],
            [
              -75.57666666666667,
              6.047488888888889
            ],
            [
              -75.57666666666667,
              6.047211111111111
            ],
            [
              -75.57638888888889,
              6.047211111111111
            ],
            [
              -75.57638888888889,
              6.0469333333333335
            ],
            [
              -75.57611111111112,
              6.0469333333333335
            ],
            [
              -75.57611111111112,
              6.046377777777778
            ],
            [
              -75.57388888888889,
              6.046377777777778
            ],
            [
              -75.57388888888889,
              6.046655555555556
            ],
            [
              -75.57333333333334,
              6.046655555555556
            ],
            [
              -75.57333333333334,
              6.0469333333333335
            ],
            [
              -75.5725,
              6.0469333333333335
            ],
            [
              -75.5725,
              6.047211111111111
            ],
            [
              -75.57166666666667,
              6.047211111111111
            ],
            [
              -75.57166666666667,
              6.047488888888889
            ],
            [
              -75.57138888888889,
              6.047488888888889
            ],
            [
              -75.57138888888889,
              6.047766666666667
            ],
            [
              -75.57111111111111,
              6.047766666666667
            ],
            [
              -75.57111111111111,
              6.048322222222223
            ],
            [
              -75.57083333333334,
              6.048322222222223
            ],
            [
              -75.57083333333334,
              6.0486
            ],
            [
              -75.57027777777778,
              6.0486
            ],
            [
              -75.57027777777778,
              6.048877777777778
            ],
            [
              -75.57000000000001,
              6.048877777777778
            ],
            [
              -75.57000000000001,
              6.049433333333334
            ],
            [
              -75.56972222222223,
              6.049433333333334
            ],
            [
              -75.56972222222223,
              6.049711111111112
            ],
            [
              -75.56944444444444,
              6.049711111111112
            ],
            [
              -75.56944444444444,
              6.049988888888889
            ],
            [
              -75.56916666666667,
              6.049988888888889
            ],
            [
              -75.56916666666667,
              6.050266666666667
            ],
            [
              -75.56888888888889,
              6.050266666666667
            ],
            [
              -75.56888888888889,
              6.050544444444444
            ],
            [
              -75.56833333333334,
              6.050544444444444
            ],
            [
              -75.56833333333334,
              6.050822222222222
            ],
            [
              -75.56750000000001,
              6.050822222222222
            ],
            [
              -75.56750000000001,
              6.0511
            ],
            [
              -75.565,
              6.0511
            ],
            [
              -75.565,
              6.051377777777778
            ],
            [
              -75.56472222222223,
              6.051377777777778
            ],
            [
              -75.56472222222223,
              6.051655555555556
            ],
            [
              -75.56444444444445,
              6.051655555555556
            ],
            [
              -75.56444444444445,
              6.051377777777778
            ],
            [
              -75.56416666666667,
              6.051377777777778
            ],
            [
              -75.56416666666667,
              6.0511
            ],
            [
              -75.5638888888889,
              6.0511
            ],
            [
              -75.5638888888889,
              6.050822222222222
            ],
            [
              -75.56333333333333,
              6.050822222222222
            ],
            [
              -75.56333333333333,
              6.050544444444444
            ],
            [
              -75.56305555555556,
              6.050544444444444
            ],
            [
              -75.56305555555556,
              6.050266666666667
            ],
            [
              -75.56277777777778,
              6.050266666666667
            ],
            [
              -75.56277777777778,
              6.049988888888889
            ],
            [
              -75.5625,
              6.049988888888889
            ],
            [
              -75.5625,
              6.049711111111112
            ],
            [
              -75.56222222222223,
              6.049711111111112
            ],
            [
              -75.56222222222223,
              6.049433333333334
            ],
            [
              -75.56166666666667,
              6.049433333333334
            ],
            [
              -75.56166666666667,
              6.049155555555556
            ],
            [
              -75.5613888888889,
              6.049155555555556
            ],
            [
              -75.5613888888889,
              6.048877777777778
            ],
            [
              -75.56111111111112,
              6.048877777777778
            ],
            [
              -75.56111111111112,
              6.048322222222223
            ],
            [
              -75.56055555555555,
              6.048322222222223
            ],
            [
              -75.56055555555555,
              6.0486
            ],
            [
              -75.56027777777778,
              6.0486
            ],
            [
              -75.56027777777778,
              6.048877777777778
            ],
            [
              -75.56,
              6.048877777777778
            ],
            [
              -75.56,
              6.049155555555556
            ],
            [
              -75.55944444444445,
              6.049155555555556
            ],
            [
              -75.55944444444445,
              6.048877777777778
            ],
            [
              -75.55916666666667,
              6.048877777777778
            ],
            [
              -75.55916666666667,
              6.0486
            ],
            [
              -75.55888888888889,
              6.0486
            ],
            [
              -75.55888888888889,
              6.048322222222223
            ],
            [
              -75.55694444444445,
              6.048322222222223
            ],
            [
              -75.55694444444445,
              6.0486
            ],
            [
              -75.55638888888889,
              6.0486
            ],
            [
              -75.55638888888889,
              6.048322222222223
            ],
            [
              -75.55611111111111,
              6.048322222222223
            ],
            [
              -75.55611111111111,
              6.0486
            ],
            [
              -75.55555555555556,
              6.0486
            ],
            [
              -75.55555555555556,
              6.048877777777778
            ],
            [
              -75.55527777777777,
              6.048877777777778
            ],
            [
              -75.55527777777777,
              6.049433333333334
            ],
            [
              -75.55416666666667,
              6.049433333333334
            ],
            [
              -75.55416666666667,
              6.049155555555556
            ],
            [
              -75.55388888888889,
              6.049155555555556
            ],
            [
              -75.55388888888889,
              6.048877777777778
            ],
            [
              -75.55333333333334,
              6.048877777777778
            ],
            [
              -75.55333333333334,
              6.048044444444445
            ],
            [
              -75.55222222222223,
              6.048044444444445
            ],
            [
              -75.55222222222223,
              6.048322222222223
            ],
            [
              -75.55194444444444,
              6.048322222222223
            ],
            [
              -75.55194444444444,
              6.0486
            ],
            [
              -75.54944444444445,
              6.0486
            ],
            [
              -75.54944444444445,
              6.048877777777778
            ],
            [
              -75.54833333333333,
              6.048877777777778
            ],
            [
              -75.54833333333333,
              6.0486
            ],
            [
              -75.54805555555556,
              6.0486
            ],
            [
              -75.54805555555556,
              6.048877777777778
            ],
            [
              -75.5475,
              6.048877777777778
            ],
            [
              -75.5475,
              6.049155555555556
            ],
            [
              -75.54722222222223,
              6.049155555555556
            ],
            [
              -75.54722222222223,
              6.049433333333334
            ],
            [
              -75.54666666666667,
              6.049433333333334
            ],
            [
              -75.54666666666667,
              6.049711111111112
            ],
            [
              -75.54611111111112,
              6.049711111111112
            ],
            [
              -75.54611111111112,
              6.049988888888889
            ],
            [
              -75.54333333333334,
              6.049988888888889
            ],
            [
              -75.54333333333334,
              6.050266666666667
            ],
            [
              -75.54277777777779,
              6.050266666666667
            ],
            [
              -75.54277777777779,
              6.050544444444444
            ],
            [
              -75.5425,
              6.050544444444444
            ],
            [
              -75.5425,
              6.0511
            ],
            [
              -75.54194444444445,
              6.0511
            ],
            [
              -75.54194444444445,
              6.049988888888889
            ],
            [
              -75.54166666666667,
              6.049988888888889
            ],
            [
              -75.54166666666667,
              6.047488888888889
            ],
            [
              -75.54138888888889,
              6.047488888888889
            ],
            [
              -75.54138888888889,
              6.0469333333333335
            ],
            [
              -75.54111111111112,
              6.0469333333333335
            ],
            [
              -75.54111111111112,
              6.045544444444444
            ],
            [
              -75.54138888888889,
              6.045544444444444
            ],
            [
              -75.54138888888889,
              6.043877777777778
            ],
            [
              -75.54166666666667,
              6.043877777777778
            ],
            [
              -75.54166666666667,
              6.043322222222223
            ],
            [
              -75.54138888888889,
              6.043322222222223
            ],
            [
              -75.54138888888889,
              6.042766666666667
            ],
            [
              -75.54166666666667,
              6.042766666666667
            ],
            [
              -75.54166666666667,
              6.0411
            ],
            [
              -75.54138888888889,
              6.0411
            ],
            [
              -75.54138888888889,
              6.0405444444444445
            ],
            [
              -75.54111111111112,
              6.0405444444444445
            ],
            [
              -75.54111111111112,
              6.040266666666667
            ],
            [
              -75.54083333333334,
              6.040266666666667
            ],
            [
              -75.54083333333334,
              6.037766666666667
            ],
            [
              -75.54,
              6.037766666666667
            ],
            [
              -75.54,
              6.037488888888889
            ],
            [
              -75.53916666666667,
              6.037488888888889
            ],
            [
              -75.53916666666667,
              6.0372111111111115
            ],
            [
              -75.53833333333334,
              6.0372111111111115
            ],
            [
              -75.53833333333334,
              6.037488888888889
            ],
            [
              -75.53750000000001,
              6.037488888888889
            ],
            [
              -75.53750000000001,
              6.0372111111111115
            ],
            [
              -75.53722222222223,
              6.0372111111111115
            ],
            [
              -75.53722222222223,
              6.036933333333334
            ],
            [
              -75.53694444444444,
              6.036933333333334
            ],
            [
              -75.53694444444444,
              6.036655555555556
            ],
            [
              -75.53527777777778,
              6.036655555555556
            ],
            [
              -75.53527777777778,
              6.036377777777778
            ],
            [
              -75.53444444444445,
              6.036377777777778
            ],
            [
              -75.53444444444445,
              6.0361
            ],
            [
              -75.5338888888889,
              6.0361
            ],
            [
              -75.5338888888889,
              6.035822222222222
            ],
            [
              -75.5325,
              6.035822222222222
            ],
            [
              -75.5325,
              6.035544444444445
            ],
            [
              -75.53222222222223,
              6.035544444444445
            ],
            [
              -75.53222222222223,
              6.035266666666667
            ],
            [
              -75.53166666666667,
              6.035266666666667
            ],
            [
              -75.53166666666667,
              6.034988888888889
            ],
            [
              -75.5313888888889,
              6.034988888888889
            ],
            [
              -75.5313888888889,
              6.034711111111111
            ],
            [
              -75.53083333333333,
              6.034711111111111
            ],
            [
              -75.53083333333333,
              6.034433333333333
            ],
            [
              -75.53055555555557,
              6.034433333333333
            ],
            [
              -75.53055555555557,
              6.034711111111111
            ],
            [
              -75.53027777777778,
              6.034711111111111
            ],
            [
              -75.53027777777778,
              6.034433333333333
            ],
            [
              -75.52944444444445,
              6.034433333333333
            ],
            [
              -75.52944444444445,
              6.034711111111111
            ],
            [
              -75.52916666666667,
              6.034711111111111
            ],
            [
              -75.52916666666667,
              6.034988888888889
            ],
            [
              -75.52833333333334,
              6.034988888888889
            ],
            [
              -75.52833333333334,
              6.035266666666667
            ],
            [
              -75.52805555555555,
              6.035266666666667
            ],
            [
              -75.52805555555555,
              6.035544444444445
            ],
            [
              -75.52722222222222,
              6.035544444444445
            ],
            [
              -75.52722222222222,
              6.035822222222222
            ],
            [
              -75.52694444444445,
              6.035822222222222
            ],
            [
              -75.52694444444445,
              6.035544444444445
            ],
            [
              -75.52638888888889,
              6.035544444444445
            ],
            [
              -75.52638888888889,
              6.035822222222222
            ],
            [
              -75.52611111111112,
              6.035822222222222
            ],
            [
              -75.52611111111112,
              6.0361
            ],
            [
              -75.52555555555556,
              6.0361
            ],
            [
              -75.52555555555556,
              6.036377777777778
            ],
            [
              -75.525,
              6.036377777777778
            ],
            [
              -75.525,
              6.036655555555556
            ],
            [
              -75.52388888888889,
              6.036655555555556
            ],
            [
              -75.52388888888889,
              6.036933333333334
            ],
            [
              -75.52333333333334,
              6.036933333333334
            ],
            [
              -75.52333333333334,
              6.0372111111111115
            ],
            [
              -75.52305555555556,
              6.0372111111111115
            ],
            [
              -75.52305555555556,
              6.037488888888889
            ],
            [
              -75.52111111111111,
              6.037488888888889
            ],
            [
              -75.52111111111111,
              6.037766666666667
            ],
            [
              -75.51916666666666,
              6.037766666666667
            ],
            [
              -75.51916666666666,
              6.038044444444445
            ],
            [
              -75.5188888888889,
              6.038044444444445
            ],
            [
              -75.5188888888889,
              6.038322222222223
            ],
            [
              -75.51777777777778,
              6.038322222222223
            ],
            [
              -75.51777777777778,
              6.038600000000001
            ],
            [
              -75.5175,
              6.038600000000001
            ],
            [
              -75.5175,
              6.038877777777778
            ],
            [
              -75.51722222222223,
              6.038877777777778
            ],
            [
              -75.51722222222223,
              6.039155555555556
            ],
            [
              -75.51666666666667,
              6.039155555555556
            ],
            [
              -75.51666666666667,
              6.039433333333333
            ],
            [
              -75.5163888888889,
              6.039433333333333
            ],
            [
              -75.5163888888889,
              6.039155555555556
            ],
            [
              -75.51583333333333,
              6.039155555555556
            ],
            [
              -75.51583333333333,
              6.038877777777778
            ],
            [
              -75.51472222222223,
              6.038877777777778
            ],
            [
              -75.51472222222223,
              6.039155555555556
            ],
            [
              -75.51444444444445,
              6.039155555555556
            ],
            [
              -75.51444444444445,
              6.039433333333333
            ],
            [
              -75.51388888888889,
              6.039433333333333
            ],
            [
              -75.51388888888889,
              6.039711111111111
            ],
            [
              -75.51361111111112,
              6.039711111111111
            ],
            [
              -75.51361111111112,
              6.040266666666667
            ],
            [
              -75.51388888888889,
              6.040266666666667
            ],
            [
              -75.51388888888889,
              6.0405444444444445
            ],
            [
              -75.51361111111112,
              6.0405444444444445
            ],
            [
              -75.51361111111112,
              6.0411
            ],
            [
              -75.51333333333334,
              6.0411
            ],
            [
              -75.51333333333334,
              6.041655555555556
            ],
            [
              -75.5125,
              6.041655555555556
            ],
            [
              -75.5125,
              6.041933333333334
            ],
            [
              -75.51222222222222,
              6.041933333333334
            ],
            [
              -75.51222222222222,
              6.042211111111111
            ],
            [
              -75.51194444444445,
              6.042211111111111
            ],
            [
              -75.51194444444445,
              6.042488888888889
            ],
            [
              -75.51166666666667,
              6.042488888888889
            ],
            [
              -75.51166666666667,
              6.042766666666667
            ],
            [
              -75.51138888888889,
              6.042766666666667
            ],
            [
              -75.51138888888889,
              6.042488888888889
            ],
            [
              -75.51111111111112,
              6.042488888888889
            ],
            [
              -75.51111111111112,
              6.042211111111111
            ],
            [
              -75.51,
              6.042211111111111
            ],
            [
              -75.51,
              6.041933333333334
            ],
            [
              -75.50944444444445,
              6.041933333333334
            ],
            [
              -75.50944444444445,
              6.041655555555556
            ],
            [
              -75.50888888888889,
              6.041655555555556
            ],
            [
              -75.50888888888889,
              6.0411
            ],
            [
              -75.50861111111111,
              6.0411
            ],
            [
              -75.50861111111111,
              6.040822222222222
            ],
            [
              -75.50833333333334,
              6.040822222222222
            ],
            [
              -75.50833333333334,
              6.0405444444444445
            ],
            [
              -75.50861111111111,
              6.0405444444444445
            ],
            [
              -75.50861111111111,
              6.039155555555556
            ],
            [
              -75.50777777777778,
              6.039155555555556
            ],
            [
              -75.50777777777778,
              6.038877777777778
            ],
            [
              -75.50750000000001,
              6.038877777777778
            ],
            [
              -75.50750000000001,
              6.038322222222223
            ],
            [
              -75.50722222222223,
              6.038322222222223
            ],
            [
              -75.50722222222223,
              6.037766666666667
            ],
            [
              -75.50694444444444,
              6.037766666666667
            ],
            [
              -75.50694444444444,
              6.0372111111111115
            ],
            [
              -75.50666666666667,
              6.0372111111111115
            ],
            [
              -75.50666666666667,
              6.036933333333334
            ],
            [
              -75.50638888888889,
              6.036933333333334
            ],
            [
              -75.50638888888889,
              6.036655555555556
            ],
            [
              -75.50611111111111,
              6.036655555555556
            ],
            [
              -75.50611111111111,
              6.036377777777778
            ],
            [
              -75.50583333333334,
              6.036377777777778
            ],
            [
              -75.50583333333334,
              6.0361
            ],
            [
              -75.50555555555556,
              6.0361
            ],
            [
              -75.50555555555556,
              6.035822222222222
            ],
            [
              -75.50472222222223,
              6.035822222222222
            ],
            [
              -75.50472222222223,
              6.035544444444445
            ],
            [
              -75.50444444444445,
              6.035544444444445
            ],
            [
              -75.50444444444445,
              6.035266666666667
            ],
            [
              -75.50361111111111,
              6.035266666666667
            ],
            [
              -75.50361111111111,
              6.034988888888889
            ],
            [
              -75.50333333333333,
              6.034988888888889
            ],
            [
              -75.50333333333333,
              6.034711111111111
            ],
            [
              -75.50305555555556,
              6.034711111111111
            ],
            [
              -75.50305555555556,
              6.034433333333333
            ],
            [
              -75.50277777777778,
              6.034433333333333
            ],
            [
              -75.50277777777778,
              6.033877777777778
            ],
            [
              -75.50222222222223,
              6.033877777777778
            ],
            [
              -75.50222222222223,
              6.0341555555555555
            ],
            [
              -75.50111111111111,
              6.0341555555555555
            ],
            [
              -75.50111111111111,
              6.033877777777778
            ],
            [
              -75.49972222222223,
              6.033877777777778
            ],
            [
              -75.49972222222223,
              6.033322222222223
            ],
            [
              -75.49944444444445,
              6.033322222222223
            ],
            [
              -75.49944444444445,
              6.033044444444444
            ],
            [
              -75.49972222222223,
              6.033044444444444
            ],
            [
              -75.49972222222223,
              6.032766666666667
            ],
            [
              -75.49944444444445,
              6.032766666666667
            ],
            [
              -75.49944444444445,
              6.031377777777778
            ],
            [
              -75.49916666666667,
              6.031377777777778
            ],
            [
              -75.49916666666667,
              6.0311
            ],
            [
              -75.4988888888889,
              6.0311
            ],
            [
              -75.4988888888889,
              6.0308222222222225
            ],
            [
              -75.49861111111112,
              6.0308222222222225
            ],
            [
              -75.49861111111112,
              6.030266666666667
            ],
            [
              -75.49805555555555,
              6.030266666666667
            ],
            [
              -75.49805555555555,
              6.0308222222222225
            ],
            [
              -75.4975,
              6.0308222222222225
            ],
            [
              -75.4975,
              6.030544444444445
            ],
            [
              -75.49722222222222,
              6.030544444444445
            ],
            [
              -75.49722222222222,
              6.030266666666667
            ],
            [
              -75.49694444444445,
              6.030266666666667
            ],
            [
              -75.49694444444445,
              6.028877777777778
            ],
            [
              -75.49666666666667,
              6.028877777777778
            ],
            [
              -75.49666666666667,
              6.0286
            ],
            [
              -75.49555555555555,
              6.0286
            ],
            [
              -75.49555555555555,
              6.0277666666666665
            ],
            [
              -75.49527777777779,
              6.0277666666666665
            ],
            [
              -75.49527777777779,
              6.027211111111112
            ],
            [
              -75.49472222222222,
              6.027211111111112
            ],
            [
              -75.49472222222222,
              6.026933333333334
            ],
            [
              -75.49444444444445,
              6.026933333333334
            ],
            [
              -75.49444444444445,
              6.026377777777778
            ],
            [
              -75.49416666666667,
              6.026377777777778
            ],
            [
              -75.49416666666667,
              6.024711111111111
            ],
            [
              -75.49388888888889,
              6.024711111111111
            ],
            [
              -75.49388888888889,
              6.0236
            ],
            [
              -75.49361111111111,
              6.0236
            ],
            [
              -75.49361111111111,
              6.022211111111112
            ],
            [
              -75.49333333333334,
              6.022211111111112
            ],
            [
              -75.49333333333334,
              6.021933333333333
            ],
            [
              -75.49305555555556,
              6.021933333333333
            ],
            [
              -75.49305555555556,
              6.021655555555556
            ],
            [
              -75.4925,
              6.021655555555556
            ],
            [
              -75.4925,
              6.021377777777778
            ],
            [
              -75.49222222222222,
              6.021377777777778
            ],
            [
              -75.49222222222222,
              6.021100000000001
            ],
            [
              -75.49194444444444,
              6.021100000000001
            ],
            [
              -75.49194444444444,
              6.020822222222223
            ],
            [
              -75.49166666666667,
              6.020822222222223
            ],
            [
              -75.49166666666667,
              6.020544444444445
            ],
            [
              -75.49194444444444,
              6.020544444444445
            ],
            [
              -75.49194444444444,
              6.019988888888889
            ],
            [
              -75.49222222222222,
              6.019988888888889
            ],
            [
              -75.49222222222222,
              6.0197111111111115
            ],
            [
              -75.49194444444444,
              6.0197111111111115
            ],
            [
              -75.49194444444444,
              6.019433333333334
            ],
            [
              -75.49166666666667,
              6.019433333333334
            ],
            [
              -75.49166666666667,
              6.019155555555556
            ],
            [
              -75.49138888888889,
              6.019155555555556
            ],
            [
              -75.49138888888889,
              6.0186
            ],
            [
              -75.49111111111111,
              6.0186
            ],
            [
              -75.49111111111111,
              6.018322222222222
            ],
            [
              -75.49083333333334,
              6.018322222222222
            ],
            [
              -75.49083333333334,
              6.0186
            ],
            [
              -75.49027777777778,
              6.0186
            ],
            [
              -75.49027777777778,
              6.018322222222222
            ],
            [
              -75.48972222222223,
              6.018322222222222
            ],
            [
              -75.48972222222223,
              6.0180444444444445
            ],
            [
              -75.48944444444444,
              6.0180444444444445
            ],
            [
              -75.48944444444444,
              6.017766666666667
            ],
            [
              -75.48972222222223,
              6.017766666666667
            ],
            [
              -75.48972222222223,
              6.015822222222223
            ],
            [
              -75.48944444444444,
              6.015822222222223
            ],
            [
              -75.48944444444444,
              6.015544444444445
            ],
            [
              -75.4888888888889,
              6.015544444444445
            ],
            [
              -75.4888888888889,
              6.014711111111112
            ],
            [
              -75.48916666666668,
              6.014711111111112
            ],
            [
              -75.48916666666668,
              6.014433333333334
            ],
            [
              -75.4888888888889,
              6.014433333333334
            ],
            [
              -75.4888888888889,
              6.013877777777778
            ],
            [
              -75.48916666666668,
              6.013877777777778
            ],
            [
              -75.48916666666668,
              6.0136
            ],
            [
              -75.48944444444444,
              6.0136
            ],
            [
              -75.48944444444444,
              6.0133222222222225
            ],
            [
              -75.48916666666668,
              6.0133222222222225
            ],
            [
              -75.48916666666668,
              6.013044444444445
            ],
            [
              -75.48944444444444,
              6.013044444444445
            ],
            [
              -75.48944444444444,
              6.012766666666667
            ],
            [
              -75.48916666666668,
              6.012766666666667
            ],
            [
              -75.48916666666668,
              6.012488888888889
            ],
            [
              -75.4888888888889,
              6.012488888888889
            ],
            [
              -75.4888888888889,
              6.011933333333333
            ],
            [
              -75.48861111111111,
              6.011933333333333
            ],
            [
              -75.48861111111111,
              6.010822222222222
            ],
            [
              -75.48833333333333,
              6.010822222222222
            ],
            [
              -75.48833333333333,
              6.010544444444445
            ],
            [
              -75.48805555555556,
              6.010544444444445
            ],
            [
              -75.48805555555556,
              6.010266666666666
            ],
            [
              -75.48777777777778,
              6.010266666666666
            ],
            [
              -75.48777777777778,
              6.0099888888888895
            ],
            [
              -75.4875,
              6.0099888888888895
            ],
            [
              -75.4875,
              6.009711111111112
            ],
            [
              -75.48722222222223,
              6.009711111111112
            ],
            [
              -75.48722222222223,
              6.008877777777778
            ],
            [
              -75.48694444444445,
              6.008877777777778
            ],
            [
              -75.48694444444445,
              6.008322222222223
            ],
            [
              -75.48611111111111,
              6.008322222222223
            ],
            [
              -75.48611111111111,
              6.007766666666667
            ],
            [
              -75.48583333333333,
              6.007766666666667
            ],
            [
              -75.48583333333333,
              6.007488888888889
            ],
            [
              -75.48555555555556,
              6.007488888888889
            ],
            [
              -75.48555555555556,
              6.0069333333333335
            ],
            [
              -75.48527777777778,
              6.0069333333333335
            ],
            [
              -75.48527777777778,
              6.006655555555556
            ],
            [
              -75.485,
              6.006655555555556
            ],
            [
              -75.485,
              6.005822222222222
            ],
            [
              -75.48527777777778,
              6.005822222222222
            ],
            [
              -75.48527777777778,
              6.0052666666666665
            ],
            [
              -75.48555555555556,
              6.0052666666666665
            ],
            [
              -75.48555555555556,
              6.004433333333334
            ],
            [
              -75.48583333333333,
              6.004433333333334
            ],
            [
              -75.48583333333333,
              6.004155555555556
            ],
            [
              -75.48611111111111,
              6.004155555555556
            ],
            [
              -75.48611111111111,
              6.003877777777778
            ],
            [
              -75.48666666666666,
              6.003877777777778
            ],
            [
              -75.48666666666666,
              6.0036000000000005
            ],
            [
              -75.48694444444445,
              6.0036000000000005
            ],
            [
              -75.48694444444445,
              6.003322222222223
            ],
            [
              -75.48722222222223,
              6.003322222222223
            ],
            [
              -75.48722222222223,
              6.003044444444445
            ],
            [
              -75.4875,
              6.003044444444445
            ],
            [
              -75.4875,
              6.002766666666667
            ],
            [
              -75.48777777777778,
              6.002766666666667
            ],
            [
              -75.48777777777778,
              6.001655555555556
            ],
            [
              -75.48805555555556,
              6.001655555555556
            ],
            [
              -75.48805555555556,
              6.001377777777778
            ],
            [
              -75.48833333333333,
              6.001377777777778
            ],
            [
              -75.48833333333333,
              6.0011
            ],
            [
              -75.48861111111111,
              6.0011
            ],
            [
              -75.48861111111111,
              6.000822222222222
            ],
            [
              -75.4888888888889,
              6.000822222222222
            ],
            [
              -75.4888888888889,
              6.0005444444444445
            ],
            [
              -75.48916666666668,
              6.0005444444444445
            ],
            [
              -75.48916666666668,
              5.999988888888889
            ],
            [
              -75.48944444444444,
              5.999988888888889
            ],
            [
              -75.48944444444444,
              5.998600000000001
            ],
            [
              -75.48861111111111,
              5.998600000000001
            ],
            [
              -75.48861111111111,
              5.998877777777778
            ],
            [
              -75.48833333333333,
              5.998877777777778
            ],
            [
              -75.48833333333333,
              5.998600000000001
            ],
            [
              -75.48777777777778,
              5.998600000000001
            ],
            [
              -75.48777777777778,
              5.998322222222223
            ],
            [
              -75.48694444444445,
              5.998322222222223
            ],
            [
              -75.48694444444445,
              5.997766666666667
            ],
            [
              -75.48666666666666,
              5.997766666666667
            ],
            [
              -75.48666666666666,
              5.996655555555556
            ],
            [
              -75.4863888888889,
              5.996655555555556
            ],
            [
              -75.4863888888889,
              5.996377777777778
            ],
            [
              -75.48666666666666,
              5.996377777777778
            ],
            [
              -75.48666666666666,
              5.9961
            ],
            [
              -75.4863888888889,
              5.9961
            ],
            [
              -75.4863888888889,
              5.995544444444445
            ],
            [
              -75.48666666666666,
              5.995544444444445
            ],
            [
              -75.48666666666666,
              5.994988888888889
            ],
            [
              -75.4863888888889,
              5.994988888888889
            ],
            [
              -75.4863888888889,
              5.994433333333333
            ],
            [
              -75.48666666666666,
              5.994433333333333
            ],
            [
              -75.48666666666666,
              5.992488888888889
            ],
            [
              -75.4863888888889,
              5.992488888888889
            ],
            [
              -75.4863888888889,
              5.992211111111112
            ],
            [
              -75.48611111111111,
              5.992211111111112
            ],
            [
              -75.48611111111111,
              5.991933333333334
            ],
            [
              -75.4838888888889,
              5.991933333333334
            ],
            [
              -75.4838888888889,
              5.991655555555556
            ],
            [
              -75.48361111111112,
              5.991655555555556
            ],
            [
              -75.48361111111112,
              5.991377777777778
            ],
            [
              -75.48333333333333,
              5.991377777777778
            ],
            [
              -75.48333333333333,
              5.9911
            ],
            [
              -75.48222222222222,
              5.9911
            ],
            [
              -75.48222222222222,
              5.991377777777778
            ],
            [
              -75.48194444444445,
              5.991377777777778
            ],
            [
              -75.48194444444445,
              5.9911
            ],
            [
              -75.48166666666667,
              5.9911
            ],
            [
              -75.48166666666667,
              5.990544444444445
            ],
            [
              -75.48083333333334,
              5.990544444444445
            ],
            [
              -75.48083333333334,
              5.990266666666667
            ],
            [
              -75.48055555555555,
              5.990266666666667
            ],
            [
              -75.48055555555555,
              5.989988888888889
            ],
            [
              -75.48027777777779,
              5.989988888888889
            ],
            [
              -75.48027777777779,
              5.989711111111111
            ],
            [
              -75.48,
              5.989711111111111
            ],
            [
              -75.48,
              5.988877777777778
            ],
            [
              -75.48027777777779,
              5.988877777777778
            ],
            [
              -75.48027777777779,
              5.986655555555556
            ],
            [
              -75.48,
              5.986655555555556
            ],
            [
              -75.48,
              5.9861
            ],
            [
              -75.48027777777779,
              5.9861
            ],
            [
              -75.48027777777779,
              5.985544444444445
            ],
            [
              -75.48055555555555,
              5.985544444444445
            ],
            [
              -75.48055555555555,
              5.984988888888889
            ],
            [
              -75.48083333333334,
              5.984988888888889
            ],
            [
              -75.48083333333334,
              5.984711111111111
            ],
            [
              -75.48111111111112,
              5.984711111111111
            ],
            [
              -75.48111111111112,
              5.984155555555556
            ],
            [
              -75.48083333333334,
              5.984155555555556
            ],
            [
              -75.48083333333334,
              5.983877777777778
            ],
            [
              -75.48055555555555,
              5.983877777777778
            ],
            [
              -75.48055555555555,
              5.983322222222222
            ],
            [
              -75.48027777777779,
              5.983322222222222
            ],
            [
              -75.48027777777779,
              5.981377777777778
            ],
            [
              -75.48,
              5.981377777777778
            ],
            [
              -75.48,
              5.980822222222223
            ],
            [
              -75.47972222222222,
              5.980822222222223
            ],
            [
              -75.47972222222222,
              5.979433333333334
            ],
            [
              -75.48,
              5.979433333333334
            ],
            [
              -75.48,
              5.9786
            ],
            [
              -75.47972222222222,
              5.9786
            ],
            [
              -75.47972222222222,
              5.978322222222222
            ],
            [
              -75.47944444444445,
              5.978322222222222
            ],
            [
              -75.47944444444445,
              5.9780444444444445
            ],
            [
              -75.47916666666667,
              5.9780444444444445
            ],
            [
              -75.47916666666667,
              5.977488888888889
            ],
            [
              -75.47833333333334,
              5.977488888888889
            ],
            [
              -75.47833333333334,
              5.977211111111111
            ],
            [
              -75.47805555555556,
              5.977211111111111
            ],
            [
              -75.47805555555556,
              5.976933333333333
            ],
            [
              -75.47722222222222,
              5.976933333333333
            ],
            [
              -75.47722222222222,
              5.976655555555556
            ],
            [
              -75.47361111111111,
              5.976655555555556
            ],
            [
              -75.47361111111111,
              5.976933333333333
            ],
            [
              -75.47333333333334,
              5.976933333333333
            ],
            [
              -75.47333333333334,
              5.977211111111111
            ],
            [
              -75.47194444444445,
              5.977211111111111
            ],
            [
              -75.47194444444445,
              5.976933333333333
            ],
            [
              -75.47166666666666,
              5.976933333333333
            ],
            [
              -75.47166666666666,
              5.976655555555556
            ],
            [
              -75.4713888888889,
              5.976655555555556
            ],
            [
              -75.4713888888889,
              5.975822222222223
            ],
            [
              -75.47111111111111,
              5.975822222222223
            ],
            [
              -75.47111111111111,
              5.975544444444445
            ],
            [
              -75.47027777777778,
              5.975544444444445
            ],
            [
              -75.47027777777778,
              5.975266666666667
            ],
            [
              -75.46944444444445,
              5.975266666666667
            ],
            [
              -75.46944444444445,
              5.975544444444445
            ],
            [
              -75.46861111111112,
              5.975544444444445
            ],
            [
              -75.46861111111112,
              5.975822222222223
            ],
            [
              -75.46833333333333,
              5.975822222222223
            ],
            [
              -75.46833333333333,
              5.976655555555556
            ],
            [
              -75.46805555555557,
              5.976655555555556
            ],
            [
              -75.46805555555557,
              5.977211111111111
            ],
            [
              -75.46777777777778,
              5.977211111111111
            ],
            [
              -75.46777777777778,
              5.977488888888889
            ],
            [
              -75.4675,
              5.977488888888889
            ],
            [
              -75.4675,
              5.977766666666667
            ],
            [
              -75.46722222222222,
              5.977766666666667
            ],
            [
              -75.46722222222222,
              5.9780444444444445
            ],
            [
              -75.46694444444445,
              5.9780444444444445
            ],
            [
              -75.46694444444445,
              5.978322222222222
            ],
            [
              -75.46666666666667,
              5.978322222222222
            ],
            [
              -75.46666666666667,
              5.9786
            ],
            [
              -75.46611111111112,
              5.9786
            ],
            [
              -75.46611111111112,
              5.978877777777778
            ],
            [
              -75.46583333333334,
              5.978877777777778
            ],
            [
              -75.46583333333334,
              5.981377777777778
            ],
            [
              -75.46555555555555,
              5.981377777777778
            ],
            [
              -75.46555555555555,
              5.981655555555556
            ],
            [
              -75.46527777777779,
              5.981655555555556
            ],
            [
              -75.46527777777779,
              5.981933333333334
            ],
            [
              -75.465,
              5.981933333333334
            ],
            [
              -75.465,
              5.982488888888889
            ],
            [
              -75.46472222222222,
              5.982488888888889
            ],
            [
              -75.46472222222222,
              5.982766666666667
            ],
            [
              -75.46444444444445,
              5.982766666666667
            ],
            [
              -75.46444444444445,
              5.983044444444444
            ],
            [
              -75.46416666666667,
              5.983044444444444
            ],
            [
              -75.46416666666667,
              5.983322222222222
            ],
            [
              -75.46388888888889,
              5.983322222222222
            ],
            [
              -75.46388888888889,
              5.9836
            ],
            [
              -75.46361111111112,
              5.9836
            ],
            [
              -75.46361111111112,
              5.983877777777778
            ],
            [
              -75.46333333333334,
              5.983877777777778
            ],
            [
              -75.46333333333334,
              5.984155555555556
            ],
            [
              -75.46305555555556,
              5.984155555555556
            ],
            [
              -75.46305555555556,
              5.9844333333333335
            ],
            [
              -75.46277777777779,
              5.9844333333333335
            ],
            [
              -75.46277777777779,
              5.984711111111111
            ],
            [
              -75.4625,
              5.984711111111111
            ],
            [
              -75.4625,
              5.985266666666667
            ],
            [
              -75.46222222222222,
              5.985266666666667
            ],
            [
              -75.46222222222222,
              5.985544444444445
            ],
            [
              -75.46138888888889,
              5.985544444444445
            ],
            [
              -75.46138888888889,
              5.985822222222223
            ],
            [
              -75.46083333333334,
              5.985822222222223
            ],
            [
              -75.46083333333334,
              5.9861
            ],
            [
              -75.46055555555556,
              5.9861
            ],
            [
              -75.46055555555556,
              5.986377777777778
            ],
            [
              -75.46027777777778,
              5.986377777777778
            ],
            [
              -75.46027777777778,
              5.986655555555556
            ],
            [
              -75.46000000000001,
              5.986655555555556
            ],
            [
              -75.46000000000001,
              5.988044444444444
            ],
            [
              -75.45972222222223,
              5.988044444444444
            ],
            [
              -75.45972222222223,
              5.988322222222222
            ],
            [
              -75.45944444444444,
              5.988322222222222
            ],
            [
              -75.45944444444444,
              5.9886
            ],
            [
              -75.45916666666668,
              5.9886
            ],
            [
              -75.45916666666668,
              5.988877777777778
            ],
            [
              -75.4588888888889,
              5.988877777777778
            ],
            [
              -75.4588888888889,
              5.989155555555556
            ],
            [
              -75.45833333333334,
              5.989155555555556
            ],
            [
              -75.45833333333334,
              5.989433333333333
            ],
            [
              -75.45777777777778,
              5.989433333333333
            ],
            [
              -75.45777777777778,
              5.989711111111111
            ],
            [
              -75.45722222222223,
              5.989711111111111
            ],
            [
              -75.45722222222223,
              5.989988888888889
            ],
            [
              -75.45694444444445,
              5.989988888888889
            ],
            [
              -75.45694444444445,
              5.990544444444445
            ],
            [
              -75.45666666666666,
              5.990544444444445
            ],
            [
              -75.45666666666666,
              5.9908222222222225
            ],
            [
              -75.4563888888889,
              5.9908222222222225
            ],
            [
              -75.4563888888889,
              5.9911
            ],
            [
              -75.45583333333333,
              5.9911
            ],
            [
              -75.45583333333333,
              5.991377777777778
            ],
            [
              -75.45555555555556,
              5.991377777777778
            ],
            [
              -75.45555555555556,
              5.991655555555556
            ],
            [
              -75.455,
              5.991655555555556
            ],
            [
              -75.455,
              5.991933333333334
            ],
            [
              -75.45472222222223,
              5.991933333333334
            ],
            [
              -75.45472222222223,
              5.992211111111112
            ],
            [
              -75.45416666666667,
              5.992211111111112
            ],
            [
              -75.45416666666667,
              5.992766666666667
            ],
            [
              -75.4538888888889,
              5.992766666666667
            ],
            [
              -75.4538888888889,
              5.993322222222222
            ],
            [
              -75.45361111111112,
              5.993322222222222
            ],
            [
              -75.45361111111112,
              5.993600000000001
            ],
            [
              -75.45277777777778,
              5.993600000000001
            ],
            [
              -75.45277777777778,
              5.993322222222222
            ],
            [
              -75.45166666666667,
              5.993322222222222
            ],
            [
              -75.45166666666667,
              5.992766666666667
            ],
            [
              -75.45138888888889,
              5.992766666666667
            ],
            [
              -75.45138888888889,
              5.992488888888889
            ],
            [
              -75.45111111111112,
              5.992488888888889
            ],
            [
              -75.45111111111112,
              5.992211111111112
            ],
            [
              -75.45027777777779,
              5.992211111111112
            ],
            [
              -75.45027777777779,
              5.991933333333334
            ],
            [
              -75.45,
              5.991933333333334
            ],
            [
              -75.45,
              5.991655555555556
            ],
            [
              -75.44916666666667,
              5.991655555555556
            ],
            [
              -75.44916666666667,
              5.991377777777778
            ],
            [
              -75.44888888888889,
              5.991377777777778
            ],
            [
              -75.44888888888889,
              5.9911
            ],
            [
              -75.44833333333334,
              5.9911
            ],
            [
              -75.44833333333334,
              5.991377777777778
            ],
            [
              -75.44722222222222,
              5.991377777777778
            ],
            [
              -75.44722222222222,
              5.991655555555556
            ],
            [
              -75.44666666666667,
              5.991655555555556
            ],
            [
              -75.44666666666667,
              5.991933333333334
            ],
            [
              -75.44583333333334,
              5.991933333333334
            ],
            [
              -75.44583333333334,
              5.992211111111112
            ],
            [
              -75.44527777777778,
              5.992211111111112
            ],
            [
              -75.44527777777778,
              5.991933333333334
            ],
            [
              -75.44416666666667,
              5.991933333333334
            ],
            [
              -75.44416666666667,
              5.991655555555556
            ],
            [
              -75.44222222222223,
              5.991655555555556
            ],
            [
              -75.44222222222223,
              5.9911
            ],
            [
              -75.44194444444445,
              5.9911
            ],
            [
              -75.44194444444445,
              5.990544444444445
            ],
            [
              -75.44166666666668,
              5.990544444444445
            ],
            [
              -75.44166666666668,
              5.990266666666667
            ],
            [
              -75.44194444444445,
              5.990266666666667
            ],
            [
              -75.44194444444445,
              5.988044444444444
            ],
            [
              -75.44166666666668,
              5.988044444444444
            ],
            [
              -75.44166666666668,
              5.987766666666667
            ],
            [
              -75.44111111111111,
              5.987766666666667
            ],
            [
              -75.44111111111111,
              5.987211111111112
            ],
            [
              -75.44083333333333,
              5.987211111111112
            ],
            [
              -75.44083333333333,
              5.985822222222223
            ],
            [
              -75.44055555555556,
              5.985822222222223
            ],
            [
              -75.44055555555556,
              5.984988888888889
            ],
            [
              -75.44027777777778,
              5.984988888888889
            ],
            [
              -75.44027777777778,
              5.983044444444444
            ],
            [
              -75.44,
              5.983044444444444
            ],
            [
              -75.44,
              5.982766666666667
            ],
            [
              -75.43972222222223,
              5.982766666666667
            ],
            [
              -75.43972222222223,
              5.982488888888889
            ],
            [
              -75.43944444444445,
              5.982488888888889
            ],
            [
              -75.43944444444445,
              5.982211111111111
            ],
            [
              -75.43916666666667,
              5.982211111111111
            ],
            [
              -75.43916666666667,
              5.981933333333334
            ],
            [
              -75.43944444444445,
              5.981933333333334
            ],
            [
              -75.43944444444445,
              5.9811000000000005
            ],
            [
              -75.4388888888889,
              5.9811000000000005
            ],
            [
              -75.4388888888889,
              5.980544444444445
            ],
            [
              -75.43861111111111,
              5.980544444444445
            ],
            [
              -75.43861111111111,
              5.980266666666667
            ],
            [
              -75.43777777777778,
              5.980266666666667
            ],
            [
              -75.43777777777778,
              5.979988888888889
            ],
            [
              -75.43722222222223,
              5.979988888888889
            ],
            [
              -75.43722222222223,
              5.979711111111111
            ],
            [
              -75.43694444444445,
              5.979711111111111
            ],
            [
              -75.43694444444445,
              5.979433333333334
            ],
            [
              -75.43611111111112,
              5.979433333333334
            ],
            [
              -75.43611111111112,
              5.979155555555556
            ],
            [
              -75.43555555555555,
              5.979155555555556
            ],
            [
              -75.43555555555555,
              5.977766666666667
            ],
            [
              -75.43416666666667,
              5.977766666666667
            ],
            [
              -75.43416666666667,
              5.9780444444444445
            ],
            [
              -75.43388888888889,
              5.9780444444444445
            ],
            [
              -75.43388888888889,
              5.978322222222222
            ],
            [
              -75.43361111111112,
              5.978322222222222
            ],
            [
              -75.43361111111112,
              5.9786
            ],
            [
              -75.43305555555555,
              5.9786
            ],
            [
              -75.43305555555555,
              5.978877777777778
            ],
            [
              -75.43222222222222,
              5.978877777777778
            ],
            [
              -75.43222222222222,
              5.979155555555556
            ],
            [
              -75.43166666666667,
              5.979155555555556
            ],
            [
              -75.43166666666667,
              5.979433333333334
            ],
            [
              -75.43138888888889,
              5.979433333333334
            ],
            [
              -75.43138888888889,
              5.979988888888889
            ],
            [
              -75.43111111111111,
              5.979988888888889
            ],
            [
              -75.43111111111111,
              5.980266666666667
            ],
            [
              -75.43083333333334,
              5.980266666666667
            ],
            [
              -75.43083333333334,
              5.980544444444445
            ],
            [
              -75.43055555555556,
              5.980544444444445
            ],
            [
              -75.43055555555556,
              5.979988888888889
            ],
            [
              -75.43027777777777,
              5.979988888888889
            ],
            [
              -75.43027777777777,
              5.979711111111111
            ],
            [
              -75.42888888888889,
              5.979711111111111
            ],
            [
              -75.42888888888889,
              5.979433333333334
            ],
            [
              -75.42833333333334,
              5.979433333333334
            ],
            [
              -75.42833333333334,
              5.978877777777778
            ],
            [
              -75.42805555555556,
              5.978877777777778
            ],
            [
              -75.42805555555556,
              5.9786
            ],
            [
              -75.42722222222223,
              5.9786
            ],
            [
              -75.42722222222223,
              5.978322222222222
            ],
            [
              -75.42583333333333,
              5.978322222222222
            ],
            [
              -75.42583333333333,
              5.9780444444444445
            ],
            [
              -75.42416666666666,
              5.9780444444444445
            ],
            [
              -75.42416666666666,
              5.977766666666667
            ],
            [
              -75.42333333333333,
              5.977766666666667
            ],
            [
              -75.42333333333333,
              5.977488888888889
            ],
            [
              -75.42305555555556,
              5.977488888888889
            ],
            [
              -75.42305555555556,
              5.977211111111111
            ],
            [
              -75.42277777777778,
              5.977211111111111
            ],
            [
              -75.42277777777778,
              5.976933333333333
            ],
            [
              -75.4225,
              5.976933333333333
            ],
            [
              -75.4225,
              5.976100000000001
            ],
            [
              -75.42194444444445,
              5.976100000000001
            ],
            [
              -75.42194444444445,
              5.975822222222223
            ],
            [
              -75.41916666666667,
              5.975822222222223
            ],
            [
              -75.41916666666667,
              5.977488888888889
            ],
            [
              -75.41888888888889,
              5.977488888888889
            ],
            [
              -75.41888888888889,
              5.977766666666667
            ],
            [
              -75.41861111111112,
              5.977766666666667
            ],
            [
              -75.41861111111112,
              5.9780444444444445
            ],
            [
              -75.41833333333334,
              5.9780444444444445
            ],
            [
              -75.41833333333334,
              5.978322222222222
            ],
            [
              -75.41805555555555,
              5.978322222222222
            ],
            [
              -75.41805555555555,
              5.9786
            ],
            [
              -75.41833333333334,
              5.9786
            ],
            [
              -75.41833333333334,
              5.980822222222223
            ],
            [
              -75.41888888888889,
              5.980822222222223
            ],
            [
              -75.41888888888889,
              5.981377777777778
            ],
            [
              -75.41861111111112,
              5.981377777777778
            ],
            [
              -75.41861111111112,
              5.981655555555556
            ],
            [
              -75.41833333333334,
              5.981655555555556
            ],
            [
              -75.41833333333334,
              5.981933333333334
            ],
            [
              -75.4175,
              5.981933333333334
            ],
            [
              -75.4175,
              5.981655555555556
            ],
            [
              -75.41722222222222,
              5.981655555555556
            ],
            [
              -75.41722222222222,
              5.981933333333334
            ],
            [
              -75.41666666666667,
              5.981933333333334
            ],
            [
              -75.41666666666667,
              5.982211111111111
            ],
            [
              -75.41611111111112,
              5.982211111111111
            ],
            [
              -75.41611111111112,
              5.982766666666667
            ],
            [
              -75.41583333333334,
              5.982766666666667
            ],
            [
              -75.41583333333334,
              5.983044444444444
            ],
            [
              -75.41555555555556,
              5.983044444444444
            ],
            [
              -75.41555555555556,
              5.983322222222222
            ],
            [
              -75.41527777777777,
              5.983322222222222
            ],
            [
              -75.41527777777777,
              5.9844333333333335
            ],
            [
              -75.415,
              5.9844333333333335
            ],
            [
              -75.415,
              5.984711111111111
            ],
            [
              -75.41472222222222,
              5.984711111111111
            ],
            [
              -75.41472222222222,
              5.984988888888889
            ],
            [
              -75.41444444444444,
              5.984988888888889
            ],
            [
              -75.41444444444444,
              5.985266666666667
            ],
            [
              -75.41416666666667,
              5.985266666666667
            ],
            [
              -75.41416666666667,
              5.985544444444445
            ],
            [
              -75.41388888888889,
              5.985544444444445
            ],
            [
              -75.41388888888889,
              5.985822222222223
            ],
            [
              -75.41361111111111,
              5.985822222222223
            ],
            [
              -75.41361111111111,
              5.9861
            ],
            [
              -75.41305555555556,
              5.9861
            ],
            [
              -75.41305555555556,
              5.986377777777778
            ],
            [
              -75.41277777777778,
              5.986377777777778
            ],
            [
              -75.41277777777778,
              5.986655555555556
            ],
            [
              -75.41250000000001,
              5.986655555555556
            ],
            [
              -75.41250000000001,
              5.986933333333334
            ],
            [
              -75.41222222222223,
              5.986933333333334
            ],
            [
              -75.41222222222223,
              5.987211111111112
            ],
            [
              -75.41194444444444,
              5.987211111111112
            ],
            [
              -75.41194444444444,
              5.987488888888889
            ],
            [
              -75.41250000000001,
              5.987488888888889
            ],
            [
              -75.41250000000001,
              5.987766666666667
            ],
            [
              -75.41277777777778,
              5.987766666666667
            ],
            [
              -75.41277777777778,
              5.988322222222222
            ],
            [
              -75.41250000000001,
              5.988322222222222
            ],
            [
              -75.41250000000001,
              5.9886
            ],
            [
              -75.41222222222223,
              5.9886
            ],
            [
              -75.41222222222223,
              5.988877777777778
            ],
            [
              -75.41194444444444,
              5.988877777777778
            ],
            [
              -75.41194444444444,
              5.989155555555556
            ],
            [
              -75.41055555555556,
              5.989155555555556
            ],
            [
              -75.41055555555556,
              5.989433333333333
            ],
            [
              -75.41027777777778,
              5.989433333333333
            ],
            [
              -75.41027777777778,
              5.989988888888889
            ],
            [
              -75.41,
              5.989988888888889
            ],
            [
              -75.41,
              5.9911
            ],
            [
              -75.40972222222223,
              5.9911
            ],
            [
              -75.40972222222223,
              5.9908222222222225
            ],
            [
              -75.40916666666666,
              5.9908222222222225
            ],
            [
              -75.40916666666666,
              5.9911
            ],
            [
              -75.4088888888889,
              5.9911
            ],
            [
              -75.4088888888889,
              5.991377777777778
            ],
            [
              -75.40861111111111,
              5.991377777777778
            ],
            [
              -75.40861111111111,
              5.991933333333334
            ],
            [
              -75.40833333333333,
              5.991933333333334
            ],
            [
              -75.40833333333333,
              5.992211111111112
            ],
            [
              -75.40805555555556,
              5.992211111111112
            ],
            [
              -75.40805555555556,
              5.992488888888889
            ],
            [
              -75.40722222222223,
              5.992488888888889
            ],
            [
              -75.40722222222223,
              5.992766666666667
            ],
            [
              -75.40694444444445,
              5.992766666666667
            ],
            [
              -75.40694444444445,
              5.993044444444445
            ],
            [
              -75.40666666666667,
              5.993044444444445
            ],
            [
              -75.40666666666667,
              5.993322222222222
            ],
            [
              -75.40611111111112,
              5.993322222222222
            ],
            [
              -75.40611111111112,
              5.994711111111111
            ],
            [
              -75.4063888888889,
              5.994711111111111
            ],
            [
              -75.4063888888889,
              5.995266666666667
            ],
            [
              -75.40583333333333,
              5.995266666666667
            ],
            [
              -75.40583333333333,
              5.995544444444445
            ],
            [
              -75.40555555555557,
              5.995544444444445
            ],
            [
              -75.40555555555557,
              5.995822222222222
            ],
            [
              -75.40527777777778,
              5.995822222222222
            ],
            [
              -75.40527777777778,
              5.9961
            ],
            [
              -75.40416666666667,
              5.9961
            ],
            [
              -75.40416666666667,
              5.996377777777778
            ],
            [
              -75.40388888888889,
              5.996377777777778
            ],
            [
              -75.40388888888889,
              5.996655555555556
            ],
            [
              -75.4025,
              5.996655555555556
            ],
            [
              -75.4025,
              5.997488888888889
            ],
            [
              -75.40222222222222,
              5.997488888888889
            ],
            [
              -75.40222222222222,
              5.999433333333334
            ],
            [
              -75.40194444444445,
              5.999433333333334
            ],
            [
              -75.40194444444445,
              6.0005444444444445
            ],
            [
              -75.40166666666667,
              6.0005444444444445
            ],
            [
              -75.40166666666667,
              6.000822222222222
            ],
            [
              -75.40138888888889,
              6.000822222222222
            ],
            [
              -75.40138888888889,
              6.001933333333334
            ],
            [
              -75.40111111111112,
              6.001933333333334
            ],
            [
              -75.40111111111112,
              6.002211111111111
            ],
            [
              -75.40083333333334,
              6.002211111111111
            ],
            [
              -75.40083333333334,
              6.002488888888889
            ],
            [
              -75.40027777777779,
              6.002488888888889
            ],
            [
              -75.40027777777779,
              6.002766666666667
            ],
            [
              -75.4,
              6.002766666666667
            ],
            [
              -75.4,
              6.003044444444445
            ],
            [
              -75.39916666666667,
              6.003044444444445
            ],
            [
              -75.39916666666667,
              6.002766666666667
            ],
            [
              -75.39888888888889,
              6.002766666666667
            ],
            [
              -75.39888888888889,
              6.002488888888889
            ],
            [
              -75.39861111111111,
              6.002488888888889
            ],
            [
              -75.39861111111111,
              6.002211111111111
            ],
            [
              -75.39833333333334,
              6.002211111111111
            ],
            [
              -75.39833333333334,
              6.001933333333334
            ],
            [
              -75.39777777777778,
              6.001933333333334
            ],
            [
              -75.39777777777778,
              6.001655555555556
            ],
            [
              -75.39750000000001,
              6.001655555555556
            ],
            [
              -75.39750000000001,
              6.001377777777778
            ],
            [
              -75.39722222222223,
              6.001377777777778
            ],
            [
              -75.39722222222223,
              6.000822222222222
            ],
            [
              -75.39694444444444,
              6.000822222222222
            ],
            [
              -75.39694444444444,
              5.999433333333334
            ],
            [
              -75.39722222222223,
              5.999433333333334
            ],
            [
              -75.39722222222223,
              5.999155555555555
            ],
            [
              -75.39694444444444,
              5.999155555555555
            ],
            [
              -75.39694444444444,
              5.998877777777778
            ],
            [
              -75.39666666666668,
              5.998877777777778
            ],
            [
              -75.39666666666668,
              5.998600000000001
            ],
            [
              -75.3963888888889,
              5.998600000000001
            ],
            [
              -75.3963888888889,
              5.998322222222223
            ],
            [
              -75.39555555555556,
              5.998322222222223
            ],
            [
              -75.39555555555556,
              5.998044444444445
            ],
            [
              -75.39527777777778,
              5.998044444444445
            ],
            [
              -75.39527777777778,
              5.997488888888889
            ],
            [
              -75.39277777777778,
              5.997488888888889
            ],
            [
              -75.39277777777778,
              5.996933333333334
            ],
            [
              -75.39222222222223,
              5.996933333333334
            ],
            [
              -75.39222222222223,
              5.996655555555556
            ],
            [
              -75.39194444444445,
              5.996655555555556
            ],
            [
              -75.39194444444445,
              5.996377777777778
            ],
            [
              -75.3913888888889,
              5.996377777777778
            ],
            [
              -75.3913888888889,
              5.9961
            ],
            [
              -75.39083333333333,
              5.9961
            ],
            [
              -75.39083333333333,
              5.995822222222222
            ],
            [
              -75.39055555555557,
              5.995822222222222
            ],
            [
              -75.39055555555557,
              5.995544444444445
            ],
            [
              -75.38916666666667,
              5.995544444444445
            ],
            [
              -75.38916666666667,
              5.995266666666667
            ],
            [
              -75.38777777777779,
              5.995266666666667
            ],
            [
              -75.38777777777779,
              5.9972111111111115
            ],
            [
              -75.38722222222222,
              5.9972111111111115
            ],
            [
              -75.38722222222222,
              5.997488888888889
            ],
            [
              -75.38583333333334,
              5.997488888888889
            ],
            [
              -75.38583333333334,
              5.997766666666667
            ],
            [
              -75.38555555555556,
              5.997766666666667
            ],
            [
              -75.38555555555556,
              5.998322222222223
            ],
            [
              -75.38527777777779,
              5.998322222222223
            ],
            [
              -75.38527777777779,
              5.999155555555555
            ],
            [
              -75.385,
              5.999155555555555
            ],
            [
              -75.385,
              5.999433333333334
            ],
            [
              -75.38388888888889,
              5.999433333333334
            ],
            [
              -75.38388888888889,
              5.999711111111111
            ],
            [
              -75.38305555555556,
              5.999711111111111
            ],
            [
              -75.38305555555556,
              5.999988888888889
            ],
            [
              -75.38250000000001,
              5.999988888888889
            ],
            [
              -75.38250000000001,
              6.000266666666667
            ],
            [
              -75.38222222222223,
              6.000266666666667
            ],
            [
              -75.38222222222223,
              6.0005444444444445
            ],
            [
              -75.38194444444444,
              6.0005444444444445
            ],
            [
              -75.38194444444444,
              6.000822222222222
            ],
            [
              -75.38083333333334,
              6.000822222222222
            ],
            [
              -75.38083333333334,
              6.0005444444444445
            ],
            [
              -75.38027777777778,
              6.0005444444444445
            ],
            [
              -75.38027777777778,
              6.000822222222222
            ],
            [
              -75.38000000000001,
              6.000822222222222
            ],
            [
              -75.38000000000001,
              6.001655555555556
            ],
            [
              -75.37972222222223,
              6.001655555555556
            ],
            [
              -75.37972222222223,
              6.001933333333334
            ],
            [
              -75.37916666666668,
              6.001933333333334
            ],
            [
              -75.37916666666668,
              6.002211111111111
            ],
            [
              -75.3788888888889,
              6.002211111111111
            ],
            [
              -75.3788888888889,
              6.002488888888889
            ],
            [
              -75.37861111111111,
              6.002488888888889
            ],
            [
              -75.37861111111111,
              6.004433333333334
            ],
            [
              -75.37805555555556,
              6.004433333333334
            ],
            [
              -75.37805555555556,
              6.004711111111112
            ],
            [
              -75.3775,
              6.004711111111112
            ],
            [
              -75.3775,
              6.0052666666666665
            ],
            [
              -75.37722222222223,
              6.0052666666666665
            ],
            [
              -75.37722222222223,
              6.005544444444444
            ],
            [
              -75.37694444444445,
              6.005544444444444
            ],
            [
              -75.37694444444445,
              6.006655555555556
            ],
            [
              -75.37722222222223,
              6.006655555555556
            ],
            [
              -75.37722222222223,
              6.009155555555556
            ],
            [
              -75.37694444444445,
              6.009155555555556
            ],
            [
              -75.37694444444445,
              6.009433333333334
            ],
            [
              -75.37666666666667,
              6.009433333333334
            ],
            [
              -75.37666666666667,
              6.009711111111112
            ],
            [
              -75.3763888888889,
              6.009711111111112
            ],
            [
              -75.3763888888889,
              6.0099888888888895
            ],
            [
              -75.37611111111111,
              6.0099888888888895
            ],
            [
              -75.37611111111111,
              6.010544444444445
            ],
            [
              -75.37555555555556,
              6.010544444444445
            ],
            [
              -75.37555555555556,
              6.0111
            ],
            [
              -75.37527777777778,
              6.0111
            ],
            [
              -75.37527777777778,
              6.011933333333333
            ],
            [
              -75.375,
              6.011933333333333
            ],
            [
              -75.375,
              6.012488888888889
            ],
            [
              -75.37472222222223,
              6.012488888888889
            ],
            [
              -75.37472222222223,
              6.012766666666667
            ],
            [
              -75.37444444444445,
              6.012766666666667
            ],
            [
              -75.37444444444445,
              6.013044444444445
            ],
            [
              -75.37416666666667,
              6.013044444444445
            ],
            [
              -75.37416666666667,
              6.0136
            ],
            [
              -75.3738888888889,
              6.0136
            ],
            [
              -75.3738888888889,
              6.014155555555556
            ],
            [
              -75.37361111111112,
              6.014155555555556
            ],
            [
              -75.37361111111112,
              6.014433333333334
            ],
            [
              -75.37333333333333,
              6.014433333333334
            ],
            [
              -75.37333333333333,
              6.014711111111112
            ],
            [
              -75.37277777777778,
              6.014711111111112
            ],
            [
              -75.37277777777778,
              6.014988888888889
            ],
            [
              -75.3725,
              6.014988888888889
            ],
            [
              -75.3725,
              6.015266666666667
            ],
            [
              -75.37194444444445,
              6.015266666666667
            ],
            [
              -75.37194444444445,
              6.015544444444445
            ],
            [
              -75.37166666666667,
              6.015544444444445
            ],
            [
              -75.37166666666667,
              6.015822222222223
            ],
            [
              -75.37138888888889,
              6.015822222222223
            ],
            [
              -75.37138888888889,
              6.0161
            ],
            [
              -75.37055555555555,
              6.0161
            ],
            [
              -75.37055555555555,
              6.0163777777777785
            ],
            [
              -75.37027777777779,
              6.0163777777777785
            ],
            [
              -75.37027777777779,
              6.016655555555555
            ],
            [
              -75.37,
              6.016655555555555
            ],
            [
              -75.37,
              6.0163777777777785
            ],
            [
              -75.36972222222222,
              6.0163777777777785
            ],
            [
              -75.36972222222222,
              6.015822222222223
            ],
            [
              -75.36944444444445,
              6.015822222222223
            ],
            [
              -75.36944444444445,
              6.015544444444445
            ],
            [
              -75.36888888888889,
              6.015544444444445
            ],
            [
              -75.36888888888889,
              6.015266666666667
            ],
            [
              -75.36638888888889,
              6.015266666666667
            ],
            [
              -75.36638888888889,
              6.015544444444445
            ],
            [
              -75.36611111111111,
              6.015544444444445
            ],
            [
              -75.36611111111111,
              6.015822222222223
            ],
            [
              -75.36638888888889,
              6.015822222222223
            ],
            [
              -75.36638888888889,
              6.016933333333333
            ],
            [
              -75.36666666666667,
              6.016933333333333
            ],
            [
              -75.36666666666667,
              6.017766666666667
            ],
            [
              -75.36638888888889,
              6.017766666666667
            ],
            [
              -75.36638888888889,
              6.0180444444444445
            ],
            [
              -75.36611111111111,
              6.0180444444444445
            ],
            [
              -75.36611111111111,
              6.018322222222222
            ],
            [
              -75.36583333333334,
              6.018322222222222
            ],
            [
              -75.36583333333334,
              6.018877777777778
            ],
            [
              -75.36611111111111,
              6.018877777777778
            ],
            [
              -75.36611111111111,
              6.019988888888889
            ],
            [
              -75.36638888888889,
              6.019988888888889
            ],
            [
              -75.36638888888889,
              6.020266666666667
            ],
            [
              -75.36611111111111,
              6.020266666666667
            ],
            [
              -75.36611111111111,
              6.020822222222223
            ],
            [
              -75.36638888888889,
              6.020822222222223
            ],
            [
              -75.36638888888889,
              6.021655555555556
            ],
            [
              -75.36611111111111,
              6.021655555555556
            ],
            [
              -75.36611111111111,
              6.022211111111112
            ],
            [
              -75.36583333333334,
              6.022211111111112
            ],
            [
              -75.36583333333334,
              6.0236
            ],
            [
              -75.36555555555556,
              6.0236
            ],
            [
              -75.36555555555556,
              6.024155555555556
            ],
            [
              -75.36500000000001,
              6.024155555555556
            ],
            [
              -75.36500000000001,
              6.024711111111111
            ],
            [
              -75.36472222222223,
              6.024711111111111
            ],
            [
              -75.36472222222223,
              6.024988888888889
            ],
            [
              -75.36416666666668,
              6.024988888888889
            ],
            [
              -75.36416666666668,
              6.025266666666667
            ],
            [
              -75.36333333333333,
              6.025266666666667
            ],
            [
              -75.36333333333333,
              6.025822222222223
            ],
            [
              -75.36305555555556,
              6.025822222222223
            ],
            [
              -75.36305555555556,
              6.0261000000000005
            ],
            [
              -75.36277777777778,
              6.0261000000000005
            ],
            [
              -75.36277777777778,
              6.026933333333334
            ],
            [
              -75.36305555555556,
              6.026933333333334
            ],
            [
              -75.36305555555556,
              6.0277666666666665
            ],
            [
              -75.36277777777778,
              6.0277666666666665
            ],
            [
              -75.36277777777778,
              6.029155555555556
            ],
            [
              -75.3625,
              6.029155555555556
            ],
            [
              -75.3625,
              6.029711111111111
            ],
            [
              -75.36222222222223,
              6.029711111111111
            ],
            [
              -75.36222222222223,
              6.029988888888889
            ],
            [
              -75.3613888888889,
              6.029988888888889
            ],
            [
              -75.3613888888889,
              6.030266666666667
            ],
            [
              -75.36111111111111,
              6.030266666666667
            ],
            [
              -75.36111111111111,
              6.0308222222222225
            ],
            [
              -75.36083333333333,
              6.0308222222222225
            ],
            [
              -75.36083333333333,
              6.0311
            ],
            [
              -75.35777777777778,
              6.0311
            ],
            [
              -75.35777777777778,
              6.031377777777778
            ],
            [
              -75.35722222222222,
              6.031377777777778
            ],
            [
              -75.35722222222222,
              6.031655555555556
            ],
            [
              -75.35638888888889,
              6.031655555555556
            ],
            [
              -75.35638888888889,
              6.031933333333334
            ],
            [
              -75.35583333333334,
              6.031933333333334
            ],
            [
              -75.35583333333334,
              6.032211111111112
            ],
            [
              -75.35527777777779,
              6.032211111111112
            ],
            [
              -75.35527777777779,
              6.0324888888888895
            ],
            [
              -75.35361111111112,
              6.0324888888888895
            ],
            [
              -75.35361111111112,
              6.032766666666667
            ],
            [
              -75.35333333333334,
              6.032766666666667
            ],
            [
              -75.35333333333334,
              6.033044444444444
            ],
            [
              -75.35277777777777,
              6.033044444444444
            ],
            [
              -75.35277777777777,
              6.033322222222223
            ],
            [
              -75.3525,
              6.033322222222223
            ],
            [
              -75.3525,
              6.033877777777778
            ],
            [
              -75.35222222222222,
              6.033877777777778
            ],
            [
              -75.35222222222222,
              6.034711111111111
            ],
            [
              -75.35194444444444,
              6.034711111111111
            ],
            [
              -75.35194444444444,
              6.034988888888889
            ],
            [
              -75.35222222222222,
              6.034988888888889
            ],
            [
              -75.35222222222222,
              6.035822222222222
            ],
            [
              -75.35194444444444,
              6.035822222222222
            ],
            [
              -75.35194444444444,
              6.0361
            ],
            [
              -75.35166666666667,
              6.0361
            ],
            [
              -75.35166666666667,
              6.037488888888889
            ],
            [
              -75.35138888888889,
              6.037488888888889
            ],
            [
              -75.35138888888889,
              6.038044444444445
            ],
            [
              -75.35111111111111,
              6.038044444444445
            ],
            [
              -75.35111111111111,
              6.038600000000001
            ],
            [
              -75.35055555555556,
              6.038600000000001
            ],
            [
              -75.35055555555556,
              6.038877777777778
            ],
            [
              -75.35027777777778,
              6.038877777777778
            ],
            [
              -75.35027777777778,
              6.039433333333333
            ],
            [
              -75.34972222222223,
              6.039433333333333
            ],
            [
              -75.34972222222223,
              6.039988888888889
            ],
            [
              -75.34944444444444,
              6.039988888888889
            ],
            [
              -75.34944444444444,
              6.0405444444444445
            ],
            [
              -75.34861111111111,
              6.0405444444444445
            ],
            [
              -75.34861111111111,
              6.040822222222222
            ],
            [
              -75.34833333333334,
              6.040822222222222
            ],
            [
              -75.34833333333334,
              6.0411
            ],
            [
              -75.34805555555556,
              6.0411
            ],
            [
              -75.34805555555556,
              6.041655555555556
            ],
            [
              -75.34777777777778,
              6.041655555555556
            ],
            [
              -75.34777777777778,
              6.042488888888889
            ],
            [
              -75.3475,
              6.042488888888889
            ],
            [
              -75.3475,
              6.044433333333334
            ],
            [
              -75.34777777777778,
              6.044433333333334
            ],
            [
              -75.34777777777778,
              6.045544444444444
            ],
            [
              -75.3475,
              6.045544444444444
            ],
            [
              -75.3475,
              6.045822222222222
            ],
            [
              -75.34722222222223,
              6.045822222222222
            ],
            [
              -75.34722222222223,
              6.0461
            ],
            [
              -75.3463888888889,
              6.0461
            ],
            [
              -75.3463888888889,
              6.045822222222222
            ],
            [
              -75.34611111111111,
              6.045822222222222
            ],
            [
              -75.34611111111111,
              6.045544444444444
            ],
            [
              -75.345,
              6.045544444444444
            ],
            [
              -75.345,
              6.045822222222222
            ],
            [
              -75.34444444444445,
              6.045822222222222
            ],
            [
              -75.34444444444445,
              6.045544444444444
            ],
            [
              -75.34361111111112,
              6.045544444444444
            ],
            [
              -75.34361111111112,
              6.045266666666667
            ],
            [
              -75.34333333333333,
              6.045266666666667
            ],
            [
              -75.34333333333333,
              6.044711111111111
            ],
            [
              -75.34277777777778,
              6.044711111111111
            ],
            [
              -75.34277777777778,
              6.044433333333334
            ],
            [
              -75.34194444444445,
              6.044433333333334
            ],
            [
              -75.34194444444445,
              6.044155555555556
            ],
            [
              -75.34138888888889,
              6.044155555555556
            ],
            [
              -75.34138888888889,
              6.043877777777778
            ],
            [
              -75.34111111111112,
              6.043877777777778
            ],
            [
              -75.34111111111112,
              6.0436000000000005
            ],
            [
              -75.34083333333334,
              6.0436000000000005
            ],
            [
              -75.34083333333334,
              6.043877777777778
            ],
            [
              -75.33944444444445,
              6.043877777777778
            ],
            [
              -75.33944444444445,
              6.044155555555556
            ],
            [
              -75.33916666666667,
              6.044155555555556
            ],
            [
              -75.33916666666667,
              6.043877777777778
            ],
            [
              -75.33888888888889,
              6.043877777777778
            ],
            [
              -75.33888888888889,
              6.0436000000000005
            ],
            [
              -75.33861111111112,
              6.0436000000000005
            ],
            [
              -75.33861111111112,
              6.043044444444445
            ],
            [
              -75.33833333333334,
              6.043044444444445
            ],
            [
              -75.33833333333334,
              6.042766666666667
            ],
            [
              -75.33805555555556,
              6.042766666666667
            ],
            [
              -75.33805555555556,
              6.042488888888889
            ],
            [
              -75.33777777777779,
              6.042488888888889
            ],
            [
              -75.33777777777779,
              6.041933333333334
            ],
            [
              -75.33805555555556,
              6.041933333333334
            ],
            [
              -75.33805555555556,
              6.041655555555556
            ],
            [
              -75.33833333333334,
              6.041655555555556
            ],
            [
              -75.33833333333334,
              6.0411
            ],
            [
              -75.33888888888889,
              6.0411
            ],
            [
              -75.33888888888889,
              6.040822222222222
            ],
            [
              -75.33833333333334,
              6.040822222222222
            ],
            [
              -75.33833333333334,
              6.040266666666667
            ],
            [
              -75.33805555555556,
              6.040266666666667
            ],
            [
              -75.33805555555556,
              6.039988888888889
            ],
            [
              -75.33694444444444,
              6.039988888888889
            ],
            [
              -75.33694444444444,
              6.039711111111111
            ],
            [
              -75.33666666666667,
              6.039711111111111
            ],
            [
              -75.33666666666667,
              6.039433333333333
            ],
            [
              -75.33638888888889,
              6.039433333333333
            ],
            [
              -75.33638888888889,
              6.039155555555556
            ],
            [
              -75.33583333333334,
              6.039155555555556
            ],
            [
              -75.33583333333334,
              6.038322222222223
            ],
            [
              -75.33527777777778,
              6.038322222222223
            ],
            [
              -75.33527777777778,
              6.038044444444445
            ],
            [
              -75.33444444444444,
              6.038044444444445
            ],
            [
              -75.33444444444444,
              6.038322222222223
            ],
            [
              -75.33416666666668,
              6.038322222222223
            ],
            [
              -75.33416666666668,
              6.038044444444445
            ],
            [
              -75.3338888888889,
              6.038044444444445
            ],
            [
              -75.3338888888889,
              6.038322222222223
            ],
            [
              -75.33333333333334,
              6.038322222222223
            ],
            [
              -75.33333333333334,
              6.037766666666667
            ],
            [
              -75.33305555555556,
              6.037766666666667
            ],
            [
              -75.33305555555556,
              6.0372111111111115
            ],
            [
              -75.33222222222223,
              6.0372111111111115
            ],
            [
              -75.33222222222223,
              6.036933333333334
            ],
            [
              -75.33111111111111,
              6.036933333333334
            ],
            [
              -75.33111111111111,
              6.036655555555556
            ],
            [
              -75.33055555555556,
              6.036655555555556
            ],
            [
              -75.33055555555556,
              6.036377777777778
            ],
            [
              -75.33027777777778,
              6.036377777777778
            ],
            [
              -75.33027777777778,
              6.0361
            ],
            [
              -75.33,
              6.0361
            ],
            [
              -75.33,
              6.035822222222222
            ],
            [
              -75.32944444444445,
              6.035822222222222
            ],
            [
              -75.32944444444445,
              6.035544444444445
            ],
            [
              -75.32861111111112,
              6.035544444444445
            ],
            [
              -75.32861111111112,
              6.035266666666667
            ],
            [
              -75.32805555555557,
              6.035266666666667
            ],
            [
              -75.32805555555557,
              6.034988888888889
            ],
            [
              -75.32777777777778,
              6.034988888888889
            ],
            [
              -75.32777777777778,
              6.034711111111111
            ],
            [
              -75.32694444444445,
              6.034711111111111
            ],
            [
              -75.32694444444445,
              6.034433333333333
            ],
            [
              -75.32666666666667,
              6.034433333333333
            ],
            [
              -75.32666666666667,
              6.0341555555555555
            ],
            [
              -75.32472222222222,
              6.0341555555555555
            ],
            [
              -75.32472222222222,
              6.034433333333333
            ],
            [
              -75.32416666666667,
              6.034433333333333
            ],
            [
              -75.32416666666667,
              6.034988888888889
            ],
            [
              -75.3225,
              6.034988888888889
            ],
            [
              -75.3225,
              6.035266666666667
            ],
            [
              -75.32194444444445,
              6.035266666666667
            ],
            [
              -75.32194444444445,
              6.035544444444445
            ],
            [
              -75.32138888888889,
              6.035544444444445
            ],
            [
              -75.32138888888889,
              6.035822222222222
            ],
            [
              -75.32083333333334,
              6.035822222222222
            ],
            [
              -75.32083333333334,
              6.035266666666667
            ],
            [
              -75.31916666666667,
              6.035266666666667
            ],
            [
              -75.31916666666667,
              6.034988888888889
            ],
            [
              -75.31888888888889,
              6.034988888888889
            ],
            [
              -75.31888888888889,
              6.035266666666667
            ],
            [
              -75.31833333333334,
              6.035266666666667
            ],
            [
              -75.31833333333334,
              6.035544444444445
            ],
            [
              -75.3163888888889,
              6.035544444444445
            ],
            [
              -75.3163888888889,
              6.035822222222222
            ],
            [
              -75.315,
              6.035822222222222
            ],
            [
              -75.315,
              6.0361
            ],
            [
              -75.31472222222223,
              6.0361
            ],
            [
              -75.31472222222223,
              6.036377777777778
            ],
            [
              -75.31194444444445,
              6.036377777777778
            ],
            [
              -75.31194444444445,
              6.0361
            ],
            [
              -75.31166666666667,
              6.0361
            ],
            [
              -75.31166666666667,
              6.035822222222222
            ],
            [
              -75.31111111111112,
              6.035822222222222
            ],
            [
              -75.31111111111112,
              6.0361
            ],
            [
              -75.31055555555555,
              6.0361
            ],
            [
              -75.31055555555555,
              6.035822222222222
            ],
            [
              -75.31027777777778,
              6.035822222222222
            ],
            [
              -75.31027777777778,
              6.035544444444445
            ],
            [
              -75.30888888888889,
              6.035544444444445
            ],
            [
              -75.30888888888889,
              6.035266666666667
            ],
            [
              -75.30861111111112,
              6.035266666666667
            ],
            [
              -75.30861111111112,
              6.035544444444445
            ],
            [
              -75.30833333333334,
              6.035544444444445
            ],
            [
              -75.30833333333334,
              6.0372111111111115
            ],
            [
              -75.30694444444445,
              6.0372111111111115
            ],
            [
              -75.30694444444445,
              6.037488888888889
            ],
            [
              -75.30666666666667,
              6.037488888888889
            ],
            [
              -75.30666666666667,
              6.038044444444445
            ],
            [
              -75.30611111111111,
              6.038044444444445
            ],
            [
              -75.30611111111111,
              6.038322222222223
            ],
            [
              -75.30555555555556,
              6.038322222222223
            ],
            [
              -75.30555555555556,
              6.038600000000001
            ],
            [
              -75.30527777777777,
              6.038600000000001
            ],
            [
              -75.30527777777777,
              6.038877777777778
            ],
            [
              -75.305,
              6.038877777777778
            ],
            [
              -75.305,
              6.039155555555556
            ],
            [
              -75.30472222222222,
              6.039155555555556
            ],
            [
              -75.30472222222222,
              6.039433333333333
            ],
            [
              -75.30444444444444,
              6.039433333333333
            ],
            [
              -75.30444444444444,
              6.039988888888889
            ],
            [
              -75.30416666666667,
              6.039988888888889
            ],
            [
              -75.30416666666667,
              6.040266666666667
            ],
            [
              -75.30388888888889,
              6.040266666666667
            ],
            [
              -75.30388888888889,
              6.0405444444444445
            ],
            [
              -75.30333333333334,
              6.0405444444444445
            ],
            [
              -75.30333333333334,
              6.040822222222222
            ],
            [
              -75.30305555555556,
              6.040822222222222
            ],
            [
              -75.30305555555556,
              6.0405444444444445
            ],
            [
              -75.30277777777778,
              6.0405444444444445
            ],
            [
              -75.30277777777778,
              6.040822222222222
            ],
            [
              -75.30194444444444,
              6.040822222222222
            ],
            [
              -75.30194444444444,
              6.041377777777778
            ],
            [
              -75.3013888888889,
              6.041377777777778
            ],
            [
              -75.3013888888889,
              6.041655555555556
            ],
            [
              -75.30111111111111,
              6.041655555555556
            ],
            [
              -75.30111111111111,
              6.041933333333334
            ],
            [
              -75.30083333333333,
              6.041933333333334
            ],
            [
              -75.30083333333333,
              6.042211111111111
            ],
            [
              -75.30055555555556,
              6.042211111111111
            ],
            [
              -75.30055555555556,
              6.042488888888889
            ],
            [
              -75.30027777777778,
              6.042488888888889
            ],
            [
              -75.30027777777778,
              6.042766666666667
            ],
            [
              -75.29972222222223,
              6.042766666666667
            ],
            [
              -75.29972222222223,
              6.043044444444445
            ],
            [
              -75.29833333333333,
              6.043044444444445
            ],
            [
              -75.29833333333333,
              6.042766666666667
            ],
            [
              -75.2975,
              6.042766666666667
            ],
            [
              -75.2975,
              6.043044444444445
            ],
            [
              -75.29666666666667,
              6.043044444444445
            ],
            [
              -75.29666666666667,
              6.042766666666667
            ],
            [
              -75.29611111111112,
              6.042766666666667
            ],
            [
              -75.29611111111112,
              6.042488888888889
            ],
            [
              -75.29583333333333,
              6.042488888888889
            ],
            [
              -75.29583333333333,
              6.042211111111111
            ],
            [
              -75.29611111111112,
              6.042211111111111
            ],
            [
              -75.29611111111112,
              6.041933333333334
            ],
            [
              -75.29583333333333,
              6.041933333333334
            ],
            [
              -75.29583333333333,
              6.0411
            ],
            [
              -75.29555555555555,
              6.0411
            ],
            [
              -75.29555555555555,
              6.040822222222222
            ],
            [
              -75.29416666666667,
              6.040822222222222
            ],
            [
              -75.29416666666667,
              6.041377777777778
            ],
            [
              -75.29388888888889,
              6.041377777777778
            ],
            [
              -75.29388888888889,
              6.041655555555556
            ],
            [
              -75.29277777777779,
              6.041655555555556
            ],
            [
              -75.29277777777779,
              6.041933333333334
            ],
            [
              -75.2925,
              6.041933333333334
            ],
            [
              -75.2925,
              6.042211111111111
            ],
            [
              -75.29222222222222,
              6.042211111111111
            ],
            [
              -75.29222222222222,
              6.042488888888889
            ],
            [
              -75.29166666666667,
              6.042488888888889
            ],
            [
              -75.29166666666667,
              6.043322222222223
            ],
            [
              -75.29138888888889,
              6.043322222222223
            ],
            [
              -75.29138888888889,
              6.045266666666667
            ],
            [
              -75.29166666666667,
              6.045266666666667
            ],
            [
              -75.29166666666667,
              6.045822222222222
            ],
            [
              -75.29194444444445,
              6.045822222222222
            ],
            [
              -75.29194444444445,
              6.0461
            ],
            [
              -75.29222222222222,
              6.0461
            ],
            [
              -75.29222222222222,
              6.0469333333333335
            ],
            [
              -75.2925,
              6.0469333333333335
            ],
            [
              -75.2925,
              6.047488888888889
            ],
            [
              -75.29277777777779,
              6.047488888888889
            ],
            [
              -75.29277777777779,
              6.048044444444445
            ],
            [
              -75.2925,
              6.048044444444445
            ],
            [
              -75.2925,
              6.0486
            ],
            [
              -75.29222222222222,
              6.0486
            ],
            [
              -75.29222222222222,
              6.049433333333334
            ],
            [
              -75.29194444444445,
              6.049433333333334
            ],
            [
              -75.29194444444445,
              6.050822222222222
            ],
            [
              -75.29222222222222,
              6.050822222222222
            ],
            [
              -75.29222222222222,
              6.051377777777778
            ],
            [
              -75.29194444444445,
              6.051377777777778
            ],
            [
              -75.29194444444445,
              6.051933333333333
            ],
            [
              -75.29166666666667,
              6.051933333333333
            ],
            [
              -75.29166666666667,
              6.052488888888889
            ],
            [
              -75.29138888888889,
              6.052488888888889
            ],
            [
              -75.29138888888889,
              6.0536
            ],
            [
              -75.29194444444445,
              6.0536
            ],
            [
              -75.29194444444445,
              6.054155555555556
            ],
            [
              -75.29222222222222,
              6.054155555555556
            ],
            [
              -75.29222222222222,
              6.054433333333334
            ],
            [
              -75.29388888888889,
              6.054433333333334
            ],
            [
              -75.29388888888889,
              6.054155555555556
            ],
            [
              -75.29416666666667,
              6.054155555555556
            ],
            [
              -75.29416666666667,
              6.054433333333334
            ],
            [
              -75.29472222222222,
              6.054433333333334
            ],
            [
              -75.29472222222222,
              6.054711111111112
            ],
            [
              -75.295,
              6.054711111111112
            ],
            [
              -75.295,
              6.054988888888889
            ],
            [
              -75.29527777777778,
              6.054988888888889
            ],
            [
              -75.29527777777778,
              6.055266666666667
            ],
            [
              -75.29555555555555,
              6.055266666666667
            ],
            [
              -75.29555555555555,
              6.055822222222222
            ],
            [
              -75.2963888888889,
              6.055822222222222
            ],
            [
              -75.2963888888889,
              6.056100000000001
            ],
            [
              -75.29666666666667,
              6.056100000000001
            ],
            [
              -75.29666666666667,
              6.057211111111111
            ],
            [
              -75.29694444444445,
              6.057211111111111
            ],
            [
              -75.29694444444445,
              6.058322222222222
            ],
            [
              -75.29722222222223,
              6.058322222222222
            ],
            [
              -75.29722222222223,
              6.0586
            ],
            [
              -75.2975,
              6.0586
            ],
            [
              -75.2975,
              6.058877777777778
            ],
            [
              -75.29777777777778,
              6.058877777777778
            ],
            [
              -75.29777777777778,
              6.059433333333334
            ],
            [
              -75.29805555555556,
              6.059433333333334
            ],
            [
              -75.29805555555556,
              6.0597111111111115
            ],
            [
              -75.29833333333333,
              6.0597111111111115
            ],
            [
              -75.29833333333333,
              6.060544444444445
            ],
            [
              -75.29861111111111,
              6.060544444444445
            ],
            [
              -75.29861111111111,
              6.060822222222223
            ],
            [
              -75.29916666666666,
              6.060822222222223
            ],
            [
              -75.29916666666666,
              6.061100000000001
            ],
            [
              -75.29944444444445,
              6.061100000000001
            ],
            [
              -75.29944444444445,
              6.061377777777778
            ],
            [
              -75.29972222222223,
              6.061377777777778
            ],
            [
              -75.29972222222223,
              6.061655555555555
            ],
            [
              -75.30027777777778,
              6.061655555555555
            ],
            [
              -75.30027777777778,
              6.062488888888889
            ],
            [
              -75.30111111111111,
              6.062488888888889
            ],
            [
              -75.30111111111111,
              6.063322222222222
            ],
            [
              -75.3013888888889,
              6.063322222222222
            ],
            [
              -75.3013888888889,
              6.0636
            ],
            [
              -75.30166666666668,
              6.0636
            ],
            [
              -75.30166666666668,
              6.063877777777778
            ],
            [
              -75.30250000000001,
              6.063877777777778
            ],
            [
              -75.30250000000001,
              6.064155555555556
            ],
            [
              -75.30277777777778,
              6.064155555555556
            ],
            [
              -75.30277777777778,
              6.065544444444445
            ],
            [
              -75.30305555555556,
              6.065544444444445
            ],
            [
              -75.30305555555556,
              6.066655555555556
            ],
            [
              -75.30277777777778,
              6.066655555555556
            ],
            [
              -75.30277777777778,
              6.067488888888889
            ],
            [
              -75.30250000000001,
              6.067488888888889
            ],
            [
              -75.30250000000001,
              6.0677666666666665
            ],
            [
              -75.30222222222223,
              6.0677666666666665
            ],
            [
              -75.30222222222223,
              6.068044444444444
            ],
            [
              -75.30194444444444,
              6.068044444444444
            ],
            [
              -75.30194444444444,
              6.069711111111111
            ],
            [
              -75.30222222222223,
              6.069711111111111
            ],
            [
              -75.30222222222223,
              6.070544444444445
            ],
            [
              -75.30166666666668,
              6.070544444444445
            ],
            [
              -75.30166666666668,
              6.070822222222223
            ],
            [
              -75.30111111111111,
              6.070822222222223
            ],
            [
              -75.30111111111111,
              6.0711
            ],
            [
              -75.30083333333333,
              6.0711
            ],
            [
              -75.30083333333333,
              6.071377777777778
            ],
            [
              -75.30055555555556,
              6.071377777777778
            ],
            [
              -75.30055555555556,
              6.073044444444445
            ],
            [
              -75.30027777777778,
              6.073044444444445
            ],
            [
              -75.30027777777778,
              6.073322222222222
            ],
            [
              -75.3,
              6.073322222222222
            ],
            [
              -75.3,
              6.0736
            ],
            [
              -75.29972222222223,
              6.0736
            ],
            [
              -75.29972222222223,
              6.0741555555555555
            ],
            [
              -75.29944444444445,
              6.0741555555555555
            ],
            [
              -75.29944444444445,
              6.074711111111111
            ],
            [
              -75.2988888888889,
              6.074711111111111
            ],
            [
              -75.2988888888889,
              6.076655555555556
            ],
            [
              -75.29916666666666,
              6.076655555555556
            ],
            [
              -75.29916666666666,
              6.077211111111112
            ],
            [
              -75.29944444444445,
              6.077211111111112
            ],
            [
              -75.29944444444445,
              6.077766666666667
            ],
            [
              -75.29861111111111,
              6.077766666666667
            ],
            [
              -75.29861111111111,
              6.078044444444445
            ],
            [
              -75.29777777777778,
              6.078044444444445
            ],
            [
              -75.29777777777778,
              6.079433333333333
            ],
            [
              -75.29805555555556,
              6.079433333333333
            ],
            [
              -75.29805555555556,
              6.079988888888889
            ],
            [
              -75.29833333333333,
              6.079988888888889
            ],
            [
              -75.29833333333333,
              6.080266666666667
            ],
            [
              -75.29861111111111,
              6.080266666666667
            ],
            [
              -75.29861111111111,
              6.080822222222222
            ],
            [
              -75.2988888888889,
              6.080822222222222
            ],
            [
              -75.2988888888889,
              6.082488888888889
            ],
            [
              -75.29861111111111,
              6.082488888888889
            ],
            [
              -75.29861111111111,
              6.082766666666667
            ],
            [
              -75.2988888888889,
              6.082766666666667
            ],
            [
              -75.2988888888889,
              6.083322222222223
            ],
            [
              -75.29916666666666,
              6.083322222222223
            ],
            [
              -75.29916666666666,
              6.083600000000001
            ],
            [
              -75.2988888888889,
              6.083600000000001
            ],
            [
              -75.2988888888889,
              6.083877777777778
            ],
            [
              -75.29861111111111,
              6.083877777777778
            ],
            [
              -75.29861111111111,
              6.085544444444444
            ],
            [
              -75.29805555555556,
              6.085544444444444
            ],
            [
              -75.29805555555556,
              6.085822222222222
            ],
            [
              -75.29777777777778,
              6.085822222222222
            ],
            [
              -75.29777777777778,
              6.0861
            ],
            [
              -75.29694444444445,
              6.0861
            ],
            [
              -75.29694444444445,
              6.085822222222222
            ],
            [
              -75.29611111111112,
              6.085822222222222
            ],
            [
              -75.29611111111112,
              6.085544444444444
            ],
            [
              -75.29555555555555,
              6.085544444444444
            ],
            [
              -75.29555555555555,
              6.085822222222222
            ],
            [
              -75.29527777777778,
              6.085822222222222
            ],
            [
              -75.29527777777778,
              6.0861
            ],
            [
              -75.29472222222222,
              6.0861
            ],
            [
              -75.29472222222222,
              6.086377777777778
            ],
            [
              -75.29361111111112,
              6.086377777777778
            ],
            [
              -75.29361111111112,
              6.086655555555556
            ],
            [
              -75.2925,
              6.086655555555556
            ],
            [
              -75.2925,
              6.0869333333333335
            ],
            [
              -75.29194444444445,
              6.0869333333333335
            ],
            [
              -75.29194444444445,
              6.087211111111111
            ],
            [
              -75.29111111111112,
              6.087211111111111
            ],
            [
              -75.29111111111112,
              6.087488888888889
            ],
            [
              -75.29055555555556,
              6.087488888888889
            ],
            [
              -75.29055555555556,
              6.087211111111111
            ],
            [
              -75.29027777777777,
              6.087211111111111
            ],
            [
              -75.29027777777777,
              6.0869333333333335
            ],
            [
              -75.28972222222222,
              6.0869333333333335
            ],
            [
              -75.28972222222222,
              6.086655555555556
            ],
            [
              -75.28888888888889,
              6.086655555555556
            ],
            [
              -75.28888888888889,
              6.0869333333333335
            ],
            [
              -75.28833333333334,
              6.0869333333333335
            ],
            [
              -75.28833333333334,
              6.087211111111111
            ],
            [
              -75.28694444444444,
              6.087211111111111
            ],
            [
              -75.28694444444444,
              6.0869333333333335
            ],
            [
              -75.2863888888889,
              6.0869333333333335
            ],
            [
              -75.2863888888889,
              6.086655555555556
            ],
            [
              -75.28611111111111,
              6.086655555555556
            ],
            [
              -75.28611111111111,
              6.0861
            ],
            [
              -75.28583333333334,
              6.0861
            ],
            [
              -75.28583333333334,
              6.085822222222222
            ],
            [
              -75.285,
              6.085822222222222
            ],
            [
              -75.285,
              6.085544444444444
            ],
            [
              -75.2838888888889,
              6.085544444444444
            ],
            [
              -75.2838888888889,
              6.085266666666667
            ],
            [
              -75.28333333333333,
              6.085266666666667
            ],
            [
              -75.28333333333333,
              6.084988888888889
            ],
            [
              -75.28194444444445,
              6.084988888888889
            ],
            [
              -75.28194444444445,
              6.085544444444444
            ],
            [
              -75.2813888888889,
              6.085544444444444
            ],
            [
              -75.2813888888889,
              6.085822222222222
            ],
            [
              -75.28083333333333,
              6.085822222222222
            ],
            [
              -75.28083333333333,
              6.0861
            ],
            [
              -75.28055555555557,
              6.0861
            ],
            [
              -75.28055555555557,
              6.086377777777778
            ],
            [
              -75.28027777777778,
              6.086377777777778
            ],
            [
              -75.28027777777778,
              6.086655555555556
            ],
            [
              -75.27888888888889,
              6.086655555555556
            ],
            [
              -75.27888888888889,
              6.0869333333333335
            ],
            [
              -75.27861111111112,
              6.0869333333333335
            ],
            [
              -75.27861111111112,
              6.086655555555556
            ],
            [
              -75.27805555555555,
              6.086655555555556
            ],
            [
              -75.27805555555555,
              6.086377777777778
            ],
            [
              -75.27694444444445,
              6.086377777777778
            ],
            [
              -75.27694444444445,
              6.084988888888889
            ],
            [
              -75.27666666666667,
              6.084988888888889
            ],
            [
              -75.27666666666667,
              6.083322222222223
            ],
            [
              -75.27638888888889,
              6.083322222222223
            ],
            [
              -75.27638888888889,
              6.083044444444445
            ],
            [
              -75.27611111111112,
              6.083044444444445
            ],
            [
              -75.27611111111112,
              6.082766666666667
            ],
            [
              -75.27527777777779,
              6.082766666666667
            ],
            [
              -75.27527777777779,
              6.083044444444445
            ],
            [
              -75.27472222222222,
              6.083044444444445
            ],
            [
              -75.27472222222222,
              6.083322222222223
            ],
            [
              -75.27444444444444,
              6.083322222222223
            ],
            [
              -75.27444444444444,
              6.083600000000001
            ],
            [
              -75.27416666666667,
              6.083600000000001
            ],
            [
              -75.27416666666667,
              6.083877777777778
            ],
            [
              -75.27388888888889,
              6.083877777777778
            ],
            [
              -75.27388888888889,
              6.083600000000001
            ],
            [
              -75.27250000000001,
              6.083600000000001
            ],
            [
              -75.27250000000001,
              6.083877777777778
            ],
            [
              -75.27166666666668,
              6.083877777777778
            ],
            [
              -75.27166666666668,
              6.084155555555556
            ],
            [
              -75.2713888888889,
              6.084155555555556
            ],
            [
              -75.2713888888889,
              6.085822222222222
            ],
            [
              -75.27111111111111,
              6.085822222222222
            ],
            [
              -75.27111111111111,
              6.0861
            ],
            [
              -75.27083333333334,
              6.0861
            ],
            [
              -75.27083333333334,
              6.086377777777778
            ],
            [
              -75.27055555555556,
              6.086377777777778
            ],
            [
              -75.27055555555556,
              6.086655555555556
            ],
            [
              -75.2675,
              6.086655555555556
            ],
            [
              -75.2675,
              6.088322222222223
            ],
            [
              -75.26777777777778,
              6.088322222222223
            ],
            [
              -75.26777777777778,
              6.0886000000000005
            ],
            [
              -75.26805555555556,
              6.0886000000000005
            ],
            [
              -75.26805555555556,
              6.089433333333334
            ],
            [
              -75.26777777777778,
              6.089433333333334
            ],
            [
              -75.26777777777778,
              6.089711111111112
            ],
            [
              -75.2675,
              6.089711111111112
            ],
            [
              -75.2675,
              6.0902666666666665
            ],
            [
              -75.26722222222223,
              6.0902666666666665
            ],
            [
              -75.26722222222223,
              6.090544444444444
            ],
            [
              -75.26694444444445,
              6.090544444444444
            ],
            [
              -75.26694444444445,
              6.0911
            ],
            [
              -75.26666666666667,
              6.0911
            ],
            [
              -75.26666666666667,
              6.091655555555556
            ],
            [
              -75.2663888888889,
              6.091655555555556
            ],
            [
              -75.2663888888889,
              6.091933333333333
            ],
            [
              -75.26444444444445,
              6.091933333333333
            ],
            [
              -75.26444444444445,
              6.092488888888889
            ],
            [
              -75.26416666666667,
              6.092488888888889
            ],
            [
              -75.26416666666667,
              6.092766666666667
            ],
            [
              -75.26388888888889,
              6.092766666666667
            ],
            [
              -75.26388888888889,
              6.0936
            ],
            [
              -75.26361111111112,
              6.0936
            ],
            [
              -75.26361111111112,
              6.093877777777778
            ],
            [
              -75.26333333333334,
              6.093877777777778
            ],
            [
              -75.26333333333334,
              6.094155555555556
            ],
            [
              -75.2625,
              6.094155555555556
            ],
            [
              -75.2625,
              6.094433333333334
            ],
            [
              -75.26194444444445,
              6.094433333333334
            ],
            [
              -75.26194444444445,
              6.094711111111112
            ],
            [
              -75.26111111111112,
              6.094711111111112
            ],
            [
              -75.26111111111112,
              6.0949888888888895
            ],
            [
              -75.26083333333334,
              6.0949888888888895
            ],
            [
              -75.26083333333334,
              6.095266666666667
            ],
            [
              -75.26055555555556,
              6.095266666666667
            ],
            [
              -75.26055555555556,
              6.095544444444444
            ],
            [
              -75.26027777777779,
              6.095544444444444
            ],
            [
              -75.26027777777779,
              6.095822222222223
            ],
            [
              -75.25972222222222,
              6.095822222222223
            ],
            [
              -75.25972222222222,
              6.0961
            ],
            [
              -75.25916666666667,
              6.0961
            ],
            [
              -75.25916666666667,
              6.095822222222223
            ],
            [
              -75.25805555555556,
              6.095822222222223
            ],
            [
              -75.25805555555556,
              6.0961
            ],
            [
              -75.25750000000001,
              6.0961
            ],
            [
              -75.25750000000001,
              6.096377777777778
            ],
            [
              -75.25694444444444,
              6.096377777777778
            ],
            [
              -75.25694444444444,
              6.0966555555555555
            ],
            [
              -75.25666666666667,
              6.0966555555555555
            ],
            [
              -75.25666666666667,
              6.096933333333333
            ],
            [
              -75.25638888888889,
              6.096933333333333
            ],
            [
              -75.25638888888889,
              6.097488888888889
            ],
            [
              -75.25611111111111,
              6.097488888888889
            ],
            [
              -75.25611111111111,
              6.097766666666667
            ],
            [
              -75.25583333333334,
              6.097766666666667
            ],
            [
              -75.25583333333334,
              6.098044444444445
            ],
            [
              -75.25555555555556,
              6.098044444444445
            ],
            [
              -75.25555555555556,
              6.097766666666667
            ],
            [
              -75.25527777777778,
              6.097766666666667
            ],
            [
              -75.25527777777778,
              6.097488888888889
            ],
            [
              -75.25444444444445,
              6.097488888888889
            ],
            [
              -75.25444444444445,
              6.097211111111111
            ],
            [
              -75.2538888888889,
              6.097211111111111
            ],
            [
              -75.2538888888889,
              6.097488888888889
            ],
            [
              -75.25333333333333,
              6.097488888888889
            ],
            [
              -75.25333333333333,
              6.097211111111111
            ],
            [
              -75.25277777777778,
              6.097211111111111
            ],
            [
              -75.25277777777778,
              6.096933333333333
            ],
            [
              -75.25222222222223,
              6.096933333333333
            ],
            [
              -75.25222222222223,
              6.0966555555555555
            ],
            [
              -75.2513888888889,
              6.0966555555555555
            ],
            [
              -75.2513888888889,
              6.096933333333333
            ],
            [
              -75.25111111111111,
              6.096933333333333
            ],
            [
              -75.25111111111111,
              6.097766666666667
            ],
            [
              -75.2513888888889,
              6.097766666666667
            ],
            [
              -75.2513888888889,
              6.098322222222222
            ],
            [
              -75.25111111111111,
              6.098322222222222
            ],
            [
              -75.25111111111111,
              6.099155555555556
            ],
            [
              -75.25083333333333,
              6.099155555555556
            ],
            [
              -75.25083333333333,
              6.100266666666667
            ],
            [
              -75.25111111111111,
              6.100266666666667
            ],
            [
              -75.25111111111111,
              6.100544444444445
            ],
            [
              -75.25083333333333,
              6.100544444444445
            ],
            [
              -75.25083333333333,
              6.100822222222223
            ],
            [
              -75.25055555555556,
              6.100822222222223
            ],
            [
              -75.25055555555556,
              6.101100000000001
            ],
            [
              -75.25027777777778,
              6.101100000000001
            ],
            [
              -75.25027777777778,
              6.101377777777778
            ],
            [
              -75.25,
              6.101377777777778
            ],
            [
              -75.25,
              6.100822222222223
            ],
            [
              -75.24916666666667,
              6.100822222222223
            ],
            [
              -75.24916666666667,
              6.100544444444445
            ],
            [
              -75.24777777777778,
              6.100544444444445
            ],
            [
              -75.24777777777778,
              6.100822222222223
            ],
            [
              -75.24694444444445,
              6.100822222222223
            ],
            [
              -75.24694444444445,
              6.101100000000001
            ],
            [
              -75.24666666666667,
              6.101100000000001
            ],
            [
              -75.24666666666667,
              6.101377777777778
            ],
            [
              -75.24611111111112,
              6.101377777777778
            ],
            [
              -75.24611111111112,
              6.101655555555556
            ],
            [
              -75.24444444444445,
              6.101655555555556
            ],
            [
              -75.24444444444445,
              6.101377777777778
            ],
            [
              -75.24416666666667,
              6.101377777777778
            ],
            [
              -75.24416666666667,
              6.101933333333333
            ],
            [
              -75.24388888888889,
              6.101933333333333
            ],
            [
              -75.24388888888889,
              6.102211111111111
            ],
            [
              -75.24361111111111,
              6.102211111111111
            ],
            [
              -75.24361111111111,
              6.102766666666667
            ],
            [
              -75.24333333333334,
              6.102766666666667
            ],
            [
              -75.24333333333334,
              6.1030444444444445
            ],
            [
              -75.24277777777777,
              6.1030444444444445
            ],
            [
              -75.24277777777777,
              6.103322222222222
            ],
            [
              -75.24111111111111,
              6.103322222222222
            ],
            [
              -75.24111111111111,
              6.1030444444444445
            ],
            [
              -75.24083333333334,
              6.1030444444444445
            ],
            [
              -75.24083333333334,
              6.103322222222222
            ],
            [
              -75.24000000000001,
              6.103322222222222
            ],
            [
              -75.24000000000001,
              6.1036
            ],
            [
              -75.23972222222223,
              6.1036
            ],
            [
              -75.23972222222223,
              6.103877777777778
            ],
            [
              -75.23916666666668,
              6.103877777777778
            ],
            [
              -75.23916666666668,
              6.104433333333334
            ],
            [
              -75.2388888888889,
              6.104433333333334
            ],
            [
              -75.2388888888889,
              6.104711111111111
            ],
            [
              -75.23861111111111,
              6.104711111111111
            ],
            [
              -75.23861111111111,
              6.105544444444445
            ],
            [
              -75.23805555555556,
              6.105544444444445
            ],
            [
              -75.23805555555556,
              6.105822222222223
            ],
            [
              -75.23833333333333,
              6.105822222222223
            ],
            [
              -75.23833333333333,
              6.106377777777778
            ],
            [
              -75.23805555555556,
              6.106377777777778
            ],
            [
              -75.23805555555556,
              6.108322222222222
            ],
            [
              -75.23694444444445,
              6.108322222222222
            ],
            [
              -75.23694444444445,
              6.1086
            ],
            [
              -75.2363888888889,
              6.1086
            ],
            [
              -75.2363888888889,
              6.108877777777778
            ],
            [
              -75.23611111111111,
              6.108877777777778
            ],
            [
              -75.23611111111111,
              6.1094333333333335
            ],
            [
              -75.23583333333333,
              6.1094333333333335
            ],
            [
              -75.23583333333333,
              6.109711111111111
            ],
            [
              -75.23555555555556,
              6.109711111111111
            ],
            [
              -75.23555555555556,
              6.110544444444445
            ],
            [
              -75.23527777777778,
              6.110544444444445
            ],
            [
              -75.23527777777778,
              6.111655555555556
            ],
            [
              -75.235,
              6.111655555555556
            ],
            [
              -75.235,
              6.112211111111112
            ],
            [
              -75.23472222222223,
              6.112211111111112
            ],
            [
              -75.23472222222223,
              6.112488888888889
            ],
            [
              -75.23444444444445,
              6.112488888888889
            ],
            [
              -75.23444444444445,
              6.112766666666667
            ],
            [
              -75.23416666666667,
              6.112766666666667
            ],
            [
              -75.23416666666667,
              6.112488888888889
            ],
            [
              -75.23277777777778,
              6.112488888888889
            ],
            [
              -75.23277777777778,
              6.112766666666667
            ],
            [
              -75.23222222222222,
              6.112766666666667
            ],
            [
              -75.23222222222222,
              6.113044444444444
            ],
            [
              -75.23111111111112,
              6.113044444444444
            ],
            [
              -75.23111111111112,
              6.113322222222222
            ],
            [
              -75.22916666666667,
              6.113322222222222
            ],
            [
              -75.22916666666667,
              6.115544444444445
            ],
            [
              -75.22888888888889,
              6.115544444444445
            ],
            [
              -75.22888888888889,
              6.1161
            ],
            [
              -75.22861111111112,
              6.1161
            ],
            [
              -75.22861111111112,
              6.116655555555556
            ],
            [
              -75.22888888888889,
              6.116655555555556
            ],
            [
              -75.22888888888889,
              6.116933333333334
            ],
            [
              -75.22916666666667,
              6.116933333333334
            ],
            [
              -75.22916666666667,
              6.117488888888889
            ],
            [
              -75.22888888888889,
              6.117488888888889
            ],
            [
              -75.22888888888889,
              6.118322222222222
            ],
            [
              -75.22944444444445,
              6.118322222222222
            ],
            [
              -75.22944444444445,
              6.118600000000001
            ],
            [
              -75.22972222222222,
              6.118600000000001
            ],
            [
              -75.22972222222222,
              6.118877777777778
            ],
            [
              -75.23,
              6.118877777777778
            ],
            [
              -75.23,
              6.1222111111111115
            ],
            [
              -75.22972222222222,
              6.1222111111111115
            ],
            [
              -75.22972222222222,
              6.123600000000001
            ],
            [
              -75.22944444444445,
              6.123600000000001
            ],
            [
              -75.22944444444445,
              6.123877777777778
            ],
            [
              -75.22916666666667,
              6.123877777777778
            ],
            [
              -75.22916666666667,
              6.124711111111111
            ],
            [
              -75.22944444444445,
              6.124711111111111
            ],
            [
              -75.22944444444445,
              6.125266666666667
            ],
            [
              -75.23,
              6.125266666666667
            ],
            [
              -75.23,
              6.1261
            ],
            [
              -75.23027777777779,
              6.1261
            ],
            [
              -75.23027777777779,
              6.126655555555556
            ],
            [
              -75.23055555555555,
              6.126655555555556
            ],
            [
              -75.23055555555555,
              6.126933333333334
            ],
            [
              -75.23111111111112,
              6.126933333333334
            ],
            [
              -75.23111111111112,
              6.127211111111111
            ],
            [
              -75.23138888888889,
              6.127211111111111
            ],
            [
              -75.23138888888889,
              6.128877777777778
            ],
            [
              -75.23166666666667,
              6.128877777777778
            ],
            [
              -75.23166666666667,
              6.129155555555556
            ],
            [
              -75.23194444444445,
              6.129155555555556
            ],
            [
              -75.23194444444445,
              6.129711111111112
            ],
            [
              -75.23222222222222,
              6.129711111111112
            ],
            [
              -75.23222222222222,
              6.129988888888889
            ],
            [
              -75.2325,
              6.129988888888889
            ],
            [
              -75.2325,
              6.130822222222222
            ],
            [
              -75.23277777777778,
              6.130822222222222
            ],
            [
              -75.23277777777778,
              6.1311
            ],
            [
              -75.23333333333333,
              6.1311
            ],
            [
              -75.23333333333333,
              6.131377777777778
            ],
            [
              -75.2338888888889,
              6.131377777777778
            ],
            [
              -75.2338888888889,
              6.131655555555556
            ],
            [
              -75.23416666666667,
              6.131655555555556
            ],
            [
              -75.23416666666667,
              6.1319333333333335
            ],
            [
              -75.23472222222223,
              6.1319333333333335
            ],
            [
              -75.23472222222223,
              6.132211111111111
            ],
            [
              -75.235,
              6.132211111111111
            ],
            [
              -75.235,
              6.132488888888889
            ],
            [
              -75.23527777777778,
              6.132488888888889
            ],
            [
              -75.23527777777778,
              6.132766666666667
            ],
            [
              -75.23694444444445,
              6.132766666666667
            ],
            [
              -75.23694444444445,
              6.133044444444445
            ],
            [
              -75.2375,
              6.133044444444445
            ],
            [
              -75.2375,
              6.133322222222223
            ],
            [
              -75.23777777777778,
              6.133322222222223
            ],
            [
              -75.23777777777778,
              6.1349888888888895
            ],
            [
              -75.23833333333333,
              6.1349888888888895
            ],
            [
              -75.23833333333333,
              6.135266666666666
            ],
            [
              -75.23861111111111,
              6.135266666666666
            ],
            [
              -75.23861111111111,
              6.135544444444445
            ],
            [
              -75.23944444444444,
              6.135544444444445
            ],
            [
              -75.23944444444444,
              6.135822222222222
            ],
            [
              -75.23972222222223,
              6.135822222222222
            ],
            [
              -75.23972222222223,
              6.137488888888889
            ],
            [
              -75.24000000000001,
              6.137488888888889
            ],
            [
              -75.24000000000001,
              6.137766666666667
            ],
            [
              -75.24055555555556,
              6.137766666666667
            ],
            [
              -75.24055555555556,
              6.138044444444445
            ],
            [
              -75.24083333333334,
              6.138044444444445
            ],
            [
              -75.24083333333334,
              6.1383222222222225
            ],
            [
              -75.24111111111111,
              6.1383222222222225
            ],
            [
              -75.24111111111111,
              6.1386
            ],
            [
              -75.24166666666667,
              6.1386
            ],
            [
              -75.24166666666667,
              6.139988888888889
            ],
            [
              -75.24194444444444,
              6.139988888888889
            ],
            [
              -75.24194444444444,
              6.140544444444445
            ],
            [
              -75.24222222222222,
              6.140544444444445
            ],
            [
              -75.24222222222222,
              6.141655555555555
            ],
            [
              -75.2425,
              6.141655555555555
            ],
            [
              -75.2425,
              6.142211111111111
            ],
            [
              -75.24222222222222,
              6.142211111111111
            ],
            [
              -75.24222222222222,
              6.142488888888889
            ],
            [
              -75.24194444444444,
              6.142488888888889
            ],
            [
              -75.24194444444444,
              6.1430444444444445
            ],
            [
              -75.24166666666667,
              6.1430444444444445
            ],
            [
              -75.24166666666667,
              6.1436
            ],
            [
              -75.24138888888889,
              6.1436
            ],
            [
              -75.24138888888889,
              6.143877777777778
            ],
            [
              -75.24111111111111,
              6.143877777777778
            ],
            [
              -75.24111111111111,
              6.144155555555556
            ],
            [
              -75.24083333333334,
              6.144155555555556
            ],
            [
              -75.24083333333334,
              6.1447111111111115
            ],
            [
              -75.24055555555556,
              6.1447111111111115
            ],
            [
              -75.24055555555556,
              6.145266666666667
            ],
            [
              -75.24027777777778,
              6.145266666666667
            ],
            [
              -75.24027777777778,
              6.146377777777778
            ],
            [
              -75.24000000000001,
              6.146377777777778
            ],
            [
              -75.24000000000001,
              6.147488888888889
            ],
            [
              -75.23972222222223,
              6.147488888888889
            ],
            [
              -75.23972222222223,
              6.148044444444444
            ],
            [
              -75.23916666666668,
              6.148044444444444
            ],
            [
              -75.23916666666668,
              6.148322222222222
            ],
            [
              -75.23833333333333,
              6.148322222222222
            ],
            [
              -75.23833333333333,
              6.1486
            ],
            [
              -75.23777777777778,
              6.1486
            ],
            [
              -75.23777777777778,
              6.148877777777778
            ],
            [
              -75.2375,
              6.148877777777778
            ],
            [
              -75.2375,
              6.149988888888889
            ],
            [
              -75.23777777777778,
              6.149988888888889
            ],
            [
              -75.23777777777778,
              6.150544444444445
            ],
            [
              -75.23805555555556,
              6.150544444444445
            ],
            [
              -75.23805555555556,
              6.150822222222223
            ],
            [
              -75.23833333333333,
              6.150822222222223
            ],
            [
              -75.23833333333333,
              6.1511000000000005
            ],
            [
              -75.23861111111111,
              6.1511000000000005
            ],
            [
              -75.23861111111111,
              6.151377777777778
            ],
            [
              -75.23916666666668,
              6.151377777777778
            ],
            [
              -75.23916666666668,
              6.151655555555556
            ],
            [
              -75.24027777777778,
              6.151655555555556
            ],
            [
              -75.24027777777778,
              6.152211111111112
            ],
            [
              -75.24055555555556,
              6.152211111111112
            ],
            [
              -75.24055555555556,
              6.15248888888889
            ],
            [
              -75.24083333333334,
              6.15248888888889
            ],
            [
              -75.24083333333334,
              6.153044444444444
            ],
            [
              -75.24111111111111,
              6.153044444444444
            ],
            [
              -75.24111111111111,
              6.153877777777778
            ],
            [
              -75.24083333333334,
              6.153877777777778
            ],
            [
              -75.24083333333334,
              6.154155555555556
            ],
            [
              -75.24055555555556,
              6.154155555555556
            ],
            [
              -75.24055555555556,
              6.155266666666667
            ],
            [
              -75.24083333333334,
              6.155266666666667
            ],
            [
              -75.24083333333334,
              6.1558222222222225
            ],
            [
              -75.24111111111111,
              6.1558222222222225
            ],
            [
              -75.24111111111111,
              6.1561
            ],
            [
              -75.24138888888889,
              6.1561
            ],
            [
              -75.24138888888889,
              6.156377777777778
            ],
            [
              -75.24166666666667,
              6.156377777777778
            ],
            [
              -75.24166666666667,
              6.156655555555556
            ],
            [
              -75.24083333333334,
              6.156655555555556
            ],
            [
              -75.24083333333334,
              6.156933333333334
            ],
            [
              -75.24000000000001,
              6.156933333333334
            ],
            [
              -75.24000000000001,
              6.157211111111112
            ],
            [
              -75.23944444444444,
              6.157211111111112
            ],
            [
              -75.23944444444444,
              6.1574888888888895
            ],
            [
              -75.23916666666668,
              6.1574888888888895
            ],
            [
              -75.23916666666668,
              6.157766666666667
            ],
            [
              -75.2388888888889,
              6.157766666666667
            ],
            [
              -75.2388888888889,
              6.160822222222222
            ],
            [
              -75.23861111111111,
              6.160822222222222
            ],
            [
              -75.23861111111111,
              6.161377777777778
            ],
            [
              -75.23833333333333,
              6.161377777777778
            ],
            [
              -75.23833333333333,
              6.1622111111111115
            ],
            [
              -75.23805555555556,
              6.1622111111111115
            ],
            [
              -75.23805555555556,
              6.163044444444445
            ],
            [
              -75.23777777777778,
              6.163044444444445
            ],
            [
              -75.23777777777778,
              6.163322222222223
            ],
            [
              -75.2375,
              6.163322222222223
            ],
            [
              -75.2375,
              6.164155555555555
            ],
            [
              -75.23722222222223,
              6.164155555555555
            ],
            [
              -75.23722222222223,
              6.164433333333333
            ],
            [
              -75.23583333333333,
              6.164433333333333
            ],
            [
              -75.23583333333333,
              6.164155555555555
            ],
            [
              -75.23555555555556,
              6.164155555555555
            ],
            [
              -75.23555555555556,
              6.163877777777778
            ],
            [
              -75.23444444444445,
              6.163877777777778
            ],
            [
              -75.23444444444445,
              6.163600000000001
            ],
            [
              -75.2338888888889,
              6.163600000000001
            ],
            [
              -75.2338888888889,
              6.164155555555555
            ],
            [
              -75.23361111111112,
              6.164155555555555
            ],
            [
              -75.23361111111112,
              6.164433333333333
            ],
            [
              -75.23333333333333,
              6.164433333333333
            ],
            [
              -75.23333333333333,
              6.164711111111111
            ],
            [
              -75.23305555555555,
              6.164711111111111
            ],
            [
              -75.23305555555555,
              6.164988888888889
            ],
            [
              -75.23277777777778,
              6.164988888888889
            ],
            [
              -75.23277777777778,
              6.165266666666667
            ],
            [
              -75.23166666666667,
              6.165266666666667
            ],
            [
              -75.23166666666667,
              6.164988888888889
            ],
            [
              -75.23111111111112,
              6.164988888888889
            ],
            [
              -75.23111111111112,
              6.164711111111111
            ],
            [
              -75.23083333333334,
              6.164711111111111
            ],
            [
              -75.23083333333334,
              6.164433333333333
            ],
            [
              -75.23055555555555,
              6.164433333333333
            ],
            [
              -75.23055555555555,
              6.164155555555555
            ],
            [
              -75.23,
              6.164155555555555
            ],
            [
              -75.23,
              6.163600000000001
            ],
            [
              -75.22888888888889,
              6.163600000000001
            ],
            [
              -75.22888888888889,
              6.163322222222223
            ],
            [
              -75.22722222222222,
              6.163322222222223
            ],
            [
              -75.22722222222222,
              6.163044444444445
            ],
            [
              -75.22666666666667,
              6.163044444444445
            ],
            [
              -75.22666666666667,
              6.162766666666667
            ],
            [
              -75.22583333333334,
              6.162766666666667
            ],
            [
              -75.22583333333334,
              6.162488888888889
            ],
            [
              -75.2238888888889,
              6.162488888888889
            ],
            [
              -75.2238888888889,
              6.1622111111111115
            ],
            [
              -75.22333333333334,
              6.1622111111111115
            ],
            [
              -75.22333333333334,
              6.161655555555556
            ],
            [
              -75.22277777777778,
              6.161655555555556
            ],
            [
              -75.22277777777778,
              6.161377777777778
            ],
            [
              -75.22222222222223,
              6.161377777777778
            ],
            [
              -75.22222222222223,
              6.1611
            ],
            [
              -75.22194444444445,
              6.1611
            ],
            [
              -75.22194444444445,
              6.160822222222222
            ],
            [
              -75.22166666666666,
              6.160822222222222
            ],
            [
              -75.22166666666666,
              6.160544444444445
            ],
            [
              -75.22083333333333,
              6.160544444444445
            ],
            [
              -75.22083333333333,
              6.160266666666667
            ],
            [
              -75.22027777777778,
              6.160266666666667
            ],
            [
              -75.22027777777778,
              6.160544444444445
            ],
            [
              -75.21972222222223,
              6.160544444444445
            ],
            [
              -75.21972222222223,
              6.160266666666667
            ],
            [
              -75.21916666666667,
              6.160266666666667
            ],
            [
              -75.21916666666667,
              6.160544444444445
            ],
            [
              -75.2188888888889,
              6.160544444444445
            ],
            [
              -75.2188888888889,
              6.160266666666667
            ],
            [
              -75.21861111111112,
              6.160266666666667
            ],
            [
              -75.21861111111112,
              6.159711111111111
            ],
            [
              -75.21805555555557,
              6.159711111111111
            ],
            [
              -75.21805555555557,
              6.159433333333333
            ],
            [
              -75.21777777777778,
              6.159433333333333
            ],
            [
              -75.21777777777778,
              6.158877777777778
            ],
            [
              -75.21694444444445,
              6.158877777777778
            ],
            [
              -75.21694444444445,
              6.1586
            ],
            [
              -75.21555555555555,
              6.1586
            ],
            [
              -75.21555555555555,
              6.158322222222223
            ],
            [
              -75.21444444444445,
              6.158322222222223
            ],
            [
              -75.21444444444445,
              6.158044444444444
            ],
            [
              -75.21388888888889,
              6.158044444444444
            ],
            [
              -75.21388888888889,
              6.157766666666667
            ],
            [
              -75.21361111111112,
              6.157766666666667
            ],
            [
              -75.21361111111112,
              6.157211111111112
            ],
            [
              -75.2125,
              6.157211111111112
            ],
            [
              -75.2125,
              6.1574888888888895
            ],
            [
              -75.21194444444444,
              6.1574888888888895
            ],
            [
              -75.21194444444444,
              6.158322222222223
            ],
            [
              -75.21000000000001,
              6.158322222222223
            ],
            [
              -75.21000000000001,
              6.1586
            ],
            [
              -75.20972222222223,
              6.1586
            ],
            [
              -75.20972222222223,
              6.158877777777778
            ],
            [
              -75.20944444444444,
              6.158877777777778
            ],
            [
              -75.20944444444444,
              6.159433333333333
            ],
            [
              -75.20972222222223,
              6.159433333333333
            ],
            [
              -75.20972222222223,
              6.160266666666667
            ],
            [
              -75.21000000000001,
              6.160266666666667
            ],
            [
              -75.21000000000001,
              6.160822222222222
            ],
            [
              -75.21027777777778,
              6.160822222222222
            ],
            [
              -75.21027777777778,
              6.162488888888889
            ],
            [
              -75.21000000000001,
              6.162488888888889
            ],
            [
              -75.21000000000001,
              6.163044444444445
            ],
            [
              -75.20972222222223,
              6.163044444444445
            ],
            [
              -75.20972222222223,
              6.164155555555555
            ],
            [
              -75.21000000000001,
              6.164155555555555
            ],
            [
              -75.21000000000001,
              6.164711111111111
            ],
            [
              -75.20972222222223,
              6.164711111111111
            ],
            [
              -75.20972222222223,
              6.164988888888889
            ],
            [
              -75.20944444444444,
              6.164988888888889
            ],
            [
              -75.20944444444444,
              6.165266666666667
            ],
            [
              -75.2088888888889,
              6.165266666666667
            ],
            [
              -75.2088888888889,
              6.165822222222222
            ],
            [
              -75.20861111111111,
              6.165822222222222
            ],
            [
              -75.20861111111111,
              6.166377777777778
            ],
            [
              -75.20833333333334,
              6.166377777777778
            ],
            [
              -75.20833333333334,
              6.167766666666667
            ],
            [
              -75.20805555555556,
              6.167766666666667
            ],
            [
              -75.20805555555556,
              6.168044444444445
            ],
            [
              -75.20750000000001,
              6.168044444444445
            ],
            [
              -75.20750000000001,
              6.1686000000000005
            ],
            [
              -75.20722222222223,
              6.1686000000000005
            ],
            [
              -75.20722222222223,
              6.168877777777778
            ],
            [
              -75.20694444444445,
              6.168877777777778
            ],
            [
              -75.20694444444445,
              6.169433333333334
            ],
            [
              -75.20666666666666,
              6.169433333333334
            ],
            [
              -75.20666666666666,
              6.169711111111111
            ],
            [
              -75.2063888888889,
              6.169711111111111
            ],
            [
              -75.2063888888889,
              6.169988888888889
            ],
            [
              -75.20527777777778,
              6.169988888888889
            ],
            [
              -75.20527777777778,
              6.170266666666667
            ],
            [
              -75.205,
              6.170266666666667
            ],
            [
              -75.205,
              6.170544444444444
            ],
            [
              -75.20472222222223,
              6.170544444444444
            ],
            [
              -75.20472222222223,
              6.170822222222222
            ],
            [
              -75.20444444444445,
              6.170822222222222
            ],
            [
              -75.20444444444445,
              6.1711
            ],
            [
              -75.20277777777778,
              6.1711
            ],
            [
              -75.20277777777778,
              6.170822222222222
            ],
            [
              -75.20222222222223,
              6.170822222222222
            ],
            [
              -75.20222222222223,
              6.1711
            ],
            [
              -75.19916666666667,
              6.1711
            ],
            [
              -75.19916666666667,
              6.170822222222222
            ],
            [
              -75.19833333333334,
              6.170822222222222
            ],
            [
              -75.19833333333334,
              6.1711
            ],
            [
              -75.19666666666667,
              6.1711
            ],
            [
              -75.19666666666667,
              6.172488888888889
            ],
            [
              -75.19638888888889,
              6.172488888888889
            ],
            [
              -75.19638888888889,
              6.173044444444445
            ],
            [
              -75.19500000000001,
              6.173044444444445
            ],
            [
              -75.19500000000001,
              6.173322222222223
            ],
            [
              -75.19444444444444,
              6.173322222222223
            ],
            [
              -75.19444444444444,
              6.1736
            ],
            [
              -75.19416666666667,
              6.1736
            ],
            [
              -75.19416666666667,
              6.174155555555556
            ],
            [
              -75.19388888888889,
              6.174155555555556
            ],
            [
              -75.19388888888889,
              6.174711111111112
            ],
            [
              -75.19361111111111,
              6.174711111111112
            ],
            [
              -75.19361111111111,
              6.1749888888888895
            ],
            [
              -75.1913888888889,
              6.1749888888888895
            ],
            [
              -75.1913888888889,
              6.175266666666667
            ],
            [
              -75.19111111111111,
              6.175266666666667
            ],
            [
              -75.19111111111111,
              6.1749888888888895
            ],
            [
              -75.19055555555556,
              6.1749888888888895
            ],
            [
              -75.19055555555556,
              6.174711111111112
            ],
            [
              -75.18944444444445,
              6.174711111111112
            ],
            [
              -75.18944444444445,
              6.174433333333334
            ],
            [
              -75.18861111111111,
              6.174433333333334
            ],
            [
              -75.18861111111111,
              6.174155555555556
            ],
            [
              -75.18805555555556,
              6.174155555555556
            ],
            [
              -75.18805555555556,
              6.173877777777778
            ],
            [
              -75.18777777777778,
              6.173877777777778
            ],
            [
              -75.18777777777778,
              6.1736
            ],
            [
              -75.1875,
              6.1736
            ],
            [
              -75.1875,
              6.173322222222223
            ],
            [
              -75.18666666666667,
              6.173322222222223
            ],
            [
              -75.18666666666667,
              6.173044444444445
            ],
            [
              -75.1863888888889,
              6.173044444444445
            ],
            [
              -75.1863888888889,
              6.172766666666667
            ],
            [
              -75.18611111111112,
              6.172766666666667
            ],
            [
              -75.18611111111112,
              6.172488888888889
            ],
            [
              -75.18583333333333,
              6.172488888888889
            ],
            [
              -75.18583333333333,
              6.172211111111111
            ],
            [
              -75.18555555555555,
              6.172211111111111
            ],
            [
              -75.18555555555555,
              6.172488888888889
            ],
            [
              -75.18416666666667,
              6.172488888888889
            ],
            [
              -75.18416666666667,
              6.173044444444445
            ],
            [
              -75.18388888888889,
              6.173044444444445
            ],
            [
              -75.18388888888889,
              6.172211111111111
            ],
            [
              -75.18361111111112,
              6.172211111111111
            ],
            [
              -75.18361111111112,
              6.1719333333333335
            ],
            [
              -75.18305555555555,
              6.1719333333333335
            ],
            [
              -75.18305555555555,
              6.170544444444444
            ],
            [
              -75.18222222222222,
              6.170544444444444
            ],
            [
              -75.18222222222222,
              6.170266666666667
            ],
            [
              -75.18194444444445,
              6.170266666666667
            ],
            [
              -75.18194444444445,
              6.169988888888889
            ],
            [
              -75.18166666666667,
              6.169988888888889
            ],
            [
              -75.18166666666667,
              6.169155555555556
            ],
            [
              -75.18111111111111,
              6.169155555555556
            ],
            [
              -75.18111111111111,
              6.1686000000000005
            ],
            [
              -75.18083333333334,
              6.1686000000000005
            ],
            [
              -75.18083333333334,
              6.168322222222223
            ],
            [
              -75.18055555555556,
              6.168322222222223
            ],
            [
              -75.18055555555556,
              6.167766666666667
            ],
            [
              -75.18027777777777,
              6.167766666666667
            ],
            [
              -75.18027777777777,
              6.167488888888889
            ],
            [
              -75.18055555555556,
              6.167488888888889
            ],
            [
              -75.18055555555556,
              6.167211111111111
            ],
            [
              -75.18083333333334,
              6.167211111111111
            ],
            [
              -75.18083333333334,
              6.166655555555556
            ],
            [
              -75.18055555555556,
              6.166655555555556
            ],
            [
              -75.18055555555556,
              6.166377777777778
            ],
            [
              -75.18027777777777,
              6.166377777777778
            ],
            [
              -75.18027777777777,
              6.165822222222222
            ],
            [
              -75.18,
              6.165822222222222
            ],
            [
              -75.18,
              6.1655444444444445
            ],
            [
              -75.17972222222222,
              6.1655444444444445
            ],
            [
              -75.17972222222222,
              6.165266666666667
            ],
            [
              -75.17916666666667,
              6.165266666666667
            ],
            [
              -75.17916666666667,
              6.164988888888889
            ],
            [
              -75.17861111111111,
              6.164988888888889
            ],
            [
              -75.17861111111111,
              6.164711111111111
            ],
            [
              -75.17833333333334,
              6.164711111111111
            ],
            [
              -75.17833333333334,
              6.164433333333333
            ],
            [
              -75.17777777777778,
              6.164433333333333
            ],
            [
              -75.17777777777778,
              6.164155555555555
            ],
            [
              -75.17722222222223,
              6.164155555555555
            ],
            [
              -75.17722222222223,
              6.163877777777778
            ],
            [
              -75.17694444444444,
              6.163877777777778
            ],
            [
              -75.17694444444444,
              6.163600000000001
            ],
            [
              -75.17666666666668,
              6.163600000000001
            ],
            [
              -75.17666666666668,
              6.163322222222223
            ],
            [
              -75.1763888888889,
              6.163322222222223
            ],
            [
              -75.1763888888889,
              6.163044444444445
            ],
            [
              -75.17611111111111,
              6.163044444444445
            ],
            [
              -75.17611111111111,
              6.1622111111111115
            ],
            [
              -75.17583333333333,
              6.1622111111111115
            ],
            [
              -75.17583333333333,
              6.161933333333334
            ],
            [
              -75.17555555555556,
              6.161933333333334
            ],
            [
              -75.17555555555556,
              6.161655555555556
            ],
            [
              -75.175,
              6.161655555555556
            ],
            [
              -75.175,
              6.161933333333334
            ],
            [
              -75.17472222222223,
              6.161933333333334
            ],
            [
              -75.17472222222223,
              6.1622111111111115
            ],
            [
              -75.17416666666666,
              6.1622111111111115
            ],
            [
              -75.17416666666666,
              6.162488888888889
            ],
            [
              -75.1738888888889,
              6.162488888888889
            ],
            [
              -75.1738888888889,
              6.162766666666667
            ],
            [
              -75.17361111111111,
              6.162766666666667
            ],
            [
              -75.17361111111111,
              6.163600000000001
            ],
            [
              -75.17333333333333,
              6.163600000000001
            ],
            [
              -75.17333333333333,
              6.164711111111111
            ],
            [
              -75.17277777777778,
              6.164711111111111
            ],
            [
              -75.17277777777778,
              6.164988888888889
            ],
            [
              -75.17166666666667,
              6.164988888888889
            ],
            [
              -75.17166666666667,
              6.165266666666667
            ],
            [
              -75.17083333333333,
              6.165266666666667
            ],
            [
              -75.17083333333333,
              6.1655444444444445
            ],
            [
              -75.17055555555555,
              6.1655444444444445
            ],
            [
              -75.17055555555555,
              6.165822222222222
            ],
            [
              -75.17027777777778,
              6.165822222222222
            ],
            [
              -75.17027777777778,
              6.166377777777778
            ],
            [
              -75.17,
              6.166377777777778
            ],
            [
              -75.17,
              6.167211111111111
            ],
            [
              -75.16972222222222,
              6.167211111111111
            ],
            [
              -75.16972222222222,
              6.168322222222223
            ],
            [
              -75.16944444444445,
              6.168322222222223
            ],
            [
              -75.16944444444445,
              6.1686000000000005
            ],
            [
              -75.16916666666667,
              6.1686000000000005
            ],
            [
              -75.16916666666667,
              6.168877777777778
            ],
            [
              -75.1675,
              6.168877777777778
            ],
            [
              -75.1675,
              6.1686000000000005
            ],
            [
              -75.16638888888889,
              6.1686000000000005
            ],
            [
              -75.16638888888889,
              6.168877777777778
            ],
            [
              -75.16611111111112,
              6.168877777777778
            ],
            [
              -75.16611111111112,
              6.169155555555556
            ],
            [
              -75.16583333333334,
              6.169155555555556
            ],
            [
              -75.16583333333334,
              6.169711111111111
            ],
            [
              -75.165,
              6.169711111111111
            ],
            [
              -75.165,
              6.169433333333334
            ],
            [
              -75.16388888888889,
              6.169433333333334
            ],
            [
              -75.16388888888889,
              6.169711111111111
            ],
            [
              -75.16361111111111,
              6.169711111111111
            ],
            [
              -75.16361111111111,
              6.170266666666667
            ],
            [
              -75.16333333333334,
              6.170266666666667
            ],
            [
              -75.16333333333334,
              6.170544444444444
            ],
            [
              -75.16277777777778,
              6.170544444444444
            ],
            [
              -75.16277777777778,
              6.170822222222222
            ],
            [
              -75.16194444444444,
              6.170822222222222
            ],
            [
              -75.16194444444444,
              6.1711
            ],
            [
              -75.16166666666668,
              6.1711
            ],
            [
              -75.16166666666668,
              6.171377777777778
            ],
            [
              -75.1613888888889,
              6.171377777777778
            ],
            [
              -75.1613888888889,
              6.171655555555556
            ],
            [
              -75.16055555555556,
              6.171655555555556
            ],
            [
              -75.16055555555556,
              6.1719333333333335
            ],
            [
              -75.16027777777778,
              6.1719333333333335
            ],
            [
              -75.16027777777778,
              6.172211111111111
            ],
            [
              -75.15944444444445,
              6.172211111111111
            ],
            [
              -75.15944444444445,
              6.172488888888889
            ],
            [
              -75.15861111111111,
              6.172488888888889
            ],
            [
              -75.15861111111111,
              6.172766666666667
            ],
            [
              -75.15833333333333,
              6.172766666666667
            ],
            [
              -75.15833333333333,
              6.173044444444445
            ],
            [
              -75.15805555555556,
              6.173044444444445
            ],
            [
              -75.15805555555556,
              6.173322222222223
            ],
            [
              -75.15777777777778,
              6.173322222222223
            ],
            [
              -75.15777777777778,
              6.1736
            ],
            [
              -75.1575,
              6.1736
            ],
            [
              -75.1575,
              6.173877777777778
            ],
            [
              -75.15694444444445,
              6.173877777777778
            ],
            [
              -75.15694444444445,
              6.174155555555556
            ],
            [
              -75.15527777777778,
              6.174155555555556
            ],
            [
              -75.15527777777778,
              6.173877777777778
            ],
            [
              -75.155,
              6.173877777777778
            ],
            [
              -75.155,
              6.174155555555556
            ],
            [
              -75.15472222222222,
              6.174155555555556
            ],
            [
              -75.15472222222222,
              6.174433333333334
            ],
            [
              -75.15333333333334,
              6.174433333333334
            ],
            [
              -75.15333333333334,
              6.174155555555556
            ],
            [
              -75.15305555555555,
              6.174155555555556
            ],
            [
              -75.15305555555555,
              6.173877777777778
            ],
            [
              -75.1525,
              6.173877777777778
            ],
            [
              -75.1525,
              6.173322222222223
            ],
            [
              -75.15166666666667,
              6.173322222222223
            ],
            [
              -75.15166666666667,
              6.173044444444445
            ],
            [
              -75.15138888888889,
              6.173044444444445
            ],
            [
              -75.15138888888889,
              6.172766666666667
            ],
            [
              -75.15111111111112,
              6.172766666666667
            ],
            [
              -75.15111111111112,
              6.173044444444445
            ],
            [
              -75.15083333333334,
              6.173044444444445
            ],
            [
              -75.15083333333334,
              6.173322222222223
            ],
            [
              -75.15055555555556,
              6.173322222222223
            ],
            [
              -75.15055555555556,
              6.173877777777778
            ],
            [
              -75.15083333333334,
              6.173877777777778
            ],
            [
              -75.15083333333334,
              6.174155555555556
            ],
            [
              -75.15055555555556,
              6.174155555555556
            ],
            [
              -75.15055555555556,
              6.174711111111112
            ],
            [
              -75.15083333333334,
              6.174711111111112
            ],
            [
              -75.15083333333334,
              6.1749888888888895
            ],
            [
              -75.15055555555556,
              6.1749888888888895
            ],
            [
              -75.15055555555556,
              6.175544444444444
            ],
            [
              -75.15027777777779,
              6.175544444444444
            ],
            [
              -75.15027777777779,
              6.175822222222222
            ],
            [
              -75.15,
              6.175822222222222
            ],
            [
              -75.15,
              6.1761
            ],
            [
              -75.14888888888889,
              6.1761
            ],
            [
              -75.14888888888889,
              6.176377777777778
            ],
            [
              -75.14861111111111,
              6.176377777777778
            ],
            [
              -75.14861111111111,
              6.176655555555556
            ],
            [
              -75.14833333333334,
              6.176655555555556
            ],
            [
              -75.14833333333334,
              6.177211111111111
            ],
            [
              -75.14777777777778,
              6.177211111111111
            ],
            [
              -75.14777777777778,
              6.177488888888889
            ],
            [
              -75.14750000000001,
              6.177488888888889
            ],
            [
              -75.14750000000001,
              6.179155555555556
            ],
            [
              -75.14777777777778,
              6.179155555555556
            ],
            [
              -75.14777777777778,
              6.179433333333334
            ],
            [
              -75.14805555555556,
              6.179433333333334
            ],
            [
              -75.14805555555556,
              6.180266666666667
            ],
            [
              -75.14777777777778,
              6.180266666666667
            ],
            [
              -75.14777777777778,
              6.181100000000001
            ],
            [
              -75.14722222222223,
              6.181100000000001
            ],
            [
              -75.14722222222223,
              6.180822222222222
            ],
            [
              -75.1463888888889,
              6.180822222222222
            ],
            [
              -75.1463888888889,
              6.181100000000001
            ],
            [
              -75.14555555555556,
              6.181100000000001
            ],
            [
              -75.14555555555556,
              6.180822222222222
            ],
            [
              -75.14500000000001,
              6.180822222222222
            ],
            [
              -75.14500000000001,
              6.181100000000001
            ],
            [
              -75.14472222222223,
              6.181100000000001
            ],
            [
              -75.14472222222223,
              6.182211111111111
            ],
            [
              -75.14444444444445,
              6.182211111111111
            ],
            [
              -75.14444444444445,
              6.183044444444445
            ],
            [
              -75.14527777777778,
              6.183044444444445
            ],
            [
              -75.14527777777778,
              6.183322222222222
            ],
            [
              -75.14583333333334,
              6.183322222222222
            ],
            [
              -75.14583333333334,
              6.184155555555556
            ],
            [
              -75.14611111111111,
              6.184155555555556
            ],
            [
              -75.14611111111111,
              6.184433333333334
            ],
            [
              -75.1463888888889,
              6.184433333333334
            ],
            [
              -75.1463888888889,
              6.186377777777778
            ],
            [
              -75.14611111111111,
              6.186377777777778
            ],
            [
              -75.14611111111111,
              6.186655555555555
            ],
            [
              -75.14583333333334,
              6.186655555555555
            ],
            [
              -75.14583333333334,
              6.188322222222222
            ],
            [
              -75.14611111111111,
              6.188322222222222
            ],
            [
              -75.14611111111111,
              6.1886
            ],
            [
              -75.14555555555556,
              6.1886
            ],
            [
              -75.14555555555556,
              6.189433333333334
            ],
            [
              -75.14527777777778,
              6.189433333333334
            ],
            [
              -75.14527777777778,
              6.189711111111111
            ],
            [
              -75.14500000000001,
              6.189711111111111
            ],
            [
              -75.14500000000001,
              6.189988888888889
            ],
            [
              -75.14472222222223,
              6.189988888888889
            ],
            [
              -75.14472222222223,
              6.190266666666667
            ],
            [
              -75.14416666666666,
              6.190266666666667
            ],
            [
              -75.14416666666666,
              6.190544444444445
            ],
            [
              -75.14333333333333,
              6.190544444444445
            ],
            [
              -75.14333333333333,
              6.190822222222223
            ],
            [
              -75.1425,
              6.190822222222223
            ],
            [
              -75.1425,
              6.1911000000000005
            ],
            [
              -75.14194444444445,
              6.1911000000000005
            ],
            [
              -75.14194444444445,
              6.191377777777778
            ],
            [
              -75.14166666666667,
              6.191377777777778
            ],
            [
              -75.14166666666667,
              6.192488888888889
            ],
            [
              -75.14194444444445,
              6.192488888888889
            ],
            [
              -75.14194444444445,
              6.193044444444444
            ],
            [
              -75.14166666666667,
              6.193044444444444
            ],
            [
              -75.14166666666667,
              6.194711111111111
            ],
            [
              -75.14194444444445,
              6.194711111111111
            ],
            [
              -75.14194444444445,
              6.195266666666667
            ],
            [
              -75.14222222222223,
              6.195266666666667
            ],
            [
              -75.14222222222223,
              6.195544444444445
            ],
            [
              -75.1425,
              6.195544444444445
            ],
            [
              -75.1425,
              6.195822222222223
            ],
            [
              -75.14333333333333,
              6.195822222222223
            ],
            [
              -75.14333333333333,
              6.1961
            ],
            [
              -75.14361111111111,
              6.1961
            ],
            [
              -75.14361111111111,
              6.198044444444445
            ],
            [
              -75.14333333333333,
              6.198044444444445
            ],
            [
              -75.14333333333333,
              6.198322222222222
            ],
            [
              -75.14305555555556,
              6.198322222222222
            ],
            [
              -75.14305555555556,
              6.1986
            ],
            [
              -75.14277777777778,
              6.1986
            ],
            [
              -75.14277777777778,
              6.199433333333333
            ],
            [
              -75.14222222222223,
              6.199433333333333
            ],
            [
              -75.14222222222223,
              6.199988888888889
            ],
            [
              -75.14194444444445,
              6.199988888888889
            ],
            [
              -75.14194444444445,
              6.2008222222222225
            ],
            [
              -75.14166666666667,
              6.2008222222222225
            ],
            [
              -75.14166666666667,
              6.201377777777778
            ],
            [
              -75.14111111111112,
              6.201377777777778
            ],
            [
              -75.14111111111112,
              6.202488888888889
            ],
            [
              -75.14027777777778,
              6.202488888888889
            ],
            [
              -75.14027777777778,
              6.202766666666667
            ],
            [
              -75.13972222222223,
              6.202766666666667
            ],
            [
              -75.13972222222223,
              6.203322222222223
            ],
            [
              -75.13944444444445,
              6.203322222222223
            ],
            [
              -75.13944444444445,
              6.2036
            ],
            [
              -75.13916666666667,
              6.2036
            ],
            [
              -75.13916666666667,
              6.204155555555555
            ],
            [
              -75.13888888888889,
              6.204155555555555
            ],
            [
              -75.13888888888889,
              6.204433333333333
            ],
            [
              -75.13861111111112,
              6.204433333333333
            ],
            [
              -75.13861111111112,
              6.204711111111111
            ],
            [
              -75.13805555555555,
              6.204711111111111
            ],
            [
              -75.13805555555555,
              6.204988888888889
            ],
            [
              -75.13777777777779,
              6.204988888888889
            ],
            [
              -75.13777777777779,
              6.2055444444444445
            ],
            [
              -75.1375,
              6.2055444444444445
            ],
            [
              -75.1375,
              6.2061
            ],
            [
              -75.13722222222222,
              6.2061
            ],
            [
              -75.13722222222222,
              6.207488888888889
            ],
            [
              -75.13694444444445,
              6.207488888888889
            ],
            [
              -75.13694444444445,
              6.208877777777778
            ],
            [
              -75.13638888888889,
              6.208877777777778
            ],
            [
              -75.13638888888889,
              6.209155555555556
            ],
            [
              -75.13583333333334,
              6.209155555555556
            ],
            [
              -75.13583333333334,
              6.209433333333333
            ],
            [
              -75.13555555555556,
              6.209433333333333
            ],
            [
              -75.13555555555556,
              6.209711111111111
            ],
            [
              -75.13388888888889,
              6.209711111111111
            ],
            [
              -75.13388888888889,
              6.209433333333333
            ],
            [
              -75.13333333333334,
              6.209433333333333
            ],
            [
              -75.13333333333334,
              6.209711111111111
            ],
            [
              -75.13194444444444,
              6.209711111111111
            ],
            [
              -75.13194444444444,
              6.209988888888889
            ],
            [
              -75.13138888888889,
              6.209988888888889
            ],
            [
              -75.13138888888889,
              6.210266666666667
            ],
            [
              -75.12916666666668,
              6.210266666666667
            ],
            [
              -75.12916666666668,
              6.210544444444444
            ],
            [
              -75.1288888888889,
              6.210544444444444
            ],
            [
              -75.1288888888889,
              6.210822222222222
            ],
            [
              -75.12861111111111,
              6.210822222222222
            ],
            [
              -75.12861111111111,
              6.211377777777778
            ],
            [
              -75.1288888888889,
              6.211377777777778
            ],
            [
              -75.1288888888889,
              6.212211111111111
            ],
            [
              -75.12916666666668,
              6.212211111111111
            ],
            [
              -75.12916666666668,
              6.212488888888889
            ],
            [
              -75.12944444444445,
              6.212488888888889
            ],
            [
              -75.12944444444445,
              6.2136000000000005
            ],
            [
              -75.12972222222223,
              6.2136000000000005
            ],
            [
              -75.12972222222223,
              6.214433333333334
            ],
            [
              -75.12944444444445,
              6.214433333333334
            ],
            [
              -75.12944444444445,
              6.216933333333333
            ],
            [
              -75.12972222222223,
              6.216933333333333
            ],
            [
              -75.12972222222223,
              6.217766666666667
            ],
            [
              -75.13000000000001,
              6.217766666666667
            ],
            [
              -75.13000000000001,
              6.218044444444445
            ],
            [
              -75.12972222222223,
              6.218044444444445
            ],
            [
              -75.12972222222223,
              6.2186
            ],
            [
              -75.12944444444445,
              6.2186
            ],
            [
              -75.12944444444445,
              6.218877777777778
            ],
            [
              -75.12972222222223,
              6.218877777777778
            ],
            [
              -75.12972222222223,
              6.2199888888888895
            ],
            [
              -75.13000000000001,
              6.2199888888888895
            ],
            [
              -75.13000000000001,
              6.2216555555555555
            ],
            [
              -75.12972222222223,
              6.2216555555555555
            ],
            [
              -75.12972222222223,
              6.222211111111111
            ],
            [
              -75.12944444444445,
              6.222211111111111
            ],
            [
              -75.12944444444445,
              6.223044444444445
            ],
            [
              -75.12972222222223,
              6.223044444444445
            ],
            [
              -75.12972222222223,
              6.224155555555556
            ],
            [
              -75.13000000000001,
              6.224155555555556
            ],
            [
              -75.13000000000001,
              6.224433333333334
            ],
            [
              -75.13027777777778,
              6.224433333333334
            ],
            [
              -75.13027777777778,
              6.2247111111111115
            ],
            [
              -75.13083333333334,
              6.2247111111111115
            ],
            [
              -75.13083333333334,
              6.225822222222223
            ],
            [
              -75.13055555555556,
              6.225822222222223
            ],
            [
              -75.13055555555556,
              6.227766666666667
            ],
            [
              -75.13083333333334,
              6.227766666666667
            ],
            [
              -75.13083333333334,
              6.229988888888889
            ],
            [
              -75.13111111111111,
              6.229988888888889
            ],
            [
              -75.13111111111111,
              6.230822222222223
            ],
            [
              -75.13083333333334,
              6.230822222222223
            ],
            [
              -75.13083333333334,
              6.232488888888889
            ],
            [
              -75.13111111111111,
              6.232488888888889
            ],
            [
              -75.13111111111111,
              6.233322222222222
            ],
            [
              -75.12944444444445,
              6.233322222222222
            ],
            [
              -75.12944444444445,
              6.2336
            ],
            [
              -75.12805555555556,
              6.2336
            ],
            [
              -75.12805555555556,
              6.233877777777778
            ],
            [
              -75.12777777777778,
              6.233877777777778
            ],
            [
              -75.12777777777778,
              6.234155555555556
            ],
            [
              -75.12722222222223,
              6.234155555555556
            ],
            [
              -75.12722222222223,
              6.2344333333333335
            ],
            [
              -75.12694444444445,
              6.2344333333333335
            ],
            [
              -75.12694444444445,
              6.234711111111111
            ],
            [
              -75.12666666666667,
              6.234711111111111
            ],
            [
              -75.12666666666667,
              6.234988888888889
            ],
            [
              -75.1263888888889,
              6.234988888888889
            ],
            [
              -75.1263888888889,
              6.235266666666667
            ],
            [
              -75.12611111111111,
              6.235266666666667
            ],
            [
              -75.12611111111111,
              6.235544444444445
            ],
            [
              -75.1263888888889,
              6.235544444444445
            ],
            [
              -75.1263888888889,
              6.235822222222223
            ],
            [
              -75.12611111111111,
              6.235822222222223
            ],
            [
              -75.12611111111111,
              6.237211111111112
            ],
            [
              -75.1263888888889,
              6.237211111111112
            ],
            [
              -75.1263888888889,
              6.2374888888888895
            ],
            [
              -75.12666666666667,
              6.2374888888888895
            ],
            [
              -75.12666666666667,
              6.237766666666667
            ],
            [
              -75.12694444444445,
              6.237766666666667
            ],
            [
              -75.12694444444445,
              6.238044444444444
            ],
            [
              -75.12722222222223,
              6.238044444444444
            ],
            [
              -75.12722222222223,
              6.238322222222222
            ],
            [
              -75.12694444444445,
              6.238322222222222
            ],
            [
              -75.12694444444445,
              6.2386
            ],
            [
              -75.12666666666667,
              6.2386
            ],
            [
              -75.12666666666667,
              6.239155555555556
            ],
            [
              -75.1263888888889,
              6.239155555555556
            ],
            [
              -75.1263888888889,
              6.239433333333333
            ],
            [
              -75.12611111111111,
              6.239433333333333
            ],
            [
              -75.12611111111111,
              6.239988888888889
            ],
            [
              -75.1263888888889,
              6.239988888888889
            ],
            [
              -75.1263888888889,
              6.240544444444445
            ],
            [
              -75.12666666666667,
              6.240544444444445
            ],
            [
              -75.12666666666667,
              6.241933333333334
            ],
            [
              -75.12694444444445,
              6.241933333333334
            ],
            [
              -75.12694444444445,
              6.242488888888889
            ],
            [
              -75.12722222222223,
              6.242488888888889
            ],
            [
              -75.12722222222223,
              6.243600000000001
            ],
            [
              -75.12805555555556,
              6.243600000000001
            ],
            [
              -75.12805555555556,
              6.2441555555555555
            ],
            [
              -75.12861111111111,
              6.2441555555555555
            ],
            [
              -75.12861111111111,
              6.244433333333333
            ],
            [
              -75.12972222222223,
              6.244433333333333
            ],
            [
              -75.12972222222223,
              6.244711111111111
            ],
            [
              -75.13027777777778,
              6.244711111111111
            ],
            [
              -75.13027777777778,
              6.244988888888889
            ],
            [
              -75.13055555555556,
              6.244988888888889
            ],
            [
              -75.13055555555556,
              6.245266666666667
            ],
            [
              -75.13111111111111,
              6.245266666666667
            ],
            [
              -75.13111111111111,
              6.245544444444445
            ],
            [
              -75.13138888888889,
              6.245544444444445
            ],
            [
              -75.13138888888889,
              6.245822222222222
            ],
            [
              -75.13194444444444,
              6.245822222222222
            ],
            [
              -75.13194444444444,
              6.2461
            ],
            [
              -75.13222222222223,
              6.2461
            ],
            [
              -75.13222222222223,
              6.246377777777778
            ],
            [
              -75.13250000000001,
              6.246377777777778
            ],
            [
              -75.13250000000001,
              6.246655555555556
            ],
            [
              -75.13277777777778,
              6.246655555555556
            ],
            [
              -75.13277777777778,
              6.2472111111111115
            ],
            [
              -75.13305555555556,
              6.2472111111111115
            ],
            [
              -75.13305555555556,
              6.247488888888889
            ],
            [
              -75.13333333333334,
              6.247488888888889
            ],
            [
              -75.13333333333334,
              6.247766666666667
            ],
            [
              -75.13361111111111,
              6.247766666666667
            ],
            [
              -75.13361111111111,
              6.248600000000001
            ],
            [
              -75.13416666666667,
              6.248600000000001
            ],
            [
              -75.13416666666667,
              6.248877777777778
            ],
            [
              -75.13444444444445,
              6.248877777777778
            ],
            [
              -75.13444444444445,
              6.249155555555555
            ],
            [
              -75.135,
              6.249155555555555
            ],
            [
              -75.135,
              6.249433333333333
            ],
            [
              -75.13527777777779,
              6.249433333333333
            ],
            [
              -75.13527777777779,
              6.249711111111111
            ],
            [
              -75.13555555555556,
              6.249711111111111
            ],
            [
              -75.13555555555556,
              6.249988888888889
            ],
            [
              -75.13611111111112,
              6.249988888888889
            ],
            [
              -75.13611111111112,
              6.250266666666667
            ],
            [
              -75.13666666666667,
              6.250266666666667
            ],
            [
              -75.13666666666667,
              6.2505444444444445
            ],
            [
              -75.13694444444445,
              6.2505444444444445
            ],
            [
              -75.13694444444445,
              6.250822222222222
            ],
            [
              -75.1375,
              6.250822222222222
            ],
            [
              -75.1375,
              6.2511
            ],
            [
              -75.13833333333334,
              6.2511
            ],
            [
              -75.13833333333334,
              6.250822222222222
            ],
            [
              -75.13888888888889,
              6.250822222222222
            ],
            [
              -75.13888888888889,
              6.2505444444444445
            ],
            [
              -75.13944444444445,
              6.2505444444444445
            ],
            [
              -75.13944444444445,
              6.250266666666667
            ],
            [
              -75.14083333333333,
              6.250266666666667
            ],
            [
              -75.14083333333333,
              6.2505444444444445
            ],
            [
              -75.14111111111112,
              6.2505444444444445
            ],
            [
              -75.14111111111112,
              6.251377777777778
            ],
            [
              -75.1413888888889,
              6.251377777777778
            ],
            [
              -75.1413888888889,
              6.251933333333334
            ],
            [
              -75.14166666666667,
              6.251933333333334
            ],
            [
              -75.14166666666667,
              6.252211111111111
            ],
            [
              -75.14194444444445,
              6.252211111111111
            ],
            [
              -75.14194444444445,
              6.252488888888889
            ],
            [
              -75.14222222222223,
              6.252488888888889
            ],
            [
              -75.14222222222223,
              6.252766666666667
            ],
            [
              -75.1425,
              6.252766666666667
            ],
            [
              -75.1425,
              6.253044444444445
            ],
            [
              -75.14333333333333,
              6.253044444444445
            ],
            [
              -75.14333333333333,
              6.253322222222223
            ],
            [
              -75.14361111111111,
              6.253322222222223
            ],
            [
              -75.14361111111111,
              6.253877777777778
            ],
            [
              -75.1438888888889,
              6.253877777777778
            ],
            [
              -75.1438888888889,
              6.254711111111112
            ],
            [
              -75.14416666666666,
              6.254711111111112
            ],
            [
              -75.14416666666666,
              6.255544444444444
            ],
            [
              -75.14472222222223,
              6.255544444444444
            ],
            [
              -75.14472222222223,
              6.255822222222222
            ],
            [
              -75.14527777777778,
              6.255822222222222
            ],
            [
              -75.14527777777778,
              6.2561
            ],
            [
              -75.14611111111111,
              6.2561
            ],
            [
              -75.14611111111111,
              6.256377777777778
            ],
            [
              -75.1463888888889,
              6.256377777777778
            ],
            [
              -75.1463888888889,
              6.2569333333333335
            ],
            [
              -75.14666666666668,
              6.2569333333333335
            ],
            [
              -75.14666666666668,
              6.257488888888889
            ],
            [
              -75.1463888888889,
              6.257488888888889
            ],
            [
              -75.1463888888889,
              6.257766666666667
            ],
            [
              -75.14611111111111,
              6.257766666666667
            ],
            [
              -75.14611111111111,
              6.258877777777778
            ],
            [
              -75.14583333333334,
              6.258877777777778
            ],
            [
              -75.14583333333334,
              6.259433333333334
            ],
            [
              -75.14611111111111,
              6.259433333333334
            ],
            [
              -75.14611111111111,
              6.259711111111112
            ],
            [
              -75.14666666666668,
              6.259711111111112
            ],
            [
              -75.14666666666668,
              6.2599888888888895
            ],
            [
              -75.14694444444444,
              6.2599888888888895
            ],
            [
              -75.14694444444444,
              6.260822222222222
            ],
            [
              -75.14722222222223,
              6.260822222222222
            ],
            [
              -75.14722222222223,
              6.2611
            ],
            [
              -75.14750000000001,
              6.2611
            ],
            [
              -75.14750000000001,
              6.261933333333333
            ],
            [
              -75.14777777777778,
              6.261933333333333
            ],
            [
              -75.14777777777778,
              6.262211111111111
            ],
            [
              -75.14833333333334,
              6.262211111111111
            ],
            [
              -75.14833333333334,
              6.262766666666667
            ],
            [
              -75.14861111111111,
              6.262766666666667
            ],
            [
              -75.14861111111111,
              6.263044444444445
            ],
            [
              -75.14916666666667,
              6.263044444444445
            ],
            [
              -75.14916666666667,
              6.262766666666667
            ],
            [
              -75.14944444444444,
              6.262766666666667
            ],
            [
              -75.14944444444444,
              6.262488888888889
            ],
            [
              -75.15,
              6.262488888888889
            ],
            [
              -75.15,
              6.262766666666667
            ],
            [
              -75.15027777777779,
              6.262766666666667
            ],
            [
              -75.15027777777779,
              6.263044444444445
            ],
            [
              -75.15055555555556,
              6.263044444444445
            ],
            [
              -75.15055555555556,
              6.2636
            ],
            [
              -75.15138888888889,
              6.2636
            ],
            [
              -75.15138888888889,
              6.2633222222222225
            ],
            [
              -75.15194444444445,
              6.2633222222222225
            ],
            [
              -75.15194444444445,
              6.2636
            ],
            [
              -75.15222222222222,
              6.2636
            ],
            [
              -75.15222222222222,
              6.263877777777778
            ],
            [
              -75.15305555555555,
              6.263877777777778
            ],
            [
              -75.15305555555555,
              6.262766666666667
            ],
            [
              -75.15388888888889,
              6.262766666666667
            ],
            [
              -75.15388888888889,
              6.262488888888889
            ],
            [
              -75.15555555555557,
              6.262488888888889
            ],
            [
              -75.15555555555557,
              6.262766666666667
            ],
            [
              -75.15583333333333,
              6.262766666666667
            ],
            [
              -75.15583333333333,
              6.263044444444445
            ],
            [
              -75.15694444444445,
              6.263044444444445
            ],
            [
              -75.15694444444445,
              6.262488888888889
            ],
            [
              -75.15722222222223,
              6.262488888888889
            ],
            [
              -75.15722222222223,
              6.262211111111111
            ],
            [
              -75.1575,
              6.262211111111111
            ],
            [
              -75.1575,
              6.261933333333333
            ],
            [
              -75.15861111111111,
              6.261933333333333
            ],
            [
              -75.15861111111111,
              6.261377777777778
            ],
            [
              -75.15916666666666,
              6.261377777777778
            ],
            [
              -75.15916666666666,
              6.2611
            ],
            [
              -75.16055555555556,
              6.2611
            ],
            [
              -75.16055555555556,
              6.261377777777778
            ],
            [
              -75.16083333333334,
              6.261377777777778
            ],
            [
              -75.16083333333334,
              6.261933333333333
            ],
            [
              -75.16111111111111,
              6.261933333333333
            ],
            [
              -75.16111111111111,
              6.262488888888889
            ],
            [
              -75.1613888888889,
              6.262488888888889
            ],
            [
              -75.1613888888889,
              6.262211111111111
            ],
            [
              -75.16305555555556,
              6.262211111111111
            ],
            [
              -75.16305555555556,
              6.261933333333333
            ],
            [
              -75.16361111111111,
              6.261933333333333
            ],
            [
              -75.16361111111111,
              6.2616555555555555
            ],
            [
              -75.16388888888889,
              6.2616555555555555
            ],
            [
              -75.16388888888889,
              6.261377777777778
            ],
            [
              -75.16444444444444,
              6.261377777777778
            ],
            [
              -75.16444444444444,
              6.2616555555555555
            ],
            [
              -75.16527777777777,
              6.2616555555555555
            ],
            [
              -75.16527777777777,
              6.262488888888889
            ],
            [
              -75.16555555555556,
              6.262488888888889
            ],
            [
              -75.16555555555556,
              6.262766666666667
            ],
            [
              -75.16583333333334,
              6.262766666666667
            ],
            [
              -75.16583333333334,
              6.263044444444445
            ],
            [
              -75.16611111111112,
              6.263044444444445
            ],
            [
              -75.16611111111112,
              6.262766666666667
            ],
            [
              -75.16638888888889,
              6.262766666666667
            ],
            [
              -75.16638888888889,
              6.263044444444445
            ],
            [
              -75.16666666666667,
              6.263044444444445
            ],
            [
              -75.16666666666667,
              6.2633222222222225
            ],
            [
              -75.16722222222222,
              6.2633222222222225
            ],
            [
              -75.16722222222222,
              6.263044444444445
            ],
            [
              -75.16777777777779,
              6.263044444444445
            ],
            [
              -75.16777777777779,
              6.262766666666667
            ],
            [
              -75.16805555555555,
              6.262766666666667
            ],
            [
              -75.16805555555555,
              6.262488888888889
            ],
            [
              -75.16833333333334,
              6.262488888888889
            ],
            [
              -75.16833333333334,
              6.262211111111111
            ],
            [
              -75.16916666666667,
              6.262211111111111
            ],
            [
              -75.16916666666667,
              6.261933333333333
            ],
            [
              -75.16972222222222,
              6.261933333333333
            ],
            [
              -75.16972222222222,
              6.262211111111111
            ],
            [
              -75.17,
              6.262211111111111
            ],
            [
              -75.17,
              6.261933333333333
            ],
            [
              -75.17055555555555,
              6.261933333333333
            ],
            [
              -75.17055555555555,
              6.262211111111111
            ],
            [
              -75.17083333333333,
              6.262211111111111
            ],
            [
              -75.17083333333333,
              6.261933333333333
            ],
            [
              -75.17111111111112,
              6.261933333333333
            ],
            [
              -75.17111111111112,
              6.2616555555555555
            ],
            [
              -75.1738888888889,
              6.2616555555555555
            ],
            [
              -75.1738888888889,
              6.261933333333333
            ],
            [
              -75.17416666666666,
              6.261933333333333
            ],
            [
              -75.17416666666666,
              6.262211111111111
            ],
            [
              -75.17444444444445,
              6.262211111111111
            ],
            [
              -75.17444444444445,
              6.262488888888889
            ],
            [
              -75.17472222222223,
              6.262488888888889
            ],
            [
              -75.17472222222223,
              6.262766666666667
            ],
            [
              -75.17583333333333,
              6.262766666666667
            ],
            [
              -75.17583333333333,
              6.2633222222222225
            ],
            [
              -75.1763888888889,
              6.2633222222222225
            ],
            [
              -75.1763888888889,
              6.2636
            ],
            [
              -75.17611111111111,
              6.2636
            ],
            [
              -75.17611111111111,
              6.264988888888889
            ],
            [
              -75.1763888888889,
              6.264988888888889
            ],
            [
              -75.1763888888889,
              6.265266666666667
            ],
            [
              -75.17694444444444,
              6.265266666666667
            ],
            [
              -75.17694444444444,
              6.265544444444445
            ],
            [
              -75.17861111111111,
              6.265544444444445
            ],
            [
              -75.17861111111111,
              6.265822222222223
            ],
            [
              -75.17916666666667,
              6.265822222222223
            ],
            [
              -75.17916666666667,
              6.2661
            ],
            [
              -75.17944444444444,
              6.2661
            ],
            [
              -75.17944444444444,
              6.2663777777777785
            ],
            [
              -75.17972222222222,
              6.2663777777777785
            ],
            [
              -75.17972222222222,
              6.266655555555555
            ],
            [
              -75.18,
              6.266655555555555
            ],
            [
              -75.18,
              6.266933333333333
            ],
            [
              -75.18055555555556,
              6.266933333333333
            ],
            [
              -75.18055555555556,
              6.267488888888889
            ],
            [
              -75.18027777777777,
              6.267488888888889
            ],
            [
              -75.18027777777777,
              6.267766666666667
            ],
            [
              -75.18138888888889,
              6.267766666666667
            ],
            [
              -75.18138888888889,
              6.267211111111111
            ],
            [
              -75.18194444444445,
              6.267211111111111
            ],
            [
              -75.18194444444445,
              6.266655555555555
            ],
            [
              -75.18222222222222,
              6.266655555555555
            ],
            [
              -75.18222222222222,
              6.2663777777777785
            ],
            [
              -75.18194444444445,
              6.2663777777777785
            ],
            [
              -75.18194444444445,
              6.265822222222223
            ],
            [
              -75.18222222222222,
              6.265822222222223
            ],
            [
              -75.18222222222222,
              6.265544444444445
            ],
            [
              -75.18277777777779,
              6.265544444444445
            ],
            [
              -75.18277777777779,
              6.266655555555555
            ],
            [
              -75.18305555555555,
              6.266655555555555
            ],
            [
              -75.18305555555555,
              6.266933333333333
            ],
            [
              -75.18333333333334,
              6.266933333333333
            ],
            [
              -75.18333333333334,
              6.267766666666667
            ],
            [
              -75.18472222222222,
              6.267766666666667
            ],
            [
              -75.18472222222222,
              6.268322222222222
            ],
            [
              -75.185,
              6.268322222222222
            ],
            [
              -75.185,
              6.269155555555556
            ],
            [
              -75.18527777777778,
              6.269155555555556
            ],
            [
              -75.18527777777778,
              6.269433333333334
            ],
            [
              -75.18583333333333,
              6.269433333333334
            ],
            [
              -75.18583333333333,
              6.2697111111111115
            ],
            [
              -75.18611111111112,
              6.2697111111111115
            ],
            [
              -75.18611111111112,
              6.269988888888889
            ],
            [
              -75.1863888888889,
              6.269988888888889
            ],
            [
              -75.1863888888889,
              6.271377777777778
            ],
            [
              -75.18694444444445,
              6.271377777777778
            ],
            [
              -75.18694444444445,
              6.271655555555556
            ],
            [
              -75.18722222222223,
              6.271655555555556
            ],
            [
              -75.18722222222223,
              6.272211111111111
            ],
            [
              -75.1875,
              6.272211111111111
            ],
            [
              -75.1875,
              6.272488888888889
            ],
            [
              -75.18777777777778,
              6.272488888888889
            ],
            [
              -75.18777777777778,
              6.272766666666667
            ],
            [
              -75.18805555555556,
              6.272766666666667
            ],
            [
              -75.18805555555556,
              6.273877777777778
            ],
            [
              -75.18833333333333,
              6.273877777777778
            ],
            [
              -75.18833333333333,
              6.274155555555556
            ],
            [
              -75.18861111111111,
              6.274155555555556
            ],
            [
              -75.18861111111111,
              6.2744333333333335
            ],
            [
              -75.18916666666667,
              6.2744333333333335
            ],
            [
              -75.18916666666667,
              6.274988888888889
            ],
            [
              -75.18944444444445,
              6.274988888888889
            ],
            [
              -75.18944444444445,
              6.275266666666667
            ],
            [
              -75.18972222222223,
              6.275266666666667
            ],
            [
              -75.18972222222223,
              6.275544444444445
            ],
            [
              -75.18944444444445,
              6.275544444444445
            ],
            [
              -75.18944444444445,
              6.275822222222223
            ],
            [
              -75.18916666666667,
              6.275822222222223
            ],
            [
              -75.18916666666667,
              6.277211111111112
            ],
            [
              -75.1888888888889,
              6.277211111111112
            ],
            [
              -75.1888888888889,
              6.27748888888889
            ],
            [
              -75.18861111111111,
              6.27748888888889
            ],
            [
              -75.18861111111111,
              6.2777666666666665
            ],
            [
              -75.18833333333333,
              6.2777666666666665
            ],
            [
              -75.18833333333333,
              6.278044444444444
            ],
            [
              -75.18805555555556,
              6.278044444444444
            ],
            [
              -75.18805555555556,
              6.2811
            ],
            [
              -75.18833333333333,
              6.2811
            ],
            [
              -75.18833333333333,
              6.2808222222222225
            ],
            [
              -75.18861111111111,
              6.2808222222222225
            ],
            [
              -75.18861111111111,
              6.280544444444445
            ],
            [
              -75.1888888888889,
              6.280544444444445
            ],
            [
              -75.1888888888889,
              6.280266666666667
            ],
            [
              -75.18916666666667,
              6.280266666666667
            ],
            [
              -75.18916666666667,
              6.279988888888889
            ],
            [
              -75.18944444444445,
              6.279988888888889
            ],
            [
              -75.18944444444445,
              6.279711111111111
            ],
            [
              -75.18972222222223,
              6.279711111111111
            ],
            [
              -75.18972222222223,
              6.279433333333333
            ],
            [
              -75.19,
              6.279433333333333
            ],
            [
              -75.19,
              6.279155555555556
            ],
            [
              -75.19027777777778,
              6.279155555555556
            ],
            [
              -75.19027777777778,
              6.278877777777778
            ],
            [
              -75.19055555555556,
              6.278877777777778
            ],
            [
              -75.19055555555556,
              6.2786
            ],
            [
              -75.19083333333333,
              6.2786
            ],
            [
              -75.19083333333333,
              6.278322222222222
            ],
            [
              -75.19111111111111,
              6.278322222222222
            ],
            [
              -75.19111111111111,
              6.278044444444444
            ],
            [
              -75.1913888888889,
              6.278044444444444
            ],
            [
              -75.1913888888889,
              6.2777666666666665
            ],
            [
              -75.19166666666668,
              6.2777666666666665
            ],
            [
              -75.19166666666668,
              6.27748888888889
            ],
            [
              -75.19194444444445,
              6.27748888888889
            ],
            [
              -75.19194444444445,
              6.277211111111112
            ],
            [
              -75.19250000000001,
              6.277211111111112
            ],
            [
              -75.19250000000001,
              6.276933333333334
            ],
            [
              -75.19305555555556,
              6.276933333333334
            ],
            [
              -75.19305555555556,
              6.277211111111112
            ],
            [
              -75.19333333333334,
              6.277211111111112
            ],
            [
              -75.19333333333334,
              6.27748888888889
            ],
            [
              -75.19388888888889,
              6.27748888888889
            ],
            [
              -75.19388888888889,
              6.276933333333334
            ],
            [
              -75.19416666666667,
              6.276933333333334
            ],
            [
              -75.19416666666667,
              6.276655555555556
            ],
            [
              -75.19444444444444,
              6.276655555555556
            ],
            [
              -75.19444444444444,
              6.276377777777778
            ],
            [
              -75.19472222222223,
              6.276377777777778
            ],
            [
              -75.19472222222223,
              6.2761000000000005
            ],
            [
              -75.19500000000001,
              6.2761000000000005
            ],
            [
              -75.19500000000001,
              6.275822222222223
            ],
            [
              -75.19527777777778,
              6.275822222222223
            ],
            [
              -75.19527777777778,
              6.275544444444445
            ],
            [
              -75.19638888888889,
              6.275544444444445
            ],
            [
              -75.19638888888889,
              6.275822222222223
            ],
            [
              -75.19722222222222,
              6.275822222222223
            ],
            [
              -75.19722222222222,
              6.275544444444445
            ],
            [
              -75.1975,
              6.275544444444445
            ],
            [
              -75.1975,
              6.275266666666667
            ],
            [
              -75.19777777777779,
              6.275266666666667
            ],
            [
              -75.19777777777779,
              6.274988888888889
            ],
            [
              -75.19805555555556,
              6.274988888888889
            ],
            [
              -75.19805555555556,
              6.274711111111111
            ],
            [
              -75.19833333333334,
              6.274711111111111
            ],
            [
              -75.19833333333334,
              6.2744333333333335
            ],
            [
              -75.19861111111112,
              6.2744333333333335
            ],
            [
              -75.19861111111112,
              6.273877777777778
            ],
            [
              -75.19916666666667,
              6.273877777777778
            ],
            [
              -75.19916666666667,
              6.274155555555556
            ],
            [
              -75.20111111111112,
              6.274155555555556
            ],
            [
              -75.20111111111112,
              6.2744333333333335
            ],
            [
              -75.20138888888889,
              6.2744333333333335
            ],
            [
              -75.20138888888889,
              6.274711111111111
            ],
            [
              -75.20194444444445,
              6.274711111111111
            ],
            [
              -75.20194444444445,
              6.274988888888889
            ],
            [
              -75.20222222222223,
              6.274988888888889
            ],
            [
              -75.20222222222223,
              6.275266666666667
            ],
            [
              -75.20416666666667,
              6.275266666666667
            ],
            [
              -75.20416666666667,
              6.273322222222222
            ],
            [
              -75.20444444444445,
              6.273322222222222
            ],
            [
              -75.20444444444445,
              6.271377777777778
            ],
            [
              -75.20472222222223,
              6.271377777777778
            ],
            [
              -75.20472222222223,
              6.271100000000001
            ],
            [
              -75.205,
              6.271100000000001
            ],
            [
              -75.205,
              6.269988888888889
            ],
            [
              -75.20722222222223,
              6.269988888888889
            ],
            [
              -75.20722222222223,
              6.2697111111111115
            ],
            [
              -75.20750000000001,
              6.2697111111111115
            ],
            [
              -75.20750000000001,
              6.2680444444444445
            ],
            [
              -75.20722222222223,
              6.2680444444444445
            ],
            [
              -75.20722222222223,
              6.267211111111111
            ],
            [
              -75.20694444444445,
              6.267211111111111
            ],
            [
              -75.20694444444445,
              6.266933333333333
            ],
            [
              -75.20722222222223,
              6.266933333333333
            ],
            [
              -75.20722222222223,
              6.266655555555555
            ],
            [
              -75.20750000000001,
              6.266655555555555
            ],
            [
              -75.20750000000001,
              6.2663777777777785
            ],
            [
              -75.20777777777778,
              6.2663777777777785
            ],
            [
              -75.20777777777778,
              6.265266666666667
            ],
            [
              -75.20805555555556,
              6.265266666666667
            ],
            [
              -75.20805555555556,
              6.264711111111112
            ],
            [
              -75.20833333333334,
              6.264711111111112
            ],
            [
              -75.20833333333334,
              6.264433333333334
            ],
            [
              -75.20916666666668,
              6.264433333333334
            ],
            [
              -75.20916666666668,
              6.264155555555556
            ],
            [
              -75.21027777777778,
              6.264155555555556
            ],
            [
              -75.21027777777778,
              6.263877777777778
            ],
            [
              -75.21083333333334,
              6.263877777777778
            ],
            [
              -75.21083333333334,
              6.262488888888889
            ],
            [
              -75.21111111111111,
              6.262488888888889
            ],
            [
              -75.21111111111111,
              6.262211111111111
            ],
            [
              -75.21138888888889,
              6.262211111111111
            ],
            [
              -75.21138888888889,
              6.261933333333333
            ],
            [
              -75.21194444444444,
              6.261933333333333
            ],
            [
              -75.21194444444444,
              6.261377777777778
            ],
            [
              -75.21305555555556,
              6.261377777777778
            ],
            [
              -75.21305555555556,
              6.2611
            ],
            [
              -75.21333333333334,
              6.2611
            ],
            [
              -75.21333333333334,
              6.260822222222222
            ],
            [
              -75.21416666666667,
              6.260822222222222
            ],
            [
              -75.21416666666667,
              6.2611
            ],
            [
              -75.21444444444445,
              6.2611
            ],
            [
              -75.21444444444445,
              6.261377777777778
            ],
            [
              -75.21472222222222,
              6.261377777777778
            ],
            [
              -75.21472222222222,
              6.261933333333333
            ],
            [
              -75.215,
              6.261933333333333
            ],
            [
              -75.215,
              6.262211111111111
            ],
            [
              -75.21527777777779,
              6.262211111111111
            ],
            [
              -75.21527777777779,
              6.2636
            ],
            [
              -75.21555555555555,
              6.2636
            ],
            [
              -75.21555555555555,
              6.263877777777778
            ],
            [
              -75.21777777777778,
              6.263877777777778
            ],
            [
              -75.21777777777778,
              6.2636
            ],
            [
              -75.21916666666667,
              6.2636
            ],
            [
              -75.21916666666667,
              6.2633222222222225
            ],
            [
              -75.21972222222223,
              6.2633222222222225
            ],
            [
              -75.21972222222223,
              6.261933333333333
            ],
            [
              -75.21944444444445,
              6.261933333333333
            ],
            [
              -75.21944444444445,
              6.261377777777778
            ],
            [
              -75.22027777777778,
              6.261377777777778
            ],
            [
              -75.22027777777778,
              6.2611
            ],
            [
              -75.22055555555556,
              6.2611
            ],
            [
              -75.22055555555556,
              6.260822222222222
            ],
            [
              -75.2213888888889,
              6.260822222222222
            ],
            [
              -75.2213888888889,
              6.2616555555555555
            ],
            [
              -75.22166666666666,
              6.2616555555555555
            ],
            [
              -75.22166666666666,
              6.261933333333333
            ],
            [
              -75.22194444444445,
              6.261933333333333
            ],
            [
              -75.22194444444445,
              6.262488888888889
            ],
            [
              -75.22222222222223,
              6.262488888888889
            ],
            [
              -75.22222222222223,
              6.2633222222222225
            ],
            [
              -75.2225,
              6.2633222222222225
            ],
            [
              -75.2225,
              6.2636
            ],
            [
              -75.22222222222223,
              6.2636
            ],
            [
              -75.22222222222223,
              6.264988888888889
            ],
            [
              -75.22333333333334,
              6.264988888888889
            ],
            [
              -75.22333333333334,
              6.264711111111112
            ],
            [
              -75.22361111111111,
              6.264711111111112
            ],
            [
              -75.22361111111111,
              6.264433333333334
            ],
            [
              -75.22472222222223,
              6.264433333333334
            ],
            [
              -75.22472222222223,
              6.264711111111112
            ],
            [
              -75.22500000000001,
              6.264711111111112
            ],
            [
              -75.22500000000001,
              6.265544444444445
            ],
            [
              -75.22527777777778,
              6.265544444444445
            ],
            [
              -75.22527777777778,
              6.2663777777777785
            ],
            [
              -75.22500000000001,
              6.2663777777777785
            ],
            [
              -75.22500000000001,
              6.267211111111111
            ],
            [
              -75.22472222222223,
              6.267211111111111
            ],
            [
              -75.22472222222223,
              6.268322222222222
            ],
            [
              -75.22500000000001,
              6.268322222222222
            ],
            [
              -75.22500000000001,
              6.269155555555556
            ],
            [
              -75.22472222222223,
              6.269155555555556
            ],
            [
              -75.22472222222223,
              6.269433333333334
            ],
            [
              -75.22666666666667,
              6.269433333333334
            ],
            [
              -75.22666666666667,
              6.2697111111111115
            ],
            [
              -75.22694444444444,
              6.2697111111111115
            ],
            [
              -75.22694444444444,
              6.269988888888889
            ],
            [
              -75.22777777777777,
              6.269988888888889
            ],
            [
              -75.22777777777777,
              6.270266666666667
            ],
            [
              -75.22833333333334,
              6.270266666666667
            ],
            [
              -75.22833333333334,
              6.269988888888889
            ],
            [
              -75.22916666666667,
              6.269988888888889
            ],
            [
              -75.22916666666667,
              6.2697111111111115
            ],
            [
              -75.22944444444445,
              6.2697111111111115
            ],
            [
              -75.22944444444445,
              6.269433333333334
            ],
            [
              -75.22972222222222,
              6.269433333333334
            ],
            [
              -75.22972222222222,
              6.268877777777778
            ],
            [
              -75.23,
              6.268877777777778
            ],
            [
              -75.23,
              6.2680444444444445
            ],
            [
              -75.22972222222222,
              6.2680444444444445
            ],
            [
              -75.22972222222222,
              6.2663777777777785
            ],
            [
              -75.23,
              6.2663777777777785
            ],
            [
              -75.23,
              6.2661
            ],
            [
              -75.23027777777779,
              6.2661
            ],
            [
              -75.23027777777779,
              6.265822222222223
            ],
            [
              -75.23055555555555,
              6.265822222222223
            ],
            [
              -75.23055555555555,
              6.265544444444445
            ],
            [
              -75.23138888888889,
              6.265544444444445
            ],
            [
              -75.23138888888889,
              6.265266666666667
            ],
            [
              -75.23194444444445,
              6.265266666666667
            ],
            [
              -75.23194444444445,
              6.264988888888889
            ],
            [
              -75.23277777777778,
              6.264988888888889
            ],
            [
              -75.23277777777778,
              6.264711111111112
            ],
            [
              -75.23305555555555,
              6.264711111111112
            ],
            [
              -75.23305555555555,
              6.264433333333334
            ],
            [
              -75.2338888888889,
              6.264433333333334
            ],
            [
              -75.2338888888889,
              6.264155555555556
            ],
            [
              -75.23611111111111,
              6.264155555555556
            ],
            [
              -75.23611111111111,
              6.264433333333334
            ],
            [
              -75.2363888888889,
              6.264433333333334
            ],
            [
              -75.2363888888889,
              6.264988888888889
            ],
            [
              -75.23694444444445,
              6.264988888888889
            ],
            [
              -75.23694444444445,
              6.264711111111112
            ],
            [
              -75.2375,
              6.264711111111112
            ],
            [
              -75.2375,
              6.264433333333334
            ],
            [
              -75.23805555555556,
              6.264433333333334
            ],
            [
              -75.23805555555556,
              6.264155555555556
            ],
            [
              -75.23916666666668,
              6.264155555555556
            ],
            [
              -75.23916666666668,
              6.264433333333334
            ],
            [
              -75.23944444444444,
              6.264433333333334
            ],
            [
              -75.23944444444444,
              6.264711111111112
            ],
            [
              -75.24000000000001,
              6.264711111111112
            ],
            [
              -75.24000000000001,
              6.264988888888889
            ],
            [
              -75.24027777777778,
              6.264988888888889
            ],
            [
              -75.24027777777778,
              6.264155555555556
            ],
            [
              -75.24055555555556,
              6.264155555555556
            ],
            [
              -75.24055555555556,
              6.263877777777778
            ],
            [
              -75.24111111111111,
              6.263877777777778
            ],
            [
              -75.24111111111111,
              6.2636
            ],
            [
              -75.24138888888889,
              6.2636
            ],
            [
              -75.24138888888889,
              6.2633222222222225
            ],
            [
              -75.24166666666667,
              6.2633222222222225
            ],
            [
              -75.24166666666667,
              6.262766666666667
            ],
            [
              -75.24194444444444,
              6.262766666666667
            ],
            [
              -75.24194444444444,
              6.262211111111111
            ],
            [
              -75.24277777777777,
              6.262211111111111
            ],
            [
              -75.24277777777777,
              6.261933333333333
            ],
            [
              -75.24388888888889,
              6.261933333333333
            ],
            [
              -75.24388888888889,
              6.2616555555555555
            ],
            [
              -75.24416666666667,
              6.2616555555555555
            ],
            [
              -75.24416666666667,
              6.261933333333333
            ],
            [
              -75.24472222222222,
              6.261933333333333
            ],
            [
              -75.24472222222222,
              6.262211111111111
            ],
            [
              -75.24555555555555,
              6.262211111111111
            ],
            [
              -75.24555555555555,
              6.261933333333333
            ],
            [
              -75.24583333333334,
              6.261933333333333
            ],
            [
              -75.24583333333334,
              6.2616555555555555
            ],
            [
              -75.24611111111112,
              6.2616555555555555
            ],
            [
              -75.24611111111112,
              6.2611
            ],
            [
              -75.24638888888889,
              6.2611
            ],
            [
              -75.24638888888889,
              6.260822222222222
            ],
            [
              -75.24666666666667,
              6.260822222222222
            ],
            [
              -75.24666666666667,
              6.2611
            ],
            [
              -75.24694444444445,
              6.2611
            ],
            [
              -75.24694444444445,
              6.2616555555555555
            ],
            [
              -75.2475,
              6.2616555555555555
            ],
            [
              -75.2475,
              6.261933333333333
            ],
            [
              -75.24805555555555,
              6.261933333333333
            ],
            [
              -75.24805555555555,
              6.2616555555555555
            ],
            [
              -75.24972222222223,
              6.2616555555555555
            ],
            [
              -75.24972222222223,
              6.261933333333333
            ],
            [
              -75.25,
              6.261933333333333
            ],
            [
              -75.25,
              6.262766666666667
            ],
            [
              -75.25027777777778,
              6.262766666666667
            ],
            [
              -75.25027777777778,
              6.263044444444445
            ],
            [
              -75.25055555555556,
              6.263044444444445
            ],
            [
              -75.25055555555556,
              6.263877777777778
            ],
            [
              -75.25083333333333,
              6.263877777777778
            ],
            [
              -75.25083333333333,
              6.264155555555556
            ],
            [
              -75.25166666666667,
              6.264155555555556
            ],
            [
              -75.25166666666667,
              6.264433333333334
            ],
            [
              -75.25194444444445,
              6.264433333333334
            ],
            [
              -75.25194444444445,
              6.264711111111112
            ],
            [
              -75.25333333333333,
              6.264711111111112
            ],
            [
              -75.25333333333333,
              6.264433333333334
            ],
            [
              -75.25444444444445,
              6.264433333333334
            ],
            [
              -75.25444444444445,
              6.264155555555556
            ],
            [
              -75.25472222222223,
              6.264155555555556
            ],
            [
              -75.25472222222223,
              6.2633222222222225
            ],
            [
              -75.25500000000001,
              6.2633222222222225
            ],
            [
              -75.25500000000001,
              6.262766666666667
            ],
            [
              -75.25527777777778,
              6.262766666666667
            ],
            [
              -75.25527777777778,
              6.262211111111111
            ],
            [
              -75.25555555555556,
              6.262211111111111
            ],
            [
              -75.25555555555556,
              6.261933333333333
            ],
            [
              -75.25611111111111,
              6.261933333333333
            ],
            [
              -75.25611111111111,
              6.262211111111111
            ],
            [
              -75.25777777777778,
              6.262211111111111
            ],
            [
              -75.25777777777778,
              6.262488888888889
            ],
            [
              -75.25805555555556,
              6.262488888888889
            ],
            [
              -75.25805555555556,
              6.262766666666667
            ],
            [
              -75.25972222222222,
              6.262766666666667
            ],
            [
              -75.25972222222222,
              6.263044444444445
            ],
            [
              -75.26027777777779,
              6.263044444444445
            ],
            [
              -75.26027777777779,
              6.262766666666667
            ],
            [
              -75.26083333333334,
              6.262766666666667
            ],
            [
              -75.26083333333334,
              6.261933333333333
            ],
            [
              -75.26111111111112,
              6.261933333333333
            ],
            [
              -75.26111111111112,
              6.2611
            ],
            [
              -75.26138888888889,
              6.2611
            ],
            [
              -75.26138888888889,
              6.260822222222222
            ],
            [
              -75.26166666666667,
              6.260822222222222
            ],
            [
              -75.26166666666667,
              6.260266666666667
            ],
            [
              -75.26138888888889,
              6.260266666666667
            ],
            [
              -75.26138888888889,
              6.259433333333334
            ],
            [
              -75.26111111111112,
              6.259433333333334
            ],
            [
              -75.26111111111112,
              6.258877777777778
            ],
            [
              -75.26138888888889,
              6.258877777777778
            ],
            [
              -75.26138888888889,
              6.2586
            ],
            [
              -75.2625,
              6.2586
            ],
            [
              -75.2625,
              6.258877777777778
            ],
            [
              -75.26333333333334,
              6.258877777777778
            ],
            [
              -75.26333333333334,
              6.259155555555556
            ],
            [
              -75.26388888888889,
              6.259155555555556
            ],
            [
              -75.26388888888889,
              6.259433333333334
            ],
            [
              -75.26416666666667,
              6.259433333333334
            ],
            [
              -75.26416666666667,
              6.2599888888888895
            ],
            [
              -75.26444444444445,
              6.2599888888888895
            ],
            [
              -75.26444444444445,
              6.260266666666667
            ],
            [
              -75.26472222222223,
              6.260266666666667
            ],
            [
              -75.26472222222223,
              6.260544444444445
            ],
            [
              -75.26527777777778,
              6.260544444444445
            ],
            [
              -75.26527777777778,
              6.260822222222222
            ],
            [
              -75.26555555555557,
              6.260822222222222
            ],
            [
              -75.26555555555557,
              6.261377777777778
            ],
            [
              -75.26611111111112,
              6.261377777777778
            ],
            [
              -75.26611111111112,
              6.2616555555555555
            ],
            [
              -75.2663888888889,
              6.2616555555555555
            ],
            [
              -75.2663888888889,
              6.261377777777778
            ],
            [
              -75.26666666666667,
              6.261377777777778
            ],
            [
              -75.26666666666667,
              6.2611
            ],
            [
              -75.26722222222223,
              6.2611
            ],
            [
              -75.26722222222223,
              6.260822222222222
            ],
            [
              -75.2675,
              6.260822222222222
            ],
            [
              -75.2675,
              6.260544444444445
            ],
            [
              -75.26805555555556,
              6.260544444444445
            ],
            [
              -75.26805555555556,
              6.260266666666667
            ],
            [
              -75.26861111111111,
              6.260266666666667
            ],
            [
              -75.26861111111111,
              6.260544444444445
            ],
            [
              -75.2688888888889,
              6.260544444444445
            ],
            [
              -75.2688888888889,
              6.260822222222222
            ],
            [
              -75.26916666666666,
              6.260822222222222
            ],
            [
              -75.26916666666666,
              6.2611
            ],
            [
              -75.27083333333334,
              6.2611
            ],
            [
              -75.27083333333334,
              6.260822222222222
            ],
            [
              -75.27055555555556,
              6.260822222222222
            ],
            [
              -75.27055555555556,
              6.260266666666667
            ],
            [
              -75.27083333333334,
              6.260266666666667
            ],
            [
              -75.27083333333334,
              6.259433333333334
            ],
            [
              -75.27111111111111,
              6.259433333333334
            ],
            [
              -75.27111111111111,
              6.259155555555556
            ],
            [
              -75.27250000000001,
              6.259155555555556
            ],
            [
              -75.27250000000001,
              6.259433333333334
            ],
            [
              -75.27277777777778,
              6.259433333333334
            ],
            [
              -75.27277777777778,
              6.2599888888888895
            ],
            [
              -75.27305555555556,
              6.2599888888888895
            ],
            [
              -75.27305555555556,
              6.260544444444445
            ],
            [
              -75.27333333333334,
              6.260544444444445
            ],
            [
              -75.27333333333334,
              6.261377777777778
            ],
            [
              -75.27416666666667,
              6.261377777777778
            ],
            [
              -75.27416666666667,
              6.2616555555555555
            ],
            [
              -75.275,
              6.2616555555555555
            ],
            [
              -75.275,
              6.261933333333333
            ],
            [
              -75.27527777777779,
              6.261933333333333
            ],
            [
              -75.27527777777779,
              6.262211111111111
            ],
            [
              -75.27555555555556,
              6.262211111111111
            ],
            [
              -75.27555555555556,
              6.262488888888889
            ],
            [
              -75.27722222222222,
              6.262488888888889
            ],
            [
              -75.27722222222222,
              6.2633222222222225
            ],
            [
              -75.2775,
              6.2633222222222225
            ],
            [
              -75.2775,
              6.264155555555556
            ],
            [
              -75.27722222222222,
              6.264155555555556
            ],
            [
              -75.27722222222222,
              6.264433333333334
            ],
            [
              -75.2775,
              6.264433333333334
            ],
            [
              -75.2775,
              6.264711111111112
            ],
            [
              -75.27805555555555,
              6.264711111111112
            ],
            [
              -75.27805555555555,
              6.265544444444445
            ],
            [
              -75.27833333333334,
              6.265544444444445
            ],
            [
              -75.27833333333334,
              6.2663777777777785
            ],
            [
              -75.27861111111112,
              6.2663777777777785
            ],
            [
              -75.27861111111112,
              6.269433333333334
            ],
            [
              -75.27777777777779,
              6.269433333333334
            ],
            [
              -75.27777777777779,
              6.269155555555556
            ],
            [
              -75.27694444444445,
              6.269155555555556
            ],
            [
              -75.27694444444445,
              6.268877777777778
            ],
            [
              -75.27666666666667,
              6.268877777777778
            ],
            [
              -75.27666666666667,
              6.2686
            ],
            [
              -75.27555555555556,
              6.2686
            ],
            [
              -75.27555555555556,
              6.269155555555556
            ],
            [
              -75.27527777777779,
              6.269155555555556
            ],
            [
              -75.27527777777779,
              6.269988888888889
            ],
            [
              -75.275,
              6.269988888888889
            ],
            [
              -75.275,
              6.270822222222223
            ],
            [
              -75.27472222222222,
              6.270822222222223
            ],
            [
              -75.27472222222222,
              6.272766666666667
            ],
            [
              -75.27444444444444,
              6.272766666666667
            ],
            [
              -75.27444444444444,
              6.275266666666667
            ],
            [
              -75.27472222222222,
              6.275266666666667
            ],
            [
              -75.27472222222222,
              6.2761000000000005
            ],
            [
              -75.275,
              6.2761000000000005
            ],
            [
              -75.275,
              6.276377777777778
            ],
            [
              -75.27555555555556,
              6.276377777777778
            ],
            [
              -75.27555555555556,
              6.276655555555556
            ],
            [
              -75.27583333333334,
              6.276655555555556
            ],
            [
              -75.27583333333334,
              6.278044444444444
            ],
            [
              -75.27555555555556,
              6.278044444444444
            ],
            [
              -75.27555555555556,
              6.2786
            ],
            [
              -75.27583333333334,
              6.2786
            ],
            [
              -75.27583333333334,
              6.278877777777778
            ],
            [
              -75.27611111111112,
              6.278877777777778
            ],
            [
              -75.27611111111112,
              6.279155555555556
            ],
            [
              -75.27638888888889,
              6.279155555555556
            ],
            [
              -75.27638888888889,
              6.279433333333333
            ],
            [
              -75.27666666666667,
              6.279433333333333
            ],
            [
              -75.27666666666667,
              6.279988888888889
            ],
            [
              -75.27694444444445,
              6.279988888888889
            ],
            [
              -75.27694444444445,
              6.280266666666667
            ],
            [
              -75.27805555555555,
              6.280266666666667
            ],
            [
              -75.27805555555555,
              6.280544444444445
            ],
            [
              -75.27861111111112,
              6.280544444444445
            ],
            [
              -75.27861111111112,
              6.2808222222222225
            ],
            [
              -75.27888888888889,
              6.2808222222222225
            ],
            [
              -75.27888888888889,
              6.2811
            ],
            [
              -75.27916666666667,
              6.2811
            ],
            [
              -75.27916666666667,
              6.281377777777778
            ],
            [
              -75.27944444444445,
              6.281377777777778
            ],
            [
              -75.27944444444445,
              6.281655555555556
            ],
            [
              -75.28027777777778,
              6.281655555555556
            ],
            [
              -75.28027777777778,
              6.281933333333334
            ],
            [
              -75.28083333333333,
              6.281933333333334
            ],
            [
              -75.28083333333333,
              6.283044444444445
            ],
            [
              -75.28055555555557,
              6.283044444444445
            ],
            [
              -75.28055555555557,
              6.2836
            ],
            [
              -75.28027777777778,
              6.2836
            ],
            [
              -75.28027777777778,
              6.2841555555555555
            ],
            [
              -75.28,
              6.2841555555555555
            ],
            [
              -75.28,
              6.284711111111111
            ],
            [
              -75.28027777777778,
              6.284711111111111
            ],
            [
              -75.28027777777778,
              6.285266666666667
            ],
            [
              -75.28055555555557,
              6.285266666666667
            ],
            [
              -75.28055555555557,
              6.285544444444445
            ],
            [
              -75.28111111111112,
              6.285544444444445
            ],
            [
              -75.28111111111112,
              6.285822222222222
            ],
            [
              -75.28222222222223,
              6.285822222222222
            ],
            [
              -75.28222222222223,
              6.285544444444445
            ],
            [
              -75.28277777777778,
              6.285544444444445
            ],
            [
              -75.28277777777778,
              6.285822222222222
            ],
            [
              -75.28472222222223,
              6.285822222222222
            ],
            [
              -75.28472222222223,
              6.2861
            ],
            [
              -75.28555555555556,
              6.2861
            ],
            [
              -75.28555555555556,
              6.286377777777778
            ],
            [
              -75.28583333333334,
              6.286377777777778
            ],
            [
              -75.28583333333334,
              6.2872111111111115
            ],
            [
              -75.28611111111111,
              6.2872111111111115
            ],
            [
              -75.28611111111111,
              6.288044444444445
            ],
            [
              -75.2863888888889,
              6.288044444444445
            ],
            [
              -75.2863888888889,
              6.288322222222223
            ],
            [
              -75.28666666666668,
              6.288322222222223
            ],
            [
              -75.28666666666668,
              6.288600000000001
            ],
            [
              -75.28722222222223,
              6.288600000000001
            ],
            [
              -75.28722222222223,
              6.288877777777778
            ],
            [
              -75.28750000000001,
              6.288877777777778
            ],
            [
              -75.28750000000001,
              6.289433333333333
            ],
            [
              -75.28777777777778,
              6.289433333333333
            ],
            [
              -75.28777777777778,
              6.289711111111111
            ],
            [
              -75.28805555555556,
              6.289711111111111
            ],
            [
              -75.28805555555556,
              6.289988888888889
            ],
            [
              -75.28861111111111,
              6.289988888888889
            ],
            [
              -75.28861111111111,
              6.290266666666667
            ],
            [
              -75.29055555555556,
              6.290266666666667
            ],
            [
              -75.29055555555556,
              6.289988888888889
            ],
            [
              -75.29111111111112,
              6.289988888888889
            ],
            [
              -75.29111111111112,
              6.289711111111111
            ],
            [
              -75.29138888888889,
              6.289711111111111
            ],
            [
              -75.29138888888889,
              6.289988888888889
            ],
            [
              -75.29277777777779,
              6.289988888888889
            ],
            [
              -75.29277777777779,
              6.288877777777778
            ],
            [
              -75.29305555555555,
              6.288877777777778
            ],
            [
              -75.29305555555555,
              6.288600000000001
            ],
            [
              -75.29333333333334,
              6.288600000000001
            ],
            [
              -75.29333333333334,
              6.288322222222223
            ],
            [
              -75.29361111111112,
              6.288322222222223
            ],
            [
              -75.29361111111112,
              6.287488888888889
            ],
            [
              -75.29388888888889,
              6.287488888888889
            ],
            [
              -75.29388888888889,
              6.2872111111111115
            ],
            [
              -75.29416666666667,
              6.2872111111111115
            ],
            [
              -75.29416666666667,
              6.286933333333334
            ],
            [
              -75.29444444444445,
              6.286933333333334
            ],
            [
              -75.29444444444445,
              6.285822222222222
            ],
            [
              -75.29416666666667,
              6.285822222222222
            ],
            [
              -75.29416666666667,
              6.285544444444445
            ],
            [
              -75.29388888888889,
              6.285544444444445
            ],
            [
              -75.29388888888889,
              6.284988888888889
            ],
            [
              -75.29361111111112,
              6.284988888888889
            ],
            [
              -75.29361111111112,
              6.2841555555555555
            ],
            [
              -75.29333333333334,
              6.2841555555555555
            ],
            [
              -75.29333333333334,
              6.283877777777778
            ],
            [
              -75.29416666666667,
              6.283877777777778
            ],
            [
              -75.29416666666667,
              6.2836
            ],
            [
              -75.29444444444445,
              6.2836
            ],
            [
              -75.29444444444445,
              6.283877777777778
            ],
            [
              -75.29472222222222,
              6.283877777777778
            ],
            [
              -75.29472222222222,
              6.2836
            ],
            [
              -75.29694444444445,
              6.2836
            ],
            [
              -75.29694444444445,
              6.283877777777778
            ],
            [
              -75.29722222222223,
              6.283877777777778
            ],
            [
              -75.29722222222223,
              6.283322222222223
            ],
            [
              -75.2975,
              6.283322222222223
            ],
            [
              -75.2975,
              6.281933333333334
            ],
            [
              -75.29722222222223,
              6.281933333333334
            ],
            [
              -75.29722222222223,
              6.2811
            ],
            [
              -75.29805555555556,
              6.2811
            ],
            [
              -75.29805555555556,
              6.2808222222222225
            ],
            [
              -75.29833333333333,
              6.2808222222222225
            ],
            [
              -75.29833333333333,
              6.280544444444445
            ],
            [
              -75.2988888888889,
              6.280544444444445
            ],
            [
              -75.2988888888889,
              6.280266666666667
            ],
            [
              -75.29916666666666,
              6.280266666666667
            ],
            [
              -75.29916666666666,
              6.280544444444445
            ],
            [
              -75.30055555555556,
              6.280544444444445
            ],
            [
              -75.30055555555556,
              6.2808222222222225
            ],
            [
              -75.30111111111111,
              6.2808222222222225
            ],
            [
              -75.30111111111111,
              6.2811
            ],
            [
              -75.3013888888889,
              6.2811
            ],
            [
              -75.3013888888889,
              6.281377777777778
            ],
            [
              -75.30166666666668,
              6.281377777777778
            ],
            [
              -75.30166666666668,
              6.281655555555556
            ],
            [
              -75.30250000000001,
              6.281655555555556
            ],
            [
              -75.30250000000001,
              6.281377777777778
            ],
            [
              -75.30361111111111,
              6.281377777777778
            ],
            [
              -75.30361111111111,
              6.282211111111112
            ],
            [
              -75.30388888888889,
              6.282211111111112
            ],
            [
              -75.30388888888889,
              6.283877777777778
            ],
            [
              -75.30416666666667,
              6.283877777777778
            ],
            [
              -75.30416666666667,
              6.285544444444445
            ],
            [
              -75.30472222222222,
              6.285544444444445
            ],
            [
              -75.30472222222222,
              6.285822222222222
            ],
            [
              -75.30555555555556,
              6.285822222222222
            ],
            [
              -75.30555555555556,
              6.285266666666667
            ],
            [
              -75.30694444444445,
              6.285266666666667
            ],
            [
              -75.30694444444445,
              6.285544444444445
            ],
            [
              -75.30722222222222,
              6.285544444444445
            ],
            [
              -75.30722222222222,
              6.2861
            ],
            [
              -75.30777777777779,
              6.2861
            ],
            [
              -75.30777777777779,
              6.285822222222222
            ],
            [
              -75.30805555555555,
              6.285822222222222
            ],
            [
              -75.30805555555555,
              6.285544444444445
            ],
            [
              -75.30833333333334,
              6.285544444444445
            ],
            [
              -75.30833333333334,
              6.285266666666667
            ],
            [
              -75.30888888888889,
              6.285266666666667
            ],
            [
              -75.30888888888889,
              6.284988888888889
            ],
            [
              -75.30916666666667,
              6.284988888888889
            ],
            [
              -75.30916666666667,
              6.2836
            ],
            [
              -75.30944444444445,
              6.2836
            ],
            [
              -75.30944444444445,
              6.283322222222223
            ],
            [
              -75.31027777777778,
              6.283322222222223
            ],
            [
              -75.31027777777778,
              6.283044444444445
            ],
            [
              -75.31166666666667,
              6.283044444444445
            ],
            [
              -75.31166666666667,
              6.283322222222223
            ],
            [
              -75.31305555555556,
              6.283322222222223
            ],
            [
              -75.31305555555556,
              6.282766666666667
            ],
            [
              -75.31333333333333,
              6.282766666666667
            ],
            [
              -75.31333333333333,
              6.2824888888888895
            ],
            [
              -75.31361111111111,
              6.2824888888888895
            ],
            [
              -75.31361111111111,
              6.282211111111112
            ],
            [
              -75.3138888888889,
              6.282211111111112
            ],
            [
              -75.3138888888889,
              6.281933333333334
            ],
            [
              -75.31444444444445,
              6.281933333333334
            ],
            [
              -75.31444444444445,
              6.281655555555556
            ],
            [
              -75.315,
              6.281655555555556
            ],
            [
              -75.315,
              6.281377777777778
            ],
            [
              -75.31527777777778,
              6.281377777777778
            ],
            [
              -75.31527777777778,
              6.2811
            ],
            [
              -75.31555555555556,
              6.2811
            ],
            [
              -75.31555555555556,
              6.2808222222222225
            ],
            [
              -75.3163888888889,
              6.2808222222222225
            ],
            [
              -75.3163888888889,
              6.2811
            ],
            [
              -75.31694444444445,
              6.2811
            ],
            [
              -75.31694444444445,
              6.281377777777778
            ],
            [
              -75.31722222222223,
              6.281377777777778
            ],
            [
              -75.31722222222223,
              6.2824888888888895
            ],
            [
              -75.31750000000001,
              6.2824888888888895
            ],
            [
              -75.31750000000001,
              6.282766666666667
            ],
            [
              -75.31777777777778,
              6.282766666666667
            ],
            [
              -75.31777777777778,
              6.283044444444445
            ],
            [
              -75.31833333333334,
              6.283044444444445
            ],
            [
              -75.31833333333334,
              6.283322222222223
            ],
            [
              -75.31888888888889,
              6.283322222222223
            ],
            [
              -75.31888888888889,
              6.2841555555555555
            ],
            [
              -75.31916666666667,
              6.2841555555555555
            ],
            [
              -75.31916666666667,
              6.284433333333333
            ],
            [
              -75.31944444444444,
              6.284433333333333
            ],
            [
              -75.31944444444444,
              6.284711111111111
            ],
            [
              -75.31972222222223,
              6.284711111111111
            ],
            [
              -75.31972222222223,
              6.285266666666667
            ],
            [
              -75.32000000000001,
              6.285266666666667
            ],
            [
              -75.32000000000001,
              6.285822222222222
            ],
            [
              -75.32027777777778,
              6.285822222222222
            ],
            [
              -75.32027777777778,
              6.286377777777778
            ],
            [
              -75.32055555555556,
              6.286377777777778
            ],
            [
              -75.32055555555556,
              6.287488888888889
            ],
            [
              -75.32083333333334,
              6.287488888888889
            ],
            [
              -75.32083333333334,
              6.287766666666667
            ],
            [
              -75.32111111111111,
              6.287766666666667
            ],
            [
              -75.32111111111111,
              6.288044444444445
            ],
            [
              -75.32138888888889,
              6.288044444444445
            ],
            [
              -75.32138888888889,
              6.289711111111111
            ],
            [
              -75.32166666666667,
              6.289711111111111
            ],
            [
              -75.32166666666667,
              6.289988888888889
            ],
            [
              -75.32194444444445,
              6.289988888888889
            ],
            [
              -75.32194444444445,
              6.290266666666667
            ],
            [
              -75.32222222222222,
              6.290266666666667
            ],
            [
              -75.32222222222222,
              6.2905444444444445
            ],
            [
              -75.32277777777779,
              6.2905444444444445
            ],
            [
              -75.32277777777779,
              6.291377777777778
            ],
            [
              -75.32305555555556,
              6.291377777777778
            ],
            [
              -75.32305555555556,
              6.292211111111111
            ],
            [
              -75.32333333333334,
              6.292211111111111
            ],
            [
              -75.32333333333334,
              6.292488888888889
            ],
            [
              -75.32361111111112,
              6.292488888888889
            ],
            [
              -75.32361111111112,
              6.292766666666667
            ],
            [
              -75.32444444444445,
              6.292766666666667
            ],
            [
              -75.32444444444445,
              6.293044444444445
            ],
            [
              -75.325,
              6.293044444444445
            ],
            [
              -75.325,
              6.294433333333334
            ],
            [
              -75.32472222222222,
              6.294433333333334
            ],
            [
              -75.32472222222222,
              6.295544444444444
            ],
            [
              -75.32444444444445,
              6.295544444444444
            ],
            [
              -75.32444444444445,
              6.296655555555556
            ],
            [
              -75.32416666666667,
              6.296655555555556
            ],
            [
              -75.32416666666667,
              6.297488888888889
            ],
            [
              -75.32388888888889,
              6.297488888888889
            ],
            [
              -75.32388888888889,
              6.298044444444445
            ],
            [
              -75.32416666666667,
              6.298044444444445
            ],
            [
              -75.32416666666667,
              6.299433333333334
            ],
            [
              -75.32444444444445,
              6.299433333333334
            ],
            [
              -75.32444444444445,
              6.300544444444444
            ],
            [
              -75.32472222222222,
              6.300544444444444
            ],
            [
              -75.32472222222222,
              6.301377777777778
            ],
            [
              -75.32444444444445,
              6.301377777777778
            ],
            [
              -75.32444444444445,
              6.3033222222222225
            ],
            [
              -75.32416666666667,
              6.3033222222222225
            ],
            [
              -75.32416666666667,
              6.3036
            ],
            [
              -75.32388888888889,
              6.3036
            ],
            [
              -75.32388888888889,
              6.303877777777778
            ],
            [
              -75.32361111111112,
              6.303877777777778
            ],
            [
              -75.32361111111112,
              6.304155555555556
            ],
            [
              -75.32277777777779,
              6.304155555555556
            ],
            [
              -75.32277777777779,
              6.303877777777778
            ],
            [
              -75.32222222222222,
              6.303877777777778
            ],
            [
              -75.32222222222222,
              6.3036
            ],
            [
              -75.32138888888889,
              6.3036
            ],
            [
              -75.32138888888889,
              6.303877777777778
            ],
            [
              -75.31972222222223,
              6.303877777777778
            ],
            [
              -75.31972222222223,
              6.304155555555556
            ],
            [
              -75.31944444444444,
              6.304155555555556
            ],
            [
              -75.31944444444444,
              6.304433333333334
            ],
            [
              -75.31777777777778,
              6.304433333333334
            ],
            [
              -75.31777777777778,
              6.304155555555556
            ],
            [
              -75.31694444444445,
              6.304155555555556
            ],
            [
              -75.31694444444445,
              6.304433333333334
            ],
            [
              -75.31583333333333,
              6.304433333333334
            ],
            [
              -75.31583333333333,
              6.304711111111112
            ],
            [
              -75.31555555555556,
              6.304711111111112
            ],
            [
              -75.31555555555556,
              6.305266666666667
            ],
            [
              -75.315,
              6.305266666666667
            ],
            [
              -75.315,
              6.305544444444445
            ],
            [
              -75.31472222222223,
              6.305544444444445
            ],
            [
              -75.31472222222223,
              6.305822222222222
            ],
            [
              -75.31333333333333,
              6.305822222222222
            ],
            [
              -75.31333333333333,
              6.306933333333333
            ],
            [
              -75.31305555555556,
              6.306933333333333
            ],
            [
              -75.31305555555556,
              6.307766666666667
            ],
            [
              -75.31333333333333,
              6.307766666666667
            ],
            [
              -75.31333333333333,
              6.308044444444445
            ],
            [
              -75.31361111111111,
              6.308044444444445
            ],
            [
              -75.31361111111111,
              6.3097111111111115
            ],
            [
              -75.3138888888889,
              6.3097111111111115
            ],
            [
              -75.3138888888889,
              6.309433333333334
            ],
            [
              -75.315,
              6.309433333333334
            ],
            [
              -75.315,
              6.3097111111111115
            ],
            [
              -75.31583333333333,
              6.3097111111111115
            ],
            [
              -75.31583333333333,
              6.309988888888889
            ],
            [
              -75.3163888888889,
              6.309988888888889
            ],
            [
              -75.3163888888889,
              6.310266666666667
            ],
            [
              -75.31666666666668,
              6.310266666666667
            ],
            [
              -75.31666666666668,
              6.310544444444445
            ],
            [
              -75.31694444444445,
              6.310544444444445
            ],
            [
              -75.31694444444445,
              6.310822222222223
            ],
            [
              -75.31722222222223,
              6.310822222222223
            ],
            [
              -75.31722222222223,
              6.310544444444445
            ],
            [
              -75.31750000000001,
              6.310544444444445
            ],
            [
              -75.31750000000001,
              6.309988888888889
            ],
            [
              -75.31805555555556,
              6.309988888888889
            ],
            [
              -75.31805555555556,
              6.3097111111111115
            ],
            [
              -75.31833333333334,
              6.3097111111111115
            ],
            [
              -75.31833333333334,
              6.309433333333334
            ],
            [
              -75.31888888888889,
              6.309433333333334
            ],
            [
              -75.31888888888889,
              6.309155555555556
            ],
            [
              -75.32055555555556,
              6.309155555555556
            ],
            [
              -75.32055555555556,
              6.309433333333334
            ],
            [
              -75.32138888888889,
              6.309433333333334
            ],
            [
              -75.32138888888889,
              6.309155555555556
            ],
            [
              -75.32194444444445,
              6.309155555555556
            ],
            [
              -75.32194444444445,
              6.308877777777778
            ],
            [
              -75.32222222222222,
              6.308877777777778
            ],
            [
              -75.32222222222222,
              6.3086
            ],
            [
              -75.32277777777779,
              6.3086
            ],
            [
              -75.32277777777779,
              6.308877777777778
            ],
            [
              -75.32305555555556,
              6.308877777777778
            ],
            [
              -75.32305555555556,
              6.3086
            ],
            [
              -75.32416666666667,
              6.3086
            ],
            [
              -75.32416666666667,
              6.308877777777778
            ],
            [
              -75.32444444444445,
              6.308877777777778
            ],
            [
              -75.32444444444445,
              6.3086
            ],
            [
              -75.32555555555555,
              6.3086
            ],
            [
              -75.32555555555555,
              6.308322222222222
            ],
            [
              -75.32583333333334,
              6.308322222222222
            ],
            [
              -75.32583333333334,
              6.3086
            ],
            [
              -75.32638888888889,
              6.3086
            ],
            [
              -75.32638888888889,
              6.308877777777778
            ],
            [
              -75.32666666666667,
              6.308877777777778
            ],
            [
              -75.32666666666667,
              6.309155555555556
            ],
            [
              -75.32694444444445,
              6.309155555555556
            ],
            [
              -75.32694444444445,
              6.309433333333334
            ],
            [
              -75.32722222222223,
              6.309433333333334
            ],
            [
              -75.32722222222223,
              6.3097111111111115
            ],
            [
              -75.3275,
              6.3097111111111115
            ],
            [
              -75.3275,
              6.309988888888889
            ],
            [
              -75.32805555555557,
              6.309988888888889
            ],
            [
              -75.32805555555557,
              6.3097111111111115
            ],
            [
              -75.3288888888889,
              6.3097111111111115
            ],
            [
              -75.3288888888889,
              6.309433333333334
            ],
            [
              -75.32916666666667,
              6.309433333333334
            ],
            [
              -75.32916666666667,
              6.309155555555556
            ],
            [
              -75.33,
              6.309155555555556
            ],
            [
              -75.33,
              6.309433333333334
            ],
            [
              -75.33055555555556,
              6.309433333333334
            ],
            [
              -75.33055555555556,
              6.309155555555556
            ],
            [
              -75.33083333333333,
              6.309155555555556
            ],
            [
              -75.33083333333333,
              6.309433333333334
            ],
            [
              -75.33111111111111,
              6.309433333333334
            ],
            [
              -75.33111111111111,
              6.3097111111111115
            ],
            [
              -75.33166666666666,
              6.3097111111111115
            ],
            [
              -75.33166666666666,
              6.310544444444445
            ],
            [
              -75.33250000000001,
              6.310544444444445
            ],
            [
              -75.33250000000001,
              6.310822222222223
            ],
            [
              -75.33277777777778,
              6.310822222222223
            ],
            [
              -75.33277777777778,
              6.311100000000001
            ],
            [
              -75.33305555555556,
              6.311100000000001
            ],
            [
              -75.33305555555556,
              6.311655555555555
            ],
            [
              -75.33444444444444,
              6.311655555555555
            ],
            [
              -75.33444444444444,
              6.311933333333333
            ],
            [
              -75.33527777777778,
              6.311933333333333
            ],
            [
              -75.33527777777778,
              6.311655555555555
            ],
            [
              -75.33583333333334,
              6.311655555555555
            ],
            [
              -75.33583333333334,
              6.311377777777778
            ],
            [
              -75.33611111111111,
              6.311377777777778
            ],
            [
              -75.33611111111111,
              6.311933333333333
            ],
            [
              -75.33638888888889,
              6.311933333333333
            ],
            [
              -75.33638888888889,
              6.312488888888889
            ],
            [
              -75.33666666666667,
              6.312488888888889
            ],
            [
              -75.33666666666667,
              6.312766666666667
            ],
            [
              -75.3375,
              6.312766666666667
            ],
            [
              -75.3375,
              6.3130444444444445
            ],
            [
              -75.33916666666667,
              6.3130444444444445
            ],
            [
              -75.33916666666667,
              6.314155555555556
            ],
            [
              -75.34,
              6.314155555555556
            ],
            [
              -75.34,
              6.314433333333334
            ],
            [
              -75.34055555555555,
              6.314433333333334
            ],
            [
              -75.34055555555555,
              6.314155555555556
            ],
            [
              -75.34111111111112,
              6.314155555555556
            ],
            [
              -75.34111111111112,
              6.313877777777778
            ],
            [
              -75.3425,
              6.313877777777778
            ],
            [
              -75.3425,
              6.314433333333334
            ],
            [
              -75.34277777777778,
              6.314433333333334
            ],
            [
              -75.34277777777778,
              6.314711111111111
            ],
            [
              -75.34305555555557,
              6.314711111111111
            ],
            [
              -75.34305555555557,
              6.315266666666667
            ],
            [
              -75.34333333333333,
              6.315266666666667
            ],
            [
              -75.34333333333333,
              6.315544444444445
            ],
            [
              -75.34361111111112,
              6.315544444444445
            ],
            [
              -75.34361111111112,
              6.315822222222223
            ],
            [
              -75.34444444444445,
              6.315822222222223
            ],
            [
              -75.34444444444445,
              6.3161000000000005
            ],
            [
              -75.34527777777778,
              6.3161000000000005
            ],
            [
              -75.34527777777778,
              6.316377777777778
            ],
            [
              -75.34555555555556,
              6.316377777777778
            ],
            [
              -75.34555555555556,
              6.3161000000000005
            ],
            [
              -75.3463888888889,
              6.3161000000000005
            ],
            [
              -75.3463888888889,
              6.316377777777778
            ],
            [
              -75.34694444444445,
              6.316377777777778
            ],
            [
              -75.34694444444445,
              6.316933333333334
            ],
            [
              -75.34777777777778,
              6.316933333333334
            ],
            [
              -75.34777777777778,
              6.316377777777778
            ],
            [
              -75.34805555555556,
              6.316377777777778
            ],
            [
              -75.34805555555556,
              6.3161000000000005
            ],
            [
              -75.34833333333334,
              6.3161000000000005
            ],
            [
              -75.34833333333334,
              6.315822222222223
            ],
            [
              -75.34861111111111,
              6.315822222222223
            ],
            [
              -75.34861111111111,
              6.315544444444445
            ],
            [
              -75.3488888888889,
              6.315544444444445
            ],
            [
              -75.3488888888889,
              6.315266666666667
            ],
            [
              -75.35111111111111,
              6.315266666666667
            ],
            [
              -75.35111111111111,
              6.315544444444445
            ],
            [
              -75.35194444444444,
              6.315544444444445
            ],
            [
              -75.35194444444444,
              6.315266666666667
            ],
            [
              -75.3525,
              6.315266666666667
            ],
            [
              -75.3525,
              6.314988888888889
            ],
            [
              -75.35361111111112,
              6.314988888888889
            ],
            [
              -75.35361111111112,
              6.315266666666667
            ],
            [
              -75.35416666666667,
              6.315266666666667
            ],
            [
              -75.35416666666667,
              6.314988888888889
            ],
            [
              -75.35444444444445,
              6.314988888888889
            ],
            [
              -75.35444444444445,
              6.314711111111111
            ],
            [
              -75.35472222222222,
              6.314711111111111
            ],
            [
              -75.35472222222222,
              6.314155555555556
            ],
            [
              -75.35555555555555,
              6.314155555555556
            ],
            [
              -75.35555555555555,
              6.313877777777778
            ],
            [
              -75.35583333333334,
              6.313877777777778
            ],
            [
              -75.35583333333334,
              6.3130444444444445
            ],
            [
              -75.35611111111112,
              6.3130444444444445
            ],
            [
              -75.35611111111112,
              6.312766666666667
            ],
            [
              -75.35638888888889,
              6.312766666666667
            ],
            [
              -75.35638888888889,
              6.312488888888889
            ],
            [
              -75.35666666666667,
              6.312488888888889
            ],
            [
              -75.35666666666667,
              6.312211111111111
            ],
            [
              -75.35694444444445,
              6.312211111111111
            ],
            [
              -75.35694444444445,
              6.309988888888889
            ],
            [
              -75.35666666666667,
              6.309988888888889
            ],
            [
              -75.35666666666667,
              6.3097111111111115
            ],
            [
              -75.35694444444445,
              6.3097111111111115
            ],
            [
              -75.35694444444445,
              6.307766666666667
            ],
            [
              -75.35722222222222,
              6.307766666666667
            ],
            [
              -75.35722222222222,
              6.307211111111111
            ],
            [
              -75.3575,
              6.307211111111111
            ],
            [
              -75.3575,
              6.306100000000001
            ],
            [
              -75.35722222222222,
              6.306100000000001
            ],
            [
              -75.35722222222222,
              6.305266666666667
            ],
            [
              -75.35694444444445,
              6.305266666666667
            ],
            [
              -75.35694444444445,
              6.304988888888889
            ],
            [
              -75.35666666666667,
              6.304988888888889
            ],
            [
              -75.35666666666667,
              6.304711111111112
            ],
            [
              -75.35638888888889,
              6.304711111111112
            ],
            [
              -75.35638888888889,
              6.304433333333334
            ],
            [
              -75.35611111111112,
              6.304433333333334
            ],
            [
              -75.35611111111112,
              6.304155555555556
            ],
            [
              -75.35638888888889,
              6.304155555555556
            ],
            [
              -75.35638888888889,
              6.302488888888889
            ],
            [
              -75.35666666666667,
              6.302488888888889
            ],
            [
              -75.35666666666667,
              6.302211111111111
            ],
            [
              -75.35722222222222,
              6.302211111111111
            ],
            [
              -75.35722222222222,
              6.301933333333333
            ],
            [
              -75.35777777777778,
              6.301933333333333
            ],
            [
              -75.35777777777778,
              6.301655555555556
            ],
            [
              -75.35833333333333,
              6.301655555555556
            ],
            [
              -75.35833333333333,
              6.301377777777778
            ],
            [
              -75.35944444444445,
              6.301377777777778
            ],
            [
              -75.35944444444445,
              6.301655555555556
            ],
            [
              -75.36111111111111,
              6.301655555555556
            ],
            [
              -75.36111111111111,
              6.302488888888889
            ],
            [
              -75.3613888888889,
              6.302488888888889
            ],
            [
              -75.3613888888889,
              6.3036
            ],
            [
              -75.36166666666666,
              6.3036
            ],
            [
              -75.36166666666666,
              6.304711111111112
            ],
            [
              -75.36222222222223,
              6.304711111111112
            ],
            [
              -75.36222222222223,
              6.304988888888889
            ],
            [
              -75.36416666666668,
              6.304988888888889
            ],
            [
              -75.36416666666668,
              6.305266666666667
            ],
            [
              -75.36444444444444,
              6.305266666666667
            ],
            [
              -75.36444444444444,
              6.305822222222222
            ],
            [
              -75.36472222222223,
              6.305822222222222
            ],
            [
              -75.36472222222223,
              6.306100000000001
            ],
            [
              -75.36500000000001,
              6.306100000000001
            ],
            [
              -75.36500000000001,
              6.306377777777778
            ],
            [
              -75.36527777777778,
              6.306377777777778
            ],
            [
              -75.36527777777778,
              6.3066555555555555
            ],
            [
              -75.36583333333334,
              6.3066555555555555
            ],
            [
              -75.36583333333334,
              6.306933333333333
            ],
            [
              -75.36666666666667,
              6.306933333333333
            ],
            [
              -75.36666666666667,
              6.307211111111111
            ],
            [
              -75.36722222222222,
              6.307211111111111
            ],
            [
              -75.36722222222222,
              6.306933333333333
            ],
            [
              -75.36805555555556,
              6.306933333333333
            ],
            [
              -75.36805555555556,
              6.3066555555555555
            ],
            [
              -75.36916666666667,
              6.3066555555555555
            ],
            [
              -75.36916666666667,
              6.306377777777778
            ],
            [
              -75.36944444444445,
              6.306377777777778
            ],
            [
              -75.36944444444445,
              6.306933333333333
            ],
            [
              -75.36972222222222,
              6.306933333333333
            ],
            [
              -75.36972222222222,
              6.308044444444445
            ],
            [
              -75.37,
              6.308044444444445
            ],
            [
              -75.37,
              6.308322222222222
            ],
            [
              -75.37027777777779,
              6.308322222222222
            ],
            [
              -75.37027777777779,
              6.3086
            ],
            [
              -75.37055555555555,
              6.3086
            ],
            [
              -75.37055555555555,
              6.308877777777778
            ],
            [
              -75.37083333333334,
              6.308877777777778
            ],
            [
              -75.37083333333334,
              6.309155555555556
            ],
            [
              -75.37055555555555,
              6.309155555555556
            ],
            [
              -75.37055555555555,
              6.310266666666667
            ],
            [
              -75.37083333333334,
              6.310266666666667
            ],
            [
              -75.37083333333334,
              6.310544444444445
            ],
            [
              -75.37138888888889,
              6.310544444444445
            ],
            [
              -75.37138888888889,
              6.310266666666667
            ],
            [
              -75.37166666666667,
              6.310266666666667
            ],
            [
              -75.37166666666667,
              6.310544444444445
            ],
            [
              -75.3725,
              6.310544444444445
            ],
            [
              -75.3725,
              6.308877777777778
            ],
            [
              -75.37277777777778,
              6.308877777777778
            ],
            [
              -75.37277777777778,
              6.3086
            ],
            [
              -75.37305555555555,
              6.3086
            ],
            [
              -75.37305555555555,
              6.307766666666667
            ],
            [
              -75.37277777777778,
              6.307766666666667
            ],
            [
              -75.37277777777778,
              6.305822222222222
            ],
            [
              -75.37305555555555,
              6.305822222222222
            ],
            [
              -75.37305555555555,
              6.306100000000001
            ],
            [
              -75.37361111111112,
              6.306100000000001
            ],
            [
              -75.37361111111112,
              6.305822222222222
            ],
            [
              -75.37555555555556,
              6.305822222222222
            ],
            [
              -75.37555555555556,
              6.305544444444445
            ],
            [
              -75.37583333333333,
              6.305544444444445
            ],
            [
              -75.37583333333333,
              6.305266666666667
            ],
            [
              -75.3763888888889,
              6.305266666666667
            ],
            [
              -75.3763888888889,
              6.304988888888889
            ],
            [
              -75.37666666666667,
              6.304988888888889
            ],
            [
              -75.37666666666667,
              6.304155555555556
            ],
            [
              -75.37694444444445,
              6.304155555555556
            ],
            [
              -75.37694444444445,
              6.3036
            ],
            [
              -75.37722222222223,
              6.3036
            ],
            [
              -75.37722222222223,
              6.3033222222222225
            ],
            [
              -75.37777777777778,
              6.3033222222222225
            ],
            [
              -75.37777777777778,
              6.303044444444445
            ],
            [
              -75.37805555555556,
              6.303044444444445
            ],
            [
              -75.37805555555556,
              6.302488888888889
            ],
            [
              -75.37861111111111,
              6.302488888888889
            ],
            [
              -75.37861111111111,
              6.302211111111111
            ],
            [
              -75.3788888888889,
              6.302211111111111
            ],
            [
              -75.3788888888889,
              6.301655555555556
            ],
            [
              -75.37861111111111,
              6.301655555555556
            ],
            [
              -75.37861111111111,
              6.300266666666667
            ],
            [
              -75.3788888888889,
              6.300266666666667
            ],
            [
              -75.3788888888889,
              6.299711111111112
            ],
            [
              -75.37916666666668,
              6.299711111111112
            ],
            [
              -75.37916666666668,
              6.299433333333334
            ],
            [
              -75.37944444444445,
              6.299433333333334
            ],
            [
              -75.37944444444445,
              6.299155555555556
            ],
            [
              -75.38027777777778,
              6.299155555555556
            ],
            [
              -75.38027777777778,
              6.299433333333334
            ],
            [
              -75.38055555555556,
              6.299433333333334
            ],
            [
              -75.38055555555556,
              6.2999888888888895
            ],
            [
              -75.38111111111111,
              6.2999888888888895
            ],
            [
              -75.38111111111111,
              6.300544444444444
            ],
            [
              -75.38166666666667,
              6.300544444444444
            ],
            [
              -75.38166666666667,
              6.3011
            ],
            [
              -75.38222222222223,
              6.3011
            ],
            [
              -75.38222222222223,
              6.300822222222222
            ],
            [
              -75.38250000000001,
              6.300822222222222
            ],
            [
              -75.38250000000001,
              6.300544444444444
            ],
            [
              -75.38277777777778,
              6.300544444444444
            ],
            [
              -75.38277777777778,
              6.300266666666667
            ],
            [
              -75.38333333333334,
              6.300266666666667
            ],
            [
              -75.38333333333334,
              6.2999888888888895
            ],
            [
              -75.38388888888889,
              6.2999888888888895
            ],
            [
              -75.38388888888889,
              6.299433333333334
            ],
            [
              -75.38416666666667,
              6.299433333333334
            ],
            [
              -75.38416666666667,
              6.299155555555556
            ],
            [
              -75.38444444444445,
              6.299155555555556
            ],
            [
              -75.38444444444445,
              6.298877777777778
            ],
            [
              -75.38472222222222,
              6.298877777777778
            ],
            [
              -75.38472222222222,
              6.2986
            ],
            [
              -75.385,
              6.2986
            ],
            [
              -75.385,
              6.298322222222223
            ],
            [
              -75.38527777777779,
              6.298322222222223
            ],
            [
              -75.38527777777779,
              6.297488888888889
            ],
            [
              -75.38555555555556,
              6.297488888888889
            ],
            [
              -75.38555555555556,
              6.297211111111111
            ],
            [
              -75.38611111111112,
              6.297211111111111
            ],
            [
              -75.38611111111112,
              6.296655555555556
            ],
            [
              -75.38638888888889,
              6.296655555555556
            ],
            [
              -75.38638888888889,
              6.295544444444444
            ],
            [
              -75.38666666666667,
              6.295544444444444
            ],
            [
              -75.38666666666667,
              6.295266666666667
            ],
            [
              -75.3875,
              6.295266666666667
            ],
            [
              -75.3875,
              6.294988888888889
            ],
            [
              -75.38833333333334,
              6.294988888888889
            ],
            [
              -75.38833333333334,
              6.294711111111111
            ],
            [
              -75.38861111111112,
              6.294711111111111
            ],
            [
              -75.38861111111112,
              6.294155555555556
            ],
            [
              -75.38888888888889,
              6.294155555555556
            ],
            [
              -75.38888888888889,
              6.293322222222223
            ],
            [
              -75.38916666666667,
              6.293322222222223
            ],
            [
              -75.38916666666667,
              6.293044444444445
            ],
            [
              -75.38944444444445,
              6.293044444444445
            ],
            [
              -75.38944444444445,
              6.292766666666667
            ],
            [
              -75.39027777777778,
              6.292766666666667
            ],
            [
              -75.39027777777778,
              6.292488888888889
            ],
            [
              -75.39055555555557,
              6.292488888888889
            ],
            [
              -75.39055555555557,
              6.291377777777778
            ],
            [
              -75.39027777777778,
              6.291377777777778
            ],
            [
              -75.39027777777778,
              6.2911
            ],
            [
              -75.38944444444445,
              6.2911
            ],
            [
              -75.38944444444445,
              6.2905444444444445
            ],
            [
              -75.38916666666667,
              6.2905444444444445
            ],
            [
              -75.38916666666667,
              6.290266666666667
            ],
            [
              -75.38888888888889,
              6.290266666666667
            ],
            [
              -75.38888888888889,
              6.289988888888889
            ],
            [
              -75.38833333333334,
              6.289988888888889
            ],
            [
              -75.38833333333334,
              6.289711111111111
            ],
            [
              -75.38805555555555,
              6.289711111111111
            ],
            [
              -75.38805555555555,
              6.288877777777778
            ],
            [
              -75.38833333333334,
              6.288877777777778
            ],
            [
              -75.38833333333334,
              6.288600000000001
            ],
            [
              -75.38861111111112,
              6.288600000000001
            ],
            [
              -75.38861111111112,
              6.288322222222223
            ],
            [
              -75.38888888888889,
              6.288322222222223
            ],
            [
              -75.38888888888889,
              6.288044444444445
            ],
            [
              -75.38916666666667,
              6.288044444444445
            ],
            [
              -75.38916666666667,
              6.287766666666667
            ],
            [
              -75.38944444444445,
              6.287766666666667
            ],
            [
              -75.38944444444445,
              6.286933333333334
            ],
            [
              -75.38972222222223,
              6.286933333333334
            ],
            [
              -75.38972222222223,
              6.286377777777778
            ],
            [
              -75.39,
              6.286377777777778
            ],
            [
              -75.39,
              6.285544444444445
            ],
            [
              -75.39027777777778,
              6.285544444444445
            ],
            [
              -75.39027777777778,
              6.285266666666667
            ],
            [
              -75.39055555555557,
              6.285266666666667
            ],
            [
              -75.39055555555557,
              6.284988888888889
            ],
            [
              -75.39083333333333,
              6.284988888888889
            ],
            [
              -75.39083333333333,
              6.283877777777778
            ],
            [
              -75.39111111111112,
              6.283877777777778
            ],
            [
              -75.39111111111112,
              6.283322222222223
            ],
            [
              -75.3913888888889,
              6.283322222222223
            ],
            [
              -75.3913888888889,
              6.281377777777778
            ],
            [
              -75.39166666666667,
              6.281377777777778
            ],
            [
              -75.39166666666667,
              6.2808222222222225
            ],
            [
              -75.39194444444445,
              6.2808222222222225
            ],
            [
              -75.39194444444445,
              6.280266666666667
            ],
            [
              -75.3925,
              6.280266666666667
            ],
            [
              -75.3925,
              6.279988888888889
            ],
            [
              -75.39277777777778,
              6.279988888888889
            ],
            [
              -75.39277777777778,
              6.279711111111111
            ],
            [
              -75.39305555555556,
              6.279711111111111
            ],
            [
              -75.39305555555556,
              6.279433333333333
            ],
            [
              -75.39361111111111,
              6.279433333333333
            ],
            [
              -75.39361111111111,
              6.279155555555556
            ],
            [
              -75.39333333333333,
              6.279155555555556
            ],
            [
              -75.39333333333333,
              6.278877777777778
            ],
            [
              -75.39305555555556,
              6.278877777777778
            ],
            [
              -75.39305555555556,
              6.27748888888889
            ],
            [
              -75.39333333333333,
              6.27748888888889
            ],
            [
              -75.39333333333333,
              6.276933333333334
            ],
            [
              -75.39361111111111,
              6.276933333333334
            ],
            [
              -75.39361111111111,
              6.276377777777778
            ],
            [
              -75.3938888888889,
              6.276377777777778
            ],
            [
              -75.3938888888889,
              6.2761000000000005
            ],
            [
              -75.39416666666666,
              6.2761000000000005
            ],
            [
              -75.39416666666666,
              6.275822222222223
            ],
            [
              -75.39527777777778,
              6.275822222222223
            ],
            [
              -75.39527777777778,
              6.2761000000000005
            ],
            [
              -75.39555555555556,
              6.2761000000000005
            ],
            [
              -75.39555555555556,
              6.275822222222223
            ],
            [
              -75.39583333333334,
              6.275822222222223
            ],
            [
              -75.39583333333334,
              6.274711111111111
            ],
            [
              -75.39694444444444,
              6.274711111111111
            ],
            [
              -75.39694444444444,
              6.2744333333333335
            ],
            [
              -75.39722222222223,
              6.2744333333333335
            ],
            [
              -75.39722222222223,
              6.274155555555556
            ],
            [
              -75.39777777777778,
              6.274155555555556
            ],
            [
              -75.39777777777778,
              6.273877777777778
            ],
            [
              -75.39805555555556,
              6.273877777777778
            ],
            [
              -75.39805555555556,
              6.2736
            ],
            [
              -75.39861111111111,
              6.2736
            ],
            [
              -75.39861111111111,
              6.273322222222222
            ],
            [
              -75.39916666666667,
              6.273322222222222
            ],
            [
              -75.39916666666667,
              6.273044444444444
            ],
            [
              -75.39944444444444,
              6.273044444444444
            ],
            [
              -75.39944444444444,
              6.272766666666667
            ],
            [
              -75.39972222222222,
              6.272766666666667
            ],
            [
              -75.39972222222222,
              6.271933333333333
            ],
            [
              -75.39944444444444,
              6.271933333333333
            ],
            [
              -75.39944444444444,
              6.271655555555556
            ],
            [
              -75.39888888888889,
              6.271655555555556
            ],
            [
              -75.39888888888889,
              6.271377777777778
            ],
            [
              -75.39861111111111,
              6.271377777777778
            ],
            [
              -75.39861111111111,
              6.271100000000001
            ],
            [
              -75.39833333333334,
              6.271100000000001
            ],
            [
              -75.39833333333334,
              6.270544444444445
            ],
            [
              -75.39805555555556,
              6.270544444444445
            ],
            [
              -75.39805555555556,
              6.270266666666667
            ],
            [
              -75.39777777777778,
              6.270266666666667
            ],
            [
              -75.39777777777778,
              6.2697111111111115
            ],
            [
              -75.39750000000001,
              6.2697111111111115
            ],
            [
              -75.39750000000001,
              6.267211111111111
            ],
            [
              -75.39777777777778,
              6.267211111111111
            ],
            [
              -75.39777777777778,
              6.2663777777777785
            ],
            [
              -75.39805555555556,
              6.2663777777777785
            ],
            [
              -75.39805555555556,
              6.265544444444445
            ],
            [
              -75.39888888888889,
              6.265544444444445
            ],
            [
              -75.39888888888889,
              6.264988888888889
            ],
            [
              -75.39861111111111,
              6.264988888888889
            ],
            [
              -75.39861111111111,
              6.264711111111112
            ],
            [
              -75.39888888888889,
              6.264711111111112
            ],
            [
              -75.39888888888889,
              6.263877777777778
            ],
            [
              -75.40027777777779,
              6.263877777777778
            ],
            [
              -75.40027777777779,
              6.264155555555556
            ],
            [
              -75.40055555555556,
              6.264155555555556
            ],
            [
              -75.40055555555556,
              6.264433333333334
            ],
            [
              -75.40138888888889,
              6.264433333333334
            ],
            [
              -75.40138888888889,
              6.264711111111112
            ],
            [
              -75.40166666666667,
              6.264711111111112
            ],
            [
              -75.40166666666667,
              6.264433333333334
            ],
            [
              -75.40222222222222,
              6.264433333333334
            ],
            [
              -75.40222222222222,
              6.264155555555556
            ],
            [
              -75.4025,
              6.264155555555556
            ],
            [
              -75.4025,
              6.2636
            ],
            [
              -75.40277777777779,
              6.2636
            ],
            [
              -75.40277777777779,
              6.261933333333333
            ],
            [
              -75.40333333333334,
              6.261933333333333
            ],
            [
              -75.40333333333334,
              6.261377777777778
            ],
            [
              -75.40361111111112,
              6.261377777777778
            ],
            [
              -75.40361111111112,
              6.2616555555555555
            ],
            [
              -75.40555555555557,
              6.2616555555555555
            ],
            [
              -75.40555555555557,
              6.261377777777778
            ],
            [
              -75.40583333333333,
              6.261377777777778
            ],
            [
              -75.40583333333333,
              6.2611
            ],
            [
              -75.40694444444445,
              6.2611
            ],
            [
              -75.40694444444445,
              6.260822222222222
            ],
            [
              -75.40861111111111,
              6.260822222222222
            ],
            [
              -75.40861111111111,
              6.2616555555555555
            ],
            [
              -75.4088888888889,
              6.2616555555555555
            ],
            [
              -75.4088888888889,
              6.262766666666667
            ],
            [
              -75.40916666666666,
              6.262766666666667
            ],
            [
              -75.40916666666666,
              6.2633222222222225
            ],
            [
              -75.40944444444445,
              6.2633222222222225
            ],
            [
              -75.40944444444445,
              6.265266666666667
            ],
            [
              -75.40972222222223,
              6.265266666666667
            ],
            [
              -75.40972222222223,
              6.265544444444445
            ],
            [
              -75.41,
              6.265544444444445
            ],
            [
              -75.41,
              6.2661
            ],
            [
              -75.41027777777778,
              6.2661
            ],
            [
              -75.41027777777778,
              6.266655555555555
            ],
            [
              -75.41055555555556,
              6.266655555555555
            ],
            [
              -75.41055555555556,
              6.266933333333333
            ],
            [
              -75.41027777777778,
              6.266933333333333
            ],
            [
              -75.41027777777778,
              6.267488888888889
            ],
            [
              -75.41055555555556,
              6.267488888888889
            ],
            [
              -75.41055555555556,
              6.268322222222222
            ],
            [
              -75.41083333333334,
              6.268322222222222
            ],
            [
              -75.41083333333334,
              6.268877777777778
            ],
            [
              -75.41111111111111,
              6.268877777777778
            ],
            [
              -75.41111111111111,
              6.269433333333334
            ],
            [
              -75.4113888888889,
              6.269433333333334
            ],
            [
              -75.4113888888889,
              6.270544444444445
            ],
            [
              -75.41111111111111,
              6.270544444444445
            ],
            [
              -75.41111111111111,
              6.270822222222223
            ],
            [
              -75.4113888888889,
              6.270822222222223
            ],
            [
              -75.4113888888889,
              6.271655555555556
            ],
            [
              -75.41166666666668,
              6.271655555555556
            ],
            [
              -75.41166666666668,
              6.272211111111111
            ],
            [
              -75.41194444444444,
              6.272211111111111
            ],
            [
              -75.41194444444444,
              6.272766666666667
            ],
            [
              -75.41222222222223,
              6.272766666666667
            ],
            [
              -75.41222222222223,
              6.273044444444444
            ],
            [
              -75.41194444444444,
              6.273044444444444
            ],
            [
              -75.41194444444444,
              6.2744333333333335
            ],
            [
              -75.41222222222223,
              6.2744333333333335
            ],
            [
              -75.41222222222223,
              6.274711111111111
            ],
            [
              -75.41250000000001,
              6.274711111111111
            ],
            [
              -75.41250000000001,
              6.274988888888889
            ],
            [
              -75.41277777777778,
              6.274988888888889
            ],
            [
              -75.41277777777778,
              6.275266666666667
            ],
            [
              -75.41305555555556,
              6.275266666666667
            ],
            [
              -75.41305555555556,
              6.276377777777778
            ],
            [
              -75.41333333333334,
              6.276377777777778
            ],
            [
              -75.41333333333334,
              6.276655555555556
            ],
            [
              -75.41361111111111,
              6.276655555555556
            ],
            [
              -75.41361111111111,
              6.276933333333334
            ],
            [
              -75.41416666666667,
              6.276933333333334
            ],
            [
              -75.41416666666667,
              6.2777666666666665
            ],
            [
              -75.41472222222222,
              6.2777666666666665
            ],
            [
              -75.41472222222222,
              6.278044444444444
            ],
            [
              -75.41583333333334,
              6.278044444444444
            ],
            [
              -75.41583333333334,
              6.278322222222222
            ],
            [
              -75.41611111111112,
              6.278322222222222
            ],
            [
              -75.41611111111112,
              6.2786
            ],
            [
              -75.41638888888889,
              6.2786
            ],
            [
              -75.41638888888889,
              6.278877777777778
            ],
            [
              -75.41694444444445,
              6.278877777777778
            ],
            [
              -75.41694444444445,
              6.279155555555556
            ],
            [
              -75.41722222222222,
              6.279155555555556
            ],
            [
              -75.41722222222222,
              6.279711111111111
            ],
            [
              -75.4175,
              6.279711111111111
            ],
            [
              -75.4175,
              6.279988888888889
            ],
            [
              -75.41777777777779,
              6.279988888888889
            ],
            [
              -75.41777777777779,
              6.280544444444445
            ],
            [
              -75.41833333333334,
              6.280544444444445
            ],
            [
              -75.41833333333334,
              6.2808222222222225
            ],
            [
              -75.41972222222222,
              6.2808222222222225
            ],
            [
              -75.41972222222222,
              6.2811
            ],
            [
              -75.42055555555555,
              6.2811
            ],
            [
              -75.42055555555555,
              6.281655555555556
            ],
            [
              -75.42111111111112,
              6.281655555555556
            ],
            [
              -75.42111111111112,
              6.281933333333334
            ],
            [
              -75.42222222222223,
              6.281933333333334
            ],
            [
              -75.42222222222223,
              6.281655555555556
            ],
            [
              -75.42305555555556,
              6.281655555555556
            ],
            [
              -75.42305555555556,
              6.281933333333334
            ],
            [
              -75.42333333333333,
              6.281933333333334
            ],
            [
              -75.42333333333333,
              6.283044444444445
            ],
            [
              -75.42361111111111,
              6.283044444444445
            ],
            [
              -75.42361111111111,
              6.283877777777778
            ],
            [
              -75.4238888888889,
              6.283877777777778
            ],
            [
              -75.4238888888889,
              6.2841555555555555
            ],
            [
              -75.42361111111111,
              6.2841555555555555
            ],
            [
              -75.42361111111111,
              6.284988888888889
            ],
            [
              -75.4238888888889,
              6.284988888888889
            ],
            [
              -75.4238888888889,
              6.285266666666667
            ],
            [
              -75.42416666666666,
              6.285266666666667
            ],
            [
              -75.42416666666666,
              6.2861
            ],
            [
              -75.42444444444445,
              6.2861
            ],
            [
              -75.42444444444445,
              6.286377777777778
            ],
            [
              -75.42472222222223,
              6.286377777777778
            ],
            [
              -75.42472222222223,
              6.287488888888889
            ],
            [
              -75.425,
              6.287488888888889
            ],
            [
              -75.425,
              6.288322222222223
            ],
            [
              -75.42527777777778,
              6.288322222222223
            ],
            [
              -75.42527777777778,
              6.289433333333333
            ],
            [
              -75.42555555555556,
              6.289433333333333
            ],
            [
              -75.42555555555556,
              6.290266666666667
            ],
            [
              -75.42527777777778,
              6.290266666666667
            ],
            [
              -75.42527777777778,
              6.291377777777778
            ],
            [
              -75.42555555555556,
              6.291377777777778
            ],
            [
              -75.42555555555556,
              6.292211111111111
            ],
            [
              -75.42583333333333,
              6.292211111111111
            ],
            [
              -75.42583333333333,
              6.293877777777778
            ],
            [
              -75.42611111111111,
              6.293877777777778
            ],
            [
              -75.42611111111111,
              6.294433333333334
            ],
            [
              -75.4263888888889,
              6.294433333333334
            ],
            [
              -75.4263888888889,
              6.295266666666667
            ],
            [
              -75.42666666666668,
              6.295266666666667
            ],
            [
              -75.42666666666668,
              6.295822222222222
            ],
            [
              -75.42722222222223,
              6.295822222222222
            ],
            [
              -75.42722222222223,
              6.296377777777778
            ],
            [
              -75.42750000000001,
              6.296377777777778
            ],
            [
              -75.42750000000001,
              6.296655555555556
            ],
            [
              -75.42777777777778,
              6.296655555555556
            ],
            [
              -75.42777777777778,
              6.297211111111111
            ],
            [
              -75.42750000000001,
              6.297211111111111
            ],
            [
              -75.42750000000001,
              6.297488888888889
            ],
            [
              -75.42722222222223,
              6.297488888888889
            ],
            [
              -75.42722222222223,
              6.297766666666667
            ],
            [
              -75.42694444444444,
              6.297766666666667
            ],
            [
              -75.42694444444444,
              6.298322222222223
            ],
            [
              -75.42666666666668,
              6.298322222222223
            ],
            [
              -75.42666666666668,
              6.2986
            ],
            [
              -75.4263888888889,
              6.2986
            ],
            [
              -75.4263888888889,
              6.298877777777778
            ],
            [
              -75.42611111111111,
              6.298877777777778
            ],
            [
              -75.42611111111111,
              6.299155555555556
            ],
            [
              -75.425,
              6.299155555555556
            ],
            [
              -75.425,
              6.299433333333334
            ],
            [
              -75.42416666666666,
              6.299433333333334
            ],
            [
              -75.42416666666666,
              6.300266666666667
            ],
            [
              -75.4238888888889,
              6.300266666666667
            ],
            [
              -75.4238888888889,
              6.300822222222222
            ],
            [
              -75.42361111111111,
              6.300822222222222
            ],
            [
              -75.42361111111111,
              6.3011
            ],
            [
              -75.42416666666666,
              6.3011
            ],
            [
              -75.42416666666666,
              6.301377777777778
            ],
            [
              -75.42444444444445,
              6.301377777777778
            ],
            [
              -75.42444444444445,
              6.301933333333333
            ],
            [
              -75.425,
              6.301933333333333
            ],
            [
              -75.425,
              6.302211111111111
            ],
            [
              -75.42555555555556,
              6.302211111111111
            ],
            [
              -75.42555555555556,
              6.302488888888889
            ],
            [
              -75.42583333333333,
              6.302488888888889
            ],
            [
              -75.42583333333333,
              6.3036
            ],
            [
              -75.42527777777778,
              6.3036
            ],
            [
              -75.42527777777778,
              6.303877777777778
            ],
            [
              -75.425,
              6.303877777777778
            ],
            [
              -75.425,
              6.304155555555556
            ],
            [
              -75.42472222222223,
              6.304155555555556
            ],
            [
              -75.42472222222223,
              6.304433333333334
            ],
            [
              -75.42444444444445,
              6.304433333333334
            ],
            [
              -75.42444444444445,
              6.304711111111112
            ],
            [
              -75.42416666666666,
              6.304711111111112
            ],
            [
              -75.42416666666666,
              6.304988888888889
            ],
            [
              -75.42361111111111,
              6.304988888888889
            ],
            [
              -75.42361111111111,
              6.305266666666667
            ],
            [
              -75.42305555555556,
              6.305266666666667
            ],
            [
              -75.42305555555556,
              6.305544444444445
            ],
            [
              -75.42222222222223,
              6.305544444444445
            ],
            [
              -75.42222222222223,
              6.305822222222222
            ],
            [
              -75.42194444444445,
              6.305822222222222
            ],
            [
              -75.42194444444445,
              6.306100000000001
            ],
            [
              -75.42166666666667,
              6.306100000000001
            ],
            [
              -75.42166666666667,
              6.306377777777778
            ],
            [
              -75.4213888888889,
              6.306377777777778
            ],
            [
              -75.4213888888889,
              6.307766666666667
            ],
            [
              -75.42111111111112,
              6.307766666666667
            ],
            [
              -75.42111111111112,
              6.308044444444445
            ],
            [
              -75.42083333333333,
              6.308044444444445
            ],
            [
              -75.42083333333333,
              6.308322222222222
            ],
            [
              -75.42111111111112,
              6.308322222222222
            ],
            [
              -75.42111111111112,
              6.309433333333334
            ],
            [
              -75.42083333333333,
              6.309433333333334
            ],
            [
              -75.42083333333333,
              6.3097111111111115
            ],
            [
              -75.42111111111112,
              6.3097111111111115
            ],
            [
              -75.42111111111112,
              6.309988888888889
            ],
            [
              -75.42166666666667,
              6.309988888888889
            ],
            [
              -75.42166666666667,
              6.311655555555555
            ],
            [
              -75.4213888888889,
              6.311655555555555
            ],
            [
              -75.4213888888889,
              6.311933333333333
            ],
            [
              -75.42222222222223,
              6.311933333333333
            ],
            [
              -75.42222222222223,
              6.312211111111111
            ],
            [
              -75.42361111111111,
              6.312211111111111
            ],
            [
              -75.42361111111111,
              6.312766666666667
            ],
            [
              -75.42333333333333,
              6.312766666666667
            ],
            [
              -75.42333333333333,
              6.314155555555556
            ],
            [
              -75.42305555555556,
              6.314155555555556
            ],
            [
              -75.42305555555556,
              6.314433333333334
            ],
            [
              -75.42277777777778,
              6.314433333333334
            ],
            [
              -75.42277777777778,
              6.314711111111111
            ],
            [
              -75.4225,
              6.314711111111111
            ],
            [
              -75.4225,
              6.314988888888889
            ],
            [
              -75.42277777777778,
              6.314988888888889
            ],
            [
              -75.42277777777778,
              6.315266666666667
            ],
            [
              -75.42305555555556,
              6.315266666666667
            ],
            [
              -75.42305555555556,
              6.315822222222223
            ],
            [
              -75.42333333333333,
              6.315822222222223
            ],
            [
              -75.42333333333333,
              6.3161000000000005
            ],
            [
              -75.4238888888889,
              6.3161000000000005
            ],
            [
              -75.4238888888889,
              6.315822222222223
            ],
            [
              -75.42416666666666,
              6.315822222222223
            ],
            [
              -75.42416666666666,
              6.315544444444445
            ],
            [
              -75.42555555555556,
              6.315544444444445
            ],
            [
              -75.42555555555556,
              6.315266666666667
            ],
            [
              -75.42583333333333,
              6.315266666666667
            ],
            [
              -75.42583333333333,
              6.315544444444445
            ],
            [
              -75.42666666666668,
              6.315544444444445
            ],
            [
              -75.42666666666668,
              6.315822222222223
            ],
            [
              -75.42722222222223,
              6.315822222222223
            ],
            [
              -75.42722222222223,
              6.3161000000000005
            ],
            [
              -75.42777777777778,
              6.3161000000000005
            ],
            [
              -75.42777777777778,
              6.316377777777778
            ],
            [
              -75.42861111111111,
              6.316377777777778
            ],
            [
              -75.42861111111111,
              6.316655555555556
            ],
            [
              -75.42944444444444,
              6.316655555555556
            ],
            [
              -75.42944444444444,
              6.316933333333334
            ],
            [
              -75.43083333333334,
              6.316933333333334
            ],
            [
              -75.43083333333334,
              6.316655555555556
            ],
            [
              -75.43138888888889,
              6.316655555555556
            ],
            [
              -75.43138888888889,
              6.316377777777778
            ],
            [
              -75.43166666666667,
              6.316377777777778
            ],
            [
              -75.43166666666667,
              6.316655555555556
            ],
            [
              -75.43194444444445,
              6.316655555555556
            ],
            [
              -75.43194444444445,
              6.316933333333334
            ],
            [
              -75.43222222222222,
              6.316933333333334
            ],
            [
              -75.43222222222222,
              6.317488888888889
            ],
            [
              -75.4325,
              6.317488888888889
            ],
            [
              -75.4325,
              6.3177666666666665
            ],
            [
              -75.43277777777779,
              6.3177666666666665
            ],
            [
              -75.43277777777779,
              6.318044444444444
            ],
            [
              -75.43305555555555,
              6.318044444444444
            ],
            [
              -75.43305555555555,
              6.318322222222222
            ],
            [
              -75.43277777777779,
              6.318322222222222
            ],
            [
              -75.43277777777779,
              6.3194333333333335
            ],
            [
              -75.43305555555555,
              6.3194333333333335
            ],
            [
              -75.43305555555555,
              6.319988888888889
            ],
            [
              -75.43333333333334,
              6.319988888888889
            ],
            [
              -75.43333333333334,
              6.320266666666667
            ],
            [
              -75.43388888888889,
              6.320266666666667
            ],
            [
              -75.43388888888889,
              6.320544444444445
            ],
            [
              -75.43416666666667,
              6.320544444444445
            ],
            [
              -75.43416666666667,
              6.320822222222223
            ],
            [
              -75.435,
              6.320822222222223
            ],
            [
              -75.435,
              6.3211
            ],
            [
              -75.43555555555555,
              6.3211
            ],
            [
              -75.43555555555555,
              6.321933333333334
            ],
            [
              -75.43583333333333,
              6.321933333333334
            ],
            [
              -75.43583333333333,
              6.322211111111112
            ],
            [
              -75.43611111111112,
              6.322211111111112
            ],
            [
              -75.43611111111112,
              6.321933333333334
            ],
            [
              -75.43694444444445,
              6.321933333333334
            ],
            [
              -75.43694444444445,
              6.321655555555556
            ],
            [
              -75.4375,
              6.321655555555556
            ],
            [
              -75.4375,
              6.321933333333334
            ],
            [
              -75.43861111111111,
              6.321933333333334
            ],
            [
              -75.43861111111111,
              6.322211111111112
            ],
            [
              -75.43916666666667,
              6.322211111111112
            ],
            [
              -75.43916666666667,
              6.322766666666667
            ],
            [
              -75.43944444444445,
              6.322766666666667
            ],
            [
              -75.43944444444445,
              6.323044444444445
            ],
            [
              -75.44250000000001,
              6.323044444444445
            ],
            [
              -75.44250000000001,
              6.323322222222222
            ],
            [
              -75.44305555555556,
              6.323322222222222
            ],
            [
              -75.44305555555556,
              6.323044444444445
            ],
            [
              -75.44333333333334,
              6.323044444444445
            ],
            [
              -75.44333333333334,
              6.323322222222222
            ],
            [
              -75.44361111111111,
              6.323322222222222
            ],
            [
              -75.44361111111111,
              6.3236
            ],
            [
              -75.44388888888889,
              6.3236
            ],
            [
              -75.44388888888889,
              6.323877777777778
            ],
            [
              -75.44416666666667,
              6.323877777777778
            ],
            [
              -75.44416666666667,
              6.324433333333333
            ],
            [
              -75.44444444444444,
              6.324433333333333
            ],
            [
              -75.44444444444444,
              6.325544444444445
            ],
            [
              -75.44500000000001,
              6.325544444444445
            ],
            [
              -75.44500000000001,
              6.3261
            ],
            [
              -75.44555555555556,
              6.3261
            ],
            [
              -75.44555555555556,
              6.326655555555556
            ],
            [
              -75.44583333333334,
              6.326655555555556
            ],
            [
              -75.44583333333334,
              6.327211111111112
            ],
            [
              -75.44611111111111,
              6.327211111111112
            ],
            [
              -75.44611111111111,
              6.328044444444445
            ],
            [
              -75.44638888888889,
              6.328044444444445
            ],
            [
              -75.44638888888889,
              6.328322222222223
            ],
            [
              -75.44666666666667,
              6.328322222222223
            ],
            [
              -75.44666666666667,
              6.3286
            ],
            [
              -75.44722222222222,
              6.3286
            ],
            [
              -75.44722222222222,
              6.3288777777777785
            ],
            [
              -75.44777777777779,
              6.3288777777777785
            ],
            [
              -75.44777777777779,
              6.329155555555555
            ],
            [
              -75.44805555555556,
              6.329155555555555
            ],
            [
              -75.44805555555556,
              6.329433333333333
            ],
            [
              -75.44833333333334,
              6.329433333333333
            ],
            [
              -75.44833333333334,
              6.329988888888889
            ],
            [
              -75.44861111111112,
              6.329988888888889
            ],
            [
              -75.44861111111112,
              6.330266666666667
            ],
            [
              -75.44888888888889,
              6.330266666666667
            ],
            [
              -75.44888888888889,
              6.331377777777778
            ],
            [
              -75.44916666666667,
              6.331377777777778
            ],
            [
              -75.44916666666667,
              6.331933333333334
            ],
            [
              -75.44944444444445,
              6.331933333333334
            ],
            [
              -75.44944444444445,
              6.333322222222223
            ],
            [
              -75.44972222222222,
              6.333322222222223
            ],
            [
              -75.44972222222222,
              6.333877777777778
            ],
            [
              -75.44944444444445,
              6.333877777777778
            ],
            [
              -75.44944444444445,
              6.334155555555556
            ],
            [
              -75.44972222222222,
              6.334155555555556
            ],
            [
              -75.44972222222222,
              6.334711111111111
            ],
            [
              -75.45027777777779,
              6.334711111111111
            ],
            [
              -75.45027777777779,
              6.334988888888889
            ],
            [
              -75.45166666666667,
              6.334988888888889
            ],
            [
              -75.45166666666667,
              6.335266666666667
            ],
            [
              -75.45194444444445,
              6.335266666666667
            ],
            [
              -75.45194444444445,
              6.335544444444444
            ],
            [
              -75.45222222222223,
              6.335544444444444
            ]
          ]
        ]
      }
    }
  ]
}