{
  "type": "FeatureCollection",
  "features": [
    {
      "type": "Feature",
      "properties": {
        "nombre": "Cuenca aportante preliminar - Urra-I",
        "metodo": "SRTM 30m + pysheds (D8), punto de max. acumulación de flujo en radio de búsqueda",
        "area_km2_aprox": 2794.1,
        "estado": "PRELIMINAR - validar con coordenada exacta del punto de desfogue (muro de presa)"
      },
      "geometry": {
        "type": "Polygon",
        "coordinates": [
          [
            [
              -76.34888888888891,
              8.155277777777778
            ],
            [
              -76.34888888888891,
              8.155
            ],
            [
              -76.34916666666668,
              8.155
            ],
            [
              -76.34916666666668,
              8.154722222222222
            ],
            [
              -76.34944444444446,
              8.154722222222222
            ],
            [
              -76.34944444444446,
              8.154444444444444
            ],
            [
              -76.34972222222224,
              8.154444444444444
            ],
            [
              -76.34972222222224,
              8.153888888888888
            ],
            [
              -76.35000000000001,
              8.153888888888888
            ],
            [
              -76.35000000000001,
              8.152777777777777
            ],
            [
              -76.35027777777779,
              8.152777777777777
            ],
            [
              -76.35027777777779,
              8.1525
            ],
            [
              -76.35055555555557,
              8.1525
            ],
            [
              -76.35055555555557,
              8.152222222222223
            ],
            [
              -76.35111111111112,
              8.152222222222223
            ],
            [
              -76.35111111111112,
              8.151944444444444
            ],
            [
              -76.3513888888889,
              8.151944444444444
            ],
            [
              -76.3513888888889,
              8.151666666666667
            ],
            [
              -76.35194444444446,
              8.151666666666667
            ],
            [
              -76.35194444444446,
              8.151388888888889
            ],
            [
              -76.35277777777779,
              8.151388888888889
            ],
            [
              -76.35277777777779,
              8.151111111111112
            ],
            [
              -76.35305555555557,
              8.151111111111112
            ],
            [
              -76.35305555555557,
              8.150833333333333
            ],
            [
              -76.35333333333334,
              8.150833333333333
            ],
            [
              -76.35333333333334,
              8.150555555555556
            ],
            [
              -76.35527777777779,
              8.150555555555556
            ],
            [
              -76.35527777777779,
              8.150277777777777
            ],
            [
              -76.35555555555557,
              8.150277777777777
            ],
            [
              -76.35555555555557,
              8.15
            ],
            [
              -76.35583333333335,
              8.15
            ],
            [
              -76.35583333333335,
              8.149722222222222
            ],
            [
              -76.35611111111112,
              8.149722222222222
            ],
            [
              -76.35611111111112,
              8.149444444444445
            ],
            [
              -76.35666666666668,
              8.149444444444445
            ],
            [
              -76.35666666666668,
              8.149166666666666
            ],
            [
              -76.35694444444445,
              8.149166666666666
            ],
            [
              -76.35694444444445,
              8.148888888888889
            ],
            [
              -76.35722222222223,
              8.148888888888889
            ],
            [
              -76.35722222222223,
              8.14861111111111
            ],
            [
              -76.35750000000002,
              8.14861111111111
            ],
            [
              -76.35750000000002,
              8.148333333333333
            ],
            [
              -76.35777777777778,
              8.148333333333333
            ],
            [
              -76.35777777777778,
              8.148055555555555
            ],
            [
              -76.35805555555557,
              8.148055555555555
            ],
            [
              -76.35805555555557,
              8.147777777777778
            ],
            [
              -76.35833333333335,
              8.147777777777778
            ],
            [
              -76.35833333333335,
              8.147499999999999
            ],
            [
              -76.35861111111112,
              8.147499999999999
            ],
            [
              -76.35861111111112,
              8.147222222222222
            ],
            [
              -76.3588888888889,
              8.147222222222222
            ],
            [
              -76.3588888888889,
              8.146944444444443
            ],
            [
              -76.36000000000001,
              8.146944444444443
            ],
            [
              -76.36000000000001,
              8.147222222222222
            ],
            [
              -76.3602777777778,
              8.147222222222222
            ],
            [
              -76.3602777777778,
              8.147499999999999
            ],
            [
              -76.36055555555556,
              8.147499999999999
            ],
            [
              -76.36055555555556,
              8.147777777777778
            ],
            [
              -76.36111111111113,
              8.147777777777778
            ],
            [
              -76.36111111111113,
              8.148055555555555
            ],
            [
              -76.3613888888889,
              8.148055555555555
            ],
            [
              -76.3613888888889,
              8.148333333333333
            ],
            [
              -76.36194444444446,
              8.148333333333333
            ],
            [
              -76.36194444444446,
              8.14861111111111
            ],
            [
              -76.36222222222223,
              8.14861111111111
            ],
            [
              -76.36222222222223,
              8.148888888888889
            ],
            [
              -76.36250000000001,
              8.148888888888889
            ],
            [
              -76.36250000000001,
              8.149444444444445
            ],
            [
              -76.3627777777778,
              8.149444444444445
            ],
            [
              -76.3627777777778,
              8.149722222222222
            ],
            [
              -76.36305555555556,
              8.149722222222222
            ],
            [
              -76.36305555555556,
              8.15
            ],
            [
              -76.36361111111113,
              8.15
            ],
            [
              -76.36361111111113,
              8.150277777777777
            ],
            [
              -76.3638888888889,
              8.150277777777777
            ],
            [
              -76.3638888888889,
              8.150555555555556
            ],
            [
              -76.36416666666668,
              8.150555555555556
            ],
            [
              -76.36416666666668,
              8.150833333333333
            ],
            [
              -76.36472222222224,
              8.150833333333333
            ],
            [
              -76.36472222222224,
              8.151111111111112
            ],
            [
              -76.36583333333334,
              8.151111111111112
            ],
            [
              -76.36583333333334,
              8.151944444444444
            ],
            [
              -76.36611111111112,
              8.151944444444444
            ],
            [
              -76.36611111111112,
              8.152222222222223
            ],
            [
              -76.3663888888889,
              8.152222222222223
            ],
            [
              -76.3663888888889,
              8.153055555555556
            ],
            [
              -76.36694444444446,
              8.153055555555556
            ],
            [
              -76.36694444444446,
              8.153333333333332
            ],
            [
              -76.36722222222224,
              8.153333333333332
            ],
            [
              -76.36722222222224,
              8.153611111111111
            ],
            [
              -76.36777777777779,
              8.153611111111111
            ],
            [
              -76.36777777777779,
              8.153333333333332
            ],
            [
              -76.36833333333334,
              8.153333333333332
            ],
            [
              -76.36833333333334,
              8.153055555555556
            ],
            [
              -76.36861111111112,
              8.153055555555556
            ],
            [
              -76.36861111111112,
              8.1525
            ],
            [
              -76.3688888888889,
              8.1525
            ],
            [
              -76.3688888888889,
              8.152222222222223
            ],
            [
              -76.36916666666667,
              8.152222222222223
            ],
            [
              -76.36916666666667,
              8.151666666666667
            ],
            [
              -76.37111111111112,
              8.151666666666667
            ],
            [
              -76.37111111111112,
              8.151388888888889
            ],
            [
              -76.3713888888889,
              8.151388888888889
            ],
            [
              -76.3713888888889,
              8.150555555555556
            ],
            [
              -76.37166666666668,
              8.150555555555556
            ],
            [
              -76.37166666666668,
              8.14861111111111
            ],
            [
              -76.37194444444445,
              8.14861111111111
            ],
            [
              -76.37194444444445,
              8.148333333333333
            ],
            [
              -76.37166666666668,
              8.148333333333333
            ],
            [
              -76.37166666666668,
              8.147777777777778
            ],
            [
              -76.37194444444445,
              8.147777777777778
            ],
            [
              -76.37194444444445,
              8.146944444444443
            ],
            [
              -76.37222222222223,
              8.146944444444443
            ],
            [
              -76.37222222222223,
              8.14638888888889
            ],
            [
              -76.37250000000002,
              8.14638888888889
            ],
            [
              -76.37250000000002,
              8.145833333333334
            ],
            [
              -76.37222222222223,
              8.145833333333334
            ],
            [
              -76.37222222222223,
              8.144166666666667
            ],
            [
              -76.37194444444445,
              8.144166666666667
            ],
            [
              -76.37194444444445,
              8.140833333333333
            ],
            [
              -76.37222222222223,
              8.140833333333333
            ],
            [
              -76.37222222222223,
              8.13888888888889
            ],
            [
              -76.37194444444445,
              8.13888888888889
            ],
            [
              -76.37194444444445,
              8.1375
            ],
            [
              -76.37166666666668,
              8.1375
            ],
            [
              -76.37166666666668,
              8.136388888888888
            ],
            [
              -76.37194444444445,
              8.136388888888888
            ],
            [
              -76.37194444444445,
              8.135833333333332
            ],
            [
              -76.37222222222223,
              8.135833333333332
            ],
            [
              -76.37222222222223,
              8.134722222222223
            ],
            [
              -76.37250000000002,
              8.134722222222223
            ],
            [
              -76.37250000000002,
              8.134166666666667
            ],
            [
              -76.37277777777778,
              8.134166666666667
            ],
            [
              -76.37277777777778,
              8.1325
            ],
            [
              -76.37305555555557,
              8.1325
            ],
            [
              -76.37305555555557,
              8.131944444444445
            ],
            [
              -76.37277777777778,
              8.131944444444445
            ],
            [
              -76.37277777777778,
              8.130277777777778
            ],
            [
              -76.37305555555557,
              8.130277777777778
            ],
            [
              -76.37305555555557,
              8.12861111111111
            ],
            [
              -76.37333333333335,
              8.12861111111111
            ],
            [
              -76.37333333333335,
              8.127777777777778
            ],
            [
              -76.37361111111112,
              8.127777777777778
            ],
            [
              -76.37361111111112,
              8.127222222222223
            ],
            [
              -76.37333333333335,
              8.127222222222223
            ],
            [
              -76.37333333333335,
              8.126388888888888
            ],
            [
              -76.37361111111112,
              8.126388888888888
            ],
            [
              -76.37361111111112,
              8.125833333333333
            ],
            [
              -76.3738888888889,
              8.125833333333333
            ],
            [
              -76.3738888888889,
              8.125
            ],
            [
              -76.37361111111112,
              8.125
            ],
            [
              -76.37361111111112,
              8.124444444444444
            ],
            [
              -76.3738888888889,
              8.124444444444444
            ],
            [
              -76.3738888888889,
              8.123611111111112
            ],
            [
              -76.37416666666668,
              8.123611111111112
            ],
            [
              -76.37416666666668,
              8.123333333333333
            ],
            [
              -76.3738888888889,
              8.123333333333333
            ],
            [
              -76.3738888888889,
              8.121666666666666
            ],
            [
              -76.37416666666668,
              8.121666666666666
            ],
            [
              -76.37416666666668,
              8.120833333333334
            ],
            [
              -76.37444444444445,
              8.120833333333334
            ],
            [
              -76.37444444444445,
              8.120555555555555
            ],
            [
              -76.37472222222223,
              8.120555555555555
            ],
            [
              -76.37472222222223,
              8.119722222222222
            ],
            [
              -76.37500000000001,
              8.119722222222222
            ],
            [
              -76.37500000000001,
              8.119166666666667
            ],
            [
              -76.37472222222223,
              8.119166666666667
            ],
            [
              -76.37472222222223,
              8.118333333333332
            ],
            [
              -76.37500000000001,
              8.118333333333332
            ],
            [
              -76.37500000000001,
              8.1175
            ],
            [
              -76.3752777777778,
              8.1175
            ],
            [
              -76.3752777777778,
              8.116944444444444
            ],
            [
              -76.37500000000001,
              8.116944444444444
            ],
            [
              -76.37500000000001,
              8.115833333333333
            ],
            [
              -76.3752777777778,
              8.115833333333333
            ],
            [
              -76.3752777777778,
              8.115277777777777
            ],
            [
              -76.37555555555556,
              8.115277777777777
            ],
            [
              -76.37555555555556,
              8.113888888888889
            ],
            [
              -76.3752777777778,
              8.113888888888889
            ],
            [
              -76.3752777777778,
              8.113055555555555
            ],
            [
              -76.37555555555556,
              8.113055555555555
            ],
            [
              -76.37555555555556,
              8.1125
            ],
            [
              -76.37583333333335,
              8.1125
            ],
            [
              -76.37583333333335,
              8.111944444444445
            ],
            [
              -76.37555555555556,
              8.111944444444445
            ],
            [
              -76.37555555555556,
              8.11111111111111
            ],
            [
              -76.37583333333335,
              8.11111111111111
            ],
            [
              -76.37583333333335,
              8.110555555555555
            ],
            [
              -76.37611111111113,
              8.110555555555555
            ],
            [
              -76.37611111111113,
              8.110277777777778
            ],
            [
              -76.3763888888889,
              8.110277777777778
            ],
            [
              -76.3763888888889,
              8.11
            ],
            [
              -76.37666666666668,
              8.11
            ],
            [
              -76.37666666666668,
              8.109166666666667
            ],
            [
              -76.37694444444446,
              8.109166666666667
            ],
            [
              -76.37694444444446,
              8.1075
            ],
            [
              -76.37666666666668,
              8.1075
            ],
            [
              -76.37666666666668,
              8.107222222222221
            ],
            [
              -76.37694444444446,
              8.107222222222221
            ],
            [
              -76.37694444444446,
              8.106944444444444
            ],
            [
              -76.37722222222223,
              8.106944444444444
            ],
            [
              -76.37722222222223,
              8.106666666666667
            ],
            [
              -76.37750000000001,
              8.106666666666667
            ],
            [
              -76.37750000000001,
              8.106944444444444
            ],
            [
              -76.37805555555556,
              8.106944444444444
            ],
            [
              -76.37805555555556,
              8.107222222222221
            ],
            [
              -76.3788888888889,
              8.107222222222221
            ],
            [
              -76.3788888888889,
              8.106944444444444
            ],
            [
              -76.37916666666668,
              8.106944444444444
            ],
            [
              -76.37916666666668,
              8.106666666666667
            ],
            [
              -76.38305555555557,
              8.106666666666667
            ],
            [
              -76.38305555555557,
              8.106111111111112
            ],
            [
              -76.38333333333334,
              8.106111111111112
            ],
            [
              -76.38333333333334,
              8.105833333333333
            ],
            [
              -76.38361111111112,
              8.105833333333333
            ],
            [
              -76.38361111111112,
              8.105555555555556
            ],
            [
              -76.3838888888889,
              8.105555555555556
            ],
            [
              -76.3838888888889,
              8.105277777777777
            ],
            [
              -76.38416666666667,
              8.105277777777777
            ],
            [
              -76.38416666666667,
              8.105555555555556
            ],
            [
              -76.38472222222224,
              8.105555555555556
            ],
            [
              -76.38472222222224,
              8.105833333333333
            ],
            [
              -76.385,
              8.105833333333333
            ],
            [
              -76.385,
              8.106666666666667
            ],
            [
              -76.38527777777779,
              8.106666666666667
            ],
            [
              -76.38527777777779,
              8.107222222222221
            ],
            [
              -76.38583333333335,
              8.107222222222221
            ],
            [
              -76.38583333333335,
              8.1075
            ],
            [
              -76.3863888888889,
              8.1075
            ],
            [
              -76.3863888888889,
              8.107222222222221
            ],
            [
              -76.38694444444445,
              8.107222222222221
            ],
            [
              -76.38694444444445,
              8.106944444444444
            ],
            [
              -76.38750000000002,
              8.106944444444444
            ],
            [
              -76.38750000000002,
              8.106388888888889
            ],
            [
              -76.38777777777779,
              8.106388888888889
            ],
            [
              -76.38777777777779,
              8.106111111111112
            ],
            [
              -76.3888888888889,
              8.106111111111112
            ],
            [
              -76.3888888888889,
              8.106388888888889
            ],
            [
              -76.39055555555557,
              8.106388888888889
            ],
            [
              -76.39055555555557,
              8.106666666666667
            ],
            [
              -76.39111111111113,
              8.106666666666667
            ],
            [
              -76.39111111111113,
              8.106388888888889
            ],
            [
              -76.39166666666668,
              8.106388888888889
            ],
            [
              -76.39166666666668,
              8.106111111111112
            ],
            [
              -76.39194444444446,
              8.106111111111112
            ],
            [
              -76.39194444444446,
              8.105833333333333
            ],
            [
              -76.39222222222223,
              8.105833333333333
            ],
            [
              -76.39222222222223,
              8.105555555555556
            ],
            [
              -76.39305555555556,
              8.105555555555556
            ],
            [
              -76.39305555555556,
              8.105277777777777
            ],
            [
              -76.39500000000001,
              8.105277777777777
            ],
            [
              -76.39500000000001,
              8.105
            ],
            [
              -76.39527777777779,
              8.105
            ],
            [
              -76.39527777777779,
              8.104722222222222
            ],
            [
              -76.39555555555556,
              8.104722222222222
            ],
            [
              -76.39555555555556,
              8.105
            ],
            [
              -76.39638888888891,
              8.105
            ],
            [
              -76.39638888888891,
              8.105277777777777
            ],
            [
              -76.39666666666668,
              8.105277777777777
            ],
            [
              -76.39666666666668,
              8.105555555555556
            ],
            [
              -76.39694444444446,
              8.105555555555556
            ],
            [
              -76.39694444444446,
              8.105833333333333
            ],
            [
              -76.39750000000001,
              8.105833333333333
            ],
            [
              -76.39750000000001,
              8.106111111111112
            ],
            [
              -76.39777777777779,
              8.106111111111112
            ],
            [
              -76.39777777777779,
              8.106388888888889
            ],
            [
              -76.39805555555557,
              8.106388888888889
            ],
            [
              -76.39805555555557,
              8.106666666666667
            ],
            [
              -76.39833333333334,
              8.106666666666667
            ],
            [
              -76.39833333333334,
              8.106944444444444
            ],
            [
              -76.39916666666667,
              8.106944444444444
            ],
            [
              -76.39916666666667,
              8.107222222222221
            ],
            [
              -76.39944444444446,
              8.107222222222221
            ],
            [
              -76.39944444444446,
              8.106944444444444
            ],
            [
              -76.4,
              8.106944444444444
            ],
            [
              -76.4,
              8.106666666666667
            ],
            [
              -76.40027777777779,
              8.106666666666667
            ],
            [
              -76.40027777777779,
              8.106944444444444
            ],
            [
              -76.40222222222224,
              8.106944444444444
            ],
            [
              -76.40222222222224,
              8.106666666666667
            ],
            [
              -76.40250000000002,
              8.106666666666667
            ],
            [
              -76.40250000000002,
              8.106388888888889
            ],
            [
              -76.40277777777779,
              8.106388888888889
            ],
            [
              -76.40277777777779,
              8.106111111111112
            ],
            [
              -76.40305555555557,
              8.106111111111112
            ],
            [
              -76.40305555555557,
              8.105
            ],
            [
              -76.40277777777779,
              8.105
            ],
            [
              -76.40277777777779,
              8.1025
            ],
            [
              -76.40250000000002,
              8.1025
            ],
            [
              -76.40250000000002,
              8.102222222222222
            ],
            [
              -76.40444444444445,
              8.102222222222222
            ],
            [
              -76.40444444444445,
              8.101944444444444
            ],
            [
              -76.40472222222223,
              8.101944444444444
            ],
            [
              -76.40472222222223,
              8.101666666666667
            ],
            [
              -76.40527777777778,
              8.101666666666667
            ],
            [
              -76.40527777777778,
              8.101388888888888
            ],
            [
              -76.40583333333335,
              8.101388888888888
            ],
            [
              -76.40583333333335,
              8.101111111111111
            ],
            [
              -76.40666666666668,
              8.101111111111111
            ],
            [
              -76.40666666666668,
              8.100833333333334
            ],
            [
              -76.40750000000001,
              8.100833333333334
            ],
            [
              -76.40750000000001,
              8.100555555555555
            ],
            [
              -76.40972222222223,
              8.100555555555555
            ],
            [
              -76.40972222222223,
              8.099444444444444
            ],
            [
              -76.40944444444446,
              8.099444444444444
            ],
            [
              -76.40944444444446,
              8.098611111111111
            ],
            [
              -76.40916666666668,
              8.098611111111111
            ],
            [
              -76.40916666666668,
              8.098055555555556
            ],
            [
              -76.40944444444446,
              8.098055555555556
            ],
            [
              -76.40944444444446,
              8.096944444444444
            ],
            [
              -76.40916666666668,
              8.096944444444444
            ],
            [
              -76.40916666666668,
              8.096666666666666
            ],
            [
              -76.40944444444446,
              8.096666666666666
            ],
            [
              -76.40944444444446,
              8.09611111111111
            ],
            [
              -76.40916666666668,
              8.09611111111111
            ],
            [
              -76.40916666666668,
              8.095833333333333
            ],
            [
              -76.4088888888889,
              8.095833333333333
            ],
            [
              -76.4088888888889,
              8.095555555555556
            ],
            [
              -76.40861111111113,
              8.095555555555556
            ],
            [
              -76.40861111111113,
              8.093333333333334
            ],
            [
              -76.4088888888889,
              8.093333333333334
            ],
            [
              -76.4088888888889,
              8.092777777777778
            ],
            [
              -76.40944444444446,
              8.092777777777778
            ],
            [
              -76.40944444444446,
              8.091388888888888
            ],
            [
              -76.40916666666668,
              8.091388888888888
            ],
            [
              -76.40916666666668,
              8.091111111111111
            ],
            [
              -76.4088888888889,
              8.091111111111111
            ],
            [
              -76.4088888888889,
              8.090555555555556
            ],
            [
              -76.40861111111113,
              8.090555555555556
            ],
            [
              -76.40861111111113,
              8.089722222222223
            ],
            [
              -76.40805555555556,
              8.089722222222223
            ],
            [
              -76.40805555555556,
              8.088888888888889
            ],
            [
              -76.4077777777778,
              8.088888888888889
            ],
            [
              -76.4077777777778,
              8.088055555555556
            ],
            [
              -76.40750000000001,
              8.088055555555556
            ],
            [
              -76.40750000000001,
              8.085833333333333
            ],
            [
              -76.4088888888889,
              8.085833333333333
            ],
            [
              -76.4088888888889,
              8.085555555555555
            ],
            [
              -76.40916666666668,
              8.085555555555555
            ],
            [
              -76.40916666666668,
              8.085277777777778
            ],
            [
              -76.40944444444446,
              8.085277777777778
            ],
            [
              -76.40944444444446,
              8.084722222222222
            ],
            [
              -76.40916666666668,
              8.084722222222222
            ],
            [
              -76.40916666666668,
              8.08388888888889
            ],
            [
              -76.4088888888889,
              8.08388888888889
            ],
            [
              -76.4088888888889,
              8.083333333333334
            ],
            [
              -76.40861111111113,
              8.083333333333334
            ],
            [
              -76.40861111111113,
              8.082777777777778
            ],
            [
              -76.40833333333335,
              8.082777777777778
            ],
            [
              -76.40833333333335,
              8.082222222222223
            ],
            [
              -76.40805555555556,
              8.082222222222223
            ],
            [
              -76.40805555555556,
              8.081944444444444
            ],
            [
              -76.40833333333335,
              8.081944444444444
            ],
            [
              -76.40833333333335,
              8.081666666666667
            ],
            [
              -76.40861111111113,
              8.081666666666667
            ],
            [
              -76.40861111111113,
              8.081388888888888
            ],
            [
              -76.4088888888889,
              8.081388888888888
            ],
            [
              -76.4088888888889,
              8.079722222222221
            ],
            [
              -76.40916666666668,
              8.079722222222221
            ],
            [
              -76.40916666666668,
              8.079444444444444
            ],
            [
              -76.4088888888889,
              8.079444444444444
            ],
            [
              -76.4088888888889,
              8.078888888888889
            ],
            [
              -76.40861111111113,
              8.078888888888889
            ],
            [
              -76.40861111111113,
              8.077777777777778
            ],
            [
              -76.4088888888889,
              8.077777777777778
            ],
            [
              -76.4088888888889,
              8.0775
            ],
            [
              -76.40916666666668,
              8.0775
            ],
            [
              -76.40916666666668,
              8.076944444444445
            ],
            [
              -76.40944444444446,
              8.076944444444445
            ],
            [
              -76.40944444444446,
              8.075277777777778
            ],
            [
              -76.40972222222223,
              8.075277777777778
            ],
            [
              -76.40972222222223,
              8.075
            ],
            [
              -76.40944444444446,
              8.075
            ],
            [
              -76.40944444444446,
              8.074722222222222
            ],
            [
              -76.40916666666668,
              8.074722222222222
            ],
            [
              -76.40916666666668,
              8.073611111111111
            ],
            [
              -76.40944444444446,
              8.073611111111111
            ],
            [
              -76.40944444444446,
              8.073333333333332
            ],
            [
              -76.40972222222223,
              8.073333333333332
            ],
            [
              -76.40972222222223,
              8.073055555555555
            ],
            [
              -76.4102777777778,
              8.073055555555555
            ],
            [
              -76.4102777777778,
              8.072777777777778
            ],
            [
              -76.41083333333334,
              8.072777777777778
            ],
            [
              -76.41083333333334,
              8.0725
            ],
            [
              -76.41194444444446,
              8.0725
            ],
            [
              -76.41194444444446,
              8.072222222222223
            ],
            [
              -76.41250000000001,
              8.072222222222223
            ],
            [
              -76.41250000000001,
              8.071666666666667
            ],
            [
              -76.41277777777779,
              8.071666666666667
            ],
            [
              -76.41277777777779,
              8.071111111111112
            ],
            [
              -76.41305555555557,
              8.071111111111112
            ],
            [
              -76.41305555555557,
              8.070833333333333
            ],
            [
              -76.41361111111112,
              8.070833333333333
            ],
            [
              -76.41361111111112,
              8.070555555555556
            ],
            [
              -76.41416666666667,
              8.070555555555556
            ],
            [
              -76.41416666666667,
              8.07
            ],
            [
              -76.415,
              8.07
            ],
            [
              -76.415,
              8.070277777777777
            ],
            [
              -76.41555555555557,
              8.070277777777777
            ],
            [
              -76.41555555555557,
              8.070555555555556
            ],
            [
              -76.41611111111112,
              8.070555555555556
            ],
            [
              -76.41611111111112,
              8.070833333333333
            ],
            [
              -76.4163888888889,
              8.070833333333333
            ],
            [
              -76.4163888888889,
              8.071111111111112
            ],
            [
              -76.41750000000002,
              8.071111111111112
            ],
            [
              -76.41750000000002,
              8.071388888888889
            ],
            [
              -76.41805555555557,
              8.071388888888889
            ],
            [
              -76.41805555555557,
              8.071666666666667
            ],
            [
              -76.41833333333335,
              8.071666666666667
            ],
            [
              -76.41833333333335,
              8.073888888888888
            ],
            [
              -76.41861111111112,
              8.073888888888888
            ],
            [
              -76.41861111111112,
              8.074166666666667
            ],
            [
              -76.41972222222223,
              8.074166666666667
            ],
            [
              -76.41972222222223,
              8.073888888888888
            ],
            [
              -76.42083333333335,
              8.073888888888888
            ],
            [
              -76.42083333333335,
              8.073611111111111
            ],
            [
              -76.42333333333335,
              8.073611111111111
            ],
            [
              -76.42333333333335,
              8.073888888888888
            ],
            [
              -76.42416666666668,
              8.073888888888888
            ],
            [
              -76.42416666666668,
              8.073333333333332
            ],
            [
              -76.42444444444446,
              8.073333333333332
            ],
            [
              -76.42444444444446,
              8.073055555555555
            ],
            [
              -76.42416666666668,
              8.073055555555555
            ],
            [
              -76.42416666666668,
              8.072777777777778
            ],
            [
              -76.4238888888889,
              8.072777777777778
            ],
            [
              -76.4238888888889,
              8.0725
            ],
            [
              -76.42361111111113,
              8.0725
            ],
            [
              -76.42361111111113,
              8.071388888888889
            ],
            [
              -76.42333333333335,
              8.071388888888889
            ],
            [
              -76.42333333333335,
              8.070555555555556
            ],
            [
              -76.42305555555556,
              8.070555555555556
            ],
            [
              -76.42305555555556,
              8.068333333333333
            ],
            [
              -76.42333333333335,
              8.068333333333333
            ],
            [
              -76.42333333333335,
              8.066944444444445
            ],
            [
              -76.42361111111113,
              8.066944444444445
            ],
            [
              -76.42361111111113,
              8.066666666666666
            ],
            [
              -76.4238888888889,
              8.066666666666666
            ],
            [
              -76.4238888888889,
              8.06638888888889
            ],
            [
              -76.42361111111113,
              8.06638888888889
            ],
            [
              -76.42361111111113,
              8.065833333333334
            ],
            [
              -76.4238888888889,
              8.065833333333334
            ],
            [
              -76.4238888888889,
              8.065277777777778
            ],
            [
              -76.42416666666668,
              8.065277777777778
            ],
            [
              -76.42416666666668,
              8.065
            ],
            [
              -76.42444444444446,
              8.065
            ],
            [
              -76.42444444444446,
              8.064444444444444
            ],
            [
              -76.42472222222223,
              8.064444444444444
            ],
            [
              -76.42472222222223,
              8.064166666666667
            ],
            [
              -76.42500000000001,
              8.064166666666667
            ],
            [
              -76.42500000000001,
              8.063888888888888
            ],
            [
              -76.42472222222223,
              8.063888888888888
            ],
            [
              -76.42472222222223,
              8.062777777777777
            ],
            [
              -76.42444444444446,
              8.062777777777777
            ],
            [
              -76.42444444444446,
              8.0625
            ],
            [
              -76.42416666666668,
              8.0625
            ],
            [
              -76.42416666666668,
              8.062222222222221
            ],
            [
              -76.4238888888889,
              8.062222222222221
            ],
            [
              -76.4238888888889,
              8.061944444444444
            ],
            [
              -76.42361111111113,
              8.061944444444444
            ],
            [
              -76.42361111111113,
              8.061666666666667
            ],
            [
              -76.42333333333335,
              8.061666666666667
            ],
            [
              -76.42333333333335,
              8.060555555555556
            ],
            [
              -76.42361111111113,
              8.060555555555556
            ],
            [
              -76.42361111111113,
              8.060277777777777
            ],
            [
              -76.4238888888889,
              8.060277777777777
            ],
            [
              -76.4238888888889,
              8.059722222222222
            ],
            [
              -76.42416666666668,
              8.059722222222222
            ],
            [
              -76.42416666666668,
              8.059444444444445
            ],
            [
              -76.42472222222223,
              8.059444444444445
            ],
            [
              -76.42472222222223,
              8.059166666666666
            ],
            [
              -76.4252777777778,
              8.059166666666666
            ],
            [
              -76.4252777777778,
              8.05888888888889
            ],
            [
              -76.42583333333334,
              8.05888888888889
            ],
            [
              -76.42583333333334,
              8.05861111111111
            ],
            [
              -76.42611111111113,
              8.05861111111111
            ],
            [
              -76.42611111111113,
              8.05888888888889
            ],
            [
              -76.42777777777779,
              8.05888888888889
            ],
            [
              -76.42777777777779,
              8.059166666666666
            ],
            [
              -76.42805555555557,
              8.059166666666666
            ],
            [
              -76.42805555555557,
              8.05888888888889
            ],
            [
              -76.42944444444446,
              8.05888888888889
            ],
            [
              -76.42944444444446,
              8.058333333333334
            ],
            [
              -76.42972222222224,
              8.058333333333334
            ],
            [
              -76.42972222222224,
              8.057777777777778
            ],
            [
              -76.43,
              8.057777777777778
            ],
            [
              -76.43,
              8.056944444444444
            ],
            [
              -76.43027777777779,
              8.056944444444444
            ],
            [
              -76.43027777777779,
              8.056666666666667
            ],
            [
              -76.43,
              8.056666666666667
            ],
            [
              -76.43,
              8.056111111111111
            ],
            [
              -76.42972222222224,
              8.056111111111111
            ],
            [
              -76.42972222222224,
              8.055833333333332
            ],
            [
              -76.43,
              8.055833333333332
            ],
            [
              -76.43,
              8.055277777777778
            ],
            [
              -76.42972222222224,
              8.055277777777778
            ],
            [
              -76.42972222222224,
              8.053611111111111
            ],
            [
              -76.42944444444446,
              8.053611111111111
            ],
            [
              -76.42944444444446,
              8.052777777777777
            ],
            [
              -76.42916666666667,
              8.052777777777777
            ],
            [
              -76.42916666666667,
              8.052222222222222
            ],
            [
              -76.42944444444446,
              8.052222222222222
            ],
            [
              -76.42944444444446,
              8.051944444444445
            ],
            [
              -76.42972222222224,
              8.051944444444445
            ],
            [
              -76.42972222222224,
              8.051666666666666
            ],
            [
              -76.43,
              8.051666666666666
            ],
            [
              -76.43,
              8.051388888888889
            ],
            [
              -76.43027777777779,
              8.051388888888889
            ],
            [
              -76.43027777777779,
              8.05111111111111
            ],
            [
              -76.43055555555557,
              8.05111111111111
            ],
            [
              -76.43055555555557,
              8.050555555555555
            ],
            [
              -76.43083333333334,
              8.050555555555555
            ],
            [
              -76.43083333333334,
              8.049722222222222
            ],
            [
              -76.43111111111112,
              8.049722222222222
            ],
            [
              -76.43111111111112,
              8.049166666666666
            ],
            [
              -76.4313888888889,
              8.049166666666666
            ],
            [
              -76.4313888888889,
              8.04888888888889
            ],
            [
              -76.43166666666667,
              8.04888888888889
            ],
            [
              -76.43166666666667,
              8.048333333333334
            ],
            [
              -76.4313888888889,
              8.048333333333334
            ],
            [
              -76.4313888888889,
              8.048055555555555
            ],
            [
              -76.43111111111112,
              8.048055555555555
            ],
            [
              -76.43111111111112,
              8.047777777777778
            ],
            [
              -76.43083333333334,
              8.047777777777778
            ],
            [
              -76.43083333333334,
              8.0475
            ],
            [
              -76.43055555555557,
              8.0475
            ],
            [
              -76.43055555555557,
              8.047222222222222
            ],
            [
              -76.43027777777779,
              8.047222222222222
            ],
            [
              -76.43027777777779,
              8.046944444444444
            ],
            [
              -76.42944444444446,
              8.046944444444444
            ],
            [
              -76.42944444444446,
              8.046666666666667
            ],
            [
              -76.4288888888889,
              8.046666666666667
            ],
            [
              -76.4288888888889,
              8.046388888888888
            ],
            [
              -76.42861111111112,
              8.046388888888888
            ],
            [
              -76.42861111111112,
              8.045277777777777
            ],
            [
              -76.4288888888889,
              8.045277777777777
            ],
            [
              -76.4288888888889,
              8.044722222222223
            ],
            [
              -76.42861111111112,
              8.044722222222223
            ],
            [
              -76.42861111111112,
              8.044166666666667
            ],
            [
              -76.42833333333334,
              8.044166666666667
            ],
            [
              -76.42833333333334,
              8.0425
            ],
            [
              -76.42777777777779,
              8.0425
            ],
            [
              -76.42777777777779,
              8.042222222222222
            ],
            [
              -76.42750000000001,
              8.042222222222222
            ],
            [
              -76.42750000000001,
              8.041944444444445
            ],
            [
              -76.42694444444446,
              8.041944444444445
            ],
            [
              -76.42694444444446,
              8.040833333333333
            ],
            [
              -76.42722222222224,
              8.040833333333333
            ],
            [
              -76.42722222222224,
              8.038611111111111
            ],
            [
              -76.42750000000001,
              8.038611111111111
            ],
            [
              -76.42750000000001,
              8.038055555555555
            ],
            [
              -76.42777777777779,
              8.038055555555555
            ],
            [
              -76.42777777777779,
              8.0375
            ],
            [
              -76.42805555555557,
              8.0375
            ],
            [
              -76.42805555555557,
              8.036944444444444
            ],
            [
              -76.42833333333334,
              8.036944444444444
            ],
            [
              -76.42833333333334,
              8.036666666666667
            ],
            [
              -76.42861111111112,
              8.036666666666667
            ],
            [
              -76.42861111111112,
              8.036388888888888
            ],
            [
              -76.4288888888889,
              8.036388888888888
            ],
            [
              -76.4288888888889,
              8.035277777777777
            ],
            [
              -76.42861111111112,
              8.035277777777777
            ],
            [
              -76.42861111111112,
              8.035
            ],
            [
              -76.42833333333334,
              8.035
            ],
            [
              -76.42833333333334,
              8.034722222222221
            ],
            [
              -76.42722222222224,
              8.034722222222221
            ],
            [
              -76.42722222222224,
              8.034444444444444
            ],
            [
              -76.42694444444446,
              8.034444444444444
            ],
            [
              -76.42694444444446,
              8.034166666666666
            ],
            [
              -76.42666666666668,
              8.034166666666666
            ],
            [
              -76.42666666666668,
              8.03361111111111
            ],
            [
              -76.42583333333334,
              8.03361111111111
            ],
            [
              -76.42583333333334,
              8.033333333333333
            ],
            [
              -76.4252777777778,
              8.033333333333333
            ],
            [
              -76.4252777777778,
              8.033055555555556
            ],
            [
              -76.42472222222223,
              8.033055555555556
            ],
            [
              -76.42472222222223,
              8.032777777777778
            ],
            [
              -76.42416666666668,
              8.032777777777778
            ],
            [
              -76.42416666666668,
              8.031944444444445
            ],
            [
              -76.4238888888889,
              8.031944444444445
            ],
            [
              -76.4238888888889,
              8.03138888888889
            ],
            [
              -76.42361111111113,
              8.03138888888889
            ],
            [
              -76.42361111111113,
              8.030555555555555
            ],
            [
              -76.42333333333335,
              8.030555555555555
            ],
            [
              -76.42333333333335,
              8.030277777777778
            ],
            [
              -76.42305555555556,
              8.030277777777778
            ],
            [
              -76.42305555555556,
              8.03
            ],
            [
              -76.4227777777778,
              8.03
            ],
            [
              -76.4227777777778,
              8.029444444444444
            ],
            [
              -76.42250000000001,
              8.029444444444444
            ],
            [
              -76.42250000000001,
              8.029166666666667
            ],
            [
              -76.42222222222223,
              8.029166666666667
            ],
            [
              -76.42222222222223,
              8.028611111111111
            ],
            [
              -76.42250000000001,
              8.028611111111111
            ],
            [
              -76.42250000000001,
              8.028055555555556
            ],
            [
              -76.4227777777778,
              8.028055555555556
            ],
            [
              -76.4227777777778,
              8.027777777777777
            ],
            [
              -76.42305555555556,
              8.027777777777777
            ],
            [
              -76.42305555555556,
              8.026944444444444
            ],
            [
              -76.42333333333335,
              8.026944444444444
            ],
            [
              -76.42333333333335,
              8.026666666666667
            ],
            [
              -76.42361111111113,
              8.026666666666667
            ],
            [
              -76.42361111111113,
              8.026111111111112
            ],
            [
              -76.4238888888889,
              8.026111111111112
            ],
            [
              -76.4238888888889,
              8.025833333333333
            ],
            [
              -76.42416666666668,
              8.025833333333333
            ],
            [
              -76.42416666666668,
              8.025555555555556
            ],
            [
              -76.42472222222223,
              8.025555555555556
            ],
            [
              -76.42472222222223,
              8.025
            ],
            [
              -76.42500000000001,
              8.025
            ],
            [
              -76.42500000000001,
              8.024722222222222
            ],
            [
              -76.42555555555556,
              8.024722222222222
            ],
            [
              -76.42555555555556,
              8.024444444444445
            ],
            [
              -76.42583333333334,
              8.024444444444445
            ],
            [
              -76.42583333333334,
              8.022499999999999
            ],
            [
              -76.42611111111113,
              8.022499999999999
            ],
            [
              -76.42611111111113,
              8.022222222222222
            ],
            [
              -76.4263888888889,
              8.022222222222222
            ],
            [
              -76.4263888888889,
              8.021666666666667
            ],
            [
              -76.42666666666668,
              8.021666666666667
            ],
            [
              -76.42666666666668,
              8.02138888888889
            ],
            [
              -76.42694444444446,
              8.02138888888889
            ],
            [
              -76.42694444444446,
              8.020833333333334
            ],
            [
              -76.42722222222224,
              8.020833333333334
            ],
            [
              -76.42722222222224,
              8.02
            ],
            [
              -76.42750000000001,
              8.02
            ],
            [
              -76.42750000000001,
              8.018333333333333
            ],
            [
              -76.42555555555556,
              8.018333333333333
            ],
            [
              -76.42555555555556,
              8.018055555555556
            ],
            [
              -76.4252777777778,
              8.018055555555556
            ],
            [
              -76.4252777777778,
              8.017777777777777
            ],
            [
              -76.42500000000001,
              8.017777777777777
            ],
            [
              -76.42500000000001,
              8.0175
            ],
            [
              -76.42472222222223,
              8.0175
            ],
            [
              -76.42472222222223,
              8.017222222222221
            ],
            [
              -76.4238888888889,
              8.017222222222221
            ],
            [
              -76.4238888888889,
              8.016944444444444
            ],
            [
              -76.42333333333335,
              8.016944444444444
            ],
            [
              -76.42333333333335,
              8.016666666666666
            ],
            [
              -76.42305555555556,
              8.016666666666666
            ],
            [
              -76.42305555555556,
              8.016388888888889
            ],
            [
              -76.4227777777778,
              8.016388888888889
            ],
            [
              -76.4227777777778,
              8.016111111111112
            ],
            [
              -76.42250000000001,
              8.016111111111112
            ],
            [
              -76.42250000000001,
              8.015555555555556
            ],
            [
              -76.4213888888889,
              8.015555555555556
            ],
            [
              -76.4213888888889,
              8.015277777777778
            ],
            [
              -76.41750000000002,
              8.015277777777778
            ],
            [
              -76.41750000000002,
              8.015
            ],
            [
              -76.41722222222224,
              8.015
            ],
            [
              -76.41722222222224,
              8.014444444444445
            ],
            [
              -76.41694444444445,
              8.014444444444445
            ],
            [
              -76.41694444444445,
              8.014166666666666
            ],
            [
              -76.4163888888889,
              8.014166666666666
            ],
            [
              -76.4163888888889,
              8.01388888888889
            ],
            [
              -76.41583333333334,
              8.01388888888889
            ],
            [
              -76.41583333333334,
              8.01361111111111
            ],
            [
              -76.41555555555557,
              8.01361111111111
            ],
            [
              -76.41555555555557,
              8.013333333333334
            ],
            [
              -76.41527777777779,
              8.013333333333334
            ],
            [
              -76.41527777777779,
              8.013055555555555
            ],
            [
              -76.41472222222224,
              8.013055555555555
            ],
            [
              -76.41472222222224,
              8.012777777777778
            ],
            [
              -76.41444444444446,
              8.012777777777778
            ],
            [
              -76.41444444444446,
              8.0125
            ],
            [
              -76.4138888888889,
              8.0125
            ],
            [
              -76.4138888888889,
              8.012222222222222
            ],
            [
              -76.41361111111112,
              8.012222222222222
            ],
            [
              -76.41361111111112,
              8.011944444444444
            ],
            [
              -76.41277777777779,
              8.011944444444444
            ],
            [
              -76.41277777777779,
              8.011666666666667
            ],
            [
              -76.41222222222224,
              8.011666666666667
            ],
            [
              -76.41222222222224,
              8.011388888888888
            ],
            [
              -76.41194444444446,
              8.011388888888888
            ],
            [
              -76.41194444444446,
              8.009722222222223
            ],
            [
              -76.41222222222224,
              8.009722222222223
            ],
            [
              -76.41222222222224,
              8.008888888888889
            ],
            [
              -76.41250000000001,
              8.008888888888889
            ],
            [
              -76.41250000000001,
              8.008055555555556
            ],
            [
              -76.41222222222224,
              8.008055555555556
            ],
            [
              -76.41222222222224,
              8.007777777777777
            ],
            [
              -76.41194444444446,
              8.007777777777777
            ],
            [
              -76.41194444444446,
              8.007222222222222
            ],
            [
              -76.41166666666668,
              8.007222222222222
            ],
            [
              -76.41166666666668,
              8.006944444444445
            ],
            [
              -76.41194444444446,
              8.006944444444445
            ],
            [
              -76.41194444444446,
              8.006666666666666
            ],
            [
              -76.41222222222224,
              8.006666666666666
            ],
            [
              -76.41222222222224,
              8.004444444444445
            ],
            [
              -76.41250000000001,
              8.004444444444445
            ],
            [
              -76.41250000000001,
              8.003333333333334
            ],
            [
              -76.41277777777779,
              8.003333333333334
            ],
            [
              -76.41277777777779,
              8.003055555555555
            ],
            [
              -76.41333333333334,
              8.003055555555555
            ],
            [
              -76.41333333333334,
              8.002777777777778
            ],
            [
              -76.41361111111112,
              8.002777777777778
            ],
            [
              -76.41361111111112,
              8.002222222222223
            ],
            [
              -76.4138888888889,
              8.002222222222223
            ],
            [
              -76.4138888888889,
              8.000277777777777
            ],
            [
              -76.41416666666667,
              8.000277777777777
            ],
            [
              -76.41416666666667,
              8.0
            ],
            [
              -76.41444444444446,
              8.0
            ],
            [
              -76.41444444444446,
              7.9991666666666665
            ],
            [
              -76.41472222222224,
              7.9991666666666665
            ],
            [
              -76.41472222222224,
              7.998611111111111
            ],
            [
              -76.41444444444446,
              7.998611111111111
            ],
            [
              -76.41444444444446,
              7.998333333333333
            ],
            [
              -76.41472222222224,
              7.998333333333333
            ],
            [
              -76.41472222222224,
              7.996944444444444
            ],
            [
              -76.415,
              7.996944444444444
            ],
            [
              -76.415,
              7.994722222222222
            ],
            [
              -76.41527777777779,
              7.994722222222222
            ],
            [
              -76.41527777777779,
              7.993611111111111
            ],
            [
              -76.41555555555557,
              7.993611111111111
            ],
            [
              -76.41555555555557,
              7.991388888888888
            ],
            [
              -76.41583333333334,
              7.991388888888888
            ],
            [
              -76.41583333333334,
              7.990555555555556
            ],
            [
              -76.41611111111112,
              7.990555555555556
            ],
            [
              -76.41611111111112,
              7.990277777777778
            ],
            [
              -76.41583333333334,
              7.990277777777778
            ],
            [
              -76.41583333333334,
              7.989444444444445
            ],
            [
              -76.41611111111112,
              7.989444444444445
            ],
            [
              -76.41611111111112,
              7.9875
            ],
            [
              -76.4163888888889,
              7.9875
            ],
            [
              -76.4163888888889,
              7.9863888888888885
            ],
            [
              -76.41666666666669,
              7.9863888888888885
            ],
            [
              -76.41666666666669,
              7.9847222222222225
            ],
            [
              -76.41694444444445,
              7.9847222222222225
            ],
            [
              -76.41694444444445,
              7.9825
            ],
            [
              -76.41666666666669,
              7.9825
            ],
            [
              -76.41666666666669,
              7.9799999999999995
            ],
            [
              -76.41694444444445,
              7.9799999999999995
            ],
            [
              -76.41694444444445,
              7.979444444444444
            ],
            [
              -76.41666666666669,
              7.979444444444444
            ],
            [
              -76.41666666666669,
              7.978611111111111
            ],
            [
              -76.4163888888889,
              7.978611111111111
            ],
            [
              -76.4163888888889,
              7.977777777777778
            ],
            [
              -76.41666666666669,
              7.977777777777778
            ],
            [
              -76.41666666666669,
              7.976944444444444
            ],
            [
              -76.41694444444445,
              7.976944444444444
            ],
            [
              -76.41694444444445,
              7.975555555555555
            ],
            [
              -76.41722222222224,
              7.975555555555555
            ],
            [
              -76.41722222222224,
              7.9752777777777775
            ],
            [
              -76.41694444444445,
              7.9752777777777775
            ],
            [
              -76.41694444444445,
              7.975
            ],
            [
              -76.41666666666669,
              7.975
            ],
            [
              -76.41666666666669,
              7.973888888888888
            ],
            [
              -76.41694444444445,
              7.973888888888888
            ],
            [
              -76.41694444444445,
              7.973611111111111
            ],
            [
              -76.41722222222224,
              7.973611111111111
            ],
            [
              -76.41722222222224,
              7.973055555555556
            ],
            [
              -76.41694444444445,
              7.973055555555556
            ],
            [
              -76.41694444444445,
              7.972777777777778
            ],
            [
              -76.41666666666669,
              7.972777777777778
            ],
            [
              -76.41666666666669,
              7.972222222222222
            ],
            [
              -76.4163888888889,
              7.972222222222222
            ],
            [
              -76.4163888888889,
              7.9719444444444445
            ],
            [
              -76.41694444444445,
              7.9719444444444445
            ],
            [
              -76.41694444444445,
              7.971388888888889
            ],
            [
              -76.41722222222224,
              7.971388888888889
            ],
            [
              -76.41722222222224,
              7.970277777777778
            ],
            [
              -76.41694444444445,
              7.970277777777778
            ],
            [
              -76.41694444444445,
              7.969722222222222
            ],
            [
              -76.41722222222224,
              7.969722222222222
            ],
            [
              -76.41722222222224,
              7.969444444444444
            ],
            [
              -76.41750000000002,
              7.969444444444444
            ],
            [
              -76.41750000000002,
              7.9688888888888885
            ],
            [
              -76.41777777777779,
              7.9688888888888885
            ],
            [
              -76.41777777777779,
              7.968055555555555
            ],
            [
              -76.41750000000002,
              7.968055555555555
            ],
            [
              -76.41750000000002,
              7.967777777777778
            ],
            [
              -76.41777777777779,
              7.967777777777778
            ],
            [
              -76.41777777777779,
              7.9655555555555555
            ],
            [
              -76.41750000000002,
              7.9655555555555555
            ],
            [
              -76.41750000000002,
              7.964722222222222
            ],
            [
              -76.41777777777779,
              7.964722222222222
            ],
            [
              -76.41777777777779,
              7.963888888888889
            ],
            [
              -76.41750000000002,
              7.963888888888889
            ],
            [
              -76.41750000000002,
              7.963055555555555
            ],
            [
              -76.41722222222224,
              7.963055555555555
            ],
            [
              -76.41722222222224,
              7.961944444444445
            ],
            [
              -76.41694444444445,
              7.961944444444445
            ],
            [
              -76.41694444444445,
              7.961388888888889
            ],
            [
              -76.41722222222224,
              7.961388888888889
            ],
            [
              -76.41722222222224,
              7.961111111111111
            ],
            [
              -76.41750000000002,
              7.961111111111111
            ],
            [
              -76.41750000000002,
              7.960833333333333
            ],
            [
              -76.41777777777779,
              7.960833333333333
            ],
            [
              -76.41777777777779,
              7.960555555555556
            ],
            [
              -76.41805555555557,
              7.960555555555556
            ],
            [
              -76.41805555555557,
              7.96
            ],
            [
              -76.41833333333335,
              7.96
            ],
            [
              -76.41833333333335,
              7.959722222222222
            ],
            [
              -76.41805555555557,
              7.959722222222222
            ],
            [
              -76.41805555555557,
              7.959444444444444
            ],
            [
              -76.41833333333335,
              7.959444444444444
            ],
            [
              -76.41833333333335,
              7.958611111111111
            ],
            [
              -76.41805555555557,
              7.958611111111111
            ],
            [
              -76.41805555555557,
              7.958055555555555
            ],
            [
              -76.41777777777779,
              7.958055555555555
            ],
            [
              -76.41777777777779,
              7.957777777777777
            ],
            [
              -76.41750000000002,
              7.957777777777777
            ],
            [
              -76.41750000000002,
              7.9575
            ],
            [
              -76.41722222222224,
              7.9575
            ],
            [
              -76.41722222222224,
              7.957222222222222
            ],
            [
              -76.41666666666669,
              7.957222222222222
            ],
            [
              -76.41666666666669,
              7.956944444444444
            ],
            [
              -76.4163888888889,
              7.956944444444444
            ],
            [
              -76.4163888888889,
              7.956666666666666
            ],
            [
              -76.41611111111112,
              7.956666666666666
            ],
            [
              -76.41611111111112,
              7.956388888888888
            ],
            [
              -76.41583333333334,
              7.956388888888888
            ],
            [
              -76.41583333333334,
              7.953888888888889
            ],
            [
              -76.41555555555557,
              7.953888888888889
            ],
            [
              -76.41555555555557,
              7.953611111111111
            ],
            [
              -76.41527777777779,
              7.953611111111111
            ],
            [
              -76.41527777777779,
              7.953333333333333
            ],
            [
              -76.415,
              7.953333333333333
            ],
            [
              -76.415,
              7.953055555555555
            ],
            [
              -76.41527777777779,
              7.953055555555555
            ],
            [
              -76.41527777777779,
              7.951388888888888
            ],
            [
              -76.415,
              7.951388888888888
            ],
            [
              -76.415,
              7.950833333333334
            ],
            [
              -76.41472222222224,
              7.950833333333334
            ],
            [
              -76.41472222222224,
              7.950277777777778
            ],
            [
              -76.41444444444446,
              7.950277777777778
            ],
            [
              -76.41444444444446,
              7.95
            ],
            [
              -76.41416666666667,
              7.95
            ],
            [
              -76.41416666666667,
              7.949722222222222
            ],
            [
              -76.4138888888889,
              7.949722222222222
            ],
            [
              -76.4138888888889,
              7.949166666666667
            ],
            [
              -76.41416666666667,
              7.949166666666667
            ],
            [
              -76.41416666666667,
              7.9494444444444445
            ],
            [
              -76.41472222222224,
              7.9494444444444445
            ],
            [
              -76.41472222222224,
              7.949166666666667
            ],
            [
              -76.415,
              7.949166666666667
            ],
            [
              -76.415,
              7.948888888888889
            ],
            [
              -76.41527777777779,
              7.948888888888889
            ],
            [
              -76.41527777777779,
              7.948611111111111
            ],
            [
              -76.41555555555557,
              7.948611111111111
            ],
            [
              -76.41555555555557,
              7.948333333333333
            ],
            [
              -76.41583333333334,
              7.948333333333333
            ],
            [
              -76.41583333333334,
              7.948055555555555
            ],
            [
              -76.41611111111112,
              7.948055555555555
            ],
            [
              -76.41611111111112,
              7.947777777777778
            ],
            [
              -76.4163888888889,
              7.947777777777778
            ],
            [
              -76.4163888888889,
              7.9475
            ],
            [
              -76.41750000000002,
              7.9475
            ],
            [
              -76.41750000000002,
              7.947222222222222
            ],
            [
              -76.41805555555557,
              7.947222222222222
            ],
            [
              -76.41805555555557,
              7.946944444444444
            ],
            [
              -76.4188888888889,
              7.946944444444444
            ],
            [
              -76.4188888888889,
              7.946666666666666
            ],
            [
              -76.41944444444445,
              7.946666666666666
            ],
            [
              -76.41944444444445,
              7.9463888888888885
            ],
            [
              -76.41972222222223,
              7.9463888888888885
            ],
            [
              -76.41972222222223,
              7.946111111111111
            ],
            [
              -76.42055555555557,
              7.946111111111111
            ],
            [
              -76.42055555555557,
              7.945833333333333
            ],
            [
              -76.42111111111112,
              7.945833333333333
            ],
            [
              -76.42111111111112,
              7.945555555555555
            ],
            [
              -76.42166666666668,
              7.945555555555555
            ],
            [
              -76.42166666666668,
              7.945277777777777
            ],
            [
              -76.42194444444446,
              7.945277777777777
            ],
            [
              -76.42194444444446,
              7.945555555555555
            ],
            [
              -76.42222222222223,
              7.945555555555555
            ],
            [
              -76.42222222222223,
              7.943888888888889
            ],
            [
              -76.42194444444446,
              7.943888888888889
            ],
            [
              -76.42194444444446,
              7.942777777777778
            ],
            [
              -76.42222222222223,
              7.942777777777778
            ],
            [
              -76.42222222222223,
              7.942222222222222
            ],
            [
              -76.42194444444446,
              7.942222222222222
            ],
            [
              -76.42194444444446,
              7.941111111111111
            ],
            [
              -76.42166666666668,
              7.941111111111111
            ],
            [
              -76.42166666666668,
              7.940277777777777
            ],
            [
              -76.4213888888889,
              7.940277777777777
            ],
            [
              -76.4213888888889,
              7.9399999999999995
            ],
            [
              -76.42111111111112,
              7.9399999999999995
            ],
            [
              -76.42111111111112,
              7.939722222222222
            ],
            [
              -76.42083333333335,
              7.939722222222222
            ],
            [
              -76.42083333333335,
              7.939166666666667
            ],
            [
              -76.42111111111112,
              7.939166666666667
            ],
            [
              -76.42111111111112,
              7.938888888888889
            ],
            [
              -76.42083333333335,
              7.938888888888889
            ],
            [
              -76.42083333333335,
              7.938611111111111
            ],
            [
              -76.42111111111112,
              7.938611111111111
            ],
            [
              -76.42111111111112,
              7.938055555555556
            ],
            [
              -76.4213888888889,
              7.938055555555556
            ],
            [
              -76.4213888888889,
              7.9375
            ],
            [
              -76.42194444444446,
              7.9375
            ],
            [
              -76.42194444444446,
              7.937222222222222
            ],
            [
              -76.42166666666668,
              7.937222222222222
            ],
            [
              -76.42166666666668,
              7.936388888888889
            ],
            [
              -76.4213888888889,
              7.936388888888889
            ],
            [
              -76.4213888888889,
              7.935555555555555
            ],
            [
              -76.42111111111112,
              7.935555555555555
            ],
            [
              -76.42111111111112,
              7.9325
            ],
            [
              -76.42083333333335,
              7.9325
            ],
            [
              -76.42083333333335,
              7.9319444444444445
            ],
            [
              -76.42055555555557,
              7.9319444444444445
            ],
            [
              -76.42055555555557,
              7.931388888888889
            ],
            [
              -76.42027777777778,
              7.931388888888889
            ],
            [
              -76.42027777777778,
              7.930555555555555
            ],
            [
              -76.42000000000002,
              7.930555555555555
            ],
            [
              -76.42000000000002,
              7.928888888888888
            ],
            [
              -76.41972222222223,
              7.928888888888888
            ],
            [
              -76.41972222222223,
              7.928333333333333
            ],
            [
              -76.41916666666668,
              7.928333333333333
            ],
            [
              -76.41916666666668,
              7.926944444444445
            ],
            [
              -76.4188888888889,
              7.926944444444445
            ],
            [
              -76.4188888888889,
              7.926666666666667
            ],
            [
              -76.41916666666668,
              7.926666666666667
            ],
            [
              -76.41916666666668,
              7.925833333333333
            ],
            [
              -76.41944444444445,
              7.925833333333333
            ],
            [
              -76.41944444444445,
              7.925
            ],
            [
              -76.41972222222223,
              7.925
            ],
            [
              -76.41972222222223,
              7.924444444444444
            ],
            [
              -76.42000000000002,
              7.924444444444444
            ],
            [
              -76.42000000000002,
              7.924166666666666
            ],
            [
              -76.41972222222223,
              7.924166666666666
            ],
            [
              -76.41972222222223,
              7.922777777777777
            ],
            [
              -76.42000000000002,
              7.922777777777777
            ],
            [
              -76.42000000000002,
              7.922499999999999
            ],
            [
              -76.42027777777778,
              7.922499999999999
            ],
            [
              -76.42027777777778,
              7.9222222222222225
            ],
            [
              -76.42055555555557,
              7.9222222222222225
            ],
            [
              -76.42055555555557,
              7.921944444444445
            ],
            [
              -76.42111111111112,
              7.921944444444445
            ],
            [
              -76.42111111111112,
              7.921666666666667
            ],
            [
              -76.4213888888889,
              7.921666666666667
            ],
            [
              -76.4213888888889,
              7.921388888888889
            ],
            [
              -76.42166666666668,
              7.921388888888889
            ],
            [
              -76.42166666666668,
              7.921111111111111
            ],
            [
              -76.42222222222223,
              7.921111111111111
            ],
            [
              -76.42222222222223,
              7.920833333333333
            ],
            [
              -76.42250000000001,
              7.920833333333333
            ],
            [
              -76.42250000000001,
              7.920555555555556
            ],
            [
              -76.42333333333335,
              7.920555555555556
            ],
            [
              -76.42333333333335,
              7.920833333333333
            ],
            [
              -76.42361111111113,
              7.920833333333333
            ],
            [
              -76.42361111111113,
              7.920555555555556
            ],
            [
              -76.4238888888889,
              7.920555555555556
            ],
            [
              -76.4238888888889,
              7.919444444444444
            ],
            [
              -76.42361111111113,
              7.919444444444444
            ],
            [
              -76.42361111111113,
              7.9191666666666665
            ],
            [
              -76.42333333333335,
              7.9191666666666665
            ],
            [
              -76.42333333333335,
              7.918888888888889
            ],
            [
              -76.4227777777778,
              7.918888888888889
            ],
            [
              -76.4227777777778,
              7.918611111111111
            ],
            [
              -76.42250000000001,
              7.918611111111111
            ],
            [
              -76.42250000000001,
              7.918333333333333
            ],
            [
              -76.42222222222223,
              7.918333333333333
            ],
            [
              -76.42222222222223,
              7.918055555555555
            ],
            [
              -76.42194444444446,
              7.918055555555555
            ],
            [
              -76.42194444444446,
              7.9174999999999995
            ],
            [
              -76.42166666666668,
              7.9174999999999995
            ],
            [
              -76.42166666666668,
              7.917222222222222
            ],
            [
              -76.4213888888889,
              7.917222222222222
            ],
            [
              -76.4213888888889,
              7.916944444444444
            ],
            [
              -76.42111111111112,
              7.916944444444444
            ],
            [
              -76.42111111111112,
              7.916666666666666
            ],
            [
              -76.4213888888889,
              7.916666666666666
            ],
            [
              -76.4213888888889,
              7.915
            ],
            [
              -76.42166666666668,
              7.915
            ],
            [
              -76.42166666666668,
              7.914722222222222
            ],
            [
              -76.4213888888889,
              7.914722222222222
            ],
            [
              -76.4213888888889,
              7.914166666666667
            ],
            [
              -76.42111111111112,
              7.914166666666667
            ],
            [
              -76.42111111111112,
              7.911944444444444
            ],
            [
              -76.4213888888889,
              7.911944444444444
            ],
            [
              -76.4213888888889,
              7.911666666666666
            ],
            [
              -76.42194444444446,
              7.911666666666666
            ],
            [
              -76.42194444444446,
              7.911388888888888
            ],
            [
              -76.42222222222223,
              7.911388888888888
            ],
            [
              -76.42222222222223,
              7.911111111111111
            ],
            [
              -76.42250000000001,
              7.911111111111111
            ],
            [
              -76.42250000000001,
              7.910833333333334
            ],
            [
              -76.4227777777778,
              7.910833333333334
            ],
            [
              -76.4227777777778,
              7.910555555555556
            ],
            [
              -76.42305555555556,
              7.910555555555556
            ],
            [
              -76.42305555555556,
              7.910277777777778
            ],
            [
              -76.42333333333335,
              7.910277777777778
            ],
            [
              -76.42333333333335,
              7.909722222222222
            ],
            [
              -76.42361111111113,
              7.909722222222222
            ],
            [
              -76.42361111111113,
              7.9094444444444445
            ],
            [
              -76.42472222222223,
              7.9094444444444445
            ],
            [
              -76.42472222222223,
              7.909166666666667
            ],
            [
              -76.42500000000001,
              7.909166666666667
            ],
            [
              -76.42500000000001,
              7.908888888888889
            ],
            [
              -76.4252777777778,
              7.908888888888889
            ],
            [
              -76.4252777777778,
              7.908333333333333
            ],
            [
              -76.42555555555556,
              7.908333333333333
            ],
            [
              -76.42555555555556,
              7.908055555555555
            ],
            [
              -76.42583333333334,
              7.908055555555555
            ],
            [
              -76.42583333333334,
              7.9075
            ],
            [
              -76.42611111111113,
              7.9075
            ],
            [
              -76.42611111111113,
              7.907222222222222
            ],
            [
              -76.42666666666668,
              7.907222222222222
            ],
            [
              -76.42666666666668,
              7.906944444444444
            ],
            [
              -76.42694444444446,
              7.906944444444444
            ],
            [
              -76.42694444444446,
              7.907222222222222
            ],
            [
              -76.42722222222224,
              7.907222222222222
            ],
            [
              -76.42722222222224,
              7.9075
            ],
            [
              -76.42805555555557,
              7.9075
            ],
            [
              -76.42805555555557,
              7.907777777777778
            ],
            [
              -76.4288888888889,
              7.907777777777778
            ],
            [
              -76.4288888888889,
              7.908055555555555
            ],
            [
              -76.43027777777779,
              7.908055555555555
            ],
            [
              -76.43027777777779,
              7.908333333333333
            ],
            [
              -76.43083333333334,
              7.908333333333333
            ],
            [
              -76.43083333333334,
              7.908611111111111
            ],
            [
              -76.4313888888889,
              7.908611111111111
            ],
            [
              -76.4313888888889,
              7.909166666666667
            ],
            [
              -76.43166666666667,
              7.909166666666667
            ],
            [
              -76.43166666666667,
              7.9094444444444445
            ],
            [
              -76.43194444444445,
              7.9094444444444445
            ],
            [
              -76.43194444444445,
              7.909722222222222
            ],
            [
              -76.43222222222224,
              7.909722222222222
            ],
            [
              -76.43222222222224,
              7.9094444444444445
            ],
            [
              -76.43250000000002,
              7.9094444444444445
            ],
            [
              -76.43250000000002,
              7.909166666666667
            ],
            [
              -76.43277777777779,
              7.909166666666667
            ],
            [
              -76.43277777777779,
              7.908888888888889
            ],
            [
              -76.43305555555557,
              7.908888888888889
            ],
            [
              -76.43305555555557,
              7.908611111111111
            ],
            [
              -76.43333333333335,
              7.908611111111111
            ],
            [
              -76.43333333333335,
              7.908333333333333
            ],
            [
              -76.4338888888889,
              7.908333333333333
            ],
            [
              -76.4338888888889,
              7.908055555555555
            ],
            [
              -76.43472222222223,
              7.908055555555555
            ],
            [
              -76.43472222222223,
              7.907777777777778
            ],
            [
              -76.43527777777778,
              7.907777777777778
            ],
            [
              -76.43527777777778,
              7.9075
            ],
            [
              -76.43555555555557,
              7.9075
            ],
            [
              -76.43555555555557,
              7.907222222222222
            ],
            [
              -76.43583333333335,
              7.907222222222222
            ],
            [
              -76.43583333333335,
              7.906944444444444
            ],
            [
              -76.43611111111112,
              7.906944444444444
            ],
            [
              -76.43611111111112,
              7.906666666666666
            ],
            [
              -76.4363888888889,
              7.906666666666666
            ],
            [
              -76.4363888888889,
              7.9063888888888885
            ],
            [
              -76.43666666666668,
              7.9063888888888885
            ],
            [
              -76.43666666666668,
              7.905833333333333
            ],
            [
              -76.43694444444445,
              7.905833333333333
            ],
            [
              -76.43694444444445,
              7.905555555555555
            ],
            [
              -76.43833333333335,
              7.905555555555555
            ],
            [
              -76.43833333333335,
              7.905
            ],
            [
              -76.43861111111113,
              7.905
            ],
            [
              -76.43861111111113,
              7.904444444444445
            ],
            [
              -76.4388888888889,
              7.904444444444445
            ],
            [
              -76.4388888888889,
              7.903333333333333
            ],
            [
              -76.43916666666668,
              7.903333333333333
            ],
            [
              -76.43916666666668,
              7.9025
            ],
            [
              -76.43944444444446,
              7.9025
            ],
            [
              -76.43944444444446,
              7.902222222222222
            ],
            [
              -76.43972222222223,
              7.902222222222222
            ],
            [
              -76.43972222222223,
              7.901666666666666
            ],
            [
              -76.44000000000001,
              7.901666666666666
            ],
            [
              -76.44000000000001,
              7.901388888888889
            ],
            [
              -76.4402777777778,
              7.901388888888889
            ],
            [
              -76.4402777777778,
              7.900833333333333
            ],
            [
              -76.44055555555556,
              7.900833333333333
            ],
            [
              -76.44055555555556,
              7.900277777777777
            ],
            [
              -76.44083333333334,
              7.900277777777777
            ],
            [
              -76.44083333333334,
              7.8999999999999995
            ],
            [
              -76.44111111111113,
              7.8999999999999995
            ],
            [
              -76.44111111111113,
              7.899722222222222
            ],
            [
              -76.4413888888889,
              7.899722222222222
            ],
            [
              -76.4413888888889,
              7.899444444444445
            ],
            [
              -76.44166666666668,
              7.899444444444445
            ],
            [
              -76.44166666666668,
              7.899166666666667
            ],
            [
              -76.44194444444446,
              7.899166666666667
            ],
            [
              -76.44194444444446,
              7.898611111111111
            ],
            [
              -76.44222222222223,
              7.898611111111111
            ],
            [
              -76.44222222222223,
              7.898055555555556
            ],
            [
              -76.44250000000001,
              7.898055555555556
            ],
            [
              -76.44250000000001,
              7.8975
            ],
            [
              -76.44277777777779,
              7.8975
            ],
            [
              -76.44277777777779,
              7.897222222222222
            ],
            [
              -76.44361111111112,
              7.897222222222222
            ],
            [
              -76.44361111111112,
              7.896944444444444
            ],
            [
              -76.4438888888889,
              7.896944444444444
            ],
            [
              -76.4438888888889,
              7.8966666666666665
            ],
            [
              -76.44444444444446,
              7.8966666666666665
            ],
            [
              -76.44444444444446,
              7.896388888888889
            ],
            [
              -76.44555555555557,
              7.896388888888889
            ],
            [
              -76.44555555555557,
              7.895277777777777
            ],
            [
              -76.44583333333334,
              7.895277777777777
            ],
            [
              -76.44583333333334,
              7.894166666666666
            ],
            [
              -76.44611111111112,
              7.894166666666666
            ],
            [
              -76.44611111111112,
              7.8933333333333335
            ],
            [
              -76.44583333333334,
              7.8933333333333335
            ],
            [
              -76.44583333333334,
              7.891111111111111
            ],
            [
              -76.44611111111112,
              7.891111111111111
            ],
            [
              -76.44611111111112,
              7.890555555555555
            ],
            [
              -76.4463888888889,
              7.890555555555555
            ],
            [
              -76.4463888888889,
              7.8902777777777775
            ],
            [
              -76.44666666666667,
              7.8902777777777775
            ],
            [
              -76.44666666666667,
              7.889722222222222
            ],
            [
              -76.44694444444445,
              7.889722222222222
            ],
            [
              -76.44694444444445,
              7.889444444444444
            ],
            [
              -76.44722222222224,
              7.889444444444444
            ],
            [
              -76.44722222222224,
              7.889166666666666
            ],
            [
              -76.4475,
              7.889166666666666
            ],
            [
              -76.4475,
              7.888888888888888
            ],
            [
              -76.44777777777779,
              7.888888888888888
            ],
            [
              -76.44777777777779,
              7.888611111111111
            ],
            [
              -76.44805555555557,
              7.888611111111111
            ],
            [
              -76.44805555555557,
              7.887777777777778
            ],
            [
              -76.44833333333335,
              7.887777777777778
            ],
            [
              -76.44833333333335,
              7.887222222222222
            ],
            [
              -76.44861111111112,
              7.887222222222222
            ],
            [
              -76.44861111111112,
              7.885555555555555
            ],
            [
              -76.4488888888889,
              7.885555555555555
            ],
            [
              -76.4488888888889,
              7.885277777777778
            ],
            [
              -76.44916666666668,
              7.885277777777778
            ],
            [
              -76.44916666666668,
              7.884722222222222
            ],
            [
              -76.4488888888889,
              7.884722222222222
            ],
            [
              -76.4488888888889,
              7.883611111111111
            ],
            [
              -76.44861111111112,
              7.883611111111111
            ],
            [
              -76.44861111111112,
              7.883333333333333
            ],
            [
              -76.44833333333335,
              7.883333333333333
            ],
            [
              -76.44833333333335,
              7.881944444444445
            ],
            [
              -76.44805555555557,
              7.881944444444445
            ],
            [
              -76.44805555555557,
              7.881666666666667
            ],
            [
              -76.44777777777779,
              7.881666666666667
            ],
            [
              -76.44777777777779,
              7.881111111111111
            ],
            [
              -76.4475,
              7.881111111111111
            ],
            [
              -76.4475,
              7.880277777777778
            ],
            [
              -76.44777777777779,
              7.880277777777778
            ],
            [
              -76.44777777777779,
              7.879722222222222
            ],
            [
              -76.44833333333335,
              7.879722222222222
            ],
            [
              -76.44833333333335,
              7.879444444444444
            ],
            [
              -76.44861111111112,
              7.879444444444444
            ],
            [
              -76.44861111111112,
              7.879166666666666
            ],
            [
              -76.44916666666668,
              7.879166666666666
            ],
            [
              -76.44916666666668,
              7.878888888888889
            ],
            [
              -76.45027777777779,
              7.878888888888889
            ],
            [
              -76.45027777777779,
              7.879166666666666
            ],
            [
              -76.45055555555557,
              7.879166666666666
            ],
            [
              -76.45055555555557,
              7.878888888888889
            ],
            [
              -76.4513888888889,
              7.878888888888889
            ],
            [
              -76.4513888888889,
              7.878611111111111
            ],
            [
              -76.45277777777778,
              7.878611111111111
            ],
            [
              -76.45277777777778,
              7.878333333333333
            ],
            [
              -76.45305555555557,
              7.878333333333333
            ],
            [
              -76.45305555555557,
              7.878611111111111
            ],
            [
              -76.4538888888889,
              7.878611111111111
            ],
            [
              -76.4538888888889,
              7.878888888888889
            ],
            [
              -76.45416666666668,
              7.878888888888889
            ],
            [
              -76.45416666666668,
              7.878055555555555
            ],
            [
              -76.45444444444446,
              7.878055555555555
            ],
            [
              -76.45444444444446,
              7.8774999999999995
            ],
            [
              -76.45472222222223,
              7.8774999999999995
            ],
            [
              -76.45472222222223,
              7.877777777777777
            ],
            [
              -76.45500000000001,
              7.877777777777777
            ],
            [
              -76.45500000000001,
              7.878055555555555
            ],
            [
              -76.4552777777778,
              7.878055555555555
            ],
            [
              -76.4552777777778,
              7.877777777777777
            ],
            [
              -76.4563888888889,
              7.877777777777777
            ],
            [
              -76.4563888888889,
              7.878055555555555
            ],
            [
              -76.45694444444446,
              7.878055555555555
            ],
            [
              -76.45694444444446,
              7.878333333333333
            ],
            [
              -76.45722222222223,
              7.878333333333333
            ],
            [
              -76.45722222222223,
              7.878611111111111
            ],
            [
              -76.45750000000001,
              7.878611111111111
            ],
            [
              -76.45750000000001,
              7.878055555555555
            ],
            [
              -76.45777777777779,
              7.878055555555555
            ],
            [
              -76.45777777777779,
              7.877777777777777
            ],
            [
              -76.45805555555556,
              7.877777777777777
            ],
            [
              -76.45805555555556,
              7.877222222222222
            ],
            [
              -76.45833333333334,
              7.877222222222222
            ],
            [
              -76.45833333333334,
              7.876944444444444
            ],
            [
              -76.45944444444446,
              7.876944444444444
            ],
            [
              -76.45944444444446,
              7.877222222222222
            ],
            [
              -76.46000000000001,
              7.877222222222222
            ],
            [
              -76.46000000000001,
              7.876666666666667
            ],
            [
              -76.46027777777779,
              7.876666666666667
            ],
            [
              -76.46027777777779,
              7.876388888888889
            ],
            [
              -76.46055555555557,
              7.876388888888889
            ],
            [
              -76.46055555555557,
              7.876111111111111
            ],
            [
              -76.46083333333334,
              7.876111111111111
            ],
            [
              -76.46083333333334,
              7.875555555555556
            ],
            [
              -76.46111111111112,
              7.875555555555556
            ],
            [
              -76.46111111111112,
              7.875
            ],
            [
              -76.4613888888889,
              7.875
            ],
            [
              -76.4613888888889,
              7.874722222222222
            ],
            [
              -76.46166666666667,
              7.874722222222222
            ],
            [
              -76.46166666666667,
              7.874444444444444
            ],
            [
              -76.4625,
              7.874444444444444
            ],
            [
              -76.4625,
              7.8741666666666665
            ],
            [
              -76.46305555555557,
              7.8741666666666665
            ],
            [
              -76.46305555555557,
              7.873611111111111
            ],
            [
              -76.46333333333334,
              7.873611111111111
            ],
            [
              -76.46333333333334,
              7.872777777777777
            ],
            [
              -76.46361111111112,
              7.872777777777777
            ],
            [
              -76.46361111111112,
              7.871666666666666
            ],
            [
              -76.4638888888889,
              7.871666666666666
            ],
            [
              -76.4638888888889,
              7.870833333333334
            ],
            [
              -76.46416666666669,
              7.870833333333334
            ],
            [
              -76.46416666666669,
              7.870277777777778
            ],
            [
              -76.46444444444445,
              7.870277777777778
            ],
            [
              -76.46444444444445,
              7.868611111111111
            ],
            [
              -76.46472222222224,
              7.868611111111111
            ],
            [
              -76.46472222222224,
              7.865833333333333
            ],
            [
              -76.46500000000002,
              7.865833333333333
            ],
            [
              -76.46500000000002,
              7.865277777777778
            ],
            [
              -76.46527777777779,
              7.865277777777778
            ],
            [
              -76.46527777777779,
              7.865
            ],
            [
              -76.46500000000002,
              7.865
            ],
            [
              -76.46500000000002,
              7.863611111111111
            ],
            [
              -76.46527777777779,
              7.863611111111111
            ],
            [
              -76.46527777777779,
              7.8625
            ],
            [
              -76.46472222222224,
              7.8625
            ],
            [
              -76.46472222222224,
              7.862222222222222
            ],
            [
              -76.46444444444445,
              7.862222222222222
            ],
            [
              -76.46444444444445,
              7.861666666666666
            ],
            [
              -76.46416666666669,
              7.861666666666666
            ],
            [
              -76.46416666666669,
              7.8613888888888885
            ],
            [
              -76.4638888888889,
              7.8613888888888885
            ],
            [
              -76.4638888888889,
              7.858055555555556
            ],
            [
              -76.46361111111112,
              7.858055555555556
            ],
            [
              -76.46361111111112,
              7.857777777777778
            ],
            [
              -76.46333333333334,
              7.857777777777778
            ],
            [
              -76.46333333333334,
              7.857222222222222
            ],
            [
              -76.46361111111112,
              7.857222222222222
            ],
            [
              -76.46361111111112,
              7.856944444444444
            ],
            [
              -76.4638888888889,
              7.856944444444444
            ],
            [
              -76.4638888888889,
              7.8566666666666665
            ],
            [
              -76.46416666666669,
              7.8566666666666665
            ],
            [
              -76.46416666666669,
              7.856111111111111
            ],
            [
              -76.46444444444445,
              7.856111111111111
            ],
            [
              -76.46444444444445,
              7.855555555555555
            ],
            [
              -76.46472222222224,
              7.855555555555555
            ],
            [
              -76.46472222222224,
              7.8549999999999995
            ],
            [
              -76.46583333333335,
              7.8549999999999995
            ],
            [
              -76.46583333333335,
              7.854722222222222
            ],
            [
              -76.4663888888889,
              7.854722222222222
            ],
            [
              -76.4663888888889,
              7.854444444444444
            ],
            [
              -76.46611111111112,
              7.854444444444444
            ],
            [
              -76.46611111111112,
              7.854166666666666
            ],
            [
              -76.46583333333335,
              7.854166666666666
            ],
            [
              -76.46583333333335,
              7.853888888888889
            ],
            [
              -76.46555555555557,
              7.853888888888889
            ],
            [
              -76.46555555555557,
              7.853611111111111
            ],
            [
              -76.46527777777779,
              7.853611111111111
            ],
            [
              -76.46527777777779,
              7.8525
            ],
            [
              -76.46500000000002,
              7.8525
            ],
            [
              -76.46500000000002,
              7.852222222222222
            ],
            [
              -76.46472222222224,
              7.852222222222222
            ],
            [
              -76.46472222222224,
              7.850833333333333
            ],
            [
              -76.46500000000002,
              7.850833333333333
            ],
            [
              -76.46500000000002,
              7.8502777777777775
            ],
            [
              -76.46527777777779,
              7.8502777777777775
            ],
            [
              -76.46527777777779,
              7.848055555555556
            ],
            [
              -76.46555555555557,
              7.848055555555556
            ],
            [
              -76.46555555555557,
              7.847777777777778
            ],
            [
              -76.46583333333335,
              7.847777777777778
            ],
            [
              -76.46583333333335,
              7.8475
            ],
            [
              -76.4663888888889,
              7.8475
            ],
            [
              -76.4663888888889,
              7.846388888888889
            ],
            [
              -76.46666666666668,
              7.846388888888889
            ],
            [
              -76.46666666666668,
              7.845555555555555
            ],
            [
              -76.46777777777778,
              7.845555555555555
            ],
            [
              -76.46777777777778,
              7.844166666666666
            ],
            [
              -76.46805555555557,
              7.844166666666666
            ],
            [
              -76.46805555555557,
              7.8438888888888885
            ],
            [
              -76.46833333333335,
              7.8438888888888885
            ],
            [
              -76.46833333333335,
              7.843611111111111
            ],
            [
              -76.4688888888889,
              7.843611111111111
            ],
            [
              -76.4688888888889,
              7.843333333333333
            ],
            [
              -76.46916666666668,
              7.843333333333333
            ],
            [
              -76.46916666666668,
              7.843055555555555
            ],
            [
              -76.46944444444446,
              7.843055555555555
            ],
            [
              -76.46944444444446,
              7.842777777777778
            ],
            [
              -76.46972222222223,
              7.842777777777778
            ],
            [
              -76.46972222222223,
              7.8425
            ],
            [
              -76.47000000000001,
              7.8425
            ],
            [
              -76.47000000000001,
              7.841944444444445
            ],
            [
              -76.4702777777778,
              7.841944444444445
            ],
            [
              -76.4702777777778,
              7.841666666666667
            ],
            [
              -76.47055555555556,
              7.841666666666667
            ],
            [
              -76.47055555555556,
              7.841388888888889
            ],
            [
              -76.47083333333335,
              7.841388888888889
            ],
            [
              -76.47083333333335,
              7.841111111111111
            ],
            [
              -76.4713888888889,
              7.841111111111111
            ],
            [
              -76.4713888888889,
              7.840833333333333
            ],
            [
              -76.47194444444446,
              7.840833333333333
            ],
            [
              -76.47194444444446,
              7.8405555555555555
            ],
            [
              -76.47222222222223,
              7.8405555555555555
            ],
            [
              -76.47222222222223,
              7.840277777777778
            ],
            [
              -76.47250000000001,
              7.840277777777778
            ],
            [
              -76.47250000000001,
              7.84
            ],
            [
              -76.47305555555556,
              7.84
            ],
            [
              -76.47305555555556,
              7.839722222222222
            ],
            [
              -76.47333333333334,
              7.839722222222222
            ],
            [
              -76.47333333333334,
              7.839444444444444
            ],
            [
              -76.47361111111113,
              7.839444444444444
            ],
            [
              -76.47361111111113,
              7.839166666666666
            ],
            [
              -76.47388888888891,
              7.839166666666666
            ],
            [
              -76.47388888888891,
              7.838055555555555
            ],
            [
              -76.47361111111113,
              7.838055555555555
            ],
            [
              -76.47361111111113,
              7.836944444444445
            ],
            [
              -76.47388888888891,
              7.836944444444445
            ],
            [
              -76.47388888888891,
              7.836111111111111
            ],
            [
              -76.47416666666668,
              7.836111111111111
            ],
            [
              -76.47416666666668,
              7.835833333333333
            ],
            [
              -76.47444444444446,
              7.835833333333333
            ],
            [
              -76.47444444444446,
              7.835277777777778
            ],
            [
              -76.47472222222224,
              7.835277777777778
            ],
            [
              -76.47472222222224,
              7.834722222222222
            ],
            [
              -76.47500000000001,
              7.834722222222222
            ],
            [
              -76.47500000000001,
              7.833611111111111
            ],
            [
              -76.47527777777779,
              7.833611111111111
            ],
            [
              -76.47527777777779,
              7.833333333333333
            ],
            [
              -76.47583333333334,
              7.833333333333333
            ],
            [
              -76.47583333333334,
              7.832777777777777
            ],
            [
              -76.47611111111112,
              7.832777777777777
            ],
            [
              -76.47611111111112,
              7.8325
            ],
            [
              -76.4763888888889,
              7.8325
            ],
            [
              -76.4763888888889,
              7.832222222222222
            ],
            [
              -76.47666666666667,
              7.832222222222222
            ],
            [
              -76.47666666666667,
              7.831944444444444
            ],
            [
              -76.47694444444446,
              7.831944444444444
            ],
            [
              -76.47694444444446,
              7.831666666666667
            ],
            [
              -76.47722222222224,
              7.831666666666667
            ],
            [
              -76.47722222222224,
              7.8308333333333335
            ],
            [
              -76.4775,
              7.8308333333333335
            ],
            [
              -76.4775,
              7.830555555555556
            ],
            [
              -76.47777777777779,
              7.830555555555556
            ],
            [
              -76.47777777777779,
              7.829722222222222
            ],
            [
              -76.47805555555557,
              7.829722222222222
            ],
            [
              -76.47805555555557,
              7.829444444444444
            ],
            [
              -76.47833333333334,
              7.829444444444444
            ],
            [
              -76.47833333333334,
              7.828611111111111
            ],
            [
              -76.47861111111112,
              7.828611111111111
            ],
            [
              -76.47861111111112,
              7.828333333333333
            ],
            [
              -76.4788888888889,
              7.828333333333333
            ],
            [
              -76.4788888888889,
              7.8275
            ],
            [
              -76.47916666666669,
              7.8275
            ],
            [
              -76.47916666666669,
              7.827222222222222
            ],
            [
              -76.47944444444445,
              7.827222222222222
            ],
            [
              -76.47944444444445,
              7.826666666666666
            ],
            [
              -76.47972222222224,
              7.826666666666666
            ],
            [
              -76.47972222222224,
              7.826111111111111
            ],
            [
              -76.48000000000002,
              7.826111111111111
            ],
            [
              -76.48000000000002,
              7.825277777777778
            ],
            [
              -76.48027777777779,
              7.825277777777778
            ],
            [
              -76.48027777777779,
              7.825
            ],
            [
              -76.48055555555557,
              7.825
            ],
            [
              -76.48055555555557,
              7.824722222222222
            ],
            [
              -76.48083333333335,
              7.824722222222222
            ],
            [
              -76.48083333333335,
              7.823611111111111
            ],
            [
              -76.48111111111112,
              7.823611111111111
            ],
            [
              -76.48111111111112,
              7.823333333333333
            ],
            [
              -76.4813888888889,
              7.823333333333333
            ],
            [
              -76.4813888888889,
              7.8225
            ],
            [
              -76.48166666666668,
              7.8225
            ],
            [
              -76.48166666666668,
              7.821666666666666
            ],
            [
              -76.4813888888889,
              7.821666666666666
            ],
            [
              -76.4813888888889,
              7.820555555555555
            ],
            [
              -76.48111111111112,
              7.820555555555555
            ],
            [
              -76.48111111111112,
              7.818611111111111
            ],
            [
              -76.48083333333335,
              7.818611111111111
            ],
            [
              -76.48083333333335,
              7.818333333333333
            ],
            [
              -76.48055555555557,
              7.818333333333333
            ],
            [
              -76.48055555555557,
              7.817777777777778
            ],
            [
              -76.48027777777779,
              7.817777777777778
            ],
            [
              -76.48027777777779,
              7.816388888888889
            ],
            [
              -76.48000000000002,
              7.816388888888889
            ],
            [
              -76.48000000000002,
              7.816111111111111
            ],
            [
              -76.47972222222224,
              7.816111111111111
            ],
            [
              -76.47972222222224,
              7.815555555555555
            ],
            [
              -76.47944444444445,
              7.815555555555555
            ],
            [
              -76.47944444444445,
              7.815277777777777
            ],
            [
              -76.4788888888889,
              7.815277777777777
            ],
            [
              -76.4788888888889,
              7.814722222222223
            ],
            [
              -76.47916666666669,
              7.814722222222223
            ],
            [
              -76.47916666666669,
              7.8133333333333335
            ],
            [
              -76.4788888888889,
              7.8133333333333335
            ],
            [
              -76.4788888888889,
              7.811944444444444
            ],
            [
              -76.47916666666669,
              7.811944444444444
            ],
            [
              -76.47916666666669,
              7.811388888888889
            ],
            [
              -76.4788888888889,
              7.811388888888889
            ],
            [
              -76.4788888888889,
              7.810277777777777
            ],
            [
              -76.47916666666669,
              7.810277777777777
            ],
            [
              -76.47916666666669,
              7.809444444444444
            ],
            [
              -76.47944444444445,
              7.809444444444444
            ],
            [
              -76.47944444444445,
              7.809166666666666
            ],
            [
              -76.48000000000002,
              7.809166666666666
            ],
            [
              -76.48000000000002,
              7.808888888888889
            ],
            [
              -76.48055555555557,
              7.808888888888889
            ],
            [
              -76.48055555555557,
              7.8086111111111105
            ],
            [
              -76.48083333333335,
              7.8086111111111105
            ],
            [
              -76.48083333333335,
              7.808333333333334
            ],
            [
              -76.48111111111112,
              7.808333333333334
            ],
            [
              -76.48111111111112,
              7.807777777777778
            ],
            [
              -76.4813888888889,
              7.807777777777778
            ],
            [
              -76.4813888888889,
              7.8075
            ],
            [
              -76.48166666666668,
              7.8075
            ],
            [
              -76.48166666666668,
              7.807222222222222
            ],
            [
              -76.48250000000002,
              7.807222222222222
            ],
            [
              -76.48250000000002,
              7.8069444444444445
            ],
            [
              -76.48277777777778,
              7.8069444444444445
            ],
            [
              -76.48277777777778,
              7.806666666666667
            ],
            [
              -76.48250000000002,
              7.806666666666667
            ],
            [
              -76.48250000000002,
              7.805833333333333
            ],
            [
              -76.48222222222223,
              7.805833333333333
            ],
            [
              -76.48222222222223,
              7.805555555555555
            ],
            [
              -76.48250000000002,
              7.805555555555555
            ],
            [
              -76.48250000000002,
              7.8052777777777775
            ],
            [
              -76.48222222222223,
              7.8052777777777775
            ],
            [
              -76.48222222222223,
              7.804166666666666
            ],
            [
              -76.48250000000002,
              7.804166666666666
            ],
            [
              -76.48250000000002,
              7.803611111111111
            ],
            [
              -76.48277777777778,
              7.803611111111111
            ],
            [
              -76.48277777777778,
              7.803055555555556
            ],
            [
              -76.48250000000002,
              7.803055555555556
            ],
            [
              -76.48250000000002,
              7.801388888888889
            ],
            [
              -76.48222222222223,
              7.801388888888889
            ],
            [
              -76.48222222222223,
              7.8005555555555555
            ],
            [
              -76.48250000000002,
              7.8005555555555555
            ],
            [
              -76.48250000000002,
              7.7988888888888885
            ],
            [
              -76.48277777777778,
              7.7988888888888885
            ],
            [
              -76.48277777777778,
              7.796666666666667
            ],
            [
              -76.48305555555557,
              7.796666666666667
            ],
            [
              -76.48305555555557,
              7.795833333333333
            ],
            [
              -76.48277777777778,
              7.795833333333333
            ],
            [
              -76.48277777777778,
              7.794444444444444
            ],
            [
              -76.48305555555557,
              7.794444444444444
            ],
            [
              -76.48305555555557,
              7.7941666666666665
            ],
            [
              -76.48333333333335,
              7.7941666666666665
            ],
            [
              -76.48333333333335,
              7.793888888888889
            ],
            [
              -76.48361111111112,
              7.793888888888889
            ],
            [
              -76.48361111111112,
              7.792777777777777
            ],
            [
              -76.48333333333335,
              7.792777777777777
            ],
            [
              -76.48333333333335,
              7.7924999999999995
            ],
            [
              -76.48305555555557,
              7.7924999999999995
            ],
            [
              -76.48305555555557,
              7.792222222222222
            ],
            [
              -76.48277777777778,
              7.792222222222222
            ],
            [
              -76.48277777777778,
              7.791666666666666
            ],
            [
              -76.48250000000002,
              7.791666666666666
            ],
            [
              -76.48250000000002,
              7.7908333333333335
            ],
            [
              -76.48222222222223,
              7.7908333333333335
            ],
            [
              -76.48222222222223,
              7.790555555555556
            ],
            [
              -76.48194444444445,
              7.790555555555556
            ],
            [
              -76.48194444444445,
              7.790277777777778
            ],
            [
              -76.48166666666668,
              7.790277777777778
            ],
            [
              -76.48166666666668,
              7.789722222222222
            ],
            [
              -76.48194444444445,
              7.789722222222222
            ],
            [
              -76.48194444444445,
              7.788611111111111
            ],
            [
              -76.48222222222223,
              7.788611111111111
            ],
            [
              -76.48222222222223,
              7.786111111111111
            ],
            [
              -76.48194444444445,
              7.786111111111111
            ],
            [
              -76.48194444444445,
              7.784166666666667
            ],
            [
              -76.48166666666668,
              7.784166666666667
            ],
            [
              -76.48166666666668,
              7.783611111111111
            ],
            [
              -76.4813888888889,
              7.783611111111111
            ],
            [
              -76.4813888888889,
              7.783333333333333
            ],
            [
              -76.48166666666668,
              7.783333333333333
            ],
            [
              -76.48166666666668,
              7.783055555555555
            ],
            [
              -76.4813888888889,
              7.783055555555555
            ],
            [
              -76.4813888888889,
              7.7813888888888885
            ],
            [
              -76.48111111111112,
              7.7813888888888885
            ],
            [
              -76.48111111111112,
              7.781111111111111
            ],
            [
              -76.48083333333335,
              7.781111111111111
            ],
            [
              -76.48083333333335,
              7.780833333333333
            ],
            [
              -76.48055555555557,
              7.780833333333333
            ],
            [
              -76.48055555555557,
              7.780277777777778
            ],
            [
              -76.48027777777779,
              7.780277777777778
            ],
            [
              -76.48027777777779,
              7.779999999999999
            ],
            [
              -76.48000000000002,
              7.779999999999999
            ],
            [
              -76.48000000000002,
              7.779722222222222
            ],
            [
              -76.47972222222224,
              7.779722222222222
            ],
            [
              -76.47972222222224,
              7.779166666666667
            ],
            [
              -76.48000000000002,
              7.779166666666667
            ],
            [
              -76.48000000000002,
              7.778888888888889
            ],
            [
              -76.48027777777779,
              7.778888888888889
            ],
            [
              -76.48027777777779,
              7.778333333333333
            ],
            [
              -76.48055555555557,
              7.778333333333333
            ],
            [
              -76.48055555555557,
              7.777222222222222
            ],
            [
              -76.48083333333335,
              7.777222222222222
            ],
            [
              -76.48083333333335,
              7.775833333333333
            ],
            [
              -76.48111111111112,
              7.775833333333333
            ],
            [
              -76.48111111111112,
              7.774166666666667
            ],
            [
              -76.4813888888889,
              7.774166666666667
            ],
            [
              -76.4813888888889,
              7.773888888888889
            ],
            [
              -76.48166666666668,
              7.773888888888889
            ],
            [
              -76.48166666666668,
              7.773611111111111
            ],
            [
              -76.48194444444445,
              7.773611111111111
            ],
            [
              -76.48194444444445,
              7.773055555555556
            ],
            [
              -76.48222222222223,
              7.773055555555556
            ],
            [
              -76.48222222222223,
              7.771388888888889
            ],
            [
              -76.48250000000002,
              7.771388888888889
            ],
            [
              -76.48250000000002,
              7.77
            ],
            [
              -76.48277777777778,
              7.77
            ],
            [
              -76.48277777777778,
              7.769166666666667
            ],
            [
              -76.48250000000002,
              7.769166666666667
            ],
            [
              -76.48250000000002,
              7.768611111111111
            ],
            [
              -76.48222222222223,
              7.768611111111111
            ],
            [
              -76.48222222222223,
              7.7683333333333335
            ],
            [
              -76.48194444444445,
              7.7683333333333335
            ],
            [
              -76.48194444444445,
              7.7675
            ],
            [
              -76.48250000000002,
              7.7675
            ],
            [
              -76.48250000000002,
              7.767222222222222
            ],
            [
              -76.48277777777778,
              7.767222222222222
            ],
            [
              -76.48277777777778,
              7.766944444444444
            ],
            [
              -76.48305555555557,
              7.766944444444444
            ],
            [
              -76.48305555555557,
              7.766666666666667
            ],
            [
              -76.48333333333335,
              7.766666666666667
            ],
            [
              -76.48333333333335,
              7.764166666666666
            ],
            [
              -76.48361111111112,
              7.764166666666666
            ],
            [
              -76.48361111111112,
              7.762222222222222
            ],
            [
              -76.4838888888889,
              7.762222222222222
            ],
            [
              -76.4838888888889,
              7.7619444444444445
            ],
            [
              -76.48361111111112,
              7.7619444444444445
            ],
            [
              -76.48361111111112,
              7.761111111111111
            ],
            [
              -76.4838888888889,
              7.761111111111111
            ],
            [
              -76.4838888888889,
              7.760277777777778
            ],
            [
              -76.48416666666668,
              7.760277777777778
            ],
            [
              -76.48416666666668,
              7.76
            ],
            [
              -76.4838888888889,
              7.76
            ],
            [
              -76.4838888888889,
              7.758611111111111
            ],
            [
              -76.48416666666668,
              7.758611111111111
            ],
            [
              -76.48416666666668,
              7.758333333333333
            ],
            [
              -76.48444444444446,
              7.758333333333333
            ],
            [
              -76.48444444444446,
              7.758055555555555
            ],
            [
              -76.48472222222223,
              7.758055555555555
            ],
            [
              -76.48472222222223,
              7.758333333333333
            ],
            [
              -76.4852777777778,
              7.758333333333333
            ],
            [
              -76.4852777777778,
              7.758055555555555
            ],
            [
              -76.48583333333335,
              7.758055555555555
            ],
            [
              -76.48583333333335,
              7.757777777777777
            ],
            [
              -76.48694444444446,
              7.757777777777777
            ],
            [
              -76.48694444444446,
              7.7575
            ],
            [
              -76.48750000000001,
              7.7575
            ],
            [
              -76.48750000000001,
              7.7572222222222225
            ],
            [
              -76.48833333333334,
              7.7572222222222225
            ],
            [
              -76.48833333333334,
              7.756666666666667
            ],
            [
              -76.48861111111113,
              7.756666666666667
            ],
            [
              -76.48861111111113,
              7.756388888888889
            ],
            [
              -76.4888888888889,
              7.756388888888889
            ],
            [
              -76.4888888888889,
              7.756111111111111
            ],
            [
              -76.48972222222224,
              7.756111111111111
            ],
            [
              -76.48972222222224,
              7.7555555555555555
            ],
            [
              -76.49027777777779,
              7.7555555555555555
            ],
            [
              -76.49027777777779,
              7.755
            ],
            [
              -76.49055555555557,
              7.755
            ],
            [
              -76.49055555555557,
              7.754722222222222
            ],
            [
              -76.49083333333334,
              7.754722222222222
            ],
            [
              -76.49083333333334,
              7.754444444444444
            ],
            [
              -76.49111111111112,
              7.754444444444444
            ],
            [
              -76.49111111111112,
              7.754166666666666
            ],
            [
              -76.49166666666667,
              7.754166666666666
            ],
            [
              -76.49166666666667,
              7.753888888888889
            ],
            [
              -76.49194444444446,
              7.753888888888889
            ],
            [
              -76.49194444444446,
              7.753611111111111
            ],
            [
              -76.49222222222224,
              7.753611111111111
            ],
            [
              -76.49222222222224,
              7.753333333333333
            ],
            [
              -76.4925,
              7.753333333333333
            ],
            [
              -76.4925,
              7.753055555555555
            ],
            [
              -76.49277777777779,
              7.753055555555555
            ],
            [
              -76.49277777777779,
              7.752777777777777
            ],
            [
              -76.49305555555557,
              7.752777777777777
            ],
            [
              -76.49305555555557,
              7.7524999999999995
            ],
            [
              -76.49333333333334,
              7.7524999999999995
            ],
            [
              -76.49333333333334,
              7.752222222222223
            ],
            [
              -76.49361111111112,
              7.752222222222223
            ],
            [
              -76.49361111111112,
              7.751666666666667
            ],
            [
              -76.4938888888889,
              7.751666666666667
            ],
            [
              -76.4938888888889,
              7.751388888888889
            ],
            [
              -76.49416666666667,
              7.751388888888889
            ],
            [
              -76.49416666666667,
              7.751111111111111
            ],
            [
              -76.49444444444445,
              7.751111111111111
            ],
            [
              -76.49444444444445,
              7.7508333333333335
            ],
            [
              -76.49666666666668,
              7.7508333333333335
            ],
            [
              -76.49666666666668,
              7.750555555555556
            ],
            [
              -76.49861111111112,
              7.750555555555556
            ],
            [
              -76.49861111111112,
              7.749722222222222
            ],
            [
              -76.49833333333335,
              7.749722222222222
            ],
            [
              -76.49833333333335,
              7.748333333333333
            ],
            [
              -76.49805555555557,
              7.748333333333333
            ],
            [
              -76.49805555555557,
              7.748055555555555
            ],
            [
              -76.49777777777778,
              7.748055555555555
            ],
            [
              -76.49777777777778,
              7.747777777777777
            ],
            [
              -76.49722222222223,
              7.747777777777777
            ],
            [
              -76.49722222222223,
              7.747222222222222
            ],
            [
              -76.49666666666668,
              7.747222222222222
            ],
            [
              -76.49666666666668,
              7.746666666666666
            ],
            [
              -76.4963888888889,
              7.746666666666666
            ],
            [
              -76.4963888888889,
              7.745277777777778
            ],
            [
              -76.49666666666668,
              7.745277777777778
            ],
            [
              -76.49666666666668,
              7.7444444444444445
            ],
            [
              -76.49694444444445,
              7.7444444444444445
            ],
            [
              -76.49694444444445,
              7.743611111111111
            ],
            [
              -76.49666666666668,
              7.743611111111111
            ],
            [
              -76.49666666666668,
              7.743055555555555
            ],
            [
              -76.49694444444445,
              7.743055555555555
            ],
            [
              -76.49694444444445,
              7.742222222222222
            ],
            [
              -76.49722222222223,
              7.742222222222222
            ],
            [
              -76.49722222222223,
              7.740277777777777
            ],
            [
              -76.49694444444445,
              7.740277777777777
            ],
            [
              -76.49694444444445,
              7.739444444444445
            ],
            [
              -76.49666666666668,
              7.739444444444445
            ],
            [
              -76.49666666666668,
              7.739166666666667
            ],
            [
              -76.4963888888889,
              7.739166666666667
            ],
            [
              -76.4963888888889,
              7.738333333333333
            ],
            [
              -76.49611111111112,
              7.738333333333333
            ],
            [
              -76.49611111111112,
              7.737777777777778
            ],
            [
              -76.49583333333335,
              7.737777777777778
            ],
            [
              -76.49583333333335,
              7.7375
            ],
            [
              -76.49555555555557,
              7.7375
            ],
            [
              -76.49555555555557,
              7.736666666666666
            ],
            [
              -76.49527777777779,
              7.736666666666666
            ],
            [
              -76.49527777777779,
              7.735555555555555
            ],
            [
              -76.49500000000002,
              7.735555555555555
            ],
            [
              -76.49500000000002,
              7.734999999999999
            ],
            [
              -76.49527777777779,
              7.734999999999999
            ],
            [
              -76.49527777777779,
              7.7347222222222225
            ],
            [
              -76.49500000000002,
              7.7347222222222225
            ],
            [
              -76.49500000000002,
              7.734444444444445
            ],
            [
              -76.49305555555557,
              7.734444444444445
            ],
            [
              -76.49305555555557,
              7.734166666666667
            ],
            [
              -76.49277777777779,
              7.734166666666667
            ],
            [
              -76.49277777777779,
              7.733888888888889
            ],
            [
              -76.4925,
              7.733888888888889
            ],
            [
              -76.4925,
              7.733611111111111
            ],
            [
              -76.49222222222224,
              7.733611111111111
            ],
            [
              -76.49222222222224,
              7.733333333333333
            ],
            [
              -76.49194444444446,
              7.733333333333333
            ],
            [
              -76.49194444444446,
              7.7325
            ],
            [
              -76.49166666666667,
              7.7325
            ],
            [
              -76.49166666666667,
              7.732222222222222
            ],
            [
              -76.4913888888889,
              7.732222222222222
            ],
            [
              -76.4913888888889,
              7.731388888888889
            ],
            [
              -76.49166666666667,
              7.731388888888889
            ],
            [
              -76.49166666666667,
              7.730555555555555
            ],
            [
              -76.4913888888889,
              7.730555555555555
            ],
            [
              -76.4913888888889,
              7.729722222222222
            ],
            [
              -76.49166666666667,
              7.729722222222222
            ],
            [
              -76.49166666666667,
              7.729444444444445
            ],
            [
              -76.49194444444446,
              7.729444444444445
            ],
            [
              -76.49194444444446,
              7.729166666666666
            ],
            [
              -76.49222222222224,
              7.729166666666666
            ],
            [
              -76.49222222222224,
              7.728888888888889
            ],
            [
              -76.49194444444446,
              7.728888888888889
            ],
            [
              -76.49194444444446,
              7.7283333333333335
            ],
            [
              -76.49166666666667,
              7.7283333333333335
            ],
            [
              -76.49166666666667,
              7.727777777777778
            ],
            [
              -76.4913888888889,
              7.727777777777778
            ],
            [
              -76.4913888888889,
              7.7275
            ],
            [
              -76.49111111111112,
              7.7275
            ],
            [
              -76.49111111111112,
              7.727222222222222
            ],
            [
              -76.49083333333334,
              7.727222222222222
            ],
            [
              -76.49083333333334,
              7.726944444444444
            ],
            [
              -76.49111111111112,
              7.726944444444444
            ],
            [
              -76.49111111111112,
              7.723888888888888
            ],
            [
              -76.49083333333334,
              7.723888888888888
            ],
            [
              -76.49083333333334,
              7.722777777777778
            ],
            [
              -76.49055555555557,
              7.722777777777778
            ],
            [
              -76.49055555555557,
              7.7219444444444445
            ],
            [
              -76.49027777777779,
              7.7219444444444445
            ],
            [
              -76.49027777777779,
              7.720555555555555
            ],
            [
              -76.49055555555557,
              7.720555555555555
            ],
            [
              -76.49055555555557,
              7.720277777777778
            ],
            [
              -76.49083333333334,
              7.720277777777778
            ],
            [
              -76.49083333333334,
              7.72
            ],
            [
              -76.4913888888889,
              7.72
            ],
            [
              -76.4913888888889,
              7.719722222222222
            ],
            [
              -76.49194444444446,
              7.719722222222222
            ],
            [
              -76.49194444444446,
              7.719444444444444
            ],
            [
              -76.49222222222224,
              7.719444444444444
            ],
            [
              -76.49222222222224,
              7.719166666666666
            ],
            [
              -76.49194444444446,
              7.719166666666666
            ],
            [
              -76.49194444444446,
              7.717222222222222
            ],
            [
              -76.49166666666667,
              7.717222222222222
            ],
            [
              -76.49166666666667,
              7.716666666666667
            ],
            [
              -76.4913888888889,
              7.716666666666667
            ],
            [
              -76.4913888888889,
              7.716388888888889
            ],
            [
              -76.49027777777779,
              7.716388888888889
            ],
            [
              -76.49027777777779,
              7.716111111111111
            ],
            [
              -76.48944444444446,
              7.716111111111111
            ],
            [
              -76.48944444444446,
              7.715833333333333
            ],
            [
              -76.4888888888889,
              7.715833333333333
            ],
            [
              -76.4888888888889,
              7.7155555555555555
            ],
            [
              -76.48861111111113,
              7.7155555555555555
            ],
            [
              -76.48861111111113,
              7.715277777777778
            ],
            [
              -76.48833333333334,
              7.715277777777778
            ],
            [
              -76.48833333333334,
              7.715
            ],
            [
              -76.48805555555556,
              7.715
            ],
            [
              -76.48805555555556,
              7.714444444444444
            ],
            [
              -76.48833333333334,
              7.714444444444444
            ],
            [
              -76.48833333333334,
              7.713888888888889
            ],
            [
              -76.48861111111113,
              7.713888888888889
            ],
            [
              -76.48861111111113,
              7.712777777777777
            ],
            [
              -76.4888888888889,
              7.712777777777777
            ],
            [
              -76.4888888888889,
              7.710833333333333
            ],
            [
              -76.48861111111113,
              7.710833333333333
            ],
            [
              -76.48861111111113,
              7.710555555555556
            ],
            [
              -76.4888888888889,
              7.710555555555556
            ],
            [
              -76.4888888888889,
              7.710277777777778
            ],
            [
              -76.48916666666668,
              7.710277777777778
            ],
            [
              -76.48916666666668,
              7.71
            ],
            [
              -76.48944444444446,
              7.71
            ],
            [
              -76.48944444444446,
              7.7091666666666665
            ],
            [
              -76.48972222222224,
              7.7091666666666665
            ],
            [
              -76.48972222222224,
              7.708333333333333
            ],
            [
              -76.49000000000001,
              7.708333333333333
            ],
            [
              -76.49000000000001,
              7.7075
            ],
            [
              -76.49027777777779,
              7.7075
            ],
            [
              -76.49027777777779,
              7.706666666666667
            ],
            [
              -76.49055555555557,
              7.706666666666667
            ],
            [
              -76.49055555555557,
              7.706388888888888
            ],
            [
              -76.49083333333334,
              7.706388888888888
            ],
            [
              -76.49083333333334,
              7.705
            ],
            [
              -76.49055555555557,
              7.705
            ],
            [
              -76.49055555555557,
              7.704444444444444
            ],
            [
              -76.49027777777779,
              7.704444444444444
            ],
            [
              -76.49027777777779,
              7.703611111111111
            ],
            [
              -76.49000000000001,
              7.703611111111111
            ],
            [
              -76.49000000000001,
              7.703333333333333
            ],
            [
              -76.48972222222224,
              7.703333333333333
            ],
            [
              -76.48972222222224,
              7.703055555555555
            ],
            [
              -76.48944444444446,
              7.703055555555555
            ],
            [
              -76.48944444444446,
              7.7027777777777775
            ],
            [
              -76.48916666666668,
              7.7027777777777775
            ],
            [
              -76.48916666666668,
              7.7025
            ],
            [
              -76.4888888888889,
              7.7025
            ],
            [
              -76.4888888888889,
              7.701388888888888
            ],
            [
              -76.48861111111113,
              7.701388888888888
            ],
            [
              -76.48861111111113,
              7.701111111111111
            ],
            [
              -76.48833333333334,
              7.701111111111111
            ],
            [
              -76.48833333333334,
              7.700833333333334
            ],
            [
              -76.48861111111113,
              7.700833333333334
            ],
            [
              -76.48861111111113,
              7.700277777777778
            ],
            [
              -76.4888888888889,
              7.700277777777778
            ],
            [
              -76.4888888888889,
              7.6994444444444445
            ],
            [
              -76.48916666666668,
              7.6994444444444445
            ],
            [
              -76.48916666666668,
              7.698055555555555
            ],
            [
              -76.4888888888889,
              7.698055555555555
            ],
            [
              -76.4888888888889,
              7.696944444444444
            ],
            [
              -76.48861111111113,
              7.696944444444444
            ],
            [
              -76.48861111111113,
              7.6963888888888885
            ],
            [
              -76.48833333333334,
              7.6963888888888885
            ],
            [
              -76.48833333333334,
              7.695277777777777
            ],
            [
              -76.48805555555556,
              7.695277777777777
            ],
            [
              -76.48805555555556,
              7.6947222222222225
            ],
            [
              -76.4877777777778,
              7.6947222222222225
            ],
            [
              -76.4877777777778,
              7.691666666666666
            ],
            [
              -76.48750000000001,
              7.691666666666666
            ],
            [
              -76.48750000000001,
              7.691111111111111
            ],
            [
              -76.48722222222223,
              7.691111111111111
            ],
            [
              -76.48722222222223,
              7.690555555555555
            ],
            [
              -76.48694444444446,
              7.690555555555555
            ],
            [
              -76.48694444444446,
              7.6899999999999995
            ],
            [
              -76.48666666666668,
              7.6899999999999995
            ],
            [
              -76.48666666666668,
              7.689444444444444
            ],
            [
              -76.4863888888889,
              7.689444444444444
            ],
            [
              -76.4863888888889,
              7.6883333333333335
            ],
            [
              -76.48666666666668,
              7.6883333333333335
            ],
            [
              -76.48666666666668,
              7.688055555555556
            ],
            [
              -76.48694444444446,
              7.688055555555556
            ],
            [
              -76.48694444444446,
              7.6875
            ],
            [
              -76.48722222222223,
              7.6875
            ],
            [
              -76.48722222222223,
              7.686388888888889
            ],
            [
              -76.48750000000001,
              7.686388888888889
            ],
            [
              -76.48750000000001,
              7.685833333333333
            ],
            [
              -76.4877777777778,
              7.685833333333333
            ],
            [
              -76.4877777777778,
              7.685555555555555
            ],
            [
              -76.48805555555556,
              7.685555555555555
            ],
            [
              -76.48805555555556,
              7.685
            ],
            [
              -76.48833333333334,
              7.685
            ],
            [
              -76.48833333333334,
              7.683333333333334
            ],
            [
              -76.4888888888889,
              7.683333333333334
            ],
            [
              -76.4888888888889,
              7.681666666666667
            ],
            [
              -76.48916666666668,
              7.681666666666667
            ],
            [
              -76.48916666666668,
              7.681388888888889
            ],
            [
              -76.48944444444446,
              7.681388888888889
            ],
            [
              -76.48944444444446,
              7.681111111111111
            ],
            [
              -76.48972222222224,
              7.681111111111111
            ],
            [
              -76.48972222222224,
              7.680833333333333
            ],
            [
              -76.48944444444446,
              7.680833333333333
            ],
            [
              -76.48944444444446,
              7.679166666666666
            ],
            [
              -76.48916666666668,
              7.679166666666666
            ],
            [
              -76.48916666666668,
              7.678055555555556
            ],
            [
              -76.4888888888889,
              7.678055555555556
            ],
            [
              -76.4888888888889,
              7.675833333333333
            ],
            [
              -76.48861111111113,
              7.675833333333333
            ],
            [
              -76.48861111111113,
              7.6755555555555555
            ],
            [
              -76.4888888888889,
              7.6755555555555555
            ],
            [
              -76.4888888888889,
              7.673333333333333
            ],
            [
              -76.48861111111113,
              7.673333333333333
            ],
            [
              -76.48861111111113,
              7.6722222222222225
            ],
            [
              -76.4888888888889,
              7.6722222222222225
            ],
            [
              -76.4888888888889,
              7.671944444444445
            ],
            [
              -76.48916666666668,
              7.671944444444445
            ],
            [
              -76.48916666666668,
              7.671666666666667
            ],
            [
              -76.48944444444446,
              7.671666666666667
            ],
            [
              -76.48944444444446,
              7.671388888888889
            ],
            [
              -76.48972222222224,
              7.671388888888889
            ],
            [
              -76.48972222222224,
              7.671111111111111
            ],
            [
              -76.49000000000001,
              7.671111111111111
            ],
            [
              -76.49000000000001,
              7.670555555555556
            ],
            [
              -76.49027777777779,
              7.670555555555556
            ],
            [
              -76.49027777777779,
              7.67
            ],
            [
              -76.49000000000001,
              7.67
            ],
            [
              -76.49000000000001,
              7.6691666666666665
            ],
            [
              -76.48972222222224,
              7.6691666666666665
            ],
            [
              -76.48972222222224,
              7.666944444444445
            ],
            [
              -76.49000000000001,
              7.666944444444445
            ],
            [
              -76.49000000000001,
              7.666666666666666
            ],
            [
              -76.49111111111112,
              7.666666666666666
            ],
            [
              -76.49111111111112,
              7.666111111111111
            ],
            [
              -76.4913888888889,
              7.666111111111111
            ],
            [
              -76.4913888888889,
              7.6658333333333335
            ],
            [
              -76.49111111111112,
              7.6658333333333335
            ],
            [
              -76.49111111111112,
              7.665277777777778
            ],
            [
              -76.49083333333334,
              7.665277777777778
            ],
            [
              -76.49083333333334,
              7.663055555555555
            ],
            [
              -76.49111111111112,
              7.663055555555555
            ],
            [
              -76.49111111111112,
              7.662222222222222
            ],
            [
              -76.4913888888889,
              7.662222222222222
            ],
            [
              -76.4913888888889,
              7.661944444444444
            ],
            [
              -76.49166666666667,
              7.661944444444444
            ],
            [
              -76.49166666666667,
              7.661666666666666
            ],
            [
              -76.49194444444446,
              7.661666666666666
            ],
            [
              -76.49194444444446,
              7.661388888888888
            ],
            [
              -76.49222222222224,
              7.661388888888888
            ],
            [
              -76.49222222222224,
              7.658333333333333
            ],
            [
              -76.4925,
              7.658333333333333
            ],
            [
              -76.4925,
              7.658055555555555
            ],
            [
              -76.49277777777779,
              7.658055555555555
            ],
            [
              -76.49277777777779,
              7.657777777777778
            ],
            [
              -76.49333333333334,
              7.657777777777778
            ],
            [
              -76.49333333333334,
              7.6575
            ],
            [
              -76.4938888888889,
              7.6575
            ],
            [
              -76.4938888888889,
              7.657222222222222
            ],
            [
              -76.49472222222224,
              7.657222222222222
            ],
            [
              -76.49472222222224,
              7.656944444444444
            ],
            [
              -76.49555555555557,
              7.656944444444444
            ],
            [
              -76.49555555555557,
              7.656666666666666
            ],
            [
              -76.49583333333335,
              7.656666666666666
            ],
            [
              -76.49583333333335,
              7.6563888888888885
            ],
            [
              -76.49611111111112,
              7.6563888888888885
            ],
            [
              -76.49611111111112,
              7.656111111111111
            ],
            [
              -76.4963888888889,
              7.656111111111111
            ],
            [
              -76.4963888888889,
              7.653333333333333
            ],
            [
              -76.49611111111112,
              7.653333333333333
            ],
            [
              -76.49611111111112,
              7.652777777777778
            ],
            [
              -76.49583333333335,
              7.652777777777778
            ],
            [
              -76.49583333333335,
              7.649722222222222
            ],
            [
              -76.49611111111112,
              7.649722222222222
            ],
            [
              -76.49611111111112,
              7.648888888888889
            ],
            [
              -76.49583333333335,
              7.648888888888889
            ],
            [
              -76.49583333333335,
              7.648333333333333
            ],
            [
              -76.49555555555557,
              7.648333333333333
            ],
            [
              -76.49555555555557,
              7.648055555555556
            ],
            [
              -76.49527777777779,
              7.648055555555556
            ],
            [
              -76.49527777777779,
              7.647777777777778
            ],
            [
              -76.49500000000002,
              7.647777777777778
            ],
            [
              -76.49500000000002,
              7.6475
            ],
            [
              -76.49472222222224,
              7.6475
            ],
            [
              -76.49472222222224,
              7.646944444444444
            ],
            [
              -76.49444444444445,
              7.646944444444444
            ],
            [
              -76.49444444444445,
              7.6466666666666665
            ],
            [
              -76.49416666666667,
              7.6466666666666665
            ],
            [
              -76.49416666666667,
              7.645833333333333
            ],
            [
              -76.4938888888889,
              7.645833333333333
            ],
            [
              -76.4938888888889,
              7.645555555555555
            ],
            [
              -76.49361111111112,
              7.645555555555555
            ],
            [
              -76.49361111111112,
              7.645
            ],
            [
              -76.49333333333334,
              7.645
            ],
            [
              -76.49333333333334,
              7.644444444444444
            ],
            [
              -76.49305555555557,
              7.644444444444444
            ],
            [
              -76.49305555555557,
              7.6425
            ],
            [
              -76.49277777777779,
              7.6425
            ],
            [
              -76.49277777777779,
              7.642222222222222
            ],
            [
              -76.4925,
              7.642222222222222
            ],
            [
              -76.4925,
              7.641111111111111
            ],
            [
              -76.49222222222224,
              7.641111111111111
            ],
            [
              -76.49222222222224,
              7.6402777777777775
            ],
            [
              -76.4925,
              7.6402777777777775
            ],
            [
              -76.4925,
              7.64
            ],
            [
              -76.49305555555557,
              7.64
            ],
            [
              -76.49305555555557,
              7.639444444444444
            ],
            [
              -76.49333333333334,
              7.639444444444444
            ],
            [
              -76.49333333333334,
              7.639166666666666
            ],
            [
              -76.49361111111112,
              7.639166666666666
            ],
            [
              -76.49361111111112,
              7.638888888888888
            ],
            [
              -76.4938888888889,
              7.638888888888888
            ],
            [
              -76.4938888888889,
              7.638333333333334
            ],
            [
              -76.49416666666667,
              7.638333333333334
            ],
            [
              -76.49416666666667,
              7.638055555555555
            ],
            [
              -76.49444444444445,
              7.638055555555555
            ],
            [
              -76.49444444444445,
              7.637777777777778
            ],
            [
              -76.49500000000002,
              7.637777777777778
            ],
            [
              -76.49500000000002,
              7.6375
            ],
            [
              -76.49555555555557,
              7.6375
            ],
            [
              -76.49555555555557,
              7.637222222222222
            ],
            [
              -76.49583333333335,
              7.637222222222222
            ],
            [
              -76.49583333333335,
              7.6369444444444445
            ],
            [
              -76.49611111111112,
              7.6369444444444445
            ],
            [
              -76.49611111111112,
              7.636666666666667
            ],
            [
              -76.4963888888889,
              7.636666666666667
            ],
            [
              -76.4963888888889,
              7.636388888888889
            ],
            [
              -76.49666666666668,
              7.636388888888889
            ],
            [
              -76.49666666666668,
              7.636111111111111
            ],
            [
              -76.49694444444445,
              7.636111111111111
            ],
            [
              -76.49694444444445,
              7.635833333333333
            ],
            [
              -76.49722222222223,
              7.635833333333333
            ],
            [
              -76.49722222222223,
              7.635555555555555
            ],
            [
              -76.4988888888889,
              7.635555555555555
            ],
            [
              -76.4988888888889,
              7.635277777777778
            ],
            [
              -76.49861111111112,
              7.635277777777778
            ],
            [
              -76.49861111111112,
              7.634722222222222
            ],
            [
              -76.49833333333335,
              7.634722222222222
            ],
            [
              -76.49833333333335,
              7.634444444444444
            ],
            [
              -76.49861111111112,
              7.634444444444444
            ],
            [
              -76.49861111111112,
              7.634166666666666
            ],
            [
              -76.4988888888889,
              7.634166666666666
            ],
            [
              -76.4988888888889,
              7.6338888888888885
            ],
            [
              -76.49916666666668,
              7.6338888888888885
            ],
            [
              -76.49916666666668,
              7.633333333333333
            ],
            [
              -76.49972222222223,
              7.633333333333333
            ],
            [
              -76.49972222222223,
              7.6322222222222225
            ],
            [
              -76.50000000000001,
              7.6322222222222225
            ],
            [
              -76.50000000000001,
              7.631944444444445
            ],
            [
              -76.5002777777778,
              7.631944444444445
            ],
            [
              -76.5002777777778,
              7.631666666666667
            ],
            [
              -76.50055555555556,
              7.631666666666667
            ],
            [
              -76.50055555555556,
              7.631111111111111
            ],
            [
              -76.50083333333335,
              7.631111111111111
            ],
            [
              -76.50083333333335,
              7.630833333333333
            ],
            [
              -76.50111111111113,
              7.630833333333333
            ],
            [
              -76.50111111111113,
              7.6305555555555555
            ],
            [
              -76.5013888888889,
              7.6305555555555555
            ],
            [
              -76.5013888888889,
              7.630277777777778
            ],
            [
              -76.50166666666668,
              7.630277777777778
            ],
            [
              -76.50166666666668,
              7.629722222222222
            ],
            [
              -76.50194444444446,
              7.629722222222222
            ],
            [
              -76.50194444444446,
              7.629444444444444
            ],
            [
              -76.50222222222223,
              7.629444444444444
            ],
            [
              -76.50222222222223,
              7.628611111111111
            ],
            [
              -76.50250000000001,
              7.628611111111111
            ],
            [
              -76.50250000000001,
              7.627777777777777
            ],
            [
              -76.5027777777778,
              7.627777777777777
            ],
            [
              -76.5027777777778,
              7.626944444444444
            ],
            [
              -76.50305555555556,
              7.626944444444444
            ],
            [
              -76.50305555555556,
              7.626388888888889
            ],
            [
              -76.50333333333334,
              7.626388888888889
            ],
            [
              -76.50333333333334,
              7.625555555555556
            ],
            [
              -76.50361111111113,
              7.625555555555556
            ],
            [
              -76.50361111111113,
              7.623888888888889
            ],
            [
              -76.50333333333334,
              7.623888888888889
            ],
            [
              -76.50333333333334,
              7.623333333333333
            ],
            [
              -76.50305555555556,
              7.623333333333333
            ],
            [
              -76.50305555555556,
              7.623055555555555
            ],
            [
              -76.5027777777778,
              7.623055555555555
            ],
            [
              -76.5027777777778,
              7.621944444444444
            ],
            [
              -76.50305555555556,
              7.621944444444444
            ],
            [
              -76.50305555555556,
              7.621388888888889
            ],
            [
              -76.50333333333334,
              7.621388888888889
            ],
            [
              -76.50333333333334,
              7.620833333333334
            ],
            [
              -76.50361111111113,
              7.620833333333334
            ],
            [
              -76.50361111111113,
              7.62
            ],
            [
              -76.5038888888889,
              7.62
            ],
            [
              -76.5038888888889,
              7.6194444444444445
            ],
            [
              -76.50416666666668,
              7.6194444444444445
            ],
            [
              -76.50416666666668,
              7.618611111111111
            ],
            [
              -76.50444444444446,
              7.618611111111111
            ],
            [
              -76.50444444444446,
              7.618333333333333
            ],
            [
              -76.50472222222223,
              7.618333333333333
            ],
            [
              -76.50472222222223,
              7.618055555555555
            ],
            [
              -76.50611111111112,
              7.618055555555555
            ],
            [
              -76.50611111111112,
              7.6177777777777775
            ],
            [
              -76.50694444444446,
              7.6177777777777775
            ],
            [
              -76.50694444444446,
              7.6175
            ],
            [
              -76.50722222222224,
              7.6175
            ],
            [
              -76.50722222222224,
              7.617222222222222
            ],
            [
              -76.50750000000001,
              7.617222222222222
            ],
            [
              -76.50750000000001,
              7.616944444444444
            ],
            [
              -76.50805555555557,
              7.616944444444444
            ],
            [
              -76.50805555555557,
              7.616666666666666
            ],
            [
              -76.5088888888889,
              7.616666666666666
            ],
            [
              -76.5088888888889,
              7.616388888888888
            ],
            [
              -76.50944444444445,
              7.616388888888888
            ],
            [
              -76.50944444444445,
              7.616111111111111
            ],
            [
              -76.51055555555557,
              7.616111111111111
            ],
            [
              -76.51055555555557,
              7.615277777777777
            ],
            [
              -76.51083333333335,
              7.615277777777777
            ],
            [
              -76.51083333333335,
              7.614722222222222
            ],
            [
              -76.51111111111112,
              7.614722222222222
            ],
            [
              -76.51111111111112,
              7.614166666666667
            ],
            [
              -76.5113888888889,
              7.614166666666667
            ],
            [
              -76.5113888888889,
              7.613611111111111
            ],
            [
              -76.51166666666668,
              7.613611111111111
            ],
            [
              -76.51166666666668,
              7.6130555555555555
            ],
            [
              -76.51194444444445,
              7.6130555555555555
            ],
            [
              -76.51194444444445,
              7.6125
            ],
            [
              -76.51222222222223,
              7.6125
            ],
            [
              -76.51222222222223,
              7.612222222222222
            ],
            [
              -76.51250000000002,
              7.612222222222222
            ],
            [
              -76.51250000000002,
              7.611944444444444
            ],
            [
              -76.51333333333335,
              7.611944444444444
            ],
            [
              -76.51333333333335,
              7.611111111111111
            ],
            [
              -76.51361111111112,
              7.611111111111111
            ],
            [
              -76.51361111111112,
              7.610555555555555
            ],
            [
              -76.5138888888889,
              7.610555555555555
            ],
            [
              -76.5138888888889,
              7.610277777777777
            ],
            [
              -76.51416666666668,
              7.610277777777777
            ],
            [
              -76.51416666666668,
              7.609999999999999
            ],
            [
              -76.51444444444445,
              7.609999999999999
            ],
            [
              -76.51444444444445,
              7.609444444444445
            ],
            [
              -76.51472222222223,
              7.609444444444445
            ],
            [
              -76.51472222222223,
              7.609166666666667
            ],
            [
              -76.51500000000001,
              7.609166666666667
            ],
            [
              -76.51500000000001,
              7.6075
            ],
            [
              -76.51472222222223,
              7.6075
            ],
            [
              -76.51472222222223,
              7.606388888888889
            ],
            [
              -76.51444444444445,
              7.606388888888889
            ],
            [
              -76.51444444444445,
              7.606111111111111
            ],
            [
              -76.51333333333335,
              7.606111111111111
            ],
            [
              -76.51333333333335,
              7.605833333333333
            ],
            [
              -76.51305555555557,
              7.605833333333333
            ],
            [
              -76.51305555555557,
              7.6049999999999995
            ],
            [
              -76.51277777777779,
              7.6049999999999995
            ],
            [
              -76.51277777777779,
              7.603888888888889
            ],
            [
              -76.51250000000002,
              7.603888888888889
            ],
            [
              -76.51250000000002,
              7.6033333333333335
            ],
            [
              -76.51194444444445,
              7.6033333333333335
            ],
            [
              -76.51194444444445,
              7.603055555555556
            ],
            [
              -76.51027777777779,
              7.603055555555556
            ],
            [
              -76.51027777777779,
              7.602777777777778
            ],
            [
              -76.51055555555557,
              7.602777777777778
            ],
            [
              -76.51055555555557,
              7.601666666666667
            ],
            [
              -76.51027777777779,
              7.601666666666667
            ],
            [
              -76.51027777777779,
              7.601111111111111
            ],
            [
              -76.51055555555557,
              7.601111111111111
            ],
            [
              -76.51055555555557,
              7.599166666666666
            ],
            [
              -76.51083333333335,
              7.599166666666666
            ],
            [
              -76.51083333333335,
              7.598611111111111
            ],
            [
              -76.51111111111112,
              7.598611111111111
            ],
            [
              -76.51111111111112,
              7.596111111111111
            ],
            [
              -76.5113888888889,
              7.596111111111111
            ],
            [
              -76.5113888888889,
              7.594166666666666
            ],
            [
              -76.51166666666668,
              7.594166666666666
            ],
            [
              -76.51166666666668,
              7.5938888888888885
            ],
            [
              -76.51194444444445,
              7.5938888888888885
            ],
            [
              -76.51194444444445,
              7.593611111111111
            ],
            [
              -76.51222222222223,
              7.593611111111111
            ],
            [
              -76.51222222222223,
              7.592777777777778
            ],
            [
              -76.51250000000002,
              7.592777777777778
            ],
            [
              -76.51250000000002,
              7.592222222222222
            ],
            [
              -76.51277777777779,
              7.592222222222222
            ],
            [
              -76.51277777777779,
              7.591944444444445
            ],
            [
              -76.51305555555557,
              7.591944444444445
            ],
            [
              -76.51305555555557,
              7.591666666666667
            ],
            [
              -76.51333333333335,
              7.591666666666667
            ],
            [
              -76.51333333333335,
              7.591388888888889
            ],
            [
              -76.51361111111112,
              7.591388888888889
            ],
            [
              -76.51361111111112,
              7.591111111111111
            ],
            [
              -76.5138888888889,
              7.591111111111111
            ],
            [
              -76.5138888888889,
              7.590833333333333
            ],
            [
              -76.51416666666668,
              7.590833333333333
            ],
            [
              -76.51416666666668,
              7.5905555555555555
            ],
            [
              -76.51444444444445,
              7.5905555555555555
            ],
            [
              -76.51444444444445,
              7.590277777777778
            ],
            [
              -76.51500000000001,
              7.590277777777778
            ],
            [
              -76.51500000000001,
              7.59
            ],
            [
              -76.51527777777778,
              7.59
            ],
            [
              -76.51527777777778,
              7.589444444444444
            ],
            [
              -76.51500000000001,
              7.589444444444444
            ],
            [
              -76.51500000000001,
              7.589166666666666
            ],
            [
              -76.51527777777778,
              7.589166666666666
            ],
            [
              -76.51527777777778,
              7.587777777777777
            ],
            [
              -76.51500000000001,
              7.587777777777777
            ],
            [
              -76.51500000000001,
              7.5875
            ],
            [
              -76.51472222222223,
              7.5875
            ],
            [
              -76.51472222222223,
              7.587222222222222
            ],
            [
              -76.51444444444445,
              7.587222222222222
            ],
            [
              -76.51444444444445,
              7.586944444444445
            ],
            [
              -76.51416666666668,
              7.586944444444445
            ],
            [
              -76.51416666666668,
              7.586666666666667
            ],
            [
              -76.5138888888889,
              7.586666666666667
            ],
            [
              -76.5138888888889,
              7.586388888888889
            ],
            [
              -76.51361111111112,
              7.586388888888889
            ],
            [
              -76.51361111111112,
              7.586111111111111
            ],
            [
              -76.51333333333335,
              7.586111111111111
            ],
            [
              -76.51333333333335,
              7.585833333333333
            ],
            [
              -76.51305555555557,
              7.585833333333333
            ],
            [
              -76.51305555555557,
              7.585555555555556
            ],
            [
              -76.51277777777779,
              7.585555555555556
            ],
            [
              -76.51277777777779,
              7.585277777777778
            ],
            [
              -76.51250000000002,
              7.585277777777778
            ],
            [
              -76.51250000000002,
              7.585
            ],
            [
              -76.51222222222223,
              7.585
            ],
            [
              -76.51222222222223,
              7.584444444444444
            ],
            [
              -76.51194444444445,
              7.584444444444444
            ],
            [
              -76.51194444444445,
              7.5841666666666665
            ],
            [
              -76.51166666666668,
              7.5841666666666665
            ],
            [
              -76.51166666666668,
              7.583333333333333
            ],
            [
              -76.5113888888889,
              7.583333333333333
            ],
            [
              -76.5113888888889,
              7.583055555555555
            ],
            [
              -76.51166666666668,
              7.583055555555555
            ],
            [
              -76.51166666666668,
              7.582222222222222
            ],
            [
              -76.5113888888889,
              7.582222222222222
            ],
            [
              -76.5113888888889,
              7.581666666666667
            ],
            [
              -76.51166666666668,
              7.581666666666667
            ],
            [
              -76.51166666666668,
              7.580277777777778
            ],
            [
              -76.5113888888889,
              7.580277777777778
            ],
            [
              -76.5113888888889,
              7.58
            ],
            [
              -76.51111111111112,
              7.58
            ],
            [
              -76.51111111111112,
              7.579722222222222
            ],
            [
              -76.51083333333335,
              7.579722222222222
            ],
            [
              -76.51083333333335,
              7.579166666666667
            ],
            [
              -76.51055555555557,
              7.579166666666667
            ],
            [
              -76.51055555555557,
              7.578055555555555
            ],
            [
              -76.51027777777779,
              7.578055555555555
            ],
            [
              -76.51027777777779,
              7.575277777777778
            ],
            [
              -76.51,
              7.575277777777778
            ],
            [
              -76.51,
              7.573333333333333
            ],
            [
              -76.50944444444445,
              7.573333333333333
            ],
            [
              -76.50944444444445,
              7.573055555555555
            ],
            [
              -76.5088888888889,
              7.573055555555555
            ],
            [
              -76.5088888888889,
              7.572777777777778
            ],
            [
              -76.50861111111112,
              7.572777777777778
            ],
            [
              -76.50861111111112,
              7.571944444444444
            ],
            [
              -76.50833333333334,
              7.571944444444444
            ],
            [
              -76.50833333333334,
              7.571666666666666
            ],
            [
              -76.50805555555557,
              7.571666666666666
            ],
            [
              -76.50805555555557,
              7.5713888888888885
            ],
            [
              -76.50777777777779,
              7.5713888888888885
            ],
            [
              -76.50777777777779,
              7.570555555555555
            ],
            [
              -76.50805555555557,
              7.570555555555555
            ],
            [
              -76.50805555555557,
              7.570277777777777
            ],
            [
              -76.50833333333334,
              7.570277777777777
            ],
            [
              -76.50833333333334,
              7.569444444444445
            ],
            [
              -76.50861111111112,
              7.569444444444445
            ],
            [
              -76.50861111111112,
              7.568888888888889
            ],
            [
              -76.50833333333334,
              7.568888888888889
            ],
            [
              -76.50833333333334,
              7.566666666666666
            ],
            [
              -76.50861111111112,
              7.566666666666666
            ],
            [
              -76.50861111111112,
              7.566388888888889
            ],
            [
              -76.50833333333334,
              7.566388888888889
            ],
            [
              -76.50833333333334,
              7.5649999999999995
            ],
            [
              -76.50861111111112,
              7.5649999999999995
            ],
            [
              -76.50861111111112,
              7.564166666666667
            ],
            [
              -76.5088888888889,
              7.564166666666667
            ],
            [
              -76.5088888888889,
              7.563611111111111
            ],
            [
              -76.50805555555557,
              7.563611111111111
            ],
            [
              -76.50805555555557,
              7.5633333333333335
            ],
            [
              -76.50777777777779,
              7.5633333333333335
            ],
            [
              -76.50777777777779,
              7.563055555555556
            ],
            [
              -76.50722222222224,
              7.563055555555556
            ],
            [
              -76.50722222222224,
              7.562777777777778
            ],
            [
              -76.50555555555557,
              7.562777777777778
            ],
            [
              -76.50555555555557,
              7.563055555555556
            ],
            [
              -76.5038888888889,
              7.563055555555556
            ],
            [
              -76.5038888888889,
              7.5633333333333335
            ],
            [
              -76.50361111111113,
              7.5633333333333335
            ],
            [
              -76.50361111111113,
              7.563055555555556
            ],
            [
              -76.50333333333334,
              7.563055555555556
            ],
            [
              -76.50333333333334,
              7.5625
            ],
            [
              -76.50305555555556,
              7.5625
            ],
            [
              -76.50305555555556,
              7.562222222222222
            ],
            [
              -76.5027777777778,
              7.562222222222222
            ],
            [
              -76.5027777777778,
              7.561944444444444
            ],
            [
              -76.50250000000001,
              7.561944444444444
            ],
            [
              -76.50250000000001,
              7.5616666666666665
            ],
            [
              -76.50194444444446,
              7.5616666666666665
            ],
            [
              -76.50194444444446,
              7.562222222222222
            ],
            [
              -76.50083333333335,
              7.562222222222222
            ],
            [
              -76.50083333333335,
              7.561944444444444
            ],
            [
              -76.5002777777778,
              7.561944444444444
            ],
            [
              -76.5002777777778,
              7.5616666666666665
            ],
            [
              -76.50000000000001,
              7.5616666666666665
            ],
            [
              -76.50000000000001,
              7.561388888888889
            ],
            [
              -76.49972222222223,
              7.561388888888889
            ],
            [
              -76.49972222222223,
              7.561111111111111
            ],
            [
              -76.49861111111112,
              7.561111111111111
            ],
            [
              -76.49861111111112,
              7.560833333333333
            ],
            [
              -76.49777777777778,
              7.560833333333333
            ],
            [
              -76.49777777777778,
              7.560555555555555
            ],
            [
              -76.49750000000002,
              7.560555555555555
            ],
            [
              -76.49750000000002,
              7.560277777777777
            ],
            [
              -76.49722222222223,
              7.560277777777777
            ],
            [
              -76.49722222222223,
              7.56
            ],
            [
              -76.49694444444445,
              7.56
            ],
            [
              -76.49694444444445,
              7.559722222222222
            ],
            [
              -76.49666666666668,
              7.559722222222222
            ],
            [
              -76.49666666666668,
              7.559444444444444
            ],
            [
              -76.4963888888889,
              7.559444444444444
            ],
            [
              -76.4963888888889,
              7.5586111111111105
            ],
            [
              -76.49611111111112,
              7.5586111111111105
            ],
            [
              -76.49611111111112,
              7.555555555555555
            ],
            [
              -76.49583333333335,
              7.555555555555555
            ],
            [
              -76.49583333333335,
              7.5552777777777775
            ],
            [
              -76.49555555555557,
              7.5552777777777775
            ],
            [
              -76.49555555555557,
              7.555
            ],
            [
              -76.4938888888889,
              7.555
            ],
            [
              -76.4938888888889,
              7.554722222222222
            ],
            [
              -76.49361111111112,
              7.554722222222222
            ],
            [
              -76.49361111111112,
              7.553055555555556
            ],
            [
              -76.49333333333334,
              7.553055555555556
            ],
            [
              -76.49333333333334,
              7.552222222222222
            ],
            [
              -76.49305555555557,
              7.552222222222222
            ],
            [
              -76.49305555555557,
              7.551388888888889
            ],
            [
              -76.49277777777779,
              7.551388888888889
            ],
            [
              -76.49277777777779,
              7.550833333333333
            ],
            [
              -76.4925,
              7.550833333333333
            ],
            [
              -76.4925,
              7.5505555555555555
            ],
            [
              -76.49222222222224,
              7.5505555555555555
            ],
            [
              -76.49222222222224,
              7.55
            ],
            [
              -76.49194444444446,
              7.55
            ],
            [
              -76.49194444444446,
              7.549444444444444
            ],
            [
              -76.49222222222224,
              7.549444444444444
            ],
            [
              -76.49222222222224,
              7.549166666666666
            ],
            [
              -76.49194444444446,
              7.549166666666666
            ],
            [
              -76.49194444444446,
              7.5472222222222225
            ],
            [
              -76.49222222222224,
              7.5472222222222225
            ],
            [
              -76.49222222222224,
              7.546666666666667
            ],
            [
              -76.4925,
              7.546666666666667
            ],
            [
              -76.4925,
              7.5441666666666665
            ],
            [
              -76.49222222222224,
              7.5441666666666665
            ],
            [
              -76.49222222222224,
              7.543611111111111
            ],
            [
              -76.48972222222224,
              7.543611111111111
            ],
            [
              -76.48972222222224,
              7.543333333333333
            ],
            [
              -76.48944444444446,
              7.543333333333333
            ],
            [
              -76.48944444444446,
              7.543055555555555
            ],
            [
              -76.4888888888889,
              7.543055555555555
            ],
            [
              -76.4888888888889,
              7.542777777777777
            ],
            [
              -76.48833333333334,
              7.542777777777777
            ],
            [
              -76.48833333333334,
              7.5424999999999995
            ],
            [
              -76.4877777777778,
              7.5424999999999995
            ],
            [
              -76.4877777777778,
              7.542222222222222
            ],
            [
              -76.48722222222223,
              7.542222222222222
            ],
            [
              -76.48722222222223,
              7.541944444444445
            ],
            [
              -76.48694444444446,
              7.541944444444445
            ],
            [
              -76.48694444444446,
              7.541666666666666
            ],
            [
              -76.48666666666668,
              7.541666666666666
            ],
            [
              -76.48666666666668,
              7.541388888888889
            ],
            [
              -76.4863888888889,
              7.541388888888889
            ],
            [
              -76.4863888888889,
              7.540277777777778
            ],
            [
              -76.47083333333335,
              7.540277777777778
            ],
            [
              -76.47083333333335,
              7.541111111111111
            ],
            [
              -76.47055555555556,
              7.541111111111111
            ],
            [
              -76.47055555555556,
              7.541944444444445
            ],
            [
              -76.4702777777778,
              7.541944444444445
            ],
            [
              -76.4702777777778,
              7.542222222222222
            ],
            [
              -76.46972222222223,
              7.542222222222222
            ],
            [
              -76.46972222222223,
              7.5424999999999995
            ],
            [
              -76.46944444444446,
              7.5424999999999995
            ],
            [
              -76.46944444444446,
              7.542777777777777
            ],
            [
              -76.46916666666668,
              7.542777777777777
            ],
            [
              -76.46916666666668,
              7.543055555555555
            ],
            [
              -76.4688888888889,
              7.543055555555555
            ],
            [
              -76.4688888888889,
              7.543333333333333
            ],
            [
              -76.46861111111112,
              7.543333333333333
            ],
            [
              -76.46861111111112,
              7.543888888888889
            ],
            [
              -76.46777777777778,
              7.543888888888889
            ],
            [
              -76.46777777777778,
              7.5441666666666665
            ],
            [
              -76.46750000000002,
              7.5441666666666665
            ],
            [
              -76.46750000000002,
              7.544444444444444
            ],
            [
              -76.46722222222223,
              7.544444444444444
            ],
            [
              -76.46722222222223,
              7.544722222222222
            ],
            [
              -76.46694444444445,
              7.544722222222222
            ],
            [
              -76.46694444444445,
              7.545
            ],
            [
              -76.46666666666668,
              7.545
            ],
            [
              -76.46666666666668,
              7.545277777777778
            ],
            [
              -76.4663888888889,
              7.545277777777778
            ],
            [
              -76.4663888888889,
              7.545555555555556
            ],
            [
              -76.46611111111112,
              7.545555555555556
            ],
            [
              -76.46611111111112,
              7.545833333333333
            ],
            [
              -76.46555555555557,
              7.545833333333333
            ],
            [
              -76.46555555555557,
              7.546111111111111
            ],
            [
              -76.46472222222224,
              7.546111111111111
            ],
            [
              -76.46472222222224,
              7.546388888888889
            ],
            [
              -76.46444444444445,
              7.546388888888889
            ],
            [
              -76.46444444444445,
              7.546666666666667
            ],
            [
              -76.4638888888889,
              7.546666666666667
            ],
            [
              -76.4638888888889,
              7.547499999999999
            ],
            [
              -76.46361111111112,
              7.547499999999999
            ],
            [
              -76.46361111111112,
              7.547777777777777
            ],
            [
              -76.46222222222224,
              7.547777777777777
            ],
            [
              -76.46222222222224,
              7.547499999999999
            ],
            [
              -76.46166666666667,
              7.547499999999999
            ],
            [
              -76.46166666666667,
              7.5472222222222225
            ],
            [
              -76.46083333333334,
              7.5472222222222225
            ],
            [
              -76.46083333333334,
              7.546944444444445
            ],
            [
              -76.46055555555557,
              7.546944444444445
            ],
            [
              -76.46055555555557,
              7.546666666666667
            ],
            [
              -76.46027777777779,
              7.546666666666667
            ],
            [
              -76.46027777777779,
              7.546388888888889
            ],
            [
              -76.46000000000001,
              7.546388888888889
            ],
            [
              -76.46000000000001,
              7.545833333333333
            ],
            [
              -76.45972222222224,
              7.545833333333333
            ],
            [
              -76.45972222222224,
              7.545555555555556
            ],
            [
              -76.45944444444446,
              7.545555555555556
            ],
            [
              -76.45944444444446,
              7.545277777777778
            ],
            [
              -76.45805555555556,
              7.545277777777778
            ],
            [
              -76.45805555555556,
              7.545555555555556
            ],
            [
              -76.45722222222223,
              7.545555555555556
            ],
            [
              -76.45722222222223,
              7.545277777777778
            ],
            [
              -76.45611111111113,
              7.545277777777778
            ],
            [
              -76.45611111111113,
              7.545
            ],
            [
              -76.45555555555556,
              7.545
            ],
            [
              -76.45555555555556,
              7.544722222222222
            ],
            [
              -76.4552777777778,
              7.544722222222222
            ],
            [
              -76.4552777777778,
              7.5441666666666665
            ],
            [
              -76.45500000000001,
              7.5441666666666665
            ],
            [
              -76.45500000000001,
              7.543888888888889
            ],
            [
              -76.45472222222223,
              7.543888888888889
            ],
            [
              -76.45472222222223,
              7.543611111111111
            ],
            [
              -76.45444444444446,
              7.543611111111111
            ],
            [
              -76.45444444444446,
              7.541388888888889
            ],
            [
              -76.45416666666668,
              7.541388888888889
            ],
            [
              -76.45416666666668,
              7.541111111111111
            ],
            [
              -76.4538888888889,
              7.541111111111111
            ],
            [
              -76.4538888888889,
              7.5408333333333335
            ],
            [
              -76.45361111111113,
              7.5408333333333335
            ],
            [
              -76.45361111111113,
              7.540277777777778
            ],
            [
              -76.44305555555557,
              7.540277777777778
            ],
            [
              -76.44305555555557,
              7.540555555555556
            ],
            [
              -76.44222222222223,
              7.540555555555556
            ],
            [
              -76.44222222222223,
              7.540277777777778
            ],
            [
              -76.43333333333335,
              7.540277777777778
            ],
            [
              -76.43333333333335,
              7.540555555555556
            ],
            [
              -76.43277777777779,
              7.540555555555556
            ],
            [
              -76.43277777777779,
              7.5408333333333335
            ],
            [
              -76.43194444444445,
              7.5408333333333335
            ],
            [
              -76.43194444444445,
              7.541111111111111
            ],
            [
              -76.43111111111112,
              7.541111111111111
            ],
            [
              -76.43111111111112,
              7.541388888888889
            ],
            [
              -76.43083333333334,
              7.541388888888889
            ],
            [
              -76.43083333333334,
              7.541666666666666
            ],
            [
              -76.43055555555557,
              7.541666666666666
            ],
            [
              -76.43055555555557,
              7.541944444444445
            ],
            [
              -76.42944444444446,
              7.541944444444445
            ],
            [
              -76.42944444444446,
              7.542222222222222
            ],
            [
              -76.42833333333334,
              7.542222222222222
            ],
            [
              -76.42833333333334,
              7.5424999999999995
            ],
            [
              -76.42805555555557,
              7.5424999999999995
            ],
            [
              -76.42805555555557,
              7.542777777777777
            ],
            [
              -76.42777777777779,
              7.542777777777777
            ],
            [
              -76.42777777777779,
              7.5424999999999995
            ],
            [
              -76.42750000000001,
              7.5424999999999995
            ],
            [
              -76.42750000000001,
              7.542222222222222
            ],
            [
              -76.42722222222224,
              7.542222222222222
            ],
            [
              -76.42722222222224,
              7.541944444444445
            ],
            [
              -76.42694444444446,
              7.541944444444445
            ],
            [
              -76.42694444444446,
              7.541666666666666
            ],
            [
              -76.4263888888889,
              7.541666666666666
            ],
            [
              -76.4263888888889,
              7.541388888888889
            ],
            [
              -76.42472222222223,
              7.541388888888889
            ],
            [
              -76.42472222222223,
              7.541666666666666
            ],
            [
              -76.42361111111113,
              7.541666666666666
            ],
            [
              -76.42361111111113,
              7.541388888888889
            ],
            [
              -76.4213888888889,
              7.541388888888889
            ],
            [
              -76.4213888888889,
              7.541666666666666
            ],
            [
              -76.42027777777778,
              7.541666666666666
            ],
            [
              -76.42027777777778,
              7.540555555555556
            ],
            [
              -76.42000000000002,
              7.540555555555556
            ],
            [
              -76.42000000000002,
              7.540277777777778
            ],
            [
              -76.41666666666669,
              7.540277777777778
            ],
            [
              -76.41666666666669,
              7.5408333333333335
            ],
            [
              -76.4163888888889,
              7.5408333333333335
            ],
            [
              -76.4163888888889,
              7.541111111111111
            ],
            [
              -76.41555555555557,
              7.541111111111111
            ],
            [
              -76.41555555555557,
              7.541388888888889
            ],
            [
              -76.41527777777779,
              7.541388888888889
            ],
            [
              -76.41527777777779,
              7.541111111111111
            ],
            [
              -76.415,
              7.541111111111111
            ],
            [
              -76.415,
              7.5408333333333335
            ],
            [
              -76.41222222222224,
              7.5408333333333335
            ],
            [
              -76.41222222222224,
              7.540555555555556
            ],
            [
              -76.41194444444446,
              7.540555555555556
            ],
            [
              -76.41194444444446,
              7.540277777777778
            ],
            [
              -76.38611111111112,
              7.540277777777778
            ],
            [
              -76.38611111111112,
              7.540555555555556
            ],
            [
              -76.385,
              7.540555555555556
            ],
            [
              -76.385,
              7.5408333333333335
            ],
            [
              -76.38472222222224,
              7.5408333333333335
            ],
            [
              -76.38472222222224,
              7.541388888888889
            ],
            [
              -76.38444444444445,
              7.541388888888889
            ],
            [
              -76.38444444444445,
              7.542222222222222
            ],
            [
              -76.38416666666667,
              7.542222222222222
            ],
            [
              -76.38416666666667,
              7.542777777777777
            ],
            [
              -76.3838888888889,
              7.542777777777777
            ],
            [
              -76.3838888888889,
              7.543611111111111
            ],
            [
              -76.38361111111112,
              7.543611111111111
            ],
            [
              -76.38361111111112,
              7.543888888888889
            ],
            [
              -76.38333333333334,
              7.543888888888889
            ],
            [
              -76.38333333333334,
              7.545
            ],
            [
              -76.38305555555557,
              7.545
            ],
            [
              -76.38305555555557,
              7.545833333333333
            ],
            [
              -76.38277777777779,
              7.545833333333333
            ],
            [
              -76.38277777777779,
              7.546944444444445
            ],
            [
              -76.38250000000001,
              7.546944444444445
            ],
            [
              -76.38250000000001,
              7.5472222222222225
            ],
            [
              -76.38222222222224,
              7.5472222222222225
            ],
            [
              -76.38222222222224,
              7.547499999999999
            ],
            [
              -76.38166666666667,
              7.547499999999999
            ],
            [
              -76.38166666666667,
              7.547777777777777
            ],
            [
              -76.38111111111112,
              7.547777777777777
            ],
            [
              -76.38111111111112,
              7.547499999999999
            ],
            [
              -76.38083333333334,
              7.547499999999999
            ],
            [
              -76.38083333333334,
              7.5472222222222225
            ],
            [
              -76.3788888888889,
              7.5472222222222225
            ],
            [
              -76.3788888888889,
              7.546944444444445
            ],
            [
              -76.37750000000001,
              7.546944444444445
            ],
            [
              -76.37750000000001,
              7.5472222222222225
            ],
            [
              -76.37611111111113,
              7.5472222222222225
            ],
            [
              -76.37611111111113,
              7.547499999999999
            ],
            [
              -76.37583333333335,
              7.547499999999999
            ],
            [
              -76.37583333333335,
              7.547777777777777
            ],
            [
              -76.3752777777778,
              7.547777777777777
            ],
            [
              -76.3752777777778,
              7.548055555555555
            ],
            [
              -76.37472222222223,
              7.548055555555555
            ],
            [
              -76.37472222222223,
              7.5488888888888885
            ],
            [
              -76.37444444444445,
              7.5488888888888885
            ],
            [
              -76.37444444444445,
              7.549166666666666
            ],
            [
              -76.37416666666668,
              7.549166666666666
            ],
            [
              -76.37416666666668,
              7.549444444444444
            ],
            [
              -76.37361111111112,
              7.549444444444444
            ],
            [
              -76.37361111111112,
              7.549722222222222
            ],
            [
              -76.37333333333335,
              7.549722222222222
            ],
            [
              -76.37333333333335,
              7.55
            ],
            [
              -76.37305555555557,
              7.55
            ],
            [
              -76.37305555555557,
              7.550277777777778
            ],
            [
              -76.37277777777778,
              7.550277777777778
            ],
            [
              -76.37277777777778,
              7.5505555555555555
            ],
            [
              -76.37194444444445,
              7.5505555555555555
            ],
            [
              -76.37194444444445,
              7.550833333333333
            ],
            [
              -76.3713888888889,
              7.550833333333333
            ],
            [
              -76.3713888888889,
              7.551388888888889
            ],
            [
              -76.37111111111112,
              7.551388888888889
            ],
            [
              -76.37111111111112,
              7.551666666666667
            ],
            [
              -76.37083333333335,
              7.551666666666667
            ],
            [
              -76.37083333333335,
              7.552222222222222
            ],
            [
              -76.37055555555557,
              7.552222222222222
            ],
            [
              -76.37055555555557,
              7.552777777777777
            ],
            [
              -76.37027777777779,
              7.552777777777777
            ],
            [
              -76.37027777777779,
              7.553055555555556
            ],
            [
              -76.37000000000002,
              7.553055555555556
            ],
            [
              -76.37000000000002,
              7.553611111111111
            ],
            [
              -76.36972222222224,
              7.553611111111111
            ],
            [
              -76.36972222222224,
              7.554166666666666
            ],
            [
              -76.36944444444445,
              7.554166666666666
            ],
            [
              -76.36944444444445,
              7.554444444444444
            ],
            [
              -76.3688888888889,
              7.554444444444444
            ],
            [
              -76.3688888888889,
              7.554722222222222
            ],
            [
              -76.36861111111112,
              7.554722222222222
            ],
            [
              -76.36861111111112,
              7.555
            ],
            [
              -76.36833333333334,
              7.555
            ],
            [
              -76.36833333333334,
              7.5552777777777775
            ],
            [
              -76.36805555555557,
              7.5552777777777775
            ],
            [
              -76.36805555555557,
              7.555833333333333
            ],
            [
              -76.36777777777779,
              7.555833333333333
            ],
            [
              -76.36777777777779,
              7.556111111111111
            ],
            [
              -76.3675,
              7.556111111111111
            ],
            [
              -76.3675,
              7.556666666666667
            ],
            [
              -76.36722222222224,
              7.556666666666667
            ],
            [
              -76.36722222222224,
              7.556388888888889
            ],
            [
              -76.3663888888889,
              7.556388888888889
            ],
            [
              -76.3663888888889,
              7.556666666666667
            ],
            [
              -76.36583333333334,
              7.556666666666667
            ],
            [
              -76.36583333333334,
              7.556388888888889
            ],
            [
              -76.36555555555557,
              7.556388888888889
            ],
            [
              -76.36555555555557,
              7.556111111111111
            ],
            [
              -76.36472222222224,
              7.556111111111111
            ],
            [
              -76.36472222222224,
              7.555833333333333
            ],
            [
              -76.36444444444446,
              7.555833333333333
            ],
            [
              -76.36444444444446,
              7.556111111111111
            ],
            [
              -76.36250000000001,
              7.556111111111111
            ],
            [
              -76.36250000000001,
              7.555833333333333
            ],
            [
              -76.36194444444446,
              7.555833333333333
            ],
            [
              -76.36194444444446,
              7.555555555555555
            ],
            [
              -76.36166666666668,
              7.555555555555555
            ],
            [
              -76.36166666666668,
              7.5552777777777775
            ],
            [
              -76.36055555555556,
              7.5552777777777775
            ],
            [
              -76.36055555555556,
              7.555
            ],
            [
              -76.35972222222223,
              7.555
            ],
            [
              -76.35972222222223,
              7.554722222222222
            ],
            [
              -76.35916666666668,
              7.554722222222222
            ],
            [
              -76.35916666666668,
              7.554444444444444
            ],
            [
              -76.3588888888889,
              7.554444444444444
            ],
            [
              -76.3588888888889,
              7.553888888888888
            ],
            [
              -76.35861111111112,
              7.553888888888888
            ],
            [
              -76.35861111111112,
              7.553611111111111
            ],
            [
              -76.35833333333335,
              7.553611111111111
            ],
            [
              -76.35833333333335,
              7.553333333333333
            ],
            [
              -76.35805555555557,
              7.553333333333333
            ],
            [
              -76.35805555555557,
              7.5525
            ],
            [
              -76.35777777777778,
              7.5525
            ],
            [
              -76.35777777777778,
              7.551666666666667
            ],
            [
              -76.35750000000002,
              7.551666666666667
            ],
            [
              -76.35750000000002,
              7.551388888888889
            ],
            [
              -76.35722222222223,
              7.551388888888889
            ],
            [
              -76.35722222222223,
              7.551111111111111
            ],
            [
              -76.35694444444445,
              7.551111111111111
            ],
            [
              -76.35694444444445,
              7.5505555555555555
            ],
            [
              -76.35666666666668,
              7.5505555555555555
            ],
            [
              -76.35666666666668,
              7.550277777777778
            ],
            [
              -76.35694444444445,
              7.550277777777778
            ],
            [
              -76.35694444444445,
              7.549722222222222
            ],
            [
              -76.35722222222223,
              7.549722222222222
            ],
            [
              -76.35722222222223,
              7.549166666666666
            ],
            [
              -76.35750000000002,
              7.549166666666666
            ],
            [
              -76.35750000000002,
              7.5488888888888885
            ],
            [
              -76.35777777777778,
              7.5488888888888885
            ],
            [
              -76.35777777777778,
              7.545833333333333
            ],
            [
              -76.35750000000002,
              7.545833333333333
            ],
            [
              -76.35750000000002,
              7.545277777777778
            ],
            [
              -76.35416666666669,
              7.545277777777778
            ],
            [
              -76.35416666666669,
              7.545555555555556
            ],
            [
              -76.35333333333334,
              7.545555555555556
            ],
            [
              -76.35333333333334,
              7.545277777777778
            ],
            [
              -76.3525,
              7.545277777777778
            ],
            [
              -76.3525,
              7.545
            ],
            [
              -76.35222222222224,
              7.545
            ],
            [
              -76.35222222222224,
              7.544722222222222
            ],
            [
              -76.35194444444446,
              7.544722222222222
            ],
            [
              -76.35194444444446,
              7.544444444444444
            ],
            [
              -76.35166666666667,
              7.544444444444444
            ],
            [
              -76.35166666666667,
              7.5441666666666665
            ],
            [
              -76.35027777777779,
              7.5441666666666665
            ],
            [
              -76.35027777777779,
              7.543888888888889
            ],
            [
              -76.35000000000001,
              7.543888888888889
            ],
            [
              -76.35000000000001,
              7.543611111111111
            ],
            [
              -76.34972222222224,
              7.543611111111111
            ],
            [
              -76.34972222222224,
              7.543333333333333
            ],
            [
              -76.34916666666668,
              7.543333333333333
            ],
            [
              -76.34916666666668,
              7.542777777777777
            ],
            [
              -76.34888888888891,
              7.542777777777777
            ],
            [
              -76.34888888888891,
              7.541944444444445
            ],
            [
              -76.34861111111113,
              7.541944444444445
            ],
            [
              -76.34861111111113,
              7.541388888888889
            ],
            [
              -76.34722222222223,
              7.541388888888889
            ],
            [
              -76.34722222222223,
              7.540555555555556
            ],
            [
              -76.34694444444446,
              7.540555555555556
            ],
            [
              -76.34694444444446,
              7.540277777777778
            ],
            [
              -76.34472222222223,
              7.540277777777778
            ],
            [
              -76.34472222222223,
              7.540555555555556
            ],
            [
              -76.34444444444446,
              7.540555555555556
            ],
            [
              -76.34444444444446,
              7.5408333333333335
            ],
            [
              -76.34416666666668,
              7.5408333333333335
            ],
            [
              -76.34416666666668,
              7.541111111111111
            ],
            [
              -76.34333333333335,
              7.541111111111111
            ],
            [
              -76.34333333333335,
              7.5408333333333335
            ],
            [
              -76.3413888888889,
              7.5408333333333335
            ],
            [
              -76.3413888888889,
              7.541111111111111
            ],
            [
              -76.34083333333335,
              7.541111111111111
            ],
            [
              -76.34083333333335,
              7.540555555555556
            ],
            [
              -76.34055555555557,
              7.540555555555556
            ],
            [
              -76.34055555555557,
              7.540277777777778
            ],
            [
              -76.33694444444446,
              7.540277777777778
            ],
            [
              -76.33694444444446,
              7.541111111111111
            ],
            [
              -76.33722222222224,
              7.541111111111111
            ],
            [
              -76.33722222222224,
              7.541944444444445
            ],
            [
              -76.33694444444446,
              7.541944444444445
            ],
            [
              -76.33694444444446,
              7.542222222222222
            ],
            [
              -76.33666666666667,
              7.542222222222222
            ],
            [
              -76.33666666666667,
              7.543055555555555
            ],
            [
              -76.33611111111112,
              7.543055555555555
            ],
            [
              -76.33611111111112,
              7.543333333333333
            ],
            [
              -76.33583333333334,
              7.543333333333333
            ],
            [
              -76.33583333333334,
              7.543611111111111
            ],
            [
              -76.33555555555557,
              7.543611111111111
            ],
            [
              -76.33555555555557,
              7.543888888888889
            ],
            [
              -76.33527777777779,
              7.543888888888889
            ],
            [
              -76.33527777777779,
              7.544444444444444
            ],
            [
              -76.33500000000001,
              7.544444444444444
            ],
            [
              -76.33500000000001,
              7.544722222222222
            ],
            [
              -76.33444444444446,
              7.544722222222222
            ],
            [
              -76.33444444444446,
              7.545
            ],
            [
              -76.33388888888891,
              7.545
            ],
            [
              -76.33388888888891,
              7.545277777777778
            ],
            [
              -76.33361111111113,
              7.545277777777778
            ],
            [
              -76.33361111111113,
              7.545555555555556
            ],
            [
              -76.33333333333334,
              7.545555555555556
            ],
            [
              -76.33333333333334,
              7.546111111111111
            ],
            [
              -76.33277777777779,
              7.546111111111111
            ],
            [
              -76.33277777777779,
              7.546388888888889
            ],
            [
              -76.33222222222223,
              7.546388888888889
            ],
            [
              -76.33222222222223,
              7.5472222222222225
            ],
            [
              -76.33194444444446,
              7.5472222222222225
            ],
            [
              -76.33194444444446,
              7.547499999999999
            ],
            [
              -76.33166666666668,
              7.547499999999999
            ],
            [
              -76.33166666666668,
              7.547777777777777
            ],
            [
              -76.3313888888889,
              7.547777777777777
            ],
            [
              -76.3313888888889,
              7.548611111111111
            ],
            [
              -76.33111111111113,
              7.548611111111111
            ],
            [
              -76.33111111111113,
              7.5488888888888885
            ],
            [
              -76.33083333333335,
              7.5488888888888885
            ],
            [
              -76.33083333333335,
              7.549444444444444
            ],
            [
              -76.33055555555556,
              7.549444444444444
            ],
            [
              -76.33055555555556,
              7.549722222222222
            ],
            [
              -76.3302777777778,
              7.549722222222222
            ],
            [
              -76.3302777777778,
              7.549444444444444
            ],
            [
              -76.32916666666668,
              7.549444444444444
            ],
            [
              -76.32916666666668,
              7.549722222222222
            ],
            [
              -76.32805555555557,
              7.549722222222222
            ],
            [
              -76.32805555555557,
              7.55
            ],
            [
              -76.32777777777778,
              7.55
            ],
            [
              -76.32777777777778,
              7.549722222222222
            ],
            [
              -76.32750000000001,
              7.549722222222222
            ],
            [
              -76.32750000000001,
              7.549444444444444
            ],
            [
              -76.32722222222223,
              7.549444444444444
            ],
            [
              -76.32722222222223,
              7.549166666666666
            ],
            [
              -76.32611111111112,
              7.549166666666666
            ],
            [
              -76.32611111111112,
              7.549444444444444
            ],
            [
              -76.32500000000002,
              7.549444444444444
            ],
            [
              -76.32500000000002,
              7.549722222222222
            ],
            [
              -76.32472222222223,
              7.549722222222222
            ],
            [
              -76.32472222222223,
              7.550277777777778
            ],
            [
              -76.32444444444445,
              7.550277777777778
            ],
            [
              -76.32444444444445,
              7.5505555555555555
            ],
            [
              -76.32333333333335,
              7.5505555555555555
            ],
            [
              -76.32333333333335,
              7.550833333333333
            ],
            [
              -76.32277777777779,
              7.550833333333333
            ],
            [
              -76.32277777777779,
              7.551111111111111
            ],
            [
              -76.3225,
              7.551111111111111
            ],
            [
              -76.3225,
              7.551666666666667
            ],
            [
              -76.32222222222224,
              7.551666666666667
            ],
            [
              -76.32222222222224,
              7.5525
            ],
            [
              -76.32194444444445,
              7.5525
            ],
            [
              -76.32194444444445,
              7.552777777777777
            ],
            [
              -76.32166666666667,
              7.552777777777777
            ],
            [
              -76.32166666666667,
              7.5525
            ],
            [
              -76.32111111111112,
              7.5525
            ],
            [
              -76.32111111111112,
              7.552222222222222
            ],
            [
              -76.32083333333334,
              7.552222222222222
            ],
            [
              -76.32083333333334,
              7.551944444444445
            ],
            [
              -76.31805555555557,
              7.551944444444445
            ],
            [
              -76.31805555555557,
              7.553333333333333
            ],
            [
              -76.31777777777779,
              7.553333333333333
            ],
            [
              -76.31777777777779,
              7.555
            ],
            [
              -76.31805555555557,
              7.555
            ],
            [
              -76.31805555555557,
              7.556388888888889
            ],
            [
              -76.31777777777779,
              7.556388888888889
            ],
            [
              -76.31777777777779,
              7.556666666666667
            ],
            [
              -76.31750000000001,
              7.556666666666667
            ],
            [
              -76.31750000000001,
              7.5569444444444445
            ],
            [
              -76.31694444444446,
              7.5569444444444445
            ],
            [
              -76.31694444444446,
              7.557222222222222
            ],
            [
              -76.31666666666668,
              7.557222222222222
            ],
            [
              -76.31666666666668,
              7.5575
            ],
            [
              -76.3163888888889,
              7.5575
            ],
            [
              -76.3163888888889,
              7.557777777777778
            ],
            [
              -76.31583333333334,
              7.557777777777778
            ],
            [
              -76.31583333333334,
              7.558055555555556
            ],
            [
              -76.31555555555556,
              7.558055555555556
            ],
            [
              -76.31555555555556,
              7.558333333333334
            ],
            [
              -76.3152777777778,
              7.558333333333334
            ],
            [
              -76.3152777777778,
              7.5586111111111105
            ],
            [
              -76.31500000000001,
              7.5586111111111105
            ],
            [
              -76.31500000000001,
              7.558888888888889
            ],
            [
              -76.31472222222223,
              7.558888888888889
            ],
            [
              -76.31472222222223,
              7.559166666666666
            ],
            [
              -76.31444444444446,
              7.559166666666666
            ],
            [
              -76.31444444444446,
              7.559444444444444
            ],
            [
              -76.3138888888889,
              7.559444444444444
            ],
            [
              -76.3138888888889,
              7.559722222222222
            ],
            [
              -76.31361111111113,
              7.559722222222222
            ],
            [
              -76.31361111111113,
              7.56
            ],
            [
              -76.31333333333335,
              7.56
            ],
            [
              -76.31333333333335,
              7.560277777777777
            ],
            [
              -76.31305555555556,
              7.560277777777777
            ],
            [
              -76.31305555555556,
              7.560555555555555
            ],
            [
              -76.31250000000001,
              7.560555555555555
            ],
            [
              -76.31250000000001,
              7.560833333333333
            ],
            [
              -76.31166666666668,
              7.560833333333333
            ],
            [
              -76.31166666666668,
              7.561111111111111
            ],
            [
              -76.31000000000002,
              7.561111111111111
            ],
            [
              -76.31000000000002,
              7.561388888888889
            ],
            [
              -76.30972222222223,
              7.561388888888889
            ],
            [
              -76.30972222222223,
              7.5625
            ],
            [
              -76.30944444444445,
              7.5625
            ],
            [
              -76.30944444444445,
              7.562777777777778
            ],
            [
              -76.30972222222223,
              7.562777777777778
            ],
            [
              -76.30972222222223,
              7.5633333333333335
            ],
            [
              -76.31027777777778,
              7.5633333333333335
            ],
            [
              -76.31027777777778,
              7.563611111111111
            ],
            [
              -76.31000000000002,
              7.563611111111111
            ],
            [
              -76.31000000000002,
              7.564166666666667
            ],
            [
              -76.30972222222223,
              7.564166666666667
            ],
            [
              -76.30972222222223,
              7.5649999999999995
            ],
            [
              -76.31000000000002,
              7.5649999999999995
            ],
            [
              -76.31000000000002,
              7.565277777777777
            ],
            [
              -76.31027777777778,
              7.565277777777777
            ],
            [
              -76.31027777777778,
              7.565833333333333
            ],
            [
              -76.31055555555557,
              7.565833333333333
            ],
            [
              -76.31055555555557,
              7.567222222222222
            ],
            [
              -76.31000000000002,
              7.567222222222222
            ],
            [
              -76.31000000000002,
              7.5680555555555555
            ],
            [
              -76.30972222222223,
              7.5680555555555555
            ],
            [
              -76.30972222222223,
              7.567777777777778
            ],
            [
              -76.30944444444445,
              7.567777777777778
            ],
            [
              -76.30944444444445,
              7.5680555555555555
            ],
            [
              -76.30805555555557,
              7.5680555555555555
            ],
            [
              -76.30805555555557,
              7.568333333333333
            ],
            [
              -76.30722222222224,
              7.568333333333333
            ],
            [
              -76.30722222222224,
              7.568611111111111
            ],
            [
              -76.30694444444445,
              7.568611111111111
            ],
            [
              -76.30694444444445,
              7.568888888888889
            ],
            [
              -76.30666666666667,
              7.568888888888889
            ],
            [
              -76.30666666666667,
              7.569444444444445
            ],
            [
              -76.30583333333334,
              7.569444444444445
            ],
            [
              -76.30583333333334,
              7.5697222222222225
            ],
            [
              -76.30555555555557,
              7.5697222222222225
            ],
            [
              -76.30555555555557,
              7.57
            ],
            [
              -76.30527777777779,
              7.57
            ],
            [
              -76.30527777777779,
              7.570555555555555
            ],
            [
              -76.305,
              7.570555555555555
            ],
            [
              -76.305,
              7.571111111111111
            ],
            [
              -76.30444444444446,
              7.571111111111111
            ],
            [
              -76.30444444444446,
              7.5713888888888885
            ],
            [
              -76.30333333333334,
              7.5713888888888885
            ],
            [
              -76.30333333333334,
              7.572222222222222
            ],
            [
              -76.30305555555557,
              7.572222222222222
            ],
            [
              -76.30305555555557,
              7.5725
            ],
            [
              -76.30222222222224,
              7.5725
            ],
            [
              -76.30222222222224,
              7.572777777777778
            ],
            [
              -76.30194444444446,
              7.572777777777778
            ],
            [
              -76.30194444444446,
              7.573055555555555
            ],
            [
              -76.30166666666668,
              7.573055555555555
            ],
            [
              -76.30166666666668,
              7.573333333333333
            ],
            [
              -76.3013888888889,
              7.573333333333333
            ],
            [
              -76.3013888888889,
              7.573611111111111
            ],
            [
              -76.29972222222223,
              7.573611111111111
            ],
            [
              -76.29972222222223,
              7.573888888888889
            ],
            [
              -76.2988888888889,
              7.573888888888889
            ],
            [
              -76.2988888888889,
              7.574166666666667
            ],
            [
              -76.29861111111113,
              7.574166666666667
            ],
            [
              -76.29861111111113,
              7.574722222222222
            ],
            [
              -76.29833333333335,
              7.574722222222222
            ],
            [
              -76.29833333333335,
              7.575
            ],
            [
              -76.29750000000001,
              7.575
            ],
            [
              -76.29750000000001,
              7.574722222222222
            ],
            [
              -76.29694444444446,
              7.574722222222222
            ],
            [
              -76.29694444444446,
              7.5744444444444445
            ],
            [
              -76.29666666666668,
              7.5744444444444445
            ],
            [
              -76.29666666666668,
              7.574166666666667
            ],
            [
              -76.2963888888889,
              7.574166666666667
            ],
            [
              -76.2963888888889,
              7.5744444444444445
            ],
            [
              -76.29611111111112,
              7.5744444444444445
            ],
            [
              -76.29611111111112,
              7.574166666666667
            ],
            [
              -76.29583333333335,
              7.574166666666667
            ],
            [
              -76.29583333333335,
              7.573888888888889
            ],
            [
              -76.29555555555557,
              7.573888888888889
            ],
            [
              -76.29555555555557,
              7.573055555555555
            ],
            [
              -76.29527777777778,
              7.573055555555555
            ],
            [
              -76.29527777777778,
              7.572777777777778
            ],
            [
              -76.29500000000002,
              7.572777777777778
            ],
            [
              -76.29500000000002,
              7.5725
            ],
            [
              -76.29472222222223,
              7.5725
            ],
            [
              -76.29472222222223,
              7.572222222222222
            ],
            [
              -76.29444444444445,
              7.572222222222222
            ],
            [
              -76.29444444444445,
              7.571666666666666
            ],
            [
              -76.29416666666668,
              7.571666666666666
            ],
            [
              -76.29416666666668,
              7.5713888888888885
            ],
            [
              -76.29305555555557,
              7.5713888888888885
            ],
            [
              -76.29305555555557,
              7.571111111111111
            ],
            [
              -76.29250000000002,
              7.571111111111111
            ],
            [
              -76.29250000000002,
              7.5697222222222225
            ],
            [
              -76.29222222222224,
              7.5697222222222225
            ],
            [
              -76.29222222222224,
              7.569444444444445
            ],
            [
              -76.29166666666669,
              7.569444444444445
            ],
            [
              -76.29166666666669,
              7.5675
            ],
            [
              -76.29222222222224,
              7.5675
            ],
            [
              -76.29222222222224,
              7.566666666666666
            ],
            [
              -76.29194444444445,
              7.566666666666666
            ],
            [
              -76.29194444444445,
              7.566388888888889
            ],
            [
              -76.29166666666669,
              7.566388888888889
            ],
            [
              -76.29166666666669,
              7.565833333333333
            ],
            [
              -76.2913888888889,
              7.565833333333333
            ],
            [
              -76.2913888888889,
              7.565555555555555
            ],
            [
              -76.29111111111112,
              7.565555555555555
            ],
            [
              -76.29111111111112,
              7.564722222222223
            ],
            [
              -76.29055555555557,
              7.564722222222223
            ],
            [
              -76.29055555555557,
              7.564166666666667
            ],
            [
              -76.28972222222224,
              7.564166666666667
            ],
            [
              -76.28972222222224,
              7.564444444444444
            ],
            [
              -76.2888888888889,
              7.564444444444444
            ],
            [
              -76.2888888888889,
              7.564166666666667
            ],
            [
              -76.28833333333334,
              7.564166666666667
            ],
            [
              -76.28833333333334,
              7.563888888888889
            ],
            [
              -76.28805555555557,
              7.563888888888889
            ],
            [
              -76.28805555555557,
              7.5633333333333335
            ],
            [
              -76.28777777777779,
              7.5633333333333335
            ],
            [
              -76.28777777777779,
              7.563055555555556
            ],
            [
              -76.28750000000001,
              7.563055555555556
            ],
            [
              -76.28750000000001,
              7.5625
            ],
            [
              -76.28694444444446,
              7.5625
            ],
            [
              -76.28694444444446,
              7.560833333333333
            ],
            [
              -76.28666666666668,
              7.560833333333333
            ],
            [
              -76.28666666666668,
              7.560277777777777
            ],
            [
              -76.28638888888891,
              7.560277777777777
            ],
            [
              -76.28638888888891,
              7.559722222222222
            ],
            [
              -76.28611111111113,
              7.559722222222222
            ],
            [
              -76.28611111111113,
              7.559166666666666
            ],
            [
              -76.28583333333334,
              7.559166666666666
            ],
            [
              -76.28583333333334,
              7.5586111111111105
            ],
            [
              -76.28555555555556,
              7.5586111111111105
            ],
            [
              -76.28555555555556,
              7.558333333333334
            ],
            [
              -76.28472222222223,
              7.558333333333334
            ],
            [
              -76.28472222222223,
              7.557777777777778
            ],
            [
              -76.28444444444446,
              7.557777777777778
            ],
            [
              -76.28444444444446,
              7.5575
            ],
            [
              -76.2838888888889,
              7.5575
            ],
            [
              -76.2838888888889,
              7.557222222222222
            ],
            [
              -76.28361111111113,
              7.557222222222222
            ],
            [
              -76.28361111111113,
              7.5569444444444445
            ],
            [
              -76.28333333333335,
              7.5569444444444445
            ],
            [
              -76.28333333333335,
              7.555555555555555
            ],
            [
              -76.28305555555556,
              7.555555555555555
            ],
            [
              -76.28305555555556,
              7.554444444444444
            ],
            [
              -76.2827777777778,
              7.554444444444444
            ],
            [
              -76.2827777777778,
              7.554166666666666
            ],
            [
              -76.28194444444446,
              7.554166666666666
            ],
            [
              -76.28194444444446,
              7.553888888888888
            ],
            [
              -76.28166666666668,
              7.553888888888888
            ],
            [
              -76.28166666666668,
              7.553333333333333
            ],
            [
              -76.2813888888889,
              7.553333333333333
            ],
            [
              -76.2813888888889,
              7.552777777777777
            ],
            [
              -76.28111111111112,
              7.552777777777777
            ],
            [
              -76.28111111111112,
              7.5525
            ],
            [
              -76.28055555555557,
              7.5525
            ],
            [
              -76.28055555555557,
              7.552222222222222
            ],
            [
              -76.28027777777778,
              7.552222222222222
            ],
            [
              -76.28027777777778,
              7.551944444444445
            ],
            [
              -76.28000000000002,
              7.551944444444445
            ],
            [
              -76.28000000000002,
              7.551666666666667
            ],
            [
              -76.27972222222223,
              7.551666666666667
            ],
            [
              -76.27972222222223,
              7.551388888888889
            ],
            [
              -76.27944444444445,
              7.551388888888889
            ],
            [
              -76.27944444444445,
              7.551111111111111
            ],
            [
              -76.27916666666668,
              7.551111111111111
            ],
            [
              -76.27916666666668,
              7.550833333333333
            ],
            [
              -76.2788888888889,
              7.550833333333333
            ],
            [
              -76.2788888888889,
              7.5505555555555555
            ],
            [
              -76.27833333333335,
              7.5505555555555555
            ],
            [
              -76.27833333333335,
              7.550277777777778
            ],
            [
              -76.27805555555557,
              7.550277777777778
            ],
            [
              -76.27805555555557,
              7.55
            ],
            [
              -76.27777777777779,
              7.55
            ],
            [
              -76.27777777777779,
              7.549722222222222
            ],
            [
              -76.27750000000002,
              7.549722222222222
            ],
            [
              -76.27750000000002,
              7.549444444444444
            ],
            [
              -76.27722222222224,
              7.549444444444444
            ],
            [
              -76.27722222222224,
              7.549166666666666
            ],
            [
              -76.27666666666669,
              7.549166666666666
            ],
            [
              -76.27666666666669,
              7.5488888888888885
            ],
            [
              -76.2763888888889,
              7.5488888888888885
            ],
            [
              -76.2763888888889,
              7.548611111111111
            ],
            [
              -76.27611111111112,
              7.548611111111111
            ],
            [
              -76.27611111111112,
              7.548333333333333
            ],
            [
              -76.27583333333334,
              7.548333333333333
            ],
            [
              -76.27583333333334,
              7.548055555555555
            ],
            [
              -76.27527777777779,
              7.548055555555555
            ],
            [
              -76.27527777777779,
              7.547777777777777
            ],
            [
              -76.27472222222224,
              7.547777777777777
            ],
            [
              -76.27472222222224,
              7.547499999999999
            ],
            [
              -76.2738888888889,
              7.547499999999999
            ],
            [
              -76.2738888888889,
              7.5472222222222225
            ],
            [
              -76.27222222222224,
              7.5472222222222225
            ],
            [
              -76.27222222222224,
              7.547499999999999
            ],
            [
              -76.27083333333334,
              7.547499999999999
            ],
            [
              -76.27083333333334,
              7.5472222222222225
            ],
            [
              -76.27055555555556,
              7.5472222222222225
            ],
            [
              -76.27055555555556,
              7.546944444444445
            ],
            [
              -76.27027777777779,
              7.546944444444445
            ],
            [
              -76.27027777777779,
              7.546666666666667
            ],
            [
              -76.27000000000001,
              7.546666666666667
            ],
            [
              -76.27000000000001,
              7.546944444444445
            ],
            [
              -76.26972222222223,
              7.546944444444445
            ],
            [
              -76.26972222222223,
              7.5472222222222225
            ],
            [
              -76.26944444444446,
              7.5472222222222225
            ],
            [
              -76.26944444444446,
              7.547499999999999
            ],
            [
              -76.26861111111113,
              7.547499999999999
            ],
            [
              -76.26861111111113,
              7.547777777777777
            ],
            [
              -76.26805555555556,
              7.547777777777777
            ],
            [
              -76.26805555555556,
              7.548055555555555
            ],
            [
              -76.2677777777778,
              7.548055555555555
            ],
            [
              -76.2677777777778,
              7.548333333333333
            ],
            [
              -76.26722222222223,
              7.548333333333333
            ],
            [
              -76.26722222222223,
              7.548611111111111
            ],
            [
              -76.26611111111113,
              7.548611111111111
            ],
            [
              -76.26611111111113,
              7.5488888888888885
            ],
            [
              -76.26361111111112,
              7.5488888888888885
            ],
            [
              -76.26361111111112,
              7.548611111111111
            ],
            [
              -76.26305555555557,
              7.548611111111111
            ],
            [
              -76.26305555555557,
              7.5488888888888885
            ],
            [
              -76.26222222222223,
              7.5488888888888885
            ],
            [
              -76.26222222222223,
              7.549166666666666
            ],
            [
              -76.26194444444445,
              7.549166666666666
            ],
            [
              -76.26194444444445,
              7.549444444444444
            ],
            [
              -76.26166666666668,
              7.549444444444444
            ],
            [
              -76.26166666666668,
              7.549722222222222
            ],
            [
              -76.26111111111112,
              7.549722222222222
            ],
            [
              -76.26111111111112,
              7.55
            ],
            [
              -76.26027777777779,
              7.55
            ],
            [
              -76.26027777777779,
              7.550277777777778
            ],
            [
              -76.25972222222224,
              7.550277777777778
            ],
            [
              -76.25972222222224,
              7.5505555555555555
            ],
            [
              -76.25833333333334,
              7.5505555555555555
            ],
            [
              -76.25833333333334,
              7.550277777777778
            ],
            [
              -76.25805555555557,
              7.550277777777778
            ],
            [
              -76.25805555555557,
              7.5505555555555555
            ],
            [
              -76.25694444444446,
              7.5505555555555555
            ],
            [
              -76.25694444444446,
              7.550833333333333
            ],
            [
              -76.2563888888889,
              7.550833333333333
            ],
            [
              -76.2563888888889,
              7.551111111111111
            ],
            [
              -76.25583333333334,
              7.551111111111111
            ],
            [
              -76.25583333333334,
              7.551388888888889
            ],
            [
              -76.25555555555557,
              7.551388888888889
            ],
            [
              -76.25555555555557,
              7.551944444444445
            ],
            [
              -76.25472222222223,
              7.551944444444445
            ],
            [
              -76.25472222222223,
              7.552222222222222
            ],
            [
              -76.25250000000001,
              7.552222222222222
            ],
            [
              -76.25250000000001,
              7.5525
            ],
            [
              -76.2513888888889,
              7.5525
            ],
            [
              -76.2513888888889,
              7.552777777777777
            ],
            [
              -76.24972222222223,
              7.552777777777777
            ],
            [
              -76.24972222222223,
              7.5525
            ],
            [
              -76.24916666666668,
              7.5525
            ],
            [
              -76.24916666666668,
              7.552222222222222
            ],
            [
              -76.2488888888889,
              7.552222222222222
            ],
            [
              -76.2488888888889,
              7.551666666666667
            ],
            [
              -76.24861111111112,
              7.551666666666667
            ],
            [
              -76.24861111111112,
              7.551388888888889
            ],
            [
              -76.24833333333335,
              7.551388888888889
            ],
            [
              -76.24833333333335,
              7.551111111111111
            ],
            [
              -76.24805555555557,
              7.551111111111111
            ],
            [
              -76.24805555555557,
              7.550833333333333
            ],
            [
              -76.24750000000002,
              7.550833333333333
            ],
            [
              -76.24750000000002,
              7.5505555555555555
            ],
            [
              -76.24666666666668,
              7.5505555555555555
            ],
            [
              -76.24666666666668,
              7.550277777777778
            ],
            [
              -76.2463888888889,
              7.550277777777778
            ],
            [
              -76.2463888888889,
              7.55
            ],
            [
              -76.24611111111112,
              7.55
            ],
            [
              -76.24611111111112,
              7.549444444444444
            ],
            [
              -76.2463888888889,
              7.549444444444444
            ],
            [
              -76.2463888888889,
              7.548611111111111
            ],
            [
              -76.24611111111112,
              7.548611111111111
            ],
            [
              -76.24611111111112,
              7.548333333333333
            ],
            [
              -76.24583333333335,
              7.548333333333333
            ],
            [
              -76.24583333333335,
              7.548055555555555
            ],
            [
              -76.24555555555557,
              7.548055555555555
            ],
            [
              -76.24555555555557,
              7.547777777777777
            ],
            [
              -76.24527777777779,
              7.547777777777777
            ],
            [
              -76.24527777777779,
              7.5472222222222225
            ],
            [
              -76.24500000000002,
              7.5472222222222225
            ],
            [
              -76.24500000000002,
              7.546944444444445
            ],
            [
              -76.2438888888889,
              7.546944444444445
            ],
            [
              -76.2438888888889,
              7.546388888888889
            ],
            [
              -76.24361111111112,
              7.546388888888889
            ],
            [
              -76.24361111111112,
              7.546111111111111
            ],
            [
              -76.24305555555557,
              7.546111111111111
            ],
            [
              -76.24305555555557,
              7.545833333333333
            ],
            [
              -76.24166666666667,
              7.545833333333333
            ],
            [
              -76.24166666666667,
              7.545555555555556
            ],
            [
              -76.2413888888889,
              7.545555555555556
            ],
            [
              -76.2413888888889,
              7.545277777777778
            ],
            [
              -76.24055555555557,
              7.545277777777778
            ],
            [
              -76.24055555555557,
              7.545
            ],
            [
              -76.23861111111113,
              7.545
            ],
            [
              -76.23861111111113,
              7.544722222222222
            ],
            [
              -76.23555555555556,
              7.544722222222222
            ],
            [
              -76.23555555555556,
              7.545
            ],
            [
              -76.23444444444446,
              7.545
            ],
            [
              -76.23444444444446,
              7.544722222222222
            ],
            [
              -76.23416666666668,
              7.544722222222222
            ],
            [
              -76.23416666666668,
              7.543888888888889
            ],
            [
              -76.2338888888889,
              7.543888888888889
            ],
            [
              -76.2338888888889,
              7.5408333333333335
            ],
            [
              -76.23361111111112,
              7.5408333333333335
            ],
            [
              -76.23361111111112,
              7.540277777777778
            ],
            [
              -76.22611111111112,
              7.540277777777778
            ],
            [
              -76.22611111111112,
              7.540555555555556
            ],
            [
              -76.22527777777779,
              7.540555555555556
            ],
            [
              -76.22527777777779,
              7.5408333333333335
            ],
            [
              -76.22472222222224,
              7.5408333333333335
            ],
            [
              -76.22472222222224,
              7.541111111111111
            ],
            [
              -76.22333333333334,
              7.541111111111111
            ],
            [
              -76.22333333333334,
              7.541388888888889
            ],
            [
              -76.22305555555556,
              7.541388888888889
            ],
            [
              -76.22305555555556,
              7.541944444444445
            ],
            [
              -76.2227777777778,
              7.541944444444445
            ],
            [
              -76.2227777777778,
              7.542222222222222
            ],
            [
              -76.22222222222223,
              7.542222222222222
            ],
            [
              -76.22222222222223,
              7.541944444444445
            ],
            [
              -76.22111111111113,
              7.541944444444445
            ],
            [
              -76.22111111111113,
              7.541666666666666
            ],
            [
              -76.2202777777778,
              7.541666666666666
            ],
            [
              -76.2202777777778,
              7.541111111111111
            ],
            [
              -76.21944444444446,
              7.541111111111111
            ],
            [
              -76.21944444444446,
              7.5408333333333335
            ],
            [
              -76.21861111111112,
              7.5408333333333335
            ],
            [
              -76.21861111111112,
              7.541111111111111
            ],
            [
              -76.21833333333335,
              7.541111111111111
            ],
            [
              -76.21833333333335,
              7.541388888888889
            ],
            [
              -76.21805555555557,
              7.541388888888889
            ],
            [
              -76.21805555555557,
              7.541666666666666
            ],
            [
              -76.21777777777778,
              7.541666666666666
            ],
            [
              -76.21777777777778,
              7.541944444444445
            ],
            [
              -76.21750000000002,
              7.541944444444445
            ],
            [
              -76.21750000000002,
              7.542777777777777
            ],
            [
              -76.2163888888889,
              7.542777777777777
            ],
            [
              -76.2163888888889,
              7.543055555555555
            ],
            [
              -76.21583333333335,
              7.543055555555555
            ],
            [
              -76.21583333333335,
              7.5441666666666665
            ],
            [
              -76.21555555555557,
              7.5441666666666665
            ],
            [
              -76.21555555555557,
              7.545
            ],
            [
              -76.21583333333335,
              7.545
            ],
            [
              -76.21583333333335,
              7.545277777777778
            ],
            [
              -76.2163888888889,
              7.545277777777778
            ],
            [
              -76.2163888888889,
              7.545833333333333
            ],
            [
              -76.21611111111112,
              7.545833333333333
            ],
            [
              -76.21611111111112,
              7.546666666666667
            ],
            [
              -76.2163888888889,
              7.546666666666667
            ],
            [
              -76.2163888888889,
              7.5472222222222225
            ],
            [
              -76.21666666666668,
              7.5472222222222225
            ],
            [
              -76.21666666666668,
              7.547777777777777
            ],
            [
              -76.2163888888889,
              7.547777777777777
            ],
            [
              -76.2163888888889,
              7.548055555555555
            ],
            [
              -76.21555555555557,
              7.548055555555555
            ],
            [
              -76.21555555555557,
              7.548333333333333
            ],
            [
              -76.21500000000002,
              7.548333333333333
            ],
            [
              -76.21500000000002,
              7.548611111111111
            ],
            [
              -76.21472222222224,
              7.548611111111111
            ],
            [
              -76.21472222222224,
              7.5488888888888885
            ],
            [
              -76.21361111111112,
              7.5488888888888885
            ],
            [
              -76.21361111111112,
              7.548611111111111
            ],
            [
              -76.21333333333334,
              7.548611111111111
            ],
            [
              -76.21333333333334,
              7.548333333333333
            ],
            [
              -76.21305555555557,
              7.548333333333333
            ],
            [
              -76.21305555555557,
              7.548611111111111
            ],
            [
              -76.2113888888889,
              7.548611111111111
            ],
            [
              -76.2113888888889,
              7.548333333333333
            ],
            [
              -76.20972222222224,
              7.548333333333333
            ],
            [
              -76.20972222222224,
              7.548055555555555
            ],
            [
              -76.20944444444446,
              7.548055555555555
            ],
            [
              -76.20944444444446,
              7.547499999999999
            ],
            [
              -76.20972222222224,
              7.547499999999999
            ],
            [
              -76.20972222222224,
              7.5472222222222225
            ],
            [
              -76.20944444444446,
              7.5472222222222225
            ],
            [
              -76.20944444444446,
              7.546666666666667
            ],
            [
              -76.20888888888891,
              7.546666666666667
            ],
            [
              -76.20888888888891,
              7.546388888888889
            ],
            [
              -76.20861111111113,
              7.546388888888889
            ],
            [
              -76.20861111111113,
              7.546666666666667
            ],
            [
              -76.20805555555556,
              7.546666666666667
            ],
            [
              -76.20805555555556,
              7.545833333333333
            ],
            [
              -76.20777777777779,
              7.545833333333333
            ],
            [
              -76.20777777777779,
              7.545
            ],
            [
              -76.20722222222223,
              7.545
            ],
            [
              -76.20722222222223,
              7.545277777777778
            ],
            [
              -76.20694444444446,
              7.545277777777778
            ],
            [
              -76.20694444444446,
              7.545555555555556
            ],
            [
              -76.20666666666668,
              7.545555555555556
            ],
            [
              -76.20666666666668,
              7.545277777777778
            ],
            [
              -76.2063888888889,
              7.545277777777778
            ],
            [
              -76.2063888888889,
              7.5441666666666665
            ],
            [
              -76.20611111111113,
              7.5441666666666665
            ],
            [
              -76.20611111111113,
              7.543888888888889
            ],
            [
              -76.20583333333335,
              7.543888888888889
            ],
            [
              -76.20583333333335,
              7.543611111111111
            ],
            [
              -76.20444444444446,
              7.543611111111111
            ],
            [
              -76.20444444444446,
              7.543333333333333
            ],
            [
              -76.2038888888889,
              7.543333333333333
            ],
            [
              -76.2038888888889,
              7.543611111111111
            ],
            [
              -76.20361111111113,
              7.543611111111111
            ],
            [
              -76.20361111111113,
              7.543333333333333
            ],
            [
              -76.20194444444445,
              7.543333333333333
            ],
            [
              -76.20194444444445,
              7.543055555555555
            ],
            [
              -76.19944444444445,
              7.543055555555555
            ],
            [
              -76.19944444444445,
              7.542777777777777
            ],
            [
              -76.19916666666668,
              7.542777777777777
            ],
            [
              -76.19916666666668,
              7.543055555555555
            ],
            [
              -76.1988888888889,
              7.543055555555555
            ],
            [
              -76.1988888888889,
              7.543333333333333
            ],
            [
              -76.19833333333335,
              7.543333333333333
            ],
            [
              -76.19833333333335,
              7.543611111111111
            ],
            [
              -76.19722222222224,
              7.543611111111111
            ],
            [
              -76.19722222222224,
              7.543888888888889
            ],
            [
              -76.19666666666667,
              7.543888888888889
            ],
            [
              -76.19666666666667,
              7.5441666666666665
            ],
            [
              -76.19611111111112,
              7.5441666666666665
            ],
            [
              -76.19611111111112,
              7.544444444444444
            ],
            [
              -76.19583333333334,
              7.544444444444444
            ],
            [
              -76.19583333333334,
              7.544722222222222
            ],
            [
              -76.19555555555557,
              7.544722222222222
            ],
            [
              -76.19555555555557,
              7.545
            ],
            [
              -76.19527777777779,
              7.545
            ],
            [
              -76.19527777777779,
              7.545277777777778
            ],
            [
              -76.19500000000001,
              7.545277777777778
            ],
            [
              -76.19500000000001,
              7.545555555555556
            ],
            [
              -76.19472222222224,
              7.545555555555556
            ],
            [
              -76.19472222222224,
              7.545833333333333
            ],
            [
              -76.19444444444446,
              7.545833333333333
            ],
            [
              -76.19444444444446,
              7.546111111111111
            ],
            [
              -76.19361111111112,
              7.546111111111111
            ],
            [
              -76.19361111111112,
              7.545833333333333
            ],
            [
              -76.19333333333334,
              7.545833333333333
            ],
            [
              -76.19333333333334,
              7.545277777777778
            ],
            [
              -76.19305555555557,
              7.545277777777778
            ],
            [
              -76.19305555555557,
              7.545
            ],
            [
              -76.19277777777779,
              7.545
            ],
            [
              -76.19277777777779,
              7.544722222222222
            ],
            [
              -76.19250000000001,
              7.544722222222222
            ],
            [
              -76.19250000000001,
              7.544444444444444
            ],
            [
              -76.19222222222223,
              7.544444444444444
            ],
            [
              -76.19222222222223,
              7.5441666666666665
            ],
            [
              -76.19194444444446,
              7.5441666666666665
            ],
            [
              -76.19194444444446,
              7.543611111111111
            ],
            [
              -76.19166666666668,
              7.543611111111111
            ],
            [
              -76.19166666666668,
              7.542777777777777
            ],
            [
              -76.1913888888889,
              7.542777777777777
            ],
            [
              -76.1913888888889,
              7.5424999999999995
            ],
            [
              -76.19083333333334,
              7.5424999999999995
            ],
            [
              -76.19083333333334,
              7.542222222222222
            ],
            [
              -76.19055555555556,
              7.542222222222222
            ],
            [
              -76.19055555555556,
              7.541944444444445
            ],
            [
              -76.18916666666668,
              7.541944444444445
            ],
            [
              -76.18916666666668,
              7.542222222222222
            ],
            [
              -76.18805555555556,
              7.542222222222222
            ],
            [
              -76.18805555555556,
              7.5424999999999995
            ],
            [
              -76.18750000000001,
              7.5424999999999995
            ],
            [
              -76.18750000000001,
              7.542222222222222
            ],
            [
              -76.18722222222223,
              7.542222222222222
            ],
            [
              -76.18722222222223,
              7.541666666666666
            ],
            [
              -76.18694444444445,
              7.541666666666666
            ],
            [
              -76.18694444444445,
              7.541111111111111
            ],
            [
              -76.18527777777778,
              7.541111111111111
            ],
            [
              -76.18527777777778,
              7.541388888888889
            ],
            [
              -76.18472222222223,
              7.541388888888889
            ],
            [
              -76.18472222222223,
              7.541666666666666
            ],
            [
              -76.18416666666668,
              7.541666666666666
            ],
            [
              -76.18416666666668,
              7.541388888888889
            ],
            [
              -76.18361111111112,
              7.541388888888889
            ],
            [
              -76.18361111111112,
              7.541111111111111
            ],
            [
              -76.18277777777779,
              7.541111111111111
            ],
            [
              -76.18277777777779,
              7.5408333333333335
            ],
            [
              -76.18250000000002,
              7.5408333333333335
            ],
            [
              -76.18250000000002,
              7.541111111111111
            ],
            [
              -76.18083333333334,
              7.541111111111111
            ],
            [
              -76.18083333333334,
              7.541388888888889
            ],
            [
              -76.18055555555557,
              7.541388888888889
            ],
            [
              -76.18055555555557,
              7.5408333333333335
            ],
            [
              -76.18027777777779,
              7.5408333333333335
            ],
            [
              -76.18027777777779,
              7.540277777777778
            ],
            [
              -76.17194444444446,
              7.540277777777778
            ],
            [
              -76.17194444444446,
              7.5408333333333335
            ],
            [
              -76.17222222222223,
              7.5408333333333335
            ],
            [
              -76.17222222222223,
              7.541944444444445
            ],
            [
              -76.17194444444446,
              7.541944444444445
            ],
            [
              -76.17194444444446,
              7.542777777777777
            ],
            [
              -76.17222222222223,
              7.542777777777777
            ],
            [
              -76.17222222222223,
              7.543333333333333
            ],
            [
              -76.17194444444446,
              7.543333333333333
            ],
            [
              -76.17194444444446,
              7.543611111111111
            ],
            [
              -76.17222222222223,
              7.543611111111111
            ],
            [
              -76.17222222222223,
              7.543888888888889
            ],
            [
              -76.17250000000001,
              7.543888888888889
            ],
            [
              -76.17250000000001,
              7.5441666666666665
            ],
            [
              -76.17305555555556,
              7.5441666666666665
            ],
            [
              -76.17305555555556,
              7.544444444444444
            ],
            [
              -76.17333333333335,
              7.544444444444444
            ],
            [
              -76.17333333333335,
              7.545
            ],
            [
              -76.17361111111113,
              7.545
            ],
            [
              -76.17361111111113,
              7.545555555555556
            ],
            [
              -76.1738888888889,
              7.545555555555556
            ],
            [
              -76.1738888888889,
              7.545833333333333
            ],
            [
              -76.17444444444446,
              7.545833333333333
            ],
            [
              -76.17444444444446,
              7.546666666666667
            ],
            [
              -76.17472222222223,
              7.546666666666667
            ],
            [
              -76.17472222222223,
              7.546944444444445
            ],
            [
              -76.17500000000001,
              7.546944444444445
            ],
            [
              -76.17500000000001,
              7.5472222222222225
            ],
            [
              -76.1752777777778,
              7.5472222222222225
            ],
            [
              -76.1752777777778,
              7.549166666666666
            ],
            [
              -76.17555555555556,
              7.549166666666666
            ],
            [
              -76.17555555555556,
              7.549444444444444
            ],
            [
              -76.1752777777778,
              7.549444444444444
            ],
            [
              -76.1752777777778,
              7.549722222222222
            ],
            [
              -76.17500000000001,
              7.549722222222222
            ],
            [
              -76.17500000000001,
              7.550277777777778
            ],
            [
              -76.1752777777778,
              7.550277777777778
            ],
            [
              -76.1752777777778,
              7.551666666666667
            ],
            [
              -76.17444444444446,
              7.551666666666667
            ],
            [
              -76.17444444444446,
              7.551944444444445
            ],
            [
              -76.17222222222223,
              7.551944444444445
            ],
            [
              -76.17222222222223,
              7.551666666666667
            ],
            [
              -76.17166666666668,
              7.551666666666667
            ],
            [
              -76.17166666666668,
              7.551388888888889
            ],
            [
              -76.17111111111112,
              7.551388888888889
            ],
            [
              -76.17111111111112,
              7.551111111111111
            ],
            [
              -76.17083333333335,
              7.551111111111111
            ],
            [
              -76.17083333333335,
              7.550833333333333
            ],
            [
              -76.17055555555557,
              7.550833333333333
            ],
            [
              -76.17055555555557,
              7.5505555555555555
            ],
            [
              -76.17027777777778,
              7.5505555555555555
            ],
            [
              -76.17027777777778,
              7.550277777777778
            ],
            [
              -76.17000000000002,
              7.550277777777778
            ],
            [
              -76.17000000000002,
              7.55
            ],
            [
              -76.16972222222223,
              7.55
            ],
            [
              -76.16972222222223,
              7.549722222222222
            ],
            [
              -76.16916666666668,
              7.549722222222222
            ],
            [
              -76.16916666666668,
              7.549444444444444
            ],
            [
              -76.16833333333335,
              7.549444444444444
            ],
            [
              -76.16833333333335,
              7.549166666666666
            ],
            [
              -76.16777777777779,
              7.549166666666666
            ],
            [
              -76.16777777777779,
              7.5488888888888885
            ],
            [
              -76.16666666666669,
              7.5488888888888885
            ],
            [
              -76.16666666666669,
              7.548611111111111
            ],
            [
              -76.16611111111112,
              7.548611111111111
            ],
            [
              -76.16611111111112,
              7.5488888888888885
            ],
            [
              -76.16472222222224,
              7.5488888888888885
            ],
            [
              -76.16472222222224,
              7.549166666666666
            ],
            [
              -76.16444444444446,
              7.549166666666666
            ],
            [
              -76.16444444444446,
              7.549444444444444
            ],
            [
              -76.16416666666667,
              7.549444444444444
            ],
            [
              -76.16416666666667,
              7.549722222222222
            ],
            [
              -76.1638888888889,
              7.549722222222222
            ],
            [
              -76.1638888888889,
              7.550277777777778
            ],
            [
              -76.16361111111112,
              7.550277777777778
            ],
            [
              -76.16361111111112,
              7.5505555555555555
            ],
            [
              -76.16333333333334,
              7.5505555555555555
            ],
            [
              -76.16333333333334,
              7.551111111111111
            ],
            [
              -76.16305555555557,
              7.551111111111111
            ],
            [
              -76.16305555555557,
              7.551388888888889
            ],
            [
              -76.16277777777779,
              7.551388888888889
            ],
            [
              -76.16277777777779,
              7.551666666666667
            ],
            [
              -76.16250000000001,
              7.551666666666667
            ],
            [
              -76.16250000000001,
              7.551944444444445
            ],
            [
              -76.16222222222224,
              7.551944444444445
            ],
            [
              -76.16222222222224,
              7.551666666666667
            ],
            [
              -76.1613888888889,
              7.551666666666667
            ],
            [
              -76.1613888888889,
              7.551944444444445
            ],
            [
              -76.16083333333334,
              7.551944444444445
            ],
            [
              -76.16083333333334,
              7.552222222222222
            ],
            [
              -76.16055555555556,
              7.552222222222222
            ],
            [
              -76.16055555555556,
              7.551944444444445
            ],
            [
              -76.16000000000001,
              7.551944444444445
            ],
            [
              -76.16000000000001,
              7.552222222222222
            ],
            [
              -76.15972222222223,
              7.552222222222222
            ],
            [
              -76.15972222222223,
              7.5525
            ],
            [
              -76.15944444444446,
              7.5525
            ],
            [
              -76.15944444444446,
              7.552777777777777
            ],
            [
              -76.15916666666668,
              7.552777777777777
            ],
            [
              -76.15916666666668,
              7.553055555555556
            ],
            [
              -76.1588888888889,
              7.553055555555556
            ],
            [
              -76.1588888888889,
              7.553333333333333
            ],
            [
              -76.15861111111113,
              7.553333333333333
            ],
            [
              -76.15861111111113,
              7.553611111111111
            ],
            [
              -76.15833333333335,
              7.553611111111111
            ],
            [
              -76.15833333333335,
              7.554166666666666
            ],
            [
              -76.15805555555556,
              7.554166666666666
            ],
            [
              -76.15805555555556,
              7.554444444444444
            ],
            [
              -76.1577777777778,
              7.554444444444444
            ],
            [
              -76.1577777777778,
              7.554722222222222
            ],
            [
              -76.15722222222223,
              7.554722222222222
            ],
            [
              -76.15722222222223,
              7.5552777777777775
            ],
            [
              -76.15694444444446,
              7.5552777777777775
            ],
            [
              -76.15694444444446,
              7.557222222222222
            ],
            [
              -76.15666666666668,
              7.557222222222222
            ],
            [
              -76.15666666666668,
              7.557777777777778
            ],
            [
              -76.1563888888889,
              7.557777777777778
            ],
            [
              -76.1563888888889,
              7.558055555555556
            ],
            [
              -76.15611111111113,
              7.558055555555556
            ],
            [
              -76.15611111111113,
              7.558333333333334
            ],
            [
              -76.15583333333335,
              7.558333333333334
            ],
            [
              -76.15583333333335,
              7.5586111111111105
            ],
            [
              -76.15555555555557,
              7.5586111111111105
            ],
            [
              -76.15555555555557,
              7.558888888888889
            ],
            [
              -76.15527777777778,
              7.558888888888889
            ],
            [
              -76.15527777777778,
              7.559166666666666
            ],
            [
              -76.15500000000002,
              7.559166666666666
            ],
            [
              -76.15500000000002,
              7.559444444444444
            ],
            [
              -76.15472222222223,
              7.559444444444444
            ],
            [
              -76.15472222222223,
              7.56
            ],
            [
              -76.15444444444445,
              7.56
            ],
            [
              -76.15444444444445,
              7.560277777777777
            ],
            [
              -76.15416666666668,
              7.560277777777777
            ],
            [
              -76.15416666666668,
              7.560833333333333
            ],
            [
              -76.1538888888889,
              7.560833333333333
            ],
            [
              -76.1538888888889,
              7.5616666666666665
            ],
            [
              -76.15333333333335,
              7.5616666666666665
            ],
            [
              -76.15333333333335,
              7.561944444444444
            ],
            [
              -76.15222222222224,
              7.561944444444444
            ],
            [
              -76.15222222222224,
              7.562222222222222
            ],
            [
              -76.15194444444445,
              7.562222222222222
            ],
            [
              -76.15194444444445,
              7.5625
            ],
            [
              -76.15166666666669,
              7.5625
            ],
            [
              -76.15166666666669,
              7.561944444444444
            ],
            [
              -76.1513888888889,
              7.561944444444444
            ],
            [
              -76.1513888888889,
              7.561111111111111
            ],
            [
              -76.15111111111112,
              7.561111111111111
            ],
            [
              -76.15111111111112,
              7.56
            ],
            [
              -76.15083333333334,
              7.56
            ],
            [
              -76.15083333333334,
              7.559444444444444
            ],
            [
              -76.15055555555557,
              7.559444444444444
            ],
            [
              -76.15055555555557,
              7.558888888888889
            ],
            [
              -76.15027777777779,
              7.558888888888889
            ],
            [
              -76.15027777777779,
              7.5586111111111105
            ],
            [
              -76.14944444444446,
              7.5586111111111105
            ],
            [
              -76.14944444444446,
              7.558333333333334
            ],
            [
              -76.1488888888889,
              7.558333333333334
            ],
            [
              -76.1488888888889,
              7.557222222222222
            ],
            [
              -76.14916666666667,
              7.557222222222222
            ],
            [
              -76.14916666666667,
              7.556111111111111
            ],
            [
              -76.1488888888889,
              7.556111111111111
            ],
            [
              -76.1488888888889,
              7.554444444444444
            ],
            [
              -76.14861111111112,
              7.554444444444444
            ],
            [
              -76.14861111111112,
              7.5525
            ],
            [
              -76.1488888888889,
              7.5525
            ],
            [
              -76.1488888888889,
              7.551944444444445
            ],
            [
              -76.14861111111112,
              7.551944444444445
            ],
            [
              -76.14861111111112,
              7.551666666666667
            ],
            [
              -76.14833333333334,
              7.551666666666667
            ],
            [
              -76.14833333333334,
              7.551388888888889
            ],
            [
              -76.14805555555557,
              7.551388888888889
            ],
            [
              -76.14805555555557,
              7.551111111111111
            ],
            [
              -76.14777777777779,
              7.551111111111111
            ],
            [
              -76.14777777777779,
              7.5505555555555555
            ],
            [
              -76.14750000000001,
              7.5505555555555555
            ],
            [
              -76.14750000000001,
              7.550277777777778
            ],
            [
              -76.14722222222224,
              7.550277777777778
            ],
            [
              -76.14722222222224,
              7.55
            ],
            [
              -76.14694444444446,
              7.55
            ],
            [
              -76.14694444444446,
              7.549722222222222
            ],
            [
              -76.14666666666668,
              7.549722222222222
            ],
            [
              -76.14666666666668,
              7.549444444444444
            ],
            [
              -76.14638888888891,
              7.549444444444444
            ],
            [
              -76.14638888888891,
              7.548333333333333
            ],
            [
              -76.14611111111113,
              7.548333333333333
            ],
            [
              -76.14611111111113,
              7.547499999999999
            ],
            [
              -76.14583333333334,
              7.547499999999999
            ],
            [
              -76.14583333333334,
              7.5472222222222225
            ],
            [
              -76.14555555555556,
              7.5472222222222225
            ],
            [
              -76.14555555555556,
              7.546666666666667
            ],
            [
              -76.14527777777779,
              7.546666666666667
            ],
            [
              -76.14527777777779,
              7.544444444444444
            ],
            [
              -76.14555555555556,
              7.544444444444444
            ],
            [
              -76.14555555555556,
              7.5441666666666665
            ],
            [
              -76.14583333333334,
              7.5441666666666665
            ],
            [
              -76.14583333333334,
              7.543888888888889
            ],
            [
              -76.14555555555556,
              7.543888888888889
            ],
            [
              -76.14555555555556,
              7.543333333333333
            ],
            [
              -76.14527777777779,
              7.543333333333333
            ],
            [
              -76.14527777777779,
              7.543055555555555
            ],
            [
              -76.14444444444446,
              7.543055555555555
            ],
            [
              -76.14444444444446,
              7.543333333333333
            ],
            [
              -76.1438888888889,
              7.543333333333333
            ],
            [
              -76.1438888888889,
              7.543611111111111
            ],
            [
              -76.14305555555556,
              7.543611111111111
            ],
            [
              -76.14305555555556,
              7.543888888888889
            ],
            [
              -76.14222222222223,
              7.543888888888889
            ],
            [
              -76.14222222222223,
              7.5441666666666665
            ],
            [
              -76.14111111111113,
              7.5441666666666665
            ],
            [
              -76.14111111111113,
              7.543888888888889
            ],
            [
              -76.14083333333335,
              7.543888888888889
            ],
            [
              -76.14083333333335,
              7.543611111111111
            ],
            [
              -76.14055555555557,
              7.543611111111111
            ],
            [
              -76.14055555555557,
              7.543333333333333
            ],
            [
              -76.14000000000001,
              7.543333333333333
            ],
            [
              -76.14000000000001,
              7.543055555555555
            ],
            [
              -76.13972222222223,
              7.543055555555555
            ],
            [
              -76.13972222222223,
              7.5424999999999995
            ],
            [
              -76.13944444444445,
              7.5424999999999995
            ],
            [
              -76.13944444444445,
              7.542222222222222
            ],
            [
              -76.13916666666668,
              7.542222222222222
            ],
            [
              -76.13916666666668,
              7.541944444444445
            ],
            [
              -76.1388888888889,
              7.541944444444445
            ],
            [
              -76.1388888888889,
              7.541666666666666
            ],
            [
              -76.13777777777779,
              7.541666666666666
            ],
            [
              -76.13777777777779,
              7.541388888888889
            ],
            [
              -76.13666666666668,
              7.541388888888889
            ],
            [
              -76.13666666666668,
              7.541666666666666
            ],
            [
              -76.13611111111112,
              7.541666666666666
            ],
            [
              -76.13611111111112,
              7.541944444444445
            ],
            [
              -76.135,
              7.541944444444445
            ],
            [
              -76.135,
              7.542222222222222
            ],
            [
              -76.13472222222224,
              7.542222222222222
            ],
            [
              -76.13472222222224,
              7.542777777777777
            ],
            [
              -76.13416666666667,
              7.542777777777777
            ],
            [
              -76.13416666666667,
              7.543055555555555
            ],
            [
              -76.13333333333334,
              7.543055555555555
            ],
            [
              -76.13333333333334,
              7.543333333333333
            ],
            [
              -76.13305555555557,
              7.543333333333333
            ],
            [
              -76.13305555555557,
              7.543611111111111
            ],
            [
              -76.13277777777779,
              7.543611111111111
            ],
            [
              -76.13277777777779,
              7.543888888888889
            ],
            [
              -76.13250000000001,
              7.543888888888889
            ],
            [
              -76.13250000000001,
              7.5441666666666665
            ],
            [
              -76.13222222222224,
              7.5441666666666665
            ],
            [
              -76.13222222222224,
              7.544444444444444
            ],
            [
              -76.13194444444446,
              7.544444444444444
            ],
            [
              -76.13194444444446,
              7.5441666666666665
            ],
            [
              -76.13083333333334,
              7.5441666666666665
            ],
            [
              -76.13083333333334,
              7.544444444444444
            ],
            [
              -76.13000000000001,
              7.544444444444444
            ],
            [
              -76.13000000000001,
              7.5441666666666665
            ],
            [
              -76.12972222222223,
              7.5441666666666665
            ],
            [
              -76.12972222222223,
              7.543888888888889
            ],
            [
              -76.12916666666668,
              7.543888888888889
            ],
            [
              -76.12916666666668,
              7.543611111111111
            ],
            [
              -76.1288888888889,
              7.543611111111111
            ],
            [
              -76.1288888888889,
              7.543888888888889
            ],
            [
              -76.12861111111113,
              7.543888888888889
            ],
            [
              -76.12861111111113,
              7.5441666666666665
            ],
            [
              -76.12833333333334,
              7.5441666666666665
            ],
            [
              -76.12833333333334,
              7.544444444444444
            ],
            [
              -76.12722222222223,
              7.544444444444444
            ],
            [
              -76.12722222222223,
              7.544722222222222
            ],
            [
              -76.12694444444446,
              7.544722222222222
            ],
            [
              -76.12694444444446,
              7.545
            ],
            [
              -76.12666666666668,
              7.545
            ],
            [
              -76.12666666666668,
              7.545277777777778
            ],
            [
              -76.12583333333335,
              7.545277777777778
            ],
            [
              -76.12583333333335,
              7.545555555555556
            ],
            [
              -76.1252777777778,
              7.545555555555556
            ],
            [
              -76.1252777777778,
              7.546388888888889
            ],
            [
              -76.12555555555556,
              7.546388888888889
            ],
            [
              -76.12555555555556,
              7.546944444444445
            ],
            [
              -76.1252777777778,
              7.546944444444445
            ],
            [
              -76.1252777777778,
              7.5472222222222225
            ],
            [
              -76.12500000000001,
              7.5472222222222225
            ],
            [
              -76.12500000000001,
              7.548055555555555
            ],
            [
              -76.12472222222223,
              7.548055555555555
            ],
            [
              -76.12472222222223,
              7.548333333333333
            ],
            [
              -76.12444444444445,
              7.548333333333333
            ],
            [
              -76.12444444444445,
              7.548611111111111
            ],
            [
              -76.12416666666668,
              7.548611111111111
            ],
            [
              -76.12416666666668,
              7.5488888888888885
            ],
            [
              -76.1238888888889,
              7.5488888888888885
            ],
            [
              -76.1238888888889,
              7.549444444444444
            ],
            [
              -76.12361111111112,
              7.549444444444444
            ],
            [
              -76.12361111111112,
              7.55
            ],
            [
              -76.12333333333335,
              7.55
            ],
            [
              -76.12333333333335,
              7.550277777777778
            ],
            [
              -76.12305555555557,
              7.550277777777778
            ],
            [
              -76.12305555555557,
              7.55
            ],
            [
              -76.12111111111112,
              7.55
            ],
            [
              -76.12111111111112,
              7.550277777777778
            ],
            [
              -76.12027777777779,
              7.550277777777778
            ],
            [
              -76.12027777777779,
              7.55
            ],
            [
              -76.12000000000002,
              7.55
            ],
            [
              -76.12000000000002,
              7.549722222222222
            ],
            [
              -76.1188888888889,
              7.549722222222222
            ],
            [
              -76.1188888888889,
              7.5488888888888885
            ],
            [
              -76.11861111111112,
              7.5488888888888885
            ],
            [
              -76.11861111111112,
              7.548611111111111
            ],
            [
              -76.1188888888889,
              7.548611111111111
            ],
            [
              -76.1188888888889,
              7.548333333333333
            ],
            [
              -76.11861111111112,
              7.548333333333333
            ],
            [
              -76.11861111111112,
              7.547499999999999
            ],
            [
              -76.11833333333334,
              7.547499999999999
            ],
            [
              -76.11833333333334,
              7.546666666666667
            ],
            [
              -76.11777777777779,
              7.546666666666667
            ],
            [
              -76.11777777777779,
              7.546388888888889
            ],
            [
              -76.1175,
              7.546388888888889
            ],
            [
              -76.1175,
              7.546111111111111
            ],
            [
              -76.11722222222224,
              7.546111111111111
            ],
            [
              -76.11722222222224,
              7.545833333333333
            ],
            [
              -76.11694444444446,
              7.545833333333333
            ],
            [
              -76.11694444444446,
              7.544444444444444
            ],
            [
              -76.11666666666667,
              7.544444444444444
            ],
            [
              -76.11666666666667,
              7.5441666666666665
            ],
            [
              -76.11555555555557,
              7.5441666666666665
            ],
            [
              -76.11555555555557,
              7.543888888888889
            ],
            [
              -76.11500000000001,
              7.543888888888889
            ],
            [
              -76.11500000000001,
              7.543611111111111
            ],
            [
              -76.11472222222224,
              7.543611111111111
            ],
            [
              -76.11472222222224,
              7.543333333333333
            ],
            [
              -76.11416666666668,
              7.543333333333333
            ],
            [
              -76.11416666666668,
              7.543055555555555
            ],
            [
              -76.1138888888889,
              7.543055555555555
            ],
            [
              -76.1138888888889,
              7.5424999999999995
            ],
            [
              -76.11361111111113,
              7.5424999999999995
            ],
            [
              -76.11361111111113,
              7.541944444444445
            ],
            [
              -76.11333333333334,
              7.541944444444445
            ],
            [
              -76.11333333333334,
              7.541666666666666
            ],
            [
              -76.11194444444446,
              7.541666666666666
            ],
            [
              -76.11194444444446,
              7.541388888888889
            ],
            [
              -76.11166666666668,
              7.541388888888889
            ],
            [
              -76.11166666666668,
              7.541111111111111
            ],
            [
              -76.1113888888889,
              7.541111111111111
            ],
            [
              -76.1113888888889,
              7.5408333333333335
            ],
            [
              -76.11083333333335,
              7.5408333333333335
            ],
            [
              -76.11083333333335,
              7.541111111111111
            ],
            [
              -76.10944444444446,
              7.541111111111111
            ],
            [
              -76.10944444444446,
              7.541388888888889
            ],
            [
              -76.10916666666668,
              7.541388888888889
            ],
            [
              -76.10916666666668,
              7.541111111111111
            ],
            [
              -76.10750000000002,
              7.541111111111111
            ],
            [
              -76.10750000000002,
              7.541388888888889
            ],
            [
              -76.10722222222223,
              7.541388888888889
            ],
            [
              -76.10722222222223,
              7.542222222222222
            ],
            [
              -76.10750000000002,
              7.542222222222222
            ],
            [
              -76.10750000000002,
              7.542777777777777
            ],
            [
              -76.10583333333335,
              7.542777777777777
            ],
            [
              -76.10583333333335,
              7.543055555555555
            ],
            [
              -76.10555555555557,
              7.543055555555555
            ],
            [
              -76.10555555555557,
              7.542777777777777
            ],
            [
              -76.10527777777779,
              7.542777777777777
            ],
            [
              -76.10527777777779,
              7.5424999999999995
            ],
            [
              -76.10500000000002,
              7.5424999999999995
            ],
            [
              -76.10500000000002,
              7.541666666666666
            ],
            [
              -76.10527777777779,
              7.541666666666666
            ],
            [
              -76.10527777777779,
              7.541388888888889
            ],
            [
              -76.10472222222224,
              7.541388888888889
            ],
            [
              -76.10472222222224,
              7.540555555555556
            ],
            [
              -76.10444444444445,
              7.540555555555556
            ],
            [
              -76.10444444444445,
              7.540277777777778
            ],
            [
              -76.10166666666667,
              7.540277777777778
            ],
            [
              -76.10166666666667,
              7.540555555555556
            ],
            [
              -76.1013888888889,
              7.540555555555556
            ],
            [
              -76.1013888888889,
              7.5408333333333335
            ],
            [
              -76.09916666666668,
              7.5408333333333335
            ],
            [
              -76.09916666666668,
              7.541111111111111
            ],
            [
              -76.09861111111113,
              7.541111111111111
            ],
            [
              -76.09861111111113,
              7.541388888888889
            ],
            [
              -76.09694444444446,
              7.541388888888889
            ],
            [
              -76.09694444444446,
              7.541111111111111
            ],
            [
              -76.0963888888889,
              7.541111111111111
            ],
            [
              -76.0963888888889,
              7.5408333333333335
            ],
            [
              -76.09555555555556,
              7.5408333333333335
            ],
            [
              -76.09555555555556,
              7.540555555555556
            ],
            [
              -76.09500000000001,
              7.540555555555556
            ],
            [
              -76.09500000000001,
              7.540277777777778
            ],
            [
              -76.09333333333335,
              7.540277777777778
            ],
            [
              -76.09333333333335,
              7.540555555555556
            ],
            [
              -76.09277777777778,
              7.540555555555556
            ],
            [
              -76.09277777777778,
              7.5408333333333335
            ],
            [
              -76.09222222222223,
              7.5408333333333335
            ],
            [
              -76.09222222222223,
              7.540555555555556
            ],
            [
              -76.09194444444445,
              7.540555555555556
            ],
            [
              -76.09194444444445,
              7.5408333333333335
            ],
            [
              -76.0913888888889,
              7.5408333333333335
            ],
            [
              -76.0913888888889,
              7.541111111111111
            ],
            [
              -76.09111111111112,
              7.541111111111111
            ],
            [
              -76.09111111111112,
              7.541388888888889
            ],
            [
              -76.09055555555557,
              7.541388888888889
            ],
            [
              -76.09055555555557,
              7.541944444444445
            ],
            [
              -76.09027777777779,
              7.541944444444445
            ],
            [
              -76.09027777777779,
              7.542222222222222
            ],
            [
              -76.08500000000001,
              7.542222222222222
            ],
            [
              -76.08500000000001,
              7.541944444444445
            ],
            [
              -76.08472222222224,
              7.541944444444445
            ],
            [
              -76.08472222222224,
              7.542222222222222
            ],
            [
              -76.08388888888891,
              7.542222222222222
            ],
            [
              -76.08388888888891,
              7.5424999999999995
            ],
            [
              -76.08333333333334,
              7.5424999999999995
            ],
            [
              -76.08333333333334,
              7.542222222222222
            ],
            [
              -76.08305555555556,
              7.542222222222222
            ],
            [
              -76.08305555555556,
              7.541944444444445
            ],
            [
              -76.08250000000001,
              7.541944444444445
            ],
            [
              -76.08250000000001,
              7.541666666666666
            ],
            [
              -76.08222222222223,
              7.541666666666666
            ],
            [
              -76.08222222222223,
              7.541388888888889
            ],
            [
              -76.08194444444446,
              7.541388888888889
            ],
            [
              -76.08194444444446,
              7.5408333333333335
            ],
            [
              -76.08166666666668,
              7.5408333333333335
            ],
            [
              -76.08166666666668,
              7.540555555555556
            ],
            [
              -76.08111111111113,
              7.540555555555556
            ],
            [
              -76.08111111111113,
              7.5408333333333335
            ],
            [
              -76.08055555555556,
              7.5408333333333335
            ],
            [
              -76.08055555555556,
              7.541666666666666
            ],
            [
              -76.0802777777778,
              7.541666666666666
            ],
            [
              -76.0802777777778,
              7.542222222222222
            ],
            [
              -76.08055555555556,
              7.542222222222222
            ],
            [
              -76.08055555555556,
              7.5424999999999995
            ],
            [
              -76.08083333333335,
              7.5424999999999995
            ],
            [
              -76.08083333333335,
              7.543333333333333
            ],
            [
              -76.08055555555556,
              7.543333333333333
            ],
            [
              -76.08055555555556,
              7.5441666666666665
            ],
            [
              -76.0802777777778,
              7.5441666666666665
            ],
            [
              -76.0802777777778,
              7.544444444444444
            ],
            [
              -76.08000000000001,
              7.544444444444444
            ],
            [
              -76.08000000000001,
              7.544722222222222
            ],
            [
              -76.07972222222223,
              7.544722222222222
            ],
            [
              -76.07972222222223,
              7.5441666666666665
            ],
            [
              -76.07944444444446,
              7.5441666666666665
            ],
            [
              -76.07944444444446,
              7.544444444444444
            ],
            [
              -76.07722222222223,
              7.544444444444444
            ],
            [
              -76.07722222222223,
              7.545
            ],
            [
              -76.07694444444445,
              7.545
            ],
            [
              -76.07694444444445,
              7.545277777777778
            ],
            [
              -76.0763888888889,
              7.545277777777778
            ],
            [
              -76.0763888888889,
              7.545555555555556
            ],
            [
              -76.07583333333335,
              7.545555555555556
            ],
            [
              -76.07583333333335,
              7.545833333333333
            ],
            [
              -76.07527777777779,
              7.545833333333333
            ],
            [
              -76.07527777777779,
              7.546111111111111
            ],
            [
              -76.07416666666668,
              7.546111111111111
            ],
            [
              -76.07416666666668,
              7.546388888888889
            ],
            [
              -76.0738888888889,
              7.546388888888889
            ],
            [
              -76.0738888888889,
              7.546666666666667
            ],
            [
              -76.07361111111112,
              7.546666666666667
            ],
            [
              -76.07361111111112,
              7.546944444444445
            ],
            [
              -76.07333333333335,
              7.546944444444445
            ],
            [
              -76.07333333333335,
              7.547777777777777
            ],
            [
              -76.07277777777779,
              7.547777777777777
            ],
            [
              -76.07277777777779,
              7.548333333333333
            ],
            [
              -76.07166666666667,
              7.548333333333333
            ],
            [
              -76.07166666666667,
              7.547777777777777
            ],
            [
              -76.0713888888889,
              7.547777777777777
            ],
            [
              -76.0713888888889,
              7.547499999999999
            ],
            [
              -76.07111111111112,
              7.547499999999999
            ],
            [
              -76.07111111111112,
              7.5472222222222225
            ],
            [
              -76.07083333333334,
              7.5472222222222225
            ],
            [
              -76.07083333333334,
              7.546944444444445
            ],
            [
              -76.07000000000001,
              7.546944444444445
            ],
            [
              -76.07000000000001,
              7.546666666666667
            ],
            [
              -76.06972222222224,
              7.546666666666667
            ],
            [
              -76.06972222222224,
              7.546388888888889
            ],
            [
              -76.06944444444446,
              7.546388888888889
            ],
            [
              -76.06944444444446,
              7.545555555555556
            ],
            [
              -76.0688888888889,
              7.545555555555556
            ],
            [
              -76.0688888888889,
              7.545277777777778
            ],
            [
              -76.06861111111112,
              7.545277777777778
            ],
            [
              -76.06861111111112,
              7.545
            ],
            [
              -76.06666666666668,
              7.545
            ],
            [
              -76.06666666666668,
              7.545555555555556
            ],
            [
              -76.06583333333334,
              7.545555555555556
            ],
            [
              -76.06583333333334,
              7.545833333333333
            ],
            [
              -76.0652777777778,
              7.545833333333333
            ],
            [
              -76.0652777777778,
              7.546111111111111
            ],
            [
              -76.06416666666668,
              7.546111111111111
            ],
            [
              -76.06416666666668,
              7.546388888888889
            ],
            [
              -76.06361111111113,
              7.546388888888889
            ],
            [
              -76.06361111111113,
              7.546111111111111
            ],
            [
              -76.06305555555556,
              7.546111111111111
            ],
            [
              -76.06305555555556,
              7.545833333333333
            ],
            [
              -76.05944444444445,
              7.545833333333333
            ],
            [
              -76.05944444444445,
              7.545555555555556
            ],
            [
              -76.05916666666668,
              7.545555555555556
            ],
            [
              -76.05916666666668,
              7.545277777777778
            ],
            [
              -76.05861111111112,
              7.545277777777778
            ],
            [
              -76.05861111111112,
              7.545
            ],
            [
              -76.05722222222224,
              7.545
            ],
            [
              -76.05722222222224,
              7.545277777777778
            ],
            [
              -76.05555555555557,
              7.545277777777778
            ],
            [
              -76.05555555555557,
              7.545
            ],
            [
              -76.05527777777779,
              7.545
            ],
            [
              -76.05527777777779,
              7.544722222222222
            ],
            [
              -76.0538888888889,
              7.544722222222222
            ],
            [
              -76.0538888888889,
              7.544444444444444
            ],
            [
              -76.05333333333334,
              7.544444444444444
            ],
            [
              -76.05333333333334,
              7.5441666666666665
            ],
            [
              -76.05305555555557,
              7.5441666666666665
            ],
            [
              -76.05305555555557,
              7.543611111111111
            ],
            [
              -76.05277777777779,
              7.543611111111111
            ],
            [
              -76.05277777777779,
              7.543333333333333
            ],
            [
              -76.05250000000001,
              7.543333333333333
            ],
            [
              -76.05250000000001,
              7.543055555555555
            ],
            [
              -76.05194444444446,
              7.543055555555555
            ],
            [
              -76.05194444444446,
              7.543333333333333
            ],
            [
              -76.05111111111113,
              7.543333333333333
            ],
            [
              -76.05111111111113,
              7.543055555555555
            ],
            [
              -76.05083333333334,
              7.543055555555555
            ],
            [
              -76.05083333333334,
              7.543333333333333
            ],
            [
              -76.05055555555556,
              7.543333333333333
            ],
            [
              -76.05055555555556,
              7.543611111111111
            ],
            [
              -76.0502777777778,
              7.543611111111111
            ],
            [
              -76.0502777777778,
              7.543888888888889
            ],
            [
              -76.04944444444446,
              7.543888888888889
            ],
            [
              -76.04944444444446,
              7.543611111111111
            ],
            [
              -76.0488888888889,
              7.543611111111111
            ],
            [
              -76.0488888888889,
              7.543888888888889
            ],
            [
              -76.04861111111113,
              7.543888888888889
            ],
            [
              -76.04861111111113,
              7.543611111111111
            ],
            [
              -76.04833333333335,
              7.543611111111111
            ],
            [
              -76.04833333333335,
              7.543333333333333
            ],
            [
              -76.04805555555556,
              7.543333333333333
            ],
            [
              -76.04805555555556,
              7.543055555555555
            ],
            [
              -76.04750000000001,
              7.543055555555555
            ],
            [
              -76.04750000000001,
              7.542777777777777
            ],
            [
              -76.04694444444446,
              7.542777777777777
            ],
            [
              -76.04694444444446,
              7.5424999999999995
            ],
            [
              -76.04666666666668,
              7.5424999999999995
            ],
            [
              -76.04666666666668,
              7.542222222222222
            ],
            [
              -76.04611111111112,
              7.542222222222222
            ],
            [
              -76.04611111111112,
              7.541944444444445
            ],
            [
              -76.04500000000002,
              7.541944444444445
            ],
            [
              -76.04500000000002,
              7.542222222222222
            ],
            [
              -76.04444444444445,
              7.542222222222222
            ],
            [
              -76.04444444444445,
              7.5424999999999995
            ],
            [
              -76.0438888888889,
              7.5424999999999995
            ],
            [
              -76.0438888888889,
              7.542222222222222
            ],
            [
              -76.04222222222224,
              7.542222222222222
            ],
            [
              -76.04222222222224,
              7.541944444444445
            ],
            [
              -76.04166666666669,
              7.541944444444445
            ],
            [
              -76.04166666666669,
              7.541666666666666
            ],
            [
              -76.04083333333334,
              7.541666666666666
            ],
            [
              -76.04083333333334,
              7.541388888888889
            ],
            [
              -76.04027777777779,
              7.541388888888889
            ],
            [
              -76.04027777777779,
              7.541111111111111
            ],
            [
              -76.03833333333334,
              7.541111111111111
            ],
            [
              -76.03833333333334,
              7.541388888888889
            ],
            [
              -76.03750000000001,
              7.541388888888889
            ],
            [
              -76.03750000000001,
              7.541666666666666
            ],
            [
              -76.03666666666668,
              7.541666666666666
            ],
            [
              -76.03666666666668,
              7.541944444444445
            ],
            [
              -76.03611111111113,
              7.541944444444445
            ],
            [
              -76.03611111111113,
              7.542222222222222
            ],
            [
              -76.0352777777778,
              7.542222222222222
            ],
            [
              -76.0352777777778,
              7.541944444444445
            ],
            [
              -76.03472222222223,
              7.541944444444445
            ],
            [
              -76.03472222222223,
              7.5424999999999995
            ],
            [
              -76.03444444444446,
              7.5424999999999995
            ],
            [
              -76.03444444444446,
              7.543333333333333
            ],
            [
              -76.03416666666668,
              7.543333333333333
            ],
            [
              -76.03416666666668,
              7.543611111111111
            ],
            [
              -76.03361111111113,
              7.543611111111111
            ],
            [
              -76.03361111111113,
              7.543888888888889
            ],
            [
              -76.03333333333335,
              7.543888888888889
            ],
            [
              -76.03333333333335,
              7.544722222222222
            ],
            [
              -76.03305555555556,
              7.544722222222222
            ],
            [
              -76.03305555555556,
              7.545277777777778
            ],
            [
              -76.03222222222223,
              7.545277777777778
            ],
            [
              -76.03222222222223,
              7.545555555555556
            ],
            [
              -76.03194444444446,
              7.545555555555556
            ],
            [
              -76.03194444444446,
              7.545277777777778
            ],
            [
              -76.03166666666668,
              7.545277777777778
            ],
            [
              -76.03166666666668,
              7.545
            ],
            [
              -76.0313888888889,
              7.545
            ],
            [
              -76.0313888888889,
              7.544722222222222
            ],
            [
              -76.03111111111113,
              7.544722222222222
            ],
            [
              -76.03111111111113,
              7.544444444444444
            ],
            [
              -76.02944444444445,
              7.544444444444444
            ],
            [
              -76.02944444444445,
              7.544722222222222
            ],
            [
              -76.0288888888889,
              7.544722222222222
            ],
            [
              -76.0288888888889,
              7.545
            ],
            [
              -76.02861111111112,
              7.545
            ],
            [
              -76.02861111111112,
              7.545277777777778
            ],
            [
              -76.02750000000002,
              7.545277777777778
            ],
            [
              -76.02750000000002,
              7.545
            ],
            [
              -76.02611111111112,
              7.545
            ],
            [
              -76.02611111111112,
              7.545277777777778
            ],
            [
              -76.02555555555557,
              7.545277777777778
            ],
            [
              -76.02555555555557,
              7.545555555555556
            ],
            [
              -76.02472222222224,
              7.545555555555556
            ],
            [
              -76.02472222222224,
              7.545277777777778
            ],
            [
              -76.0238888888889,
              7.545277777777778
            ],
            [
              -76.0238888888889,
              7.545
            ],
            [
              -76.02250000000001,
              7.545
            ],
            [
              -76.02250000000001,
              7.544444444444444
            ],
            [
              -76.02222222222224,
              7.544444444444444
            ],
            [
              -76.02222222222224,
              7.5441666666666665
            ],
            [
              -76.02083333333334,
              7.5441666666666665
            ],
            [
              -76.02083333333334,
              7.544444444444444
            ],
            [
              -76.02055555555556,
              7.544444444444444
            ],
            [
              -76.02055555555556,
              7.545555555555556
            ],
            [
              -76.02027777777779,
              7.545555555555556
            ],
            [
              -76.02027777777779,
              7.546111111111111
            ],
            [
              -76.01944444444446,
              7.546111111111111
            ],
            [
              -76.01944444444446,
              7.546388888888889
            ],
            [
              -76.01916666666668,
              7.546388888888889
            ],
            [
              -76.01916666666668,
              7.547499999999999
            ],
            [
              -76.01944444444446,
              7.547499999999999
            ],
            [
              -76.01944444444446,
              7.547777777777777
            ],
            [
              -76.01972222222223,
              7.547777777777777
            ],
            [
              -76.01972222222223,
              7.5488888888888885
            ],
            [
              -76.01944444444446,
              7.5488888888888885
            ],
            [
              -76.01944444444446,
              7.549166666666666
            ],
            [
              -76.0188888888889,
              7.549166666666666
            ],
            [
              -76.0188888888889,
              7.549444444444444
            ],
            [
              -76.01861111111113,
              7.549444444444444
            ],
            [
              -76.01861111111113,
              7.549166666666666
            ],
            [
              -76.01805555555556,
              7.549166666666666
            ],
            [
              -76.01805555555556,
              7.549722222222222
            ],
            [
              -76.01750000000001,
              7.549722222222222
            ],
            [
              -76.01750000000001,
              7.549444444444444
            ],
            [
              -76.01666666666668,
              7.549444444444444
            ],
            [
              -76.01666666666668,
              7.549166666666666
            ],
            [
              -76.0163888888889,
              7.549166666666666
            ],
            [
              -76.0163888888889,
              7.549444444444444
            ],
            [
              -76.01555555555557,
              7.549444444444444
            ],
            [
              -76.01555555555557,
              7.549166666666666
            ],
            [
              -76.01500000000001,
              7.549166666666666
            ],
            [
              -76.01500000000001,
              7.548055555555555
            ],
            [
              -76.01472222222223,
              7.548055555555555
            ],
            [
              -76.01472222222223,
              7.547777777777777
            ],
            [
              -76.01444444444445,
              7.547777777777777
            ],
            [
              -76.01444444444445,
              7.545555555555556
            ],
            [
              -76.0138888888889,
              7.545555555555556
            ],
            [
              -76.0138888888889,
              7.543888888888889
            ],
            [
              -76.01416666666668,
              7.543888888888889
            ],
            [
              -76.01416666666668,
              7.543333333333333
            ],
            [
              -76.01305555555557,
              7.543333333333333
            ],
            [
              -76.01305555555557,
              7.544722222222222
            ],
            [
              -76.01277777777779,
              7.544722222222222
            ],
            [
              -76.01277777777779,
              7.545
            ],
            [
              -76.01250000000002,
              7.545
            ],
            [
              -76.01250000000002,
              7.545277777777778
            ],
            [
              -76.01166666666668,
              7.545277777777778
            ],
            [
              -76.01166666666668,
              7.545
            ],
            [
              -76.01111111111112,
              7.545
            ],
            [
              -76.01111111111112,
              7.545277777777778
            ],
            [
              -76.01055555555557,
              7.545277777777778
            ],
            [
              -76.01055555555557,
              7.545555555555556
            ],
            [
              -76.00972222222224,
              7.545555555555556
            ],
            [
              -76.00972222222224,
              7.545277777777778
            ],
            [
              -76.00944444444445,
              7.545277777777778
            ],
            [
              -76.00944444444445,
              7.5441666666666665
            ],
            [
              -76.0088888888889,
              7.5441666666666665
            ],
            [
              -76.0088888888889,
              7.543888888888889
            ],
            [
              -76.00833333333334,
              7.543888888888889
            ],
            [
              -76.00833333333334,
              7.5441666666666665
            ],
            [
              -76.00805555555557,
              7.5441666666666665
            ],
            [
              -76.00805555555557,
              7.544722222222222
            ],
            [
              -76.00777777777779,
              7.544722222222222
            ],
            [
              -76.00777777777779,
              7.545
            ],
            [
              -76.00750000000001,
              7.545
            ],
            [
              -76.00750000000001,
              7.545277777777778
            ],
            [
              -76.00694444444446,
              7.545277777777778
            ],
            [
              -76.00694444444446,
              7.545555555555556
            ],
            [
              -76.0063888888889,
              7.545555555555556
            ],
            [
              -76.0063888888889,
              7.545833333333333
            ],
            [
              -76.00583333333334,
              7.545833333333333
            ],
            [
              -76.00583333333334,
              7.546111111111111
            ],
            [
              -76.00527777777779,
              7.546111111111111
            ],
            [
              -76.00527777777779,
              7.546388888888889
            ],
            [
              -76.00500000000001,
              7.546388888888889
            ],
            [
              -76.00500000000001,
              7.546666666666667
            ],
            [
              -76.00472222222223,
              7.546666666666667
            ],
            [
              -76.00472222222223,
              7.546944444444445
            ],
            [
              -76.00444444444446,
              7.546944444444445
            ],
            [
              -76.00444444444446,
              7.549722222222222
            ],
            [
              -76.00416666666668,
              7.549722222222222
            ],
            [
              -76.00416666666668,
              7.550277777777778
            ],
            [
              -76.0038888888889,
              7.550277777777778
            ],
            [
              -76.0038888888889,
              7.5505555555555555
            ],
            [
              -76.00361111111113,
              7.5505555555555555
            ],
            [
              -76.00361111111113,
              7.550833333333333
            ],
            [
              -76.00305555555556,
              7.550833333333333
            ],
            [
              -76.00305555555556,
              7.551111111111111
            ],
            [
              -76.0027777777778,
              7.551111111111111
            ],
            [
              -76.0027777777778,
              7.551388888888889
            ],
            [
              -76.00222222222223,
              7.551388888888889
            ],
            [
              -76.00222222222223,
              7.551111111111111
            ],
            [
              -76.00194444444446,
              7.551111111111111
            ],
            [
              -76.00194444444446,
              7.550833333333333
            ],
            [
              -76.00166666666668,
              7.550833333333333
            ],
            [
              -76.00166666666668,
              7.5505555555555555
            ],
            [
              -76.00111111111113,
              7.5505555555555555
            ],
            [
              -76.00111111111113,
              7.550277777777778
            ],
            [
              -76.00000000000001,
              7.550277777777778
            ],
            [
              -76.00000000000001,
              7.55
            ],
            [
              -75.9988888888889,
              7.55
            ],
            [
              -75.9988888888889,
              7.549722222222222
            ],
            [
              -75.99805555555557,
              7.549722222222222
            ],
            [
              -75.99805555555557,
              7.549444444444444
            ],
            [
              -75.99750000000002,
              7.549444444444444
            ],
            [
              -75.99750000000002,
              7.549166666666666
            ],
            [
              -75.99500000000002,
              7.549166666666666
            ],
            [
              -75.99500000000002,
              7.549444444444444
            ],
            [
              -75.99444444444445,
              7.549444444444444
            ],
            [
              -75.99444444444445,
              7.549166666666666
            ],
            [
              -75.99333333333334,
              7.549166666666666
            ],
            [
              -75.99333333333334,
              7.5488888888888885
            ],
            [
              -75.99305555555557,
              7.5488888888888885
            ],
            [
              -75.99305555555557,
              7.548611111111111
            ],
            [
              -75.99277777777779,
              7.548611111111111
            ],
            [
              -75.99277777777779,
              7.548333333333333
            ],
            [
              -75.99222222222224,
              7.548333333333333
            ],
            [
              -75.99222222222224,
              7.548055555555555
            ],
            [
              -75.99166666666667,
              7.548055555555555
            ],
            [
              -75.99166666666667,
              7.547777777777777
            ],
            [
              -75.9913888888889,
              7.547777777777777
            ],
            [
              -75.9913888888889,
              7.547499999999999
            ],
            [
              -75.99083333333334,
              7.547499999999999
            ],
            [
              -75.99083333333334,
              7.546944444444445
            ],
            [
              -75.99055555555557,
              7.546944444444445
            ],
            [
              -75.99055555555557,
              7.546666666666667
            ],
            [
              -75.99027777777779,
              7.546666666666667
            ],
            [
              -75.99027777777779,
              7.546388888888889
            ],
            [
              -75.99000000000001,
              7.546388888888889
            ],
            [
              -75.99000000000001,
              7.546111111111111
            ],
            [
              -75.98972222222224,
              7.546111111111111
            ],
            [
              -75.98972222222224,
              7.545833333333333
            ],
            [
              -75.98805555555556,
              7.545833333333333
            ],
            [
              -75.98805555555556,
              7.546111111111111
            ],
            [
              -75.98611111111113,
              7.546111111111111
            ],
            [
              -75.98611111111113,
              7.545833333333333
            ],
            [
              -75.98555555555556,
              7.545833333333333
            ],
            [
              -75.98555555555556,
              7.545555555555556
            ],
            [
              -75.9852777777778,
              7.545555555555556
            ],
            [
              -75.9852777777778,
              7.545277777777778
            ],
            [
              -75.98500000000001,
              7.545277777777778
            ],
            [
              -75.98500000000001,
              7.545
            ],
            [
              -75.98472222222223,
              7.545
            ],
            [
              -75.98472222222223,
              7.544722222222222
            ],
            [
              -75.98444444444446,
              7.544722222222222
            ],
            [
              -75.98444444444446,
              7.544444444444444
            ],
            [
              -75.98416666666668,
              7.544444444444444
            ],
            [
              -75.98416666666668,
              7.5441666666666665
            ],
            [
              -75.9838888888889,
              7.5441666666666665
            ],
            [
              -75.9838888888889,
              7.543888888888889
            ],
            [
              -75.98250000000002,
              7.543888888888889
            ],
            [
              -75.98250000000002,
              7.543611111111111
            ],
            [
              -75.98222222222223,
              7.543611111111111
            ],
            [
              -75.98222222222223,
              7.543055555555555
            ],
            [
              -75.98194444444445,
              7.543055555555555
            ],
            [
              -75.98194444444445,
              7.542777777777777
            ],
            [
              -75.98166666666668,
              7.542777777777777
            ],
            [
              -75.98166666666668,
              7.5424999999999995
            ],
            [
              -75.9813888888889,
              7.5424999999999995
            ],
            [
              -75.9813888888889,
              7.541388888888889
            ],
            [
              -75.98111111111112,
              7.541388888888889
            ],
            [
              -75.98111111111112,
              7.541111111111111
            ],
            [
              -75.98083333333335,
              7.541111111111111
            ],
            [
              -75.98083333333335,
              7.5408333333333335
            ],
            [
              -75.98055555555557,
              7.5408333333333335
            ],
            [
              -75.98055555555557,
              7.540277777777778
            ],
            [
              -75.97694444444446,
              7.540277777777778
            ],
            [
              -75.97694444444446,
              7.540555555555556
            ],
            [
              -75.97666666666667,
              7.540555555555556
            ],
            [
              -75.97666666666667,
              7.541111111111111
            ],
            [
              -75.9763888888889,
              7.541111111111111
            ],
            [
              -75.9763888888889,
              7.541666666666666
            ],
            [
              -75.97611111111112,
              7.541666666666666
            ],
            [
              -75.97611111111112,
              7.541944444444445
            ],
            [
              -75.97583333333334,
              7.541944444444445
            ],
            [
              -75.97583333333334,
              7.542222222222222
            ],
            [
              -75.97555555555557,
              7.542222222222222
            ],
            [
              -75.97555555555557,
              7.5424999999999995
            ],
            [
              -75.97500000000001,
              7.5424999999999995
            ],
            [
              -75.97500000000001,
              7.542777777777777
            ],
            [
              -75.97444444444446,
              7.542777777777777
            ],
            [
              -75.97444444444446,
              7.543055555555555
            ],
            [
              -75.97416666666668,
              7.543055555555555
            ],
            [
              -75.97416666666668,
              7.543333333333333
            ],
            [
              -75.9738888888889,
              7.543333333333333
            ],
            [
              -75.9738888888889,
              7.543611111111111
            ],
            [
              -75.97361111111113,
              7.543611111111111
            ],
            [
              -75.97361111111113,
              7.544444444444444
            ],
            [
              -75.97333333333334,
              7.544444444444444
            ],
            [
              -75.97333333333334,
              7.544722222222222
            ],
            [
              -75.97305555555556,
              7.544722222222222
            ],
            [
              -75.97305555555556,
              7.545
            ],
            [
              -75.9727777777778,
              7.545
            ],
            [
              -75.9727777777778,
              7.545277777777778
            ],
            [
              -75.97250000000001,
              7.545277777777778
            ],
            [
              -75.97250000000001,
              7.545555555555556
            ],
            [
              -75.97222222222223,
              7.545555555555556
            ],
            [
              -75.97222222222223,
              7.545833333333333
            ],
            [
              -75.97194444444446,
              7.545833333333333
            ],
            [
              -75.97194444444446,
              7.546111111111111
            ],
            [
              -75.9713888888889,
              7.546111111111111
            ],
            [
              -75.9713888888889,
              7.546388888888889
            ],
            [
              -75.97111111111113,
              7.546388888888889
            ],
            [
              -75.97111111111113,
              7.546666666666667
            ],
            [
              -75.97083333333335,
              7.546666666666667
            ],
            [
              -75.97083333333335,
              7.546944444444445
            ],
            [
              -75.9702777777778,
              7.546944444444445
            ],
            [
              -75.9702777777778,
              7.5472222222222225
            ],
            [
              -75.96972222222223,
              7.5472222222222225
            ],
            [
              -75.96972222222223,
              7.547499999999999
            ],
            [
              -75.96916666666668,
              7.547499999999999
            ],
            [
              -75.96916666666668,
              7.547777777777777
            ],
            [
              -75.9688888888889,
              7.547777777777777
            ],
            [
              -75.9688888888889,
              7.548055555555555
            ],
            [
              -75.96833333333335,
              7.548055555555555
            ],
            [
              -75.96833333333335,
              7.548333333333333
            ],
            [
              -75.96750000000002,
              7.548333333333333
            ],
            [
              -75.96750000000002,
              7.5488888888888885
            ],
            [
              -75.96722222222223,
              7.5488888888888885
            ],
            [
              -75.96722222222223,
              7.550277777777778
            ],
            [
              -75.96694444444445,
              7.550277777777778
            ],
            [
              -75.96694444444445,
              7.551111111111111
            ],
            [
              -75.96666666666668,
              7.551111111111111
            ],
            [
              -75.96666666666668,
              7.551666666666667
            ],
            [
              -75.9663888888889,
              7.551666666666667
            ],
            [
              -75.9663888888889,
              7.5525
            ],
            [
              -75.96611111111112,
              7.5525
            ],
            [
              -75.96611111111112,
              7.552777777777777
            ],
            [
              -75.9663888888889,
              7.552777777777777
            ],
            [
              -75.9663888888889,
              7.553333333333333
            ],
            [
              -75.96611111111112,
              7.553333333333333
            ],
            [
              -75.96611111111112,
              7.553611111111111
            ],
            [
              -75.96583333333335,
              7.553611111111111
            ],
            [
              -75.96583333333335,
              7.553888888888888
            ],
            [
              -75.96555555555557,
              7.553888888888888
            ],
            [
              -75.96555555555557,
              7.554166666666666
            ],
            [
              -75.96527777777779,
              7.554166666666666
            ],
            [
              -75.96527777777779,
              7.554444444444444
            ],
            [
              -75.96444444444445,
              7.554444444444444
            ],
            [
              -75.96444444444445,
              7.554722222222222
            ],
            [
              -75.96416666666669,
              7.554722222222222
            ],
            [
              -75.96416666666669,
              7.555
            ],
            [
              -75.9638888888889,
              7.555
            ],
            [
              -75.9638888888889,
              7.5552777777777775
            ],
            [
              -75.96361111111112,
              7.5552777777777775
            ],
            [
              -75.96361111111112,
              7.555555555555555
            ],
            [
              -75.96333333333334,
              7.555555555555555
            ],
            [
              -75.96333333333334,
              7.555833333333333
            ],
            [
              -75.95972222222224,
              7.555833333333333
            ],
            [
              -75.95972222222224,
              7.556388888888889
            ],
            [
              -75.95916666666668,
              7.556388888888889
            ],
            [
              -75.95916666666668,
              7.556666666666667
            ],
            [
              -75.95888888888891,
              7.556666666666667
            ],
            [
              -75.95888888888891,
              7.5569444444444445
            ],
            [
              -75.95861111111113,
              7.5569444444444445
            ],
            [
              -75.95861111111113,
              7.557222222222222
            ],
            [
              -75.95722222222223,
              7.557222222222222
            ],
            [
              -75.95722222222223,
              7.558333333333334
            ],
            [
              -75.95694444444446,
              7.558333333333334
            ],
            [
              -75.95694444444446,
              7.5586111111111105
            ],
            [
              -75.95722222222223,
              7.5586111111111105
            ],
            [
              -75.95722222222223,
              7.559722222222222
            ],
            [
              -75.95694444444446,
              7.559722222222222
            ],
            [
              -75.95694444444446,
              7.56
            ],
            [
              -75.95666666666668,
              7.56
            ],
            [
              -75.95666666666668,
              7.560277777777777
            ],
            [
              -75.95611111111113,
              7.560277777777777
            ],
            [
              -75.95611111111113,
              7.560555555555555
            ],
            [
              -75.95583333333335,
              7.560555555555555
            ],
            [
              -75.95583333333335,
              7.560833333333333
            ],
            [
              -75.95555555555556,
              7.560833333333333
            ],
            [
              -75.95555555555556,
              7.561388888888889
            ],
            [
              -75.95500000000001,
              7.561388888888889
            ],
            [
              -75.95500000000001,
              7.5616666666666665
            ],
            [
              -75.95472222222223,
              7.5616666666666665
            ],
            [
              -75.95472222222223,
              7.561944444444444
            ],
            [
              -75.95444444444446,
              7.561944444444444
            ],
            [
              -75.95444444444446,
              7.562222222222222
            ],
            [
              -75.95416666666668,
              7.562222222222222
            ],
            [
              -75.95416666666668,
              7.561944444444444
            ],
            [
              -75.95361111111113,
              7.561944444444444
            ],
            [
              -75.95361111111113,
              7.562222222222222
            ],
            [
              -75.95333333333335,
              7.562222222222222
            ],
            [
              -75.95333333333335,
              7.5625
            ],
            [
              -75.95305555555557,
              7.5625
            ],
            [
              -75.95305555555557,
              7.5633333333333335
            ],
            [
              -75.95277777777778,
              7.5633333333333335
            ],
            [
              -75.95277777777778,
              7.5649999999999995
            ],
            [
              -75.95250000000001,
              7.5649999999999995
            ],
            [
              -75.95250000000001,
              7.565833333333333
            ],
            [
              -75.95277777777778,
              7.565833333333333
            ],
            [
              -75.95277777777778,
              7.566666666666666
            ],
            [
              -75.95305555555557,
              7.566666666666666
            ],
            [
              -75.95305555555557,
              7.5697222222222225
            ],
            [
              -75.95277777777778,
              7.5697222222222225
            ],
            [
              -75.95277777777778,
              7.571666666666666
            ],
            [
              -75.95305555555557,
              7.571666666666666
            ],
            [
              -75.95305555555557,
              7.571944444444444
            ],
            [
              -75.95361111111113,
              7.571944444444444
            ],
            [
              -75.95361111111113,
              7.572222222222222
            ],
            [
              -75.9538888888889,
              7.572222222222222
            ],
            [
              -75.9538888888889,
              7.5725
            ],
            [
              -75.95416666666668,
              7.5725
            ],
            [
              -75.95416666666668,
              7.572777777777778
            ],
            [
              -75.95444444444446,
              7.572777777777778
            ],
            [
              -75.95444444444446,
              7.573055555555555
            ],
            [
              -75.95500000000001,
              7.573055555555555
            ],
            [
              -75.95500000000001,
              7.573333333333333
            ],
            [
              -75.9552777777778,
              7.573333333333333
            ],
            [
              -75.9552777777778,
              7.5744444444444445
            ],
            [
              -75.95555555555556,
              7.5744444444444445
            ],
            [
              -75.95555555555556,
              7.575
            ],
            [
              -75.95583333333335,
              7.575
            ],
            [
              -75.95583333333335,
              7.575277777777778
            ],
            [
              -75.95611111111113,
              7.575277777777778
            ],
            [
              -75.95611111111113,
              7.575833333333334
            ],
            [
              -75.9563888888889,
              7.575833333333334
            ],
            [
              -75.9563888888889,
              7.576111111111111
            ],
            [
              -75.95666666666668,
              7.576111111111111
            ],
            [
              -75.95666666666668,
              7.576388888888888
            ],
            [
              -75.95694444444446,
              7.576388888888888
            ],
            [
              -75.95694444444446,
              7.576666666666666
            ],
            [
              -75.95722222222223,
              7.576666666666666
            ],
            [
              -75.95722222222223,
              7.577222222222222
            ],
            [
              -75.95694444444446,
              7.577222222222222
            ],
            [
              -75.95694444444446,
              7.5777777777777775
            ],
            [
              -75.95722222222223,
              7.5777777777777775
            ],
            [
              -75.95722222222223,
              7.578055555555555
            ],
            [
              -75.95750000000001,
              7.578055555555555
            ],
            [
              -75.95750000000001,
              7.579722222222222
            ],
            [
              -75.95694444444446,
              7.579722222222222
            ],
            [
              -75.95694444444446,
              7.582222222222222
            ],
            [
              -75.95666666666668,
              7.582222222222222
            ],
            [
              -75.95666666666668,
              7.582777777777777
            ],
            [
              -75.9563888888889,
              7.582777777777777
            ],
            [
              -75.9563888888889,
              7.583333333333333
            ],
            [
              -75.95611111111113,
              7.583333333333333
            ],
            [
              -75.95611111111113,
              7.583611111111111
            ],
            [
              -75.95583333333335,
              7.583611111111111
            ],
            [
              -75.95583333333335,
              7.583888888888889
            ],
            [
              -75.95555555555556,
              7.583888888888889
            ],
            [
              -75.95555555555556,
              7.585
            ],
            [
              -75.9552777777778,
              7.585
            ],
            [
              -75.9552777777778,
              7.585555555555556
            ],
            [
              -75.95500000000001,
              7.585555555555556
            ],
            [
              -75.95500000000001,
              7.585833333333333
            ],
            [
              -75.95472222222223,
              7.585833333333333
            ],
            [
              -75.95472222222223,
              7.587222222222222
            ],
            [
              -75.95500000000001,
              7.587222222222222
            ],
            [
              -75.95500000000001,
              7.5875
            ],
            [
              -75.9552777777778,
              7.5875
            ],
            [
              -75.9552777777778,
              7.588055555555555
            ],
            [
              -75.95555555555556,
              7.588055555555555
            ],
            [
              -75.95555555555556,
              7.589166666666666
            ],
            [
              -75.95583333333335,
              7.589166666666666
            ],
            [
              -75.95583333333335,
              7.589444444444444
            ],
            [
              -75.95611111111113,
              7.589444444444444
            ],
            [
              -75.95611111111113,
              7.589722222222222
            ],
            [
              -75.9563888888889,
              7.589722222222222
            ],
            [
              -75.9563888888889,
              7.590277777777778
            ],
            [
              -75.95611111111113,
              7.590277777777778
            ],
            [
              -75.95611111111113,
              7.590833333333333
            ],
            [
              -75.95583333333335,
              7.590833333333333
            ],
            [
              -75.95583333333335,
              7.591388888888889
            ],
            [
              -75.95555555555556,
              7.591388888888889
            ],
            [
              -75.95555555555556,
              7.592499999999999
            ],
            [
              -75.95583333333335,
              7.592499999999999
            ],
            [
              -75.95583333333335,
              7.593333333333333
            ],
            [
              -75.95611111111113,
              7.593333333333333
            ],
            [
              -75.95611111111113,
              7.593611111111111
            ],
            [
              -75.95583333333335,
              7.593611111111111
            ],
            [
              -75.95583333333335,
              7.5938888888888885
            ],
            [
              -75.95555555555556,
              7.5938888888888885
            ],
            [
              -75.95555555555556,
              7.594166666666666
            ],
            [
              -75.9552777777778,
              7.594166666666666
            ],
            [
              -75.9552777777778,
              7.594722222222222
            ],
            [
              -75.95500000000001,
              7.594722222222222
            ],
            [
              -75.95500000000001,
              7.595
            ],
            [
              -75.95472222222223,
              7.595
            ],
            [
              -75.95472222222223,
              7.595555555555555
            ],
            [
              -75.95444444444446,
              7.595555555555555
            ],
            [
              -75.95444444444446,
              7.595833333333333
            ],
            [
              -75.95416666666668,
              7.595833333333333
            ],
            [
              -75.95416666666668,
              7.596111111111111
            ],
            [
              -75.9538888888889,
              7.596111111111111
            ],
            [
              -75.9538888888889,
              7.596388888888889
            ],
            [
              -75.95361111111113,
              7.596388888888889
            ],
            [
              -75.95361111111113,
              7.596666666666667
            ],
            [
              -75.95333333333335,
              7.596666666666667
            ],
            [
              -75.95333333333335,
              7.5969444444444445
            ],
            [
              -75.95305555555557,
              7.5969444444444445
            ],
            [
              -75.95305555555557,
              7.597777777777778
            ],
            [
              -75.95277777777778,
              7.597777777777778
            ],
            [
              -75.95277777777778,
              7.598333333333333
            ],
            [
              -75.95250000000001,
              7.598333333333333
            ],
            [
              -75.95250000000001,
              7.598611111111111
            ],
            [
              -75.95222222222223,
              7.598611111111111
            ],
            [
              -75.95222222222223,
              7.599166666666666
            ],
            [
              -75.95194444444445,
              7.599166666666666
            ],
            [
              -75.95194444444445,
              7.599444444444444
            ],
            [
              -75.9513888888889,
              7.599444444444444
            ],
            [
              -75.9513888888889,
              7.601111111111111
            ],
            [
              -75.95111111111112,
              7.601111111111111
            ],
            [
              -75.95111111111112,
              7.601388888888889
            ],
            [
              -75.95083333333335,
              7.601388888888889
            ],
            [
              -75.95083333333335,
              7.6025
            ],
            [
              -75.95111111111112,
              7.6025
            ],
            [
              -75.95111111111112,
              7.6033333333333335
            ],
            [
              -75.9513888888889,
              7.6033333333333335
            ],
            [
              -75.9513888888889,
              7.604444444444445
            ],
            [
              -75.95111111111112,
              7.604444444444445
            ],
            [
              -75.95111111111112,
              7.604722222222222
            ],
            [
              -75.95083333333335,
              7.604722222222222
            ],
            [
              -75.95083333333335,
              7.605833333333333
            ],
            [
              -75.95055555555557,
              7.605833333333333
            ],
            [
              -75.95055555555557,
              7.6066666666666665
            ],
            [
              -75.95083333333335,
              7.6066666666666665
            ],
            [
              -75.95083333333335,
              7.608611111111111
            ],
            [
              -75.95055555555557,
              7.608611111111111
            ],
            [
              -75.95055555555557,
              7.608888888888889
            ],
            [
              -75.95027777777779,
              7.608888888888889
            ],
            [
              -75.95027777777779,
              7.609166666666667
            ],
            [
              -75.95000000000002,
              7.609166666666667
            ],
            [
              -75.95000000000002,
              7.6097222222222225
            ],
            [
              -75.94972222222223,
              7.6097222222222225
            ],
            [
              -75.94972222222223,
              7.610555555555555
            ],
            [
              -75.94944444444445,
              7.610555555555555
            ],
            [
              -75.94944444444445,
              7.611111111111111
            ],
            [
              -75.94916666666668,
              7.611111111111111
            ],
            [
              -75.94916666666668,
              7.6113888888888885
            ],
            [
              -75.9488888888889,
              7.6113888888888885
            ],
            [
              -75.9488888888889,
              7.612777777777778
            ],
            [
              -75.94916666666668,
              7.612777777777778
            ],
            [
              -75.94916666666668,
              7.615277777777777
            ],
            [
              -75.9488888888889,
              7.615277777777777
            ],
            [
              -75.9488888888889,
              7.615833333333333
            ],
            [
              -75.94916666666668,
              7.615833333333333
            ],
            [
              -75.94916666666668,
              7.616944444444444
            ],
            [
              -75.94944444444445,
              7.616944444444444
            ],
            [
              -75.94944444444445,
              7.617222222222222
            ],
            [
              -75.94972222222223,
              7.617222222222222
            ],
            [
              -75.94972222222223,
              7.6177777777777775
            ],
            [
              -75.94944444444445,
              7.6177777777777775
            ],
            [
              -75.94944444444445,
              7.618055555555555
            ],
            [
              -75.94972222222223,
              7.618055555555555
            ],
            [
              -75.94972222222223,
              7.618333333333333
            ],
            [
              -75.95000000000002,
              7.618333333333333
            ],
            [
              -75.95000000000002,
              7.618611111111111
            ],
            [
              -75.95027777777779,
              7.618611111111111
            ],
            [
              -75.95027777777779,
              7.618888888888889
            ],
            [
              -75.95083333333335,
              7.618888888888889
            ],
            [
              -75.95083333333335,
              7.619166666666667
            ],
            [
              -75.9513888888889,
              7.619166666666667
            ],
            [
              -75.9513888888889,
              7.6194444444444445
            ],
            [
              -75.95166666666668,
              7.6194444444444445
            ],
            [
              -75.95166666666668,
              7.620555555555556
            ],
            [
              -75.95194444444445,
              7.620555555555556
            ],
            [
              -75.95194444444445,
              7.621944444444444
            ],
            [
              -75.95222222222223,
              7.621944444444444
            ],
            [
              -75.95222222222223,
              7.622222222222222
            ],
            [
              -75.95250000000001,
              7.622222222222222
            ],
            [
              -75.95250000000001,
              7.6225
            ],
            [
              -75.95277777777778,
              7.6225
            ],
            [
              -75.95277777777778,
              7.622777777777777
            ],
            [
              -75.95305555555557,
              7.622777777777777
            ],
            [
              -75.95305555555557,
              7.623055555555555
            ],
            [
              -75.95333333333335,
              7.623055555555555
            ],
            [
              -75.95333333333335,
              7.623333333333333
            ],
            [
              -75.9538888888889,
              7.623333333333333
            ],
            [
              -75.9538888888889,
              7.623611111111111
            ],
            [
              -75.95444444444446,
              7.623611111111111
            ],
            [
              -75.95444444444446,
              7.624722222222222
            ],
            [
              -75.95472222222223,
              7.624722222222222
            ],
            [
              -75.95472222222223,
              7.6258333333333335
            ],
            [
              -75.95500000000001,
              7.6258333333333335
            ],
            [
              -75.95500000000001,
              7.626666666666667
            ],
            [
              -75.9552777777778,
              7.626666666666667
            ],
            [
              -75.9552777777778,
              7.628611111111111
            ],
            [
              -75.95555555555556,
              7.628611111111111
            ],
            [
              -75.95555555555556,
              7.629166666666666
            ],
            [
              -75.95583333333335,
              7.629166666666666
            ],
            [
              -75.95583333333335,
              7.631111111111111
            ],
            [
              -75.95611111111113,
              7.631111111111111
            ],
            [
              -75.95611111111113,
              7.6322222222222225
            ],
            [
              -75.9563888888889,
              7.6322222222222225
            ],
            [
              -75.9563888888889,
              7.6338888888888885
            ],
            [
              -75.95666666666668,
              7.6338888888888885
            ],
            [
              -75.95666666666668,
              7.634444444444444
            ],
            [
              -75.95694444444446,
              7.634444444444444
            ],
            [
              -75.95694444444446,
              7.634722222222222
            ],
            [
              -75.95750000000001,
              7.634722222222222
            ],
            [
              -75.95750000000001,
              7.635
            ],
            [
              -75.95916666666668,
              7.635
            ],
            [
              -75.95916666666668,
              7.635277777777778
            ],
            [
              -75.95944444444446,
              7.635277777777778
            ],
            [
              -75.95944444444446,
              7.635833333333333
            ],
            [
              -75.95916666666668,
              7.635833333333333
            ],
            [
              -75.95916666666668,
              7.636111111111111
            ],
            [
              -75.95944444444446,
              7.636111111111111
            ],
            [
              -75.95944444444446,
              7.636388888888889
            ],
            [
              -75.95916666666668,
              7.636388888888889
            ],
            [
              -75.95916666666668,
              7.6369444444444445
            ],
            [
              -75.95944444444446,
              7.6369444444444445
            ],
            [
              -75.95944444444446,
              7.637777777777778
            ],
            [
              -75.95972222222224,
              7.637777777777778
            ],
            [
              -75.95972222222224,
              7.638333333333334
            ],
            [
              -75.95944444444446,
              7.638333333333334
            ],
            [
              -75.95944444444446,
              7.638888888888888
            ],
            [
              -75.95972222222224,
              7.638888888888888
            ],
            [
              -75.95972222222224,
              7.64
            ],
            [
              -75.96000000000001,
              7.64
            ],
            [
              -75.96000000000001,
              7.6402777777777775
            ],
            [
              -75.95972222222224,
              7.6402777777777775
            ],
            [
              -75.95972222222224,
              7.644444444444444
            ],
            [
              -75.96000000000001,
              7.644444444444444
            ],
            [
              -75.96000000000001,
              7.644722222222222
            ],
            [
              -75.96027777777779,
              7.644722222222222
            ],
            [
              -75.96027777777779,
              7.645
            ],
            [
              -75.96055555555557,
              7.645
            ],
            [
              -75.96055555555557,
              7.645555555555555
            ],
            [
              -75.96083333333334,
              7.645555555555555
            ],
            [
              -75.96083333333334,
              7.645833333333333
            ],
            [
              -75.96111111111112,
              7.645833333333333
            ],
            [
              -75.96111111111112,
              7.646111111111111
            ],
            [
              -75.9613888888889,
              7.646111111111111
            ],
            [
              -75.9613888888889,
              7.646388888888889
            ],
            [
              -75.96166666666667,
              7.646388888888889
            ],
            [
              -75.96166666666667,
              7.6475
            ],
            [
              -75.96194444444446,
              7.6475
            ],
            [
              -75.96194444444446,
              7.647777777777778
            ],
            [
              -75.96222222222224,
              7.647777777777778
            ],
            [
              -75.96222222222224,
              7.648055555555556
            ],
            [
              -75.9625,
              7.648055555555556
            ],
            [
              -75.9625,
              7.648611111111111
            ],
            [
              -75.96194444444446,
              7.648611111111111
            ],
            [
              -75.96194444444446,
              7.648888888888889
            ],
            [
              -75.96166666666667,
              7.648888888888889
            ],
            [
              -75.96166666666667,
              7.651111111111111
            ],
            [
              -75.9613888888889,
              7.651111111111111
            ],
            [
              -75.9613888888889,
              7.652222222222222
            ],
            [
              -75.96166666666667,
              7.652222222222222
            ],
            [
              -75.96166666666667,
              7.6563888888888885
            ],
            [
              -75.9613888888889,
              7.6563888888888885
            ],
            [
              -75.9613888888889,
              7.656666666666666
            ],
            [
              -75.96111111111112,
              7.656666666666666
            ],
            [
              -75.96111111111112,
              7.6575
            ],
            [
              -75.9613888888889,
              7.6575
            ],
            [
              -75.9613888888889,
              7.6594444444444445
            ],
            [
              -75.96166666666667,
              7.6594444444444445
            ],
            [
              -75.96166666666667,
              7.66
            ],
            [
              -75.96194444444446,
              7.66
            ],
            [
              -75.96194444444446,
              7.660555555555556
            ],
            [
              -75.96222222222224,
              7.660555555555556
            ],
            [
              -75.96222222222224,
              7.661388888888888
            ],
            [
              -75.9625,
              7.661388888888888
            ],
            [
              -75.9625,
              7.661666666666666
            ],
            [
              -75.96277777777779,
              7.661666666666666
            ],
            [
              -75.96277777777779,
              7.664166666666667
            ],
            [
              -75.96305555555557,
              7.664166666666667
            ],
            [
              -75.96305555555557,
              7.664722222222222
            ],
            [
              -75.96333333333334,
              7.664722222222222
            ],
            [
              -75.96333333333334,
              7.665
            ],
            [
              -75.96361111111112,
              7.665
            ],
            [
              -75.96361111111112,
              7.665277777777778
            ],
            [
              -75.9638888888889,
              7.665277777777778
            ],
            [
              -75.9638888888889,
              7.665555555555556
            ],
            [
              -75.96416666666669,
              7.665555555555556
            ],
            [
              -75.96416666666669,
              7.665277777777778
            ],
            [
              -75.96777777777778,
              7.665277777777778
            ],
            [
              -75.96777777777778,
              7.665555555555556
            ],
            [
              -75.96861111111113,
              7.665555555555556
            ],
            [
              -75.96861111111113,
              7.6658333333333335
            ],
            [
              -75.9688888888889,
              7.6658333333333335
            ],
            [
              -75.9688888888889,
              7.666111111111111
            ],
            [
              -75.96916666666668,
              7.666111111111111
            ],
            [
              -75.96916666666668,
              7.666666666666666
            ],
            [
              -75.96944444444446,
              7.666666666666666
            ],
            [
              -75.96944444444446,
              7.667777777777777
            ],
            [
              -75.96972222222223,
              7.667777777777777
            ],
            [
              -75.96972222222223,
              7.668055555555555
            ],
            [
              -75.97000000000001,
              7.668055555555555
            ],
            [
              -75.97000000000001,
              7.668333333333333
            ],
            [
              -75.9702777777778,
              7.668333333333333
            ],
            [
              -75.9702777777778,
              7.668611111111111
            ],
            [
              -75.97166666666668,
              7.668611111111111
            ],
            [
              -75.97166666666668,
              7.668888888888889
            ],
            [
              -75.97194444444446,
              7.668888888888889
            ],
            [
              -75.97194444444446,
              7.6691666666666665
            ],
            [
              -75.97250000000001,
              7.6691666666666665
            ],
            [
              -75.97250000000001,
              7.668888888888889
            ],
            [
              -75.97305555555556,
              7.668888888888889
            ],
            [
              -75.97305555555556,
              7.669722222222222
            ],
            [
              -75.97333333333334,
              7.669722222222222
            ],
            [
              -75.97333333333334,
              7.67
            ],
            [
              -75.97361111111113,
              7.67
            ],
            [
              -75.97361111111113,
              7.670555555555556
            ],
            [
              -75.9738888888889,
              7.670555555555556
            ],
            [
              -75.9738888888889,
              7.670833333333333
            ],
            [
              -75.97416666666668,
              7.670833333333333
            ],
            [
              -75.97416666666668,
              7.671388888888889
            ],
            [
              -75.97444444444446,
              7.671388888888889
            ],
            [
              -75.97444444444446,
              7.6722222222222225
            ],
            [
              -75.97472222222224,
              7.6722222222222225
            ],
            [
              -75.97472222222224,
              7.6738888888888885
            ],
            [
              -75.97500000000001,
              7.6738888888888885
            ],
            [
              -75.97500000000001,
              7.674166666666666
            ],
            [
              -75.97527777777779,
              7.674166666666666
            ],
            [
              -75.97527777777779,
              7.674722222222222
            ],
            [
              -75.97500000000001,
              7.674722222222222
            ],
            [
              -75.97500000000001,
              7.676111111111111
            ],
            [
              -75.97472222222224,
              7.676111111111111
            ],
            [
              -75.97472222222224,
              7.678888888888888
            ],
            [
              -75.97444444444446,
              7.678888888888888
            ],
            [
              -75.97444444444446,
              7.68
            ],
            [
              -75.97472222222224,
              7.68
            ],
            [
              -75.97472222222224,
              7.680555555555555
            ],
            [
              -75.97444444444446,
              7.680555555555555
            ],
            [
              -75.97444444444446,
              7.680833333333333
            ],
            [
              -75.97416666666668,
              7.680833333333333
            ],
            [
              -75.97416666666668,
              7.682222222222222
            ],
            [
              -75.97444444444446,
              7.682222222222222
            ],
            [
              -75.97444444444446,
              7.684166666666666
            ],
            [
              -75.97472222222224,
              7.684166666666666
            ],
            [
              -75.97472222222224,
              7.685
            ],
            [
              -75.97500000000001,
              7.685
            ],
            [
              -75.97500000000001,
              7.686388888888889
            ],
            [
              -75.97472222222224,
              7.686388888888889
            ],
            [
              -75.97472222222224,
              7.688888888888889
            ],
            [
              -75.97444444444446,
              7.688888888888889
            ],
            [
              -75.97444444444446,
              7.689166666666667
            ],
            [
              -75.97416666666668,
              7.689166666666667
            ],
            [
              -75.97416666666668,
              7.690555555555555
            ],
            [
              -75.9738888888889,
              7.690555555555555
            ],
            [
              -75.9738888888889,
              7.690833333333333
            ],
            [
              -75.97361111111113,
              7.690833333333333
            ],
            [
              -75.97361111111113,
              7.691111111111111
            ],
            [
              -75.97333333333334,
              7.691111111111111
            ],
            [
              -75.97333333333334,
              7.691666666666666
            ],
            [
              -75.97305555555556,
              7.691666666666666
            ],
            [
              -75.97305555555556,
              7.692222222222222
            ],
            [
              -75.9727777777778,
              7.692222222222222
            ],
            [
              -75.9727777777778,
              7.692777777777778
            ],
            [
              -75.97250000000001,
              7.692777777777778
            ],
            [
              -75.97250000000001,
              7.693888888888889
            ],
            [
              -75.9727777777778,
              7.693888888888889
            ],
            [
              -75.9727777777778,
              7.694166666666667
            ],
            [
              -75.97305555555556,
              7.694166666666667
            ],
            [
              -75.97305555555556,
              7.6947222222222225
            ],
            [
              -75.97333333333334,
              7.6947222222222225
            ],
            [
              -75.97333333333334,
              7.695277777777777
            ],
            [
              -75.97305555555556,
              7.695277777777777
            ],
            [
              -75.97305555555556,
              7.695555555555555
            ],
            [
              -75.9727777777778,
              7.695555555555555
            ],
            [
              -75.9727777777778,
              7.695833333333333
            ],
            [
              -75.97250000000001,
              7.695833333333333
            ],
            [
              -75.97250000000001,
              7.696111111111111
            ],
            [
              -75.97222222222223,
              7.696111111111111
            ],
            [
              -75.97222222222223,
              7.6963888888888885
            ],
            [
              -75.97166666666668,
              7.6963888888888885
            ],
            [
              -75.97166666666668,
              7.696666666666666
            ],
            [
              -75.9713888888889,
              7.696666666666666
            ],
            [
              -75.9713888888889,
              7.696944444444444
            ],
            [
              -75.97111111111113,
              7.696944444444444
            ],
            [
              -75.97111111111113,
              7.697222222222222
            ],
            [
              -75.97083333333335,
              7.697222222222222
            ],
            [
              -75.97083333333335,
              7.6975
            ],
            [
              -75.97055555555556,
              7.6975
            ],
            [
              -75.97055555555556,
              7.698055555555555
            ],
            [
              -75.9702777777778,
              7.698055555555555
            ],
            [
              -75.9702777777778,
              7.698333333333333
            ],
            [
              -75.97000000000001,
              7.698333333333333
            ],
            [
              -75.97000000000001,
              7.698611111111111
            ],
            [
              -75.96944444444446,
              7.698611111111111
            ],
            [
              -75.96944444444446,
              7.698888888888889
            ],
            [
              -75.96916666666668,
              7.698888888888889
            ],
            [
              -75.96916666666668,
              7.699166666666667
            ],
            [
              -75.9688888888889,
              7.699166666666667
            ],
            [
              -75.9688888888889,
              7.6994444444444445
            ],
            [
              -75.96861111111113,
              7.6994444444444445
            ],
            [
              -75.96861111111113,
              7.699722222222222
            ],
            [
              -75.96805555555557,
              7.699722222222222
            ],
            [
              -75.96805555555557,
              7.7
            ],
            [
              -75.96777777777778,
              7.7
            ],
            [
              -75.96777777777778,
              7.700277777777778
            ],
            [
              -75.96722222222223,
              7.700277777777778
            ],
            [
              -75.96722222222223,
              7.700555555555555
            ],
            [
              -75.96666666666668,
              7.700555555555555
            ],
            [
              -75.96666666666668,
              7.700833333333334
            ],
            [
              -75.96611111111112,
              7.700833333333334
            ],
            [
              -75.96611111111112,
              7.701111111111111
            ],
            [
              -75.96500000000002,
              7.701111111111111
            ],
            [
              -75.96500000000002,
              7.701388888888888
            ],
            [
              -75.96472222222224,
              7.701388888888888
            ],
            [
              -75.96472222222224,
              7.701666666666666
            ],
            [
              -75.96444444444445,
              7.701666666666666
            ],
            [
              -75.96444444444445,
              7.701944444444444
            ],
            [
              -75.9638888888889,
              7.701944444444444
            ],
            [
              -75.9638888888889,
              7.702222222222222
            ],
            [
              -75.96361111111112,
              7.702222222222222
            ],
            [
              -75.96361111111112,
              7.7025
            ],
            [
              -75.96277777777779,
              7.7025
            ],
            [
              -75.96277777777779,
              7.7027777777777775
            ],
            [
              -75.9625,
              7.7027777777777775
            ],
            [
              -75.9625,
              7.703055555555555
            ],
            [
              -75.96222222222224,
              7.703055555555555
            ],
            [
              -75.96222222222224,
              7.703333333333333
            ],
            [
              -75.96166666666667,
              7.703333333333333
            ],
            [
              -75.96166666666667,
              7.703611111111111
            ],
            [
              -75.9613888888889,
              7.703611111111111
            ],
            [
              -75.9613888888889,
              7.703888888888889
            ],
            [
              -75.96111111111112,
              7.703888888888889
            ],
            [
              -75.96111111111112,
              7.704444444444444
            ],
            [
              -75.96083333333334,
              7.704444444444444
            ],
            [
              -75.96083333333334,
              7.703888888888889
            ],
            [
              -75.96055555555557,
              7.703888888888889
            ],
            [
              -75.96055555555557,
              7.704166666666667
            ],
            [
              -75.95972222222224,
              7.704166666666667
            ],
            [
              -75.95972222222224,
              7.704722222222222
            ],
            [
              -75.95944444444446,
              7.704722222222222
            ],
            [
              -75.95944444444446,
              7.705555555555556
            ],
            [
              -75.95916666666668,
              7.705555555555556
            ],
            [
              -75.95916666666668,
              7.706111111111111
            ],
            [
              -75.95888888888891,
              7.706111111111111
            ],
            [
              -75.95888888888891,
              7.706388888888888
            ],
            [
              -75.95861111111113,
              7.706388888888888
            ],
            [
              -75.95861111111113,
              7.706666666666667
            ],
            [
              -75.95833333333334,
              7.706666666666667
            ],
            [
              -75.95833333333334,
              7.706944444444444
            ],
            [
              -75.95805555555556,
              7.706944444444444
            ],
            [
              -75.95805555555556,
              7.707777777777777
            ],
            [
              -75.95833333333334,
              7.707777777777777
            ],
            [
              -75.95833333333334,
              7.708055555555555
            ],
            [
              -75.95861111111113,
              7.708055555555555
            ],
            [
              -75.95861111111113,
              7.708611111111111
            ],
            [
              -75.95888888888891,
              7.708611111111111
            ],
            [
              -75.95888888888891,
              7.708888888888889
            ],
            [
              -75.95916666666668,
              7.708888888888889
            ],
            [
              -75.95916666666668,
              7.7091666666666665
            ],
            [
              -75.95944444444446,
              7.7091666666666665
            ],
            [
              -75.95944444444446,
              7.711111111111111
            ],
            [
              -75.95916666666668,
              7.711111111111111
            ],
            [
              -75.95916666666668,
              7.711388888888889
            ],
            [
              -75.95888888888891,
              7.711388888888889
            ],
            [
              -75.95888888888891,
              7.711666666666667
            ],
            [
              -75.95861111111113,
              7.711666666666667
            ],
            [
              -75.95861111111113,
              7.711944444444445
            ],
            [
              -75.95805555555556,
              7.711944444444445
            ],
            [
              -75.95805555555556,
              7.712222222222222
            ],
            [
              -75.95777777777779,
              7.712222222222222
            ],
            [
              -75.95777777777779,
              7.7125
            ],
            [
              -75.95750000000001,
              7.7125
            ],
            [
              -75.95750000000001,
              7.712777777777777
            ],
            [
              -75.95722222222223,
              7.712777777777777
            ],
            [
              -75.95722222222223,
              7.713333333333333
            ],
            [
              -75.95694444444446,
              7.713333333333333
            ],
            [
              -75.95694444444446,
              7.713611111111111
            ],
            [
              -75.95666666666668,
              7.713611111111111
            ],
            [
              -75.95666666666668,
              7.714166666666666
            ],
            [
              -75.9563888888889,
              7.714166666666666
            ],
            [
              -75.9563888888889,
              7.714444444444444
            ],
            [
              -75.95611111111113,
              7.714444444444444
            ],
            [
              -75.95611111111113,
              7.714722222222222
            ],
            [
              -75.95583333333335,
              7.714722222222222
            ],
            [
              -75.95583333333335,
              7.715
            ],
            [
              -75.9552777777778,
              7.715
            ],
            [
              -75.9552777777778,
              7.715277777777778
            ],
            [
              -75.95500000000001,
              7.715277777777778
            ],
            [
              -75.95500000000001,
              7.7155555555555555
            ],
            [
              -75.95444444444446,
              7.7155555555555555
            ],
            [
              -75.95444444444446,
              7.716111111111111
            ],
            [
              -75.95416666666668,
              7.716111111111111
            ],
            [
              -75.95416666666668,
              7.716388888888889
            ],
            [
              -75.9538888888889,
              7.716388888888889
            ],
            [
              -75.9538888888889,
              7.717222222222222
            ],
            [
              -75.95416666666668,
              7.717222222222222
            ],
            [
              -75.95416666666668,
              7.718333333333333
            ],
            [
              -75.9538888888889,
              7.718333333333333
            ],
            [
              -75.9538888888889,
              7.7188888888888885
            ],
            [
              -75.95361111111113,
              7.7188888888888885
            ],
            [
              -75.95361111111113,
              7.721666666666667
            ],
            [
              -75.95333333333335,
              7.721666666666667
            ],
            [
              -75.95333333333335,
              7.723055555555556
            ],
            [
              -75.95361111111113,
              7.723055555555556
            ],
            [
              -75.95361111111113,
              7.723888888888888
            ],
            [
              -75.95333333333335,
              7.723888888888888
            ],
            [
              -75.95333333333335,
              7.725833333333333
            ],
            [
              -75.95361111111113,
              7.725833333333333
            ],
            [
              -75.95361111111113,
              7.726388888888889
            ],
            [
              -75.95416666666668,
              7.726388888888889
            ],
            [
              -75.95416666666668,
              7.726944444444444
            ],
            [
              -75.95444444444446,
              7.726944444444444
            ],
            [
              -75.95444444444446,
              7.727777777777778
            ],
            [
              -75.95472222222223,
              7.727777777777778
            ],
            [
              -75.95472222222223,
              7.728888888888889
            ],
            [
              -75.95444444444446,
              7.728888888888889
            ],
            [
              -75.95444444444446,
              7.7299999999999995
            ],
            [
              -75.95416666666668,
              7.7299999999999995
            ],
            [
              -75.95416666666668,
              7.730555555555555
            ],
            [
              -75.95444444444446,
              7.730555555555555
            ],
            [
              -75.95444444444446,
              7.731111111111111
            ],
            [
              -75.95472222222223,
              7.731111111111111
            ],
            [
              -75.95472222222223,
              7.7316666666666665
            ],
            [
              -75.95444444444446,
              7.7316666666666665
            ],
            [
              -75.95444444444446,
              7.732777777777778
            ],
            [
              -75.95416666666668,
              7.732777777777778
            ],
            [
              -75.95416666666668,
              7.733888888888889
            ],
            [
              -75.9538888888889,
              7.733888888888889
            ],
            [
              -75.9538888888889,
              7.734444444444445
            ],
            [
              -75.95361111111113,
              7.734444444444445
            ],
            [
              -75.95361111111113,
              7.7347222222222225
            ],
            [
              -75.95333333333335,
              7.7347222222222225
            ],
            [
              -75.95333333333335,
              7.735277777777777
            ],
            [
              -75.95361111111113,
              7.735277777777777
            ],
            [
              -75.95361111111113,
              7.735833333333333
            ],
            [
              -75.9538888888889,
              7.735833333333333
            ],
            [
              -75.9538888888889,
              7.7363888888888885
            ],
            [
              -75.95416666666668,
              7.7363888888888885
            ],
            [
              -75.95416666666668,
              7.738888888888889
            ],
            [
              -75.95444444444446,
              7.738888888888889
            ],
            [
              -75.95444444444446,
              7.741111111111111
            ],
            [
              -75.95416666666668,
              7.741111111111111
            ],
            [
              -75.95416666666668,
              7.741388888888888
            ],
            [
              -75.9538888888889,
              7.741388888888888
            ],
            [
              -75.9538888888889,
              7.744166666666667
            ],
            [
              -75.95361111111113,
              7.744166666666667
            ],
            [
              -75.95361111111113,
              7.745277777777778
            ],
            [
              -75.9538888888889,
              7.745277777777778
            ],
            [
              -75.9538888888889,
              7.745555555555556
            ],
            [
              -75.95361111111113,
              7.745555555555556
            ],
            [
              -75.95361111111113,
              7.746666666666666
            ],
            [
              -75.95333333333335,
              7.746666666666666
            ],
            [
              -75.95333333333335,
              7.747222222222222
            ],
            [
              -75.95305555555557,
              7.747222222222222
            ],
            [
              -75.95305555555557,
              7.749722222222222
            ],
            [
              -75.95333333333335,
              7.749722222222222
            ],
            [
              -75.95333333333335,
              7.7508333333333335
            ],
            [
              -75.95305555555557,
              7.7508333333333335
            ],
            [
              -75.95305555555557,
              7.751944444444444
            ],
            [
              -75.95333333333335,
              7.751944444444444
            ],
            [
              -75.95333333333335,
              7.753333333333333
            ],
            [
              -75.95305555555557,
              7.753333333333333
            ],
            [
              -75.95305555555557,
              7.754444444444444
            ],
            [
              -75.95361111111113,
              7.754444444444444
            ],
            [
              -75.95361111111113,
              7.754722222222222
            ],
            [
              -75.95416666666668,
              7.754722222222222
            ],
            [
              -75.95416666666668,
              7.755
            ],
            [
              -75.95444444444446,
              7.755
            ],
            [
              -75.95444444444446,
              7.755277777777778
            ],
            [
              -75.95416666666668,
              7.755277777777778
            ],
            [
              -75.95416666666668,
              7.756388888888889
            ],
            [
              -75.95444444444446,
              7.756388888888889
            ],
            [
              -75.95444444444446,
              7.756666666666667
            ],
            [
              -75.95472222222223,
              7.756666666666667
            ],
            [
              -75.95472222222223,
              7.756944444444445
            ],
            [
              -75.9552777777778,
              7.756944444444445
            ],
            [
              -75.9552777777778,
              7.7572222222222225
            ],
            [
              -75.95583333333335,
              7.7572222222222225
            ],
            [
              -75.95583333333335,
              7.758611111111111
            ],
            [
              -75.95611111111113,
              7.758611111111111
            ],
            [
              -75.95611111111113,
              7.7588888888888885
            ],
            [
              -75.9563888888889,
              7.7588888888888885
            ],
            [
              -75.9563888888889,
              7.759166666666666
            ],
            [
              -75.95666666666668,
              7.759166666666666
            ],
            [
              -75.95666666666668,
              7.759444444444444
            ],
            [
              -75.95694444444446,
              7.759444444444444
            ],
            [
              -75.95694444444446,
              7.760555555555555
            ],
            [
              -75.95722222222223,
              7.760555555555555
            ],
            [
              -75.95722222222223,
              7.761666666666667
            ],
            [
              -75.95750000000001,
              7.761666666666667
            ],
            [
              -75.95750000000001,
              7.7625
            ],
            [
              -75.95777777777779,
              7.7625
            ],
            [
              -75.95777777777779,
              7.763333333333334
            ],
            [
              -75.95805555555556,
              7.763333333333334
            ],
            [
              -75.95805555555556,
              7.763888888888888
            ],
            [
              -75.95833333333334,
              7.763888888888888
            ],
            [
              -75.95833333333334,
              7.764166666666666
            ],
            [
              -75.95805555555556,
              7.764166666666666
            ],
            [
              -75.95805555555556,
              7.764444444444444
            ],
            [
              -75.95833333333334,
              7.764444444444444
            ],
            [
              -75.95833333333334,
              7.765
            ],
            [
              -75.95861111111113,
              7.765
            ],
            [
              -75.95861111111113,
              7.7652777777777775
            ],
            [
              -75.95888888888891,
              7.7652777777777775
            ],
            [
              -75.95888888888891,
              7.765833333333333
            ],
            [
              -75.95916666666668,
              7.765833333333333
            ],
            [
              -75.95916666666668,
              7.766666666666667
            ],
            [
              -75.95944444444446,
              7.766666666666667
            ],
            [
              -75.95944444444446,
              7.767777777777778
            ],
            [
              -75.95972222222224,
              7.767777777777778
            ],
            [
              -75.95972222222224,
              7.768055555555556
            ],
            [
              -75.96000000000001,
              7.768055555555556
            ],
            [
              -75.96000000000001,
              7.7683333333333335
            ],
            [
              -75.95972222222224,
              7.7683333333333335
            ],
            [
              -75.95972222222224,
              7.768888888888888
            ],
            [
              -75.96000000000001,
              7.768888888888888
            ],
            [
              -75.96000000000001,
              7.769166666666667
            ],
            [
              -75.95972222222224,
              7.769166666666667
            ],
            [
              -75.95972222222224,
              7.770277777777777
            ],
            [
              -75.95944444444446,
              7.770277777777777
            ],
            [
              -75.95944444444446,
              7.771388888888889
            ],
            [
              -75.95916666666668,
              7.771388888888889
            ],
            [
              -75.95916666666668,
              7.7716666666666665
            ],
            [
              -75.95888888888891,
              7.7716666666666665
            ],
            [
              -75.95888888888891,
              7.772222222222222
            ],
            [
              -75.95861111111113,
              7.772222222222222
            ],
            [
              -75.95861111111113,
              7.772777777777778
            ],
            [
              -75.95833333333334,
              7.772777777777778
            ],
            [
              -75.95833333333334,
              7.776388888888889
            ],
            [
              -75.95777777777779,
              7.776388888888889
            ],
            [
              -75.95777777777779,
              7.7780555555555555
            ],
            [
              -75.95805555555556,
              7.7780555555555555
            ],
            [
              -75.95805555555556,
              7.779722222222222
            ],
            [
              -75.95833333333334,
              7.779722222222222
            ],
            [
              -75.95833333333334,
              7.780277777777778
            ],
            [
              -75.95805555555556,
              7.780277777777778
            ],
            [
              -75.95805555555556,
              7.7813888888888885
            ],
            [
              -75.95833333333334,
              7.7813888888888885
            ],
            [
              -75.95833333333334,
              7.782777777777778
            ],
            [
              -75.95861111111113,
              7.782777777777778
            ],
            [
              -75.95861111111113,
              7.784166666666667
            ],
            [
              -75.95833333333334,
              7.784166666666667
            ],
            [
              -75.95833333333334,
              7.7844444444444445
            ],
            [
              -75.95861111111113,
              7.7844444444444445
            ],
            [
              -75.95861111111113,
              7.785833333333333
            ],
            [
              -75.95888888888891,
              7.785833333333333
            ],
            [
              -75.95888888888891,
              7.786944444444444
            ],
            [
              -75.95916666666668,
              7.786944444444444
            ],
            [
              -75.95916666666668,
              7.787222222222222
            ],
            [
              -75.95944444444446,
              7.787222222222222
            ],
            [
              -75.95944444444446,
              7.7875
            ],
            [
              -75.95972222222224,
              7.7875
            ],
            [
              -75.95972222222224,
              7.789166666666667
            ],
            [
              -75.96000000000001,
              7.789166666666667
            ],
            [
              -75.96000000000001,
              7.789722222222222
            ],
            [
              -75.96027777777779,
              7.789722222222222
            ],
            [
              -75.96027777777779,
              7.791666666666666
            ],
            [
              -75.96000000000001,
              7.791666666666666
            ],
            [
              -75.96000000000001,
              7.791944444444445
            ],
            [
              -75.95972222222224,
              7.791944444444445
            ],
            [
              -75.95972222222224,
              7.793055555555555
            ],
            [
              -75.95944444444446,
              7.793055555555555
            ],
            [
              -75.95944444444446,
              7.793611111111111
            ],
            [
              -75.95916666666668,
              7.793611111111111
            ],
            [
              -75.95916666666668,
              7.794444444444444
            ],
            [
              -75.95888888888891,
              7.794444444444444
            ],
            [
              -75.95888888888891,
              7.794722222222222
            ],
            [
              -75.95916666666668,
              7.794722222222222
            ],
            [
              -75.95916666666668,
              7.795833333333333
            ],
            [
              -75.95944444444446,
              7.795833333333333
            ],
            [
              -75.95944444444446,
              7.796111111111111
            ],
            [
              -75.95972222222224,
              7.796111111111111
            ],
            [
              -75.95972222222224,
              7.796388888888889
            ],
            [
              -75.96000000000001,
              7.796388888888889
            ],
            [
              -75.96000000000001,
              7.796666666666667
            ],
            [
              -75.96111111111112,
              7.796666666666667
            ],
            [
              -75.96111111111112,
              7.796388888888889
            ],
            [
              -75.9613888888889,
              7.796388888888889
            ],
            [
              -75.9613888888889,
              7.796666666666667
            ],
            [
              -75.96166666666667,
              7.796666666666667
            ],
            [
              -75.96166666666667,
              7.796944444444445
            ],
            [
              -75.96194444444446,
              7.796944444444445
            ],
            [
              -75.96194444444446,
              7.799444444444444
            ],
            [
              -75.96222222222224,
              7.799444444444444
            ],
            [
              -75.96222222222224,
              7.800277777777778
            ],
            [
              -75.96194444444446,
              7.800277777777778
            ],
            [
              -75.96194444444446,
              7.8005555555555555
            ],
            [
              -75.96222222222224,
              7.8005555555555555
            ],
            [
              -75.96222222222224,
              7.800833333333333
            ],
            [
              -75.96277777777779,
              7.800833333333333
            ],
            [
              -75.96277777777779,
              7.801111111111111
            ],
            [
              -75.96305555555557,
              7.801111111111111
            ],
            [
              -75.96305555555557,
              7.801388888888889
            ],
            [
              -75.96333333333334,
              7.801388888888889
            ],
            [
              -75.96333333333334,
              7.8025
            ],
            [
              -75.96416666666669,
              7.8025
            ],
            [
              -75.96416666666669,
              7.803611111111111
            ],
            [
              -75.96500000000002,
              7.803611111111111
            ],
            [
              -75.96500000000002,
              7.803888888888888
            ],
            [
              -75.96611111111112,
              7.803888888888888
            ],
            [
              -75.96611111111112,
              7.803611111111111
            ],
            [
              -75.9663888888889,
              7.803611111111111
            ],
            [
              -75.9663888888889,
              7.803888888888888
            ],
            [
              -75.96666666666668,
              7.803888888888888
            ],
            [
              -75.96666666666668,
              7.804166666666666
            ],
            [
              -75.96777777777778,
              7.804166666666666
            ],
            [
              -75.96777777777778,
              7.804444444444444
            ],
            [
              -75.96833333333335,
              7.804444444444444
            ],
            [
              -75.96833333333335,
              7.804166666666666
            ],
            [
              -75.96861111111113,
              7.804166666666666
            ],
            [
              -75.96861111111113,
              7.805
            ],
            [
              -75.9688888888889,
              7.805
            ],
            [
              -75.9688888888889,
              7.8052777777777775
            ],
            [
              -75.96916666666668,
              7.8052777777777775
            ],
            [
              -75.96916666666668,
              7.806111111111111
            ],
            [
              -75.9688888888889,
              7.806111111111111
            ],
            [
              -75.9688888888889,
              7.8069444444444445
            ],
            [
              -75.96916666666668,
              7.8069444444444445
            ],
            [
              -75.96916666666668,
              7.808055555555556
            ],
            [
              -75.96944444444446,
              7.808055555555556
            ],
            [
              -75.96944444444446,
              7.8086111111111105
            ],
            [
              -75.96972222222223,
              7.8086111111111105
            ],
            [
              -75.96972222222223,
              7.809722222222222
            ],
            [
              -75.96944444444446,
              7.809722222222222
            ],
            [
              -75.96944444444446,
              7.81
            ],
            [
              -75.96972222222223,
              7.81
            ],
            [
              -75.96972222222223,
              7.810277777777777
            ],
            [
              -75.96944444444446,
              7.810277777777777
            ],
            [
              -75.96944444444446,
              7.812222222222222
            ],
            [
              -75.96972222222223,
              7.812222222222222
            ],
            [
              -75.96972222222223,
              7.8125
            ],
            [
              -75.97000000000001,
              7.8125
            ],
            [
              -75.97000000000001,
              7.815277777777777
            ],
            [
              -75.9702777777778,
              7.815277777777777
            ],
            [
              -75.9702777777778,
              7.816944444444444
            ],
            [
              -75.97055555555556,
              7.816944444444444
            ],
            [
              -75.97055555555556,
              7.8180555555555555
            ],
            [
              -75.9702777777778,
              7.8180555555555555
            ],
            [
              -75.9702777777778,
              7.819444444444445
            ],
            [
              -75.97055555555556,
              7.819444444444445
            ],
            [
              -75.97055555555556,
              7.8197222222222225
            ],
            [
              -75.97083333333335,
              7.8197222222222225
            ],
            [
              -75.97083333333335,
              7.821666666666666
            ],
            [
              -75.97111111111113,
              7.821666666666666
            ],
            [
              -75.97111111111113,
              7.821944444444444
            ],
            [
              -75.9713888888889,
              7.821944444444444
            ],
            [
              -75.9713888888889,
              7.822222222222222
            ],
            [
              -75.97111111111113,
              7.822222222222222
            ],
            [
              -75.97111111111113,
              7.825277777777778
            ],
            [
              -75.9713888888889,
              7.825277777777778
            ],
            [
              -75.9713888888889,
              7.825833333333334
            ],
            [
              -75.97111111111113,
              7.825833333333334
            ],
            [
              -75.97111111111113,
              7.8277777777777775
            ],
            [
              -75.97083333333335,
              7.8277777777777775
            ],
            [
              -75.97083333333335,
              7.828611111111111
            ],
            [
              -75.97055555555556,
              7.828611111111111
            ],
            [
              -75.97055555555556,
              7.829166666666667
            ],
            [
              -75.9702777777778,
              7.829166666666667
            ],
            [
              -75.9702777777778,
              7.831111111111111
            ],
            [
              -75.97000000000001,
              7.831111111111111
            ],
            [
              -75.97000000000001,
              7.831388888888888
            ],
            [
              -75.9702777777778,
              7.831388888888888
            ],
            [
              -75.9702777777778,
              7.832222222222222
            ],
            [
              -75.97000000000001,
              7.832222222222222
            ],
            [
              -75.97000000000001,
              7.833055555555555
            ],
            [
              -75.9702777777778,
              7.833055555555555
            ],
            [
              -75.9702777777778,
              7.833888888888889
            ],
            [
              -75.97000000000001,
              7.833888888888889
            ],
            [
              -75.97000000000001,
              7.8341666666666665
            ],
            [
              -75.96972222222223,
              7.8341666666666665
            ],
            [
              -75.96972222222223,
              7.834722222222222
            ],
            [
              -75.96944444444446,
              7.834722222222222
            ],
            [
              -75.96944444444446,
              7.835833333333333
            ],
            [
              -75.96916666666668,
              7.835833333333333
            ],
            [
              -75.96916666666668,
              7.836388888888889
            ],
            [
              -75.96944444444446,
              7.836388888888889
            ],
            [
              -75.96944444444446,
              7.8375
            ],
            [
              -75.96916666666668,
              7.8375
            ],
            [
              -75.96916666666668,
              7.837777777777777
            ],
            [
              -75.9688888888889,
              7.837777777777777
            ],
            [
              -75.9688888888889,
              7.838333333333333
            ],
            [
              -75.96861111111113,
              7.838333333333333
            ],
            [
              -75.96861111111113,
              7.84
            ],
            [
              -75.96833333333335,
              7.84
            ],
            [
              -75.96833333333335,
              7.841944444444445
            ],
            [
              -75.96861111111113,
              7.841944444444445
            ],
            [
              -75.96861111111113,
              7.842222222222222
            ],
            [
              -75.96916666666668,
              7.842222222222222
            ],
            [
              -75.96916666666668,
              7.8425
            ],
            [
              -75.97000000000001,
              7.8425
            ],
            [
              -75.97000000000001,
              7.842777777777778
            ],
            [
              -75.9702777777778,
              7.842777777777778
            ],
            [
              -75.9702777777778,
              7.843055555555555
            ],
            [
              -75.97083333333335,
              7.843055555555555
            ],
            [
              -75.97083333333335,
              7.843333333333333
            ],
            [
              -75.9727777777778,
              7.843333333333333
            ],
            [
              -75.9727777777778,
              7.843611111111111
            ],
            [
              -75.97305555555556,
              7.843611111111111
            ],
            [
              -75.97305555555556,
              7.8438888888888885
            ],
            [
              -75.97333333333334,
              7.8438888888888885
            ],
            [
              -75.97333333333334,
              7.844722222222222
            ],
            [
              -75.97361111111113,
              7.844722222222222
            ],
            [
              -75.97361111111113,
              7.845555555555555
            ],
            [
              -75.97333333333334,
              7.845555555555555
            ],
            [
              -75.97333333333334,
              7.845833333333333
            ],
            [
              -75.97305555555556,
              7.845833333333333
            ],
            [
              -75.97305555555556,
              7.846388888888889
            ],
            [
              -75.97333333333334,
              7.846388888888889
            ],
            [
              -75.97333333333334,
              7.846666666666667
            ],
            [
              -75.97361111111113,
              7.846666666666667
            ],
            [
              -75.97361111111113,
              7.8469444444444445
            ],
            [
              -75.97333333333334,
              7.8469444444444445
            ],
            [
              -75.97333333333334,
              7.848055555555556
            ],
            [
              -75.97361111111113,
              7.848055555555556
            ],
            [
              -75.97361111111113,
              7.848333333333334
            ],
            [
              -75.9738888888889,
              7.848333333333334
            ],
            [
              -75.9738888888889,
              7.848611111111111
            ],
            [
              -75.97416666666668,
              7.848611111111111
            ],
            [
              -75.97416666666668,
              7.848888888888888
            ],
            [
              -75.97500000000001,
              7.848888888888888
            ],
            [
              -75.97500000000001,
              7.849166666666666
            ],
            [
              -75.97527777777779,
              7.849166666666666
            ],
            [
              -75.97527777777779,
              7.849444444444444
            ],
            [
              -75.97555555555557,
              7.849444444444444
            ],
            [
              -75.97555555555557,
              7.85
            ],
            [
              -75.97583333333334,
              7.85
            ],
            [
              -75.97583333333334,
              7.8502777777777775
            ],
            [
              -75.9763888888889,
              7.8502777777777775
            ],
            [
              -75.9763888888889,
              7.850555555555555
            ],
            [
              -75.97666666666667,
              7.850555555555555
            ],
            [
              -75.97666666666667,
              7.850833333333333
            ],
            [
              -75.97777777777779,
              7.850833333333333
            ],
            [
              -75.97777777777779,
              7.851111111111111
            ],
            [
              -75.97805555555557,
              7.851111111111111
            ],
            [
              -75.97805555555557,
              7.851388888888889
            ],
            [
              -75.97833333333334,
              7.851388888888889
            ],
            [
              -75.97833333333334,
              7.851666666666667
            ],
            [
              -75.97861111111112,
              7.851666666666667
            ],
            [
              -75.97861111111112,
              7.851944444444444
            ],
            [
              -75.9788888888889,
              7.851944444444444
            ],
            [
              -75.9788888888889,
              7.852222222222222
            ],
            [
              -75.97916666666669,
              7.852222222222222
            ],
            [
              -75.97916666666669,
              7.8525
            ],
            [
              -75.97944444444445,
              7.8525
            ],
            [
              -75.97944444444445,
              7.852777777777778
            ],
            [
              -75.98027777777779,
              7.852777777777778
            ],
            [
              -75.98027777777779,
              7.8533333333333335
            ],
            [
              -75.98055555555557,
              7.8533333333333335
            ],
            [
              -75.98055555555557,
              7.853888888888889
            ],
            [
              -75.98083333333335,
              7.853888888888889
            ],
            [
              -75.98083333333335,
              7.854166666666666
            ],
            [
              -75.98111111111112,
              7.854166666666666
            ],
            [
              -75.98111111111112,
              7.854444444444444
            ],
            [
              -75.98194444444445,
              7.854444444444444
            ],
            [
              -75.98194444444445,
              7.854722222222222
            ],
            [
              -75.98250000000002,
              7.854722222222222
            ],
            [
              -75.98250000000002,
              7.8549999999999995
            ],
            [
              -75.98277777777778,
              7.8549999999999995
            ],
            [
              -75.98277777777778,
              7.855277777777777
            ],
            [
              -75.98305555555557,
              7.855277777777777
            ],
            [
              -75.98305555555557,
              7.856111111111111
            ],
            [
              -75.98333333333335,
              7.856111111111111
            ],
            [
              -75.98333333333335,
              7.856388888888889
            ],
            [
              -75.9838888888889,
              7.856388888888889
            ],
            [
              -75.9838888888889,
              7.8566666666666665
            ],
            [
              -75.98416666666668,
              7.8566666666666665
            ],
            [
              -75.98416666666668,
              7.857222222222222
            ],
            [
              -75.98444444444446,
              7.857222222222222
            ],
            [
              -75.98444444444446,
              7.858611111111111
            ],
            [
              -75.98472222222223,
              7.858611111111111
            ],
            [
              -75.98472222222223,
              7.858888888888889
            ],
            [
              -75.98500000000001,
              7.858888888888889
            ],
            [
              -75.98500000000001,
              7.859166666666667
            ],
            [
              -75.9852777777778,
              7.859166666666667
            ],
            [
              -75.9852777777778,
              7.860833333333333
            ],
            [
              -75.98555555555556,
              7.860833333333333
            ],
            [
              -75.98555555555556,
              7.8613888888888885
            ],
            [
              -75.98583333333335,
              7.8613888888888885
            ],
            [
              -75.98583333333335,
              7.861944444444444
            ],
            [
              -75.98611111111113,
              7.861944444444444
            ],
            [
              -75.98611111111113,
              7.8625
            ],
            [
              -75.9863888888889,
              7.8625
            ],
            [
              -75.9863888888889,
              7.8630555555555555
            ],
            [
              -75.98666666666668,
              7.8630555555555555
            ],
            [
              -75.98666666666668,
              7.863611111111111
            ],
            [
              -75.98694444444446,
              7.863611111111111
            ],
            [
              -75.98694444444446,
              7.863888888888889
            ],
            [
              -75.98722222222223,
              7.863888888888889
            ],
            [
              -75.98722222222223,
              7.864166666666667
            ],
            [
              -75.98750000000001,
              7.864166666666667
            ],
            [
              -75.98750000000001,
              7.864444444444445
            ],
            [
              -75.9877777777778,
              7.864444444444445
            ],
            [
              -75.9877777777778,
              7.864722222222222
            ],
            [
              -75.98805555555556,
              7.864722222222222
            ],
            [
              -75.98805555555556,
              7.865
            ],
            [
              -75.98833333333334,
              7.865
            ],
            [
              -75.98833333333334,
              7.865277777777778
            ],
            [
              -75.98916666666668,
              7.865277777777778
            ],
            [
              -75.98916666666668,
              7.865833333333333
            ],
            [
              -75.9888888888889,
              7.865833333333333
            ],
            [
              -75.9888888888889,
              7.866666666666666
            ],
            [
              -75.98861111111113,
              7.866666666666666
            ],
            [
              -75.98861111111113,
              7.8677777777777775
            ],
            [
              -75.98916666666668,
              7.8677777777777775
            ],
            [
              -75.98916666666668,
              7.868055555555555
            ],
            [
              -75.98944444444446,
              7.868055555555555
            ],
            [
              -75.98944444444446,
              7.868333333333333
            ],
            [
              -75.98972222222224,
              7.868333333333333
            ],
            [
              -75.98972222222224,
              7.868611111111111
            ],
            [
              -75.98944444444446,
              7.868611111111111
            ],
            [
              -75.98944444444446,
              7.869722222222222
            ],
            [
              -75.98972222222224,
              7.869722222222222
            ],
            [
              -75.98972222222224,
              7.87
            ],
            [
              -75.9913888888889,
              7.87
            ],
            [
              -75.9913888888889,
              7.869722222222222
            ],
            [
              -75.99194444444446,
              7.869722222222222
            ],
            [
              -75.99194444444446,
              7.87
            ],
            [
              -75.99222222222224,
              7.87
            ],
            [
              -75.99222222222224,
              7.870277777777778
            ],
            [
              -75.99277777777779,
              7.870277777777778
            ],
            [
              -75.99277777777779,
              7.870555555555556
            ],
            [
              -75.99472222222224,
              7.870555555555556
            ],
            [
              -75.99472222222224,
              7.870833333333334
            ],
            [
              -75.99527777777779,
              7.870833333333334
            ],
            [
              -75.99527777777779,
              7.871388888888889
            ],
            [
              -75.99555555555557,
              7.871388888888889
            ],
            [
              -75.99555555555557,
              7.871666666666666
            ],
            [
              -75.99583333333335,
              7.871666666666666
            ],
            [
              -75.99583333333335,
              7.871944444444444
            ],
            [
              -75.99611111111112,
              7.871944444444444
            ],
            [
              -75.99611111111112,
              7.872222222222222
            ],
            [
              -75.9963888888889,
              7.872222222222222
            ],
            [
              -75.9963888888889,
              7.872777777777777
            ],
            [
              -75.99666666666668,
              7.872777777777777
            ],
            [
              -75.99666666666668,
              7.873055555555555
            ],
            [
              -75.99777777777778,
              7.873055555555555
            ],
            [
              -75.99777777777778,
              7.873611111111111
            ],
            [
              -75.99833333333335,
              7.873611111111111
            ],
            [
              -75.99833333333335,
              7.873888888888889
            ],
            [
              -75.99861111111112,
              7.873888888888889
            ],
            [
              -75.99861111111112,
              7.8741666666666665
            ],
            [
              -76.00000000000001,
              7.8741666666666665
            ],
            [
              -76.00000000000001,
              7.874722222222222
            ],
            [
              -76.00055555555556,
              7.874722222222222
            ],
            [
              -76.00055555555556,
              7.875
            ],
            [
              -76.00083333333335,
              7.875
            ],
            [
              -76.00083333333335,
              7.875555555555556
            ],
            [
              -76.00111111111113,
              7.875555555555556
            ],
            [
              -76.00111111111113,
              7.8758333333333335
            ],
            [
              -76.0013888888889,
              7.8758333333333335
            ],
            [
              -76.0013888888889,
              7.878055555555555
            ],
            [
              -76.00166666666668,
              7.878055555555555
            ],
            [
              -76.00166666666668,
              7.878611111111111
            ],
            [
              -76.00194444444446,
              7.878611111111111
            ],
            [
              -76.00194444444446,
              7.878888888888889
            ],
            [
              -76.0013888888889,
              7.878888888888889
            ],
            [
              -76.0013888888889,
              7.879166666666666
            ],
            [
              -76.00111111111113,
              7.879166666666666
            ],
            [
              -76.00111111111113,
              7.879722222222222
            ],
            [
              -76.00083333333335,
              7.879722222222222
            ],
            [
              -76.00083333333335,
              7.88
            ],
            [
              -76.00111111111113,
              7.88
            ],
            [
              -76.00111111111113,
              7.881388888888889
            ],
            [
              -76.00083333333335,
              7.881388888888889
            ],
            [
              -76.00083333333335,
              7.8825
            ],
            [
              -76.00055555555556,
              7.8825
            ],
            [
              -76.00055555555556,
              7.885
            ],
            [
              -76.00083333333335,
              7.885
            ],
            [
              -76.00083333333335,
              7.885833333333333
            ],
            [
              -76.00055555555556,
              7.885833333333333
            ],
            [
              -76.00055555555556,
              7.886666666666667
            ],
            [
              -76.00083333333335,
              7.886666666666667
            ],
            [
              -76.00083333333335,
              7.887222222222222
            ],
            [
              -76.00111111111113,
              7.887222222222222
            ],
            [
              -76.00111111111113,
              7.8875
            ],
            [
              -76.0013888888889,
              7.8875
            ],
            [
              -76.0013888888889,
              7.887777777777778
            ],
            [
              -76.00166666666668,
              7.887777777777778
            ],
            [
              -76.00166666666668,
              7.888333333333334
            ],
            [
              -76.00194444444446,
              7.888333333333334
            ],
            [
              -76.00194444444446,
              7.889166666666666
            ],
            [
              -76.00222222222223,
              7.889166666666666
            ],
            [
              -76.00222222222223,
              7.89
            ],
            [
              -76.00194444444446,
              7.89
            ],
            [
              -76.00194444444446,
              7.891388888888889
            ],
            [
              -76.00222222222223,
              7.891388888888889
            ],
            [
              -76.00222222222223,
              7.892222222222222
            ],
            [
              -76.00250000000001,
              7.892222222222222
            ],
            [
              -76.00250000000001,
              7.893888888888888
            ],
            [
              -76.0027777777778,
              7.893888888888888
            ],
            [
              -76.0027777777778,
              7.894444444444444
            ],
            [
              -76.00250000000001,
              7.894444444444444
            ],
            [
              -76.00250000000001,
              7.894722222222222
            ],
            [
              -76.0027777777778,
              7.894722222222222
            ],
            [
              -76.0027777777778,
              7.895833333333333
            ],
            [
              -76.00305555555556,
              7.895833333333333
            ],
            [
              -76.00305555555556,
              7.8966666666666665
            ],
            [
              -76.0027777777778,
              7.8966666666666665
            ],
            [
              -76.0027777777778,
              7.897222222222222
            ],
            [
              -76.00250000000001,
              7.897222222222222
            ],
            [
              -76.00250000000001,
              7.8975
            ],
            [
              -76.00222222222223,
              7.8975
            ],
            [
              -76.00222222222223,
              7.897777777777778
            ],
            [
              -76.00194444444446,
              7.897777777777778
            ],
            [
              -76.00194444444446,
              7.898611111111111
            ],
            [
              -76.00166666666668,
              7.898611111111111
            ],
            [
              -76.00166666666668,
              7.898888888888889
            ],
            [
              -76.0013888888889,
              7.898888888888889
            ],
            [
              -76.0013888888889,
              7.899166666666667
            ],
            [
              -76.00111111111113,
              7.899166666666667
            ],
            [
              -76.00111111111113,
              7.899444444444445
            ],
            [
              -76.00083333333335,
              7.899444444444445
            ],
            [
              -76.00083333333335,
              7.899722222222222
            ],
            [
              -76.00055555555556,
              7.899722222222222
            ],
            [
              -76.00055555555556,
              7.8999999999999995
            ],
            [
              -76.0002777777778,
              7.8999999999999995
            ],
            [
              -76.0002777777778,
              7.900277777777777
            ],
            [
              -75.99944444444445,
              7.900277777777777
            ],
            [
              -75.99944444444445,
              7.900555555555555
            ],
            [
              -75.99916666666668,
              7.900555555555555
            ],
            [
              -75.99916666666668,
              7.901666666666666
            ],
            [
              -75.99944444444445,
              7.901666666666666
            ],
            [
              -75.99944444444445,
              7.902777777777778
            ],
            [
              -75.99972222222223,
              7.902777777777778
            ],
            [
              -75.99972222222223,
              7.9030555555555555
            ],
            [
              -75.99944444444445,
              7.9030555555555555
            ],
            [
              -75.99944444444445,
              7.903333333333333
            ],
            [
              -75.99916666666668,
              7.903333333333333
            ],
            [
              -75.99916666666668,
              7.903611111111111
            ],
            [
              -75.99833333333335,
              7.903611111111111
            ],
            [
              -75.99833333333335,
              7.903333333333333
            ],
            [
              -75.9963888888889,
              7.903333333333333
            ],
            [
              -75.9963888888889,
              7.903611111111111
            ],
            [
              -75.99611111111112,
              7.903611111111111
            ],
            [
              -75.99611111111112,
              7.904722222222222
            ],
            [
              -75.9963888888889,
              7.904722222222222
            ],
            [
              -75.9963888888889,
              7.905
            ],
            [
              -75.99666666666668,
              7.905
            ],
            [
              -75.99666666666668,
              7.907777777777778
            ],
            [
              -75.99694444444445,
              7.907777777777778
            ],
            [
              -75.99694444444445,
              7.908055555555555
            ],
            [
              -75.99722222222223,
              7.908055555555555
            ],
            [
              -75.99722222222223,
              7.908333333333333
            ],
            [
              -75.99750000000002,
              7.908333333333333
            ],
            [
              -75.99750000000002,
              7.908611111111111
            ],
            [
              -75.99777777777778,
              7.908611111111111
            ],
            [
              -75.99777777777778,
              7.909166666666667
            ],
            [
              -75.99805555555557,
              7.909166666666667
            ],
            [
              -75.99805555555557,
              7.91
            ],
            [
              -75.99861111111112,
              7.91
            ],
            [
              -75.99861111111112,
              7.910277777777778
            ],
            [
              -75.9988888888889,
              7.910277777777778
            ],
            [
              -75.9988888888889,
              7.910555555555556
            ],
            [
              -75.99916666666668,
              7.910555555555556
            ],
            [
              -75.99916666666668,
              7.910277777777778
            ],
            [
              -76.00000000000001,
              7.910277777777778
            ],
            [
              -76.00000000000001,
              7.910555555555556
            ],
            [
              -76.0002777777778,
              7.910555555555556
            ],
            [
              -76.0002777777778,
              7.910277777777778
            ],
            [
              -76.00083333333335,
              7.910277777777778
            ],
            [
              -76.00083333333335,
              7.91
            ],
            [
              -76.0013888888889,
              7.91
            ],
            [
              -76.0013888888889,
              7.909722222222222
            ],
            [
              -76.00166666666668,
              7.909722222222222
            ],
            [
              -76.00166666666668,
              7.91
            ],
            [
              -76.00194444444446,
              7.91
            ],
            [
              -76.00194444444446,
              7.910277777777778
            ],
            [
              -76.00222222222223,
              7.910277777777778
            ],
            [
              -76.00222222222223,
              7.910555555555556
            ],
            [
              -76.00305555555556,
              7.910555555555556
            ],
            [
              -76.00305555555556,
              7.910277777777778
            ],
            [
              -76.00333333333334,
              7.910277777777778
            ],
            [
              -76.00333333333334,
              7.91
            ],
            [
              -76.0038888888889,
              7.91
            ],
            [
              -76.0038888888889,
              7.9094444444444445
            ],
            [
              -76.00416666666668,
              7.9094444444444445
            ],
            [
              -76.00416666666668,
              7.909166666666667
            ],
            [
              -76.00444444444446,
              7.909166666666667
            ],
            [
              -76.00444444444446,
              7.908888888888889
            ],
            [
              -76.00472222222223,
              7.908888888888889
            ],
            [
              -76.00472222222223,
              7.908333333333333
            ],
            [
              -76.00666666666667,
              7.908333333333333
            ],
            [
              -76.00666666666667,
              7.908888888888889
            ],
            [
              -76.00694444444446,
              7.908888888888889
            ],
            [
              -76.00694444444446,
              7.909166666666667
            ],
            [
              -76.00750000000001,
              7.909166666666667
            ],
            [
              -76.00750000000001,
              7.9094444444444445
            ],
            [
              -76.00833333333334,
              7.9094444444444445
            ],
            [
              -76.00833333333334,
              7.909722222222222
            ],
            [
              -76.00861111111112,
              7.909722222222222
            ],
            [
              -76.00861111111112,
              7.91
            ],
            [
              -76.01,
              7.91
            ],
            [
              -76.01,
              7.909722222222222
            ],
            [
              -76.01027777777779,
              7.909722222222222
            ],
            [
              -76.01027777777779,
              7.910833333333334
            ],
            [
              -76.01055555555557,
              7.910833333333334
            ],
            [
              -76.01055555555557,
              7.911388888888888
            ],
            [
              -76.01083333333335,
              7.911388888888888
            ],
            [
              -76.01083333333335,
              7.913888888888889
            ],
            [
              -76.01111111111112,
              7.913888888888889
            ],
            [
              -76.01111111111112,
              7.914166666666667
            ],
            [
              -76.0113888888889,
              7.914166666666667
            ],
            [
              -76.0113888888889,
              7.915277777777778
            ],
            [
              -76.01111111111112,
              7.915277777777778
            ],
            [
              -76.01111111111112,
              7.916944444444444
            ],
            [
              -76.0113888888889,
              7.916944444444444
            ],
            [
              -76.0113888888889,
              7.9174999999999995
            ],
            [
              -76.01166666666668,
              7.9174999999999995
            ],
            [
              -76.01166666666668,
              7.917777777777777
            ],
            [
              -76.0113888888889,
              7.917777777777777
            ],
            [
              -76.0113888888889,
              7.918611111111111
            ],
            [
              -76.01166666666668,
              7.918611111111111
            ],
            [
              -76.01166666666668,
              7.9191666666666665
            ],
            [
              -76.0113888888889,
              7.9191666666666665
            ],
            [
              -76.0113888888889,
              7.92
            ],
            [
              -76.01166666666668,
              7.92
            ],
            [
              -76.01166666666668,
              7.920277777777778
            ],
            [
              -76.01194444444445,
              7.920277777777778
            ],
            [
              -76.01194444444445,
              7.921111111111111
            ],
            [
              -76.01222222222223,
              7.921111111111111
            ],
            [
              -76.01222222222223,
              7.921666666666667
            ],
            [
              -76.01250000000002,
              7.921666666666667
            ],
            [
              -76.01250000000002,
              7.921944444444445
            ],
            [
              -76.01361111111112,
              7.921944444444445
            ],
            [
              -76.01361111111112,
              7.9222222222222225
            ],
            [
              -76.0138888888889,
              7.9222222222222225
            ],
            [
              -76.0138888888889,
              7.922777777777777
            ],
            [
              -76.01361111111112,
              7.922777777777777
            ],
            [
              -76.01361111111112,
              7.923333333333333
            ],
            [
              -76.01333333333335,
              7.923333333333333
            ],
            [
              -76.01333333333335,
              7.923611111111111
            ],
            [
              -76.01305555555557,
              7.923611111111111
            ],
            [
              -76.01305555555557,
              7.924166666666666
            ],
            [
              -76.01277777777779,
              7.924166666666666
            ],
            [
              -76.01277777777779,
              7.924444444444444
            ],
            [
              -76.01250000000002,
              7.924444444444444
            ],
            [
              -76.01250000000002,
              7.925
            ],
            [
              -76.01222222222223,
              7.925
            ],
            [
              -76.01222222222223,
              7.925277777777778
            ],
            [
              -76.01111111111112,
              7.925277777777778
            ],
            [
              -76.01111111111112,
              7.9255555555555555
            ],
            [
              -76.01083333333335,
              7.9255555555555555
            ],
            [
              -76.01083333333335,
              7.925833333333333
            ],
            [
              -76.01027777777779,
              7.925833333333333
            ],
            [
              -76.01027777777779,
              7.926111111111111
            ],
            [
              -76.01,
              7.926111111111111
            ],
            [
              -76.01,
              7.926388888888889
            ],
            [
              -76.00972222222224,
              7.926388888888889
            ],
            [
              -76.00972222222224,
              7.926666666666667
            ],
            [
              -76.00805555555557,
              7.926666666666667
            ],
            [
              -76.00805555555557,
              7.926944444444445
            ],
            [
              -76.0063888888889,
              7.926944444444445
            ],
            [
              -76.0063888888889,
              7.9275
            ],
            [
              -76.00333333333334,
              7.9275
            ],
            [
              -76.00333333333334,
              7.927777777777778
            ],
            [
              -76.00194444444446,
              7.927777777777778
            ],
            [
              -76.00194444444446,
              7.9275
            ],
            [
              -76.00083333333335,
              7.9275
            ],
            [
              -76.00083333333335,
              7.927777777777778
            ],
            [
              -76.00055555555556,
              7.927777777777778
            ],
            [
              -76.00055555555556,
              7.928611111111111
            ],
            [
              -76.0002777777778,
              7.928611111111111
            ],
            [
              -76.0002777777778,
              7.928888888888888
            ],
            [
              -76.00000000000001,
              7.928888888888888
            ],
            [
              -76.00000000000001,
              7.929166666666666
            ],
            [
              -75.99944444444445,
              7.929166666666666
            ],
            [
              -75.99944444444445,
              7.929444444444444
            ],
            [
              -75.99916666666668,
              7.929444444444444
            ],
            [
              -75.99916666666668,
              7.93
            ],
            [
              -75.9988888888889,
              7.93
            ],
            [
              -75.9988888888889,
              7.930555555555555
            ],
            [
              -75.99833333333335,
              7.930555555555555
            ],
            [
              -75.99833333333335,
              7.930833333333333
            ],
            [
              -75.99805555555557,
              7.930833333333333
            ],
            [
              -75.99805555555557,
              7.931388888888889
            ],
            [
              -75.99777777777778,
              7.931388888888889
            ],
            [
              -75.99777777777778,
              7.9319444444444445
            ],
            [
              -75.99750000000002,
              7.9319444444444445
            ],
            [
              -75.99750000000002,
              7.932222222222222
            ],
            [
              -75.99722222222223,
              7.932222222222222
            ],
            [
              -75.99722222222223,
              7.932777777777778
            ],
            [
              -75.99694444444445,
              7.932777777777778
            ],
            [
              -75.99694444444445,
              7.933055555555556
            ],
            [
              -75.9963888888889,
              7.933055555555556
            ],
            [
              -75.9963888888889,
              7.933333333333334
            ],
            [
              -75.99611111111112,
              7.933333333333334
            ],
            [
              -75.99611111111112,
              7.9336111111111105
            ],
            [
              -75.99527777777779,
              7.9336111111111105
            ],
            [
              -75.99527777777779,
              7.933333333333334
            ],
            [
              -75.99500000000002,
              7.933333333333334
            ],
            [
              -75.99500000000002,
              7.9336111111111105
            ],
            [
              -75.99416666666667,
              7.9336111111111105
            ],
            [
              -75.99416666666667,
              7.933888888888889
            ],
            [
              -75.9938888888889,
              7.933888888888889
            ],
            [
              -75.9938888888889,
              7.934166666666666
            ],
            [
              -75.99222222222224,
              7.934166666666666
            ],
            [
              -75.99222222222224,
              7.934444444444444
            ],
            [
              -75.99027777777779,
              7.934444444444444
            ],
            [
              -75.99027777777779,
              7.934722222222222
            ],
            [
              -75.9888888888889,
              7.934722222222222
            ],
            [
              -75.9888888888889,
              7.935
            ],
            [
              -75.98833333333334,
              7.935
            ],
            [
              -75.98833333333334,
              7.935277777777777
            ],
            [
              -75.98805555555556,
              7.935277777777777
            ],
            [
              -75.98805555555556,
              7.935555555555555
            ],
            [
              -75.98750000000001,
              7.935555555555555
            ],
            [
              -75.98750000000001,
              7.936388888888889
            ],
            [
              -75.98722222222223,
              7.936388888888889
            ],
            [
              -75.98722222222223,
              7.9366666666666665
            ],
            [
              -75.98694444444446,
              7.9366666666666665
            ],
            [
              -75.98694444444446,
              7.9375
            ],
            [
              -75.98666666666668,
              7.9375
            ],
            [
              -75.98666666666668,
              7.939166666666667
            ],
            [
              -75.9863888888889,
              7.939166666666667
            ],
            [
              -75.9863888888889,
              7.939722222222222
            ],
            [
              -75.98611111111113,
              7.939722222222222
            ],
            [
              -75.98611111111113,
              7.940277777777777
            ],
            [
              -75.98555555555556,
              7.940277777777777
            ],
            [
              -75.98555555555556,
              7.940555555555555
            ],
            [
              -75.9852777777778,
              7.940555555555555
            ],
            [
              -75.9852777777778,
              7.940833333333333
            ],
            [
              -75.98500000000001,
              7.940833333333333
            ],
            [
              -75.98500000000001,
              7.941111111111111
            ],
            [
              -75.98444444444446,
              7.941111111111111
            ],
            [
              -75.98444444444446,
              7.941388888888889
            ],
            [
              -75.98416666666668,
              7.941388888888889
            ],
            [
              -75.98416666666668,
              7.941666666666666
            ],
            [
              -75.98250000000002,
              7.941666666666666
            ],
            [
              -75.98250000000002,
              7.941388888888889
            ],
            [
              -75.98194444444445,
              7.941388888888889
            ],
            [
              -75.98194444444445,
              7.940833333333333
            ],
            [
              -75.98083333333335,
              7.940833333333333
            ],
            [
              -75.98083333333335,
              7.941111111111111
            ],
            [
              -75.98055555555557,
              7.941111111111111
            ],
            [
              -75.98055555555557,
              7.941388888888889
            ],
            [
              -75.97972222222224,
              7.941388888888889
            ],
            [
              -75.97972222222224,
              7.941111111111111
            ],
            [
              -75.97916666666669,
              7.941111111111111
            ],
            [
              -75.97916666666669,
              7.941388888888889
            ],
            [
              -75.97944444444445,
              7.941388888888889
            ],
            [
              -75.97944444444445,
              7.944166666666667
            ],
            [
              -75.97972222222224,
              7.944166666666667
            ],
            [
              -75.97972222222224,
              7.9447222222222225
            ],
            [
              -75.98000000000002,
              7.9447222222222225
            ],
            [
              -75.98000000000002,
              7.945277777777777
            ],
            [
              -75.98027777777779,
              7.945277777777777
            ],
            [
              -75.98027777777779,
              7.946111111111111
            ],
            [
              -75.98055555555557,
              7.946111111111111
            ],
            [
              -75.98055555555557,
              7.9463888888888885
            ],
            [
              -75.98083333333335,
              7.9463888888888885
            ],
            [
              -75.98083333333335,
              7.947222222222222
            ],
            [
              -75.98055555555557,
              7.947222222222222
            ],
            [
              -75.98055555555557,
              7.948055555555555
            ],
            [
              -75.98027777777779,
              7.948055555555555
            ],
            [
              -75.98027777777779,
              7.948333333333333
            ],
            [
              -75.98000000000002,
              7.948333333333333
            ],
            [
              -75.98000000000002,
              7.948611111111111
            ],
            [
              -75.97972222222224,
              7.948611111111111
            ],
            [
              -75.97972222222224,
              7.949166666666667
            ],
            [
              -75.97944444444445,
              7.949166666666667
            ],
            [
              -75.97944444444445,
              7.95
            ],
            [
              -75.97916666666669,
              7.95
            ],
            [
              -75.97916666666669,
              7.950555555555556
            ],
            [
              -75.97944444444445,
              7.950555555555556
            ],
            [
              -75.97944444444445,
              7.951111111111111
            ],
            [
              -75.97916666666669,
              7.951111111111111
            ],
            [
              -75.97916666666669,
              7.951666666666666
            ],
            [
              -75.97944444444445,
              7.951666666666666
            ],
            [
              -75.97944444444445,
              7.9525
            ],
            [
              -75.97972222222224,
              7.9525
            ],
            [
              -75.97972222222224,
              7.9527777777777775
            ],
            [
              -75.98000000000002,
              7.9527777777777775
            ],
            [
              -75.98000000000002,
              7.953333333333333
            ],
            [
              -75.97944444444445,
              7.953333333333333
            ],
            [
              -75.97944444444445,
              7.953611111111111
            ],
            [
              -75.97916666666669,
              7.953611111111111
            ],
            [
              -75.97916666666669,
              7.954166666666667
            ],
            [
              -75.9788888888889,
              7.954166666666667
            ],
            [
              -75.9788888888889,
              7.955555555555556
            ],
            [
              -75.97861111111112,
              7.955555555555556
            ],
            [
              -75.97861111111112,
              7.9558333333333335
            ],
            [
              -75.97833333333334,
              7.9558333333333335
            ],
            [
              -75.97833333333334,
              7.956666666666666
            ],
            [
              -75.97805555555557,
              7.956666666666666
            ],
            [
              -75.97805555555557,
              7.957222222222222
            ],
            [
              -75.97861111111112,
              7.957222222222222
            ],
            [
              -75.97861111111112,
              7.9575
            ],
            [
              -75.9788888888889,
              7.9575
            ],
            [
              -75.9788888888889,
              7.957777777777777
            ],
            [
              -75.97916666666669,
              7.957777777777777
            ],
            [
              -75.97916666666669,
              7.958611111111111
            ],
            [
              -75.97944444444445,
              7.958611111111111
            ],
            [
              -75.97944444444445,
              7.959444444444444
            ],
            [
              -75.9788888888889,
              7.959444444444444
            ],
            [
              -75.9788888888889,
              7.96
            ],
            [
              -75.97861111111112,
              7.96
            ],
            [
              -75.97861111111112,
              7.960555555555556
            ],
            [
              -75.97833333333334,
              7.960555555555556
            ],
            [
              -75.97833333333334,
              7.960833333333333
            ],
            [
              -75.97805555555557,
              7.960833333333333
            ],
            [
              -75.97805555555557,
              7.961388888888889
            ],
            [
              -75.97777777777779,
              7.961388888888889
            ],
            [
              -75.97777777777779,
              7.963055555555555
            ],
            [
              -75.9775,
              7.963055555555555
            ],
            [
              -75.9775,
              7.963333333333333
            ],
            [
              -75.97722222222224,
              7.963333333333333
            ],
            [
              -75.97722222222224,
              7.963611111111111
            ],
            [
              -75.97694444444446,
              7.963611111111111
            ],
            [
              -75.97694444444446,
              7.963888888888889
            ],
            [
              -75.97666666666667,
              7.963888888888889
            ],
            [
              -75.97666666666667,
              7.964444444444444
            ],
            [
              -75.97694444444446,
              7.964444444444444
            ],
            [
              -75.97694444444446,
              7.965
            ],
            [
              -75.97722222222224,
              7.965
            ],
            [
              -75.97722222222224,
              7.9655555555555555
            ],
            [
              -75.9775,
              7.9655555555555555
            ],
            [
              -75.9775,
              7.965833333333333
            ],
            [
              -75.97805555555557,
              7.965833333333333
            ],
            [
              -75.97805555555557,
              7.967222222222222
            ],
            [
              -75.97777777777779,
              7.967222222222222
            ],
            [
              -75.97777777777779,
              7.9688888888888885
            ],
            [
              -75.97805555555557,
              7.9688888888888885
            ],
            [
              -75.97805555555557,
              7.969722222222222
            ],
            [
              -75.97777777777779,
              7.969722222222222
            ],
            [
              -75.97777777777779,
              7.971388888888889
            ],
            [
              -75.97722222222224,
              7.971388888888889
            ],
            [
              -75.97722222222224,
              7.971666666666667
            ],
            [
              -75.9775,
              7.971666666666667
            ],
            [
              -75.9775,
              7.9719444444444445
            ],
            [
              -75.97777777777779,
              7.9719444444444445
            ],
            [
              -75.97777777777779,
              7.972222222222222
            ],
            [
              -75.97805555555557,
              7.972222222222222
            ],
            [
              -75.97805555555557,
              7.9725
            ],
            [
              -75.97833333333334,
              7.9725
            ],
            [
              -75.97833333333334,
              7.973055555555556
            ],
            [
              -75.97805555555557,
              7.973055555555556
            ],
            [
              -75.97805555555557,
              7.973888888888888
            ],
            [
              -75.97777777777779,
              7.973888888888888
            ],
            [
              -75.97777777777779,
              7.974166666666666
            ],
            [
              -75.97722222222224,
              7.974166666666666
            ],
            [
              -75.97722222222224,
              7.975
            ],
            [
              -75.97805555555557,
              7.975
            ],
            [
              -75.97805555555557,
              7.9752777777777775
            ],
            [
              -75.97861111111112,
              7.9752777777777775
            ],
            [
              -75.97861111111112,
              7.975555555555555
            ],
            [
              -75.9788888888889,
              7.975555555555555
            ],
            [
              -75.9788888888889,
              7.9752777777777775
            ],
            [
              -75.97944444444445,
              7.9752777777777775
            ],
            [
              -75.97944444444445,
              7.975
            ],
            [
              -75.97972222222224,
              7.975
            ],
            [
              -75.97972222222224,
              7.975555555555555
            ],
            [
              -75.98000000000002,
              7.975555555555555
            ],
            [
              -75.98000000000002,
              7.975833333333333
            ],
            [
              -75.98027777777779,
              7.975833333333333
            ],
            [
              -75.98027777777779,
              7.977222222222222
            ],
            [
              -75.98055555555557,
              7.977222222222222
            ],
            [
              -75.98055555555557,
              7.978888888888889
            ],
            [
              -75.98083333333335,
              7.978888888888889
            ],
            [
              -75.98083333333335,
              7.9799999999999995
            ],
            [
              -75.9813888888889,
              7.9799999999999995
            ],
            [
              -75.9813888888889,
              7.980833333333333
            ],
            [
              -75.98111111111112,
              7.980833333333333
            ],
            [
              -75.98111111111112,
              7.981944444444444
            ],
            [
              -75.98083333333335,
              7.981944444444444
            ],
            [
              -75.98083333333335,
              7.982222222222222
            ],
            [
              -75.98055555555557,
              7.982222222222222
            ],
            [
              -75.98055555555557,
              7.982777777777778
            ],
            [
              -75.98027777777779,
              7.982777777777778
            ],
            [
              -75.98027777777779,
              7.984444444444445
            ],
            [
              -75.98055555555557,
              7.984444444444445
            ],
            [
              -75.98055555555557,
              7.9847222222222225
            ],
            [
              -75.98083333333335,
              7.9847222222222225
            ],
            [
              -75.98083333333335,
              7.984999999999999
            ],
            [
              -75.98111111111112,
              7.984999999999999
            ],
            [
              -75.98111111111112,
              7.985277777777777
            ],
            [
              -75.9813888888889,
              7.985277777777777
            ],
            [
              -75.9813888888889,
              7.9863888888888885
            ],
            [
              -75.98166666666668,
              7.9863888888888885
            ],
            [
              -75.98166666666668,
              7.986944444444444
            ],
            [
              -75.9813888888889,
              7.986944444444444
            ],
            [
              -75.9813888888889,
              7.987222222222222
            ],
            [
              -75.98111111111112,
              7.987222222222222
            ],
            [
              -75.98111111111112,
              7.9875
            ],
            [
              -75.98083333333335,
              7.9875
            ],
            [
              -75.98083333333335,
              7.987777777777778
            ],
            [
              -75.98055555555557,
              7.987777777777778
            ],
            [
              -75.98055555555557,
              7.9880555555555555
            ],
            [
              -75.98027777777779,
              7.9880555555555555
            ],
            [
              -75.98027777777779,
              7.988611111111111
            ],
            [
              -75.98000000000002,
              7.988611111111111
            ],
            [
              -75.98000000000002,
              7.988888888888889
            ],
            [
              -75.98055555555557,
              7.988888888888889
            ],
            [
              -75.98055555555557,
              7.989166666666667
            ],
            [
              -75.98083333333335,
              7.989166666666667
            ],
            [
              -75.98083333333335,
              7.989444444444445
            ],
            [
              -75.98111111111112,
              7.989444444444445
            ],
            [
              -75.98111111111112,
              7.990277777777778
            ],
            [
              -75.9813888888889,
              7.990277777777778
            ],
            [
              -75.9813888888889,
              7.991666666666666
            ],
            [
              -75.98166666666668,
              7.991666666666666
            ],
            [
              -75.98166666666668,
              7.991944444444444
            ],
            [
              -75.9813888888889,
              7.991944444444444
            ],
            [
              -75.9813888888889,
              7.992222222222222
            ],
            [
              -75.98111111111112,
              7.992222222222222
            ],
            [
              -75.98111111111112,
              7.993055555555555
            ],
            [
              -75.9813888888889,
              7.993055555555555
            ],
            [
              -75.9813888888889,
              7.993333333333333
            ],
            [
              -75.98166666666668,
              7.993333333333333
            ],
            [
              -75.98166666666668,
              7.993888888888889
            ],
            [
              -75.98194444444445,
              7.993888888888889
            ],
            [
              -75.98194444444445,
              7.9944444444444445
            ],
            [
              -75.98222222222223,
              7.9944444444444445
            ],
            [
              -75.98222222222223,
              7.995277777777778
            ],
            [
              -75.98194444444445,
              7.995277777777778
            ],
            [
              -75.98194444444445,
              7.995555555555556
            ],
            [
              -75.98222222222223,
              7.995555555555556
            ],
            [
              -75.98222222222223,
              7.996388888888889
            ],
            [
              -75.98250000000002,
              7.996388888888889
            ],
            [
              -75.98250000000002,
              7.9975
            ],
            [
              -75.98277777777778,
              7.9975
            ],
            [
              -75.98277777777778,
              7.998055555555555
            ],
            [
              -75.98305555555557,
              7.998055555555555
            ],
            [
              -75.98305555555557,
              7.998333333333333
            ],
            [
              -75.98361111111112,
              7.998333333333333
            ],
            [
              -75.98361111111112,
              7.998611111111111
            ],
            [
              -75.9838888888889,
              7.998611111111111
            ],
            [
              -75.9838888888889,
              7.998888888888889
            ],
            [
              -75.98416666666668,
              7.998888888888889
            ],
            [
              -75.98416666666668,
              7.9991666666666665
            ],
            [
              -75.98444444444446,
              7.9991666666666665
            ],
            [
              -75.98444444444446,
              7.999444444444444
            ],
            [
              -75.98472222222223,
              7.999444444444444
            ],
            [
              -75.98472222222223,
              7.999722222222222
            ],
            [
              -75.98500000000001,
              7.999722222222222
            ],
            [
              -75.98500000000001,
              8.000277777777777
            ],
            [
              -75.9852777777778,
              8.000277777777777
            ],
            [
              -75.9852777777778,
              8.000833333333333
            ],
            [
              -75.9877777777778,
              8.000833333333333
            ],
            [
              -75.9877777777778,
              8.000555555555556
            ],
            [
              -75.98833333333334,
              8.000555555555556
            ],
            [
              -75.98833333333334,
              8.000277777777777
            ],
            [
              -75.98861111111113,
              8.000277777777777
            ],
            [
              -75.98861111111113,
              8.0
            ],
            [
              -75.9888888888889,
              8.0
            ],
            [
              -75.9888888888889,
              7.999444444444444
            ],
            [
              -75.98916666666668,
              7.999444444444444
            ],
            [
              -75.98916666666668,
              7.9991666666666665
            ],
            [
              -75.98944444444446,
              7.9991666666666665
            ],
            [
              -75.98944444444446,
              7.997777777777777
            ],
            [
              -75.98972222222224,
              7.997777777777777
            ],
            [
              -75.98972222222224,
              7.9975
            ],
            [
              -75.99000000000001,
              7.9975
            ],
            [
              -75.99000000000001,
              7.996944444444444
            ],
            [
              -75.99027777777779,
              7.996944444444444
            ],
            [
              -75.99027777777779,
              7.996388888888889
            ],
            [
              -75.99000000000001,
              7.996388888888889
            ],
            [
              -75.99000000000001,
              7.9961111111111105
            ],
            [
              -75.98972222222224,
              7.9961111111111105
            ],
            [
              -75.98972222222224,
              7.995555555555556
            ],
            [
              -75.98944444444446,
              7.995555555555556
            ],
            [
              -75.98944444444446,
              7.995277777777778
            ],
            [
              -75.98972222222224,
              7.995277777777778
            ],
            [
              -75.98972222222224,
              7.9927777777777775
            ],
            [
              -75.98944444444446,
              7.9927777777777775
            ],
            [
              -75.98944444444446,
              7.991944444444444
            ],
            [
              -75.98916666666668,
              7.991944444444444
            ],
            [
              -75.98916666666668,
              7.991666666666666
            ],
            [
              -75.9888888888889,
              7.991666666666666
            ],
            [
              -75.9888888888889,
              7.991388888888888
            ],
            [
              -75.98833333333334,
              7.991388888888888
            ],
            [
              -75.98833333333334,
              7.990833333333333
            ],
            [
              -75.98805555555556,
              7.990833333333333
            ],
            [
              -75.98805555555556,
              7.990555555555556
            ],
            [
              -75.9877777777778,
              7.990555555555556
            ],
            [
              -75.9877777777778,
              7.989444444444445
            ],
            [
              -75.98750000000001,
              7.989444444444445
            ],
            [
              -75.98750000000001,
              7.989166666666667
            ],
            [
              -75.9877777777778,
              7.989166666666667
            ],
            [
              -75.9877777777778,
              7.988888888888889
            ],
            [
              -75.98833333333334,
              7.988888888888889
            ],
            [
              -75.98833333333334,
              7.988611111111111
            ],
            [
              -75.98861111111113,
              7.988611111111111
            ],
            [
              -75.98861111111113,
              7.987777777777778
            ],
            [
              -75.9888888888889,
              7.987777777777778
            ],
            [
              -75.9888888888889,
              7.9875
            ],
            [
              -75.98916666666668,
              7.9875
            ],
            [
              -75.98916666666668,
              7.986944444444444
            ],
            [
              -75.98944444444446,
              7.986944444444444
            ],
            [
              -75.98944444444446,
              7.9863888888888885
            ],
            [
              -75.98972222222224,
              7.9863888888888885
            ],
            [
              -75.98972222222224,
              7.984999999999999
            ],
            [
              -75.99000000000001,
              7.984999999999999
            ],
            [
              -75.99000000000001,
              7.984444444444445
            ],
            [
              -75.99027777777779,
              7.984444444444445
            ],
            [
              -75.99027777777779,
              7.984166666666667
            ],
            [
              -75.99055555555557,
              7.984166666666667
            ],
            [
              -75.99055555555557,
              7.983333333333333
            ],
            [
              -75.99083333333334,
              7.983333333333333
            ],
            [
              -75.99083333333334,
              7.983055555555556
            ],
            [
              -75.9913888888889,
              7.983055555555556
            ],
            [
              -75.9913888888889,
              7.982777777777778
            ],
            [
              -75.99166666666667,
              7.982777777777778
            ],
            [
              -75.99166666666667,
              7.982222222222222
            ],
            [
              -75.99194444444446,
              7.982222222222222
            ],
            [
              -75.99194444444446,
              7.9816666666666665
            ],
            [
              -75.99222222222224,
              7.9816666666666665
            ],
            [
              -75.99222222222224,
              7.980555555555555
            ],
            [
              -75.99305555555557,
              7.980555555555555
            ],
            [
              -75.99305555555557,
              7.980833333333333
            ],
            [
              -75.99444444444445,
              7.980833333333333
            ],
            [
              -75.99444444444445,
              7.980555555555555
            ],
            [
              -75.99472222222224,
              7.980555555555555
            ],
            [
              -75.99472222222224,
              7.980833333333333
            ],
            [
              -75.99500000000002,
              7.980833333333333
            ],
            [
              -75.99500000000002,
              7.980555555555555
            ],
            [
              -75.99555555555557,
              7.980555555555555
            ],
            [
              -75.99555555555557,
              7.980277777777777
            ],
            [
              -75.99611111111112,
              7.980277777777777
            ],
            [
              -75.99611111111112,
              7.9799999999999995
            ],
            [
              -75.99666666666668,
              7.9799999999999995
            ],
            [
              -75.99666666666668,
              7.979722222222222
            ],
            [
              -75.99944444444445,
              7.979722222222222
            ],
            [
              -75.99944444444445,
              7.979444444444444
            ],
            [
              -76.00111111111113,
              7.979444444444444
            ],
            [
              -76.00111111111113,
              7.979722222222222
            ],
            [
              -76.0013888888889,
              7.979722222222222
            ],
            [
              -76.0013888888889,
              7.9799999999999995
            ],
            [
              -76.00166666666668,
              7.9799999999999995
            ],
            [
              -76.00166666666668,
              7.980277777777777
            ],
            [
              -76.00361111111113,
              7.980277777777777
            ],
            [
              -76.00361111111113,
              7.980555555555555
            ],
            [
              -76.0038888888889,
              7.980555555555555
            ],
            [
              -76.0038888888889,
              7.980833333333333
            ],
            [
              -76.00472222222223,
              7.980833333333333
            ],
            [
              -76.00472222222223,
              7.980555555555555
            ],
            [
              -76.00527777777779,
              7.980555555555555
            ],
            [
              -76.00527777777779,
              7.980833333333333
            ],
            [
              -76.00555555555557,
              7.980833333333333
            ],
            [
              -76.00555555555557,
              7.980555555555555
            ],
            [
              -76.0063888888889,
              7.980555555555555
            ],
            [
              -76.0063888888889,
              7.980277777777777
            ],
            [
              -76.00666666666667,
              7.980277777777777
            ],
            [
              -76.00666666666667,
              7.9799999999999995
            ],
            [
              -76.00694444444446,
              7.9799999999999995
            ],
            [
              -76.00694444444446,
              7.979722222222222
            ],
            [
              -76.00944444444445,
              7.979722222222222
            ],
            [
              -76.00944444444445,
              7.9799999999999995
            ],
            [
              -76.01,
              7.9799999999999995
            ],
            [
              -76.01,
              7.980833333333333
            ],
            [
              -76.01027777777779,
              7.980833333333333
            ],
            [
              -76.01027777777779,
              7.9816666666666665
            ],
            [
              -76.01055555555557,
              7.9816666666666665
            ],
            [
              -76.01055555555557,
              7.981944444444444
            ],
            [
              -76.01083333333335,
              7.981944444444444
            ],
            [
              -76.01083333333335,
              7.982222222222222
            ],
            [
              -76.01111111111112,
              7.982222222222222
            ],
            [
              -76.01111111111112,
              7.9825
            ],
            [
              -76.01194444444445,
              7.9825
            ],
            [
              -76.01194444444445,
              7.982777777777778
            ],
            [
              -76.01222222222223,
              7.982777777777778
            ],
            [
              -76.01222222222223,
              7.983055555555556
            ],
            [
              -76.01250000000002,
              7.983055555555556
            ],
            [
              -76.01250000000002,
              7.983888888888889
            ],
            [
              -76.01277777777779,
              7.983888888888889
            ],
            [
              -76.01277777777779,
              7.984166666666667
            ],
            [
              -76.01305555555557,
              7.984166666666667
            ],
            [
              -76.01305555555557,
              7.984444444444445
            ],
            [
              -76.01333333333335,
              7.984444444444445
            ],
            [
              -76.01333333333335,
              7.9847222222222225
            ],
            [
              -76.01361111111112,
              7.9847222222222225
            ],
            [
              -76.01361111111112,
              7.9875
            ],
            [
              -76.01416666666668,
              7.9875
            ],
            [
              -76.01416666666668,
              7.987777777777778
            ],
            [
              -76.01444444444445,
              7.987777777777778
            ],
            [
              -76.01444444444445,
              7.9880555555555555
            ],
            [
              -76.01472222222223,
              7.9880555555555555
            ],
            [
              -76.01472222222223,
              7.987777777777778
            ],
            [
              -76.01500000000001,
              7.987777777777778
            ],
            [
              -76.01500000000001,
              7.9880555555555555
            ],
            [
              -76.01527777777778,
              7.9880555555555555
            ],
            [
              -76.01527777777778,
              7.988333333333333
            ],
            [
              -76.01555555555557,
              7.988333333333333
            ],
            [
              -76.01555555555557,
              7.988611111111111
            ],
            [
              -76.01583333333335,
              7.988611111111111
            ],
            [
              -76.01583333333335,
              7.988888888888889
            ],
            [
              -76.01611111111113,
              7.988888888888889
            ],
            [
              -76.01611111111113,
              7.988611111111111
            ],
            [
              -76.01666666666668,
              7.988611111111111
            ],
            [
              -76.01666666666668,
              7.988333333333333
            ],
            [
              -76.01722222222223,
              7.988333333333333
            ],
            [
              -76.01722222222223,
              7.9880555555555555
            ],
            [
              -76.0177777777778,
              7.9880555555555555
            ],
            [
              -76.0177777777778,
              7.987777777777778
            ],
            [
              -76.01833333333335,
              7.987777777777778
            ],
            [
              -76.01833333333335,
              7.9880555555555555
            ],
            [
              -76.0188888888889,
              7.9880555555555555
            ],
            [
              -76.0188888888889,
              7.988333333333333
            ],
            [
              -76.01916666666668,
              7.988333333333333
            ],
            [
              -76.01916666666668,
              7.988611111111111
            ],
            [
              -76.01944444444446,
              7.988611111111111
            ],
            [
              -76.01944444444446,
              7.988888888888889
            ],
            [
              -76.01972222222223,
              7.988888888888889
            ],
            [
              -76.01972222222223,
              7.989166666666667
            ],
            [
              -76.02000000000001,
              7.989166666666667
            ],
            [
              -76.02000000000001,
              7.989444444444445
            ],
            [
              -76.02027777777779,
              7.989444444444445
            ],
            [
              -76.02027777777779,
              7.989722222222222
            ],
            [
              -76.02055555555556,
              7.989722222222222
            ],
            [
              -76.02055555555556,
              7.990277777777778
            ],
            [
              -76.02083333333334,
              7.990277777777778
            ],
            [
              -76.02083333333334,
              7.990555555555556
            ],
            [
              -76.02138888888891,
              7.990555555555556
            ],
            [
              -76.02138888888891,
              7.990833333333333
            ],
            [
              -76.02166666666668,
              7.990833333333333
            ],
            [
              -76.02166666666668,
              7.991111111111111
            ],
            [
              -76.02194444444446,
              7.991111111111111
            ],
            [
              -76.02194444444446,
              7.991388888888888
            ],
            [
              -76.02222222222224,
              7.991388888888888
            ],
            [
              -76.02222222222224,
              7.991944444444444
            ],
            [
              -76.02250000000001,
              7.991944444444444
            ],
            [
              -76.02250000000001,
              7.992222222222222
            ],
            [
              -76.02277777777779,
              7.992222222222222
            ],
            [
              -76.02277777777779,
              7.9925
            ],
            [
              -76.02305555555557,
              7.9925
            ],
            [
              -76.02305555555557,
              7.9927777777777775
            ],
            [
              -76.0238888888889,
              7.9927777777777775
            ],
            [
              -76.0238888888889,
              7.993055555555555
            ],
            [
              -76.02444444444446,
              7.993055555555555
            ],
            [
              -76.02444444444446,
              7.993333333333333
            ],
            [
              -76.02472222222224,
              7.993333333333333
            ],
            [
              -76.02472222222224,
              7.993888888888889
            ],
            [
              -76.025,
              7.993888888888889
            ],
            [
              -76.025,
              7.995
            ],
            [
              -76.02472222222224,
              7.995
            ],
            [
              -76.02472222222224,
              7.995555555555556
            ],
            [
              -76.02444444444446,
              7.995555555555556
            ],
            [
              -76.02444444444446,
              7.9961111111111105
            ],
            [
              -76.025,
              7.9961111111111105
            ],
            [
              -76.025,
              7.996388888888889
            ],
            [
              -76.02527777777779,
              7.996388888888889
            ],
            [
              -76.02527777777779,
              7.996666666666666
            ],
            [
              -76.02583333333334,
              7.996666666666666
            ],
            [
              -76.02583333333334,
              7.996944444444444
            ],
            [
              -76.02694444444445,
              7.996944444444444
            ],
            [
              -76.02694444444445,
              7.9975
            ],
            [
              -76.02722222222224,
              7.9975
            ],
            [
              -76.02722222222224,
              7.997777777777777
            ],
            [
              -76.02750000000002,
              7.997777777777777
            ],
            [
              -76.02750000000002,
              7.998055555555555
            ],
            [
              -76.02777777777779,
              7.998055555555555
            ],
            [
              -76.02777777777779,
              7.998333333333333
            ],
            [
              -76.02805555555557,
              7.998333333333333
            ],
            [
              -76.02805555555557,
              7.999444444444444
            ],
            [
              -76.02777777777779,
              7.999444444444444
            ],
            [
              -76.02777777777779,
              8.0
            ],
            [
              -76.02750000000002,
              8.0
            ],
            [
              -76.02750000000002,
              8.000555555555556
            ],
            [
              -76.02722222222224,
              8.000555555555556
            ],
            [
              -76.02722222222224,
              8.001666666666667
            ],
            [
              -76.02750000000002,
              8.001666666666667
            ],
            [
              -76.02750000000002,
              8.001944444444444
            ],
            [
              -76.02944444444445,
              8.001944444444444
            ],
            [
              -76.02944444444445,
              8.002222222222223
            ],
            [
              -76.03083333333335,
              8.002222222222223
            ],
            [
              -76.03083333333335,
              8.0025
            ],
            [
              -76.0313888888889,
              8.0025
            ],
            [
              -76.0313888888889,
              8.002777777777778
            ],
            [
              -76.03222222222223,
              8.002777777777778
            ],
            [
              -76.03222222222223,
              8.003055555555555
            ],
            [
              -76.03194444444446,
              8.003055555555555
            ],
            [
              -76.03194444444446,
              8.004166666666666
            ],
            [
              -76.03222222222223,
              8.004166666666666
            ],
            [
              -76.03222222222223,
              8.004444444444445
            ],
            [
              -76.03250000000001,
              8.004444444444445
            ],
            [
              -76.03250000000001,
              8.004722222222222
            ],
            [
              -76.0327777777778,
              8.004722222222222
            ],
            [
              -76.0327777777778,
              8.005555555555555
            ],
            [
              -76.03333333333335,
              8.005555555555555
            ],
            [
              -76.03333333333335,
              8.005833333333333
            ],
            [
              -76.03361111111113,
              8.005833333333333
            ],
            [
              -76.03361111111113,
              8.00611111111111
            ],
            [
              -76.0338888888889,
              8.00611111111111
            ],
            [
              -76.0338888888889,
              8.006388888888889
            ],
            [
              -76.03444444444446,
              8.006388888888889
            ],
            [
              -76.03444444444446,
              8.0075
            ],
            [
              -76.03416666666668,
              8.0075
            ],
            [
              -76.03416666666668,
              8.008055555555556
            ],
            [
              -76.03500000000001,
              8.008055555555556
            ],
            [
              -76.03500000000001,
              8.007777777777777
            ],
            [
              -76.03555555555556,
              8.007777777777777
            ],
            [
              -76.03555555555556,
              8.0075
            ],
            [
              -76.03611111111113,
              8.0075
            ],
            [
              -76.03611111111113,
              8.007222222222222
            ],
            [
              -76.03666666666668,
              8.007222222222222
            ],
            [
              -76.03666666666668,
              8.006944444444445
            ],
            [
              -76.03722222222224,
              8.006944444444445
            ],
            [
              -76.03722222222224,
              8.007222222222222
            ],
            [
              -76.03777777777779,
              8.007222222222222
            ],
            [
              -76.03777777777779,
              8.0075
            ],
            [
              -76.03805555555557,
              8.0075
            ],
            [
              -76.03805555555557,
              8.007777777777777
            ],
            [
              -76.03833333333334,
              8.007777777777777
            ],
            [
              -76.03833333333334,
              8.008611111111112
            ],
            [
              -76.03861111111112,
              8.008611111111112
            ],
            [
              -76.03861111111112,
              8.008888888888889
            ],
            [
              -76.0388888888889,
              8.008888888888889
            ],
            [
              -76.0388888888889,
              8.009444444444444
            ],
            [
              -76.03916666666667,
              8.009444444444444
            ],
            [
              -76.03916666666667,
              8.010277777777778
            ],
            [
              -76.03972222222224,
              8.010277777777778
            ],
            [
              -76.03972222222224,
              8.010833333333332
            ],
            [
              -76.04,
              8.010833333333332
            ],
            [
              -76.04,
              8.011388888888888
            ],
            [
              -76.04027777777779,
              8.011388888888888
            ],
            [
              -76.04027777777779,
              8.011666666666667
            ],
            [
              -76.0413888888889,
              8.011666666666667
            ],
            [
              -76.0413888888889,
              8.011944444444444
            ],
            [
              -76.04250000000002,
              8.011944444444444
            ],
            [
              -76.04250000000002,
              8.011666666666667
            ],
            [
              -76.04305555555557,
              8.011666666666667
            ],
            [
              -76.04305555555557,
              8.011388888888888
            ],
            [
              -76.04555555555557,
              8.011388888888888
            ],
            [
              -76.04555555555557,
              8.011666666666667
            ],
            [
              -76.04694444444446,
              8.011666666666667
            ],
            [
              -76.04694444444446,
              8.011388888888888
            ],
            [
              -76.04722222222223,
              8.011388888888888
            ],
            [
              -76.04722222222223,
              8.010833333333332
            ],
            [
              -76.04750000000001,
              8.010833333333332
            ],
            [
              -76.04750000000001,
              8.010555555555555
            ],
            [
              -76.04805555555556,
              8.010555555555555
            ],
            [
              -76.04805555555556,
              8.010277777777778
            ],
            [
              -76.0488888888889,
              8.010277777777778
            ],
            [
              -76.0488888888889,
              8.01
            ],
            [
              -76.05055555555556,
              8.01
            ],
            [
              -76.05055555555556,
              8.010277777777778
            ],
            [
              -76.05083333333334,
              8.010277777777778
            ],
            [
              -76.05083333333334,
              8.01
            ],
            [
              -76.0513888888889,
              8.01
            ],
            [
              -76.0513888888889,
              8.010277777777778
            ],
            [
              -76.05166666666668,
              8.010277777777778
            ],
            [
              -76.05166666666668,
              8.010833333333332
            ],
            [
              -76.0513888888889,
              8.010833333333332
            ],
            [
              -76.0513888888889,
              8.011944444444444
            ],
            [
              -76.05166666666668,
              8.011944444444444
            ],
            [
              -76.05166666666668,
              8.0125
            ],
            [
              -76.05250000000001,
              8.0125
            ],
            [
              -76.05250000000001,
              8.012777777777778
            ],
            [
              -76.05277777777779,
              8.012777777777778
            ],
            [
              -76.05277777777779,
              8.013333333333334
            ],
            [
              -76.05305555555557,
              8.013333333333334
            ],
            [
              -76.05305555555557,
              8.01361111111111
            ],
            [
              -76.05444444444446,
              8.01361111111111
            ],
            [
              -76.05444444444446,
              8.013333333333334
            ],
            [
              -76.05472222222224,
              8.013333333333334
            ],
            [
              -76.05472222222224,
              8.013055555555555
            ],
            [
              -76.055,
              8.013055555555555
            ],
            [
              -76.055,
              8.012777777777778
            ],
            [
              -76.05555555555557,
              8.012777777777778
            ],
            [
              -76.05555555555557,
              8.013055555555555
            ],
            [
              -76.05583333333334,
              8.013055555555555
            ],
            [
              -76.05583333333334,
              8.013333333333334
            ],
            [
              -76.05611111111112,
              8.013333333333334
            ],
            [
              -76.05611111111112,
              8.01361111111111
            ],
            [
              -76.05750000000002,
              8.01361111111111
            ],
            [
              -76.05750000000002,
              8.01388888888889
            ],
            [
              -76.05833333333335,
              8.01388888888889
            ],
            [
              -76.05833333333335,
              8.01361111111111
            ],
            [
              -76.05944444444445,
              8.01361111111111
            ],
            [
              -76.05944444444445,
              8.013333333333334
            ],
            [
              -76.05972222222223,
              8.013333333333334
            ],
            [
              -76.05972222222223,
              8.013055555555555
            ],
            [
              -76.06027777777778,
              8.013055555555555
            ],
            [
              -76.06027777777778,
              8.012777777777778
            ],
            [
              -76.06055555555557,
              8.012777777777778
            ],
            [
              -76.06055555555557,
              8.0125
            ],
            [
              -76.06166666666668,
              8.0125
            ],
            [
              -76.06166666666668,
              8.012777777777778
            ],
            [
              -76.06250000000001,
              8.012777777777778
            ],
            [
              -76.06250000000001,
              8.013055555555555
            ],
            [
              -76.06305555555556,
              8.013055555555555
            ],
            [
              -76.06305555555556,
              8.012777777777778
            ],
            [
              -76.0638888888889,
              8.012777777777778
            ],
            [
              -76.0638888888889,
              8.013055555555555
            ],
            [
              -76.06472222222223,
              8.013055555555555
            ],
            [
              -76.06472222222223,
              8.013333333333334
            ],
            [
              -76.06500000000001,
              8.013333333333334
            ],
            [
              -76.06500000000001,
              8.01361111111111
            ],
            [
              -76.06583333333334,
              8.01361111111111
            ],
            [
              -76.06583333333334,
              8.011666666666667
            ],
            [
              -76.06611111111113,
              8.011666666666667
            ],
            [
              -76.06611111111113,
              8.011388888888888
            ],
            [
              -76.0663888888889,
              8.011388888888888
            ],
            [
              -76.0663888888889,
              8.011111111111111
            ],
            [
              -76.06694444444446,
              8.011111111111111
            ],
            [
              -76.06694444444446,
              8.010833333333332
            ],
            [
              -76.06722222222223,
              8.010833333333332
            ],
            [
              -76.06722222222223,
              8.010277777777778
            ],
            [
              -76.06777777777779,
              8.010277777777778
            ],
            [
              -76.06777777777779,
              8.01
            ],
            [
              -76.06861111111112,
              8.01
            ],
            [
              -76.06861111111112,
              8.009722222222223
            ],
            [
              -76.06916666666667,
              8.009722222222223
            ],
            [
              -76.06916666666667,
              8.009444444444444
            ],
            [
              -76.06972222222224,
              8.009444444444444
            ],
            [
              -76.06972222222224,
              8.009166666666667
            ],
            [
              -76.07000000000001,
              8.009166666666667
            ],
            [
              -76.07000000000001,
              8.008888888888889
            ],
            [
              -76.07166666666667,
              8.008888888888889
            ],
            [
              -76.07166666666667,
              8.009166666666667
            ],
            [
              -76.07222222222224,
              8.009166666666667
            ],
            [
              -76.07222222222224,
              8.008888888888889
            ],
            [
              -76.0725,
              8.008888888888889
            ],
            [
              -76.0725,
              8.008333333333333
            ],
            [
              -76.07277777777779,
              8.008333333333333
            ],
            [
              -76.07277777777779,
              8.008055555555556
            ],
            [
              -76.0725,
              8.008055555555556
            ],
            [
              -76.0725,
              8.0075
            ],
            [
              -76.07222222222224,
              8.0075
            ],
            [
              -76.07222222222224,
              8.00611111111111
            ],
            [
              -76.07194444444445,
              8.00611111111111
            ],
            [
              -76.07194444444445,
              8.004999999999999
            ],
            [
              -76.0725,
              8.004999999999999
            ],
            [
              -76.0725,
              8.004722222222222
            ],
            [
              -76.07277777777779,
              8.004722222222222
            ],
            [
              -76.07277777777779,
              8.004444444444445
            ],
            [
              -76.07305555555557,
              8.004444444444445
            ],
            [
              -76.07305555555557,
              8.00388888888889
            ],
            [
              -76.07333333333335,
              8.00388888888889
            ],
            [
              -76.07333333333335,
              8.001944444444444
            ],
            [
              -76.07361111111112,
              8.001944444444444
            ],
            [
              -76.07361111111112,
              8.001666666666667
            ],
            [
              -76.0738888888889,
              8.001666666666667
            ],
            [
              -76.0738888888889,
              8.001388888888888
            ],
            [
              -76.07416666666668,
              8.001388888888888
            ],
            [
              -76.07416666666668,
              8.000833333333333
            ],
            [
              -76.07444444444445,
              8.000833333333333
            ],
            [
              -76.07444444444445,
              8.000555555555556
            ],
            [
              -76.07500000000002,
              8.000555555555556
            ],
            [
              -76.07500000000002,
              8.000277777777777
            ],
            [
              -76.07527777777779,
              8.000277777777777
            ],
            [
              -76.07527777777779,
              8.0
            ],
            [
              -76.07555555555557,
              8.0
            ],
            [
              -76.07555555555557,
              7.999722222222222
            ],
            [
              -76.07583333333335,
              7.999722222222222
            ],
            [
              -76.07583333333335,
              7.999444444444444
            ],
            [
              -76.07611111111112,
              7.999444444444444
            ],
            [
              -76.07611111111112,
              7.997777777777777
            ],
            [
              -76.0763888888889,
              7.997777777777777
            ],
            [
              -76.0763888888889,
              7.9975
            ],
            [
              -76.07694444444445,
              7.9975
            ],
            [
              -76.07694444444445,
              7.997222222222222
            ],
            [
              -76.07722222222223,
              7.997222222222222
            ],
            [
              -76.07722222222223,
              7.996388888888889
            ],
            [
              -76.07750000000001,
              7.996388888888889
            ],
            [
              -76.07750000000001,
              7.995833333333334
            ],
            [
              -76.07777777777778,
              7.995833333333334
            ],
            [
              -76.07777777777778,
              7.995277777777778
            ],
            [
              -76.07805555555557,
              7.995277777777778
            ],
            [
              -76.07805555555557,
              7.994722222222222
            ],
            [
              -76.07833333333335,
              7.994722222222222
            ],
            [
              -76.07833333333335,
              7.9944444444444445
            ],
            [
              -76.07861111111113,
              7.9944444444444445
            ],
            [
              -76.07861111111113,
              7.993888888888889
            ],
            [
              -76.0788888888889,
              7.993888888888889
            ],
            [
              -76.0788888888889,
              7.993611111111111
            ],
            [
              -76.07916666666668,
              7.993611111111111
            ],
            [
              -76.07916666666668,
              7.993333333333333
            ],
            [
              -76.07944444444446,
              7.993333333333333
            ],
            [
              -76.07944444444446,
              7.993055555555555
            ],
            [
              -76.07972222222223,
              7.993055555555555
            ],
            [
              -76.07972222222223,
              7.9927777777777775
            ],
            [
              -76.0813888888889,
              7.9927777777777775
            ],
            [
              -76.0813888888889,
              7.993055555555555
            ],
            [
              -76.08250000000001,
              7.993055555555555
            ],
            [
              -76.08250000000001,
              7.9927777777777775
            ],
            [
              -76.08222222222223,
              7.9927777777777775
            ],
            [
              -76.08222222222223,
              7.991944444444444
            ],
            [
              -76.08250000000001,
              7.991944444444444
            ],
            [
              -76.08250000000001,
              7.991111111111111
            ],
            [
              -76.08277777777779,
              7.991111111111111
            ],
            [
              -76.08277777777779,
              7.989444444444445
            ],
            [
              -76.08305555555556,
              7.989444444444445
            ],
            [
              -76.08305555555556,
              7.989166666666667
            ],
            [
              -76.08333333333334,
              7.989166666666667
            ],
            [
              -76.08333333333334,
              7.988888888888889
            ],
            [
              -76.08361111111113,
              7.988888888888889
            ],
            [
              -76.08361111111113,
              7.988611111111111
            ],
            [
              -76.08388888888891,
              7.988611111111111
            ],
            [
              -76.08388888888891,
              7.988333333333333
            ],
            [
              -76.08416666666668,
              7.988333333333333
            ],
            [
              -76.08416666666668,
              7.9880555555555555
            ],
            [
              -76.08444444444446,
              7.9880555555555555
            ],
            [
              -76.08444444444446,
              7.987777777777778
            ],
            [
              -76.08500000000001,
              7.987777777777778
            ],
            [
              -76.08500000000001,
              7.9875
            ],
            [
              -76.08527777777779,
              7.9875
            ],
            [
              -76.08527777777779,
              7.986111111111111
            ],
            [
              -76.08500000000001,
              7.986111111111111
            ],
            [
              -76.08500000000001,
              7.984166666666667
            ],
            [
              -76.08527777777779,
              7.984166666666667
            ],
            [
              -76.08527777777779,
              7.983888888888889
            ],
            [
              -76.08500000000001,
              7.983888888888889
            ],
            [
              -76.08500000000001,
              7.983333333333333
            ],
            [
              -76.08472222222224,
              7.983333333333333
            ],
            [
              -76.08472222222224,
              7.982777777777778
            ],
            [
              -76.08500000000001,
              7.982777777777778
            ],
            [
              -76.08500000000001,
              7.980555555555555
            ],
            [
              -76.08527777777779,
              7.980555555555555
            ],
            [
              -76.08527777777779,
              7.979444444444444
            ],
            [
              -76.08583333333334,
              7.979444444444444
            ],
            [
              -76.08583333333334,
              7.978611111111111
            ],
            [
              -76.08555555555557,
              7.978611111111111
            ],
            [
              -76.08555555555557,
              7.9783333333333335
            ],
            [
              -76.08583333333334,
              7.9783333333333335
            ],
            [
              -76.08583333333334,
              7.977777777777778
            ],
            [
              -76.08611111111112,
              7.977777777777778
            ],
            [
              -76.08611111111112,
              7.9775
            ],
            [
              -76.0863888888889,
              7.9775
            ],
            [
              -76.0863888888889,
              7.977222222222222
            ],
            [
              -76.08666666666667,
              7.977222222222222
            ],
            [
              -76.08666666666667,
              7.976944444444444
            ],
            [
              -76.08694444444446,
              7.976944444444444
            ],
            [
              -76.08694444444446,
              7.976666666666667
            ],
            [
              -76.08722222222224,
              7.976666666666667
            ],
            [
              -76.08722222222224,
              7.976111111111111
            ],
            [
              -76.08694444444446,
              7.976111111111111
            ],
            [
              -76.08694444444446,
              7.975833333333333
            ],
            [
              -76.08666666666667,
              7.975833333333333
            ],
            [
              -76.08666666666667,
              7.9752777777777775
            ],
            [
              -76.0863888888889,
              7.9752777777777775
            ],
            [
              -76.0863888888889,
              7.974444444444444
            ],
            [
              -76.08666666666667,
              7.974444444444444
            ],
            [
              -76.08666666666667,
              7.973333333333334
            ],
            [
              -76.08694444444446,
              7.973333333333334
            ],
            [
              -76.08694444444446,
              7.973055555555556
            ],
            [
              -76.08666666666667,
              7.973055555555556
            ],
            [
              -76.08666666666667,
              7.972222222222222
            ],
            [
              -76.08694444444446,
              7.972222222222222
            ],
            [
              -76.08694444444446,
              7.971666666666667
            ],
            [
              -76.08722222222224,
              7.971666666666667
            ],
            [
              -76.08722222222224,
              7.970555555555555
            ],
            [
              -76.0875,
              7.970555555555555
            ],
            [
              -76.0875,
              7.969722222222222
            ],
            [
              -76.08777777777779,
              7.969722222222222
            ],
            [
              -76.08777777777779,
              7.968611111111111
            ],
            [
              -76.08805555555557,
              7.968611111111111
            ],
            [
              -76.08805555555557,
              7.968333333333333
            ],
            [
              -76.08833333333334,
              7.968333333333333
            ],
            [
              -76.08833333333334,
              7.967777777777778
            ],
            [
              -76.08861111111112,
              7.967777777777778
            ],
            [
              -76.08861111111112,
              7.965833333333333
            ],
            [
              -76.0888888888889,
              7.965833333333333
            ],
            [
              -76.0888888888889,
              7.965
            ],
            [
              -76.08916666666669,
              7.965
            ],
            [
              -76.08916666666669,
              7.963055555555555
            ],
            [
              -76.08944444444445,
              7.963055555555555
            ],
            [
              -76.08944444444445,
              7.962222222222222
            ],
            [
              -76.08916666666669,
              7.962222222222222
            ],
            [
              -76.08916666666669,
              7.961666666666667
            ],
            [
              -76.08944444444445,
              7.961666666666667
            ],
            [
              -76.08944444444445,
              7.9591666666666665
            ],
            [
              -76.08972222222224,
              7.9591666666666665
            ],
            [
              -76.08972222222224,
              7.958055555555555
            ],
            [
              -76.09000000000002,
              7.958055555555555
            ],
            [
              -76.09000000000002,
              7.956388888888888
            ],
            [
              -76.09027777777779,
              7.956388888888888
            ],
            [
              -76.09027777777779,
              7.954444444444444
            ],
            [
              -76.09055555555557,
              7.954444444444444
            ],
            [
              -76.09055555555557,
              7.954166666666667
            ],
            [
              -76.09027777777779,
              7.954166666666667
            ],
            [
              -76.09027777777779,
              7.953888888888889
            ],
            [
              -76.09055555555557,
              7.953888888888889
            ],
            [
              -76.09055555555557,
              7.9527777777777775
            ],
            [
              -76.09027777777779,
              7.9527777777777775
            ],
            [
              -76.09027777777779,
              7.951388888888888
            ],
            [
              -76.09055555555557,
              7.951388888888888
            ],
            [
              -76.09055555555557,
              7.951111111111111
            ],
            [
              -76.09083333333335,
              7.951111111111111
            ],
            [
              -76.09083333333335,
              7.950277777777778
            ],
            [
              -76.09055555555557,
              7.950277777777778
            ],
            [
              -76.09055555555557,
              7.949722222222222
            ],
            [
              -76.09083333333335,
              7.949722222222222
            ],
            [
              -76.09083333333335,
              7.949166666666667
            ],
            [
              -76.09111111111112,
              7.949166666666667
            ],
            [
              -76.09111111111112,
              7.948333333333333
            ],
            [
              -76.0913888888889,
              7.948333333333333
            ],
            [
              -76.0913888888889,
              7.948055555555555
            ],
            [
              -76.09166666666668,
              7.948055555555555
            ],
            [
              -76.09166666666668,
              7.947222222222222
            ],
            [
              -76.09194444444445,
              7.947222222222222
            ],
            [
              -76.09194444444445,
              7.946666666666666
            ],
            [
              -76.09222222222223,
              7.946666666666666
            ],
            [
              -76.09222222222223,
              7.9463888888888885
            ],
            [
              -76.09277777777778,
              7.9463888888888885
            ],
            [
              -76.09277777777778,
              7.946111111111111
            ],
            [
              -76.09305555555557,
              7.946111111111111
            ],
            [
              -76.09305555555557,
              7.945833333333333
            ],
            [
              -76.09333333333335,
              7.945833333333333
            ],
            [
              -76.09333333333335,
              7.945555555555555
            ],
            [
              -76.09361111111113,
              7.945555555555555
            ],
            [
              -76.09361111111113,
              7.9447222222222225
            ],
            [
              -76.09333333333335,
              7.9447222222222225
            ],
            [
              -76.09333333333335,
              7.944444444444445
            ],
            [
              -76.09361111111113,
              7.944444444444445
            ],
            [
              -76.09361111111113,
              7.944166666666667
            ],
            [
              -76.09333333333335,
              7.944166666666667
            ],
            [
              -76.09333333333335,
              7.9430555555555555
            ],
            [
              -76.09361111111113,
              7.9430555555555555
            ],
            [
              -76.09361111111113,
              7.9425
            ],
            [
              -76.0938888888889,
              7.9425
            ],
            [
              -76.0938888888889,
              7.942222222222222
            ],
            [
              -76.09416666666668,
              7.942222222222222
            ],
            [
              -76.09416666666668,
              7.941944444444444
            ],
            [
              -76.09444444444446,
              7.941944444444444
            ],
            [
              -76.09444444444446,
              7.940833333333333
            ],
            [
              -76.09416666666668,
              7.940833333333333
            ],
            [
              -76.09416666666668,
              7.939722222222222
            ],
            [
              -76.09444444444446,
              7.939722222222222
            ],
            [
              -76.09444444444446,
              7.938888888888889
            ],
            [
              -76.09416666666668,
              7.938888888888889
            ],
            [
              -76.09416666666668,
              7.9383333333333335
            ],
            [
              -76.0938888888889,
              7.9383333333333335
            ],
            [
              -76.0938888888889,
              7.936388888888889
            ],
            [
              -76.09416666666668,
              7.936388888888889
            ],
            [
              -76.09416666666668,
              7.936111111111111
            ],
            [
              -76.0952777777778,
              7.936111111111111
            ],
            [
              -76.0952777777778,
              7.935833333333333
            ],
            [
              -76.09555555555556,
              7.935833333333333
            ],
            [
              -76.09555555555556,
              7.935555555555555
            ],
            [
              -76.09611111111113,
              7.935555555555555
            ],
            [
              -76.09611111111113,
              7.935833333333333
            ],
            [
              -76.0963888888889,
              7.935833333333333
            ],
            [
              -76.0963888888889,
              7.936111111111111
            ],
            [
              -76.09666666666668,
              7.936111111111111
            ],
            [
              -76.09666666666668,
              7.936388888888889
            ],
            [
              -76.09833333333334,
              7.936388888888889
            ],
            [
              -76.09833333333334,
              7.9366666666666665
            ],
            [
              -76.0988888888889,
              7.9366666666666665
            ],
            [
              -76.0988888888889,
              7.936944444444444
            ],
            [
              -76.10083333333334,
              7.936944444444444
            ],
            [
              -76.10083333333334,
              7.937222222222222
            ],
            [
              -76.10194444444446,
              7.937222222222222
            ],
            [
              -76.10194444444446,
              7.936944444444444
            ],
            [
              -76.1025,
              7.936944444444444
            ],
            [
              -76.1025,
              7.9366666666666665
            ],
            [
              -76.10277777777779,
              7.9366666666666665
            ],
            [
              -76.10277777777779,
              7.936388888888889
            ],
            [
              -76.10333333333334,
              7.936388888888889
            ],
            [
              -76.10333333333334,
              7.936111111111111
            ],
            [
              -76.1038888888889,
              7.936111111111111
            ],
            [
              -76.1038888888889,
              7.935833333333333
            ],
            [
              -76.10555555555557,
              7.935833333333333
            ],
            [
              -76.10555555555557,
              7.936111111111111
            ],
            [
              -76.10583333333335,
              7.936111111111111
            ],
            [
              -76.10583333333335,
              7.936388888888889
            ],
            [
              -76.10666666666668,
              7.936388888888889
            ],
            [
              -76.10666666666668,
              7.9366666666666665
            ],
            [
              -76.10750000000002,
              7.9366666666666665
            ],
            [
              -76.10750000000002,
              7.936944444444444
            ],
            [
              -76.10805555555557,
              7.936944444444444
            ],
            [
              -76.10805555555557,
              7.936111111111111
            ],
            [
              -76.10833333333335,
              7.936111111111111
            ],
            [
              -76.10833333333335,
              7.935555555555555
            ],
            [
              -76.10861111111112,
              7.935555555555555
            ],
            [
              -76.10861111111112,
              7.935
            ],
            [
              -76.1088888888889,
              7.935
            ],
            [
              -76.1088888888889,
              7.934722222222222
            ],
            [
              -76.10916666666668,
              7.934722222222222
            ],
            [
              -76.10916666666668,
              7.934444444444444
            ],
            [
              -76.10944444444446,
              7.934444444444444
            ],
            [
              -76.10944444444446,
              7.934166666666666
            ],
            [
              -76.10972222222223,
              7.934166666666666
            ],
            [
              -76.10972222222223,
              7.933888888888889
            ],
            [
              -76.11000000000001,
              7.933888888888889
            ],
            [
              -76.11000000000001,
              7.9336111111111105
            ],
            [
              -76.1102777777778,
              7.9336111111111105
            ],
            [
              -76.1102777777778,
              7.933333333333334
            ],
            [
              -76.11055555555556,
              7.933333333333334
            ],
            [
              -76.11055555555556,
              7.933055555555556
            ],
            [
              -76.11083333333335,
              7.933055555555556
            ],
            [
              -76.11083333333335,
              7.932777777777778
            ],
            [
              -76.11111111111113,
              7.932777777777778
            ],
            [
              -76.11111111111113,
              7.9325
            ],
            [
              -76.1127777777778,
              7.9325
            ],
            [
              -76.1127777777778,
              7.932777777777778
            ],
            [
              -76.11333333333334,
              7.932777777777778
            ],
            [
              -76.11333333333334,
              7.933055555555556
            ],
            [
              -76.11361111111113,
              7.933055555555556
            ],
            [
              -76.11361111111113,
              7.932777777777778
            ],
            [
              -76.11472222222224,
              7.932777777777778
            ],
            [
              -76.11472222222224,
              7.932222222222222
            ],
            [
              -76.11500000000001,
              7.932222222222222
            ],
            [
              -76.11500000000001,
              7.9319444444444445
            ],
            [
              -76.11527777777779,
              7.9319444444444445
            ],
            [
              -76.11527777777779,
              7.931666666666667
            ],
            [
              -76.11583333333334,
              7.931666666666667
            ],
            [
              -76.11583333333334,
              7.931388888888889
            ],
            [
              -76.11666666666667,
              7.931388888888889
            ],
            [
              -76.11666666666667,
              7.931666666666667
            ],
            [
              -76.11694444444446,
              7.931666666666667
            ],
            [
              -76.11694444444446,
              7.9319444444444445
            ],
            [
              -76.1175,
              7.9319444444444445
            ],
            [
              -76.1175,
              7.932222222222222
            ],
            [
              -76.11777777777779,
              7.932222222222222
            ],
            [
              -76.11777777777779,
              7.9325
            ],
            [
              -76.11833333333334,
              7.9325
            ],
            [
              -76.11833333333334,
              7.932222222222222
            ],
            [
              -76.11861111111112,
              7.932222222222222
            ],
            [
              -76.11861111111112,
              7.9319444444444445
            ],
            [
              -76.11972222222224,
              7.9319444444444445
            ],
            [
              -76.11972222222224,
              7.931666666666667
            ],
            [
              -76.12000000000002,
              7.931666666666667
            ],
            [
              -76.12000000000002,
              7.931111111111111
            ],
            [
              -76.12027777777779,
              7.931111111111111
            ],
            [
              -76.12027777777779,
              7.930833333333333
            ],
            [
              -76.12055555555557,
              7.930833333333333
            ],
            [
              -76.12055555555557,
              7.9302777777777775
            ],
            [
              -76.12083333333335,
              7.9302777777777775
            ],
            [
              -76.12083333333335,
              7.93
            ],
            [
              -76.12194444444445,
              7.93
            ],
            [
              -76.12194444444445,
              7.929722222222222
            ],
            [
              -76.12222222222223,
              7.929722222222222
            ],
            [
              -76.12222222222223,
              7.929444444444444
            ],
            [
              -76.12277777777778,
              7.929444444444444
            ],
            [
              -76.12277777777778,
              7.929166666666666
            ],
            [
              -76.12305555555557,
              7.929166666666666
            ],
            [
              -76.12305555555557,
              7.928888888888888
            ],
            [
              -76.12333333333335,
              7.928888888888888
            ],
            [
              -76.12333333333335,
              7.928611111111111
            ],
            [
              -76.12361111111112,
              7.928611111111111
            ],
            [
              -76.12361111111112,
              7.928055555555556
            ],
            [
              -76.1238888888889,
              7.928055555555556
            ],
            [
              -76.1238888888889,
              7.927222222222222
            ],
            [
              -76.12555555555556,
              7.927222222222222
            ],
            [
              -76.12555555555556,
              7.9275
            ],
            [
              -76.1263888888889,
              7.9275
            ],
            [
              -76.1263888888889,
              7.927777777777778
            ],
            [
              -76.12722222222223,
              7.927777777777778
            ],
            [
              -76.12722222222223,
              7.9275
            ],
            [
              -76.12916666666668,
              7.9275
            ],
            [
              -76.12916666666668,
              7.927222222222222
            ],
            [
              -76.13027777777779,
              7.927222222222222
            ],
            [
              -76.13027777777779,
              7.9275
            ],
            [
              -76.13111111111112,
              7.9275
            ],
            [
              -76.13111111111112,
              7.927777777777778
            ],
            [
              -76.1313888888889,
              7.927777777777778
            ],
            [
              -76.1313888888889,
              7.928055555555556
            ],
            [
              -76.13194444444446,
              7.928055555555556
            ],
            [
              -76.13194444444446,
              7.928333333333333
            ],
            [
              -76.13416666666667,
              7.928333333333333
            ],
            [
              -76.13416666666667,
              7.928611111111111
            ],
            [
              -76.1363888888889,
              7.928611111111111
            ],
            [
              -76.1363888888889,
              7.928333333333333
            ],
            [
              -76.13722222222223,
              7.928333333333333
            ],
            [
              -76.13722222222223,
              7.928611111111111
            ],
            [
              -76.13750000000002,
              7.928611111111111
            ],
            [
              -76.13750000000002,
              7.928055555555556
            ],
            [
              -76.13777777777779,
              7.928055555555556
            ],
            [
              -76.13777777777779,
              7.927222222222222
            ],
            [
              -76.13805555555557,
              7.927222222222222
            ],
            [
              -76.13805555555557,
              7.926666666666667
            ],
            [
              -76.13833333333335,
              7.926666666666667
            ],
            [
              -76.13833333333335,
              7.925833333333333
            ],
            [
              -76.13805555555557,
              7.925833333333333
            ],
            [
              -76.13805555555557,
              7.924444444444444
            ],
            [
              -76.13833333333335,
              7.924444444444444
            ],
            [
              -76.13833333333335,
              7.924166666666666
            ],
            [
              -76.13861111111112,
              7.924166666666666
            ],
            [
              -76.13861111111112,
              7.9238888888888885
            ],
            [
              -76.13916666666668,
              7.9238888888888885
            ],
            [
              -76.13916666666668,
              7.923611111111111
            ],
            [
              -76.13944444444445,
              7.923611111111111
            ],
            [
              -76.13944444444445,
              7.923055555555555
            ],
            [
              -76.13972222222223,
              7.923055555555555
            ],
            [
              -76.13972222222223,
              7.922499999999999
            ],
            [
              -76.14000000000001,
              7.922499999999999
            ],
            [
              -76.14000000000001,
              7.9222222222222225
            ],
            [
              -76.14055555555557,
              7.9222222222222225
            ],
            [
              -76.14055555555557,
              7.921944444444445
            ],
            [
              -76.14083333333335,
              7.921944444444445
            ],
            [
              -76.14083333333335,
              7.921666666666667
            ],
            [
              -76.14111111111113,
              7.921666666666667
            ],
            [
              -76.14111111111113,
              7.921388888888889
            ],
            [
              -76.1413888888889,
              7.921388888888889
            ],
            [
              -76.1413888888889,
              7.921111111111111
            ],
            [
              -76.14166666666668,
              7.921111111111111
            ],
            [
              -76.14166666666668,
              7.920833333333333
            ],
            [
              -76.14222222222223,
              7.920833333333333
            ],
            [
              -76.14222222222223,
              7.920555555555556
            ],
            [
              -76.1427777777778,
              7.920555555555556
            ],
            [
              -76.1427777777778,
              7.920277777777778
            ],
            [
              -76.14333333333335,
              7.920277777777778
            ],
            [
              -76.14333333333335,
              7.92
            ],
            [
              -76.14361111111113,
              7.92
            ],
            [
              -76.14361111111113,
              7.919722222222222
            ],
            [
              -76.1438888888889,
              7.919722222222222
            ],
            [
              -76.1438888888889,
              7.919444444444444
            ],
            [
              -76.14444444444446,
              7.919444444444444
            ],
            [
              -76.14444444444446,
              7.9191666666666665
            ],
            [
              -76.14472222222223,
              7.9191666666666665
            ],
            [
              -76.14472222222223,
              7.918888888888889
            ],
            [
              -76.14500000000001,
              7.918888888888889
            ],
            [
              -76.14500000000001,
              7.918333333333333
            ],
            [
              -76.14527777777779,
              7.918333333333333
            ],
            [
              -76.14527777777779,
              7.918055555555555
            ],
            [
              -76.14555555555556,
              7.918055555555555
            ],
            [
              -76.14555555555556,
              7.917777777777777
            ],
            [
              -76.14583333333334,
              7.917777777777777
            ],
            [
              -76.14583333333334,
              7.917222222222222
            ],
            [
              -76.14694444444446,
              7.917222222222222
            ],
            [
              -76.14694444444446,
              7.9174999999999995
            ],
            [
              -76.14916666666667,
              7.9174999999999995
            ],
            [
              -76.14916666666667,
              7.918333333333333
            ],
            [
              -76.14944444444446,
              7.918333333333333
            ],
            [
              -76.14944444444446,
              7.918611111111111
            ],
            [
              -76.14972222222224,
              7.918611111111111
            ],
            [
              -76.14972222222224,
              7.9191666666666665
            ],
            [
              -76.15,
              7.9191666666666665
            ],
            [
              -76.15,
              7.919444444444444
            ],
            [
              -76.15027777777779,
              7.919444444444444
            ],
            [
              -76.15027777777779,
              7.919722222222222
            ],
            [
              -76.15055555555557,
              7.919722222222222
            ],
            [
              -76.15055555555557,
              7.92
            ],
            [
              -76.15111111111112,
              7.92
            ],
            [
              -76.15111111111112,
              7.920277777777778
            ],
            [
              -76.15250000000002,
              7.920277777777778
            ],
            [
              -76.15250000000002,
              7.919722222222222
            ],
            [
              -76.15333333333335,
              7.919722222222222
            ],
            [
              -76.15333333333335,
              7.919444444444444
            ],
            [
              -76.15444444444445,
              7.919444444444444
            ],
            [
              -76.15444444444445,
              7.9191666666666665
            ],
            [
              -76.15500000000002,
              7.9191666666666665
            ],
            [
              -76.15500000000002,
              7.918888888888889
            ],
            [
              -76.15527777777778,
              7.918888888888889
            ],
            [
              -76.15527777777778,
              7.918611111111111
            ],
            [
              -76.15555555555557,
              7.918611111111111
            ],
            [
              -76.15555555555557,
              7.918055555555555
            ],
            [
              -76.15583333333335,
              7.918055555555555
            ],
            [
              -76.15583333333335,
              7.917777777777777
            ],
            [
              -76.1563888888889,
              7.917777777777777
            ],
            [
              -76.1563888888889,
              7.9174999999999995
            ],
            [
              -76.15666666666668,
              7.9174999999999995
            ],
            [
              -76.15666666666668,
              7.916944444444444
            ],
            [
              -76.15694444444446,
              7.916944444444444
            ],
            [
              -76.15694444444446,
              7.916666666666666
            ],
            [
              -76.15722222222223,
              7.916666666666666
            ],
            [
              -76.15722222222223,
              7.916388888888889
            ],
            [
              -76.15750000000001,
              7.916388888888889
            ],
            [
              -76.15750000000001,
              7.916111111111111
            ],
            [
              -76.15833333333335,
              7.916111111111111
            ],
            [
              -76.15833333333335,
              7.915555555555556
            ],
            [
              -76.15805555555556,
              7.915555555555556
            ],
            [
              -76.15805555555556,
              7.915277777777778
            ],
            [
              -76.15833333333335,
              7.915277777777778
            ],
            [
              -76.15833333333335,
              7.914444444444444
            ],
            [
              -76.15805555555556,
              7.914444444444444
            ],
            [
              -76.15805555555556,
              7.913333333333333
            ],
            [
              -76.15833333333335,
              7.913333333333333
            ],
            [
              -76.15833333333335,
              7.9127777777777775
            ],
            [
              -76.15861111111113,
              7.9127777777777775
            ],
            [
              -76.15861111111113,
              7.9125
            ],
            [
              -76.1588888888889,
              7.9125
            ],
            [
              -76.1588888888889,
              7.912222222222222
            ],
            [
              -76.15944444444446,
              7.912222222222222
            ],
            [
              -76.15944444444446,
              7.911666666666666
            ],
            [
              -76.15972222222223,
              7.911666666666666
            ],
            [
              -76.15972222222223,
              7.911388888888888
            ],
            [
              -76.16000000000001,
              7.911388888888888
            ],
            [
              -76.16000000000001,
              7.910833333333334
            ],
            [
              -76.1613888888889,
              7.910833333333334
            ],
            [
              -76.1613888888889,
              7.910555555555556
            ],
            [
              -76.16166666666668,
              7.910555555555556
            ],
            [
              -76.16166666666668,
              7.910277777777778
            ],
            [
              -76.16222222222224,
              7.910277777777778
            ],
            [
              -76.16222222222224,
              7.91
            ],
            [
              -76.16277777777779,
              7.91
            ],
            [
              -76.16277777777779,
              7.909722222222222
            ],
            [
              -76.16305555555557,
              7.909722222222222
            ],
            [
              -76.16305555555557,
              7.9094444444444445
            ],
            [
              -76.16333333333334,
              7.9094444444444445
            ],
            [
              -76.16333333333334,
              7.909166666666667
            ],
            [
              -76.16416666666667,
              7.909166666666667
            ],
            [
              -76.16416666666667,
              7.908888888888889
            ],
            [
              -76.16444444444446,
              7.908888888888889
            ],
            [
              -76.16444444444446,
              7.908611111111111
            ],
            [
              -76.16472222222224,
              7.908611111111111
            ],
            [
              -76.16472222222224,
              7.908333333333333
            ],
            [
              -76.165,
              7.908333333333333
            ],
            [
              -76.165,
              7.908055555555555
            ],
            [
              -76.16527777777779,
              7.908055555555555
            ],
            [
              -76.16527777777779,
              7.907777777777778
            ],
            [
              -76.16583333333334,
              7.907777777777778
            ],
            [
              -76.16583333333334,
              7.9075
            ],
            [
              -76.1663888888889,
              7.9075
            ],
            [
              -76.1663888888889,
              7.907222222222222
            ],
            [
              -76.16666666666669,
              7.907222222222222
            ],
            [
              -76.16666666666669,
              7.906944444444444
            ],
            [
              -76.16777777777779,
              7.906944444444444
            ],
            [
              -76.16777777777779,
              7.906666666666666
            ],
            [
              -76.16805555555557,
              7.906666666666666
            ],
            [
              -76.16805555555557,
              7.9063888888888885
            ],
            [
              -76.16833333333335,
              7.9063888888888885
            ],
            [
              -76.16833333333335,
              7.906111111111111
            ],
            [
              -76.16861111111112,
              7.906111111111111
            ],
            [
              -76.16861111111112,
              7.905833333333333
            ],
            [
              -76.16916666666668,
              7.905833333333333
            ],
            [
              -76.16916666666668,
              7.906111111111111
            ],
            [
              -76.17000000000002,
              7.906111111111111
            ],
            [
              -76.17000000000002,
              7.9063888888888885
            ],
            [
              -76.17083333333335,
              7.9063888888888885
            ],
            [
              -76.17083333333335,
              7.906666666666666
            ],
            [
              -76.17222222222223,
              7.906666666666666
            ],
            [
              -76.17222222222223,
              7.9063888888888885
            ],
            [
              -76.17305555555556,
              7.9063888888888885
            ],
            [
              -76.17305555555556,
              7.906111111111111
            ],
            [
              -76.17361111111113,
              7.906111111111111
            ],
            [
              -76.17361111111113,
              7.905833333333333
            ],
            [
              -76.17416666666668,
              7.905833333333333
            ],
            [
              -76.17416666666668,
              7.906111111111111
            ],
            [
              -76.17444444444446,
              7.906111111111111
            ],
            [
              -76.17444444444446,
              7.905833333333333
            ],
            [
              -76.1752777777778,
              7.905833333333333
            ],
            [
              -76.1752777777778,
              7.905555555555555
            ],
            [
              -76.1763888888889,
              7.905555555555555
            ],
            [
              -76.1763888888889,
              7.905277777777778
            ],
            [
              -76.17694444444446,
              7.905277777777778
            ],
            [
              -76.17694444444446,
              7.905
            ],
            [
              -76.17750000000001,
              7.905
            ],
            [
              -76.17750000000001,
              7.904722222222222
            ],
            [
              -76.17833333333334,
              7.904722222222222
            ],
            [
              -76.17833333333334,
              7.905
            ],
            [
              -76.1788888888889,
              7.905
            ],
            [
              -76.1788888888889,
              7.905277777777778
            ],
            [
              -76.17916666666667,
              7.905277777777778
            ],
            [
              -76.17916666666667,
              7.905555555555555
            ],
            [
              -76.17944444444446,
              7.905555555555555
            ],
            [
              -76.17944444444446,
              7.905833333333333
            ],
            [
              -76.17972222222224,
              7.905833333333333
            ],
            [
              -76.17972222222224,
              7.906111111111111
            ],
            [
              -76.18,
              7.906111111111111
            ],
            [
              -76.18,
              7.9063888888888885
            ],
            [
              -76.18055555555557,
              7.9063888888888885
            ],
            [
              -76.18055555555557,
              7.906944444444444
            ],
            [
              -76.18111111111112,
              7.906944444444444
            ],
            [
              -76.18111111111112,
              7.907222222222222
            ],
            [
              -76.1813888888889,
              7.907222222222222
            ],
            [
              -76.1813888888889,
              7.9075
            ],
            [
              -76.18166666666667,
              7.9075
            ],
            [
              -76.18166666666667,
              7.907777777777778
            ],
            [
              -76.18194444444445,
              7.907777777777778
            ],
            [
              -76.18194444444445,
              7.908611111111111
            ],
            [
              -76.18222222222224,
              7.908611111111111
            ],
            [
              -76.18222222222224,
              7.908888888888889
            ],
            [
              -76.18250000000002,
              7.908888888888889
            ],
            [
              -76.18250000000002,
              7.909166666666667
            ],
            [
              -76.18277777777779,
              7.909166666666667
            ],
            [
              -76.18277777777779,
              7.91
            ],
            [
              -76.18305555555557,
              7.91
            ],
            [
              -76.18305555555557,
              7.910555555555556
            ],
            [
              -76.18333333333335,
              7.910555555555556
            ],
            [
              -76.18333333333335,
              7.911111111111111
            ],
            [
              -76.18361111111112,
              7.911111111111111
            ],
            [
              -76.18361111111112,
              7.911388888888888
            ],
            [
              -76.18444444444445,
              7.911388888888888
            ],
            [
              -76.18444444444445,
              7.911666666666666
            ],
            [
              -76.18472222222223,
              7.911666666666666
            ],
            [
              -76.18472222222223,
              7.912222222222222
            ],
            [
              -76.18500000000002,
              7.912222222222222
            ],
            [
              -76.18500000000002,
              7.9125
            ],
            [
              -76.18611111111112,
              7.9125
            ],
            [
              -76.18611111111112,
              7.9127777777777775
            ],
            [
              -76.18694444444445,
              7.9127777777777775
            ],
            [
              -76.18694444444445,
              7.913055555555555
            ],
            [
              -76.18722222222223,
              7.913055555555555
            ],
            [
              -76.18722222222223,
              7.913333333333333
            ],
            [
              -76.18916666666668,
              7.913333333333333
            ],
            [
              -76.18916666666668,
              7.913055555555555
            ],
            [
              -76.18944444444446,
              7.913055555555555
            ],
            [
              -76.18944444444446,
              7.9127777777777775
            ],
            [
              -76.18972222222223,
              7.9127777777777775
            ],
            [
              -76.18972222222223,
              7.9125
            ],
            [
              -76.1902777777778,
              7.9125
            ],
            [
              -76.1902777777778,
              7.912222222222222
            ],
            [
              -76.19083333333334,
              7.912222222222222
            ],
            [
              -76.19083333333334,
              7.911944444444444
            ],
            [
              -76.1913888888889,
              7.911944444444444
            ],
            [
              -76.1913888888889,
              7.911666666666666
            ],
            [
              -76.19166666666668,
              7.911666666666666
            ],
            [
              -76.19166666666668,
              7.911388888888888
            ],
            [
              -76.19222222222223,
              7.911388888888888
            ],
            [
              -76.19222222222223,
              7.910833333333334
            ],
            [
              -76.19250000000001,
              7.910833333333334
            ],
            [
              -76.19250000000001,
              7.910555555555556
            ],
            [
              -76.19277777777779,
              7.910555555555556
            ],
            [
              -76.19277777777779,
              7.909722222222222
            ],
            [
              -76.19305555555557,
              7.909722222222222
            ],
            [
              -76.19305555555557,
              7.9094444444444445
            ],
            [
              -76.19333333333334,
              7.9094444444444445
            ],
            [
              -76.19333333333334,
              7.908888888888889
            ],
            [
              -76.19361111111112,
              7.908888888888889
            ],
            [
              -76.19361111111112,
              7.908611111111111
            ],
            [
              -76.1938888888889,
              7.908611111111111
            ],
            [
              -76.1938888888889,
              7.908055555555555
            ],
            [
              -76.19416666666667,
              7.908055555555555
            ],
            [
              -76.19416666666667,
              7.907777777777778
            ],
            [
              -76.19444444444446,
              7.907777777777778
            ],
            [
              -76.19444444444446,
              7.906944444444444
            ],
            [
              -76.19416666666667,
              7.906944444444444
            ],
            [
              -76.19416666666667,
              7.9063888888888885
            ],
            [
              -76.19444444444446,
              7.9063888888888885
            ],
            [
              -76.19444444444446,
              7.906111111111111
            ],
            [
              -76.19500000000001,
              7.906111111111111
            ],
            [
              -76.19500000000001,
              7.905555555555555
            ],
            [
              -76.19527777777779,
              7.905555555555555
            ],
            [
              -76.19527777777779,
              7.904722222222222
            ],
            [
              -76.19555555555557,
              7.904722222222222
            ],
            [
              -76.19555555555557,
              7.903611111111111
            ],
            [
              -76.19583333333334,
              7.903611111111111
            ],
            [
              -76.19583333333334,
              7.903333333333333
            ],
            [
              -76.19611111111112,
              7.903333333333333
            ],
            [
              -76.19611111111112,
              7.9030555555555555
            ],
            [
              -76.1963888888889,
              7.9030555555555555
            ],
            [
              -76.1963888888889,
              7.902777777777778
            ],
            [
              -76.19666666666667,
              7.902777777777778
            ],
            [
              -76.19666666666667,
              7.902222222222222
            ],
            [
              -76.19694444444445,
              7.902222222222222
            ],
            [
              -76.19694444444445,
              7.901944444444444
            ],
            [
              -76.1975,
              7.901944444444444
            ],
            [
              -76.1975,
              7.901388888888889
            ],
            [
              -76.19777777777779,
              7.901388888888889
            ],
            [
              -76.19777777777779,
              7.901111111111111
            ],
            [
              -76.19805555555557,
              7.901111111111111
            ],
            [
              -76.19805555555557,
              7.900833333333333
            ],
            [
              -76.19833333333335,
              7.900833333333333
            ],
            [
              -76.19833333333335,
              7.900555555555555
            ],
            [
              -76.19861111111112,
              7.900555555555555
            ],
            [
              -76.19861111111112,
              7.900277777777777
            ],
            [
              -76.1988888888889,
              7.900277777777777
            ],
            [
              -76.1988888888889,
              7.8999999999999995
            ],
            [
              -76.19916666666668,
              7.8999999999999995
            ],
            [
              -76.19916666666668,
              7.899444444444445
            ],
            [
              -76.19944444444445,
              7.899444444444445
            ],
            [
              -76.19944444444445,
              7.899166666666667
            ],
            [
              -76.20000000000002,
              7.899166666666667
            ],
            [
              -76.20000000000002,
              7.898888888888889
            ],
            [
              -76.20027777777779,
              7.898888888888889
            ],
            [
              -76.20027777777779,
              7.898611111111111
            ],
            [
              -76.20083333333335,
              7.898611111111111
            ],
            [
              -76.20083333333335,
              7.898333333333333
            ],
            [
              -76.20111111111112,
              7.898333333333333
            ],
            [
              -76.20111111111112,
              7.898055555555556
            ],
            [
              -76.20166666666668,
              7.898055555555556
            ],
            [
              -76.20166666666668,
              7.897777777777778
            ],
            [
              -76.20222222222223,
              7.897777777777778
            ],
            [
              -76.20222222222223,
              7.8975
            ],
            [
              -76.20333333333335,
              7.8975
            ],
            [
              -76.20333333333335,
              7.8966666666666665
            ],
            [
              -76.20361111111113,
              7.8966666666666665
            ],
            [
              -76.20361111111113,
              7.896388888888889
            ],
            [
              -76.2038888888889,
              7.896388888888889
            ],
            [
              -76.2038888888889,
              7.895277777777777
            ],
            [
              -76.20361111111113,
              7.895277777777777
            ],
            [
              -76.20361111111113,
              7.894166666666666
            ],
            [
              -76.2038888888889,
              7.894166666666666
            ],
            [
              -76.2038888888889,
              7.8933333333333335
            ],
            [
              -76.20416666666668,
              7.8933333333333335
            ],
            [
              -76.20416666666668,
              7.893055555555556
            ],
            [
              -76.20500000000001,
              7.893055555555556
            ],
            [
              -76.20500000000001,
              7.8933333333333335
            ],
            [
              -76.20555555555556,
              7.8933333333333335
            ],
            [
              -76.20555555555556,
              7.893611111111111
            ],
            [
              -76.20611111111113,
              7.893611111111111
            ],
            [
              -76.20611111111113,
              7.893888888888888
            ],
            [
              -76.20694444444446,
              7.893888888888888
            ],
            [
              -76.20694444444446,
              7.894166666666666
            ],
            [
              -76.20777777777779,
              7.894166666666666
            ],
            [
              -76.20777777777779,
              7.894444444444444
            ],
            [
              -76.20805555555556,
              7.894444444444444
            ],
            [
              -76.20805555555556,
              7.894166666666666
            ],
            [
              -76.20833333333334,
              7.894166666666666
            ],
            [
              -76.20833333333334,
              7.893888888888888
            ],
            [
              -76.20888888888891,
              7.893888888888888
            ],
            [
              -76.20888888888891,
              7.893611111111111
            ],
            [
              -76.20916666666668,
              7.893611111111111
            ],
            [
              -76.20916666666668,
              7.8933333333333335
            ],
            [
              -76.20944444444446,
              7.8933333333333335
            ],
            [
              -76.20944444444446,
              7.893055555555556
            ],
            [
              -76.20972222222224,
              7.893055555555556
            ],
            [
              -76.20972222222224,
              7.892777777777778
            ],
            [
              -76.21000000000001,
              7.892777777777778
            ],
            [
              -76.21000000000001,
              7.8925
            ],
            [
              -76.21055555555557,
              7.8925
            ],
            [
              -76.21055555555557,
              7.892222222222222
            ],
            [
              -76.21083333333334,
              7.892222222222222
            ],
            [
              -76.21083333333334,
              7.891666666666667
            ],
            [
              -76.21111111111112,
              7.891666666666667
            ],
            [
              -76.21111111111112,
              7.890833333333333
            ],
            [
              -76.2113888888889,
              7.890833333333333
            ],
            [
              -76.2113888888889,
              7.890555555555555
            ],
            [
              -76.21166666666667,
              7.890555555555555
            ],
            [
              -76.21166666666667,
              7.8902777777777775
            ],
            [
              -76.21194444444446,
              7.8902777777777775
            ],
            [
              -76.21194444444446,
              7.889166666666666
            ],
            [
              -76.21222222222224,
              7.889166666666666
            ],
            [
              -76.21222222222224,
              7.888888888888888
            ],
            [
              -76.21277777777779,
              7.888888888888888
            ],
            [
              -76.21277777777779,
              7.888611111111111
            ],
            [
              -76.21333333333334,
              7.888611111111111
            ],
            [
              -76.21333333333334,
              7.888333333333334
            ],
            [
              -76.21361111111112,
              7.888333333333334
            ],
            [
              -76.21361111111112,
              7.888611111111111
            ],
            [
              -76.2138888888889,
              7.888611111111111
            ],
            [
              -76.2138888888889,
              7.889166666666666
            ],
            [
              -76.21444444444445,
              7.889166666666666
            ],
            [
              -76.21444444444445,
              7.889444444444444
            ],
            [
              -76.21611111111112,
              7.889444444444444
            ],
            [
              -76.21611111111112,
              7.889166666666666
            ],
            [
              -76.21694444444445,
              7.889166666666666
            ],
            [
              -76.21694444444445,
              7.888888888888888
            ],
            [
              -76.21750000000002,
              7.888888888888888
            ],
            [
              -76.21750000000002,
              7.888611111111111
            ],
            [
              -76.21777777777778,
              7.888611111111111
            ],
            [
              -76.21777777777778,
              7.888333333333334
            ],
            [
              -76.21805555555557,
              7.888333333333334
            ],
            [
              -76.21805555555557,
              7.887777777777778
            ],
            [
              -76.21833333333335,
              7.887777777777778
            ],
            [
              -76.21833333333335,
              7.8875
            ],
            [
              -76.21861111111112,
              7.8875
            ],
            [
              -76.21861111111112,
              7.887222222222222
            ],
            [
              -76.21916666666668,
              7.887222222222222
            ],
            [
              -76.21916666666668,
              7.8869444444444445
            ],
            [
              -76.21972222222223,
              7.8869444444444445
            ],
            [
              -76.21972222222223,
              7.887222222222222
            ],
            [
              -76.22055555555556,
              7.887222222222222
            ],
            [
              -76.22055555555556,
              7.8869444444444445
            ],
            [
              -76.22083333333335,
              7.8869444444444445
            ],
            [
              -76.22083333333335,
              7.886111111111111
            ],
            [
              -76.22111111111113,
              7.886111111111111
            ],
            [
              -76.22111111111113,
              7.885555555555555
            ],
            [
              -76.2213888888889,
              7.885555555555555
            ],
            [
              -76.2213888888889,
              7.885
            ],
            [
              -76.2227777777778,
              7.885
            ],
            [
              -76.2227777777778,
              7.885277777777778
            ],
            [
              -76.22416666666668,
              7.885277777777778
            ],
            [
              -76.22416666666668,
              7.885555555555555
            ],
            [
              -76.22527777777779,
              7.885555555555555
            ],
            [
              -76.22527777777779,
              7.885277777777778
            ],
            [
              -76.22583333333334,
              7.885277777777778
            ],
            [
              -76.22583333333334,
              7.884722222222222
            ],
            [
              -76.22611111111112,
              7.884722222222222
            ],
            [
              -76.22611111111112,
              7.884444444444444
            ],
            [
              -76.2263888888889,
              7.884444444444444
            ],
            [
              -76.2263888888889,
              7.884166666666666
            ],
            [
              -76.22666666666667,
              7.884166666666666
            ],
            [
              -76.22666666666667,
              7.883333333333333
            ],
            [
              -76.22777777777779,
              7.883333333333333
            ],
            [
              -76.22777777777779,
              7.883055555555555
            ],
            [
              -76.22805555555557,
              7.883055555555555
            ],
            [
              -76.22805555555557,
              7.882777777777777
            ],
            [
              -76.22833333333334,
              7.882777777777777
            ],
            [
              -76.22833333333334,
              7.8825
            ],
            [
              -76.22861111111112,
              7.8825
            ],
            [
              -76.22861111111112,
              7.880277777777778
            ],
            [
              -76.22833333333334,
              7.880277777777778
            ],
            [
              -76.22833333333334,
              7.878888888888889
            ],
            [
              -76.22861111111112,
              7.878888888888889
            ],
            [
              -76.22861111111112,
              7.878333333333333
            ],
            [
              -76.2288888888889,
              7.878333333333333
            ],
            [
              -76.2288888888889,
              7.878055555555555
            ],
            [
              -76.22944444444445,
              7.878055555555555
            ],
            [
              -76.22944444444445,
              7.876944444444444
            ],
            [
              -76.22916666666669,
              7.876944444444444
            ],
            [
              -76.22916666666669,
              7.876666666666667
            ],
            [
              -76.22944444444445,
              7.876666666666667
            ],
            [
              -76.22944444444445,
              7.875277777777778
            ],
            [
              -76.23000000000002,
              7.875277777777778
            ],
            [
              -76.23000000000002,
              7.874444444444444
            ],
            [
              -76.22972222222224,
              7.874444444444444
            ],
            [
              -76.22972222222224,
              7.8741666666666665
            ],
            [
              -76.23027777777779,
              7.8741666666666665
            ],
            [
              -76.23027777777779,
              7.872222222222222
            ],
            [
              -76.23055555555557,
              7.872222222222222
            ],
            [
              -76.23055555555557,
              7.868055555555555
            ],
            [
              -76.23083333333335,
              7.868055555555555
            ],
            [
              -76.23083333333335,
              7.865833333333333
            ],
            [
              -76.23111111111112,
              7.865833333333333
            ],
            [
              -76.23111111111112,
              7.865277777777778
            ],
            [
              -76.2313888888889,
              7.865277777777778
            ],
            [
              -76.2313888888889,
              7.864166666666667
            ],
            [
              -76.23111111111112,
              7.864166666666667
            ],
            [
              -76.23111111111112,
              7.863611111111111
            ],
            [
              -76.23083333333335,
              7.863611111111111
            ],
            [
              -76.23083333333335,
              7.863333333333333
            ],
            [
              -76.23055555555557,
              7.863333333333333
            ],
            [
              -76.23055555555557,
              7.8630555555555555
            ],
            [
              -76.23000000000002,
              7.8630555555555555
            ],
            [
              -76.23000000000002,
              7.862777777777778
            ],
            [
              -76.22972222222224,
              7.862777777777778
            ],
            [
              -76.22972222222224,
              7.8625
            ],
            [
              -76.22944444444445,
              7.8625
            ],
            [
              -76.22944444444445,
              7.861944444444444
            ],
            [
              -76.22972222222224,
              7.861944444444444
            ],
            [
              -76.22972222222224,
              7.860555555555555
            ],
            [
              -76.23000000000002,
              7.860555555555555
            ],
            [
              -76.23000000000002,
              7.860277777777777
            ],
            [
              -76.23027777777779,
              7.860277777777777
            ],
            [
              -76.23027777777779,
              7.859444444444445
            ],
            [
              -76.23166666666668,
              7.859444444444445
            ],
            [
              -76.23166666666668,
              7.8597222222222225
            ],
            [
              -76.23194444444445,
              7.8597222222222225
            ],
            [
              -76.23194444444445,
              7.859999999999999
            ],
            [
              -76.23222222222223,
              7.859999999999999
            ],
            [
              -76.23222222222223,
              7.860277777777777
            ],
            [
              -76.23277777777778,
              7.860277777777777
            ],
            [
              -76.23277777777778,
              7.860555555555555
            ],
            [
              -76.23305555555557,
              7.860555555555555
            ],
            [
              -76.23305555555557,
              7.861111111111111
            ],
            [
              -76.23361111111112,
              7.861111111111111
            ],
            [
              -76.23361111111112,
              7.8613888888888885
            ],
            [
              -76.23444444444446,
              7.8613888888888885
            ],
            [
              -76.23444444444446,
              7.861666666666666
            ],
            [
              -76.2352777777778,
              7.861666666666666
            ],
            [
              -76.2352777777778,
              7.861944444444444
            ],
            [
              -76.23583333333335,
              7.861944444444444
            ],
            [
              -76.23583333333335,
              7.8630555555555555
            ],
            [
              -76.23611111111113,
              7.8630555555555555
            ],
            [
              -76.23611111111113,
              7.863611111111111
            ],
            [
              -76.23666666666668,
              7.863611111111111
            ],
            [
              -76.23666666666668,
              7.863888888888889
            ],
            [
              -76.23694444444446,
              7.863888888888889
            ],
            [
              -76.23694444444446,
              7.863611111111111
            ],
            [
              -76.2377777777778,
              7.863611111111111
            ],
            [
              -76.2377777777778,
              7.863888888888889
            ],
            [
              -76.23833333333334,
              7.863888888888889
            ],
            [
              -76.23833333333334,
              7.864166666666667
            ],
            [
              -76.23861111111113,
              7.864166666666667
            ],
            [
              -76.23861111111113,
              7.864444444444445
            ],
            [
              -76.23944444444446,
              7.864444444444445
            ],
            [
              -76.23944444444446,
              7.864722222222222
            ],
            [
              -76.24000000000001,
              7.864722222222222
            ],
            [
              -76.24000000000001,
              7.865
            ],
            [
              -76.24027777777779,
              7.865
            ],
            [
              -76.24027777777779,
              7.864722222222222
            ],
            [
              -76.24083333333334,
              7.864722222222222
            ],
            [
              -76.24083333333334,
              7.865
            ],
            [
              -76.24111111111112,
              7.865
            ],
            [
              -76.24111111111112,
              7.865555555555556
            ],
            [
              -76.2413888888889,
              7.865555555555556
            ],
            [
              -76.2413888888889,
              7.866111111111111
            ],
            [
              -76.24166666666667,
              7.866111111111111
            ],
            [
              -76.24166666666667,
              7.866388888888888
            ],
            [
              -76.24194444444446,
              7.866388888888888
            ],
            [
              -76.24194444444446,
              7.866666666666666
            ],
            [
              -76.2425,
              7.866666666666666
            ],
            [
              -76.2425,
              7.867222222222222
            ],
            [
              -76.24277777777779,
              7.867222222222222
            ],
            [
              -76.24277777777779,
              7.8677777777777775
            ],
            [
              -76.24305555555557,
              7.8677777777777775
            ],
            [
              -76.24305555555557,
              7.8694444444444445
            ],
            [
              -76.24333333333334,
              7.8694444444444445
            ],
            [
              -76.24333333333334,
              7.870277777777778
            ],
            [
              -76.24361111111112,
              7.870277777777778
            ],
            [
              -76.24361111111112,
              7.870555555555556
            ],
            [
              -76.2438888888889,
              7.870555555555556
            ],
            [
              -76.2438888888889,
              7.870833333333334
            ],
            [
              -76.24416666666667,
              7.870833333333334
            ],
            [
              -76.24416666666667,
              7.871944444444444
            ],
            [
              -76.24444444444445,
              7.871944444444444
            ],
            [
              -76.24444444444445,
              7.872222222222222
            ],
            [
              -76.24472222222224,
              7.872222222222222
            ],
            [
              -76.24472222222224,
              7.8725
            ],
            [
              -76.24500000000002,
              7.8725
            ],
            [
              -76.24500000000002,
              7.873055555555555
            ],
            [
              -76.24527777777779,
              7.873055555555555
            ],
            [
              -76.24527777777779,
              7.873333333333333
            ],
            [
              -76.2463888888889,
              7.873333333333333
            ],
            [
              -76.2463888888889,
              7.873611111111111
            ],
            [
              -76.24666666666668,
              7.873611111111111
            ],
            [
              -76.24666666666668,
              7.873888888888889
            ],
            [
              -76.24694444444445,
              7.873888888888889
            ],
            [
              -76.24694444444445,
              7.874444444444444
            ],
            [
              -76.24722222222223,
              7.874444444444444
            ],
            [
              -76.24722222222223,
              7.874722222222222
            ],
            [
              -76.24750000000002,
              7.874722222222222
            ],
            [
              -76.24750000000002,
              7.875
            ],
            [
              -76.24777777777778,
              7.875
            ],
            [
              -76.24777777777778,
              7.876111111111111
            ],
            [
              -76.24805555555557,
              7.876111111111111
            ],
            [
              -76.24805555555557,
              7.876388888888889
            ],
            [
              -76.24861111111112,
              7.876388888888889
            ],
            [
              -76.24861111111112,
              7.876666666666667
            ],
            [
              -76.2488888888889,
              7.876666666666667
            ],
            [
              -76.2488888888889,
              7.876944444444444
            ],
            [
              -76.24944444444445,
              7.876944444444444
            ],
            [
              -76.24944444444445,
              7.877222222222222
            ],
            [
              -76.24972222222223,
              7.877222222222222
            ],
            [
              -76.24972222222223,
              7.8774999999999995
            ],
            [
              -76.25055555555556,
              7.8774999999999995
            ],
            [
              -76.25055555555556,
              7.877222222222222
            ],
            [
              -76.25083333333335,
              7.877222222222222
            ],
            [
              -76.25083333333335,
              7.876944444444444
            ],
            [
              -76.25166666666668,
              7.876944444444444
            ],
            [
              -76.25166666666668,
              7.877222222222222
            ],
            [
              -76.25194444444446,
              7.877222222222222
            ],
            [
              -76.25194444444446,
              7.8774999999999995
            ],
            [
              -76.25222222222223,
              7.8774999999999995
            ],
            [
              -76.25222222222223,
              7.877777777777777
            ],
            [
              -76.2527777777778,
              7.877777777777777
            ],
            [
              -76.2527777777778,
              7.88
            ],
            [
              -76.25305555555556,
              7.88
            ],
            [
              -76.25305555555556,
              7.881111111111111
            ],
            [
              -76.2527777777778,
              7.881111111111111
            ],
            [
              -76.2527777777778,
              7.8825
            ],
            [
              -76.25305555555556,
              7.8825
            ],
            [
              -76.25305555555556,
              7.882777777777777
            ],
            [
              -76.2527777777778,
              7.882777777777777
            ],
            [
              -76.2527777777778,
              7.883333333333333
            ],
            [
              -76.25250000000001,
              7.883333333333333
            ],
            [
              -76.25250000000001,
              7.884444444444444
            ],
            [
              -76.25222222222223,
              7.884444444444444
            ],
            [
              -76.25222222222223,
              7.884722222222222
            ],
            [
              -76.25250000000001,
              7.884722222222222
            ],
            [
              -76.25250000000001,
              7.885
            ],
            [
              -76.2527777777778,
              7.885
            ],
            [
              -76.2527777777778,
              7.885555555555555
            ],
            [
              -76.25305555555556,
              7.885555555555555
            ],
            [
              -76.25305555555556,
              7.885833333333333
            ],
            [
              -76.25333333333334,
              7.885833333333333
            ],
            [
              -76.25333333333334,
              7.886111111111111
            ],
            [
              -76.25361111111113,
              7.886111111111111
            ],
            [
              -76.25361111111113,
              7.8875
            ],
            [
              -76.2538888888889,
              7.8875
            ],
            [
              -76.2538888888889,
              7.889722222222222
            ],
            [
              -76.25416666666668,
              7.889722222222222
            ],
            [
              -76.25416666666668,
              7.89
            ],
            [
              -76.25444444444446,
              7.89
            ],
            [
              -76.25444444444446,
              7.8902777777777775
            ],
            [
              -76.25472222222223,
              7.8902777777777775
            ],
            [
              -76.25472222222223,
              7.890555555555555
            ],
            [
              -76.25500000000001,
              7.890555555555555
            ],
            [
              -76.25500000000001,
              7.890833333333333
            ],
            [
              -76.25555555555557,
              7.890833333333333
            ],
            [
              -76.25555555555557,
              7.891388888888889
            ],
            [
              -76.25583333333334,
              7.891388888888889
            ],
            [
              -76.25583333333334,
              7.891666666666667
            ],
            [
              -76.25611111111112,
              7.891666666666667
            ],
            [
              -76.25611111111112,
              7.891944444444444
            ],
            [
              -76.2563888888889,
              7.891944444444444
            ],
            [
              -76.2563888888889,
              7.892222222222222
            ],
            [
              -76.25611111111112,
              7.892222222222222
            ],
            [
              -76.25611111111112,
              7.8925
            ],
            [
              -76.2563888888889,
              7.8925
            ],
            [
              -76.2563888888889,
              7.893055555555556
            ],
            [
              -76.25666666666667,
              7.893055555555556
            ],
            [
              -76.25666666666667,
              7.893611111111111
            ],
            [
              -76.25694444444446,
              7.893611111111111
            ],
            [
              -76.25694444444446,
              7.893888888888888
            ],
            [
              -76.25722222222224,
              7.893888888888888
            ],
            [
              -76.25722222222224,
              7.894166666666666
            ],
            [
              -76.25750000000001,
              7.894166666666666
            ],
            [
              -76.25750000000001,
              7.893888888888888
            ],
            [
              -76.25833333333334,
              7.893888888888888
            ],
            [
              -76.25833333333334,
              7.894166666666666
            ],
            [
              -76.2588888888889,
              7.894166666666666
            ],
            [
              -76.2588888888889,
              7.894444444444444
            ],
            [
              -76.26055555555557,
              7.894444444444444
            ],
            [
              -76.26055555555557,
              7.893611111111111
            ],
            [
              -76.2613888888889,
              7.893611111111111
            ],
            [
              -76.2613888888889,
              7.8933333333333335
            ],
            [
              -76.26166666666668,
              7.8933333333333335
            ],
            [
              -76.26166666666668,
              7.892777777777778
            ],
            [
              -76.26361111111112,
              7.892777777777778
            ],
            [
              -76.26361111111112,
              7.893055555555556
            ],
            [
              -76.2638888888889,
              7.893055555555556
            ],
            [
              -76.2638888888889,
              7.8933333333333335
            ],
            [
              -76.26500000000001,
              7.8933333333333335
            ],
            [
              -76.26500000000001,
              7.893611111111111
            ],
            [
              -76.2663888888889,
              7.893611111111111
            ],
            [
              -76.2663888888889,
              7.893888888888888
            ],
            [
              -76.26611111111113,
              7.893888888888888
            ],
            [
              -76.26611111111113,
              7.896388888888889
            ],
            [
              -76.26583333333335,
              7.896388888888889
            ],
            [
              -76.26583333333335,
              7.896944444444444
            ],
            [
              -76.26555555555557,
              7.896944444444444
            ],
            [
              -76.26555555555557,
              7.8975
            ],
            [
              -76.26527777777778,
              7.8975
            ],
            [
              -76.26527777777778,
              7.898611111111111
            ],
            [
              -76.26500000000001,
              7.898611111111111
            ],
            [
              -76.26500000000001,
              7.900277777777777
            ],
            [
              -76.26472222222223,
              7.900277777777777
            ],
            [
              -76.26472222222223,
              7.901388888888889
            ],
            [
              -76.26444444444445,
              7.901388888888889
            ],
            [
              -76.26444444444445,
              7.901666666666666
            ],
            [
              -76.26416666666668,
              7.901666666666666
            ],
            [
              -76.26416666666668,
              7.9025
            ],
            [
              -76.2638888888889,
              7.9025
            ],
            [
              -76.2638888888889,
              7.904444444444445
            ],
            [
              -76.26416666666668,
              7.904444444444445
            ],
            [
              -76.26416666666668,
              7.904722222222222
            ],
            [
              -76.26444444444445,
              7.904722222222222
            ],
            [
              -76.26444444444445,
              7.905555555555555
            ],
            [
              -76.26416666666668,
              7.905555555555555
            ],
            [
              -76.26416666666668,
              7.905833333333333
            ],
            [
              -76.2638888888889,
              7.905833333333333
            ],
            [
              -76.2638888888889,
              7.906111111111111
            ],
            [
              -76.26361111111112,
              7.906111111111111
            ],
            [
              -76.26361111111112,
              7.9063888888888885
            ],
            [
              -76.26333333333335,
              7.9063888888888885
            ],
            [
              -76.26333333333335,
              7.906944444444444
            ],
            [
              -76.26277777777779,
              7.906944444444444
            ],
            [
              -76.26277777777779,
              7.907222222222222
            ],
            [
              -76.26250000000002,
              7.907222222222222
            ],
            [
              -76.26250000000002,
              7.906944444444444
            ],
            [
              -76.26194444444445,
              7.906944444444444
            ],
            [
              -76.26194444444445,
              7.908611111111111
            ],
            [
              -76.26277777777779,
              7.908611111111111
            ],
            [
              -76.26277777777779,
              7.908888888888889
            ],
            [
              -76.26305555555557,
              7.908888888888889
            ],
            [
              -76.26305555555557,
              7.9094444444444445
            ],
            [
              -76.26333333333335,
              7.9094444444444445
            ],
            [
              -76.26333333333335,
              7.910555555555556
            ],
            [
              -76.26361111111112,
              7.910555555555556
            ],
            [
              -76.26361111111112,
              7.911944444444444
            ],
            [
              -76.26277777777779,
              7.911944444444444
            ],
            [
              -76.26277777777779,
              7.913055555555555
            ],
            [
              -76.26250000000002,
              7.913055555555555
            ],
            [
              -76.26250000000002,
              7.914166666666667
            ],
            [
              -76.26277777777779,
              7.914166666666667
            ],
            [
              -76.26277777777779,
              7.914444444444444
            ],
            [
              -76.26305555555557,
              7.914444444444444
            ],
            [
              -76.26305555555557,
              7.9158333333333335
            ],
            [
              -76.26277777777779,
              7.9158333333333335
            ],
            [
              -76.26277777777779,
              7.916111111111111
            ],
            [
              -76.26250000000002,
              7.916111111111111
            ],
            [
              -76.26250000000002,
              7.916388888888889
            ],
            [
              -76.26222222222223,
              7.916388888888889
            ],
            [
              -76.26222222222223,
              7.916666666666666
            ],
            [
              -76.26194444444445,
              7.916666666666666
            ],
            [
              -76.26194444444445,
              7.917222222222222
            ],
            [
              -76.26166666666668,
              7.917222222222222
            ],
            [
              -76.26166666666668,
              7.9174999999999995
            ],
            [
              -76.2613888888889,
              7.9174999999999995
            ],
            [
              -76.2613888888889,
              7.917777777777777
            ],
            [
              -76.26166666666668,
              7.917777777777777
            ],
            [
              -76.26166666666668,
              7.918055555555555
            ],
            [
              -76.26222222222223,
              7.918055555555555
            ],
            [
              -76.26222222222223,
              7.918333333333333
            ],
            [
              -76.26250000000002,
              7.918333333333333
            ],
            [
              -76.26250000000002,
              7.919722222222222
            ],
            [
              -76.26277777777779,
              7.919722222222222
            ],
            [
              -76.26277777777779,
              7.92
            ],
            [
              -76.26333333333335,
              7.92
            ],
            [
              -76.26333333333335,
              7.920277777777778
            ],
            [
              -76.2638888888889,
              7.920277777777778
            ],
            [
              -76.2638888888889,
              7.92
            ],
            [
              -76.26500000000001,
              7.92
            ],
            [
              -76.26500000000001,
              7.919722222222222
            ],
            [
              -76.26611111111113,
              7.919722222222222
            ],
            [
              -76.26611111111113,
              7.919444444444444
            ],
            [
              -76.26805555555556,
              7.919444444444444
            ],
            [
              -76.26805555555556,
              7.919722222222222
            ],
            [
              -76.26861111111113,
              7.919722222222222
            ],
            [
              -76.26861111111113,
              7.92
            ],
            [
              -76.2688888888889,
              7.92
            ],
            [
              -76.2688888888889,
              7.920555555555556
            ],
            [
              -76.26916666666668,
              7.920555555555556
            ],
            [
              -76.26916666666668,
              7.920833333333333
            ],
            [
              -76.26944444444446,
              7.920833333333333
            ],
            [
              -76.26944444444446,
              7.921111111111111
            ],
            [
              -76.27000000000001,
              7.921111111111111
            ],
            [
              -76.27000000000001,
              7.920833333333333
            ],
            [
              -76.27055555555556,
              7.920833333333333
            ],
            [
              -76.27055555555556,
              7.920555555555556
            ],
            [
              -76.27083333333334,
              7.920555555555556
            ],
            [
              -76.27083333333334,
              7.918888888888889
            ],
            [
              -76.27166666666668,
              7.918888888888889
            ],
            [
              -76.27166666666668,
              7.9191666666666665
            ],
            [
              -76.27250000000001,
              7.9191666666666665
            ],
            [
              -76.27250000000001,
              7.918888888888889
            ],
            [
              -76.2738888888889,
              7.918888888888889
            ],
            [
              -76.2738888888889,
              7.9191666666666665
            ],
            [
              -76.27416666666667,
              7.9191666666666665
            ],
            [
              -76.27416666666667,
              7.919444444444444
            ],
            [
              -76.27444444444446,
              7.919444444444444
            ],
            [
              -76.27444444444446,
              7.919722222222222
            ],
            [
              -76.27472222222224,
              7.919722222222222
            ],
            [
              -76.27472222222224,
              7.92
            ],
            [
              -76.27583333333334,
              7.92
            ],
            [
              -76.27583333333334,
              7.920277777777778
            ],
            [
              -76.27611111111112,
              7.920277777777778
            ],
            [
              -76.27611111111112,
              7.921111111111111
            ],
            [
              -76.2763888888889,
              7.921111111111111
            ],
            [
              -76.2763888888889,
              7.9222222222222225
            ],
            [
              -76.27611111111112,
              7.9222222222222225
            ],
            [
              -76.27611111111112,
              7.923333333333333
            ],
            [
              -76.27583333333334,
              7.923333333333333
            ],
            [
              -76.27583333333334,
              7.923611111111111
            ],
            [
              -76.27555555555557,
              7.923611111111111
            ],
            [
              -76.27555555555557,
              7.9238888888888885
            ],
            [
              -76.27527777777779,
              7.9238888888888885
            ],
            [
              -76.27527777777779,
              7.924444444444444
            ],
            [
              -76.275,
              7.924444444444444
            ],
            [
              -76.275,
              7.924722222222222
            ],
            [
              -76.27472222222224,
              7.924722222222222
            ],
            [
              -76.27472222222224,
              7.9255555555555555
            ],
            [
              -76.275,
              7.9255555555555555
            ],
            [
              -76.275,
              7.925833333333333
            ],
            [
              -76.27527777777779,
              7.925833333333333
            ],
            [
              -76.27527777777779,
              7.926111111111111
            ],
            [
              -76.27555555555557,
              7.926111111111111
            ],
            [
              -76.27555555555557,
              7.926388888888889
            ],
            [
              -76.27583333333334,
              7.926388888888889
            ],
            [
              -76.27583333333334,
              7.926666666666667
            ],
            [
              -76.27611111111112,
              7.926666666666667
            ],
            [
              -76.27611111111112,
              7.926944444444445
            ],
            [
              -76.2763888888889,
              7.926944444444445
            ],
            [
              -76.2763888888889,
              7.927222222222222
            ],
            [
              -76.27694444444445,
              7.927222222222222
            ],
            [
              -76.27694444444445,
              7.9275
            ],
            [
              -76.27750000000002,
              7.9275
            ],
            [
              -76.27750000000002,
              7.927222222222222
            ],
            [
              -76.27777777777779,
              7.927222222222222
            ],
            [
              -76.27777777777779,
              7.9275
            ],
            [
              -76.27805555555557,
              7.9275
            ],
            [
              -76.27805555555557,
              7.928333333333333
            ],
            [
              -76.27833333333335,
              7.928333333333333
            ],
            [
              -76.27833333333335,
              7.928611111111111
            ],
            [
              -76.27805555555557,
              7.928611111111111
            ],
            [
              -76.27805555555557,
              7.928888888888888
            ],
            [
              -76.27777777777779,
              7.928888888888888
            ],
            [
              -76.27777777777779,
              7.929166666666666
            ],
            [
              -76.27750000000002,
              7.929166666666666
            ],
            [
              -76.27750000000002,
              7.929444444444444
            ],
            [
              -76.2763888888889,
              7.929444444444444
            ],
            [
              -76.2763888888889,
              7.93
            ],
            [
              -76.27666666666669,
              7.93
            ],
            [
              -76.27666666666669,
              7.930555555555555
            ],
            [
              -76.27694444444445,
              7.930555555555555
            ],
            [
              -76.27694444444445,
              7.930833333333333
            ],
            [
              -76.27750000000002,
              7.930833333333333
            ],
            [
              -76.27750000000002,
              7.931111111111111
            ],
            [
              -76.27777777777779,
              7.931111111111111
            ],
            [
              -76.27777777777779,
              7.931388888888889
            ],
            [
              -76.27805555555557,
              7.931388888888889
            ],
            [
              -76.27805555555557,
              7.9319444444444445
            ],
            [
              -76.27833333333335,
              7.9319444444444445
            ],
            [
              -76.27833333333335,
              7.932777777777778
            ],
            [
              -76.27805555555557,
              7.932777777777778
            ],
            [
              -76.27805555555557,
              7.934444444444444
            ],
            [
              -76.27722222222224,
              7.934444444444444
            ],
            [
              -76.27722222222224,
              7.934166666666666
            ],
            [
              -76.27666666666669,
              7.934166666666666
            ],
            [
              -76.27666666666669,
              7.934444444444444
            ],
            [
              -76.27611111111112,
              7.934444444444444
            ],
            [
              -76.27611111111112,
              7.934722222222222
            ],
            [
              -76.2763888888889,
              7.934722222222222
            ],
            [
              -76.2763888888889,
              7.936388888888889
            ],
            [
              -76.27611111111112,
              7.936388888888889
            ],
            [
              -76.27611111111112,
              7.936944444444444
            ],
            [
              -76.27583333333334,
              7.936944444444444
            ],
            [
              -76.27583333333334,
              7.937222222222222
            ],
            [
              -76.27527777777779,
              7.937222222222222
            ],
            [
              -76.27527777777779,
              7.9375
            ],
            [
              -76.27444444444446,
              7.9375
            ],
            [
              -76.27444444444446,
              7.937777777777778
            ],
            [
              -76.2738888888889,
              7.937777777777778
            ],
            [
              -76.2738888888889,
              7.939444444444444
            ],
            [
              -76.27361111111112,
              7.939444444444444
            ],
            [
              -76.27361111111112,
              7.9399999999999995
            ],
            [
              -76.27305555555557,
              7.9399999999999995
            ],
            [
              -76.27305555555557,
              7.940277777777777
            ],
            [
              -76.27250000000001,
              7.940277777777777
            ],
            [
              -76.27250000000001,
              7.940833333333333
            ],
            [
              -76.27277777777779,
              7.940833333333333
            ],
            [
              -76.27277777777779,
              7.941944444444444
            ],
            [
              -76.27250000000001,
              7.941944444444444
            ],
            [
              -76.27250000000001,
              7.942222222222222
            ],
            [
              -76.27222222222224,
              7.942222222222222
            ],
            [
              -76.27222222222224,
              7.9425
            ],
            [
              -76.27250000000001,
              7.9425
            ],
            [
              -76.27250000000001,
              7.943333333333333
            ],
            [
              -76.27277777777779,
              7.943333333333333
            ],
            [
              -76.27277777777779,
              7.943611111111111
            ],
            [
              -76.27361111111112,
              7.943611111111111
            ],
            [
              -76.27361111111112,
              7.943888888888889
            ],
            [
              -76.2738888888889,
              7.943888888888889
            ],
            [
              -76.2738888888889,
              7.944166666666667
            ],
            [
              -76.27444444444446,
              7.944166666666667
            ],
            [
              -76.27444444444446,
              7.944444444444445
            ],
            [
              -76.2738888888889,
              7.944444444444445
            ],
            [
              -76.2738888888889,
              7.945277777777777
            ],
            [
              -76.27416666666667,
              7.945277777777777
            ],
            [
              -76.27416666666667,
              7.945833333333333
            ],
            [
              -76.2738888888889,
              7.945833333333333
            ],
            [
              -76.2738888888889,
              7.946666666666666
            ],
            [
              -76.27333333333334,
              7.946666666666666
            ],
            [
              -76.27333333333334,
              7.947777777777778
            ],
            [
              -76.27361111111112,
              7.947777777777778
            ],
            [
              -76.27361111111112,
              7.948888888888889
            ],
            [
              -76.27333333333334,
              7.948888888888889
            ],
            [
              -76.27333333333334,
              7.949166666666667
            ],
            [
              -76.27305555555557,
              7.949166666666667
            ],
            [
              -76.27305555555557,
              7.949722222222222
            ],
            [
              -76.27277777777779,
              7.949722222222222
            ],
            [
              -76.27277777777779,
              7.95
            ],
            [
              -76.27250000000001,
              7.95
            ],
            [
              -76.27250000000001,
              7.950277777777778
            ],
            [
              -76.27222222222224,
              7.950277777777778
            ],
            [
              -76.27222222222224,
              7.950555555555556
            ],
            [
              -76.27194444444446,
              7.950555555555556
            ],
            [
              -76.27194444444446,
              7.950833333333334
            ],
            [
              -76.27166666666668,
              7.950833333333334
            ],
            [
              -76.27166666666668,
              7.951111111111111
            ],
            [
              -76.27138888888891,
              7.951111111111111
            ],
            [
              -76.27138888888891,
              7.951388888888888
            ],
            [
              -76.27111111111113,
              7.951388888888888
            ],
            [
              -76.27111111111113,
              7.951666666666666
            ],
            [
              -76.27083333333334,
              7.951666666666666
            ],
            [
              -76.27083333333334,
              7.951944444444444
            ],
            [
              -76.27055555555556,
              7.951944444444444
            ],
            [
              -76.27055555555556,
              7.952222222222222
            ],
            [
              -76.27027777777779,
              7.952222222222222
            ],
            [
              -76.27027777777779,
              7.9525
            ],
            [
              -76.27000000000001,
              7.9525
            ],
            [
              -76.27000000000001,
              7.953333333333333
            ],
            [
              -76.27027777777779,
              7.953333333333333
            ],
            [
              -76.27027777777779,
              7.953611111111111
            ],
            [
              -76.27055555555556,
              7.953611111111111
            ],
            [
              -76.27055555555556,
              7.953888888888889
            ],
            [
              -76.27083333333334,
              7.953888888888889
            ],
            [
              -76.27083333333334,
              7.954166666666667
            ],
            [
              -76.27111111111113,
              7.954166666666667
            ],
            [
              -76.27111111111113,
              7.954444444444444
            ],
            [
              -76.27138888888891,
              7.954444444444444
            ],
            [
              -76.27138888888891,
              7.954722222222222
            ],
            [
              -76.27166666666668,
              7.954722222222222
            ],
            [
              -76.27166666666668,
              7.955
            ],
            [
              -76.27194444444446,
              7.955
            ],
            [
              -76.27194444444446,
              7.955277777777778
            ],
            [
              -76.27222222222224,
              7.955277777777778
            ],
            [
              -76.27222222222224,
              7.955555555555556
            ],
            [
              -76.27250000000001,
              7.955555555555556
            ],
            [
              -76.27250000000001,
              7.9558333333333335
            ],
            [
              -76.27277777777779,
              7.9558333333333335
            ],
            [
              -76.27277777777779,
              7.956111111111111
            ],
            [
              -76.27305555555557,
              7.956111111111111
            ],
            [
              -76.27305555555557,
              7.956388888888888
            ],
            [
              -76.27333333333334,
              7.956388888888888
            ],
            [
              -76.27333333333334,
              7.957222222222222
            ],
            [
              -76.27361111111112,
              7.957222222222222
            ],
            [
              -76.27361111111112,
              7.958055555555555
            ],
            [
              -76.2738888888889,
              7.958055555555555
            ],
            [
              -76.2738888888889,
              7.958611111111111
            ],
            [
              -76.27361111111112,
              7.958611111111111
            ],
            [
              -76.27361111111112,
              7.9591666666666665
            ],
            [
              -76.27333333333334,
              7.9591666666666665
            ],
            [
              -76.27333333333334,
              7.96
            ],
            [
              -76.27361111111112,
              7.96
            ],
            [
              -76.27361111111112,
              7.961388888888889
            ],
            [
              -76.27333333333334,
              7.961388888888889
            ],
            [
              -76.27333333333334,
              7.961944444444445
            ],
            [
              -76.27305555555557,
              7.961944444444445
            ],
            [
              -76.27305555555557,
              7.962222222222222
            ],
            [
              -76.27250000000001,
              7.962222222222222
            ],
            [
              -76.27250000000001,
              7.963888888888889
            ],
            [
              -76.27277777777779,
              7.963888888888889
            ],
            [
              -76.27277777777779,
              7.963611111111111
            ],
            [
              -76.27333333333334,
              7.963611111111111
            ],
            [
              -76.27333333333334,
              7.963888888888889
            ],
            [
              -76.27361111111112,
              7.963888888888889
            ],
            [
              -76.27361111111112,
              7.965
            ],
            [
              -76.27333333333334,
              7.965
            ],
            [
              -76.27333333333334,
              7.965277777777778
            ],
            [
              -76.27361111111112,
              7.965277777777778
            ],
            [
              -76.27361111111112,
              7.965833333333333
            ],
            [
              -76.2738888888889,
              7.965833333333333
            ],
            [
              -76.2738888888889,
              7.966111111111111
            ],
            [
              -76.27416666666667,
              7.966111111111111
            ],
            [
              -76.27416666666667,
              7.9675
            ],
            [
              -76.27305555555557,
              7.9675
            ],
            [
              -76.27305555555557,
              7.967777777777778
            ],
            [
              -76.27222222222224,
              7.967777777777778
            ],
            [
              -76.27222222222224,
              7.968055555555555
            ],
            [
              -76.27194444444446,
              7.968055555555555
            ],
            [
              -76.27194444444446,
              7.968333333333333
            ],
            [
              -76.27138888888891,
              7.968333333333333
            ],
            [
              -76.27138888888891,
              7.9688888888888885
            ],
            [
              -76.27194444444446,
              7.9688888888888885
            ],
            [
              -76.27194444444446,
              7.969444444444444
            ],
            [
              -76.27222222222224,
              7.969444444444444
            ],
            [
              -76.27222222222224,
              7.970555555555555
            ],
            [
              -76.27250000000001,
              7.970555555555555
            ],
            [
              -76.27250000000001,
              7.970833333333333
            ],
            [
              -76.27277777777779,
              7.970833333333333
            ],
            [
              -76.27277777777779,
              7.971666666666667
            ],
            [
              -76.27250000000001,
              7.971666666666667
            ],
            [
              -76.27250000000001,
              7.972222222222222
            ],
            [
              -76.27222222222224,
              7.972222222222222
            ],
            [
              -76.27222222222224,
              7.9725
            ],
            [
              -76.27194444444446,
              7.9725
            ],
            [
              -76.27194444444446,
              7.972777777777778
            ],
            [
              -76.27166666666668,
              7.972777777777778
            ],
            [
              -76.27166666666668,
              7.973055555555556
            ],
            [
              -76.27138888888891,
              7.973055555555556
            ],
            [
              -76.27138888888891,
              7.973333333333334
            ],
            [
              -76.27111111111113,
              7.973333333333334
            ],
            [
              -76.27111111111113,
              7.973611111111111
            ],
            [
              -76.27083333333334,
              7.973611111111111
            ],
            [
              -76.27083333333334,
              7.973888888888888
            ],
            [
              -76.27055555555556,
              7.973888888888888
            ],
            [
              -76.27055555555556,
              7.974166666666666
            ],
            [
              -76.27027777777779,
              7.974166666666666
            ],
            [
              -76.27027777777779,
              7.974722222222222
            ],
            [
              -76.27000000000001,
              7.974722222222222
            ],
            [
              -76.27000000000001,
              7.975833333333333
            ],
            [
              -76.26972222222223,
              7.975833333333333
            ],
            [
              -76.26972222222223,
              7.976388888888889
            ],
            [
              -76.26944444444446,
              7.976388888888889
            ],
            [
              -76.26944444444446,
              7.976666666666667
            ],
            [
              -76.26916666666668,
              7.976666666666667
            ],
            [
              -76.26916666666668,
              7.978055555555556
            ],
            [
              -76.2688888888889,
              7.978055555555556
            ],
            [
              -76.2688888888889,
              7.978611111111111
            ],
            [
              -76.26861111111113,
              7.978611111111111
            ],
            [
              -76.26861111111113,
              7.978888888888889
            ],
            [
              -76.26833333333335,
              7.978888888888889
            ],
            [
              -76.26833333333335,
              7.979166666666666
            ],
            [
              -76.26666666666668,
              7.979166666666666
            ],
            [
              -76.26666666666668,
              7.979722222222222
            ],
            [
              -76.2663888888889,
              7.979722222222222
            ],
            [
              -76.2663888888889,
              7.9799999999999995
            ],
            [
              -76.26611111111113,
              7.9799999999999995
            ],
            [
              -76.26611111111113,
              7.980555555555555
            ],
            [
              -76.26555555555557,
              7.980555555555555
            ],
            [
              -76.26555555555557,
              7.980833333333333
            ],
            [
              -76.26527777777778,
              7.980833333333333
            ],
            [
              -76.26527777777778,
              7.981111111111111
            ],
            [
              -76.26500000000001,
              7.981111111111111
            ],
            [
              -76.26500000000001,
              7.981388888888889
            ],
            [
              -76.26472222222223,
              7.981388888888889
            ],
            [
              -76.26472222222223,
              7.9816666666666665
            ],
            [
              -76.26361111111112,
              7.9816666666666665
            ],
            [
              -76.26361111111112,
              7.982777777777778
            ],
            [
              -76.2638888888889,
              7.982777777777778
            ],
            [
              -76.2638888888889,
              7.983055555555556
            ],
            [
              -76.26444444444445,
              7.983055555555556
            ],
            [
              -76.26444444444445,
              7.983333333333333
            ],
            [
              -76.26472222222223,
              7.983333333333333
            ],
            [
              -76.26472222222223,
              7.983888888888889
            ],
            [
              -76.26444444444445,
              7.983888888888889
            ],
            [
              -76.26444444444445,
              7.984444444444445
            ],
            [
              -76.2638888888889,
              7.984444444444445
            ],
            [
              -76.2638888888889,
              7.9847222222222225
            ],
            [
              -76.26361111111112,
              7.9847222222222225
            ],
            [
              -76.26361111111112,
              7.984999999999999
            ],
            [
              -76.26250000000002,
              7.984999999999999
            ],
            [
              -76.26250000000002,
              7.985277777777777
            ],
            [
              -76.26222222222223,
              7.985277777777777
            ],
            [
              -76.26222222222223,
              7.985555555555555
            ],
            [
              -76.26166666666668,
              7.985555555555555
            ],
            [
              -76.26166666666668,
              7.985833333333333
            ],
            [
              -76.2613888888889,
              7.985833333333333
            ],
            [
              -76.2613888888889,
              7.986111111111111
            ],
            [
              -76.26055555555557,
              7.986111111111111
            ],
            [
              -76.26055555555557,
              7.9863888888888885
            ],
            [
              -76.26,
              7.9863888888888885
            ],
            [
              -76.26,
              7.986666666666666
            ],
            [
              -76.25972222222224,
              7.986666666666666
            ],
            [
              -76.25972222222224,
              7.986944444444444
            ],
            [
              -76.25916666666667,
              7.986944444444444
            ],
            [
              -76.25916666666667,
              7.987222222222222
            ],
            [
              -76.25805555555557,
              7.987222222222222
            ],
            [
              -76.25805555555557,
              7.986944444444444
            ],
            [
              -76.25750000000001,
              7.986944444444444
            ],
            [
              -76.25750000000001,
              7.987222222222222
            ],
            [
              -76.25611111111112,
              7.987222222222222
            ],
            [
              -76.25611111111112,
              7.986944444444444
            ],
            [
              -76.25555555555557,
              7.986944444444444
            ],
            [
              -76.25555555555557,
              7.986666666666666
            ],
            [
              -76.25527777777779,
              7.986666666666666
            ],
            [
              -76.25527777777779,
              7.9863888888888885
            ],
            [
              -76.25472222222223,
              7.9863888888888885
            ],
            [
              -76.25472222222223,
              7.986111111111111
            ],
            [
              -76.25416666666668,
              7.986111111111111
            ],
            [
              -76.25416666666668,
              7.985833333333333
            ],
            [
              -76.25333333333334,
              7.985833333333333
            ],
            [
              -76.25333333333334,
              7.985555555555555
            ],
            [
              -76.25305555555556,
              7.985555555555555
            ],
            [
              -76.25305555555556,
              7.985277777777777
            ],
            [
              -76.25250000000001,
              7.985277777777777
            ],
            [
              -76.25250000000001,
              7.9847222222222225
            ],
            [
              -76.25194444444446,
              7.9847222222222225
            ],
            [
              -76.25194444444446,
              7.984444444444445
            ],
            [
              -76.2513888888889,
              7.984444444444445
            ],
            [
              -76.2513888888889,
              7.984166666666667
            ],
            [
              -76.25111111111113,
              7.984166666666667
            ],
            [
              -76.25111111111113,
              7.984444444444445
            ],
            [
              -76.2502777777778,
              7.984444444444445
            ],
            [
              -76.2502777777778,
              7.9847222222222225
            ],
            [
              -76.25000000000001,
              7.9847222222222225
            ],
            [
              -76.25000000000001,
              7.984999999999999
            ],
            [
              -76.24972222222223,
              7.984999999999999
            ],
            [
              -76.24972222222223,
              7.985277777777777
            ],
            [
              -76.24944444444445,
              7.985277777777777
            ],
            [
              -76.24944444444445,
              7.985555555555555
            ],
            [
              -76.24916666666668,
              7.985555555555555
            ],
            [
              -76.24916666666668,
              7.985833333333333
            ],
            [
              -76.2488888888889,
              7.985833333333333
            ],
            [
              -76.2488888888889,
              7.986111111111111
            ],
            [
              -76.24861111111112,
              7.986111111111111
            ],
            [
              -76.24861111111112,
              7.987222222222222
            ],
            [
              -76.2488888888889,
              7.987222222222222
            ],
            [
              -76.2488888888889,
              7.9880555555555555
            ],
            [
              -76.24916666666668,
              7.9880555555555555
            ],
            [
              -76.24916666666668,
              7.988611111111111
            ],
            [
              -76.2488888888889,
              7.988611111111111
            ],
            [
              -76.2488888888889,
              7.989166666666667
            ],
            [
              -76.24861111111112,
              7.989166666666667
            ],
            [
              -76.24861111111112,
              7.989444444444445
            ],
            [
              -76.2488888888889,
              7.989444444444445
            ],
            [
              -76.2488888888889,
              7.989722222222222
            ],
            [
              -76.24916666666668,
              7.989722222222222
            ],
            [
              -76.24916666666668,
              7.99
            ],
            [
              -76.24944444444445,
              7.99
            ],
            [
              -76.24944444444445,
              7.990277777777778
            ],
            [
              -76.25000000000001,
              7.990277777777778
            ],
            [
              -76.25000000000001,
              7.990833333333333
            ],
            [
              -76.24972222222223,
              7.990833333333333
            ],
            [
              -76.24972222222223,
              7.991388888888888
            ],
            [
              -76.24944444444445,
              7.991388888888888
            ],
            [
              -76.24944444444445,
              7.991944444444444
            ],
            [
              -76.24972222222223,
              7.991944444444444
            ],
            [
              -76.24972222222223,
              7.992222222222222
            ],
            [
              -76.2502777777778,
              7.992222222222222
            ],
            [
              -76.2502777777778,
              7.9925
            ],
            [
              -76.25055555555556,
              7.9925
            ],
            [
              -76.25055555555556,
              7.992222222222222
            ],
            [
              -76.25083333333335,
              7.992222222222222
            ],
            [
              -76.25083333333335,
              7.9925
            ],
            [
              -76.25111111111113,
              7.9925
            ],
            [
              -76.25111111111113,
              7.993333333333333
            ],
            [
              -76.25166666666668,
              7.993333333333333
            ],
            [
              -76.25166666666668,
              7.993611111111111
            ],
            [
              -76.25222222222223,
              7.993611111111111
            ],
            [
              -76.25222222222223,
              7.993888888888889
            ],
            [
              -76.25250000000001,
              7.993888888888889
            ],
            [
              -76.25250000000001,
              7.994166666666667
            ],
            [
              -76.25305555555556,
              7.994166666666667
            ],
            [
              -76.25305555555556,
              7.993888888888889
            ],
            [
              -76.25361111111113,
              7.993888888888889
            ],
            [
              -76.25361111111113,
              7.994166666666667
            ],
            [
              -76.25444444444446,
              7.994166666666667
            ],
            [
              -76.25444444444446,
              7.9944444444444445
            ],
            [
              -76.25500000000001,
              7.9944444444444445
            ],
            [
              -76.25500000000001,
              7.994722222222222
            ],
            [
              -76.25527777777779,
              7.994722222222222
            ],
            [
              -76.25527777777779,
              7.995
            ],
            [
              -76.25555555555557,
              7.995
            ],
            [
              -76.25555555555557,
              7.995277777777778
            ],
            [
              -76.25583333333334,
              7.995277777777778
            ],
            [
              -76.25583333333334,
              7.995555555555556
            ],
            [
              -76.2563888888889,
              7.995555555555556
            ],
            [
              -76.2563888888889,
              7.995833333333334
            ],
            [
              -76.25666666666667,
              7.995833333333334
            ],
            [
              -76.25666666666667,
              7.996388888888889
            ],
            [
              -76.25694444444446,
              7.996388888888889
            ],
            [
              -76.25694444444446,
              7.996666666666666
            ],
            [
              -76.25722222222224,
              7.996666666666666
            ],
            [
              -76.25722222222224,
              7.996944444444444
            ],
            [
              -76.25805555555557,
              7.996944444444444
            ],
            [
              -76.25805555555557,
              7.9975
            ],
            [
              -76.25833333333334,
              7.9975
            ],
            [
              -76.25833333333334,
              7.998333333333333
            ],
            [
              -76.25805555555557,
              7.998333333333333
            ],
            [
              -76.25805555555557,
              7.9991666666666665
            ],
            [
              -76.25777777777779,
              7.9991666666666665
            ],
            [
              -76.25777777777779,
              8.0
            ],
            [
              -76.25750000000001,
              8.0
            ],
            [
              -76.25750000000001,
              8.000555555555556
            ],
            [
              -76.25722222222224,
              8.000555555555556
            ],
            [
              -76.25722222222224,
              8.001111111111111
            ],
            [
              -76.25694444444446,
              8.001111111111111
            ],
            [
              -76.25694444444446,
              8.001388888888888
            ],
            [
              -76.25666666666667,
              8.001388888888888
            ],
            [
              -76.25666666666667,
              8.001666666666667
            ],
            [
              -76.2563888888889,
              8.001666666666667
            ],
            [
              -76.2563888888889,
              8.001944444444444
            ],
            [
              -76.25611111111112,
              8.001944444444444
            ],
            [
              -76.25611111111112,
              8.002222222222223
            ],
            [
              -76.25555555555557,
              8.002222222222223
            ],
            [
              -76.25555555555557,
              8.0025
            ],
            [
              -76.25527777777779,
              8.0025
            ],
            [
              -76.25527777777779,
              8.002777777777778
            ],
            [
              -76.25472222222223,
              8.002777777777778
            ],
            [
              -76.25472222222223,
              8.003333333333334
            ],
            [
              -76.25444444444446,
              8.003333333333334
            ],
            [
              -76.25444444444446,
              8.004444444444445
            ],
            [
              -76.25416666666668,
              8.004444444444445
            ],
            [
              -76.25416666666668,
              8.004999999999999
            ],
            [
              -76.2538888888889,
              8.004999999999999
            ],
            [
              -76.2538888888889,
              8.005277777777778
            ],
            [
              -76.25444444444446,
              8.005277777777778
            ],
            [
              -76.25444444444446,
              8.005555555555555
            ],
            [
              -76.25555555555557,
              8.005555555555555
            ],
            [
              -76.25555555555557,
              8.005277777777778
            ],
            [
              -76.2563888888889,
              8.005277777777778
            ],
            [
              -76.2563888888889,
              8.004999999999999
            ],
            [
              -76.25666666666667,
              8.004999999999999
            ],
            [
              -76.25666666666667,
              8.004722222222222
            ],
            [
              -76.25750000000001,
              8.004722222222222
            ],
            [
              -76.25750000000001,
              8.004444444444445
            ],
            [
              -76.25805555555557,
              8.004444444444445
            ],
            [
              -76.25805555555557,
              8.004166666666666
            ],
            [
              -76.25861111111112,
              8.004166666666666
            ],
            [
              -76.25861111111112,
              8.00388888888889
            ],
            [
              -76.25944444444445,
              8.00388888888889
            ],
            [
              -76.25944444444445,
              8.00361111111111
            ],
            [
              -76.26,
              8.00361111111111
            ],
            [
              -76.26,
              8.00388888888889
            ],
            [
              -76.26083333333335,
              8.00388888888889
            ],
            [
              -76.26083333333335,
              8.00361111111111
            ],
            [
              -76.26222222222223,
              8.00361111111111
            ],
            [
              -76.26222222222223,
              8.00388888888889
            ],
            [
              -76.26333333333335,
              8.00388888888889
            ],
            [
              -76.26333333333335,
              8.00361111111111
            ],
            [
              -76.26361111111112,
              8.00361111111111
            ],
            [
              -76.26361111111112,
              8.003333333333334
            ],
            [
              -76.2638888888889,
              8.003333333333334
            ],
            [
              -76.2638888888889,
              8.003055555555555
            ],
            [
              -76.26416666666668,
              8.003055555555555
            ],
            [
              -76.26416666666668,
              8.002777777777778
            ],
            [
              -76.26583333333335,
              8.002777777777778
            ],
            [
              -76.26583333333335,
              8.003333333333334
            ],
            [
              -76.26666666666668,
              8.003333333333334
            ],
            [
              -76.26666666666668,
              8.00361111111111
            ],
            [
              -76.26694444444446,
              8.00361111111111
            ],
            [
              -76.26694444444446,
              8.00388888888889
            ],
            [
              -76.26722222222223,
              8.00388888888889
            ],
            [
              -76.26722222222223,
              8.004166666666666
            ],
            [
              -76.26750000000001,
              8.004166666666666
            ],
            [
              -76.26750000000001,
              8.004444444444445
            ],
            [
              -76.2677777777778,
              8.004444444444445
            ],
            [
              -76.2677777777778,
              8.004722222222222
            ],
            [
              -76.26805555555556,
              8.004722222222222
            ],
            [
              -76.26805555555556,
              8.005277777777778
            ],
            [
              -76.2677777777778,
              8.005277777777778
            ],
            [
              -76.2677777777778,
              8.005833333333333
            ],
            [
              -76.26750000000001,
              8.005833333333333
            ],
            [
              -76.26750000000001,
              8.00611111111111
            ],
            [
              -76.26722222222223,
              8.00611111111111
            ],
            [
              -76.26722222222223,
              8.006944444444445
            ],
            [
              -76.26694444444446,
              8.006944444444445
            ],
            [
              -76.26694444444446,
              8.0075
            ],
            [
              -76.26722222222223,
              8.0075
            ],
            [
              -76.26722222222223,
              8.008611111111112
            ],
            [
              -76.26805555555556,
              8.008611111111112
            ],
            [
              -76.26805555555556,
              8.008333333333333
            ],
            [
              -76.26944444444446,
              8.008333333333333
            ],
            [
              -76.26944444444446,
              8.007777777777777
            ],
            [
              -76.26972222222223,
              8.007777777777777
            ],
            [
              -76.26972222222223,
              8.006944444444445
            ],
            [
              -76.27166666666668,
              8.006944444444445
            ],
            [
              -76.27166666666668,
              8.007222222222222
            ],
            [
              -76.27222222222224,
              8.007222222222222
            ],
            [
              -76.27222222222224,
              8.0075
            ],
            [
              -76.27250000000001,
              8.0075
            ],
            [
              -76.27250000000001,
              8.008055555555556
            ],
            [
              -76.27444444444446,
              8.008055555555556
            ],
            [
              -76.27444444444446,
              8.01
            ],
            [
              -76.27472222222224,
              8.01
            ],
            [
              -76.27472222222224,
              8.010555555555555
            ],
            [
              -76.275,
              8.010555555555555
            ],
            [
              -76.275,
              8.011388888888888
            ],
            [
              -76.27472222222224,
              8.011388888888888
            ],
            [
              -76.27472222222224,
              8.011944444444444
            ],
            [
              -76.27666666666669,
              8.011944444444444
            ],
            [
              -76.27666666666669,
              8.0125
            ],
            [
              -76.27777777777779,
              8.0125
            ],
            [
              -76.27777777777779,
              8.012777777777778
            ],
            [
              -76.27805555555557,
              8.012777777777778
            ],
            [
              -76.27805555555557,
              8.013055555555555
            ],
            [
              -76.27833333333335,
              8.013055555555555
            ],
            [
              -76.27833333333335,
              8.013333333333334
            ],
            [
              -76.27944444444445,
              8.013333333333334
            ],
            [
              -76.27944444444445,
              8.01361111111111
            ],
            [
              -76.27972222222223,
              8.01361111111111
            ],
            [
              -76.27972222222223,
              8.014166666666666
            ],
            [
              -76.28000000000002,
              8.014166666666666
            ],
            [
              -76.28000000000002,
              8.014444444444445
            ],
            [
              -76.28194444444446,
              8.014444444444445
            ],
            [
              -76.28194444444446,
              8.014722222222222
            ],
            [
              -76.28305555555556,
              8.014722222222222
            ],
            [
              -76.28305555555556,
              8.015
            ],
            [
              -76.28333333333335,
              8.015
            ],
            [
              -76.28333333333335,
              8.015277777777778
            ],
            [
              -76.28361111111113,
              8.015277777777778
            ],
            [
              -76.28361111111113,
              8.015555555555556
            ],
            [
              -76.28333333333335,
              8.015555555555556
            ],
            [
              -76.28333333333335,
              8.015833333333333
            ],
            [
              -76.28305555555556,
              8.015833333333333
            ],
            [
              -76.28305555555556,
              8.016944444444444
            ],
            [
              -76.2827777777778,
              8.016944444444444
            ],
            [
              -76.2827777777778,
              8.017222222222221
            ],
            [
              -76.28250000000001,
              8.017222222222221
            ],
            [
              -76.28250000000001,
              8.0175
            ],
            [
              -76.28222222222223,
              8.0175
            ],
            [
              -76.28222222222223,
              8.017777777777777
            ],
            [
              -76.28194444444446,
              8.017777777777777
            ],
            [
              -76.28194444444446,
              8.019444444444444
            ],
            [
              -76.28222222222223,
              8.019444444444444
            ],
            [
              -76.28222222222223,
              8.019722222222223
            ],
            [
              -76.28250000000001,
              8.019722222222223
            ],
            [
              -76.28250000000001,
              8.020277777777778
            ],
            [
              -76.2827777777778,
              8.020277777777778
            ],
            [
              -76.2827777777778,
              8.02111111111111
            ],
            [
              -76.28305555555556,
              8.02111111111111
            ],
            [
              -76.28305555555556,
              8.021666666666667
            ],
            [
              -76.28333333333335,
              8.021666666666667
            ],
            [
              -76.28333333333335,
              8.021944444444443
            ],
            [
              -76.28361111111113,
              8.021944444444443
            ],
            [
              -76.28361111111113,
              8.022222222222222
            ],
            [
              -76.28333333333335,
              8.022222222222222
            ],
            [
              -76.28333333333335,
              8.022777777777778
            ],
            [
              -76.28305555555556,
              8.022777777777778
            ],
            [
              -76.28305555555556,
              8.024166666666666
            ],
            [
              -76.28333333333335,
              8.024166666666666
            ],
            [
              -76.28333333333335,
              8.024722222222222
            ],
            [
              -76.28361111111113,
              8.024722222222222
            ],
            [
              -76.28361111111113,
              8.025277777777777
            ],
            [
              -76.2838888888889,
              8.025277777777777
            ],
            [
              -76.2838888888889,
              8.025833333333333
            ],
            [
              -76.28416666666668,
              8.025833333333333
            ],
            [
              -76.28416666666668,
              8.026388888888889
            ],
            [
              -76.2838888888889,
              8.026388888888889
            ],
            [
              -76.2838888888889,
              8.026944444444444
            ],
            [
              -76.28361111111113,
              8.026944444444444
            ],
            [
              -76.28361111111113,
              8.027222222222223
            ],
            [
              -76.28305555555556,
              8.027222222222223
            ],
            [
              -76.28305555555556,
              8.0275
            ],
            [
              -76.28250000000001,
              8.0275
            ],
            [
              -76.28250000000001,
              8.027777777777777
            ],
            [
              -76.2827777777778,
              8.027777777777777
            ],
            [
              -76.2827777777778,
              8.028888888888888
            ],
            [
              -76.28250000000001,
              8.028888888888888
            ],
            [
              -76.28250000000001,
              8.030555555555555
            ],
            [
              -76.2827777777778,
              8.030555555555555
            ],
            [
              -76.2827777777778,
              8.031666666666666
            ],
            [
              -76.28250000000001,
              8.031666666666666
            ],
            [
              -76.28250000000001,
              8.032222222222222
            ],
            [
              -76.28222222222223,
              8.032222222222222
            ],
            [
              -76.28222222222223,
              8.033055555555556
            ],
            [
              -76.28194444444446,
              8.033055555555556
            ],
            [
              -76.28194444444446,
              8.034722222222221
            ],
            [
              -76.28222222222223,
              8.034722222222221
            ],
            [
              -76.28222222222223,
              8.035
            ],
            [
              -76.28250000000001,
              8.035
            ],
            [
              -76.28250000000001,
              8.035277777777777
            ],
            [
              -76.2827777777778,
              8.035277777777777
            ],
            [
              -76.2827777777778,
              8.035833333333333
            ],
            [
              -76.28305555555556,
              8.035833333333333
            ],
            [
              -76.28305555555556,
              8.036111111111111
            ],
            [
              -76.28333333333335,
              8.036111111111111
            ],
            [
              -76.28333333333335,
              8.037222222222223
            ],
            [
              -76.28361111111113,
              8.037222222222223
            ],
            [
              -76.28361111111113,
              8.038055555555555
            ],
            [
              -76.2838888888889,
              8.038055555555555
            ],
            [
              -76.2838888888889,
              8.038333333333334
            ],
            [
              -76.28416666666668,
              8.038333333333334
            ],
            [
              -76.28416666666668,
              8.038611111111111
            ],
            [
              -76.28444444444446,
              8.038611111111111
            ],
            [
              -76.28444444444446,
              8.038888888888888
            ],
            [
              -76.28472222222223,
              8.038888888888888
            ],
            [
              -76.28472222222223,
              8.039166666666667
            ],
            [
              -76.28444444444446,
              8.039166666666667
            ],
            [
              -76.28444444444446,
              8.04111111111111
            ],
            [
              -76.2852777777778,
              8.04111111111111
            ],
            [
              -76.2852777777778,
              8.04138888888889
            ],
            [
              -76.28555555555556,
              8.04138888888889
            ],
            [
              -76.28555555555556,
              8.042777777777777
            ],
            [
              -76.28583333333334,
              8.042777777777777
            ],
            [
              -76.28583333333334,
              8.043055555555556
            ],
            [
              -76.28611111111113,
              8.043055555555556
            ],
            [
              -76.28611111111113,
              8.043333333333333
            ],
            [
              -76.2852777777778,
              8.043333333333333
            ],
            [
              -76.2852777777778,
              8.043611111111112
            ],
            [
              -76.28500000000001,
              8.043611111111112
            ],
            [
              -76.28500000000001,
              8.043888888888889
            ],
            [
              -76.28472222222223,
              8.043888888888889
            ],
            [
              -76.28472222222223,
              8.044722222222223
            ],
            [
              -76.28444444444446,
              8.044722222222223
            ],
            [
              -76.28444444444446,
              8.045
            ],
            [
              -76.28416666666668,
              8.045
            ],
            [
              -76.28416666666668,
              8.045277777777777
            ],
            [
              -76.2838888888889,
              8.045277777777777
            ],
            [
              -76.2838888888889,
              8.045833333333333
            ],
            [
              -76.28361111111113,
              8.045833333333333
            ],
            [
              -76.28361111111113,
              8.046111111111111
            ],
            [
              -76.28333333333335,
              8.046111111111111
            ],
            [
              -76.28333333333335,
              8.046388888888888
            ],
            [
              -76.28305555555556,
              8.046388888888888
            ],
            [
              -76.28305555555556,
              8.046666666666667
            ],
            [
              -76.28250000000001,
              8.046666666666667
            ],
            [
              -76.28250000000001,
              8.046944444444444
            ],
            [
              -76.28166666666668,
              8.046944444444444
            ],
            [
              -76.28166666666668,
              8.047222222222222
            ],
            [
              -76.2813888888889,
              8.047222222222222
            ],
            [
              -76.2813888888889,
              8.047777777777778
            ],
            [
              -76.28111111111112,
              8.047777777777778
            ],
            [
              -76.28111111111112,
              8.04861111111111
            ],
            [
              -76.28083333333335,
              8.04861111111111
            ],
            [
              -76.28083333333335,
              8.04888888888889
            ],
            [
              -76.28111111111112,
              8.04888888888889
            ],
            [
              -76.28111111111112,
              8.049166666666666
            ],
            [
              -76.2813888888889,
              8.049166666666666
            ],
            [
              -76.2813888888889,
              8.049444444444445
            ],
            [
              -76.28166666666668,
              8.049444444444445
            ],
            [
              -76.28166666666668,
              8.049722222222222
            ],
            [
              -76.28194444444446,
              8.049722222222222
            ],
            [
              -76.28194444444446,
              8.05
            ],
            [
              -76.28250000000001,
              8.05
            ],
            [
              -76.28250000000001,
              8.051388888888889
            ],
            [
              -76.28222222222223,
              8.051388888888889
            ],
            [
              -76.28222222222223,
              8.051666666666666
            ],
            [
              -76.28166666666668,
              8.051666666666666
            ],
            [
              -76.28166666666668,
              8.051944444444445
            ],
            [
              -76.2813888888889,
              8.051944444444445
            ],
            [
              -76.2813888888889,
              8.0525
            ],
            [
              -76.28166666666668,
              8.0525
            ],
            [
              -76.28166666666668,
              8.053611111111111
            ],
            [
              -76.28194444444446,
              8.053611111111111
            ],
            [
              -76.28194444444446,
              8.053888888888888
            ],
            [
              -76.28111111111112,
              8.053888888888888
            ],
            [
              -76.28111111111112,
              8.054166666666667
            ],
            [
              -76.28083333333335,
              8.054166666666667
            ],
            [
              -76.28083333333335,
              8.054444444444444
            ],
            [
              -76.28055555555557,
              8.054444444444444
            ],
            [
              -76.28055555555557,
              8.054722222222223
            ],
            [
              -76.28027777777778,
              8.054722222222223
            ],
            [
              -76.28027777777778,
              8.055555555555555
            ],
            [
              -76.28000000000002,
              8.055555555555555
            ],
            [
              -76.28000000000002,
              8.056111111111111
            ],
            [
              -76.28055555555557,
              8.056111111111111
            ],
            [
              -76.28055555555557,
              8.056388888888888
            ],
            [
              -76.28083333333335,
              8.056388888888888
            ],
            [
              -76.28083333333335,
              8.058055555555555
            ],
            [
              -76.28055555555557,
              8.058055555555555
            ],
            [
              -76.28055555555557,
              8.061388888888889
            ],
            [
              -76.28027777777778,
              8.061388888888889
            ],
            [
              -76.28027777777778,
              8.061666666666667
            ],
            [
              -76.28055555555557,
              8.061666666666667
            ],
            [
              -76.28055555555557,
              8.0625
            ],
            [
              -76.28083333333335,
              8.0625
            ],
            [
              -76.28083333333335,
              8.063055555555556
            ],
            [
              -76.2813888888889,
              8.063055555555556
            ],
            [
              -76.2813888888889,
              8.063333333333333
            ],
            [
              -76.28166666666668,
              8.063333333333333
            ],
            [
              -76.28166666666668,
              8.063611111111111
            ],
            [
              -76.28250000000001,
              8.063611111111111
            ],
            [
              -76.28250000000001,
              8.063888888888888
            ],
            [
              -76.2827777777778,
              8.063888888888888
            ],
            [
              -76.2827777777778,
              8.064166666666667
            ],
            [
              -76.28305555555556,
              8.064166666666667
            ],
            [
              -76.28305555555556,
              8.064444444444444
            ],
            [
              -76.28250000000001,
              8.064444444444444
            ],
            [
              -76.28250000000001,
              8.065
            ],
            [
              -76.28222222222223,
              8.065
            ],
            [
              -76.28222222222223,
              8.067499999999999
            ],
            [
              -76.28250000000001,
              8.067499999999999
            ],
            [
              -76.28250000000001,
              8.068055555555555
            ],
            [
              -76.2827777777778,
              8.068055555555555
            ],
            [
              -76.2827777777778,
              8.069722222222222
            ],
            [
              -76.28305555555556,
              8.069722222222222
            ],
            [
              -76.28305555555556,
              8.070277777777777
            ],
            [
              -76.28333333333335,
              8.070277777777777
            ],
            [
              -76.28333333333335,
              8.070555555555556
            ],
            [
              -76.28361111111113,
              8.070555555555556
            ],
            [
              -76.28361111111113,
              8.070833333333333
            ],
            [
              -76.2838888888889,
              8.070833333333333
            ],
            [
              -76.2838888888889,
              8.071388888888889
            ],
            [
              -76.28416666666668,
              8.071388888888889
            ],
            [
              -76.28416666666668,
              8.072222222222223
            ],
            [
              -76.28444444444446,
              8.072222222222223
            ],
            [
              -76.28444444444446,
              8.072777777777778
            ],
            [
              -76.28472222222223,
              8.072777777777778
            ],
            [
              -76.28472222222223,
              8.073333333333332
            ],
            [
              -76.28500000000001,
              8.073333333333332
            ],
            [
              -76.28500000000001,
              8.073611111111111
            ],
            [
              -76.28472222222223,
              8.073611111111111
            ],
            [
              -76.28472222222223,
              8.074166666666667
            ],
            [
              -76.28444444444446,
              8.074166666666667
            ],
            [
              -76.28444444444446,
              8.074722222222222
            ],
            [
              -76.28416666666668,
              8.074722222222222
            ],
            [
              -76.28416666666668,
              8.075
            ],
            [
              -76.28444444444446,
              8.075
            ],
            [
              -76.28444444444446,
              8.075833333333334
            ],
            [
              -76.28416666666668,
              8.075833333333334
            ],
            [
              -76.28416666666668,
              8.076666666666666
            ],
            [
              -76.2838888888889,
              8.076666666666666
            ],
            [
              -76.2838888888889,
              8.076944444444445
            ],
            [
              -76.28416666666668,
              8.076944444444445
            ],
            [
              -76.28416666666668,
              8.077777777777778
            ],
            [
              -76.28444444444446,
              8.077777777777778
            ],
            [
              -76.28444444444446,
              8.078055555555556
            ],
            [
              -76.28472222222223,
              8.078055555555556
            ],
            [
              -76.28472222222223,
              8.078611111111112
            ],
            [
              -76.28555555555556,
              8.078611111111112
            ],
            [
              -76.28555555555556,
              8.078888888888889
            ],
            [
              -76.28638888888891,
              8.078888888888889
            ],
            [
              -76.28638888888891,
              8.079166666666666
            ],
            [
              -76.28694444444446,
              8.079166666666666
            ],
            [
              -76.28694444444446,
              8.079444444444444
            ],
            [
              -76.28861111111112,
              8.079444444444444
            ],
            [
              -76.28861111111112,
              8.079166666666666
            ],
            [
              -76.28916666666667,
              8.079166666666666
            ],
            [
              -76.28916666666667,
              8.078888888888889
            ],
            [
              -76.28944444444446,
              8.078888888888889
            ],
            [
              -76.28944444444446,
              8.078611111111112
            ],
            [
              -76.29,
              8.078611111111112
            ],
            [
              -76.29,
              8.078333333333333
            ],
            [
              -76.29111111111112,
              8.078333333333333
            ],
            [
              -76.29111111111112,
              8.078055555555556
            ],
            [
              -76.29194444444445,
              8.078055555555556
            ],
            [
              -76.29194444444445,
              8.077777777777778
            ],
            [
              -76.29222222222224,
              8.077777777777778
            ],
            [
              -76.29222222222224,
              8.0775
            ],
            [
              -76.29250000000002,
              8.0775
            ],
            [
              -76.29250000000002,
              8.077222222222222
            ],
            [
              -76.29305555555557,
              8.077222222222222
            ],
            [
              -76.29305555555557,
              8.076944444444445
            ],
            [
              -76.29527777777778,
              8.076944444444445
            ],
            [
              -76.29527777777778,
              8.077222222222222
            ],
            [
              -76.29611111111112,
              8.077222222222222
            ],
            [
              -76.29611111111112,
              8.080277777777777
            ],
            [
              -76.2963888888889,
              8.080277777777777
            ],
            [
              -76.2963888888889,
              8.081388888888888
            ],
            [
              -76.29694444444446,
              8.081388888888888
            ],
            [
              -76.29694444444446,
              8.081111111111111
            ],
            [
              -76.29750000000001,
              8.081111111111111
            ],
            [
              -76.29750000000001,
              8.081666666666667
            ],
            [
              -76.2977777777778,
              8.081666666666667
            ],
            [
              -76.2977777777778,
              8.083055555555555
            ],
            [
              -76.29805555555556,
              8.083055555555555
            ],
            [
              -76.29805555555556,
              8.083333333333334
            ],
            [
              -76.29833333333335,
              8.083333333333334
            ],
            [
              -76.29833333333335,
              8.08361111111111
            ],
            [
              -76.2988888888889,
              8.08361111111111
            ],
            [
              -76.2988888888889,
              8.08388888888889
            ],
            [
              -76.29916666666668,
              8.08388888888889
            ],
            [
              -76.29916666666668,
              8.084444444444443
            ],
            [
              -76.29944444444446,
              8.084444444444443
            ],
            [
              -76.29944444444446,
              8.086388888888889
            ],
            [
              -76.29972222222223,
              8.086388888888889
            ],
            [
              -76.29972222222223,
              8.0875
            ],
            [
              -76.29944444444446,
              8.0875
            ],
            [
              -76.29944444444446,
              8.088333333333333
            ],
            [
              -76.29916666666668,
              8.088333333333333
            ],
            [
              -76.29916666666668,
              8.089166666666667
            ],
            [
              -76.2988888888889,
              8.089166666666667
            ],
            [
              -76.2988888888889,
              8.09
            ],
            [
              -76.29916666666668,
              8.09
            ],
            [
              -76.29916666666668,
              8.090277777777777
            ],
            [
              -76.29944444444446,
              8.090277777777777
            ],
            [
              -76.29944444444446,
              8.090555555555556
            ],
            [
              -76.29972222222223,
              8.090555555555556
            ],
            [
              -76.29972222222223,
              8.090833333333332
            ],
            [
              -76.30000000000001,
              8.090833333333332
            ],
            [
              -76.30000000000001,
              8.091111111111111
            ],
            [
              -76.3002777777778,
              8.091111111111111
            ],
            [
              -76.3002777777778,
              8.091388888888888
            ],
            [
              -76.30055555555556,
              8.091388888888888
            ],
            [
              -76.30055555555556,
              8.092222222222222
            ],
            [
              -76.30083333333334,
              8.092222222222222
            ],
            [
              -76.30083333333334,
              8.0925
            ],
            [
              -76.30111111111113,
              8.0925
            ],
            [
              -76.30111111111113,
              8.095
            ],
            [
              -76.3013888888889,
              8.095
            ],
            [
              -76.3013888888889,
              8.095277777777778
            ],
            [
              -76.30166666666668,
              8.095277777777778
            ],
            [
              -76.30166666666668,
              8.095833333333333
            ],
            [
              -76.30194444444446,
              8.095833333333333
            ],
            [
              -76.30194444444446,
              8.096388888888889
            ],
            [
              -76.30222222222224,
              8.096388888888889
            ],
            [
              -76.30222222222224,
              8.0975
            ],
            [
              -76.30194444444446,
              8.0975
            ],
            [
              -76.30194444444446,
              8.097777777777777
            ],
            [
              -76.30222222222224,
              8.097777777777777
            ],
            [
              -76.30222222222224,
              8.098333333333333
            ],
            [
              -76.30250000000001,
              8.098333333333333
            ],
            [
              -76.30250000000001,
              8.098611111111111
            ],
            [
              -76.30277777777779,
              8.098611111111111
            ],
            [
              -76.30277777777779,
              8.1
            ],
            [
              -76.30305555555557,
              8.1
            ],
            [
              -76.30305555555557,
              8.1025
            ],
            [
              -76.30277777777779,
              8.1025
            ],
            [
              -76.30277777777779,
              8.102777777777778
            ],
            [
              -76.30250000000001,
              8.102777777777778
            ],
            [
              -76.30250000000001,
              8.103055555555555
            ],
            [
              -76.30222222222224,
              8.103055555555555
            ],
            [
              -76.30222222222224,
              8.10361111111111
            ],
            [
              -76.30194444444446,
              8.10361111111111
            ],
            [
              -76.30194444444446,
              8.104722222222222
            ],
            [
              -76.30222222222224,
              8.104722222222222
            ],
            [
              -76.30222222222224,
              8.105555555555556
            ],
            [
              -76.30250000000001,
              8.105555555555556
            ],
            [
              -76.30250000000001,
              8.106111111111112
            ],
            [
              -76.30277777777779,
              8.106111111111112
            ],
            [
              -76.30277777777779,
              8.106666666666667
            ],
            [
              -76.30305555555557,
              8.106666666666667
            ],
            [
              -76.30305555555557,
              8.1075
            ],
            [
              -76.30333333333334,
              8.1075
            ],
            [
              -76.30333333333334,
              8.108611111111111
            ],
            [
              -76.30361111111112,
              8.108611111111111
            ],
            [
              -76.30361111111112,
              8.108888888888888
            ],
            [
              -76.3038888888889,
              8.108888888888888
            ],
            [
              -76.3038888888889,
              8.109166666666667
            ],
            [
              -76.30527777777779,
              8.109166666666667
            ],
            [
              -76.30527777777779,
              8.108888888888888
            ],
            [
              -76.30555555555557,
              8.108888888888888
            ],
            [
              -76.30555555555557,
              8.109166666666667
            ],
            [
              -76.30583333333334,
              8.109166666666667
            ],
            [
              -76.30583333333334,
              8.109444444444444
            ],
            [
              -76.3063888888889,
              8.109444444444444
            ],
            [
              -76.3063888888889,
              8.110277777777778
            ],
            [
              -76.30666666666667,
              8.110277777777778
            ],
            [
              -76.30666666666667,
              8.110555555555555
            ],
            [
              -76.30694444444445,
              8.110555555555555
            ],
            [
              -76.30694444444445,
              8.110833333333334
            ],
            [
              -76.30722222222224,
              8.110833333333334
            ],
            [
              -76.30722222222224,
              8.11111111111111
            ],
            [
              -76.30750000000002,
              8.11111111111111
            ],
            [
              -76.30750000000002,
              8.111666666666666
            ],
            [
              -76.30777777777779,
              8.111666666666666
            ],
            [
              -76.30777777777779,
              8.112222222222222
            ],
            [
              -76.30805555555557,
              8.112222222222222
            ],
            [
              -76.30805555555557,
              8.112777777777778
            ],
            [
              -76.30861111111112,
              8.112777777777778
            ],
            [
              -76.30861111111112,
              8.113055555555555
            ],
            [
              -76.3088888888889,
              8.113055555555555
            ],
            [
              -76.3088888888889,
              8.113333333333333
            ],
            [
              -76.30944444444445,
              8.113333333333333
            ],
            [
              -76.30944444444445,
              8.11361111111111
            ],
            [
              -76.31000000000002,
              8.11361111111111
            ],
            [
              -76.31000000000002,
              8.113888888888889
            ],
            [
              -76.31111111111112,
              8.113888888888889
            ],
            [
              -76.31111111111112,
              8.114166666666666
            ],
            [
              -76.3113888888889,
              8.114166666666666
            ],
            [
              -76.3113888888889,
              8.114444444444445
            ],
            [
              -76.31166666666668,
              8.114444444444445
            ],
            [
              -76.31166666666668,
              8.114722222222222
            ],
            [
              -76.31194444444445,
              8.114722222222222
            ],
            [
              -76.31194444444445,
              8.115
            ],
            [
              -76.31222222222223,
              8.115
            ],
            [
              -76.31222222222223,
              8.115277777777777
            ],
            [
              -76.31250000000001,
              8.115277777777777
            ],
            [
              -76.31250000000001,
              8.115833333333333
            ],
            [
              -76.3127777777778,
              8.115833333333333
            ],
            [
              -76.3127777777778,
              8.116111111111111
            ],
            [
              -76.31333333333335,
              8.116111111111111
            ],
            [
              -76.31333333333335,
              8.116666666666667
            ],
            [
              -76.3138888888889,
              8.116666666666667
            ],
            [
              -76.3138888888889,
              8.116944444444444
            ],
            [
              -76.31472222222223,
              8.116944444444444
            ],
            [
              -76.31472222222223,
              8.1175
            ],
            [
              -76.31500000000001,
              8.1175
            ],
            [
              -76.31500000000001,
              8.117777777777778
            ],
            [
              -76.3152777777778,
              8.117777777777778
            ],
            [
              -76.3152777777778,
              8.118333333333332
            ],
            [
              -76.3163888888889,
              8.118333333333332
            ],
            [
              -76.3163888888889,
              8.118611111111111
            ],
            [
              -76.31666666666668,
              8.118611111111111
            ],
            [
              -76.31666666666668,
              8.118888888888888
            ],
            [
              -76.31694444444446,
              8.118888888888888
            ],
            [
              -76.31694444444446,
              8.119166666666667
            ],
            [
              -76.31722222222223,
              8.119166666666667
            ],
            [
              -76.31722222222223,
              8.119444444444444
            ],
            [
              -76.31750000000001,
              8.119444444444444
            ],
            [
              -76.31750000000001,
              8.119722222222222
            ],
            [
              -76.31861111111112,
              8.119722222222222
            ],
            [
              -76.31861111111112,
              8.120555555555555
            ],
            [
              -76.31916666666667,
              8.120555555555555
            ],
            [
              -76.31916666666667,
              8.120833333333334
            ],
            [
              -76.31972222222224,
              8.120833333333334
            ],
            [
              -76.31972222222224,
              8.12111111111111
            ],
            [
              -76.32027777777779,
              8.12111111111111
            ],
            [
              -76.32027777777779,
              8.121666666666666
            ],
            [
              -76.32055555555557,
              8.121666666666666
            ],
            [
              -76.32055555555557,
              8.121944444444445
            ],
            [
              -76.32083333333334,
              8.121944444444445
            ],
            [
              -76.32083333333334,
              8.122222222222222
            ],
            [
              -76.3213888888889,
              8.122222222222222
            ],
            [
              -76.3213888888889,
              8.1225
            ],
            [
              -76.3238888888889,
              8.1225
            ],
            [
              -76.3238888888889,
              8.122777777777777
            ],
            [
              -76.32500000000002,
              8.122777777777777
            ],
            [
              -76.32500000000002,
              8.123055555555556
            ],
            [
              -76.32527777777779,
              8.123055555555556
            ],
            [
              -76.32527777777779,
              8.123611111111112
            ],
            [
              -76.32555555555557,
              8.123611111111112
            ],
            [
              -76.32555555555557,
              8.124166666666667
            ],
            [
              -76.32583333333335,
              8.124166666666667
            ],
            [
              -76.32583333333335,
              8.124444444444444
            ],
            [
              -76.32611111111112,
              8.124444444444444
            ],
            [
              -76.32611111111112,
              8.124722222222221
            ],
            [
              -76.32666666666668,
              8.124722222222221
            ],
            [
              -76.32666666666668,
              8.125
            ],
            [
              -76.32750000000001,
              8.125
            ],
            [
              -76.32750000000001,
              8.127777777777778
            ],
            [
              -76.32777777777778,
              8.127777777777778
            ],
            [
              -76.32777777777778,
              8.129999999999999
            ],
            [
              -76.32805555555557,
              8.129999999999999
            ],
            [
              -76.32805555555557,
              8.130277777777778
            ],
            [
              -76.32777777777778,
              8.130277777777778
            ],
            [
              -76.32777777777778,
              8.130555555555555
            ],
            [
              -76.32750000000001,
              8.130555555555555
            ],
            [
              -76.32750000000001,
              8.13111111111111
            ],
            [
              -76.32722222222223,
              8.13111111111111
            ],
            [
              -76.32722222222223,
              8.132222222222222
            ],
            [
              -76.32694444444445,
              8.132222222222222
            ],
            [
              -76.32694444444445,
              8.132777777777777
            ],
            [
              -76.32666666666668,
              8.132777777777777
            ],
            [
              -76.32666666666668,
              8.133055555555556
            ],
            [
              -76.3263888888889,
              8.133055555555556
            ],
            [
              -76.3263888888889,
              8.133333333333333
            ],
            [
              -76.32611111111112,
              8.133333333333333
            ],
            [
              -76.32611111111112,
              8.133611111111112
            ],
            [
              -76.32583333333335,
              8.133611111111112
            ],
            [
              -76.32583333333335,
              8.134166666666667
            ],
            [
              -76.3263888888889,
              8.134166666666667
            ],
            [
              -76.3263888888889,
              8.134444444444444
            ],
            [
              -76.32666666666668,
              8.134444444444444
            ],
            [
              -76.32666666666668,
              8.134722222222223
            ],
            [
              -76.3263888888889,
              8.134722222222223
            ],
            [
              -76.3263888888889,
              8.136388888888888
            ],
            [
              -76.32666666666668,
              8.136388888888888
            ],
            [
              -76.32666666666668,
              8.136666666666667
            ],
            [
              -76.32694444444445,
              8.136666666666667
            ],
            [
              -76.32694444444445,
              8.137222222222222
            ],
            [
              -76.32722222222223,
              8.137222222222222
            ],
            [
              -76.32722222222223,
              8.1375
            ],
            [
              -76.32750000000001,
              8.1375
            ],
            [
              -76.32750000000001,
              8.137777777777778
            ],
            [
              -76.32777777777778,
              8.137777777777778
            ],
            [
              -76.32777777777778,
              8.138333333333334
            ],
            [
              -76.32805555555557,
              8.138333333333334
            ],
            [
              -76.32805555555557,
              8.13861111111111
            ],
            [
              -76.32833333333335,
              8.13861111111111
            ],
            [
              -76.32833333333335,
              8.13888888888889
            ],
            [
              -76.32861111111113,
              8.13888888888889
            ],
            [
              -76.32861111111113,
              8.139166666666666
            ],
            [
              -76.32916666666668,
              8.139166666666666
            ],
            [
              -76.32916666666668,
              8.139444444444445
            ],
            [
              -76.32972222222223,
              8.139444444444445
            ],
            [
              -76.32972222222223,
              8.139722222222222
            ],
            [
              -76.3302777777778,
              8.139722222222222
            ],
            [
              -76.3302777777778,
              8.14
            ],
            [
              -76.33055555555556,
              8.14
            ],
            [
              -76.33055555555556,
              8.140277777777778
            ],
            [
              -76.33083333333335,
              8.140277777777778
            ],
            [
              -76.33083333333335,
              8.140555555555556
            ],
            [
              -76.33111111111113,
              8.140555555555556
            ],
            [
              -76.33111111111113,
              8.140833333333333
            ],
            [
              -76.33166666666668,
              8.140833333333333
            ],
            [
              -76.33166666666668,
              8.141111111111112
            ],
            [
              -76.33194444444446,
              8.141111111111112
            ],
            [
              -76.33194444444446,
              8.141388888888889
            ],
            [
              -76.33222222222223,
              8.141388888888889
            ],
            [
              -76.33222222222223,
              8.141666666666666
            ],
            [
              -76.33250000000001,
              8.141666666666666
            ],
            [
              -76.33250000000001,
              8.141944444444444
            ],
            [
              -76.33277777777779,
              8.141944444444444
            ],
            [
              -76.33277777777779,
              8.142222222222221
            ],
            [
              -76.33305555555556,
              8.142222222222221
            ],
            [
              -76.33305555555556,
              8.1425
            ],
            [
              -76.33333333333334,
              8.1425
            ],
            [
              -76.33333333333334,
              8.143055555555556
            ],
            [
              -76.33361111111113,
              8.143055555555556
            ],
            [
              -76.33361111111113,
              8.143611111111111
            ],
            [
              -76.33388888888891,
              8.143611111111111
            ],
            [
              -76.33388888888891,
              8.144722222222223
            ],
            [
              -76.33416666666668,
              8.144722222222223
            ],
            [
              -76.33416666666668,
              8.147499999999999
            ],
            [
              -76.33444444444446,
              8.147499999999999
            ],
            [
              -76.33444444444446,
              8.147777777777778
            ],
            [
              -76.33472222222224,
              8.147777777777778
            ],
            [
              -76.33472222222224,
              8.148055555555555
            ],
            [
              -76.33611111111112,
              8.148055555555555
            ],
            [
              -76.33611111111112,
              8.148333333333333
            ],
            [
              -76.33666666666667,
              8.148333333333333
            ],
            [
              -76.33666666666667,
              8.14861111111111
            ],
            [
              -76.33722222222224,
              8.14861111111111
            ],
            [
              -76.33722222222224,
              8.148888888888889
            ],
            [
              -76.33777777777779,
              8.148888888888889
            ],
            [
              -76.33777777777779,
              8.149166666666666
            ],
            [
              -76.33916666666669,
              8.149166666666666
            ],
            [
              -76.33916666666669,
              8.149444444444445
            ],
            [
              -76.34027777777779,
              8.149444444444445
            ],
            [
              -76.34027777777779,
              8.149722222222222
            ],
            [
              -76.34083333333335,
              8.149722222222222
            ],
            [
              -76.34083333333335,
              8.15
            ],
            [
              -76.3413888888889,
              8.15
            ],
            [
              -76.3413888888889,
              8.150277777777777
            ],
            [
              -76.34194444444445,
              8.150277777777777
            ],
            [
              -76.34194444444445,
              8.150555555555556
            ],
            [
              -76.34277777777778,
              8.150555555555556
            ],
            [
              -76.34277777777778,
              8.150833333333333
            ],
            [
              -76.34333333333335,
              8.150833333333333
            ],
            [
              -76.34333333333335,
              8.151111111111112
            ],
            [
              -76.34361111111112,
              8.151111111111112
            ],
            [
              -76.34361111111112,
              8.151388888888889
            ],
            [
              -76.34416666666668,
              8.151388888888889
            ],
            [
              -76.34416666666668,
              8.151666666666667
            ],
            [
              -76.34472222222223,
              8.151666666666667
            ],
            [
              -76.34472222222223,
              8.151944444444444
            ],
            [
              -76.34500000000001,
              8.151944444444444
            ],
            [
              -76.34500000000001,
              8.152222222222223
            ],
            [
              -76.34555555555556,
              8.152222222222223
            ],
            [
              -76.34555555555556,
              8.153055555555556
            ],
            [
              -76.34583333333335,
              8.153055555555556
            ],
            [
              -76.34583333333335,
              8.153611111111111
            ],
            [
              -76.34611111111113,
              8.153611111111111
            ],
            [
              -76.34611111111113,
              8.153888888888888
            ],
            [
              -76.3463888888889,
              8.153888888888888
            ],
            [
              -76.3463888888889,
              8.154166666666667
            ],
            [
              -76.34666666666668,
              8.154166666666667
            ],
            [
              -76.34666666666668,
              8.154444444444444
            ],
            [
              -76.34722222222223,
              8.154444444444444
            ],
            [
              -76.34722222222223,
              8.154722222222222
            ],
            [
              -76.3477777777778,
              8.154722222222222
            ],
            [
              -76.3477777777778,
              8.155
            ],
            [
              -76.34861111111113,
              8.155
            ],
            [
              -76.34861111111113,
              8.155277777777778
            ],
            [
              -76.34888888888891,
              8.155277777777778
            ]
          ]
        ]
      }
    }
  ]
}