{
  "type": "FeatureCollection",
  "features": [
    {
      "type": "Feature",
      "properties": {
        "nombre": "Cuenca aportante preliminar - Guatape-El Penol",
        "metodo": "SRTM 30m + pysheds (D8), punto de max. acumulación de flujo en radio de búsqueda",
        "area_km2_aprox": 1209.9,
        "estado": "PRELIMINAR - validar con coordenada exacta del punto de desfogue (muro de presa)"
      },
      "geometry": {
        "type": "Polygon",
        "coordinates": [
          [
            [
              -75.30691534444445,
              6.3714211333333335
            ],
            [
              -75.30691534444445,
              6.371143355555556
            ],
            [
              -75.30830423333335,
              6.371143355555556
            ],
            [
              -75.30830423333335,
              6.370865577777778
            ],
            [
              -75.30858201111111,
              6.370865577777778
            ],
            [
              -75.30858201111111,
              6.3705878
            ],
            [
              -75.30913756666668,
              6.3705878
            ],
            [
              -75.30913756666668,
              6.370310022222222
            ],
            [
              -75.31052645555556,
              6.370310022222222
            ],
            [
              -75.31052645555556,
              6.370032244444445
            ],
            [
              -75.3113597888889,
              6.370032244444445
            ],
            [
              -75.3113597888889,
              6.3697544666666674
            ],
            [
              -75.31219312222223,
              6.3697544666666674
            ],
            [
              -75.31219312222223,
              6.36947668888889
            ],
            [
              -75.31247090000001,
              6.36947668888889
            ],
            [
              -75.31247090000001,
              6.369198911111112
            ],
            [
              -75.31302645555556,
              6.369198911111112
            ],
            [
              -75.31302645555556,
              6.36947668888889
            ],
            [
              -75.31441534444446,
              6.36947668888889
            ],
            [
              -75.31441534444446,
              6.3697544666666674
            ],
            [
              -75.31469312222222,
              6.3697544666666674
            ],
            [
              -75.31469312222222,
              6.36947668888889
            ],
            [
              -75.3149709,
              6.36947668888889
            ],
            [
              -75.3149709,
              6.369198911111112
            ],
            [
              -75.31524867777779,
              6.369198911111112
            ],
            [
              -75.31524867777779,
              6.368921133333334
            ],
            [
              -75.31635978888889,
              6.368921133333334
            ],
            [
              -75.31635978888889,
              6.368643355555556
            ],
            [
              -75.31719312222224,
              6.368643355555556
            ],
            [
              -75.31719312222224,
              6.368365577777778
            ],
            [
              -75.3188597888889,
              6.368365577777778
            ],
            [
              -75.3188597888889,
              6.3680878000000005
            ],
            [
              -75.31913756666667,
              6.3680878000000005
            ],
            [
              -75.31913756666667,
              6.367810022222223
            ],
            [
              -75.31941534444445,
              6.367810022222223
            ],
            [
              -75.31941534444445,
              6.367254466666667
            ],
            [
              -75.3199709,
              6.367254466666667
            ],
            [
              -75.3199709,
              6.366976688888889
            ],
            [
              -75.32024867777778,
              6.366976688888889
            ],
            [
              -75.32024867777778,
              6.366421133333334
            ],
            [
              -75.3199709,
              6.366421133333334
            ],
            [
              -75.3199709,
              6.365865577777778
            ],
            [
              -75.31969312222223,
              6.365865577777778
            ],
            [
              -75.31969312222223,
              6.365310022222222
            ],
            [
              -75.31941534444445,
              6.365310022222222
            ],
            [
              -75.31941534444445,
              6.364476688888889
            ],
            [
              -75.31913756666667,
              6.364476688888889
            ],
            [
              -75.31913756666667,
              6.364198911111112
            ],
            [
              -75.31941534444445,
              6.364198911111112
            ],
            [
              -75.31941534444445,
              6.363643355555556
            ],
            [
              -75.31969312222223,
              6.363643355555556
            ],
            [
              -75.31969312222223,
              6.3633655777777784
            ],
            [
              -75.3199709,
              6.3633655777777784
            ],
            [
              -75.3199709,
              6.362254466666667
            ],
            [
              -75.31969312222223,
              6.362254466666667
            ],
            [
              -75.31969312222223,
              6.3616989111111115
            ],
            [
              -75.31941534444445,
              6.3616989111111115
            ],
            [
              -75.31941534444445,
              6.361421133333334
            ],
            [
              -75.3188597888889,
              6.361421133333334
            ],
            [
              -75.3188597888889,
              6.359198911111111
            ],
            [
              -75.31858201111112,
              6.359198911111111
            ],
            [
              -75.31858201111112,
              6.358921133333334
            ],
            [
              -75.3188597888889,
              6.358921133333334
            ],
            [
              -75.3188597888889,
              6.358643355555556
            ],
            [
              -75.31858201111112,
              6.358643355555556
            ],
            [
              -75.31858201111112,
              6.3583655777777786
            ],
            [
              -75.31830423333334,
              6.3583655777777786
            ],
            [
              -75.31830423333334,
              6.3569766888888894
            ],
            [
              -75.31913756666667,
              6.3569766888888894
            ],
            [
              -75.31913756666667,
              6.356698911111112
            ],
            [
              -75.31941534444445,
              6.356698911111112
            ],
            [
              -75.31941534444445,
              6.356421133333334
            ],
            [
              -75.31969312222223,
              6.356421133333334
            ],
            [
              -75.31969312222223,
              6.355865577777778
            ],
            [
              -75.3199709,
              6.355865577777778
            ],
            [
              -75.3199709,
              6.354754466666667
            ],
            [
              -75.31969312222223,
              6.354754466666667
            ],
            [
              -75.31969312222223,
              6.353921133333333
            ],
            [
              -75.31941534444445,
              6.353921133333333
            ],
            [
              -75.31941534444445,
              6.353087800000001
            ],
            [
              -75.31913756666667,
              6.353087800000001
            ],
            [
              -75.31913756666667,
              6.352532244444445
            ],
            [
              -75.31941534444445,
              6.352532244444445
            ],
            [
              -75.31941534444445,
              6.352254466666667
            ],
            [
              -75.32024867777778,
              6.352254466666667
            ],
            [
              -75.32024867777778,
              6.352532244444445
            ],
            [
              -75.32163756666667,
              6.352532244444445
            ],
            [
              -75.32163756666667,
              6.352810022222223
            ],
            [
              -75.32191534444445,
              6.352810022222223
            ],
            [
              -75.32191534444445,
              6.3519766888888896
            ],
            [
              -75.32219312222223,
              6.3519766888888896
            ],
            [
              -75.32219312222223,
              6.351698911111112
            ],
            [
              -75.32247090000001,
              6.351698911111112
            ],
            [
              -75.32247090000001,
              6.351421133333334
            ],
            [
              -75.32274867777778,
              6.351421133333334
            ],
            [
              -75.32274867777778,
              6.351143355555556
            ],
            [
              -75.32302645555556,
              6.351143355555556
            ],
            [
              -75.32302645555556,
              6.350032244444445
            ],
            [
              -75.32274867777778,
              6.350032244444445
            ],
            [
              -75.32274867777778,
              6.349754466666667
            ],
            [
              -75.32247090000001,
              6.349754466666667
            ],
            [
              -75.32247090000001,
              6.348365577777778
            ],
            [
              -75.32274867777778,
              6.348365577777778
            ],
            [
              -75.32274867777778,
              6.3480878
            ],
            [
              -75.32247090000001,
              6.3480878
            ],
            [
              -75.32247090000001,
              6.347810022222222
            ],
            [
              -75.32163756666667,
              6.347810022222222
            ],
            [
              -75.32163756666667,
              6.3472544666666675
            ],
            [
              -75.3213597888889,
              6.3472544666666675
            ],
            [
              -75.3213597888889,
              6.34697668888889
            ],
            [
              -75.32108201111112,
              6.34697668888889
            ],
            [
              -75.32108201111112,
              6.346421133333334
            ],
            [
              -75.3213597888889,
              6.346421133333334
            ],
            [
              -75.3213597888889,
              6.346143355555556
            ],
            [
              -75.32163756666667,
              6.346143355555556
            ],
            [
              -75.32163756666667,
              6.345032244444445
            ],
            [
              -75.3213597888889,
              6.345032244444445
            ],
            [
              -75.3213597888889,
              6.344754466666667
            ],
            [
              -75.32108201111112,
              6.344754466666667
            ],
            [
              -75.32108201111112,
              6.3441989111111114
            ],
            [
              -75.32163756666667,
              6.3441989111111114
            ],
            [
              -75.32163756666667,
              6.343921133333334
            ],
            [
              -75.32302645555556,
              6.343921133333334
            ],
            [
              -75.32302645555556,
              6.343643355555556
            ],
            [
              -75.32330423333335,
              6.343643355555556
            ],
            [
              -75.32330423333335,
              6.342810022222222
            ],
            [
              -75.32302645555556,
              6.342810022222222
            ],
            [
              -75.32302645555556,
              6.3425322444444445
            ],
            [
              -75.32274867777778,
              6.3425322444444445
            ],
            [
              -75.32274867777778,
              6.342254466666667
            ],
            [
              -75.32302645555556,
              6.342254466666667
            ],
            [
              -75.32302645555556,
              6.34197668888889
            ],
            [
              -75.32274867777778,
              6.34197668888889
            ],
            [
              -75.32274867777778,
              6.3408655777777785
            ],
            [
              -75.32330423333335,
              6.3408655777777785
            ],
            [
              -75.32330423333335,
              6.340587800000001
            ],
            [
              -75.3238597888889,
              6.340587800000001
            ],
            [
              -75.3238597888889,
              6.340310022222223
            ],
            [
              -75.32441534444445,
              6.340310022222223
            ],
            [
              -75.32441534444445,
              6.339754466666667
            ],
            [
              -75.32469312222223,
              6.339754466666667
            ],
            [
              -75.32469312222223,
              6.339476688888889
            ],
            [
              -75.32497090000001,
              6.339476688888889
            ],
            [
              -75.32497090000001,
              6.338921133333334
            ],
            [
              -75.32524867777778,
              6.338921133333334
            ],
            [
              -75.32524867777778,
              6.338643355555556
            ],
            [
              -75.32580423333334,
              6.338643355555556
            ],
            [
              -75.32580423333334,
              6.338921133333334
            ],
            [
              -75.3263597888889,
              6.338921133333334
            ],
            [
              -75.3263597888889,
              6.339198911111112
            ],
            [
              -75.32663756666668,
              6.339198911111112
            ],
            [
              -75.32663756666668,
              6.339754466666667
            ],
            [
              -75.32691534444444,
              6.339754466666667
            ],
            [
              -75.32691534444444,
              6.340032244444445
            ],
            [
              -75.32719312222223,
              6.340032244444445
            ],
            [
              -75.32719312222223,
              6.340310022222223
            ],
            [
              -75.32774867777779,
              6.340310022222223
            ],
            [
              -75.32774867777779,
              6.340032244444445
            ],
            [
              -75.32830423333334,
              6.340032244444445
            ],
            [
              -75.32830423333334,
              6.339754466666667
            ],
            [
              -75.32885978888889,
              6.339754466666667
            ],
            [
              -75.32885978888889,
              6.339476688888889
            ],
            [
              -75.32858201111112,
              6.339476688888889
            ],
            [
              -75.32858201111112,
              6.338643355555556
            ],
            [
              -75.32885978888889,
              6.338643355555556
            ],
            [
              -75.32885978888889,
              6.337532244444445
            ],
            [
              -75.32858201111112,
              6.337532244444445
            ],
            [
              -75.32858201111112,
              6.336698911111111
            ],
            [
              -75.32941534444446,
              6.336698911111111
            ],
            [
              -75.32941534444446,
              6.336421133333333
            ],
            [
              -75.3299709,
              6.336421133333333
            ],
            [
              -75.3299709,
              6.336698911111111
            ],
            [
              -75.33024867777779,
              6.336698911111111
            ],
            [
              -75.33024867777779,
              6.336421133333333
            ],
            [
              -75.33052645555556,
              6.336421133333333
            ],
            [
              -75.33052645555556,
              6.336143355555556
            ],
            [
              -75.33191534444445,
              6.336143355555556
            ],
            [
              -75.33191534444445,
              6.335865577777779
            ],
            [
              -75.33219312222222,
              6.335865577777779
            ],
            [
              -75.33219312222222,
              6.336143355555556
            ],
            [
              -75.33358201111112,
              6.336143355555556
            ],
            [
              -75.33358201111112,
              6.335865577777779
            ],
            [
              -75.33441534444445,
              6.335865577777779
            ],
            [
              -75.33441534444445,
              6.335587800000001
            ],
            [
              -75.33524867777778,
              6.335587800000001
            ],
            [
              -75.33524867777778,
              6.335310022222223
            ],
            [
              -75.33608201111112,
              6.335310022222223
            ],
            [
              -75.33608201111112,
              6.333643355555556
            ],
            [
              -75.3363597888889,
              6.333643355555556
            ],
            [
              -75.3363597888889,
              6.333365577777778
            ],
            [
              -75.33663756666667,
              6.333365577777778
            ],
            [
              -75.33663756666667,
              6.3330878
            ],
            [
              -75.33691534444445,
              6.3330878
            ],
            [
              -75.33691534444445,
              6.332810022222223
            ],
            [
              -75.3374709,
              6.332810022222223
            ],
            [
              -75.3374709,
              6.332532244444445
            ],
            [
              -75.33774867777778,
              6.332532244444445
            ],
            [
              -75.33774867777778,
              6.331698911111111
            ],
            [
              -75.33802645555556,
              6.331698911111111
            ],
            [
              -75.33802645555556,
              6.330865577777778
            ],
            [
              -75.33830423333335,
              6.330865577777778
            ],
            [
              -75.33830423333335,
              6.330310022222223
            ],
            [
              -75.3388597888889,
              6.330310022222223
            ],
            [
              -75.3388597888889,
              6.329754466666667
            ],
            [
              -75.33941534444445,
              6.329754466666667
            ],
            [
              -75.33941534444445,
              6.32947668888889
            ],
            [
              -75.33997090000001,
              6.32947668888889
            ],
            [
              -75.33997090000001,
              6.326976688888889
            ],
            [
              -75.33969312222223,
              6.326976688888889
            ],
            [
              -75.33969312222223,
              6.326698911111111
            ],
            [
              -75.33913756666668,
              6.326698911111111
            ],
            [
              -75.33913756666668,
              6.326143355555556
            ],
            [
              -75.3388597888889,
              6.326143355555556
            ],
            [
              -75.3388597888889,
              6.325865577777778
            ],
            [
              -75.33858201111111,
              6.325865577777778
            ],
            [
              -75.33858201111111,
              6.3255878
            ],
            [
              -75.33830423333335,
              6.3255878
            ],
            [
              -75.33830423333335,
              6.323643355555556
            ],
            [
              -75.33858201111111,
              6.323643355555556
            ],
            [
              -75.33858201111111,
              6.322810022222223
            ],
            [
              -75.33830423333335,
              6.322810022222223
            ],
            [
              -75.33830423333335,
              6.321976688888889
            ],
            [
              -75.33802645555556,
              6.321976688888889
            ],
            [
              -75.33802645555556,
              6.320310022222222
            ],
            [
              -75.3388597888889,
              6.320310022222222
            ],
            [
              -75.3388597888889,
              6.320032244444445
            ],
            [
              -75.34191534444444,
              6.320032244444445
            ],
            [
              -75.34191534444444,
              6.319476688888889
            ],
            [
              -75.34219312222223,
              6.319476688888889
            ],
            [
              -75.34219312222223,
              6.318921133333334
            ],
            [
              -75.34191534444444,
              6.318921133333334
            ],
            [
              -75.34191534444444,
              6.318643355555556
            ],
            [
              -75.34163756666668,
              6.318643355555556
            ],
            [
              -75.34163756666668,
              6.3183655777777785
            ],
            [
              -75.3413597888889,
              6.3183655777777785
            ],
            [
              -75.3413597888889,
              6.318087800000001
            ],
            [
              -75.34108201111111,
              6.318087800000001
            ],
            [
              -75.34108201111111,
              6.317810022222223
            ],
            [
              -75.34080423333334,
              6.317810022222223
            ],
            [
              -75.34080423333334,
              6.317532244444445
            ],
            [
              -75.33969312222223,
              6.317532244444445
            ],
            [
              -75.33969312222223,
              6.317254466666667
            ],
            [
              -75.33941534444445,
              6.317254466666667
            ],
            [
              -75.33941534444445,
              6.316976688888889
            ],
            [
              -75.33913756666668,
              6.316976688888889
            ],
            [
              -75.33913756666668,
              6.316698911111112
            ],
            [
              -75.3388597888889,
              6.316698911111112
            ],
            [
              -75.3388597888889,
              6.316421133333334
            ],
            [
              -75.33858201111111,
              6.316421133333334
            ],
            [
              -75.33858201111111,
              6.316143355555556
            ],
            [
              -75.33830423333335,
              6.316143355555556
            ],
            [
              -75.33830423333335,
              6.3153100222222225
            ],
            [
              -75.33858201111111,
              6.3153100222222225
            ],
            [
              -75.33858201111111,
              6.315032244444445
            ],
            [
              -75.3388597888889,
              6.315032244444445
            ],
            [
              -75.3388597888889,
              6.314476688888889
            ],
            [
              -75.33913756666668,
              6.314476688888889
            ],
            [
              -75.33913756666668,
              6.314198911111111
            ],
            [
              -75.33941534444445,
              6.314198911111111
            ],
            [
              -75.33941534444445,
              6.313921133333333
            ],
            [
              -75.33997090000001,
              6.313921133333333
            ],
            [
              -75.33997090000001,
              6.314198911111111
            ],
            [
              -75.34052645555556,
              6.314198911111111
            ],
            [
              -75.34052645555556,
              6.313921133333333
            ],
            [
              -75.34108201111111,
              6.313921133333333
            ],
            [
              -75.34108201111111,
              6.313643355555556
            ],
            [
              -75.34247090000001,
              6.313643355555556
            ],
            [
              -75.34247090000001,
              6.314198911111111
            ],
            [
              -75.34274867777778,
              6.314198911111111
            ],
            [
              -75.34274867777778,
              6.314476688888889
            ],
            [
              -75.34302645555556,
              6.314476688888889
            ],
            [
              -75.34302645555556,
              6.315032244444445
            ],
            [
              -75.34330423333334,
              6.315032244444445
            ],
            [
              -75.34330423333334,
              6.3153100222222225
            ],
            [
              -75.34358201111112,
              6.3153100222222225
            ],
            [
              -75.34358201111112,
              6.3155878
            ],
            [
              -75.34441534444446,
              6.3155878
            ],
            [
              -75.34441534444446,
              6.315865577777778
            ],
            [
              -75.34524867777779,
              6.315865577777778
            ],
            [
              -75.34524867777779,
              6.316143355555556
            ],
            [
              -75.34552645555556,
              6.316143355555556
            ],
            [
              -75.34552645555556,
              6.315865577777778
            ],
            [
              -75.34635978888889,
              6.315865577777778
            ],
            [
              -75.34635978888889,
              6.316143355555556
            ],
            [
              -75.34691534444445,
              6.316143355555556
            ],
            [
              -75.34691534444445,
              6.316698911111112
            ],
            [
              -75.34774867777779,
              6.316698911111112
            ],
            [
              -75.34774867777779,
              6.316143355555556
            ],
            [
              -75.34802645555556,
              6.316143355555556
            ],
            [
              -75.34802645555556,
              6.315865577777778
            ],
            [
              -75.34830423333334,
              6.315865577777778
            ],
            [
              -75.34830423333334,
              6.3155878
            ],
            [
              -75.34858201111112,
              6.3155878
            ],
            [
              -75.34858201111112,
              6.3153100222222225
            ],
            [
              -75.3488597888889,
              6.3153100222222225
            ],
            [
              -75.3488597888889,
              6.315032244444445
            ],
            [
              -75.35108201111112,
              6.315032244444445
            ],
            [
              -75.35108201111112,
              6.3153100222222225
            ],
            [
              -75.35191534444445,
              6.3153100222222225
            ],
            [
              -75.35191534444445,
              6.315032244444445
            ],
            [
              -75.3524709,
              6.315032244444445
            ],
            [
              -75.3524709,
              6.314754466666667
            ],
            [
              -75.35358201111111,
              6.314754466666667
            ],
            [
              -75.35358201111111,
              6.315032244444445
            ],
            [
              -75.35413756666668,
              6.315032244444445
            ],
            [
              -75.35413756666668,
              6.314754466666667
            ],
            [
              -75.35441534444445,
              6.314754466666667
            ],
            [
              -75.35441534444445,
              6.314476688888889
            ],
            [
              -75.35469312222223,
              6.314476688888889
            ],
            [
              -75.35469312222223,
              6.313921133333333
            ],
            [
              -75.35552645555556,
              6.313921133333333
            ],
            [
              -75.35552645555556,
              6.313643355555556
            ],
            [
              -75.35580423333334,
              6.313643355555556
            ],
            [
              -75.35580423333334,
              6.312810022222223
            ],
            [
              -75.35608201111111,
              6.312810022222223
            ],
            [
              -75.35608201111111,
              6.312532244444445
            ],
            [
              -75.3563597888889,
              6.312532244444445
            ],
            [
              -75.3563597888889,
              6.312254466666667
            ],
            [
              -75.35663756666668,
              6.312254466666667
            ],
            [
              -75.35663756666668,
              6.3119766888888895
            ],
            [
              -75.35691534444445,
              6.3119766888888895
            ],
            [
              -75.35691534444445,
              6.309754466666667
            ],
            [
              -75.35663756666668,
              6.309754466666667
            ],
            [
              -75.35663756666668,
              6.309476688888889
            ],
            [
              -75.35691534444445,
              6.309476688888889
            ],
            [
              -75.35691534444445,
              6.307532244444445
            ],
            [
              -75.35719312222223,
              6.307532244444445
            ],
            [
              -75.35719312222223,
              6.30697668888889
            ],
            [
              -75.35747090000001,
              6.30697668888889
            ],
            [
              -75.35747090000001,
              6.305865577777778
            ],
            [
              -75.35719312222223,
              6.305865577777778
            ],
            [
              -75.35719312222223,
              6.305032244444445
            ],
            [
              -75.35691534444445,
              6.305032244444445
            ],
            [
              -75.35691534444445,
              6.304754466666667
            ],
            [
              -75.35663756666668,
              6.304754466666667
            ],
            [
              -75.35663756666668,
              6.304476688888889
            ],
            [
              -75.3563597888889,
              6.304476688888889
            ],
            [
              -75.3563597888889,
              6.304198911111111
            ],
            [
              -75.35608201111111,
              6.304198911111111
            ],
            [
              -75.35608201111111,
              6.303921133333334
            ],
            [
              -75.3563597888889,
              6.303921133333334
            ],
            [
              -75.3563597888889,
              6.302254466666667
            ],
            [
              -75.35663756666668,
              6.302254466666667
            ],
            [
              -75.35663756666668,
              6.301976688888889
            ],
            [
              -75.35719312222223,
              6.301976688888889
            ],
            [
              -75.35719312222223,
              6.301698911111112
            ],
            [
              -75.35774867777778,
              6.301698911111112
            ],
            [
              -75.35774867777778,
              6.301421133333334
            ],
            [
              -75.35830423333334,
              6.301421133333334
            ],
            [
              -75.35830423333334,
              6.301143355555556
            ],
            [
              -75.35941534444446,
              6.301143355555556
            ],
            [
              -75.35941534444446,
              6.301421133333334
            ],
            [
              -75.36108201111112,
              6.301421133333334
            ],
            [
              -75.36108201111112,
              6.302254466666667
            ],
            [
              -75.36135978888889,
              6.302254466666667
            ],
            [
              -75.36135978888889,
              6.303365577777778
            ],
            [
              -75.36163756666667,
              6.303365577777778
            ],
            [
              -75.36163756666667,
              6.304476688888889
            ],
            [
              -75.36219312222222,
              6.304476688888889
            ],
            [
              -75.36219312222222,
              6.304754466666667
            ],
            [
              -75.36413756666667,
              6.304754466666667
            ],
            [
              -75.36413756666667,
              6.305032244444445
            ],
            [
              -75.36441534444445,
              6.305032244444445
            ],
            [
              -75.36441534444445,
              6.3055878000000005
            ],
            [
              -75.36469312222223,
              6.3055878000000005
            ],
            [
              -75.36469312222223,
              6.305865577777778
            ],
            [
              -75.3649709,
              6.305865577777778
            ],
            [
              -75.3649709,
              6.306143355555556
            ],
            [
              -75.36524867777779,
              6.306143355555556
            ],
            [
              -75.36524867777779,
              6.306421133333334
            ],
            [
              -75.36580423333334,
              6.306421133333334
            ],
            [
              -75.36580423333334,
              6.306698911111112
            ],
            [
              -75.36663756666667,
              6.306698911111112
            ],
            [
              -75.36663756666667,
              6.30697668888889
            ],
            [
              -75.36719312222223,
              6.30697668888889
            ],
            [
              -75.36719312222223,
              6.306698911111112
            ],
            [
              -75.36802645555557,
              6.306698911111112
            ],
            [
              -75.36802645555557,
              6.306421133333334
            ],
            [
              -75.36913756666668,
              6.306421133333334
            ],
            [
              -75.36913756666668,
              6.306143355555556
            ],
            [
              -75.36941534444445,
              6.306143355555556
            ],
            [
              -75.36941534444445,
              6.306698911111112
            ],
            [
              -75.36969312222223,
              6.306698911111112
            ],
            [
              -75.36969312222223,
              6.307810022222222
            ],
            [
              -75.36997090000001,
              6.307810022222222
            ],
            [
              -75.36997090000001,
              6.3080878
            ],
            [
              -75.37024867777778,
              6.3080878
            ],
            [
              -75.37024867777778,
              6.308365577777778
            ],
            [
              -75.37052645555556,
              6.308365577777778
            ],
            [
              -75.37052645555556,
              6.308643355555556
            ],
            [
              -75.37080423333335,
              6.308643355555556
            ],
            [
              -75.37080423333335,
              6.3089211333333335
            ],
            [
              -75.37052645555556,
              6.3089211333333335
            ],
            [
              -75.37052645555556,
              6.310032244444445
            ],
            [
              -75.37080423333335,
              6.310032244444445
            ],
            [
              -75.37080423333335,
              6.310310022222223
            ],
            [
              -75.3713597888889,
              6.310310022222223
            ],
            [
              -75.3713597888889,
              6.310032244444445
            ],
            [
              -75.37163756666668,
              6.310032244444445
            ],
            [
              -75.37163756666668,
              6.310310022222223
            ],
            [
              -75.37247090000001,
              6.310310022222223
            ],
            [
              -75.37247090000001,
              6.308643355555556
            ],
            [
              -75.37274867777778,
              6.308643355555556
            ],
            [
              -75.37274867777778,
              6.308365577777778
            ],
            [
              -75.37302645555556,
              6.308365577777778
            ],
            [
              -75.37302645555556,
              6.307532244444445
            ],
            [
              -75.37274867777778,
              6.307532244444445
            ],
            [
              -75.37274867777778,
              6.3055878000000005
            ],
            [
              -75.37302645555556,
              6.3055878000000005
            ],
            [
              -75.37302645555556,
              6.305865577777778
            ],
            [
              -75.37358201111111,
              6.305865577777778
            ],
            [
              -75.37358201111111,
              6.3055878000000005
            ],
            [
              -75.37552645555556,
              6.3055878000000005
            ],
            [
              -75.37552645555556,
              6.305310022222223
            ],
            [
              -75.37580423333334,
              6.305310022222223
            ],
            [
              -75.37580423333334,
              6.305032244444445
            ],
            [
              -75.37635978888889,
              6.305032244444445
            ],
            [
              -75.37635978888889,
              6.304754466666667
            ],
            [
              -75.37663756666667,
              6.304754466666667
            ],
            [
              -75.37663756666667,
              6.303921133333334
            ],
            [
              -75.37691534444446,
              6.303921133333334
            ],
            [
              -75.37691534444446,
              6.303365577777778
            ],
            [
              -75.37719312222222,
              6.303365577777778
            ],
            [
              -75.37719312222222,
              6.3030878
            ],
            [
              -75.37774867777779,
              6.3030878
            ],
            [
              -75.37774867777779,
              6.302810022222222
            ],
            [
              -75.37802645555556,
              6.302810022222222
            ],
            [
              -75.37802645555556,
              6.302254466666667
            ],
            [
              -75.37858201111112,
              6.302254466666667
            ],
            [
              -75.37858201111112,
              6.301976688888889
            ],
            [
              -75.37885978888889,
              6.301976688888889
            ],
            [
              -75.37885978888889,
              6.301421133333334
            ],
            [
              -75.37858201111112,
              6.301421133333334
            ],
            [
              -75.37858201111112,
              6.300032244444445
            ],
            [
              -75.37885978888889,
              6.300032244444445
            ],
            [
              -75.37885978888889,
              6.299476688888889
            ],
            [
              -75.37913756666667,
              6.299476688888889
            ],
            [
              -75.37913756666667,
              6.2991989111111115
            ],
            [
              -75.37941534444445,
              6.2991989111111115
            ],
            [
              -75.37941534444445,
              6.298921133333334
            ],
            [
              -75.38024867777779,
              6.298921133333334
            ],
            [
              -75.38024867777779,
              6.2991989111111115
            ],
            [
              -75.38052645555557,
              6.2991989111111115
            ],
            [
              -75.38052645555557,
              6.299754466666667
            ],
            [
              -75.38108201111112,
              6.299754466666667
            ],
            [
              -75.38108201111112,
              6.300310022222223
            ],
            [
              -75.38163756666667,
              6.300310022222223
            ],
            [
              -75.38163756666667,
              6.3008655777777784
            ],
            [
              -75.38219312222223,
              6.3008655777777784
            ],
            [
              -75.38219312222223,
              6.300587800000001
            ],
            [
              -75.3824709,
              6.300587800000001
            ],
            [
              -75.3824709,
              6.300310022222223
            ],
            [
              -75.38274867777778,
              6.300310022222223
            ],
            [
              -75.38274867777778,
              6.300032244444445
            ],
            [
              -75.38330423333333,
              6.300032244444445
            ],
            [
              -75.38330423333333,
              6.299754466666667
            ],
            [
              -75.3838597888889,
              6.299754466666667
            ],
            [
              -75.3838597888889,
              6.2991989111111115
            ],
            [
              -75.38413756666667,
              6.2991989111111115
            ],
            [
              -75.38413756666667,
              6.298921133333334
            ],
            [
              -75.38441534444445,
              6.298921133333334
            ],
            [
              -75.38441534444445,
              6.298643355555556
            ],
            [
              -75.38469312222223,
              6.298643355555556
            ],
            [
              -75.38469312222223,
              6.298365577777778
            ],
            [
              -75.38497090000001,
              6.298365577777778
            ],
            [
              -75.38497090000001,
              6.2980878
            ],
            [
              -75.38524867777778,
              6.2980878
            ],
            [
              -75.38524867777778,
              6.297254466666667
            ],
            [
              -75.38552645555556,
              6.297254466666667
            ],
            [
              -75.38552645555556,
              6.296976688888889
            ],
            [
              -75.38608201111111,
              6.296976688888889
            ],
            [
              -75.38608201111111,
              6.296421133333334
            ],
            [
              -75.3863597888889,
              6.296421133333334
            ],
            [
              -75.3863597888889,
              6.295310022222223
            ],
            [
              -75.38663756666668,
              6.295310022222223
            ],
            [
              -75.38663756666668,
              6.295032244444445
            ],
            [
              -75.38747090000001,
              6.295032244444445
            ],
            [
              -75.38747090000001,
              6.294754466666667
            ],
            [
              -75.38830423333334,
              6.294754466666667
            ],
            [
              -75.38830423333334,
              6.2944766888888894
            ],
            [
              -75.38858201111111,
              6.2944766888888894
            ],
            [
              -75.38858201111111,
              6.293921133333334
            ],
            [
              -75.3888597888889,
              6.293921133333334
            ],
            [
              -75.3888597888889,
              6.2930878
            ],
            [
              -75.38913756666668,
              6.2930878
            ],
            [
              -75.38913756666668,
              6.2928100222222225
            ],
            [
              -75.38941534444444,
              6.2928100222222225
            ],
            [
              -75.38941534444444,
              6.292532244444445
            ],
            [
              -75.39024867777779,
              6.292532244444445
            ],
            [
              -75.39024867777779,
              6.292254466666667
            ],
            [
              -75.39052645555556,
              6.292254466666667
            ],
            [
              -75.39052645555556,
              6.291143355555556
            ],
            [
              -75.39024867777779,
              6.291143355555556
            ],
            [
              -75.39024867777779,
              6.290865577777778
            ],
            [
              -75.38941534444444,
              6.290865577777778
            ],
            [
              -75.38941534444444,
              6.290310022222223
            ],
            [
              -75.38913756666668,
              6.290310022222223
            ],
            [
              -75.38913756666668,
              6.290032244444445
            ],
            [
              -75.3888597888889,
              6.290032244444445
            ],
            [
              -75.3888597888889,
              6.289754466666667
            ],
            [
              -75.38830423333334,
              6.289754466666667
            ],
            [
              -75.38830423333334,
              6.2894766888888896
            ],
            [
              -75.38802645555556,
              6.2894766888888896
            ],
            [
              -75.38802645555556,
              6.288643355555556
            ],
            [
              -75.38830423333334,
              6.288643355555556
            ],
            [
              -75.38830423333334,
              6.288365577777778
            ],
            [
              -75.38858201111111,
              6.288365577777778
            ],
            [
              -75.38858201111111,
              6.2880878000000004
            ],
            [
              -75.3888597888889,
              6.2880878000000004
            ],
            [
              -75.3888597888889,
              6.287810022222223
            ],
            [
              -75.38913756666668,
              6.287810022222223
            ],
            [
              -75.38913756666668,
              6.287532244444445
            ],
            [
              -75.38941534444444,
              6.287532244444445
            ],
            [
              -75.38941534444444,
              6.286698911111111
            ],
            [
              -75.38969312222223,
              6.286698911111111
            ],
            [
              -75.38969312222223,
              6.286143355555556
            ],
            [
              -75.38997090000001,
              6.286143355555556
            ],
            [
              -75.38997090000001,
              6.285310022222222
            ],
            [
              -75.39024867777779,
              6.285310022222222
            ],
            [
              -75.39024867777779,
              6.285032244444444
            ],
            [
              -75.39052645555556,
              6.285032244444444
            ],
            [
              -75.39052645555556,
              6.2847544666666675
            ],
            [
              -75.39080423333334,
              6.2847544666666675
            ],
            [
              -75.39080423333334,
              6.283643355555556
            ],
            [
              -75.39108201111112,
              6.283643355555556
            ],
            [
              -75.39108201111112,
              6.2830878000000006
            ],
            [
              -75.39135978888889,
              6.2830878000000006
            ],
            [
              -75.39135978888889,
              6.281143355555556
            ],
            [
              -75.39163756666667,
              6.281143355555556
            ],
            [
              -75.39163756666667,
              6.2805878
            ],
            [
              -75.39191534444446,
              6.2805878
            ],
            [
              -75.39191534444446,
              6.2800322444444445
            ],
            [
              -75.3924709,
              6.2800322444444445
            ],
            [
              -75.3924709,
              6.279754466666667
            ],
            [
              -75.39274867777779,
              6.279754466666667
            ],
            [
              -75.39274867777779,
              6.27947668888889
            ],
            [
              -75.39302645555556,
              6.27947668888889
            ],
            [
              -75.39302645555556,
              6.279198911111111
            ],
            [
              -75.39358201111112,
              6.279198911111111
            ],
            [
              -75.39358201111112,
              6.278921133333334
            ],
            [
              -75.39330423333334,
              6.278921133333334
            ],
            [
              -75.39330423333334,
              6.278643355555556
            ],
            [
              -75.39302645555556,
              6.278643355555556
            ],
            [
              -75.39302645555556,
              6.277254466666667
            ],
            [
              -75.39330423333334,
              6.277254466666667
            ],
            [
              -75.39330423333334,
              6.276698911111112
            ],
            [
              -75.39358201111112,
              6.276698911111112
            ],
            [
              -75.39358201111112,
              6.276143355555556
            ],
            [
              -75.39385978888889,
              6.276143355555556
            ],
            [
              -75.39385978888889,
              6.275865577777778
            ],
            [
              -75.39413756666667,
              6.275865577777778
            ],
            [
              -75.39413756666667,
              6.2755878
            ],
            [
              -75.39524867777779,
              6.2755878
            ],
            [
              -75.39524867777779,
              6.275865577777778
            ],
            [
              -75.39552645555557,
              6.275865577777778
            ],
            [
              -75.39552645555557,
              6.2755878
            ],
            [
              -75.39580423333334,
              6.2755878
            ],
            [
              -75.39580423333334,
              6.274476688888889
            ],
            [
              -75.39691534444445,
              6.274476688888889
            ],
            [
              -75.39691534444445,
              6.274198911111111
            ],
            [
              -75.39719312222223,
              6.274198911111111
            ],
            [
              -75.39719312222223,
              6.273921133333333
            ],
            [
              -75.39774867777778,
              6.273921133333333
            ],
            [
              -75.39774867777778,
              6.273643355555556
            ],
            [
              -75.39802645555557,
              6.273643355555556
            ],
            [
              -75.39802645555557,
              6.273365577777779
            ],
            [
              -75.39858201111112,
              6.273365577777779
            ],
            [
              -75.39858201111112,
              6.273087800000001
            ],
            [
              -75.39913756666667,
              6.273087800000001
            ],
            [
              -75.39913756666667,
              6.272810022222223
            ],
            [
              -75.39941534444445,
              6.272810022222223
            ],
            [
              -75.39941534444445,
              6.272532244444445
            ],
            [
              -75.39969312222223,
              6.272532244444445
            ],
            [
              -75.39969312222223,
              6.271698911111112
            ],
            [
              -75.39941534444445,
              6.271698911111112
            ],
            [
              -75.39941534444445,
              6.271421133333334
            ],
            [
              -75.3988597888889,
              6.271421133333334
            ],
            [
              -75.3988597888889,
              6.271143355555556
            ],
            [
              -75.39858201111112,
              6.271143355555556
            ],
            [
              -75.39858201111112,
              6.270865577777778
            ],
            [
              -75.39830423333333,
              6.270865577777778
            ],
            [
              -75.39830423333333,
              6.270310022222223
            ],
            [
              -75.39802645555557,
              6.270310022222223
            ],
            [
              -75.39802645555557,
              6.270032244444445
            ],
            [
              -75.39774867777778,
              6.270032244444445
            ],
            [
              -75.39774867777778,
              6.269476688888889
            ],
            [
              -75.3974709,
              6.269476688888889
            ],
            [
              -75.3974709,
              6.26697668888889
            ],
            [
              -75.39774867777778,
              6.26697668888889
            ],
            [
              -75.39774867777778,
              6.266143355555556
            ],
            [
              -75.39802645555557,
              6.266143355555556
            ],
            [
              -75.39802645555557,
              6.265310022222223
            ],
            [
              -75.3988597888889,
              6.265310022222223
            ],
            [
              -75.3988597888889,
              6.264754466666667
            ],
            [
              -75.39858201111112,
              6.264754466666667
            ],
            [
              -75.39858201111112,
              6.264476688888889
            ],
            [
              -75.3988597888889,
              6.264476688888889
            ],
            [
              -75.3988597888889,
              6.263643355555556
            ],
            [
              -75.40024867777778,
              6.263643355555556
            ],
            [
              -75.40024867777778,
              6.263921133333334
            ],
            [
              -75.40052645555556,
              6.263921133333334
            ],
            [
              -75.40052645555556,
              6.264198911111111
            ],
            [
              -75.4013597888889,
              6.264198911111111
            ],
            [
              -75.4013597888889,
              6.264476688888889
            ],
            [
              -75.40163756666668,
              6.264476688888889
            ],
            [
              -75.40163756666668,
              6.264198911111111
            ],
            [
              -75.40219312222223,
              6.264198911111111
            ],
            [
              -75.40219312222223,
              6.263921133333334
            ],
            [
              -75.40247090000001,
              6.263921133333334
            ],
            [
              -75.40247090000001,
              6.263365577777778
            ],
            [
              -75.40274867777778,
              6.263365577777778
            ],
            [
              -75.40274867777778,
              6.261698911111112
            ],
            [
              -75.40330423333334,
              6.261698911111112
            ],
            [
              -75.40330423333334,
              6.261143355555556
            ],
            [
              -75.40358201111111,
              6.261143355555556
            ],
            [
              -75.40358201111111,
              6.261421133333334
            ],
            [
              -75.40552645555556,
              6.261421133333334
            ],
            [
              -75.40552645555556,
              6.261143355555556
            ],
            [
              -75.40580423333334,
              6.261143355555556
            ],
            [
              -75.40580423333334,
              6.260865577777778
            ],
            [
              -75.40691534444446,
              6.260865577777778
            ],
            [
              -75.40691534444446,
              6.260587800000001
            ],
            [
              -75.40858201111112,
              6.260587800000001
            ],
            [
              -75.40858201111112,
              6.261421133333334
            ],
            [
              -75.40885978888889,
              6.261421133333334
            ],
            [
              -75.40885978888889,
              6.2625322444444445
            ],
            [
              -75.40913756666667,
              6.2625322444444445
            ],
            [
              -75.40913756666667,
              6.2630878
            ],
            [
              -75.40941534444445,
              6.2630878
            ],
            [
              -75.40941534444445,
              6.265032244444445
            ],
            [
              -75.40969312222222,
              6.265032244444445
            ],
            [
              -75.40969312222222,
              6.265310022222223
            ],
            [
              -75.4099709,
              6.265310022222223
            ],
            [
              -75.4099709,
              6.265865577777778
            ],
            [
              -75.41024867777779,
              6.265865577777778
            ],
            [
              -75.41024867777779,
              6.266421133333334
            ],
            [
              -75.41052645555556,
              6.266421133333334
            ],
            [
              -75.41052645555556,
              6.266698911111112
            ],
            [
              -75.41024867777779,
              6.266698911111112
            ],
            [
              -75.41024867777779,
              6.267254466666667
            ],
            [
              -75.41052645555556,
              6.267254466666667
            ],
            [
              -75.41052645555556,
              6.2680878
            ],
            [
              -75.41080423333334,
              6.2680878
            ],
            [
              -75.41080423333334,
              6.268643355555556
            ],
            [
              -75.41108201111112,
              6.268643355555556
            ],
            [
              -75.41108201111112,
              6.269198911111111
            ],
            [
              -75.4113597888889,
              6.269198911111111
            ],
            [
              -75.4113597888889,
              6.270310022222223
            ],
            [
              -75.41108201111112,
              6.270310022222223
            ],
            [
              -75.41108201111112,
              6.2705878
            ],
            [
              -75.4113597888889,
              6.2705878
            ],
            [
              -75.4113597888889,
              6.271421133333334
            ],
            [
              -75.41163756666667,
              6.271421133333334
            ],
            [
              -75.41163756666667,
              6.2719766888888895
            ],
            [
              -75.41191534444445,
              6.2719766888888895
            ],
            [
              -75.41191534444445,
              6.272532244444445
            ],
            [
              -75.41219312222223,
              6.272532244444445
            ],
            [
              -75.41219312222223,
              6.272810022222223
            ],
            [
              -75.41191534444445,
              6.272810022222223
            ],
            [
              -75.41191534444445,
              6.274198911111111
            ],
            [
              -75.41219312222223,
              6.274198911111111
            ],
            [
              -75.41219312222223,
              6.274476688888889
            ],
            [
              -75.4124709,
              6.274476688888889
            ],
            [
              -75.4124709,
              6.274754466666667
            ],
            [
              -75.41274867777778,
              6.274754466666667
            ],
            [
              -75.41274867777778,
              6.275032244444445
            ],
            [
              -75.41302645555557,
              6.275032244444445
            ],
            [
              -75.41302645555557,
              6.276143355555556
            ],
            [
              -75.41330423333333,
              6.276143355555556
            ],
            [
              -75.41330423333333,
              6.276421133333334
            ],
            [
              -75.41358201111112,
              6.276421133333334
            ],
            [
              -75.41358201111112,
              6.276698911111112
            ],
            [
              -75.41413756666667,
              6.276698911111112
            ],
            [
              -75.41413756666667,
              6.277532244444445
            ],
            [
              -75.41469312222223,
              6.277532244444445
            ],
            [
              -75.41469312222223,
              6.277810022222223
            ],
            [
              -75.41580423333333,
              6.277810022222223
            ],
            [
              -75.41580423333333,
              6.278087800000001
            ],
            [
              -75.41608201111111,
              6.278087800000001
            ],
            [
              -75.41608201111111,
              6.2783655777777785
            ],
            [
              -75.4163597888889,
              6.2783655777777785
            ],
            [
              -75.4163597888889,
              6.278643355555556
            ],
            [
              -75.41691534444445,
              6.278643355555556
            ],
            [
              -75.41691534444445,
              6.278921133333334
            ],
            [
              -75.41719312222223,
              6.278921133333334
            ],
            [
              -75.41719312222223,
              6.27947668888889
            ],
            [
              -75.41747090000001,
              6.27947668888889
            ],
            [
              -75.41747090000001,
              6.279754466666667
            ],
            [
              -75.41774867777778,
              6.279754466666667
            ],
            [
              -75.41774867777778,
              6.280310022222222
            ],
            [
              -75.41830423333334,
              6.280310022222222
            ],
            [
              -75.41830423333334,
              6.2805878
            ],
            [
              -75.41969312222223,
              6.2805878
            ],
            [
              -75.41969312222223,
              6.280865577777778
            ],
            [
              -75.42052645555556,
              6.280865577777778
            ],
            [
              -75.42052645555556,
              6.281421133333334
            ],
            [
              -75.42108201111111,
              6.281421133333334
            ],
            [
              -75.42108201111111,
              6.2816989111111114
            ],
            [
              -75.42219312222223,
              6.2816989111111114
            ],
            [
              -75.42219312222223,
              6.281421133333334
            ],
            [
              -75.42302645555556,
              6.281421133333334
            ],
            [
              -75.42302645555556,
              6.2816989111111114
            ],
            [
              -75.42330423333334,
              6.2816989111111114
            ],
            [
              -75.42330423333334,
              6.282810022222223
            ],
            [
              -75.42358201111112,
              6.282810022222223
            ],
            [
              -75.42358201111112,
              6.283643355555556
            ],
            [
              -75.42385978888889,
              6.283643355555556
            ],
            [
              -75.42385978888889,
              6.283921133333334
            ],
            [
              -75.42358201111112,
              6.283921133333334
            ],
            [
              -75.42358201111112,
              6.2847544666666675
            ],
            [
              -75.42385978888889,
              6.2847544666666675
            ],
            [
              -75.42385978888889,
              6.285032244444444
            ],
            [
              -75.42413756666667,
              6.285032244444444
            ],
            [
              -75.42413756666667,
              6.285865577777778
            ],
            [
              -75.42441534444445,
              6.285865577777778
            ],
            [
              -75.42441534444445,
              6.286143355555556
            ],
            [
              -75.42469312222222,
              6.286143355555556
            ],
            [
              -75.42469312222222,
              6.287254466666667
            ],
            [
              -75.4249709,
              6.287254466666667
            ],
            [
              -75.4249709,
              6.2880878000000004
            ],
            [
              -75.42524867777779,
              6.2880878000000004
            ],
            [
              -75.42524867777779,
              6.289198911111112
            ],
            [
              -75.42552645555556,
              6.289198911111112
            ],
            [
              -75.42552645555556,
              6.290032244444445
            ],
            [
              -75.42524867777779,
              6.290032244444445
            ],
            [
              -75.42524867777779,
              6.291143355555556
            ],
            [
              -75.42552645555556,
              6.291143355555556
            ],
            [
              -75.42552645555556,
              6.291976688888889
            ],
            [
              -75.42580423333334,
              6.291976688888889
            ],
            [
              -75.42580423333334,
              6.293643355555556
            ],
            [
              -75.42608201111112,
              6.293643355555556
            ],
            [
              -75.42608201111112,
              6.294198911111112
            ],
            [
              -75.4263597888889,
              6.294198911111112
            ],
            [
              -75.4263597888889,
              6.295032244444445
            ],
            [
              -75.42663756666667,
              6.295032244444445
            ],
            [
              -75.42663756666667,
              6.295587800000001
            ],
            [
              -75.42719312222223,
              6.295587800000001
            ],
            [
              -75.42719312222223,
              6.296143355555556
            ],
            [
              -75.4274709,
              6.296143355555556
            ],
            [
              -75.4274709,
              6.296421133333334
            ],
            [
              -75.42774867777779,
              6.296421133333334
            ],
            [
              -75.42774867777779,
              6.296976688888889
            ],
            [
              -75.4274709,
              6.296976688888889
            ],
            [
              -75.4274709,
              6.297254466666667
            ],
            [
              -75.42719312222223,
              6.297254466666667
            ],
            [
              -75.42719312222223,
              6.297532244444445
            ],
            [
              -75.42691534444445,
              6.297532244444445
            ],
            [
              -75.42691534444445,
              6.2980878
            ],
            [
              -75.42663756666667,
              6.2980878
            ],
            [
              -75.42663756666667,
              6.298365577777778
            ],
            [
              -75.4263597888889,
              6.298365577777778
            ],
            [
              -75.4263597888889,
              6.298643355555556
            ],
            [
              -75.42608201111112,
              6.298643355555556
            ],
            [
              -75.42608201111112,
              6.298921133333334
            ],
            [
              -75.4249709,
              6.298921133333334
            ],
            [
              -75.4249709,
              6.2991989111111115
            ],
            [
              -75.42413756666667,
              6.2991989111111115
            ],
            [
              -75.42413756666667,
              6.300032244444445
            ],
            [
              -75.42385978888889,
              6.300032244444445
            ],
            [
              -75.42385978888889,
              6.300587800000001
            ],
            [
              -75.42358201111112,
              6.300587800000001
            ],
            [
              -75.42358201111112,
              6.3008655777777784
            ],
            [
              -75.42413756666667,
              6.3008655777777784
            ],
            [
              -75.42413756666667,
              6.301143355555556
            ],
            [
              -75.42441534444445,
              6.301143355555556
            ],
            [
              -75.42441534444445,
              6.301698911111112
            ],
            [
              -75.4249709,
              6.301698911111112
            ],
            [
              -75.4249709,
              6.301976688888889
            ],
            [
              -75.42552645555556,
              6.301976688888889
            ],
            [
              -75.42552645555556,
              6.302254466666667
            ],
            [
              -75.42580423333334,
              6.302254466666667
            ],
            [
              -75.42580423333334,
              6.303365577777778
            ],
            [
              -75.42524867777779,
              6.303365577777778
            ],
            [
              -75.42524867777779,
              6.303643355555556
            ],
            [
              -75.4249709,
              6.303643355555556
            ],
            [
              -75.4249709,
              6.303921133333334
            ],
            [
              -75.42469312222222,
              6.303921133333334
            ],
            [
              -75.42469312222222,
              6.304198911111111
            ],
            [
              -75.42441534444445,
              6.304198911111111
            ],
            [
              -75.42441534444445,
              6.304476688888889
            ],
            [
              -75.42413756666667,
              6.304476688888889
            ],
            [
              -75.42413756666667,
              6.304754466666667
            ],
            [
              -75.42358201111112,
              6.304754466666667
            ],
            [
              -75.42358201111112,
              6.305032244444445
            ],
            [
              -75.42302645555556,
              6.305032244444445
            ],
            [
              -75.42302645555556,
              6.305310022222223
            ],
            [
              -75.42219312222223,
              6.305310022222223
            ],
            [
              -75.42219312222223,
              6.3055878000000005
            ],
            [
              -75.42191534444446,
              6.3055878000000005
            ],
            [
              -75.42191534444446,
              6.305865577777778
            ],
            [
              -75.42163756666667,
              6.305865577777778
            ],
            [
              -75.42163756666667,
              6.306143355555556
            ],
            [
              -75.42135978888889,
              6.306143355555556
            ],
            [
              -75.42135978888889,
              6.307532244444445
            ],
            [
              -75.42108201111111,
              6.307532244444445
            ],
            [
              -75.42108201111111,
              6.307810022222222
            ],
            [
              -75.42080423333334,
              6.307810022222222
            ],
            [
              -75.42080423333334,
              6.3080878
            ],
            [
              -75.42108201111111,
              6.3080878
            ],
            [
              -75.42108201111111,
              6.309198911111111
            ],
            [
              -75.42080423333334,
              6.309198911111111
            ],
            [
              -75.42080423333334,
              6.309476688888889
            ],
            [
              -75.42108201111111,
              6.309476688888889
            ],
            [
              -75.42108201111111,
              6.309754466666667
            ],
            [
              -75.42163756666667,
              6.309754466666667
            ],
            [
              -75.42163756666667,
              6.311421133333334
            ],
            [
              -75.42135978888889,
              6.311421133333334
            ],
            [
              -75.42135978888889,
              6.311698911111112
            ],
            [
              -75.42219312222223,
              6.311698911111112
            ],
            [
              -75.42219312222223,
              6.3119766888888895
            ],
            [
              -75.42358201111112,
              6.3119766888888895
            ],
            [
              -75.42358201111112,
              6.312532244444445
            ],
            [
              -75.42330423333334,
              6.312532244444445
            ],
            [
              -75.42330423333334,
              6.313921133333333
            ],
            [
              -75.42302645555556,
              6.313921133333333
            ],
            [
              -75.42302645555556,
              6.314198911111111
            ],
            [
              -75.42274867777779,
              6.314198911111111
            ],
            [
              -75.42274867777779,
              6.314476688888889
            ],
            [
              -75.42247090000001,
              6.314476688888889
            ],
            [
              -75.42247090000001,
              6.314754466666667
            ],
            [
              -75.42274867777779,
              6.314754466666667
            ],
            [
              -75.42274867777779,
              6.315032244444445
            ],
            [
              -75.42302645555556,
              6.315032244444445
            ],
            [
              -75.42302645555556,
              6.3155878
            ],
            [
              -75.42330423333334,
              6.3155878
            ],
            [
              -75.42330423333334,
              6.315865577777778
            ],
            [
              -75.42385978888889,
              6.315865577777778
            ],
            [
              -75.42385978888889,
              6.3155878
            ],
            [
              -75.42413756666667,
              6.3155878
            ],
            [
              -75.42413756666667,
              6.3153100222222225
            ],
            [
              -75.42552645555556,
              6.3153100222222225
            ],
            [
              -75.42552645555556,
              6.315032244444445
            ],
            [
              -75.42580423333334,
              6.315032244444445
            ],
            [
              -75.42580423333334,
              6.3153100222222225
            ],
            [
              -75.42663756666667,
              6.3153100222222225
            ],
            [
              -75.42663756666667,
              6.3155878
            ],
            [
              -75.42719312222223,
              6.3155878
            ],
            [
              -75.42719312222223,
              6.315865577777778
            ],
            [
              -75.42774867777779,
              6.315865577777778
            ],
            [
              -75.42774867777779,
              6.316143355555556
            ],
            [
              -75.42858201111112,
              6.316143355555556
            ],
            [
              -75.42858201111112,
              6.316421133333334
            ],
            [
              -75.42941534444445,
              6.316421133333334
            ],
            [
              -75.42941534444445,
              6.316698911111112
            ],
            [
              -75.43080423333333,
              6.316698911111112
            ],
            [
              -75.43080423333333,
              6.316421133333334
            ],
            [
              -75.4313597888889,
              6.316421133333334
            ],
            [
              -75.4313597888889,
              6.316143355555556
            ],
            [
              -75.43163756666668,
              6.316143355555556
            ],
            [
              -75.43163756666668,
              6.316421133333334
            ],
            [
              -75.43191534444445,
              6.316421133333334
            ],
            [
              -75.43191534444445,
              6.316698911111112
            ],
            [
              -75.43219312222223,
              6.316698911111112
            ],
            [
              -75.43219312222223,
              6.317254466666667
            ],
            [
              -75.43247090000001,
              6.317254466666667
            ],
            [
              -75.43247090000001,
              6.317532244444445
            ],
            [
              -75.43274867777778,
              6.317532244444445
            ],
            [
              -75.43274867777778,
              6.317810022222223
            ],
            [
              -75.43302645555556,
              6.317810022222223
            ],
            [
              -75.43302645555556,
              6.318087800000001
            ],
            [
              -75.43274867777778,
              6.318087800000001
            ],
            [
              -75.43274867777778,
              6.319198911111112
            ],
            [
              -75.43302645555556,
              6.319198911111112
            ],
            [
              -75.43302645555556,
              6.319754466666667
            ],
            [
              -75.43330423333335,
              6.319754466666667
            ],
            [
              -75.43330423333335,
              6.320032244444445
            ],
            [
              -75.4338597888889,
              6.320032244444445
            ],
            [
              -75.4338597888889,
              6.320310022222222
            ],
            [
              -75.43413756666668,
              6.320310022222222
            ],
            [
              -75.43413756666668,
              6.3205878
            ],
            [
              -75.43497090000001,
              6.3205878
            ],
            [
              -75.43497090000001,
              6.320865577777778
            ],
            [
              -75.43552645555556,
              6.320865577777778
            ],
            [
              -75.43552645555556,
              6.3216989111111115
            ],
            [
              -75.43580423333334,
              6.3216989111111115
            ],
            [
              -75.43580423333334,
              6.321976688888889
            ],
            [
              -75.43608201111111,
              6.321976688888889
            ],
            [
              -75.43608201111111,
              6.3216989111111115
            ],
            [
              -75.43691534444446,
              6.3216989111111115
            ],
            [
              -75.43691534444446,
              6.321421133333334
            ],
            [
              -75.43747090000001,
              6.321421133333334
            ],
            [
              -75.43747090000001,
              6.3216989111111115
            ],
            [
              -75.43858201111112,
              6.3216989111111115
            ],
            [
              -75.43858201111112,
              6.321976688888889
            ],
            [
              -75.43913756666667,
              6.321976688888889
            ],
            [
              -75.43913756666667,
              6.322532244444445
            ],
            [
              -75.43941534444446,
              6.322532244444445
            ],
            [
              -75.43941534444446,
              6.322810022222223
            ],
            [
              -75.4424709,
              6.322810022222223
            ],
            [
              -75.4424709,
              6.323087800000001
            ],
            [
              -75.44302645555557,
              6.323087800000001
            ],
            [
              -75.44302645555557,
              6.322810022222223
            ],
            [
              -75.44330423333334,
              6.322810022222223
            ],
            [
              -75.44330423333334,
              6.323087800000001
            ],
            [
              -75.44358201111112,
              6.323087800000001
            ],
            [
              -75.44358201111112,
              6.323365577777778
            ],
            [
              -75.4438597888889,
              6.323365577777778
            ],
            [
              -75.4438597888889,
              6.323643355555556
            ],
            [
              -75.44413756666667,
              6.323643355555556
            ],
            [
              -75.44413756666667,
              6.324198911111112
            ],
            [
              -75.44441534444445,
              6.324198911111112
            ],
            [
              -75.44441534444445,
              6.325310022222222
            ],
            [
              -75.4449709,
              6.325310022222222
            ],
            [
              -75.4449709,
              6.325865577777778
            ],
            [
              -75.44552645555557,
              6.325865577777778
            ],
            [
              -75.44552645555557,
              6.326421133333334
            ],
            [
              -75.44580423333333,
              6.326421133333334
            ],
            [
              -75.44580423333333,
              6.326976688888889
            ],
            [
              -75.44608201111112,
              6.326976688888889
            ],
            [
              -75.44608201111112,
              6.327810022222223
            ],
            [
              -75.4463597888889,
              6.327810022222223
            ],
            [
              -75.4463597888889,
              6.3280878000000005
            ],
            [
              -75.44663756666667,
              6.3280878000000005
            ],
            [
              -75.44663756666667,
              6.328365577777778
            ],
            [
              -75.44719312222223,
              6.328365577777778
            ],
            [
              -75.44719312222223,
              6.328643355555556
            ],
            [
              -75.44774867777778,
              6.328643355555556
            ],
            [
              -75.44774867777778,
              6.328921133333334
            ],
            [
              -75.44802645555556,
              6.328921133333334
            ],
            [
              -75.44802645555556,
              6.329198911111112
            ],
            [
              -75.44830423333335,
              6.329198911111112
            ],
            [
              -75.44830423333335,
              6.329754466666667
            ],
            [
              -75.44858201111111,
              6.329754466666667
            ],
            [
              -75.44858201111111,
              6.330032244444445
            ],
            [
              -75.4488597888889,
              6.330032244444445
            ],
            [
              -75.4488597888889,
              6.331143355555556
            ],
            [
              -75.44913756666668,
              6.331143355555556
            ],
            [
              -75.44913756666668,
              6.331698911111111
            ],
            [
              -75.44941534444445,
              6.331698911111111
            ],
            [
              -75.44941534444445,
              6.3330878
            ],
            [
              -75.44969312222223,
              6.3330878
            ],
            [
              -75.44969312222223,
              6.333643355555556
            ],
            [
              -75.44941534444445,
              6.333643355555556
            ],
            [
              -75.44941534444445,
              6.333921133333334
            ],
            [
              -75.44969312222223,
              6.333921133333334
            ],
            [
              -75.44969312222223,
              6.3344766888888895
            ],
            [
              -75.45024867777778,
              6.3344766888888895
            ],
            [
              -75.45024867777778,
              6.334754466666667
            ],
            [
              -75.45163756666668,
              6.334754466666667
            ],
            [
              -75.45163756666668,
              6.335032244444445
            ],
            [
              -75.45191534444444,
              6.335032244444445
            ],
            [
              -75.45191534444444,
              6.335310022222223
            ],
            [
              -75.45219312222223,
              6.335310022222223
            ],
            [
              -75.45219312222223,
              6.333365577777778
            ],
            [
              -75.45247090000001,
              6.333365577777778
            ],
            [
              -75.45247090000001,
              6.332810022222223
            ],
            [
              -75.45219312222223,
              6.332810022222223
            ],
            [
              -75.45219312222223,
              6.332532244444445
            ],
            [
              -75.45191534444444,
              6.332532244444445
            ],
            [
              -75.45191534444444,
              6.331143355555556
            ],
            [
              -75.45163756666668,
              6.331143355555556
            ],
            [
              -75.45163756666668,
              6.3305878
            ],
            [
              -75.45191534444444,
              6.3305878
            ],
            [
              -75.45191534444444,
              6.330310022222223
            ],
            [
              -75.45274867777779,
              6.330310022222223
            ],
            [
              -75.45274867777779,
              6.330032244444445
            ],
            [
              -75.45302645555556,
              6.330032244444445
            ],
            [
              -75.45302645555556,
              6.329754466666667
            ],
            [
              -75.45330423333334,
              6.329754466666667
            ],
            [
              -75.45330423333334,
              6.32947668888889
            ],
            [
              -75.45413756666667,
              6.32947668888889
            ],
            [
              -75.45413756666667,
              6.328921133333334
            ],
            [
              -75.45441534444446,
              6.328921133333334
            ],
            [
              -75.45441534444446,
              6.328643355555556
            ],
            [
              -75.45469312222222,
              6.328643355555556
            ],
            [
              -75.45469312222222,
              6.328365577777778
            ],
            [
              -75.4549709,
              6.328365577777778
            ],
            [
              -75.4549709,
              6.327254466666667
            ],
            [
              -75.45524867777779,
              6.327254466666667
            ],
            [
              -75.45524867777779,
              6.326976688888889
            ],
            [
              -75.45552645555556,
              6.326976688888889
            ],
            [
              -75.45552645555556,
              6.326698911111111
            ],
            [
              -75.45635978888889,
              6.326698911111111
            ],
            [
              -75.45635978888889,
              6.326421133333334
            ],
            [
              -75.45719312222222,
              6.326421133333334
            ],
            [
              -75.45719312222222,
              6.326143355555556
            ],
            [
              -75.4574709,
              6.326143355555556
            ],
            [
              -75.4574709,
              6.325865577777778
            ],
            [
              -75.45774867777779,
              6.325865577777778
            ],
            [
              -75.45774867777779,
              6.3255878
            ],
            [
              -75.4588597888889,
              6.3255878
            ],
            [
              -75.4588597888889,
              6.325310022222222
            ],
            [
              -75.45913756666667,
              6.325310022222222
            ],
            [
              -75.45913756666667,
              6.3250322444444445
            ],
            [
              -75.45969312222223,
              6.3250322444444445
            ],
            [
              -75.45969312222223,
              6.324754466666667
            ],
            [
              -75.46052645555557,
              6.324754466666667
            ],
            [
              -75.46052645555557,
              6.32447668888889
            ],
            [
              -75.46080423333333,
              6.32447668888889
            ],
            [
              -75.46080423333333,
              6.324198911111112
            ],
            [
              -75.46163756666667,
              6.324198911111112
            ],
            [
              -75.46163756666667,
              6.323921133333334
            ],
            [
              -75.46191534444445,
              6.323921133333334
            ],
            [
              -75.46191534444445,
              6.324198911111112
            ],
            [
              -75.46219312222223,
              6.324198911111112
            ],
            [
              -75.46219312222223,
              6.323921133333334
            ],
            [
              -75.4638597888889,
              6.323921133333334
            ],
            [
              -75.4638597888889,
              6.323643355555556
            ],
            [
              -75.46469312222223,
              6.323643355555556
            ],
            [
              -75.46469312222223,
              6.322810022222223
            ],
            [
              -75.46497090000001,
              6.322810022222223
            ],
            [
              -75.46497090000001,
              6.322254466666667
            ],
            [
              -75.46469312222223,
              6.322254466666667
            ],
            [
              -75.46469312222223,
              6.3205878
            ],
            [
              -75.46524867777778,
              6.3205878
            ],
            [
              -75.46524867777778,
              6.320310022222222
            ],
            [
              -75.4663597888889,
              6.320310022222222
            ],
            [
              -75.4663597888889,
              6.320032244444445
            ],
            [
              -75.46663756666668,
              6.320032244444445
            ],
            [
              -75.46663756666668,
              6.319754466666667
            ],
            [
              -75.46719312222223,
              6.319754466666667
            ],
            [
              -75.46719312222223,
              6.319476688888889
            ],
            [
              -75.46747090000001,
              6.319476688888889
            ],
            [
              -75.46747090000001,
              6.319198911111112
            ],
            [
              -75.46885978888889,
              6.319198911111112
            ],
            [
              -75.46885978888889,
              6.318921133333334
            ],
            [
              -75.46941534444446,
              6.318921133333334
            ],
            [
              -75.46941534444446,
              6.318643355555556
            ],
            [
              -75.47024867777779,
              6.318643355555556
            ],
            [
              -75.47024867777779,
              6.3183655777777785
            ],
            [
              -75.47052645555556,
              6.3183655777777785
            ],
            [
              -75.47052645555556,
              6.318087800000001
            ],
            [
              -75.47163756666667,
              6.318087800000001
            ],
            [
              -75.47163756666667,
              6.3183655777777785
            ],
            [
              -75.47330423333334,
              6.3183655777777785
            ],
            [
              -75.47330423333334,
              6.318087800000001
            ],
            [
              -75.4738597888889,
              6.318087800000001
            ],
            [
              -75.4738597888889,
              6.317810022222223
            ],
            [
              -75.47441534444445,
              6.317810022222223
            ],
            [
              -75.47441534444445,
              6.317532244444445
            ],
            [
              -75.4749709,
              6.317532244444445
            ],
            [
              -75.4749709,
              6.317254466666667
            ],
            [
              -75.47608201111112,
              6.317254466666667
            ],
            [
              -75.47608201111112,
              6.317532244444445
            ],
            [
              -75.4763597888889,
              6.317532244444445
            ],
            [
              -75.4763597888889,
              6.318087800000001
            ],
            [
              -75.47663756666667,
              6.318087800000001
            ],
            [
              -75.47663756666667,
              6.317810022222223
            ],
            [
              -75.47830423333333,
              6.317810022222223
            ],
            [
              -75.47830423333333,
              6.318087800000001
            ],
            [
              -75.47913756666668,
              6.318087800000001
            ],
            [
              -75.47913756666668,
              6.3183655777777785
            ],
            [
              -75.47941534444445,
              6.3183655777777785
            ],
            [
              -75.47941534444445,
              6.319476688888889
            ],
            [
              -75.47969312222223,
              6.319476688888889
            ],
            [
              -75.47969312222223,
              6.319754466666667
            ],
            [
              -75.48052645555556,
              6.319754466666667
            ],
            [
              -75.48052645555556,
              6.320032244444445
            ],
            [
              -75.48108201111111,
              6.320032244444445
            ],
            [
              -75.48108201111111,
              6.320310022222222
            ],
            [
              -75.4813597888889,
              6.320310022222222
            ],
            [
              -75.4813597888889,
              6.3205878
            ],
            [
              -75.48163756666668,
              6.3205878
            ],
            [
              -75.48163756666668,
              6.320310022222222
            ],
            [
              -75.48191534444445,
              6.320310022222222
            ],
            [
              -75.48191534444445,
              6.320032244444445
            ],
            [
              -75.48219312222223,
              6.320032244444445
            ],
            [
              -75.48219312222223,
              6.319754466666667
            ],
            [
              -75.48247090000001,
              6.319754466666667
            ],
            [
              -75.48247090000001,
              6.317532244444445
            ],
            [
              -75.48219312222223,
              6.317532244444445
            ],
            [
              -75.48219312222223,
              6.316698911111112
            ],
            [
              -75.48191534444445,
              6.316698911111112
            ],
            [
              -75.48191534444445,
              6.3155878
            ],
            [
              -75.48247090000001,
              6.3155878
            ],
            [
              -75.48247090000001,
              6.313643355555556
            ],
            [
              -75.48219312222223,
              6.313643355555556
            ],
            [
              -75.48219312222223,
              6.313365577777779
            ],
            [
              -75.48191534444445,
              6.313365577777779
            ],
            [
              -75.48191534444445,
              6.311698911111112
            ],
            [
              -75.48219312222223,
              6.311698911111112
            ],
            [
              -75.48219312222223,
              6.311421133333334
            ],
            [
              -75.48247090000001,
              6.311421133333334
            ],
            [
              -75.48247090000001,
              6.310865577777778
            ],
            [
              -75.48358201111111,
              6.310865577777778
            ],
            [
              -75.48358201111111,
              6.3105878
            ],
            [
              -75.48385978888889,
              6.3105878
            ],
            [
              -75.48385978888889,
              6.310310022222223
            ],
            [
              -75.48413756666667,
              6.310310022222223
            ],
            [
              -75.48413756666667,
              6.310032244444445
            ],
            [
              -75.48524867777779,
              6.310032244444445
            ],
            [
              -75.48524867777779,
              6.309754466666667
            ],
            [
              -75.48552645555556,
              6.309754466666667
            ],
            [
              -75.48552645555556,
              6.309198911111111
            ],
            [
              -75.48580423333334,
              6.309198911111111
            ],
            [
              -75.48580423333334,
              6.3089211333333335
            ],
            [
              -75.48608201111112,
              6.3089211333333335
            ],
            [
              -75.48608201111112,
              6.308643355555556
            ],
            [
              -75.48663756666667,
              6.308643355555556
            ],
            [
              -75.48663756666667,
              6.308365577777778
            ],
            [
              -75.48691534444445,
              6.308365577777778
            ],
            [
              -75.48691534444445,
              6.3080878
            ],
            [
              -75.48774867777779,
              6.3080878
            ],
            [
              -75.48774867777779,
              6.307810022222222
            ],
            [
              -75.48858201111112,
              6.307810022222222
            ],
            [
              -75.48858201111112,
              6.307532244444445
            ],
            [
              -75.4888597888889,
              6.307532244444445
            ],
            [
              -75.4888597888889,
              6.3072544666666674
            ],
            [
              -75.48941534444445,
              6.3072544666666674
            ],
            [
              -75.48941534444445,
              6.30697668888889
            ],
            [
              -75.49080423333334,
              6.30697668888889
            ],
            [
              -75.49080423333334,
              6.306143355555556
            ],
            [
              -75.49108201111112,
              6.306143355555556
            ],
            [
              -75.49108201111112,
              6.305310022222223
            ],
            [
              -75.49080423333334,
              6.305310022222223
            ],
            [
              -75.49080423333334,
              6.305032244444445
            ],
            [
              -75.49052645555557,
              6.305032244444445
            ],
            [
              -75.49052645555557,
              6.304476688888889
            ],
            [
              -75.49024867777779,
              6.304476688888889
            ],
            [
              -75.49024867777779,
              6.304198911111111
            ],
            [
              -75.4899709,
              6.304198911111111
            ],
            [
              -75.4899709,
              6.303921133333334
            ],
            [
              -75.48969312222223,
              6.303921133333334
            ],
            [
              -75.48969312222223,
              6.303643355555556
            ],
            [
              -75.4899709,
              6.303643355555556
            ],
            [
              -75.4899709,
              6.3030878
            ],
            [
              -75.48969312222223,
              6.3030878
            ],
            [
              -75.48969312222223,
              6.301698911111112
            ],
            [
              -75.4899709,
              6.301698911111112
            ],
            [
              -75.4899709,
              6.300587800000001
            ],
            [
              -75.48969312222223,
              6.300587800000001
            ],
            [
              -75.48969312222223,
              6.300310022222223
            ],
            [
              -75.48941534444445,
              6.300310022222223
            ],
            [
              -75.48941534444445,
              6.300032244444445
            ],
            [
              -75.48774867777779,
              6.300032244444445
            ],
            [
              -75.48774867777779,
              6.299754466666667
            ],
            [
              -75.4874709,
              6.299754466666667
            ],
            [
              -75.4874709,
              6.2991989111111115
            ],
            [
              -75.48719312222222,
              6.2991989111111115
            ],
            [
              -75.48719312222222,
              6.298643355555556
            ],
            [
              -75.48774867777779,
              6.298643355555556
            ],
            [
              -75.48774867777779,
              6.2980878
            ],
            [
              -75.48802645555556,
              6.2980878
            ],
            [
              -75.48802645555556,
              6.296421133333334
            ],
            [
              -75.48830423333334,
              6.296421133333334
            ],
            [
              -75.48830423333334,
              6.296143355555556
            ],
            [
              -75.48858201111112,
              6.296143355555556
            ],
            [
              -75.48858201111112,
              6.2958655777777786
            ],
            [
              -75.4888597888889,
              6.2958655777777786
            ],
            [
              -75.4888597888889,
              6.295587800000001
            ],
            [
              -75.48913756666667,
              6.295587800000001
            ],
            [
              -75.48913756666667,
              6.294754466666667
            ],
            [
              -75.48858201111112,
              6.294754466666667
            ],
            [
              -75.48858201111112,
              6.2944766888888894
            ],
            [
              -75.48802645555556,
              6.2944766888888894
            ],
            [
              -75.48802645555556,
              6.294198911111112
            ],
            [
              -75.48774867777779,
              6.294198911111112
            ],
            [
              -75.48774867777779,
              6.293921133333334
            ],
            [
              -75.4874709,
              6.293921133333334
            ],
            [
              -75.4874709,
              6.293643355555556
            ],
            [
              -75.48691534444445,
              6.293643355555556
            ],
            [
              -75.48691534444445,
              6.293365577777778
            ],
            [
              -75.48663756666667,
              6.293365577777778
            ],
            [
              -75.48663756666667,
              6.2930878
            ],
            [
              -75.48635978888889,
              6.2930878
            ],
            [
              -75.48635978888889,
              6.292254466666667
            ],
            [
              -75.48580423333334,
              6.292254466666667
            ],
            [
              -75.48580423333334,
              6.291421133333333
            ],
            [
              -75.48552645555556,
              6.291421133333333
            ],
            [
              -75.48552645555556,
              6.291143355555556
            ],
            [
              -75.48497090000001,
              6.291143355555556
            ],
            [
              -75.48497090000001,
              6.290865577777778
            ],
            [
              -75.48469312222223,
              6.290865577777778
            ],
            [
              -75.48469312222223,
              6.290587800000001
            ],
            [
              -75.48441534444446,
              6.290587800000001
            ],
            [
              -75.48441534444446,
              6.290310022222223
            ],
            [
              -75.48469312222223,
              6.290310022222223
            ],
            [
              -75.48469312222223,
              6.2894766888888896
            ],
            [
              -75.48497090000001,
              6.2894766888888896
            ],
            [
              -75.48497090000001,
              6.289198911111112
            ],
            [
              -75.48552645555556,
              6.289198911111112
            ],
            [
              -75.48552645555556,
              6.288643355555556
            ],
            [
              -75.48580423333334,
              6.288643355555556
            ],
            [
              -75.48580423333334,
              6.288365577777778
            ],
            [
              -75.48552645555556,
              6.288365577777778
            ],
            [
              -75.48552645555556,
              6.2880878000000004
            ],
            [
              -75.48524867777779,
              6.2880878000000004
            ],
            [
              -75.48524867777779,
              6.287810022222223
            ],
            [
              -75.48497090000001,
              6.287810022222223
            ],
            [
              -75.48497090000001,
              6.286976688888889
            ],
            [
              -75.48469312222223,
              6.286976688888889
            ],
            [
              -75.48469312222223,
              6.286143355555556
            ],
            [
              -75.48441534444446,
              6.286143355555556
            ],
            [
              -75.48441534444446,
              6.285865577777778
            ],
            [
              -75.48469312222223,
              6.285865577777778
            ],
            [
              -75.48469312222223,
              6.284198911111112
            ],
            [
              -75.48441534444446,
              6.284198911111112
            ],
            [
              -75.48441534444446,
              6.283643355555556
            ],
            [
              -75.48469312222223,
              6.283643355555556
            ],
            [
              -75.48469312222223,
              6.281976688888889
            ],
            [
              -75.48441534444446,
              6.281976688888889
            ],
            [
              -75.48441534444446,
              6.281143355555556
            ],
            [
              -75.48413756666667,
              6.281143355555556
            ],
            [
              -75.48413756666667,
              6.279754466666667
            ],
            [
              -75.48385978888889,
              6.279754466666667
            ],
            [
              -75.48385978888889,
              6.27947668888889
            ],
            [
              -75.48413756666667,
              6.27947668888889
            ],
            [
              -75.48413756666667,
              6.278643355555556
            ],
            [
              -75.48385978888889,
              6.278643355555556
            ],
            [
              -75.48385978888889,
              6.276976688888889
            ],
            [
              -75.48358201111111,
              6.276976688888889
            ],
            [
              -75.48358201111111,
              6.276421133333334
            ],
            [
              -75.48330423333334,
              6.276421133333334
            ],
            [
              -75.48330423333334,
              6.276143355555556
            ],
            [
              -75.48302645555556,
              6.276143355555556
            ],
            [
              -75.48302645555556,
              6.275865577777778
            ],
            [
              -75.48274867777778,
              6.275865577777778
            ],
            [
              -75.48274867777778,
              6.2753100222222225
            ],
            [
              -75.48247090000001,
              6.2753100222222225
            ],
            [
              -75.48247090000001,
              6.274198911111111
            ],
            [
              -75.48274867777778,
              6.274198911111111
            ],
            [
              -75.48274867777778,
              6.273921133333333
            ],
            [
              -75.48302645555556,
              6.273921133333333
            ],
            [
              -75.48302645555556,
              6.273365577777779
            ],
            [
              -75.48274867777778,
              6.273365577777779
            ],
            [
              -75.48274867777778,
              6.270865577777778
            ],
            [
              -75.48247090000001,
              6.270865577777778
            ],
            [
              -75.48247090000001,
              6.269476688888889
            ],
            [
              -75.48274867777778,
              6.269476688888889
            ],
            [
              -75.48274867777778,
              6.268643355555556
            ],
            [
              -75.48247090000001,
              6.268643355555556
            ],
            [
              -75.48247090000001,
              6.267532244444445
            ],
            [
              -75.48219312222223,
              6.267532244444445
            ],
            [
              -75.48219312222223,
              6.267254466666667
            ],
            [
              -75.48247090000001,
              6.267254466666667
            ],
            [
              -75.48247090000001,
              6.266698911111112
            ],
            [
              -75.48302645555556,
              6.266698911111112
            ],
            [
              -75.48302645555556,
              6.266143355555556
            ],
            [
              -75.48358201111111,
              6.266143355555556
            ],
            [
              -75.48358201111111,
              6.265865577777778
            ],
            [
              -75.48413756666667,
              6.265865577777778
            ],
            [
              -75.48413756666667,
              6.2655878000000005
            ],
            [
              -75.48441534444446,
              6.2655878000000005
            ],
            [
              -75.48441534444446,
              6.264754466666667
            ],
            [
              -75.48469312222223,
              6.264754466666667
            ],
            [
              -75.48469312222223,
              6.264476688888889
            ],
            [
              -75.48497090000001,
              6.264476688888889
            ],
            [
              -75.48497090000001,
              6.264198911111111
            ],
            [
              -75.48524867777779,
              6.264198911111111
            ],
            [
              -75.48524867777779,
              6.263365577777778
            ],
            [
              -75.48552645555556,
              6.263365577777778
            ],
            [
              -75.48552645555556,
              6.262810022222222
            ],
            [
              -75.48580423333334,
              6.262810022222222
            ],
            [
              -75.48580423333334,
              6.2625322444444445
            ],
            [
              -75.48552645555556,
              6.2625322444444445
            ],
            [
              -75.48552645555556,
              6.26197668888889
            ],
            [
              -75.48524867777779,
              6.26197668888889
            ],
            [
              -75.48524867777779,
              6.261421133333334
            ],
            [
              -75.48497090000001,
              6.261421133333334
            ],
            [
              -75.48497090000001,
              6.261143355555556
            ],
            [
              -75.48469312222223,
              6.261143355555556
            ],
            [
              -75.48469312222223,
              6.260865577777778
            ],
            [
              -75.48358201111111,
              6.260865577777778
            ],
            [
              -75.48358201111111,
              6.260310022222223
            ],
            [
              -75.48330423333334,
              6.260310022222223
            ],
            [
              -75.48330423333334,
              6.259476688888889
            ],
            [
              -75.48302645555556,
              6.259476688888889
            ],
            [
              -75.48302645555556,
              6.2591989111111115
            ],
            [
              -75.48219312222223,
              6.2591989111111115
            ],
            [
              -75.48219312222223,
              6.258921133333334
            ],
            [
              -75.48163756666668,
              6.258921133333334
            ],
            [
              -75.48163756666668,
              6.258365577777778
            ],
            [
              -75.4813597888889,
              6.258365577777778
            ],
            [
              -75.4813597888889,
              6.257532244444445
            ],
            [
              -75.48108201111111,
              6.257532244444445
            ],
            [
              -75.48108201111111,
              6.257254466666667
            ],
            [
              -75.4813597888889,
              6.257254466666667
            ],
            [
              -75.4813597888889,
              6.256976688888889
            ],
            [
              -75.48163756666668,
              6.256976688888889
            ],
            [
              -75.48163756666668,
              6.256421133333334
            ],
            [
              -75.48191534444445,
              6.256421133333334
            ],
            [
              -75.48191534444445,
              6.256143355555556
            ],
            [
              -75.48219312222223,
              6.256143355555556
            ],
            [
              -75.48219312222223,
              6.255310022222223
            ],
            [
              -75.48191534444445,
              6.255310022222223
            ],
            [
              -75.48191534444445,
              6.254754466666667
            ],
            [
              -75.48080423333334,
              6.254754466666667
            ],
            [
              -75.48080423333334,
              6.254476688888889
            ],
            [
              -75.48052645555556,
              6.254476688888889
            ],
            [
              -75.48052645555556,
              6.254198911111112
            ],
            [
              -75.48024867777778,
              6.254198911111112
            ],
            [
              -75.48024867777778,
              6.253921133333334
            ],
            [
              -75.47997090000001,
              6.253921133333334
            ],
            [
              -75.47997090000001,
              6.253643355555556
            ],
            [
              -75.47969312222223,
              6.253643355555556
            ],
            [
              -75.47969312222223,
              6.2528100222222225
            ],
            [
              -75.47941534444445,
              6.2528100222222225
            ],
            [
              -75.47941534444445,
              6.252532244444445
            ],
            [
              -75.47913756666668,
              6.252532244444445
            ],
            [
              -75.47913756666668,
              6.251421133333333
            ],
            [
              -75.4788597888889,
              6.251421133333333
            ],
            [
              -75.4788597888889,
              6.251143355555556
            ],
            [
              -75.47858201111111,
              6.251143355555556
            ],
            [
              -75.47858201111111,
              6.250865577777779
            ],
            [
              -75.47830423333333,
              6.250865577777779
            ],
            [
              -75.47830423333333,
              6.250587800000001
            ],
            [
              -75.47774867777778,
              6.250587800000001
            ],
            [
              -75.47774867777778,
              6.250865577777779
            ],
            [
              -75.4774709,
              6.250865577777779
            ],
            [
              -75.4774709,
              6.250587800000001
            ],
            [
              -75.47719312222223,
              6.250587800000001
            ],
            [
              -75.47719312222223,
              6.249754466666667
            ],
            [
              -75.47691534444445,
              6.249754466666667
            ],
            [
              -75.47691534444445,
              6.2494766888888895
            ],
            [
              -75.47663756666667,
              6.2494766888888895
            ],
            [
              -75.47663756666667,
              6.248921133333334
            ],
            [
              -75.4763597888889,
              6.248921133333334
            ],
            [
              -75.4763597888889,
              6.248365577777778
            ],
            [
              -75.47552645555557,
              6.248365577777778
            ],
            [
              -75.47552645555557,
              6.248643355555556
            ],
            [
              -75.47524867777778,
              6.248643355555556
            ],
            [
              -75.47524867777778,
              6.248921133333334
            ],
            [
              -75.4749709,
              6.248921133333334
            ],
            [
              -75.4749709,
              6.249198911111112
            ],
            [
              -75.47469312222223,
              6.249198911111112
            ],
            [
              -75.47469312222223,
              6.248921133333334
            ],
            [
              -75.47441534444445,
              6.248921133333334
            ],
            [
              -75.47441534444445,
              6.248643355555556
            ],
            [
              -75.4738597888889,
              6.248643355555556
            ],
            [
              -75.4738597888889,
              6.243643355555556
            ],
            [
              -75.47330423333334,
              6.243643355555556
            ],
            [
              -75.47330423333334,
              6.2430878000000005
            ],
            [
              -75.47274867777779,
              6.2430878000000005
            ],
            [
              -75.47274867777779,
              6.242810022222223
            ],
            [
              -75.4724709,
              6.242810022222223
            ],
            [
              -75.4724709,
              6.242532244444445
            ],
            [
              -75.47219312222222,
              6.242532244444445
            ],
            [
              -75.47219312222222,
              6.241976688888889
            ],
            [
              -75.4724709,
              6.241976688888889
            ],
            [
              -75.4724709,
              6.240865577777778
            ],
            [
              -75.47274867777779,
              6.240865577777778
            ],
            [
              -75.47274867777779,
              6.2405878
            ],
            [
              -75.47302645555556,
              6.2405878
            ],
            [
              -75.47302645555556,
              6.240310022222222
            ],
            [
              -75.47330423333334,
              6.240310022222222
            ],
            [
              -75.47330423333334,
              6.2400322444444445
            ],
            [
              -75.47413756666667,
              6.2400322444444445
            ],
            [
              -75.47413756666667,
              6.239476688888889
            ],
            [
              -75.4738597888889,
              6.239476688888889
            ],
            [
              -75.4738597888889,
              6.2383655777777784
            ],
            [
              -75.47330423333334,
              6.2383655777777784
            ],
            [
              -75.47330423333334,
              6.238087800000001
            ],
            [
              -75.47302645555556,
              6.238087800000001
            ],
            [
              -75.47302645555556,
              6.237254466666667
            ],
            [
              -75.47274867777779,
              6.237254466666667
            ],
            [
              -75.47274867777779,
              6.236421133333334
            ],
            [
              -75.47413756666667,
              6.236421133333334
            ],
            [
              -75.47413756666667,
              6.236143355555556
            ],
            [
              -75.47469312222223,
              6.236143355555556
            ],
            [
              -75.47469312222223,
              6.235865577777778
            ],
            [
              -75.47524867777778,
              6.235865577777778
            ],
            [
              -75.47524867777778,
              6.236143355555556
            ],
            [
              -75.47608201111112,
              6.236143355555556
            ],
            [
              -75.47608201111112,
              6.235865577777778
            ],
            [
              -75.47663756666667,
              6.235865577777778
            ],
            [
              -75.47663756666667,
              6.236143355555556
            ],
            [
              -75.47774867777778,
              6.236143355555556
            ],
            [
              -75.47774867777778,
              6.235310022222222
            ],
            [
              -75.47802645555556,
              6.235310022222222
            ],
            [
              -75.47802645555556,
              6.235032244444445
            ],
            [
              -75.4788597888889,
              6.235032244444445
            ],
            [
              -75.4788597888889,
              6.234476688888889
            ],
            [
              -75.47913756666668,
              6.234476688888889
            ],
            [
              -75.47913756666668,
              6.234198911111111
            ],
            [
              -75.4788597888889,
              6.234198911111111
            ],
            [
              -75.4788597888889,
              6.233087800000001
            ],
            [
              -75.47913756666668,
              6.233087800000001
            ],
            [
              -75.47913756666668,
              6.232810022222223
            ],
            [
              -75.47969312222223,
              6.232810022222223
            ],
            [
              -75.47969312222223,
              6.2319766888888894
            ],
            [
              -75.48052645555556,
              6.2319766888888894
            ],
            [
              -75.48052645555556,
              6.231698911111112
            ],
            [
              -75.48080423333334,
              6.231698911111112
            ],
            [
              -75.48080423333334,
              6.231421133333334
            ],
            [
              -75.48108201111111,
              6.231421133333334
            ],
            [
              -75.48108201111111,
              6.231143355555556
            ],
            [
              -75.4813597888889,
              6.231143355555556
            ],
            [
              -75.4813597888889,
              6.230865577777778
            ],
            [
              -75.48247090000001,
              6.230865577777778
            ],
            [
              -75.48247090000001,
              6.2305878
            ],
            [
              -75.48274867777778,
              6.2305878
            ],
            [
              -75.48274867777778,
              6.2303100222222225
            ],
            [
              -75.48358201111111,
              6.2303100222222225
            ],
            [
              -75.48358201111111,
              6.2305878
            ],
            [
              -75.48413756666667,
              6.2305878
            ],
            [
              -75.48413756666667,
              6.230865577777778
            ],
            [
              -75.48441534444446,
              6.230865577777778
            ],
            [
              -75.48441534444446,
              6.231143355555556
            ],
            [
              -75.48469312222223,
              6.231143355555556
            ],
            [
              -75.48469312222223,
              6.231421133333334
            ],
            [
              -75.48497090000001,
              6.231421133333334
            ],
            [
              -75.48497090000001,
              6.231698911111112
            ],
            [
              -75.48552645555556,
              6.231698911111112
            ],
            [
              -75.48552645555556,
              6.231421133333334
            ],
            [
              -75.48580423333334,
              6.231421133333334
            ],
            [
              -75.48580423333334,
              6.231143355555556
            ],
            [
              -75.48635978888889,
              6.231143355555556
            ],
            [
              -75.48635978888889,
              6.230865577777778
            ],
            [
              -75.48691534444445,
              6.230865577777778
            ],
            [
              -75.48691534444445,
              6.2305878
            ],
            [
              -75.48774867777779,
              6.2305878
            ],
            [
              -75.48774867777779,
              6.2303100222222225
            ],
            [
              -75.48830423333334,
              6.2303100222222225
            ],
            [
              -75.48830423333334,
              6.230032244444445
            ],
            [
              -75.48913756666667,
              6.230032244444445
            ],
            [
              -75.48913756666667,
              6.229754466666667
            ],
            [
              -75.49024867777779,
              6.229754466666667
            ],
            [
              -75.49024867777779,
              6.229476688888889
            ],
            [
              -75.49108201111112,
              6.229476688888889
            ],
            [
              -75.49108201111112,
              6.229198911111111
            ],
            [
              -75.49163756666667,
              6.229198911111111
            ],
            [
              -75.49163756666667,
              6.228365577777778
            ],
            [
              -75.49191534444445,
              6.228365577777778
            ],
            [
              -75.49191534444445,
              6.227810022222223
            ],
            [
              -75.49163756666667,
              6.227810022222223
            ],
            [
              -75.49163756666667,
              6.227254466666667
            ],
            [
              -75.49108201111112,
              6.227254466666667
            ],
            [
              -75.49108201111112,
              6.2269766888888896
            ],
            [
              -75.49080423333334,
              6.2269766888888896
            ],
            [
              -75.49080423333334,
              6.226143355555556
            ],
            [
              -75.49052645555557,
              6.226143355555556
            ],
            [
              -75.49052645555557,
              6.225865577777778
            ],
            [
              -75.49080423333334,
              6.225865577777778
            ],
            [
              -75.49080423333334,
              6.225032244444445
            ],
            [
              -75.49052645555557,
              6.225032244444445
            ],
            [
              -75.49052645555557,
              6.223365577777778
            ],
            [
              -75.49024867777779,
              6.223365577777778
            ],
            [
              -75.49024867777779,
              6.2230878
            ],
            [
              -75.49052645555557,
              6.2230878
            ],
            [
              -75.49052645555557,
              6.222810022222222
            ],
            [
              -75.49080423333334,
              6.222810022222222
            ],
            [
              -75.49080423333334,
              6.221698911111112
            ],
            [
              -75.49108201111112,
              6.221698911111112
            ],
            [
              -75.49108201111112,
              6.220032244444445
            ],
            [
              -75.4913597888889,
              6.220032244444445
            ],
            [
              -75.4913597888889,
              6.219476688888889
            ],
            [
              -75.49108201111112,
              6.219476688888889
            ],
            [
              -75.49108201111112,
              6.2191989111111114
            ],
            [
              -75.49080423333334,
              6.2191989111111114
            ],
            [
              -75.49080423333334,
              6.218921133333334
            ],
            [
              -75.49052645555557,
              6.218921133333334
            ],
            [
              -75.49052645555557,
              6.2180878
            ],
            [
              -75.49080423333334,
              6.2180878
            ],
            [
              -75.49080423333334,
              6.2175322444444445
            ],
            [
              -75.49108201111112,
              6.2175322444444445
            ],
            [
              -75.49108201111112,
              6.21697668888889
            ],
            [
              -75.4913597888889,
              6.21697668888889
            ],
            [
              -75.4913597888889,
              6.216421133333334
            ],
            [
              -75.49108201111112,
              6.216421133333334
            ],
            [
              -75.49108201111112,
              6.216143355555556
            ],
            [
              -75.49080423333334,
              6.216143355555556
            ],
            [
              -75.49080423333334,
              6.215587800000001
            ],
            [
              -75.49024867777779,
              6.215587800000001
            ],
            [
              -75.49024867777779,
              6.215310022222223
            ],
            [
              -75.48969312222223,
              6.215310022222223
            ],
            [
              -75.48969312222223,
              6.214754466666667
            ],
            [
              -75.48941534444445,
              6.214754466666667
            ],
            [
              -75.48941534444445,
              6.214198911111112
            ],
            [
              -75.48913756666667,
              6.214198911111112
            ],
            [
              -75.48913756666667,
              6.213921133333334
            ],
            [
              -75.4888597888889,
              6.213921133333334
            ],
            [
              -75.4888597888889,
              6.213643355555556
            ],
            [
              -75.48858201111112,
              6.213643355555556
            ],
            [
              -75.48858201111112,
              6.2130878
            ],
            [
              -75.48802645555556,
              6.2130878
            ],
            [
              -75.48802645555556,
              6.2128100222222225
            ],
            [
              -75.48719312222222,
              6.2128100222222225
            ],
            [
              -75.48719312222222,
              6.212532244444445
            ],
            [
              -75.48691534444445,
              6.212532244444445
            ],
            [
              -75.48691534444445,
              6.212254466666667
            ],
            [
              -75.48608201111112,
              6.212254466666667
            ],
            [
              -75.48608201111112,
              6.211698911111111
            ],
            [
              -75.48580423333334,
              6.211698911111111
            ],
            [
              -75.48580423333334,
              6.210865577777779
            ],
            [
              -75.48552645555556,
              6.210865577777779
            ],
            [
              -75.48552645555556,
              6.210587800000001
            ],
            [
              -75.48524867777779,
              6.210587800000001
            ],
            [
              -75.48524867777779,
              6.210032244444445
            ],
            [
              -75.48497090000001,
              6.210032244444445
            ],
            [
              -75.48497090000001,
              6.2094766888888895
            ],
            [
              -75.48469312222223,
              6.2094766888888895
            ],
            [
              -75.48469312222223,
              6.208921133333334
            ],
            [
              -75.48441534444446,
              6.208921133333334
            ],
            [
              -75.48441534444446,
              6.208643355555556
            ],
            [
              -75.48469312222223,
              6.208643355555556
            ],
            [
              -75.48469312222223,
              6.207810022222223
            ],
            [
              -75.48497090000001,
              6.207810022222223
            ],
            [
              -75.48497090000001,
              6.206698911111111
            ],
            [
              -75.48524867777779,
              6.206698911111111
            ],
            [
              -75.48524867777779,
              6.206143355555556
            ],
            [
              -75.48552645555556,
              6.206143355555556
            ],
            [
              -75.48552645555556,
              6.205865577777778
            ],
            [
              -75.48580423333334,
              6.205865577777778
            ],
            [
              -75.48580423333334,
              6.204754466666667
            ],
            [
              -75.48552645555556,
              6.204754466666667
            ],
            [
              -75.48552645555556,
              6.203643355555556
            ],
            [
              -75.48580423333334,
              6.203643355555556
            ],
            [
              -75.48580423333334,
              6.201143355555556
            ],
            [
              -75.48552645555556,
              6.201143355555556
            ],
            [
              -75.48552645555556,
              6.2005878
            ],
            [
              -75.48497090000001,
              6.2005878
            ],
            [
              -75.48497090000001,
              6.200310022222222
            ],
            [
              -75.48469312222223,
              6.200310022222222
            ],
            [
              -75.48469312222223,
              6.199754466666667
            ],
            [
              -75.48441534444446,
              6.199754466666667
            ],
            [
              -75.48441534444446,
              6.199198911111112
            ],
            [
              -75.48385978888889,
              6.199198911111112
            ],
            [
              -75.48385978888889,
              6.198921133333334
            ],
            [
              -75.48330423333334,
              6.198921133333334
            ],
            [
              -75.48330423333334,
              6.198087800000001
            ],
            [
              -75.48302645555556,
              6.198087800000001
            ],
            [
              -75.48302645555556,
              6.197254466666667
            ],
            [
              -75.48330423333334,
              6.197254466666667
            ],
            [
              -75.48330423333334,
              6.1966989111111115
            ],
            [
              -75.48358201111111,
              6.1966989111111115
            ],
            [
              -75.48358201111111,
              6.195032244444445
            ],
            [
              -75.48385978888889,
              6.195032244444445
            ],
            [
              -75.48385978888889,
              6.194754466666667
            ],
            [
              -75.48413756666667,
              6.194754466666667
            ],
            [
              -75.48413756666667,
              6.193921133333334
            ],
            [
              -75.48441534444446,
              6.193921133333334
            ],
            [
              -75.48441534444446,
              6.193643355555556
            ],
            [
              -75.48497090000001,
              6.193643355555556
            ],
            [
              -75.48497090000001,
              6.1933655777777785
            ],
            [
              -75.48524867777779,
              6.1933655777777785
            ],
            [
              -75.48524867777779,
              6.192532244444445
            ],
            [
              -75.48552645555556,
              6.192532244444445
            ],
            [
              -75.48552645555556,
              6.1905878
            ],
            [
              -75.4874709,
              6.1905878
            ],
            [
              -75.4874709,
              6.190865577777778
            ],
            [
              -75.48830423333334,
              6.190865577777778
            ],
            [
              -75.48830423333334,
              6.1905878
            ],
            [
              -75.48858201111112,
              6.1905878
            ],
            [
              -75.48858201111112,
              6.190865577777778
            ],
            [
              -75.4888597888889,
              6.190865577777778
            ],
            [
              -75.4888597888889,
              6.191143355555556
            ],
            [
              -75.48913756666667,
              6.191143355555556
            ],
            [
              -75.48913756666667,
              6.191421133333334
            ],
            [
              -75.49024867777779,
              6.191421133333334
            ],
            [
              -75.49024867777779,
              6.191143355555556
            ],
            [
              -75.49108201111112,
              6.191143355555556
            ],
            [
              -75.49108201111112,
              6.190865577777778
            ],
            [
              -75.4913597888889,
              6.190865577777778
            ],
            [
              -75.4913597888889,
              6.1903100222222225
            ],
            [
              -75.49163756666667,
              6.1903100222222225
            ],
            [
              -75.49163756666667,
              6.190032244444445
            ],
            [
              -75.49219312222223,
              6.190032244444445
            ],
            [
              -75.49219312222223,
              6.1903100222222225
            ],
            [
              -75.4924709,
              6.1903100222222225
            ],
            [
              -75.4924709,
              6.1905878
            ],
            [
              -75.49358201111112,
              6.1905878
            ],
            [
              -75.49358201111112,
              6.190865577777778
            ],
            [
              -75.4938597888889,
              6.190865577777778
            ],
            [
              -75.4938597888889,
              6.191143355555556
            ],
            [
              -75.49441534444445,
              6.191143355555556
            ],
            [
              -75.49441534444445,
              6.191421133333334
            ],
            [
              -75.49552645555556,
              6.191421133333334
            ],
            [
              -75.49552645555556,
              6.191698911111112
            ],
            [
              -75.49663756666668,
              6.191698911111112
            ],
            [
              -75.49663756666668,
              6.191976688888889
            ],
            [
              -75.49747090000001,
              6.191976688888889
            ],
            [
              -75.49747090000001,
              6.191698911111112
            ],
            [
              -75.49802645555556,
              6.191698911111112
            ],
            [
              -75.49802645555556,
              6.191421133333334
            ],
            [
              -75.49830423333334,
              6.191421133333334
            ],
            [
              -75.49830423333334,
              6.190865577777778
            ],
            [
              -75.49858201111111,
              6.190865577777778
            ],
            [
              -75.49858201111111,
              6.190032244444445
            ],
            [
              -75.49830423333334,
              6.190032244444445
            ],
            [
              -75.49830423333334,
              6.189754466666667
            ],
            [
              -75.49858201111111,
              6.189754466666667
            ],
            [
              -75.49858201111111,
              6.189476688888889
            ],
            [
              -75.49941534444446,
              6.189476688888889
            ],
            [
              -75.49941534444446,
              6.189754466666667
            ],
            [
              -75.49969312222223,
              6.189754466666667
            ],
            [
              -75.49969312222223,
              6.189476688888889
            ],
            [
              -75.50052645555556,
              6.189476688888889
            ],
            [
              -75.50052645555556,
              6.190032244444445
            ],
            [
              -75.50080423333334,
              6.190032244444445
            ],
            [
              -75.50080423333334,
              6.189754466666667
            ],
            [
              -75.50108201111112,
              6.189754466666667
            ],
            [
              -75.50108201111112,
              6.189476688888889
            ],
            [
              -75.50163756666667,
              6.189476688888889
            ],
            [
              -75.50163756666667,
              6.189754466666667
            ],
            [
              -75.50358201111112,
              6.189754466666667
            ],
            [
              -75.50358201111112,
              6.190032244444445
            ],
            [
              -75.50385978888889,
              6.190032244444445
            ],
            [
              -75.50385978888889,
              6.1903100222222225
            ],
            [
              -75.50413756666667,
              6.1903100222222225
            ],
            [
              -75.50413756666667,
              6.1905878
            ],
            [
              -75.50441534444445,
              6.1905878
            ],
            [
              -75.50441534444445,
              6.1903100222222225
            ],
            [
              -75.50469312222224,
              6.1903100222222225
            ],
            [
              -75.50469312222224,
              6.1905878
            ],
            [
              -75.5049709,
              6.1905878
            ],
            [
              -75.5049709,
              6.190865577777778
            ],
            [
              -75.50524867777779,
              6.190865577777778
            ],
            [
              -75.50524867777779,
              6.191143355555556
            ],
            [
              -75.50608201111112,
              6.191143355555556
            ],
            [
              -75.50608201111112,
              6.190865577777778
            ],
            [
              -75.50663756666667,
              6.190865577777778
            ],
            [
              -75.50663756666667,
              6.191143355555556
            ],
            [
              -75.50691534444445,
              6.191143355555556
            ],
            [
              -75.50691534444445,
              6.191421133333334
            ],
            [
              -75.5074709,
              6.191421133333334
            ],
            [
              -75.5074709,
              6.191698911111112
            ],
            [
              -75.50802645555557,
              6.191698911111112
            ],
            [
              -75.50802645555557,
              6.192810022222223
            ],
            [
              -75.50858201111112,
              6.192810022222223
            ],
            [
              -75.50858201111112,
              6.193087800000001
            ],
            [
              -75.5088597888889,
              6.193087800000001
            ],
            [
              -75.5088597888889,
              6.193643355555556
            ],
            [
              -75.50913756666667,
              6.193643355555556
            ],
            [
              -75.50913756666667,
              6.193921133333334
            ],
            [
              -75.50997090000001,
              6.193921133333334
            ],
            [
              -75.50997090000001,
              6.193643355555556
            ],
            [
              -75.51108201111111,
              6.193643355555556
            ],
            [
              -75.51108201111111,
              6.193921133333334
            ],
            [
              -75.51191534444445,
              6.193921133333334
            ],
            [
              -75.51191534444445,
              6.194198911111112
            ],
            [
              -75.51219312222223,
              6.194198911111112
            ],
            [
              -75.51219312222223,
              6.194476688888889
            ],
            [
              -75.51330423333334,
              6.194476688888889
            ],
            [
              -75.51330423333334,
              6.194754466666667
            ],
            [
              -75.51358201111111,
              6.194754466666667
            ],
            [
              -75.51358201111111,
              6.195032244444445
            ],
            [
              -75.51413756666668,
              6.195032244444445
            ],
            [
              -75.51413756666668,
              6.195310022222222
            ],
            [
              -75.51469312222223,
              6.195310022222222
            ],
            [
              -75.51469312222223,
              6.194754466666667
            ],
            [
              -75.51524867777779,
              6.194754466666667
            ],
            [
              -75.51524867777779,
              6.194476688888889
            ],
            [
              -75.51608201111112,
              6.194476688888889
            ],
            [
              -75.51608201111112,
              6.194754466666667
            ],
            [
              -75.51635978888889,
              6.194754466666667
            ],
            [
              -75.51635978888889,
              6.195032244444445
            ],
            [
              -75.51663756666667,
              6.195032244444445
            ],
            [
              -75.51663756666667,
              6.195310022222222
            ],
            [
              -75.51719312222222,
              6.195310022222222
            ],
            [
              -75.51719312222222,
              6.194754466666667
            ],
            [
              -75.5174709,
              6.194754466666667
            ],
            [
              -75.5174709,
              6.194476688888889
            ],
            [
              -75.51969312222222,
              6.194476688888889
            ],
            [
              -75.51969312222222,
              6.194198911111112
            ],
            [
              -75.52024867777779,
              6.194198911111112
            ],
            [
              -75.52024867777779,
              6.193921133333334
            ],
            [
              -75.52080423333334,
              6.193921133333334
            ],
            [
              -75.52080423333334,
              6.1933655777777785
            ],
            [
              -75.5213597888889,
              6.1933655777777785
            ],
            [
              -75.5213597888889,
              6.193643355555556
            ],
            [
              -75.52219312222223,
              6.193643355555556
            ],
            [
              -75.52219312222223,
              6.193921133333334
            ],
            [
              -75.5224709,
              6.193921133333334
            ],
            [
              -75.5224709,
              6.193643355555556
            ],
            [
              -75.52274867777778,
              6.193643355555556
            ],
            [
              -75.52274867777778,
              6.1933655777777785
            ],
            [
              -75.52330423333333,
              6.1933655777777785
            ],
            [
              -75.52330423333333,
              6.193643355555556
            ],
            [
              -75.52358201111112,
              6.193643355555556
            ],
            [
              -75.52358201111112,
              6.194198911111112
            ],
            [
              -75.5238597888889,
              6.194198911111112
            ],
            [
              -75.5238597888889,
              6.195865577777778
            ],
            [
              -75.52441534444445,
              6.195865577777778
            ],
            [
              -75.52441534444445,
              6.1955878
            ],
            [
              -75.52469312222223,
              6.1955878
            ],
            [
              -75.52469312222223,
              6.195310022222222
            ],
            [
              -75.5249709,
              6.195310022222222
            ],
            [
              -75.5249709,
              6.195032244444445
            ],
            [
              -75.52524867777778,
              6.195032244444445
            ],
            [
              -75.52524867777778,
              6.194754466666667
            ],
            [
              -75.52552645555556,
              6.194754466666667
            ],
            [
              -75.52552645555556,
              6.194476688888889
            ],
            [
              -75.52580423333335,
              6.194476688888889
            ],
            [
              -75.52580423333335,
              6.194198911111112
            ],
            [
              -75.52608201111111,
              6.194198911111112
            ],
            [
              -75.52608201111111,
              6.193921133333334
            ],
            [
              -75.52691534444445,
              6.193921133333334
            ],
            [
              -75.52691534444445,
              6.193087800000001
            ],
            [
              -75.52719312222223,
              6.193087800000001
            ],
            [
              -75.52719312222223,
              6.192532244444445
            ],
            [
              -75.52747090000001,
              6.192532244444445
            ],
            [
              -75.52747090000001,
              6.192254466666667
            ],
            [
              -75.52774867777778,
              6.192254466666667
            ],
            [
              -75.52774867777778,
              6.191698911111112
            ],
            [
              -75.52802645555556,
              6.191698911111112
            ],
            [
              -75.52802645555556,
              6.191143355555556
            ],
            [
              -75.52830423333334,
              6.191143355555556
            ],
            [
              -75.52830423333334,
              6.1903100222222225
            ],
            [
              -75.5288597888889,
              6.1903100222222225
            ],
            [
              -75.5288597888889,
              6.189476688888889
            ],
            [
              -75.52830423333334,
              6.189476688888889
            ],
            [
              -75.52830423333334,
              6.189198911111111
            ],
            [
              -75.52802645555556,
              6.189198911111111
            ],
            [
              -75.52802645555556,
              6.188921133333333
            ],
            [
              -75.52774867777778,
              6.188921133333333
            ],
            [
              -75.52774867777778,
              6.188087800000001
            ],
            [
              -75.52802645555556,
              6.188087800000001
            ],
            [
              -75.52802645555556,
              6.187532244444445
            ],
            [
              -75.52774867777778,
              6.187532244444445
            ],
            [
              -75.52774867777778,
              6.187254466666667
            ],
            [
              -75.52802645555556,
              6.187254466666667
            ],
            [
              -75.52802645555556,
              6.186698911111112
            ],
            [
              -75.52830423333334,
              6.186698911111112
            ],
            [
              -75.52830423333334,
              6.186421133333334
            ],
            [
              -75.52858201111111,
              6.186421133333334
            ],
            [
              -75.52858201111111,
              6.186698911111112
            ],
            [
              -75.52913756666668,
              6.186698911111112
            ],
            [
              -75.52913756666668,
              6.186421133333334
            ],
            [
              -75.52941534444444,
              6.186421133333334
            ],
            [
              -75.52941534444444,
              6.186143355555556
            ],
            [
              -75.52913756666668,
              6.186143355555556
            ],
            [
              -75.52913756666668,
              6.1855878
            ],
            [
              -75.52941534444444,
              6.1855878
            ],
            [
              -75.52941534444444,
              6.184476688888889
            ],
            [
              -75.52969312222223,
              6.184476688888889
            ],
            [
              -75.52969312222223,
              6.184198911111111
            ],
            [
              -75.52997090000001,
              6.184198911111111
            ],
            [
              -75.52997090000001,
              6.183643355555556
            ],
            [
              -75.53024867777778,
              6.183643355555556
            ],
            [
              -75.53024867777778,
              6.183365577777778
            ],
            [
              -75.53052645555556,
              6.183365577777778
            ],
            [
              -75.53052645555556,
              6.18197668888889
            ],
            [
              -75.53080423333334,
              6.18197668888889
            ],
            [
              -75.53080423333334,
              6.181143355555556
            ],
            [
              -75.53135978888889,
              6.181143355555556
            ],
            [
              -75.53135978888889,
              6.179754466666667
            ],
            [
              -75.53163756666667,
              6.179754466666667
            ],
            [
              -75.53163756666667,
              6.179476688888889
            ],
            [
              -75.53191534444446,
              6.179476688888889
            ],
            [
              -75.53191534444446,
              6.178643355555556
            ],
            [
              -75.53163756666667,
              6.178643355555556
            ],
            [
              -75.53163756666667,
              6.178365577777778
            ],
            [
              -75.53135978888889,
              6.178365577777778
            ],
            [
              -75.53135978888889,
              6.176421133333334
            ],
            [
              -75.53191534444446,
              6.176421133333334
            ],
            [
              -75.53191534444446,
              6.176143355555556
            ],
            [
              -75.5324709,
              6.176143355555556
            ],
            [
              -75.5324709,
              6.1758655777777784
            ],
            [
              -75.53302645555556,
              6.1758655777777784
            ],
            [
              -75.53302645555556,
              6.175310022222223
            ],
            [
              -75.53330423333334,
              6.175310022222223
            ],
            [
              -75.53330423333334,
              6.175032244444445
            ],
            [
              -75.53441534444445,
              6.175032244444445
            ],
            [
              -75.53441534444445,
              6.174754466666667
            ],
            [
              -75.53469312222222,
              6.174754466666667
            ],
            [
              -75.53469312222222,
              6.1741989111111115
            ],
            [
              -75.5349709,
              6.1741989111111115
            ],
            [
              -75.5349709,
              6.173643355555556
            ],
            [
              -75.53524867777779,
              6.173643355555556
            ],
            [
              -75.53524867777779,
              6.173365577777778
            ],
            [
              -75.53580423333334,
              6.173365577777778
            ],
            [
              -75.53580423333334,
              6.1730878
            ],
            [
              -75.53608201111112,
              6.1730878
            ],
            [
              -75.53608201111112,
              6.172810022222222
            ],
            [
              -75.5363597888889,
              6.172810022222222
            ],
            [
              -75.5363597888889,
              6.171976688888889
            ],
            [
              -75.53663756666667,
              6.171976688888889
            ],
            [
              -75.53663756666667,
              6.171698911111111
            ],
            [
              -75.53719312222223,
              6.171698911111111
            ],
            [
              -75.53719312222223,
              6.171421133333334
            ],
            [
              -75.53774867777778,
              6.171421133333334
            ],
            [
              -75.53774867777778,
              6.170310022222223
            ],
            [
              -75.5388597888889,
              6.170310022222223
            ],
            [
              -75.5388597888889,
              6.169754466666667
            ],
            [
              -75.53969312222223,
              6.169754466666667
            ],
            [
              -75.53969312222223,
              6.170032244444445
            ],
            [
              -75.5399709,
              6.170032244444445
            ],
            [
              -75.5399709,
              6.1694766888888894
            ],
            [
              -75.54024867777778,
              6.1694766888888894
            ],
            [
              -75.54024867777778,
              6.169198911111112
            ],
            [
              -75.54052645555556,
              6.169198911111112
            ],
            [
              -75.54052645555556,
              6.168365577777778
            ],
            [
              -75.54080423333333,
              6.168365577777778
            ],
            [
              -75.54080423333333,
              6.1680878
            ],
            [
              -75.54108201111111,
              6.1680878
            ],
            [
              -75.54108201111111,
              6.166698911111111
            ],
            [
              -75.54080423333333,
              6.166698911111111
            ],
            [
              -75.54080423333333,
              6.166421133333333
            ],
            [
              -75.54108201111111,
              6.166421133333333
            ],
            [
              -75.54108201111111,
              6.165865577777778
            ],
            [
              -75.5413597888889,
              6.165865577777778
            ],
            [
              -75.5413597888889,
              6.165587800000001
            ],
            [
              -75.54163756666668,
              6.165587800000001
            ],
            [
              -75.54163756666668,
              6.1644766888888896
            ],
            [
              -75.5413597888889,
              6.1644766888888896
            ],
            [
              -75.5413597888889,
              6.163921133333334
            ],
            [
              -75.54108201111111,
              6.163921133333334
            ],
            [
              -75.54108201111111,
              6.161976688888889
            ],
            [
              -75.5413597888889,
              6.161976688888889
            ],
            [
              -75.5413597888889,
              6.161698911111111
            ],
            [
              -75.54247090000001,
              6.161698911111111
            ],
            [
              -75.54247090000001,
              6.161143355555556
            ],
            [
              -75.54219312222223,
              6.161143355555556
            ],
            [
              -75.54219312222223,
              6.160865577777778
            ],
            [
              -75.54247090000001,
              6.160865577777778
            ],
            [
              -75.54247090000001,
              6.15947668888889
            ],
            [
              -75.54274867777778,
              6.15947668888889
            ],
            [
              -75.54274867777778,
              6.159198911111112
            ],
            [
              -75.54247090000001,
              6.159198911111112
            ],
            [
              -75.54247090000001,
              6.158643355555556
            ],
            [
              -75.54163756666668,
              6.158643355555556
            ],
            [
              -75.54163756666668,
              6.1580878000000006
            ],
            [
              -75.54219312222223,
              6.1580878000000006
            ],
            [
              -75.54219312222223,
              6.156421133333334
            ],
            [
              -75.54247090000001,
              6.156421133333334
            ],
            [
              -75.54247090000001,
              6.154754466666667
            ],
            [
              -75.54219312222223,
              6.154754466666667
            ],
            [
              -75.54219312222223,
              6.15447668888889
            ],
            [
              -75.54191534444445,
              6.15447668888889
            ],
            [
              -75.54191534444445,
              6.154198911111111
            ],
            [
              -75.54219312222223,
              6.154198911111111
            ],
            [
              -75.54219312222223,
              6.153921133333334
            ],
            [
              -75.54191534444445,
              6.153921133333334
            ],
            [
              -75.54191534444445,
              6.152254466666667
            ],
            [
              -75.54219312222223,
              6.152254466666667
            ],
            [
              -75.54219312222223,
              6.151976688888889
            ],
            [
              -75.54274867777778,
              6.151976688888889
            ],
            [
              -75.54274867777778,
              6.151698911111112
            ],
            [
              -75.54358201111111,
              6.151698911111112
            ],
            [
              -75.54358201111111,
              6.151421133333334
            ],
            [
              -75.5438597888889,
              6.151421133333334
            ],
            [
              -75.5438597888889,
              6.151143355555556
            ],
            [
              -75.54413756666668,
              6.151143355555556
            ],
            [
              -75.54413756666668,
              6.150865577777778
            ],
            [
              -75.54441534444445,
              6.150865577777778
            ],
            [
              -75.54441534444445,
              6.1505878
            ],
            [
              -75.54469312222223,
              6.1505878
            ],
            [
              -75.54469312222223,
              6.1503100222222225
            ],
            [
              -75.54552645555556,
              6.1503100222222225
            ],
            [
              -75.54552645555556,
              6.150032244444445
            ],
            [
              -75.54635978888889,
              6.150032244444445
            ],
            [
              -75.54635978888889,
              6.149476688888889
            ],
            [
              -75.54663756666667,
              6.149476688888889
            ],
            [
              -75.54663756666667,
              6.149198911111111
            ],
            [
              -75.54747090000001,
              6.149198911111111
            ],
            [
              -75.54747090000001,
              6.148643355555556
            ],
            [
              -75.54774867777779,
              6.148643355555556
            ],
            [
              -75.54774867777779,
              6.148365577777778
            ],
            [
              -75.54747090000001,
              6.148365577777778
            ],
            [
              -75.54747090000001,
              6.148087800000001
            ],
            [
              -75.54691534444446,
              6.148087800000001
            ],
            [
              -75.54691534444446,
              6.147810022222223
            ],
            [
              -75.54663756666667,
              6.147810022222223
            ],
            [
              -75.54663756666667,
              6.147532244444445
            ],
            [
              -75.54635978888889,
              6.147532244444445
            ],
            [
              -75.54635978888889,
              6.147254466666667
            ],
            [
              -75.54580423333334,
              6.147254466666667
            ],
            [
              -75.54580423333334,
              6.146421133333334
            ],
            [
              -75.54608201111111,
              6.146421133333334
            ],
            [
              -75.54608201111111,
              6.1455878
            ],
            [
              -75.54552645555556,
              6.1455878
            ],
            [
              -75.54552645555556,
              6.145310022222223
            ],
            [
              -75.54524867777778,
              6.145310022222223
            ],
            [
              -75.54524867777778,
              6.1439211333333335
            ],
            [
              -75.54497090000001,
              6.1439211333333335
            ],
            [
              -75.54497090000001,
              6.143643355555556
            ],
            [
              -75.54469312222223,
              6.143643355555556
            ],
            [
              -75.54469312222223,
              6.143365577777778
            ],
            [
              -75.54441534444445,
              6.143365577777778
            ],
            [
              -75.54441534444445,
              6.141698911111112
            ],
            [
              -75.54497090000001,
              6.141698911111112
            ],
            [
              -75.54497090000001,
              6.140865577777778
            ],
            [
              -75.54469312222223,
              6.140865577777778
            ],
            [
              -75.54469312222223,
              6.139476688888889
            ],
            [
              -75.54497090000001,
              6.139476688888889
            ],
            [
              -75.54497090000001,
              6.138643355555556
            ],
            [
              -75.54469312222223,
              6.138643355555556
            ],
            [
              -75.54469312222223,
              6.137810022222222
            ],
            [
              -75.54441534444445,
              6.137810022222222
            ],
            [
              -75.54441534444445,
              6.137254466666667
            ],
            [
              -75.54413756666668,
              6.137254466666667
            ],
            [
              -75.54413756666668,
              6.136143355555556
            ],
            [
              -75.5438597888889,
              6.136143355555556
            ],
            [
              -75.5438597888889,
              6.134754466666667
            ],
            [
              -75.54358201111111,
              6.134754466666667
            ],
            [
              -75.54358201111111,
              6.133921133333334
            ],
            [
              -75.54330423333334,
              6.133921133333334
            ],
            [
              -75.54330423333334,
              6.133643355555556
            ],
            [
              -75.54358201111111,
              6.133643355555556
            ],
            [
              -75.54358201111111,
              6.132254466666667
            ],
            [
              -75.54302645555556,
              6.132254466666667
            ],
            [
              -75.54302645555556,
              6.131976688888889
            ],
            [
              -75.54274867777778,
              6.131976688888889
            ],
            [
              -75.54274867777778,
              6.131143355555556
            ],
            [
              -75.54302645555556,
              6.131143355555556
            ],
            [
              -75.54302645555556,
              6.130587800000001
            ],
            [
              -75.54330423333334,
              6.130587800000001
            ],
            [
              -75.54330423333334,
              6.130032244444445
            ],
            [
              -75.54302645555556,
              6.130032244444445
            ],
            [
              -75.54302645555556,
              6.128921133333334
            ],
            [
              -75.54358201111111,
              6.128921133333334
            ],
            [
              -75.54358201111111,
              6.128643355555556
            ],
            [
              -75.54330423333334,
              6.128643355555556
            ],
            [
              -75.54330423333334,
              6.127254466666667
            ],
            [
              -75.54302645555556,
              6.127254466666667
            ],
            [
              -75.54302645555556,
              6.126976688888889
            ],
            [
              -75.54274867777778,
              6.126976688888889
            ],
            [
              -75.54274867777778,
              6.126698911111111
            ],
            [
              -75.54302645555556,
              6.126698911111111
            ],
            [
              -75.54302645555556,
              6.125310022222223
            ],
            [
              -75.54330423333334,
              6.125310022222223
            ],
            [
              -75.54330423333334,
              6.124198911111112
            ],
            [
              -75.54358201111111,
              6.124198911111112
            ],
            [
              -75.54358201111111,
              6.123921133333334
            ],
            [
              -75.5438597888889,
              6.123921133333334
            ],
            [
              -75.5438597888889,
              6.1230878
            ],
            [
              -75.54358201111111,
              6.1230878
            ],
            [
              -75.54358201111111,
              6.122254466666667
            ],
            [
              -75.54330423333334,
              6.122254466666667
            ],
            [
              -75.54330423333334,
              6.121976688888889
            ],
            [
              -75.54302645555556,
              6.121976688888889
            ],
            [
              -75.54302645555556,
              6.120865577777778
            ],
            [
              -75.54274867777778,
              6.120865577777778
            ],
            [
              -75.54274867777778,
              6.120310022222222
            ],
            [
              -75.54247090000001,
              6.120310022222222
            ],
            [
              -75.54247090000001,
              6.1197544666666674
            ],
            [
              -75.54219312222223,
              6.1197544666666674
            ],
            [
              -75.54219312222223,
              6.118921133333334
            ],
            [
              -75.54247090000001,
              6.118921133333334
            ],
            [
              -75.54247090000001,
              6.118643355555556
            ],
            [
              -75.54274867777778,
              6.118643355555556
            ],
            [
              -75.54274867777778,
              6.118365577777778
            ],
            [
              -75.54302645555556,
              6.118365577777778
            ],
            [
              -75.54302645555556,
              6.116143355555556
            ],
            [
              -75.54358201111111,
              6.116143355555556
            ],
            [
              -75.54358201111111,
              6.115865577777778
            ],
            [
              -75.54413756666668,
              6.115865577777778
            ],
            [
              -75.54413756666668,
              6.1155878
            ],
            [
              -75.54441534444445,
              6.1155878
            ],
            [
              -75.54441534444445,
              6.115310022222222
            ],
            [
              -75.54469312222223,
              6.115310022222222
            ],
            [
              -75.54469312222223,
              6.1155878
            ],
            [
              -75.54524867777778,
              6.1155878
            ],
            [
              -75.54524867777778,
              6.115310022222222
            ],
            [
              -75.54552645555556,
              6.115310022222222
            ],
            [
              -75.54552645555556,
              6.1150322444444445
            ],
            [
              -75.54580423333334,
              6.1150322444444445
            ],
            [
              -75.54580423333334,
              6.1147544666666676
            ],
            [
              -75.54608201111111,
              6.1147544666666676
            ],
            [
              -75.54608201111111,
              6.114476688888889
            ],
            [
              -75.54663756666667,
              6.114476688888889
            ],
            [
              -75.54663756666667,
              6.112532244444445
            ],
            [
              -75.54691534444446,
              6.112532244444445
            ],
            [
              -75.54691534444446,
              6.111143355555556
            ],
            [
              -75.54719312222223,
              6.111143355555556
            ],
            [
              -75.54719312222223,
              6.1105878
            ],
            [
              -75.54747090000001,
              6.1105878
            ],
            [
              -75.54747090000001,
              6.109754466666667
            ],
            [
              -75.54774867777779,
              6.109754466666667
            ],
            [
              -75.54774867777779,
              6.109476688888889
            ],
            [
              -75.54802645555556,
              6.109476688888889
            ],
            [
              -75.54802645555556,
              6.109198911111111
            ],
            [
              -75.54830423333334,
              6.109198911111111
            ],
            [
              -75.54830423333334,
              6.108921133333334
            ],
            [
              -75.54858201111112,
              6.108921133333334
            ],
            [
              -75.54858201111112,
              6.1083655777777786
            ],
            [
              -75.54885978888889,
              6.1083655777777786
            ],
            [
              -75.54885978888889,
              6.107532244444445
            ],
            [
              -75.54913756666667,
              6.107532244444445
            ],
            [
              -75.54913756666667,
              6.107254466666667
            ],
            [
              -75.5499709,
              6.107254466666667
            ],
            [
              -75.5499709,
              6.1069766888888894
            ],
            [
              -75.55024867777779,
              6.1069766888888894
            ],
            [
              -75.55024867777779,
              6.106698911111112
            ],
            [
              -75.55052645555556,
              6.106698911111112
            ],
            [
              -75.55052645555556,
              6.106421133333334
            ],
            [
              -75.55080423333334,
              6.106421133333334
            ],
            [
              -75.55080423333334,
              6.105865577777778
            ],
            [
              -75.55108201111112,
              6.105865577777778
            ],
            [
              -75.55108201111112,
              6.1055878
            ],
            [
              -75.5513597888889,
              6.1055878
            ],
            [
              -75.5513597888889,
              6.1053100222222225
            ],
            [
              -75.55191534444445,
              6.1053100222222225
            ],
            [
              -75.55191534444445,
              6.105032244444445
            ],
            [
              -75.55274867777779,
              6.105032244444445
            ],
            [
              -75.55274867777779,
              6.104754466666667
            ],
            [
              -75.55302645555557,
              6.104754466666667
            ],
            [
              -75.55302645555557,
              6.104476688888889
            ],
            [
              -75.55608201111112,
              6.104476688888889
            ],
            [
              -75.55608201111112,
              6.104754466666667
            ],
            [
              -75.55913756666668,
              6.104754466666667
            ],
            [
              -75.55913756666668,
              6.104476688888889
            ],
            [
              -75.55941534444445,
              6.104476688888889
            ],
            [
              -75.55941534444445,
              6.104754466666667
            ],
            [
              -75.55969312222223,
              6.104754466666667
            ],
            [
              -75.55969312222223,
              6.105032244444445
            ],
            [
              -75.55997090000001,
              6.105032244444445
            ],
            [
              -75.55997090000001,
              6.1053100222222225
            ],
            [
              -75.56052645555556,
              6.1053100222222225
            ],
            [
              -75.56052645555556,
              6.1055878
            ],
            [
              -75.56302645555556,
              6.1055878
            ],
            [
              -75.56302645555556,
              6.105865577777778
            ],
            [
              -75.56385978888889,
              6.105865577777778
            ],
            [
              -75.56385978888889,
              6.106143355555556
            ],
            [
              -75.56441534444446,
              6.106143355555556
            ],
            [
              -75.56441534444446,
              6.105865577777778
            ],
            [
              -75.56469312222222,
              6.105865577777778
            ],
            [
              -75.56469312222222,
              6.106143355555556
            ],
            [
              -75.56524867777779,
              6.106143355555556
            ],
            [
              -75.56524867777779,
              6.106421133333334
            ],
            [
              -75.56580423333334,
              6.106421133333334
            ],
            [
              -75.56580423333334,
              6.106143355555556
            ],
            [
              -75.56608201111112,
              6.106143355555556
            ],
            [
              -75.56608201111112,
              6.104476688888889
            ],
            [
              -75.56635978888889,
              6.104476688888889
            ],
            [
              -75.56635978888889,
              6.103643355555556
            ],
            [
              -75.56691534444445,
              6.103643355555556
            ],
            [
              -75.56691534444445,
              6.103365577777778
            ],
            [
              -75.56858201111112,
              6.103365577777778
            ],
            [
              -75.56858201111112,
              6.103087800000001
            ],
            [
              -75.5688597888889,
              6.103087800000001
            ],
            [
              -75.5688597888889,
              6.102810022222223
            ],
            [
              -75.56941534444445,
              6.102810022222223
            ],
            [
              -75.56941534444445,
              6.102532244444445
            ],
            [
              -75.56969312222223,
              6.102532244444445
            ],
            [
              -75.56969312222223,
              6.101143355555556
            ],
            [
              -75.5699709,
              6.101143355555556
            ],
            [
              -75.5699709,
              6.100865577777778
            ],
            [
              -75.57052645555557,
              6.100865577777778
            ],
            [
              -75.57052645555557,
              6.1005878000000004
            ],
            [
              -75.57080423333333,
              6.1005878000000004
            ],
            [
              -75.57080423333333,
              6.100310022222223
            ],
            [
              -75.5713597888889,
              6.100310022222223
            ],
            [
              -75.5713597888889,
              6.100032244444445
            ],
            [
              -75.57219312222223,
              6.100032244444445
            ],
            [
              -75.57219312222223,
              6.099754466666667
            ],
            [
              -75.57247090000001,
              6.099754466666667
            ],
            [
              -75.57247090000001,
              6.099198911111111
            ],
            [
              -75.57330423333335,
              6.099198911111111
            ],
            [
              -75.57330423333335,
              6.0989211333333335
            ],
            [
              -75.5738597888889,
              6.0989211333333335
            ],
            [
              -75.5738597888889,
              6.098365577777778
            ],
            [
              -75.57441534444445,
              6.098365577777778
            ],
            [
              -75.57441534444445,
              6.097810022222223
            ],
            [
              -75.57469312222223,
              6.097810022222223
            ],
            [
              -75.57469312222223,
              6.0972544666666675
            ],
            [
              -75.57524867777778,
              6.0972544666666675
            ],
            [
              -75.57524867777778,
              6.096421133333334
            ],
            [
              -75.57552645555556,
              6.096421133333334
            ],
            [
              -75.57552645555556,
              6.096143355555556
            ],
            [
              -75.57580423333334,
              6.096143355555556
            ],
            [
              -75.57580423333334,
              6.095865577777778
            ],
            [
              -75.5763597888889,
              6.095865577777778
            ],
            [
              -75.5763597888889,
              6.095310022222223
            ],
            [
              -75.57663756666668,
              6.095310022222223
            ],
            [
              -75.57663756666668,
              6.094754466666667
            ],
            [
              -75.57691534444444,
              6.094754466666667
            ],
            [
              -75.57691534444444,
              6.094476688888889
            ],
            [
              -75.57719312222223,
              6.094476688888889
            ],
            [
              -75.57719312222223,
              6.0941989111111114
            ],
            [
              -75.57747090000001,
              6.0941989111111114
            ],
            [
              -75.57747090000001,
              6.093921133333334
            ],
            [
              -75.57774867777779,
              6.093921133333334
            ],
            [
              -75.57774867777779,
              6.093643355555556
            ],
            [
              -75.57802645555556,
              6.093643355555556
            ],
            [
              -75.57802645555556,
              6.093365577777778
            ],
            [
              -75.57830423333334,
              6.093365577777778
            ],
            [
              -75.57830423333334,
              6.0925322444444445
            ],
            [
              -75.57858201111112,
              6.0925322444444445
            ],
            [
              -75.57858201111112,
              6.091421133333334
            ],
            [
              -75.57885978888889,
              6.091421133333334
            ],
            [
              -75.57885978888889,
              6.091143355555556
            ],
            [
              -75.57941534444446,
              6.091143355555556
            ],
            [
              -75.57941534444446,
              6.090587800000001
            ],
            [
              -75.57913756666667,
              6.090587800000001
            ],
            [
              -75.57913756666667,
              6.090310022222223
            ],
            [
              -75.57941534444446,
              6.090310022222223
            ],
            [
              -75.57941534444446,
              6.088365577777778
            ],
            [
              -75.57969312222222,
              6.088365577777778
            ],
            [
              -75.57969312222222,
              6.085310022222223
            ],
            [
              -75.57941534444446,
              6.085310022222223
            ],
            [
              -75.57941534444446,
              6.085032244444445
            ],
            [
              -75.57913756666667,
              6.085032244444445
            ],
            [
              -75.57913756666667,
              6.084754466666667
            ],
            [
              -75.57885978888889,
              6.084754466666667
            ],
            [
              -75.57885978888889,
              6.0844766888888895
            ],
            [
              -75.57858201111112,
              6.0844766888888895
            ],
            [
              -75.57858201111112,
              6.082810022222223
            ],
            [
              -75.57885978888889,
              6.082810022222223
            ],
            [
              -75.57885978888889,
              6.081976688888889
            ],
            [
              -75.57913756666667,
              6.081976688888889
            ],
            [
              -75.57913756666667,
              6.081698911111111
            ],
            [
              -75.57885978888889,
              6.081698911111111
            ],
            [
              -75.57885978888889,
              6.080310022222223
            ],
            [
              -75.57858201111112,
              6.080310022222223
            ],
            [
              -75.57858201111112,
              6.078921133333334
            ],
            [
              -75.57885978888889,
              6.078921133333334
            ],
            [
              -75.57885978888889,
              6.078643355555556
            ],
            [
              -75.57913756666667,
              6.078643355555556
            ],
            [
              -75.57913756666667,
              6.0780878000000005
            ],
            [
              -75.57941534444446,
              6.0780878000000005
            ],
            [
              -75.57941534444446,
              6.077532244444445
            ],
            [
              -75.57969312222222,
              6.077532244444445
            ],
            [
              -75.57969312222222,
              6.076421133333334
            ],
            [
              -75.57941534444446,
              6.076421133333334
            ],
            [
              -75.57941534444446,
              6.076143355555556
            ],
            [
              -75.57913756666667,
              6.076143355555556
            ],
            [
              -75.57913756666667,
              6.0755878
            ],
            [
              -75.57969312222222,
              6.0755878
            ],
            [
              -75.57969312222222,
              6.073921133333334
            ],
            [
              -75.57941534444446,
              6.073921133333334
            ],
            [
              -75.57941534444446,
              6.072254466666667
            ],
            [
              -75.57913756666667,
              6.072254466666667
            ],
            [
              -75.57913756666667,
              6.0716989111111115
            ],
            [
              -75.57885978888889,
              6.0716989111111115
            ],
            [
              -75.57885978888889,
              6.071421133333334
            ],
            [
              -75.57913756666667,
              6.071421133333334
            ],
            [
              -75.57913756666667,
              6.070865577777778
            ],
            [
              -75.57941534444446,
              6.070865577777778
            ],
            [
              -75.57941534444446,
              6.0705878
            ],
            [
              -75.57969312222222,
              6.0705878
            ],
            [
              -75.57969312222222,
              6.068643355555556
            ],
            [
              -75.57941534444446,
              6.068643355555556
            ],
            [
              -75.57941534444446,
              6.068087800000001
            ],
            [
              -75.57969312222222,
              6.068087800000001
            ],
            [
              -75.57969312222222,
              6.0655878
            ],
            [
              -75.57941534444446,
              6.0655878
            ],
            [
              -75.57941534444446,
              6.0630878
            ],
            [
              -75.57913756666667,
              6.0630878
            ],
            [
              -75.57913756666667,
              6.062532244444445
            ],
            [
              -75.57941534444446,
              6.062532244444445
            ],
            [
              -75.57941534444446,
              6.062254466666667
            ],
            [
              -75.57969312222222,
              6.062254466666667
            ],
            [
              -75.57969312222222,
              6.048643355555556
            ],
            [
              -75.57913756666667,
              6.048643355555556
            ],
            [
              -75.57913756666667,
              6.048365577777778
            ],
            [
              -75.57858201111112,
              6.048365577777778
            ],
            [
              -75.57858201111112,
              6.0480878
            ],
            [
              -75.57802645555556,
              6.0480878
            ],
            [
              -75.57802645555556,
              6.047810022222222
            ],
            [
              -75.57774867777779,
              6.047810022222222
            ],
            [
              -75.57774867777779,
              6.047532244444445
            ],
            [
              -75.57719312222223,
              6.047532244444445
            ],
            [
              -75.57719312222223,
              6.047254466666667
            ],
            [
              -75.57663756666668,
              6.047254466666667
            ],
            [
              -75.57663756666668,
              6.046976688888889
            ],
            [
              -75.5763597888889,
              6.046976688888889
            ],
            [
              -75.5763597888889,
              6.046698911111111
            ],
            [
              -75.57608201111111,
              6.046698911111111
            ],
            [
              -75.57608201111111,
              6.0461433555555555
            ],
            [
              -75.5738597888889,
              6.0461433555555555
            ],
            [
              -75.5738597888889,
              6.046421133333334
            ],
            [
              -75.57330423333335,
              6.046421133333334
            ],
            [
              -75.57330423333335,
              6.046698911111111
            ],
            [
              -75.57247090000001,
              6.046698911111111
            ],
            [
              -75.57247090000001,
              6.046976688888889
            ],
            [
              -75.57163756666667,
              6.046976688888889
            ],
            [
              -75.57163756666667,
              6.047254466666667
            ],
            [
              -75.5713597888889,
              6.047254466666667
            ],
            [
              -75.5713597888889,
              6.047532244444445
            ],
            [
              -75.57108201111112,
              6.047532244444445
            ],
            [
              -75.57108201111112,
              6.0480878
            ],
            [
              -75.57080423333333,
              6.0480878
            ],
            [
              -75.57080423333333,
              6.048365577777778
            ],
            [
              -75.57024867777778,
              6.048365577777778
            ],
            [
              -75.57024867777778,
              6.048643355555556
            ],
            [
              -75.5699709,
              6.048643355555556
            ],
            [
              -75.5699709,
              6.0491989111111115
            ],
            [
              -75.56969312222223,
              6.0491989111111115
            ],
            [
              -75.56969312222223,
              6.049476688888889
            ],
            [
              -75.56941534444445,
              6.049476688888889
            ],
            [
              -75.56941534444445,
              6.049754466666667
            ],
            [
              -75.56913756666667,
              6.049754466666667
            ],
            [
              -75.56913756666667,
              6.050032244444445
            ],
            [
              -75.5688597888889,
              6.050032244444445
            ],
            [
              -75.5688597888889,
              6.050310022222223
            ],
            [
              -75.56830423333334,
              6.050310022222223
            ],
            [
              -75.56830423333334,
              6.050587800000001
            ],
            [
              -75.5674709,
              6.050587800000001
            ],
            [
              -75.5674709,
              6.0508655777777784
            ],
            [
              -75.5649709,
              6.0508655777777784
            ],
            [
              -75.5649709,
              6.051143355555556
            ],
            [
              -75.56469312222222,
              6.051143355555556
            ],
            [
              -75.56469312222222,
              6.051421133333334
            ],
            [
              -75.56441534444446,
              6.051421133333334
            ],
            [
              -75.56441534444446,
              6.051143355555556
            ],
            [
              -75.56413756666667,
              6.051143355555556
            ],
            [
              -75.56413756666667,
              6.0508655777777784
            ],
            [
              -75.56385978888889,
              6.0508655777777784
            ],
            [
              -75.56385978888889,
              6.050587800000001
            ],
            [
              -75.56330423333334,
              6.050587800000001
            ],
            [
              -75.56330423333334,
              6.050310022222223
            ],
            [
              -75.56302645555556,
              6.050310022222223
            ],
            [
              -75.56302645555556,
              6.050032244444445
            ],
            [
              -75.56274867777779,
              6.050032244444445
            ],
            [
              -75.56274867777779,
              6.049754466666667
            ],
            [
              -75.56247090000001,
              6.049754466666667
            ],
            [
              -75.56247090000001,
              6.049476688888889
            ],
            [
              -75.56219312222223,
              6.049476688888889
            ],
            [
              -75.56219312222223,
              6.0491989111111115
            ],
            [
              -75.56163756666668,
              6.0491989111111115
            ],
            [
              -75.56163756666668,
              6.048921133333334
            ],
            [
              -75.5613597888889,
              6.048921133333334
            ],
            [
              -75.5613597888889,
              6.048643355555556
            ],
            [
              -75.56108201111111,
              6.048643355555556
            ],
            [
              -75.56108201111111,
              6.0480878
            ],
            [
              -75.56052645555556,
              6.0480878
            ],
            [
              -75.56052645555556,
              6.048365577777778
            ],
            [
              -75.56024867777778,
              6.048365577777778
            ],
            [
              -75.56024867777778,
              6.048643355555556
            ],
            [
              -75.55997090000001,
              6.048643355555556
            ],
            [
              -75.55997090000001,
              6.048921133333334
            ],
            [
              -75.55941534444445,
              6.048921133333334
            ],
            [
              -75.55941534444445,
              6.048643355555556
            ],
            [
              -75.55913756666668,
              6.048643355555556
            ],
            [
              -75.55913756666668,
              6.048365577777778
            ],
            [
              -75.5588597888889,
              6.048365577777778
            ],
            [
              -75.5588597888889,
              6.0480878
            ],
            [
              -75.55691534444445,
              6.0480878
            ],
            [
              -75.55691534444445,
              6.048365577777778
            ],
            [
              -75.5563597888889,
              6.048365577777778
            ],
            [
              -75.5563597888889,
              6.0480878
            ],
            [
              -75.55608201111112,
              6.0480878
            ],
            [
              -75.55608201111112,
              6.048365577777778
            ],
            [
              -75.55552645555557,
              6.048365577777778
            ],
            [
              -75.55552645555557,
              6.048643355555556
            ],
            [
              -75.55524867777778,
              6.048643355555556
            ],
            [
              -75.55524867777778,
              6.0491989111111115
            ],
            [
              -75.55413756666667,
              6.0491989111111115
            ],
            [
              -75.55413756666667,
              6.048921133333334
            ],
            [
              -75.5538597888889,
              6.048921133333334
            ],
            [
              -75.5538597888889,
              6.048643355555556
            ],
            [
              -75.55330423333334,
              6.048643355555556
            ],
            [
              -75.55330423333334,
              6.047810022222222
            ],
            [
              -75.55219312222223,
              6.047810022222222
            ],
            [
              -75.55219312222223,
              6.0480878
            ],
            [
              -75.55191534444445,
              6.0480878
            ],
            [
              -75.55191534444445,
              6.048365577777778
            ],
            [
              -75.54941534444445,
              6.048365577777778
            ],
            [
              -75.54941534444445,
              6.048643355555556
            ],
            [
              -75.54830423333334,
              6.048643355555556
            ],
            [
              -75.54830423333334,
              6.048365577777778
            ],
            [
              -75.54802645555556,
              6.048365577777778
            ],
            [
              -75.54802645555556,
              6.048643355555556
            ],
            [
              -75.54747090000001,
              6.048643355555556
            ],
            [
              -75.54747090000001,
              6.048921133333334
            ],
            [
              -75.54719312222223,
              6.048921133333334
            ],
            [
              -75.54719312222223,
              6.0491989111111115
            ],
            [
              -75.54663756666667,
              6.0491989111111115
            ],
            [
              -75.54663756666667,
              6.049476688888889
            ],
            [
              -75.54608201111111,
              6.049476688888889
            ],
            [
              -75.54608201111111,
              6.049754466666667
            ],
            [
              -75.54330423333334,
              6.049754466666667
            ],
            [
              -75.54330423333334,
              6.050032244444445
            ],
            [
              -75.54274867777778,
              6.050032244444445
            ],
            [
              -75.54274867777778,
              6.050310022222223
            ],
            [
              -75.54247090000001,
              6.050310022222223
            ],
            [
              -75.54247090000001,
              6.0508655777777784
            ],
            [
              -75.54191534444445,
              6.0508655777777784
            ],
            [
              -75.54191534444445,
              6.049754466666667
            ],
            [
              -75.54163756666668,
              6.049754466666667
            ],
            [
              -75.54163756666668,
              6.047254466666667
            ],
            [
              -75.5413597888889,
              6.047254466666667
            ],
            [
              -75.5413597888889,
              6.046698911111111
            ],
            [
              -75.54108201111111,
              6.046698911111111
            ],
            [
              -75.54108201111111,
              6.045310022222223
            ],
            [
              -75.5413597888889,
              6.045310022222223
            ],
            [
              -75.5413597888889,
              6.043643355555556
            ],
            [
              -75.54163756666668,
              6.043643355555556
            ],
            [
              -75.54163756666668,
              6.0430878
            ],
            [
              -75.5413597888889,
              6.0430878
            ],
            [
              -75.5413597888889,
              6.042532244444445
            ],
            [
              -75.54163756666668,
              6.042532244444445
            ],
            [
              -75.54163756666668,
              6.040865577777778
            ],
            [
              -75.5413597888889,
              6.040865577777778
            ],
            [
              -75.5413597888889,
              6.040310022222223
            ],
            [
              -75.54108201111111,
              6.040310022222223
            ],
            [
              -75.54108201111111,
              6.040032244444445
            ],
            [
              -75.54080423333333,
              6.040032244444445
            ],
            [
              -75.54080423333333,
              6.037532244444445
            ],
            [
              -75.5399709,
              6.037532244444445
            ],
            [
              -75.5399709,
              6.037254466666667
            ],
            [
              -75.53913756666667,
              6.037254466666667
            ],
            [
              -75.53913756666667,
              6.036976688888889
            ],
            [
              -75.53830423333333,
              6.036976688888889
            ],
            [
              -75.53830423333333,
              6.037254466666667
            ],
            [
              -75.5374709,
              6.037254466666667
            ],
            [
              -75.5374709,
              6.036976688888889
            ],
            [
              -75.53719312222223,
              6.036976688888889
            ],
            [
              -75.53719312222223,
              6.036698911111111
            ],
            [
              -75.53691534444445,
              6.036698911111111
            ],
            [
              -75.53691534444445,
              6.0364211333333335
            ],
            [
              -75.53524867777779,
              6.0364211333333335
            ],
            [
              -75.53524867777779,
              6.036143355555556
            ],
            [
              -75.53441534444445,
              6.036143355555556
            ],
            [
              -75.53441534444445,
              6.035865577777778
            ],
            [
              -75.53385978888889,
              6.035865577777778
            ],
            [
              -75.53385978888889,
              6.0355878
            ],
            [
              -75.5324709,
              6.0355878
            ],
            [
              -75.5324709,
              6.035310022222223
            ],
            [
              -75.53219312222222,
              6.035310022222223
            ],
            [
              -75.53219312222222,
              6.035032244444444
            ],
            [
              -75.53163756666667,
              6.035032244444444
            ],
            [
              -75.53163756666667,
              6.0347544666666675
            ],
            [
              -75.53135978888889,
              6.0347544666666675
            ],
            [
              -75.53135978888889,
              6.03447668888889
            ],
            [
              -75.53080423333334,
              6.03447668888889
            ],
            [
              -75.53080423333334,
              6.034198911111112
            ],
            [
              -75.53052645555556,
              6.034198911111112
            ],
            [
              -75.53052645555556,
              6.03447668888889
            ],
            [
              -75.53024867777778,
              6.03447668888889
            ],
            [
              -75.53024867777778,
              6.034198911111112
            ],
            [
              -75.52941534444444,
              6.034198911111112
            ],
            [
              -75.52941534444444,
              6.03447668888889
            ],
            [
              -75.52913756666668,
              6.03447668888889
            ],
            [
              -75.52913756666668,
              6.0347544666666675
            ],
            [
              -75.52830423333334,
              6.0347544666666675
            ],
            [
              -75.52830423333334,
              6.035032244444444
            ],
            [
              -75.52802645555556,
              6.035032244444444
            ],
            [
              -75.52802645555556,
              6.035310022222223
            ],
            [
              -75.52719312222223,
              6.035310022222223
            ],
            [
              -75.52719312222223,
              6.0355878
            ],
            [
              -75.52691534444445,
              6.0355878
            ],
            [
              -75.52691534444445,
              6.035310022222223
            ],
            [
              -75.5263597888889,
              6.035310022222223
            ],
            [
              -75.5263597888889,
              6.0355878
            ],
            [
              -75.52608201111111,
              6.0355878
            ],
            [
              -75.52608201111111,
              6.035865577777778
            ],
            [
              -75.52552645555556,
              6.035865577777778
            ],
            [
              -75.52552645555556,
              6.036143355555556
            ],
            [
              -75.5249709,
              6.036143355555556
            ],
            [
              -75.5249709,
              6.0364211333333335
            ],
            [
              -75.5238597888889,
              6.0364211333333335
            ],
            [
              -75.5238597888889,
              6.036698911111111
            ],
            [
              -75.52330423333333,
              6.036698911111111
            ],
            [
              -75.52330423333333,
              6.036976688888889
            ],
            [
              -75.52302645555557,
              6.036976688888889
            ],
            [
              -75.52302645555557,
              6.037254466666667
            ],
            [
              -75.52108201111112,
              6.037254466666667
            ],
            [
              -75.52108201111112,
              6.037532244444445
            ],
            [
              -75.51913756666667,
              6.037532244444445
            ],
            [
              -75.51913756666667,
              6.037810022222223
            ],
            [
              -75.51885978888889,
              6.037810022222223
            ],
            [
              -75.51885978888889,
              6.0380878000000004
            ],
            [
              -75.51774867777779,
              6.0380878000000004
            ],
            [
              -75.51774867777779,
              6.038365577777778
            ],
            [
              -75.5174709,
              6.038365577777778
            ],
            [
              -75.5174709,
              6.038643355555556
            ],
            [
              -75.51719312222222,
              6.038643355555556
            ],
            [
              -75.51719312222222,
              6.038921133333334
            ],
            [
              -75.51663756666667,
              6.038921133333334
            ],
            [
              -75.51663756666667,
              6.039198911111112
            ],
            [
              -75.51635978888889,
              6.039198911111112
            ],
            [
              -75.51635978888889,
              6.038921133333334
            ],
            [
              -75.51580423333334,
              6.038921133333334
            ],
            [
              -75.51580423333334,
              6.038643355555556
            ],
            [
              -75.51469312222223,
              6.038643355555556
            ],
            [
              -75.51469312222223,
              6.038921133333334
            ],
            [
              -75.51441534444444,
              6.038921133333334
            ],
            [
              -75.51441534444444,
              6.039198911111112
            ],
            [
              -75.5138597888889,
              6.039198911111112
            ],
            [
              -75.5138597888889,
              6.0394766888888896
            ],
            [
              -75.51358201111111,
              6.0394766888888896
            ],
            [
              -75.51358201111111,
              6.040032244444445
            ],
            [
              -75.5138597888889,
              6.040032244444445
            ],
            [
              -75.5138597888889,
              6.040310022222223
            ],
            [
              -75.51358201111111,
              6.040310022222223
            ],
            [
              -75.51358201111111,
              6.040865577777778
            ],
            [
              -75.51330423333334,
              6.040865577777778
            ],
            [
              -75.51330423333334,
              6.041421133333333
            ],
            [
              -75.51247090000001,
              6.041421133333333
            ],
            [
              -75.51247090000001,
              6.041698911111111
            ],
            [
              -75.51219312222223,
              6.041698911111111
            ],
            [
              -75.51219312222223,
              6.041976688888889
            ],
            [
              -75.51191534444445,
              6.041976688888889
            ],
            [
              -75.51191534444445,
              6.042254466666667
            ],
            [
              -75.51163756666668,
              6.042254466666667
            ],
            [
              -75.51163756666668,
              6.042532244444445
            ],
            [
              -75.5113597888889,
              6.042532244444445
            ],
            [
              -75.5113597888889,
              6.042254466666667
            ],
            [
              -75.51108201111111,
              6.042254466666667
            ],
            [
              -75.51108201111111,
              6.041976688888889
            ],
            [
              -75.50997090000001,
              6.041976688888889
            ],
            [
              -75.50997090000001,
              6.041698911111111
            ],
            [
              -75.50941534444445,
              6.041698911111111
            ],
            [
              -75.50941534444445,
              6.041421133333333
            ],
            [
              -75.5088597888889,
              6.041421133333333
            ],
            [
              -75.5088597888889,
              6.040865577777778
            ],
            [
              -75.50858201111112,
              6.040865577777778
            ],
            [
              -75.50858201111112,
              6.040587800000001
            ],
            [
              -75.50830423333333,
              6.040587800000001
            ],
            [
              -75.50830423333333,
              6.040310022222223
            ],
            [
              -75.50858201111112,
              6.040310022222223
            ],
            [
              -75.50858201111112,
              6.038921133333334
            ],
            [
              -75.50774867777778,
              6.038921133333334
            ],
            [
              -75.50774867777778,
              6.038643355555556
            ],
            [
              -75.5074709,
              6.038643355555556
            ],
            [
              -75.5074709,
              6.0380878000000004
            ],
            [
              -75.50719312222223,
              6.0380878000000004
            ],
            [
              -75.50719312222223,
              6.037532244444445
            ],
            [
              -75.50691534444445,
              6.037532244444445
            ],
            [
              -75.50691534444445,
              6.036976688888889
            ],
            [
              -75.50663756666667,
              6.036976688888889
            ],
            [
              -75.50663756666667,
              6.036698911111111
            ],
            [
              -75.5063597888889,
              6.036698911111111
            ],
            [
              -75.5063597888889,
              6.0364211333333335
            ],
            [
              -75.50608201111112,
              6.0364211333333335
            ],
            [
              -75.50608201111112,
              6.036143355555556
            ],
            [
              -75.50580423333334,
              6.036143355555556
            ],
            [
              -75.50580423333334,
              6.035865577777778
            ],
            [
              -75.50552645555557,
              6.035865577777778
            ],
            [
              -75.50552645555557,
              6.0355878
            ],
            [
              -75.50469312222224,
              6.0355878
            ],
            [
              -75.50469312222224,
              6.035310022222223
            ],
            [
              -75.50441534444445,
              6.035310022222223
            ],
            [
              -75.50441534444445,
              6.035032244444444
            ],
            [
              -75.50358201111112,
              6.035032244444444
            ],
            [
              -75.50358201111112,
              6.0347544666666675
            ],
            [
              -75.50330423333334,
              6.0347544666666675
            ],
            [
              -75.50330423333334,
              6.03447668888889
            ],
            [
              -75.50302645555556,
              6.03447668888889
            ],
            [
              -75.50302645555556,
              6.034198911111112
            ],
            [
              -75.50274867777779,
              6.034198911111112
            ],
            [
              -75.50274867777779,
              6.033643355555556
            ],
            [
              -75.50219312222222,
              6.033643355555556
            ],
            [
              -75.50219312222222,
              6.033921133333334
            ],
            [
              -75.50108201111112,
              6.033921133333334
            ],
            [
              -75.50108201111112,
              6.033643355555556
            ],
            [
              -75.49969312222223,
              6.033643355555556
            ],
            [
              -75.49969312222223,
              6.0330878000000006
            ],
            [
              -75.49941534444446,
              6.0330878000000006
            ],
            [
              -75.49941534444446,
              6.032810022222223
            ],
            [
              -75.49969312222223,
              6.032810022222223
            ],
            [
              -75.49969312222223,
              6.032532244444445
            ],
            [
              -75.49941534444446,
              6.032532244444445
            ],
            [
              -75.49941534444446,
              6.031143355555556
            ],
            [
              -75.49913756666668,
              6.031143355555556
            ],
            [
              -75.49913756666668,
              6.030865577777778
            ],
            [
              -75.4988597888889,
              6.030865577777778
            ],
            [
              -75.4988597888889,
              6.0305878
            ],
            [
              -75.49858201111111,
              6.0305878
            ],
            [
              -75.49858201111111,
              6.0300322444444445
            ],
            [
              -75.49802645555556,
              6.0300322444444445
            ],
            [
              -75.49802645555556,
              6.0305878
            ],
            [
              -75.49747090000001,
              6.0305878
            ],
            [
              -75.49747090000001,
              6.030310022222222
            ],
            [
              -75.49719312222223,
              6.030310022222222
            ],
            [
              -75.49719312222223,
              6.0300322444444445
            ],
            [
              -75.49691534444445,
              6.0300322444444445
            ],
            [
              -75.49691534444445,
              6.028643355555556
            ],
            [
              -75.49663756666668,
              6.028643355555556
            ],
            [
              -75.49663756666668,
              6.0283655777777785
            ],
            [
              -75.49552645555556,
              6.0283655777777785
            ],
            [
              -75.49552645555556,
              6.027532244444445
            ],
            [
              -75.49524867777778,
              6.027532244444445
            ],
            [
              -75.49524867777778,
              6.026976688888889
            ],
            [
              -75.49469312222223,
              6.026976688888889
            ],
            [
              -75.49469312222223,
              6.026698911111112
            ],
            [
              -75.49441534444445,
              6.026698911111112
            ],
            [
              -75.49441534444445,
              6.026143355555556
            ],
            [
              -75.49413756666668,
              6.026143355555556
            ],
            [
              -75.49413756666668,
              6.024476688888889
            ],
            [
              -75.4938597888889,
              6.024476688888889
            ],
            [
              -75.4938597888889,
              6.023365577777778
            ],
            [
              -75.49358201111112,
              6.023365577777778
            ],
            [
              -75.49358201111112,
              6.0219766888888895
            ],
            [
              -75.49330423333333,
              6.0219766888888895
            ],
            [
              -75.49330423333333,
              6.021698911111112
            ],
            [
              -75.49302645555557,
              6.021698911111112
            ],
            [
              -75.49302645555557,
              6.021421133333334
            ],
            [
              -75.4924709,
              6.021421133333334
            ],
            [
              -75.4924709,
              6.021143355555556
            ],
            [
              -75.49219312222223,
              6.021143355555556
            ],
            [
              -75.49219312222223,
              6.020865577777778
            ],
            [
              -75.49191534444445,
              6.020865577777778
            ],
            [
              -75.49191534444445,
              6.0205878
            ],
            [
              -75.49163756666667,
              6.0205878
            ],
            [
              -75.49163756666667,
              6.020310022222223
            ],
            [
              -75.49191534444445,
              6.020310022222223
            ],
            [
              -75.49191534444445,
              6.019754466666667
            ],
            [
              -75.49219312222223,
              6.019754466666667
            ],
            [
              -75.49219312222223,
              6.019476688888889
            ],
            [
              -75.49191534444445,
              6.019476688888889
            ],
            [
              -75.49191534444445,
              6.019198911111111
            ],
            [
              -75.49163756666667,
              6.019198911111111
            ],
            [
              -75.49163756666667,
              6.0189211333333335
            ],
            [
              -75.4913597888889,
              6.0189211333333335
            ],
            [
              -75.4913597888889,
              6.018365577777778
            ],
            [
              -75.49108201111112,
              6.018365577777778
            ],
            [
              -75.49108201111112,
              6.0180878
            ],
            [
              -75.49080423333334,
              6.0180878
            ],
            [
              -75.49080423333334,
              6.018365577777778
            ],
            [
              -75.49024867777779,
              6.018365577777778
            ],
            [
              -75.49024867777779,
              6.0180878
            ],
            [
              -75.48969312222223,
              6.0180878
            ],
            [
              -75.48969312222223,
              6.017810022222223
            ],
            [
              -75.48941534444445,
              6.017810022222223
            ],
            [
              -75.48941534444445,
              6.017532244444445
            ],
            [
              -75.48969312222223,
              6.017532244444445
            ],
            [
              -75.48969312222223,
              6.0155878000000005
            ],
            [
              -75.48941534444445,
              6.0155878000000005
            ],
            [
              -75.48941534444445,
              6.015310022222223
            ],
            [
              -75.4888597888889,
              6.015310022222223
            ],
            [
              -75.4888597888889,
              6.014476688888889
            ],
            [
              -75.48913756666667,
              6.014476688888889
            ],
            [
              -75.48913756666667,
              6.014198911111111
            ],
            [
              -75.4888597888889,
              6.014198911111111
            ],
            [
              -75.4888597888889,
              6.013643355555556
            ],
            [
              -75.48913756666667,
              6.013643355555556
            ],
            [
              -75.48913756666667,
              6.013365577777778
            ],
            [
              -75.48941534444445,
              6.013365577777778
            ],
            [
              -75.48941534444445,
              6.0130878
            ],
            [
              -75.48913756666667,
              6.0130878
            ],
            [
              -75.48913756666667,
              6.012810022222222
            ],
            [
              -75.48941534444445,
              6.012810022222222
            ],
            [
              -75.48941534444445,
              6.012532244444445
            ],
            [
              -75.48913756666667,
              6.012532244444445
            ],
            [
              -75.48913756666667,
              6.012254466666667
            ],
            [
              -75.4888597888889,
              6.012254466666667
            ],
            [
              -75.4888597888889,
              6.011698911111112
            ],
            [
              -75.48858201111112,
              6.011698911111112
            ],
            [
              -75.48858201111112,
              6.010587800000001
            ],
            [
              -75.48830423333334,
              6.010587800000001
            ],
            [
              -75.48830423333334,
              6.010310022222223
            ],
            [
              -75.48802645555556,
              6.010310022222223
            ],
            [
              -75.48802645555556,
              6.010032244444445
            ],
            [
              -75.48774867777779,
              6.010032244444445
            ],
            [
              -75.48774867777779,
              6.009754466666667
            ],
            [
              -75.4874709,
              6.009754466666667
            ],
            [
              -75.4874709,
              6.009476688888889
            ],
            [
              -75.48719312222222,
              6.009476688888889
            ],
            [
              -75.48719312222222,
              6.008643355555556
            ],
            [
              -75.48691534444445,
              6.008643355555556
            ],
            [
              -75.48691534444445,
              6.0080878
            ],
            [
              -75.48608201111112,
              6.0080878
            ],
            [
              -75.48608201111112,
              6.007532244444445
            ],
            [
              -75.48580423333334,
              6.007532244444445
            ],
            [
              -75.48580423333334,
              6.007254466666667
            ],
            [
              -75.48552645555556,
              6.007254466666667
            ],
            [
              -75.48552645555556,
              6.006698911111112
            ],
            [
              -75.48524867777779,
              6.006698911111112
            ],
            [
              -75.48524867777779,
              6.006421133333333
            ],
            [
              -75.48497090000001,
              6.006421133333333
            ],
            [
              -75.48497090000001,
              6.005587800000001
            ],
            [
              -75.48524867777779,
              6.005587800000001
            ],
            [
              -75.48524867777779,
              6.005032244444445
            ],
            [
              -75.48552645555556,
              6.005032244444445
            ],
            [
              -75.48552645555556,
              6.004198911111112
            ],
            [
              -75.48580423333334,
              6.004198911111112
            ],
            [
              -75.48580423333334,
              6.003921133333334
            ],
            [
              -75.48608201111112,
              6.003921133333334
            ],
            [
              -75.48608201111112,
              6.003643355555556
            ],
            [
              -75.48663756666667,
              6.003643355555556
            ],
            [
              -75.48663756666667,
              6.003365577777778
            ],
            [
              -75.48691534444445,
              6.003365577777778
            ],
            [
              -75.48691534444445,
              6.0030878
            ],
            [
              -75.48719312222222,
              6.0030878
            ],
            [
              -75.48719312222222,
              6.0028100222222225
            ],
            [
              -75.4874709,
              6.0028100222222225
            ],
            [
              -75.4874709,
              6.002532244444445
            ],
            [
              -75.48774867777779,
              6.002532244444445
            ],
            [
              -75.48774867777779,
              6.001421133333333
            ],
            [
              -75.48802645555556,
              6.001421133333333
            ],
            [
              -75.48802645555556,
              6.001143355555556
            ],
            [
              -75.48830423333334,
              6.001143355555556
            ],
            [
              -75.48830423333334,
              6.000865577777779
            ],
            [
              -75.48858201111112,
              6.000865577777779
            ],
            [
              -75.48858201111112,
              6.0005878
            ],
            [
              -75.4888597888889,
              6.0005878
            ],
            [
              -75.4888597888889,
              6.000310022222223
            ],
            [
              -75.48913756666667,
              6.000310022222223
            ],
            [
              -75.48913756666667,
              5.999754466666667
            ],
            [
              -75.48941534444445,
              5.999754466666667
            ],
            [
              -75.48941534444445,
              5.998365577777778
            ],
            [
              -75.48858201111112,
              5.998365577777778
            ],
            [
              -75.48858201111112,
              5.998643355555556
            ],
            [
              -75.48830423333334,
              5.998643355555556
            ],
            [
              -75.48830423333334,
              5.998365577777778
            ],
            [
              -75.48774867777779,
              5.998365577777778
            ],
            [
              -75.48774867777779,
              5.9980878
            ],
            [
              -75.48691534444445,
              5.9980878
            ],
            [
              -75.48691534444445,
              5.997532244444445
            ],
            [
              -75.48663756666667,
              5.997532244444445
            ],
            [
              -75.48663756666667,
              5.9964211333333335
            ],
            [
              -75.48635978888889,
              5.9964211333333335
            ],
            [
              -75.48635978888889,
              5.996143355555556
            ],
            [
              -75.48663756666667,
              5.996143355555556
            ],
            [
              -75.48663756666667,
              5.995865577777778
            ],
            [
              -75.48635978888889,
              5.995865577777778
            ],
            [
              -75.48635978888889,
              5.995310022222222
            ],
            [
              -75.48663756666667,
              5.995310022222222
            ],
            [
              -75.48663756666667,
              5.9947544666666674
            ],
            [
              -75.48635978888889,
              5.9947544666666674
            ],
            [
              -75.48635978888889,
              5.994198911111112
            ],
            [
              -75.48663756666667,
              5.994198911111112
            ],
            [
              -75.48663756666667,
              5.992254466666667
            ],
            [
              -75.48635978888889,
              5.992254466666667
            ],
            [
              -75.48635978888889,
              5.991976688888889
            ],
            [
              -75.48608201111112,
              5.991976688888889
            ],
            [
              -75.48608201111112,
              5.991698911111111
            ],
            [
              -75.48385978888889,
              5.991698911111111
            ],
            [
              -75.48385978888889,
              5.991421133333334
            ],
            [
              -75.48358201111111,
              5.991421133333334
            ],
            [
              -75.48358201111111,
              5.991143355555556
            ],
            [
              -75.48330423333334,
              5.991143355555556
            ],
            [
              -75.48330423333334,
              5.990865577777778
            ],
            [
              -75.48219312222223,
              5.990865577777778
            ],
            [
              -75.48219312222223,
              5.991143355555556
            ],
            [
              -75.48191534444445,
              5.991143355555556
            ],
            [
              -75.48191534444445,
              5.990865577777778
            ],
            [
              -75.48163756666668,
              5.990865577777778
            ],
            [
              -75.48163756666668,
              5.990310022222222
            ],
            [
              -75.48080423333334,
              5.990310022222222
            ],
            [
              -75.48080423333334,
              5.9900322444444445
            ],
            [
              -75.48052645555556,
              5.9900322444444445
            ],
            [
              -75.48052645555556,
              5.9897544666666676
            ],
            [
              -75.48024867777778,
              5.9897544666666676
            ],
            [
              -75.48024867777778,
              5.989476688888889
            ],
            [
              -75.47997090000001,
              5.989476688888889
            ],
            [
              -75.47997090000001,
              5.988643355555556
            ],
            [
              -75.48024867777778,
              5.988643355555556
            ],
            [
              -75.48024867777778,
              5.986421133333334
            ],
            [
              -75.47997090000001,
              5.986421133333334
            ],
            [
              -75.47997090000001,
              5.985865577777778
            ],
            [
              -75.48024867777778,
              5.985865577777778
            ],
            [
              -75.48024867777778,
              5.985310022222222
            ],
            [
              -75.48052645555556,
              5.985310022222222
            ],
            [
              -75.48052645555556,
              5.984754466666667
            ],
            [
              -75.48080423333334,
              5.984754466666667
            ],
            [
              -75.48080423333334,
              5.984476688888889
            ],
            [
              -75.48108201111111,
              5.984476688888889
            ],
            [
              -75.48108201111111,
              5.983921133333334
            ],
            [
              -75.48080423333334,
              5.983921133333334
            ],
            [
              -75.48080423333334,
              5.9836433555555555
            ],
            [
              -75.48052645555556,
              5.9836433555555555
            ],
            [
              -75.48052645555556,
              5.983087800000001
            ],
            [
              -75.48024867777778,
              5.983087800000001
            ],
            [
              -75.48024867777778,
              5.981143355555556
            ],
            [
              -75.47997090000001,
              5.981143355555556
            ],
            [
              -75.47997090000001,
              5.9805878
            ],
            [
              -75.47969312222223,
              5.9805878
            ],
            [
              -75.47969312222223,
              5.979198911111111
            ],
            [
              -75.47997090000001,
              5.979198911111111
            ],
            [
              -75.47997090000001,
              5.978365577777778
            ],
            [
              -75.47969312222223,
              5.978365577777778
            ],
            [
              -75.47969312222223,
              5.978087800000001
            ],
            [
              -75.47941534444445,
              5.978087800000001
            ],
            [
              -75.47941534444445,
              5.977810022222223
            ],
            [
              -75.47913756666668,
              5.977810022222223
            ],
            [
              -75.47913756666668,
              5.977254466666667
            ],
            [
              -75.47830423333333,
              5.977254466666667
            ],
            [
              -75.47830423333333,
              5.9769766888888896
            ],
            [
              -75.47802645555556,
              5.9769766888888896
            ],
            [
              -75.47802645555556,
              5.976698911111112
            ],
            [
              -75.47719312222223,
              5.976698911111112
            ],
            [
              -75.47719312222223,
              5.976421133333334
            ],
            [
              -75.47358201111112,
              5.976421133333334
            ],
            [
              -75.47358201111112,
              5.976698911111112
            ],
            [
              -75.47330423333334,
              5.976698911111112
            ],
            [
              -75.47330423333334,
              5.9769766888888896
            ],
            [
              -75.47191534444445,
              5.9769766888888896
            ],
            [
              -75.47191534444445,
              5.976698911111112
            ],
            [
              -75.47163756666667,
              5.976698911111112
            ],
            [
              -75.47163756666667,
              5.976421133333334
            ],
            [
              -75.47135978888889,
              5.976421133333334
            ],
            [
              -75.47135978888889,
              5.9755878000000004
            ],
            [
              -75.47108201111112,
              5.9755878000000004
            ],
            [
              -75.47108201111112,
              5.975310022222223
            ],
            [
              -75.47024867777779,
              5.975310022222223
            ],
            [
              -75.47024867777779,
              5.975032244444445
            ],
            [
              -75.46941534444446,
              5.975032244444445
            ],
            [
              -75.46941534444446,
              5.975310022222223
            ],
            [
              -75.46858201111112,
              5.975310022222223
            ],
            [
              -75.46858201111112,
              5.9755878000000004
            ],
            [
              -75.46830423333334,
              5.9755878000000004
            ],
            [
              -75.46830423333334,
              5.976421133333334
            ],
            [
              -75.46802645555556,
              5.976421133333334
            ],
            [
              -75.46802645555556,
              5.9769766888888896
            ],
            [
              -75.46774867777778,
              5.9769766888888896
            ],
            [
              -75.46774867777778,
              5.977254466666667
            ],
            [
              -75.46747090000001,
              5.977254466666667
            ],
            [
              -75.46747090000001,
              5.977532244444445
            ],
            [
              -75.46719312222223,
              5.977532244444445
            ],
            [
              -75.46719312222223,
              5.977810022222223
            ],
            [
              -75.46691534444444,
              5.977810022222223
            ],
            [
              -75.46691534444444,
              5.978087800000001
            ],
            [
              -75.46663756666668,
              5.978087800000001
            ],
            [
              -75.46663756666668,
              5.978365577777778
            ],
            [
              -75.46608201111111,
              5.978365577777778
            ],
            [
              -75.46608201111111,
              5.978643355555556
            ],
            [
              -75.46580423333334,
              5.978643355555556
            ],
            [
              -75.46580423333334,
              5.981143355555556
            ],
            [
              -75.46552645555556,
              5.981143355555556
            ],
            [
              -75.46552645555556,
              5.981421133333334
            ],
            [
              -75.46524867777778,
              5.981421133333334
            ],
            [
              -75.46524867777778,
              5.981698911111112
            ],
            [
              -75.46497090000001,
              5.981698911111112
            ],
            [
              -75.46497090000001,
              5.982254466666667
            ],
            [
              -75.46469312222223,
              5.982254466666667
            ],
            [
              -75.46469312222223,
              5.982532244444445
            ],
            [
              -75.46441534444445,
              5.982532244444445
            ],
            [
              -75.46441534444445,
              5.982810022222223
            ],
            [
              -75.46413756666668,
              5.982810022222223
            ],
            [
              -75.46413756666668,
              5.983087800000001
            ],
            [
              -75.4638597888889,
              5.983087800000001
            ],
            [
              -75.4638597888889,
              5.9833655777777786
            ],
            [
              -75.46358201111111,
              5.9833655777777786
            ],
            [
              -75.46358201111111,
              5.9836433555555555
            ],
            [
              -75.46330423333335,
              5.9836433555555555
            ],
            [
              -75.46330423333335,
              5.983921133333334
            ],
            [
              -75.46302645555556,
              5.983921133333334
            ],
            [
              -75.46302645555556,
              5.984198911111111
            ],
            [
              -75.46274867777778,
              5.984198911111111
            ],
            [
              -75.46274867777778,
              5.984476688888889
            ],
            [
              -75.4624709,
              5.984476688888889
            ],
            [
              -75.4624709,
              5.985032244444445
            ],
            [
              -75.46219312222223,
              5.985032244444445
            ],
            [
              -75.46219312222223,
              5.985310022222222
            ],
            [
              -75.4613597888889,
              5.985310022222222
            ],
            [
              -75.4613597888889,
              5.9855878
            ],
            [
              -75.46080423333333,
              5.9855878
            ],
            [
              -75.46080423333333,
              5.985865577777778
            ],
            [
              -75.46052645555557,
              5.985865577777778
            ],
            [
              -75.46052645555557,
              5.986143355555556
            ],
            [
              -75.46024867777778,
              5.986143355555556
            ],
            [
              -75.46024867777778,
              5.986421133333334
            ],
            [
              -75.4599709,
              5.986421133333334
            ],
            [
              -75.4599709,
              5.987810022222223
            ],
            [
              -75.45969312222223,
              5.987810022222223
            ],
            [
              -75.45969312222223,
              5.988087800000001
            ],
            [
              -75.45941534444445,
              5.988087800000001
            ],
            [
              -75.45941534444445,
              5.9883655777777784
            ],
            [
              -75.45913756666667,
              5.9883655777777784
            ],
            [
              -75.45913756666667,
              5.988643355555556
            ],
            [
              -75.4588597888889,
              5.988643355555556
            ],
            [
              -75.4588597888889,
              5.988921133333334
            ],
            [
              -75.45830423333334,
              5.988921133333334
            ],
            [
              -75.45830423333334,
              5.989198911111112
            ],
            [
              -75.45774867777779,
              5.989198911111112
            ],
            [
              -75.45774867777779,
              5.989476688888889
            ],
            [
              -75.45719312222222,
              5.989476688888889
            ],
            [
              -75.45719312222222,
              5.9897544666666676
            ],
            [
              -75.45691534444445,
              5.9897544666666676
            ],
            [
              -75.45691534444445,
              5.990310022222222
            ],
            [
              -75.45663756666667,
              5.990310022222222
            ],
            [
              -75.45663756666667,
              5.9905878
            ],
            [
              -75.45635978888889,
              5.9905878
            ],
            [
              -75.45635978888889,
              5.990865577777778
            ],
            [
              -75.45580423333334,
              5.990865577777778
            ],
            [
              -75.45580423333334,
              5.991143355555556
            ],
            [
              -75.45552645555556,
              5.991143355555556
            ],
            [
              -75.45552645555556,
              5.991421133333334
            ],
            [
              -75.4549709,
              5.991421133333334
            ],
            [
              -75.4549709,
              5.991698911111111
            ],
            [
              -75.45469312222222,
              5.991698911111111
            ],
            [
              -75.45469312222222,
              5.991976688888889
            ],
            [
              -75.45413756666667,
              5.991976688888889
            ],
            [
              -75.45413756666667,
              5.992532244444445
            ],
            [
              -75.45385978888889,
              5.992532244444445
            ],
            [
              -75.45385978888889,
              5.9930878000000005
            ],
            [
              -75.45358201111112,
              5.9930878000000005
            ],
            [
              -75.45358201111112,
              5.993365577777778
            ],
            [
              -75.45274867777779,
              5.993365577777778
            ],
            [
              -75.45274867777779,
              5.9930878000000005
            ],
            [
              -75.45163756666668,
              5.9930878000000005
            ],
            [
              -75.45163756666668,
              5.992532244444445
            ],
            [
              -75.4513597888889,
              5.992532244444445
            ],
            [
              -75.4513597888889,
              5.992254466666667
            ],
            [
              -75.45108201111111,
              5.992254466666667
            ],
            [
              -75.45108201111111,
              5.991976688888889
            ],
            [
              -75.45024867777778,
              5.991976688888889
            ],
            [
              -75.45024867777778,
              5.991698911111111
            ],
            [
              -75.44997090000001,
              5.991698911111111
            ],
            [
              -75.44997090000001,
              5.991421133333334
            ],
            [
              -75.44913756666668,
              5.991421133333334
            ],
            [
              -75.44913756666668,
              5.991143355555556
            ],
            [
              -75.4488597888889,
              5.991143355555556
            ],
            [
              -75.4488597888889,
              5.990865577777778
            ],
            [
              -75.44830423333335,
              5.990865577777778
            ],
            [
              -75.44830423333335,
              5.991143355555556
            ],
            [
              -75.44719312222223,
              5.991143355555556
            ],
            [
              -75.44719312222223,
              5.991421133333334
            ],
            [
              -75.44663756666667,
              5.991421133333334
            ],
            [
              -75.44663756666667,
              5.991698911111111
            ],
            [
              -75.44580423333333,
              5.991698911111111
            ],
            [
              -75.44580423333333,
              5.991976688888889
            ],
            [
              -75.44524867777778,
              5.991976688888889
            ],
            [
              -75.44524867777778,
              5.991698911111111
            ],
            [
              -75.44413756666667,
              5.991698911111111
            ],
            [
              -75.44413756666667,
              5.991421133333334
            ],
            [
              -75.44219312222224,
              5.991421133333334
            ],
            [
              -75.44219312222224,
              5.990865577777778
            ],
            [
              -75.44191534444445,
              5.990865577777778
            ],
            [
              -75.44191534444445,
              5.990310022222222
            ],
            [
              -75.44163756666667,
              5.990310022222222
            ],
            [
              -75.44163756666667,
              5.9900322444444445
            ],
            [
              -75.44191534444445,
              5.9900322444444445
            ],
            [
              -75.44191534444445,
              5.987810022222223
            ],
            [
              -75.44163756666667,
              5.987810022222223
            ],
            [
              -75.44163756666667,
              5.987532244444445
            ],
            [
              -75.44108201111112,
              5.987532244444445
            ],
            [
              -75.44108201111112,
              5.986976688888889
            ],
            [
              -75.44080423333334,
              5.986976688888889
            ],
            [
              -75.44080423333334,
              5.9855878
            ],
            [
              -75.44052645555556,
              5.9855878
            ],
            [
              -75.44052645555556,
              5.984754466666667
            ],
            [
              -75.44024867777779,
              5.984754466666667
            ],
            [
              -75.44024867777779,
              5.982810022222223
            ],
            [
              -75.4399709,
              5.982810022222223
            ],
            [
              -75.4399709,
              5.982532244444445
            ],
            [
              -75.43969312222222,
              5.982532244444445
            ],
            [
              -75.43969312222222,
              5.982254466666667
            ],
            [
              -75.43941534444446,
              5.982254466666667
            ],
            [
              -75.43941534444446,
              5.9819766888888894
            ],
            [
              -75.43913756666667,
              5.9819766888888894
            ],
            [
              -75.43913756666667,
              5.981698911111112
            ],
            [
              -75.43941534444446,
              5.981698911111112
            ],
            [
              -75.43941534444446,
              5.980865577777778
            ],
            [
              -75.43885978888889,
              5.980865577777778
            ],
            [
              -75.43885978888889,
              5.9803100222222225
            ],
            [
              -75.43858201111112,
              5.9803100222222225
            ],
            [
              -75.43858201111112,
              5.980032244444445
            ],
            [
              -75.43774867777779,
              5.980032244444445
            ],
            [
              -75.43774867777779,
              5.979754466666667
            ],
            [
              -75.43719312222223,
              5.979754466666667
            ],
            [
              -75.43719312222223,
              5.979476688888889
            ],
            [
              -75.43691534444446,
              5.979476688888889
            ],
            [
              -75.43691534444446,
              5.979198911111111
            ],
            [
              -75.43608201111111,
              5.979198911111111
            ],
            [
              -75.43608201111111,
              5.978921133333333
            ],
            [
              -75.43552645555556,
              5.978921133333333
            ],
            [
              -75.43552645555556,
              5.977532244444445
            ],
            [
              -75.43413756666668,
              5.977532244444445
            ],
            [
              -75.43413756666668,
              5.977810022222223
            ],
            [
              -75.4338597888889,
              5.977810022222223
            ],
            [
              -75.4338597888889,
              5.978087800000001
            ],
            [
              -75.43358201111111,
              5.978087800000001
            ],
            [
              -75.43358201111111,
              5.978365577777778
            ],
            [
              -75.43302645555556,
              5.978365577777778
            ],
            [
              -75.43302645555556,
              5.978643355555556
            ],
            [
              -75.43219312222223,
              5.978643355555556
            ],
            [
              -75.43219312222223,
              5.978921133333333
            ],
            [
              -75.43163756666668,
              5.978921133333333
            ],
            [
              -75.43163756666668,
              5.979198911111111
            ],
            [
              -75.4313597888889,
              5.979198911111111
            ],
            [
              -75.4313597888889,
              5.979754466666667
            ],
            [
              -75.43108201111112,
              5.979754466666667
            ],
            [
              -75.43108201111112,
              5.980032244444445
            ],
            [
              -75.43080423333333,
              5.980032244444445
            ],
            [
              -75.43080423333333,
              5.9803100222222225
            ],
            [
              -75.43052645555557,
              5.9803100222222225
            ],
            [
              -75.43052645555557,
              5.979754466666667
            ],
            [
              -75.43024867777778,
              5.979754466666667
            ],
            [
              -75.43024867777778,
              5.979476688888889
            ],
            [
              -75.4288597888889,
              5.979476688888889
            ],
            [
              -75.4288597888889,
              5.979198911111111
            ],
            [
              -75.42830423333334,
              5.979198911111111
            ],
            [
              -75.42830423333334,
              5.978643355555556
            ],
            [
              -75.42802645555557,
              5.978643355555556
            ],
            [
              -75.42802645555557,
              5.978365577777778
            ],
            [
              -75.42719312222223,
              5.978365577777778
            ],
            [
              -75.42719312222223,
              5.978087800000001
            ],
            [
              -75.42580423333334,
              5.978087800000001
            ],
            [
              -75.42580423333334,
              5.977810022222223
            ],
            [
              -75.42413756666667,
              5.977810022222223
            ],
            [
              -75.42413756666667,
              5.977532244444445
            ],
            [
              -75.42330423333334,
              5.977532244444445
            ],
            [
              -75.42330423333334,
              5.977254466666667
            ],
            [
              -75.42302645555556,
              5.977254466666667
            ],
            [
              -75.42302645555556,
              5.9769766888888896
            ],
            [
              -75.42274867777779,
              5.9769766888888896
            ],
            [
              -75.42274867777779,
              5.976698911111112
            ],
            [
              -75.42247090000001,
              5.976698911111112
            ],
            [
              -75.42247090000001,
              5.975865577777778
            ],
            [
              -75.42191534444446,
              5.975865577777778
            ],
            [
              -75.42191534444446,
              5.9755878000000004
            ],
            [
              -75.41913756666668,
              5.9755878000000004
            ],
            [
              -75.41913756666668,
              5.977254466666667
            ],
            [
              -75.4188597888889,
              5.977254466666667
            ],
            [
              -75.4188597888889,
              5.977532244444445
            ],
            [
              -75.41858201111111,
              5.977532244444445
            ],
            [
              -75.41858201111111,
              5.977810022222223
            ],
            [
              -75.41830423333334,
              5.977810022222223
            ],
            [
              -75.41830423333334,
              5.978087800000001
            ],
            [
              -75.41802645555556,
              5.978087800000001
            ],
            [
              -75.41802645555556,
              5.978365577777778
            ],
            [
              -75.41830423333334,
              5.978365577777778
            ],
            [
              -75.41830423333334,
              5.9805878
            ],
            [
              -75.4188597888889,
              5.9805878
            ],
            [
              -75.4188597888889,
              5.981143355555556
            ],
            [
              -75.41858201111111,
              5.981143355555556
            ],
            [
              -75.41858201111111,
              5.981421133333334
            ],
            [
              -75.41830423333334,
              5.981421133333334
            ],
            [
              -75.41830423333334,
              5.981698911111112
            ],
            [
              -75.41747090000001,
              5.981698911111112
            ],
            [
              -75.41747090000001,
              5.981421133333334
            ],
            [
              -75.41719312222223,
              5.981421133333334
            ],
            [
              -75.41719312222223,
              5.981698911111112
            ],
            [
              -75.41663756666668,
              5.981698911111112
            ],
            [
              -75.41663756666668,
              5.9819766888888894
            ],
            [
              -75.41608201111111,
              5.9819766888888894
            ],
            [
              -75.41608201111111,
              5.982532244444445
            ],
            [
              -75.41580423333333,
              5.982532244444445
            ],
            [
              -75.41580423333333,
              5.982810022222223
            ],
            [
              -75.41552645555556,
              5.982810022222223
            ],
            [
              -75.41552645555556,
              5.983087800000001
            ],
            [
              -75.41524867777778,
              5.983087800000001
            ],
            [
              -75.41524867777778,
              5.984198911111111
            ],
            [
              -75.4149709,
              5.984198911111111
            ],
            [
              -75.4149709,
              5.984476688888889
            ],
            [
              -75.41469312222223,
              5.984476688888889
            ],
            [
              -75.41469312222223,
              5.984754466666667
            ],
            [
              -75.41441534444445,
              5.984754466666667
            ],
            [
              -75.41441534444445,
              5.985032244444445
            ],
            [
              -75.41413756666667,
              5.985032244444445
            ],
            [
              -75.41413756666667,
              5.985310022222222
            ],
            [
              -75.4138597888889,
              5.985310022222222
            ],
            [
              -75.4138597888889,
              5.9855878
            ],
            [
              -75.41358201111112,
              5.9855878
            ],
            [
              -75.41358201111112,
              5.985865577777778
            ],
            [
              -75.41302645555557,
              5.985865577777778
            ],
            [
              -75.41302645555557,
              5.986143355555556
            ],
            [
              -75.41274867777778,
              5.986143355555556
            ],
            [
              -75.41274867777778,
              5.986421133333334
            ],
            [
              -75.4124709,
              5.986421133333334
            ],
            [
              -75.4124709,
              5.9866989111111115
            ],
            [
              -75.41219312222223,
              5.9866989111111115
            ],
            [
              -75.41219312222223,
              5.986976688888889
            ],
            [
              -75.41191534444445,
              5.986976688888889
            ],
            [
              -75.41191534444445,
              5.987254466666667
            ],
            [
              -75.4124709,
              5.987254466666667
            ],
            [
              -75.4124709,
              5.987532244444445
            ],
            [
              -75.41274867777778,
              5.987532244444445
            ],
            [
              -75.41274867777778,
              5.988087800000001
            ],
            [
              -75.4124709,
              5.988087800000001
            ],
            [
              -75.4124709,
              5.9883655777777784
            ],
            [
              -75.41219312222223,
              5.9883655777777784
            ],
            [
              -75.41219312222223,
              5.988643355555556
            ],
            [
              -75.41191534444445,
              5.988643355555556
            ],
            [
              -75.41191534444445,
              5.988921133333334
            ],
            [
              -75.41052645555556,
              5.988921133333334
            ],
            [
              -75.41052645555556,
              5.989198911111112
            ],
            [
              -75.41024867777779,
              5.989198911111112
            ],
            [
              -75.41024867777779,
              5.9897544666666676
            ],
            [
              -75.4099709,
              5.9897544666666676
            ],
            [
              -75.4099709,
              5.990865577777778
            ],
            [
              -75.40969312222222,
              5.990865577777778
            ],
            [
              -75.40969312222222,
              5.9905878
            ],
            [
              -75.40913756666667,
              5.9905878
            ],
            [
              -75.40913756666667,
              5.990865577777778
            ],
            [
              -75.40885978888889,
              5.990865577777778
            ],
            [
              -75.40885978888889,
              5.991143355555556
            ],
            [
              -75.40858201111112,
              5.991143355555556
            ],
            [
              -75.40858201111112,
              5.991698911111111
            ],
            [
              -75.40830423333334,
              5.991698911111111
            ],
            [
              -75.40830423333334,
              5.991976688888889
            ],
            [
              -75.40802645555556,
              5.991976688888889
            ],
            [
              -75.40802645555556,
              5.992254466666667
            ],
            [
              -75.40719312222222,
              5.992254466666667
            ],
            [
              -75.40719312222222,
              5.992532244444445
            ],
            [
              -75.40691534444446,
              5.992532244444445
            ],
            [
              -75.40691534444446,
              5.992810022222223
            ],
            [
              -75.40663756666667,
              5.992810022222223
            ],
            [
              -75.40663756666667,
              5.9930878000000005
            ],
            [
              -75.40608201111112,
              5.9930878000000005
            ],
            [
              -75.40608201111112,
              5.99447668888889
            ],
            [
              -75.40635978888889,
              5.99447668888889
            ],
            [
              -75.40635978888889,
              5.995032244444445
            ],
            [
              -75.40580423333334,
              5.995032244444445
            ],
            [
              -75.40580423333334,
              5.995310022222222
            ],
            [
              -75.40552645555556,
              5.995310022222222
            ],
            [
              -75.40552645555556,
              5.995587800000001
            ],
            [
              -75.40524867777778,
              5.995587800000001
            ],
            [
              -75.40524867777778,
              5.995865577777778
            ],
            [
              -75.40413756666668,
              5.995865577777778
            ],
            [
              -75.40413756666668,
              5.996143355555556
            ],
            [
              -75.4038597888889,
              5.996143355555556
            ],
            [
              -75.4038597888889,
              5.9964211333333335
            ],
            [
              -75.40247090000001,
              5.9964211333333335
            ],
            [
              -75.40247090000001,
              5.997254466666667
            ],
            [
              -75.40219312222223,
              5.997254466666667
            ],
            [
              -75.40219312222223,
              5.999198911111112
            ],
            [
              -75.40191534444445,
              5.999198911111112
            ],
            [
              -75.40191534444445,
              6.000310022222223
            ],
            [
              -75.40163756666668,
              6.000310022222223
            ],
            [
              -75.40163756666668,
              6.0005878
            ],
            [
              -75.4013597888889,
              6.0005878
            ],
            [
              -75.4013597888889,
              6.001698911111111
            ],
            [
              -75.40108201111111,
              6.001698911111111
            ],
            [
              -75.40108201111111,
              6.001976688888889
            ],
            [
              -75.40080423333335,
              6.001976688888889
            ],
            [
              -75.40080423333335,
              6.002254466666667
            ],
            [
              -75.40024867777778,
              6.002254466666667
            ],
            [
              -75.40024867777778,
              6.002532244444445
            ],
            [
              -75.3999709,
              6.002532244444445
            ],
            [
              -75.3999709,
              6.0028100222222225
            ],
            [
              -75.39913756666667,
              6.0028100222222225
            ],
            [
              -75.39913756666667,
              6.002532244444445
            ],
            [
              -75.3988597888889,
              6.002532244444445
            ],
            [
              -75.3988597888889,
              6.002254466666667
            ],
            [
              -75.39858201111112,
              6.002254466666667
            ],
            [
              -75.39858201111112,
              6.001976688888889
            ],
            [
              -75.39830423333333,
              6.001976688888889
            ],
            [
              -75.39830423333333,
              6.001698911111111
            ],
            [
              -75.39774867777778,
              6.001698911111111
            ],
            [
              -75.39774867777778,
              6.001421133333333
            ],
            [
              -75.3974709,
              6.001421133333333
            ],
            [
              -75.3974709,
              6.001143355555556
            ],
            [
              -75.39719312222223,
              6.001143355555556
            ],
            [
              -75.39719312222223,
              6.0005878
            ],
            [
              -75.39691534444445,
              6.0005878
            ],
            [
              -75.39691534444445,
              5.999198911111112
            ],
            [
              -75.39719312222223,
              5.999198911111112
            ],
            [
              -75.39719312222223,
              5.998921133333334
            ],
            [
              -75.39691534444445,
              5.998921133333334
            ],
            [
              -75.39691534444445,
              5.998643355555556
            ],
            [
              -75.39663756666667,
              5.998643355555556
            ],
            [
              -75.39663756666667,
              5.998365577777778
            ],
            [
              -75.3963597888889,
              5.998365577777778
            ],
            [
              -75.3963597888889,
              5.9980878
            ],
            [
              -75.39552645555557,
              5.9980878
            ],
            [
              -75.39552645555557,
              5.997810022222223
            ],
            [
              -75.39524867777779,
              5.997810022222223
            ],
            [
              -75.39524867777779,
              5.997254466666667
            ],
            [
              -75.39274867777779,
              5.997254466666667
            ],
            [
              -75.39274867777779,
              5.996698911111111
            ],
            [
              -75.39219312222222,
              5.996698911111111
            ],
            [
              -75.39219312222222,
              5.9964211333333335
            ],
            [
              -75.39191534444446,
              5.9964211333333335
            ],
            [
              -75.39191534444446,
              5.996143355555556
            ],
            [
              -75.39135978888889,
              5.996143355555556
            ],
            [
              -75.39135978888889,
              5.995865577777778
            ],
            [
              -75.39080423333334,
              5.995865577777778
            ],
            [
              -75.39080423333334,
              5.995587800000001
            ],
            [
              -75.39052645555556,
              5.995587800000001
            ],
            [
              -75.39052645555556,
              5.995310022222222
            ],
            [
              -75.38913756666668,
              5.995310022222222
            ],
            [
              -75.38913756666668,
              5.995032244444445
            ],
            [
              -75.38774867777778,
              5.995032244444445
            ],
            [
              -75.38774867777778,
              5.996976688888889
            ],
            [
              -75.38719312222223,
              5.996976688888889
            ],
            [
              -75.38719312222223,
              5.997254466666667
            ],
            [
              -75.38580423333335,
              5.997254466666667
            ],
            [
              -75.38580423333335,
              5.997532244444445
            ],
            [
              -75.38552645555556,
              5.997532244444445
            ],
            [
              -75.38552645555556,
              5.9980878
            ],
            [
              -75.38524867777778,
              5.9980878
            ],
            [
              -75.38524867777778,
              5.998921133333334
            ],
            [
              -75.38497090000001,
              5.998921133333334
            ],
            [
              -75.38497090000001,
              5.999198911111112
            ],
            [
              -75.3838597888889,
              5.999198911111112
            ],
            [
              -75.3838597888889,
              5.9994766888888895
            ],
            [
              -75.38302645555557,
              5.9994766888888895
            ],
            [
              -75.38302645555557,
              5.999754466666667
            ],
            [
              -75.3824709,
              5.999754466666667
            ],
            [
              -75.3824709,
              6.000032244444445
            ],
            [
              -75.38219312222223,
              6.000032244444445
            ],
            [
              -75.38219312222223,
              6.000310022222223
            ],
            [
              -75.38191534444445,
              6.000310022222223
            ],
            [
              -75.38191534444445,
              6.0005878
            ],
            [
              -75.38080423333334,
              6.0005878
            ],
            [
              -75.38080423333334,
              6.000310022222223
            ],
            [
              -75.38024867777779,
              6.000310022222223
            ],
            [
              -75.38024867777779,
              6.0005878
            ],
            [
              -75.3799709,
              6.0005878
            ],
            [
              -75.3799709,
              6.001421133333333
            ],
            [
              -75.37969312222224,
              6.001421133333333
            ],
            [
              -75.37969312222224,
              6.001698911111111
            ],
            [
              -75.37913756666667,
              6.001698911111111
            ],
            [
              -75.37913756666667,
              6.001976688888889
            ],
            [
              -75.37885978888889,
              6.001976688888889
            ],
            [
              -75.37885978888889,
              6.002254466666667
            ],
            [
              -75.37858201111112,
              6.002254466666667
            ],
            [
              -75.37858201111112,
              6.004198911111112
            ],
            [
              -75.37802645555556,
              6.004198911111112
            ],
            [
              -75.37802645555556,
              6.004476688888889
            ],
            [
              -75.3774709,
              6.004476688888889
            ],
            [
              -75.3774709,
              6.005032244444445
            ],
            [
              -75.37719312222222,
              6.005032244444445
            ],
            [
              -75.37719312222222,
              6.005310022222223
            ],
            [
              -75.37691534444446,
              6.005310022222223
            ],
            [
              -75.37691534444446,
              6.006421133333333
            ],
            [
              -75.37719312222222,
              6.006421133333333
            ],
            [
              -75.37719312222222,
              6.008921133333334
            ],
            [
              -75.37691534444446,
              6.008921133333334
            ],
            [
              -75.37691534444446,
              6.0091989111111115
            ],
            [
              -75.37663756666667,
              6.0091989111111115
            ],
            [
              -75.37663756666667,
              6.009476688888889
            ],
            [
              -75.37635978888889,
              6.009476688888889
            ],
            [
              -75.37635978888889,
              6.009754466666667
            ],
            [
              -75.37608201111112,
              6.009754466666667
            ],
            [
              -75.37608201111112,
              6.010310022222223
            ],
            [
              -75.37552645555556,
              6.010310022222223
            ],
            [
              -75.37552645555556,
              6.010865577777778
            ],
            [
              -75.37524867777779,
              6.010865577777778
            ],
            [
              -75.37524867777779,
              6.011698911111112
            ],
            [
              -75.37497090000001,
              6.011698911111112
            ],
            [
              -75.37497090000001,
              6.012254466666667
            ],
            [
              -75.37469312222223,
              6.012254466666667
            ],
            [
              -75.37469312222223,
              6.012532244444445
            ],
            [
              -75.37441534444446,
              6.012532244444445
            ],
            [
              -75.37441534444446,
              6.012810022222222
            ],
            [
              -75.37413756666668,
              6.012810022222222
            ],
            [
              -75.37413756666668,
              6.013365577777778
            ],
            [
              -75.3738597888889,
              6.013365577777778
            ],
            [
              -75.3738597888889,
              6.013921133333334
            ],
            [
              -75.37358201111111,
              6.013921133333334
            ],
            [
              -75.37358201111111,
              6.014198911111111
            ],
            [
              -75.37330423333334,
              6.014198911111111
            ],
            [
              -75.37330423333334,
              6.014476688888889
            ],
            [
              -75.37274867777778,
              6.014476688888889
            ],
            [
              -75.37274867777778,
              6.014754466666667
            ],
            [
              -75.37247090000001,
              6.014754466666667
            ],
            [
              -75.37247090000001,
              6.015032244444445
            ],
            [
              -75.37191534444445,
              6.015032244444445
            ],
            [
              -75.37191534444445,
              6.015310022222223
            ],
            [
              -75.37163756666668,
              6.015310022222223
            ],
            [
              -75.37163756666668,
              6.0155878000000005
            ],
            [
              -75.3713597888889,
              6.0155878000000005
            ],
            [
              -75.3713597888889,
              6.015865577777778
            ],
            [
              -75.37052645555556,
              6.015865577777778
            ],
            [
              -75.37052645555556,
              6.016143355555556
            ],
            [
              -75.37024867777778,
              6.016143355555556
            ],
            [
              -75.37024867777778,
              6.016421133333334
            ],
            [
              -75.36997090000001,
              6.016421133333334
            ],
            [
              -75.36997090000001,
              6.016143355555556
            ],
            [
              -75.36969312222223,
              6.016143355555556
            ],
            [
              -75.36969312222223,
              6.0155878000000005
            ],
            [
              -75.36941534444445,
              6.0155878000000005
            ],
            [
              -75.36941534444445,
              6.015310022222223
            ],
            [
              -75.3688597888889,
              6.015310022222223
            ],
            [
              -75.3688597888889,
              6.015032244444445
            ],
            [
              -75.3663597888889,
              6.015032244444445
            ],
            [
              -75.3663597888889,
              6.015310022222223
            ],
            [
              -75.36608201111112,
              6.015310022222223
            ],
            [
              -75.36608201111112,
              6.0155878000000005
            ],
            [
              -75.3663597888889,
              6.0155878000000005
            ],
            [
              -75.3663597888889,
              6.016698911111112
            ],
            [
              -75.36663756666667,
              6.016698911111112
            ],
            [
              -75.36663756666667,
              6.017532244444445
            ],
            [
              -75.3663597888889,
              6.017532244444445
            ],
            [
              -75.3663597888889,
              6.017810022222223
            ],
            [
              -75.36608201111112,
              6.017810022222223
            ],
            [
              -75.36608201111112,
              6.0180878
            ],
            [
              -75.36580423333334,
              6.0180878
            ],
            [
              -75.36580423333334,
              6.018643355555556
            ],
            [
              -75.36608201111112,
              6.018643355555556
            ],
            [
              -75.36608201111112,
              6.019754466666667
            ],
            [
              -75.3663597888889,
              6.019754466666667
            ],
            [
              -75.3663597888889,
              6.020032244444445
            ],
            [
              -75.36608201111112,
              6.020032244444445
            ],
            [
              -75.36608201111112,
              6.0205878
            ],
            [
              -75.3663597888889,
              6.0205878
            ],
            [
              -75.3663597888889,
              6.021421133333334
            ],
            [
              -75.36608201111112,
              6.021421133333334
            ],
            [
              -75.36608201111112,
              6.0219766888888895
            ],
            [
              -75.36580423333334,
              6.0219766888888895
            ],
            [
              -75.36580423333334,
              6.023365577777778
            ],
            [
              -75.36552645555557,
              6.023365577777778
            ],
            [
              -75.36552645555557,
              6.023921133333333
            ],
            [
              -75.3649709,
              6.023921133333333
            ],
            [
              -75.3649709,
              6.024476688888889
            ],
            [
              -75.36469312222223,
              6.024476688888889
            ],
            [
              -75.36469312222223,
              6.024754466666667
            ],
            [
              -75.36413756666667,
              6.024754466666667
            ],
            [
              -75.36413756666667,
              6.025032244444445
            ],
            [
              -75.36330423333334,
              6.025032244444445
            ],
            [
              -75.36330423333334,
              6.0255878
            ],
            [
              -75.36302645555556,
              6.0255878
            ],
            [
              -75.36302645555556,
              6.025865577777778
            ],
            [
              -75.36274867777779,
              6.025865577777778
            ],
            [
              -75.36274867777779,
              6.026698911111112
            ],
            [
              -75.36302645555556,
              6.026698911111112
            ],
            [
              -75.36302645555556,
              6.027532244444445
            ],
            [
              -75.36274867777779,
              6.027532244444445
            ],
            [
              -75.36274867777779,
              6.028921133333334
            ],
            [
              -75.3624709,
              6.028921133333334
            ],
            [
              -75.3624709,
              6.02947668888889
            ],
            [
              -75.36219312222222,
              6.02947668888889
            ],
            [
              -75.36219312222222,
              6.029754466666667
            ],
            [
              -75.36135978888889,
              6.029754466666667
            ],
            [
              -75.36135978888889,
              6.0300322444444445
            ],
            [
              -75.36108201111112,
              6.0300322444444445
            ],
            [
              -75.36108201111112,
              6.0305878
            ],
            [
              -75.36080423333334,
              6.0305878
            ],
            [
              -75.36080423333334,
              6.030865577777778
            ],
            [
              -75.35774867777778,
              6.030865577777778
            ],
            [
              -75.35774867777778,
              6.031143355555556
            ],
            [
              -75.35719312222223,
              6.031143355555556
            ],
            [
              -75.35719312222223,
              6.031421133333334
            ],
            [
              -75.3563597888889,
              6.031421133333334
            ],
            [
              -75.3563597888889,
              6.0316989111111114
            ],
            [
              -75.35580423333334,
              6.0316989111111114
            ],
            [
              -75.35580423333334,
              6.031976688888889
            ],
            [
              -75.35524867777778,
              6.031976688888889
            ],
            [
              -75.35524867777778,
              6.032254466666667
            ],
            [
              -75.35358201111111,
              6.032254466666667
            ],
            [
              -75.35358201111111,
              6.032532244444445
            ],
            [
              -75.35330423333333,
              6.032532244444445
            ],
            [
              -75.35330423333333,
              6.032810022222223
            ],
            [
              -75.35274867777778,
              6.032810022222223
            ],
            [
              -75.35274867777778,
              6.0330878000000006
            ],
            [
              -75.3524709,
              6.0330878000000006
            ],
            [
              -75.3524709,
              6.033643355555556
            ],
            [
              -75.35219312222223,
              6.033643355555556
            ],
            [
              -75.35219312222223,
              6.03447668888889
            ],
            [
              -75.35191534444445,
              6.03447668888889
            ],
            [
              -75.35191534444445,
              6.0347544666666675
            ],
            [
              -75.35219312222223,
              6.0347544666666675
            ],
            [
              -75.35219312222223,
              6.0355878
            ],
            [
              -75.35191534444445,
              6.0355878
            ],
            [
              -75.35191534444445,
              6.035865577777778
            ],
            [
              -75.35163756666667,
              6.035865577777778
            ],
            [
              -75.35163756666667,
              6.037254466666667
            ],
            [
              -75.3513597888889,
              6.037254466666667
            ],
            [
              -75.3513597888889,
              6.037810022222223
            ],
            [
              -75.35108201111112,
              6.037810022222223
            ],
            [
              -75.35108201111112,
              6.038365577777778
            ],
            [
              -75.35052645555557,
              6.038365577777778
            ],
            [
              -75.35052645555557,
              6.038643355555556
            ],
            [
              -75.35024867777778,
              6.038643355555556
            ],
            [
              -75.35024867777778,
              6.039198911111112
            ],
            [
              -75.34969312222223,
              6.039198911111112
            ],
            [
              -75.34969312222223,
              6.039754466666667
            ],
            [
              -75.34941534444445,
              6.039754466666667
            ],
            [
              -75.34941534444445,
              6.040310022222223
            ],
            [
              -75.34858201111112,
              6.040310022222223
            ],
            [
              -75.34858201111112,
              6.040587800000001
            ],
            [
              -75.34830423333334,
              6.040587800000001
            ],
            [
              -75.34830423333334,
              6.040865577777778
            ],
            [
              -75.34802645555556,
              6.040865577777778
            ],
            [
              -75.34802645555556,
              6.041421133333333
            ],
            [
              -75.34774867777779,
              6.041421133333333
            ],
            [
              -75.34774867777779,
              6.042254466666667
            ],
            [
              -75.3474709,
              6.042254466666667
            ],
            [
              -75.3474709,
              6.044198911111112
            ],
            [
              -75.34774867777779,
              6.044198911111112
            ],
            [
              -75.34774867777779,
              6.045310022222223
            ],
            [
              -75.3474709,
              6.045310022222223
            ],
            [
              -75.3474709,
              6.045587800000001
            ],
            [
              -75.34719312222222,
              6.045587800000001
            ],
            [
              -75.34719312222222,
              6.0458655777777786
            ],
            [
              -75.34635978888889,
              6.0458655777777786
            ],
            [
              -75.34635978888889,
              6.045587800000001
            ],
            [
              -75.34608201111112,
              6.045587800000001
            ],
            [
              -75.34608201111112,
              6.045310022222223
            ],
            [
              -75.3449709,
              6.045310022222223
            ],
            [
              -75.3449709,
              6.045587800000001
            ],
            [
              -75.34441534444446,
              6.045587800000001
            ],
            [
              -75.34441534444446,
              6.045310022222223
            ],
            [
              -75.34358201111112,
              6.045310022222223
            ],
            [
              -75.34358201111112,
              6.045032244444445
            ],
            [
              -75.34330423333334,
              6.045032244444445
            ],
            [
              -75.34330423333334,
              6.0444766888888894
            ],
            [
              -75.34274867777778,
              6.0444766888888894
            ],
            [
              -75.34274867777778,
              6.044198911111112
            ],
            [
              -75.34191534444444,
              6.044198911111112
            ],
            [
              -75.34191534444444,
              6.043921133333334
            ],
            [
              -75.3413597888889,
              6.043921133333334
            ],
            [
              -75.3413597888889,
              6.043643355555556
            ],
            [
              -75.34108201111111,
              6.043643355555556
            ],
            [
              -75.34108201111111,
              6.043365577777778
            ],
            [
              -75.34080423333334,
              6.043365577777778
            ],
            [
              -75.34080423333334,
              6.043643355555556
            ],
            [
              -75.33941534444445,
              6.043643355555556
            ],
            [
              -75.33941534444445,
              6.043921133333334
            ],
            [
              -75.33913756666668,
              6.043921133333334
            ],
            [
              -75.33913756666668,
              6.043643355555556
            ],
            [
              -75.3388597888889,
              6.043643355555556
            ],
            [
              -75.3388597888889,
              6.043365577777778
            ],
            [
              -75.33858201111111,
              6.043365577777778
            ],
            [
              -75.33858201111111,
              6.0428100222222225
            ],
            [
              -75.33830423333335,
              6.0428100222222225
            ],
            [
              -75.33830423333335,
              6.042532244444445
            ],
            [
              -75.33802645555556,
              6.042532244444445
            ],
            [
              -75.33802645555556,
              6.042254466666667
            ],
            [
              -75.33774867777778,
              6.042254466666667
            ],
            [
              -75.33774867777778,
              6.041698911111111
            ],
            [
              -75.33802645555556,
              6.041698911111111
            ],
            [
              -75.33802645555556,
              6.041421133333333
            ],
            [
              -75.33830423333335,
              6.041421133333333
            ],
            [
              -75.33830423333335,
              6.040865577777778
            ],
            [
              -75.3388597888889,
              6.040865577777778
            ],
            [
              -75.3388597888889,
              6.040587800000001
            ],
            [
              -75.33830423333335,
              6.040587800000001
            ],
            [
              -75.33830423333335,
              6.040032244444445
            ],
            [
              -75.33802645555556,
              6.040032244444445
            ],
            [
              -75.33802645555556,
              6.039754466666667
            ],
            [
              -75.33691534444445,
              6.039754466666667
            ],
            [
              -75.33691534444445,
              6.0394766888888896
            ],
            [
              -75.33663756666667,
              6.0394766888888896
            ],
            [
              -75.33663756666667,
              6.039198911111112
            ],
            [
              -75.3363597888889,
              6.039198911111112
            ],
            [
              -75.3363597888889,
              6.038921133333334
            ],
            [
              -75.33580423333333,
              6.038921133333334
            ],
            [
              -75.33580423333333,
              6.0380878000000004
            ],
            [
              -75.33524867777778,
              6.0380878000000004
            ],
            [
              -75.33524867777778,
              6.037810022222223
            ],
            [
              -75.33441534444445,
              6.037810022222223
            ],
            [
              -75.33441534444445,
              6.0380878000000004
            ],
            [
              -75.33413756666667,
              6.0380878000000004
            ],
            [
              -75.33413756666667,
              6.037810022222223
            ],
            [
              -75.3338597888889,
              6.037810022222223
            ],
            [
              -75.3338597888889,
              6.0380878000000004
            ],
            [
              -75.33330423333334,
              6.0380878000000004
            ],
            [
              -75.33330423333334,
              6.037532244444445
            ],
            [
              -75.33302645555557,
              6.037532244444445
            ],
            [
              -75.33302645555557,
              6.036976688888889
            ],
            [
              -75.33219312222222,
              6.036976688888889
            ],
            [
              -75.33219312222222,
              6.036698911111111
            ],
            [
              -75.33108201111112,
              6.036698911111111
            ],
            [
              -75.33108201111112,
              6.0364211333333335
            ],
            [
              -75.33052645555556,
              6.0364211333333335
            ],
            [
              -75.33052645555556,
              6.036143355555556
            ],
            [
              -75.33024867777779,
              6.036143355555556
            ],
            [
              -75.33024867777779,
              6.035865577777778
            ],
            [
              -75.3299709,
              6.035865577777778
            ],
            [
              -75.3299709,
              6.0355878
            ],
            [
              -75.32941534444446,
              6.0355878
            ],
            [
              -75.32941534444446,
              6.035310022222223
            ],
            [
              -75.32858201111112,
              6.035310022222223
            ],
            [
              -75.32858201111112,
              6.035032244444444
            ],
            [
              -75.32802645555556,
              6.035032244444444
            ],
            [
              -75.32802645555556,
              6.0347544666666675
            ],
            [
              -75.32774867777779,
              6.0347544666666675
            ],
            [
              -75.32774867777779,
              6.03447668888889
            ],
            [
              -75.32691534444444,
              6.03447668888889
            ],
            [
              -75.32691534444444,
              6.034198911111112
            ],
            [
              -75.32663756666668,
              6.034198911111112
            ],
            [
              -75.32663756666668,
              6.033921133333334
            ],
            [
              -75.32469312222223,
              6.033921133333334
            ],
            [
              -75.32469312222223,
              6.034198911111112
            ],
            [
              -75.32413756666668,
              6.034198911111112
            ],
            [
              -75.32413756666668,
              6.0347544666666675
            ],
            [
              -75.32247090000001,
              6.0347544666666675
            ],
            [
              -75.32247090000001,
              6.035032244444444
            ],
            [
              -75.32191534444445,
              6.035032244444444
            ],
            [
              -75.32191534444445,
              6.035310022222223
            ],
            [
              -75.3213597888889,
              6.035310022222223
            ],
            [
              -75.3213597888889,
              6.0355878
            ],
            [
              -75.32080423333333,
              6.0355878
            ],
            [
              -75.32080423333333,
              6.035032244444444
            ],
            [
              -75.31913756666667,
              6.035032244444444
            ],
            [
              -75.31913756666667,
              6.0347544666666675
            ],
            [
              -75.3188597888889,
              6.0347544666666675
            ],
            [
              -75.3188597888889,
              6.035032244444444
            ],
            [
              -75.31830423333334,
              6.035032244444444
            ],
            [
              -75.31830423333334,
              6.035310022222223
            ],
            [
              -75.31635978888889,
              6.035310022222223
            ],
            [
              -75.31635978888889,
              6.0355878
            ],
            [
              -75.3149709,
              6.0355878
            ],
            [
              -75.3149709,
              6.035865577777778
            ],
            [
              -75.31469312222222,
              6.035865577777778
            ],
            [
              -75.31469312222222,
              6.036143355555556
            ],
            [
              -75.31191534444446,
              6.036143355555556
            ],
            [
              -75.31191534444446,
              6.035865577777778
            ],
            [
              -75.31163756666668,
              6.035865577777778
            ],
            [
              -75.31163756666668,
              6.0355878
            ],
            [
              -75.31108201111111,
              6.0355878
            ],
            [
              -75.31108201111111,
              6.035865577777778
            ],
            [
              -75.31052645555556,
              6.035865577777778
            ],
            [
              -75.31052645555556,
              6.0355878
            ],
            [
              -75.31024867777778,
              6.0355878
            ],
            [
              -75.31024867777778,
              6.035310022222223
            ],
            [
              -75.3088597888889,
              6.035310022222223
            ],
            [
              -75.3088597888889,
              6.035032244444444
            ],
            [
              -75.30858201111111,
              6.035032244444444
            ],
            [
              -75.30858201111111,
              6.035310022222223
            ],
            [
              -75.30830423333335,
              6.035310022222223
            ],
            [
              -75.30830423333335,
              6.036976688888889
            ],
            [
              -75.30691534444445,
              6.036976688888889
            ],
            [
              -75.30691534444445,
              6.037254466666667
            ],
            [
              -75.30663756666668,
              6.037254466666667
            ],
            [
              -75.30663756666668,
              6.037810022222223
            ],
            [
              -75.30608201111112,
              6.037810022222223
            ],
            [
              -75.30608201111112,
              6.0380878000000004
            ],
            [
              -75.30552645555557,
              6.0380878000000004
            ],
            [
              -75.30552645555557,
              6.038365577777778
            ],
            [
              -75.30524867777778,
              6.038365577777778
            ],
            [
              -75.30524867777778,
              6.038643355555556
            ],
            [
              -75.3049709,
              6.038643355555556
            ],
            [
              -75.3049709,
              6.038921133333334
            ],
            [
              -75.30469312222223,
              6.038921133333334
            ],
            [
              -75.30469312222223,
              6.039198911111112
            ],
            [
              -75.30441534444445,
              6.039198911111112
            ],
            [
              -75.30441534444445,
              6.039754466666667
            ],
            [
              -75.30413756666667,
              6.039754466666667
            ],
            [
              -75.30413756666667,
              6.040032244444445
            ],
            [
              -75.3038597888889,
              6.040032244444445
            ],
            [
              -75.3038597888889,
              6.040310022222223
            ],
            [
              -75.30330423333334,
              6.040310022222223
            ],
            [
              -75.30330423333334,
              6.040587800000001
            ],
            [
              -75.30302645555557,
              6.040587800000001
            ],
            [
              -75.30302645555557,
              6.040310022222223
            ],
            [
              -75.30274867777779,
              6.040310022222223
            ],
            [
              -75.30274867777779,
              6.040587800000001
            ],
            [
              -75.30191534444445,
              6.040587800000001
            ],
            [
              -75.30191534444445,
              6.041143355555556
            ],
            [
              -75.3013597888889,
              6.041143355555556
            ],
            [
              -75.3013597888889,
              6.041421133333333
            ],
            [
              -75.30108201111112,
              6.041421133333333
            ],
            [
              -75.30108201111112,
              6.041698911111111
            ],
            [
              -75.30080423333334,
              6.041698911111111
            ],
            [
              -75.30080423333334,
              6.041976688888889
            ],
            [
              -75.30052645555556,
              6.041976688888889
            ],
            [
              -75.30052645555556,
              6.042254466666667
            ],
            [
              -75.30024867777779,
              6.042254466666667
            ],
            [
              -75.30024867777779,
              6.042532244444445
            ],
            [
              -75.29969312222222,
              6.042532244444445
            ],
            [
              -75.29969312222222,
              6.0428100222222225
            ],
            [
              -75.29830423333334,
              6.0428100222222225
            ],
            [
              -75.29830423333334,
              6.042532244444445
            ],
            [
              -75.29747090000001,
              6.042532244444445
            ],
            [
              -75.29747090000001,
              6.0428100222222225
            ],
            [
              -75.29663756666667,
              6.0428100222222225
            ],
            [
              -75.29663756666667,
              6.042532244444445
            ],
            [
              -75.29608201111111,
              6.042532244444445
            ],
            [
              -75.29608201111111,
              6.042254466666667
            ],
            [
              -75.29580423333334,
              6.042254466666667
            ],
            [
              -75.29580423333334,
              6.041976688888889
            ],
            [
              -75.29608201111111,
              6.041976688888889
            ],
            [
              -75.29608201111111,
              6.041698911111111
            ],
            [
              -75.29580423333334,
              6.041698911111111
            ],
            [
              -75.29580423333334,
              6.040865577777778
            ],
            [
              -75.29552645555556,
              6.040865577777778
            ],
            [
              -75.29552645555556,
              6.040587800000001
            ],
            [
              -75.29413756666668,
              6.040587800000001
            ],
            [
              -75.29413756666668,
              6.041143355555556
            ],
            [
              -75.2938597888889,
              6.041143355555556
            ],
            [
              -75.2938597888889,
              6.041421133333333
            ],
            [
              -75.29274867777778,
              6.041421133333333
            ],
            [
              -75.29274867777778,
              6.041698911111111
            ],
            [
              -75.29247090000001,
              6.041698911111111
            ],
            [
              -75.29247090000001,
              6.041976688888889
            ],
            [
              -75.29219312222223,
              6.041976688888889
            ],
            [
              -75.29219312222223,
              6.042254466666667
            ],
            [
              -75.29163756666668,
              6.042254466666667
            ],
            [
              -75.29163756666668,
              6.0430878
            ],
            [
              -75.2913597888889,
              6.0430878
            ],
            [
              -75.2913597888889,
              6.045032244444445
            ],
            [
              -75.29163756666668,
              6.045032244444445
            ],
            [
              -75.29163756666668,
              6.045587800000001
            ],
            [
              -75.29191534444445,
              6.045587800000001
            ],
            [
              -75.29191534444445,
              6.0458655777777786
            ],
            [
              -75.29219312222223,
              6.0458655777777786
            ],
            [
              -75.29219312222223,
              6.046698911111111
            ],
            [
              -75.29247090000001,
              6.046698911111111
            ],
            [
              -75.29247090000001,
              6.047254466666667
            ],
            [
              -75.29274867777778,
              6.047254466666667
            ],
            [
              -75.29274867777778,
              6.047810022222222
            ],
            [
              -75.29247090000001,
              6.047810022222222
            ],
            [
              -75.29247090000001,
              6.048365577777778
            ],
            [
              -75.29219312222223,
              6.048365577777778
            ],
            [
              -75.29219312222223,
              6.0491989111111115
            ],
            [
              -75.29191534444445,
              6.0491989111111115
            ],
            [
              -75.29191534444445,
              6.050587800000001
            ],
            [
              -75.29219312222223,
              6.050587800000001
            ],
            [
              -75.29219312222223,
              6.051143355555556
            ],
            [
              -75.29191534444445,
              6.051143355555556
            ],
            [
              -75.29191534444445,
              6.051698911111112
            ],
            [
              -75.29163756666668,
              6.051698911111112
            ],
            [
              -75.29163756666668,
              6.0522544666666676
            ],
            [
              -75.2913597888889,
              6.0522544666666676
            ],
            [
              -75.2913597888889,
              6.053365577777778
            ],
            [
              -75.29191534444445,
              6.053365577777778
            ],
            [
              -75.29191534444445,
              6.053921133333334
            ],
            [
              -75.29219312222223,
              6.053921133333334
            ],
            [
              -75.29219312222223,
              6.054198911111111
            ],
            [
              -75.2938597888889,
              6.054198911111111
            ],
            [
              -75.2938597888889,
              6.053921133333334
            ],
            [
              -75.29413756666668,
              6.053921133333334
            ],
            [
              -75.29413756666668,
              6.054198911111111
            ],
            [
              -75.29469312222223,
              6.054198911111111
            ],
            [
              -75.29469312222223,
              6.054476688888889
            ],
            [
              -75.29497090000001,
              6.054476688888889
            ],
            [
              -75.29497090000001,
              6.054754466666667
            ],
            [
              -75.29524867777778,
              6.054754466666667
            ],
            [
              -75.29524867777778,
              6.055032244444445
            ],
            [
              -75.29552645555556,
              6.055032244444445
            ],
            [
              -75.29552645555556,
              6.0555878000000005
            ],
            [
              -75.29635978888889,
              6.0555878000000005
            ],
            [
              -75.29635978888889,
              6.055865577777778
            ],
            [
              -75.29663756666667,
              6.055865577777778
            ],
            [
              -75.29663756666667,
              6.05697668888889
            ],
            [
              -75.29691534444446,
              6.05697668888889
            ],
            [
              -75.29691534444446,
              6.058087800000001
            ],
            [
              -75.29719312222223,
              6.058087800000001
            ],
            [
              -75.29719312222223,
              6.058365577777778
            ],
            [
              -75.29747090000001,
              6.058365577777778
            ],
            [
              -75.29747090000001,
              6.058643355555556
            ],
            [
              -75.29774867777779,
              6.058643355555556
            ],
            [
              -75.29774867777779,
              6.059198911111111
            ],
            [
              -75.29802645555556,
              6.059198911111111
            ],
            [
              -75.29802645555556,
              6.059476688888889
            ],
            [
              -75.29830423333334,
              6.059476688888889
            ],
            [
              -75.29830423333334,
              6.060310022222223
            ],
            [
              -75.29858201111112,
              6.060310022222223
            ],
            [
              -75.29858201111112,
              6.0605878
            ],
            [
              -75.29913756666667,
              6.0605878
            ],
            [
              -75.29913756666667,
              6.060865577777778
            ],
            [
              -75.29941534444445,
              6.060865577777778
            ],
            [
              -75.29941534444445,
              6.061143355555556
            ],
            [
              -75.29969312222222,
              6.061143355555556
            ],
            [
              -75.29969312222222,
              6.061421133333334
            ],
            [
              -75.30024867777779,
              6.061421133333334
            ],
            [
              -75.30024867777779,
              6.062254466666667
            ],
            [
              -75.30108201111112,
              6.062254466666667
            ],
            [
              -75.30108201111112,
              6.0630878
            ],
            [
              -75.3013597888889,
              6.0630878
            ],
            [
              -75.3013597888889,
              6.063365577777779
            ],
            [
              -75.30163756666667,
              6.063365577777779
            ],
            [
              -75.30163756666667,
              6.063643355555556
            ],
            [
              -75.3024709,
              6.063643355555556
            ],
            [
              -75.3024709,
              6.063921133333333
            ],
            [
              -75.30274867777779,
              6.063921133333333
            ],
            [
              -75.30274867777779,
              6.0653100222222225
            ],
            [
              -75.30302645555557,
              6.0653100222222225
            ],
            [
              -75.30302645555557,
              6.066421133333334
            ],
            [
              -75.30274867777779,
              6.066421133333334
            ],
            [
              -75.30274867777779,
              6.067254466666667
            ],
            [
              -75.3024709,
              6.067254466666667
            ],
            [
              -75.3024709,
              6.067532244444445
            ],
            [
              -75.30219312222223,
              6.067532244444445
            ],
            [
              -75.30219312222223,
              6.067810022222223
            ],
            [
              -75.30191534444445,
              6.067810022222223
            ],
            [
              -75.30191534444445,
              6.069476688888889
            ],
            [
              -75.30219312222223,
              6.069476688888889
            ],
            [
              -75.30219312222223,
              6.070310022222222
            ],
            [
              -75.30163756666667,
              6.070310022222222
            ],
            [
              -75.30163756666667,
              6.0705878
            ],
            [
              -75.30108201111112,
              6.0705878
            ],
            [
              -75.30108201111112,
              6.070865577777778
            ],
            [
              -75.30080423333334,
              6.070865577777778
            ],
            [
              -75.30080423333334,
              6.071143355555556
            ],
            [
              -75.30052645555556,
              6.071143355555556
            ],
            [
              -75.30052645555556,
              6.072810022222223
            ],
            [
              -75.30024867777779,
              6.072810022222223
            ],
            [
              -75.30024867777779,
              6.073087800000001
            ],
            [
              -75.2999709,
              6.073087800000001
            ],
            [
              -75.2999709,
              6.073365577777778
            ],
            [
              -75.29969312222222,
              6.073365577777778
            ],
            [
              -75.29969312222222,
              6.073921133333334
            ],
            [
              -75.29941534444445,
              6.073921133333334
            ],
            [
              -75.29941534444445,
              6.07447668888889
            ],
            [
              -75.29885978888889,
              6.07447668888889
            ],
            [
              -75.29885978888889,
              6.076421133333334
            ],
            [
              -75.29913756666667,
              6.076421133333334
            ],
            [
              -75.29913756666667,
              6.076976688888889
            ],
            [
              -75.29941534444445,
              6.076976688888889
            ],
            [
              -75.29941534444445,
              6.077532244444445
            ],
            [
              -75.29858201111112,
              6.077532244444445
            ],
            [
              -75.29858201111112,
              6.077810022222223
            ],
            [
              -75.29774867777779,
              6.077810022222223
            ],
            [
              -75.29774867777779,
              6.079198911111112
            ],
            [
              -75.29802645555556,
              6.079198911111112
            ],
            [
              -75.29802645555556,
              6.079754466666667
            ],
            [
              -75.29830423333334,
              6.079754466666667
            ],
            [
              -75.29830423333334,
              6.080032244444445
            ],
            [
              -75.29858201111112,
              6.080032244444445
            ],
            [
              -75.29858201111112,
              6.0805878
            ],
            [
              -75.29885978888889,
              6.0805878
            ],
            [
              -75.29885978888889,
              6.082254466666667
            ],
            [
              -75.29858201111112,
              6.082254466666667
            ],
            [
              -75.29858201111112,
              6.082532244444445
            ],
            [
              -75.29885978888889,
              6.082532244444445
            ],
            [
              -75.29885978888889,
              6.0830878
            ],
            [
              -75.29913756666667,
              6.0830878
            ],
            [
              -75.29913756666667,
              6.083365577777778
            ],
            [
              -75.29885978888889,
              6.083365577777778
            ],
            [
              -75.29885978888889,
              6.083643355555556
            ],
            [
              -75.29858201111112,
              6.083643355555556
            ],
            [
              -75.29858201111112,
              6.085310022222223
            ],
            [
              -75.29802645555556,
              6.085310022222223
            ],
            [
              -75.29802645555556,
              6.085587800000001
            ],
            [
              -75.29774867777779,
              6.085587800000001
            ],
            [
              -75.29774867777779,
              6.085865577777778
            ],
            [
              -75.29691534444446,
              6.085865577777778
            ],
            [
              -75.29691534444446,
              6.085587800000001
            ],
            [
              -75.29608201111111,
              6.085587800000001
            ],
            [
              -75.29608201111111,
              6.085310022222223
            ],
            [
              -75.29552645555556,
              6.085310022222223
            ],
            [
              -75.29552645555556,
              6.085587800000001
            ],
            [
              -75.29524867777778,
              6.085587800000001
            ],
            [
              -75.29524867777778,
              6.085865577777778
            ],
            [
              -75.29469312222223,
              6.085865577777778
            ],
            [
              -75.29469312222223,
              6.086143355555556
            ],
            [
              -75.29358201111111,
              6.086143355555556
            ],
            [
              -75.29358201111111,
              6.086421133333333
            ],
            [
              -75.29247090000001,
              6.086421133333333
            ],
            [
              -75.29247090000001,
              6.086698911111111
            ],
            [
              -75.29191534444445,
              6.086698911111111
            ],
            [
              -75.29191534444445,
              6.086976688888889
            ],
            [
              -75.29108201111111,
              6.086976688888889
            ],
            [
              -75.29108201111111,
              6.087254466666667
            ],
            [
              -75.29052645555556,
              6.087254466666667
            ],
            [
              -75.29052645555556,
              6.086976688888889
            ],
            [
              -75.29024867777778,
              6.086976688888889
            ],
            [
              -75.29024867777778,
              6.086698911111111
            ],
            [
              -75.28969312222223,
              6.086698911111111
            ],
            [
              -75.28969312222223,
              6.086421133333333
            ],
            [
              -75.2888597888889,
              6.086421133333333
            ],
            [
              -75.2888597888889,
              6.086698911111111
            ],
            [
              -75.28830423333333,
              6.086698911111111
            ],
            [
              -75.28830423333333,
              6.086976688888889
            ],
            [
              -75.28691534444445,
              6.086976688888889
            ],
            [
              -75.28691534444445,
              6.086698911111111
            ],
            [
              -75.2863597888889,
              6.086698911111111
            ],
            [
              -75.2863597888889,
              6.086421133333333
            ],
            [
              -75.28608201111112,
              6.086421133333333
            ],
            [
              -75.28608201111112,
              6.085865577777778
            ],
            [
              -75.28580423333334,
              6.085865577777778
            ],
            [
              -75.28580423333334,
              6.085587800000001
            ],
            [
              -75.2849709,
              6.085587800000001
            ],
            [
              -75.2849709,
              6.085310022222223
            ],
            [
              -75.28385978888889,
              6.085310022222223
            ],
            [
              -75.28385978888889,
              6.085032244444445
            ],
            [
              -75.28330423333334,
              6.085032244444445
            ],
            [
              -75.28330423333334,
              6.084754466666667
            ],
            [
              -75.28191534444446,
              6.084754466666667
            ],
            [
              -75.28191534444446,
              6.085310022222223
            ],
            [
              -75.28135978888889,
              6.085310022222223
            ],
            [
              -75.28135978888889,
              6.085587800000001
            ],
            [
              -75.28080423333334,
              6.085587800000001
            ],
            [
              -75.28080423333334,
              6.085865577777778
            ],
            [
              -75.28052645555556,
              6.085865577777778
            ],
            [
              -75.28052645555556,
              6.086143355555556
            ],
            [
              -75.28024867777778,
              6.086143355555556
            ],
            [
              -75.28024867777778,
              6.086421133333333
            ],
            [
              -75.2788597888889,
              6.086421133333333
            ],
            [
              -75.2788597888889,
              6.086698911111111
            ],
            [
              -75.27858201111111,
              6.086698911111111
            ],
            [
              -75.27858201111111,
              6.086421133333333
            ],
            [
              -75.27802645555556,
              6.086421133333333
            ],
            [
              -75.27802645555556,
              6.086143355555556
            ],
            [
              -75.27691534444445,
              6.086143355555556
            ],
            [
              -75.27691534444445,
              6.084754466666667
            ],
            [
              -75.27663756666668,
              6.084754466666667
            ],
            [
              -75.27663756666668,
              6.0830878
            ],
            [
              -75.2763597888889,
              6.0830878
            ],
            [
              -75.2763597888889,
              6.082810022222223
            ],
            [
              -75.27608201111111,
              6.082810022222223
            ],
            [
              -75.27608201111111,
              6.082532244444445
            ],
            [
              -75.27524867777778,
              6.082532244444445
            ],
            [
              -75.27524867777778,
              6.082810022222223
            ],
            [
              -75.27469312222223,
              6.082810022222223
            ],
            [
              -75.27469312222223,
              6.0830878
            ],
            [
              -75.27441534444445,
              6.0830878
            ],
            [
              -75.27441534444445,
              6.083365577777778
            ],
            [
              -75.27413756666667,
              6.083365577777778
            ],
            [
              -75.27413756666667,
              6.083643355555556
            ],
            [
              -75.2738597888889,
              6.083643355555556
            ],
            [
              -75.2738597888889,
              6.083365577777778
            ],
            [
              -75.2724709,
              6.083365577777778
            ],
            [
              -75.2724709,
              6.083643355555556
            ],
            [
              -75.27163756666667,
              6.083643355555556
            ],
            [
              -75.27163756666667,
              6.083921133333334
            ],
            [
              -75.2713597888889,
              6.083921133333334
            ],
            [
              -75.2713597888889,
              6.085587800000001
            ],
            [
              -75.27108201111112,
              6.085587800000001
            ],
            [
              -75.27108201111112,
              6.085865577777778
            ],
            [
              -75.27080423333334,
              6.085865577777778
            ],
            [
              -75.27080423333334,
              6.086143355555556
            ],
            [
              -75.27052645555557,
              6.086143355555556
            ],
            [
              -75.27052645555557,
              6.086421133333333
            ],
            [
              -75.2674709,
              6.086421133333333
            ],
            [
              -75.2674709,
              6.0880878
            ],
            [
              -75.26774867777779,
              6.0880878
            ],
            [
              -75.26774867777779,
              6.088365577777778
            ],
            [
              -75.26802645555556,
              6.088365577777778
            ],
            [
              -75.26802645555556,
              6.089198911111112
            ],
            [
              -75.26774867777779,
              6.089198911111112
            ],
            [
              -75.26774867777779,
              6.089476688888889
            ],
            [
              -75.2674709,
              6.089476688888889
            ],
            [
              -75.2674709,
              6.090032244444445
            ],
            [
              -75.26719312222222,
              6.090032244444445
            ],
            [
              -75.26719312222222,
              6.090310022222223
            ],
            [
              -75.26691534444446,
              6.090310022222223
            ],
            [
              -75.26691534444446,
              6.0908655777777785
            ],
            [
              -75.26663756666667,
              6.0908655777777785
            ],
            [
              -75.26663756666667,
              6.091421133333334
            ],
            [
              -75.26635978888889,
              6.091421133333334
            ],
            [
              -75.26635978888889,
              6.091698911111111
            ],
            [
              -75.26441534444444,
              6.091698911111111
            ],
            [
              -75.26441534444444,
              6.092254466666667
            ],
            [
              -75.26413756666668,
              6.092254466666667
            ],
            [
              -75.26413756666668,
              6.0925322444444445
            ],
            [
              -75.2638597888889,
              6.0925322444444445
            ],
            [
              -75.2638597888889,
              6.093365577777778
            ],
            [
              -75.26358201111111,
              6.093365577777778
            ],
            [
              -75.26358201111111,
              6.093643355555556
            ],
            [
              -75.26330423333334,
              6.093643355555556
            ],
            [
              -75.26330423333334,
              6.093921133333334
            ],
            [
              -75.26247090000001,
              6.093921133333334
            ],
            [
              -75.26247090000001,
              6.0941989111111114
            ],
            [
              -75.26191534444445,
              6.0941989111111114
            ],
            [
              -75.26191534444445,
              6.094476688888889
            ],
            [
              -75.26108201111111,
              6.094476688888889
            ],
            [
              -75.26108201111111,
              6.094754466666667
            ],
            [
              -75.26080423333335,
              6.094754466666667
            ],
            [
              -75.26080423333335,
              6.095032244444445
            ],
            [
              -75.26052645555556,
              6.095032244444445
            ],
            [
              -75.26052645555556,
              6.095310022222223
            ],
            [
              -75.26024867777778,
              6.095310022222223
            ],
            [
              -75.26024867777778,
              6.0955878000000006
            ],
            [
              -75.25969312222223,
              6.0955878000000006
            ],
            [
              -75.25969312222223,
              6.095865577777778
            ],
            [
              -75.25913756666667,
              6.095865577777778
            ],
            [
              -75.25913756666667,
              6.0955878000000006
            ],
            [
              -75.25802645555557,
              6.0955878000000006
            ],
            [
              -75.25802645555557,
              6.095865577777778
            ],
            [
              -75.2574709,
              6.095865577777778
            ],
            [
              -75.2574709,
              6.096143355555556
            ],
            [
              -75.25691534444445,
              6.096143355555556
            ],
            [
              -75.25691534444445,
              6.096421133333334
            ],
            [
              -75.25663756666667,
              6.096421133333334
            ],
            [
              -75.25663756666667,
              6.096698911111112
            ],
            [
              -75.2563597888889,
              6.096698911111112
            ],
            [
              -75.2563597888889,
              6.0972544666666675
            ],
            [
              -75.25608201111112,
              6.0972544666666675
            ],
            [
              -75.25608201111112,
              6.097532244444444
            ],
            [
              -75.25580423333334,
              6.097532244444444
            ],
            [
              -75.25580423333334,
              6.097810022222223
            ],
            [
              -75.25552645555557,
              6.097810022222223
            ],
            [
              -75.25552645555557,
              6.097532244444444
            ],
            [
              -75.25524867777779,
              6.097532244444444
            ],
            [
              -75.25524867777779,
              6.0972544666666675
            ],
            [
              -75.25441534444445,
              6.0972544666666675
            ],
            [
              -75.25441534444445,
              6.09697668888889
            ],
            [
              -75.25385978888889,
              6.09697668888889
            ],
            [
              -75.25385978888889,
              6.0972544666666675
            ],
            [
              -75.25330423333334,
              6.0972544666666675
            ],
            [
              -75.25330423333334,
              6.09697668888889
            ],
            [
              -75.25274867777779,
              6.09697668888889
            ],
            [
              -75.25274867777779,
              6.096698911111112
            ],
            [
              -75.25219312222222,
              6.096698911111112
            ],
            [
              -75.25219312222222,
              6.096421133333334
            ],
            [
              -75.25135978888889,
              6.096421133333334
            ],
            [
              -75.25135978888889,
              6.096698911111112
            ],
            [
              -75.25108201111112,
              6.096698911111112
            ],
            [
              -75.25108201111112,
              6.097532244444444
            ],
            [
              -75.25135978888889,
              6.097532244444444
            ],
            [
              -75.25135978888889,
              6.0980878
            ],
            [
              -75.25108201111112,
              6.0980878
            ],
            [
              -75.25108201111112,
              6.0989211333333335
            ],
            [
              -75.25080423333334,
              6.0989211333333335
            ],
            [
              -75.25080423333334,
              6.100032244444445
            ],
            [
              -75.25108201111112,
              6.100032244444445
            ],
            [
              -75.25108201111112,
              6.100310022222223
            ],
            [
              -75.25080423333334,
              6.100310022222223
            ],
            [
              -75.25080423333334,
              6.1005878000000004
            ],
            [
              -75.25052645555556,
              6.1005878000000004
            ],
            [
              -75.25052645555556,
              6.100865577777778
            ],
            [
              -75.25024867777779,
              6.100865577777778
            ],
            [
              -75.25024867777779,
              6.101143355555556
            ],
            [
              -75.24997090000001,
              6.101143355555556
            ],
            [
              -75.24997090000001,
              6.1005878000000004
            ],
            [
              -75.24913756666668,
              6.1005878000000004
            ],
            [
              -75.24913756666668,
              6.100310022222223
            ],
            [
              -75.24774867777778,
              6.100310022222223
            ],
            [
              -75.24774867777778,
              6.1005878000000004
            ],
            [
              -75.24691534444445,
              6.1005878000000004
            ],
            [
              -75.24691534444445,
              6.100865577777778
            ],
            [
              -75.24663756666668,
              6.100865577777778
            ],
            [
              -75.24663756666668,
              6.101143355555556
            ],
            [
              -75.24608201111111,
              6.101143355555556
            ],
            [
              -75.24608201111111,
              6.101421133333334
            ],
            [
              -75.24441534444445,
              6.101421133333334
            ],
            [
              -75.24441534444445,
              6.101143355555556
            ],
            [
              -75.24413756666668,
              6.101143355555556
            ],
            [
              -75.24413756666668,
              6.101698911111112
            ],
            [
              -75.2438597888889,
              6.101698911111112
            ],
            [
              -75.2438597888889,
              6.1019766888888896
            ],
            [
              -75.24358201111112,
              6.1019766888888896
            ],
            [
              -75.24358201111112,
              6.102532244444445
            ],
            [
              -75.24330423333333,
              6.102532244444445
            ],
            [
              -75.24330423333333,
              6.102810022222223
            ],
            [
              -75.24274867777778,
              6.102810022222223
            ],
            [
              -75.24274867777778,
              6.103087800000001
            ],
            [
              -75.24108201111112,
              6.103087800000001
            ],
            [
              -75.24108201111112,
              6.102810022222223
            ],
            [
              -75.24080423333334,
              6.102810022222223
            ],
            [
              -75.24080423333334,
              6.103087800000001
            ],
            [
              -75.2399709,
              6.103087800000001
            ],
            [
              -75.2399709,
              6.103365577777778
            ],
            [
              -75.23969312222223,
              6.103365577777778
            ],
            [
              -75.23969312222223,
              6.103643355555556
            ],
            [
              -75.23913756666667,
              6.103643355555556
            ],
            [
              -75.23913756666667,
              6.104198911111111
            ],
            [
              -75.2388597888889,
              6.104198911111111
            ],
            [
              -75.2388597888889,
              6.104476688888889
            ],
            [
              -75.23858201111112,
              6.104476688888889
            ],
            [
              -75.23858201111112,
              6.1053100222222225
            ],
            [
              -75.23802645555556,
              6.1053100222222225
            ],
            [
              -75.23802645555556,
              6.1055878
            ],
            [
              -75.23830423333334,
              6.1055878
            ],
            [
              -75.23830423333334,
              6.106143355555556
            ],
            [
              -75.23802645555556,
              6.106143355555556
            ],
            [
              -75.23802645555556,
              6.108087800000001
            ],
            [
              -75.23691534444445,
              6.108087800000001
            ],
            [
              -75.23691534444445,
              6.1083655777777786
            ],
            [
              -75.23635978888889,
              6.1083655777777786
            ],
            [
              -75.23635978888889,
              6.1086433555555555
            ],
            [
              -75.23608201111112,
              6.1086433555555555
            ],
            [
              -75.23608201111112,
              6.109198911111111
            ],
            [
              -75.23580423333334,
              6.109198911111111
            ],
            [
              -75.23580423333334,
              6.109476688888889
            ],
            [
              -75.23552645555556,
              6.109476688888889
            ],
            [
              -75.23552645555556,
              6.110310022222222
            ],
            [
              -75.23524867777779,
              6.110310022222222
            ],
            [
              -75.23524867777779,
              6.111421133333334
            ],
            [
              -75.23497090000001,
              6.111421133333334
            ],
            [
              -75.23497090000001,
              6.111976688888889
            ],
            [
              -75.23469312222223,
              6.111976688888889
            ],
            [
              -75.23469312222223,
              6.112254466666667
            ],
            [
              -75.23441534444446,
              6.112254466666667
            ],
            [
              -75.23441534444446,
              6.112532244444445
            ],
            [
              -75.23413756666667,
              6.112532244444445
            ],
            [
              -75.23413756666667,
              6.112254466666667
            ],
            [
              -75.23274867777778,
              6.112254466666667
            ],
            [
              -75.23274867777778,
              6.112532244444445
            ],
            [
              -75.23219312222223,
              6.112532244444445
            ],
            [
              -75.23219312222223,
              6.112810022222223
            ],
            [
              -75.23108201111111,
              6.112810022222223
            ],
            [
              -75.23108201111111,
              6.113087800000001
            ],
            [
              -75.22913756666668,
              6.113087800000001
            ],
            [
              -75.22913756666668,
              6.115310022222222
            ],
            [
              -75.2288597888889,
              6.115310022222222
            ],
            [
              -75.2288597888889,
              6.115865577777778
            ],
            [
              -75.22858201111111,
              6.115865577777778
            ],
            [
              -75.22858201111111,
              6.116421133333334
            ],
            [
              -75.2288597888889,
              6.116421133333334
            ],
            [
              -75.2288597888889,
              6.116698911111111
            ],
            [
              -75.22913756666668,
              6.116698911111111
            ],
            [
              -75.22913756666668,
              6.117254466666667
            ],
            [
              -75.2288597888889,
              6.117254466666667
            ],
            [
              -75.2288597888889,
              6.1180878000000005
            ],
            [
              -75.22941534444445,
              6.1180878000000005
            ],
            [
              -75.22941534444445,
              6.118365577777778
            ],
            [
              -75.22969312222223,
              6.118365577777778
            ],
            [
              -75.22969312222223,
              6.118643355555556
            ],
            [
              -75.22997090000001,
              6.118643355555556
            ],
            [
              -75.22997090000001,
              6.121976688888889
            ],
            [
              -75.22969312222223,
              6.121976688888889
            ],
            [
              -75.22969312222223,
              6.123365577777778
            ],
            [
              -75.22941534444445,
              6.123365577777778
            ],
            [
              -75.22941534444445,
              6.123643355555556
            ],
            [
              -75.22913756666668,
              6.123643355555556
            ],
            [
              -75.22913756666668,
              6.1244766888888895
            ],
            [
              -75.22941534444445,
              6.1244766888888895
            ],
            [
              -75.22941534444445,
              6.125032244444445
            ],
            [
              -75.22997090000001,
              6.125032244444445
            ],
            [
              -75.22997090000001,
              6.125865577777779
            ],
            [
              -75.23024867777778,
              6.125865577777779
            ],
            [
              -75.23024867777778,
              6.126421133333333
            ],
            [
              -75.23052645555556,
              6.126421133333333
            ],
            [
              -75.23052645555556,
              6.126698911111111
            ],
            [
              -75.23108201111111,
              6.126698911111111
            ],
            [
              -75.23108201111111,
              6.126976688888889
            ],
            [
              -75.2313597888889,
              6.126976688888889
            ],
            [
              -75.2313597888889,
              6.128643355555556
            ],
            [
              -75.23163756666668,
              6.128643355555556
            ],
            [
              -75.23163756666668,
              6.128921133333334
            ],
            [
              -75.23191534444445,
              6.128921133333334
            ],
            [
              -75.23191534444445,
              6.129476688888889
            ],
            [
              -75.23219312222223,
              6.129476688888889
            ],
            [
              -75.23219312222223,
              6.129754466666667
            ],
            [
              -75.23247090000001,
              6.129754466666667
            ],
            [
              -75.23247090000001,
              6.130587800000001
            ],
            [
              -75.23274867777778,
              6.130587800000001
            ],
            [
              -75.23274867777778,
              6.1308655777777785
            ],
            [
              -75.23330423333334,
              6.1308655777777785
            ],
            [
              -75.23330423333334,
              6.131143355555556
            ],
            [
              -75.23385978888889,
              6.131143355555556
            ],
            [
              -75.23385978888889,
              6.131421133333333
            ],
            [
              -75.23413756666667,
              6.131421133333333
            ],
            [
              -75.23413756666667,
              6.131698911111112
            ],
            [
              -75.23469312222223,
              6.131698911111112
            ],
            [
              -75.23469312222223,
              6.131976688888889
            ],
            [
              -75.23497090000001,
              6.131976688888889
            ],
            [
              -75.23497090000001,
              6.132254466666667
            ],
            [
              -75.23524867777779,
              6.132254466666667
            ],
            [
              -75.23524867777779,
              6.132532244444445
            ],
            [
              -75.23691534444445,
              6.132532244444445
            ],
            [
              -75.23691534444445,
              6.132810022222222
            ],
            [
              -75.2374709,
              6.132810022222222
            ],
            [
              -75.2374709,
              6.1330878
            ],
            [
              -75.23774867777779,
              6.1330878
            ],
            [
              -75.23774867777779,
              6.134754466666667
            ],
            [
              -75.23830423333334,
              6.134754466666667
            ],
            [
              -75.23830423333334,
              6.135032244444445
            ],
            [
              -75.23858201111112,
              6.135032244444445
            ],
            [
              -75.23858201111112,
              6.135310022222223
            ],
            [
              -75.23941534444445,
              6.135310022222223
            ],
            [
              -75.23941534444445,
              6.135587800000001
            ],
            [
              -75.23969312222223,
              6.135587800000001
            ],
            [
              -75.23969312222223,
              6.137254466666667
            ],
            [
              -75.2399709,
              6.137254466666667
            ],
            [
              -75.2399709,
              6.137532244444445
            ],
            [
              -75.24052645555557,
              6.137532244444445
            ],
            [
              -75.24052645555557,
              6.137810022222222
            ],
            [
              -75.24080423333334,
              6.137810022222222
            ],
            [
              -75.24080423333334,
              6.1380878
            ],
            [
              -75.24108201111112,
              6.1380878
            ],
            [
              -75.24108201111112,
              6.138365577777778
            ],
            [
              -75.24163756666667,
              6.138365577777778
            ],
            [
              -75.24163756666667,
              6.139754466666667
            ],
            [
              -75.24191534444445,
              6.139754466666667
            ],
            [
              -75.24191534444445,
              6.140310022222223
            ],
            [
              -75.24219312222223,
              6.140310022222223
            ],
            [
              -75.24219312222223,
              6.141421133333334
            ],
            [
              -75.2424709,
              6.141421133333334
            ],
            [
              -75.2424709,
              6.14197668888889
            ],
            [
              -75.24219312222223,
              6.14197668888889
            ],
            [
              -75.24219312222223,
              6.142254466666667
            ],
            [
              -75.24191534444445,
              6.142254466666667
            ],
            [
              -75.24191534444445,
              6.142810022222223
            ],
            [
              -75.24163756666667,
              6.142810022222223
            ],
            [
              -75.24163756666667,
              6.143365577777778
            ],
            [
              -75.2413597888889,
              6.143365577777778
            ],
            [
              -75.2413597888889,
              6.143643355555556
            ],
            [
              -75.24108201111112,
              6.143643355555556
            ],
            [
              -75.24108201111112,
              6.1439211333333335
            ],
            [
              -75.24080423333334,
              6.1439211333333335
            ],
            [
              -75.24080423333334,
              6.144476688888889
            ],
            [
              -75.24052645555557,
              6.144476688888889
            ],
            [
              -75.24052645555557,
              6.145032244444445
            ],
            [
              -75.24024867777779,
              6.145032244444445
            ],
            [
              -75.24024867777779,
              6.146143355555556
            ],
            [
              -75.2399709,
              6.146143355555556
            ],
            [
              -75.2399709,
              6.147254466666667
            ],
            [
              -75.23969312222223,
              6.147254466666667
            ],
            [
              -75.23969312222223,
              6.147810022222223
            ],
            [
              -75.23913756666667,
              6.147810022222223
            ],
            [
              -75.23913756666667,
              6.148087800000001
            ],
            [
              -75.23830423333334,
              6.148087800000001
            ],
            [
              -75.23830423333334,
              6.148365577777778
            ],
            [
              -75.23774867777779,
              6.148365577777778
            ],
            [
              -75.23774867777779,
              6.148643355555556
            ],
            [
              -75.2374709,
              6.148643355555556
            ],
            [
              -75.2374709,
              6.149754466666667
            ],
            [
              -75.23774867777779,
              6.149754466666667
            ],
            [
              -75.23774867777779,
              6.1503100222222225
            ],
            [
              -75.23802645555556,
              6.1503100222222225
            ],
            [
              -75.23802645555556,
              6.1505878
            ],
            [
              -75.23830423333334,
              6.1505878
            ],
            [
              -75.23830423333334,
              6.150865577777778
            ],
            [
              -75.23858201111112,
              6.150865577777778
            ],
            [
              -75.23858201111112,
              6.151143355555556
            ],
            [
              -75.23913756666667,
              6.151143355555556
            ],
            [
              -75.23913756666667,
              6.151421133333334
            ],
            [
              -75.24024867777779,
              6.151421133333334
            ],
            [
              -75.24024867777779,
              6.151976688888889
            ],
            [
              -75.24052645555557,
              6.151976688888889
            ],
            [
              -75.24052645555557,
              6.152254466666667
            ],
            [
              -75.24080423333334,
              6.152254466666667
            ],
            [
              -75.24080423333334,
              6.152810022222223
            ],
            [
              -75.24108201111112,
              6.152810022222223
            ],
            [
              -75.24108201111112,
              6.153643355555556
            ],
            [
              -75.24080423333334,
              6.153643355555556
            ],
            [
              -75.24080423333334,
              6.153921133333334
            ],
            [
              -75.24052645555557,
              6.153921133333334
            ],
            [
              -75.24052645555557,
              6.1550322444444445
            ],
            [
              -75.24080423333334,
              6.1550322444444445
            ],
            [
              -75.24080423333334,
              6.1555878
            ],
            [
              -75.24108201111112,
              6.1555878
            ],
            [
              -75.24108201111112,
              6.155865577777778
            ],
            [
              -75.2413597888889,
              6.155865577777778
            ],
            [
              -75.2413597888889,
              6.156143355555556
            ],
            [
              -75.24163756666667,
              6.156143355555556
            ],
            [
              -75.24163756666667,
              6.156421133333334
            ],
            [
              -75.24080423333334,
              6.156421133333334
            ],
            [
              -75.24080423333334,
              6.1566989111111114
            ],
            [
              -75.2399709,
              6.1566989111111114
            ],
            [
              -75.2399709,
              6.156976688888889
            ],
            [
              -75.23941534444445,
              6.156976688888889
            ],
            [
              -75.23941534444445,
              6.157254466666667
            ],
            [
              -75.23913756666667,
              6.157254466666667
            ],
            [
              -75.23913756666667,
              6.157532244444445
            ],
            [
              -75.2388597888889,
              6.157532244444445
            ],
            [
              -75.2388597888889,
              6.1605878
            ],
            [
              -75.23858201111112,
              6.1605878
            ],
            [
              -75.23858201111112,
              6.161143355555556
            ],
            [
              -75.23830423333334,
              6.161143355555556
            ],
            [
              -75.23830423333334,
              6.161976688888889
            ],
            [
              -75.23802645555556,
              6.161976688888889
            ],
            [
              -75.23802645555556,
              6.162810022222223
            ],
            [
              -75.23774867777779,
              6.162810022222223
            ],
            [
              -75.23774867777779,
              6.1630878000000004
            ],
            [
              -75.2374709,
              6.1630878000000004
            ],
            [
              -75.2374709,
              6.163921133333334
            ],
            [
              -75.23719312222222,
              6.163921133333334
            ],
            [
              -75.23719312222222,
              6.164198911111112
            ],
            [
              -75.23580423333334,
              6.164198911111112
            ],
            [
              -75.23580423333334,
              6.163921133333334
            ],
            [
              -75.23552645555556,
              6.163921133333334
            ],
            [
              -75.23552645555556,
              6.163643355555556
            ],
            [
              -75.23441534444446,
              6.163643355555556
            ],
            [
              -75.23441534444446,
              6.163365577777778
            ],
            [
              -75.23385978888889,
              6.163365577777778
            ],
            [
              -75.23385978888889,
              6.163921133333334
            ],
            [
              -75.23358201111111,
              6.163921133333334
            ],
            [
              -75.23358201111111,
              6.164198911111112
            ],
            [
              -75.23330423333334,
              6.164198911111112
            ],
            [
              -75.23330423333334,
              6.1644766888888896
            ],
            [
              -75.23302645555556,
              6.1644766888888896
            ],
            [
              -75.23302645555556,
              6.164754466666667
            ],
            [
              -75.23274867777778,
              6.164754466666667
            ],
            [
              -75.23274867777778,
              6.165032244444445
            ],
            [
              -75.23163756666668,
              6.165032244444445
            ],
            [
              -75.23163756666668,
              6.164754466666667
            ],
            [
              -75.23108201111111,
              6.164754466666667
            ],
            [
              -75.23108201111111,
              6.1644766888888896
            ],
            [
              -75.23080423333334,
              6.1644766888888896
            ],
            [
              -75.23080423333334,
              6.164198911111112
            ],
            [
              -75.23052645555556,
              6.164198911111112
            ],
            [
              -75.23052645555556,
              6.163921133333334
            ],
            [
              -75.22997090000001,
              6.163921133333334
            ],
            [
              -75.22997090000001,
              6.163365577777778
            ],
            [
              -75.2288597888889,
              6.163365577777778
            ],
            [
              -75.2288597888889,
              6.1630878000000004
            ],
            [
              -75.22719312222223,
              6.1630878000000004
            ],
            [
              -75.22719312222223,
              6.162810022222223
            ],
            [
              -75.22663756666667,
              6.162810022222223
            ],
            [
              -75.22663756666667,
              6.162532244444445
            ],
            [
              -75.22580423333333,
              6.162532244444445
            ],
            [
              -75.22580423333333,
              6.162254466666667
            ],
            [
              -75.2238597888889,
              6.162254466666667
            ],
            [
              -75.2238597888889,
              6.161976688888889
            ],
            [
              -75.22330423333334,
              6.161976688888889
            ],
            [
              -75.22330423333334,
              6.1614211333333335
            ],
            [
              -75.22274867777779,
              6.1614211333333335
            ],
            [
              -75.22274867777779,
              6.161143355555556
            ],
            [
              -75.22219312222222,
              6.161143355555556
            ],
            [
              -75.22219312222222,
              6.160865577777778
            ],
            [
              -75.22191534444445,
              6.160865577777778
            ],
            [
              -75.22191534444445,
              6.1605878
            ],
            [
              -75.22163756666667,
              6.1605878
            ],
            [
              -75.22163756666667,
              6.160310022222223
            ],
            [
              -75.22080423333334,
              6.160310022222223
            ],
            [
              -75.22080423333334,
              6.160032244444444
            ],
            [
              -75.22024867777779,
              6.160032244444444
            ],
            [
              -75.22024867777779,
              6.160310022222223
            ],
            [
              -75.21969312222222,
              6.160310022222223
            ],
            [
              -75.21969312222222,
              6.160032244444444
            ],
            [
              -75.21913756666667,
              6.160032244444444
            ],
            [
              -75.21913756666667,
              6.160310022222223
            ],
            [
              -75.21885978888889,
              6.160310022222223
            ],
            [
              -75.21885978888889,
              6.160032244444444
            ],
            [
              -75.21858201111112,
              6.160032244444444
            ],
            [
              -75.21858201111112,
              6.15947668888889
            ],
            [
              -75.21802645555556,
              6.15947668888889
            ],
            [
              -75.21802645555556,
              6.159198911111112
            ],
            [
              -75.21774867777778,
              6.159198911111112
            ],
            [
              -75.21774867777778,
              6.158643355555556
            ],
            [
              -75.21691534444444,
              6.158643355555556
            ],
            [
              -75.21691534444444,
              6.158365577777778
            ],
            [
              -75.21552645555556,
              6.158365577777778
            ],
            [
              -75.21552645555556,
              6.1580878000000006
            ],
            [
              -75.21441534444445,
              6.1580878000000006
            ],
            [
              -75.21441534444445,
              6.157810022222223
            ],
            [
              -75.2138597888889,
              6.157810022222223
            ],
            [
              -75.2138597888889,
              6.157532244444445
            ],
            [
              -75.21358201111111,
              6.157532244444445
            ],
            [
              -75.21358201111111,
              6.156976688888889
            ],
            [
              -75.2124709,
              6.156976688888889
            ],
            [
              -75.2124709,
              6.157254466666667
            ],
            [
              -75.21191534444445,
              6.157254466666667
            ],
            [
              -75.21191534444445,
              6.1580878000000006
            ],
            [
              -75.2099709,
              6.1580878000000006
            ],
            [
              -75.2099709,
              6.158365577777778
            ],
            [
              -75.20969312222223,
              6.158365577777778
            ],
            [
              -75.20969312222223,
              6.158643355555556
            ],
            [
              -75.20941534444445,
              6.158643355555556
            ],
            [
              -75.20941534444445,
              6.159198911111112
            ],
            [
              -75.20969312222223,
              6.159198911111112
            ],
            [
              -75.20969312222223,
              6.160032244444444
            ],
            [
              -75.2099709,
              6.160032244444444
            ],
            [
              -75.2099709,
              6.1605878
            ],
            [
              -75.21024867777778,
              6.1605878
            ],
            [
              -75.21024867777778,
              6.162254466666667
            ],
            [
              -75.2099709,
              6.162254466666667
            ],
            [
              -75.2099709,
              6.162810022222223
            ],
            [
              -75.20969312222223,
              6.162810022222223
            ],
            [
              -75.20969312222223,
              6.163921133333334
            ],
            [
              -75.2099709,
              6.163921133333334
            ],
            [
              -75.2099709,
              6.1644766888888896
            ],
            [
              -75.20969312222223,
              6.1644766888888896
            ],
            [
              -75.20969312222223,
              6.164754466666667
            ],
            [
              -75.20941534444445,
              6.164754466666667
            ],
            [
              -75.20941534444445,
              6.165032244444445
            ],
            [
              -75.2088597888889,
              6.165032244444445
            ],
            [
              -75.2088597888889,
              6.165587800000001
            ],
            [
              -75.20858201111112,
              6.165587800000001
            ],
            [
              -75.20858201111112,
              6.166143355555556
            ],
            [
              -75.20830423333334,
              6.166143355555556
            ],
            [
              -75.20830423333334,
              6.167532244444445
            ],
            [
              -75.20802645555557,
              6.167532244444445
            ],
            [
              -75.20802645555557,
              6.1678100222222225
            ],
            [
              -75.2074709,
              6.1678100222222225
            ],
            [
              -75.2074709,
              6.168365577777778
            ],
            [
              -75.20719312222222,
              6.168365577777778
            ],
            [
              -75.20719312222222,
              6.168643355555556
            ],
            [
              -75.20691534444445,
              6.168643355555556
            ],
            [
              -75.20691534444445,
              6.169198911111112
            ],
            [
              -75.20663756666667,
              6.169198911111112
            ],
            [
              -75.20663756666667,
              6.1694766888888894
            ],
            [
              -75.20635978888889,
              6.1694766888888894
            ],
            [
              -75.20635978888889,
              6.169754466666667
            ],
            [
              -75.20524867777779,
              6.169754466666667
            ],
            [
              -75.20524867777779,
              6.170032244444445
            ],
            [
              -75.2049709,
              6.170032244444445
            ],
            [
              -75.2049709,
              6.170310022222223
            ],
            [
              -75.20469312222222,
              6.170310022222223
            ],
            [
              -75.20469312222222,
              6.170587800000001
            ],
            [
              -75.20441534444446,
              6.170587800000001
            ],
            [
              -75.20441534444446,
              6.1708655777777786
            ],
            [
              -75.20274867777779,
              6.1708655777777786
            ],
            [
              -75.20274867777779,
              6.170587800000001
            ],
            [
              -75.20219312222223,
              6.170587800000001
            ],
            [
              -75.20219312222223,
              6.1708655777777786
            ],
            [
              -75.19913756666668,
              6.1708655777777786
            ],
            [
              -75.19913756666668,
              6.170587800000001
            ],
            [
              -75.19830423333335,
              6.170587800000001
            ],
            [
              -75.19830423333335,
              6.1708655777777786
            ],
            [
              -75.19663756666667,
              6.1708655777777786
            ],
            [
              -75.19663756666667,
              6.172254466666667
            ],
            [
              -75.1963597888889,
              6.172254466666667
            ],
            [
              -75.1963597888889,
              6.172810022222222
            ],
            [
              -75.1949709,
              6.172810022222222
            ],
            [
              -75.1949709,
              6.1730878
            ],
            [
              -75.19441534444445,
              6.1730878
            ],
            [
              -75.19441534444445,
              6.173365577777778
            ],
            [
              -75.19413756666667,
              6.173365577777778
            ],
            [
              -75.19413756666667,
              6.173921133333334
            ],
            [
              -75.1938597888889,
              6.173921133333334
            ],
            [
              -75.1938597888889,
              6.174476688888889
            ],
            [
              -75.19358201111112,
              6.174476688888889
            ],
            [
              -75.19358201111112,
              6.174754466666667
            ],
            [
              -75.19135978888889,
              6.174754466666667
            ],
            [
              -75.19135978888889,
              6.175032244444445
            ],
            [
              -75.19108201111112,
              6.175032244444445
            ],
            [
              -75.19108201111112,
              6.174754466666667
            ],
            [
              -75.19052645555556,
              6.174754466666667
            ],
            [
              -75.19052645555556,
              6.174476688888889
            ],
            [
              -75.18941534444446,
              6.174476688888889
            ],
            [
              -75.18941534444446,
              6.1741989111111115
            ],
            [
              -75.18858201111112,
              6.1741989111111115
            ],
            [
              -75.18858201111112,
              6.173921133333334
            ],
            [
              -75.18802645555556,
              6.173921133333334
            ],
            [
              -75.18802645555556,
              6.173643355555556
            ],
            [
              -75.18774867777779,
              6.173643355555556
            ],
            [
              -75.18774867777779,
              6.173365577777778
            ],
            [
              -75.18747090000001,
              6.173365577777778
            ],
            [
              -75.18747090000001,
              6.1730878
            ],
            [
              -75.18663756666668,
              6.1730878
            ],
            [
              -75.18663756666668,
              6.172810022222222
            ],
            [
              -75.1863597888889,
              6.172810022222222
            ],
            [
              -75.1863597888889,
              6.172532244444445
            ],
            [
              -75.18608201111111,
              6.172532244444445
            ],
            [
              -75.18608201111111,
              6.172254466666667
            ],
            [
              -75.18580423333334,
              6.172254466666667
            ],
            [
              -75.18580423333334,
              6.171976688888889
            ],
            [
              -75.18552645555556,
              6.171976688888889
            ],
            [
              -75.18552645555556,
              6.172254466666667
            ],
            [
              -75.18413756666668,
              6.172254466666667
            ],
            [
              -75.18413756666668,
              6.172810022222222
            ],
            [
              -75.1838597888889,
              6.172810022222222
            ],
            [
              -75.1838597888889,
              6.171976688888889
            ],
            [
              -75.18358201111111,
              6.171976688888889
            ],
            [
              -75.18358201111111,
              6.171698911111111
            ],
            [
              -75.18302645555556,
              6.171698911111111
            ],
            [
              -75.18302645555556,
              6.170310022222223
            ],
            [
              -75.18219312222223,
              6.170310022222223
            ],
            [
              -75.18219312222223,
              6.170032244444445
            ],
            [
              -75.18191534444445,
              6.170032244444445
            ],
            [
              -75.18191534444445,
              6.169754466666667
            ],
            [
              -75.18163756666668,
              6.169754466666667
            ],
            [
              -75.18163756666668,
              6.168921133333334
            ],
            [
              -75.18108201111112,
              6.168921133333334
            ],
            [
              -75.18108201111112,
              6.168365577777778
            ],
            [
              -75.18080423333333,
              6.168365577777778
            ],
            [
              -75.18080423333333,
              6.1680878
            ],
            [
              -75.18052645555557,
              6.1680878
            ],
            [
              -75.18052645555557,
              6.167532244444445
            ],
            [
              -75.18024867777778,
              6.167532244444445
            ],
            [
              -75.18024867777778,
              6.167254466666667
            ],
            [
              -75.18052645555557,
              6.167254466666667
            ],
            [
              -75.18052645555557,
              6.166976688888889
            ],
            [
              -75.18080423333333,
              6.166976688888889
            ],
            [
              -75.18080423333333,
              6.166421133333333
            ],
            [
              -75.18052645555557,
              6.166421133333333
            ],
            [
              -75.18052645555557,
              6.166143355555556
            ],
            [
              -75.18024867777778,
              6.166143355555556
            ],
            [
              -75.18024867777778,
              6.165587800000001
            ],
            [
              -75.1799709,
              6.165587800000001
            ],
            [
              -75.1799709,
              6.165310022222223
            ],
            [
              -75.17969312222223,
              6.165310022222223
            ],
            [
              -75.17969312222223,
              6.165032244444445
            ],
            [
              -75.17913756666667,
              6.165032244444445
            ],
            [
              -75.17913756666667,
              6.164754466666667
            ],
            [
              -75.17858201111112,
              6.164754466666667
            ],
            [
              -75.17858201111112,
              6.1644766888888896
            ],
            [
              -75.17830423333334,
              6.1644766888888896
            ],
            [
              -75.17830423333334,
              6.164198911111112
            ],
            [
              -75.17774867777779,
              6.164198911111112
            ],
            [
              -75.17774867777779,
              6.163921133333334
            ],
            [
              -75.17719312222223,
              6.163921133333334
            ],
            [
              -75.17719312222223,
              6.163643355555556
            ],
            [
              -75.17691534444445,
              6.163643355555556
            ],
            [
              -75.17691534444445,
              6.163365577777778
            ],
            [
              -75.17663756666667,
              6.163365577777778
            ],
            [
              -75.17663756666667,
              6.1630878000000004
            ],
            [
              -75.1763597888889,
              6.1630878000000004
            ],
            [
              -75.1763597888889,
              6.162810022222223
            ],
            [
              -75.17608201111112,
              6.162810022222223
            ],
            [
              -75.17608201111112,
              6.161976688888889
            ],
            [
              -75.17580423333334,
              6.161976688888889
            ],
            [
              -75.17580423333334,
              6.161698911111111
            ],
            [
              -75.17552645555556,
              6.161698911111111
            ],
            [
              -75.17552645555556,
              6.1614211333333335
            ],
            [
              -75.1749709,
              6.1614211333333335
            ],
            [
              -75.1749709,
              6.161698911111111
            ],
            [
              -75.17469312222222,
              6.161698911111111
            ],
            [
              -75.17469312222222,
              6.161976688888889
            ],
            [
              -75.17413756666667,
              6.161976688888889
            ],
            [
              -75.17413756666667,
              6.162254466666667
            ],
            [
              -75.17385978888889,
              6.162254466666667
            ],
            [
              -75.17385978888889,
              6.162532244444445
            ],
            [
              -75.17358201111112,
              6.162532244444445
            ],
            [
              -75.17358201111112,
              6.163365577777778
            ],
            [
              -75.17330423333334,
              6.163365577777778
            ],
            [
              -75.17330423333334,
              6.1644766888888896
            ],
            [
              -75.17274867777779,
              6.1644766888888896
            ],
            [
              -75.17274867777779,
              6.164754466666667
            ],
            [
              -75.17163756666667,
              6.164754466666667
            ],
            [
              -75.17163756666667,
              6.165032244444445
            ],
            [
              -75.17080423333334,
              6.165032244444445
            ],
            [
              -75.17080423333334,
              6.165310022222223
            ],
            [
              -75.17052645555556,
              6.165310022222223
            ],
            [
              -75.17052645555556,
              6.165587800000001
            ],
            [
              -75.17024867777778,
              6.165587800000001
            ],
            [
              -75.17024867777778,
              6.166143355555556
            ],
            [
              -75.16997090000001,
              6.166143355555556
            ],
            [
              -75.16997090000001,
              6.166976688888889
            ],
            [
              -75.16969312222223,
              6.166976688888889
            ],
            [
              -75.16969312222223,
              6.1680878
            ],
            [
              -75.16941534444445,
              6.1680878
            ],
            [
              -75.16941534444445,
              6.168365577777778
            ],
            [
              -75.16913756666668,
              6.168365577777778
            ],
            [
              -75.16913756666668,
              6.168643355555556
            ],
            [
              -75.16747090000001,
              6.168643355555556
            ],
            [
              -75.16747090000001,
              6.168365577777778
            ],
            [
              -75.1663597888889,
              6.168365577777778
            ],
            [
              -75.1663597888889,
              6.168643355555556
            ],
            [
              -75.16608201111111,
              6.168643355555556
            ],
            [
              -75.16608201111111,
              6.168921133333334
            ],
            [
              -75.16580423333333,
              6.168921133333334
            ],
            [
              -75.16580423333333,
              6.1694766888888894
            ],
            [
              -75.1649709,
              6.1694766888888894
            ],
            [
              -75.1649709,
              6.169198911111112
            ],
            [
              -75.1638597888889,
              6.169198911111112
            ],
            [
              -75.1638597888889,
              6.1694766888888894
            ],
            [
              -75.16358201111112,
              6.1694766888888894
            ],
            [
              -75.16358201111112,
              6.170032244444445
            ],
            [
              -75.16330423333333,
              6.170032244444445
            ],
            [
              -75.16330423333333,
              6.170310022222223
            ],
            [
              -75.16274867777778,
              6.170310022222223
            ],
            [
              -75.16274867777778,
              6.170587800000001
            ],
            [
              -75.16191534444445,
              6.170587800000001
            ],
            [
              -75.16191534444445,
              6.1708655777777786
            ],
            [
              -75.16163756666667,
              6.1708655777777786
            ],
            [
              -75.16163756666667,
              6.1711433555555555
            ],
            [
              -75.1613597888889,
              6.1711433555555555
            ],
            [
              -75.1613597888889,
              6.171421133333334
            ],
            [
              -75.16052645555556,
              6.171421133333334
            ],
            [
              -75.16052645555556,
              6.171698911111111
            ],
            [
              -75.16024867777779,
              6.171698911111111
            ],
            [
              -75.16024867777779,
              6.171976688888889
            ],
            [
              -75.15941534444445,
              6.171976688888889
            ],
            [
              -75.15941534444445,
              6.172254466666667
            ],
            [
              -75.15858201111112,
              6.172254466666667
            ],
            [
              -75.15858201111112,
              6.172532244444445
            ],
            [
              -75.15830423333334,
              6.172532244444445
            ],
            [
              -75.15830423333334,
              6.172810022222222
            ],
            [
              -75.15802645555556,
              6.172810022222222
            ],
            [
              -75.15802645555556,
              6.1730878
            ],
            [
              -75.15774867777779,
              6.1730878
            ],
            [
              -75.15774867777779,
              6.173365577777778
            ],
            [
              -75.1574709,
              6.173365577777778
            ],
            [
              -75.1574709,
              6.173643355555556
            ],
            [
              -75.15691534444446,
              6.173643355555556
            ],
            [
              -75.15691534444446,
              6.173921133333334
            ],
            [
              -75.15524867777778,
              6.173921133333334
            ],
            [
              -75.15524867777778,
              6.173643355555556
            ],
            [
              -75.15497090000001,
              6.173643355555556
            ],
            [
              -75.15497090000001,
              6.173921133333334
            ],
            [
              -75.15469312222223,
              6.173921133333334
            ],
            [
              -75.15469312222223,
              6.1741989111111115
            ],
            [
              -75.15330423333334,
              6.1741989111111115
            ],
            [
              -75.15330423333334,
              6.173921133333334
            ],
            [
              -75.15302645555556,
              6.173921133333334
            ],
            [
              -75.15302645555556,
              6.173643355555556
            ],
            [
              -75.15247090000001,
              6.173643355555556
            ],
            [
              -75.15247090000001,
              6.1730878
            ],
            [
              -75.15163756666668,
              6.1730878
            ],
            [
              -75.15163756666668,
              6.172810022222222
            ],
            [
              -75.1513597888889,
              6.172810022222222
            ],
            [
              -75.1513597888889,
              6.172532244444445
            ],
            [
              -75.15108201111111,
              6.172532244444445
            ],
            [
              -75.15108201111111,
              6.172810022222222
            ],
            [
              -75.15080423333335,
              6.172810022222222
            ],
            [
              -75.15080423333335,
              6.1730878
            ],
            [
              -75.15052645555556,
              6.1730878
            ],
            [
              -75.15052645555556,
              6.173643355555556
            ],
            [
              -75.15080423333335,
              6.173643355555556
            ],
            [
              -75.15080423333335,
              6.173921133333334
            ],
            [
              -75.15052645555556,
              6.173921133333334
            ],
            [
              -75.15052645555556,
              6.174476688888889
            ],
            [
              -75.15080423333335,
              6.174476688888889
            ],
            [
              -75.15080423333335,
              6.174754466666667
            ],
            [
              -75.15052645555556,
              6.174754466666667
            ],
            [
              -75.15052645555556,
              6.175310022222223
            ],
            [
              -75.15024867777778,
              6.175310022222223
            ],
            [
              -75.15024867777778,
              6.175587800000001
            ],
            [
              -75.1499709,
              6.175587800000001
            ],
            [
              -75.1499709,
              6.1758655777777784
            ],
            [
              -75.1488597888889,
              6.1758655777777784
            ],
            [
              -75.1488597888889,
              6.176143355555556
            ],
            [
              -75.14858201111112,
              6.176143355555556
            ],
            [
              -75.14858201111112,
              6.176421133333334
            ],
            [
              -75.14830423333333,
              6.176421133333334
            ],
            [
              -75.14830423333333,
              6.176976688888889
            ],
            [
              -75.14774867777778,
              6.176976688888889
            ],
            [
              -75.14774867777778,
              6.1772544666666676
            ],
            [
              -75.1474709,
              6.1772544666666676
            ],
            [
              -75.1474709,
              6.178921133333334
            ],
            [
              -75.14774867777778,
              6.178921133333334
            ],
            [
              -75.14774867777778,
              6.179198911111111
            ],
            [
              -75.14802645555557,
              6.179198911111111
            ],
            [
              -75.14802645555557,
              6.180032244444445
            ],
            [
              -75.14774867777778,
              6.180032244444445
            ],
            [
              -75.14774867777778,
              6.180865577777778
            ],
            [
              -75.14719312222223,
              6.180865577777778
            ],
            [
              -75.14719312222223,
              6.1805878000000005
            ],
            [
              -75.1463597888889,
              6.1805878000000005
            ],
            [
              -75.1463597888889,
              6.180865577777778
            ],
            [
              -75.14552645555557,
              6.180865577777778
            ],
            [
              -75.14552645555557,
              6.1805878000000005
            ],
            [
              -75.1449709,
              6.1805878000000005
            ],
            [
              -75.1449709,
              6.180865577777778
            ],
            [
              -75.14469312222222,
              6.180865577777778
            ],
            [
              -75.14469312222222,
              6.18197668888889
            ],
            [
              -75.14441534444445,
              6.18197668888889
            ],
            [
              -75.14441534444445,
              6.182810022222222
            ],
            [
              -75.14524867777779,
              6.182810022222222
            ],
            [
              -75.14524867777779,
              6.183087800000001
            ],
            [
              -75.14580423333334,
              6.183087800000001
            ],
            [
              -75.14580423333334,
              6.1839211333333335
            ],
            [
              -75.14608201111112,
              6.1839211333333335
            ],
            [
              -75.14608201111112,
              6.184198911111111
            ],
            [
              -75.1463597888889,
              6.184198911111111
            ],
            [
              -75.1463597888889,
              6.186143355555556
            ],
            [
              -75.14608201111112,
              6.186143355555556
            ],
            [
              -75.14608201111112,
              6.186421133333334
            ],
            [
              -75.14580423333334,
              6.186421133333334
            ],
            [
              -75.14580423333334,
              6.188087800000001
            ],
            [
              -75.14608201111112,
              6.188087800000001
            ],
            [
              -75.14608201111112,
              6.188365577777779
            ],
            [
              -75.14552645555557,
              6.188365577777779
            ],
            [
              -75.14552645555557,
              6.189198911111111
            ],
            [
              -75.14524867777779,
              6.189198911111111
            ],
            [
              -75.14524867777779,
              6.189476688888889
            ],
            [
              -75.1449709,
              6.189476688888889
            ],
            [
              -75.1449709,
              6.189754466666667
            ],
            [
              -75.14469312222222,
              6.189754466666667
            ],
            [
              -75.14469312222222,
              6.190032244444445
            ],
            [
              -75.14413756666667,
              6.190032244444445
            ],
            [
              -75.14413756666667,
              6.1903100222222225
            ],
            [
              -75.14330423333334,
              6.1903100222222225
            ],
            [
              -75.14330423333334,
              6.1905878
            ],
            [
              -75.1424709,
              6.1905878
            ],
            [
              -75.1424709,
              6.190865577777778
            ],
            [
              -75.14191534444446,
              6.190865577777778
            ],
            [
              -75.14191534444446,
              6.191143355555556
            ],
            [
              -75.14163756666667,
              6.191143355555556
            ],
            [
              -75.14163756666667,
              6.192254466666667
            ],
            [
              -75.14191534444446,
              6.192254466666667
            ],
            [
              -75.14191534444446,
              6.192810022222223
            ],
            [
              -75.14163756666667,
              6.192810022222223
            ],
            [
              -75.14163756666667,
              6.194476688888889
            ],
            [
              -75.14191534444446,
              6.194476688888889
            ],
            [
              -75.14191534444446,
              6.195032244444445
            ],
            [
              -75.14219312222222,
              6.195032244444445
            ],
            [
              -75.14219312222222,
              6.195310022222222
            ],
            [
              -75.1424709,
              6.195310022222222
            ],
            [
              -75.1424709,
              6.1955878
            ],
            [
              -75.14330423333334,
              6.1955878
            ],
            [
              -75.14330423333334,
              6.195865577777778
            ],
            [
              -75.14358201111112,
              6.195865577777778
            ],
            [
              -75.14358201111112,
              6.197810022222223
            ],
            [
              -75.14330423333334,
              6.197810022222223
            ],
            [
              -75.14330423333334,
              6.198087800000001
            ],
            [
              -75.14302645555556,
              6.198087800000001
            ],
            [
              -75.14302645555556,
              6.198365577777778
            ],
            [
              -75.14274867777779,
              6.198365577777778
            ],
            [
              -75.14274867777779,
              6.199198911111112
            ],
            [
              -75.14219312222222,
              6.199198911111112
            ],
            [
              -75.14219312222222,
              6.199754466666667
            ],
            [
              -75.14191534444446,
              6.199754466666667
            ],
            [
              -75.14191534444446,
              6.2005878
            ],
            [
              -75.14163756666667,
              6.2005878
            ],
            [
              -75.14163756666667,
              6.201143355555556
            ],
            [
              -75.14108201111112,
              6.201143355555556
            ],
            [
              -75.14108201111112,
              6.202254466666667
            ],
            [
              -75.14024867777779,
              6.202254466666667
            ],
            [
              -75.14024867777779,
              6.202532244444445
            ],
            [
              -75.13969312222223,
              6.202532244444445
            ],
            [
              -75.13969312222223,
              6.2030878000000005
            ],
            [
              -75.13941534444444,
              6.2030878000000005
            ],
            [
              -75.13941534444444,
              6.203365577777778
            ],
            [
              -75.13913756666668,
              6.203365577777778
            ],
            [
              -75.13913756666668,
              6.203921133333334
            ],
            [
              -75.1388597888889,
              6.203921133333334
            ],
            [
              -75.1388597888889,
              6.204198911111112
            ],
            [
              -75.13858201111111,
              6.204198911111112
            ],
            [
              -75.13858201111111,
              6.20447668888889
            ],
            [
              -75.13802645555556,
              6.20447668888889
            ],
            [
              -75.13802645555556,
              6.204754466666667
            ],
            [
              -75.13774867777778,
              6.204754466666667
            ],
            [
              -75.13774867777778,
              6.205310022222223
            ],
            [
              -75.13747090000001,
              6.205310022222223
            ],
            [
              -75.13747090000001,
              6.205865577777778
            ],
            [
              -75.13719312222223,
              6.205865577777778
            ],
            [
              -75.13719312222223,
              6.207254466666667
            ],
            [
              -75.13691534444445,
              6.207254466666667
            ],
            [
              -75.13691534444445,
              6.208643355555556
            ],
            [
              -75.1363597888889,
              6.208643355555556
            ],
            [
              -75.1363597888889,
              6.208921133333334
            ],
            [
              -75.13580423333335,
              6.208921133333334
            ],
            [
              -75.13580423333335,
              6.209198911111112
            ],
            [
              -75.13552645555556,
              6.209198911111112
            ],
            [
              -75.13552645555556,
              6.2094766888888895
            ],
            [
              -75.1338597888889,
              6.2094766888888895
            ],
            [
              -75.1338597888889,
              6.209198911111112
            ],
            [
              -75.13330423333333,
              6.209198911111112
            ],
            [
              -75.13330423333333,
              6.2094766888888895
            ],
            [
              -75.13191534444445,
              6.2094766888888895
            ],
            [
              -75.13191534444445,
              6.209754466666667
            ],
            [
              -75.1313597888889,
              6.209754466666667
            ],
            [
              -75.1313597888889,
              6.210032244444445
            ],
            [
              -75.12913756666667,
              6.210032244444445
            ],
            [
              -75.12913756666667,
              6.210310022222223
            ],
            [
              -75.12885978888889,
              6.210310022222223
            ],
            [
              -75.12885978888889,
              6.210587800000001
            ],
            [
              -75.12858201111112,
              6.210587800000001
            ],
            [
              -75.12858201111112,
              6.211143355555556
            ],
            [
              -75.12885978888889,
              6.211143355555556
            ],
            [
              -75.12885978888889,
              6.211976688888889
            ],
            [
              -75.12913756666667,
              6.211976688888889
            ],
            [
              -75.12913756666667,
              6.212254466666667
            ],
            [
              -75.12941534444445,
              6.212254466666667
            ],
            [
              -75.12941534444445,
              6.213365577777778
            ],
            [
              -75.12969312222224,
              6.213365577777778
            ],
            [
              -75.12969312222224,
              6.214198911111112
            ],
            [
              -75.12941534444445,
              6.214198911111112
            ],
            [
              -75.12941534444445,
              6.216698911111111
            ],
            [
              -75.12969312222224,
              6.216698911111111
            ],
            [
              -75.12969312222224,
              6.2175322444444445
            ],
            [
              -75.1299709,
              6.2175322444444445
            ],
            [
              -75.1299709,
              6.217810022222222
            ],
            [
              -75.12969312222224,
              6.217810022222222
            ],
            [
              -75.12969312222224,
              6.218365577777778
            ],
            [
              -75.12941534444445,
              6.218365577777778
            ],
            [
              -75.12941534444445,
              6.218643355555556
            ],
            [
              -75.12969312222224,
              6.218643355555556
            ],
            [
              -75.12969312222224,
              6.219754466666667
            ],
            [
              -75.1299709,
              6.219754466666667
            ],
            [
              -75.1299709,
              6.221421133333334
            ],
            [
              -75.12969312222224,
              6.221421133333334
            ],
            [
              -75.12969312222224,
              6.22197668888889
            ],
            [
              -75.12941534444445,
              6.22197668888889
            ],
            [
              -75.12941534444445,
              6.222810022222222
            ],
            [
              -75.12969312222224,
              6.222810022222222
            ],
            [
              -75.12969312222224,
              6.2239211333333335
            ],
            [
              -75.1299709,
              6.2239211333333335
            ],
            [
              -75.1299709,
              6.224198911111111
            ],
            [
              -75.13024867777779,
              6.224198911111111
            ],
            [
              -75.13024867777779,
              6.224476688888889
            ],
            [
              -75.13080423333334,
              6.224476688888889
            ],
            [
              -75.13080423333334,
              6.2255878000000004
            ],
            [
              -75.13052645555557,
              6.2255878000000004
            ],
            [
              -75.13052645555557,
              6.227532244444445
            ],
            [
              -75.13080423333334,
              6.227532244444445
            ],
            [
              -75.13080423333334,
              6.229754466666667
            ],
            [
              -75.13108201111112,
              6.229754466666667
            ],
            [
              -75.13108201111112,
              6.2305878
            ],
            [
              -75.13080423333334,
              6.2305878
            ],
            [
              -75.13080423333334,
              6.232254466666667
            ],
            [
              -75.13108201111112,
              6.232254466666667
            ],
            [
              -75.13108201111112,
              6.233087800000001
            ],
            [
              -75.12941534444445,
              6.233087800000001
            ],
            [
              -75.12941534444445,
              6.2333655777777786
            ],
            [
              -75.12802645555556,
              6.2333655777777786
            ],
            [
              -75.12802645555556,
              6.233643355555556
            ],
            [
              -75.12774867777779,
              6.233643355555556
            ],
            [
              -75.12774867777779,
              6.233921133333334
            ],
            [
              -75.12719312222222,
              6.233921133333334
            ],
            [
              -75.12719312222222,
              6.234198911111111
            ],
            [
              -75.12691534444446,
              6.234198911111111
            ],
            [
              -75.12691534444446,
              6.234476688888889
            ],
            [
              -75.12663756666667,
              6.234476688888889
            ],
            [
              -75.12663756666667,
              6.234754466666667
            ],
            [
              -75.12635978888889,
              6.234754466666667
            ],
            [
              -75.12635978888889,
              6.235032244444445
            ],
            [
              -75.12608201111112,
              6.235032244444445
            ],
            [
              -75.12608201111112,
              6.235310022222222
            ],
            [
              -75.12635978888889,
              6.235310022222222
            ],
            [
              -75.12635978888889,
              6.2355878
            ],
            [
              -75.12608201111112,
              6.2355878
            ],
            [
              -75.12608201111112,
              6.236976688888889
            ],
            [
              -75.12635978888889,
              6.236976688888889
            ],
            [
              -75.12635978888889,
              6.237254466666667
            ],
            [
              -75.12663756666667,
              6.237254466666667
            ],
            [
              -75.12663756666667,
              6.237532244444445
            ],
            [
              -75.12691534444446,
              6.237532244444445
            ],
            [
              -75.12691534444446,
              6.237810022222223
            ],
            [
              -75.12719312222222,
              6.237810022222223
            ],
            [
              -75.12719312222222,
              6.238087800000001
            ],
            [
              -75.12691534444446,
              6.238087800000001
            ],
            [
              -75.12691534444446,
              6.2383655777777784
            ],
            [
              -75.12663756666667,
              6.2383655777777784
            ],
            [
              -75.12663756666667,
              6.238921133333334
            ],
            [
              -75.12635978888889,
              6.238921133333334
            ],
            [
              -75.12635978888889,
              6.239198911111112
            ],
            [
              -75.12608201111112,
              6.239198911111112
            ],
            [
              -75.12608201111112,
              6.239754466666667
            ],
            [
              -75.12635978888889,
              6.239754466666667
            ],
            [
              -75.12635978888889,
              6.240310022222222
            ],
            [
              -75.12663756666667,
              6.240310022222222
            ],
            [
              -75.12663756666667,
              6.241698911111111
            ],
            [
              -75.12691534444446,
              6.241698911111111
            ],
            [
              -75.12691534444446,
              6.242254466666667
            ],
            [
              -75.12719312222222,
              6.242254466666667
            ],
            [
              -75.12719312222222,
              6.243365577777778
            ],
            [
              -75.12802645555556,
              6.243365577777778
            ],
            [
              -75.12802645555556,
              6.243921133333334
            ],
            [
              -75.12858201111112,
              6.243921133333334
            ],
            [
              -75.12858201111112,
              6.244198911111112
            ],
            [
              -75.12969312222224,
              6.244198911111112
            ],
            [
              -75.12969312222224,
              6.24447668888889
            ],
            [
              -75.13024867777779,
              6.24447668888889
            ],
            [
              -75.13024867777779,
              6.2447544666666674
            ],
            [
              -75.13052645555557,
              6.2447544666666674
            ],
            [
              -75.13052645555557,
              6.245032244444445
            ],
            [
              -75.13108201111112,
              6.245032244444445
            ],
            [
              -75.13108201111112,
              6.245310022222222
            ],
            [
              -75.1313597888889,
              6.245310022222222
            ],
            [
              -75.1313597888889,
              6.2455878
            ],
            [
              -75.13191534444445,
              6.2455878
            ],
            [
              -75.13191534444445,
              6.245865577777778
            ],
            [
              -75.13219312222223,
              6.245865577777778
            ],
            [
              -75.13219312222223,
              6.246143355555556
            ],
            [
              -75.1324709,
              6.246143355555556
            ],
            [
              -75.1324709,
              6.2464211333333335
            ],
            [
              -75.13274867777778,
              6.2464211333333335
            ],
            [
              -75.13274867777778,
              6.246976688888889
            ],
            [
              -75.13302645555557,
              6.246976688888889
            ],
            [
              -75.13302645555557,
              6.247254466666667
            ],
            [
              -75.13330423333333,
              6.247254466666667
            ],
            [
              -75.13330423333333,
              6.247532244444445
            ],
            [
              -75.13358201111112,
              6.247532244444445
            ],
            [
              -75.13358201111112,
              6.248365577777778
            ],
            [
              -75.13413756666667,
              6.248365577777778
            ],
            [
              -75.13413756666667,
              6.248643355555556
            ],
            [
              -75.13441534444445,
              6.248643355555556
            ],
            [
              -75.13441534444445,
              6.248921133333334
            ],
            [
              -75.13497090000001,
              6.248921133333334
            ],
            [
              -75.13497090000001,
              6.249198911111112
            ],
            [
              -75.13524867777778,
              6.249198911111112
            ],
            [
              -75.13524867777778,
              6.2494766888888895
            ],
            [
              -75.13552645555556,
              6.2494766888888895
            ],
            [
              -75.13552645555556,
              6.249754466666667
            ],
            [
              -75.13608201111111,
              6.249754466666667
            ],
            [
              -75.13608201111111,
              6.250032244444445
            ],
            [
              -75.13663756666668,
              6.250032244444445
            ],
            [
              -75.13663756666668,
              6.250310022222223
            ],
            [
              -75.13691534444445,
              6.250310022222223
            ],
            [
              -75.13691534444445,
              6.250587800000001
            ],
            [
              -75.13747090000001,
              6.250587800000001
            ],
            [
              -75.13747090000001,
              6.250865577777779
            ],
            [
              -75.13830423333334,
              6.250865577777779
            ],
            [
              -75.13830423333334,
              6.250587800000001
            ],
            [
              -75.1388597888889,
              6.250587800000001
            ],
            [
              -75.1388597888889,
              6.250310022222223
            ],
            [
              -75.13941534444444,
              6.250310022222223
            ],
            [
              -75.13941534444444,
              6.250032244444445
            ],
            [
              -75.14080423333334,
              6.250032244444445
            ],
            [
              -75.14080423333334,
              6.250310022222223
            ],
            [
              -75.14108201111112,
              6.250310022222223
            ],
            [
              -75.14108201111112,
              6.251143355555556
            ],
            [
              -75.14135978888889,
              6.251143355555556
            ],
            [
              -75.14135978888889,
              6.251698911111111
            ],
            [
              -75.14163756666667,
              6.251698911111111
            ],
            [
              -75.14163756666667,
              6.251976688888889
            ],
            [
              -75.14191534444446,
              6.251976688888889
            ],
            [
              -75.14191534444446,
              6.252254466666667
            ],
            [
              -75.14219312222222,
              6.252254466666667
            ],
            [
              -75.14219312222222,
              6.252532244444445
            ],
            [
              -75.1424709,
              6.252532244444445
            ],
            [
              -75.1424709,
              6.2528100222222225
            ],
            [
              -75.14330423333334,
              6.2528100222222225
            ],
            [
              -75.14330423333334,
              6.2530878
            ],
            [
              -75.14358201111112,
              6.2530878
            ],
            [
              -75.14358201111112,
              6.253643355555556
            ],
            [
              -75.14385978888889,
              6.253643355555556
            ],
            [
              -75.14385978888889,
              6.254476688888889
            ],
            [
              -75.14413756666667,
              6.254476688888889
            ],
            [
              -75.14413756666667,
              6.255310022222223
            ],
            [
              -75.14469312222222,
              6.255310022222223
            ],
            [
              -75.14469312222222,
              6.255587800000001
            ],
            [
              -75.14524867777779,
              6.255587800000001
            ],
            [
              -75.14524867777779,
              6.2558655777777785
            ],
            [
              -75.14608201111112,
              6.2558655777777785
            ],
            [
              -75.14608201111112,
              6.256143355555556
            ],
            [
              -75.1463597888889,
              6.256143355555556
            ],
            [
              -75.1463597888889,
              6.256698911111112
            ],
            [
              -75.14663756666667,
              6.256698911111112
            ],
            [
              -75.14663756666667,
              6.257254466666667
            ],
            [
              -75.1463597888889,
              6.257254466666667
            ],
            [
              -75.1463597888889,
              6.257532244444445
            ],
            [
              -75.14608201111112,
              6.257532244444445
            ],
            [
              -75.14608201111112,
              6.258643355555556
            ],
            [
              -75.14580423333334,
              6.258643355555556
            ],
            [
              -75.14580423333334,
              6.259476688888889
            ],
            [
              -75.14552645555557,
              6.259476688888889
            ],
            [
              -75.14552645555557,
              6.259754466666667
            ],
            [
              -75.14469312222222,
              6.259754466666667
            ],
            [
              -75.14469312222222,
              6.260587800000001
            ],
            [
              -75.14441534444445,
              6.260587800000001
            ],
            [
              -75.14441534444445,
              6.260865577777778
            ],
            [
              -75.14413756666667,
              6.260865577777778
            ],
            [
              -75.14413756666667,
              6.261698911111112
            ],
            [
              -75.14385978888889,
              6.261698911111112
            ],
            [
              -75.14385978888889,
              6.26197668888889
            ],
            [
              -75.14358201111112,
              6.26197668888889
            ],
            [
              -75.14358201111112,
              6.2625322444444445
            ],
            [
              -75.14385978888889,
              6.2625322444444445
            ],
            [
              -75.14385978888889,
              6.262810022222222
            ],
            [
              -75.14441534444445,
              6.262810022222222
            ],
            [
              -75.14441534444445,
              6.2630878
            ],
            [
              -75.14469312222222,
              6.2630878
            ],
            [
              -75.14469312222222,
              6.264198911111111
            ],
            [
              -75.1449709,
              6.264198911111111
            ],
            [
              -75.1449709,
              6.264476688888889
            ],
            [
              -75.14524867777779,
              6.264476688888889
            ],
            [
              -75.14524867777779,
              6.264754466666667
            ],
            [
              -75.14552645555557,
              6.264754466666667
            ],
            [
              -75.14552645555557,
              6.265032244444445
            ],
            [
              -75.14580423333334,
              6.265032244444445
            ],
            [
              -75.14580423333334,
              6.265865577777778
            ],
            [
              -75.14663756666667,
              6.265865577777778
            ],
            [
              -75.14663756666667,
              6.266143355555556
            ],
            [
              -75.14691534444445,
              6.266143355555556
            ],
            [
              -75.14691534444445,
              6.26697668888889
            ],
            [
              -75.14663756666667,
              6.26697668888889
            ],
            [
              -75.14663756666667,
              6.267532244444445
            ],
            [
              -75.14691534444445,
              6.267532244444445
            ],
            [
              -75.14691534444445,
              6.267810022222223
            ],
            [
              -75.14719312222223,
              6.267810022222223
            ],
            [
              -75.14719312222223,
              6.2680878
            ],
            [
              -75.1474709,
              6.2680878
            ],
            [
              -75.1474709,
              6.268365577777778
            ],
            [
              -75.14774867777778,
              6.268365577777778
            ],
            [
              -75.14774867777778,
              6.268643355555556
            ],
            [
              -75.1474709,
              6.268643355555556
            ],
            [
              -75.1474709,
              6.269476688888889
            ],
            [
              -75.14774867777778,
              6.269476688888889
            ],
            [
              -75.14774867777778,
              6.270032244444445
            ],
            [
              -75.1474709,
              6.270032244444445
            ],
            [
              -75.1474709,
              6.270310022222223
            ],
            [
              -75.14719312222223,
              6.270310022222223
            ],
            [
              -75.14719312222223,
              6.271143355555556
            ],
            [
              -75.1474709,
              6.271143355555556
            ],
            [
              -75.1474709,
              6.2719766888888895
            ],
            [
              -75.14719312222223,
              6.2719766888888895
            ],
            [
              -75.14719312222223,
              6.272254466666667
            ],
            [
              -75.14691534444445,
              6.272254466666667
            ],
            [
              -75.14691534444445,
              6.272810022222223
            ],
            [
              -75.1463597888889,
              6.272810022222223
            ],
            [
              -75.1463597888889,
              6.273087800000001
            ],
            [
              -75.14580423333334,
              6.273087800000001
            ],
            [
              -75.14580423333334,
              6.274198911111111
            ],
            [
              -75.14608201111112,
              6.274198911111111
            ],
            [
              -75.14608201111112,
              6.274476688888889
            ],
            [
              -75.1463597888889,
              6.274476688888889
            ],
            [
              -75.1463597888889,
              6.274754466666667
            ],
            [
              -75.14663756666667,
              6.274754466666667
            ],
            [
              -75.14663756666667,
              6.276698911111112
            ],
            [
              -75.14691534444445,
              6.276698911111112
            ],
            [
              -75.14691534444445,
              6.276976688888889
            ],
            [
              -75.14719312222223,
              6.276976688888889
            ],
            [
              -75.14719312222223,
              6.277254466666667
            ],
            [
              -75.1474709,
              6.277254466666667
            ],
            [
              -75.1474709,
              6.277810022222223
            ],
            [
              -75.14774867777778,
              6.277810022222223
            ],
            [
              -75.14774867777778,
              6.2783655777777785
            ],
            [
              -75.1474709,
              6.2783655777777785
            ],
            [
              -75.1474709,
              6.279198911111111
            ],
            [
              -75.14691534444445,
              6.279198911111111
            ],
            [
              -75.14691534444445,
              6.27947668888889
            ],
            [
              -75.1463597888889,
              6.27947668888889
            ],
            [
              -75.1463597888889,
              6.279754466666667
            ],
            [
              -75.14608201111112,
              6.279754466666667
            ],
            [
              -75.14608201111112,
              6.281976688888889
            ],
            [
              -75.14580423333334,
              6.281976688888889
            ],
            [
              -75.14580423333334,
              6.282532244444445
            ],
            [
              -75.14552645555557,
              6.282532244444445
            ],
            [
              -75.14552645555557,
              6.283365577777778
            ],
            [
              -75.14524867777779,
              6.283365577777778
            ],
            [
              -75.14524867777779,
              6.284198911111112
            ],
            [
              -75.14469312222222,
              6.284198911111112
            ],
            [
              -75.14469312222222,
              6.28447668888889
            ],
            [
              -75.14413756666667,
              6.28447668888889
            ],
            [
              -75.14413756666667,
              6.285032244444444
            ],
            [
              -75.14385978888889,
              6.285032244444444
            ],
            [
              -75.14385978888889,
              6.286698911111111
            ],
            [
              -75.14413756666667,
              6.286698911111111
            ],
            [
              -75.14413756666667,
              6.286976688888889
            ],
            [
              -75.14524867777779,
              6.286976688888889
            ],
            [
              -75.14524867777779,
              6.287532244444445
            ],
            [
              -75.14552645555557,
              6.287532244444445
            ],
            [
              -75.14552645555557,
              6.287810022222223
            ],
            [
              -75.14608201111112,
              6.287810022222223
            ],
            [
              -75.14608201111112,
              6.287532244444445
            ],
            [
              -75.14691534444445,
              6.287532244444445
            ],
            [
              -75.14691534444445,
              6.2880878000000004
            ],
            [
              -75.14719312222223,
              6.2880878000000004
            ],
            [
              -75.14719312222223,
              6.288643355555556
            ],
            [
              -75.1474709,
              6.288643355555556
            ],
            [
              -75.1474709,
              6.2894766888888896
            ],
            [
              -75.1488597888889,
              6.2894766888888896
            ],
            [
              -75.1488597888889,
              6.291421133333333
            ],
            [
              -75.14913756666667,
              6.291421133333333
            ],
            [
              -75.14913756666667,
              6.291976688888889
            ],
            [
              -75.14941534444445,
              6.291976688888889
            ],
            [
              -75.14941534444445,
              6.292254466666667
            ],
            [
              -75.14969312222223,
              6.292254466666667
            ],
            [
              -75.14969312222223,
              6.292532244444445
            ],
            [
              -75.14941534444445,
              6.292532244444445
            ],
            [
              -75.14941534444445,
              6.293365577777778
            ],
            [
              -75.1499709,
              6.293365577777778
            ],
            [
              -75.1499709,
              6.293921133333334
            ],
            [
              -75.15024867777778,
              6.293921133333334
            ],
            [
              -75.15024867777778,
              6.294198911111112
            ],
            [
              -75.15052645555556,
              6.294198911111112
            ],
            [
              -75.15052645555556,
              6.2944766888888894
            ],
            [
              -75.15080423333335,
              6.2944766888888894
            ],
            [
              -75.15080423333335,
              6.295587800000001
            ],
            [
              -75.1513597888889,
              6.295587800000001
            ],
            [
              -75.1513597888889,
              6.2958655777777786
            ],
            [
              -75.15163756666668,
              6.2958655777777786
            ],
            [
              -75.15163756666668,
              6.296143355555556
            ],
            [
              -75.15191534444445,
              6.296143355555556
            ],
            [
              -75.15191534444445,
              6.296421133333334
            ],
            [
              -75.15219312222223,
              6.296421133333334
            ],
            [
              -75.15219312222223,
              6.296976688888889
            ],
            [
              -75.15247090000001,
              6.296976688888889
            ],
            [
              -75.15247090000001,
              6.297254466666667
            ],
            [
              -75.15302645555556,
              6.297254466666667
            ],
            [
              -75.15302645555556,
              6.296976688888889
            ],
            [
              -75.15469312222223,
              6.296976688888889
            ],
            [
              -75.15469312222223,
              6.297810022222222
            ],
            [
              -75.15441534444444,
              6.297810022222222
            ],
            [
              -75.15441534444444,
              6.301143355555556
            ],
            [
              -75.15469312222223,
              6.301143355555556
            ],
            [
              -75.15469312222223,
              6.301421133333334
            ],
            [
              -75.15524867777778,
              6.301421133333334
            ],
            [
              -75.15524867777778,
              6.301976688888889
            ],
            [
              -75.15552645555556,
              6.301976688888889
            ],
            [
              -75.15552645555556,
              6.301698911111112
            ],
            [
              -75.15580423333334,
              6.301698911111112
            ],
            [
              -75.15580423333334,
              6.301421133333334
            ],
            [
              -75.15608201111112,
              6.301421133333334
            ],
            [
              -75.15608201111112,
              6.301143355555556
            ],
            [
              -75.15635978888889,
              6.301143355555556
            ],
            [
              -75.15635978888889,
              6.3008655777777784
            ],
            [
              -75.15691534444446,
              6.3008655777777784
            ],
            [
              -75.15691534444446,
              6.300587800000001
            ],
            [
              -75.15719312222222,
              6.300587800000001
            ],
            [
              -75.15719312222222,
              6.300310022222223
            ],
            [
              -75.1574709,
              6.300310022222223
            ],
            [
              -75.1574709,
              6.299754466666667
            ],
            [
              -75.15830423333334,
              6.299754466666667
            ],
            [
              -75.15830423333334,
              6.299476688888889
            ],
            [
              -75.15941534444445,
              6.299476688888889
            ],
            [
              -75.15941534444445,
              6.2991989111111115
            ],
            [
              -75.15969312222222,
              6.2991989111111115
            ],
            [
              -75.15969312222222,
              6.298365577777778
            ],
            [
              -75.16080423333334,
              6.298365577777778
            ],
            [
              -75.16080423333334,
              6.2980878
            ],
            [
              -75.16108201111112,
              6.2980878
            ],
            [
              -75.16108201111112,
              6.298643355555556
            ],
            [
              -75.16163756666667,
              6.298643355555556
            ],
            [
              -75.16163756666667,
              6.298365577777778
            ],
            [
              -75.16274867777778,
              6.298365577777778
            ],
            [
              -75.16274867777778,
              6.298643355555556
            ],
            [
              -75.16330423333333,
              6.298643355555556
            ],
            [
              -75.16330423333333,
              6.298921133333334
            ],
            [
              -75.16413756666667,
              6.298921133333334
            ],
            [
              -75.16413756666667,
              6.2991989111111115
            ],
            [
              -75.1649709,
              6.2991989111111115
            ],
            [
              -75.1649709,
              6.299476688888889
            ],
            [
              -75.16580423333333,
              6.299476688888889
            ],
            [
              -75.16580423333333,
              6.299754466666667
            ],
            [
              -75.16608201111111,
              6.299754466666667
            ],
            [
              -75.16608201111111,
              6.3008655777777784
            ],
            [
              -75.1663597888889,
              6.3008655777777784
            ],
            [
              -75.1663597888889,
              6.300587800000001
            ],
            [
              -75.16663756666668,
              6.300587800000001
            ],
            [
              -75.16663756666668,
              6.3008655777777784
            ],
            [
              -75.16691534444445,
              6.3008655777777784
            ],
            [
              -75.16691534444445,
              6.301143355555556
            ],
            [
              -75.16719312222223,
              6.301143355555556
            ],
            [
              -75.16719312222223,
              6.301421133333334
            ],
            [
              -75.16747090000001,
              6.301421133333334
            ],
            [
              -75.16747090000001,
              6.301698911111112
            ],
            [
              -75.16774867777778,
              6.301698911111112
            ],
            [
              -75.16774867777778,
              6.301976688888889
            ],
            [
              -75.16802645555556,
              6.301976688888889
            ],
            [
              -75.16802645555556,
              6.302254466666667
            ],
            [
              -75.16830423333334,
              6.302254466666667
            ],
            [
              -75.16830423333334,
              6.3025322444444445
            ],
            [
              -75.16858201111111,
              6.3025322444444445
            ],
            [
              -75.16858201111111,
              6.302810022222222
            ],
            [
              -75.1688597888889,
              6.302810022222222
            ],
            [
              -75.1688597888889,
              6.3030878
            ],
            [
              -75.16913756666668,
              6.3030878
            ],
            [
              -75.16913756666668,
              6.303365577777778
            ],
            [
              -75.16941534444445,
              6.303365577777778
            ],
            [
              -75.16941534444445,
              6.303643355555556
            ],
            [
              -75.16969312222223,
              6.303643355555556
            ],
            [
              -75.16969312222223,
              6.303921133333334
            ],
            [
              -75.16997090000001,
              6.303921133333334
            ],
            [
              -75.16997090000001,
              6.304198911111111
            ],
            [
              -75.17024867777778,
              6.304198911111111
            ],
            [
              -75.17024867777778,
              6.3055878000000005
            ],
            [
              -75.17052645555556,
              6.3055878000000005
            ],
            [
              -75.17052645555556,
              6.304198911111111
            ],
            [
              -75.17080423333334,
              6.304198911111111
            ],
            [
              -75.17080423333334,
              6.303921133333334
            ],
            [
              -75.17108201111111,
              6.303921133333334
            ],
            [
              -75.17108201111111,
              6.303643355555556
            ],
            [
              -75.17135978888889,
              6.303643355555556
            ],
            [
              -75.17135978888889,
              6.303365577777778
            ],
            [
              -75.17163756666667,
              6.303365577777778
            ],
            [
              -75.17163756666667,
              6.3030878
            ],
            [
              -75.17191534444446,
              6.3030878
            ],
            [
              -75.17191534444446,
              6.302810022222222
            ],
            [
              -75.17219312222223,
              6.302810022222222
            ],
            [
              -75.17219312222223,
              6.3025322444444445
            ],
            [
              -75.17247090000001,
              6.3025322444444445
            ],
            [
              -75.17247090000001,
              6.302254466666667
            ],
            [
              -75.17274867777779,
              6.302254466666667
            ],
            [
              -75.17274867777779,
              6.301976688888889
            ],
            [
              -75.17302645555556,
              6.301976688888889
            ],
            [
              -75.17302645555556,
              6.301698911111112
            ],
            [
              -75.17330423333334,
              6.301698911111112
            ],
            [
              -75.17330423333334,
              6.301421133333334
            ],
            [
              -75.17358201111112,
              6.301421133333334
            ],
            [
              -75.17358201111112,
              6.301143355555556
            ],
            [
              -75.17385978888889,
              6.301143355555556
            ],
            [
              -75.17385978888889,
              6.3008655777777784
            ],
            [
              -75.17413756666667,
              6.3008655777777784
            ],
            [
              -75.17413756666667,
              6.300587800000001
            ],
            [
              -75.17441534444445,
              6.300587800000001
            ],
            [
              -75.17441534444445,
              6.3008655777777784
            ],
            [
              -75.1749709,
              6.3008655777777784
            ],
            [
              -75.1749709,
              6.300587800000001
            ],
            [
              -75.17524867777779,
              6.300587800000001
            ],
            [
              -75.17524867777779,
              6.298643355555556
            ],
            [
              -75.17552645555556,
              6.298643355555556
            ],
            [
              -75.17552645555556,
              6.298365577777778
            ],
            [
              -75.17663756666667,
              6.298365577777778
            ],
            [
              -75.17663756666667,
              6.2980878
            ],
            [
              -75.17830423333334,
              6.2980878
            ],
            [
              -75.17830423333334,
              6.297810022222222
            ],
            [
              -75.17858201111112,
              6.297810022222222
            ],
            [
              -75.17858201111112,
              6.297532244444445
            ],
            [
              -75.1788597888889,
              6.297532244444445
            ],
            [
              -75.1788597888889,
              6.296976688888889
            ],
            [
              -75.17913756666667,
              6.296976688888889
            ],
            [
              -75.17913756666667,
              6.296698911111111
            ],
            [
              -75.17941534444445,
              6.296698911111111
            ],
            [
              -75.17941534444445,
              6.296421133333334
            ],
            [
              -75.1799709,
              6.296421133333334
            ],
            [
              -75.1799709,
              6.296143355555556
            ],
            [
              -75.1813597888889,
              6.296143355555556
            ],
            [
              -75.1813597888889,
              6.2958655777777786
            ],
            [
              -75.18497090000001,
              6.2958655777777786
            ],
            [
              -75.18497090000001,
              6.296143355555556
            ],
            [
              -75.18580423333334,
              6.296143355555556
            ],
            [
              -75.18580423333334,
              6.2958655777777786
            ],
            [
              -75.18663756666668,
              6.2958655777777786
            ],
            [
              -75.18663756666668,
              6.295587800000001
            ],
            [
              -75.18747090000001,
              6.295587800000001
            ],
            [
              -75.18747090000001,
              6.295310022222223
            ],
            [
              -75.18774867777779,
              6.295310022222223
            ],
            [
              -75.18774867777779,
              6.294754466666667
            ],
            [
              -75.18802645555556,
              6.294754466666667
            ],
            [
              -75.18802645555556,
              6.2944766888888894
            ],
            [
              -75.18830423333334,
              6.2944766888888894
            ],
            [
              -75.18830423333334,
              6.294754466666667
            ],
            [
              -75.18885978888889,
              6.294754466666667
            ],
            [
              -75.18885978888889,
              6.295032244444445
            ],
            [
              -75.18913756666667,
              6.295032244444445
            ],
            [
              -75.18913756666667,
              6.295587800000001
            ],
            [
              -75.18941534444446,
              6.295587800000001
            ],
            [
              -75.18941534444446,
              6.2958655777777786
            ],
            [
              -75.18969312222222,
              6.2958655777777786
            ],
            [
              -75.18969312222222,
              6.296143355555556
            ],
            [
              -75.1899709,
              6.296143355555556
            ],
            [
              -75.1899709,
              6.296421133333334
            ],
            [
              -75.19024867777779,
              6.296421133333334
            ],
            [
              -75.19024867777779,
              6.296698911111111
            ],
            [
              -75.19052645555556,
              6.296698911111111
            ],
            [
              -75.19052645555556,
              6.296976688888889
            ],
            [
              -75.19108201111112,
              6.296976688888889
            ],
            [
              -75.19108201111112,
              6.297254466666667
            ],
            [
              -75.19191534444445,
              6.297254466666667
            ],
            [
              -75.19191534444445,
              6.297532244444445
            ],
            [
              -75.1924709,
              6.297532244444445
            ],
            [
              -75.1924709,
              6.297810022222222
            ],
            [
              -75.19274867777779,
              6.297810022222222
            ],
            [
              -75.19274867777779,
              6.2980878
            ],
            [
              -75.1938597888889,
              6.2980878
            ],
            [
              -75.1938597888889,
              6.298365577777778
            ],
            [
              -75.19413756666667,
              6.298365577777778
            ],
            [
              -75.19413756666667,
              6.298921133333334
            ],
            [
              -75.19469312222223,
              6.298921133333334
            ],
            [
              -75.19469312222223,
              6.299476688888889
            ],
            [
              -75.1949709,
              6.299476688888889
            ],
            [
              -75.1949709,
              6.302254466666667
            ],
            [
              -75.19524867777778,
              6.302254466666667
            ],
            [
              -75.19524867777778,
              6.302810022222222
            ],
            [
              -75.19552645555557,
              6.302810022222222
            ],
            [
              -75.19552645555557,
              6.3030878
            ],
            [
              -75.19608201111112,
              6.3030878
            ],
            [
              -75.19608201111112,
              6.303921133333334
            ],
            [
              -75.19552645555557,
              6.303921133333334
            ],
            [
              -75.19552645555557,
              6.304198911111111
            ],
            [
              -75.19524867777778,
              6.304198911111111
            ],
            [
              -75.19524867777778,
              6.304476688888889
            ],
            [
              -75.1949709,
              6.304476688888889
            ],
            [
              -75.1949709,
              6.305865577777778
            ],
            [
              -75.19524867777778,
              6.305865577777778
            ],
            [
              -75.19524867777778,
              6.306143355555556
            ],
            [
              -75.19552645555557,
              6.306143355555556
            ],
            [
              -75.19552645555557,
              6.30697668888889
            ],
            [
              -75.19580423333333,
              6.30697668888889
            ],
            [
              -75.19580423333333,
              6.3089211333333335
            ],
            [
              -75.19608201111112,
              6.3089211333333335
            ],
            [
              -75.19608201111112,
              6.309198911111111
            ],
            [
              -75.19663756666667,
              6.309198911111111
            ],
            [
              -75.19663756666667,
              6.309754466666667
            ],
            [
              -75.19691534444445,
              6.309754466666667
            ],
            [
              -75.19691534444445,
              6.3105878
            ],
            [
              -75.19719312222223,
              6.3105878
            ],
            [
              -75.19719312222223,
              6.310865577777778
            ],
            [
              -75.19830423333335,
              6.310865577777778
            ],
            [
              -75.19830423333335,
              6.311143355555556
            ],
            [
              -75.19858201111111,
              6.311143355555556
            ],
            [
              -75.19858201111111,
              6.311421133333334
            ],
            [
              -75.1988597888889,
              6.311421133333334
            ],
            [
              -75.1988597888889,
              6.3119766888888895
            ],
            [
              -75.19913756666668,
              6.3119766888888895
            ],
            [
              -75.19913756666668,
              6.312254466666667
            ],
            [
              -75.20080423333334,
              6.312254466666667
            ],
            [
              -75.20080423333334,
              6.312810022222223
            ],
            [
              -75.20108201111111,
              6.312810022222223
            ],
            [
              -75.20108201111111,
              6.313921133333333
            ],
            [
              -75.2013597888889,
              6.313921133333333
            ],
            [
              -75.2013597888889,
              6.314198911111111
            ],
            [
              -75.20191534444444,
              6.314198911111111
            ],
            [
              -75.20191534444444,
              6.314476688888889
            ],
            [
              -75.20358201111112,
              6.314476688888889
            ],
            [
              -75.20358201111112,
              6.314754466666667
            ],
            [
              -75.20385978888889,
              6.314754466666667
            ],
            [
              -75.20385978888889,
              6.315032244444445
            ],
            [
              -75.20413756666667,
              6.315032244444445
            ],
            [
              -75.20413756666667,
              6.3155878
            ],
            [
              -75.20441534444446,
              6.3155878
            ],
            [
              -75.20441534444446,
              6.315865577777778
            ],
            [
              -75.20469312222222,
              6.315865577777778
            ],
            [
              -75.20469312222222,
              6.316421133333334
            ],
            [
              -75.2049709,
              6.316421133333334
            ],
            [
              -75.2049709,
              6.317254466666667
            ],
            [
              -75.20524867777779,
              6.317254466666667
            ],
            [
              -75.20524867777779,
              6.317810022222223
            ],
            [
              -75.2049709,
              6.317810022222223
            ],
            [
              -75.2049709,
              6.3183655777777785
            ],
            [
              -75.20469312222222,
              6.3183655777777785
            ],
            [
              -75.20469312222222,
              6.318921133333334
            ],
            [
              -75.20441534444446,
              6.318921133333334
            ],
            [
              -75.20441534444446,
              6.319476688888889
            ],
            [
              -75.20469312222222,
              6.319476688888889
            ],
            [
              -75.20469312222222,
              6.319754466666667
            ],
            [
              -75.2049709,
              6.319754466666667
            ],
            [
              -75.2049709,
              6.320310022222222
            ],
            [
              -75.20524867777779,
              6.320310022222222
            ],
            [
              -75.20524867777779,
              6.3205878
            ],
            [
              -75.20552645555556,
              6.3205878
            ],
            [
              -75.20552645555556,
              6.320865577777778
            ],
            [
              -75.20580423333334,
              6.320865577777778
            ],
            [
              -75.20580423333334,
              6.321143355555556
            ],
            [
              -75.20608201111112,
              6.321143355555556
            ],
            [
              -75.20608201111112,
              6.321421133333334
            ],
            [
              -75.20635978888889,
              6.321421133333334
            ],
            [
              -75.20635978888889,
              6.3216989111111115
            ],
            [
              -75.20663756666667,
              6.3216989111111115
            ],
            [
              -75.20663756666667,
              6.321976688888889
            ],
            [
              -75.20635978888889,
              6.321976688888889
            ],
            [
              -75.20635978888889,
              6.322532244444445
            ],
            [
              -75.20663756666667,
              6.322532244444445
            ],
            [
              -75.20663756666667,
              6.322810022222223
            ],
            [
              -75.20691534444445,
              6.322810022222223
            ],
            [
              -75.20691534444445,
              6.32447668888889
            ],
            [
              -75.20719312222222,
              6.32447668888889
            ],
            [
              -75.20719312222222,
              6.324754466666667
            ],
            [
              -75.2074709,
              6.324754466666667
            ],
            [
              -75.2074709,
              6.3250322444444445
            ],
            [
              -75.20774867777779,
              6.3250322444444445
            ],
            [
              -75.20774867777779,
              6.325310022222222
            ],
            [
              -75.20802645555557,
              6.325310022222222
            ],
            [
              -75.20802645555557,
              6.3255878
            ],
            [
              -75.20830423333334,
              6.3255878
            ],
            [
              -75.20830423333334,
              6.326143355555556
            ],
            [
              -75.20858201111112,
              6.326143355555556
            ],
            [
              -75.20858201111112,
              6.326421133333334
            ],
            [
              -75.2088597888889,
              6.326421133333334
            ],
            [
              -75.2088597888889,
              6.326698911111111
            ],
            [
              -75.20913756666667,
              6.326698911111111
            ],
            [
              -75.20913756666667,
              6.326976688888889
            ],
            [
              -75.20941534444445,
              6.326976688888889
            ],
            [
              -75.20941534444445,
              6.327532244444445
            ],
            [
              -75.21080423333333,
              6.327532244444445
            ],
            [
              -75.21080423333333,
              6.328365577777778
            ],
            [
              -75.21108201111112,
              6.328365577777778
            ],
            [
              -75.21108201111112,
              6.328921133333334
            ],
            [
              -75.2113597888889,
              6.328921133333334
            ],
            [
              -75.2113597888889,
              6.329198911111112
            ],
            [
              -75.21163756666667,
              6.329198911111112
            ],
            [
              -75.21163756666667,
              6.3305878
            ],
            [
              -75.2113597888889,
              6.3305878
            ],
            [
              -75.2113597888889,
              6.330865577777778
            ],
            [
              -75.21108201111112,
              6.330865577777778
            ],
            [
              -75.21108201111112,
              6.3314211333333335
            ],
            [
              -75.21052645555557,
              6.3314211333333335
            ],
            [
              -75.21052645555557,
              6.331698911111111
            ],
            [
              -75.21024867777778,
              6.331698911111111
            ],
            [
              -75.21024867777778,
              6.332532244444445
            ],
            [
              -75.21052645555557,
              6.332532244444445
            ],
            [
              -75.21052645555557,
              6.333365577777778
            ],
            [
              -75.21080423333333,
              6.333365577777778
            ],
            [
              -75.21080423333333,
              6.333921133333334
            ],
            [
              -75.21108201111112,
              6.333921133333334
            ],
            [
              -75.21108201111112,
              6.334198911111112
            ],
            [
              -75.2113597888889,
              6.334198911111112
            ],
            [
              -75.2113597888889,
              6.334754466666667
            ],
            [
              -75.21219312222223,
              6.334754466666667
            ],
            [
              -75.21219312222223,
              6.335032244444445
            ],
            [
              -75.2124709,
              6.335032244444445
            ],
            [
              -75.2124709,
              6.334754466666667
            ],
            [
              -75.21302645555556,
              6.334754466666667
            ],
            [
              -75.21302645555556,
              6.335032244444445
            ],
            [
              -75.21330423333335,
              6.335032244444445
            ],
            [
              -75.21330423333335,
              6.335310022222223
            ],
            [
              -75.2138597888889,
              6.335310022222223
            ],
            [
              -75.2138597888889,
              6.335587800000001
            ],
            [
              -75.21413756666668,
              6.335587800000001
            ],
            [
              -75.21413756666668,
              6.335865577777779
            ],
            [
              -75.21441534444445,
              6.335865577777779
            ],
            [
              -75.21441534444445,
              6.336976688888889
            ],
            [
              -75.21413756666668,
              6.336976688888889
            ],
            [
              -75.21413756666668,
              6.3378100222222225
            ],
            [
              -75.21469312222223,
              6.3378100222222225
            ],
            [
              -75.21469312222223,
              6.338365577777778
            ],
            [
              -75.21497090000001,
              6.338365577777778
            ],
            [
              -75.21497090000001,
              6.338643355555556
            ],
            [
              -75.21524867777778,
              6.338643355555556
            ],
            [
              -75.21524867777778,
              6.339476688888889
            ],
            [
              -75.21580423333334,
              6.339476688888889
            ],
            [
              -75.21580423333334,
              6.339754466666667
            ],
            [
              -75.21608201111111,
              6.339754466666667
            ],
            [
              -75.21608201111111,
              6.340032244444445
            ],
            [
              -75.2163597888889,
              6.340032244444445
            ],
            [
              -75.2163597888889,
              6.3408655777777785
            ],
            [
              -75.21774867777778,
              6.3408655777777785
            ],
            [
              -75.21774867777778,
              6.340587800000001
            ],
            [
              -75.21858201111112,
              6.340587800000001
            ],
            [
              -75.21858201111112,
              6.341143355555556
            ],
            [
              -75.21885978888889,
              6.341143355555556
            ],
            [
              -75.21885978888889,
              6.342254466666667
            ],
            [
              -75.21913756666667,
              6.342254466666667
            ],
            [
              -75.21913756666667,
              6.3430878
            ],
            [
              -75.21941534444446,
              6.3430878
            ],
            [
              -75.21941534444446,
              6.342810022222222
            ],
            [
              -75.22024867777779,
              6.342810022222222
            ],
            [
              -75.22024867777779,
              6.3430878
            ],
            [
              -75.22080423333334,
              6.3430878
            ],
            [
              -75.22080423333334,
              6.343365577777778
            ],
            [
              -75.22108201111112,
              6.343365577777778
            ],
            [
              -75.22108201111112,
              6.343643355555556
            ],
            [
              -75.22135978888889,
              6.343643355555556
            ],
            [
              -75.22135978888889,
              6.3441989111111114
            ],
            [
              -75.22163756666667,
              6.3441989111111114
            ],
            [
              -75.22163756666667,
              6.344476688888889
            ],
            [
              -75.22191534444445,
              6.344476688888889
            ],
            [
              -75.22191534444445,
              6.344754466666667
            ],
            [
              -75.22219312222222,
              6.344754466666667
            ],
            [
              -75.22219312222222,
              6.345032244444445
            ],
            [
              -75.2224709,
              6.345032244444445
            ],
            [
              -75.2224709,
              6.345310022222223
            ],
            [
              -75.22302645555556,
              6.345310022222223
            ],
            [
              -75.22302645555556,
              6.3455878000000006
            ],
            [
              -75.22358201111112,
              6.3455878000000006
            ],
            [
              -75.22358201111112,
              6.345865577777778
            ],
            [
              -75.22413756666667,
              6.345865577777778
            ],
            [
              -75.22413756666667,
              6.346143355555556
            ],
            [
              -75.22441534444445,
              6.346143355555556
            ],
            [
              -75.22441534444445,
              6.346698911111112
            ],
            [
              -75.2249709,
              6.346698911111112
            ],
            [
              -75.2249709,
              6.34697668888889
            ],
            [
              -75.22524867777778,
              6.34697668888889
            ],
            [
              -75.22524867777778,
              6.3480878
            ],
            [
              -75.22552645555557,
              6.3480878
            ],
            [
              -75.22552645555557,
              6.348643355555556
            ],
            [
              -75.22580423333333,
              6.348643355555556
            ],
            [
              -75.22580423333333,
              6.349198911111111
            ],
            [
              -75.22774867777778,
              6.349198911111111
            ],
            [
              -75.22774867777778,
              6.349476688888889
            ],
            [
              -75.2288597888889,
              6.349476688888889
            ],
            [
              -75.2288597888889,
              6.349198911111111
            ],
            [
              -75.22941534444445,
              6.349198911111111
            ],
            [
              -75.22941534444445,
              6.3489211333333335
            ],
            [
              -75.23052645555556,
              6.3489211333333335
            ],
            [
              -75.23052645555556,
              6.349198911111111
            ],
            [
              -75.2313597888889,
              6.349198911111111
            ],
            [
              -75.2313597888889,
              6.3489211333333335
            ],
            [
              -75.23163756666668,
              6.3489211333333335
            ],
            [
              -75.23163756666668,
              6.348643355555556
            ],
            [
              -75.23191534444445,
              6.348643355555556
            ],
            [
              -75.23191534444445,
              6.348365577777778
            ],
            [
              -75.23247090000001,
              6.348365577777778
            ],
            [
              -75.23247090000001,
              6.3480878
            ],
            [
              -75.23302645555556,
              6.3480878
            ],
            [
              -75.23302645555556,
              6.3489211333333335
            ],
            [
              -75.23330423333334,
              6.3489211333333335
            ],
            [
              -75.23330423333334,
              6.350310022222223
            ],
            [
              -75.23302645555556,
              6.350310022222223
            ],
            [
              -75.23302645555556,
              6.3505878000000004
            ],
            [
              -75.23274867777778,
              6.3505878000000004
            ],
            [
              -75.23274867777778,
              6.351143355555556
            ],
            [
              -75.23608201111112,
              6.351143355555556
            ],
            [
              -75.23608201111112,
              6.350865577777778
            ],
            [
              -75.23635978888889,
              6.350865577777778
            ],
            [
              -75.23635978888889,
              6.350310022222223
            ],
            [
              -75.23774867777779,
              6.350310022222223
            ],
            [
              -75.23774867777779,
              6.350032244444445
            ],
            [
              -75.23802645555556,
              6.350032244444445
            ],
            [
              -75.23802645555556,
              6.3489211333333335
            ],
            [
              -75.23858201111112,
              6.3489211333333335
            ],
            [
              -75.23858201111112,
              6.348643355555556
            ],
            [
              -75.2388597888889,
              6.348643355555556
            ],
            [
              -75.2388597888889,
              6.347810022222222
            ],
            [
              -75.23913756666667,
              6.347810022222222
            ],
            [
              -75.23913756666667,
              6.347532244444444
            ],
            [
              -75.23941534444445,
              6.347532244444444
            ],
            [
              -75.23941534444445,
              6.3455878000000006
            ],
            [
              -75.23969312222223,
              6.3455878000000006
            ],
            [
              -75.23969312222223,
              6.345310022222223
            ],
            [
              -75.2399709,
              6.345310022222223
            ],
            [
              -75.2399709,
              6.345032244444445
            ],
            [
              -75.24024867777779,
              6.345032244444445
            ],
            [
              -75.24024867777779,
              6.344754466666667
            ],
            [
              -75.24052645555557,
              6.344754466666667
            ],
            [
              -75.24052645555557,
              6.343921133333334
            ],
            [
              -75.24080423333334,
              6.343921133333334
            ],
            [
              -75.24080423333334,
              6.343643355555556
            ],
            [
              -75.24108201111112,
              6.343643355555556
            ],
            [
              -75.24108201111112,
              6.342254466666667
            ],
            [
              -75.24191534444445,
              6.342254466666667
            ],
            [
              -75.24191534444445,
              6.34197668888889
            ],
            [
              -75.24219312222223,
              6.34197668888889
            ],
            [
              -75.24219312222223,
              6.341698911111111
            ],
            [
              -75.2424709,
              6.341698911111111
            ],
            [
              -75.2424709,
              6.341421133333334
            ],
            [
              -75.24274867777778,
              6.341421133333334
            ],
            [
              -75.24274867777778,
              6.341143355555556
            ],
            [
              -75.24330423333333,
              6.341143355555556
            ],
            [
              -75.24330423333333,
              6.3408655777777785
            ],
            [
              -75.24413756666668,
              6.3408655777777785
            ],
            [
              -75.24413756666668,
              6.340587800000001
            ],
            [
              -75.24524867777778,
              6.340587800000001
            ],
            [
              -75.24524867777778,
              6.340032244444445
            ],
            [
              -75.24552645555556,
              6.340032244444445
            ],
            [
              -75.24552645555556,
              6.336976688888889
            ],
            [
              -75.24524867777778,
              6.336976688888889
            ],
            [
              -75.24524867777778,
              6.336698911111111
            ],
            [
              -75.24552645555556,
              6.336698911111111
            ],
            [
              -75.24552645555556,
              6.335310022222223
            ],
            [
              -75.24524867777778,
              6.335310022222223
            ],
            [
              -75.24524867777778,
              6.3344766888888895
            ],
            [
              -75.24497090000001,
              6.3344766888888895
            ],
            [
              -75.24497090000001,
              6.333643355555556
            ],
            [
              -75.24469312222223,
              6.333643355555556
            ],
            [
              -75.24469312222223,
              6.333365577777778
            ],
            [
              -75.24497090000001,
              6.333365577777778
            ],
            [
              -75.24497090000001,
              6.3330878
            ],
            [
              -75.24524867777778,
              6.3330878
            ],
            [
              -75.24524867777778,
              6.332254466666667
            ],
            [
              -75.24552645555556,
              6.332254466666667
            ],
            [
              -75.24552645555556,
              6.3305878
            ],
            [
              -75.24608201111111,
              6.3305878
            ],
            [
              -75.24608201111111,
              6.329754466666667
            ],
            [
              -75.24663756666668,
              6.329754466666667
            ],
            [
              -75.24663756666668,
              6.330032244444445
            ],
            [
              -75.24691534444445,
              6.330032244444445
            ],
            [
              -75.24691534444445,
              6.330310022222223
            ],
            [
              -75.24719312222223,
              6.330310022222223
            ],
            [
              -75.24719312222223,
              6.3305878
            ],
            [
              -75.24747090000001,
              6.3305878
            ],
            [
              -75.24747090000001,
              6.330865577777778
            ],
            [
              -75.24802645555556,
              6.330865577777778
            ],
            [
              -75.24802645555556,
              6.331143355555556
            ],
            [
              -75.24830423333334,
              6.331143355555556
            ],
            [
              -75.24830423333334,
              6.3314211333333335
            ],
            [
              -75.25108201111112,
              6.3314211333333335
            ],
            [
              -75.25108201111112,
              6.331698911111111
            ],
            [
              -75.25219312222222,
              6.331698911111111
            ],
            [
              -75.25219312222222,
              6.3314211333333335
            ],
            [
              -75.25302645555556,
              6.3314211333333335
            ],
            [
              -75.25302645555556,
              6.331143355555556
            ],
            [
              -75.25330423333334,
              6.331143355555556
            ],
            [
              -75.25330423333334,
              6.330865577777778
            ],
            [
              -75.25385978888889,
              6.330865577777778
            ],
            [
              -75.25385978888889,
              6.331698911111111
            ],
            [
              -75.25413756666667,
              6.331698911111111
            ],
            [
              -75.25413756666667,
              6.332254466666667
            ],
            [
              -75.25469312222224,
              6.332254466666667
            ],
            [
              -75.25469312222224,
              6.331976688888889
            ],
            [
              -75.25524867777779,
              6.331976688888889
            ],
            [
              -75.25524867777779,
              6.332254466666667
            ],
            [
              -75.25552645555557,
              6.332254466666667
            ],
            [
              -75.25552645555557,
              6.332532244444445
            ],
            [
              -75.25608201111112,
              6.332532244444445
            ],
            [
              -75.25608201111112,
              6.332810022222223
            ],
            [
              -75.2563597888889,
              6.332810022222223
            ],
            [
              -75.2563597888889,
              6.332532244444445
            ],
            [
              -75.2574709,
              6.332532244444445
            ],
            [
              -75.2574709,
              6.332810022222223
            ],
            [
              -75.25774867777778,
              6.332810022222223
            ],
            [
              -75.25774867777778,
              6.3330878
            ],
            [
              -75.2588597888889,
              6.3330878
            ],
            [
              -75.2588597888889,
              6.333365577777778
            ],
            [
              -75.25913756666667,
              6.333365577777778
            ],
            [
              -75.25913756666667,
              6.334198911111112
            ],
            [
              -75.25969312222223,
              6.334198911111112
            ],
            [
              -75.25969312222223,
              6.3344766888888895
            ],
            [
              -75.25997090000001,
              6.3344766888888895
            ],
            [
              -75.25997090000001,
              6.334754466666667
            ],
            [
              -75.26108201111111,
              6.334754466666667
            ],
            [
              -75.26108201111111,
              6.335587800000001
            ],
            [
              -75.26080423333335,
              6.335587800000001
            ],
            [
              -75.26080423333335,
              6.335865577777779
            ],
            [
              -75.26052645555556,
              6.335865577777779
            ],
            [
              -75.26052645555556,
              6.336143355555556
            ],
            [
              -75.26024867777778,
              6.336143355555556
            ],
            [
              -75.26024867777778,
              6.336421133333333
            ],
            [
              -75.25997090000001,
              6.336421133333333
            ],
            [
              -75.25997090000001,
              6.336698911111111
            ],
            [
              -75.26024867777778,
              6.336698911111111
            ],
            [
              -75.26024867777778,
              6.337254466666667
            ],
            [
              -75.26052645555556,
              6.337254466666667
            ],
            [
              -75.26052645555556,
              6.3378100222222225
            ],
            [
              -75.26024867777778,
              6.3378100222222225
            ],
            [
              -75.26024867777778,
              6.338365577777778
            ],
            [
              -75.25997090000001,
              6.338365577777778
            ],
            [
              -75.25997090000001,
              6.338643355555556
            ],
            [
              -75.25969312222223,
              6.338643355555556
            ],
            [
              -75.25969312222223,
              6.341143355555556
            ],
            [
              -75.25941534444445,
              6.341143355555556
            ],
            [
              -75.25941534444445,
              6.341698911111111
            ],
            [
              -75.25913756666667,
              6.341698911111111
            ],
            [
              -75.25913756666667,
              6.34197668888889
            ],
            [
              -75.2588597888889,
              6.34197668888889
            ],
            [
              -75.2588597888889,
              6.343365577777778
            ],
            [
              -75.25913756666667,
              6.343365577777778
            ],
            [
              -75.25913756666667,
              6.3441989111111114
            ],
            [
              -75.25941534444445,
              6.3441989111111114
            ],
            [
              -75.25941534444445,
              6.344754466666667
            ],
            [
              -75.25969312222223,
              6.344754466666667
            ],
            [
              -75.25969312222223,
              6.3455878000000006
            ],
            [
              -75.25997090000001,
              6.3455878000000006
            ],
            [
              -75.25997090000001,
              6.345865577777778
            ],
            [
              -75.26024867777778,
              6.345865577777778
            ],
            [
              -75.26024867777778,
              6.34697668888889
            ],
            [
              -75.25997090000001,
              6.34697668888889
            ],
            [
              -75.25997090000001,
              6.347810022222222
            ],
            [
              -75.25969312222223,
              6.347810022222222
            ],
            [
              -75.25969312222223,
              6.3480878
            ],
            [
              -75.2588597888889,
              6.3480878
            ],
            [
              -75.2588597888889,
              6.348365577777778
            ],
            [
              -75.25858201111112,
              6.348365577777778
            ],
            [
              -75.25858201111112,
              6.3489211333333335
            ],
            [
              -75.25830423333333,
              6.3489211333333335
            ],
            [
              -75.25830423333333,
              6.349476688888889
            ],
            [
              -75.25802645555557,
              6.349476688888889
            ],
            [
              -75.25802645555557,
              6.350032244444445
            ],
            [
              -75.25830423333333,
              6.350032244444445
            ],
            [
              -75.25830423333333,
              6.350310022222223
            ],
            [
              -75.25913756666667,
              6.350310022222223
            ],
            [
              -75.25913756666667,
              6.3505878000000004
            ],
            [
              -75.25969312222223,
              6.3505878000000004
            ],
            [
              -75.25969312222223,
              6.350865577777778
            ],
            [
              -75.26052645555556,
              6.350865577777778
            ],
            [
              -75.26052645555556,
              6.351143355555556
            ],
            [
              -75.26108201111111,
              6.351143355555556
            ],
            [
              -75.26108201111111,
              6.350865577777778
            ],
            [
              -75.26191534444445,
              6.350865577777778
            ],
            [
              -75.26191534444445,
              6.351143355555556
            ],
            [
              -75.26330423333334,
              6.351143355555556
            ],
            [
              -75.26330423333334,
              6.350865577777778
            ],
            [
              -75.26358201111111,
              6.350865577777778
            ],
            [
              -75.26358201111111,
              6.3505878000000004
            ],
            [
              -75.2638597888889,
              6.3505878000000004
            ],
            [
              -75.2638597888889,
              6.349754466666667
            ],
            [
              -75.26413756666668,
              6.349754466666667
            ],
            [
              -75.26413756666668,
              6.349198911111111
            ],
            [
              -75.26441534444444,
              6.349198911111111
            ],
            [
              -75.26441534444444,
              6.3489211333333335
            ],
            [
              -75.26413756666668,
              6.3489211333333335
            ],
            [
              -75.26413756666668,
              6.347810022222222
            ],
            [
              -75.26441534444444,
              6.347810022222222
            ],
            [
              -75.26441534444444,
              6.347532244444444
            ],
            [
              -75.26469312222223,
              6.347532244444444
            ],
            [
              -75.26469312222223,
              6.3472544666666675
            ],
            [
              -75.26580423333334,
              6.3472544666666675
            ],
            [
              -75.26580423333334,
              6.347532244444444
            ],
            [
              -75.26608201111112,
              6.347532244444444
            ],
            [
              -75.26608201111112,
              6.347810022222222
            ],
            [
              -75.26635978888889,
              6.347810022222222
            ],
            [
              -75.26635978888889,
              6.3480878
            ],
            [
              -75.26802645555556,
              6.3480878
            ],
            [
              -75.26802645555556,
              6.349198911111111
            ],
            [
              -75.26858201111112,
              6.349198911111111
            ],
            [
              -75.26858201111112,
              6.349476688888889
            ],
            [
              -75.26969312222222,
              6.349476688888889
            ],
            [
              -75.26969312222222,
              6.349198911111111
            ],
            [
              -75.2699709,
              6.349198911111111
            ],
            [
              -75.2699709,
              6.3480878
            ],
            [
              -75.26969312222222,
              6.3480878
            ],
            [
              -75.26969312222222,
              6.347532244444444
            ],
            [
              -75.2699709,
              6.347532244444444
            ],
            [
              -75.2699709,
              6.3472544666666675
            ],
            [
              -75.27024867777779,
              6.3472544666666675
            ],
            [
              -75.27024867777779,
              6.34697668888889
            ],
            [
              -75.27080423333334,
              6.34697668888889
            ],
            [
              -75.27080423333334,
              6.346698911111112
            ],
            [
              -75.2713597888889,
              6.346698911111112
            ],
            [
              -75.2713597888889,
              6.346143355555556
            ],
            [
              -75.27080423333334,
              6.346143355555556
            ],
            [
              -75.27080423333334,
              6.344754466666667
            ],
            [
              -75.2713597888889,
              6.344754466666667
            ],
            [
              -75.2713597888889,
              6.3441989111111114
            ],
            [
              -75.27274867777778,
              6.3441989111111114
            ],
            [
              -75.27274867777778,
              6.343921133333334
            ],
            [
              -75.27441534444445,
              6.343921133333334
            ],
            [
              -75.27441534444445,
              6.3441989111111114
            ],
            [
              -75.27524867777778,
              6.3441989111111114
            ],
            [
              -75.27524867777778,
              6.345032244444445
            ],
            [
              -75.27580423333335,
              6.345032244444445
            ],
            [
              -75.27580423333335,
              6.345310022222223
            ],
            [
              -75.27608201111111,
              6.345310022222223
            ],
            [
              -75.27608201111111,
              6.345865577777778
            ],
            [
              -75.27830423333334,
              6.345865577777778
            ],
            [
              -75.27830423333334,
              6.3455878000000006
            ],
            [
              -75.27858201111111,
              6.3455878000000006
            ],
            [
              -75.27858201111111,
              6.345310022222223
            ],
            [
              -75.27913756666668,
              6.345310022222223
            ],
            [
              -75.27913756666668,
              6.3455878000000006
            ],
            [
              -75.28108201111112,
              6.3455878000000006
            ],
            [
              -75.28108201111112,
              6.345865577777778
            ],
            [
              -75.28135978888889,
              6.345865577777778
            ],
            [
              -75.28135978888889,
              6.346143355555556
            ],
            [
              -75.28191534444446,
              6.346143355555556
            ],
            [
              -75.28191534444446,
              6.346421133333334
            ],
            [
              -75.28219312222222,
              6.346421133333334
            ],
            [
              -75.28219312222222,
              6.3472544666666675
            ],
            [
              -75.2824709,
              6.3472544666666675
            ],
            [
              -75.2824709,
              6.347532244444444
            ],
            [
              -75.28274867777779,
              6.347532244444444
            ],
            [
              -75.28274867777779,
              6.347810022222222
            ],
            [
              -75.28302645555556,
              6.347810022222222
            ],
            [
              -75.28302645555556,
              6.3480878
            ],
            [
              -75.28330423333334,
              6.3480878
            ],
            [
              -75.28330423333334,
              6.348643355555556
            ],
            [
              -75.28441534444445,
              6.348643355555556
            ],
            [
              -75.28441534444445,
              6.348365577777778
            ],
            [
              -75.2863597888889,
              6.348365577777778
            ],
            [
              -75.2863597888889,
              6.349198911111111
            ],
            [
              -75.28608201111112,
              6.349198911111111
            ],
            [
              -75.28608201111112,
              6.350310022222223
            ],
            [
              -75.28663756666667,
              6.350310022222223
            ],
            [
              -75.28663756666667,
              6.3505878000000004
            ],
            [
              -75.2874709,
              6.3505878000000004
            ],
            [
              -75.2874709,
              6.350865577777778
            ],
            [
              -75.28774867777778,
              6.350865577777778
            ],
            [
              -75.28774867777778,
              6.351421133333334
            ],
            [
              -75.28802645555557,
              6.351421133333334
            ],
            [
              -75.28802645555557,
              6.351698911111112
            ],
            [
              -75.2888597888889,
              6.351698911111112
            ],
            [
              -75.2888597888889,
              6.3519766888888896
            ],
            [
              -75.28941534444445,
              6.3519766888888896
            ],
            [
              -75.28941534444445,
              6.352254466666667
            ],
            [
              -75.29024867777778,
              6.352254466666667
            ],
            [
              -75.29024867777778,
              6.352532244444445
            ],
            [
              -75.29052645555556,
              6.352532244444445
            ],
            [
              -75.29052645555556,
              6.353087800000001
            ],
            [
              -75.29080423333333,
              6.353087800000001
            ],
            [
              -75.29080423333333,
              6.353643355555556
            ],
            [
              -75.29108201111111,
              6.353643355555556
            ],
            [
              -75.29108201111111,
              6.354198911111111
            ],
            [
              -75.29302645555556,
              6.354198911111111
            ],
            [
              -75.29302645555556,
              6.353921133333333
            ],
            [
              -75.29358201111111,
              6.353921133333333
            ],
            [
              -75.29358201111111,
              6.353643355555556
            ],
            [
              -75.2938597888889,
              6.353643355555556
            ],
            [
              -75.2938597888889,
              6.353365577777778
            ],
            [
              -75.29413756666668,
              6.353365577777778
            ],
            [
              -75.29413756666668,
              6.353087800000001
            ],
            [
              -75.29441534444445,
              6.353087800000001
            ],
            [
              -75.29441534444445,
              6.352254466666667
            ],
            [
              -75.29469312222223,
              6.352254466666667
            ],
            [
              -75.29469312222223,
              6.352532244444445
            ],
            [
              -75.29497090000001,
              6.352532244444445
            ],
            [
              -75.29497090000001,
              6.353365577777778
            ],
            [
              -75.29524867777778,
              6.353365577777778
            ],
            [
              -75.29524867777778,
              6.354198911111111
            ],
            [
              -75.29552645555556,
              6.354198911111111
            ],
            [
              -75.29552645555556,
              6.354754466666667
            ],
            [
              -75.29608201111111,
              6.354754466666667
            ],
            [
              -75.29608201111111,
              6.356143355555556
            ],
            [
              -75.29635978888889,
              6.356143355555556
            ],
            [
              -75.29635978888889,
              6.356421133333334
            ],
            [
              -75.29663756666667,
              6.356421133333334
            ],
            [
              -75.29663756666667,
              6.357254466666667
            ],
            [
              -75.29691534444446,
              6.357254466666667
            ],
            [
              -75.29691534444446,
              6.357532244444445
            ],
            [
              -75.29719312222223,
              6.357532244444445
            ],
            [
              -75.29719312222223,
              6.3583655777777786
            ],
            [
              -75.29747090000001,
              6.3583655777777786
            ],
            [
              -75.29747090000001,
              6.359198911111111
            ],
            [
              -75.29774867777779,
              6.359198911111111
            ],
            [
              -75.29774867777779,
              6.359476688888889
            ],
            [
              -75.29885978888889,
              6.359476688888889
            ],
            [
              -75.29885978888889,
              6.359754466666667
            ],
            [
              -75.29913756666667,
              6.359754466666667
            ],
            [
              -75.29913756666667,
              6.360865577777778
            ],
            [
              -75.29941534444445,
              6.360865577777778
            ],
            [
              -75.29941534444445,
              6.361143355555556
            ],
            [
              -75.2999709,
              6.361143355555556
            ],
            [
              -75.2999709,
              6.361421133333334
            ],
            [
              -75.30024867777779,
              6.361421133333334
            ],
            [
              -75.30024867777779,
              6.361976688888889
            ],
            [
              -75.2999709,
              6.361976688888889
            ],
            [
              -75.2999709,
              6.363087800000001
            ],
            [
              -75.30024867777779,
              6.363087800000001
            ],
            [
              -75.30024867777779,
              6.364198911111112
            ],
            [
              -75.30052645555556,
              6.364198911111112
            ],
            [
              -75.30052645555556,
              6.364476688888889
            ],
            [
              -75.30219312222223,
              6.364476688888889
            ],
            [
              -75.30219312222223,
              6.3650322444444445
            ],
            [
              -75.30274867777779,
              6.3650322444444445
            ],
            [
              -75.30274867777779,
              6.365865577777778
            ],
            [
              -75.30302645555557,
              6.365865577777778
            ],
            [
              -75.30302645555557,
              6.366698911111111
            ],
            [
              -75.30274867777779,
              6.366698911111111
            ],
            [
              -75.30274867777779,
              6.367254466666667
            ],
            [
              -75.30302645555557,
              6.367254466666667
            ],
            [
              -75.30302645555557,
              6.3680878000000005
            ],
            [
              -75.30274867777779,
              6.3680878000000005
            ],
            [
              -75.30274867777779,
              6.368365577777778
            ],
            [
              -75.3024709,
              6.368365577777778
            ],
            [
              -75.3024709,
              6.369198911111112
            ],
            [
              -75.30219312222223,
              6.369198911111112
            ],
            [
              -75.30219312222223,
              6.36947668888889
            ],
            [
              -75.3024709,
              6.36947668888889
            ],
            [
              -75.3024709,
              6.370032244444445
            ],
            [
              -75.30274867777779,
              6.370032244444445
            ],
            [
              -75.30274867777779,
              6.370310022222222
            ],
            [
              -75.3038597888889,
              6.370310022222222
            ],
            [
              -75.3038597888889,
              6.3705878
            ],
            [
              -75.30413756666667,
              6.3705878
            ],
            [
              -75.30413756666667,
              6.370865577777778
            ],
            [
              -75.30469312222223,
              6.370865577777778
            ],
            [
              -75.30469312222223,
              6.371143355555556
            ],
            [
              -75.30552645555557,
              6.371143355555556
            ],
            [
              -75.30552645555557,
              6.3714211333333335
            ],
            [
              -75.30691534444445,
              6.3714211333333335
            ]
          ],
          [
            [
              -75.32274867777778,
              6.3408655777777785
            ],
            [
              -75.32247090000001,
              6.3408655777777785
            ],
            [
              -75.32247090000001,
              6.340587800000001
            ],
            [
              -75.32274867777778,
              6.340587800000001
            ],
            [
              -75.32274867777778,
              6.3408655777777785
            ]
          ]
        ]
      }
    }
  ]
}